timestamp,vm_id,min_cpu,max_cpu,avg_cpu,timestamp vm created,timestamp vm deleted,p95 max cpu,vm_category,vm virtual core count,vm memory (gb)
0,acNe1yiWIYqeezhBFm0Kia0kS0EYP21EUTHo2K9FFqDh6OPkJH9jbNkeysbE0D8X,2.801383,3.044537,3.903295,0,1806000,23.429828,Interactive,1,1.75
300,acNe1yiWIYqeezhBFm0Kia0kS0EYP21EUTHo2K9FFqDh6OPkJH9jbNkeysbE0D8X,2.81034,3.709279,7.075209,0,1806000,23.429828,Interactive,1,1.75
600,acNe1yiWIYqeezhBFm0Kia0kS0EYP21EUTHo2K9FFqDh6OPkJH9jbNkeysbE0D8X,2.8933720000000003,3.108051,3.732456,0,1806000,23.429828,Interactive,1,1.75
900,acNe1yiWIYqeezhBFm0Kia0kS0EYP21EUTHo2K9FFqDh6OPkJH9jbNkeysbE0D8X,2.85169,3.037042,3.693767,0,1806000,23.429828,Interactive,1,1.75
1200,acNe1yiWIYqeezhBFm0Kia0kS0EYP21EUTHo2K9FFqDh6OPkJH9jbNkeysbE0D8X,2.846677,3.129165,3.978321,0,1806000,23.429828,Interactive,1,1.75
1500,acNe1yiWIYqeezhBFm0Kia0kS0EYP21EUTHo2K9FFqDh6OPkJH9jbNkeysbE0D8X,3.141888,3.800916,4.582485,0,1806000,23.429828,Interactive,1,1.75
1800,acNe1yiWIYqeezhBFm0Kia0kS0EYP21EUTHo2K9FFqDh6OPkJH9jbNkeysbE0D8X,3.44411,3.779477,4.668786,0,1806000,23.429828,Interactive,1,1.75
2100,acNe1yiWIYqeezhBFm0Kia0kS0EYP21EUTHo2K9FFqDh6OPkJH9jbNkeysbE0D8X,3.035801,3.895173,4.738048,0,1806000,23.429828,Interactive,1,1.75
2400,acNe1yiWIYqeezhBFm0Kia0kS0EYP21EUTHo2K9FFqDh6OPkJH9jbNkeysbE0D8X,3.472386,3.865503,4.499714,0,1806000,23.429828,Interactive,1,1.75
2700,acNe1yiWIYqeezhBFm0Kia0kS0EYP21EUTHo2K9FFqDh6OPkJH9jbNkeysbE0D8X,3.201988,3.857523000000001,4.531089,0,1806000,23.429828,Interactive,1,1.75
3000,acNe1yiWIYqeezhBFm0Kia0kS0EYP21EUTHo2K9FFqDh6OPkJH9jbNkeysbE0D8X,3.301821,3.950792,4.901884,0,1806000,23.429828,Interactive,1,1.75
3300,acNe1yiWIYqeezhBFm0Kia0kS0EYP21EUTHo2K9FFqDh6OPkJH9jbNkeysbE0D8X,3.432686,3.882169,4.511762999999999,0,1806000,23.429828,Interactive,1,1.75
3600,acNe1yiWIYqeezhBFm0Kia0kS0EYP21EUTHo2K9FFqDh6OPkJH9jbNkeysbE0D8X,2.976099,3.816391,4.921963,0,1806000,23.429828,Interactive,1,1.75
3900,acNe1yiWIYqeezhBFm0Kia0kS0EYP21EUTHo2K9FFqDh6OPkJH9jbNkeysbE0D8X,3.524497,4.536236,9.328028,0,1806000,23.429828,Interactive,1,1.75
4200,acNe1yiWIYqeezhBFm0Kia0kS0EYP21EUTHo2K9FFqDh6OPkJH9jbNkeysbE0D8X,3.484196,3.948699,4.588944000000001,0,1806000,23.429828,Interactive,1,1.75
4500,acNe1yiWIYqeezhBFm0Kia0kS0EYP21EUTHo2K9FFqDh6OPkJH9jbNkeysbE0D8X,3.50812,3.766471,4.551006,0,1806000,23.429828,Interactive,1,1.75
4800,acNe1yiWIYqeezhBFm0Kia0kS0EYP21EUTHo2K9FFqDh6OPkJH9jbNkeysbE0D8X,3.4246830000000004,4.0133790000000005,4.870895,0,1806000,23.429828,Interactive,1,1.75
5100,acNe1yiWIYqeezhBFm0Kia0kS0EYP21EUTHo2K9FFqDh6OPkJH9jbNkeysbE0D8X,3.529414,3.918144,4.720435,0,1806000,23.429828,Interactive,1,1.75
5400,acNe1yiWIYqeezhBFm0Kia0kS0EYP21EUTHo2K9FFqDh6OPkJH9jbNkeysbE0D8X,3.31869,3.812065,4.819113,0,1806000,23.429828,Interactive,1,1.75
5700,acNe1yiWIYqeezhBFm0Kia0kS0EYP21EUTHo2K9FFqDh6OPkJH9jbNkeysbE0D8X,3.536745,4.0042800000000005,4.989557,0,1806000,23.429828,Interactive,1,1.75
6000,acNe1yiWIYqeezhBFm0Kia0kS0EYP21EUTHo2K9FFqDh6OPkJH9jbNkeysbE0D8X,3.646059,3.997059,4.4429050000000005,0,1806000,23.429828,Interactive,1,1.75
6300,acNe1yiWIYqeezhBFm0Kia0kS0EYP21EUTHo2K9FFqDh6OPkJH9jbNkeysbE0D8X,3.58471,3.970484,4.796399,0,1806000,23.429828,Interactive,1,1.75
6600,acNe1yiWIYqeezhBFm0Kia0kS0EYP21EUTHo2K9FFqDh6OPkJH9jbNkeysbE0D8X,3.521564,3.986278,5.041634999999999,0,1806000,23.429828,Interactive,1,1.75
6900,acNe1yiWIYqeezhBFm0Kia0kS0EYP21EUTHo2K9FFqDh6OPkJH9jbNkeysbE0D8X,2.477219,3.644865,4.565785,0,1806000,23.429828,Interactive,1,1.75
7200,acNe1yiWIYqeezhBFm0Kia0kS0EYP21EUTHo2K9FFqDh6OPkJH9jbNkeysbE0D8X,2.819207,3.749965,4.579899,0,1806000,23.429828,Interactive,1,1.75
7500,acNe1yiWIYqeezhBFm0Kia0kS0EYP21EUTHo2K9FFqDh6OPkJH9jbNkeysbE0D8X,3.3301550000000004,4.565823,9.161312,0,1806000,23.429828,Interactive,1,1.75
7800,acNe1yiWIYqeezhBFm0Kia0kS0EYP21EUTHo2K9FFqDh6OPkJH9jbNkeysbE0D8X,3.5671230000000005,3.970714,4.471464,0,1806000,23.429828,Interactive,1,1.75
8100,acNe1yiWIYqeezhBFm0Kia0kS0EYP21EUTHo2K9FFqDh6OPkJH9jbNkeysbE0D8X,2.818486,3.734054,4.7381720000000005,0,1806000,23.429828,Interactive,1,1.75
8400,acNe1yiWIYqeezhBFm0Kia0kS0EYP21EUTHo2K9FFqDh6OPkJH9jbNkeysbE0D8X,3.499435,3.925315,4.787573,0,1806000,23.429828,Interactive,1,1.75
8700,acNe1yiWIYqeezhBFm0Kia0kS0EYP21EUTHo2K9FFqDh6OPkJH9jbNkeysbE0D8X,3.569881,3.852979,4.42839,0,1806000,23.429828,Interactive,1,1.75
9000,acNe1yiWIYqeezhBFm0Kia0kS0EYP21EUTHo2K9FFqDh6OPkJH9jbNkeysbE0D8X,3.37055,3.815045,4.690167,0,1806000,23.429828,Interactive,1,1.75
9300,acNe1yiWIYqeezhBFm0Kia0kS0EYP21EUTHo2K9FFqDh6OPkJH9jbNkeysbE0D8X,3.247692,3.809974,4.7862860000000005,0,1806000,23.429828,Interactive,1,1.75
9600,acNe1yiWIYqeezhBFm0Kia0kS0EYP21EUTHo2K9FFqDh6OPkJH9jbNkeysbE0D8X,3.140089,3.822461,4.570711,0,1806000,23.429828,Interactive,1,1.75
9900,acNe1yiWIYqeezhBFm0Kia0kS0EYP21EUTHo2K9FFqDh6OPkJH9jbNkeysbE0D8X,3.576201,3.909384,4.581097,0,1806000,23.429828,Interactive,1,1.75
10200,acNe1yiWIYqeezhBFm0Kia0kS0EYP21EUTHo2K9FFqDh6OPkJH9jbNkeysbE0D8X,3.702341000000001,4.120644,4.933049,0,1806000,23.429828,Interactive,1,1.75
10500,acNe1yiWIYqeezhBFm0Kia0kS0EYP21EUTHo2K9FFqDh6OPkJH9jbNkeysbE0D8X,3.496467,3.872194,4.476874,0,1806000,23.429828,Interactive,1,1.75
10800,acNe1yiWIYqeezhBFm0Kia0kS0EYP21EUTHo2K9FFqDh6OPkJH9jbNkeysbE0D8X,3.26499,3.802576,4.685658999999999,0,1806000,23.429828,Interactive,1,1.75
11100,acNe1yiWIYqeezhBFm0Kia0kS0EYP21EUTHo2K9FFqDh6OPkJH9jbNkeysbE0D8X,2.745275,4.456953,9.372341,0,1806000,23.429828,Interactive,1,1.75
11400,acNe1yiWIYqeezhBFm0Kia0kS0EYP21EUTHo2K9FFqDh6OPkJH9jbNkeysbE0D8X,3.507213,3.9556,4.559753,0,1806000,23.429828,Interactive,1,1.75
11700,acNe1yiWIYqeezhBFm0Kia0kS0EYP21EUTHo2K9FFqDh6OPkJH9jbNkeysbE0D8X,3.142147,3.769463,4.607582,0,1806000,23.429828,Interactive,1,1.75
12000,acNe1yiWIYqeezhBFm0Kia0kS0EYP21EUTHo2K9FFqDh6OPkJH9jbNkeysbE0D8X,3.291749,3.900014,5.010366,0,1806000,23.429828,Interactive,1,1.75
12300,acNe1yiWIYqeezhBFm0Kia0kS0EYP21EUTHo2K9FFqDh6OPkJH9jbNkeysbE0D8X,3.542834,3.95496,4.496846,0,1806000,23.429828,Interactive,1,1.75
12600,acNe1yiWIYqeezhBFm0Kia0kS0EYP21EUTHo2K9FFqDh6OPkJH9jbNkeysbE0D8X,3.340175,3.762402,4.346577,0,1806000,23.429828,Interactive,1,1.75
12900,acNe1yiWIYqeezhBFm0Kia0kS0EYP21EUTHo2K9FFqDh6OPkJH9jbNkeysbE0D8X,3.298665,3.870992,4.718936,0,1806000,23.429828,Interactive,1,1.75
13200,acNe1yiWIYqeezhBFm0Kia0kS0EYP21EUTHo2K9FFqDh6OPkJH9jbNkeysbE0D8X,3.3601050000000003,3.868679,4.488466000000001,0,1806000,23.429828,Interactive,1,1.75
13500,acNe1yiWIYqeezhBFm0Kia0kS0EYP21EUTHo2K9FFqDh6OPkJH9jbNkeysbE0D8X,3.456947,3.877693,4.31371,0,1806000,23.429828,Interactive,1,1.75
13800,acNe1yiWIYqeezhBFm0Kia0kS0EYP21EUTHo2K9FFqDh6OPkJH9jbNkeysbE0D8X,3.309453,3.883789,4.835913,0,1806000,23.429828,Interactive,1,1.75
14100,acNe1yiWIYqeezhBFm0Kia0kS0EYP21EUTHo2K9FFqDh6OPkJH9jbNkeysbE0D8X,3.327463,3.844871,4.510925,0,1806000,23.429828,Interactive,1,1.75
14400,acNe1yiWIYqeezhBFm0Kia0kS0EYP21EUTHo2K9FFqDh6OPkJH9jbNkeysbE0D8X,3.0561540000000003,3.659041,4.368503,0,1806000,23.429828,Interactive,1,1.75
14700,acNe1yiWIYqeezhBFm0Kia0kS0EYP21EUTHo2K9FFqDh6OPkJH9jbNkeysbE0D8X,3.4549410000000003,4.531926,8.892519,0,1806000,23.429828,Interactive,1,1.75
15000,acNe1yiWIYqeezhBFm0Kia0kS0EYP21EUTHo2K9FFqDh6OPkJH9jbNkeysbE0D8X,2.758019,3.856923,4.422719,0,1806000,23.429828,Interactive,1,1.75
15300,acNe1yiWIYqeezhBFm0Kia0kS0EYP21EUTHo2K9FFqDh6OPkJH9jbNkeysbE0D8X,3.190881,3.844518,4.493901999999999,0,1806000,23.429828,Interactive,1,1.75
15600,acNe1yiWIYqeezhBFm0Kia0kS0EYP21EUTHo2K9FFqDh6OPkJH9jbNkeysbE0D8X,3.384088,3.916758,4.728228,0,1806000,23.429828,Interactive,1,1.75
15900,acNe1yiWIYqeezhBFm0Kia0kS0EYP21EUTHo2K9FFqDh6OPkJH9jbNkeysbE0D8X,3.466426,3.944034,4.304965,0,1806000,23.429828,Interactive,1,1.75
16200,acNe1yiWIYqeezhBFm0Kia0kS0EYP21EUTHo2K9FFqDh6OPkJH9jbNkeysbE0D8X,3.5113300000000005,3.845534,4.499189,0,1806000,23.429828,Interactive,1,1.75
16500,acNe1yiWIYqeezhBFm0Kia0kS0EYP21EUTHo2K9FFqDh6OPkJH9jbNkeysbE0D8X,3.482681,3.877686,4.773292,0,1806000,23.429828,Interactive,1,1.75
16800,acNe1yiWIYqeezhBFm0Kia0kS0EYP21EUTHo2K9FFqDh6OPkJH9jbNkeysbE0D8X,3.495732,3.852434,4.315382,0,1806000,23.429828,Interactive,1,1.75
17100,acNe1yiWIYqeezhBFm0Kia0kS0EYP21EUTHo2K9FFqDh6OPkJH9jbNkeysbE0D8X,2.283163,3.734772,4.507594999999999,0,1806000,23.429828,Interactive,1,1.75
17400,acNe1yiWIYqeezhBFm0Kia0kS0EYP21EUTHo2K9FFqDh6OPkJH9jbNkeysbE0D8X,2.944971,3.952594,4.778607,0,1806000,23.429828,Interactive,1,1.75
17700,acNe1yiWIYqeezhBFm0Kia0kS0EYP21EUTHo2K9FFqDh6OPkJH9jbNkeysbE0D8X,3.102212,3.864086,4.482545,0,1806000,23.429828,Interactive,1,1.75
18000,acNe1yiWIYqeezhBFm0Kia0kS0EYP21EUTHo2K9FFqDh6OPkJH9jbNkeysbE0D8X,3.289595,3.796949,4.561674,0,1806000,23.429828,Interactive,1,1.75
18300,acNe1yiWIYqeezhBFm0Kia0kS0EYP21EUTHo2K9FFqDh6OPkJH9jbNkeysbE0D8X,2.3824240000000003,4.321077,9.331039,0,1806000,23.429828,Interactive,1,1.75
18600,acNe1yiWIYqeezhBFm0Kia0kS0EYP21EUTHo2K9FFqDh6OPkJH9jbNkeysbE0D8X,3.702869,3.977151,4.606319999999999,0,1806000,23.429828,Interactive,1,1.75
18900,acNe1yiWIYqeezhBFm0Kia0kS0EYP21EUTHo2K9FFqDh6OPkJH9jbNkeysbE0D8X,3.547655,3.917081,4.6287720000000006,0,1806000,23.429828,Interactive,1,1.75
19200,acNe1yiWIYqeezhBFm0Kia0kS0EYP21EUTHo2K9FFqDh6OPkJH9jbNkeysbE0D8X,3.046735,3.963424,4.751217,0,1806000,23.429828,Interactive,1,1.75
19500,acNe1yiWIYqeezhBFm0Kia0kS0EYP21EUTHo2K9FFqDh6OPkJH9jbNkeysbE0D8X,3.62832,3.947964,4.720572,0,1806000,23.429828,Interactive,1,1.75
19800,acNe1yiWIYqeezhBFm0Kia0kS0EYP21EUTHo2K9FFqDh6OPkJH9jbNkeysbE0D8X,3.318545,3.8643,4.612191999999999,0,1806000,23.429828,Interactive,1,1.75
20100,acNe1yiWIYqeezhBFm0Kia0kS0EYP21EUTHo2K9FFqDh6OPkJH9jbNkeysbE0D8X,3.528253,3.946665,4.721893,0,1806000,23.429828,Interactive,1,1.75
20400,acNe1yiWIYqeezhBFm0Kia0kS0EYP21EUTHo2K9FFqDh6OPkJH9jbNkeysbE0D8X,3.051688,3.934546,4.721584,0,1806000,23.429828,Interactive,1,1.75
20700,acNe1yiWIYqeezhBFm0Kia0kS0EYP21EUTHo2K9FFqDh6OPkJH9jbNkeysbE0D8X,3.639187,3.916696,4.364032,0,1806000,23.429828,Interactive,1,1.75
21000,acNe1yiWIYqeezhBFm0Kia0kS0EYP21EUTHo2K9FFqDh6OPkJH9jbNkeysbE0D8X,3.471268,3.950564,4.719229,0,1806000,23.429828,Interactive,1,1.75
21300,acNe1yiWIYqeezhBFm0Kia0kS0EYP21EUTHo2K9FFqDh6OPkJH9jbNkeysbE0D8X,3.571998,3.830915,4.473984,0,1806000,23.429828,Interactive,1,1.75
21600,acNe1yiWIYqeezhBFm0Kia0kS0EYP21EUTHo2K9FFqDh6OPkJH9jbNkeysbE0D8X,3.294577,3.780849,4.597512999999999,0,1806000,23.429828,Interactive,1,1.75
21900,acNe1yiWIYqeezhBFm0Kia0kS0EYP21EUTHo2K9FFqDh6OPkJH9jbNkeysbE0D8X,3.404117,4.453411,9.294188,0,1806000,23.429828,Interactive,1,1.75
22200,acNe1yiWIYqeezhBFm0Kia0kS0EYP21EUTHo2K9FFqDh6OPkJH9jbNkeysbE0D8X,3.564201,3.916612,4.872015,0,1806000,23.429828,Interactive,1,1.75
22500,acNe1yiWIYqeezhBFm0Kia0kS0EYP21EUTHo2K9FFqDh6OPkJH9jbNkeysbE0D8X,3.349954,3.788569,4.590408999999999,0,1806000,23.429828,Interactive,1,1.75
22800,acNe1yiWIYqeezhBFm0Kia0kS0EYP21EUTHo2K9FFqDh6OPkJH9jbNkeysbE0D8X,3.427856,3.956569,4.919203,0,1806000,23.429828,Interactive,1,1.75
23100,acNe1yiWIYqeezhBFm0Kia0kS0EYP21EUTHo2K9FFqDh6OPkJH9jbNkeysbE0D8X,3.469385,3.929144,4.952525,0,1806000,23.429828,Interactive,1,1.75
23400,acNe1yiWIYqeezhBFm0Kia0kS0EYP21EUTHo2K9FFqDh6OPkJH9jbNkeysbE0D8X,3.418806,3.876206,4.539218,0,1806000,23.429828,Interactive,1,1.75
23700,acNe1yiWIYqeezhBFm0Kia0kS0EYP21EUTHo2K9FFqDh6OPkJH9jbNkeysbE0D8X,3.282225,3.903322,4.770233999999999,0,1806000,23.429828,Interactive,1,1.75
24000,acNe1yiWIYqeezhBFm0Kia0kS0EYP21EUTHo2K9FFqDh6OPkJH9jbNkeysbE0D8X,3.041785,3.846635,4.877821,0,1806000,23.429828,Interactive,1,1.75
24300,acNe1yiWIYqeezhBFm0Kia0kS0EYP21EUTHo2K9FFqDh6OPkJH9jbNkeysbE0D8X,3.4101980000000003,3.905807,4.653493,0,1806000,23.429828,Interactive,1,1.75
24600,acNe1yiWIYqeezhBFm0Kia0kS0EYP21EUTHo2K9FFqDh6OPkJH9jbNkeysbE0D8X,3.615924,3.886651,4.631623,0,1806000,23.429828,Interactive,1,1.75
24900,acNe1yiWIYqeezhBFm0Kia0kS0EYP21EUTHo2K9FFqDh6OPkJH9jbNkeysbE0D8X,3.478717,4.340399,7.599174,0,1806000,23.429828,Interactive,1,1.75
25200,acNe1yiWIYqeezhBFm0Kia0kS0EYP21EUTHo2K9FFqDh6OPkJH9jbNkeysbE0D8X,2.994782,3.689213,4.628401,0,1806000,23.429828,Interactive,1,1.75
25500,acNe1yiWIYqeezhBFm0Kia0kS0EYP21EUTHo2K9FFqDh6OPkJH9jbNkeysbE0D8X,3.372645,4.446085,9.440424,0,1806000,23.429828,Interactive,1,1.75
25800,acNe1yiWIYqeezhBFm0Kia0kS0EYP21EUTHo2K9FFqDh6OPkJH9jbNkeysbE0D8X,3.307704,3.852661,4.983948000000001,0,1806000,23.429828,Interactive,1,1.75
26100,acNe1yiWIYqeezhBFm0Kia0kS0EYP21EUTHo2K9FFqDh6OPkJH9jbNkeysbE0D8X,3.039785,3.708996,4.083113,0,1806000,23.429828,Interactive,1,1.75
26400,acNe1yiWIYqeezhBFm0Kia0kS0EYP21EUTHo2K9FFqDh6OPkJH9jbNkeysbE0D8X,3.4713160000000003,3.931881,4.652897,0,1806000,23.429828,Interactive,1,1.75
26700,acNe1yiWIYqeezhBFm0Kia0kS0EYP21EUTHo2K9FFqDh6OPkJH9jbNkeysbE0D8X,3.451909,3.889925,4.638624,0,1806000,23.429828,Interactive,1,1.75
27000,acNe1yiWIYqeezhBFm0Kia0kS0EYP21EUTHo2K9FFqDh6OPkJH9jbNkeysbE0D8X,2.541849,3.665109,4.418298,0,1806000,23.429828,Interactive,1,1.75
27300,acNe1yiWIYqeezhBFm0Kia0kS0EYP21EUTHo2K9FFqDh6OPkJH9jbNkeysbE0D8X,3.290656,3.809756,4.8585910000000005,0,1806000,23.429828,Interactive,1,1.75
27600,acNe1yiWIYqeezhBFm0Kia0kS0EYP21EUTHo2K9FFqDh6OPkJH9jbNkeysbE0D8X,3.098078,3.849739,4.9601,0,1806000,23.429828,Interactive,1,1.75
27900,acNe1yiWIYqeezhBFm0Kia0kS0EYP21EUTHo2K9FFqDh6OPkJH9jbNkeysbE0D8X,3.460203,3.882445,4.569468,0,1806000,23.429828,Interactive,1,1.75
28200,acNe1yiWIYqeezhBFm0Kia0kS0EYP21EUTHo2K9FFqDh6OPkJH9jbNkeysbE0D8X,3.543921,3.966144,4.791544,0,1806000,23.429828,Interactive,1,1.75
28500,acNe1yiWIYqeezhBFm0Kia0kS0EYP21EUTHo2K9FFqDh6OPkJH9jbNkeysbE0D8X,3.3456370000000004,3.871379,4.741715,0,1806000,23.429828,Interactive,1,1.75
28800,acNe1yiWIYqeezhBFm0Kia0kS0EYP21EUTHo2K9FFqDh6OPkJH9jbNkeysbE0D8X,3.432742,3.832067,4.6771650000000005,0,1806000,23.429828,Interactive,1,1.75
29100,acNe1yiWIYqeezhBFm0Kia0kS0EYP21EUTHo2K9FFqDh6OPkJH9jbNkeysbE0D8X,3.3810230000000003,4.353942,8.93636,0,1806000,23.429828,Interactive,1,1.75
29400,acNe1yiWIYqeezhBFm0Kia0kS0EYP21EUTHo2K9FFqDh6OPkJH9jbNkeysbE0D8X,3.496963,3.901376,4.487503,0,1806000,23.429828,Interactive,1,1.75
29700,acNe1yiWIYqeezhBFm0Kia0kS0EYP21EUTHo2K9FFqDh6OPkJH9jbNkeysbE0D8X,3.3294010000000003,3.716948,4.67561,0,1806000,23.429828,Interactive,1,1.75
30000,acNe1yiWIYqeezhBFm0Kia0kS0EYP21EUTHo2K9FFqDh6OPkJH9jbNkeysbE0D8X,3.057629,3.759191,4.756753,0,1806000,23.429828,Interactive,1,1.75
30300,acNe1yiWIYqeezhBFm0Kia0kS0EYP21EUTHo2K9FFqDh6OPkJH9jbNkeysbE0D8X,2.748178,3.80031,4.436442,0,1806000,23.429828,Interactive,1,1.75
30600,acNe1yiWIYqeezhBFm0Kia0kS0EYP21EUTHo2K9FFqDh6OPkJH9jbNkeysbE0D8X,3.1985900000000003,3.811127,4.622325,0,1806000,23.429828,Interactive,1,1.75
30900,acNe1yiWIYqeezhBFm0Kia0kS0EYP21EUTHo2K9FFqDh6OPkJH9jbNkeysbE0D8X,3.509415,3.916451,4.821001,0,1806000,23.429828,Interactive,1,1.75
31200,acNe1yiWIYqeezhBFm0Kia0kS0EYP21EUTHo2K9FFqDh6OPkJH9jbNkeysbE0D8X,3.194681,3.79744,4.665835,0,1806000,23.429828,Interactive,1,1.75
31500,acNe1yiWIYqeezhBFm0Kia0kS0EYP21EUTHo2K9FFqDh6OPkJH9jbNkeysbE0D8X,3.58335,3.931115,4.586894999999999,0,1806000,23.429828,Interactive,1,1.75
31800,acNe1yiWIYqeezhBFm0Kia0kS0EYP21EUTHo2K9FFqDh6OPkJH9jbNkeysbE0D8X,3.3992160000000005,3.947344,4.600463,0,1806000,23.429828,Interactive,1,1.75
32100,acNe1yiWIYqeezhBFm0Kia0kS0EYP21EUTHo2K9FFqDh6OPkJH9jbNkeysbE0D8X,3.443759,3.939333,5.002622,0,1806000,23.429828,Interactive,1,1.75
32400,acNe1yiWIYqeezhBFm0Kia0kS0EYP21EUTHo2K9FFqDh6OPkJH9jbNkeysbE0D8X,3.444283,3.83057,4.183104,0,1806000,23.429828,Interactive,1,1.75
32700,acNe1yiWIYqeezhBFm0Kia0kS0EYP21EUTHo2K9FFqDh6OPkJH9jbNkeysbE0D8X,3.590526,4.486413,9.225529,0,1806000,23.429828,Interactive,1,1.75
33000,acNe1yiWIYqeezhBFm0Kia0kS0EYP21EUTHo2K9FFqDh6OPkJH9jbNkeysbE0D8X,3.166675,3.876262,5.025414,0,1806000,23.429828,Interactive,1,1.75
33300,acNe1yiWIYqeezhBFm0Kia0kS0EYP21EUTHo2K9FFqDh6OPkJH9jbNkeysbE0D8X,3.479068,3.835473,4.45674,0,1806000,23.429828,Interactive,1,1.75
33600,acNe1yiWIYqeezhBFm0Kia0kS0EYP21EUTHo2K9FFqDh6OPkJH9jbNkeysbE0D8X,3.42901,3.819442,4.357364,0,1806000,23.429828,Interactive,1,1.75
33900,acNe1yiWIYqeezhBFm0Kia0kS0EYP21EUTHo2K9FFqDh6OPkJH9jbNkeysbE0D8X,3.26508,3.850897,4.554863,0,1806000,23.429828,Interactive,1,1.75
34200,acNe1yiWIYqeezhBFm0Kia0kS0EYP21EUTHo2K9FFqDh6OPkJH9jbNkeysbE0D8X,3.390676,3.76824,4.507911,0,1806000,23.429828,Interactive,1,1.75
34500,acNe1yiWIYqeezhBFm0Kia0kS0EYP21EUTHo2K9FFqDh6OPkJH9jbNkeysbE0D8X,3.176483,3.761024,4.711078,0,1806000,23.429828,Interactive,1,1.75
34800,acNe1yiWIYqeezhBFm0Kia0kS0EYP21EUTHo2K9FFqDh6OPkJH9jbNkeysbE0D8X,3.051327,3.754862,4.357828,0,1806000,23.429828,Interactive,1,1.75
35100,acNe1yiWIYqeezhBFm0Kia0kS0EYP21EUTHo2K9FFqDh6OPkJH9jbNkeysbE0D8X,2.792486,3.630997,4.658,0,1806000,23.429828,Interactive,1,1.75
35400,acNe1yiWIYqeezhBFm0Kia0kS0EYP21EUTHo2K9FFqDh6OPkJH9jbNkeysbE0D8X,2.405966,3.600798,4.4688550000000005,0,1806000,23.429828,Interactive,1,1.75
35700,acNe1yiWIYqeezhBFm0Kia0kS0EYP21EUTHo2K9FFqDh6OPkJH9jbNkeysbE0D8X,3.255725,3.756936,4.495044999999999,0,1806000,23.429828,Interactive,1,1.75
36000,acNe1yiWIYqeezhBFm0Kia0kS0EYP21EUTHo2K9FFqDh6OPkJH9jbNkeysbE0D8X,2.826712,3.550298,4.492889,0,1806000,23.429828,Interactive,1,1.75
36300,acNe1yiWIYqeezhBFm0Kia0kS0EYP21EUTHo2K9FFqDh6OPkJH9jbNkeysbE0D8X,3.401274,4.4584790000000005,9.248078,0,1806000,23.429828,Interactive,1,1.75
36600,acNe1yiWIYqeezhBFm0Kia0kS0EYP21EUTHo2K9FFqDh6OPkJH9jbNkeysbE0D8X,3.009523,3.685682,4.402096,0,1806000,23.429828,Interactive,1,1.75
36900,acNe1yiWIYqeezhBFm0Kia0kS0EYP21EUTHo2K9FFqDh6OPkJH9jbNkeysbE0D8X,3.46432,3.792877,4.457159,0,1806000,23.429828,Interactive,1,1.75
37200,acNe1yiWIYqeezhBFm0Kia0kS0EYP21EUTHo2K9FFqDh6OPkJH9jbNkeysbE0D8X,3.1269150000000003,3.824922,4.613227999999999,0,1806000,23.429828,Interactive,1,1.75
37500,acNe1yiWIYqeezhBFm0Kia0kS0EYP21EUTHo2K9FFqDh6OPkJH9jbNkeysbE0D8X,3.247404,3.687279,4.447631,0,1806000,23.429828,Interactive,1,1.75
37800,acNe1yiWIYqeezhBFm0Kia0kS0EYP21EUTHo2K9FFqDh6OPkJH9jbNkeysbE0D8X,3.249903,3.695956,4.39291,0,1806000,23.429828,Interactive,1,1.75
38100,acNe1yiWIYqeezhBFm0Kia0kS0EYP21EUTHo2K9FFqDh6OPkJH9jbNkeysbE0D8X,2.701213,3.723525,4.67805,0,1806000,23.429828,Interactive,1,1.75
38400,acNe1yiWIYqeezhBFm0Kia0kS0EYP21EUTHo2K9FFqDh6OPkJH9jbNkeysbE0D8X,3.36451,3.784478,4.580341000000001,0,1806000,23.429828,Interactive,1,1.75
38700,acNe1yiWIYqeezhBFm0Kia0kS0EYP21EUTHo2K9FFqDh6OPkJH9jbNkeysbE0D8X,3.072725,3.705978,4.025636,0,1806000,23.429828,Interactive,1,1.75
39000,acNe1yiWIYqeezhBFm0Kia0kS0EYP21EUTHo2K9FFqDh6OPkJH9jbNkeysbE0D8X,3.2681560000000003,3.808704,4.524417,0,1806000,23.429828,Interactive,1,1.75
39300,acNe1yiWIYqeezhBFm0Kia0kS0EYP21EUTHo2K9FFqDh6OPkJH9jbNkeysbE0D8X,2.631532,3.6615,4.463765,0,1806000,23.429828,Interactive,1,1.75
39600,acNe1yiWIYqeezhBFm0Kia0kS0EYP21EUTHo2K9FFqDh6OPkJH9jbNkeysbE0D8X,3.12456,3.739618,4.341482,0,1806000,23.429828,Interactive,1,1.75
39900,acNe1yiWIYqeezhBFm0Kia0kS0EYP21EUTHo2K9FFqDh6OPkJH9jbNkeysbE0D8X,3.010678,4.368714,9.371572,0,1806000,23.429828,Interactive,1,1.75
40200,acNe1yiWIYqeezhBFm0Kia0kS0EYP21EUTHo2K9FFqDh6OPkJH9jbNkeysbE0D8X,3.106492,3.817861,4.787183,0,1806000,23.429828,Interactive,1,1.75
40500,acNe1yiWIYqeezhBFm0Kia0kS0EYP21EUTHo2K9FFqDh6OPkJH9jbNkeysbE0D8X,3.274075,3.779004,4.279912,0,1806000,23.429828,Interactive,1,1.75
40800,acNe1yiWIYqeezhBFm0Kia0kS0EYP21EUTHo2K9FFqDh6OPkJH9jbNkeysbE0D8X,2.797955,3.775028,4.367584,0,1806000,23.429828,Interactive,1,1.75
41100,acNe1yiWIYqeezhBFm0Kia0kS0EYP21EUTHo2K9FFqDh6OPkJH9jbNkeysbE0D8X,3.3931760000000004,3.810276,4.895759,0,1806000,23.429828,Interactive,1,1.75
41400,acNe1yiWIYqeezhBFm0Kia0kS0EYP21EUTHo2K9FFqDh6OPkJH9jbNkeysbE0D8X,2.347634,3.685794,4.366725,0,1806000,23.429828,Interactive,1,1.75
41700,acNe1yiWIYqeezhBFm0Kia0kS0EYP21EUTHo2K9FFqDh6OPkJH9jbNkeysbE0D8X,3.395683,3.900384,4.570619000000001,0,1806000,23.429828,Interactive,1,1.75
42000,acNe1yiWIYqeezhBFm0Kia0kS0EYP21EUTHo2K9FFqDh6OPkJH9jbNkeysbE0D8X,3.315552,3.928346,4.935603,0,1806000,23.429828,Interactive,1,1.75
42300,acNe1yiWIYqeezhBFm0Kia0kS0EYP21EUTHo2K9FFqDh6OPkJH9jbNkeysbE0D8X,3.48424,3.855843,4.582187,0,1806000,23.429828,Interactive,1,1.75
42600,acNe1yiWIYqeezhBFm0Kia0kS0EYP21EUTHo2K9FFqDh6OPkJH9jbNkeysbE0D8X,2.9212830000000003,3.82091,4.687507,0,1806000,23.429828,Interactive,1,1.75
42900,acNe1yiWIYqeezhBFm0Kia0kS0EYP21EUTHo2K9FFqDh6OPkJH9jbNkeysbE0D8X,3.664158,3.912426,4.603930999999999,0,1806000,23.429828,Interactive,1,1.75
43200,acNe1yiWIYqeezhBFm0Kia0kS0EYP21EUTHo2K9FFqDh6OPkJH9jbNkeysbE0D8X,2.150544,3.65037,4.519358,0,1806000,23.429828,Interactive,1,1.75
43500,acNe1yiWIYqeezhBFm0Kia0kS0EYP21EUTHo2K9FFqDh6OPkJH9jbNkeysbE0D8X,3.090672,4.383844,9.128492,0,1806000,23.429828,Interactive,1,1.75
43800,acNe1yiWIYqeezhBFm0Kia0kS0EYP21EUTHo2K9FFqDh6OPkJH9jbNkeysbE0D8X,3.499229,3.897179,4.591062,0,1806000,23.429828,Interactive,1,1.75
44100,acNe1yiWIYqeezhBFm0Kia0kS0EYP21EUTHo2K9FFqDh6OPkJH9jbNkeysbE0D8X,3.116965,3.833349,4.397436,0,1806000,23.429828,Interactive,1,1.75
44400,acNe1yiWIYqeezhBFm0Kia0kS0EYP21EUTHo2K9FFqDh6OPkJH9jbNkeysbE0D8X,3.422126,3.968011,4.899089,0,1806000,23.429828,Interactive,1,1.75
44700,acNe1yiWIYqeezhBFm0Kia0kS0EYP21EUTHo2K9FFqDh6OPkJH9jbNkeysbE0D8X,3.047114,3.738692,4.276686,0,1806000,23.429828,Interactive,1,1.75
45000,acNe1yiWIYqeezhBFm0Kia0kS0EYP21EUTHo2K9FFqDh6OPkJH9jbNkeysbE0D8X,3.415033,3.888236,4.536534,0,1806000,23.429828,Interactive,1,1.75
45300,acNe1yiWIYqeezhBFm0Kia0kS0EYP21EUTHo2K9FFqDh6OPkJH9jbNkeysbE0D8X,3.3333800000000005,3.843343,4.280736,0,1806000,23.429828,Interactive,1,1.75
45600,acNe1yiWIYqeezhBFm0Kia0kS0EYP21EUTHo2K9FFqDh6OPkJH9jbNkeysbE0D8X,3.340396,3.80011,4.624326,0,1806000,23.429828,Interactive,1,1.75
45900,acNe1yiWIYqeezhBFm0Kia0kS0EYP21EUTHo2K9FFqDh6OPkJH9jbNkeysbE0D8X,3.2059740000000003,3.904087,4.773836,0,1806000,23.429828,Interactive,1,1.75
46200,acNe1yiWIYqeezhBFm0Kia0kS0EYP21EUTHo2K9FFqDh6OPkJH9jbNkeysbE0D8X,3.146926,3.84512,4.548635,0,1806000,23.429828,Interactive,1,1.75
46500,acNe1yiWIYqeezhBFm0Kia0kS0EYP21EUTHo2K9FFqDh6OPkJH9jbNkeysbE0D8X,3.455435,3.862578,4.692866,0,1806000,23.429828,Interactive,1,1.75
46800,acNe1yiWIYqeezhBFm0Kia0kS0EYP21EUTHo2K9FFqDh6OPkJH9jbNkeysbE0D8X,3.178654,3.827733,4.822193,0,1806000,23.429828,Interactive,1,1.75
47100,acNe1yiWIYqeezhBFm0Kia0kS0EYP21EUTHo2K9FFqDh6OPkJH9jbNkeysbE0D8X,3.719079,4.454232,6.506729,0,1806000,23.429828,Interactive,1,1.75
47400,acNe1yiWIYqeezhBFm0Kia0kS0EYP21EUTHo2K9FFqDh6OPkJH9jbNkeysbE0D8X,3.170121,3.794526,4.644196,0,1806000,23.429828,Interactive,1,1.75
47700,acNe1yiWIYqeezhBFm0Kia0kS0EYP21EUTHo2K9FFqDh6OPkJH9jbNkeysbE0D8X,3.457765,3.982544,4.870501,0,1806000,23.429828,Interactive,1,1.75
48000,acNe1yiWIYqeezhBFm0Kia0kS0EYP21EUTHo2K9FFqDh6OPkJH9jbNkeysbE0D8X,3.115319,3.874181,4.436954,0,1806000,23.429828,Interactive,1,1.75
48300,acNe1yiWIYqeezhBFm0Kia0kS0EYP21EUTHo2K9FFqDh6OPkJH9jbNkeysbE0D8X,2.928607,3.768552,4.581930000000001,0,1806000,23.429828,Interactive,1,1.75
48600,acNe1yiWIYqeezhBFm0Kia0kS0EYP21EUTHo2K9FFqDh6OPkJH9jbNkeysbE0D8X,2.270421,3.766618,4.792888,0,1806000,23.429828,Interactive,1,1.75
48900,acNe1yiWIYqeezhBFm0Kia0kS0EYP21EUTHo2K9FFqDh6OPkJH9jbNkeysbE0D8X,2.941191,3.809361,4.573889,0,1806000,23.429828,Interactive,1,1.75
49200,acNe1yiWIYqeezhBFm0Kia0kS0EYP21EUTHo2K9FFqDh6OPkJH9jbNkeysbE0D8X,3.4891980000000005,3.83214,4.370847,0,1806000,23.429828,Interactive,1,1.75
49500,acNe1yiWIYqeezhBFm0Kia0kS0EYP21EUTHo2K9FFqDh6OPkJH9jbNkeysbE0D8X,3.401593,3.898879,4.672323,0,1806000,23.429828,Interactive,1,1.75
49800,acNe1yiWIYqeezhBFm0Kia0kS0EYP21EUTHo2K9FFqDh6OPkJH9jbNkeysbE0D8X,3.57202,4.041269000000001,4.709626999999999,0,1806000,23.429828,Interactive,1,1.75
50100,acNe1yiWIYqeezhBFm0Kia0kS0EYP21EUTHo2K9FFqDh6OPkJH9jbNkeysbE0D8X,3.605963,3.875385,4.570081,0,1806000,23.429828,Interactive,1,1.75
50400,acNe1yiWIYqeezhBFm0Kia0kS0EYP21EUTHo2K9FFqDh6OPkJH9jbNkeysbE0D8X,3.367789,3.832132,4.569553,0,1806000,23.429828,Interactive,1,1.75
50700,acNe1yiWIYqeezhBFm0Kia0kS0EYP21EUTHo2K9FFqDh6OPkJH9jbNkeysbE0D8X,3.130973,4.362776,9.287629,0,1806000,23.429828,Interactive,1,1.75
51000,acNe1yiWIYqeezhBFm0Kia0kS0EYP21EUTHo2K9FFqDh6OPkJH9jbNkeysbE0D8X,3.0278150000000004,3.617037,4.3482080000000005,0,1806000,23.429828,Interactive,1,1.75
51300,acNe1yiWIYqeezhBFm0Kia0kS0EYP21EUTHo2K9FFqDh6OPkJH9jbNkeysbE0D8X,3.354384,3.863929,4.573363,0,1806000,23.429828,Interactive,1,1.75
51600,acNe1yiWIYqeezhBFm0Kia0kS0EYP21EUTHo2K9FFqDh6OPkJH9jbNkeysbE0D8X,2.965538,3.76694,4.587349,0,1806000,23.429828,Interactive,1,1.75
51900,acNe1yiWIYqeezhBFm0Kia0kS0EYP21EUTHo2K9FFqDh6OPkJH9jbNkeysbE0D8X,3.396202,3.836479,4.543367,0,1806000,23.429828,Interactive,1,1.75
52200,acNe1yiWIYqeezhBFm0Kia0kS0EYP21EUTHo2K9FFqDh6OPkJH9jbNkeysbE0D8X,3.069033,3.88422,4.682894999999999,0,1806000,23.429828,Interactive,1,1.75
52500,acNe1yiWIYqeezhBFm0Kia0kS0EYP21EUTHo2K9FFqDh6OPkJH9jbNkeysbE0D8X,3.5919260000000004,3.992448,4.540461,0,1806000,23.429828,Interactive,1,1.75
52800,acNe1yiWIYqeezhBFm0Kia0kS0EYP21EUTHo2K9FFqDh6OPkJH9jbNkeysbE0D8X,2.955187,3.761428,4.562881,0,1806000,23.429828,Interactive,1,1.75
53100,acNe1yiWIYqeezhBFm0Kia0kS0EYP21EUTHo2K9FFqDh6OPkJH9jbNkeysbE0D8X,3.461403,3.930933,4.781229,0,1806000,23.429828,Interactive,1,1.75
53400,acNe1yiWIYqeezhBFm0Kia0kS0EYP21EUTHo2K9FFqDh6OPkJH9jbNkeysbE0D8X,2.955437,3.863418,4.24878,0,1806000,23.429828,Interactive,1,1.75
53700,acNe1yiWIYqeezhBFm0Kia0kS0EYP21EUTHo2K9FFqDh6OPkJH9jbNkeysbE0D8X,3.097653,3.791553,4.5250580000000005,0,1806000,23.429828,Interactive,1,1.75
54000,acNe1yiWIYqeezhBFm0Kia0kS0EYP21EUTHo2K9FFqDh6OPkJH9jbNkeysbE0D8X,2.856843,3.847872,4.813307,0,1806000,23.429828,Interactive,1,1.75
54300,acNe1yiWIYqeezhBFm0Kia0kS0EYP21EUTHo2K9FFqDh6OPkJH9jbNkeysbE0D8X,3.176345,4.397304,9.160905,0,1806000,23.429828,Interactive,1,1.75
54600,acNe1yiWIYqeezhBFm0Kia0kS0EYP21EUTHo2K9FFqDh6OPkJH9jbNkeysbE0D8X,3.267188,3.840489,4.745838,0,1806000,23.429828,Interactive,1,1.75
54900,acNe1yiWIYqeezhBFm0Kia0kS0EYP21EUTHo2K9FFqDh6OPkJH9jbNkeysbE0D8X,3.268285,3.865822,4.720052,0,1806000,23.429828,Interactive,1,1.75
55200,acNe1yiWIYqeezhBFm0Kia0kS0EYP21EUTHo2K9FFqDh6OPkJH9jbNkeysbE0D8X,3.4422050000000004,3.934491,4.574865,0,1806000,23.429828,Interactive,1,1.75
55500,acNe1yiWIYqeezhBFm0Kia0kS0EYP21EUTHo2K9FFqDh6OPkJH9jbNkeysbE0D8X,3.173666,3.805699,4.719939,0,1806000,23.429828,Interactive,1,1.75
55800,acNe1yiWIYqeezhBFm0Kia0kS0EYP21EUTHo2K9FFqDh6OPkJH9jbNkeysbE0D8X,3.47488,3.907164,4.51839,0,1806000,23.429828,Interactive,1,1.75
56100,acNe1yiWIYqeezhBFm0Kia0kS0EYP21EUTHo2K9FFqDh6OPkJH9jbNkeysbE0D8X,2.897017,3.81797,4.513965,0,1806000,23.429828,Interactive,1,1.75
56400,acNe1yiWIYqeezhBFm0Kia0kS0EYP21EUTHo2K9FFqDh6OPkJH9jbNkeysbE0D8X,3.028497,3.836925,4.79925,0,1806000,23.429828,Interactive,1,1.75
56700,acNe1yiWIYqeezhBFm0Kia0kS0EYP21EUTHo2K9FFqDh6OPkJH9jbNkeysbE0D8X,3.331849,3.878574,4.78411,0,1806000,23.429828,Interactive,1,1.75
57000,acNe1yiWIYqeezhBFm0Kia0kS0EYP21EUTHo2K9FFqDh6OPkJH9jbNkeysbE0D8X,2.93503,3.782523,4.55111,0,1806000,23.429828,Interactive,1,1.75
57300,acNe1yiWIYqeezhBFm0Kia0kS0EYP21EUTHo2K9FFqDh6OPkJH9jbNkeysbE0D8X,3.516189,3.815397,4.597253,0,1806000,23.429828,Interactive,1,1.75
57600,acNe1yiWIYqeezhBFm0Kia0kS0EYP21EUTHo2K9FFqDh6OPkJH9jbNkeysbE0D8X,3.017667,3.796575,4.681309,0,1806000,23.429828,Interactive,1,1.75
57900,acNe1yiWIYqeezhBFm0Kia0kS0EYP21EUTHo2K9FFqDh6OPkJH9jbNkeysbE0D8X,3.4195269999999995,4.466143,9.554036,0,1806000,23.429828,Interactive,1,1.75
58200,acNe1yiWIYqeezhBFm0Kia0kS0EYP21EUTHo2K9FFqDh6OPkJH9jbNkeysbE0D8X,2.609456,3.722089,4.627749,0,1806000,23.429828,Interactive,1,1.75
58500,acNe1yiWIYqeezhBFm0Kia0kS0EYP21EUTHo2K9FFqDh6OPkJH9jbNkeysbE0D8X,3.352188,3.852614,4.673848,0,1806000,23.429828,Interactive,1,1.75
58800,acNe1yiWIYqeezhBFm0Kia0kS0EYP21EUTHo2K9FFqDh6OPkJH9jbNkeysbE0D8X,3.029497,3.929888,4.558823,0,1806000,23.429828,Interactive,1,1.75
59100,acNe1yiWIYqeezhBFm0Kia0kS0EYP21EUTHo2K9FFqDh6OPkJH9jbNkeysbE0D8X,3.376046,3.845549,4.68302,0,1806000,23.429828,Interactive,1,1.75
59400,acNe1yiWIYqeezhBFm0Kia0kS0EYP21EUTHo2K9FFqDh6OPkJH9jbNkeysbE0D8X,2.831495,3.786946,4.6181410000000005,0,1806000,23.429828,Interactive,1,1.75
59700,acNe1yiWIYqeezhBFm0Kia0kS0EYP21EUTHo2K9FFqDh6OPkJH9jbNkeysbE0D8X,3.252264,3.79941,4.228098,0,1806000,23.429828,Interactive,1,1.75
60000,acNe1yiWIYqeezhBFm0Kia0kS0EYP21EUTHo2K9FFqDh6OPkJH9jbNkeysbE0D8X,3.40129,3.857842,4.589296,0,1806000,23.429828,Interactive,1,1.75
60300,acNe1yiWIYqeezhBFm0Kia0kS0EYP21EUTHo2K9FFqDh6OPkJH9jbNkeysbE0D8X,3.3202190000000003,3.89764,4.890724,0,1806000,23.429828,Interactive,1,1.75
60600,acNe1yiWIYqeezhBFm0Kia0kS0EYP21EUTHo2K9FFqDh6OPkJH9jbNkeysbE0D8X,3.329768,3.775944,4.233024,0,1806000,23.429828,Interactive,1,1.75
60900,acNe1yiWIYqeezhBFm0Kia0kS0EYP21EUTHo2K9FFqDh6OPkJH9jbNkeysbE0D8X,3.329212,3.822397,4.28434,0,1806000,23.429828,Interactive,1,1.75
61200,acNe1yiWIYqeezhBFm0Kia0kS0EYP21EUTHo2K9FFqDh6OPkJH9jbNkeysbE0D8X,3.4190160000000005,3.96379,4.807595,0,1806000,23.429828,Interactive,1,1.75
61500,acNe1yiWIYqeezhBFm0Kia0kS0EYP21EUTHo2K9FFqDh6OPkJH9jbNkeysbE0D8X,3.169245,4.44839,9.448141,0,1806000,23.429828,Interactive,1,1.75
61800,acNe1yiWIYqeezhBFm0Kia0kS0EYP21EUTHo2K9FFqDh6OPkJH9jbNkeysbE0D8X,3.5716660000000005,3.814678,4.448022,0,1806000,23.429828,Interactive,1,1.75
62100,acNe1yiWIYqeezhBFm0Kia0kS0EYP21EUTHo2K9FFqDh6OPkJH9jbNkeysbE0D8X,3.215968,3.874638,4.747419,0,1806000,23.429828,Interactive,1,1.75
62400,acNe1yiWIYqeezhBFm0Kia0kS0EYP21EUTHo2K9FFqDh6OPkJH9jbNkeysbE0D8X,3.149177,3.852453,4.475619,0,1806000,23.429828,Interactive,1,1.75
62700,acNe1yiWIYqeezhBFm0Kia0kS0EYP21EUTHo2K9FFqDh6OPkJH9jbNkeysbE0D8X,2.952963,3.780802,4.636257,0,1806000,23.429828,Interactive,1,1.75
63000,acNe1yiWIYqeezhBFm0Kia0kS0EYP21EUTHo2K9FFqDh6OPkJH9jbNkeysbE0D8X,3.4158410000000003,3.805899,4.582073,0,1806000,23.429828,Interactive,1,1.75
63300,acNe1yiWIYqeezhBFm0Kia0kS0EYP21EUTHo2K9FFqDh6OPkJH9jbNkeysbE0D8X,3.5585760000000004,3.941624,4.656333,0,1806000,23.429828,Interactive,1,1.75
63600,acNe1yiWIYqeezhBFm0Kia0kS0EYP21EUTHo2K9FFqDh6OPkJH9jbNkeysbE0D8X,3.266295,3.804648,4.55278,0,1806000,23.429828,Interactive,1,1.75
63900,acNe1yiWIYqeezhBFm0Kia0kS0EYP21EUTHo2K9FFqDh6OPkJH9jbNkeysbE0D8X,3.433984,3.910073,4.663953,0,1806000,23.429828,Interactive,1,1.75
64200,acNe1yiWIYqeezhBFm0Kia0kS0EYP21EUTHo2K9FFqDh6OPkJH9jbNkeysbE0D8X,2.544985,3.822069,4.527189,0,1806000,23.429828,Interactive,1,1.75
64500,acNe1yiWIYqeezhBFm0Kia0kS0EYP21EUTHo2K9FFqDh6OPkJH9jbNkeysbE0D8X,3.301705,3.776513,4.650424,0,1806000,23.429828,Interactive,1,1.75
64800,acNe1yiWIYqeezhBFm0Kia0kS0EYP21EUTHo2K9FFqDh6OPkJH9jbNkeysbE0D8X,3.393663,3.905887,4.754351,0,1806000,23.429828,Interactive,1,1.75
65100,acNe1yiWIYqeezhBFm0Kia0kS0EYP21EUTHo2K9FFqDh6OPkJH9jbNkeysbE0D8X,3.142137,4.3378190000000005,9.441931,0,1806000,23.429828,Interactive,1,1.75
65400,acNe1yiWIYqeezhBFm0Kia0kS0EYP21EUTHo2K9FFqDh6OPkJH9jbNkeysbE0D8X,3.45271,3.81942,4.221733,0,1806000,23.429828,Interactive,1,1.75
65700,acNe1yiWIYqeezhBFm0Kia0kS0EYP21EUTHo2K9FFqDh6OPkJH9jbNkeysbE0D8X,3.3868980000000004,3.851053,4.593568,0,1806000,23.429828,Interactive,1,1.75
66000,acNe1yiWIYqeezhBFm0Kia0kS0EYP21EUTHo2K9FFqDh6OPkJH9jbNkeysbE0D8X,3.672402,3.968878,4.348473,0,1806000,23.429828,Interactive,1,1.75
66300,acNe1yiWIYqeezhBFm0Kia0kS0EYP21EUTHo2K9FFqDh6OPkJH9jbNkeysbE0D8X,3.045437,3.755955,4.146736,0,1806000,23.429828,Interactive,1,1.75
66600,acNe1yiWIYqeezhBFm0Kia0kS0EYP21EUTHo2K9FFqDh6OPkJH9jbNkeysbE0D8X,3.373074,3.900168,4.534987,0,1806000,23.429828,Interactive,1,1.75
66900,acNe1yiWIYqeezhBFm0Kia0kS0EYP21EUTHo2K9FFqDh6OPkJH9jbNkeysbE0D8X,3.5551470000000003,3.923876,4.361959,0,1806000,23.429828,Interactive,1,1.75
67200,acNe1yiWIYqeezhBFm0Kia0kS0EYP21EUTHo2K9FFqDh6OPkJH9jbNkeysbE0D8X,3.564509,3.865756,4.5389610000000005,0,1806000,23.429828,Interactive,1,1.75
67500,acNe1yiWIYqeezhBFm0Kia0kS0EYP21EUTHo2K9FFqDh6OPkJH9jbNkeysbE0D8X,2.3749580000000003,3.73136,4.6189290000000005,0,1806000,23.429828,Interactive,1,1.75
67800,acNe1yiWIYqeezhBFm0Kia0kS0EYP21EUTHo2K9FFqDh6OPkJH9jbNkeysbE0D8X,3.643551,3.835236,4.25822,0,1806000,23.429828,Interactive,1,1.75
68100,acNe1yiWIYqeezhBFm0Kia0kS0EYP21EUTHo2K9FFqDh6OPkJH9jbNkeysbE0D8X,3.52296,4.2281830000000005,7.053359,0,1806000,23.429828,Interactive,1,1.75
68400,acNe1yiWIYqeezhBFm0Kia0kS0EYP21EUTHo2K9FFqDh6OPkJH9jbNkeysbE0D8X,3.507135,3.990747,5.7363290000000005,0,1806000,23.429828,Interactive,1,1.75
68700,acNe1yiWIYqeezhBFm0Kia0kS0EYP21EUTHo2K9FFqDh6OPkJH9jbNkeysbE0D8X,3.571569,4.579871,10.075278,0,1806000,23.429828,Interactive,1,1.75
69000,acNe1yiWIYqeezhBFm0Kia0kS0EYP21EUTHo2K9FFqDh6OPkJH9jbNkeysbE0D8X,3.640297,5.407069,13.370693,0,1806000,23.429828,Interactive,1,1.75
69300,acNe1yiWIYqeezhBFm0Kia0kS0EYP21EUTHo2K9FFqDh6OPkJH9jbNkeysbE0D8X,3.27035,4.747923,12.547849,0,1806000,23.429828,Interactive,1,1.75
69600,acNe1yiWIYqeezhBFm0Kia0kS0EYP21EUTHo2K9FFqDh6OPkJH9jbNkeysbE0D8X,3.669503,3.959667,4.4455160000000005,0,1806000,23.429828,Interactive,1,1.75
69900,acNe1yiWIYqeezhBFm0Kia0kS0EYP21EUTHo2K9FFqDh6OPkJH9jbNkeysbE0D8X,3.510329,3.832241,4.4064190000000005,0,1806000,23.429828,Interactive,1,1.75
70200,acNe1yiWIYqeezhBFm0Kia0kS0EYP21EUTHo2K9FFqDh6OPkJH9jbNkeysbE0D8X,2.18358,4.081322,7.797596,0,1806000,23.429828,Interactive,1,1.75
70500,acNe1yiWIYqeezhBFm0Kia0kS0EYP21EUTHo2K9FFqDh6OPkJH9jbNkeysbE0D8X,3.43051,3.910583,4.388185,0,1806000,23.429828,Interactive,1,1.75
70800,acNe1yiWIYqeezhBFm0Kia0kS0EYP21EUTHo2K9FFqDh6OPkJH9jbNkeysbE0D8X,3.495528,3.82179,4.077847,0,1806000,23.429828,Interactive,1,1.75
71100,acNe1yiWIYqeezhBFm0Kia0kS0EYP21EUTHo2K9FFqDh6OPkJH9jbNkeysbE0D8X,3.399683,3.918641000000001,4.513241000000001,0,1806000,23.429828,Interactive,1,1.75
71400,acNe1yiWIYqeezhBFm0Kia0kS0EYP21EUTHo2K9FFqDh6OPkJH9jbNkeysbE0D8X,3.5332510000000004,4.043791000000001,5.421986,0,1806000,23.429828,Interactive,1,1.75
71700,acNe1yiWIYqeezhBFm0Kia0kS0EYP21EUTHo2K9FFqDh6OPkJH9jbNkeysbE0D8X,2.414215,3.580621,4.218262999999999,0,1806000,23.429828,Interactive,1,1.75
72000,acNe1yiWIYqeezhBFm0Kia0kS0EYP21EUTHo2K9FFqDh6OPkJH9jbNkeysbE0D8X,3.443133,3.867989,4.675064,0,1806000,23.429828,Interactive,1,1.75
72300,acNe1yiWIYqeezhBFm0Kia0kS0EYP21EUTHo2K9FFqDh6OPkJH9jbNkeysbE0D8X,3.336479,4.439331,9.596793,0,1806000,23.429828,Interactive,1,1.75
72600,acNe1yiWIYqeezhBFm0Kia0kS0EYP21EUTHo2K9FFqDh6OPkJH9jbNkeysbE0D8X,3.3537790000000003,3.747532,4.401404,0,1806000,23.429828,Interactive,1,1.75
72900,acNe1yiWIYqeezhBFm0Kia0kS0EYP21EUTHo2K9FFqDh6OPkJH9jbNkeysbE0D8X,2.892341,3.733208,4.702551000000001,0,1806000,23.429828,Interactive,1,1.75
73200,acNe1yiWIYqeezhBFm0Kia0kS0EYP21EUTHo2K9FFqDh6OPkJH9jbNkeysbE0D8X,3.4815410000000004,3.82031,4.590209,0,1806000,23.429828,Interactive,1,1.75
73500,acNe1yiWIYqeezhBFm0Kia0kS0EYP21EUTHo2K9FFqDh6OPkJH9jbNkeysbE0D8X,3.1786380000000003,3.850269,4.621477,0,1806000,23.429828,Interactive,1,1.75
73800,acNe1yiWIYqeezhBFm0Kia0kS0EYP21EUTHo2K9FFqDh6OPkJH9jbNkeysbE0D8X,3.100781,3.829397,4.687074,0,1806000,23.429828,Interactive,1,1.75
74100,acNe1yiWIYqeezhBFm0Kia0kS0EYP21EUTHo2K9FFqDh6OPkJH9jbNkeysbE0D8X,3.062503,3.973678,5.021714,0,1806000,23.429828,Interactive,1,1.75
74400,acNe1yiWIYqeezhBFm0Kia0kS0EYP21EUTHo2K9FFqDh6OPkJH9jbNkeysbE0D8X,3.175648,3.79268,4.167876000000001,0,1806000,23.429828,Interactive,1,1.75
74700,acNe1yiWIYqeezhBFm0Kia0kS0EYP21EUTHo2K9FFqDh6OPkJH9jbNkeysbE0D8X,3.381024,3.916456,4.872057,0,1806000,23.429828,Interactive,1,1.75
75000,acNe1yiWIYqeezhBFm0Kia0kS0EYP21EUTHo2K9FFqDh6OPkJH9jbNkeysbE0D8X,3.232487,3.767091,4.967428,0,1806000,23.429828,Interactive,1,1.75
75300,acNe1yiWIYqeezhBFm0Kia0kS0EYP21EUTHo2K9FFqDh6OPkJH9jbNkeysbE0D8X,3.388174,3.806246,4.412669,0,1806000,23.429828,Interactive,1,1.75
75600,acNe1yiWIYqeezhBFm0Kia0kS0EYP21EUTHo2K9FFqDh6OPkJH9jbNkeysbE0D8X,3.10892,3.788977,4.663247,0,1806000,23.429828,Interactive,1,1.75
75900,acNe1yiWIYqeezhBFm0Kia0kS0EYP21EUTHo2K9FFqDh6OPkJH9jbNkeysbE0D8X,3.141106,4.24409,9.182493,0,1806000,23.429828,Interactive,1,1.75
76200,acNe1yiWIYqeezhBFm0Kia0kS0EYP21EUTHo2K9FFqDh6OPkJH9jbNkeysbE0D8X,3.494568,3.917676,4.630315,0,1806000,23.429828,Interactive,1,1.75
76500,acNe1yiWIYqeezhBFm0Kia0kS0EYP21EUTHo2K9FFqDh6OPkJH9jbNkeysbE0D8X,3.135323,3.764405,4.747629,0,1806000,23.429828,Interactive,1,1.75
76800,acNe1yiWIYqeezhBFm0Kia0kS0EYP21EUTHo2K9FFqDh6OPkJH9jbNkeysbE0D8X,3.3611800000000005,3.94942,4.99022,0,1806000,23.429828,Interactive,1,1.75
77100,acNe1yiWIYqeezhBFm0Kia0kS0EYP21EUTHo2K9FFqDh6OPkJH9jbNkeysbE0D8X,3.368761,3.739118,4.193825,0,1806000,23.429828,Interactive,1,1.75
77400,acNe1yiWIYqeezhBFm0Kia0kS0EYP21EUTHo2K9FFqDh6OPkJH9jbNkeysbE0D8X,3.389153,3.884667,4.658275,0,1806000,23.429828,Interactive,1,1.75
77700,acNe1yiWIYqeezhBFm0Kia0kS0EYP21EUTHo2K9FFqDh6OPkJH9jbNkeysbE0D8X,3.4074720000000003,3.840585,5.016832,0,1806000,23.429828,Interactive,1,1.75
78000,acNe1yiWIYqeezhBFm0Kia0kS0EYP21EUTHo2K9FFqDh6OPkJH9jbNkeysbE0D8X,3.378524,3.777049,4.539378,0,1806000,23.429828,Interactive,1,1.75
78300,acNe1yiWIYqeezhBFm0Kia0kS0EYP21EUTHo2K9FFqDh6OPkJH9jbNkeysbE0D8X,3.565417,3.884177,4.68136,0,1806000,23.429828,Interactive,1,1.75
78600,acNe1yiWIYqeezhBFm0Kia0kS0EYP21EUTHo2K9FFqDh6OPkJH9jbNkeysbE0D8X,3.597252,3.857158,4.560726,0,1806000,23.429828,Interactive,1,1.75
78900,acNe1yiWIYqeezhBFm0Kia0kS0EYP21EUTHo2K9FFqDh6OPkJH9jbNkeysbE0D8X,3.656084,3.877673,4.707966000000001,0,1806000,23.429828,Interactive,1,1.75
79200,acNe1yiWIYqeezhBFm0Kia0kS0EYP21EUTHo2K9FFqDh6OPkJH9jbNkeysbE0D8X,3.389514,4.89174,14.081672,0,1806000,23.429828,Interactive,1,1.75
79500,acNe1yiWIYqeezhBFm0Kia0kS0EYP21EUTHo2K9FFqDh6OPkJH9jbNkeysbE0D8X,3.494285,4.505281,9.713905,0,1806000,23.429828,Interactive,1,1.75
79800,acNe1yiWIYqeezhBFm0Kia0kS0EYP21EUTHo2K9FFqDh6OPkJH9jbNkeysbE0D8X,3.241206,3.735769,4.456184,0,1806000,23.429828,Interactive,1,1.75
80100,acNe1yiWIYqeezhBFm0Kia0kS0EYP21EUTHo2K9FFqDh6OPkJH9jbNkeysbE0D8X,3.436942,3.860955,4.736134,0,1806000,23.429828,Interactive,1,1.75
80400,acNe1yiWIYqeezhBFm0Kia0kS0EYP21EUTHo2K9FFqDh6OPkJH9jbNkeysbE0D8X,3.688529,4.025794,5.262911,0,1806000,23.429828,Interactive,1,1.75
80700,acNe1yiWIYqeezhBFm0Kia0kS0EYP21EUTHo2K9FFqDh6OPkJH9jbNkeysbE0D8X,3.366401,3.865452,4.594569,0,1806000,23.429828,Interactive,1,1.75
81000,acNe1yiWIYqeezhBFm0Kia0kS0EYP21EUTHo2K9FFqDh6OPkJH9jbNkeysbE0D8X,3.327853,3.946715,4.724052,0,1806000,23.429828,Interactive,1,1.75
81300,acNe1yiWIYqeezhBFm0Kia0kS0EYP21EUTHo2K9FFqDh6OPkJH9jbNkeysbE0D8X,3.22894,3.872806,4.791534,0,1806000,23.429828,Interactive,1,1.75
81600,acNe1yiWIYqeezhBFm0Kia0kS0EYP21EUTHo2K9FFqDh6OPkJH9jbNkeysbE0D8X,3.542196,3.849246,4.645168,0,1806000,23.429828,Interactive,1,1.75
81900,acNe1yiWIYqeezhBFm0Kia0kS0EYP21EUTHo2K9FFqDh6OPkJH9jbNkeysbE0D8X,3.256564,4.693679,12.390531,0,1806000,23.429828,Interactive,1,1.75
82200,acNe1yiWIYqeezhBFm0Kia0kS0EYP21EUTHo2K9FFqDh6OPkJH9jbNkeysbE0D8X,3.157068,3.900643,4.987297,0,1806000,23.429828,Interactive,1,1.75
82500,acNe1yiWIYqeezhBFm0Kia0kS0EYP21EUTHo2K9FFqDh6OPkJH9jbNkeysbE0D8X,3.424699,3.825987000000001,4.195125,0,1806000,23.429828,Interactive,1,1.75
82800,acNe1yiWIYqeezhBFm0Kia0kS0EYP21EUTHo2K9FFqDh6OPkJH9jbNkeysbE0D8X,3.183159,3.851478,4.743593,0,1806000,23.429828,Interactive,1,1.75
83100,acNe1yiWIYqeezhBFm0Kia0kS0EYP21EUTHo2K9FFqDh6OPkJH9jbNkeysbE0D8X,2.867293,4.447087000000001,9.557547,0,1806000,23.429828,Interactive,1,1.75
83400,acNe1yiWIYqeezhBFm0Kia0kS0EYP21EUTHo2K9FFqDh6OPkJH9jbNkeysbE0D8X,3.323858,3.801195,4.460751999999999,0,1806000,23.429828,Interactive,1,1.75
83700,acNe1yiWIYqeezhBFm0Kia0kS0EYP21EUTHo2K9FFqDh6OPkJH9jbNkeysbE0D8X,3.3745800000000004,3.931799,4.6687970000000005,0,1806000,23.429828,Interactive,1,1.75
84000,acNe1yiWIYqeezhBFm0Kia0kS0EYP21EUTHo2K9FFqDh6OPkJH9jbNkeysbE0D8X,3.218535,3.817949,4.93671,0,1806000,23.429828,Interactive,1,1.75
84300,acNe1yiWIYqeezhBFm0Kia0kS0EYP21EUTHo2K9FFqDh6OPkJH9jbNkeysbE0D8X,3.315652,3.79122,4.474535,0,1806000,23.429828,Interactive,1,1.75
84600,acNe1yiWIYqeezhBFm0Kia0kS0EYP21EUTHo2K9FFqDh6OPkJH9jbNkeysbE0D8X,3.314982,4.851386,13.960983,0,1806000,23.429828,Interactive,1,1.75
84900,acNe1yiWIYqeezhBFm0Kia0kS0EYP21EUTHo2K9FFqDh6OPkJH9jbNkeysbE0D8X,2.848984,3.781702,4.470626,0,1806000,23.429828,Interactive,1,1.75
85200,acNe1yiWIYqeezhBFm0Kia0kS0EYP21EUTHo2K9FFqDh6OPkJH9jbNkeysbE0D8X,2.689404,3.075679,3.708581,0,1806000,23.429828,Interactive,1,1.75
85500,acNe1yiWIYqeezhBFm0Kia0kS0EYP21EUTHo2K9FFqDh6OPkJH9jbNkeysbE0D8X,2.896816,3.233421,4.01162,0,1806000,23.429828,Interactive,1,1.75
85800,acNe1yiWIYqeezhBFm0Kia0kS0EYP21EUTHo2K9FFqDh6OPkJH9jbNkeysbE0D8X,2.545428,3.194523,4.102273,0,1806000,23.429828,Interactive,1,1.75
86100,acNe1yiWIYqeezhBFm0Kia0kS0EYP21EUTHo2K9FFqDh6OPkJH9jbNkeysbE0D8X,2.910105,3.134792,3.634609,0,1806000,23.429828,Interactive,1,1.75
86400,acNe1yiWIYqeezhBFm0Kia0kS0EYP21EUTHo2K9FFqDh6OPkJH9jbNkeysbE0D8X,2.741875,3.207817,4.002485,0,1806000,23.429828,Interactive,1,1.75
86700,acNe1yiWIYqeezhBFm0Kia0kS0EYP21EUTHo2K9FFqDh6OPkJH9jbNkeysbE0D8X,2.685966,3.800335,8.976952,0,1806000,23.429828,Interactive,1,1.75
87000,acNe1yiWIYqeezhBFm0Kia0kS0EYP21EUTHo2K9FFqDh6OPkJH9jbNkeysbE0D8X,2.787498,3.085268,3.720936,0,1806000,23.429828,Interactive,1,1.75
87300,acNe1yiWIYqeezhBFm0Kia0kS0EYP21EUTHo2K9FFqDh6OPkJH9jbNkeysbE0D8X,2.898838,3.277115,4.192571,0,1806000,23.429828,Interactive,1,1.75
87600,acNe1yiWIYqeezhBFm0Kia0kS0EYP21EUTHo2K9FFqDh6OPkJH9jbNkeysbE0D8X,2.915242,3.2086490000000003,3.968507,0,1806000,23.429828,Interactive,1,1.75
87900,acNe1yiWIYqeezhBFm0Kia0kS0EYP21EUTHo2K9FFqDh6OPkJH9jbNkeysbE0D8X,2.227012,3.576738,4.541798,0,1806000,23.429828,Interactive,1,1.75
88200,acNe1yiWIYqeezhBFm0Kia0kS0EYP21EUTHo2K9FFqDh6OPkJH9jbNkeysbE0D8X,3.54199,3.927489,4.850119,0,1806000,23.429828,Interactive,1,1.75
88500,acNe1yiWIYqeezhBFm0Kia0kS0EYP21EUTHo2K9FFqDh6OPkJH9jbNkeysbE0D8X,3.226687,3.887163,4.510703,0,1806000,23.429828,Interactive,1,1.75
88800,acNe1yiWIYqeezhBFm0Kia0kS0EYP21EUTHo2K9FFqDh6OPkJH9jbNkeysbE0D8X,3.456832,3.756975,4.429405,0,1806000,23.429828,Interactive,1,1.75
89100,acNe1yiWIYqeezhBFm0Kia0kS0EYP21EUTHo2K9FFqDh6OPkJH9jbNkeysbE0D8X,3.2998540000000003,3.844669,4.572841,0,1806000,23.429828,Interactive,1,1.75
89400,acNe1yiWIYqeezhBFm0Kia0kS0EYP21EUTHo2K9FFqDh6OPkJH9jbNkeysbE0D8X,2.99194,3.947839,4.743856,0,1806000,23.429828,Interactive,1,1.75
89700,acNe1yiWIYqeezhBFm0Kia0kS0EYP21EUTHo2K9FFqDh6OPkJH9jbNkeysbE0D8X,3.500595,3.85741,4.623503,0,1806000,23.429828,Interactive,1,1.75
90000,acNe1yiWIYqeezhBFm0Kia0kS0EYP21EUTHo2K9FFqDh6OPkJH9jbNkeysbE0D8X,3.233628,3.817824,4.626087,0,1806000,23.429828,Interactive,1,1.75
90300,acNe1yiWIYqeezhBFm0Kia0kS0EYP21EUTHo2K9FFqDh6OPkJH9jbNkeysbE0D8X,3.692174,4.537947,9.748285,0,1806000,23.429828,Interactive,1,1.75
90600,acNe1yiWIYqeezhBFm0Kia0kS0EYP21EUTHo2K9FFqDh6OPkJH9jbNkeysbE0D8X,3.371742,3.802827,4.416857,0,1806000,23.429828,Interactive,1,1.75
90900,acNe1yiWIYqeezhBFm0Kia0kS0EYP21EUTHo2K9FFqDh6OPkJH9jbNkeysbE0D8X,3.52385,3.971868,4.805613,0,1806000,23.429828,Interactive,1,1.75
91200,acNe1yiWIYqeezhBFm0Kia0kS0EYP21EUTHo2K9FFqDh6OPkJH9jbNkeysbE0D8X,2.4803610000000003,3.695048,4.493583999999999,0,1806000,23.429828,Interactive,1,1.75
91500,acNe1yiWIYqeezhBFm0Kia0kS0EYP21EUTHo2K9FFqDh6OPkJH9jbNkeysbE0D8X,3.660152,3.866675,4.226021,0,1806000,23.429828,Interactive,1,1.75
91800,acNe1yiWIYqeezhBFm0Kia0kS0EYP21EUTHo2K9FFqDh6OPkJH9jbNkeysbE0D8X,2.703646,3.820475,4.529025,0,1806000,23.429828,Interactive,1,1.75
92100,acNe1yiWIYqeezhBFm0Kia0kS0EYP21EUTHo2K9FFqDh6OPkJH9jbNkeysbE0D8X,3.157852,3.897742,4.797353,0,1806000,23.429828,Interactive,1,1.75
92400,acNe1yiWIYqeezhBFm0Kia0kS0EYP21EUTHo2K9FFqDh6OPkJH9jbNkeysbE0D8X,2.960007,3.713449,4.434133999999999,0,1806000,23.429828,Interactive,1,1.75
92700,acNe1yiWIYqeezhBFm0Kia0kS0EYP21EUTHo2K9FFqDh6OPkJH9jbNkeysbE0D8X,3.043852,3.849779,4.574169,0,1806000,23.429828,Interactive,1,1.75
93000,acNe1yiWIYqeezhBFm0Kia0kS0EYP21EUTHo2K9FFqDh6OPkJH9jbNkeysbE0D8X,3.635266000000001,3.966568,4.886946,0,1806000,23.429828,Interactive,1,1.75
93300,acNe1yiWIYqeezhBFm0Kia0kS0EYP21EUTHo2K9FFqDh6OPkJH9jbNkeysbE0D8X,2.562154,3.62147,4.255602,0,1806000,23.429828,Interactive,1,1.75
93600,acNe1yiWIYqeezhBFm0Kia0kS0EYP21EUTHo2K9FFqDh6OPkJH9jbNkeysbE0D8X,3.478217,3.812371,4.535993,0,1806000,23.429828,Interactive,1,1.75
93900,acNe1yiWIYqeezhBFm0Kia0kS0EYP21EUTHo2K9FFqDh6OPkJH9jbNkeysbE0D8X,2.953199,4.26279,8.452703999999999,0,1806000,23.429828,Interactive,1,1.75
94200,acNe1yiWIYqeezhBFm0Kia0kS0EYP21EUTHo2K9FFqDh6OPkJH9jbNkeysbE0D8X,3.4361019999999995,3.800204,4.463657,0,1806000,23.429828,Interactive,1,1.75
94500,acNe1yiWIYqeezhBFm0Kia0kS0EYP21EUTHo2K9FFqDh6OPkJH9jbNkeysbE0D8X,3.031753,3.889587,4.785027,0,1806000,23.429828,Interactive,1,1.75
94800,acNe1yiWIYqeezhBFm0Kia0kS0EYP21EUTHo2K9FFqDh6OPkJH9jbNkeysbE0D8X,2.959596,3.785328,4.766121,0,1806000,23.429828,Interactive,1,1.75
95100,acNe1yiWIYqeezhBFm0Kia0kS0EYP21EUTHo2K9FFqDh6OPkJH9jbNkeysbE0D8X,2.969115,3.688202,4.387989,0,1806000,23.429828,Interactive,1,1.75
95400,acNe1yiWIYqeezhBFm0Kia0kS0EYP21EUTHo2K9FFqDh6OPkJH9jbNkeysbE0D8X,2.654986,3.772333,4.542573,0,1806000,23.429828,Interactive,1,1.75
95700,acNe1yiWIYqeezhBFm0Kia0kS0EYP21EUTHo2K9FFqDh6OPkJH9jbNkeysbE0D8X,3.691735,4.005041,4.749321,0,1806000,23.429828,Interactive,1,1.75
96000,acNe1yiWIYqeezhBFm0Kia0kS0EYP21EUTHo2K9FFqDh6OPkJH9jbNkeysbE0D8X,2.926059,3.678462,4.334813,0,1806000,23.429828,Interactive,1,1.75
96300,acNe1yiWIYqeezhBFm0Kia0kS0EYP21EUTHo2K9FFqDh6OPkJH9jbNkeysbE0D8X,3.39792,3.922826,4.494719,0,1806000,23.429828,Interactive,1,1.75
96600,acNe1yiWIYqeezhBFm0Kia0kS0EYP21EUTHo2K9FFqDh6OPkJH9jbNkeysbE0D8X,2.583454,3.833535,4.818917,0,1806000,23.429828,Interactive,1,1.75
96900,acNe1yiWIYqeezhBFm0Kia0kS0EYP21EUTHo2K9FFqDh6OPkJH9jbNkeysbE0D8X,3.4254620000000005,3.874511,4.328382,0,1806000,23.429828,Interactive,1,1.75
97200,acNe1yiWIYqeezhBFm0Kia0kS0EYP21EUTHo2K9FFqDh6OPkJH9jbNkeysbE0D8X,2.739026,3.854277,4.311726,0,1806000,23.429828,Interactive,1,1.75
97500,acNe1yiWIYqeezhBFm0Kia0kS0EYP21EUTHo2K9FFqDh6OPkJH9jbNkeysbE0D8X,3.49701,4.5421,9.618122,0,1806000,23.429828,Interactive,1,1.75
97800,acNe1yiWIYqeezhBFm0Kia0kS0EYP21EUTHo2K9FFqDh6OPkJH9jbNkeysbE0D8X,2.498,3.702924,4.343122,0,1806000,23.429828,Interactive,1,1.75
98100,acNe1yiWIYqeezhBFm0Kia0kS0EYP21EUTHo2K9FFqDh6OPkJH9jbNkeysbE0D8X,2.875101,3.67641,4.52996,0,1806000,23.429828,Interactive,1,1.75
98400,acNe1yiWIYqeezhBFm0Kia0kS0EYP21EUTHo2K9FFqDh6OPkJH9jbNkeysbE0D8X,3.194058,3.776878,4.727348,0,1806000,23.429828,Interactive,1,1.75
98700,acNe1yiWIYqeezhBFm0Kia0kS0EYP21EUTHo2K9FFqDh6OPkJH9jbNkeysbE0D8X,3.2715490000000003,3.780071,4.476206,0,1806000,23.429828,Interactive,1,1.75
99000,acNe1yiWIYqeezhBFm0Kia0kS0EYP21EUTHo2K9FFqDh6OPkJH9jbNkeysbE0D8X,3.25007,3.851585,4.776578,0,1806000,23.429828,Interactive,1,1.75
99300,acNe1yiWIYqeezhBFm0Kia0kS0EYP21EUTHo2K9FFqDh6OPkJH9jbNkeysbE0D8X,2.809716,3.722142,4.197019,0,1806000,23.429828,Interactive,1,1.75
99600,acNe1yiWIYqeezhBFm0Kia0kS0EYP21EUTHo2K9FFqDh6OPkJH9jbNkeysbE0D8X,3.329717,3.845355,4.846773000000001,0,1806000,23.429828,Interactive,1,1.75
99900,acNe1yiWIYqeezhBFm0Kia0kS0EYP21EUTHo2K9FFqDh6OPkJH9jbNkeysbE0D8X,2.661567,3.6969,4.629479,0,1806000,23.429828,Interactive,1,1.75
100200,acNe1yiWIYqeezhBFm0Kia0kS0EYP21EUTHo2K9FFqDh6OPkJH9jbNkeysbE0D8X,3.331758,3.682542,4.313194,0,1806000,23.429828,Interactive,1,1.75
100500,acNe1yiWIYqeezhBFm0Kia0kS0EYP21EUTHo2K9FFqDh6OPkJH9jbNkeysbE0D8X,2.504328,3.613323,4.563498,0,1806000,23.429828,Interactive,1,1.75
100800,acNe1yiWIYqeezhBFm0Kia0kS0EYP21EUTHo2K9FFqDh6OPkJH9jbNkeysbE0D8X,2.439712,3.482265,4.405727,0,1806000,23.429828,Interactive,1,1.75
101100,acNe1yiWIYqeezhBFm0Kia0kS0EYP21EUTHo2K9FFqDh6OPkJH9jbNkeysbE0D8X,3.352348,4.341404,9.604306,0,1806000,23.429828,Interactive,1,1.75
101400,acNe1yiWIYqeezhBFm0Kia0kS0EYP21EUTHo2K9FFqDh6OPkJH9jbNkeysbE0D8X,2.688184,3.50457,4.40945,0,1806000,23.429828,Interactive,1,1.75
101700,acNe1yiWIYqeezhBFm0Kia0kS0EYP21EUTHo2K9FFqDh6OPkJH9jbNkeysbE0D8X,3.402239,3.813565,4.503581,0,1806000,23.429828,Interactive,1,1.75
102000,acNe1yiWIYqeezhBFm0Kia0kS0EYP21EUTHo2K9FFqDh6OPkJH9jbNkeysbE0D8X,2.758697,3.523979,3.824407,0,1806000,23.429828,Interactive,1,1.75
102300,acNe1yiWIYqeezhBFm0Kia0kS0EYP21EUTHo2K9FFqDh6OPkJH9jbNkeysbE0D8X,3.485018,3.863172,4.779812000000001,0,1806000,23.429828,Interactive,1,1.75
102600,acNe1yiWIYqeezhBFm0Kia0kS0EYP21EUTHo2K9FFqDh6OPkJH9jbNkeysbE0D8X,2.919089,3.655382,4.324294999999999,0,1806000,23.429828,Interactive,1,1.75
102900,acNe1yiWIYqeezhBFm0Kia0kS0EYP21EUTHo2K9FFqDh6OPkJH9jbNkeysbE0D8X,3.4371410000000004,3.80072,4.545698000000001,0,1806000,23.429828,Interactive,1,1.75
103200,acNe1yiWIYqeezhBFm0Kia0kS0EYP21EUTHo2K9FFqDh6OPkJH9jbNkeysbE0D8X,2.980858,3.617014,4.24612,0,1806000,23.429828,Interactive,1,1.75
103500,acNe1yiWIYqeezhBFm0Kia0kS0EYP21EUTHo2K9FFqDh6OPkJH9jbNkeysbE0D8X,3.123452,3.748317,4.699997,0,1806000,23.429828,Interactive,1,1.75
103800,acNe1yiWIYqeezhBFm0Kia0kS0EYP21EUTHo2K9FFqDh6OPkJH9jbNkeysbE0D8X,3.063035,3.679524,4.744911,0,1806000,23.429828,Interactive,1,1.75
104100,acNe1yiWIYqeezhBFm0Kia0kS0EYP21EUTHo2K9FFqDh6OPkJH9jbNkeysbE0D8X,2.777478,3.633997,4.061448,0,1806000,23.429828,Interactive,1,1.75
104400,acNe1yiWIYqeezhBFm0Kia0kS0EYP21EUTHo2K9FFqDh6OPkJH9jbNkeysbE0D8X,3.501002,3.93607,4.884071,0,1806000,23.429828,Interactive,1,1.75
104700,acNe1yiWIYqeezhBFm0Kia0kS0EYP21EUTHo2K9FFqDh6OPkJH9jbNkeysbE0D8X,2.70326,4.210884,9.342975,0,1806000,23.429828,Interactive,1,1.75
105000,acNe1yiWIYqeezhBFm0Kia0kS0EYP21EUTHo2K9FFqDh6OPkJH9jbNkeysbE0D8X,3.651803,3.928363,4.483996,0,1806000,23.429828,Interactive,1,1.75
105300,acNe1yiWIYqeezhBFm0Kia0kS0EYP21EUTHo2K9FFqDh6OPkJH9jbNkeysbE0D8X,2.570398,3.74097,5.066895,0,1806000,23.429828,Interactive,1,1.75
105600,acNe1yiWIYqeezhBFm0Kia0kS0EYP21EUTHo2K9FFqDh6OPkJH9jbNkeysbE0D8X,3.012357,3.817441000000001,4.707033999999999,0,1806000,23.429828,Interactive,1,1.75
105900,acNe1yiWIYqeezhBFm0Kia0kS0EYP21EUTHo2K9FFqDh6OPkJH9jbNkeysbE0D8X,2.953651,3.756058,4.597017,0,1806000,23.429828,Interactive,1,1.75
106200,acNe1yiWIYqeezhBFm0Kia0kS0EYP21EUTHo2K9FFqDh6OPkJH9jbNkeysbE0D8X,3.029487,3.716416,4.0407720000000005,0,1806000,23.429828,Interactive,1,1.75
106500,acNe1yiWIYqeezhBFm0Kia0kS0EYP21EUTHo2K9FFqDh6OPkJH9jbNkeysbE0D8X,3.233993,3.723622,4.317481,0,1806000,23.429828,Interactive,1,1.75
106800,acNe1yiWIYqeezhBFm0Kia0kS0EYP21EUTHo2K9FFqDh6OPkJH9jbNkeysbE0D8X,3.126698,3.638996,4.798574,0,1806000,23.429828,Interactive,1,1.75
107100,acNe1yiWIYqeezhBFm0Kia0kS0EYP21EUTHo2K9FFqDh6OPkJH9jbNkeysbE0D8X,3.627412,3.847537,4.469748,0,1806000,23.429828,Interactive,1,1.75
107400,acNe1yiWIYqeezhBFm0Kia0kS0EYP21EUTHo2K9FFqDh6OPkJH9jbNkeysbE0D8X,3.3493,3.626264,3.827084,0,1806000,23.429828,Interactive,1,1.75
107700,acNe1yiWIYqeezhBFm0Kia0kS0EYP21EUTHo2K9FFqDh6OPkJH9jbNkeysbE0D8X,3.280332,3.855392,4.649687999999999,0,1806000,23.429828,Interactive,1,1.75
108000,acNe1yiWIYqeezhBFm0Kia0kS0EYP21EUTHo2K9FFqDh6OPkJH9jbNkeysbE0D8X,3.188302,3.648765,4.345789,0,1806000,23.429828,Interactive,1,1.75
108300,acNe1yiWIYqeezhBFm0Kia0kS0EYP21EUTHo2K9FFqDh6OPkJH9jbNkeysbE0D8X,3.133234,4.271203,9.258126,0,1806000,23.429828,Interactive,1,1.75
108600,acNe1yiWIYqeezhBFm0Kia0kS0EYP21EUTHo2K9FFqDh6OPkJH9jbNkeysbE0D8X,3.194023,3.694512000000001,4.602004,0,1806000,23.429828,Interactive,1,1.75
108900,acNe1yiWIYqeezhBFm0Kia0kS0EYP21EUTHo2K9FFqDh6OPkJH9jbNkeysbE0D8X,3.177828,3.708129,4.207612999999999,0,1806000,23.429828,Interactive,1,1.75
109200,acNe1yiWIYqeezhBFm0Kia0kS0EYP21EUTHo2K9FFqDh6OPkJH9jbNkeysbE0D8X,3.394715,3.785595,4.447877,0,1806000,23.429828,Interactive,1,1.75
109500,acNe1yiWIYqeezhBFm0Kia0kS0EYP21EUTHo2K9FFqDh6OPkJH9jbNkeysbE0D8X,3.104756,3.732991,4.785151,0,1806000,23.429828,Interactive,1,1.75
109800,acNe1yiWIYqeezhBFm0Kia0kS0EYP21EUTHo2K9FFqDh6OPkJH9jbNkeysbE0D8X,3.430257,3.953434,4.993029,0,1806000,23.429828,Interactive,1,1.75
110100,acNe1yiWIYqeezhBFm0Kia0kS0EYP21EUTHo2K9FFqDh6OPkJH9jbNkeysbE0D8X,3.108016,3.72865,4.296483,0,1806000,23.429828,Interactive,1,1.75
110400,acNe1yiWIYqeezhBFm0Kia0kS0EYP21EUTHo2K9FFqDh6OPkJH9jbNkeysbE0D8X,3.115445,3.880181,4.832064,0,1806000,23.429828,Interactive,1,1.75
110700,acNe1yiWIYqeezhBFm0Kia0kS0EYP21EUTHo2K9FFqDh6OPkJH9jbNkeysbE0D8X,3.274952,3.767851,4.907636,0,1806000,23.429828,Interactive,1,1.75
111000,acNe1yiWIYqeezhBFm0Kia0kS0EYP21EUTHo2K9FFqDh6OPkJH9jbNkeysbE0D8X,3.393351,3.755917,4.691207,0,1806000,23.429828,Interactive,1,1.75
111300,acNe1yiWIYqeezhBFm0Kia0kS0EYP21EUTHo2K9FFqDh6OPkJH9jbNkeysbE0D8X,3.12557,4.148048,7.241281,0,1806000,23.429828,Interactive,1,1.75
111600,acNe1yiWIYqeezhBFm0Kia0kS0EYP21EUTHo2K9FFqDh6OPkJH9jbNkeysbE0D8X,3.634915,4.196711,6.315134,0,1806000,23.429828,Interactive,1,1.75
111900,acNe1yiWIYqeezhBFm0Kia0kS0EYP21EUTHo2K9FFqDh6OPkJH9jbNkeysbE0D8X,3.458995,4.483376,9.411791,0,1806000,23.429828,Interactive,1,1.75
112200,acNe1yiWIYqeezhBFm0Kia0kS0EYP21EUTHo2K9FFqDh6OPkJH9jbNkeysbE0D8X,3.042454,3.759932,4.614774,0,1806000,23.429828,Interactive,1,1.75
112500,acNe1yiWIYqeezhBFm0Kia0kS0EYP21EUTHo2K9FFqDh6OPkJH9jbNkeysbE0D8X,3.4195,3.92399,4.878418,0,1806000,23.429828,Interactive,1,1.75
112800,acNe1yiWIYqeezhBFm0Kia0kS0EYP21EUTHo2K9FFqDh6OPkJH9jbNkeysbE0D8X,3.243167,3.765696,4.206159,0,1806000,23.429828,Interactive,1,1.75
113100,acNe1yiWIYqeezhBFm0Kia0kS0EYP21EUTHo2K9FFqDh6OPkJH9jbNkeysbE0D8X,3.3286290000000003,3.867439,4.780761,0,1806000,23.429828,Interactive,1,1.75
113400,acNe1yiWIYqeezhBFm0Kia0kS0EYP21EUTHo2K9FFqDh6OPkJH9jbNkeysbE0D8X,3.377265,3.826087,4.529063,0,1806000,23.429828,Interactive,1,1.75
113700,acNe1yiWIYqeezhBFm0Kia0kS0EYP21EUTHo2K9FFqDh6OPkJH9jbNkeysbE0D8X,3.282282,3.770173,4.613571,0,1806000,23.429828,Interactive,1,1.75
114000,acNe1yiWIYqeezhBFm0Kia0kS0EYP21EUTHo2K9FFqDh6OPkJH9jbNkeysbE0D8X,3.608958,3.874722,4.808547,0,1806000,23.429828,Interactive,1,1.75
114300,acNe1yiWIYqeezhBFm0Kia0kS0EYP21EUTHo2K9FFqDh6OPkJH9jbNkeysbE0D8X,2.423163,3.725701,4.441287,0,1806000,23.429828,Interactive,1,1.75
114600,acNe1yiWIYqeezhBFm0Kia0kS0EYP21EUTHo2K9FFqDh6OPkJH9jbNkeysbE0D8X,3.167639,3.816131,4.214478,0,1806000,23.429828,Interactive,1,1.75
114900,acNe1yiWIYqeezhBFm0Kia0kS0EYP21EUTHo2K9FFqDh6OPkJH9jbNkeysbE0D8X,3.262178,3.779549,4.738606,0,1806000,23.429828,Interactive,1,1.75
115200,acNe1yiWIYqeezhBFm0Kia0kS0EYP21EUTHo2K9FFqDh6OPkJH9jbNkeysbE0D8X,3.237813,3.92829,4.659568,0,1806000,23.429828,Interactive,1,1.75
115500,acNe1yiWIYqeezhBFm0Kia0kS0EYP21EUTHo2K9FFqDh6OPkJH9jbNkeysbE0D8X,3.726915,4.472465000000001,9.249155,0,1806000,23.429828,Interactive,1,1.75
115800,acNe1yiWIYqeezhBFm0Kia0kS0EYP21EUTHo2K9FFqDh6OPkJH9jbNkeysbE0D8X,3.134643,3.834924,4.912044,0,1806000,23.429828,Interactive,1,1.75
116100,acNe1yiWIYqeezhBFm0Kia0kS0EYP21EUTHo2K9FFqDh6OPkJH9jbNkeysbE0D8X,3.307118,3.90889,5.182213,0,1806000,23.429828,Interactive,1,1.75
116400,acNe1yiWIYqeezhBFm0Kia0kS0EYP21EUTHo2K9FFqDh6OPkJH9jbNkeysbE0D8X,3.335915,3.849811,4.697141,0,1806000,23.429828,Interactive,1,1.75
116700,acNe1yiWIYqeezhBFm0Kia0kS0EYP21EUTHo2K9FFqDh6OPkJH9jbNkeysbE0D8X,3.133023,3.880882,4.861547,0,1806000,23.429828,Interactive,1,1.75
117000,acNe1yiWIYqeezhBFm0Kia0kS0EYP21EUTHo2K9FFqDh6OPkJH9jbNkeysbE0D8X,3.60297,3.887968,4.628633,0,1806000,23.429828,Interactive,1,1.75
117300,acNe1yiWIYqeezhBFm0Kia0kS0EYP21EUTHo2K9FFqDh6OPkJH9jbNkeysbE0D8X,3.1263810000000003,3.826799,4.650544,0,1806000,23.429828,Interactive,1,1.75
117600,acNe1yiWIYqeezhBFm0Kia0kS0EYP21EUTHo2K9FFqDh6OPkJH9jbNkeysbE0D8X,3.294549,3.832928,4.559443,0,1806000,23.429828,Interactive,1,1.75
117900,acNe1yiWIYqeezhBFm0Kia0kS0EYP21EUTHo2K9FFqDh6OPkJH9jbNkeysbE0D8X,3.387322,3.903693,4.968431,0,1806000,23.429828,Interactive,1,1.75
118200,acNe1yiWIYqeezhBFm0Kia0kS0EYP21EUTHo2K9FFqDh6OPkJH9jbNkeysbE0D8X,3.377106,3.716802,4.008043,0,1806000,23.429828,Interactive,1,1.75
118500,acNe1yiWIYqeezhBFm0Kia0kS0EYP21EUTHo2K9FFqDh6OPkJH9jbNkeysbE0D8X,3.410544,3.89189,4.722036,0,1806000,23.429828,Interactive,1,1.75
118800,acNe1yiWIYqeezhBFm0Kia0kS0EYP21EUTHo2K9FFqDh6OPkJH9jbNkeysbE0D8X,3.480348,3.954203,4.901638,0,1806000,23.429828,Interactive,1,1.75
119100,acNe1yiWIYqeezhBFm0Kia0kS0EYP21EUTHo2K9FFqDh6OPkJH9jbNkeysbE0D8X,3.370296,4.427924,9.577906,0,1806000,23.429828,Interactive,1,1.75
119400,acNe1yiWIYqeezhBFm0Kia0kS0EYP21EUTHo2K9FFqDh6OPkJH9jbNkeysbE0D8X,3.4180900000000003,3.96118,4.888843,0,1806000,23.429828,Interactive,1,1.75
119700,acNe1yiWIYqeezhBFm0Kia0kS0EYP21EUTHo2K9FFqDh6OPkJH9jbNkeysbE0D8X,3.582038,3.912508,4.487007,0,1806000,23.429828,Interactive,1,1.75
120000,acNe1yiWIYqeezhBFm0Kia0kS0EYP21EUTHo2K9FFqDh6OPkJH9jbNkeysbE0D8X,3.523579,3.871332,4.530067,0,1806000,23.429828,Interactive,1,1.75
120300,acNe1yiWIYqeezhBFm0Kia0kS0EYP21EUTHo2K9FFqDh6OPkJH9jbNkeysbE0D8X,3.054137,3.754023,4.428714,0,1806000,23.429828,Interactive,1,1.75
120600,acNe1yiWIYqeezhBFm0Kia0kS0EYP21EUTHo2K9FFqDh6OPkJH9jbNkeysbE0D8X,3.501866,3.846856,4.906731,0,1806000,23.429828,Interactive,1,1.75
120900,acNe1yiWIYqeezhBFm0Kia0kS0EYP21EUTHo2K9FFqDh6OPkJH9jbNkeysbE0D8X,3.671591,3.890283,4.57177,0,1806000,23.429828,Interactive,1,1.75
121200,acNe1yiWIYqeezhBFm0Kia0kS0EYP21EUTHo2K9FFqDh6OPkJH9jbNkeysbE0D8X,3.47182,3.870508,4.612524,0,1806000,23.429828,Interactive,1,1.75
121500,acNe1yiWIYqeezhBFm0Kia0kS0EYP21EUTHo2K9FFqDh6OPkJH9jbNkeysbE0D8X,3.526451,3.964471,4.903384,0,1806000,23.429828,Interactive,1,1.75
121800,acNe1yiWIYqeezhBFm0Kia0kS0EYP21EUTHo2K9FFqDh6OPkJH9jbNkeysbE0D8X,2.89765,3.763249,4.320511,0,1806000,23.429828,Interactive,1,1.75
122100,acNe1yiWIYqeezhBFm0Kia0kS0EYP21EUTHo2K9FFqDh6OPkJH9jbNkeysbE0D8X,3.287262,3.778124,4.158365,0,1806000,23.429828,Interactive,1,1.75
122400,acNe1yiWIYqeezhBFm0Kia0kS0EYP21EUTHo2K9FFqDh6OPkJH9jbNkeysbE0D8X,2.833723,3.652499,4.409728,0,1806000,23.429828,Interactive,1,1.75
122700,acNe1yiWIYqeezhBFm0Kia0kS0EYP21EUTHo2K9FFqDh6OPkJH9jbNkeysbE0D8X,3.5689610000000003,4.415738,9.448455,0,1806000,23.429828,Interactive,1,1.75
123000,acNe1yiWIYqeezhBFm0Kia0kS0EYP21EUTHo2K9FFqDh6OPkJH9jbNkeysbE0D8X,3.41447,3.746793,4.259869,0,1806000,23.429828,Interactive,1,1.75
123300,acNe1yiWIYqeezhBFm0Kia0kS0EYP21EUTHo2K9FFqDh6OPkJH9jbNkeysbE0D8X,3.639077,3.969033,4.908898000000001,0,1806000,23.429828,Interactive,1,1.75
123600,acNe1yiWIYqeezhBFm0Kia0kS0EYP21EUTHo2K9FFqDh6OPkJH9jbNkeysbE0D8X,3.5777300000000003,3.820029,4.266208,0,1806000,23.429828,Interactive,1,1.75
123900,acNe1yiWIYqeezhBFm0Kia0kS0EYP21EUTHo2K9FFqDh6OPkJH9jbNkeysbE0D8X,2.900888,3.927406,4.791069,0,1806000,23.429828,Interactive,1,1.75
124200,acNe1yiWIYqeezhBFm0Kia0kS0EYP21EUTHo2K9FFqDh6OPkJH9jbNkeysbE0D8X,3.3511330000000004,3.89916,4.677978,0,1806000,23.429828,Interactive,1,1.75
124500,acNe1yiWIYqeezhBFm0Kia0kS0EYP21EUTHo2K9FFqDh6OPkJH9jbNkeysbE0D8X,3.507772,3.901294,4.435976999999999,0,1806000,23.429828,Interactive,1,1.75
124800,acNe1yiWIYqeezhBFm0Kia0kS0EYP21EUTHo2K9FFqDh6OPkJH9jbNkeysbE0D8X,3.419602,3.829447,4.244473999999999,0,1806000,23.429828,Interactive,1,1.75
125100,acNe1yiWIYqeezhBFm0Kia0kS0EYP21EUTHo2K9FFqDh6OPkJH9jbNkeysbE0D8X,3.16245,5.946509,24.615154,0,1806000,23.429828,Interactive,1,1.75
125400,acNe1yiWIYqeezhBFm0Kia0kS0EYP21EUTHo2K9FFqDh6OPkJH9jbNkeysbE0D8X,2.911866,3.703976,4.634388,0,1806000,23.429828,Interactive,1,1.75
125700,acNe1yiWIYqeezhBFm0Kia0kS0EYP21EUTHo2K9FFqDh6OPkJH9jbNkeysbE0D8X,3.4178610000000003,4.15549,6.408505,0,1806000,23.429828,Interactive,1,1.75
126000,acNe1yiWIYqeezhBFm0Kia0kS0EYP21EUTHo2K9FFqDh6OPkJH9jbNkeysbE0D8X,3.627388,3.918492,4.415654,0,1806000,23.429828,Interactive,1,1.75
126300,acNe1yiWIYqeezhBFm0Kia0kS0EYP21EUTHo2K9FFqDh6OPkJH9jbNkeysbE0D8X,3.315721,4.404714,9.441142,0,1806000,23.429828,Interactive,1,1.75
126600,acNe1yiWIYqeezhBFm0Kia0kS0EYP21EUTHo2K9FFqDh6OPkJH9jbNkeysbE0D8X,3.315675,3.91978,4.7421690000000005,0,1806000,23.429828,Interactive,1,1.75
126900,acNe1yiWIYqeezhBFm0Kia0kS0EYP21EUTHo2K9FFqDh6OPkJH9jbNkeysbE0D8X,3.418011,3.899747,4.650011,0,1806000,23.429828,Interactive,1,1.75
127200,acNe1yiWIYqeezhBFm0Kia0kS0EYP21EUTHo2K9FFqDh6OPkJH9jbNkeysbE0D8X,3.328645,3.797297,4.548369999999999,0,1806000,23.429828,Interactive,1,1.75
127500,acNe1yiWIYqeezhBFm0Kia0kS0EYP21EUTHo2K9FFqDh6OPkJH9jbNkeysbE0D8X,3.266185,3.78661,4.7824,0,1806000,23.429828,Interactive,1,1.75
127800,acNe1yiWIYqeezhBFm0Kia0kS0EYP21EUTHo2K9FFqDh6OPkJH9jbNkeysbE0D8X,3.3934800000000003,3.8201,4.54319,0,1806000,23.429828,Interactive,1,1.75
128100,acNe1yiWIYqeezhBFm0Kia0kS0EYP21EUTHo2K9FFqDh6OPkJH9jbNkeysbE0D8X,3.34094,3.813167,4.293999,0,1806000,23.429828,Interactive,1,1.75
128400,acNe1yiWIYqeezhBFm0Kia0kS0EYP21EUTHo2K9FFqDh6OPkJH9jbNkeysbE0D8X,3.3212230000000003,3.842206,4.666426,0,1806000,23.429828,Interactive,1,1.75
128700,acNe1yiWIYqeezhBFm0Kia0kS0EYP21EUTHo2K9FFqDh6OPkJH9jbNkeysbE0D8X,3.4185730000000003,3.903308,4.5232220000000005,0,1806000,23.429828,Interactive,1,1.75
129000,acNe1yiWIYqeezhBFm0Kia0kS0EYP21EUTHo2K9FFqDh6OPkJH9jbNkeysbE0D8X,2.989092,3.837483,4.652376,0,1806000,23.429828,Interactive,1,1.75
129300,acNe1yiWIYqeezhBFm0Kia0kS0EYP21EUTHo2K9FFqDh6OPkJH9jbNkeysbE0D8X,3.2912550000000005,3.867925,4.6382080000000006,0,1806000,23.429828,Interactive,1,1.75
129600,acNe1yiWIYqeezhBFm0Kia0kS0EYP21EUTHo2K9FFqDh6OPkJH9jbNkeysbE0D8X,3.5164440000000003,3.889586,4.578112,0,1806000,23.429828,Interactive,1,1.75
129900,acNe1yiWIYqeezhBFm0Kia0kS0EYP21EUTHo2K9FFqDh6OPkJH9jbNkeysbE0D8X,3.457645,4.397811,9.505921,0,1806000,23.429828,Interactive,1,1.75
130200,acNe1yiWIYqeezhBFm0Kia0kS0EYP21EUTHo2K9FFqDh6OPkJH9jbNkeysbE0D8X,3.294685,3.854072,4.726245,0,1806000,23.429828,Interactive,1,1.75
130500,acNe1yiWIYqeezhBFm0Kia0kS0EYP21EUTHo2K9FFqDh6OPkJH9jbNkeysbE0D8X,3.145846,3.843135,4.649603,0,1806000,23.429828,Interactive,1,1.75
130800,acNe1yiWIYqeezhBFm0Kia0kS0EYP21EUTHo2K9FFqDh6OPkJH9jbNkeysbE0D8X,3.193098,3.790226,4.633124,0,1806000,23.429828,Interactive,1,1.75
131100,acNe1yiWIYqeezhBFm0Kia0kS0EYP21EUTHo2K9FFqDh6OPkJH9jbNkeysbE0D8X,2.640177,3.746171,4.826633,0,1806000,23.429828,Interactive,1,1.75
131400,acNe1yiWIYqeezhBFm0Kia0kS0EYP21EUTHo2K9FFqDh6OPkJH9jbNkeysbE0D8X,3.45272,3.981797,4.584589,0,1806000,23.429828,Interactive,1,1.75
131700,acNe1yiWIYqeezhBFm0Kia0kS0EYP21EUTHo2K9FFqDh6OPkJH9jbNkeysbE0D8X,2.444232,3.782722,4.369154,0,1806000,23.429828,Interactive,1,1.75
132000,acNe1yiWIYqeezhBFm0Kia0kS0EYP21EUTHo2K9FFqDh6OPkJH9jbNkeysbE0D8X,3.357667,3.959726,4.80591,0,1806000,23.429828,Interactive,1,1.75
132300,acNe1yiWIYqeezhBFm0Kia0kS0EYP21EUTHo2K9FFqDh6OPkJH9jbNkeysbE0D8X,3.212076,3.929137,4.5357400000000005,0,1806000,23.429828,Interactive,1,1.75
132600,acNe1yiWIYqeezhBFm0Kia0kS0EYP21EUTHo2K9FFqDh6OPkJH9jbNkeysbE0D8X,3.405053,3.832164,4.578204,0,1806000,23.429828,Interactive,1,1.75
132900,acNe1yiWIYqeezhBFm0Kia0kS0EYP21EUTHo2K9FFqDh6OPkJH9jbNkeysbE0D8X,3.2260310000000003,3.756,4.547175,0,1806000,23.429828,Interactive,1,1.75
133200,acNe1yiWIYqeezhBFm0Kia0kS0EYP21EUTHo2K9FFqDh6OPkJH9jbNkeysbE0D8X,3.1311400000000003,3.78726,4.514278,0,1806000,23.429828,Interactive,1,1.75
133500,acNe1yiWIYqeezhBFm0Kia0kS0EYP21EUTHo2K9FFqDh6OPkJH9jbNkeysbE0D8X,3.526063,4.30801,9.092779,0,1806000,23.429828,Interactive,1,1.75
133800,acNe1yiWIYqeezhBFm0Kia0kS0EYP21EUTHo2K9FFqDh6OPkJH9jbNkeysbE0D8X,3.215917,3.865688,4.693745,0,1806000,23.429828,Interactive,1,1.75
134100,acNe1yiWIYqeezhBFm0Kia0kS0EYP21EUTHo2K9FFqDh6OPkJH9jbNkeysbE0D8X,3.25979,3.911993,4.491455,0,1806000,23.429828,Interactive,1,1.75
134400,acNe1yiWIYqeezhBFm0Kia0kS0EYP21EUTHo2K9FFqDh6OPkJH9jbNkeysbE0D8X,2.854406,3.791861,4.162905,0,1806000,23.429828,Interactive,1,1.75
134700,acNe1yiWIYqeezhBFm0Kia0kS0EYP21EUTHo2K9FFqDh6OPkJH9jbNkeysbE0D8X,3.218315,3.843211,4.757568,0,1806000,23.429828,Interactive,1,1.75
135000,acNe1yiWIYqeezhBFm0Kia0kS0EYP21EUTHo2K9FFqDh6OPkJH9jbNkeysbE0D8X,3.554333,3.920744000000001,4.515408,0,1806000,23.429828,Interactive,1,1.75
135300,acNe1yiWIYqeezhBFm0Kia0kS0EYP21EUTHo2K9FFqDh6OPkJH9jbNkeysbE0D8X,3.43135,3.865315,4.551944000000001,0,1806000,23.429828,Interactive,1,1.75
135600,acNe1yiWIYqeezhBFm0Kia0kS0EYP21EUTHo2K9FFqDh6OPkJH9jbNkeysbE0D8X,3.2410400000000004,3.827112,4.526203,0,1806000,23.429828,Interactive,1,1.75
135900,acNe1yiWIYqeezhBFm0Kia0kS0EYP21EUTHo2K9FFqDh6OPkJH9jbNkeysbE0D8X,3.03052,3.837738,4.523946,0,1806000,23.429828,Interactive,1,1.75
136200,acNe1yiWIYqeezhBFm0Kia0kS0EYP21EUTHo2K9FFqDh6OPkJH9jbNkeysbE0D8X,3.385828,3.806024,4.6092830000000005,0,1806000,23.429828,Interactive,1,1.75
136500,acNe1yiWIYqeezhBFm0Kia0kS0EYP21EUTHo2K9FFqDh6OPkJH9jbNkeysbE0D8X,3.424664,3.834153,4.639755999999999,0,1806000,23.429828,Interactive,1,1.75
136800,acNe1yiWIYqeezhBFm0Kia0kS0EYP21EUTHo2K9FFqDh6OPkJH9jbNkeysbE0D8X,3.459419,3.820980000000001,4.423419,0,1806000,23.429828,Interactive,1,1.75
137100,acNe1yiWIYqeezhBFm0Kia0kS0EYP21EUTHo2K9FFqDh6OPkJH9jbNkeysbE0D8X,3.438915,4.442080000000001,7.798103999999999,0,1806000,23.429828,Interactive,1,1.75
137400,acNe1yiWIYqeezhBFm0Kia0kS0EYP21EUTHo2K9FFqDh6OPkJH9jbNkeysbE0D8X,3.374674,3.809486,4.648186,0,1806000,23.429828,Interactive,1,1.75
137700,acNe1yiWIYqeezhBFm0Kia0kS0EYP21EUTHo2K9FFqDh6OPkJH9jbNkeysbE0D8X,3.752133,4.038198,4.609721,0,1806000,23.429828,Interactive,1,1.75
138000,acNe1yiWIYqeezhBFm0Kia0kS0EYP21EUTHo2K9FFqDh6OPkJH9jbNkeysbE0D8X,3.335382,3.778999,4.466767,0,1806000,23.429828,Interactive,1,1.75
138300,acNe1yiWIYqeezhBFm0Kia0kS0EYP21EUTHo2K9FFqDh6OPkJH9jbNkeysbE0D8X,3.1714990000000003,3.915821,4.794563,0,1806000,23.429828,Interactive,1,1.75
138600,acNe1yiWIYqeezhBFm0Kia0kS0EYP21EUTHo2K9FFqDh6OPkJH9jbNkeysbE0D8X,3.361448,3.899213,4.462858,0,1806000,23.429828,Interactive,1,1.75
138900,acNe1yiWIYqeezhBFm0Kia0kS0EYP21EUTHo2K9FFqDh6OPkJH9jbNkeysbE0D8X,3.297964,3.776119,4.4689760000000005,0,1806000,23.429828,Interactive,1,1.75
139200,acNe1yiWIYqeezhBFm0Kia0kS0EYP21EUTHo2K9FFqDh6OPkJH9jbNkeysbE0D8X,3.11019,3.931741,4.84494,0,1806000,23.429828,Interactive,1,1.75
139500,acNe1yiWIYqeezhBFm0Kia0kS0EYP21EUTHo2K9FFqDh6OPkJH9jbNkeysbE0D8X,3.421311,3.891512,4.3187,0,1806000,23.429828,Interactive,1,1.75
139800,acNe1yiWIYqeezhBFm0Kia0kS0EYP21EUTHo2K9FFqDh6OPkJH9jbNkeysbE0D8X,3.646069,3.892127,4.592258999999999,0,1806000,23.429828,Interactive,1,1.75
140100,acNe1yiWIYqeezhBFm0Kia0kS0EYP21EUTHo2K9FFqDh6OPkJH9jbNkeysbE0D8X,2.7752950000000003,3.865109,4.662273,0,1806000,23.429828,Interactive,1,1.75
140400,acNe1yiWIYqeezhBFm0Kia0kS0EYP21EUTHo2K9FFqDh6OPkJH9jbNkeysbE0D8X,3.480002,3.946337,4.423153,0,1806000,23.429828,Interactive,1,1.75
140700,acNe1yiWIYqeezhBFm0Kia0kS0EYP21EUTHo2K9FFqDh6OPkJH9jbNkeysbE0D8X,3.68339,4.502775,10.073105,0,1806000,23.429828,Interactive,1,1.75
141000,acNe1yiWIYqeezhBFm0Kia0kS0EYP21EUTHo2K9FFqDh6OPkJH9jbNkeysbE0D8X,2.580502,3.819707,4.797884,0,1806000,23.429828,Interactive,1,1.75
141300,acNe1yiWIYqeezhBFm0Kia0kS0EYP21EUTHo2K9FFqDh6OPkJH9jbNkeysbE0D8X,2.98177,3.749442,4.389968,0,1806000,23.429828,Interactive,1,1.75
141600,acNe1yiWIYqeezhBFm0Kia0kS0EYP21EUTHo2K9FFqDh6OPkJH9jbNkeysbE0D8X,3.231404,3.769752,4.111442,0,1806000,23.429828,Interactive,1,1.75
141900,acNe1yiWIYqeezhBFm0Kia0kS0EYP21EUTHo2K9FFqDh6OPkJH9jbNkeysbE0D8X,3.5185480000000005,4.025963,4.729794999999999,0,1806000,23.429828,Interactive,1,1.75
142200,acNe1yiWIYqeezhBFm0Kia0kS0EYP21EUTHo2K9FFqDh6OPkJH9jbNkeysbE0D8X,3.204748,3.910184,4.57192,0,1806000,23.429828,Interactive,1,1.75
142500,acNe1yiWIYqeezhBFm0Kia0kS0EYP21EUTHo2K9FFqDh6OPkJH9jbNkeysbE0D8X,3.16459,3.715456,4.708034,0,1806000,23.429828,Interactive,1,1.75
142800,acNe1yiWIYqeezhBFm0Kia0kS0EYP21EUTHo2K9FFqDh6OPkJH9jbNkeysbE0D8X,3.142587,3.781209,4.36605,0,1806000,23.429828,Interactive,1,1.75
143100,acNe1yiWIYqeezhBFm0Kia0kS0EYP21EUTHo2K9FFqDh6OPkJH9jbNkeysbE0D8X,3.423083,3.993611,4.610183999999999,0,1806000,23.429828,Interactive,1,1.75
143400,acNe1yiWIYqeezhBFm0Kia0kS0EYP21EUTHo2K9FFqDh6OPkJH9jbNkeysbE0D8X,3.239017,3.770896,4.21269,0,1806000,23.429828,Interactive,1,1.75
143700,acNe1yiWIYqeezhBFm0Kia0kS0EYP21EUTHo2K9FFqDh6OPkJH9jbNkeysbE0D8X,2.857406,3.803181,4.878453,0,1806000,23.429828,Interactive,1,1.75
144000,acNe1yiWIYqeezhBFm0Kia0kS0EYP21EUTHo2K9FFqDh6OPkJH9jbNkeysbE0D8X,3.244486,3.770544,4.410397,0,1806000,23.429828,Interactive,1,1.75
144300,acNe1yiWIYqeezhBFm0Kia0kS0EYP21EUTHo2K9FFqDh6OPkJH9jbNkeysbE0D8X,3.515218,4.421617,9.88834,0,1806000,23.429828,Interactive,1,1.75
144600,acNe1yiWIYqeezhBFm0Kia0kS0EYP21EUTHo2K9FFqDh6OPkJH9jbNkeysbE0D8X,3.387946,3.862088,4.504002,0,1806000,23.429828,Interactive,1,1.75
144900,acNe1yiWIYqeezhBFm0Kia0kS0EYP21EUTHo2K9FFqDh6OPkJH9jbNkeysbE0D8X,3.177577,3.805342,4.452586,0,1806000,23.429828,Interactive,1,1.75
145200,acNe1yiWIYqeezhBFm0Kia0kS0EYP21EUTHo2K9FFqDh6OPkJH9jbNkeysbE0D8X,3.271154,3.767032,4.265159,0,1806000,23.429828,Interactive,1,1.75
145500,acNe1yiWIYqeezhBFm0Kia0kS0EYP21EUTHo2K9FFqDh6OPkJH9jbNkeysbE0D8X,3.38296,3.884957,4.458026,0,1806000,23.429828,Interactive,1,1.75
145800,acNe1yiWIYqeezhBFm0Kia0kS0EYP21EUTHo2K9FFqDh6OPkJH9jbNkeysbE0D8X,3.215742,3.92844,4.343184,0,1806000,23.429828,Interactive,1,1.75
146100,acNe1yiWIYqeezhBFm0Kia0kS0EYP21EUTHo2K9FFqDh6OPkJH9jbNkeysbE0D8X,3.434733,3.887491,4.297682,0,1806000,23.429828,Interactive,1,1.75
146400,acNe1yiWIYqeezhBFm0Kia0kS0EYP21EUTHo2K9FFqDh6OPkJH9jbNkeysbE0D8X,3.284725,3.799365,4.305952,0,1806000,23.429828,Interactive,1,1.75
146700,acNe1yiWIYqeezhBFm0Kia0kS0EYP21EUTHo2K9FFqDh6OPkJH9jbNkeysbE0D8X,3.43751,3.902113,4.210257,0,1806000,23.429828,Interactive,1,1.75
147000,acNe1yiWIYqeezhBFm0Kia0kS0EYP21EUTHo2K9FFqDh6OPkJH9jbNkeysbE0D8X,3.400013,3.769447,4.300847,0,1806000,23.429828,Interactive,1,1.75
147300,acNe1yiWIYqeezhBFm0Kia0kS0EYP21EUTHo2K9FFqDh6OPkJH9jbNkeysbE0D8X,2.423047,3.713892,4.638365,0,1806000,23.429828,Interactive,1,1.75
147600,acNe1yiWIYqeezhBFm0Kia0kS0EYP21EUTHo2K9FFqDh6OPkJH9jbNkeysbE0D8X,3.541226,3.888052,4.447704,0,1806000,23.429828,Interactive,1,1.75
147900,acNe1yiWIYqeezhBFm0Kia0kS0EYP21EUTHo2K9FFqDh6OPkJH9jbNkeysbE0D8X,3.544178,4.388563,9.77704,0,1806000,23.429828,Interactive,1,1.75
148200,acNe1yiWIYqeezhBFm0Kia0kS0EYP21EUTHo2K9FFqDh6OPkJH9jbNkeysbE0D8X,3.189276,3.860989,4.730983999999999,0,1806000,23.429828,Interactive,1,1.75
148500,acNe1yiWIYqeezhBFm0Kia0kS0EYP21EUTHo2K9FFqDh6OPkJH9jbNkeysbE0D8X,2.439099,3.640365,4.430835,0,1806000,23.429828,Interactive,1,1.75
148800,acNe1yiWIYqeezhBFm0Kia0kS0EYP21EUTHo2K9FFqDh6OPkJH9jbNkeysbE0D8X,3.306175,3.790501,4.416576,0,1806000,23.429828,Interactive,1,1.75
149100,acNe1yiWIYqeezhBFm0Kia0kS0EYP21EUTHo2K9FFqDh6OPkJH9jbNkeysbE0D8X,3.416318,3.781324,4.221552,0,1806000,23.429828,Interactive,1,1.75
149400,acNe1yiWIYqeezhBFm0Kia0kS0EYP21EUTHo2K9FFqDh6OPkJH9jbNkeysbE0D8X,3.298746,3.711568,4.411151,0,1806000,23.429828,Interactive,1,1.75
149700,acNe1yiWIYqeezhBFm0Kia0kS0EYP21EUTHo2K9FFqDh6OPkJH9jbNkeysbE0D8X,3.295736,3.690074,4.053573,0,1806000,23.429828,Interactive,1,1.75
150000,acNe1yiWIYqeezhBFm0Kia0kS0EYP21EUTHo2K9FFqDh6OPkJH9jbNkeysbE0D8X,2.813073,3.574638,3.905668,0,1806000,23.429828,Interactive,1,1.75
150300,acNe1yiWIYqeezhBFm0Kia0kS0EYP21EUTHo2K9FFqDh6OPkJH9jbNkeysbE0D8X,3.516157,3.751219,4.131068,0,1806000,23.429828,Interactive,1,1.75
150600,acNe1yiWIYqeezhBFm0Kia0kS0EYP21EUTHo2K9FFqDh6OPkJH9jbNkeysbE0D8X,3.445677,3.789579,4.373046,0,1806000,23.429828,Interactive,1,1.75
150900,acNe1yiWIYqeezhBFm0Kia0kS0EYP21EUTHo2K9FFqDh6OPkJH9jbNkeysbE0D8X,3.214054,3.723725,4.498187000000001,0,1806000,23.429828,Interactive,1,1.75
151200,acNe1yiWIYqeezhBFm0Kia0kS0EYP21EUTHo2K9FFqDh6OPkJH9jbNkeysbE0D8X,3.14986,5.814907,25.671976,0,1806000,23.429828,Interactive,1,1.75
151500,acNe1yiWIYqeezhBFm0Kia0kS0EYP21EUTHo2K9FFqDh6OPkJH9jbNkeysbE0D8X,3.503472,4.48785,9.669606,0,1806000,23.429828,Interactive,1,1.75
151800,acNe1yiWIYqeezhBFm0Kia0kS0EYP21EUTHo2K9FFqDh6OPkJH9jbNkeysbE0D8X,3.15195,5.815786,24.379023,0,1806000,23.429828,Interactive,1,1.75
152100,acNe1yiWIYqeezhBFm0Kia0kS0EYP21EUTHo2K9FFqDh6OPkJH9jbNkeysbE0D8X,3.065984,3.641009,4.615764,0,1806000,23.429828,Interactive,1,1.75
152400,acNe1yiWIYqeezhBFm0Kia0kS0EYP21EUTHo2K9FFqDh6OPkJH9jbNkeysbE0D8X,2.871929,3.64829,4.577081,0,1806000,23.429828,Interactive,1,1.75
152700,acNe1yiWIYqeezhBFm0Kia0kS0EYP21EUTHo2K9FFqDh6OPkJH9jbNkeysbE0D8X,2.715293,3.77279,5.084658,0,1806000,23.429828,Interactive,1,1.75
153000,acNe1yiWIYqeezhBFm0Kia0kS0EYP21EUTHo2K9FFqDh6OPkJH9jbNkeysbE0D8X,3.4972540000000003,3.849241,4.598498,0,1806000,23.429828,Interactive,1,1.75
153300,acNe1yiWIYqeezhBFm0Kia0kS0EYP21EUTHo2K9FFqDh6OPkJH9jbNkeysbE0D8X,2.476521,3.790522,4.892656,0,1806000,23.429828,Interactive,1,1.75
153600,acNe1yiWIYqeezhBFm0Kia0kS0EYP21EUTHo2K9FFqDh6OPkJH9jbNkeysbE0D8X,3.437832,3.934549,5.004901,0,1806000,23.429828,Interactive,1,1.75
153900,acNe1yiWIYqeezhBFm0Kia0kS0EYP21EUTHo2K9FFqDh6OPkJH9jbNkeysbE0D8X,3.3794410000000004,3.88297,4.698782,0,1806000,23.429828,Interactive,1,1.75
154200,acNe1yiWIYqeezhBFm0Kia0kS0EYP21EUTHo2K9FFqDh6OPkJH9jbNkeysbE0D8X,3.213987,4.307999,6.981445,0,1806000,23.429828,Interactive,1,1.75
154500,acNe1yiWIYqeezhBFm0Kia0kS0EYP21EUTHo2K9FFqDh6OPkJH9jbNkeysbE0D8X,3.521593,3.85618,5.184495,0,1806000,23.429828,Interactive,1,1.75
154800,acNe1yiWIYqeezhBFm0Kia0kS0EYP21EUTHo2K9FFqDh6OPkJH9jbNkeysbE0D8X,3.030484,4.315925,7.378049000000001,0,1806000,23.429828,Interactive,1,1.75
155100,acNe1yiWIYqeezhBFm0Kia0kS0EYP21EUTHo2K9FFqDh6OPkJH9jbNkeysbE0D8X,2.931373,4.540183,10.18527,0,1806000,23.429828,Interactive,1,1.75
155400,acNe1yiWIYqeezhBFm0Kia0kS0EYP21EUTHo2K9FFqDh6OPkJH9jbNkeysbE0D8X,3.3982339999999995,5.432785,12.613585,0,1806000,23.429828,Interactive,1,1.75
155700,acNe1yiWIYqeezhBFm0Kia0kS0EYP21EUTHo2K9FFqDh6OPkJH9jbNkeysbE0D8X,3.4356910000000003,4.648475,11.168095,0,1806000,23.429828,Interactive,1,1.75
156000,acNe1yiWIYqeezhBFm0Kia0kS0EYP21EUTHo2K9FFqDh6OPkJH9jbNkeysbE0D8X,3.144215,3.918283,5.187693,0,1806000,23.429828,Interactive,1,1.75
156300,acNe1yiWIYqeezhBFm0Kia0kS0EYP21EUTHo2K9FFqDh6OPkJH9jbNkeysbE0D8X,3.499282,3.946178,4.768263,0,1806000,23.429828,Interactive,1,1.75
156600,acNe1yiWIYqeezhBFm0Kia0kS0EYP21EUTHo2K9FFqDh6OPkJH9jbNkeysbE0D8X,2.266368,3.709441,4.279875,0,1806000,23.429828,Interactive,1,1.75
156900,acNe1yiWIYqeezhBFm0Kia0kS0EYP21EUTHo2K9FFqDh6OPkJH9jbNkeysbE0D8X,3.368224,3.777107,4.72347,0,1806000,23.429828,Interactive,1,1.75
157200,acNe1yiWIYqeezhBFm0Kia0kS0EYP21EUTHo2K9FFqDh6OPkJH9jbNkeysbE0D8X,2.4283330000000003,3.750239,4.8773,0,1806000,23.429828,Interactive,1,1.75
157500,acNe1yiWIYqeezhBFm0Kia0kS0EYP21EUTHo2K9FFqDh6OPkJH9jbNkeysbE0D8X,3.139603,3.770085,4.349805,0,1806000,23.429828,Interactive,1,1.75
157800,acNe1yiWIYqeezhBFm0Kia0kS0EYP21EUTHo2K9FFqDh6OPkJH9jbNkeysbE0D8X,3.2945260000000003,3.93541,4.807991,0,1806000,23.429828,Interactive,1,1.75
158100,acNe1yiWIYqeezhBFm0Kia0kS0EYP21EUTHo2K9FFqDh6OPkJH9jbNkeysbE0D8X,3.182084,3.749673000000001,4.874512999999999,0,1806000,23.429828,Interactive,1,1.75
158400,acNe1yiWIYqeezhBFm0Kia0kS0EYP21EUTHo2K9FFqDh6OPkJH9jbNkeysbE0D8X,3.2768620000000004,3.82374,4.73054,0,1806000,23.429828,Interactive,1,1.75
158700,acNe1yiWIYqeezhBFm0Kia0kS0EYP21EUTHo2K9FFqDh6OPkJH9jbNkeysbE0D8X,3.178019,4.5363,10.136525,0,1806000,23.429828,Interactive,1,1.75
159000,acNe1yiWIYqeezhBFm0Kia0kS0EYP21EUTHo2K9FFqDh6OPkJH9jbNkeysbE0D8X,3.638469,3.922787000000001,4.985894,0,1806000,23.429828,Interactive,1,1.75
159300,acNe1yiWIYqeezhBFm0Kia0kS0EYP21EUTHo2K9FFqDh6OPkJH9jbNkeysbE0D8X,3.433734,3.795498,4.688816,0,1806000,23.429828,Interactive,1,1.75
159600,acNe1yiWIYqeezhBFm0Kia0kS0EYP21EUTHo2K9FFqDh6OPkJH9jbNkeysbE0D8X,3.374137,3.851949,4.557091000000001,0,1806000,23.429828,Interactive,1,1.75
159900,acNe1yiWIYqeezhBFm0Kia0kS0EYP21EUTHo2K9FFqDh6OPkJH9jbNkeysbE0D8X,3.5829470000000003,3.936779,4.639366000000001,0,1806000,23.429828,Interactive,1,1.75
160200,acNe1yiWIYqeezhBFm0Kia0kS0EYP21EUTHo2K9FFqDh6OPkJH9jbNkeysbE0D8X,3.356182,3.728097,4.765086,0,1806000,23.429828,Interactive,1,1.75
160500,acNe1yiWIYqeezhBFm0Kia0kS0EYP21EUTHo2K9FFqDh6OPkJH9jbNkeysbE0D8X,2.993363,3.728085,4.682796,0,1806000,23.429828,Interactive,1,1.75
160800,acNe1yiWIYqeezhBFm0Kia0kS0EYP21EUTHo2K9FFqDh6OPkJH9jbNkeysbE0D8X,2.74263,3.754826,4.586742,0,1806000,23.429828,Interactive,1,1.75
161100,acNe1yiWIYqeezhBFm0Kia0kS0EYP21EUTHo2K9FFqDh6OPkJH9jbNkeysbE0D8X,3.097688,3.773418,4.884859,0,1806000,23.429828,Interactive,1,1.75
161400,acNe1yiWIYqeezhBFm0Kia0kS0EYP21EUTHo2K9FFqDh6OPkJH9jbNkeysbE0D8X,2.796649,3.877636,4.74518,0,1806000,23.429828,Interactive,1,1.75
161700,acNe1yiWIYqeezhBFm0Kia0kS0EYP21EUTHo2K9FFqDh6OPkJH9jbNkeysbE0D8X,3.395601,3.846221,4.757378,0,1806000,23.429828,Interactive,1,1.75
162000,acNe1yiWIYqeezhBFm0Kia0kS0EYP21EUTHo2K9FFqDh6OPkJH9jbNkeysbE0D8X,2.928114,4.057517,6.066586,0,1806000,23.429828,Interactive,1,1.75
162300,acNe1yiWIYqeezhBFm0Kia0kS0EYP21EUTHo2K9FFqDh6OPkJH9jbNkeysbE0D8X,2.781949,5.098499,11.202491,0,1806000,23.429828,Interactive,1,1.75
162600,acNe1yiWIYqeezhBFm0Kia0kS0EYP21EUTHo2K9FFqDh6OPkJH9jbNkeysbE0D8X,2.865683,3.774112,4.950755,0,1806000,23.429828,Interactive,1,1.75
162900,acNe1yiWIYqeezhBFm0Kia0kS0EYP21EUTHo2K9FFqDh6OPkJH9jbNkeysbE0D8X,2.659691,3.69819,4.662446,0,1806000,23.429828,Interactive,1,1.75
163200,acNe1yiWIYqeezhBFm0Kia0kS0EYP21EUTHo2K9FFqDh6OPkJH9jbNkeysbE0D8X,3.339163,3.88225,4.569376999999999,0,1806000,23.429828,Interactive,1,1.75
163500,acNe1yiWIYqeezhBFm0Kia0kS0EYP21EUTHo2K9FFqDh6OPkJH9jbNkeysbE0D8X,3.069428,3.848176,5.024657,0,1806000,23.429828,Interactive,1,1.75
163800,acNe1yiWIYqeezhBFm0Kia0kS0EYP21EUTHo2K9FFqDh6OPkJH9jbNkeysbE0D8X,3.322581,3.885064,4.762415,0,1806000,23.429828,Interactive,1,1.75
164100,acNe1yiWIYqeezhBFm0Kia0kS0EYP21EUTHo2K9FFqDh6OPkJH9jbNkeysbE0D8X,3.305274,3.823674,4.879183,0,1806000,23.429828,Interactive,1,1.75
164400,acNe1yiWIYqeezhBFm0Kia0kS0EYP21EUTHo2K9FFqDh6OPkJH9jbNkeysbE0D8X,3.481974,3.840974,4.863743,0,1806000,23.429828,Interactive,1,1.75
164700,acNe1yiWIYqeezhBFm0Kia0kS0EYP21EUTHo2K9FFqDh6OPkJH9jbNkeysbE0D8X,3.235294,3.859606,4.7101120000000005,0,1806000,23.429828,Interactive,1,1.75
165000,acNe1yiWIYqeezhBFm0Kia0kS0EYP21EUTHo2K9FFqDh6OPkJH9jbNkeysbE0D8X,3.312064,3.872189,4.718287999999999,0,1806000,23.429828,Interactive,1,1.75
165300,acNe1yiWIYqeezhBFm0Kia0kS0EYP21EUTHo2K9FFqDh6OPkJH9jbNkeysbE0D8X,3.239746,3.917212,5.107423000000001,0,1806000,23.429828,Interactive,1,1.75
165600,acNe1yiWIYqeezhBFm0Kia0kS0EYP21EUTHo2K9FFqDh6OPkJH9jbNkeysbE0D8X,2.55162,3.73452,4.737576,0,1806000,23.429828,Interactive,1,1.75
165900,acNe1yiWIYqeezhBFm0Kia0kS0EYP21EUTHo2K9FFqDh6OPkJH9jbNkeysbE0D8X,3.3293220000000003,4.504131,9.7837,0,1806000,23.429828,Interactive,1,1.75
166200,acNe1yiWIYqeezhBFm0Kia0kS0EYP21EUTHo2K9FFqDh6OPkJH9jbNkeysbE0D8X,2.590913,3.820878,5.130537,0,1806000,23.429828,Interactive,1,1.75
166500,acNe1yiWIYqeezhBFm0Kia0kS0EYP21EUTHo2K9FFqDh6OPkJH9jbNkeysbE0D8X,3.493895,3.906853,4.694383,0,1806000,23.429828,Interactive,1,1.75
166800,acNe1yiWIYqeezhBFm0Kia0kS0EYP21EUTHo2K9FFqDh6OPkJH9jbNkeysbE0D8X,2.886755,3.83213,4.959962,0,1806000,23.429828,Interactive,1,1.75
167100,acNe1yiWIYqeezhBFm0Kia0kS0EYP21EUTHo2K9FFqDh6OPkJH9jbNkeysbE0D8X,3.2901010000000004,3.892727,4.473580999999999,0,1806000,23.429828,Interactive,1,1.75
167400,acNe1yiWIYqeezhBFm0Kia0kS0EYP21EUTHo2K9FFqDh6OPkJH9jbNkeysbE0D8X,2.85747,3.794705,4.728373,0,1806000,23.429828,Interactive,1,1.75
167700,acNe1yiWIYqeezhBFm0Kia0kS0EYP21EUTHo2K9FFqDh6OPkJH9jbNkeysbE0D8X,3.4669300000000005,3.962313,4.792468,0,1806000,23.429828,Interactive,1,1.75
168000,acNe1yiWIYqeezhBFm0Kia0kS0EYP21EUTHo2K9FFqDh6OPkJH9jbNkeysbE0D8X,2.991191,3.793048,4.880669,0,1806000,23.429828,Interactive,1,1.75
168300,acNe1yiWIYqeezhBFm0Kia0kS0EYP21EUTHo2K9FFqDh6OPkJH9jbNkeysbE0D8X,3.373966,3.830402,4.62637,0,1806000,23.429828,Interactive,1,1.75
168600,acNe1yiWIYqeezhBFm0Kia0kS0EYP21EUTHo2K9FFqDh6OPkJH9jbNkeysbE0D8X,3.083062,3.857223,4.803018,0,1806000,23.429828,Interactive,1,1.75
168900,acNe1yiWIYqeezhBFm0Kia0kS0EYP21EUTHo2K9FFqDh6OPkJH9jbNkeysbE0D8X,3.2939830000000003,3.849851,4.779093,0,1806000,23.429828,Interactive,1,1.75
169200,acNe1yiWIYqeezhBFm0Kia0kS0EYP21EUTHo2K9FFqDh6OPkJH9jbNkeysbE0D8X,3.561995,3.831636,4.24856,0,1806000,23.429828,Interactive,1,1.75
169500,acNe1yiWIYqeezhBFm0Kia0kS0EYP21EUTHo2K9FFqDh6OPkJH9jbNkeysbE0D8X,3.003123,4.506253,10.213162,0,1806000,23.429828,Interactive,1,1.75
169800,acNe1yiWIYqeezhBFm0Kia0kS0EYP21EUTHo2K9FFqDh6OPkJH9jbNkeysbE0D8X,3.005812,3.84862,4.999909,0,1806000,23.429828,Interactive,1,1.75
170100,acNe1yiWIYqeezhBFm0Kia0kS0EYP21EUTHo2K9FFqDh6OPkJH9jbNkeysbE0D8X,3.003705,3.80597,4.639795,0,1806000,23.429828,Interactive,1,1.75
170400,acNe1yiWIYqeezhBFm0Kia0kS0EYP21EUTHo2K9FFqDh6OPkJH9jbNkeysbE0D8X,3.281741,3.913519,4.756390000000001,0,1806000,23.429828,Interactive,1,1.75
170700,acNe1yiWIYqeezhBFm0Kia0kS0EYP21EUTHo2K9FFqDh6OPkJH9jbNkeysbE0D8X,3.1629560000000003,3.778421,4.512738,0,1806000,23.429828,Interactive,1,1.75
171000,acNe1yiWIYqeezhBFm0Kia0kS0EYP21EUTHo2K9FFqDh6OPkJH9jbNkeysbE0D8X,3.171338,3.720597,4.604318,0,1806000,23.429828,Interactive,1,1.75
171300,acNe1yiWIYqeezhBFm0Kia0kS0EYP21EUTHo2K9FFqDh6OPkJH9jbNkeysbE0D8X,2.8746720000000003,3.646839,4.430478,0,1806000,23.429828,Interactive,1,1.75
171600,acNe1yiWIYqeezhBFm0Kia0kS0EYP21EUTHo2K9FFqDh6OPkJH9jbNkeysbE0D8X,2.518137,3.081454,3.714419,0,1806000,23.429828,Interactive,1,1.75
171900,acNe1yiWIYqeezhBFm0Kia0kS0EYP21EUTHo2K9FFqDh6OPkJH9jbNkeysbE0D8X,2.84423,3.091586,3.696078,0,1806000,23.429828,Interactive,1,1.75
172200,acNe1yiWIYqeezhBFm0Kia0kS0EYP21EUTHo2K9FFqDh6OPkJH9jbNkeysbE0D8X,2.888467,3.138208,3.581326,0,1806000,23.429828,Interactive,1,1.75
172500,acNe1yiWIYqeezhBFm0Kia0kS0EYP21EUTHo2K9FFqDh6OPkJH9jbNkeysbE0D8X,2.892763,3.169579,3.982972,0,1806000,23.429828,Interactive,1,1.75
172800,acNe1yiWIYqeezhBFm0Kia0kS0EYP21EUTHo2K9FFqDh6OPkJH9jbNkeysbE0D8X,2.681967,3.171666,3.87172,0,1806000,23.429828,Interactive,1,1.75
173100,acNe1yiWIYqeezhBFm0Kia0kS0EYP21EUTHo2K9FFqDh6OPkJH9jbNkeysbE0D8X,2.944,3.831191000000001,9.368104,0,1806000,23.429828,Interactive,1,1.75
173400,acNe1yiWIYqeezhBFm0Kia0kS0EYP21EUTHo2K9FFqDh6OPkJH9jbNkeysbE0D8X,2.833071,3.182512,3.971985,0,1806000,23.429828,Interactive,1,1.75
173700,acNe1yiWIYqeezhBFm0Kia0kS0EYP21EUTHo2K9FFqDh6OPkJH9jbNkeysbE0D8X,2.82476,3.143712,3.779176,0,1806000,23.429828,Interactive,1,1.75
174000,acNe1yiWIYqeezhBFm0Kia0kS0EYP21EUTHo2K9FFqDh6OPkJH9jbNkeysbE0D8X,2.8222080000000003,3.226826,3.856645,0,1806000,23.429828,Interactive,1,1.75
174300,acNe1yiWIYqeezhBFm0Kia0kS0EYP21EUTHo2K9FFqDh6OPkJH9jbNkeysbE0D8X,2.927091,3.70009,4.865915,0,1806000,23.429828,Interactive,1,1.75
174600,acNe1yiWIYqeezhBFm0Kia0kS0EYP21EUTHo2K9FFqDh6OPkJH9jbNkeysbE0D8X,3.28117,3.8081,4.392421,0,1806000,23.429828,Interactive,1,1.75
174900,acNe1yiWIYqeezhBFm0Kia0kS0EYP21EUTHo2K9FFqDh6OPkJH9jbNkeysbE0D8X,3.373056,3.875262,4.734858,0,1806000,23.429828,Interactive,1,1.75
175200,acNe1yiWIYqeezhBFm0Kia0kS0EYP21EUTHo2K9FFqDh6OPkJH9jbNkeysbE0D8X,3.568302,3.970835,4.897259,0,1806000,23.429828,Interactive,1,1.75
175500,acNe1yiWIYqeezhBFm0Kia0kS0EYP21EUTHo2K9FFqDh6OPkJH9jbNkeysbE0D8X,3.452942,3.878965,4.611634,0,1806000,23.429828,Interactive,1,1.75
175800,acNe1yiWIYqeezhBFm0Kia0kS0EYP21EUTHo2K9FFqDh6OPkJH9jbNkeysbE0D8X,3.187085,3.868348,4.605224,0,1806000,23.429828,Interactive,1,1.75
176100,acNe1yiWIYqeezhBFm0Kia0kS0EYP21EUTHo2K9FFqDh6OPkJH9jbNkeysbE0D8X,3.2866760000000004,3.781903,4.311458999999999,0,1806000,23.429828,Interactive,1,1.75
176400,acNe1yiWIYqeezhBFm0Kia0kS0EYP21EUTHo2K9FFqDh6OPkJH9jbNkeysbE0D8X,3.172342,3.5927230000000003,4.017543,0,1806000,23.429828,Interactive,1,1.75
176700,acNe1yiWIYqeezhBFm0Kia0kS0EYP21EUTHo2K9FFqDh6OPkJH9jbNkeysbE0D8X,3.360493,4.45784,9.626402,0,1806000,23.429828,Interactive,1,1.75
177000,acNe1yiWIYqeezhBFm0Kia0kS0EYP21EUTHo2K9FFqDh6OPkJH9jbNkeysbE0D8X,3.220461,3.801559,4.5087150000000005,0,1806000,23.429828,Interactive,1,1.75
177300,acNe1yiWIYqeezhBFm0Kia0kS0EYP21EUTHo2K9FFqDh6OPkJH9jbNkeysbE0D8X,3.647559,3.810402,4.643267,0,1806000,23.429828,Interactive,1,1.75
177600,acNe1yiWIYqeezhBFm0Kia0kS0EYP21EUTHo2K9FFqDh6OPkJH9jbNkeysbE0D8X,3.51021,3.838542,4.661624,0,1806000,23.429828,Interactive,1,1.75
177900,acNe1yiWIYqeezhBFm0Kia0kS0EYP21EUTHo2K9FFqDh6OPkJH9jbNkeysbE0D8X,3.194702,3.73616,4.585545,0,1806000,23.429828,Interactive,1,1.75
178200,acNe1yiWIYqeezhBFm0Kia0kS0EYP21EUTHo2K9FFqDh6OPkJH9jbNkeysbE0D8X,3.340354,3.778249,4.642693,0,1806000,23.429828,Interactive,1,1.75
178500,acNe1yiWIYqeezhBFm0Kia0kS0EYP21EUTHo2K9FFqDh6OPkJH9jbNkeysbE0D8X,3.455429,3.804305,4.633328,0,1806000,23.429828,Interactive,1,1.75
178800,acNe1yiWIYqeezhBFm0Kia0kS0EYP21EUTHo2K9FFqDh6OPkJH9jbNkeysbE0D8X,2.101598,3.665193,4.648293,0,1806000,23.429828,Interactive,1,1.75
179100,acNe1yiWIYqeezhBFm0Kia0kS0EYP21EUTHo2K9FFqDh6OPkJH9jbNkeysbE0D8X,3.367303,3.71031,4.48306,0,1806000,23.429828,Interactive,1,1.75
179400,acNe1yiWIYqeezhBFm0Kia0kS0EYP21EUTHo2K9FFqDh6OPkJH9jbNkeysbE0D8X,3.3664650000000003,3.928409,4.849679,0,1806000,23.429828,Interactive,1,1.75
179700,acNe1yiWIYqeezhBFm0Kia0kS0EYP21EUTHo2K9FFqDh6OPkJH9jbNkeysbE0D8X,3.268353,3.76972,4.432283999999999,0,1806000,23.429828,Interactive,1,1.75
180000,acNe1yiWIYqeezhBFm0Kia0kS0EYP21EUTHo2K9FFqDh6OPkJH9jbNkeysbE0D8X,3.271357,3.923391000000001,4.709919,0,1806000,23.429828,Interactive,1,1.75
180300,acNe1yiWIYqeezhBFm0Kia0kS0EYP21EUTHo2K9FFqDh6OPkJH9jbNkeysbE0D8X,3.398183,4.571779,8.114771000000001,0,1806000,23.429828,Interactive,1,1.75
180600,acNe1yiWIYqeezhBFm0Kia0kS0EYP21EUTHo2K9FFqDh6OPkJH9jbNkeysbE0D8X,3.43907,3.934538,4.821128,0,1806000,23.429828,Interactive,1,1.75
180900,acNe1yiWIYqeezhBFm0Kia0kS0EYP21EUTHo2K9FFqDh6OPkJH9jbNkeysbE0D8X,3.527842,3.976816,4.614346,0,1806000,23.429828,Interactive,1,1.75
181200,acNe1yiWIYqeezhBFm0Kia0kS0EYP21EUTHo2K9FFqDh6OPkJH9jbNkeysbE0D8X,3.132945,3.896624,4.652191999999999,0,1806000,23.429828,Interactive,1,1.75
181500,acNe1yiWIYqeezhBFm0Kia0kS0EYP21EUTHo2K9FFqDh6OPkJH9jbNkeysbE0D8X,3.525081,4.031398,4.83407,0,1806000,23.429828,Interactive,1,1.75
181800,acNe1yiWIYqeezhBFm0Kia0kS0EYP21EUTHo2K9FFqDh6OPkJH9jbNkeysbE0D8X,3.1276330000000003,3.782289,4.319331,0,1806000,23.429828,Interactive,1,1.75
182100,acNe1yiWIYqeezhBFm0Kia0kS0EYP21EUTHo2K9FFqDh6OPkJH9jbNkeysbE0D8X,3.386397,3.967344,4.794480999999999,0,1806000,23.429828,Interactive,1,1.75
182400,acNe1yiWIYqeezhBFm0Kia0kS0EYP21EUTHo2K9FFqDh6OPkJH9jbNkeysbE0D8X,3.403343,3.953844,4.748026,0,1806000,23.429828,Interactive,1,1.75
182700,acNe1yiWIYqeezhBFm0Kia0kS0EYP21EUTHo2K9FFqDh6OPkJH9jbNkeysbE0D8X,3.689426,3.909936,4.214466000000001,0,1806000,23.429828,Interactive,1,1.75
183000,acNe1yiWIYqeezhBFm0Kia0kS0EYP21EUTHo2K9FFqDh6OPkJH9jbNkeysbE0D8X,2.161719,3.726604,4.543313,0,1806000,23.429828,Interactive,1,1.75
183300,acNe1yiWIYqeezhBFm0Kia0kS0EYP21EUTHo2K9FFqDh6OPkJH9jbNkeysbE0D8X,3.236777,3.73778,4.374874,0,1806000,23.429828,Interactive,1,1.75
183600,acNe1yiWIYqeezhBFm0Kia0kS0EYP21EUTHo2K9FFqDh6OPkJH9jbNkeysbE0D8X,2.666045,3.773443,4.556147,0,1806000,23.429828,Interactive,1,1.75
183900,acNe1yiWIYqeezhBFm0Kia0kS0EYP21EUTHo2K9FFqDh6OPkJH9jbNkeysbE0D8X,3.505037,4.465362,9.627593,0,1806000,23.429828,Interactive,1,1.75
184200,acNe1yiWIYqeezhBFm0Kia0kS0EYP21EUTHo2K9FFqDh6OPkJH9jbNkeysbE0D8X,3.224568,3.89061,4.616979,0,1806000,23.429828,Interactive,1,1.75
184500,acNe1yiWIYqeezhBFm0Kia0kS0EYP21EUTHo2K9FFqDh6OPkJH9jbNkeysbE0D8X,3.358718,3.791449,4.512556,0,1806000,23.429828,Interactive,1,1.75
184800,acNe1yiWIYqeezhBFm0Kia0kS0EYP21EUTHo2K9FFqDh6OPkJH9jbNkeysbE0D8X,3.438764,3.901065,4.579406,0,1806000,23.429828,Interactive,1,1.75
185100,acNe1yiWIYqeezhBFm0Kia0kS0EYP21EUTHo2K9FFqDh6OPkJH9jbNkeysbE0D8X,2.176483,3.731853,4.638413,0,1806000,23.429828,Interactive,1,1.75
185400,acNe1yiWIYqeezhBFm0Kia0kS0EYP21EUTHo2K9FFqDh6OPkJH9jbNkeysbE0D8X,3.514545,3.882678,4.288925,0,1806000,23.429828,Interactive,1,1.75
185700,acNe1yiWIYqeezhBFm0Kia0kS0EYP21EUTHo2K9FFqDh6OPkJH9jbNkeysbE0D8X,3.656203,4.040707,4.793891,0,1806000,23.429828,Interactive,1,1.75
186000,acNe1yiWIYqeezhBFm0Kia0kS0EYP21EUTHo2K9FFqDh6OPkJH9jbNkeysbE0D8X,3.5447940000000004,3.875752,4.411442,0,1806000,23.429828,Interactive,1,1.75
186300,acNe1yiWIYqeezhBFm0Kia0kS0EYP21EUTHo2K9FFqDh6OPkJH9jbNkeysbE0D8X,3.200174,3.840909,4.55,0,1806000,23.429828,Interactive,1,1.75
186600,acNe1yiWIYqeezhBFm0Kia0kS0EYP21EUTHo2K9FFqDh6OPkJH9jbNkeysbE0D8X,3.463974,3.857425,4.757583,0,1806000,23.429828,Interactive,1,1.75
186900,acNe1yiWIYqeezhBFm0Kia0kS0EYP21EUTHo2K9FFqDh6OPkJH9jbNkeysbE0D8X,3.4809120000000005,3.912404,4.417492,0,1806000,23.429828,Interactive,1,1.75
187200,acNe1yiWIYqeezhBFm0Kia0kS0EYP21EUTHo2K9FFqDh6OPkJH9jbNkeysbE0D8X,3.2480290000000003,3.746411,4.3960870000000005,0,1806000,23.429828,Interactive,1,1.75
187500,acNe1yiWIYqeezhBFm0Kia0kS0EYP21EUTHo2K9FFqDh6OPkJH9jbNkeysbE0D8X,3.388152,4.53023,9.644706,0,1806000,23.429828,Interactive,1,1.75
187800,acNe1yiWIYqeezhBFm0Kia0kS0EYP21EUTHo2K9FFqDh6OPkJH9jbNkeysbE0D8X,2.977609,3.848339,4.538412999999999,0,1806000,23.429828,Interactive,1,1.75
188100,acNe1yiWIYqeezhBFm0Kia0kS0EYP21EUTHo2K9FFqDh6OPkJH9jbNkeysbE0D8X,3.273699,3.844416,4.613814,0,1806000,23.429828,Interactive,1,1.75
188400,acNe1yiWIYqeezhBFm0Kia0kS0EYP21EUTHo2K9FFqDh6OPkJH9jbNkeysbE0D8X,3.202594,3.887280000000001,4.733343,0,1806000,23.429828,Interactive,1,1.75
188700,acNe1yiWIYqeezhBFm0Kia0kS0EYP21EUTHo2K9FFqDh6OPkJH9jbNkeysbE0D8X,3.217144,3.940632,4.697144000000001,0,1806000,23.429828,Interactive,1,1.75
189000,acNe1yiWIYqeezhBFm0Kia0kS0EYP21EUTHo2K9FFqDh6OPkJH9jbNkeysbE0D8X,2.392488,3.754277,4.312499,0,1806000,23.429828,Interactive,1,1.75
189300,acNe1yiWIYqeezhBFm0Kia0kS0EYP21EUTHo2K9FFqDh6OPkJH9jbNkeysbE0D8X,3.506742,3.938463,4.590757,0,1806000,23.429828,Interactive,1,1.75
189600,acNe1yiWIYqeezhBFm0Kia0kS0EYP21EUTHo2K9FFqDh6OPkJH9jbNkeysbE0D8X,2.061608,3.687131,4.681155,0,1806000,23.429828,Interactive,1,1.75
189900,acNe1yiWIYqeezhBFm0Kia0kS0EYP21EUTHo2K9FFqDh6OPkJH9jbNkeysbE0D8X,3.4145550000000005,3.887054,4.421968,0,1806000,23.429828,Interactive,1,1.75
190200,acNe1yiWIYqeezhBFm0Kia0kS0EYP21EUTHo2K9FFqDh6OPkJH9jbNkeysbE0D8X,3.195726,3.75598,4.624715,0,1806000,23.429828,Interactive,1,1.75
190500,acNe1yiWIYqeezhBFm0Kia0kS0EYP21EUTHo2K9FFqDh6OPkJH9jbNkeysbE0D8X,3.283381,3.969473,4.737383,0,1806000,23.429828,Interactive,1,1.75
190800,acNe1yiWIYqeezhBFm0Kia0kS0EYP21EUTHo2K9FFqDh6OPkJH9jbNkeysbE0D8X,3.096747,3.755253,4.466232,0,1806000,23.429828,Interactive,1,1.75
191100,acNe1yiWIYqeezhBFm0Kia0kS0EYP21EUTHo2K9FFqDh6OPkJH9jbNkeysbE0D8X,3.163333,4.540013,10.040564,0,1806000,23.429828,Interactive,1,1.75
191400,acNe1yiWIYqeezhBFm0Kia0kS0EYP21EUTHo2K9FFqDh6OPkJH9jbNkeysbE0D8X,3.3968230000000004,3.833315,4.700768,0,1806000,23.429828,Interactive,1,1.75
191700,acNe1yiWIYqeezhBFm0Kia0kS0EYP21EUTHo2K9FFqDh6OPkJH9jbNkeysbE0D8X,3.4006199999999995,3.86386,4.450396,0,1806000,23.429828,Interactive,1,1.75
192000,acNe1yiWIYqeezhBFm0Kia0kS0EYP21EUTHo2K9FFqDh6OPkJH9jbNkeysbE0D8X,3.204588,3.900401,4.612941,0,1806000,23.429828,Interactive,1,1.75
192300,acNe1yiWIYqeezhBFm0Kia0kS0EYP21EUTHo2K9FFqDh6OPkJH9jbNkeysbE0D8X,3.616495,3.895618,4.560326,0,1806000,23.429828,Interactive,1,1.75
192600,acNe1yiWIYqeezhBFm0Kia0kS0EYP21EUTHo2K9FFqDh6OPkJH9jbNkeysbE0D8X,3.137991,3.77466,4.472949,0,1806000,23.429828,Interactive,1,1.75
192900,acNe1yiWIYqeezhBFm0Kia0kS0EYP21EUTHo2K9FFqDh6OPkJH9jbNkeysbE0D8X,3.343976,3.843893,4.739079,0,1806000,23.429828,Interactive,1,1.75
193200,acNe1yiWIYqeezhBFm0Kia0kS0EYP21EUTHo2K9FFqDh6OPkJH9jbNkeysbE0D8X,3.067965,3.788078,4.532274,0,1806000,23.429828,Interactive,1,1.75
193500,acNe1yiWIYqeezhBFm0Kia0kS0EYP21EUTHo2K9FFqDh6OPkJH9jbNkeysbE0D8X,3.525951,3.897951,4.496541000000001,0,1806000,23.429828,Interactive,1,1.75
193800,acNe1yiWIYqeezhBFm0Kia0kS0EYP21EUTHo2K9FFqDh6OPkJH9jbNkeysbE0D8X,3.673032,3.959388,4.598148,0,1806000,23.429828,Interactive,1,1.75
194100,acNe1yiWIYqeezhBFm0Kia0kS0EYP21EUTHo2K9FFqDh6OPkJH9jbNkeysbE0D8X,3.15316,3.848514,4.616454,0,1806000,23.429828,Interactive,1,1.75
194400,acNe1yiWIYqeezhBFm0Kia0kS0EYP21EUTHo2K9FFqDh6OPkJH9jbNkeysbE0D8X,3.251996,3.893780000000001,4.406505999999999,0,1806000,23.429828,Interactive,1,1.75
194700,acNe1yiWIYqeezhBFm0Kia0kS0EYP21EUTHo2K9FFqDh6OPkJH9jbNkeysbE0D8X,3.472478,4.556316000000001,10.002819,0,1806000,23.429828,Interactive,1,1.75
195000,acNe1yiWIYqeezhBFm0Kia0kS0EYP21EUTHo2K9FFqDh6OPkJH9jbNkeysbE0D8X,3.55895,4.002466,4.739946,0,1806000,23.429828,Interactive,1,1.75
195300,acNe1yiWIYqeezhBFm0Kia0kS0EYP21EUTHo2K9FFqDh6OPkJH9jbNkeysbE0D8X,2.3544970000000003,3.730351,4.299477,0,1806000,23.429828,Interactive,1,1.75
195600,acNe1yiWIYqeezhBFm0Kia0kS0EYP21EUTHo2K9FFqDh6OPkJH9jbNkeysbE0D8X,3.050298,3.902271,4.727098000000001,0,1806000,23.429828,Interactive,1,1.75
195900,acNe1yiWIYqeezhBFm0Kia0kS0EYP21EUTHo2K9FFqDh6OPkJH9jbNkeysbE0D8X,3.4863180000000003,3.877708,4.585274,0,1806000,23.429828,Interactive,1,1.75
196200,acNe1yiWIYqeezhBFm0Kia0kS0EYP21EUTHo2K9FFqDh6OPkJH9jbNkeysbE0D8X,3.409314,3.838634,4.2976160000000005,0,1806000,23.429828,Interactive,1,1.75
196500,acNe1yiWIYqeezhBFm0Kia0kS0EYP21EUTHo2K9FFqDh6OPkJH9jbNkeysbE0D8X,1.976753,3.538785,4.798417,0,1806000,23.429828,Interactive,1,1.75
196800,acNe1yiWIYqeezhBFm0Kia0kS0EYP21EUTHo2K9FFqDh6OPkJH9jbNkeysbE0D8X,2.960817,3.3731190000000004,3.971297,0,1806000,23.429828,Interactive,1,1.75
197100,acNe1yiWIYqeezhBFm0Kia0kS0EYP21EUTHo2K9FFqDh6OPkJH9jbNkeysbE0D8X,3.037983,3.642776,4.388326999999999,0,1806000,23.429828,Interactive,1,1.75
197400,acNe1yiWIYqeezhBFm0Kia0kS0EYP21EUTHo2K9FFqDh6OPkJH9jbNkeysbE0D8X,3.4448260000000004,3.898259,4.647136,0,1806000,23.429828,Interactive,1,1.75
197700,acNe1yiWIYqeezhBFm0Kia0kS0EYP21EUTHo2K9FFqDh6OPkJH9jbNkeysbE0D8X,3.277727,3.929439,4.579408,0,1806000,23.429828,Interactive,1,1.75
198000,acNe1yiWIYqeezhBFm0Kia0kS0EYP21EUTHo2K9FFqDh6OPkJH9jbNkeysbE0D8X,3.255388,4.479278,7.197021,0,1806000,23.429828,Interactive,1,1.75
198300,acNe1yiWIYqeezhBFm0Kia0kS0EYP21EUTHo2K9FFqDh6OPkJH9jbNkeysbE0D8X,3.204914,4.408583999999999,9.859986,0,1806000,23.429828,Interactive,1,1.75
198600,acNe1yiWIYqeezhBFm0Kia0kS0EYP21EUTHo2K9FFqDh6OPkJH9jbNkeysbE0D8X,3.278102,3.775719,4.172162,0,1806000,23.429828,Interactive,1,1.75
198900,acNe1yiWIYqeezhBFm0Kia0kS0EYP21EUTHo2K9FFqDh6OPkJH9jbNkeysbE0D8X,3.353078,3.550799,3.741914,0,1806000,23.429828,Interactive,1,1.75
199200,acNe1yiWIYqeezhBFm0Kia0kS0EYP21EUTHo2K9FFqDh6OPkJH9jbNkeysbE0D8X,7.463067,8.269744000000001,9.024578,0,1806000,23.429828,Interactive,1,1.75
199500,acNe1yiWIYqeezhBFm0Kia0kS0EYP21EUTHo2K9FFqDh6OPkJH9jbNkeysbE0D8X,7.584953,8.089443,9.260782,0,1806000,23.429828,Interactive,1,1.75
199800,acNe1yiWIYqeezhBFm0Kia0kS0EYP21EUTHo2K9FFqDh6OPkJH9jbNkeysbE0D8X,3.737678,8.819165,14.323885999999998,0,1806000,23.429828,Interactive,1,1.75
200100,acNe1yiWIYqeezhBFm0Kia0kS0EYP21EUTHo2K9FFqDh6OPkJH9jbNkeysbE0D8X,3.280796,3.786496,4.426443,0,1806000,23.429828,Interactive,1,1.75
200400,acNe1yiWIYqeezhBFm0Kia0kS0EYP21EUTHo2K9FFqDh6OPkJH9jbNkeysbE0D8X,3.204195,3.956414,5.688211,0,1806000,23.429828,Interactive,1,1.75
200700,acNe1yiWIYqeezhBFm0Kia0kS0EYP21EUTHo2K9FFqDh6OPkJH9jbNkeysbE0D8X,3.404252,3.909109,4.705501,0,1806000,23.429828,Interactive,1,1.75
201000,acNe1yiWIYqeezhBFm0Kia0kS0EYP21EUTHo2K9FFqDh6OPkJH9jbNkeysbE0D8X,3.4848730000000003,3.95459,4.609593,0,1806000,23.429828,Interactive,1,1.75
201300,acNe1yiWIYqeezhBFm0Kia0kS0EYP21EUTHo2K9FFqDh6OPkJH9jbNkeysbE0D8X,3.084732,3.702343,4.081753,0,1806000,23.429828,Interactive,1,1.75
201600,acNe1yiWIYqeezhBFm0Kia0kS0EYP21EUTHo2K9FFqDh6OPkJH9jbNkeysbE0D8X,2.811574,3.111171,3.997497,0,1806000,23.429828,Interactive,1,1.75
201900,acNe1yiWIYqeezhBFm0Kia0kS0EYP21EUTHo2K9FFqDh6OPkJH9jbNkeysbE0D8X,2.322708,3.472928,4.05994,0,1806000,23.429828,Interactive,1,1.75
202200,acNe1yiWIYqeezhBFm0Kia0kS0EYP21EUTHo2K9FFqDh6OPkJH9jbNkeysbE0D8X,3.013064,3.682217,4.545523,0,1806000,23.429828,Interactive,1,1.75
202500,acNe1yiWIYqeezhBFm0Kia0kS0EYP21EUTHo2K9FFqDh6OPkJH9jbNkeysbE0D8X,3.370976,3.905663,5.164749,0,1806000,23.429828,Interactive,1,1.75
202800,acNe1yiWIYqeezhBFm0Kia0kS0EYP21EUTHo2K9FFqDh6OPkJH9jbNkeysbE0D8X,3.24818,3.877678,4.687391000000001,0,1806000,23.429828,Interactive,1,1.75
203100,acNe1yiWIYqeezhBFm0Kia0kS0EYP21EUTHo2K9FFqDh6OPkJH9jbNkeysbE0D8X,3.088925,3.894086,4.571828,0,1806000,23.429828,Interactive,1,1.75
203400,acNe1yiWIYqeezhBFm0Kia0kS0EYP21EUTHo2K9FFqDh6OPkJH9jbNkeysbE0D8X,3.78579,5.580535,7.859462,0,1806000,23.429828,Interactive,1,1.75
203700,acNe1yiWIYqeezhBFm0Kia0kS0EYP21EUTHo2K9FFqDh6OPkJH9jbNkeysbE0D8X,3.067587,5.652302,8.255228,0,1806000,23.429828,Interactive,1,1.75
204000,acNe1yiWIYqeezhBFm0Kia0kS0EYP21EUTHo2K9FFqDh6OPkJH9jbNkeysbE0D8X,3.3287760000000004,3.861997,4.729908,0,1806000,23.429828,Interactive,1,1.75
204300,acNe1yiWIYqeezhBFm0Kia0kS0EYP21EUTHo2K9FFqDh6OPkJH9jbNkeysbE0D8X,3.352878,4.012716,5.153073,0,1806000,23.429828,Interactive,1,1.75
204600,acNe1yiWIYqeezhBFm0Kia0kS0EYP21EUTHo2K9FFqDh6OPkJH9jbNkeysbE0D8X,3.351018,3.834149,4.364855,0,1806000,23.429828,Interactive,1,1.75
204900,acNe1yiWIYqeezhBFm0Kia0kS0EYP21EUTHo2K9FFqDh6OPkJH9jbNkeysbE0D8X,3.368184,4.062125,4.792172,0,1806000,23.429828,Interactive,1,1.75
205200,acNe1yiWIYqeezhBFm0Kia0kS0EYP21EUTHo2K9FFqDh6OPkJH9jbNkeysbE0D8X,2.939038,3.894713,5.179576,0,1806000,23.429828,Interactive,1,1.75
205500,acNe1yiWIYqeezhBFm0Kia0kS0EYP21EUTHo2K9FFqDh6OPkJH9jbNkeysbE0D8X,3.157471,3.863214,4.766576000000001,0,1806000,23.429828,Interactive,1,1.75
205800,acNe1yiWIYqeezhBFm0Kia0kS0EYP21EUTHo2K9FFqDh6OPkJH9jbNkeysbE0D8X,3.460636,3.96891,4.573112999999999,0,1806000,23.429828,Interactive,1,1.75
206100,acNe1yiWIYqeezhBFm0Kia0kS0EYP21EUTHo2K9FFqDh6OPkJH9jbNkeysbE0D8X,2.946541,3.778203,4.558251,0,1806000,23.429828,Interactive,1,1.75
206400,acNe1yiWIYqeezhBFm0Kia0kS0EYP21EUTHo2K9FFqDh6OPkJH9jbNkeysbE0D8X,3.288674,3.86533,4.798133,0,1806000,23.429828,Interactive,1,1.75
206700,acNe1yiWIYqeezhBFm0Kia0kS0EYP21EUTHo2K9FFqDh6OPkJH9jbNkeysbE0D8X,3.562908,4.030908999999999,4.808097,0,1806000,23.429828,Interactive,1,1.75
207000,acNe1yiWIYqeezhBFm0Kia0kS0EYP21EUTHo2K9FFqDh6OPkJH9jbNkeysbE0D8X,3.305454,4.000232,4.879848,0,1806000,23.429828,Interactive,1,1.75
207300,acNe1yiWIYqeezhBFm0Kia0kS0EYP21EUTHo2K9FFqDh6OPkJH9jbNkeysbE0D8X,3.612048,5.046762999999999,9.548492,0,1806000,23.429828,Interactive,1,1.75
207600,acNe1yiWIYqeezhBFm0Kia0kS0EYP21EUTHo2K9FFqDh6OPkJH9jbNkeysbE0D8X,3.4754410000000004,3.962566,4.632855999999999,0,1806000,23.429828,Interactive,1,1.75
207900,acNe1yiWIYqeezhBFm0Kia0kS0EYP21EUTHo2K9FFqDh6OPkJH9jbNkeysbE0D8X,3.516556,3.883228,4.937355,0,1806000,23.429828,Interactive,1,1.75
208200,acNe1yiWIYqeezhBFm0Kia0kS0EYP21EUTHo2K9FFqDh6OPkJH9jbNkeysbE0D8X,3.14507,3.84831,4.384279,0,1806000,23.429828,Interactive,1,1.75
208500,acNe1yiWIYqeezhBFm0Kia0kS0EYP21EUTHo2K9FFqDh6OPkJH9jbNkeysbE0D8X,3.606444,3.993191,4.421551,0,1806000,23.429828,Interactive,1,1.75
208800,acNe1yiWIYqeezhBFm0Kia0kS0EYP21EUTHo2K9FFqDh6OPkJH9jbNkeysbE0D8X,3.366039,3.852822,4.605102,0,1806000,23.429828,Interactive,1,1.75
209100,acNe1yiWIYqeezhBFm0Kia0kS0EYP21EUTHo2K9FFqDh6OPkJH9jbNkeysbE0D8X,3.4628309999999995,3.942235,4.743894999999999,0,1806000,23.429828,Interactive,1,1.75
209400,acNe1yiWIYqeezhBFm0Kia0kS0EYP21EUTHo2K9FFqDh6OPkJH9jbNkeysbE0D8X,3.665911,4.08586,4.569191,0,1806000,23.429828,Interactive,1,1.75
209700,acNe1yiWIYqeezhBFm0Kia0kS0EYP21EUTHo2K9FFqDh6OPkJH9jbNkeysbE0D8X,3.2836769999999995,3.895229,5.064856,0,1806000,23.429828,Interactive,1,1.75
210000,acNe1yiWIYqeezhBFm0Kia0kS0EYP21EUTHo2K9FFqDh6OPkJH9jbNkeysbE0D8X,3.599249,4.07226,4.886417,0,1806000,23.429828,Interactive,1,1.75
210300,acNe1yiWIYqeezhBFm0Kia0kS0EYP21EUTHo2K9FFqDh6OPkJH9jbNkeysbE0D8X,3.4709260000000004,3.956889,4.721233,0,1806000,23.429828,Interactive,1,1.75
210600,acNe1yiWIYqeezhBFm0Kia0kS0EYP21EUTHo2K9FFqDh6OPkJH9jbNkeysbE0D8X,3.15761,3.891312,4.875801999999999,0,1806000,23.429828,Interactive,1,1.75
210900,acNe1yiWIYqeezhBFm0Kia0kS0EYP21EUTHo2K9FFqDh6OPkJH9jbNkeysbE0D8X,3.655311,5.036819,8.283082,0,1806000,23.429828,Interactive,1,1.75
211200,acNe1yiWIYqeezhBFm0Kia0kS0EYP21EUTHo2K9FFqDh6OPkJH9jbNkeysbE0D8X,2.294569,3.767838,4.733658,0,1806000,23.429828,Interactive,1,1.75
211500,acNe1yiWIYqeezhBFm0Kia0kS0EYP21EUTHo2K9FFqDh6OPkJH9jbNkeysbE0D8X,3.637435,3.985615,5.093125,0,1806000,23.429828,Interactive,1,1.75
211800,acNe1yiWIYqeezhBFm0Kia0kS0EYP21EUTHo2K9FFqDh6OPkJH9jbNkeysbE0D8X,3.647307,3.974317,4.7595410000000005,0,1806000,23.429828,Interactive,1,1.75
212100,acNe1yiWIYqeezhBFm0Kia0kS0EYP21EUTHo2K9FFqDh6OPkJH9jbNkeysbE0D8X,3.239389,4.036481,4.544678,0,1806000,23.429828,Interactive,1,1.75
212400,acNe1yiWIYqeezhBFm0Kia0kS0EYP21EUTHo2K9FFqDh6OPkJH9jbNkeysbE0D8X,3.492544,3.960541000000001,4.528516000000001,0,1806000,23.429828,Interactive,1,1.75
212700,acNe1yiWIYqeezhBFm0Kia0kS0EYP21EUTHo2K9FFqDh6OPkJH9jbNkeysbE0D8X,3.134027,3.80732,4.243023,0,1806000,23.429828,Interactive,1,1.75
213000,acNe1yiWIYqeezhBFm0Kia0kS0EYP21EUTHo2K9FFqDh6OPkJH9jbNkeysbE0D8X,3.540112,4.017759,4.496271,0,1806000,23.429828,Interactive,1,1.75
213300,acNe1yiWIYqeezhBFm0Kia0kS0EYP21EUTHo2K9FFqDh6OPkJH9jbNkeysbE0D8X,3.286808,3.882364,4.995615,0,1806000,23.429828,Interactive,1,1.75
213600,acNe1yiWIYqeezhBFm0Kia0kS0EYP21EUTHo2K9FFqDh6OPkJH9jbNkeysbE0D8X,3.4616860000000003,3.928231,4.656225,0,1806000,23.429828,Interactive,1,1.75
213900,acNe1yiWIYqeezhBFm0Kia0kS0EYP21EUTHo2K9FFqDh6OPkJH9jbNkeysbE0D8X,3.187794,3.913178,4.714263,0,1806000,23.429828,Interactive,1,1.75
214200,acNe1yiWIYqeezhBFm0Kia0kS0EYP21EUTHo2K9FFqDh6OPkJH9jbNkeysbE0D8X,3.605751,3.984826,5.089257,0,1806000,23.429828,Interactive,1,1.75
214500,acNe1yiWIYqeezhBFm0Kia0kS0EYP21EUTHo2K9FFqDh6OPkJH9jbNkeysbE0D8X,3.69029,4.372782,7.795269,0,1806000,23.429828,Interactive,1,1.75
214800,acNe1yiWIYqeezhBFm0Kia0kS0EYP21EUTHo2K9FFqDh6OPkJH9jbNkeysbE0D8X,3.557204,4.75849,7.925961999999999,0,1806000,23.429828,Interactive,1,1.75
215100,acNe1yiWIYqeezhBFm0Kia0kS0EYP21EUTHo2K9FFqDh6OPkJH9jbNkeysbE0D8X,3.4564449999999995,4.022557,5.087594999999999,0,1806000,23.429828,Interactive,1,1.75
215400,acNe1yiWIYqeezhBFm0Kia0kS0EYP21EUTHo2K9FFqDh6OPkJH9jbNkeysbE0D8X,3.305309,3.920028,4.874469,0,1806000,23.429828,Interactive,1,1.75
215700,acNe1yiWIYqeezhBFm0Kia0kS0EYP21EUTHo2K9FFqDh6OPkJH9jbNkeysbE0D8X,3.559661,4.00231,4.552053,0,1806000,23.429828,Interactive,1,1.75
216000,acNe1yiWIYqeezhBFm0Kia0kS0EYP21EUTHo2K9FFqDh6OPkJH9jbNkeysbE0D8X,3.26141,4.0143580000000005,4.974749,0,1806000,23.429828,Interactive,1,1.75
216300,acNe1yiWIYqeezhBFm0Kia0kS0EYP21EUTHo2K9FFqDh6OPkJH9jbNkeysbE0D8X,3.2621830000000003,3.763041,4.709021,0,1806000,23.429828,Interactive,1,1.75
216600,acNe1yiWIYqeezhBFm0Kia0kS0EYP21EUTHo2K9FFqDh6OPkJH9jbNkeysbE0D8X,3.5527550000000003,3.896469,4.576033,0,1806000,23.429828,Interactive,1,1.75
216900,acNe1yiWIYqeezhBFm0Kia0kS0EYP21EUTHo2K9FFqDh6OPkJH9jbNkeysbE0D8X,3.125153,3.714815,4.352081,0,1806000,23.429828,Interactive,1,1.75
217200,acNe1yiWIYqeezhBFm0Kia0kS0EYP21EUTHo2K9FFqDh6OPkJH9jbNkeysbE0D8X,3.476067,3.833151,4.793985,0,1806000,23.429828,Interactive,1,1.75
217500,acNe1yiWIYqeezhBFm0Kia0kS0EYP21EUTHo2K9FFqDh6OPkJH9jbNkeysbE0D8X,3.248143,3.740896,4.34552,0,1806000,23.429828,Interactive,1,1.75
217800,acNe1yiWIYqeezhBFm0Kia0kS0EYP21EUTHo2K9FFqDh6OPkJH9jbNkeysbE0D8X,3.222119,3.698487,4.2161,0,1806000,23.429828,Interactive,1,1.75
218100,acNe1yiWIYqeezhBFm0Kia0kS0EYP21EUTHo2K9FFqDh6OPkJH9jbNkeysbE0D8X,2.868021,3.332228,3.997255,0,1806000,23.429828,Interactive,1,1.75
218400,acNe1yiWIYqeezhBFm0Kia0kS0EYP21EUTHo2K9FFqDh6OPkJH9jbNkeysbE0D8X,2.944028,4.335327,7.716976,0,1806000,23.429828,Interactive,1,1.75
218700,acNe1yiWIYqeezhBFm0Kia0kS0EYP21EUTHo2K9FFqDh6OPkJH9jbNkeysbE0D8X,3.103213,3.530407,4.588638,0,1806000,23.429828,Interactive,1,1.75
219000,acNe1yiWIYqeezhBFm0Kia0kS0EYP21EUTHo2K9FFqDh6OPkJH9jbNkeysbE0D8X,3.379748,3.720891,4.614148,0,1806000,23.429828,Interactive,1,1.75
219300,acNe1yiWIYqeezhBFm0Kia0kS0EYP21EUTHo2K9FFqDh6OPkJH9jbNkeysbE0D8X,3.386344,3.886154,4.520232,0,1806000,23.429828,Interactive,1,1.75
219600,acNe1yiWIYqeezhBFm0Kia0kS0EYP21EUTHo2K9FFqDh6OPkJH9jbNkeysbE0D8X,3.445882,3.874574,4.66402,0,1806000,23.429828,Interactive,1,1.75
219900,acNe1yiWIYqeezhBFm0Kia0kS0EYP21EUTHo2K9FFqDh6OPkJH9jbNkeysbE0D8X,3.287827,3.815482,4.522525,0,1806000,23.429828,Interactive,1,1.75
220200,acNe1yiWIYqeezhBFm0Kia0kS0EYP21EUTHo2K9FFqDh6OPkJH9jbNkeysbE0D8X,3.435107,3.928013,4.448928,0,1806000,23.429828,Interactive,1,1.75
220500,acNe1yiWIYqeezhBFm0Kia0kS0EYP21EUTHo2K9FFqDh6OPkJH9jbNkeysbE0D8X,3.03667,3.790597,4.904672,0,1806000,23.429828,Interactive,1,1.75
220800,acNe1yiWIYqeezhBFm0Kia0kS0EYP21EUTHo2K9FFqDh6OPkJH9jbNkeysbE0D8X,3.332146,3.822304,4.770095,0,1806000,23.429828,Interactive,1,1.75
221100,acNe1yiWIYqeezhBFm0Kia0kS0EYP21EUTHo2K9FFqDh6OPkJH9jbNkeysbE0D8X,3.245861,3.85782,4.533171,0,1806000,23.429828,Interactive,1,1.75
221400,acNe1yiWIYqeezhBFm0Kia0kS0EYP21EUTHo2K9FFqDh6OPkJH9jbNkeysbE0D8X,3.516045,3.928617,4.805634,0,1806000,23.429828,Interactive,1,1.75
221700,acNe1yiWIYqeezhBFm0Kia0kS0EYP21EUTHo2K9FFqDh6OPkJH9jbNkeysbE0D8X,3.159472,3.765948,4.793129,0,1806000,23.429828,Interactive,1,1.75
222000,acNe1yiWIYqeezhBFm0Kia0kS0EYP21EUTHo2K9FFqDh6OPkJH9jbNkeysbE0D8X,3.640397,5.745549,8.467119,0,1806000,23.429828,Interactive,1,1.75
222300,acNe1yiWIYqeezhBFm0Kia0kS0EYP21EUTHo2K9FFqDh6OPkJH9jbNkeysbE0D8X,3.438071,3.829346,4.734152,0,1806000,23.429828,Interactive,1,1.75
222600,acNe1yiWIYqeezhBFm0Kia0kS0EYP21EUTHo2K9FFqDh6OPkJH9jbNkeysbE0D8X,3.4434910000000003,3.918609,4.568258,0,1806000,23.429828,Interactive,1,1.75
222900,acNe1yiWIYqeezhBFm0Kia0kS0EYP21EUTHo2K9FFqDh6OPkJH9jbNkeysbE0D8X,3.321799,3.981606,4.54255,0,1806000,23.429828,Interactive,1,1.75
223200,acNe1yiWIYqeezhBFm0Kia0kS0EYP21EUTHo2K9FFqDh6OPkJH9jbNkeysbE0D8X,3.213088,3.81308,4.943852,0,1806000,23.429828,Interactive,1,1.75
223500,acNe1yiWIYqeezhBFm0Kia0kS0EYP21EUTHo2K9FFqDh6OPkJH9jbNkeysbE0D8X,3.108092,3.853039,4.887599,0,1806000,23.429828,Interactive,1,1.75
223800,acNe1yiWIYqeezhBFm0Kia0kS0EYP21EUTHo2K9FFqDh6OPkJH9jbNkeysbE0D8X,3.621368,3.932402,4.557624,0,1806000,23.429828,Interactive,1,1.75
224100,acNe1yiWIYqeezhBFm0Kia0kS0EYP21EUTHo2K9FFqDh6OPkJH9jbNkeysbE0D8X,3.058911,4.378879,7.0204130000000005,0,1806000,23.429828,Interactive,1,1.75
224400,acNe1yiWIYqeezhBFm0Kia0kS0EYP21EUTHo2K9FFqDh6OPkJH9jbNkeysbE0D8X,3.409028,3.849249,4.848504,0,1806000,23.429828,Interactive,1,1.75
224700,acNe1yiWIYqeezhBFm0Kia0kS0EYP21EUTHo2K9FFqDh6OPkJH9jbNkeysbE0D8X,3.497713,3.940251,4.705783,0,1806000,23.429828,Interactive,1,1.75
225000,acNe1yiWIYqeezhBFm0Kia0kS0EYP21EUTHo2K9FFqDh6OPkJH9jbNkeysbE0D8X,3.718652,4.046668,5.0719970000000005,0,1806000,23.429828,Interactive,1,1.75
225300,acNe1yiWIYqeezhBFm0Kia0kS0EYP21EUTHo2K9FFqDh6OPkJH9jbNkeysbE0D8X,3.4662580000000003,3.867635,4.950019999999999,0,1806000,23.429828,Interactive,1,1.75
225600,acNe1yiWIYqeezhBFm0Kia0kS0EYP21EUTHo2K9FFqDh6OPkJH9jbNkeysbE0D8X,2.974223,4.474097,8.320278,0,1806000,23.429828,Interactive,1,1.75
225900,acNe1yiWIYqeezhBFm0Kia0kS0EYP21EUTHo2K9FFqDh6OPkJH9jbNkeysbE0D8X,3.5456300000000005,4.388544,8.412234,0,1806000,23.429828,Interactive,1,1.75
226200,acNe1yiWIYqeezhBFm0Kia0kS0EYP21EUTHo2K9FFqDh6OPkJH9jbNkeysbE0D8X,3.175727,3.782741,4.418337999999999,0,1806000,23.429828,Interactive,1,1.75
226500,acNe1yiWIYqeezhBFm0Kia0kS0EYP21EUTHo2K9FFqDh6OPkJH9jbNkeysbE0D8X,3.435439,3.951467,4.536624,0,1806000,23.429828,Interactive,1,1.75
226800,acNe1yiWIYqeezhBFm0Kia0kS0EYP21EUTHo2K9FFqDh6OPkJH9jbNkeysbE0D8X,3.399428,3.841399,4.303342,0,1806000,23.429828,Interactive,1,1.75
227100,acNe1yiWIYqeezhBFm0Kia0kS0EYP21EUTHo2K9FFqDh6OPkJH9jbNkeysbE0D8X,3.3532660000000005,3.827059,4.421263,0,1806000,23.429828,Interactive,1,1.75
227400,acNe1yiWIYqeezhBFm0Kia0kS0EYP21EUTHo2K9FFqDh6OPkJH9jbNkeysbE0D8X,3.3505800000000003,3.848877,5.164951,0,1806000,23.429828,Interactive,1,1.75
227700,acNe1yiWIYqeezhBFm0Kia0kS0EYP21EUTHo2K9FFqDh6OPkJH9jbNkeysbE0D8X,2.910025,3.447176,4.223758,0,1806000,23.429828,Interactive,1,1.75
228000,acNe1yiWIYqeezhBFm0Kia0kS0EYP21EUTHo2K9FFqDh6OPkJH9jbNkeysbE0D8X,3.117218,3.474652,4.031306,0,1806000,23.429828,Interactive,1,1.75
228300,acNe1yiWIYqeezhBFm0Kia0kS0EYP21EUTHo2K9FFqDh6OPkJH9jbNkeysbE0D8X,3.2661130000000003,3.675509,4.842301,0,1806000,23.429828,Interactive,1,1.75
228600,acNe1yiWIYqeezhBFm0Kia0kS0EYP21EUTHo2K9FFqDh6OPkJH9jbNkeysbE0D8X,3.227422,3.563252,4.100839,0,1806000,23.429828,Interactive,1,1.75
228900,acNe1yiWIYqeezhBFm0Kia0kS0EYP21EUTHo2K9FFqDh6OPkJH9jbNkeysbE0D8X,2.961346,3.568238,4.249981,0,1806000,23.429828,Interactive,1,1.75
229200,acNe1yiWIYqeezhBFm0Kia0kS0EYP21EUTHo2K9FFqDh6OPkJH9jbNkeysbE0D8X,2.828029,3.774401,4.89155,0,1806000,23.429828,Interactive,1,1.75
229500,acNe1yiWIYqeezhBFm0Kia0kS0EYP21EUTHo2K9FFqDh6OPkJH9jbNkeysbE0D8X,3.141386,4.668507,8.440124,0,1806000,23.429828,Interactive,1,1.75
229800,acNe1yiWIYqeezhBFm0Kia0kS0EYP21EUTHo2K9FFqDh6OPkJH9jbNkeysbE0D8X,3.081212,3.567903,4.133073,0,1806000,23.429828,Interactive,1,1.75
230100,acNe1yiWIYqeezhBFm0Kia0kS0EYP21EUTHo2K9FFqDh6OPkJH9jbNkeysbE0D8X,3.052293,3.621435,4.048928,0,1806000,23.429828,Interactive,1,1.75
230400,acNe1yiWIYqeezhBFm0Kia0kS0EYP21EUTHo2K9FFqDh6OPkJH9jbNkeysbE0D8X,3.107871,3.4353,3.998469,0,1806000,23.429828,Interactive,1,1.75
230700,acNe1yiWIYqeezhBFm0Kia0kS0EYP21EUTHo2K9FFqDh6OPkJH9jbNkeysbE0D8X,3.266388,3.629114,4.2310870000000005,0,1806000,23.429828,Interactive,1,1.75
231000,acNe1yiWIYqeezhBFm0Kia0kS0EYP21EUTHo2K9FFqDh6OPkJH9jbNkeysbE0D8X,3.147533,3.753746,5.316966000000001,0,1806000,23.429828,Interactive,1,1.75
231300,acNe1yiWIYqeezhBFm0Kia0kS0EYP21EUTHo2K9FFqDh6OPkJH9jbNkeysbE0D8X,3.113877,3.5947190000000004,4.154171,0,1806000,23.429828,Interactive,1,1.75
231600,acNe1yiWIYqeezhBFm0Kia0kS0EYP21EUTHo2K9FFqDh6OPkJH9jbNkeysbE0D8X,3.0544,3.599414,4.427968,0,1806000,23.429828,Interactive,1,1.75
231900,acNe1yiWIYqeezhBFm0Kia0kS0EYP21EUTHo2K9FFqDh6OPkJH9jbNkeysbE0D8X,3.23488,4.060004,7.066087,0,1806000,23.429828,Interactive,1,1.75
232200,acNe1yiWIYqeezhBFm0Kia0kS0EYP21EUTHo2K9FFqDh6OPkJH9jbNkeysbE0D8X,3.237746,3.513017,3.855117,0,1806000,23.429828,Interactive,1,1.75
232500,acNe1yiWIYqeezhBFm0Kia0kS0EYP21EUTHo2K9FFqDh6OPkJH9jbNkeysbE0D8X,3.101882,3.603414,4.195409,0,1806000,23.429828,Interactive,1,1.75
232800,acNe1yiWIYqeezhBFm0Kia0kS0EYP21EUTHo2K9FFqDh6OPkJH9jbNkeysbE0D8X,3.193664,3.425761,3.951357,0,1806000,23.429828,Interactive,1,1.75
233100,acNe1yiWIYqeezhBFm0Kia0kS0EYP21EUTHo2K9FFqDh6OPkJH9jbNkeysbE0D8X,3.242036,4.853426,8.618871,0,1806000,23.429828,Interactive,1,1.75
233400,acNe1yiWIYqeezhBFm0Kia0kS0EYP21EUTHo2K9FFqDh6OPkJH9jbNkeysbE0D8X,3.143882,3.489131,4.173830000000001,0,1806000,23.429828,Interactive,1,1.75
233700,acNe1yiWIYqeezhBFm0Kia0kS0EYP21EUTHo2K9FFqDh6OPkJH9jbNkeysbE0D8X,3.190718,4.541582,13.567579,0,1806000,23.429828,Interactive,1,1.75
234000,acNe1yiWIYqeezhBFm0Kia0kS0EYP21EUTHo2K9FFqDh6OPkJH9jbNkeysbE0D8X,3.237636,3.537395,4.148733,0,1806000,23.429828,Interactive,1,1.75
234300,acNe1yiWIYqeezhBFm0Kia0kS0EYP21EUTHo2K9FFqDh6OPkJH9jbNkeysbE0D8X,2.66412,3.476605,4.201829,0,1806000,23.429828,Interactive,1,1.75
234600,acNe1yiWIYqeezhBFm0Kia0kS0EYP21EUTHo2K9FFqDh6OPkJH9jbNkeysbE0D8X,3.284561,3.690228,4.611561,0,1806000,23.429828,Interactive,1,1.75
234900,acNe1yiWIYqeezhBFm0Kia0kS0EYP21EUTHo2K9FFqDh6OPkJH9jbNkeysbE0D8X,2.923264,3.395193,3.972307,0,1806000,23.429828,Interactive,1,1.75
235200,acNe1yiWIYqeezhBFm0Kia0kS0EYP21EUTHo2K9FFqDh6OPkJH9jbNkeysbE0D8X,3.041807,3.545782,4.123661,0,1806000,23.429828,Interactive,1,1.75
235500,acNe1yiWIYqeezhBFm0Kia0kS0EYP21EUTHo2K9FFqDh6OPkJH9jbNkeysbE0D8X,3.050397,3.456295,4.058817,0,1806000,23.429828,Interactive,1,1.75
235800,acNe1yiWIYqeezhBFm0Kia0kS0EYP21EUTHo2K9FFqDh6OPkJH9jbNkeysbE0D8X,3.184796,3.561088,4.103902,0,1806000,23.429828,Interactive,1,1.75
236100,acNe1yiWIYqeezhBFm0Kia0kS0EYP21EUTHo2K9FFqDh6OPkJH9jbNkeysbE0D8X,3.041966,3.475937,4.088196,0,1806000,23.429828,Interactive,1,1.75
236400,acNe1yiWIYqeezhBFm0Kia0kS0EYP21EUTHo2K9FFqDh6OPkJH9jbNkeysbE0D8X,3.056134,4.489911,13.951106,0,1806000,23.429828,Interactive,1,1.75
236700,acNe1yiWIYqeezhBFm0Kia0kS0EYP21EUTHo2K9FFqDh6OPkJH9jbNkeysbE0D8X,3.255082,4.85105,7.715433,0,1806000,23.429828,Interactive,1,1.75
237000,acNe1yiWIYqeezhBFm0Kia0kS0EYP21EUTHo2K9FFqDh6OPkJH9jbNkeysbE0D8X,2.907312,3.454817,4.390904,0,1806000,23.429828,Interactive,1,1.75
237300,acNe1yiWIYqeezhBFm0Kia0kS0EYP21EUTHo2K9FFqDh6OPkJH9jbNkeysbE0D8X,2.837174,3.248157,4.433097,0,1806000,23.429828,Interactive,1,1.75
237600,acNe1yiWIYqeezhBFm0Kia0kS0EYP21EUTHo2K9FFqDh6OPkJH9jbNkeysbE0D8X,2.70682,3.034909,3.603729,0,1806000,23.429828,Interactive,1,1.75
237900,acNe1yiWIYqeezhBFm0Kia0kS0EYP21EUTHo2K9FFqDh6OPkJH9jbNkeysbE0D8X,2.879875,3.23144,3.839342,0,1806000,23.429828,Interactive,1,1.75
238200,acNe1yiWIYqeezhBFm0Kia0kS0EYP21EUTHo2K9FFqDh6OPkJH9jbNkeysbE0D8X,2.626232,3.05849,3.733232,0,1806000,23.429828,Interactive,1,1.75
238500,acNe1yiWIYqeezhBFm0Kia0kS0EYP21EUTHo2K9FFqDh6OPkJH9jbNkeysbE0D8X,2.820511,3.121972,3.699298,0,1806000,23.429828,Interactive,1,1.75
238800,acNe1yiWIYqeezhBFm0Kia0kS0EYP21EUTHo2K9FFqDh6OPkJH9jbNkeysbE0D8X,2.587005,3.215,4.102716,0,1806000,23.429828,Interactive,1,1.75
239100,acNe1yiWIYqeezhBFm0Kia0kS0EYP21EUTHo2K9FFqDh6OPkJH9jbNkeysbE0D8X,3.112906,4.558493,13.833896,0,1806000,23.429828,Interactive,1,1.75
239400,acNe1yiWIYqeezhBFm0Kia0kS0EYP21EUTHo2K9FFqDh6OPkJH9jbNkeysbE0D8X,3.254857,3.522399,4.0622620000000005,0,1806000,23.429828,Interactive,1,1.75
239700,acNe1yiWIYqeezhBFm0Kia0kS0EYP21EUTHo2K9FFqDh6OPkJH9jbNkeysbE0D8X,2.89768,3.5635790000000003,4.170667,0,1806000,23.429828,Interactive,1,1.75
240000,acNe1yiWIYqeezhBFm0Kia0kS0EYP21EUTHo2K9FFqDh6OPkJH9jbNkeysbE0D8X,3.305509,3.709829,4.869653,0,1806000,23.429828,Interactive,1,1.75
240300,acNe1yiWIYqeezhBFm0Kia0kS0EYP21EUTHo2K9FFqDh6OPkJH9jbNkeysbE0D8X,2.740953,3.927805,7.968814,0,1806000,23.429828,Interactive,1,1.75
240600,acNe1yiWIYqeezhBFm0Kia0kS0EYP21EUTHo2K9FFqDh6OPkJH9jbNkeysbE0D8X,3.162183,4.302589,8.503309,0,1806000,23.429828,Interactive,1,1.75
240900,acNe1yiWIYqeezhBFm0Kia0kS0EYP21EUTHo2K9FFqDh6OPkJH9jbNkeysbE0D8X,2.934245,3.471166,4.0984,0,1806000,23.429828,Interactive,1,1.75
241200,acNe1yiWIYqeezhBFm0Kia0kS0EYP21EUTHo2K9FFqDh6OPkJH9jbNkeysbE0D8X,3.226503,3.5791089999999994,3.894102,0,1806000,23.429828,Interactive,1,1.75
241500,acNe1yiWIYqeezhBFm0Kia0kS0EYP21EUTHo2K9FFqDh6OPkJH9jbNkeysbE0D8X,3.267158,3.608283,4.038443,0,1806000,23.429828,Interactive,1,1.75
241800,acNe1yiWIYqeezhBFm0Kia0kS0EYP21EUTHo2K9FFqDh6OPkJH9jbNkeysbE0D8X,3.206121,4.613484,13.95128,0,1806000,23.429828,Interactive,1,1.75
242100,acNe1yiWIYqeezhBFm0Kia0kS0EYP21EUTHo2K9FFqDh6OPkJH9jbNkeysbE0D8X,3.242787,3.68804,4.484737,0,1806000,23.429828,Interactive,1,1.75
242400,acNe1yiWIYqeezhBFm0Kia0kS0EYP21EUTHo2K9FFqDh6OPkJH9jbNkeysbE0D8X,2.924033,5.309131,20.882418,0,1806000,23.429828,Interactive,1,1.75
242700,acNe1yiWIYqeezhBFm0Kia0kS0EYP21EUTHo2K9FFqDh6OPkJH9jbNkeysbE0D8X,3.169557,3.716392,4.798614,0,1806000,23.429828,Interactive,1,1.75
243000,acNe1yiWIYqeezhBFm0Kia0kS0EYP21EUTHo2K9FFqDh6OPkJH9jbNkeysbE0D8X,2.999296,3.505522,4.281602,0,1806000,23.429828,Interactive,1,1.75
243300,acNe1yiWIYqeezhBFm0Kia0kS0EYP21EUTHo2K9FFqDh6OPkJH9jbNkeysbE0D8X,3.0626450000000003,3.77274,4.636911,0,1806000,23.429828,Interactive,1,1.75
243600,acNe1yiWIYqeezhBFm0Kia0kS0EYP21EUTHo2K9FFqDh6OPkJH9jbNkeysbE0D8X,3.227093,3.4964129999999995,3.866625,0,1806000,23.429828,Interactive,1,1.75
243900,acNe1yiWIYqeezhBFm0Kia0kS0EYP21EUTHo2K9FFqDh6OPkJH9jbNkeysbE0D8X,3.3301870000000005,3.622328,4.282133999999999,0,1806000,23.429828,Interactive,1,1.75
244200,acNe1yiWIYqeezhBFm0Kia0kS0EYP21EUTHo2K9FFqDh6OPkJH9jbNkeysbE0D8X,3.420563,4.927948000000001,8.515031,0,1806000,23.429828,Interactive,1,1.75
244500,acNe1yiWIYqeezhBFm0Kia0kS0EYP21EUTHo2K9FFqDh6OPkJH9jbNkeysbE0D8X,3.17285,4.747236,15.093395999999998,0,1806000,23.429828,Interactive,1,1.75
244800,acNe1yiWIYqeezhBFm0Kia0kS0EYP21EUTHo2K9FFqDh6OPkJH9jbNkeysbE0D8X,3.194474,3.673911,4.330327,0,1806000,23.429828,Interactive,1,1.75
245100,acNe1yiWIYqeezhBFm0Kia0kS0EYP21EUTHo2K9FFqDh6OPkJH9jbNkeysbE0D8X,2.683982,3.502545,4.362273,0,1806000,23.429828,Interactive,1,1.75
245400,acNe1yiWIYqeezhBFm0Kia0kS0EYP21EUTHo2K9FFqDh6OPkJH9jbNkeysbE0D8X,3.240319,3.617912000000001,4.757724,0,1806000,23.429828,Interactive,1,1.75
245700,acNe1yiWIYqeezhBFm0Kia0kS0EYP21EUTHo2K9FFqDh6OPkJH9jbNkeysbE0D8X,3.055519,3.447516,4.141811,0,1806000,23.429828,Interactive,1,1.75
246000,acNe1yiWIYqeezhBFm0Kia0kS0EYP21EUTHo2K9FFqDh6OPkJH9jbNkeysbE0D8X,3.315489,3.764684,4.547208,0,1806000,23.429828,Interactive,1,1.75
246300,acNe1yiWIYqeezhBFm0Kia0kS0EYP21EUTHo2K9FFqDh6OPkJH9jbNkeysbE0D8X,3.136035,3.5358970000000003,4.3770690000000005,0,1806000,23.429828,Interactive,1,1.75
246600,acNe1yiWIYqeezhBFm0Kia0kS0EYP21EUTHo2K9FFqDh6OPkJH9jbNkeysbE0D8X,3.3785580000000004,3.772002,4.407837000000001,0,1806000,23.429828,Interactive,1,1.75
246900,acNe1yiWIYqeezhBFm0Kia0kS0EYP21EUTHo2K9FFqDh6OPkJH9jbNkeysbE0D8X,3.130164,3.525091,4.204472,0,1806000,23.429828,Interactive,1,1.75
247200,acNe1yiWIYqeezhBFm0Kia0kS0EYP21EUTHo2K9FFqDh6OPkJH9jbNkeysbE0D8X,3.272581,4.624551,13.573358,0,1806000,23.429828,Interactive,1,1.75
247500,acNe1yiWIYqeezhBFm0Kia0kS0EYP21EUTHo2K9FFqDh6OPkJH9jbNkeysbE0D8X,3.172896,3.622287000000001,4.514641,0,1806000,23.429828,Interactive,1,1.75
247800,acNe1yiWIYqeezhBFm0Kia0kS0EYP21EUTHo2K9FFqDh6OPkJH9jbNkeysbE0D8X,3.128889,4.560584,8.322401,0,1806000,23.429828,Interactive,1,1.75
248100,acNe1yiWIYqeezhBFm0Kia0kS0EYP21EUTHo2K9FFqDh6OPkJH9jbNkeysbE0D8X,3.2423580000000003,3.762436,5.292021,0,1806000,23.429828,Interactive,1,1.75
248400,acNe1yiWIYqeezhBFm0Kia0kS0EYP21EUTHo2K9FFqDh6OPkJH9jbNkeysbE0D8X,2.968386,3.4122480000000004,3.908979,0,1806000,23.429828,Interactive,1,1.75
248700,acNe1yiWIYqeezhBFm0Kia0kS0EYP21EUTHo2K9FFqDh6OPkJH9jbNkeysbE0D8X,3.182873,3.636601,4.327454,0,1806000,23.429828,Interactive,1,1.75
249000,acNe1yiWIYqeezhBFm0Kia0kS0EYP21EUTHo2K9FFqDh6OPkJH9jbNkeysbE0D8X,3.116875,3.485625,4.04113,0,1806000,23.429828,Interactive,1,1.75
249300,acNe1yiWIYqeezhBFm0Kia0kS0EYP21EUTHo2K9FFqDh6OPkJH9jbNkeysbE0D8X,3.172698,3.5081519999999995,4.025823,0,1806000,23.429828,Interactive,1,1.75
249600,acNe1yiWIYqeezhBFm0Kia0kS0EYP21EUTHo2K9FFqDh6OPkJH9jbNkeysbE0D8X,3.2380880000000003,3.610563,4.193493,0,1806000,23.429828,Interactive,1,1.75
249900,acNe1yiWIYqeezhBFm0Kia0kS0EYP21EUTHo2K9FFqDh6OPkJH9jbNkeysbE0D8X,3.1873,4.634013,14.113613,0,1806000,23.429828,Interactive,1,1.75
250200,acNe1yiWIYqeezhBFm0Kia0kS0EYP21EUTHo2K9FFqDh6OPkJH9jbNkeysbE0D8X,3.146121,3.524063,4.221633,0,1806000,23.429828,Interactive,1,1.75
250500,acNe1yiWIYqeezhBFm0Kia0kS0EYP21EUTHo2K9FFqDh6OPkJH9jbNkeysbE0D8X,2.9603740000000003,3.5480089999999995,4.275242,0,1806000,23.429828,Interactive,1,1.75
250800,acNe1yiWIYqeezhBFm0Kia0kS0EYP21EUTHo2K9FFqDh6OPkJH9jbNkeysbE0D8X,3.446683,3.808412,4.647498000000001,0,1806000,23.429828,Interactive,1,1.75
251100,acNe1yiWIYqeezhBFm0Kia0kS0EYP21EUTHo2K9FFqDh6OPkJH9jbNkeysbE0D8X,3.116355,3.425876,3.919717,0,1806000,23.429828,Interactive,1,1.75
251400,acNe1yiWIYqeezhBFm0Kia0kS0EYP21EUTHo2K9FFqDh6OPkJH9jbNkeysbE0D8X,3.39361,4.854221,7.81923,0,1806000,23.429828,Interactive,1,1.75
251700,acNe1yiWIYqeezhBFm0Kia0kS0EYP21EUTHo2K9FFqDh6OPkJH9jbNkeysbE0D8X,3.193244,3.626876,4.325204,0,1806000,23.429828,Interactive,1,1.75
252000,acNe1yiWIYqeezhBFm0Kia0kS0EYP21EUTHo2K9FFqDh6OPkJH9jbNkeysbE0D8X,3.001676,3.565336,4.106681,0,1806000,23.429828,Interactive,1,1.75
252300,acNe1yiWIYqeezhBFm0Kia0kS0EYP21EUTHo2K9FFqDh6OPkJH9jbNkeysbE0D8X,3.296377,3.646028,4.398738,0,1806000,23.429828,Interactive,1,1.75
252600,acNe1yiWIYqeezhBFm0Kia0kS0EYP21EUTHo2K9FFqDh6OPkJH9jbNkeysbE0D8X,3.231814,4.630674,13.729760999999998,0,1806000,23.429828,Interactive,1,1.75
252900,acNe1yiWIYqeezhBFm0Kia0kS0EYP21EUTHo2K9FFqDh6OPkJH9jbNkeysbE0D8X,3.161416,3.667038,4.396865,0,1806000,23.429828,Interactive,1,1.75
253200,acNe1yiWIYqeezhBFm0Kia0kS0EYP21EUTHo2K9FFqDh6OPkJH9jbNkeysbE0D8X,2.743823,3.513757,4.09397,0,1806000,23.429828,Interactive,1,1.75
253500,acNe1yiWIYqeezhBFm0Kia0kS0EYP21EUTHo2K9FFqDh6OPkJH9jbNkeysbE0D8X,3.239115,3.732046,4.708516,0,1806000,23.429828,Interactive,1,1.75
253800,acNe1yiWIYqeezhBFm0Kia0kS0EYP21EUTHo2K9FFqDh6OPkJH9jbNkeysbE0D8X,3.253853,3.644463,4.051833,0,1806000,23.429828,Interactive,1,1.75
254100,acNe1yiWIYqeezhBFm0Kia0kS0EYP21EUTHo2K9FFqDh6OPkJH9jbNkeysbE0D8X,3.005643,3.556835,4.233026000000001,0,1806000,23.429828,Interactive,1,1.75
254400,acNe1yiWIYqeezhBFm0Kia0kS0EYP21EUTHo2K9FFqDh6OPkJH9jbNkeysbE0D8X,3.178976,3.676922,5.136762999999999,0,1806000,23.429828,Interactive,1,1.75
254700,acNe1yiWIYqeezhBFm0Kia0kS0EYP21EUTHo2K9FFqDh6OPkJH9jbNkeysbE0D8X,3.287132,3.623142,4.285747,0,1806000,23.429828,Interactive,1,1.75
255000,acNe1yiWIYqeezhBFm0Kia0kS0EYP21EUTHo2K9FFqDh6OPkJH9jbNkeysbE0D8X,3.221717,5.786246,21.695424,0,1806000,23.429828,Interactive,1,1.75
255300,acNe1yiWIYqeezhBFm0Kia0kS0EYP21EUTHo2K9FFqDh6OPkJH9jbNkeysbE0D8X,3.311126,5.075016000000001,8.319922,0,1806000,23.429828,Interactive,1,1.75
255600,acNe1yiWIYqeezhBFm0Kia0kS0EYP21EUTHo2K9FFqDh6OPkJH9jbNkeysbE0D8X,3.307484,3.579842,4.176793,0,1806000,23.429828,Interactive,1,1.75
255900,acNe1yiWIYqeezhBFm0Kia0kS0EYP21EUTHo2K9FFqDh6OPkJH9jbNkeysbE0D8X,3.164356,3.6000589999999995,4.322695,0,1806000,23.429828,Interactive,1,1.75
256200,acNe1yiWIYqeezhBFm0Kia0kS0EYP21EUTHo2K9FFqDh6OPkJH9jbNkeysbE0D8X,3.2038290000000003,3.690051,4.217757,0,1806000,23.429828,Interactive,1,1.75
256500,acNe1yiWIYqeezhBFm0Kia0kS0EYP21EUTHo2K9FFqDh6OPkJH9jbNkeysbE0D8X,2.985141,3.499521,4.242509,0,1806000,23.429828,Interactive,1,1.75
256800,acNe1yiWIYqeezhBFm0Kia0kS0EYP21EUTHo2K9FFqDh6OPkJH9jbNkeysbE0D8X,3.155836,3.483576,4.423825,0,1806000,23.429828,Interactive,1,1.75
257100,acNe1yiWIYqeezhBFm0Kia0kS0EYP21EUTHo2K9FFqDh6OPkJH9jbNkeysbE0D8X,3.27028,3.638765,4.493519999999999,0,1806000,23.429828,Interactive,1,1.75
257400,acNe1yiWIYqeezhBFm0Kia0kS0EYP21EUTHo2K9FFqDh6OPkJH9jbNkeysbE0D8X,3.104941,3.461785,4.266925,0,1806000,23.429828,Interactive,1,1.75
257700,acNe1yiWIYqeezhBFm0Kia0kS0EYP21EUTHo2K9FFqDh6OPkJH9jbNkeysbE0D8X,2.903785,3.462542,4.276044000000001,0,1806000,23.429828,Interactive,1,1.75
258000,acNe1yiWIYqeezhBFm0Kia0kS0EYP21EUTHo2K9FFqDh6OPkJH9jbNkeysbE0D8X,2.60682,3.225237,4.079586,0,1806000,23.429828,Interactive,1,1.75
258300,acNe1yiWIYqeezhBFm0Kia0kS0EYP21EUTHo2K9FFqDh6OPkJH9jbNkeysbE0D8X,2.841016,3.249135,3.958479,0,1806000,23.429828,Interactive,1,1.75
258600,acNe1yiWIYqeezhBFm0Kia0kS0EYP21EUTHo2K9FFqDh6OPkJH9jbNkeysbE0D8X,2.5563860000000003,3.276065,3.95637,0,1806000,23.429828,Interactive,1,1.75
258900,acNe1yiWIYqeezhBFm0Kia0kS0EYP21EUTHo2K9FFqDh6OPkJH9jbNkeysbE0D8X,2.979947,4.650024,7.947907000000001,0,1806000,23.429828,Interactive,1,1.75
259200,acNe1yiWIYqeezhBFm0Kia0kS0EYP21EUTHo2K9FFqDh6OPkJH9jbNkeysbE0D8X,2.604289,3.218012,4.208599,0,1806000,23.429828,Interactive,1,1.75
259500,acNe1yiWIYqeezhBFm0Kia0kS0EYP21EUTHo2K9FFqDh6OPkJH9jbNkeysbE0D8X,2.919172,3.326236,3.966043,0,1806000,23.429828,Interactive,1,1.75
259800,acNe1yiWIYqeezhBFm0Kia0kS0EYP21EUTHo2K9FFqDh6OPkJH9jbNkeysbE0D8X,2.535098,3.25896,4.308996,0,1806000,23.429828,Interactive,1,1.75
260100,acNe1yiWIYqeezhBFm0Kia0kS0EYP21EUTHo2K9FFqDh6OPkJH9jbNkeysbE0D8X,2.974689,3.230043,3.864386,0,1806000,23.429828,Interactive,1,1.75
260400,acNe1yiWIYqeezhBFm0Kia0kS0EYP21EUTHo2K9FFqDh6OPkJH9jbNkeysbE0D8X,2.868778,3.3099769999999995,4.047686,0,1806000,23.429828,Interactive,1,1.75
260700,acNe1yiWIYqeezhBFm0Kia0kS0EYP21EUTHo2K9FFqDh6OPkJH9jbNkeysbE0D8X,3.087337,3.498992,4.326061,0,1806000,23.429828,Interactive,1,1.75
261000,acNe1yiWIYqeezhBFm0Kia0kS0EYP21EUTHo2K9FFqDh6OPkJH9jbNkeysbE0D8X,3.095381,3.746885,4.444608000000001,0,1806000,23.429828,Interactive,1,1.75
261300,acNe1yiWIYqeezhBFm0Kia0kS0EYP21EUTHo2K9FFqDh6OPkJH9jbNkeysbE0D8X,3.130352,3.623913,4.209911,0,1806000,23.429828,Interactive,1,1.75
261600,acNe1yiWIYqeezhBFm0Kia0kS0EYP21EUTHo2K9FFqDh6OPkJH9jbNkeysbE0D8X,3.18566,3.638376,4.5505510000000005,0,1806000,23.429828,Interactive,1,1.75
261900,acNe1yiWIYqeezhBFm0Kia0kS0EYP21EUTHo2K9FFqDh6OPkJH9jbNkeysbE0D8X,3.0809490000000004,3.632728,4.305584,0,1806000,23.429828,Interactive,1,1.75
262200,acNe1yiWIYqeezhBFm0Kia0kS0EYP21EUTHo2K9FFqDh6OPkJH9jbNkeysbE0D8X,3.1734310000000003,3.760685,4.318807,0,1806000,23.429828,Interactive,1,1.75
262500,acNe1yiWIYqeezhBFm0Kia0kS0EYP21EUTHo2K9FFqDh6OPkJH9jbNkeysbE0D8X,3.2832800000000004,4.998113,8.043189,0,1806000,23.429828,Interactive,1,1.75
262800,acNe1yiWIYqeezhBFm0Kia0kS0EYP21EUTHo2K9FFqDh6OPkJH9jbNkeysbE0D8X,2.9212290000000003,3.507086,4.243879,0,1806000,23.429828,Interactive,1,1.75
263100,acNe1yiWIYqeezhBFm0Kia0kS0EYP21EUTHo2K9FFqDh6OPkJH9jbNkeysbE0D8X,3.177637,3.640855,4.325646,0,1806000,23.429828,Interactive,1,1.75
263400,acNe1yiWIYqeezhBFm0Kia0kS0EYP21EUTHo2K9FFqDh6OPkJH9jbNkeysbE0D8X,2.898103,3.776925,4.58102,0,1806000,23.429828,Interactive,1,1.75
263700,acNe1yiWIYqeezhBFm0Kia0kS0EYP21EUTHo2K9FFqDh6OPkJH9jbNkeysbE0D8X,3.102643,3.5328440000000003,4.683123,0,1806000,23.429828,Interactive,1,1.75
264000,acNe1yiWIYqeezhBFm0Kia0kS0EYP21EUTHo2K9FFqDh6OPkJH9jbNkeysbE0D8X,2.9931,3.669419,4.23896,0,1806000,23.429828,Interactive,1,1.75
264300,acNe1yiWIYqeezhBFm0Kia0kS0EYP21EUTHo2K9FFqDh6OPkJH9jbNkeysbE0D8X,3.409265,3.866167,4.886415,0,1806000,23.429828,Interactive,1,1.75
264600,acNe1yiWIYqeezhBFm0Kia0kS0EYP21EUTHo2K9FFqDh6OPkJH9jbNkeysbE0D8X,3.528732,3.908263,4.686968,0,1806000,23.429828,Interactive,1,1.75
264900,acNe1yiWIYqeezhBFm0Kia0kS0EYP21EUTHo2K9FFqDh6OPkJH9jbNkeysbE0D8X,3.114068,3.718185,4.424723,0,1806000,23.429828,Interactive,1,1.75
265200,acNe1yiWIYqeezhBFm0Kia0kS0EYP21EUTHo2K9FFqDh6OPkJH9jbNkeysbE0D8X,3.057806,3.555817,4.517117,0,1806000,23.429828,Interactive,1,1.75
265500,acNe1yiWIYqeezhBFm0Kia0kS0EYP21EUTHo2K9FFqDh6OPkJH9jbNkeysbE0D8X,3.183195,3.5674,4.365136,0,1806000,23.429828,Interactive,1,1.75
265800,acNe1yiWIYqeezhBFm0Kia0kS0EYP21EUTHo2K9FFqDh6OPkJH9jbNkeysbE0D8X,3.10452,3.695959,4.421172,0,1806000,23.429828,Interactive,1,1.75
266100,acNe1yiWIYqeezhBFm0Kia0kS0EYP21EUTHo2K9FFqDh6OPkJH9jbNkeysbE0D8X,3.2180310000000003,4.758558,9.298832,0,1806000,23.429828,Interactive,1,1.75
266400,acNe1yiWIYqeezhBFm0Kia0kS0EYP21EUTHo2K9FFqDh6OPkJH9jbNkeysbE0D8X,2.953107,3.885885,6.748786999999999,0,1806000,23.429828,Interactive,1,1.75
266700,acNe1yiWIYqeezhBFm0Kia0kS0EYP21EUTHo2K9FFqDh6OPkJH9jbNkeysbE0D8X,3.232035,3.694409,4.202045,0,1806000,23.429828,Interactive,1,1.75
267000,acNe1yiWIYqeezhBFm0Kia0kS0EYP21EUTHo2K9FFqDh6OPkJH9jbNkeysbE0D8X,3.198325,3.613322,4.323173000000001,0,1806000,23.429828,Interactive,1,1.75
267300,acNe1yiWIYqeezhBFm0Kia0kS0EYP21EUTHo2K9FFqDh6OPkJH9jbNkeysbE0D8X,3.258721,3.879823000000001,5.208157,0,1806000,23.429828,Interactive,1,1.75
267600,acNe1yiWIYqeezhBFm0Kia0kS0EYP21EUTHo2K9FFqDh6OPkJH9jbNkeysbE0D8X,3.214941,3.806378,4.465085,0,1806000,23.429828,Interactive,1,1.75
267900,acNe1yiWIYqeezhBFm0Kia0kS0EYP21EUTHo2K9FFqDh6OPkJH9jbNkeysbE0D8X,3.257725,3.908692,4.769933999999999,0,1806000,23.429828,Interactive,1,1.75
268200,acNe1yiWIYqeezhBFm0Kia0kS0EYP21EUTHo2K9FFqDh6OPkJH9jbNkeysbE0D8X,3.366947,3.865748,4.77425,0,1806000,23.429828,Interactive,1,1.75
268500,acNe1yiWIYqeezhBFm0Kia0kS0EYP21EUTHo2K9FFqDh6OPkJH9jbNkeysbE0D8X,3.157026,3.841147,4.81119,0,1806000,23.429828,Interactive,1,1.75
268800,acNe1yiWIYqeezhBFm0Kia0kS0EYP21EUTHo2K9FFqDh6OPkJH9jbNkeysbE0D8X,3.03352,3.680374,4.676339,0,1806000,23.429828,Interactive,1,1.75
269100,acNe1yiWIYqeezhBFm0Kia0kS0EYP21EUTHo2K9FFqDh6OPkJH9jbNkeysbE0D8X,3.402687,3.919314,4.751815000000001,0,1806000,23.429828,Interactive,1,1.75
269400,acNe1yiWIYqeezhBFm0Kia0kS0EYP21EUTHo2K9FFqDh6OPkJH9jbNkeysbE0D8X,2.053833,3.809473,4.634352,0,1806000,23.429828,Interactive,1,1.75
269700,acNe1yiWIYqeezhBFm0Kia0kS0EYP21EUTHo2K9FFqDh6OPkJH9jbNkeysbE0D8X,3.584702,3.977703,4.8921,0,1806000,23.429828,Interactive,1,1.75
270000,acNe1yiWIYqeezhBFm0Kia0kS0EYP21EUTHo2K9FFqDh6OPkJH9jbNkeysbE0D8X,3.165047,5.310291,8.900424000000001,0,1806000,23.429828,Interactive,1,1.75
270300,acNe1yiWIYqeezhBFm0Kia0kS0EYP21EUTHo2K9FFqDh6OPkJH9jbNkeysbE0D8X,3.535257,3.953663,4.693664,0,1806000,23.429828,Interactive,1,1.75
270600,acNe1yiWIYqeezhBFm0Kia0kS0EYP21EUTHo2K9FFqDh6OPkJH9jbNkeysbE0D8X,3.628407,3.999928,4.804762,0,1806000,23.429828,Interactive,1,1.75
270900,acNe1yiWIYqeezhBFm0Kia0kS0EYP21EUTHo2K9FFqDh6OPkJH9jbNkeysbE0D8X,2.912356,3.918784,4.921135,0,1806000,23.429828,Interactive,1,1.75
271200,acNe1yiWIYqeezhBFm0Kia0kS0EYP21EUTHo2K9FFqDh6OPkJH9jbNkeysbE0D8X,3.16648,4.023975,4.68636,0,1806000,23.429828,Interactive,1,1.75
271500,acNe1yiWIYqeezhBFm0Kia0kS0EYP21EUTHo2K9FFqDh6OPkJH9jbNkeysbE0D8X,3.77494,4.045363,4.505912,0,1806000,23.429828,Interactive,1,1.75
271800,acNe1yiWIYqeezhBFm0Kia0kS0EYP21EUTHo2K9FFqDh6OPkJH9jbNkeysbE0D8X,3.671902,3.943018,4.706658999999999,0,1806000,23.429828,Interactive,1,1.75
272100,acNe1yiWIYqeezhBFm0Kia0kS0EYP21EUTHo2K9FFqDh6OPkJH9jbNkeysbE0D8X,3.654741000000001,4.036633999999999,4.87872,0,1806000,23.429828,Interactive,1,1.75
272400,acNe1yiWIYqeezhBFm0Kia0kS0EYP21EUTHo2K9FFqDh6OPkJH9jbNkeysbE0D8X,3.777779,4.040654,4.764183999999999,0,1806000,23.429828,Interactive,1,1.75
272700,acNe1yiWIYqeezhBFm0Kia0kS0EYP21EUTHo2K9FFqDh6OPkJH9jbNkeysbE0D8X,3.483328,3.850896,4.33782,0,1806000,23.429828,Interactive,1,1.75
273000,acNe1yiWIYqeezhBFm0Kia0kS0EYP21EUTHo2K9FFqDh6OPkJH9jbNkeysbE0D8X,3.133453,3.957377,4.686624,0,1806000,23.429828,Interactive,1,1.75
273300,acNe1yiWIYqeezhBFm0Kia0kS0EYP21EUTHo2K9FFqDh6OPkJH9jbNkeysbE0D8X,3.503101,3.978075,4.47312,0,1806000,23.429828,Interactive,1,1.75
273600,acNe1yiWIYqeezhBFm0Kia0kS0EYP21EUTHo2K9FFqDh6OPkJH9jbNkeysbE0D8X,3.234512,5.079204,8.704289,0,1806000,23.429828,Interactive,1,1.75
273900,acNe1yiWIYqeezhBFm0Kia0kS0EYP21EUTHo2K9FFqDh6OPkJH9jbNkeysbE0D8X,3.471161,5.297868,18.741694,0,1806000,23.429828,Interactive,1,1.75
274200,acNe1yiWIYqeezhBFm0Kia0kS0EYP21EUTHo2K9FFqDh6OPkJH9jbNkeysbE0D8X,3.370944,3.905878,4.334951,0,1806000,23.429828,Interactive,1,1.75
274500,acNe1yiWIYqeezhBFm0Kia0kS0EYP21EUTHo2K9FFqDh6OPkJH9jbNkeysbE0D8X,3.352999,3.994956,4.672434,0,1806000,23.429828,Interactive,1,1.75
274800,acNe1yiWIYqeezhBFm0Kia0kS0EYP21EUTHo2K9FFqDh6OPkJH9jbNkeysbE0D8X,3.502385,3.831212,4.410303,0,1806000,23.429828,Interactive,1,1.75
275100,acNe1yiWIYqeezhBFm0Kia0kS0EYP21EUTHo2K9FFqDh6OPkJH9jbNkeysbE0D8X,3.623187,4.089526,4.617214,0,1806000,23.429828,Interactive,1,1.75
275400,acNe1yiWIYqeezhBFm0Kia0kS0EYP21EUTHo2K9FFqDh6OPkJH9jbNkeysbE0D8X,3.136107,3.722955,4.521095,0,1806000,23.429828,Interactive,1,1.75
275700,acNe1yiWIYqeezhBFm0Kia0kS0EYP21EUTHo2K9FFqDh6OPkJH9jbNkeysbE0D8X,3.533767,3.982979,4.621805999999999,0,1806000,23.429828,Interactive,1,1.75
276000,acNe1yiWIYqeezhBFm0Kia0kS0EYP21EUTHo2K9FFqDh6OPkJH9jbNkeysbE0D8X,3.342832,3.913727,4.606835,0,1806000,23.429828,Interactive,1,1.75
276300,acNe1yiWIYqeezhBFm0Kia0kS0EYP21EUTHo2K9FFqDh6OPkJH9jbNkeysbE0D8X,3.558795,3.950058,4.627456,0,1806000,23.429828,Interactive,1,1.75
276600,acNe1yiWIYqeezhBFm0Kia0kS0EYP21EUTHo2K9FFqDh6OPkJH9jbNkeysbE0D8X,3.301321,5.64571,21.971807,0,1806000,23.429828,Interactive,1,1.75
276900,acNe1yiWIYqeezhBFm0Kia0kS0EYP21EUTHo2K9FFqDh6OPkJH9jbNkeysbE0D8X,3.635751,4.0323720000000005,4.740802,0,1806000,23.429828,Interactive,1,1.75
277200,acNe1yiWIYqeezhBFm0Kia0kS0EYP21EUTHo2K9FFqDh6OPkJH9jbNkeysbE0D8X,3.5936730000000003,5.248019,7.905196000000001,0,1806000,23.429828,Interactive,1,1.75
277500,acNe1yiWIYqeezhBFm0Kia0kS0EYP21EUTHo2K9FFqDh6OPkJH9jbNkeysbE0D8X,3.632788,5.3225690000000005,8.872757,0,1806000,23.429828,Interactive,1,1.75
277800,acNe1yiWIYqeezhBFm0Kia0kS0EYP21EUTHo2K9FFqDh6OPkJH9jbNkeysbE0D8X,3.726359,4.039578,4.80309,0,1806000,23.429828,Interactive,1,1.75
278100,acNe1yiWIYqeezhBFm0Kia0kS0EYP21EUTHo2K9FFqDh6OPkJH9jbNkeysbE0D8X,3.337007,3.835756,4.584139,0,1806000,23.429828,Interactive,1,1.75
278400,acNe1yiWIYqeezhBFm0Kia0kS0EYP21EUTHo2K9FFqDh6OPkJH9jbNkeysbE0D8X,2.93693,3.85444,4.397937000000001,0,1806000,23.429828,Interactive,1,1.75
278700,acNe1yiWIYqeezhBFm0Kia0kS0EYP21EUTHo2K9FFqDh6OPkJH9jbNkeysbE0D8X,3.3688230000000003,3.942017,4.523132,0,1806000,23.429828,Interactive,1,1.75
279000,acNe1yiWIYqeezhBFm0Kia0kS0EYP21EUTHo2K9FFqDh6OPkJH9jbNkeysbE0D8X,3.28772,3.884493,4.563843,0,1806000,23.429828,Interactive,1,1.75
279300,acNe1yiWIYqeezhBFm0Kia0kS0EYP21EUTHo2K9FFqDh6OPkJH9jbNkeysbE0D8X,3.750504,5.624815,21.210081,0,1806000,23.429828,Interactive,1,1.75
279600,acNe1yiWIYqeezhBFm0Kia0kS0EYP21EUTHo2K9FFqDh6OPkJH9jbNkeysbE0D8X,3.24975,3.879315,4.415882,0,1806000,23.429828,Interactive,1,1.75
279900,acNe1yiWIYqeezhBFm0Kia0kS0EYP21EUTHo2K9FFqDh6OPkJH9jbNkeysbE0D8X,3.684164,3.894209,4.303319999999999,0,1806000,23.429828,Interactive,1,1.75
280200,acNe1yiWIYqeezhBFm0Kia0kS0EYP21EUTHo2K9FFqDh6OPkJH9jbNkeysbE0D8X,3.597217,3.966461,5.235375,0,1806000,23.429828,Interactive,1,1.75
280500,acNe1yiWIYqeezhBFm0Kia0kS0EYP21EUTHo2K9FFqDh6OPkJH9jbNkeysbE0D8X,3.762551,3.952024,4.594961,0,1806000,23.429828,Interactive,1,1.75
280800,acNe1yiWIYqeezhBFm0Kia0kS0EYP21EUTHo2K9FFqDh6OPkJH9jbNkeysbE0D8X,3.2700560000000003,5.038576,15.847054,0,1806000,23.429828,Interactive,1,1.75
281100,acNe1yiWIYqeezhBFm0Kia0kS0EYP21EUTHo2K9FFqDh6OPkJH9jbNkeysbE0D8X,3.357041,5.258926,8.20795,0,1806000,23.429828,Interactive,1,1.75
281400,acNe1yiWIYqeezhBFm0Kia0kS0EYP21EUTHo2K9FFqDh6OPkJH9jbNkeysbE0D8X,3.453813,6.071364,26.210938,0,1806000,23.429828,Interactive,1,1.75
281700,acNe1yiWIYqeezhBFm0Kia0kS0EYP21EUTHo2K9FFqDh6OPkJH9jbNkeysbE0D8X,3.119869,3.83291,4.786607,0,1806000,23.429828,Interactive,1,1.75
282000,acNe1yiWIYqeezhBFm0Kia0kS0EYP21EUTHo2K9FFqDh6OPkJH9jbNkeysbE0D8X,3.4514089999999995,3.986633,4.909849,0,1806000,23.429828,Interactive,1,1.75
282300,acNe1yiWIYqeezhBFm0Kia0kS0EYP21EUTHo2K9FFqDh6OPkJH9jbNkeysbE0D8X,3.382003,3.850042,4.6618580000000005,0,1806000,23.429828,Interactive,1,1.75
282600,acNe1yiWIYqeezhBFm0Kia0kS0EYP21EUTHo2K9FFqDh6OPkJH9jbNkeysbE0D8X,3.4432410000000004,3.899463,4.7871440000000005,0,1806000,23.429828,Interactive,1,1.75
282900,acNe1yiWIYqeezhBFm0Kia0kS0EYP21EUTHo2K9FFqDh6OPkJH9jbNkeysbE0D8X,3.472434,3.943187,4.671728,0,1806000,23.429828,Interactive,1,1.75
283200,acNe1yiWIYqeezhBFm0Kia0kS0EYP21EUTHo2K9FFqDh6OPkJH9jbNkeysbE0D8X,3.3433940000000004,3.832118,4.419553,0,1806000,23.429828,Interactive,1,1.75
283500,acNe1yiWIYqeezhBFm0Kia0kS0EYP21EUTHo2K9FFqDh6OPkJH9jbNkeysbE0D8X,2.310354,3.813633,4.536984,0,1806000,23.429828,Interactive,1,1.75
283800,acNe1yiWIYqeezhBFm0Kia0kS0EYP21EUTHo2K9FFqDh6OPkJH9jbNkeysbE0D8X,3.181085,3.856288,4.688463,0,1806000,23.429828,Interactive,1,1.75
284100,acNe1yiWIYqeezhBFm0Kia0kS0EYP21EUTHo2K9FFqDh6OPkJH9jbNkeysbE0D8X,3.526908,3.896723,4.592873,0,1806000,23.429828,Interactive,1,1.75
284400,acNe1yiWIYqeezhBFm0Kia0kS0EYP21EUTHo2K9FFqDh6OPkJH9jbNkeysbE0D8X,3.589475,4.001016,4.682603,0,1806000,23.429828,Interactive,1,1.75
284700,acNe1yiWIYqeezhBFm0Kia0kS0EYP21EUTHo2K9FFqDh6OPkJH9jbNkeysbE0D8X,3.740943,7.233011,24.748622,0,1806000,23.429828,Interactive,1,1.75
285000,acNe1yiWIYqeezhBFm0Kia0kS0EYP21EUTHo2K9FFqDh6OPkJH9jbNkeysbE0D8X,3.288848,3.896485,4.546566,0,1806000,23.429828,Interactive,1,1.75
285300,acNe1yiWIYqeezhBFm0Kia0kS0EYP21EUTHo2K9FFqDh6OPkJH9jbNkeysbE0D8X,3.559197,4.065187,4.727613,0,1806000,23.429828,Interactive,1,1.75
285600,acNe1yiWIYqeezhBFm0Kia0kS0EYP21EUTHo2K9FFqDh6OPkJH9jbNkeysbE0D8X,3.650899,4.290722,5.083133999999999,0,1806000,23.429828,Interactive,1,1.75
285900,acNe1yiWIYqeezhBFm0Kia0kS0EYP21EUTHo2K9FFqDh6OPkJH9jbNkeysbE0D8X,3.5865,4.013383999999999,5.173099,0,1806000,23.429828,Interactive,1,1.75
286200,acNe1yiWIYqeezhBFm0Kia0kS0EYP21EUTHo2K9FFqDh6OPkJH9jbNkeysbE0D8X,3.673351,6.416655,12.614931,0,1806000,23.429828,Interactive,1,1.75
286500,acNe1yiWIYqeezhBFm0Kia0kS0EYP21EUTHo2K9FFqDh6OPkJH9jbNkeysbE0D8X,3.391729,3.94464,5.405278,0,1806000,23.429828,Interactive,1,1.75
286800,acNe1yiWIYqeezhBFm0Kia0kS0EYP21EUTHo2K9FFqDh6OPkJH9jbNkeysbE0D8X,3.504168,4.098014,4.801896,0,1806000,23.429828,Interactive,1,1.75
287100,acNe1yiWIYqeezhBFm0Kia0kS0EYP21EUTHo2K9FFqDh6OPkJH9jbNkeysbE0D8X,3.506701,4.068347,4.833465,0,1806000,23.429828,Interactive,1,1.75
287400,acNe1yiWIYqeezhBFm0Kia0kS0EYP21EUTHo2K9FFqDh6OPkJH9jbNkeysbE0D8X,3.4803269999999995,5.827428,22.339695000000003,0,1806000,23.429828,Interactive,1,1.75
287700,acNe1yiWIYqeezhBFm0Kia0kS0EYP21EUTHo2K9FFqDh6OPkJH9jbNkeysbE0D8X,3.5056199999999995,3.867269,4.190023,0,1806000,23.429828,Interactive,1,1.75
288000,acNe1yiWIYqeezhBFm0Kia0kS0EYP21EUTHo2K9FFqDh6OPkJH9jbNkeysbE0D8X,3.247805,3.978359,4.825255,0,1806000,23.429828,Interactive,1,1.75
288300,acNe1yiWIYqeezhBFm0Kia0kS0EYP21EUTHo2K9FFqDh6OPkJH9jbNkeysbE0D8X,3.098541,4.568442,8.153737,0,1806000,23.429828,Interactive,1,1.75
288600,acNe1yiWIYqeezhBFm0Kia0kS0EYP21EUTHo2K9FFqDh6OPkJH9jbNkeysbE0D8X,3.551384,4.428556,8.145631,0,1806000,23.429828,Interactive,1,1.75
288900,acNe1yiWIYqeezhBFm0Kia0kS0EYP21EUTHo2K9FFqDh6OPkJH9jbNkeysbE0D8X,3.5884620000000003,4.006935,4.778807,0,1806000,23.429828,Interactive,1,1.75
289200,acNe1yiWIYqeezhBFm0Kia0kS0EYP21EUTHo2K9FFqDh6OPkJH9jbNkeysbE0D8X,3.652207,4.031062,5.325475,0,1806000,23.429828,Interactive,1,1.75
289500,acNe1yiWIYqeezhBFm0Kia0kS0EYP21EUTHo2K9FFqDh6OPkJH9jbNkeysbE0D8X,3.358223,3.820092,4.691365,0,1806000,23.429828,Interactive,1,1.75
289800,acNe1yiWIYqeezhBFm0Kia0kS0EYP21EUTHo2K9FFqDh6OPkJH9jbNkeysbE0D8X,3.166871,3.947335,4.758565,0,1806000,23.429828,Interactive,1,1.75
290100,acNe1yiWIYqeezhBFm0Kia0kS0EYP21EUTHo2K9FFqDh6OPkJH9jbNkeysbE0D8X,3.338247,5.923003,23.868211,0,1806000,23.429828,Interactive,1,1.75
290400,acNe1yiWIYqeezhBFm0Kia0kS0EYP21EUTHo2K9FFqDh6OPkJH9jbNkeysbE0D8X,3.671911,3.970288,4.506918,0,1806000,23.429828,Interactive,1,1.75
290700,acNe1yiWIYqeezhBFm0Kia0kS0EYP21EUTHo2K9FFqDh6OPkJH9jbNkeysbE0D8X,3.227411,3.970564,4.882823999999999,0,1806000,23.429828,Interactive,1,1.75
291000,acNe1yiWIYqeezhBFm0Kia0kS0EYP21EUTHo2K9FFqDh6OPkJH9jbNkeysbE0D8X,3.3053790000000003,3.934743,5.089688,0,1806000,23.429828,Interactive,1,1.75
291300,acNe1yiWIYqeezhBFm0Kia0kS0EYP21EUTHo2K9FFqDh6OPkJH9jbNkeysbE0D8X,3.658282,3.925253,4.599011,0,1806000,23.429828,Interactive,1,1.75
291600,acNe1yiWIYqeezhBFm0Kia0kS0EYP21EUTHo2K9FFqDh6OPkJH9jbNkeysbE0D8X,3.179981,3.887912000000001,4.581825,0,1806000,23.429828,Interactive,1,1.75
291900,acNe1yiWIYqeezhBFm0Kia0kS0EYP21EUTHo2K9FFqDh6OPkJH9jbNkeysbE0D8X,3.459775,4.036519999999999,5.167779,0,1806000,23.429828,Interactive,1,1.75
292200,acNe1yiWIYqeezhBFm0Kia0kS0EYP21EUTHo2K9FFqDh6OPkJH9jbNkeysbE0D8X,3.359549,4.712555,8.985321,0,1806000,23.429828,Interactive,1,1.75
292500,acNe1yiWIYqeezhBFm0Kia0kS0EYP21EUTHo2K9FFqDh6OPkJH9jbNkeysbE0D8X,3.086766,3.968895,4.683076,0,1806000,23.429828,Interactive,1,1.75
292800,acNe1yiWIYqeezhBFm0Kia0kS0EYP21EUTHo2K9FFqDh6OPkJH9jbNkeysbE0D8X,3.249246,4.65746,11.886265,0,1806000,23.429828,Interactive,1,1.75
293100,acNe1yiWIYqeezhBFm0Kia0kS0EYP21EUTHo2K9FFqDh6OPkJH9jbNkeysbE0D8X,3.5879730000000003,3.883465,4.339667,0,1806000,23.429828,Interactive,1,1.75
293400,acNe1yiWIYqeezhBFm0Kia0kS0EYP21EUTHo2K9FFqDh6OPkJH9jbNkeysbE0D8X,3.447143,3.962099,4.672011,0,1806000,23.429828,Interactive,1,1.75
293700,acNe1yiWIYqeezhBFm0Kia0kS0EYP21EUTHo2K9FFqDh6OPkJH9jbNkeysbE0D8X,2.750059,3.881437000000001,5.261958,0,1806000,23.429828,Interactive,1,1.75
294000,acNe1yiWIYqeezhBFm0Kia0kS0EYP21EUTHo2K9FFqDh6OPkJH9jbNkeysbE0D8X,3.557754,3.887773,4.595724,0,1806000,23.429828,Interactive,1,1.75
294300,acNe1yiWIYqeezhBFm0Kia0kS0EYP21EUTHo2K9FFqDh6OPkJH9jbNkeysbE0D8X,3.215461,3.938424,4.761227,0,1806000,23.429828,Interactive,1,1.75
294600,acNe1yiWIYqeezhBFm0Kia0kS0EYP21EUTHo2K9FFqDh6OPkJH9jbNkeysbE0D8X,3.661869,4.04832,5.410476,0,1806000,23.429828,Interactive,1,1.75
294900,acNe1yiWIYqeezhBFm0Kia0kS0EYP21EUTHo2K9FFqDh6OPkJH9jbNkeysbE0D8X,3.596997,3.938213,4.509066000000001,0,1806000,23.429828,Interactive,1,1.75
295200,acNe1yiWIYqeezhBFm0Kia0kS0EYP21EUTHo2K9FFqDh6OPkJH9jbNkeysbE0D8X,3.481832,3.909189,4.615827,0,1806000,23.429828,Interactive,1,1.75
295500,acNe1yiWIYqeezhBFm0Kia0kS0EYP21EUTHo2K9FFqDh6OPkJH9jbNkeysbE0D8X,3.233801,3.832379,4.71919,0,1806000,23.429828,Interactive,1,1.75
295800,acNe1yiWIYqeezhBFm0Kia0kS0EYP21EUTHo2K9FFqDh6OPkJH9jbNkeysbE0D8X,3.233619,5.063024,8.865658999999999,0,1806000,23.429828,Interactive,1,1.75
296100,acNe1yiWIYqeezhBFm0Kia0kS0EYP21EUTHo2K9FFqDh6OPkJH9jbNkeysbE0D8X,3.452113,3.976576,4.77711,0,1806000,23.429828,Interactive,1,1.75
296400,acNe1yiWIYqeezhBFm0Kia0kS0EYP21EUTHo2K9FFqDh6OPkJH9jbNkeysbE0D8X,3.099754,3.954794,5.013609,0,1806000,23.429828,Interactive,1,1.75
296700,acNe1yiWIYqeezhBFm0Kia0kS0EYP21EUTHo2K9FFqDh6OPkJH9jbNkeysbE0D8X,3.0337080000000003,3.858378,4.5721300000000005,0,1806000,23.429828,Interactive,1,1.75
297000,acNe1yiWIYqeezhBFm0Kia0kS0EYP21EUTHo2K9FFqDh6OPkJH9jbNkeysbE0D8X,3.391661,3.903665,4.579448,0,1806000,23.429828,Interactive,1,1.75
297300,acNe1yiWIYqeezhBFm0Kia0kS0EYP21EUTHo2K9FFqDh6OPkJH9jbNkeysbE0D8X,3.3325089999999995,3.897657,5.216637,0,1806000,23.429828,Interactive,1,1.75
297600,acNe1yiWIYqeezhBFm0Kia0kS0EYP21EUTHo2K9FFqDh6OPkJH9jbNkeysbE0D8X,3.152467,3.877498,4.600423,0,1806000,23.429828,Interactive,1,1.75
297900,acNe1yiWIYqeezhBFm0Kia0kS0EYP21EUTHo2K9FFqDh6OPkJH9jbNkeysbE0D8X,3.333263,3.954833,4.719191,0,1806000,23.429828,Interactive,1,1.75
298200,acNe1yiWIYqeezhBFm0Kia0kS0EYP21EUTHo2K9FFqDh6OPkJH9jbNkeysbE0D8X,2.9856130000000003,3.894951,4.790187,0,1806000,23.429828,Interactive,1,1.75
298500,acNe1yiWIYqeezhBFm0Kia0kS0EYP21EUTHo2K9FFqDh6OPkJH9jbNkeysbE0D8X,3.3812620000000004,3.909736,4.548986,0,1806000,23.429828,Interactive,1,1.75
298800,acNe1yiWIYqeezhBFm0Kia0kS0EYP21EUTHo2K9FFqDh6OPkJH9jbNkeysbE0D8X,3.666397,3.965189,4.79599,0,1806000,23.429828,Interactive,1,1.75
299100,acNe1yiWIYqeezhBFm0Kia0kS0EYP21EUTHo2K9FFqDh6OPkJH9jbNkeysbE0D8X,3.48204,3.996524,5.159861,0,1806000,23.429828,Interactive,1,1.75
299400,acNe1yiWIYqeezhBFm0Kia0kS0EYP21EUTHo2K9FFqDh6OPkJH9jbNkeysbE0D8X,3.717392,5.194651,8.435654,0,1806000,23.429828,Interactive,1,1.75
299700,acNe1yiWIYqeezhBFm0Kia0kS0EYP21EUTHo2K9FFqDh6OPkJH9jbNkeysbE0D8X,2.693861,3.83748,4.442175,0,1806000,23.429828,Interactive,1,1.75
300000,acNe1yiWIYqeezhBFm0Kia0kS0EYP21EUTHo2K9FFqDh6OPkJH9jbNkeysbE0D8X,3.20995,4.024381,5.377101000000001,0,1806000,23.429828,Interactive,1,1.75
300300,acNe1yiWIYqeezhBFm0Kia0kS0EYP21EUTHo2K9FFqDh6OPkJH9jbNkeysbE0D8X,2.776018,3.604464,4.699622,0,1806000,23.429828,Interactive,1,1.75
300600,acNe1yiWIYqeezhBFm0Kia0kS0EYP21EUTHo2K9FFqDh6OPkJH9jbNkeysbE0D8X,3.317307,3.902496,4.7243010000000005,0,1806000,23.429828,Interactive,1,1.75
300900,acNe1yiWIYqeezhBFm0Kia0kS0EYP21EUTHo2K9FFqDh6OPkJH9jbNkeysbE0D8X,2.775203,3.758257,4.754601,0,1806000,23.429828,Interactive,1,1.75
301200,acNe1yiWIYqeezhBFm0Kia0kS0EYP21EUTHo2K9FFqDh6OPkJH9jbNkeysbE0D8X,3.546682,3.923099,4.487482,0,1806000,23.429828,Interactive,1,1.75
301500,acNe1yiWIYqeezhBFm0Kia0kS0EYP21EUTHo2K9FFqDh6OPkJH9jbNkeysbE0D8X,2.887169,3.83469,4.526488,0,1806000,23.429828,Interactive,1,1.75
301800,acNe1yiWIYqeezhBFm0Kia0kS0EYP21EUTHo2K9FFqDh6OPkJH9jbNkeysbE0D8X,2.984097,3.946665,5.41151,0,1806000,23.429828,Interactive,1,1.75
302100,acNe1yiWIYqeezhBFm0Kia0kS0EYP21EUTHo2K9FFqDh6OPkJH9jbNkeysbE0D8X,3.690162,3.92963,4.383235,0,1806000,23.429828,Interactive,1,1.75
302400,acNe1yiWIYqeezhBFm0Kia0kS0EYP21EUTHo2K9FFqDh6OPkJH9jbNkeysbE0D8X,2.209515,3.691843,4.566055,0,1806000,23.429828,Interactive,1,1.75
302700,acNe1yiWIYqeezhBFm0Kia0kS0EYP21EUTHo2K9FFqDh6OPkJH9jbNkeysbE0D8X,3.612786,4.008749,4.83523,0,1806000,23.429828,Interactive,1,1.75
303000,acNe1yiWIYqeezhBFm0Kia0kS0EYP21EUTHo2K9FFqDh6OPkJH9jbNkeysbE0D8X,3.258093,4.106197,5.649831,0,1806000,23.429828,Interactive,1,1.75
303300,acNe1yiWIYqeezhBFm0Kia0kS0EYP21EUTHo2K9FFqDh6OPkJH9jbNkeysbE0D8X,3.545213,4.859083999999999,8.65302,0,1806000,23.429828,Interactive,1,1.75
303600,acNe1yiWIYqeezhBFm0Kia0kS0EYP21EUTHo2K9FFqDh6OPkJH9jbNkeysbE0D8X,3.308007,3.922573,4.82925,0,1806000,23.429828,Interactive,1,1.75
303900,acNe1yiWIYqeezhBFm0Kia0kS0EYP21EUTHo2K9FFqDh6OPkJH9jbNkeysbE0D8X,3.436437,3.902014,4.38831,0,1806000,23.429828,Interactive,1,1.75
304200,acNe1yiWIYqeezhBFm0Kia0kS0EYP21EUTHo2K9FFqDh6OPkJH9jbNkeysbE0D8X,3.123974,3.88462,4.591707,0,1806000,23.429828,Interactive,1,1.75
304500,acNe1yiWIYqeezhBFm0Kia0kS0EYP21EUTHo2K9FFqDh6OPkJH9jbNkeysbE0D8X,3.08248,3.918629,5.001676,0,1806000,23.429828,Interactive,1,1.75
304800,acNe1yiWIYqeezhBFm0Kia0kS0EYP21EUTHo2K9FFqDh6OPkJH9jbNkeysbE0D8X,2.879001,3.779592,4.551958,0,1806000,23.429828,Interactive,1,1.75
305100,acNe1yiWIYqeezhBFm0Kia0kS0EYP21EUTHo2K9FFqDh6OPkJH9jbNkeysbE0D8X,2.95629,3.819574,4.528242,0,1806000,23.429828,Interactive,1,1.75
305400,acNe1yiWIYqeezhBFm0Kia0kS0EYP21EUTHo2K9FFqDh6OPkJH9jbNkeysbE0D8X,3.661415,4.0019860000000005,4.889005,0,1806000,23.429828,Interactive,1,1.75
305700,acNe1yiWIYqeezhBFm0Kia0kS0EYP21EUTHo2K9FFqDh6OPkJH9jbNkeysbE0D8X,3.136362,3.858292,4.638067,0,1806000,23.429828,Interactive,1,1.75
306000,acNe1yiWIYqeezhBFm0Kia0kS0EYP21EUTHo2K9FFqDh6OPkJH9jbNkeysbE0D8X,3.300957,3.889851,4.537194,0,1806000,23.429828,Interactive,1,1.75
306300,acNe1yiWIYqeezhBFm0Kia0kS0EYP21EUTHo2K9FFqDh6OPkJH9jbNkeysbE0D8X,3.166922,3.881296,4.37209,0,1806000,23.429828,Interactive,1,1.75
306600,acNe1yiWIYqeezhBFm0Kia0kS0EYP21EUTHo2K9FFqDh6OPkJH9jbNkeysbE0D8X,3.4848220000000003,3.846493,4.581103,0,1806000,23.429828,Interactive,1,1.75
306900,acNe1yiWIYqeezhBFm0Kia0kS0EYP21EUTHo2K9FFqDh6OPkJH9jbNkeysbE0D8X,3.329596,5.031278,8.127332000000001,0,1806000,23.429828,Interactive,1,1.75
307200,acNe1yiWIYqeezhBFm0Kia0kS0EYP21EUTHo2K9FFqDh6OPkJH9jbNkeysbE0D8X,3.052308,3.807239,4.698256,0,1806000,23.429828,Interactive,1,1.75
307500,acNe1yiWIYqeezhBFm0Kia0kS0EYP21EUTHo2K9FFqDh6OPkJH9jbNkeysbE0D8X,3.229643,3.828793,4.680958,0,1806000,23.429828,Interactive,1,1.75
307800,acNe1yiWIYqeezhBFm0Kia0kS0EYP21EUTHo2K9FFqDh6OPkJH9jbNkeysbE0D8X,2.518243,3.790919,5.20481,0,1806000,23.429828,Interactive,1,1.75
308100,acNe1yiWIYqeezhBFm0Kia0kS0EYP21EUTHo2K9FFqDh6OPkJH9jbNkeysbE0D8X,3.5114339999999995,4.0027,4.507522,0,1806000,23.429828,Interactive,1,1.75
308400,acNe1yiWIYqeezhBFm0Kia0kS0EYP21EUTHo2K9FFqDh6OPkJH9jbNkeysbE0D8X,2.677517,3.689374,4.7209010000000005,0,1806000,23.429828,Interactive,1,1.75
308700,acNe1yiWIYqeezhBFm0Kia0kS0EYP21EUTHo2K9FFqDh6OPkJH9jbNkeysbE0D8X,3.409428,3.991904,5.204916000000001,0,1806000,23.429828,Interactive,1,1.75
309000,acNe1yiWIYqeezhBFm0Kia0kS0EYP21EUTHo2K9FFqDh6OPkJH9jbNkeysbE0D8X,2.461105,3.744571,4.658844,0,1806000,23.429828,Interactive,1,1.75
309300,acNe1yiWIYqeezhBFm0Kia0kS0EYP21EUTHo2K9FFqDh6OPkJH9jbNkeysbE0D8X,3.606724,3.928224,4.303452,0,1806000,23.429828,Interactive,1,1.75
309600,acNe1yiWIYqeezhBFm0Kia0kS0EYP21EUTHo2K9FFqDh6OPkJH9jbNkeysbE0D8X,3.168127,3.899132,4.899176000000001,0,1806000,23.429828,Interactive,1,1.75
309900,acNe1yiWIYqeezhBFm0Kia0kS0EYP21EUTHo2K9FFqDh6OPkJH9jbNkeysbE0D8X,2.385935,3.859121,4.73773,0,1806000,23.429828,Interactive,1,1.75
310200,acNe1yiWIYqeezhBFm0Kia0kS0EYP21EUTHo2K9FFqDh6OPkJH9jbNkeysbE0D8X,3.19495,3.794771,4.383184,0,1806000,23.429828,Interactive,1,1.75
310500,acNe1yiWIYqeezhBFm0Kia0kS0EYP21EUTHo2K9FFqDh6OPkJH9jbNkeysbE0D8X,3.393517,5.050571,8.400352,0,1806000,23.429828,Interactive,1,1.75
310800,acNe1yiWIYqeezhBFm0Kia0kS0EYP21EUTHo2K9FFqDh6OPkJH9jbNkeysbE0D8X,3.555563,3.988598000000001,4.4505230000000005,0,1806000,23.429828,Interactive,1,1.75
311100,acNe1yiWIYqeezhBFm0Kia0kS0EYP21EUTHo2K9FFqDh6OPkJH9jbNkeysbE0D8X,3.088244,3.833357,4.334074,0,1806000,23.429828,Interactive,1,1.75
311400,acNe1yiWIYqeezhBFm0Kia0kS0EYP21EUTHo2K9FFqDh6OPkJH9jbNkeysbE0D8X,3.461282,4.042756,5.320011,0,1806000,23.429828,Interactive,1,1.75
311700,acNe1yiWIYqeezhBFm0Kia0kS0EYP21EUTHo2K9FFqDh6OPkJH9jbNkeysbE0D8X,2.464394,3.825888,4.644642,0,1806000,23.429828,Interactive,1,1.75
312000,acNe1yiWIYqeezhBFm0Kia0kS0EYP21EUTHo2K9FFqDh6OPkJH9jbNkeysbE0D8X,3.41927,3.927125,4.476934,0,1806000,23.429828,Interactive,1,1.75
312300,acNe1yiWIYqeezhBFm0Kia0kS0EYP21EUTHo2K9FFqDh6OPkJH9jbNkeysbE0D8X,3.412958,3.870317,4.58819,0,1806000,23.429828,Interactive,1,1.75
312600,acNe1yiWIYqeezhBFm0Kia0kS0EYP21EUTHo2K9FFqDh6OPkJH9jbNkeysbE0D8X,2.983509,3.930816000000001,4.570558,0,1806000,23.429828,Interactive,1,1.75
312900,acNe1yiWIYqeezhBFm0Kia0kS0EYP21EUTHo2K9FFqDh6OPkJH9jbNkeysbE0D8X,3.327872,3.870184,4.446935,0,1806000,23.429828,Interactive,1,1.75
313200,acNe1yiWIYqeezhBFm0Kia0kS0EYP21EUTHo2K9FFqDh6OPkJH9jbNkeysbE0D8X,2.561029,3.749487,5.119743,0,1806000,23.429828,Interactive,1,1.75
313500,acNe1yiWIYqeezhBFm0Kia0kS0EYP21EUTHo2K9FFqDh6OPkJH9jbNkeysbE0D8X,3.541613,3.957527,4.520953,0,1806000,23.429828,Interactive,1,1.75
313800,acNe1yiWIYqeezhBFm0Kia0kS0EYP21EUTHo2K9FFqDh6OPkJH9jbNkeysbE0D8X,3.5092769999999995,3.929297,4.908431,0,1806000,23.429828,Interactive,1,1.75
314100,acNe1yiWIYqeezhBFm0Kia0kS0EYP21EUTHo2K9FFqDh6OPkJH9jbNkeysbE0D8X,3.381814,4.828589,8.129052,0,1806000,23.429828,Interactive,1,1.75
314400,acNe1yiWIYqeezhBFm0Kia0kS0EYP21EUTHo2K9FFqDh6OPkJH9jbNkeysbE0D8X,3.548793,4.297036,7.567422,0,1806000,23.429828,Interactive,1,1.75
314700,acNe1yiWIYqeezhBFm0Kia0kS0EYP21EUTHo2K9FFqDh6OPkJH9jbNkeysbE0D8X,3.2623830000000003,3.976977,4.669009,0,1806000,23.429828,Interactive,1,1.75
315000,acNe1yiWIYqeezhBFm0Kia0kS0EYP21EUTHo2K9FFqDh6OPkJH9jbNkeysbE0D8X,3.229293,3.931873,5.285522,0,1806000,23.429828,Interactive,1,1.75
315300,acNe1yiWIYqeezhBFm0Kia0kS0EYP21EUTHo2K9FFqDh6OPkJH9jbNkeysbE0D8X,3.271914,3.952083,4.630326999999999,0,1806000,23.429828,Interactive,1,1.75
315600,acNe1yiWIYqeezhBFm0Kia0kS0EYP21EUTHo2K9FFqDh6OPkJH9jbNkeysbE0D8X,3.425281,3.884586,4.8571290000000005,0,1806000,23.429828,Interactive,1,1.75
315900,acNe1yiWIYqeezhBFm0Kia0kS0EYP21EUTHo2K9FFqDh6OPkJH9jbNkeysbE0D8X,3.275894,3.905994,5.190953,0,1806000,23.429828,Interactive,1,1.75
316200,acNe1yiWIYqeezhBFm0Kia0kS0EYP21EUTHo2K9FFqDh6OPkJH9jbNkeysbE0D8X,3.46046,3.930676,4.750703,0,1806000,23.429828,Interactive,1,1.75
316500,acNe1yiWIYqeezhBFm0Kia0kS0EYP21EUTHo2K9FFqDh6OPkJH9jbNkeysbE0D8X,3.286576,3.82678,4.853841,0,1806000,23.429828,Interactive,1,1.75
316800,acNe1yiWIYqeezhBFm0Kia0kS0EYP21EUTHo2K9FFqDh6OPkJH9jbNkeysbE0D8X,3.279232,3.893504,5.130412000000001,0,1806000,23.429828,Interactive,1,1.75
317100,acNe1yiWIYqeezhBFm0Kia0kS0EYP21EUTHo2K9FFqDh6OPkJH9jbNkeysbE0D8X,3.4133910000000003,3.913094,4.525189,0,1806000,23.429828,Interactive,1,1.75
317400,acNe1yiWIYqeezhBFm0Kia0kS0EYP21EUTHo2K9FFqDh6OPkJH9jbNkeysbE0D8X,3.5663440000000004,3.919978,4.731714,0,1806000,23.429828,Interactive,1,1.75
317700,acNe1yiWIYqeezhBFm0Kia0kS0EYP21EUTHo2K9FFqDh6OPkJH9jbNkeysbE0D8X,3.452898,4.007619999999999,5.123739,0,1806000,23.429828,Interactive,1,1.75
318000,acNe1yiWIYqeezhBFm0Kia0kS0EYP21EUTHo2K9FFqDh6OPkJH9jbNkeysbE0D8X,3.125063,5.170278,8.175782,0,1806000,23.429828,Interactive,1,1.75
318300,acNe1yiWIYqeezhBFm0Kia0kS0EYP21EUTHo2K9FFqDh6OPkJH9jbNkeysbE0D8X,3.436632,4.198533,6.583885,0,1806000,23.429828,Interactive,1,1.75
318600,acNe1yiWIYqeezhBFm0Kia0kS0EYP21EUTHo2K9FFqDh6OPkJH9jbNkeysbE0D8X,2.642341,3.826052,5.21232,0,1806000,23.429828,Interactive,1,1.75
318900,acNe1yiWIYqeezhBFm0Kia0kS0EYP21EUTHo2K9FFqDh6OPkJH9jbNkeysbE0D8X,3.2729,3.885493,4.56194,0,1806000,23.429828,Interactive,1,1.75
319200,acNe1yiWIYqeezhBFm0Kia0kS0EYP21EUTHo2K9FFqDh6OPkJH9jbNkeysbE0D8X,2.803046,3.752549,4.6912970000000005,0,1806000,23.429828,Interactive,1,1.75
319500,acNe1yiWIYqeezhBFm0Kia0kS0EYP21EUTHo2K9FFqDh6OPkJH9jbNkeysbE0D8X,3.315321,3.915898,5.272596,0,1806000,23.429828,Interactive,1,1.75
319800,acNe1yiWIYqeezhBFm0Kia0kS0EYP21EUTHo2K9FFqDh6OPkJH9jbNkeysbE0D8X,3.4280660000000003,3.883975,4.627125,0,1806000,23.429828,Interactive,1,1.75
320100,acNe1yiWIYqeezhBFm0Kia0kS0EYP21EUTHo2K9FFqDh6OPkJH9jbNkeysbE0D8X,3.414559,3.890071,4.656428,0,1806000,23.429828,Interactive,1,1.75
320400,acNe1yiWIYqeezhBFm0Kia0kS0EYP21EUTHo2K9FFqDh6OPkJH9jbNkeysbE0D8X,2.468283,3.773591,4.520087999999999,0,1806000,23.429828,Interactive,1,1.75
320700,acNe1yiWIYqeezhBFm0Kia0kS0EYP21EUTHo2K9FFqDh6OPkJH9jbNkeysbE0D8X,3.057793,3.930298000000001,4.632722,0,1806000,23.429828,Interactive,1,1.75
321000,acNe1yiWIYqeezhBFm0Kia0kS0EYP21EUTHo2K9FFqDh6OPkJH9jbNkeysbE0D8X,3.208832,3.863959,4.821818,0,1806000,23.429828,Interactive,1,1.75
321300,acNe1yiWIYqeezhBFm0Kia0kS0EYP21EUTHo2K9FFqDh6OPkJH9jbNkeysbE0D8X,3.315199,3.90469,5.2396650000000005,0,1806000,23.429828,Interactive,1,1.75
321600,acNe1yiWIYqeezhBFm0Kia0kS0EYP21EUTHo2K9FFqDh6OPkJH9jbNkeysbE0D8X,3.6176,5.318843,8.247774,0,1806000,23.429828,Interactive,1,1.75
321900,acNe1yiWIYqeezhBFm0Kia0kS0EYP21EUTHo2K9FFqDh6OPkJH9jbNkeysbE0D8X,3.633211,3.892487000000001,4.59566,0,1806000,23.429828,Interactive,1,1.75
322200,acNe1yiWIYqeezhBFm0Kia0kS0EYP21EUTHo2K9FFqDh6OPkJH9jbNkeysbE0D8X,3.354853,3.965519,5.165267,0,1806000,23.429828,Interactive,1,1.75
322500,acNe1yiWIYqeezhBFm0Kia0kS0EYP21EUTHo2K9FFqDh6OPkJH9jbNkeysbE0D8X,3.344227,3.855074,4.556447,0,1806000,23.429828,Interactive,1,1.75
322800,acNe1yiWIYqeezhBFm0Kia0kS0EYP21EUTHo2K9FFqDh6OPkJH9jbNkeysbE0D8X,3.65624,3.873402,4.404257,0,1806000,23.429828,Interactive,1,1.75
323100,acNe1yiWIYqeezhBFm0Kia0kS0EYP21EUTHo2K9FFqDh6OPkJH9jbNkeysbE0D8X,3.323803,3.92133,4.9736910000000005,0,1806000,23.429828,Interactive,1,1.75
323400,acNe1yiWIYqeezhBFm0Kia0kS0EYP21EUTHo2K9FFqDh6OPkJH9jbNkeysbE0D8X,3.141841,3.939536,4.675407,0,1806000,23.429828,Interactive,1,1.75
323700,acNe1yiWIYqeezhBFm0Kia0kS0EYP21EUTHo2K9FFqDh6OPkJH9jbNkeysbE0D8X,3.521821,3.897613,4.778323,0,1806000,23.429828,Interactive,1,1.75
324000,acNe1yiWIYqeezhBFm0Kia0kS0EYP21EUTHo2K9FFqDh6OPkJH9jbNkeysbE0D8X,2.520011,3.737262,4.92037,0,1806000,23.429828,Interactive,1,1.75
324300,acNe1yiWIYqeezhBFm0Kia0kS0EYP21EUTHo2K9FFqDh6OPkJH9jbNkeysbE0D8X,3.4284190000000003,3.9204,4.586755999999999,0,1806000,23.429828,Interactive,1,1.75
324600,acNe1yiWIYqeezhBFm0Kia0kS0EYP21EUTHo2K9FFqDh6OPkJH9jbNkeysbE0D8X,3.5314410000000005,3.899411,4.629707,0,1806000,23.429828,Interactive,1,1.75
324900,acNe1yiWIYqeezhBFm0Kia0kS0EYP21EUTHo2K9FFqDh6OPkJH9jbNkeysbE0D8X,3.408487,3.822785,5.231018,0,1806000,23.429828,Interactive,1,1.75
325200,acNe1yiWIYqeezhBFm0Kia0kS0EYP21EUTHo2K9FFqDh6OPkJH9jbNkeysbE0D8X,3.679442,5.423742,8.848064,0,1806000,23.429828,Interactive,1,1.75
325500,acNe1yiWIYqeezhBFm0Kia0kS0EYP21EUTHo2K9FFqDh6OPkJH9jbNkeysbE0D8X,3.624038,3.930738,4.634037,0,1806000,23.429828,Interactive,1,1.75
325800,acNe1yiWIYqeezhBFm0Kia0kS0EYP21EUTHo2K9FFqDh6OPkJH9jbNkeysbE0D8X,3.549526,4.042201,5.0981760000000005,0,1806000,23.429828,Interactive,1,1.75
326100,acNe1yiWIYqeezhBFm0Kia0kS0EYP21EUTHo2K9FFqDh6OPkJH9jbNkeysbE0D8X,3.415661,3.937355,4.612663,0,1806000,23.429828,Interactive,1,1.75
326400,acNe1yiWIYqeezhBFm0Kia0kS0EYP21EUTHo2K9FFqDh6OPkJH9jbNkeysbE0D8X,3.3414330000000003,3.811888,4.567531,0,1806000,23.429828,Interactive,1,1.75
326700,acNe1yiWIYqeezhBFm0Kia0kS0EYP21EUTHo2K9FFqDh6OPkJH9jbNkeysbE0D8X,2.39745,3.780938,5.254705,0,1806000,23.429828,Interactive,1,1.75
327000,acNe1yiWIYqeezhBFm0Kia0kS0EYP21EUTHo2K9FFqDh6OPkJH9jbNkeysbE0D8X,3.340396,3.963896,4.51055,0,1806000,23.429828,Interactive,1,1.75
327300,acNe1yiWIYqeezhBFm0Kia0kS0EYP21EUTHo2K9FFqDh6OPkJH9jbNkeysbE0D8X,3.420431,3.934747,4.533097,0,1806000,23.429828,Interactive,1,1.75
327600,acNe1yiWIYqeezhBFm0Kia0kS0EYP21EUTHo2K9FFqDh6OPkJH9jbNkeysbE0D8X,3.071765,3.978068,5.35666,0,1806000,23.429828,Interactive,1,1.75
327900,acNe1yiWIYqeezhBFm0Kia0kS0EYP21EUTHo2K9FFqDh6OPkJH9jbNkeysbE0D8X,3.4884440000000003,3.980652,4.709797,0,1806000,23.429828,Interactive,1,1.75
328200,acNe1yiWIYqeezhBFm0Kia0kS0EYP21EUTHo2K9FFqDh6OPkJH9jbNkeysbE0D8X,3.482308,3.914904,4.564428,0,1806000,23.429828,Interactive,1,1.75
328500,acNe1yiWIYqeezhBFm0Kia0kS0EYP21EUTHo2K9FFqDh6OPkJH9jbNkeysbE0D8X,3.500782,3.971806,5.206914,0,1806000,23.429828,Interactive,1,1.75
328800,acNe1yiWIYqeezhBFm0Kia0kS0EYP21EUTHo2K9FFqDh6OPkJH9jbNkeysbE0D8X,3.515847,4.273255000000001,6.253548,0,1806000,23.429828,Interactive,1,1.75
329100,acNe1yiWIYqeezhBFm0Kia0kS0EYP21EUTHo2K9FFqDh6OPkJH9jbNkeysbE0D8X,3.404209,5.223855,8.56017,0,1806000,23.429828,Interactive,1,1.75
329400,acNe1yiWIYqeezhBFm0Kia0kS0EYP21EUTHo2K9FFqDh6OPkJH9jbNkeysbE0D8X,2.791801,3.83086,5.010191000000001,0,1806000,23.429828,Interactive,1,1.75
329700,acNe1yiWIYqeezhBFm0Kia0kS0EYP21EUTHo2K9FFqDh6OPkJH9jbNkeysbE0D8X,3.726418,4.066985,4.642657,0,1806000,23.429828,Interactive,1,1.75
330000,acNe1yiWIYqeezhBFm0Kia0kS0EYP21EUTHo2K9FFqDh6OPkJH9jbNkeysbE0D8X,3.286838,3.97377,4.758216,0,1806000,23.429828,Interactive,1,1.75
330300,acNe1yiWIYqeezhBFm0Kia0kS0EYP21EUTHo2K9FFqDh6OPkJH9jbNkeysbE0D8X,3.609915,3.919514,4.5378050000000005,0,1806000,23.429828,Interactive,1,1.75
330600,acNe1yiWIYqeezhBFm0Kia0kS0EYP21EUTHo2K9FFqDh6OPkJH9jbNkeysbE0D8X,2.45767,3.847317,4.72074,0,1806000,23.429828,Interactive,1,1.75
330900,acNe1yiWIYqeezhBFm0Kia0kS0EYP21EUTHo2K9FFqDh6OPkJH9jbNkeysbE0D8X,3.679492,3.942803,4.780393,0,1806000,23.429828,Interactive,1,1.75
331200,acNe1yiWIYqeezhBFm0Kia0kS0EYP21EUTHo2K9FFqDh6OPkJH9jbNkeysbE0D8X,3.02857,3.94987,5.453999,0,1806000,23.429828,Interactive,1,1.75
331500,acNe1yiWIYqeezhBFm0Kia0kS0EYP21EUTHo2K9FFqDh6OPkJH9jbNkeysbE0D8X,3.271131,3.876931,4.715335,0,1806000,23.429828,Interactive,1,1.75
331800,acNe1yiWIYqeezhBFm0Kia0kS0EYP21EUTHo2K9FFqDh6OPkJH9jbNkeysbE0D8X,3.509031,3.85976,4.666355,0,1806000,23.429828,Interactive,1,1.75
332100,acNe1yiWIYqeezhBFm0Kia0kS0EYP21EUTHo2K9FFqDh6OPkJH9jbNkeysbE0D8X,2.672725,3.715752,4.642704,0,1806000,23.429828,Interactive,1,1.75
332400,acNe1yiWIYqeezhBFm0Kia0kS0EYP21EUTHo2K9FFqDh6OPkJH9jbNkeysbE0D8X,3.566227,3.856626,4.123945,0,1806000,23.429828,Interactive,1,1.75
332700,acNe1yiWIYqeezhBFm0Kia0kS0EYP21EUTHo2K9FFqDh6OPkJH9jbNkeysbE0D8X,3.655611,4.998055,7.74662,0,1806000,23.429828,Interactive,1,1.75
333000,acNe1yiWIYqeezhBFm0Kia0kS0EYP21EUTHo2K9FFqDh6OPkJH9jbNkeysbE0D8X,3.467161,3.81979,4.528809,0,1806000,23.429828,Interactive,1,1.75
333300,acNe1yiWIYqeezhBFm0Kia0kS0EYP21EUTHo2K9FFqDh6OPkJH9jbNkeysbE0D8X,3.135721,3.763453,5.046397,0,1806000,23.429828,Interactive,1,1.75
333600,acNe1yiWIYqeezhBFm0Kia0kS0EYP21EUTHo2K9FFqDh6OPkJH9jbNkeysbE0D8X,3.3382730000000005,3.814643,4.561474,0,1806000,23.429828,Interactive,1,1.75
333900,acNe1yiWIYqeezhBFm0Kia0kS0EYP21EUTHo2K9FFqDh6OPkJH9jbNkeysbE0D8X,3.167897,3.799159,4.786026000000001,0,1806000,23.429828,Interactive,1,1.75
334200,acNe1yiWIYqeezhBFm0Kia0kS0EYP21EUTHo2K9FFqDh6OPkJH9jbNkeysbE0D8X,3.6006370000000003,3.956929,4.83953,0,1806000,23.429828,Interactive,1,1.75
334500,acNe1yiWIYqeezhBFm0Kia0kS0EYP21EUTHo2K9FFqDh6OPkJH9jbNkeysbE0D8X,3.1934720000000003,3.83944,4.771351999999999,0,1806000,23.429828,Interactive,1,1.75
334800,acNe1yiWIYqeezhBFm0Kia0kS0EYP21EUTHo2K9FFqDh6OPkJH9jbNkeysbE0D8X,3.4362800000000004,3.931152,4.6942260000000005,0,1806000,23.429828,Interactive,1,1.75
335100,acNe1yiWIYqeezhBFm0Kia0kS0EYP21EUTHo2K9FFqDh6OPkJH9jbNkeysbE0D8X,3.401645,3.834743,4.400026,0,1806000,23.429828,Interactive,1,1.75
335400,acNe1yiWIYqeezhBFm0Kia0kS0EYP21EUTHo2K9FFqDh6OPkJH9jbNkeysbE0D8X,3.5880300000000003,4.107234,4.90946,0,1806000,23.429828,Interactive,1,1.75
335700,acNe1yiWIYqeezhBFm0Kia0kS0EYP21EUTHo2K9FFqDh6OPkJH9jbNkeysbE0D8X,3.5994080000000004,4.034276,5.029761,0,1806000,23.429828,Interactive,1,1.75
336000,acNe1yiWIYqeezhBFm0Kia0kS0EYP21EUTHo2K9FFqDh6OPkJH9jbNkeysbE0D8X,3.231129,3.95958,4.552997,0,1806000,23.429828,Interactive,1,1.75
336300,acNe1yiWIYqeezhBFm0Kia0kS0EYP21EUTHo2K9FFqDh6OPkJH9jbNkeysbE0D8X,3.474537,5.326489,8.410755,0,1806000,23.429828,Interactive,1,1.75
336600,acNe1yiWIYqeezhBFm0Kia0kS0EYP21EUTHo2K9FFqDh6OPkJH9jbNkeysbE0D8X,3.3135790000000003,4.083433,4.882512,0,1806000,23.429828,Interactive,1,1.75
336900,acNe1yiWIYqeezhBFm0Kia0kS0EYP21EUTHo2K9FFqDh6OPkJH9jbNkeysbE0D8X,3.425289,3.919816,4.629593,0,1806000,23.429828,Interactive,1,1.75
337200,acNe1yiWIYqeezhBFm0Kia0kS0EYP21EUTHo2K9FFqDh6OPkJH9jbNkeysbE0D8X,3.062557,3.965887,4.953519,0,1806000,23.429828,Interactive,1,1.75
337500,acNe1yiWIYqeezhBFm0Kia0kS0EYP21EUTHo2K9FFqDh6OPkJH9jbNkeysbE0D8X,3.436257,4.053059999999999,4.721722,0,1806000,23.429828,Interactive,1,1.75
337800,acNe1yiWIYqeezhBFm0Kia0kS0EYP21EUTHo2K9FFqDh6OPkJH9jbNkeysbE0D8X,3.604023,3.887044,4.386298,0,1806000,23.429828,Interactive,1,1.75
338100,acNe1yiWIYqeezhBFm0Kia0kS0EYP21EUTHo2K9FFqDh6OPkJH9jbNkeysbE0D8X,3.607755000000001,4.01985,4.883374,0,1806000,23.429828,Interactive,1,1.75
338400,acNe1yiWIYqeezhBFm0Kia0kS0EYP21EUTHo2K9FFqDh6OPkJH9jbNkeysbE0D8X,3.26513,3.922583,4.611788,0,1806000,23.429828,Interactive,1,1.75
338700,acNe1yiWIYqeezhBFm0Kia0kS0EYP21EUTHo2K9FFqDh6OPkJH9jbNkeysbE0D8X,3.341718,3.861087,4.59202,0,1806000,23.429828,Interactive,1,1.75
339000,acNe1yiWIYqeezhBFm0Kia0kS0EYP21EUTHo2K9FFqDh6OPkJH9jbNkeysbE0D8X,3.322674,4.001029,4.830754,0,1806000,23.429828,Interactive,1,1.75
339300,acNe1yiWIYqeezhBFm0Kia0kS0EYP21EUTHo2K9FFqDh6OPkJH9jbNkeysbE0D8X,3.1576,3.954824,4.581173000000001,0,1806000,23.429828,Interactive,1,1.75
339600,acNe1yiWIYqeezhBFm0Kia0kS0EYP21EUTHo2K9FFqDh6OPkJH9jbNkeysbE0D8X,3.246134,4.032869,5.355549,0,1806000,23.429828,Interactive,1,1.75
339900,acNe1yiWIYqeezhBFm0Kia0kS0EYP21EUTHo2K9FFqDh6OPkJH9jbNkeysbE0D8X,3.33915,4.27232,6.449747,0,1806000,23.429828,Interactive,1,1.75
340200,acNe1yiWIYqeezhBFm0Kia0kS0EYP21EUTHo2K9FFqDh6OPkJH9jbNkeysbE0D8X,3.175476,5.430553,8.880435,0,1806000,23.429828,Interactive,1,1.75
340500,acNe1yiWIYqeezhBFm0Kia0kS0EYP21EUTHo2K9FFqDh6OPkJH9jbNkeysbE0D8X,3.322492,3.970227,4.636117,0,1806000,23.429828,Interactive,1,1.75
340800,acNe1yiWIYqeezhBFm0Kia0kS0EYP21EUTHo2K9FFqDh6OPkJH9jbNkeysbE0D8X,3.467947,3.915781,4.509739,0,1806000,23.429828,Interactive,1,1.75
341100,acNe1yiWIYqeezhBFm0Kia0kS0EYP21EUTHo2K9FFqDh6OPkJH9jbNkeysbE0D8X,3.3594160000000004,4.030658,4.917930999999999,0,1806000,23.429828,Interactive,1,1.75
341400,acNe1yiWIYqeezhBFm0Kia0kS0EYP21EUTHo2K9FFqDh6OPkJH9jbNkeysbE0D8X,3.427546,3.857296,4.737628,0,1806000,23.429828,Interactive,1,1.75
341700,acNe1yiWIYqeezhBFm0Kia0kS0EYP21EUTHo2K9FFqDh6OPkJH9jbNkeysbE0D8X,3.431238,3.868877,4.546757,0,1806000,23.429828,Interactive,1,1.75
342000,acNe1yiWIYqeezhBFm0Kia0kS0EYP21EUTHo2K9FFqDh6OPkJH9jbNkeysbE0D8X,3.50255,3.998684,4.886216,0,1806000,23.429828,Interactive,1,1.75
342300,acNe1yiWIYqeezhBFm0Kia0kS0EYP21EUTHo2K9FFqDh6OPkJH9jbNkeysbE0D8X,3.418301,4.187359,7.350967999999999,0,1806000,23.429828,Interactive,1,1.75
342600,acNe1yiWIYqeezhBFm0Kia0kS0EYP21EUTHo2K9FFqDh6OPkJH9jbNkeysbE0D8X,3.665589,3.975418,4.787344999999999,0,1806000,23.429828,Interactive,1,1.75
342900,acNe1yiWIYqeezhBFm0Kia0kS0EYP21EUTHo2K9FFqDh6OPkJH9jbNkeysbE0D8X,3.681333,4.007053,4.689992,0,1806000,23.429828,Interactive,1,1.75
343200,acNe1yiWIYqeezhBFm0Kia0kS0EYP21EUTHo2K9FFqDh6OPkJH9jbNkeysbE0D8X,3.623274,4.020444,4.783017,0,1806000,23.429828,Interactive,1,1.75
343500,acNe1yiWIYqeezhBFm0Kia0kS0EYP21EUTHo2K9FFqDh6OPkJH9jbNkeysbE0D8X,3.552518,4.095975,4.794621,0,1806000,23.429828,Interactive,1,1.75
343800,acNe1yiWIYqeezhBFm0Kia0kS0EYP21EUTHo2K9FFqDh6OPkJH9jbNkeysbE0D8X,3.362115,5.182062,8.099772999999999,0,1806000,23.429828,Interactive,1,1.75
344100,acNe1yiWIYqeezhBFm0Kia0kS0EYP21EUTHo2K9FFqDh6OPkJH9jbNkeysbE0D8X,2.949339,3.767541000000001,4.612830000000001,0,1806000,23.429828,Interactive,1,1.75
344400,acNe1yiWIYqeezhBFm0Kia0kS0EYP21EUTHo2K9FFqDh6OPkJH9jbNkeysbE0D8X,2.872539,3.3067330000000004,4.098739,0,1806000,23.429828,Interactive,1,1.75
344700,acNe1yiWIYqeezhBFm0Kia0kS0EYP21EUTHo2K9FFqDh6OPkJH9jbNkeysbE0D8X,2.933342,3.603997,6.030649,0,1806000,23.429828,Interactive,1,1.75
345000,acNe1yiWIYqeezhBFm0Kia0kS0EYP21EUTHo2K9FFqDh6OPkJH9jbNkeysbE0D8X,2.973295,3.529585,6.19318,0,1806000,23.429828,Interactive,1,1.75
345300,acNe1yiWIYqeezhBFm0Kia0kS0EYP21EUTHo2K9FFqDh6OPkJH9jbNkeysbE0D8X,2.862507,3.289749,3.998554,0,1806000,23.429828,Interactive,1,1.75
345600,acNe1yiWIYqeezhBFm0Kia0kS0EYP21EUTHo2K9FFqDh6OPkJH9jbNkeysbE0D8X,2.847889,3.259464,4.148328,0,1806000,23.429828,Interactive,1,1.75
345900,acNe1yiWIYqeezhBFm0Kia0kS0EYP21EUTHo2K9FFqDh6OPkJH9jbNkeysbE0D8X,2.953355,3.21043,3.836585,0,1806000,23.429828,Interactive,1,1.75
346200,acNe1yiWIYqeezhBFm0Kia0kS0EYP21EUTHo2K9FFqDh6OPkJH9jbNkeysbE0D8X,2.9032400000000003,3.274919,4.063446,0,1806000,23.429828,Interactive,1,1.75
346500,acNe1yiWIYqeezhBFm0Kia0kS0EYP21EUTHo2K9FFqDh6OPkJH9jbNkeysbE0D8X,2.886852,3.250469,4.092112,0,1806000,23.429828,Interactive,1,1.75
346800,acNe1yiWIYqeezhBFm0Kia0kS0EYP21EUTHo2K9FFqDh6OPkJH9jbNkeysbE0D8X,2.913595,3.256101,3.856423,0,1806000,23.429828,Interactive,1,1.75
347100,acNe1yiWIYqeezhBFm0Kia0kS0EYP21EUTHo2K9FFqDh6OPkJH9jbNkeysbE0D8X,3.006872,3.699969,4.7676680000000005,0,1806000,23.429828,Interactive,1,1.75
347400,acNe1yiWIYqeezhBFm0Kia0kS0EYP21EUTHo2K9FFqDh6OPkJH9jbNkeysbE0D8X,3.4582940000000004,5.431117,9.164262,0,1806000,23.429828,Interactive,1,1.75
347700,acNe1yiWIYqeezhBFm0Kia0kS0EYP21EUTHo2K9FFqDh6OPkJH9jbNkeysbE0D8X,3.42431,4.292464,6.776352,0,1806000,23.429828,Interactive,1,1.75
348000,acNe1yiWIYqeezhBFm0Kia0kS0EYP21EUTHo2K9FFqDh6OPkJH9jbNkeysbE0D8X,3.480487,4.007029,4.575537000000001,0,1806000,23.429828,Interactive,1,1.75
348300,acNe1yiWIYqeezhBFm0Kia0kS0EYP21EUTHo2K9FFqDh6OPkJH9jbNkeysbE0D8X,2.802157,3.933784,5.082163,0,1806000,23.429828,Interactive,1,1.75
348600,acNe1yiWIYqeezhBFm0Kia0kS0EYP21EUTHo2K9FFqDh6OPkJH9jbNkeysbE0D8X,3.256015,3.921218,4.736382,0,1806000,23.429828,Interactive,1,1.75
348900,acNe1yiWIYqeezhBFm0Kia0kS0EYP21EUTHo2K9FFqDh6OPkJH9jbNkeysbE0D8X,3.251125,3.902091,4.872445,0,1806000,23.429828,Interactive,1,1.75
349200,acNe1yiWIYqeezhBFm0Kia0kS0EYP21EUTHo2K9FFqDh6OPkJH9jbNkeysbE0D8X,2.939838,3.888196,4.76275,0,1806000,23.429828,Interactive,1,1.75
349500,acNe1yiWIYqeezhBFm0Kia0kS0EYP21EUTHo2K9FFqDh6OPkJH9jbNkeysbE0D8X,3.209219,3.900324,4.685211,0,1806000,23.429828,Interactive,1,1.75
349800,acNe1yiWIYqeezhBFm0Kia0kS0EYP21EUTHo2K9FFqDh6OPkJH9jbNkeysbE0D8X,3.555956,3.996248000000001,4.931442,0,1806000,23.429828,Interactive,1,1.75
350100,acNe1yiWIYqeezhBFm0Kia0kS0EYP21EUTHo2K9FFqDh6OPkJH9jbNkeysbE0D8X,3.5875470000000003,4.020036,4.713794,0,1806000,23.429828,Interactive,1,1.75
350400,acNe1yiWIYqeezhBFm0Kia0kS0EYP21EUTHo2K9FFqDh6OPkJH9jbNkeysbE0D8X,3.4232400000000003,4.195739,6.649653,0,1806000,23.429828,Interactive,1,1.75
350700,acNe1yiWIYqeezhBFm0Kia0kS0EYP21EUTHo2K9FFqDh6OPkJH9jbNkeysbE0D8X,3.061851,3.93688,4.58589,0,1806000,23.429828,Interactive,1,1.75
351000,acNe1yiWIYqeezhBFm0Kia0kS0EYP21EUTHo2K9FFqDh6OPkJH9jbNkeysbE0D8X,3.008768,3.854768,4.988325,0,1806000,23.429828,Interactive,1,1.75
351300,acNe1yiWIYqeezhBFm0Kia0kS0EYP21EUTHo2K9FFqDh6OPkJH9jbNkeysbE0D8X,3.733717,5.199815,8.691272,0,1806000,23.429828,Interactive,1,1.75
351600,acNe1yiWIYqeezhBFm0Kia0kS0EYP21EUTHo2K9FFqDh6OPkJH9jbNkeysbE0D8X,3.280422,3.928876,4.881562000000001,0,1806000,23.429828,Interactive,1,1.75
351900,acNe1yiWIYqeezhBFm0Kia0kS0EYP21EUTHo2K9FFqDh6OPkJH9jbNkeysbE0D8X,3.499391,4.003883999999999,4.908639,0,1806000,23.429828,Interactive,1,1.75
352200,acNe1yiWIYqeezhBFm0Kia0kS0EYP21EUTHo2K9FFqDh6OPkJH9jbNkeysbE0D8X,2.873853,3.807492,4.630872,0,1806000,23.429828,Interactive,1,1.75
352500,acNe1yiWIYqeezhBFm0Kia0kS0EYP21EUTHo2K9FFqDh6OPkJH9jbNkeysbE0D8X,3.346572,3.959285,4.932926,0,1806000,23.429828,Interactive,1,1.75
352800,acNe1yiWIYqeezhBFm0Kia0kS0EYP21EUTHo2K9FFqDh6OPkJH9jbNkeysbE0D8X,2.798112,3.934842,5.007645,0,1806000,23.429828,Interactive,1,1.75
353100,acNe1yiWIYqeezhBFm0Kia0kS0EYP21EUTHo2K9FFqDh6OPkJH9jbNkeysbE0D8X,3.328835,4.076196,6.202485,0,1806000,23.429828,Interactive,1,1.75
353400,acNe1yiWIYqeezhBFm0Kia0kS0EYP21EUTHo2K9FFqDh6OPkJH9jbNkeysbE0D8X,3.63062,4.02105,5.006083,0,1806000,23.429828,Interactive,1,1.75
353700,acNe1yiWIYqeezhBFm0Kia0kS0EYP21EUTHo2K9FFqDh6OPkJH9jbNkeysbE0D8X,3.148902,4.058589,5.188013,0,1806000,23.429828,Interactive,1,1.75
354000,acNe1yiWIYqeezhBFm0Kia0kS0EYP21EUTHo2K9FFqDh6OPkJH9jbNkeysbE0D8X,3.598406,3.942543,4.617907,0,1806000,23.429828,Interactive,1,1.75
354300,acNe1yiWIYqeezhBFm0Kia0kS0EYP21EUTHo2K9FFqDh6OPkJH9jbNkeysbE0D8X,3.2419740000000004,3.997587,4.841012,0,1806000,23.429828,Interactive,1,1.75
354600,acNe1yiWIYqeezhBFm0Kia0kS0EYP21EUTHo2K9FFqDh6OPkJH9jbNkeysbE0D8X,3.195068,3.91446,4.937992,0,1806000,23.429828,Interactive,1,1.75
354900,acNe1yiWIYqeezhBFm0Kia0kS0EYP21EUTHo2K9FFqDh6OPkJH9jbNkeysbE0D8X,3.736648,5.27725,8.99783,0,1806000,23.429828,Interactive,1,1.75
355200,acNe1yiWIYqeezhBFm0Kia0kS0EYP21EUTHo2K9FFqDh6OPkJH9jbNkeysbE0D8X,3.190481,3.939378,4.629704,0,1806000,23.429828,Interactive,1,1.75
355500,acNe1yiWIYqeezhBFm0Kia0kS0EYP21EUTHo2K9FFqDh6OPkJH9jbNkeysbE0D8X,3.403821,3.954059,4.968229,0,1806000,23.429828,Interactive,1,1.75
355800,acNe1yiWIYqeezhBFm0Kia0kS0EYP21EUTHo2K9FFqDh6OPkJH9jbNkeysbE0D8X,3.441949,4.147029,6.447983,0,1806000,23.429828,Interactive,1,1.75
356100,acNe1yiWIYqeezhBFm0Kia0kS0EYP21EUTHo2K9FFqDh6OPkJH9jbNkeysbE0D8X,3.47234,4.051267,4.91835,0,1806000,23.429828,Interactive,1,1.75
356400,acNe1yiWIYqeezhBFm0Kia0kS0EYP21EUTHo2K9FFqDh6OPkJH9jbNkeysbE0D8X,3.2972080000000004,3.820945,4.536033,0,1806000,23.429828,Interactive,1,1.75
356700,acNe1yiWIYqeezhBFm0Kia0kS0EYP21EUTHo2K9FFqDh6OPkJH9jbNkeysbE0D8X,3.409489,3.966225,4.580606,0,1806000,23.429828,Interactive,1,1.75
357000,acNe1yiWIYqeezhBFm0Kia0kS0EYP21EUTHo2K9FFqDh6OPkJH9jbNkeysbE0D8X,3.340764,3.971887,4.772969,0,1806000,23.429828,Interactive,1,1.75
357300,acNe1yiWIYqeezhBFm0Kia0kS0EYP21EUTHo2K9FFqDh6OPkJH9jbNkeysbE0D8X,3.4127,4.047786,4.942862,0,1806000,23.429828,Interactive,1,1.75
357600,acNe1yiWIYqeezhBFm0Kia0kS0EYP21EUTHo2K9FFqDh6OPkJH9jbNkeysbE0D8X,2.589496,3.80296,4.397817,0,1806000,23.429828,Interactive,1,1.75
357900,acNe1yiWIYqeezhBFm0Kia0kS0EYP21EUTHo2K9FFqDh6OPkJH9jbNkeysbE0D8X,3.583049,3.967336,4.652879,0,1806000,23.429828,Interactive,1,1.75
358200,acNe1yiWIYqeezhBFm0Kia0kS0EYP21EUTHo2K9FFqDh6OPkJH9jbNkeysbE0D8X,3.142156,3.907836,4.862417,0,1806000,23.429828,Interactive,1,1.75
358500,acNe1yiWIYqeezhBFm0Kia0kS0EYP21EUTHo2K9FFqDh6OPkJH9jbNkeysbE0D8X,3.642695,5.572481,8.374467999999998,0,1806000,23.429828,Interactive,1,1.75
358800,acNe1yiWIYqeezhBFm0Kia0kS0EYP21EUTHo2K9FFqDh6OPkJH9jbNkeysbE0D8X,3.492625,3.914219,4.570459,0,1806000,23.429828,Interactive,1,1.75
359100,acNe1yiWIYqeezhBFm0Kia0kS0EYP21EUTHo2K9FFqDh6OPkJH9jbNkeysbE0D8X,3.473693,3.94574,4.819116,0,1806000,23.429828,Interactive,1,1.75
359400,acNe1yiWIYqeezhBFm0Kia0kS0EYP21EUTHo2K9FFqDh6OPkJH9jbNkeysbE0D8X,3.613102,3.97622,4.698122,0,1806000,23.429828,Interactive,1,1.75
359700,acNe1yiWIYqeezhBFm0Kia0kS0EYP21EUTHo2K9FFqDh6OPkJH9jbNkeysbE0D8X,3.577543,4.105373999999999,5.387747,0,1806000,23.429828,Interactive,1,1.75
360000,acNe1yiWIYqeezhBFm0Kia0kS0EYP21EUTHo2K9FFqDh6OPkJH9jbNkeysbE0D8X,3.3132370000000004,3.859291,4.596053,0,1806000,23.429828,Interactive,1,1.75
360300,acNe1yiWIYqeezhBFm0Kia0kS0EYP21EUTHo2K9FFqDh6OPkJH9jbNkeysbE0D8X,3.319668,3.8864,4.6588650000000005,0,1806000,23.429828,Interactive,1,1.75
360600,acNe1yiWIYqeezhBFm0Kia0kS0EYP21EUTHo2K9FFqDh6OPkJH9jbNkeysbE0D8X,3.391378,3.892789,5.470862,0,1806000,23.429828,Interactive,1,1.75
360900,acNe1yiWIYqeezhBFm0Kia0kS0EYP21EUTHo2K9FFqDh6OPkJH9jbNkeysbE0D8X,3.207169,3.76873,4.532401999999999,0,1806000,23.429828,Interactive,1,1.75
361200,acNe1yiWIYqeezhBFm0Kia0kS0EYP21EUTHo2K9FFqDh6OPkJH9jbNkeysbE0D8X,2.719431,3.760976,4.635173,0,1806000,23.429828,Interactive,1,1.75
361500,acNe1yiWIYqeezhBFm0Kia0kS0EYP21EUTHo2K9FFqDh6OPkJH9jbNkeysbE0D8X,3.116031,3.824621,4.633287,0,1806000,23.429828,Interactive,1,1.75
361800,acNe1yiWIYqeezhBFm0Kia0kS0EYP21EUTHo2K9FFqDh6OPkJH9jbNkeysbE0D8X,3.3088550000000003,3.787407,4.481413,0,1806000,23.429828,Interactive,1,1.75
362100,acNe1yiWIYqeezhBFm0Kia0kS0EYP21EUTHo2K9FFqDh6OPkJH9jbNkeysbE0D8X,3.649239,4.509928,8.317922,0,1806000,23.429828,Interactive,1,1.75
362400,acNe1yiWIYqeezhBFm0Kia0kS0EYP21EUTHo2K9FFqDh6OPkJH9jbNkeysbE0D8X,3.084871,5.902364,9.080201,0,1806000,23.429828,Interactive,1,1.75
362700,acNe1yiWIYqeezhBFm0Kia0kS0EYP21EUTHo2K9FFqDh6OPkJH9jbNkeysbE0D8X,3.261733,3.906586,4.501475,0,1806000,23.429828,Interactive,1,1.75
363000,acNe1yiWIYqeezhBFm0Kia0kS0EYP21EUTHo2K9FFqDh6OPkJH9jbNkeysbE0D8X,3.344123,4.002491,4.6698900000000005,0,1806000,23.429828,Interactive,1,1.75
363300,acNe1yiWIYqeezhBFm0Kia0kS0EYP21EUTHo2K9FFqDh6OPkJH9jbNkeysbE0D8X,3.289165,3.93486,5.085380000000001,0,1806000,23.429828,Interactive,1,1.75
363600,acNe1yiWIYqeezhBFm0Kia0kS0EYP21EUTHo2K9FFqDh6OPkJH9jbNkeysbE0D8X,3.284984,3.823506,4.4588980000000005,0,1806000,23.429828,Interactive,1,1.75
363900,acNe1yiWIYqeezhBFm0Kia0kS0EYP21EUTHo2K9FFqDh6OPkJH9jbNkeysbE0D8X,2.420337,3.746019,4.639459,0,1806000,23.429828,Interactive,1,1.75
364200,acNe1yiWIYqeezhBFm0Kia0kS0EYP21EUTHo2K9FFqDh6OPkJH9jbNkeysbE0D8X,3.477121,3.954751,5.396311,0,1806000,23.429828,Interactive,1,1.75
364500,acNe1yiWIYqeezhBFm0Kia0kS0EYP21EUTHo2K9FFqDh6OPkJH9jbNkeysbE0D8X,3.436339,3.843978,4.608093,0,1806000,23.429828,Interactive,1,1.75
364800,acNe1yiWIYqeezhBFm0Kia0kS0EYP21EUTHo2K9FFqDh6OPkJH9jbNkeysbE0D8X,3.148346,3.903105000000001,4.509632,0,1806000,23.429828,Interactive,1,1.75
365100,acNe1yiWIYqeezhBFm0Kia0kS0EYP21EUTHo2K9FFqDh6OPkJH9jbNkeysbE0D8X,3.199675,3.986679,5.312507,0,1806000,23.429828,Interactive,1,1.75
365400,acNe1yiWIYqeezhBFm0Kia0kS0EYP21EUTHo2K9FFqDh6OPkJH9jbNkeysbE0D8X,3.417531,3.871891,4.5872980000000005,0,1806000,23.429828,Interactive,1,1.75
365700,acNe1yiWIYqeezhBFm0Kia0kS0EYP21EUTHo2K9FFqDh6OPkJH9jbNkeysbE0D8X,3.532306,3.960779,4.813068,0,1806000,23.429828,Interactive,1,1.75
366000,acNe1yiWIYqeezhBFm0Kia0kS0EYP21EUTHo2K9FFqDh6OPkJH9jbNkeysbE0D8X,3.446429,5.166487999999999,8.297112,0,1806000,23.429828,Interactive,1,1.75
366300,acNe1yiWIYqeezhBFm0Kia0kS0EYP21EUTHo2K9FFqDh6OPkJH9jbNkeysbE0D8X,3.585589,3.946485,4.673146,0,1806000,23.429828,Interactive,1,1.75
366600,acNe1yiWIYqeezhBFm0Kia0kS0EYP21EUTHo2K9FFqDh6OPkJH9jbNkeysbE0D8X,3.498991,3.865692,4.480436,0,1806000,23.429828,Interactive,1,1.75
366900,acNe1yiWIYqeezhBFm0Kia0kS0EYP21EUTHo2K9FFqDh6OPkJH9jbNkeysbE0D8X,3.364758,3.957719,5.458957,0,1806000,23.429828,Interactive,1,1.75
367200,acNe1yiWIYqeezhBFm0Kia0kS0EYP21EUTHo2K9FFqDh6OPkJH9jbNkeysbE0D8X,3.232666,3.77383,4.591252,0,1806000,23.429828,Interactive,1,1.75
367500,acNe1yiWIYqeezhBFm0Kia0kS0EYP21EUTHo2K9FFqDh6OPkJH9jbNkeysbE0D8X,3.317565,3.959664,4.627405,0,1806000,23.429828,Interactive,1,1.75
367800,acNe1yiWIYqeezhBFm0Kia0kS0EYP21EUTHo2K9FFqDh6OPkJH9jbNkeysbE0D8X,2.248938,3.775465,5.31455,0,1806000,23.429828,Interactive,1,1.75
368100,acNe1yiWIYqeezhBFm0Kia0kS0EYP21EUTHo2K9FFqDh6OPkJH9jbNkeysbE0D8X,3.3346120000000004,3.844091,4.4665040000000005,0,1806000,23.429828,Interactive,1,1.75
368400,acNe1yiWIYqeezhBFm0Kia0kS0EYP21EUTHo2K9FFqDh6OPkJH9jbNkeysbE0D8X,3.24747,3.948555,4.762254,0,1806000,23.429828,Interactive,1,1.75
368700,acNe1yiWIYqeezhBFm0Kia0kS0EYP21EUTHo2K9FFqDh6OPkJH9jbNkeysbE0D8X,3.738722,5.847408000000001,15.679893,0,1806000,23.429828,Interactive,1,1.75
369000,acNe1yiWIYqeezhBFm0Kia0kS0EYP21EUTHo2K9FFqDh6OPkJH9jbNkeysbE0D8X,2.491632,3.837446,4.623709,0,1806000,23.429828,Interactive,1,1.75
369300,acNe1yiWIYqeezhBFm0Kia0kS0EYP21EUTHo2K9FFqDh6OPkJH9jbNkeysbE0D8X,3.418827,3.975463,4.624275,0,1806000,23.429828,Interactive,1,1.75
369600,acNe1yiWIYqeezhBFm0Kia0kS0EYP21EUTHo2K9FFqDh6OPkJH9jbNkeysbE0D8X,3.173623,4.903289,9.086214,0,1806000,23.429828,Interactive,1,1.75
369900,acNe1yiWIYqeezhBFm0Kia0kS0EYP21EUTHo2K9FFqDh6OPkJH9jbNkeysbE0D8X,3.464574,4.031169,4.958044,0,1806000,23.429828,Interactive,1,1.75
370200,acNe1yiWIYqeezhBFm0Kia0kS0EYP21EUTHo2K9FFqDh6OPkJH9jbNkeysbE0D8X,3.142044,3.933849,4.712162999999999,0,1806000,23.429828,Interactive,1,1.75
370500,acNe1yiWIYqeezhBFm0Kia0kS0EYP21EUTHo2K9FFqDh6OPkJH9jbNkeysbE0D8X,3.435052,3.955239,5.202113,0,1806000,23.429828,Interactive,1,1.75
370800,acNe1yiWIYqeezhBFm0Kia0kS0EYP21EUTHo2K9FFqDh6OPkJH9jbNkeysbE0D8X,3.347878,3.85835,4.595275,0,1806000,23.429828,Interactive,1,1.75
371100,acNe1yiWIYqeezhBFm0Kia0kS0EYP21EUTHo2K9FFqDh6OPkJH9jbNkeysbE0D8X,3.302313,3.940283,4.694808,0,1806000,23.429828,Interactive,1,1.75
371400,acNe1yiWIYqeezhBFm0Kia0kS0EYP21EUTHo2K9FFqDh6OPkJH9jbNkeysbE0D8X,3.204186,4.00656,5.481282,0,1806000,23.429828,Interactive,1,1.75
371700,acNe1yiWIYqeezhBFm0Kia0kS0EYP21EUTHo2K9FFqDh6OPkJH9jbNkeysbE0D8X,2.124732,3.770389,4.656536,0,1806000,23.429828,Interactive,1,1.75
372000,acNe1yiWIYqeezhBFm0Kia0kS0EYP21EUTHo2K9FFqDh6OPkJH9jbNkeysbE0D8X,3.492436,4.25381,4.988432,0,1806000,23.429828,Interactive,1,1.75
372300,acNe1yiWIYqeezhBFm0Kia0kS0EYP21EUTHo2K9FFqDh6OPkJH9jbNkeysbE0D8X,3.646829,4.089528,5.421345,0,1806000,23.429828,Interactive,1,1.75
372600,acNe1yiWIYqeezhBFm0Kia0kS0EYP21EUTHo2K9FFqDh6OPkJH9jbNkeysbE0D8X,2.179467,6.0481,12.933744,0,1806000,23.429828,Interactive,1,1.75
372900,acNe1yiWIYqeezhBFm0Kia0kS0EYP21EUTHo2K9FFqDh6OPkJH9jbNkeysbE0D8X,3.35944,4.108280000000001,4.589077,0,1806000,23.429828,Interactive,1,1.75
373200,acNe1yiWIYqeezhBFm0Kia0kS0EYP21EUTHo2K9FFqDh6OPkJH9jbNkeysbE0D8X,3.660213,4.061726999999999,5.297503,0,1806000,23.429828,Interactive,1,1.75
373500,acNe1yiWIYqeezhBFm0Kia0kS0EYP21EUTHo2K9FFqDh6OPkJH9jbNkeysbE0D8X,3.459677,5.165092,8.394159,0,1806000,23.429828,Interactive,1,1.75
373800,acNe1yiWIYqeezhBFm0Kia0kS0EYP21EUTHo2K9FFqDh6OPkJH9jbNkeysbE0D8X,3.642443,4.042644999999999,4.671315,0,1806000,23.429828,Interactive,1,1.75
374100,acNe1yiWIYqeezhBFm0Kia0kS0EYP21EUTHo2K9FFqDh6OPkJH9jbNkeysbE0D8X,3.4173089999999995,3.983203,5.279614,0,1806000,23.429828,Interactive,1,1.75
374400,acNe1yiWIYqeezhBFm0Kia0kS0EYP21EUTHo2K9FFqDh6OPkJH9jbNkeysbE0D8X,3.313183,3.76033,4.515194,0,1806000,23.429828,Interactive,1,1.75
374700,acNe1yiWIYqeezhBFm0Kia0kS0EYP21EUTHo2K9FFqDh6OPkJH9jbNkeysbE0D8X,3.392269,3.902873000000001,4.699366,0,1806000,23.429828,Interactive,1,1.75
375000,acNe1yiWIYqeezhBFm0Kia0kS0EYP21EUTHo2K9FFqDh6OPkJH9jbNkeysbE0D8X,3.533621,3.875777,4.645830999999999,0,1806000,23.429828,Interactive,1,1.75
375300,acNe1yiWIYqeezhBFm0Kia0kS0EYP21EUTHo2K9FFqDh6OPkJH9jbNkeysbE0D8X,3.227634,3.76634,4.385341,0,1806000,23.429828,Interactive,1,1.75
375600,acNe1yiWIYqeezhBFm0Kia0kS0EYP21EUTHo2K9FFqDh6OPkJH9jbNkeysbE0D8X,3.358846,3.871889,4.477839,0,1806000,23.429828,Interactive,1,1.75
375900,acNe1yiWIYqeezhBFm0Kia0kS0EYP21EUTHo2K9FFqDh6OPkJH9jbNkeysbE0D8X,3.1336630000000003,3.854454,4.728471,0,1806000,23.429828,Interactive,1,1.75
376200,acNe1yiWIYqeezhBFm0Kia0kS0EYP21EUTHo2K9FFqDh6OPkJH9jbNkeysbE0D8X,3.470706,3.866383,4.557282,0,1806000,23.429828,Interactive,1,1.75
376500,acNe1yiWIYqeezhBFm0Kia0kS0EYP21EUTHo2K9FFqDh6OPkJH9jbNkeysbE0D8X,3.198647,3.921379,4.484696,0,1806000,23.429828,Interactive,1,1.75
376800,acNe1yiWIYqeezhBFm0Kia0kS0EYP21EUTHo2K9FFqDh6OPkJH9jbNkeysbE0D8X,3.309431,3.940376,5.350651999999999,0,1806000,23.429828,Interactive,1,1.75
377100,acNe1yiWIYqeezhBFm0Kia0kS0EYP21EUTHo2K9FFqDh6OPkJH9jbNkeysbE0D8X,3.46654,5.1016900000000005,8.905339999999999,0,1806000,23.429828,Interactive,1,1.75
377400,acNe1yiWIYqeezhBFm0Kia0kS0EYP21EUTHo2K9FFqDh6OPkJH9jbNkeysbE0D8X,2.2924740000000003,3.773633,4.666906,0,1806000,23.429828,Interactive,1,1.75
377700,acNe1yiWIYqeezhBFm0Kia0kS0EYP21EUTHo2K9FFqDh6OPkJH9jbNkeysbE0D8X,2.958159,3.961708,5.192457,0,1806000,23.429828,Interactive,1,1.75
378000,acNe1yiWIYqeezhBFm0Kia0kS0EYP21EUTHo2K9FFqDh6OPkJH9jbNkeysbE0D8X,2.31872,3.71363,4.545304,0,1806000,23.429828,Interactive,1,1.75
378300,acNe1yiWIYqeezhBFm0Kia0kS0EYP21EUTHo2K9FFqDh6OPkJH9jbNkeysbE0D8X,2.976235,3.881556,4.482582,0,1806000,23.429828,Interactive,1,1.75
378600,acNe1yiWIYqeezhBFm0Kia0kS0EYP21EUTHo2K9FFqDh6OPkJH9jbNkeysbE0D8X,3.4319330000000003,3.947865,5.211925,0,1806000,23.429828,Interactive,1,1.75
378900,acNe1yiWIYqeezhBFm0Kia0kS0EYP21EUTHo2K9FFqDh6OPkJH9jbNkeysbE0D8X,3.47935,3.890368,4.570713,0,1806000,23.429828,Interactive,1,1.75
379200,acNe1yiWIYqeezhBFm0Kia0kS0EYP21EUTHo2K9FFqDh6OPkJH9jbNkeysbE0D8X,3.615442,4.040191,4.562494999999999,0,1806000,23.429828,Interactive,1,1.75
379500,acNe1yiWIYqeezhBFm0Kia0kS0EYP21EUTHo2K9FFqDh6OPkJH9jbNkeysbE0D8X,3.361076,3.924314,5.432966,0,1806000,23.429828,Interactive,1,1.75
379800,acNe1yiWIYqeezhBFm0Kia0kS0EYP21EUTHo2K9FFqDh6OPkJH9jbNkeysbE0D8X,3.140266,3.838024,4.809362,0,1806000,23.429828,Interactive,1,1.75
380100,acNe1yiWIYqeezhBFm0Kia0kS0EYP21EUTHo2K9FFqDh6OPkJH9jbNkeysbE0D8X,3.369364,3.812843,4.418235,0,1806000,23.429828,Interactive,1,1.75
380400,acNe1yiWIYqeezhBFm0Kia0kS0EYP21EUTHo2K9FFqDh6OPkJH9jbNkeysbE0D8X,3.3958230000000005,3.962814,5.300176,0,1806000,23.429828,Interactive,1,1.75
380700,acNe1yiWIYqeezhBFm0Kia0kS0EYP21EUTHo2K9FFqDh6OPkJH9jbNkeysbE0D8X,3.233956,4.549876,8.017696,0,1806000,23.429828,Interactive,1,1.75
381000,acNe1yiWIYqeezhBFm0Kia0kS0EYP21EUTHo2K9FFqDh6OPkJH9jbNkeysbE0D8X,3.604803,4.018833,5.02475,0,1806000,23.429828,Interactive,1,1.75
381300,acNe1yiWIYqeezhBFm0Kia0kS0EYP21EUTHo2K9FFqDh6OPkJH9jbNkeysbE0D8X,3.331379,3.950864,5.482041000000001,0,1806000,23.429828,Interactive,1,1.75
381600,acNe1yiWIYqeezhBFm0Kia0kS0EYP21EUTHo2K9FFqDh6OPkJH9jbNkeysbE0D8X,3.3591230000000003,3.865054,4.437492,0,1806000,23.429828,Interactive,1,1.75
381900,acNe1yiWIYqeezhBFm0Kia0kS0EYP21EUTHo2K9FFqDh6OPkJH9jbNkeysbE0D8X,2.887844,3.870835,4.600036,0,1806000,23.429828,Interactive,1,1.75
382200,acNe1yiWIYqeezhBFm0Kia0kS0EYP21EUTHo2K9FFqDh6OPkJH9jbNkeysbE0D8X,3.283567,3.977708,5.306373000000001,0,1806000,23.429828,Interactive,1,1.75
382500,acNe1yiWIYqeezhBFm0Kia0kS0EYP21EUTHo2K9FFqDh6OPkJH9jbNkeysbE0D8X,3.280489,3.804598,4.631596,0,1806000,23.429828,Interactive,1,1.75
382800,acNe1yiWIYqeezhBFm0Kia0kS0EYP21EUTHo2K9FFqDh6OPkJH9jbNkeysbE0D8X,3.18685,3.797404,4.491612,0,1806000,23.429828,Interactive,1,1.75
383100,acNe1yiWIYqeezhBFm0Kia0kS0EYP21EUTHo2K9FFqDh6OPkJH9jbNkeysbE0D8X,3.741398,41.050814,98.976848,0,1806000,23.429828,Interactive,1,1.75
383400,acNe1yiWIYqeezhBFm0Kia0kS0EYP21EUTHo2K9FFqDh6OPkJH9jbNkeysbE0D8X,3.561813,3.925402,4.675507,0,1806000,23.429828,Interactive,1,1.75
383700,acNe1yiWIYqeezhBFm0Kia0kS0EYP21EUTHo2K9FFqDh6OPkJH9jbNkeysbE0D8X,3.5615410000000005,3.982625,4.662671,0,1806000,23.429828,Interactive,1,1.75
384000,acNe1yiWIYqeezhBFm0Kia0kS0EYP21EUTHo2K9FFqDh6OPkJH9jbNkeysbE0D8X,3.23297,3.769453,5.0799650000000005,0,1806000,23.429828,Interactive,1,1.75
384300,acNe1yiWIYqeezhBFm0Kia0kS0EYP21EUTHo2K9FFqDh6OPkJH9jbNkeysbE0D8X,3.567432,4.614738,7.948914,0,1806000,23.429828,Interactive,1,1.75
384600,acNe1yiWIYqeezhBFm0Kia0kS0EYP21EUTHo2K9FFqDh6OPkJH9jbNkeysbE0D8X,3.285471,4.012919,7.305102000000001,0,1806000,23.429828,Interactive,1,1.75
384900,acNe1yiWIYqeezhBFm0Kia0kS0EYP21EUTHo2K9FFqDh6OPkJH9jbNkeysbE0D8X,3.461581,3.85821,4.442787,0,1806000,23.429828,Interactive,1,1.75
385200,acNe1yiWIYqeezhBFm0Kia0kS0EYP21EUTHo2K9FFqDh6OPkJH9jbNkeysbE0D8X,3.128155,3.694652,4.259939,0,1806000,23.429828,Interactive,1,1.75
385500,acNe1yiWIYqeezhBFm0Kia0kS0EYP21EUTHo2K9FFqDh6OPkJH9jbNkeysbE0D8X,3.3123160000000005,3.832723,4.774274,0,1806000,23.429828,Interactive,1,1.75
385800,acNe1yiWIYqeezhBFm0Kia0kS0EYP21EUTHo2K9FFqDh6OPkJH9jbNkeysbE0D8X,3.251763,3.859242,4.753207,0,1806000,23.429828,Interactive,1,1.75
386100,acNe1yiWIYqeezhBFm0Kia0kS0EYP21EUTHo2K9FFqDh6OPkJH9jbNkeysbE0D8X,3.5714940000000004,3.890044,4.659707,0,1806000,23.429828,Interactive,1,1.75
386400,acNe1yiWIYqeezhBFm0Kia0kS0EYP21EUTHo2K9FFqDh6OPkJH9jbNkeysbE0D8X,3.235933,3.786811,4.569825,0,1806000,23.429828,Interactive,1,1.75
386700,acNe1yiWIYqeezhBFm0Kia0kS0EYP21EUTHo2K9FFqDh6OPkJH9jbNkeysbE0D8X,3.682062,4.032185,4.804485,0,1806000,23.429828,Interactive,1,1.75
387000,acNe1yiWIYqeezhBFm0Kia0kS0EYP21EUTHo2K9FFqDh6OPkJH9jbNkeysbE0D8X,3.599861,3.945354,4.640838,0,1806000,23.429828,Interactive,1,1.75
387300,acNe1yiWIYqeezhBFm0Kia0kS0EYP21EUTHo2K9FFqDh6OPkJH9jbNkeysbE0D8X,3.439834,3.961404,4.473962,0,1806000,23.429828,Interactive,1,1.75
387600,acNe1yiWIYqeezhBFm0Kia0kS0EYP21EUTHo2K9FFqDh6OPkJH9jbNkeysbE0D8X,3.375329,3.929388,4.896672,0,1806000,23.429828,Interactive,1,1.75
387900,acNe1yiWIYqeezhBFm0Kia0kS0EYP21EUTHo2K9FFqDh6OPkJH9jbNkeysbE0D8X,3.377902,3.97162,4.803503,0,1806000,23.429828,Interactive,1,1.75
388200,acNe1yiWIYqeezhBFm0Kia0kS0EYP21EUTHo2K9FFqDh6OPkJH9jbNkeysbE0D8X,3.594958,5.221378,8.998284,0,1806000,23.429828,Interactive,1,1.75
388500,acNe1yiWIYqeezhBFm0Kia0kS0EYP21EUTHo2K9FFqDh6OPkJH9jbNkeysbE0D8X,3.4100019999999995,4.072030000000001,4.810111,0,1806000,23.429828,Interactive,1,1.75
388800,acNe1yiWIYqeezhBFm0Kia0kS0EYP21EUTHo2K9FFqDh6OPkJH9jbNkeysbE0D8X,3.132812,3.843306,4.524808999999999,0,1806000,23.429828,Interactive,1,1.75
389100,acNe1yiWIYqeezhBFm0Kia0kS0EYP21EUTHo2K9FFqDh6OPkJH9jbNkeysbE0D8X,3.326118,4.010726,4.782682,0,1806000,23.429828,Interactive,1,1.75
389400,acNe1yiWIYqeezhBFm0Kia0kS0EYP21EUTHo2K9FFqDh6OPkJH9jbNkeysbE0D8X,3.414706,3.962126,4.958691,0,1806000,23.429828,Interactive,1,1.75
389700,acNe1yiWIYqeezhBFm0Kia0kS0EYP21EUTHo2K9FFqDh6OPkJH9jbNkeysbE0D8X,3.5923190000000003,3.938397,4.478522,0,1806000,23.429828,Interactive,1,1.75
390000,acNe1yiWIYqeezhBFm0Kia0kS0EYP21EUTHo2K9FFqDh6OPkJH9jbNkeysbE0D8X,2.314118,3.830982,4.849792,0,1806000,23.429828,Interactive,1,1.75
390300,acNe1yiWIYqeezhBFm0Kia0kS0EYP21EUTHo2K9FFqDh6OPkJH9jbNkeysbE0D8X,3.591831,4.019386,4.890208,0,1806000,23.429828,Interactive,1,1.75
390600,acNe1yiWIYqeezhBFm0Kia0kS0EYP21EUTHo2K9FFqDh6OPkJH9jbNkeysbE0D8X,3.547706,3.868644,4.576029,0,1806000,23.429828,Interactive,1,1.75
390900,acNe1yiWIYqeezhBFm0Kia0kS0EYP21EUTHo2K9FFqDh6OPkJH9jbNkeysbE0D8X,3.54036,3.929293,4.766001999999999,0,1806000,23.429828,Interactive,1,1.75
391200,acNe1yiWIYqeezhBFm0Kia0kS0EYP21EUTHo2K9FFqDh6OPkJH9jbNkeysbE0D8X,3.06294,3.770997,4.417886,0,1806000,23.429828,Interactive,1,1.75
391500,acNe1yiWIYqeezhBFm0Kia0kS0EYP21EUTHo2K9FFqDh6OPkJH9jbNkeysbE0D8X,3.44394,3.693412,4.078896,0,1806000,23.429828,Interactive,1,1.75
391800,acNe1yiWIYqeezhBFm0Kia0kS0EYP21EUTHo2K9FFqDh6OPkJH9jbNkeysbE0D8X,3.681591000000001,5.051002,8.442661,0,1806000,23.429828,Interactive,1,1.75
392100,acNe1yiWIYqeezhBFm0Kia0kS0EYP21EUTHo2K9FFqDh6OPkJH9jbNkeysbE0D8X,3.141925,3.821344,4.71844,0,1806000,23.429828,Interactive,1,1.75
392400,acNe1yiWIYqeezhBFm0Kia0kS0EYP21EUTHo2K9FFqDh6OPkJH9jbNkeysbE0D8X,2.992852,3.640124,4.566824,0,1806000,23.429828,Interactive,1,1.75
392700,acNe1yiWIYqeezhBFm0Kia0kS0EYP21EUTHo2K9FFqDh6OPkJH9jbNkeysbE0D8X,3.367828,3.790698,4.436649,0,1806000,23.429828,Interactive,1,1.75
393000,acNe1yiWIYqeezhBFm0Kia0kS0EYP21EUTHo2K9FFqDh6OPkJH9jbNkeysbE0D8X,3.403282,3.87994,5.020308999999999,0,1806000,23.429828,Interactive,1,1.75
393300,acNe1yiWIYqeezhBFm0Kia0kS0EYP21EUTHo2K9FFqDh6OPkJH9jbNkeysbE0D8X,3.300301,3.912923,4.490099,0,1806000,23.429828,Interactive,1,1.75
393600,acNe1yiWIYqeezhBFm0Kia0kS0EYP21EUTHo2K9FFqDh6OPkJH9jbNkeysbE0D8X,3.371957,3.929637,4.681359,0,1806000,23.429828,Interactive,1,1.75
393900,acNe1yiWIYqeezhBFm0Kia0kS0EYP21EUTHo2K9FFqDh6OPkJH9jbNkeysbE0D8X,3.266515,3.924232,5.202357,0,1806000,23.429828,Interactive,1,1.75
394200,acNe1yiWIYqeezhBFm0Kia0kS0EYP21EUTHo2K9FFqDh6OPkJH9jbNkeysbE0D8X,3.638373000000001,3.992992,4.439647,0,1806000,23.429828,Interactive,1,1.75
394500,acNe1yiWIYqeezhBFm0Kia0kS0EYP21EUTHo2K9FFqDh6OPkJH9jbNkeysbE0D8X,3.26066,3.858303,4.517656,0,1806000,23.429828,Interactive,1,1.75
394800,acNe1yiWIYqeezhBFm0Kia0kS0EYP21EUTHo2K9FFqDh6OPkJH9jbNkeysbE0D8X,3.099527,3.914739,4.806961,0,1806000,23.429828,Interactive,1,1.75
395100,acNe1yiWIYqeezhBFm0Kia0kS0EYP21EUTHo2K9FFqDh6OPkJH9jbNkeysbE0D8X,3.674131,3.997769,4.723325,0,1806000,23.429828,Interactive,1,1.75
395400,acNe1yiWIYqeezhBFm0Kia0kS0EYP21EUTHo2K9FFqDh6OPkJH9jbNkeysbE0D8X,3.523283,5.218314,9.141488,0,1806000,23.429828,Interactive,1,1.75
395700,acNe1yiWIYqeezhBFm0Kia0kS0EYP21EUTHo2K9FFqDh6OPkJH9jbNkeysbE0D8X,3.422744,3.921261,4.765755,0,1806000,23.429828,Interactive,1,1.75
396000,acNe1yiWIYqeezhBFm0Kia0kS0EYP21EUTHo2K9FFqDh6OPkJH9jbNkeysbE0D8X,3.224846,3.727835,4.720659,0,1806000,23.429828,Interactive,1,1.75
396300,acNe1yiWIYqeezhBFm0Kia0kS0EYP21EUTHo2K9FFqDh6OPkJH9jbNkeysbE0D8X,3.263729,3.918353,4.674311,0,1806000,23.429828,Interactive,1,1.75
396600,acNe1yiWIYqeezhBFm0Kia0kS0EYP21EUTHo2K9FFqDh6OPkJH9jbNkeysbE0D8X,3.578553,3.985198000000001,4.517384,0,1806000,23.429828,Interactive,1,1.75
396900,acNe1yiWIYqeezhBFm0Kia0kS0EYP21EUTHo2K9FFqDh6OPkJH9jbNkeysbE0D8X,3.540196,3.969564,4.559002,0,1806000,23.429828,Interactive,1,1.75
397200,acNe1yiWIYqeezhBFm0Kia0kS0EYP21EUTHo2K9FFqDh6OPkJH9jbNkeysbE0D8X,3.477368,3.917907,4.520215,0,1806000,23.429828,Interactive,1,1.75
397500,acNe1yiWIYqeezhBFm0Kia0kS0EYP21EUTHo2K9FFqDh6OPkJH9jbNkeysbE0D8X,3.603785,6.316313,15.838884,0,1806000,23.429828,Interactive,1,1.75
397800,acNe1yiWIYqeezhBFm0Kia0kS0EYP21EUTHo2K9FFqDh6OPkJH9jbNkeysbE0D8X,3.472838,3.986283,4.684458,0,1806000,23.429828,Interactive,1,1.75
398100,acNe1yiWIYqeezhBFm0Kia0kS0EYP21EUTHo2K9FFqDh6OPkJH9jbNkeysbE0D8X,3.205512,3.952494,4.706869999999999,0,1806000,23.429828,Interactive,1,1.75
398400,acNe1yiWIYqeezhBFm0Kia0kS0EYP21EUTHo2K9FFqDh6OPkJH9jbNkeysbE0D8X,3.455725,3.99213,5.154535,0,1806000,23.429828,Interactive,1,1.75
398700,acNe1yiWIYqeezhBFm0Kia0kS0EYP21EUTHo2K9FFqDh6OPkJH9jbNkeysbE0D8X,3.070055,3.761838,4.736212,0,1806000,23.429828,Interactive,1,1.75
399000,acNe1yiWIYqeezhBFm0Kia0kS0EYP21EUTHo2K9FFqDh6OPkJH9jbNkeysbE0D8X,3.399716,4.348565,8.025166,0,1806000,23.429828,Interactive,1,1.75
399300,acNe1yiWIYqeezhBFm0Kia0kS0EYP21EUTHo2K9FFqDh6OPkJH9jbNkeysbE0D8X,3.3517940000000004,4.973278,8.687595,0,1806000,23.429828,Interactive,1,1.75
399600,acNe1yiWIYqeezhBFm0Kia0kS0EYP21EUTHo2K9FFqDh6OPkJH9jbNkeysbE0D8X,3.060125,3.660449,4.458063,0,1806000,23.429828,Interactive,1,1.75
399900,acNe1yiWIYqeezhBFm0Kia0kS0EYP21EUTHo2K9FFqDh6OPkJH9jbNkeysbE0D8X,3.517515,3.899061,4.64072,0,1806000,23.429828,Interactive,1,1.75
400200,acNe1yiWIYqeezhBFm0Kia0kS0EYP21EUTHo2K9FFqDh6OPkJH9jbNkeysbE0D8X,3.4443010000000003,3.884668,4.868743,0,1806000,23.429828,Interactive,1,1.75
400500,acNe1yiWIYqeezhBFm0Kia0kS0EYP21EUTHo2K9FFqDh6OPkJH9jbNkeysbE0D8X,3.165822,3.746348,4.447144000000001,0,1806000,23.429828,Interactive,1,1.75
400800,acNe1yiWIYqeezhBFm0Kia0kS0EYP21EUTHo2K9FFqDh6OPkJH9jbNkeysbE0D8X,3.311592,3.960926,4.614222,0,1806000,23.429828,Interactive,1,1.75
401100,acNe1yiWIYqeezhBFm0Kia0kS0EYP21EUTHo2K9FFqDh6OPkJH9jbNkeysbE0D8X,3.187504,3.938242,4.89456,0,1806000,23.429828,Interactive,1,1.75
401400,acNe1yiWIYqeezhBFm0Kia0kS0EYP21EUTHo2K9FFqDh6OPkJH9jbNkeysbE0D8X,3.219295,3.654935,4.504839,0,1806000,23.429828,Interactive,1,1.75
401700,acNe1yiWIYqeezhBFm0Kia0kS0EYP21EUTHo2K9FFqDh6OPkJH9jbNkeysbE0D8X,3.340395,3.736143,4.336217,0,1806000,23.429828,Interactive,1,1.75
402000,acNe1yiWIYqeezhBFm0Kia0kS0EYP21EUTHo2K9FFqDh6OPkJH9jbNkeysbE0D8X,3.330999,3.825833,4.830533999999999,0,1806000,23.429828,Interactive,1,1.75
402300,acNe1yiWIYqeezhBFm0Kia0kS0EYP21EUTHo2K9FFqDh6OPkJH9jbNkeysbE0D8X,3.199846,3.728449,4.488575,0,1806000,23.429828,Interactive,1,1.75
402600,acNe1yiWIYqeezhBFm0Kia0kS0EYP21EUTHo2K9FFqDh6OPkJH9jbNkeysbE0D8X,3.022508,3.866114,4.617192,0,1806000,23.429828,Interactive,1,1.75
402900,acNe1yiWIYqeezhBFm0Kia0kS0EYP21EUTHo2K9FFqDh6OPkJH9jbNkeysbE0D8X,3.321503,5.169851,8.764116,0,1806000,23.429828,Interactive,1,1.75
403200,acNe1yiWIYqeezhBFm0Kia0kS0EYP21EUTHo2K9FFqDh6OPkJH9jbNkeysbE0D8X,3.384049,3.868874,4.500885,0,1806000,23.429828,Interactive,1,1.75
403500,acNe1yiWIYqeezhBFm0Kia0kS0EYP21EUTHo2K9FFqDh6OPkJH9jbNkeysbE0D8X,3.241649,3.881813,4.455141,0,1806000,23.429828,Interactive,1,1.75
403800,acNe1yiWIYqeezhBFm0Kia0kS0EYP21EUTHo2K9FFqDh6OPkJH9jbNkeysbE0D8X,3.208935,3.830957,4.619626,0,1806000,23.429828,Interactive,1,1.75
404100,acNe1yiWIYqeezhBFm0Kia0kS0EYP21EUTHo2K9FFqDh6OPkJH9jbNkeysbE0D8X,3.247305,3.745637,4.442028,0,1806000,23.429828,Interactive,1,1.75
404400,acNe1yiWIYqeezhBFm0Kia0kS0EYP21EUTHo2K9FFqDh6OPkJH9jbNkeysbE0D8X,3.279751,3.782512,4.489823,0,1806000,23.429828,Interactive,1,1.75
404700,acNe1yiWIYqeezhBFm0Kia0kS0EYP21EUTHo2K9FFqDh6OPkJH9jbNkeysbE0D8X,3.4914110000000003,4.064024,5.008801,0,1806000,23.429828,Interactive,1,1.75
405000,acNe1yiWIYqeezhBFm0Kia0kS0EYP21EUTHo2K9FFqDh6OPkJH9jbNkeysbE0D8X,3.13363,3.73288,4.281382,0,1806000,23.429828,Interactive,1,1.75
405300,acNe1yiWIYqeezhBFm0Kia0kS0EYP21EUTHo2K9FFqDh6OPkJH9jbNkeysbE0D8X,3.392355,3.928825,4.58872,0,1806000,23.429828,Interactive,1,1.75
405600,acNe1yiWIYqeezhBFm0Kia0kS0EYP21EUTHo2K9FFqDh6OPkJH9jbNkeysbE0D8X,3.269043,3.7961,4.757806,0,1806000,23.429828,Interactive,1,1.75
405900,acNe1yiWIYqeezhBFm0Kia0kS0EYP21EUTHo2K9FFqDh6OPkJH9jbNkeysbE0D8X,3.309442,3.835136,4.554852,0,1806000,23.429828,Interactive,1,1.75
406200,acNe1yiWIYqeezhBFm0Kia0kS0EYP21EUTHo2K9FFqDh6OPkJH9jbNkeysbE0D8X,3.328757,3.886701,4.515873,0,1806000,23.429828,Interactive,1,1.75
406500,acNe1yiWIYqeezhBFm0Kia0kS0EYP21EUTHo2K9FFqDh6OPkJH9jbNkeysbE0D8X,3.18649,5.165743,8.01229,0,1806000,23.429828,Interactive,1,1.75
406800,acNe1yiWIYqeezhBFm0Kia0kS0EYP21EUTHo2K9FFqDh6OPkJH9jbNkeysbE0D8X,3.227539,3.775284,4.414638,0,1806000,23.429828,Interactive,1,1.75
407100,acNe1yiWIYqeezhBFm0Kia0kS0EYP21EUTHo2K9FFqDh6OPkJH9jbNkeysbE0D8X,3.535741,3.875928,4.370174,0,1806000,23.429828,Interactive,1,1.75
407400,acNe1yiWIYqeezhBFm0Kia0kS0EYP21EUTHo2K9FFqDh6OPkJH9jbNkeysbE0D8X,3.501211,3.93244,4.835132,0,1806000,23.429828,Interactive,1,1.75
407700,acNe1yiWIYqeezhBFm0Kia0kS0EYP21EUTHo2K9FFqDh6OPkJH9jbNkeysbE0D8X,3.526118,3.88544,4.325236,0,1806000,23.429828,Interactive,1,1.75
408000,acNe1yiWIYqeezhBFm0Kia0kS0EYP21EUTHo2K9FFqDh6OPkJH9jbNkeysbE0D8X,3.424106,3.941558,4.4854400000000005,0,1806000,23.429828,Interactive,1,1.75
408300,acNe1yiWIYqeezhBFm0Kia0kS0EYP21EUTHo2K9FFqDh6OPkJH9jbNkeysbE0D8X,2.610711,3.830717,4.880106,0,1806000,23.429828,Interactive,1,1.75
408600,acNe1yiWIYqeezhBFm0Kia0kS0EYP21EUTHo2K9FFqDh6OPkJH9jbNkeysbE0D8X,3.024529,3.724727,4.281512,0,1806000,23.429828,Interactive,1,1.75
408900,acNe1yiWIYqeezhBFm0Kia0kS0EYP21EUTHo2K9FFqDh6OPkJH9jbNkeysbE0D8X,3.487427,4.000176000000001,4.570071,0,1806000,23.429828,Interactive,1,1.75
409200,acNe1yiWIYqeezhBFm0Kia0kS0EYP21EUTHo2K9FFqDh6OPkJH9jbNkeysbE0D8X,3.20025,3.829788,4.703730999999999,0,1806000,23.429828,Interactive,1,1.75
409500,acNe1yiWIYqeezhBFm0Kia0kS0EYP21EUTHo2K9FFqDh6OPkJH9jbNkeysbE0D8X,3.49032,3.893892,4.725809,0,1806000,23.429828,Interactive,1,1.75
409800,acNe1yiWIYqeezhBFm0Kia0kS0EYP21EUTHo2K9FFqDh6OPkJH9jbNkeysbE0D8X,3.280988,3.841595,4.549969,0,1806000,23.429828,Interactive,1,1.75
410100,acNe1yiWIYqeezhBFm0Kia0kS0EYP21EUTHo2K9FFqDh6OPkJH9jbNkeysbE0D8X,3.633727,4.719997,9.272639,0,1806000,23.429828,Interactive,1,1.75
410400,acNe1yiWIYqeezhBFm0Kia0kS0EYP21EUTHo2K9FFqDh6OPkJH9jbNkeysbE0D8X,3.3966,4.42658,8.388598,0,1806000,23.429828,Interactive,1,1.75
410700,acNe1yiWIYqeezhBFm0Kia0kS0EYP21EUTHo2K9FFqDh6OPkJH9jbNkeysbE0D8X,3.5474019999999995,3.869561,4.494551,0,1806000,23.429828,Interactive,1,1.75
411000,acNe1yiWIYqeezhBFm0Kia0kS0EYP21EUTHo2K9FFqDh6OPkJH9jbNkeysbE0D8X,3.117838,3.786212,4.479857,0,1806000,23.429828,Interactive,1,1.75
411300,acNe1yiWIYqeezhBFm0Kia0kS0EYP21EUTHo2K9FFqDh6OPkJH9jbNkeysbE0D8X,3.5902769999999995,3.859423000000001,4.508398000000001,0,1806000,23.429828,Interactive,1,1.75
411600,acNe1yiWIYqeezhBFm0Kia0kS0EYP21EUTHo2K9FFqDh6OPkJH9jbNkeysbE0D8X,3.533581,3.93389,4.418355,0,1806000,23.429828,Interactive,1,1.75
411900,acNe1yiWIYqeezhBFm0Kia0kS0EYP21EUTHo2K9FFqDh6OPkJH9jbNkeysbE0D8X,3.548588,3.933004,4.515426000000001,0,1806000,23.429828,Interactive,1,1.75
412200,acNe1yiWIYqeezhBFm0Kia0kS0EYP21EUTHo2K9FFqDh6OPkJH9jbNkeysbE0D8X,3.338026,3.740645,4.240031,0,1806000,23.429828,Interactive,1,1.75
412500,acNe1yiWIYqeezhBFm0Kia0kS0EYP21EUTHo2K9FFqDh6OPkJH9jbNkeysbE0D8X,3.101061,3.815421,4.833237,0,1806000,23.429828,Interactive,1,1.75
412800,acNe1yiWIYqeezhBFm0Kia0kS0EYP21EUTHo2K9FFqDh6OPkJH9jbNkeysbE0D8X,2.395087,4.086359,7.349112,0,1806000,23.429828,Interactive,1,1.75
413100,acNe1yiWIYqeezhBFm0Kia0kS0EYP21EUTHo2K9FFqDh6OPkJH9jbNkeysbE0D8X,3.49082,3.90423,4.6653150000000005,0,1806000,23.429828,Interactive,1,1.75
413400,acNe1yiWIYqeezhBFm0Kia0kS0EYP21EUTHo2K9FFqDh6OPkJH9jbNkeysbE0D8X,3.22093,3.901303,4.953535,0,1806000,23.429828,Interactive,1,1.75
413700,acNe1yiWIYqeezhBFm0Kia0kS0EYP21EUTHo2K9FFqDh6OPkJH9jbNkeysbE0D8X,3.024585,3.620739,4.503966999999999,0,1806000,23.429828,Interactive,1,1.75
414000,acNe1yiWIYqeezhBFm0Kia0kS0EYP21EUTHo2K9FFqDh6OPkJH9jbNkeysbE0D8X,3.193459,5.198421,8.931214,0,1806000,23.429828,Interactive,1,1.75
414300,acNe1yiWIYqeezhBFm0Kia0kS0EYP21EUTHo2K9FFqDh6OPkJH9jbNkeysbE0D8X,3.441779,3.878032,4.920607,0,1806000,23.429828,Interactive,1,1.75
414600,acNe1yiWIYqeezhBFm0Kia0kS0EYP21EUTHo2K9FFqDh6OPkJH9jbNkeysbE0D8X,3.333178,3.80482,4.451624,0,1806000,23.429828,Interactive,1,1.75
414900,acNe1yiWIYqeezhBFm0Kia0kS0EYP21EUTHo2K9FFqDh6OPkJH9jbNkeysbE0D8X,3.082662,3.797408,4.557254,0,1806000,23.429828,Interactive,1,1.75
415200,acNe1yiWIYqeezhBFm0Kia0kS0EYP21EUTHo2K9FFqDh6OPkJH9jbNkeysbE0D8X,3.245728,4.1371400000000005,6.541918,0,1806000,23.429828,Interactive,1,1.75
415500,acNe1yiWIYqeezhBFm0Kia0kS0EYP21EUTHo2K9FFqDh6OPkJH9jbNkeysbE0D8X,2.1409130000000003,3.740685,4.504251999999999,0,1806000,23.429828,Interactive,1,1.75
415800,acNe1yiWIYqeezhBFm0Kia0kS0EYP21EUTHo2K9FFqDh6OPkJH9jbNkeysbE0D8X,2.870526,3.789265,4.7795760000000005,0,1806000,23.429828,Interactive,1,1.75
416100,acNe1yiWIYqeezhBFm0Kia0kS0EYP21EUTHo2K9FFqDh6OPkJH9jbNkeysbE0D8X,3.162478,3.837114,5.387179,0,1806000,23.429828,Interactive,1,1.75
416400,acNe1yiWIYqeezhBFm0Kia0kS0EYP21EUTHo2K9FFqDh6OPkJH9jbNkeysbE0D8X,2.291281,3.616271,4.449701,0,1806000,23.429828,Interactive,1,1.75
416700,acNe1yiWIYqeezhBFm0Kia0kS0EYP21EUTHo2K9FFqDh6OPkJH9jbNkeysbE0D8X,3.3531699999999995,3.939971,4.7705,0,1806000,23.429828,Interactive,1,1.75
417000,acNe1yiWIYqeezhBFm0Kia0kS0EYP21EUTHo2K9FFqDh6OPkJH9jbNkeysbE0D8X,3.005476,3.871087,5.366608,0,1806000,23.429828,Interactive,1,1.75
417300,acNe1yiWIYqeezhBFm0Kia0kS0EYP21EUTHo2K9FFqDh6OPkJH9jbNkeysbE0D8X,3.01257,3.740148000000001,4.23153,0,1806000,23.429828,Interactive,1,1.75
417600,acNe1yiWIYqeezhBFm0Kia0kS0EYP21EUTHo2K9FFqDh6OPkJH9jbNkeysbE0D8X,3.308666000000001,5.139101999999999,8.793153,0,1806000,23.429828,Interactive,1,1.75
417900,acNe1yiWIYqeezhBFm0Kia0kS0EYP21EUTHo2K9FFqDh6OPkJH9jbNkeysbE0D8X,3.479488,3.913153,4.968399,0,1806000,23.429828,Interactive,1,1.75
418200,acNe1yiWIYqeezhBFm0Kia0kS0EYP21EUTHo2K9FFqDh6OPkJH9jbNkeysbE0D8X,3.43637,3.869814,4.427931,0,1806000,23.429828,Interactive,1,1.75
418500,acNe1yiWIYqeezhBFm0Kia0kS0EYP21EUTHo2K9FFqDh6OPkJH9jbNkeysbE0D8X,3.190186,3.708114,4.452022,0,1806000,23.429828,Interactive,1,1.75
418800,acNe1yiWIYqeezhBFm0Kia0kS0EYP21EUTHo2K9FFqDh6OPkJH9jbNkeysbE0D8X,3.467989,3.969657,5.151938,0,1806000,23.429828,Interactive,1,1.75
419100,acNe1yiWIYqeezhBFm0Kia0kS0EYP21EUTHo2K9FFqDh6OPkJH9jbNkeysbE0D8X,2.151544,3.685417,4.555103,0,1806000,23.429828,Interactive,1,1.75
419400,acNe1yiWIYqeezhBFm0Kia0kS0EYP21EUTHo2K9FFqDh6OPkJH9jbNkeysbE0D8X,3.551672,3.934111,4.5961620000000005,0,1806000,23.429828,Interactive,1,1.75
419700,acNe1yiWIYqeezhBFm0Kia0kS0EYP21EUTHo2K9FFqDh6OPkJH9jbNkeysbE0D8X,3.268441,3.839501,5.259165,0,1806000,23.429828,Interactive,1,1.75
420000,acNe1yiWIYqeezhBFm0Kia0kS0EYP21EUTHo2K9FFqDh6OPkJH9jbNkeysbE0D8X,3.276772,3.806021,4.204426,0,1806000,23.429828,Interactive,1,1.75
420300,acNe1yiWIYqeezhBFm0Kia0kS0EYP21EUTHo2K9FFqDh6OPkJH9jbNkeysbE0D8X,3.17118,3.814485,4.537359,0,1806000,23.429828,Interactive,1,1.75
420600,acNe1yiWIYqeezhBFm0Kia0kS0EYP21EUTHo2K9FFqDh6OPkJH9jbNkeysbE0D8X,3.145452,3.851209,5.089045,0,1806000,23.429828,Interactive,1,1.75
420900,acNe1yiWIYqeezhBFm0Kia0kS0EYP21EUTHo2K9FFqDh6OPkJH9jbNkeysbE0D8X,2.461526,3.684730000000001,4.447458999999999,0,1806000,23.429828,Interactive,1,1.75
421200,acNe1yiWIYqeezhBFm0Kia0kS0EYP21EUTHo2K9FFqDh6OPkJH9jbNkeysbE0D8X,3.346452,5.16018,8.135546000000001,0,1806000,23.429828,Interactive,1,1.75
421500,acNe1yiWIYqeezhBFm0Kia0kS0EYP21EUTHo2K9FFqDh6OPkJH9jbNkeysbE0D8X,3.206889,3.808531,5.332246,0,1806000,23.429828,Interactive,1,1.75
421800,acNe1yiWIYqeezhBFm0Kia0kS0EYP21EUTHo2K9FFqDh6OPkJH9jbNkeysbE0D8X,3.188218,3.758093,4.382976,0,1806000,23.429828,Interactive,1,1.75
422100,acNe1yiWIYqeezhBFm0Kia0kS0EYP21EUTHo2K9FFqDh6OPkJH9jbNkeysbE0D8X,3.212335,3.942961,4.686875,0,1806000,23.429828,Interactive,1,1.75
422400,acNe1yiWIYqeezhBFm0Kia0kS0EYP21EUTHo2K9FFqDh6OPkJH9jbNkeysbE0D8X,3.041469,3.861797,4.940593,0,1806000,23.429828,Interactive,1,1.75
422700,acNe1yiWIYqeezhBFm0Kia0kS0EYP21EUTHo2K9FFqDh6OPkJH9jbNkeysbE0D8X,3.422677,6.071729,17.907970000000002,0,1806000,23.429828,Interactive,1,1.75
423000,acNe1yiWIYqeezhBFm0Kia0kS0EYP21EUTHo2K9FFqDh6OPkJH9jbNkeysbE0D8X,2.569721,3.734065,4.65913,0,1806000,23.429828,Interactive,1,1.75
423300,acNe1yiWIYqeezhBFm0Kia0kS0EYP21EUTHo2K9FFqDh6OPkJH9jbNkeysbE0D8X,3.51401,3.844806,4.923081,0,1806000,23.429828,Interactive,1,1.75
423600,acNe1yiWIYqeezhBFm0Kia0kS0EYP21EUTHo2K9FFqDh6OPkJH9jbNkeysbE0D8X,3.369911,3.77052,4.169862,0,1806000,23.429828,Interactive,1,1.75
423900,acNe1yiWIYqeezhBFm0Kia0kS0EYP21EUTHo2K9FFqDh6OPkJH9jbNkeysbE0D8X,3.4946580000000003,3.942315,4.454939,0,1806000,23.429828,Interactive,1,1.75
424200,acNe1yiWIYqeezhBFm0Kia0kS0EYP21EUTHo2K9FFqDh6OPkJH9jbNkeysbE0D8X,3.41869,3.9487,5.212333999999999,0,1806000,23.429828,Interactive,1,1.75
424500,acNe1yiWIYqeezhBFm0Kia0kS0EYP21EUTHo2K9FFqDh6OPkJH9jbNkeysbE0D8X,3.327242,3.76387,4.374777,0,1806000,23.429828,Interactive,1,1.75
424800,acNe1yiWIYqeezhBFm0Kia0kS0EYP21EUTHo2K9FFqDh6OPkJH9jbNkeysbE0D8X,3.0030080000000003,3.943603,4.715123999999999,0,1806000,23.429828,Interactive,1,1.75
425100,acNe1yiWIYqeezhBFm0Kia0kS0EYP21EUTHo2K9FFqDh6OPkJH9jbNkeysbE0D8X,3.588221,5.237335,9.706126,0,1806000,23.429828,Interactive,1,1.75
425400,acNe1yiWIYqeezhBFm0Kia0kS0EYP21EUTHo2K9FFqDh6OPkJH9jbNkeysbE0D8X,3.379431,3.863677,4.581193,0,1806000,23.429828,Interactive,1,1.75
425700,acNe1yiWIYqeezhBFm0Kia0kS0EYP21EUTHo2K9FFqDh6OPkJH9jbNkeysbE0D8X,3.103826,3.747574,4.434041000000001,0,1806000,23.429828,Interactive,1,1.75
426000,acNe1yiWIYqeezhBFm0Kia0kS0EYP21EUTHo2K9FFqDh6OPkJH9jbNkeysbE0D8X,3.160623,3.747756,4.949141,0,1806000,23.429828,Interactive,1,1.75
426300,acNe1yiWIYqeezhBFm0Kia0kS0EYP21EUTHo2K9FFqDh6OPkJH9jbNkeysbE0D8X,3.3450519999999995,3.803145,4.195806,0,1806000,23.429828,Interactive,1,1.75
426600,acNe1yiWIYqeezhBFm0Kia0kS0EYP21EUTHo2K9FFqDh6OPkJH9jbNkeysbE0D8X,3.123804,3.844614,4.554377,0,1806000,23.429828,Interactive,1,1.75
426900,acNe1yiWIYqeezhBFm0Kia0kS0EYP21EUTHo2K9FFqDh6OPkJH9jbNkeysbE0D8X,3.341499,8.841084,53.919876,0,1806000,23.429828,Interactive,1,1.75
427200,acNe1yiWIYqeezhBFm0Kia0kS0EYP21EUTHo2K9FFqDh6OPkJH9jbNkeysbE0D8X,8.281222,32.682126000000004,78.525653,0,1806000,23.429828,Interactive,1,1.75
427500,acNe1yiWIYqeezhBFm0Kia0kS0EYP21EUTHo2K9FFqDh6OPkJH9jbNkeysbE0D8X,3.788976,5.438555,9.113698,0,1806000,23.429828,Interactive,1,1.75
427800,acNe1yiWIYqeezhBFm0Kia0kS0EYP21EUTHo2K9FFqDh6OPkJH9jbNkeysbE0D8X,2.708091,5.818677,9.819804,0,1806000,23.429828,Interactive,1,1.75
428100,acNe1yiWIYqeezhBFm0Kia0kS0EYP21EUTHo2K9FFqDh6OPkJH9jbNkeysbE0D8X,2.783352,4.110143,5.606765,0,1806000,23.429828,Interactive,1,1.75
428400,acNe1yiWIYqeezhBFm0Kia0kS0EYP21EUTHo2K9FFqDh6OPkJH9jbNkeysbE0D8X,2.431922,3.814573,5.799135,0,1806000,23.429828,Interactive,1,1.75
428700,acNe1yiWIYqeezhBFm0Kia0kS0EYP21EUTHo2K9FFqDh6OPkJH9jbNkeysbE0D8X,2.531494,3.824273,4.877149,0,1806000,23.429828,Interactive,1,1.75
429000,acNe1yiWIYqeezhBFm0Kia0kS0EYP21EUTHo2K9FFqDh6OPkJH9jbNkeysbE0D8X,2.41645,3.4559910000000005,4.911746,0,1806000,23.429828,Interactive,1,1.75
429300,acNe1yiWIYqeezhBFm0Kia0kS0EYP21EUTHo2K9FFqDh6OPkJH9jbNkeysbE0D8X,3.449355,4.250801,5.375969,0,1806000,23.429828,Interactive,1,1.75
429600,acNe1yiWIYqeezhBFm0Kia0kS0EYP21EUTHo2K9FFqDh6OPkJH9jbNkeysbE0D8X,2.6572150000000003,3.785685,4.8431,0,1806000,23.429828,Interactive,1,1.75
429900,acNe1yiWIYqeezhBFm0Kia0kS0EYP21EUTHo2K9FFqDh6OPkJH9jbNkeysbE0D8X,3.258513,4.177646,5.747423,0,1806000,23.429828,Interactive,1,1.75
430200,acNe1yiWIYqeezhBFm0Kia0kS0EYP21EUTHo2K9FFqDh6OPkJH9jbNkeysbE0D8X,2.449031,3.660133,5.072608,0,1806000,23.429828,Interactive,1,1.75
430500,acNe1yiWIYqeezhBFm0Kia0kS0EYP21EUTHo2K9FFqDh6OPkJH9jbNkeysbE0D8X,2.645665,4.22356,5.045113,0,1806000,23.429828,Interactive,1,1.75
430800,acNe1yiWIYqeezhBFm0Kia0kS0EYP21EUTHo2K9FFqDh6OPkJH9jbNkeysbE0D8X,2.855402,3.876345,5.813917,0,1806000,23.429828,Interactive,1,1.75
431100,acNe1yiWIYqeezhBFm0Kia0kS0EYP21EUTHo2K9FFqDh6OPkJH9jbNkeysbE0D8X,2.373362,5.629897,9.318742,0,1806000,23.429828,Interactive,1,1.75
431400,acNe1yiWIYqeezhBFm0Kia0kS0EYP21EUTHo2K9FFqDh6OPkJH9jbNkeysbE0D8X,3.407849,4.19158,5.083387,0,1806000,23.429828,Interactive,1,1.75
431700,acNe1yiWIYqeezhBFm0Kia0kS0EYP21EUTHo2K9FFqDh6OPkJH9jbNkeysbE0D8X,2.576058,5.451708,16.299845,0,1806000,23.429828,Interactive,1,1.75
432000,acNe1yiWIYqeezhBFm0Kia0kS0EYP21EUTHo2K9FFqDh6OPkJH9jbNkeysbE0D8X,3.5385150000000003,4.33245,5.370261,0,1806000,23.429828,Interactive,1,1.75
432300,acNe1yiWIYqeezhBFm0Kia0kS0EYP21EUTHo2K9FFqDh6OPkJH9jbNkeysbE0D8X,2.405069,3.574365,5.022828,0,1806000,23.429828,Interactive,1,1.75
432600,acNe1yiWIYqeezhBFm0Kia0kS0EYP21EUTHo2K9FFqDh6OPkJH9jbNkeysbE0D8X,2.815072,3.7106,5.179444999999999,0,1806000,23.429828,Interactive,1,1.75
432900,acNe1yiWIYqeezhBFm0Kia0kS0EYP21EUTHo2K9FFqDh6OPkJH9jbNkeysbE0D8X,2.430115,3.674964,4.772935,0,1806000,23.429828,Interactive,1,1.75
433200,acNe1yiWIYqeezhBFm0Kia0kS0EYP21EUTHo2K9FFqDh6OPkJH9jbNkeysbE0D8X,2.671528,4.305396,5.108202,0,1806000,23.429828,Interactive,1,1.75
433500,acNe1yiWIYqeezhBFm0Kia0kS0EYP21EUTHo2K9FFqDh6OPkJH9jbNkeysbE0D8X,2.715735,5.9727120000000005,22.734931,0,1806000,23.429828,Interactive,1,1.75
433800,acNe1yiWIYqeezhBFm0Kia0kS0EYP21EUTHo2K9FFqDh6OPkJH9jbNkeysbE0D8X,2.3631450000000003,3.961898,5.142683,0,1806000,23.429828,Interactive,1,1.75
434100,acNe1yiWIYqeezhBFm0Kia0kS0EYP21EUTHo2K9FFqDh6OPkJH9jbNkeysbE0D8X,3.44046,4.134782,5.121354,0,1806000,23.429828,Interactive,1,1.75
434400,acNe1yiWIYqeezhBFm0Kia0kS0EYP21EUTHo2K9FFqDh6OPkJH9jbNkeysbE0D8X,2.504709,3.752303,5.932215,0,1806000,23.429828,Interactive,1,1.75
434700,acNe1yiWIYqeezhBFm0Kia0kS0EYP21EUTHo2K9FFqDh6OPkJH9jbNkeysbE0D8X,3.628459,5.172405,9.378357,0,1806000,23.429828,Interactive,1,1.75
435000,acNe1yiWIYqeezhBFm0Kia0kS0EYP21EUTHo2K9FFqDh6OPkJH9jbNkeysbE0D8X,2.659145,3.821478,5.022807,0,1806000,23.429828,Interactive,1,1.75
435300,acNe1yiWIYqeezhBFm0Kia0kS0EYP21EUTHo2K9FFqDh6OPkJH9jbNkeysbE0D8X,3.251857,3.946035,4.889963,0,1806000,23.429828,Interactive,1,1.75
435600,acNe1yiWIYqeezhBFm0Kia0kS0EYP21EUTHo2K9FFqDh6OPkJH9jbNkeysbE0D8X,2.3641,3.893298,5.5469800000000005,0,1806000,23.429828,Interactive,1,1.75
435900,acNe1yiWIYqeezhBFm0Kia0kS0EYP21EUTHo2K9FFqDh6OPkJH9jbNkeysbE0D8X,2.7302150000000003,3.898092,5.070951,0,1806000,23.429828,Interactive,1,1.75
436200,acNe1yiWIYqeezhBFm0Kia0kS0EYP21EUTHo2K9FFqDh6OPkJH9jbNkeysbE0D8X,2.439167,3.5972120000000003,4.421708,0,1806000,23.429828,Interactive,1,1.75
436500,acNe1yiWIYqeezhBFm0Kia0kS0EYP21EUTHo2K9FFqDh6OPkJH9jbNkeysbE0D8X,2.53706,3.685001,5.415598999999999,0,1806000,23.429828,Interactive,1,1.75
436800,acNe1yiWIYqeezhBFm0Kia0kS0EYP21EUTHo2K9FFqDh6OPkJH9jbNkeysbE0D8X,3.5439480000000003,4.176076999999999,4.94053,0,1806000,23.429828,Interactive,1,1.75
437100,acNe1yiWIYqeezhBFm0Kia0kS0EYP21EUTHo2K9FFqDh6OPkJH9jbNkeysbE0D8X,2.494749,5.283386,18.256277,0,1806000,23.429828,Interactive,1,1.75
437400,acNe1yiWIYqeezhBFm0Kia0kS0EYP21EUTHo2K9FFqDh6OPkJH9jbNkeysbE0D8X,3.647402,4.268681,5.510811,0,1806000,23.429828,Interactive,1,1.75
437700,acNe1yiWIYqeezhBFm0Kia0kS0EYP21EUTHo2K9FFqDh6OPkJH9jbNkeysbE0D8X,2.605077,3.881523000000001,4.879065,0,1806000,23.429828,Interactive,1,1.75
438000,acNe1yiWIYqeezhBFm0Kia0kS0EYP21EUTHo2K9FFqDh6OPkJH9jbNkeysbE0D8X,3.623755000000001,4.277197,5.827986,0,1806000,23.429828,Interactive,1,1.75
438300,acNe1yiWIYqeezhBFm0Kia0kS0EYP21EUTHo2K9FFqDh6OPkJH9jbNkeysbE0D8X,2.509959,4.417242,7.862692,0,1806000,23.429828,Interactive,1,1.75
438600,acNe1yiWIYqeezhBFm0Kia0kS0EYP21EUTHo2K9FFqDh6OPkJH9jbNkeysbE0D8X,2.570902,4.862892,9.181596,0,1806000,23.429828,Interactive,1,1.75
438900,acNe1yiWIYqeezhBFm0Kia0kS0EYP21EUTHo2K9FFqDh6OPkJH9jbNkeysbE0D8X,2.886257,3.904492,5.761902,0,1806000,23.429828,Interactive,1,1.75
439200,acNe1yiWIYqeezhBFm0Kia0kS0EYP21EUTHo2K9FFqDh6OPkJH9jbNkeysbE0D8X,2.438604,3.795106,5.181127,0,1806000,23.429828,Interactive,1,1.75
439500,acNe1yiWIYqeezhBFm0Kia0kS0EYP21EUTHo2K9FFqDh6OPkJH9jbNkeysbE0D8X,3.619919,4.201114,4.792611,0,1806000,23.429828,Interactive,1,1.75
439800,acNe1yiWIYqeezhBFm0Kia0kS0EYP21EUTHo2K9FFqDh6OPkJH9jbNkeysbE0D8X,2.516331,3.545494,5.072778,0,1806000,23.429828,Interactive,1,1.75
440100,acNe1yiWIYqeezhBFm0Kia0kS0EYP21EUTHo2K9FFqDh6OPkJH9jbNkeysbE0D8X,3.757603,4.367684,5.836444999999999,0,1806000,23.429828,Interactive,1,1.75
440400,acNe1yiWIYqeezhBFm0Kia0kS0EYP21EUTHo2K9FFqDh6OPkJH9jbNkeysbE0D8X,2.5784,3.538781,4.718081,0,1806000,23.429828,Interactive,1,1.75
440700,acNe1yiWIYqeezhBFm0Kia0kS0EYP21EUTHo2K9FFqDh6OPkJH9jbNkeysbE0D8X,2.95749,5.863472,16.327118,0,1806000,23.429828,Interactive,1,1.75
441000,acNe1yiWIYqeezhBFm0Kia0kS0EYP21EUTHo2K9FFqDh6OPkJH9jbNkeysbE0D8X,2.592493,3.912877,5.509981,0,1806000,23.429828,Interactive,1,1.75
441300,acNe1yiWIYqeezhBFm0Kia0kS0EYP21EUTHo2K9FFqDh6OPkJH9jbNkeysbE0D8X,2.633562,3.931727,5.036084,0,1806000,23.429828,Interactive,1,1.75
441600,acNe1yiWIYqeezhBFm0Kia0kS0EYP21EUTHo2K9FFqDh6OPkJH9jbNkeysbE0D8X,2.739788,3.795983,4.851327,0,1806000,23.429828,Interactive,1,1.75
441900,acNe1yiWIYqeezhBFm0Kia0kS0EYP21EUTHo2K9FFqDh6OPkJH9jbNkeysbE0D8X,2.391981,3.735686,5.51571,0,1806000,23.429828,Interactive,1,1.75
442200,acNe1yiWIYqeezhBFm0Kia0kS0EYP21EUTHo2K9FFqDh6OPkJH9jbNkeysbE0D8X,3.643961,5.558507,8.827444999999999,0,1806000,23.429828,Interactive,1,1.75
442500,acNe1yiWIYqeezhBFm0Kia0kS0EYP21EUTHo2K9FFqDh6OPkJH9jbNkeysbE0D8X,2.608311,3.739694,5.730843,0,1806000,23.429828,Interactive,1,1.75
442800,acNe1yiWIYqeezhBFm0Kia0kS0EYP21EUTHo2K9FFqDh6OPkJH9jbNkeysbE0D8X,2.7778400000000003,4.115361,5.7381,0,1806000,23.429828,Interactive,1,1.75
443100,acNe1yiWIYqeezhBFm0Kia0kS0EYP21EUTHo2K9FFqDh6OPkJH9jbNkeysbE0D8X,2.567671,3.9529,4.902729,0,1806000,23.429828,Interactive,1,1.75
443400,acNe1yiWIYqeezhBFm0Kia0kS0EYP21EUTHo2K9FFqDh6OPkJH9jbNkeysbE0D8X,2.454288,3.732476,5.484295,0,1806000,23.429828,Interactive,1,1.75
443700,acNe1yiWIYqeezhBFm0Kia0kS0EYP21EUTHo2K9FFqDh6OPkJH9jbNkeysbE0D8X,2.520279,3.739204,5.572295,0,1806000,23.429828,Interactive,1,1.75
444000,acNe1yiWIYqeezhBFm0Kia0kS0EYP21EUTHo2K9FFqDh6OPkJH9jbNkeysbE0D8X,2.548348,4.048088,4.8097330000000005,0,1806000,23.429828,Interactive,1,1.75
444300,acNe1yiWIYqeezhBFm0Kia0kS0EYP21EUTHo2K9FFqDh6OPkJH9jbNkeysbE0D8X,2.826481,14.556446,43.279138,0,1806000,23.429828,Interactive,1,1.75
444600,acNe1yiWIYqeezhBFm0Kia0kS0EYP21EUTHo2K9FFqDh6OPkJH9jbNkeysbE0D8X,2.363967,3.944588,5.294442,0,1806000,23.429828,Interactive,1,1.75
444900,acNe1yiWIYqeezhBFm0Kia0kS0EYP21EUTHo2K9FFqDh6OPkJH9jbNkeysbE0D8X,3.5679769999999995,4.363099,4.961614,0,1806000,23.429828,Interactive,1,1.75
445200,acNe1yiWIYqeezhBFm0Kia0kS0EYP21EUTHo2K9FFqDh6OPkJH9jbNkeysbE0D8X,2.687626,3.638326,5.642325,0,1806000,23.429828,Interactive,1,1.75
445500,acNe1yiWIYqeezhBFm0Kia0kS0EYP21EUTHo2K9FFqDh6OPkJH9jbNkeysbE0D8X,2.199809,4.197619,5.562994000000001,0,1806000,23.429828,Interactive,1,1.75
445800,acNe1yiWIYqeezhBFm0Kia0kS0EYP21EUTHo2K9FFqDh6OPkJH9jbNkeysbE0D8X,2.910294,6.175325,8.841664999999999,0,1806000,23.429828,Interactive,1,1.75
446100,acNe1yiWIYqeezhBFm0Kia0kS0EYP21EUTHo2K9FFqDh6OPkJH9jbNkeysbE0D8X,3.5078339999999995,4.713833999999999,8.221455,0,1806000,23.429828,Interactive,1,1.75
446400,acNe1yiWIYqeezhBFm0Kia0kS0EYP21EUTHo2K9FFqDh6OPkJH9jbNkeysbE0D8X,2.396687,3.862128,5.585838,0,1806000,23.429828,Interactive,1,1.75
446700,acNe1yiWIYqeezhBFm0Kia0kS0EYP21EUTHo2K9FFqDh6OPkJH9jbNkeysbE0D8X,2.509183,3.921806,5.083933999999999,0,1806000,23.429828,Interactive,1,1.75
447000,acNe1yiWIYqeezhBFm0Kia0kS0EYP21EUTHo2K9FFqDh6OPkJH9jbNkeysbE0D8X,2.969919,3.822149,5.073531,0,1806000,23.429828,Interactive,1,1.75
447300,acNe1yiWIYqeezhBFm0Kia0kS0EYP21EUTHo2K9FFqDh6OPkJH9jbNkeysbE0D8X,2.430621,3.518027,5.6297440000000005,0,1806000,23.429828,Interactive,1,1.75
447600,acNe1yiWIYqeezhBFm0Kia0kS0EYP21EUTHo2K9FFqDh6OPkJH9jbNkeysbE0D8X,3.52084,4.288698999999999,4.764196,0,1806000,23.429828,Interactive,1,1.75
447900,acNe1yiWIYqeezhBFm0Kia0kS0EYP21EUTHo2K9FFqDh6OPkJH9jbNkeysbE0D8X,3.082997,13.907335,47.07604,0,1806000,23.429828,Interactive,1,1.75
448200,acNe1yiWIYqeezhBFm0Kia0kS0EYP21EUTHo2K9FFqDh6OPkJH9jbNkeysbE0D8X,3.40469,4.066559,5.569729,0,1806000,23.429828,Interactive,1,1.75
448500,acNe1yiWIYqeezhBFm0Kia0kS0EYP21EUTHo2K9FFqDh6OPkJH9jbNkeysbE0D8X,2.578365,3.762033,4.993368,0,1806000,23.429828,Interactive,1,1.75
448800,acNe1yiWIYqeezhBFm0Kia0kS0EYP21EUTHo2K9FFqDh6OPkJH9jbNkeysbE0D8X,3.548867,4.297271,5.746574,0,1806000,23.429828,Interactive,1,1.75
449100,acNe1yiWIYqeezhBFm0Kia0kS0EYP21EUTHo2K9FFqDh6OPkJH9jbNkeysbE0D8X,2.378013,3.868338,5.493228,0,1806000,23.429828,Interactive,1,1.75
449400,acNe1yiWIYqeezhBFm0Kia0kS0EYP21EUTHo2K9FFqDh6OPkJH9jbNkeysbE0D8X,2.359777,4.001231,4.773943,0,1806000,23.429828,Interactive,1,1.75
449700,acNe1yiWIYqeezhBFm0Kia0kS0EYP21EUTHo2K9FFqDh6OPkJH9jbNkeysbE0D8X,2.8545580000000004,5.038272,7.800389999999999,0,1806000,23.429828,Interactive,1,1.75
450000,acNe1yiWIYqeezhBFm0Kia0kS0EYP21EUTHo2K9FFqDh6OPkJH9jbNkeysbE0D8X,2.411867,3.904153,5.43008,0,1806000,23.429828,Interactive,1,1.75
450300,acNe1yiWIYqeezhBFm0Kia0kS0EYP21EUTHo2K9FFqDh6OPkJH9jbNkeysbE0D8X,3.4648790000000003,4.144826,4.917444000000001,0,1806000,23.429828,Interactive,1,1.75
450600,acNe1yiWIYqeezhBFm0Kia0kS0EYP21EUTHo2K9FFqDh6OPkJH9jbNkeysbE0D8X,2.5930020000000003,3.811172,5.447014,0,1806000,23.429828,Interactive,1,1.75
450900,acNe1yiWIYqeezhBFm0Kia0kS0EYP21EUTHo2K9FFqDh6OPkJH9jbNkeysbE0D8X,2.622982,3.723109,5.078611,0,1806000,23.429828,Interactive,1,1.75
451200,acNe1yiWIYqeezhBFm0Kia0kS0EYP21EUTHo2K9FFqDh6OPkJH9jbNkeysbE0D8X,2.5877380000000003,3.849811,5.045446,0,1806000,23.429828,Interactive,1,1.75
451500,acNe1yiWIYqeezhBFm0Kia0kS0EYP21EUTHo2K9FFqDh6OPkJH9jbNkeysbE0D8X,3.350109,4.126409,5.333085,0,1806000,23.429828,Interactive,1,1.75
451800,acNe1yiWIYqeezhBFm0Kia0kS0EYP21EUTHo2K9FFqDh6OPkJH9jbNkeysbE0D8X,2.415142,3.617115,5.6437610000000005,0,1806000,23.429828,Interactive,1,1.75
452100,acNe1yiWIYqeezhBFm0Kia0kS0EYP21EUTHo2K9FFqDh6OPkJH9jbNkeysbE0D8X,2.539142,3.875606,4.634119999999999,0,1806000,23.429828,Interactive,1,1.75
452400,acNe1yiWIYqeezhBFm0Kia0kS0EYP21EUTHo2K9FFqDh6OPkJH9jbNkeysbE0D8X,3.03796,3.921332,5.810242,0,1806000,23.429828,Interactive,1,1.75
452700,acNe1yiWIYqeezhBFm0Kia0kS0EYP21EUTHo2K9FFqDh6OPkJH9jbNkeysbE0D8X,2.383865,3.875065,5.704239,0,1806000,23.429828,Interactive,1,1.75
453000,acNe1yiWIYqeezhBFm0Kia0kS0EYP21EUTHo2K9FFqDh6OPkJH9jbNkeysbE0D8X,3.32026,4.326391,5.038043,0,1806000,23.429828,Interactive,1,1.75
453300,acNe1yiWIYqeezhBFm0Kia0kS0EYP21EUTHo2K9FFqDh6OPkJH9jbNkeysbE0D8X,2.68689,4.832275,8.921911999999999,0,1806000,23.429828,Interactive,1,1.75
453600,acNe1yiWIYqeezhBFm0Kia0kS0EYP21EUTHo2K9FFqDh6OPkJH9jbNkeysbE0D8X,3.3882160000000003,4.207668,5.46695,0,1806000,23.429828,Interactive,1,1.75
453900,acNe1yiWIYqeezhBFm0Kia0kS0EYP21EUTHo2K9FFqDh6OPkJH9jbNkeysbE0D8X,2.621418,3.847176,4.446653,0,1806000,23.429828,Interactive,1,1.75
454200,acNe1yiWIYqeezhBFm0Kia0kS0EYP21EUTHo2K9FFqDh6OPkJH9jbNkeysbE0D8X,3.749721,4.268808,5.145029,0,1806000,23.429828,Interactive,1,1.75
454500,acNe1yiWIYqeezhBFm0Kia0kS0EYP21EUTHo2K9FFqDh6OPkJH9jbNkeysbE0D8X,2.397056,3.486985,4.657287999999999,0,1806000,23.429828,Interactive,1,1.75
454800,acNe1yiWIYqeezhBFm0Kia0kS0EYP21EUTHo2K9FFqDh6OPkJH9jbNkeysbE0D8X,3.421587,4.11704,4.716552,0,1806000,23.429828,Interactive,1,1.75
455100,acNe1yiWIYqeezhBFm0Kia0kS0EYP21EUTHo2K9FFqDh6OPkJH9jbNkeysbE0D8X,2.889025,4.058992,4.864014,0,1806000,23.429828,Interactive,1,1.75
455400,acNe1yiWIYqeezhBFm0Kia0kS0EYP21EUTHo2K9FFqDh6OPkJH9jbNkeysbE0D8X,2.41169,3.876622,5.269825,0,1806000,23.429828,Interactive,1,1.75
455700,acNe1yiWIYqeezhBFm0Kia0kS0EYP21EUTHo2K9FFqDh6OPkJH9jbNkeysbE0D8X,3.044455,3.364983,4.076753,0,1806000,23.429828,Interactive,1,1.75
456000,acNe1yiWIYqeezhBFm0Kia0kS0EYP21EUTHo2K9FFqDh6OPkJH9jbNkeysbE0D8X,2.531817,3.266384,4.289573000000001,0,1806000,23.429828,Interactive,1,1.75
456300,acNe1yiWIYqeezhBFm0Kia0kS0EYP21EUTHo2K9FFqDh6OPkJH9jbNkeysbE0D8X,3.0544580000000003,3.830041000000001,4.802651,0,1806000,23.429828,Interactive,1,1.75
456600,acNe1yiWIYqeezhBFm0Kia0kS0EYP21EUTHo2K9FFqDh6OPkJH9jbNkeysbE0D8X,2.697052,3.555486,4.5384400000000005,0,1806000,23.429828,Interactive,1,1.75
456900,acNe1yiWIYqeezhBFm0Kia0kS0EYP21EUTHo2K9FFqDh6OPkJH9jbNkeysbE0D8X,3.696702,5.410643,8.707692999999999,0,1806000,23.429828,Interactive,1,1.75
457200,acNe1yiWIYqeezhBFm0Kia0kS0EYP21EUTHo2K9FFqDh6OPkJH9jbNkeysbE0D8X,2.480144,3.496618,3.992345,0,1806000,23.429828,Interactive,1,1.75
457500,acNe1yiWIYqeezhBFm0Kia0kS0EYP21EUTHo2K9FFqDh6OPkJH9jbNkeysbE0D8X,3.308421,4.110889,4.669084,0,1806000,23.429828,Interactive,1,1.75
457800,acNe1yiWIYqeezhBFm0Kia0kS0EYP21EUTHo2K9FFqDh6OPkJH9jbNkeysbE0D8X,2.932563,3.711509,4.653058000000001,0,1806000,23.429828,Interactive,1,1.75
458100,acNe1yiWIYqeezhBFm0Kia0kS0EYP21EUTHo2K9FFqDh6OPkJH9jbNkeysbE0D8X,2.570131,3.929743,4.972936,0,1806000,23.429828,Interactive,1,1.75
458400,acNe1yiWIYqeezhBFm0Kia0kS0EYP21EUTHo2K9FFqDh6OPkJH9jbNkeysbE0D8X,2.432095,3.668693,4.606857,0,1806000,23.429828,Interactive,1,1.75
458700,acNe1yiWIYqeezhBFm0Kia0kS0EYP21EUTHo2K9FFqDh6OPkJH9jbNkeysbE0D8X,2.614319,3.783049,4.479479,0,1806000,23.429828,Interactive,1,1.75
459000,acNe1yiWIYqeezhBFm0Kia0kS0EYP21EUTHo2K9FFqDh6OPkJH9jbNkeysbE0D8X,2.459288,3.798835,4.646446,0,1806000,23.429828,Interactive,1,1.75
459300,acNe1yiWIYqeezhBFm0Kia0kS0EYP21EUTHo2K9FFqDh6OPkJH9jbNkeysbE0D8X,2.886918,3.676419,4.831062999999999,0,1806000,23.429828,Interactive,1,1.75
459600,acNe1yiWIYqeezhBFm0Kia0kS0EYP21EUTHo2K9FFqDh6OPkJH9jbNkeysbE0D8X,2.947721,3.406268,4.10039,0,1806000,23.429828,Interactive,1,1.75
459900,acNe1yiWIYqeezhBFm0Kia0kS0EYP21EUTHo2K9FFqDh6OPkJH9jbNkeysbE0D8X,2.460659,3.575715,4.474958999999999,0,1806000,23.429828,Interactive,1,1.75
460200,acNe1yiWIYqeezhBFm0Kia0kS0EYP21EUTHo2K9FFqDh6OPkJH9jbNkeysbE0D8X,3.032705,3.781335,4.850845,0,1806000,23.429828,Interactive,1,1.75
460500,acNe1yiWIYqeezhBFm0Kia0kS0EYP21EUTHo2K9FFqDh6OPkJH9jbNkeysbE0D8X,2.783896,4.055333999999999,7.495236,0,1806000,23.429828,Interactive,1,1.75
460800,acNe1yiWIYqeezhBFm0Kia0kS0EYP21EUTHo2K9FFqDh6OPkJH9jbNkeysbE0D8X,2.576287,4.54882,8.504061,0,1806000,23.429828,Interactive,1,1.75
461100,acNe1yiWIYqeezhBFm0Kia0kS0EYP21EUTHo2K9FFqDh6OPkJH9jbNkeysbE0D8X,3.2614970000000003,3.62407,4.133324,0,1806000,23.429828,Interactive,1,1.75
461400,acNe1yiWIYqeezhBFm0Kia0kS0EYP21EUTHo2K9FFqDh6OPkJH9jbNkeysbE0D8X,3.111866,3.598492,4.476948,0,1806000,23.429828,Interactive,1,1.75
461700,acNe1yiWIYqeezhBFm0Kia0kS0EYP21EUTHo2K9FFqDh6OPkJH9jbNkeysbE0D8X,3.110806,3.524981,4.266528,0,1806000,23.429828,Interactive,1,1.75
462000,acNe1yiWIYqeezhBFm0Kia0kS0EYP21EUTHo2K9FFqDh6OPkJH9jbNkeysbE0D8X,2.863228,3.335087,4.018328,0,1806000,23.429828,Interactive,1,1.75
462300,acNe1yiWIYqeezhBFm0Kia0kS0EYP21EUTHo2K9FFqDh6OPkJH9jbNkeysbE0D8X,3.1230330000000004,18.449771,87.542411,0,1806000,23.429828,Interactive,1,1.75
462600,acNe1yiWIYqeezhBFm0Kia0kS0EYP21EUTHo2K9FFqDh6OPkJH9jbNkeysbE0D8X,3.049193,3.589118,4.197783,0,1806000,23.429828,Interactive,1,1.75
462900,acNe1yiWIYqeezhBFm0Kia0kS0EYP21EUTHo2K9FFqDh6OPkJH9jbNkeysbE0D8X,3.033919,3.4539230000000005,4.125472,0,1806000,23.429828,Interactive,1,1.75
463200,acNe1yiWIYqeezhBFm0Kia0kS0EYP21EUTHo2K9FFqDh6OPkJH9jbNkeysbE0D8X,3.007247,3.369035,4.154579,0,1806000,23.429828,Interactive,1,1.75
463500,acNe1yiWIYqeezhBFm0Kia0kS0EYP21EUTHo2K9FFqDh6OPkJH9jbNkeysbE0D8X,2.662402,3.327396,4.158336,0,1806000,23.429828,Interactive,1,1.75
463800,acNe1yiWIYqeezhBFm0Kia0kS0EYP21EUTHo2K9FFqDh6OPkJH9jbNkeysbE0D8X,3.141381,3.577454,4.142485,0,1806000,23.429828,Interactive,1,1.75
464100,acNe1yiWIYqeezhBFm0Kia0kS0EYP21EUTHo2K9FFqDh6OPkJH9jbNkeysbE0D8X,2.99918,3.403729,4.152222,0,1806000,23.429828,Interactive,1,1.75
464400,acNe1yiWIYqeezhBFm0Kia0kS0EYP21EUTHo2K9FFqDh6OPkJH9jbNkeysbE0D8X,3.2310000000000003,4.703366,7.811847999999999,0,1806000,23.429828,Interactive,1,1.75
464700,acNe1yiWIYqeezhBFm0Kia0kS0EYP21EUTHo2K9FFqDh6OPkJH9jbNkeysbE0D8X,3.047889,3.408382,3.935356,0,1806000,23.429828,Interactive,1,1.75
465000,acNe1yiWIYqeezhBFm0Kia0kS0EYP21EUTHo2K9FFqDh6OPkJH9jbNkeysbE0D8X,3.120888,3.4739410000000004,4.321691,0,1806000,23.429828,Interactive,1,1.75
465300,acNe1yiWIYqeezhBFm0Kia0kS0EYP21EUTHo2K9FFqDh6OPkJH9jbNkeysbE0D8X,2.7002900000000003,3.3704120000000004,3.959227,0,1806000,23.429828,Interactive,1,1.75
465600,acNe1yiWIYqeezhBFm0Kia0kS0EYP21EUTHo2K9FFqDh6OPkJH9jbNkeysbE0D8X,3.171187,3.662433,4.280869,0,1806000,23.429828,Interactive,1,1.75
465900,acNe1yiWIYqeezhBFm0Kia0kS0EYP21EUTHo2K9FFqDh6OPkJH9jbNkeysbE0D8X,3.225495,3.529627,4.345526,0,1806000,23.429828,Interactive,1,1.75
466200,acNe1yiWIYqeezhBFm0Kia0kS0EYP21EUTHo2K9FFqDh6OPkJH9jbNkeysbE0D8X,2.6645950000000003,3.338156,4.185377,0,1806000,23.429828,Interactive,1,1.75
466500,acNe1yiWIYqeezhBFm0Kia0kS0EYP21EUTHo2K9FFqDh6OPkJH9jbNkeysbE0D8X,3.069086,3.475912,4.014575,0,1806000,23.429828,Interactive,1,1.75
466800,acNe1yiWIYqeezhBFm0Kia0kS0EYP21EUTHo2K9FFqDh6OPkJH9jbNkeysbE0D8X,2.580339,3.344539,4.003305999999999,0,1806000,23.429828,Interactive,1,1.75
467100,acNe1yiWIYqeezhBFm0Kia0kS0EYP21EUTHo2K9FFqDh6OPkJH9jbNkeysbE0D8X,2.926052,3.665422,4.198711,0,1806000,23.429828,Interactive,1,1.75
467400,acNe1yiWIYqeezhBFm0Kia0kS0EYP21EUTHo2K9FFqDh6OPkJH9jbNkeysbE0D8X,3.187362,3.472718,4.019654,0,1806000,23.429828,Interactive,1,1.75
467700,acNe1yiWIYqeezhBFm0Kia0kS0EYP21EUTHo2K9FFqDh6OPkJH9jbNkeysbE0D8X,3.037202,3.458543,4.273126,0,1806000,23.429828,Interactive,1,1.75
468000,acNe1yiWIYqeezhBFm0Kia0kS0EYP21EUTHo2K9FFqDh6OPkJH9jbNkeysbE0D8X,2.911467,4.629838,7.656934,0,1806000,23.429828,Interactive,1,1.75
468300,acNe1yiWIYqeezhBFm0Kia0kS0EYP21EUTHo2K9FFqDh6OPkJH9jbNkeysbE0D8X,3.120909,4.561878,14.311292000000002,0,1806000,23.429828,Interactive,1,1.75
468600,acNe1yiWIYqeezhBFm0Kia0kS0EYP21EUTHo2K9FFqDh6OPkJH9jbNkeysbE0D8X,3.10489,3.892397,6.053526000000001,0,1806000,23.429828,Interactive,1,1.75
468900,acNe1yiWIYqeezhBFm0Kia0kS0EYP21EUTHo2K9FFqDh6OPkJH9jbNkeysbE0D8X,2.991896,3.4829550000000005,4.244427,0,1806000,23.429828,Interactive,1,1.75
469200,acNe1yiWIYqeezhBFm0Kia0kS0EYP21EUTHo2K9FFqDh6OPkJH9jbNkeysbE0D8X,3.0599220000000003,3.482558,4.132601999999999,0,1806000,23.429828,Interactive,1,1.75
469500,acNe1yiWIYqeezhBFm0Kia0kS0EYP21EUTHo2K9FFqDh6OPkJH9jbNkeysbE0D8X,2.62684,44.513406,98.771451,0,1806000,23.429828,Interactive,1,1.75
469800,acNe1yiWIYqeezhBFm0Kia0kS0EYP21EUTHo2K9FFqDh6OPkJH9jbNkeysbE0D8X,2.79643,3.493953,4.304795,0,1806000,23.429828,Interactive,1,1.75
470100,acNe1yiWIYqeezhBFm0Kia0kS0EYP21EUTHo2K9FFqDh6OPkJH9jbNkeysbE0D8X,3.14144,3.510777,4.145251999999999,0,1806000,23.429828,Interactive,1,1.75
470400,acNe1yiWIYqeezhBFm0Kia0kS0EYP21EUTHo2K9FFqDh6OPkJH9jbNkeysbE0D8X,3.233648,3.859072,6.751569,0,1806000,23.429828,Interactive,1,1.75
470700,acNe1yiWIYqeezhBFm0Kia0kS0EYP21EUTHo2K9FFqDh6OPkJH9jbNkeysbE0D8X,2.993031,3.497186,4.070796,0,1806000,23.429828,Interactive,1,1.75
471000,acNe1yiWIYqeezhBFm0Kia0kS0EYP21EUTHo2K9FFqDh6OPkJH9jbNkeysbE0D8X,3.04256,4.165463,11.027574,0,1806000,23.429828,Interactive,1,1.75
471300,acNe1yiWIYqeezhBFm0Kia0kS0EYP21EUTHo2K9FFqDh6OPkJH9jbNkeysbE0D8X,3.013332,3.309569,4.117989,0,1806000,23.429828,Interactive,1,1.75
471600,acNe1yiWIYqeezhBFm0Kia0kS0EYP21EUTHo2K9FFqDh6OPkJH9jbNkeysbE0D8X,2.598438,4.519992,7.800086999999999,0,1806000,23.429828,Interactive,1,1.75
471900,acNe1yiWIYqeezhBFm0Kia0kS0EYP21EUTHo2K9FFqDh6OPkJH9jbNkeysbE0D8X,3.127481,3.475271,4.055666,0,1806000,23.429828,Interactive,1,1.75
472200,acNe1yiWIYqeezhBFm0Kia0kS0EYP21EUTHo2K9FFqDh6OPkJH9jbNkeysbE0D8X,3.0518650000000003,3.4620370000000005,4.137747,0,1806000,23.429828,Interactive,1,1.75
472500,acNe1yiWIYqeezhBFm0Kia0kS0EYP21EUTHo2K9FFqDh6OPkJH9jbNkeysbE0D8X,3.033363,3.5873160000000004,4.3270800000000005,0,1806000,23.429828,Interactive,1,1.75
472800,acNe1yiWIYqeezhBFm0Kia0kS0EYP21EUTHo2K9FFqDh6OPkJH9jbNkeysbE0D8X,3.203466,3.5703910000000003,4.146688,0,1806000,23.429828,Interactive,1,1.75
473100,acNe1yiWIYqeezhBFm0Kia0kS0EYP21EUTHo2K9FFqDh6OPkJH9jbNkeysbE0D8X,2.991426,5.4059,21.212911,0,1806000,23.429828,Interactive,1,1.75
473400,acNe1yiWIYqeezhBFm0Kia0kS0EYP21EUTHo2K9FFqDh6OPkJH9jbNkeysbE0D8X,2.974712,3.5013980000000005,4.191898,0,1806000,23.429828,Interactive,1,1.75
473700,acNe1yiWIYqeezhBFm0Kia0kS0EYP21EUTHo2K9FFqDh6OPkJH9jbNkeysbE0D8X,3.030334,4.2221,11.10286,0,1806000,23.429828,Interactive,1,1.75
474000,acNe1yiWIYqeezhBFm0Kia0kS0EYP21EUTHo2K9FFqDh6OPkJH9jbNkeysbE0D8X,3.197544,3.494609,4.295527,0,1806000,23.429828,Interactive,1,1.75
474300,acNe1yiWIYqeezhBFm0Kia0kS0EYP21EUTHo2K9FFqDh6OPkJH9jbNkeysbE0D8X,3.032057,3.527247,4.329546,0,1806000,23.429828,Interactive,1,1.75
474600,acNe1yiWIYqeezhBFm0Kia0kS0EYP21EUTHo2K9FFqDh6OPkJH9jbNkeysbE0D8X,3.128007,3.493034,4.040952,0,1806000,23.429828,Interactive,1,1.75
474900,acNe1yiWIYqeezhBFm0Kia0kS0EYP21EUTHo2K9FFqDh6OPkJH9jbNkeysbE0D8X,2.875194,3.351808,3.896395,0,1806000,23.429828,Interactive,1,1.75
475200,acNe1yiWIYqeezhBFm0Kia0kS0EYP21EUTHo2K9FFqDh6OPkJH9jbNkeysbE0D8X,3.177616,4.079597,8.968616,0,1806000,23.429828,Interactive,1,1.75
475500,acNe1yiWIYqeezhBFm0Kia0kS0EYP21EUTHo2K9FFqDh6OPkJH9jbNkeysbE0D8X,3.261088,4.543006,8.243379,0,1806000,23.429828,Interactive,1,1.75
475800,acNe1yiWIYqeezhBFm0Kia0kS0EYP21EUTHo2K9FFqDh6OPkJH9jbNkeysbE0D8X,3.083139,3.546644,4.352865,0,1806000,23.429828,Interactive,1,1.75
476100,acNe1yiWIYqeezhBFm0Kia0kS0EYP21EUTHo2K9FFqDh6OPkJH9jbNkeysbE0D8X,2.936056,3.4558980000000004,4.122416,0,1806000,23.429828,Interactive,1,1.75
476400,acNe1yiWIYqeezhBFm0Kia0kS0EYP21EUTHo2K9FFqDh6OPkJH9jbNkeysbE0D8X,2.752405,3.3759370000000004,4.071331,0,1806000,23.429828,Interactive,1,1.75
476700,acNe1yiWIYqeezhBFm0Kia0kS0EYP21EUTHo2K9FFqDh6OPkJH9jbNkeysbE0D8X,3.130377,6.364498,18.392235,0,1806000,23.429828,Interactive,1,1.75
477000,acNe1yiWIYqeezhBFm0Kia0kS0EYP21EUTHo2K9FFqDh6OPkJH9jbNkeysbE0D8X,2.783958,3.417445,3.92604,0,1806000,23.429828,Interactive,1,1.75
477300,acNe1yiWIYqeezhBFm0Kia0kS0EYP21EUTHo2K9FFqDh6OPkJH9jbNkeysbE0D8X,3.078722,3.441459,3.857958,0,1806000,23.429828,Interactive,1,1.75
477600,acNe1yiWIYqeezhBFm0Kia0kS0EYP21EUTHo2K9FFqDh6OPkJH9jbNkeysbE0D8X,2.817733,3.285425,3.756428,0,1806000,23.429828,Interactive,1,1.75
477900,acNe1yiWIYqeezhBFm0Kia0kS0EYP21EUTHo2K9FFqDh6OPkJH9jbNkeysbE0D8X,2.921424,3.548038,4.225494,0,1806000,23.429828,Interactive,1,1.75
478200,acNe1yiWIYqeezhBFm0Kia0kS0EYP21EUTHo2K9FFqDh6OPkJH9jbNkeysbE0D8X,2.675911,3.26631,3.882844,0,1806000,23.429828,Interactive,1,1.75
478500,acNe1yiWIYqeezhBFm0Kia0kS0EYP21EUTHo2K9FFqDh6OPkJH9jbNkeysbE0D8X,3.028479,3.538086,4.67742,0,1806000,23.429828,Interactive,1,1.75
478800,acNe1yiWIYqeezhBFm0Kia0kS0EYP21EUTHo2K9FFqDh6OPkJH9jbNkeysbE0D8X,2.90764,3.4054660000000005,3.950375,0,1806000,23.429828,Interactive,1,1.75
479100,acNe1yiWIYqeezhBFm0Kia0kS0EYP21EUTHo2K9FFqDh6OPkJH9jbNkeysbE0D8X,2.798381,4.586215,8.207583,0,1806000,23.429828,Interactive,1,1.75
479400,acNe1yiWIYqeezhBFm0Kia0kS0EYP21EUTHo2K9FFqDh6OPkJH9jbNkeysbE0D8X,2.945679,3.486686,4.26253,0,1806000,23.429828,Interactive,1,1.75
479700,acNe1yiWIYqeezhBFm0Kia0kS0EYP21EUTHo2K9FFqDh6OPkJH9jbNkeysbE0D8X,2.839179,3.453844,4.233954,0,1806000,23.429828,Interactive,1,1.75
480000,acNe1yiWIYqeezhBFm0Kia0kS0EYP21EUTHo2K9FFqDh6OPkJH9jbNkeysbE0D8X,3.120011,3.41466,4.420614,0,1806000,23.429828,Interactive,1,1.75
480300,acNe1yiWIYqeezhBFm0Kia0kS0EYP21EUTHo2K9FFqDh6OPkJH9jbNkeysbE0D8X,2.873503,3.4755300000000005,4.887512,0,1806000,23.429828,Interactive,1,1.75
480600,acNe1yiWIYqeezhBFm0Kia0kS0EYP21EUTHo2K9FFqDh6OPkJH9jbNkeysbE0D8X,3.075501,3.4282190000000003,4.096803,0,1806000,23.429828,Interactive,1,1.75
480900,acNe1yiWIYqeezhBFm0Kia0kS0EYP21EUTHo2K9FFqDh6OPkJH9jbNkeysbE0D8X,3.078432,3.415026,4.354684,0,1806000,23.429828,Interactive,1,1.75
481200,acNe1yiWIYqeezhBFm0Kia0kS0EYP21EUTHo2K9FFqDh6OPkJH9jbNkeysbE0D8X,2.963384,3.5619970000000003,4.6934,0,1806000,23.429828,Interactive,1,1.75
481500,acNe1yiWIYqeezhBFm0Kia0kS0EYP21EUTHo2K9FFqDh6OPkJH9jbNkeysbE0D8X,3.042222,3.4552660000000004,3.99009,0,1806000,23.429828,Interactive,1,1.75
481800,acNe1yiWIYqeezhBFm0Kia0kS0EYP21EUTHo2K9FFqDh6OPkJH9jbNkeysbE0D8X,2.736666,3.296902,4.431533,0,1806000,23.429828,Interactive,1,1.75
482100,acNe1yiWIYqeezhBFm0Kia0kS0EYP21EUTHo2K9FFqDh6OPkJH9jbNkeysbE0D8X,2.960472,3.428947,4.494265,0,1806000,23.429828,Interactive,1,1.75
482400,acNe1yiWIYqeezhBFm0Kia0kS0EYP21EUTHo2K9FFqDh6OPkJH9jbNkeysbE0D8X,2.791852,3.3849089999999995,4.0514410000000005,0,1806000,23.429828,Interactive,1,1.75
482700,acNe1yiWIYqeezhBFm0Kia0kS0EYP21EUTHo2K9FFqDh6OPkJH9jbNkeysbE0D8X,2.959145,4.623319,7.883438000000001,0,1806000,23.429828,Interactive,1,1.75
483000,acNe1yiWIYqeezhBFm0Kia0kS0EYP21EUTHo2K9FFqDh6OPkJH9jbNkeysbE0D8X,3.148197,3.491529,4.65192,0,1806000,23.429828,Interactive,1,1.75
483300,acNe1yiWIYqeezhBFm0Kia0kS0EYP21EUTHo2K9FFqDh6OPkJH9jbNkeysbE0D8X,3.160997,3.540014,4.175608,0,1806000,23.429828,Interactive,1,1.75
483600,acNe1yiWIYqeezhBFm0Kia0kS0EYP21EUTHo2K9FFqDh6OPkJH9jbNkeysbE0D8X,3.118778,3.391461,4.222816000000001,0,1806000,23.429828,Interactive,1,1.75
483900,acNe1yiWIYqeezhBFm0Kia0kS0EYP21EUTHo2K9FFqDh6OPkJH9jbNkeysbE0D8X,3.060962,7.992512,24.762578,0,1806000,23.429828,Interactive,1,1.75
484200,acNe1yiWIYqeezhBFm0Kia0kS0EYP21EUTHo2K9FFqDh6OPkJH9jbNkeysbE0D8X,3.155171,3.568431,4.211288,0,1806000,23.429828,Interactive,1,1.75
484500,acNe1yiWIYqeezhBFm0Kia0kS0EYP21EUTHo2K9FFqDh6OPkJH9jbNkeysbE0D8X,2.863706,3.4369120000000004,4.635458,0,1806000,23.429828,Interactive,1,1.75
484800,acNe1yiWIYqeezhBFm0Kia0kS0EYP21EUTHo2K9FFqDh6OPkJH9jbNkeysbE0D8X,3.129866,3.5824230000000004,4.76549,0,1806000,23.429828,Interactive,1,1.75
485100,acNe1yiWIYqeezhBFm0Kia0kS0EYP21EUTHo2K9FFqDh6OPkJH9jbNkeysbE0D8X,2.906809,3.4731970000000003,4.064146,0,1806000,23.429828,Interactive,1,1.75
485400,acNe1yiWIYqeezhBFm0Kia0kS0EYP21EUTHo2K9FFqDh6OPkJH9jbNkeysbE0D8X,3.144114,3.456039,4.420833999999999,0,1806000,23.429828,Interactive,1,1.75
485700,acNe1yiWIYqeezhBFm0Kia0kS0EYP21EUTHo2K9FFqDh6OPkJH9jbNkeysbE0D8X,2.755637,3.443204,4.7427150000000005,0,1806000,23.429828,Interactive,1,1.75
486000,acNe1yiWIYqeezhBFm0Kia0kS0EYP21EUTHo2K9FFqDh6OPkJH9jbNkeysbE0D8X,3.187547,3.534297,4.164884,0,1806000,23.429828,Interactive,1,1.75
486300,acNe1yiWIYqeezhBFm0Kia0kS0EYP21EUTHo2K9FFqDh6OPkJH9jbNkeysbE0D8X,3.08365,4.537108,7.649767,0,1806000,23.429828,Interactive,1,1.75
486600,acNe1yiWIYqeezhBFm0Kia0kS0EYP21EUTHo2K9FFqDh6OPkJH9jbNkeysbE0D8X,3.144123,3.735425,6.236962,0,1806000,23.429828,Interactive,1,1.75
486900,acNe1yiWIYqeezhBFm0Kia0kS0EYP21EUTHo2K9FFqDh6OPkJH9jbNkeysbE0D8X,3.113275,3.502986,4.072223,0,1806000,23.429828,Interactive,1,1.75
487200,acNe1yiWIYqeezhBFm0Kia0kS0EYP21EUTHo2K9FFqDh6OPkJH9jbNkeysbE0D8X,3.068596,3.376458,4.437085,0,1806000,23.429828,Interactive,1,1.75
487500,acNe1yiWIYqeezhBFm0Kia0kS0EYP21EUTHo2K9FFqDh6OPkJH9jbNkeysbE0D8X,3.122224,3.614557,5.257704,0,1806000,23.429828,Interactive,1,1.75
487800,acNe1yiWIYqeezhBFm0Kia0kS0EYP21EUTHo2K9FFqDh6OPkJH9jbNkeysbE0D8X,2.91317,3.483572,4.166799,0,1806000,23.429828,Interactive,1,1.75
488100,acNe1yiWIYqeezhBFm0Kia0kS0EYP21EUTHo2K9FFqDh6OPkJH9jbNkeysbE0D8X,3.144684,3.434566,4.3736440000000005,0,1806000,23.429828,Interactive,1,1.75
488400,acNe1yiWIYqeezhBFm0Kia0kS0EYP21EUTHo2K9FFqDh6OPkJH9jbNkeysbE0D8X,2.804509,3.463739,4.753526,0,1806000,23.429828,Interactive,1,1.75
488700,acNe1yiWIYqeezhBFm0Kia0kS0EYP21EUTHo2K9FFqDh6OPkJH9jbNkeysbE0D8X,2.704029,3.499007,4.108611,0,1806000,23.429828,Interactive,1,1.75
489000,acNe1yiWIYqeezhBFm0Kia0kS0EYP21EUTHo2K9FFqDh6OPkJH9jbNkeysbE0D8X,3.091805,3.391275,4.231145,0,1806000,23.429828,Interactive,1,1.75
489300,acNe1yiWIYqeezhBFm0Kia0kS0EYP21EUTHo2K9FFqDh6OPkJH9jbNkeysbE0D8X,2.724962,3.49007,4.72193,0,1806000,23.429828,Interactive,1,1.75
489600,acNe1yiWIYqeezhBFm0Kia0kS0EYP21EUTHo2K9FFqDh6OPkJH9jbNkeysbE0D8X,3.118602,3.463574,3.946554,0,1806000,23.429828,Interactive,1,1.75
489900,acNe1yiWIYqeezhBFm0Kia0kS0EYP21EUTHo2K9FFqDh6OPkJH9jbNkeysbE0D8X,2.626403,3.311663,4.515863,0,1806000,23.429828,Interactive,1,1.75
490200,acNe1yiWIYqeezhBFm0Kia0kS0EYP21EUTHo2K9FFqDh6OPkJH9jbNkeysbE0D8X,3.04275,5.186109,7.802144,0,1806000,23.429828,Interactive,1,1.75
490500,acNe1yiWIYqeezhBFm0Kia0kS0EYP21EUTHo2K9FFqDh6OPkJH9jbNkeysbE0D8X,2.897001,3.453328,4.036504,0,1806000,23.429828,Interactive,1,1.75
490800,acNe1yiWIYqeezhBFm0Kia0kS0EYP21EUTHo2K9FFqDh6OPkJH9jbNkeysbE0D8X,3.149497,3.452242,4.3389,0,1806000,23.429828,Interactive,1,1.75
491100,acNe1yiWIYqeezhBFm0Kia0kS0EYP21EUTHo2K9FFqDh6OPkJH9jbNkeysbE0D8X,3.115584,3.692819,4.791366,0,1806000,23.429828,Interactive,1,1.75
491400,acNe1yiWIYqeezhBFm0Kia0kS0EYP21EUTHo2K9FFqDh6OPkJH9jbNkeysbE0D8X,3.104674,3.496311,4.0720160000000005,0,1806000,23.429828,Interactive,1,1.75
491700,acNe1yiWIYqeezhBFm0Kia0kS0EYP21EUTHo2K9FFqDh6OPkJH9jbNkeysbE0D8X,2.80532,3.294656,4.072161,0,1806000,23.429828,Interactive,1,1.75
492000,acNe1yiWIYqeezhBFm0Kia0kS0EYP21EUTHo2K9FFqDh6OPkJH9jbNkeysbE0D8X,2.834827,3.575967,4.571683999999999,0,1806000,23.429828,Interactive,1,1.75
492300,acNe1yiWIYqeezhBFm0Kia0kS0EYP21EUTHo2K9FFqDh6OPkJH9jbNkeysbE0D8X,3.199551,3.557882,4.184426,0,1806000,23.429828,Interactive,1,1.75
492600,acNe1yiWIYqeezhBFm0Kia0kS0EYP21EUTHo2K9FFqDh6OPkJH9jbNkeysbE0D8X,3.024091,3.348679,4.29315,0,1806000,23.429828,Interactive,1,1.75
492900,acNe1yiWIYqeezhBFm0Kia0kS0EYP21EUTHo2K9FFqDh6OPkJH9jbNkeysbE0D8X,3.124975,3.5723480000000003,4.670489,0,1806000,23.429828,Interactive,1,1.75
493200,acNe1yiWIYqeezhBFm0Kia0kS0EYP21EUTHo2K9FFqDh6OPkJH9jbNkeysbE0D8X,2.75427,3.421396,3.975401,0,1806000,23.429828,Interactive,1,1.75
493500,acNe1yiWIYqeezhBFm0Kia0kS0EYP21EUTHo2K9FFqDh6OPkJH9jbNkeysbE0D8X,3.142448,3.477095,4.347404,0,1806000,23.429828,Interactive,1,1.75
493800,acNe1yiWIYqeezhBFm0Kia0kS0EYP21EUTHo2K9FFqDh6OPkJH9jbNkeysbE0D8X,2.897361,4.987546,8.494499000000001,0,1806000,23.429828,Interactive,1,1.75
494100,acNe1yiWIYqeezhBFm0Kia0kS0EYP21EUTHo2K9FFqDh6OPkJH9jbNkeysbE0D8X,2.734989,3.505268,4.059175,0,1806000,23.429828,Interactive,1,1.75
494400,acNe1yiWIYqeezhBFm0Kia0kS0EYP21EUTHo2K9FFqDh6OPkJH9jbNkeysbE0D8X,3.029394,3.382058,4.105462999999999,0,1806000,23.429828,Interactive,1,1.75
494700,acNe1yiWIYqeezhBFm0Kia0kS0EYP21EUTHo2K9FFqDh6OPkJH9jbNkeysbE0D8X,3.031129,5.471245,15.684046,0,1806000,23.429828,Interactive,1,1.75
495000,acNe1yiWIYqeezhBFm0Kia0kS0EYP21EUTHo2K9FFqDh6OPkJH9jbNkeysbE0D8X,3.156596,3.581108,4.1440980000000005,0,1806000,23.429828,Interactive,1,1.75
495300,acNe1yiWIYqeezhBFm0Kia0kS0EYP21EUTHo2K9FFqDh6OPkJH9jbNkeysbE0D8X,2.961837,3.286068,4.3094730000000006,0,1806000,23.429828,Interactive,1,1.75
495600,acNe1yiWIYqeezhBFm0Kia0kS0EYP21EUTHo2K9FFqDh6OPkJH9jbNkeysbE0D8X,3.182643,3.572916,4.493012,0,1806000,23.429828,Interactive,1,1.75
495900,acNe1yiWIYqeezhBFm0Kia0kS0EYP21EUTHo2K9FFqDh6OPkJH9jbNkeysbE0D8X,2.814191,3.522272,4.164321,0,1806000,23.429828,Interactive,1,1.75
496200,acNe1yiWIYqeezhBFm0Kia0kS0EYP21EUTHo2K9FFqDh6OPkJH9jbNkeysbE0D8X,3.107202,3.422281,4.331535,0,1806000,23.429828,Interactive,1,1.75
496500,acNe1yiWIYqeezhBFm0Kia0kS0EYP21EUTHo2K9FFqDh6OPkJH9jbNkeysbE0D8X,2.93923,3.4169,4.545914,0,1806000,23.429828,Interactive,1,1.75
496800,acNe1yiWIYqeezhBFm0Kia0kS0EYP21EUTHo2K9FFqDh6OPkJH9jbNkeysbE0D8X,3.0312330000000003,3.492706,4.128817,0,1806000,23.429828,Interactive,1,1.75
497100,acNe1yiWIYqeezhBFm0Kia0kS0EYP21EUTHo2K9FFqDh6OPkJH9jbNkeysbE0D8X,2.977068,3.34944,4.075531,0,1806000,23.429828,Interactive,1,1.75
497400,acNe1yiWIYqeezhBFm0Kia0kS0EYP21EUTHo2K9FFqDh6OPkJH9jbNkeysbE0D8X,3.162935,4.649185,7.710246000000001,0,1806000,23.429828,Interactive,1,1.75
497700,acNe1yiWIYqeezhBFm0Kia0kS0EYP21EUTHo2K9FFqDh6OPkJH9jbNkeysbE0D8X,3.066217,3.616774,5.242133,0,1806000,23.429828,Interactive,1,1.75
498000,acNe1yiWIYqeezhBFm0Kia0kS0EYP21EUTHo2K9FFqDh6OPkJH9jbNkeysbE0D8X,2.996216,3.353985,4.385589,0,1806000,23.429828,Interactive,1,1.75
498300,acNe1yiWIYqeezhBFm0Kia0kS0EYP21EUTHo2K9FFqDh6OPkJH9jbNkeysbE0D8X,3.040149,17.319948999999998,98.826901,0,1806000,23.429828,Interactive,1,1.75
498600,acNe1yiWIYqeezhBFm0Kia0kS0EYP21EUTHo2K9FFqDh6OPkJH9jbNkeysbE0D8X,2.753234,3.4245330000000003,3.989536,0,1806000,23.429828,Interactive,1,1.75
498900,acNe1yiWIYqeezhBFm0Kia0kS0EYP21EUTHo2K9FFqDh6OPkJH9jbNkeysbE0D8X,2.962741,3.399484,4.271878,0,1806000,23.429828,Interactive,1,1.75
499200,acNe1yiWIYqeezhBFm0Kia0kS0EYP21EUTHo2K9FFqDh6OPkJH9jbNkeysbE0D8X,2.93562,3.447328,4.513461,0,1806000,23.429828,Interactive,1,1.75
499500,acNe1yiWIYqeezhBFm0Kia0kS0EYP21EUTHo2K9FFqDh6OPkJH9jbNkeysbE0D8X,3.045651,3.482708,4.030035,0,1806000,23.429828,Interactive,1,1.75
499800,acNe1yiWIYqeezhBFm0Kia0kS0EYP21EUTHo2K9FFqDh6OPkJH9jbNkeysbE0D8X,3.210128,3.464193,4.335285,0,1806000,23.429828,Interactive,1,1.75
500100,acNe1yiWIYqeezhBFm0Kia0kS0EYP21EUTHo2K9FFqDh6OPkJH9jbNkeysbE0D8X,3.150897,3.601464,4.545482,0,1806000,23.429828,Interactive,1,1.75
500400,acNe1yiWIYqeezhBFm0Kia0kS0EYP21EUTHo2K9FFqDh6OPkJH9jbNkeysbE0D8X,3.206892,3.596918,4.079076000000001,0,1806000,23.429828,Interactive,1,1.75
500700,acNe1yiWIYqeezhBFm0Kia0kS0EYP21EUTHo2K9FFqDh6OPkJH9jbNkeysbE0D8X,2.857212,3.398942,4.474121,0,1806000,23.429828,Interactive,1,1.75
501000,acNe1yiWIYqeezhBFm0Kia0kS0EYP21EUTHo2K9FFqDh6OPkJH9jbNkeysbE0D8X,3.107958,3.4971660000000004,4.305197,0,1806000,23.429828,Interactive,1,1.75
501300,acNe1yiWIYqeezhBFm0Kia0kS0EYP21EUTHo2K9FFqDh6OPkJH9jbNkeysbE0D8X,3.039766,4.8011610000000005,8.717094,0,1806000,23.429828,Interactive,1,1.75
501600,acNe1yiWIYqeezhBFm0Kia0kS0EYP21EUTHo2K9FFqDh6OPkJH9jbNkeysbE0D8X,3.084129,3.403628,4.384375,0,1806000,23.429828,Interactive,1,1.75
501900,acNe1yiWIYqeezhBFm0Kia0kS0EYP21EUTHo2K9FFqDh6OPkJH9jbNkeysbE0D8X,3.165181,3.479598,4.28245,0,1806000,23.429828,Interactive,1,1.75
502200,acNe1yiWIYqeezhBFm0Kia0kS0EYP21EUTHo2K9FFqDh6OPkJH9jbNkeysbE0D8X,3.077999,3.485449,3.795566,0,1806000,23.429828,Interactive,1,1.75
502500,acNe1yiWIYqeezhBFm0Kia0kS0EYP21EUTHo2K9FFqDh6OPkJH9jbNkeysbE0D8X,2.855119,3.3294550000000003,4.148141000000001,0,1806000,23.429828,Interactive,1,1.75
502800,acNe1yiWIYqeezhBFm0Kia0kS0EYP21EUTHo2K9FFqDh6OPkJH9jbNkeysbE0D8X,2.860594,3.4340870000000003,4.540208,0,1806000,23.429828,Interactive,1,1.75
503100,acNe1yiWIYqeezhBFm0Kia0kS0EYP21EUTHo2K9FFqDh6OPkJH9jbNkeysbE0D8X,2.847651,3.433749,4.189,0,1806000,23.429828,Interactive,1,1.75
503400,acNe1yiWIYqeezhBFm0Kia0kS0EYP21EUTHo2K9FFqDh6OPkJH9jbNkeysbE0D8X,2.754818,3.187946,3.607654,0,1806000,23.429828,Interactive,1,1.75
503700,acNe1yiWIYqeezhBFm0Kia0kS0EYP21EUTHo2K9FFqDh6OPkJH9jbNkeysbE0D8X,3.066272,3.42987,3.965746,0,1806000,23.429828,Interactive,1,1.75
504000,acNe1yiWIYqeezhBFm0Kia0kS0EYP21EUTHo2K9FFqDh6OPkJH9jbNkeysbE0D8X,2.966357,3.379367,4.069669,0,1806000,23.429828,Interactive,1,1.75
504300,acNe1yiWIYqeezhBFm0Kia0kS0EYP21EUTHo2K9FFqDh6OPkJH9jbNkeysbE0D8X,3.142272,3.471233,4.648919,0,1806000,23.429828,Interactive,1,1.75
504600,acNe1yiWIYqeezhBFm0Kia0kS0EYP21EUTHo2K9FFqDh6OPkJH9jbNkeysbE0D8X,3.071815,3.391997,3.923898,0,1806000,23.429828,Interactive,1,1.75
504900,acNe1yiWIYqeezhBFm0Kia0kS0EYP21EUTHo2K9FFqDh6OPkJH9jbNkeysbE0D8X,3.085115,4.771833999999999,8.263128,0,1806000,23.429828,Interactive,1,1.75
505200,acNe1yiWIYqeezhBFm0Kia0kS0EYP21EUTHo2K9FFqDh6OPkJH9jbNkeysbE0D8X,3.081286,3.43275,4.615556,0,1806000,23.429828,Interactive,1,1.75
505500,acNe1yiWIYqeezhBFm0Kia0kS0EYP21EUTHo2K9FFqDh6OPkJH9jbNkeysbE0D8X,3.384833,5.488698,16.621589999999998,0,1806000,23.429828,Interactive,1,1.75
505800,acNe1yiWIYqeezhBFm0Kia0kS0EYP21EUTHo2K9FFqDh6OPkJH9jbNkeysbE0D8X,3.182243,3.799994,4.438788,0,1806000,23.429828,Interactive,1,1.75
506100,acNe1yiWIYqeezhBFm0Kia0kS0EYP21EUTHo2K9FFqDh6OPkJH9jbNkeysbE0D8X,3.1639150000000003,3.581149,3.930203,0,1806000,23.429828,Interactive,1,1.75
506400,acNe1yiWIYqeezhBFm0Kia0kS0EYP21EUTHo2K9FFqDh6OPkJH9jbNkeysbE0D8X,3.145783,3.83226,5.603092,0,1806000,23.429828,Interactive,1,1.75
506700,acNe1yiWIYqeezhBFm0Kia0kS0EYP21EUTHo2K9FFqDh6OPkJH9jbNkeysbE0D8X,2.98797,3.463575,3.926724,0,1806000,23.429828,Interactive,1,1.75
507000,acNe1yiWIYqeezhBFm0Kia0kS0EYP21EUTHo2K9FFqDh6OPkJH9jbNkeysbE0D8X,3.167287,3.451685,4.6210580000000006,0,1806000,23.429828,Interactive,1,1.75
507300,acNe1yiWIYqeezhBFm0Kia0kS0EYP21EUTHo2K9FFqDh6OPkJH9jbNkeysbE0D8X,2.996635,3.4624370000000004,4.179143,0,1806000,23.429828,Interactive,1,1.75
507600,acNe1yiWIYqeezhBFm0Kia0kS0EYP21EUTHo2K9FFqDh6OPkJH9jbNkeysbE0D8X,3.145416,4.243896,11.341437,0,1806000,23.429828,Interactive,1,1.75
507900,acNe1yiWIYqeezhBFm0Kia0kS0EYP21EUTHo2K9FFqDh6OPkJH9jbNkeysbE0D8X,3.009105,3.363691,4.299531,0,1806000,23.429828,Interactive,1,1.75
508200,acNe1yiWIYqeezhBFm0Kia0kS0EYP21EUTHo2K9FFqDh6OPkJH9jbNkeysbE0D8X,3.1406080000000003,3.46809,4.457683,0,1806000,23.429828,Interactive,1,1.75
508500,acNe1yiWIYqeezhBFm0Kia0kS0EYP21EUTHo2K9FFqDh6OPkJH9jbNkeysbE0D8X,2.951317,4.820577,7.925624000000001,0,1806000,23.429828,Interactive,1,1.75
508800,acNe1yiWIYqeezhBFm0Kia0kS0EYP21EUTHo2K9FFqDh6OPkJH9jbNkeysbE0D8X,2.928726,3.259145,3.5284949999999995,0,1806000,23.429828,Interactive,1,1.75
509100,acNe1yiWIYqeezhBFm0Kia0kS0EYP21EUTHo2K9FFqDh6OPkJH9jbNkeysbE0D8X,3.138588,5.187746,18.899169,0,1806000,23.429828,Interactive,1,1.75
509400,acNe1yiWIYqeezhBFm0Kia0kS0EYP21EUTHo2K9FFqDh6OPkJH9jbNkeysbE0D8X,2.914474,3.375795,3.940399,0,1806000,23.429828,Interactive,1,1.75
509700,acNe1yiWIYqeezhBFm0Kia0kS0EYP21EUTHo2K9FFqDh6OPkJH9jbNkeysbE0D8X,3.176098,3.471133,4.669157,0,1806000,23.429828,Interactive,1,1.75
510000,acNe1yiWIYqeezhBFm0Kia0kS0EYP21EUTHo2K9FFqDh6OPkJH9jbNkeysbE0D8X,3.130864,3.478733,4.151871,0,1806000,23.429828,Interactive,1,1.75
510300,acNe1yiWIYqeezhBFm0Kia0kS0EYP21EUTHo2K9FFqDh6OPkJH9jbNkeysbE0D8X,3.171595,4.562674,14.400776,0,1806000,23.429828,Interactive,1,1.75
510600,acNe1yiWIYqeezhBFm0Kia0kS0EYP21EUTHo2K9FFqDh6OPkJH9jbNkeysbE0D8X,2.95365,3.273156,4.283019,0,1806000,23.429828,Interactive,1,1.75
510900,acNe1yiWIYqeezhBFm0Kia0kS0EYP21EUTHo2K9FFqDh6OPkJH9jbNkeysbE0D8X,3.050065,3.4130550000000004,4.286984,0,1806000,23.429828,Interactive,1,1.75
511200,acNe1yiWIYqeezhBFm0Kia0kS0EYP21EUTHo2K9FFqDh6OPkJH9jbNkeysbE0D8X,3.084617,3.494136,4.096784,0,1806000,23.429828,Interactive,1,1.75
511500,acNe1yiWIYqeezhBFm0Kia0kS0EYP21EUTHo2K9FFqDh6OPkJH9jbNkeysbE0D8X,2.994953,3.30857,3.745763,0,1806000,23.429828,Interactive,1,1.75
511800,acNe1yiWIYqeezhBFm0Kia0kS0EYP21EUTHo2K9FFqDh6OPkJH9jbNkeysbE0D8X,3.147493,3.961175,5.618975,0,1806000,23.429828,Interactive,1,1.75
512100,acNe1yiWIYqeezhBFm0Kia0kS0EYP21EUTHo2K9FFqDh6OPkJH9jbNkeysbE0D8X,2.850316,3.741704,8.017896,0,1806000,23.429828,Interactive,1,1.75
512400,acNe1yiWIYqeezhBFm0Kia0kS0EYP21EUTHo2K9FFqDh6OPkJH9jbNkeysbE0D8X,3.193738,4.414342,7.994974000000001,0,1806000,23.429828,Interactive,1,1.75
512700,acNe1yiWIYqeezhBFm0Kia0kS0EYP21EUTHo2K9FFqDh6OPkJH9jbNkeysbE0D8X,3.0374830000000004,5.26282,20.065111,0,1806000,23.429828,Interactive,1,1.75
513000,acNe1yiWIYqeezhBFm0Kia0kS0EYP21EUTHo2K9FFqDh6OPkJH9jbNkeysbE0D8X,3.069504,4.521287999999999,14.282695,0,1806000,23.429828,Interactive,1,1.75
513300,acNe1yiWIYqeezhBFm0Kia0kS0EYP21EUTHo2K9FFqDh6OPkJH9jbNkeysbE0D8X,2.839947,3.241995,4.239787000000001,0,1806000,23.429828,Interactive,1,1.75
513600,acNe1yiWIYqeezhBFm0Kia0kS0EYP21EUTHo2K9FFqDh6OPkJH9jbNkeysbE0D8X,3.146186,3.679576,4.536117,0,1806000,23.429828,Interactive,1,1.75
513900,acNe1yiWIYqeezhBFm0Kia0kS0EYP21EUTHo2K9FFqDh6OPkJH9jbNkeysbE0D8X,2.840652,4.182583,10.643307,0,1806000,23.429828,Interactive,1,1.75
514200,acNe1yiWIYqeezhBFm0Kia0kS0EYP21EUTHo2K9FFqDh6OPkJH9jbNkeysbE0D8X,2.970414,5.119583,12.763866,0,1806000,23.429828,Interactive,1,1.75
514500,acNe1yiWIYqeezhBFm0Kia0kS0EYP21EUTHo2K9FFqDh6OPkJH9jbNkeysbE0D8X,3.231046,3.686787,4.7057720000000005,0,1806000,23.429828,Interactive,1,1.75
514800,acNe1yiWIYqeezhBFm0Kia0kS0EYP21EUTHo2K9FFqDh6OPkJH9jbNkeysbE0D8X,3.060134,3.434967,3.977912,0,1806000,23.429828,Interactive,1,1.75
515100,acNe1yiWIYqeezhBFm0Kia0kS0EYP21EUTHo2K9FFqDh6OPkJH9jbNkeysbE0D8X,3.02017,3.4427730000000003,4.619187,0,1806000,23.429828,Interactive,1,1.75
515400,acNe1yiWIYqeezhBFm0Kia0kS0EYP21EUTHo2K9FFqDh6OPkJH9jbNkeysbE0D8X,2.970796,3.3612370000000005,3.913258,0,1806000,23.429828,Interactive,1,1.75
515700,acNe1yiWIYqeezhBFm0Kia0kS0EYP21EUTHo2K9FFqDh6OPkJH9jbNkeysbE0D8X,3.192688,4.650384,14.971257,0,1806000,23.429828,Interactive,1,1.75
516000,acNe1yiWIYqeezhBFm0Kia0kS0EYP21EUTHo2K9FFqDh6OPkJH9jbNkeysbE0D8X,3.169563,4.813896,7.904919,0,1806000,23.429828,Interactive,1,1.75
516300,acNe1yiWIYqeezhBFm0Kia0kS0EYP21EUTHo2K9FFqDh6OPkJH9jbNkeysbE0D8X,3.120984,9.103525,58.335795,0,1806000,23.429828,Interactive,1,1.75
516600,acNe1yiWIYqeezhBFm0Kia0kS0EYP21EUTHo2K9FFqDh6OPkJH9jbNkeysbE0D8X,2.980902,3.504316,4.126074,0,1806000,23.429828,Interactive,1,1.75
516900,acNe1yiWIYqeezhBFm0Kia0kS0EYP21EUTHo2K9FFqDh6OPkJH9jbNkeysbE0D8X,3.210587,3.330147,3.675752,0,1806000,23.429828,Interactive,1,1.75
517200,acNe1yiWIYqeezhBFm0Kia0kS0EYP21EUTHo2K9FFqDh6OPkJH9jbNkeysbE0D8X,3.065657,3.550508,4.592434,0,1806000,23.429828,Interactive,1,1.75
517500,acNe1yiWIYqeezhBFm0Kia0kS0EYP21EUTHo2K9FFqDh6OPkJH9jbNkeysbE0D8X,2.747617,3.29314,3.800374,0,1806000,23.429828,Interactive,1,1.75
517800,acNe1yiWIYqeezhBFm0Kia0kS0EYP21EUTHo2K9FFqDh6OPkJH9jbNkeysbE0D8X,3.050719,3.345057,4.695444999999999,0,1806000,23.429828,Interactive,1,1.75
518100,acNe1yiWIYqeezhBFm0Kia0kS0EYP21EUTHo2K9FFqDh6OPkJH9jbNkeysbE0D8X,2.612529,3.299772,3.898355000000001,0,1806000,23.429828,Interactive,1,1.75
518400,acNe1yiWIYqeezhBFm0Kia0kS0EYP21EUTHo2K9FFqDh6OPkJH9jbNkeysbE0D8X,3.058135,3.4264,4.014336,0,1806000,23.429828,Interactive,1,1.75
518700,acNe1yiWIYqeezhBFm0Kia0kS0EYP21EUTHo2K9FFqDh6OPkJH9jbNkeysbE0D8X,2.742583,3.248387,4.100077,0,1806000,23.429828,Interactive,1,1.75
519000,acNe1yiWIYqeezhBFm0Kia0kS0EYP21EUTHo2K9FFqDh6OPkJH9jbNkeysbE0D8X,3.115098,3.476307,4.258212,0,1806000,23.429828,Interactive,1,1.75
519300,acNe1yiWIYqeezhBFm0Kia0kS0EYP21EUTHo2K9FFqDh6OPkJH9jbNkeysbE0D8X,2.822796,3.363852,4.081007,0,1806000,23.429828,Interactive,1,1.75
519600,acNe1yiWIYqeezhBFm0Kia0kS0EYP21EUTHo2K9FFqDh6OPkJH9jbNkeysbE0D8X,2.619533,5.071112,9.438694,0,1806000,23.429828,Interactive,1,1.75
519900,acNe1yiWIYqeezhBFm0Kia0kS0EYP21EUTHo2K9FFqDh6OPkJH9jbNkeysbE0D8X,3.382568,9.686782,25.04435,0,1806000,23.429828,Interactive,1,1.75
520200,acNe1yiWIYqeezhBFm0Kia0kS0EYP21EUTHo2K9FFqDh6OPkJH9jbNkeysbE0D8X,2.57052,3.482508,4.0095,0,1806000,23.429828,Interactive,1,1.75
520500,acNe1yiWIYqeezhBFm0Kia0kS0EYP21EUTHo2K9FFqDh6OPkJH9jbNkeysbE0D8X,3.198216,3.609945,4.85686,0,1806000,23.429828,Interactive,1,1.75
520800,acNe1yiWIYqeezhBFm0Kia0kS0EYP21EUTHo2K9FFqDh6OPkJH9jbNkeysbE0D8X,2.566672,3.438036,4.5680190000000005,0,1806000,23.429828,Interactive,1,1.75
521100,acNe1yiWIYqeezhBFm0Kia0kS0EYP21EUTHo2K9FFqDh6OPkJH9jbNkeysbE0D8X,3.0631470000000003,3.503078,4.025654,0,1806000,23.429828,Interactive,1,1.75
521400,acNe1yiWIYqeezhBFm0Kia0kS0EYP21EUTHo2K9FFqDh6OPkJH9jbNkeysbE0D8X,2.9043240000000003,3.3381730000000003,4.337027,0,1806000,23.429828,Interactive,1,1.75
521700,acNe1yiWIYqeezhBFm0Kia0kS0EYP21EUTHo2K9FFqDh6OPkJH9jbNkeysbE0D8X,3.130665,7.534345,40.420665,0,1806000,23.429828,Interactive,1,1.75
522000,acNe1yiWIYqeezhBFm0Kia0kS0EYP21EUTHo2K9FFqDh6OPkJH9jbNkeysbE0D8X,2.592344,3.4919620000000005,4.122276,0,1806000,23.429828,Interactive,1,1.75
522300,acNe1yiWIYqeezhBFm0Kia0kS0EYP21EUTHo2K9FFqDh6OPkJH9jbNkeysbE0D8X,2.636141,3.351803,3.766576,0,1806000,23.429828,Interactive,1,1.75
522600,acNe1yiWIYqeezhBFm0Kia0kS0EYP21EUTHo2K9FFqDh6OPkJH9jbNkeysbE0D8X,3.020471,3.60635,4.351472,0,1806000,23.429828,Interactive,1,1.75
522900,acNe1yiWIYqeezhBFm0Kia0kS0EYP21EUTHo2K9FFqDh6OPkJH9jbNkeysbE0D8X,2.612095,3.4277269999999995,4.078404,0,1806000,23.429828,Interactive,1,1.75
523200,acNe1yiWIYqeezhBFm0Kia0kS0EYP21EUTHo2K9FFqDh6OPkJH9jbNkeysbE0D8X,3.289823,4.2752300000000005,7.644487,0,1806000,23.429828,Interactive,1,1.75
523500,acNe1yiWIYqeezhBFm0Kia0kS0EYP21EUTHo2K9FFqDh6OPkJH9jbNkeysbE0D8X,2.775575,7.877824,27.041432,0,1806000,23.429828,Interactive,1,1.75
523800,acNe1yiWIYqeezhBFm0Kia0kS0EYP21EUTHo2K9FFqDh6OPkJH9jbNkeysbE0D8X,3.5521480000000003,8.379539,20.385904,0,1806000,23.429828,Interactive,1,1.75
524100,acNe1yiWIYqeezhBFm0Kia0kS0EYP21EUTHo2K9FFqDh6OPkJH9jbNkeysbE0D8X,2.669448,3.348245,4.213917,0,1806000,23.429828,Interactive,1,1.75
524400,acNe1yiWIYqeezhBFm0Kia0kS0EYP21EUTHo2K9FFqDh6OPkJH9jbNkeysbE0D8X,3.386452,8.202309,30.916426,0,1806000,23.429828,Interactive,1,1.75
524700,acNe1yiWIYqeezhBFm0Kia0kS0EYP21EUTHo2K9FFqDh6OPkJH9jbNkeysbE0D8X,2.789941,3.3766230000000004,3.969372,0,1806000,23.429828,Interactive,1,1.75
525000,acNe1yiWIYqeezhBFm0Kia0kS0EYP21EUTHo2K9FFqDh6OPkJH9jbNkeysbE0D8X,2.737043,3.249901,4.150098000000001,0,1806000,23.429828,Interactive,1,1.75
525300,acNe1yiWIYqeezhBFm0Kia0kS0EYP21EUTHo2K9FFqDh6OPkJH9jbNkeysbE0D8X,2.824128,3.5493330000000003,4.3021080000000005,0,1806000,23.429828,Interactive,1,1.75
525600,acNe1yiWIYqeezhBFm0Kia0kS0EYP21EUTHo2K9FFqDh6OPkJH9jbNkeysbE0D8X,2.614441,4.2158050000000005,12.310113,0,1806000,23.429828,Interactive,1,1.75
525900,acNe1yiWIYqeezhBFm0Kia0kS0EYP21EUTHo2K9FFqDh6OPkJH9jbNkeysbE0D8X,3.263094,3.628616000000001,4.565473,0,1806000,23.429828,Interactive,1,1.75
526200,acNe1yiWIYqeezhBFm0Kia0kS0EYP21EUTHo2K9FFqDh6OPkJH9jbNkeysbE0D8X,2.53562,3.508228,4.712217,0,1806000,23.429828,Interactive,1,1.75
526500,acNe1yiWIYqeezhBFm0Kia0kS0EYP21EUTHo2K9FFqDh6OPkJH9jbNkeysbE0D8X,3.050819,3.549429,4.211305,0,1806000,23.429828,Interactive,1,1.75
526800,acNe1yiWIYqeezhBFm0Kia0kS0EYP21EUTHo2K9FFqDh6OPkJH9jbNkeysbE0D8X,2.782837,3.36315,3.78954,0,1806000,23.429828,Interactive,1,1.75
527100,acNe1yiWIYqeezhBFm0Kia0kS0EYP21EUTHo2K9FFqDh6OPkJH9jbNkeysbE0D8X,3.181735,15.604458,84.397125,0,1806000,23.429828,Interactive,1,1.75
527400,acNe1yiWIYqeezhBFm0Kia0kS0EYP21EUTHo2K9FFqDh6OPkJH9jbNkeysbE0D8X,2.940296,4.791921,15.104411,0,1806000,23.429828,Interactive,1,1.75
527700,acNe1yiWIYqeezhBFm0Kia0kS0EYP21EUTHo2K9FFqDh6OPkJH9jbNkeysbE0D8X,3.201101,3.3979,3.629877,0,1806000,23.429828,Interactive,1,1.75
528000,acNe1yiWIYqeezhBFm0Kia0kS0EYP21EUTHo2K9FFqDh6OPkJH9jbNkeysbE0D8X,3.204182,3.602098,4.225952,0,1806000,23.429828,Interactive,1,1.75
528300,acNe1yiWIYqeezhBFm0Kia0kS0EYP21EUTHo2K9FFqDh6OPkJH9jbNkeysbE0D8X,2.925647,4.242281,12.759454,0,1806000,23.429828,Interactive,1,1.75
528600,acNe1yiWIYqeezhBFm0Kia0kS0EYP21EUTHo2K9FFqDh6OPkJH9jbNkeysbE0D8X,3.029796,3.402142,4.0007470000000005,0,1806000,23.429828,Interactive,1,1.75
528900,acNe1yiWIYqeezhBFm0Kia0kS0EYP21EUTHo2K9FFqDh6OPkJH9jbNkeysbE0D8X,2.82166,3.286561,3.959553,0,1806000,23.429828,Interactive,1,1.75
529200,acNe1yiWIYqeezhBFm0Kia0kS0EYP21EUTHo2K9FFqDh6OPkJH9jbNkeysbE0D8X,3.061921,3.462242,4.441589,0,1806000,23.429828,Interactive,1,1.75
529500,acNe1yiWIYqeezhBFm0Kia0kS0EYP21EUTHo2K9FFqDh6OPkJH9jbNkeysbE0D8X,2.633281,3.492402,4.356709,0,1806000,23.429828,Interactive,1,1.75
529800,acNe1yiWIYqeezhBFm0Kia0kS0EYP21EUTHo2K9FFqDh6OPkJH9jbNkeysbE0D8X,3.215466,3.581931,4.112232,0,1806000,23.429828,Interactive,1,1.75
530100,acNe1yiWIYqeezhBFm0Kia0kS0EYP21EUTHo2K9FFqDh6OPkJH9jbNkeysbE0D8X,2.672276,3.368104,4.459731,0,1806000,23.429828,Interactive,1,1.75
530400,acNe1yiWIYqeezhBFm0Kia0kS0EYP21EUTHo2K9FFqDh6OPkJH9jbNkeysbE0D8X,2.971649,3.502143,4.114343,0,1806000,23.429828,Interactive,1,1.75
530700,acNe1yiWIYqeezhBFm0Kia0kS0EYP21EUTHo2K9FFqDh6OPkJH9jbNkeysbE0D8X,2.792431,7.191551,21.005036,0,1806000,23.429828,Interactive,1,1.75
531000,acNe1yiWIYqeezhBFm0Kia0kS0EYP21EUTHo2K9FFqDh6OPkJH9jbNkeysbE0D8X,2.576708,4.8642650000000005,7.582496000000001,0,1806000,23.429828,Interactive,1,1.75
531300,acNe1yiWIYqeezhBFm0Kia0kS0EYP21EUTHo2K9FFqDh6OPkJH9jbNkeysbE0D8X,3.136069,3.706601,4.256697,0,1806000,23.429828,Interactive,1,1.75
531600,acNe1yiWIYqeezhBFm0Kia0kS0EYP21EUTHo2K9FFqDh6OPkJH9jbNkeysbE0D8X,2.966039,3.4200660000000003,4.068969,0,1806000,23.429828,Interactive,1,1.75
531900,acNe1yiWIYqeezhBFm0Kia0kS0EYP21EUTHo2K9FFqDh6OPkJH9jbNkeysbE0D8X,3.103601,3.4038660000000003,4.383152,0,1806000,23.429828,Interactive,1,1.75
532200,acNe1yiWIYqeezhBFm0Kia0kS0EYP21EUTHo2K9FFqDh6OPkJH9jbNkeysbE0D8X,2.9005650000000003,3.287261,4.070714,0,1806000,23.429828,Interactive,1,1.75
532500,acNe1yiWIYqeezhBFm0Kia0kS0EYP21EUTHo2K9FFqDh6OPkJH9jbNkeysbE0D8X,3.088439,3.420653,3.92643,0,1806000,23.429828,Interactive,1,1.75
532800,acNe1yiWIYqeezhBFm0Kia0kS0EYP21EUTHo2K9FFqDh6OPkJH9jbNkeysbE0D8X,3.086976,3.433878,4.451467,0,1806000,23.429828,Interactive,1,1.75
533100,acNe1yiWIYqeezhBFm0Kia0kS0EYP21EUTHo2K9FFqDh6OPkJH9jbNkeysbE0D8X,3.0185720000000003,3.445199,4.073504,0,1806000,23.429828,Interactive,1,1.75
533400,acNe1yiWIYqeezhBFm0Kia0kS0EYP21EUTHo2K9FFqDh6OPkJH9jbNkeysbE0D8X,2.624609,5.07565,12.062933,0,1806000,23.429828,Interactive,1,1.75
533700,acNe1yiWIYqeezhBFm0Kia0kS0EYP21EUTHo2K9FFqDh6OPkJH9jbNkeysbE0D8X,2.645932,3.453066,5.028631,0,1806000,23.429828,Interactive,1,1.75
534000,acNe1yiWIYqeezhBFm0Kia0kS0EYP21EUTHo2K9FFqDh6OPkJH9jbNkeysbE0D8X,3.188103,3.851712000000001,4.374218,0,1806000,23.429828,Interactive,1,1.75
534300,acNe1yiWIYqeezhBFm0Kia0kS0EYP21EUTHo2K9FFqDh6OPkJH9jbNkeysbE0D8X,2.625968,11.940306,48.520853,0,1806000,23.429828,Interactive,1,1.75
534600,acNe1yiWIYqeezhBFm0Kia0kS0EYP21EUTHo2K9FFqDh6OPkJH9jbNkeysbE0D8X,3.149178,5.255866,9.371858,0,1806000,23.429828,Interactive,1,1.75
534900,acNe1yiWIYqeezhBFm0Kia0kS0EYP21EUTHo2K9FFqDh6OPkJH9jbNkeysbE0D8X,2.657204,3.577664,4.296561,0,1806000,23.429828,Interactive,1,1.75
535200,acNe1yiWIYqeezhBFm0Kia0kS0EYP21EUTHo2K9FFqDh6OPkJH9jbNkeysbE0D8X,3.424523,3.91936,4.422643,0,1806000,23.429828,Interactive,1,1.75
535500,acNe1yiWIYqeezhBFm0Kia0kS0EYP21EUTHo2K9FFqDh6OPkJH9jbNkeysbE0D8X,2.626599,3.552645,4.351291000000001,0,1806000,23.429828,Interactive,1,1.75
535800,acNe1yiWIYqeezhBFm0Kia0kS0EYP21EUTHo2K9FFqDh6OPkJH9jbNkeysbE0D8X,3.030901,3.785034,4.656059,0,1806000,23.429828,Interactive,1,1.75
536100,acNe1yiWIYqeezhBFm0Kia0kS0EYP21EUTHo2K9FFqDh6OPkJH9jbNkeysbE0D8X,2.559692,3.474788,4.130701999999999,0,1806000,23.429828,Interactive,1,1.75
536400,acNe1yiWIYqeezhBFm0Kia0kS0EYP21EUTHo2K9FFqDh6OPkJH9jbNkeysbE0D8X,2.782853,3.212666,3.696488,0,1806000,23.429828,Interactive,1,1.75
536700,acNe1yiWIYqeezhBFm0Kia0kS0EYP21EUTHo2K9FFqDh6OPkJH9jbNkeysbE0D8X,3.126491,3.562028,4.148939,0,1806000,23.429828,Interactive,1,1.75
537000,acNe1yiWIYqeezhBFm0Kia0kS0EYP21EUTHo2K9FFqDh6OPkJH9jbNkeysbE0D8X,2.767691,3.305304,4.024531,0,1806000,23.429828,Interactive,1,1.75
537300,acNe1yiWIYqeezhBFm0Kia0kS0EYP21EUTHo2K9FFqDh6OPkJH9jbNkeysbE0D8X,3.027778,3.361594,4.338432,0,1806000,23.429828,Interactive,1,1.75
537600,acNe1yiWIYqeezhBFm0Kia0kS0EYP21EUTHo2K9FFqDh6OPkJH9jbNkeysbE0D8X,2.6905360000000003,3.266711,3.874839,0,1806000,23.429828,Interactive,1,1.75
537900,acNe1yiWIYqeezhBFm0Kia0kS0EYP21EUTHo2K9FFqDh6OPkJH9jbNkeysbE0D8X,3.19862,5.399967,21.579202,0,1806000,23.429828,Interactive,1,1.75
538200,acNe1yiWIYqeezhBFm0Kia0kS0EYP21EUTHo2K9FFqDh6OPkJH9jbNkeysbE0D8X,2.774699,4.5815980000000005,7.958091,0,1806000,23.429828,Interactive,1,1.75
538500,acNe1yiWIYqeezhBFm0Kia0kS0EYP21EUTHo2K9FFqDh6OPkJH9jbNkeysbE0D8X,2.8553490000000004,3.2977540000000003,4.074827,0,1806000,23.429828,Interactive,1,1.75
538800,acNe1yiWIYqeezhBFm0Kia0kS0EYP21EUTHo2K9FFqDh6OPkJH9jbNkeysbE0D8X,2.785164,3.4855059999999995,4.076303,0,1806000,23.429828,Interactive,1,1.75
539100,acNe1yiWIYqeezhBFm0Kia0kS0EYP21EUTHo2K9FFqDh6OPkJH9jbNkeysbE0D8X,2.692587,3.292282,4.597186,0,1806000,23.429828,Interactive,1,1.75
539400,acNe1yiWIYqeezhBFm0Kia0kS0EYP21EUTHo2K9FFqDh6OPkJH9jbNkeysbE0D8X,3.086047,3.555813,3.956094,0,1806000,23.429828,Interactive,1,1.75
539700,acNe1yiWIYqeezhBFm0Kia0kS0EYP21EUTHo2K9FFqDh6OPkJH9jbNkeysbE0D8X,3.086767,3.617864,4.424279,0,1806000,23.429828,Interactive,1,1.75
540000,acNe1yiWIYqeezhBFm0Kia0kS0EYP21EUTHo2K9FFqDh6OPkJH9jbNkeysbE0D8X,3.145946,3.456262,4.400076,0,1806000,23.429828,Interactive,1,1.75
540300,acNe1yiWIYqeezhBFm0Kia0kS0EYP21EUTHo2K9FFqDh6OPkJH9jbNkeysbE0D8X,2.973665,3.419184,4.014311,0,1806000,23.429828,Interactive,1,1.75
540600,acNe1yiWIYqeezhBFm0Kia0kS0EYP21EUTHo2K9FFqDh6OPkJH9jbNkeysbE0D8X,3.109717,3.56662,4.328608,0,1806000,23.429828,Interactive,1,1.75
540900,acNe1yiWIYqeezhBFm0Kia0kS0EYP21EUTHo2K9FFqDh6OPkJH9jbNkeysbE0D8X,2.862304,3.29147,4.125953,0,1806000,23.429828,Interactive,1,1.75
541200,acNe1yiWIYqeezhBFm0Kia0kS0EYP21EUTHo2K9FFqDh6OPkJH9jbNkeysbE0D8X,3.041529,3.463579,4.025544,0,1806000,23.429828,Interactive,1,1.75
541500,acNe1yiWIYqeezhBFm0Kia0kS0EYP21EUTHo2K9FFqDh6OPkJH9jbNkeysbE0D8X,2.748945,5.259595,20.929645,0,1806000,23.429828,Interactive,1,1.75
541800,acNe1yiWIYqeezhBFm0Kia0kS0EYP21EUTHo2K9FFqDh6OPkJH9jbNkeysbE0D8X,2.820869,3.820471,7.500167,0,1806000,23.429828,Interactive,1,1.75
542100,acNe1yiWIYqeezhBFm0Kia0kS0EYP21EUTHo2K9FFqDh6OPkJH9jbNkeysbE0D8X,3.021107,4.183087,8.440321,0,1806000,23.429828,Interactive,1,1.75
542400,acNe1yiWIYqeezhBFm0Kia0kS0EYP21EUTHo2K9FFqDh6OPkJH9jbNkeysbE0D8X,3.061412,3.521662,4.114842,0,1806000,23.429828,Interactive,1,1.75
542700,acNe1yiWIYqeezhBFm0Kia0kS0EYP21EUTHo2K9FFqDh6OPkJH9jbNkeysbE0D8X,3.200692,3.4672110000000003,4.122301,0,1806000,23.429828,Interactive,1,1.75
543000,acNe1yiWIYqeezhBFm0Kia0kS0EYP21EUTHo2K9FFqDh6OPkJH9jbNkeysbE0D8X,3.073003,3.550897,4.628058,0,1806000,23.429828,Interactive,1,1.75
543300,acNe1yiWIYqeezhBFm0Kia0kS0EYP21EUTHo2K9FFqDh6OPkJH9jbNkeysbE0D8X,3.123694,3.5806440000000004,4.233474,0,1806000,23.429828,Interactive,1,1.75
543600,acNe1yiWIYqeezhBFm0Kia0kS0EYP21EUTHo2K9FFqDh6OPkJH9jbNkeysbE0D8X,2.996943,3.377053,4.106726999999999,0,1806000,23.429828,Interactive,1,1.75
543900,acNe1yiWIYqeezhBFm0Kia0kS0EYP21EUTHo2K9FFqDh6OPkJH9jbNkeysbE0D8X,3.121676,3.602462,4.561687999999999,0,1806000,23.429828,Interactive,1,1.75
544200,acNe1yiWIYqeezhBFm0Kia0kS0EYP21EUTHo2K9FFqDh6OPkJH9jbNkeysbE0D8X,3.142425,3.610418,4.049667,0,1806000,23.429828,Interactive,1,1.75
544500,acNe1yiWIYqeezhBFm0Kia0kS0EYP21EUTHo2K9FFqDh6OPkJH9jbNkeysbE0D8X,3.052915,3.4561370000000005,4.1896260000000005,0,1806000,23.429828,Interactive,1,1.75
544800,acNe1yiWIYqeezhBFm0Kia0kS0EYP21EUTHo2K9FFqDh6OPkJH9jbNkeysbE0D8X,3.118618,3.5591800000000005,4.191127,0,1806000,23.429828,Interactive,1,1.75
545100,acNe1yiWIYqeezhBFm0Kia0kS0EYP21EUTHo2K9FFqDh6OPkJH9jbNkeysbE0D8X,3.220952,3.87203,5.11088,0,1806000,23.429828,Interactive,1,1.75
545400,acNe1yiWIYqeezhBFm0Kia0kS0EYP21EUTHo2K9FFqDh6OPkJH9jbNkeysbE0D8X,3.206056,3.5625410000000004,4.38501,0,1806000,23.429828,Interactive,1,1.75
545700,acNe1yiWIYqeezhBFm0Kia0kS0EYP21EUTHo2K9FFqDh6OPkJH9jbNkeysbE0D8X,3.09766,4.830508999999999,7.903661,0,1806000,23.429828,Interactive,1,1.75
546000,acNe1yiWIYqeezhBFm0Kia0kS0EYP21EUTHo2K9FFqDh6OPkJH9jbNkeysbE0D8X,3.098962,3.528891,4.1262550000000005,0,1806000,23.429828,Interactive,1,1.75
546300,acNe1yiWIYqeezhBFm0Kia0kS0EYP21EUTHo2K9FFqDh6OPkJH9jbNkeysbE0D8X,2.9656130000000003,3.354689,3.999118,0,1806000,23.429828,Interactive,1,1.75
546600,acNe1yiWIYqeezhBFm0Kia0kS0EYP21EUTHo2K9FFqDh6OPkJH9jbNkeysbE0D8X,3.114997,3.558617,4.212895,0,1806000,23.429828,Interactive,1,1.75
546900,acNe1yiWIYqeezhBFm0Kia0kS0EYP21EUTHo2K9FFqDh6OPkJH9jbNkeysbE0D8X,3.098144,3.552997,4.068697,0,1806000,23.429828,Interactive,1,1.75
547200,acNe1yiWIYqeezhBFm0Kia0kS0EYP21EUTHo2K9FFqDh6OPkJH9jbNkeysbE0D8X,3.0915220000000003,3.47764,4.750269,0,1806000,23.429828,Interactive,1,1.75
547500,acNe1yiWIYqeezhBFm0Kia0kS0EYP21EUTHo2K9FFqDh6OPkJH9jbNkeysbE0D8X,3.089775,3.4751830000000004,4.081829,0,1806000,23.429828,Interactive,1,1.75
547800,acNe1yiWIYqeezhBFm0Kia0kS0EYP21EUTHo2K9FFqDh6OPkJH9jbNkeysbE0D8X,2.985315,3.526653,4.267011,0,1806000,23.429828,Interactive,1,1.75
548100,acNe1yiWIYqeezhBFm0Kia0kS0EYP21EUTHo2K9FFqDh6OPkJH9jbNkeysbE0D8X,3.0856,3.461871,4.080753,0,1806000,23.429828,Interactive,1,1.75
548400,acNe1yiWIYqeezhBFm0Kia0kS0EYP21EUTHo2K9FFqDh6OPkJH9jbNkeysbE0D8X,3.102767,3.525294,4.327847,0,1806000,23.429828,Interactive,1,1.75
548700,acNe1yiWIYqeezhBFm0Kia0kS0EYP21EUTHo2K9FFqDh6OPkJH9jbNkeysbE0D8X,3.15318,5.091406,11.633222,0,1806000,23.429828,Interactive,1,1.75
549000,acNe1yiWIYqeezhBFm0Kia0kS0EYP21EUTHo2K9FFqDh6OPkJH9jbNkeysbE0D8X,3.061175,3.408767,4.018667,0,1806000,23.429828,Interactive,1,1.75
549300,acNe1yiWIYqeezhBFm0Kia0kS0EYP21EUTHo2K9FFqDh6OPkJH9jbNkeysbE0D8X,3.170977,4.751485,8.116164999999999,0,1806000,23.429828,Interactive,1,1.75
549600,acNe1yiWIYqeezhBFm0Kia0kS0EYP21EUTHo2K9FFqDh6OPkJH9jbNkeysbE0D8X,3.2209950000000003,3.608567,4.097512999999999,0,1806000,23.429828,Interactive,1,1.75
549900,acNe1yiWIYqeezhBFm0Kia0kS0EYP21EUTHo2K9FFqDh6OPkJH9jbNkeysbE0D8X,3.099667,3.497075,4.550301,0,1806000,23.429828,Interactive,1,1.75
550200,acNe1yiWIYqeezhBFm0Kia0kS0EYP21EUTHo2K9FFqDh6OPkJH9jbNkeysbE0D8X,3.141136,3.512563,4.051195,0,1806000,23.429828,Interactive,1,1.75
550500,acNe1yiWIYqeezhBFm0Kia0kS0EYP21EUTHo2K9FFqDh6OPkJH9jbNkeysbE0D8X,3.107385,3.587857,4.339504,0,1806000,23.429828,Interactive,1,1.75
550800,acNe1yiWIYqeezhBFm0Kia0kS0EYP21EUTHo2K9FFqDh6OPkJH9jbNkeysbE0D8X,3.162696,3.484685,4.092889,0,1806000,23.429828,Interactive,1,1.75
551100,acNe1yiWIYqeezhBFm0Kia0kS0EYP21EUTHo2K9FFqDh6OPkJH9jbNkeysbE0D8X,3.171135,3.601279,4.48936,0,1806000,23.429828,Interactive,1,1.75
551400,acNe1yiWIYqeezhBFm0Kia0kS0EYP21EUTHo2K9FFqDh6OPkJH9jbNkeysbE0D8X,3.135492,3.664695,4.38563,0,1806000,23.429828,Interactive,1,1.75
551700,acNe1yiWIYqeezhBFm0Kia0kS0EYP21EUTHo2K9FFqDh6OPkJH9jbNkeysbE0D8X,3.145014,3.452295,3.997061,0,1806000,23.429828,Interactive,1,1.75
552000,acNe1yiWIYqeezhBFm0Kia0kS0EYP21EUTHo2K9FFqDh6OPkJH9jbNkeysbE0D8X,3.208853,3.637939,4.674893,0,1806000,23.429828,Interactive,1,1.75
552300,acNe1yiWIYqeezhBFm0Kia0kS0EYP21EUTHo2K9FFqDh6OPkJH9jbNkeysbE0D8X,3.20495,5.561334,21.299384,0,1806000,23.429828,Interactive,1,1.75
552600,acNe1yiWIYqeezhBFm0Kia0kS0EYP21EUTHo2K9FFqDh6OPkJH9jbNkeysbE0D8X,3.170726,3.603405,4.975203,0,1806000,23.429828,Interactive,1,1.75
552900,acNe1yiWIYqeezhBFm0Kia0kS0EYP21EUTHo2K9FFqDh6OPkJH9jbNkeysbE0D8X,3.2235150000000004,4.854544000000001,8.213526,0,1806000,23.429828,Interactive,1,1.75
553200,acNe1yiWIYqeezhBFm0Kia0kS0EYP21EUTHo2K9FFqDh6OPkJH9jbNkeysbE0D8X,3.082085,5.925308,26.422802,0,1806000,23.429828,Interactive,1,1.75
553500,acNe1yiWIYqeezhBFm0Kia0kS0EYP21EUTHo2K9FFqDh6OPkJH9jbNkeysbE0D8X,3.109203,3.427854,4.600931,0,1806000,23.429828,Interactive,1,1.75
553800,acNe1yiWIYqeezhBFm0Kia0kS0EYP21EUTHo2K9FFqDh6OPkJH9jbNkeysbE0D8X,3.093793,4.522974,13.88,0,1806000,23.429828,Interactive,1,1.75
554100,acNe1yiWIYqeezhBFm0Kia0kS0EYP21EUTHo2K9FFqDh6OPkJH9jbNkeysbE0D8X,3.171854,3.655612,4.640282,0,1806000,23.429828,Interactive,1,1.75
554400,acNe1yiWIYqeezhBFm0Kia0kS0EYP21EUTHo2K9FFqDh6OPkJH9jbNkeysbE0D8X,3.149584,3.431331,4.687045,0,1806000,23.429828,Interactive,1,1.75
554700,acNe1yiWIYqeezhBFm0Kia0kS0EYP21EUTHo2K9FFqDh6OPkJH9jbNkeysbE0D8X,3.0564150000000003,3.430525,4.416087999999999,0,1806000,23.429828,Interactive,1,1.75
555000,acNe1yiWIYqeezhBFm0Kia0kS0EYP21EUTHo2K9FFqDh6OPkJH9jbNkeysbE0D8X,3.101217,3.781730000000001,6.801025,0,1806000,23.429828,Interactive,1,1.75
555300,acNe1yiWIYqeezhBFm0Kia0kS0EYP21EUTHo2K9FFqDh6OPkJH9jbNkeysbE0D8X,3.10571,3.660444,5.104957,0,1806000,23.429828,Interactive,1,1.75
555600,acNe1yiWIYqeezhBFm0Kia0kS0EYP21EUTHo2K9FFqDh6OPkJH9jbNkeysbE0D8X,3.066641,3.460495,4.3074580000000005,0,1806000,23.429828,Interactive,1,1.75
555900,acNe1yiWIYqeezhBFm0Kia0kS0EYP21EUTHo2K9FFqDh6OPkJH9jbNkeysbE0D8X,2.983013,3.616509,4.620316000000001,0,1806000,23.429828,Interactive,1,1.75
556200,acNe1yiWIYqeezhBFm0Kia0kS0EYP21EUTHo2K9FFqDh6OPkJH9jbNkeysbE0D8X,3.083944,3.48857,4.60396,0,1806000,23.429828,Interactive,1,1.75
556500,acNe1yiWIYqeezhBFm0Kia0kS0EYP21EUTHo2K9FFqDh6OPkJH9jbNkeysbE0D8X,3.108271,3.561091,4.495744999999999,0,1806000,23.429828,Interactive,1,1.75
556800,acNe1yiWIYqeezhBFm0Kia0kS0EYP21EUTHo2K9FFqDh6OPkJH9jbNkeysbE0D8X,3.299604,5.275886,7.789507,0,1806000,23.429828,Interactive,1,1.75
557100,acNe1yiWIYqeezhBFm0Kia0kS0EYP21EUTHo2K9FFqDh6OPkJH9jbNkeysbE0D8X,3.18161,3.492051,4.987248,0,1806000,23.429828,Interactive,1,1.75
557400,acNe1yiWIYqeezhBFm0Kia0kS0EYP21EUTHo2K9FFqDh6OPkJH9jbNkeysbE0D8X,3.04481,3.544939,4.341708000000001,0,1806000,23.429828,Interactive,1,1.75
557700,acNe1yiWIYqeezhBFm0Kia0kS0EYP21EUTHo2K9FFqDh6OPkJH9jbNkeysbE0D8X,3.1699900000000003,3.576427,4.511456,0,1806000,23.429828,Interactive,1,1.75
558000,acNe1yiWIYqeezhBFm0Kia0kS0EYP21EUTHo2K9FFqDh6OPkJH9jbNkeysbE0D8X,3.136908,3.476325,4.807677,0,1806000,23.429828,Interactive,1,1.75
558300,acNe1yiWIYqeezhBFm0Kia0kS0EYP21EUTHo2K9FFqDh6OPkJH9jbNkeysbE0D8X,3.117868,3.53162,4.415528,0,1806000,23.429828,Interactive,1,1.75
558600,acNe1yiWIYqeezhBFm0Kia0kS0EYP21EUTHo2K9FFqDh6OPkJH9jbNkeysbE0D8X,2.934762,3.53499,4.5901760000000005,0,1806000,23.429828,Interactive,1,1.75
558900,acNe1yiWIYqeezhBFm0Kia0kS0EYP21EUTHo2K9FFqDh6OPkJH9jbNkeysbE0D8X,3.162367,3.4830400000000004,4.661944999999999,0,1806000,23.429828,Interactive,1,1.75
559200,acNe1yiWIYqeezhBFm0Kia0kS0EYP21EUTHo2K9FFqDh6OPkJH9jbNkeysbE0D8X,2.936012,3.5767519999999995,4.509637000000001,0,1806000,23.429828,Interactive,1,1.75
559500,acNe1yiWIYqeezhBFm0Kia0kS0EYP21EUTHo2K9FFqDh6OPkJH9jbNkeysbE0D8X,3.126398,5.416866000000001,19.762926,0,1806000,23.429828,Interactive,1,1.75
559800,acNe1yiWIYqeezhBFm0Kia0kS0EYP21EUTHo2K9FFqDh6OPkJH9jbNkeysbE0D8X,3.50386,3.821591,4.974572,0,1806000,23.429828,Interactive,1,1.75
560100,acNe1yiWIYqeezhBFm0Kia0kS0EYP21EUTHo2K9FFqDh6OPkJH9jbNkeysbE0D8X,3.1915720000000003,4.159529,6.261358,0,1806000,23.429828,Interactive,1,1.75
560400,acNe1yiWIYqeezhBFm0Kia0kS0EYP21EUTHo2K9FFqDh6OPkJH9jbNkeysbE0D8X,3.145416,5.077687,8.59883,0,1806000,23.429828,Interactive,1,1.75
560700,acNe1yiWIYqeezhBFm0Kia0kS0EYP21EUTHo2K9FFqDh6OPkJH9jbNkeysbE0D8X,2.934931,3.452122,4.813949,0,1806000,23.429828,Interactive,1,1.75
561000,acNe1yiWIYqeezhBFm0Kia0kS0EYP21EUTHo2K9FFqDh6OPkJH9jbNkeysbE0D8X,3.101041,3.502051,4.376471,0,1806000,23.429828,Interactive,1,1.75
561300,acNe1yiWIYqeezhBFm0Kia0kS0EYP21EUTHo2K9FFqDh6OPkJH9jbNkeysbE0D8X,3.071395,3.5687,4.605601,0,1806000,23.429828,Interactive,1,1.75
561600,acNe1yiWIYqeezhBFm0Kia0kS0EYP21EUTHo2K9FFqDh6OPkJH9jbNkeysbE0D8X,3.092594,3.478556,4.715875,0,1806000,23.429828,Interactive,1,1.75
561900,acNe1yiWIYqeezhBFm0Kia0kS0EYP21EUTHo2K9FFqDh6OPkJH9jbNkeysbE0D8X,3.139182,3.535581,4.512105,0,1806000,23.429828,Interactive,1,1.75
562200,acNe1yiWIYqeezhBFm0Kia0kS0EYP21EUTHo2K9FFqDh6OPkJH9jbNkeysbE0D8X,3.016249,3.496402,4.528166000000001,0,1806000,23.429828,Interactive,1,1.75
562500,acNe1yiWIYqeezhBFm0Kia0kS0EYP21EUTHo2K9FFqDh6OPkJH9jbNkeysbE0D8X,2.8955990000000003,3.374191,4.514332,0,1806000,23.429828,Interactive,1,1.75
562800,acNe1yiWIYqeezhBFm0Kia0kS0EYP21EUTHo2K9FFqDh6OPkJH9jbNkeysbE0D8X,2.981044,3.506009,4.421707,0,1806000,23.429828,Interactive,1,1.75
563100,acNe1yiWIYqeezhBFm0Kia0kS0EYP21EUTHo2K9FFqDh6OPkJH9jbNkeysbE0D8X,3.111784,6.120292,19.86205,0,1806000,23.429828,Interactive,1,1.75
563400,acNe1yiWIYqeezhBFm0Kia0kS0EYP21EUTHo2K9FFqDh6OPkJH9jbNkeysbE0D8X,2.774626,3.451652,4.860029,0,1806000,23.429828,Interactive,1,1.75
563700,acNe1yiWIYqeezhBFm0Kia0kS0EYP21EUTHo2K9FFqDh6OPkJH9jbNkeysbE0D8X,3.1812560000000003,3.569909,4.40591,0,1806000,23.429828,Interactive,1,1.75
564000,acNe1yiWIYqeezhBFm0Kia0kS0EYP21EUTHo2K9FFqDh6OPkJH9jbNkeysbE0D8X,3.316133,5.204344,8.634878,0,1806000,23.429828,Interactive,1,1.75
564300,acNe1yiWIYqeezhBFm0Kia0kS0EYP21EUTHo2K9FFqDh6OPkJH9jbNkeysbE0D8X,3.174095,3.794574,6.419512,0,1806000,23.429828,Interactive,1,1.75
564600,acNe1yiWIYqeezhBFm0Kia0kS0EYP21EUTHo2K9FFqDh6OPkJH9jbNkeysbE0D8X,2.9313580000000004,3.5342300000000004,4.4559,0,1806000,23.429828,Interactive,1,1.75
564900,acNe1yiWIYqeezhBFm0Kia0kS0EYP21EUTHo2K9FFqDh6OPkJH9jbNkeysbE0D8X,3.0961540000000003,3.579172,4.576973000000001,0,1806000,23.429828,Interactive,1,1.75
565200,acNe1yiWIYqeezhBFm0Kia0kS0EYP21EUTHo2K9FFqDh6OPkJH9jbNkeysbE0D8X,2.908561,3.386806,4.682580000000001,0,1806000,23.429828,Interactive,1,1.75
565500,acNe1yiWIYqeezhBFm0Kia0kS0EYP21EUTHo2K9FFqDh6OPkJH9jbNkeysbE0D8X,3.115818,3.548679,4.353329,0,1806000,23.429828,Interactive,1,1.75
565800,acNe1yiWIYqeezhBFm0Kia0kS0EYP21EUTHo2K9FFqDh6OPkJH9jbNkeysbE0D8X,2.9625630000000003,3.565096,4.451787,0,1806000,23.429828,Interactive,1,1.75
566100,acNe1yiWIYqeezhBFm0Kia0kS0EYP21EUTHo2K9FFqDh6OPkJH9jbNkeysbE0D8X,2.974323,3.5606800000000005,4.916699,0,1806000,23.429828,Interactive,1,1.75
566700,acNe1yiWIYqeezhBFm0Kia0kS0EYP21EUTHo2K9FFqDh6OPkJH9jbNkeysbE0D8X,2.662988,5.755385,23.357694,0,1806000,23.429828,Interactive,1,1.75
567000,acNe1yiWIYqeezhBFm0Kia0kS0EYP21EUTHo2K9FFqDh6OPkJH9jbNkeysbE0D8X,3.0259150000000004,3.40855,4.600658,0,1806000,23.429828,Interactive,1,1.75
567300,acNe1yiWIYqeezhBFm0Kia0kS0EYP21EUTHo2K9FFqDh6OPkJH9jbNkeysbE0D8X,3.1052310000000003,3.550345,4.379694000000001,0,1806000,23.429828,Interactive,1,1.75
567600,acNe1yiWIYqeezhBFm0Kia0kS0EYP21EUTHo2K9FFqDh6OPkJH9jbNkeysbE0D8X,3.1895740000000004,3.578787,4.571823999999999,0,1806000,23.429828,Interactive,1,1.75
567900,acNe1yiWIYqeezhBFm0Kia0kS0EYP21EUTHo2K9FFqDh6OPkJH9jbNkeysbE0D8X,3.033946,5.108485,7.693764,0,1806000,23.429828,Interactive,1,1.75
568200,acNe1yiWIYqeezhBFm0Kia0kS0EYP21EUTHo2K9FFqDh6OPkJH9jbNkeysbE0D8X,3.019071,3.4357870000000004,4.126377,0,1806000,23.429828,Interactive,1,1.75
568500,acNe1yiWIYqeezhBFm0Kia0kS0EYP21EUTHo2K9FFqDh6OPkJH9jbNkeysbE0D8X,3.180253,3.585547,4.571151,0,1806000,23.429828,Interactive,1,1.75
568800,acNe1yiWIYqeezhBFm0Kia0kS0EYP21EUTHo2K9FFqDh6OPkJH9jbNkeysbE0D8X,3.018504,3.479164,4.553514,0,1806000,23.429828,Interactive,1,1.75
569100,acNe1yiWIYqeezhBFm0Kia0kS0EYP21EUTHo2K9FFqDh6OPkJH9jbNkeysbE0D8X,3.095837,3.519801,4.223657,0,1806000,23.429828,Interactive,1,1.75
569400,acNe1yiWIYqeezhBFm0Kia0kS0EYP21EUTHo2K9FFqDh6OPkJH9jbNkeysbE0D8X,3.079822,3.450457,4.463796,0,1806000,23.429828,Interactive,1,1.75
569700,acNe1yiWIYqeezhBFm0Kia0kS0EYP21EUTHo2K9FFqDh6OPkJH9jbNkeysbE0D8X,2.993697,3.3828910000000003,4.600662000000001,0,1806000,23.429828,Interactive,1,1.75
570000,acNe1yiWIYqeezhBFm0Kia0kS0EYP21EUTHo2K9FFqDh6OPkJH9jbNkeysbE0D8X,2.96305,3.4277040000000003,4.142491000000001,0,1806000,23.429828,Interactive,1,1.75
570300,acNe1yiWIYqeezhBFm0Kia0kS0EYP21EUTHo2K9FFqDh6OPkJH9jbNkeysbE0D8X,3.265984,10.016996,40.932692,0,1806000,23.429828,Interactive,1,1.75
570600,acNe1yiWIYqeezhBFm0Kia0kS0EYP21EUTHo2K9FFqDh6OPkJH9jbNkeysbE0D8X,3.181095,3.515263,4.457671,0,1806000,23.429828,Interactive,1,1.75
570900,acNe1yiWIYqeezhBFm0Kia0kS0EYP21EUTHo2K9FFqDh6OPkJH9jbNkeysbE0D8X,3.0941400000000003,3.519387,4.144595,0,1806000,23.429828,Interactive,1,1.75
571200,acNe1yiWIYqeezhBFm0Kia0kS0EYP21EUTHo2K9FFqDh6OPkJH9jbNkeysbE0D8X,3.211942,3.658726,4.643572,0,1806000,23.429828,Interactive,1,1.75
571500,acNe1yiWIYqeezhBFm0Kia0kS0EYP21EUTHo2K9FFqDh6OPkJH9jbNkeysbE0D8X,3.26667,4.833937000000001,9.027015,0,1806000,23.429828,Interactive,1,1.75
571800,acNe1yiWIYqeezhBFm0Kia0kS0EYP21EUTHo2K9FFqDh6OPkJH9jbNkeysbE0D8X,3.217489,3.581386,4.211905000000001,0,1806000,23.429828,Interactive,1,1.75
572100,acNe1yiWIYqeezhBFm0Kia0kS0EYP21EUTHo2K9FFqDh6OPkJH9jbNkeysbE0D8X,3.125306,3.547131,4.538249,0,1806000,23.429828,Interactive,1,1.75
572400,acNe1yiWIYqeezhBFm0Kia0kS0EYP21EUTHo2K9FFqDh6OPkJH9jbNkeysbE0D8X,3.136814,3.435253,4.5485370000000005,0,1806000,23.429828,Interactive,1,1.75
572700,acNe1yiWIYqeezhBFm0Kia0kS0EYP21EUTHo2K9FFqDh6OPkJH9jbNkeysbE0D8X,3.135524,3.536022,4.181517,0,1806000,23.429828,Interactive,1,1.75
573000,acNe1yiWIYqeezhBFm0Kia0kS0EYP21EUTHo2K9FFqDh6OPkJH9jbNkeysbE0D8X,3.134464,3.568964,4.552795,0,1806000,23.429828,Interactive,1,1.75
573300,acNe1yiWIYqeezhBFm0Kia0kS0EYP21EUTHo2K9FFqDh6OPkJH9jbNkeysbE0D8X,2.653625,3.338088,4.426144,0,1806000,23.429828,Interactive,1,1.75
573600,acNe1yiWIYqeezhBFm0Kia0kS0EYP21EUTHo2K9FFqDh6OPkJH9jbNkeysbE0D8X,3.2146220000000003,3.541733,4.174572,0,1806000,23.429828,Interactive,1,1.75
573900,acNe1yiWIYqeezhBFm0Kia0kS0EYP21EUTHo2K9FFqDh6OPkJH9jbNkeysbE0D8X,3.17354,5.371419,16.562889000000002,0,1806000,23.429828,Interactive,1,1.75
574200,acNe1yiWIYqeezhBFm0Kia0kS0EYP21EUTHo2K9FFqDh6OPkJH9jbNkeysbE0D8X,2.886146,3.38955,4.588404,0,1806000,23.429828,Interactive,1,1.75
574500,acNe1yiWIYqeezhBFm0Kia0kS0EYP21EUTHo2K9FFqDh6OPkJH9jbNkeysbE0D8X,3.162148,3.5023410000000004,4.113055999999999,0,1806000,23.429828,Interactive,1,1.75
574800,acNe1yiWIYqeezhBFm0Kia0kS0EYP21EUTHo2K9FFqDh6OPkJH9jbNkeysbE0D8X,3.206616,3.588021,4.600357,0,1806000,23.429828,Interactive,1,1.75
575100,acNe1yiWIYqeezhBFm0Kia0kS0EYP21EUTHo2K9FFqDh6OPkJH9jbNkeysbE0D8X,3.242621,4.116546,7.491230000000001,0,1806000,23.429828,Interactive,1,1.75
575400,acNe1yiWIYqeezhBFm0Kia0kS0EYP21EUTHo2K9FFqDh6OPkJH9jbNkeysbE0D8X,3.189957,4.334295,8.4675,0,1806000,23.429828,Interactive,1,1.75
575700,acNe1yiWIYqeezhBFm0Kia0kS0EYP21EUTHo2K9FFqDh6OPkJH9jbNkeysbE0D8X,3.147885,3.527475,4.611942,0,1806000,23.429828,Interactive,1,1.75
576000,acNe1yiWIYqeezhBFm0Kia0kS0EYP21EUTHo2K9FFqDh6OPkJH9jbNkeysbE0D8X,3.212567,3.610349,4.473202,0,1806000,23.429828,Interactive,1,1.75
576300,acNe1yiWIYqeezhBFm0Kia0kS0EYP21EUTHo2K9FFqDh6OPkJH9jbNkeysbE0D8X,3.229455,3.700962,4.225039,0,1806000,23.429828,Interactive,1,1.75
576600,acNe1yiWIYqeezhBFm0Kia0kS0EYP21EUTHo2K9FFqDh6OPkJH9jbNkeysbE0D8X,3.235403,3.550829,4.466507,0,1806000,23.429828,Interactive,1,1.75
576900,acNe1yiWIYqeezhBFm0Kia0kS0EYP21EUTHo2K9FFqDh6OPkJH9jbNkeysbE0D8X,3.198714,3.577148,4.444726,0,1806000,23.429828,Interactive,1,1.75
577200,acNe1yiWIYqeezhBFm0Kia0kS0EYP21EUTHo2K9FFqDh6OPkJH9jbNkeysbE0D8X,3.134161,3.5311160000000004,4.129477,0,1806000,23.429828,Interactive,1,1.75
577500,acNe1yiWIYqeezhBFm0Kia0kS0EYP21EUTHo2K9FFqDh6OPkJH9jbNkeysbE0D8X,3.205352,5.511258,22.080247,0,1806000,23.429828,Interactive,1,1.75
577800,acNe1yiWIYqeezhBFm0Kia0kS0EYP21EUTHo2K9FFqDh6OPkJH9jbNkeysbE0D8X,3.260232,3.755142,5.629258999999999,0,1806000,23.429828,Interactive,1,1.75
578100,acNe1yiWIYqeezhBFm0Kia0kS0EYP21EUTHo2K9FFqDh6OPkJH9jbNkeysbE0D8X,3.119182,3.542902,4.218962,0,1806000,23.429828,Interactive,1,1.75
578400,acNe1yiWIYqeezhBFm0Kia0kS0EYP21EUTHo2K9FFqDh6OPkJH9jbNkeysbE0D8X,3.1907240000000003,3.5253080000000003,4.411581,0,1806000,23.429828,Interactive,1,1.75
578700,acNe1yiWIYqeezhBFm0Kia0kS0EYP21EUTHo2K9FFqDh6OPkJH9jbNkeysbE0D8X,3.168928,3.592346,4.568187,0,1806000,23.429828,Interactive,1,1.75
579000,acNe1yiWIYqeezhBFm0Kia0kS0EYP21EUTHo2K9FFqDh6OPkJH9jbNkeysbE0D8X,3.122817,4.827053,8.579431,0,1806000,23.429828,Interactive,1,1.75
579300,acNe1yiWIYqeezhBFm0Kia0kS0EYP21EUTHo2K9FFqDh6OPkJH9jbNkeysbE0D8X,3.113682,3.486043,4.407637,0,1806000,23.429828,Interactive,1,1.75
579600,acNe1yiWIYqeezhBFm0Kia0kS0EYP21EUTHo2K9FFqDh6OPkJH9jbNkeysbE0D8X,3.1834830000000003,3.571861,4.370207,0,1806000,23.429828,Interactive,1,1.75
579900,acNe1yiWIYqeezhBFm0Kia0kS0EYP21EUTHo2K9FFqDh6OPkJH9jbNkeysbE0D8X,3.081354,3.476946,3.996787,0,1806000,23.429828,Interactive,1,1.75
580200,acNe1yiWIYqeezhBFm0Kia0kS0EYP21EUTHo2K9FFqDh6OPkJH9jbNkeysbE0D8X,3.198246,3.555878,4.572864,0,1806000,23.429828,Interactive,1,1.75
580500,acNe1yiWIYqeezhBFm0Kia0kS0EYP21EUTHo2K9FFqDh6OPkJH9jbNkeysbE0D8X,3.187784,3.965028,7.255907,0,1806000,23.429828,Interactive,1,1.75
580800,acNe1yiWIYqeezhBFm0Kia0kS0EYP21EUTHo2K9FFqDh6OPkJH9jbNkeysbE0D8X,3.202242,3.605809,4.135592,0,1806000,23.429828,Interactive,1,1.75
581100,acNe1yiWIYqeezhBFm0Kia0kS0EYP21EUTHo2K9FFqDh6OPkJH9jbNkeysbE0D8X,3.104299,3.5127230000000003,4.396994,0,1806000,23.429828,Interactive,1,1.75
581400,acNe1yiWIYqeezhBFm0Kia0kS0EYP21EUTHo2K9FFqDh6OPkJH9jbNkeysbE0D8X,3.114156,3.517864,4.328531,0,1806000,23.429828,Interactive,1,1.75
581700,acNe1yiWIYqeezhBFm0Kia0kS0EYP21EUTHo2K9FFqDh6OPkJH9jbNkeysbE0D8X,3.184494,3.54307,4.116226999999999,0,1806000,23.429828,Interactive,1,1.75
582000,acNe1yiWIYqeezhBFm0Kia0kS0EYP21EUTHo2K9FFqDh6OPkJH9jbNkeysbE0D8X,3.195785,3.579784,4.43676,0,1806000,23.429828,Interactive,1,1.75
582300,acNe1yiWIYqeezhBFm0Kia0kS0EYP21EUTHo2K9FFqDh6OPkJH9jbNkeysbE0D8X,3.138011,3.611958,4.433457,0,1806000,23.429828,Interactive,1,1.75
582600,acNe1yiWIYqeezhBFm0Kia0kS0EYP21EUTHo2K9FFqDh6OPkJH9jbNkeysbE0D8X,3.238759,4.866141000000001,8.051575999999999,0,1806000,23.429828,Interactive,1,1.75
582900,acNe1yiWIYqeezhBFm0Kia0kS0EYP21EUTHo2K9FFqDh6OPkJH9jbNkeysbE0D8X,3.220088,3.5291010000000003,4.315429,0,1806000,23.429828,Interactive,1,1.75
583200,acNe1yiWIYqeezhBFm0Kia0kS0EYP21EUTHo2K9FFqDh6OPkJH9jbNkeysbE0D8X,3.107538,3.586381,4.154648,0,1806000,23.429828,Interactive,1,1.75
583500,acNe1yiWIYqeezhBFm0Kia0kS0EYP21EUTHo2K9FFqDh6OPkJH9jbNkeysbE0D8X,3.19815,3.617263,4.343373000000001,0,1806000,23.429828,Interactive,1,1.75
583800,acNe1yiWIYqeezhBFm0Kia0kS0EYP21EUTHo2K9FFqDh6OPkJH9jbNkeysbE0D8X,3.125175,3.481504,4.335627,0,1806000,23.429828,Interactive,1,1.75
584100,acNe1yiWIYqeezhBFm0Kia0kS0EYP21EUTHo2K9FFqDh6OPkJH9jbNkeysbE0D8X,3.1834990000000003,3.68253,4.502408,0,1806000,23.429828,Interactive,1,1.75
584400,acNe1yiWIYqeezhBFm0Kia0kS0EYP21EUTHo2K9FFqDh6OPkJH9jbNkeysbE0D8X,3.0966560000000003,3.534196,4.168533,0,1806000,23.429828,Interactive,1,1.75
584700,acNe1yiWIYqeezhBFm0Kia0kS0EYP21EUTHo2K9FFqDh6OPkJH9jbNkeysbE0D8X,3.319727,65.741862,98.710949,0,1806000,23.429828,Interactive,1,1.75
585000,acNe1yiWIYqeezhBFm0Kia0kS0EYP21EUTHo2K9FFqDh6OPkJH9jbNkeysbE0D8X,97.558196,98.513989,98.896389,0,1806000,23.429828,Interactive,1,1.75
585300,acNe1yiWIYqeezhBFm0Kia0kS0EYP21EUTHo2K9FFqDh6OPkJH9jbNkeysbE0D8X,98.130435,98.603016,98.742921,0,1806000,23.429828,Interactive,1,1.75
585600,acNe1yiWIYqeezhBFm0Kia0kS0EYP21EUTHo2K9FFqDh6OPkJH9jbNkeysbE0D8X,98.184317,98.57018,98.763689,0,1806000,23.429828,Interactive,1,1.75
585900,acNe1yiWIYqeezhBFm0Kia0kS0EYP21EUTHo2K9FFqDh6OPkJH9jbNkeysbE0D8X,3.270028,36.469384000000005,98.593248,0,1806000,23.429828,Interactive,1,1.75
586200,acNe1yiWIYqeezhBFm0Kia0kS0EYP21EUTHo2K9FFqDh6OPkJH9jbNkeysbE0D8X,2.9611490000000003,4.841385,8.769464,0,1806000,23.429828,Interactive,1,1.75
586500,acNe1yiWIYqeezhBFm0Kia0kS0EYP21EUTHo2K9FFqDh6OPkJH9jbNkeysbE0D8X,3.078628,3.4545160000000004,4.096404,0,1806000,23.429828,Interactive,1,1.75
586800,acNe1yiWIYqeezhBFm0Kia0kS0EYP21EUTHo2K9FFqDh6OPkJH9jbNkeysbE0D8X,2.991722,3.4950879999999995,4.061446,0,1806000,23.429828,Interactive,1,1.75
587100,acNe1yiWIYqeezhBFm0Kia0kS0EYP21EUTHo2K9FFqDh6OPkJH9jbNkeysbE0D8X,3.22385,3.5640339999999995,4.019803,0,1806000,23.429828,Interactive,1,1.75
587400,acNe1yiWIYqeezhBFm0Kia0kS0EYP21EUTHo2K9FFqDh6OPkJH9jbNkeysbE0D8X,3.106241,3.480528,4.218216,0,1806000,23.429828,Interactive,1,1.75
587700,acNe1yiWIYqeezhBFm0Kia0kS0EYP21EUTHo2K9FFqDh6OPkJH9jbNkeysbE0D8X,3.031638,3.483918,4.017884,0,1806000,23.429828,Interactive,1,1.75
588000,acNe1yiWIYqeezhBFm0Kia0kS0EYP21EUTHo2K9FFqDh6OPkJH9jbNkeysbE0D8X,3.19781,3.54161,3.968249,0,1806000,23.429828,Interactive,1,1.75
588300,acNe1yiWIYqeezhBFm0Kia0kS0EYP21EUTHo2K9FFqDh6OPkJH9jbNkeysbE0D8X,2.69636,5.3926680000000005,21.322345,0,1806000,23.429828,Interactive,1,1.75
588600,acNe1yiWIYqeezhBFm0Kia0kS0EYP21EUTHo2K9FFqDh6OPkJH9jbNkeysbE0D8X,3.231525,3.642217,4.037106,0,1806000,23.429828,Interactive,1,1.75
588900,acNe1yiWIYqeezhBFm0Kia0kS0EYP21EUTHo2K9FFqDh6OPkJH9jbNkeysbE0D8X,2.85328,3.490683,3.981728,0,1806000,23.429828,Interactive,1,1.75
589200,acNe1yiWIYqeezhBFm0Kia0kS0EYP21EUTHo2K9FFqDh6OPkJH9jbNkeysbE0D8X,3.255786,3.633416,4.650474,0,1806000,23.429828,Interactive,1,1.75
589500,acNe1yiWIYqeezhBFm0Kia0kS0EYP21EUTHo2K9FFqDh6OPkJH9jbNkeysbE0D8X,2.763233,3.56125,4.324031,0,1806000,23.429828,Interactive,1,1.75
589800,acNe1yiWIYqeezhBFm0Kia0kS0EYP21EUTHo2K9FFqDh6OPkJH9jbNkeysbE0D8X,3.070965,3.463668,4.306278,0,1806000,23.429828,Interactive,1,1.75
590100,acNe1yiWIYqeezhBFm0Kia0kS0EYP21EUTHo2K9FFqDh6OPkJH9jbNkeysbE0D8X,3.111788,4.900733,8.807895,0,1806000,23.429828,Interactive,1,1.75
590400,acNe1yiWIYqeezhBFm0Kia0kS0EYP21EUTHo2K9FFqDh6OPkJH9jbNkeysbE0D8X,2.919156,3.5480980000000004,4.322282,0,1806000,23.429828,Interactive,1,1.75
590700,acNe1yiWIYqeezhBFm0Kia0kS0EYP21EUTHo2K9FFqDh6OPkJH9jbNkeysbE0D8X,3.08543,3.496853,4.453094999999999,0,1806000,23.429828,Interactive,1,1.75
591000,acNe1yiWIYqeezhBFm0Kia0kS0EYP21EUTHo2K9FFqDh6OPkJH9jbNkeysbE0D8X,2.7324650000000004,3.540411,4.5850040000000005,0,1806000,23.429828,Interactive,1,1.75
591300,acNe1yiWIYqeezhBFm0Kia0kS0EYP21EUTHo2K9FFqDh6OPkJH9jbNkeysbE0D8X,2.979498,3.490636,4.307358,0,1806000,23.429828,Interactive,1,1.75
591600,acNe1yiWIYqeezhBFm0Kia0kS0EYP21EUTHo2K9FFqDh6OPkJH9jbNkeysbE0D8X,2.795933,3.32154,4.071992,0,1806000,23.429828,Interactive,1,1.75
591900,acNe1yiWIYqeezhBFm0Kia0kS0EYP21EUTHo2K9FFqDh6OPkJH9jbNkeysbE0D8X,3.183253,5.551684,21.325177,0,1806000,23.429828,Interactive,1,1.75
592200,acNe1yiWIYqeezhBFm0Kia0kS0EYP21EUTHo2K9FFqDh6OPkJH9jbNkeysbE0D8X,3.124607,3.527539,4.228485,0,1806000,23.429828,Interactive,1,1.75
592500,acNe1yiWIYqeezhBFm0Kia0kS0EYP21EUTHo2K9FFqDh6OPkJH9jbNkeysbE0D8X,3.046097,3.4306980000000005,4.3907050000000005,0,1806000,23.429828,Interactive,1,1.75
592800,acNe1yiWIYqeezhBFm0Kia0kS0EYP21EUTHo2K9FFqDh6OPkJH9jbNkeysbE0D8X,3.137479,3.576235,4.624008,0,1806000,23.429828,Interactive,1,1.75
593100,acNe1yiWIYqeezhBFm0Kia0kS0EYP21EUTHo2K9FFqDh6OPkJH9jbNkeysbE0D8X,3.172709,3.617525,4.39151,0,1806000,23.429828,Interactive,1,1.75
593400,acNe1yiWIYqeezhBFm0Kia0kS0EYP21EUTHo2K9FFqDh6OPkJH9jbNkeysbE0D8X,3.076157,3.4828620000000003,4.474093,0,1806000,23.429828,Interactive,1,1.75
593700,acNe1yiWIYqeezhBFm0Kia0kS0EYP21EUTHo2K9FFqDh6OPkJH9jbNkeysbE0D8X,2.911614,4.907911,8.34629,0,1806000,23.429828,Interactive,1,1.75
594000,acNe1yiWIYqeezhBFm0Kia0kS0EYP21EUTHo2K9FFqDh6OPkJH9jbNkeysbE0D8X,3.106118,3.487953,4.261257,0,1806000,23.429828,Interactive,1,1.75
594300,acNe1yiWIYqeezhBFm0Kia0kS0EYP21EUTHo2K9FFqDh6OPkJH9jbNkeysbE0D8X,3.100288,3.447861,4.352106,0,1806000,23.429828,Interactive,1,1.75
594600,acNe1yiWIYqeezhBFm0Kia0kS0EYP21EUTHo2K9FFqDh6OPkJH9jbNkeysbE0D8X,3.127251,3.552829,4.536986,0,1806000,23.429828,Interactive,1,1.75
594900,acNe1yiWIYqeezhBFm0Kia0kS0EYP21EUTHo2K9FFqDh6OPkJH9jbNkeysbE0D8X,2.734346,3.438458,4.166524,0,1806000,23.429828,Interactive,1,1.75
595200,acNe1yiWIYqeezhBFm0Kia0kS0EYP21EUTHo2K9FFqDh6OPkJH9jbNkeysbE0D8X,3.079709,3.4511010000000004,4.357705999999999,0,1806000,23.429828,Interactive,1,1.75
595500,acNe1yiWIYqeezhBFm0Kia0kS0EYP21EUTHo2K9FFqDh6OPkJH9jbNkeysbE0D8X,2.980569,8.261157,23.589314,0,1806000,23.429828,Interactive,1,1.75
595800,acNe1yiWIYqeezhBFm0Kia0kS0EYP21EUTHo2K9FFqDh6OPkJH9jbNkeysbE0D8X,3.148494,6.1999260000000005,28.252546,0,1806000,23.429828,Interactive,1,1.75
596100,acNe1yiWIYqeezhBFm0Kia0kS0EYP21EUTHo2K9FFqDh6OPkJH9jbNkeysbE0D8X,2.967055,3.430278,4.606611,0,1806000,23.429828,Interactive,1,1.75
596400,acNe1yiWIYqeezhBFm0Kia0kS0EYP21EUTHo2K9FFqDh6OPkJH9jbNkeysbE0D8X,2.959667,3.5642120000000004,4.532141,0,1806000,23.429828,Interactive,1,1.75
596700,acNe1yiWIYqeezhBFm0Kia0kS0EYP21EUTHo2K9FFqDh6OPkJH9jbNkeysbE0D8X,3.187616,3.568954,4.349039,0,1806000,23.429828,Interactive,1,1.75
597000,acNe1yiWIYqeezhBFm0Kia0kS0EYP21EUTHo2K9FFqDh6OPkJH9jbNkeysbE0D8X,2.915006,3.3402199999999995,4.038245,0,1806000,23.429828,Interactive,1,1.75
597300,acNe1yiWIYqeezhBFm0Kia0kS0EYP21EUTHo2K9FFqDh6OPkJH9jbNkeysbE0D8X,3.1675310000000003,7.228933,24.848286,0,1806000,23.429828,Interactive,1,1.75
597600,acNe1yiWIYqeezhBFm0Kia0kS0EYP21EUTHo2K9FFqDh6OPkJH9jbNkeysbE0D8X,3.164326,3.616966000000001,4.2412220000000005,0,1806000,23.429828,Interactive,1,1.75
597900,acNe1yiWIYqeezhBFm0Kia0kS0EYP21EUTHo2K9FFqDh6OPkJH9jbNkeysbE0D8X,3.2681310000000003,3.593542,4.779496,0,1806000,23.429828,Interactive,1,1.75
598200,acNe1yiWIYqeezhBFm0Kia0kS0EYP21EUTHo2K9FFqDh6OPkJH9jbNkeysbE0D8X,3.297209,3.697999,4.655779,0,1806000,23.429828,Interactive,1,1.75
598500,acNe1yiWIYqeezhBFm0Kia0kS0EYP21EUTHo2K9FFqDh6OPkJH9jbNkeysbE0D8X,3.138707,4.045274,6.024056,0,1806000,23.429828,Interactive,1,1.75
598800,acNe1yiWIYqeezhBFm0Kia0kS0EYP21EUTHo2K9FFqDh6OPkJH9jbNkeysbE0D8X,3.333279,3.628807,4.691401,0,1806000,23.429828,Interactive,1,1.75
599100,acNe1yiWIYqeezhBFm0Kia0kS0EYP21EUTHo2K9FFqDh6OPkJH9jbNkeysbE0D8X,2.943712,3.638091,4.715261,0,1806000,23.429828,Interactive,1,1.75
599400,acNe1yiWIYqeezhBFm0Kia0kS0EYP21EUTHo2K9FFqDh6OPkJH9jbNkeysbE0D8X,3.202083,3.5855330000000003,4.163668,0,1806000,23.429828,Interactive,1,1.75
599700,acNe1yiWIYqeezhBFm0Kia0kS0EYP21EUTHo2K9FFqDh6OPkJH9jbNkeysbE0D8X,3.144677,3.492257,4.455989,0,1806000,23.429828,Interactive,1,1.75
600000,acNe1yiWIYqeezhBFm0Kia0kS0EYP21EUTHo2K9FFqDh6OPkJH9jbNkeysbE0D8X,3.346803,3.943894,5.798621,0,1806000,23.429828,Interactive,1,1.75
600300,acNe1yiWIYqeezhBFm0Kia0kS0EYP21EUTHo2K9FFqDh6OPkJH9jbNkeysbE0D8X,3.020836,3.708284,4.387939,0,1806000,23.429828,Interactive,1,1.75
600600,acNe1yiWIYqeezhBFm0Kia0kS0EYP21EUTHo2K9FFqDh6OPkJH9jbNkeysbE0D8X,3.16692,6.339762,15.0773,0,1806000,23.429828,Interactive,1,1.75
600900,acNe1yiWIYqeezhBFm0Kia0kS0EYP21EUTHo2K9FFqDh6OPkJH9jbNkeysbE0D8X,3.214911,4.2191410000000005,7.676042,0,1806000,23.429828,Interactive,1,1.75
601200,acNe1yiWIYqeezhBFm0Kia0kS0EYP21EUTHo2K9FFqDh6OPkJH9jbNkeysbE0D8X,2.996347,4.528469,8.256635000000001,0,1806000,23.429828,Interactive,1,1.75
601500,acNe1yiWIYqeezhBFm0Kia0kS0EYP21EUTHo2K9FFqDh6OPkJH9jbNkeysbE0D8X,3.17547,3.541742,4.510815,0,1806000,23.429828,Interactive,1,1.75
601800,acNe1yiWIYqeezhBFm0Kia0kS0EYP21EUTHo2K9FFqDh6OPkJH9jbNkeysbE0D8X,3.066828,3.5577120000000004,4.584563,0,1806000,23.429828,Interactive,1,1.75
602100,acNe1yiWIYqeezhBFm0Kia0kS0EYP21EUTHo2K9FFqDh6OPkJH9jbNkeysbE0D8X,3.060471,3.481399,4.211252,0,1806000,23.429828,Interactive,1,1.75
602400,acNe1yiWIYqeezhBFm0Kia0kS0EYP21EUTHo2K9FFqDh6OPkJH9jbNkeysbE0D8X,3.029234,3.428597,4.2083330000000005,0,1806000,23.429828,Interactive,1,1.75
602700,acNe1yiWIYqeezhBFm0Kia0kS0EYP21EUTHo2K9FFqDh6OPkJH9jbNkeysbE0D8X,3.102002,3.609755,4.625487000000001,0,1806000,23.429828,Interactive,1,1.75
603000,acNe1yiWIYqeezhBFm0Kia0kS0EYP21EUTHo2K9FFqDh6OPkJH9jbNkeysbE0D8X,3.018493,3.645434,4.658896,0,1806000,23.429828,Interactive,1,1.75
603300,acNe1yiWIYqeezhBFm0Kia0kS0EYP21EUTHo2K9FFqDh6OPkJH9jbNkeysbE0D8X,3.025288,3.390695,4.264271,0,1806000,23.429828,Interactive,1,1.75
603600,acNe1yiWIYqeezhBFm0Kia0kS0EYP21EUTHo2K9FFqDh6OPkJH9jbNkeysbE0D8X,3.144519,3.559789,4.424023,0,1806000,23.429828,Interactive,1,1.75
603900,acNe1yiWIYqeezhBFm0Kia0kS0EYP21EUTHo2K9FFqDh6OPkJH9jbNkeysbE0D8X,3.023657,3.510199,4.369944,0,1806000,23.429828,Interactive,1,1.75
604200,acNe1yiWIYqeezhBFm0Kia0kS0EYP21EUTHo2K9FFqDh6OPkJH9jbNkeysbE0D8X,3.068626,3.376981,4.306717,0,1806000,23.429828,Interactive,1,1.75
604500,acNe1yiWIYqeezhBFm0Kia0kS0EYP21EUTHo2K9FFqDh6OPkJH9jbNkeysbE0D8X,2.9752560000000003,3.4339160000000004,4.420291000000001,0,1806000,23.429828,Interactive,1,1.75
604800,acNe1yiWIYqeezhBFm0Kia0kS0EYP21EUTHo2K9FFqDh6OPkJH9jbNkeysbE0D8X,3.189555,5.504982,8.733905,0,1806000,23.429828,Interactive,1,1.75
605100,acNe1yiWIYqeezhBFm0Kia0kS0EYP21EUTHo2K9FFqDh6OPkJH9jbNkeysbE0D8X,3.011531,3.383135,4.013381,0,1806000,23.429828,Interactive,1,1.75
605400,acNe1yiWIYqeezhBFm0Kia0kS0EYP21EUTHo2K9FFqDh6OPkJH9jbNkeysbE0D8X,3.1602650000000003,3.550592,4.513617,0,1806000,23.429828,Interactive,1,1.75
605700,acNe1yiWIYqeezhBFm0Kia0kS0EYP21EUTHo2K9FFqDh6OPkJH9jbNkeysbE0D8X,3.105726,3.5452480000000004,4.216542,0,1806000,23.429828,Interactive,1,1.75
606000,acNe1yiWIYqeezhBFm0Kia0kS0EYP21EUTHo2K9FFqDh6OPkJH9jbNkeysbE0D8X,2.999532,3.411368,4.3451,0,1806000,23.429828,Interactive,1,1.75
606300,acNe1yiWIYqeezhBFm0Kia0kS0EYP21EUTHo2K9FFqDh6OPkJH9jbNkeysbE0D8X,3.183263,3.523279,4.475335,0,1806000,23.429828,Interactive,1,1.75
606600,acNe1yiWIYqeezhBFm0Kia0kS0EYP21EUTHo2K9FFqDh6OPkJH9jbNkeysbE0D8X,3.039788,3.518983,4.180873,0,1806000,23.429828,Interactive,1,1.75
606900,acNe1yiWIYqeezhBFm0Kia0kS0EYP21EUTHo2K9FFqDh6OPkJH9jbNkeysbE0D8X,3.160899,3.4510690000000004,4.368592,0,1806000,23.429828,Interactive,1,1.75
607200,acNe1yiWIYqeezhBFm0Kia0kS0EYP21EUTHo2K9FFqDh6OPkJH9jbNkeysbE0D8X,3.201435,3.718808,4.658553,0,1806000,23.429828,Interactive,1,1.75
607500,acNe1yiWIYqeezhBFm0Kia0kS0EYP21EUTHo2K9FFqDh6OPkJH9jbNkeysbE0D8X,3.039843,3.5586550000000003,4.213555,0,1806000,23.429828,Interactive,1,1.75
607800,acNe1yiWIYqeezhBFm0Kia0kS0EYP21EUTHo2K9FFqDh6OPkJH9jbNkeysbE0D8X,2.9129560000000003,3.724305,7.09915,0,1806000,23.429828,Interactive,1,1.75
608100,acNe1yiWIYqeezhBFm0Kia0kS0EYP21EUTHo2K9FFqDh6OPkJH9jbNkeysbE0D8X,3.071297,3.520188,4.474697,0,1806000,23.429828,Interactive,1,1.75
608400,acNe1yiWIYqeezhBFm0Kia0kS0EYP21EUTHo2K9FFqDh6OPkJH9jbNkeysbE0D8X,3.033062,5.099603,8.610698,0,1806000,23.429828,Interactive,1,1.75
608700,acNe1yiWIYqeezhBFm0Kia0kS0EYP21EUTHo2K9FFqDh6OPkJH9jbNkeysbE0D8X,3.062836,3.456165,4.2417620000000005,0,1806000,23.429828,Interactive,1,1.75
609000,acNe1yiWIYqeezhBFm0Kia0kS0EYP21EUTHo2K9FFqDh6OPkJH9jbNkeysbE0D8X,3.158816,3.743737,5.273091,0,1806000,23.429828,Interactive,1,1.75
609300,acNe1yiWIYqeezhBFm0Kia0kS0EYP21EUTHo2K9FFqDh6OPkJH9jbNkeysbE0D8X,2.922615,3.47834,4.249466,0,1806000,23.429828,Interactive,1,1.75
609600,acNe1yiWIYqeezhBFm0Kia0kS0EYP21EUTHo2K9FFqDh6OPkJH9jbNkeysbE0D8X,3.110231,3.4781440000000003,4.261163,0,1806000,23.429828,Interactive,1,1.75
609900,acNe1yiWIYqeezhBFm0Kia0kS0EYP21EUTHo2K9FFqDh6OPkJH9jbNkeysbE0D8X,3.062604,3.481495,4.432947,0,1806000,23.429828,Interactive,1,1.75
610200,acNe1yiWIYqeezhBFm0Kia0kS0EYP21EUTHo2K9FFqDh6OPkJH9jbNkeysbE0D8X,3.196619,3.735654,4.48372,0,1806000,23.429828,Interactive,1,1.75
610500,acNe1yiWIYqeezhBFm0Kia0kS0EYP21EUTHo2K9FFqDh6OPkJH9jbNkeysbE0D8X,2.780054,3.613156,6.812865,0,1806000,23.429828,Interactive,1,1.75
610800,acNe1yiWIYqeezhBFm0Kia0kS0EYP21EUTHo2K9FFqDh6OPkJH9jbNkeysbE0D8X,3.17165,3.5508370000000005,4.487172,0,1806000,23.429828,Interactive,1,1.75
611100,acNe1yiWIYqeezhBFm0Kia0kS0EYP21EUTHo2K9FFqDh6OPkJH9jbNkeysbE0D8X,3.136627,3.5377050000000003,4.114245,0,1806000,23.429828,Interactive,1,1.75
611400,acNe1yiWIYqeezhBFm0Kia0kS0EYP21EUTHo2K9FFqDh6OPkJH9jbNkeysbE0D8X,3.0950290000000003,3.462528,4.236997,0,1806000,23.429828,Interactive,1,1.75
611700,acNe1yiWIYqeezhBFm0Kia0kS0EYP21EUTHo2K9FFqDh6OPkJH9jbNkeysbE0D8X,3.11102,3.5380300000000005,4.634379,0,1806000,23.429828,Interactive,1,1.75
612000,acNe1yiWIYqeezhBFm0Kia0kS0EYP21EUTHo2K9FFqDh6OPkJH9jbNkeysbE0D8X,3.050432,3.758595,6.336792,0,1806000,23.429828,Interactive,1,1.75
612300,acNe1yiWIYqeezhBFm0Kia0kS0EYP21EUTHo2K9FFqDh6OPkJH9jbNkeysbE0D8X,3.064068,4.759543,7.823453999999999,0,1806000,23.429828,Interactive,1,1.75
612600,acNe1yiWIYqeezhBFm0Kia0kS0EYP21EUTHo2K9FFqDh6OPkJH9jbNkeysbE0D8X,3.195712,3.523913,4.344918,0,1806000,23.429828,Interactive,1,1.75
612900,acNe1yiWIYqeezhBFm0Kia0kS0EYP21EUTHo2K9FFqDh6OPkJH9jbNkeysbE0D8X,3.119707,3.457614,4.062705,0,1806000,23.429828,Interactive,1,1.75
613200,acNe1yiWIYqeezhBFm0Kia0kS0EYP21EUTHo2K9FFqDh6OPkJH9jbNkeysbE0D8X,2.890206,3.664755,7.115032000000001,0,1806000,23.429828,Interactive,1,1.75
613500,acNe1yiWIYqeezhBFm0Kia0kS0EYP21EUTHo2K9FFqDh6OPkJH9jbNkeysbE0D8X,3.047962,3.5672,4.378913,0,1806000,23.429828,Interactive,1,1.75
613800,acNe1yiWIYqeezhBFm0Kia0kS0EYP21EUTHo2K9FFqDh6OPkJH9jbNkeysbE0D8X,2.970545,3.4908019999999995,4.078372,0,1806000,23.429828,Interactive,1,1.75
614100,acNe1yiWIYqeezhBFm0Kia0kS0EYP21EUTHo2K9FFqDh6OPkJH9jbNkeysbE0D8X,2.874918,3.241216,3.887014,0,1806000,23.429828,Interactive,1,1.75
614400,acNe1yiWIYqeezhBFm0Kia0kS0EYP21EUTHo2K9FFqDh6OPkJH9jbNkeysbE0D8X,3.108883,3.526758,4.35717,0,1806000,23.429828,Interactive,1,1.75
614700,acNe1yiWIYqeezhBFm0Kia0kS0EYP21EUTHo2K9FFqDh6OPkJH9jbNkeysbE0D8X,2.841541,3.3898010000000003,3.899725,0,1806000,23.429828,Interactive,1,1.75
615000,acNe1yiWIYqeezhBFm0Kia0kS0EYP21EUTHo2K9FFqDh6OPkJH9jbNkeysbE0D8X,3.018098,3.36017,4.14657,0,1806000,23.429828,Interactive,1,1.75
615300,acNe1yiWIYqeezhBFm0Kia0kS0EYP21EUTHo2K9FFqDh6OPkJH9jbNkeysbE0D8X,2.888302,3.397179,4.026133,0,1806000,23.429828,Interactive,1,1.75
615600,acNe1yiWIYqeezhBFm0Kia0kS0EYP21EUTHo2K9FFqDh6OPkJH9jbNkeysbE0D8X,3.124834,3.543021,4.108174,0,1806000,23.429828,Interactive,1,1.75
615900,acNe1yiWIYqeezhBFm0Kia0kS0EYP21EUTHo2K9FFqDh6OPkJH9jbNkeysbE0D8X,3.366124,6.338774,8.010455,0,1806000,23.429828,Interactive,1,1.75
616200,acNe1yiWIYqeezhBFm0Kia0kS0EYP21EUTHo2K9FFqDh6OPkJH9jbNkeysbE0D8X,3.109832,3.531569,4.098839,0,1806000,23.429828,Interactive,1,1.75
616500,acNe1yiWIYqeezhBFm0Kia0kS0EYP21EUTHo2K9FFqDh6OPkJH9jbNkeysbE0D8X,2.945074,3.332202,3.946632,0,1806000,23.429828,Interactive,1,1.75
616800,acNe1yiWIYqeezhBFm0Kia0kS0EYP21EUTHo2K9FFqDh6OPkJH9jbNkeysbE0D8X,2.865007,3.376421,4.119581,0,1806000,23.429828,Interactive,1,1.75
617100,acNe1yiWIYqeezhBFm0Kia0kS0EYP21EUTHo2K9FFqDh6OPkJH9jbNkeysbE0D8X,3.167714,3.533926,4.5679300000000005,0,1806000,23.429828,Interactive,1,1.75
617400,acNe1yiWIYqeezhBFm0Kia0kS0EYP21EUTHo2K9FFqDh6OPkJH9jbNkeysbE0D8X,2.664355,3.292413,3.954031,0,1806000,23.429828,Interactive,1,1.75
617700,acNe1yiWIYqeezhBFm0Kia0kS0EYP21EUTHo2K9FFqDh6OPkJH9jbNkeysbE0D8X,2.710758,3.43583,4.091872,0,1806000,23.429828,Interactive,1,1.75
618000,acNe1yiWIYqeezhBFm0Kia0kS0EYP21EUTHo2K9FFqDh6OPkJH9jbNkeysbE0D8X,2.9603040000000003,3.294922,3.932221,0,1806000,23.429828,Interactive,1,1.75
618300,acNe1yiWIYqeezhBFm0Kia0kS0EYP21EUTHo2K9FFqDh6OPkJH9jbNkeysbE0D8X,3.117299,3.5975550000000003,4.353314,0,1806000,23.429828,Interactive,1,1.75
618600,acNe1yiWIYqeezhBFm0Kia0kS0EYP21EUTHo2K9FFqDh6OPkJH9jbNkeysbE0D8X,2.874272,3.204556,3.722128,0,1806000,23.429828,Interactive,1,1.75
618900,acNe1yiWIYqeezhBFm0Kia0kS0EYP21EUTHo2K9FFqDh6OPkJH9jbNkeysbE0D8X,3.076989,3.771432,4.572789,0,1806000,23.429828,Interactive,1,1.75
619200,acNe1yiWIYqeezhBFm0Kia0kS0EYP21EUTHo2K9FFqDh6OPkJH9jbNkeysbE0D8X,2.809502,3.282971,3.884573000000001,0,1806000,23.429828,Interactive,1,1.75
619500,acNe1yiWIYqeezhBFm0Kia0kS0EYP21EUTHo2K9FFqDh6OPkJH9jbNkeysbE0D8X,3.106913,3.4965050000000004,4.270624,0,1806000,23.429828,Interactive,1,1.75
619800,acNe1yiWIYqeezhBFm0Kia0kS0EYP21EUTHo2K9FFqDh6OPkJH9jbNkeysbE0D8X,3.13202,4.835767,9.687773,0,1806000,23.429828,Interactive,1,1.75
620100,acNe1yiWIYqeezhBFm0Kia0kS0EYP21EUTHo2K9FFqDh6OPkJH9jbNkeysbE0D8X,2.855005,3.4076980000000003,4.153282,0,1806000,23.429828,Interactive,1,1.75
620400,acNe1yiWIYqeezhBFm0Kia0kS0EYP21EUTHo2K9FFqDh6OPkJH9jbNkeysbE0D8X,3.09281,3.3778300000000003,4.115773,0,1806000,23.429828,Interactive,1,1.75
620700,acNe1yiWIYqeezhBFm0Kia0kS0EYP21EUTHo2K9FFqDh6OPkJH9jbNkeysbE0D8X,2.875514,3.400176,4.104227,0,1806000,23.429828,Interactive,1,1.75
621000,acNe1yiWIYqeezhBFm0Kia0kS0EYP21EUTHo2K9FFqDh6OPkJH9jbNkeysbE0D8X,3.090681,3.4176260000000003,4.028942,0,1806000,23.429828,Interactive,1,1.75
621300,acNe1yiWIYqeezhBFm0Kia0kS0EYP21EUTHo2K9FFqDh6OPkJH9jbNkeysbE0D8X,2.909842,3.18922,3.660806,0,1806000,23.429828,Interactive,1,1.75
621600,acNe1yiWIYqeezhBFm0Kia0kS0EYP21EUTHo2K9FFqDh6OPkJH9jbNkeysbE0D8X,2.897977,3.393824,3.994489,0,1806000,23.429828,Interactive,1,1.75
621900,acNe1yiWIYqeezhBFm0Kia0kS0EYP21EUTHo2K9FFqDh6OPkJH9jbNkeysbE0D8X,3.0229060000000003,3.322027,3.918636,0,1806000,23.429828,Interactive,1,1.75
622200,acNe1yiWIYqeezhBFm0Kia0kS0EYP21EUTHo2K9FFqDh6OPkJH9jbNkeysbE0D8X,2.922556,3.374507,4.198253,0,1806000,23.429828,Interactive,1,1.75
622500,acNe1yiWIYqeezhBFm0Kia0kS0EYP21EUTHo2K9FFqDh6OPkJH9jbNkeysbE0D8X,3.086549,3.41621,3.968148,0,1806000,23.429828,Interactive,1,1.75
622800,acNe1yiWIYqeezhBFm0Kia0kS0EYP21EUTHo2K9FFqDh6OPkJH9jbNkeysbE0D8X,2.887577,3.3983760000000003,4.016361,0,1806000,23.429828,Interactive,1,1.75
623100,acNe1yiWIYqeezhBFm0Kia0kS0EYP21EUTHo2K9FFqDh6OPkJH9jbNkeysbE0D8X,3.166796,3.490475,4.349228,0,1806000,23.429828,Interactive,1,1.75
623400,acNe1yiWIYqeezhBFm0Kia0kS0EYP21EUTHo2K9FFqDh6OPkJH9jbNkeysbE0D8X,2.691745,4.608054,8.136968,0,1806000,23.429828,Interactive,1,1.75
623700,acNe1yiWIYqeezhBFm0Kia0kS0EYP21EUTHo2K9FFqDh6OPkJH9jbNkeysbE0D8X,3.074448,3.4565910000000004,4.041142,0,1806000,23.429828,Interactive,1,1.75
624000,acNe1yiWIYqeezhBFm0Kia0kS0EYP21EUTHo2K9FFqDh6OPkJH9jbNkeysbE0D8X,3.0330790000000003,3.261059,3.613064,0,1806000,23.429828,Interactive,1,1.75
624300,acNe1yiWIYqeezhBFm0Kia0kS0EYP21EUTHo2K9FFqDh6OPkJH9jbNkeysbE0D8X,3.118804,3.5124440000000003,4.03483,0,1806000,23.429828,Interactive,1,1.75
624600,acNe1yiWIYqeezhBFm0Kia0kS0EYP21EUTHo2K9FFqDh6OPkJH9jbNkeysbE0D8X,3.038869,3.3269940000000005,3.927154,0,1806000,23.429828,Interactive,1,1.75
624900,acNe1yiWIYqeezhBFm0Kia0kS0EYP21EUTHo2K9FFqDh6OPkJH9jbNkeysbE0D8X,2.96224,3.383214,4.131915,0,1806000,23.429828,Interactive,1,1.75
625200,acNe1yiWIYqeezhBFm0Kia0kS0EYP21EUTHo2K9FFqDh6OPkJH9jbNkeysbE0D8X,3.150719,3.452152,4.30301,0,1806000,23.429828,Interactive,1,1.75
625500,acNe1yiWIYqeezhBFm0Kia0kS0EYP21EUTHo2K9FFqDh6OPkJH9jbNkeysbE0D8X,2.914614,3.3769910000000003,4.001898000000001,0,1806000,23.429828,Interactive,1,1.75
625800,acNe1yiWIYqeezhBFm0Kia0kS0EYP21EUTHo2K9FFqDh6OPkJH9jbNkeysbE0D8X,3.189416,3.497282,4.265905,0,1806000,23.429828,Interactive,1,1.75
626100,acNe1yiWIYqeezhBFm0Kia0kS0EYP21EUTHo2K9FFqDh6OPkJH9jbNkeysbE0D8X,3.038417,3.408876,4.140904,0,1806000,23.429828,Interactive,1,1.75
626400,acNe1yiWIYqeezhBFm0Kia0kS0EYP21EUTHo2K9FFqDh6OPkJH9jbNkeysbE0D8X,3.205001,3.516107,4.146641000000001,0,1806000,23.429828,Interactive,1,1.75
626700,acNe1yiWIYqeezhBFm0Kia0kS0EYP21EUTHo2K9FFqDh6OPkJH9jbNkeysbE0D8X,2.593633,3.189351,3.738298,0,1806000,23.429828,Interactive,1,1.75
627000,acNe1yiWIYqeezhBFm0Kia0kS0EYP21EUTHo2K9FFqDh6OPkJH9jbNkeysbE0D8X,3.09057,4.79755,9.016256,0,1806000,23.429828,Interactive,1,1.75
627300,acNe1yiWIYqeezhBFm0Kia0kS0EYP21EUTHo2K9FFqDh6OPkJH9jbNkeysbE0D8X,3.115189,3.408442,4.214968,0,1806000,23.429828,Interactive,1,1.75
627600,acNe1yiWIYqeezhBFm0Kia0kS0EYP21EUTHo2K9FFqDh6OPkJH9jbNkeysbE0D8X,3.090153,3.428907,4.194186,0,1806000,23.429828,Interactive,1,1.75
627900,acNe1yiWIYqeezhBFm0Kia0kS0EYP21EUTHo2K9FFqDh6OPkJH9jbNkeysbE0D8X,2.9535720000000003,3.4380910000000005,4.132585,0,1806000,23.429828,Interactive,1,1.75
628200,acNe1yiWIYqeezhBFm0Kia0kS0EYP21EUTHo2K9FFqDh6OPkJH9jbNkeysbE0D8X,2.815306,3.335487,4.014298,0,1806000,23.429828,Interactive,1,1.75
628500,acNe1yiWIYqeezhBFm0Kia0kS0EYP21EUTHo2K9FFqDh6OPkJH9jbNkeysbE0D8X,3.132268,3.398782,4.275780999999999,0,1806000,23.429828,Interactive,1,1.75
628800,acNe1yiWIYqeezhBFm0Kia0kS0EYP21EUTHo2K9FFqDh6OPkJH9jbNkeysbE0D8X,2.812575,3.325989,4.1286190000000005,0,1806000,23.429828,Interactive,1,1.75
629100,acNe1yiWIYqeezhBFm0Kia0kS0EYP21EUTHo2K9FFqDh6OPkJH9jbNkeysbE0D8X,3.036005,3.464727,4.112404,0,1806000,23.429828,Interactive,1,1.75
629400,acNe1yiWIYqeezhBFm0Kia0kS0EYP21EUTHo2K9FFqDh6OPkJH9jbNkeysbE0D8X,2.977744,3.235267,3.714967,0,1806000,23.429828,Interactive,1,1.75
629700,acNe1yiWIYqeezhBFm0Kia0kS0EYP21EUTHo2K9FFqDh6OPkJH9jbNkeysbE0D8X,3.211905,3.603234,4.157719,0,1806000,23.429828,Interactive,1,1.75
630000,acNe1yiWIYqeezhBFm0Kia0kS0EYP21EUTHo2K9FFqDh6OPkJH9jbNkeysbE0D8X,3.077847,3.43496,4.051168,0,1806000,23.429828,Interactive,1,1.75
630300,acNe1yiWIYqeezhBFm0Kia0kS0EYP21EUTHo2K9FFqDh6OPkJH9jbNkeysbE0D8X,3.22648,3.468761,4.263073,0,1806000,23.429828,Interactive,1,1.75
630600,acNe1yiWIYqeezhBFm0Kia0kS0EYP21EUTHo2K9FFqDh6OPkJH9jbNkeysbE0D8X,3.296918,4.436658,7.793933999999999,0,1806000,23.429828,Interactive,1,1.75
630900,acNe1yiWIYqeezhBFm0Kia0kS0EYP21EUTHo2K9FFqDh6OPkJH9jbNkeysbE0D8X,2.7812900000000003,3.739047,7.191347,0,1806000,23.429828,Interactive,1,1.75
631200,acNe1yiWIYqeezhBFm0Kia0kS0EYP21EUTHo2K9FFqDh6OPkJH9jbNkeysbE0D8X,3.146895,3.4278089999999994,4.293627,0,1806000,23.429828,Interactive,1,1.75
631500,acNe1yiWIYqeezhBFm0Kia0kS0EYP21EUTHo2K9FFqDh6OPkJH9jbNkeysbE0D8X,3.186527,3.4980300000000004,4.155343,0,1806000,23.429828,Interactive,1,1.75
631800,acNe1yiWIYqeezhBFm0Kia0kS0EYP21EUTHo2K9FFqDh6OPkJH9jbNkeysbE0D8X,3.190623,3.543209,4.188242,0,1806000,23.429828,Interactive,1,1.75
632100,acNe1yiWIYqeezhBFm0Kia0kS0EYP21EUTHo2K9FFqDh6OPkJH9jbNkeysbE0D8X,3.026035,3.25578,3.501375,0,1806000,23.429828,Interactive,1,1.75
632400,acNe1yiWIYqeezhBFm0Kia0kS0EYP21EUTHo2K9FFqDh6OPkJH9jbNkeysbE0D8X,3.114856,3.4718980000000004,4.071634,0,1806000,23.429828,Interactive,1,1.75
632700,acNe1yiWIYqeezhBFm0Kia0kS0EYP21EUTHo2K9FFqDh6OPkJH9jbNkeysbE0D8X,3.033954,3.323707,3.975539,0,1806000,23.429828,Interactive,1,1.75
633000,acNe1yiWIYqeezhBFm0Kia0kS0EYP21EUTHo2K9FFqDh6OPkJH9jbNkeysbE0D8X,3.113161,3.403982,4.242968,0,1806000,23.429828,Interactive,1,1.75
633300,acNe1yiWIYqeezhBFm0Kia0kS0EYP21EUTHo2K9FFqDh6OPkJH9jbNkeysbE0D8X,3.029841,3.431871,4.045726,0,1806000,23.429828,Interactive,1,1.75
633600,acNe1yiWIYqeezhBFm0Kia0kS0EYP21EUTHo2K9FFqDh6OPkJH9jbNkeysbE0D8X,2.734585,3.3761410000000005,4.029975,0,1806000,23.429828,Interactive,1,1.75
633900,acNe1yiWIYqeezhBFm0Kia0kS0EYP21EUTHo2K9FFqDh6OPkJH9jbNkeysbE0D8X,3.243386,3.4864839999999995,4.190939,0,1806000,23.429828,Interactive,1,1.75
634200,acNe1yiWIYqeezhBFm0Kia0kS0EYP21EUTHo2K9FFqDh6OPkJH9jbNkeysbE0D8X,3.141626,3.820006,6.809216999999999,0,1806000,23.429828,Interactive,1,1.75
634500,acNe1yiWIYqeezhBFm0Kia0kS0EYP21EUTHo2K9FFqDh6OPkJH9jbNkeysbE0D8X,3.201505,4.802552,7.701131,0,1806000,23.429828,Interactive,1,1.75
634800,acNe1yiWIYqeezhBFm0Kia0kS0EYP21EUTHo2K9FFqDh6OPkJH9jbNkeysbE0D8X,2.799456,3.659623,6.639106,0,1806000,23.429828,Interactive,1,1.75
635100,acNe1yiWIYqeezhBFm0Kia0kS0EYP21EUTHo2K9FFqDh6OPkJH9jbNkeysbE0D8X,3.175926,3.540365,4.0712660000000005,0,1806000,23.429828,Interactive,1,1.75
635400,acNe1yiWIYqeezhBFm0Kia0kS0EYP21EUTHo2K9FFqDh6OPkJH9jbNkeysbE0D8X,3.119986,3.799143,7.001915,0,1806000,23.429828,Interactive,1,1.75
635700,acNe1yiWIYqeezhBFm0Kia0kS0EYP21EUTHo2K9FFqDh6OPkJH9jbNkeysbE0D8X,2.928906,3.368865,4.029886,0,1806000,23.429828,Interactive,1,1.75
636000,acNe1yiWIYqeezhBFm0Kia0kS0EYP21EUTHo2K9FFqDh6OPkJH9jbNkeysbE0D8X,3.123485,3.704764,6.626005999999999,0,1806000,23.429828,Interactive,1,1.75
636300,acNe1yiWIYqeezhBFm0Kia0kS0EYP21EUTHo2K9FFqDh6OPkJH9jbNkeysbE0D8X,2.914431,3.682374,6.974382,0,1806000,23.429828,Interactive,1,1.75
636600,acNe1yiWIYqeezhBFm0Kia0kS0EYP21EUTHo2K9FFqDh6OPkJH9jbNkeysbE0D8X,3.185732,3.4512970000000003,4.200772,0,1806000,23.429828,Interactive,1,1.75
636900,acNe1yiWIYqeezhBFm0Kia0kS0EYP21EUTHo2K9FFqDh6OPkJH9jbNkeysbE0D8X,3.20607,3.900659,7.112406,0,1806000,23.429828,Interactive,1,1.75
637200,acNe1yiWIYqeezhBFm0Kia0kS0EYP21EUTHo2K9FFqDh6OPkJH9jbNkeysbE0D8X,3.068654,3.452964,3.984549,0,1806000,23.429828,Interactive,1,1.75
637500,acNe1yiWIYqeezhBFm0Kia0kS0EYP21EUTHo2K9FFqDh6OPkJH9jbNkeysbE0D8X,3.140865,3.807184,7.886684,0,1806000,23.429828,Interactive,1,1.75
637800,acNe1yiWIYqeezhBFm0Kia0kS0EYP21EUTHo2K9FFqDh6OPkJH9jbNkeysbE0D8X,3.182642,3.580653,4.149639,0,1806000,23.429828,Interactive,1,1.75
638100,acNe1yiWIYqeezhBFm0Kia0kS0EYP21EUTHo2K9FFqDh6OPkJH9jbNkeysbE0D8X,2.888485,5.048941,9.282135,0,1806000,23.429828,Interactive,1,1.75
638400,acNe1yiWIYqeezhBFm0Kia0kS0EYP21EUTHo2K9FFqDh6OPkJH9jbNkeysbE0D8X,3.163263,3.436853,4.101948999999999,0,1806000,23.429828,Interactive,1,1.75
638700,acNe1yiWIYqeezhBFm0Kia0kS0EYP21EUTHo2K9FFqDh6OPkJH9jbNkeysbE0D8X,3.155619,3.792978,6.898441,0,1806000,23.429828,Interactive,1,1.75
639000,acNe1yiWIYqeezhBFm0Kia0kS0EYP21EUTHo2K9FFqDh6OPkJH9jbNkeysbE0D8X,3.067281,3.755438,7.193623,0,1806000,23.429828,Interactive,1,1.75
639300,acNe1yiWIYqeezhBFm0Kia0kS0EYP21EUTHo2K9FFqDh6OPkJH9jbNkeysbE0D8X,3.1127830000000003,3.307601,4.106516,0,1806000,23.429828,Interactive,1,1.75
639600,acNe1yiWIYqeezhBFm0Kia0kS0EYP21EUTHo2K9FFqDh6OPkJH9jbNkeysbE0D8X,3.138954,3.778356,6.928225,0,1806000,23.429828,Interactive,1,1.75
639900,acNe1yiWIYqeezhBFm0Kia0kS0EYP21EUTHo2K9FFqDh6OPkJH9jbNkeysbE0D8X,3.157403,3.552662,4.081086,0,1806000,23.429828,Interactive,1,1.75
640200,acNe1yiWIYqeezhBFm0Kia0kS0EYP21EUTHo2K9FFqDh6OPkJH9jbNkeysbE0D8X,3.071413,3.699166,7.0759,0,1806000,23.429828,Interactive,1,1.75
640500,acNe1yiWIYqeezhBFm0Kia0kS0EYP21EUTHo2K9FFqDh6OPkJH9jbNkeysbE0D8X,3.222227,3.5703480000000005,4.084537,0,1806000,23.429828,Interactive,1,1.75
640800,acNe1yiWIYqeezhBFm0Kia0kS0EYP21EUTHo2K9FFqDh6OPkJH9jbNkeysbE0D8X,3.163129,3.850857,7.492248,0,1806000,23.429828,Interactive,1,1.75
641100,acNe1yiWIYqeezhBFm0Kia0kS0EYP21EUTHo2K9FFqDh6OPkJH9jbNkeysbE0D8X,3.0718490000000003,3.445268,4.208237,0,1806000,23.429828,Interactive,1,1.75
641400,acNe1yiWIYqeezhBFm0Kia0kS0EYP21EUTHo2K9FFqDh6OPkJH9jbNkeysbE0D8X,3.175907,3.898175,7.547569,0,1806000,23.429828,Interactive,1,1.75
641700,acNe1yiWIYqeezhBFm0Kia0kS0EYP21EUTHo2K9FFqDh6OPkJH9jbNkeysbE0D8X,3.353483,5.434955,7.705694,0,1806000,23.429828,Interactive,1,1.75
642000,acNe1yiWIYqeezhBFm0Kia0kS0EYP21EUTHo2K9FFqDh6OPkJH9jbNkeysbE0D8X,3.058176,3.381988,4.281478,0,1806000,23.429828,Interactive,1,1.75
642300,acNe1yiWIYqeezhBFm0Kia0kS0EYP21EUTHo2K9FFqDh6OPkJH9jbNkeysbE0D8X,3.139655,5.546608999999999,24.701726,0,1806000,23.429828,Interactive,1,1.75
642600,acNe1yiWIYqeezhBFm0Kia0kS0EYP21EUTHo2K9FFqDh6OPkJH9jbNkeysbE0D8X,3.1110990000000003,3.45481,4.248053,0,1806000,23.429828,Interactive,1,1.75
642900,acNe1yiWIYqeezhBFm0Kia0kS0EYP21EUTHo2K9FFqDh6OPkJH9jbNkeysbE0D8X,2.829766,5.664683999999999,26.415919,0,1806000,23.429828,Interactive,1,1.75
643200,acNe1yiWIYqeezhBFm0Kia0kS0EYP21EUTHo2K9FFqDh6OPkJH9jbNkeysbE0D8X,3.187528,3.899896,6.729991,0,1806000,23.429828,Interactive,1,1.75
643500,acNe1yiWIYqeezhBFm0Kia0kS0EYP21EUTHo2K9FFqDh6OPkJH9jbNkeysbE0D8X,3.097476,3.3882510000000003,4.425834,0,1806000,23.429828,Interactive,1,1.75
643800,acNe1yiWIYqeezhBFm0Kia0kS0EYP21EUTHo2K9FFqDh6OPkJH9jbNkeysbE0D8X,2.917272,3.4085410000000005,4.433763,0,1806000,23.429828,Interactive,1,1.75
644100,acNe1yiWIYqeezhBFm0Kia0kS0EYP21EUTHo2K9FFqDh6OPkJH9jbNkeysbE0D8X,3.133445,3.420106,4.149768,0,1806000,23.429828,Interactive,1,1.75
644400,acNe1yiWIYqeezhBFm0Kia0kS0EYP21EUTHo2K9FFqDh6OPkJH9jbNkeysbE0D8X,3.085029,3.466078,4.417663,0,1806000,23.429828,Interactive,1,1.75
644700,acNe1yiWIYqeezhBFm0Kia0kS0EYP21EUTHo2K9FFqDh6OPkJH9jbNkeysbE0D8X,2.982732,3.354971,4.480796,0,1806000,23.429828,Interactive,1,1.75
645000,acNe1yiWIYqeezhBFm0Kia0kS0EYP21EUTHo2K9FFqDh6OPkJH9jbNkeysbE0D8X,2.647183,3.327261,4.109477,0,1806000,23.429828,Interactive,1,1.75
645300,acNe1yiWIYqeezhBFm0Kia0kS0EYP21EUTHo2K9FFqDh6OPkJH9jbNkeysbE0D8X,3.1478040000000003,3.870657,6.41327,0,1806000,23.429828,Interactive,1,1.75
645600,acNe1yiWIYqeezhBFm0Kia0kS0EYP21EUTHo2K9FFqDh6OPkJH9jbNkeysbE0D8X,3.147155,4.420098,8.993988,0,1806000,23.429828,Interactive,1,1.75
645900,acNe1yiWIYqeezhBFm0Kia0kS0EYP21EUTHo2K9FFqDh6OPkJH9jbNkeysbE0D8X,3.145641,3.5577019999999995,4.250384,0,1806000,23.429828,Interactive,1,1.75
646200,acNe1yiWIYqeezhBFm0Kia0kS0EYP21EUTHo2K9FFqDh6OPkJH9jbNkeysbE0D8X,3.049069,3.223871,3.435393,0,1806000,23.429828,Interactive,1,1.75
646500,acNe1yiWIYqeezhBFm0Kia0kS0EYP21EUTHo2K9FFqDh6OPkJH9jbNkeysbE0D8X,2.948217,3.332422,4.031547,0,1806000,23.429828,Interactive,1,1.75
646800,acNe1yiWIYqeezhBFm0Kia0kS0EYP21EUTHo2K9FFqDh6OPkJH9jbNkeysbE0D8X,3.011314,3.416192,4.0701160000000005,0,1806000,23.429828,Interactive,1,1.75
647100,acNe1yiWIYqeezhBFm0Kia0kS0EYP21EUTHo2K9FFqDh6OPkJH9jbNkeysbE0D8X,2.919916,3.36974,4.312007,0,1806000,23.429828,Interactive,1,1.75
647400,acNe1yiWIYqeezhBFm0Kia0kS0EYP21EUTHo2K9FFqDh6OPkJH9jbNkeysbE0D8X,3.100213,3.4026120000000004,4.366496,0,1806000,23.429828,Interactive,1,1.75
647700,acNe1yiWIYqeezhBFm0Kia0kS0EYP21EUTHo2K9FFqDh6OPkJH9jbNkeysbE0D8X,2.956764,3.390906,4.152894,0,1806000,23.429828,Interactive,1,1.75
648000,acNe1yiWIYqeezhBFm0Kia0kS0EYP21EUTHo2K9FFqDh6OPkJH9jbNkeysbE0D8X,3.164771,3.450311,4.43289,0,1806000,23.429828,Interactive,1,1.75
648300,acNe1yiWIYqeezhBFm0Kia0kS0EYP21EUTHo2K9FFqDh6OPkJH9jbNkeysbE0D8X,3.168792,3.437281,4.615172,0,1806000,23.429828,Interactive,1,1.75
648600,acNe1yiWIYqeezhBFm0Kia0kS0EYP21EUTHo2K9FFqDh6OPkJH9jbNkeysbE0D8X,3.154527,3.5572790000000003,4.151249,0,1806000,23.429828,Interactive,1,1.75
648900,acNe1yiWIYqeezhBFm0Kia0kS0EYP21EUTHo2K9FFqDh6OPkJH9jbNkeysbE0D8X,3.057259,3.342925,3.786526,0,1806000,23.429828,Interactive,1,1.75
649200,acNe1yiWIYqeezhBFm0Kia0kS0EYP21EUTHo2K9FFqDh6OPkJH9jbNkeysbE0D8X,3.168651,4.848351,7.974769999999999,0,1806000,23.429828,Interactive,1,1.75
649500,acNe1yiWIYqeezhBFm0Kia0kS0EYP21EUTHo2K9FFqDh6OPkJH9jbNkeysbE0D8X,3.145686,3.476795,4.094071,0,1806000,23.429828,Interactive,1,1.75
649800,acNe1yiWIYqeezhBFm0Kia0kS0EYP21EUTHo2K9FFqDh6OPkJH9jbNkeysbE0D8X,3.111816,3.446315,4.413532,0,1806000,23.429828,Interactive,1,1.75
650100,acNe1yiWIYqeezhBFm0Kia0kS0EYP21EUTHo2K9FFqDh6OPkJH9jbNkeysbE0D8X,3.025284,3.39717,4.398777,0,1806000,23.429828,Interactive,1,1.75
650400,acNe1yiWIYqeezhBFm0Kia0kS0EYP21EUTHo2K9FFqDh6OPkJH9jbNkeysbE0D8X,3.18939,3.571597,4.233366,0,1806000,23.429828,Interactive,1,1.75
650700,acNe1yiWIYqeezhBFm0Kia0kS0EYP21EUTHo2K9FFqDh6OPkJH9jbNkeysbE0D8X,3.037369,3.3957050000000004,4.067506,0,1806000,23.429828,Interactive,1,1.75
651000,acNe1yiWIYqeezhBFm0Kia0kS0EYP21EUTHo2K9FFqDh6OPkJH9jbNkeysbE0D8X,2.9267060000000003,3.299152,4.5853150000000005,0,1806000,23.429828,Interactive,1,1.75
651300,acNe1yiWIYqeezhBFm0Kia0kS0EYP21EUTHo2K9FFqDh6OPkJH9jbNkeysbE0D8X,3.101914,3.49294,4.072816,0,1806000,23.429828,Interactive,1,1.75
651600,acNe1yiWIYqeezhBFm0Kia0kS0EYP21EUTHo2K9FFqDh6OPkJH9jbNkeysbE0D8X,3.114043,3.377245,4.001847,0,1806000,23.429828,Interactive,1,1.75
651900,acNe1yiWIYqeezhBFm0Kia0kS0EYP21EUTHo2K9FFqDh6OPkJH9jbNkeysbE0D8X,2.862859,3.511275,4.61169,0,1806000,23.429828,Interactive,1,1.75
652200,acNe1yiWIYqeezhBFm0Kia0kS0EYP21EUTHo2K9FFqDh6OPkJH9jbNkeysbE0D8X,2.893689,3.430994,4.017331,0,1806000,23.429828,Interactive,1,1.75
652500,acNe1yiWIYqeezhBFm0Kia0kS0EYP21EUTHo2K9FFqDh6OPkJH9jbNkeysbE0D8X,2.898427,3.355956,4.302504,0,1806000,23.429828,Interactive,1,1.75
652800,acNe1yiWIYqeezhBFm0Kia0kS0EYP21EUTHo2K9FFqDh6OPkJH9jbNkeysbE0D8X,3.163078,4.822752,9.156965,0,1806000,23.429828,Interactive,1,1.75
653100,acNe1yiWIYqeezhBFm0Kia0kS0EYP21EUTHo2K9FFqDh6OPkJH9jbNkeysbE0D8X,2.803309,3.4660550000000003,4.228535,0,1806000,23.429828,Interactive,1,1.75
653400,acNe1yiWIYqeezhBFm0Kia0kS0EYP21EUTHo2K9FFqDh6OPkJH9jbNkeysbE0D8X,3.003192,3.357299,4.267014,0,1806000,23.429828,Interactive,1,1.75
653700,acNe1yiWIYqeezhBFm0Kia0kS0EYP21EUTHo2K9FFqDh6OPkJH9jbNkeysbE0D8X,3.082103,3.397321,4.389002,0,1806000,23.429828,Interactive,1,1.75
654000,acNe1yiWIYqeezhBFm0Kia0kS0EYP21EUTHo2K9FFqDh6OPkJH9jbNkeysbE0D8X,3.191816,3.5946290000000003,4.198432,0,1806000,23.429828,Interactive,1,1.75
654300,acNe1yiWIYqeezhBFm0Kia0kS0EYP21EUTHo2K9FFqDh6OPkJH9jbNkeysbE0D8X,3.00942,3.373783,3.767548,0,1806000,23.429828,Interactive,1,1.75
654600,acNe1yiWIYqeezhBFm0Kia0kS0EYP21EUTHo2K9FFqDh6OPkJH9jbNkeysbE0D8X,3.058143,3.505417,4.505502,0,1806000,23.429828,Interactive,1,1.75
654900,acNe1yiWIYqeezhBFm0Kia0kS0EYP21EUTHo2K9FFqDh6OPkJH9jbNkeysbE0D8X,2.962986,3.391514,4.026582,0,1806000,23.429828,Interactive,1,1.75
655200,acNe1yiWIYqeezhBFm0Kia0kS0EYP21EUTHo2K9FFqDh6OPkJH9jbNkeysbE0D8X,3.037232,3.4195830000000003,4.3514800000000005,0,1806000,23.429828,Interactive,1,1.75
655500,acNe1yiWIYqeezhBFm0Kia0kS0EYP21EUTHo2K9FFqDh6OPkJH9jbNkeysbE0D8X,2.873221,3.348752,4.373628,0,1806000,23.429828,Interactive,1,1.75
655800,acNe1yiWIYqeezhBFm0Kia0kS0EYP21EUTHo2K9FFqDh6OPkJH9jbNkeysbE0D8X,2.789259,3.317472,4.133551000000001,0,1806000,23.429828,Interactive,1,1.75
656100,acNe1yiWIYqeezhBFm0Kia0kS0EYP21EUTHo2K9FFqDh6OPkJH9jbNkeysbE0D8X,3.094357,3.4620800000000003,4.244649,0,1806000,23.429828,Interactive,1,1.75
656400,acNe1yiWIYqeezhBFm0Kia0kS0EYP21EUTHo2K9FFqDh6OPkJH9jbNkeysbE0D8X,2.9839990000000003,4.245,7.863558,0,1806000,23.429828,Interactive,1,1.75
656700,acNe1yiWIYqeezhBFm0Kia0kS0EYP21EUTHo2K9FFqDh6OPkJH9jbNkeysbE0D8X,3.119769,3.96948,8.033455,0,1806000,23.429828,Interactive,1,1.75
657000,acNe1yiWIYqeezhBFm0Kia0kS0EYP21EUTHo2K9FFqDh6OPkJH9jbNkeysbE0D8X,2.760566,3.196904,3.562989,0,1806000,23.429828,Interactive,1,1.75
657300,acNe1yiWIYqeezhBFm0Kia0kS0EYP21EUTHo2K9FFqDh6OPkJH9jbNkeysbE0D8X,3.051407,3.5038339999999994,4.463248999999999,0,1806000,23.429828,Interactive,1,1.75
657600,acNe1yiWIYqeezhBFm0Kia0kS0EYP21EUTHo2K9FFqDh6OPkJH9jbNkeysbE0D8X,3.185359,3.470177,4.10387,0,1806000,23.429828,Interactive,1,1.75
657900,acNe1yiWIYqeezhBFm0Kia0kS0EYP21EUTHo2K9FFqDh6OPkJH9jbNkeysbE0D8X,3.02998,3.429816,4.371442,0,1806000,23.429828,Interactive,1,1.75
658200,acNe1yiWIYqeezhBFm0Kia0kS0EYP21EUTHo2K9FFqDh6OPkJH9jbNkeysbE0D8X,3.167769,3.394283,4.258384,0,1806000,23.429828,Interactive,1,1.75
658500,acNe1yiWIYqeezhBFm0Kia0kS0EYP21EUTHo2K9FFqDh6OPkJH9jbNkeysbE0D8X,3.067177,3.4016550000000003,4.153925,0,1806000,23.429828,Interactive,1,1.75
658800,acNe1yiWIYqeezhBFm0Kia0kS0EYP21EUTHo2K9FFqDh6OPkJH9jbNkeysbE0D8X,3.054854,3.375672,4.081557,0,1806000,23.429828,Interactive,1,1.75
659100,acNe1yiWIYqeezhBFm0Kia0kS0EYP21EUTHo2K9FFqDh6OPkJH9jbNkeysbE0D8X,2.983748,3.262613,4.324177,0,1806000,23.429828,Interactive,1,1.75
659400,acNe1yiWIYqeezhBFm0Kia0kS0EYP21EUTHo2K9FFqDh6OPkJH9jbNkeysbE0D8X,3.050925,3.504071,3.902498000000001,0,1806000,23.429828,Interactive,1,1.75
659700,acNe1yiWIYqeezhBFm0Kia0kS0EYP21EUTHo2K9FFqDh6OPkJH9jbNkeysbE0D8X,2.9012290000000003,3.175064,3.657061,0,1806000,23.429828,Interactive,1,1.75
660000,acNe1yiWIYqeezhBFm0Kia0kS0EYP21EUTHo2K9FFqDh6OPkJH9jbNkeysbE0D8X,2.956631,3.516043,4.325573,0,1806000,23.429828,Interactive,1,1.75
660300,acNe1yiWIYqeezhBFm0Kia0kS0EYP21EUTHo2K9FFqDh6OPkJH9jbNkeysbE0D8X,3.178037,4.935581,8.421037,0,1806000,23.429828,Interactive,1,1.75
660600,acNe1yiWIYqeezhBFm0Kia0kS0EYP21EUTHo2K9FFqDh6OPkJH9jbNkeysbE0D8X,3.0356810000000003,3.362222,4.166979,0,1806000,23.429828,Interactive,1,1.75
660900,acNe1yiWIYqeezhBFm0Kia0kS0EYP21EUTHo2K9FFqDh6OPkJH9jbNkeysbE0D8X,3.0839950000000003,3.3509330000000004,4.131496,0,1806000,23.429828,Interactive,1,1.75
661200,acNe1yiWIYqeezhBFm0Kia0kS0EYP21EUTHo2K9FFqDh6OPkJH9jbNkeysbE0D8X,2.84298,3.320464,3.94678,0,1806000,23.429828,Interactive,1,1.75
661500,acNe1yiWIYqeezhBFm0Kia0kS0EYP21EUTHo2K9FFqDh6OPkJH9jbNkeysbE0D8X,3.090705,3.394508,4.094847,0,1806000,23.429828,Interactive,1,1.75
661800,acNe1yiWIYqeezhBFm0Kia0kS0EYP21EUTHo2K9FFqDh6OPkJH9jbNkeysbE0D8X,2.864667,3.292231,4.274678,0,1806000,23.429828,Interactive,1,1.75
662100,acNe1yiWIYqeezhBFm0Kia0kS0EYP21EUTHo2K9FFqDh6OPkJH9jbNkeysbE0D8X,3.227645,3.5251879999999995,4.019602,0,1806000,23.429828,Interactive,1,1.75
662400,acNe1yiWIYqeezhBFm0Kia0kS0EYP21EUTHo2K9FFqDh6OPkJH9jbNkeysbE0D8X,3.082647,3.261073,3.604474,0,1806000,23.429828,Interactive,1,1.75
662700,acNe1yiWIYqeezhBFm0Kia0kS0EYP21EUTHo2K9FFqDh6OPkJH9jbNkeysbE0D8X,2.929354,3.4502230000000003,4.31874,0,1806000,23.429828,Interactive,1,1.75
663000,acNe1yiWIYqeezhBFm0Kia0kS0EYP21EUTHo2K9FFqDh6OPkJH9jbNkeysbE0D8X,3.081569,3.337399,3.829041,0,1806000,23.429828,Interactive,1,1.75
663300,acNe1yiWIYqeezhBFm0Kia0kS0EYP21EUTHo2K9FFqDh6OPkJH9jbNkeysbE0D8X,2.793772,3.320765,4.166726000000001,0,1806000,23.429828,Interactive,1,1.75
663600,acNe1yiWIYqeezhBFm0Kia0kS0EYP21EUTHo2K9FFqDh6OPkJH9jbNkeysbE0D8X,3.12875,3.373094,4.306469,0,1806000,23.429828,Interactive,1,1.75
663900,acNe1yiWIYqeezhBFm0Kia0kS0EYP21EUTHo2K9FFqDh6OPkJH9jbNkeysbE0D8X,3.250915,5.071462,7.863194,0,1806000,23.429828,Interactive,1,1.75
664200,acNe1yiWIYqeezhBFm0Kia0kS0EYP21EUTHo2K9FFqDh6OPkJH9jbNkeysbE0D8X,3.0819970000000003,3.787613,6.921550999999999,0,1806000,23.429828,Interactive,1,1.75
664500,acNe1yiWIYqeezhBFm0Kia0kS0EYP21EUTHo2K9FFqDh6OPkJH9jbNkeysbE0D8X,3.066351,3.354547,4.264225,0,1806000,23.429828,Interactive,1,1.75
664800,acNe1yiWIYqeezhBFm0Kia0kS0EYP21EUTHo2K9FFqDh6OPkJH9jbNkeysbE0D8X,3.175476,3.510384,4.023557,0,1806000,23.429828,Interactive,1,1.75
665100,acNe1yiWIYqeezhBFm0Kia0kS0EYP21EUTHo2K9FFqDh6OPkJH9jbNkeysbE0D8X,2.888892,3.240933,3.585446,0,1806000,23.429828,Interactive,1,1.75
665400,acNe1yiWIYqeezhBFm0Kia0kS0EYP21EUTHo2K9FFqDh6OPkJH9jbNkeysbE0D8X,3.0074400000000003,3.502354,4.44364,0,1806000,23.429828,Interactive,1,1.75
665700,acNe1yiWIYqeezhBFm0Kia0kS0EYP21EUTHo2K9FFqDh6OPkJH9jbNkeysbE0D8X,3.11641,3.466145,3.984951,0,1806000,23.429828,Interactive,1,1.75
666000,acNe1yiWIYqeezhBFm0Kia0kS0EYP21EUTHo2K9FFqDh6OPkJH9jbNkeysbE0D8X,2.876861,3.278405,4.088566,0,1806000,23.429828,Interactive,1,1.75
666300,acNe1yiWIYqeezhBFm0Kia0kS0EYP21EUTHo2K9FFqDh6OPkJH9jbNkeysbE0D8X,3.067846,3.455318,4.376771,0,1806000,23.429828,Interactive,1,1.75
666600,acNe1yiWIYqeezhBFm0Kia0kS0EYP21EUTHo2K9FFqDh6OPkJH9jbNkeysbE0D8X,2.867132,3.4773980000000004,4.436939,0,1806000,23.429828,Interactive,1,1.75
666900,acNe1yiWIYqeezhBFm0Kia0kS0EYP21EUTHo2K9FFqDh6OPkJH9jbNkeysbE0D8X,2.939832,3.324428,4.223732,0,1806000,23.429828,Interactive,1,1.75
667200,acNe1yiWIYqeezhBFm0Kia0kS0EYP21EUTHo2K9FFqDh6OPkJH9jbNkeysbE0D8X,2.944454,3.4152949999999995,4.378051999999999,0,1806000,23.429828,Interactive,1,1.75
667500,acNe1yiWIYqeezhBFm0Kia0kS0EYP21EUTHo2K9FFqDh6OPkJH9jbNkeysbE0D8X,2.972426,4.064756,8.473414,0,1806000,23.429828,Interactive,1,1.75
667800,acNe1yiWIYqeezhBFm0Kia0kS0EYP21EUTHo2K9FFqDh6OPkJH9jbNkeysbE0D8X,2.8118540000000003,4.454738,8.02404,0,1806000,23.429828,Interactive,1,1.75
668100,acNe1yiWIYqeezhBFm0Kia0kS0EYP21EUTHo2K9FFqDh6OPkJH9jbNkeysbE0D8X,2.711358,3.762044,5.270297,0,1806000,23.429828,Interactive,1,1.75
668400,acNe1yiWIYqeezhBFm0Kia0kS0EYP21EUTHo2K9FFqDh6OPkJH9jbNkeysbE0D8X,2.974545,4.215993,11.945922,0,1806000,23.429828,Interactive,1,1.75
668700,acNe1yiWIYqeezhBFm0Kia0kS0EYP21EUTHo2K9FFqDh6OPkJH9jbNkeysbE0D8X,2.671626,3.298139,4.373658,0,1806000,23.429828,Interactive,1,1.75
669000,acNe1yiWIYqeezhBFm0Kia0kS0EYP21EUTHo2K9FFqDh6OPkJH9jbNkeysbE0D8X,2.987412,5.541964,24.864885,0,1806000,23.429828,Interactive,1,1.75
669300,acNe1yiWIYqeezhBFm0Kia0kS0EYP21EUTHo2K9FFqDh6OPkJH9jbNkeysbE0D8X,3.003401,3.490553,4.225237,0,1806000,23.429828,Interactive,1,1.75
669600,acNe1yiWIYqeezhBFm0Kia0kS0EYP21EUTHo2K9FFqDh6OPkJH9jbNkeysbE0D8X,2.955374,3.38391,4.311968,0,1806000,23.429828,Interactive,1,1.75
669900,acNe1yiWIYqeezhBFm0Kia0kS0EYP21EUTHo2K9FFqDh6OPkJH9jbNkeysbE0D8X,2.8945540000000003,3.3685400000000003,4.135781,0,1806000,23.429828,Interactive,1,1.75
670200,acNe1yiWIYqeezhBFm0Kia0kS0EYP21EUTHo2K9FFqDh6OPkJH9jbNkeysbE0D8X,3.15725,3.535536,4.031959,0,1806000,23.429828,Interactive,1,1.75
670500,acNe1yiWIYqeezhBFm0Kia0kS0EYP21EUTHo2K9FFqDh6OPkJH9jbNkeysbE0D8X,3.121286,3.377642,4.537639,0,1806000,23.429828,Interactive,1,1.75
670800,acNe1yiWIYqeezhBFm0Kia0kS0EYP21EUTHo2K9FFqDh6OPkJH9jbNkeysbE0D8X,3.026278,3.439626,4.188172,0,1806000,23.429828,Interactive,1,1.75
671100,acNe1yiWIYqeezhBFm0Kia0kS0EYP21EUTHo2K9FFqDh6OPkJH9jbNkeysbE0D8X,2.795604,3.473711,4.128857,0,1806000,23.429828,Interactive,1,1.75
671400,acNe1yiWIYqeezhBFm0Kia0kS0EYP21EUTHo2K9FFqDh6OPkJH9jbNkeysbE0D8X,2.713201,4.793046,7.798691000000001,0,1806000,23.429828,Interactive,1,1.75
671700,acNe1yiWIYqeezhBFm0Kia0kS0EYP21EUTHo2K9FFqDh6OPkJH9jbNkeysbE0D8X,2.652501,3.408893,4.185904,0,1806000,23.429828,Interactive,1,1.75
672000,acNe1yiWIYqeezhBFm0Kia0kS0EYP21EUTHo2K9FFqDh6OPkJH9jbNkeysbE0D8X,3.158721,3.5625379999999995,4.20556,0,1806000,23.429828,Interactive,1,1.75
672300,acNe1yiWIYqeezhBFm0Kia0kS0EYP21EUTHo2K9FFqDh6OPkJH9jbNkeysbE0D8X,3.131359,3.450706,4.297692,0,1806000,23.429828,Interactive,1,1.75
672600,acNe1yiWIYqeezhBFm0Kia0kS0EYP21EUTHo2K9FFqDh6OPkJH9jbNkeysbE0D8X,3.006616,3.4621470000000003,4.178172,0,1806000,23.429828,Interactive,1,1.75
672900,acNe1yiWIYqeezhBFm0Kia0kS0EYP21EUTHo2K9FFqDh6OPkJH9jbNkeysbE0D8X,3.077332,3.510835,4.0655660000000005,0,1806000,23.429828,Interactive,1,1.75
673200,acNe1yiWIYqeezhBFm0Kia0kS0EYP21EUTHo2K9FFqDh6OPkJH9jbNkeysbE0D8X,3.008097,3.356592,4.387058000000001,0,1806000,23.429828,Interactive,1,1.75
673500,acNe1yiWIYqeezhBFm0Kia0kS0EYP21EUTHo2K9FFqDh6OPkJH9jbNkeysbE0D8X,2.81271,3.3765910000000003,4.027945,0,1806000,23.429828,Interactive,1,1.75
673800,acNe1yiWIYqeezhBFm0Kia0kS0EYP21EUTHo2K9FFqDh6OPkJH9jbNkeysbE0D8X,3.129381,3.459999,4.255823,0,1806000,23.429828,Interactive,1,1.75
674100,acNe1yiWIYqeezhBFm0Kia0kS0EYP21EUTHo2K9FFqDh6OPkJH9jbNkeysbE0D8X,3.000927,3.366447,4.350773,0,1806000,23.429828,Interactive,1,1.75
674400,acNe1yiWIYqeezhBFm0Kia0kS0EYP21EUTHo2K9FFqDh6OPkJH9jbNkeysbE0D8X,2.7568740000000003,3.3885019999999995,4.360192,0,1806000,23.429828,Interactive,1,1.75
674700,acNe1yiWIYqeezhBFm0Kia0kS0EYP21EUTHo2K9FFqDh6OPkJH9jbNkeysbE0D8X,2.877505,3.407404,4.203432,0,1806000,23.429828,Interactive,1,1.75
675000,acNe1yiWIYqeezhBFm0Kia0kS0EYP21EUTHo2K9FFqDh6OPkJH9jbNkeysbE0D8X,3.168485,4.916087999999999,7.865794,0,1806000,23.429828,Interactive,1,1.75
675300,acNe1yiWIYqeezhBFm0Kia0kS0EYP21EUTHo2K9FFqDh6OPkJH9jbNkeysbE0D8X,3.008322,3.3859190000000003,4.191757,0,1806000,23.429828,Interactive,1,1.75
675600,acNe1yiWIYqeezhBFm0Kia0kS0EYP21EUTHo2K9FFqDh6OPkJH9jbNkeysbE0D8X,3.209121,3.539915,4.0889,0,1806000,23.429828,Interactive,1,1.75
675900,acNe1yiWIYqeezhBFm0Kia0kS0EYP21EUTHo2K9FFqDh6OPkJH9jbNkeysbE0D8X,2.904936,3.332511,4.522867,0,1806000,23.429828,Interactive,1,1.75
676200,acNe1yiWIYqeezhBFm0Kia0kS0EYP21EUTHo2K9FFqDh6OPkJH9jbNkeysbE0D8X,3.106567,3.515045,4.282011,0,1806000,23.429828,Interactive,1,1.75
676500,acNe1yiWIYqeezhBFm0Kia0kS0EYP21EUTHo2K9FFqDh6OPkJH9jbNkeysbE0D8X,3.0605580000000003,3.478593,4.2257690000000006,0,1806000,23.429828,Interactive,1,1.75
676800,acNe1yiWIYqeezhBFm0Kia0kS0EYP21EUTHo2K9FFqDh6OPkJH9jbNkeysbE0D8X,2.981402,3.342104,4.270553,0,1806000,23.429828,Interactive,1,1.75
677100,acNe1yiWIYqeezhBFm0Kia0kS0EYP21EUTHo2K9FFqDh6OPkJH9jbNkeysbE0D8X,3.074132,3.3798230000000005,4.252974,0,1806000,23.429828,Interactive,1,1.75
677400,acNe1yiWIYqeezhBFm0Kia0kS0EYP21EUTHo2K9FFqDh6OPkJH9jbNkeysbE0D8X,2.816482,3.487946,4.371591,0,1806000,23.429828,Interactive,1,1.75
677700,acNe1yiWIYqeezhBFm0Kia0kS0EYP21EUTHo2K9FFqDh6OPkJH9jbNkeysbE0D8X,3.168692,3.460316,4.247533,0,1806000,23.429828,Interactive,1,1.75
678000,acNe1yiWIYqeezhBFm0Kia0kS0EYP21EUTHo2K9FFqDh6OPkJH9jbNkeysbE0D8X,2.82866,3.381959,4.277966999999999,0,1806000,23.429828,Interactive,1,1.75
678300,acNe1yiWIYqeezhBFm0Kia0kS0EYP21EUTHo2K9FFqDh6OPkJH9jbNkeysbE0D8X,3.095018,3.5259080000000003,4.072872,0,1806000,23.429828,Interactive,1,1.75
678600,acNe1yiWIYqeezhBFm0Kia0kS0EYP21EUTHo2K9FFqDh6OPkJH9jbNkeysbE0D8X,2.792399,3.823751,7.583112,0,1806000,23.429828,Interactive,1,1.75
678900,acNe1yiWIYqeezhBFm0Kia0kS0EYP21EUTHo2K9FFqDh6OPkJH9jbNkeysbE0D8X,2.852052,4.47014,8.425974,0,1806000,23.429828,Interactive,1,1.75
679200,acNe1yiWIYqeezhBFm0Kia0kS0EYP21EUTHo2K9FFqDh6OPkJH9jbNkeysbE0D8X,3.07555,3.556832,4.469046,0,1806000,23.429828,Interactive,1,1.75
679500,acNe1yiWIYqeezhBFm0Kia0kS0EYP21EUTHo2K9FFqDh6OPkJH9jbNkeysbE0D8X,2.663964,3.330026,4.234006,0,1806000,23.429828,Interactive,1,1.75
679800,acNe1yiWIYqeezhBFm0Kia0kS0EYP21EUTHo2K9FFqDh6OPkJH9jbNkeysbE0D8X,3.099052,3.4346330000000003,4.295613,0,1806000,23.429828,Interactive,1,1.75
680100,acNe1yiWIYqeezhBFm0Kia0kS0EYP21EUTHo2K9FFqDh6OPkJH9jbNkeysbE0D8X,2.882701,3.571784,4.436794,0,1806000,23.429828,Interactive,1,1.75
680400,acNe1yiWIYqeezhBFm0Kia0kS0EYP21EUTHo2K9FFqDh6OPkJH9jbNkeysbE0D8X,3.1373900000000003,3.4526550000000005,4.476849,0,1806000,23.429828,Interactive,1,1.75
680700,acNe1yiWIYqeezhBFm0Kia0kS0EYP21EUTHo2K9FFqDh6OPkJH9jbNkeysbE0D8X,2.8822400000000004,3.385078,4.202503,0,1806000,23.429828,Interactive,1,1.75
681000,acNe1yiWIYqeezhBFm0Kia0kS0EYP21EUTHo2K9FFqDh6OPkJH9jbNkeysbE0D8X,3.111643,3.487835,4.118774,0,1806000,23.429828,Interactive,1,1.75
681300,acNe1yiWIYqeezhBFm0Kia0kS0EYP21EUTHo2K9FFqDh6OPkJH9jbNkeysbE0D8X,2.857069,3.289128,4.385304,0,1806000,23.429828,Interactive,1,1.75
681600,acNe1yiWIYqeezhBFm0Kia0kS0EYP21EUTHo2K9FFqDh6OPkJH9jbNkeysbE0D8X,2.952728,3.47176,4.131732,0,1806000,23.429828,Interactive,1,1.75
681900,acNe1yiWIYqeezhBFm0Kia0kS0EYP21EUTHo2K9FFqDh6OPkJH9jbNkeysbE0D8X,3.031894,3.510644,4.115803,0,1806000,23.429828,Interactive,1,1.75
682200,acNe1yiWIYqeezhBFm0Kia0kS0EYP21EUTHo2K9FFqDh6OPkJH9jbNkeysbE0D8X,2.723831,3.265552,4.263334,0,1806000,23.429828,Interactive,1,1.75
682500,acNe1yiWIYqeezhBFm0Kia0kS0EYP21EUTHo2K9FFqDh6OPkJH9jbNkeysbE0D8X,3.103088,5.060798,7.891047,0,1806000,23.429828,Interactive,1,1.75
682800,acNe1yiWIYqeezhBFm0Kia0kS0EYP21EUTHo2K9FFqDh6OPkJH9jbNkeysbE0D8X,2.84457,3.5285330000000004,4.223606,0,1806000,23.429828,Interactive,1,1.75
683100,acNe1yiWIYqeezhBFm0Kia0kS0EYP21EUTHo2K9FFqDh6OPkJH9jbNkeysbE0D8X,3.078192,3.444863,4.378068,0,1806000,23.429828,Interactive,1,1.75
683400,acNe1yiWIYqeezhBFm0Kia0kS0EYP21EUTHo2K9FFqDh6OPkJH9jbNkeysbE0D8X,2.744269,3.585306,4.406267,0,1806000,23.429828,Interactive,1,1.75
683700,acNe1yiWIYqeezhBFm0Kia0kS0EYP21EUTHo2K9FFqDh6OPkJH9jbNkeysbE0D8X,3.136672,3.938113,4.398878,0,1806000,23.429828,Interactive,1,1.75
684000,acNe1yiWIYqeezhBFm0Kia0kS0EYP21EUTHo2K9FFqDh6OPkJH9jbNkeysbE0D8X,2.667467,3.53791,4.826274,0,1806000,23.429828,Interactive,1,1.75
684300,acNe1yiWIYqeezhBFm0Kia0kS0EYP21EUTHo2K9FFqDh6OPkJH9jbNkeysbE0D8X,2.964024,3.78235,4.364526000000001,0,1806000,23.429828,Interactive,1,1.75
684600,acNe1yiWIYqeezhBFm0Kia0kS0EYP21EUTHo2K9FFqDh6OPkJH9jbNkeysbE0D8X,2.430924,3.5143089999999995,5.147379,0,1806000,23.429828,Interactive,1,1.75
684900,acNe1yiWIYqeezhBFm0Kia0kS0EYP21EUTHo2K9FFqDh6OPkJH9jbNkeysbE0D8X,2.296505,4.392069,6.874807000000001,0,1806000,23.429828,Interactive,1,1.75
685200,acNe1yiWIYqeezhBFm0Kia0kS0EYP21EUTHo2K9FFqDh6OPkJH9jbNkeysbE0D8X,3.624666,4.466162000000001,5.235445,0,1806000,23.429828,Interactive,1,1.75
685500,acNe1yiWIYqeezhBFm0Kia0kS0EYP21EUTHo2K9FFqDh6OPkJH9jbNkeysbE0D8X,2.488471,3.984527,5.251126,0,1806000,23.429828,Interactive,1,1.75
685800,acNe1yiWIYqeezhBFm0Kia0kS0EYP21EUTHo2K9FFqDh6OPkJH9jbNkeysbE0D8X,3.508297,4.445212000000001,5.772935,0,1806000,23.429828,Interactive,1,1.75
686100,acNe1yiWIYqeezhBFm0Kia0kS0EYP21EUTHo2K9FFqDh6OPkJH9jbNkeysbE0D8X,2.695945,5.348531,9.101955,0,1806000,23.429828,Interactive,1,1.75
686400,acNe1yiWIYqeezhBFm0Kia0kS0EYP21EUTHo2K9FFqDh6OPkJH9jbNkeysbE0D8X,3.4495150000000003,4.665507,6.812531,0,1806000,23.429828,Interactive,1,1.75
686700,acNe1yiWIYqeezhBFm0Kia0kS0EYP21EUTHo2K9FFqDh6OPkJH9jbNkeysbE0D8X,2.47368,4.427678,9.586471,0,1806000,23.429828,Interactive,1,1.75
687000,acNe1yiWIYqeezhBFm0Kia0kS0EYP21EUTHo2K9FFqDh6OPkJH9jbNkeysbE0D8X,3.2496240000000003,6.288233,14.766701,0,1806000,23.429828,Interactive,1,1.75
687300,acNe1yiWIYqeezhBFm0Kia0kS0EYP21EUTHo2K9FFqDh6OPkJH9jbNkeysbE0D8X,2.88408,4.419163,5.197091,0,1806000,23.429828,Interactive,1,1.75
687600,acNe1yiWIYqeezhBFm0Kia0kS0EYP21EUTHo2K9FFqDh6OPkJH9jbNkeysbE0D8X,2.345793,4.029223,5.904802,0,1806000,23.429828,Interactive,1,1.75
687900,acNe1yiWIYqeezhBFm0Kia0kS0EYP21EUTHo2K9FFqDh6OPkJH9jbNkeysbE0D8X,3.262687,4.325562000000001,5.130183000000001,0,1806000,23.429828,Interactive,1,1.75
688200,acNe1yiWIYqeezhBFm0Kia0kS0EYP21EUTHo2K9FFqDh6OPkJH9jbNkeysbE0D8X,2.619324,4.044291,4.984447,0,1806000,23.429828,Interactive,1,1.75
688500,acNe1yiWIYqeezhBFm0Kia0kS0EYP21EUTHo2K9FFqDh6OPkJH9jbNkeysbE0D8X,3.591274,4.3099110000000005,6.050648000000001,0,1806000,23.429828,Interactive,1,1.75
688800,acNe1yiWIYqeezhBFm0Kia0kS0EYP21EUTHo2K9FFqDh6OPkJH9jbNkeysbE0D8X,2.560834,3.977712,4.680484,0,1806000,23.429828,Interactive,1,1.75
689100,acNe1yiWIYqeezhBFm0Kia0kS0EYP21EUTHo2K9FFqDh6OPkJH9jbNkeysbE0D8X,3.702549,4.44251,5.555333999999999,0,1806000,23.429828,Interactive,1,1.75
689400,acNe1yiWIYqeezhBFm0Kia0kS0EYP21EUTHo2K9FFqDh6OPkJH9jbNkeysbE0D8X,2.440901,3.917009,4.8140480000000005,0,1806000,23.429828,Interactive,1,1.75
689700,acNe1yiWIYqeezhBFm0Kia0kS0EYP21EUTHo2K9FFqDh6OPkJH9jbNkeysbE0D8X,3.145799,4.485177999999999,6.708108999999999,0,1806000,23.429828,Interactive,1,1.75
690000,acNe1yiWIYqeezhBFm0Kia0kS0EYP21EUTHo2K9FFqDh6OPkJH9jbNkeysbE0D8X,3.864142,5.000634,7.039027000000001,0,1806000,23.429828,Interactive,1,1.75
690300,acNe1yiWIYqeezhBFm0Kia0kS0EYP21EUTHo2K9FFqDh6OPkJH9jbNkeysbE0D8X,2.340628,3.869385,5.30041,0,1806000,23.429828,Interactive,1,1.75
690600,acNe1yiWIYqeezhBFm0Kia0kS0EYP21EUTHo2K9FFqDh6OPkJH9jbNkeysbE0D8X,2.831601,4.361357,5.358263,0,1806000,23.429828,Interactive,1,1.75
690900,acNe1yiWIYqeezhBFm0Kia0kS0EYP21EUTHo2K9FFqDh6OPkJH9jbNkeysbE0D8X,2.357885,4.030645,5.121479,0,1806000,23.429828,Interactive,1,1.75
