timestamp,vm_id,min_cpu,max_cpu,avg_cpu,timestamp vm created,timestamp vm deleted,p95 max cpu,vm_category,vm virtual core count,vm memory (gb)
0,aIp3NFGGU9dWm5X3Vw7z9776lFNPuJjB1G29ywH/662WwmqOfy6BRVLentY8lNUk,4.833055,5.594648,7.288167999999999,0,2591700,19.180548,Delay-insensitive,1,1.75
300,aIp3NFGGU9dWm5X3Vw7z9776lFNPuJjB1G29ywH/662WwmqOfy6BRVLentY8lNUk,4.860977,5.5144,6.44383,0,2591700,19.180548,Delay-insensitive,1,1.75
600,aIp3NFGGU9dWm5X3Vw7z9776lFNPuJjB1G29ywH/662WwmqOfy6BRVLentY8lNUk,4.924784,5.917774,7.810661,0,2591700,19.180548,Delay-insensitive,1,1.75
900,aIp3NFGGU9dWm5X3Vw7z9776lFNPuJjB1G29ywH/662WwmqOfy6BRVLentY8lNUk,4.689132,6.808826,18.030593,0,2591700,19.180548,Delay-insensitive,1,1.75
1200,aIp3NFGGU9dWm5X3Vw7z9776lFNPuJjB1G29ywH/662WwmqOfy6BRVLentY8lNUk,4.444083999999999,5.435732,7.290121000000001,0,2591700,19.180548,Delay-insensitive,1,1.75
1500,aIp3NFGGU9dWm5X3Vw7z9776lFNPuJjB1G29ywH/662WwmqOfy6BRVLentY8lNUk,4.826993,6.447876,11.606577,0,2591700,19.180548,Delay-insensitive,1,1.75
1800,aIp3NFGGU9dWm5X3Vw7z9776lFNPuJjB1G29ywH/662WwmqOfy6BRVLentY8lNUk,4.684653,5.900698,7.412386,0,2591700,19.180548,Delay-insensitive,1,1.75
2100,aIp3NFGGU9dWm5X3Vw7z9776lFNPuJjB1G29ywH/662WwmqOfy6BRVLentY8lNUk,4.964748,5.661811,7.465158,0,2591700,19.180548,Delay-insensitive,1,1.75
2400,aIp3NFGGU9dWm5X3Vw7z9776lFNPuJjB1G29ywH/662WwmqOfy6BRVLentY8lNUk,3.984651,5.639369,7.380782000000001,0,2591700,19.180548,Delay-insensitive,1,1.75
2700,aIp3NFGGU9dWm5X3Vw7z9776lFNPuJjB1G29ywH/662WwmqOfy6BRVLentY8lNUk,4.641504,5.727384,7.51085,0,2591700,19.180548,Delay-insensitive,1,1.75
3000,aIp3NFGGU9dWm5X3Vw7z9776lFNPuJjB1G29ywH/662WwmqOfy6BRVLentY8lNUk,4.282962,5.482111,7.075728999999999,0,2591700,19.180548,Delay-insensitive,1,1.75
3300,aIp3NFGGU9dWm5X3Vw7z9776lFNPuJjB1G29ywH/662WwmqOfy6BRVLentY8lNUk,4.742878,5.645885,7.852638000000001,0,2591700,19.180548,Delay-insensitive,1,1.75
3600,aIp3NFGGU9dWm5X3Vw7z9776lFNPuJjB1G29ywH/662WwmqOfy6BRVLentY8lNUk,4.070528,5.5164290000000005,7.726708,0,2591700,19.180548,Delay-insensitive,1,1.75
3900,aIp3NFGGU9dWm5X3Vw7z9776lFNPuJjB1G29ywH/662WwmqOfy6BRVLentY8lNUk,4.741112,5.68074,7.681408,0,2591700,19.180548,Delay-insensitive,1,1.75
4200,aIp3NFGGU9dWm5X3Vw7z9776lFNPuJjB1G29ywH/662WwmqOfy6BRVLentY8lNUk,4.869436,6.92453,15.423046,0,2591700,19.180548,Delay-insensitive,1,1.75
4500,aIp3NFGGU9dWm5X3Vw7z9776lFNPuJjB1G29ywH/662WwmqOfy6BRVLentY8lNUk,3.4576290000000003,5.570887,7.793888000000001,0,2591700,19.180548,Delay-insensitive,1,1.75
4800,aIp3NFGGU9dWm5X3Vw7z9776lFNPuJjB1G29ywH/662WwmqOfy6BRVLentY8lNUk,4.681665,5.565654,7.222506,0,2591700,19.180548,Delay-insensitive,1,1.75
5100,aIp3NFGGU9dWm5X3Vw7z9776lFNPuJjB1G29ywH/662WwmqOfy6BRVLentY8lNUk,3.902483,5.440332,7.303241000000001,0,2591700,19.180548,Delay-insensitive,1,1.75
5400,aIp3NFGGU9dWm5X3Vw7z9776lFNPuJjB1G29ywH/662WwmqOfy6BRVLentY8lNUk,4.761672,5.680424,7.254455999999999,0,2591700,19.180548,Delay-insensitive,1,1.75
5700,aIp3NFGGU9dWm5X3Vw7z9776lFNPuJjB1G29ywH/662WwmqOfy6BRVLentY8lNUk,4.103983,5.733994,6.580129,0,2591700,19.180548,Delay-insensitive,1,1.75
6000,aIp3NFGGU9dWm5X3Vw7z9776lFNPuJjB1G29ywH/662WwmqOfy6BRVLentY8lNUk,4.935916000000001,7.029497,16.577624,0,2591700,19.180548,Delay-insensitive,1,1.75
6300,aIp3NFGGU9dWm5X3Vw7z9776lFNPuJjB1G29ywH/662WwmqOfy6BRVLentY8lNUk,3.498477,5.396739,6.762254,0,2591700,19.180548,Delay-insensitive,1,1.75
6600,aIp3NFGGU9dWm5X3Vw7z9776lFNPuJjB1G29ywH/662WwmqOfy6BRVLentY8lNUk,4.888809999999999,5.7621150000000005,7.504212,0,2591700,19.180548,Delay-insensitive,1,1.75
6900,aIp3NFGGU9dWm5X3Vw7z9776lFNPuJjB1G29ywH/662WwmqOfy6BRVLentY8lNUk,4.59411,6.19913,9.523451,0,2591700,19.180548,Delay-insensitive,1,1.75
7200,aIp3NFGGU9dWm5X3Vw7z9776lFNPuJjB1G29ywH/662WwmqOfy6BRVLentY8lNUk,4.9582440000000005,8.392466,28.479674,0,2591700,19.180548,Delay-insensitive,1,1.75
7500,aIp3NFGGU9dWm5X3Vw7z9776lFNPuJjB1G29ywH/662WwmqOfy6BRVLentY8lNUk,4.662141,5.891871,7.72841,0,2591700,19.180548,Delay-insensitive,1,1.75
7800,aIp3NFGGU9dWm5X3Vw7z9776lFNPuJjB1G29ywH/662WwmqOfy6BRVLentY8lNUk,4.878533999999999,5.803518,7.537667999999999,0,2591700,19.180548,Delay-insensitive,1,1.75
8100,aIp3NFGGU9dWm5X3Vw7z9776lFNPuJjB1G29ywH/662WwmqOfy6BRVLentY8lNUk,4.600783,5.519703,7.153326,0,2591700,19.180548,Delay-insensitive,1,1.75
8400,aIp3NFGGU9dWm5X3Vw7z9776lFNPuJjB1G29ywH/662WwmqOfy6BRVLentY8lNUk,4.1316440000000005,5.57261,6.980938,0,2591700,19.180548,Delay-insensitive,1,1.75
8700,aIp3NFGGU9dWm5X3Vw7z9776lFNPuJjB1G29ywH/662WwmqOfy6BRVLentY8lNUk,4.617295,5.5930480000000005,7.353944,0,2591700,19.180548,Delay-insensitive,1,1.75
9000,aIp3NFGGU9dWm5X3Vw7z9776lFNPuJjB1G29ywH/662WwmqOfy6BRVLentY8lNUk,4.803222,5.488494,6.790685000000001,0,2591700,19.180548,Delay-insensitive,1,1.75
9300,aIp3NFGGU9dWm5X3Vw7z9776lFNPuJjB1G29ywH/662WwmqOfy6BRVLentY8lNUk,4.302786,5.665285,6.869408,0,2591700,19.180548,Delay-insensitive,1,1.75
9600,aIp3NFGGU9dWm5X3Vw7z9776lFNPuJjB1G29ywH/662WwmqOfy6BRVLentY8lNUk,3.702347,6.802267,15.919685,0,2591700,19.180548,Delay-insensitive,1,1.75
9900,aIp3NFGGU9dWm5X3Vw7z9776lFNPuJjB1G29ywH/662WwmqOfy6BRVLentY8lNUk,3.884883,5.555249,7.187748,0,2591700,19.180548,Delay-insensitive,1,1.75
10200,aIp3NFGGU9dWm5X3Vw7z9776lFNPuJjB1G29ywH/662WwmqOfy6BRVLentY8lNUk,4.614888,5.661571,6.778962,0,2591700,19.180548,Delay-insensitive,1,1.75
10500,aIp3NFGGU9dWm5X3Vw7z9776lFNPuJjB1G29ywH/662WwmqOfy6BRVLentY8lNUk,3.712123000000001,5.508148,6.958994000000001,0,2591700,19.180548,Delay-insensitive,1,1.75
10800,aIp3NFGGU9dWm5X3Vw7z9776lFNPuJjB1G29ywH/662WwmqOfy6BRVLentY8lNUk,4.682898000000001,5.599616999999999,7.021122,0,2591700,19.180548,Delay-insensitive,1,1.75
11100,aIp3NFGGU9dWm5X3Vw7z9776lFNPuJjB1G29ywH/662WwmqOfy6BRVLentY8lNUk,4.727145,5.568824,7.321139,0,2591700,19.180548,Delay-insensitive,1,1.75
11400,aIp3NFGGU9dWm5X3Vw7z9776lFNPuJjB1G29ywH/662WwmqOfy6BRVLentY8lNUk,4.57945,5.669222,6.933569,0,2591700,19.180548,Delay-insensitive,1,1.75
11700,aIp3NFGGU9dWm5X3Vw7z9776lFNPuJjB1G29ywH/662WwmqOfy6BRVLentY8lNUk,3.5681160000000003,5.462468,6.777324,0,2591700,19.180548,Delay-insensitive,1,1.75
12000,aIp3NFGGU9dWm5X3Vw7z9776lFNPuJjB1G29ywH/662WwmqOfy6BRVLentY8lNUk,4.678,5.474377,7.634639,0,2591700,19.180548,Delay-insensitive,1,1.75
12300,aIp3NFGGU9dWm5X3Vw7z9776lFNPuJjB1G29ywH/662WwmqOfy6BRVLentY8lNUk,4.70504,5.353389,6.231484,0,2591700,19.180548,Delay-insensitive,1,1.75
12600,aIp3NFGGU9dWm5X3Vw7z9776lFNPuJjB1G29ywH/662WwmqOfy6BRVLentY8lNUk,4.312999,5.278631,6.697847,0,2591700,19.180548,Delay-insensitive,1,1.75
12900,aIp3NFGGU9dWm5X3Vw7z9776lFNPuJjB1G29ywH/662WwmqOfy6BRVLentY8lNUk,4.701542,14.623562,46.264227000000005,0,2591700,19.180548,Delay-insensitive,1,1.75
13200,aIp3NFGGU9dWm5X3Vw7z9776lFNPuJjB1G29ywH/662WwmqOfy6BRVLentY8lNUk,5.248899,7.42553,18.01316,0,2591700,19.180548,Delay-insensitive,1,1.75
13500,aIp3NFGGU9dWm5X3Vw7z9776lFNPuJjB1G29ywH/662WwmqOfy6BRVLentY8lNUk,4.888699,5.577163,6.829737,0,2591700,19.180548,Delay-insensitive,1,1.75
13800,aIp3NFGGU9dWm5X3Vw7z9776lFNPuJjB1G29ywH/662WwmqOfy6BRVLentY8lNUk,4.74603,5.784986,8.067997,0,2591700,19.180548,Delay-insensitive,1,1.75
14100,aIp3NFGGU9dWm5X3Vw7z9776lFNPuJjB1G29ywH/662WwmqOfy6BRVLentY8lNUk,4.789212,6.012791,7.374082,0,2591700,19.180548,Delay-insensitive,1,1.75
14400,aIp3NFGGU9dWm5X3Vw7z9776lFNPuJjB1G29ywH/662WwmqOfy6BRVLentY8lNUk,4.730203,5.451491000000001,6.670066,0,2591700,19.180548,Delay-insensitive,1,1.75
14700,aIp3NFGGU9dWm5X3Vw7z9776lFNPuJjB1G29ywH/662WwmqOfy6BRVLentY8lNUk,4.721983,5.746143,7.673622,0,2591700,19.180548,Delay-insensitive,1,1.75
15000,aIp3NFGGU9dWm5X3Vw7z9776lFNPuJjB1G29ywH/662WwmqOfy6BRVLentY8lNUk,4.685855999999999,5.658967,6.752053,0,2591700,19.180548,Delay-insensitive,1,1.75
15300,aIp3NFGGU9dWm5X3Vw7z9776lFNPuJjB1G29ywH/662WwmqOfy6BRVLentY8lNUk,4.793951,5.651507,7.278413,0,2591700,19.180548,Delay-insensitive,1,1.75
15600,aIp3NFGGU9dWm5X3Vw7z9776lFNPuJjB1G29ywH/662WwmqOfy6BRVLentY8lNUk,4.737642,5.809851,7.393825,0,2591700,19.180548,Delay-insensitive,1,1.75
15900,aIp3NFGGU9dWm5X3Vw7z9776lFNPuJjB1G29ywH/662WwmqOfy6BRVLentY8lNUk,3.459951,5.3577010000000005,7.194775,0,2591700,19.180548,Delay-insensitive,1,1.75
16200,aIp3NFGGU9dWm5X3Vw7z9776lFNPuJjB1G29ywH/662WwmqOfy6BRVLentY8lNUk,4.786132,5.669887999999999,6.7012100000000006,0,2591700,19.180548,Delay-insensitive,1,1.75
16500,aIp3NFGGU9dWm5X3Vw7z9776lFNPuJjB1G29ywH/662WwmqOfy6BRVLentY8lNUk,3.796234,5.358559,7.316192999999999,0,2591700,19.180548,Delay-insensitive,1,1.75
16800,aIp3NFGGU9dWm5X3Vw7z9776lFNPuJjB1G29ywH/662WwmqOfy6BRVLentY8lNUk,4.742022,6.805917,12.327808,0,2591700,19.180548,Delay-insensitive,1,1.75
17100,aIp3NFGGU9dWm5X3Vw7z9776lFNPuJjB1G29ywH/662WwmqOfy6BRVLentY8lNUk,4.313918,5.488173000000001,6.679646000000001,0,2591700,19.180548,Delay-insensitive,1,1.75
17400,aIp3NFGGU9dWm5X3Vw7z9776lFNPuJjB1G29ywH/662WwmqOfy6BRVLentY8lNUk,4.327709,5.548649,7.376741,0,2591700,19.180548,Delay-insensitive,1,1.75
17700,aIp3NFGGU9dWm5X3Vw7z9776lFNPuJjB1G29ywH/662WwmqOfy6BRVLentY8lNUk,4.253282,5.206991,6.803928999999999,0,2591700,19.180548,Delay-insensitive,1,1.75
18000,aIp3NFGGU9dWm5X3Vw7z9776lFNPuJjB1G29ywH/662WwmqOfy6BRVLentY8lNUk,4.775380999999999,5.684851,7.276542999999999,0,2591700,19.180548,Delay-insensitive,1,1.75
18300,aIp3NFGGU9dWm5X3Vw7z9776lFNPuJjB1G29ywH/662WwmqOfy6BRVLentY8lNUk,4.325018,5.638955999999999,7.626597999999999,0,2591700,19.180548,Delay-insensitive,1,1.75
18600,aIp3NFGGU9dWm5X3Vw7z9776lFNPuJjB1G29ywH/662WwmqOfy6BRVLentY8lNUk,4.581674,5.584004,7.262364999999999,0,2591700,19.180548,Delay-insensitive,1,1.75
18900,aIp3NFGGU9dWm5X3Vw7z9776lFNPuJjB1G29ywH/662WwmqOfy6BRVLentY8lNUk,4.898274,5.5735410000000005,6.667667999999999,0,2591700,19.180548,Delay-insensitive,1,1.75
19200,aIp3NFGGU9dWm5X3Vw7z9776lFNPuJjB1G29ywH/662WwmqOfy6BRVLentY8lNUk,4.190606,5.488103,7.813016,0,2591700,19.180548,Delay-insensitive,1,1.75
19500,aIp3NFGGU9dWm5X3Vw7z9776lFNPuJjB1G29ywH/662WwmqOfy6BRVLentY8lNUk,4.583854,5.422362000000001,7.634251,0,2591700,19.180548,Delay-insensitive,1,1.75
19800,aIp3NFGGU9dWm5X3Vw7z9776lFNPuJjB1G29ywH/662WwmqOfy6BRVLentY8lNUk,4.223469000000001,5.540651,6.851106,0,2591700,19.180548,Delay-insensitive,1,1.75
20100,aIp3NFGGU9dWm5X3Vw7z9776lFNPuJjB1G29ywH/662WwmqOfy6BRVLentY8lNUk,4.474838,5.5467900000000006,7.520592,0,2591700,19.180548,Delay-insensitive,1,1.75
20400,aIp3NFGGU9dWm5X3Vw7z9776lFNPuJjB1G29ywH/662WwmqOfy6BRVLentY8lNUk,3.303357,6.572336999999999,18.620302,0,2591700,19.180548,Delay-insensitive,1,1.75
20700,aIp3NFGGU9dWm5X3Vw7z9776lFNPuJjB1G29ywH/662WwmqOfy6BRVLentY8lNUk,3.805833,5.518035,7.153287,0,2591700,19.180548,Delay-insensitive,1,1.75
21000,aIp3NFGGU9dWm5X3Vw7z9776lFNPuJjB1G29ywH/662WwmqOfy6BRVLentY8lNUk,4.904317,5.872677,7.246293,0,2591700,19.180548,Delay-insensitive,1,1.75
21300,aIp3NFGGU9dWm5X3Vw7z9776lFNPuJjB1G29ywH/662WwmqOfy6BRVLentY8lNUk,4.985364,5.676313,7.257883,0,2591700,19.180548,Delay-insensitive,1,1.75
21600,aIp3NFGGU9dWm5X3Vw7z9776lFNPuJjB1G29ywH/662WwmqOfy6BRVLentY8lNUk,5.100491000000001,5.795602,7.774052,0,2591700,19.180548,Delay-insensitive,1,1.75
21900,aIp3NFGGU9dWm5X3Vw7z9776lFNPuJjB1G29ywH/662WwmqOfy6BRVLentY8lNUk,4.730665,5.877432,7.023703,0,2591700,19.180548,Delay-insensitive,1,1.75
22200,aIp3NFGGU9dWm5X3Vw7z9776lFNPuJjB1G29ywH/662WwmqOfy6BRVLentY8lNUk,4.729271,5.648409,7.416625999999999,0,2591700,19.180548,Delay-insensitive,1,1.75
22500,aIp3NFGGU9dWm5X3Vw7z9776lFNPuJjB1G29ywH/662WwmqOfy6BRVLentY8lNUk,4.851178,5.824443,7.691145,0,2591700,19.180548,Delay-insensitive,1,1.75
22800,aIp3NFGGU9dWm5X3Vw7z9776lFNPuJjB1G29ywH/662WwmqOfy6BRVLentY8lNUk,4.75183,5.597298,6.993175999999999,0,2591700,19.180548,Delay-insensitive,1,1.75
23100,aIp3NFGGU9dWm5X3Vw7z9776lFNPuJjB1G29ywH/662WwmqOfy6BRVLentY8lNUk,2.993651,5.170119000000001,6.69772,0,2591700,19.180548,Delay-insensitive,1,1.75
23400,aIp3NFGGU9dWm5X3Vw7z9776lFNPuJjB1G29ywH/662WwmqOfy6BRVLentY8lNUk,4.695907,5.690608999999999,8.002381,0,2591700,19.180548,Delay-insensitive,1,1.75
23700,aIp3NFGGU9dWm5X3Vw7z9776lFNPuJjB1G29ywH/662WwmqOfy6BRVLentY8lNUk,4.6144,5.798336,7.023228,0,2591700,19.180548,Delay-insensitive,1,1.75
24000,aIp3NFGGU9dWm5X3Vw7z9776lFNPuJjB1G29ywH/662WwmqOfy6BRVLentY8lNUk,3.901677,4.924703,6.761414,0,2591700,19.180548,Delay-insensitive,1,1.75
24300,aIp3NFGGU9dWm5X3Vw7z9776lFNPuJjB1G29ywH/662WwmqOfy6BRVLentY8lNUk,4.393514,5.458016000000001,7.409016,0,2591700,19.180548,Delay-insensitive,1,1.75
24600,aIp3NFGGU9dWm5X3Vw7z9776lFNPuJjB1G29ywH/662WwmqOfy6BRVLentY8lNUk,5.004147,5.632244999999999,6.994813000000001,0,2591700,19.180548,Delay-insensitive,1,1.75
24900,aIp3NFGGU9dWm5X3Vw7z9776lFNPuJjB1G29ywH/662WwmqOfy6BRVLentY8lNUk,4.757045,5.415336,6.600768,0,2591700,19.180548,Delay-insensitive,1,1.75
25200,aIp3NFGGU9dWm5X3Vw7z9776lFNPuJjB1G29ywH/662WwmqOfy6BRVLentY8lNUk,4.351186,5.591393,7.553788000000001,0,2591700,19.180548,Delay-insensitive,1,1.75
25500,aIp3NFGGU9dWm5X3Vw7z9776lFNPuJjB1G29ywH/662WwmqOfy6BRVLentY8lNUk,3.838669,5.355824,6.412401999999999,0,2591700,19.180548,Delay-insensitive,1,1.75
25800,aIp3NFGGU9dWm5X3Vw7z9776lFNPuJjB1G29ywH/662WwmqOfy6BRVLentY8lNUk,3.307949,5.201274,6.315761,0,2591700,19.180548,Delay-insensitive,1,1.75
26100,aIp3NFGGU9dWm5X3Vw7z9776lFNPuJjB1G29ywH/662WwmqOfy6BRVLentY8lNUk,3.601024,5.258239,7.522594000000001,0,2591700,19.180548,Delay-insensitive,1,1.75
26400,aIp3NFGGU9dWm5X3Vw7z9776lFNPuJjB1G29ywH/662WwmqOfy6BRVLentY8lNUk,4.186387,5.079557,5.814675,0,2591700,19.180548,Delay-insensitive,1,1.75
26700,aIp3NFGGU9dWm5X3Vw7z9776lFNPuJjB1G29ywH/662WwmqOfy6BRVLentY8lNUk,4.300828,5.561571,7.499338000000001,0,2591700,19.180548,Delay-insensitive,1,1.75
27000,aIp3NFGGU9dWm5X3Vw7z9776lFNPuJjB1G29ywH/662WwmqOfy6BRVLentY8lNUk,4.818987,6.128417,8.278235,0,2591700,19.180548,Delay-insensitive,1,1.75
27300,aIp3NFGGU9dWm5X3Vw7z9776lFNPuJjB1G29ywH/662WwmqOfy6BRVLentY8lNUk,4.208588,5.648473,7.119747,0,2591700,19.180548,Delay-insensitive,1,1.75
27600,aIp3NFGGU9dWm5X3Vw7z9776lFNPuJjB1G29ywH/662WwmqOfy6BRVLentY8lNUk,4.791289,7.142219,17.440516,0,2591700,19.180548,Delay-insensitive,1,1.75
27900,aIp3NFGGU9dWm5X3Vw7z9776lFNPuJjB1G29ywH/662WwmqOfy6BRVLentY8lNUk,4.445551999999999,5.518199,7.793609,0,2591700,19.180548,Delay-insensitive,1,1.75
28200,aIp3NFGGU9dWm5X3Vw7z9776lFNPuJjB1G29ywH/662WwmqOfy6BRVLentY8lNUk,4.687851,5.442572,6.865882000000001,0,2591700,19.180548,Delay-insensitive,1,1.75
28500,aIp3NFGGU9dWm5X3Vw7z9776lFNPuJjB1G29ywH/662WwmqOfy6BRVLentY8lNUk,3.814064,5.509869999999999,7.356166,0,2591700,19.180548,Delay-insensitive,1,1.75
28800,aIp3NFGGU9dWm5X3Vw7z9776lFNPuJjB1G29ywH/662WwmqOfy6BRVLentY8lNUk,4.887995,5.703648,7.677614,0,2591700,19.180548,Delay-insensitive,1,1.75
29100,aIp3NFGGU9dWm5X3Vw7z9776lFNPuJjB1G29ywH/662WwmqOfy6BRVLentY8lNUk,4.575685,5.471657,6.817341000000001,0,2591700,19.180548,Delay-insensitive,1,1.75
29400,aIp3NFGGU9dWm5X3Vw7z9776lFNPuJjB1G29ywH/662WwmqOfy6BRVLentY8lNUk,3.788914,5.670118,7.728969999999999,0,2591700,19.180548,Delay-insensitive,1,1.75
29700,aIp3NFGGU9dWm5X3Vw7z9776lFNPuJjB1G29ywH/662WwmqOfy6BRVLentY8lNUk,4.9649410000000005,5.562513,7.359025,0,2591700,19.180548,Delay-insensitive,1,1.75
30000,aIp3NFGGU9dWm5X3Vw7z9776lFNPuJjB1G29ywH/662WwmqOfy6BRVLentY8lNUk,3.823104,5.165721,6.399174,0,2591700,19.180548,Delay-insensitive,1,1.75
30300,aIp3NFGGU9dWm5X3Vw7z9776lFNPuJjB1G29ywH/662WwmqOfy6BRVLentY8lNUk,4.667438,5.623093,7.189406,0,2591700,19.180548,Delay-insensitive,1,1.75
30600,aIp3NFGGU9dWm5X3Vw7z9776lFNPuJjB1G29ywH/662WwmqOfy6BRVLentY8lNUk,3.827544,5.602642,7.648438,0,2591700,19.180548,Delay-insensitive,1,1.75
30900,aIp3NFGGU9dWm5X3Vw7z9776lFNPuJjB1G29ywH/662WwmqOfy6BRVLentY8lNUk,4.905382,5.714219,7.223806,0,2591700,19.180548,Delay-insensitive,1,1.75
31200,aIp3NFGGU9dWm5X3Vw7z9776lFNPuJjB1G29ywH/662WwmqOfy6BRVLentY8lNUk,3.226485,6.662734,20.685868,0,2591700,19.180548,Delay-insensitive,1,1.75
31500,aIp3NFGGU9dWm5X3Vw7z9776lFNPuJjB1G29ywH/662WwmqOfy6BRVLentY8lNUk,4.1300300000000005,5.132541000000001,6.797011,0,2591700,19.180548,Delay-insensitive,1,1.75
31800,aIp3NFGGU9dWm5X3Vw7z9776lFNPuJjB1G29ywH/662WwmqOfy6BRVLentY8lNUk,4.408022,5.378694,6.998772,0,2591700,19.180548,Delay-insensitive,1,1.75
32100,aIp3NFGGU9dWm5X3Vw7z9776lFNPuJjB1G29ywH/662WwmqOfy6BRVLentY8lNUk,4.4480010000000005,5.583594000000001,8.048383,0,2591700,19.180548,Delay-insensitive,1,1.75
32400,aIp3NFGGU9dWm5X3Vw7z9776lFNPuJjB1G29ywH/662WwmqOfy6BRVLentY8lNUk,4.7557160000000005,5.463035,7.065998,0,2591700,19.180548,Delay-insensitive,1,1.75
32700,aIp3NFGGU9dWm5X3Vw7z9776lFNPuJjB1G29ywH/662WwmqOfy6BRVLentY8lNUk,3.529288,5.487457,11.760295,0,2591700,19.180548,Delay-insensitive,1,1.75
33000,aIp3NFGGU9dWm5X3Vw7z9776lFNPuJjB1G29ywH/662WwmqOfy6BRVLentY8lNUk,4.509557,5.563547,7.354881,0,2591700,19.180548,Delay-insensitive,1,1.75
33300,aIp3NFGGU9dWm5X3Vw7z9776lFNPuJjB1G29ywH/662WwmqOfy6BRVLentY8lNUk,4.435086,5.31766,7.1188210000000005,0,2591700,19.180548,Delay-insensitive,1,1.75
33600,aIp3NFGGU9dWm5X3Vw7z9776lFNPuJjB1G29ywH/662WwmqOfy6BRVLentY8lNUk,4.446729,5.205346,6.220939,0,2591700,19.180548,Delay-insensitive,1,1.75
33900,aIp3NFGGU9dWm5X3Vw7z9776lFNPuJjB1G29ywH/662WwmqOfy6BRVLentY8lNUk,4.750271,5.322323,6.696408,0,2591700,19.180548,Delay-insensitive,1,1.75
34200,aIp3NFGGU9dWm5X3Vw7z9776lFNPuJjB1G29ywH/662WwmqOfy6BRVLentY8lNUk,2.480177,5.029977,7.562483999999999,0,2591700,19.180548,Delay-insensitive,1,1.75
34500,aIp3NFGGU9dWm5X3Vw7z9776lFNPuJjB1G29ywH/662WwmqOfy6BRVLentY8lNUk,3.446789,5.446372,7.563111,0,2591700,19.180548,Delay-insensitive,1,1.75
34800,aIp3NFGGU9dWm5X3Vw7z9776lFNPuJjB1G29ywH/662WwmqOfy6BRVLentY8lNUk,4.550576,10.312934,42.644812,0,2591700,19.180548,Delay-insensitive,1,1.75
35100,aIp3NFGGU9dWm5X3Vw7z9776lFNPuJjB1G29ywH/662WwmqOfy6BRVLentY8lNUk,4.304096,5.296131,6.959181,0,2591700,19.180548,Delay-insensitive,1,1.75
35400,aIp3NFGGU9dWm5X3Vw7z9776lFNPuJjB1G29ywH/662WwmqOfy6BRVLentY8lNUk,4.144748,5.676843,12.863963,0,2591700,19.180548,Delay-insensitive,1,1.75
35700,aIp3NFGGU9dWm5X3Vw7z9776lFNPuJjB1G29ywH/662WwmqOfy6BRVLentY8lNUk,4.721857,5.628576,7.564850999999999,0,2591700,19.180548,Delay-insensitive,1,1.75
36000,aIp3NFGGU9dWm5X3Vw7z9776lFNPuJjB1G29ywH/662WwmqOfy6BRVLentY8lNUk,3.38192,5.1010290000000005,5.862476999999999,0,2591700,19.180548,Delay-insensitive,1,1.75
36300,aIp3NFGGU9dWm5X3Vw7z9776lFNPuJjB1G29ywH/662WwmqOfy6BRVLentY8lNUk,4.774845,5.720815,6.962053999999999,0,2591700,19.180548,Delay-insensitive,1,1.75
36600,aIp3NFGGU9dWm5X3Vw7z9776lFNPuJjB1G29ywH/662WwmqOfy6BRVLentY8lNUk,4.547286,5.681858,7.858436,0,2591700,19.180548,Delay-insensitive,1,1.75
36900,aIp3NFGGU9dWm5X3Vw7z9776lFNPuJjB1G29ywH/662WwmqOfy6BRVLentY8lNUk,3.807875,5.206304,6.640495,0,2591700,19.180548,Delay-insensitive,1,1.75
37200,aIp3NFGGU9dWm5X3Vw7z9776lFNPuJjB1G29ywH/662WwmqOfy6BRVLentY8lNUk,4.049208,5.039674,6.482251,0,2591700,19.180548,Delay-insensitive,1,1.75
37500,aIp3NFGGU9dWm5X3Vw7z9776lFNPuJjB1G29ywH/662WwmqOfy6BRVLentY8lNUk,4.699597,5.627573,7.0865160000000005,0,2591700,19.180548,Delay-insensitive,1,1.75
37800,aIp3NFGGU9dWm5X3Vw7z9776lFNPuJjB1G29ywH/662WwmqOfy6BRVLentY8lNUk,4.630783,5.234281,6.583681,0,2591700,19.180548,Delay-insensitive,1,1.75
38100,aIp3NFGGU9dWm5X3Vw7z9776lFNPuJjB1G29ywH/662WwmqOfy6BRVLentY8lNUk,4.3309120000000005,5.191368,6.673274,0,2591700,19.180548,Delay-insensitive,1,1.75
38400,aIp3NFGGU9dWm5X3Vw7z9776lFNPuJjB1G29ywH/662WwmqOfy6BRVLentY8lNUk,4.76584,7.04678,20.264116,0,2591700,19.180548,Delay-insensitive,1,1.75
38700,aIp3NFGGU9dWm5X3Vw7z9776lFNPuJjB1G29ywH/662WwmqOfy6BRVLentY8lNUk,4.59252,5.459078,6.754830999999999,0,2591700,19.180548,Delay-insensitive,1,1.75
39000,aIp3NFGGU9dWm5X3Vw7z9776lFNPuJjB1G29ywH/662WwmqOfy6BRVLentY8lNUk,4.033052,5.234565,6.829003,0,2591700,19.180548,Delay-insensitive,1,1.75
39300,aIp3NFGGU9dWm5X3Vw7z9776lFNPuJjB1G29ywH/662WwmqOfy6BRVLentY8lNUk,2.587297,4.66845,7.348977,0,2591700,19.180548,Delay-insensitive,1,1.75
39600,aIp3NFGGU9dWm5X3Vw7z9776lFNPuJjB1G29ywH/662WwmqOfy6BRVLentY8lNUk,4.692745,5.274544000000001,7.126658,0,2591700,19.180548,Delay-insensitive,1,1.75
39900,aIp3NFGGU9dWm5X3Vw7z9776lFNPuJjB1G29ywH/662WwmqOfy6BRVLentY8lNUk,4.749998000000001,5.499864,7.034389999999999,0,2591700,19.180548,Delay-insensitive,1,1.75
40200,aIp3NFGGU9dWm5X3Vw7z9776lFNPuJjB1G29ywH/662WwmqOfy6BRVLentY8lNUk,4.490919,5.632377,7.296760000000001,0,2591700,19.180548,Delay-insensitive,1,1.75
40500,aIp3NFGGU9dWm5X3Vw7z9776lFNPuJjB1G29ywH/662WwmqOfy6BRVLentY8lNUk,4.649138,5.576087,6.956316,0,2591700,19.180548,Delay-insensitive,1,1.75
40800,aIp3NFGGU9dWm5X3Vw7z9776lFNPuJjB1G29ywH/662WwmqOfy6BRVLentY8lNUk,4.733149,5.507912,7.002994999999999,0,2591700,19.180548,Delay-insensitive,1,1.75
41100,aIp3NFGGU9dWm5X3Vw7z9776lFNPuJjB1G29ywH/662WwmqOfy6BRVLentY8lNUk,4.754018,5.546374,6.58377,0,2591700,19.180548,Delay-insensitive,1,1.75
41400,aIp3NFGGU9dWm5X3Vw7z9776lFNPuJjB1G29ywH/662WwmqOfy6BRVLentY8lNUk,4.631213,5.713756,7.276192,0,2591700,19.180548,Delay-insensitive,1,1.75
41700,aIp3NFGGU9dWm5X3Vw7z9776lFNPuJjB1G29ywH/662WwmqOfy6BRVLentY8lNUk,4.863024,14.440307999999998,37.166942,0,2591700,19.180548,Delay-insensitive,1,1.75
42000,aIp3NFGGU9dWm5X3Vw7z9776lFNPuJjB1G29ywH/662WwmqOfy6BRVLentY8lNUk,3.759327,6.959989,19.265204,0,2591700,19.180548,Delay-insensitive,1,1.75
42300,aIp3NFGGU9dWm5X3Vw7z9776lFNPuJjB1G29ywH/662WwmqOfy6BRVLentY8lNUk,2.817341,3.893049,4.986276999999999,0,2591700,19.180548,Delay-insensitive,1,1.75
42600,aIp3NFGGU9dWm5X3Vw7z9776lFNPuJjB1G29ywH/662WwmqOfy6BRVLentY8lNUk,3.259005,4.201795,5.419699,0,2591700,19.180548,Delay-insensitive,1,1.75
42900,aIp3NFGGU9dWm5X3Vw7z9776lFNPuJjB1G29ywH/662WwmqOfy6BRVLentY8lNUk,4.0213980000000005,5.417441999999999,6.841259,0,2591700,19.180548,Delay-insensitive,1,1.75
43200,aIp3NFGGU9dWm5X3Vw7z9776lFNPuJjB1G29ywH/662WwmqOfy6BRVLentY8lNUk,4.440980000000001,5.065282,6.27499,0,2591700,19.180548,Delay-insensitive,1,1.75
43500,aIp3NFGGU9dWm5X3Vw7z9776lFNPuJjB1G29ywH/662WwmqOfy6BRVLentY8lNUk,3.902025,5.598644999999999,7.625732000000001,0,2591700,19.180548,Delay-insensitive,1,1.75
43800,aIp3NFGGU9dWm5X3Vw7z9776lFNPuJjB1G29ywH/662WwmqOfy6BRVLentY8lNUk,5.233976,5.886009,6.757296000000001,0,2591700,19.180548,Delay-insensitive,1,1.75
44100,aIp3NFGGU9dWm5X3Vw7z9776lFNPuJjB1G29ywH/662WwmqOfy6BRVLentY8lNUk,4.124416,5.487996,6.862907000000001,0,2591700,19.180548,Delay-insensitive,1,1.75
44400,aIp3NFGGU9dWm5X3Vw7z9776lFNPuJjB1G29ywH/662WwmqOfy6BRVLentY8lNUk,4.898411,5.708419999999999,7.543158999999999,0,2591700,19.180548,Delay-insensitive,1,1.75
44700,aIp3NFGGU9dWm5X3Vw7z9776lFNPuJjB1G29ywH/662WwmqOfy6BRVLentY8lNUk,4.381439,5.693919,7.011726,0,2591700,19.180548,Delay-insensitive,1,1.75
45000,aIp3NFGGU9dWm5X3Vw7z9776lFNPuJjB1G29ywH/662WwmqOfy6BRVLentY8lNUk,3.817795,4.984047,5.856303,0,2591700,19.180548,Delay-insensitive,1,1.75
45300,aIp3NFGGU9dWm5X3Vw7z9776lFNPuJjB1G29ywH/662WwmqOfy6BRVLentY8lNUk,3.077214,4.816985,7.24867,0,2591700,19.180548,Delay-insensitive,1,1.75
45600,aIp3NFGGU9dWm5X3Vw7z9776lFNPuJjB1G29ywH/662WwmqOfy6BRVLentY8lNUk,4.509148000000001,5.382552,6.259675,0,2591700,19.180548,Delay-insensitive,1,1.75
45900,aIp3NFGGU9dWm5X3Vw7z9776lFNPuJjB1G29ywH/662WwmqOfy6BRVLentY8lNUk,4.620605,5.150374,6.484304,0,2591700,19.180548,Delay-insensitive,1,1.75
46200,aIp3NFGGU9dWm5X3Vw7z9776lFNPuJjB1G29ywH/662WwmqOfy6BRVLentY8lNUk,4.361041,5.334279,7.158583,0,2591700,19.180548,Delay-insensitive,1,1.75
46500,aIp3NFGGU9dWm5X3Vw7z9776lFNPuJjB1G29ywH/662WwmqOfy6BRVLentY8lNUk,4.707148999999999,5.689331,6.844366,0,2591700,19.180548,Delay-insensitive,1,1.75
46800,aIp3NFGGU9dWm5X3Vw7z9776lFNPuJjB1G29ywH/662WwmqOfy6BRVLentY8lNUk,4.548907,5.349693,6.200481,0,2591700,19.180548,Delay-insensitive,1,1.75
47100,aIp3NFGGU9dWm5X3Vw7z9776lFNPuJjB1G29ywH/662WwmqOfy6BRVLentY8lNUk,4.594167,5.511319,6.904527000000001,0,2591700,19.180548,Delay-insensitive,1,1.75
47400,aIp3NFGGU9dWm5X3Vw7z9776lFNPuJjB1G29ywH/662WwmqOfy6BRVLentY8lNUk,4.336242,5.403766,6.069819,0,2591700,19.180548,Delay-insensitive,1,1.75
47700,aIp3NFGGU9dWm5X3Vw7z9776lFNPuJjB1G29ywH/662WwmqOfy6BRVLentY8lNUk,4.654994,5.557704,6.924235,0,2591700,19.180548,Delay-insensitive,1,1.75
48000,aIp3NFGGU9dWm5X3Vw7z9776lFNPuJjB1G29ywH/662WwmqOfy6BRVLentY8lNUk,3.682207,4.967061,7.76523,0,2591700,19.180548,Delay-insensitive,1,1.75
48300,aIp3NFGGU9dWm5X3Vw7z9776lFNPuJjB1G29ywH/662WwmqOfy6BRVLentY8lNUk,4.3579300000000005,5.369885,7.478297,0,2591700,19.180548,Delay-insensitive,1,1.75
48600,aIp3NFGGU9dWm5X3Vw7z9776lFNPuJjB1G29ywH/662WwmqOfy6BRVLentY8lNUk,4.461572,5.649845,7.113567999999999,0,2591700,19.180548,Delay-insensitive,1,1.75
48900,aIp3NFGGU9dWm5X3Vw7z9776lFNPuJjB1G29ywH/662WwmqOfy6BRVLentY8lNUk,3.721444,5.367717,7.695246000000001,0,2591700,19.180548,Delay-insensitive,1,1.75
49200,aIp3NFGGU9dWm5X3Vw7z9776lFNPuJjB1G29ywH/662WwmqOfy6BRVLentY8lNUk,4.663479,6.942216999999999,18.321107,0,2591700,19.180548,Delay-insensitive,1,1.75
49500,aIp3NFGGU9dWm5X3Vw7z9776lFNPuJjB1G29ywH/662WwmqOfy6BRVLentY8lNUk,4.280422,5.385614,7.208963000000001,0,2591700,19.180548,Delay-insensitive,1,1.75
49800,aIp3NFGGU9dWm5X3Vw7z9776lFNPuJjB1G29ywH/662WwmqOfy6BRVLentY8lNUk,3.431428,5.186183,7.093113000000001,0,2591700,19.180548,Delay-insensitive,1,1.75
50100,aIp3NFGGU9dWm5X3Vw7z9776lFNPuJjB1G29ywH/662WwmqOfy6BRVLentY8lNUk,4.521277,5.250771,7.175089,0,2591700,19.180548,Delay-insensitive,1,1.75
50400,aIp3NFGGU9dWm5X3Vw7z9776lFNPuJjB1G29ywH/662WwmqOfy6BRVLentY8lNUk,4.533872,5.291208999999999,7.062487,0,2591700,19.180548,Delay-insensitive,1,1.75
50700,aIp3NFGGU9dWm5X3Vw7z9776lFNPuJjB1G29ywH/662WwmqOfy6BRVLentY8lNUk,4.527330999999999,6.073267,12.181539,0,2591700,19.180548,Delay-insensitive,1,1.75
51000,aIp3NFGGU9dWm5X3Vw7z9776lFNPuJjB1G29ywH/662WwmqOfy6BRVLentY8lNUk,4.566008,5.570943,7.383502,0,2591700,19.180548,Delay-insensitive,1,1.75
51300,aIp3NFGGU9dWm5X3Vw7z9776lFNPuJjB1G29ywH/662WwmqOfy6BRVLentY8lNUk,4.945895,5.6979120000000005,7.001917999999999,0,2591700,19.180548,Delay-insensitive,1,1.75
51600,aIp3NFGGU9dWm5X3Vw7z9776lFNPuJjB1G29ywH/662WwmqOfy6BRVLentY8lNUk,4.912415,5.732681,7.833713,0,2591700,19.180548,Delay-insensitive,1,1.75
51900,aIp3NFGGU9dWm5X3Vw7z9776lFNPuJjB1G29ywH/662WwmqOfy6BRVLentY8lNUk,4.119135,5.733728,8.058908,0,2591700,19.180548,Delay-insensitive,1,1.75
52200,aIp3NFGGU9dWm5X3Vw7z9776lFNPuJjB1G29ywH/662WwmqOfy6BRVLentY8lNUk,4.485804,5.831591,7.355264999999999,0,2591700,19.180548,Delay-insensitive,1,1.75
52500,aIp3NFGGU9dWm5X3Vw7z9776lFNPuJjB1G29ywH/662WwmqOfy6BRVLentY8lNUk,4.3719,5.473813,6.9446710000000005,0,2591700,19.180548,Delay-insensitive,1,1.75
52800,aIp3NFGGU9dWm5X3Vw7z9776lFNPuJjB1G29ywH/662WwmqOfy6BRVLentY8lNUk,4.510909,6.789248,18.62459,0,2591700,19.180548,Delay-insensitive,1,1.75
53100,aIp3NFGGU9dWm5X3Vw7z9776lFNPuJjB1G29ywH/662WwmqOfy6BRVLentY8lNUk,4.144922,5.42172,7.477639999999999,0,2591700,19.180548,Delay-insensitive,1,1.75
53400,aIp3NFGGU9dWm5X3Vw7z9776lFNPuJjB1G29ywH/662WwmqOfy6BRVLentY8lNUk,3.761774,5.387722,6.734228999999999,0,2591700,19.180548,Delay-insensitive,1,1.75
53700,aIp3NFGGU9dWm5X3Vw7z9776lFNPuJjB1G29ywH/662WwmqOfy6BRVLentY8lNUk,4.023289,5.315328,6.632145,0,2591700,19.180548,Delay-insensitive,1,1.75
54000,aIp3NFGGU9dWm5X3Vw7z9776lFNPuJjB1G29ywH/662WwmqOfy6BRVLentY8lNUk,3.483406,5.08127,7.2037,0,2591700,19.180548,Delay-insensitive,1,1.75
54300,aIp3NFGGU9dWm5X3Vw7z9776lFNPuJjB1G29ywH/662WwmqOfy6BRVLentY8lNUk,4.416784,5.377497,6.970999000000001,0,2591700,19.180548,Delay-insensitive,1,1.75
54600,aIp3NFGGU9dWm5X3Vw7z9776lFNPuJjB1G29ywH/662WwmqOfy6BRVLentY8lNUk,4.394887000000001,5.181986,6.087629,0,2591700,19.180548,Delay-insensitive,1,1.75
54900,aIp3NFGGU9dWm5X3Vw7z9776lFNPuJjB1G29ywH/662WwmqOfy6BRVLentY8lNUk,4.564611,5.579216000000001,7.229297,0,2591700,19.180548,Delay-insensitive,1,1.75
55200,aIp3NFGGU9dWm5X3Vw7z9776lFNPuJjB1G29ywH/662WwmqOfy6BRVLentY8lNUk,4.9362900000000005,6.243983,9.667834,0,2591700,19.180548,Delay-insensitive,1,1.75
55500,aIp3NFGGU9dWm5X3Vw7z9776lFNPuJjB1G29ywH/662WwmqOfy6BRVLentY8lNUk,4.419619,5.648365,6.908258,0,2591700,19.180548,Delay-insensitive,1,1.75
55800,aIp3NFGGU9dWm5X3Vw7z9776lFNPuJjB1G29ywH/662WwmqOfy6BRVLentY8lNUk,4.992937,5.939647,7.153909,0,2591700,19.180548,Delay-insensitive,1,1.75
56100,aIp3NFGGU9dWm5X3Vw7z9776lFNPuJjB1G29ywH/662WwmqOfy6BRVLentY8lNUk,4.381886,5.636103,6.756836,0,2591700,19.180548,Delay-insensitive,1,1.75
56400,aIp3NFGGU9dWm5X3Vw7z9776lFNPuJjB1G29ywH/662WwmqOfy6BRVLentY8lNUk,4.966162000000001,11.87607,68.270349,0,2591700,19.180548,Delay-insensitive,1,1.75
56700,aIp3NFGGU9dWm5X3Vw7z9776lFNPuJjB1G29ywH/662WwmqOfy6BRVLentY8lNUk,3.5967860000000003,4.984104,7.413386999999999,0,2591700,19.180548,Delay-insensitive,1,1.75
57000,aIp3NFGGU9dWm5X3Vw7z9776lFNPuJjB1G29ywH/662WwmqOfy6BRVLentY8lNUk,4.185661,5.382102,6.53552,0,2591700,19.180548,Delay-insensitive,1,1.75
57300,aIp3NFGGU9dWm5X3Vw7z9776lFNPuJjB1G29ywH/662WwmqOfy6BRVLentY8lNUk,4.238155,5.361655000000001,6.646822,0,2591700,19.180548,Delay-insensitive,1,1.75
57600,aIp3NFGGU9dWm5X3Vw7z9776lFNPuJjB1G29ywH/662WwmqOfy6BRVLentY8lNUk,4.2739400000000005,5.300192,7.426699,0,2591700,19.180548,Delay-insensitive,1,1.75
57900,aIp3NFGGU9dWm5X3Vw7z9776lFNPuJjB1G29ywH/662WwmqOfy6BRVLentY8lNUk,4.750428,5.369365,6.54995,0,2591700,19.180548,Delay-insensitive,1,1.75
58200,aIp3NFGGU9dWm5X3Vw7z9776lFNPuJjB1G29ywH/662WwmqOfy6BRVLentY8lNUk,4.209131,5.372782,7.808667,0,2591700,19.180548,Delay-insensitive,1,1.75
58500,aIp3NFGGU9dWm5X3Vw7z9776lFNPuJjB1G29ywH/662WwmqOfy6BRVLentY8lNUk,4.663981,5.538999,7.696032000000001,0,2591700,19.180548,Delay-insensitive,1,1.75
58800,aIp3NFGGU9dWm5X3Vw7z9776lFNPuJjB1G29ywH/662WwmqOfy6BRVLentY8lNUk,4.109191,5.261476999999999,6.840575,0,2591700,19.180548,Delay-insensitive,1,1.75
59100,aIp3NFGGU9dWm5X3Vw7z9776lFNPuJjB1G29ywH/662WwmqOfy6BRVLentY8lNUk,4.904159,5.861301999999999,7.836941,0,2591700,19.180548,Delay-insensitive,1,1.75
59400,aIp3NFGGU9dWm5X3Vw7z9776lFNPuJjB1G29ywH/662WwmqOfy6BRVLentY8lNUk,4.885626,5.759762,7.883739999999999,0,2591700,19.180548,Delay-insensitive,1,1.75
59700,aIp3NFGGU9dWm5X3Vw7z9776lFNPuJjB1G29ywH/662WwmqOfy6BRVLentY8lNUk,3.038009,5.378104,7.337495,0,2591700,19.180548,Delay-insensitive,1,1.75
60000,aIp3NFGGU9dWm5X3Vw7z9776lFNPuJjB1G29ywH/662WwmqOfy6BRVLentY8lNUk,5.090253,6.994037,17.39825,0,2591700,19.180548,Delay-insensitive,1,1.75
60300,aIp3NFGGU9dWm5X3Vw7z9776lFNPuJjB1G29ywH/662WwmqOfy6BRVLentY8lNUk,3.97287,5.645741,8.139522999999999,0,2591700,19.180548,Delay-insensitive,1,1.75
60600,aIp3NFGGU9dWm5X3Vw7z9776lFNPuJjB1G29ywH/662WwmqOfy6BRVLentY8lNUk,4.260676,5.491542,6.805269,0,2591700,19.180548,Delay-insensitive,1,1.75
60900,aIp3NFGGU9dWm5X3Vw7z9776lFNPuJjB1G29ywH/662WwmqOfy6BRVLentY8lNUk,4.090381,5.212518,6.45499,0,2591700,19.180548,Delay-insensitive,1,1.75
61200,aIp3NFGGU9dWm5X3Vw7z9776lFNPuJjB1G29ywH/662WwmqOfy6BRVLentY8lNUk,4.552237,5.430994,7.889642999999999,0,2591700,19.180548,Delay-insensitive,1,1.75
61500,aIp3NFGGU9dWm5X3Vw7z9776lFNPuJjB1G29ywH/662WwmqOfy6BRVLentY8lNUk,4.038121,5.062521,5.879258,0,2591700,19.180548,Delay-insensitive,1,1.75
61800,aIp3NFGGU9dWm5X3Vw7z9776lFNPuJjB1G29ywH/662WwmqOfy6BRVLentY8lNUk,4.244824,5.244579,6.791183,0,2591700,19.180548,Delay-insensitive,1,1.75
62100,aIp3NFGGU9dWm5X3Vw7z9776lFNPuJjB1G29ywH/662WwmqOfy6BRVLentY8lNUk,4.359724,5.317558,7.373483,0,2591700,19.180548,Delay-insensitive,1,1.75
62400,aIp3NFGGU9dWm5X3Vw7z9776lFNPuJjB1G29ywH/662WwmqOfy6BRVLentY8lNUk,4.606097,5.354482,5.95983,0,2591700,19.180548,Delay-insensitive,1,1.75
62700,aIp3NFGGU9dWm5X3Vw7z9776lFNPuJjB1G29ywH/662WwmqOfy6BRVLentY8lNUk,4.454838,5.502147,7.328247,0,2591700,19.180548,Delay-insensitive,1,1.75
63000,aIp3NFGGU9dWm5X3Vw7z9776lFNPuJjB1G29ywH/662WwmqOfy6BRVLentY8lNUk,4.392087,5.592732,7.06795,0,2591700,19.180548,Delay-insensitive,1,1.75
63300,aIp3NFGGU9dWm5X3Vw7z9776lFNPuJjB1G29ywH/662WwmqOfy6BRVLentY8lNUk,4.55832,5.446197,7.009172,0,2591700,19.180548,Delay-insensitive,1,1.75
63600,aIp3NFGGU9dWm5X3Vw7z9776lFNPuJjB1G29ywH/662WwmqOfy6BRVLentY8lNUk,4.402525,6.799689,17.787734,0,2591700,19.180548,Delay-insensitive,1,1.75
63900,aIp3NFGGU9dWm5X3Vw7z9776lFNPuJjB1G29ywH/662WwmqOfy6BRVLentY8lNUk,4.554308,5.479557,7.695953,0,2591700,19.180548,Delay-insensitive,1,1.75
64200,aIp3NFGGU9dWm5X3Vw7z9776lFNPuJjB1G29ywH/662WwmqOfy6BRVLentY8lNUk,4.778312000000001,5.707021,7.835914,0,2591700,19.180548,Delay-insensitive,1,1.75
64500,aIp3NFGGU9dWm5X3Vw7z9776lFNPuJjB1G29ywH/662WwmqOfy6BRVLentY8lNUk,4.652082,5.763659,7.949205999999999,0,2591700,19.180548,Delay-insensitive,1,1.75
64800,aIp3NFGGU9dWm5X3Vw7z9776lFNPuJjB1G29ywH/662WwmqOfy6BRVLentY8lNUk,3.384453,4.955025,7.227591,0,2591700,19.180548,Delay-insensitive,1,1.75
65100,aIp3NFGGU9dWm5X3Vw7z9776lFNPuJjB1G29ywH/662WwmqOfy6BRVLentY8lNUk,4.517332,5.527447,7.417223,0,2591700,19.180548,Delay-insensitive,1,1.75
65400,aIp3NFGGU9dWm5X3Vw7z9776lFNPuJjB1G29ywH/662WwmqOfy6BRVLentY8lNUk,4.588533999999999,5.54579,7.226641000000001,0,2591700,19.180548,Delay-insensitive,1,1.75
65700,aIp3NFGGU9dWm5X3Vw7z9776lFNPuJjB1G29ywH/662WwmqOfy6BRVLentY8lNUk,4.656611,5.318921,6.918386999999999,0,2591700,19.180548,Delay-insensitive,1,1.75
66000,aIp3NFGGU9dWm5X3Vw7z9776lFNPuJjB1G29ywH/662WwmqOfy6BRVLentY8lNUk,4.820481,5.57532,7.629811,0,2591700,19.180548,Delay-insensitive,1,1.75
66300,aIp3NFGGU9dWm5X3Vw7z9776lFNPuJjB1G29ywH/662WwmqOfy6BRVLentY8lNUk,4.816819000000001,5.834169,7.858123,0,2591700,19.180548,Delay-insensitive,1,1.75
66600,aIp3NFGGU9dWm5X3Vw7z9776lFNPuJjB1G29ywH/662WwmqOfy6BRVLentY8lNUk,3.020422,5.04517,7.0562,0,2591700,19.180548,Delay-insensitive,1,1.75
66900,aIp3NFGGU9dWm5X3Vw7z9776lFNPuJjB1G29ywH/662WwmqOfy6BRVLentY8lNUk,3.077719,5.144552,6.887844,0,2591700,19.180548,Delay-insensitive,1,1.75
67200,aIp3NFGGU9dWm5X3Vw7z9776lFNPuJjB1G29ywH/662WwmqOfy6BRVLentY8lNUk,4.517301,6.701785000000001,17.801105,0,2591700,19.180548,Delay-insensitive,1,1.75
67500,aIp3NFGGU9dWm5X3Vw7z9776lFNPuJjB1G29ywH/662WwmqOfy6BRVLentY8lNUk,4.456788,5.361529,7.233269,0,2591700,19.180548,Delay-insensitive,1,1.75
67800,aIp3NFGGU9dWm5X3Vw7z9776lFNPuJjB1G29ywH/662WwmqOfy6BRVLentY8lNUk,4.347793,5.297206,7.417461,0,2591700,19.180548,Delay-insensitive,1,1.75
68100,aIp3NFGGU9dWm5X3Vw7z9776lFNPuJjB1G29ywH/662WwmqOfy6BRVLentY8lNUk,4.534362000000001,5.597842,7.814054,0,2591700,19.180548,Delay-insensitive,1,1.75
68400,aIp3NFGGU9dWm5X3Vw7z9776lFNPuJjB1G29ywH/662WwmqOfy6BRVLentY8lNUk,4.5919870000000005,5.191325,6.145339,0,2591700,19.180548,Delay-insensitive,1,1.75
68700,aIp3NFGGU9dWm5X3Vw7z9776lFNPuJjB1G29ywH/662WwmqOfy6BRVLentY8lNUk,4.662173999999999,5.704465,7.119625,0,2591700,19.180548,Delay-insensitive,1,1.75
69000,aIp3NFGGU9dWm5X3Vw7z9776lFNPuJjB1G29ywH/662WwmqOfy6BRVLentY8lNUk,4.562078,5.535078,7.427403,0,2591700,19.180548,Delay-insensitive,1,1.75
69300,aIp3NFGGU9dWm5X3Vw7z9776lFNPuJjB1G29ywH/662WwmqOfy6BRVLentY8lNUk,5.102938,5.564451,6.743174000000001,0,2591700,19.180548,Delay-insensitive,1,1.75
69600,aIp3NFGGU9dWm5X3Vw7z9776lFNPuJjB1G29ywH/662WwmqOfy6BRVLentY8lNUk,2.319674,4.463578,6.866914,0,2591700,19.180548,Delay-insensitive,1,1.75
69900,aIp3NFGGU9dWm5X3Vw7z9776lFNPuJjB1G29ywH/662WwmqOfy6BRVLentY8lNUk,3.793756,5.194886,7.247125,0,2591700,19.180548,Delay-insensitive,1,1.75
70200,aIp3NFGGU9dWm5X3Vw7z9776lFNPuJjB1G29ywH/662WwmqOfy6BRVLentY8lNUk,3.825031,5.283297,6.652705999999999,0,2591700,19.180548,Delay-insensitive,1,1.75
70500,aIp3NFGGU9dWm5X3Vw7z9776lFNPuJjB1G29ywH/662WwmqOfy6BRVLentY8lNUk,4.672146,12.636588,48.533438,0,2591700,19.180548,Delay-insensitive,1,1.75
70800,aIp3NFGGU9dWm5X3Vw7z9776lFNPuJjB1G29ywH/662WwmqOfy6BRVLentY8lNUk,5.588776,9.807519,21.24809,0,2591700,19.180548,Delay-insensitive,1,1.75
71100,aIp3NFGGU9dWm5X3Vw7z9776lFNPuJjB1G29ywH/662WwmqOfy6BRVLentY8lNUk,4.895622,6.807933,15.554612,0,2591700,19.180548,Delay-insensitive,1,1.75
71400,aIp3NFGGU9dWm5X3Vw7z9776lFNPuJjB1G29ywH/662WwmqOfy6BRVLentY8lNUk,3.509056,5.363057,7.727400999999999,0,2591700,19.180548,Delay-insensitive,1,1.75
71700,aIp3NFGGU9dWm5X3Vw7z9776lFNPuJjB1G29ywH/662WwmqOfy6BRVLentY8lNUk,3.616309,8.949922,33.457919,0,2591700,19.180548,Delay-insensitive,1,1.75
72000,aIp3NFGGU9dWm5X3Vw7z9776lFNPuJjB1G29ywH/662WwmqOfy6BRVLentY8lNUk,4.315219,5.354264,6.489947,0,2591700,19.180548,Delay-insensitive,1,1.75
72300,aIp3NFGGU9dWm5X3Vw7z9776lFNPuJjB1G29ywH/662WwmqOfy6BRVLentY8lNUk,3.713925,5.437658,7.202878,0,2591700,19.180548,Delay-insensitive,1,1.75
72600,aIp3NFGGU9dWm5X3Vw7z9776lFNPuJjB1G29ywH/662WwmqOfy6BRVLentY8lNUk,4.58099,5.832569,7.525003,0,2591700,19.180548,Delay-insensitive,1,1.75
72900,aIp3NFGGU9dWm5X3Vw7z9776lFNPuJjB1G29ywH/662WwmqOfy6BRVLentY8lNUk,4.861718,5.581583,6.181147,0,2591700,19.180548,Delay-insensitive,1,1.75
73200,aIp3NFGGU9dWm5X3Vw7z9776lFNPuJjB1G29ywH/662WwmqOfy6BRVLentY8lNUk,4.7683230000000005,5.610217,8.027762,0,2591700,19.180548,Delay-insensitive,1,1.75
73500,aIp3NFGGU9dWm5X3Vw7z9776lFNPuJjB1G29ywH/662WwmqOfy6BRVLentY8lNUk,4.487214,5.702848,7.294061,0,2591700,19.180548,Delay-insensitive,1,1.75
73800,aIp3NFGGU9dWm5X3Vw7z9776lFNPuJjB1G29ywH/662WwmqOfy6BRVLentY8lNUk,3.753931,5.300568,6.473307,0,2591700,19.180548,Delay-insensitive,1,1.75
74100,aIp3NFGGU9dWm5X3Vw7z9776lFNPuJjB1G29ywH/662WwmqOfy6BRVLentY8lNUk,4.867724,5.863501,8.017403999999999,0,2591700,19.180548,Delay-insensitive,1,1.75
74400,aIp3NFGGU9dWm5X3Vw7z9776lFNPuJjB1G29ywH/662WwmqOfy6BRVLentY8lNUk,5.035273,7.167110000000001,19.385337,0,2591700,19.180548,Delay-insensitive,1,1.75
74700,aIp3NFGGU9dWm5X3Vw7z9776lFNPuJjB1G29ywH/662WwmqOfy6BRVLentY8lNUk,4.308185,5.267677,6.701333999999999,0,2591700,19.180548,Delay-insensitive,1,1.75
75000,aIp3NFGGU9dWm5X3Vw7z9776lFNPuJjB1G29ywH/662WwmqOfy6BRVLentY8lNUk,3.554657,5.128238,6.994438000000001,0,2591700,19.180548,Delay-insensitive,1,1.75
75300,aIp3NFGGU9dWm5X3Vw7z9776lFNPuJjB1G29ywH/662WwmqOfy6BRVLentY8lNUk,4.386059,5.477848000000001,7.386035000000001,0,2591700,19.180548,Delay-insensitive,1,1.75
75600,aIp3NFGGU9dWm5X3Vw7z9776lFNPuJjB1G29ywH/662WwmqOfy6BRVLentY8lNUk,4.3539330000000005,5.509162,7.184308000000001,0,2591700,19.180548,Delay-insensitive,1,1.75
75900,aIp3NFGGU9dWm5X3Vw7z9776lFNPuJjB1G29ywH/662WwmqOfy6BRVLentY8lNUk,4.510293,5.192352,7.511867999999999,0,2591700,19.180548,Delay-insensitive,1,1.75
76200,aIp3NFGGU9dWm5X3Vw7z9776lFNPuJjB1G29ywH/662WwmqOfy6BRVLentY8lNUk,4.577225,5.795437000000001,7.573612,0,2591700,19.180548,Delay-insensitive,1,1.75
76500,aIp3NFGGU9dWm5X3Vw7z9776lFNPuJjB1G29ywH/662WwmqOfy6BRVLentY8lNUk,4.819795,5.476982,7.156072,0,2591700,19.180548,Delay-insensitive,1,1.75
76800,aIp3NFGGU9dWm5X3Vw7z9776lFNPuJjB1G29ywH/662WwmqOfy6BRVLentY8lNUk,4.882372,5.880678,8.115437,0,2591700,19.180548,Delay-insensitive,1,1.75
77100,aIp3NFGGU9dWm5X3Vw7z9776lFNPuJjB1G29ywH/662WwmqOfy6BRVLentY8lNUk,4.381073000000001,5.495043,6.698945,0,2591700,19.180548,Delay-insensitive,1,1.75
77400,aIp3NFGGU9dWm5X3Vw7z9776lFNPuJjB1G29ywH/662WwmqOfy6BRVLentY8lNUk,4.432434,5.316022,6.418411,0,2591700,19.180548,Delay-insensitive,1,1.75
77700,aIp3NFGGU9dWm5X3Vw7z9776lFNPuJjB1G29ywH/662WwmqOfy6BRVLentY8lNUk,4.435812,5.362409,6.780822,0,2591700,19.180548,Delay-insensitive,1,1.75
78000,aIp3NFGGU9dWm5X3Vw7z9776lFNPuJjB1G29ywH/662WwmqOfy6BRVLentY8lNUk,4.82571,6.113916000000001,10.434824,0,2591700,19.180548,Delay-insensitive,1,1.75
78300,aIp3NFGGU9dWm5X3Vw7z9776lFNPuJjB1G29ywH/662WwmqOfy6BRVLentY8lNUk,3.930634,12.920552,84.994811,0,2591700,19.180548,Delay-insensitive,1,1.75
78600,aIp3NFGGU9dWm5X3Vw7z9776lFNPuJjB1G29ywH/662WwmqOfy6BRVLentY8lNUk,3.858383,5.3425,7.581342,0,2591700,19.180548,Delay-insensitive,1,1.75
78900,aIp3NFGGU9dWm5X3Vw7z9776lFNPuJjB1G29ywH/662WwmqOfy6BRVLentY8lNUk,4.802467,5.452468,6.664045,0,2591700,19.180548,Delay-insensitive,1,1.75
79200,aIp3NFGGU9dWm5X3Vw7z9776lFNPuJjB1G29ywH/662WwmqOfy6BRVLentY8lNUk,3.941631,5.352372,7.001689,0,2591700,19.180548,Delay-insensitive,1,1.75
79500,aIp3NFGGU9dWm5X3Vw7z9776lFNPuJjB1G29ywH/662WwmqOfy6BRVLentY8lNUk,4.861428,5.733932,7.467598,0,2591700,19.180548,Delay-insensitive,1,1.75
79800,aIp3NFGGU9dWm5X3Vw7z9776lFNPuJjB1G29ywH/662WwmqOfy6BRVLentY8lNUk,4.70709,5.502421,7.069331,0,2591700,19.180548,Delay-insensitive,1,1.75
80100,aIp3NFGGU9dWm5X3Vw7z9776lFNPuJjB1G29ywH/662WwmqOfy6BRVLentY8lNUk,3.596004,5.118642,7.259014,0,2591700,19.180548,Delay-insensitive,1,1.75
80400,aIp3NFGGU9dWm5X3Vw7z9776lFNPuJjB1G29ywH/662WwmqOfy6BRVLentY8lNUk,3.883406,5.328677,7.669465,0,2591700,19.180548,Delay-insensitive,1,1.75
80700,aIp3NFGGU9dWm5X3Vw7z9776lFNPuJjB1G29ywH/662WwmqOfy6BRVLentY8lNUk,4.496084,5.239413,6.347658,0,2591700,19.180548,Delay-insensitive,1,1.75
81000,aIp3NFGGU9dWm5X3Vw7z9776lFNPuJjB1G29ywH/662WwmqOfy6BRVLentY8lNUk,4.338234,5.682181,7.130798,0,2591700,19.180548,Delay-insensitive,1,1.75
81300,aIp3NFGGU9dWm5X3Vw7z9776lFNPuJjB1G29ywH/662WwmqOfy6BRVLentY8lNUk,4.667125,5.907169000000001,7.903463,0,2591700,19.180548,Delay-insensitive,1,1.75
81600,aIp3NFGGU9dWm5X3Vw7z9776lFNPuJjB1G29ywH/662WwmqOfy6BRVLentY8lNUk,4.727576999999999,5.700277,7.0407210000000005,0,2591700,19.180548,Delay-insensitive,1,1.75
81900,aIp3NFGGU9dWm5X3Vw7z9776lFNPuJjB1G29ywH/662WwmqOfy6BRVLentY8lNUk,4.38202,6.753039,19.463568,0,2591700,19.180548,Delay-insensitive,1,1.75
82200,aIp3NFGGU9dWm5X3Vw7z9776lFNPuJjB1G29ywH/662WwmqOfy6BRVLentY8lNUk,4.600137999999999,5.571916000000001,7.562953,0,2591700,19.180548,Delay-insensitive,1,1.75
82500,aIp3NFGGU9dWm5X3Vw7z9776lFNPuJjB1G29ywH/662WwmqOfy6BRVLentY8lNUk,4.791901999999999,5.559495,7.696161,0,2591700,19.180548,Delay-insensitive,1,1.75
82800,aIp3NFGGU9dWm5X3Vw7z9776lFNPuJjB1G29ywH/662WwmqOfy6BRVLentY8lNUk,3.259371,5.110054,6.710773,0,2591700,19.180548,Delay-insensitive,1,1.75
83100,aIp3NFGGU9dWm5X3Vw7z9776lFNPuJjB1G29ywH/662WwmqOfy6BRVLentY8lNUk,4.731458,5.244016,6.26297,0,2591700,19.180548,Delay-insensitive,1,1.75
83400,aIp3NFGGU9dWm5X3Vw7z9776lFNPuJjB1G29ywH/662WwmqOfy6BRVLentY8lNUk,4.648661,5.335507,6.488005,0,2591700,19.180548,Delay-insensitive,1,1.75
83700,aIp3NFGGU9dWm5X3Vw7z9776lFNPuJjB1G29ywH/662WwmqOfy6BRVLentY8lNUk,4.1338,5.268612,8.056094,0,2591700,19.180548,Delay-insensitive,1,1.75
84000,aIp3NFGGU9dWm5X3Vw7z9776lFNPuJjB1G29ywH/662WwmqOfy6BRVLentY8lNUk,3.368257,5.34955,7.042762,0,2591700,19.180548,Delay-insensitive,1,1.75
84300,aIp3NFGGU9dWm5X3Vw7z9776lFNPuJjB1G29ywH/662WwmqOfy6BRVLentY8lNUk,4.831568,5.857603,7.323878,0,2591700,19.180548,Delay-insensitive,1,1.75
84600,aIp3NFGGU9dWm5X3Vw7z9776lFNPuJjB1G29ywH/662WwmqOfy6BRVLentY8lNUk,4.999062,5.883666000000001,8.623484,0,2591700,19.180548,Delay-insensitive,1,1.75
84900,aIp3NFGGU9dWm5X3Vw7z9776lFNPuJjB1G29ywH/662WwmqOfy6BRVLentY8lNUk,4.94423,5.504057,6.485693,0,2591700,19.180548,Delay-insensitive,1,1.75
85200,aIp3NFGGU9dWm5X3Vw7z9776lFNPuJjB1G29ywH/662WwmqOfy6BRVLentY8lNUk,4.54631,5.779684,7.078425999999999,0,2591700,19.180548,Delay-insensitive,1,1.75
85500,aIp3NFGGU9dWm5X3Vw7z9776lFNPuJjB1G29ywH/662WwmqOfy6BRVLentY8lNUk,4.925456,7.178698,19.867687,0,2591700,19.180548,Delay-insensitive,1,1.75
85800,aIp3NFGGU9dWm5X3Vw7z9776lFNPuJjB1G29ywH/662WwmqOfy6BRVLentY8lNUk,4.425104,5.457513,6.713787,0,2591700,19.180548,Delay-insensitive,1,1.75
86100,aIp3NFGGU9dWm5X3Vw7z9776lFNPuJjB1G29ywH/662WwmqOfy6BRVLentY8lNUk,4.935607,5.918049,7.003072,0,2591700,19.180548,Delay-insensitive,1,1.75
86400,aIp3NFGGU9dWm5X3Vw7z9776lFNPuJjB1G29ywH/662WwmqOfy6BRVLentY8lNUk,4.089301,5.601593,7.745349000000001,0,2591700,19.180548,Delay-insensitive,1,1.75
86700,aIp3NFGGU9dWm5X3Vw7z9776lFNPuJjB1G29ywH/662WwmqOfy6BRVLentY8lNUk,5.13544,5.698662000000001,6.748457000000001,0,2591700,19.180548,Delay-insensitive,1,1.75
87000,aIp3NFGGU9dWm5X3Vw7z9776lFNPuJjB1G29ywH/662WwmqOfy6BRVLentY8lNUk,5.13797,6.014066000000001,7.03631,0,2591700,19.180548,Delay-insensitive,1,1.75
87300,aIp3NFGGU9dWm5X3Vw7z9776lFNPuJjB1G29ywH/662WwmqOfy6BRVLentY8lNUk,4.225713,5.61595,7.691603,0,2591700,19.180548,Delay-insensitive,1,1.75
87600,aIp3NFGGU9dWm5X3Vw7z9776lFNPuJjB1G29ywH/662WwmqOfy6BRVLentY8lNUk,4.967105,5.65712,7.123416000000001,0,2591700,19.180548,Delay-insensitive,1,1.75
87900,aIp3NFGGU9dWm5X3Vw7z9776lFNPuJjB1G29ywH/662WwmqOfy6BRVLentY8lNUk,4.544797,5.723798,6.688916000000001,0,2591700,19.180548,Delay-insensitive,1,1.75
88200,aIp3NFGGU9dWm5X3Vw7z9776lFNPuJjB1G29ywH/662WwmqOfy6BRVLentY8lNUk,4.771712,5.852329,7.452864,0,2591700,19.180548,Delay-insensitive,1,1.75
88500,aIp3NFGGU9dWm5X3Vw7z9776lFNPuJjB1G29ywH/662WwmqOfy6BRVLentY8lNUk,3.5819940000000003,5.354961,7.272378999999999,0,2591700,19.180548,Delay-insensitive,1,1.75
88800,aIp3NFGGU9dWm5X3Vw7z9776lFNPuJjB1G29ywH/662WwmqOfy6BRVLentY8lNUk,4.908998,5.593516999999999,7.360243,0,2591700,19.180548,Delay-insensitive,1,1.75
89100,aIp3NFGGU9dWm5X3Vw7z9776lFNPuJjB1G29ywH/662WwmqOfy6BRVLentY8lNUk,4.249129,6.886217,19.180548,0,2591700,19.180548,Delay-insensitive,1,1.75
89400,aIp3NFGGU9dWm5X3Vw7z9776lFNPuJjB1G29ywH/662WwmqOfy6BRVLentY8lNUk,4.791334,6.23725,12.989315,0,2591700,19.180548,Delay-insensitive,1,1.75
89700,aIp3NFGGU9dWm5X3Vw7z9776lFNPuJjB1G29ywH/662WwmqOfy6BRVLentY8lNUk,4.747553,5.8012690000000005,7.952353,0,2591700,19.180548,Delay-insensitive,1,1.75
90000,aIp3NFGGU9dWm5X3Vw7z9776lFNPuJjB1G29ywH/662WwmqOfy6BRVLentY8lNUk,5.06145,5.884219,7.540572999999999,0,2591700,19.180548,Delay-insensitive,1,1.75
90300,aIp3NFGGU9dWm5X3Vw7z9776lFNPuJjB1G29ywH/662WwmqOfy6BRVLentY8lNUk,4.739283,5.487178,6.922905999999999,0,2591700,19.180548,Delay-insensitive,1,1.75
90600,aIp3NFGGU9dWm5X3Vw7z9776lFNPuJjB1G29ywH/662WwmqOfy6BRVLentY8lNUk,4.243037999999999,5.553823,7.718306,0,2591700,19.180548,Delay-insensitive,1,1.75
90900,aIp3NFGGU9dWm5X3Vw7z9776lFNPuJjB1G29ywH/662WwmqOfy6BRVLentY8lNUk,4.645939,5.508897,7.649385,0,2591700,19.180548,Delay-insensitive,1,1.75
91200,aIp3NFGGU9dWm5X3Vw7z9776lFNPuJjB1G29ywH/662WwmqOfy6BRVLentY8lNUk,2.859294,5.212002,6.721315,0,2591700,19.180548,Delay-insensitive,1,1.75
91500,aIp3NFGGU9dWm5X3Vw7z9776lFNPuJjB1G29ywH/662WwmqOfy6BRVLentY8lNUk,4.799828,5.607241,7.466944,0,2591700,19.180548,Delay-insensitive,1,1.75
91800,aIp3NFGGU9dWm5X3Vw7z9776lFNPuJjB1G29ywH/662WwmqOfy6BRVLentY8lNUk,2.842949,5.5345,7.698838,0,2591700,19.180548,Delay-insensitive,1,1.75
92100,aIp3NFGGU9dWm5X3Vw7z9776lFNPuJjB1G29ywH/662WwmqOfy6BRVLentY8lNUk,4.62295,6.152553,12.339757,0,2591700,19.180548,Delay-insensitive,1,1.75
92400,aIp3NFGGU9dWm5X3Vw7z9776lFNPuJjB1G29ywH/662WwmqOfy6BRVLentY8lNUk,4.537751999999999,5.626449,7.900989999999999,0,2591700,19.180548,Delay-insensitive,1,1.75
92700,aIp3NFGGU9dWm5X3Vw7z9776lFNPuJjB1G29ywH/662WwmqOfy6BRVLentY8lNUk,4.306165,6.652539999999999,18.030084,0,2591700,19.180548,Delay-insensitive,1,1.75
93000,aIp3NFGGU9dWm5X3Vw7z9776lFNPuJjB1G29ywH/662WwmqOfy6BRVLentY8lNUk,4.693331,5.481356,6.435789,0,2591700,19.180548,Delay-insensitive,1,1.75
93300,aIp3NFGGU9dWm5X3Vw7z9776lFNPuJjB1G29ywH/662WwmqOfy6BRVLentY8lNUk,3.254939,5.408978,7.737972,0,2591700,19.180548,Delay-insensitive,1,1.75
93600,aIp3NFGGU9dWm5X3Vw7z9776lFNPuJjB1G29ywH/662WwmqOfy6BRVLentY8lNUk,4.899144000000001,5.522677,7.447135,0,2591700,19.180548,Delay-insensitive,1,1.75
93900,aIp3NFGGU9dWm5X3Vw7z9776lFNPuJjB1G29ywH/662WwmqOfy6BRVLentY8lNUk,2.802359,5.437419,7.277999,0,2591700,19.180548,Delay-insensitive,1,1.75
94200,aIp3NFGGU9dWm5X3Vw7z9776lFNPuJjB1G29ywH/662WwmqOfy6BRVLentY8lNUk,4.938932,5.886561,7.912105,0,2591700,19.180548,Delay-insensitive,1,1.75
94500,aIp3NFGGU9dWm5X3Vw7z9776lFNPuJjB1G29ywH/662WwmqOfy6BRVLentY8lNUk,3.5428269999999995,5.561967,6.930306,0,2591700,19.180548,Delay-insensitive,1,1.75
94800,aIp3NFGGU9dWm5X3Vw7z9776lFNPuJjB1G29ywH/662WwmqOfy6BRVLentY8lNUk,4.973267,7.303408999999999,20.661105,0,2591700,19.180548,Delay-insensitive,1,1.75
95100,aIp3NFGGU9dWm5X3Vw7z9776lFNPuJjB1G29ywH/662WwmqOfy6BRVLentY8lNUk,4.481854,5.634955000000001,8.09582,0,2591700,19.180548,Delay-insensitive,1,1.75
95400,aIp3NFGGU9dWm5X3Vw7z9776lFNPuJjB1G29ywH/662WwmqOfy6BRVLentY8lNUk,4.289373,5.405379,7.387541000000001,0,2591700,19.180548,Delay-insensitive,1,1.75
95700,aIp3NFGGU9dWm5X3Vw7z9776lFNPuJjB1G29ywH/662WwmqOfy6BRVLentY8lNUk,4.833073000000001,5.800848,7.521914999999999,0,2591700,19.180548,Delay-insensitive,1,1.75
96000,aIp3NFGGU9dWm5X3Vw7z9776lFNPuJjB1G29ywH/662WwmqOfy6BRVLentY8lNUk,4.65402,5.737195,7.467,0,2591700,19.180548,Delay-insensitive,1,1.75
96300,aIp3NFGGU9dWm5X3Vw7z9776lFNPuJjB1G29ywH/662WwmqOfy6BRVLentY8lNUk,4.661071,7.080799000000001,21.371558,0,2591700,19.180548,Delay-insensitive,1,1.75
96600,aIp3NFGGU9dWm5X3Vw7z9776lFNPuJjB1G29ywH/662WwmqOfy6BRVLentY8lNUk,4.075489,5.603386,7.071828999999999,0,2591700,19.180548,Delay-insensitive,1,1.75
96900,aIp3NFGGU9dWm5X3Vw7z9776lFNPuJjB1G29ywH/662WwmqOfy6BRVLentY8lNUk,5.02332,5.760205,7.534935000000001,0,2591700,19.180548,Delay-insensitive,1,1.75
97200,aIp3NFGGU9dWm5X3Vw7z9776lFNPuJjB1G29ywH/662WwmqOfy6BRVLentY8lNUk,3.606052,5.519264,7.172891,0,2591700,19.180548,Delay-insensitive,1,1.75
97500,aIp3NFGGU9dWm5X3Vw7z9776lFNPuJjB1G29ywH/662WwmqOfy6BRVLentY8lNUk,4.649751999999999,5.880902,7.426735000000001,0,2591700,19.180548,Delay-insensitive,1,1.75
97800,aIp3NFGGU9dWm5X3Vw7z9776lFNPuJjB1G29ywH/662WwmqOfy6BRVLentY8lNUk,3.471943,5.766365,7.786861,0,2591700,19.180548,Delay-insensitive,1,1.75
98100,aIp3NFGGU9dWm5X3Vw7z9776lFNPuJjB1G29ywH/662WwmqOfy6BRVLentY8lNUk,4.8423110000000005,5.465666000000001,5.921018,0,2591700,19.180548,Delay-insensitive,1,1.75
98400,aIp3NFGGU9dWm5X3Vw7z9776lFNPuJjB1G29ywH/662WwmqOfy6BRVLentY8lNUk,4.464543,5.571166000000001,7.608975,0,2591700,19.180548,Delay-insensitive,1,1.75
98700,aIp3NFGGU9dWm5X3Vw7z9776lFNPuJjB1G29ywH/662WwmqOfy6BRVLentY8lNUk,4.845015,5.708807,7.744281,0,2591700,19.180548,Delay-insensitive,1,1.75
99000,aIp3NFGGU9dWm5X3Vw7z9776lFNPuJjB1G29ywH/662WwmqOfy6BRVLentY8lNUk,3.364726,5.322612,6.927082,0,2591700,19.180548,Delay-insensitive,1,1.75
99300,aIp3NFGGU9dWm5X3Vw7z9776lFNPuJjB1G29ywH/662WwmqOfy6BRVLentY8lNUk,4.725181,13.784133,39.488521,0,2591700,19.180548,Delay-insensitive,1,1.75
99600,aIp3NFGGU9dWm5X3Vw7z9776lFNPuJjB1G29ywH/662WwmqOfy6BRVLentY8lNUk,5.118133,6.319449,8.184288,0,2591700,19.180548,Delay-insensitive,1,1.75
99900,aIp3NFGGU9dWm5X3Vw7z9776lFNPuJjB1G29ywH/662WwmqOfy6BRVLentY8lNUk,4.508642,6.832889,18.823275,0,2591700,19.180548,Delay-insensitive,1,1.75
100200,aIp3NFGGU9dWm5X3Vw7z9776lFNPuJjB1G29ywH/662WwmqOfy6BRVLentY8lNUk,4.492286,5.596869,7.613971,0,2591700,19.180548,Delay-insensitive,1,1.75
100500,aIp3NFGGU9dWm5X3Vw7z9776lFNPuJjB1G29ywH/662WwmqOfy6BRVLentY8lNUk,4.692609,5.744506,7.311561,0,2591700,19.180548,Delay-insensitive,1,1.75
100800,aIp3NFGGU9dWm5X3Vw7z9776lFNPuJjB1G29ywH/662WwmqOfy6BRVLentY8lNUk,4.879343,5.566523,6.515823999999999,0,2591700,19.180548,Delay-insensitive,1,1.75
101100,aIp3NFGGU9dWm5X3Vw7z9776lFNPuJjB1G29ywH/662WwmqOfy6BRVLentY8lNUk,5.193297,6.128419999999999,7.518583,0,2591700,19.180548,Delay-insensitive,1,1.75
101400,aIp3NFGGU9dWm5X3Vw7z9776lFNPuJjB1G29ywH/662WwmqOfy6BRVLentY8lNUk,5.036156,6.041530000000001,7.748402,0,2591700,19.180548,Delay-insensitive,1,1.75
101700,aIp3NFGGU9dWm5X3Vw7z9776lFNPuJjB1G29ywH/662WwmqOfy6BRVLentY8lNUk,4.975783,5.63529,6.903756,0,2591700,19.180548,Delay-insensitive,1,1.75
102000,aIp3NFGGU9dWm5X3Vw7z9776lFNPuJjB1G29ywH/662WwmqOfy6BRVLentY8lNUk,4.975774,5.776076,7.38468,0,2591700,19.180548,Delay-insensitive,1,1.75
102300,aIp3NFGGU9dWm5X3Vw7z9776lFNPuJjB1G29ywH/662WwmqOfy6BRVLentY8lNUk,4.601274,5.835299,7.372388000000001,0,2591700,19.180548,Delay-insensitive,1,1.75
102600,aIp3NFGGU9dWm5X3Vw7z9776lFNPuJjB1G29ywH/662WwmqOfy6BRVLentY8lNUk,5.06171,5.676724,6.6508080000000005,0,2591700,19.180548,Delay-insensitive,1,1.75
102900,aIp3NFGGU9dWm5X3Vw7z9776lFNPuJjB1G29ywH/662WwmqOfy6BRVLentY8lNUk,4.9191650000000005,5.878255,7.276958,0,2591700,19.180548,Delay-insensitive,1,1.75
103200,aIp3NFGGU9dWm5X3Vw7z9776lFNPuJjB1G29ywH/662WwmqOfy6BRVLentY8lNUk,4.247052,5.838855000000001,7.721503,0,2591700,19.180548,Delay-insensitive,1,1.75
103500,aIp3NFGGU9dWm5X3Vw7z9776lFNPuJjB1G29ywH/662WwmqOfy6BRVLentY8lNUk,4.87752,7.154331,20.242845000000003,0,2591700,19.180548,Delay-insensitive,1,1.75
103800,aIp3NFGGU9dWm5X3Vw7z9776lFNPuJjB1G29ywH/662WwmqOfy6BRVLentY8lNUk,3.895826,5.583526,8.317860000000001,0,2591700,19.180548,Delay-insensitive,1,1.75
104100,aIp3NFGGU9dWm5X3Vw7z9776lFNPuJjB1G29ywH/662WwmqOfy6BRVLentY8lNUk,4.550530999999999,5.408407,6.9477210000000005,0,2591700,19.180548,Delay-insensitive,1,1.75
104400,aIp3NFGGU9dWm5X3Vw7z9776lFNPuJjB1G29ywH/662WwmqOfy6BRVLentY8lNUk,4.745948,5.805268,6.847463,0,2591700,19.180548,Delay-insensitive,1,1.75
104700,aIp3NFGGU9dWm5X3Vw7z9776lFNPuJjB1G29ywH/662WwmqOfy6BRVLentY8lNUk,4.14711,5.449804,7.782292,0,2591700,19.180548,Delay-insensitive,1,1.75
105000,aIp3NFGGU9dWm5X3Vw7z9776lFNPuJjB1G29ywH/662WwmqOfy6BRVLentY8lNUk,4.603352,5.398604,7.068764,0,2591700,19.180548,Delay-insensitive,1,1.75
105300,aIp3NFGGU9dWm5X3Vw7z9776lFNPuJjB1G29ywH/662WwmqOfy6BRVLentY8lNUk,4.6265220000000005,5.436443,6.569022,0,2591700,19.180548,Delay-insensitive,1,1.75
105600,aIp3NFGGU9dWm5X3Vw7z9776lFNPuJjB1G29ywH/662WwmqOfy6BRVLentY8lNUk,4.344357,5.61745,7.523696000000001,0,2591700,19.180548,Delay-insensitive,1,1.75
105900,aIp3NFGGU9dWm5X3Vw7z9776lFNPuJjB1G29ywH/662WwmqOfy6BRVLentY8lNUk,4.545585,5.415314,6.546627,0,2591700,19.180548,Delay-insensitive,1,1.75
106200,aIp3NFGGU9dWm5X3Vw7z9776lFNPuJjB1G29ywH/662WwmqOfy6BRVLentY8lNUk,4.547613,5.608041,6.602436999999999,0,2591700,19.180548,Delay-insensitive,1,1.75
106500,aIp3NFGGU9dWm5X3Vw7z9776lFNPuJjB1G29ywH/662WwmqOfy6BRVLentY8lNUk,4.800996,5.652944000000001,8.213517,0,2591700,19.180548,Delay-insensitive,1,1.75
106800,aIp3NFGGU9dWm5X3Vw7z9776lFNPuJjB1G29ywH/662WwmqOfy6BRVLentY8lNUk,4.835669,5.692173,7.048879,0,2591700,19.180548,Delay-insensitive,1,1.75
107100,aIp3NFGGU9dWm5X3Vw7z9776lFNPuJjB1G29ywH/662WwmqOfy6BRVLentY8lNUk,4.8509,7.138945,20.164807,0,2591700,19.180548,Delay-insensitive,1,1.75
107400,aIp3NFGGU9dWm5X3Vw7z9776lFNPuJjB1G29ywH/662WwmqOfy6BRVLentY8lNUk,4.241068,5.623182,7.846891999999999,0,2591700,19.180548,Delay-insensitive,1,1.75
107700,aIp3NFGGU9dWm5X3Vw7z9776lFNPuJjB1G29ywH/662WwmqOfy6BRVLentY8lNUk,4.702673,5.651655,7.280292,0,2591700,19.180548,Delay-insensitive,1,1.75
108000,aIp3NFGGU9dWm5X3Vw7z9776lFNPuJjB1G29ywH/662WwmqOfy6BRVLentY8lNUk,4.149567,5.383975,6.1286760000000005,0,2591700,19.180548,Delay-insensitive,1,1.75
108300,aIp3NFGGU9dWm5X3Vw7z9776lFNPuJjB1G29ywH/662WwmqOfy6BRVLentY8lNUk,4.923661,5.814474,7.388111,0,2591700,19.180548,Delay-insensitive,1,1.75
108600,aIp3NFGGU9dWm5X3Vw7z9776lFNPuJjB1G29ywH/662WwmqOfy6BRVLentY8lNUk,4.845258,5.5967970000000005,6.646549,0,2591700,19.180548,Delay-insensitive,1,1.75
108900,aIp3NFGGU9dWm5X3Vw7z9776lFNPuJjB1G29ywH/662WwmqOfy6BRVLentY8lNUk,4.740921,5.719215,7.154649000000001,0,2591700,19.180548,Delay-insensitive,1,1.75
109200,aIp3NFGGU9dWm5X3Vw7z9776lFNPuJjB1G29ywH/662WwmqOfy6BRVLentY8lNUk,4.205811,5.570802,7.650513,0,2591700,19.180548,Delay-insensitive,1,1.75
109500,aIp3NFGGU9dWm5X3Vw7z9776lFNPuJjB1G29ywH/662WwmqOfy6BRVLentY8lNUk,4.7341690000000005,5.643606,6.821992999999999,0,2591700,19.180548,Delay-insensitive,1,1.75
109800,aIp3NFGGU9dWm5X3Vw7z9776lFNPuJjB1G29ywH/662WwmqOfy6BRVLentY8lNUk,4.731584,5.48477,6.941878,0,2591700,19.180548,Delay-insensitive,1,1.75
110100,aIp3NFGGU9dWm5X3Vw7z9776lFNPuJjB1G29ywH/662WwmqOfy6BRVLentY8lNUk,4.82169,5.606717,6.959571,0,2591700,19.180548,Delay-insensitive,1,1.75
110400,aIp3NFGGU9dWm5X3Vw7z9776lFNPuJjB1G29ywH/662WwmqOfy6BRVLentY8lNUk,5.011379,5.84037,7.415319999999999,0,2591700,19.180548,Delay-insensitive,1,1.75
110700,aIp3NFGGU9dWm5X3Vw7z9776lFNPuJjB1G29ywH/662WwmqOfy6BRVLentY8lNUk,4.919474,6.831753999999999,19.11964,0,2591700,19.180548,Delay-insensitive,1,1.75
111000,aIp3NFGGU9dWm5X3Vw7z9776lFNPuJjB1G29ywH/662WwmqOfy6BRVLentY8lNUk,5.03139,5.866759,7.603383,0,2591700,19.180548,Delay-insensitive,1,1.75
111300,aIp3NFGGU9dWm5X3Vw7z9776lFNPuJjB1G29ywH/662WwmqOfy6BRVLentY8lNUk,3.09444,5.305314,6.673962,0,2591700,19.180548,Delay-insensitive,1,1.75
111600,aIp3NFGGU9dWm5X3Vw7z9776lFNPuJjB1G29ywH/662WwmqOfy6BRVLentY8lNUk,4.632535,5.3576440000000005,6.94695,0,2591700,19.180548,Delay-insensitive,1,1.75
111900,aIp3NFGGU9dWm5X3Vw7z9776lFNPuJjB1G29ywH/662WwmqOfy6BRVLentY8lNUk,3.425094,5.202998,7.608853,0,2591700,19.180548,Delay-insensitive,1,1.75
112200,aIp3NFGGU9dWm5X3Vw7z9776lFNPuJjB1G29ywH/662WwmqOfy6BRVLentY8lNUk,4.636778,5.39582,6.634562,0,2591700,19.180548,Delay-insensitive,1,1.75
112500,aIp3NFGGU9dWm5X3Vw7z9776lFNPuJjB1G29ywH/662WwmqOfy6BRVLentY8lNUk,3.075432,5.136543,6.445604,0,2591700,19.180548,Delay-insensitive,1,1.75
112800,aIp3NFGGU9dWm5X3Vw7z9776lFNPuJjB1G29ywH/662WwmqOfy6BRVLentY8lNUk,3.776521,5.154891,6.830744,0,2591700,19.180548,Delay-insensitive,1,1.75
113100,aIp3NFGGU9dWm5X3Vw7z9776lFNPuJjB1G29ywH/662WwmqOfy6BRVLentY8lNUk,4.763883,5.325757,6.333401,0,2591700,19.180548,Delay-insensitive,1,1.75
113400,aIp3NFGGU9dWm5X3Vw7z9776lFNPuJjB1G29ywH/662WwmqOfy6BRVLentY8lNUk,3.033264,5.75955,9.058199,0,2591700,19.180548,Delay-insensitive,1,1.75
113700,aIp3NFGGU9dWm5X3Vw7z9776lFNPuJjB1G29ywH/662WwmqOfy6BRVLentY8lNUk,4.736281,5.479666,6.758208,0,2591700,19.180548,Delay-insensitive,1,1.75
114000,aIp3NFGGU9dWm5X3Vw7z9776lFNPuJjB1G29ywH/662WwmqOfy6BRVLentY8lNUk,3.881297,5.64627,7.17923,0,2591700,19.180548,Delay-insensitive,1,1.75
114300,aIp3NFGGU9dWm5X3Vw7z9776lFNPuJjB1G29ywH/662WwmqOfy6BRVLentY8lNUk,4.669548000000001,6.879905,22.186299,0,2591700,19.180548,Delay-insensitive,1,1.75
114600,aIp3NFGGU9dWm5X3Vw7z9776lFNPuJjB1G29ywH/662WwmqOfy6BRVLentY8lNUk,3.001964,5.166195,6.968725,0,2591700,19.180548,Delay-insensitive,1,1.75
114900,aIp3NFGGU9dWm5X3Vw7z9776lFNPuJjB1G29ywH/662WwmqOfy6BRVLentY8lNUk,4.571927,5.589555000000001,6.748506,0,2591700,19.180548,Delay-insensitive,1,1.75
115200,aIp3NFGGU9dWm5X3Vw7z9776lFNPuJjB1G29ywH/662WwmqOfy6BRVLentY8lNUk,3.845380000000001,5.5103230000000005,7.883464,0,2591700,19.180548,Delay-insensitive,1,1.75
115500,aIp3NFGGU9dWm5X3Vw7z9776lFNPuJjB1G29ywH/662WwmqOfy6BRVLentY8lNUk,3.5248760000000003,5.151362000000001,6.302607,0,2591700,19.180548,Delay-insensitive,1,1.75
115800,aIp3NFGGU9dWm5X3Vw7z9776lFNPuJjB1G29ywH/662WwmqOfy6BRVLentY8lNUk,4.8555410000000006,5.827780000000001,7.038167999999999,0,2591700,19.180548,Delay-insensitive,1,1.75
116100,aIp3NFGGU9dWm5X3Vw7z9776lFNPuJjB1G29ywH/662WwmqOfy6BRVLentY8lNUk,3.6026050000000005,5.540819,7.744091,0,2591700,19.180548,Delay-insensitive,1,1.75
116400,aIp3NFGGU9dWm5X3Vw7z9776lFNPuJjB1G29ywH/662WwmqOfy6BRVLentY8lNUk,5.209932,5.664845,6.824397,0,2591700,19.180548,Delay-insensitive,1,1.75
116700,aIp3NFGGU9dWm5X3Vw7z9776lFNPuJjB1G29ywH/662WwmqOfy6BRVLentY8lNUk,3.728588,5.6827440000000005,7.098023,0,2591700,19.180548,Delay-insensitive,1,1.75
117000,aIp3NFGGU9dWm5X3Vw7z9776lFNPuJjB1G29ywH/662WwmqOfy6BRVLentY8lNUk,4.901867,5.910762999999999,7.821549,0,2591700,19.180548,Delay-insensitive,1,1.75
117300,aIp3NFGGU9dWm5X3Vw7z9776lFNPuJjB1G29ywH/662WwmqOfy6BRVLentY8lNUk,4.696469,5.5945540000000005,7.009622,0,2591700,19.180548,Delay-insensitive,1,1.75
117600,aIp3NFGGU9dWm5X3Vw7z9776lFNPuJjB1G29ywH/662WwmqOfy6BRVLentY8lNUk,5.10246,5.847908,7.107819999999999,0,2591700,19.180548,Delay-insensitive,1,1.75
117900,aIp3NFGGU9dWm5X3Vw7z9776lFNPuJjB1G29ywH/662WwmqOfy6BRVLentY8lNUk,4.906951,6.977769,14.832596,0,2591700,19.180548,Delay-insensitive,1,1.75
118200,aIp3NFGGU9dWm5X3Vw7z9776lFNPuJjB1G29ywH/662WwmqOfy6BRVLentY8lNUk,4.389554,5.609759,7.020721000000001,0,2591700,19.180548,Delay-insensitive,1,1.75
118500,aIp3NFGGU9dWm5X3Vw7z9776lFNPuJjB1G29ywH/662WwmqOfy6BRVLentY8lNUk,4.660887000000001,5.827776,7.935642,0,2591700,19.180548,Delay-insensitive,1,1.75
118800,aIp3NFGGU9dWm5X3Vw7z9776lFNPuJjB1G29ywH/662WwmqOfy6BRVLentY8lNUk,4.568528,5.746042,8.082836,0,2591700,19.180548,Delay-insensitive,1,1.75
119100,aIp3NFGGU9dWm5X3Vw7z9776lFNPuJjB1G29ywH/662WwmqOfy6BRVLentY8lNUk,4.888521,5.453496,6.569514999999999,0,2591700,19.180548,Delay-insensitive,1,1.75
119400,aIp3NFGGU9dWm5X3Vw7z9776lFNPuJjB1G29ywH/662WwmqOfy6BRVLentY8lNUk,3.766934,5.495578,7.743097,0,2591700,19.180548,Delay-insensitive,1,1.75
119700,aIp3NFGGU9dWm5X3Vw7z9776lFNPuJjB1G29ywH/662WwmqOfy6BRVLentY8lNUk,5.029342,5.718903,7.530174000000001,0,2591700,19.180548,Delay-insensitive,1,1.75
120000,aIp3NFGGU9dWm5X3Vw7z9776lFNPuJjB1G29ywH/662WwmqOfy6BRVLentY8lNUk,4.608779,5.662566,7.260116,0,2591700,19.180548,Delay-insensitive,1,1.75
120300,aIp3NFGGU9dWm5X3Vw7z9776lFNPuJjB1G29ywH/662WwmqOfy6BRVLentY8lNUk,4.807572,5.802238,7.942487,0,2591700,19.180548,Delay-insensitive,1,1.75
120600,aIp3NFGGU9dWm5X3Vw7z9776lFNPuJjB1G29ywH/662WwmqOfy6BRVLentY8lNUk,3.919714,5.655903,10.822494,0,2591700,19.180548,Delay-insensitive,1,1.75
120900,aIp3NFGGU9dWm5X3Vw7z9776lFNPuJjB1G29ywH/662WwmqOfy6BRVLentY8lNUk,3.970403,4.986816,6.587392,0,2591700,19.180548,Delay-insensitive,1,1.75
121200,aIp3NFGGU9dWm5X3Vw7z9776lFNPuJjB1G29ywH/662WwmqOfy6BRVLentY8lNUk,4.205872,5.464807,7.297514,0,2591700,19.180548,Delay-insensitive,1,1.75
121500,aIp3NFGGU9dWm5X3Vw7z9776lFNPuJjB1G29ywH/662WwmqOfy6BRVLentY8lNUk,3.327701,9.39142,23.565517,0,2591700,19.180548,Delay-insensitive,1,1.75
121800,aIp3NFGGU9dWm5X3Vw7z9776lFNPuJjB1G29ywH/662WwmqOfy6BRVLentY8lNUk,4.613391,5.244136,7.307931,0,2591700,19.180548,Delay-insensitive,1,1.75
122100,aIp3NFGGU9dWm5X3Vw7z9776lFNPuJjB1G29ywH/662WwmqOfy6BRVLentY8lNUk,3.570157,5.4567760000000005,7.490328,0,2591700,19.180548,Delay-insensitive,1,1.75
122400,aIp3NFGGU9dWm5X3Vw7z9776lFNPuJjB1G29ywH/662WwmqOfy6BRVLentY8lNUk,4.453485,5.527278,7.854572,0,2591700,19.180548,Delay-insensitive,1,1.75
122700,aIp3NFGGU9dWm5X3Vw7z9776lFNPuJjB1G29ywH/662WwmqOfy6BRVLentY8lNUk,4.141380000000001,5.429793,6.976000999999999,0,2591700,19.180548,Delay-insensitive,1,1.75
123000,aIp3NFGGU9dWm5X3Vw7z9776lFNPuJjB1G29ywH/662WwmqOfy6BRVLentY8lNUk,4.885303,5.764748,7.815745,0,2591700,19.180548,Delay-insensitive,1,1.75
123300,aIp3NFGGU9dWm5X3Vw7z9776lFNPuJjB1G29ywH/662WwmqOfy6BRVLentY8lNUk,4.953878,6.572192,15.460705,0,2591700,19.180548,Delay-insensitive,1,1.75
123600,aIp3NFGGU9dWm5X3Vw7z9776lFNPuJjB1G29ywH/662WwmqOfy6BRVLentY8lNUk,5.192461,5.894432,7.522636,0,2591700,19.180548,Delay-insensitive,1,1.75
123900,aIp3NFGGU9dWm5X3Vw7z9776lFNPuJjB1G29ywH/662WwmqOfy6BRVLentY8lNUk,4.600956,5.836085,8.62895,0,2591700,19.180548,Delay-insensitive,1,1.75
124200,aIp3NFGGU9dWm5X3Vw7z9776lFNPuJjB1G29ywH/662WwmqOfy6BRVLentY8lNUk,4.04997,5.568809,7.2017,0,2591700,19.180548,Delay-insensitive,1,1.75
124500,aIp3NFGGU9dWm5X3Vw7z9776lFNPuJjB1G29ywH/662WwmqOfy6BRVLentY8lNUk,5.0262080000000005,6.050833,7.94715,0,2591700,19.180548,Delay-insensitive,1,1.75
124800,aIp3NFGGU9dWm5X3Vw7z9776lFNPuJjB1G29ywH/662WwmqOfy6BRVLentY8lNUk,4.989887,6.054887,7.957223,0,2591700,19.180548,Delay-insensitive,1,1.75
125100,aIp3NFGGU9dWm5X3Vw7z9776lFNPuJjB1G29ywH/662WwmqOfy6BRVLentY8lNUk,4.73683,6.992698,20.031466,0,2591700,19.180548,Delay-insensitive,1,1.75
125400,aIp3NFGGU9dWm5X3Vw7z9776lFNPuJjB1G29ywH/662WwmqOfy6BRVLentY8lNUk,3.862161,5.599621,7.427128999999999,0,2591700,19.180548,Delay-insensitive,1,1.75
125700,aIp3NFGGU9dWm5X3Vw7z9776lFNPuJjB1G29ywH/662WwmqOfy6BRVLentY8lNUk,5.117153,5.903853,8.571228,0,2591700,19.180548,Delay-insensitive,1,1.75
126000,aIp3NFGGU9dWm5X3Vw7z9776lFNPuJjB1G29ywH/662WwmqOfy6BRVLentY8lNUk,5.029119000000001,6.293285,12.503649,0,2591700,19.180548,Delay-insensitive,1,1.75
126300,aIp3NFGGU9dWm5X3Vw7z9776lFNPuJjB1G29ywH/662WwmqOfy6BRVLentY8lNUk,4.327941,5.808986,7.586349,0,2591700,19.180548,Delay-insensitive,1,1.75
126600,aIp3NFGGU9dWm5X3Vw7z9776lFNPuJjB1G29ywH/662WwmqOfy6BRVLentY8lNUk,4.689262,5.876711,7.814780000000001,0,2591700,19.180548,Delay-insensitive,1,1.75
126900,aIp3NFGGU9dWm5X3Vw7z9776lFNPuJjB1G29ywH/662WwmqOfy6BRVLentY8lNUk,4.953103,5.421542,6.832682000000001,0,2591700,19.180548,Delay-insensitive,1,1.75
127200,aIp3NFGGU9dWm5X3Vw7z9776lFNPuJjB1G29ywH/662WwmqOfy6BRVLentY8lNUk,4.648784,5.665032,7.690139,0,2591700,19.180548,Delay-insensitive,1,1.75
127500,aIp3NFGGU9dWm5X3Vw7z9776lFNPuJjB1G29ywH/662WwmqOfy6BRVLentY8lNUk,3.667148000000001,5.618048,7.849908,0,2591700,19.180548,Delay-insensitive,1,1.75
127800,aIp3NFGGU9dWm5X3Vw7z9776lFNPuJjB1G29ywH/662WwmqOfy6BRVLentY8lNUk,4.735842,5.470907,6.946136999999999,0,2591700,19.180548,Delay-insensitive,1,1.75
128100,aIp3NFGGU9dWm5X3Vw7z9776lFNPuJjB1G29ywH/662WwmqOfy6BRVLentY8lNUk,5.101458,15.031759,50.900906,0,2591700,19.180548,Delay-insensitive,1,1.75
128400,aIp3NFGGU9dWm5X3Vw7z9776lFNPuJjB1G29ywH/662WwmqOfy6BRVLentY8lNUk,5.010361,6.138477,7.997502000000001,0,2591700,19.180548,Delay-insensitive,1,1.75
128700,aIp3NFGGU9dWm5X3Vw7z9776lFNPuJjB1G29ywH/662WwmqOfy6BRVLentY8lNUk,5.105134,7.239083,19.031719,0,2591700,19.180548,Delay-insensitive,1,1.75
129000,aIp3NFGGU9dWm5X3Vw7z9776lFNPuJjB1G29ywH/662WwmqOfy6BRVLentY8lNUk,5.022255,5.877398,7.564829,0,2591700,19.180548,Delay-insensitive,1,1.75
129300,aIp3NFGGU9dWm5X3Vw7z9776lFNPuJjB1G29ywH/662WwmqOfy6BRVLentY8lNUk,4.92777,5.963851,7.964969,0,2591700,19.180548,Delay-insensitive,1,1.75
129600,aIp3NFGGU9dWm5X3Vw7z9776lFNPuJjB1G29ywH/662WwmqOfy6BRVLentY8lNUk,5.093932,5.567583,6.915216,0,2591700,19.180548,Delay-insensitive,1,1.75
129900,aIp3NFGGU9dWm5X3Vw7z9776lFNPuJjB1G29ywH/662WwmqOfy6BRVLentY8lNUk,5.12996,5.845422,7.231248,0,2591700,19.180548,Delay-insensitive,1,1.75
130200,aIp3NFGGU9dWm5X3Vw7z9776lFNPuJjB1G29ywH/662WwmqOfy6BRVLentY8lNUk,4.821026,5.938507,7.754555,0,2591700,19.180548,Delay-insensitive,1,1.75
130500,aIp3NFGGU9dWm5X3Vw7z9776lFNPuJjB1G29ywH/662WwmqOfy6BRVLentY8lNUk,4.88775,5.630051,7.326811999999999,0,2591700,19.180548,Delay-insensitive,1,1.75
130800,aIp3NFGGU9dWm5X3Vw7z9776lFNPuJjB1G29ywH/662WwmqOfy6BRVLentY8lNUk,3.628522,5.615406,7.637973,0,2591700,19.180548,Delay-insensitive,1,1.75
131100,aIp3NFGGU9dWm5X3Vw7z9776lFNPuJjB1G29ywH/662WwmqOfy6BRVLentY8lNUk,4.950126,5.969344,8.397353,0,2591700,19.180548,Delay-insensitive,1,1.75
131400,aIp3NFGGU9dWm5X3Vw7z9776lFNPuJjB1G29ywH/662WwmqOfy6BRVLentY8lNUk,4.737163,5.424093,6.747103999999999,0,2591700,19.180548,Delay-insensitive,1,1.75
131700,aIp3NFGGU9dWm5X3Vw7z9776lFNPuJjB1G29ywH/662WwmqOfy6BRVLentY8lNUk,5.166926999999999,5.877181,7.852416000000001,0,2591700,19.180548,Delay-insensitive,1,1.75
132000,aIp3NFGGU9dWm5X3Vw7z9776lFNPuJjB1G29ywH/662WwmqOfy6BRVLentY8lNUk,4.757187,5.9745610000000005,7.357891,0,2591700,19.180548,Delay-insensitive,1,1.75
132300,aIp3NFGGU9dWm5X3Vw7z9776lFNPuJjB1G29ywH/662WwmqOfy6BRVLentY8lNUk,4.908583999999999,6.8910990000000005,18.057355,0,2591700,19.180548,Delay-insensitive,1,1.75
132600,aIp3NFGGU9dWm5X3Vw7z9776lFNPuJjB1G29ywH/662WwmqOfy6BRVLentY8lNUk,4.871071,5.875994,7.377406,0,2591700,19.180548,Delay-insensitive,1,1.75
132900,aIp3NFGGU9dWm5X3Vw7z9776lFNPuJjB1G29ywH/662WwmqOfy6BRVLentY8lNUk,4.066479,5.703568,7.750375,0,2591700,19.180548,Delay-insensitive,1,1.75
133200,aIp3NFGGU9dWm5X3Vw7z9776lFNPuJjB1G29ywH/662WwmqOfy6BRVLentY8lNUk,5.018783,5.82115,7.0523880000000005,0,2591700,19.180548,Delay-insensitive,1,1.75
133500,aIp3NFGGU9dWm5X3Vw7z9776lFNPuJjB1G29ywH/662WwmqOfy6BRVLentY8lNUk,4.967867,6.350771,9.288704,0,2591700,19.180548,Delay-insensitive,1,1.75
133800,aIp3NFGGU9dWm5X3Vw7z9776lFNPuJjB1G29ywH/662WwmqOfy6BRVLentY8lNUk,4.849965,5.733027,7.278964,0,2591700,19.180548,Delay-insensitive,1,1.75
134100,aIp3NFGGU9dWm5X3Vw7z9776lFNPuJjB1G29ywH/662WwmqOfy6BRVLentY8lNUk,4.1342,5.399839,7.209014,0,2591700,19.180548,Delay-insensitive,1,1.75
134400,aIp3NFGGU9dWm5X3Vw7z9776lFNPuJjB1G29ywH/662WwmqOfy6BRVLentY8lNUk,4.524901,5.689215,7.679694,0,2591700,19.180548,Delay-insensitive,1,1.75
134700,aIp3NFGGU9dWm5X3Vw7z9776lFNPuJjB1G29ywH/662WwmqOfy6BRVLentY8lNUk,3.77214,5.459661,7.600836999999999,0,2591700,19.180548,Delay-insensitive,1,1.75
135000,aIp3NFGGU9dWm5X3Vw7z9776lFNPuJjB1G29ywH/662WwmqOfy6BRVLentY8lNUk,4.6490290000000005,5.646494000000001,6.733662,0,2591700,19.180548,Delay-insensitive,1,1.75
135300,aIp3NFGGU9dWm5X3Vw7z9776lFNPuJjB1G29ywH/662WwmqOfy6BRVLentY8lNUk,4.842698,5.78871,8.32259,0,2591700,19.180548,Delay-insensitive,1,1.75
135600,aIp3NFGGU9dWm5X3Vw7z9776lFNPuJjB1G29ywH/662WwmqOfy6BRVLentY8lNUk,4.313159,5.59964,7.583488000000001,0,2591700,19.180548,Delay-insensitive,1,1.75
135900,aIp3NFGGU9dWm5X3Vw7z9776lFNPuJjB1G29ywH/662WwmqOfy6BRVLentY8lNUk,4.735504,6.795806,16.678542,0,2591700,19.180548,Delay-insensitive,1,1.75
136200,aIp3NFGGU9dWm5X3Vw7z9776lFNPuJjB1G29ywH/662WwmqOfy6BRVLentY8lNUk,4.958413,5.723898999999999,7.333578,0,2591700,19.180548,Delay-insensitive,1,1.75
136500,aIp3NFGGU9dWm5X3Vw7z9776lFNPuJjB1G29ywH/662WwmqOfy6BRVLentY8lNUk,4.869225,5.707794,7.812582000000001,0,2591700,19.180548,Delay-insensitive,1,1.75
136800,aIp3NFGGU9dWm5X3Vw7z9776lFNPuJjB1G29ywH/662WwmqOfy6BRVLentY8lNUk,4.4684230000000005,6.054638,9.78628,0,2591700,19.180548,Delay-insensitive,1,1.75
137100,aIp3NFGGU9dWm5X3Vw7z9776lFNPuJjB1G29ywH/662WwmqOfy6BRVLentY8lNUk,3.855879,5.273875,6.526892,0,2591700,19.180548,Delay-insensitive,1,1.75
137400,aIp3NFGGU9dWm5X3Vw7z9776lFNPuJjB1G29ywH/662WwmqOfy6BRVLentY8lNUk,4.496933,5.526625,7.272963000000001,0,2591700,19.180548,Delay-insensitive,1,1.75
137700,aIp3NFGGU9dWm5X3Vw7z9776lFNPuJjB1G29ywH/662WwmqOfy6BRVLentY8lNUk,4.665311,5.3719730000000006,6.465015,0,2591700,19.180548,Delay-insensitive,1,1.75
138000,aIp3NFGGU9dWm5X3Vw7z9776lFNPuJjB1G29ywH/662WwmqOfy6BRVLentY8lNUk,4.451925,5.331809,7.011114999999999,0,2591700,19.180548,Delay-insensitive,1,1.75
138300,aIp3NFGGU9dWm5X3Vw7z9776lFNPuJjB1G29ywH/662WwmqOfy6BRVLentY8lNUk,3.912637,5.389592,6.786064,0,2591700,19.180548,Delay-insensitive,1,1.75
138600,aIp3NFGGU9dWm5X3Vw7z9776lFNPuJjB1G29ywH/662WwmqOfy6BRVLentY8lNUk,4.747376,5.719668,7.736046000000001,0,2591700,19.180548,Delay-insensitive,1,1.75
138900,aIp3NFGGU9dWm5X3Vw7z9776lFNPuJjB1G29ywH/662WwmqOfy6BRVLentY8lNUk,3.704415,5.756419,8.257325,0,2591700,19.180548,Delay-insensitive,1,1.75
139200,aIp3NFGGU9dWm5X3Vw7z9776lFNPuJjB1G29ywH/662WwmqOfy6BRVLentY8lNUk,3.867461,5.010731,6.6991570000000005,0,2591700,19.180548,Delay-insensitive,1,1.75
139500,aIp3NFGGU9dWm5X3Vw7z9776lFNPuJjB1G29ywH/662WwmqOfy6BRVLentY8lNUk,4.6224870000000005,7.185646,18.317120000000003,0,2591700,19.180548,Delay-insensitive,1,1.75
139800,aIp3NFGGU9dWm5X3Vw7z9776lFNPuJjB1G29ywH/662WwmqOfy6BRVLentY8lNUk,4.5092300000000005,5.517526,7.315110000000001,0,2591700,19.180548,Delay-insensitive,1,1.75
140100,aIp3NFGGU9dWm5X3Vw7z9776lFNPuJjB1G29ywH/662WwmqOfy6BRVLentY8lNUk,4.532282,5.472339,6.560614999999999,0,2591700,19.180548,Delay-insensitive,1,1.75
140400,aIp3NFGGU9dWm5X3Vw7z9776lFNPuJjB1G29ywH/662WwmqOfy6BRVLentY8lNUk,4.168286,5.480339,7.229252000000001,0,2591700,19.180548,Delay-insensitive,1,1.75
140700,aIp3NFGGU9dWm5X3Vw7z9776lFNPuJjB1G29ywH/662WwmqOfy6BRVLentY8lNUk,4.796715,5.621708,7.862754,0,2591700,19.180548,Delay-insensitive,1,1.75
141000,aIp3NFGGU9dWm5X3Vw7z9776lFNPuJjB1G29ywH/662WwmqOfy6BRVLentY8lNUk,3.536567,5.405283,6.5462050000000005,0,2591700,19.180548,Delay-insensitive,1,1.75
141300,aIp3NFGGU9dWm5X3Vw7z9776lFNPuJjB1G29ywH/662WwmqOfy6BRVLentY8lNUk,4.612222,5.738159,7.410553999999999,0,2591700,19.180548,Delay-insensitive,1,1.75
141600,aIp3NFGGU9dWm5X3Vw7z9776lFNPuJjB1G29ywH/662WwmqOfy6BRVLentY8lNUk,3.866043,5.741172,8.055444999999999,0,2591700,19.180548,Delay-insensitive,1,1.75
141900,aIp3NFGGU9dWm5X3Vw7z9776lFNPuJjB1G29ywH/662WwmqOfy6BRVLentY8lNUk,4.184033,5.543777,6.8038940000000006,0,2591700,19.180548,Delay-insensitive,1,1.75
142200,aIp3NFGGU9dWm5X3Vw7z9776lFNPuJjB1G29ywH/662WwmqOfy6BRVLentY8lNUk,3.10169,5.400535,7.773693,0,2591700,19.180548,Delay-insensitive,1,1.75
142500,aIp3NFGGU9dWm5X3Vw7z9776lFNPuJjB1G29ywH/662WwmqOfy6BRVLentY8lNUk,4.419594,5.52895,7.625369,0,2591700,19.180548,Delay-insensitive,1,1.75
142800,aIp3NFGGU9dWm5X3Vw7z9776lFNPuJjB1G29ywH/662WwmqOfy6BRVLentY8lNUk,4.277858,5.252242,6.141686,0,2591700,19.180548,Delay-insensitive,1,1.75
143100,aIp3NFGGU9dWm5X3Vw7z9776lFNPuJjB1G29ywH/662WwmqOfy6BRVLentY8lNUk,3.658339,6.844231,19.082541,0,2591700,19.180548,Delay-insensitive,1,1.75
143400,aIp3NFGGU9dWm5X3Vw7z9776lFNPuJjB1G29ywH/662WwmqOfy6BRVLentY8lNUk,5.188784,5.78672,7.067504,0,2591700,19.180548,Delay-insensitive,1,1.75
143700,aIp3NFGGU9dWm5X3Vw7z9776lFNPuJjB1G29ywH/662WwmqOfy6BRVLentY8lNUk,4.917326999999999,5.6286190000000005,6.529318,0,2591700,19.180548,Delay-insensitive,1,1.75
144000,aIp3NFGGU9dWm5X3Vw7z9776lFNPuJjB1G29ywH/662WwmqOfy6BRVLentY8lNUk,5.130823,5.78972,7.400311,0,2591700,19.180548,Delay-insensitive,1,1.75
144300,aIp3NFGGU9dWm5X3Vw7z9776lFNPuJjB1G29ywH/662WwmqOfy6BRVLentY8lNUk,4.762346,5.55384,6.239745,0,2591700,19.180548,Delay-insensitive,1,1.75
144600,aIp3NFGGU9dWm5X3Vw7z9776lFNPuJjB1G29ywH/662WwmqOfy6BRVLentY8lNUk,4.738964,5.61761,6.8491100000000005,0,2591700,19.180548,Delay-insensitive,1,1.75
144900,aIp3NFGGU9dWm5X3Vw7z9776lFNPuJjB1G29ywH/662WwmqOfy6BRVLentY8lNUk,3.882716,4.997856,6.737914999999999,0,2591700,19.180548,Delay-insensitive,1,1.75
145200,aIp3NFGGU9dWm5X3Vw7z9776lFNPuJjB1G29ywH/662WwmqOfy6BRVLentY8lNUk,4.262767,5.401828,6.566283,0,2591700,19.180548,Delay-insensitive,1,1.75
145500,aIp3NFGGU9dWm5X3Vw7z9776lFNPuJjB1G29ywH/662WwmqOfy6BRVLentY8lNUk,4.199335,5.208968,6.81544,0,2591700,19.180548,Delay-insensitive,1,1.75
145800,aIp3NFGGU9dWm5X3Vw7z9776lFNPuJjB1G29ywH/662WwmqOfy6BRVLentY8lNUk,4.430475,5.137587,7.115639,0,2591700,19.180548,Delay-insensitive,1,1.75
146100,aIp3NFGGU9dWm5X3Vw7z9776lFNPuJjB1G29ywH/662WwmqOfy6BRVLentY8lNUk,4.533513,5.426313,6.894081,0,2591700,19.180548,Delay-insensitive,1,1.75
146400,aIp3NFGGU9dWm5X3Vw7z9776lFNPuJjB1G29ywH/662WwmqOfy6BRVLentY8lNUk,4.185149,5.434151,6.842633999999999,0,2591700,19.180548,Delay-insensitive,1,1.75
146700,aIp3NFGGU9dWm5X3Vw7z9776lFNPuJjB1G29ywH/662WwmqOfy6BRVLentY8lNUk,4.839354,6.909456,18.31314,0,2591700,19.180548,Delay-insensitive,1,1.75
147000,aIp3NFGGU9dWm5X3Vw7z9776lFNPuJjB1G29ywH/662WwmqOfy6BRVLentY8lNUk,3.624857,5.351213,6.275158,0,2591700,19.180548,Delay-insensitive,1,1.75
147300,aIp3NFGGU9dWm5X3Vw7z9776lFNPuJjB1G29ywH/662WwmqOfy6BRVLentY8lNUk,4.500068,5.81816,6.957296,0,2591700,19.180548,Delay-insensitive,1,1.75
147600,aIp3NFGGU9dWm5X3Vw7z9776lFNPuJjB1G29ywH/662WwmqOfy6BRVLentY8lNUk,4.427599,5.269515,6.596055000000001,0,2591700,19.180548,Delay-insensitive,1,1.75
147900,aIp3NFGGU9dWm5X3Vw7z9776lFNPuJjB1G29ywH/662WwmqOfy6BRVLentY8lNUk,4.736461,5.39246,6.721073,0,2591700,19.180548,Delay-insensitive,1,1.75
148200,aIp3NFGGU9dWm5X3Vw7z9776lFNPuJjB1G29ywH/662WwmqOfy6BRVLentY8lNUk,4.831365,5.709893,6.882053,0,2591700,19.180548,Delay-insensitive,1,1.75
148500,aIp3NFGGU9dWm5X3Vw7z9776lFNPuJjB1G29ywH/662WwmqOfy6BRVLentY8lNUk,3.303796,4.911719000000001,6.727447,0,2591700,19.180548,Delay-insensitive,1,1.75
148800,aIp3NFGGU9dWm5X3Vw7z9776lFNPuJjB1G29ywH/662WwmqOfy6BRVLentY8lNUk,4.532275,5.492227,6.61557,0,2591700,19.180548,Delay-insensitive,1,1.75
149100,aIp3NFGGU9dWm5X3Vw7z9776lFNPuJjB1G29ywH/662WwmqOfy6BRVLentY8lNUk,4.808753,6.627451,15.782951,0,2591700,19.180548,Delay-insensitive,1,1.75
149400,aIp3NFGGU9dWm5X3Vw7z9776lFNPuJjB1G29ywH/662WwmqOfy6BRVLentY8lNUk,4.71628,5.493243,7.888841999999999,0,2591700,19.180548,Delay-insensitive,1,1.75
149700,aIp3NFGGU9dWm5X3Vw7z9776lFNPuJjB1G29ywH/662WwmqOfy6BRVLentY8lNUk,3.883417,5.3266230000000006,6.665597999999999,0,2591700,19.180548,Delay-insensitive,1,1.75
150000,aIp3NFGGU9dWm5X3Vw7z9776lFNPuJjB1G29ywH/662WwmqOfy6BRVLentY8lNUk,4.950049,5.777613,7.98003,0,2591700,19.180548,Delay-insensitive,1,1.75
150300,aIp3NFGGU9dWm5X3Vw7z9776lFNPuJjB1G29ywH/662WwmqOfy6BRVLentY8lNUk,4.794086,7.124753999999999,19.598457,0,2591700,19.180548,Delay-insensitive,1,1.75
150600,aIp3NFGGU9dWm5X3Vw7z9776lFNPuJjB1G29ywH/662WwmqOfy6BRVLentY8lNUk,4.920869000000001,5.610094999999999,6.857403,0,2591700,19.180548,Delay-insensitive,1,1.75
150900,aIp3NFGGU9dWm5X3Vw7z9776lFNPuJjB1G29ywH/662WwmqOfy6BRVLentY8lNUk,4.099098000000001,5.788936,8.001432000000001,0,2591700,19.180548,Delay-insensitive,1,1.75
151200,aIp3NFGGU9dWm5X3Vw7z9776lFNPuJjB1G29ywH/662WwmqOfy6BRVLentY8lNUk,4.877747,5.8824760000000005,7.356397999999999,0,2591700,19.180548,Delay-insensitive,1,1.75
151500,aIp3NFGGU9dWm5X3Vw7z9776lFNPuJjB1G29ywH/662WwmqOfy6BRVLentY8lNUk,3.1332020000000003,4.786047,7.158107000000001,0,2591700,19.180548,Delay-insensitive,1,1.75
151800,aIp3NFGGU9dWm5X3Vw7z9776lFNPuJjB1G29ywH/662WwmqOfy6BRVLentY8lNUk,4.372555,5.314433,7.262627,0,2591700,19.180548,Delay-insensitive,1,1.75
152100,aIp3NFGGU9dWm5X3Vw7z9776lFNPuJjB1G29ywH/662WwmqOfy6BRVLentY8lNUk,4.518983,5.268435,6.914210000000001,0,2591700,19.180548,Delay-insensitive,1,1.75
152400,aIp3NFGGU9dWm5X3Vw7z9776lFNPuJjB1G29ywH/662WwmqOfy6BRVLentY8lNUk,3.825944,5.209041,6.5842410000000005,0,2591700,19.180548,Delay-insensitive,1,1.75
152700,aIp3NFGGU9dWm5X3Vw7z9776lFNPuJjB1G29ywH/662WwmqOfy6BRVLentY8lNUk,5.028318,5.861282,7.657574,0,2591700,19.180548,Delay-insensitive,1,1.75
153000,aIp3NFGGU9dWm5X3Vw7z9776lFNPuJjB1G29ywH/662WwmqOfy6BRVLentY8lNUk,3.945411,5.556583,7.498382,0,2591700,19.180548,Delay-insensitive,1,1.75
153300,aIp3NFGGU9dWm5X3Vw7z9776lFNPuJjB1G29ywH/662WwmqOfy6BRVLentY8lNUk,4.847078,5.550158000000001,6.555483000000001,0,2591700,19.180548,Delay-insensitive,1,1.75
153600,aIp3NFGGU9dWm5X3Vw7z9776lFNPuJjB1G29ywH/662WwmqOfy6BRVLentY8lNUk,3.1361790000000003,5.384692,6.884472,0,2591700,19.180548,Delay-insensitive,1,1.75
153900,aIp3NFGGU9dWm5X3Vw7z9776lFNPuJjB1G29ywH/662WwmqOfy6BRVLentY8lNUk,4.600651,6.857778999999999,20.523772,0,2591700,19.180548,Delay-insensitive,1,1.75
154200,aIp3NFGGU9dWm5X3Vw7z9776lFNPuJjB1G29ywH/662WwmqOfy6BRVLentY8lNUk,4.615743,5.621876,7.357342999999999,0,2591700,19.180548,Delay-insensitive,1,1.75
154500,aIp3NFGGU9dWm5X3Vw7z9776lFNPuJjB1G29ywH/662WwmqOfy6BRVLentY8lNUk,3.116376,5.196887,7.550482000000001,0,2591700,19.180548,Delay-insensitive,1,1.75
154800,aIp3NFGGU9dWm5X3Vw7z9776lFNPuJjB1G29ywH/662WwmqOfy6BRVLentY8lNUk,4.572435,5.394582,7.218221000000001,0,2591700,19.180548,Delay-insensitive,1,1.75
155100,aIp3NFGGU9dWm5X3Vw7z9776lFNPuJjB1G29ywH/662WwmqOfy6BRVLentY8lNUk,3.329811,5.533764,7.196322,0,2591700,19.180548,Delay-insensitive,1,1.75
155400,aIp3NFGGU9dWm5X3Vw7z9776lFNPuJjB1G29ywH/662WwmqOfy6BRVLentY8lNUk,4.114256,5.31021,7.540808999999999,0,2591700,19.180548,Delay-insensitive,1,1.75
155700,aIp3NFGGU9dWm5X3Vw7z9776lFNPuJjB1G29ywH/662WwmqOfy6BRVLentY8lNUk,3.086373,5.088237,6.735489,0,2591700,19.180548,Delay-insensitive,1,1.75
156000,aIp3NFGGU9dWm5X3Vw7z9776lFNPuJjB1G29ywH/662WwmqOfy6BRVLentY8lNUk,4.4553970000000005,5.329919,7.929747,0,2591700,19.180548,Delay-insensitive,1,1.75
156300,aIp3NFGGU9dWm5X3Vw7z9776lFNPuJjB1G29ywH/662WwmqOfy6BRVLentY8lNUk,3.880543,7.879102,22.668286,0,2591700,19.180548,Delay-insensitive,1,1.75
156600,aIp3NFGGU9dWm5X3Vw7z9776lFNPuJjB1G29ywH/662WwmqOfy6BRVLentY8lNUk,3.1233880000000003,5.263996,7.165432000000001,0,2591700,19.180548,Delay-insensitive,1,1.75
156900,aIp3NFGGU9dWm5X3Vw7z9776lFNPuJjB1G29ywH/662WwmqOfy6BRVLentY8lNUk,4.964767,14.164682999999998,53.479533,0,2591700,19.180548,Delay-insensitive,1,1.75
157200,aIp3NFGGU9dWm5X3Vw7z9776lFNPuJjB1G29ywH/662WwmqOfy6BRVLentY8lNUk,4.215796,7.647330999999999,16.43911,0,2591700,19.180548,Delay-insensitive,1,1.75
157500,aIp3NFGGU9dWm5X3Vw7z9776lFNPuJjB1G29ywH/662WwmqOfy6BRVLentY8lNUk,5.071073,7.752053,15.592616,0,2591700,19.180548,Delay-insensitive,1,1.75
157800,aIp3NFGGU9dWm5X3Vw7z9776lFNPuJjB1G29ywH/662WwmqOfy6BRVLentY8lNUk,4.896154,5.833954,7.927899000000001,0,2591700,19.180548,Delay-insensitive,1,1.75
158100,aIp3NFGGU9dWm5X3Vw7z9776lFNPuJjB1G29ywH/662WwmqOfy6BRVLentY8lNUk,4.888051,5.791167,8.7617,0,2591700,19.180548,Delay-insensitive,1,1.75
158400,aIp3NFGGU9dWm5X3Vw7z9776lFNPuJjB1G29ywH/662WwmqOfy6BRVLentY8lNUk,3.220038,5.451897,8.204603,0,2591700,19.180548,Delay-insensitive,1,1.75
158700,aIp3NFGGU9dWm5X3Vw7z9776lFNPuJjB1G29ywH/662WwmqOfy6BRVLentY8lNUk,4.819047,5.863193,7.156884,0,2591700,19.180548,Delay-insensitive,1,1.75
159000,aIp3NFGGU9dWm5X3Vw7z9776lFNPuJjB1G29ywH/662WwmqOfy6BRVLentY8lNUk,4.921069,5.892437,7.641310000000001,0,2591700,19.180548,Delay-insensitive,1,1.75
159300,aIp3NFGGU9dWm5X3Vw7z9776lFNPuJjB1G29ywH/662WwmqOfy6BRVLentY8lNUk,3.778155,4.906699,5.951291,0,2591700,19.180548,Delay-insensitive,1,1.75
159600,aIp3NFGGU9dWm5X3Vw7z9776lFNPuJjB1G29ywH/662WwmqOfy6BRVLentY8lNUk,4.308571,5.71375,8.349122999999999,0,2591700,19.180548,Delay-insensitive,1,1.75
159900,aIp3NFGGU9dWm5X3Vw7z9776lFNPuJjB1G29ywH/662WwmqOfy6BRVLentY8lNUk,4.131919,5.56106,7.165741000000001,0,2591700,19.180548,Delay-insensitive,1,1.75
160200,aIp3NFGGU9dWm5X3Vw7z9776lFNPuJjB1G29ywH/662WwmqOfy6BRVLentY8lNUk,4.330164,5.274221,6.701650999999999,0,2591700,19.180548,Delay-insensitive,1,1.75
160500,aIp3NFGGU9dWm5X3Vw7z9776lFNPuJjB1G29ywH/662WwmqOfy6BRVLentY8lNUk,3.750867,5.527964,7.720793,0,2591700,19.180548,Delay-insensitive,1,1.75
160800,aIp3NFGGU9dWm5X3Vw7z9776lFNPuJjB1G29ywH/662WwmqOfy6BRVLentY8lNUk,4.597074,5.641778,7.097666,0,2591700,19.180548,Delay-insensitive,1,1.75
161100,aIp3NFGGU9dWm5X3Vw7z9776lFNPuJjB1G29ywH/662WwmqOfy6BRVLentY8lNUk,2.310886,6.016557,21.463142,0,2591700,19.180548,Delay-insensitive,1,1.75
161400,aIp3NFGGU9dWm5X3Vw7z9776lFNPuJjB1G29ywH/662WwmqOfy6BRVLentY8lNUk,4.457171,5.494952,7.08385,0,2591700,19.180548,Delay-insensitive,1,1.75
161700,aIp3NFGGU9dWm5X3Vw7z9776lFNPuJjB1G29ywH/662WwmqOfy6BRVLentY8lNUk,4.249733999999999,5.952274,10.824097,0,2591700,19.180548,Delay-insensitive,1,1.75
162000,aIp3NFGGU9dWm5X3Vw7z9776lFNPuJjB1G29ywH/662WwmqOfy6BRVLentY8lNUk,3.817089,5.156829,6.715832000000001,0,2591700,19.180548,Delay-insensitive,1,1.75
162300,aIp3NFGGU9dWm5X3Vw7z9776lFNPuJjB1G29ywH/662WwmqOfy6BRVLentY8lNUk,4.866816,5.782082,7.757802000000001,0,2591700,19.180548,Delay-insensitive,1,1.75
162600,aIp3NFGGU9dWm5X3Vw7z9776lFNPuJjB1G29ywH/662WwmqOfy6BRVLentY8lNUk,3.507325,5.476805000000001,7.014642,0,2591700,19.180548,Delay-insensitive,1,1.75
162900,aIp3NFGGU9dWm5X3Vw7z9776lFNPuJjB1G29ywH/662WwmqOfy6BRVLentY8lNUk,4.763489,5.431508,7.194251,0,2591700,19.180548,Delay-insensitive,1,1.75
163200,aIp3NFGGU9dWm5X3Vw7z9776lFNPuJjB1G29ywH/662WwmqOfy6BRVLentY8lNUk,4.100387,5.539236,7.013222,0,2591700,19.180548,Delay-insensitive,1,1.75
163500,aIp3NFGGU9dWm5X3Vw7z9776lFNPuJjB1G29ywH/662WwmqOfy6BRVLentY8lNUk,4.71962,5.725031,7.092244,0,2591700,19.180548,Delay-insensitive,1,1.75
163800,aIp3NFGGU9dWm5X3Vw7z9776lFNPuJjB1G29ywH/662WwmqOfy6BRVLentY8lNUk,3.510819,5.046569,6.854728999999999,0,2591700,19.180548,Delay-insensitive,1,1.75
164100,aIp3NFGGU9dWm5X3Vw7z9776lFNPuJjB1G29ywH/662WwmqOfy6BRVLentY8lNUk,3.270298,5.172804,6.501044,0,2591700,19.180548,Delay-insensitive,1,1.75
164400,aIp3NFGGU9dWm5X3Vw7z9776lFNPuJjB1G29ywH/662WwmqOfy6BRVLentY8lNUk,4.432213,6.051068,13.527411,0,2591700,19.180548,Delay-insensitive,1,1.75
164700,aIp3NFGGU9dWm5X3Vw7z9776lFNPuJjB1G29ywH/662WwmqOfy6BRVLentY8lNUk,3.180448,8.95176,26.79004,0,2591700,19.180548,Delay-insensitive,1,1.75
165000,aIp3NFGGU9dWm5X3Vw7z9776lFNPuJjB1G29ywH/662WwmqOfy6BRVLentY8lNUk,4.651621,5.4428160000000005,7.103754,0,2591700,19.180548,Delay-insensitive,1,1.75
165300,aIp3NFGGU9dWm5X3Vw7z9776lFNPuJjB1G29ywH/662WwmqOfy6BRVLentY8lNUk,3.751405,5.219982,7.360825999999999,0,2591700,19.180548,Delay-insensitive,1,1.75
165600,aIp3NFGGU9dWm5X3Vw7z9776lFNPuJjB1G29ywH/662WwmqOfy6BRVLentY8lNUk,3.227021,5.035117,7.505927000000001,0,2591700,19.180548,Delay-insensitive,1,1.75
165900,aIp3NFGGU9dWm5X3Vw7z9776lFNPuJjB1G29ywH/662WwmqOfy6BRVLentY8lNUk,2.997398,5.179233999999999,7.236844,0,2591700,19.180548,Delay-insensitive,1,1.75
166200,aIp3NFGGU9dWm5X3Vw7z9776lFNPuJjB1G29ywH/662WwmqOfy6BRVLentY8lNUk,4.492117,5.138621,7.046613000000001,0,2591700,19.180548,Delay-insensitive,1,1.75
166500,aIp3NFGGU9dWm5X3Vw7z9776lFNPuJjB1G29ywH/662WwmqOfy6BRVLentY8lNUk,4.90005,5.757147,7.534669999999999,0,2591700,19.180548,Delay-insensitive,1,1.75
166800,aIp3NFGGU9dWm5X3Vw7z9776lFNPuJjB1G29ywH/662WwmqOfy6BRVLentY8lNUk,4.799812,5.606085,7.607303999999999,0,2591700,19.180548,Delay-insensitive,1,1.75
167100,aIp3NFGGU9dWm5X3Vw7z9776lFNPuJjB1G29ywH/662WwmqOfy6BRVLentY8lNUk,4.443006,6.456549,16.30937,0,2591700,19.180548,Delay-insensitive,1,1.75
167400,aIp3NFGGU9dWm5X3Vw7z9776lFNPuJjB1G29ywH/662WwmqOfy6BRVLentY8lNUk,3.980764,5.413372,6.735395,0,2591700,19.180548,Delay-insensitive,1,1.75
167700,aIp3NFGGU9dWm5X3Vw7z9776lFNPuJjB1G29ywH/662WwmqOfy6BRVLentY8lNUk,4.606396,5.435827,7.584636,0,2591700,19.180548,Delay-insensitive,1,1.75
168000,aIp3NFGGU9dWm5X3Vw7z9776lFNPuJjB1G29ywH/662WwmqOfy6BRVLentY8lNUk,4.354907,5.332912,7.380452,0,2591700,19.180548,Delay-insensitive,1,1.75
168300,aIp3NFGGU9dWm5X3Vw7z9776lFNPuJjB1G29ywH/662WwmqOfy6BRVLentY8lNUk,3.894508,6.111718,16.185563000000002,0,2591700,19.180548,Delay-insensitive,1,1.75
168600,aIp3NFGGU9dWm5X3Vw7z9776lFNPuJjB1G29ywH/662WwmqOfy6BRVLentY8lNUk,4.479184,5.595721,7.749036999999999,0,2591700,19.180548,Delay-insensitive,1,1.75
168900,aIp3NFGGU9dWm5X3Vw7z9776lFNPuJjB1G29ywH/662WwmqOfy6BRVLentY8lNUk,3.685933,5.027459,7.158403,0,2591700,19.180548,Delay-insensitive,1,1.75
169200,aIp3NFGGU9dWm5X3Vw7z9776lFNPuJjB1G29ywH/662WwmqOfy6BRVLentY8lNUk,4.367286,5.182817,6.099054,0,2591700,19.180548,Delay-insensitive,1,1.75
169500,aIp3NFGGU9dWm5X3Vw7z9776lFNPuJjB1G29ywH/662WwmqOfy6BRVLentY8lNUk,4.131307,5.38689,7.418988000000001,0,2591700,19.180548,Delay-insensitive,1,1.75
169800,aIp3NFGGU9dWm5X3Vw7z9776lFNPuJjB1G29ywH/662WwmqOfy6BRVLentY8lNUk,4.204299,6.558992999999999,19.65723,0,2591700,19.180548,Delay-insensitive,1,1.75
170100,aIp3NFGGU9dWm5X3Vw7z9776lFNPuJjB1G29ywH/662WwmqOfy6BRVLentY8lNUk,4.685996,5.50665,7.707333,0,2591700,19.180548,Delay-insensitive,1,1.75
170400,aIp3NFGGU9dWm5X3Vw7z9776lFNPuJjB1G29ywH/662WwmqOfy6BRVLentY8lNUk,4.7486440000000005,5.665926,8.240198,0,2591700,19.180548,Delay-insensitive,1,1.75
170700,aIp3NFGGU9dWm5X3Vw7z9776lFNPuJjB1G29ywH/662WwmqOfy6BRVLentY8lNUk,3.762667,5.162301,6.405795,0,2591700,19.180548,Delay-insensitive,1,1.75
171000,aIp3NFGGU9dWm5X3Vw7z9776lFNPuJjB1G29ywH/662WwmqOfy6BRVLentY8lNUk,4.191658,5.369209,7.605997,0,2591700,19.180548,Delay-insensitive,1,1.75
171300,aIp3NFGGU9dWm5X3Vw7z9776lFNPuJjB1G29ywH/662WwmqOfy6BRVLentY8lNUk,2.29228,4.864272,7.960572,0,2591700,19.180548,Delay-insensitive,1,1.75
171600,aIp3NFGGU9dWm5X3Vw7z9776lFNPuJjB1G29ywH/662WwmqOfy6BRVLentY8lNUk,4.449379,5.316436,6.713449000000001,0,2591700,19.180548,Delay-insensitive,1,1.75
171900,aIp3NFGGU9dWm5X3Vw7z9776lFNPuJjB1G29ywH/662WwmqOfy6BRVLentY8lNUk,4.334243,6.599639999999999,18.934054,0,2591700,19.180548,Delay-insensitive,1,1.75
172200,aIp3NFGGU9dWm5X3Vw7z9776lFNPuJjB1G29ywH/662WwmqOfy6BRVLentY8lNUk,4.392367,5.407483999999999,7.716169,0,2591700,19.180548,Delay-insensitive,1,1.75
172500,aIp3NFGGU9dWm5X3Vw7z9776lFNPuJjB1G29ywH/662WwmqOfy6BRVLentY8lNUk,4.268843,5.916468,11.749433,0,2591700,19.180548,Delay-insensitive,1,1.75
172800,aIp3NFGGU9dWm5X3Vw7z9776lFNPuJjB1G29ywH/662WwmqOfy6BRVLentY8lNUk,2.7022,4.897059,7.500126,0,2591700,19.180548,Delay-insensitive,1,1.75
173100,aIp3NFGGU9dWm5X3Vw7z9776lFNPuJjB1G29ywH/662WwmqOfy6BRVLentY8lNUk,4.447989,5.66895,7.595418,0,2591700,19.180548,Delay-insensitive,1,1.75
173400,aIp3NFGGU9dWm5X3Vw7z9776lFNPuJjB1G29ywH/662WwmqOfy6BRVLentY8lNUk,3.571817,5.200002,6.786017999999999,0,2591700,19.180548,Delay-insensitive,1,1.75
173700,aIp3NFGGU9dWm5X3Vw7z9776lFNPuJjB1G29ywH/662WwmqOfy6BRVLentY8lNUk,4.314678,5.461698999999999,7.934139,0,2591700,19.180548,Delay-insensitive,1,1.75
174000,aIp3NFGGU9dWm5X3Vw7z9776lFNPuJjB1G29ywH/662WwmqOfy6BRVLentY8lNUk,4.226007,5.633644,7.823258,0,2591700,19.180548,Delay-insensitive,1,1.75
174300,aIp3NFGGU9dWm5X3Vw7z9776lFNPuJjB1G29ywH/662WwmqOfy6BRVLentY8lNUk,4.553477,5.629928,6.638311999999999,0,2591700,19.180548,Delay-insensitive,1,1.75
174600,aIp3NFGGU9dWm5X3Vw7z9776lFNPuJjB1G29ywH/662WwmqOfy6BRVLentY8lNUk,4.455845,5.65851,7.902274,0,2591700,19.180548,Delay-insensitive,1,1.75
174900,aIp3NFGGU9dWm5X3Vw7z9776lFNPuJjB1G29ywH/662WwmqOfy6BRVLentY8lNUk,4.773504,5.590246,7.333388,0,2591700,19.180548,Delay-insensitive,1,1.75
175200,aIp3NFGGU9dWm5X3Vw7z9776lFNPuJjB1G29ywH/662WwmqOfy6BRVLentY8lNUk,4.493294000000001,5.625539,6.743102,0,2591700,19.180548,Delay-insensitive,1,1.75
175500,aIp3NFGGU9dWm5X3Vw7z9776lFNPuJjB1G29ywH/662WwmqOfy6BRVLentY8lNUk,3.035498,6.359247,14.632616,0,2591700,19.180548,Delay-insensitive,1,1.75
175800,aIp3NFGGU9dWm5X3Vw7z9776lFNPuJjB1G29ywH/662WwmqOfy6BRVLentY8lNUk,4.324726,5.393693,6.271039,0,2591700,19.180548,Delay-insensitive,1,1.75
176100,aIp3NFGGU9dWm5X3Vw7z9776lFNPuJjB1G29ywH/662WwmqOfy6BRVLentY8lNUk,4.431946,5.382968,6.422218,0,2591700,19.180548,Delay-insensitive,1,1.75
176400,aIp3NFGGU9dWm5X3Vw7z9776lFNPuJjB1G29ywH/662WwmqOfy6BRVLentY8lNUk,4.556749,5.450885,7.771712,0,2591700,19.180548,Delay-insensitive,1,1.75
176700,aIp3NFGGU9dWm5X3Vw7z9776lFNPuJjB1G29ywH/662WwmqOfy6BRVLentY8lNUk,4.888902,5.595899,6.6927080000000005,0,2591700,19.180548,Delay-insensitive,1,1.75
177000,aIp3NFGGU9dWm5X3Vw7z9776lFNPuJjB1G29ywH/662WwmqOfy6BRVLentY8lNUk,3.77345,5.364148999999999,7.005423,0,2591700,19.180548,Delay-insensitive,1,1.75
177300,aIp3NFGGU9dWm5X3Vw7z9776lFNPuJjB1G29ywH/662WwmqOfy6BRVLentY8lNUk,3.770447,5.261719,7.772347,0,2591700,19.180548,Delay-insensitive,1,1.75
177600,aIp3NFGGU9dWm5X3Vw7z9776lFNPuJjB1G29ywH/662WwmqOfy6BRVLentY8lNUk,4.471202,5.3701870000000005,6.413888,0,2591700,19.180548,Delay-insensitive,1,1.75
177900,aIp3NFGGU9dWm5X3Vw7z9776lFNPuJjB1G29ywH/662WwmqOfy6BRVLentY8lNUk,3.842113,5.030573,6.341458,0,2591700,19.180548,Delay-insensitive,1,1.75
178200,aIp3NFGGU9dWm5X3Vw7z9776lFNPuJjB1G29ywH/662WwmqOfy6BRVLentY8lNUk,3.627992,5.050813,6.970217999999999,0,2591700,19.180548,Delay-insensitive,1,1.75
178500,aIp3NFGGU9dWm5X3Vw7z9776lFNPuJjB1G29ywH/662WwmqOfy6BRVLentY8lNUk,4.322664,5.0467900000000006,6.200343,0,2591700,19.180548,Delay-insensitive,1,1.75
178800,aIp3NFGGU9dWm5X3Vw7z9776lFNPuJjB1G29ywH/662WwmqOfy6BRVLentY8lNUk,4.436143,5.268896,6.506398,0,2591700,19.180548,Delay-insensitive,1,1.75
179100,aIp3NFGGU9dWm5X3Vw7z9776lFNPuJjB1G29ywH/662WwmqOfy6BRVLentY8lNUk,4.212325,6.546835,17.678199,0,2591700,19.180548,Delay-insensitive,1,1.75
179400,aIp3NFGGU9dWm5X3Vw7z9776lFNPuJjB1G29ywH/662WwmqOfy6BRVLentY8lNUk,4.771106,5.480165,6.423830000000001,0,2591700,19.180548,Delay-insensitive,1,1.75
179700,aIp3NFGGU9dWm5X3Vw7z9776lFNPuJjB1G29ywH/662WwmqOfy6BRVLentY8lNUk,3.532663,5.247101,6.453349,0,2591700,19.180548,Delay-insensitive,1,1.75
180000,aIp3NFGGU9dWm5X3Vw7z9776lFNPuJjB1G29ywH/662WwmqOfy6BRVLentY8lNUk,3.339135,4.96694,7.700419999999999,0,2591700,19.180548,Delay-insensitive,1,1.75
180300,aIp3NFGGU9dWm5X3Vw7z9776lFNPuJjB1G29ywH/662WwmqOfy6BRVLentY8lNUk,4.2526660000000005,5.023415,6.738319000000001,0,2591700,19.180548,Delay-insensitive,1,1.75
180600,aIp3NFGGU9dWm5X3Vw7z9776lFNPuJjB1G29ywH/662WwmqOfy6BRVLentY8lNUk,4.369165,5.337374,6.721612,0,2591700,19.180548,Delay-insensitive,1,1.75
180900,aIp3NFGGU9dWm5X3Vw7z9776lFNPuJjB1G29ywH/662WwmqOfy6BRVLentY8lNUk,4.512474,5.172425,6.29556,0,2591700,19.180548,Delay-insensitive,1,1.75
181200,aIp3NFGGU9dWm5X3Vw7z9776lFNPuJjB1G29ywH/662WwmqOfy6BRVLentY8lNUk,4.556703,5.414115,6.533681,0,2591700,19.180548,Delay-insensitive,1,1.75
181500,aIp3NFGGU9dWm5X3Vw7z9776lFNPuJjB1G29ywH/662WwmqOfy6BRVLentY8lNUk,3.789013,5.275208999999999,7.701405,0,2591700,19.180548,Delay-insensitive,1,1.75
181800,aIp3NFGGU9dWm5X3Vw7z9776lFNPuJjB1G29ywH/662WwmqOfy6BRVLentY8lNUk,4.096835,5.383965,7.394322,0,2591700,19.180548,Delay-insensitive,1,1.75
182100,aIp3NFGGU9dWm5X3Vw7z9776lFNPuJjB1G29ywH/662WwmqOfy6BRVLentY8lNUk,4.117781,4.905518,6.0583160000000005,0,2591700,19.180548,Delay-insensitive,1,1.75
182400,aIp3NFGGU9dWm5X3Vw7z9776lFNPuJjB1G29ywH/662WwmqOfy6BRVLentY8lNUk,4.368766,5.453543,6.904582,0,2591700,19.180548,Delay-insensitive,1,1.75
182700,aIp3NFGGU9dWm5X3Vw7z9776lFNPuJjB1G29ywH/662WwmqOfy6BRVLentY8lNUk,4.482089,6.839119,18.048231,0,2591700,19.180548,Delay-insensitive,1,1.75
183000,aIp3NFGGU9dWm5X3Vw7z9776lFNPuJjB1G29ywH/662WwmqOfy6BRVLentY8lNUk,4.575011,5.464343,6.668867999999999,0,2591700,19.180548,Delay-insensitive,1,1.75
183300,aIp3NFGGU9dWm5X3Vw7z9776lFNPuJjB1G29ywH/662WwmqOfy6BRVLentY8lNUk,4.809039,5.922005,9.444754,0,2591700,19.180548,Delay-insensitive,1,1.75
183600,aIp3NFGGU9dWm5X3Vw7z9776lFNPuJjB1G29ywH/662WwmqOfy6BRVLentY8lNUk,4.763978,5.38229,6.81959,0,2591700,19.180548,Delay-insensitive,1,1.75
183900,aIp3NFGGU9dWm5X3Vw7z9776lFNPuJjB1G29ywH/662WwmqOfy6BRVLentY8lNUk,4.854286,5.454661,6.932681,0,2591700,19.180548,Delay-insensitive,1,1.75
184200,aIp3NFGGU9dWm5X3Vw7z9776lFNPuJjB1G29ywH/662WwmqOfy6BRVLentY8lNUk,3.649927,5.186684,6.903228,0,2591700,19.180548,Delay-insensitive,1,1.75
184500,aIp3NFGGU9dWm5X3Vw7z9776lFNPuJjB1G29ywH/662WwmqOfy6BRVLentY8lNUk,3.767208,5.264889,7.386139999999999,0,2591700,19.180548,Delay-insensitive,1,1.75
184800,aIp3NFGGU9dWm5X3Vw7z9776lFNPuJjB1G29ywH/662WwmqOfy6BRVLentY8lNUk,4.549396,4.972381,5.656324,0,2591700,19.180548,Delay-insensitive,1,1.75
185100,aIp3NFGGU9dWm5X3Vw7z9776lFNPuJjB1G29ywH/662WwmqOfy6BRVLentY8lNUk,4.555119,5.221152,6.7008,0,2591700,19.180548,Delay-insensitive,1,1.75
185400,aIp3NFGGU9dWm5X3Vw7z9776lFNPuJjB1G29ywH/662WwmqOfy6BRVLentY8lNUk,4.540174,6.404396,16.411698,0,2591700,19.180548,Delay-insensitive,1,1.75
185700,aIp3NFGGU9dWm5X3Vw7z9776lFNPuJjB1G29ywH/662WwmqOfy6BRVLentY8lNUk,4.84384,14.782132999999998,53.961261,0,2591700,19.180548,Delay-insensitive,1,1.75
186000,aIp3NFGGU9dWm5X3Vw7z9776lFNPuJjB1G29ywH/662WwmqOfy6BRVLentY8lNUk,3.522668,5.403719000000001,7.389974,0,2591700,19.180548,Delay-insensitive,1,1.75
186300,aIp3NFGGU9dWm5X3Vw7z9776lFNPuJjB1G29ywH/662WwmqOfy6BRVLentY8lNUk,3.734339,6.549221,19.052787,0,2591700,19.180548,Delay-insensitive,1,1.75
186600,aIp3NFGGU9dWm5X3Vw7z9776lFNPuJjB1G29ywH/662WwmqOfy6BRVLentY8lNUk,4.579098,5.524563,6.535384,0,2591700,19.180548,Delay-insensitive,1,1.75
186900,aIp3NFGGU9dWm5X3Vw7z9776lFNPuJjB1G29ywH/662WwmqOfy6BRVLentY8lNUk,5.052575,5.866787,8.380911,0,2591700,19.180548,Delay-insensitive,1,1.75
187200,aIp3NFGGU9dWm5X3Vw7z9776lFNPuJjB1G29ywH/662WwmqOfy6BRVLentY8lNUk,4.826214,5.583596,7.326623,0,2591700,19.180548,Delay-insensitive,1,1.75
187500,aIp3NFGGU9dWm5X3Vw7z9776lFNPuJjB1G29ywH/662WwmqOfy6BRVLentY8lNUk,4.893427,7.050827000000001,19.18214,0,2591700,19.180548,Delay-insensitive,1,1.75
187800,aIp3NFGGU9dWm5X3Vw7z9776lFNPuJjB1G29ywH/662WwmqOfy6BRVLentY8lNUk,4.523325,5.773282,7.924702000000001,0,2591700,19.180548,Delay-insensitive,1,1.75
188100,aIp3NFGGU9dWm5X3Vw7z9776lFNPuJjB1G29ywH/662WwmqOfy6BRVLentY8lNUk,4.3232870000000005,5.208433,6.01318,0,2591700,19.180548,Delay-insensitive,1,1.75
188400,aIp3NFGGU9dWm5X3Vw7z9776lFNPuJjB1G29ywH/662WwmqOfy6BRVLentY8lNUk,4.802925,5.519974,6.516666000000001,0,2591700,19.180548,Delay-insensitive,1,1.75
188700,aIp3NFGGU9dWm5X3Vw7z9776lFNPuJjB1G29ywH/662WwmqOfy6BRVLentY8lNUk,3.729154,5.781215,13.415075,0,2591700,19.180548,Delay-insensitive,1,1.75
189000,aIp3NFGGU9dWm5X3Vw7z9776lFNPuJjB1G29ywH/662WwmqOfy6BRVLentY8lNUk,4.4737290000000005,5.311432,6.67576,0,2591700,19.180548,Delay-insensitive,1,1.75
189300,aIp3NFGGU9dWm5X3Vw7z9776lFNPuJjB1G29ywH/662WwmqOfy6BRVLentY8lNUk,4.32444,5.120437,6.043875,0,2591700,19.180548,Delay-insensitive,1,1.75
189600,aIp3NFGGU9dWm5X3Vw7z9776lFNPuJjB1G29ywH/662WwmqOfy6BRVLentY8lNUk,5.132007,9.312717,40.922633000000005,0,2591700,19.180548,Delay-insensitive,1,1.75
189900,aIp3NFGGU9dWm5X3Vw7z9776lFNPuJjB1G29ywH/662WwmqOfy6BRVLentY8lNUk,4.733128,6.797513,17.773898000000003,0,2591700,19.180548,Delay-insensitive,1,1.75
190200,aIp3NFGGU9dWm5X3Vw7z9776lFNPuJjB1G29ywH/662WwmqOfy6BRVLentY8lNUk,4.870262,5.805526,8.477682000000001,0,2591700,19.180548,Delay-insensitive,1,1.75
190500,aIp3NFGGU9dWm5X3Vw7z9776lFNPuJjB1G29ywH/662WwmqOfy6BRVLentY8lNUk,4.741308999999999,5.919419,7.743813999999999,0,2591700,19.180548,Delay-insensitive,1,1.75
190800,aIp3NFGGU9dWm5X3Vw7z9776lFNPuJjB1G29ywH/662WwmqOfy6BRVLentY8lNUk,4.993371,5.728697,7.563785,0,2591700,19.180548,Delay-insensitive,1,1.75
191100,aIp3NFGGU9dWm5X3Vw7z9776lFNPuJjB1G29ywH/662WwmqOfy6BRVLentY8lNUk,4.919693,5.929207,7.702408,0,2591700,19.180548,Delay-insensitive,1,1.75
191400,aIp3NFGGU9dWm5X3Vw7z9776lFNPuJjB1G29ywH/662WwmqOfy6BRVLentY8lNUk,4.829071,5.805861,8.186199,0,2591700,19.180548,Delay-insensitive,1,1.75
191700,aIp3NFGGU9dWm5X3Vw7z9776lFNPuJjB1G29ywH/662WwmqOfy6BRVLentY8lNUk,4.656042,5.202622,6.086398,0,2591700,19.180548,Delay-insensitive,1,1.75
192000,aIp3NFGGU9dWm5X3Vw7z9776lFNPuJjB1G29ywH/662WwmqOfy6BRVLentY8lNUk,4.805653,5.792233,8.097592,0,2591700,19.180548,Delay-insensitive,1,1.75
192300,aIp3NFGGU9dWm5X3Vw7z9776lFNPuJjB1G29ywH/662WwmqOfy6BRVLentY8lNUk,4.677438,5.802818,7.603110000000001,0,2591700,19.180548,Delay-insensitive,1,1.75
192600,aIp3NFGGU9dWm5X3Vw7z9776lFNPuJjB1G29ywH/662WwmqOfy6BRVLentY8lNUk,4.832568,5.610874,7.667716,0,2591700,19.180548,Delay-insensitive,1,1.75
192900,aIp3NFGGU9dWm5X3Vw7z9776lFNPuJjB1G29ywH/662WwmqOfy6BRVLentY8lNUk,4.542251,5.779028,7.976667,0,2591700,19.180548,Delay-insensitive,1,1.75
193200,aIp3NFGGU9dWm5X3Vw7z9776lFNPuJjB1G29ywH/662WwmqOfy6BRVLentY8lNUk,4.777142,5.888209,8.387483,0,2591700,19.180548,Delay-insensitive,1,1.75
193500,aIp3NFGGU9dWm5X3Vw7z9776lFNPuJjB1G29ywH/662WwmqOfy6BRVLentY8lNUk,4.404877,6.837988,18.477486,0,2591700,19.180548,Delay-insensitive,1,1.75
193800,aIp3NFGGU9dWm5X3Vw7z9776lFNPuJjB1G29ywH/662WwmqOfy6BRVLentY8lNUk,4.71277,5.672203,8.138811,0,2591700,19.180548,Delay-insensitive,1,1.75
194100,aIp3NFGGU9dWm5X3Vw7z9776lFNPuJjB1G29ywH/662WwmqOfy6BRVLentY8lNUk,3.775036,5.45586,7.166299,0,2591700,19.180548,Delay-insensitive,1,1.75
194400,aIp3NFGGU9dWm5X3Vw7z9776lFNPuJjB1G29ywH/662WwmqOfy6BRVLentY8lNUk,5.016673,5.54807,6.895694000000001,0,2591700,19.180548,Delay-insensitive,1,1.75
194700,aIp3NFGGU9dWm5X3Vw7z9776lFNPuJjB1G29ywH/662WwmqOfy6BRVLentY8lNUk,4.76128,5.755113,7.143536999999999,0,2591700,19.180548,Delay-insensitive,1,1.75
195000,aIp3NFGGU9dWm5X3Vw7z9776lFNPuJjB1G29ywH/662WwmqOfy6BRVLentY8lNUk,5.002235,5.754087999999999,7.677017999999999,0,2591700,19.180548,Delay-insensitive,1,1.75
195300,aIp3NFGGU9dWm5X3Vw7z9776lFNPuJjB1G29ywH/662WwmqOfy6BRVLentY8lNUk,4.529262999999999,5.436537,6.577767,0,2591700,19.180548,Delay-insensitive,1,1.75
195600,aIp3NFGGU9dWm5X3Vw7z9776lFNPuJjB1G29ywH/662WwmqOfy6BRVLentY8lNUk,4.5674660000000005,5.447783,7.06472,0,2591700,19.180548,Delay-insensitive,1,1.75
195900,aIp3NFGGU9dWm5X3Vw7z9776lFNPuJjB1G29ywH/662WwmqOfy6BRVLentY8lNUk,4.783043,5.513062000000001,7.033904,0,2591700,19.180548,Delay-insensitive,1,1.75
196200,aIp3NFGGU9dWm5X3Vw7z9776lFNPuJjB1G29ywH/662WwmqOfy6BRVLentY8lNUk,3.850128,5.457908,6.687593,0,2591700,19.180548,Delay-insensitive,1,1.75
196500,aIp3NFGGU9dWm5X3Vw7z9776lFNPuJjB1G29ywH/662WwmqOfy6BRVLentY8lNUk,4.652223,5.606329,7.046042999999999,0,2591700,19.180548,Delay-insensitive,1,1.75
196800,aIp3NFGGU9dWm5X3Vw7z9776lFNPuJjB1G29ywH/662WwmqOfy6BRVLentY8lNUk,4.330066,5.433102,7.487085,0,2591700,19.180548,Delay-insensitive,1,1.75
197100,aIp3NFGGU9dWm5X3Vw7z9776lFNPuJjB1G29ywH/662WwmqOfy6BRVLentY8lNUk,4.645084,6.799992,14.549456,0,2591700,19.180548,Delay-insensitive,1,1.75
197400,aIp3NFGGU9dWm5X3Vw7z9776lFNPuJjB1G29ywH/662WwmqOfy6BRVLentY8lNUk,4.3320870000000005,5.554857,7.714986,0,2591700,19.180548,Delay-insensitive,1,1.75
197700,aIp3NFGGU9dWm5X3Vw7z9776lFNPuJjB1G29ywH/662WwmqOfy6BRVLentY8lNUk,3.62264,5.311898,7.430089,0,2591700,19.180548,Delay-insensitive,1,1.75
198000,aIp3NFGGU9dWm5X3Vw7z9776lFNPuJjB1G29ywH/662WwmqOfy6BRVLentY8lNUk,4.5548660000000005,5.552271,6.387746,0,2591700,19.180548,Delay-insensitive,1,1.75
198300,aIp3NFGGU9dWm5X3Vw7z9776lFNPuJjB1G29ywH/662WwmqOfy6BRVLentY8lNUk,4.943872,5.823665,7.236857,0,2591700,19.180548,Delay-insensitive,1,1.75
198600,aIp3NFGGU9dWm5X3Vw7z9776lFNPuJjB1G29ywH/662WwmqOfy6BRVLentY8lNUk,4.660017,5.663236,7.625033999999999,0,2591700,19.180548,Delay-insensitive,1,1.75
198900,aIp3NFGGU9dWm5X3Vw7z9776lFNPuJjB1G29ywH/662WwmqOfy6BRVLentY8lNUk,4.906531,5.651457,6.806821,0,2591700,19.180548,Delay-insensitive,1,1.75
199200,aIp3NFGGU9dWm5X3Vw7z9776lFNPuJjB1G29ywH/662WwmqOfy6BRVLentY8lNUk,4.886696,5.739625,6.974688,0,2591700,19.180548,Delay-insensitive,1,1.75
199500,aIp3NFGGU9dWm5X3Vw7z9776lFNPuJjB1G29ywH/662WwmqOfy6BRVLentY8lNUk,4.935274,5.727103,8.855899,0,2591700,19.180548,Delay-insensitive,1,1.75
199800,aIp3NFGGU9dWm5X3Vw7z9776lFNPuJjB1G29ywH/662WwmqOfy6BRVLentY8lNUk,4.834271,6.068848,9.000258,0,2591700,19.180548,Delay-insensitive,1,1.75
200100,aIp3NFGGU9dWm5X3Vw7z9776lFNPuJjB1G29ywH/662WwmqOfy6BRVLentY8lNUk,4.813376,5.919293,7.783867,0,2591700,19.180548,Delay-insensitive,1,1.75
200400,aIp3NFGGU9dWm5X3Vw7z9776lFNPuJjB1G29ywH/662WwmqOfy6BRVLentY8lNUk,4.719668,5.8583,7.709911999999999,0,2591700,19.180548,Delay-insensitive,1,1.75
200700,aIp3NFGGU9dWm5X3Vw7z9776lFNPuJjB1G29ywH/662WwmqOfy6BRVLentY8lNUk,4.745928,7.085947,21.765779,0,2591700,19.180548,Delay-insensitive,1,1.75
201000,aIp3NFGGU9dWm5X3Vw7z9776lFNPuJjB1G29ywH/662WwmqOfy6BRVLentY8lNUk,4.558954,5.784057,7.399417,0,2591700,19.180548,Delay-insensitive,1,1.75
201300,aIp3NFGGU9dWm5X3Vw7z9776lFNPuJjB1G29ywH/662WwmqOfy6BRVLentY8lNUk,4.688725,5.603311,6.564692999999999,0,2591700,19.180548,Delay-insensitive,1,1.75
201600,aIp3NFGGU9dWm5X3Vw7z9776lFNPuJjB1G29ywH/662WwmqOfy6BRVLentY8lNUk,4.326112,5.637004,7.673037,0,2591700,19.180548,Delay-insensitive,1,1.75
201900,aIp3NFGGU9dWm5X3Vw7z9776lFNPuJjB1G29ywH/662WwmqOfy6BRVLentY8lNUk,4.237742,5.448408000000001,7.015308999999999,0,2591700,19.180548,Delay-insensitive,1,1.75
202200,aIp3NFGGU9dWm5X3Vw7z9776lFNPuJjB1G29ywH/662WwmqOfy6BRVLentY8lNUk,4.138529,4.812309,6.156095,0,2591700,19.180548,Delay-insensitive,1,1.75
202500,aIp3NFGGU9dWm5X3Vw7z9776lFNPuJjB1G29ywH/662WwmqOfy6BRVLentY8lNUk,4.449128,5.3976120000000005,7.17644,0,2591700,19.180548,Delay-insensitive,1,1.75
202800,aIp3NFGGU9dWm5X3Vw7z9776lFNPuJjB1G29ywH/662WwmqOfy6BRVLentY8lNUk,4.97892,5.900621,7.715597,0,2591700,19.180548,Delay-insensitive,1,1.75
203100,aIp3NFGGU9dWm5X3Vw7z9776lFNPuJjB1G29ywH/662WwmqOfy6BRVLentY8lNUk,4.67985,5.585609,6.72973,0,2591700,19.180548,Delay-insensitive,1,1.75
203400,aIp3NFGGU9dWm5X3Vw7z9776lFNPuJjB1G29ywH/662WwmqOfy6BRVLentY8lNUk,5.092462,5.850274,7.750642,0,2591700,19.180548,Delay-insensitive,1,1.75
203700,aIp3NFGGU9dWm5X3Vw7z9776lFNPuJjB1G29ywH/662WwmqOfy6BRVLentY8lNUk,4.083881,5.622843,7.057067,0,2591700,19.180548,Delay-insensitive,1,1.75
204000,aIp3NFGGU9dWm5X3Vw7z9776lFNPuJjB1G29ywH/662WwmqOfy6BRVLentY8lNUk,4.734189,5.688729,6.592239999999999,0,2591700,19.180548,Delay-insensitive,1,1.75
204300,aIp3NFGGU9dWm5X3Vw7z9776lFNPuJjB1G29ywH/662WwmqOfy6BRVLentY8lNUk,4.773501,7.267083,20.715122,0,2591700,19.180548,Delay-insensitive,1,1.75
204600,aIp3NFGGU9dWm5X3Vw7z9776lFNPuJjB1G29ywH/662WwmqOfy6BRVLentY8lNUk,4.912974,5.6830300000000005,7.334174000000001,0,2591700,19.180548,Delay-insensitive,1,1.75
204900,aIp3NFGGU9dWm5X3Vw7z9776lFNPuJjB1G29ywH/662WwmqOfy6BRVLentY8lNUk,4.8396040000000005,5.794388,7.058875,0,2591700,19.180548,Delay-insensitive,1,1.75
205200,aIp3NFGGU9dWm5X3Vw7z9776lFNPuJjB1G29ywH/662WwmqOfy6BRVLentY8lNUk,4.712596,5.678011,7.12051,0,2591700,19.180548,Delay-insensitive,1,1.75
205500,aIp3NFGGU9dWm5X3Vw7z9776lFNPuJjB1G29ywH/662WwmqOfy6BRVLentY8lNUk,4.72749,5.7887900000000005,7.478363000000001,0,2591700,19.180548,Delay-insensitive,1,1.75
205800,aIp3NFGGU9dWm5X3Vw7z9776lFNPuJjB1G29ywH/662WwmqOfy6BRVLentY8lNUk,4.86276,5.716932,6.729866,0,2591700,19.180548,Delay-insensitive,1,1.75
206100,aIp3NFGGU9dWm5X3Vw7z9776lFNPuJjB1G29ywH/662WwmqOfy6BRVLentY8lNUk,4.634594,5.638224,7.855042,0,2591700,19.180548,Delay-insensitive,1,1.75
206400,aIp3NFGGU9dWm5X3Vw7z9776lFNPuJjB1G29ywH/662WwmqOfy6BRVLentY8lNUk,4.653924,5.558916,6.686893,0,2591700,19.180548,Delay-insensitive,1,1.75
206700,aIp3NFGGU9dWm5X3Vw7z9776lFNPuJjB1G29ywH/662WwmqOfy6BRVLentY8lNUk,4.88891,5.836692,7.57255,0,2591700,19.180548,Delay-insensitive,1,1.75
207000,aIp3NFGGU9dWm5X3Vw7z9776lFNPuJjB1G29ywH/662WwmqOfy6BRVLentY8lNUk,4.616012,5.433063,7.356786,0,2591700,19.180548,Delay-insensitive,1,1.75
207300,aIp3NFGGU9dWm5X3Vw7z9776lFNPuJjB1G29ywH/662WwmqOfy6BRVLentY8lNUk,4.559359,5.352591,6.726114,0,2591700,19.180548,Delay-insensitive,1,1.75
207600,aIp3NFGGU9dWm5X3Vw7z9776lFNPuJjB1G29ywH/662WwmqOfy6BRVLentY8lNUk,4.647182,5.575396,7.185319,0,2591700,19.180548,Delay-insensitive,1,1.75
207900,aIp3NFGGU9dWm5X3Vw7z9776lFNPuJjB1G29ywH/662WwmqOfy6BRVLentY8lNUk,4.705061,9.327116,27.438675,0,2591700,19.180548,Delay-insensitive,1,1.75
208200,aIp3NFGGU9dWm5X3Vw7z9776lFNPuJjB1G29ywH/662WwmqOfy6BRVLentY8lNUk,5.025851,6.423905,13.509054,0,2591700,19.180548,Delay-insensitive,1,1.75
208500,aIp3NFGGU9dWm5X3Vw7z9776lFNPuJjB1G29ywH/662WwmqOfy6BRVLentY8lNUk,4.724784,5.921062,7.221903,0,2591700,19.180548,Delay-insensitive,1,1.75
208800,aIp3NFGGU9dWm5X3Vw7z9776lFNPuJjB1G29ywH/662WwmqOfy6BRVLentY8lNUk,4.9460440000000006,5.793367,7.389016000000001,0,2591700,19.180548,Delay-insensitive,1,1.75
209100,aIp3NFGGU9dWm5X3Vw7z9776lFNPuJjB1G29ywH/662WwmqOfy6BRVLentY8lNUk,4.297196,5.4966870000000005,7.251664,0,2591700,19.180548,Delay-insensitive,1,1.75
209400,aIp3NFGGU9dWm5X3Vw7z9776lFNPuJjB1G29ywH/662WwmqOfy6BRVLentY8lNUk,4.561666000000001,5.752807,6.891356,0,2591700,19.180548,Delay-insensitive,1,1.75
209700,aIp3NFGGU9dWm5X3Vw7z9776lFNPuJjB1G29ywH/662WwmqOfy6BRVLentY8lNUk,4.83127,6.085492,10.263281,0,2591700,19.180548,Delay-insensitive,1,1.75
210000,aIp3NFGGU9dWm5X3Vw7z9776lFNPuJjB1G29ywH/662WwmqOfy6BRVLentY8lNUk,4.727418,5.494671,6.417966000000001,0,2591700,19.180548,Delay-insensitive,1,1.75
210300,aIp3NFGGU9dWm5X3Vw7z9776lFNPuJjB1G29ywH/662WwmqOfy6BRVLentY8lNUk,4.924253,5.63496,7.757362,0,2591700,19.180548,Delay-insensitive,1,1.75
210600,aIp3NFGGU9dWm5X3Vw7z9776lFNPuJjB1G29ywH/662WwmqOfy6BRVLentY8lNUk,4.561367,5.522309,7.330087,0,2591700,19.180548,Delay-insensitive,1,1.75
210900,aIp3NFGGU9dWm5X3Vw7z9776lFNPuJjB1G29ywH/662WwmqOfy6BRVLentY8lNUk,4.419148000000001,5.379754,6.68784,0,2591700,19.180548,Delay-insensitive,1,1.75
211200,aIp3NFGGU9dWm5X3Vw7z9776lFNPuJjB1G29ywH/662WwmqOfy6BRVLentY8lNUk,4.723602,5.72909,7.31002,0,2591700,19.180548,Delay-insensitive,1,1.75
211500,aIp3NFGGU9dWm5X3Vw7z9776lFNPuJjB1G29ywH/662WwmqOfy6BRVLentY8lNUk,4.756338,7.087356,19.599659,0,2591700,19.180548,Delay-insensitive,1,1.75
211800,aIp3NFGGU9dWm5X3Vw7z9776lFNPuJjB1G29ywH/662WwmqOfy6BRVLentY8lNUk,3.421147,4.34808,5.262973000000001,0,2591700,19.180548,Delay-insensitive,1,1.75
212100,aIp3NFGGU9dWm5X3Vw7z9776lFNPuJjB1G29ywH/662WwmqOfy6BRVLentY8lNUk,4.634076,5.63507,7.283492,0,2591700,19.180548,Delay-insensitive,1,1.75
212400,aIp3NFGGU9dWm5X3Vw7z9776lFNPuJjB1G29ywH/662WwmqOfy6BRVLentY8lNUk,4.58087,5.8111,7.916291,0,2591700,19.180548,Delay-insensitive,1,1.75
212700,aIp3NFGGU9dWm5X3Vw7z9776lFNPuJjB1G29ywH/662WwmqOfy6BRVLentY8lNUk,4.835834999999999,5.552366999999999,6.738608,0,2591700,19.180548,Delay-insensitive,1,1.75
213000,aIp3NFGGU9dWm5X3Vw7z9776lFNPuJjB1G29ywH/662WwmqOfy6BRVLentY8lNUk,4.248412999999999,5.728018,7.793276,0,2591700,19.180548,Delay-insensitive,1,1.75
213300,aIp3NFGGU9dWm5X3Vw7z9776lFNPuJjB1G29ywH/662WwmqOfy6BRVLentY8lNUk,4.8137870000000005,5.776935,8.108455000000001,0,2591700,19.180548,Delay-insensitive,1,1.75
213600,aIp3NFGGU9dWm5X3Vw7z9776lFNPuJjB1G29ywH/662WwmqOfy6BRVLentY8lNUk,4.516121,5.488247,6.823557000000001,0,2591700,19.180548,Delay-insensitive,1,1.75
213900,aIp3NFGGU9dWm5X3Vw7z9776lFNPuJjB1G29ywH/662WwmqOfy6BRVLentY8lNUk,4.736724,5.850553,7.197112,0,2591700,19.180548,Delay-insensitive,1,1.75
214200,aIp3NFGGU9dWm5X3Vw7z9776lFNPuJjB1G29ywH/662WwmqOfy6BRVLentY8lNUk,4.335282,5.662556,7.366375,0,2591700,19.180548,Delay-insensitive,1,1.75
214500,aIp3NFGGU9dWm5X3Vw7z9776lFNPuJjB1G29ywH/662WwmqOfy6BRVLentY8lNUk,4.963598,11.425711,57.646551,0,2591700,19.180548,Delay-insensitive,1,1.75
214800,aIp3NFGGU9dWm5X3Vw7z9776lFNPuJjB1G29ywH/662WwmqOfy6BRVLentY8lNUk,4.994887,6.070426,8.905341,0,2591700,19.180548,Delay-insensitive,1,1.75
215100,aIp3NFGGU9dWm5X3Vw7z9776lFNPuJjB1G29ywH/662WwmqOfy6BRVLentY8lNUk,4.923852,6.7325740000000005,15.791151,0,2591700,19.180548,Delay-insensitive,1,1.75
215400,aIp3NFGGU9dWm5X3Vw7z9776lFNPuJjB1G29ywH/662WwmqOfy6BRVLentY8lNUk,4.897835,5.59174,6.763947999999999,0,2591700,19.180548,Delay-insensitive,1,1.75
215700,aIp3NFGGU9dWm5X3Vw7z9776lFNPuJjB1G29ywH/662WwmqOfy6BRVLentY8lNUk,4.655671,5.455883999999999,6.710196000000001,0,2591700,19.180548,Delay-insensitive,1,1.75
216000,aIp3NFGGU9dWm5X3Vw7z9776lFNPuJjB1G29ywH/662WwmqOfy6BRVLentY8lNUk,4.69406,5.395967,6.6159550000000005,0,2591700,19.180548,Delay-insensitive,1,1.75
216300,aIp3NFGGU9dWm5X3Vw7z9776lFNPuJjB1G29ywH/662WwmqOfy6BRVLentY8lNUk,4.555969,5.5463510000000005,6.723186999999999,0,2591700,19.180548,Delay-insensitive,1,1.75
216600,aIp3NFGGU9dWm5X3Vw7z9776lFNPuJjB1G29ywH/662WwmqOfy6BRVLentY8lNUk,4.661003,5.517048,8.36987,0,2591700,19.180548,Delay-insensitive,1,1.75
216900,aIp3NFGGU9dWm5X3Vw7z9776lFNPuJjB1G29ywH/662WwmqOfy6BRVLentY8lNUk,4.540914,5.125985,6.8310830000000005,0,2591700,19.180548,Delay-insensitive,1,1.75
217200,aIp3NFGGU9dWm5X3Vw7z9776lFNPuJjB1G29ywH/662WwmqOfy6BRVLentY8lNUk,4.517817,5.317558999999999,7.006214999999999,0,2591700,19.180548,Delay-insensitive,1,1.75
217500,aIp3NFGGU9dWm5X3Vw7z9776lFNPuJjB1G29ywH/662WwmqOfy6BRVLentY8lNUk,4.591167,5.399722,7.253952000000001,0,2591700,19.180548,Delay-insensitive,1,1.75
217800,aIp3NFGGU9dWm5X3Vw7z9776lFNPuJjB1G29ywH/662WwmqOfy6BRVLentY8lNUk,4.347349,5.214208999999999,6.26031,0,2591700,19.180548,Delay-insensitive,1,1.75
218100,aIp3NFGGU9dWm5X3Vw7z9776lFNPuJjB1G29ywH/662WwmqOfy6BRVLentY8lNUk,4.664021,5.278919,6.293523,0,2591700,19.180548,Delay-insensitive,1,1.75
218400,aIp3NFGGU9dWm5X3Vw7z9776lFNPuJjB1G29ywH/662WwmqOfy6BRVLentY8lNUk,4.328935,5.034783,6.475645,0,2591700,19.180548,Delay-insensitive,1,1.75
218700,aIp3NFGGU9dWm5X3Vw7z9776lFNPuJjB1G29ywH/662WwmqOfy6BRVLentY8lNUk,4.634926999999999,6.403288,17.247985,0,2591700,19.180548,Delay-insensitive,1,1.75
219000,aIp3NFGGU9dWm5X3Vw7z9776lFNPuJjB1G29ywH/662WwmqOfy6BRVLentY8lNUk,4.081955000000001,5.441144,6.903816,0,2591700,19.180548,Delay-insensitive,1,1.75
219300,aIp3NFGGU9dWm5X3Vw7z9776lFNPuJjB1G29ywH/662WwmqOfy6BRVLentY8lNUk,4.403322,5.60493,7.892475999999999,0,2591700,19.180548,Delay-insensitive,1,1.75
219600,aIp3NFGGU9dWm5X3Vw7z9776lFNPuJjB1G29ywH/662WwmqOfy6BRVLentY8lNUk,4.68288,5.4874,7.031142,0,2591700,19.180548,Delay-insensitive,1,1.75
219900,aIp3NFGGU9dWm5X3Vw7z9776lFNPuJjB1G29ywH/662WwmqOfy6BRVLentY8lNUk,4.271706,5.408443,7.458439,0,2591700,19.180548,Delay-insensitive,1,1.75
220200,aIp3NFGGU9dWm5X3Vw7z9776lFNPuJjB1G29ywH/662WwmqOfy6BRVLentY8lNUk,4.750154,5.686472,7.704375,0,2591700,19.180548,Delay-insensitive,1,1.75
220500,aIp3NFGGU9dWm5X3Vw7z9776lFNPuJjB1G29ywH/662WwmqOfy6BRVLentY8lNUk,3.815086,4.914845,5.638969,0,2591700,19.180548,Delay-insensitive,1,1.75
220800,aIp3NFGGU9dWm5X3Vw7z9776lFNPuJjB1G29ywH/662WwmqOfy6BRVLentY8lNUk,4.685519,5.683647000000001,8.050258,0,2591700,19.180548,Delay-insensitive,1,1.75
221100,aIp3NFGGU9dWm5X3Vw7z9776lFNPuJjB1G29ywH/662WwmqOfy6BRVLentY8lNUk,4.720351,5.498419999999999,7.585406,0,2591700,19.180548,Delay-insensitive,1,1.75
221400,aIp3NFGGU9dWm5X3Vw7z9776lFNPuJjB1G29ywH/662WwmqOfy6BRVLentY8lNUk,4.56245,5.431024,7.153863,0,2591700,19.180548,Delay-insensitive,1,1.75
221700,aIp3NFGGU9dWm5X3Vw7z9776lFNPuJjB1G29ywH/662WwmqOfy6BRVLentY8lNUk,3.717227,5.3624410000000005,6.941311,0,2591700,19.180548,Delay-insensitive,1,1.75
222000,aIp3NFGGU9dWm5X3Vw7z9776lFNPuJjB1G29ywH/662WwmqOfy6BRVLentY8lNUk,4.699662,5.609689,7.070144,0,2591700,19.180548,Delay-insensitive,1,1.75
222300,aIp3NFGGU9dWm5X3Vw7z9776lFNPuJjB1G29ywH/662WwmqOfy6BRVLentY8lNUk,4.60631,6.862111,19.930251,0,2591700,19.180548,Delay-insensitive,1,1.75
222600,aIp3NFGGU9dWm5X3Vw7z9776lFNPuJjB1G29ywH/662WwmqOfy6BRVLentY8lNUk,4.653306,5.487627,8.357002,0,2591700,19.180548,Delay-insensitive,1,1.75
222900,aIp3NFGGU9dWm5X3Vw7z9776lFNPuJjB1G29ywH/662WwmqOfy6BRVLentY8lNUk,4.771991000000001,5.69433,7.615716,0,2591700,19.180548,Delay-insensitive,1,1.75
223200,aIp3NFGGU9dWm5X3Vw7z9776lFNPuJjB1G29ywH/662WwmqOfy6BRVLentY8lNUk,4.581638,5.466815,7.993842999999999,0,2591700,19.180548,Delay-insensitive,1,1.75
223500,aIp3NFGGU9dWm5X3Vw7z9776lFNPuJjB1G29ywH/662WwmqOfy6BRVLentY8lNUk,4.529272,5.451848,7.299124000000001,0,2591700,19.180548,Delay-insensitive,1,1.75
223800,aIp3NFGGU9dWm5X3Vw7z9776lFNPuJjB1G29ywH/662WwmqOfy6BRVLentY8lNUk,4.632658,6.381682,14.523782999999998,0,2591700,19.180548,Delay-insensitive,1,1.75
224100,aIp3NFGGU9dWm5X3Vw7z9776lFNPuJjB1G29ywH/662WwmqOfy6BRVLentY8lNUk,4.74452,5.350208,6.475088,0,2591700,19.180548,Delay-insensitive,1,1.75
224400,aIp3NFGGU9dWm5X3Vw7z9776lFNPuJjB1G29ywH/662WwmqOfy6BRVLentY8lNUk,4.230354,5.931007,10.891502,0,2591700,19.180548,Delay-insensitive,1,1.75
224700,aIp3NFGGU9dWm5X3Vw7z9776lFNPuJjB1G29ywH/662WwmqOfy6BRVLentY8lNUk,4.61117,8.338292,35.639109000000005,0,2591700,19.180548,Delay-insensitive,1,1.75
225000,aIp3NFGGU9dWm5X3Vw7z9776lFNPuJjB1G29ywH/662WwmqOfy6BRVLentY8lNUk,4.661682,5.522026,6.482022,0,2591700,19.180548,Delay-insensitive,1,1.75
225300,aIp3NFGGU9dWm5X3Vw7z9776lFNPuJjB1G29ywH/662WwmqOfy6BRVLentY8lNUk,4.35082,5.551409,7.572122,0,2591700,19.180548,Delay-insensitive,1,1.75
225600,aIp3NFGGU9dWm5X3Vw7z9776lFNPuJjB1G29ywH/662WwmqOfy6BRVLentY8lNUk,4.601094,5.5276190000000005,7.171725,0,2591700,19.180548,Delay-insensitive,1,1.75
225900,aIp3NFGGU9dWm5X3Vw7z9776lFNPuJjB1G29ywH/662WwmqOfy6BRVLentY8lNUk,3.848559,6.64825,18.131575,0,2591700,19.180548,Delay-insensitive,1,1.75
226200,aIp3NFGGU9dWm5X3Vw7z9776lFNPuJjB1G29ywH/662WwmqOfy6BRVLentY8lNUk,4.493323,5.462343,6.9809,0,2591700,19.180548,Delay-insensitive,1,1.75
226500,aIp3NFGGU9dWm5X3Vw7z9776lFNPuJjB1G29ywH/662WwmqOfy6BRVLentY8lNUk,4.815053,5.447989,7.716216,0,2591700,19.180548,Delay-insensitive,1,1.75
226800,aIp3NFGGU9dWm5X3Vw7z9776lFNPuJjB1G29ywH/662WwmqOfy6BRVLentY8lNUk,5.00471,5.772085,7.110034,0,2591700,19.180548,Delay-insensitive,1,1.75
227100,aIp3NFGGU9dWm5X3Vw7z9776lFNPuJjB1G29ywH/662WwmqOfy6BRVLentY8lNUk,4.7647330000000006,5.872506,7.953997,0,2591700,19.180548,Delay-insensitive,1,1.75
227400,aIp3NFGGU9dWm5X3Vw7z9776lFNPuJjB1G29ywH/662WwmqOfy6BRVLentY8lNUk,3.787326,5.258082,6.857596000000001,0,2591700,19.180548,Delay-insensitive,1,1.75
227700,aIp3NFGGU9dWm5X3Vw7z9776lFNPuJjB1G29ywH/662WwmqOfy6BRVLentY8lNUk,4.7201260000000005,5.698185,7.202878999999999,0,2591700,19.180548,Delay-insensitive,1,1.75
228000,aIp3NFGGU9dWm5X3Vw7z9776lFNPuJjB1G29ywH/662WwmqOfy6BRVLentY8lNUk,4.668973,5.937542,7.628975,0,2591700,19.180548,Delay-insensitive,1,1.75
228300,aIp3NFGGU9dWm5X3Vw7z9776lFNPuJjB1G29ywH/662WwmqOfy6BRVLentY8lNUk,4.946811,5.709438,7.628442,0,2591700,19.180548,Delay-insensitive,1,1.75
228600,aIp3NFGGU9dWm5X3Vw7z9776lFNPuJjB1G29ywH/662WwmqOfy6BRVLentY8lNUk,4.493958999999999,5.524712,6.650733,0,2591700,19.180548,Delay-insensitive,1,1.75
228900,aIp3NFGGU9dWm5X3Vw7z9776lFNPuJjB1G29ywH/662WwmqOfy6BRVLentY8lNUk,4.629517,5.624055,7.218141,0,2591700,19.180548,Delay-insensitive,1,1.75
229200,aIp3NFGGU9dWm5X3Vw7z9776lFNPuJjB1G29ywH/662WwmqOfy6BRVLentY8lNUk,4.81348,5.583094,6.446007,0,2591700,19.180548,Delay-insensitive,1,1.75
229500,aIp3NFGGU9dWm5X3Vw7z9776lFNPuJjB1G29ywH/662WwmqOfy6BRVLentY8lNUk,4.543901,6.801195,18.486479,0,2591700,19.180548,Delay-insensitive,1,1.75
229800,aIp3NFGGU9dWm5X3Vw7z9776lFNPuJjB1G29ywH/662WwmqOfy6BRVLentY8lNUk,3.999711,5.2616,7.733353,0,2591700,19.180548,Delay-insensitive,1,1.75
230100,aIp3NFGGU9dWm5X3Vw7z9776lFNPuJjB1G29ywH/662WwmqOfy6BRVLentY8lNUk,4.622179,5.423433999999999,6.200861,0,2591700,19.180548,Delay-insensitive,1,1.75
230400,aIp3NFGGU9dWm5X3Vw7z9776lFNPuJjB1G29ywH/662WwmqOfy6BRVLentY8lNUk,4.303918,5.420955,7.415364999999999,0,2591700,19.180548,Delay-insensitive,1,1.75
230700,aIp3NFGGU9dWm5X3Vw7z9776lFNPuJjB1G29ywH/662WwmqOfy6BRVLentY8lNUk,3.882585,5.464461,7.748869,0,2591700,19.180548,Delay-insensitive,1,1.75
231000,aIp3NFGGU9dWm5X3Vw7z9776lFNPuJjB1G29ywH/662WwmqOfy6BRVLentY8lNUk,4.251176999999999,5.247027,6.2473220000000005,0,2591700,19.180548,Delay-insensitive,1,1.75
231300,aIp3NFGGU9dWm5X3Vw7z9776lFNPuJjB1G29ywH/662WwmqOfy6BRVLentY8lNUk,3.773825,5.31181,7.306468,0,2591700,19.180548,Delay-insensitive,1,1.75
231600,aIp3NFGGU9dWm5X3Vw7z9776lFNPuJjB1G29ywH/662WwmqOfy6BRVLentY8lNUk,4.652719,5.444149,7.922167999999999,0,2591700,19.180548,Delay-insensitive,1,1.75
231900,aIp3NFGGU9dWm5X3Vw7z9776lFNPuJjB1G29ywH/662WwmqOfy6BRVLentY8lNUk,4.506218,5.137607,6.220815,0,2591700,19.180548,Delay-insensitive,1,1.75
232200,aIp3NFGGU9dWm5X3Vw7z9776lFNPuJjB1G29ywH/662WwmqOfy6BRVLentY8lNUk,4.624422,5.390911,7.087575,0,2591700,19.180548,Delay-insensitive,1,1.75
232500,aIp3NFGGU9dWm5X3Vw7z9776lFNPuJjB1G29ywH/662WwmqOfy6BRVLentY8lNUk,3.868188,5.262308,6.868531,0,2591700,19.180548,Delay-insensitive,1,1.75
232800,aIp3NFGGU9dWm5X3Vw7z9776lFNPuJjB1G29ywH/662WwmqOfy6BRVLentY8lNUk,3.340953,5.148280000000001,6.789501,0,2591700,19.180548,Delay-insensitive,1,1.75
233100,aIp3NFGGU9dWm5X3Vw7z9776lFNPuJjB1G29ywH/662WwmqOfy6BRVLentY8lNUk,3.991469,6.1723300000000005,12.744917999999998,0,2591700,19.180548,Delay-insensitive,1,1.75
233400,aIp3NFGGU9dWm5X3Vw7z9776lFNPuJjB1G29ywH/662WwmqOfy6BRVLentY8lNUk,4.379148000000001,5.219551999999999,6.655465,0,2591700,19.180548,Delay-insensitive,1,1.75
233700,aIp3NFGGU9dWm5X3Vw7z9776lFNPuJjB1G29ywH/662WwmqOfy6BRVLentY8lNUk,4.198005,5.012559,5.8415230000000005,0,2591700,19.180548,Delay-insensitive,1,1.75
234000,aIp3NFGGU9dWm5X3Vw7z9776lFNPuJjB1G29ywH/662WwmqOfy6BRVLentY8lNUk,4.19489,5.428273,6.962793,0,2591700,19.180548,Delay-insensitive,1,1.75
234300,aIp3NFGGU9dWm5X3Vw7z9776lFNPuJjB1G29ywH/662WwmqOfy6BRVLentY8lNUk,4.625217,5.512055,6.942073,0,2591700,19.180548,Delay-insensitive,1,1.75
234600,aIp3NFGGU9dWm5X3Vw7z9776lFNPuJjB1G29ywH/662WwmqOfy6BRVLentY8lNUk,4.438226,5.688349,6.291403,0,2591700,19.180548,Delay-insensitive,1,1.75
234900,aIp3NFGGU9dWm5X3Vw7z9776lFNPuJjB1G29ywH/662WwmqOfy6BRVLentY8lNUk,4.511623999999999,5.422528,6.782921000000001,0,2591700,19.180548,Delay-insensitive,1,1.75
235200,aIp3NFGGU9dWm5X3Vw7z9776lFNPuJjB1G29ywH/662WwmqOfy6BRVLentY8lNUk,3.976042,5.229447,6.588191,0,2591700,19.180548,Delay-insensitive,1,1.75
235500,aIp3NFGGU9dWm5X3Vw7z9776lFNPuJjB1G29ywH/662WwmqOfy6BRVLentY8lNUk,2.92056,5.226378,6.48656,0,2591700,19.180548,Delay-insensitive,1,1.75
235800,aIp3NFGGU9dWm5X3Vw7z9776lFNPuJjB1G29ywH/662WwmqOfy6BRVLentY8lNUk,4.606635,5.491756,7.563983,0,2591700,19.180548,Delay-insensitive,1,1.75
236100,aIp3NFGGU9dWm5X3Vw7z9776lFNPuJjB1G29ywH/662WwmqOfy6BRVLentY8lNUk,4.646923999999999,5.304285,6.443251,0,2591700,19.180548,Delay-insensitive,1,1.75
236400,aIp3NFGGU9dWm5X3Vw7z9776lFNPuJjB1G29ywH/662WwmqOfy6BRVLentY8lNUk,4.836129,5.722354,6.8779520000000005,0,2591700,19.180548,Delay-insensitive,1,1.75
236700,aIp3NFGGU9dWm5X3Vw7z9776lFNPuJjB1G29ywH/662WwmqOfy6BRVLentY8lNUk,3.927278,6.948810000000001,19.50095,0,2591700,19.180548,Delay-insensitive,1,1.75
237000,aIp3NFGGU9dWm5X3Vw7z9776lFNPuJjB1G29ywH/662WwmqOfy6BRVLentY8lNUk,4.875339,5.416847,7.190828999999999,0,2591700,19.180548,Delay-insensitive,1,1.75
237300,aIp3NFGGU9dWm5X3Vw7z9776lFNPuJjB1G29ywH/662WwmqOfy6BRVLentY8lNUk,3.58734,5.052245,6.516352,0,2591700,19.180548,Delay-insensitive,1,1.75
237600,aIp3NFGGU9dWm5X3Vw7z9776lFNPuJjB1G29ywH/662WwmqOfy6BRVLentY8lNUk,3.946098,5.119596,6.940094,0,2591700,19.180548,Delay-insensitive,1,1.75
237900,aIp3NFGGU9dWm5X3Vw7z9776lFNPuJjB1G29ywH/662WwmqOfy6BRVLentY8lNUk,4.119067,5.089361,6.531041,0,2591700,19.180548,Delay-insensitive,1,1.75
238200,aIp3NFGGU9dWm5X3Vw7z9776lFNPuJjB1G29ywH/662WwmqOfy6BRVLentY8lNUk,3.5467720000000003,4.962241000000001,6.011855000000001,0,2591700,19.180548,Delay-insensitive,1,1.75
238500,aIp3NFGGU9dWm5X3Vw7z9776lFNPuJjB1G29ywH/662WwmqOfy6BRVLentY8lNUk,4.496981,5.319839,7.467052000000001,0,2591700,19.180548,Delay-insensitive,1,1.75
238800,aIp3NFGGU9dWm5X3Vw7z9776lFNPuJjB1G29ywH/662WwmqOfy6BRVLentY8lNUk,3.4857339999999994,4.745171,6.078239,0,2591700,19.180548,Delay-insensitive,1,1.75
239100,aIp3NFGGU9dWm5X3Vw7z9776lFNPuJjB1G29ywH/662WwmqOfy6BRVLentY8lNUk,4.221128,5.074443,6.041019,0,2591700,19.180548,Delay-insensitive,1,1.75
239400,aIp3NFGGU9dWm5X3Vw7z9776lFNPuJjB1G29ywH/662WwmqOfy6BRVLentY8lNUk,4.227603,5.135959,7.308046000000001,0,2591700,19.180548,Delay-insensitive,1,1.75
239700,aIp3NFGGU9dWm5X3Vw7z9776lFNPuJjB1G29ywH/662WwmqOfy6BRVLentY8lNUk,4.522952,5.130372,6.332989,0,2591700,19.180548,Delay-insensitive,1,1.75
240000,aIp3NFGGU9dWm5X3Vw7z9776lFNPuJjB1G29ywH/662WwmqOfy6BRVLentY8lNUk,4.661580000000001,5.430211,6.405452,0,2591700,19.180548,Delay-insensitive,1,1.75
240300,aIp3NFGGU9dWm5X3Vw7z9776lFNPuJjB1G29ywH/662WwmqOfy6BRVLentY8lNUk,3.01487,6.2241040000000005,21.661419,0,2591700,19.180548,Delay-insensitive,1,1.75
240600,aIp3NFGGU9dWm5X3Vw7z9776lFNPuJjB1G29ywH/662WwmqOfy6BRVLentY8lNUk,3.396406,4.708377,5.844096,0,2591700,19.180548,Delay-insensitive,1,1.75
240900,aIp3NFGGU9dWm5X3Vw7z9776lFNPuJjB1G29ywH/662WwmqOfy6BRVLentY8lNUk,2.98011,5.019686,7.634322999999999,0,2591700,19.180548,Delay-insensitive,1,1.75
241200,aIp3NFGGU9dWm5X3Vw7z9776lFNPuJjB1G29ywH/662WwmqOfy6BRVLentY8lNUk,4.239493,5.100325,6.987696000000001,0,2591700,19.180548,Delay-insensitive,1,1.75
241500,aIp3NFGGU9dWm5X3Vw7z9776lFNPuJjB1G29ywH/662WwmqOfy6BRVLentY8lNUk,4.4218470000000005,6.6314910000000005,20.800915,0,2591700,19.180548,Delay-insensitive,1,1.75
241800,aIp3NFGGU9dWm5X3Vw7z9776lFNPuJjB1G29ywH/662WwmqOfy6BRVLentY8lNUk,4.574803,5.318315,6.8349910000000005,0,2591700,19.180548,Delay-insensitive,1,1.75
242100,aIp3NFGGU9dWm5X3Vw7z9776lFNPuJjB1G29ywH/662WwmqOfy6BRVLentY8lNUk,2.935349,5.120499,7.352127,0,2591700,19.180548,Delay-insensitive,1,1.75
242400,aIp3NFGGU9dWm5X3Vw7z9776lFNPuJjB1G29ywH/662WwmqOfy6BRVLentY8lNUk,4.254727,4.773721,6.065589,0,2591700,19.180548,Delay-insensitive,1,1.75
242700,aIp3NFGGU9dWm5X3Vw7z9776lFNPuJjB1G29ywH/662WwmqOfy6BRVLentY8lNUk,4.574102,5.220286,6.804857000000001,0,2591700,19.180548,Delay-insensitive,1,1.75
243000,aIp3NFGGU9dWm5X3Vw7z9776lFNPuJjB1G29ywH/662WwmqOfy6BRVLentY8lNUk,3.998363,5.098935,6.3813260000000005,0,2591700,19.180548,Delay-insensitive,1,1.75
243300,aIp3NFGGU9dWm5X3Vw7z9776lFNPuJjB1G29ywH/662WwmqOfy6BRVLentY8lNUk,3.660114,16.175974,54.739558,0,2591700,19.180548,Delay-insensitive,1,1.75
243600,aIp3NFGGU9dWm5X3Vw7z9776lFNPuJjB1G29ywH/662WwmqOfy6BRVLentY8lNUk,3.856774,6.917345,15.300037,0,2591700,19.180548,Delay-insensitive,1,1.75
243900,aIp3NFGGU9dWm5X3Vw7z9776lFNPuJjB1G29ywH/662WwmqOfy6BRVLentY8lNUk,5.094514,8.038929,21.746134,0,2591700,19.180548,Delay-insensitive,1,1.75
244200,aIp3NFGGU9dWm5X3Vw7z9776lFNPuJjB1G29ywH/662WwmqOfy6BRVLentY8lNUk,4.229618,5.054905000000001,6.012613,0,2591700,19.180548,Delay-insensitive,1,1.75
244500,aIp3NFGGU9dWm5X3Vw7z9776lFNPuJjB1G29ywH/662WwmqOfy6BRVLentY8lNUk,4.409517,5.233926,6.352364,0,2591700,19.180548,Delay-insensitive,1,1.75
244800,aIp3NFGGU9dWm5X3Vw7z9776lFNPuJjB1G29ywH/662WwmqOfy6BRVLentY8lNUk,4.2855360000000005,5.377516,6.991456,0,2591700,19.180548,Delay-insensitive,1,1.75
245100,aIp3NFGGU9dWm5X3Vw7z9776lFNPuJjB1G29ywH/662WwmqOfy6BRVLentY8lNUk,3.79339,4.611445,5.360129,0,2591700,19.180548,Delay-insensitive,1,1.75
245400,aIp3NFGGU9dWm5X3Vw7z9776lFNPuJjB1G29ywH/662WwmqOfy6BRVLentY8lNUk,3.235183,4.782975,6.355457,0,2591700,19.180548,Delay-insensitive,1,1.75
245700,aIp3NFGGU9dWm5X3Vw7z9776lFNPuJjB1G29ywH/662WwmqOfy6BRVLentY8lNUk,4.334315,4.921742,6.820425,0,2591700,19.180548,Delay-insensitive,1,1.75
246000,aIp3NFGGU9dWm5X3Vw7z9776lFNPuJjB1G29ywH/662WwmqOfy6BRVLentY8lNUk,4.720491,5.647651000000001,7.278716,0,2591700,19.180548,Delay-insensitive,1,1.75
246300,aIp3NFGGU9dWm5X3Vw7z9776lFNPuJjB1G29ywH/662WwmqOfy6BRVLentY8lNUk,4.614958000000001,5.462754,7.461684,0,2591700,19.180548,Delay-insensitive,1,1.75
246600,aIp3NFGGU9dWm5X3Vw7z9776lFNPuJjB1G29ywH/662WwmqOfy6BRVLentY8lNUk,4.576065,5.19434,6.216224,0,2591700,19.180548,Delay-insensitive,1,1.75
246900,aIp3NFGGU9dWm5X3Vw7z9776lFNPuJjB1G29ywH/662WwmqOfy6BRVLentY8lNUk,3.018786,4.917422,6.290674,0,2591700,19.180548,Delay-insensitive,1,1.75
247200,aIp3NFGGU9dWm5X3Vw7z9776lFNPuJjB1G29ywH/662WwmqOfy6BRVLentY8lNUk,4.2887010000000005,5.121885,7.030346000000001,0,2591700,19.180548,Delay-insensitive,1,1.75
247500,aIp3NFGGU9dWm5X3Vw7z9776lFNPuJjB1G29ywH/662WwmqOfy6BRVLentY8lNUk,4.05339,6.330958,21.042823,0,2591700,19.180548,Delay-insensitive,1,1.75
247800,aIp3NFGGU9dWm5X3Vw7z9776lFNPuJjB1G29ywH/662WwmqOfy6BRVLentY8lNUk,3.2852660000000005,4.536647,6.659244999999999,0,2591700,19.180548,Delay-insensitive,1,1.75
248100,aIp3NFGGU9dWm5X3Vw7z9776lFNPuJjB1G29ywH/662WwmqOfy6BRVLentY8lNUk,3.139883,5.102121,7.008983,0,2591700,19.180548,Delay-insensitive,1,1.75
248400,aIp3NFGGU9dWm5X3Vw7z9776lFNPuJjB1G29ywH/662WwmqOfy6BRVLentY8lNUk,4.120297,5.115716,6.385946,0,2591700,19.180548,Delay-insensitive,1,1.75
248700,aIp3NFGGU9dWm5X3Vw7z9776lFNPuJjB1G29ywH/662WwmqOfy6BRVLentY8lNUk,3.536599,5.165654,6.544208,0,2591700,19.180548,Delay-insensitive,1,1.75
249000,aIp3NFGGU9dWm5X3Vw7z9776lFNPuJjB1G29ywH/662WwmqOfy6BRVLentY8lNUk,3.208081,4.923976000000001,7.406135000000001,0,2591700,19.180548,Delay-insensitive,1,1.75
249300,aIp3NFGGU9dWm5X3Vw7z9776lFNPuJjB1G29ywH/662WwmqOfy6BRVLentY8lNUk,3.966724,4.912857,6.212742,0,2591700,19.180548,Delay-insensitive,1,1.75
249600,aIp3NFGGU9dWm5X3Vw7z9776lFNPuJjB1G29ywH/662WwmqOfy6BRVLentY8lNUk,3.389073,4.663864,6.639347,0,2591700,19.180548,Delay-insensitive,1,1.75
249900,aIp3NFGGU9dWm5X3Vw7z9776lFNPuJjB1G29ywH/662WwmqOfy6BRVLentY8lNUk,3.999434,5.018358999999999,7.028328999999999,0,2591700,19.180548,Delay-insensitive,1,1.75
250200,aIp3NFGGU9dWm5X3Vw7z9776lFNPuJjB1G29ywH/662WwmqOfy6BRVLentY8lNUk,3.28389,4.602214,5.76462,0,2591700,19.180548,Delay-insensitive,1,1.75
250500,aIp3NFGGU9dWm5X3Vw7z9776lFNPuJjB1G29ywH/662WwmqOfy6BRVLentY8lNUk,4.321204,4.959059,5.724762,0,2591700,19.180548,Delay-insensitive,1,1.75
250800,aIp3NFGGU9dWm5X3Vw7z9776lFNPuJjB1G29ywH/662WwmqOfy6BRVLentY8lNUk,4.669353,5.433738,6.532018,0,2591700,19.180548,Delay-insensitive,1,1.75
251100,aIp3NFGGU9dWm5X3Vw7z9776lFNPuJjB1G29ywH/662WwmqOfy6BRVLentY8lNUk,4.869283,9.253804,25.195699,0,2591700,19.180548,Delay-insensitive,1,1.75
251400,aIp3NFGGU9dWm5X3Vw7z9776lFNPuJjB1G29ywH/662WwmqOfy6BRVLentY8lNUk,3.705757,5.193758,6.577536,0,2591700,19.180548,Delay-insensitive,1,1.75
251700,aIp3NFGGU9dWm5X3Vw7z9776lFNPuJjB1G29ywH/662WwmqOfy6BRVLentY8lNUk,4.705877,5.653417,7.505477000000001,0,2591700,19.180548,Delay-insensitive,1,1.75
252000,aIp3NFGGU9dWm5X3Vw7z9776lFNPuJjB1G29ywH/662WwmqOfy6BRVLentY8lNUk,4.456944999999999,5.448005,6.469077,0,2591700,19.180548,Delay-insensitive,1,1.75
252300,aIp3NFGGU9dWm5X3Vw7z9776lFNPuJjB1G29ywH/662WwmqOfy6BRVLentY8lNUk,4.190951999999999,5.572217,7.320325,0,2591700,19.180548,Delay-insensitive,1,1.75
252600,aIp3NFGGU9dWm5X3Vw7z9776lFNPuJjB1G29ywH/662WwmqOfy6BRVLentY8lNUk,4.665609,5.848472,8.130238,0,2591700,19.180548,Delay-insensitive,1,1.75
252900,aIp3NFGGU9dWm5X3Vw7z9776lFNPuJjB1G29ywH/662WwmqOfy6BRVLentY8lNUk,4.368506,6.357236,14.510535,0,2591700,19.180548,Delay-insensitive,1,1.75
253200,aIp3NFGGU9dWm5X3Vw7z9776lFNPuJjB1G29ywH/662WwmqOfy6BRVLentY8lNUk,4.966387,5.837049,8.147946000000001,0,2591700,19.180548,Delay-insensitive,1,1.75
253500,aIp3NFGGU9dWm5X3Vw7z9776lFNPuJjB1G29ywH/662WwmqOfy6BRVLentY8lNUk,4.636342,5.824021,7.791103999999999,0,2591700,19.180548,Delay-insensitive,1,1.75
253800,aIp3NFGGU9dWm5X3Vw7z9776lFNPuJjB1G29ywH/662WwmqOfy6BRVLentY8lNUk,4.735564,5.695424,8.353102,0,2591700,19.180548,Delay-insensitive,1,1.75
254100,aIp3NFGGU9dWm5X3Vw7z9776lFNPuJjB1G29ywH/662WwmqOfy6BRVLentY8lNUk,4.781604,5.513923999999999,7.349364,0,2591700,19.180548,Delay-insensitive,1,1.75
254400,aIp3NFGGU9dWm5X3Vw7z9776lFNPuJjB1G29ywH/662WwmqOfy6BRVLentY8lNUk,3.405819,5.393836,7.682875,0,2591700,19.180548,Delay-insensitive,1,1.75
254700,aIp3NFGGU9dWm5X3Vw7z9776lFNPuJjB1G29ywH/662WwmqOfy6BRVLentY8lNUk,3.706026,5.077203,6.872792,0,2591700,19.180548,Delay-insensitive,1,1.75
255000,aIp3NFGGU9dWm5X3Vw7z9776lFNPuJjB1G29ywH/662WwmqOfy6BRVLentY8lNUk,3.3012910000000004,6.520256,19.732162,0,2591700,19.180548,Delay-insensitive,1,1.75
255300,aIp3NFGGU9dWm5X3Vw7z9776lFNPuJjB1G29ywH/662WwmqOfy6BRVLentY8lNUk,4.276392,5.252831,6.4864120000000005,0,2591700,19.180548,Delay-insensitive,1,1.75
255600,aIp3NFGGU9dWm5X3Vw7z9776lFNPuJjB1G29ywH/662WwmqOfy6BRVLentY8lNUk,3.875981,5.082623,6.865055,0,2591700,19.180548,Delay-insensitive,1,1.75
255900,aIp3NFGGU9dWm5X3Vw7z9776lFNPuJjB1G29ywH/662WwmqOfy6BRVLentY8lNUk,4.285019999999999,5.522222,6.984624,0,2591700,19.180548,Delay-insensitive,1,1.75
256200,aIp3NFGGU9dWm5X3Vw7z9776lFNPuJjB1G29ywH/662WwmqOfy6BRVLentY8lNUk,3.201263,4.591334,6.2238940000000005,0,2591700,19.180548,Delay-insensitive,1,1.75
256500,aIp3NFGGU9dWm5X3Vw7z9776lFNPuJjB1G29ywH/662WwmqOfy6BRVLentY8lNUk,4.3455,5.309622,6.692881,0,2591700,19.180548,Delay-insensitive,1,1.75
256800,aIp3NFGGU9dWm5X3Vw7z9776lFNPuJjB1G29ywH/662WwmqOfy6BRVLentY8lNUk,3.491936,5.011398000000001,6.687530000000001,0,2591700,19.180548,Delay-insensitive,1,1.75
257100,aIp3NFGGU9dWm5X3Vw7z9776lFNPuJjB1G29ywH/662WwmqOfy6BRVLentY8lNUk,4.472107,5.3624540000000005,7.392713,0,2591700,19.180548,Delay-insensitive,1,1.75
257400,aIp3NFGGU9dWm5X3Vw7z9776lFNPuJjB1G29ywH/662WwmqOfy6BRVLentY8lNUk,3.582788,5.085656,5.789377,0,2591700,19.180548,Delay-insensitive,1,1.75
257700,aIp3NFGGU9dWm5X3Vw7z9776lFNPuJjB1G29ywH/662WwmqOfy6BRVLentY8lNUk,4.435762,5.773944999999999,10.605622,0,2591700,19.180548,Delay-insensitive,1,1.75
258000,aIp3NFGGU9dWm5X3Vw7z9776lFNPuJjB1G29ywH/662WwmqOfy6BRVLentY8lNUk,3.295554,4.878921,7.785183999999999,0,2591700,19.180548,Delay-insensitive,1,1.75
258300,aIp3NFGGU9dWm5X3Vw7z9776lFNPuJjB1G29ywH/662WwmqOfy6BRVLentY8lNUk,4.065626,5.387994,8.302332,0,2591700,19.180548,Delay-insensitive,1,1.75
258600,aIp3NFGGU9dWm5X3Vw7z9776lFNPuJjB1G29ywH/662WwmqOfy6BRVLentY8lNUk,4.386015,6.735815,18.708502,0,2591700,19.180548,Delay-insensitive,1,1.75
258900,aIp3NFGGU9dWm5X3Vw7z9776lFNPuJjB1G29ywH/662WwmqOfy6BRVLentY8lNUk,2.918494,5.015761,5.972124,0,2591700,19.180548,Delay-insensitive,1,1.75
259200,aIp3NFGGU9dWm5X3Vw7z9776lFNPuJjB1G29ywH/662WwmqOfy6BRVLentY8lNUk,4.5627,5.683957,7.15319,0,2591700,19.180548,Delay-insensitive,1,1.75
259500,aIp3NFGGU9dWm5X3Vw7z9776lFNPuJjB1G29ywH/662WwmqOfy6BRVLentY8lNUk,3.42049,5.131673999999999,6.209107,0,2591700,19.180548,Delay-insensitive,1,1.75
259800,aIp3NFGGU9dWm5X3Vw7z9776lFNPuJjB1G29ywH/662WwmqOfy6BRVLentY8lNUk,4.753787,5.57577,7.283269000000001,0,2591700,19.180548,Delay-insensitive,1,1.75
260100,aIp3NFGGU9dWm5X3Vw7z9776lFNPuJjB1G29ywH/662WwmqOfy6BRVLentY8lNUk,3.674639,5.3037790000000005,6.487629,0,2591700,19.180548,Delay-insensitive,1,1.75
260400,aIp3NFGGU9dWm5X3Vw7z9776lFNPuJjB1G29ywH/662WwmqOfy6BRVLentY8lNUk,4.266585,5.257411,7.435371000000001,0,2591700,19.180548,Delay-insensitive,1,1.75
260700,aIp3NFGGU9dWm5X3Vw7z9776lFNPuJjB1G29ywH/662WwmqOfy6BRVLentY8lNUk,4.91449,5.702148,7.951175,0,2591700,19.180548,Delay-insensitive,1,1.75
261000,aIp3NFGGU9dWm5X3Vw7z9776lFNPuJjB1G29ywH/662WwmqOfy6BRVLentY8lNUk,3.135354,5.5942940000000005,7.552036999999999,0,2591700,19.180548,Delay-insensitive,1,1.75
261300,aIp3NFGGU9dWm5X3Vw7z9776lFNPuJjB1G29ywH/662WwmqOfy6BRVLentY8lNUk,4.767418,5.690099,7.273637,0,2591700,19.180548,Delay-insensitive,1,1.75
261600,aIp3NFGGU9dWm5X3Vw7z9776lFNPuJjB1G29ywH/662WwmqOfy6BRVLentY8lNUk,4.720518,7.223547,22.466678,0,2591700,19.180548,Delay-insensitive,1,1.75
261900,aIp3NFGGU9dWm5X3Vw7z9776lFNPuJjB1G29ywH/662WwmqOfy6BRVLentY8lNUk,4.633724,5.464221,7.142727000000001,0,2591700,19.180548,Delay-insensitive,1,1.75
262200,aIp3NFGGU9dWm5X3Vw7z9776lFNPuJjB1G29ywH/662WwmqOfy6BRVLentY8lNUk,3.316267,6.812672,18.868696,0,2591700,19.180548,Delay-insensitive,1,1.75
262500,aIp3NFGGU9dWm5X3Vw7z9776lFNPuJjB1G29ywH/662WwmqOfy6BRVLentY8lNUk,4.807933,5.525923000000001,6.822744,0,2591700,19.180548,Delay-insensitive,1,1.75
262800,aIp3NFGGU9dWm5X3Vw7z9776lFNPuJjB1G29ywH/662WwmqOfy6BRVLentY8lNUk,3.263081,5.561254,8.070148,0,2591700,19.180548,Delay-insensitive,1,1.75
263100,aIp3NFGGU9dWm5X3Vw7z9776lFNPuJjB1G29ywH/662WwmqOfy6BRVLentY8lNUk,4.414999,5.566888,7.783506,0,2591700,19.180548,Delay-insensitive,1,1.75
263400,aIp3NFGGU9dWm5X3Vw7z9776lFNPuJjB1G29ywH/662WwmqOfy6BRVLentY8lNUk,4.731604,5.5503480000000005,6.795949,0,2591700,19.180548,Delay-insensitive,1,1.75
263700,aIp3NFGGU9dWm5X3Vw7z9776lFNPuJjB1G29ywH/662WwmqOfy6BRVLentY8lNUk,3.783719,5.542075,7.561884,0,2591700,19.180548,Delay-insensitive,1,1.75
264000,aIp3NFGGU9dWm5X3Vw7z9776lFNPuJjB1G29ywH/662WwmqOfy6BRVLentY8lNUk,4.966101999999999,5.672134,7.538092999999999,0,2591700,19.180548,Delay-insensitive,1,1.75
264300,aIp3NFGGU9dWm5X3Vw7z9776lFNPuJjB1G29ywH/662WwmqOfy6BRVLentY8lNUk,3.09711,5.179105,6.565971,0,2591700,19.180548,Delay-insensitive,1,1.75
264600,aIp3NFGGU9dWm5X3Vw7z9776lFNPuJjB1G29ywH/662WwmqOfy6BRVLentY8lNUk,4.886293,5.820296,7.978541000000001,0,2591700,19.180548,Delay-insensitive,1,1.75
264900,aIp3NFGGU9dWm5X3Vw7z9776lFNPuJjB1G29ywH/662WwmqOfy6BRVLentY8lNUk,3.734348,5.461869,7.604744,0,2591700,19.180548,Delay-insensitive,1,1.75
265200,aIp3NFGGU9dWm5X3Vw7z9776lFNPuJjB1G29ywH/662WwmqOfy6BRVLentY8lNUk,4.827751999999999,5.657684,6.747131,0,2591700,19.180548,Delay-insensitive,1,1.75
265500,aIp3NFGGU9dWm5X3Vw7z9776lFNPuJjB1G29ywH/662WwmqOfy6BRVLentY8lNUk,4.350396,5.447202,7.043830000000001,0,2591700,19.180548,Delay-insensitive,1,1.75
265800,aIp3NFGGU9dWm5X3Vw7z9776lFNPuJjB1G29ywH/662WwmqOfy6BRVLentY8lNUk,4.659468,7.19274,20.275797,0,2591700,19.180548,Delay-insensitive,1,1.75
266100,aIp3NFGGU9dWm5X3Vw7z9776lFNPuJjB1G29ywH/662WwmqOfy6BRVLentY8lNUk,4.7741940000000005,5.454829,6.003014,0,2591700,19.180548,Delay-insensitive,1,1.75
266400,aIp3NFGGU9dWm5X3Vw7z9776lFNPuJjB1G29ywH/662WwmqOfy6BRVLentY8lNUk,3.690395,5.318475,6.469666999999999,0,2591700,19.180548,Delay-insensitive,1,1.75
266700,aIp3NFGGU9dWm5X3Vw7z9776lFNPuJjB1G29ywH/662WwmqOfy6BRVLentY8lNUk,4.696628,5.435708999999999,6.494654,0,2591700,19.180548,Delay-insensitive,1,1.75
267000,aIp3NFGGU9dWm5X3Vw7z9776lFNPuJjB1G29ywH/662WwmqOfy6BRVLentY8lNUk,3.810387,5.616352,7.336137,0,2591700,19.180548,Delay-insensitive,1,1.75
267300,aIp3NFGGU9dWm5X3Vw7z9776lFNPuJjB1G29ywH/662WwmqOfy6BRVLentY8lNUk,4.890723,5.683703,7.663322,0,2591700,19.180548,Delay-insensitive,1,1.75
267600,aIp3NFGGU9dWm5X3Vw7z9776lFNPuJjB1G29ywH/662WwmqOfy6BRVLentY8lNUk,3.702314,5.394819999999999,6.727542,0,2591700,19.180548,Delay-insensitive,1,1.75
267900,aIp3NFGGU9dWm5X3Vw7z9776lFNPuJjB1G29ywH/662WwmqOfy6BRVLentY8lNUk,4.656865,5.789301999999999,7.578299,0,2591700,19.180548,Delay-insensitive,1,1.75
268200,aIp3NFGGU9dWm5X3Vw7z9776lFNPuJjB1G29ywH/662WwmqOfy6BRVLentY8lNUk,4.420382,5.526962999999999,7.106793,0,2591700,19.180548,Delay-insensitive,1,1.75
268500,aIp3NFGGU9dWm5X3Vw7z9776lFNPuJjB1G29ywH/662WwmqOfy6BRVLentY8lNUk,4.823318,5.864242,8.463657000000001,0,2591700,19.180548,Delay-insensitive,1,1.75
268800,aIp3NFGGU9dWm5X3Vw7z9776lFNPuJjB1G29ywH/662WwmqOfy6BRVLentY8lNUk,4.589709,5.753392,7.354146000000001,0,2591700,19.180548,Delay-insensitive,1,1.75
269100,aIp3NFGGU9dWm5X3Vw7z9776lFNPuJjB1G29ywH/662WwmqOfy6BRVLentY8lNUk,4.820746,6.104876,7.886378999999999,0,2591700,19.180548,Delay-insensitive,1,1.75
269400,aIp3NFGGU9dWm5X3Vw7z9776lFNPuJjB1G29ywH/662WwmqOfy6BRVLentY8lNUk,4.709279,7.059922,21.148111,0,2591700,19.180548,Delay-insensitive,1,1.75
269700,aIp3NFGGU9dWm5X3Vw7z9776lFNPuJjB1G29ywH/662WwmqOfy6BRVLentY8lNUk,3.5258300000000005,5.597695,7.627946000000001,0,2591700,19.180548,Delay-insensitive,1,1.75
270000,aIp3NFGGU9dWm5X3Vw7z9776lFNPuJjB1G29ywH/662WwmqOfy6BRVLentY8lNUk,4.837719,5.742361,7.532649,0,2591700,19.180548,Delay-insensitive,1,1.75
270300,aIp3NFGGU9dWm5X3Vw7z9776lFNPuJjB1G29ywH/662WwmqOfy6BRVLentY8lNUk,3.396035,5.366224,6.848422,0,2591700,19.180548,Delay-insensitive,1,1.75
270600,aIp3NFGGU9dWm5X3Vw7z9776lFNPuJjB1G29ywH/662WwmqOfy6BRVLentY8lNUk,4.860907,5.869249,7.756734,0,2591700,19.180548,Delay-insensitive,1,1.75
270900,aIp3NFGGU9dWm5X3Vw7z9776lFNPuJjB1G29ywH/662WwmqOfy6BRVLentY8lNUk,4.416551,5.680804,7.512863,0,2591700,19.180548,Delay-insensitive,1,1.75
271200,aIp3NFGGU9dWm5X3Vw7z9776lFNPuJjB1G29ywH/662WwmqOfy6BRVLentY8lNUk,4.921208999999999,5.662877,7.863158,0,2591700,19.180548,Delay-insensitive,1,1.75
271500,aIp3NFGGU9dWm5X3Vw7z9776lFNPuJjB1G29ywH/662WwmqOfy6BRVLentY8lNUk,4.6123970000000005,5.635766,7.249731,0,2591700,19.180548,Delay-insensitive,1,1.75
271800,aIp3NFGGU9dWm5X3Vw7z9776lFNPuJjB1G29ywH/662WwmqOfy6BRVLentY8lNUk,4.789413,5.638561,7.101261,0,2591700,19.180548,Delay-insensitive,1,1.75
272100,aIp3NFGGU9dWm5X3Vw7z9776lFNPuJjB1G29ywH/662WwmqOfy6BRVLentY8lNUk,4.753825,14.458678,52.326194,0,2591700,19.180548,Delay-insensitive,1,1.75
272400,aIp3NFGGU9dWm5X3Vw7z9776lFNPuJjB1G29ywH/662WwmqOfy6BRVLentY8lNUk,4.6773620000000005,6.088928,8.785366999999999,0,2591700,19.180548,Delay-insensitive,1,1.75
272700,aIp3NFGGU9dWm5X3Vw7z9776lFNPuJjB1G29ywH/662WwmqOfy6BRVLentY8lNUk,4.876314,5.671256,7.870276,0,2591700,19.180548,Delay-insensitive,1,1.75
273000,aIp3NFGGU9dWm5X3Vw7z9776lFNPuJjB1G29ywH/662WwmqOfy6BRVLentY8lNUk,3.945464,6.879506,16.836357,0,2591700,19.180548,Delay-insensitive,1,1.75
273300,aIp3NFGGU9dWm5X3Vw7z9776lFNPuJjB1G29ywH/662WwmqOfy6BRVLentY8lNUk,4.783425,5.855917,7.470694,0,2591700,19.180548,Delay-insensitive,1,1.75
273600,aIp3NFGGU9dWm5X3Vw7z9776lFNPuJjB1G29ywH/662WwmqOfy6BRVLentY8lNUk,4.366776,5.513017,7.752550999999999,0,2591700,19.180548,Delay-insensitive,1,1.75
273900,aIp3NFGGU9dWm5X3Vw7z9776lFNPuJjB1G29ywH/662WwmqOfy6BRVLentY8lNUk,4.622645,5.844167,8.373864999999999,0,2591700,19.180548,Delay-insensitive,1,1.75
274200,aIp3NFGGU9dWm5X3Vw7z9776lFNPuJjB1G29ywH/662WwmqOfy6BRVLentY8lNUk,4.914289,5.813944,7.2617,0,2591700,19.180548,Delay-insensitive,1,1.75
274500,aIp3NFGGU9dWm5X3Vw7z9776lFNPuJjB1G29ywH/662WwmqOfy6BRVLentY8lNUk,4.718828,6.015518,9.477732,0,2591700,19.180548,Delay-insensitive,1,1.75
274800,aIp3NFGGU9dWm5X3Vw7z9776lFNPuJjB1G29ywH/662WwmqOfy6BRVLentY8lNUk,4.879475,5.456444,6.43432,0,2591700,19.180548,Delay-insensitive,1,1.75
275100,aIp3NFGGU9dWm5X3Vw7z9776lFNPuJjB1G29ywH/662WwmqOfy6BRVLentY8lNUk,3.683269,5.5647910000000005,6.657812,0,2591700,19.180548,Delay-insensitive,1,1.75
275400,aIp3NFGGU9dWm5X3Vw7z9776lFNPuJjB1G29ywH/662WwmqOfy6BRVLentY8lNUk,4.782776,5.745113,7.880039999999999,0,2591700,19.180548,Delay-insensitive,1,1.75
275700,aIp3NFGGU9dWm5X3Vw7z9776lFNPuJjB1G29ywH/662WwmqOfy6BRVLentY8lNUk,4.528573000000001,5.176945,6.572582000000001,0,2591700,19.180548,Delay-insensitive,1,1.75
276000,aIp3NFGGU9dWm5X3Vw7z9776lFNPuJjB1G29ywH/662WwmqOfy6BRVLentY8lNUk,4.768899,5.866411,7.255561999999999,0,2591700,19.180548,Delay-insensitive,1,1.75
276300,aIp3NFGGU9dWm5X3Vw7z9776lFNPuJjB1G29ywH/662WwmqOfy6BRVLentY8lNUk,4.717237,5.400227,6.382085,0,2591700,19.180548,Delay-insensitive,1,1.75
276600,aIp3NFGGU9dWm5X3Vw7z9776lFNPuJjB1G29ywH/662WwmqOfy6BRVLentY8lNUk,4.273873,7.130787,21.342881,0,2591700,19.180548,Delay-insensitive,1,1.75
276900,aIp3NFGGU9dWm5X3Vw7z9776lFNPuJjB1G29ywH/662WwmqOfy6BRVLentY8lNUk,4.962308999999999,5.650666,7.580666000000001,0,2591700,19.180548,Delay-insensitive,1,1.75
277200,aIp3NFGGU9dWm5X3Vw7z9776lFNPuJjB1G29ywH/662WwmqOfy6BRVLentY8lNUk,4.261349,5.5054050000000005,6.777386999999999,0,2591700,19.180548,Delay-insensitive,1,1.75
277500,aIp3NFGGU9dWm5X3Vw7z9776lFNPuJjB1G29ywH/662WwmqOfy6BRVLentY8lNUk,4.931704,5.551082,6.953579,0,2591700,19.180548,Delay-insensitive,1,1.75
277800,aIp3NFGGU9dWm5X3Vw7z9776lFNPuJjB1G29ywH/662WwmqOfy6BRVLentY8lNUk,4.198642,5.710961,7.864302,0,2591700,19.180548,Delay-insensitive,1,1.75
278100,aIp3NFGGU9dWm5X3Vw7z9776lFNPuJjB1G29ywH/662WwmqOfy6BRVLentY8lNUk,4.639671,5.413957,7.249666,0,2591700,19.180548,Delay-insensitive,1,1.75
278400,aIp3NFGGU9dWm5X3Vw7z9776lFNPuJjB1G29ywH/662WwmqOfy6BRVLentY8lNUk,4.929137,6.001692,9.811064,0,2591700,19.180548,Delay-insensitive,1,1.75
278700,aIp3NFGGU9dWm5X3Vw7z9776lFNPuJjB1G29ywH/662WwmqOfy6BRVLentY8lNUk,4.746439,5.79809,7.69194,0,2591700,19.180548,Delay-insensitive,1,1.75
279000,aIp3NFGGU9dWm5X3Vw7z9776lFNPuJjB1G29ywH/662WwmqOfy6BRVLentY8lNUk,4.924531,5.904774,8.474197,0,2591700,19.180548,Delay-insensitive,1,1.75
279300,aIp3NFGGU9dWm5X3Vw7z9776lFNPuJjB1G29ywH/662WwmqOfy6BRVLentY8lNUk,4.856513,5.50583,7.098345,0,2591700,19.180548,Delay-insensitive,1,1.75
279600,aIp3NFGGU9dWm5X3Vw7z9776lFNPuJjB1G29ywH/662WwmqOfy6BRVLentY8lNUk,4.718322,5.512599,6.895209,0,2591700,19.180548,Delay-insensitive,1,1.75
279900,aIp3NFGGU9dWm5X3Vw7z9776lFNPuJjB1G29ywH/662WwmqOfy6BRVLentY8lNUk,3.776149,5.34687,6.966862,0,2591700,19.180548,Delay-insensitive,1,1.75
280200,aIp3NFGGU9dWm5X3Vw7z9776lFNPuJjB1G29ywH/662WwmqOfy6BRVLentY8lNUk,4.746134,7.000222999999999,19.85208,0,2591700,19.180548,Delay-insensitive,1,1.75
280500,aIp3NFGGU9dWm5X3Vw7z9776lFNPuJjB1G29ywH/662WwmqOfy6BRVLentY8lNUk,4.511278,5.577457,7.603652999999999,0,2591700,19.180548,Delay-insensitive,1,1.75
280800,aIp3NFGGU9dWm5X3Vw7z9776lFNPuJjB1G29ywH/662WwmqOfy6BRVLentY8lNUk,4.837135,5.573649,7.24423,0,2591700,19.180548,Delay-insensitive,1,1.75
281100,aIp3NFGGU9dWm5X3Vw7z9776lFNPuJjB1G29ywH/662WwmqOfy6BRVLentY8lNUk,4.466854,5.625049,6.647355,0,2591700,19.180548,Delay-insensitive,1,1.75
281400,aIp3NFGGU9dWm5X3Vw7z9776lFNPuJjB1G29ywH/662WwmqOfy6BRVLentY8lNUk,5.058262,5.957814,7.549510000000001,0,2591700,19.180548,Delay-insensitive,1,1.75
281700,aIp3NFGGU9dWm5X3Vw7z9776lFNPuJjB1G29ywH/662WwmqOfy6BRVLentY8lNUk,4.318434,5.480127,6.770361,0,2591700,19.180548,Delay-insensitive,1,1.75
282000,aIp3NFGGU9dWm5X3Vw7z9776lFNPuJjB1G29ywH/662WwmqOfy6BRVLentY8lNUk,3.944389,5.553356,7.765047,0,2591700,19.180548,Delay-insensitive,1,1.75
282300,aIp3NFGGU9dWm5X3Vw7z9776lFNPuJjB1G29ywH/662WwmqOfy6BRVLentY8lNUk,5.017588,5.838719,8.173582000000001,0,2591700,19.180548,Delay-insensitive,1,1.75
282600,aIp3NFGGU9dWm5X3Vw7z9776lFNPuJjB1G29ywH/662WwmqOfy6BRVLentY8lNUk,4.095903,5.4298470000000005,7.358273,0,2591700,19.180548,Delay-insensitive,1,1.75
282900,aIp3NFGGU9dWm5X3Vw7z9776lFNPuJjB1G29ywH/662WwmqOfy6BRVLentY8lNUk,4.645005,5.54634,7.257336,0,2591700,19.180548,Delay-insensitive,1,1.75
283200,aIp3NFGGU9dWm5X3Vw7z9776lFNPuJjB1G29ywH/662WwmqOfy6BRVLentY8lNUk,4.112711,5.577648,8.224803999999999,0,2591700,19.180548,Delay-insensitive,1,1.75
283500,aIp3NFGGU9dWm5X3Vw7z9776lFNPuJjB1G29ywH/662WwmqOfy6BRVLentY8lNUk,4.274709,5.052939,6.655676,0,2591700,19.180548,Delay-insensitive,1,1.75
283800,aIp3NFGGU9dWm5X3Vw7z9776lFNPuJjB1G29ywH/662WwmqOfy6BRVLentY8lNUk,3.162459,6.601424000000001,20.76786,0,2591700,19.180548,Delay-insensitive,1,1.75
284100,aIp3NFGGU9dWm5X3Vw7z9776lFNPuJjB1G29ywH/662WwmqOfy6BRVLentY8lNUk,4.582169,5.679328,8.158430000000001,0,2591700,19.180548,Delay-insensitive,1,1.75
284400,aIp3NFGGU9dWm5X3Vw7z9776lFNPuJjB1G29ywH/662WwmqOfy6BRVLentY8lNUk,4.541487999999999,6.873161,22.507485,0,2591700,19.180548,Delay-insensitive,1,1.75
284700,aIp3NFGGU9dWm5X3Vw7z9776lFNPuJjB1G29ywH/662WwmqOfy6BRVLentY8lNUk,3.430857,4.876931,7.389442999999999,0,2591700,19.180548,Delay-insensitive,1,1.75
285000,aIp3NFGGU9dWm5X3Vw7z9776lFNPuJjB1G29ywH/662WwmqOfy6BRVLentY8lNUk,4.480694000000001,5.338103,7.105527,0,2591700,19.180548,Delay-insensitive,1,1.75
285300,aIp3NFGGU9dWm5X3Vw7z9776lFNPuJjB1G29ywH/662WwmqOfy6BRVLentY8lNUk,4.462401,5.248881,6.460332,0,2591700,19.180548,Delay-insensitive,1,1.75
285600,aIp3NFGGU9dWm5X3Vw7z9776lFNPuJjB1G29ywH/662WwmqOfy6BRVLentY8lNUk,4.539365,5.429054,7.494053,0,2591700,19.180548,Delay-insensitive,1,1.75
285900,aIp3NFGGU9dWm5X3Vw7z9776lFNPuJjB1G29ywH/662WwmqOfy6BRVLentY8lNUk,4.166471,5.613512999999999,7.412257,0,2591700,19.180548,Delay-insensitive,1,1.75
286200,aIp3NFGGU9dWm5X3Vw7z9776lFNPuJjB1G29ywH/662WwmqOfy6BRVLentY8lNUk,4.623982,5.610556,8.57911,0,2591700,19.180548,Delay-insensitive,1,1.75
286500,aIp3NFGGU9dWm5X3Vw7z9776lFNPuJjB1G29ywH/662WwmqOfy6BRVLentY8lNUk,3.805036,5.17609,7.3206,0,2591700,19.180548,Delay-insensitive,1,1.75
286800,aIp3NFGGU9dWm5X3Vw7z9776lFNPuJjB1G29ywH/662WwmqOfy6BRVLentY8lNUk,4.302941000000001,5.330289,6.532698,0,2591700,19.180548,Delay-insensitive,1,1.75
287100,aIp3NFGGU9dWm5X3Vw7z9776lFNPuJjB1G29ywH/662WwmqOfy6BRVLentY8lNUk,4.183631,6.637519,19.560756,0,2591700,19.180548,Delay-insensitive,1,1.75
287400,aIp3NFGGU9dWm5X3Vw7z9776lFNPuJjB1G29ywH/662WwmqOfy6BRVLentY8lNUk,4.514387,6.819758,18.774772,0,2591700,19.180548,Delay-insensitive,1,1.75
287700,aIp3NFGGU9dWm5X3Vw7z9776lFNPuJjB1G29ywH/662WwmqOfy6BRVLentY8lNUk,4.508312,5.310172000000001,6.420211,0,2591700,19.180548,Delay-insensitive,1,1.75
288000,aIp3NFGGU9dWm5X3Vw7z9776lFNPuJjB1G29ywH/662WwmqOfy6BRVLentY8lNUk,4.448206,5.302994,6.783962,0,2591700,19.180548,Delay-insensitive,1,1.75
288300,aIp3NFGGU9dWm5X3Vw7z9776lFNPuJjB1G29ywH/662WwmqOfy6BRVLentY8lNUk,3.5497300000000003,4.870877,6.657411,0,2591700,19.180548,Delay-insensitive,1,1.75
288600,aIp3NFGGU9dWm5X3Vw7z9776lFNPuJjB1G29ywH/662WwmqOfy6BRVLentY8lNUk,4.508328,5.244338,6.749874,0,2591700,19.180548,Delay-insensitive,1,1.75
288900,aIp3NFGGU9dWm5X3Vw7z9776lFNPuJjB1G29ywH/662WwmqOfy6BRVLentY8lNUk,4.489253,5.154669,6.525089,0,2591700,19.180548,Delay-insensitive,1,1.75
289200,aIp3NFGGU9dWm5X3Vw7z9776lFNPuJjB1G29ywH/662WwmqOfy6BRVLentY8lNUk,3.271348,5.32284,7.419941000000001,0,2591700,19.180548,Delay-insensitive,1,1.75
289500,aIp3NFGGU9dWm5X3Vw7z9776lFNPuJjB1G29ywH/662WwmqOfy6BRVLentY8lNUk,4.776681,5.301901,6.228916000000001,0,2591700,19.180548,Delay-insensitive,1,1.75
289800,aIp3NFGGU9dWm5X3Vw7z9776lFNPuJjB1G29ywH/662WwmqOfy6BRVLentY8lNUk,3.5359830000000003,5.398952,6.739286,0,2591700,19.180548,Delay-insensitive,1,1.75
290100,aIp3NFGGU9dWm5X3Vw7z9776lFNPuJjB1G29ywH/662WwmqOfy6BRVLentY8lNUk,4.744722,5.319141,7.146325,0,2591700,19.180548,Delay-insensitive,1,1.75
290400,aIp3NFGGU9dWm5X3Vw7z9776lFNPuJjB1G29ywH/662WwmqOfy6BRVLentY8lNUk,4.67325,5.687329,7.723796000000001,0,2591700,19.180548,Delay-insensitive,1,1.75
290700,aIp3NFGGU9dWm5X3Vw7z9776lFNPuJjB1G29ywH/662WwmqOfy6BRVLentY8lNUk,3.90011,5.688383999999999,7.22543,0,2591700,19.180548,Delay-insensitive,1,1.75
291000,aIp3NFGGU9dWm5X3Vw7z9776lFNPuJjB1G29ywH/662WwmqOfy6BRVLentY8lNUk,4.665018,7.259871,23.875334,0,2591700,19.180548,Delay-insensitive,1,1.75
291300,aIp3NFGGU9dWm5X3Vw7z9776lFNPuJjB1G29ywH/662WwmqOfy6BRVLentY8lNUk,4.904212,5.463792,6.638328,0,2591700,19.180548,Delay-insensitive,1,1.75
291600,aIp3NFGGU9dWm5X3Vw7z9776lFNPuJjB1G29ywH/662WwmqOfy6BRVLentY8lNUk,4.792191000000001,5.623285,6.708714,0,2591700,19.180548,Delay-insensitive,1,1.75
291900,aIp3NFGGU9dWm5X3Vw7z9776lFNPuJjB1G29ywH/662WwmqOfy6BRVLentY8lNUk,3.554706,5.11338,7.519958,0,2591700,19.180548,Delay-insensitive,1,1.75
292200,aIp3NFGGU9dWm5X3Vw7z9776lFNPuJjB1G29ywH/662WwmqOfy6BRVLentY8lNUk,4.66151,5.546735,6.621989,0,2591700,19.180548,Delay-insensitive,1,1.75
292500,aIp3NFGGU9dWm5X3Vw7z9776lFNPuJjB1G29ywH/662WwmqOfy6BRVLentY8lNUk,4.115725,5.102551999999999,6.811775999999999,0,2591700,19.180548,Delay-insensitive,1,1.75
292800,aIp3NFGGU9dWm5X3Vw7z9776lFNPuJjB1G29ywH/662WwmqOfy6BRVLentY8lNUk,4.595782,5.363324,6.609619,0,2591700,19.180548,Delay-insensitive,1,1.75
293100,aIp3NFGGU9dWm5X3Vw7z9776lFNPuJjB1G29ywH/662WwmqOfy6BRVLentY8lNUk,4.443785,5.257413,6.3380790000000005,0,2591700,19.180548,Delay-insensitive,1,1.75
293400,aIp3NFGGU9dWm5X3Vw7z9776lFNPuJjB1G29ywH/662WwmqOfy6BRVLentY8lNUk,4.082199,5.427504,7.504047,0,2591700,19.180548,Delay-insensitive,1,1.75
293700,aIp3NFGGU9dWm5X3Vw7z9776lFNPuJjB1G29ywH/662WwmqOfy6BRVLentY8lNUk,4.41143,5.220772,6.313616000000001,0,2591700,19.180548,Delay-insensitive,1,1.75
294000,aIp3NFGGU9dWm5X3Vw7z9776lFNPuJjB1G29ywH/662WwmqOfy6BRVLentY8lNUk,3.887116,4.784603,6.199721,0,2591700,19.180548,Delay-insensitive,1,1.75
294300,aIp3NFGGU9dWm5X3Vw7z9776lFNPuJjB1G29ywH/662WwmqOfy6BRVLentY8lNUk,4.581319000000001,8.129731,25.979368,0,2591700,19.180548,Delay-insensitive,1,1.75
294600,aIp3NFGGU9dWm5X3Vw7z9776lFNPuJjB1G29ywH/662WwmqOfy6BRVLentY8lNUk,3.648828,6.733058,20.947201,0,2591700,19.180548,Delay-insensitive,1,1.75
294900,aIp3NFGGU9dWm5X3Vw7z9776lFNPuJjB1G29ywH/662WwmqOfy6BRVLentY8lNUk,4.46933,5.2975650000000005,6.115408,0,2591700,19.180548,Delay-insensitive,1,1.75
295200,aIp3NFGGU9dWm5X3Vw7z9776lFNPuJjB1G29ywH/662WwmqOfy6BRVLentY8lNUk,2.317302,4.634533,6.200533999999999,0,2591700,19.180548,Delay-insensitive,1,1.75
295500,aIp3NFGGU9dWm5X3Vw7z9776lFNPuJjB1G29ywH/662WwmqOfy6BRVLentY8lNUk,4.436274,5.286999,7.362253,0,2591700,19.180548,Delay-insensitive,1,1.75
295800,aIp3NFGGU9dWm5X3Vw7z9776lFNPuJjB1G29ywH/662WwmqOfy6BRVLentY8lNUk,3.384152,4.895766,6.064092,0,2591700,19.180548,Delay-insensitive,1,1.75
296100,aIp3NFGGU9dWm5X3Vw7z9776lFNPuJjB1G29ywH/662WwmqOfy6BRVLentY8lNUk,3.962654,5.309861,7.635037,0,2591700,19.180548,Delay-insensitive,1,1.75
296400,aIp3NFGGU9dWm5X3Vw7z9776lFNPuJjB1G29ywH/662WwmqOfy6BRVLentY8lNUk,4.424595,5.388868,6.982517,0,2591700,19.180548,Delay-insensitive,1,1.75
296700,aIp3NFGGU9dWm5X3Vw7z9776lFNPuJjB1G29ywH/662WwmqOfy6BRVLentY8lNUk,4.857113,5.454724,6.231945,0,2591700,19.180548,Delay-insensitive,1,1.75
297000,aIp3NFGGU9dWm5X3Vw7z9776lFNPuJjB1G29ywH/662WwmqOfy6BRVLentY8lNUk,5.114264,5.761465,7.865715,0,2591700,19.180548,Delay-insensitive,1,1.75
297300,aIp3NFGGU9dWm5X3Vw7z9776lFNPuJjB1G29ywH/662WwmqOfy6BRVLentY8lNUk,4.588399,8.10501,34.772771,0,2591700,19.180548,Delay-insensitive,1,1.75
297600,aIp3NFGGU9dWm5X3Vw7z9776lFNPuJjB1G29ywH/662WwmqOfy6BRVLentY8lNUk,4.588842,5.459772,7.0989770000000005,0,2591700,19.180548,Delay-insensitive,1,1.75
297900,aIp3NFGGU9dWm5X3Vw7z9776lFNPuJjB1G29ywH/662WwmqOfy6BRVLentY8lNUk,4.498501999999999,5.26004,6.933867,0,2591700,19.180548,Delay-insensitive,1,1.75
298200,aIp3NFGGU9dWm5X3Vw7z9776lFNPuJjB1G29ywH/662WwmqOfy6BRVLentY8lNUk,4.457389,6.882969,20.371666,0,2591700,19.180548,Delay-insensitive,1,1.75
298500,aIp3NFGGU9dWm5X3Vw7z9776lFNPuJjB1G29ywH/662WwmqOfy6BRVLentY8lNUk,3.843321,4.923362,6.463975,0,2591700,19.180548,Delay-insensitive,1,1.75
298800,aIp3NFGGU9dWm5X3Vw7z9776lFNPuJjB1G29ywH/662WwmqOfy6BRVLentY8lNUk,4.197476,5.194063,6.67,0,2591700,19.180548,Delay-insensitive,1,1.75
299100,aIp3NFGGU9dWm5X3Vw7z9776lFNPuJjB1G29ywH/662WwmqOfy6BRVLentY8lNUk,4.090534,4.93651,6.471659,0,2591700,19.180548,Delay-insensitive,1,1.75
299400,aIp3NFGGU9dWm5X3Vw7z9776lFNPuJjB1G29ywH/662WwmqOfy6BRVLentY8lNUk,3.526408,5.112867,7.46815,0,2591700,19.180548,Delay-insensitive,1,1.75
299700,aIp3NFGGU9dWm5X3Vw7z9776lFNPuJjB1G29ywH/662WwmqOfy6BRVLentY8lNUk,4.34272,5.33079,6.809462,0,2591700,19.180548,Delay-insensitive,1,1.75
300000,aIp3NFGGU9dWm5X3Vw7z9776lFNPuJjB1G29ywH/662WwmqOfy6BRVLentY8lNUk,3.793939,5.0914410000000005,7.282708,0,2591700,19.180548,Delay-insensitive,1,1.75
300300,aIp3NFGGU9dWm5X3Vw7z9776lFNPuJjB1G29ywH/662WwmqOfy6BRVLentY8lNUk,4.192666,5.328774,7.748191999999999,0,2591700,19.180548,Delay-insensitive,1,1.75
300600,aIp3NFGGU9dWm5X3Vw7z9776lFNPuJjB1G29ywH/662WwmqOfy6BRVLentY8lNUk,3.677905,5.078031,7.446271,0,2591700,19.180548,Delay-insensitive,1,1.75
300900,aIp3NFGGU9dWm5X3Vw7z9776lFNPuJjB1G29ywH/662WwmqOfy6BRVLentY8lNUk,4.199979,15.501710999999998,49.171308,0,2591700,19.180548,Delay-insensitive,1,1.75
301200,aIp3NFGGU9dWm5X3Vw7z9776lFNPuJjB1G29ywH/662WwmqOfy6BRVLentY8lNUk,3.622585,5.311791,8.057886,0,2591700,19.180548,Delay-insensitive,1,1.75
301500,aIp3NFGGU9dWm5X3Vw7z9776lFNPuJjB1G29ywH/662WwmqOfy6BRVLentY8lNUk,4.526634,5.369367,6.855301,0,2591700,19.180548,Delay-insensitive,1,1.75
301800,aIp3NFGGU9dWm5X3Vw7z9776lFNPuJjB1G29ywH/662WwmqOfy6BRVLentY8lNUk,4.294633,6.553884,19.852501,0,2591700,19.180548,Delay-insensitive,1,1.75
302100,aIp3NFGGU9dWm5X3Vw7z9776lFNPuJjB1G29ywH/662WwmqOfy6BRVLentY8lNUk,4.142081,5.603881,6.902652000000001,0,2591700,19.180548,Delay-insensitive,1,1.75
302400,aIp3NFGGU9dWm5X3Vw7z9776lFNPuJjB1G29ywH/662WwmqOfy6BRVLentY8lNUk,4.267403,5.444426,6.854167,0,2591700,19.180548,Delay-insensitive,1,1.75
302700,aIp3NFGGU9dWm5X3Vw7z9776lFNPuJjB1G29ywH/662WwmqOfy6BRVLentY8lNUk,4.418026,5.221575,6.640439999999999,0,2591700,19.180548,Delay-insensitive,1,1.75
303000,aIp3NFGGU9dWm5X3Vw7z9776lFNPuJjB1G29ywH/662WwmqOfy6BRVLentY8lNUk,4.365811,5.643492,7.403147,0,2591700,19.180548,Delay-insensitive,1,1.75
303300,aIp3NFGGU9dWm5X3Vw7z9776lFNPuJjB1G29ywH/662WwmqOfy6BRVLentY8lNUk,4.015789,5.207318,7.193891000000001,0,2591700,19.180548,Delay-insensitive,1,1.75
303600,aIp3NFGGU9dWm5X3Vw7z9776lFNPuJjB1G29ywH/662WwmqOfy6BRVLentY8lNUk,4.471248,5.226632,6.763375,0,2591700,19.180548,Delay-insensitive,1,1.75
303900,aIp3NFGGU9dWm5X3Vw7z9776lFNPuJjB1G29ywH/662WwmqOfy6BRVLentY8lNUk,4.48166,5.363030999999999,7.186336,0,2591700,19.180548,Delay-insensitive,1,1.75
304200,aIp3NFGGU9dWm5X3Vw7z9776lFNPuJjB1G29ywH/662WwmqOfy6BRVLentY8lNUk,3.954076,5.356867,7.518876,0,2591700,19.180548,Delay-insensitive,1,1.75
304500,aIp3NFGGU9dWm5X3Vw7z9776lFNPuJjB1G29ywH/662WwmqOfy6BRVLentY8lNUk,4.339299,5.163123000000001,6.337278,0,2591700,19.180548,Delay-insensitive,1,1.75
304800,aIp3NFGGU9dWm5X3Vw7z9776lFNPuJjB1G29ywH/662WwmqOfy6BRVLentY8lNUk,4.271597,5.249777,6.770189,0,2591700,19.180548,Delay-insensitive,1,1.75
305100,aIp3NFGGU9dWm5X3Vw7z9776lFNPuJjB1G29ywH/662WwmqOfy6BRVLentY8lNUk,4.32281,5.258081,7.064058,0,2591700,19.180548,Delay-insensitive,1,1.75
305400,aIp3NFGGU9dWm5X3Vw7z9776lFNPuJjB1G29ywH/662WwmqOfy6BRVLentY8lNUk,4.239413,5.192818,6.3668260000000005,0,2591700,19.180548,Delay-insensitive,1,1.75
305700,aIp3NFGGU9dWm5X3Vw7z9776lFNPuJjB1G29ywH/662WwmqOfy6BRVLentY8lNUk,4.176674,5.211498000000001,7.201681,0,2591700,19.180548,Delay-insensitive,1,1.75
306000,aIp3NFGGU9dWm5X3Vw7z9776lFNPuJjB1G29ywH/662WwmqOfy6BRVLentY8lNUk,4.271383,5.040914,6.856358,0,2591700,19.180548,Delay-insensitive,1,1.75
306300,aIp3NFGGU9dWm5X3Vw7z9776lFNPuJjB1G29ywH/662WwmqOfy6BRVLentY8lNUk,4.017440000000001,4.765204,5.929868,0,2591700,19.180548,Delay-insensitive,1,1.75
306600,aIp3NFGGU9dWm5X3Vw7z9776lFNPuJjB1G29ywH/662WwmqOfy6BRVLentY8lNUk,4.273833,5.207566,7.127763000000001,0,2591700,19.180548,Delay-insensitive,1,1.75
306900,aIp3NFGGU9dWm5X3Vw7z9776lFNPuJjB1G29ywH/662WwmqOfy6BRVLentY8lNUk,4.120655,5.058319,6.558463000000001,0,2591700,19.180548,Delay-insensitive,1,1.75
307200,aIp3NFGGU9dWm5X3Vw7z9776lFNPuJjB1G29ywH/662WwmqOfy6BRVLentY8lNUk,4.165175,4.969926,6.133368,0,2591700,19.180548,Delay-insensitive,1,1.75
307500,aIp3NFGGU9dWm5X3Vw7z9776lFNPuJjB1G29ywH/662WwmqOfy6BRVLentY8lNUk,4.513094000000001,5.329838,7.0537160000000005,0,2591700,19.180548,Delay-insensitive,1,1.75
307800,aIp3NFGGU9dWm5X3Vw7z9776lFNPuJjB1G29ywH/662WwmqOfy6BRVLentY8lNUk,4.469077,5.13149,6.1520470000000005,0,2591700,19.180548,Delay-insensitive,1,1.75
308100,aIp3NFGGU9dWm5X3Vw7z9776lFNPuJjB1G29ywH/662WwmqOfy6BRVLentY8lNUk,3.832148,5.12338,6.570647999999999,0,2591700,19.180548,Delay-insensitive,1,1.75
308400,aIp3NFGGU9dWm5X3Vw7z9776lFNPuJjB1G29ywH/662WwmqOfy6BRVLentY8lNUk,4.324334,5.342386,6.826267999999999,0,2591700,19.180548,Delay-insensitive,1,1.75
308700,aIp3NFGGU9dWm5X3Vw7z9776lFNPuJjB1G29ywH/662WwmqOfy6BRVLentY8lNUk,4.596097,5.034953,6.660978,0,2591700,19.180548,Delay-insensitive,1,1.75
309000,aIp3NFGGU9dWm5X3Vw7z9776lFNPuJjB1G29ywH/662WwmqOfy6BRVLentY8lNUk,4.44715,6.971128,19.300536,0,2591700,19.180548,Delay-insensitive,1,1.75
309300,aIp3NFGGU9dWm5X3Vw7z9776lFNPuJjB1G29ywH/662WwmqOfy6BRVLentY8lNUk,4.1925930000000005,5.141567,6.387465,0,2591700,19.180548,Delay-insensitive,1,1.75
309600,aIp3NFGGU9dWm5X3Vw7z9776lFNPuJjB1G29ywH/662WwmqOfy6BRVLentY8lNUk,3.318308,4.927418,6.5272760000000005,0,2591700,19.180548,Delay-insensitive,1,1.75
309900,aIp3NFGGU9dWm5X3Vw7z9776lFNPuJjB1G29ywH/662WwmqOfy6BRVLentY8lNUk,4.366574,5.354773000000001,6.984333,0,2591700,19.180548,Delay-insensitive,1,1.75
310200,aIp3NFGGU9dWm5X3Vw7z9776lFNPuJjB1G29ywH/662WwmqOfy6BRVLentY8lNUk,4.202607,5.309885,6.804239999999999,0,2591700,19.180548,Delay-insensitive,1,1.75
310500,aIp3NFGGU9dWm5X3Vw7z9776lFNPuJjB1G29ywH/662WwmqOfy6BRVLentY8lNUk,4.478281,5.036543,6.120935,0,2591700,19.180548,Delay-insensitive,1,1.75
310800,aIp3NFGGU9dWm5X3Vw7z9776lFNPuJjB1G29ywH/662WwmqOfy6BRVLentY8lNUk,3.614019,5.208391000000001,6.90296,0,2591700,19.180548,Delay-insensitive,1,1.75
311100,aIp3NFGGU9dWm5X3Vw7z9776lFNPuJjB1G29ywH/662WwmqOfy6BRVLentY8lNUk,4.368072,5.507398,6.954926,0,2591700,19.180548,Delay-insensitive,1,1.75
311400,aIp3NFGGU9dWm5X3Vw7z9776lFNPuJjB1G29ywH/662WwmqOfy6BRVLentY8lNUk,2.998002,4.975529,6.446177,0,2591700,19.180548,Delay-insensitive,1,1.75
311700,aIp3NFGGU9dWm5X3Vw7z9776lFNPuJjB1G29ywH/662WwmqOfy6BRVLentY8lNUk,4.082726999999999,5.332706,6.735211,0,2591700,19.180548,Delay-insensitive,1,1.75
312000,aIp3NFGGU9dWm5X3Vw7z9776lFNPuJjB1G29ywH/662WwmqOfy6BRVLentY8lNUk,3.129592,4.6040730000000005,6.014441000000001,0,2591700,19.180548,Delay-insensitive,1,1.75
312300,aIp3NFGGU9dWm5X3Vw7z9776lFNPuJjB1G29ywH/662WwmqOfy6BRVLentY8lNUk,4.393164,4.974724,5.885049,0,2591700,19.180548,Delay-insensitive,1,1.75
312600,aIp3NFGGU9dWm5X3Vw7z9776lFNPuJjB1G29ywH/662WwmqOfy6BRVLentY8lNUk,4.218466,6.537824,19.002246,0,2591700,19.180548,Delay-insensitive,1,1.75
312900,aIp3NFGGU9dWm5X3Vw7z9776lFNPuJjB1G29ywH/662WwmqOfy6BRVLentY8lNUk,3.92837,5.051561,7.189997,0,2591700,19.180548,Delay-insensitive,1,1.75
313200,aIp3NFGGU9dWm5X3Vw7z9776lFNPuJjB1G29ywH/662WwmqOfy6BRVLentY8lNUk,4.491398,5.244968,7.094185,0,2591700,19.180548,Delay-insensitive,1,1.75
313500,aIp3NFGGU9dWm5X3Vw7z9776lFNPuJjB1G29ywH/662WwmqOfy6BRVLentY8lNUk,3.270036,5.135753,7.296782,0,2591700,19.180548,Delay-insensitive,1,1.75
313800,aIp3NFGGU9dWm5X3Vw7z9776lFNPuJjB1G29ywH/662WwmqOfy6BRVLentY8lNUk,4.585203,5.293305,7.313521000000001,0,2591700,19.180548,Delay-insensitive,1,1.75
314100,aIp3NFGGU9dWm5X3Vw7z9776lFNPuJjB1G29ywH/662WwmqOfy6BRVLentY8lNUk,3.35647,5.156448,7.466299,0,2591700,19.180548,Delay-insensitive,1,1.75
314400,aIp3NFGGU9dWm5X3Vw7z9776lFNPuJjB1G29ywH/662WwmqOfy6BRVLentY8lNUk,3.374865,4.777233,6.88886,0,2591700,19.180548,Delay-insensitive,1,1.75
314700,aIp3NFGGU9dWm5X3Vw7z9776lFNPuJjB1G29ywH/662WwmqOfy6BRVLentY8lNUk,4.055745,5.079813,7.438625,0,2591700,19.180548,Delay-insensitive,1,1.75
315000,aIp3NFGGU9dWm5X3Vw7z9776lFNPuJjB1G29ywH/662WwmqOfy6BRVLentY8lNUk,4.457404,5.267028,6.979742999999999,0,2591700,19.180548,Delay-insensitive,1,1.75
315300,aIp3NFGGU9dWm5X3Vw7z9776lFNPuJjB1G29ywH/662WwmqOfy6BRVLentY8lNUk,3.933786,5.166856,7.039159,0,2591700,19.180548,Delay-insensitive,1,1.75
315600,aIp3NFGGU9dWm5X3Vw7z9776lFNPuJjB1G29ywH/662WwmqOfy6BRVLentY8lNUk,4.343298,5.232059,7.459627,0,2591700,19.180548,Delay-insensitive,1,1.75
315900,aIp3NFGGU9dWm5X3Vw7z9776lFNPuJjB1G29ywH/662WwmqOfy6BRVLentY8lNUk,4.709688,5.526162,7.715596000000001,0,2591700,19.180548,Delay-insensitive,1,1.75
316200,aIp3NFGGU9dWm5X3Vw7z9776lFNPuJjB1G29ywH/662WwmqOfy6BRVLentY8lNUk,3.626181,6.912674000000001,20.213235,0,2591700,19.180548,Delay-insensitive,1,1.75
316500,aIp3NFGGU9dWm5X3Vw7z9776lFNPuJjB1G29ywH/662WwmqOfy6BRVLentY8lNUk,4.673592,5.495888,7.703419,0,2591700,19.180548,Delay-insensitive,1,1.75
316800,aIp3NFGGU9dWm5X3Vw7z9776lFNPuJjB1G29ywH/662WwmqOfy6BRVLentY8lNUk,3.981708,5.392851,7.520919,0,2591700,19.180548,Delay-insensitive,1,1.75
317100,aIp3NFGGU9dWm5X3Vw7z9776lFNPuJjB1G29ywH/662WwmqOfy6BRVLentY8lNUk,4.401563,5.326265,7.378528,0,2591700,19.180548,Delay-insensitive,1,1.75
317400,aIp3NFGGU9dWm5X3Vw7z9776lFNPuJjB1G29ywH/662WwmqOfy6BRVLentY8lNUk,3.222946,4.951141000000001,7.039971,0,2591700,19.180548,Delay-insensitive,1,1.75
317700,aIp3NFGGU9dWm5X3Vw7z9776lFNPuJjB1G29ywH/662WwmqOfy6BRVLentY8lNUk,4.212672,5.173714,7.261448,0,2591700,19.180548,Delay-insensitive,1,1.75
318000,aIp3NFGGU9dWm5X3Vw7z9776lFNPuJjB1G29ywH/662WwmqOfy6BRVLentY8lNUk,4.140219,5.116159,6.404457,0,2591700,19.180548,Delay-insensitive,1,1.75
318300,aIp3NFGGU9dWm5X3Vw7z9776lFNPuJjB1G29ywH/662WwmqOfy6BRVLentY8lNUk,4.2646440000000005,5.250634,6.564014,0,2591700,19.180548,Delay-insensitive,1,1.75
318600,aIp3NFGGU9dWm5X3Vw7z9776lFNPuJjB1G29ywH/662WwmqOfy6BRVLentY8lNUk,4.566843,5.513217,7.272243,0,2591700,19.180548,Delay-insensitive,1,1.75
318900,aIp3NFGGU9dWm5X3Vw7z9776lFNPuJjB1G29ywH/662WwmqOfy6BRVLentY8lNUk,4.621662000000001,5.547161,6.8875470000000005,0,2591700,19.180548,Delay-insensitive,1,1.75
319200,aIp3NFGGU9dWm5X3Vw7z9776lFNPuJjB1G29ywH/662WwmqOfy6BRVLentY8lNUk,4.269312,5.114586,6.361374,0,2591700,19.180548,Delay-insensitive,1,1.75
319500,aIp3NFGGU9dWm5X3Vw7z9776lFNPuJjB1G29ywH/662WwmqOfy6BRVLentY8lNUk,4.501865,5.395111,7.020991,0,2591700,19.180548,Delay-insensitive,1,1.75
319800,aIp3NFGGU9dWm5X3Vw7z9776lFNPuJjB1G29ywH/662WwmqOfy6BRVLentY8lNUk,4.341234,6.688147,19.095582,0,2591700,19.180548,Delay-insensitive,1,1.75
320100,aIp3NFGGU9dWm5X3Vw7z9776lFNPuJjB1G29ywH/662WwmqOfy6BRVLentY8lNUk,2.920213,4.529237,5.527675,0,2591700,19.180548,Delay-insensitive,1,1.75
320400,aIp3NFGGU9dWm5X3Vw7z9776lFNPuJjB1G29ywH/662WwmqOfy6BRVLentY8lNUk,4.464316,5.340576,6.549747,0,2591700,19.180548,Delay-insensitive,1,1.75
320700,aIp3NFGGU9dWm5X3Vw7z9776lFNPuJjB1G29ywH/662WwmqOfy6BRVLentY8lNUk,3.893531,4.9137010000000005,6.178587,0,2591700,19.180548,Delay-insensitive,1,1.75
321000,aIp3NFGGU9dWm5X3Vw7z9776lFNPuJjB1G29ywH/662WwmqOfy6BRVLentY8lNUk,4.481215,5.087442,6.451842,0,2591700,19.180548,Delay-insensitive,1,1.75
321300,aIp3NFGGU9dWm5X3Vw7z9776lFNPuJjB1G29ywH/662WwmqOfy6BRVLentY8lNUk,4.616215,5.45129,6.625427,0,2591700,19.180548,Delay-insensitive,1,1.75
321600,aIp3NFGGU9dWm5X3Vw7z9776lFNPuJjB1G29ywH/662WwmqOfy6BRVLentY8lNUk,3.229325,5.224003,6.891655,0,2591700,19.180548,Delay-insensitive,1,1.75
321900,aIp3NFGGU9dWm5X3Vw7z9776lFNPuJjB1G29ywH/662WwmqOfy6BRVLentY8lNUk,4.580687,5.5249120000000005,6.633789,0,2591700,19.180548,Delay-insensitive,1,1.75
322200,aIp3NFGGU9dWm5X3Vw7z9776lFNPuJjB1G29ywH/662WwmqOfy6BRVLentY8lNUk,3.490331,5.431259,6.804546,0,2591700,19.180548,Delay-insensitive,1,1.75
322500,aIp3NFGGU9dWm5X3Vw7z9776lFNPuJjB1G29ywH/662WwmqOfy6BRVLentY8lNUk,4.491176,5.55708,7.088305999999999,0,2591700,19.180548,Delay-insensitive,1,1.75
322800,aIp3NFGGU9dWm5X3Vw7z9776lFNPuJjB1G29ywH/662WwmqOfy6BRVLentY8lNUk,3.5077550000000004,5.147465,6.39853,0,2591700,19.180548,Delay-insensitive,1,1.75
323100,aIp3NFGGU9dWm5X3Vw7z9776lFNPuJjB1G29ywH/662WwmqOfy6BRVLentY8lNUk,2.643145,5.130346,6.258541,0,2591700,19.180548,Delay-insensitive,1,1.75
323400,aIp3NFGGU9dWm5X3Vw7z9776lFNPuJjB1G29ywH/662WwmqOfy6BRVLentY8lNUk,4.509782,6.760511999999999,13.888072,0,2591700,19.180548,Delay-insensitive,1,1.75
323700,aIp3NFGGU9dWm5X3Vw7z9776lFNPuJjB1G29ywH/662WwmqOfy6BRVLentY8lNUk,4.1546080000000005,5.286363,6.913664999999999,0,2591700,19.180548,Delay-insensitive,1,1.75
324000,aIp3NFGGU9dWm5X3Vw7z9776lFNPuJjB1G29ywH/662WwmqOfy6BRVLentY8lNUk,4.304466000000001,5.352423,7.616307000000001,0,2591700,19.180548,Delay-insensitive,1,1.75
324300,aIp3NFGGU9dWm5X3Vw7z9776lFNPuJjB1G29ywH/662WwmqOfy6BRVLentY8lNUk,4.349101,5.163158999999999,5.962993,0,2591700,19.180548,Delay-insensitive,1,1.75
324600,aIp3NFGGU9dWm5X3Vw7z9776lFNPuJjB1G29ywH/662WwmqOfy6BRVLentY8lNUk,4.296925,5.401207,7.197627000000001,0,2591700,19.180548,Delay-insensitive,1,1.75
324900,aIp3NFGGU9dWm5X3Vw7z9776lFNPuJjB1G29ywH/662WwmqOfy6BRVLentY8lNUk,3.102913,4.534516,7.2442,0,2591700,19.180548,Delay-insensitive,1,1.75
325200,aIp3NFGGU9dWm5X3Vw7z9776lFNPuJjB1G29ywH/662WwmqOfy6BRVLentY8lNUk,4.123364,5.050547,6.48613,0,2591700,19.180548,Delay-insensitive,1,1.75
325500,aIp3NFGGU9dWm5X3Vw7z9776lFNPuJjB1G29ywH/662WwmqOfy6BRVLentY8lNUk,4.075259,5.584658,9.851871,0,2591700,19.180548,Delay-insensitive,1,1.75
325800,aIp3NFGGU9dWm5X3Vw7z9776lFNPuJjB1G29ywH/662WwmqOfy6BRVLentY8lNUk,4.265167,5.3148290000000005,7.386036,0,2591700,19.180548,Delay-insensitive,1,1.75
326100,aIp3NFGGU9dWm5X3Vw7z9776lFNPuJjB1G29ywH/662WwmqOfy6BRVLentY8lNUk,4.346538,5.236409,6.410614,0,2591700,19.180548,Delay-insensitive,1,1.75
326400,aIp3NFGGU9dWm5X3Vw7z9776lFNPuJjB1G29ywH/662WwmqOfy6BRVLentY8lNUk,4.338704,5.435702,7.233227999999999,0,2591700,19.180548,Delay-insensitive,1,1.75
326700,aIp3NFGGU9dWm5X3Vw7z9776lFNPuJjB1G29ywH/662WwmqOfy6BRVLentY8lNUk,4.482554,5.300408999999999,7.299689,0,2591700,19.180548,Delay-insensitive,1,1.75
327000,aIp3NFGGU9dWm5X3Vw7z9776lFNPuJjB1G29ywH/662WwmqOfy6BRVLentY8lNUk,4.356272,5.113803,6.23689,0,2591700,19.180548,Delay-insensitive,1,1.75
327300,aIp3NFGGU9dWm5X3Vw7z9776lFNPuJjB1G29ywH/662WwmqOfy6BRVLentY8lNUk,4.524457,5.469972,7.220788000000001,0,2591700,19.180548,Delay-insensitive,1,1.75
327600,aIp3NFGGU9dWm5X3Vw7z9776lFNPuJjB1G29ywH/662WwmqOfy6BRVLentY8lNUk,4.716865,5.749512999999999,7.786808000000001,0,2591700,19.180548,Delay-insensitive,1,1.75
327900,aIp3NFGGU9dWm5X3Vw7z9776lFNPuJjB1G29ywH/662WwmqOfy6BRVLentY8lNUk,4.859603,5.498556,6.351001999999999,0,2591700,19.180548,Delay-insensitive,1,1.75
328200,aIp3NFGGU9dWm5X3Vw7z9776lFNPuJjB1G29ywH/662WwmqOfy6BRVLentY8lNUk,4.64772,5.513931,7.720214,0,2591700,19.180548,Delay-insensitive,1,1.75
328500,aIp3NFGGU9dWm5X3Vw7z9776lFNPuJjB1G29ywH/662WwmqOfy6BRVLentY8lNUk,4.623424,5.349346,7.075635000000001,0,2591700,19.180548,Delay-insensitive,1,1.75
328800,aIp3NFGGU9dWm5X3Vw7z9776lFNPuJjB1G29ywH/662WwmqOfy6BRVLentY8lNUk,3.635281,4.727308,5.978507,0,2591700,19.180548,Delay-insensitive,1,1.75
329100,aIp3NFGGU9dWm5X3Vw7z9776lFNPuJjB1G29ywH/662WwmqOfy6BRVLentY8lNUk,4.009681,4.95069,6.384462,0,2591700,19.180548,Delay-insensitive,1,1.75
329400,aIp3NFGGU9dWm5X3Vw7z9776lFNPuJjB1G29ywH/662WwmqOfy6BRVLentY8lNUk,4.16224,5.325215,6.565737,0,2591700,19.180548,Delay-insensitive,1,1.75
329700,aIp3NFGGU9dWm5X3Vw7z9776lFNPuJjB1G29ywH/662WwmqOfy6BRVLentY8lNUk,3.407861,14.219357,38.781105,0,2591700,19.180548,Delay-insensitive,1,1.75
330000,aIp3NFGGU9dWm5X3Vw7z9776lFNPuJjB1G29ywH/662WwmqOfy6BRVLentY8lNUk,4.788785,7.463381,19.834465,0,2591700,19.180548,Delay-insensitive,1,1.75
330300,aIp3NFGGU9dWm5X3Vw7z9776lFNPuJjB1G29ywH/662WwmqOfy6BRVLentY8lNUk,4.461744,6.5186150000000005,14.241739,0,2591700,19.180548,Delay-insensitive,1,1.75
330600,aIp3NFGGU9dWm5X3Vw7z9776lFNPuJjB1G29ywH/662WwmqOfy6BRVLentY8lNUk,3.739586,6.371638,20.99902,0,2591700,19.180548,Delay-insensitive,1,1.75
330900,aIp3NFGGU9dWm5X3Vw7z9776lFNPuJjB1G29ywH/662WwmqOfy6BRVLentY8lNUk,4.463177,5.532316000000001,7.280950999999999,0,2591700,19.180548,Delay-insensitive,1,1.75
331200,aIp3NFGGU9dWm5X3Vw7z9776lFNPuJjB1G29ywH/662WwmqOfy6BRVLentY8lNUk,3.462901,5.191707,6.516673,0,2591700,19.180548,Delay-insensitive,1,1.75
331500,aIp3NFGGU9dWm5X3Vw7z9776lFNPuJjB1G29ywH/662WwmqOfy6BRVLentY8lNUk,4.483213,5.025766,5.459731,0,2591700,19.180548,Delay-insensitive,1,1.75
331800,aIp3NFGGU9dWm5X3Vw7z9776lFNPuJjB1G29ywH/662WwmqOfy6BRVLentY8lNUk,4.654798,6.411704,12.158771,0,2591700,19.180548,Delay-insensitive,1,1.75
332100,aIp3NFGGU9dWm5X3Vw7z9776lFNPuJjB1G29ywH/662WwmqOfy6BRVLentY8lNUk,4.409904,5.515085,7.279574,0,2591700,19.180548,Delay-insensitive,1,1.75
332400,aIp3NFGGU9dWm5X3Vw7z9776lFNPuJjB1G29ywH/662WwmqOfy6BRVLentY8lNUk,4.619669999999999,5.055692,6.354195,0,2591700,19.180548,Delay-insensitive,1,1.75
332700,aIp3NFGGU9dWm5X3Vw7z9776lFNPuJjB1G29ywH/662WwmqOfy6BRVLentY8lNUk,4.649876,5.592551,6.680667,0,2591700,19.180548,Delay-insensitive,1,1.75
333000,aIp3NFGGU9dWm5X3Vw7z9776lFNPuJjB1G29ywH/662WwmqOfy6BRVLentY8lNUk,4.653075,5.271664,6.313696,0,2591700,19.180548,Delay-insensitive,1,1.75
333300,aIp3NFGGU9dWm5X3Vw7z9776lFNPuJjB1G29ywH/662WwmqOfy6BRVLentY8lNUk,3.429347,4.941784999999999,6.038616,0,2591700,19.180548,Delay-insensitive,1,1.75
333600,aIp3NFGGU9dWm5X3Vw7z9776lFNPuJjB1G29ywH/662WwmqOfy6BRVLentY8lNUk,2.556314,4.719339,5.719257,0,2591700,19.180548,Delay-insensitive,1,1.75
333900,aIp3NFGGU9dWm5X3Vw7z9776lFNPuJjB1G29ywH/662WwmqOfy6BRVLentY8lNUk,4.328354,8.322535,36.986304,0,2591700,19.180548,Delay-insensitive,1,1.75
334200,aIp3NFGGU9dWm5X3Vw7z9776lFNPuJjB1G29ywH/662WwmqOfy6BRVLentY8lNUk,4.060936,6.633147,20.781832,0,2591700,19.180548,Delay-insensitive,1,1.75
334500,aIp3NFGGU9dWm5X3Vw7z9776lFNPuJjB1G29ywH/662WwmqOfy6BRVLentY8lNUk,4.194339,5.555067,8.614643,0,2591700,19.180548,Delay-insensitive,1,1.75
334800,aIp3NFGGU9dWm5X3Vw7z9776lFNPuJjB1G29ywH/662WwmqOfy6BRVLentY8lNUk,4.460701,5.302118,6.952152000000001,0,2591700,19.180548,Delay-insensitive,1,1.75
335100,aIp3NFGGU9dWm5X3Vw7z9776lFNPuJjB1G29ywH/662WwmqOfy6BRVLentY8lNUk,3.517588,4.7757,6.876098,0,2591700,19.180548,Delay-insensitive,1,1.75
335400,aIp3NFGGU9dWm5X3Vw7z9776lFNPuJjB1G29ywH/662WwmqOfy6BRVLentY8lNUk,3.744778,4.921545,7.295286999999999,0,2591700,19.180548,Delay-insensitive,1,1.75
335700,aIp3NFGGU9dWm5X3Vw7z9776lFNPuJjB1G29ywH/662WwmqOfy6BRVLentY8lNUk,3.270139,4.657294,5.887792,0,2591700,19.180548,Delay-insensitive,1,1.75
336000,aIp3NFGGU9dWm5X3Vw7z9776lFNPuJjB1G29ywH/662WwmqOfy6BRVLentY8lNUk,4.09437,5.000414,7.252866,0,2591700,19.180548,Delay-insensitive,1,1.75
336300,aIp3NFGGU9dWm5X3Vw7z9776lFNPuJjB1G29ywH/662WwmqOfy6BRVLentY8lNUk,4.45969,5.197596,6.4382980000000005,0,2591700,19.180548,Delay-insensitive,1,1.75
336600,aIp3NFGGU9dWm5X3Vw7z9776lFNPuJjB1G29ywH/662WwmqOfy6BRVLentY8lNUk,4.421599,5.179079,6.485102,0,2591700,19.180548,Delay-insensitive,1,1.75
336900,aIp3NFGGU9dWm5X3Vw7z9776lFNPuJjB1G29ywH/662WwmqOfy6BRVLentY8lNUk,4.066464,4.971238,6.187773,0,2591700,19.180548,Delay-insensitive,1,1.75
337200,aIp3NFGGU9dWm5X3Vw7z9776lFNPuJjB1G29ywH/662WwmqOfy6BRVLentY8lNUk,3.871902,5.047251,7.849231,0,2591700,19.180548,Delay-insensitive,1,1.75
337500,aIp3NFGGU9dWm5X3Vw7z9776lFNPuJjB1G29ywH/662WwmqOfy6BRVLentY8lNUk,4.296615,5.482684,8.815977,0,2591700,19.180548,Delay-insensitive,1,1.75
337800,aIp3NFGGU9dWm5X3Vw7z9776lFNPuJjB1G29ywH/662WwmqOfy6BRVLentY8lNUk,4.24897,8.830860000000001,29.031505,0,2591700,19.180548,Delay-insensitive,1,1.75
338100,aIp3NFGGU9dWm5X3Vw7z9776lFNPuJjB1G29ywH/662WwmqOfy6BRVLentY8lNUk,4.376261,5.123133,7.154031,0,2591700,19.180548,Delay-insensitive,1,1.75
338400,aIp3NFGGU9dWm5X3Vw7z9776lFNPuJjB1G29ywH/662WwmqOfy6BRVLentY8lNUk,3.951212,4.718295,5.521904,0,2591700,19.180548,Delay-insensitive,1,1.75
338700,aIp3NFGGU9dWm5X3Vw7z9776lFNPuJjB1G29ywH/662WwmqOfy6BRVLentY8lNUk,4.486332,5.09759,7.094925999999999,0,2591700,19.180548,Delay-insensitive,1,1.75
339000,aIp3NFGGU9dWm5X3Vw7z9776lFNPuJjB1G29ywH/662WwmqOfy6BRVLentY8lNUk,4.084422,4.877528,5.815057,0,2591700,19.180548,Delay-insensitive,1,1.75
339300,aIp3NFGGU9dWm5X3Vw7z9776lFNPuJjB1G29ywH/662WwmqOfy6BRVLentY8lNUk,4.529394,5.183843,6.241975,0,2591700,19.180548,Delay-insensitive,1,1.75
339600,aIp3NFGGU9dWm5X3Vw7z9776lFNPuJjB1G29ywH/662WwmqOfy6BRVLentY8lNUk,4.535683000000001,8.037127,33.199102,0,2591700,19.180548,Delay-insensitive,1,1.75
339900,aIp3NFGGU9dWm5X3Vw7z9776lFNPuJjB1G29ywH/662WwmqOfy6BRVLentY8lNUk,4.705997,5.700699,7.129295,0,2591700,19.180548,Delay-insensitive,1,1.75
340200,aIp3NFGGU9dWm5X3Vw7z9776lFNPuJjB1G29ywH/662WwmqOfy6BRVLentY8lNUk,4.629842,5.329632,6.346583,0,2591700,19.180548,Delay-insensitive,1,1.75
340500,aIp3NFGGU9dWm5X3Vw7z9776lFNPuJjB1G29ywH/662WwmqOfy6BRVLentY8lNUk,4.02284,5.372169,6.688891,0,2591700,19.180548,Delay-insensitive,1,1.75
340800,aIp3NFGGU9dWm5X3Vw7z9776lFNPuJjB1G29ywH/662WwmqOfy6BRVLentY8lNUk,4.039135,5.214362,6.801655,0,2591700,19.180548,Delay-insensitive,1,1.75
341100,aIp3NFGGU9dWm5X3Vw7z9776lFNPuJjB1G29ywH/662WwmqOfy6BRVLentY8lNUk,4.712365,5.507268,6.858341,0,2591700,19.180548,Delay-insensitive,1,1.75
341400,aIp3NFGGU9dWm5X3Vw7z9776lFNPuJjB1G29ywH/662WwmqOfy6BRVLentY8lNUk,4.72464,7.136457000000001,13.366196,0,2591700,19.180548,Delay-insensitive,1,1.75
341700,aIp3NFGGU9dWm5X3Vw7z9776lFNPuJjB1G29ywH/662WwmqOfy6BRVLentY8lNUk,4.103452,5.2121,6.857857000000001,0,2591700,19.180548,Delay-insensitive,1,1.75
342000,aIp3NFGGU9dWm5X3Vw7z9776lFNPuJjB1G29ywH/662WwmqOfy6BRVLentY8lNUk,4.894462,5.291914,6.151991000000001,0,2591700,19.180548,Delay-insensitive,1,1.75
342300,aIp3NFGGU9dWm5X3Vw7z9776lFNPuJjB1G29ywH/662WwmqOfy6BRVLentY8lNUk,4.199304,5.173346,6.881528,0,2591700,19.180548,Delay-insensitive,1,1.75
342600,aIp3NFGGU9dWm5X3Vw7z9776lFNPuJjB1G29ywH/662WwmqOfy6BRVLentY8lNUk,4.731712,5.610412,7.113103999999999,0,2591700,19.180548,Delay-insensitive,1,1.75
342900,aIp3NFGGU9dWm5X3Vw7z9776lFNPuJjB1G29ywH/662WwmqOfy6BRVLentY8lNUk,4.621939,5.188396,6.028819,0,2591700,19.180548,Delay-insensitive,1,1.75
343200,aIp3NFGGU9dWm5X3Vw7z9776lFNPuJjB1G29ywH/662WwmqOfy6BRVLentY8lNUk,4.567751,5.524754,7.065995,0,2591700,19.180548,Delay-insensitive,1,1.75
343500,aIp3NFGGU9dWm5X3Vw7z9776lFNPuJjB1G29ywH/662WwmqOfy6BRVLentY8lNUk,4.344955000000001,5.585408999999999,7.139228,0,2591700,19.180548,Delay-insensitive,1,1.75
343800,aIp3NFGGU9dWm5X3Vw7z9776lFNPuJjB1G29ywH/662WwmqOfy6BRVLentY8lNUk,4.691319,5.447588,6.831971,0,2591700,19.180548,Delay-insensitive,1,1.75
344100,aIp3NFGGU9dWm5X3Vw7z9776lFNPuJjB1G29ywH/662WwmqOfy6BRVLentY8lNUk,4.700813,5.463458,6.44575,0,2591700,19.180548,Delay-insensitive,1,1.75
344400,aIp3NFGGU9dWm5X3Vw7z9776lFNPuJjB1G29ywH/662WwmqOfy6BRVLentY8lNUk,4.099494,5.156406,6.630247,0,2591700,19.180548,Delay-insensitive,1,1.75
344700,aIp3NFGGU9dWm5X3Vw7z9776lFNPuJjB1G29ywH/662WwmqOfy6BRVLentY8lNUk,4.323827,4.999932,6.178866,0,2591700,19.180548,Delay-insensitive,1,1.75
345000,aIp3NFGGU9dWm5X3Vw7z9776lFNPuJjB1G29ywH/662WwmqOfy6BRVLentY8lNUk,3.442032,8.144748,26.746804,0,2591700,19.180548,Delay-insensitive,1,1.75
345300,aIp3NFGGU9dWm5X3Vw7z9776lFNPuJjB1G29ywH/662WwmqOfy6BRVLentY8lNUk,2.692137,4.20185,6.950753999999999,0,2591700,19.180548,Delay-insensitive,1,1.75
345600,aIp3NFGGU9dWm5X3Vw7z9776lFNPuJjB1G29ywH/662WwmqOfy6BRVLentY8lNUk,3.78862,4.547084,6.149076999999999,0,2591700,19.180548,Delay-insensitive,1,1.75
345900,aIp3NFGGU9dWm5X3Vw7z9776lFNPuJjB1G29ywH/662WwmqOfy6BRVLentY8lNUk,3.5088760000000003,4.584192,6.060628,0,2591700,19.180548,Delay-insensitive,1,1.75
346200,aIp3NFGGU9dWm5X3Vw7z9776lFNPuJjB1G29ywH/662WwmqOfy6BRVLentY8lNUk,3.87487,4.92204,7.257964,0,2591700,19.180548,Delay-insensitive,1,1.75
346500,aIp3NFGGU9dWm5X3Vw7z9776lFNPuJjB1G29ywH/662WwmqOfy6BRVLentY8lNUk,3.713194,5.26409,8.989894,0,2591700,19.180548,Delay-insensitive,1,1.75
346800,aIp3NFGGU9dWm5X3Vw7z9776lFNPuJjB1G29ywH/662WwmqOfy6BRVLentY8lNUk,3.838676,4.655688,6.759022,0,2591700,19.180548,Delay-insensitive,1,1.75
347100,aIp3NFGGU9dWm5X3Vw7z9776lFNPuJjB1G29ywH/662WwmqOfy6BRVLentY8lNUk,4.09764,4.745483999999999,7.680825,0,2591700,19.180548,Delay-insensitive,1,1.75
347400,aIp3NFGGU9dWm5X3Vw7z9776lFNPuJjB1G29ywH/662WwmqOfy6BRVLentY8lNUk,4.035593,5.097403,6.928386,0,2591700,19.180548,Delay-insensitive,1,1.75
347700,aIp3NFGGU9dWm5X3Vw7z9776lFNPuJjB1G29ywH/662WwmqOfy6BRVLentY8lNUk,4.089027,4.862458,6.988772,0,2591700,19.180548,Delay-insensitive,1,1.75
348000,aIp3NFGGU9dWm5X3Vw7z9776lFNPuJjB1G29ywH/662WwmqOfy6BRVLentY8lNUk,3.979192,4.974605,6.3768400000000005,0,2591700,19.180548,Delay-insensitive,1,1.75
348300,aIp3NFGGU9dWm5X3Vw7z9776lFNPuJjB1G29ywH/662WwmqOfy6BRVLentY8lNUk,4.493293,5.360443,7.338347,0,2591700,19.180548,Delay-insensitive,1,1.75
348600,aIp3NFGGU9dWm5X3Vw7z9776lFNPuJjB1G29ywH/662WwmqOfy6BRVLentY8lNUk,4.630319,5.521536,7.983036999999999,0,2591700,19.180548,Delay-insensitive,1,1.75
348900,aIp3NFGGU9dWm5X3Vw7z9776lFNPuJjB1G29ywH/662WwmqOfy6BRVLentY8lNUk,4.432144,5.405158,7.604682,0,2591700,19.180548,Delay-insensitive,1,1.75
349200,aIp3NFGGU9dWm5X3Vw7z9776lFNPuJjB1G29ywH/662WwmqOfy6BRVLentY8lNUk,4.635791,5.751258,7.970387,0,2591700,19.180548,Delay-insensitive,1,1.75
349500,aIp3NFGGU9dWm5X3Vw7z9776lFNPuJjB1G29ywH/662WwmqOfy6BRVLentY8lNUk,4.665705,5.4031400000000005,7.171355,0,2591700,19.180548,Delay-insensitive,1,1.75
349800,aIp3NFGGU9dWm5X3Vw7z9776lFNPuJjB1G29ywH/662WwmqOfy6BRVLentY8lNUk,4.839605000000001,5.387763,7.524424000000001,0,2591700,19.180548,Delay-insensitive,1,1.75
350100,aIp3NFGGU9dWm5X3Vw7z9776lFNPuJjB1G29ywH/662WwmqOfy6BRVLentY8lNUk,4.472269,5.490135,7.647941,0,2591700,19.180548,Delay-insensitive,1,1.75
350400,aIp3NFGGU9dWm5X3Vw7z9776lFNPuJjB1G29ywH/662WwmqOfy6BRVLentY8lNUk,4.560155,5.315353,7.512802000000001,0,2591700,19.180548,Delay-insensitive,1,1.75
350700,aIp3NFGGU9dWm5X3Vw7z9776lFNPuJjB1G29ywH/662WwmqOfy6BRVLentY8lNUk,4.472323,5.473121,6.939957000000001,0,2591700,19.180548,Delay-insensitive,1,1.75
351000,aIp3NFGGU9dWm5X3Vw7z9776lFNPuJjB1G29ywH/662WwmqOfy6BRVLentY8lNUk,4.411423,5.348113,7.017585,0,2591700,19.180548,Delay-insensitive,1,1.75
351300,aIp3NFGGU9dWm5X3Vw7z9776lFNPuJjB1G29ywH/662WwmqOfy6BRVLentY8lNUk,4.524744999999999,5.732191,7.509545,0,2591700,19.180548,Delay-insensitive,1,1.75
351600,aIp3NFGGU9dWm5X3Vw7z9776lFNPuJjB1G29ywH/662WwmqOfy6BRVLentY8lNUk,4.747795,5.526596,7.1878720000000005,0,2591700,19.180548,Delay-insensitive,1,1.75
351900,aIp3NFGGU9dWm5X3Vw7z9776lFNPuJjB1G29ywH/662WwmqOfy6BRVLentY8lNUk,4.640334999999999,5.742099,7.376859,0,2591700,19.180548,Delay-insensitive,1,1.75
352200,aIp3NFGGU9dWm5X3Vw7z9776lFNPuJjB1G29ywH/662WwmqOfy6BRVLentY8lNUk,4.429107,6.878360000000001,19.457386,0,2591700,19.180548,Delay-insensitive,1,1.75
352500,aIp3NFGGU9dWm5X3Vw7z9776lFNPuJjB1G29ywH/662WwmqOfy6BRVLentY8lNUk,4.595457,5.190363,6.182978,0,2591700,19.180548,Delay-insensitive,1,1.75
352800,aIp3NFGGU9dWm5X3Vw7z9776lFNPuJjB1G29ywH/662WwmqOfy6BRVLentY8lNUk,4.683544,5.374892,6.756996000000001,0,2591700,19.180548,Delay-insensitive,1,1.75
353100,aIp3NFGGU9dWm5X3Vw7z9776lFNPuJjB1G29ywH/662WwmqOfy6BRVLentY8lNUk,4.7604,5.390037,6.806285000000001,0,2591700,19.180548,Delay-insensitive,1,1.75
353400,aIp3NFGGU9dWm5X3Vw7z9776lFNPuJjB1G29ywH/662WwmqOfy6BRVLentY8lNUk,4.595683,5.364442,6.937314999999999,0,2591700,19.180548,Delay-insensitive,1,1.75
353700,aIp3NFGGU9dWm5X3Vw7z9776lFNPuJjB1G29ywH/662WwmqOfy6BRVLentY8lNUk,4.580417,5.421341,7.181404,0,2591700,19.180548,Delay-insensitive,1,1.75
354000,aIp3NFGGU9dWm5X3Vw7z9776lFNPuJjB1G29ywH/662WwmqOfy6BRVLentY8lNUk,3.708823,4.887156,6.076654,0,2591700,19.180548,Delay-insensitive,1,1.75
354300,aIp3NFGGU9dWm5X3Vw7z9776lFNPuJjB1G29ywH/662WwmqOfy6BRVLentY8lNUk,4.504983999999999,5.550498999999999,6.893748,0,2591700,19.180548,Delay-insensitive,1,1.75
354600,aIp3NFGGU9dWm5X3Vw7z9776lFNPuJjB1G29ywH/662WwmqOfy6BRVLentY8lNUk,5.014401,6.086684,9.059221,0,2591700,19.180548,Delay-insensitive,1,1.75
354900,aIp3NFGGU9dWm5X3Vw7z9776lFNPuJjB1G29ywH/662WwmqOfy6BRVLentY8lNUk,4.968113,5.670831,6.621442,0,2591700,19.180548,Delay-insensitive,1,1.75
355200,aIp3NFGGU9dWm5X3Vw7z9776lFNPuJjB1G29ywH/662WwmqOfy6BRVLentY8lNUk,4.827541,5.443373,6.915733,0,2591700,19.180548,Delay-insensitive,1,1.75
355500,aIp3NFGGU9dWm5X3Vw7z9776lFNPuJjB1G29ywH/662WwmqOfy6BRVLentY8lNUk,4.898126,5.923196,8.26405,0,2591700,19.180548,Delay-insensitive,1,1.75
355800,aIp3NFGGU9dWm5X3Vw7z9776lFNPuJjB1G29ywH/662WwmqOfy6BRVLentY8lNUk,4.584906,6.9241470000000005,17.381657999999998,0,2591700,19.180548,Delay-insensitive,1,1.75
356100,aIp3NFGGU9dWm5X3Vw7z9776lFNPuJjB1G29ywH/662WwmqOfy6BRVLentY8lNUk,4.766037,5.764162000000001,7.954948,0,2591700,19.180548,Delay-insensitive,1,1.75
356400,aIp3NFGGU9dWm5X3Vw7z9776lFNPuJjB1G29ywH/662WwmqOfy6BRVLentY8lNUk,4.671084,5.663953,7.463845,0,2591700,19.180548,Delay-insensitive,1,1.75
356700,aIp3NFGGU9dWm5X3Vw7z9776lFNPuJjB1G29ywH/662WwmqOfy6BRVLentY8lNUk,4.780681,5.498569,6.424752,0,2591700,19.180548,Delay-insensitive,1,1.75
357000,aIp3NFGGU9dWm5X3Vw7z9776lFNPuJjB1G29ywH/662WwmqOfy6BRVLentY8lNUk,4.76609,5.667722,7.376189,0,2591700,19.180548,Delay-insensitive,1,1.75
357300,aIp3NFGGU9dWm5X3Vw7z9776lFNPuJjB1G29ywH/662WwmqOfy6BRVLentY8lNUk,4.856398,5.895449,7.503535,0,2591700,19.180548,Delay-insensitive,1,1.75
357600,aIp3NFGGU9dWm5X3Vw7z9776lFNPuJjB1G29ywH/662WwmqOfy6BRVLentY8lNUk,4.387552,5.054011,6.2154370000000005,0,2591700,19.180548,Delay-insensitive,1,1.75
357900,aIp3NFGGU9dWm5X3Vw7z9776lFNPuJjB1G29ywH/662WwmqOfy6BRVLentY8lNUk,4.471019,5.598488,6.646273,0,2591700,19.180548,Delay-insensitive,1,1.75
358200,aIp3NFGGU9dWm5X3Vw7z9776lFNPuJjB1G29ywH/662WwmqOfy6BRVLentY8lNUk,4.668831,5.561562,7.721757000000001,0,2591700,19.180548,Delay-insensitive,1,1.75
358500,aIp3NFGGU9dWm5X3Vw7z9776lFNPuJjB1G29ywH/662WwmqOfy6BRVLentY8lNUk,3.644688,14.172629999999998,39.093086,0,2591700,19.180548,Delay-insensitive,1,1.75
358800,aIp3NFGGU9dWm5X3Vw7z9776lFNPuJjB1G29ywH/662WwmqOfy6BRVLentY8lNUk,4.470753,6.001526999999999,8.422832000000001,0,2591700,19.180548,Delay-insensitive,1,1.75
359100,aIp3NFGGU9dWm5X3Vw7z9776lFNPuJjB1G29ywH/662WwmqOfy6BRVLentY8lNUk,4.762106,5.569093,7.085856,0,2591700,19.180548,Delay-insensitive,1,1.75
359400,aIp3NFGGU9dWm5X3Vw7z9776lFNPuJjB1G29ywH/662WwmqOfy6BRVLentY8lNUk,4.541555000000001,5.273785,6.630332000000001,0,2591700,19.180548,Delay-insensitive,1,1.75
359700,aIp3NFGGU9dWm5X3Vw7z9776lFNPuJjB1G29ywH/662WwmqOfy6BRVLentY8lNUk,4.9095260000000005,5.8647860000000005,7.417027,0,2591700,19.180548,Delay-insensitive,1,1.75
360000,aIp3NFGGU9dWm5X3Vw7z9776lFNPuJjB1G29ywH/662WwmqOfy6BRVLentY8lNUk,4.984974,5.71202,6.946814,0,2591700,19.180548,Delay-insensitive,1,1.75
360300,aIp3NFGGU9dWm5X3Vw7z9776lFNPuJjB1G29ywH/662WwmqOfy6BRVLentY8lNUk,4.835268,5.525028,6.553947999999999,0,2591700,19.180548,Delay-insensitive,1,1.75
360600,aIp3NFGGU9dWm5X3Vw7z9776lFNPuJjB1G29ywH/662WwmqOfy6BRVLentY8lNUk,4.294704,5.783049,7.392504,0,2591700,19.180548,Delay-insensitive,1,1.75
360900,aIp3NFGGU9dWm5X3Vw7z9776lFNPuJjB1G29ywH/662WwmqOfy6BRVLentY8lNUk,4.7843,5.772842,7.270534,0,2591700,19.180548,Delay-insensitive,1,1.75
361200,aIp3NFGGU9dWm5X3Vw7z9776lFNPuJjB1G29ywH/662WwmqOfy6BRVLentY8lNUk,4.5668,6.290011,13.45682,0,2591700,19.180548,Delay-insensitive,1,1.75
361500,aIp3NFGGU9dWm5X3Vw7z9776lFNPuJjB1G29ywH/662WwmqOfy6BRVLentY8lNUk,4.814369999999999,5.711827,6.936078,0,2591700,19.180548,Delay-insensitive,1,1.75
361800,aIp3NFGGU9dWm5X3Vw7z9776lFNPuJjB1G29ywH/662WwmqOfy6BRVLentY8lNUk,4.747048,5.701556,7.289121000000001,0,2591700,19.180548,Delay-insensitive,1,1.75
362100,aIp3NFGGU9dWm5X3Vw7z9776lFNPuJjB1G29ywH/662WwmqOfy6BRVLentY8lNUk,4.621881,5.6000440000000005,7.358257000000001,0,2591700,19.180548,Delay-insensitive,1,1.75
362400,aIp3NFGGU9dWm5X3Vw7z9776lFNPuJjB1G29ywH/662WwmqOfy6BRVLentY8lNUk,4.891414,5.796193,7.621722,0,2591700,19.180548,Delay-insensitive,1,1.75
362700,aIp3NFGGU9dWm5X3Vw7z9776lFNPuJjB1G29ywH/662WwmqOfy6BRVLentY8lNUk,4.559986,5.759467,7.339558,0,2591700,19.180548,Delay-insensitive,1,1.75
363000,aIp3NFGGU9dWm5X3Vw7z9776lFNPuJjB1G29ywH/662WwmqOfy6BRVLentY8lNUk,4.951542,7.069683,20.722904,0,2591700,19.180548,Delay-insensitive,1,1.75
363300,aIp3NFGGU9dWm5X3Vw7z9776lFNPuJjB1G29ywH/662WwmqOfy6BRVLentY8lNUk,4.193092,5.754761,7.416459,0,2591700,19.180548,Delay-insensitive,1,1.75
363600,aIp3NFGGU9dWm5X3Vw7z9776lFNPuJjB1G29ywH/662WwmqOfy6BRVLentY8lNUk,4.797982,5.621414,7.146300999999999,0,2591700,19.180548,Delay-insensitive,1,1.75
363900,aIp3NFGGU9dWm5X3Vw7z9776lFNPuJjB1G29ywH/662WwmqOfy6BRVLentY8lNUk,4.739707,5.480637000000001,7.376409,0,2591700,19.180548,Delay-insensitive,1,1.75
364200,aIp3NFGGU9dWm5X3Vw7z9776lFNPuJjB1G29ywH/662WwmqOfy6BRVLentY8lNUk,4.639021,5.863448,7.535772,0,2591700,19.180548,Delay-insensitive,1,1.75
364500,aIp3NFGGU9dWm5X3Vw7z9776lFNPuJjB1G29ywH/662WwmqOfy6BRVLentY8lNUk,5.014577,5.734076,7.091407000000001,0,2591700,19.180548,Delay-insensitive,1,1.75
364800,aIp3NFGGU9dWm5X3Vw7z9776lFNPuJjB1G29ywH/662WwmqOfy6BRVLentY8lNUk,4.636075,5.492394,6.944135,0,2591700,19.180548,Delay-insensitive,1,1.75
365100,aIp3NFGGU9dWm5X3Vw7z9776lFNPuJjB1G29ywH/662WwmqOfy6BRVLentY8lNUk,5.092952,5.895322,7.355600999999999,0,2591700,19.180548,Delay-insensitive,1,1.75
365400,aIp3NFGGU9dWm5X3Vw7z9776lFNPuJjB1G29ywH/662WwmqOfy6BRVLentY8lNUk,5.050328,5.69744,6.893182,0,2591700,19.180548,Delay-insensitive,1,1.75
365700,aIp3NFGGU9dWm5X3Vw7z9776lFNPuJjB1G29ywH/662WwmqOfy6BRVLentY8lNUk,4.967901,5.686265000000001,6.324705000000001,0,2591700,19.180548,Delay-insensitive,1,1.75
366000,aIp3NFGGU9dWm5X3Vw7z9776lFNPuJjB1G29ywH/662WwmqOfy6BRVLentY8lNUk,5.2709410000000005,5.917804,7.532379,0,2591700,19.180548,Delay-insensitive,1,1.75
366300,aIp3NFGGU9dWm5X3Vw7z9776lFNPuJjB1G29ywH/662WwmqOfy6BRVLentY8lNUk,4.943741,5.657825,7.351708,0,2591700,19.180548,Delay-insensitive,1,1.75
366600,aIp3NFGGU9dWm5X3Vw7z9776lFNPuJjB1G29ywH/662WwmqOfy6BRVLentY8lNUk,4.722926999999999,7.57026,20.838234,0,2591700,19.180548,Delay-insensitive,1,1.75
366900,aIp3NFGGU9dWm5X3Vw7z9776lFNPuJjB1G29ywH/662WwmqOfy6BRVLentY8lNUk,4.630675,5.789058,8.552359,0,2591700,19.180548,Delay-insensitive,1,1.75
367200,aIp3NFGGU9dWm5X3Vw7z9776lFNPuJjB1G29ywH/662WwmqOfy6BRVLentY8lNUk,4.582802,5.443246,7.096415,0,2591700,19.180548,Delay-insensitive,1,1.75
367500,aIp3NFGGU9dWm5X3Vw7z9776lFNPuJjB1G29ywH/662WwmqOfy6BRVLentY8lNUk,4.657044,5.485018,7.255878999999999,0,2591700,19.180548,Delay-insensitive,1,1.75
367800,aIp3NFGGU9dWm5X3Vw7z9776lFNPuJjB1G29ywH/662WwmqOfy6BRVLentY8lNUk,5.0129470000000005,5.761883,7.429882000000001,0,2591700,19.180548,Delay-insensitive,1,1.75
368100,aIp3NFGGU9dWm5X3Vw7z9776lFNPuJjB1G29ywH/662WwmqOfy6BRVLentY8lNUk,4.858664,5.568324,7.188459,0,2591700,19.180548,Delay-insensitive,1,1.75
368400,aIp3NFGGU9dWm5X3Vw7z9776lFNPuJjB1G29ywH/662WwmqOfy6BRVLentY8lNUk,4.9967760000000006,5.699137,7.190527,0,2591700,19.180548,Delay-insensitive,1,1.75
368700,aIp3NFGGU9dWm5X3Vw7z9776lFNPuJjB1G29ywH/662WwmqOfy6BRVLentY8lNUk,4.90198,5.862703,8.08842,0,2591700,19.180548,Delay-insensitive,1,1.75
369000,aIp3NFGGU9dWm5X3Vw7z9776lFNPuJjB1G29ywH/662WwmqOfy6BRVLentY8lNUk,4.948493,5.654146,7.372051,0,2591700,19.180548,Delay-insensitive,1,1.75
369300,aIp3NFGGU9dWm5X3Vw7z9776lFNPuJjB1G29ywH/662WwmqOfy6BRVLentY8lNUk,4.912122,5.709830999999999,7.867699000000001,0,2591700,19.180548,Delay-insensitive,1,1.75
369600,aIp3NFGGU9dWm5X3Vw7z9776lFNPuJjB1G29ywH/662WwmqOfy6BRVLentY8lNUk,4.860688,5.683047,7.352585,0,2591700,19.180548,Delay-insensitive,1,1.75
369900,aIp3NFGGU9dWm5X3Vw7z9776lFNPuJjB1G29ywH/662WwmqOfy6BRVLentY8lNUk,4.723677,5.40356,7.157058999999999,0,2591700,19.180548,Delay-insensitive,1,1.75
370200,aIp3NFGGU9dWm5X3Vw7z9776lFNPuJjB1G29ywH/662WwmqOfy6BRVLentY8lNUk,4.8015870000000005,7.734713,26.04988,0,2591700,19.180548,Delay-insensitive,1,1.75
370500,aIp3NFGGU9dWm5X3Vw7z9776lFNPuJjB1G29ywH/662WwmqOfy6BRVLentY8lNUk,4.825121,5.848648000000001,7.434336999999999,0,2591700,19.180548,Delay-insensitive,1,1.75
370800,aIp3NFGGU9dWm5X3Vw7z9776lFNPuJjB1G29ywH/662WwmqOfy6BRVLentY8lNUk,4.905659,5.881309,8.324417,0,2591700,19.180548,Delay-insensitive,1,1.75
371100,aIp3NFGGU9dWm5X3Vw7z9776lFNPuJjB1G29ywH/662WwmqOfy6BRVLentY8lNUk,5.051037,5.843103,7.717699,0,2591700,19.180548,Delay-insensitive,1,1.75
371400,aIp3NFGGU9dWm5X3Vw7z9776lFNPuJjB1G29ywH/662WwmqOfy6BRVLentY8lNUk,4.009822,5.446095,6.947666000000001,0,2591700,19.180548,Delay-insensitive,1,1.75
371700,aIp3NFGGU9dWm5X3Vw7z9776lFNPuJjB1G29ywH/662WwmqOfy6BRVLentY8lNUk,4.7311,5.490124,6.65935,0,2591700,19.180548,Delay-insensitive,1,1.75
372000,aIp3NFGGU9dWm5X3Vw7z9776lFNPuJjB1G29ywH/662WwmqOfy6BRVLentY8lNUk,4.7714620000000005,5.87352,9.510451,0,2591700,19.180548,Delay-insensitive,1,1.75
372300,aIp3NFGGU9dWm5X3Vw7z9776lFNPuJjB1G29ywH/662WwmqOfy6BRVLentY8lNUk,4.917282,5.743644000000001,6.989678,0,2591700,19.180548,Delay-insensitive,1,1.75
372600,aIp3NFGGU9dWm5X3Vw7z9776lFNPuJjB1G29ywH/662WwmqOfy6BRVLentY8lNUk,5.097734,5.913991,8.736044,0,2591700,19.180548,Delay-insensitive,1,1.75
372900,aIp3NFGGU9dWm5X3Vw7z9776lFNPuJjB1G29ywH/662WwmqOfy6BRVLentY8lNUk,4.665867,5.49852,6.765950999999999,0,2591700,19.180548,Delay-insensitive,1,1.75
373200,aIp3NFGGU9dWm5X3Vw7z9776lFNPuJjB1G29ywH/662WwmqOfy6BRVLentY8lNUk,4.739832,5.650176,7.304003,0,2591700,19.180548,Delay-insensitive,1,1.75
373500,aIp3NFGGU9dWm5X3Vw7z9776lFNPuJjB1G29ywH/662WwmqOfy6BRVLentY8lNUk,4.006687,5.200468,6.397429,0,2591700,19.180548,Delay-insensitive,1,1.75
373800,aIp3NFGGU9dWm5X3Vw7z9776lFNPuJjB1G29ywH/662WwmqOfy6BRVLentY8lNUk,4.650180000000001,7.043017999999999,20.640898,0,2591700,19.180548,Delay-insensitive,1,1.75
374100,aIp3NFGGU9dWm5X3Vw7z9776lFNPuJjB1G29ywH/662WwmqOfy6BRVLentY8lNUk,4.948219,5.585703,7.418439,0,2591700,19.180548,Delay-insensitive,1,1.75
374400,aIp3NFGGU9dWm5X3Vw7z9776lFNPuJjB1G29ywH/662WwmqOfy6BRVLentY8lNUk,5.124493,5.469609999999999,6.281804,0,2591700,19.180548,Delay-insensitive,1,1.75
374700,aIp3NFGGU9dWm5X3Vw7z9776lFNPuJjB1G29ywH/662WwmqOfy6BRVLentY8lNUk,4.588586,6.1162,12.046376,0,2591700,19.180548,Delay-insensitive,1,1.75
375000,aIp3NFGGU9dWm5X3Vw7z9776lFNPuJjB1G29ywH/662WwmqOfy6BRVLentY8lNUk,4.6193230000000005,7.166799,22.067995,0,2591700,19.180548,Delay-insensitive,1,1.75
375300,aIp3NFGGU9dWm5X3Vw7z9776lFNPuJjB1G29ywH/662WwmqOfy6BRVLentY8lNUk,4.473226,5.141122,6.680441,0,2591700,19.180548,Delay-insensitive,1,1.75
375600,aIp3NFGGU9dWm5X3Vw7z9776lFNPuJjB1G29ywH/662WwmqOfy6BRVLentY8lNUk,4.280598,5.361476000000001,7.097028,0,2591700,19.180548,Delay-insensitive,1,1.75
375900,aIp3NFGGU9dWm5X3Vw7z9776lFNPuJjB1G29ywH/662WwmqOfy6BRVLentY8lNUk,4.927816,5.819868,7.158731,0,2591700,19.180548,Delay-insensitive,1,1.75
376200,aIp3NFGGU9dWm5X3Vw7z9776lFNPuJjB1G29ywH/662WwmqOfy6BRVLentY8lNUk,3.812398,5.397712,6.534303,0,2591700,19.180548,Delay-insensitive,1,1.75
376500,aIp3NFGGU9dWm5X3Vw7z9776lFNPuJjB1G29ywH/662WwmqOfy6BRVLentY8lNUk,4.867901,5.711999,7.182557000000001,0,2591700,19.180548,Delay-insensitive,1,1.75
376800,aIp3NFGGU9dWm5X3Vw7z9776lFNPuJjB1G29ywH/662WwmqOfy6BRVLentY8lNUk,4.710068,7.149795,21.411306,0,2591700,19.180548,Delay-insensitive,1,1.75
377100,aIp3NFGGU9dWm5X3Vw7z9776lFNPuJjB1G29ywH/662WwmqOfy6BRVLentY8lNUk,4.832493,5.761772000000001,8.328174,0,2591700,19.180548,Delay-insensitive,1,1.75
377400,aIp3NFGGU9dWm5X3Vw7z9776lFNPuJjB1G29ywH/662WwmqOfy6BRVLentY8lNUk,4.895136,7.46951,22.149076,0,2591700,19.180548,Delay-insensitive,1,1.75
377700,aIp3NFGGU9dWm5X3Vw7z9776lFNPuJjB1G29ywH/662WwmqOfy6BRVLentY8lNUk,4.387339,9.12218,41.583545,0,2591700,19.180548,Delay-insensitive,1,1.75
378000,aIp3NFGGU9dWm5X3Vw7z9776lFNPuJjB1G29ywH/662WwmqOfy6BRVLentY8lNUk,4.74175,5.489139,6.831506,0,2591700,19.180548,Delay-insensitive,1,1.75
378300,aIp3NFGGU9dWm5X3Vw7z9776lFNPuJjB1G29ywH/662WwmqOfy6BRVLentY8lNUk,4.731644,5.698086,7.295667999999999,0,2591700,19.180548,Delay-insensitive,1,1.75
378600,aIp3NFGGU9dWm5X3Vw7z9776lFNPuJjB1G29ywH/662WwmqOfy6BRVLentY8lNUk,4.654755000000001,5.482049,7.328472,0,2591700,19.180548,Delay-insensitive,1,1.75
378900,aIp3NFGGU9dWm5X3Vw7z9776lFNPuJjB1G29ywH/662WwmqOfy6BRVLentY8lNUk,4.790883,6.997783,18.811243,0,2591700,19.180548,Delay-insensitive,1,1.75
379200,aIp3NFGGU9dWm5X3Vw7z9776lFNPuJjB1G29ywH/662WwmqOfy6BRVLentY8lNUk,4.651147,5.54828,7.761696000000001,0,2591700,19.180548,Delay-insensitive,1,1.75
379500,aIp3NFGGU9dWm5X3Vw7z9776lFNPuJjB1G29ywH/662WwmqOfy6BRVLentY8lNUk,4.66361,5.703248,8.105172,0,2591700,19.180548,Delay-insensitive,1,1.75
379800,aIp3NFGGU9dWm5X3Vw7z9776lFNPuJjB1G29ywH/662WwmqOfy6BRVLentY8lNUk,4.711655,5.607267,7.11395,0,2591700,19.180548,Delay-insensitive,1,1.75
380100,aIp3NFGGU9dWm5X3Vw7z9776lFNPuJjB1G29ywH/662WwmqOfy6BRVLentY8lNUk,4.75817,6.028633999999999,8.930052,0,2591700,19.180548,Delay-insensitive,1,1.75
380400,aIp3NFGGU9dWm5X3Vw7z9776lFNPuJjB1G29ywH/662WwmqOfy6BRVLentY8lNUk,4.275831,7.656363000000001,27.076591,0,2591700,19.180548,Delay-insensitive,1,1.75
380700,aIp3NFGGU9dWm5X3Vw7z9776lFNPuJjB1G29ywH/662WwmqOfy6BRVLentY8lNUk,4.180115,5.074161,6.937125,0,2591700,19.180548,Delay-insensitive,1,1.75
381000,aIp3NFGGU9dWm5X3Vw7z9776lFNPuJjB1G29ywH/662WwmqOfy6BRVLentY8lNUk,3.234869,8.894874,22.804768,0,2591700,19.180548,Delay-insensitive,1,1.75
381300,aIp3NFGGU9dWm5X3Vw7z9776lFNPuJjB1G29ywH/662WwmqOfy6BRVLentY8lNUk,4.328023,5.277997,8.013077000000001,0,2591700,19.180548,Delay-insensitive,1,1.75
381600,aIp3NFGGU9dWm5X3Vw7z9776lFNPuJjB1G29ywH/662WwmqOfy6BRVLentY8lNUk,4.451854,6.340642,12.93584,0,2591700,19.180548,Delay-insensitive,1,1.75
381900,aIp3NFGGU9dWm5X3Vw7z9776lFNPuJjB1G29ywH/662WwmqOfy6BRVLentY8lNUk,4.438349,5.1951220000000005,6.1144300000000005,0,2591700,19.180548,Delay-insensitive,1,1.75
382200,aIp3NFGGU9dWm5X3Vw7z9776lFNPuJjB1G29ywH/662WwmqOfy6BRVLentY8lNUk,4.716067,5.733061,8.377267,0,2591700,19.180548,Delay-insensitive,1,1.75
382500,aIp3NFGGU9dWm5X3Vw7z9776lFNPuJjB1G29ywH/662WwmqOfy6BRVLentY8lNUk,4.465006,5.58097,6.87021,0,2591700,19.180548,Delay-insensitive,1,1.75
382800,aIp3NFGGU9dWm5X3Vw7z9776lFNPuJjB1G29ywH/662WwmqOfy6BRVLentY8lNUk,4.612016000000001,6.217354,10.700158,0,2591700,19.180548,Delay-insensitive,1,1.75
383100,aIp3NFGGU9dWm5X3Vw7z9776lFNPuJjB1G29ywH/662WwmqOfy6BRVLentY8lNUk,4.751827,8.232228,33.546166,0,2591700,19.180548,Delay-insensitive,1,1.75
383400,aIp3NFGGU9dWm5X3Vw7z9776lFNPuJjB1G29ywH/662WwmqOfy6BRVLentY8lNUk,4.822595,5.664034,7.23462,0,2591700,19.180548,Delay-insensitive,1,1.75
383700,aIp3NFGGU9dWm5X3Vw7z9776lFNPuJjB1G29ywH/662WwmqOfy6BRVLentY8lNUk,4.946648000000001,5.8767,7.323589,0,2591700,19.180548,Delay-insensitive,1,1.75
384000,aIp3NFGGU9dWm5X3Vw7z9776lFNPuJjB1G29ywH/662WwmqOfy6BRVLentY8lNUk,4.609184,5.597475,7.080481,0,2591700,19.180548,Delay-insensitive,1,1.75
384300,aIp3NFGGU9dWm5X3Vw7z9776lFNPuJjB1G29ywH/662WwmqOfy6BRVLentY8lNUk,4.993261,5.930315,7.955983,0,2591700,19.180548,Delay-insensitive,1,1.75
384600,aIp3NFGGU9dWm5X3Vw7z9776lFNPuJjB1G29ywH/662WwmqOfy6BRVLentY8lNUk,4.772831,7.215045,21.712163,0,2591700,19.180548,Delay-insensitive,1,1.75
384900,aIp3NFGGU9dWm5X3Vw7z9776lFNPuJjB1G29ywH/662WwmqOfy6BRVLentY8lNUk,4.836441000000001,5.821349,8.994261999999999,0,2591700,19.180548,Delay-insensitive,1,1.75
385200,aIp3NFGGU9dWm5X3Vw7z9776lFNPuJjB1G29ywH/662WwmqOfy6BRVLentY8lNUk,4.774814,5.676321,7.189947999999999,0,2591700,19.180548,Delay-insensitive,1,1.75
385500,aIp3NFGGU9dWm5X3Vw7z9776lFNPuJjB1G29ywH/662WwmqOfy6BRVLentY8lNUk,4.639374,5.681447,7.490550999999999,0,2591700,19.180548,Delay-insensitive,1,1.75
385800,aIp3NFGGU9dWm5X3Vw7z9776lFNPuJjB1G29ywH/662WwmqOfy6BRVLentY8lNUk,4.953344,7.772471,27.094108,0,2591700,19.180548,Delay-insensitive,1,1.75
386100,aIp3NFGGU9dWm5X3Vw7z9776lFNPuJjB1G29ywH/662WwmqOfy6BRVLentY8lNUk,4.8407230000000006,5.4327190000000005,6.611249000000001,0,2591700,19.180548,Delay-insensitive,1,1.75
386400,aIp3NFGGU9dWm5X3Vw7z9776lFNPuJjB1G29ywH/662WwmqOfy6BRVLentY8lNUk,4.684882,5.640753,7.818467999999999,0,2591700,19.180548,Delay-insensitive,1,1.75
386700,aIp3NFGGU9dWm5X3Vw7z9776lFNPuJjB1G29ywH/662WwmqOfy6BRVLentY8lNUk,4.4667900000000005,5.345437,6.141552,0,2591700,19.180548,Delay-insensitive,1,1.75
387000,aIp3NFGGU9dWm5X3Vw7z9776lFNPuJjB1G29ywH/662WwmqOfy6BRVLentY8lNUk,4.556598,5.4873080000000005,7.259380999999999,0,2591700,19.180548,Delay-insensitive,1,1.75
387300,aIp3NFGGU9dWm5X3Vw7z9776lFNPuJjB1G29ywH/662WwmqOfy6BRVLentY8lNUk,4.992494000000001,15.081263,39.572026,0,2591700,19.180548,Delay-insensitive,1,1.75
387600,aIp3NFGGU9dWm5X3Vw7z9776lFNPuJjB1G29ywH/662WwmqOfy6BRVLentY8lNUk,4.473555,5.96174,8.775722,0,2591700,19.180548,Delay-insensitive,1,1.75
387900,aIp3NFGGU9dWm5X3Vw7z9776lFNPuJjB1G29ywH/662WwmqOfy6BRVLentY8lNUk,4.472909,5.405762,7.268852000000001,0,2591700,19.180548,Delay-insensitive,1,1.75
388200,aIp3NFGGU9dWm5X3Vw7z9776lFNPuJjB1G29ywH/662WwmqOfy6BRVLentY8lNUk,4.55353,6.660369,17.038321,0,2591700,19.180548,Delay-insensitive,1,1.75
388500,aIp3NFGGU9dWm5X3Vw7z9776lFNPuJjB1G29ywH/662WwmqOfy6BRVLentY8lNUk,4.392618,7.935844,28.987075,0,2591700,19.180548,Delay-insensitive,1,1.75
388800,aIp3NFGGU9dWm5X3Vw7z9776lFNPuJjB1G29ywH/662WwmqOfy6BRVLentY8lNUk,3.995197,4.90606,6.660665,0,2591700,19.180548,Delay-insensitive,1,1.75
389100,aIp3NFGGU9dWm5X3Vw7z9776lFNPuJjB1G29ywH/662WwmqOfy6BRVLentY8lNUk,3.654117,4.870665,6.505804,0,2591700,19.180548,Delay-insensitive,1,1.75
389400,aIp3NFGGU9dWm5X3Vw7z9776lFNPuJjB1G29ywH/662WwmqOfy6BRVLentY8lNUk,4.1419120000000005,4.9993050000000006,6.789405,0,2591700,19.180548,Delay-insensitive,1,1.75
389700,aIp3NFGGU9dWm5X3Vw7z9776lFNPuJjB1G29ywH/662WwmqOfy6BRVLentY8lNUk,4.229106,5.117099,7.283361,0,2591700,19.180548,Delay-insensitive,1,1.75
390000,aIp3NFGGU9dWm5X3Vw7z9776lFNPuJjB1G29ywH/662WwmqOfy6BRVLentY8lNUk,4.109649,4.760635,6.15934,0,2591700,19.180548,Delay-insensitive,1,1.75
390300,aIp3NFGGU9dWm5X3Vw7z9776lFNPuJjB1G29ywH/662WwmqOfy6BRVLentY8lNUk,4.204187999999999,5.11835,6.378959,0,2591700,19.180548,Delay-insensitive,1,1.75
390600,aIp3NFGGU9dWm5X3Vw7z9776lFNPuJjB1G29ywH/662WwmqOfy6BRVLentY8lNUk,3.938175,4.884047,6.106038,0,2591700,19.180548,Delay-insensitive,1,1.75
390900,aIp3NFGGU9dWm5X3Vw7z9776lFNPuJjB1G29ywH/662WwmqOfy6BRVLentY8lNUk,4.297862,5.400288,7.559778999999999,0,2591700,19.180548,Delay-insensitive,1,1.75
391200,aIp3NFGGU9dWm5X3Vw7z9776lFNPuJjB1G29ywH/662WwmqOfy6BRVLentY8lNUk,4.193267,5.038403,6.3138760000000005,0,2591700,19.180548,Delay-insensitive,1,1.75
391500,aIp3NFGGU9dWm5X3Vw7z9776lFNPuJjB1G29ywH/662WwmqOfy6BRVLentY8lNUk,4.518395,5.110780999999999,6.570511,0,2591700,19.180548,Delay-insensitive,1,1.75
391800,aIp3NFGGU9dWm5X3Vw7z9776lFNPuJjB1G29ywH/662WwmqOfy6BRVLentY8lNUk,4.274836,6.734398,20.069331,0,2591700,19.180548,Delay-insensitive,1,1.75
392100,aIp3NFGGU9dWm5X3Vw7z9776lFNPuJjB1G29ywH/662WwmqOfy6BRVLentY8lNUk,4.445865,5.366336,6.801558,0,2591700,19.180548,Delay-insensitive,1,1.75
392400,aIp3NFGGU9dWm5X3Vw7z9776lFNPuJjB1G29ywH/662WwmqOfy6BRVLentY8lNUk,4.073498000000001,5.141382,5.789335,0,2591700,19.180548,Delay-insensitive,1,1.75
392700,aIp3NFGGU9dWm5X3Vw7z9776lFNPuJjB1G29ywH/662WwmqOfy6BRVLentY8lNUk,4.357594000000001,5.172045,6.555064,0,2591700,19.180548,Delay-insensitive,1,1.75
393000,aIp3NFGGU9dWm5X3Vw7z9776lFNPuJjB1G29ywH/662WwmqOfy6BRVLentY8lNUk,4.498945,5.485985,7.013892,0,2591700,19.180548,Delay-insensitive,1,1.75
393300,aIp3NFGGU9dWm5X3Vw7z9776lFNPuJjB1G29ywH/662WwmqOfy6BRVLentY8lNUk,4.538924,5.257738,6.723911,0,2591700,19.180548,Delay-insensitive,1,1.75
393600,aIp3NFGGU9dWm5X3Vw7z9776lFNPuJjB1G29ywH/662WwmqOfy6BRVLentY8lNUk,4.460255999999999,4.903972,6.127925,0,2591700,19.180548,Delay-insensitive,1,1.75
393900,aIp3NFGGU9dWm5X3Vw7z9776lFNPuJjB1G29ywH/662WwmqOfy6BRVLentY8lNUk,4.365764,5.352128,7.180598,0,2591700,19.180548,Delay-insensitive,1,1.75
394200,aIp3NFGGU9dWm5X3Vw7z9776lFNPuJjB1G29ywH/662WwmqOfy6BRVLentY8lNUk,4.615124,5.628535,7.249874,0,2591700,19.180548,Delay-insensitive,1,1.75
394500,aIp3NFGGU9dWm5X3Vw7z9776lFNPuJjB1G29ywH/662WwmqOfy6BRVLentY8lNUk,3.344329,4.598937,5.891041,0,2591700,19.180548,Delay-insensitive,1,1.75
394800,aIp3NFGGU9dWm5X3Vw7z9776lFNPuJjB1G29ywH/662WwmqOfy6BRVLentY8lNUk,4.352743,5.145867,7.579478,0,2591700,19.180548,Delay-insensitive,1,1.75
395100,aIp3NFGGU9dWm5X3Vw7z9776lFNPuJjB1G29ywH/662WwmqOfy6BRVLentY8lNUk,3.4688220000000003,4.956818,6.135928,0,2591700,19.180548,Delay-insensitive,1,1.75
395400,aIp3NFGGU9dWm5X3Vw7z9776lFNPuJjB1G29ywH/662WwmqOfy6BRVLentY8lNUk,4.386017,6.461204,19.298709,0,2591700,19.180548,Delay-insensitive,1,1.75
395700,aIp3NFGGU9dWm5X3Vw7z9776lFNPuJjB1G29ywH/662WwmqOfy6BRVLentY8lNUk,3.757488,5.020042,6.956150999999999,0,2591700,19.180548,Delay-insensitive,1,1.75
396000,aIp3NFGGU9dWm5X3Vw7z9776lFNPuJjB1G29ywH/662WwmqOfy6BRVLentY8lNUk,4.071401,4.880057,6.065356,0,2591700,19.180548,Delay-insensitive,1,1.75
396300,aIp3NFGGU9dWm5X3Vw7z9776lFNPuJjB1G29ywH/662WwmqOfy6BRVLentY8lNUk,4.188,4.674003,5.879373,0,2591700,19.180548,Delay-insensitive,1,1.75
396600,aIp3NFGGU9dWm5X3Vw7z9776lFNPuJjB1G29ywH/662WwmqOfy6BRVLentY8lNUk,4.598216000000001,5.42346,7.273425,0,2591700,19.180548,Delay-insensitive,1,1.75
396900,aIp3NFGGU9dWm5X3Vw7z9776lFNPuJjB1G29ywH/662WwmqOfy6BRVLentY8lNUk,4.605328,5.29265,6.57655,0,2591700,19.180548,Delay-insensitive,1,1.75
397200,aIp3NFGGU9dWm5X3Vw7z9776lFNPuJjB1G29ywH/662WwmqOfy6BRVLentY8lNUk,3.622742,5.135697,6.602583999999999,0,2591700,19.180548,Delay-insensitive,1,1.75
397500,aIp3NFGGU9dWm5X3Vw7z9776lFNPuJjB1G29ywH/662WwmqOfy6BRVLentY8lNUk,4.5937470000000005,5.583197,7.180591000000001,0,2591700,19.180548,Delay-insensitive,1,1.75
397800,aIp3NFGGU9dWm5X3Vw7z9776lFNPuJjB1G29ywH/662WwmqOfy6BRVLentY8lNUk,4.64055,5.985671,12.879515,0,2591700,19.180548,Delay-insensitive,1,1.75
398100,aIp3NFGGU9dWm5X3Vw7z9776lFNPuJjB1G29ywH/662WwmqOfy6BRVLentY8lNUk,4.514094999999999,5.26816,6.596563000000001,0,2591700,19.180548,Delay-insensitive,1,1.75
398400,aIp3NFGGU9dWm5X3Vw7z9776lFNPuJjB1G29ywH/662WwmqOfy6BRVLentY8lNUk,4.481217,5.342855999999999,7.0834660000000005,0,2591700,19.180548,Delay-insensitive,1,1.75
398700,aIp3NFGGU9dWm5X3Vw7z9776lFNPuJjB1G29ywH/662WwmqOfy6BRVLentY8lNUk,4.48464,5.247738,6.905579,0,2591700,19.180548,Delay-insensitive,1,1.75
399000,aIp3NFGGU9dWm5X3Vw7z9776lFNPuJjB1G29ywH/662WwmqOfy6BRVLentY8lNUk,3.791285,6.477313,20.291087,0,2591700,19.180548,Delay-insensitive,1,1.75
399300,aIp3NFGGU9dWm5X3Vw7z9776lFNPuJjB1G29ywH/662WwmqOfy6BRVLentY8lNUk,4.250202,5.24288,7.115689,0,2591700,19.180548,Delay-insensitive,1,1.75
399600,aIp3NFGGU9dWm5X3Vw7z9776lFNPuJjB1G29ywH/662WwmqOfy6BRVLentY8lNUk,3.634837,4.822587,6.389649,0,2591700,19.180548,Delay-insensitive,1,1.75
399900,aIp3NFGGU9dWm5X3Vw7z9776lFNPuJjB1G29ywH/662WwmqOfy6BRVLentY8lNUk,4.25164,5.048168,6.464599,0,2591700,19.180548,Delay-insensitive,1,1.75
400200,aIp3NFGGU9dWm5X3Vw7z9776lFNPuJjB1G29ywH/662WwmqOfy6BRVLentY8lNUk,4.576507,5.28461,7.064425,0,2591700,19.180548,Delay-insensitive,1,1.75
400500,aIp3NFGGU9dWm5X3Vw7z9776lFNPuJjB1G29ywH/662WwmqOfy6BRVLentY8lNUk,4.482378,5.779712,10.269497,0,2591700,19.180548,Delay-insensitive,1,1.75
400800,aIp3NFGGU9dWm5X3Vw7z9776lFNPuJjB1G29ywH/662WwmqOfy6BRVLentY8lNUk,4.309115,5.119575,6.978955,0,2591700,19.180548,Delay-insensitive,1,1.75
401100,aIp3NFGGU9dWm5X3Vw7z9776lFNPuJjB1G29ywH/662WwmqOfy6BRVLentY8lNUk,3.241452,5.095235,7.288191,0,2591700,19.180548,Delay-insensitive,1,1.75
401400,aIp3NFGGU9dWm5X3Vw7z9776lFNPuJjB1G29ywH/662WwmqOfy6BRVLentY8lNUk,3.837545,4.805301999999999,5.7958940000000005,0,2591700,19.180548,Delay-insensitive,1,1.75
401700,aIp3NFGGU9dWm5X3Vw7z9776lFNPuJjB1G29ywH/662WwmqOfy6BRVLentY8lNUk,4.428425,5.163797,6.3960550000000005,0,2591700,19.180548,Delay-insensitive,1,1.75
402000,aIp3NFGGU9dWm5X3Vw7z9776lFNPuJjB1G29ywH/662WwmqOfy6BRVLentY8lNUk,4.450666,5.364453,7.074371000000001,0,2591700,19.180548,Delay-insensitive,1,1.75
402300,aIp3NFGGU9dWm5X3Vw7z9776lFNPuJjB1G29ywH/662WwmqOfy6BRVLentY8lNUk,3.413351,5.002224,6.943225,0,2591700,19.180548,Delay-insensitive,1,1.75
402600,aIp3NFGGU9dWm5X3Vw7z9776lFNPuJjB1G29ywH/662WwmqOfy6BRVLentY8lNUk,4.024744999999999,7.02153,20.842743,0,2591700,19.180548,Delay-insensitive,1,1.75
402900,aIp3NFGGU9dWm5X3Vw7z9776lFNPuJjB1G29ywH/662WwmqOfy6BRVLentY8lNUk,4.4954480000000006,5.484555,6.7075190000000005,0,2591700,19.180548,Delay-insensitive,1,1.75
403200,aIp3NFGGU9dWm5X3Vw7z9776lFNPuJjB1G29ywH/662WwmqOfy6BRVLentY8lNUk,3.634287,4.922257,6.401999,0,2591700,19.180548,Delay-insensitive,1,1.75
403500,aIp3NFGGU9dWm5X3Vw7z9776lFNPuJjB1G29ywH/662WwmqOfy6BRVLentY8lNUk,4.4433050000000005,5.308221,7.149261999999999,0,2591700,19.180548,Delay-insensitive,1,1.75
403800,aIp3NFGGU9dWm5X3Vw7z9776lFNPuJjB1G29ywH/662WwmqOfy6BRVLentY8lNUk,4.246305,5.449811,7.208352,0,2591700,19.180548,Delay-insensitive,1,1.75
404100,aIp3NFGGU9dWm5X3Vw7z9776lFNPuJjB1G29ywH/662WwmqOfy6BRVLentY8lNUk,4.45491,5.2309220000000005,7.234339,0,2591700,19.180548,Delay-insensitive,1,1.75
404400,aIp3NFGGU9dWm5X3Vw7z9776lFNPuJjB1G29ywH/662WwmqOfy6BRVLentY8lNUk,3.159608,5.005329,7.301274,0,2591700,19.180548,Delay-insensitive,1,1.75
404700,aIp3NFGGU9dWm5X3Vw7z9776lFNPuJjB1G29ywH/662WwmqOfy6BRVLentY8lNUk,4.727232,5.496366,7.076627,0,2591700,19.180548,Delay-insensitive,1,1.75
405000,aIp3NFGGU9dWm5X3Vw7z9776lFNPuJjB1G29ywH/662WwmqOfy6BRVLentY8lNUk,3.075559,5.134509,7.710472,0,2591700,19.180548,Delay-insensitive,1,1.75
405300,aIp3NFGGU9dWm5X3Vw7z9776lFNPuJjB1G29ywH/662WwmqOfy6BRVLentY8lNUk,4.283004,5.199301999999999,7.011342999999999,0,2591700,19.180548,Delay-insensitive,1,1.75
405600,aIp3NFGGU9dWm5X3Vw7z9776lFNPuJjB1G29ywH/662WwmqOfy6BRVLentY8lNUk,4.311842,5.280216,6.423455000000001,0,2591700,19.180548,Delay-insensitive,1,1.75
405900,aIp3NFGGU9dWm5X3Vw7z9776lFNPuJjB1G29ywH/662WwmqOfy6BRVLentY8lNUk,3.015382,4.877689,6.167892,0,2591700,19.180548,Delay-insensitive,1,1.75
406200,aIp3NFGGU9dWm5X3Vw7z9776lFNPuJjB1G29ywH/662WwmqOfy6BRVLentY8lNUk,4.551414,5.737461,8.575489,0,2591700,19.180548,Delay-insensitive,1,1.75
406500,aIp3NFGGU9dWm5X3Vw7z9776lFNPuJjB1G29ywH/662WwmqOfy6BRVLentY8lNUk,3.0087650000000004,6.173801999999999,17.531084,0,2591700,19.180548,Delay-insensitive,1,1.75
406800,aIp3NFGGU9dWm5X3Vw7z9776lFNPuJjB1G29ywH/662WwmqOfy6BRVLentY8lNUk,4.0198730000000005,4.937859,7.137845,0,2591700,19.180548,Delay-insensitive,1,1.75
407100,aIp3NFGGU9dWm5X3Vw7z9776lFNPuJjB1G29ywH/662WwmqOfy6BRVLentY8lNUk,2.863594,4.929451,6.967548,0,2591700,19.180548,Delay-insensitive,1,1.75
407400,aIp3NFGGU9dWm5X3Vw7z9776lFNPuJjB1G29ywH/662WwmqOfy6BRVLentY8lNUk,4.38888,5.421435,7.132011,0,2591700,19.180548,Delay-insensitive,1,1.75
407700,aIp3NFGGU9dWm5X3Vw7z9776lFNPuJjB1G29ywH/662WwmqOfy6BRVLentY8lNUk,3.526885,4.981902,6.540039,0,2591700,19.180548,Delay-insensitive,1,1.75
408000,aIp3NFGGU9dWm5X3Vw7z9776lFNPuJjB1G29ywH/662WwmqOfy6BRVLentY8lNUk,3.165765,4.944616000000001,6.777692999999999,0,2591700,19.180548,Delay-insensitive,1,1.75
408300,aIp3NFGGU9dWm5X3Vw7z9776lFNPuJjB1G29ywH/662WwmqOfy6BRVLentY8lNUk,4.382599,5.24935,7.292049,0,2591700,19.180548,Delay-insensitive,1,1.75
408600,aIp3NFGGU9dWm5X3Vw7z9776lFNPuJjB1G29ywH/662WwmqOfy6BRVLentY8lNUk,3.473202,4.795498,7.143039999999999,0,2591700,19.180548,Delay-insensitive,1,1.75
408900,aIp3NFGGU9dWm5X3Vw7z9776lFNPuJjB1G29ywH/662WwmqOfy6BRVLentY8lNUk,4.254332,5.171966,6.84848,0,2591700,19.180548,Delay-insensitive,1,1.75
409200,aIp3NFGGU9dWm5X3Vw7z9776lFNPuJjB1G29ywH/662WwmqOfy6BRVLentY8lNUk,4.130111,4.801124,5.918201,0,2591700,19.180548,Delay-insensitive,1,1.75
409500,aIp3NFGGU9dWm5X3Vw7z9776lFNPuJjB1G29ywH/662WwmqOfy6BRVLentY8lNUk,4.571105,5.217651,6.251553,0,2591700,19.180548,Delay-insensitive,1,1.75
409800,aIp3NFGGU9dWm5X3Vw7z9776lFNPuJjB1G29ywH/662WwmqOfy6BRVLentY8lNUk,4.375675,5.630224,10.434712,0,2591700,19.180548,Delay-insensitive,1,1.75
410100,aIp3NFGGU9dWm5X3Vw7z9776lFNPuJjB1G29ywH/662WwmqOfy6BRVLentY8lNUk,4.756924,7.187775,22.120418,0,2591700,19.180548,Delay-insensitive,1,1.75
410400,aIp3NFGGU9dWm5X3Vw7z9776lFNPuJjB1G29ywH/662WwmqOfy6BRVLentY8lNUk,3.5012870000000005,5.030689,6.432265,0,2591700,19.180548,Delay-insensitive,1,1.75
410700,aIp3NFGGU9dWm5X3Vw7z9776lFNPuJjB1G29ywH/662WwmqOfy6BRVLentY8lNUk,4.369649,6.201662000000001,16.387165,0,2591700,19.180548,Delay-insensitive,1,1.75
411000,aIp3NFGGU9dWm5X3Vw7z9776lFNPuJjB1G29ywH/662WwmqOfy6BRVLentY8lNUk,4.748443,5.294497,7.155999,0,2591700,19.180548,Delay-insensitive,1,1.75
411300,aIp3NFGGU9dWm5X3Vw7z9776lFNPuJjB1G29ywH/662WwmqOfy6BRVLentY8lNUk,3.431357,5.000542,6.42823,0,2591700,19.180548,Delay-insensitive,1,1.75
411600,aIp3NFGGU9dWm5X3Vw7z9776lFNPuJjB1G29ywH/662WwmqOfy6BRVLentY8lNUk,4.2429,5.252808,7.529566,0,2591700,19.180548,Delay-insensitive,1,1.75
411900,aIp3NFGGU9dWm5X3Vw7z9776lFNPuJjB1G29ywH/662WwmqOfy6BRVLentY8lNUk,4.435616,6.100466,16.830420999999998,0,2591700,19.180548,Delay-insensitive,1,1.75
412200,aIp3NFGGU9dWm5X3Vw7z9776lFNPuJjB1G29ywH/662WwmqOfy6BRVLentY8lNUk,4.673246,5.536308,6.132529,0,2591700,19.180548,Delay-insensitive,1,1.75
412500,aIp3NFGGU9dWm5X3Vw7z9776lFNPuJjB1G29ywH/662WwmqOfy6BRVLentY8lNUk,4.488544999999999,5.179432,6.425385,0,2591700,19.180548,Delay-insensitive,1,1.75
412800,aIp3NFGGU9dWm5X3Vw7z9776lFNPuJjB1G29ywH/662WwmqOfy6BRVLentY8lNUk,4.64872,5.324714,6.853405,0,2591700,19.180548,Delay-insensitive,1,1.75
413100,aIp3NFGGU9dWm5X3Vw7z9776lFNPuJjB1G29ywH/662WwmqOfy6BRVLentY8lNUk,4.336668,6.676092,19.139304,0,2591700,19.180548,Delay-insensitive,1,1.75
413400,aIp3NFGGU9dWm5X3Vw7z9776lFNPuJjB1G29ywH/662WwmqOfy6BRVLentY8lNUk,4.032916999999999,5.249586,7.124374,0,2591700,19.180548,Delay-insensitive,1,1.75
413700,aIp3NFGGU9dWm5X3Vw7z9776lFNPuJjB1G29ywH/662WwmqOfy6BRVLentY8lNUk,4.571253,6.744861,20.58088,0,2591700,19.180548,Delay-insensitive,1,1.75
414000,aIp3NFGGU9dWm5X3Vw7z9776lFNPuJjB1G29ywH/662WwmqOfy6BRVLentY8lNUk,4.334587,8.348017,24.983803,0,2591700,19.180548,Delay-insensitive,1,1.75
414300,aIp3NFGGU9dWm5X3Vw7z9776lFNPuJjB1G29ywH/662WwmqOfy6BRVLentY8lNUk,4.492082,5.305153,7.804850999999999,0,2591700,19.180548,Delay-insensitive,1,1.75
414600,aIp3NFGGU9dWm5X3Vw7z9776lFNPuJjB1G29ywH/662WwmqOfy6BRVLentY8lNUk,4.087874,4.990346,6.530172,0,2591700,19.180548,Delay-insensitive,1,1.75
414900,aIp3NFGGU9dWm5X3Vw7z9776lFNPuJjB1G29ywH/662WwmqOfy6BRVLentY8lNUk,4.047203,4.97946,6.811379,0,2591700,19.180548,Delay-insensitive,1,1.75
415200,aIp3NFGGU9dWm5X3Vw7z9776lFNPuJjB1G29ywH/662WwmqOfy6BRVLentY8lNUk,4.07547,6.212086,19.173147,0,2591700,19.180548,Delay-insensitive,1,1.75
415500,aIp3NFGGU9dWm5X3Vw7z9776lFNPuJjB1G29ywH/662WwmqOfy6BRVLentY8lNUk,4.083707,5.003087,6.719036,0,2591700,19.180548,Delay-insensitive,1,1.75
415800,aIp3NFGGU9dWm5X3Vw7z9776lFNPuJjB1G29ywH/662WwmqOfy6BRVLentY8lNUk,4.242588,5.390371,8.406336999999999,0,2591700,19.180548,Delay-insensitive,1,1.75
416100,aIp3NFGGU9dWm5X3Vw7z9776lFNPuJjB1G29ywH/662WwmqOfy6BRVLentY8lNUk,4.459776000000001,16.510927,50.943728,0,2591700,19.180548,Delay-insensitive,1,1.75
416400,aIp3NFGGU9dWm5X3Vw7z9776lFNPuJjB1G29ywH/662WwmqOfy6BRVLentY8lNUk,4.342726,7.273394000000001,16.485039999999998,0,2591700,19.180548,Delay-insensitive,1,1.75
416700,aIp3NFGGU9dWm5X3Vw7z9776lFNPuJjB1G29ywH/662WwmqOfy6BRVLentY8lNUk,4.344466000000001,6.354035,14.812835,0,2591700,19.180548,Delay-insensitive,1,1.75
417000,aIp3NFGGU9dWm5X3Vw7z9776lFNPuJjB1G29ywH/662WwmqOfy6BRVLentY8lNUk,4.442416000000001,5.438093,7.377466,0,2591700,19.180548,Delay-insensitive,1,1.75
417300,aIp3NFGGU9dWm5X3Vw7z9776lFNPuJjB1G29ywH/662WwmqOfy6BRVLentY8lNUk,4.237727,6.933744,23.684938,0,2591700,19.180548,Delay-insensitive,1,1.75
417600,aIp3NFGGU9dWm5X3Vw7z9776lFNPuJjB1G29ywH/662WwmqOfy6BRVLentY8lNUk,4.241847,5.252509,7.735123,0,2591700,19.180548,Delay-insensitive,1,1.75
417900,aIp3NFGGU9dWm5X3Vw7z9776lFNPuJjB1G29ywH/662WwmqOfy6BRVLentY8lNUk,4.478496,5.526237999999999,8.111669000000001,0,2591700,19.180548,Delay-insensitive,1,1.75
418200,aIp3NFGGU9dWm5X3Vw7z9776lFNPuJjB1G29ywH/662WwmqOfy6BRVLentY8lNUk,4.672993,5.208976,5.635673000000001,0,2591700,19.180548,Delay-insensitive,1,1.75
418500,aIp3NFGGU9dWm5X3Vw7z9776lFNPuJjB1G29ywH/662WwmqOfy6BRVLentY8lNUk,4.319183,5.6615720000000005,7.858207000000001,0,2591700,19.180548,Delay-insensitive,1,1.75
418800,aIp3NFGGU9dWm5X3Vw7z9776lFNPuJjB1G29ywH/662WwmqOfy6BRVLentY8lNUk,3.5693589999999995,5.314744999999999,7.794346000000001,0,2591700,19.180548,Delay-insensitive,1,1.75
419100,aIp3NFGGU9dWm5X3Vw7z9776lFNPuJjB1G29ywH/662WwmqOfy6BRVLentY8lNUk,4.660669,5.505178,7.007425,0,2591700,19.180548,Delay-insensitive,1,1.75
419400,aIp3NFGGU9dWm5X3Vw7z9776lFNPuJjB1G29ywH/662WwmqOfy6BRVLentY8lNUk,3.599257,5.447854,6.4225900000000005,0,2591700,19.180548,Delay-insensitive,1,1.75
419700,aIp3NFGGU9dWm5X3Vw7z9776lFNPuJjB1G29ywH/662WwmqOfy6BRVLentY8lNUk,4.5126230000000005,5.33309,6.382615,0,2591700,19.180548,Delay-insensitive,1,1.75
420000,aIp3NFGGU9dWm5X3Vw7z9776lFNPuJjB1G29ywH/662WwmqOfy6BRVLentY8lNUk,3.366977,5.234429,6.502185,0,2591700,19.180548,Delay-insensitive,1,1.75
420300,aIp3NFGGU9dWm5X3Vw7z9776lFNPuJjB1G29ywH/662WwmqOfy6BRVLentY8lNUk,4.753343,5.644991,7.247775,0,2591700,19.180548,Delay-insensitive,1,1.75
420600,aIp3NFGGU9dWm5X3Vw7z9776lFNPuJjB1G29ywH/662WwmqOfy6BRVLentY8lNUk,3.749061,5.216783,6.449859,0,2591700,19.180548,Delay-insensitive,1,1.75
420900,aIp3NFGGU9dWm5X3Vw7z9776lFNPuJjB1G29ywH/662WwmqOfy6BRVLentY8lNUk,4.523864,7.008534,21.088745,0,2591700,19.180548,Delay-insensitive,1,1.75
421200,aIp3NFGGU9dWm5X3Vw7z9776lFNPuJjB1G29ywH/662WwmqOfy6BRVLentY8lNUk,3.691286,5.216224,7.520614999999999,0,2591700,19.180548,Delay-insensitive,1,1.75
421500,aIp3NFGGU9dWm5X3Vw7z9776lFNPuJjB1G29ywH/662WwmqOfy6BRVLentY8lNUk,4.366242,5.209497,6.791254,0,2591700,19.180548,Delay-insensitive,1,1.75
421800,aIp3NFGGU9dWm5X3Vw7z9776lFNPuJjB1G29ywH/662WwmqOfy6BRVLentY8lNUk,4.548618,5.613015,6.6996020000000005,0,2591700,19.180548,Delay-insensitive,1,1.75
422100,aIp3NFGGU9dWm5X3Vw7z9776lFNPuJjB1G29ywH/662WwmqOfy6BRVLentY8lNUk,4.630792,5.587962,7.519469,0,2591700,19.180548,Delay-insensitive,1,1.75
422400,aIp3NFGGU9dWm5X3Vw7z9776lFNPuJjB1G29ywH/662WwmqOfy6BRVLentY8lNUk,4.084485,5.361358999999999,6.8501970000000005,0,2591700,19.180548,Delay-insensitive,1,1.75
422700,aIp3NFGGU9dWm5X3Vw7z9776lFNPuJjB1G29ywH/662WwmqOfy6BRVLentY8lNUk,4.056080000000001,5.537803,6.709372,0,2591700,19.180548,Delay-insensitive,1,1.75
423000,aIp3NFGGU9dWm5X3Vw7z9776lFNPuJjB1G29ywH/662WwmqOfy6BRVLentY8lNUk,4.670058999999999,5.586653,6.953281,0,2591700,19.180548,Delay-insensitive,1,1.75
423300,aIp3NFGGU9dWm5X3Vw7z9776lFNPuJjB1G29ywH/662WwmqOfy6BRVLentY8lNUk,4.365105000000001,5.399689,6.999810000000001,0,2591700,19.180548,Delay-insensitive,1,1.75
423600,aIp3NFGGU9dWm5X3Vw7z9776lFNPuJjB1G29ywH/662WwmqOfy6BRVLentY8lNUk,4.918119,5.568219,6.598211999999999,0,2591700,19.180548,Delay-insensitive,1,1.75
423900,aIp3NFGGU9dWm5X3Vw7z9776lFNPuJjB1G29ywH/662WwmqOfy6BRVLentY8lNUk,4.491765,5.16461,7.029663,0,2591700,19.180548,Delay-insensitive,1,1.75
424200,aIp3NFGGU9dWm5X3Vw7z9776lFNPuJjB1G29ywH/662WwmqOfy6BRVLentY8lNUk,4.506958999999999,8.035474,30.110921,0,2591700,19.180548,Delay-insensitive,1,1.75
424500,aIp3NFGGU9dWm5X3Vw7z9776lFNPuJjB1G29ywH/662WwmqOfy6BRVLentY8lNUk,3.810324,7.126546,24.42458,0,2591700,19.180548,Delay-insensitive,1,1.75
424800,aIp3NFGGU9dWm5X3Vw7z9776lFNPuJjB1G29ywH/662WwmqOfy6BRVLentY8lNUk,4.902436,5.568309999999999,7.308259,0,2591700,19.180548,Delay-insensitive,1,1.75
425100,aIp3NFGGU9dWm5X3Vw7z9776lFNPuJjB1G29ywH/662WwmqOfy6BRVLentY8lNUk,3.664031,5.115718,6.768361,0,2591700,19.180548,Delay-insensitive,1,1.75
425400,aIp3NFGGU9dWm5X3Vw7z9776lFNPuJjB1G29ywH/662WwmqOfy6BRVLentY8lNUk,4.481807,5.542739,7.697335000000001,0,2591700,19.180548,Delay-insensitive,1,1.75
425700,aIp3NFGGU9dWm5X3Vw7z9776lFNPuJjB1G29ywH/662WwmqOfy6BRVLentY8lNUk,3.8391,5.3137,7.801139999999999,0,2591700,19.180548,Delay-insensitive,1,1.75
426000,aIp3NFGGU9dWm5X3Vw7z9776lFNPuJjB1G29ywH/662WwmqOfy6BRVLentY8lNUk,3.752737,5.094481,6.511653,0,2591700,19.180548,Delay-insensitive,1,1.75
426300,aIp3NFGGU9dWm5X3Vw7z9776lFNPuJjB1G29ywH/662WwmqOfy6BRVLentY8lNUk,4.457139,5.517643,7.944246000000001,0,2591700,19.180548,Delay-insensitive,1,1.75
426600,aIp3NFGGU9dWm5X3Vw7z9776lFNPuJjB1G29ywH/662WwmqOfy6BRVLentY8lNUk,4.530079,5.464299,7.22178,0,2591700,19.180548,Delay-insensitive,1,1.75
426900,aIp3NFGGU9dWm5X3Vw7z9776lFNPuJjB1G29ywH/662WwmqOfy6BRVLentY8lNUk,4.331787,5.316756,6.885961,0,2591700,19.180548,Delay-insensitive,1,1.75
427200,aIp3NFGGU9dWm5X3Vw7z9776lFNPuJjB1G29ywH/662WwmqOfy6BRVLentY8lNUk,4.734599,5.512323,7.294005999999999,0,2591700,19.180548,Delay-insensitive,1,1.75
427500,aIp3NFGGU9dWm5X3Vw7z9776lFNPuJjB1G29ywH/662WwmqOfy6BRVLentY8lNUk,4.274527,5.371814,7.554375999999999,0,2591700,19.180548,Delay-insensitive,1,1.75
427800,aIp3NFGGU9dWm5X3Vw7z9776lFNPuJjB1G29ywH/662WwmqOfy6BRVLentY8lNUk,3.536796,5.066534,6.8453550000000005,0,2591700,19.180548,Delay-insensitive,1,1.75
428100,aIp3NFGGU9dWm5X3Vw7z9776lFNPuJjB1G29ywH/662WwmqOfy6BRVLentY8lNUk,4.588211,7.238427000000001,23.90909,0,2591700,19.180548,Delay-insensitive,1,1.75
428400,aIp3NFGGU9dWm5X3Vw7z9776lFNPuJjB1G29ywH/662WwmqOfy6BRVLentY8lNUk,3.138839,5.333276000000001,7.843369,0,2591700,19.180548,Delay-insensitive,1,1.75
428700,aIp3NFGGU9dWm5X3Vw7z9776lFNPuJjB1G29ywH/662WwmqOfy6BRVLentY8lNUk,3.73037,5.089438,7.015789999999999,0,2591700,19.180548,Delay-insensitive,1,1.75
429000,aIp3NFGGU9dWm5X3Vw7z9776lFNPuJjB1G29ywH/662WwmqOfy6BRVLentY8lNUk,4.321589,5.45951,7.152975,0,2591700,19.180548,Delay-insensitive,1,1.75
429300,aIp3NFGGU9dWm5X3Vw7z9776lFNPuJjB1G29ywH/662WwmqOfy6BRVLentY8lNUk,3.715798,5.296939,6.795427,0,2591700,19.180548,Delay-insensitive,1,1.75
429600,aIp3NFGGU9dWm5X3Vw7z9776lFNPuJjB1G29ywH/662WwmqOfy6BRVLentY8lNUk,4.744081,5.402638,5.975153,0,2591700,19.180548,Delay-insensitive,1,1.75
429900,aIp3NFGGU9dWm5X3Vw7z9776lFNPuJjB1G29ywH/662WwmqOfy6BRVLentY8lNUk,4.663558,5.621995,7.438103,0,2591700,19.180548,Delay-insensitive,1,1.75
430200,aIp3NFGGU9dWm5X3Vw7z9776lFNPuJjB1G29ywH/662WwmqOfy6BRVLentY8lNUk,4.443582,5.461062,7.212860000000001,0,2591700,19.180548,Delay-insensitive,1,1.75
430500,aIp3NFGGU9dWm5X3Vw7z9776lFNPuJjB1G29ywH/662WwmqOfy6BRVLentY8lNUk,3.587377,5.370396,6.7807,0,2591700,19.180548,Delay-insensitive,1,1.75
430800,aIp3NFGGU9dWm5X3Vw7z9776lFNPuJjB1G29ywH/662WwmqOfy6BRVLentY8lNUk,4.311604,5.68883,7.544449,0,2591700,19.180548,Delay-insensitive,1,1.75
431100,aIp3NFGGU9dWm5X3Vw7z9776lFNPuJjB1G29ywH/662WwmqOfy6BRVLentY8lNUk,3.0183720000000003,5.120226000000001,6.626979,0,2591700,19.180548,Delay-insensitive,1,1.75
431400,aIp3NFGGU9dWm5X3Vw7z9776lFNPuJjB1G29ywH/662WwmqOfy6BRVLentY8lNUk,3.293366,5.369612999999999,7.106364,0,2591700,19.180548,Delay-insensitive,1,1.75
431700,aIp3NFGGU9dWm5X3Vw7z9776lFNPuJjB1G29ywH/662WwmqOfy6BRVLentY8lNUk,4.680643,7.631436,23.218205,0,2591700,19.180548,Delay-insensitive,1,1.75
432000,aIp3NFGGU9dWm5X3Vw7z9776lFNPuJjB1G29ywH/662WwmqOfy6BRVLentY8lNUk,3.707845,5.384228,6.783774,0,2591700,19.180548,Delay-insensitive,1,1.75
432300,aIp3NFGGU9dWm5X3Vw7z9776lFNPuJjB1G29ywH/662WwmqOfy6BRVLentY8lNUk,4.646952,5.560542,6.778444,0,2591700,19.180548,Delay-insensitive,1,1.75
432600,aIp3NFGGU9dWm5X3Vw7z9776lFNPuJjB1G29ywH/662WwmqOfy6BRVLentY8lNUk,4.741581,5.603680000000001,7.300053,0,2591700,19.180548,Delay-insensitive,1,1.75
432900,aIp3NFGGU9dWm5X3Vw7z9776lFNPuJjB1G29ywH/662WwmqOfy6BRVLentY8lNUk,4.469764,5.232552,6.436371,0,2591700,19.180548,Delay-insensitive,1,1.75
433200,aIp3NFGGU9dWm5X3Vw7z9776lFNPuJjB1G29ywH/662WwmqOfy6BRVLentY8lNUk,4.819074,5.611111,6.596010000000001,0,2591700,19.180548,Delay-insensitive,1,1.75
433500,aIp3NFGGU9dWm5X3Vw7z9776lFNPuJjB1G29ywH/662WwmqOfy6BRVLentY8lNUk,4.496133,5.700371,7.097410000000001,0,2591700,19.180548,Delay-insensitive,1,1.75
433800,aIp3NFGGU9dWm5X3Vw7z9776lFNPuJjB1G29ywH/662WwmqOfy6BRVLentY8lNUk,3.478121,5.259347,6.518581,0,2591700,19.180548,Delay-insensitive,1,1.75
434100,aIp3NFGGU9dWm5X3Vw7z9776lFNPuJjB1G29ywH/662WwmqOfy6BRVLentY8lNUk,4.154891,5.339671,6.951388000000001,0,2591700,19.180548,Delay-insensitive,1,1.75
434400,aIp3NFGGU9dWm5X3Vw7z9776lFNPuJjB1G29ywH/662WwmqOfy6BRVLentY8lNUk,4.536526,5.675787000000001,7.232231,0,2591700,19.180548,Delay-insensitive,1,1.75
434700,aIp3NFGGU9dWm5X3Vw7z9776lFNPuJjB1G29ywH/662WwmqOfy6BRVLentY8lNUk,4.595979,5.374979,7.06135,0,2591700,19.180548,Delay-insensitive,1,1.75
435000,aIp3NFGGU9dWm5X3Vw7z9776lFNPuJjB1G29ywH/662WwmqOfy6BRVLentY8lNUk,4.417241000000001,5.527952,7.27745,0,2591700,19.180548,Delay-insensitive,1,1.75
435300,aIp3NFGGU9dWm5X3Vw7z9776lFNPuJjB1G29ywH/662WwmqOfy6BRVLentY8lNUk,3.606022,6.94186,14.707428,0,2591700,19.180548,Delay-insensitive,1,1.75
435600,aIp3NFGGU9dWm5X3Vw7z9776lFNPuJjB1G29ywH/662WwmqOfy6BRVLentY8lNUk,4.650735,5.407553,7.095536,0,2591700,19.180548,Delay-insensitive,1,1.75
435900,aIp3NFGGU9dWm5X3Vw7z9776lFNPuJjB1G29ywH/662WwmqOfy6BRVLentY8lNUk,3.042784,5.413665,7.619859,0,2591700,19.180548,Delay-insensitive,1,1.75
436200,aIp3NFGGU9dWm5X3Vw7z9776lFNPuJjB1G29ywH/662WwmqOfy6BRVLentY8lNUk,4.837535,5.869362000000001,8.359672999999999,0,2591700,19.180548,Delay-insensitive,1,1.75
436500,aIp3NFGGU9dWm5X3Vw7z9776lFNPuJjB1G29ywH/662WwmqOfy6BRVLentY8lNUk,4.27241,5.197304,7.0930740000000005,0,2591700,19.180548,Delay-insensitive,1,1.75
436800,aIp3NFGGU9dWm5X3Vw7z9776lFNPuJjB1G29ywH/662WwmqOfy6BRVLentY8lNUk,3.4799580000000003,5.12484,7.215333,0,2591700,19.180548,Delay-insensitive,1,1.75
437100,aIp3NFGGU9dWm5X3Vw7z9776lFNPuJjB1G29ywH/662WwmqOfy6BRVLentY8lNUk,4.492751999999999,5.640621,7.867396,0,2591700,19.180548,Delay-insensitive,1,1.75
437400,aIp3NFGGU9dWm5X3Vw7z9776lFNPuJjB1G29ywH/662WwmqOfy6BRVLentY8lNUk,3.803957,5.201777,6.986155,0,2591700,19.180548,Delay-insensitive,1,1.75
437700,aIp3NFGGU9dWm5X3Vw7z9776lFNPuJjB1G29ywH/662WwmqOfy6BRVLentY8lNUk,4.786776000000001,5.557412,7.209934,0,2591700,19.180548,Delay-insensitive,1,1.75
438000,aIp3NFGGU9dWm5X3Vw7z9776lFNPuJjB1G29ywH/662WwmqOfy6BRVLentY8lNUk,3.669299,5.404755000000001,7.543003,0,2591700,19.180548,Delay-insensitive,1,1.75
438300,aIp3NFGGU9dWm5X3Vw7z9776lFNPuJjB1G29ywH/662WwmqOfy6BRVLentY8lNUk,4.416665,5.314573,6.680628,0,2591700,19.180548,Delay-insensitive,1,1.75
438600,aIp3NFGGU9dWm5X3Vw7z9776lFNPuJjB1G29ywH/662WwmqOfy6BRVLentY8lNUk,3.487717,5.226156,7.364017,0,2591700,19.180548,Delay-insensitive,1,1.75
438900,aIp3NFGGU9dWm5X3Vw7z9776lFNPuJjB1G29ywH/662WwmqOfy6BRVLentY8lNUk,4.547381,7.339675,22.224145,0,2591700,19.180548,Delay-insensitive,1,1.75
439200,aIp3NFGGU9dWm5X3Vw7z9776lFNPuJjB1G29ywH/662WwmqOfy6BRVLentY8lNUk,3.2201880000000003,5.118363,7.13052,0,2591700,19.180548,Delay-insensitive,1,1.75
439500,aIp3NFGGU9dWm5X3Vw7z9776lFNPuJjB1G29ywH/662WwmqOfy6BRVLentY8lNUk,4.139959999999999,5.333151,7.154682000000001,0,2591700,19.180548,Delay-insensitive,1,1.75
439800,aIp3NFGGU9dWm5X3Vw7z9776lFNPuJjB1G29ywH/662WwmqOfy6BRVLentY8lNUk,4.445671,5.373293,6.560987,0,2591700,19.180548,Delay-insensitive,1,1.75
440100,aIp3NFGGU9dWm5X3Vw7z9776lFNPuJjB1G29ywH/662WwmqOfy6BRVLentY8lNUk,4.629319000000001,5.614381,6.611077000000001,0,2591700,19.180548,Delay-insensitive,1,1.75
440400,aIp3NFGGU9dWm5X3Vw7z9776lFNPuJjB1G29ywH/662WwmqOfy6BRVLentY8lNUk,4.625902,5.363587,7.000779,0,2591700,19.180548,Delay-insensitive,1,1.75
440700,aIp3NFGGU9dWm5X3Vw7z9776lFNPuJjB1G29ywH/662WwmqOfy6BRVLentY8lNUk,4.3578980000000005,5.687969,9.018112,0,2591700,19.180548,Delay-insensitive,1,1.75
441000,aIp3NFGGU9dWm5X3Vw7z9776lFNPuJjB1G29ywH/662WwmqOfy6BRVLentY8lNUk,4.629080999999999,5.630046,6.993909,0,2591700,19.180548,Delay-insensitive,1,1.75
441300,aIp3NFGGU9dWm5X3Vw7z9776lFNPuJjB1G29ywH/662WwmqOfy6BRVLentY8lNUk,4.432012,5.551578,7.431507000000001,0,2591700,19.180548,Delay-insensitive,1,1.75
441600,aIp3NFGGU9dWm5X3Vw7z9776lFNPuJjB1G29ywH/662WwmqOfy6BRVLentY8lNUk,4.445207,5.399353,7.348426,0,2591700,19.180548,Delay-insensitive,1,1.75
441900,aIp3NFGGU9dWm5X3Vw7z9776lFNPuJjB1G29ywH/662WwmqOfy6BRVLentY8lNUk,4.626998,5.553886,8.705819,0,2591700,19.180548,Delay-insensitive,1,1.75
442200,aIp3NFGGU9dWm5X3Vw7z9776lFNPuJjB1G29ywH/662WwmqOfy6BRVLentY8lNUk,4.553757,5.413681,7.776264,0,2591700,19.180548,Delay-insensitive,1,1.75
442500,aIp3NFGGU9dWm5X3Vw7z9776lFNPuJjB1G29ywH/662WwmqOfy6BRVLentY8lNUk,4.388701,7.013436,21.666945,0,2591700,19.180548,Delay-insensitive,1,1.75
442800,aIp3NFGGU9dWm5X3Vw7z9776lFNPuJjB1G29ywH/662WwmqOfy6BRVLentY8lNUk,4.757544,5.581376000000001,6.605288000000001,0,2591700,19.180548,Delay-insensitive,1,1.75
443100,aIp3NFGGU9dWm5X3Vw7z9776lFNPuJjB1G29ywH/662WwmqOfy6BRVLentY8lNUk,4.564799,5.553421,7.114796000000001,0,2591700,19.180548,Delay-insensitive,1,1.75
443400,aIp3NFGGU9dWm5X3Vw7z9776lFNPuJjB1G29ywH/662WwmqOfy6BRVLentY8lNUk,4.300447,5.205839,7.066127000000001,0,2591700,19.180548,Delay-insensitive,1,1.75
443700,aIp3NFGGU9dWm5X3Vw7z9776lFNPuJjB1G29ywH/662WwmqOfy6BRVLentY8lNUk,4.716874,5.511172,6.565367999999999,0,2591700,19.180548,Delay-insensitive,1,1.75
444000,aIp3NFGGU9dWm5X3Vw7z9776lFNPuJjB1G29ywH/662WwmqOfy6BRVLentY8lNUk,4.243705,5.210869000000001,7.012155,0,2591700,19.180548,Delay-insensitive,1,1.75
444300,aIp3NFGGU9dWm5X3Vw7z9776lFNPuJjB1G29ywH/662WwmqOfy6BRVLentY8lNUk,4.727534,5.420923,7.275385000000001,0,2591700,19.180548,Delay-insensitive,1,1.75
444600,aIp3NFGGU9dWm5X3Vw7z9776lFNPuJjB1G29ywH/662WwmqOfy6BRVLentY8lNUk,4.331861,5.267614,5.978628,0,2591700,19.180548,Delay-insensitive,1,1.75
444900,aIp3NFGGU9dWm5X3Vw7z9776lFNPuJjB1G29ywH/662WwmqOfy6BRVLentY8lNUk,4.335865,14.384201,52.953757,0,2591700,19.180548,Delay-insensitive,1,1.75
445200,aIp3NFGGU9dWm5X3Vw7z9776lFNPuJjB1G29ywH/662WwmqOfy6BRVLentY8lNUk,4.408014,5.587413,7.525428,0,2591700,19.180548,Delay-insensitive,1,1.75
445500,aIp3NFGGU9dWm5X3Vw7z9776lFNPuJjB1G29ywH/662WwmqOfy6BRVLentY8lNUk,3.921146,5.329146,8.306225,0,2591700,19.180548,Delay-insensitive,1,1.75
445800,aIp3NFGGU9dWm5X3Vw7z9776lFNPuJjB1G29ywH/662WwmqOfy6BRVLentY8lNUk,4.621197,5.5452900000000005,7.504979,0,2591700,19.180548,Delay-insensitive,1,1.75
446100,aIp3NFGGU9dWm5X3Vw7z9776lFNPuJjB1G29ywH/662WwmqOfy6BRVLentY8lNUk,3.71569,6.982246000000001,22.516071,0,2591700,19.180548,Delay-insensitive,1,1.75
446400,aIp3NFGGU9dWm5X3Vw7z9776lFNPuJjB1G29ywH/662WwmqOfy6BRVLentY8lNUk,4.600073,5.535663,7.730633,0,2591700,19.180548,Delay-insensitive,1,1.75
446700,aIp3NFGGU9dWm5X3Vw7z9776lFNPuJjB1G29ywH/662WwmqOfy6BRVLentY8lNUk,4.4397400000000005,5.442183,8.283634,0,2591700,19.180548,Delay-insensitive,1,1.75
447000,aIp3NFGGU9dWm5X3Vw7z9776lFNPuJjB1G29ywH/662WwmqOfy6BRVLentY8lNUk,4.60751,5.450486,7.030235,0,2591700,19.180548,Delay-insensitive,1,1.75
447300,aIp3NFGGU9dWm5X3Vw7z9776lFNPuJjB1G29ywH/662WwmqOfy6BRVLentY8lNUk,3.975311,5.128616,6.780935,0,2591700,19.180548,Delay-insensitive,1,1.75
447600,aIp3NFGGU9dWm5X3Vw7z9776lFNPuJjB1G29ywH/662WwmqOfy6BRVLentY8lNUk,4.758077,5.530178,7.352925999999999,0,2591700,19.180548,Delay-insensitive,1,1.75
447900,aIp3NFGGU9dWm5X3Vw7z9776lFNPuJjB1G29ywH/662WwmqOfy6BRVLentY8lNUk,4.547031,5.466429,7.730652,0,2591700,19.180548,Delay-insensitive,1,1.75
448200,aIp3NFGGU9dWm5X3Vw7z9776lFNPuJjB1G29ywH/662WwmqOfy6BRVLentY8lNUk,4.391282,5.22106,7.172215,0,2591700,19.180548,Delay-insensitive,1,1.75
448500,aIp3NFGGU9dWm5X3Vw7z9776lFNPuJjB1G29ywH/662WwmqOfy6BRVLentY8lNUk,4.596394,5.528524,8.321232,0,2591700,19.180548,Delay-insensitive,1,1.75
448800,aIp3NFGGU9dWm5X3Vw7z9776lFNPuJjB1G29ywH/662WwmqOfy6BRVLentY8lNUk,4.324735,5.283521,5.845504,0,2591700,19.180548,Delay-insensitive,1,1.75
449100,aIp3NFGGU9dWm5X3Vw7z9776lFNPuJjB1G29ywH/662WwmqOfy6BRVLentY8lNUk,4.6693940000000005,5.465439,7.64371,0,2591700,19.180548,Delay-insensitive,1,1.75
449400,aIp3NFGGU9dWm5X3Vw7z9776lFNPuJjB1G29ywH/662WwmqOfy6BRVLentY8lNUk,4.598662,5.202594,7.300821000000001,0,2591700,19.180548,Delay-insensitive,1,1.75
449700,aIp3NFGGU9dWm5X3Vw7z9776lFNPuJjB1G29ywH/662WwmqOfy6BRVLentY8lNUk,4.6455660000000005,7.06906,20.996329,0,2591700,19.180548,Delay-insensitive,1,1.75
450000,aIp3NFGGU9dWm5X3Vw7z9776lFNPuJjB1G29ywH/662WwmqOfy6BRVLentY8lNUk,4.005477,5.285696,6.560244,0,2591700,19.180548,Delay-insensitive,1,1.75
450300,aIp3NFGGU9dWm5X3Vw7z9776lFNPuJjB1G29ywH/662WwmqOfy6BRVLentY8lNUk,4.650791000000001,7.685687,29.716217,0,2591700,19.180548,Delay-insensitive,1,1.75
450600,aIp3NFGGU9dWm5X3Vw7z9776lFNPuJjB1G29ywH/662WwmqOfy6BRVLentY8lNUk,4.652879,5.556085,6.719761999999999,0,2591700,19.180548,Delay-insensitive,1,1.75
450900,aIp3NFGGU9dWm5X3Vw7z9776lFNPuJjB1G29ywH/662WwmqOfy6BRVLentY8lNUk,4.139256,5.56262,6.953681,0,2591700,19.180548,Delay-insensitive,1,1.75
451200,aIp3NFGGU9dWm5X3Vw7z9776lFNPuJjB1G29ywH/662WwmqOfy6BRVLentY8lNUk,4.638801,5.317638,6.312879,0,2591700,19.180548,Delay-insensitive,1,1.75
451500,aIp3NFGGU9dWm5X3Vw7z9776lFNPuJjB1G29ywH/662WwmqOfy6BRVLentY8lNUk,4.627678,5.823106,7.005383,0,2591700,19.180548,Delay-insensitive,1,1.75
451800,aIp3NFGGU9dWm5X3Vw7z9776lFNPuJjB1G29ywH/662WwmqOfy6BRVLentY8lNUk,4.897667,5.722695,7.400094,0,2591700,19.180548,Delay-insensitive,1,1.75
452100,aIp3NFGGU9dWm5X3Vw7z9776lFNPuJjB1G29ywH/662WwmqOfy6BRVLentY8lNUk,4.454228,5.328655,6.643797,0,2591700,19.180548,Delay-insensitive,1,1.75
452400,aIp3NFGGU9dWm5X3Vw7z9776lFNPuJjB1G29ywH/662WwmqOfy6BRVLentY8lNUk,4.280879,5.492373000000001,6.60953,0,2591700,19.180548,Delay-insensitive,1,1.75
452700,aIp3NFGGU9dWm5X3Vw7z9776lFNPuJjB1G29ywH/662WwmqOfy6BRVLentY8lNUk,3.970909,5.108143,6.194928,0,2591700,19.180548,Delay-insensitive,1,1.75
453000,aIp3NFGGU9dWm5X3Vw7z9776lFNPuJjB1G29ywH/662WwmqOfy6BRVLentY8lNUk,4.552877,5.211512,6.321961,0,2591700,19.180548,Delay-insensitive,1,1.75
453300,aIp3NFGGU9dWm5X3Vw7z9776lFNPuJjB1G29ywH/662WwmqOfy6BRVLentY8lNUk,4.528303,7.270347,23.105778,0,2591700,19.180548,Delay-insensitive,1,1.75
453600,aIp3NFGGU9dWm5X3Vw7z9776lFNPuJjB1G29ywH/662WwmqOfy6BRVLentY8lNUk,4.615854,8.170746000000001,29.200437,0,2591700,19.180548,Delay-insensitive,1,1.75
453900,aIp3NFGGU9dWm5X3Vw7z9776lFNPuJjB1G29ywH/662WwmqOfy6BRVLentY8lNUk,4.780943,5.5353330000000005,6.582433,0,2591700,19.180548,Delay-insensitive,1,1.75
454200,aIp3NFGGU9dWm5X3Vw7z9776lFNPuJjB1G29ywH/662WwmqOfy6BRVLentY8lNUk,4.5410900000000005,5.445933,6.64669,0,2591700,19.180548,Delay-insensitive,1,1.75
454500,aIp3NFGGU9dWm5X3Vw7z9776lFNPuJjB1G29ywH/662WwmqOfy6BRVLentY8lNUk,4.446275,5.612735,7.124654,0,2591700,19.180548,Delay-insensitive,1,1.75
454800,aIp3NFGGU9dWm5X3Vw7z9776lFNPuJjB1G29ywH/662WwmqOfy6BRVLentY8lNUk,4.667031,5.317947,6.683398,0,2591700,19.180548,Delay-insensitive,1,1.75
455100,aIp3NFGGU9dWm5X3Vw7z9776lFNPuJjB1G29ywH/662WwmqOfy6BRVLentY8lNUk,4.4622720000000005,5.578766000000001,6.114825,0,2591700,19.180548,Delay-insensitive,1,1.75
455400,aIp3NFGGU9dWm5X3Vw7z9776lFNPuJjB1G29ywH/662WwmqOfy6BRVLentY8lNUk,4.76538,5.876911,10.315583,0,2591700,19.180548,Delay-insensitive,1,1.75
455700,aIp3NFGGU9dWm5X3Vw7z9776lFNPuJjB1G29ywH/662WwmqOfy6BRVLentY8lNUk,4.472866000000001,5.3067,6.797049,0,2591700,19.180548,Delay-insensitive,1,1.75
456000,aIp3NFGGU9dWm5X3Vw7z9776lFNPuJjB1G29ywH/662WwmqOfy6BRVLentY8lNUk,4.997562,7.959944999999999,30.116274,0,2591700,19.180548,Delay-insensitive,1,1.75
456300,aIp3NFGGU9dWm5X3Vw7z9776lFNPuJjB1G29ywH/662WwmqOfy6BRVLentY8lNUk,4.207081,5.493544,7.529172999999999,0,2591700,19.180548,Delay-insensitive,1,1.75
456600,aIp3NFGGU9dWm5X3Vw7z9776lFNPuJjB1G29ywH/662WwmqOfy6BRVLentY8lNUk,4.731554,5.456631,6.6438820000000005,0,2591700,19.180548,Delay-insensitive,1,1.75
456900,aIp3NFGGU9dWm5X3Vw7z9776lFNPuJjB1G29ywH/662WwmqOfy6BRVLentY8lNUk,3.4077660000000005,7.0771630000000005,20.510989,0,2591700,19.180548,Delay-insensitive,1,1.75
457200,aIp3NFGGU9dWm5X3Vw7z9776lFNPuJjB1G29ywH/662WwmqOfy6BRVLentY8lNUk,4.5922480000000006,5.700138,8.066680999999999,0,2591700,19.180548,Delay-insensitive,1,1.75
457500,aIp3NFGGU9dWm5X3Vw7z9776lFNPuJjB1G29ywH/662WwmqOfy6BRVLentY8lNUk,3.931484,5.345164,6.923628,0,2591700,19.180548,Delay-insensitive,1,1.75
457800,aIp3NFGGU9dWm5X3Vw7z9776lFNPuJjB1G29ywH/662WwmqOfy6BRVLentY8lNUk,4.717921,5.572425,7.108422,0,2591700,19.180548,Delay-insensitive,1,1.75
458100,aIp3NFGGU9dWm5X3Vw7z9776lFNPuJjB1G29ywH/662WwmqOfy6BRVLentY8lNUk,4.628581,5.487521,6.974848,0,2591700,19.180548,Delay-insensitive,1,1.75
458400,aIp3NFGGU9dWm5X3Vw7z9776lFNPuJjB1G29ywH/662WwmqOfy6BRVLentY8lNUk,4.583657,5.301049,6.863709,0,2591700,19.180548,Delay-insensitive,1,1.75
458700,aIp3NFGGU9dWm5X3Vw7z9776lFNPuJjB1G29ywH/662WwmqOfy6BRVLentY8lNUk,4.6261410000000005,5.749873,8.127799000000001,0,2591700,19.180548,Delay-insensitive,1,1.75
459000,aIp3NFGGU9dWm5X3Vw7z9776lFNPuJjB1G29ywH/662WwmqOfy6BRVLentY8lNUk,4.03769,5.676524,8.629465,0,2591700,19.180548,Delay-insensitive,1,1.75
459300,aIp3NFGGU9dWm5X3Vw7z9776lFNPuJjB1G29ywH/662WwmqOfy6BRVLentY8lNUk,4.671895,5.458116,6.840808,0,2591700,19.180548,Delay-insensitive,1,1.75
459600,aIp3NFGGU9dWm5X3Vw7z9776lFNPuJjB1G29ywH/662WwmqOfy6BRVLentY8lNUk,3.4752970000000003,5.377514,7.76819,0,2591700,19.180548,Delay-insensitive,1,1.75
459900,aIp3NFGGU9dWm5X3Vw7z9776lFNPuJjB1G29ywH/662WwmqOfy6BRVLentY8lNUk,4.53346,5.531619,7.817725,0,2591700,19.180548,Delay-insensitive,1,1.75
460200,aIp3NFGGU9dWm5X3Vw7z9776lFNPuJjB1G29ywH/662WwmqOfy6BRVLentY8lNUk,4.839802,5.56738,6.645208,0,2591700,19.180548,Delay-insensitive,1,1.75
460500,aIp3NFGGU9dWm5X3Vw7z9776lFNPuJjB1G29ywH/662WwmqOfy6BRVLentY8lNUk,4.815096,7.497714,23.829913,0,2591700,19.180548,Delay-insensitive,1,1.75
460800,aIp3NFGGU9dWm5X3Vw7z9776lFNPuJjB1G29ywH/662WwmqOfy6BRVLentY8lNUk,4.654758,5.450837,6.9022630000000005,0,2591700,19.180548,Delay-insensitive,1,1.75
461100,aIp3NFGGU9dWm5X3Vw7z9776lFNPuJjB1G29ywH/662WwmqOfy6BRVLentY8lNUk,4.864637,5.601139,6.922542,0,2591700,19.180548,Delay-insensitive,1,1.75
461400,aIp3NFGGU9dWm5X3Vw7z9776lFNPuJjB1G29ywH/662WwmqOfy6BRVLentY8lNUk,4.814092,5.817044999999999,7.704488,0,2591700,19.180548,Delay-insensitive,1,1.75
461700,aIp3NFGGU9dWm5X3Vw7z9776lFNPuJjB1G29ywH/662WwmqOfy6BRVLentY8lNUk,4.599939,5.598854,6.59958,0,2591700,19.180548,Delay-insensitive,1,1.75
462000,aIp3NFGGU9dWm5X3Vw7z9776lFNPuJjB1G29ywH/662WwmqOfy6BRVLentY8lNUk,4.505072,5.457947,6.635345,0,2591700,19.180548,Delay-insensitive,1,1.75
462300,aIp3NFGGU9dWm5X3Vw7z9776lFNPuJjB1G29ywH/662WwmqOfy6BRVLentY8lNUk,3.814178,5.665442,8.285436,0,2591700,19.180548,Delay-insensitive,1,1.75
462600,aIp3NFGGU9dWm5X3Vw7z9776lFNPuJjB1G29ywH/662WwmqOfy6BRVLentY8lNUk,4.705753,5.583419,6.944986999999999,0,2591700,19.180548,Delay-insensitive,1,1.75
462900,aIp3NFGGU9dWm5X3Vw7z9776lFNPuJjB1G29ywH/662WwmqOfy6BRVLentY8lNUk,3.717861,5.613713,7.217917,0,2591700,19.180548,Delay-insensitive,1,1.75
463200,aIp3NFGGU9dWm5X3Vw7z9776lFNPuJjB1G29ywH/662WwmqOfy6BRVLentY8lNUk,5.00816,5.8430480000000005,8.114817,0,2591700,19.180548,Delay-insensitive,1,1.75
463500,aIp3NFGGU9dWm5X3Vw7z9776lFNPuJjB1G29ywH/662WwmqOfy6BRVLentY8lNUk,4.429025,5.351068,6.788978999999999,0,2591700,19.180548,Delay-insensitive,1,1.75
463800,aIp3NFGGU9dWm5X3Vw7z9776lFNPuJjB1G29ywH/662WwmqOfy6BRVLentY8lNUk,4.682356,5.394728,6.368530000000001,0,2591700,19.180548,Delay-insensitive,1,1.75
464100,aIp3NFGGU9dWm5X3Vw7z9776lFNPuJjB1G29ywH/662WwmqOfy6BRVLentY8lNUk,4.551633,7.326602,21.94226,0,2591700,19.180548,Delay-insensitive,1,1.75
464400,aIp3NFGGU9dWm5X3Vw7z9776lFNPuJjB1G29ywH/662WwmqOfy6BRVLentY8lNUk,4.027154,5.454680000000001,6.614628,0,2591700,19.180548,Delay-insensitive,1,1.75
464700,aIp3NFGGU9dWm5X3Vw7z9776lFNPuJjB1G29ywH/662WwmqOfy6BRVLentY8lNUk,4.751551,5.574671,6.346341000000001,0,2591700,19.180548,Delay-insensitive,1,1.75
465000,aIp3NFGGU9dWm5X3Vw7z9776lFNPuJjB1G29ywH/662WwmqOfy6BRVLentY8lNUk,4.5404290000000005,5.68261,7.615760000000001,0,2591700,19.180548,Delay-insensitive,1,1.75
465300,aIp3NFGGU9dWm5X3Vw7z9776lFNPuJjB1G29ywH/662WwmqOfy6BRVLentY8lNUk,4.828505000000001,5.576522,6.695278999999999,0,2591700,19.180548,Delay-insensitive,1,1.75
465600,aIp3NFGGU9dWm5X3Vw7z9776lFNPuJjB1G29ywH/662WwmqOfy6BRVLentY8lNUk,4.514811,5.603605,6.617551,0,2591700,19.180548,Delay-insensitive,1,1.75
465900,aIp3NFGGU9dWm5X3Vw7z9776lFNPuJjB1G29ywH/662WwmqOfy6BRVLentY8lNUk,4.930723,5.751454,7.182998,0,2591700,19.180548,Delay-insensitive,1,1.75
466200,aIp3NFGGU9dWm5X3Vw7z9776lFNPuJjB1G29ywH/662WwmqOfy6BRVLentY8lNUk,4.327067,5.284564,6.344629,0,2591700,19.180548,Delay-insensitive,1,1.75
466500,aIp3NFGGU9dWm5X3Vw7z9776lFNPuJjB1G29ywH/662WwmqOfy6BRVLentY8lNUk,4.721896,5.522939,6.718433,0,2591700,19.180548,Delay-insensitive,1,1.75
466800,aIp3NFGGU9dWm5X3Vw7z9776lFNPuJjB1G29ywH/662WwmqOfy6BRVLentY8lNUk,4.600594,5.999136,8.838302,0,2591700,19.180548,Delay-insensitive,1,1.75
467100,aIp3NFGGU9dWm5X3Vw7z9776lFNPuJjB1G29ywH/662WwmqOfy6BRVLentY8lNUk,4.46936,5.600596,7.35793,0,2591700,19.180548,Delay-insensitive,1,1.75
467400,aIp3NFGGU9dWm5X3Vw7z9776lFNPuJjB1G29ywH/662WwmqOfy6BRVLentY8lNUk,4.318565,5.233642,7.449721,0,2591700,19.180548,Delay-insensitive,1,1.75
467700,aIp3NFGGU9dWm5X3Vw7z9776lFNPuJjB1G29ywH/662WwmqOfy6BRVLentY8lNUk,4.2592620000000005,7.209655000000001,16.666326,0,2591700,19.180548,Delay-insensitive,1,1.75
468000,aIp3NFGGU9dWm5X3Vw7z9776lFNPuJjB1G29ywH/662WwmqOfy6BRVLentY8lNUk,4.479058,5.398105,8.08811,0,2591700,19.180548,Delay-insensitive,1,1.75
468300,aIp3NFGGU9dWm5X3Vw7z9776lFNPuJjB1G29ywH/662WwmqOfy6BRVLentY8lNUk,3.234305,5.282741000000001,7.633172,0,2591700,19.180548,Delay-insensitive,1,1.75
468600,aIp3NFGGU9dWm5X3Vw7z9776lFNPuJjB1G29ywH/662WwmqOfy6BRVLentY8lNUk,4.514494,5.544624,7.515258,0,2591700,19.180548,Delay-insensitive,1,1.75
468900,aIp3NFGGU9dWm5X3Vw7z9776lFNPuJjB1G29ywH/662WwmqOfy6BRVLentY8lNUk,3.771272,5.142073,6.820867999999999,0,2591700,19.180548,Delay-insensitive,1,1.75
469200,aIp3NFGGU9dWm5X3Vw7z9776lFNPuJjB1G29ywH/662WwmqOfy6BRVLentY8lNUk,4.5183,5.462629,7.344456,0,2591700,19.180548,Delay-insensitive,1,1.75
469500,aIp3NFGGU9dWm5X3Vw7z9776lFNPuJjB1G29ywH/662WwmqOfy6BRVLentY8lNUk,4.432956,5.542639,7.335624,0,2591700,19.180548,Delay-insensitive,1,1.75
469800,aIp3NFGGU9dWm5X3Vw7z9776lFNPuJjB1G29ywH/662WwmqOfy6BRVLentY8lNUk,3.312762,5.234173999999999,6.90033,0,2591700,19.180548,Delay-insensitive,1,1.75
470100,aIp3NFGGU9dWm5X3Vw7z9776lFNPuJjB1G29ywH/662WwmqOfy6BRVLentY8lNUk,4.794026000000001,5.571287,7.482028,0,2591700,19.180548,Delay-insensitive,1,1.75
470400,aIp3NFGGU9dWm5X3Vw7z9776lFNPuJjB1G29ywH/662WwmqOfy6BRVLentY8lNUk,4.542969,5.834494,7.785736,0,2591700,19.180548,Delay-insensitive,1,1.75
470700,aIp3NFGGU9dWm5X3Vw7z9776lFNPuJjB1G29ywH/662WwmqOfy6BRVLentY8lNUk,4.397297,5.211103,6.693701,0,2591700,19.180548,Delay-insensitive,1,1.75
471000,aIp3NFGGU9dWm5X3Vw7z9776lFNPuJjB1G29ywH/662WwmqOfy6BRVLentY8lNUk,4.342161,5.280423000000001,6.886492,0,2591700,19.180548,Delay-insensitive,1,1.75
471300,aIp3NFGGU9dWm5X3Vw7z9776lFNPuJjB1G29ywH/662WwmqOfy6BRVLentY8lNUk,4.639464,7.132092999999999,22.012794,0,2591700,19.180548,Delay-insensitive,1,1.75
471600,aIp3NFGGU9dWm5X3Vw7z9776lFNPuJjB1G29ywH/662WwmqOfy6BRVLentY8lNUk,3.203928,5.165212,7.292959,0,2591700,19.180548,Delay-insensitive,1,1.75
471900,aIp3NFGGU9dWm5X3Vw7z9776lFNPuJjB1G29ywH/662WwmqOfy6BRVLentY8lNUk,4.615246,5.455045,6.880275,0,2591700,19.180548,Delay-insensitive,1,1.75
472200,aIp3NFGGU9dWm5X3Vw7z9776lFNPuJjB1G29ywH/662WwmqOfy6BRVLentY8lNUk,3.110586,5.121032,7.128035000000001,0,2591700,19.180548,Delay-insensitive,1,1.75
472500,aIp3NFGGU9dWm5X3Vw7z9776lFNPuJjB1G29ywH/662WwmqOfy6BRVLentY8lNUk,3.796641,5.243936,6.5479400000000005,0,2591700,19.180548,Delay-insensitive,1,1.75
472800,aIp3NFGGU9dWm5X3Vw7z9776lFNPuJjB1G29ywH/662WwmqOfy6BRVLentY8lNUk,4.529083999999999,5.156378,6.651735,0,2591700,19.180548,Delay-insensitive,1,1.75
473100,aIp3NFGGU9dWm5X3Vw7z9776lFNPuJjB1G29ywH/662WwmqOfy6BRVLentY8lNUk,4.405314,6.732550999999999,18.666907,0,2591700,19.180548,Delay-insensitive,1,1.75
473400,aIp3NFGGU9dWm5X3Vw7z9776lFNPuJjB1G29ywH/662WwmqOfy6BRVLentY8lNUk,4.667807,5.573067,6.835253999999999,0,2591700,19.180548,Delay-insensitive,1,1.75
473700,aIp3NFGGU9dWm5X3Vw7z9776lFNPuJjB1G29ywH/662WwmqOfy6BRVLentY8lNUk,4.587415,15.147519,45.328115,0,2591700,19.180548,Delay-insensitive,1,1.75
474000,aIp3NFGGU9dWm5X3Vw7z9776lFNPuJjB1G29ywH/662WwmqOfy6BRVLentY8lNUk,4.691496,5.785557,7.751371000000001,0,2591700,19.180548,Delay-insensitive,1,1.75
474300,aIp3NFGGU9dWm5X3Vw7z9776lFNPuJjB1G29ywH/662WwmqOfy6BRVLentY8lNUk,4.081148000000001,5.344305,6.474431,0,2591700,19.180548,Delay-insensitive,1,1.75
474600,aIp3NFGGU9dWm5X3Vw7z9776lFNPuJjB1G29ywH/662WwmqOfy6BRVLentY8lNUk,4.488622,5.425682,7.098667999999999,0,2591700,19.180548,Delay-insensitive,1,1.75
474900,aIp3NFGGU9dWm5X3Vw7z9776lFNPuJjB1G29ywH/662WwmqOfy6BRVLentY8lNUk,4.385176,7.228239,25.968039,0,2591700,19.180548,Delay-insensitive,1,1.75
475200,aIp3NFGGU9dWm5X3Vw7z9776lFNPuJjB1G29ywH/662WwmqOfy6BRVLentY8lNUk,3.94866,5.3955470000000005,6.327516,0,2591700,19.180548,Delay-insensitive,1,1.75
475500,aIp3NFGGU9dWm5X3Vw7z9776lFNPuJjB1G29ywH/662WwmqOfy6BRVLentY8lNUk,4.596858,5.634332,7.100839,0,2591700,19.180548,Delay-insensitive,1,1.75
475800,aIp3NFGGU9dWm5X3Vw7z9776lFNPuJjB1G29ywH/662WwmqOfy6BRVLentY8lNUk,3.893925,5.385427,7.31338,0,2591700,19.180548,Delay-insensitive,1,1.75
476100,aIp3NFGGU9dWm5X3Vw7z9776lFNPuJjB1G29ywH/662WwmqOfy6BRVLentY8lNUk,4.618409,5.596647,6.557309,0,2591700,19.180548,Delay-insensitive,1,1.75
476400,aIp3NFGGU9dWm5X3Vw7z9776lFNPuJjB1G29ywH/662WwmqOfy6BRVLentY8lNUk,3.3904300000000003,5.44757,7.030987,0,2591700,19.180548,Delay-insensitive,1,1.75
476700,aIp3NFGGU9dWm5X3Vw7z9776lFNPuJjB1G29ywH/662WwmqOfy6BRVLentY8lNUk,4.782298,5.60049,6.823089,0,2591700,19.180548,Delay-insensitive,1,1.75
477000,aIp3NFGGU9dWm5X3Vw7z9776lFNPuJjB1G29ywH/662WwmqOfy6BRVLentY8lNUk,3.3959660000000005,5.303332,7.427713000000001,0,2591700,19.180548,Delay-insensitive,1,1.75
477300,aIp3NFGGU9dWm5X3Vw7z9776lFNPuJjB1G29ywH/662WwmqOfy6BRVLentY8lNUk,4.665624,5.568211,8.319026,0,2591700,19.180548,Delay-insensitive,1,1.75
477600,aIp3NFGGU9dWm5X3Vw7z9776lFNPuJjB1G29ywH/662WwmqOfy6BRVLentY8lNUk,4.619405,6.303141,13.396837,0,2591700,19.180548,Delay-insensitive,1,1.75
477900,aIp3NFGGU9dWm5X3Vw7z9776lFNPuJjB1G29ywH/662WwmqOfy6BRVLentY8lNUk,4.537962,6.890384,18.343717,0,2591700,19.180548,Delay-insensitive,1,1.75
478200,aIp3NFGGU9dWm5X3Vw7z9776lFNPuJjB1G29ywH/662WwmqOfy6BRVLentY8lNUk,4.168057,5.604818,7.352157000000001,0,2591700,19.180548,Delay-insensitive,1,1.75
478500,aIp3NFGGU9dWm5X3Vw7z9776lFNPuJjB1G29ywH/662WwmqOfy6BRVLentY8lNUk,4.437018,7.271769,23.53508,0,2591700,19.180548,Delay-insensitive,1,1.75
478800,aIp3NFGGU9dWm5X3Vw7z9776lFNPuJjB1G29ywH/662WwmqOfy6BRVLentY8lNUk,4.655486,5.48209,6.858391,0,2591700,19.180548,Delay-insensitive,1,1.75
479100,aIp3NFGGU9dWm5X3Vw7z9776lFNPuJjB1G29ywH/662WwmqOfy6BRVLentY8lNUk,3.589361,5.353313,7.645738000000001,0,2591700,19.180548,Delay-insensitive,1,1.75
479400,aIp3NFGGU9dWm5X3Vw7z9776lFNPuJjB1G29ywH/662WwmqOfy6BRVLentY8lNUk,4.636226000000001,5.322221,6.482109,0,2591700,19.180548,Delay-insensitive,1,1.75
479700,aIp3NFGGU9dWm5X3Vw7z9776lFNPuJjB1G29ywH/662WwmqOfy6BRVLentY8lNUk,3.777987,5.359671,7.575346000000001,0,2591700,19.180548,Delay-insensitive,1,1.75
480000,aIp3NFGGU9dWm5X3Vw7z9776lFNPuJjB1G29ywH/662WwmqOfy6BRVLentY8lNUk,4.543417,5.441098,7.488519999999999,0,2591700,19.180548,Delay-insensitive,1,1.75
480300,aIp3NFGGU9dWm5X3Vw7z9776lFNPuJjB1G29ywH/662WwmqOfy6BRVLentY8lNUk,4.565437,6.193085,12.499868,0,2591700,19.180548,Delay-insensitive,1,1.75
480600,aIp3NFGGU9dWm5X3Vw7z9776lFNPuJjB1G29ywH/662WwmqOfy6BRVLentY8lNUk,4.91729,6.315774,9.769231,0,2591700,19.180548,Delay-insensitive,1,1.75
480900,aIp3NFGGU9dWm5X3Vw7z9776lFNPuJjB1G29ywH/662WwmqOfy6BRVLentY8lNUk,4.5878,5.555095,7.853692999999999,0,2591700,19.180548,Delay-insensitive,1,1.75
481200,aIp3NFGGU9dWm5X3Vw7z9776lFNPuJjB1G29ywH/662WwmqOfy6BRVLentY8lNUk,3.826205,5.3046940000000005,7.018575,0,2591700,19.180548,Delay-insensitive,1,1.75
481500,aIp3NFGGU9dWm5X3Vw7z9776lFNPuJjB1G29ywH/662WwmqOfy6BRVLentY8lNUk,4.434903,5.356955999999999,7.408235,0,2591700,19.180548,Delay-insensitive,1,1.75
481800,aIp3NFGGU9dWm5X3Vw7z9776lFNPuJjB1G29ywH/662WwmqOfy6BRVLentY8lNUk,4.29859,5.395972,7.546962,0,2591700,19.180548,Delay-insensitive,1,1.75
482100,aIp3NFGGU9dWm5X3Vw7z9776lFNPuJjB1G29ywH/662WwmqOfy6BRVLentY8lNUk,4.708059,7.029169,21.435792000000003,0,2591700,19.180548,Delay-insensitive,1,1.75
482400,aIp3NFGGU9dWm5X3Vw7z9776lFNPuJjB1G29ywH/662WwmqOfy6BRVLentY8lNUk,3.631645,5.326439,6.780025999999999,0,2591700,19.180548,Delay-insensitive,1,1.75
482700,aIp3NFGGU9dWm5X3Vw7z9776lFNPuJjB1G29ywH/662WwmqOfy6BRVLentY8lNUk,4.386183,5.292204,6.735854,0,2591700,19.180548,Delay-insensitive,1,1.75
483000,aIp3NFGGU9dWm5X3Vw7z9776lFNPuJjB1G29ywH/662WwmqOfy6BRVLentY8lNUk,3.904581,5.374097,6.927666,0,2591700,19.180548,Delay-insensitive,1,1.75
483300,aIp3NFGGU9dWm5X3Vw7z9776lFNPuJjB1G29ywH/662WwmqOfy6BRVLentY8lNUk,4.713506,5.510763,7.400272999999999,0,2591700,19.180548,Delay-insensitive,1,1.75
483600,aIp3NFGGU9dWm5X3Vw7z9776lFNPuJjB1G29ywH/662WwmqOfy6BRVLentY8lNUk,4.500205,5.308266000000001,6.547427,0,2591700,19.180548,Delay-insensitive,1,1.75
483900,aIp3NFGGU9dWm5X3Vw7z9776lFNPuJjB1G29ywH/662WwmqOfy6BRVLentY8lNUk,5.027078,6.030875,7.802560000000001,0,2591700,19.180548,Delay-insensitive,1,1.75
484200,aIp3NFGGU9dWm5X3Vw7z9776lFNPuJjB1G29ywH/662WwmqOfy6BRVLentY8lNUk,4.579664,5.545383999999999,7.498516,0,2591700,19.180548,Delay-insensitive,1,1.75
484500,aIp3NFGGU9dWm5X3Vw7z9776lFNPuJjB1G29ywH/662WwmqOfy6BRVLentY8lNUk,4.244932,5.235913,6.931599,0,2591700,19.180548,Delay-insensitive,1,1.75
484800,aIp3NFGGU9dWm5X3Vw7z9776lFNPuJjB1G29ywH/662WwmqOfy6BRVLentY8lNUk,4.956043,5.793893,6.881267,0,2591700,19.180548,Delay-insensitive,1,1.75
485100,aIp3NFGGU9dWm5X3Vw7z9776lFNPuJjB1G29ywH/662WwmqOfy6BRVLentY8lNUk,3.630224,5.442757,7.589192999999999,0,2591700,19.180548,Delay-insensitive,1,1.75
485400,aIp3NFGGU9dWm5X3Vw7z9776lFNPuJjB1G29ywH/662WwmqOfy6BRVLentY8lNUk,4.618011,5.283551999999999,6.445895,0,2591700,19.180548,Delay-insensitive,1,1.75
485700,aIp3NFGGU9dWm5X3Vw7z9776lFNPuJjB1G29ywH/662WwmqOfy6BRVLentY8lNUk,4.153781,7.39358,20.530112,0,2591700,19.180548,Delay-insensitive,1,1.75
486000,aIp3NFGGU9dWm5X3Vw7z9776lFNPuJjB1G29ywH/662WwmqOfy6BRVLentY8lNUk,3.5536410000000003,5.2872900000000005,7.915392999999999,0,2591700,19.180548,Delay-insensitive,1,1.75
486300,aIp3NFGGU9dWm5X3Vw7z9776lFNPuJjB1G29ywH/662WwmqOfy6BRVLentY8lNUk,4.854474,5.462385,6.943035000000001,0,2591700,19.180548,Delay-insensitive,1,1.75
486600,aIp3NFGGU9dWm5X3Vw7z9776lFNPuJjB1G29ywH/662WwmqOfy6BRVLentY8lNUk,4.158083,5.327765,6.261766000000001,0,2591700,19.180548,Delay-insensitive,1,1.75
486900,aIp3NFGGU9dWm5X3Vw7z9776lFNPuJjB1G29ywH/662WwmqOfy6BRVLentY8lNUk,4.50113,5.422551,6.91309,0,2591700,19.180548,Delay-insensitive,1,1.75
487200,aIp3NFGGU9dWm5X3Vw7z9776lFNPuJjB1G29ywH/662WwmqOfy6BRVLentY8lNUk,3.383356,5.103917,6.374480999999999,0,2591700,19.180548,Delay-insensitive,1,1.75
487500,aIp3NFGGU9dWm5X3Vw7z9776lFNPuJjB1G29ywH/662WwmqOfy6BRVLentY8lNUk,4.415080000000001,5.689956,7.326445,0,2591700,19.180548,Delay-insensitive,1,1.75
487800,aIp3NFGGU9dWm5X3Vw7z9776lFNPuJjB1G29ywH/662WwmqOfy6BRVLentY8lNUk,3.473211,5.259265,7.286724,0,2591700,19.180548,Delay-insensitive,1,1.75
488100,aIp3NFGGU9dWm5X3Vw7z9776lFNPuJjB1G29ywH/662WwmqOfy6BRVLentY8lNUk,4.6404440000000005,5.368133,6.693128,0,2591700,19.180548,Delay-insensitive,1,1.75
488400,aIp3NFGGU9dWm5X3Vw7z9776lFNPuJjB1G29ywH/662WwmqOfy6BRVLentY8lNUk,3.209483,5.172077,6.4987580000000005,0,2591700,19.180548,Delay-insensitive,1,1.75
488700,aIp3NFGGU9dWm5X3Vw7z9776lFNPuJjB1G29ywH/662WwmqOfy6BRVLentY8lNUk,3.31856,5.034961,6.563325999999999,0,2591700,19.180548,Delay-insensitive,1,1.75
489000,aIp3NFGGU9dWm5X3Vw7z9776lFNPuJjB1G29ywH/662WwmqOfy6BRVLentY8lNUk,4.503475,5.210098,6.613891000000001,0,2591700,19.180548,Delay-insensitive,1,1.75
489300,aIp3NFGGU9dWm5X3Vw7z9776lFNPuJjB1G29ywH/662WwmqOfy6BRVLentY8lNUk,4.654563,7.238458,22.112405,0,2591700,19.180548,Delay-insensitive,1,1.75
489600,aIp3NFGGU9dWm5X3Vw7z9776lFNPuJjB1G29ywH/662WwmqOfy6BRVLentY8lNUk,4.799994,10.725697,40.478006,0,2591700,19.180548,Delay-insensitive,1,1.75
489900,aIp3NFGGU9dWm5X3Vw7z9776lFNPuJjB1G29ywH/662WwmqOfy6BRVLentY8lNUk,3.949228,10.07372,32.295477000000005,0,2591700,19.180548,Delay-insensitive,1,1.75
490200,aIp3NFGGU9dWm5X3Vw7z9776lFNPuJjB1G29ywH/662WwmqOfy6BRVLentY8lNUk,4.793218,5.561155,6.896283,0,2591700,19.180548,Delay-insensitive,1,1.75
490500,aIp3NFGGU9dWm5X3Vw7z9776lFNPuJjB1G29ywH/662WwmqOfy6BRVLentY8lNUk,2.947321,4.764776,6.169714,0,2591700,19.180548,Delay-insensitive,1,1.75
490800,aIp3NFGGU9dWm5X3Vw7z9776lFNPuJjB1G29ywH/662WwmqOfy6BRVLentY8lNUk,4.612556,5.2091650000000005,6.406338,0,2591700,19.180548,Delay-insensitive,1,1.75
491100,aIp3NFGGU9dWm5X3Vw7z9776lFNPuJjB1G29ywH/662WwmqOfy6BRVLentY8lNUk,3.921348000000001,5.203208,6.286789,0,2591700,19.180548,Delay-insensitive,1,1.75
491400,aIp3NFGGU9dWm5X3Vw7z9776lFNPuJjB1G29ywH/662WwmqOfy6BRVLentY8lNUk,2.697666,5.040773000000001,6.222491000000001,0,2591700,19.180548,Delay-insensitive,1,1.75
491700,aIp3NFGGU9dWm5X3Vw7z9776lFNPuJjB1G29ywH/662WwmqOfy6BRVLentY8lNUk,4.286011,5.275121,6.533702,0,2591700,19.180548,Delay-insensitive,1,1.75
492000,aIp3NFGGU9dWm5X3Vw7z9776lFNPuJjB1G29ywH/662WwmqOfy6BRVLentY8lNUk,3.635492,5.558876000000001,7.385936,0,2591700,19.180548,Delay-insensitive,1,1.75
492300,aIp3NFGGU9dWm5X3Vw7z9776lFNPuJjB1G29ywH/662WwmqOfy6BRVLentY8lNUk,4.8857040000000005,5.560673,7.275586,0,2591700,19.180548,Delay-insensitive,1,1.75
492600,aIp3NFGGU9dWm5X3Vw7z9776lFNPuJjB1G29ywH/662WwmqOfy6BRVLentY8lNUk,3.909948,5.138299,6.176042,0,2591700,19.180548,Delay-insensitive,1,1.75
492900,aIp3NFGGU9dWm5X3Vw7z9776lFNPuJjB1G29ywH/662WwmqOfy6BRVLentY8lNUk,4.78843,7.431394,23.691421,0,2591700,19.180548,Delay-insensitive,1,1.75
493200,aIp3NFGGU9dWm5X3Vw7z9776lFNPuJjB1G29ywH/662WwmqOfy6BRVLentY8lNUk,4.622701,5.453193,6.985617,0,2591700,19.180548,Delay-insensitive,1,1.75
493500,aIp3NFGGU9dWm5X3Vw7z9776lFNPuJjB1G29ywH/662WwmqOfy6BRVLentY8lNUk,4.790061,5.627078,7.34756,0,2591700,19.180548,Delay-insensitive,1,1.75
493800,aIp3NFGGU9dWm5X3Vw7z9776lFNPuJjB1G29ywH/662WwmqOfy6BRVLentY8lNUk,4.754353,5.743914,7.659617,0,2591700,19.180548,Delay-insensitive,1,1.75
494100,aIp3NFGGU9dWm5X3Vw7z9776lFNPuJjB1G29ywH/662WwmqOfy6BRVLentY8lNUk,4.843432,5.329569,6.593641000000001,0,2591700,19.180548,Delay-insensitive,1,1.75
494400,aIp3NFGGU9dWm5X3Vw7z9776lFNPuJjB1G29ywH/662WwmqOfy6BRVLentY8lNUk,4.475342,5.297325,7.034211,0,2591700,19.180548,Delay-insensitive,1,1.75
494700,aIp3NFGGU9dWm5X3Vw7z9776lFNPuJjB1G29ywH/662WwmqOfy6BRVLentY8lNUk,3.467811,5.507649,7.844455,0,2591700,19.180548,Delay-insensitive,1,1.75
495000,aIp3NFGGU9dWm5X3Vw7z9776lFNPuJjB1G29ywH/662WwmqOfy6BRVLentY8lNUk,4.7608,5.488748999999999,6.621628,0,2591700,19.180548,Delay-insensitive,1,1.75
495300,aIp3NFGGU9dWm5X3Vw7z9776lFNPuJjB1G29ywH/662WwmqOfy6BRVLentY8lNUk,3.596325,5.363194,7.132586,0,2591700,19.180548,Delay-insensitive,1,1.75
495600,aIp3NFGGU9dWm5X3Vw7z9776lFNPuJjB1G29ywH/662WwmqOfy6BRVLentY8lNUk,4.853826000000001,5.616151,8.038718,0,2591700,19.180548,Delay-insensitive,1,1.75
495900,aIp3NFGGU9dWm5X3Vw7z9776lFNPuJjB1G29ywH/662WwmqOfy6BRVLentY8lNUk,4.3422410000000005,5.365295,7.425639,0,2591700,19.180548,Delay-insensitive,1,1.75
496200,aIp3NFGGU9dWm5X3Vw7z9776lFNPuJjB1G29ywH/662WwmqOfy6BRVLentY8lNUk,4.824497,5.58495,6.903756,0,2591700,19.180548,Delay-insensitive,1,1.75
496500,aIp3NFGGU9dWm5X3Vw7z9776lFNPuJjB1G29ywH/662WwmqOfy6BRVLentY8lNUk,3.5556940000000004,7.245305,22.765857,0,2591700,19.180548,Delay-insensitive,1,1.75
496800,aIp3NFGGU9dWm5X3Vw7z9776lFNPuJjB1G29ywH/662WwmqOfy6BRVLentY8lNUk,4.793616,8.100321000000001,29.002749,0,2591700,19.180548,Delay-insensitive,1,1.75
497100,aIp3NFGGU9dWm5X3Vw7z9776lFNPuJjB1G29ywH/662WwmqOfy6BRVLentY8lNUk,4.7658190000000005,5.667762000000001,7.184245,0,2591700,19.180548,Delay-insensitive,1,1.75
497400,aIp3NFGGU9dWm5X3Vw7z9776lFNPuJjB1G29ywH/662WwmqOfy6BRVLentY8lNUk,5.140064,5.842066,7.813972,0,2591700,19.180548,Delay-insensitive,1,1.75
497700,aIp3NFGGU9dWm5X3Vw7z9776lFNPuJjB1G29ywH/662WwmqOfy6BRVLentY8lNUk,4.640847,5.466248,7.094112,0,2591700,19.180548,Delay-insensitive,1,1.75
498000,aIp3NFGGU9dWm5X3Vw7z9776lFNPuJjB1G29ywH/662WwmqOfy6BRVLentY8lNUk,4.563426,5.6157580000000005,6.892633,0,2591700,19.180548,Delay-insensitive,1,1.75
498300,aIp3NFGGU9dWm5X3Vw7z9776lFNPuJjB1G29ywH/662WwmqOfy6BRVLentY8lNUk,4.843621,5.5811720000000005,7.431294,0,2591700,19.180548,Delay-insensitive,1,1.75
498600,aIp3NFGGU9dWm5X3Vw7z9776lFNPuJjB1G29ywH/662WwmqOfy6BRVLentY8lNUk,3.917093,5.320434,6.877696,0,2591700,19.180548,Delay-insensitive,1,1.75
498900,aIp3NFGGU9dWm5X3Vw7z9776lFNPuJjB1G29ywH/662WwmqOfy6BRVLentY8lNUk,4.551355,5.636794,7.179104,0,2591700,19.180548,Delay-insensitive,1,1.75
499200,aIp3NFGGU9dWm5X3Vw7z9776lFNPuJjB1G29ywH/662WwmqOfy6BRVLentY8lNUk,3.366244,5.459382,7.559024000000001,0,2591700,19.180548,Delay-insensitive,1,1.75
499500,aIp3NFGGU9dWm5X3Vw7z9776lFNPuJjB1G29ywH/662WwmqOfy6BRVLentY8lNUk,3.318006,5.114829,7.075827,0,2591700,19.180548,Delay-insensitive,1,1.75
499800,aIp3NFGGU9dWm5X3Vw7z9776lFNPuJjB1G29ywH/662WwmqOfy6BRVLentY8lNUk,4.751822,5.637862,7.383794,0,2591700,19.180548,Delay-insensitive,1,1.75
500100,aIp3NFGGU9dWm5X3Vw7z9776lFNPuJjB1G29ywH/662WwmqOfy6BRVLentY8lNUk,4.359994,7.486695,13.880775,0,2591700,19.180548,Delay-insensitive,1,1.75
500400,aIp3NFGGU9dWm5X3Vw7z9776lFNPuJjB1G29ywH/662WwmqOfy6BRVLentY8lNUk,4.837502,5.418603,6.918691,0,2591700,19.180548,Delay-insensitive,1,1.75
500700,aIp3NFGGU9dWm5X3Vw7z9776lFNPuJjB1G29ywH/662WwmqOfy6BRVLentY8lNUk,3.029682,5.426826,6.957419,0,2591700,19.180548,Delay-insensitive,1,1.75
501000,aIp3NFGGU9dWm5X3Vw7z9776lFNPuJjB1G29ywH/662WwmqOfy6BRVLentY8lNUk,4.7827150000000005,5.600492,7.963127,0,2591700,19.180548,Delay-insensitive,1,1.75
501300,aIp3NFGGU9dWm5X3Vw7z9776lFNPuJjB1G29ywH/662WwmqOfy6BRVLentY8lNUk,4.340393,5.416761,6.949379,0,2591700,19.180548,Delay-insensitive,1,1.75
501600,aIp3NFGGU9dWm5X3Vw7z9776lFNPuJjB1G29ywH/662WwmqOfy6BRVLentY8lNUk,4.631298,5.341933999999999,6.982003999999999,0,2591700,19.180548,Delay-insensitive,1,1.75
501900,aIp3NFGGU9dWm5X3Vw7z9776lFNPuJjB1G29ywH/662WwmqOfy6BRVLentY8lNUk,4.627515,5.539446,6.482417,0,2591700,19.180548,Delay-insensitive,1,1.75
502200,aIp3NFGGU9dWm5X3Vw7z9776lFNPuJjB1G29ywH/662WwmqOfy6BRVLentY8lNUk,3.900814,5.312903,6.982058,0,2591700,19.180548,Delay-insensitive,1,1.75
502500,aIp3NFGGU9dWm5X3Vw7z9776lFNPuJjB1G29ywH/662WwmqOfy6BRVLentY8lNUk,5.074294999999999,14.766260999999998,57.367371,0,2591700,19.180548,Delay-insensitive,1,1.75
502800,aIp3NFGGU9dWm5X3Vw7z9776lFNPuJjB1G29ywH/662WwmqOfy6BRVLentY8lNUk,3.733336,7.909646,17.514673000000002,0,2591700,19.180548,Delay-insensitive,1,1.75
503100,aIp3NFGGU9dWm5X3Vw7z9776lFNPuJjB1G29ywH/662WwmqOfy6BRVLentY8lNUk,4.917074,6.815571,16.087811,0,2591700,19.180548,Delay-insensitive,1,1.75
503400,aIp3NFGGU9dWm5X3Vw7z9776lFNPuJjB1G29ywH/662WwmqOfy6BRVLentY8lNUk,3.972442,5.6228,7.454236999999999,0,2591700,19.180548,Delay-insensitive,1,1.75
503700,aIp3NFGGU9dWm5X3Vw7z9776lFNPuJjB1G29ywH/662WwmqOfy6BRVLentY8lNUk,4.945771,7.867317,24.26618,0,2591700,19.180548,Delay-insensitive,1,1.75
504000,aIp3NFGGU9dWm5X3Vw7z9776lFNPuJjB1G29ywH/662WwmqOfy6BRVLentY8lNUk,5.170432,6.322734,10.340367,0,2591700,19.180548,Delay-insensitive,1,1.75
504300,aIp3NFGGU9dWm5X3Vw7z9776lFNPuJjB1G29ywH/662WwmqOfy6BRVLentY8lNUk,5.014058,5.752585,7.528791,0,2591700,19.180548,Delay-insensitive,1,1.75
504600,aIp3NFGGU9dWm5X3Vw7z9776lFNPuJjB1G29ywH/662WwmqOfy6BRVLentY8lNUk,4.692604,5.573395,7.519866,0,2591700,19.180548,Delay-insensitive,1,1.75
504900,aIp3NFGGU9dWm5X3Vw7z9776lFNPuJjB1G29ywH/662WwmqOfy6BRVLentY8lNUk,3.880498,5.465517,6.916389,0,2591700,19.180548,Delay-insensitive,1,1.75
505200,aIp3NFGGU9dWm5X3Vw7z9776lFNPuJjB1G29ywH/662WwmqOfy6BRVLentY8lNUk,4.933559,7.471197,13.189488,0,2591700,19.180548,Delay-insensitive,1,1.75
505500,aIp3NFGGU9dWm5X3Vw7z9776lFNPuJjB1G29ywH/662WwmqOfy6BRVLentY8lNUk,3.605868,5.377676999999999,7.118413,0,2591700,19.180548,Delay-insensitive,1,1.75
505800,aIp3NFGGU9dWm5X3Vw7z9776lFNPuJjB1G29ywH/662WwmqOfy6BRVLentY8lNUk,4.634022,5.512576999999999,7.294578,0,2591700,19.180548,Delay-insensitive,1,1.75
506100,aIp3NFGGU9dWm5X3Vw7z9776lFNPuJjB1G29ywH/662WwmqOfy6BRVLentY8lNUk,3.895552,5.441479,7.329114,0,2591700,19.180548,Delay-insensitive,1,1.75
506400,aIp3NFGGU9dWm5X3Vw7z9776lFNPuJjB1G29ywH/662WwmqOfy6BRVLentY8lNUk,4.815062,5.543185,7.249463,0,2591700,19.180548,Delay-insensitive,1,1.75
506700,aIp3NFGGU9dWm5X3Vw7z9776lFNPuJjB1G29ywH/662WwmqOfy6BRVLentY8lNUk,2.970102,5.413161,6.934558,0,2591700,19.180548,Delay-insensitive,1,1.75
507000,aIp3NFGGU9dWm5X3Vw7z9776lFNPuJjB1G29ywH/662WwmqOfy6BRVLentY8lNUk,4.315459,5.402342,7.145931,0,2591700,19.180548,Delay-insensitive,1,1.75
507300,aIp3NFGGU9dWm5X3Vw7z9776lFNPuJjB1G29ywH/662WwmqOfy6BRVLentY8lNUk,5.062794,7.257002000000001,20.174346,0,2591700,19.180548,Delay-insensitive,1,1.75
507600,aIp3NFGGU9dWm5X3Vw7z9776lFNPuJjB1G29ywH/662WwmqOfy6BRVLentY8lNUk,3.931334,5.6591260000000005,6.72125,0,2591700,19.180548,Delay-insensitive,1,1.75
507900,aIp3NFGGU9dWm5X3Vw7z9776lFNPuJjB1G29ywH/662WwmqOfy6BRVLentY8lNUk,4.623065,5.751935,7.571135000000001,0,2591700,19.180548,Delay-insensitive,1,1.75
508200,aIp3NFGGU9dWm5X3Vw7z9776lFNPuJjB1G29ywH/662WwmqOfy6BRVLentY8lNUk,3.887425,5.427951999999999,6.775839,0,2591700,19.180548,Delay-insensitive,1,1.75
508500,aIp3NFGGU9dWm5X3Vw7z9776lFNPuJjB1G29ywH/662WwmqOfy6BRVLentY8lNUk,4.684665,5.585143,7.101966,0,2591700,19.180548,Delay-insensitive,1,1.75
508800,aIp3NFGGU9dWm5X3Vw7z9776lFNPuJjB1G29ywH/662WwmqOfy6BRVLentY8lNUk,5.012795,5.855818,7.936868,0,2591700,19.180548,Delay-insensitive,1,1.75
509100,aIp3NFGGU9dWm5X3Vw7z9776lFNPuJjB1G29ywH/662WwmqOfy6BRVLentY8lNUk,4.720805,5.595212999999999,8.443292999999999,0,2591700,19.180548,Delay-insensitive,1,1.75
509400,aIp3NFGGU9dWm5X3Vw7z9776lFNPuJjB1G29ywH/662WwmqOfy6BRVLentY8lNUk,4.2861970000000005,5.61702,7.889628999999999,0,2591700,19.180548,Delay-insensitive,1,1.75
509700,aIp3NFGGU9dWm5X3Vw7z9776lFNPuJjB1G29ywH/662WwmqOfy6BRVLentY8lNUk,4.425783,5.520335,8.333821,0,2591700,19.180548,Delay-insensitive,1,1.75
510000,aIp3NFGGU9dWm5X3Vw7z9776lFNPuJjB1G29ywH/662WwmqOfy6BRVLentY8lNUk,3.853664,5.429991,7.114094000000001,0,2591700,19.180548,Delay-insensitive,1,1.75
510300,aIp3NFGGU9dWm5X3Vw7z9776lFNPuJjB1G29ywH/662WwmqOfy6BRVLentY8lNUk,4.436782,5.387652,7.83312,0,2591700,19.180548,Delay-insensitive,1,1.75
510600,aIp3NFGGU9dWm5X3Vw7z9776lFNPuJjB1G29ywH/662WwmqOfy6BRVLentY8lNUk,4.685884,5.543091,7.650644000000001,0,2591700,19.180548,Delay-insensitive,1,1.75
510900,aIp3NFGGU9dWm5X3Vw7z9776lFNPuJjB1G29ywH/662WwmqOfy6BRVLentY8lNUk,4.53765,7.401989,23.116126,0,2591700,19.180548,Delay-insensitive,1,1.75
511200,aIp3NFGGU9dWm5X3Vw7z9776lFNPuJjB1G29ywH/662WwmqOfy6BRVLentY8lNUk,4.900219,5.704152,7.461183,0,2591700,19.180548,Delay-insensitive,1,1.75
511500,aIp3NFGGU9dWm5X3Vw7z9776lFNPuJjB1G29ywH/662WwmqOfy6BRVLentY8lNUk,4.463533,5.662048,8.273911,0,2591700,19.180548,Delay-insensitive,1,1.75
511800,aIp3NFGGU9dWm5X3Vw7z9776lFNPuJjB1G29ywH/662WwmqOfy6BRVLentY8lNUk,4.8831430000000005,5.564776999999999,7.041693,0,2591700,19.180548,Delay-insensitive,1,1.75
512100,aIp3NFGGU9dWm5X3Vw7z9776lFNPuJjB1G29ywH/662WwmqOfy6BRVLentY8lNUk,4.942582,5.758842,7.736669999999999,0,2591700,19.180548,Delay-insensitive,1,1.75
512400,aIp3NFGGU9dWm5X3Vw7z9776lFNPuJjB1G29ywH/662WwmqOfy6BRVLentY8lNUk,4.65526,5.591872,7.715617,0,2591700,19.180548,Delay-insensitive,1,1.75
512700,aIp3NFGGU9dWm5X3Vw7z9776lFNPuJjB1G29ywH/662WwmqOfy6BRVLentY8lNUk,4.700994000000001,5.51363,7.486496000000001,0,2591700,19.180548,Delay-insensitive,1,1.75
513000,aIp3NFGGU9dWm5X3Vw7z9776lFNPuJjB1G29ywH/662WwmqOfy6BRVLentY8lNUk,4.886491,5.709247,7.261066,0,2591700,19.180548,Delay-insensitive,1,1.75
513300,aIp3NFGGU9dWm5X3Vw7z9776lFNPuJjB1G29ywH/662WwmqOfy6BRVLentY8lNUk,4.739333,5.519245,6.749733999999999,0,2591700,19.180548,Delay-insensitive,1,1.75
513600,aIp3NFGGU9dWm5X3Vw7z9776lFNPuJjB1G29ywH/662WwmqOfy6BRVLentY8lNUk,4.719297,5.455138,6.291982,0,2591700,19.180548,Delay-insensitive,1,1.75
513900,aIp3NFGGU9dWm5X3Vw7z9776lFNPuJjB1G29ywH/662WwmqOfy6BRVLentY8lNUk,4.588922,5.621876,7.806367,0,2591700,19.180548,Delay-insensitive,1,1.75
514200,aIp3NFGGU9dWm5X3Vw7z9776lFNPuJjB1G29ywH/662WwmqOfy6BRVLentY8lNUk,4.407651,5.315983999999999,7.169300999999999,0,2591700,19.180548,Delay-insensitive,1,1.75
514500,aIp3NFGGU9dWm5X3Vw7z9776lFNPuJjB1G29ywH/662WwmqOfy6BRVLentY8lNUk,4.861199,7.39927,21.142892,0,2591700,19.180548,Delay-insensitive,1,1.75
514800,aIp3NFGGU9dWm5X3Vw7z9776lFNPuJjB1G29ywH/662WwmqOfy6BRVLentY8lNUk,4.593078,6.196198000000001,11.961367999999998,0,2591700,19.180548,Delay-insensitive,1,1.75
515100,aIp3NFGGU9dWm5X3Vw7z9776lFNPuJjB1G29ywH/662WwmqOfy6BRVLentY8lNUk,4.5911480000000005,5.379546,6.798760000000001,0,2591700,19.180548,Delay-insensitive,1,1.75
515400,aIp3NFGGU9dWm5X3Vw7z9776lFNPuJjB1G29ywH/662WwmqOfy6BRVLentY8lNUk,3.3561300000000003,5.362975,6.680242999999999,0,2591700,19.180548,Delay-insensitive,1,1.75
515700,aIp3NFGGU9dWm5X3Vw7z9776lFNPuJjB1G29ywH/662WwmqOfy6BRVLentY8lNUk,4.689171,5.6303730000000005,7.481331,0,2591700,19.180548,Delay-insensitive,1,1.75
516000,aIp3NFGGU9dWm5X3Vw7z9776lFNPuJjB1G29ywH/662WwmqOfy6BRVLentY8lNUk,4.890799,5.315991,6.248318,0,2591700,19.180548,Delay-insensitive,1,1.75
516300,aIp3NFGGU9dWm5X3Vw7z9776lFNPuJjB1G29ywH/662WwmqOfy6BRVLentY8lNUk,4.824023,5.797812,7.076092999999999,0,2591700,19.180548,Delay-insensitive,1,1.75
516600,aIp3NFGGU9dWm5X3Vw7z9776lFNPuJjB1G29ywH/662WwmqOfy6BRVLentY8lNUk,4.850366999999999,5.696542,7.619772,0,2591700,19.180548,Delay-insensitive,1,1.75
516900,aIp3NFGGU9dWm5X3Vw7z9776lFNPuJjB1G29ywH/662WwmqOfy6BRVLentY8lNUk,4.6673800000000005,5.539122,6.985030999999999,0,2591700,19.180548,Delay-insensitive,1,1.75
517200,aIp3NFGGU9dWm5X3Vw7z9776lFNPuJjB1G29ywH/662WwmqOfy6BRVLentY8lNUk,4.518432,5.62816,6.905596000000001,0,2591700,19.180548,Delay-insensitive,1,1.75
517500,aIp3NFGGU9dWm5X3Vw7z9776lFNPuJjB1G29ywH/662WwmqOfy6BRVLentY8lNUk,4.504082,5.952876,11.177168,0,2591700,19.180548,Delay-insensitive,1,1.75
517800,aIp3NFGGU9dWm5X3Vw7z9776lFNPuJjB1G29ywH/662WwmqOfy6BRVLentY8lNUk,4.707212999999999,5.401905,6.285008,0,2591700,19.180548,Delay-insensitive,1,1.75
518100,aIp3NFGGU9dWm5X3Vw7z9776lFNPuJjB1G29ywH/662WwmqOfy6BRVLentY8lNUk,4.551106,7.402138000000001,22.720426,0,2591700,19.180548,Delay-insensitive,1,1.75
518400,aIp3NFGGU9dWm5X3Vw7z9776lFNPuJjB1G29ywH/662WwmqOfy6BRVLentY8lNUk,4.682869,5.685885,7.820478,0,2591700,19.180548,Delay-insensitive,1,1.75
518700,aIp3NFGGU9dWm5X3Vw7z9776lFNPuJjB1G29ywH/662WwmqOfy6BRVLentY8lNUk,4.736987999999999,5.501062999999999,7.031896000000001,0,2591700,19.180548,Delay-insensitive,1,1.75
519000,aIp3NFGGU9dWm5X3Vw7z9776lFNPuJjB1G29ywH/662WwmqOfy6BRVLentY8lNUk,4.294126,5.713246,7.043844,0,2591700,19.180548,Delay-insensitive,1,1.75
519300,aIp3NFGGU9dWm5X3Vw7z9776lFNPuJjB1G29ywH/662WwmqOfy6BRVLentY8lNUk,4.689277,5.686303,7.21011,0,2591700,19.180548,Delay-insensitive,1,1.75
519600,aIp3NFGGU9dWm5X3Vw7z9776lFNPuJjB1G29ywH/662WwmqOfy6BRVLentY8lNUk,5.016407,5.507308,6.491579,0,2591700,19.180548,Delay-insensitive,1,1.75
519900,aIp3NFGGU9dWm5X3Vw7z9776lFNPuJjB1G29ywH/662WwmqOfy6BRVLentY8lNUk,4.569739,5.541639,6.729689,0,2591700,19.180548,Delay-insensitive,1,1.75
520200,aIp3NFGGU9dWm5X3Vw7z9776lFNPuJjB1G29ywH/662WwmqOfy6BRVLentY8lNUk,4.545298000000001,5.684919,7.413572,0,2591700,19.180548,Delay-insensitive,1,1.75
520500,aIp3NFGGU9dWm5X3Vw7z9776lFNPuJjB1G29ywH/662WwmqOfy6BRVLentY8lNUk,4.593,5.314975,6.560111,0,2591700,19.180548,Delay-insensitive,1,1.75
520800,aIp3NFGGU9dWm5X3Vw7z9776lFNPuJjB1G29ywH/662WwmqOfy6BRVLentY8lNUk,3.984966000000001,5.321425,6.971322,0,2591700,19.180548,Delay-insensitive,1,1.75
521100,aIp3NFGGU9dWm5X3Vw7z9776lFNPuJjB1G29ywH/662WwmqOfy6BRVLentY8lNUk,4.566196,5.328307,6.878738,0,2591700,19.180548,Delay-insensitive,1,1.75
521400,aIp3NFGGU9dWm5X3Vw7z9776lFNPuJjB1G29ywH/662WwmqOfy6BRVLentY8lNUk,3.84913,5.036889,6.482412999999999,0,2591700,19.180548,Delay-insensitive,1,1.75
521700,aIp3NFGGU9dWm5X3Vw7z9776lFNPuJjB1G29ywH/662WwmqOfy6BRVLentY8lNUk,3.956999,7.235550999999999,23.260829,0,2591700,19.180548,Delay-insensitive,1,1.75
522000,aIp3NFGGU9dWm5X3Vw7z9776lFNPuJjB1G29ywH/662WwmqOfy6BRVLentY8lNUk,4.768733999999999,5.5372330000000005,7.056541999999999,0,2591700,19.180548,Delay-insensitive,1,1.75
522300,aIp3NFGGU9dWm5X3Vw7z9776lFNPuJjB1G29ywH/662WwmqOfy6BRVLentY8lNUk,4.641808,5.427974,6.337085,0,2591700,19.180548,Delay-insensitive,1,1.75
522600,aIp3NFGGU9dWm5X3Vw7z9776lFNPuJjB1G29ywH/662WwmqOfy6BRVLentY8lNUk,4.572705,5.466349,6.826600999999999,0,2591700,19.180548,Delay-insensitive,1,1.75
522900,aIp3NFGGU9dWm5X3Vw7z9776lFNPuJjB1G29ywH/662WwmqOfy6BRVLentY8lNUk,3.857493,5.432987000000001,7.329086,0,2591700,19.180548,Delay-insensitive,1,1.75
523200,aIp3NFGGU9dWm5X3Vw7z9776lFNPuJjB1G29ywH/662WwmqOfy6BRVLentY8lNUk,4.817876999999999,5.277658,6.571923,0,2591700,19.180548,Delay-insensitive,1,1.75
523500,aIp3NFGGU9dWm5X3Vw7z9776lFNPuJjB1G29ywH/662WwmqOfy6BRVLentY8lNUk,4.843671,6.75719,16.962887,0,2591700,19.180548,Delay-insensitive,1,1.75
523800,aIp3NFGGU9dWm5X3Vw7z9776lFNPuJjB1G29ywH/662WwmqOfy6BRVLentY8lNUk,5.027496,5.455835,6.368949,0,2591700,19.180548,Delay-insensitive,1,1.75
524100,aIp3NFGGU9dWm5X3Vw7z9776lFNPuJjB1G29ywH/662WwmqOfy6BRVLentY8lNUk,4.114963,5.277669,7.220785,0,2591700,19.180548,Delay-insensitive,1,1.75
524400,aIp3NFGGU9dWm5X3Vw7z9776lFNPuJjB1G29ywH/662WwmqOfy6BRVLentY8lNUk,4.67507,5.558815,7.578399,0,2591700,19.180548,Delay-insensitive,1,1.75
524700,aIp3NFGGU9dWm5X3Vw7z9776lFNPuJjB1G29ywH/662WwmqOfy6BRVLentY8lNUk,4.555829,5.3942,6.95805,0,2591700,19.180548,Delay-insensitive,1,1.75
525000,aIp3NFGGU9dWm5X3Vw7z9776lFNPuJjB1G29ywH/662WwmqOfy6BRVLentY8lNUk,4.37491,5.420817,7.009595,0,2591700,19.180548,Delay-insensitive,1,1.75
525300,aIp3NFGGU9dWm5X3Vw7z9776lFNPuJjB1G29ywH/662WwmqOfy6BRVLentY8lNUk,4.679947,7.039766,22.223339000000003,0,2591700,19.180548,Delay-insensitive,1,1.75
525600,aIp3NFGGU9dWm5X3Vw7z9776lFNPuJjB1G29ywH/662WwmqOfy6BRVLentY8lNUk,4.72731,5.337237,7.678716,0,2591700,19.180548,Delay-insensitive,1,1.75
525900,aIp3NFGGU9dWm5X3Vw7z9776lFNPuJjB1G29ywH/662WwmqOfy6BRVLentY8lNUk,4.618183,5.450880000000001,6.898942999999999,0,2591700,19.180548,Delay-insensitive,1,1.75
526200,aIp3NFGGU9dWm5X3Vw7z9776lFNPuJjB1G29ywH/662WwmqOfy6BRVLentY8lNUk,4.568839,5.4200550000000005,6.489903,0,2591700,19.180548,Delay-insensitive,1,1.75
526500,aIp3NFGGU9dWm5X3Vw7z9776lFNPuJjB1G29ywH/662WwmqOfy6BRVLentY8lNUk,4.47675,5.192908,6.779217999999999,0,2591700,19.180548,Delay-insensitive,1,1.75
526800,aIp3NFGGU9dWm5X3Vw7z9776lFNPuJjB1G29ywH/662WwmqOfy6BRVLentY8lNUk,3.804107,5.201551,6.845778999999999,0,2591700,19.180548,Delay-insensitive,1,1.75
527100,aIp3NFGGU9dWm5X3Vw7z9776lFNPuJjB1G29ywH/662WwmqOfy6BRVLentY8lNUk,4.093532,5.3148480000000005,7.705048,0,2591700,19.180548,Delay-insensitive,1,1.75
527400,aIp3NFGGU9dWm5X3Vw7z9776lFNPuJjB1G29ywH/662WwmqOfy6BRVLentY8lNUk,4.799083,5.425438,6.749728,0,2591700,19.180548,Delay-insensitive,1,1.75
527700,aIp3NFGGU9dWm5X3Vw7z9776lFNPuJjB1G29ywH/662WwmqOfy6BRVLentY8lNUk,3.167267,5.312355999999999,7.506133999999999,0,2591700,19.180548,Delay-insensitive,1,1.75
528000,aIp3NFGGU9dWm5X3Vw7z9776lFNPuJjB1G29ywH/662WwmqOfy6BRVLentY8lNUk,4.541421,5.463643,7.291524000000001,0,2591700,19.180548,Delay-insensitive,1,1.75
528300,aIp3NFGGU9dWm5X3Vw7z9776lFNPuJjB1G29ywH/662WwmqOfy6BRVLentY8lNUk,4.240346,5.30478,7.373227,0,2591700,19.180548,Delay-insensitive,1,1.75
528600,aIp3NFGGU9dWm5X3Vw7z9776lFNPuJjB1G29ywH/662WwmqOfy6BRVLentY8lNUk,4.667794000000001,5.429849,6.950383,0,2591700,19.180548,Delay-insensitive,1,1.75
528900,aIp3NFGGU9dWm5X3Vw7z9776lFNPuJjB1G29ywH/662WwmqOfy6BRVLentY8lNUk,4.429203,7.05082,21.237438,0,2591700,19.180548,Delay-insensitive,1,1.75
529200,aIp3NFGGU9dWm5X3Vw7z9776lFNPuJjB1G29ywH/662WwmqOfy6BRVLentY8lNUk,4.745672,5.350339,6.078827,0,2591700,19.180548,Delay-insensitive,1,1.75
529500,aIp3NFGGU9dWm5X3Vw7z9776lFNPuJjB1G29ywH/662WwmqOfy6BRVLentY8lNUk,3.761445,5.234896,6.017692,0,2591700,19.180548,Delay-insensitive,1,1.75
529800,aIp3NFGGU9dWm5X3Vw7z9776lFNPuJjB1G29ywH/662WwmqOfy6BRVLentY8lNUk,4.714586,8.525029,35.798085,0,2591700,19.180548,Delay-insensitive,1,1.75
530100,aIp3NFGGU9dWm5X3Vw7z9776lFNPuJjB1G29ywH/662WwmqOfy6BRVLentY8lNUk,4.425667,5.374683,6.845167,0,2591700,19.180548,Delay-insensitive,1,1.75
530400,aIp3NFGGU9dWm5X3Vw7z9776lFNPuJjB1G29ywH/662WwmqOfy6BRVLentY8lNUk,4.278843,5.207544,6.547822,0,2591700,19.180548,Delay-insensitive,1,1.75
530700,aIp3NFGGU9dWm5X3Vw7z9776lFNPuJjB1G29ywH/662WwmqOfy6BRVLentY8lNUk,4.9775730000000005,5.52214,6.908092999999999,0,2591700,19.180548,Delay-insensitive,1,1.75
531000,aIp3NFGGU9dWm5X3Vw7z9776lFNPuJjB1G29ywH/662WwmqOfy6BRVLentY8lNUk,4.356063,5.266774,6.42209,0,2591700,19.180548,Delay-insensitive,1,1.75
531300,aIp3NFGGU9dWm5X3Vw7z9776lFNPuJjB1G29ywH/662WwmqOfy6BRVLentY8lNUk,4.683187,15.017948,52.517686,0,2591700,19.180548,Delay-insensitive,1,1.75
531600,aIp3NFGGU9dWm5X3Vw7z9776lFNPuJjB1G29ywH/662WwmqOfy6BRVLentY8lNUk,4.974921,5.836185,7.415352,0,2591700,19.180548,Delay-insensitive,1,1.75
531900,aIp3NFGGU9dWm5X3Vw7z9776lFNPuJjB1G29ywH/662WwmqOfy6BRVLentY8lNUk,4.7221660000000005,5.424225,6.227235,0,2591700,19.180548,Delay-insensitive,1,1.75
532200,aIp3NFGGU9dWm5X3Vw7z9776lFNPuJjB1G29ywH/662WwmqOfy6BRVLentY8lNUk,3.477694,5.46077,7.004544999999999,0,2591700,19.180548,Delay-insensitive,1,1.75
532500,aIp3NFGGU9dWm5X3Vw7z9776lFNPuJjB1G29ywH/662WwmqOfy6BRVLentY8lNUk,3.77074,5.959528,7.72797,0,2591700,19.180548,Delay-insensitive,1,1.75
532800,aIp3NFGGU9dWm5X3Vw7z9776lFNPuJjB1G29ywH/662WwmqOfy6BRVLentY8lNUk,4.528729,5.297048,6.585996000000001,0,2591700,19.180548,Delay-insensitive,1,1.75
533100,aIp3NFGGU9dWm5X3Vw7z9776lFNPuJjB1G29ywH/662WwmqOfy6BRVLentY8lNUk,4.616230000000001,5.462161,6.731422,0,2591700,19.180548,Delay-insensitive,1,1.75
533400,aIp3NFGGU9dWm5X3Vw7z9776lFNPuJjB1G29ywH/662WwmqOfy6BRVLentY8lNUk,4.841023000000001,5.726319999999999,7.536303,0,2591700,19.180548,Delay-insensitive,1,1.75
533700,aIp3NFGGU9dWm5X3Vw7z9776lFNPuJjB1G29ywH/662WwmqOfy6BRVLentY8lNUk,4.627576,5.36674,6.771302,0,2591700,19.180548,Delay-insensitive,1,1.75
534000,aIp3NFGGU9dWm5X3Vw7z9776lFNPuJjB1G29ywH/662WwmqOfy6BRVLentY8lNUk,4.794948000000001,5.5070440000000005,6.839157000000001,0,2591700,19.180548,Delay-insensitive,1,1.75
534300,aIp3NFGGU9dWm5X3Vw7z9776lFNPuJjB1G29ywH/662WwmqOfy6BRVLentY8lNUk,4.819833999999999,5.687547,7.317007,0,2591700,19.180548,Delay-insensitive,1,1.75
534600,aIp3NFGGU9dWm5X3Vw7z9776lFNPuJjB1G29ywH/662WwmqOfy6BRVLentY8lNUk,4.6967300000000005,5.3238330000000005,6.6177600000000005,0,2591700,19.180548,Delay-insensitive,1,1.75
534900,aIp3NFGGU9dWm5X3Vw7z9776lFNPuJjB1G29ywH/662WwmqOfy6BRVLentY8lNUk,4.86217,5.67089,7.206121,0,2591700,19.180548,Delay-insensitive,1,1.75
535200,aIp3NFGGU9dWm5X3Vw7z9776lFNPuJjB1G29ywH/662WwmqOfy6BRVLentY8lNUk,4.865823000000001,5.5770550000000005,6.406717,0,2591700,19.180548,Delay-insensitive,1,1.75
535500,aIp3NFGGU9dWm5X3Vw7z9776lFNPuJjB1G29ywH/662WwmqOfy6BRVLentY8lNUk,4.368963,5.512463,6.777483,0,2591700,19.180548,Delay-insensitive,1,1.75
535800,aIp3NFGGU9dWm5X3Vw7z9776lFNPuJjB1G29ywH/662WwmqOfy6BRVLentY8lNUk,4.644209,5.700762,7.382574000000001,0,2591700,19.180548,Delay-insensitive,1,1.75
536100,aIp3NFGGU9dWm5X3Vw7z9776lFNPuJjB1G29ywH/662WwmqOfy6BRVLentY8lNUk,4.83316,7.363416,22.723155,0,2591700,19.180548,Delay-insensitive,1,1.75
536400,aIp3NFGGU9dWm5X3Vw7z9776lFNPuJjB1G29ywH/662WwmqOfy6BRVLentY8lNUk,4.719644000000001,5.665879,7.186795,0,2591700,19.180548,Delay-insensitive,1,1.75
536700,aIp3NFGGU9dWm5X3Vw7z9776lFNPuJjB1G29ywH/662WwmqOfy6BRVLentY8lNUk,4.608819,5.31249,7.050828999999999,0,2591700,19.180548,Delay-insensitive,1,1.75
537000,aIp3NFGGU9dWm5X3Vw7z9776lFNPuJjB1G29ywH/662WwmqOfy6BRVLentY8lNUk,4.801126,5.754562,9.272354,0,2591700,19.180548,Delay-insensitive,1,1.75
537300,aIp3NFGGU9dWm5X3Vw7z9776lFNPuJjB1G29ywH/662WwmqOfy6BRVLentY8lNUk,4.571921,5.386303,7.206708,0,2591700,19.180548,Delay-insensitive,1,1.75
537600,aIp3NFGGU9dWm5X3Vw7z9776lFNPuJjB1G29ywH/662WwmqOfy6BRVLentY8lNUk,4.632607,6.204968,12.537503,0,2591700,19.180548,Delay-insensitive,1,1.75
537900,aIp3NFGGU9dWm5X3Vw7z9776lFNPuJjB1G29ywH/662WwmqOfy6BRVLentY8lNUk,4.725694,5.515054,7.257999999999999,0,2591700,19.180548,Delay-insensitive,1,1.75
538200,aIp3NFGGU9dWm5X3Vw7z9776lFNPuJjB1G29ywH/662WwmqOfy6BRVLentY8lNUk,4.615539,5.735112,7.109224,0,2591700,19.180548,Delay-insensitive,1,1.75
538500,aIp3NFGGU9dWm5X3Vw7z9776lFNPuJjB1G29ywH/662WwmqOfy6BRVLentY8lNUk,4.798082,6.401658,12.620123,0,2591700,19.180548,Delay-insensitive,1,1.75
538800,aIp3NFGGU9dWm5X3Vw7z9776lFNPuJjB1G29ywH/662WwmqOfy6BRVLentY8lNUk,4.595341,5.533258,8.160083,0,2591700,19.180548,Delay-insensitive,1,1.75
539100,aIp3NFGGU9dWm5X3Vw7z9776lFNPuJjB1G29ywH/662WwmqOfy6BRVLentY8lNUk,4.468182,5.534962,7.1688,0,2591700,19.180548,Delay-insensitive,1,1.75
539400,aIp3NFGGU9dWm5X3Vw7z9776lFNPuJjB1G29ywH/662WwmqOfy6BRVLentY8lNUk,4.7972410000000005,5.689291000000001,7.566704,0,2591700,19.180548,Delay-insensitive,1,1.75
539700,aIp3NFGGU9dWm5X3Vw7z9776lFNPuJjB1G29ywH/662WwmqOfy6BRVLentY8lNUk,4.7302480000000005,8.553081,21.851649,0,2591700,19.180548,Delay-insensitive,1,1.75
540000,aIp3NFGGU9dWm5X3Vw7z9776lFNPuJjB1G29ywH/662WwmqOfy6BRVLentY8lNUk,4.809278,8.271958,26.838222,0,2591700,19.180548,Delay-insensitive,1,1.75
540300,aIp3NFGGU9dWm5X3Vw7z9776lFNPuJjB1G29ywH/662WwmqOfy6BRVLentY8lNUk,4.983193,5.731616000000001,7.65545,0,2591700,19.180548,Delay-insensitive,1,1.75
540600,aIp3NFGGU9dWm5X3Vw7z9776lFNPuJjB1G29ywH/662WwmqOfy6BRVLentY8lNUk,4.650366,5.614796,7.508083,0,2591700,19.180548,Delay-insensitive,1,1.75
540900,aIp3NFGGU9dWm5X3Vw7z9776lFNPuJjB1G29ywH/662WwmqOfy6BRVLentY8lNUk,4.819579,5.779223,7.049144999999999,0,2591700,19.180548,Delay-insensitive,1,1.75
541200,aIp3NFGGU9dWm5X3Vw7z9776lFNPuJjB1G29ywH/662WwmqOfy6BRVLentY8lNUk,4.979421,5.819058999999999,7.489282000000001,0,2591700,19.180548,Delay-insensitive,1,1.75
541500,aIp3NFGGU9dWm5X3Vw7z9776lFNPuJjB1G29ywH/662WwmqOfy6BRVLentY8lNUk,4.82334,5.68045,8.028159,0,2591700,19.180548,Delay-insensitive,1,1.75
541800,aIp3NFGGU9dWm5X3Vw7z9776lFNPuJjB1G29ywH/662WwmqOfy6BRVLentY8lNUk,4.848728,6.618251,15.70713,0,2591700,19.180548,Delay-insensitive,1,1.75
542100,aIp3NFGGU9dWm5X3Vw7z9776lFNPuJjB1G29ywH/662WwmqOfy6BRVLentY8lNUk,4.662454,5.567796,8.032364,0,2591700,19.180548,Delay-insensitive,1,1.75
542400,aIp3NFGGU9dWm5X3Vw7z9776lFNPuJjB1G29ywH/662WwmqOfy6BRVLentY8lNUk,4.783205000000001,5.379548000000001,6.404730000000001,0,2591700,19.180548,Delay-insensitive,1,1.75
542700,aIp3NFGGU9dWm5X3Vw7z9776lFNPuJjB1G29ywH/662WwmqOfy6BRVLentY8lNUk,4.666681,5.602282,7.675288,0,2591700,19.180548,Delay-insensitive,1,1.75
543000,aIp3NFGGU9dWm5X3Vw7z9776lFNPuJjB1G29ywH/662WwmqOfy6BRVLentY8lNUk,4.493947,7.280606,21.177458,0,2591700,19.180548,Delay-insensitive,1,1.75
543300,aIp3NFGGU9dWm5X3Vw7z9776lFNPuJjB1G29ywH/662WwmqOfy6BRVLentY8lNUk,4.563256,7.124864,21.417271,0,2591700,19.180548,Delay-insensitive,1,1.75
543600,aIp3NFGGU9dWm5X3Vw7z9776lFNPuJjB1G29ywH/662WwmqOfy6BRVLentY8lNUk,4.884473000000001,5.734016,7.565583999999999,0,2591700,19.180548,Delay-insensitive,1,1.75
543900,aIp3NFGGU9dWm5X3Vw7z9776lFNPuJjB1G29ywH/662WwmqOfy6BRVLentY8lNUk,4.362582,5.563175,7.984163000000001,0,2591700,19.180548,Delay-insensitive,1,1.75
544200,aIp3NFGGU9dWm5X3Vw7z9776lFNPuJjB1G29ywH/662WwmqOfy6BRVLentY8lNUk,4.940246,5.502351999999999,6.499437,0,2591700,19.180548,Delay-insensitive,1,1.75
544500,aIp3NFGGU9dWm5X3Vw7z9776lFNPuJjB1G29ywH/662WwmqOfy6BRVLentY8lNUk,4.417873,5.315329,6.980413,0,2591700,19.180548,Delay-insensitive,1,1.75
544800,aIp3NFGGU9dWm5X3Vw7z9776lFNPuJjB1G29ywH/662WwmqOfy6BRVLentY8lNUk,4.706086,5.408553,7.214361999999999,0,2591700,19.180548,Delay-insensitive,1,1.75
545100,aIp3NFGGU9dWm5X3Vw7z9776lFNPuJjB1G29ywH/662WwmqOfy6BRVLentY8lNUk,4.828343,6.232192,13.100897,0,2591700,19.180548,Delay-insensitive,1,1.75
545400,aIp3NFGGU9dWm5X3Vw7z9776lFNPuJjB1G29ywH/662WwmqOfy6BRVLentY8lNUk,4.655744,5.885079,8.5148,0,2591700,19.180548,Delay-insensitive,1,1.75
545700,aIp3NFGGU9dWm5X3Vw7z9776lFNPuJjB1G29ywH/662WwmqOfy6BRVLentY8lNUk,4.6032910000000005,7.523083,25.773201,0,2591700,19.180548,Delay-insensitive,1,1.75
546000,aIp3NFGGU9dWm5X3Vw7z9776lFNPuJjB1G29ywH/662WwmqOfy6BRVLentY8lNUk,4.768721,5.746305,7.971697,0,2591700,19.180548,Delay-insensitive,1,1.75
546300,aIp3NFGGU9dWm5X3Vw7z9776lFNPuJjB1G29ywH/662WwmqOfy6BRVLentY8lNUk,4.344233,5.594996,7.762164,0,2591700,19.180548,Delay-insensitive,1,1.75
546600,aIp3NFGGU9dWm5X3Vw7z9776lFNPuJjB1G29ywH/662WwmqOfy6BRVLentY8lNUk,4.585044,5.466643,6.586998,0,2591700,19.180548,Delay-insensitive,1,1.75
546900,aIp3NFGGU9dWm5X3Vw7z9776lFNPuJjB1G29ywH/662WwmqOfy6BRVLentY8lNUk,4.777703,7.265574000000001,15.004207,0,2591700,19.180548,Delay-insensitive,1,1.75
547200,aIp3NFGGU9dWm5X3Vw7z9776lFNPuJjB1G29ywH/662WwmqOfy6BRVLentY8lNUk,4.681557,5.670316000000001,7.323333,0,2591700,19.180548,Delay-insensitive,1,1.75
547500,aIp3NFGGU9dWm5X3Vw7z9776lFNPuJjB1G29ywH/662WwmqOfy6BRVLentY8lNUk,4.642195,5.52133,7.542861,0,2591700,19.180548,Delay-insensitive,1,1.75
547800,aIp3NFGGU9dWm5X3Vw7z9776lFNPuJjB1G29ywH/662WwmqOfy6BRVLentY8lNUk,4.819715,6.180205,9.083317999999998,0,2591700,19.180548,Delay-insensitive,1,1.75
548100,aIp3NFGGU9dWm5X3Vw7z9776lFNPuJjB1G29ywH/662WwmqOfy6BRVLentY8lNUk,4.257621,5.363102,7.207501,0,2591700,19.180548,Delay-insensitive,1,1.75
548400,aIp3NFGGU9dWm5X3Vw7z9776lFNPuJjB1G29ywH/662WwmqOfy6BRVLentY8lNUk,4.494275,5.786521,12.622041,0,2591700,19.180548,Delay-insensitive,1,1.75
548700,aIp3NFGGU9dWm5X3Vw7z9776lFNPuJjB1G29ywH/662WwmqOfy6BRVLentY8lNUk,4.316447,5.626493,8.306341,0,2591700,19.180548,Delay-insensitive,1,1.75
549000,aIp3NFGGU9dWm5X3Vw7z9776lFNPuJjB1G29ywH/662WwmqOfy6BRVLentY8lNUk,4.506302,5.512716999999999,7.027466,0,2591700,19.180548,Delay-insensitive,1,1.75
549300,aIp3NFGGU9dWm5X3Vw7z9776lFNPuJjB1G29ywH/662WwmqOfy6BRVLentY8lNUk,4.565786,5.592384,6.898128999999999,0,2591700,19.180548,Delay-insensitive,1,1.75
549600,aIp3NFGGU9dWm5X3Vw7z9776lFNPuJjB1G29ywH/662WwmqOfy6BRVLentY8lNUk,5.083525,5.855388,6.89009,0,2591700,19.180548,Delay-insensitive,1,1.75
549900,aIp3NFGGU9dWm5X3Vw7z9776lFNPuJjB1G29ywH/662WwmqOfy6BRVLentY8lNUk,4.608709999999999,5.566266000000001,7.488907000000001,0,2591700,19.180548,Delay-insensitive,1,1.75
550200,aIp3NFGGU9dWm5X3Vw7z9776lFNPuJjB1G29ywH/662WwmqOfy6BRVLentY8lNUk,4.657022,5.388807,6.373232,0,2591700,19.180548,Delay-insensitive,1,1.75
550500,aIp3NFGGU9dWm5X3Vw7z9776lFNPuJjB1G29ywH/662WwmqOfy6BRVLentY8lNUk,4.287037000000001,7.309394999999999,22.851573,0,2591700,19.180548,Delay-insensitive,1,1.75
550800,aIp3NFGGU9dWm5X3Vw7z9776lFNPuJjB1G29ywH/662WwmqOfy6BRVLentY8lNUk,4.741358,5.6246540000000005,7.227761,0,2591700,19.180548,Delay-insensitive,1,1.75
551100,aIp3NFGGU9dWm5X3Vw7z9776lFNPuJjB1G29ywH/662WwmqOfy6BRVLentY8lNUk,4.641319,5.303961,6.497262999999999,0,2591700,19.180548,Delay-insensitive,1,1.75
551400,aIp3NFGGU9dWm5X3Vw7z9776lFNPuJjB1G29ywH/662WwmqOfy6BRVLentY8lNUk,4.782548,5.61331,7.071582,0,2591700,19.180548,Delay-insensitive,1,1.75
551700,aIp3NFGGU9dWm5X3Vw7z9776lFNPuJjB1G29ywH/662WwmqOfy6BRVLentY8lNUk,4.619794000000001,5.5363940000000005,7.174395,0,2591700,19.180548,Delay-insensitive,1,1.75
552000,aIp3NFGGU9dWm5X3Vw7z9776lFNPuJjB1G29ywH/662WwmqOfy6BRVLentY8lNUk,4.622542,5.330592,6.611608,0,2591700,19.180548,Delay-insensitive,1,1.75
552300,aIp3NFGGU9dWm5X3Vw7z9776lFNPuJjB1G29ywH/662WwmqOfy6BRVLentY8lNUk,4.938717,5.5058370000000005,6.7429630000000005,0,2591700,19.180548,Delay-insensitive,1,1.75
552600,aIp3NFGGU9dWm5X3Vw7z9776lFNPuJjB1G29ywH/662WwmqOfy6BRVLentY8lNUk,4.573847,5.541306,7.262514,0,2591700,19.180548,Delay-insensitive,1,1.75
552900,aIp3NFGGU9dWm5X3Vw7z9776lFNPuJjB1G29ywH/662WwmqOfy6BRVLentY8lNUk,4.599754,5.501672,6.720363000000001,0,2591700,19.180548,Delay-insensitive,1,1.75
553200,aIp3NFGGU9dWm5X3Vw7z9776lFNPuJjB1G29ywH/662WwmqOfy6BRVLentY8lNUk,4.436008,5.558914,6.721458,0,2591700,19.180548,Delay-insensitive,1,1.75
553500,aIp3NFGGU9dWm5X3Vw7z9776lFNPuJjB1G29ywH/662WwmqOfy6BRVLentY8lNUk,4.316502,5.567513,7.675007000000001,0,2591700,19.180548,Delay-insensitive,1,1.75
553800,aIp3NFGGU9dWm5X3Vw7z9776lFNPuJjB1G29ywH/662WwmqOfy6BRVLentY8lNUk,4.527462,5.133972,5.676521,0,2591700,19.180548,Delay-insensitive,1,1.75
554100,aIp3NFGGU9dWm5X3Vw7z9776lFNPuJjB1G29ywH/662WwmqOfy6BRVLentY8lNUk,4.493245,5.571884,6.489158,0,2591700,19.180548,Delay-insensitive,1,1.75
554400,aIp3NFGGU9dWm5X3Vw7z9776lFNPuJjB1G29ywH/662WwmqOfy6BRVLentY8lNUk,5.075675,5.674701,7.651853,0,2591700,19.180548,Delay-insensitive,1,1.75
554700,aIp3NFGGU9dWm5X3Vw7z9776lFNPuJjB1G29ywH/662WwmqOfy6BRVLentY8lNUk,4.477642,5.447943,7.120781,0,2591700,19.180548,Delay-insensitive,1,1.75
555000,aIp3NFGGU9dWm5X3Vw7z9776lFNPuJjB1G29ywH/662WwmqOfy6BRVLentY8lNUk,4.931498,5.711449,6.833235,0,2591700,19.180548,Delay-insensitive,1,1.75
555300,aIp3NFGGU9dWm5X3Vw7z9776lFNPuJjB1G29ywH/662WwmqOfy6BRVLentY8lNUk,4.673001999999999,5.559304,7.121635,0,2591700,19.180548,Delay-insensitive,1,1.75
555600,aIp3NFGGU9dWm5X3Vw7z9776lFNPuJjB1G29ywH/662WwmqOfy6BRVLentY8lNUk,4.864026,5.443664,6.220130999999999,0,2591700,19.180548,Delay-insensitive,1,1.75
555900,aIp3NFGGU9dWm5X3Vw7z9776lFNPuJjB1G29ywH/662WwmqOfy6BRVLentY8lNUk,4.558678,5.554641999999999,7.252583,0,2591700,19.180548,Delay-insensitive,1,1.75
556200,aIp3NFGGU9dWm5X3Vw7z9776lFNPuJjB1G29ywH/662WwmqOfy6BRVLentY8lNUk,4.321262,5.339302,7.122965,0,2591700,19.180548,Delay-insensitive,1,1.75
556500,aIp3NFGGU9dWm5X3Vw7z9776lFNPuJjB1G29ywH/662WwmqOfy6BRVLentY8lNUk,4.814769,5.482797,6.845637,0,2591700,19.180548,Delay-insensitive,1,1.75
556800,aIp3NFGGU9dWm5X3Vw7z9776lFNPuJjB1G29ywH/662WwmqOfy6BRVLentY8lNUk,4.596001,5.650958,8.148883999999999,0,2591700,19.180548,Delay-insensitive,1,1.75
557100,aIp3NFGGU9dWm5X3Vw7z9776lFNPuJjB1G29ywH/662WwmqOfy6BRVLentY8lNUk,4.509009,5.237316000000001,6.928255,0,2591700,19.180548,Delay-insensitive,1,1.75
557400,aIp3NFGGU9dWm5X3Vw7z9776lFNPuJjB1G29ywH/662WwmqOfy6BRVLentY8lNUk,3.936779,5.598631,7.609728,0,2591700,19.180548,Delay-insensitive,1,1.75
557700,aIp3NFGGU9dWm5X3Vw7z9776lFNPuJjB1G29ywH/662WwmqOfy6BRVLentY8lNUk,4.54245,7.307086999999999,23.007135,0,2591700,19.180548,Delay-insensitive,1,1.75
558000,aIp3NFGGU9dWm5X3Vw7z9776lFNPuJjB1G29ywH/662WwmqOfy6BRVLentY8lNUk,4.7660160000000005,5.420839,6.827168,0,2591700,19.180548,Delay-insensitive,1,1.75
558300,aIp3NFGGU9dWm5X3Vw7z9776lFNPuJjB1G29ywH/662WwmqOfy6BRVLentY8lNUk,4.77582,5.552569,7.165361999999999,0,2591700,19.180548,Delay-insensitive,1,1.75
558600,aIp3NFGGU9dWm5X3Vw7z9776lFNPuJjB1G29ywH/662WwmqOfy6BRVLentY8lNUk,4.398337000000001,5.643275,7.289942,0,2591700,19.180548,Delay-insensitive,1,1.75
558900,aIp3NFGGU9dWm5X3Vw7z9776lFNPuJjB1G29ywH/662WwmqOfy6BRVLentY8lNUk,4.504055,5.376761,6.635259,0,2591700,19.180548,Delay-insensitive,1,1.75
559200,aIp3NFGGU9dWm5X3Vw7z9776lFNPuJjB1G29ywH/662WwmqOfy6BRVLentY8lNUk,2.828236,4.917155,6.7288630000000005,0,2591700,19.180548,Delay-insensitive,1,1.75
559500,aIp3NFGGU9dWm5X3Vw7z9776lFNPuJjB1G29ywH/662WwmqOfy6BRVLentY8lNUk,4.7166760000000005,5.619121,7.298308,0,2591700,19.180548,Delay-insensitive,1,1.75
559800,aIp3NFGGU9dWm5X3Vw7z9776lFNPuJjB1G29ywH/662WwmqOfy6BRVLentY8lNUk,4.520543,5.243811,6.345151,0,2591700,19.180548,Delay-insensitive,1,1.75
560100,aIp3NFGGU9dWm5X3Vw7z9776lFNPuJjB1G29ywH/662WwmqOfy6BRVLentY8lNUk,4.744994,11.818645,41.189205,0,2591700,19.180548,Delay-insensitive,1,1.75
560400,aIp3NFGGU9dWm5X3Vw7z9776lFNPuJjB1G29ywH/662WwmqOfy6BRVLentY8lNUk,4.4861830000000005,6.17162,8.870024,0,2591700,19.180548,Delay-insensitive,1,1.75
560700,aIp3NFGGU9dWm5X3Vw7z9776lFNPuJjB1G29ywH/662WwmqOfy6BRVLentY8lNUk,4.143602,5.141867,6.097185,0,2591700,19.180548,Delay-insensitive,1,1.75
561000,aIp3NFGGU9dWm5X3Vw7z9776lFNPuJjB1G29ywH/662WwmqOfy6BRVLentY8lNUk,4.59129,5.580405000000001,7.574436,0,2591700,19.180548,Delay-insensitive,1,1.75
561300,aIp3NFGGU9dWm5X3Vw7z9776lFNPuJjB1G29ywH/662WwmqOfy6BRVLentY8lNUk,4.521578,6.519578,18.400547,0,2591700,19.180548,Delay-insensitive,1,1.75
561600,aIp3NFGGU9dWm5X3Vw7z9776lFNPuJjB1G29ywH/662WwmqOfy6BRVLentY8lNUk,4.603031,6.054795,12.237669,0,2591700,19.180548,Delay-insensitive,1,1.75
561900,aIp3NFGGU9dWm5X3Vw7z9776lFNPuJjB1G29ywH/662WwmqOfy6BRVLentY8lNUk,4.901371,5.514571,6.909892999999999,0,2591700,19.180548,Delay-insensitive,1,1.75
562200,aIp3NFGGU9dWm5X3Vw7z9776lFNPuJjB1G29ywH/662WwmqOfy6BRVLentY8lNUk,4.807657,5.427874,7.207159,0,2591700,19.180548,Delay-insensitive,1,1.75
562500,aIp3NFGGU9dWm5X3Vw7z9776lFNPuJjB1G29ywH/662WwmqOfy6BRVLentY8lNUk,4.834898,5.424649,6.535286,0,2591700,19.180548,Delay-insensitive,1,1.75
562800,aIp3NFGGU9dWm5X3Vw7z9776lFNPuJjB1G29ywH/662WwmqOfy6BRVLentY8lNUk,3.678989,5.38734,7.898677,0,2591700,19.180548,Delay-insensitive,1,1.75
563100,aIp3NFGGU9dWm5X3Vw7z9776lFNPuJjB1G29ywH/662WwmqOfy6BRVLentY8lNUk,4.557365,5.731376999999999,7.545050999999999,0,2591700,19.180548,Delay-insensitive,1,1.75
563400,aIp3NFGGU9dWm5X3Vw7z9776lFNPuJjB1G29ywH/662WwmqOfy6BRVLentY8lNUk,4.64254,5.471246,6.928757000000001,0,2591700,19.180548,Delay-insensitive,1,1.75
563700,aIp3NFGGU9dWm5X3Vw7z9776lFNPuJjB1G29ywH/662WwmqOfy6BRVLentY8lNUk,4.552147,5.430451000000001,7.318694,0,2591700,19.180548,Delay-insensitive,1,1.75
564000,aIp3NFGGU9dWm5X3Vw7z9776lFNPuJjB1G29ywH/662WwmqOfy6BRVLentY8lNUk,4.058333,5.420993,7.5014,0,2591700,19.180548,Delay-insensitive,1,1.75
564300,aIp3NFGGU9dWm5X3Vw7z9776lFNPuJjB1G29ywH/662WwmqOfy6BRVLentY8lNUk,4.853286,5.461461,6.630436,0,2591700,19.180548,Delay-insensitive,1,1.75
564600,aIp3NFGGU9dWm5X3Vw7z9776lFNPuJjB1G29ywH/662WwmqOfy6BRVLentY8lNUk,4.333529,5.227032,6.476687,0,2591700,19.180548,Delay-insensitive,1,1.75
564900,aIp3NFGGU9dWm5X3Vw7z9776lFNPuJjB1G29ywH/662WwmqOfy6BRVLentY8lNUk,4.6438440000000005,5.508712,7.04206,0,2591700,19.180548,Delay-insensitive,1,1.75
565200,aIp3NFGGU9dWm5X3Vw7z9776lFNPuJjB1G29ywH/662WwmqOfy6BRVLentY8lNUk,5.124333999999999,7.649310000000001,23.079104,0,2591700,19.180548,Delay-insensitive,1,1.75
565500,aIp3NFGGU9dWm5X3Vw7z9776lFNPuJjB1G29ywH/662WwmqOfy6BRVLentY8lNUk,4.946763,5.807767,7.693877,0,2591700,19.180548,Delay-insensitive,1,1.75
565800,aIp3NFGGU9dWm5X3Vw7z9776lFNPuJjB1G29ywH/662WwmqOfy6BRVLentY8lNUk,4.964685,5.568116000000001,7.417513,0,2591700,19.180548,Delay-insensitive,1,1.75
566100,aIp3NFGGU9dWm5X3Vw7z9776lFNPuJjB1G29ywH/662WwmqOfy6BRVLentY8lNUk,3.2917650000000003,5.628239,7.6491,0,2591700,19.180548,Delay-insensitive,1,1.75
566400,aIp3NFGGU9dWm5X3Vw7z9776lFNPuJjB1G29ywH/662WwmqOfy6BRVLentY8lNUk,4.893241000000001,5.727096,7.070908,0,2591700,19.180548,Delay-insensitive,1,1.75
566700,aIp3NFGGU9dWm5X3Vw7z9776lFNPuJjB1G29ywH/662WwmqOfy6BRVLentY8lNUk,4.765047,5.530734,7.269296000000001,0,2591700,19.180548,Delay-insensitive,1,1.75
567000,aIp3NFGGU9dWm5X3Vw7z9776lFNPuJjB1G29ywH/662WwmqOfy6BRVLentY8lNUk,4.95065,5.795640000000001,7.507142999999999,0,2591700,19.180548,Delay-insensitive,1,1.75
567300,aIp3NFGGU9dWm5X3Vw7z9776lFNPuJjB1G29ywH/662WwmqOfy6BRVLentY8lNUk,4.804853,5.838245,7.430113,0,2591700,19.180548,Delay-insensitive,1,1.75
567600,aIp3NFGGU9dWm5X3Vw7z9776lFNPuJjB1G29ywH/662WwmqOfy6BRVLentY8lNUk,4.541083,5.327091,7.272025,0,2591700,19.180548,Delay-insensitive,1,1.75
567900,aIp3NFGGU9dWm5X3Vw7z9776lFNPuJjB1G29ywH/662WwmqOfy6BRVLentY8lNUk,4.680432,5.637683999999999,7.320346000000001,0,2591700,19.180548,Delay-insensitive,1,1.75
568200,aIp3NFGGU9dWm5X3Vw7z9776lFNPuJjB1G29ywH/662WwmqOfy6BRVLentY8lNUk,4.216588,5.712151,7.952487,0,2591700,19.180548,Delay-insensitive,1,1.75
568500,aIp3NFGGU9dWm5X3Vw7z9776lFNPuJjB1G29ywH/662WwmqOfy6BRVLentY8lNUk,4.780348,5.614874,7.107783,0,2591700,19.180548,Delay-insensitive,1,1.75
568800,aIp3NFGGU9dWm5X3Vw7z9776lFNPuJjB1G29ywH/662WwmqOfy6BRVLentY8lNUk,4.550081,7.500660000000001,26.416792,0,2591700,19.180548,Delay-insensitive,1,1.75
569100,aIp3NFGGU9dWm5X3Vw7z9776lFNPuJjB1G29ywH/662WwmqOfy6BRVLentY8lNUk,4.705726,5.613798,7.012973,0,2591700,19.180548,Delay-insensitive,1,1.75
569400,aIp3NFGGU9dWm5X3Vw7z9776lFNPuJjB1G29ywH/662WwmqOfy6BRVLentY8lNUk,4.732306,5.494796,6.991055,0,2591700,19.180548,Delay-insensitive,1,1.75
569700,aIp3NFGGU9dWm5X3Vw7z9776lFNPuJjB1G29ywH/662WwmqOfy6BRVLentY8lNUk,4.742522,5.550688,7.170641000000001,0,2591700,19.180548,Delay-insensitive,1,1.75
570000,aIp3NFGGU9dWm5X3Vw7z9776lFNPuJjB1G29ywH/662WwmqOfy6BRVLentY8lNUk,4.577596,5.440612000000001,6.978307000000001,0,2591700,19.180548,Delay-insensitive,1,1.75
570300,aIp3NFGGU9dWm5X3Vw7z9776lFNPuJjB1G29ywH/662WwmqOfy6BRVLentY8lNUk,4.684595,5.698242,6.540949,0,2591700,19.180548,Delay-insensitive,1,1.75
570600,aIp3NFGGU9dWm5X3Vw7z9776lFNPuJjB1G29ywH/662WwmqOfy6BRVLentY8lNUk,4.245569000000001,5.65527,7.106217,0,2591700,19.180548,Delay-insensitive,1,1.75
570900,aIp3NFGGU9dWm5X3Vw7z9776lFNPuJjB1G29ywH/662WwmqOfy6BRVLentY8lNUk,4.767946,5.737059,7.44013,0,2591700,19.180548,Delay-insensitive,1,1.75
571200,aIp3NFGGU9dWm5X3Vw7z9776lFNPuJjB1G29ywH/662WwmqOfy6BRVLentY8lNUk,4.580566999999999,5.441587999999999,6.646960000000001,0,2591700,19.180548,Delay-insensitive,1,1.75
571500,aIp3NFGGU9dWm5X3Vw7z9776lFNPuJjB1G29ywH/662WwmqOfy6BRVLentY8lNUk,4.721253,5.561627,7.59537,0,2591700,19.180548,Delay-insensitive,1,1.75
571800,aIp3NFGGU9dWm5X3Vw7z9776lFNPuJjB1G29ywH/662WwmqOfy6BRVLentY8lNUk,4.61413,5.583637,7.752273,0,2591700,19.180548,Delay-insensitive,1,1.75
572100,aIp3NFGGU9dWm5X3Vw7z9776lFNPuJjB1G29ywH/662WwmqOfy6BRVLentY8lNUk,4.643576,5.478071,7.640584,0,2591700,19.180548,Delay-insensitive,1,1.75
572400,aIp3NFGGU9dWm5X3Vw7z9776lFNPuJjB1G29ywH/662WwmqOfy6BRVLentY8lNUk,4.871659999999999,7.332598,22.25665,0,2591700,19.180548,Delay-insensitive,1,1.75
572700,aIp3NFGGU9dWm5X3Vw7z9776lFNPuJjB1G29ywH/662WwmqOfy6BRVLentY8lNUk,4.923982,5.525373,7.888486,0,2591700,19.180548,Delay-insensitive,1,1.75
573000,aIp3NFGGU9dWm5X3Vw7z9776lFNPuJjB1G29ywH/662WwmqOfy6BRVLentY8lNUk,4.711344,5.429557,7.244925,0,2591700,19.180548,Delay-insensitive,1,1.75
573300,aIp3NFGGU9dWm5X3Vw7z9776lFNPuJjB1G29ywH/662WwmqOfy6BRVLentY8lNUk,4.857844999999999,5.671377,8.4818,0,2591700,19.180548,Delay-insensitive,1,1.75
573600,aIp3NFGGU9dWm5X3Vw7z9776lFNPuJjB1G29ywH/662WwmqOfy6BRVLentY8lNUk,4.789348,5.672817,7.601692999999999,0,2591700,19.180548,Delay-insensitive,1,1.75
573900,aIp3NFGGU9dWm5X3Vw7z9776lFNPuJjB1G29ywH/662WwmqOfy6BRVLentY8lNUk,4.706628,5.629802,7.863353999999999,0,2591700,19.180548,Delay-insensitive,1,1.75
574200,aIp3NFGGU9dWm5X3Vw7z9776lFNPuJjB1G29ywH/662WwmqOfy6BRVLentY8lNUk,4.621171,5.547404,7.847146,0,2591700,19.180548,Delay-insensitive,1,1.75
574500,aIp3NFGGU9dWm5X3Vw7z9776lFNPuJjB1G29ywH/662WwmqOfy6BRVLentY8lNUk,4.814946,5.710788,8.413994,0,2591700,19.180548,Delay-insensitive,1,1.75
574800,aIp3NFGGU9dWm5X3Vw7z9776lFNPuJjB1G29ywH/662WwmqOfy6BRVLentY8lNUk,3.4852190000000003,5.370866,7.106727,0,2591700,19.180548,Delay-insensitive,1,1.75
575100,aIp3NFGGU9dWm5X3Vw7z9776lFNPuJjB1G29ywH/662WwmqOfy6BRVLentY8lNUk,4.641425,5.3491800000000005,7.706167999999999,0,2591700,19.180548,Delay-insensitive,1,1.75
575400,aIp3NFGGU9dWm5X3Vw7z9776lFNPuJjB1G29ywH/662WwmqOfy6BRVLentY8lNUk,4.678223,5.495526,7.251098,0,2591700,19.180548,Delay-insensitive,1,1.75
575700,aIp3NFGGU9dWm5X3Vw7z9776lFNPuJjB1G29ywH/662WwmqOfy6BRVLentY8lNUk,4.738621,5.5096620000000005,7.172291,0,2591700,19.180548,Delay-insensitive,1,1.75
576000,aIp3NFGGU9dWm5X3Vw7z9776lFNPuJjB1G29ywH/662WwmqOfy6BRVLentY8lNUk,4.718307,9.543552,45.676888,0,2591700,19.180548,Delay-insensitive,1,1.75
576300,aIp3NFGGU9dWm5X3Vw7z9776lFNPuJjB1G29ywH/662WwmqOfy6BRVLentY8lNUk,4.7381150000000005,5.712545,7.512325,0,2591700,19.180548,Delay-insensitive,1,1.75
576600,aIp3NFGGU9dWm5X3Vw7z9776lFNPuJjB1G29ywH/662WwmqOfy6BRVLentY8lNUk,4.840468,5.603828,6.81318,0,2591700,19.180548,Delay-insensitive,1,1.75
576900,aIp3NFGGU9dWm5X3Vw7z9776lFNPuJjB1G29ywH/662WwmqOfy6BRVLentY8lNUk,4.552862999999999,5.517613,6.858799,0,2591700,19.180548,Delay-insensitive,1,1.75
577200,aIp3NFGGU9dWm5X3Vw7z9776lFNPuJjB1G29ywH/662WwmqOfy6BRVLentY8lNUk,4.823951,5.396099,6.648778,0,2591700,19.180548,Delay-insensitive,1,1.75
577500,aIp3NFGGU9dWm5X3Vw7z9776lFNPuJjB1G29ywH/662WwmqOfy6BRVLentY8lNUk,4.755463,5.883449,7.150361999999999,0,2591700,19.180548,Delay-insensitive,1,1.75
577800,aIp3NFGGU9dWm5X3Vw7z9776lFNPuJjB1G29ywH/662WwmqOfy6BRVLentY8lNUk,4.836715,5.656238,7.138044,0,2591700,19.180548,Delay-insensitive,1,1.75
578100,aIp3NFGGU9dWm5X3Vw7z9776lFNPuJjB1G29ywH/662WwmqOfy6BRVLentY8lNUk,4.505098,5.386702,6.882335,0,2591700,19.180548,Delay-insensitive,1,1.75
578400,aIp3NFGGU9dWm5X3Vw7z9776lFNPuJjB1G29ywH/662WwmqOfy6BRVLentY8lNUk,4.657552,5.759337,7.074250999999999,0,2591700,19.180548,Delay-insensitive,1,1.75
578700,aIp3NFGGU9dWm5X3Vw7z9776lFNPuJjB1G29ywH/662WwmqOfy6BRVLentY8lNUk,4.6483870000000005,5.60147,6.911164,0,2591700,19.180548,Delay-insensitive,1,1.75
579000,aIp3NFGGU9dWm5X3Vw7z9776lFNPuJjB1G29ywH/662WwmqOfy6BRVLentY8lNUk,4.458172,5.229781,6.690167999999999,0,2591700,19.180548,Delay-insensitive,1,1.75
579300,aIp3NFGGU9dWm5X3Vw7z9776lFNPuJjB1G29ywH/662WwmqOfy6BRVLentY8lNUk,4.731576,5.561401999999999,6.922042,0,2591700,19.180548,Delay-insensitive,1,1.75
579600,aIp3NFGGU9dWm5X3Vw7z9776lFNPuJjB1G29ywH/662WwmqOfy6BRVLentY8lNUk,4.182159,7.193878999999999,23.084261,0,2591700,19.180548,Delay-insensitive,1,1.75
579900,aIp3NFGGU9dWm5X3Vw7z9776lFNPuJjB1G29ywH/662WwmqOfy6BRVLentY8lNUk,4.370446,5.286823,6.647999,0,2591700,19.180548,Delay-insensitive,1,1.75
580200,aIp3NFGGU9dWm5X3Vw7z9776lFNPuJjB1G29ywH/662WwmqOfy6BRVLentY8lNUk,4.540265,5.805097,7.345650999999999,0,2591700,19.180548,Delay-insensitive,1,1.75
580500,aIp3NFGGU9dWm5X3Vw7z9776lFNPuJjB1G29ywH/662WwmqOfy6BRVLentY8lNUk,4.746608,5.481042,6.882351,0,2591700,19.180548,Delay-insensitive,1,1.75
580800,aIp3NFGGU9dWm5X3Vw7z9776lFNPuJjB1G29ywH/662WwmqOfy6BRVLentY8lNUk,3.629159,5.237127,6.097155,0,2591700,19.180548,Delay-insensitive,1,1.75
581100,aIp3NFGGU9dWm5X3Vw7z9776lFNPuJjB1G29ywH/662WwmqOfy6BRVLentY8lNUk,4.982994000000001,5.697737999999999,6.68688,0,2591700,19.180548,Delay-insensitive,1,1.75
581400,aIp3NFGGU9dWm5X3Vw7z9776lFNPuJjB1G29ywH/662WwmqOfy6BRVLentY8lNUk,4.825627,5.944945,9.054111,0,2591700,19.180548,Delay-insensitive,1,1.75
581700,aIp3NFGGU9dWm5X3Vw7z9776lFNPuJjB1G29ywH/662WwmqOfy6BRVLentY8lNUk,4.670131,5.52417,7.100055,0,2591700,19.180548,Delay-insensitive,1,1.75
582000,aIp3NFGGU9dWm5X3Vw7z9776lFNPuJjB1G29ywH/662WwmqOfy6BRVLentY8lNUk,4.962854,5.763493,7.817624,0,2591700,19.180548,Delay-insensitive,1,1.75
582300,aIp3NFGGU9dWm5X3Vw7z9776lFNPuJjB1G29ywH/662WwmqOfy6BRVLentY8lNUk,4.668418,5.667656,7.473839,0,2591700,19.180548,Delay-insensitive,1,1.75
582600,aIp3NFGGU9dWm5X3Vw7z9776lFNPuJjB1G29ywH/662WwmqOfy6BRVLentY8lNUk,4.62133,5.502326999999999,7.366173,0,2591700,19.180548,Delay-insensitive,1,1.75
582900,aIp3NFGGU9dWm5X3Vw7z9776lFNPuJjB1G29ywH/662WwmqOfy6BRVLentY8lNUk,3.749588,5.486635,7.937233999999999,0,2591700,19.180548,Delay-insensitive,1,1.75
583200,aIp3NFGGU9dWm5X3Vw7z9776lFNPuJjB1G29ywH/662WwmqOfy6BRVLentY8lNUk,5.142923000000001,10.335153,31.136258,0,2591700,19.180548,Delay-insensitive,1,1.75
583500,aIp3NFGGU9dWm5X3Vw7z9776lFNPuJjB1G29ywH/662WwmqOfy6BRVLentY8lNUk,4.9286080000000005,5.64688,7.354877,0,2591700,19.180548,Delay-insensitive,1,1.75
583800,aIp3NFGGU9dWm5X3Vw7z9776lFNPuJjB1G29ywH/662WwmqOfy6BRVLentY8lNUk,4.844885,5.613672,7.589803,0,2591700,19.180548,Delay-insensitive,1,1.75
584100,aIp3NFGGU9dWm5X3Vw7z9776lFNPuJjB1G29ywH/662WwmqOfy6BRVLentY8lNUk,4.710969,5.320435,6.265956,0,2591700,19.180548,Delay-insensitive,1,1.75
584400,aIp3NFGGU9dWm5X3Vw7z9776lFNPuJjB1G29ywH/662WwmqOfy6BRVLentY8lNUk,4.563682,5.540555,7.444481,0,2591700,19.180548,Delay-insensitive,1,1.75
584700,aIp3NFGGU9dWm5X3Vw7z9776lFNPuJjB1G29ywH/662WwmqOfy6BRVLentY8lNUk,4.799988,5.737113,7.732744999999999,0,2591700,19.180548,Delay-insensitive,1,1.75
585000,aIp3NFGGU9dWm5X3Vw7z9776lFNPuJjB1G29ywH/662WwmqOfy6BRVLentY8lNUk,4.732208999999999,5.638293,7.013901,0,2591700,19.180548,Delay-insensitive,1,1.75
585300,aIp3NFGGU9dWm5X3Vw7z9776lFNPuJjB1G29ywH/662WwmqOfy6BRVLentY8lNUk,4.560698,5.545469000000001,7.150603,0,2591700,19.180548,Delay-insensitive,1,1.75
585600,aIp3NFGGU9dWm5X3Vw7z9776lFNPuJjB1G29ywH/662WwmqOfy6BRVLentY8lNUk,4.3773480000000005,5.679509,7.620630999999999,0,2591700,19.180548,Delay-insensitive,1,1.75
585900,aIp3NFGGU9dWm5X3Vw7z9776lFNPuJjB1G29ywH/662WwmqOfy6BRVLentY8lNUk,4.7455620000000005,5.416404,6.6729210000000005,0,2591700,19.180548,Delay-insensitive,1,1.75
586200,aIp3NFGGU9dWm5X3Vw7z9776lFNPuJjB1G29ywH/662WwmqOfy6BRVLentY8lNUk,4.80008,5.454217,7.326627,0,2591700,19.180548,Delay-insensitive,1,1.75
586500,aIp3NFGGU9dWm5X3Vw7z9776lFNPuJjB1G29ywH/662WwmqOfy6BRVLentY8lNUk,4.72126,5.817042,6.9927220000000005,0,2591700,19.180548,Delay-insensitive,1,1.75
586800,aIp3NFGGU9dWm5X3Vw7z9776lFNPuJjB1G29ywH/662WwmqOfy6BRVLentY8lNUk,4.546328,7.386527,24.515416,0,2591700,19.180548,Delay-insensitive,1,1.75
587100,aIp3NFGGU9dWm5X3Vw7z9776lFNPuJjB1G29ywH/662WwmqOfy6BRVLentY8lNUk,4.546416000000001,5.421679,7.097687,0,2591700,19.180548,Delay-insensitive,1,1.75
587400,aIp3NFGGU9dWm5X3Vw7z9776lFNPuJjB1G29ywH/662WwmqOfy6BRVLentY8lNUk,4.803081,5.818131,7.022373,0,2591700,19.180548,Delay-insensitive,1,1.75
587700,aIp3NFGGU9dWm5X3Vw7z9776lFNPuJjB1G29ywH/662WwmqOfy6BRVLentY8lNUk,4.722988,5.444362,7.119535000000001,0,2591700,19.180548,Delay-insensitive,1,1.75
588000,aIp3NFGGU9dWm5X3Vw7z9776lFNPuJjB1G29ywH/662WwmqOfy6BRVLentY8lNUk,4.390882,5.198326,6.485104,0,2591700,19.180548,Delay-insensitive,1,1.75
588300,aIp3NFGGU9dWm5X3Vw7z9776lFNPuJjB1G29ywH/662WwmqOfy6BRVLentY8lNUk,4.784107,5.545994,6.428819,0,2591700,19.180548,Delay-insensitive,1,1.75
588600,aIp3NFGGU9dWm5X3Vw7z9776lFNPuJjB1G29ywH/662WwmqOfy6BRVLentY8lNUk,4.743308,5.720521,7.516175,0,2591700,19.180548,Delay-insensitive,1,1.75
588900,aIp3NFGGU9dWm5X3Vw7z9776lFNPuJjB1G29ywH/662WwmqOfy6BRVLentY8lNUk,4.656379,15.544024,56.532665,0,2591700,19.180548,Delay-insensitive,1,1.75
589200,aIp3NFGGU9dWm5X3Vw7z9776lFNPuJjB1G29ywH/662WwmqOfy6BRVLentY8lNUk,5.007315,7.940873,16.608845000000002,0,2591700,19.180548,Delay-insensitive,1,1.75
589500,aIp3NFGGU9dWm5X3Vw7z9776lFNPuJjB1G29ywH/662WwmqOfy6BRVLentY8lNUk,5.026767,5.84662,7.347863999999999,0,2591700,19.180548,Delay-insensitive,1,1.75
589800,aIp3NFGGU9dWm5X3Vw7z9776lFNPuJjB1G29ywH/662WwmqOfy6BRVLentY8lNUk,3.436526,5.293958,6.78823,0,2591700,19.180548,Delay-insensitive,1,1.75
590100,aIp3NFGGU9dWm5X3Vw7z9776lFNPuJjB1G29ywH/662WwmqOfy6BRVLentY8lNUk,4.949836,5.81683,7.417853,0,2591700,19.180548,Delay-insensitive,1,1.75
590400,aIp3NFGGU9dWm5X3Vw7z9776lFNPuJjB1G29ywH/662WwmqOfy6BRVLentY8lNUk,4.892098000000001,7.625555,22.949201,0,2591700,19.180548,Delay-insensitive,1,1.75
590700,aIp3NFGGU9dWm5X3Vw7z9776lFNPuJjB1G29ywH/662WwmqOfy6BRVLentY8lNUk,4.665681,5.495599,6.997177000000001,0,2591700,19.180548,Delay-insensitive,1,1.75
591000,aIp3NFGGU9dWm5X3Vw7z9776lFNPuJjB1G29ywH/662WwmqOfy6BRVLentY8lNUk,2.88805,5.477304,6.981589,0,2591700,19.180548,Delay-insensitive,1,1.75
591300,aIp3NFGGU9dWm5X3Vw7z9776lFNPuJjB1G29ywH/662WwmqOfy6BRVLentY8lNUk,4.803444,5.610108,7.241871000000001,0,2591700,19.180548,Delay-insensitive,1,1.75
591600,aIp3NFGGU9dWm5X3Vw7z9776lFNPuJjB1G29ywH/662WwmqOfy6BRVLentY8lNUk,4.347218,5.544348,6.936659,0,2591700,19.180548,Delay-insensitive,1,1.75
591900,aIp3NFGGU9dWm5X3Vw7z9776lFNPuJjB1G29ywH/662WwmqOfy6BRVLentY8lNUk,4.717135,5.601414,7.144792,0,2591700,19.180548,Delay-insensitive,1,1.75
592200,aIp3NFGGU9dWm5X3Vw7z9776lFNPuJjB1G29ywH/662WwmqOfy6BRVLentY8lNUk,4.598512,5.635432,7.985308,0,2591700,19.180548,Delay-insensitive,1,1.75
592500,aIp3NFGGU9dWm5X3Vw7z9776lFNPuJjB1G29ywH/662WwmqOfy6BRVLentY8lNUk,3.323844,5.553881,7.530726,0,2591700,19.180548,Delay-insensitive,1,1.75
592800,aIp3NFGGU9dWm5X3Vw7z9776lFNPuJjB1G29ywH/662WwmqOfy6BRVLentY8lNUk,4.854885,5.637453,7.517345,0,2591700,19.180548,Delay-insensitive,1,1.75
593100,aIp3NFGGU9dWm5X3Vw7z9776lFNPuJjB1G29ywH/662WwmqOfy6BRVLentY8lNUk,3.77666,5.531008,7.468828,0,2591700,19.180548,Delay-insensitive,1,1.75
593400,aIp3NFGGU9dWm5X3Vw7z9776lFNPuJjB1G29ywH/662WwmqOfy6BRVLentY8lNUk,4.787739,5.64035,7.410242,0,2591700,19.180548,Delay-insensitive,1,1.75
593700,aIp3NFGGU9dWm5X3Vw7z9776lFNPuJjB1G29ywH/662WwmqOfy6BRVLentY8lNUk,3.792759,5.417362000000001,7.47412,0,2591700,19.180548,Delay-insensitive,1,1.75
594000,aIp3NFGGU9dWm5X3Vw7z9776lFNPuJjB1G29ywH/662WwmqOfy6BRVLentY8lNUk,4.649701,7.369619999999999,22.698166,0,2591700,19.180548,Delay-insensitive,1,1.75
594300,aIp3NFGGU9dWm5X3Vw7z9776lFNPuJjB1G29ywH/662WwmqOfy6BRVLentY8lNUk,3.118542,5.333435,7.269903,0,2591700,19.180548,Delay-insensitive,1,1.75
594600,aIp3NFGGU9dWm5X3Vw7z9776lFNPuJjB1G29ywH/662WwmqOfy6BRVLentY8lNUk,4.4719050000000005,5.247592,6.792921000000001,0,2591700,19.180548,Delay-insensitive,1,1.75
594900,aIp3NFGGU9dWm5X3Vw7z9776lFNPuJjB1G29ywH/662WwmqOfy6BRVLentY8lNUk,3.7446,5.624186,8.076898,0,2591700,19.180548,Delay-insensitive,1,1.75
595200,aIp3NFGGU9dWm5X3Vw7z9776lFNPuJjB1G29ywH/662WwmqOfy6BRVLentY8lNUk,3.045141,5.452386,7.332667999999999,0,2591700,19.180548,Delay-insensitive,1,1.75
595500,aIp3NFGGU9dWm5X3Vw7z9776lFNPuJjB1G29ywH/662WwmqOfy6BRVLentY8lNUk,4.58504,5.659832,7.655946000000001,0,2591700,19.180548,Delay-insensitive,1,1.75
595800,aIp3NFGGU9dWm5X3Vw7z9776lFNPuJjB1G29ywH/662WwmqOfy6BRVLentY8lNUk,3.746723,5.695333,7.863467,0,2591700,19.180548,Delay-insensitive,1,1.75
596100,aIp3NFGGU9dWm5X3Vw7z9776lFNPuJjB1G29ywH/662WwmqOfy6BRVLentY8lNUk,4.845178,5.666345,7.153922000000001,0,2591700,19.180548,Delay-insensitive,1,1.75
596400,aIp3NFGGU9dWm5X3Vw7z9776lFNPuJjB1G29ywH/662WwmqOfy6BRVLentY8lNUk,4.743109,5.56871,7.814458999999999,0,2591700,19.180548,Delay-insensitive,1,1.75
596700,aIp3NFGGU9dWm5X3Vw7z9776lFNPuJjB1G29ywH/662WwmqOfy6BRVLentY8lNUk,4.752726,5.603238,6.579542,0,2591700,19.180548,Delay-insensitive,1,1.75
597000,aIp3NFGGU9dWm5X3Vw7z9776lFNPuJjB1G29ywH/662WwmqOfy6BRVLentY8lNUk,3.313678,5.224551,6.853905,0,2591700,19.180548,Delay-insensitive,1,1.75
597300,aIp3NFGGU9dWm5X3Vw7z9776lFNPuJjB1G29ywH/662WwmqOfy6BRVLentY8lNUk,4.442604,5.46185,6.439229,0,2591700,19.180548,Delay-insensitive,1,1.75
597600,aIp3NFGGU9dWm5X3Vw7z9776lFNPuJjB1G29ywH/662WwmqOfy6BRVLentY8lNUk,4.632134,7.094187,22.585006,0,2591700,19.180548,Delay-insensitive,1,1.75
597900,aIp3NFGGU9dWm5X3Vw7z9776lFNPuJjB1G29ywH/662WwmqOfy6BRVLentY8lNUk,4.316266000000001,5.405574,7.095378999999999,0,2591700,19.180548,Delay-insensitive,1,1.75
598200,aIp3NFGGU9dWm5X3Vw7z9776lFNPuJjB1G29ywH/662WwmqOfy6BRVLentY8lNUk,4.535925,5.553495,7.120821,0,2591700,19.180548,Delay-insensitive,1,1.75
598500,aIp3NFGGU9dWm5X3Vw7z9776lFNPuJjB1G29ywH/662WwmqOfy6BRVLentY8lNUk,4.586084,5.266132,6.223987999999999,0,2591700,19.180548,Delay-insensitive,1,1.75
598800,aIp3NFGGU9dWm5X3Vw7z9776lFNPuJjB1G29ywH/662WwmqOfy6BRVLentY8lNUk,4.737289,5.655846,6.828025,0,2591700,19.180548,Delay-insensitive,1,1.75
599100,aIp3NFGGU9dWm5X3Vw7z9776lFNPuJjB1G29ywH/662WwmqOfy6BRVLentY8lNUk,3.618236,5.288469,6.171606,0,2591700,19.180548,Delay-insensitive,1,1.75
599400,aIp3NFGGU9dWm5X3Vw7z9776lFNPuJjB1G29ywH/662WwmqOfy6BRVLentY8lNUk,4.756021,5.661468,6.851222,0,2591700,19.180548,Delay-insensitive,1,1.75
599700,aIp3NFGGU9dWm5X3Vw7z9776lFNPuJjB1G29ywH/662WwmqOfy6BRVLentY8lNUk,4.149653,5.353276,6.792108,0,2591700,19.180548,Delay-insensitive,1,1.75
600000,aIp3NFGGU9dWm5X3Vw7z9776lFNPuJjB1G29ywH/662WwmqOfy6BRVLentY8lNUk,4.532467,5.523219,6.926052,0,2591700,19.180548,Delay-insensitive,1,1.75
600300,aIp3NFGGU9dWm5X3Vw7z9776lFNPuJjB1G29ywH/662WwmqOfy6BRVLentY8lNUk,3.974674,5.392666999999999,7.042783,0,2591700,19.180548,Delay-insensitive,1,1.75
600600,aIp3NFGGU9dWm5X3Vw7z9776lFNPuJjB1G29ywH/662WwmqOfy6BRVLentY8lNUk,3.806397,5.238948000000001,6.387238,0,2591700,19.180548,Delay-insensitive,1,1.75
600900,aIp3NFGGU9dWm5X3Vw7z9776lFNPuJjB1G29ywH/662WwmqOfy6BRVLentY8lNUk,4.546957,5.4272800000000005,6.439316000000001,0,2591700,19.180548,Delay-insensitive,1,1.75
601200,aIp3NFGGU9dWm5X3Vw7z9776lFNPuJjB1G29ywH/662WwmqOfy6BRVLentY8lNUk,3.108874,7.072033,23.262363,0,2591700,19.180548,Delay-insensitive,1,1.75
601500,aIp3NFGGU9dWm5X3Vw7z9776lFNPuJjB1G29ywH/662WwmqOfy6BRVLentY8lNUk,4.455348000000001,5.430472,6.697635000000001,0,2591700,19.180548,Delay-insensitive,1,1.75
601800,aIp3NFGGU9dWm5X3Vw7z9776lFNPuJjB1G29ywH/662WwmqOfy6BRVLentY8lNUk,3.980699,5.355395,6.593019,0,2591700,19.180548,Delay-insensitive,1,1.75
602100,aIp3NFGGU9dWm5X3Vw7z9776lFNPuJjB1G29ywH/662WwmqOfy6BRVLentY8lNUk,4.672294,5.535933,6.638121000000001,0,2591700,19.180548,Delay-insensitive,1,1.75
602400,aIp3NFGGU9dWm5X3Vw7z9776lFNPuJjB1G29ywH/662WwmqOfy6BRVLentY8lNUk,4.598101,5.0993580000000005,5.830508999999999,0,2591700,19.180548,Delay-insensitive,1,1.75
602700,aIp3NFGGU9dWm5X3Vw7z9776lFNPuJjB1G29ywH/662WwmqOfy6BRVLentY8lNUk,4.957303,5.9094050000000005,8.312467,0,2591700,19.180548,Delay-insensitive,1,1.75
603000,aIp3NFGGU9dWm5X3Vw7z9776lFNPuJjB1G29ywH/662WwmqOfy6BRVLentY8lNUk,4.147153,5.358765,7.334264999999999,0,2591700,19.180548,Delay-insensitive,1,1.75
603300,aIp3NFGGU9dWm5X3Vw7z9776lFNPuJjB1G29ywH/662WwmqOfy6BRVLentY8lNUk,4.90143,5.444562,6.8876,0,2591700,19.180548,Delay-insensitive,1,1.75
603600,aIp3NFGGU9dWm5X3Vw7z9776lFNPuJjB1G29ywH/662WwmqOfy6BRVLentY8lNUk,3.077684,5.263907,7.016559,0,2591700,19.180548,Delay-insensitive,1,1.75
603900,aIp3NFGGU9dWm5X3Vw7z9776lFNPuJjB1G29ywH/662WwmqOfy6BRVLentY8lNUk,4.167426,5.370912000000001,8.292447,0,2591700,19.180548,Delay-insensitive,1,1.75
604200,aIp3NFGGU9dWm5X3Vw7z9776lFNPuJjB1G29ywH/662WwmqOfy6BRVLentY8lNUk,4.516817,5.3271690000000005,6.6428270000000005,0,2591700,19.180548,Delay-insensitive,1,1.75
604500,aIp3NFGGU9dWm5X3Vw7z9776lFNPuJjB1G29ywH/662WwmqOfy6BRVLentY8lNUk,4.175879,5.364933000000001,7.269525,0,2591700,19.180548,Delay-insensitive,1,1.75
604800,aIp3NFGGU9dWm5X3Vw7z9776lFNPuJjB1G29ywH/662WwmqOfy6BRVLentY8lNUk,4.66006,7.585739,24.589768,0,2591700,19.180548,Delay-insensitive,1,1.75
605100,aIp3NFGGU9dWm5X3Vw7z9776lFNPuJjB1G29ywH/662WwmqOfy6BRVLentY8lNUk,3.769522,5.10697,5.862723,0,2591700,19.180548,Delay-insensitive,1,1.75
605400,aIp3NFGGU9dWm5X3Vw7z9776lFNPuJjB1G29ywH/662WwmqOfy6BRVLentY8lNUk,5.061091,5.899296,8.558354,0,2591700,19.180548,Delay-insensitive,1,1.75
605700,aIp3NFGGU9dWm5X3Vw7z9776lFNPuJjB1G29ywH/662WwmqOfy6BRVLentY8lNUk,3.885839,5.223713,6.345443,0,2591700,19.180548,Delay-insensitive,1,1.75
606000,aIp3NFGGU9dWm5X3Vw7z9776lFNPuJjB1G29ywH/662WwmqOfy6BRVLentY8lNUk,4.533185,5.27295,6.7788710000000005,0,2591700,19.180548,Delay-insensitive,1,1.75
606300,aIp3NFGGU9dWm5X3Vw7z9776lFNPuJjB1G29ywH/662WwmqOfy6BRVLentY8lNUk,3.798844,5.4329410000000005,7.906442,0,2591700,19.180548,Delay-insensitive,1,1.75
606600,aIp3NFGGU9dWm5X3Vw7z9776lFNPuJjB1G29ywH/662WwmqOfy6BRVLentY8lNUk,3.319922,5.480102,7.921921,0,2591700,19.180548,Delay-insensitive,1,1.75
606900,aIp3NFGGU9dWm5X3Vw7z9776lFNPuJjB1G29ywH/662WwmqOfy6BRVLentY8lNUk,4.977399,5.59595,6.722915,0,2591700,19.180548,Delay-insensitive,1,1.75
607200,aIp3NFGGU9dWm5X3Vw7z9776lFNPuJjB1G29ywH/662WwmqOfy6BRVLentY8lNUk,4.887983999999999,6.931572,18.025097,0,2591700,19.180548,Delay-insensitive,1,1.75
607500,aIp3NFGGU9dWm5X3Vw7z9776lFNPuJjB1G29ywH/662WwmqOfy6BRVLentY8lNUk,4.856476,5.791082,7.384591,0,2591700,19.180548,Delay-insensitive,1,1.75
607800,aIp3NFGGU9dWm5X3Vw7z9776lFNPuJjB1G29ywH/662WwmqOfy6BRVLentY8lNUk,3.183893,5.275727,7.276515,0,2591700,19.180548,Delay-insensitive,1,1.75
608100,aIp3NFGGU9dWm5X3Vw7z9776lFNPuJjB1G29ywH/662WwmqOfy6BRVLentY8lNUk,4.514019,5.735101,7.327151,0,2591700,19.180548,Delay-insensitive,1,1.75
608400,aIp3NFGGU9dWm5X3Vw7z9776lFNPuJjB1G29ywH/662WwmqOfy6BRVLentY8lNUk,3.474864,7.373772,19.631467,0,2591700,19.180548,Delay-insensitive,1,1.75
608700,aIp3NFGGU9dWm5X3Vw7z9776lFNPuJjB1G29ywH/662WwmqOfy6BRVLentY8lNUk,4.908807,5.400582,6.580545,0,2591700,19.180548,Delay-insensitive,1,1.75
609000,aIp3NFGGU9dWm5X3Vw7z9776lFNPuJjB1G29ywH/662WwmqOfy6BRVLentY8lNUk,4.524635,5.576391,7.209453,0,2591700,19.180548,Delay-insensitive,1,1.75
609300,aIp3NFGGU9dWm5X3Vw7z9776lFNPuJjB1G29ywH/662WwmqOfy6BRVLentY8lNUk,2.7675680000000003,5.488555,7.722707000000001,0,2591700,19.180548,Delay-insensitive,1,1.75
609600,aIp3NFGGU9dWm5X3Vw7z9776lFNPuJjB1G29ywH/662WwmqOfy6BRVLentY8lNUk,4.645165,5.459772,7.315401,0,2591700,19.180548,Delay-insensitive,1,1.75
609900,aIp3NFGGU9dWm5X3Vw7z9776lFNPuJjB1G29ywH/662WwmqOfy6BRVLentY8lNUk,4.106395,5.47614,6.903835000000001,0,2591700,19.180548,Delay-insensitive,1,1.75
610200,aIp3NFGGU9dWm5X3Vw7z9776lFNPuJjB1G29ywH/662WwmqOfy6BRVLentY8lNUk,4.647248,5.527011,7.01645,0,2591700,19.180548,Delay-insensitive,1,1.75
610500,aIp3NFGGU9dWm5X3Vw7z9776lFNPuJjB1G29ywH/662WwmqOfy6BRVLentY8lNUk,4.748519,5.675879,7.398838,0,2591700,19.180548,Delay-insensitive,1,1.75
610800,aIp3NFGGU9dWm5X3Vw7z9776lFNPuJjB1G29ywH/662WwmqOfy6BRVLentY8lNUk,5.166454,5.790091,7.256322999999999,0,2591700,19.180548,Delay-insensitive,1,1.75
611100,aIp3NFGGU9dWm5X3Vw7z9776lFNPuJjB1G29ywH/662WwmqOfy6BRVLentY8lNUk,4.403075,5.415579,6.730288000000001,0,2591700,19.180548,Delay-insensitive,1,1.75
611400,aIp3NFGGU9dWm5X3Vw7z9776lFNPuJjB1G29ywH/662WwmqOfy6BRVLentY8lNUk,4.459611,5.421974,7.269448,0,2591700,19.180548,Delay-insensitive,1,1.75
611700,aIp3NFGGU9dWm5X3Vw7z9776lFNPuJjB1G29ywH/662WwmqOfy6BRVLentY8lNUk,4.555005,5.750978,7.651246,0,2591700,19.180548,Delay-insensitive,1,1.75
612000,aIp3NFGGU9dWm5X3Vw7z9776lFNPuJjB1G29ywH/662WwmqOfy6BRVLentY8lNUk,3.638414,7.320431,23.058229,0,2591700,19.180548,Delay-insensitive,1,1.75
612300,aIp3NFGGU9dWm5X3Vw7z9776lFNPuJjB1G29ywH/662WwmqOfy6BRVLentY8lNUk,4.634764,5.375243,6.238761,0,2591700,19.180548,Delay-insensitive,1,1.75
612600,aIp3NFGGU9dWm5X3Vw7z9776lFNPuJjB1G29ywH/662WwmqOfy6BRVLentY8lNUk,3.800159,5.6439900000000005,7.717564,0,2591700,19.180548,Delay-insensitive,1,1.75
612900,aIp3NFGGU9dWm5X3Vw7z9776lFNPuJjB1G29ywH/662WwmqOfy6BRVLentY8lNUk,4.704657,5.3379900000000005,6.349418,0,2591700,19.180548,Delay-insensitive,1,1.75
613200,aIp3NFGGU9dWm5X3Vw7z9776lFNPuJjB1G29ywH/662WwmqOfy6BRVLentY8lNUk,4.889901,5.611572,7.495842,0,2591700,19.180548,Delay-insensitive,1,1.75
613500,aIp3NFGGU9dWm5X3Vw7z9776lFNPuJjB1G29ywH/662WwmqOfy6BRVLentY8lNUk,4.7520430000000005,5.712616000000001,7.655106,0,2591700,19.180548,Delay-insensitive,1,1.75
613800,aIp3NFGGU9dWm5X3Vw7z9776lFNPuJjB1G29ywH/662WwmqOfy6BRVLentY8lNUk,3.481178,5.044133,6.682278,0,2591700,19.180548,Delay-insensitive,1,1.75
614100,aIp3NFGGU9dWm5X3Vw7z9776lFNPuJjB1G29ywH/662WwmqOfy6BRVLentY8lNUk,4.853565000000001,5.659127,7.285452,0,2591700,19.180548,Delay-insensitive,1,1.75
614400,aIp3NFGGU9dWm5X3Vw7z9776lFNPuJjB1G29ywH/662WwmqOfy6BRVLentY8lNUk,3.856145,5.53528,7.549548,0,2591700,19.180548,Delay-insensitive,1,1.75
614700,aIp3NFGGU9dWm5X3Vw7z9776lFNPuJjB1G29ywH/662WwmqOfy6BRVLentY8lNUk,3.705564,5.559483,7.993360000000001,0,2591700,19.180548,Delay-insensitive,1,1.75
615000,aIp3NFGGU9dWm5X3Vw7z9776lFNPuJjB1G29ywH/662WwmqOfy6BRVLentY8lNUk,4.627316,5.464563,7.562824000000001,0,2591700,19.180548,Delay-insensitive,1,1.75
615300,aIp3NFGGU9dWm5X3Vw7z9776lFNPuJjB1G29ywH/662WwmqOfy6BRVLentY8lNUk,4.902247,6.601717,13.803457,0,2591700,19.180548,Delay-insensitive,1,1.75
615600,aIp3NFGGU9dWm5X3Vw7z9776lFNPuJjB1G29ywH/662WwmqOfy6BRVLentY8lNUk,4.973758999999999,7.26538,24.483643,0,2591700,19.180548,Delay-insensitive,1,1.75
615900,aIp3NFGGU9dWm5X3Vw7z9776lFNPuJjB1G29ywH/662WwmqOfy6BRVLentY8lNUk,4.674986,5.433819000000001,7.341055,0,2591700,19.180548,Delay-insensitive,1,1.75
616200,aIp3NFGGU9dWm5X3Vw7z9776lFNPuJjB1G29ywH/662WwmqOfy6BRVLentY8lNUk,4.757721,5.629926,7.294927,0,2591700,19.180548,Delay-insensitive,1,1.75
616500,aIp3NFGGU9dWm5X3Vw7z9776lFNPuJjB1G29ywH/662WwmqOfy6BRVLentY8lNUk,4.711904,6.79035,21.160951,0,2591700,19.180548,Delay-insensitive,1,1.75
616800,aIp3NFGGU9dWm5X3Vw7z9776lFNPuJjB1G29ywH/662WwmqOfy6BRVLentY8lNUk,3.279024,4.882082,7.816767,0,2591700,19.180548,Delay-insensitive,1,1.75
617100,aIp3NFGGU9dWm5X3Vw7z9776lFNPuJjB1G29ywH/662WwmqOfy6BRVLentY8lNUk,4.367058999999999,5.478477,6.922333999999999,0,2591700,19.180548,Delay-insensitive,1,1.75
617400,aIp3NFGGU9dWm5X3Vw7z9776lFNPuJjB1G29ywH/662WwmqOfy6BRVLentY8lNUk,4.4351080000000005,6.696203999999999,19.210361,0,2591700,19.180548,Delay-insensitive,1,1.75
617700,aIp3NFGGU9dWm5X3Vw7z9776lFNPuJjB1G29ywH/662WwmqOfy6BRVLentY8lNUk,4.07701,14.260849,55.65146800000001,0,2591700,19.180548,Delay-insensitive,1,1.75
618000,aIp3NFGGU9dWm5X3Vw7z9776lFNPuJjB1G29ywH/662WwmqOfy6BRVLentY8lNUk,3.754876,5.800436,7.87789,0,2591700,19.180548,Delay-insensitive,1,1.75
618300,aIp3NFGGU9dWm5X3Vw7z9776lFNPuJjB1G29ywH/662WwmqOfy6BRVLentY8lNUk,4.812744,5.480853,7.010416,0,2591700,19.180548,Delay-insensitive,1,1.75
618600,aIp3NFGGU9dWm5X3Vw7z9776lFNPuJjB1G29ywH/662WwmqOfy6BRVLentY8lNUk,4.264179,7.484969,24.895846,0,2591700,19.180548,Delay-insensitive,1,1.75
618900,aIp3NFGGU9dWm5X3Vw7z9776lFNPuJjB1G29ywH/662WwmqOfy6BRVLentY8lNUk,4.76015,5.6419440000000005,6.894195,0,2591700,19.180548,Delay-insensitive,1,1.75
619200,aIp3NFGGU9dWm5X3Vw7z9776lFNPuJjB1G29ywH/662WwmqOfy6BRVLentY8lNUk,4.719334,7.366282000000001,24.388054,0,2591700,19.180548,Delay-insensitive,1,1.75
619500,aIp3NFGGU9dWm5X3Vw7z9776lFNPuJjB1G29ywH/662WwmqOfy6BRVLentY8lNUk,4.249014,5.509731,7.400092999999999,0,2591700,19.180548,Delay-insensitive,1,1.75
619800,aIp3NFGGU9dWm5X3Vw7z9776lFNPuJjB1G29ywH/662WwmqOfy6BRVLentY8lNUk,4.828328,7.317031,22.420368,0,2591700,19.180548,Delay-insensitive,1,1.75
620100,aIp3NFGGU9dWm5X3Vw7z9776lFNPuJjB1G29ywH/662WwmqOfy6BRVLentY8lNUk,4.493307,5.250829,6.252482,0,2591700,19.180548,Delay-insensitive,1,1.75
620400,aIp3NFGGU9dWm5X3Vw7z9776lFNPuJjB1G29ywH/662WwmqOfy6BRVLentY8lNUk,4.162856,5.228897,6.429045,0,2591700,19.180548,Delay-insensitive,1,1.75
620700,aIp3NFGGU9dWm5X3Vw7z9776lFNPuJjB1G29ywH/662WwmqOfy6BRVLentY8lNUk,4.6457690000000005,7.253552,22.465372,0,2591700,19.180548,Delay-insensitive,1,1.75
621000,aIp3NFGGU9dWm5X3Vw7z9776lFNPuJjB1G29ywH/662WwmqOfy6BRVLentY8lNUk,4.460906,5.282526,6.840063000000001,0,2591700,19.180548,Delay-insensitive,1,1.75
621300,aIp3NFGGU9dWm5X3Vw7z9776lFNPuJjB1G29ywH/662WwmqOfy6BRVLentY8lNUk,4.044995,5.344758000000001,7.119362,0,2591700,19.180548,Delay-insensitive,1,1.75
621600,aIp3NFGGU9dWm5X3Vw7z9776lFNPuJjB1G29ywH/662WwmqOfy6BRVLentY8lNUk,4.386336,5.069583000000001,6.318891000000001,0,2591700,19.180548,Delay-insensitive,1,1.75
621900,aIp3NFGGU9dWm5X3Vw7z9776lFNPuJjB1G29ywH/662WwmqOfy6BRVLentY8lNUk,4.657806,6.941122,22.849595,0,2591700,19.180548,Delay-insensitive,1,1.75
622200,aIp3NFGGU9dWm5X3Vw7z9776lFNPuJjB1G29ywH/662WwmqOfy6BRVLentY8lNUk,4.351951000000001,5.392807,6.966034,0,2591700,19.180548,Delay-insensitive,1,1.75
622500,aIp3NFGGU9dWm5X3Vw7z9776lFNPuJjB1G29ywH/662WwmqOfy6BRVLentY8lNUk,4.510106,5.4141330000000005,6.501155000000001,0,2591700,19.180548,Delay-insensitive,1,1.75
622800,aIp3NFGGU9dWm5X3Vw7z9776lFNPuJjB1G29ywH/662WwmqOfy6BRVLentY8lNUk,4.867924,8.58191,20.568818,0,2591700,19.180548,Delay-insensitive,1,1.75
623100,aIp3NFGGU9dWm5X3Vw7z9776lFNPuJjB1G29ywH/662WwmqOfy6BRVLentY8lNUk,4.59558,5.304286,7.209061999999999,0,2591700,19.180548,Delay-insensitive,1,1.75
623400,aIp3NFGGU9dWm5X3Vw7z9776lFNPuJjB1G29ywH/662WwmqOfy6BRVLentY8lNUk,4.595118,5.352983999999999,6.90103,0,2591700,19.180548,Delay-insensitive,1,1.75
623700,aIp3NFGGU9dWm5X3Vw7z9776lFNPuJjB1G29ywH/662WwmqOfy6BRVLentY8lNUk,4.048244,5.138692,7.003413,0,2591700,19.180548,Delay-insensitive,1,1.75
624000,aIp3NFGGU9dWm5X3Vw7z9776lFNPuJjB1G29ywH/662WwmqOfy6BRVLentY8lNUk,4.919247,5.909257,8.813307,0,2591700,19.180548,Delay-insensitive,1,1.75
624300,aIp3NFGGU9dWm5X3Vw7z9776lFNPuJjB1G29ywH/662WwmqOfy6BRVLentY8lNUk,4.447789,5.346882,7.389224,0,2591700,19.180548,Delay-insensitive,1,1.75
624600,aIp3NFGGU9dWm5X3Vw7z9776lFNPuJjB1G29ywH/662WwmqOfy6BRVLentY8lNUk,3.910135,5.2226230000000005,7.354633,0,2591700,19.180548,Delay-insensitive,1,1.75
624900,aIp3NFGGU9dWm5X3Vw7z9776lFNPuJjB1G29ywH/662WwmqOfy6BRVLentY8lNUk,4.4087190000000005,5.228465,7.744966000000001,0,2591700,19.180548,Delay-insensitive,1,1.75
625200,aIp3NFGGU9dWm5X3Vw7z9776lFNPuJjB1G29ywH/662WwmqOfy6BRVLentY8lNUk,3.488203,4.894826,6.950458,0,2591700,19.180548,Delay-insensitive,1,1.75
625500,aIp3NFGGU9dWm5X3Vw7z9776lFNPuJjB1G29ywH/662WwmqOfy6BRVLentY8lNUk,4.3709370000000005,5.072311,6.601694,0,2591700,19.180548,Delay-insensitive,1,1.75
625800,aIp3NFGGU9dWm5X3Vw7z9776lFNPuJjB1G29ywH/662WwmqOfy6BRVLentY8lNUk,4.262341999999999,5.090457,7.333616,0,2591700,19.180548,Delay-insensitive,1,1.75
626100,aIp3NFGGU9dWm5X3Vw7z9776lFNPuJjB1G29ywH/662WwmqOfy6BRVLentY8lNUk,3.986485,5.2777400000000005,7.260695,0,2591700,19.180548,Delay-insensitive,1,1.75
626400,aIp3NFGGU9dWm5X3Vw7z9776lFNPuJjB1G29ywH/662WwmqOfy6BRVLentY8lNUk,4.981502,10.132845,27.138473,0,2591700,19.180548,Delay-insensitive,1,1.75
626700,aIp3NFGGU9dWm5X3Vw7z9776lFNPuJjB1G29ywH/662WwmqOfy6BRVLentY8lNUk,3.794324,5.292180999999999,7.279441999999999,0,2591700,19.180548,Delay-insensitive,1,1.75
627000,aIp3NFGGU9dWm5X3Vw7z9776lFNPuJjB1G29ywH/662WwmqOfy6BRVLentY8lNUk,4.538514,5.6752720000000005,8.437023,0,2591700,19.180548,Delay-insensitive,1,1.75
627300,aIp3NFGGU9dWm5X3Vw7z9776lFNPuJjB1G29ywH/662WwmqOfy6BRVLentY8lNUk,4.576098,5.359615,7.048953,0,2591700,19.180548,Delay-insensitive,1,1.75
627600,aIp3NFGGU9dWm5X3Vw7z9776lFNPuJjB1G29ywH/662WwmqOfy6BRVLentY8lNUk,4.765283999999999,5.65902,7.60428,0,2591700,19.180548,Delay-insensitive,1,1.75
627900,aIp3NFGGU9dWm5X3Vw7z9776lFNPuJjB1G29ywH/662WwmqOfy6BRVLentY8lNUk,4.679772,5.490717,7.242388,0,2591700,19.180548,Delay-insensitive,1,1.75
628200,aIp3NFGGU9dWm5X3Vw7z9776lFNPuJjB1G29ywH/662WwmqOfy6BRVLentY8lNUk,3.893909,5.556382,6.960576,0,2591700,19.180548,Delay-insensitive,1,1.75
628500,aIp3NFGGU9dWm5X3Vw7z9776lFNPuJjB1G29ywH/662WwmqOfy6BRVLentY8lNUk,4.814444,5.603365,6.928417,0,2591700,19.180548,Delay-insensitive,1,1.75
628800,aIp3NFGGU9dWm5X3Vw7z9776lFNPuJjB1G29ywH/662WwmqOfy6BRVLentY8lNUk,4.727691,5.625214,7.159712,0,2591700,19.180548,Delay-insensitive,1,1.75
629100,aIp3NFGGU9dWm5X3Vw7z9776lFNPuJjB1G29ywH/662WwmqOfy6BRVLentY8lNUk,4.53276,5.637109,7.719489,0,2591700,19.180548,Delay-insensitive,1,1.75
629400,aIp3NFGGU9dWm5X3Vw7z9776lFNPuJjB1G29ywH/662WwmqOfy6BRVLentY8lNUk,3.893042,5.205744999999999,6.924904,0,2591700,19.180548,Delay-insensitive,1,1.75
629700,aIp3NFGGU9dWm5X3Vw7z9776lFNPuJjB1G29ywH/662WwmqOfy6BRVLentY8lNUk,4.504965,5.264233,6.663887,0,2591700,19.180548,Delay-insensitive,1,1.75
630000,aIp3NFGGU9dWm5X3Vw7z9776lFNPuJjB1G29ywH/662WwmqOfy6BRVLentY8lNUk,3.652759,6.917786,23.586623,0,2591700,19.180548,Delay-insensitive,1,1.75
630300,aIp3NFGGU9dWm5X3Vw7z9776lFNPuJjB1G29ywH/662WwmqOfy6BRVLentY8lNUk,4.083475,5.026347,6.631943,0,2591700,19.180548,Delay-insensitive,1,1.75
630600,aIp3NFGGU9dWm5X3Vw7z9776lFNPuJjB1G29ywH/662WwmqOfy6BRVLentY8lNUk,4.205388,5.243333,7.128849000000001,0,2591700,19.180548,Delay-insensitive,1,1.75
630900,aIp3NFGGU9dWm5X3Vw7z9776lFNPuJjB1G29ywH/662WwmqOfy6BRVLentY8lNUk,4.122889,5.431392,7.017401,0,2591700,19.180548,Delay-insensitive,1,1.75
631200,aIp3NFGGU9dWm5X3Vw7z9776lFNPuJjB1G29ywH/662WwmqOfy6BRVLentY8lNUk,4.549069,5.450683000000001,7.011842999999999,0,2591700,19.180548,Delay-insensitive,1,1.75
631500,aIp3NFGGU9dWm5X3Vw7z9776lFNPuJjB1G29ywH/662WwmqOfy6BRVLentY8lNUk,3.173675,5.030764,6.634855,0,2591700,19.180548,Delay-insensitive,1,1.75
631800,aIp3NFGGU9dWm5X3Vw7z9776lFNPuJjB1G29ywH/662WwmqOfy6BRVLentY8lNUk,4.420018,5.631291,9.481164,0,2591700,19.180548,Delay-insensitive,1,1.75
632100,aIp3NFGGU9dWm5X3Vw7z9776lFNPuJjB1G29ywH/662WwmqOfy6BRVLentY8lNUk,3.626846,5.19899,7.050124,0,2591700,19.180548,Delay-insensitive,1,1.75
632400,aIp3NFGGU9dWm5X3Vw7z9776lFNPuJjB1G29ywH/662WwmqOfy6BRVLentY8lNUk,4.492219,5.252339,6.736688000000001,0,2591700,19.180548,Delay-insensitive,1,1.75
632700,aIp3NFGGU9dWm5X3Vw7z9776lFNPuJjB1G29ywH/662WwmqOfy6BRVLentY8lNUk,4.001663,5.215395,7.12954,0,2591700,19.180548,Delay-insensitive,1,1.75
633000,aIp3NFGGU9dWm5X3Vw7z9776lFNPuJjB1G29ywH/662WwmqOfy6BRVLentY8lNUk,4.212324,5.007391999999999,6.150216,0,2591700,19.180548,Delay-insensitive,1,1.75
633300,aIp3NFGGU9dWm5X3Vw7z9776lFNPuJjB1G29ywH/662WwmqOfy6BRVLentY8lNUk,3.651998,4.829658,6.400617,0,2591700,19.180548,Delay-insensitive,1,1.75
633600,aIp3NFGGU9dWm5X3Vw7z9776lFNPuJjB1G29ywH/662WwmqOfy6BRVLentY8lNUk,3.71525,6.851974,22.883722,0,2591700,19.180548,Delay-insensitive,1,1.75
633900,aIp3NFGGU9dWm5X3Vw7z9776lFNPuJjB1G29ywH/662WwmqOfy6BRVLentY8lNUk,4.458345,5.120405,6.060062,0,2591700,19.180548,Delay-insensitive,1,1.75
634200,aIp3NFGGU9dWm5X3Vw7z9776lFNPuJjB1G29ywH/662WwmqOfy6BRVLentY8lNUk,4.463954,5.513271,6.661495,0,2591700,19.180548,Delay-insensitive,1,1.75
634500,aIp3NFGGU9dWm5X3Vw7z9776lFNPuJjB1G29ywH/662WwmqOfy6BRVLentY8lNUk,4.42571,5.24151,7.427869,0,2591700,19.180548,Delay-insensitive,1,1.75
634800,aIp3NFGGU9dWm5X3Vw7z9776lFNPuJjB1G29ywH/662WwmqOfy6BRVLentY8lNUk,4.2877220000000005,4.907177,6.178498,0,2591700,19.180548,Delay-insensitive,1,1.75
635100,aIp3NFGGU9dWm5X3Vw7z9776lFNPuJjB1G29ywH/662WwmqOfy6BRVLentY8lNUk,4.378872,5.285064,7.029903,0,2591700,19.180548,Delay-insensitive,1,1.75
635400,aIp3NFGGU9dWm5X3Vw7z9776lFNPuJjB1G29ywH/662WwmqOfy6BRVLentY8lNUk,2.997044,4.880949,6.351713,0,2591700,19.180548,Delay-insensitive,1,1.75
635700,aIp3NFGGU9dWm5X3Vw7z9776lFNPuJjB1G29ywH/662WwmqOfy6BRVLentY8lNUk,4.769612,5.368263,6.936917,0,2591700,19.180548,Delay-insensitive,1,1.75
636000,aIp3NFGGU9dWm5X3Vw7z9776lFNPuJjB1G29ywH/662WwmqOfy6BRVLentY8lNUk,4.453834,5.611022,7.54369,0,2591700,19.180548,Delay-insensitive,1,1.75
636300,aIp3NFGGU9dWm5X3Vw7z9776lFNPuJjB1G29ywH/662WwmqOfy6BRVLentY8lNUk,3.5079050000000005,5.454033,7.373919,0,2591700,19.180548,Delay-insensitive,1,1.75
636600,aIp3NFGGU9dWm5X3Vw7z9776lFNPuJjB1G29ywH/662WwmqOfy6BRVLentY8lNUk,4.590575,5.401187,6.543636,0,2591700,19.180548,Delay-insensitive,1,1.75
636900,aIp3NFGGU9dWm5X3Vw7z9776lFNPuJjB1G29ywH/662WwmqOfy6BRVLentY8lNUk,4.368274,5.39786,7.469227,0,2591700,19.180548,Delay-insensitive,1,1.75
637200,aIp3NFGGU9dWm5X3Vw7z9776lFNPuJjB1G29ywH/662WwmqOfy6BRVLentY8lNUk,4.751469,7.368644000000001,15.332473,0,2591700,19.180548,Delay-insensitive,1,1.75
637500,aIp3NFGGU9dWm5X3Vw7z9776lFNPuJjB1G29ywH/662WwmqOfy6BRVLentY8lNUk,4.005788,5.182245,6.444983000000001,0,2591700,19.180548,Delay-insensitive,1,1.75
637800,aIp3NFGGU9dWm5X3Vw7z9776lFNPuJjB1G29ywH/662WwmqOfy6BRVLentY8lNUk,4.994475,5.748217,7.870759,0,2591700,19.180548,Delay-insensitive,1,1.75
638100,aIp3NFGGU9dWm5X3Vw7z9776lFNPuJjB1G29ywH/662WwmqOfy6BRVLentY8lNUk,4.306184,5.170833999999999,7.026576,0,2591700,19.180548,Delay-insensitive,1,1.75
638400,aIp3NFGGU9dWm5X3Vw7z9776lFNPuJjB1G29ywH/662WwmqOfy6BRVLentY8lNUk,4.560965,5.214785,6.0359050000000005,0,2591700,19.180548,Delay-insensitive,1,1.75
638700,aIp3NFGGU9dWm5X3Vw7z9776lFNPuJjB1G29ywH/662WwmqOfy6BRVLentY8lNUk,4.262222,5.505125,7.447531,0,2591700,19.180548,Delay-insensitive,1,1.75
639000,aIp3NFGGU9dWm5X3Vw7z9776lFNPuJjB1G29ywH/662WwmqOfy6BRVLentY8lNUk,3.495677,5.022034,6.95073,0,2591700,19.180548,Delay-insensitive,1,1.75
639300,aIp3NFGGU9dWm5X3Vw7z9776lFNPuJjB1G29ywH/662WwmqOfy6BRVLentY8lNUk,4.171692,4.954308,5.796224,0,2591700,19.180548,Delay-insensitive,1,1.75
639600,aIp3NFGGU9dWm5X3Vw7z9776lFNPuJjB1G29ywH/662WwmqOfy6BRVLentY8lNUk,3.609853,4.807767,6.024149,0,2591700,19.180548,Delay-insensitive,1,1.75
639900,aIp3NFGGU9dWm5X3Vw7z9776lFNPuJjB1G29ywH/662WwmqOfy6BRVLentY8lNUk,4.317613,5.027633,6.612546000000001,0,2591700,19.180548,Delay-insensitive,1,1.75
640200,aIp3NFGGU9dWm5X3Vw7z9776lFNPuJjB1G29ywH/662WwmqOfy6BRVLentY8lNUk,3.362546,4.545225,5.4115720000000005,0,2591700,19.180548,Delay-insensitive,1,1.75
640500,aIp3NFGGU9dWm5X3Vw7z9776lFNPuJjB1G29ywH/662WwmqOfy6BRVLentY8lNUk,4.511721,5.419487,6.796813,0,2591700,19.180548,Delay-insensitive,1,1.75
640800,aIp3NFGGU9dWm5X3Vw7z9776lFNPuJjB1G29ywH/662WwmqOfy6BRVLentY8lNUk,4.024922,6.507041,22.702105,0,2591700,19.180548,Delay-insensitive,1,1.75
641100,aIp3NFGGU9dWm5X3Vw7z9776lFNPuJjB1G29ywH/662WwmqOfy6BRVLentY8lNUk,4.395237,4.942225,6.23313,0,2591700,19.180548,Delay-insensitive,1,1.75
641400,aIp3NFGGU9dWm5X3Vw7z9776lFNPuJjB1G29ywH/662WwmqOfy6BRVLentY8lNUk,4.009493,5.426858999999999,7.133681,0,2591700,19.180548,Delay-insensitive,1,1.75
641700,aIp3NFGGU9dWm5X3Vw7z9776lFNPuJjB1G29ywH/662WwmqOfy6BRVLentY8lNUk,4.1175120000000005,4.841227,6.9426440000000005,0,2591700,19.180548,Delay-insensitive,1,1.75
642000,aIp3NFGGU9dWm5X3Vw7z9776lFNPuJjB1G29ywH/662WwmqOfy6BRVLentY8lNUk,4.267404,5.192292,7.334746000000001,0,2591700,19.180548,Delay-insensitive,1,1.75
642300,aIp3NFGGU9dWm5X3Vw7z9776lFNPuJjB1G29ywH/662WwmqOfy6BRVLentY8lNUk,5.019392,5.450792,6.728161999999999,0,2591700,19.180548,Delay-insensitive,1,1.75
642600,aIp3NFGGU9dWm5X3Vw7z9776lFNPuJjB1G29ywH/662WwmqOfy6BRVLentY8lNUk,3.536341,5.191784999999999,7.477602,0,2591700,19.180548,Delay-insensitive,1,1.75
642900,aIp3NFGGU9dWm5X3Vw7z9776lFNPuJjB1G29ywH/662WwmqOfy6BRVLentY8lNUk,4.231084,4.971143,5.645455999999999,0,2591700,19.180548,Delay-insensitive,1,1.75
643200,aIp3NFGGU9dWm5X3Vw7z9776lFNPuJjB1G29ywH/662WwmqOfy6BRVLentY8lNUk,3.330728,5.012205000000001,7.152752,0,2591700,19.180548,Delay-insensitive,1,1.75
643500,aIp3NFGGU9dWm5X3Vw7z9776lFNPuJjB1G29ywH/662WwmqOfy6BRVLentY8lNUk,3.909865,4.729337,6.3191690000000005,0,2591700,19.180548,Delay-insensitive,1,1.75
643800,aIp3NFGGU9dWm5X3Vw7z9776lFNPuJjB1G29ywH/662WwmqOfy6BRVLentY8lNUk,3.73685,4.973848,6.735235,0,2591700,19.180548,Delay-insensitive,1,1.75
644100,aIp3NFGGU9dWm5X3Vw7z9776lFNPuJjB1G29ywH/662WwmqOfy6BRVLentY8lNUk,3.255579,4.92823,6.635234,0,2591700,19.180548,Delay-insensitive,1,1.75
644400,aIp3NFGGU9dWm5X3Vw7z9776lFNPuJjB1G29ywH/662WwmqOfy6BRVLentY8lNUk,4.186083,6.93775,23.584197,0,2591700,19.180548,Delay-insensitive,1,1.75
644700,aIp3NFGGU9dWm5X3Vw7z9776lFNPuJjB1G29ywH/662WwmqOfy6BRVLentY8lNUk,4.322102,5.110608999999999,6.377792,0,2591700,19.180548,Delay-insensitive,1,1.75
645000,aIp3NFGGU9dWm5X3Vw7z9776lFNPuJjB1G29ywH/662WwmqOfy6BRVLentY8lNUk,4.3773550000000006,5.497271,7.302644,0,2591700,19.180548,Delay-insensitive,1,1.75
645300,aIp3NFGGU9dWm5X3Vw7z9776lFNPuJjB1G29ywH/662WwmqOfy6BRVLentY8lNUk,4.140288,4.94972,5.890267,0,2591700,19.180548,Delay-insensitive,1,1.75
645600,aIp3NFGGU9dWm5X3Vw7z9776lFNPuJjB1G29ywH/662WwmqOfy6BRVLentY8lNUk,3.953109,4.957495,6.545474,0,2591700,19.180548,Delay-insensitive,1,1.75
645900,aIp3NFGGU9dWm5X3Vw7z9776lFNPuJjB1G29ywH/662WwmqOfy6BRVLentY8lNUk,3.630647,4.739559,6.692024000000001,0,2591700,19.180548,Delay-insensitive,1,1.75
646200,aIp3NFGGU9dWm5X3Vw7z9776lFNPuJjB1G29ywH/662WwmqOfy6BRVLentY8lNUk,4.187604,4.824898999999999,5.364521,0,2591700,19.180548,Delay-insensitive,1,1.75
646500,aIp3NFGGU9dWm5X3Vw7z9776lFNPuJjB1G29ywH/662WwmqOfy6BRVLentY8lNUk,4.68045,14.40781,54.183812,0,2591700,19.180548,Delay-insensitive,1,1.75
646800,aIp3NFGGU9dWm5X3Vw7z9776lFNPuJjB1G29ywH/662WwmqOfy6BRVLentY8lNUk,2.862618,4.85784,5.9044620000000005,0,2591700,19.180548,Delay-insensitive,1,1.75
647100,aIp3NFGGU9dWm5X3Vw7z9776lFNPuJjB1G29ywH/662WwmqOfy6BRVLentY8lNUk,4.390002,5.036684999999999,6.411514,0,2591700,19.180548,Delay-insensitive,1,1.75
647400,aIp3NFGGU9dWm5X3Vw7z9776lFNPuJjB1G29ywH/662WwmqOfy6BRVLentY8lNUk,4.483395,5.04026,6.193201999999999,0,2591700,19.180548,Delay-insensitive,1,1.75
647700,aIp3NFGGU9dWm5X3Vw7z9776lFNPuJjB1G29ywH/662WwmqOfy6BRVLentY8lNUk,4.600139,5.349762,6.953433,0,2591700,19.180548,Delay-insensitive,1,1.75
648000,aIp3NFGGU9dWm5X3Vw7z9776lFNPuJjB1G29ywH/662WwmqOfy6BRVLentY8lNUk,3.622215,6.600599000000001,22.180905,0,2591700,19.180548,Delay-insensitive,1,1.75
648300,aIp3NFGGU9dWm5X3Vw7z9776lFNPuJjB1G29ywH/662WwmqOfy6BRVLentY8lNUk,2.956256,4.646103,6.514832,0,2591700,19.180548,Delay-insensitive,1,1.75
648600,aIp3NFGGU9dWm5X3Vw7z9776lFNPuJjB1G29ywH/662WwmqOfy6BRVLentY8lNUk,4.5151,5.110814,5.9147,0,2591700,19.180548,Delay-insensitive,1,1.75
648900,aIp3NFGGU9dWm5X3Vw7z9776lFNPuJjB1G29ywH/662WwmqOfy6BRVLentY8lNUk,4.096336,4.910273999999999,5.818809,0,2591700,19.180548,Delay-insensitive,1,1.75
649200,aIp3NFGGU9dWm5X3Vw7z9776lFNPuJjB1G29ywH/662WwmqOfy6BRVLentY8lNUk,4.482422,5.182694000000001,7.233119999999999,0,2591700,19.180548,Delay-insensitive,1,1.75
649500,aIp3NFGGU9dWm5X3Vw7z9776lFNPuJjB1G29ywH/662WwmqOfy6BRVLentY8lNUk,4.951214,5.476447,6.34437,0,2591700,19.180548,Delay-insensitive,1,1.75
649800,aIp3NFGGU9dWm5X3Vw7z9776lFNPuJjB1G29ywH/662WwmqOfy6BRVLentY8lNUk,4.98813,5.452397,6.223807,0,2591700,19.180548,Delay-insensitive,1,1.75
650100,aIp3NFGGU9dWm5X3Vw7z9776lFNPuJjB1G29ywH/662WwmqOfy6BRVLentY8lNUk,5.014744,6.262097,12.364132,0,2591700,19.180548,Delay-insensitive,1,1.75
650400,aIp3NFGGU9dWm5X3Vw7z9776lFNPuJjB1G29ywH/662WwmqOfy6BRVLentY8lNUk,4.788141,6.589358,15.209959,0,2591700,19.180548,Delay-insensitive,1,1.75
650700,aIp3NFGGU9dWm5X3Vw7z9776lFNPuJjB1G29ywH/662WwmqOfy6BRVLentY8lNUk,4.382744000000001,5.086922,6.397513,0,2591700,19.180548,Delay-insensitive,1,1.75
651000,aIp3NFGGU9dWm5X3Vw7z9776lFNPuJjB1G29ywH/662WwmqOfy6BRVLentY8lNUk,3.205162,4.7725,6.840650999999999,0,2591700,19.180548,Delay-insensitive,1,1.75
651300,aIp3NFGGU9dWm5X3Vw7z9776lFNPuJjB1G29ywH/662WwmqOfy6BRVLentY8lNUk,4.35075,5.58387,7.860633,0,2591700,19.180548,Delay-insensitive,1,1.75
651600,aIp3NFGGU9dWm5X3Vw7z9776lFNPuJjB1G29ywH/662WwmqOfy6BRVLentY8lNUk,4.3153120000000005,6.7326820000000005,18.590732,0,2591700,19.180548,Delay-insensitive,1,1.75
651900,aIp3NFGGU9dWm5X3Vw7z9776lFNPuJjB1G29ywH/662WwmqOfy6BRVLentY8lNUk,4.246469,4.957987999999999,6.39837,0,2591700,19.180548,Delay-insensitive,1,1.75
652200,aIp3NFGGU9dWm5X3Vw7z9776lFNPuJjB1G29ywH/662WwmqOfy6BRVLentY8lNUk,4.034175,5.060137,6.757631,0,2591700,19.180548,Delay-insensitive,1,1.75
652500,aIp3NFGGU9dWm5X3Vw7z9776lFNPuJjB1G29ywH/662WwmqOfy6BRVLentY8lNUk,4.327049,5.048778,6.288563,0,2591700,19.180548,Delay-insensitive,1,1.75
652800,aIp3NFGGU9dWm5X3Vw7z9776lFNPuJjB1G29ywH/662WwmqOfy6BRVLentY8lNUk,4.187545,4.981592,6.904239,0,2591700,19.180548,Delay-insensitive,1,1.75
653100,aIp3NFGGU9dWm5X3Vw7z9776lFNPuJjB1G29ywH/662WwmqOfy6BRVLentY8lNUk,3.655637000000001,4.834157,5.9444230000000005,0,2591700,19.180548,Delay-insensitive,1,1.75
653400,aIp3NFGGU9dWm5X3Vw7z9776lFNPuJjB1G29ywH/662WwmqOfy6BRVLentY8lNUk,3.338074,4.713421,7.262571,0,2591700,19.180548,Delay-insensitive,1,1.75
653700,aIp3NFGGU9dWm5X3Vw7z9776lFNPuJjB1G29ywH/662WwmqOfy6BRVLentY8lNUk,3.952737,4.873535,6.780041000000001,0,2591700,19.180548,Delay-insensitive,1,1.75
654000,aIp3NFGGU9dWm5X3Vw7z9776lFNPuJjB1G29ywH/662WwmqOfy6BRVLentY8lNUk,4.974263,5.69441,6.675091,0,2591700,19.180548,Delay-insensitive,1,1.75
654300,aIp3NFGGU9dWm5X3Vw7z9776lFNPuJjB1G29ywH/662WwmqOfy6BRVLentY8lNUk,4.295385,5.436705,7.098211999999999,0,2591700,19.180548,Delay-insensitive,1,1.75
654600,aIp3NFGGU9dWm5X3Vw7z9776lFNPuJjB1G29ywH/662WwmqOfy6BRVLentY8lNUk,4.21474,5.6396690000000005,7.904996000000001,0,2591700,19.180548,Delay-insensitive,1,1.75
654900,aIp3NFGGU9dWm5X3Vw7z9776lFNPuJjB1G29ywH/662WwmqOfy6BRVLentY8lNUk,3.869246,5.4778,7.029105,0,2591700,19.180548,Delay-insensitive,1,1.75
655200,aIp3NFGGU9dWm5X3Vw7z9776lFNPuJjB1G29ywH/662WwmqOfy6BRVLentY8lNUk,4.380383999999999,7.015909,22.390336,0,2591700,19.180548,Delay-insensitive,1,1.75
655500,aIp3NFGGU9dWm5X3Vw7z9776lFNPuJjB1G29ywH/662WwmqOfy6BRVLentY8lNUk,4.828208,5.681511,6.908884,0,2591700,19.180548,Delay-insensitive,1,1.75
655800,aIp3NFGGU9dWm5X3Vw7z9776lFNPuJjB1G29ywH/662WwmqOfy6BRVLentY8lNUk,4.965056,5.733989,7.734350999999999,0,2591700,19.180548,Delay-insensitive,1,1.75
656100,aIp3NFGGU9dWm5X3Vw7z9776lFNPuJjB1G29ywH/662WwmqOfy6BRVLentY8lNUk,4.691433999999999,5.502696,7.03604,0,2591700,19.180548,Delay-insensitive,1,1.75
656400,aIp3NFGGU9dWm5X3Vw7z9776lFNPuJjB1G29ywH/662WwmqOfy6BRVLentY8lNUk,3.939905,5.491912999999999,7.638081,0,2591700,19.180548,Delay-insensitive,1,1.75
656700,aIp3NFGGU9dWm5X3Vw7z9776lFNPuJjB1G29ywH/662WwmqOfy6BRVLentY8lNUk,4.810994,5.738291,7.958767,0,2591700,19.180548,Delay-insensitive,1,1.75
657000,aIp3NFGGU9dWm5X3Vw7z9776lFNPuJjB1G29ywH/662WwmqOfy6BRVLentY8lNUk,3.903955,5.737043,7.513089999999999,0,2591700,19.180548,Delay-insensitive,1,1.75
657300,aIp3NFGGU9dWm5X3Vw7z9776lFNPuJjB1G29ywH/662WwmqOfy6BRVLentY8lNUk,4.926506,5.836437,7.852221000000001,0,2591700,19.180548,Delay-insensitive,1,1.75
657600,aIp3NFGGU9dWm5X3Vw7z9776lFNPuJjB1G29ywH/662WwmqOfy6BRVLentY8lNUk,5.143978,5.993053,8.224037,0,2591700,19.180548,Delay-insensitive,1,1.75
657900,aIp3NFGGU9dWm5X3Vw7z9776lFNPuJjB1G29ywH/662WwmqOfy6BRVLentY8lNUk,4.540417,5.747881,8.35395,0,2591700,19.180548,Delay-insensitive,1,1.75
658200,aIp3NFGGU9dWm5X3Vw7z9776lFNPuJjB1G29ywH/662WwmqOfy6BRVLentY8lNUk,4.482979,5.66218,7.937203999999999,0,2591700,19.180548,Delay-insensitive,1,1.75
658500,aIp3NFGGU9dWm5X3Vw7z9776lFNPuJjB1G29ywH/662WwmqOfy6BRVLentY8lNUk,5.146793,5.834798,7.503469,0,2591700,19.180548,Delay-insensitive,1,1.75
658800,aIp3NFGGU9dWm5X3Vw7z9776lFNPuJjB1G29ywH/662WwmqOfy6BRVLentY8lNUk,4.9346,7.611192,22.464126,0,2591700,19.180548,Delay-insensitive,1,1.75
659100,aIp3NFGGU9dWm5X3Vw7z9776lFNPuJjB1G29ywH/662WwmqOfy6BRVLentY8lNUk,4.598597,5.605654,8.020355,0,2591700,19.180548,Delay-insensitive,1,1.75
659400,aIp3NFGGU9dWm5X3Vw7z9776lFNPuJjB1G29ywH/662WwmqOfy6BRVLentY8lNUk,4.825779,5.710083,7.443753999999999,0,2591700,19.180548,Delay-insensitive,1,1.75
659700,aIp3NFGGU9dWm5X3Vw7z9776lFNPuJjB1G29ywH/662WwmqOfy6BRVLentY8lNUk,4.894411,5.764801,7.186599,0,2591700,19.180548,Delay-insensitive,1,1.75
660000,aIp3NFGGU9dWm5X3Vw7z9776lFNPuJjB1G29ywH/662WwmqOfy6BRVLentY8lNUk,4.627143,5.558624,6.843361,0,2591700,19.180548,Delay-insensitive,1,1.75
660300,aIp3NFGGU9dWm5X3Vw7z9776lFNPuJjB1G29ywH/662WwmqOfy6BRVLentY8lNUk,3.700646,5.707158,7.551871,0,2591700,19.180548,Delay-insensitive,1,1.75
660600,aIp3NFGGU9dWm5X3Vw7z9776lFNPuJjB1G29ywH/662WwmqOfy6BRVLentY8lNUk,4.708476,5.759028,7.40653,0,2591700,19.180548,Delay-insensitive,1,1.75
660900,aIp3NFGGU9dWm5X3Vw7z9776lFNPuJjB1G29ywH/662WwmqOfy6BRVLentY8lNUk,4.527508,5.344245,7.297650999999999,0,2591700,19.180548,Delay-insensitive,1,1.75
661200,aIp3NFGGU9dWm5X3Vw7z9776lFNPuJjB1G29ywH/662WwmqOfy6BRVLentY8lNUk,3.637416,5.465726999999999,7.070272999999999,0,2591700,19.180548,Delay-insensitive,1,1.75
661500,aIp3NFGGU9dWm5X3Vw7z9776lFNPuJjB1G29ywH/662WwmqOfy6BRVLentY8lNUk,4.751493,5.613404,6.996597,0,2591700,19.180548,Delay-insensitive,1,1.75
661800,aIp3NFGGU9dWm5X3Vw7z9776lFNPuJjB1G29ywH/662WwmqOfy6BRVLentY8lNUk,4.728545,5.792326999999999,7.209523,0,2591700,19.180548,Delay-insensitive,1,1.75
662100,aIp3NFGGU9dWm5X3Vw7z9776lFNPuJjB1G29ywH/662WwmqOfy6BRVLentY8lNUk,4.920495,5.555844,7.535089,0,2591700,19.180548,Delay-insensitive,1,1.75
662400,aIp3NFGGU9dWm5X3Vw7z9776lFNPuJjB1G29ywH/662WwmqOfy6BRVLentY8lNUk,4.920525,7.756902,25.743472,0,2591700,19.180548,Delay-insensitive,1,1.75
662700,aIp3NFGGU9dWm5X3Vw7z9776lFNPuJjB1G29ywH/662WwmqOfy6BRVLentY8lNUk,4.826318,5.798628,7.759632000000001,0,2591700,19.180548,Delay-insensitive,1,1.75
663000,aIp3NFGGU9dWm5X3Vw7z9776lFNPuJjB1G29ywH/662WwmqOfy6BRVLentY8lNUk,4.033428,5.732889,7.552642,0,2591700,19.180548,Delay-insensitive,1,1.75
663300,aIp3NFGGU9dWm5X3Vw7z9776lFNPuJjB1G29ywH/662WwmqOfy6BRVLentY8lNUk,4.79091,5.772647,7.348350999999999,0,2591700,19.180548,Delay-insensitive,1,1.75
663600,aIp3NFGGU9dWm5X3Vw7z9776lFNPuJjB1G29ywH/662WwmqOfy6BRVLentY8lNUk,3.890691,5.594161,7.459308999999999,0,2591700,19.180548,Delay-insensitive,1,1.75
663900,aIp3NFGGU9dWm5X3Vw7z9776lFNPuJjB1G29ywH/662WwmqOfy6BRVLentY8lNUk,3.577951,5.270967,6.883215,0,2591700,19.180548,Delay-insensitive,1,1.75
664200,aIp3NFGGU9dWm5X3Vw7z9776lFNPuJjB1G29ywH/662WwmqOfy6BRVLentY8lNUk,4.888624,5.7764940000000005,7.165005000000001,0,2591700,19.180548,Delay-insensitive,1,1.75
664500,aIp3NFGGU9dWm5X3Vw7z9776lFNPuJjB1G29ywH/662WwmqOfy6BRVLentY8lNUk,4.185958,5.491008,7.226288,0,2591700,19.180548,Delay-insensitive,1,1.75
664800,aIp3NFGGU9dWm5X3Vw7z9776lFNPuJjB1G29ywH/662WwmqOfy6BRVLentY8lNUk,5.244235,5.779756,6.827184,0,2591700,19.180548,Delay-insensitive,1,1.75
665100,aIp3NFGGU9dWm5X3Vw7z9776lFNPuJjB1G29ywH/662WwmqOfy6BRVLentY8lNUk,4.799688,5.81926,7.017564,0,2591700,19.180548,Delay-insensitive,1,1.75
665400,aIp3NFGGU9dWm5X3Vw7z9776lFNPuJjB1G29ywH/662WwmqOfy6BRVLentY8lNUk,4.630984,5.441918,6.827657,0,2591700,19.180548,Delay-insensitive,1,1.75
665700,aIp3NFGGU9dWm5X3Vw7z9776lFNPuJjB1G29ywH/662WwmqOfy6BRVLentY8lNUk,4.915613,5.926489,7.807819,0,2591700,19.180548,Delay-insensitive,1,1.75
666000,aIp3NFGGU9dWm5X3Vw7z9776lFNPuJjB1G29ywH/662WwmqOfy6BRVLentY8lNUk,4.6022050000000005,7.659712,17.750113,0,2591700,19.180548,Delay-insensitive,1,1.75
666300,aIp3NFGGU9dWm5X3Vw7z9776lFNPuJjB1G29ywH/662WwmqOfy6BRVLentY8lNUk,4.7031730000000005,5.419806,6.522011,0,2591700,19.180548,Delay-insensitive,1,1.75
666600,aIp3NFGGU9dWm5X3Vw7z9776lFNPuJjB1G29ywH/662WwmqOfy6BRVLentY8lNUk,4.627599,5.949276,8.079357,0,2591700,19.180548,Delay-insensitive,1,1.75
666900,aIp3NFGGU9dWm5X3Vw7z9776lFNPuJjB1G29ywH/662WwmqOfy6BRVLentY8lNUk,4.789051000000001,5.748112,7.691528,0,2591700,19.180548,Delay-insensitive,1,1.75
667200,aIp3NFGGU9dWm5X3Vw7z9776lFNPuJjB1G29ywH/662WwmqOfy6BRVLentY8lNUk,4.946231,7.463367999999999,23.384832,0,2591700,19.180548,Delay-insensitive,1,1.75
667500,aIp3NFGGU9dWm5X3Vw7z9776lFNPuJjB1G29ywH/662WwmqOfy6BRVLentY8lNUk,4.938749,6.034033,7.856913,0,2591700,19.180548,Delay-insensitive,1,1.75
667800,aIp3NFGGU9dWm5X3Vw7z9776lFNPuJjB1G29ywH/662WwmqOfy6BRVLentY8lNUk,4.72799,5.971826,7.769242999999999,0,2591700,19.180548,Delay-insensitive,1,1.75
668100,aIp3NFGGU9dWm5X3Vw7z9776lFNPuJjB1G29ywH/662WwmqOfy6BRVLentY8lNUk,4.784629,5.666866000000001,7.242265,0,2591700,19.180548,Delay-insensitive,1,1.75
668400,aIp3NFGGU9dWm5X3Vw7z9776lFNPuJjB1G29ywH/662WwmqOfy6BRVLentY8lNUk,5.057319000000001,6.033599,7.956179,0,2591700,19.180548,Delay-insensitive,1,1.75
668700,aIp3NFGGU9dWm5X3Vw7z9776lFNPuJjB1G29ywH/662WwmqOfy6BRVLentY8lNUk,4.9147620000000005,5.691022,7.620674,0,2591700,19.180548,Delay-insensitive,1,1.75
669000,aIp3NFGGU9dWm5X3Vw7z9776lFNPuJjB1G29ywH/662WwmqOfy6BRVLentY8lNUk,4.456405,5.335654,6.3664760000000005,0,2591700,19.180548,Delay-insensitive,1,1.75
669300,aIp3NFGGU9dWm5X3Vw7z9776lFNPuJjB1G29ywH/662WwmqOfy6BRVLentY8lNUk,4.705135,5.701417,7.420311,0,2591700,19.180548,Delay-insensitive,1,1.75
669600,aIp3NFGGU9dWm5X3Vw7z9776lFNPuJjB1G29ywH/662WwmqOfy6BRVLentY8lNUk,4.801055,7.811095,25.727539,0,2591700,19.180548,Delay-insensitive,1,1.75
669900,aIp3NFGGU9dWm5X3Vw7z9776lFNPuJjB1G29ywH/662WwmqOfy6BRVLentY8lNUk,4.802559,8.055567,25.467391,0,2591700,19.180548,Delay-insensitive,1,1.75
670200,aIp3NFGGU9dWm5X3Vw7z9776lFNPuJjB1G29ywH/662WwmqOfy6BRVLentY8lNUk,5.025683,5.675174,7.170350999999999,0,2591700,19.180548,Delay-insensitive,1,1.75
670500,aIp3NFGGU9dWm5X3Vw7z9776lFNPuJjB1G29ywH/662WwmqOfy6BRVLentY8lNUk,3.851893,5.506441000000001,7.881038,0,2591700,19.180548,Delay-insensitive,1,1.75
670800,aIp3NFGGU9dWm5X3Vw7z9776lFNPuJjB1G29ywH/662WwmqOfy6BRVLentY8lNUk,4.558749,5.45148,6.15203,0,2591700,19.180548,Delay-insensitive,1,1.75
671100,aIp3NFGGU9dWm5X3Vw7z9776lFNPuJjB1G29ywH/662WwmqOfy6BRVLentY8lNUk,4.125331,5.648283,7.455383,0,2591700,19.180548,Delay-insensitive,1,1.75
671400,aIp3NFGGU9dWm5X3Vw7z9776lFNPuJjB1G29ywH/662WwmqOfy6BRVLentY8lNUk,4.662662,5.481895,6.683747,0,2591700,19.180548,Delay-insensitive,1,1.75
671700,aIp3NFGGU9dWm5X3Vw7z9776lFNPuJjB1G29ywH/662WwmqOfy6BRVLentY8lNUk,4.448797,5.064751,5.801330999999999,0,2591700,19.180548,Delay-insensitive,1,1.75
672000,aIp3NFGGU9dWm5X3Vw7z9776lFNPuJjB1G29ywH/662WwmqOfy6BRVLentY8lNUk,4.414207,5.715765,7.808408999999999,0,2591700,19.180548,Delay-insensitive,1,1.75
672300,aIp3NFGGU9dWm5X3Vw7z9776lFNPuJjB1G29ywH/662WwmqOfy6BRVLentY8lNUk,4.839657,5.763102,8.140357,0,2591700,19.180548,Delay-insensitive,1,1.75
672600,aIp3NFGGU9dWm5X3Vw7z9776lFNPuJjB1G29ywH/662WwmqOfy6BRVLentY8lNUk,4.697368,5.50059,7.875969,0,2591700,19.180548,Delay-insensitive,1,1.75
672900,aIp3NFGGU9dWm5X3Vw7z9776lFNPuJjB1G29ywH/662WwmqOfy6BRVLentY8lNUk,4.607661,5.869391,6.965985000000001,0,2591700,19.180548,Delay-insensitive,1,1.75
673200,aIp3NFGGU9dWm5X3Vw7z9776lFNPuJjB1G29ywH/662WwmqOfy6BRVLentY8lNUk,4.689184,8.987035,22.826858,0,2591700,19.180548,Delay-insensitive,1,1.75
673500,aIp3NFGGU9dWm5X3Vw7z9776lFNPuJjB1G29ywH/662WwmqOfy6BRVLentY8lNUk,4.678645,5.406418,6.885264,0,2591700,19.180548,Delay-insensitive,1,1.75
673800,aIp3NFGGU9dWm5X3Vw7z9776lFNPuJjB1G29ywH/662WwmqOfy6BRVLentY8lNUk,5.078364,5.904441,7.641750999999999,0,2591700,19.180548,Delay-insensitive,1,1.75
674100,aIp3NFGGU9dWm5X3Vw7z9776lFNPuJjB1G29ywH/662WwmqOfy6BRVLentY8lNUk,4.602022,8.851274,30.329408,0,2591700,19.180548,Delay-insensitive,1,1.75
674400,aIp3NFGGU9dWm5X3Vw7z9776lFNPuJjB1G29ywH/662WwmqOfy6BRVLentY8lNUk,4.498655,5.17157,6.657994,0,2591700,19.180548,Delay-insensitive,1,1.75
674700,aIp3NFGGU9dWm5X3Vw7z9776lFNPuJjB1G29ywH/662WwmqOfy6BRVLentY8lNUk,4.826317,5.826132,7.366144999999999,0,2591700,19.180548,Delay-insensitive,1,1.75
675000,aIp3NFGGU9dWm5X3Vw7z9776lFNPuJjB1G29ywH/662WwmqOfy6BRVLentY8lNUk,4.764301000000001,5.832393,7.543896000000001,0,2591700,19.180548,Delay-insensitive,1,1.75
675300,aIp3NFGGU9dWm5X3Vw7z9776lFNPuJjB1G29ywH/662WwmqOfy6BRVLentY8lNUk,4.65396,14.718869,47.901617,0,2591700,19.180548,Delay-insensitive,1,1.75
675600,aIp3NFGGU9dWm5X3Vw7z9776lFNPuJjB1G29ywH/662WwmqOfy6BRVLentY8lNUk,4.987066,8.191972,13.028534,0,2591700,19.180548,Delay-insensitive,1,1.75
675900,aIp3NFGGU9dWm5X3Vw7z9776lFNPuJjB1G29ywH/662WwmqOfy6BRVLentY8lNUk,5.242637,7.138358,15.164817,0,2591700,19.180548,Delay-insensitive,1,1.75
676200,aIp3NFGGU9dWm5X3Vw7z9776lFNPuJjB1G29ywH/662WwmqOfy6BRVLentY8lNUk,4.839462999999999,5.747637999999999,7.489930999999999,0,2591700,19.180548,Delay-insensitive,1,1.75
676500,aIp3NFGGU9dWm5X3Vw7z9776lFNPuJjB1G29ywH/662WwmqOfy6BRVLentY8lNUk,4.775832,6.092804,8.277789,0,2591700,19.180548,Delay-insensitive,1,1.75
676800,aIp3NFGGU9dWm5X3Vw7z9776lFNPuJjB1G29ywH/662WwmqOfy6BRVLentY8lNUk,4.680665,7.489144,25.034214,0,2591700,19.180548,Delay-insensitive,1,1.75
677100,aIp3NFGGU9dWm5X3Vw7z9776lFNPuJjB1G29ywH/662WwmqOfy6BRVLentY8lNUk,4.770926,5.902514,9.116792,0,2591700,19.180548,Delay-insensitive,1,1.75
677400,aIp3NFGGU9dWm5X3Vw7z9776lFNPuJjB1G29ywH/662WwmqOfy6BRVLentY8lNUk,4.6631480000000005,6.226389,9.237563,0,2591700,19.180548,Delay-insensitive,1,1.75
677700,aIp3NFGGU9dWm5X3Vw7z9776lFNPuJjB1G29ywH/662WwmqOfy6BRVLentY8lNUk,5.114019,5.634426,6.369486,0,2591700,19.180548,Delay-insensitive,1,1.75
678000,aIp3NFGGU9dWm5X3Vw7z9776lFNPuJjB1G29ywH/662WwmqOfy6BRVLentY8lNUk,4.819326,6.117739,7.975135000000001,0,2591700,19.180548,Delay-insensitive,1,1.75
678300,aIp3NFGGU9dWm5X3Vw7z9776lFNPuJjB1G29ywH/662WwmqOfy6BRVLentY8lNUk,5.135427,5.969964,7.650686,0,2591700,19.180548,Delay-insensitive,1,1.75
678600,aIp3NFGGU9dWm5X3Vw7z9776lFNPuJjB1G29ywH/662WwmqOfy6BRVLentY8lNUk,5.119985,5.848136,7.781617,0,2591700,19.180548,Delay-insensitive,1,1.75
678900,aIp3NFGGU9dWm5X3Vw7z9776lFNPuJjB1G29ywH/662WwmqOfy6BRVLentY8lNUk,4.846009,5.779443,7.324203,0,2591700,19.180548,Delay-insensitive,1,1.75
679200,aIp3NFGGU9dWm5X3Vw7z9776lFNPuJjB1G29ywH/662WwmqOfy6BRVLentY8lNUk,5.094469999999999,6.085305,7.64831,0,2591700,19.180548,Delay-insensitive,1,1.75
679500,aIp3NFGGU9dWm5X3Vw7z9776lFNPuJjB1G29ywH/662WwmqOfy6BRVLentY8lNUk,5.057353,5.571875,6.736335,0,2591700,19.180548,Delay-insensitive,1,1.75
679800,aIp3NFGGU9dWm5X3Vw7z9776lFNPuJjB1G29ywH/662WwmqOfy6BRVLentY8lNUk,4.843195,5.861409,8.11435,0,2591700,19.180548,Delay-insensitive,1,1.75
680100,aIp3NFGGU9dWm5X3Vw7z9776lFNPuJjB1G29ywH/662WwmqOfy6BRVLentY8lNUk,3.817659,5.41615,6.874836,0,2591700,19.180548,Delay-insensitive,1,1.75
680400,aIp3NFGGU9dWm5X3Vw7z9776lFNPuJjB1G29ywH/662WwmqOfy6BRVLentY8lNUk,4.938587999999999,7.465016,20.311093,0,2591700,19.180548,Delay-insensitive,1,1.75
680700,aIp3NFGGU9dWm5X3Vw7z9776lFNPuJjB1G29ywH/662WwmqOfy6BRVLentY8lNUk,4.718999,5.464761,6.973779,0,2591700,19.180548,Delay-insensitive,1,1.75
681000,aIp3NFGGU9dWm5X3Vw7z9776lFNPuJjB1G29ywH/662WwmqOfy6BRVLentY8lNUk,5.094632,5.995007,7.643714999999999,0,2591700,19.180548,Delay-insensitive,1,1.75
681300,aIp3NFGGU9dWm5X3Vw7z9776lFNPuJjB1G29ywH/662WwmqOfy6BRVLentY8lNUk,4.72508,5.571154,6.300064,0,2591700,19.180548,Delay-insensitive,1,1.75
681600,aIp3NFGGU9dWm5X3Vw7z9776lFNPuJjB1G29ywH/662WwmqOfy6BRVLentY8lNUk,4.739347,5.697262,7.407511,0,2591700,19.180548,Delay-insensitive,1,1.75
681900,aIp3NFGGU9dWm5X3Vw7z9776lFNPuJjB1G29ywH/662WwmqOfy6BRVLentY8lNUk,3.977402,5.695158999999999,7.183706,0,2591700,19.180548,Delay-insensitive,1,1.75
682200,aIp3NFGGU9dWm5X3Vw7z9776lFNPuJjB1G29ywH/662WwmqOfy6BRVLentY8lNUk,5.041561,5.776382,7.479317,0,2591700,19.180548,Delay-insensitive,1,1.75
682500,aIp3NFGGU9dWm5X3Vw7z9776lFNPuJjB1G29ywH/662WwmqOfy6BRVLentY8lNUk,4.915983,5.907916999999999,7.978371000000001,0,2591700,19.180548,Delay-insensitive,1,1.75
682800,aIp3NFGGU9dWm5X3Vw7z9776lFNPuJjB1G29ywH/662WwmqOfy6BRVLentY8lNUk,5.27343,5.9574050000000005,7.177161,0,2591700,19.180548,Delay-insensitive,1,1.75
683100,aIp3NFGGU9dWm5X3Vw7z9776lFNPuJjB1G29ywH/662WwmqOfy6BRVLentY8lNUk,4.639682,5.255855,6.400214,0,2591700,19.180548,Delay-insensitive,1,1.75
683400,aIp3NFGGU9dWm5X3Vw7z9776lFNPuJjB1G29ywH/662WwmqOfy6BRVLentY8lNUk,4.578625,5.5162,6.940039,0,2591700,19.180548,Delay-insensitive,1,1.75
683700,aIp3NFGGU9dWm5X3Vw7z9776lFNPuJjB1G29ywH/662WwmqOfy6BRVLentY8lNUk,4.373396,5.601151,6.917101,0,2591700,19.180548,Delay-insensitive,1,1.75
684000,aIp3NFGGU9dWm5X3Vw7z9776lFNPuJjB1G29ywH/662WwmqOfy6BRVLentY8lNUk,4.320799,7.332232,24.682593,0,2591700,19.180548,Delay-insensitive,1,1.75
684300,aIp3NFGGU9dWm5X3Vw7z9776lFNPuJjB1G29ywH/662WwmqOfy6BRVLentY8lNUk,4.827716000000001,5.499653,6.908841000000001,0,2591700,19.180548,Delay-insensitive,1,1.75
684600,aIp3NFGGU9dWm5X3Vw7z9776lFNPuJjB1G29ywH/662WwmqOfy6BRVLentY8lNUk,4.965615000000001,6.487652,13.155656,0,2591700,19.180548,Delay-insensitive,1,1.75
684900,aIp3NFGGU9dWm5X3Vw7z9776lFNPuJjB1G29ywH/662WwmqOfy6BRVLentY8lNUk,4.897031,5.541397,7.352961,0,2591700,19.180548,Delay-insensitive,1,1.75
685200,aIp3NFGGU9dWm5X3Vw7z9776lFNPuJjB1G29ywH/662WwmqOfy6BRVLentY8lNUk,4.783062999999999,5.955033,9.578359,0,2591700,19.180548,Delay-insensitive,1,1.75
685500,aIp3NFGGU9dWm5X3Vw7z9776lFNPuJjB1G29ywH/662WwmqOfy6BRVLentY8lNUk,4.909275,5.817826999999999,6.915983,0,2591700,19.180548,Delay-insensitive,1,1.75
685800,aIp3NFGGU9dWm5X3Vw7z9776lFNPuJjB1G29ywH/662WwmqOfy6BRVLentY8lNUk,4.893557,5.662657,7.224530000000001,0,2591700,19.180548,Delay-insensitive,1,1.75
686100,aIp3NFGGU9dWm5X3Vw7z9776lFNPuJjB1G29ywH/662WwmqOfy6BRVLentY8lNUk,4.657902,5.531184,7.098944,0,2591700,19.180548,Delay-insensitive,1,1.75
686400,aIp3NFGGU9dWm5X3Vw7z9776lFNPuJjB1G29ywH/662WwmqOfy6BRVLentY8lNUk,4.681168,5.731576,7.894008,0,2591700,19.180548,Delay-insensitive,1,1.75
686700,aIp3NFGGU9dWm5X3Vw7z9776lFNPuJjB1G29ywH/662WwmqOfy6BRVLentY8lNUk,4.950209,5.874731,7.336607000000001,0,2591700,19.180548,Delay-insensitive,1,1.75
687000,aIp3NFGGU9dWm5X3Vw7z9776lFNPuJjB1G29ywH/662WwmqOfy6BRVLentY8lNUk,4.771383,5.728301,7.879666999999999,0,2591700,19.180548,Delay-insensitive,1,1.75
687300,aIp3NFGGU9dWm5X3Vw7z9776lFNPuJjB1G29ywH/662WwmqOfy6BRVLentY8lNUk,4.901157,5.428975,6.118186,0,2591700,19.180548,Delay-insensitive,1,1.75
687600,aIp3NFGGU9dWm5X3Vw7z9776lFNPuJjB1G29ywH/662WwmqOfy6BRVLentY8lNUk,5.111345,7.778683999999999,26.026022,0,2591700,19.180548,Delay-insensitive,1,1.75
687900,aIp3NFGGU9dWm5X3Vw7z9776lFNPuJjB1G29ywH/662WwmqOfy6BRVLentY8lNUk,4.033489,5.529755000000001,7.94185,0,2591700,19.180548,Delay-insensitive,1,1.75
688200,aIp3NFGGU9dWm5X3Vw7z9776lFNPuJjB1G29ywH/662WwmqOfy6BRVLentY8lNUk,5.12184,5.785003,7.829594999999999,0,2591700,19.180548,Delay-insensitive,1,1.75
688500,aIp3NFGGU9dWm5X3Vw7z9776lFNPuJjB1G29ywH/662WwmqOfy6BRVLentY8lNUk,4.84991,5.550184,6.978438000000001,0,2591700,19.180548,Delay-insensitive,1,1.75
688800,aIp3NFGGU9dWm5X3Vw7z9776lFNPuJjB1G29ywH/662WwmqOfy6BRVLentY8lNUk,4.561303,5.587685,7.926541999999999,0,2591700,19.180548,Delay-insensitive,1,1.75
689100,aIp3NFGGU9dWm5X3Vw7z9776lFNPuJjB1G29ywH/662WwmqOfy6BRVLentY8lNUk,4.535398000000001,5.799248,8.291464,0,2591700,19.180548,Delay-insensitive,1,1.75
689400,aIp3NFGGU9dWm5X3Vw7z9776lFNPuJjB1G29ywH/662WwmqOfy6BRVLentY8lNUk,4.984146,5.650347,7.229511,0,2591700,19.180548,Delay-insensitive,1,1.75
689700,aIp3NFGGU9dWm5X3Vw7z9776lFNPuJjB1G29ywH/662WwmqOfy6BRVLentY8lNUk,4.922644,5.706911,7.480255,0,2591700,19.180548,Delay-insensitive,1,1.75
690000,aIp3NFGGU9dWm5X3Vw7z9776lFNPuJjB1G29ywH/662WwmqOfy6BRVLentY8lNUk,4.936736,5.608183,6.512671,0,2591700,19.180548,Delay-insensitive,1,1.75
690300,aIp3NFGGU9dWm5X3Vw7z9776lFNPuJjB1G29ywH/662WwmqOfy6BRVLentY8lNUk,4.839811,5.825797000000001,7.28062,0,2591700,19.180548,Delay-insensitive,1,1.75
690600,aIp3NFGGU9dWm5X3Vw7z9776lFNPuJjB1G29ywH/662WwmqOfy6BRVLentY8lNUk,4.877456,5.724394,7.514022,0,2591700,19.180548,Delay-insensitive,1,1.75
690900,aIp3NFGGU9dWm5X3Vw7z9776lFNPuJjB1G29ywH/662WwmqOfy6BRVLentY8lNUk,4.180275,5.4828470000000005,7.519019999999999,0,2591700,19.180548,Delay-insensitive,1,1.75
