timestamp,vm_id,min_cpu,max_cpu,avg_cpu,timestamp vm created,timestamp vm deleted,p95 max cpu,vm_category,vm virtual core count,vm memory (gb)
0,aM0ROONJMLKQ323l5OUQNzyqQxJFc1DbDIMHtZAAKQvRUVk4WHTHSP1wTTlOR/ZP,11.469746,12.969638,15.534387,0,2591700,24.477988,Delay-insensitive,1,1.75
300,aM0ROONJMLKQ323l5OUQNzyqQxJFc1DbDIMHtZAAKQvRUVk4WHTHSP1wTTlOR/ZP,10.850926,14.504166,34.598224,0,2591700,24.477988,Delay-insensitive,1,1.75
600,aM0ROONJMLKQ323l5OUQNzyqQxJFc1DbDIMHtZAAKQvRUVk4WHTHSP1wTTlOR/ZP,10.647524,12.860389,15.771779,0,2591700,24.477988,Delay-insensitive,1,1.75
900,aM0ROONJMLKQ323l5OUQNzyqQxJFc1DbDIMHtZAAKQvRUVk4WHTHSP1wTTlOR/ZP,8.154254,11.93262,15.638788,0,2591700,24.477988,Delay-insensitive,1,1.75
1200,aM0ROONJMLKQ323l5OUQNzyqQxJFc1DbDIMHtZAAKQvRUVk4WHTHSP1wTTlOR/ZP,11.367329,12.654042,14.63601,0,2591700,24.477988,Delay-insensitive,1,1.75
1500,aM0ROONJMLKQ323l5OUQNzyqQxJFc1DbDIMHtZAAKQvRUVk4WHTHSP1wTTlOR/ZP,7.902824000000001,12.399479,14.786791,0,2591700,24.477988,Delay-insensitive,1,1.75
1800,aM0ROONJMLKQ323l5OUQNzyqQxJFc1DbDIMHtZAAKQvRUVk4WHTHSP1wTTlOR/ZP,11.501034,12.442526,14.085438,0,2591700,24.477988,Delay-insensitive,1,1.75
2100,aM0ROONJMLKQ323l5OUQNzyqQxJFc1DbDIMHtZAAKQvRUVk4WHTHSP1wTTlOR/ZP,10.015941,12.678503,14.780627,0,2591700,24.477988,Delay-insensitive,1,1.75
2400,aM0ROONJMLKQ323l5OUQNzyqQxJFc1DbDIMHtZAAKQvRUVk4WHTHSP1wTTlOR/ZP,10.771927,12.361334,13.919873,0,2591700,24.477988,Delay-insensitive,1,1.75
2700,aM0ROONJMLKQ323l5OUQNzyqQxJFc1DbDIMHtZAAKQvRUVk4WHTHSP1wTTlOR/ZP,4.7802430000000005,11.244888,13.630739000000002,0,2591700,24.477988,Delay-insensitive,1,1.75
3000,aM0ROONJMLKQ323l5OUQNzyqQxJFc1DbDIMHtZAAKQvRUVk4WHTHSP1wTTlOR/ZP,12.74987,13.968649,15.523981,0,2591700,24.477988,Delay-insensitive,1,1.75
3300,aM0ROONJMLKQ323l5OUQNzyqQxJFc1DbDIMHtZAAKQvRUVk4WHTHSP1wTTlOR/ZP,11.091346,12.481519,14.69183,0,2591700,24.477988,Delay-insensitive,1,1.75
3600,aM0ROONJMLKQ323l5OUQNzyqQxJFc1DbDIMHtZAAKQvRUVk4WHTHSP1wTTlOR/ZP,7.934197999999999,11.712668,14.178141,0,2591700,24.477988,Delay-insensitive,1,1.75
3900,aM0ROONJMLKQ323l5OUQNzyqQxJFc1DbDIMHtZAAKQvRUVk4WHTHSP1wTTlOR/ZP,10.850103,14.482678,37.00358,0,2591700,24.477988,Delay-insensitive,1,1.75
4200,aM0ROONJMLKQ323l5OUQNzyqQxJFc1DbDIMHtZAAKQvRUVk4WHTHSP1wTTlOR/ZP,9.485368,12.142925,14.215938,0,2591700,24.477988,Delay-insensitive,1,1.75
4500,aM0ROONJMLKQ323l5OUQNzyqQxJFc1DbDIMHtZAAKQvRUVk4WHTHSP1wTTlOR/ZP,11.556918,12.782986,14.522095000000002,0,2591700,24.477988,Delay-insensitive,1,1.75
4800,aM0ROONJMLKQ323l5OUQNzyqQxJFc1DbDIMHtZAAKQvRUVk4WHTHSP1wTTlOR/ZP,10.725719,12.566278,14.687821,0,2591700,24.477988,Delay-insensitive,1,1.75
5100,aM0ROONJMLKQ323l5OUQNzyqQxJFc1DbDIMHtZAAKQvRUVk4WHTHSP1wTTlOR/ZP,10.615061,12.438298,15.044156,0,2591700,24.477988,Delay-insensitive,1,1.75
5400,aM0ROONJMLKQ323l5OUQNzyqQxJFc1DbDIMHtZAAKQvRUVk4WHTHSP1wTTlOR/ZP,11.615048,12.565099,13.900801,0,2591700,24.477988,Delay-insensitive,1,1.75
5700,aM0ROONJMLKQ323l5OUQNzyqQxJFc1DbDIMHtZAAKQvRUVk4WHTHSP1wTTlOR/ZP,11.187705,12.146303,14.501023000000002,0,2591700,24.477988,Delay-insensitive,1,1.75
6000,aM0ROONJMLKQ323l5OUQNzyqQxJFc1DbDIMHtZAAKQvRUVk4WHTHSP1wTTlOR/ZP,7.379461999999999,11.751514,14.353198,0,2591700,24.477988,Delay-insensitive,1,1.75
6300,aM0ROONJMLKQ323l5OUQNzyqQxJFc1DbDIMHtZAAKQvRUVk4WHTHSP1wTTlOR/ZP,9.454255,11.627011,13.041935,0,2591700,24.477988,Delay-insensitive,1,1.75
6600,aM0ROONJMLKQ323l5OUQNzyqQxJFc1DbDIMHtZAAKQvRUVk4WHTHSP1wTTlOR/ZP,11.256553,12.619299,14.322774,0,2591700,24.477988,Delay-insensitive,1,1.75
6900,aM0ROONJMLKQ323l5OUQNzyqQxJFc1DbDIMHtZAAKQvRUVk4WHTHSP1wTTlOR/ZP,9.367125,12.381121,13.651175,0,2591700,24.477988,Delay-insensitive,1,1.75
7200,aM0ROONJMLKQ323l5OUQNzyqQxJFc1DbDIMHtZAAKQvRUVk4WHTHSP1wTTlOR/ZP,12.078721,13.581167,14.744552,0,2591700,24.477988,Delay-insensitive,1,1.75
7500,aM0ROONJMLKQ323l5OUQNzyqQxJFc1DbDIMHtZAAKQvRUVk4WHTHSP1wTTlOR/ZP,9.164264,15.051699,36.505052,0,2591700,24.477988,Delay-insensitive,1,1.75
7800,aM0ROONJMLKQ323l5OUQNzyqQxJFc1DbDIMHtZAAKQvRUVk4WHTHSP1wTTlOR/ZP,11.222248,12.740068,13.869759,0,2591700,24.477988,Delay-insensitive,1,1.75
8100,aM0ROONJMLKQ323l5OUQNzyqQxJFc1DbDIMHtZAAKQvRUVk4WHTHSP1wTTlOR/ZP,10.509037,13.485593,16.682792000000003,0,2591700,24.477988,Delay-insensitive,1,1.75
8400,aM0ROONJMLKQ323l5OUQNzyqQxJFc1DbDIMHtZAAKQvRUVk4WHTHSP1wTTlOR/ZP,11.397986,12.159277,13.343362,0,2591700,24.477988,Delay-insensitive,1,1.75
8700,aM0ROONJMLKQ323l5OUQNzyqQxJFc1DbDIMHtZAAKQvRUVk4WHTHSP1wTTlOR/ZP,11.020133,12.910516,14.846139,0,2591700,24.477988,Delay-insensitive,1,1.75
9000,aM0ROONJMLKQ323l5OUQNzyqQxJFc1DbDIMHtZAAKQvRUVk4WHTHSP1wTTlOR/ZP,11.660053,12.778925,15.64065,0,2591700,24.477988,Delay-insensitive,1,1.75
9300,aM0ROONJMLKQ323l5OUQNzyqQxJFc1DbDIMHtZAAKQvRUVk4WHTHSP1wTTlOR/ZP,10.349893,12.368898,14.062188,0,2591700,24.477988,Delay-insensitive,1,1.75
9600,aM0ROONJMLKQ323l5OUQNzyqQxJFc1DbDIMHtZAAKQvRUVk4WHTHSP1wTTlOR/ZP,10.455172,11.824267,14.678365,0,2591700,24.477988,Delay-insensitive,1,1.75
9900,aM0ROONJMLKQ323l5OUQNzyqQxJFc1DbDIMHtZAAKQvRUVk4WHTHSP1wTTlOR/ZP,10.838943,11.495548,12.388822,0,2591700,24.477988,Delay-insensitive,1,1.75
10200,aM0ROONJMLKQ323l5OUQNzyqQxJFc1DbDIMHtZAAKQvRUVk4WHTHSP1wTTlOR/ZP,10.495285,11.601333,13.653674,0,2591700,24.477988,Delay-insensitive,1,1.75
10500,aM0ROONJMLKQ323l5OUQNzyqQxJFc1DbDIMHtZAAKQvRUVk4WHTHSP1wTTlOR/ZP,10.531275,11.711185,12.839162,0,2591700,24.477988,Delay-insensitive,1,1.75
10800,aM0ROONJMLKQ323l5OUQNzyqQxJFc1DbDIMHtZAAKQvRUVk4WHTHSP1wTTlOR/ZP,11.373279,12.455212,14.421638,0,2591700,24.477988,Delay-insensitive,1,1.75
11100,aM0ROONJMLKQ323l5OUQNzyqQxJFc1DbDIMHtZAAKQvRUVk4WHTHSP1wTTlOR/ZP,11.804858,15.683407999999998,28.227155,0,2591700,24.477988,Delay-insensitive,1,1.75
11400,aM0ROONJMLKQ323l5OUQNzyqQxJFc1DbDIMHtZAAKQvRUVk4WHTHSP1wTTlOR/ZP,10.967665,12.750065,16.171483,0,2591700,24.477988,Delay-insensitive,1,1.75
11700,aM0ROONJMLKQ323l5OUQNzyqQxJFc1DbDIMHtZAAKQvRUVk4WHTHSP1wTTlOR/ZP,11.420522,13.385265,17.322464,0,2591700,24.477988,Delay-insensitive,1,1.75
12000,aM0ROONJMLKQ323l5OUQNzyqQxJFc1DbDIMHtZAAKQvRUVk4WHTHSP1wTTlOR/ZP,11.560275,12.955446,16.037788,0,2591700,24.477988,Delay-insensitive,1,1.75
12300,aM0ROONJMLKQ323l5OUQNzyqQxJFc1DbDIMHtZAAKQvRUVk4WHTHSP1wTTlOR/ZP,11.701526,13.962303,15.65295,0,2591700,24.477988,Delay-insensitive,1,1.75
12600,aM0ROONJMLKQ323l5OUQNzyqQxJFc1DbDIMHtZAAKQvRUVk4WHTHSP1wTTlOR/ZP,11.120236,12.059559,13.381726,0,2591700,24.477988,Delay-insensitive,1,1.75
12900,aM0ROONJMLKQ323l5OUQNzyqQxJFc1DbDIMHtZAAKQvRUVk4WHTHSP1wTTlOR/ZP,11.53482,13.515435,16.451934,0,2591700,24.477988,Delay-insensitive,1,1.75
13200,aM0ROONJMLKQ323l5OUQNzyqQxJFc1DbDIMHtZAAKQvRUVk4WHTHSP1wTTlOR/ZP,10.579459,12.063375,13.779882,0,2591700,24.477988,Delay-insensitive,1,1.75
13500,aM0ROONJMLKQ323l5OUQNzyqQxJFc1DbDIMHtZAAKQvRUVk4WHTHSP1wTTlOR/ZP,9.727474,12.417937,14.238661,0,2591700,24.477988,Delay-insensitive,1,1.75
13800,aM0ROONJMLKQ323l5OUQNzyqQxJFc1DbDIMHtZAAKQvRUVk4WHTHSP1wTTlOR/ZP,11.424267,13.181207999999998,16.15571,0,2591700,24.477988,Delay-insensitive,1,1.75
14100,aM0ROONJMLKQ323l5OUQNzyqQxJFc1DbDIMHtZAAKQvRUVk4WHTHSP1wTTlOR/ZP,10.441476,12.862767,15.488398000000002,0,2591700,24.477988,Delay-insensitive,1,1.75
14400,aM0ROONJMLKQ323l5OUQNzyqQxJFc1DbDIMHtZAAKQvRUVk4WHTHSP1wTTlOR/ZP,9.992954,12.322732,14.036179,0,2591700,24.477988,Delay-insensitive,1,1.75
14700,aM0ROONJMLKQ323l5OUQNzyqQxJFc1DbDIMHtZAAKQvRUVk4WHTHSP1wTTlOR/ZP,9.981806,14.470456,38.658605,0,2591700,24.477988,Delay-insensitive,1,1.75
15000,aM0ROONJMLKQ323l5OUQNzyqQxJFc1DbDIMHtZAAKQvRUVk4WHTHSP1wTTlOR/ZP,9.783618,12.768747,14.469596,0,2591700,24.477988,Delay-insensitive,1,1.75
15300,aM0ROONJMLKQ323l5OUQNzyqQxJFc1DbDIMHtZAAKQvRUVk4WHTHSP1wTTlOR/ZP,11.117613,13.609579,15.278804,0,2591700,24.477988,Delay-insensitive,1,1.75
15600,aM0ROONJMLKQ323l5OUQNzyqQxJFc1DbDIMHtZAAKQvRUVk4WHTHSP1wTTlOR/ZP,10.459482,12.447141,14.01689,0,2591700,24.477988,Delay-insensitive,1,1.75
15900,aM0ROONJMLKQ323l5OUQNzyqQxJFc1DbDIMHtZAAKQvRUVk4WHTHSP1wTTlOR/ZP,10.445873,11.774229,13.027953,0,2591700,24.477988,Delay-insensitive,1,1.75
16200,aM0ROONJMLKQ323l5OUQNzyqQxJFc1DbDIMHtZAAKQvRUVk4WHTHSP1wTTlOR/ZP,9.572482,12.244283,15.339425,0,2591700,24.477988,Delay-insensitive,1,1.75
16500,aM0ROONJMLKQ323l5OUQNzyqQxJFc1DbDIMHtZAAKQvRUVk4WHTHSP1wTTlOR/ZP,10.977859,12.299691,14.501014,0,2591700,24.477988,Delay-insensitive,1,1.75
16800,aM0ROONJMLKQ323l5OUQNzyqQxJFc1DbDIMHtZAAKQvRUVk4WHTHSP1wTTlOR/ZP,9.042402,12.529981,16.035679000000002,0,2591700,24.477988,Delay-insensitive,1,1.75
17100,aM0ROONJMLKQ323l5OUQNzyqQxJFc1DbDIMHtZAAKQvRUVk4WHTHSP1wTTlOR/ZP,10.536959,12.571467,14.846673,0,2591700,24.477988,Delay-insensitive,1,1.75
17400,aM0ROONJMLKQ323l5OUQNzyqQxJFc1DbDIMHtZAAKQvRUVk4WHTHSP1wTTlOR/ZP,10.585647,12.775852,16.459744,0,2591700,24.477988,Delay-insensitive,1,1.75
17700,aM0ROONJMLKQ323l5OUQNzyqQxJFc1DbDIMHtZAAKQvRUVk4WHTHSP1wTTlOR/ZP,10.454225,11.586389,13.356096,0,2591700,24.477988,Delay-insensitive,1,1.75
18000,aM0ROONJMLKQ323l5OUQNzyqQxJFc1DbDIMHtZAAKQvRUVk4WHTHSP1wTTlOR/ZP,10.827828,11.774523,13.671573,0,2591700,24.477988,Delay-insensitive,1,1.75
18300,aM0ROONJMLKQ323l5OUQNzyqQxJFc1DbDIMHtZAAKQvRUVk4WHTHSP1wTTlOR/ZP,10.473603,14.899166,24.62698,0,2591700,24.477988,Delay-insensitive,1,1.75
18600,aM0ROONJMLKQ323l5OUQNzyqQxJFc1DbDIMHtZAAKQvRUVk4WHTHSP1wTTlOR/ZP,11.1034,12.691868,15.495821,0,2591700,24.477988,Delay-insensitive,1,1.75
18900,aM0ROONJMLKQ323l5OUQNzyqQxJFc1DbDIMHtZAAKQvRUVk4WHTHSP1wTTlOR/ZP,10.329273,13.135394,15.501098,0,2591700,24.477988,Delay-insensitive,1,1.75
19200,aM0ROONJMLKQ323l5OUQNzyqQxJFc1DbDIMHtZAAKQvRUVk4WHTHSP1wTTlOR/ZP,11.925364,13.156471,15.248835,0,2591700,24.477988,Delay-insensitive,1,1.75
19500,aM0ROONJMLKQ323l5OUQNzyqQxJFc1DbDIMHtZAAKQvRUVk4WHTHSP1wTTlOR/ZP,11.103111,11.958569,13.933185,0,2591700,24.477988,Delay-insensitive,1,1.75
19800,aM0ROONJMLKQ323l5OUQNzyqQxJFc1DbDIMHtZAAKQvRUVk4WHTHSP1wTTlOR/ZP,11.211674,13.106579,15.534414000000002,0,2591700,24.477988,Delay-insensitive,1,1.75
20100,aM0ROONJMLKQ323l5OUQNzyqQxJFc1DbDIMHtZAAKQvRUVk4WHTHSP1wTTlOR/ZP,10.944068,12.192559,14.794876,0,2591700,24.477988,Delay-insensitive,1,1.75
20400,aM0ROONJMLKQ323l5OUQNzyqQxJFc1DbDIMHtZAAKQvRUVk4WHTHSP1wTTlOR/ZP,11.517184,13.445415,15.942023,0,2591700,24.477988,Delay-insensitive,1,1.75
20700,aM0ROONJMLKQ323l5OUQNzyqQxJFc1DbDIMHtZAAKQvRUVk4WHTHSP1wTTlOR/ZP,11.019381,12.470167,14.141061,0,2591700,24.477988,Delay-insensitive,1,1.75
21000,aM0ROONJMLKQ323l5OUQNzyqQxJFc1DbDIMHtZAAKQvRUVk4WHTHSP1wTTlOR/ZP,10.425058,12.303704,13.53444,0,2591700,24.477988,Delay-insensitive,1,1.75
21300,aM0ROONJMLKQ323l5OUQNzyqQxJFc1DbDIMHtZAAKQvRUVk4WHTHSP1wTTlOR/ZP,10.591923,11.932339,13.485444,0,2591700,24.477988,Delay-insensitive,1,1.75
21600,aM0ROONJMLKQ323l5OUQNzyqQxJFc1DbDIMHtZAAKQvRUVk4WHTHSP1wTTlOR/ZP,10.063966,11.839889,13.630884,0,2591700,24.477988,Delay-insensitive,1,1.75
21900,aM0ROONJMLKQ323l5OUQNzyqQxJFc1DbDIMHtZAAKQvRUVk4WHTHSP1wTTlOR/ZP,10.128171,14.036608,36.181518,0,2591700,24.477988,Delay-insensitive,1,1.75
22200,aM0ROONJMLKQ323l5OUQNzyqQxJFc1DbDIMHtZAAKQvRUVk4WHTHSP1wTTlOR/ZP,9.851746,11.678732,13.67816,0,2591700,24.477988,Delay-insensitive,1,1.75
22500,aM0ROONJMLKQ323l5OUQNzyqQxJFc1DbDIMHtZAAKQvRUVk4WHTHSP1wTTlOR/ZP,11.475989,13.558728,15.818006,0,2591700,24.477988,Delay-insensitive,1,1.75
22800,aM0ROONJMLKQ323l5OUQNzyqQxJFc1DbDIMHtZAAKQvRUVk4WHTHSP1wTTlOR/ZP,11.490472,12.763252,15.483378,0,2591700,24.477988,Delay-insensitive,1,1.75
23100,aM0ROONJMLKQ323l5OUQNzyqQxJFc1DbDIMHtZAAKQvRUVk4WHTHSP1wTTlOR/ZP,11.39437,13.93099,22.771261,0,2591700,24.477988,Delay-insensitive,1,1.75
23400,aM0ROONJMLKQ323l5OUQNzyqQxJFc1DbDIMHtZAAKQvRUVk4WHTHSP1wTTlOR/ZP,11.633251,13.332262,16.499277,0,2591700,24.477988,Delay-insensitive,1,1.75
23700,aM0ROONJMLKQ323l5OUQNzyqQxJFc1DbDIMHtZAAKQvRUVk4WHTHSP1wTTlOR/ZP,11.338909,13.457715,15.954478,0,2591700,24.477988,Delay-insensitive,1,1.75
24000,aM0ROONJMLKQ323l5OUQNzyqQxJFc1DbDIMHtZAAKQvRUVk4WHTHSP1wTTlOR/ZP,11.433318,13.095502,15.882754,0,2591700,24.477988,Delay-insensitive,1,1.75
24300,aM0ROONJMLKQ323l5OUQNzyqQxJFc1DbDIMHtZAAKQvRUVk4WHTHSP1wTTlOR/ZP,10.854037,12.481901,16.168523,0,2591700,24.477988,Delay-insensitive,1,1.75
24600,aM0ROONJMLKQ323l5OUQNzyqQxJFc1DbDIMHtZAAKQvRUVk4WHTHSP1wTTlOR/ZP,10.671643,12.427687,14.556124,0,2591700,24.477988,Delay-insensitive,1,1.75
24900,aM0ROONJMLKQ323l5OUQNzyqQxJFc1DbDIMHtZAAKQvRUVk4WHTHSP1wTTlOR/ZP,11.609678,12.843738,16.892976,0,2591700,24.477988,Delay-insensitive,1,1.75
25200,aM0ROONJMLKQ323l5OUQNzyqQxJFc1DbDIMHtZAAKQvRUVk4WHTHSP1wTTlOR/ZP,10.949913,13.187616,14.400392000000002,0,2591700,24.477988,Delay-insensitive,1,1.75
25500,aM0ROONJMLKQ323l5OUQNzyqQxJFc1DbDIMHtZAAKQvRUVk4WHTHSP1wTTlOR/ZP,10.984823,15.072727,29.530737,0,2591700,24.477988,Delay-insensitive,1,1.75
25800,aM0ROONJMLKQ323l5OUQNzyqQxJFc1DbDIMHtZAAKQvRUVk4WHTHSP1wTTlOR/ZP,10.917952,13.187323,15.249992,0,2591700,24.477988,Delay-insensitive,1,1.75
26100,aM0ROONJMLKQ323l5OUQNzyqQxJFc1DbDIMHtZAAKQvRUVk4WHTHSP1wTTlOR/ZP,10.907277,11.934952,12.868855,0,2591700,24.477988,Delay-insensitive,1,1.75
26400,aM0ROONJMLKQ323l5OUQNzyqQxJFc1DbDIMHtZAAKQvRUVk4WHTHSP1wTTlOR/ZP,10.685942,12.594344,16.654698,0,2591700,24.477988,Delay-insensitive,1,1.75
26700,aM0ROONJMLKQ323l5OUQNzyqQxJFc1DbDIMHtZAAKQvRUVk4WHTHSP1wTTlOR/ZP,11.849372,13.610469,15.421296,0,2591700,24.477988,Delay-insensitive,1,1.75
27000,aM0ROONJMLKQ323l5OUQNzyqQxJFc1DbDIMHtZAAKQvRUVk4WHTHSP1wTTlOR/ZP,11.472374,12.498848,14.021291,0,2591700,24.477988,Delay-insensitive,1,1.75
27300,aM0ROONJMLKQ323l5OUQNzyqQxJFc1DbDIMHtZAAKQvRUVk4WHTHSP1wTTlOR/ZP,10.742677,11.666786,12.628731,0,2591700,24.477988,Delay-insensitive,1,1.75
27600,aM0ROONJMLKQ323l5OUQNzyqQxJFc1DbDIMHtZAAKQvRUVk4WHTHSP1wTTlOR/ZP,7.091157000000001,11.290467,13.12042,0,2591700,24.477988,Delay-insensitive,1,1.75
27900,aM0ROONJMLKQ323l5OUQNzyqQxJFc1DbDIMHtZAAKQvRUVk4WHTHSP1wTTlOR/ZP,10.802189,12.063761,13.686589,0,2591700,24.477988,Delay-insensitive,1,1.75
28200,aM0ROONJMLKQ323l5OUQNzyqQxJFc1DbDIMHtZAAKQvRUVk4WHTHSP1wTTlOR/ZP,10.222104,11.44986,12.172995,0,2591700,24.477988,Delay-insensitive,1,1.75
28500,aM0ROONJMLKQ323l5OUQNzyqQxJFc1DbDIMHtZAAKQvRUVk4WHTHSP1wTTlOR/ZP,11.085708,12.444712,13.899932000000002,0,2591700,24.477988,Delay-insensitive,1,1.75
28800,aM0ROONJMLKQ323l5OUQNzyqQxJFc1DbDIMHtZAAKQvRUVk4WHTHSP1wTTlOR/ZP,11.134979,12.363734,14.130088,0,2591700,24.477988,Delay-insensitive,1,1.75
29100,aM0ROONJMLKQ323l5OUQNzyqQxJFc1DbDIMHtZAAKQvRUVk4WHTHSP1wTTlOR/ZP,10.505876,14.719497,37.083537,0,2591700,24.477988,Delay-insensitive,1,1.75
29400,aM0ROONJMLKQ323l5OUQNzyqQxJFc1DbDIMHtZAAKQvRUVk4WHTHSP1wTTlOR/ZP,11.057116,11.640801,12.440591,0,2591700,24.477988,Delay-insensitive,1,1.75
29700,aM0ROONJMLKQ323l5OUQNzyqQxJFc1DbDIMHtZAAKQvRUVk4WHTHSP1wTTlOR/ZP,10.822286,12.801715,15.571139000000002,0,2591700,24.477988,Delay-insensitive,1,1.75
30000,aM0ROONJMLKQ323l5OUQNzyqQxJFc1DbDIMHtZAAKQvRUVk4WHTHSP1wTTlOR/ZP,11.493817,12.239997,12.861303,0,2591700,24.477988,Delay-insensitive,1,1.75
30300,aM0ROONJMLKQ323l5OUQNzyqQxJFc1DbDIMHtZAAKQvRUVk4WHTHSP1wTTlOR/ZP,11.026541,12.622038,13.971604,0,2591700,24.477988,Delay-insensitive,1,1.75
30600,aM0ROONJMLKQ323l5OUQNzyqQxJFc1DbDIMHtZAAKQvRUVk4WHTHSP1wTTlOR/ZP,11.994964,13.978634,17.119414000000003,0,2591700,24.477988,Delay-insensitive,1,1.75
30900,aM0ROONJMLKQ323l5OUQNzyqQxJFc1DbDIMHtZAAKQvRUVk4WHTHSP1wTTlOR/ZP,12.118936,12.953555,14.808012,0,2591700,24.477988,Delay-insensitive,1,1.75
31200,aM0ROONJMLKQ323l5OUQNzyqQxJFc1DbDIMHtZAAKQvRUVk4WHTHSP1wTTlOR/ZP,12.323949,12.871721,14.596938,0,2591700,24.477988,Delay-insensitive,1,1.75
31500,aM0ROONJMLKQ323l5OUQNzyqQxJFc1DbDIMHtZAAKQvRUVk4WHTHSP1wTTlOR/ZP,11.340652,13.287407,16.294121,0,2591700,24.477988,Delay-insensitive,1,1.75
31800,aM0ROONJMLKQ323l5OUQNzyqQxJFc1DbDIMHtZAAKQvRUVk4WHTHSP1wTTlOR/ZP,9.715577,11.976892,13.511345,0,2591700,24.477988,Delay-insensitive,1,1.75
32100,aM0ROONJMLKQ323l5OUQNzyqQxJFc1DbDIMHtZAAKQvRUVk4WHTHSP1wTTlOR/ZP,11.211269,12.836778,14.705113,0,2591700,24.477988,Delay-insensitive,1,1.75
32400,aM0ROONJMLKQ323l5OUQNzyqQxJFc1DbDIMHtZAAKQvRUVk4WHTHSP1wTTlOR/ZP,10.881648,12.948711,16.098413,0,2591700,24.477988,Delay-insensitive,1,1.75
32700,aM0ROONJMLKQ323l5OUQNzyqQxJFc1DbDIMHtZAAKQvRUVk4WHTHSP1wTTlOR/ZP,11.151373,14.680553,28.311612,0,2591700,24.477988,Delay-insensitive,1,1.75
33000,aM0ROONJMLKQ323l5OUQNzyqQxJFc1DbDIMHtZAAKQvRUVk4WHTHSP1wTTlOR/ZP,11.207904,12.101495,14.190127,0,2591700,24.477988,Delay-insensitive,1,1.75
33300,aM0ROONJMLKQ323l5OUQNzyqQxJFc1DbDIMHtZAAKQvRUVk4WHTHSP1wTTlOR/ZP,10.464801,12.730078,18.784769,0,2591700,24.477988,Delay-insensitive,1,1.75
33600,aM0ROONJMLKQ323l5OUQNzyqQxJFc1DbDIMHtZAAKQvRUVk4WHTHSP1wTTlOR/ZP,11.291403,12.744034,14.829643,0,2591700,24.477988,Delay-insensitive,1,1.75
33900,aM0ROONJMLKQ323l5OUQNzyqQxJFc1DbDIMHtZAAKQvRUVk4WHTHSP1wTTlOR/ZP,11.522185,12.640515,14.439177,0,2591700,24.477988,Delay-insensitive,1,1.75
34200,aM0ROONJMLKQ323l5OUQNzyqQxJFc1DbDIMHtZAAKQvRUVk4WHTHSP1wTTlOR/ZP,11.264395,12.860674,16.09299,0,2591700,24.477988,Delay-insensitive,1,1.75
34500,aM0ROONJMLKQ323l5OUQNzyqQxJFc1DbDIMHtZAAKQvRUVk4WHTHSP1wTTlOR/ZP,12.059805,13.50482,16.22684,0,2591700,24.477988,Delay-insensitive,1,1.75
34800,aM0ROONJMLKQ323l5OUQNzyqQxJFc1DbDIMHtZAAKQvRUVk4WHTHSP1wTTlOR/ZP,11.84111,13.251031,15.071504,0,2591700,24.477988,Delay-insensitive,1,1.75
35100,aM0ROONJMLKQ323l5OUQNzyqQxJFc1DbDIMHtZAAKQvRUVk4WHTHSP1wTTlOR/ZP,10.955594,12.936835,14.955385,0,2591700,24.477988,Delay-insensitive,1,1.75
35400,aM0ROONJMLKQ323l5OUQNzyqQxJFc1DbDIMHtZAAKQvRUVk4WHTHSP1wTTlOR/ZP,10.640874,12.351834,15.405675,0,2591700,24.477988,Delay-insensitive,1,1.75
35700,aM0ROONJMLKQ323l5OUQNzyqQxJFc1DbDIMHtZAAKQvRUVk4WHTHSP1wTTlOR/ZP,10.586915,12.548208,14.531624,0,2591700,24.477988,Delay-insensitive,1,1.75
36000,aM0ROONJMLKQ323l5OUQNzyqQxJFc1DbDIMHtZAAKQvRUVk4WHTHSP1wTTlOR/ZP,10.797523,12.189714,14.206141,0,2591700,24.477988,Delay-insensitive,1,1.75
36300,aM0ROONJMLKQ323l5OUQNzyqQxJFc1DbDIMHtZAAKQvRUVk4WHTHSP1wTTlOR/ZP,11.066071,14.47714,35.544115000000005,0,2591700,24.477988,Delay-insensitive,1,1.75
36600,aM0ROONJMLKQ323l5OUQNzyqQxJFc1DbDIMHtZAAKQvRUVk4WHTHSP1wTTlOR/ZP,10.19667,13.017172,15.157811,0,2591700,24.477988,Delay-insensitive,1,1.75
36900,aM0ROONJMLKQ323l5OUQNzyqQxJFc1DbDIMHtZAAKQvRUVk4WHTHSP1wTTlOR/ZP,11.491206,13.710917000000002,18.335421,0,2591700,24.477988,Delay-insensitive,1,1.75
37200,aM0ROONJMLKQ323l5OUQNzyqQxJFc1DbDIMHtZAAKQvRUVk4WHTHSP1wTTlOR/ZP,10.283519,12.216972,14.160141,0,2591700,24.477988,Delay-insensitive,1,1.75
37500,aM0ROONJMLKQ323l5OUQNzyqQxJFc1DbDIMHtZAAKQvRUVk4WHTHSP1wTTlOR/ZP,10.959991,12.108719,13.620697,0,2591700,24.477988,Delay-insensitive,1,1.75
37800,aM0ROONJMLKQ323l5OUQNzyqQxJFc1DbDIMHtZAAKQvRUVk4WHTHSP1wTTlOR/ZP,10.233531,12.579797,14.443127,0,2591700,24.477988,Delay-insensitive,1,1.75
38100,aM0ROONJMLKQ323l5OUQNzyqQxJFc1DbDIMHtZAAKQvRUVk4WHTHSP1wTTlOR/ZP,11.983218,13.519554,15.548903,0,2591700,24.477988,Delay-insensitive,1,1.75
38400,aM0ROONJMLKQ323l5OUQNzyqQxJFc1DbDIMHtZAAKQvRUVk4WHTHSP1wTTlOR/ZP,11.264981,12.358257,14.974576,0,2591700,24.477988,Delay-insensitive,1,1.75
38700,aM0ROONJMLKQ323l5OUQNzyqQxJFc1DbDIMHtZAAKQvRUVk4WHTHSP1wTTlOR/ZP,10.211428,11.637877,12.604136,0,2591700,24.477988,Delay-insensitive,1,1.75
39000,aM0ROONJMLKQ323l5OUQNzyqQxJFc1DbDIMHtZAAKQvRUVk4WHTHSP1wTTlOR/ZP,11.376915,12.128094,13.333663,0,2591700,24.477988,Delay-insensitive,1,1.75
39300,aM0ROONJMLKQ323l5OUQNzyqQxJFc1DbDIMHtZAAKQvRUVk4WHTHSP1wTTlOR/ZP,9.457525,12.288213,14.735874,0,2591700,24.477988,Delay-insensitive,1,1.75
39600,aM0ROONJMLKQ323l5OUQNzyqQxJFc1DbDIMHtZAAKQvRUVk4WHTHSP1wTTlOR/ZP,10.461398,11.770203,13.55355,0,2591700,24.477988,Delay-insensitive,1,1.75
39900,aM0ROONJMLKQ323l5OUQNzyqQxJFc1DbDIMHtZAAKQvRUVk4WHTHSP1wTTlOR/ZP,7.740701,13.957859,32.674859000000005,0,2591700,24.477988,Delay-insensitive,1,1.75
40200,aM0ROONJMLKQ323l5OUQNzyqQxJFc1DbDIMHtZAAKQvRUVk4WHTHSP1wTTlOR/ZP,10.798837,12.664529,16.739459,0,2591700,24.477988,Delay-insensitive,1,1.75
40500,aM0ROONJMLKQ323l5OUQNzyqQxJFc1DbDIMHtZAAKQvRUVk4WHTHSP1wTTlOR/ZP,8.346644,12.274458,14.066972,0,2591700,24.477988,Delay-insensitive,1,1.75
40800,aM0ROONJMLKQ323l5OUQNzyqQxJFc1DbDIMHtZAAKQvRUVk4WHTHSP1wTTlOR/ZP,11.126996,11.950272,12.731636,0,2591700,24.477988,Delay-insensitive,1,1.75
41100,aM0ROONJMLKQ323l5OUQNzyqQxJFc1DbDIMHtZAAKQvRUVk4WHTHSP1wTTlOR/ZP,6.149812,11.425486,13.763069,0,2591700,24.477988,Delay-insensitive,1,1.75
41400,aM0ROONJMLKQ323l5OUQNzyqQxJFc1DbDIMHtZAAKQvRUVk4WHTHSP1wTTlOR/ZP,11.252101,12.480943,13.727643,0,2591700,24.477988,Delay-insensitive,1,1.75
41700,aM0ROONJMLKQ323l5OUQNzyqQxJFc1DbDIMHtZAAKQvRUVk4WHTHSP1wTTlOR/ZP,10.388972,12.668187,14.977775,0,2591700,24.477988,Delay-insensitive,1,1.75
42000,aM0ROONJMLKQ323l5OUQNzyqQxJFc1DbDIMHtZAAKQvRUVk4WHTHSP1wTTlOR/ZP,11.353212,13.524331,15.01528,0,2591700,24.477988,Delay-insensitive,1,1.75
42300,aM0ROONJMLKQ323l5OUQNzyqQxJFc1DbDIMHtZAAKQvRUVk4WHTHSP1wTTlOR/ZP,11.188262,11.951331,13.286079999999998,0,2591700,24.477988,Delay-insensitive,1,1.75
42600,aM0ROONJMLKQ323l5OUQNzyqQxJFc1DbDIMHtZAAKQvRUVk4WHTHSP1wTTlOR/ZP,10.887427,12.220131,14.424910999999998,0,2591700,24.477988,Delay-insensitive,1,1.75
42900,aM0ROONJMLKQ323l5OUQNzyqQxJFc1DbDIMHtZAAKQvRUVk4WHTHSP1wTTlOR/ZP,11.359525,12.664848,14.343977,0,2591700,24.477988,Delay-insensitive,1,1.75
43200,aM0ROONJMLKQ323l5OUQNzyqQxJFc1DbDIMHtZAAKQvRUVk4WHTHSP1wTTlOR/ZP,8.97762,12.134133,14.09014,0,2591700,24.477988,Delay-insensitive,1,1.75
43500,aM0ROONJMLKQ323l5OUQNzyqQxJFc1DbDIMHtZAAKQvRUVk4WHTHSP1wTTlOR/ZP,10.913942,14.873474,36.554927,0,2591700,24.477988,Delay-insensitive,1,1.75
43800,aM0ROONJMLKQ323l5OUQNzyqQxJFc1DbDIMHtZAAKQvRUVk4WHTHSP1wTTlOR/ZP,10.916904,12.833598,14.3001,0,2591700,24.477988,Delay-insensitive,1,1.75
44100,aM0ROONJMLKQ323l5OUQNzyqQxJFc1DbDIMHtZAAKQvRUVk4WHTHSP1wTTlOR/ZP,11.046319,13.514371,16.281382999999998,0,2591700,24.477988,Delay-insensitive,1,1.75
44400,aM0ROONJMLKQ323l5OUQNzyqQxJFc1DbDIMHtZAAKQvRUVk4WHTHSP1wTTlOR/ZP,11.258098,12.254976,13.677659,0,2591700,24.477988,Delay-insensitive,1,1.75
44700,aM0ROONJMLKQ323l5OUQNzyqQxJFc1DbDIMHtZAAKQvRUVk4WHTHSP1wTTlOR/ZP,10.501692,11.900855,13.842253,0,2591700,24.477988,Delay-insensitive,1,1.75
45000,aM0ROONJMLKQ323l5OUQNzyqQxJFc1DbDIMHtZAAKQvRUVk4WHTHSP1wTTlOR/ZP,10.224254,12.163862,13.671249,0,2591700,24.477988,Delay-insensitive,1,1.75
45300,aM0ROONJMLKQ323l5OUQNzyqQxJFc1DbDIMHtZAAKQvRUVk4WHTHSP1wTTlOR/ZP,10.126115,12.400624,16.624372,0,2591700,24.477988,Delay-insensitive,1,1.75
45600,aM0ROONJMLKQ323l5OUQNzyqQxJFc1DbDIMHtZAAKQvRUVk4WHTHSP1wTTlOR/ZP,10.449775,12.545408,15.309622,0,2591700,24.477988,Delay-insensitive,1,1.75
45900,aM0ROONJMLKQ323l5OUQNzyqQxJFc1DbDIMHtZAAKQvRUVk4WHTHSP1wTTlOR/ZP,10.291106,13.077068,16.614019,0,2591700,24.477988,Delay-insensitive,1,1.75
46200,aM0ROONJMLKQ323l5OUQNzyqQxJFc1DbDIMHtZAAKQvRUVk4WHTHSP1wTTlOR/ZP,11.740751,13.731693,16.103634,0,2591700,24.477988,Delay-insensitive,1,1.75
46500,aM0ROONJMLKQ323l5OUQNzyqQxJFc1DbDIMHtZAAKQvRUVk4WHTHSP1wTTlOR/ZP,11.676425,13.769424,15.618404,0,2591700,24.477988,Delay-insensitive,1,1.75
46800,aM0ROONJMLKQ323l5OUQNzyqQxJFc1DbDIMHtZAAKQvRUVk4WHTHSP1wTTlOR/ZP,10.943475,13.467034,15.513788,0,2591700,24.477988,Delay-insensitive,1,1.75
47100,aM0ROONJMLKQ323l5OUQNzyqQxJFc1DbDIMHtZAAKQvRUVk4WHTHSP1wTTlOR/ZP,11.48061,14.954460999999998,34.701937,0,2591700,24.477988,Delay-insensitive,1,1.75
47400,aM0ROONJMLKQ323l5OUQNzyqQxJFc1DbDIMHtZAAKQvRUVk4WHTHSP1wTTlOR/ZP,11.322133,13.45128,15.881187,0,2591700,24.477988,Delay-insensitive,1,1.75
47700,aM0ROONJMLKQ323l5OUQNzyqQxJFc1DbDIMHtZAAKQvRUVk4WHTHSP1wTTlOR/ZP,11.608447,12.79321,14.487607999999998,0,2591700,24.477988,Delay-insensitive,1,1.75
48000,aM0ROONJMLKQ323l5OUQNzyqQxJFc1DbDIMHtZAAKQvRUVk4WHTHSP1wTTlOR/ZP,11.829232,12.650698,13.544601,0,2591700,24.477988,Delay-insensitive,1,1.75
48300,aM0ROONJMLKQ323l5OUQNzyqQxJFc1DbDIMHtZAAKQvRUVk4WHTHSP1wTTlOR/ZP,11.571889,13.662837,15.919532,0,2591700,24.477988,Delay-insensitive,1,1.75
48600,aM0ROONJMLKQ323l5OUQNzyqQxJFc1DbDIMHtZAAKQvRUVk4WHTHSP1wTTlOR/ZP,11.187419,12.966477,14.568157,0,2591700,24.477988,Delay-insensitive,1,1.75
48900,aM0ROONJMLKQ323l5OUQNzyqQxJFc1DbDIMHtZAAKQvRUVk4WHTHSP1wTTlOR/ZP,12.431501,13.932093,15.113843,0,2591700,24.477988,Delay-insensitive,1,1.75
49200,aM0ROONJMLKQ323l5OUQNzyqQxJFc1DbDIMHtZAAKQvRUVk4WHTHSP1wTTlOR/ZP,11.59946,13.260257,19.58904,0,2591700,24.477988,Delay-insensitive,1,1.75
49500,aM0ROONJMLKQ323l5OUQNzyqQxJFc1DbDIMHtZAAKQvRUVk4WHTHSP1wTTlOR/ZP,11.534903,12.430099,14.062637,0,2591700,24.477988,Delay-insensitive,1,1.75
49800,aM0ROONJMLKQ323l5OUQNzyqQxJFc1DbDIMHtZAAKQvRUVk4WHTHSP1wTTlOR/ZP,10.838376,13.733323,16.710476999999997,0,2591700,24.477988,Delay-insensitive,1,1.75
50100,aM0ROONJMLKQ323l5OUQNzyqQxJFc1DbDIMHtZAAKQvRUVk4WHTHSP1wTTlOR/ZP,10.812329,12.979632,16.181525,0,2591700,24.477988,Delay-insensitive,1,1.75
50400,aM0ROONJMLKQ323l5OUQNzyqQxJFc1DbDIMHtZAAKQvRUVk4WHTHSP1wTTlOR/ZP,10.995659,12.550024,14.528585,0,2591700,24.477988,Delay-insensitive,1,1.75
50700,aM0ROONJMLKQ323l5OUQNzyqQxJFc1DbDIMHtZAAKQvRUVk4WHTHSP1wTTlOR/ZP,10.583092,21.77962,82.911596,0,2591700,24.477988,Delay-insensitive,1,1.75
51000,aM0ROONJMLKQ323l5OUQNzyqQxJFc1DbDIMHtZAAKQvRUVk4WHTHSP1wTTlOR/ZP,11.363877,12.658826,15.039759,0,2591700,24.477988,Delay-insensitive,1,1.75
51300,aM0ROONJMLKQ323l5OUQNzyqQxJFc1DbDIMHtZAAKQvRUVk4WHTHSP1wTTlOR/ZP,11.651044,13.208993,15.580401,0,2591700,24.477988,Delay-insensitive,1,1.75
51600,aM0ROONJMLKQ323l5OUQNzyqQxJFc1DbDIMHtZAAKQvRUVk4WHTHSP1wTTlOR/ZP,10.630211,12.384856,14.355246,0,2591700,24.477988,Delay-insensitive,1,1.75
51900,aM0ROONJMLKQ323l5OUQNzyqQxJFc1DbDIMHtZAAKQvRUVk4WHTHSP1wTTlOR/ZP,11.121454,12.900176,14.974125,0,2591700,24.477988,Delay-insensitive,1,1.75
52200,aM0ROONJMLKQ323l5OUQNzyqQxJFc1DbDIMHtZAAKQvRUVk4WHTHSP1wTTlOR/ZP,10.304561,12.195551,14.910893,0,2591700,24.477988,Delay-insensitive,1,1.75
52500,aM0ROONJMLKQ323l5OUQNzyqQxJFc1DbDIMHtZAAKQvRUVk4WHTHSP1wTTlOR/ZP,10.753329,12.161135,13.460066,0,2591700,24.477988,Delay-insensitive,1,1.75
52800,aM0ROONJMLKQ323l5OUQNzyqQxJFc1DbDIMHtZAAKQvRUVk4WHTHSP1wTTlOR/ZP,9.892494,11.699764,12.985144,0,2591700,24.477988,Delay-insensitive,1,1.75
53100,aM0ROONJMLKQ323l5OUQNzyqQxJFc1DbDIMHtZAAKQvRUVk4WHTHSP1wTTlOR/ZP,11.440189,12.390465,13.544009,0,2591700,24.477988,Delay-insensitive,1,1.75
53400,aM0ROONJMLKQ323l5OUQNzyqQxJFc1DbDIMHtZAAKQvRUVk4WHTHSP1wTTlOR/ZP,11.225971,12.325674,13.813111,0,2591700,24.477988,Delay-insensitive,1,1.75
53700,aM0ROONJMLKQ323l5OUQNzyqQxJFc1DbDIMHtZAAKQvRUVk4WHTHSP1wTTlOR/ZP,11.688206,12.641802,14.985962,0,2591700,24.477988,Delay-insensitive,1,1.75
54000,aM0ROONJMLKQ323l5OUQNzyqQxJFc1DbDIMHtZAAKQvRUVk4WHTHSP1wTTlOR/ZP,5.8887160000000005,13.530538,15.804661,0,2591700,24.477988,Delay-insensitive,1,1.75
54300,aM0ROONJMLKQ323l5OUQNzyqQxJFc1DbDIMHtZAAKQvRUVk4WHTHSP1wTTlOR/ZP,11.053474,15.051976000000002,36.135781,0,2591700,24.477988,Delay-insensitive,1,1.75
54600,aM0ROONJMLKQ323l5OUQNzyqQxJFc1DbDIMHtZAAKQvRUVk4WHTHSP1wTTlOR/ZP,9.574583,13.129067,16.729341,0,2591700,24.477988,Delay-insensitive,1,1.75
54900,aM0ROONJMLKQ323l5OUQNzyqQxJFc1DbDIMHtZAAKQvRUVk4WHTHSP1wTTlOR/ZP,11.712923,15.118868,20.032342,0,2591700,24.477988,Delay-insensitive,1,1.75
55200,aM0ROONJMLKQ323l5OUQNzyqQxJFc1DbDIMHtZAAKQvRUVk4WHTHSP1wTTlOR/ZP,10.275607,12.259328,14.088021,0,2591700,24.477988,Delay-insensitive,1,1.75
55500,aM0ROONJMLKQ323l5OUQNzyqQxJFc1DbDIMHtZAAKQvRUVk4WHTHSP1wTTlOR/ZP,11.953219,13.166865,14.505679,0,2591700,24.477988,Delay-insensitive,1,1.75
55800,aM0ROONJMLKQ323l5OUQNzyqQxJFc1DbDIMHtZAAKQvRUVk4WHTHSP1wTTlOR/ZP,10.938694,13.084375,14.057152,0,2591700,24.477988,Delay-insensitive,1,1.75
56100,aM0ROONJMLKQ323l5OUQNzyqQxJFc1DbDIMHtZAAKQvRUVk4WHTHSP1wTTlOR/ZP,11.588163,13.220309,16.802926,0,2591700,24.477988,Delay-insensitive,1,1.75
56400,aM0ROONJMLKQ323l5OUQNzyqQxJFc1DbDIMHtZAAKQvRUVk4WHTHSP1wTTlOR/ZP,11.470814,12.537995,13.881693,0,2591700,24.477988,Delay-insensitive,1,1.75
56700,aM0ROONJMLKQ323l5OUQNzyqQxJFc1DbDIMHtZAAKQvRUVk4WHTHSP1wTTlOR/ZP,11.028152,12.228181,13.285517,0,2591700,24.477988,Delay-insensitive,1,1.75
57000,aM0ROONJMLKQ323l5OUQNzyqQxJFc1DbDIMHtZAAKQvRUVk4WHTHSP1wTTlOR/ZP,10.342877,12.206176,13.92428,0,2591700,24.477988,Delay-insensitive,1,1.75
57300,aM0ROONJMLKQ323l5OUQNzyqQxJFc1DbDIMHtZAAKQvRUVk4WHTHSP1wTTlOR/ZP,10.613406,16.14895,45.183434000000005,0,2591700,24.477988,Delay-insensitive,1,1.75
57600,aM0ROONJMLKQ323l5OUQNzyqQxJFc1DbDIMHtZAAKQvRUVk4WHTHSP1wTTlOR/ZP,11.528423,13.137417,14.522031,0,2591700,24.477988,Delay-insensitive,1,1.75
57900,aM0ROONJMLKQ323l5OUQNzyqQxJFc1DbDIMHtZAAKQvRUVk4WHTHSP1wTTlOR/ZP,8.99442,14.402974,30.445683,0,2591700,24.477988,Delay-insensitive,1,1.75
58200,aM0ROONJMLKQ323l5OUQNzyqQxJFc1DbDIMHtZAAKQvRUVk4WHTHSP1wTTlOR/ZP,11.490286,13.297245000000002,16.066639000000002,0,2591700,24.477988,Delay-insensitive,1,1.75
58500,aM0ROONJMLKQ323l5OUQNzyqQxJFc1DbDIMHtZAAKQvRUVk4WHTHSP1wTTlOR/ZP,12.007013,13.88567,15.926065,0,2591700,24.477988,Delay-insensitive,1,1.75
58800,aM0ROONJMLKQ323l5OUQNzyqQxJFc1DbDIMHtZAAKQvRUVk4WHTHSP1wTTlOR/ZP,10.927726,13.97666,17.809176,0,2591700,24.477988,Delay-insensitive,1,1.75
59100,aM0ROONJMLKQ323l5OUQNzyqQxJFc1DbDIMHtZAAKQvRUVk4WHTHSP1wTTlOR/ZP,10.343279,12.133064,14.365833,0,2591700,24.477988,Delay-insensitive,1,1.75
59400,aM0ROONJMLKQ323l5OUQNzyqQxJFc1DbDIMHtZAAKQvRUVk4WHTHSP1wTTlOR/ZP,10.858361,13.80487,16.952257,0,2591700,24.477988,Delay-insensitive,1,1.75
59700,aM0ROONJMLKQ323l5OUQNzyqQxJFc1DbDIMHtZAAKQvRUVk4WHTHSP1wTTlOR/ZP,10.606851,12.308505,15.135708,0,2591700,24.477988,Delay-insensitive,1,1.75
60000,aM0ROONJMLKQ323l5OUQNzyqQxJFc1DbDIMHtZAAKQvRUVk4WHTHSP1wTTlOR/ZP,10.44557,13.319069,17.291928,0,2591700,24.477988,Delay-insensitive,1,1.75
60300,aM0ROONJMLKQ323l5OUQNzyqQxJFc1DbDIMHtZAAKQvRUVk4WHTHSP1wTTlOR/ZP,10.664199,12.674407,15.951065,0,2591700,24.477988,Delay-insensitive,1,1.75
60600,aM0ROONJMLKQ323l5OUQNzyqQxJFc1DbDIMHtZAAKQvRUVk4WHTHSP1wTTlOR/ZP,11.223341,13.391954,16.335478,0,2591700,24.477988,Delay-insensitive,1,1.75
60900,aM0ROONJMLKQ323l5OUQNzyqQxJFc1DbDIMHtZAAKQvRUVk4WHTHSP1wTTlOR/ZP,11.539581,13.711028,20.486304,0,2591700,24.477988,Delay-insensitive,1,1.75
61200,aM0ROONJMLKQ323l5OUQNzyqQxJFc1DbDIMHtZAAKQvRUVk4WHTHSP1wTTlOR/ZP,10.858151,12.404771,14.762828,0,2591700,24.477988,Delay-insensitive,1,1.75
61500,aM0ROONJMLKQ323l5OUQNzyqQxJFc1DbDIMHtZAAKQvRUVk4WHTHSP1wTTlOR/ZP,10.299731,16.482110000000002,36.957562,0,2591700,24.477988,Delay-insensitive,1,1.75
61800,aM0ROONJMLKQ323l5OUQNzyqQxJFc1DbDIMHtZAAKQvRUVk4WHTHSP1wTTlOR/ZP,10.547475,13.353242000000002,17.102999999999998,0,2591700,24.477988,Delay-insensitive,1,1.75
62100,aM0ROONJMLKQ323l5OUQNzyqQxJFc1DbDIMHtZAAKQvRUVk4WHTHSP1wTTlOR/ZP,10.857045,13.802148999999998,21.583933,0,2591700,24.477988,Delay-insensitive,1,1.75
62400,aM0ROONJMLKQ323l5OUQNzyqQxJFc1DbDIMHtZAAKQvRUVk4WHTHSP1wTTlOR/ZP,10.183822,12.412129,15.322032,0,2591700,24.477988,Delay-insensitive,1,1.75
62700,aM0ROONJMLKQ323l5OUQNzyqQxJFc1DbDIMHtZAAKQvRUVk4WHTHSP1wTTlOR/ZP,9.597542,11.664842,13.873475,0,2591700,24.477988,Delay-insensitive,1,1.75
63000,aM0ROONJMLKQ323l5OUQNzyqQxJFc1DbDIMHtZAAKQvRUVk4WHTHSP1wTTlOR/ZP,10.321876,12.575146,15.470253,0,2591700,24.477988,Delay-insensitive,1,1.75
63300,aM0ROONJMLKQ323l5OUQNzyqQxJFc1DbDIMHtZAAKQvRUVk4WHTHSP1wTTlOR/ZP,8.718645,11.943858,14.758764,0,2591700,24.477988,Delay-insensitive,1,1.75
63600,aM0ROONJMLKQ323l5OUQNzyqQxJFc1DbDIMHtZAAKQvRUVk4WHTHSP1wTTlOR/ZP,9.254991,12.497546,21.943521,0,2591700,24.477988,Delay-insensitive,1,1.75
63900,aM0ROONJMLKQ323l5OUQNzyqQxJFc1DbDIMHtZAAKQvRUVk4WHTHSP1wTTlOR/ZP,10.796021,12.798798,16.817118,0,2591700,24.477988,Delay-insensitive,1,1.75
64200,aM0ROONJMLKQ323l5OUQNzyqQxJFc1DbDIMHtZAAKQvRUVk4WHTHSP1wTTlOR/ZP,8.907051,11.741834,14.574607,0,2591700,24.477988,Delay-insensitive,1,1.75
64500,aM0ROONJMLKQ323l5OUQNzyqQxJFc1DbDIMHtZAAKQvRUVk4WHTHSP1wTTlOR/ZP,10.028101,12.380994,14.546534,0,2591700,24.477988,Delay-insensitive,1,1.75
64800,aM0ROONJMLKQ323l5OUQNzyqQxJFc1DbDIMHtZAAKQvRUVk4WHTHSP1wTTlOR/ZP,6.132655000000001,11.781463,13.321351000000002,0,2591700,24.477988,Delay-insensitive,1,1.75
65100,aM0ROONJMLKQ323l5OUQNzyqQxJFc1DbDIMHtZAAKQvRUVk4WHTHSP1wTTlOR/ZP,10.60222,15.539763,27.050147,0,2591700,24.477988,Delay-insensitive,1,1.75
65400,aM0ROONJMLKQ323l5OUQNzyqQxJFc1DbDIMHtZAAKQvRUVk4WHTHSP1wTTlOR/ZP,5.647171,12.735502,16.011312,0,2591700,24.477988,Delay-insensitive,1,1.75
65700,aM0ROONJMLKQ323l5OUQNzyqQxJFc1DbDIMHtZAAKQvRUVk4WHTHSP1wTTlOR/ZP,12.627326,14.818904000000002,16.679627,0,2591700,24.477988,Delay-insensitive,1,1.75
66000,aM0ROONJMLKQ323l5OUQNzyqQxJFc1DbDIMHtZAAKQvRUVk4WHTHSP1wTTlOR/ZP,11.409827,14.943301000000002,36.716074,0,2591700,24.477988,Delay-insensitive,1,1.75
66300,aM0ROONJMLKQ323l5OUQNzyqQxJFc1DbDIMHtZAAKQvRUVk4WHTHSP1wTTlOR/ZP,10.140275,13.000089,15.974107,0,2591700,24.477988,Delay-insensitive,1,1.75
66600,aM0ROONJMLKQ323l5OUQNzyqQxJFc1DbDIMHtZAAKQvRUVk4WHTHSP1wTTlOR/ZP,11.526865,13.054325,16.174797,0,2591700,24.477988,Delay-insensitive,1,1.75
66900,aM0ROONJMLKQ323l5OUQNzyqQxJFc1DbDIMHtZAAKQvRUVk4WHTHSP1wTTlOR/ZP,10.658138,13.243621,16.655648,0,2591700,24.477988,Delay-insensitive,1,1.75
67200,aM0ROONJMLKQ323l5OUQNzyqQxJFc1DbDIMHtZAAKQvRUVk4WHTHSP1wTTlOR/ZP,9.180586,12.859478,15.429085999999998,0,2591700,24.477988,Delay-insensitive,1,1.75
67500,aM0ROONJMLKQ323l5OUQNzyqQxJFc1DbDIMHtZAAKQvRUVk4WHTHSP1wTTlOR/ZP,7.411714,12.509949,14.360329,0,2591700,24.477988,Delay-insensitive,1,1.75
67800,aM0ROONJMLKQ323l5OUQNzyqQxJFc1DbDIMHtZAAKQvRUVk4WHTHSP1wTTlOR/ZP,10.715719,12.614456,14.168195,0,2591700,24.477988,Delay-insensitive,1,1.75
68100,aM0ROONJMLKQ323l5OUQNzyqQxJFc1DbDIMHtZAAKQvRUVk4WHTHSP1wTTlOR/ZP,7.646686,11.470287,13.145748,0,2591700,24.477988,Delay-insensitive,1,1.75
68400,aM0ROONJMLKQ323l5OUQNzyqQxJFc1DbDIMHtZAAKQvRUVk4WHTHSP1wTTlOR/ZP,10.76184,12.784808,14.737213,0,2591700,24.477988,Delay-insensitive,1,1.75
68700,aM0ROONJMLKQ323l5OUQNzyqQxJFc1DbDIMHtZAAKQvRUVk4WHTHSP1wTTlOR/ZP,10.080766,14.372363,34.772764,0,2591700,24.477988,Delay-insensitive,1,1.75
69000,aM0ROONJMLKQ323l5OUQNzyqQxJFc1DbDIMHtZAAKQvRUVk4WHTHSP1wTTlOR/ZP,7.919461,12.153989,14.011217000000002,0,2591700,24.477988,Delay-insensitive,1,1.75
69300,aM0ROONJMLKQ323l5OUQNzyqQxJFc1DbDIMHtZAAKQvRUVk4WHTHSP1wTTlOR/ZP,11.917072,13.677843,15.482632,0,2591700,24.477988,Delay-insensitive,1,1.75
69600,aM0ROONJMLKQ323l5OUQNzyqQxJFc1DbDIMHtZAAKQvRUVk4WHTHSP1wTTlOR/ZP,9.446444,11.800196,14.325341,0,2591700,24.477988,Delay-insensitive,1,1.75
69900,aM0ROONJMLKQ323l5OUQNzyqQxJFc1DbDIMHtZAAKQvRUVk4WHTHSP1wTTlOR/ZP,11.048672,13.616882999999998,16.691177,0,2591700,24.477988,Delay-insensitive,1,1.75
70200,aM0ROONJMLKQ323l5OUQNzyqQxJFc1DbDIMHtZAAKQvRUVk4WHTHSP1wTTlOR/ZP,9.193336,13.137557,14.721738,0,2591700,24.477988,Delay-insensitive,1,1.75
70500,aM0ROONJMLKQ323l5OUQNzyqQxJFc1DbDIMHtZAAKQvRUVk4WHTHSP1wTTlOR/ZP,12.765079,14.097716,15.029327,0,2591700,24.477988,Delay-insensitive,1,1.75
70800,aM0ROONJMLKQ323l5OUQNzyqQxJFc1DbDIMHtZAAKQvRUVk4WHTHSP1wTTlOR/ZP,6.648516000000001,11.217597,13.042518,0,2591700,24.477988,Delay-insensitive,1,1.75
71100,aM0ROONJMLKQ323l5OUQNzyqQxJFc1DbDIMHtZAAKQvRUVk4WHTHSP1wTTlOR/ZP,10.676903,13.007623,15.201022,0,2591700,24.477988,Delay-insensitive,1,1.75
71400,aM0ROONJMLKQ323l5OUQNzyqQxJFc1DbDIMHtZAAKQvRUVk4WHTHSP1wTTlOR/ZP,9.106578,11.881912,13.434779,0,2591700,24.477988,Delay-insensitive,1,1.75
71700,aM0ROONJMLKQ323l5OUQNzyqQxJFc1DbDIMHtZAAKQvRUVk4WHTHSP1wTTlOR/ZP,10.29609,12.201791,14.21554,0,2591700,24.477988,Delay-insensitive,1,1.75
72000,aM0ROONJMLKQ323l5OUQNzyqQxJFc1DbDIMHtZAAKQvRUVk4WHTHSP1wTTlOR/ZP,9.633607,12.511683,15.108295000000002,0,2591700,24.477988,Delay-insensitive,1,1.75
72300,aM0ROONJMLKQ323l5OUQNzyqQxJFc1DbDIMHtZAAKQvRUVk4WHTHSP1wTTlOR/ZP,8.765417,14.585708,28.300419,0,2591700,24.477988,Delay-insensitive,1,1.75
72600,aM0ROONJMLKQ323l5OUQNzyqQxJFc1DbDIMHtZAAKQvRUVk4WHTHSP1wTTlOR/ZP,10.439165,13.194344,21.041269,0,2591700,24.477988,Delay-insensitive,1,1.75
72900,aM0ROONJMLKQ323l5OUQNzyqQxJFc1DbDIMHtZAAKQvRUVk4WHTHSP1wTTlOR/ZP,8.76248,12.1296,14.573078,0,2591700,24.477988,Delay-insensitive,1,1.75
73200,aM0ROONJMLKQ323l5OUQNzyqQxJFc1DbDIMHtZAAKQvRUVk4WHTHSP1wTTlOR/ZP,11.530888,13.280688,15.739354999999998,0,2591700,24.477988,Delay-insensitive,1,1.75
73500,aM0ROONJMLKQ323l5OUQNzyqQxJFc1DbDIMHtZAAKQvRUVk4WHTHSP1wTTlOR/ZP,8.650663,12.314995,15.256937,0,2591700,24.477988,Delay-insensitive,1,1.75
73800,aM0ROONJMLKQ323l5OUQNzyqQxJFc1DbDIMHtZAAKQvRUVk4WHTHSP1wTTlOR/ZP,11.092848,12.535571,13.689947,0,2591700,24.477988,Delay-insensitive,1,1.75
74100,aM0ROONJMLKQ323l5OUQNzyqQxJFc1DbDIMHtZAAKQvRUVk4WHTHSP1wTTlOR/ZP,6.596849000000001,11.572027,13.115019,0,2591700,24.477988,Delay-insensitive,1,1.75
74400,aM0ROONJMLKQ323l5OUQNzyqQxJFc1DbDIMHtZAAKQvRUVk4WHTHSP1wTTlOR/ZP,5.483278,11.376868,13.287216,0,2591700,24.477988,Delay-insensitive,1,1.75
74700,aM0ROONJMLKQ323l5OUQNzyqQxJFc1DbDIMHtZAAKQvRUVk4WHTHSP1wTTlOR/ZP,11.523254,12.929857,14.672544,0,2591700,24.477988,Delay-insensitive,1,1.75
75000,aM0ROONJMLKQ323l5OUQNzyqQxJFc1DbDIMHtZAAKQvRUVk4WHTHSP1wTTlOR/ZP,7.842861999999999,12.14006,14.001293,0,2591700,24.477988,Delay-insensitive,1,1.75
75300,aM0ROONJMLKQ323l5OUQNzyqQxJFc1DbDIMHtZAAKQvRUVk4WHTHSP1wTTlOR/ZP,10.466496,12.289814,14.40785,0,2591700,24.477988,Delay-insensitive,1,1.75
75600,aM0ROONJMLKQ323l5OUQNzyqQxJFc1DbDIMHtZAAKQvRUVk4WHTHSP1wTTlOR/ZP,4.607501999999999,11.58069,14.532157000000002,0,2591700,24.477988,Delay-insensitive,1,1.75
75900,aM0ROONJMLKQ323l5OUQNzyqQxJFc1DbDIMHtZAAKQvRUVk4WHTHSP1wTTlOR/ZP,10.593351,12.777556,13.955539000000002,0,2591700,24.477988,Delay-insensitive,1,1.75
76200,aM0ROONJMLKQ323l5OUQNzyqQxJFc1DbDIMHtZAAKQvRUVk4WHTHSP1wTTlOR/ZP,10.527642,14.114904999999998,35.315726,0,2591700,24.477988,Delay-insensitive,1,1.75
76500,aM0ROONJMLKQ323l5OUQNzyqQxJFc1DbDIMHtZAAKQvRUVk4WHTHSP1wTTlOR/ZP,11.22107,12.281843,13.659107999999998,0,2591700,24.477988,Delay-insensitive,1,1.75
76800,aM0ROONJMLKQ323l5OUQNzyqQxJFc1DbDIMHtZAAKQvRUVk4WHTHSP1wTTlOR/ZP,7.986314999999999,12.350159,14.484227,0,2591700,24.477988,Delay-insensitive,1,1.75
77100,aM0ROONJMLKQ323l5OUQNzyqQxJFc1DbDIMHtZAAKQvRUVk4WHTHSP1wTTlOR/ZP,9.364743,11.834112,13.883104,0,2591700,24.477988,Delay-insensitive,1,1.75
77400,aM0ROONJMLKQ323l5OUQNzyqQxJFc1DbDIMHtZAAKQvRUVk4WHTHSP1wTTlOR/ZP,10.459586,13.952747,17.005726,0,2591700,24.477988,Delay-insensitive,1,1.75
77700,aM0ROONJMLKQ323l5OUQNzyqQxJFc1DbDIMHtZAAKQvRUVk4WHTHSP1wTTlOR/ZP,10.3065,12.271346,14.805792000000002,0,2591700,24.477988,Delay-insensitive,1,1.75
78000,aM0ROONJMLKQ323l5OUQNzyqQxJFc1DbDIMHtZAAKQvRUVk4WHTHSP1wTTlOR/ZP,10.716526,12.571489,16.787035,0,2591700,24.477988,Delay-insensitive,1,1.75
78300,aM0ROONJMLKQ323l5OUQNzyqQxJFc1DbDIMHtZAAKQvRUVk4WHTHSP1wTTlOR/ZP,7.880053999999999,12.506007,16.307744,0,2591700,24.477988,Delay-insensitive,1,1.75
78600,aM0ROONJMLKQ323l5OUQNzyqQxJFc1DbDIMHtZAAKQvRUVk4WHTHSP1wTTlOR/ZP,10.927067999999998,12.637387,14.620974,0,2591700,24.477988,Delay-insensitive,1,1.75
78900,aM0ROONJMLKQ323l5OUQNzyqQxJFc1DbDIMHtZAAKQvRUVk4WHTHSP1wTTlOR/ZP,11.468934,12.934069,16.840625,0,2591700,24.477988,Delay-insensitive,1,1.75
79200,aM0ROONJMLKQ323l5OUQNzyqQxJFc1DbDIMHtZAAKQvRUVk4WHTHSP1wTTlOR/ZP,10.289688,13.009496,14.449426,0,2591700,24.477988,Delay-insensitive,1,1.75
79500,aM0ROONJMLKQ323l5OUQNzyqQxJFc1DbDIMHtZAAKQvRUVk4WHTHSP1wTTlOR/ZP,9.509567,12.811597,15.512509,0,2591700,24.477988,Delay-insensitive,1,1.75
79800,aM0ROONJMLKQ323l5OUQNzyqQxJFc1DbDIMHtZAAKQvRUVk4WHTHSP1wTTlOR/ZP,10.369635,14.445711,23.152152,0,2591700,24.477988,Delay-insensitive,1,1.75
80100,aM0ROONJMLKQ323l5OUQNzyqQxJFc1DbDIMHtZAAKQvRUVk4WHTHSP1wTTlOR/ZP,10.975543,13.658016,16.824375,0,2591700,24.477988,Delay-insensitive,1,1.75
80400,aM0ROONJMLKQ323l5OUQNzyqQxJFc1DbDIMHtZAAKQvRUVk4WHTHSP1wTTlOR/ZP,9.942379,12.362642999999998,14.705561,0,2591700,24.477988,Delay-insensitive,1,1.75
80700,aM0ROONJMLKQ323l5OUQNzyqQxJFc1DbDIMHtZAAKQvRUVk4WHTHSP1wTTlOR/ZP,11.298522,13.178481,15.543009,0,2591700,24.477988,Delay-insensitive,1,1.75
81000,aM0ROONJMLKQ323l5OUQNzyqQxJFc1DbDIMHtZAAKQvRUVk4WHTHSP1wTTlOR/ZP,10.006977,13.118525,17.487710999999997,0,2591700,24.477988,Delay-insensitive,1,1.75
81300,aM0ROONJMLKQ323l5OUQNzyqQxJFc1DbDIMHtZAAKQvRUVk4WHTHSP1wTTlOR/ZP,11.479683,13.465369,16.251565,0,2591700,24.477988,Delay-insensitive,1,1.75
81600,aM0ROONJMLKQ323l5OUQNzyqQxJFc1DbDIMHtZAAKQvRUVk4WHTHSP1wTTlOR/ZP,9.678585,12.293093,14.61072,0,2591700,24.477988,Delay-insensitive,1,1.75
81900,aM0ROONJMLKQ323l5OUQNzyqQxJFc1DbDIMHtZAAKQvRUVk4WHTHSP1wTTlOR/ZP,9.991005,13.194184,14.543216,0,2591700,24.477988,Delay-insensitive,1,1.75
82200,aM0ROONJMLKQ323l5OUQNzyqQxJFc1DbDIMHtZAAKQvRUVk4WHTHSP1wTTlOR/ZP,10.907405,12.080181,14.039928,0,2591700,24.477988,Delay-insensitive,1,1.75
82500,aM0ROONJMLKQ323l5OUQNzyqQxJFc1DbDIMHtZAAKQvRUVk4WHTHSP1wTTlOR/ZP,11.334001,12.983795,16.176425,0,2591700,24.477988,Delay-insensitive,1,1.75
82800,aM0ROONJMLKQ323l5OUQNzyqQxJFc1DbDIMHtZAAKQvRUVk4WHTHSP1wTTlOR/ZP,10.905283,13.428802,15.597031,0,2591700,24.477988,Delay-insensitive,1,1.75
83100,aM0ROONJMLKQ323l5OUQNzyqQxJFc1DbDIMHtZAAKQvRUVk4WHTHSP1wTTlOR/ZP,11.093679,13.555526,20.386325,0,2591700,24.477988,Delay-insensitive,1,1.75
83400,aM0ROONJMLKQ323l5OUQNzyqQxJFc1DbDIMHtZAAKQvRUVk4WHTHSP1wTTlOR/ZP,10.243114,17.058629,39.625107,0,2591700,24.477988,Delay-insensitive,1,1.75
83700,aM0ROONJMLKQ323l5OUQNzyqQxJFc1DbDIMHtZAAKQvRUVk4WHTHSP1wTTlOR/ZP,11.030276,12.920971,18.94653,0,2591700,24.477988,Delay-insensitive,1,1.75
84000,aM0ROONJMLKQ323l5OUQNzyqQxJFc1DbDIMHtZAAKQvRUVk4WHTHSP1wTTlOR/ZP,11.031996,12.949533,15.734331,0,2591700,24.477988,Delay-insensitive,1,1.75
84300,aM0ROONJMLKQ323l5OUQNzyqQxJFc1DbDIMHtZAAKQvRUVk4WHTHSP1wTTlOR/ZP,11.193353,14.338999,17.565407999999998,0,2591700,24.477988,Delay-insensitive,1,1.75
84600,aM0ROONJMLKQ323l5OUQNzyqQxJFc1DbDIMHtZAAKQvRUVk4WHTHSP1wTTlOR/ZP,10.633427,12.48024,15.524015,0,2591700,24.477988,Delay-insensitive,1,1.75
84900,aM0ROONJMLKQ323l5OUQNzyqQxJFc1DbDIMHtZAAKQvRUVk4WHTHSP1wTTlOR/ZP,10.935432,12.399818,13.573282999999998,0,2591700,24.477988,Delay-insensitive,1,1.75
85200,aM0ROONJMLKQ323l5OUQNzyqQxJFc1DbDIMHtZAAKQvRUVk4WHTHSP1wTTlOR/ZP,9.465188,12.279021,14.368638,0,2591700,24.477988,Delay-insensitive,1,1.75
85500,aM0ROONJMLKQ323l5OUQNzyqQxJFc1DbDIMHtZAAKQvRUVk4WHTHSP1wTTlOR/ZP,11.625806,12.692966,13.99084,0,2591700,24.477988,Delay-insensitive,1,1.75
85800,aM0ROONJMLKQ323l5OUQNzyqQxJFc1DbDIMHtZAAKQvRUVk4WHTHSP1wTTlOR/ZP,10.147634,12.484465,13.545868,0,2591700,24.477988,Delay-insensitive,1,1.75
86100,aM0ROONJMLKQ323l5OUQNzyqQxJFc1DbDIMHtZAAKQvRUVk4WHTHSP1wTTlOR/ZP,11.067592,13.014539,13.91271,0,2591700,24.477988,Delay-insensitive,1,1.75
86400,aM0ROONJMLKQ323l5OUQNzyqQxJFc1DbDIMHtZAAKQvRUVk4WHTHSP1wTTlOR/ZP,11.233386,12.49323,13.839258,0,2591700,24.477988,Delay-insensitive,1,1.75
86700,aM0ROONJMLKQ323l5OUQNzyqQxJFc1DbDIMHtZAAKQvRUVk4WHTHSP1wTTlOR/ZP,10.922599,12.631353,13.748162,0,2591700,24.477988,Delay-insensitive,1,1.75
87000,aM0ROONJMLKQ323l5OUQNzyqQxJFc1DbDIMHtZAAKQvRUVk4WHTHSP1wTTlOR/ZP,6.708964999999999,14.121529,28.099742,0,2591700,24.477988,Delay-insensitive,1,1.75
87300,aM0ROONJMLKQ323l5OUQNzyqQxJFc1DbDIMHtZAAKQvRUVk4WHTHSP1wTTlOR/ZP,11.205193,12.722487,15.339282999999998,0,2591700,24.477988,Delay-insensitive,1,1.75
87600,aM0ROONJMLKQ323l5OUQNzyqQxJFc1DbDIMHtZAAKQvRUVk4WHTHSP1wTTlOR/ZP,7.780877,11.497938,12.922389,0,2591700,24.477988,Delay-insensitive,1,1.75
87900,aM0ROONJMLKQ323l5OUQNzyqQxJFc1DbDIMHtZAAKQvRUVk4WHTHSP1wTTlOR/ZP,9.383903,12.002112,13.314942000000002,0,2591700,24.477988,Delay-insensitive,1,1.75
88200,aM0ROONJMLKQ323l5OUQNzyqQxJFc1DbDIMHtZAAKQvRUVk4WHTHSP1wTTlOR/ZP,10.439186,12.469528,16.059589000000003,0,2591700,24.477988,Delay-insensitive,1,1.75
88500,aM0ROONJMLKQ323l5OUQNzyqQxJFc1DbDIMHtZAAKQvRUVk4WHTHSP1wTTlOR/ZP,8.794488000000001,12.389761,14.36799,0,2591700,24.477988,Delay-insensitive,1,1.75
88800,aM0ROONJMLKQ323l5OUQNzyqQxJFc1DbDIMHtZAAKQvRUVk4WHTHSP1wTTlOR/ZP,11.716868,12.467693,14.120523,0,2591700,24.477988,Delay-insensitive,1,1.75
89100,aM0ROONJMLKQ323l5OUQNzyqQxJFc1DbDIMHtZAAKQvRUVk4WHTHSP1wTTlOR/ZP,8.858317,12.038852,13.948597,0,2591700,24.477988,Delay-insensitive,1,1.75
89400,aM0ROONJMLKQ323l5OUQNzyqQxJFc1DbDIMHtZAAKQvRUVk4WHTHSP1wTTlOR/ZP,11.433659,12.39768,13.804322,0,2591700,24.477988,Delay-insensitive,1,1.75
89700,aM0ROONJMLKQ323l5OUQNzyqQxJFc1DbDIMHtZAAKQvRUVk4WHTHSP1wTTlOR/ZP,11.392706,12.24219,13.000118,0,2591700,24.477988,Delay-insensitive,1,1.75
90000,aM0ROONJMLKQ323l5OUQNzyqQxJFc1DbDIMHtZAAKQvRUVk4WHTHSP1wTTlOR/ZP,11.563115,12.985896,15.202825,0,2591700,24.477988,Delay-insensitive,1,1.75
90300,aM0ROONJMLKQ323l5OUQNzyqQxJFc1DbDIMHtZAAKQvRUVk4WHTHSP1wTTlOR/ZP,6.727069,12.198372,14.328021,0,2591700,24.477988,Delay-insensitive,1,1.75
90600,aM0ROONJMLKQ323l5OUQNzyqQxJFc1DbDIMHtZAAKQvRUVk4WHTHSP1wTTlOR/ZP,10.849546,14.910276,34.902857,0,2591700,24.477988,Delay-insensitive,1,1.75
90900,aM0ROONJMLKQ323l5OUQNzyqQxJFc1DbDIMHtZAAKQvRUVk4WHTHSP1wTTlOR/ZP,5.975233,11.626471,13.338238,0,2591700,24.477988,Delay-insensitive,1,1.75
91200,aM0ROONJMLKQ323l5OUQNzyqQxJFc1DbDIMHtZAAKQvRUVk4WHTHSP1wTTlOR/ZP,9.010358,11.426472,13.323116,0,2591700,24.477988,Delay-insensitive,1,1.75
91500,aM0ROONJMLKQ323l5OUQNzyqQxJFc1DbDIMHtZAAKQvRUVk4WHTHSP1wTTlOR/ZP,11.034431,12.078516,14.354643,0,2591700,24.477988,Delay-insensitive,1,1.75
91800,aM0ROONJMLKQ323l5OUQNzyqQxJFc1DbDIMHtZAAKQvRUVk4WHTHSP1wTTlOR/ZP,9.279646,11.817427,13.565388,0,2591700,24.477988,Delay-insensitive,1,1.75
92100,aM0ROONJMLKQ323l5OUQNzyqQxJFc1DbDIMHtZAAKQvRUVk4WHTHSP1wTTlOR/ZP,10.842692,12.022397,13.475694,0,2591700,24.477988,Delay-insensitive,1,1.75
92400,aM0ROONJMLKQ323l5OUQNzyqQxJFc1DbDIMHtZAAKQvRUVk4WHTHSP1wTTlOR/ZP,8.084327,12.462188,15.208563,0,2591700,24.477988,Delay-insensitive,1,1.75
92700,aM0ROONJMLKQ323l5OUQNzyqQxJFc1DbDIMHtZAAKQvRUVk4WHTHSP1wTTlOR/ZP,10.862796,12.399329,14.035639000000002,0,2591700,24.477988,Delay-insensitive,1,1.75
93000,aM0ROONJMLKQ323l5OUQNzyqQxJFc1DbDIMHtZAAKQvRUVk4WHTHSP1wTTlOR/ZP,11.295203,13.671604,16.95757,0,2591700,24.477988,Delay-insensitive,1,1.75
93300,aM0ROONJMLKQ323l5OUQNzyqQxJFc1DbDIMHtZAAKQvRUVk4WHTHSP1wTTlOR/ZP,11.450683,13.240589000000002,14.742117000000002,0,2591700,24.477988,Delay-insensitive,1,1.75
93600,aM0ROONJMLKQ323l5OUQNzyqQxJFc1DbDIMHtZAAKQvRUVk4WHTHSP1wTTlOR/ZP,11.99937,13.80164,15.631576999999998,0,2591700,24.477988,Delay-insensitive,1,1.75
93900,aM0ROONJMLKQ323l5OUQNzyqQxJFc1DbDIMHtZAAKQvRUVk4WHTHSP1wTTlOR/ZP,11.57497,12.570405,13.546985,0,2591700,24.477988,Delay-insensitive,1,1.75
94200,aM0ROONJMLKQ323l5OUQNzyqQxJFc1DbDIMHtZAAKQvRUVk4WHTHSP1wTTlOR/ZP,11.430299,15.400834,28.699792,0,2591700,24.477988,Delay-insensitive,1,1.75
94500,aM0ROONJMLKQ323l5OUQNzyqQxJFc1DbDIMHtZAAKQvRUVk4WHTHSP1wTTlOR/ZP,10.990644,12.833006,17.016378,0,2591700,24.477988,Delay-insensitive,1,1.75
94800,aM0ROONJMLKQ323l5OUQNzyqQxJFc1DbDIMHtZAAKQvRUVk4WHTHSP1wTTlOR/ZP,11.470879,12.66813,13.718512,0,2591700,24.477988,Delay-insensitive,1,1.75
95100,aM0ROONJMLKQ323l5OUQNzyqQxJFc1DbDIMHtZAAKQvRUVk4WHTHSP1wTTlOR/ZP,11.406231,13.766943,18.450191,0,2591700,24.477988,Delay-insensitive,1,1.75
95400,aM0ROONJMLKQ323l5OUQNzyqQxJFc1DbDIMHtZAAKQvRUVk4WHTHSP1wTTlOR/ZP,11.621849,13.126378,15.02209,0,2591700,24.477988,Delay-insensitive,1,1.75
95700,aM0ROONJMLKQ323l5OUQNzyqQxJFc1DbDIMHtZAAKQvRUVk4WHTHSP1wTTlOR/ZP,11.787889,13.718806,20.362327,0,2591700,24.477988,Delay-insensitive,1,1.75
96000,aM0ROONJMLKQ323l5OUQNzyqQxJFc1DbDIMHtZAAKQvRUVk4WHTHSP1wTTlOR/ZP,10.843469,12.183911,13.881076,0,2591700,24.477988,Delay-insensitive,1,1.75
96300,aM0ROONJMLKQ323l5OUQNzyqQxJFc1DbDIMHtZAAKQvRUVk4WHTHSP1wTTlOR/ZP,11.087447,12.705978,15.248344,0,2591700,24.477988,Delay-insensitive,1,1.75
96600,aM0ROONJMLKQ323l5OUQNzyqQxJFc1DbDIMHtZAAKQvRUVk4WHTHSP1wTTlOR/ZP,12.006283,14.186842,19.282506,0,2591700,24.477988,Delay-insensitive,1,1.75
96900,aM0ROONJMLKQ323l5OUQNzyqQxJFc1DbDIMHtZAAKQvRUVk4WHTHSP1wTTlOR/ZP,10.778001,12.046077,13.470552,0,2591700,24.477988,Delay-insensitive,1,1.75
97200,aM0ROONJMLKQ323l5OUQNzyqQxJFc1DbDIMHtZAAKQvRUVk4WHTHSP1wTTlOR/ZP,11.808134,12.492324,14.355264000000002,0,2591700,24.477988,Delay-insensitive,1,1.75
97500,aM0ROONJMLKQ323l5OUQNzyqQxJFc1DbDIMHtZAAKQvRUVk4WHTHSP1wTTlOR/ZP,11.03261,12.339936,14.755763,0,2591700,24.477988,Delay-insensitive,1,1.75
97800,aM0ROONJMLKQ323l5OUQNzyqQxJFc1DbDIMHtZAAKQvRUVk4WHTHSP1wTTlOR/ZP,11.139287,15.100362,35.616496999999995,0,2591700,24.477988,Delay-insensitive,1,1.75
98100,aM0ROONJMLKQ323l5OUQNzyqQxJFc1DbDIMHtZAAKQvRUVk4WHTHSP1wTTlOR/ZP,10.483528,11.845688,13.61483,0,2591700,24.477988,Delay-insensitive,1,1.75
98400,aM0ROONJMLKQ323l5OUQNzyqQxJFc1DbDIMHtZAAKQvRUVk4WHTHSP1wTTlOR/ZP,11.231695,11.981143,12.980286,0,2591700,24.477988,Delay-insensitive,1,1.75
98700,aM0ROONJMLKQ323l5OUQNzyqQxJFc1DbDIMHtZAAKQvRUVk4WHTHSP1wTTlOR/ZP,10.811917,12.473664,14.180162,0,2591700,24.477988,Delay-insensitive,1,1.75
99000,aM0ROONJMLKQ323l5OUQNzyqQxJFc1DbDIMHtZAAKQvRUVk4WHTHSP1wTTlOR/ZP,8.987524,11.971143,14.254353,0,2591700,24.477988,Delay-insensitive,1,1.75
99300,aM0ROONJMLKQ323l5OUQNzyqQxJFc1DbDIMHtZAAKQvRUVk4WHTHSP1wTTlOR/ZP,10.898959,11.839489,13.192431,0,2591700,24.477988,Delay-insensitive,1,1.75
99600,aM0ROONJMLKQ323l5OUQNzyqQxJFc1DbDIMHtZAAKQvRUVk4WHTHSP1wTTlOR/ZP,11.109901,12.07218,12.986038,0,2591700,24.477988,Delay-insensitive,1,1.75
99900,aM0ROONJMLKQ323l5OUQNzyqQxJFc1DbDIMHtZAAKQvRUVk4WHTHSP1wTTlOR/ZP,10.857722,12.232449,13.754192000000002,0,2591700,24.477988,Delay-insensitive,1,1.75
100200,aM0ROONJMLKQ323l5OUQNzyqQxJFc1DbDIMHtZAAKQvRUVk4WHTHSP1wTTlOR/ZP,11.372007,12.443662,14.141704,0,2591700,24.477988,Delay-insensitive,1,1.75
100500,aM0ROONJMLKQ323l5OUQNzyqQxJFc1DbDIMHtZAAKQvRUVk4WHTHSP1wTTlOR/ZP,11.245553,12.796558,15.180651999999998,0,2591700,24.477988,Delay-insensitive,1,1.75
100800,aM0ROONJMLKQ323l5OUQNzyqQxJFc1DbDIMHtZAAKQvRUVk4WHTHSP1wTTlOR/ZP,11.240195,12.555036,13.7211,0,2591700,24.477988,Delay-insensitive,1,1.75
101100,aM0ROONJMLKQ323l5OUQNzyqQxJFc1DbDIMHtZAAKQvRUVk4WHTHSP1wTTlOR/ZP,11.2477,12.730236,14.838217000000002,0,2591700,24.477988,Delay-insensitive,1,1.75
101400,aM0ROONJMLKQ323l5OUQNzyqQxJFc1DbDIMHtZAAKQvRUVk4WHTHSP1wTTlOR/ZP,10.587057,15.002323,28.652394,0,2591700,24.477988,Delay-insensitive,1,1.75
101700,aM0ROONJMLKQ323l5OUQNzyqQxJFc1DbDIMHtZAAKQvRUVk4WHTHSP1wTTlOR/ZP,11.165533,13.181853,17.110176,0,2591700,24.477988,Delay-insensitive,1,1.75
102000,aM0ROONJMLKQ323l5OUQNzyqQxJFc1DbDIMHtZAAKQvRUVk4WHTHSP1wTTlOR/ZP,11.090136,13.014554,15.815075,0,2591700,24.477988,Delay-insensitive,1,1.75
102300,aM0ROONJMLKQ323l5OUQNzyqQxJFc1DbDIMHtZAAKQvRUVk4WHTHSP1wTTlOR/ZP,10.993563,12.536556,15.879325,0,2591700,24.477988,Delay-insensitive,1,1.75
102600,aM0ROONJMLKQ323l5OUQNzyqQxJFc1DbDIMHtZAAKQvRUVk4WHTHSP1wTTlOR/ZP,10.458979,12.532003,15.070237,0,2591700,24.477988,Delay-insensitive,1,1.75
102900,aM0ROONJMLKQ323l5OUQNzyqQxJFc1DbDIMHtZAAKQvRUVk4WHTHSP1wTTlOR/ZP,10.62124,11.894171,14.61191,0,2591700,24.477988,Delay-insensitive,1,1.75
103200,aM0ROONJMLKQ323l5OUQNzyqQxJFc1DbDIMHtZAAKQvRUVk4WHTHSP1wTTlOR/ZP,10.859267,12.279793,14.613124,0,2591700,24.477988,Delay-insensitive,1,1.75
103500,aM0ROONJMLKQ323l5OUQNzyqQxJFc1DbDIMHtZAAKQvRUVk4WHTHSP1wTTlOR/ZP,9.849362,11.457741,13.892766,0,2591700,24.477988,Delay-insensitive,1,1.75
103800,aM0ROONJMLKQ323l5OUQNzyqQxJFc1DbDIMHtZAAKQvRUVk4WHTHSP1wTTlOR/ZP,10.450292,12.242439,16.664623000000002,0,2591700,24.477988,Delay-insensitive,1,1.75
104100,aM0ROONJMLKQ323l5OUQNzyqQxJFc1DbDIMHtZAAKQvRUVk4WHTHSP1wTTlOR/ZP,10.16731,11.897079,13.530069,0,2591700,24.477988,Delay-insensitive,1,1.75
104400,aM0ROONJMLKQ323l5OUQNzyqQxJFc1DbDIMHtZAAKQvRUVk4WHTHSP1wTTlOR/ZP,10.944258,12.549552,14.128856,0,2591700,24.477988,Delay-insensitive,1,1.75
104700,aM0ROONJMLKQ323l5OUQNzyqQxJFc1DbDIMHtZAAKQvRUVk4WHTHSP1wTTlOR/ZP,10.240434,12.0615,14.582429,0,2591700,24.477988,Delay-insensitive,1,1.75
105000,aM0ROONJMLKQ323l5OUQNzyqQxJFc1DbDIMHtZAAKQvRUVk4WHTHSP1wTTlOR/ZP,11.416983,15.420235,36.70296,0,2591700,24.477988,Delay-insensitive,1,1.75
105300,aM0ROONJMLKQ323l5OUQNzyqQxJFc1DbDIMHtZAAKQvRUVk4WHTHSP1wTTlOR/ZP,11.087694,12.921777,15.089601000000002,0,2591700,24.477988,Delay-insensitive,1,1.75
105600,aM0ROONJMLKQ323l5OUQNzyqQxJFc1DbDIMHtZAAKQvRUVk4WHTHSP1wTTlOR/ZP,12.676215,13.78369,15.200445000000002,0,2591700,24.477988,Delay-insensitive,1,1.75
105900,aM0ROONJMLKQ323l5OUQNzyqQxJFc1DbDIMHtZAAKQvRUVk4WHTHSP1wTTlOR/ZP,10.958821,12.042279,13.746144,0,2591700,24.477988,Delay-insensitive,1,1.75
106200,aM0ROONJMLKQ323l5OUQNzyqQxJFc1DbDIMHtZAAKQvRUVk4WHTHSP1wTTlOR/ZP,10.098585,12.827617,14.633467,0,2591700,24.477988,Delay-insensitive,1,1.75
106500,aM0ROONJMLKQ323l5OUQNzyqQxJFc1DbDIMHtZAAKQvRUVk4WHTHSP1wTTlOR/ZP,10.915905,11.893244,13.005227,0,2591700,24.477988,Delay-insensitive,1,1.75
106800,aM0ROONJMLKQ323l5OUQNzyqQxJFc1DbDIMHtZAAKQvRUVk4WHTHSP1wTTlOR/ZP,10.903016,12.89661,16.604646,0,2591700,24.477988,Delay-insensitive,1,1.75
107100,aM0ROONJMLKQ323l5OUQNzyqQxJFc1DbDIMHtZAAKQvRUVk4WHTHSP1wTTlOR/ZP,11.038016,12.795579,15.53788,0,2591700,24.477988,Delay-insensitive,1,1.75
107400,aM0ROONJMLKQ323l5OUQNzyqQxJFc1DbDIMHtZAAKQvRUVk4WHTHSP1wTTlOR/ZP,12.069696,13.060692,13.886923,0,2591700,24.477988,Delay-insensitive,1,1.75
107700,aM0ROONJMLKQ323l5OUQNzyqQxJFc1DbDIMHtZAAKQvRUVk4WHTHSP1wTTlOR/ZP,11.357798,12.839672,15.321583,0,2591700,24.477988,Delay-insensitive,1,1.75
108000,aM0ROONJMLKQ323l5OUQNzyqQxJFc1DbDIMHtZAAKQvRUVk4WHTHSP1wTTlOR/ZP,9.709279,12.59996,15.95456,0,2591700,24.477988,Delay-insensitive,1,1.75
108300,aM0ROONJMLKQ323l5OUQNzyqQxJFc1DbDIMHtZAAKQvRUVk4WHTHSP1wTTlOR/ZP,13.323977,20.219969,23.691531,0,2591700,24.477988,Delay-insensitive,1,1.75
108600,aM0ROONJMLKQ323l5OUQNzyqQxJFc1DbDIMHtZAAKQvRUVk4WHTHSP1wTTlOR/ZP,11.687406,14.92163,19.854433,0,2591700,24.477988,Delay-insensitive,1,1.75
108900,aM0ROONJMLKQ323l5OUQNzyqQxJFc1DbDIMHtZAAKQvRUVk4WHTHSP1wTTlOR/ZP,10.736491,15.425183,25.716563,0,2591700,24.477988,Delay-insensitive,1,1.75
109200,aM0ROONJMLKQ323l5OUQNzyqQxJFc1DbDIMHtZAAKQvRUVk4WHTHSP1wTTlOR/ZP,11.499555,17.536465,32.796504,0,2591700,24.477988,Delay-insensitive,1,1.75
109500,aM0ROONJMLKQ323l5OUQNzyqQxJFc1DbDIMHtZAAKQvRUVk4WHTHSP1wTTlOR/ZP,10.865349,13.490792,18.471518,0,2591700,24.477988,Delay-insensitive,1,1.75
109800,aM0ROONJMLKQ323l5OUQNzyqQxJFc1DbDIMHtZAAKQvRUVk4WHTHSP1wTTlOR/ZP,11.75631,12.821799,14.069339,0,2591700,24.477988,Delay-insensitive,1,1.75
110100,aM0ROONJMLKQ323l5OUQNzyqQxJFc1DbDIMHtZAAKQvRUVk4WHTHSP1wTTlOR/ZP,10.487455,12.766627,15.681083,0,2591700,24.477988,Delay-insensitive,1,1.75
110400,aM0ROONJMLKQ323l5OUQNzyqQxJFc1DbDIMHtZAAKQvRUVk4WHTHSP1wTTlOR/ZP,11.191824,12.843004,14.368659,0,2591700,24.477988,Delay-insensitive,1,1.75
110700,aM0ROONJMLKQ323l5OUQNzyqQxJFc1DbDIMHtZAAKQvRUVk4WHTHSP1wTTlOR/ZP,11.048853,12.416739,15.052516,0,2591700,24.477988,Delay-insensitive,1,1.75
111000,aM0ROONJMLKQ323l5OUQNzyqQxJFc1DbDIMHtZAAKQvRUVk4WHTHSP1wTTlOR/ZP,11.161715,12.002389,13.494734,0,2591700,24.477988,Delay-insensitive,1,1.75
111300,aM0ROONJMLKQ323l5OUQNzyqQxJFc1DbDIMHtZAAKQvRUVk4WHTHSP1wTTlOR/ZP,10.43288,12.23544,14.094501,0,2591700,24.477988,Delay-insensitive,1,1.75
111600,aM0ROONJMLKQ323l5OUQNzyqQxJFc1DbDIMHtZAAKQvRUVk4WHTHSP1wTTlOR/ZP,10.828711,12.181488,13.767137,0,2591700,24.477988,Delay-insensitive,1,1.75
111900,aM0ROONJMLKQ323l5OUQNzyqQxJFc1DbDIMHtZAAKQvRUVk4WHTHSP1wTTlOR/ZP,11.535839,13.464544,18.963296,0,2591700,24.477988,Delay-insensitive,1,1.75
112200,aM0ROONJMLKQ323l5OUQNzyqQxJFc1DbDIMHtZAAKQvRUVk4WHTHSP1wTTlOR/ZP,11.504328999999998,15.405276,36.216248,0,2591700,24.477988,Delay-insensitive,1,1.75
112500,aM0ROONJMLKQ323l5OUQNzyqQxJFc1DbDIMHtZAAKQvRUVk4WHTHSP1wTTlOR/ZP,12.234257,13.798968,17.736259,0,2591700,24.477988,Delay-insensitive,1,1.75
112800,aM0ROONJMLKQ323l5OUQNzyqQxJFc1DbDIMHtZAAKQvRUVk4WHTHSP1wTTlOR/ZP,10.053931,11.966918,13.908988,0,2591700,24.477988,Delay-insensitive,1,1.75
113100,aM0ROONJMLKQ323l5OUQNzyqQxJFc1DbDIMHtZAAKQvRUVk4WHTHSP1wTTlOR/ZP,11.38211,12.841733,13.628865,0,2591700,24.477988,Delay-insensitive,1,1.75
113400,aM0ROONJMLKQ323l5OUQNzyqQxJFc1DbDIMHtZAAKQvRUVk4WHTHSP1wTTlOR/ZP,11.380882,12.674701,15.708445,0,2591700,24.477988,Delay-insensitive,1,1.75
113700,aM0ROONJMLKQ323l5OUQNzyqQxJFc1DbDIMHtZAAKQvRUVk4WHTHSP1wTTlOR/ZP,10.851734,12.350777,15.421383,0,2591700,24.477988,Delay-insensitive,1,1.75
114000,aM0ROONJMLKQ323l5OUQNzyqQxJFc1DbDIMHtZAAKQvRUVk4WHTHSP1wTTlOR/ZP,11.202496,12.912435,15.297537,0,2591700,24.477988,Delay-insensitive,1,1.75
114300,aM0ROONJMLKQ323l5OUQNzyqQxJFc1DbDIMHtZAAKQvRUVk4WHTHSP1wTTlOR/ZP,11.164743,12.647504,14.099484,0,2591700,24.477988,Delay-insensitive,1,1.75
114600,aM0ROONJMLKQ323l5OUQNzyqQxJFc1DbDIMHtZAAKQvRUVk4WHTHSP1wTTlOR/ZP,11.092685,12.786941,15.51806,0,2591700,24.477988,Delay-insensitive,1,1.75
114900,aM0ROONJMLKQ323l5OUQNzyqQxJFc1DbDIMHtZAAKQvRUVk4WHTHSP1wTTlOR/ZP,10.867082,11.812024,12.884395,0,2591700,24.477988,Delay-insensitive,1,1.75
115200,aM0ROONJMLKQ323l5OUQNzyqQxJFc1DbDIMHtZAAKQvRUVk4WHTHSP1wTTlOR/ZP,11.219819,12.262575,14.409125,0,2591700,24.477988,Delay-insensitive,1,1.75
115500,aM0ROONJMLKQ323l5OUQNzyqQxJFc1DbDIMHtZAAKQvRUVk4WHTHSP1wTTlOR/ZP,11.188098,12.335875,15.824910999999998,0,2591700,24.477988,Delay-insensitive,1,1.75
115800,aM0ROONJMLKQ323l5OUQNzyqQxJFc1DbDIMHtZAAKQvRUVk4WHTHSP1wTTlOR/ZP,11.495261,14.612298999999998,27.197278000000004,0,2591700,24.477988,Delay-insensitive,1,1.75
116100,aM0ROONJMLKQ323l5OUQNzyqQxJFc1DbDIMHtZAAKQvRUVk4WHTHSP1wTTlOR/ZP,11.377127,13.807604,17.728473,0,2591700,24.477988,Delay-insensitive,1,1.75
116400,aM0ROONJMLKQ323l5OUQNzyqQxJFc1DbDIMHtZAAKQvRUVk4WHTHSP1wTTlOR/ZP,11.087616,12.312277,14.532625,0,2591700,24.477988,Delay-insensitive,1,1.75
116700,aM0ROONJMLKQ323l5OUQNzyqQxJFc1DbDIMHtZAAKQvRUVk4WHTHSP1wTTlOR/ZP,11.396841,12.890557,14.561955,0,2591700,24.477988,Delay-insensitive,1,1.75
117000,aM0ROONJMLKQ323l5OUQNzyqQxJFc1DbDIMHtZAAKQvRUVk4WHTHSP1wTTlOR/ZP,11.604208,13.098707,14.571465,0,2591700,24.477988,Delay-insensitive,1,1.75
117300,aM0ROONJMLKQ323l5OUQNzyqQxJFc1DbDIMHtZAAKQvRUVk4WHTHSP1wTTlOR/ZP,11.179801,14.552044,21.236299,0,2591700,24.477988,Delay-insensitive,1,1.75
117600,aM0ROONJMLKQ323l5OUQNzyqQxJFc1DbDIMHtZAAKQvRUVk4WHTHSP1wTTlOR/ZP,10.252839,12.136731,13.088426,0,2591700,24.477988,Delay-insensitive,1,1.75
117900,aM0ROONJMLKQ323l5OUQNzyqQxJFc1DbDIMHtZAAKQvRUVk4WHTHSP1wTTlOR/ZP,11.315947,12.721479,14.486892999999998,0,2591700,24.477988,Delay-insensitive,1,1.75
118200,aM0ROONJMLKQ323l5OUQNzyqQxJFc1DbDIMHtZAAKQvRUVk4WHTHSP1wTTlOR/ZP,11.042948,12.343543,16.388455,0,2591700,24.477988,Delay-insensitive,1,1.75
118500,aM0ROONJMLKQ323l5OUQNzyqQxJFc1DbDIMHtZAAKQvRUVk4WHTHSP1wTTlOR/ZP,10.592908,12.579701,14.108234,0,2591700,24.477988,Delay-insensitive,1,1.75
118800,aM0ROONJMLKQ323l5OUQNzyqQxJFc1DbDIMHtZAAKQvRUVk4WHTHSP1wTTlOR/ZP,10.550507,12.538515,14.797312,0,2591700,24.477988,Delay-insensitive,1,1.75
119100,aM0ROONJMLKQ323l5OUQNzyqQxJFc1DbDIMHtZAAKQvRUVk4WHTHSP1wTTlOR/ZP,11.450659,13.105763,14.977919,0,2591700,24.477988,Delay-insensitive,1,1.75
119400,aM0ROONJMLKQ323l5OUQNzyqQxJFc1DbDIMHtZAAKQvRUVk4WHTHSP1wTTlOR/ZP,12.191051,16.087813,36.913418,0,2591700,24.477988,Delay-insensitive,1,1.75
119700,aM0ROONJMLKQ323l5OUQNzyqQxJFc1DbDIMHtZAAKQvRUVk4WHTHSP1wTTlOR/ZP,10.780313,12.198004,13.829665,0,2591700,24.477988,Delay-insensitive,1,1.75
120000,aM0ROONJMLKQ323l5OUQNzyqQxJFc1DbDIMHtZAAKQvRUVk4WHTHSP1wTTlOR/ZP,11.06208,12.863562,16.763208,0,2591700,24.477988,Delay-insensitive,1,1.75
120300,aM0ROONJMLKQ323l5OUQNzyqQxJFc1DbDIMHtZAAKQvRUVk4WHTHSP1wTTlOR/ZP,11.395459,13.36131,14.840991,0,2591700,24.477988,Delay-insensitive,1,1.75
120600,aM0ROONJMLKQ323l5OUQNzyqQxJFc1DbDIMHtZAAKQvRUVk4WHTHSP1wTTlOR/ZP,9.124596,11.776017,13.668218,0,2591700,24.477988,Delay-insensitive,1,1.75
120900,aM0ROONJMLKQ323l5OUQNzyqQxJFc1DbDIMHtZAAKQvRUVk4WHTHSP1wTTlOR/ZP,9.417011,12.208925,14.139270000000002,0,2591700,24.477988,Delay-insensitive,1,1.75
121200,aM0ROONJMLKQ323l5OUQNzyqQxJFc1DbDIMHtZAAKQvRUVk4WHTHSP1wTTlOR/ZP,10.863999,12.043268,14.281314000000002,0,2591700,24.477988,Delay-insensitive,1,1.75
121500,aM0ROONJMLKQ323l5OUQNzyqQxJFc1DbDIMHtZAAKQvRUVk4WHTHSP1wTTlOR/ZP,10.804735,11.833656,12.708229,0,2591700,24.477988,Delay-insensitive,1,1.75
121800,aM0ROONJMLKQ323l5OUQNzyqQxJFc1DbDIMHtZAAKQvRUVk4WHTHSP1wTTlOR/ZP,10.04426,12.141265,13.862512,0,2591700,24.477988,Delay-insensitive,1,1.75
122100,aM0ROONJMLKQ323l5OUQNzyqQxJFc1DbDIMHtZAAKQvRUVk4WHTHSP1wTTlOR/ZP,10.823642,12.778257,15.378417,0,2591700,24.477988,Delay-insensitive,1,1.75
122400,aM0ROONJMLKQ323l5OUQNzyqQxJFc1DbDIMHtZAAKQvRUVk4WHTHSP1wTTlOR/ZP,11.665154,12.527761,14.045554999999998,0,2591700,24.477988,Delay-insensitive,1,1.75
122700,aM0ROONJMLKQ323l5OUQNzyqQxJFc1DbDIMHtZAAKQvRUVk4WHTHSP1wTTlOR/ZP,11.723133,12.759099,14.977579,0,2591700,24.477988,Delay-insensitive,1,1.75
123000,aM0ROONJMLKQ323l5OUQNzyqQxJFc1DbDIMHtZAAKQvRUVk4WHTHSP1wTTlOR/ZP,11.78622,14.785412,29.288806,0,2591700,24.477988,Delay-insensitive,1,1.75
123300,aM0ROONJMLKQ323l5OUQNzyqQxJFc1DbDIMHtZAAKQvRUVk4WHTHSP1wTTlOR/ZP,11.326208,13.25438,15.816041,0,2591700,24.477988,Delay-insensitive,1,1.75
123600,aM0ROONJMLKQ323l5OUQNzyqQxJFc1DbDIMHtZAAKQvRUVk4WHTHSP1wTTlOR/ZP,10.349783,12.463435,14.605431,0,2591700,24.477988,Delay-insensitive,1,1.75
123900,aM0ROONJMLKQ323l5OUQNzyqQxJFc1DbDIMHtZAAKQvRUVk4WHTHSP1wTTlOR/ZP,11.309281,12.014426,12.473213,0,2591700,24.477988,Delay-insensitive,1,1.75
124200,aM0ROONJMLKQ323l5OUQNzyqQxJFc1DbDIMHtZAAKQvRUVk4WHTHSP1wTTlOR/ZP,10.880666,11.93923,13.491052,0,2591700,24.477988,Delay-insensitive,1,1.75
124500,aM0ROONJMLKQ323l5OUQNzyqQxJFc1DbDIMHtZAAKQvRUVk4WHTHSP1wTTlOR/ZP,10.991594,12.638622,16.641076,0,2591700,24.477988,Delay-insensitive,1,1.75
124800,aM0ROONJMLKQ323l5OUQNzyqQxJFc1DbDIMHtZAAKQvRUVk4WHTHSP1wTTlOR/ZP,11.531839,13.108954999999998,15.511027,0,2591700,24.477988,Delay-insensitive,1,1.75
125100,aM0ROONJMLKQ323l5OUQNzyqQxJFc1DbDIMHtZAAKQvRUVk4WHTHSP1wTTlOR/ZP,11.91167,13.109604999999998,15.020397,0,2591700,24.477988,Delay-insensitive,1,1.75
125400,aM0ROONJMLKQ323l5OUQNzyqQxJFc1DbDIMHtZAAKQvRUVk4WHTHSP1wTTlOR/ZP,9.707624,12.295704,13.37333,0,2591700,24.477988,Delay-insensitive,1,1.75
125700,aM0ROONJMLKQ323l5OUQNzyqQxJFc1DbDIMHtZAAKQvRUVk4WHTHSP1wTTlOR/ZP,11.433733,12.995458,15.820548,0,2591700,24.477988,Delay-insensitive,1,1.75
126000,aM0ROONJMLKQ323l5OUQNzyqQxJFc1DbDIMHtZAAKQvRUVk4WHTHSP1wTTlOR/ZP,9.596196,13.032215,15.600124,0,2591700,24.477988,Delay-insensitive,1,1.75
126300,aM0ROONJMLKQ323l5OUQNzyqQxJFc1DbDIMHtZAAKQvRUVk4WHTHSP1wTTlOR/ZP,7.077572999999999,11.683853,13.981372,0,2591700,24.477988,Delay-insensitive,1,1.75
126600,aM0ROONJMLKQ323l5OUQNzyqQxJFc1DbDIMHtZAAKQvRUVk4WHTHSP1wTTlOR/ZP,10.861246,15.26509,36.255755,0,2591700,24.477988,Delay-insensitive,1,1.75
126900,aM0ROONJMLKQ323l5OUQNzyqQxJFc1DbDIMHtZAAKQvRUVk4WHTHSP1wTTlOR/ZP,10.015885,12.659013,14.499399,0,2591700,24.477988,Delay-insensitive,1,1.75
127200,aM0ROONJMLKQ323l5OUQNzyqQxJFc1DbDIMHtZAAKQvRUVk4WHTHSP1wTTlOR/ZP,10.256053,12.585867,14.489888,0,2591700,24.477988,Delay-insensitive,1,1.75
127500,aM0ROONJMLKQ323l5OUQNzyqQxJFc1DbDIMHtZAAKQvRUVk4WHTHSP1wTTlOR/ZP,9.41934,11.787412,12.745051,0,2591700,24.477988,Delay-insensitive,1,1.75
127800,aM0ROONJMLKQ323l5OUQNzyqQxJFc1DbDIMHtZAAKQvRUVk4WHTHSP1wTTlOR/ZP,10.905309,11.680249,13.415963,0,2591700,24.477988,Delay-insensitive,1,1.75
128100,aM0ROONJMLKQ323l5OUQNzyqQxJFc1DbDIMHtZAAKQvRUVk4WHTHSP1wTTlOR/ZP,9.202085,11.596339,13.399110999999998,0,2591700,24.477988,Delay-insensitive,1,1.75
128400,aM0ROONJMLKQ323l5OUQNzyqQxJFc1DbDIMHtZAAKQvRUVk4WHTHSP1wTTlOR/ZP,10.833201,11.875692,13.106719,0,2591700,24.477988,Delay-insensitive,1,1.75
128700,aM0ROONJMLKQ323l5OUQNzyqQxJFc1DbDIMHtZAAKQvRUVk4WHTHSP1wTTlOR/ZP,9.796702,12.529821,16.031704,0,2591700,24.477988,Delay-insensitive,1,1.75
129000,aM0ROONJMLKQ323l5OUQNzyqQxJFc1DbDIMHtZAAKQvRUVk4WHTHSP1wTTlOR/ZP,9.161661,12.291811,13.899132,0,2591700,24.477988,Delay-insensitive,1,1.75
129300,aM0ROONJMLKQ323l5OUQNzyqQxJFc1DbDIMHtZAAKQvRUVk4WHTHSP1wTTlOR/ZP,11.36356,12.942491,15.3824,0,2591700,24.477988,Delay-insensitive,1,1.75
129600,aM0ROONJMLKQ323l5OUQNzyqQxJFc1DbDIMHtZAAKQvRUVk4WHTHSP1wTTlOR/ZP,10.372349,13.115265,16.058639000000003,0,2591700,24.477988,Delay-insensitive,1,1.75
129900,aM0ROONJMLKQ323l5OUQNzyqQxJFc1DbDIMHtZAAKQvRUVk4WHTHSP1wTTlOR/ZP,12.347789,13.517903,16.171787,0,2591700,24.477988,Delay-insensitive,1,1.75
130200,aM0ROONJMLKQ323l5OUQNzyqQxJFc1DbDIMHtZAAKQvRUVk4WHTHSP1wTTlOR/ZP,10.128462,14.551603,28.629727000000003,0,2591700,24.477988,Delay-insensitive,1,1.75
130500,aM0ROONJMLKQ323l5OUQNzyqQxJFc1DbDIMHtZAAKQvRUVk4WHTHSP1wTTlOR/ZP,11.878554,13.667020999999998,17.631584,0,2591700,24.477988,Delay-insensitive,1,1.75
130800,aM0ROONJMLKQ323l5OUQNzyqQxJFc1DbDIMHtZAAKQvRUVk4WHTHSP1wTTlOR/ZP,11.340771,12.217362,13.57687,0,2591700,24.477988,Delay-insensitive,1,1.75
131100,aM0ROONJMLKQ323l5OUQNzyqQxJFc1DbDIMHtZAAKQvRUVk4WHTHSP1wTTlOR/ZP,11.463396,12.620709,14.193338,0,2591700,24.477988,Delay-insensitive,1,1.75
131400,aM0ROONJMLKQ323l5OUQNzyqQxJFc1DbDIMHtZAAKQvRUVk4WHTHSP1wTTlOR/ZP,8.822594,12.24678,13.611536,0,2591700,24.477988,Delay-insensitive,1,1.75
131700,aM0ROONJMLKQ323l5OUQNzyqQxJFc1DbDIMHtZAAKQvRUVk4WHTHSP1wTTlOR/ZP,11.420447,13.006658,15.49023,0,2591700,24.477988,Delay-insensitive,1,1.75
132000,aM0ROONJMLKQ323l5OUQNzyqQxJFc1DbDIMHtZAAKQvRUVk4WHTHSP1wTTlOR/ZP,10.615683,13.162912,15.249974,0,2591700,24.477988,Delay-insensitive,1,1.75
132300,aM0ROONJMLKQ323l5OUQNzyqQxJFc1DbDIMHtZAAKQvRUVk4WHTHSP1wTTlOR/ZP,10.911848,12.709314,15.913376,0,2591700,24.477988,Delay-insensitive,1,1.75
132600,aM0ROONJMLKQ323l5OUQNzyqQxJFc1DbDIMHtZAAKQvRUVk4WHTHSP1wTTlOR/ZP,10.911815,12.694251,14.305704,0,2591700,24.477988,Delay-insensitive,1,1.75
132900,aM0ROONJMLKQ323l5OUQNzyqQxJFc1DbDIMHtZAAKQvRUVk4WHTHSP1wTTlOR/ZP,11.836168,13.504262,14.955065,0,2591700,24.477988,Delay-insensitive,1,1.75
133200,aM0ROONJMLKQ323l5OUQNzyqQxJFc1DbDIMHtZAAKQvRUVk4WHTHSP1wTTlOR/ZP,11.267486,12.698579,13.971266,0,2591700,24.477988,Delay-insensitive,1,1.75
133500,aM0ROONJMLKQ323l5OUQNzyqQxJFc1DbDIMHtZAAKQvRUVk4WHTHSP1wTTlOR/ZP,11.19188,12.446588,13.776314,0,2591700,24.477988,Delay-insensitive,1,1.75
133800,aM0ROONJMLKQ323l5OUQNzyqQxJFc1DbDIMHtZAAKQvRUVk4WHTHSP1wTTlOR/ZP,11.271956,14.510572,34.995683,0,2591700,24.477988,Delay-insensitive,1,1.75
134100,aM0ROONJMLKQ323l5OUQNzyqQxJFc1DbDIMHtZAAKQvRUVk4WHTHSP1wTTlOR/ZP,9.847799,11.963383,13.342114000000002,0,2591700,24.477988,Delay-insensitive,1,1.75
134400,aM0ROONJMLKQ323l5OUQNzyqQxJFc1DbDIMHtZAAKQvRUVk4WHTHSP1wTTlOR/ZP,11.109312,12.452576,13.395753,0,2591700,24.477988,Delay-insensitive,1,1.75
134700,aM0ROONJMLKQ323l5OUQNzyqQxJFc1DbDIMHtZAAKQvRUVk4WHTHSP1wTTlOR/ZP,11.887521,13.487947,16.763451999999997,0,2591700,24.477988,Delay-insensitive,1,1.75
135000,aM0ROONJMLKQ323l5OUQNzyqQxJFc1DbDIMHtZAAKQvRUVk4WHTHSP1wTTlOR/ZP,11.515271,13.130369,16.118281,0,2591700,24.477988,Delay-insensitive,1,1.75
135300,aM0ROONJMLKQ323l5OUQNzyqQxJFc1DbDIMHtZAAKQvRUVk4WHTHSP1wTTlOR/ZP,11.22143,12.981773,14.084654,0,2591700,24.477988,Delay-insensitive,1,1.75
135600,aM0ROONJMLKQ323l5OUQNzyqQxJFc1DbDIMHtZAAKQvRUVk4WHTHSP1wTTlOR/ZP,11.176602,12.903408,15.680175,0,2591700,24.477988,Delay-insensitive,1,1.75
135900,aM0ROONJMLKQ323l5OUQNzyqQxJFc1DbDIMHtZAAKQvRUVk4WHTHSP1wTTlOR/ZP,10.328262,12.171407,13.234551000000002,0,2591700,24.477988,Delay-insensitive,1,1.75
136200,aM0ROONJMLKQ323l5OUQNzyqQxJFc1DbDIMHtZAAKQvRUVk4WHTHSP1wTTlOR/ZP,10.91438,12.150308,13.772563,0,2591700,24.477988,Delay-insensitive,1,1.75
136500,aM0ROONJMLKQ323l5OUQNzyqQxJFc1DbDIMHtZAAKQvRUVk4WHTHSP1wTTlOR/ZP,10.735865,12.266243,13.44215,0,2591700,24.477988,Delay-insensitive,1,1.75
136800,aM0ROONJMLKQ323l5OUQNzyqQxJFc1DbDIMHtZAAKQvRUVk4WHTHSP1wTTlOR/ZP,7.891075999999999,12.625897,16.931092,0,2591700,24.477988,Delay-insensitive,1,1.75
137100,aM0ROONJMLKQ323l5OUQNzyqQxJFc1DbDIMHtZAAKQvRUVk4WHTHSP1wTTlOR/ZP,11.304045,12.769152,14.392665,0,2591700,24.477988,Delay-insensitive,1,1.75
137400,aM0ROONJMLKQ323l5OUQNzyqQxJFc1DbDIMHtZAAKQvRUVk4WHTHSP1wTTlOR/ZP,11.133414,15.041819,28.987136,0,2591700,24.477988,Delay-insensitive,1,1.75
137700,aM0ROONJMLKQ323l5OUQNzyqQxJFc1DbDIMHtZAAKQvRUVk4WHTHSP1wTTlOR/ZP,10.660843,13.171072,16.188108,0,2591700,24.477988,Delay-insensitive,1,1.75
138000,aM0ROONJMLKQ323l5OUQNzyqQxJFc1DbDIMHtZAAKQvRUVk4WHTHSP1wTTlOR/ZP,11.605201,12.61673,13.843017,0,2591700,24.477988,Delay-insensitive,1,1.75
138300,aM0ROONJMLKQ323l5OUQNzyqQxJFc1DbDIMHtZAAKQvRUVk4WHTHSP1wTTlOR/ZP,9.18088,11.916294,13.327765,0,2591700,24.477988,Delay-insensitive,1,1.75
138600,aM0ROONJMLKQ323l5OUQNzyqQxJFc1DbDIMHtZAAKQvRUVk4WHTHSP1wTTlOR/ZP,11.431481,13.007593,14.616941,0,2591700,24.477988,Delay-insensitive,1,1.75
138900,aM0ROONJMLKQ323l5OUQNzyqQxJFc1DbDIMHtZAAKQvRUVk4WHTHSP1wTTlOR/ZP,10.588458,12.48741,14.143392,0,2591700,24.477988,Delay-insensitive,1,1.75
139200,aM0ROONJMLKQ323l5OUQNzyqQxJFc1DbDIMHtZAAKQvRUVk4WHTHSP1wTTlOR/ZP,11.416923,13.280762,15.765539000000002,0,2591700,24.477988,Delay-insensitive,1,1.75
139500,aM0ROONJMLKQ323l5OUQNzyqQxJFc1DbDIMHtZAAKQvRUVk4WHTHSP1wTTlOR/ZP,10.123691,12.0186,13.843548,0,2591700,24.477988,Delay-insensitive,1,1.75
139800,aM0ROONJMLKQ323l5OUQNzyqQxJFc1DbDIMHtZAAKQvRUVk4WHTHSP1wTTlOR/ZP,12.295294,13.027164,14.203499,0,2591700,24.477988,Delay-insensitive,1,1.75
140100,aM0ROONJMLKQ323l5OUQNzyqQxJFc1DbDIMHtZAAKQvRUVk4WHTHSP1wTTlOR/ZP,12.014674,14.397058,16.65791,0,2591700,24.477988,Delay-insensitive,1,1.75
140400,aM0ROONJMLKQ323l5OUQNzyqQxJFc1DbDIMHtZAAKQvRUVk4WHTHSP1wTTlOR/ZP,11.711789,13.536574,14.709643,0,2591700,24.477988,Delay-insensitive,1,1.75
140700,aM0ROONJMLKQ323l5OUQNzyqQxJFc1DbDIMHtZAAKQvRUVk4WHTHSP1wTTlOR/ZP,10.852908,13.296901,16.564901000000003,0,2591700,24.477988,Delay-insensitive,1,1.75
141000,aM0ROONJMLKQ323l5OUQNzyqQxJFc1DbDIMHtZAAKQvRUVk4WHTHSP1wTTlOR/ZP,9.478339,26.705037,82.57555500000001,0,2591700,24.477988,Delay-insensitive,1,1.75
141300,aM0ROONJMLKQ323l5OUQNzyqQxJFc1DbDIMHtZAAKQvRUVk4WHTHSP1wTTlOR/ZP,11.52702,18.560055,38.316119,0,2591700,24.477988,Delay-insensitive,1,1.75
141600,aM0ROONJMLKQ323l5OUQNzyqQxJFc1DbDIMHtZAAKQvRUVk4WHTHSP1wTTlOR/ZP,10.187684,12.784725,14.873849,0,2591700,24.477988,Delay-insensitive,1,1.75
141900,aM0ROONJMLKQ323l5OUQNzyqQxJFc1DbDIMHtZAAKQvRUVk4WHTHSP1wTTlOR/ZP,11.018393,12.565923,14.301234,0,2591700,24.477988,Delay-insensitive,1,1.75
142200,aM0ROONJMLKQ323l5OUQNzyqQxJFc1DbDIMHtZAAKQvRUVk4WHTHSP1wTTlOR/ZP,11.702237,13.656715,15.704084,0,2591700,24.477988,Delay-insensitive,1,1.75
142500,aM0ROONJMLKQ323l5OUQNzyqQxJFc1DbDIMHtZAAKQvRUVk4WHTHSP1wTTlOR/ZP,12.296344,13.319870000000002,15.498565,0,2591700,24.477988,Delay-insensitive,1,1.75
142800,aM0ROONJMLKQ323l5OUQNzyqQxJFc1DbDIMHtZAAKQvRUVk4WHTHSP1wTTlOR/ZP,11.636444,13.609381,16.426223999999998,0,2591700,24.477988,Delay-insensitive,1,1.75
143100,aM0ROONJMLKQ323l5OUQNzyqQxJFc1DbDIMHtZAAKQvRUVk4WHTHSP1wTTlOR/ZP,10.966921,11.99849,14.324542,0,2591700,24.477988,Delay-insensitive,1,1.75
143400,aM0ROONJMLKQ323l5OUQNzyqQxJFc1DbDIMHtZAAKQvRUVk4WHTHSP1wTTlOR/ZP,11.435667,12.551536,13.21283,0,2591700,24.477988,Delay-insensitive,1,1.75
143700,aM0ROONJMLKQ323l5OUQNzyqQxJFc1DbDIMHtZAAKQvRUVk4WHTHSP1wTTlOR/ZP,11.764073,13.695473000000002,14.892449,0,2591700,24.477988,Delay-insensitive,1,1.75
144000,aM0ROONJMLKQ323l5OUQNzyqQxJFc1DbDIMHtZAAKQvRUVk4WHTHSP1wTTlOR/ZP,10.945702,12.510348,14.400893,0,2591700,24.477988,Delay-insensitive,1,1.75
144300,aM0ROONJMLKQ323l5OUQNzyqQxJFc1DbDIMHtZAAKQvRUVk4WHTHSP1wTTlOR/ZP,9.688189,11.953151,14.088447,0,2591700,24.477988,Delay-insensitive,1,1.75
144600,aM0ROONJMLKQ323l5OUQNzyqQxJFc1DbDIMHtZAAKQvRUVk4WHTHSP1wTTlOR/ZP,11.788613,14.488667,30.071159,0,2591700,24.477988,Delay-insensitive,1,1.75
144900,aM0ROONJMLKQ323l5OUQNzyqQxJFc1DbDIMHtZAAKQvRUVk4WHTHSP1wTTlOR/ZP,11.596584,13.566438,15.736344,0,2591700,24.477988,Delay-insensitive,1,1.75
145200,aM0ROONJMLKQ323l5OUQNzyqQxJFc1DbDIMHtZAAKQvRUVk4WHTHSP1wTTlOR/ZP,11.188063,12.139824,13.189156,0,2591700,24.477988,Delay-insensitive,1,1.75
145500,aM0ROONJMLKQ323l5OUQNzyqQxJFc1DbDIMHtZAAKQvRUVk4WHTHSP1wTTlOR/ZP,11.435316,13.435958,21.348732,0,2591700,24.477988,Delay-insensitive,1,1.75
145800,aM0ROONJMLKQ323l5OUQNzyqQxJFc1DbDIMHtZAAKQvRUVk4WHTHSP1wTTlOR/ZP,10.712026,12.10208,14.586369,0,2591700,24.477988,Delay-insensitive,1,1.75
146100,aM0ROONJMLKQ323l5OUQNzyqQxJFc1DbDIMHtZAAKQvRUVk4WHTHSP1wTTlOR/ZP,11.134512,12.478465,14.51991,0,2591700,24.477988,Delay-insensitive,1,1.75
146400,aM0ROONJMLKQ323l5OUQNzyqQxJFc1DbDIMHtZAAKQvRUVk4WHTHSP1wTTlOR/ZP,11.015383,12.223457000000002,13.432,0,2591700,24.477988,Delay-insensitive,1,1.75
146700,aM0ROONJMLKQ323l5OUQNzyqQxJFc1DbDIMHtZAAKQvRUVk4WHTHSP1wTTlOR/ZP,11.082541,12.259802,14.319285999999998,0,2591700,24.477988,Delay-insensitive,1,1.75
147000,aM0ROONJMLKQ323l5OUQNzyqQxJFc1DbDIMHtZAAKQvRUVk4WHTHSP1wTTlOR/ZP,10.879512,12.229218,13.31852,0,2591700,24.477988,Delay-insensitive,1,1.75
147300,aM0ROONJMLKQ323l5OUQNzyqQxJFc1DbDIMHtZAAKQvRUVk4WHTHSP1wTTlOR/ZP,11.885842,12.715661,13.594789000000002,0,2591700,24.477988,Delay-insensitive,1,1.75
147600,aM0ROONJMLKQ323l5OUQNzyqQxJFc1DbDIMHtZAAKQvRUVk4WHTHSP1wTTlOR/ZP,9.555831,12.771487,14.808622,0,2591700,24.477988,Delay-insensitive,1,1.75
147900,aM0ROONJMLKQ323l5OUQNzyqQxJFc1DbDIMHtZAAKQvRUVk4WHTHSP1wTTlOR/ZP,10.91944,12.046206,13.402517,0,2591700,24.477988,Delay-insensitive,1,1.75
148200,aM0ROONJMLKQ323l5OUQNzyqQxJFc1DbDIMHtZAAKQvRUVk4WHTHSP1wTTlOR/ZP,10.594336,13.330476,21.325925,0,2591700,24.477988,Delay-insensitive,1,1.75
148500,aM0ROONJMLKQ323l5OUQNzyqQxJFc1DbDIMHtZAAKQvRUVk4WHTHSP1wTTlOR/ZP,8.062801,14.043991,35.221886,0,2591700,24.477988,Delay-insensitive,1,1.75
148800,aM0ROONJMLKQ323l5OUQNzyqQxJFc1DbDIMHtZAAKQvRUVk4WHTHSP1wTTlOR/ZP,11.124049,12.044815,13.522716,0,2591700,24.477988,Delay-insensitive,1,1.75
149100,aM0ROONJMLKQ323l5OUQNzyqQxJFc1DbDIMHtZAAKQvRUVk4WHTHSP1wTTlOR/ZP,11.932995,13.004969,15.536734,0,2591700,24.477988,Delay-insensitive,1,1.75
149400,aM0ROONJMLKQ323l5OUQNzyqQxJFc1DbDIMHtZAAKQvRUVk4WHTHSP1wTTlOR/ZP,11.274548,12.902096,16.017895000000003,0,2591700,24.477988,Delay-insensitive,1,1.75
149700,aM0ROONJMLKQ323l5OUQNzyqQxJFc1DbDIMHtZAAKQvRUVk4WHTHSP1wTTlOR/ZP,11.02867,12.515111,14.361514,0,2591700,24.477988,Delay-insensitive,1,1.75
150000,aM0ROONJMLKQ323l5OUQNzyqQxJFc1DbDIMHtZAAKQvRUVk4WHTHSP1wTTlOR/ZP,10.842783,12.426098,13.860584,0,2591700,24.477988,Delay-insensitive,1,1.75
150300,aM0ROONJMLKQ323l5OUQNzyqQxJFc1DbDIMHtZAAKQvRUVk4WHTHSP1wTTlOR/ZP,11.137546,12.305751,15.22031,0,2591700,24.477988,Delay-insensitive,1,1.75
150600,aM0ROONJMLKQ323l5OUQNzyqQxJFc1DbDIMHtZAAKQvRUVk4WHTHSP1wTTlOR/ZP,10.906357,11.92764,13.005343,0,2591700,24.477988,Delay-insensitive,1,1.75
150900,aM0ROONJMLKQ323l5OUQNzyqQxJFc1DbDIMHtZAAKQvRUVk4WHTHSP1wTTlOR/ZP,10.882188,13.704819,24.007346,0,2591700,24.477988,Delay-insensitive,1,1.75
151200,aM0ROONJMLKQ323l5OUQNzyqQxJFc1DbDIMHtZAAKQvRUVk4WHTHSP1wTTlOR/ZP,9.541956,11.958745,14.129441,0,2591700,24.477988,Delay-insensitive,1,1.75
151500,aM0ROONJMLKQ323l5OUQNzyqQxJFc1DbDIMHtZAAKQvRUVk4WHTHSP1wTTlOR/ZP,11.414774,13.205978,14.860831,0,2591700,24.477988,Delay-insensitive,1,1.75
151800,aM0ROONJMLKQ323l5OUQNzyqQxJFc1DbDIMHtZAAKQvRUVk4WHTHSP1wTTlOR/ZP,9.717674,12.252316,14.593472,0,2591700,24.477988,Delay-insensitive,1,1.75
152100,aM0ROONJMLKQ323l5OUQNzyqQxJFc1DbDIMHtZAAKQvRUVk4WHTHSP1wTTlOR/ZP,10.861628,15.856589,34.170402,0,2591700,24.477988,Delay-insensitive,1,1.75
152400,aM0ROONJMLKQ323l5OUQNzyqQxJFc1DbDIMHtZAAKQvRUVk4WHTHSP1wTTlOR/ZP,11.651398,13.036282,15.342348,0,2591700,24.477988,Delay-insensitive,1,1.75
152700,aM0ROONJMLKQ323l5OUQNzyqQxJFc1DbDIMHtZAAKQvRUVk4WHTHSP1wTTlOR/ZP,12.241676,14.116879999999998,15.470346,0,2591700,24.477988,Delay-insensitive,1,1.75
153000,aM0ROONJMLKQ323l5OUQNzyqQxJFc1DbDIMHtZAAKQvRUVk4WHTHSP1wTTlOR/ZP,11.374204,12.578173,13.900639000000002,0,2591700,24.477988,Delay-insensitive,1,1.75
153300,aM0ROONJMLKQ323l5OUQNzyqQxJFc1DbDIMHtZAAKQvRUVk4WHTHSP1wTTlOR/ZP,12.567303,15.085123,24.3756,0,2591700,24.477988,Delay-insensitive,1,1.75
153600,aM0ROONJMLKQ323l5OUQNzyqQxJFc1DbDIMHtZAAKQvRUVk4WHTHSP1wTTlOR/ZP,11.515563,14.298741,26.716266,0,2591700,24.477988,Delay-insensitive,1,1.75
153900,aM0ROONJMLKQ323l5OUQNzyqQxJFc1DbDIMHtZAAKQvRUVk4WHTHSP1wTTlOR/ZP,11.487045,12.411105,13.162810999999998,0,2591700,24.477988,Delay-insensitive,1,1.75
154200,aM0ROONJMLKQ323l5OUQNzyqQxJFc1DbDIMHtZAAKQvRUVk4WHTHSP1wTTlOR/ZP,11.528241,13.434677,14.430902,0,2591700,24.477988,Delay-insensitive,1,1.75
154500,aM0ROONJMLKQ323l5OUQNzyqQxJFc1DbDIMHtZAAKQvRUVk4WHTHSP1wTTlOR/ZP,11.798487,12.831791,15.792983,0,2591700,24.477988,Delay-insensitive,1,1.75
154800,aM0ROONJMLKQ323l5OUQNzyqQxJFc1DbDIMHtZAAKQvRUVk4WHTHSP1wTTlOR/ZP,10.862345,13.123701,15.070943,0,2591700,24.477988,Delay-insensitive,1,1.75
155100,aM0ROONJMLKQ323l5OUQNzyqQxJFc1DbDIMHtZAAKQvRUVk4WHTHSP1wTTlOR/ZP,11.067871,13.128225,18.196342,0,2591700,24.477988,Delay-insensitive,1,1.75
155400,aM0ROONJMLKQ323l5OUQNzyqQxJFc1DbDIMHtZAAKQvRUVk4WHTHSP1wTTlOR/ZP,11.783353,14.093082,22.41229,0,2591700,24.477988,Delay-insensitive,1,1.75
155700,aM0ROONJMLKQ323l5OUQNzyqQxJFc1DbDIMHtZAAKQvRUVk4WHTHSP1wTTlOR/ZP,12.066014,15.809999,37.572348,0,2591700,24.477988,Delay-insensitive,1,1.75
156000,aM0ROONJMLKQ323l5OUQNzyqQxJFc1DbDIMHtZAAKQvRUVk4WHTHSP1wTTlOR/ZP,11.681705,12.807695,13.819326,0,2591700,24.477988,Delay-insensitive,1,1.75
156300,aM0ROONJMLKQ323l5OUQNzyqQxJFc1DbDIMHtZAAKQvRUVk4WHTHSP1wTTlOR/ZP,11.225624,12.555871,16.434015,0,2591700,24.477988,Delay-insensitive,1,1.75
156600,aM0ROONJMLKQ323l5OUQNzyqQxJFc1DbDIMHtZAAKQvRUVk4WHTHSP1wTTlOR/ZP,10.205143,13.273678,18.387748,0,2591700,24.477988,Delay-insensitive,1,1.75
156900,aM0ROONJMLKQ323l5OUQNzyqQxJFc1DbDIMHtZAAKQvRUVk4WHTHSP1wTTlOR/ZP,11.726109,12.866471,14.659509,0,2591700,24.477988,Delay-insensitive,1,1.75
157200,aM0ROONJMLKQ323l5OUQNzyqQxJFc1DbDIMHtZAAKQvRUVk4WHTHSP1wTTlOR/ZP,8.200341,12.021107,14.159887,0,2591700,24.477988,Delay-insensitive,1,1.75
157500,aM0ROONJMLKQ323l5OUQNzyqQxJFc1DbDIMHtZAAKQvRUVk4WHTHSP1wTTlOR/ZP,11.652734,12.570991,13.456569,0,2591700,24.477988,Delay-insensitive,1,1.75
157800,aM0ROONJMLKQ323l5OUQNzyqQxJFc1DbDIMHtZAAKQvRUVk4WHTHSP1wTTlOR/ZP,11.226983,12.47486,13.312129999999998,0,2591700,24.477988,Delay-insensitive,1,1.75
158100,aM0ROONJMLKQ323l5OUQNzyqQxJFc1DbDIMHtZAAKQvRUVk4WHTHSP1wTTlOR/ZP,10.942665,12.589655,14.374612,0,2591700,24.477988,Delay-insensitive,1,1.75
158400,aM0ROONJMLKQ323l5OUQNzyqQxJFc1DbDIMHtZAAKQvRUVk4WHTHSP1wTTlOR/ZP,10.233506,12.437157,14.133894,0,2591700,24.477988,Delay-insensitive,1,1.75
158700,aM0ROONJMLKQ323l5OUQNzyqQxJFc1DbDIMHtZAAKQvRUVk4WHTHSP1wTTlOR/ZP,11.184501,12.151711,13.738577,0,2591700,24.477988,Delay-insensitive,1,1.75
159000,aM0ROONJMLKQ323l5OUQNzyqQxJFc1DbDIMHtZAAKQvRUVk4WHTHSP1wTTlOR/ZP,11.24672,13.649139000000002,20.049933,0,2591700,24.477988,Delay-insensitive,1,1.75
159300,aM0ROONJMLKQ323l5OUQNzyqQxJFc1DbDIMHtZAAKQvRUVk4WHTHSP1wTTlOR/ZP,12.365809,15.879892000000002,34.589702,0,2591700,24.477988,Delay-insensitive,1,1.75
159600,aM0ROONJMLKQ323l5OUQNzyqQxJFc1DbDIMHtZAAKQvRUVk4WHTHSP1wTTlOR/ZP,12.120201,13.898073000000002,15.438267000000002,0,2591700,24.477988,Delay-insensitive,1,1.75
159900,aM0ROONJMLKQ323l5OUQNzyqQxJFc1DbDIMHtZAAKQvRUVk4WHTHSP1wTTlOR/ZP,9.891458,12.9475,14.530467000000002,0,2591700,24.477988,Delay-insensitive,1,1.75
160200,aM0ROONJMLKQ323l5OUQNzyqQxJFc1DbDIMHtZAAKQvRUVk4WHTHSP1wTTlOR/ZP,11.244993,12.723355,14.051687,0,2591700,24.477988,Delay-insensitive,1,1.75
160500,aM0ROONJMLKQ323l5OUQNzyqQxJFc1DbDIMHtZAAKQvRUVk4WHTHSP1wTTlOR/ZP,10.387039,13.119316,14.554620000000002,0,2591700,24.477988,Delay-insensitive,1,1.75
160800,aM0ROONJMLKQ323l5OUQNzyqQxJFc1DbDIMHtZAAKQvRUVk4WHTHSP1wTTlOR/ZP,11.051193,12.84694,15.30209,0,2591700,24.477988,Delay-insensitive,1,1.75
161100,aM0ROONJMLKQ323l5OUQNzyqQxJFc1DbDIMHtZAAKQvRUVk4WHTHSP1wTTlOR/ZP,11.469472,13.775247,15.795216,0,2591700,24.477988,Delay-insensitive,1,1.75
161400,aM0ROONJMLKQ323l5OUQNzyqQxJFc1DbDIMHtZAAKQvRUVk4WHTHSP1wTTlOR/ZP,11.640365,12.863402,14.591169,0,2591700,24.477988,Delay-insensitive,1,1.75
161700,aM0ROONJMLKQ323l5OUQNzyqQxJFc1DbDIMHtZAAKQvRUVk4WHTHSP1wTTlOR/ZP,10.9235,12.855987,16.697246,0,2591700,24.477988,Delay-insensitive,1,1.75
162000,aM0ROONJMLKQ323l5OUQNzyqQxJFc1DbDIMHtZAAKQvRUVk4WHTHSP1wTTlOR/ZP,11.003611,12.115617,13.35568,0,2591700,24.477988,Delay-insensitive,1,1.75
162300,aM0ROONJMLKQ323l5OUQNzyqQxJFc1DbDIMHtZAAKQvRUVk4WHTHSP1wTTlOR/ZP,11.480661,12.236453,12.810655,0,2591700,24.477988,Delay-insensitive,1,1.75
162600,aM0ROONJMLKQ323l5OUQNzyqQxJFc1DbDIMHtZAAKQvRUVk4WHTHSP1wTTlOR/ZP,10.824874,12.522649,13.583432,0,2591700,24.477988,Delay-insensitive,1,1.75
162900,aM0ROONJMLKQ323l5OUQNzyqQxJFc1DbDIMHtZAAKQvRUVk4WHTHSP1wTTlOR/ZP,11.737128,15.186554999999998,36.008132,0,2591700,24.477988,Delay-insensitive,1,1.75
163200,aM0ROONJMLKQ323l5OUQNzyqQxJFc1DbDIMHtZAAKQvRUVk4WHTHSP1wTTlOR/ZP,11.518674,13.178526000000002,15.235103,0,2591700,24.477988,Delay-insensitive,1,1.75
163500,aM0ROONJMLKQ323l5OUQNzyqQxJFc1DbDIMHtZAAKQvRUVk4WHTHSP1wTTlOR/ZP,11.603279,12.692809,14.76838,0,2591700,24.477988,Delay-insensitive,1,1.75
163800,aM0ROONJMLKQ323l5OUQNzyqQxJFc1DbDIMHtZAAKQvRUVk4WHTHSP1wTTlOR/ZP,12.105015,14.003769,20.865966,0,2591700,24.477988,Delay-insensitive,1,1.75
164100,aM0ROONJMLKQ323l5OUQNzyqQxJFc1DbDIMHtZAAKQvRUVk4WHTHSP1wTTlOR/ZP,11.628885,13.161858,14.78796,0,2591700,24.477988,Delay-insensitive,1,1.75
164400,aM0ROONJMLKQ323l5OUQNzyqQxJFc1DbDIMHtZAAKQvRUVk4WHTHSP1wTTlOR/ZP,11.769723,13.995535999999998,16.546317000000002,0,2591700,24.477988,Delay-insensitive,1,1.75
164700,aM0ROONJMLKQ323l5OUQNzyqQxJFc1DbDIMHtZAAKQvRUVk4WHTHSP1wTTlOR/ZP,11.330965,12.784903,13.703315,0,2591700,24.477988,Delay-insensitive,1,1.75
165000,aM0ROONJMLKQ323l5OUQNzyqQxJFc1DbDIMHtZAAKQvRUVk4WHTHSP1wTTlOR/ZP,12.266353,13.629782999999998,14.847203,0,2591700,24.477988,Delay-insensitive,1,1.75
165300,aM0ROONJMLKQ323l5OUQNzyqQxJFc1DbDIMHtZAAKQvRUVk4WHTHSP1wTTlOR/ZP,12.243877,15.646393,41.311752,0,2591700,24.477988,Delay-insensitive,1,1.75
165600,aM0ROONJMLKQ323l5OUQNzyqQxJFc1DbDIMHtZAAKQvRUVk4WHTHSP1wTTlOR/ZP,11.33376,12.973184,14.443156,0,2591700,24.477988,Delay-insensitive,1,1.75
165900,aM0ROONJMLKQ323l5OUQNzyqQxJFc1DbDIMHtZAAKQvRUVk4WHTHSP1wTTlOR/ZP,12.082056,13.080431,14.859308,0,2591700,24.477988,Delay-insensitive,1,1.75
166200,aM0ROONJMLKQ323l5OUQNzyqQxJFc1DbDIMHtZAAKQvRUVk4WHTHSP1wTTlOR/ZP,11.281943,13.599901,16.032178,0,2591700,24.477988,Delay-insensitive,1,1.75
166500,aM0ROONJMLKQ323l5OUQNzyqQxJFc1DbDIMHtZAAKQvRUVk4WHTHSP1wTTlOR/ZP,10.902985,15.229814,35.328821999999995,0,2591700,24.477988,Delay-insensitive,1,1.75
166800,aM0ROONJMLKQ323l5OUQNzyqQxJFc1DbDIMHtZAAKQvRUVk4WHTHSP1wTTlOR/ZP,10.643612,12.658641,14.858397,0,2591700,24.477988,Delay-insensitive,1,1.75
167100,aM0ROONJMLKQ323l5OUQNzyqQxJFc1DbDIMHtZAAKQvRUVk4WHTHSP1wTTlOR/ZP,8.809372999999999,13.172963,17.769691,0,2591700,24.477988,Delay-insensitive,1,1.75
167400,aM0ROONJMLKQ323l5OUQNzyqQxJFc1DbDIMHtZAAKQvRUVk4WHTHSP1wTTlOR/ZP,9.517783,12.667888,14.302854,0,2591700,24.477988,Delay-insensitive,1,1.75
167700,aM0ROONJMLKQ323l5OUQNzyqQxJFc1DbDIMHtZAAKQvRUVk4WHTHSP1wTTlOR/ZP,11.147511,12.751532,14.356312,0,2591700,24.477988,Delay-insensitive,1,1.75
168000,aM0ROONJMLKQ323l5OUQNzyqQxJFc1DbDIMHtZAAKQvRUVk4WHTHSP1wTTlOR/ZP,8.755545,12.034749,13.433329,0,2591700,24.477988,Delay-insensitive,1,1.75
168300,aM0ROONJMLKQ323l5OUQNzyqQxJFc1DbDIMHtZAAKQvRUVk4WHTHSP1wTTlOR/ZP,11.429555,12.352014,14.046303,0,2591700,24.477988,Delay-insensitive,1,1.75
168600,aM0ROONJMLKQ323l5OUQNzyqQxJFc1DbDIMHtZAAKQvRUVk4WHTHSP1wTTlOR/ZP,8.323061000000001,12.152789,13.928086,0,2591700,24.477988,Delay-insensitive,1,1.75
168900,aM0ROONJMLKQ323l5OUQNzyqQxJFc1DbDIMHtZAAKQvRUVk4WHTHSP1wTTlOR/ZP,10.740243,12.433413,14.752151,0,2591700,24.477988,Delay-insensitive,1,1.75
169200,aM0ROONJMLKQ323l5OUQNzyqQxJFc1DbDIMHtZAAKQvRUVk4WHTHSP1wTTlOR/ZP,10.157907000000002,12.021227,13.732036,0,2591700,24.477988,Delay-insensitive,1,1.75
169500,aM0ROONJMLKQ323l5OUQNzyqQxJFc1DbDIMHtZAAKQvRUVk4WHTHSP1wTTlOR/ZP,11.648011,12.596775,13.050039,0,2591700,24.477988,Delay-insensitive,1,1.75
169800,aM0ROONJMLKQ323l5OUQNzyqQxJFc1DbDIMHtZAAKQvRUVk4WHTHSP1wTTlOR/ZP,9.856568,12.448655,14.467467,0,2591700,24.477988,Delay-insensitive,1,1.75
170100,aM0ROONJMLKQ323l5OUQNzyqQxJFc1DbDIMHtZAAKQvRUVk4WHTHSP1wTTlOR/ZP,7.925749000000001,14.08632,35.934777000000004,0,2591700,24.477988,Delay-insensitive,1,1.75
170400,aM0ROONJMLKQ323l5OUQNzyqQxJFc1DbDIMHtZAAKQvRUVk4WHTHSP1wTTlOR/ZP,10.729236,12.179098,13.763703,0,2591700,24.477988,Delay-insensitive,1,1.75
170700,aM0ROONJMLKQ323l5OUQNzyqQxJFc1DbDIMHtZAAKQvRUVk4WHTHSP1wTTlOR/ZP,7.291907000000001,12.114259,14.524024,0,2591700,24.477988,Delay-insensitive,1,1.75
171000,aM0ROONJMLKQ323l5OUQNzyqQxJFc1DbDIMHtZAAKQvRUVk4WHTHSP1wTTlOR/ZP,11.518773,12.820375,13.976075,0,2591700,24.477988,Delay-insensitive,1,1.75
171300,aM0ROONJMLKQ323l5OUQNzyqQxJFc1DbDIMHtZAAKQvRUVk4WHTHSP1wTTlOR/ZP,5.518107,13.072718,15.591732999999998,0,2591700,24.477988,Delay-insensitive,1,1.75
171600,aM0ROONJMLKQ323l5OUQNzyqQxJFc1DbDIMHtZAAKQvRUVk4WHTHSP1wTTlOR/ZP,11.437361,12.234659,13.19889,0,2591700,24.477988,Delay-insensitive,1,1.75
171900,aM0ROONJMLKQ323l5OUQNzyqQxJFc1DbDIMHtZAAKQvRUVk4WHTHSP1wTTlOR/ZP,7.843553999999999,11.865496,14.85767,0,2591700,24.477988,Delay-insensitive,1,1.75
172200,aM0ROONJMLKQ323l5OUQNzyqQxJFc1DbDIMHtZAAKQvRUVk4WHTHSP1wTTlOR/ZP,10.992933,13.069167,14.620655,0,2591700,24.477988,Delay-insensitive,1,1.75
172500,aM0ROONJMLKQ323l5OUQNzyqQxJFc1DbDIMHtZAAKQvRUVk4WHTHSP1wTTlOR/ZP,5.116917,11.333129,13.967007,0,2591700,24.477988,Delay-insensitive,1,1.75
172800,aM0ROONJMLKQ323l5OUQNzyqQxJFc1DbDIMHtZAAKQvRUVk4WHTHSP1wTTlOR/ZP,10.420711,12.83489,15.194731,0,2591700,24.477988,Delay-insensitive,1,1.75
173100,aM0ROONJMLKQ323l5OUQNzyqQxJFc1DbDIMHtZAAKQvRUVk4WHTHSP1wTTlOR/ZP,10.780554,12.640407000000002,14.666262,0,2591700,24.477988,Delay-insensitive,1,1.75
173400,aM0ROONJMLKQ323l5OUQNzyqQxJFc1DbDIMHtZAAKQvRUVk4WHTHSP1wTTlOR/ZP,11.197262,12.497084,14.722803,0,2591700,24.477988,Delay-insensitive,1,1.75
173700,aM0ROONJMLKQ323l5OUQNzyqQxJFc1DbDIMHtZAAKQvRUVk4WHTHSP1wTTlOR/ZP,10.675965,14.782797,32.994596,0,2591700,24.477988,Delay-insensitive,1,1.75
174000,aM0ROONJMLKQ323l5OUQNzyqQxJFc1DbDIMHtZAAKQvRUVk4WHTHSP1wTTlOR/ZP,10.831684,12.114032,13.550907,0,2591700,24.477988,Delay-insensitive,1,1.75
174300,aM0ROONJMLKQ323l5OUQNzyqQxJFc1DbDIMHtZAAKQvRUVk4WHTHSP1wTTlOR/ZP,11.123836,11.734759,12.80257,0,2591700,24.477988,Delay-insensitive,1,1.75
174600,aM0ROONJMLKQ323l5OUQNzyqQxJFc1DbDIMHtZAAKQvRUVk4WHTHSP1wTTlOR/ZP,10.159507,11.385422,12.59,0,2591700,24.477988,Delay-insensitive,1,1.75
174900,aM0ROONJMLKQ323l5OUQNzyqQxJFc1DbDIMHtZAAKQvRUVk4WHTHSP1wTTlOR/ZP,11.439785,12.423924,13.951797,0,2591700,24.477988,Delay-insensitive,1,1.75
175200,aM0ROONJMLKQ323l5OUQNzyqQxJFc1DbDIMHtZAAKQvRUVk4WHTHSP1wTTlOR/ZP,11.829344,13.497805,15.239705,0,2591700,24.477988,Delay-insensitive,1,1.75
175500,aM0ROONJMLKQ323l5OUQNzyqQxJFc1DbDIMHtZAAKQvRUVk4WHTHSP1wTTlOR/ZP,7.277494,11.876125,13.70904,0,2591700,24.477988,Delay-insensitive,1,1.75
175800,aM0ROONJMLKQ323l5OUQNzyqQxJFc1DbDIMHtZAAKQvRUVk4WHTHSP1wTTlOR/ZP,11.043314,12.992462,14.622975,0,2591700,24.477988,Delay-insensitive,1,1.75
176100,aM0ROONJMLKQ323l5OUQNzyqQxJFc1DbDIMHtZAAKQvRUVk4WHTHSP1wTTlOR/ZP,4.483288,12.585262,16.173216,0,2591700,24.477988,Delay-insensitive,1,1.75
176400,aM0ROONJMLKQ323l5OUQNzyqQxJFc1DbDIMHtZAAKQvRUVk4WHTHSP1wTTlOR/ZP,11.667019,13.566091,15.062998,0,2591700,24.477988,Delay-insensitive,1,1.75
176700,aM0ROONJMLKQ323l5OUQNzyqQxJFc1DbDIMHtZAAKQvRUVk4WHTHSP1wTTlOR/ZP,11.455968,12.919547,14.913378,0,2591700,24.477988,Delay-insensitive,1,1.75
177000,aM0ROONJMLKQ323l5OUQNzyqQxJFc1DbDIMHtZAAKQvRUVk4WHTHSP1wTTlOR/ZP,11.094137,13.515154999999998,16.831537,0,2591700,24.477988,Delay-insensitive,1,1.75
177300,aM0ROONJMLKQ323l5OUQNzyqQxJFc1DbDIMHtZAAKQvRUVk4WHTHSP1wTTlOR/ZP,10.219817,21.003494,76.13369499999999,0,2591700,24.477988,Delay-insensitive,1,1.75
177600,aM0ROONJMLKQ323l5OUQNzyqQxJFc1DbDIMHtZAAKQvRUVk4WHTHSP1wTTlOR/ZP,12.054795,13.149175,15.46962,0,2591700,24.477988,Delay-insensitive,1,1.75
177900,aM0ROONJMLKQ323l5OUQNzyqQxJFc1DbDIMHtZAAKQvRUVk4WHTHSP1wTTlOR/ZP,10.503881,13.063405,16.804287,0,2591700,24.477988,Delay-insensitive,1,1.75
178200,aM0ROONJMLKQ323l5OUQNzyqQxJFc1DbDIMHtZAAKQvRUVk4WHTHSP1wTTlOR/ZP,11.967397,13.194357,14.591022,0,2591700,24.477988,Delay-insensitive,1,1.75
178500,aM0ROONJMLKQ323l5OUQNzyqQxJFc1DbDIMHtZAAKQvRUVk4WHTHSP1wTTlOR/ZP,11.295902,13.805407999999998,16.126958,0,2591700,24.477988,Delay-insensitive,1,1.75
178800,aM0ROONJMLKQ323l5OUQNzyqQxJFc1DbDIMHtZAAKQvRUVk4WHTHSP1wTTlOR/ZP,9.505245,12.208826,13.319073,0,2591700,24.477988,Delay-insensitive,1,1.75
179100,aM0ROONJMLKQ323l5OUQNzyqQxJFc1DbDIMHtZAAKQvRUVk4WHTHSP1wTTlOR/ZP,11.083963,12.50538,14.430177,0,2591700,24.477988,Delay-insensitive,1,1.75
179400,aM0ROONJMLKQ323l5OUQNzyqQxJFc1DbDIMHtZAAKQvRUVk4WHTHSP1wTTlOR/ZP,8.616739,12.924824,15.579387,0,2591700,24.477988,Delay-insensitive,1,1.75
179700,aM0ROONJMLKQ323l5OUQNzyqQxJFc1DbDIMHtZAAKQvRUVk4WHTHSP1wTTlOR/ZP,10.744091,12.192066,14.405865,0,2591700,24.477988,Delay-insensitive,1,1.75
180000,aM0ROONJMLKQ323l5OUQNzyqQxJFc1DbDIMHtZAAKQvRUVk4WHTHSP1wTTlOR/ZP,10.801775,12.500538,14.17009,0,2591700,24.477988,Delay-insensitive,1,1.75
180300,aM0ROONJMLKQ323l5OUQNzyqQxJFc1DbDIMHtZAAKQvRUVk4WHTHSP1wTTlOR/ZP,10.793685,12.580723,13.918453,0,2591700,24.477988,Delay-insensitive,1,1.75
180600,aM0ROONJMLKQ323l5OUQNzyqQxJFc1DbDIMHtZAAKQvRUVk4WHTHSP1wTTlOR/ZP,10.420054,12.172084,14.047928,0,2591700,24.477988,Delay-insensitive,1,1.75
180900,aM0ROONJMLKQ323l5OUQNzyqQxJFc1DbDIMHtZAAKQvRUVk4WHTHSP1wTTlOR/ZP,10.844807,14.553271,35.373946000000004,0,2591700,24.477988,Delay-insensitive,1,1.75
181200,aM0ROONJMLKQ323l5OUQNzyqQxJFc1DbDIMHtZAAKQvRUVk4WHTHSP1wTTlOR/ZP,10.525213,12.669044,13.833875,0,2591700,24.477988,Delay-insensitive,1,1.75
181500,aM0ROONJMLKQ323l5OUQNzyqQxJFc1DbDIMHtZAAKQvRUVk4WHTHSP1wTTlOR/ZP,9.007686,12.111347,14.280798999999998,0,2591700,24.477988,Delay-insensitive,1,1.75
181800,aM0ROONJMLKQ323l5OUQNzyqQxJFc1DbDIMHtZAAKQvRUVk4WHTHSP1wTTlOR/ZP,11.508498,12.661902,13.833337,0,2591700,24.477988,Delay-insensitive,1,1.75
182100,aM0ROONJMLKQ323l5OUQNzyqQxJFc1DbDIMHtZAAKQvRUVk4WHTHSP1wTTlOR/ZP,10.209536,12.218644,13.563742,0,2591700,24.477988,Delay-insensitive,1,1.75
182400,aM0ROONJMLKQ323l5OUQNzyqQxJFc1DbDIMHtZAAKQvRUVk4WHTHSP1wTTlOR/ZP,11.127175,12.071317,13.407763,0,2591700,24.477988,Delay-insensitive,1,1.75
182700,aM0ROONJMLKQ323l5OUQNzyqQxJFc1DbDIMHtZAAKQvRUVk4WHTHSP1wTTlOR/ZP,10.440397,11.860934,13.664507999999998,0,2591700,24.477988,Delay-insensitive,1,1.75
183000,aM0ROONJMLKQ323l5OUQNzyqQxJFc1DbDIMHtZAAKQvRUVk4WHTHSP1wTTlOR/ZP,11.057313,12.462708,14.696867999999998,0,2591700,24.477988,Delay-insensitive,1,1.75
183300,aM0ROONJMLKQ323l5OUQNzyqQxJFc1DbDIMHtZAAKQvRUVk4WHTHSP1wTTlOR/ZP,8.817109,12.691065,14.711143,0,2591700,24.477988,Delay-insensitive,1,1.75
183600,aM0ROONJMLKQ323l5OUQNzyqQxJFc1DbDIMHtZAAKQvRUVk4WHTHSP1wTTlOR/ZP,9.467573,12.3673,13.796945,0,2591700,24.477988,Delay-insensitive,1,1.75
183900,aM0ROONJMLKQ323l5OUQNzyqQxJFc1DbDIMHtZAAKQvRUVk4WHTHSP1wTTlOR/ZP,11.295156,12.98346,17.256395,0,2591700,24.477988,Delay-insensitive,1,1.75
184200,aM0ROONJMLKQ323l5OUQNzyqQxJFc1DbDIMHtZAAKQvRUVk4WHTHSP1wTTlOR/ZP,4.695323,11.94894,15.396621,0,2591700,24.477988,Delay-insensitive,1,1.75
184500,aM0ROONJMLKQ323l5OUQNzyqQxJFc1DbDIMHtZAAKQvRUVk4WHTHSP1wTTlOR/ZP,10.685219,14.505942999999998,32.012507,0,2591700,24.477988,Delay-insensitive,1,1.75
184800,aM0ROONJMLKQ323l5OUQNzyqQxJFc1DbDIMHtZAAKQvRUVk4WHTHSP1wTTlOR/ZP,5.703930000000001,11.65387,14.335002,0,2591700,24.477988,Delay-insensitive,1,1.75
185100,aM0ROONJMLKQ323l5OUQNzyqQxJFc1DbDIMHtZAAKQvRUVk4WHTHSP1wTTlOR/ZP,11.262691,12.600959,13.671929,0,2591700,24.477988,Delay-insensitive,1,1.75
185400,aM0ROONJMLKQ323l5OUQNzyqQxJFc1DbDIMHtZAAKQvRUVk4WHTHSP1wTTlOR/ZP,12.116387,13.728642,15.924171,0,2591700,24.477988,Delay-insensitive,1,1.75
185700,aM0ROONJMLKQ323l5OUQNzyqQxJFc1DbDIMHtZAAKQvRUVk4WHTHSP1wTTlOR/ZP,12.563362,13.817635999999998,15.849872,0,2591700,24.477988,Delay-insensitive,1,1.75
186000,aM0ROONJMLKQ323l5OUQNzyqQxJFc1DbDIMHtZAAKQvRUVk4WHTHSP1wTTlOR/ZP,11.452986,12.275618,13.534813,0,2591700,24.477988,Delay-insensitive,1,1.75
186300,aM0ROONJMLKQ323l5OUQNzyqQxJFc1DbDIMHtZAAKQvRUVk4WHTHSP1wTTlOR/ZP,10.111281,13.12794,15.043914,0,2591700,24.477988,Delay-insensitive,1,1.75
186600,aM0ROONJMLKQ323l5OUQNzyqQxJFc1DbDIMHtZAAKQvRUVk4WHTHSP1wTTlOR/ZP,11.686402,13.097349,15.208267,0,2591700,24.477988,Delay-insensitive,1,1.75
186900,aM0ROONJMLKQ323l5OUQNzyqQxJFc1DbDIMHtZAAKQvRUVk4WHTHSP1wTTlOR/ZP,11.457828,13.655763,15.887146,0,2591700,24.477988,Delay-insensitive,1,1.75
187200,aM0ROONJMLKQ323l5OUQNzyqQxJFc1DbDIMHtZAAKQvRUVk4WHTHSP1wTTlOR/ZP,10.756285,12.361766,13.68533,0,2591700,24.477988,Delay-insensitive,1,1.75
187500,aM0ROONJMLKQ323l5OUQNzyqQxJFc1DbDIMHtZAAKQvRUVk4WHTHSP1wTTlOR/ZP,11.951166,13.461553,15.269284,0,2591700,24.477988,Delay-insensitive,1,1.75
187800,aM0ROONJMLKQ323l5OUQNzyqQxJFc1DbDIMHtZAAKQvRUVk4WHTHSP1wTTlOR/ZP,11.528012,13.563033,23.976752,0,2591700,24.477988,Delay-insensitive,1,1.75
188100,aM0ROONJMLKQ323l5OUQNzyqQxJFc1DbDIMHtZAAKQvRUVk4WHTHSP1wTTlOR/ZP,10.874626,15.305185,33.839051,0,2591700,24.477988,Delay-insensitive,1,1.75
188400,aM0ROONJMLKQ323l5OUQNzyqQxJFc1DbDIMHtZAAKQvRUVk4WHTHSP1wTTlOR/ZP,11.18914,12.657598,15.046615,0,2591700,24.477988,Delay-insensitive,1,1.75
188700,aM0ROONJMLKQ323l5OUQNzyqQxJFc1DbDIMHtZAAKQvRUVk4WHTHSP1wTTlOR/ZP,12.045485,13.355929,14.819339,0,2591700,24.477988,Delay-insensitive,1,1.75
189000,aM0ROONJMLKQ323l5OUQNzyqQxJFc1DbDIMHtZAAKQvRUVk4WHTHSP1wTTlOR/ZP,10.435401,12.292539,15.065502,0,2591700,24.477988,Delay-insensitive,1,1.75
189300,aM0ROONJMLKQ323l5OUQNzyqQxJFc1DbDIMHtZAAKQvRUVk4WHTHSP1wTTlOR/ZP,10.661914,12.188395,14.262832,0,2591700,24.477988,Delay-insensitive,1,1.75
189600,aM0ROONJMLKQ323l5OUQNzyqQxJFc1DbDIMHtZAAKQvRUVk4WHTHSP1wTTlOR/ZP,11.562372,13.278145,15.494422,0,2591700,24.477988,Delay-insensitive,1,1.75
189900,aM0ROONJMLKQ323l5OUQNzyqQxJFc1DbDIMHtZAAKQvRUVk4WHTHSP1wTTlOR/ZP,12.398922,13.234784,16.539307,0,2591700,24.477988,Delay-insensitive,1,1.75
190200,aM0ROONJMLKQ323l5OUQNzyqQxJFc1DbDIMHtZAAKQvRUVk4WHTHSP1wTTlOR/ZP,11.088009,12.817185,14.525371,0,2591700,24.477988,Delay-insensitive,1,1.75
190500,aM0ROONJMLKQ323l5OUQNzyqQxJFc1DbDIMHtZAAKQvRUVk4WHTHSP1wTTlOR/ZP,11.295453,11.866678,12.343151,0,2591700,24.477988,Delay-insensitive,1,1.75
190800,aM0ROONJMLKQ323l5OUQNzyqQxJFc1DbDIMHtZAAKQvRUVk4WHTHSP1wTTlOR/ZP,11.431931,12.305666,13.866533,0,2591700,24.477988,Delay-insensitive,1,1.75
191100,aM0ROONJMLKQ323l5OUQNzyqQxJFc1DbDIMHtZAAKQvRUVk4WHTHSP1wTTlOR/ZP,11.677317,12.371871,13.140442000000002,0,2591700,24.477988,Delay-insensitive,1,1.75
191400,aM0ROONJMLKQ323l5OUQNzyqQxJFc1DbDIMHtZAAKQvRUVk4WHTHSP1wTTlOR/ZP,10.866947,12.012712,14.185386,0,2591700,24.477988,Delay-insensitive,1,1.75
191700,aM0ROONJMLKQ323l5OUQNzyqQxJFc1DbDIMHtZAAKQvRUVk4WHTHSP1wTTlOR/ZP,11.137514,14.504138,32.422737,0,2591700,24.477988,Delay-insensitive,1,1.75
192000,aM0ROONJMLKQ323l5OUQNzyqQxJFc1DbDIMHtZAAKQvRUVk4WHTHSP1wTTlOR/ZP,9.205306,11.963031,14.257028,0,2591700,24.477988,Delay-insensitive,1,1.75
192300,aM0ROONJMLKQ323l5OUQNzyqQxJFc1DbDIMHtZAAKQvRUVk4WHTHSP1wTTlOR/ZP,9.322561,11.907941,13.768831,0,2591700,24.477988,Delay-insensitive,1,1.75
192600,aM0ROONJMLKQ323l5OUQNzyqQxJFc1DbDIMHtZAAKQvRUVk4WHTHSP1wTTlOR/ZP,10.922243,11.906188,12.912795,0,2591700,24.477988,Delay-insensitive,1,1.75
192900,aM0ROONJMLKQ323l5OUQNzyqQxJFc1DbDIMHtZAAKQvRUVk4WHTHSP1wTTlOR/ZP,9.334857,11.520618,12.955427,0,2591700,24.477988,Delay-insensitive,1,1.75
193200,aM0ROONJMLKQ323l5OUQNzyqQxJFc1DbDIMHtZAAKQvRUVk4WHTHSP1wTTlOR/ZP,10.613713,12.049195,14.547664,0,2591700,24.477988,Delay-insensitive,1,1.75
193500,aM0ROONJMLKQ323l5OUQNzyqQxJFc1DbDIMHtZAAKQvRUVk4WHTHSP1wTTlOR/ZP,11.052337,11.980991,13.145829999999998,0,2591700,24.477988,Delay-insensitive,1,1.75
193800,aM0ROONJMLKQ323l5OUQNzyqQxJFc1DbDIMHtZAAKQvRUVk4WHTHSP1wTTlOR/ZP,11.33613,13.037084,14.920828,0,2591700,24.477988,Delay-insensitive,1,1.75
194100,aM0ROONJMLKQ323l5OUQNzyqQxJFc1DbDIMHtZAAKQvRUVk4WHTHSP1wTTlOR/ZP,9.411983,11.958799,13.117522,0,2591700,24.477988,Delay-insensitive,1,1.75
194400,aM0ROONJMLKQ323l5OUQNzyqQxJFc1DbDIMHtZAAKQvRUVk4WHTHSP1wTTlOR/ZP,10.851416,12.392047,13.327296,0,2591700,24.477988,Delay-insensitive,1,1.75
194700,aM0ROONJMLKQ323l5OUQNzyqQxJFc1DbDIMHtZAAKQvRUVk4WHTHSP1wTTlOR/ZP,11.165018,12.379165,13.710579,0,2591700,24.477988,Delay-insensitive,1,1.75
195000,aM0ROONJMLKQ323l5OUQNzyqQxJFc1DbDIMHtZAAKQvRUVk4WHTHSP1wTTlOR/ZP,8.81152,11.59679,12.848643,0,2591700,24.477988,Delay-insensitive,1,1.75
195300,aM0ROONJMLKQ323l5OUQNzyqQxJFc1DbDIMHtZAAKQvRUVk4WHTHSP1wTTlOR/ZP,10.997079,15.53995,35.833512,0,2591700,24.477988,Delay-insensitive,1,1.75
195600,aM0ROONJMLKQ323l5OUQNzyqQxJFc1DbDIMHtZAAKQvRUVk4WHTHSP1wTTlOR/ZP,11.150126,12.843844,15.298495,0,2591700,24.477988,Delay-insensitive,1,1.75
195900,aM0ROONJMLKQ323l5OUQNzyqQxJFc1DbDIMHtZAAKQvRUVk4WHTHSP1wTTlOR/ZP,11.010921000000002,12.306967,13.675603,0,2591700,24.477988,Delay-insensitive,1,1.75
196200,aM0ROONJMLKQ323l5OUQNzyqQxJFc1DbDIMHtZAAKQvRUVk4WHTHSP1wTTlOR/ZP,8.640087,11.788666,14.503649,0,2591700,24.477988,Delay-insensitive,1,1.75
196500,aM0ROONJMLKQ323l5OUQNzyqQxJFc1DbDIMHtZAAKQvRUVk4WHTHSP1wTTlOR/ZP,10.461844,12.401383,16.106417,0,2591700,24.477988,Delay-insensitive,1,1.75
196800,aM0ROONJMLKQ323l5OUQNzyqQxJFc1DbDIMHtZAAKQvRUVk4WHTHSP1wTTlOR/ZP,10.179118,11.572514,12.941097,0,2591700,24.477988,Delay-insensitive,1,1.75
197100,aM0ROONJMLKQ323l5OUQNzyqQxJFc1DbDIMHtZAAKQvRUVk4WHTHSP1wTTlOR/ZP,10.441996,11.665881,12.906097,0,2591700,24.477988,Delay-insensitive,1,1.75
197400,aM0ROONJMLKQ323l5OUQNzyqQxJFc1DbDIMHtZAAKQvRUVk4WHTHSP1wTTlOR/ZP,10.677857,12.067123,14.369469,0,2591700,24.477988,Delay-insensitive,1,1.75
197700,aM0ROONJMLKQ323l5OUQNzyqQxJFc1DbDIMHtZAAKQvRUVk4WHTHSP1wTTlOR/ZP,9.421385,11.907308,13.546356,0,2591700,24.477988,Delay-insensitive,1,1.75
198000,aM0ROONJMLKQ323l5OUQNzyqQxJFc1DbDIMHtZAAKQvRUVk4WHTHSP1wTTlOR/ZP,11.129267,11.93533,14.49155,0,2591700,24.477988,Delay-insensitive,1,1.75
198300,aM0ROONJMLKQ323l5OUQNzyqQxJFc1DbDIMHtZAAKQvRUVk4WHTHSP1wTTlOR/ZP,8.924332000000001,12.558479,14.652528,0,2591700,24.477988,Delay-insensitive,1,1.75
198600,aM0ROONJMLKQ323l5OUQNzyqQxJFc1DbDIMHtZAAKQvRUVk4WHTHSP1wTTlOR/ZP,10.174975,12.757758,14.83674,0,2591700,24.477988,Delay-insensitive,1,1.75
198900,aM0ROONJMLKQ323l5OUQNzyqQxJFc1DbDIMHtZAAKQvRUVk4WHTHSP1wTTlOR/ZP,10.875559,16.032056,34.37679,0,2591700,24.477988,Delay-insensitive,1,1.75
199200,aM0ROONJMLKQ323l5OUQNzyqQxJFc1DbDIMHtZAAKQvRUVk4WHTHSP1wTTlOR/ZP,10.832768,11.577179,12.958587,0,2591700,24.477988,Delay-insensitive,1,1.75
199500,aM0ROONJMLKQ323l5OUQNzyqQxJFc1DbDIMHtZAAKQvRUVk4WHTHSP1wTTlOR/ZP,9.950942,12.546313,16.201203,0,2591700,24.477988,Delay-insensitive,1,1.75
199800,aM0ROONJMLKQ323l5OUQNzyqQxJFc1DbDIMHtZAAKQvRUVk4WHTHSP1wTTlOR/ZP,10.46131,11.791002,13.762314000000002,0,2591700,24.477988,Delay-insensitive,1,1.75
200100,aM0ROONJMLKQ323l5OUQNzyqQxJFc1DbDIMHtZAAKQvRUVk4WHTHSP1wTTlOR/ZP,9.114323,11.69753,13.707643,0,2591700,24.477988,Delay-insensitive,1,1.75
200400,aM0ROONJMLKQ323l5OUQNzyqQxJFc1DbDIMHtZAAKQvRUVk4WHTHSP1wTTlOR/ZP,11.012457,12.768111,15.374576,0,2591700,24.477988,Delay-insensitive,1,1.75
200700,aM0ROONJMLKQ323l5OUQNzyqQxJFc1DbDIMHtZAAKQvRUVk4WHTHSP1wTTlOR/ZP,10.964368,12.758592,14.619026000000002,0,2591700,24.477988,Delay-insensitive,1,1.75
201000,aM0ROONJMLKQ323l5OUQNzyqQxJFc1DbDIMHtZAAKQvRUVk4WHTHSP1wTTlOR/ZP,11.029021,11.975842,12.758914,0,2591700,24.477988,Delay-insensitive,1,1.75
201300,aM0ROONJMLKQ323l5OUQNzyqQxJFc1DbDIMHtZAAKQvRUVk4WHTHSP1wTTlOR/ZP,10.669915,12.235559,15.620277,0,2591700,24.477988,Delay-insensitive,1,1.75
201600,aM0ROONJMLKQ323l5OUQNzyqQxJFc1DbDIMHtZAAKQvRUVk4WHTHSP1wTTlOR/ZP,11.087675,12.630823,13.953481,0,2591700,24.477988,Delay-insensitive,1,1.75
201900,aM0ROONJMLKQ323l5OUQNzyqQxJFc1DbDIMHtZAAKQvRUVk4WHTHSP1wTTlOR/ZP,11.189061,12.756456,14.385889,0,2591700,24.477988,Delay-insensitive,1,1.75
202200,aM0ROONJMLKQ323l5OUQNzyqQxJFc1DbDIMHtZAAKQvRUVk4WHTHSP1wTTlOR/ZP,11.388717,12.882715,15.213531,0,2591700,24.477988,Delay-insensitive,1,1.75
202500,aM0ROONJMLKQ323l5OUQNzyqQxJFc1DbDIMHtZAAKQvRUVk4WHTHSP1wTTlOR/ZP,10.347524,14.877841,37.541949,0,2591700,24.477988,Delay-insensitive,1,1.75
202800,aM0ROONJMLKQ323l5OUQNzyqQxJFc1DbDIMHtZAAKQvRUVk4WHTHSP1wTTlOR/ZP,10.341289,11.682097,13.134061,0,2591700,24.477988,Delay-insensitive,1,1.75
203100,aM0ROONJMLKQ323l5OUQNzyqQxJFc1DbDIMHtZAAKQvRUVk4WHTHSP1wTTlOR/ZP,9.636382,11.966652,14.050495000000002,0,2591700,24.477988,Delay-insensitive,1,1.75
203400,aM0ROONJMLKQ323l5OUQNzyqQxJFc1DbDIMHtZAAKQvRUVk4WHTHSP1wTTlOR/ZP,10.851264,12.075888,13.902953,0,2591700,24.477988,Delay-insensitive,1,1.75
203700,aM0ROONJMLKQ323l5OUQNzyqQxJFc1DbDIMHtZAAKQvRUVk4WHTHSP1wTTlOR/ZP,9.559204,12.294724,13.648085,0,2591700,24.477988,Delay-insensitive,1,1.75
204000,aM0ROONJMLKQ323l5OUQNzyqQxJFc1DbDIMHtZAAKQvRUVk4WHTHSP1wTTlOR/ZP,10.519474,12.060573,13.518279,0,2591700,24.477988,Delay-insensitive,1,1.75
204300,aM0ROONJMLKQ323l5OUQNzyqQxJFc1DbDIMHtZAAKQvRUVk4WHTHSP1wTTlOR/ZP,10.15395,12.56616,14.952603,0,2591700,24.477988,Delay-insensitive,1,1.75
204600,aM0ROONJMLKQ323l5OUQNzyqQxJFc1DbDIMHtZAAKQvRUVk4WHTHSP1wTTlOR/ZP,10.753722,11.57442,12.457039,0,2591700,24.477988,Delay-insensitive,1,1.75
204900,aM0ROONJMLKQ323l5OUQNzyqQxJFc1DbDIMHtZAAKQvRUVk4WHTHSP1wTTlOR/ZP,8.912181,11.671786,12.967456,0,2591700,24.477988,Delay-insensitive,1,1.75
205200,aM0ROONJMLKQ323l5OUQNzyqQxJFc1DbDIMHtZAAKQvRUVk4WHTHSP1wTTlOR/ZP,10.499915,12.529774,14.884747,0,2591700,24.477988,Delay-insensitive,1,1.75
205500,aM0ROONJMLKQ323l5OUQNzyqQxJFc1DbDIMHtZAAKQvRUVk4WHTHSP1wTTlOR/ZP,9.289903,11.967931,13.348581,0,2591700,24.477988,Delay-insensitive,1,1.75
205800,aM0ROONJMLKQ323l5OUQNzyqQxJFc1DbDIMHtZAAKQvRUVk4WHTHSP1wTTlOR/ZP,9.813163,12.69707,15.830567000000002,0,2591700,24.477988,Delay-insensitive,1,1.75
206100,aM0ROONJMLKQ323l5OUQNzyqQxJFc1DbDIMHtZAAKQvRUVk4WHTHSP1wTTlOR/ZP,11.358442,15.523715,31.033015,0,2591700,24.477988,Delay-insensitive,1,1.75
206400,aM0ROONJMLKQ323l5OUQNzyqQxJFc1DbDIMHtZAAKQvRUVk4WHTHSP1wTTlOR/ZP,8.906592,11.532582,12.854302,0,2591700,24.477988,Delay-insensitive,1,1.75
206700,aM0ROONJMLKQ323l5OUQNzyqQxJFc1DbDIMHtZAAKQvRUVk4WHTHSP1wTTlOR/ZP,11.991735,12.9181,14.623018,0,2591700,24.477988,Delay-insensitive,1,1.75
207000,aM0ROONJMLKQ323l5OUQNzyqQxJFc1DbDIMHtZAAKQvRUVk4WHTHSP1wTTlOR/ZP,9.622579,12.088256,15.164328,0,2591700,24.477988,Delay-insensitive,1,1.75
207300,aM0ROONJMLKQ323l5OUQNzyqQxJFc1DbDIMHtZAAKQvRUVk4WHTHSP1wTTlOR/ZP,11.127197,12.253222,14.743481,0,2591700,24.477988,Delay-insensitive,1,1.75
207600,aM0ROONJMLKQ323l5OUQNzyqQxJFc1DbDIMHtZAAKQvRUVk4WHTHSP1wTTlOR/ZP,10.169775,12.430545,14.162989,0,2591700,24.477988,Delay-insensitive,1,1.75
207900,aM0ROONJMLKQ323l5OUQNzyqQxJFc1DbDIMHtZAAKQvRUVk4WHTHSP1wTTlOR/ZP,10.543323,12.24322,14.409996,0,2591700,24.477988,Delay-insensitive,1,1.75
208200,aM0ROONJMLKQ323l5OUQNzyqQxJFc1DbDIMHtZAAKQvRUVk4WHTHSP1wTTlOR/ZP,10.929794,12.388291,14.978944,0,2591700,24.477988,Delay-insensitive,1,1.75
208500,aM0ROONJMLKQ323l5OUQNzyqQxJFc1DbDIMHtZAAKQvRUVk4WHTHSP1wTTlOR/ZP,10.641198,12.175602,17.55602,0,2591700,24.477988,Delay-insensitive,1,1.75
208800,aM0ROONJMLKQ323l5OUQNzyqQxJFc1DbDIMHtZAAKQvRUVk4WHTHSP1wTTlOR/ZP,10.824395,11.908062,13.775394,0,2591700,24.477988,Delay-insensitive,1,1.75
209100,aM0ROONJMLKQ323l5OUQNzyqQxJFc1DbDIMHtZAAKQvRUVk4WHTHSP1wTTlOR/ZP,10.952182,11.765107,12.662447,0,2591700,24.477988,Delay-insensitive,1,1.75
209400,aM0ROONJMLKQ323l5OUQNzyqQxJFc1DbDIMHtZAAKQvRUVk4WHTHSP1wTTlOR/ZP,11.033673,12.187334,13.493198,0,2591700,24.477988,Delay-insensitive,1,1.75
209700,aM0ROONJMLKQ323l5OUQNzyqQxJFc1DbDIMHtZAAKQvRUVk4WHTHSP1wTTlOR/ZP,11.98591,16.511601000000002,42.488324,0,2591700,24.477988,Delay-insensitive,1,1.75
210000,aM0ROONJMLKQ323l5OUQNzyqQxJFc1DbDIMHtZAAKQvRUVk4WHTHSP1wTTlOR/ZP,11.576511,12.175455,12.973051,0,2591700,24.477988,Delay-insensitive,1,1.75
210300,aM0ROONJMLKQ323l5OUQNzyqQxJFc1DbDIMHtZAAKQvRUVk4WHTHSP1wTTlOR/ZP,12.452919,13.779838,17.870889000000002,0,2591700,24.477988,Delay-insensitive,1,1.75
210600,aM0ROONJMLKQ323l5OUQNzyqQxJFc1DbDIMHtZAAKQvRUVk4WHTHSP1wTTlOR/ZP,11.575379,13.343312,15.346336,0,2591700,24.477988,Delay-insensitive,1,1.75
210900,aM0ROONJMLKQ323l5OUQNzyqQxJFc1DbDIMHtZAAKQvRUVk4WHTHSP1wTTlOR/ZP,11.882686,14.003023,15.154745000000002,0,2591700,24.477988,Delay-insensitive,1,1.75
211200,aM0ROONJMLKQ323l5OUQNzyqQxJFc1DbDIMHtZAAKQvRUVk4WHTHSP1wTTlOR/ZP,10.612168,11.904934,13.699953,0,2591700,24.477988,Delay-insensitive,1,1.75
211500,aM0ROONJMLKQ323l5OUQNzyqQxJFc1DbDIMHtZAAKQvRUVk4WHTHSP1wTTlOR/ZP,10.915581,12.646809,15.030363,0,2591700,24.477988,Delay-insensitive,1,1.75
211800,aM0ROONJMLKQ323l5OUQNzyqQxJFc1DbDIMHtZAAKQvRUVk4WHTHSP1wTTlOR/ZP,11.287649,12.374937,14.769739,0,2591700,24.477988,Delay-insensitive,1,1.75
212100,aM0ROONJMLKQ323l5OUQNzyqQxJFc1DbDIMHtZAAKQvRUVk4WHTHSP1wTTlOR/ZP,11.373628,12.563912,13.943938,0,2591700,24.477988,Delay-insensitive,1,1.75
212400,aM0ROONJMLKQ323l5OUQNzyqQxJFc1DbDIMHtZAAKQvRUVk4WHTHSP1wTTlOR/ZP,11.443989,13.366062,15.552456,0,2591700,24.477988,Delay-insensitive,1,1.75
212700,aM0ROONJMLKQ323l5OUQNzyqQxJFc1DbDIMHtZAAKQvRUVk4WHTHSP1wTTlOR/ZP,11.036839,12.787067,14.504359,0,2591700,24.477988,Delay-insensitive,1,1.75
213000,aM0ROONJMLKQ323l5OUQNzyqQxJFc1DbDIMHtZAAKQvRUVk4WHTHSP1wTTlOR/ZP,12.251966,13.775686,18.911064,0,2591700,24.477988,Delay-insensitive,1,1.75
213300,aM0ROONJMLKQ323l5OUQNzyqQxJFc1DbDIMHtZAAKQvRUVk4WHTHSP1wTTlOR/ZP,11.082772,14.906624,32.334089,0,2591700,24.477988,Delay-insensitive,1,1.75
213600,aM0ROONJMLKQ323l5OUQNzyqQxJFc1DbDIMHtZAAKQvRUVk4WHTHSP1wTTlOR/ZP,11.360991,13.117872,16.232853,0,2591700,24.477988,Delay-insensitive,1,1.75
213900,aM0ROONJMLKQ323l5OUQNzyqQxJFc1DbDIMHtZAAKQvRUVk4WHTHSP1wTTlOR/ZP,11.486527,13.427551,15.503353,0,2591700,24.477988,Delay-insensitive,1,1.75
214200,aM0ROONJMLKQ323l5OUQNzyqQxJFc1DbDIMHtZAAKQvRUVk4WHTHSP1wTTlOR/ZP,10.866889,12.662053,14.877721,0,2591700,24.477988,Delay-insensitive,1,1.75
214500,aM0ROONJMLKQ323l5OUQNzyqQxJFc1DbDIMHtZAAKQvRUVk4WHTHSP1wTTlOR/ZP,10.985364,12.507825,14.407789,0,2591700,24.477988,Delay-insensitive,1,1.75
214800,aM0ROONJMLKQ323l5OUQNzyqQxJFc1DbDIMHtZAAKQvRUVk4WHTHSP1wTTlOR/ZP,11.156052,12.059353,14.067935999999998,0,2591700,24.477988,Delay-insensitive,1,1.75
215100,aM0ROONJMLKQ323l5OUQNzyqQxJFc1DbDIMHtZAAKQvRUVk4WHTHSP1wTTlOR/ZP,9.338468,11.47691,13.104058,0,2591700,24.477988,Delay-insensitive,1,1.75
215400,aM0ROONJMLKQ323l5OUQNzyqQxJFc1DbDIMHtZAAKQvRUVk4WHTHSP1wTTlOR/ZP,10.968393,12.32489,14.617826,0,2591700,24.477988,Delay-insensitive,1,1.75
215700,aM0ROONJMLKQ323l5OUQNzyqQxJFc1DbDIMHtZAAKQvRUVk4WHTHSP1wTTlOR/ZP,10.072113,12.047256,13.601818,0,2591700,24.477988,Delay-insensitive,1,1.75
216000,aM0ROONJMLKQ323l5OUQNzyqQxJFc1DbDIMHtZAAKQvRUVk4WHTHSP1wTTlOR/ZP,10.855667,12.373142,14.782898,0,2591700,24.477988,Delay-insensitive,1,1.75
216300,aM0ROONJMLKQ323l5OUQNzyqQxJFc1DbDIMHtZAAKQvRUVk4WHTHSP1wTTlOR/ZP,10.510387,11.874179,12.770541,0,2591700,24.477988,Delay-insensitive,1,1.75
216600,aM0ROONJMLKQ323l5OUQNzyqQxJFc1DbDIMHtZAAKQvRUVk4WHTHSP1wTTlOR/ZP,8.91961,12.324344,14.06722,0,2591700,24.477988,Delay-insensitive,1,1.75
216900,aM0ROONJMLKQ323l5OUQNzyqQxJFc1DbDIMHtZAAKQvRUVk4WHTHSP1wTTlOR/ZP,11.353355,15.121452,39.194183,0,2591700,24.477988,Delay-insensitive,1,1.75
217200,aM0ROONJMLKQ323l5OUQNzyqQxJFc1DbDIMHtZAAKQvRUVk4WHTHSP1wTTlOR/ZP,6.952216,11.426118,13.400531,0,2591700,24.477988,Delay-insensitive,1,1.75
217500,aM0ROONJMLKQ323l5OUQNzyqQxJFc1DbDIMHtZAAKQvRUVk4WHTHSP1wTTlOR/ZP,11.363287,12.74809,14.948546,0,2591700,24.477988,Delay-insensitive,1,1.75
217800,aM0ROONJMLKQ323l5OUQNzyqQxJFc1DbDIMHtZAAKQvRUVk4WHTHSP1wTTlOR/ZP,6.360924,12.189405,14.247796,0,2591700,24.477988,Delay-insensitive,1,1.75
218100,aM0ROONJMLKQ323l5OUQNzyqQxJFc1DbDIMHtZAAKQvRUVk4WHTHSP1wTTlOR/ZP,11.40668,13.762883,15.901941,0,2591700,24.477988,Delay-insensitive,1,1.75
218400,aM0ROONJMLKQ323l5OUQNzyqQxJFc1DbDIMHtZAAKQvRUVk4WHTHSP1wTTlOR/ZP,9.4317,12.104239,14.110703,0,2591700,24.477988,Delay-insensitive,1,1.75
218700,aM0ROONJMLKQ323l5OUQNzyqQxJFc1DbDIMHtZAAKQvRUVk4WHTHSP1wTTlOR/ZP,11.178598,11.990139,14.084545,0,2591700,24.477988,Delay-insensitive,1,1.75
219000,aM0ROONJMLKQ323l5OUQNzyqQxJFc1DbDIMHtZAAKQvRUVk4WHTHSP1wTTlOR/ZP,10.843823,12.801557,16.239568,0,2591700,24.477988,Delay-insensitive,1,1.75
219300,aM0ROONJMLKQ323l5OUQNzyqQxJFc1DbDIMHtZAAKQvRUVk4WHTHSP1wTTlOR/ZP,9.289708,12.460562,14.868170999999998,0,2591700,24.477988,Delay-insensitive,1,1.75
219600,aM0ROONJMLKQ323l5OUQNzyqQxJFc1DbDIMHtZAAKQvRUVk4WHTHSP1wTTlOR/ZP,11.020593,11.919029,13.507816,0,2591700,24.477988,Delay-insensitive,1,1.75
219900,aM0ROONJMLKQ323l5OUQNzyqQxJFc1DbDIMHtZAAKQvRUVk4WHTHSP1wTTlOR/ZP,10.881557,13.289701,15.552511,0,2591700,24.477988,Delay-insensitive,1,1.75
220200,aM0ROONJMLKQ323l5OUQNzyqQxJFc1DbDIMHtZAAKQvRUVk4WHTHSP1wTTlOR/ZP,11.284708,12.379168,14.886126,0,2591700,24.477988,Delay-insensitive,1,1.75
220500,aM0ROONJMLKQ323l5OUQNzyqQxJFc1DbDIMHtZAAKQvRUVk4WHTHSP1wTTlOR/ZP,10.903406,13.447184,21.698543,0,2591700,24.477988,Delay-insensitive,1,1.75
220800,aM0ROONJMLKQ323l5OUQNzyqQxJFc1DbDIMHtZAAKQvRUVk4WHTHSP1wTTlOR/ZP,11.18298,14.443398,32.391623,0,2591700,24.477988,Delay-insensitive,1,1.75
221100,aM0ROONJMLKQ323l5OUQNzyqQxJFc1DbDIMHtZAAKQvRUVk4WHTHSP1wTTlOR/ZP,11.266567,12.640228,13.715886,0,2591700,24.477988,Delay-insensitive,1,1.75
221400,aM0ROONJMLKQ323l5OUQNzyqQxJFc1DbDIMHtZAAKQvRUVk4WHTHSP1wTTlOR/ZP,11.032395,12.103994,13.006039,0,2591700,24.477988,Delay-insensitive,1,1.75
221700,aM0ROONJMLKQ323l5OUQNzyqQxJFc1DbDIMHtZAAKQvRUVk4WHTHSP1wTTlOR/ZP,10.605804,11.989413,12.69815,0,2591700,24.477988,Delay-insensitive,1,1.75
222000,aM0ROONJMLKQ323l5OUQNzyqQxJFc1DbDIMHtZAAKQvRUVk4WHTHSP1wTTlOR/ZP,11.016336,12.379587,14.195585,0,2591700,24.477988,Delay-insensitive,1,1.75
222300,aM0ROONJMLKQ323l5OUQNzyqQxJFc1DbDIMHtZAAKQvRUVk4WHTHSP1wTTlOR/ZP,10.19986,12.849433,13.762288,0,2591700,24.477988,Delay-insensitive,1,1.75
222600,aM0ROONJMLKQ323l5OUQNzyqQxJFc1DbDIMHtZAAKQvRUVk4WHTHSP1wTTlOR/ZP,9.638863,12.039701,13.810662,0,2591700,24.477988,Delay-insensitive,1,1.75
222900,aM0ROONJMLKQ323l5OUQNzyqQxJFc1DbDIMHtZAAKQvRUVk4WHTHSP1wTTlOR/ZP,11.252963,13.649978,15.225370000000002,0,2591700,24.477988,Delay-insensitive,1,1.75
223200,aM0ROONJMLKQ323l5OUQNzyqQxJFc1DbDIMHtZAAKQvRUVk4WHTHSP1wTTlOR/ZP,9.569748,12.653826,15.22717,0,2591700,24.477988,Delay-insensitive,1,1.75
223500,aM0ROONJMLKQ323l5OUQNzyqQxJFc1DbDIMHtZAAKQvRUVk4WHTHSP1wTTlOR/ZP,11.678977,13.45891,15.197379000000002,0,2591700,24.477988,Delay-insensitive,1,1.75
223800,aM0ROONJMLKQ323l5OUQNzyqQxJFc1DbDIMHtZAAKQvRUVk4WHTHSP1wTTlOR/ZP,11.369295,12.817552,15.068627,0,2591700,24.477988,Delay-insensitive,1,1.75
224100,aM0ROONJMLKQ323l5OUQNzyqQxJFc1DbDIMHtZAAKQvRUVk4WHTHSP1wTTlOR/ZP,12.105295,13.883441,16.82274,0,2591700,24.477988,Delay-insensitive,1,1.75
224400,aM0ROONJMLKQ323l5OUQNzyqQxJFc1DbDIMHtZAAKQvRUVk4WHTHSP1wTTlOR/ZP,10.859837,15.028574,38.500423,0,2591700,24.477988,Delay-insensitive,1,1.75
224700,aM0ROONJMLKQ323l5OUQNzyqQxJFc1DbDIMHtZAAKQvRUVk4WHTHSP1wTTlOR/ZP,7.243296000000001,12.464548,15.303407,0,2591700,24.477988,Delay-insensitive,1,1.75
225000,aM0ROONJMLKQ323l5OUQNzyqQxJFc1DbDIMHtZAAKQvRUVk4WHTHSP1wTTlOR/ZP,10.952337,12.65785,15.041572,0,2591700,24.477988,Delay-insensitive,1,1.75
225300,aM0ROONJMLKQ323l5OUQNzyqQxJFc1DbDIMHtZAAKQvRUVk4WHTHSP1wTTlOR/ZP,10.982263,12.491228,13.890235999999998,0,2591700,24.477988,Delay-insensitive,1,1.75
225600,aM0ROONJMLKQ323l5OUQNzyqQxJFc1DbDIMHtZAAKQvRUVk4WHTHSP1wTTlOR/ZP,10.923732,13.441023,15.987354000000002,0,2591700,24.477988,Delay-insensitive,1,1.75
225900,aM0ROONJMLKQ323l5OUQNzyqQxJFc1DbDIMHtZAAKQvRUVk4WHTHSP1wTTlOR/ZP,10.300365,11.955285,14.20963,0,2591700,24.477988,Delay-insensitive,1,1.75
226200,aM0ROONJMLKQ323l5OUQNzyqQxJFc1DbDIMHtZAAKQvRUVk4WHTHSP1wTTlOR/ZP,10.832409,12.524468,15.354499,0,2591700,24.477988,Delay-insensitive,1,1.75
226500,aM0ROONJMLKQ323l5OUQNzyqQxJFc1DbDIMHtZAAKQvRUVk4WHTHSP1wTTlOR/ZP,11.592541,13.996767000000002,17.522049,0,2591700,24.477988,Delay-insensitive,1,1.75
226800,aM0ROONJMLKQ323l5OUQNzyqQxJFc1DbDIMHtZAAKQvRUVk4WHTHSP1wTTlOR/ZP,11.428579,12.918538,14.74893,0,2591700,24.477988,Delay-insensitive,1,1.75
227100,aM0ROONJMLKQ323l5OUQNzyqQxJFc1DbDIMHtZAAKQvRUVk4WHTHSP1wTTlOR/ZP,10.02195,12.350284,14.179083,0,2591700,24.477988,Delay-insensitive,1,1.75
227400,aM0ROONJMLKQ323l5OUQNzyqQxJFc1DbDIMHtZAAKQvRUVk4WHTHSP1wTTlOR/ZP,11.540164,13.11508,18.809242,0,2591700,24.477988,Delay-insensitive,1,1.75
227700,aM0ROONJMLKQ323l5OUQNzyqQxJFc1DbDIMHtZAAKQvRUVk4WHTHSP1wTTlOR/ZP,11.657764,15.085839000000002,26.032272,0,2591700,24.477988,Delay-insensitive,1,1.75
228000,aM0ROONJMLKQ323l5OUQNzyqQxJFc1DbDIMHtZAAKQvRUVk4WHTHSP1wTTlOR/ZP,11.409375,14.822797,24.526277,0,2591700,24.477988,Delay-insensitive,1,1.75
228300,aM0ROONJMLKQ323l5OUQNzyqQxJFc1DbDIMHtZAAKQvRUVk4WHTHSP1wTTlOR/ZP,11.460866,12.617475,14.541232999999998,0,2591700,24.477988,Delay-insensitive,1,1.75
228600,aM0ROONJMLKQ323l5OUQNzyqQxJFc1DbDIMHtZAAKQvRUVk4WHTHSP1wTTlOR/ZP,11.985838,12.977545,14.529769,0,2591700,24.477988,Delay-insensitive,1,1.75
228900,aM0ROONJMLKQ323l5OUQNzyqQxJFc1DbDIMHtZAAKQvRUVk4WHTHSP1wTTlOR/ZP,10.823383,12.854841,14.548818,0,2591700,24.477988,Delay-insensitive,1,1.75
229200,aM0ROONJMLKQ323l5OUQNzyqQxJFc1DbDIMHtZAAKQvRUVk4WHTHSP1wTTlOR/ZP,11.734355,13.401134,15.256651000000002,0,2591700,24.477988,Delay-insensitive,1,1.75
229500,aM0ROONJMLKQ323l5OUQNzyqQxJFc1DbDIMHtZAAKQvRUVk4WHTHSP1wTTlOR/ZP,11.604424,12.291853,13.092751,0,2591700,24.477988,Delay-insensitive,1,1.75
229800,aM0ROONJMLKQ323l5OUQNzyqQxJFc1DbDIMHtZAAKQvRUVk4WHTHSP1wTTlOR/ZP,11.254987,12.201608,13.328232,0,2591700,24.477988,Delay-insensitive,1,1.75
230100,aM0ROONJMLKQ323l5OUQNzyqQxJFc1DbDIMHtZAAKQvRUVk4WHTHSP1wTTlOR/ZP,11.681465,12.696587,14.046813,0,2591700,24.477988,Delay-insensitive,1,1.75
230400,aM0ROONJMLKQ323l5OUQNzyqQxJFc1DbDIMHtZAAKQvRUVk4WHTHSP1wTTlOR/ZP,11.38015,12.500332,14.419125,0,2591700,24.477988,Delay-insensitive,1,1.75
230700,aM0ROONJMLKQ323l5OUQNzyqQxJFc1DbDIMHtZAAKQvRUVk4WHTHSP1wTTlOR/ZP,11.839228,13.488133,15.621148000000002,0,2591700,24.477988,Delay-insensitive,1,1.75
231000,aM0ROONJMLKQ323l5OUQNzyqQxJFc1DbDIMHtZAAKQvRUVk4WHTHSP1wTTlOR/ZP,11.275784,13.119293,14.57443,0,2591700,24.477988,Delay-insensitive,1,1.75
231300,aM0ROONJMLKQ323l5OUQNzyqQxJFc1DbDIMHtZAAKQvRUVk4WHTHSP1wTTlOR/ZP,9.977016,13.084805,15.989832,0,2591700,24.477988,Delay-insensitive,1,1.75
231600,aM0ROONJMLKQ323l5OUQNzyqQxJFc1DbDIMHtZAAKQvRUVk4WHTHSP1wTTlOR/ZP,11.695419,15.65235,37.809365,0,2591700,24.477988,Delay-insensitive,1,1.75
231900,aM0ROONJMLKQ323l5OUQNzyqQxJFc1DbDIMHtZAAKQvRUVk4WHTHSP1wTTlOR/ZP,9.582424,12.514331,14.161442999999998,0,2591700,24.477988,Delay-insensitive,1,1.75
232200,aM0ROONJMLKQ323l5OUQNzyqQxJFc1DbDIMHtZAAKQvRUVk4WHTHSP1wTTlOR/ZP,12.461798,14.233141,15.742556,0,2591700,24.477988,Delay-insensitive,1,1.75
232500,aM0ROONJMLKQ323l5OUQNzyqQxJFc1DbDIMHtZAAKQvRUVk4WHTHSP1wTTlOR/ZP,11.583251,13.634525,16.850652,0,2591700,24.477988,Delay-insensitive,1,1.75
232800,aM0ROONJMLKQ323l5OUQNzyqQxJFc1DbDIMHtZAAKQvRUVk4WHTHSP1wTTlOR/ZP,11.287414,14.473437,15.947359,0,2591700,24.477988,Delay-insensitive,1,1.75
233100,aM0ROONJMLKQ323l5OUQNzyqQxJFc1DbDIMHtZAAKQvRUVk4WHTHSP1wTTlOR/ZP,11.427577,13.273217,16.662814,0,2591700,24.477988,Delay-insensitive,1,1.75
233400,aM0ROONJMLKQ323l5OUQNzyqQxJFc1DbDIMHtZAAKQvRUVk4WHTHSP1wTTlOR/ZP,12.149117,14.312658,18.055084,0,2591700,24.477988,Delay-insensitive,1,1.75
233700,aM0ROONJMLKQ323l5OUQNzyqQxJFc1DbDIMHtZAAKQvRUVk4WHTHSP1wTTlOR/ZP,10.879607,12.320387,13.529387,0,2591700,24.477988,Delay-insensitive,1,1.75
234000,aM0ROONJMLKQ323l5OUQNzyqQxJFc1DbDIMHtZAAKQvRUVk4WHTHSP1wTTlOR/ZP,10.462001,13.349671,14.911366,0,2591700,24.477988,Delay-insensitive,1,1.75
234300,aM0ROONJMLKQ323l5OUQNzyqQxJFc1DbDIMHtZAAKQvRUVk4WHTHSP1wTTlOR/ZP,10.766217,12.718753,16.01964,0,2591700,24.477988,Delay-insensitive,1,1.75
234600,aM0ROONJMLKQ323l5OUQNzyqQxJFc1DbDIMHtZAAKQvRUVk4WHTHSP1wTTlOR/ZP,11.111298,12.907137,14.687722,0,2591700,24.477988,Delay-insensitive,1,1.75
234900,aM0ROONJMLKQ323l5OUQNzyqQxJFc1DbDIMHtZAAKQvRUVk4WHTHSP1wTTlOR/ZP,11.597239,13.042227,14.893909,0,2591700,24.477988,Delay-insensitive,1,1.75
235200,aM0ROONJMLKQ323l5OUQNzyqQxJFc1DbDIMHtZAAKQvRUVk4WHTHSP1wTTlOR/ZP,10.485346,19.902883,75.980311,0,2591700,24.477988,Delay-insensitive,1,1.75
235500,aM0ROONJMLKQ323l5OUQNzyqQxJFc1DbDIMHtZAAKQvRUVk4WHTHSP1wTTlOR/ZP,11.46165,12.585528,14.597292,0,2591700,24.477988,Delay-insensitive,1,1.75
235800,aM0ROONJMLKQ323l5OUQNzyqQxJFc1DbDIMHtZAAKQvRUVk4WHTHSP1wTTlOR/ZP,11.28255,12.50727,13.582828,0,2591700,24.477988,Delay-insensitive,1,1.75
236100,aM0ROONJMLKQ323l5OUQNzyqQxJFc1DbDIMHtZAAKQvRUVk4WHTHSP1wTTlOR/ZP,10.749964,12.579152,16.457929,0,2591700,24.477988,Delay-insensitive,1,1.75
236400,aM0ROONJMLKQ323l5OUQNzyqQxJFc1DbDIMHtZAAKQvRUVk4WHTHSP1wTTlOR/ZP,10.781254,12.281132,14.575792000000002,0,2591700,24.477988,Delay-insensitive,1,1.75
236700,aM0ROONJMLKQ323l5OUQNzyqQxJFc1DbDIMHtZAAKQvRUVk4WHTHSP1wTTlOR/ZP,11.030518,13.532146,18.564132,0,2591700,24.477988,Delay-insensitive,1,1.75
237000,aM0ROONJMLKQ323l5OUQNzyqQxJFc1DbDIMHtZAAKQvRUVk4WHTHSP1wTTlOR/ZP,11.454083,12.843072,14.659216,0,2591700,24.477988,Delay-insensitive,1,1.75
237300,aM0ROONJMLKQ323l5OUQNzyqQxJFc1DbDIMHtZAAKQvRUVk4WHTHSP1wTTlOR/ZP,11.35769,12.494062,13.25396,0,2591700,24.477988,Delay-insensitive,1,1.75
237600,aM0ROONJMLKQ323l5OUQNzyqQxJFc1DbDIMHtZAAKQvRUVk4WHTHSP1wTTlOR/ZP,11.22601,12.625082,15.159537,0,2591700,24.477988,Delay-insensitive,1,1.75
237900,aM0ROONJMLKQ323l5OUQNzyqQxJFc1DbDIMHtZAAKQvRUVk4WHTHSP1wTTlOR/ZP,10.657152,12.231145,13.915904,0,2591700,24.477988,Delay-insensitive,1,1.75
238200,aM0ROONJMLKQ323l5OUQNzyqQxJFc1DbDIMHtZAAKQvRUVk4WHTHSP1wTTlOR/ZP,11.585749,12.797449,14.05825,0,2591700,24.477988,Delay-insensitive,1,1.75
238500,aM0ROONJMLKQ323l5OUQNzyqQxJFc1DbDIMHtZAAKQvRUVk4WHTHSP1wTTlOR/ZP,11.221678,12.824036,15.543545000000002,0,2591700,24.477988,Delay-insensitive,1,1.75
238800,aM0ROONJMLKQ323l5OUQNzyqQxJFc1DbDIMHtZAAKQvRUVk4WHTHSP1wTTlOR/ZP,10.830091,14.996217,35.681639000000004,0,2591700,24.477988,Delay-insensitive,1,1.75
239100,aM0ROONJMLKQ323l5OUQNzyqQxJFc1DbDIMHtZAAKQvRUVk4WHTHSP1wTTlOR/ZP,11.220332,12.971879,15.579254999999998,0,2591700,24.477988,Delay-insensitive,1,1.75
239400,aM0ROONJMLKQ323l5OUQNzyqQxJFc1DbDIMHtZAAKQvRUVk4WHTHSP1wTTlOR/ZP,10.016268,12.463181,18.433424,0,2591700,24.477988,Delay-insensitive,1,1.75
239700,aM0ROONJMLKQ323l5OUQNzyqQxJFc1DbDIMHtZAAKQvRUVk4WHTHSP1wTTlOR/ZP,11.139267,12.833927,15.645147,0,2591700,24.477988,Delay-insensitive,1,1.75
240000,aM0ROONJMLKQ323l5OUQNzyqQxJFc1DbDIMHtZAAKQvRUVk4WHTHSP1wTTlOR/ZP,11.079712,13.190218,19.499734,0,2591700,24.477988,Delay-insensitive,1,1.75
240300,aM0ROONJMLKQ323l5OUQNzyqQxJFc1DbDIMHtZAAKQvRUVk4WHTHSP1wTTlOR/ZP,11.162623,12.463307,13.503683,0,2591700,24.477988,Delay-insensitive,1,1.75
240600,aM0ROONJMLKQ323l5OUQNzyqQxJFc1DbDIMHtZAAKQvRUVk4WHTHSP1wTTlOR/ZP,11.104552,12.400817,14.832531,0,2591700,24.477988,Delay-insensitive,1,1.75
240900,aM0ROONJMLKQ323l5OUQNzyqQxJFc1DbDIMHtZAAKQvRUVk4WHTHSP1wTTlOR/ZP,12.757514,13.542148,15.004934,0,2591700,24.477988,Delay-insensitive,1,1.75
241200,aM0ROONJMLKQ323l5OUQNzyqQxJFc1DbDIMHtZAAKQvRUVk4WHTHSP1wTTlOR/ZP,11.369138,12.524396,14.212246,0,2591700,24.477988,Delay-insensitive,1,1.75
241500,aM0ROONJMLKQ323l5OUQNzyqQxJFc1DbDIMHtZAAKQvRUVk4WHTHSP1wTTlOR/ZP,10.39855,13.074554,22.080515,0,2591700,24.477988,Delay-insensitive,1,1.75
241800,aM0ROONJMLKQ323l5OUQNzyqQxJFc1DbDIMHtZAAKQvRUVk4WHTHSP1wTTlOR/ZP,11.862139,12.950213,14.222028,0,2591700,24.477988,Delay-insensitive,1,1.75
242100,aM0ROONJMLKQ323l5OUQNzyqQxJFc1DbDIMHtZAAKQvRUVk4WHTHSP1wTTlOR/ZP,10.874003,11.703421,12.762709,0,2591700,24.477988,Delay-insensitive,1,1.75
242400,aM0ROONJMLKQ323l5OUQNzyqQxJFc1DbDIMHtZAAKQvRUVk4WHTHSP1wTTlOR/ZP,10.622506,14.57855,23.958492,0,2591700,24.477988,Delay-insensitive,1,1.75
242700,aM0ROONJMLKQ323l5OUQNzyqQxJFc1DbDIMHtZAAKQvRUVk4WHTHSP1wTTlOR/ZP,11.025977,12.822924,14.961164000000002,0,2591700,24.477988,Delay-insensitive,1,1.75
243000,aM0ROONJMLKQ323l5OUQNzyqQxJFc1DbDIMHtZAAKQvRUVk4WHTHSP1wTTlOR/ZP,11.112458,12.595403999999998,14.24266,0,2591700,24.477988,Delay-insensitive,1,1.75
243300,aM0ROONJMLKQ323l5OUQNzyqQxJFc1DbDIMHtZAAKQvRUVk4WHTHSP1wTTlOR/ZP,11.038367,12.756704,14.305414,0,2591700,24.477988,Delay-insensitive,1,1.75
243600,aM0ROONJMLKQ323l5OUQNzyqQxJFc1DbDIMHtZAAKQvRUVk4WHTHSP1wTTlOR/ZP,10.377387,11.951946,13.613607,0,2591700,24.477988,Delay-insensitive,1,1.75
243900,aM0ROONJMLKQ323l5OUQNzyqQxJFc1DbDIMHtZAAKQvRUVk4WHTHSP1wTTlOR/ZP,10.871499,12.194132000000002,12.833731,0,2591700,24.477988,Delay-insensitive,1,1.75
244200,aM0ROONJMLKQ323l5OUQNzyqQxJFc1DbDIMHtZAAKQvRUVk4WHTHSP1wTTlOR/ZP,11.385915,12.46658,13.256314,0,2591700,24.477988,Delay-insensitive,1,1.75
244500,aM0ROONJMLKQ323l5OUQNzyqQxJFc1DbDIMHtZAAKQvRUVk4WHTHSP1wTTlOR/ZP,10.94856,12.108953,13.263762,0,2591700,24.477988,Delay-insensitive,1,1.75
244800,aM0ROONJMLKQ323l5OUQNzyqQxJFc1DbDIMHtZAAKQvRUVk4WHTHSP1wTTlOR/ZP,10.795043,11.870334,13.160144,0,2591700,24.477988,Delay-insensitive,1,1.75
245100,aM0ROONJMLKQ323l5OUQNzyqQxJFc1DbDIMHtZAAKQvRUVk4WHTHSP1wTTlOR/ZP,10.508834,12.386024,14.564701,0,2591700,24.477988,Delay-insensitive,1,1.75
245400,aM0ROONJMLKQ323l5OUQNzyqQxJFc1DbDIMHtZAAKQvRUVk4WHTHSP1wTTlOR/ZP,10.566698,12.881317,14.948569,0,2591700,24.477988,Delay-insensitive,1,1.75
245700,aM0ROONJMLKQ323l5OUQNzyqQxJFc1DbDIMHtZAAKQvRUVk4WHTHSP1wTTlOR/ZP,11.413909,14.232476,17.001874,0,2591700,24.477988,Delay-insensitive,1,1.75
246000,aM0ROONJMLKQ323l5OUQNzyqQxJFc1DbDIMHtZAAKQvRUVk4WHTHSP1wTTlOR/ZP,11.551962,16.041161,38.284573,0,2591700,24.477988,Delay-insensitive,1,1.75
246300,aM0ROONJMLKQ323l5OUQNzyqQxJFc1DbDIMHtZAAKQvRUVk4WHTHSP1wTTlOR/ZP,11.554139,13.156004,14.859679000000002,0,2591700,24.477988,Delay-insensitive,1,1.75
246600,aM0ROONJMLKQ323l5OUQNzyqQxJFc1DbDIMHtZAAKQvRUVk4WHTHSP1wTTlOR/ZP,10.595887,12.888294,15.965018,0,2591700,24.477988,Delay-insensitive,1,1.75
246900,aM0ROONJMLKQ323l5OUQNzyqQxJFc1DbDIMHtZAAKQvRUVk4WHTHSP1wTTlOR/ZP,10.95853,12.865377,14.574684,0,2591700,24.477988,Delay-insensitive,1,1.75
247200,aM0ROONJMLKQ323l5OUQNzyqQxJFc1DbDIMHtZAAKQvRUVk4WHTHSP1wTTlOR/ZP,10.96599,12.259834,14.479991,0,2591700,24.477988,Delay-insensitive,1,1.75
247500,aM0ROONJMLKQ323l5OUQNzyqQxJFc1DbDIMHtZAAKQvRUVk4WHTHSP1wTTlOR/ZP,11.640899,12.951445,15.669456,0,2591700,24.477988,Delay-insensitive,1,1.75
247800,aM0ROONJMLKQ323l5OUQNzyqQxJFc1DbDIMHtZAAKQvRUVk4WHTHSP1wTTlOR/ZP,11.061857,12.109004,14.269315,0,2591700,24.477988,Delay-insensitive,1,1.75
248100,aM0ROONJMLKQ323l5OUQNzyqQxJFc1DbDIMHtZAAKQvRUVk4WHTHSP1wTTlOR/ZP,11.12233,13.144904,17.575837,0,2591700,24.477988,Delay-insensitive,1,1.75
248400,aM0ROONJMLKQ323l5OUQNzyqQxJFc1DbDIMHtZAAKQvRUVk4WHTHSP1wTTlOR/ZP,10.899253,11.923509,13.998267000000002,0,2591700,24.477988,Delay-insensitive,1,1.75
248700,aM0ROONJMLKQ323l5OUQNzyqQxJFc1DbDIMHtZAAKQvRUVk4WHTHSP1wTTlOR/ZP,10.714802,12.731869,15.535773999999998,0,2591700,24.477988,Delay-insensitive,1,1.75
249000,aM0ROONJMLKQ323l5OUQNzyqQxJFc1DbDIMHtZAAKQvRUVk4WHTHSP1wTTlOR/ZP,10.386456,12.774994,14.559196,0,2591700,24.477988,Delay-insensitive,1,1.75
249300,aM0ROONJMLKQ323l5OUQNzyqQxJFc1DbDIMHtZAAKQvRUVk4WHTHSP1wTTlOR/ZP,10.710454,11.53832,13.242542000000002,0,2591700,24.477988,Delay-insensitive,1,1.75
249600,aM0ROONJMLKQ323l5OUQNzyqQxJFc1DbDIMHtZAAKQvRUVk4WHTHSP1wTTlOR/ZP,10.217883,14.341472,23.086734,0,2591700,24.477988,Delay-insensitive,1,1.75
249900,aM0ROONJMLKQ323l5OUQNzyqQxJFc1DbDIMHtZAAKQvRUVk4WHTHSP1wTTlOR/ZP,11.216067,12.10455,15.555098,0,2591700,24.477988,Delay-insensitive,1,1.75
250200,aM0ROONJMLKQ323l5OUQNzyqQxJFc1DbDIMHtZAAKQvRUVk4WHTHSP1wTTlOR/ZP,6.860075,11.803025,14.321537,0,2591700,24.477988,Delay-insensitive,1,1.75
250500,aM0ROONJMLKQ323l5OUQNzyqQxJFc1DbDIMHtZAAKQvRUVk4WHTHSP1wTTlOR/ZP,11.564284,12.576399,14.995585,0,2591700,24.477988,Delay-insensitive,1,1.75
250800,aM0ROONJMLKQ323l5OUQNzyqQxJFc1DbDIMHtZAAKQvRUVk4WHTHSP1wTTlOR/ZP,8.628696000000001,11.89941,13.103516,0,2591700,24.477988,Delay-insensitive,1,1.75
251100,aM0ROONJMLKQ323l5OUQNzyqQxJFc1DbDIMHtZAAKQvRUVk4WHTHSP1wTTlOR/ZP,11.477464,12.231792,13.674732999999998,0,2591700,24.477988,Delay-insensitive,1,1.75
251400,aM0ROONJMLKQ323l5OUQNzyqQxJFc1DbDIMHtZAAKQvRUVk4WHTHSP1wTTlOR/ZP,9.223158,11.950093,13.781885999999998,0,2591700,24.477988,Delay-insensitive,1,1.75
251700,aM0ROONJMLKQ323l5OUQNzyqQxJFc1DbDIMHtZAAKQvRUVk4WHTHSP1wTTlOR/ZP,11.481127,12.371751,14.850542,0,2591700,24.477988,Delay-insensitive,1,1.75
252000,aM0ROONJMLKQ323l5OUQNzyqQxJFc1DbDIMHtZAAKQvRUVk4WHTHSP1wTTlOR/ZP,10.335041,11.929852,13.480997,0,2591700,24.477988,Delay-insensitive,1,1.75
252300,aM0ROONJMLKQ323l5OUQNzyqQxJFc1DbDIMHtZAAKQvRUVk4WHTHSP1wTTlOR/ZP,8.886523,11.728438,12.921584,0,2591700,24.477988,Delay-insensitive,1,1.75
252600,aM0ROONJMLKQ323l5OUQNzyqQxJFc1DbDIMHtZAAKQvRUVk4WHTHSP1wTTlOR/ZP,11.329001,12.572775,14.301865,0,2591700,24.477988,Delay-insensitive,1,1.75
252900,aM0ROONJMLKQ323l5OUQNzyqQxJFc1DbDIMHtZAAKQvRUVk4WHTHSP1wTTlOR/ZP,11.187895,13.749984,17.915988,0,2591700,24.477988,Delay-insensitive,1,1.75
253200,aM0ROONJMLKQ323l5OUQNzyqQxJFc1DbDIMHtZAAKQvRUVk4WHTHSP1wTTlOR/ZP,11.549828,14.364598999999998,34.252953000000005,0,2591700,24.477988,Delay-insensitive,1,1.75
253500,aM0ROONJMLKQ323l5OUQNzyqQxJFc1DbDIMHtZAAKQvRUVk4WHTHSP1wTTlOR/ZP,11.07352,13.907987,27.768802,0,2591700,24.477988,Delay-insensitive,1,1.75
253800,aM0ROONJMLKQ323l5OUQNzyqQxJFc1DbDIMHtZAAKQvRUVk4WHTHSP1wTTlOR/ZP,10.696534,12.088772,13.581781,0,2591700,24.477988,Delay-insensitive,1,1.75
254100,aM0ROONJMLKQ323l5OUQNzyqQxJFc1DbDIMHtZAAKQvRUVk4WHTHSP1wTTlOR/ZP,8.601465,12.172291,13.610742000000002,0,2591700,24.477988,Delay-insensitive,1,1.75
254400,aM0ROONJMLKQ323l5OUQNzyqQxJFc1DbDIMHtZAAKQvRUVk4WHTHSP1wTTlOR/ZP,10.751706,12.26586,13.512856,0,2591700,24.477988,Delay-insensitive,1,1.75
254700,aM0ROONJMLKQ323l5OUQNzyqQxJFc1DbDIMHtZAAKQvRUVk4WHTHSP1wTTlOR/ZP,9.153948,11.711088,13.755810999999998,0,2591700,24.477988,Delay-insensitive,1,1.75
255000,aM0ROONJMLKQ323l5OUQNzyqQxJFc1DbDIMHtZAAKQvRUVk4WHTHSP1wTTlOR/ZP,10.830978,11.97182,13.922363,0,2591700,24.477988,Delay-insensitive,1,1.75
255300,aM0ROONJMLKQ323l5OUQNzyqQxJFc1DbDIMHtZAAKQvRUVk4WHTHSP1wTTlOR/ZP,11.397124,12.510463,13.936123,0,2591700,24.477988,Delay-insensitive,1,1.75
255600,aM0ROONJMLKQ323l5OUQNzyqQxJFc1DbDIMHtZAAKQvRUVk4WHTHSP1wTTlOR/ZP,10.718039,12.227614,14.829985,0,2591700,24.477988,Delay-insensitive,1,1.75
255900,aM0ROONJMLKQ323l5OUQNzyqQxJFc1DbDIMHtZAAKQvRUVk4WHTHSP1wTTlOR/ZP,10.473058,12.035939,13.560553,0,2591700,24.477988,Delay-insensitive,1,1.75
256200,aM0ROONJMLKQ323l5OUQNzyqQxJFc1DbDIMHtZAAKQvRUVk4WHTHSP1wTTlOR/ZP,8.788105999999999,11.411528,12.526662,0,2591700,24.477988,Delay-insensitive,1,1.75
256500,aM0ROONJMLKQ323l5OUQNzyqQxJFc1DbDIMHtZAAKQvRUVk4WHTHSP1wTTlOR/ZP,11.231407,12.176764,13.748066,0,2591700,24.477988,Delay-insensitive,1,1.75
256800,aM0ROONJMLKQ323l5OUQNzyqQxJFc1DbDIMHtZAAKQvRUVk4WHTHSP1wTTlOR/ZP,10.165921,14.040714,25.906535,0,2591700,24.477988,Delay-insensitive,1,1.75
257100,aM0ROONJMLKQ323l5OUQNzyqQxJFc1DbDIMHtZAAKQvRUVk4WHTHSP1wTTlOR/ZP,10.801954,11.762471,13.516551000000002,0,2591700,24.477988,Delay-insensitive,1,1.75
257400,aM0ROONJMLKQ323l5OUQNzyqQxJFc1DbDIMHtZAAKQvRUVk4WHTHSP1wTTlOR/ZP,11.544893,12.01048,12.396934,0,2591700,24.477988,Delay-insensitive,1,1.75
257700,aM0ROONJMLKQ323l5OUQNzyqQxJFc1DbDIMHtZAAKQvRUVk4WHTHSP1wTTlOR/ZP,11.216764,12.190377,14.200722,0,2591700,24.477988,Delay-insensitive,1,1.75
258000,aM0ROONJMLKQ323l5OUQNzyqQxJFc1DbDIMHtZAAKQvRUVk4WHTHSP1wTTlOR/ZP,10.609467,11.76233,13.577327,0,2591700,24.477988,Delay-insensitive,1,1.75
258300,aM0ROONJMLKQ323l5OUQNzyqQxJFc1DbDIMHtZAAKQvRUVk4WHTHSP1wTTlOR/ZP,10.932652,12.165263,13.905564000000002,0,2591700,24.477988,Delay-insensitive,1,1.75
258600,aM0ROONJMLKQ323l5OUQNzyqQxJFc1DbDIMHtZAAKQvRUVk4WHTHSP1wTTlOR/ZP,10.624651,11.912887,13.294998,0,2591700,24.477988,Delay-insensitive,1,1.75
258900,aM0ROONJMLKQ323l5OUQNzyqQxJFc1DbDIMHtZAAKQvRUVk4WHTHSP1wTTlOR/ZP,11.114307,12.214181,14.06479,0,2591700,24.477988,Delay-insensitive,1,1.75
259200,aM0ROONJMLKQ323l5OUQNzyqQxJFc1DbDIMHtZAAKQvRUVk4WHTHSP1wTTlOR/ZP,11.200735,12.265119,13.483707999999998,0,2591700,24.477988,Delay-insensitive,1,1.75
259500,aM0ROONJMLKQ323l5OUQNzyqQxJFc1DbDIMHtZAAKQvRUVk4WHTHSP1wTTlOR/ZP,10.975799,11.847562,13.43759,0,2591700,24.477988,Delay-insensitive,1,1.75
259800,aM0ROONJMLKQ323l5OUQNzyqQxJFc1DbDIMHtZAAKQvRUVk4WHTHSP1wTTlOR/ZP,10.754081,11.948521,13.475663,0,2591700,24.477988,Delay-insensitive,1,1.75
260100,aM0ROONJMLKQ323l5OUQNzyqQxJFc1DbDIMHtZAAKQvRUVk4WHTHSP1wTTlOR/ZP,11.222277,12.438271,15.077724,0,2591700,24.477988,Delay-insensitive,1,1.75
260400,aM0ROONJMLKQ323l5OUQNzyqQxJFc1DbDIMHtZAAKQvRUVk4WHTHSP1wTTlOR/ZP,10.5966,14.51212,35.695966,0,2591700,24.477988,Delay-insensitive,1,1.75
260700,aM0ROONJMLKQ323l5OUQNzyqQxJFc1DbDIMHtZAAKQvRUVk4WHTHSP1wTTlOR/ZP,11.179955,12.367924,15.153207,0,2591700,24.477988,Delay-insensitive,1,1.75
261000,aM0ROONJMLKQ323l5OUQNzyqQxJFc1DbDIMHtZAAKQvRUVk4WHTHSP1wTTlOR/ZP,10.603531,13.108501,14.850667,0,2591700,24.477988,Delay-insensitive,1,1.75
261300,aM0ROONJMLKQ323l5OUQNzyqQxJFc1DbDIMHtZAAKQvRUVk4WHTHSP1wTTlOR/ZP,10.680088,12.828048,14.72263,0,2591700,24.477988,Delay-insensitive,1,1.75
261600,aM0ROONJMLKQ323l5OUQNzyqQxJFc1DbDIMHtZAAKQvRUVk4WHTHSP1wTTlOR/ZP,10.990349,11.927822,14.498379000000002,0,2591700,24.477988,Delay-insensitive,1,1.75
261900,aM0ROONJMLKQ323l5OUQNzyqQxJFc1DbDIMHtZAAKQvRUVk4WHTHSP1wTTlOR/ZP,10.856069,11.899976,12.92981,0,2591700,24.477988,Delay-insensitive,1,1.75
262200,aM0ROONJMLKQ323l5OUQNzyqQxJFc1DbDIMHtZAAKQvRUVk4WHTHSP1wTTlOR/ZP,10.334814,12.345953,14.917658,0,2591700,24.477988,Delay-insensitive,1,1.75
262500,aM0ROONJMLKQ323l5OUQNzyqQxJFc1DbDIMHtZAAKQvRUVk4WHTHSP1wTTlOR/ZP,11.456104,12.833631,14.960387,0,2591700,24.477988,Delay-insensitive,1,1.75
262800,aM0ROONJMLKQ323l5OUQNzyqQxJFc1DbDIMHtZAAKQvRUVk4WHTHSP1wTTlOR/ZP,10.124164,11.841627,13.414049,0,2591700,24.477988,Delay-insensitive,1,1.75
263100,aM0ROONJMLKQ323l5OUQNzyqQxJFc1DbDIMHtZAAKQvRUVk4WHTHSP1wTTlOR/ZP,10.968965,12.002873,15.870136,0,2591700,24.477988,Delay-insensitive,1,1.75
263400,aM0ROONJMLKQ323l5OUQNzyqQxJFc1DbDIMHtZAAKQvRUVk4WHTHSP1wTTlOR/ZP,10.547224,11.742992,13.680807,0,2591700,24.477988,Delay-insensitive,1,1.75
263700,aM0ROONJMLKQ323l5OUQNzyqQxJFc1DbDIMHtZAAKQvRUVk4WHTHSP1wTTlOR/ZP,10.561345,12.52094,14.952241,0,2591700,24.477988,Delay-insensitive,1,1.75
264000,aM0ROONJMLKQ323l5OUQNzyqQxJFc1DbDIMHtZAAKQvRUVk4WHTHSP1wTTlOR/ZP,10.025237,14.039477,23.174471,0,2591700,24.477988,Delay-insensitive,1,1.75
264300,aM0ROONJMLKQ323l5OUQNzyqQxJFc1DbDIMHtZAAKQvRUVk4WHTHSP1wTTlOR/ZP,10.794139,12.46954,15.234445999999998,0,2591700,24.477988,Delay-insensitive,1,1.75
264600,aM0ROONJMLKQ323l5OUQNzyqQxJFc1DbDIMHtZAAKQvRUVk4WHTHSP1wTTlOR/ZP,11.422985,12.635168,14.759919,0,2591700,24.477988,Delay-insensitive,1,1.75
264900,aM0ROONJMLKQ323l5OUQNzyqQxJFc1DbDIMHtZAAKQvRUVk4WHTHSP1wTTlOR/ZP,8.89353,11.319619,13.001304,0,2591700,24.477988,Delay-insensitive,1,1.75
265200,aM0ROONJMLKQ323l5OUQNzyqQxJFc1DbDIMHtZAAKQvRUVk4WHTHSP1wTTlOR/ZP,10.420725,12.063317,13.909254999999998,0,2591700,24.477988,Delay-insensitive,1,1.75
265500,aM0ROONJMLKQ323l5OUQNzyqQxJFc1DbDIMHtZAAKQvRUVk4WHTHSP1wTTlOR/ZP,10.741296,12.12021,14.560329,0,2591700,24.477988,Delay-insensitive,1,1.75
265800,aM0ROONJMLKQ323l5OUQNzyqQxJFc1DbDIMHtZAAKQvRUVk4WHTHSP1wTTlOR/ZP,8.905207,11.057669,12.891072,0,2591700,24.477988,Delay-insensitive,1,1.75
266100,aM0ROONJMLKQ323l5OUQNzyqQxJFc1DbDIMHtZAAKQvRUVk4WHTHSP1wTTlOR/ZP,11.06809,12.429048,14.022256,0,2591700,24.477988,Delay-insensitive,1,1.75
266400,aM0ROONJMLKQ323l5OUQNzyqQxJFc1DbDIMHtZAAKQvRUVk4WHTHSP1wTTlOR/ZP,10.325716,12.02604,13.439625,0,2591700,24.477988,Delay-insensitive,1,1.75
266700,aM0ROONJMLKQ323l5OUQNzyqQxJFc1DbDIMHtZAAKQvRUVk4WHTHSP1wTTlOR/ZP,10.915876,12.559808,14.565949,0,2591700,24.477988,Delay-insensitive,1,1.75
267000,aM0ROONJMLKQ323l5OUQNzyqQxJFc1DbDIMHtZAAKQvRUVk4WHTHSP1wTTlOR/ZP,9.66566,12.734668,16.263752,0,2591700,24.477988,Delay-insensitive,1,1.75
267300,aM0ROONJMLKQ323l5OUQNzyqQxJFc1DbDIMHtZAAKQvRUVk4WHTHSP1wTTlOR/ZP,10.570003,13.695636,18.483066,0,2591700,24.477988,Delay-insensitive,1,1.75
267600,aM0ROONJMLKQ323l5OUQNzyqQxJFc1DbDIMHtZAAKQvRUVk4WHTHSP1wTTlOR/ZP,10.754391,14.895087,35.488564000000004,0,2591700,24.477988,Delay-insensitive,1,1.75
267900,aM0ROONJMLKQ323l5OUQNzyqQxJFc1DbDIMHtZAAKQvRUVk4WHTHSP1wTTlOR/ZP,10.716644,12.190741,14.4786,0,2591700,24.477988,Delay-insensitive,1,1.75
268200,aM0ROONJMLKQ323l5OUQNzyqQxJFc1DbDIMHtZAAKQvRUVk4WHTHSP1wTTlOR/ZP,11.436155,13.142995999999998,16.778843,0,2591700,24.477988,Delay-insensitive,1,1.75
268500,aM0ROONJMLKQ323l5OUQNzyqQxJFc1DbDIMHtZAAKQvRUVk4WHTHSP1wTTlOR/ZP,11.079854,12.846666,17.201406,0,2591700,24.477988,Delay-insensitive,1,1.75
268800,aM0ROONJMLKQ323l5OUQNzyqQxJFc1DbDIMHtZAAKQvRUVk4WHTHSP1wTTlOR/ZP,10.813413,12.622316,14.132151,0,2591700,24.477988,Delay-insensitive,1,1.75
269100,aM0ROONJMLKQ323l5OUQNzyqQxJFc1DbDIMHtZAAKQvRUVk4WHTHSP1wTTlOR/ZP,10.461586,12.51685,16.866918,0,2591700,24.477988,Delay-insensitive,1,1.75
269400,aM0ROONJMLKQ323l5OUQNzyqQxJFc1DbDIMHtZAAKQvRUVk4WHTHSP1wTTlOR/ZP,10.854001,12.794942,14.341153,0,2591700,24.477988,Delay-insensitive,1,1.75
269700,aM0ROONJMLKQ323l5OUQNzyqQxJFc1DbDIMHtZAAKQvRUVk4WHTHSP1wTTlOR/ZP,11.144456,12.156545,13.617971,0,2591700,24.477988,Delay-insensitive,1,1.75
270000,aM0ROONJMLKQ323l5OUQNzyqQxJFc1DbDIMHtZAAKQvRUVk4WHTHSP1wTTlOR/ZP,10.560798,12.256799,14.085285,0,2591700,24.477988,Delay-insensitive,1,1.75
270300,aM0ROONJMLKQ323l5OUQNzyqQxJFc1DbDIMHtZAAKQvRUVk4WHTHSP1wTTlOR/ZP,11.393769,12.773612,17.471763,0,2591700,24.477988,Delay-insensitive,1,1.75
270600,aM0ROONJMLKQ323l5OUQNzyqQxJFc1DbDIMHtZAAKQvRUVk4WHTHSP1wTTlOR/ZP,10.776485,12.496665,15.781552,0,2591700,24.477988,Delay-insensitive,1,1.75
270900,aM0ROONJMLKQ323l5OUQNzyqQxJFc1DbDIMHtZAAKQvRUVk4WHTHSP1wTTlOR/ZP,10.940374,12.296151,13.564209,0,2591700,24.477988,Delay-insensitive,1,1.75
271200,aM0ROONJMLKQ323l5OUQNzyqQxJFc1DbDIMHtZAAKQvRUVk4WHTHSP1wTTlOR/ZP,11.241179,14.597574,27.25682,0,2591700,24.477988,Delay-insensitive,1,1.75
271500,aM0ROONJMLKQ323l5OUQNzyqQxJFc1DbDIMHtZAAKQvRUVk4WHTHSP1wTTlOR/ZP,11.098608,12.170175,13.319715,0,2591700,24.477988,Delay-insensitive,1,1.75
271800,aM0ROONJMLKQ323l5OUQNzyqQxJFc1DbDIMHtZAAKQvRUVk4WHTHSP1wTTlOR/ZP,11.073953,12.541634,15.119644,0,2591700,24.477988,Delay-insensitive,1,1.75
272100,aM0ROONJMLKQ323l5OUQNzyqQxJFc1DbDIMHtZAAKQvRUVk4WHTHSP1wTTlOR/ZP,11.542759,12.859116,14.019578,0,2591700,24.477988,Delay-insensitive,1,1.75
272400,aM0ROONJMLKQ323l5OUQNzyqQxJFc1DbDIMHtZAAKQvRUVk4WHTHSP1wTTlOR/ZP,10.790142,12.303108,13.512957,0,2591700,24.477988,Delay-insensitive,1,1.75
272700,aM0ROONJMLKQ323l5OUQNzyqQxJFc1DbDIMHtZAAKQvRUVk4WHTHSP1wTTlOR/ZP,11.292741,12.474846,13.835041,0,2591700,24.477988,Delay-insensitive,1,1.75
273000,aM0ROONJMLKQ323l5OUQNzyqQxJFc1DbDIMHtZAAKQvRUVk4WHTHSP1wTTlOR/ZP,11.646708,13.058072,16.982112,0,2591700,24.477988,Delay-insensitive,1,1.75
273300,aM0ROONJMLKQ323l5OUQNzyqQxJFc1DbDIMHtZAAKQvRUVk4WHTHSP1wTTlOR/ZP,10.93133,11.977658,14.048812,0,2591700,24.477988,Delay-insensitive,1,1.75
273600,aM0ROONJMLKQ323l5OUQNzyqQxJFc1DbDIMHtZAAKQvRUVk4WHTHSP1wTTlOR/ZP,8.816506,11.686486,13.264245,0,2591700,24.477988,Delay-insensitive,1,1.75
273900,aM0ROONJMLKQ323l5OUQNzyqQxJFc1DbDIMHtZAAKQvRUVk4WHTHSP1wTTlOR/ZP,11.076446,12.28534,15.178397,0,2591700,24.477988,Delay-insensitive,1,1.75
274200,aM0ROONJMLKQ323l5OUQNzyqQxJFc1DbDIMHtZAAKQvRUVk4WHTHSP1wTTlOR/ZP,9.571649,12.045982,13.764112,0,2591700,24.477988,Delay-insensitive,1,1.75
274500,aM0ROONJMLKQ323l5OUQNzyqQxJFc1DbDIMHtZAAKQvRUVk4WHTHSP1wTTlOR/ZP,11.689093,14.274297,18.177686,0,2591700,24.477988,Delay-insensitive,1,1.75
274800,aM0ROONJMLKQ323l5OUQNzyqQxJFc1DbDIMHtZAAKQvRUVk4WHTHSP1wTTlOR/ZP,10.991494,14.382585999999998,34.140305,0,2591700,24.477988,Delay-insensitive,1,1.75
275100,aM0ROONJMLKQ323l5OUQNzyqQxJFc1DbDIMHtZAAKQvRUVk4WHTHSP1wTTlOR/ZP,9.744906,12.257969,14.893075,0,2591700,24.477988,Delay-insensitive,1,1.75
275400,aM0ROONJMLKQ323l5OUQNzyqQxJFc1DbDIMHtZAAKQvRUVk4WHTHSP1wTTlOR/ZP,11.56661,12.940881,14.250448,0,2591700,24.477988,Delay-insensitive,1,1.75
275700,aM0ROONJMLKQ323l5OUQNzyqQxJFc1DbDIMHtZAAKQvRUVk4WHTHSP1wTTlOR/ZP,10.426602,11.602676,13.235069,0,2591700,24.477988,Delay-insensitive,1,1.75
276000,aM0ROONJMLKQ323l5OUQNzyqQxJFc1DbDIMHtZAAKQvRUVk4WHTHSP1wTTlOR/ZP,11.082414,12.092929,13.284423,0,2591700,24.477988,Delay-insensitive,1,1.75
276300,aM0ROONJMLKQ323l5OUQNzyqQxJFc1DbDIMHtZAAKQvRUVk4WHTHSP1wTTlOR/ZP,9.162099,12.012483,13.996119,0,2591700,24.477988,Delay-insensitive,1,1.75
276600,aM0ROONJMLKQ323l5OUQNzyqQxJFc1DbDIMHtZAAKQvRUVk4WHTHSP1wTTlOR/ZP,10.740182,12.089536,13.362398,0,2591700,24.477988,Delay-insensitive,1,1.75
276900,aM0ROONJMLKQ323l5OUQNzyqQxJFc1DbDIMHtZAAKQvRUVk4WHTHSP1wTTlOR/ZP,5.941955999999999,11.12346,13.768716,0,2591700,24.477988,Delay-insensitive,1,1.75
277200,aM0ROONJMLKQ323l5OUQNzyqQxJFc1DbDIMHtZAAKQvRUVk4WHTHSP1wTTlOR/ZP,10.198814,11.49806,12.635339,0,2591700,24.477988,Delay-insensitive,1,1.75
277500,aM0ROONJMLKQ323l5OUQNzyqQxJFc1DbDIMHtZAAKQvRUVk4WHTHSP1wTTlOR/ZP,10.286474,11.283098,12.001265,0,2591700,24.477988,Delay-insensitive,1,1.75
277800,aM0ROONJMLKQ323l5OUQNzyqQxJFc1DbDIMHtZAAKQvRUVk4WHTHSP1wTTlOR/ZP,10.740576,12.102774,13.855839,0,2591700,24.477988,Delay-insensitive,1,1.75
278100,aM0ROONJMLKQ323l5OUQNzyqQxJFc1DbDIMHtZAAKQvRUVk4WHTHSP1wTTlOR/ZP,10.465471,12.475963,14.170662,0,2591700,24.477988,Delay-insensitive,1,1.75
278400,aM0ROONJMLKQ323l5OUQNzyqQxJFc1DbDIMHtZAAKQvRUVk4WHTHSP1wTTlOR/ZP,9.414694,13.937245,27.095031,0,2591700,24.477988,Delay-insensitive,1,1.75
278700,aM0ROONJMLKQ323l5OUQNzyqQxJFc1DbDIMHtZAAKQvRUVk4WHTHSP1wTTlOR/ZP,11.139449,11.823533,13.03533,0,2591700,24.477988,Delay-insensitive,1,1.75
279000,aM0ROONJMLKQ323l5OUQNzyqQxJFc1DbDIMHtZAAKQvRUVk4WHTHSP1wTTlOR/ZP,11.381752,13.351726,14.969446,0,2591700,24.477988,Delay-insensitive,1,1.75
279300,aM0ROONJMLKQ323l5OUQNzyqQxJFc1DbDIMHtZAAKQvRUVk4WHTHSP1wTTlOR/ZP,10.859212,12.477036,15.564043,0,2591700,24.477988,Delay-insensitive,1,1.75
279600,aM0ROONJMLKQ323l5OUQNzyqQxJFc1DbDIMHtZAAKQvRUVk4WHTHSP1wTTlOR/ZP,10.725755,12.23053,14.663453,0,2591700,24.477988,Delay-insensitive,1,1.75
279900,aM0ROONJMLKQ323l5OUQNzyqQxJFc1DbDIMHtZAAKQvRUVk4WHTHSP1wTTlOR/ZP,9.51885,13.465727,16.062711,0,2591700,24.477988,Delay-insensitive,1,1.75
280200,aM0ROONJMLKQ323l5OUQNzyqQxJFc1DbDIMHtZAAKQvRUVk4WHTHSP1wTTlOR/ZP,10.640119,12.656472,14.127362,0,2591700,24.477988,Delay-insensitive,1,1.75
280500,aM0ROONJMLKQ323l5OUQNzyqQxJFc1DbDIMHtZAAKQvRUVk4WHTHSP1wTTlOR/ZP,10.997525,12.35962,15.004016,0,2591700,24.477988,Delay-insensitive,1,1.75
280800,aM0ROONJMLKQ323l5OUQNzyqQxJFc1DbDIMHtZAAKQvRUVk4WHTHSP1wTTlOR/ZP,12.539248,14.069937,15.221182999999998,0,2591700,24.477988,Delay-insensitive,1,1.75
281100,aM0ROONJMLKQ323l5OUQNzyqQxJFc1DbDIMHtZAAKQvRUVk4WHTHSP1wTTlOR/ZP,10.285858,11.627815,12.913719,0,2591700,24.477988,Delay-insensitive,1,1.75
281400,aM0ROONJMLKQ323l5OUQNzyqQxJFc1DbDIMHtZAAKQvRUVk4WHTHSP1wTTlOR/ZP,10.870752,12.484046,14.482648,0,2591700,24.477988,Delay-insensitive,1,1.75
281700,aM0ROONJMLKQ323l5OUQNzyqQxJFc1DbDIMHtZAAKQvRUVk4WHTHSP1wTTlOR/ZP,10.232556,13.268712,17.809207,0,2591700,24.477988,Delay-insensitive,1,1.75
282000,aM0ROONJMLKQ323l5OUQNzyqQxJFc1DbDIMHtZAAKQvRUVk4WHTHSP1wTTlOR/ZP,11.010152,15.236059,37.440495,0,2591700,24.477988,Delay-insensitive,1,1.75
282300,aM0ROONJMLKQ323l5OUQNzyqQxJFc1DbDIMHtZAAKQvRUVk4WHTHSP1wTTlOR/ZP,10.4804,11.516259,12.280715,0,2591700,24.477988,Delay-insensitive,1,1.75
282600,aM0ROONJMLKQ323l5OUQNzyqQxJFc1DbDIMHtZAAKQvRUVk4WHTHSP1wTTlOR/ZP,10.830878,13.239348,15.402498,0,2591700,24.477988,Delay-insensitive,1,1.75
282900,aM0ROONJMLKQ323l5OUQNzyqQxJFc1DbDIMHtZAAKQvRUVk4WHTHSP1wTTlOR/ZP,10.993574,12.584066,14.416636,0,2591700,24.477988,Delay-insensitive,1,1.75
283200,aM0ROONJMLKQ323l5OUQNzyqQxJFc1DbDIMHtZAAKQvRUVk4WHTHSP1wTTlOR/ZP,11.781535,12.451966,14.119657,0,2591700,24.477988,Delay-insensitive,1,1.75
283500,aM0ROONJMLKQ323l5OUQNzyqQxJFc1DbDIMHtZAAKQvRUVk4WHTHSP1wTTlOR/ZP,11.941667,13.04764,14.85121,0,2591700,24.477988,Delay-insensitive,1,1.75
283800,aM0ROONJMLKQ323l5OUQNzyqQxJFc1DbDIMHtZAAKQvRUVk4WHTHSP1wTTlOR/ZP,12.291195,14.249092,17.035929,0,2591700,24.477988,Delay-insensitive,1,1.75
284100,aM0ROONJMLKQ323l5OUQNzyqQxJFc1DbDIMHtZAAKQvRUVk4WHTHSP1wTTlOR/ZP,11.027537,12.340029,13.439018,0,2591700,24.477988,Delay-insensitive,1,1.75
284400,aM0ROONJMLKQ323l5OUQNzyqQxJFc1DbDIMHtZAAKQvRUVk4WHTHSP1wTTlOR/ZP,10.949258,12.585472,13.727308,0,2591700,24.477988,Delay-insensitive,1,1.75
284700,aM0ROONJMLKQ323l5OUQNzyqQxJFc1DbDIMHtZAAKQvRUVk4WHTHSP1wTTlOR/ZP,10.545173,12.323095,13.756565,0,2591700,24.477988,Delay-insensitive,1,1.75
285000,aM0ROONJMLKQ323l5OUQNzyqQxJFc1DbDIMHtZAAKQvRUVk4WHTHSP1wTTlOR/ZP,11.527218,12.221338,14.986254,0,2591700,24.477988,Delay-insensitive,1,1.75
285300,aM0ROONJMLKQ323l5OUQNzyqQxJFc1DbDIMHtZAAKQvRUVk4WHTHSP1wTTlOR/ZP,10.897613,12.554985,14.911732999999998,0,2591700,24.477988,Delay-insensitive,1,1.75
285600,aM0ROONJMLKQ323l5OUQNzyqQxJFc1DbDIMHtZAAKQvRUVk4WHTHSP1wTTlOR/ZP,11.216421,14.65842,29.75288,0,2591700,24.477988,Delay-insensitive,1,1.75
285900,aM0ROONJMLKQ323l5OUQNzyqQxJFc1DbDIMHtZAAKQvRUVk4WHTHSP1wTTlOR/ZP,8.802355,11.702951,13.485758,0,2591700,24.477988,Delay-insensitive,1,1.75
286200,aM0ROONJMLKQ323l5OUQNzyqQxJFc1DbDIMHtZAAKQvRUVk4WHTHSP1wTTlOR/ZP,11.398251,12.478899,14.354625,0,2591700,24.477988,Delay-insensitive,1,1.75
286500,aM0ROONJMLKQ323l5OUQNzyqQxJFc1DbDIMHtZAAKQvRUVk4WHTHSP1wTTlOR/ZP,9.087764,13.240533,16.679716,0,2591700,24.477988,Delay-insensitive,1,1.75
286800,aM0ROONJMLKQ323l5OUQNzyqQxJFc1DbDIMHtZAAKQvRUVk4WHTHSP1wTTlOR/ZP,11.241519,12.550646,14.660085,0,2591700,24.477988,Delay-insensitive,1,1.75
287100,aM0ROONJMLKQ323l5OUQNzyqQxJFc1DbDIMHtZAAKQvRUVk4WHTHSP1wTTlOR/ZP,8.080274000000001,11.789387,13.932249,0,2591700,24.477988,Delay-insensitive,1,1.75
287400,aM0ROONJMLKQ323l5OUQNzyqQxJFc1DbDIMHtZAAKQvRUVk4WHTHSP1wTTlOR/ZP,11.260407,12.493863,14.223326,0,2591700,24.477988,Delay-insensitive,1,1.75
287700,aM0ROONJMLKQ323l5OUQNzyqQxJFc1DbDIMHtZAAKQvRUVk4WHTHSP1wTTlOR/ZP,11.289718,12.231992,13.347731,0,2591700,24.477988,Delay-insensitive,1,1.75
288000,aM0ROONJMLKQ323l5OUQNzyqQxJFc1DbDIMHtZAAKQvRUVk4WHTHSP1wTTlOR/ZP,8.483094,12.08356,12.902327,0,2591700,24.477988,Delay-insensitive,1,1.75
288300,aM0ROONJMLKQ323l5OUQNzyqQxJFc1DbDIMHtZAAKQvRUVk4WHTHSP1wTTlOR/ZP,11.499917,12.585885,15.485886,0,2591700,24.477988,Delay-insensitive,1,1.75
288600,aM0ROONJMLKQ323l5OUQNzyqQxJFc1DbDIMHtZAAKQvRUVk4WHTHSP1wTTlOR/ZP,11.131741,12.802525,16.915663000000002,0,2591700,24.477988,Delay-insensitive,1,1.75
288900,aM0ROONJMLKQ323l5OUQNzyqQxJFc1DbDIMHtZAAKQvRUVk4WHTHSP1wTTlOR/ZP,11.58225,13.438702,18.877829,0,2591700,24.477988,Delay-insensitive,1,1.75
289200,aM0ROONJMLKQ323l5OUQNzyqQxJFc1DbDIMHtZAAKQvRUVk4WHTHSP1wTTlOR/ZP,13.070846,16.861604999999997,37.049007,0,2591700,24.477988,Delay-insensitive,1,1.75
289500,aM0ROONJMLKQ323l5OUQNzyqQxJFc1DbDIMHtZAAKQvRUVk4WHTHSP1wTTlOR/ZP,11.253267,12.551616,14.918404,0,2591700,24.477988,Delay-insensitive,1,1.75
289800,aM0ROONJMLKQ323l5OUQNzyqQxJFc1DbDIMHtZAAKQvRUVk4WHTHSP1wTTlOR/ZP,10.44407,12.055151,13.092142,0,2591700,24.477988,Delay-insensitive,1,1.75
290100,aM0ROONJMLKQ323l5OUQNzyqQxJFc1DbDIMHtZAAKQvRUVk4WHTHSP1wTTlOR/ZP,11.580623,13.231403,15.223376000000002,0,2591700,24.477988,Delay-insensitive,1,1.75
290400,aM0ROONJMLKQ323l5OUQNzyqQxJFc1DbDIMHtZAAKQvRUVk4WHTHSP1wTTlOR/ZP,11.033368,13.586594,15.702756,0,2591700,24.477988,Delay-insensitive,1,1.75
290700,aM0ROONJMLKQ323l5OUQNzyqQxJFc1DbDIMHtZAAKQvRUVk4WHTHSP1wTTlOR/ZP,10.712096,12.283295,14.095311,0,2591700,24.477988,Delay-insensitive,1,1.75
291000,aM0ROONJMLKQ323l5OUQNzyqQxJFc1DbDIMHtZAAKQvRUVk4WHTHSP1wTTlOR/ZP,10.663512,13.451301999999998,15.701781,0,2591700,24.477988,Delay-insensitive,1,1.75
291300,aM0ROONJMLKQ323l5OUQNzyqQxJFc1DbDIMHtZAAKQvRUVk4WHTHSP1wTTlOR/ZP,12.382614,14.086689000000002,16.131194,0,2591700,24.477988,Delay-insensitive,1,1.75
291600,aM0ROONJMLKQ323l5OUQNzyqQxJFc1DbDIMHtZAAKQvRUVk4WHTHSP1wTTlOR/ZP,11.776697,13.250901999999998,14.790646,0,2591700,24.477988,Delay-insensitive,1,1.75
291900,aM0ROONJMLKQ323l5OUQNzyqQxJFc1DbDIMHtZAAKQvRUVk4WHTHSP1wTTlOR/ZP,8.821952,12.021591,16.011619,0,2591700,24.477988,Delay-insensitive,1,1.75
292200,aM0ROONJMLKQ323l5OUQNzyqQxJFc1DbDIMHtZAAKQvRUVk4WHTHSP1wTTlOR/ZP,11.346296,13.517226999999998,23.253397,0,2591700,24.477988,Delay-insensitive,1,1.75
292500,aM0ROONJMLKQ323l5OUQNzyqQxJFc1DbDIMHtZAAKQvRUVk4WHTHSP1wTTlOR/ZP,10.625638,12.362273,16.201226000000002,0,2591700,24.477988,Delay-insensitive,1,1.75
292800,aM0ROONJMLKQ323l5OUQNzyqQxJFc1DbDIMHtZAAKQvRUVk4WHTHSP1wTTlOR/ZP,10.979698,11.930123,13.60719,0,2591700,24.477988,Delay-insensitive,1,1.75
293100,aM0ROONJMLKQ323l5OUQNzyqQxJFc1DbDIMHtZAAKQvRUVk4WHTHSP1wTTlOR/ZP,10.351351,12.318059,17.711592,0,2591700,24.477988,Delay-insensitive,1,1.75
293400,aM0ROONJMLKQ323l5OUQNzyqQxJFc1DbDIMHtZAAKQvRUVk4WHTHSP1wTTlOR/ZP,10.655398,12.539807,17.636267,0,2591700,24.477988,Delay-insensitive,1,1.75
293700,aM0ROONJMLKQ323l5OUQNzyqQxJFc1DbDIMHtZAAKQvRUVk4WHTHSP1wTTlOR/ZP,11.440486,12.33933,13.519286,0,2591700,24.477988,Delay-insensitive,1,1.75
294000,aM0ROONJMLKQ323l5OUQNzyqQxJFc1DbDIMHtZAAKQvRUVk4WHTHSP1wTTlOR/ZP,11.104252,12.461788,15.094225,0,2591700,24.477988,Delay-insensitive,1,1.75
294300,aM0ROONJMLKQ323l5OUQNzyqQxJFc1DbDIMHtZAAKQvRUVk4WHTHSP1wTTlOR/ZP,10.322569,12.240039,14.493554,0,2591700,24.477988,Delay-insensitive,1,1.75
294600,aM0ROONJMLKQ323l5OUQNzyqQxJFc1DbDIMHtZAAKQvRUVk4WHTHSP1wTTlOR/ZP,10.340257,12.360976,15.284497,0,2591700,24.477988,Delay-insensitive,1,1.75
294900,aM0ROONJMLKQ323l5OUQNzyqQxJFc1DbDIMHtZAAKQvRUVk4WHTHSP1wTTlOR/ZP,10.56804,11.861798,13.283031,0,2591700,24.477988,Delay-insensitive,1,1.75
295200,aM0ROONJMLKQ323l5OUQNzyqQxJFc1DbDIMHtZAAKQvRUVk4WHTHSP1wTTlOR/ZP,10.533264,12.259903,13.542419,0,2591700,24.477988,Delay-insensitive,1,1.75
295500,aM0ROONJMLKQ323l5OUQNzyqQxJFc1DbDIMHtZAAKQvRUVk4WHTHSP1wTTlOR/ZP,10.780504,11.923466,14.039457,0,2591700,24.477988,Delay-insensitive,1,1.75
295800,aM0ROONJMLKQ323l5OUQNzyqQxJFc1DbDIMHtZAAKQvRUVk4WHTHSP1wTTlOR/ZP,8.191569,11.453666,12.808827,0,2591700,24.477988,Delay-insensitive,1,1.75
296100,aM0ROONJMLKQ323l5OUQNzyqQxJFc1DbDIMHtZAAKQvRUVk4WHTHSP1wTTlOR/ZP,10.648751,12.092694,14.062432,0,2591700,24.477988,Delay-insensitive,1,1.75
296400,aM0ROONJMLKQ323l5OUQNzyqQxJFc1DbDIMHtZAAKQvRUVk4WHTHSP1wTTlOR/ZP,10.866786,12.854644,14.632365,0,2591700,24.477988,Delay-insensitive,1,1.75
296700,aM0ROONJMLKQ323l5OUQNzyqQxJFc1DbDIMHtZAAKQvRUVk4WHTHSP1wTTlOR/ZP,8.935687,14.641513,36.282714,0,2591700,24.477988,Delay-insensitive,1,1.75
297000,aM0ROONJMLKQ323l5OUQNzyqQxJFc1DbDIMHtZAAKQvRUVk4WHTHSP1wTTlOR/ZP,10.816453,12.270736,13.391273000000002,0,2591700,24.477988,Delay-insensitive,1,1.75
297300,aM0ROONJMLKQ323l5OUQNzyqQxJFc1DbDIMHtZAAKQvRUVk4WHTHSP1wTTlOR/ZP,6.607253,11.34889,13.658132,0,2591700,24.477988,Delay-insensitive,1,1.75
297600,aM0ROONJMLKQ323l5OUQNzyqQxJFc1DbDIMHtZAAKQvRUVk4WHTHSP1wTTlOR/ZP,10.308427,12.070793,13.270137,0,2591700,24.477988,Delay-insensitive,1,1.75
297900,aM0ROONJMLKQ323l5OUQNzyqQxJFc1DbDIMHtZAAKQvRUVk4WHTHSP1wTTlOR/ZP,9.12082,11.896849,13.416435,0,2591700,24.477988,Delay-insensitive,1,1.75
298200,aM0ROONJMLKQ323l5OUQNzyqQxJFc1DbDIMHtZAAKQvRUVk4WHTHSP1wTTlOR/ZP,10.097851,12.099421,13.332042,0,2591700,24.477988,Delay-insensitive,1,1.75
298500,aM0ROONJMLKQ323l5OUQNzyqQxJFc1DbDIMHtZAAKQvRUVk4WHTHSP1wTTlOR/ZP,9.055265,11.731376,13.611695999999998,0,2591700,24.477988,Delay-insensitive,1,1.75
298800,aM0ROONJMLKQ323l5OUQNzyqQxJFc1DbDIMHtZAAKQvRUVk4WHTHSP1wTTlOR/ZP,8.881428,11.79422,14.673472,0,2591700,24.477988,Delay-insensitive,1,1.75
299100,aM0ROONJMLKQ323l5OUQNzyqQxJFc1DbDIMHtZAAKQvRUVk4WHTHSP1wTTlOR/ZP,10.873779,12.055612,13.570388,0,2591700,24.477988,Delay-insensitive,1,1.75
299400,aM0ROONJMLKQ323l5OUQNzyqQxJFc1DbDIMHtZAAKQvRUVk4WHTHSP1wTTlOR/ZP,6.303148,11.588254,13.533853,0,2591700,24.477988,Delay-insensitive,1,1.75
299700,aM0ROONJMLKQ323l5OUQNzyqQxJFc1DbDIMHtZAAKQvRUVk4WHTHSP1wTTlOR/ZP,10.921847,12.260345,13.37259,0,2591700,24.477988,Delay-insensitive,1,1.75
300000,aM0ROONJMLKQ323l5OUQNzyqQxJFc1DbDIMHtZAAKQvRUVk4WHTHSP1wTTlOR/ZP,9.640828,11.742644,14.399942,0,2591700,24.477988,Delay-insensitive,1,1.75
300300,aM0ROONJMLKQ323l5OUQNzyqQxJFc1DbDIMHtZAAKQvRUVk4WHTHSP1wTTlOR/ZP,11.398102,14.635684,28.754819,0,2591700,24.477988,Delay-insensitive,1,1.75
300600,aM0ROONJMLKQ323l5OUQNzyqQxJFc1DbDIMHtZAAKQvRUVk4WHTHSP1wTTlOR/ZP,9.990934,11.887402,12.921662,0,2591700,24.477988,Delay-insensitive,1,1.75
300900,aM0ROONJMLKQ323l5OUQNzyqQxJFc1DbDIMHtZAAKQvRUVk4WHTHSP1wTTlOR/ZP,11.034561,12.280052,13.311621,0,2591700,24.477988,Delay-insensitive,1,1.75
301200,aM0ROONJMLKQ323l5OUQNzyqQxJFc1DbDIMHtZAAKQvRUVk4WHTHSP1wTTlOR/ZP,9.497015,11.793232,13.29901,0,2591700,24.477988,Delay-insensitive,1,1.75
301500,aM0ROONJMLKQ323l5OUQNzyqQxJFc1DbDIMHtZAAKQvRUVk4WHTHSP1wTTlOR/ZP,8.605324000000001,11.656865,13.278102,0,2591700,24.477988,Delay-insensitive,1,1.75
301800,aM0ROONJMLKQ323l5OUQNzyqQxJFc1DbDIMHtZAAKQvRUVk4WHTHSP1wTTlOR/ZP,11.282506,12.309834,14.188382,0,2591700,24.477988,Delay-insensitive,1,1.75
302100,aM0ROONJMLKQ323l5OUQNzyqQxJFc1DbDIMHtZAAKQvRUVk4WHTHSP1wTTlOR/ZP,10.943056,12.129648,13.737101999999998,0,2591700,24.477988,Delay-insensitive,1,1.75
302400,aM0ROONJMLKQ323l5OUQNzyqQxJFc1DbDIMHtZAAKQvRUVk4WHTHSP1wTTlOR/ZP,11.179954,11.884826,12.74396,0,2591700,24.477988,Delay-insensitive,1,1.75
302700,aM0ROONJMLKQ323l5OUQNzyqQxJFc1DbDIMHtZAAKQvRUVk4WHTHSP1wTTlOR/ZP,11.460452,12.588267,13.444736,0,2591700,24.477988,Delay-insensitive,1,1.75
303000,aM0ROONJMLKQ323l5OUQNzyqQxJFc1DbDIMHtZAAKQvRUVk4WHTHSP1wTTlOR/ZP,11.028084,11.959724,12.976367,0,2591700,24.477988,Delay-insensitive,1,1.75
303300,aM0ROONJMLKQ323l5OUQNzyqQxJFc1DbDIMHtZAAKQvRUVk4WHTHSP1wTTlOR/ZP,11.070889,12.316203,15.110747,0,2591700,24.477988,Delay-insensitive,1,1.75
303600,aM0ROONJMLKQ323l5OUQNzyqQxJFc1DbDIMHtZAAKQvRUVk4WHTHSP1wTTlOR/ZP,10.953711,12.38823,14.82281,0,2591700,24.477988,Delay-insensitive,1,1.75
303900,aM0ROONJMLKQ323l5OUQNzyqQxJFc1DbDIMHtZAAKQvRUVk4WHTHSP1wTTlOR/ZP,11.456656,14.601287,36.847406,0,2591700,24.477988,Delay-insensitive,1,1.75
304200,aM0ROONJMLKQ323l5OUQNzyqQxJFc1DbDIMHtZAAKQvRUVk4WHTHSP1wTTlOR/ZP,10.896003,12.369144,13.974854,0,2591700,24.477988,Delay-insensitive,1,1.75
304500,aM0ROONJMLKQ323l5OUQNzyqQxJFc1DbDIMHtZAAKQvRUVk4WHTHSP1wTTlOR/ZP,11.03248,11.792321,13.678194,0,2591700,24.477988,Delay-insensitive,1,1.75
304800,aM0ROONJMLKQ323l5OUQNzyqQxJFc1DbDIMHtZAAKQvRUVk4WHTHSP1wTTlOR/ZP,10.163475,11.742918,13.00986,0,2591700,24.477988,Delay-insensitive,1,1.75
305100,aM0ROONJMLKQ323l5OUQNzyqQxJFc1DbDIMHtZAAKQvRUVk4WHTHSP1wTTlOR/ZP,11.053098,11.989978,13.14482,0,2591700,24.477988,Delay-insensitive,1,1.75
305400,aM0ROONJMLKQ323l5OUQNzyqQxJFc1DbDIMHtZAAKQvRUVk4WHTHSP1wTTlOR/ZP,9.469563,12.227087,15.01838,0,2591700,24.477988,Delay-insensitive,1,1.75
305700,aM0ROONJMLKQ323l5OUQNzyqQxJFc1DbDIMHtZAAKQvRUVk4WHTHSP1wTTlOR/ZP,11.384965,12.467889,13.599004,0,2591700,24.477988,Delay-insensitive,1,1.75
306000,aM0ROONJMLKQ323l5OUQNzyqQxJFc1DbDIMHtZAAKQvRUVk4WHTHSP1wTTlOR/ZP,11.343586,12.319103,14.039026000000002,0,2591700,24.477988,Delay-insensitive,1,1.75
306300,aM0ROONJMLKQ323l5OUQNzyqQxJFc1DbDIMHtZAAKQvRUVk4WHTHSP1wTTlOR/ZP,10.985035,12.037744,14.771894,0,2591700,24.477988,Delay-insensitive,1,1.75
306600,aM0ROONJMLKQ323l5OUQNzyqQxJFc1DbDIMHtZAAKQvRUVk4WHTHSP1wTTlOR/ZP,11.143047,11.848316,12.766815,0,2591700,24.477988,Delay-insensitive,1,1.75
306900,aM0ROONJMLKQ323l5OUQNzyqQxJFc1DbDIMHtZAAKQvRUVk4WHTHSP1wTTlOR/ZP,9.655396,12.055785,14.021119,0,2591700,24.477988,Delay-insensitive,1,1.75
307200,aM0ROONJMLKQ323l5OUQNzyqQxJFc1DbDIMHtZAAKQvRUVk4WHTHSP1wTTlOR/ZP,11.273825,12.591823,14.517938,0,2591700,24.477988,Delay-insensitive,1,1.75
307500,aM0ROONJMLKQ323l5OUQNzyqQxJFc1DbDIMHtZAAKQvRUVk4WHTHSP1wTTlOR/ZP,10.108626,15.124024,36.152296,0,2591700,24.477988,Delay-insensitive,1,1.75
307800,aM0ROONJMLKQ323l5OUQNzyqQxJFc1DbDIMHtZAAKQvRUVk4WHTHSP1wTTlOR/ZP,11.497484,12.851214,15.555722,0,2591700,24.477988,Delay-insensitive,1,1.75
308100,aM0ROONJMLKQ323l5OUQNzyqQxJFc1DbDIMHtZAAKQvRUVk4WHTHSP1wTTlOR/ZP,8.520591,11.906571,15.145089000000002,0,2591700,24.477988,Delay-insensitive,1,1.75
308400,aM0ROONJMLKQ323l5OUQNzyqQxJFc1DbDIMHtZAAKQvRUVk4WHTHSP1wTTlOR/ZP,10.855346,11.684511,12.843547,0,2591700,24.477988,Delay-insensitive,1,1.75
308700,aM0ROONJMLKQ323l5OUQNzyqQxJFc1DbDIMHtZAAKQvRUVk4WHTHSP1wTTlOR/ZP,10.409859,11.941874,13.43959,0,2591700,24.477988,Delay-insensitive,1,1.75
309000,aM0ROONJMLKQ323l5OUQNzyqQxJFc1DbDIMHtZAAKQvRUVk4WHTHSP1wTTlOR/ZP,10.986017,12.331221,14.974375,0,2591700,24.477988,Delay-insensitive,1,1.75
309300,aM0ROONJMLKQ323l5OUQNzyqQxJFc1DbDIMHtZAAKQvRUVk4WHTHSP1wTTlOR/ZP,10.821056,11.905665,13.428235999999998,0,2591700,24.477988,Delay-insensitive,1,1.75
309600,aM0ROONJMLKQ323l5OUQNzyqQxJFc1DbDIMHtZAAKQvRUVk4WHTHSP1wTTlOR/ZP,9.431402,11.503189,12.221787,0,2591700,24.477988,Delay-insensitive,1,1.75
309900,aM0ROONJMLKQ323l5OUQNzyqQxJFc1DbDIMHtZAAKQvRUVk4WHTHSP1wTTlOR/ZP,10.455261,11.894501,13.156770000000002,0,2591700,24.477988,Delay-insensitive,1,1.75
310200,aM0ROONJMLKQ323l5OUQNzyqQxJFc1DbDIMHtZAAKQvRUVk4WHTHSP1wTTlOR/ZP,10.141358,11.594429,12.947592,0,2591700,24.477988,Delay-insensitive,1,1.75
310500,aM0ROONJMLKQ323l5OUQNzyqQxJFc1DbDIMHtZAAKQvRUVk4WHTHSP1wTTlOR/ZP,10.393966,12.192624,15.282439000000002,0,2591700,24.477988,Delay-insensitive,1,1.75
310800,aM0ROONJMLKQ323l5OUQNzyqQxJFc1DbDIMHtZAAKQvRUVk4WHTHSP1wTTlOR/ZP,11.012231,12.290869,13.376179999999998,0,2591700,24.477988,Delay-insensitive,1,1.75
311100,aM0ROONJMLKQ323l5OUQNzyqQxJFc1DbDIMHtZAAKQvRUVk4WHTHSP1wTTlOR/ZP,10.61197,13.802079999999998,34.248102,0,2591700,24.477988,Delay-insensitive,1,1.75
311400,aM0ROONJMLKQ323l5OUQNzyqQxJFc1DbDIMHtZAAKQvRUVk4WHTHSP1wTTlOR/ZP,10.457579,11.82881,13.876094,0,2591700,24.477988,Delay-insensitive,1,1.75
311700,aM0ROONJMLKQ323l5OUQNzyqQxJFc1DbDIMHtZAAKQvRUVk4WHTHSP1wTTlOR/ZP,10.549129,11.786876,14.668677,0,2591700,24.477988,Delay-insensitive,1,1.75
312000,aM0ROONJMLKQ323l5OUQNzyqQxJFc1DbDIMHtZAAKQvRUVk4WHTHSP1wTTlOR/ZP,9.874674,11.892095,13.865012,0,2591700,24.477988,Delay-insensitive,1,1.75
312300,aM0ROONJMLKQ323l5OUQNzyqQxJFc1DbDIMHtZAAKQvRUVk4WHTHSP1wTTlOR/ZP,10.181451,11.904078,13.45666,0,2591700,24.477988,Delay-insensitive,1,1.75
312600,aM0ROONJMLKQ323l5OUQNzyqQxJFc1DbDIMHtZAAKQvRUVk4WHTHSP1wTTlOR/ZP,10.141344,11.785063,13.263257,0,2591700,24.477988,Delay-insensitive,1,1.75
312900,aM0ROONJMLKQ323l5OUQNzyqQxJFc1DbDIMHtZAAKQvRUVk4WHTHSP1wTTlOR/ZP,11.465714,12.511861,14.523997,0,2591700,24.477988,Delay-insensitive,1,1.75
313200,aM0ROONJMLKQ323l5OUQNzyqQxJFc1DbDIMHtZAAKQvRUVk4WHTHSP1wTTlOR/ZP,11.39183,13.44475,15.577935,0,2591700,24.477988,Delay-insensitive,1,1.75
313500,aM0ROONJMLKQ323l5OUQNzyqQxJFc1DbDIMHtZAAKQvRUVk4WHTHSP1wTTlOR/ZP,11.06204,13.625098,15.605226000000002,0,2591700,24.477988,Delay-insensitive,1,1.75
313800,aM0ROONJMLKQ323l5OUQNzyqQxJFc1DbDIMHtZAAKQvRUVk4WHTHSP1wTTlOR/ZP,11.491604,25.184686,98.529816,0,2591700,24.477988,Delay-insensitive,1,1.75
314100,aM0ROONJMLKQ323l5OUQNzyqQxJFc1DbDIMHtZAAKQvRUVk4WHTHSP1wTTlOR/ZP,12.140082,22.784308,82.10560799999999,0,2591700,24.477988,Delay-insensitive,1,1.75
314400,aM0ROONJMLKQ323l5OUQNzyqQxJFc1DbDIMHtZAAKQvRUVk4WHTHSP1wTTlOR/ZP,11.944391,14.630412,23.070322,0,2591700,24.477988,Delay-insensitive,1,1.75
314700,aM0ROONJMLKQ323l5OUQNzyqQxJFc1DbDIMHtZAAKQvRUVk4WHTHSP1wTTlOR/ZP,12.201982,16.561618,36.890492,0,2591700,24.477988,Delay-insensitive,1,1.75
315000,aM0ROONJMLKQ323l5OUQNzyqQxJFc1DbDIMHtZAAKQvRUVk4WHTHSP1wTTlOR/ZP,11.831201,14.094079,16.246988,0,2591700,24.477988,Delay-insensitive,1,1.75
315300,aM0ROONJMLKQ323l5OUQNzyqQxJFc1DbDIMHtZAAKQvRUVk4WHTHSP1wTTlOR/ZP,11.831781,13.862999,16.379237,0,2591700,24.477988,Delay-insensitive,1,1.75
315600,aM0ROONJMLKQ323l5OUQNzyqQxJFc1DbDIMHtZAAKQvRUVk4WHTHSP1wTTlOR/ZP,10.181161,13.157415,16.62347,0,2591700,24.477988,Delay-insensitive,1,1.75
315900,aM0ROONJMLKQ323l5OUQNzyqQxJFc1DbDIMHtZAAKQvRUVk4WHTHSP1wTTlOR/ZP,10.67702,12.001125,13.273939000000002,0,2591700,24.477988,Delay-insensitive,1,1.75
316200,aM0ROONJMLKQ323l5OUQNzyqQxJFc1DbDIMHtZAAKQvRUVk4WHTHSP1wTTlOR/ZP,6.075762,11.687753,13.43415,0,2591700,24.477988,Delay-insensitive,1,1.75
316500,aM0ROONJMLKQ323l5OUQNzyqQxJFc1DbDIMHtZAAKQvRUVk4WHTHSP1wTTlOR/ZP,10.94346,12.522499,13.700601999999998,0,2591700,24.477988,Delay-insensitive,1,1.75
316800,aM0ROONJMLKQ323l5OUQNzyqQxJFc1DbDIMHtZAAKQvRUVk4WHTHSP1wTTlOR/ZP,4.764234,11.381601,13.302428,0,2591700,24.477988,Delay-insensitive,1,1.75
317100,aM0ROONJMLKQ323l5OUQNzyqQxJFc1DbDIMHtZAAKQvRUVk4WHTHSP1wTTlOR/ZP,10.935119,12.197669,13.3261,0,2591700,24.477988,Delay-insensitive,1,1.75
317400,aM0ROONJMLKQ323l5OUQNzyqQxJFc1DbDIMHtZAAKQvRUVk4WHTHSP1wTTlOR/ZP,4.102807,11.674915,14.011903,0,2591700,24.477988,Delay-insensitive,1,1.75
317700,aM0ROONJMLKQ323l5OUQNzyqQxJFc1DbDIMHtZAAKQvRUVk4WHTHSP1wTTlOR/ZP,11.332121,16.035838000000002,49.334766,0,2591700,24.477988,Delay-insensitive,1,1.75
318000,aM0ROONJMLKQ323l5OUQNzyqQxJFc1DbDIMHtZAAKQvRUVk4WHTHSP1wTTlOR/ZP,10.836252,12.505188,13.808065,0,2591700,24.477988,Delay-insensitive,1,1.75
318300,aM0ROONJMLKQ323l5OUQNzyqQxJFc1DbDIMHtZAAKQvRUVk4WHTHSP1wTTlOR/ZP,9.383679,14.702748,34.189433,0,2591700,24.477988,Delay-insensitive,1,1.75
318600,aM0ROONJMLKQ323l5OUQNzyqQxJFc1DbDIMHtZAAKQvRUVk4WHTHSP1wTTlOR/ZP,12.050297,12.63787,13.138309,0,2591700,24.477988,Delay-insensitive,1,1.75
318900,aM0ROONJMLKQ323l5OUQNzyqQxJFc1DbDIMHtZAAKQvRUVk4WHTHSP1wTTlOR/ZP,11.278472,12.195437,13.330343,0,2591700,24.477988,Delay-insensitive,1,1.75
319200,aM0ROONJMLKQ323l5OUQNzyqQxJFc1DbDIMHtZAAKQvRUVk4WHTHSP1wTTlOR/ZP,11.195484,12.286007,13.3954,0,2591700,24.477988,Delay-insensitive,1,1.75
319500,aM0ROONJMLKQ323l5OUQNzyqQxJFc1DbDIMHtZAAKQvRUVk4WHTHSP1wTTlOR/ZP,11.908622,13.172188,18.501609,0,2591700,24.477988,Delay-insensitive,1,1.75
319800,aM0ROONJMLKQ323l5OUQNzyqQxJFc1DbDIMHtZAAKQvRUVk4WHTHSP1wTTlOR/ZP,11.417698,12.491771,13.082083,0,2591700,24.477988,Delay-insensitive,1,1.75
320100,aM0ROONJMLKQ323l5OUQNzyqQxJFc1DbDIMHtZAAKQvRUVk4WHTHSP1wTTlOR/ZP,11.481025,12.934778,16.03133,0,2591700,24.477988,Delay-insensitive,1,1.75
320400,aM0ROONJMLKQ323l5OUQNzyqQxJFc1DbDIMHtZAAKQvRUVk4WHTHSP1wTTlOR/ZP,11.317861,12.560165,15.217981,0,2591700,24.477988,Delay-insensitive,1,1.75
320700,aM0ROONJMLKQ323l5OUQNzyqQxJFc1DbDIMHtZAAKQvRUVk4WHTHSP1wTTlOR/ZP,11.052779,12.180592,13.494449,0,2591700,24.477988,Delay-insensitive,1,1.75
321000,aM0ROONJMLKQ323l5OUQNzyqQxJFc1DbDIMHtZAAKQvRUVk4WHTHSP1wTTlOR/ZP,11.446129,13.414051,18.396078,0,2591700,24.477988,Delay-insensitive,1,1.75
321300,aM0ROONJMLKQ323l5OUQNzyqQxJFc1DbDIMHtZAAKQvRUVk4WHTHSP1wTTlOR/ZP,11.146647,13.349576999999998,15.74751,0,2591700,24.477988,Delay-insensitive,1,1.75
321600,aM0ROONJMLKQ323l5OUQNzyqQxJFc1DbDIMHtZAAKQvRUVk4WHTHSP1wTTlOR/ZP,9.93465,12.919669,18.226554,0,2591700,24.477988,Delay-insensitive,1,1.75
321900,aM0ROONJMLKQ323l5OUQNzyqQxJFc1DbDIMHtZAAKQvRUVk4WHTHSP1wTTlOR/ZP,11.68278,16.245027,39.06081,0,2591700,24.477988,Delay-insensitive,1,1.75
322200,aM0ROONJMLKQ323l5OUQNzyqQxJFc1DbDIMHtZAAKQvRUVk4WHTHSP1wTTlOR/ZP,11.33528,12.90717,15.062506,0,2591700,24.477988,Delay-insensitive,1,1.75
322500,aM0ROONJMLKQ323l5OUQNzyqQxJFc1DbDIMHtZAAKQvRUVk4WHTHSP1wTTlOR/ZP,11.16656,13.10989,15.990669,0,2591700,24.477988,Delay-insensitive,1,1.75
322800,aM0ROONJMLKQ323l5OUQNzyqQxJFc1DbDIMHtZAAKQvRUVk4WHTHSP1wTTlOR/ZP,13.307084,14.896781,16.556593,0,2591700,24.477988,Delay-insensitive,1,1.75
323100,aM0ROONJMLKQ323l5OUQNzyqQxJFc1DbDIMHtZAAKQvRUVk4WHTHSP1wTTlOR/ZP,10.870993,13.093024,15.443748,0,2591700,24.477988,Delay-insensitive,1,1.75
323400,aM0ROONJMLKQ323l5OUQNzyqQxJFc1DbDIMHtZAAKQvRUVk4WHTHSP1wTTlOR/ZP,11.692721,13.154978,15.397041,0,2591700,24.477988,Delay-insensitive,1,1.75
323700,aM0ROONJMLKQ323l5OUQNzyqQxJFc1DbDIMHtZAAKQvRUVk4WHTHSP1wTTlOR/ZP,12.564262,15.826943,26.777108,0,2591700,24.477988,Delay-insensitive,1,1.75
324000,aM0ROONJMLKQ323l5OUQNzyqQxJFc1DbDIMHtZAAKQvRUVk4WHTHSP1wTTlOR/ZP,11.810887,12.974681,16.22796,0,2591700,24.477988,Delay-insensitive,1,1.75
324300,aM0ROONJMLKQ323l5OUQNzyqQxJFc1DbDIMHtZAAKQvRUVk4WHTHSP1wTTlOR/ZP,11.521307,14.570157,24.944823,0,2591700,24.477988,Delay-insensitive,1,1.75
324600,aM0ROONJMLKQ323l5OUQNzyqQxJFc1DbDIMHtZAAKQvRUVk4WHTHSP1wTTlOR/ZP,12.567105,13.866534,15.886121,0,2591700,24.477988,Delay-insensitive,1,1.75
324900,aM0ROONJMLKQ323l5OUQNzyqQxJFc1DbDIMHtZAAKQvRUVk4WHTHSP1wTTlOR/ZP,11.653607,13.634967,18.968686,0,2591700,24.477988,Delay-insensitive,1,1.75
325200,aM0ROONJMLKQ323l5OUQNzyqQxJFc1DbDIMHtZAAKQvRUVk4WHTHSP1wTTlOR/ZP,12.055612,13.486644,16.518712,0,2591700,24.477988,Delay-insensitive,1,1.75
325500,aM0ROONJMLKQ323l5OUQNzyqQxJFc1DbDIMHtZAAKQvRUVk4WHTHSP1wTTlOR/ZP,12.088978,16.130866,33.429308,0,2591700,24.477988,Delay-insensitive,1,1.75
325800,aM0ROONJMLKQ323l5OUQNzyqQxJFc1DbDIMHtZAAKQvRUVk4WHTHSP1wTTlOR/ZP,10.482442,13.284892,20.507607,0,2591700,24.477988,Delay-insensitive,1,1.75
326100,aM0ROONJMLKQ323l5OUQNzyqQxJFc1DbDIMHtZAAKQvRUVk4WHTHSP1wTTlOR/ZP,12.27793,14.768816,24.566663,0,2591700,24.477988,Delay-insensitive,1,1.75
326400,aM0ROONJMLKQ323l5OUQNzyqQxJFc1DbDIMHtZAAKQvRUVk4WHTHSP1wTTlOR/ZP,11.811607,14.708165,24.488189,0,2591700,24.477988,Delay-insensitive,1,1.75
326700,aM0ROONJMLKQ323l5OUQNzyqQxJFc1DbDIMHtZAAKQvRUVk4WHTHSP1wTTlOR/ZP,10.191175,12.281954,14.264989000000002,0,2591700,24.477988,Delay-insensitive,1,1.75
327000,aM0ROONJMLKQ323l5OUQNzyqQxJFc1DbDIMHtZAAKQvRUVk4WHTHSP1wTTlOR/ZP,10.220784,12.847815,15.91168,0,2591700,24.477988,Delay-insensitive,1,1.75
327300,aM0ROONJMLKQ323l5OUQNzyqQxJFc1DbDIMHtZAAKQvRUVk4WHTHSP1wTTlOR/ZP,11.209689,12.57291,13.790883,0,2591700,24.477988,Delay-insensitive,1,1.75
327600,aM0ROONJMLKQ323l5OUQNzyqQxJFc1DbDIMHtZAAKQvRUVk4WHTHSP1wTTlOR/ZP,11.380389,12.570637,13.584072,0,2591700,24.477988,Delay-insensitive,1,1.75
327900,aM0ROONJMLKQ323l5OUQNzyqQxJFc1DbDIMHtZAAKQvRUVk4WHTHSP1wTTlOR/ZP,11.187679,12.918309,14.922737,0,2591700,24.477988,Delay-insensitive,1,1.75
328200,aM0ROONJMLKQ323l5OUQNzyqQxJFc1DbDIMHtZAAKQvRUVk4WHTHSP1wTTlOR/ZP,11.434276,12.436604,13.498608,0,2591700,24.477988,Delay-insensitive,1,1.75
328500,aM0ROONJMLKQ323l5OUQNzyqQxJFc1DbDIMHtZAAKQvRUVk4WHTHSP1wTTlOR/ZP,10.135737,12.057361,12.926422,0,2591700,24.477988,Delay-insensitive,1,1.75
328800,aM0ROONJMLKQ323l5OUQNzyqQxJFc1DbDIMHtZAAKQvRUVk4WHTHSP1wTTlOR/ZP,11.73378,13.130321,14.904093,0,2591700,24.477988,Delay-insensitive,1,1.75
329100,aM0ROONJMLKQ323l5OUQNzyqQxJFc1DbDIMHtZAAKQvRUVk4WHTHSP1wTTlOR/ZP,11.181463,15.374507,35.48888,0,2591700,24.477988,Delay-insensitive,1,1.75
329400,aM0ROONJMLKQ323l5OUQNzyqQxJFc1DbDIMHtZAAKQvRUVk4WHTHSP1wTTlOR/ZP,11.394157,12.623437,14.609329,0,2591700,24.477988,Delay-insensitive,1,1.75
329700,aM0ROONJMLKQ323l5OUQNzyqQxJFc1DbDIMHtZAAKQvRUVk4WHTHSP1wTTlOR/ZP,10.87316,12.009668,13.17556,0,2591700,24.477988,Delay-insensitive,1,1.75
330000,aM0ROONJMLKQ323l5OUQNzyqQxJFc1DbDIMHtZAAKQvRUVk4WHTHSP1wTTlOR/ZP,10.930561,12.148085,13.922098000000002,0,2591700,24.477988,Delay-insensitive,1,1.75
330300,aM0ROONJMLKQ323l5OUQNzyqQxJFc1DbDIMHtZAAKQvRUVk4WHTHSP1wTTlOR/ZP,8.990527,11.829633,13.545661,0,2591700,24.477988,Delay-insensitive,1,1.75
330600,aM0ROONJMLKQ323l5OUQNzyqQxJFc1DbDIMHtZAAKQvRUVk4WHTHSP1wTTlOR/ZP,11.141713,12.757889,14.976724,0,2591700,24.477988,Delay-insensitive,1,1.75
330900,aM0ROONJMLKQ323l5OUQNzyqQxJFc1DbDIMHtZAAKQvRUVk4WHTHSP1wTTlOR/ZP,10.118155,12.694866,14.670068,0,2591700,24.477988,Delay-insensitive,1,1.75
331200,aM0ROONJMLKQ323l5OUQNzyqQxJFc1DbDIMHtZAAKQvRUVk4WHTHSP1wTTlOR/ZP,10.830181,13.193128,15.464457,0,2591700,24.477988,Delay-insensitive,1,1.75
331500,aM0ROONJMLKQ323l5OUQNzyqQxJFc1DbDIMHtZAAKQvRUVk4WHTHSP1wTTlOR/ZP,7.421637,13.251616,15.490912,0,2591700,24.477988,Delay-insensitive,1,1.75
331800,aM0ROONJMLKQ323l5OUQNzyqQxJFc1DbDIMHtZAAKQvRUVk4WHTHSP1wTTlOR/ZP,6.568592,12.432006,15.562305,0,2591700,24.477988,Delay-insensitive,1,1.75
332100,aM0ROONJMLKQ323l5OUQNzyqQxJFc1DbDIMHtZAAKQvRUVk4WHTHSP1wTTlOR/ZP,10.696291,12.507587,14.2153,0,2591700,24.477988,Delay-insensitive,1,1.75
332400,aM0ROONJMLKQ323l5OUQNzyqQxJFc1DbDIMHtZAAKQvRUVk4WHTHSP1wTTlOR/ZP,11.317935,12.927237,16.654264,0,2591700,24.477988,Delay-insensitive,1,1.75
332700,aM0ROONJMLKQ323l5OUQNzyqQxJFc1DbDIMHtZAAKQvRUVk4WHTHSP1wTTlOR/ZP,11.77826,16.577517999999998,35.691236,0,2591700,24.477988,Delay-insensitive,1,1.75
333000,aM0ROONJMLKQ323l5OUQNzyqQxJFc1DbDIMHtZAAKQvRUVk4WHTHSP1wTTlOR/ZP,9.741727,12.182743,13.767432,0,2591700,24.477988,Delay-insensitive,1,1.75
333300,aM0ROONJMLKQ323l5OUQNzyqQxJFc1DbDIMHtZAAKQvRUVk4WHTHSP1wTTlOR/ZP,10.79196,13.32448,15.695453,0,2591700,24.477988,Delay-insensitive,1,1.75
333600,aM0ROONJMLKQ323l5OUQNzyqQxJFc1DbDIMHtZAAKQvRUVk4WHTHSP1wTTlOR/ZP,11.704889,14.227739,17.035785,0,2591700,24.477988,Delay-insensitive,1,1.75
333900,aM0ROONJMLKQ323l5OUQNzyqQxJFc1DbDIMHtZAAKQvRUVk4WHTHSP1wTTlOR/ZP,10.548731,12.92553,15.208681,0,2591700,24.477988,Delay-insensitive,1,1.75
334200,aM0ROONJMLKQ323l5OUQNzyqQxJFc1DbDIMHtZAAKQvRUVk4WHTHSP1wTTlOR/ZP,10.400906,12.497526,15.160625,0,2591700,24.477988,Delay-insensitive,1,1.75
334500,aM0ROONJMLKQ323l5OUQNzyqQxJFc1DbDIMHtZAAKQvRUVk4WHTHSP1wTTlOR/ZP,10.851729,13.01324,15.648048,0,2591700,24.477988,Delay-insensitive,1,1.75
334800,aM0ROONJMLKQ323l5OUQNzyqQxJFc1DbDIMHtZAAKQvRUVk4WHTHSP1wTTlOR/ZP,9.909298,12.062755,13.838688,0,2591700,24.477988,Delay-insensitive,1,1.75
335100,aM0ROONJMLKQ323l5OUQNzyqQxJFc1DbDIMHtZAAKQvRUVk4WHTHSP1wTTlOR/ZP,10.250322,12.079923,13.669116,0,2591700,24.477988,Delay-insensitive,1,1.75
335400,aM0ROONJMLKQ323l5OUQNzyqQxJFc1DbDIMHtZAAKQvRUVk4WHTHSP1wTTlOR/ZP,11.141664,12.135841,14.383621,0,2591700,24.477988,Delay-insensitive,1,1.75
335700,aM0ROONJMLKQ323l5OUQNzyqQxJFc1DbDIMHtZAAKQvRUVk4WHTHSP1wTTlOR/ZP,10.703514,12.05272,13.875823,0,2591700,24.477988,Delay-insensitive,1,1.75
336000,aM0ROONJMLKQ323l5OUQNzyqQxJFc1DbDIMHtZAAKQvRUVk4WHTHSP1wTTlOR/ZP,10.638461,12.367895,14.32543,0,2591700,24.477988,Delay-insensitive,1,1.75
336300,aM0ROONJMLKQ323l5OUQNzyqQxJFc1DbDIMHtZAAKQvRUVk4WHTHSP1wTTlOR/ZP,10.354394,13.952426,33.671757,0,2591700,24.477988,Delay-insensitive,1,1.75
336600,aM0ROONJMLKQ323l5OUQNzyqQxJFc1DbDIMHtZAAKQvRUVk4WHTHSP1wTTlOR/ZP,10.595812,12.869272,14.674183,0,2591700,24.477988,Delay-insensitive,1,1.75
336900,aM0ROONJMLKQ323l5OUQNzyqQxJFc1DbDIMHtZAAKQvRUVk4WHTHSP1wTTlOR/ZP,10.818576,12.53255,14.65005,0,2591700,24.477988,Delay-insensitive,1,1.75
337200,aM0ROONJMLKQ323l5OUQNzyqQxJFc1DbDIMHtZAAKQvRUVk4WHTHSP1wTTlOR/ZP,9.484917,11.390166,13.066689,0,2591700,24.477988,Delay-insensitive,1,1.75
337500,aM0ROONJMLKQ323l5OUQNzyqQxJFc1DbDIMHtZAAKQvRUVk4WHTHSP1wTTlOR/ZP,11.117662,11.694774,12.971127,0,2591700,24.477988,Delay-insensitive,1,1.75
337800,aM0ROONJMLKQ323l5OUQNzyqQxJFc1DbDIMHtZAAKQvRUVk4WHTHSP1wTTlOR/ZP,11.457735,51.991801,97.267178,0,2591700,24.477988,Delay-insensitive,1,1.75
338100,aM0ROONJMLKQ323l5OUQNzyqQxJFc1DbDIMHtZAAKQvRUVk4WHTHSP1wTTlOR/ZP,86.520197,94.670716,99.236752,0,2591700,24.477988,Delay-insensitive,1,1.75
338400,aM0ROONJMLKQ323l5OUQNzyqQxJFc1DbDIMHtZAAKQvRUVk4WHTHSP1wTTlOR/ZP,2.562243,29.218442,97.696549,0,2591700,24.477988,Delay-insensitive,1,1.75
338700,aM0ROONJMLKQ323l5OUQNzyqQxJFc1DbDIMHtZAAKQvRUVk4WHTHSP1wTTlOR/ZP,11.816871,40.608776,88.92856,0,2591700,24.477988,Delay-insensitive,1,1.75
339000,aM0ROONJMLKQ323l5OUQNzyqQxJFc1DbDIMHtZAAKQvRUVk4WHTHSP1wTTlOR/ZP,8.296864,13.759106,23.966812,0,2591700,24.477988,Delay-insensitive,1,1.75
339300,aM0ROONJMLKQ323l5OUQNzyqQxJFc1DbDIMHtZAAKQvRUVk4WHTHSP1wTTlOR/ZP,10.981013,12.723473,13.998631,0,2591700,24.477988,Delay-insensitive,1,1.75
339600,aM0ROONJMLKQ323l5OUQNzyqQxJFc1DbDIMHtZAAKQvRUVk4WHTHSP1wTTlOR/ZP,4.840515,11.753729,13.498452,0,2591700,24.477988,Delay-insensitive,1,1.75
339900,aM0ROONJMLKQ323l5OUQNzyqQxJFc1DbDIMHtZAAKQvRUVk4WHTHSP1wTTlOR/ZP,9.269501,11.831209,12.737832,0,2591700,24.477988,Delay-insensitive,1,1.75
340200,aM0ROONJMLKQ323l5OUQNzyqQxJFc1DbDIMHtZAAKQvRUVk4WHTHSP1wTTlOR/ZP,11.55778,12.714,13.832968,0,2591700,24.477988,Delay-insensitive,1,1.75
340500,aM0ROONJMLKQ323l5OUQNzyqQxJFc1DbDIMHtZAAKQvRUVk4WHTHSP1wTTlOR/ZP,10.433765,12.790476,13.953833,0,2591700,24.477988,Delay-insensitive,1,1.75
340800,aM0ROONJMLKQ323l5OUQNzyqQxJFc1DbDIMHtZAAKQvRUVk4WHTHSP1wTTlOR/ZP,11.414471,12.764254,14.780710999999998,0,2591700,24.477988,Delay-insensitive,1,1.75
341100,aM0ROONJMLKQ323l5OUQNzyqQxJFc1DbDIMHtZAAKQvRUVk4WHTHSP1wTTlOR/ZP,12.254339,13.153448,15.094269,0,2591700,24.477988,Delay-insensitive,1,1.75
341400,aM0ROONJMLKQ323l5OUQNzyqQxJFc1DbDIMHtZAAKQvRUVk4WHTHSP1wTTlOR/ZP,11.270181,12.731421,14.362101,0,2591700,24.477988,Delay-insensitive,1,1.75
341700,aM0ROONJMLKQ323l5OUQNzyqQxJFc1DbDIMHtZAAKQvRUVk4WHTHSP1wTTlOR/ZP,11.474247,12.908505,15.760247,0,2591700,24.477988,Delay-insensitive,1,1.75
342000,aM0ROONJMLKQ323l5OUQNzyqQxJFc1DbDIMHtZAAKQvRUVk4WHTHSP1wTTlOR/ZP,11.806639,12.594872,14.416761,0,2591700,24.477988,Delay-insensitive,1,1.75
342300,aM0ROONJMLKQ323l5OUQNzyqQxJFc1DbDIMHtZAAKQvRUVk4WHTHSP1wTTlOR/ZP,11.970849,12.995817,14.516269,0,2591700,24.477988,Delay-insensitive,1,1.75
342600,aM0ROONJMLKQ323l5OUQNzyqQxJFc1DbDIMHtZAAKQvRUVk4WHTHSP1wTTlOR/ZP,12.487709,13.300069,14.969574,0,2591700,24.477988,Delay-insensitive,1,1.75
342900,aM0ROONJMLKQ323l5OUQNzyqQxJFc1DbDIMHtZAAKQvRUVk4WHTHSP1wTTlOR/ZP,11.792169,12.954129,14.029683,0,2591700,24.477988,Delay-insensitive,1,1.75
343200,aM0ROONJMLKQ323l5OUQNzyqQxJFc1DbDIMHtZAAKQvRUVk4WHTHSP1wTTlOR/ZP,11.553693,12.924742,15.342261,0,2591700,24.477988,Delay-insensitive,1,1.75
343500,aM0ROONJMLKQ323l5OUQNzyqQxJFc1DbDIMHtZAAKQvRUVk4WHTHSP1wTTlOR/ZP,11.339031,12.504328,13.701125,0,2591700,24.477988,Delay-insensitive,1,1.75
343800,aM0ROONJMLKQ323l5OUQNzyqQxJFc1DbDIMHtZAAKQvRUVk4WHTHSP1wTTlOR/ZP,9.16101,12.712938,13.801927,0,2591700,24.477988,Delay-insensitive,1,1.75
344100,aM0ROONJMLKQ323l5OUQNzyqQxJFc1DbDIMHtZAAKQvRUVk4WHTHSP1wTTlOR/ZP,11.127593,12.313281,14.030072,0,2591700,24.477988,Delay-insensitive,1,1.75
344400,aM0ROONJMLKQ323l5OUQNzyqQxJFc1DbDIMHtZAAKQvRUVk4WHTHSP1wTTlOR/ZP,10.729487,12.350793,13.134138,0,2591700,24.477988,Delay-insensitive,1,1.75
344700,aM0ROONJMLKQ323l5OUQNzyqQxJFc1DbDIMHtZAAKQvRUVk4WHTHSP1wTTlOR/ZP,11.228237,12.470718,13.098721,0,2591700,24.477988,Delay-insensitive,1,1.75
345000,aM0ROONJMLKQ323l5OUQNzyqQxJFc1DbDIMHtZAAKQvRUVk4WHTHSP1wTTlOR/ZP,10.273546,12.432074,16.604707,0,2591700,24.477988,Delay-insensitive,1,1.75
345300,aM0ROONJMLKQ323l5OUQNzyqQxJFc1DbDIMHtZAAKQvRUVk4WHTHSP1wTTlOR/ZP,10.412953,12.410712,13.196097,0,2591700,24.477988,Delay-insensitive,1,1.75
345600,aM0ROONJMLKQ323l5OUQNzyqQxJFc1DbDIMHtZAAKQvRUVk4WHTHSP1wTTlOR/ZP,10.791105,12.123471,12.946099,0,2591700,24.477988,Delay-insensitive,1,1.75
345900,aM0ROONJMLKQ323l5OUQNzyqQxJFc1DbDIMHtZAAKQvRUVk4WHTHSP1wTTlOR/ZP,11.101565,12.394,13.428951,0,2591700,24.477988,Delay-insensitive,1,1.75
346200,aM0ROONJMLKQ323l5OUQNzyqQxJFc1DbDIMHtZAAKQvRUVk4WHTHSP1wTTlOR/ZP,11.210334,12.116942,13.307029,0,2591700,24.477988,Delay-insensitive,1,1.75
346500,aM0ROONJMLKQ323l5OUQNzyqQxJFc1DbDIMHtZAAKQvRUVk4WHTHSP1wTTlOR/ZP,11.294791,12.941108,16.130419,0,2591700,24.477988,Delay-insensitive,1,1.75
346800,aM0ROONJMLKQ323l5OUQNzyqQxJFc1DbDIMHtZAAKQvRUVk4WHTHSP1wTTlOR/ZP,10.481606,12.072146,13.239667,0,2591700,24.477988,Delay-insensitive,1,1.75
347100,aM0ROONJMLKQ323l5OUQNzyqQxJFc1DbDIMHtZAAKQvRUVk4WHTHSP1wTTlOR/ZP,9.442407,11.832642,12.829368,0,2591700,24.477988,Delay-insensitive,1,1.75
347400,aM0ROONJMLKQ323l5OUQNzyqQxJFc1DbDIMHtZAAKQvRUVk4WHTHSP1wTTlOR/ZP,10.530809,12.049462,13.012689,0,2591700,24.477988,Delay-insensitive,1,1.75
347700,aM0ROONJMLKQ323l5OUQNzyqQxJFc1DbDIMHtZAAKQvRUVk4WHTHSP1wTTlOR/ZP,11.076208,12.413478,13.689382,0,2591700,24.477988,Delay-insensitive,1,1.75
348000,aM0ROONJMLKQ323l5OUQNzyqQxJFc1DbDIMHtZAAKQvRUVk4WHTHSP1wTTlOR/ZP,10.46741,12.556454,15.170548000000002,0,2591700,24.477988,Delay-insensitive,1,1.75
348300,aM0ROONJMLKQ323l5OUQNzyqQxJFc1DbDIMHtZAAKQvRUVk4WHTHSP1wTTlOR/ZP,11.566145,12.664263,13.352298,0,2591700,24.477988,Delay-insensitive,1,1.75
348600,aM0ROONJMLKQ323l5OUQNzyqQxJFc1DbDIMHtZAAKQvRUVk4WHTHSP1wTTlOR/ZP,10.976945,12.53431,16.124067,0,2591700,24.477988,Delay-insensitive,1,1.75
348900,aM0ROONJMLKQ323l5OUQNzyqQxJFc1DbDIMHtZAAKQvRUVk4WHTHSP1wTTlOR/ZP,10.645249,12.170842,13.430144,0,2591700,24.477988,Delay-insensitive,1,1.75
349200,aM0ROONJMLKQ323l5OUQNzyqQxJFc1DbDIMHtZAAKQvRUVk4WHTHSP1wTTlOR/ZP,11.235756,12.494688,13.297434,0,2591700,24.477988,Delay-insensitive,1,1.75
349500,aM0ROONJMLKQ323l5OUQNzyqQxJFc1DbDIMHtZAAKQvRUVk4WHTHSP1wTTlOR/ZP,11.702451,12.693659,13.655096,0,2591700,24.477988,Delay-insensitive,1,1.75
349800,aM0ROONJMLKQ323l5OUQNzyqQxJFc1DbDIMHtZAAKQvRUVk4WHTHSP1wTTlOR/ZP,11.634595,12.79644,13.543328,0,2591700,24.477988,Delay-insensitive,1,1.75
350100,aM0ROONJMLKQ323l5OUQNzyqQxJFc1DbDIMHtZAAKQvRUVk4WHTHSP1wTTlOR/ZP,11.720839,13.057138,14.992028,0,2591700,24.477988,Delay-insensitive,1,1.75
350400,aM0ROONJMLKQ323l5OUQNzyqQxJFc1DbDIMHtZAAKQvRUVk4WHTHSP1wTTlOR/ZP,12.293304,13.093721,14.402249,0,2591700,24.477988,Delay-insensitive,1,1.75
350700,aM0ROONJMLKQ323l5OUQNzyqQxJFc1DbDIMHtZAAKQvRUVk4WHTHSP1wTTlOR/ZP,12.095297,13.329566,14.185845,0,2591700,24.477988,Delay-insensitive,1,1.75
351000,aM0ROONJMLKQ323l5OUQNzyqQxJFc1DbDIMHtZAAKQvRUVk4WHTHSP1wTTlOR/ZP,12.077478,13.387137,14.366162,0,2591700,24.477988,Delay-insensitive,1,1.75
351300,aM0ROONJMLKQ323l5OUQNzyqQxJFc1DbDIMHtZAAKQvRUVk4WHTHSP1wTTlOR/ZP,11.140191,12.794314,14.125063,0,2591700,24.477988,Delay-insensitive,1,1.75
351600,aM0ROONJMLKQ323l5OUQNzyqQxJFc1DbDIMHtZAAKQvRUVk4WHTHSP1wTTlOR/ZP,12.665218,13.178374,13.67676,0,2591700,24.477988,Delay-insensitive,1,1.75
351900,aM0ROONJMLKQ323l5OUQNzyqQxJFc1DbDIMHtZAAKQvRUVk4WHTHSP1wTTlOR/ZP,11.28505,13.132284,13.955785,0,2591700,24.477988,Delay-insensitive,1,1.75
352200,aM0ROONJMLKQ323l5OUQNzyqQxJFc1DbDIMHtZAAKQvRUVk4WHTHSP1wTTlOR/ZP,11.405375,13.312904,16.005195,0,2591700,24.477988,Delay-insensitive,1,1.75
352500,aM0ROONJMLKQ323l5OUQNzyqQxJFc1DbDIMHtZAAKQvRUVk4WHTHSP1wTTlOR/ZP,11.1098,12.930088,14.92057,0,2591700,24.477988,Delay-insensitive,1,1.75
352800,aM0ROONJMLKQ323l5OUQNzyqQxJFc1DbDIMHtZAAKQvRUVk4WHTHSP1wTTlOR/ZP,11.42058,13.04652,14.46431,0,2591700,24.477988,Delay-insensitive,1,1.75
353100,aM0ROONJMLKQ323l5OUQNzyqQxJFc1DbDIMHtZAAKQvRUVk4WHTHSP1wTTlOR/ZP,12.408212,13.482034,14.650724,0,2591700,24.477988,Delay-insensitive,1,1.75
353400,aM0ROONJMLKQ323l5OUQNzyqQxJFc1DbDIMHtZAAKQvRUVk4WHTHSP1wTTlOR/ZP,10.096786,12.809029,14.383771,0,2591700,24.477988,Delay-insensitive,1,1.75
353700,aM0ROONJMLKQ323l5OUQNzyqQxJFc1DbDIMHtZAAKQvRUVk4WHTHSP1wTTlOR/ZP,11.905226,13.089541,14.267521,0,2591700,24.477988,Delay-insensitive,1,1.75
354000,aM0ROONJMLKQ323l5OUQNzyqQxJFc1DbDIMHtZAAKQvRUVk4WHTHSP1wTTlOR/ZP,9.948895,12.482002,13.284331,0,2591700,24.477988,Delay-insensitive,1,1.75
354300,aM0ROONJMLKQ323l5OUQNzyqQxJFc1DbDIMHtZAAKQvRUVk4WHTHSP1wTTlOR/ZP,11.643716,12.989931,15.155703,0,2591700,24.477988,Delay-insensitive,1,1.75
354600,aM0ROONJMLKQ323l5OUQNzyqQxJFc1DbDIMHtZAAKQvRUVk4WHTHSP1wTTlOR/ZP,7.641682,12.613474,14.676287,0,2591700,24.477988,Delay-insensitive,1,1.75
354900,aM0ROONJMLKQ323l5OUQNzyqQxJFc1DbDIMHtZAAKQvRUVk4WHTHSP1wTTlOR/ZP,11.627973,12.649147,14.539654,0,2591700,24.477988,Delay-insensitive,1,1.75
355200,aM0ROONJMLKQ323l5OUQNzyqQxJFc1DbDIMHtZAAKQvRUVk4WHTHSP1wTTlOR/ZP,9.492371,12.772682,14.871982,0,2591700,24.477988,Delay-insensitive,1,1.75
355500,aM0ROONJMLKQ323l5OUQNzyqQxJFc1DbDIMHtZAAKQvRUVk4WHTHSP1wTTlOR/ZP,11.311199,12.797995,14.391009,0,2591700,24.477988,Delay-insensitive,1,1.75
355800,aM0ROONJMLKQ323l5OUQNzyqQxJFc1DbDIMHtZAAKQvRUVk4WHTHSP1wTTlOR/ZP,10.569252,12.642428,14.284543,0,2591700,24.477988,Delay-insensitive,1,1.75
356100,aM0ROONJMLKQ323l5OUQNzyqQxJFc1DbDIMHtZAAKQvRUVk4WHTHSP1wTTlOR/ZP,11.545771,13.109591,15.26602,0,2591700,24.477988,Delay-insensitive,1,1.75
356400,aM0ROONJMLKQ323l5OUQNzyqQxJFc1DbDIMHtZAAKQvRUVk4WHTHSP1wTTlOR/ZP,11.590443,12.822888,14.729294,0,2591700,24.477988,Delay-insensitive,1,1.75
356700,aM0ROONJMLKQ323l5OUQNzyqQxJFc1DbDIMHtZAAKQvRUVk4WHTHSP1wTTlOR/ZP,11.512102,13.126563,15.322798,0,2591700,24.477988,Delay-insensitive,1,1.75
357000,aM0ROONJMLKQ323l5OUQNzyqQxJFc1DbDIMHtZAAKQvRUVk4WHTHSP1wTTlOR/ZP,11.466938,12.80192,14.494583,0,2591700,24.477988,Delay-insensitive,1,1.75
357300,aM0ROONJMLKQ323l5OUQNzyqQxJFc1DbDIMHtZAAKQvRUVk4WHTHSP1wTTlOR/ZP,11.83513,13.244667000000002,15.115012,0,2591700,24.477988,Delay-insensitive,1,1.75
357600,aM0ROONJMLKQ323l5OUQNzyqQxJFc1DbDIMHtZAAKQvRUVk4WHTHSP1wTTlOR/ZP,10.584526,12.127073,14.269605,0,2591700,24.477988,Delay-insensitive,1,1.75
357900,aM0ROONJMLKQ323l5OUQNzyqQxJFc1DbDIMHtZAAKQvRUVk4WHTHSP1wTTlOR/ZP,11.980779,13.2719,15.671106,0,2591700,24.477988,Delay-insensitive,1,1.75
358200,aM0ROONJMLKQ323l5OUQNzyqQxJFc1DbDIMHtZAAKQvRUVk4WHTHSP1wTTlOR/ZP,12.364858,13.348854,14.498307999999998,0,2591700,24.477988,Delay-insensitive,1,1.75
358500,aM0ROONJMLKQ323l5OUQNzyqQxJFc1DbDIMHtZAAKQvRUVk4WHTHSP1wTTlOR/ZP,10.509866,12.579588,14.253666,0,2591700,24.477988,Delay-insensitive,1,1.75
358800,aM0ROONJMLKQ323l5OUQNzyqQxJFc1DbDIMHtZAAKQvRUVk4WHTHSP1wTTlOR/ZP,11.381044,13.015861,15.236131,0,2591700,24.477988,Delay-insensitive,1,1.75
359100,aM0ROONJMLKQ323l5OUQNzyqQxJFc1DbDIMHtZAAKQvRUVk4WHTHSP1wTTlOR/ZP,12.053115,13.081642,14.046893,0,2591700,24.477988,Delay-insensitive,1,1.75
359400,aM0ROONJMLKQ323l5OUQNzyqQxJFc1DbDIMHtZAAKQvRUVk4WHTHSP1wTTlOR/ZP,11.736913,13.624501,15.490319,0,2591700,24.477988,Delay-insensitive,1,1.75
359700,aM0ROONJMLKQ323l5OUQNzyqQxJFc1DbDIMHtZAAKQvRUVk4WHTHSP1wTTlOR/ZP,11.893941,13.112502,14.990041,0,2591700,24.477988,Delay-insensitive,1,1.75
360000,aM0ROONJMLKQ323l5OUQNzyqQxJFc1DbDIMHtZAAKQvRUVk4WHTHSP1wTTlOR/ZP,12.232728,13.315334,14.508679,0,2591700,24.477988,Delay-insensitive,1,1.75
360300,aM0ROONJMLKQ323l5OUQNzyqQxJFc1DbDIMHtZAAKQvRUVk4WHTHSP1wTTlOR/ZP,11.924795,12.851979,14.581102,0,2591700,24.477988,Delay-insensitive,1,1.75
360600,aM0ROONJMLKQ323l5OUQNzyqQxJFc1DbDIMHtZAAKQvRUVk4WHTHSP1wTTlOR/ZP,12.285428,13.632810999999998,16.909231,0,2591700,24.477988,Delay-insensitive,1,1.75
360900,aM0ROONJMLKQ323l5OUQNzyqQxJFc1DbDIMHtZAAKQvRUVk4WHTHSP1wTTlOR/ZP,12.166505,13.339871,13.985442,0,2591700,24.477988,Delay-insensitive,1,1.75
361200,aM0ROONJMLKQ323l5OUQNzyqQxJFc1DbDIMHtZAAKQvRUVk4WHTHSP1wTTlOR/ZP,12.557692,13.305604999999998,15.715847,0,2591700,24.477988,Delay-insensitive,1,1.75
361500,aM0ROONJMLKQ323l5OUQNzyqQxJFc1DbDIMHtZAAKQvRUVk4WHTHSP1wTTlOR/ZP,12.601086,14.066801000000002,19.038623,0,2591700,24.477988,Delay-insensitive,1,1.75
361800,aM0ROONJMLKQ323l5OUQNzyqQxJFc1DbDIMHtZAAKQvRUVk4WHTHSP1wTTlOR/ZP,12.643798,13.304622,13.735033,0,2591700,24.477988,Delay-insensitive,1,1.75
362100,aM0ROONJMLKQ323l5OUQNzyqQxJFc1DbDIMHtZAAKQvRUVk4WHTHSP1wTTlOR/ZP,12.794773,13.405265,14.763158,0,2591700,24.477988,Delay-insensitive,1,1.75
362400,aM0ROONJMLKQ323l5OUQNzyqQxJFc1DbDIMHtZAAKQvRUVk4WHTHSP1wTTlOR/ZP,12.437051,13.364594,14.827268,0,2591700,24.477988,Delay-insensitive,1,1.75
362700,aM0ROONJMLKQ323l5OUQNzyqQxJFc1DbDIMHtZAAKQvRUVk4WHTHSP1wTTlOR/ZP,12.016037,13.398534,15.348481,0,2591700,24.477988,Delay-insensitive,1,1.75
363000,aM0ROONJMLKQ323l5OUQNzyqQxJFc1DbDIMHtZAAKQvRUVk4WHTHSP1wTTlOR/ZP,11.681338,12.963773,14.049297,0,2591700,24.477988,Delay-insensitive,1,1.75
363300,aM0ROONJMLKQ323l5OUQNzyqQxJFc1DbDIMHtZAAKQvRUVk4WHTHSP1wTTlOR/ZP,11.520067,13.400235,15.460277,0,2591700,24.477988,Delay-insensitive,1,1.75
363600,aM0ROONJMLKQ323l5OUQNzyqQxJFc1DbDIMHtZAAKQvRUVk4WHTHSP1wTTlOR/ZP,12.5595,13.15151,13.972601,0,2591700,24.477988,Delay-insensitive,1,1.75
363900,aM0ROONJMLKQ323l5OUQNzyqQxJFc1DbDIMHtZAAKQvRUVk4WHTHSP1wTTlOR/ZP,12.127663,13.465288,15.379473999999998,0,2591700,24.477988,Delay-insensitive,1,1.75
364200,aM0ROONJMLKQ323l5OUQNzyqQxJFc1DbDIMHtZAAKQvRUVk4WHTHSP1wTTlOR/ZP,12.45716,13.145237,14.582514000000002,0,2591700,24.477988,Delay-insensitive,1,1.75
364500,aM0ROONJMLKQ323l5OUQNzyqQxJFc1DbDIMHtZAAKQvRUVk4WHTHSP1wTTlOR/ZP,12.732916,13.300760999999998,13.788245000000002,0,2591700,24.477988,Delay-insensitive,1,1.75
364800,aM0ROONJMLKQ323l5OUQNzyqQxJFc1DbDIMHtZAAKQvRUVk4WHTHSP1wTTlOR/ZP,11.919332,13.157761,14.054761,0,2591700,24.477988,Delay-insensitive,1,1.75
365100,aM0ROONJMLKQ323l5OUQNzyqQxJFc1DbDIMHtZAAKQvRUVk4WHTHSP1wTTlOR/ZP,12.235125,13.244807000000002,14.464391,0,2591700,24.477988,Delay-insensitive,1,1.75
365400,aM0ROONJMLKQ323l5OUQNzyqQxJFc1DbDIMHtZAAKQvRUVk4WHTHSP1wTTlOR/ZP,11.248943,12.895434,13.421223,0,2591700,24.477988,Delay-insensitive,1,1.75
365700,aM0ROONJMLKQ323l5OUQNzyqQxJFc1DbDIMHtZAAKQvRUVk4WHTHSP1wTTlOR/ZP,12.21388,13.152902,14.151076000000002,0,2591700,24.477988,Delay-insensitive,1,1.75
366000,aM0ROONJMLKQ323l5OUQNzyqQxJFc1DbDIMHtZAAKQvRUVk4WHTHSP1wTTlOR/ZP,11.943445,13.238949,15.63715,0,2591700,24.477988,Delay-insensitive,1,1.75
366300,aM0ROONJMLKQ323l5OUQNzyqQxJFc1DbDIMHtZAAKQvRUVk4WHTHSP1wTTlOR/ZP,11.578508,12.941273,14.165161,0,2591700,24.477988,Delay-insensitive,1,1.75
366600,aM0ROONJMLKQ323l5OUQNzyqQxJFc1DbDIMHtZAAKQvRUVk4WHTHSP1wTTlOR/ZP,10.706668,13.298864000000002,15.008691,0,2591700,24.477988,Delay-insensitive,1,1.75
366900,aM0ROONJMLKQ323l5OUQNzyqQxJFc1DbDIMHtZAAKQvRUVk4WHTHSP1wTTlOR/ZP,11.852291,13.304934,15.261404,0,2591700,24.477988,Delay-insensitive,1,1.75
367200,aM0ROONJMLKQ323l5OUQNzyqQxJFc1DbDIMHtZAAKQvRUVk4WHTHSP1wTTlOR/ZP,12.329384,13.181985999999998,14.493319,0,2591700,24.477988,Delay-insensitive,1,1.75
367500,aM0ROONJMLKQ323l5OUQNzyqQxJFc1DbDIMHtZAAKQvRUVk4WHTHSP1wTTlOR/ZP,11.751149,12.990686,13.936096,0,2591700,24.477988,Delay-insensitive,1,1.75
367800,aM0ROONJMLKQ323l5OUQNzyqQxJFc1DbDIMHtZAAKQvRUVk4WHTHSP1wTTlOR/ZP,12.344668,13.46613,15.094423,0,2591700,24.477988,Delay-insensitive,1,1.75
368100,aM0ROONJMLKQ323l5OUQNzyqQxJFc1DbDIMHtZAAKQvRUVk4WHTHSP1wTTlOR/ZP,12.115688,13.41465,14.896823,0,2591700,24.477988,Delay-insensitive,1,1.75
368400,aM0ROONJMLKQ323l5OUQNzyqQxJFc1DbDIMHtZAAKQvRUVk4WHTHSP1wTTlOR/ZP,11.290254,12.973194,15.662399,0,2591700,24.477988,Delay-insensitive,1,1.75
368700,aM0ROONJMLKQ323l5OUQNzyqQxJFc1DbDIMHtZAAKQvRUVk4WHTHSP1wTTlOR/ZP,12.343587,13.048258,13.928582,0,2591700,24.477988,Delay-insensitive,1,1.75
369000,aM0ROONJMLKQ323l5OUQNzyqQxJFc1DbDIMHtZAAKQvRUVk4WHTHSP1wTTlOR/ZP,11.512556,12.939158,14.406488,0,2591700,24.477988,Delay-insensitive,1,1.75
369300,aM0ROONJMLKQ323l5OUQNzyqQxJFc1DbDIMHtZAAKQvRUVk4WHTHSP1wTTlOR/ZP,11.662085,12.916094,14.492273999999998,0,2591700,24.477988,Delay-insensitive,1,1.75
369600,aM0ROONJMLKQ323l5OUQNzyqQxJFc1DbDIMHtZAAKQvRUVk4WHTHSP1wTTlOR/ZP,11.072747,12.751788,14.528156,0,2591700,24.477988,Delay-insensitive,1,1.75
369900,aM0ROONJMLKQ323l5OUQNzyqQxJFc1DbDIMHtZAAKQvRUVk4WHTHSP1wTTlOR/ZP,12.149694,12.891965,14.221497,0,2591700,24.477988,Delay-insensitive,1,1.75
370200,aM0ROONJMLKQ323l5OUQNzyqQxJFc1DbDIMHtZAAKQvRUVk4WHTHSP1wTTlOR/ZP,9.602351,12.456143,13.851752,0,2591700,24.477988,Delay-insensitive,1,1.75
370500,aM0ROONJMLKQ323l5OUQNzyqQxJFc1DbDIMHtZAAKQvRUVk4WHTHSP1wTTlOR/ZP,12.104302,13.058123,14.72774,0,2591700,24.477988,Delay-insensitive,1,1.75
370800,aM0ROONJMLKQ323l5OUQNzyqQxJFc1DbDIMHtZAAKQvRUVk4WHTHSP1wTTlOR/ZP,10.859777,12.548218,13.539055,0,2591700,24.477988,Delay-insensitive,1,1.75
371100,aM0ROONJMLKQ323l5OUQNzyqQxJFc1DbDIMHtZAAKQvRUVk4WHTHSP1wTTlOR/ZP,11.655192,12.904319,14.068938,0,2591700,24.477988,Delay-insensitive,1,1.75
371400,aM0ROONJMLKQ323l5OUQNzyqQxJFc1DbDIMHtZAAKQvRUVk4WHTHSP1wTTlOR/ZP,11.132419,12.718341,14.641826000000002,0,2591700,24.477988,Delay-insensitive,1,1.75
371700,aM0ROONJMLKQ323l5OUQNzyqQxJFc1DbDIMHtZAAKQvRUVk4WHTHSP1wTTlOR/ZP,11.983013,13.279844,14.650543,0,2591700,24.477988,Delay-insensitive,1,1.75
372000,aM0ROONJMLKQ323l5OUQNzyqQxJFc1DbDIMHtZAAKQvRUVk4WHTHSP1wTTlOR/ZP,12.030448,13.189613,15.952913,0,2591700,24.477988,Delay-insensitive,1,1.75
372300,aM0ROONJMLKQ323l5OUQNzyqQxJFc1DbDIMHtZAAKQvRUVk4WHTHSP1wTTlOR/ZP,12.012728,13.12586,15.048161,0,2591700,24.477988,Delay-insensitive,1,1.75
372600,aM0ROONJMLKQ323l5OUQNzyqQxJFc1DbDIMHtZAAKQvRUVk4WHTHSP1wTTlOR/ZP,11.639761,13.355699,15.236271,0,2591700,24.477988,Delay-insensitive,1,1.75
372900,aM0ROONJMLKQ323l5OUQNzyqQxJFc1DbDIMHtZAAKQvRUVk4WHTHSP1wTTlOR/ZP,9.832577,12.910337,14.36335,0,2591700,24.477988,Delay-insensitive,1,1.75
373200,aM0ROONJMLKQ323l5OUQNzyqQxJFc1DbDIMHtZAAKQvRUVk4WHTHSP1wTTlOR/ZP,11.558308,13.328344,14.958891,0,2591700,24.477988,Delay-insensitive,1,1.75
373500,aM0ROONJMLKQ323l5OUQNzyqQxJFc1DbDIMHtZAAKQvRUVk4WHTHSP1wTTlOR/ZP,11.922817,13.336483,15.814501000000002,0,2591700,24.477988,Delay-insensitive,1,1.75
373800,aM0ROONJMLKQ323l5OUQNzyqQxJFc1DbDIMHtZAAKQvRUVk4WHTHSP1wTTlOR/ZP,12.06381,13.5028,15.530215,0,2591700,24.477988,Delay-insensitive,1,1.75
374100,aM0ROONJMLKQ323l5OUQNzyqQxJFc1DbDIMHtZAAKQvRUVk4WHTHSP1wTTlOR/ZP,11.801474,13.46396,17.140892,0,2591700,24.477988,Delay-insensitive,1,1.75
374400,aM0ROONJMLKQ323l5OUQNzyqQxJFc1DbDIMHtZAAKQvRUVk4WHTHSP1wTTlOR/ZP,12.695751,13.426697,14.90701,0,2591700,24.477988,Delay-insensitive,1,1.75
374700,aM0ROONJMLKQ323l5OUQNzyqQxJFc1DbDIMHtZAAKQvRUVk4WHTHSP1wTTlOR/ZP,12.33436,13.26899,14.362684,0,2591700,24.477988,Delay-insensitive,1,1.75
375000,aM0ROONJMLKQ323l5OUQNzyqQxJFc1DbDIMHtZAAKQvRUVk4WHTHSP1wTTlOR/ZP,12.483159,13.272423000000002,15.302142000000002,0,2591700,24.477988,Delay-insensitive,1,1.75
375300,aM0ROONJMLKQ323l5OUQNzyqQxJFc1DbDIMHtZAAKQvRUVk4WHTHSP1wTTlOR/ZP,12.527858,13.775282,14.701305,0,2591700,24.477988,Delay-insensitive,1,1.75
375600,aM0ROONJMLKQ323l5OUQNzyqQxJFc1DbDIMHtZAAKQvRUVk4WHTHSP1wTTlOR/ZP,10.239612,13.328478,15.335273999999998,0,2591700,24.477988,Delay-insensitive,1,1.75
375900,aM0ROONJMLKQ323l5OUQNzyqQxJFc1DbDIMHtZAAKQvRUVk4WHTHSP1wTTlOR/ZP,12.437126,13.538276000000002,15.195353,0,2591700,24.477988,Delay-insensitive,1,1.75
376200,aM0ROONJMLKQ323l5OUQNzyqQxJFc1DbDIMHtZAAKQvRUVk4WHTHSP1wTTlOR/ZP,10.862452,12.91809,13.710708,0,2591700,24.477988,Delay-insensitive,1,1.75
376500,aM0ROONJMLKQ323l5OUQNzyqQxJFc1DbDIMHtZAAKQvRUVk4WHTHSP1wTTlOR/ZP,12.132227,13.326351,14.030864,0,2591700,24.477988,Delay-insensitive,1,1.75
376800,aM0ROONJMLKQ323l5OUQNzyqQxJFc1DbDIMHtZAAKQvRUVk4WHTHSP1wTTlOR/ZP,12.381505,14.103764000000002,22.462816,0,2591700,24.477988,Delay-insensitive,1,1.75
377100,aM0ROONJMLKQ323l5OUQNzyqQxJFc1DbDIMHtZAAKQvRUVk4WHTHSP1wTTlOR/ZP,12.031494,12.849963,13.869654,0,2591700,24.477988,Delay-insensitive,1,1.75
377400,aM0ROONJMLKQ323l5OUQNzyqQxJFc1DbDIMHtZAAKQvRUVk4WHTHSP1wTTlOR/ZP,12.253068,13.176631,14.406665,0,2591700,24.477988,Delay-insensitive,1,1.75
377700,aM0ROONJMLKQ323l5OUQNzyqQxJFc1DbDIMHtZAAKQvRUVk4WHTHSP1wTTlOR/ZP,12.906084,13.662338,14.634092,0,2591700,24.477988,Delay-insensitive,1,1.75
378000,aM0ROONJMLKQ323l5OUQNzyqQxJFc1DbDIMHtZAAKQvRUVk4WHTHSP1wTTlOR/ZP,12.421615,12.939334,14.102791,0,2591700,24.477988,Delay-insensitive,1,1.75
378300,aM0ROONJMLKQ323l5OUQNzyqQxJFc1DbDIMHtZAAKQvRUVk4WHTHSP1wTTlOR/ZP,12.077308,13.147056,14.826809,0,2591700,24.477988,Delay-insensitive,1,1.75
378600,aM0ROONJMLKQ323l5OUQNzyqQxJFc1DbDIMHtZAAKQvRUVk4WHTHSP1wTTlOR/ZP,12.364194,13.144488,14.599479,0,2591700,24.477988,Delay-insensitive,1,1.75
378900,aM0ROONJMLKQ323l5OUQNzyqQxJFc1DbDIMHtZAAKQvRUVk4WHTHSP1wTTlOR/ZP,11.086045,13.135221,14.655205,0,2591700,24.477988,Delay-insensitive,1,1.75
379200,aM0ROONJMLKQ323l5OUQNzyqQxJFc1DbDIMHtZAAKQvRUVk4WHTHSP1wTTlOR/ZP,12.450804,13.154376,14.339521,0,2591700,24.477988,Delay-insensitive,1,1.75
379500,aM0ROONJMLKQ323l5OUQNzyqQxJFc1DbDIMHtZAAKQvRUVk4WHTHSP1wTTlOR/ZP,10.922856,13.204184,16.231626000000002,0,2591700,24.477988,Delay-insensitive,1,1.75
379800,aM0ROONJMLKQ323l5OUQNzyqQxJFc1DbDIMHtZAAKQvRUVk4WHTHSP1wTTlOR/ZP,12.302228,13.266393,14.326538,0,2591700,24.477988,Delay-insensitive,1,1.75
380100,aM0ROONJMLKQ323l5OUQNzyqQxJFc1DbDIMHtZAAKQvRUVk4WHTHSP1wTTlOR/ZP,9.42705,12.761737,14.088742000000002,0,2591700,24.477988,Delay-insensitive,1,1.75
380400,aM0ROONJMLKQ323l5OUQNzyqQxJFc1DbDIMHtZAAKQvRUVk4WHTHSP1wTTlOR/ZP,10.881152,13.015723,13.796948,0,2591700,24.477988,Delay-insensitive,1,1.75
380700,aM0ROONJMLKQ323l5OUQNzyqQxJFc1DbDIMHtZAAKQvRUVk4WHTHSP1wTTlOR/ZP,11.208043,13.256504,14.451056,0,2591700,24.477988,Delay-insensitive,1,1.75
381000,aM0ROONJMLKQ323l5OUQNzyqQxJFc1DbDIMHtZAAKQvRUVk4WHTHSP1wTTlOR/ZP,10.79037,13.072472,14.929433,0,2591700,24.477988,Delay-insensitive,1,1.75
381300,aM0ROONJMLKQ323l5OUQNzyqQxJFc1DbDIMHtZAAKQvRUVk4WHTHSP1wTTlOR/ZP,12.42761,15.158844,33.166128,0,2591700,24.477988,Delay-insensitive,1,1.75
381600,aM0ROONJMLKQ323l5OUQNzyqQxJFc1DbDIMHtZAAKQvRUVk4WHTHSP1wTTlOR/ZP,8.654434,12.432182,13.794281,0,2591700,24.477988,Delay-insensitive,1,1.75
381900,aM0ROONJMLKQ323l5OUQNzyqQxJFc1DbDIMHtZAAKQvRUVk4WHTHSP1wTTlOR/ZP,12.140933,13.111573000000002,14.188085999999998,0,2591700,24.477988,Delay-insensitive,1,1.75
382200,aM0ROONJMLKQ323l5OUQNzyqQxJFc1DbDIMHtZAAKQvRUVk4WHTHSP1wTTlOR/ZP,5.949346,12.402395,13.538792,0,2591700,24.477988,Delay-insensitive,1,1.75
382500,aM0ROONJMLKQ323l5OUQNzyqQxJFc1DbDIMHtZAAKQvRUVk4WHTHSP1wTTlOR/ZP,12.460806,13.394897,14.498371,0,2591700,24.477988,Delay-insensitive,1,1.75
382800,aM0ROONJMLKQ323l5OUQNzyqQxJFc1DbDIMHtZAAKQvRUVk4WHTHSP1wTTlOR/ZP,8.89644,12.475896,14.188682,0,2591700,24.477988,Delay-insensitive,1,1.75
383100,aM0ROONJMLKQ323l5OUQNzyqQxJFc1DbDIMHtZAAKQvRUVk4WHTHSP1wTTlOR/ZP,8.483326,12.43659,14.113566,0,2591700,24.477988,Delay-insensitive,1,1.75
383400,aM0ROONJMLKQ323l5OUQNzyqQxJFc1DbDIMHtZAAKQvRUVk4WHTHSP1wTTlOR/ZP,12.083353,12.720107,13.192491,0,2591700,24.477988,Delay-insensitive,1,1.75
383700,aM0ROONJMLKQ323l5OUQNzyqQxJFc1DbDIMHtZAAKQvRUVk4WHTHSP1wTTlOR/ZP,8.489257,12.345613,14.001595000000002,0,2591700,24.477988,Delay-insensitive,1,1.75
384000,aM0ROONJMLKQ323l5OUQNzyqQxJFc1DbDIMHtZAAKQvRUVk4WHTHSP1wTTlOR/ZP,12.298145,13.827826000000002,14.797584,0,2591700,24.477988,Delay-insensitive,1,1.75
384300,aM0ROONJMLKQ323l5OUQNzyqQxJFc1DbDIMHtZAAKQvRUVk4WHTHSP1wTTlOR/ZP,9.558078,12.695222,13.688053,0,2591700,24.477988,Delay-insensitive,1,1.75
384600,aM0ROONJMLKQ323l5OUQNzyqQxJFc1DbDIMHtZAAKQvRUVk4WHTHSP1wTTlOR/ZP,12.53069,13.475799,14.585983,0,2591700,24.477988,Delay-insensitive,1,1.75
384900,aM0ROONJMLKQ323l5OUQNzyqQxJFc1DbDIMHtZAAKQvRUVk4WHTHSP1wTTlOR/ZP,9.129152,12.976912,14.183485,0,2591700,24.477988,Delay-insensitive,1,1.75
385200,aM0ROONJMLKQ323l5OUQNzyqQxJFc1DbDIMHtZAAKQvRUVk4WHTHSP1wTTlOR/ZP,12.223658,13.400959,14.533025,0,2591700,24.477988,Delay-insensitive,1,1.75
385500,aM0ROONJMLKQ323l5OUQNzyqQxJFc1DbDIMHtZAAKQvRUVk4WHTHSP1wTTlOR/ZP,12.600166,13.553991,15.015006,0,2591700,24.477988,Delay-insensitive,1,1.75
385800,aM0ROONJMLKQ323l5OUQNzyqQxJFc1DbDIMHtZAAKQvRUVk4WHTHSP1wTTlOR/ZP,12.704649,13.670362,15.337072,0,2591700,24.477988,Delay-insensitive,1,1.75
386100,aM0ROONJMLKQ323l5OUQNzyqQxJFc1DbDIMHtZAAKQvRUVk4WHTHSP1wTTlOR/ZP,12.16288,13.697057,14.695941,0,2591700,24.477988,Delay-insensitive,1,1.75
386400,aM0ROONJMLKQ323l5OUQNzyqQxJFc1DbDIMHtZAAKQvRUVk4WHTHSP1wTTlOR/ZP,11.689238,13.08594,14.510694,0,2591700,24.477988,Delay-insensitive,1,1.75
386700,aM0ROONJMLKQ323l5OUQNzyqQxJFc1DbDIMHtZAAKQvRUVk4WHTHSP1wTTlOR/ZP,12.211722,13.014697,13.881506,0,2591700,24.477988,Delay-insensitive,1,1.75
387000,aM0ROONJMLKQ323l5OUQNzyqQxJFc1DbDIMHtZAAKQvRUVk4WHTHSP1wTTlOR/ZP,10.484395,12.506541,13.888126000000002,0,2591700,24.477988,Delay-insensitive,1,1.75
387300,aM0ROONJMLKQ323l5OUQNzyqQxJFc1DbDIMHtZAAKQvRUVk4WHTHSP1wTTlOR/ZP,12.128859,13.189967,14.906925,0,2591700,24.477988,Delay-insensitive,1,1.75
387600,aM0ROONJMLKQ323l5OUQNzyqQxJFc1DbDIMHtZAAKQvRUVk4WHTHSP1wTTlOR/ZP,11.642946,15.664731,38.270874,0,2591700,24.477988,Delay-insensitive,1,1.75
387900,aM0ROONJMLKQ323l5OUQNzyqQxJFc1DbDIMHtZAAKQvRUVk4WHTHSP1wTTlOR/ZP,11.969495,13.414579000000002,15.819574,0,2591700,24.477988,Delay-insensitive,1,1.75
388200,aM0ROONJMLKQ323l5OUQNzyqQxJFc1DbDIMHtZAAKQvRUVk4WHTHSP1wTTlOR/ZP,10.554686,13.109749,15.941624,0,2591700,24.477988,Delay-insensitive,1,1.75
388500,aM0ROONJMLKQ323l5OUQNzyqQxJFc1DbDIMHtZAAKQvRUVk4WHTHSP1wTTlOR/ZP,9.817928,13.016267,14.576069,0,2591700,24.477988,Delay-insensitive,1,1.75
388800,aM0ROONJMLKQ323l5OUQNzyqQxJFc1DbDIMHtZAAKQvRUVk4WHTHSP1wTTlOR/ZP,12.103307,12.978634,13.700905,0,2591700,24.477988,Delay-insensitive,1,1.75
389100,aM0ROONJMLKQ323l5OUQNzyqQxJFc1DbDIMHtZAAKQvRUVk4WHTHSP1wTTlOR/ZP,10.428891,13.050027,14.677215,0,2591700,24.477988,Delay-insensitive,1,1.75
389400,aM0ROONJMLKQ323l5OUQNzyqQxJFc1DbDIMHtZAAKQvRUVk4WHTHSP1wTTlOR/ZP,11.795483,13.023357,15.037385,0,2591700,24.477988,Delay-insensitive,1,1.75
389700,aM0ROONJMLKQ323l5OUQNzyqQxJFc1DbDIMHtZAAKQvRUVk4WHTHSP1wTTlOR/ZP,10.763584,13.244255,14.636653,0,2591700,24.477988,Delay-insensitive,1,1.75
390000,aM0ROONJMLKQ323l5OUQNzyqQxJFc1DbDIMHtZAAKQvRUVk4WHTHSP1wTTlOR/ZP,11.494781,13.133935,14.743787,0,2591700,24.477988,Delay-insensitive,1,1.75
390300,aM0ROONJMLKQ323l5OUQNzyqQxJFc1DbDIMHtZAAKQvRUVk4WHTHSP1wTTlOR/ZP,11.995498,12.950272,14.299751,0,2591700,24.477988,Delay-insensitive,1,1.75
390600,aM0ROONJMLKQ323l5OUQNzyqQxJFc1DbDIMHtZAAKQvRUVk4WHTHSP1wTTlOR/ZP,12.117797,12.991777,13.919409,0,2591700,24.477988,Delay-insensitive,1,1.75
390900,aM0ROONJMLKQ323l5OUQNzyqQxJFc1DbDIMHtZAAKQvRUVk4WHTHSP1wTTlOR/ZP,11.027463,12.561647,13.703986,0,2591700,24.477988,Delay-insensitive,1,1.75
391200,aM0ROONJMLKQ323l5OUQNzyqQxJFc1DbDIMHtZAAKQvRUVk4WHTHSP1wTTlOR/ZP,11.770177,12.904676,14.531665,0,2591700,24.477988,Delay-insensitive,1,1.75
391500,aM0ROONJMLKQ323l5OUQNzyqQxJFc1DbDIMHtZAAKQvRUVk4WHTHSP1wTTlOR/ZP,11.631478,13.331768,14.671328,0,2591700,24.477988,Delay-insensitive,1,1.75
391800,aM0ROONJMLKQ323l5OUQNzyqQxJFc1DbDIMHtZAAKQvRUVk4WHTHSP1wTTlOR/ZP,11.585004,12.714232,13.50445,0,2591700,24.477988,Delay-insensitive,1,1.75
392100,aM0ROONJMLKQ323l5OUQNzyqQxJFc1DbDIMHtZAAKQvRUVk4WHTHSP1wTTlOR/ZP,11.696227,12.999326,14.490711,0,2591700,24.477988,Delay-insensitive,1,1.75
392400,aM0ROONJMLKQ323l5OUQNzyqQxJFc1DbDIMHtZAAKQvRUVk4WHTHSP1wTTlOR/ZP,12.188066,13.150835,14.346607,0,2591700,24.477988,Delay-insensitive,1,1.75
392700,aM0ROONJMLKQ323l5OUQNzyqQxJFc1DbDIMHtZAAKQvRUVk4WHTHSP1wTTlOR/ZP,10.873527,12.783519,13.796832,0,2591700,24.477988,Delay-insensitive,1,1.75
393000,aM0ROONJMLKQ323l5OUQNzyqQxJFc1DbDIMHtZAAKQvRUVk4WHTHSP1wTTlOR/ZP,10.499547,12.528142,14.003824,0,2591700,24.477988,Delay-insensitive,1,1.75
393300,aM0ROONJMLKQ323l5OUQNzyqQxJFc1DbDIMHtZAAKQvRUVk4WHTHSP1wTTlOR/ZP,12.395407,13.697016,15.367906,0,2591700,24.477988,Delay-insensitive,1,1.75
393600,aM0ROONJMLKQ323l5OUQNzyqQxJFc1DbDIMHtZAAKQvRUVk4WHTHSP1wTTlOR/ZP,12.242604,13.217524,14.331163,0,2591700,24.477988,Delay-insensitive,1,1.75
393900,aM0ROONJMLKQ323l5OUQNzyqQxJFc1DbDIMHtZAAKQvRUVk4WHTHSP1wTTlOR/ZP,11.374728,12.79977,14.14726,0,2591700,24.477988,Delay-insensitive,1,1.75
394200,aM0ROONJMLKQ323l5OUQNzyqQxJFc1DbDIMHtZAAKQvRUVk4WHTHSP1wTTlOR/ZP,12.410932,13.20283,14.060797,0,2591700,24.477988,Delay-insensitive,1,1.75
394500,aM0ROONJMLKQ323l5OUQNzyqQxJFc1DbDIMHtZAAKQvRUVk4WHTHSP1wTTlOR/ZP,11.621417999999998,13.073785,14.333447,0,2591700,24.477988,Delay-insensitive,1,1.75
394800,aM0ROONJMLKQ323l5OUQNzyqQxJFc1DbDIMHtZAAKQvRUVk4WHTHSP1wTTlOR/ZP,12.11105,13.061101,13.800062,0,2591700,24.477988,Delay-insensitive,1,1.75
395100,aM0ROONJMLKQ323l5OUQNzyqQxJFc1DbDIMHtZAAKQvRUVk4WHTHSP1wTTlOR/ZP,10.393133,13.363321,14.746119,0,2591700,24.477988,Delay-insensitive,1,1.75
395400,aM0ROONJMLKQ323l5OUQNzyqQxJFc1DbDIMHtZAAKQvRUVk4WHTHSP1wTTlOR/ZP,12.404713,13.71408,16.379652,0,2591700,24.477988,Delay-insensitive,1,1.75
395700,aM0ROONJMLKQ323l5OUQNzyqQxJFc1DbDIMHtZAAKQvRUVk4WHTHSP1wTTlOR/ZP,11.920178,13.366215,14.984611,0,2591700,24.477988,Delay-insensitive,1,1.75
396000,aM0ROONJMLKQ323l5OUQNzyqQxJFc1DbDIMHtZAAKQvRUVk4WHTHSP1wTTlOR/ZP,12.104637,13.3582,14.104603,0,2591700,24.477988,Delay-insensitive,1,1.75
396300,aM0ROONJMLKQ323l5OUQNzyqQxJFc1DbDIMHtZAAKQvRUVk4WHTHSP1wTTlOR/ZP,12.0962,13.50286,15.322010999999998,0,2591700,24.477988,Delay-insensitive,1,1.75
396600,aM0ROONJMLKQ323l5OUQNzyqQxJFc1DbDIMHtZAAKQvRUVk4WHTHSP1wTTlOR/ZP,11.654231,13.131368,14.553372,0,2591700,24.477988,Delay-insensitive,1,1.75
396900,aM0ROONJMLKQ323l5OUQNzyqQxJFc1DbDIMHtZAAKQvRUVk4WHTHSP1wTTlOR/ZP,12.539847,13.699432,14.691279000000002,0,2591700,24.477988,Delay-insensitive,1,1.75
397200,aM0ROONJMLKQ323l5OUQNzyqQxJFc1DbDIMHtZAAKQvRUVk4WHTHSP1wTTlOR/ZP,12.024024,13.174079,14.25228,0,2591700,24.477988,Delay-insensitive,1,1.75
397500,aM0ROONJMLKQ323l5OUQNzyqQxJFc1DbDIMHtZAAKQvRUVk4WHTHSP1wTTlOR/ZP,12.482917,13.037529,13.819246,0,2591700,24.477988,Delay-insensitive,1,1.75
397800,aM0ROONJMLKQ323l5OUQNzyqQxJFc1DbDIMHtZAAKQvRUVk4WHTHSP1wTTlOR/ZP,12.520534,13.305122,14.796302,0,2591700,24.477988,Delay-insensitive,1,1.75
398100,aM0ROONJMLKQ323l5OUQNzyqQxJFc1DbDIMHtZAAKQvRUVk4WHTHSP1wTTlOR/ZP,12.519842,13.626573,14.536810999999998,0,2591700,24.477988,Delay-insensitive,1,1.75
398400,aM0ROONJMLKQ323l5OUQNzyqQxJFc1DbDIMHtZAAKQvRUVk4WHTHSP1wTTlOR/ZP,11.973812,13.752538,17.761728,0,2591700,24.477988,Delay-insensitive,1,1.75
398700,aM0ROONJMLKQ323l5OUQNzyqQxJFc1DbDIMHtZAAKQvRUVk4WHTHSP1wTTlOR/ZP,12.424046,13.864243,15.521374,0,2591700,24.477988,Delay-insensitive,1,1.75
399000,aM0ROONJMLKQ323l5OUQNzyqQxJFc1DbDIMHtZAAKQvRUVk4WHTHSP1wTTlOR/ZP,9.740498,13.142197,14.289816,0,2591700,24.477988,Delay-insensitive,1,1.75
399300,aM0ROONJMLKQ323l5OUQNzyqQxJFc1DbDIMHtZAAKQvRUVk4WHTHSP1wTTlOR/ZP,9.796809,12.956372,16.476636,0,2591700,24.477988,Delay-insensitive,1,1.75
399600,aM0ROONJMLKQ323l5OUQNzyqQxJFc1DbDIMHtZAAKQvRUVk4WHTHSP1wTTlOR/ZP,11.781782000000002,13.110069,15.510174,0,2591700,24.477988,Delay-insensitive,1,1.75
399900,aM0ROONJMLKQ323l5OUQNzyqQxJFc1DbDIMHtZAAKQvRUVk4WHTHSP1wTTlOR/ZP,10.886388,12.844013,14.219654,0,2591700,24.477988,Delay-insensitive,1,1.75
400200,aM0ROONJMLKQ323l5OUQNzyqQxJFc1DbDIMHtZAAKQvRUVk4WHTHSP1wTTlOR/ZP,11.436537,13.091419,15.746843,0,2591700,24.477988,Delay-insensitive,1,1.75
400500,aM0ROONJMLKQ323l5OUQNzyqQxJFc1DbDIMHtZAAKQvRUVk4WHTHSP1wTTlOR/ZP,11.246918,12.878583,15.525004,0,2591700,24.477988,Delay-insensitive,1,1.75
400800,aM0ROONJMLKQ323l5OUQNzyqQxJFc1DbDIMHtZAAKQvRUVk4WHTHSP1wTTlOR/ZP,11.474948,12.922927,14.614168,0,2591700,24.477988,Delay-insensitive,1,1.75
401100,aM0ROONJMLKQ323l5OUQNzyqQxJFc1DbDIMHtZAAKQvRUVk4WHTHSP1wTTlOR/ZP,10.909156,12.334285,13.506444,0,2591700,24.477988,Delay-insensitive,1,1.75
401400,aM0ROONJMLKQ323l5OUQNzyqQxJFc1DbDIMHtZAAKQvRUVk4WHTHSP1wTTlOR/ZP,11.033509,12.612975,15.288926000000002,0,2591700,24.477988,Delay-insensitive,1,1.75
401700,aM0ROONJMLKQ323l5OUQNzyqQxJFc1DbDIMHtZAAKQvRUVk4WHTHSP1wTTlOR/ZP,9.916274,12.64904,14.475907,0,2591700,24.477988,Delay-insensitive,1,1.75
402000,aM0ROONJMLKQ323l5OUQNzyqQxJFc1DbDIMHtZAAKQvRUVk4WHTHSP1wTTlOR/ZP,11.716708,13.258036,14.72784,0,2591700,24.477988,Delay-insensitive,1,1.75
402300,aM0ROONJMLKQ323l5OUQNzyqQxJFc1DbDIMHtZAAKQvRUVk4WHTHSP1wTTlOR/ZP,11.500609,13.221963,15.37597,0,2591700,24.477988,Delay-insensitive,1,1.75
402600,aM0ROONJMLKQ323l5OUQNzyqQxJFc1DbDIMHtZAAKQvRUVk4WHTHSP1wTTlOR/ZP,11.566972,12.962312,15.948883,0,2591700,24.477988,Delay-insensitive,1,1.75
402900,aM0ROONJMLKQ323l5OUQNzyqQxJFc1DbDIMHtZAAKQvRUVk4WHTHSP1wTTlOR/ZP,11.456982,12.30208,14.5137,0,2591700,24.477988,Delay-insensitive,1,1.75
403200,aM0ROONJMLKQ323l5OUQNzyqQxJFc1DbDIMHtZAAKQvRUVk4WHTHSP1wTTlOR/ZP,11.481494,12.844401,15.632309,0,2591700,24.477988,Delay-insensitive,1,1.75
403500,aM0ROONJMLKQ323l5OUQNzyqQxJFc1DbDIMHtZAAKQvRUVk4WHTHSP1wTTlOR/ZP,12.071164,13.518783,15.414210999999998,0,2591700,24.477988,Delay-insensitive,1,1.75
403800,aM0ROONJMLKQ323l5OUQNzyqQxJFc1DbDIMHtZAAKQvRUVk4WHTHSP1wTTlOR/ZP,12.226031,13.417473,16.016017,0,2591700,24.477988,Delay-insensitive,1,1.75
404100,aM0ROONJMLKQ323l5OUQNzyqQxJFc1DbDIMHtZAAKQvRUVk4WHTHSP1wTTlOR/ZP,12.401513,14.051557999999998,17.141839,0,2591700,24.477988,Delay-insensitive,1,1.75
404400,aM0ROONJMLKQ323l5OUQNzyqQxJFc1DbDIMHtZAAKQvRUVk4WHTHSP1wTTlOR/ZP,12.283603,14.028128,16.48341,0,2591700,24.477988,Delay-insensitive,1,1.75
404700,aM0ROONJMLKQ323l5OUQNzyqQxJFc1DbDIMHtZAAKQvRUVk4WHTHSP1wTTlOR/ZP,12.436575,14.176914000000002,16.205585,0,2591700,24.477988,Delay-insensitive,1,1.75
405000,aM0ROONJMLKQ323l5OUQNzyqQxJFc1DbDIMHtZAAKQvRUVk4WHTHSP1wTTlOR/ZP,12.271266,14.252068,16.71858,0,2591700,24.477988,Delay-insensitive,1,1.75
405300,aM0ROONJMLKQ323l5OUQNzyqQxJFc1DbDIMHtZAAKQvRUVk4WHTHSP1wTTlOR/ZP,12.24057,14.452343,19.153932,0,2591700,24.477988,Delay-insensitive,1,1.75
405600,aM0ROONJMLKQ323l5OUQNzyqQxJFc1DbDIMHtZAAKQvRUVk4WHTHSP1wTTlOR/ZP,11.941698,13.959635,14.895349,0,2591700,24.477988,Delay-insensitive,1,1.75
405900,aM0ROONJMLKQ323l5OUQNzyqQxJFc1DbDIMHtZAAKQvRUVk4WHTHSP1wTTlOR/ZP,13.072287,14.385028,17.894638,0,2591700,24.477988,Delay-insensitive,1,1.75
406200,aM0ROONJMLKQ323l5OUQNzyqQxJFc1DbDIMHtZAAKQvRUVk4WHTHSP1wTTlOR/ZP,13.168027,14.233686,15.642753,0,2591700,24.477988,Delay-insensitive,1,1.75
406500,aM0ROONJMLKQ323l5OUQNzyqQxJFc1DbDIMHtZAAKQvRUVk4WHTHSP1wTTlOR/ZP,13.210532,14.282471,16.199725,0,2591700,24.477988,Delay-insensitive,1,1.75
406800,aM0ROONJMLKQ323l5OUQNzyqQxJFc1DbDIMHtZAAKQvRUVk4WHTHSP1wTTlOR/ZP,12.23185,13.990696,15.806391,0,2591700,24.477988,Delay-insensitive,1,1.75
407100,aM0ROONJMLKQ323l5OUQNzyqQxJFc1DbDIMHtZAAKQvRUVk4WHTHSP1wTTlOR/ZP,12.689773,13.97546,15.943379,0,2591700,24.477988,Delay-insensitive,1,1.75
407400,aM0ROONJMLKQ323l5OUQNzyqQxJFc1DbDIMHtZAAKQvRUVk4WHTHSP1wTTlOR/ZP,12.474195,14.115384,16.496893,0,2591700,24.477988,Delay-insensitive,1,1.75
407700,aM0ROONJMLKQ323l5OUQNzyqQxJFc1DbDIMHtZAAKQvRUVk4WHTHSP1wTTlOR/ZP,12.365607,14.241701999999998,16.484368,0,2591700,24.477988,Delay-insensitive,1,1.75
408000,aM0ROONJMLKQ323l5OUQNzyqQxJFc1DbDIMHtZAAKQvRUVk4WHTHSP1wTTlOR/ZP,12.561769,13.976606,16.284330999999998,0,2591700,24.477988,Delay-insensitive,1,1.75
408300,aM0ROONJMLKQ323l5OUQNzyqQxJFc1DbDIMHtZAAKQvRUVk4WHTHSP1wTTlOR/ZP,12.662923,14.030515,15.456644,0,2591700,24.477988,Delay-insensitive,1,1.75
408600,aM0ROONJMLKQ323l5OUQNzyqQxJFc1DbDIMHtZAAKQvRUVk4WHTHSP1wTTlOR/ZP,12.225486,14.556086,19.359167000000003,0,2591700,24.477988,Delay-insensitive,1,1.75
408900,aM0ROONJMLKQ323l5OUQNzyqQxJFc1DbDIMHtZAAKQvRUVk4WHTHSP1wTTlOR/ZP,12.33211,13.782687,14.808095000000002,0,2591700,24.477988,Delay-insensitive,1,1.75
409200,aM0ROONJMLKQ323l5OUQNzyqQxJFc1DbDIMHtZAAKQvRUVk4WHTHSP1wTTlOR/ZP,13.384616,14.918999,22.250563,0,2591700,24.477988,Delay-insensitive,1,1.75
409500,aM0ROONJMLKQ323l5OUQNzyqQxJFc1DbDIMHtZAAKQvRUVk4WHTHSP1wTTlOR/ZP,12.6895,13.849419,15.395353,0,2591700,24.477988,Delay-insensitive,1,1.75
409800,aM0ROONJMLKQ323l5OUQNzyqQxJFc1DbDIMHtZAAKQvRUVk4WHTHSP1wTTlOR/ZP,12.398034,14.623399,16.589752999999998,0,2591700,24.477988,Delay-insensitive,1,1.75
410100,aM0ROONJMLKQ323l5OUQNzyqQxJFc1DbDIMHtZAAKQvRUVk4WHTHSP1wTTlOR/ZP,13.0761,14.771587,20.152672,0,2591700,24.477988,Delay-insensitive,1,1.75
410400,aM0ROONJMLKQ323l5OUQNzyqQxJFc1DbDIMHtZAAKQvRUVk4WHTHSP1wTTlOR/ZP,12.670778,14.049114,15.567857,0,2591700,24.477988,Delay-insensitive,1,1.75
410700,aM0ROONJMLKQ323l5OUQNzyqQxJFc1DbDIMHtZAAKQvRUVk4WHTHSP1wTTlOR/ZP,13.082244,14.204586,17.870451,0,2591700,24.477988,Delay-insensitive,1,1.75
411000,aM0ROONJMLKQ323l5OUQNzyqQxJFc1DbDIMHtZAAKQvRUVk4WHTHSP1wTTlOR/ZP,12.83836,14.250744,15.274212,0,2591700,24.477988,Delay-insensitive,1,1.75
411300,aM0ROONJMLKQ323l5OUQNzyqQxJFc1DbDIMHtZAAKQvRUVk4WHTHSP1wTTlOR/ZP,12.650616,14.161514000000002,17.759171,0,2591700,24.477988,Delay-insensitive,1,1.75
411600,aM0ROONJMLKQ323l5OUQNzyqQxJFc1DbDIMHtZAAKQvRUVk4WHTHSP1wTTlOR/ZP,12.869526,13.801671,14.808131,0,2591700,24.477988,Delay-insensitive,1,1.75
411900,aM0ROONJMLKQ323l5OUQNzyqQxJFc1DbDIMHtZAAKQvRUVk4WHTHSP1wTTlOR/ZP,13.20854,14.857697,21.268636,0,2591700,24.477988,Delay-insensitive,1,1.75
412200,aM0ROONJMLKQ323l5OUQNzyqQxJFc1DbDIMHtZAAKQvRUVk4WHTHSP1wTTlOR/ZP,13.490404000000002,14.033269,14.726671,0,2591700,24.477988,Delay-insensitive,1,1.75
412500,aM0ROONJMLKQ323l5OUQNzyqQxJFc1DbDIMHtZAAKQvRUVk4WHTHSP1wTTlOR/ZP,12.723927,13.828504,14.826642,0,2591700,24.477988,Delay-insensitive,1,1.75
412800,aM0ROONJMLKQ323l5OUQNzyqQxJFc1DbDIMHtZAAKQvRUVk4WHTHSP1wTTlOR/ZP,9.135226,13.626416,14.672851,0,2591700,24.477988,Delay-insensitive,1,1.75
413100,aM0ROONJMLKQ323l5OUQNzyqQxJFc1DbDIMHtZAAKQvRUVk4WHTHSP1wTTlOR/ZP,12.779173,14.090576,15.082456,0,2591700,24.477988,Delay-insensitive,1,1.75
413400,aM0ROONJMLKQ323l5OUQNzyqQxJFc1DbDIMHtZAAKQvRUVk4WHTHSP1wTTlOR/ZP,8.435613,13.100717,14.265081,0,2591700,24.477988,Delay-insensitive,1,1.75
413700,aM0ROONJMLKQ323l5OUQNzyqQxJFc1DbDIMHtZAAKQvRUVk4WHTHSP1wTTlOR/ZP,13.743525,14.375151,15.306223,0,2591700,24.477988,Delay-insensitive,1,1.75
414000,aM0ROONJMLKQ323l5OUQNzyqQxJFc1DbDIMHtZAAKQvRUVk4WHTHSP1wTTlOR/ZP,10.042688,13.578132,15.561547,0,2591700,24.477988,Delay-insensitive,1,1.75
414300,aM0ROONJMLKQ323l5OUQNzyqQxJFc1DbDIMHtZAAKQvRUVk4WHTHSP1wTTlOR/ZP,13.627064,14.212310999999998,15.188175,0,2591700,24.477988,Delay-insensitive,1,1.75
414600,aM0ROONJMLKQ323l5OUQNzyqQxJFc1DbDIMHtZAAKQvRUVk4WHTHSP1wTTlOR/ZP,12.4697,13.799717,15.146278,0,2591700,24.477988,Delay-insensitive,1,1.75
414900,aM0ROONJMLKQ323l5OUQNzyqQxJFc1DbDIMHtZAAKQvRUVk4WHTHSP1wTTlOR/ZP,13.462531,13.94991,15.394422,0,2591700,24.477988,Delay-insensitive,1,1.75
415200,aM0ROONJMLKQ323l5OUQNzyqQxJFc1DbDIMHtZAAKQvRUVk4WHTHSP1wTTlOR/ZP,12.990768,14.606965,20.545998,0,2591700,24.477988,Delay-insensitive,1,1.75
415500,aM0ROONJMLKQ323l5OUQNzyqQxJFc1DbDIMHtZAAKQvRUVk4WHTHSP1wTTlOR/ZP,11.988783,14.112751,18.867613,0,2591700,24.477988,Delay-insensitive,1,1.75
415800,aM0ROONJMLKQ323l5OUQNzyqQxJFc1DbDIMHtZAAKQvRUVk4WHTHSP1wTTlOR/ZP,12.11996,13.587181,15.258117000000002,0,2591700,24.477988,Delay-insensitive,1,1.75
416100,aM0ROONJMLKQ323l5OUQNzyqQxJFc1DbDIMHtZAAKQvRUVk4WHTHSP1wTTlOR/ZP,11.670272,13.548776,14.807325,0,2591700,24.477988,Delay-insensitive,1,1.75
416400,aM0ROONJMLKQ323l5OUQNzyqQxJFc1DbDIMHtZAAKQvRUVk4WHTHSP1wTTlOR/ZP,12.519398,13.716856,14.707710999999998,0,2591700,24.477988,Delay-insensitive,1,1.75
416700,aM0ROONJMLKQ323l5OUQNzyqQxJFc1DbDIMHtZAAKQvRUVk4WHTHSP1wTTlOR/ZP,13.010566,14.28692,17.131908,0,2591700,24.477988,Delay-insensitive,1,1.75
417000,aM0ROONJMLKQ323l5OUQNzyqQxJFc1DbDIMHtZAAKQvRUVk4WHTHSP1wTTlOR/ZP,13.049723,14.069338,15.583151,0,2591700,24.477988,Delay-insensitive,1,1.75
417300,aM0ROONJMLKQ323l5OUQNzyqQxJFc1DbDIMHtZAAKQvRUVk4WHTHSP1wTTlOR/ZP,12.122087,14.200979,16.171615,0,2591700,24.477988,Delay-insensitive,1,1.75
417600,aM0ROONJMLKQ323l5OUQNzyqQxJFc1DbDIMHtZAAKQvRUVk4WHTHSP1wTTlOR/ZP,12.255165,13.649114,15.080555,0,2591700,24.477988,Delay-insensitive,1,1.75
417900,aM0ROONJMLKQ323l5OUQNzyqQxJFc1DbDIMHtZAAKQvRUVk4WHTHSP1wTTlOR/ZP,10.525073,13.613292,14.809619,0,2591700,24.477988,Delay-insensitive,1,1.75
418200,aM0ROONJMLKQ323l5OUQNzyqQxJFc1DbDIMHtZAAKQvRUVk4WHTHSP1wTTlOR/ZP,11.201492,14.108154999999998,15.110387,0,2591700,24.477988,Delay-insensitive,1,1.75
418500,aM0ROONJMLKQ323l5OUQNzyqQxJFc1DbDIMHtZAAKQvRUVk4WHTHSP1wTTlOR/ZP,13.483432999999998,14.249026999999998,15.469748,0,2591700,24.477988,Delay-insensitive,1,1.75
418800,aM0ROONJMLKQ323l5OUQNzyqQxJFc1DbDIMHtZAAKQvRUVk4WHTHSP1wTTlOR/ZP,9.037925,12.97854,14.448571,0,2591700,24.477988,Delay-insensitive,1,1.75
419100,aM0ROONJMLKQ323l5OUQNzyqQxJFc1DbDIMHtZAAKQvRUVk4WHTHSP1wTTlOR/ZP,12.391087,13.917785999999998,14.840245,0,2591700,24.477988,Delay-insensitive,1,1.75
419400,aM0ROONJMLKQ323l5OUQNzyqQxJFc1DbDIMHtZAAKQvRUVk4WHTHSP1wTTlOR/ZP,9.896429,13.462711,14.750522,0,2591700,24.477988,Delay-insensitive,1,1.75
419700,aM0ROONJMLKQ323l5OUQNzyqQxJFc1DbDIMHtZAAKQvRUVk4WHTHSP1wTTlOR/ZP,12.362367,13.571518,14.608445,0,2591700,24.477988,Delay-insensitive,1,1.75
420000,aM0ROONJMLKQ323l5OUQNzyqQxJFc1DbDIMHtZAAKQvRUVk4WHTHSP1wTTlOR/ZP,12.753588,13.836679,15.016496,0,2591700,24.477988,Delay-insensitive,1,1.75
420300,aM0ROONJMLKQ323l5OUQNzyqQxJFc1DbDIMHtZAAKQvRUVk4WHTHSP1wTTlOR/ZP,12.808409,13.94755,14.817285,0,2591700,24.477988,Delay-insensitive,1,1.75
420600,aM0ROONJMLKQ323l5OUQNzyqQxJFc1DbDIMHtZAAKQvRUVk4WHTHSP1wTTlOR/ZP,10.705717,13.437148,14.779212,0,2591700,24.477988,Delay-insensitive,1,1.75
420900,aM0ROONJMLKQ323l5OUQNzyqQxJFc1DbDIMHtZAAKQvRUVk4WHTHSP1wTTlOR/ZP,11.915357,13.939855,15.653765,0,2591700,24.477988,Delay-insensitive,1,1.75
421200,aM0ROONJMLKQ323l5OUQNzyqQxJFc1DbDIMHtZAAKQvRUVk4WHTHSP1wTTlOR/ZP,12.518747,13.80249,15.508528,0,2591700,24.477988,Delay-insensitive,1,1.75
421500,aM0ROONJMLKQ323l5OUQNzyqQxJFc1DbDIMHtZAAKQvRUVk4WHTHSP1wTTlOR/ZP,10.981565,13.257709,14.812738,0,2591700,24.477988,Delay-insensitive,1,1.75
421800,aM0ROONJMLKQ323l5OUQNzyqQxJFc1DbDIMHtZAAKQvRUVk4WHTHSP1wTTlOR/ZP,12.836528,13.953532999999998,15.572364000000002,0,2591700,24.477988,Delay-insensitive,1,1.75
422100,aM0ROONJMLKQ323l5OUQNzyqQxJFc1DbDIMHtZAAKQvRUVk4WHTHSP1wTTlOR/ZP,13.122082,13.937104,15.013091,0,2591700,24.477988,Delay-insensitive,1,1.75
422400,aM0ROONJMLKQ323l5OUQNzyqQxJFc1DbDIMHtZAAKQvRUVk4WHTHSP1wTTlOR/ZP,12.147363,13.581139000000002,15.997684,0,2591700,24.477988,Delay-insensitive,1,1.75
422700,aM0ROONJMLKQ323l5OUQNzyqQxJFc1DbDIMHtZAAKQvRUVk4WHTHSP1wTTlOR/ZP,12.300324,15.276666,22.431317,0,2591700,24.477988,Delay-insensitive,1,1.75
423000,aM0ROONJMLKQ323l5OUQNzyqQxJFc1DbDIMHtZAAKQvRUVk4WHTHSP1wTTlOR/ZP,12.534139,13.956860999999998,15.62206,0,2591700,24.477988,Delay-insensitive,1,1.75
423300,aM0ROONJMLKQ323l5OUQNzyqQxJFc1DbDIMHtZAAKQvRUVk4WHTHSP1wTTlOR/ZP,12.746633,13.870002,15.813138,0,2591700,24.477988,Delay-insensitive,1,1.75
423600,aM0ROONJMLKQ323l5OUQNzyqQxJFc1DbDIMHtZAAKQvRUVk4WHTHSP1wTTlOR/ZP,11.595526,13.774406,15.946612,0,2591700,24.477988,Delay-insensitive,1,1.75
423900,aM0ROONJMLKQ323l5OUQNzyqQxJFc1DbDIMHtZAAKQvRUVk4WHTHSP1wTTlOR/ZP,12.956899,13.967878,15.451392000000002,0,2591700,24.477988,Delay-insensitive,1,1.75
424200,aM0ROONJMLKQ323l5OUQNzyqQxJFc1DbDIMHtZAAKQvRUVk4WHTHSP1wTTlOR/ZP,13.570547,14.430146,15.372193,0,2591700,24.477988,Delay-insensitive,1,1.75
424500,aM0ROONJMLKQ323l5OUQNzyqQxJFc1DbDIMHtZAAKQvRUVk4WHTHSP1wTTlOR/ZP,12.937323,14.21489,16.193199,0,2591700,24.477988,Delay-insensitive,1,1.75
424800,aM0ROONJMLKQ323l5OUQNzyqQxJFc1DbDIMHtZAAKQvRUVk4WHTHSP1wTTlOR/ZP,12.463281,13.90462,16.208918,0,2591700,24.477988,Delay-insensitive,1,1.75
425100,aM0ROONJMLKQ323l5OUQNzyqQxJFc1DbDIMHtZAAKQvRUVk4WHTHSP1wTTlOR/ZP,13.054659,14.245613,17.803389000000003,0,2591700,24.477988,Delay-insensitive,1,1.75
425400,aM0ROONJMLKQ323l5OUQNzyqQxJFc1DbDIMHtZAAKQvRUVk4WHTHSP1wTTlOR/ZP,11.580535,15.699439000000002,25.311801000000003,0,2591700,24.477988,Delay-insensitive,1,1.75
425700,aM0ROONJMLKQ323l5OUQNzyqQxJFc1DbDIMHtZAAKQvRUVk4WHTHSP1wTTlOR/ZP,13.336474,14.070548,14.910123,0,2591700,24.477988,Delay-insensitive,1,1.75
426000,aM0ROONJMLKQ323l5OUQNzyqQxJFc1DbDIMHtZAAKQvRUVk4WHTHSP1wTTlOR/ZP,12.07711,13.538853,14.520045,0,2591700,24.477988,Delay-insensitive,1,1.75
426300,aM0ROONJMLKQ323l5OUQNzyqQxJFc1DbDIMHtZAAKQvRUVk4WHTHSP1wTTlOR/ZP,11.750498,13.581207,15.324517000000002,0,2591700,24.477988,Delay-insensitive,1,1.75
426600,aM0ROONJMLKQ323l5OUQNzyqQxJFc1DbDIMHtZAAKQvRUVk4WHTHSP1wTTlOR/ZP,11.745667999999998,13.253062,14.626244,0,2591700,24.477988,Delay-insensitive,1,1.75
426900,aM0ROONJMLKQ323l5OUQNzyqQxJFc1DbDIMHtZAAKQvRUVk4WHTHSP1wTTlOR/ZP,11.972157,12.971972,14.99775,0,2591700,24.477988,Delay-insensitive,1,1.75
427200,aM0ROONJMLKQ323l5OUQNzyqQxJFc1DbDIMHtZAAKQvRUVk4WHTHSP1wTTlOR/ZP,11.134184,12.861478,14.828077,0,2591700,24.477988,Delay-insensitive,1,1.75
427500,aM0ROONJMLKQ323l5OUQNzyqQxJFc1DbDIMHtZAAKQvRUVk4WHTHSP1wTTlOR/ZP,12.083059,13.27684,15.984828,0,2591700,24.477988,Delay-insensitive,1,1.75
427800,aM0ROONJMLKQ323l5OUQNzyqQxJFc1DbDIMHtZAAKQvRUVk4WHTHSP1wTTlOR/ZP,11.907391,13.004813,14.618170999999998,0,2591700,24.477988,Delay-insensitive,1,1.75
428100,aM0ROONJMLKQ323l5OUQNzyqQxJFc1DbDIMHtZAAKQvRUVk4WHTHSP1wTTlOR/ZP,12.005619,13.602138,17.376857,0,2591700,24.477988,Delay-insensitive,1,1.75
428400,aM0ROONJMLKQ323l5OUQNzyqQxJFc1DbDIMHtZAAKQvRUVk4WHTHSP1wTTlOR/ZP,12.62881,13.415498,14.384719,0,2591700,24.477988,Delay-insensitive,1,1.75
428700,aM0ROONJMLKQ323l5OUQNzyqQxJFc1DbDIMHtZAAKQvRUVk4WHTHSP1wTTlOR/ZP,11.891298,13.186431,15.113826,0,2591700,24.477988,Delay-insensitive,1,1.75
429000,aM0ROONJMLKQ323l5OUQNzyqQxJFc1DbDIMHtZAAKQvRUVk4WHTHSP1wTTlOR/ZP,11.641219,13.05668,14.872666,0,2591700,24.477988,Delay-insensitive,1,1.75
429300,aM0ROONJMLKQ323l5OUQNzyqQxJFc1DbDIMHtZAAKQvRUVk4WHTHSP1wTTlOR/ZP,12.301646,13.54745,16.999639000000002,0,2591700,24.477988,Delay-insensitive,1,1.75
429600,aM0ROONJMLKQ323l5OUQNzyqQxJFc1DbDIMHtZAAKQvRUVk4WHTHSP1wTTlOR/ZP,11.321521,12.807399,14.903222,0,2591700,24.477988,Delay-insensitive,1,1.75
429900,aM0ROONJMLKQ323l5OUQNzyqQxJFc1DbDIMHtZAAKQvRUVk4WHTHSP1wTTlOR/ZP,11.43556,12.691611,13.847563,0,2591700,24.477988,Delay-insensitive,1,1.75
430200,aM0ROONJMLKQ323l5OUQNzyqQxJFc1DbDIMHtZAAKQvRUVk4WHTHSP1wTTlOR/ZP,11.914049,12.676317,13.315816,0,2591700,24.477988,Delay-insensitive,1,1.75
430500,aM0ROONJMLKQ323l5OUQNzyqQxJFc1DbDIMHtZAAKQvRUVk4WHTHSP1wTTlOR/ZP,11.761958,12.601406,13.555832,0,2591700,24.477988,Delay-insensitive,1,1.75
430800,aM0ROONJMLKQ323l5OUQNzyqQxJFc1DbDIMHtZAAKQvRUVk4WHTHSP1wTTlOR/ZP,9.699351,12.487842,14.127189,0,2591700,24.477988,Delay-insensitive,1,1.75
431100,aM0ROONJMLKQ323l5OUQNzyqQxJFc1DbDIMHtZAAKQvRUVk4WHTHSP1wTTlOR/ZP,11.719955,12.800614,13.879779999999998,0,2591700,24.477988,Delay-insensitive,1,1.75
431400,aM0ROONJMLKQ323l5OUQNzyqQxJFc1DbDIMHtZAAKQvRUVk4WHTHSP1wTTlOR/ZP,8.952029,12.781814,14.935501,0,2591700,24.477988,Delay-insensitive,1,1.75
431700,aM0ROONJMLKQ323l5OUQNzyqQxJFc1DbDIMHtZAAKQvRUVk4WHTHSP1wTTlOR/ZP,11.817164,12.724188,14.310999,0,2591700,24.477988,Delay-insensitive,1,1.75
432000,aM0ROONJMLKQ323l5OUQNzyqQxJFc1DbDIMHtZAAKQvRUVk4WHTHSP1wTTlOR/ZP,6.622601,12.215227,13.990125,0,2591700,24.477988,Delay-insensitive,1,1.75
432300,aM0ROONJMLKQ323l5OUQNzyqQxJFc1DbDIMHtZAAKQvRUVk4WHTHSP1wTTlOR/ZP,7.228435,12.370375,13.645576,0,2591700,24.477988,Delay-insensitive,1,1.75
432600,aM0ROONJMLKQ323l5OUQNzyqQxJFc1DbDIMHtZAAKQvRUVk4WHTHSP1wTTlOR/ZP,11.880728,12.549527,13.792583,0,2591700,24.477988,Delay-insensitive,1,1.75
432900,aM0ROONJMLKQ323l5OUQNzyqQxJFc1DbDIMHtZAAKQvRUVk4WHTHSP1wTTlOR/ZP,8.836994,12.163731,13.1929,0,2591700,24.477988,Delay-insensitive,1,1.75
433200,aM0ROONJMLKQ323l5OUQNzyqQxJFc1DbDIMHtZAAKQvRUVk4WHTHSP1wTTlOR/ZP,11.344789,12.455025,13.340031,0,2591700,24.477988,Delay-insensitive,1,1.75
433500,aM0ROONJMLKQ323l5OUQNzyqQxJFc1DbDIMHtZAAKQvRUVk4WHTHSP1wTTlOR/ZP,8.71004,12.327217999999998,13.915335999999998,0,2591700,24.477988,Delay-insensitive,1,1.75
433800,aM0ROONJMLKQ323l5OUQNzyqQxJFc1DbDIMHtZAAKQvRUVk4WHTHSP1wTTlOR/ZP,11.098241,12.325567,12.952699,0,2591700,24.477988,Delay-insensitive,1,1.75
434100,aM0ROONJMLKQ323l5OUQNzyqQxJFc1DbDIMHtZAAKQvRUVk4WHTHSP1wTTlOR/ZP,9.07378,12.206125,13.467054999999998,0,2591700,24.477988,Delay-insensitive,1,1.75
434400,aM0ROONJMLKQ323l5OUQNzyqQxJFc1DbDIMHtZAAKQvRUVk4WHTHSP1wTTlOR/ZP,12.117279,12.726346,14.229445000000002,0,2591700,24.477988,Delay-insensitive,1,1.75
434700,aM0ROONJMLKQ323l5OUQNzyqQxJFc1DbDIMHtZAAKQvRUVk4WHTHSP1wTTlOR/ZP,9.213085,12.345475,13.484617000000002,0,2591700,24.477988,Delay-insensitive,1,1.75
435000,aM0ROONJMLKQ323l5OUQNzyqQxJFc1DbDIMHtZAAKQvRUVk4WHTHSP1wTTlOR/ZP,9.766988,12.408467,13.407497,0,2591700,24.477988,Delay-insensitive,1,1.75
435300,aM0ROONJMLKQ323l5OUQNzyqQxJFc1DbDIMHtZAAKQvRUVk4WHTHSP1wTTlOR/ZP,11.902629,12.795791,14.292329,0,2591700,24.477988,Delay-insensitive,1,1.75
435600,aM0ROONJMLKQ323l5OUQNzyqQxJFc1DbDIMHtZAAKQvRUVk4WHTHSP1wTTlOR/ZP,9.307677,12.275594,13.880633,0,2591700,24.477988,Delay-insensitive,1,1.75
435900,aM0ROONJMLKQ323l5OUQNzyqQxJFc1DbDIMHtZAAKQvRUVk4WHTHSP1wTTlOR/ZP,11.26682,12.785174,14.121716,0,2591700,24.477988,Delay-insensitive,1,1.75
436200,aM0ROONJMLKQ323l5OUQNzyqQxJFc1DbDIMHtZAAKQvRUVk4WHTHSP1wTTlOR/ZP,4.281421,12.206149,14.147301,0,2591700,24.477988,Delay-insensitive,1,1.75
436500,aM0ROONJMLKQ323l5OUQNzyqQxJFc1DbDIMHtZAAKQvRUVk4WHTHSP1wTTlOR/ZP,11.850928,13.093622,14.613279,0,2591700,24.477988,Delay-insensitive,1,1.75
436800,aM0ROONJMLKQ323l5OUQNzyqQxJFc1DbDIMHtZAAKQvRUVk4WHTHSP1wTTlOR/ZP,6.986864999999999,12.226856,13.885772,0,2591700,24.477988,Delay-insensitive,1,1.75
437100,aM0ROONJMLKQ323l5OUQNzyqQxJFc1DbDIMHtZAAKQvRUVk4WHTHSP1wTTlOR/ZP,12.430842,13.305232,14.281021,0,2591700,24.477988,Delay-insensitive,1,1.75
437400,aM0ROONJMLKQ323l5OUQNzyqQxJFc1DbDIMHtZAAKQvRUVk4WHTHSP1wTTlOR/ZP,4.943099,12.650779,14.841729,0,2591700,24.477988,Delay-insensitive,1,1.75
437700,aM0ROONJMLKQ323l5OUQNzyqQxJFc1DbDIMHtZAAKQvRUVk4WHTHSP1wTTlOR/ZP,7.783361,12.898783,14.703682,0,2591700,24.477988,Delay-insensitive,1,1.75
438000,aM0ROONJMLKQ323l5OUQNzyqQxJFc1DbDIMHtZAAKQvRUVk4WHTHSP1wTTlOR/ZP,12.079339,13.359798,14.810652,0,2591700,24.477988,Delay-insensitive,1,1.75
438300,aM0ROONJMLKQ323l5OUQNzyqQxJFc1DbDIMHtZAAKQvRUVk4WHTHSP1wTTlOR/ZP,9.335826,13.072642,14.78421,0,2591700,24.477988,Delay-insensitive,1,1.75
438600,aM0ROONJMLKQ323l5OUQNzyqQxJFc1DbDIMHtZAAKQvRUVk4WHTHSP1wTTlOR/ZP,13.31549,14.209206,15.694294,0,2591700,24.477988,Delay-insensitive,1,1.75
438900,aM0ROONJMLKQ323l5OUQNzyqQxJFc1DbDIMHtZAAKQvRUVk4WHTHSP1wTTlOR/ZP,9.033187,13.470927,14.862698000000002,0,2591700,24.477988,Delay-insensitive,1,1.75
439200,aM0ROONJMLKQ323l5OUQNzyqQxJFc1DbDIMHtZAAKQvRUVk4WHTHSP1wTTlOR/ZP,12.221942,13.415928,14.162810999999998,0,2591700,24.477988,Delay-insensitive,1,1.75
439500,aM0ROONJMLKQ323l5OUQNzyqQxJFc1DbDIMHtZAAKQvRUVk4WHTHSP1wTTlOR/ZP,10.080989,13.341223,14.787432,0,2591700,24.477988,Delay-insensitive,1,1.75
439800,aM0ROONJMLKQ323l5OUQNzyqQxJFc1DbDIMHtZAAKQvRUVk4WHTHSP1wTTlOR/ZP,12.824847,13.88258,15.267829,0,2591700,24.477988,Delay-insensitive,1,1.75
440100,aM0ROONJMLKQ323l5OUQNzyqQxJFc1DbDIMHtZAAKQvRUVk4WHTHSP1wTTlOR/ZP,11.79262,13.856638,14.733427,0,2591700,24.477988,Delay-insensitive,1,1.75
440400,aM0ROONJMLKQ323l5OUQNzyqQxJFc1DbDIMHtZAAKQvRUVk4WHTHSP1wTTlOR/ZP,12.23586,13.290093,14.656029,0,2591700,24.477988,Delay-insensitive,1,1.75
440700,aM0ROONJMLKQ323l5OUQNzyqQxJFc1DbDIMHtZAAKQvRUVk4WHTHSP1wTTlOR/ZP,12.10421,13.361382,14.953457,0,2591700,24.477988,Delay-insensitive,1,1.75
441000,aM0ROONJMLKQ323l5OUQNzyqQxJFc1DbDIMHtZAAKQvRUVk4WHTHSP1wTTlOR/ZP,11.260448,13.240488,14.16371,0,2591700,24.477988,Delay-insensitive,1,1.75
441300,aM0ROONJMLKQ323l5OUQNzyqQxJFc1DbDIMHtZAAKQvRUVk4WHTHSP1wTTlOR/ZP,12.314994,13.634652,14.552271,0,2591700,24.477988,Delay-insensitive,1,1.75
441600,aM0ROONJMLKQ323l5OUQNzyqQxJFc1DbDIMHtZAAKQvRUVk4WHTHSP1wTTlOR/ZP,11.167852,13.26995,14.797753,0,2591700,24.477988,Delay-insensitive,1,1.75
441900,aM0ROONJMLKQ323l5OUQNzyqQxJFc1DbDIMHtZAAKQvRUVk4WHTHSP1wTTlOR/ZP,12.655634,13.416211,14.16417,0,2591700,24.477988,Delay-insensitive,1,1.75
442200,aM0ROONJMLKQ323l5OUQNzyqQxJFc1DbDIMHtZAAKQvRUVk4WHTHSP1wTTlOR/ZP,9.490215,12.973909,14.518697,0,2591700,24.477988,Delay-insensitive,1,1.75
442500,aM0ROONJMLKQ323l5OUQNzyqQxJFc1DbDIMHtZAAKQvRUVk4WHTHSP1wTTlOR/ZP,12.062299,13.764771,15.007017,0,2591700,24.477988,Delay-insensitive,1,1.75
442800,aM0ROONJMLKQ323l5OUQNzyqQxJFc1DbDIMHtZAAKQvRUVk4WHTHSP1wTTlOR/ZP,12.259483,14.788433,24.078557,0,2591700,24.477988,Delay-insensitive,1,1.75
443100,aM0ROONJMLKQ323l5OUQNzyqQxJFc1DbDIMHtZAAKQvRUVk4WHTHSP1wTTlOR/ZP,12.950002,13.668605,14.513436,0,2591700,24.477988,Delay-insensitive,1,1.75
443400,aM0ROONJMLKQ323l5OUQNzyqQxJFc1DbDIMHtZAAKQvRUVk4WHTHSP1wTTlOR/ZP,11.993451,13.53104,14.375433,0,2591700,24.477988,Delay-insensitive,1,1.75
443700,aM0ROONJMLKQ323l5OUQNzyqQxJFc1DbDIMHtZAAKQvRUVk4WHTHSP1wTTlOR/ZP,9.85698,12.967785,14.635537,0,2591700,24.477988,Delay-insensitive,1,1.75
444000,aM0ROONJMLKQ323l5OUQNzyqQxJFc1DbDIMHtZAAKQvRUVk4WHTHSP1wTTlOR/ZP,12.164052,13.576647,14.81807,0,2591700,24.477988,Delay-insensitive,1,1.75
444300,aM0ROONJMLKQ323l5OUQNzyqQxJFc1DbDIMHtZAAKQvRUVk4WHTHSP1wTTlOR/ZP,11.108985,13.395920000000002,15.601952,0,2591700,24.477988,Delay-insensitive,1,1.75
444600,aM0ROONJMLKQ323l5OUQNzyqQxJFc1DbDIMHtZAAKQvRUVk4WHTHSP1wTTlOR/ZP,12.442252,13.419694,15.70532,0,2591700,24.477988,Delay-insensitive,1,1.75
444900,aM0ROONJMLKQ323l5OUQNzyqQxJFc1DbDIMHtZAAKQvRUVk4WHTHSP1wTTlOR/ZP,9.161575,12.669503,14.308973000000002,0,2591700,24.477988,Delay-insensitive,1,1.75
445200,aM0ROONJMLKQ323l5OUQNzyqQxJFc1DbDIMHtZAAKQvRUVk4WHTHSP1wTTlOR/ZP,12.092133,13.642643,15.427775,0,2591700,24.477988,Delay-insensitive,1,1.75
445500,aM0ROONJMLKQ323l5OUQNzyqQxJFc1DbDIMHtZAAKQvRUVk4WHTHSP1wTTlOR/ZP,11.976469,13.329887,15.441566,0,2591700,24.477988,Delay-insensitive,1,1.75
445800,aM0ROONJMLKQ323l5OUQNzyqQxJFc1DbDIMHtZAAKQvRUVk4WHTHSP1wTTlOR/ZP,11.693346,13.545956,15.412906,0,2591700,24.477988,Delay-insensitive,1,1.75
446100,aM0ROONJMLKQ323l5OUQNzyqQxJFc1DbDIMHtZAAKQvRUVk4WHTHSP1wTTlOR/ZP,12.382463,13.763611,15.37926,0,2591700,24.477988,Delay-insensitive,1,1.75
446400,aM0ROONJMLKQ323l5OUQNzyqQxJFc1DbDIMHtZAAKQvRUVk4WHTHSP1wTTlOR/ZP,11.982525,13.412229,14.911062,0,2591700,24.477988,Delay-insensitive,1,1.75
446700,aM0ROONJMLKQ323l5OUQNzyqQxJFc1DbDIMHtZAAKQvRUVk4WHTHSP1wTTlOR/ZP,12.060877,13.511783,14.847270000000002,0,2591700,24.477988,Delay-insensitive,1,1.75
447000,aM0ROONJMLKQ323l5OUQNzyqQxJFc1DbDIMHtZAAKQvRUVk4WHTHSP1wTTlOR/ZP,12.435561,13.715269,14.731691,0,2591700,24.477988,Delay-insensitive,1,1.75
447300,aM0ROONJMLKQ323l5OUQNzyqQxJFc1DbDIMHtZAAKQvRUVk4WHTHSP1wTTlOR/ZP,11.477882,13.457072,15.099597,0,2591700,24.477988,Delay-insensitive,1,1.75
447600,aM0ROONJMLKQ323l5OUQNzyqQxJFc1DbDIMHtZAAKQvRUVk4WHTHSP1wTTlOR/ZP,12.450153,13.720538,15.337228,0,2591700,24.477988,Delay-insensitive,1,1.75
447900,aM0ROONJMLKQ323l5OUQNzyqQxJFc1DbDIMHtZAAKQvRUVk4WHTHSP1wTTlOR/ZP,12.231001,13.487263,15.462896,0,2591700,24.477988,Delay-insensitive,1,1.75
448200,aM0ROONJMLKQ323l5OUQNzyqQxJFc1DbDIMHtZAAKQvRUVk4WHTHSP1wTTlOR/ZP,11.403806,13.420975,14.845048,0,2591700,24.477988,Delay-insensitive,1,1.75
448500,aM0ROONJMLKQ323l5OUQNzyqQxJFc1DbDIMHtZAAKQvRUVk4WHTHSP1wTTlOR/ZP,12.503531,13.532008,14.513645,0,2591700,24.477988,Delay-insensitive,1,1.75
448800,aM0ROONJMLKQ323l5OUQNzyqQxJFc1DbDIMHtZAAKQvRUVk4WHTHSP1wTTlOR/ZP,12.004129,13.233361,14.497751,0,2591700,24.477988,Delay-insensitive,1,1.75
449100,aM0ROONJMLKQ323l5OUQNzyqQxJFc1DbDIMHtZAAKQvRUVk4WHTHSP1wTTlOR/ZP,12.003561,13.352599,15.146698,0,2591700,24.477988,Delay-insensitive,1,1.75
449400,aM0ROONJMLKQ323l5OUQNzyqQxJFc1DbDIMHtZAAKQvRUVk4WHTHSP1wTTlOR/ZP,11.735926,13.442993,14.998036,0,2591700,24.477988,Delay-insensitive,1,1.75
449700,aM0ROONJMLKQ323l5OUQNzyqQxJFc1DbDIMHtZAAKQvRUVk4WHTHSP1wTTlOR/ZP,12.866508,13.95529,17.335046,0,2591700,24.477988,Delay-insensitive,1,1.75
450000,aM0ROONJMLKQ323l5OUQNzyqQxJFc1DbDIMHtZAAKQvRUVk4WHTHSP1wTTlOR/ZP,10.918339,12.231214,13.244039,0,2591700,24.477988,Delay-insensitive,1,1.75
450300,aM0ROONJMLKQ323l5OUQNzyqQxJFc1DbDIMHtZAAKQvRUVk4WHTHSP1wTTlOR/ZP,11.617711,13.366082,18.02915,0,2591700,24.477988,Delay-insensitive,1,1.75
450600,aM0ROONJMLKQ323l5OUQNzyqQxJFc1DbDIMHtZAAKQvRUVk4WHTHSP1wTTlOR/ZP,11.974345,13.272176000000002,14.157158,0,2591700,24.477988,Delay-insensitive,1,1.75
450900,aM0ROONJMLKQ323l5OUQNzyqQxJFc1DbDIMHtZAAKQvRUVk4WHTHSP1wTTlOR/ZP,12.117451,13.644516,17.23988,0,2591700,24.477988,Delay-insensitive,1,1.75
451200,aM0ROONJMLKQ323l5OUQNzyqQxJFc1DbDIMHtZAAKQvRUVk4WHTHSP1wTTlOR/ZP,12.149057,13.391959,16.162478,0,2591700,24.477988,Delay-insensitive,1,1.75
451500,aM0ROONJMLKQ323l5OUQNzyqQxJFc1DbDIMHtZAAKQvRUVk4WHTHSP1wTTlOR/ZP,12.078826,13.110471,14.400605,0,2591700,24.477988,Delay-insensitive,1,1.75
451800,aM0ROONJMLKQ323l5OUQNzyqQxJFc1DbDIMHtZAAKQvRUVk4WHTHSP1wTTlOR/ZP,11.852394,13.738506,18.494465,0,2591700,24.477988,Delay-insensitive,1,1.75
452100,aM0ROONJMLKQ323l5OUQNzyqQxJFc1DbDIMHtZAAKQvRUVk4WHTHSP1wTTlOR/ZP,11.545811,12.833847,14.358011,0,2591700,24.477988,Delay-insensitive,1,1.75
452400,aM0ROONJMLKQ323l5OUQNzyqQxJFc1DbDIMHtZAAKQvRUVk4WHTHSP1wTTlOR/ZP,11.774854,13.587407999999998,20.113357,0,2591700,24.477988,Delay-insensitive,1,1.75
452700,aM0ROONJMLKQ323l5OUQNzyqQxJFc1DbDIMHtZAAKQvRUVk4WHTHSP1wTTlOR/ZP,12.024994,13.050718,15.003753,0,2591700,24.477988,Delay-insensitive,1,1.75
453000,aM0ROONJMLKQ323l5OUQNzyqQxJFc1DbDIMHtZAAKQvRUVk4WHTHSP1wTTlOR/ZP,11.782838,13.861585,15.83889,0,2591700,24.477988,Delay-insensitive,1,1.75
453300,aM0ROONJMLKQ323l5OUQNzyqQxJFc1DbDIMHtZAAKQvRUVk4WHTHSP1wTTlOR/ZP,11.938373,12.767929,14.016645,0,2591700,24.477988,Delay-insensitive,1,1.75
453600,aM0ROONJMLKQ323l5OUQNzyqQxJFc1DbDIMHtZAAKQvRUVk4WHTHSP1wTTlOR/ZP,11.733875,12.857182,15.540467,0,2591700,24.477988,Delay-insensitive,1,1.75
453900,aM0ROONJMLKQ323l5OUQNzyqQxJFc1DbDIMHtZAAKQvRUVk4WHTHSP1wTTlOR/ZP,11.966781,13.295486,15.282148,0,2591700,24.477988,Delay-insensitive,1,1.75
454200,aM0ROONJMLKQ323l5OUQNzyqQxJFc1DbDIMHtZAAKQvRUVk4WHTHSP1wTTlOR/ZP,12.571899,13.148642,13.788667000000002,0,2591700,24.477988,Delay-insensitive,1,1.75
454500,aM0ROONJMLKQ323l5OUQNzyqQxJFc1DbDIMHtZAAKQvRUVk4WHTHSP1wTTlOR/ZP,11.508069,12.876899,13.910277,0,2591700,24.477988,Delay-insensitive,1,1.75
454800,aM0ROONJMLKQ323l5OUQNzyqQxJFc1DbDIMHtZAAKQvRUVk4WHTHSP1wTTlOR/ZP,11.81939,12.979731,13.823307000000002,0,2591700,24.477988,Delay-insensitive,1,1.75
455100,aM0ROONJMLKQ323l5OUQNzyqQxJFc1DbDIMHtZAAKQvRUVk4WHTHSP1wTTlOR/ZP,11.34975,13.333421,14.810434,0,2591700,24.477988,Delay-insensitive,1,1.75
455400,aM0ROONJMLKQ323l5OUQNzyqQxJFc1DbDIMHtZAAKQvRUVk4WHTHSP1wTTlOR/ZP,12.751946,13.767022,14.446473999999998,0,2591700,24.477988,Delay-insensitive,1,1.75
455700,aM0ROONJMLKQ323l5OUQNzyqQxJFc1DbDIMHtZAAKQvRUVk4WHTHSP1wTTlOR/ZP,12.137781,13.252,13.839697,0,2591700,24.477988,Delay-insensitive,1,1.75
456000,aM0ROONJMLKQ323l5OUQNzyqQxJFc1DbDIMHtZAAKQvRUVk4WHTHSP1wTTlOR/ZP,11.827944,12.946149,13.732882,0,2591700,24.477988,Delay-insensitive,1,1.75
456300,aM0ROONJMLKQ323l5OUQNzyqQxJFc1DbDIMHtZAAKQvRUVk4WHTHSP1wTTlOR/ZP,12.467806,13.253323000000002,14.268941,0,2591700,24.477988,Delay-insensitive,1,1.75
456600,aM0ROONJMLKQ323l5OUQNzyqQxJFc1DbDIMHtZAAKQvRUVk4WHTHSP1wTTlOR/ZP,12.09606,13.521982,15.499123,0,2591700,24.477988,Delay-insensitive,1,1.75
456900,aM0ROONJMLKQ323l5OUQNzyqQxJFc1DbDIMHtZAAKQvRUVk4WHTHSP1wTTlOR/ZP,12.217553,13.307293,15.195239,0,2591700,24.477988,Delay-insensitive,1,1.75
457200,aM0ROONJMLKQ323l5OUQNzyqQxJFc1DbDIMHtZAAKQvRUVk4WHTHSP1wTTlOR/ZP,12.410706,13.617963,14.954157,0,2591700,24.477988,Delay-insensitive,1,1.75
457500,aM0ROONJMLKQ323l5OUQNzyqQxJFc1DbDIMHtZAAKQvRUVk4WHTHSP1wTTlOR/ZP,12.505897,13.582097,14.555038,0,2591700,24.477988,Delay-insensitive,1,1.75
457800,aM0ROONJMLKQ323l5OUQNzyqQxJFc1DbDIMHtZAAKQvRUVk4WHTHSP1wTTlOR/ZP,12.099725,13.53551,14.810029,0,2591700,24.477988,Delay-insensitive,1,1.75
458100,aM0ROONJMLKQ323l5OUQNzyqQxJFc1DbDIMHtZAAKQvRUVk4WHTHSP1wTTlOR/ZP,12.478031,13.500379,14.981992000000002,0,2591700,24.477988,Delay-insensitive,1,1.75
458400,aM0ROONJMLKQ323l5OUQNzyqQxJFc1DbDIMHtZAAKQvRUVk4WHTHSP1wTTlOR/ZP,12.225854,13.90223,14.890575,0,2591700,24.477988,Delay-insensitive,1,1.75
458700,aM0ROONJMLKQ323l5OUQNzyqQxJFc1DbDIMHtZAAKQvRUVk4WHTHSP1wTTlOR/ZP,12.420337,13.723628,15.142913,0,2591700,24.477988,Delay-insensitive,1,1.75
459000,aM0ROONJMLKQ323l5OUQNzyqQxJFc1DbDIMHtZAAKQvRUVk4WHTHSP1wTTlOR/ZP,12.7315,13.532942000000002,14.294854999999998,0,2591700,24.477988,Delay-insensitive,1,1.75
459300,aM0ROONJMLKQ323l5OUQNzyqQxJFc1DbDIMHtZAAKQvRUVk4WHTHSP1wTTlOR/ZP,11.590519,13.589726,14.51508,0,2591700,24.477988,Delay-insensitive,1,1.75
459600,aM0ROONJMLKQ323l5OUQNzyqQxJFc1DbDIMHtZAAKQvRUVk4WHTHSP1wTTlOR/ZP,11.794409,13.079906,13.930612,0,2591700,24.477988,Delay-insensitive,1,1.75
459900,aM0ROONJMLKQ323l5OUQNzyqQxJFc1DbDIMHtZAAKQvRUVk4WHTHSP1wTTlOR/ZP,11.333676,13.234735,14.061676,0,2591700,24.477988,Delay-insensitive,1,1.75
460200,aM0ROONJMLKQ323l5OUQNzyqQxJFc1DbDIMHtZAAKQvRUVk4WHTHSP1wTTlOR/ZP,12.590175,13.821663,16.215876,0,2591700,24.477988,Delay-insensitive,1,1.75
460500,aM0ROONJMLKQ323l5OUQNzyqQxJFc1DbDIMHtZAAKQvRUVk4WHTHSP1wTTlOR/ZP,10.088665,13.220239,14.850855,0,2591700,24.477988,Delay-insensitive,1,1.75
460800,aM0ROONJMLKQ323l5OUQNzyqQxJFc1DbDIMHtZAAKQvRUVk4WHTHSP1wTTlOR/ZP,12.717983,13.564137,14.159037,0,2591700,24.477988,Delay-insensitive,1,1.75
461100,aM0ROONJMLKQ323l5OUQNzyqQxJFc1DbDIMHtZAAKQvRUVk4WHTHSP1wTTlOR/ZP,9.490256,12.923244,14.765964000000002,0,2591700,24.477988,Delay-insensitive,1,1.75
461400,aM0ROONJMLKQ323l5OUQNzyqQxJFc1DbDIMHtZAAKQvRUVk4WHTHSP1wTTlOR/ZP,12.523335,13.359357,14.259459,0,2591700,24.477988,Delay-insensitive,1,1.75
461700,aM0ROONJMLKQ323l5OUQNzyqQxJFc1DbDIMHtZAAKQvRUVk4WHTHSP1wTTlOR/ZP,12.867028,13.605,14.292931,0,2591700,24.477988,Delay-insensitive,1,1.75
462000,aM0ROONJMLKQ323l5OUQNzyqQxJFc1DbDIMHtZAAKQvRUVk4WHTHSP1wTTlOR/ZP,11.861335,13.105314,13.92625,0,2591700,24.477988,Delay-insensitive,1,1.75
462300,aM0ROONJMLKQ323l5OUQNzyqQxJFc1DbDIMHtZAAKQvRUVk4WHTHSP1wTTlOR/ZP,12.465517,13.39476,14.16152,0,2591700,24.477988,Delay-insensitive,1,1.75
462600,aM0ROONJMLKQ323l5OUQNzyqQxJFc1DbDIMHtZAAKQvRUVk4WHTHSP1wTTlOR/ZP,8.849711,13.022121,13.980607999999998,0,2591700,24.477988,Delay-insensitive,1,1.75
462900,aM0ROONJMLKQ323l5OUQNzyqQxJFc1DbDIMHtZAAKQvRUVk4WHTHSP1wTTlOR/ZP,12.737715,13.48759,14.311428,0,2591700,24.477988,Delay-insensitive,1,1.75
463200,aM0ROONJMLKQ323l5OUQNzyqQxJFc1DbDIMHtZAAKQvRUVk4WHTHSP1wTTlOR/ZP,9.29059,13.127879,14.662660999999998,0,2591700,24.477988,Delay-insensitive,1,1.75
463500,aM0ROONJMLKQ323l5OUQNzyqQxJFc1DbDIMHtZAAKQvRUVk4WHTHSP1wTTlOR/ZP,13.001339,13.835648,14.740972,0,2591700,24.477988,Delay-insensitive,1,1.75
463800,aM0ROONJMLKQ323l5OUQNzyqQxJFc1DbDIMHtZAAKQvRUVk4WHTHSP1wTTlOR/ZP,11.851485,13.327409,14.403319,0,2591700,24.477988,Delay-insensitive,1,1.75
464100,aM0ROONJMLKQ323l5OUQNzyqQxJFc1DbDIMHtZAAKQvRUVk4WHTHSP1wTTlOR/ZP,12.29579,13.461223,16.292755,0,2591700,24.477988,Delay-insensitive,1,1.75
464400,aM0ROONJMLKQ323l5OUQNzyqQxJFc1DbDIMHtZAAKQvRUVk4WHTHSP1wTTlOR/ZP,8.80925,12.611507,13.841171,0,2591700,24.477988,Delay-insensitive,1,1.75
464700,aM0ROONJMLKQ323l5OUQNzyqQxJFc1DbDIMHtZAAKQvRUVk4WHTHSP1wTTlOR/ZP,12.035963,13.045529,14.063921,0,2591700,24.477988,Delay-insensitive,1,1.75
465000,aM0ROONJMLKQ323l5OUQNzyqQxJFc1DbDIMHtZAAKQvRUVk4WHTHSP1wTTlOR/ZP,12.504439,13.563843,14.554935,0,2591700,24.477988,Delay-insensitive,1,1.75
465300,aM0ROONJMLKQ323l5OUQNzyqQxJFc1DbDIMHtZAAKQvRUVk4WHTHSP1wTTlOR/ZP,10.459964,12.805636,14.040782,0,2591700,24.477988,Delay-insensitive,1,1.75
465600,aM0ROONJMLKQ323l5OUQNzyqQxJFc1DbDIMHtZAAKQvRUVk4WHTHSP1wTTlOR/ZP,11.733624,12.976921,14.612436,0,2591700,24.477988,Delay-insensitive,1,1.75
465900,aM0ROONJMLKQ323l5OUQNzyqQxJFc1DbDIMHtZAAKQvRUVk4WHTHSP1wTTlOR/ZP,11.957425,14.529609,22.445779,0,2591700,24.477988,Delay-insensitive,1,1.75
466200,aM0ROONJMLKQ323l5OUQNzyqQxJFc1DbDIMHtZAAKQvRUVk4WHTHSP1wTTlOR/ZP,12.16206,13.428239,15.559898,0,2591700,24.477988,Delay-insensitive,1,1.75
466500,aM0ROONJMLKQ323l5OUQNzyqQxJFc1DbDIMHtZAAKQvRUVk4WHTHSP1wTTlOR/ZP,9.604254,12.792538,14.912523,0,2591700,24.477988,Delay-insensitive,1,1.75
466800,aM0ROONJMLKQ323l5OUQNzyqQxJFc1DbDIMHtZAAKQvRUVk4WHTHSP1wTTlOR/ZP,11.897066,13.11675,14.452495,0,2591700,24.477988,Delay-insensitive,1,1.75
467100,aM0ROONJMLKQ323l5OUQNzyqQxJFc1DbDIMHtZAAKQvRUVk4WHTHSP1wTTlOR/ZP,9.950219,12.899701,15.043098,0,2591700,24.477988,Delay-insensitive,1,1.75
467400,aM0ROONJMLKQ323l5OUQNzyqQxJFc1DbDIMHtZAAKQvRUVk4WHTHSP1wTTlOR/ZP,8.998905,13.101446,17.30874,0,2591700,24.477988,Delay-insensitive,1,1.75
467700,aM0ROONJMLKQ323l5OUQNzyqQxJFc1DbDIMHtZAAKQvRUVk4WHTHSP1wTTlOR/ZP,12.238919,13.600273,15.971602,0,2591700,24.477988,Delay-insensitive,1,1.75
468000,aM0ROONJMLKQ323l5OUQNzyqQxJFc1DbDIMHtZAAKQvRUVk4WHTHSP1wTTlOR/ZP,11.781097,13.388497,14.81029,0,2591700,24.477988,Delay-insensitive,1,1.75
468300,aM0ROONJMLKQ323l5OUQNzyqQxJFc1DbDIMHtZAAKQvRUVk4WHTHSP1wTTlOR/ZP,13.059255,13.637198,15.272201,0,2591700,24.477988,Delay-insensitive,1,1.75
468600,aM0ROONJMLKQ323l5OUQNzyqQxJFc1DbDIMHtZAAKQvRUVk4WHTHSP1wTTlOR/ZP,11.862055,13.054609,14.219039000000002,0,2591700,24.477988,Delay-insensitive,1,1.75
468900,aM0ROONJMLKQ323l5OUQNzyqQxJFc1DbDIMHtZAAKQvRUVk4WHTHSP1wTTlOR/ZP,11.816898,13.222159,15.166465,0,2591700,24.477988,Delay-insensitive,1,1.75
469200,aM0ROONJMLKQ323l5OUQNzyqQxJFc1DbDIMHtZAAKQvRUVk4WHTHSP1wTTlOR/ZP,11.869562,13.256662,14.991322,0,2591700,24.477988,Delay-insensitive,1,1.75
469500,aM0ROONJMLKQ323l5OUQNzyqQxJFc1DbDIMHtZAAKQvRUVk4WHTHSP1wTTlOR/ZP,11.637964,13.074759,14.88981,0,2591700,24.477988,Delay-insensitive,1,1.75
469800,aM0ROONJMLKQ323l5OUQNzyqQxJFc1DbDIMHtZAAKQvRUVk4WHTHSP1wTTlOR/ZP,11.144055,12.920777,15.655195,0,2591700,24.477988,Delay-insensitive,1,1.75
470100,aM0ROONJMLKQ323l5OUQNzyqQxJFc1DbDIMHtZAAKQvRUVk4WHTHSP1wTTlOR/ZP,11.47198,13.432984,14.87695,0,2591700,24.477988,Delay-insensitive,1,1.75
470400,aM0ROONJMLKQ323l5OUQNzyqQxJFc1DbDIMHtZAAKQvRUVk4WHTHSP1wTTlOR/ZP,11.69417,13.156593,14.523787,0,2591700,24.477988,Delay-insensitive,1,1.75
470700,aM0ROONJMLKQ323l5OUQNzyqQxJFc1DbDIMHtZAAKQvRUVk4WHTHSP1wTTlOR/ZP,12.114389,13.365797,15.290264,0,2591700,24.477988,Delay-insensitive,1,1.75
471000,aM0ROONJMLKQ323l5OUQNzyqQxJFc1DbDIMHtZAAKQvRUVk4WHTHSP1wTTlOR/ZP,12.138085,13.334229999999998,15.23182,0,2591700,24.477988,Delay-insensitive,1,1.75
471300,aM0ROONJMLKQ323l5OUQNzyqQxJFc1DbDIMHtZAAKQvRUVk4WHTHSP1wTTlOR/ZP,11.694693,13.962774,19.156112,0,2591700,24.477988,Delay-insensitive,1,1.75
471600,aM0ROONJMLKQ323l5OUQNzyqQxJFc1DbDIMHtZAAKQvRUVk4WHTHSP1wTTlOR/ZP,11.916513,13.182828,14.845589000000002,0,2591700,24.477988,Delay-insensitive,1,1.75
471900,aM0ROONJMLKQ323l5OUQNzyqQxJFc1DbDIMHtZAAKQvRUVk4WHTHSP1wTTlOR/ZP,11.373911,13.293342,16.51264,0,2591700,24.477988,Delay-insensitive,1,1.75
472200,aM0ROONJMLKQ323l5OUQNzyqQxJFc1DbDIMHtZAAKQvRUVk4WHTHSP1wTTlOR/ZP,11.390062,13.096971,15.094701999999998,0,2591700,24.477988,Delay-insensitive,1,1.75
472500,aM0ROONJMLKQ323l5OUQNzyqQxJFc1DbDIMHtZAAKQvRUVk4WHTHSP1wTTlOR/ZP,12.409948,13.824301,15.638113,0,2591700,24.477988,Delay-insensitive,1,1.75
472800,aM0ROONJMLKQ323l5OUQNzyqQxJFc1DbDIMHtZAAKQvRUVk4WHTHSP1wTTlOR/ZP,11.12388,13.099224,15.204161,0,2591700,24.477988,Delay-insensitive,1,1.75
473100,aM0ROONJMLKQ323l5OUQNzyqQxJFc1DbDIMHtZAAKQvRUVk4WHTHSP1wTTlOR/ZP,12.417057000000002,13.214344,14.085327,0,2591700,24.477988,Delay-insensitive,1,1.75
473400,aM0ROONJMLKQ323l5OUQNzyqQxJFc1DbDIMHtZAAKQvRUVk4WHTHSP1wTTlOR/ZP,12.025835,13.442234,14.537002,0,2591700,24.477988,Delay-insensitive,1,1.75
473700,aM0ROONJMLKQ323l5OUQNzyqQxJFc1DbDIMHtZAAKQvRUVk4WHTHSP1wTTlOR/ZP,11.927104,13.138084,14.472438,0,2591700,24.477988,Delay-insensitive,1,1.75
474000,aM0ROONJMLKQ323l5OUQNzyqQxJFc1DbDIMHtZAAKQvRUVk4WHTHSP1wTTlOR/ZP,12.051135,13.227392000000002,14.838682,0,2591700,24.477988,Delay-insensitive,1,1.75
474300,aM0ROONJMLKQ323l5OUQNzyqQxJFc1DbDIMHtZAAKQvRUVk4WHTHSP1wTTlOR/ZP,12.378758,13.366875,15.187425,0,2591700,24.477988,Delay-insensitive,1,1.75
474600,aM0ROONJMLKQ323l5OUQNzyqQxJFc1DbDIMHtZAAKQvRUVk4WHTHSP1wTTlOR/ZP,11.225627,13.04156,15.136175,0,2591700,24.477988,Delay-insensitive,1,1.75
474900,aM0ROONJMLKQ323l5OUQNzyqQxJFc1DbDIMHtZAAKQvRUVk4WHTHSP1wTTlOR/ZP,11.710225,12.507064,14.377948000000002,0,2591700,24.477988,Delay-insensitive,1,1.75
475200,aM0ROONJMLKQ323l5OUQNzyqQxJFc1DbDIMHtZAAKQvRUVk4WHTHSP1wTTlOR/ZP,9.773173,13.031527,14.238178,0,2591700,24.477988,Delay-insensitive,1,1.75
475500,aM0ROONJMLKQ323l5OUQNzyqQxJFc1DbDIMHtZAAKQvRUVk4WHTHSP1wTTlOR/ZP,12.082238,13.17603,14.252098000000002,0,2591700,24.477988,Delay-insensitive,1,1.75
475800,aM0ROONJMLKQ323l5OUQNzyqQxJFc1DbDIMHtZAAKQvRUVk4WHTHSP1wTTlOR/ZP,12.186801,13.090616,14.526856,0,2591700,24.477988,Delay-insensitive,1,1.75
476100,aM0ROONJMLKQ323l5OUQNzyqQxJFc1DbDIMHtZAAKQvRUVk4WHTHSP1wTTlOR/ZP,11.66435,13.190122,15.187244,0,2591700,24.477988,Delay-insensitive,1,1.75
476400,aM0ROONJMLKQ323l5OUQNzyqQxJFc1DbDIMHtZAAKQvRUVk4WHTHSP1wTTlOR/ZP,12.268506,13.170367,14.557943,0,2591700,24.477988,Delay-insensitive,1,1.75
476700,aM0ROONJMLKQ323l5OUQNzyqQxJFc1DbDIMHtZAAKQvRUVk4WHTHSP1wTTlOR/ZP,11.417625,13.232775,14.892281,0,2591700,24.477988,Delay-insensitive,1,1.75
477000,aM0ROONJMLKQ323l5OUQNzyqQxJFc1DbDIMHtZAAKQvRUVk4WHTHSP1wTTlOR/ZP,11.654209,13.140853,14.315098,0,2591700,24.477988,Delay-insensitive,1,1.75
477300,aM0ROONJMLKQ323l5OUQNzyqQxJFc1DbDIMHtZAAKQvRUVk4WHTHSP1wTTlOR/ZP,12.527305,13.528184,15.148771,0,2591700,24.477988,Delay-insensitive,1,1.75
477600,aM0ROONJMLKQ323l5OUQNzyqQxJFc1DbDIMHtZAAKQvRUVk4WHTHSP1wTTlOR/ZP,12.408006,13.782872,15.168806,0,2591700,24.477988,Delay-insensitive,1,1.75
477900,aM0ROONJMLKQ323l5OUQNzyqQxJFc1DbDIMHtZAAKQvRUVk4WHTHSP1wTTlOR/ZP,11.759439,13.355692,14.809662,0,2591700,24.477988,Delay-insensitive,1,1.75
478200,aM0ROONJMLKQ323l5OUQNzyqQxJFc1DbDIMHtZAAKQvRUVk4WHTHSP1wTTlOR/ZP,12.822259,13.237442,13.949775,0,2591700,24.477988,Delay-insensitive,1,1.75
478500,aM0ROONJMLKQ323l5OUQNzyqQxJFc1DbDIMHtZAAKQvRUVk4WHTHSP1wTTlOR/ZP,12.213259,13.414915,16.225207,0,2591700,24.477988,Delay-insensitive,1,1.75
478800,aM0ROONJMLKQ323l5OUQNzyqQxJFc1DbDIMHtZAAKQvRUVk4WHTHSP1wTTlOR/ZP,12.56515,13.754002,15.161852,0,2591700,24.477988,Delay-insensitive,1,1.75
479100,aM0ROONJMLKQ323l5OUQNzyqQxJFc1DbDIMHtZAAKQvRUVk4WHTHSP1wTTlOR/ZP,12.605744,13.271598,14.015994,0,2591700,24.477988,Delay-insensitive,1,1.75
479400,aM0ROONJMLKQ323l5OUQNzyqQxJFc1DbDIMHtZAAKQvRUVk4WHTHSP1wTTlOR/ZP,12.519003,13.553001,14.579419,0,2591700,24.477988,Delay-insensitive,1,1.75
479700,aM0ROONJMLKQ323l5OUQNzyqQxJFc1DbDIMHtZAAKQvRUVk4WHTHSP1wTTlOR/ZP,12.21912,13.206517000000002,14.178197,0,2591700,24.477988,Delay-insensitive,1,1.75
480000,aM0ROONJMLKQ323l5OUQNzyqQxJFc1DbDIMHtZAAKQvRUVk4WHTHSP1wTTlOR/ZP,10.834307,13.035109,14.273701999999998,0,2591700,24.477988,Delay-insensitive,1,1.75
480300,aM0ROONJMLKQ323l5OUQNzyqQxJFc1DbDIMHtZAAKQvRUVk4WHTHSP1wTTlOR/ZP,12.07064,13.589823999999998,14.724247,0,2591700,24.477988,Delay-insensitive,1,1.75
480600,aM0ROONJMLKQ323l5OUQNzyqQxJFc1DbDIMHtZAAKQvRUVk4WHTHSP1wTTlOR/ZP,10.04927,12.992818,14.983106,0,2591700,24.477988,Delay-insensitive,1,1.75
480900,aM0ROONJMLKQ323l5OUQNzyqQxJFc1DbDIMHtZAAKQvRUVk4WHTHSP1wTTlOR/ZP,12.346217,13.240226000000002,14.658965,0,2591700,24.477988,Delay-insensitive,1,1.75
481200,aM0ROONJMLKQ323l5OUQNzyqQxJFc1DbDIMHtZAAKQvRUVk4WHTHSP1wTTlOR/ZP,12.532531,13.126762,13.644967,0,2591700,24.477988,Delay-insensitive,1,1.75
481500,aM0ROONJMLKQ323l5OUQNzyqQxJFc1DbDIMHtZAAKQvRUVk4WHTHSP1wTTlOR/ZP,12.050581,13.113577,14.262525,0,2591700,24.477988,Delay-insensitive,1,1.75
481800,aM0ROONJMLKQ323l5OUQNzyqQxJFc1DbDIMHtZAAKQvRUVk4WHTHSP1wTTlOR/ZP,12.930447,13.752298,15.819657,0,2591700,24.477988,Delay-insensitive,1,1.75
482100,aM0ROONJMLKQ323l5OUQNzyqQxJFc1DbDIMHtZAAKQvRUVk4WHTHSP1wTTlOR/ZP,12.041121,13.994782,17.323099,0,2591700,24.477988,Delay-insensitive,1,1.75
482400,aM0ROONJMLKQ323l5OUQNzyqQxJFc1DbDIMHtZAAKQvRUVk4WHTHSP1wTTlOR/ZP,12.428949,13.139475,14.217066,0,2591700,24.477988,Delay-insensitive,1,1.75
482700,aM0ROONJMLKQ323l5OUQNzyqQxJFc1DbDIMHtZAAKQvRUVk4WHTHSP1wTTlOR/ZP,12.277832,12.86725,14.083116,0,2591700,24.477988,Delay-insensitive,1,1.75
483000,aM0ROONJMLKQ323l5OUQNzyqQxJFc1DbDIMHtZAAKQvRUVk4WHTHSP1wTTlOR/ZP,12.520417,13.497260999999998,14.501856,0,2591700,24.477988,Delay-insensitive,1,1.75
483300,aM0ROONJMLKQ323l5OUQNzyqQxJFc1DbDIMHtZAAKQvRUVk4WHTHSP1wTTlOR/ZP,12.321744,13.209889000000002,14.2965,0,2591700,24.477988,Delay-insensitive,1,1.75
483600,aM0ROONJMLKQ323l5OUQNzyqQxJFc1DbDIMHtZAAKQvRUVk4WHTHSP1wTTlOR/ZP,12.580078,13.326766,13.998220000000002,0,2591700,24.477988,Delay-insensitive,1,1.75
483900,aM0ROONJMLKQ323l5OUQNzyqQxJFc1DbDIMHtZAAKQvRUVk4WHTHSP1wTTlOR/ZP,12.833091,14.287003,15.546611,0,2591700,24.477988,Delay-insensitive,1,1.75
484200,aM0ROONJMLKQ323l5OUQNzyqQxJFc1DbDIMHtZAAKQvRUVk4WHTHSP1wTTlOR/ZP,12.291285,13.213609,15.357619,0,2591700,24.477988,Delay-insensitive,1,1.75
484500,aM0ROONJMLKQ323l5OUQNzyqQxJFc1DbDIMHtZAAKQvRUVk4WHTHSP1wTTlOR/ZP,12.184491,13.367982,16.320198,0,2591700,24.477988,Delay-insensitive,1,1.75
484800,aM0ROONJMLKQ323l5OUQNzyqQxJFc1DbDIMHtZAAKQvRUVk4WHTHSP1wTTlOR/ZP,12.264224,13.233101,14.283354,0,2591700,24.477988,Delay-insensitive,1,1.75
485100,aM0ROONJMLKQ323l5OUQNzyqQxJFc1DbDIMHtZAAKQvRUVk4WHTHSP1wTTlOR/ZP,12.239114,13.744801,14.649660999999998,0,2591700,24.477988,Delay-insensitive,1,1.75
485400,aM0ROONJMLKQ323l5OUQNzyqQxJFc1DbDIMHtZAAKQvRUVk4WHTHSP1wTTlOR/ZP,12.273038,13.144467,14.699756,0,2591700,24.477988,Delay-insensitive,1,1.75
485700,aM0ROONJMLKQ323l5OUQNzyqQxJFc1DbDIMHtZAAKQvRUVk4WHTHSP1wTTlOR/ZP,9.061728,12.822911,14.435072,0,2591700,24.477988,Delay-insensitive,1,1.75
486000,aM0ROONJMLKQ323l5OUQNzyqQxJFc1DbDIMHtZAAKQvRUVk4WHTHSP1wTTlOR/ZP,3.575048,6.193046,10.852106,0,2591700,24.477988,Delay-insensitive,1,1.75
486300,aM0ROONJMLKQ323l5OUQNzyqQxJFc1DbDIMHtZAAKQvRUVk4WHTHSP1wTTlOR/ZP,3.615906,4.11353,4.946613,0,2591700,24.477988,Delay-insensitive,1,1.75
486600,aM0ROONJMLKQ323l5OUQNzyqQxJFc1DbDIMHtZAAKQvRUVk4WHTHSP1wTTlOR/ZP,3.628745,4.292778,4.705998999999999,0,2591700,24.477988,Delay-insensitive,1,1.75
486900,aM0ROONJMLKQ323l5OUQNzyqQxJFc1DbDIMHtZAAKQvRUVk4WHTHSP1wTTlOR/ZP,3.897082,4.368378,5.596522,0,2591700,24.477988,Delay-insensitive,1,1.75
487200,aM0ROONJMLKQ323l5OUQNzyqQxJFc1DbDIMHtZAAKQvRUVk4WHTHSP1wTTlOR/ZP,3.57685,4.232195,4.6802150000000005,0,2591700,24.477988,Delay-insensitive,1,1.75
487500,aM0ROONJMLKQ323l5OUQNzyqQxJFc1DbDIMHtZAAKQvRUVk4WHTHSP1wTTlOR/ZP,3.895017,4.650699,5.949077,0,2591700,24.477988,Delay-insensitive,1,1.75
487800,aM0ROONJMLKQ323l5OUQNzyqQxJFc1DbDIMHtZAAKQvRUVk4WHTHSP1wTTlOR/ZP,3.862596,4.555127,5.519256,0,2591700,24.477988,Delay-insensitive,1,1.75
488100,aM0ROONJMLKQ323l5OUQNzyqQxJFc1DbDIMHtZAAKQvRUVk4WHTHSP1wTTlOR/ZP,4.013035,4.473696,5.431488,0,2591700,24.477988,Delay-insensitive,1,1.75
488400,aM0ROONJMLKQ323l5OUQNzyqQxJFc1DbDIMHtZAAKQvRUVk4WHTHSP1wTTlOR/ZP,3.765039,4.582885,5.919782,0,2591700,24.477988,Delay-insensitive,1,1.75
488700,aM0ROONJMLKQ323l5OUQNzyqQxJFc1DbDIMHtZAAKQvRUVk4WHTHSP1wTTlOR/ZP,3.894297,4.708032,5.636747,0,2591700,24.477988,Delay-insensitive,1,1.75
489000,aM0ROONJMLKQ323l5OUQNzyqQxJFc1DbDIMHtZAAKQvRUVk4WHTHSP1wTTlOR/ZP,4.043835,4.892596,6.757466,0,2591700,24.477988,Delay-insensitive,1,1.75
489300,aM0ROONJMLKQ323l5OUQNzyqQxJFc1DbDIMHtZAAKQvRUVk4WHTHSP1wTTlOR/ZP,3.764482,4.720452,8.239425,0,2591700,24.477988,Delay-insensitive,1,1.75
489600,aM0ROONJMLKQ323l5OUQNzyqQxJFc1DbDIMHtZAAKQvRUVk4WHTHSP1wTTlOR/ZP,3.88471,4.420787000000001,5.362915,0,2591700,24.477988,Delay-insensitive,1,1.75
489900,aM0ROONJMLKQ323l5OUQNzyqQxJFc1DbDIMHtZAAKQvRUVk4WHTHSP1wTTlOR/ZP,3.510216,4.426325,5.373208999999999,0,2591700,24.477988,Delay-insensitive,1,1.75
490200,aM0ROONJMLKQ323l5OUQNzyqQxJFc1DbDIMHtZAAKQvRUVk4WHTHSP1wTTlOR/ZP,3.766049,4.808667,6.06646,0,2591700,24.477988,Delay-insensitive,1,1.75
490500,aM0ROONJMLKQ323l5OUQNzyqQxJFc1DbDIMHtZAAKQvRUVk4WHTHSP1wTTlOR/ZP,3.2716380000000003,4.454096,5.584388,0,2591700,24.477988,Delay-insensitive,1,1.75
490800,aM0ROONJMLKQ323l5OUQNzyqQxJFc1DbDIMHtZAAKQvRUVk4WHTHSP1wTTlOR/ZP,3.997795,4.609879,5.636415,0,2591700,24.477988,Delay-insensitive,1,1.75
491100,aM0ROONJMLKQ323l5OUQNzyqQxJFc1DbDIMHtZAAKQvRUVk4WHTHSP1wTTlOR/ZP,3.970498000000001,4.680113,6.080765,0,2591700,24.477988,Delay-insensitive,1,1.75
491400,aM0ROONJMLKQ323l5OUQNzyqQxJFc1DbDIMHtZAAKQvRUVk4WHTHSP1wTTlOR/ZP,3.682814,4.434606,5.232798000000001,0,2591700,24.477988,Delay-insensitive,1,1.75
491700,aM0ROONJMLKQ323l5OUQNzyqQxJFc1DbDIMHtZAAKQvRUVk4WHTHSP1wTTlOR/ZP,3.730591,4.17051,5.19804,0,2591700,24.477988,Delay-insensitive,1,1.75
492000,aM0ROONJMLKQ323l5OUQNzyqQxJFc1DbDIMHtZAAKQvRUVk4WHTHSP1wTTlOR/ZP,3.979979,4.617202,6.034441999999999,0,2591700,24.477988,Delay-insensitive,1,1.75
492300,aM0ROONJMLKQ323l5OUQNzyqQxJFc1DbDIMHtZAAKQvRUVk4WHTHSP1wTTlOR/ZP,3.938148,4.602639,5.684812,0,2591700,24.477988,Delay-insensitive,1,1.75
492600,aM0ROONJMLKQ323l5OUQNzyqQxJFc1DbDIMHtZAAKQvRUVk4WHTHSP1wTTlOR/ZP,3.204489,4.405405,5.319314,0,2591700,24.477988,Delay-insensitive,1,1.75
492900,aM0ROONJMLKQ323l5OUQNzyqQxJFc1DbDIMHtZAAKQvRUVk4WHTHSP1wTTlOR/ZP,3.900119,4.808218,8.402055,0,2591700,24.477988,Delay-insensitive,1,1.75
493200,aM0ROONJMLKQ323l5OUQNzyqQxJFc1DbDIMHtZAAKQvRUVk4WHTHSP1wTTlOR/ZP,3.965721,4.50285,5.2918970000000005,0,2591700,24.477988,Delay-insensitive,1,1.75
493500,aM0ROONJMLKQ323l5OUQNzyqQxJFc1DbDIMHtZAAKQvRUVk4WHTHSP1wTTlOR/ZP,3.875796,4.374275,5.330117,0,2591700,24.477988,Delay-insensitive,1,1.75
493800,aM0ROONJMLKQ323l5OUQNzyqQxJFc1DbDIMHtZAAKQvRUVk4WHTHSP1wTTlOR/ZP,3.938213,4.517037,5.724487,0,2591700,24.477988,Delay-insensitive,1,1.75
494100,aM0ROONJMLKQ323l5OUQNzyqQxJFc1DbDIMHtZAAKQvRUVk4WHTHSP1wTTlOR/ZP,3.910758,4.594766,5.46181,0,2591700,24.477988,Delay-insensitive,1,1.75
494400,aM0ROONJMLKQ323l5OUQNzyqQxJFc1DbDIMHtZAAKQvRUVk4WHTHSP1wTTlOR/ZP,3.885065,4.325839,5.279627,0,2591700,24.477988,Delay-insensitive,1,1.75
494700,aM0ROONJMLKQ323l5OUQNzyqQxJFc1DbDIMHtZAAKQvRUVk4WHTHSP1wTTlOR/ZP,3.553539,4.45896,6.090736,0,2591700,24.477988,Delay-insensitive,1,1.75
495000,aM0ROONJMLKQ323l5OUQNzyqQxJFc1DbDIMHtZAAKQvRUVk4WHTHSP1wTTlOR/ZP,3.986336,4.548629,5.344392,0,2591700,24.477988,Delay-insensitive,1,1.75
495300,aM0ROONJMLKQ323l5OUQNzyqQxJFc1DbDIMHtZAAKQvRUVk4WHTHSP1wTTlOR/ZP,3.787133,4.265037,5.119973,0,2591700,24.477988,Delay-insensitive,1,1.75
495600,aM0ROONJMLKQ323l5OUQNzyqQxJFc1DbDIMHtZAAKQvRUVk4WHTHSP1wTTlOR/ZP,3.820014,4.461296,5.502768,0,2591700,24.477988,Delay-insensitive,1,1.75
495900,aM0ROONJMLKQ323l5OUQNzyqQxJFc1DbDIMHtZAAKQvRUVk4WHTHSP1wTTlOR/ZP,3.801638,4.400303,5.090138,0,2591700,24.477988,Delay-insensitive,1,1.75
496200,aM0ROONJMLKQ323l5OUQNzyqQxJFc1DbDIMHtZAAKQvRUVk4WHTHSP1wTTlOR/ZP,3.981893,4.473397,5.816997,0,2591700,24.477988,Delay-insensitive,1,1.75
496500,aM0ROONJMLKQ323l5OUQNzyqQxJFc1DbDIMHtZAAKQvRUVk4WHTHSP1wTTlOR/ZP,3.971576,4.831306,8.479067,0,2591700,24.477988,Delay-insensitive,1,1.75
496800,aM0ROONJMLKQ323l5OUQNzyqQxJFc1DbDIMHtZAAKQvRUVk4WHTHSP1wTTlOR/ZP,2.696385,4.108753,4.801308000000001,0,2591700,24.477988,Delay-insensitive,1,1.75
497100,aM0ROONJMLKQ323l5OUQNzyqQxJFc1DbDIMHtZAAKQvRUVk4WHTHSP1wTTlOR/ZP,3.678529,4.252983,5.371269,0,2591700,24.477988,Delay-insensitive,1,1.75
497400,aM0ROONJMLKQ323l5OUQNzyqQxJFc1DbDIMHtZAAKQvRUVk4WHTHSP1wTTlOR/ZP,2.858684,4.1736830000000005,5.571492,0,2591700,24.477988,Delay-insensitive,1,1.75
497700,aM0ROONJMLKQ323l5OUQNzyqQxJFc1DbDIMHtZAAKQvRUVk4WHTHSP1wTTlOR/ZP,3.773977,4.233151,5.078259,0,2591700,24.477988,Delay-insensitive,1,1.75
498000,aM0ROONJMLKQ323l5OUQNzyqQxJFc1DbDIMHtZAAKQvRUVk4WHTHSP1wTTlOR/ZP,2.54025,4.064282,5.127255,0,2591700,24.477988,Delay-insensitive,1,1.75
498300,aM0ROONJMLKQ323l5OUQNzyqQxJFc1DbDIMHtZAAKQvRUVk4WHTHSP1wTTlOR/ZP,3.840579,4.377543,5.545303,0,2591700,24.477988,Delay-insensitive,1,1.75
498600,aM0ROONJMLKQ323l5OUQNzyqQxJFc1DbDIMHtZAAKQvRUVk4WHTHSP1wTTlOR/ZP,2.516641,4.062072,5.280402,0,2591700,24.477988,Delay-insensitive,1,1.75
498900,aM0ROONJMLKQ323l5OUQNzyqQxJFc1DbDIMHtZAAKQvRUVk4WHTHSP1wTTlOR/ZP,3.754338,4.723199,8.086034,0,2591700,24.477988,Delay-insensitive,1,1.75
499200,aM0ROONJMLKQ323l5OUQNzyqQxJFc1DbDIMHtZAAKQvRUVk4WHTHSP1wTTlOR/ZP,3.643227,4.280819999999999,5.783486,0,2591700,24.477988,Delay-insensitive,1,1.75
499500,aM0ROONJMLKQ323l5OUQNzyqQxJFc1DbDIMHtZAAKQvRUVk4WHTHSP1wTTlOR/ZP,3.587721,4.128814,5.234729,0,2591700,24.477988,Delay-insensitive,1,1.75
499800,aM0ROONJMLKQ323l5OUQNzyqQxJFc1DbDIMHtZAAKQvRUVk4WHTHSP1wTTlOR/ZP,3.733696,4.271711,5.22717,0,2591700,24.477988,Delay-insensitive,1,1.75
500100,aM0ROONJMLKQ323l5OUQNzyqQxJFc1DbDIMHtZAAKQvRUVk4WHTHSP1wTTlOR/ZP,3.784164,4.637087,6.440587,0,2591700,24.477988,Delay-insensitive,1,1.75
500400,aM0ROONJMLKQ323l5OUQNzyqQxJFc1DbDIMHtZAAKQvRUVk4WHTHSP1wTTlOR/ZP,3.764729,4.166278,4.983156,0,2591700,24.477988,Delay-insensitive,1,1.75
500700,aM0ROONJMLKQ323l5OUQNzyqQxJFc1DbDIMHtZAAKQvRUVk4WHTHSP1wTTlOR/ZP,3.426183,4.291278,5.219126999999999,0,2591700,24.477988,Delay-insensitive,1,1.75
501000,aM0ROONJMLKQ323l5OUQNzyqQxJFc1DbDIMHtZAAKQvRUVk4WHTHSP1wTTlOR/ZP,3.6879,4.907030000000001,11.300718,0,2591700,24.477988,Delay-insensitive,1,1.75
501300,aM0ROONJMLKQ323l5OUQNzyqQxJFc1DbDIMHtZAAKQvRUVk4WHTHSP1wTTlOR/ZP,2.759889,4.075907,5.011889,0,2591700,24.477988,Delay-insensitive,1,1.75
501600,aM0ROONJMLKQ323l5OUQNzyqQxJFc1DbDIMHtZAAKQvRUVk4WHTHSP1wTTlOR/ZP,3.777794,4.750492,9.719145,0,2591700,24.477988,Delay-insensitive,1,1.75
501900,aM0ROONJMLKQ323l5OUQNzyqQxJFc1DbDIMHtZAAKQvRUVk4WHTHSP1wTTlOR/ZP,3.818322,4.416556,5.925055,0,2591700,24.477988,Delay-insensitive,1,1.75
502200,aM0ROONJMLKQ323l5OUQNzyqQxJFc1DbDIMHtZAAKQvRUVk4WHTHSP1wTTlOR/ZP,2.740502,4.0215440000000005,5.172859,0,2591700,24.477988,Delay-insensitive,1,1.75
502500,aM0ROONJMLKQ323l5OUQNzyqQxJFc1DbDIMHtZAAKQvRUVk4WHTHSP1wTTlOR/ZP,3.5458300000000005,4.028415,4.86101,0,2591700,24.477988,Delay-insensitive,1,1.75
502800,aM0ROONJMLKQ323l5OUQNzyqQxJFc1DbDIMHtZAAKQvRUVk4WHTHSP1wTTlOR/ZP,2.888903,4.043964,5.515763,0,2591700,24.477988,Delay-insensitive,1,1.75
503100,aM0ROONJMLKQ323l5OUQNzyqQxJFc1DbDIMHtZAAKQvRUVk4WHTHSP1wTTlOR/ZP,3.646197,4.121084,4.782999,0,2591700,24.477988,Delay-insensitive,1,1.75
503400,aM0ROONJMLKQ323l5OUQNzyqQxJFc1DbDIMHtZAAKQvRUVk4WHTHSP1wTTlOR/ZP,2.716574,4.530584999999999,8.439196,0,2591700,24.477988,Delay-insensitive,1,1.75
503700,aM0ROONJMLKQ323l5OUQNzyqQxJFc1DbDIMHtZAAKQvRUVk4WHTHSP1wTTlOR/ZP,3.941904,4.596956,7.70243,0,2591700,24.477988,Delay-insensitive,1,1.75
504000,aM0ROONJMLKQ323l5OUQNzyqQxJFc1DbDIMHtZAAKQvRUVk4WHTHSP1wTTlOR/ZP,2.931975,4.01395,4.824167,0,2591700,24.477988,Delay-insensitive,1,1.75
504300,aM0ROONJMLKQ323l5OUQNzyqQxJFc1DbDIMHtZAAKQvRUVk4WHTHSP1wTTlOR/ZP,3.68059,4.501048,8.047187,0,2591700,24.477988,Delay-insensitive,1,1.75
504600,aM0ROONJMLKQ323l5OUQNzyqQxJFc1DbDIMHtZAAKQvRUVk4WHTHSP1wTTlOR/ZP,3.769825,4.291324,5.712626,0,2591700,24.477988,Delay-insensitive,1,1.75
504900,aM0ROONJMLKQ323l5OUQNzyqQxJFc1DbDIMHtZAAKQvRUVk4WHTHSP1wTTlOR/ZP,3.114742,4.0396,4.965914,0,2591700,24.477988,Delay-insensitive,1,1.75
505200,aM0ROONJMLKQ323l5OUQNzyqQxJFc1DbDIMHtZAAKQvRUVk4WHTHSP1wTTlOR/ZP,3.791216,4.253471,5.015737000000001,0,2591700,24.477988,Delay-insensitive,1,1.75
505500,aM0ROONJMLKQ323l5OUQNzyqQxJFc1DbDIMHtZAAKQvRUVk4WHTHSP1wTTlOR/ZP,3.771481,4.344157,5.714364,0,2591700,24.477988,Delay-insensitive,1,1.75
505800,aM0ROONJMLKQ323l5OUQNzyqQxJFc1DbDIMHtZAAKQvRUVk4WHTHSP1wTTlOR/ZP,3.890205,4.230079,5.170109,0,2591700,24.477988,Delay-insensitive,1,1.75
506100,aM0ROONJMLKQ323l5OUQNzyqQxJFc1DbDIMHtZAAKQvRUVk4WHTHSP1wTTlOR/ZP,3.545719,4.3081190000000005,5.158568,0,2591700,24.477988,Delay-insensitive,1,1.75
506400,aM0ROONJMLKQ323l5OUQNzyqQxJFc1DbDIMHtZAAKQvRUVk4WHTHSP1wTTlOR/ZP,3.632411,4.151777,5.410558,0,2591700,24.477988,Delay-insensitive,1,1.75
506700,aM0ROONJMLKQ323l5OUQNzyqQxJFc1DbDIMHtZAAKQvRUVk4WHTHSP1wTTlOR/ZP,3.174586,4.173789,5.292513,0,2591700,24.477988,Delay-insensitive,1,1.75
507000,aM0ROONJMLKQ323l5OUQNzyqQxJFc1DbDIMHtZAAKQvRUVk4WHTHSP1wTTlOR/ZP,2.952579,4.057478,4.857361,0,2591700,24.477988,Delay-insensitive,1,1.75
507300,aM0ROONJMLKQ323l5OUQNzyqQxJFc1DbDIMHtZAAKQvRUVk4WHTHSP1wTTlOR/ZP,3.641215,4.388703,7.775103,0,2591700,24.477988,Delay-insensitive,1,1.75
507600,aM0ROONJMLKQ323l5OUQNzyqQxJFc1DbDIMHtZAAKQvRUVk4WHTHSP1wTTlOR/ZP,3.405971,3.981428,5.162478,0,2591700,24.477988,Delay-insensitive,1,1.75
507900,aM0ROONJMLKQ323l5OUQNzyqQxJFc1DbDIMHtZAAKQvRUVk4WHTHSP1wTTlOR/ZP,3.644381,4.12546,5.047328,0,2591700,24.477988,Delay-insensitive,1,1.75
508200,aM0ROONJMLKQ323l5OUQNzyqQxJFc1DbDIMHtZAAKQvRUVk4WHTHSP1wTTlOR/ZP,3.784446,4.236947,5.485056,0,2591700,24.477988,Delay-insensitive,1,1.75
508500,aM0ROONJMLKQ323l5OUQNzyqQxJFc1DbDIMHtZAAKQvRUVk4WHTHSP1wTTlOR/ZP,3.640631,4.218234,5.096121,0,2591700,24.477988,Delay-insensitive,1,1.75
508800,aM0ROONJMLKQ323l5OUQNzyqQxJFc1DbDIMHtZAAKQvRUVk4WHTHSP1wTTlOR/ZP,3.674335,4.226374,4.805951,0,2591700,24.477988,Delay-insensitive,1,1.75
509100,aM0ROONJMLKQ323l5OUQNzyqQxJFc1DbDIMHtZAAKQvRUVk4WHTHSP1wTTlOR/ZP,3.757377,4.834354,8.101339999999999,0,2591700,24.477988,Delay-insensitive,1,1.75
509400,aM0ROONJMLKQ323l5OUQNzyqQxJFc1DbDIMHtZAAKQvRUVk4WHTHSP1wTTlOR/ZP,3.927009,4.36631,5.266864,0,2591700,24.477988,Delay-insensitive,1,1.75
509700,aM0ROONJMLKQ323l5OUQNzyqQxJFc1DbDIMHtZAAKQvRUVk4WHTHSP1wTTlOR/ZP,3.133678,4.227915,4.943905,0,2591700,24.477988,Delay-insensitive,1,1.75
510000,aM0ROONJMLKQ323l5OUQNzyqQxJFc1DbDIMHtZAAKQvRUVk4WHTHSP1wTTlOR/ZP,3.583353,4.2040690000000005,5.2413,0,2591700,24.477988,Delay-insensitive,1,1.75
510300,aM0ROONJMLKQ323l5OUQNzyqQxJFc1DbDIMHtZAAKQvRUVk4WHTHSP1wTTlOR/ZP,2.593272,4.006291,5.264745,0,2591700,24.477988,Delay-insensitive,1,1.75
510600,aM0ROONJMLKQ323l5OUQNzyqQxJFc1DbDIMHtZAAKQvRUVk4WHTHSP1wTTlOR/ZP,3.430439,4.859946,6.968324000000001,0,2591700,24.477988,Delay-insensitive,1,1.75
510900,aM0ROONJMLKQ323l5OUQNzyqQxJFc1DbDIMHtZAAKQvRUVk4WHTHSP1wTTlOR/ZP,2.477814,4.579435,6.700569000000001,0,2591700,24.477988,Delay-insensitive,1,1.75
511200,aM0ROONJMLKQ323l5OUQNzyqQxJFc1DbDIMHtZAAKQvRUVk4WHTHSP1wTTlOR/ZP,3.649952,4.724376,7.076011,0,2591700,24.477988,Delay-insensitive,1,1.75
511500,aM0ROONJMLKQ323l5OUQNzyqQxJFc1DbDIMHtZAAKQvRUVk4WHTHSP1wTTlOR/ZP,2.605456,4.749686,9.6243,0,2591700,24.477988,Delay-insensitive,1,1.75
511800,aM0ROONJMLKQ323l5OUQNzyqQxJFc1DbDIMHtZAAKQvRUVk4WHTHSP1wTTlOR/ZP,3.675421,6.781306,16.953982999999997,0,2591700,24.477988,Delay-insensitive,1,1.75
512100,aM0ROONJMLKQ323l5OUQNzyqQxJFc1DbDIMHtZAAKQvRUVk4WHTHSP1wTTlOR/ZP,2.028506,4.020003,5.4672220000000005,0,2591700,24.477988,Delay-insensitive,1,1.75
512400,aM0ROONJMLKQ323l5OUQNzyqQxJFc1DbDIMHtZAAKQvRUVk4WHTHSP1wTTlOR/ZP,2.098961,4.444078,6.382005,0,2591700,24.477988,Delay-insensitive,1,1.75
512700,aM0ROONJMLKQ323l5OUQNzyqQxJFc1DbDIMHtZAAKQvRUVk4WHTHSP1wTTlOR/ZP,3.88961,4.541278,5.961393,0,2591700,24.477988,Delay-insensitive,1,1.75
513000,aM0ROONJMLKQ323l5OUQNzyqQxJFc1DbDIMHtZAAKQvRUVk4WHTHSP1wTTlOR/ZP,2.533812,4.109149,5.406512,0,2591700,24.477988,Delay-insensitive,1,1.75
513300,aM0ROONJMLKQ323l5OUQNzyqQxJFc1DbDIMHtZAAKQvRUVk4WHTHSP1wTTlOR/ZP,3.4849300000000003,4.176183,5.455381,0,2591700,24.477988,Delay-insensitive,1,1.75
513600,aM0ROONJMLKQ323l5OUQNzyqQxJFc1DbDIMHtZAAKQvRUVk4WHTHSP1wTTlOR/ZP,2.852267,4.012053,5.40879,0,2591700,24.477988,Delay-insensitive,1,1.75
513900,aM0ROONJMLKQ323l5OUQNzyqQxJFc1DbDIMHtZAAKQvRUVk4WHTHSP1wTTlOR/ZP,3.61829,4.066258,5.290219,0,2591700,24.477988,Delay-insensitive,1,1.75
514200,aM0ROONJMLKQ323l5OUQNzyqQxJFc1DbDIMHtZAAKQvRUVk4WHTHSP1wTTlOR/ZP,2.936242,4.093193,5.430956,0,2591700,24.477988,Delay-insensitive,1,1.75
514500,aM0ROONJMLKQ323l5OUQNzyqQxJFc1DbDIMHtZAAKQvRUVk4WHTHSP1wTTlOR/ZP,3.471088,4.428506,6.708361999999999,0,2591700,24.477988,Delay-insensitive,1,1.75
514800,aM0ROONJMLKQ323l5OUQNzyqQxJFc1DbDIMHtZAAKQvRUVk4WHTHSP1wTTlOR/ZP,3.213834,3.830883,5.138315,0,2591700,24.477988,Delay-insensitive,1,1.75
515100,aM0ROONJMLKQ323l5OUQNzyqQxJFc1DbDIMHtZAAKQvRUVk4WHTHSP1wTTlOR/ZP,3.428035,4.052544,5.140467,0,2591700,24.477988,Delay-insensitive,1,1.75
515400,aM0ROONJMLKQ323l5OUQNzyqQxJFc1DbDIMHtZAAKQvRUVk4WHTHSP1wTTlOR/ZP,3.403449,4.050951,5.381359,0,2591700,24.477988,Delay-insensitive,1,1.75
515700,aM0ROONJMLKQ323l5OUQNzyqQxJFc1DbDIMHtZAAKQvRUVk4WHTHSP1wTTlOR/ZP,3.41114,3.992375,5.473488,0,2591700,24.477988,Delay-insensitive,1,1.75
516000,aM0ROONJMLKQ323l5OUQNzyqQxJFc1DbDIMHtZAAKQvRUVk4WHTHSP1wTTlOR/ZP,3.303899,3.994751,4.952064,0,2591700,24.477988,Delay-insensitive,1,1.75
516300,aM0ROONJMLKQ323l5OUQNzyqQxJFc1DbDIMHtZAAKQvRUVk4WHTHSP1wTTlOR/ZP,3.392633,4.143595,5.289155,0,2591700,24.477988,Delay-insensitive,1,1.75
516600,aM0ROONJMLKQ323l5OUQNzyqQxJFc1DbDIMHtZAAKQvRUVk4WHTHSP1wTTlOR/ZP,3.4584660000000005,4.068537,5.279778,0,2591700,24.477988,Delay-insensitive,1,1.75
516900,aM0ROONJMLKQ323l5OUQNzyqQxJFc1DbDIMHtZAAKQvRUVk4WHTHSP1wTTlOR/ZP,3.3085379999999995,4.102994,5.143832,0,2591700,24.477988,Delay-insensitive,1,1.75
517200,aM0ROONJMLKQ323l5OUQNzyqQxJFc1DbDIMHtZAAKQvRUVk4WHTHSP1wTTlOR/ZP,3.385254,3.969922,5.074653,0,2591700,24.477988,Delay-insensitive,1,1.75
517500,aM0ROONJMLKQ323l5OUQNzyqQxJFc1DbDIMHtZAAKQvRUVk4WHTHSP1wTTlOR/ZP,2.957057,3.751613,5.037726,0,2591700,24.477988,Delay-insensitive,1,1.75
517800,aM0ROONJMLKQ323l5OUQNzyqQxJFc1DbDIMHtZAAKQvRUVk4WHTHSP1wTTlOR/ZP,3.445955,4.294609,5.935112999999999,0,2591700,24.477988,Delay-insensitive,1,1.75
518100,aM0ROONJMLKQ323l5OUQNzyqQxJFc1DbDIMHtZAAKQvRUVk4WHTHSP1wTTlOR/ZP,2.158635,4.08442,6.32774,0,2591700,24.477988,Delay-insensitive,1,1.75
518400,aM0ROONJMLKQ323l5OUQNzyqQxJFc1DbDIMHtZAAKQvRUVk4WHTHSP1wTTlOR/ZP,3.1490240000000003,3.747032,4.830104,0,2591700,24.477988,Delay-insensitive,1,1.75
518700,aM0ROONJMLKQ323l5OUQNzyqQxJFc1DbDIMHtZAAKQvRUVk4WHTHSP1wTTlOR/ZP,3.295156,3.768353,4.783257,0,2591700,24.477988,Delay-insensitive,1,1.75
519000,aM0ROONJMLKQ323l5OUQNzyqQxJFc1DbDIMHtZAAKQvRUVk4WHTHSP1wTTlOR/ZP,3.240939,3.88961,5.149519000000001,0,2591700,24.477988,Delay-insensitive,1,1.75
519300,aM0ROONJMLKQ323l5OUQNzyqQxJFc1DbDIMHtZAAKQvRUVk4WHTHSP1wTTlOR/ZP,3.233413,3.664444,4.482683,0,2591700,24.477988,Delay-insensitive,1,1.75
519600,aM0ROONJMLKQ323l5OUQNzyqQxJFc1DbDIMHtZAAKQvRUVk4WHTHSP1wTTlOR/ZP,3.032137,3.703546,4.648389,0,2591700,24.477988,Delay-insensitive,1,1.75
519900,aM0ROONJMLKQ323l5OUQNzyqQxJFc1DbDIMHtZAAKQvRUVk4WHTHSP1wTTlOR/ZP,3.135181,3.666624,4.248463,0,2591700,24.477988,Delay-insensitive,1,1.75
520200,aM0ROONJMLKQ323l5OUQNzyqQxJFc1DbDIMHtZAAKQvRUVk4WHTHSP1wTTlOR/ZP,3.203891,3.8043,4.6906870000000005,0,2591700,24.477988,Delay-insensitive,1,1.75
520500,aM0ROONJMLKQ323l5OUQNzyqQxJFc1DbDIMHtZAAKQvRUVk4WHTHSP1wTTlOR/ZP,3.144478,3.643613,4.957705000000001,0,2591700,24.477988,Delay-insensitive,1,1.75
520800,aM0ROONJMLKQ323l5OUQNzyqQxJFc1DbDIMHtZAAKQvRUVk4WHTHSP1wTTlOR/ZP,2.729478,3.614557,4.431127,0,2591700,24.477988,Delay-insensitive,1,1.75
521100,aM0ROONJMLKQ323l5OUQNzyqQxJFc1DbDIMHtZAAKQvRUVk4WHTHSP1wTTlOR/ZP,2.479565,3.632061,4.628246,0,2591700,24.477988,Delay-insensitive,1,1.75
521400,aM0ROONJMLKQ323l5OUQNzyqQxJFc1DbDIMHtZAAKQvRUVk4WHTHSP1wTTlOR/ZP,3.114612,3.743476,5.016806,0,2591700,24.477988,Delay-insensitive,1,1.75
521700,aM0ROONJMLKQ323l5OUQNzyqQxJFc1DbDIMHtZAAKQvRUVk4WHTHSP1wTTlOR/ZP,2.85145,3.907137,6.290472,0,2591700,24.477988,Delay-insensitive,1,1.75
522000,aM0ROONJMLKQ323l5OUQNzyqQxJFc1DbDIMHtZAAKQvRUVk4WHTHSP1wTTlOR/ZP,3.5110940000000004,3.948991,4.912461,0,2591700,24.477988,Delay-insensitive,1,1.75
522300,aM0ROONJMLKQ323l5OUQNzyqQxJFc1DbDIMHtZAAKQvRUVk4WHTHSP1wTTlOR/ZP,2.869694,4.065882,5.391886,0,2591700,24.477988,Delay-insensitive,1,1.75
522600,aM0ROONJMLKQ323l5OUQNzyqQxJFc1DbDIMHtZAAKQvRUVk4WHTHSP1wTTlOR/ZP,3.623202,4.072549,4.778241,0,2591700,24.477988,Delay-insensitive,1,1.75
522900,aM0ROONJMLKQ323l5OUQNzyqQxJFc1DbDIMHtZAAKQvRUVk4WHTHSP1wTTlOR/ZP,3.464102,4.210998,5.382765,0,2591700,24.477988,Delay-insensitive,1,1.75
523200,aM0ROONJMLKQ323l5OUQNzyqQxJFc1DbDIMHtZAAKQvRUVk4WHTHSP1wTTlOR/ZP,3.607504,4.062792,5.197943,0,2591700,24.477988,Delay-insensitive,1,1.75
523500,aM0ROONJMLKQ323l5OUQNzyqQxJFc1DbDIMHtZAAKQvRUVk4WHTHSP1wTTlOR/ZP,3.431124,4.074504,4.98971,0,2591700,24.477988,Delay-insensitive,1,1.75
523800,aM0ROONJMLKQ323l5OUQNzyqQxJFc1DbDIMHtZAAKQvRUVk4WHTHSP1wTTlOR/ZP,2.949737,4.038797,4.942052,0,2591700,24.477988,Delay-insensitive,1,1.75
524100,aM0ROONJMLKQ323l5OUQNzyqQxJFc1DbDIMHtZAAKQvRUVk4WHTHSP1wTTlOR/ZP,3.56145,4.162897,5.5753010000000005,0,2591700,24.477988,Delay-insensitive,1,1.75
524400,aM0ROONJMLKQ323l5OUQNzyqQxJFc1DbDIMHtZAAKQvRUVk4WHTHSP1wTTlOR/ZP,3.491718,4.241805,5.718721,0,2591700,24.477988,Delay-insensitive,1,1.75
524700,aM0ROONJMLKQ323l5OUQNzyqQxJFc1DbDIMHtZAAKQvRUVk4WHTHSP1wTTlOR/ZP,3.535684,4.145196,4.970934,0,2591700,24.477988,Delay-insensitive,1,1.75
525000,aM0ROONJMLKQ323l5OUQNzyqQxJFc1DbDIMHtZAAKQvRUVk4WHTHSP1wTTlOR/ZP,3.622347,4.632801000000001,6.835887,0,2591700,24.477988,Delay-insensitive,1,1.75
525300,aM0ROONJMLKQ323l5OUQNzyqQxJFc1DbDIMHtZAAKQvRUVk4WHTHSP1wTTlOR/ZP,3.608315,4.469796,6.823910000000001,0,2591700,24.477988,Delay-insensitive,1,1.75
525600,aM0ROONJMLKQ323l5OUQNzyqQxJFc1DbDIMHtZAAKQvRUVk4WHTHSP1wTTlOR/ZP,3.5995,4.303211,5.4740720000000005,0,2591700,24.477988,Delay-insensitive,1,1.75
525900,aM0ROONJMLKQ323l5OUQNzyqQxJFc1DbDIMHtZAAKQvRUVk4WHTHSP1wTTlOR/ZP,3.560774,4.1269860000000005,5.184868,0,2591700,24.477988,Delay-insensitive,1,1.75
526200,aM0ROONJMLKQ323l5OUQNzyqQxJFc1DbDIMHtZAAKQvRUVk4WHTHSP1wTTlOR/ZP,3.477084,4.125772,4.758408,0,2591700,24.477988,Delay-insensitive,1,1.75
526500,aM0ROONJMLKQ323l5OUQNzyqQxJFc1DbDIMHtZAAKQvRUVk4WHTHSP1wTTlOR/ZP,3.62023,4.129803,4.7966370000000005,0,2591700,24.477988,Delay-insensitive,1,1.75
526800,aM0ROONJMLKQ323l5OUQNzyqQxJFc1DbDIMHtZAAKQvRUVk4WHTHSP1wTTlOR/ZP,3.5312,4.105009,5.389673,0,2591700,24.477988,Delay-insensitive,1,1.75
527100,aM0ROONJMLKQ323l5OUQNzyqQxJFc1DbDIMHtZAAKQvRUVk4WHTHSP1wTTlOR/ZP,3.62055,4.228745,5.2639510000000005,0,2591700,24.477988,Delay-insensitive,1,1.75
527400,aM0ROONJMLKQ323l5OUQNzyqQxJFc1DbDIMHtZAAKQvRUVk4WHTHSP1wTTlOR/ZP,3.5886370000000003,4.179663,4.940141000000001,0,2591700,24.477988,Delay-insensitive,1,1.75
527700,aM0ROONJMLKQ323l5OUQNzyqQxJFc1DbDIMHtZAAKQvRUVk4WHTHSP1wTTlOR/ZP,3.51612,4.251199,5.168842,0,2591700,24.477988,Delay-insensitive,1,1.75
528000,aM0ROONJMLKQ323l5OUQNzyqQxJFc1DbDIMHtZAAKQvRUVk4WHTHSP1wTTlOR/ZP,3.64532,4.076787,4.626312,0,2591700,24.477988,Delay-insensitive,1,1.75
528300,aM0ROONJMLKQ323l5OUQNzyqQxJFc1DbDIMHtZAAKQvRUVk4WHTHSP1wTTlOR/ZP,3.61828,4.478476000000001,6.42255,0,2591700,24.477988,Delay-insensitive,1,1.75
528600,aM0ROONJMLKQ323l5OUQNzyqQxJFc1DbDIMHtZAAKQvRUVk4WHTHSP1wTTlOR/ZP,3.605421,4.195411,5.322785,0,2591700,24.477988,Delay-insensitive,1,1.75
528900,aM0ROONJMLKQ323l5OUQNzyqQxJFc1DbDIMHtZAAKQvRUVk4WHTHSP1wTTlOR/ZP,3.13652,4.3376980000000005,6.780947,0,2591700,24.477988,Delay-insensitive,1,1.75
529200,aM0ROONJMLKQ323l5OUQNzyqQxJFc1DbDIMHtZAAKQvRUVk4WHTHSP1wTTlOR/ZP,3.590403,4.404046,5.551141,0,2591700,24.477988,Delay-insensitive,1,1.75
529500,aM0ROONJMLKQ323l5OUQNzyqQxJFc1DbDIMHtZAAKQvRUVk4WHTHSP1wTTlOR/ZP,3.512054,4.177204,5.280974,0,2591700,24.477988,Delay-insensitive,1,1.75
529800,aM0ROONJMLKQ323l5OUQNzyqQxJFc1DbDIMHtZAAKQvRUVk4WHTHSP1wTTlOR/ZP,3.019512,4.085582,4.933665,0,2591700,24.477988,Delay-insensitive,1,1.75
530100,aM0ROONJMLKQ323l5OUQNzyqQxJFc1DbDIMHtZAAKQvRUVk4WHTHSP1wTTlOR/ZP,3.647371,4.373522,5.015226999999999,0,2591700,24.477988,Delay-insensitive,1,1.75
530400,aM0ROONJMLKQ323l5OUQNzyqQxJFc1DbDIMHtZAAKQvRUVk4WHTHSP1wTTlOR/ZP,2.292143,4.153867,5.226127,0,2591700,24.477988,Delay-insensitive,1,1.75
530700,aM0ROONJMLKQ323l5OUQNzyqQxJFc1DbDIMHtZAAKQvRUVk4WHTHSP1wTTlOR/ZP,3.760114,4.304399,4.819205,0,2591700,24.477988,Delay-insensitive,1,1.75
531000,aM0ROONJMLKQ323l5OUQNzyqQxJFc1DbDIMHtZAAKQvRUVk4WHTHSP1wTTlOR/ZP,2.530836,4.223921,5.379087,0,2591700,24.477988,Delay-insensitive,1,1.75
531300,aM0ROONJMLKQ323l5OUQNzyqQxJFc1DbDIMHtZAAKQvRUVk4WHTHSP1wTTlOR/ZP,3.613475,4.234363,5.55737,0,2591700,24.477988,Delay-insensitive,1,1.75
531600,aM0ROONJMLKQ323l5OUQNzyqQxJFc1DbDIMHtZAAKQvRUVk4WHTHSP1wTTlOR/ZP,2.708623,4.115621,4.593891,0,2591700,24.477988,Delay-insensitive,1,1.75
531900,aM0ROONJMLKQ323l5OUQNzyqQxJFc1DbDIMHtZAAKQvRUVk4WHTHSP1wTTlOR/ZP,2.414153,4.104946,4.897895,0,2591700,24.477988,Delay-insensitive,1,1.75
532200,aM0ROONJMLKQ323l5OUQNzyqQxJFc1DbDIMHtZAAKQvRUVk4WHTHSP1wTTlOR/ZP,3.65824,4.588796,6.676558999999999,0,2591700,24.477988,Delay-insensitive,1,1.75
532500,aM0ROONJMLKQ323l5OUQNzyqQxJFc1DbDIMHtZAAKQvRUVk4WHTHSP1wTTlOR/ZP,2.901101,4.507847,6.965032000000001,0,2591700,24.477988,Delay-insensitive,1,1.75
532800,aM0ROONJMLKQ323l5OUQNzyqQxJFc1DbDIMHtZAAKQvRUVk4WHTHSP1wTTlOR/ZP,3.720759,4.360183,5.218986,0,2591700,24.477988,Delay-insensitive,1,1.75
533100,aM0ROONJMLKQ323l5OUQNzyqQxJFc1DbDIMHtZAAKQvRUVk4WHTHSP1wTTlOR/ZP,3.466406,4.281845,5.38899,0,2591700,24.477988,Delay-insensitive,1,1.75
533400,aM0ROONJMLKQ323l5OUQNzyqQxJFc1DbDIMHtZAAKQvRUVk4WHTHSP1wTTlOR/ZP,3.858764,4.329935,4.8359510000000006,0,2591700,24.477988,Delay-insensitive,1,1.75
533700,aM0ROONJMLKQ323l5OUQNzyqQxJFc1DbDIMHtZAAKQvRUVk4WHTHSP1wTTlOR/ZP,3.213641,4.168435,5.676423000000001,0,2591700,24.477988,Delay-insensitive,1,1.75
534000,aM0ROONJMLKQ323l5OUQNzyqQxJFc1DbDIMHtZAAKQvRUVk4WHTHSP1wTTlOR/ZP,3.716236,4.284032,5.40038,0,2591700,24.477988,Delay-insensitive,1,1.75
534300,aM0ROONJMLKQ323l5OUQNzyqQxJFc1DbDIMHtZAAKQvRUVk4WHTHSP1wTTlOR/ZP,2.573717,4.136347,5.389454,0,2591700,24.477988,Delay-insensitive,1,1.75
534600,aM0ROONJMLKQ323l5OUQNzyqQxJFc1DbDIMHtZAAKQvRUVk4WHTHSP1wTTlOR/ZP,3.3878190000000004,4.285671,5.7186010000000005,0,2591700,24.477988,Delay-insensitive,1,1.75
534900,aM0ROONJMLKQ323l5OUQNzyqQxJFc1DbDIMHtZAAKQvRUVk4WHTHSP1wTTlOR/ZP,3.690565,4.261607,5.187147,0,2591700,24.477988,Delay-insensitive,1,1.75
535200,aM0ROONJMLKQ323l5OUQNzyqQxJFc1DbDIMHtZAAKQvRUVk4WHTHSP1wTTlOR/ZP,3.2863839999999995,4.172993,5.336732,0,2591700,24.477988,Delay-insensitive,1,1.75
535500,aM0ROONJMLKQ323l5OUQNzyqQxJFc1DbDIMHtZAAKQvRUVk4WHTHSP1wTTlOR/ZP,3.655109,4.400603,5.987089,0,2591700,24.477988,Delay-insensitive,1,1.75
535800,aM0ROONJMLKQ323l5OUQNzyqQxJFc1DbDIMHtZAAKQvRUVk4WHTHSP1wTTlOR/ZP,3.744235,4.384363,5.19442,0,2591700,24.477988,Delay-insensitive,1,1.75
536100,aM0ROONJMLKQ323l5OUQNzyqQxJFc1DbDIMHtZAAKQvRUVk4WHTHSP1wTTlOR/ZP,3.654659,4.615828,7.412797,0,2591700,24.477988,Delay-insensitive,1,1.75
536400,aM0ROONJMLKQ323l5OUQNzyqQxJFc1DbDIMHtZAAKQvRUVk4WHTHSP1wTTlOR/ZP,3.598049,4.2045650000000006,5.916679,0,2591700,24.477988,Delay-insensitive,1,1.75
536700,aM0ROONJMLKQ323l5OUQNzyqQxJFc1DbDIMHtZAAKQvRUVk4WHTHSP1wTTlOR/ZP,3.723393,4.285215,5.216499,0,2591700,24.477988,Delay-insensitive,1,1.75
537000,aM0ROONJMLKQ323l5OUQNzyqQxJFc1DbDIMHtZAAKQvRUVk4WHTHSP1wTTlOR/ZP,3.668795,4.372127,6.052864,0,2591700,24.477988,Delay-insensitive,1,1.75
537300,aM0ROONJMLKQ323l5OUQNzyqQxJFc1DbDIMHtZAAKQvRUVk4WHTHSP1wTTlOR/ZP,3.851386,4.480423,6.124308,0,2591700,24.477988,Delay-insensitive,1,1.75
537600,aM0ROONJMLKQ323l5OUQNzyqQxJFc1DbDIMHtZAAKQvRUVk4WHTHSP1wTTlOR/ZP,3.707579,4.322155,5.560348,0,2591700,24.477988,Delay-insensitive,1,1.75
537900,aM0ROONJMLKQ323l5OUQNzyqQxJFc1DbDIMHtZAAKQvRUVk4WHTHSP1wTTlOR/ZP,3.76074,4.433504,5.58475,0,2591700,24.477988,Delay-insensitive,1,1.75
538200,aM0ROONJMLKQ323l5OUQNzyqQxJFc1DbDIMHtZAAKQvRUVk4WHTHSP1wTTlOR/ZP,3.687392,4.5023230000000005,6.278734,0,2591700,24.477988,Delay-insensitive,1,1.75
538500,aM0ROONJMLKQ323l5OUQNzyqQxJFc1DbDIMHtZAAKQvRUVk4WHTHSP1wTTlOR/ZP,3.812942,4.787833999999999,6.728424,0,2591700,24.477988,Delay-insensitive,1,1.75
538800,aM0ROONJMLKQ323l5OUQNzyqQxJFc1DbDIMHtZAAKQvRUVk4WHTHSP1wTTlOR/ZP,3.834498,4.400142,5.32311,0,2591700,24.477988,Delay-insensitive,1,1.75
539100,aM0ROONJMLKQ323l5OUQNzyqQxJFc1DbDIMHtZAAKQvRUVk4WHTHSP1wTTlOR/ZP,3.878954,4.45046,6.132408,0,2591700,24.477988,Delay-insensitive,1,1.75
539400,aM0ROONJMLKQ323l5OUQNzyqQxJFc1DbDIMHtZAAKQvRUVk4WHTHSP1wTTlOR/ZP,3.377375,4.622605999999999,7.251688000000001,0,2591700,24.477988,Delay-insensitive,1,1.75
539700,aM0ROONJMLKQ323l5OUQNzyqQxJFc1DbDIMHtZAAKQvRUVk4WHTHSP1wTTlOR/ZP,3.722892,4.775727,7.214229,0,2591700,24.477988,Delay-insensitive,1,1.75
540000,aM0ROONJMLKQ323l5OUQNzyqQxJFc1DbDIMHtZAAKQvRUVk4WHTHSP1wTTlOR/ZP,3.665625,4.502011,6.335198999999999,0,2591700,24.477988,Delay-insensitive,1,1.75
540300,aM0ROONJMLKQ323l5OUQNzyqQxJFc1DbDIMHtZAAKQvRUVk4WHTHSP1wTTlOR/ZP,3.719822,4.461604,5.72342,0,2591700,24.477988,Delay-insensitive,1,1.75
540600,aM0ROONJMLKQ323l5OUQNzyqQxJFc1DbDIMHtZAAKQvRUVk4WHTHSP1wTTlOR/ZP,3.065111,4.28447,5.812811,0,2591700,24.477988,Delay-insensitive,1,1.75
540900,aM0ROONJMLKQ323l5OUQNzyqQxJFc1DbDIMHtZAAKQvRUVk4WHTHSP1wTTlOR/ZP,3.709338,4.523452,5.94962,0,2591700,24.477988,Delay-insensitive,1,1.75
541200,aM0ROONJMLKQ323l5OUQNzyqQxJFc1DbDIMHtZAAKQvRUVk4WHTHSP1wTTlOR/ZP,3.444923,4.311162,5.32855,0,2591700,24.477988,Delay-insensitive,1,1.75
541500,aM0ROONJMLKQ323l5OUQNzyqQxJFc1DbDIMHtZAAKQvRUVk4WHTHSP1wTTlOR/ZP,3.7885,4.423128,5.562617,0,2591700,24.477988,Delay-insensitive,1,1.75
541800,aM0ROONJMLKQ323l5OUQNzyqQxJFc1DbDIMHtZAAKQvRUVk4WHTHSP1wTTlOR/ZP,3.748907,4.447028,6.001368,0,2591700,24.477988,Delay-insensitive,1,1.75
542100,aM0ROONJMLKQ323l5OUQNzyqQxJFc1DbDIMHtZAAKQvRUVk4WHTHSP1wTTlOR/ZP,3.883589,4.370602,5.119811,0,2591700,24.477988,Delay-insensitive,1,1.75
542400,aM0ROONJMLKQ323l5OUQNzyqQxJFc1DbDIMHtZAAKQvRUVk4WHTHSP1wTTlOR/ZP,3.135412,4.270982,5.420296,0,2591700,24.477988,Delay-insensitive,1,1.75
542700,aM0ROONJMLKQ323l5OUQNzyqQxJFc1DbDIMHtZAAKQvRUVk4WHTHSP1wTTlOR/ZP,3.382427,4.480199,5.899025,0,2591700,24.477988,Delay-insensitive,1,1.75
543000,aM0ROONJMLKQ323l5OUQNzyqQxJFc1DbDIMHtZAAKQvRUVk4WHTHSP1wTTlOR/ZP,3.866028,4.42855,4.981523999999999,0,2591700,24.477988,Delay-insensitive,1,1.75
543300,aM0ROONJMLKQ323l5OUQNzyqQxJFc1DbDIMHtZAAKQvRUVk4WHTHSP1wTTlOR/ZP,2.673079,4.575032,6.351307,0,2591700,24.477988,Delay-insensitive,1,1.75
543600,aM0ROONJMLKQ323l5OUQNzyqQxJFc1DbDIMHtZAAKQvRUVk4WHTHSP1wTTlOR/ZP,3.996997,4.5631010000000005,5.998631,0,2591700,24.477988,Delay-insensitive,1,1.75
543900,aM0ROONJMLKQ323l5OUQNzyqQxJFc1DbDIMHtZAAKQvRUVk4WHTHSP1wTTlOR/ZP,3.329403,4.2494190000000005,4.898313,0,2591700,24.477988,Delay-insensitive,1,1.75
544200,aM0ROONJMLKQ323l5OUQNzyqQxJFc1DbDIMHtZAAKQvRUVk4WHTHSP1wTTlOR/ZP,3.871821,4.636118,5.517661,0,2591700,24.477988,Delay-insensitive,1,1.75
544500,aM0ROONJMLKQ323l5OUQNzyqQxJFc1DbDIMHtZAAKQvRUVk4WHTHSP1wTTlOR/ZP,2.784541,4.276658,5.251942,0,2591700,24.477988,Delay-insensitive,1,1.75
544800,aM0ROONJMLKQ323l5OUQNzyqQxJFc1DbDIMHtZAAKQvRUVk4WHTHSP1wTTlOR/ZP,3.955229,4.418646,5.35575,0,2591700,24.477988,Delay-insensitive,1,1.75
545100,aM0ROONJMLKQ323l5OUQNzyqQxJFc1DbDIMHtZAAKQvRUVk4WHTHSP1wTTlOR/ZP,3.076965,4.409816,5.224804,0,2591700,24.477988,Delay-insensitive,1,1.75
545400,aM0ROONJMLKQ323l5OUQNzyqQxJFc1DbDIMHtZAAKQvRUVk4WHTHSP1wTTlOR/ZP,3.101506,4.373138,6.048069,0,2591700,24.477988,Delay-insensitive,1,1.75
545700,aM0ROONJMLKQ323l5OUQNzyqQxJFc1DbDIMHtZAAKQvRUVk4WHTHSP1wTTlOR/ZP,3.768116000000001,4.308934,5.287502,0,2591700,24.477988,Delay-insensitive,1,1.75
546000,aM0ROONJMLKQ323l5OUQNzyqQxJFc1DbDIMHtZAAKQvRUVk4WHTHSP1wTTlOR/ZP,3.419513,4.320799,5.122145,0,2591700,24.477988,Delay-insensitive,1,1.75
546300,aM0ROONJMLKQ323l5OUQNzyqQxJFc1DbDIMHtZAAKQvRUVk4WHTHSP1wTTlOR/ZP,3.79959,4.564526,6.270391,0,2591700,24.477988,Delay-insensitive,1,1.75
546600,aM0ROONJMLKQ323l5OUQNzyqQxJFc1DbDIMHtZAAKQvRUVk4WHTHSP1wTTlOR/ZP,2.605893,4.554741,6.4155120000000005,0,2591700,24.477988,Delay-insensitive,1,1.75
546900,aM0ROONJMLKQ323l5OUQNzyqQxJFc1DbDIMHtZAAKQvRUVk4WHTHSP1wTTlOR/ZP,3.831495,4.9341040000000005,7.602297999999999,0,2591700,24.477988,Delay-insensitive,1,1.75
547200,aM0ROONJMLKQ323l5OUQNzyqQxJFc1DbDIMHtZAAKQvRUVk4WHTHSP1wTTlOR/ZP,2.4843040000000003,5.160322,15.480485,0,2591700,24.477988,Delay-insensitive,1,1.75
547500,aM0ROONJMLKQ323l5OUQNzyqQxJFc1DbDIMHtZAAKQvRUVk4WHTHSP1wTTlOR/ZP,3.936796,4.362543,5.034274,0,2591700,24.477988,Delay-insensitive,1,1.75
547800,aM0ROONJMLKQ323l5OUQNzyqQxJFc1DbDIMHtZAAKQvRUVk4WHTHSP1wTTlOR/ZP,3.713673,4.4988150000000005,5.772405,0,2591700,24.477988,Delay-insensitive,1,1.75
548100,aM0ROONJMLKQ323l5OUQNzyqQxJFc1DbDIMHtZAAKQvRUVk4WHTHSP1wTTlOR/ZP,3.273747,4.331936,5.8494470000000005,0,2591700,24.477988,Delay-insensitive,1,1.75
548400,aM0ROONJMLKQ323l5OUQNzyqQxJFc1DbDIMHtZAAKQvRUVk4WHTHSP1wTTlOR/ZP,3.781569,4.221291000000001,5.042861,0,2591700,24.477988,Delay-insensitive,1,1.75
548700,aM0ROONJMLKQ323l5OUQNzyqQxJFc1DbDIMHtZAAKQvRUVk4WHTHSP1wTTlOR/ZP,3.736541,4.528987,5.130639,0,2591700,24.477988,Delay-insensitive,1,1.75
549000,aM0ROONJMLKQ323l5OUQNzyqQxJFc1DbDIMHtZAAKQvRUVk4WHTHSP1wTTlOR/ZP,3.782719,4.434025,5.533456,0,2591700,24.477988,Delay-insensitive,1,1.75
549300,aM0ROONJMLKQ323l5OUQNzyqQxJFc1DbDIMHtZAAKQvRUVk4WHTHSP1wTTlOR/ZP,3.5209300000000003,4.160576,4.70142,0,2591700,24.477988,Delay-insensitive,1,1.75
549600,aM0ROONJMLKQ323l5OUQNzyqQxJFc1DbDIMHtZAAKQvRUVk4WHTHSP1wTTlOR/ZP,3.827218,4.43077,5.155009,0,2591700,24.477988,Delay-insensitive,1,1.75
549900,aM0ROONJMLKQ323l5OUQNzyqQxJFc1DbDIMHtZAAKQvRUVk4WHTHSP1wTTlOR/ZP,4.096564,4.426526,5.124042,0,2591700,24.477988,Delay-insensitive,1,1.75
550200,aM0ROONJMLKQ323l5OUQNzyqQxJFc1DbDIMHtZAAKQvRUVk4WHTHSP1wTTlOR/ZP,3.850549,4.273864,4.941282,0,2591700,24.477988,Delay-insensitive,1,1.75
550500,aM0ROONJMLKQ323l5OUQNzyqQxJFc1DbDIMHtZAAKQvRUVk4WHTHSP1wTTlOR/ZP,2.629956,4.669873,7.544055,0,2591700,24.477988,Delay-insensitive,1,1.75
550800,aM0ROONJMLKQ323l5OUQNzyqQxJFc1DbDIMHtZAAKQvRUVk4WHTHSP1wTTlOR/ZP,2.680531,4.310469,5.602557,0,2591700,24.477988,Delay-insensitive,1,1.75
551100,aM0ROONJMLKQ323l5OUQNzyqQxJFc1DbDIMHtZAAKQvRUVk4WHTHSP1wTTlOR/ZP,3.940658,4.429936,5.211655,0,2591700,24.477988,Delay-insensitive,1,1.75
551400,aM0ROONJMLKQ323l5OUQNzyqQxJFc1DbDIMHtZAAKQvRUVk4WHTHSP1wTTlOR/ZP,3.879892,4.328111,4.882545,0,2591700,24.477988,Delay-insensitive,1,1.75
551700,aM0ROONJMLKQ323l5OUQNzyqQxJFc1DbDIMHtZAAKQvRUVk4WHTHSP1wTTlOR/ZP,3.739993,4.525697,6.044412,0,2591700,24.477988,Delay-insensitive,1,1.75
552000,aM0ROONJMLKQ323l5OUQNzyqQxJFc1DbDIMHtZAAKQvRUVk4WHTHSP1wTTlOR/ZP,2.96836,3.994635,4.751111,0,2591700,24.477988,Delay-insensitive,1,1.75
552300,aM0ROONJMLKQ323l5OUQNzyqQxJFc1DbDIMHtZAAKQvRUVk4WHTHSP1wTTlOR/ZP,4.015442,5.208589,9.734641,0,2591700,24.477988,Delay-insensitive,1,1.75
552600,aM0ROONJMLKQ323l5OUQNzyqQxJFc1DbDIMHtZAAKQvRUVk4WHTHSP1wTTlOR/ZP,3.179521,4.145218,4.900315,0,2591700,24.477988,Delay-insensitive,1,1.75
552900,aM0ROONJMLKQ323l5OUQNzyqQxJFc1DbDIMHtZAAKQvRUVk4WHTHSP1wTTlOR/ZP,3.7187,4.286645,5.067869,0,2591700,24.477988,Delay-insensitive,1,1.75
553200,aM0ROONJMLKQ323l5OUQNzyqQxJFc1DbDIMHtZAAKQvRUVk4WHTHSP1wTTlOR/ZP,3.157685,4.232711,4.96875,0,2591700,24.477988,Delay-insensitive,1,1.75
553500,aM0ROONJMLKQ323l5OUQNzyqQxJFc1DbDIMHtZAAKQvRUVk4WHTHSP1wTTlOR/ZP,3.823595,4.473484,5.666654,0,2591700,24.477988,Delay-insensitive,1,1.75
553800,aM0ROONJMLKQ323l5OUQNzyqQxJFc1DbDIMHtZAAKQvRUVk4WHTHSP1wTTlOR/ZP,3.952698,4.632415,6.315366,0,2591700,24.477988,Delay-insensitive,1,1.75
554100,aM0ROONJMLKQ323l5OUQNzyqQxJFc1DbDIMHtZAAKQvRUVk4WHTHSP1wTTlOR/ZP,3.1184830000000003,4.677222,7.517258999999999,0,2591700,24.477988,Delay-insensitive,1,1.75
554400,aM0ROONJMLKQ323l5OUQNzyqQxJFc1DbDIMHtZAAKQvRUVk4WHTHSP1wTTlOR/ZP,3.899337,4.481028,5.694307,0,2591700,24.477988,Delay-insensitive,1,1.75
554700,aM0ROONJMLKQ323l5OUQNzyqQxJFc1DbDIMHtZAAKQvRUVk4WHTHSP1wTTlOR/ZP,3.753629,4.342637,5.923435,0,2591700,24.477988,Delay-insensitive,1,1.75
555000,aM0ROONJMLKQ323l5OUQNzyqQxJFc1DbDIMHtZAAKQvRUVk4WHTHSP1wTTlOR/ZP,3.832228,4.579778,5.039208,0,2591700,24.477988,Delay-insensitive,1,1.75
555300,aM0ROONJMLKQ323l5OUQNzyqQxJFc1DbDIMHtZAAKQvRUVk4WHTHSP1wTTlOR/ZP,3.807206,4.226198999999999,5.002541000000001,0,2591700,24.477988,Delay-insensitive,1,1.75
555600,aM0ROONJMLKQ323l5OUQNzyqQxJFc1DbDIMHtZAAKQvRUVk4WHTHSP1wTTlOR/ZP,3.635125,4.290418,5.026854,0,2591700,24.477988,Delay-insensitive,1,1.75
555900,aM0ROONJMLKQ323l5OUQNzyqQxJFc1DbDIMHtZAAKQvRUVk4WHTHSP1wTTlOR/ZP,3.848521,4.546396,5.577658,0,2591700,24.477988,Delay-insensitive,1,1.75
556200,aM0ROONJMLKQ323l5OUQNzyqQxJFc1DbDIMHtZAAKQvRUVk4WHTHSP1wTTlOR/ZP,3.755988,4.616952,6.833087,0,2591700,24.477988,Delay-insensitive,1,1.75
556500,aM0ROONJMLKQ323l5OUQNzyqQxJFc1DbDIMHtZAAKQvRUVk4WHTHSP1wTTlOR/ZP,3.76101,4.327691000000001,5.27848,0,2591700,24.477988,Delay-insensitive,1,1.75
556800,aM0ROONJMLKQ323l5OUQNzyqQxJFc1DbDIMHtZAAKQvRUVk4WHTHSP1wTTlOR/ZP,3.809628,5.883616,18.648307,0,2591700,24.477988,Delay-insensitive,1,1.75
557100,aM0ROONJMLKQ323l5OUQNzyqQxJFc1DbDIMHtZAAKQvRUVk4WHTHSP1wTTlOR/ZP,3.521586,4.466632,5.71214,0,2591700,24.477988,Delay-insensitive,1,1.75
557400,aM0ROONJMLKQ323l5OUQNzyqQxJFc1DbDIMHtZAAKQvRUVk4WHTHSP1wTTlOR/ZP,3.567188,4.4008,5.770123,0,2591700,24.477988,Delay-insensitive,1,1.75
557700,aM0ROONJMLKQ323l5OUQNzyqQxJFc1DbDIMHtZAAKQvRUVk4WHTHSP1wTTlOR/ZP,3.5378300000000005,4.699345,7.385704,0,2591700,24.477988,Delay-insensitive,1,1.75
558000,aM0ROONJMLKQ323l5OUQNzyqQxJFc1DbDIMHtZAAKQvRUVk4WHTHSP1wTTlOR/ZP,3.396947,4.696191000000001,7.826517,0,2591700,24.477988,Delay-insensitive,1,1.75
558300,aM0ROONJMLKQ323l5OUQNzyqQxJFc1DbDIMHtZAAKQvRUVk4WHTHSP1wTTlOR/ZP,3.4957300000000004,4.269639,5.503483,0,2591700,24.477988,Delay-insensitive,1,1.75
558600,aM0ROONJMLKQ323l5OUQNzyqQxJFc1DbDIMHtZAAKQvRUVk4WHTHSP1wTTlOR/ZP,3.63707,4.54805,5.971801999999999,0,2591700,24.477988,Delay-insensitive,1,1.75
558900,aM0ROONJMLKQ323l5OUQNzyqQxJFc1DbDIMHtZAAKQvRUVk4WHTHSP1wTTlOR/ZP,2.972889,4.332675,5.468185,0,2591700,24.477988,Delay-insensitive,1,1.75
559200,aM0ROONJMLKQ323l5OUQNzyqQxJFc1DbDIMHtZAAKQvRUVk4WHTHSP1wTTlOR/ZP,3.591503,4.222262000000001,5.426762,0,2591700,24.477988,Delay-insensitive,1,1.75
559500,aM0ROONJMLKQ323l5OUQNzyqQxJFc1DbDIMHtZAAKQvRUVk4WHTHSP1wTTlOR/ZP,3.615086,4.567146,6.429417,0,2591700,24.477988,Delay-insensitive,1,1.75
559800,aM0ROONJMLKQ323l5OUQNzyqQxJFc1DbDIMHtZAAKQvRUVk4WHTHSP1wTTlOR/ZP,3.4300589999999995,4.366495,5.893477,0,2591700,24.477988,Delay-insensitive,1,1.75
560100,aM0ROONJMLKQ323l5OUQNzyqQxJFc1DbDIMHtZAAKQvRUVk4WHTHSP1wTTlOR/ZP,3.389022,4.342371,5.843273,0,2591700,24.477988,Delay-insensitive,1,1.75
560400,aM0ROONJMLKQ323l5OUQNzyqQxJFc1DbDIMHtZAAKQvRUVk4WHTHSP1wTTlOR/ZP,3.660188,4.434481,6.281067,0,2591700,24.477988,Delay-insensitive,1,1.75
560700,aM0ROONJMLKQ323l5OUQNzyqQxJFc1DbDIMHtZAAKQvRUVk4WHTHSP1wTTlOR/ZP,3.665346,4.360433,5.707743,0,2591700,24.477988,Delay-insensitive,1,1.75
561000,aM0ROONJMLKQ323l5OUQNzyqQxJFc1DbDIMHtZAAKQvRUVk4WHTHSP1wTTlOR/ZP,3.727335,4.647565,6.380835,0,2591700,24.477988,Delay-insensitive,1,1.75
561300,aM0ROONJMLKQ323l5OUQNzyqQxJFc1DbDIMHtZAAKQvRUVk4WHTHSP1wTTlOR/ZP,3.691375,4.804188,7.585552000000001,0,2591700,24.477988,Delay-insensitive,1,1.75
561600,aM0ROONJMLKQ323l5OUQNzyqQxJFc1DbDIMHtZAAKQvRUVk4WHTHSP1wTTlOR/ZP,3.723879,4.364214,5.293080000000001,0,2591700,24.477988,Delay-insensitive,1,1.75
561900,aM0ROONJMLKQ323l5OUQNzyqQxJFc1DbDIMHtZAAKQvRUVk4WHTHSP1wTTlOR/ZP,3.637125,4.313394000000001,5.70118,0,2591700,24.477988,Delay-insensitive,1,1.75
562200,aM0ROONJMLKQ323l5OUQNzyqQxJFc1DbDIMHtZAAKQvRUVk4WHTHSP1wTTlOR/ZP,3.470597,4.373248,6.311659,0,2591700,24.477988,Delay-insensitive,1,1.75
562500,aM0ROONJMLKQ323l5OUQNzyqQxJFc1DbDIMHtZAAKQvRUVk4WHTHSP1wTTlOR/ZP,3.577605,4.341113,5.478529,0,2591700,24.477988,Delay-insensitive,1,1.75
562800,aM0ROONJMLKQ323l5OUQNzyqQxJFc1DbDIMHtZAAKQvRUVk4WHTHSP1wTTlOR/ZP,2.709052,4.060944999999999,5.633045,0,2591700,24.477988,Delay-insensitive,1,1.75
563100,aM0ROONJMLKQ323l5OUQNzyqQxJFc1DbDIMHtZAAKQvRUVk4WHTHSP1wTTlOR/ZP,3.701191000000001,4.370433,5.922079,0,2591700,24.477988,Delay-insensitive,1,1.75
563400,aM0ROONJMLKQ323l5OUQNzyqQxJFc1DbDIMHtZAAKQvRUVk4WHTHSP1wTTlOR/ZP,3.335956,4.172562999999999,5.357821,0,2591700,24.477988,Delay-insensitive,1,1.75
563700,aM0ROONJMLKQ323l5OUQNzyqQxJFc1DbDIMHtZAAKQvRUVk4WHTHSP1wTTlOR/ZP,3.521578,4.158526,5.517271,0,2591700,24.477988,Delay-insensitive,1,1.75
564000,aM0ROONJMLKQ323l5OUQNzyqQxJFc1DbDIMHtZAAKQvRUVk4WHTHSP1wTTlOR/ZP,3.0741810000000003,4.23784,5.677342,0,2591700,24.477988,Delay-insensitive,1,1.75
564300,aM0ROONJMLKQ323l5OUQNzyqQxJFc1DbDIMHtZAAKQvRUVk4WHTHSP1wTTlOR/ZP,2.927609,4.391907,5.628161,0,2591700,24.477988,Delay-insensitive,1,1.75
564600,aM0ROONJMLKQ323l5OUQNzyqQxJFc1DbDIMHtZAAKQvRUVk4WHTHSP1wTTlOR/ZP,3.307647,3.889876,4.922880999999999,0,2591700,24.477988,Delay-insensitive,1,1.75
564900,aM0ROONJMLKQ323l5OUQNzyqQxJFc1DbDIMHtZAAKQvRUVk4WHTHSP1wTTlOR/ZP,2.418986,4.400819,7.448555000000001,0,2591700,24.477988,Delay-insensitive,1,1.75
565200,aM0ROONJMLKQ323l5OUQNzyqQxJFc1DbDIMHtZAAKQvRUVk4WHTHSP1wTTlOR/ZP,3.3157300000000003,4.202873,5.162626,0,2591700,24.477988,Delay-insensitive,1,1.75
565500,aM0ROONJMLKQ323l5OUQNzyqQxJFc1DbDIMHtZAAKQvRUVk4WHTHSP1wTTlOR/ZP,2.97425,3.726327,4.269335,0,2591700,24.477988,Delay-insensitive,1,1.75
565800,aM0ROONJMLKQ323l5OUQNzyqQxJFc1DbDIMHtZAAKQvRUVk4WHTHSP1wTTlOR/ZP,3.381321,4.207621,5.772114,0,2591700,24.477988,Delay-insensitive,1,1.75
566100,aM0ROONJMLKQ323l5OUQNzyqQxJFc1DbDIMHtZAAKQvRUVk4WHTHSP1wTTlOR/ZP,3.457314,4.051367,4.874083000000001,0,2591700,24.477988,Delay-insensitive,1,1.75
566400,aM0ROONJMLKQ323l5OUQNzyqQxJFc1DbDIMHtZAAKQvRUVk4WHTHSP1wTTlOR/ZP,3.244119,3.771345,4.688536,0,2591700,24.477988,Delay-insensitive,1,1.75
566700,aM0ROONJMLKQ323l5OUQNzyqQxJFc1DbDIMHtZAAKQvRUVk4WHTHSP1wTTlOR/ZP,3.69612,7.237171000000001,32.607645,0,2591700,24.477988,Delay-insensitive,1,1.75
567000,aM0ROONJMLKQ323l5OUQNzyqQxJFc1DbDIMHtZAAKQvRUVk4WHTHSP1wTTlOR/ZP,3.773942,4.259382,4.969712,0,2591700,24.477988,Delay-insensitive,1,1.75
567300,aM0ROONJMLKQ323l5OUQNzyqQxJFc1DbDIMHtZAAKQvRUVk4WHTHSP1wTTlOR/ZP,3.5644190000000004,4.2621910000000005,5.119602,0,2591700,24.477988,Delay-insensitive,1,1.75
567600,aM0ROONJMLKQ323l5OUQNzyqQxJFc1DbDIMHtZAAKQvRUVk4WHTHSP1wTTlOR/ZP,3.744419,4.60757,5.974526,0,2591700,24.477988,Delay-insensitive,1,1.75
567900,aM0ROONJMLKQ323l5OUQNzyqQxJFc1DbDIMHtZAAKQvRUVk4WHTHSP1wTTlOR/ZP,3.616398,4.299456,5.169731,0,2591700,24.477988,Delay-insensitive,1,1.75
568200,aM0ROONJMLKQ323l5OUQNzyqQxJFc1DbDIMHtZAAKQvRUVk4WHTHSP1wTTlOR/ZP,3.6483,4.850349,6.37161,0,2591700,24.477988,Delay-insensitive,1,1.75
568500,aM0ROONJMLKQ323l5OUQNzyqQxJFc1DbDIMHtZAAKQvRUVk4WHTHSP1wTTlOR/ZP,3.903009,4.881161,7.884433,0,2591700,24.477988,Delay-insensitive,1,1.75
568800,aM0ROONJMLKQ323l5OUQNzyqQxJFc1DbDIMHtZAAKQvRUVk4WHTHSP1wTTlOR/ZP,3.839322,4.405622,5.124641,0,2591700,24.477988,Delay-insensitive,1,1.75
569100,aM0ROONJMLKQ323l5OUQNzyqQxJFc1DbDIMHtZAAKQvRUVk4WHTHSP1wTTlOR/ZP,3.643948,4.482303,5.209533,0,2591700,24.477988,Delay-insensitive,1,1.75
569400,aM0ROONJMLKQ323l5OUQNzyqQxJFc1DbDIMHtZAAKQvRUVk4WHTHSP1wTTlOR/ZP,3.861722,4.544267,5.556305,0,2591700,24.477988,Delay-insensitive,1,1.75
569700,aM0ROONJMLKQ323l5OUQNzyqQxJFc1DbDIMHtZAAKQvRUVk4WHTHSP1wTTlOR/ZP,3.933079,4.402655,5.25332,0,2591700,24.477988,Delay-insensitive,1,1.75
570000,aM0ROONJMLKQ323l5OUQNzyqQxJFc1DbDIMHtZAAKQvRUVk4WHTHSP1wTTlOR/ZP,3.310195,4.258418,5.1429860000000005,0,2591700,24.477988,Delay-insensitive,1,1.75
570300,aM0ROONJMLKQ323l5OUQNzyqQxJFc1DbDIMHtZAAKQvRUVk4WHTHSP1wTTlOR/ZP,3.945444,4.507852,5.706247,0,2591700,24.477988,Delay-insensitive,1,1.75
570600,aM0ROONJMLKQ323l5OUQNzyqQxJFc1DbDIMHtZAAKQvRUVk4WHTHSP1wTTlOR/ZP,3.834473000000001,4.39009,5.375886,0,2591700,24.477988,Delay-insensitive,1,1.75
570900,aM0ROONJMLKQ323l5OUQNzyqQxJFc1DbDIMHtZAAKQvRUVk4WHTHSP1wTTlOR/ZP,3.608299,4.337579,5.079994,0,2591700,24.477988,Delay-insensitive,1,1.75
571200,aM0ROONJMLKQ323l5OUQNzyqQxJFc1DbDIMHtZAAKQvRUVk4WHTHSP1wTTlOR/ZP,3.397777,4.487241,5.476365,0,2591700,24.477988,Delay-insensitive,1,1.75
571500,aM0ROONJMLKQ323l5OUQNzyqQxJFc1DbDIMHtZAAKQvRUVk4WHTHSP1wTTlOR/ZP,3.703207,4.48343,5.298066,0,2591700,24.477988,Delay-insensitive,1,1.75
571800,aM0ROONJMLKQ323l5OUQNzyqQxJFc1DbDIMHtZAAKQvRUVk4WHTHSP1wTTlOR/ZP,3.995917,4.630935,5.215054,0,2591700,24.477988,Delay-insensitive,1,1.75
572100,aM0ROONJMLKQ323l5OUQNzyqQxJFc1DbDIMHtZAAKQvRUVk4WHTHSP1wTTlOR/ZP,3.895965,5.098972,8.033455,0,2591700,24.477988,Delay-insensitive,1,1.75
572400,aM0ROONJMLKQ323l5OUQNzyqQxJFc1DbDIMHtZAAKQvRUVk4WHTHSP1wTTlOR/ZP,4.052462,4.554657,5.190268,0,2591700,24.477988,Delay-insensitive,1,1.75
572700,aM0ROONJMLKQ323l5OUQNzyqQxJFc1DbDIMHtZAAKQvRUVk4WHTHSP1wTTlOR/ZP,3.922308,4.552625,5.050828,0,2591700,24.477988,Delay-insensitive,1,1.75
573000,aM0ROONJMLKQ323l5OUQNzyqQxJFc1DbDIMHtZAAKQvRUVk4WHTHSP1wTTlOR/ZP,3.717266,4.445387,5.410113,0,2591700,24.477988,Delay-insensitive,1,1.75
573300,aM0ROONJMLKQ323l5OUQNzyqQxJFc1DbDIMHtZAAKQvRUVk4WHTHSP1wTTlOR/ZP,3.699179,4.442434,5.2344550000000005,0,2591700,24.477988,Delay-insensitive,1,1.75
573600,aM0ROONJMLKQ323l5OUQNzyqQxJFc1DbDIMHtZAAKQvRUVk4WHTHSP1wTTlOR/ZP,3.806667,4.312583999999999,4.939107,0,2591700,24.477988,Delay-insensitive,1,1.75
573900,aM0ROONJMLKQ323l5OUQNzyqQxJFc1DbDIMHtZAAKQvRUVk4WHTHSP1wTTlOR/ZP,3.819673,4.502021,5.821125,0,2591700,24.477988,Delay-insensitive,1,1.75
574200,aM0ROONJMLKQ323l5OUQNzyqQxJFc1DbDIMHtZAAKQvRUVk4WHTHSP1wTTlOR/ZP,3.246702,4.277165,4.936051,0,2591700,24.477988,Delay-insensitive,1,1.75
574500,aM0ROONJMLKQ323l5OUQNzyqQxJFc1DbDIMHtZAAKQvRUVk4WHTHSP1wTTlOR/ZP,3.909566,4.440069,5.052757,0,2591700,24.477988,Delay-insensitive,1,1.75
574800,aM0ROONJMLKQ323l5OUQNzyqQxJFc1DbDIMHtZAAKQvRUVk4WHTHSP1wTTlOR/ZP,3.859898,4.448513,5.562323,0,2591700,24.477988,Delay-insensitive,1,1.75
575100,aM0ROONJMLKQ323l5OUQNzyqQxJFc1DbDIMHtZAAKQvRUVk4WHTHSP1wTTlOR/ZP,3.812262000000001,4.337905999999999,5.371036,0,2591700,24.477988,Delay-insensitive,1,1.75
575400,aM0ROONJMLKQ323l5OUQNzyqQxJFc1DbDIMHtZAAKQvRUVk4WHTHSP1wTTlOR/ZP,3.643021,4.969293,6.873272999999999,0,2591700,24.477988,Delay-insensitive,1,1.75
575700,aM0ROONJMLKQ323l5OUQNzyqQxJFc1DbDIMHtZAAKQvRUVk4WHTHSP1wTTlOR/ZP,3.849507,4.985958999999999,8.257405,0,2591700,24.477988,Delay-insensitive,1,1.75
576000,aM0ROONJMLKQ323l5OUQNzyqQxJFc1DbDIMHtZAAKQvRUVk4WHTHSP1wTTlOR/ZP,3.899396,4.319163,5.121069,0,2591700,24.477988,Delay-insensitive,1,1.75
576300,aM0ROONJMLKQ323l5OUQNzyqQxJFc1DbDIMHtZAAKQvRUVk4WHTHSP1wTTlOR/ZP,3.863097,4.420607,5.322457,0,2591700,24.477988,Delay-insensitive,1,1.75
576600,aM0ROONJMLKQ323l5OUQNzyqQxJFc1DbDIMHtZAAKQvRUVk4WHTHSP1wTTlOR/ZP,3.902569,4.666845,5.678989,0,2591700,24.477988,Delay-insensitive,1,1.75
576900,aM0ROONJMLKQ323l5OUQNzyqQxJFc1DbDIMHtZAAKQvRUVk4WHTHSP1wTTlOR/ZP,3.761786,4.338182,5.096226000000001,0,2591700,24.477988,Delay-insensitive,1,1.75
577200,aM0ROONJMLKQ323l5OUQNzyqQxJFc1DbDIMHtZAAKQvRUVk4WHTHSP1wTTlOR/ZP,3.95251,4.343608000000001,5.075651000000001,0,2591700,24.477988,Delay-insensitive,1,1.75
577500,aM0ROONJMLKQ323l5OUQNzyqQxJFc1DbDIMHtZAAKQvRUVk4WHTHSP1wTTlOR/ZP,3.863437,4.537505,5.572933,0,2591700,24.477988,Delay-insensitive,1,1.75
577800,aM0ROONJMLKQ323l5OUQNzyqQxJFc1DbDIMHtZAAKQvRUVk4WHTHSP1wTTlOR/ZP,3.798295,4.330623,5.015661,0,2591700,24.477988,Delay-insensitive,1,1.75
578100,aM0ROONJMLKQ323l5OUQNzyqQxJFc1DbDIMHtZAAKQvRUVk4WHTHSP1wTTlOR/ZP,3.788603,4.356072,4.9641,0,2591700,24.477988,Delay-insensitive,1,1.75
578400,aM0ROONJMLKQ323l5OUQNzyqQxJFc1DbDIMHtZAAKQvRUVk4WHTHSP1wTTlOR/ZP,3.840369,4.588322,5.725392,0,2591700,24.477988,Delay-insensitive,1,1.75
578700,aM0ROONJMLKQ323l5OUQNzyqQxJFc1DbDIMHtZAAKQvRUVk4WHTHSP1wTTlOR/ZP,2.68539,4.233179,5.095032,0,2591700,24.477988,Delay-insensitive,1,1.75
579000,aM0ROONJMLKQ323l5OUQNzyqQxJFc1DbDIMHtZAAKQvRUVk4WHTHSP1wTTlOR/ZP,4.574328,4.961873000000001,5.571201,0,2591700,24.477988,Delay-insensitive,1,1.75
579300,aM0ROONJMLKQ323l5OUQNzyqQxJFc1DbDIMHtZAAKQvRUVk4WHTHSP1wTTlOR/ZP,3.835264,5.337296,8.830718,0,2591700,24.477988,Delay-insensitive,1,1.75
579600,aM0ROONJMLKQ323l5OUQNzyqQxJFc1DbDIMHtZAAKQvRUVk4WHTHSP1wTTlOR/ZP,4.263756,4.822906,5.423521,0,2591700,24.477988,Delay-insensitive,1,1.75
579900,aM0ROONJMLKQ323l5OUQNzyqQxJFc1DbDIMHtZAAKQvRUVk4WHTHSP1wTTlOR/ZP,4.18208,5.293115,6.320697,0,2591700,24.477988,Delay-insensitive,1,1.75
580200,aM0ROONJMLKQ323l5OUQNzyqQxJFc1DbDIMHtZAAKQvRUVk4WHTHSP1wTTlOR/ZP,3.333275,4.864652,6.340626,0,2591700,24.477988,Delay-insensitive,1,1.75
580500,aM0ROONJMLKQ323l5OUQNzyqQxJFc1DbDIMHtZAAKQvRUVk4WHTHSP1wTTlOR/ZP,4.4304190000000006,5.311129,6.353484,0,2591700,24.477988,Delay-insensitive,1,1.75
580800,aM0ROONJMLKQ323l5OUQNzyqQxJFc1DbDIMHtZAAKQvRUVk4WHTHSP1wTTlOR/ZP,4.508414,5.320707,6.413749,0,2591700,24.477988,Delay-insensitive,1,1.75
581100,aM0ROONJMLKQ323l5OUQNzyqQxJFc1DbDIMHtZAAKQvRUVk4WHTHSP1wTTlOR/ZP,4.320292,4.916476,6.086193,0,2591700,24.477988,Delay-insensitive,1,1.75
581400,aM0ROONJMLKQ323l5OUQNzyqQxJFc1DbDIMHtZAAKQvRUVk4WHTHSP1wTTlOR/ZP,4.459706,5.063345,6.184525,0,2591700,24.477988,Delay-insensitive,1,1.75
581700,aM0ROONJMLKQ323l5OUQNzyqQxJFc1DbDIMHtZAAKQvRUVk4WHTHSP1wTTlOR/ZP,4.201039,4.828274,6.059703,0,2591700,24.477988,Delay-insensitive,1,1.75
582000,aM0ROONJMLKQ323l5OUQNzyqQxJFc1DbDIMHtZAAKQvRUVk4WHTHSP1wTTlOR/ZP,4.062727,4.740244000000001,5.87756,0,2591700,24.477988,Delay-insensitive,1,1.75
582300,aM0ROONJMLKQ323l5OUQNzyqQxJFc1DbDIMHtZAAKQvRUVk4WHTHSP1wTTlOR/ZP,4.554965,5.367019,10.113859,0,2591700,24.477988,Delay-insensitive,1,1.75
582600,aM0ROONJMLKQ323l5OUQNzyqQxJFc1DbDIMHtZAAKQvRUVk4WHTHSP1wTTlOR/ZP,4.500609,5.531591000000001,8.338904,0,2591700,24.477988,Delay-insensitive,1,1.75
582900,aM0ROONJMLKQ323l5OUQNzyqQxJFc1DbDIMHtZAAKQvRUVk4WHTHSP1wTTlOR/ZP,4.695965,7.973694999999999,19.688819,0,2591700,24.477988,Delay-insensitive,1,1.75
583200,aM0ROONJMLKQ323l5OUQNzyqQxJFc1DbDIMHtZAAKQvRUVk4WHTHSP1wTTlOR/ZP,4.4151110000000005,6.122157,17.041632999999997,0,2591700,24.477988,Delay-insensitive,1,1.75
583500,aM0ROONJMLKQ323l5OUQNzyqQxJFc1DbDIMHtZAAKQvRUVk4WHTHSP1wTTlOR/ZP,4.288403,4.938184,5.966485,0,2591700,24.477988,Delay-insensitive,1,1.75
583800,aM0ROONJMLKQ323l5OUQNzyqQxJFc1DbDIMHtZAAKQvRUVk4WHTHSP1wTTlOR/ZP,4.263315,4.9838260000000005,6.653475,0,2591700,24.477988,Delay-insensitive,1,1.75
584100,aM0ROONJMLKQ323l5OUQNzyqQxJFc1DbDIMHtZAAKQvRUVk4WHTHSP1wTTlOR/ZP,4.322125,4.819328,6.0528580000000005,0,2591700,24.477988,Delay-insensitive,1,1.75
584400,aM0ROONJMLKQ323l5OUQNzyqQxJFc1DbDIMHtZAAKQvRUVk4WHTHSP1wTTlOR/ZP,4.065002,4.858272,6.201703,0,2591700,24.477988,Delay-insensitive,1,1.75
584700,aM0ROONJMLKQ323l5OUQNzyqQxJFc1DbDIMHtZAAKQvRUVk4WHTHSP1wTTlOR/ZP,5.6127400000000005,6.41161,8.051633,0,2591700,24.477988,Delay-insensitive,1,1.75
585000,aM0ROONJMLKQ323l5OUQNzyqQxJFc1DbDIMHtZAAKQvRUVk4WHTHSP1wTTlOR/ZP,4.0409120000000005,4.657621,5.726182,0,2591700,24.477988,Delay-insensitive,1,1.75
585300,aM0ROONJMLKQ323l5OUQNzyqQxJFc1DbDIMHtZAAKQvRUVk4WHTHSP1wTTlOR/ZP,4.138691000000001,5.108626,7.096808,0,2591700,24.477988,Delay-insensitive,1,1.75
585600,aM0ROONJMLKQ323l5OUQNzyqQxJFc1DbDIMHtZAAKQvRUVk4WHTHSP1wTTlOR/ZP,4.249651999999999,5.36562,6.86085,0,2591700,24.477988,Delay-insensitive,1,1.75
585900,aM0ROONJMLKQ323l5OUQNzyqQxJFc1DbDIMHtZAAKQvRUVk4WHTHSP1wTTlOR/ZP,4.12012,4.731616000000001,5.844426,0,2591700,24.477988,Delay-insensitive,1,1.75
586200,aM0ROONJMLKQ323l5OUQNzyqQxJFc1DbDIMHtZAAKQvRUVk4WHTHSP1wTTlOR/ZP,3.907546,4.642437,6.135085,0,2591700,24.477988,Delay-insensitive,1,1.75
586500,aM0ROONJMLKQ323l5OUQNzyqQxJFc1DbDIMHtZAAKQvRUVk4WHTHSP1wTTlOR/ZP,3.866786,4.693946,6.099448000000001,0,2591700,24.477988,Delay-insensitive,1,1.75
586800,aM0ROONJMLKQ323l5OUQNzyqQxJFc1DbDIMHtZAAKQvRUVk4WHTHSP1wTTlOR/ZP,3.724506,4.840904,9.068414,0,2591700,24.477988,Delay-insensitive,1,1.75
587100,aM0ROONJMLKQ323l5OUQNzyqQxJFc1DbDIMHtZAAKQvRUVk4WHTHSP1wTTlOR/ZP,3.966009,4.606618,5.97245,0,2591700,24.477988,Delay-insensitive,1,1.75
587400,aM0ROONJMLKQ323l5OUQNzyqQxJFc1DbDIMHtZAAKQvRUVk4WHTHSP1wTTlOR/ZP,3.961035,4.70563,5.940457,0,2591700,24.477988,Delay-insensitive,1,1.75
587700,aM0ROONJMLKQ323l5OUQNzyqQxJFc1DbDIMHtZAAKQvRUVk4WHTHSP1wTTlOR/ZP,2.976283,4.3283190000000005,5.518618,0,2591700,24.477988,Delay-insensitive,1,1.75
588000,aM0ROONJMLKQ323l5OUQNzyqQxJFc1DbDIMHtZAAKQvRUVk4WHTHSP1wTTlOR/ZP,3.980482,4.542821,5.847381,0,2591700,24.477988,Delay-insensitive,1,1.75
588300,aM0ROONJMLKQ323l5OUQNzyqQxJFc1DbDIMHtZAAKQvRUVk4WHTHSP1wTTlOR/ZP,4.067786,4.703808,5.75552,0,2591700,24.477988,Delay-insensitive,1,1.75
588600,aM0ROONJMLKQ323l5OUQNzyqQxJFc1DbDIMHtZAAKQvRUVk4WHTHSP1wTTlOR/ZP,3.939806,4.549279,5.569204,0,2591700,24.477988,Delay-insensitive,1,1.75
588900,aM0ROONJMLKQ323l5OUQNzyqQxJFc1DbDIMHtZAAKQvRUVk4WHTHSP1wTTlOR/ZP,4.07794,4.63231,5.439729,0,2591700,24.477988,Delay-insensitive,1,1.75
589200,aM0ROONJMLKQ323l5OUQNzyqQxJFc1DbDIMHtZAAKQvRUVk4WHTHSP1wTTlOR/ZP,4.05903,4.538211,5.475095,0,2591700,24.477988,Delay-insensitive,1,1.75
589500,aM0ROONJMLKQ323l5OUQNzyqQxJFc1DbDIMHtZAAKQvRUVk4WHTHSP1wTTlOR/ZP,4.026996,4.642054,5.489187,0,2591700,24.477988,Delay-insensitive,1,1.75
589800,aM0ROONJMLKQ323l5OUQNzyqQxJFc1DbDIMHtZAAKQvRUVk4WHTHSP1wTTlOR/ZP,3.566097,4.766951000000001,6.91427,0,2591700,24.477988,Delay-insensitive,1,1.75
590100,aM0ROONJMLKQ323l5OUQNzyqQxJFc1DbDIMHtZAAKQvRUVk4WHTHSP1wTTlOR/ZP,3.238498,4.312556,5.466248,0,2591700,24.477988,Delay-insensitive,1,1.75
590400,aM0ROONJMLKQ323l5OUQNzyqQxJFc1DbDIMHtZAAKQvRUVk4WHTHSP1wTTlOR/ZP,2.616192,4.740114,9.990038,0,2591700,24.477988,Delay-insensitive,1,1.75
590700,aM0ROONJMLKQ323l5OUQNzyqQxJFc1DbDIMHtZAAKQvRUVk4WHTHSP1wTTlOR/ZP,3.673163,4.31771,5.861458,0,2591700,24.477988,Delay-insensitive,1,1.75
591000,aM0ROONJMLKQ323l5OUQNzyqQxJFc1DbDIMHtZAAKQvRUVk4WHTHSP1wTTlOR/ZP,2.598614,4.11603,4.995302,0,2591700,24.477988,Delay-insensitive,1,1.75
591300,aM0ROONJMLKQ323l5OUQNzyqQxJFc1DbDIMHtZAAKQvRUVk4WHTHSP1wTTlOR/ZP,3.657506,4.212063,5.149632,0,2591700,24.477988,Delay-insensitive,1,1.75
591600,aM0ROONJMLKQ323l5OUQNzyqQxJFc1DbDIMHtZAAKQvRUVk4WHTHSP1wTTlOR/ZP,2.850847,4.175696,5.691145,0,2591700,24.477988,Delay-insensitive,1,1.75
591900,aM0ROONJMLKQ323l5OUQNzyqQxJFc1DbDIMHtZAAKQvRUVk4WHTHSP1wTTlOR/ZP,3.75885,4.327441,5.267096,0,2591700,24.477988,Delay-insensitive,1,1.75
592200,aM0ROONJMLKQ323l5OUQNzyqQxJFc1DbDIMHtZAAKQvRUVk4WHTHSP1wTTlOR/ZP,2.7126740000000003,4.222394,5.508037,0,2591700,24.477988,Delay-insensitive,1,1.75
592500,aM0ROONJMLKQ323l5OUQNzyqQxJFc1DbDIMHtZAAKQvRUVk4WHTHSP1wTTlOR/ZP,3.4596980000000004,4.399243,6.768586,0,2591700,24.477988,Delay-insensitive,1,1.75
592800,aM0ROONJMLKQ323l5OUQNzyqQxJFc1DbDIMHtZAAKQvRUVk4WHTHSP1wTTlOR/ZP,2.730557,4.197465,5.270087,0,2591700,24.477988,Delay-insensitive,1,1.75
593100,aM0ROONJMLKQ323l5OUQNzyqQxJFc1DbDIMHtZAAKQvRUVk4WHTHSP1wTTlOR/ZP,3.056524,4.285099,5.341208,0,2591700,24.477988,Delay-insensitive,1,1.75
593400,aM0ROONJMLKQ323l5OUQNzyqQxJFc1DbDIMHtZAAKQvRUVk4WHTHSP1wTTlOR/ZP,3.758663,4.362268,5.838161,0,2591700,24.477988,Delay-insensitive,1,1.75
593700,aM0ROONJMLKQ323l5OUQNzyqQxJFc1DbDIMHtZAAKQvRUVk4WHTHSP1wTTlOR/ZP,2.686417,4.064502,5.056856,0,2591700,24.477988,Delay-insensitive,1,1.75
594000,aM0ROONJMLKQ323l5OUQNzyqQxJFc1DbDIMHtZAAKQvRUVk4WHTHSP1wTTlOR/ZP,3.646841,4.922203,9.992366,0,2591700,24.477988,Delay-insensitive,1,1.75
594300,aM0ROONJMLKQ323l5OUQNzyqQxJFc1DbDIMHtZAAKQvRUVk4WHTHSP1wTTlOR/ZP,2.626468,4.175204,5.543547,0,2591700,24.477988,Delay-insensitive,1,1.75
594600,aM0ROONJMLKQ323l5OUQNzyqQxJFc1DbDIMHtZAAKQvRUVk4WHTHSP1wTTlOR/ZP,3.88426,4.264225,5.147604,0,2591700,24.477988,Delay-insensitive,1,1.75
594900,aM0ROONJMLKQ323l5OUQNzyqQxJFc1DbDIMHtZAAKQvRUVk4WHTHSP1wTTlOR/ZP,2.626231,4.164757,5.173217,0,2591700,24.477988,Delay-insensitive,1,1.75
595200,aM0ROONJMLKQ323l5OUQNzyqQxJFc1DbDIMHtZAAKQvRUVk4WHTHSP1wTTlOR/ZP,3.664457,4.340808999999999,5.423433,0,2591700,24.477988,Delay-insensitive,1,1.75
595500,aM0ROONJMLKQ323l5OUQNzyqQxJFc1DbDIMHtZAAKQvRUVk4WHTHSP1wTTlOR/ZP,2.792995,4.627077,6.759882000000001,0,2591700,24.477988,Delay-insensitive,1,1.75
595800,aM0ROONJMLKQ323l5OUQNzyqQxJFc1DbDIMHtZAAKQvRUVk4WHTHSP1wTTlOR/ZP,2.599693,4.230379,4.997911,0,2591700,24.477988,Delay-insensitive,1,1.75
596100,aM0ROONJMLKQ323l5OUQNzyqQxJFc1DbDIMHtZAAKQvRUVk4WHTHSP1wTTlOR/ZP,3.620397,4.34791,5.629408,0,2591700,24.477988,Delay-insensitive,1,1.75
596400,aM0ROONJMLKQ323l5OUQNzyqQxJFc1DbDIMHtZAAKQvRUVk4WHTHSP1wTTlOR/ZP,3.787205,4.245525,5.104066,0,2591700,24.477988,Delay-insensitive,1,1.75
596700,aM0ROONJMLKQ323l5OUQNzyqQxJFc1DbDIMHtZAAKQvRUVk4WHTHSP1wTTlOR/ZP,3.853587,4.628001,6.705761,0,2591700,24.477988,Delay-insensitive,1,1.75
597000,aM0ROONJMLKQ323l5OUQNzyqQxJFc1DbDIMHtZAAKQvRUVk4WHTHSP1wTTlOR/ZP,3.770944,4.862354,7.353631,0,2591700,24.477988,Delay-insensitive,1,1.75
597300,aM0ROONJMLKQ323l5OUQNzyqQxJFc1DbDIMHtZAAKQvRUVk4WHTHSP1wTTlOR/ZP,3.391287,4.215626,5.08361,0,2591700,24.477988,Delay-insensitive,1,1.75
597600,aM0ROONJMLKQ323l5OUQNzyqQxJFc1DbDIMHtZAAKQvRUVk4WHTHSP1wTTlOR/ZP,2.743196,4.986694,9.765791,0,2591700,24.477988,Delay-insensitive,1,1.75
597900,aM0ROONJMLKQ323l5OUQNzyqQxJFc1DbDIMHtZAAKQvRUVk4WHTHSP1wTTlOR/ZP,3.929894,5.040983,8.596631,0,2591700,24.477988,Delay-insensitive,1,1.75
598200,aM0ROONJMLKQ323l5OUQNzyqQxJFc1DbDIMHtZAAKQvRUVk4WHTHSP1wTTlOR/ZP,3.145065,5.435299,13.87907,0,2591700,24.477988,Delay-insensitive,1,1.75
598500,aM0ROONJMLKQ323l5OUQNzyqQxJFc1DbDIMHtZAAKQvRUVk4WHTHSP1wTTlOR/ZP,3.186933,4.121441,5.009025,0,2591700,24.477988,Delay-insensitive,1,1.75
598800,aM0ROONJMLKQ323l5OUQNzyqQxJFc1DbDIMHtZAAKQvRUVk4WHTHSP1wTTlOR/ZP,3.4927910000000004,4.447437,5.805385,0,2591700,24.477988,Delay-insensitive,1,1.75
599100,aM0ROONJMLKQ323l5OUQNzyqQxJFc1DbDIMHtZAAKQvRUVk4WHTHSP1wTTlOR/ZP,3.560602,4.72374,6.128924,0,2591700,24.477988,Delay-insensitive,1,1.75
599400,aM0ROONJMLKQ323l5OUQNzyqQxJFc1DbDIMHtZAAKQvRUVk4WHTHSP1wTTlOR/ZP,3.805291,4.416144999999999,5.384030999999999,0,2591700,24.477988,Delay-insensitive,1,1.75
599700,aM0ROONJMLKQ323l5OUQNzyqQxJFc1DbDIMHtZAAKQvRUVk4WHTHSP1wTTlOR/ZP,3.196356,4.100113,5.170389,0,2591700,24.477988,Delay-insensitive,1,1.75
600000,aM0ROONJMLKQ323l5OUQNzyqQxJFc1DbDIMHtZAAKQvRUVk4WHTHSP1wTTlOR/ZP,3.798179,4.337419000000001,5.002873999999999,0,2591700,24.477988,Delay-insensitive,1,1.75
600300,aM0ROONJMLKQ323l5OUQNzyqQxJFc1DbDIMHtZAAKQvRUVk4WHTHSP1wTTlOR/ZP,3.824423,4.454177,5.41629,0,2591700,24.477988,Delay-insensitive,1,1.75
600600,aM0ROONJMLKQ323l5OUQNzyqQxJFc1DbDIMHtZAAKQvRUVk4WHTHSP1wTTlOR/ZP,3.540174,4.25851,5.296446,0,2591700,24.477988,Delay-insensitive,1,1.75
600900,aM0ROONJMLKQ323l5OUQNzyqQxJFc1DbDIMHtZAAKQvRUVk4WHTHSP1wTTlOR/ZP,3.292384,4.013547,4.689275,0,2591700,24.477988,Delay-insensitive,1,1.75
601200,aM0ROONJMLKQ323l5OUQNzyqQxJFc1DbDIMHtZAAKQvRUVk4WHTHSP1wTTlOR/ZP,3.5875790000000003,4.713241,9.568843,0,2591700,24.477988,Delay-insensitive,1,1.75
601500,aM0ROONJMLKQ323l5OUQNzyqQxJFc1DbDIMHtZAAKQvRUVk4WHTHSP1wTTlOR/ZP,3.687192,4.343632,5.430549,0,2591700,24.477988,Delay-insensitive,1,1.75
601800,aM0ROONJMLKQ323l5OUQNzyqQxJFc1DbDIMHtZAAKQvRUVk4WHTHSP1wTTlOR/ZP,2.986626,3.955039,5.262754,0,2591700,24.477988,Delay-insensitive,1,1.75
602100,aM0ROONJMLKQ323l5OUQNzyqQxJFc1DbDIMHtZAAKQvRUVk4WHTHSP1wTTlOR/ZP,3.3957900000000003,3.969678,5.168546,0,2591700,24.477988,Delay-insensitive,1,1.75
602400,aM0ROONJMLKQ323l5OUQNzyqQxJFc1DbDIMHtZAAKQvRUVk4WHTHSP1wTTlOR/ZP,3.118423,3.773853,5.288176999999999,0,2591700,24.477988,Delay-insensitive,1,1.75
602700,aM0ROONJMLKQ323l5OUQNzyqQxJFc1DbDIMHtZAAKQvRUVk4WHTHSP1wTTlOR/ZP,3.246572,3.788365,4.981801,0,2591700,24.477988,Delay-insensitive,1,1.75
603000,aM0ROONJMLKQ323l5OUQNzyqQxJFc1DbDIMHtZAAKQvRUVk4WHTHSP1wTTlOR/ZP,2.316266,3.732965,5.054963,0,2591700,24.477988,Delay-insensitive,1,1.75
603300,aM0ROONJMLKQ323l5OUQNzyqQxJFc1DbDIMHtZAAKQvRUVk4WHTHSP1wTTlOR/ZP,3.181099,3.764429,4.84644,0,2591700,24.477988,Delay-insensitive,1,1.75
603600,aM0ROONJMLKQ323l5OUQNzyqQxJFc1DbDIMHtZAAKQvRUVk4WHTHSP1wTTlOR/ZP,2.434443,3.556046,4.951182,0,2591700,24.477988,Delay-insensitive,1,1.75
603900,aM0ROONJMLKQ323l5OUQNzyqQxJFc1DbDIMHtZAAKQvRUVk4WHTHSP1wTTlOR/ZP,2.270144,3.702087,4.9014,0,2591700,24.477988,Delay-insensitive,1,1.75
604200,aM0ROONJMLKQ323l5OUQNzyqQxJFc1DbDIMHtZAAKQvRUVk4WHTHSP1wTTlOR/ZP,3.124616,4.160051999999999,7.496291999999999,0,2591700,24.477988,Delay-insensitive,1,1.75
604500,aM0ROONJMLKQ323l5OUQNzyqQxJFc1DbDIMHtZAAKQvRUVk4WHTHSP1wTTlOR/ZP,2.974014,3.773804,5.032006,0,2591700,24.477988,Delay-insensitive,1,1.75
604800,aM0ROONJMLKQ323l5OUQNzyqQxJFc1DbDIMHtZAAKQvRUVk4WHTHSP1wTTlOR/ZP,3.117641,4.336711,8.252021000000001,0,2591700,24.477988,Delay-insensitive,1,1.75
605100,aM0ROONJMLKQ323l5OUQNzyqQxJFc1DbDIMHtZAAKQvRUVk4WHTHSP1wTTlOR/ZP,3.053317,3.706286,4.940783000000001,0,2591700,24.477988,Delay-insensitive,1,1.75
605400,aM0ROONJMLKQ323l5OUQNzyqQxJFc1DbDIMHtZAAKQvRUVk4WHTHSP1wTTlOR/ZP,2.935413,3.731524,5.063375,0,2591700,24.477988,Delay-insensitive,1,1.75
605700,aM0ROONJMLKQ323l5OUQNzyqQxJFc1DbDIMHtZAAKQvRUVk4WHTHSP1wTTlOR/ZP,2.758121,3.777124,5.0760510000000005,0,2591700,24.477988,Delay-insensitive,1,1.75
606000,aM0ROONJMLKQ323l5OUQNzyqQxJFc1DbDIMHtZAAKQvRUVk4WHTHSP1wTTlOR/ZP,2.939843,3.716337,5.066936,0,2591700,24.477988,Delay-insensitive,1,1.75
606300,aM0ROONJMLKQ323l5OUQNzyqQxJFc1DbDIMHtZAAKQvRUVk4WHTHSP1wTTlOR/ZP,1.759137,3.496407,5.019817,0,2591700,24.477988,Delay-insensitive,1,1.75
606600,aM0ROONJMLKQ323l5OUQNzyqQxJFc1DbDIMHtZAAKQvRUVk4WHTHSP1wTTlOR/ZP,3.205959,3.841696,5.036293,0,2591700,24.477988,Delay-insensitive,1,1.75
606900,aM0ROONJMLKQ323l5OUQNzyqQxJFc1DbDIMHtZAAKQvRUVk4WHTHSP1wTTlOR/ZP,3.1379330000000003,3.778896,5.178891999999999,0,2591700,24.477988,Delay-insensitive,1,1.75
607200,aM0ROONJMLKQ323l5OUQNzyqQxJFc1DbDIMHtZAAKQvRUVk4WHTHSP1wTTlOR/ZP,3.390586,3.7599,4.923173,0,2591700,24.477988,Delay-insensitive,1,1.75
607500,aM0ROONJMLKQ323l5OUQNzyqQxJFc1DbDIMHtZAAKQvRUVk4WHTHSP1wTTlOR/ZP,3.261098,3.829099,5.039085,0,2591700,24.477988,Delay-insensitive,1,1.75
607800,aM0ROONJMLKQ323l5OUQNzyqQxJFc1DbDIMHtZAAKQvRUVk4WHTHSP1wTTlOR/ZP,2.472741,3.678176,4.911968,0,2591700,24.477988,Delay-insensitive,1,1.75
608100,aM0ROONJMLKQ323l5OUQNzyqQxJFc1DbDIMHtZAAKQvRUVk4WHTHSP1wTTlOR/ZP,3.176028,3.634208,4.707066,0,2591700,24.477988,Delay-insensitive,1,1.75
608400,aM0ROONJMLKQ323l5OUQNzyqQxJFc1DbDIMHtZAAKQvRUVk4WHTHSP1wTTlOR/ZP,3.221019,4.311517,8.373092,0,2591700,24.477988,Delay-insensitive,1,1.75
608700,aM0ROONJMLKQ323l5OUQNzyqQxJFc1DbDIMHtZAAKQvRUVk4WHTHSP1wTTlOR/ZP,3.13066,3.799184,4.8218,0,2591700,24.477988,Delay-insensitive,1,1.75
609000,aM0ROONJMLKQ323l5OUQNzyqQxJFc1DbDIMHtZAAKQvRUVk4WHTHSP1wTTlOR/ZP,2.936744,3.672906,4.906215,0,2591700,24.477988,Delay-insensitive,1,1.75
609300,aM0ROONJMLKQ323l5OUQNzyqQxJFc1DbDIMHtZAAKQvRUVk4WHTHSP1wTTlOR/ZP,3.208597,3.904797,5.073563,0,2591700,24.477988,Delay-insensitive,1,1.75
609600,aM0ROONJMLKQ323l5OUQNzyqQxJFc1DbDIMHtZAAKQvRUVk4WHTHSP1wTTlOR/ZP,3.0684720000000003,3.848175,4.773278,0,2591700,24.477988,Delay-insensitive,1,1.75
609900,aM0ROONJMLKQ323l5OUQNzyqQxJFc1DbDIMHtZAAKQvRUVk4WHTHSP1wTTlOR/ZP,3.533021,3.97693,5.227707,0,2591700,24.477988,Delay-insensitive,1,1.75
610200,aM0ROONJMLKQ323l5OUQNzyqQxJFc1DbDIMHtZAAKQvRUVk4WHTHSP1wTTlOR/ZP,3.588556,4.201527,5.249126,0,2591700,24.477988,Delay-insensitive,1,1.75
610500,aM0ROONJMLKQ323l5OUQNzyqQxJFc1DbDIMHtZAAKQvRUVk4WHTHSP1wTTlOR/ZP,3.297229,3.983742,5.044746,0,2591700,24.477988,Delay-insensitive,1,1.75
610800,aM0ROONJMLKQ323l5OUQNzyqQxJFc1DbDIMHtZAAKQvRUVk4WHTHSP1wTTlOR/ZP,2.947739,3.877005000000001,5.123638,0,2591700,24.477988,Delay-insensitive,1,1.75
611100,aM0ROONJMLKQ323l5OUQNzyqQxJFc1DbDIMHtZAAKQvRUVk4WHTHSP1wTTlOR/ZP,3.712265,4.462004,6.006775,0,2591700,24.477988,Delay-insensitive,1,1.75
611400,aM0ROONJMLKQ323l5OUQNzyqQxJFc1DbDIMHtZAAKQvRUVk4WHTHSP1wTTlOR/ZP,3.370258,4.398172,7.114771000000001,0,2591700,24.477988,Delay-insensitive,1,1.75
611700,aM0ROONJMLKQ323l5OUQNzyqQxJFc1DbDIMHtZAAKQvRUVk4WHTHSP1wTTlOR/ZP,2.809982,4.042118,5.017153,0,2591700,24.477988,Delay-insensitive,1,1.75
612000,aM0ROONJMLKQ323l5OUQNzyqQxJFc1DbDIMHtZAAKQvRUVk4WHTHSP1wTTlOR/ZP,3.68944,4.644415,8.440608000000001,0,2591700,24.477988,Delay-insensitive,1,1.75
612300,aM0ROONJMLKQ323l5OUQNzyqQxJFc1DbDIMHtZAAKQvRUVk4WHTHSP1wTTlOR/ZP,3.524629,4.010351,4.797212,0,2591700,24.477988,Delay-insensitive,1,1.75
612600,aM0ROONJMLKQ323l5OUQNzyqQxJFc1DbDIMHtZAAKQvRUVk4WHTHSP1wTTlOR/ZP,3.522145,4.151618,4.623766000000001,0,2591700,24.477988,Delay-insensitive,1,1.75
612900,aM0ROONJMLKQ323l5OUQNzyqQxJFc1DbDIMHtZAAKQvRUVk4WHTHSP1wTTlOR/ZP,2.778535,4.113669,5.479471,0,2591700,24.477988,Delay-insensitive,1,1.75
613200,aM0ROONJMLKQ323l5OUQNzyqQxJFc1DbDIMHtZAAKQvRUVk4WHTHSP1wTTlOR/ZP,3.285803,3.965288,4.760507,0,2591700,24.477988,Delay-insensitive,1,1.75
613500,aM0ROONJMLKQ323l5OUQNzyqQxJFc1DbDIMHtZAAKQvRUVk4WHTHSP1wTTlOR/ZP,2.640689,4.048869,5.001712,0,2591700,24.477988,Delay-insensitive,1,1.75
613800,aM0ROONJMLKQ323l5OUQNzyqQxJFc1DbDIMHtZAAKQvRUVk4WHTHSP1wTTlOR/ZP,3.667177,4.239339,5.59154,0,2591700,24.477988,Delay-insensitive,1,1.75
614100,aM0ROONJMLKQ323l5OUQNzyqQxJFc1DbDIMHtZAAKQvRUVk4WHTHSP1wTTlOR/ZP,2.874115,3.900863,4.673857,0,2591700,24.477988,Delay-insensitive,1,1.75
614400,aM0ROONJMLKQ323l5OUQNzyqQxJFc1DbDIMHtZAAKQvRUVk4WHTHSP1wTTlOR/ZP,2.902429,4.126828,4.987691000000001,0,2591700,24.477988,Delay-insensitive,1,1.75
614700,aM0ROONJMLKQ323l5OUQNzyqQxJFc1DbDIMHtZAAKQvRUVk4WHTHSP1wTTlOR/ZP,3.692441000000001,4.225551,5.539625,0,2591700,24.477988,Delay-insensitive,1,1.75
615000,aM0ROONJMLKQ323l5OUQNzyqQxJFc1DbDIMHtZAAKQvRUVk4WHTHSP1wTTlOR/ZP,3.304549,3.990234,4.820567,0,2591700,24.477988,Delay-insensitive,1,1.75
615300,aM0ROONJMLKQ323l5OUQNzyqQxJFc1DbDIMHtZAAKQvRUVk4WHTHSP1wTTlOR/ZP,3.700391,4.191431,4.951919,0,2591700,24.477988,Delay-insensitive,1,1.75
615600,aM0ROONJMLKQ323l5OUQNzyqQxJFc1DbDIMHtZAAKQvRUVk4WHTHSP1wTTlOR/ZP,3.065738,4.546931,8.890645,0,2591700,24.477988,Delay-insensitive,1,1.75
615900,aM0ROONJMLKQ323l5OUQNzyqQxJFc1DbDIMHtZAAKQvRUVk4WHTHSP1wTTlOR/ZP,3.5402150000000003,4.040697,4.801648999999999,0,2591700,24.477988,Delay-insensitive,1,1.75
616200,aM0ROONJMLKQ323l5OUQNzyqQxJFc1DbDIMHtZAAKQvRUVk4WHTHSP1wTTlOR/ZP,3.289103,4.122557,5.00818,0,2591700,24.477988,Delay-insensitive,1,1.75
616500,aM0ROONJMLKQ323l5OUQNzyqQxJFc1DbDIMHtZAAKQvRUVk4WHTHSP1wTTlOR/ZP,3.711163,4.290302,5.585462000000001,0,2591700,24.477988,Delay-insensitive,1,1.75
616800,aM0ROONJMLKQ323l5OUQNzyqQxJFc1DbDIMHtZAAKQvRUVk4WHTHSP1wTTlOR/ZP,3.061656,3.916063,4.739541,0,2591700,24.477988,Delay-insensitive,1,1.75
617100,aM0ROONJMLKQ323l5OUQNzyqQxJFc1DbDIMHtZAAKQvRUVk4WHTHSP1wTTlOR/ZP,3.441672,4.300905,5.126453,0,2591700,24.477988,Delay-insensitive,1,1.75
617400,aM0ROONJMLKQ323l5OUQNzyqQxJFc1DbDIMHtZAAKQvRUVk4WHTHSP1wTTlOR/ZP,3.782086,4.309005,5.546201,0,2591700,24.477988,Delay-insensitive,1,1.75
617700,aM0ROONJMLKQ323l5OUQNzyqQxJFc1DbDIMHtZAAKQvRUVk4WHTHSP1wTTlOR/ZP,3.374522,4.068739,4.904294,0,2591700,24.477988,Delay-insensitive,1,1.75
618000,aM0ROONJMLKQ323l5OUQNzyqQxJFc1DbDIMHtZAAKQvRUVk4WHTHSP1wTTlOR/ZP,3.648035,4.38339,5.144253,0,2591700,24.477988,Delay-insensitive,1,1.75
618300,aM0ROONJMLKQ323l5OUQNzyqQxJFc1DbDIMHtZAAKQvRUVk4WHTHSP1wTTlOR/ZP,2.914647,4.189547,5.7038150000000005,0,2591700,24.477988,Delay-insensitive,1,1.75
618600,aM0ROONJMLKQ323l5OUQNzyqQxJFc1DbDIMHtZAAKQvRUVk4WHTHSP1wTTlOR/ZP,3.618127,4.509318,6.338932,0,2591700,24.477988,Delay-insensitive,1,1.75
618900,aM0ROONJMLKQ323l5OUQNzyqQxJFc1DbDIMHtZAAKQvRUVk4WHTHSP1wTTlOR/ZP,2.710951,4.157932,5.070238,0,2591700,24.477988,Delay-insensitive,1,1.75
619200,aM0ROONJMLKQ323l5OUQNzyqQxJFc1DbDIMHtZAAKQvRUVk4WHTHSP1wTTlOR/ZP,3.722562,4.783617,7.529274000000001,0,2591700,24.477988,Delay-insensitive,1,1.75
619500,aM0ROONJMLKQ323l5OUQNzyqQxJFc1DbDIMHtZAAKQvRUVk4WHTHSP1wTTlOR/ZP,2.773387,4.017647,4.76888,0,2591700,24.477988,Delay-insensitive,1,1.75
619800,aM0ROONJMLKQ323l5OUQNzyqQxJFc1DbDIMHtZAAKQvRUVk4WHTHSP1wTTlOR/ZP,3.620333,4.431237,4.867301,0,2591700,24.477988,Delay-insensitive,1,1.75
620100,aM0ROONJMLKQ323l5OUQNzyqQxJFc1DbDIMHtZAAKQvRUVk4WHTHSP1wTTlOR/ZP,3.72162,4.226765,5.373173,0,2591700,24.477988,Delay-insensitive,1,1.75
620400,aM0ROONJMLKQ323l5OUQNzyqQxJFc1DbDIMHtZAAKQvRUVk4WHTHSP1wTTlOR/ZP,3.019625,3.912198000000001,4.722448,0,2591700,24.477988,Delay-insensitive,1,1.75
620700,aM0ROONJMLKQ323l5OUQNzyqQxJFc1DbDIMHtZAAKQvRUVk4WHTHSP1wTTlOR/ZP,3.747626,4.262017,5.09553,0,2591700,24.477988,Delay-insensitive,1,1.75
621000,aM0ROONJMLKQ323l5OUQNzyqQxJFc1DbDIMHtZAAKQvRUVk4WHTHSP1wTTlOR/ZP,3.04252,4.151616000000001,5.348128,0,2591700,24.477988,Delay-insensitive,1,1.75
621300,aM0ROONJMLKQ323l5OUQNzyqQxJFc1DbDIMHtZAAKQvRUVk4WHTHSP1wTTlOR/ZP,3.824479,4.114949,4.75609,0,2591700,24.477988,Delay-insensitive,1,1.75
621600,aM0ROONJMLKQ323l5OUQNzyqQxJFc1DbDIMHtZAAKQvRUVk4WHTHSP1wTTlOR/ZP,3.2997650000000003,4.258495,4.94953,0,2591700,24.477988,Delay-insensitive,1,1.75
621900,aM0ROONJMLKQ323l5OUQNzyqQxJFc1DbDIMHtZAAKQvRUVk4WHTHSP1wTTlOR/ZP,3.798097,4.321529,5.23755,0,2591700,24.477988,Delay-insensitive,1,1.75
622200,aM0ROONJMLKQ323l5OUQNzyqQxJFc1DbDIMHtZAAKQvRUVk4WHTHSP1wTTlOR/ZP,2.979061,4.10907,4.771780000000001,0,2591700,24.477988,Delay-insensitive,1,1.75
622500,aM0ROONJMLKQ323l5OUQNzyqQxJFc1DbDIMHtZAAKQvRUVk4WHTHSP1wTTlOR/ZP,4.107192,4.565388,5.044738,0,2591700,24.477988,Delay-insensitive,1,1.75
622800,aM0ROONJMLKQ323l5OUQNzyqQxJFc1DbDIMHtZAAKQvRUVk4WHTHSP1wTTlOR/ZP,3.835641,4.930248000000001,9.300625,0,2591700,24.477988,Delay-insensitive,1,1.75
623100,aM0ROONJMLKQ323l5OUQNzyqQxJFc1DbDIMHtZAAKQvRUVk4WHTHSP1wTTlOR/ZP,3.865332,4.501068,5.120914,0,2591700,24.477988,Delay-insensitive,1,1.75
623400,aM0ROONJMLKQ323l5OUQNzyqQxJFc1DbDIMHtZAAKQvRUVk4WHTHSP1wTTlOR/ZP,3.875834,4.707161,5.450831,0,2591700,24.477988,Delay-insensitive,1,1.75
623700,aM0ROONJMLKQ323l5OUQNzyqQxJFc1DbDIMHtZAAKQvRUVk4WHTHSP1wTTlOR/ZP,3.946041,4.639312,5.685217,0,2591700,24.477988,Delay-insensitive,1,1.75
624000,aM0ROONJMLKQ323l5OUQNzyqQxJFc1DbDIMHtZAAKQvRUVk4WHTHSP1wTTlOR/ZP,3.853915,4.4962,5.125509,0,2591700,24.477988,Delay-insensitive,1,1.75
624300,aM0ROONJMLKQ323l5OUQNzyqQxJFc1DbDIMHtZAAKQvRUVk4WHTHSP1wTTlOR/ZP,3.813257,4.570380999999999,5.214779,0,2591700,24.477988,Delay-insensitive,1,1.75
624600,aM0ROONJMLKQ323l5OUQNzyqQxJFc1DbDIMHtZAAKQvRUVk4WHTHSP1wTTlOR/ZP,3.733977,4.516181,5.44829,0,2591700,24.477988,Delay-insensitive,1,1.75
624900,aM0ROONJMLKQ323l5OUQNzyqQxJFc1DbDIMHtZAAKQvRUVk4WHTHSP1wTTlOR/ZP,3.233479,4.357211,5.59432,0,2591700,24.477988,Delay-insensitive,1,1.75
625200,aM0ROONJMLKQ323l5OUQNzyqQxJFc1DbDIMHtZAAKQvRUVk4WHTHSP1wTTlOR/ZP,3.755773000000001,4.506297,6.089441000000001,0,2591700,24.477988,Delay-insensitive,1,1.75
625500,aM0ROONJMLKQ323l5OUQNzyqQxJFc1DbDIMHtZAAKQvRUVk4WHTHSP1wTTlOR/ZP,3.664364,4.555765,5.679632,0,2591700,24.477988,Delay-insensitive,1,1.75
625800,aM0ROONJMLKQ323l5OUQNzyqQxJFc1DbDIMHtZAAKQvRUVk4WHTHSP1wTTlOR/ZP,3.654614,4.818759,6.273582,0,2591700,24.477988,Delay-insensitive,1,1.75
626100,aM0ROONJMLKQ323l5OUQNzyqQxJFc1DbDIMHtZAAKQvRUVk4WHTHSP1wTTlOR/ZP,3.772438,4.5809,6.30586,0,2591700,24.477988,Delay-insensitive,1,1.75
626400,aM0ROONJMLKQ323l5OUQNzyqQxJFc1DbDIMHtZAAKQvRUVk4WHTHSP1wTTlOR/ZP,3.533196,5.023808,9.667181,0,2591700,24.477988,Delay-insensitive,1,1.75
626700,aM0ROONJMLKQ323l5OUQNzyqQxJFc1DbDIMHtZAAKQvRUVk4WHTHSP1wTTlOR/ZP,3.697006,4.52275,5.685265,0,2591700,24.477988,Delay-insensitive,1,1.75
627000,aM0ROONJMLKQ323l5OUQNzyqQxJFc1DbDIMHtZAAKQvRUVk4WHTHSP1wTTlOR/ZP,3.80012,4.54932,6.045878,0,2591700,24.477988,Delay-insensitive,1,1.75
627300,aM0ROONJMLKQ323l5OUQNzyqQxJFc1DbDIMHtZAAKQvRUVk4WHTHSP1wTTlOR/ZP,3.733152,4.574169,5.593605,0,2591700,24.477988,Delay-insensitive,1,1.75
627600,aM0ROONJMLKQ323l5OUQNzyqQxJFc1DbDIMHtZAAKQvRUVk4WHTHSP1wTTlOR/ZP,3.717397,4.451743,5.450683000000001,0,2591700,24.477988,Delay-insensitive,1,1.75
627900,aM0ROONJMLKQ323l5OUQNzyqQxJFc1DbDIMHtZAAKQvRUVk4WHTHSP1wTTlOR/ZP,3.666219,4.6024400000000005,6.127433,0,2591700,24.477988,Delay-insensitive,1,1.75
628200,aM0ROONJMLKQ323l5OUQNzyqQxJFc1DbDIMHtZAAKQvRUVk4WHTHSP1wTTlOR/ZP,3.601202,4.486915,5.46877,0,2591700,24.477988,Delay-insensitive,1,1.75
628500,aM0ROONJMLKQ323l5OUQNzyqQxJFc1DbDIMHtZAAKQvRUVk4WHTHSP1wTTlOR/ZP,3.700721,4.267576999999999,5.50409,0,2591700,24.477988,Delay-insensitive,1,1.75
628800,aM0ROONJMLKQ323l5OUQNzyqQxJFc1DbDIMHtZAAKQvRUVk4WHTHSP1wTTlOR/ZP,3.682374,4.465971,6.152558999999999,0,2591700,24.477988,Delay-insensitive,1,1.75
629100,aM0ROONJMLKQ323l5OUQNzyqQxJFc1DbDIMHtZAAKQvRUVk4WHTHSP1wTTlOR/ZP,3.3022949999999995,4.569482,5.767157,0,2591700,24.477988,Delay-insensitive,1,1.75
629400,aM0ROONJMLKQ323l5OUQNzyqQxJFc1DbDIMHtZAAKQvRUVk4WHTHSP1wTTlOR/ZP,3.749258,4.376199,5.663678,0,2591700,24.477988,Delay-insensitive,1,1.75
629700,aM0ROONJMLKQ323l5OUQNzyqQxJFc1DbDIMHtZAAKQvRUVk4WHTHSP1wTTlOR/ZP,3.721405,4.511093,6.240809,0,2591700,24.477988,Delay-insensitive,1,1.75
630000,aM0ROONJMLKQ323l5OUQNzyqQxJFc1DbDIMHtZAAKQvRUVk4WHTHSP1wTTlOR/ZP,3.614896,5.062539,9.904885,0,2591700,24.477988,Delay-insensitive,1,1.75
630300,aM0ROONJMLKQ323l5OUQNzyqQxJFc1DbDIMHtZAAKQvRUVk4WHTHSP1wTTlOR/ZP,3.3184190000000005,4.383267,5.822142,0,2591700,24.477988,Delay-insensitive,1,1.75
630600,aM0ROONJMLKQ323l5OUQNzyqQxJFc1DbDIMHtZAAKQvRUVk4WHTHSP1wTTlOR/ZP,2.860916,4.420637999999999,6.011101999999999,0,2591700,24.477988,Delay-insensitive,1,1.75
630900,aM0ROONJMLKQ323l5OUQNzyqQxJFc1DbDIMHtZAAKQvRUVk4WHTHSP1wTTlOR/ZP,3.575769,4.5512760000000005,5.956182,0,2591700,24.477988,Delay-insensitive,1,1.75
631200,aM0ROONJMLKQ323l5OUQNzyqQxJFc1DbDIMHtZAAKQvRUVk4WHTHSP1wTTlOR/ZP,2.99529,4.36461,5.672374,0,2591700,24.477988,Delay-insensitive,1,1.75
631500,aM0ROONJMLKQ323l5OUQNzyqQxJFc1DbDIMHtZAAKQvRUVk4WHTHSP1wTTlOR/ZP,3.870904,4.671072000000001,6.087342,0,2591700,24.477988,Delay-insensitive,1,1.75
631800,aM0ROONJMLKQ323l5OUQNzyqQxJFc1DbDIMHtZAAKQvRUVk4WHTHSP1wTTlOR/ZP,3.112654,4.445965,5.638736,0,2591700,24.477988,Delay-insensitive,1,1.75
632100,aM0ROONJMLKQ323l5OUQNzyqQxJFc1DbDIMHtZAAKQvRUVk4WHTHSP1wTTlOR/ZP,3.682274,4.259784,5.497796,0,2591700,24.477988,Delay-insensitive,1,1.75
632400,aM0ROONJMLKQ323l5OUQNzyqQxJFc1DbDIMHtZAAKQvRUVk4WHTHSP1wTTlOR/ZP,2.70711,4.326236,6.11211,0,2591700,24.477988,Delay-insensitive,1,1.75
632700,aM0ROONJMLKQ323l5OUQNzyqQxJFc1DbDIMHtZAAKQvRUVk4WHTHSP1wTTlOR/ZP,3.798695,4.577726,5.728782,0,2591700,24.477988,Delay-insensitive,1,1.75
633000,aM0ROONJMLKQ323l5OUQNzyqQxJFc1DbDIMHtZAAKQvRUVk4WHTHSP1wTTlOR/ZP,3.146259,4.714716,6.089341,0,2591700,24.477988,Delay-insensitive,1,1.75
633300,aM0ROONJMLKQ323l5OUQNzyqQxJFc1DbDIMHtZAAKQvRUVk4WHTHSP1wTTlOR/ZP,3.0537650000000003,4.516523,6.155051,0,2591700,24.477988,Delay-insensitive,1,1.75
633600,aM0ROONJMLKQ323l5OUQNzyqQxJFc1DbDIMHtZAAKQvRUVk4WHTHSP1wTTlOR/ZP,3.652374,4.950258,9.481427,0,2591700,24.477988,Delay-insensitive,1,1.75
633900,aM0ROONJMLKQ323l5OUQNzyqQxJFc1DbDIMHtZAAKQvRUVk4WHTHSP1wTTlOR/ZP,3.270887,4.278804,5.539514,0,2591700,24.477988,Delay-insensitive,1,1.75
634200,aM0ROONJMLKQ323l5OUQNzyqQxJFc1DbDIMHtZAAKQvRUVk4WHTHSP1wTTlOR/ZP,3.851986,4.567967,6.370824,0,2591700,24.477988,Delay-insensitive,1,1.75
634500,aM0ROONJMLKQ323l5OUQNzyqQxJFc1DbDIMHtZAAKQvRUVk4WHTHSP1wTTlOR/ZP,3.181444,4.358553,5.442885,0,2591700,24.477988,Delay-insensitive,1,1.75
634800,aM0ROONJMLKQ323l5OUQNzyqQxJFc1DbDIMHtZAAKQvRUVk4WHTHSP1wTTlOR/ZP,3.694061,4.326556,5.236182,0,2591700,24.477988,Delay-insensitive,1,1.75
635100,aM0ROONJMLKQ323l5OUQNzyqQxJFc1DbDIMHtZAAKQvRUVk4WHTHSP1wTTlOR/ZP,3.656017,4.608723,6.076146,0,2591700,24.477988,Delay-insensitive,1,1.75
635400,aM0ROONJMLKQ323l5OUQNzyqQxJFc1DbDIMHtZAAKQvRUVk4WHTHSP1wTTlOR/ZP,3.967286,4.434917,5.356351999999999,0,2591700,24.477988,Delay-insensitive,1,1.75
635700,aM0ROONJMLKQ323l5OUQNzyqQxJFc1DbDIMHtZAAKQvRUVk4WHTHSP1wTTlOR/ZP,3.63475,4.297458,5.385722,0,2591700,24.477988,Delay-insensitive,1,1.75
636000,aM0ROONJMLKQ323l5OUQNzyqQxJFc1DbDIMHtZAAKQvRUVk4WHTHSP1wTTlOR/ZP,3.292907,4.392059,5.533505,0,2591700,24.477988,Delay-insensitive,1,1.75
636300,aM0ROONJMLKQ323l5OUQNzyqQxJFc1DbDIMHtZAAKQvRUVk4WHTHSP1wTTlOR/ZP,3.727424,4.452319999999999,5.355965,0,2591700,24.477988,Delay-insensitive,1,1.75
636600,aM0ROONJMLKQ323l5OUQNzyqQxJFc1DbDIMHtZAAKQvRUVk4WHTHSP1wTTlOR/ZP,3.377589,4.366062,5.252697,0,2591700,24.477988,Delay-insensitive,1,1.75
636900,aM0ROONJMLKQ323l5OUQNzyqQxJFc1DbDIMHtZAAKQvRUVk4WHTHSP1wTTlOR/ZP,3.906565,4.570058,5.977249,0,2591700,24.477988,Delay-insensitive,1,1.75
637200,aM0ROONJMLKQ323l5OUQNzyqQxJFc1DbDIMHtZAAKQvRUVk4WHTHSP1wTTlOR/ZP,3.638663,4.801416000000001,9.737709,0,2591700,24.477988,Delay-insensitive,1,1.75
637500,aM0ROONJMLKQ323l5OUQNzyqQxJFc1DbDIMHtZAAKQvRUVk4WHTHSP1wTTlOR/ZP,3.757005,4.45985,5.194582,0,2591700,24.477988,Delay-insensitive,1,1.75
637800,aM0ROONJMLKQ323l5OUQNzyqQxJFc1DbDIMHtZAAKQvRUVk4WHTHSP1wTTlOR/ZP,3.643629,4.554774,5.911846,0,2591700,24.477988,Delay-insensitive,1,1.75
638100,aM0ROONJMLKQ323l5OUQNzyqQxJFc1DbDIMHtZAAKQvRUVk4WHTHSP1wTTlOR/ZP,3.776613,4.42402,5.0956470000000005,0,2591700,24.477988,Delay-insensitive,1,1.75
638400,aM0ROONJMLKQ323l5OUQNzyqQxJFc1DbDIMHtZAAKQvRUVk4WHTHSP1wTTlOR/ZP,3.758078,4.443141000000001,5.139906,0,2591700,24.477988,Delay-insensitive,1,1.75
638700,aM0ROONJMLKQ323l5OUQNzyqQxJFc1DbDIMHtZAAKQvRUVk4WHTHSP1wTTlOR/ZP,3.960061,5.817273,14.202585,0,2591700,24.477988,Delay-insensitive,1,1.75
639000,aM0ROONJMLKQ323l5OUQNzyqQxJFc1DbDIMHtZAAKQvRUVk4WHTHSP1wTTlOR/ZP,3.792119,4.587085,6.130161,0,2591700,24.477988,Delay-insensitive,1,1.75
639300,aM0ROONJMLKQ323l5OUQNzyqQxJFc1DbDIMHtZAAKQvRUVk4WHTHSP1wTTlOR/ZP,3.789091,4.346148,5.359780000000001,0,2591700,24.477988,Delay-insensitive,1,1.75
639600,aM0ROONJMLKQ323l5OUQNzyqQxJFc1DbDIMHtZAAKQvRUVk4WHTHSP1wTTlOR/ZP,3.719438,4.550530999999999,5.567108,0,2591700,24.477988,Delay-insensitive,1,1.75
639900,aM0ROONJMLKQ323l5OUQNzyqQxJFc1DbDIMHtZAAKQvRUVk4WHTHSP1wTTlOR/ZP,3.776572,4.467830999999999,5.579261,0,2591700,24.477988,Delay-insensitive,1,1.75
640200,aM0ROONJMLKQ323l5OUQNzyqQxJFc1DbDIMHtZAAKQvRUVk4WHTHSP1wTTlOR/ZP,3.96501,4.876655,6.107933999999999,0,2591700,24.477988,Delay-insensitive,1,1.75
640500,aM0ROONJMLKQ323l5OUQNzyqQxJFc1DbDIMHtZAAKQvRUVk4WHTHSP1wTTlOR/ZP,3.4167370000000004,4.589325,7.406982000000001,0,2591700,24.477988,Delay-insensitive,1,1.75
640800,aM0ROONJMLKQ323l5OUQNzyqQxJFc1DbDIMHtZAAKQvRUVk4WHTHSP1wTTlOR/ZP,3.649715,4.827597,9.524087,0,2591700,24.477988,Delay-insensitive,1,1.75
641100,aM0ROONJMLKQ323l5OUQNzyqQxJFc1DbDIMHtZAAKQvRUVk4WHTHSP1wTTlOR/ZP,3.698858,4.606969,6.938161,0,2591700,24.477988,Delay-insensitive,1,1.75
641400,aM0ROONJMLKQ323l5OUQNzyqQxJFc1DbDIMHtZAAKQvRUVk4WHTHSP1wTTlOR/ZP,3.806771,4.543633,6.101380000000001,0,2591700,24.477988,Delay-insensitive,1,1.75
641700,aM0ROONJMLKQ323l5OUQNzyqQxJFc1DbDIMHtZAAKQvRUVk4WHTHSP1wTTlOR/ZP,3.857046,4.566512,5.553738,0,2591700,24.477988,Delay-insensitive,1,1.75
642000,aM0ROONJMLKQ323l5OUQNzyqQxJFc1DbDIMHtZAAKQvRUVk4WHTHSP1wTTlOR/ZP,3.581897,4.427996,5.149023000000001,0,2591700,24.477988,Delay-insensitive,1,1.75
642300,aM0ROONJMLKQ323l5OUQNzyqQxJFc1DbDIMHtZAAKQvRUVk4WHTHSP1wTTlOR/ZP,3.625458,4.481443,5.861008999999999,0,2591700,24.477988,Delay-insensitive,1,1.75
642600,aM0ROONJMLKQ323l5OUQNzyqQxJFc1DbDIMHtZAAKQvRUVk4WHTHSP1wTTlOR/ZP,3.264442,4.1844410000000005,4.842407,0,2591700,24.477988,Delay-insensitive,1,1.75
642900,aM0ROONJMLKQ323l5OUQNzyqQxJFc1DbDIMHtZAAKQvRUVk4WHTHSP1wTTlOR/ZP,3.645558,4.420713,5.055939,0,2591700,24.477988,Delay-insensitive,1,1.75
643200,aM0ROONJMLKQ323l5OUQNzyqQxJFc1DbDIMHtZAAKQvRUVk4WHTHSP1wTTlOR/ZP,3.595651,4.294333999999999,5.024581,0,2591700,24.477988,Delay-insensitive,1,1.75
643500,aM0ROONJMLKQ323l5OUQNzyqQxJFc1DbDIMHtZAAKQvRUVk4WHTHSP1wTTlOR/ZP,3.40487,4.321716,5.182930000000001,0,2591700,24.477988,Delay-insensitive,1,1.75
643800,aM0ROONJMLKQ323l5OUQNzyqQxJFc1DbDIMHtZAAKQvRUVk4WHTHSP1wTTlOR/ZP,3.424237,4.37097,5.188139,0,2591700,24.477988,Delay-insensitive,1,1.75
644100,aM0ROONJMLKQ323l5OUQNzyqQxJFc1DbDIMHtZAAKQvRUVk4WHTHSP1wTTlOR/ZP,3.542531,4.289847,5.7058,0,2591700,24.477988,Delay-insensitive,1,1.75
644400,aM0ROONJMLKQ323l5OUQNzyqQxJFc1DbDIMHtZAAKQvRUVk4WHTHSP1wTTlOR/ZP,3.68123,4.89208,9.800732,0,2591700,24.477988,Delay-insensitive,1,1.75
644700,aM0ROONJMLKQ323l5OUQNzyqQxJFc1DbDIMHtZAAKQvRUVk4WHTHSP1wTTlOR/ZP,3.276194,4.230633,5.155719,0,2591700,24.477988,Delay-insensitive,1,1.75
645000,aM0ROONJMLKQ323l5OUQNzyqQxJFc1DbDIMHtZAAKQvRUVk4WHTHSP1wTTlOR/ZP,3.710469,4.500131,6.00568,0,2591700,24.477988,Delay-insensitive,1,1.75
645300,aM0ROONJMLKQ323l5OUQNzyqQxJFc1DbDIMHtZAAKQvRUVk4WHTHSP1wTTlOR/ZP,3.607897,4.307828,5.272497,0,2591700,24.477988,Delay-insensitive,1,1.75
645600,aM0ROONJMLKQ323l5OUQNzyqQxJFc1DbDIMHtZAAKQvRUVk4WHTHSP1wTTlOR/ZP,3.574265,4.3078650000000005,4.855983999999999,0,2591700,24.477988,Delay-insensitive,1,1.75
645900,aM0ROONJMLKQ323l5OUQNzyqQxJFc1DbDIMHtZAAKQvRUVk4WHTHSP1wTTlOR/ZP,3.237196,4.156105,4.706753,0,2591700,24.477988,Delay-insensitive,1,1.75
646200,aM0ROONJMLKQ323l5OUQNzyqQxJFc1DbDIMHtZAAKQvRUVk4WHTHSP1wTTlOR/ZP,3.599113,4.296616,5.170681,0,2591700,24.477988,Delay-insensitive,1,1.75
646500,aM0ROONJMLKQ323l5OUQNzyqQxJFc1DbDIMHtZAAKQvRUVk4WHTHSP1wTTlOR/ZP,3.663919,4.308965,5.171254,0,2591700,24.477988,Delay-insensitive,1,1.75
646800,aM0ROONJMLKQ323l5OUQNzyqQxJFc1DbDIMHtZAAKQvRUVk4WHTHSP1wTTlOR/ZP,2.645996,4.164601,5.624304,0,2591700,24.477988,Delay-insensitive,1,1.75
647100,aM0ROONJMLKQ323l5OUQNzyqQxJFc1DbDIMHtZAAKQvRUVk4WHTHSP1wTTlOR/ZP,3.708574,4.300132,5.063843,0,2591700,24.477988,Delay-insensitive,1,1.75
647400,aM0ROONJMLKQ323l5OUQNzyqQxJFc1DbDIMHtZAAKQvRUVk4WHTHSP1wTTlOR/ZP,3.651689,4.627551,6.180808,0,2591700,24.477988,Delay-insensitive,1,1.75
647700,aM0ROONJMLKQ323l5OUQNzyqQxJFc1DbDIMHtZAAKQvRUVk4WHTHSP1wTTlOR/ZP,3.841564,4.5319400000000005,5.24633,0,2591700,24.477988,Delay-insensitive,1,1.75
648000,aM0ROONJMLKQ323l5OUQNzyqQxJFc1DbDIMHtZAAKQvRUVk4WHTHSP1wTTlOR/ZP,3.314546,4.6811,9.665939,0,2591700,24.477988,Delay-insensitive,1,1.75
648300,aM0ROONJMLKQ323l5OUQNzyqQxJFc1DbDIMHtZAAKQvRUVk4WHTHSP1wTTlOR/ZP,3.541689,4.438399,5.643185,0,2591700,24.477988,Delay-insensitive,1,1.75
648600,aM0ROONJMLKQ323l5OUQNzyqQxJFc1DbDIMHtZAAKQvRUVk4WHTHSP1wTTlOR/ZP,3.743583,6.858183,30.301385,0,2591700,24.477988,Delay-insensitive,1,1.75
648900,aM0ROONJMLKQ323l5OUQNzyqQxJFc1DbDIMHtZAAKQvRUVk4WHTHSP1wTTlOR/ZP,3.745612,4.315131,5.418857,0,2591700,24.477988,Delay-insensitive,1,1.75
649200,aM0ROONJMLKQ323l5OUQNzyqQxJFc1DbDIMHtZAAKQvRUVk4WHTHSP1wTTlOR/ZP,2.625586,4.166652,5.802967,0,2591700,24.477988,Delay-insensitive,1,1.75
649500,aM0ROONJMLKQ323l5OUQNzyqQxJFc1DbDIMHtZAAKQvRUVk4WHTHSP1wTTlOR/ZP,1.971176,4.220859,5.650358,0,2591700,24.477988,Delay-insensitive,1,1.75
649800,aM0ROONJMLKQ323l5OUQNzyqQxJFc1DbDIMHtZAAKQvRUVk4WHTHSP1wTTlOR/ZP,3.585141,4.197174,5.341315,0,2591700,24.477988,Delay-insensitive,1,1.75
650100,aM0ROONJMLKQ323l5OUQNzyqQxJFc1DbDIMHtZAAKQvRUVk4WHTHSP1wTTlOR/ZP,2.675125,4.178878,5.91407,0,2591700,24.477988,Delay-insensitive,1,1.75
650400,aM0ROONJMLKQ323l5OUQNzyqQxJFc1DbDIMHtZAAKQvRUVk4WHTHSP1wTTlOR/ZP,3.599992,4.24967,5.195389,0,2591700,24.477988,Delay-insensitive,1,1.75
650700,aM0ROONJMLKQ323l5OUQNzyqQxJFc1DbDIMHtZAAKQvRUVk4WHTHSP1wTTlOR/ZP,2.8954310000000003,4.198438,5.492411,0,2591700,24.477988,Delay-insensitive,1,1.75
651000,aM0ROONJMLKQ323l5OUQNzyqQxJFc1DbDIMHtZAAKQvRUVk4WHTHSP1wTTlOR/ZP,3.550496,4.281436,5.804994000000001,0,2591700,24.477988,Delay-insensitive,1,1.75
651300,aM0ROONJMLKQ323l5OUQNzyqQxJFc1DbDIMHtZAAKQvRUVk4WHTHSP1wTTlOR/ZP,2.251043,4.090549,5.86426,0,2591700,24.477988,Delay-insensitive,1,1.75
651600,aM0ROONJMLKQ323l5OUQNzyqQxJFc1DbDIMHtZAAKQvRUVk4WHTHSP1wTTlOR/ZP,3.452653,5.877867,15.060691,0,2591700,24.477988,Delay-insensitive,1,1.75
651900,aM0ROONJMLKQ323l5OUQNzyqQxJFc1DbDIMHtZAAKQvRUVk4WHTHSP1wTTlOR/ZP,3.612374,4.489497,5.68958,0,2591700,24.477988,Delay-insensitive,1,1.75
652200,aM0ROONJMLKQ323l5OUQNzyqQxJFc1DbDIMHtZAAKQvRUVk4WHTHSP1wTTlOR/ZP,4.064515,5.260267,11.304887,0,2591700,24.477988,Delay-insensitive,1,1.75
652500,aM0ROONJMLKQ323l5OUQNzyqQxJFc1DbDIMHtZAAKQvRUVk4WHTHSP1wTTlOR/ZP,3.599782,4.423093,5.382735,0,2591700,24.477988,Delay-insensitive,1,1.75
652800,aM0ROONJMLKQ323l5OUQNzyqQxJFc1DbDIMHtZAAKQvRUVk4WHTHSP1wTTlOR/ZP,3.377163,4.340422,5.674887,0,2591700,24.477988,Delay-insensitive,1,1.75
653100,aM0ROONJMLKQ323l5OUQNzyqQxJFc1DbDIMHtZAAKQvRUVk4WHTHSP1wTTlOR/ZP,3.843946,4.485915,5.667905,0,2591700,24.477988,Delay-insensitive,1,1.75
653400,aM0ROONJMLKQ323l5OUQNzyqQxJFc1DbDIMHtZAAKQvRUVk4WHTHSP1wTTlOR/ZP,3.46317,4.251233999999999,4.765254,0,2591700,24.477988,Delay-insensitive,1,1.75
653700,aM0ROONJMLKQ323l5OUQNzyqQxJFc1DbDIMHtZAAKQvRUVk4WHTHSP1wTTlOR/ZP,3.350661,4.28331,6.084336,0,2591700,24.477988,Delay-insensitive,1,1.75
654000,aM0ROONJMLKQ323l5OUQNzyqQxJFc1DbDIMHtZAAKQvRUVk4WHTHSP1wTTlOR/ZP,2.24084,4.207379,4.929804,0,2591700,24.477988,Delay-insensitive,1,1.75
654300,aM0ROONJMLKQ323l5OUQNzyqQxJFc1DbDIMHtZAAKQvRUVk4WHTHSP1wTTlOR/ZP,3.725469,4.619411,6.166075,0,2591700,24.477988,Delay-insensitive,1,1.75
654600,aM0ROONJMLKQ323l5OUQNzyqQxJFc1DbDIMHtZAAKQvRUVk4WHTHSP1wTTlOR/ZP,3.938885,4.908965,6.297961,0,2591700,24.477988,Delay-insensitive,1,1.75
654900,aM0ROONJMLKQ323l5OUQNzyqQxJFc1DbDIMHtZAAKQvRUVk4WHTHSP1wTTlOR/ZP,2.986627,4.411524,5.640079,0,2591700,24.477988,Delay-insensitive,1,1.75
655200,aM0ROONJMLKQ323l5OUQNzyqQxJFc1DbDIMHtZAAKQvRUVk4WHTHSP1wTTlOR/ZP,3.758537000000001,5.052018,9.909664,0,2591700,24.477988,Delay-insensitive,1,1.75
655500,aM0ROONJMLKQ323l5OUQNzyqQxJFc1DbDIMHtZAAKQvRUVk4WHTHSP1wTTlOR/ZP,3.614413,4.219958999999999,5.357126999999999,0,2591700,24.477988,Delay-insensitive,1,1.75
655800,aM0ROONJMLKQ323l5OUQNzyqQxJFc1DbDIMHtZAAKQvRUVk4WHTHSP1wTTlOR/ZP,3.723151,4.432508,5.454283,0,2591700,24.477988,Delay-insensitive,1,1.75
656100,aM0ROONJMLKQ323l5OUQNzyqQxJFc1DbDIMHtZAAKQvRUVk4WHTHSP1wTTlOR/ZP,3.595307,4.316584,4.8796230000000005,0,2591700,24.477988,Delay-insensitive,1,1.75
656400,aM0ROONJMLKQ323l5OUQNzyqQxJFc1DbDIMHtZAAKQvRUVk4WHTHSP1wTTlOR/ZP,3.595211,4.513197,5.880707,0,2591700,24.477988,Delay-insensitive,1,1.75
656700,aM0ROONJMLKQ323l5OUQNzyqQxJFc1DbDIMHtZAAKQvRUVk4WHTHSP1wTTlOR/ZP,3.494428,4.20874,4.923535,0,2591700,24.477988,Delay-insensitive,1,1.75
657000,aM0ROONJMLKQ323l5OUQNzyqQxJFc1DbDIMHtZAAKQvRUVk4WHTHSP1wTTlOR/ZP,3.4993730000000003,4.364045,5.286052,0,2591700,24.477988,Delay-insensitive,1,1.75
657300,aM0ROONJMLKQ323l5OUQNzyqQxJFc1DbDIMHtZAAKQvRUVk4WHTHSP1wTTlOR/ZP,3.4029519999999995,4.170344,6.040554,0,2591700,24.477988,Delay-insensitive,1,1.75
657600,aM0ROONJMLKQ323l5OUQNzyqQxJFc1DbDIMHtZAAKQvRUVk4WHTHSP1wTTlOR/ZP,3.925957,4.772730999999999,6.748605,0,2591700,24.477988,Delay-insensitive,1,1.75
657900,aM0ROONJMLKQ323l5OUQNzyqQxJFc1DbDIMHtZAAKQvRUVk4WHTHSP1wTTlOR/ZP,3.4158470000000003,4.426564,5.656603,0,2591700,24.477988,Delay-insensitive,1,1.75
658200,aM0ROONJMLKQ323l5OUQNzyqQxJFc1DbDIMHtZAAKQvRUVk4WHTHSP1wTTlOR/ZP,3.681384,4.338854,5.169842,0,2591700,24.477988,Delay-insensitive,1,1.75
658500,aM0ROONJMLKQ323l5OUQNzyqQxJFc1DbDIMHtZAAKQvRUVk4WHTHSP1wTTlOR/ZP,3.893843,4.4622910000000005,5.71239,0,2591700,24.477988,Delay-insensitive,1,1.75
658800,aM0ROONJMLKQ323l5OUQNzyqQxJFc1DbDIMHtZAAKQvRUVk4WHTHSP1wTTlOR/ZP,3.952080000000001,4.909221,10.426505,0,2591700,24.477988,Delay-insensitive,1,1.75
659100,aM0ROONJMLKQ323l5OUQNzyqQxJFc1DbDIMHtZAAKQvRUVk4WHTHSP1wTTlOR/ZP,3.79688,4.421208,5.245207,0,2591700,24.477988,Delay-insensitive,1,1.75
659400,aM0ROONJMLKQ323l5OUQNzyqQxJFc1DbDIMHtZAAKQvRUVk4WHTHSP1wTTlOR/ZP,4.115649,5.879373,19.367026,0,2591700,24.477988,Delay-insensitive,1,1.75
659700,aM0ROONJMLKQ323l5OUQNzyqQxJFc1DbDIMHtZAAKQvRUVk4WHTHSP1wTTlOR/ZP,4.023763,4.667114,5.870357,0,2591700,24.477988,Delay-insensitive,1,1.75
660000,aM0ROONJMLKQ323l5OUQNzyqQxJFc1DbDIMHtZAAKQvRUVk4WHTHSP1wTTlOR/ZP,3.943545,4.606108,6.473408,0,2591700,24.477988,Delay-insensitive,1,1.75
660300,aM0ROONJMLKQ323l5OUQNzyqQxJFc1DbDIMHtZAAKQvRUVk4WHTHSP1wTTlOR/ZP,3.562718,4.477126,5.923711,0,2591700,24.477988,Delay-insensitive,1,1.75
660600,aM0ROONJMLKQ323l5OUQNzyqQxJFc1DbDIMHtZAAKQvRUVk4WHTHSP1wTTlOR/ZP,3.896924,4.588979,5.857581,0,2591700,24.477988,Delay-insensitive,1,1.75
660900,aM0ROONJMLKQ323l5OUQNzyqQxJFc1DbDIMHtZAAKQvRUVk4WHTHSP1wTTlOR/ZP,4.187333,4.891262,7.238855,0,2591700,24.477988,Delay-insensitive,1,1.75
661200,aM0ROONJMLKQ323l5OUQNzyqQxJFc1DbDIMHtZAAKQvRUVk4WHTHSP1wTTlOR/ZP,3.921899,4.469198,5.562896,0,2591700,24.477988,Delay-insensitive,1,1.75
661500,aM0ROONJMLKQ323l5OUQNzyqQxJFc1DbDIMHtZAAKQvRUVk4WHTHSP1wTTlOR/ZP,3.888357,4.665959,5.753053,0,2591700,24.477988,Delay-insensitive,1,1.75
661800,aM0ROONJMLKQ323l5OUQNzyqQxJFc1DbDIMHtZAAKQvRUVk4WHTHSP1wTTlOR/ZP,4.027304,4.933171,7.31543,0,2591700,24.477988,Delay-insensitive,1,1.75
662100,aM0ROONJMLKQ323l5OUQNzyqQxJFc1DbDIMHtZAAKQvRUVk4WHTHSP1wTTlOR/ZP,3.788733,4.575281,5.960534,0,2591700,24.477988,Delay-insensitive,1,1.75
662400,aM0ROONJMLKQ323l5OUQNzyqQxJFc1DbDIMHtZAAKQvRUVk4WHTHSP1wTTlOR/ZP,3.938171,5.200183,10.548734,0,2591700,24.477988,Delay-insensitive,1,1.75
662700,aM0ROONJMLKQ323l5OUQNzyqQxJFc1DbDIMHtZAAKQvRUVk4WHTHSP1wTTlOR/ZP,3.438663,4.456796,6.206331,0,2591700,24.477988,Delay-insensitive,1,1.75
663000,aM0ROONJMLKQ323l5OUQNzyqQxJFc1DbDIMHtZAAKQvRUVk4WHTHSP1wTTlOR/ZP,4.004423,4.461375,5.582224,0,2591700,24.477988,Delay-insensitive,1,1.75
663300,aM0ROONJMLKQ323l5OUQNzyqQxJFc1DbDIMHtZAAKQvRUVk4WHTHSP1wTTlOR/ZP,4.135537,4.702187,6.12291,0,2591700,24.477988,Delay-insensitive,1,1.75
663600,aM0ROONJMLKQ323l5OUQNzyqQxJFc1DbDIMHtZAAKQvRUVk4WHTHSP1wTTlOR/ZP,3.4856830000000003,4.37186,6.025188,0,2591700,24.477988,Delay-insensitive,1,1.75
663900,aM0ROONJMLKQ323l5OUQNzyqQxJFc1DbDIMHtZAAKQvRUVk4WHTHSP1wTTlOR/ZP,3.994796,4.479476,5.817958999999999,0,2591700,24.477988,Delay-insensitive,1,1.75
664200,aM0ROONJMLKQ323l5OUQNzyqQxJFc1DbDIMHtZAAKQvRUVk4WHTHSP1wTTlOR/ZP,3.707543,4.499158,5.805154,0,2591700,24.477988,Delay-insensitive,1,1.75
664500,aM0ROONJMLKQ323l5OUQNzyqQxJFc1DbDIMHtZAAKQvRUVk4WHTHSP1wTTlOR/ZP,3.896786,4.485758000000001,5.844606,0,2591700,24.477988,Delay-insensitive,1,1.75
664800,aM0ROONJMLKQ323l5OUQNzyqQxJFc1DbDIMHtZAAKQvRUVk4WHTHSP1wTTlOR/ZP,3.72396,4.589276,6.082669,0,2591700,24.477988,Delay-insensitive,1,1.75
665100,aM0ROONJMLKQ323l5OUQNzyqQxJFc1DbDIMHtZAAKQvRUVk4WHTHSP1wTTlOR/ZP,4.007333999999999,4.531691,5.733317,0,2591700,24.477988,Delay-insensitive,1,1.75
665400,aM0ROONJMLKQ323l5OUQNzyqQxJFc1DbDIMHtZAAKQvRUVk4WHTHSP1wTTlOR/ZP,3.959374,4.593980999999999,6.261174,0,2591700,24.477988,Delay-insensitive,1,1.75
665700,aM0ROONJMLKQ323l5OUQNzyqQxJFc1DbDIMHtZAAKQvRUVk4WHTHSP1wTTlOR/ZP,3.885322,4.393309,5.41237,0,2591700,24.477988,Delay-insensitive,1,1.75
666000,aM0ROONJMLKQ323l5OUQNzyqQxJFc1DbDIMHtZAAKQvRUVk4WHTHSP1wTTlOR/ZP,3.689962,5.010048,10.289092,0,2591700,24.477988,Delay-insensitive,1,1.75
666300,aM0ROONJMLKQ323l5OUQNzyqQxJFc1DbDIMHtZAAKQvRUVk4WHTHSP1wTTlOR/ZP,3.865936,4.477079,5.724583,0,2591700,24.477988,Delay-insensitive,1,1.75
666600,aM0ROONJMLKQ323l5OUQNzyqQxJFc1DbDIMHtZAAKQvRUVk4WHTHSP1wTTlOR/ZP,3.662605,4.404563,5.611036,0,2591700,24.477988,Delay-insensitive,1,1.75
666900,aM0ROONJMLKQ323l5OUQNzyqQxJFc1DbDIMHtZAAKQvRUVk4WHTHSP1wTTlOR/ZP,3.761813,4.521403,5.673228,0,2591700,24.477988,Delay-insensitive,1,1.75
667200,aM0ROONJMLKQ323l5OUQNzyqQxJFc1DbDIMHtZAAKQvRUVk4WHTHSP1wTTlOR/ZP,3.632611,4.339084,5.766573,0,2591700,24.477988,Delay-insensitive,1,1.75
667500,aM0ROONJMLKQ323l5OUQNzyqQxJFc1DbDIMHtZAAKQvRUVk4WHTHSP1wTTlOR/ZP,3.341569,5.034937,13.01649,0,2591700,24.477988,Delay-insensitive,1,1.75
667800,aM0ROONJMLKQ323l5OUQNzyqQxJFc1DbDIMHtZAAKQvRUVk4WHTHSP1wTTlOR/ZP,3.660142,4.418465,5.366479,0,2591700,24.477988,Delay-insensitive,1,1.75
668100,aM0ROONJMLKQ323l5OUQNzyqQxJFc1DbDIMHtZAAKQvRUVk4WHTHSP1wTTlOR/ZP,3.129382,4.19991,5.7961800000000006,0,2591700,24.477988,Delay-insensitive,1,1.75
668400,aM0ROONJMLKQ323l5OUQNzyqQxJFc1DbDIMHtZAAKQvRUVk4WHTHSP1wTTlOR/ZP,3.324489,4.255179,5.168987,0,2591700,24.477988,Delay-insensitive,1,1.75
668700,aM0ROONJMLKQ323l5OUQNzyqQxJFc1DbDIMHtZAAKQvRUVk4WHTHSP1wTTlOR/ZP,3.714626,4.404478,5.434539,0,2591700,24.477988,Delay-insensitive,1,1.75
669000,aM0ROONJMLKQ323l5OUQNzyqQxJFc1DbDIMHtZAAKQvRUVk4WHTHSP1wTTlOR/ZP,3.112331,4.644122,7.985919,0,2591700,24.477988,Delay-insensitive,1,1.75
669300,aM0ROONJMLKQ323l5OUQNzyqQxJFc1DbDIMHtZAAKQvRUVk4WHTHSP1wTTlOR/ZP,3.773113,4.370266,5.322756,0,2591700,24.477988,Delay-insensitive,1,1.75
669600,aM0ROONJMLKQ323l5OUQNzyqQxJFc1DbDIMHtZAAKQvRUVk4WHTHSP1wTTlOR/ZP,2.961667,4.950969000000001,10.705122,0,2591700,24.477988,Delay-insensitive,1,1.75
669900,aM0ROONJMLKQ323l5OUQNzyqQxJFc1DbDIMHtZAAKQvRUVk4WHTHSP1wTTlOR/ZP,3.749855,4.283436,5.555209,0,2591700,24.477988,Delay-insensitive,1,1.75
670200,aM0ROONJMLKQ323l5OUQNzyqQxJFc1DbDIMHtZAAKQvRUVk4WHTHSP1wTTlOR/ZP,3.358031,4.259844,5.3375010000000005,0,2591700,24.477988,Delay-insensitive,1,1.75
670500,aM0ROONJMLKQ323l5OUQNzyqQxJFc1DbDIMHtZAAKQvRUVk4WHTHSP1wTTlOR/ZP,3.753998,4.338443,5.33829,0,2591700,24.477988,Delay-insensitive,1,1.75
670800,aM0ROONJMLKQ323l5OUQNzyqQxJFc1DbDIMHtZAAKQvRUVk4WHTHSP1wTTlOR/ZP,2.794369,4.159305000000001,5.052298,0,2591700,24.477988,Delay-insensitive,1,1.75
671100,aM0ROONJMLKQ323l5OUQNzyqQxJFc1DbDIMHtZAAKQvRUVk4WHTHSP1wTTlOR/ZP,3.149697,4.217958,5.247762000000001,0,2591700,24.477988,Delay-insensitive,1,1.75
671400,aM0ROONJMLKQ323l5OUQNzyqQxJFc1DbDIMHtZAAKQvRUVk4WHTHSP1wTTlOR/ZP,3.737824,4.371001000000001,5.523395,0,2591700,24.477988,Delay-insensitive,1,1.75
671700,aM0ROONJMLKQ323l5OUQNzyqQxJFc1DbDIMHtZAAKQvRUVk4WHTHSP1wTTlOR/ZP,3.844418,4.265246,5.007427,0,2591700,24.477988,Delay-insensitive,1,1.75
672000,aM0ROONJMLKQ323l5OUQNzyqQxJFc1DbDIMHtZAAKQvRUVk4WHTHSP1wTTlOR/ZP,3.817064,4.310028,5.150987000000001,0,2591700,24.477988,Delay-insensitive,1,1.75
672300,aM0ROONJMLKQ323l5OUQNzyqQxJFc1DbDIMHtZAAKQvRUVk4WHTHSP1wTTlOR/ZP,3.892133,4.511576,5.739107,0,2591700,24.477988,Delay-insensitive,1,1.75
672600,aM0ROONJMLKQ323l5OUQNzyqQxJFc1DbDIMHtZAAKQvRUVk4WHTHSP1wTTlOR/ZP,3.954389,4.328907,5.034966000000001,0,2591700,24.477988,Delay-insensitive,1,1.75
672900,aM0ROONJMLKQ323l5OUQNzyqQxJFc1DbDIMHtZAAKQvRUVk4WHTHSP1wTTlOR/ZP,3.937617,4.550808,5.769751,0,2591700,24.477988,Delay-insensitive,1,1.75
673200,aM0ROONJMLKQ323l5OUQNzyqQxJFc1DbDIMHtZAAKQvRUVk4WHTHSP1wTTlOR/ZP,3.727048,4.890187,10.536599,0,2591700,24.477988,Delay-insensitive,1,1.75
673500,aM0ROONJMLKQ323l5OUQNzyqQxJFc1DbDIMHtZAAKQvRUVk4WHTHSP1wTTlOR/ZP,3.831592,4.478189,5.431776,0,2591700,24.477988,Delay-insensitive,1,1.75
673800,aM0ROONJMLKQ323l5OUQNzyqQxJFc1DbDIMHtZAAKQvRUVk4WHTHSP1wTTlOR/ZP,3.136073,4.373044999999999,5.5458620000000005,0,2591700,24.477988,Delay-insensitive,1,1.75
674100,aM0ROONJMLKQ323l5OUQNzyqQxJFc1DbDIMHtZAAKQvRUVk4WHTHSP1wTTlOR/ZP,3.76677,4.508216,5.622781,0,2591700,24.477988,Delay-insensitive,1,1.75
674400,aM0ROONJMLKQ323l5OUQNzyqQxJFc1DbDIMHtZAAKQvRUVk4WHTHSP1wTTlOR/ZP,3.257666,4.158702,5.126528,0,2591700,24.477988,Delay-insensitive,1,1.75
674700,aM0ROONJMLKQ323l5OUQNzyqQxJFc1DbDIMHtZAAKQvRUVk4WHTHSP1wTTlOR/ZP,3.616494,4.399127,5.614459,0,2591700,24.477988,Delay-insensitive,1,1.75
675000,aM0ROONJMLKQ323l5OUQNzyqQxJFc1DbDIMHtZAAKQvRUVk4WHTHSP1wTTlOR/ZP,3.755478,4.503684,5.78167,0,2591700,24.477988,Delay-insensitive,1,1.75
675300,aM0ROONJMLKQ323l5OUQNzyqQxJFc1DbDIMHtZAAKQvRUVk4WHTHSP1wTTlOR/ZP,3.897014,4.3548290000000005,5.236015,0,2591700,24.477988,Delay-insensitive,1,1.75
675600,aM0ROONJMLKQ323l5OUQNzyqQxJFc1DbDIMHtZAAKQvRUVk4WHTHSP1wTTlOR/ZP,3.584607,4.22154,5.424615,0,2591700,24.477988,Delay-insensitive,1,1.75
675900,aM0ROONJMLKQ323l5OUQNzyqQxJFc1DbDIMHtZAAKQvRUVk4WHTHSP1wTTlOR/ZP,3.971508,4.539352,5.909492,0,2591700,24.477988,Delay-insensitive,1,1.75
676200,aM0ROONJMLKQ323l5OUQNzyqQxJFc1DbDIMHtZAAKQvRUVk4WHTHSP1wTTlOR/ZP,3.198067,4.692896,7.201278,0,2591700,24.477988,Delay-insensitive,1,1.75
676500,aM0ROONJMLKQ323l5OUQNzyqQxJFc1DbDIMHtZAAKQvRUVk4WHTHSP1wTTlOR/ZP,3.139024,4.471457,5.459462,0,2591700,24.477988,Delay-insensitive,1,1.75
676800,aM0ROONJMLKQ323l5OUQNzyqQxJFc1DbDIMHtZAAKQvRUVk4WHTHSP1wTTlOR/ZP,3.767266,5.0785540000000005,10.49939,0,2591700,24.477988,Delay-insensitive,1,1.75
677100,aM0ROONJMLKQ323l5OUQNzyqQxJFc1DbDIMHtZAAKQvRUVk4WHTHSP1wTTlOR/ZP,3.625759,4.289545,5.360501999999999,0,2591700,24.477988,Delay-insensitive,1,1.75
677400,aM0ROONJMLKQ323l5OUQNzyqQxJFc1DbDIMHtZAAKQvRUVk4WHTHSP1wTTlOR/ZP,3.823997,4.282764,5.151505,0,2591700,24.477988,Delay-insensitive,1,1.75
677700,aM0ROONJMLKQ323l5OUQNzyqQxJFc1DbDIMHtZAAKQvRUVk4WHTHSP1wTTlOR/ZP,3.575577,4.272638,5.633893,0,2591700,24.477988,Delay-insensitive,1,1.75
678000,aM0ROONJMLKQ323l5OUQNzyqQxJFc1DbDIMHtZAAKQvRUVk4WHTHSP1wTTlOR/ZP,3.617511,4.298952,5.15433,0,2591700,24.477988,Delay-insensitive,1,1.75
678300,aM0ROONJMLKQ323l5OUQNzyqQxJFc1DbDIMHtZAAKQvRUVk4WHTHSP1wTTlOR/ZP,3.047046,4.196504,5.233268,0,2591700,24.477988,Delay-insensitive,1,1.75
678600,aM0ROONJMLKQ323l5OUQNzyqQxJFc1DbDIMHtZAAKQvRUVk4WHTHSP1wTTlOR/ZP,3.668056,4.355457,5.747999,0,2591700,24.477988,Delay-insensitive,1,1.75
678900,aM0ROONJMLKQ323l5OUQNzyqQxJFc1DbDIMHtZAAKQvRUVk4WHTHSP1wTTlOR/ZP,3.1262380000000003,4.1883,5.265093,0,2591700,24.477988,Delay-insensitive,1,1.75
679200,aM0ROONJMLKQ323l5OUQNzyqQxJFc1DbDIMHtZAAKQvRUVk4WHTHSP1wTTlOR/ZP,3.506816,4.256988,5.155146,0,2591700,24.477988,Delay-insensitive,1,1.75
679500,aM0ROONJMLKQ323l5OUQNzyqQxJFc1DbDIMHtZAAKQvRUVk4WHTHSP1wTTlOR/ZP,3.807806,4.335337,5.590123999999999,0,2591700,24.477988,Delay-insensitive,1,1.75
679800,aM0ROONJMLKQ323l5OUQNzyqQxJFc1DbDIMHtZAAKQvRUVk4WHTHSP1wTTlOR/ZP,3.506738,4.256244000000001,5.441881,0,2591700,24.477988,Delay-insensitive,1,1.75
680100,aM0ROONJMLKQ323l5OUQNzyqQxJFc1DbDIMHtZAAKQvRUVk4WHTHSP1wTTlOR/ZP,3.758468,4.252459,5.208204,0,2591700,24.477988,Delay-insensitive,1,1.75
680400,aM0ROONJMLKQ323l5OUQNzyqQxJFc1DbDIMHtZAAKQvRUVk4WHTHSP1wTTlOR/ZP,2.40777,4.761981,10.401173,0,2591700,24.477988,Delay-insensitive,1,1.75
680700,aM0ROONJMLKQ323l5OUQNzyqQxJFc1DbDIMHtZAAKQvRUVk4WHTHSP1wTTlOR/ZP,3.743836,4.305348,5.278332,0,2591700,24.477988,Delay-insensitive,1,1.75
681000,aM0ROONJMLKQ323l5OUQNzyqQxJFc1DbDIMHtZAAKQvRUVk4WHTHSP1wTTlOR/ZP,3.461474,4.279559,5.337199,0,2591700,24.477988,Delay-insensitive,1,1.75
681300,aM0ROONJMLKQ323l5OUQNzyqQxJFc1DbDIMHtZAAKQvRUVk4WHTHSP1wTTlOR/ZP,3.6010480000000005,4.308466,5.624142,0,2591700,24.477988,Delay-insensitive,1,1.75
681600,aM0ROONJMLKQ323l5OUQNzyqQxJFc1DbDIMHtZAAKQvRUVk4WHTHSP1wTTlOR/ZP,3.615416,4.246283,5.258368,0,2591700,24.477988,Delay-insensitive,1,1.75
681900,aM0ROONJMLKQ323l5OUQNzyqQxJFc1DbDIMHtZAAKQvRUVk4WHTHSP1wTTlOR/ZP,3.464796,4.325546,5.010333999999999,0,2591700,24.477988,Delay-insensitive,1,1.75
682200,aM0ROONJMLKQ323l5OUQNzyqQxJFc1DbDIMHtZAAKQvRUVk4WHTHSP1wTTlOR/ZP,3.773823,4.9295,7.627583,0,2591700,24.477988,Delay-insensitive,1,1.75
682500,aM0ROONJMLKQ323l5OUQNzyqQxJFc1DbDIMHtZAAKQvRUVk4WHTHSP1wTTlOR/ZP,3.244199,4.026921,5.262675,0,2591700,24.477988,Delay-insensitive,1,1.75
682800,aM0ROONJMLKQ323l5OUQNzyqQxJFc1DbDIMHtZAAKQvRUVk4WHTHSP1wTTlOR/ZP,3.734861,4.340118,5.363418,0,2591700,24.477988,Delay-insensitive,1,1.75
683100,aM0ROONJMLKQ323l5OUQNzyqQxJFc1DbDIMHtZAAKQvRUVk4WHTHSP1wTTlOR/ZP,3.487142,4.304266999999999,5.764138,0,2591700,24.477988,Delay-insensitive,1,1.75
683400,aM0ROONJMLKQ323l5OUQNzyqQxJFc1DbDIMHtZAAKQvRUVk4WHTHSP1wTTlOR/ZP,3.781783,4.71421,6.09288,0,2591700,24.477988,Delay-insensitive,1,1.75
683700,aM0ROONJMLKQ323l5OUQNzyqQxJFc1DbDIMHtZAAKQvRUVk4WHTHSP1wTTlOR/ZP,3.5375910000000004,4.294353,5.610953,0,2591700,24.477988,Delay-insensitive,1,1.75
684000,aM0ROONJMLKQ323l5OUQNzyqQxJFc1DbDIMHtZAAKQvRUVk4WHTHSP1wTTlOR/ZP,3.867506,5.292264,10.771889,0,2591700,24.477988,Delay-insensitive,1,1.75
684300,aM0ROONJMLKQ323l5OUQNzyqQxJFc1DbDIMHtZAAKQvRUVk4WHTHSP1wTTlOR/ZP,3.89617,4.732639,8.062037,0,2591700,24.477988,Delay-insensitive,1,1.75
684600,aM0ROONJMLKQ323l5OUQNzyqQxJFc1DbDIMHtZAAKQvRUVk4WHTHSP1wTTlOR/ZP,3.771814,6.593122,15.053766,0,2591700,24.477988,Delay-insensitive,1,1.75
684900,aM0ROONJMLKQ323l5OUQNzyqQxJFc1DbDIMHtZAAKQvRUVk4WHTHSP1wTTlOR/ZP,3.454905,4.416745,5.5610230000000005,0,2591700,24.477988,Delay-insensitive,1,1.75
685200,aM0ROONJMLKQ323l5OUQNzyqQxJFc1DbDIMHtZAAKQvRUVk4WHTHSP1wTTlOR/ZP,3.88787,4.558283,5.410444999999999,0,2591700,24.477988,Delay-insensitive,1,1.75
685500,aM0ROONJMLKQ323l5OUQNzyqQxJFc1DbDIMHtZAAKQvRUVk4WHTHSP1wTTlOR/ZP,3.816327,4.391318,5.2198720000000005,0,2591700,24.477988,Delay-insensitive,1,1.75
685800,aM0ROONJMLKQ323l5OUQNzyqQxJFc1DbDIMHtZAAKQvRUVk4WHTHSP1wTTlOR/ZP,3.06199,4.306518,6.022048000000001,0,2591700,24.477988,Delay-insensitive,1,1.75
686100,aM0ROONJMLKQ323l5OUQNzyqQxJFc1DbDIMHtZAAKQvRUVk4WHTHSP1wTTlOR/ZP,3.509751,4.166387,5.561832,0,2591700,24.477988,Delay-insensitive,1,1.75
686400,aM0ROONJMLKQ323l5OUQNzyqQxJFc1DbDIMHtZAAKQvRUVk4WHTHSP1wTTlOR/ZP,3.69194,4.429352,5.382821,0,2591700,24.477988,Delay-insensitive,1,1.75
686700,aM0ROONJMLKQ323l5OUQNzyqQxJFc1DbDIMHtZAAKQvRUVk4WHTHSP1wTTlOR/ZP,3.918069,4.451539,5.818996,0,2591700,24.477988,Delay-insensitive,1,1.75
687000,aM0ROONJMLKQ323l5OUQNzyqQxJFc1DbDIMHtZAAKQvRUVk4WHTHSP1wTTlOR/ZP,3.589984,4.210914,5.304898000000001,0,2591700,24.477988,Delay-insensitive,1,1.75
687300,aM0ROONJMLKQ323l5OUQNzyqQxJFc1DbDIMHtZAAKQvRUVk4WHTHSP1wTTlOR/ZP,3.784787,4.607799,6.685075,0,2591700,24.477988,Delay-insensitive,1,1.75
687600,aM0ROONJMLKQ323l5OUQNzyqQxJFc1DbDIMHtZAAKQvRUVk4WHTHSP1wTTlOR/ZP,3.45252,4.907578,9.814125,0,2591700,24.477988,Delay-insensitive,1,1.75
687900,aM0ROONJMLKQ323l5OUQNzyqQxJFc1DbDIMHtZAAKQvRUVk4WHTHSP1wTTlOR/ZP,3.948121,4.527586,5.867000000000001,0,2591700,24.477988,Delay-insensitive,1,1.75
688200,aM0ROONJMLKQ323l5OUQNzyqQxJFc1DbDIMHtZAAKQvRUVk4WHTHSP1wTTlOR/ZP,3.540075,4.322492,5.625546,0,2591700,24.477988,Delay-insensitive,1,1.75
688500,aM0ROONJMLKQ323l5OUQNzyqQxJFc1DbDIMHtZAAKQvRUVk4WHTHSP1wTTlOR/ZP,3.99073,4.631063,5.948698,0,2591700,24.477988,Delay-insensitive,1,1.75
688800,aM0ROONJMLKQ323l5OUQNzyqQxJFc1DbDIMHtZAAKQvRUVk4WHTHSP1wTTlOR/ZP,3.738288,4.170064,5.161818,0,2591700,24.477988,Delay-insensitive,1,1.75
689100,aM0ROONJMLKQ323l5OUQNzyqQxJFc1DbDIMHtZAAKQvRUVk4WHTHSP1wTTlOR/ZP,3.917879,4.433515,5.4199980000000005,0,2591700,24.477988,Delay-insensitive,1,1.75
689400,aM0ROONJMLKQ323l5OUQNzyqQxJFc1DbDIMHtZAAKQvRUVk4WHTHSP1wTTlOR/ZP,3.603724,4.441051,5.922148,0,2591700,24.477988,Delay-insensitive,1,1.75
689700,aM0ROONJMLKQ323l5OUQNzyqQxJFc1DbDIMHtZAAKQvRUVk4WHTHSP1wTTlOR/ZP,3.234514,3.875921,4.752455,0,2591700,24.477988,Delay-insensitive,1,1.75
690000,aM0ROONJMLKQ323l5OUQNzyqQxJFc1DbDIMHtZAAKQvRUVk4WHTHSP1wTTlOR/ZP,3.4234190000000004,3.856234,4.730706,0,2591700,24.477988,Delay-insensitive,1,1.75
690300,aM0ROONJMLKQ323l5OUQNzyqQxJFc1DbDIMHtZAAKQvRUVk4WHTHSP1wTTlOR/ZP,3.243916,3.725238,5.051581,0,2591700,24.477988,Delay-insensitive,1,1.75
690600,aM0ROONJMLKQ323l5OUQNzyqQxJFc1DbDIMHtZAAKQvRUVk4WHTHSP1wTTlOR/ZP,3.2457580000000004,4.024055000000001,5.855114,0,2591700,24.477988,Delay-insensitive,1,1.75
690900,aM0ROONJMLKQ323l5OUQNzyqQxJFc1DbDIMHtZAAKQvRUVk4WHTHSP1wTTlOR/ZP,3.4104309999999995,3.857431,5.051612,0,2591700,24.477988,Delay-insensitive,1,1.75
