timestamp,vm_id,min_cpu,max_cpu,avg_cpu,timestamp vm created,timestamp vm deleted,p95 max cpu,vm_category,vm virtual core count,vm memory (gb)
0,ZtliqqWQ6huwwBoA7bEFt79+n9SA4jBixtBzpWNbxDSmFov9BptLtgHwEN7fwiCy,0.548142,1.399076,2.473682,0,2591700,7.197289,Delay-insensitive,2,3.5
300,ZtliqqWQ6huwwBoA7bEFt79+n9SA4jBixtBzpWNbxDSmFov9BptLtgHwEN7fwiCy,0.443413,1.295346,2.543385,0,2591700,7.197289,Delay-insensitive,2,3.5
600,ZtliqqWQ6huwwBoA7bEFt79+n9SA4jBixtBzpWNbxDSmFov9BptLtgHwEN7fwiCy,0.452766,1.334474,2.129394,0,2591700,7.197289,Delay-insensitive,2,3.5
900,ZtliqqWQ6huwwBoA7bEFt79+n9SA4jBixtBzpWNbxDSmFov9BptLtgHwEN7fwiCy,0.5406850000000001,1.339693,2.597062,0,2591700,7.197289,Delay-insensitive,2,3.5
1200,ZtliqqWQ6huwwBoA7bEFt79+n9SA4jBixtBzpWNbxDSmFov9BptLtgHwEN7fwiCy,0.544629,1.347257,2.812749,0,2591700,7.197289,Delay-insensitive,2,3.5
1500,ZtliqqWQ6huwwBoA7bEFt79+n9SA4jBixtBzpWNbxDSmFov9BptLtgHwEN7fwiCy,0.604793,1.51932,2.6458630000000003,0,2591700,7.197289,Delay-insensitive,2,3.5
1800,ZtliqqWQ6huwwBoA7bEFt79+n9SA4jBixtBzpWNbxDSmFov9BptLtgHwEN7fwiCy,0.379358,1.520788,3.220126,0,2591700,7.197289,Delay-insensitive,2,3.5
2100,ZtliqqWQ6huwwBoA7bEFt79+n9SA4jBixtBzpWNbxDSmFov9BptLtgHwEN7fwiCy,0.6096699999999999,1.4239879999999998,2.54983,0,2591700,7.197289,Delay-insensitive,2,3.5
2400,ZtliqqWQ6huwwBoA7bEFt79+n9SA4jBixtBzpWNbxDSmFov9BptLtgHwEN7fwiCy,0.596982,2.764977,19.09751,0,2591700,7.197289,Delay-insensitive,2,3.5
2700,ZtliqqWQ6huwwBoA7bEFt79+n9SA4jBixtBzpWNbxDSmFov9BptLtgHwEN7fwiCy,0.579868,1.439612,2.3090900000000003,0,2591700,7.197289,Delay-insensitive,2,3.5
3000,ZtliqqWQ6huwwBoA7bEFt79+n9SA4jBixtBzpWNbxDSmFov9BptLtgHwEN7fwiCy,0.580013,1.363572,2.388676,0,2591700,7.197289,Delay-insensitive,2,3.5
3300,ZtliqqWQ6huwwBoA7bEFt79+n9SA4jBixtBzpWNbxDSmFov9BptLtgHwEN7fwiCy,0.388771,2.5093080000000003,14.84069,0,2591700,7.197289,Delay-insensitive,2,3.5
3600,ZtliqqWQ6huwwBoA7bEFt79+n9SA4jBixtBzpWNbxDSmFov9BptLtgHwEN7fwiCy,0.559595,1.344042,2.286817,0,2591700,7.197289,Delay-insensitive,2,3.5
3900,ZtliqqWQ6huwwBoA7bEFt79+n9SA4jBixtBzpWNbxDSmFov9BptLtgHwEN7fwiCy,0.4853409999999999,1.30054,2.04324,0,2591700,7.197289,Delay-insensitive,2,3.5
4200,ZtliqqWQ6huwwBoA7bEFt79+n9SA4jBixtBzpWNbxDSmFov9BptLtgHwEN7fwiCy,0.573327,1.460946,2.676655,0,2591700,7.197289,Delay-insensitive,2,3.5
4500,ZtliqqWQ6huwwBoA7bEFt79+n9SA4jBixtBzpWNbxDSmFov9BptLtgHwEN7fwiCy,0.534729,1.347428,2.5638080000000003,0,2591700,7.197289,Delay-insensitive,2,3.5
4800,ZtliqqWQ6huwwBoA7bEFt79+n9SA4jBixtBzpWNbxDSmFov9BptLtgHwEN7fwiCy,0.601907,1.37179,3.123158,0,2591700,7.197289,Delay-insensitive,2,3.5
5100,ZtliqqWQ6huwwBoA7bEFt79+n9SA4jBixtBzpWNbxDSmFov9BptLtgHwEN7fwiCy,0.553713,1.316236,2.508932,0,2591700,7.197289,Delay-insensitive,2,3.5
5400,ZtliqqWQ6huwwBoA7bEFt79+n9SA4jBixtBzpWNbxDSmFov9BptLtgHwEN7fwiCy,0.561416,1.428112,2.3469580000000003,0,2591700,7.197289,Delay-insensitive,2,3.5
5700,ZtliqqWQ6huwwBoA7bEFt79+n9SA4jBixtBzpWNbxDSmFov9BptLtgHwEN7fwiCy,0.376324,1.3478139999999998,2.579387,0,2591700,7.197289,Delay-insensitive,2,3.5
6000,ZtliqqWQ6huwwBoA7bEFt79+n9SA4jBixtBzpWNbxDSmFov9BptLtgHwEN7fwiCy,0.477863,1.365851,2.088039,0,2591700,7.197289,Delay-insensitive,2,3.5
6300,ZtliqqWQ6huwwBoA7bEFt79+n9SA4jBixtBzpWNbxDSmFov9BptLtgHwEN7fwiCy,0.558793,1.3494959999999998,2.557202,0,2591700,7.197289,Delay-insensitive,2,3.5
6600,ZtliqqWQ6huwwBoA7bEFt79+n9SA4jBixtBzpWNbxDSmFov9BptLtgHwEN7fwiCy,0.492384,1.241772,2.086677,0,2591700,7.197289,Delay-insensitive,2,3.5
6900,ZtliqqWQ6huwwBoA7bEFt79+n9SA4jBixtBzpWNbxDSmFov9BptLtgHwEN7fwiCy,0.525228,2.466803,10.344794,0,2591700,7.197289,Delay-insensitive,2,3.5
7200,ZtliqqWQ6huwwBoA7bEFt79+n9SA4jBixtBzpWNbxDSmFov9BptLtgHwEN7fwiCy,0.241111,1.333029,3.1019650000000003,0,2591700,7.197289,Delay-insensitive,2,3.5
7500,ZtliqqWQ6huwwBoA7bEFt79+n9SA4jBixtBzpWNbxDSmFov9BptLtgHwEN7fwiCy,0.587659,1.36611,2.398786,0,2591700,7.197289,Delay-insensitive,2,3.5
7800,ZtliqqWQ6huwwBoA7bEFt79+n9SA4jBixtBzpWNbxDSmFov9BptLtgHwEN7fwiCy,0.515667,1.301712,2.279987,0,2591700,7.197289,Delay-insensitive,2,3.5
8100,ZtliqqWQ6huwwBoA7bEFt79+n9SA4jBixtBzpWNbxDSmFov9BptLtgHwEN7fwiCy,0.5984550000000001,1.362844,2.355421,0,2591700,7.197289,Delay-insensitive,2,3.5
8400,ZtliqqWQ6huwwBoA7bEFt79+n9SA4jBixtBzpWNbxDSmFov9BptLtgHwEN7fwiCy,0.55693,1.309169,2.349917,0,2591700,7.197289,Delay-insensitive,2,3.5
8700,ZtliqqWQ6huwwBoA7bEFt79+n9SA4jBixtBzpWNbxDSmFov9BptLtgHwEN7fwiCy,0.280744,1.347115,2.2827330000000003,0,2591700,7.197289,Delay-insensitive,2,3.5
9000,ZtliqqWQ6huwwBoA7bEFt79+n9SA4jBixtBzpWNbxDSmFov9BptLtgHwEN7fwiCy,0.483263,1.351501,2.369994,0,2591700,7.197289,Delay-insensitive,2,3.5
9300,ZtliqqWQ6huwwBoA7bEFt79+n9SA4jBixtBzpWNbxDSmFov9BptLtgHwEN7fwiCy,0.4521949999999999,1.2306629999999998,2.204141,0,2591700,7.197289,Delay-insensitive,2,3.5
9600,ZtliqqWQ6huwwBoA7bEFt79+n9SA4jBixtBzpWNbxDSmFov9BptLtgHwEN7fwiCy,0.633514,1.444289,2.599349,0,2591700,7.197289,Delay-insensitive,2,3.5
9900,ZtliqqWQ6huwwBoA7bEFt79+n9SA4jBixtBzpWNbxDSmFov9BptLtgHwEN7fwiCy,0.520716,1.363057,2.471686,0,2591700,7.197289,Delay-insensitive,2,3.5
10200,ZtliqqWQ6huwwBoA7bEFt79+n9SA4jBixtBzpWNbxDSmFov9BptLtgHwEN7fwiCy,0.55157,1.4163290000000002,2.406277,0,2591700,7.197289,Delay-insensitive,2,3.5
10500,ZtliqqWQ6huwwBoA7bEFt79+n9SA4jBixtBzpWNbxDSmFov9BptLtgHwEN7fwiCy,0.512145,2.338538,18.960042,0,2591700,7.197289,Delay-insensitive,2,3.5
10800,ZtliqqWQ6huwwBoA7bEFt79+n9SA4jBixtBzpWNbxDSmFov9BptLtgHwEN7fwiCy,0.578012,2.611576,13.711075,0,2591700,7.197289,Delay-insensitive,2,3.5
11100,ZtliqqWQ6huwwBoA7bEFt79+n9SA4jBixtBzpWNbxDSmFov9BptLtgHwEN7fwiCy,0.299915,1.300997,2.5174950000000003,0,2591700,7.197289,Delay-insensitive,2,3.5
11400,ZtliqqWQ6huwwBoA7bEFt79+n9SA4jBixtBzpWNbxDSmFov9BptLtgHwEN7fwiCy,0.553003,1.295778,3.2995879999999995,0,2591700,7.197289,Delay-insensitive,2,3.5
11700,ZtliqqWQ6huwwBoA7bEFt79+n9SA4jBixtBzpWNbxDSmFov9BptLtgHwEN7fwiCy,0.598457,1.32897,2.09601,0,2591700,7.197289,Delay-insensitive,2,3.5
12000,ZtliqqWQ6huwwBoA7bEFt79+n9SA4jBixtBzpWNbxDSmFov9BptLtgHwEN7fwiCy,0.463232,1.227041,2.175695,0,2591700,7.197289,Delay-insensitive,2,3.5
12300,ZtliqqWQ6huwwBoA7bEFt79+n9SA4jBixtBzpWNbxDSmFov9BptLtgHwEN7fwiCy,0.619789,1.402567,2.430015,0,2591700,7.197289,Delay-insensitive,2,3.5
12600,ZtliqqWQ6huwwBoA7bEFt79+n9SA4jBixtBzpWNbxDSmFov9BptLtgHwEN7fwiCy,0.501521,1.2569780000000002,2.22969,0,2591700,7.197289,Delay-insensitive,2,3.5
12900,ZtliqqWQ6huwwBoA7bEFt79+n9SA4jBixtBzpWNbxDSmFov9BptLtgHwEN7fwiCy,0.541866,1.298605,2.390551,0,2591700,7.197289,Delay-insensitive,2,3.5
13200,ZtliqqWQ6huwwBoA7bEFt79+n9SA4jBixtBzpWNbxDSmFov9BptLtgHwEN7fwiCy,0.595331,1.317913,2.454929,0,2591700,7.197289,Delay-insensitive,2,3.5
13500,ZtliqqWQ6huwwBoA7bEFt79+n9SA4jBixtBzpWNbxDSmFov9BptLtgHwEN7fwiCy,0.616776,1.360102,2.381255,0,2591700,7.197289,Delay-insensitive,2,3.5
13800,ZtliqqWQ6huwwBoA7bEFt79+n9SA4jBixtBzpWNbxDSmFov9BptLtgHwEN7fwiCy,0.616037,1.340413,2.689356,0,2591700,7.197289,Delay-insensitive,2,3.5
14100,ZtliqqWQ6huwwBoA7bEFt79+n9SA4jBixtBzpWNbxDSmFov9BptLtgHwEN7fwiCy,0.562263,1.292026,2.1573130000000003,0,2591700,7.197289,Delay-insensitive,2,3.5
14400,ZtliqqWQ6huwwBoA7bEFt79+n9SA4jBixtBzpWNbxDSmFov9BptLtgHwEN7fwiCy,0.530193,1.384574,2.61136,0,2591700,7.197289,Delay-insensitive,2,3.5
14700,ZtliqqWQ6huwwBoA7bEFt79+n9SA4jBixtBzpWNbxDSmFov9BptLtgHwEN7fwiCy,0.539764,1.392052,2.360328,0,2591700,7.197289,Delay-insensitive,2,3.5
15000,ZtliqqWQ6huwwBoA7bEFt79+n9SA4jBixtBzpWNbxDSmFov9BptLtgHwEN7fwiCy,0.549977,1.34276,2.354806,0,2591700,7.197289,Delay-insensitive,2,3.5
15300,ZtliqqWQ6huwwBoA7bEFt79+n9SA4jBixtBzpWNbxDSmFov9BptLtgHwEN7fwiCy,0.5518850000000001,1.323415,2.119208,0,2591700,7.197289,Delay-insensitive,2,3.5
15600,ZtliqqWQ6huwwBoA7bEFt79+n9SA4jBixtBzpWNbxDSmFov9BptLtgHwEN7fwiCy,0.564257,1.277568,2.02388,0,2591700,7.197289,Delay-insensitive,2,3.5
15900,ZtliqqWQ6huwwBoA7bEFt79+n9SA4jBixtBzpWNbxDSmFov9BptLtgHwEN7fwiCy,0.4269699999999999,1.3366,2.239335,0,2591700,7.197289,Delay-insensitive,2,3.5
16200,ZtliqqWQ6huwwBoA7bEFt79+n9SA4jBixtBzpWNbxDSmFov9BptLtgHwEN7fwiCy,0.4825649999999999,1.322732,2.594377,0,2591700,7.197289,Delay-insensitive,2,3.5
16500,ZtliqqWQ6huwwBoA7bEFt79+n9SA4jBixtBzpWNbxDSmFov9BptLtgHwEN7fwiCy,0.5250239999999999,1.336142,2.497971,0,2591700,7.197289,Delay-insensitive,2,3.5
16800,ZtliqqWQ6huwwBoA7bEFt79+n9SA4jBixtBzpWNbxDSmFov9BptLtgHwEN7fwiCy,0.521825,1.355039,2.62432,0,2591700,7.197289,Delay-insensitive,2,3.5
17100,ZtliqqWQ6huwwBoA7bEFt79+n9SA4jBixtBzpWNbxDSmFov9BptLtgHwEN7fwiCy,0.556838,5.425249,32.116690000000006,0,2591700,7.197289,Delay-insensitive,2,3.5
17400,ZtliqqWQ6huwwBoA7bEFt79+n9SA4jBixtBzpWNbxDSmFov9BptLtgHwEN7fwiCy,0.589434,1.434289,2.237864,0,2591700,7.197289,Delay-insensitive,2,3.5
17700,ZtliqqWQ6huwwBoA7bEFt79+n9SA4jBixtBzpWNbxDSmFov9BptLtgHwEN7fwiCy,0.622075,2.495546,14.253773,0,2591700,7.197289,Delay-insensitive,2,3.5
18000,ZtliqqWQ6huwwBoA7bEFt79+n9SA4jBixtBzpWNbxDSmFov9BptLtgHwEN7fwiCy,0.488336,1.296712,2.289335,0,2591700,7.197289,Delay-insensitive,2,3.5
18300,ZtliqqWQ6huwwBoA7bEFt79+n9SA4jBixtBzpWNbxDSmFov9BptLtgHwEN7fwiCy,0.5499609999999999,1.336078,2.178986,0,2591700,7.197289,Delay-insensitive,2,3.5
18600,ZtliqqWQ6huwwBoA7bEFt79+n9SA4jBixtBzpWNbxDSmFov9BptLtgHwEN7fwiCy,0.4457649999999999,1.361243,2.639657,0,2591700,7.197289,Delay-insensitive,2,3.5
18900,ZtliqqWQ6huwwBoA7bEFt79+n9SA4jBixtBzpWNbxDSmFov9BptLtgHwEN7fwiCy,0.564856,1.422663,2.7818970000000003,0,2591700,7.197289,Delay-insensitive,2,3.5
19200,ZtliqqWQ6huwwBoA7bEFt79+n9SA4jBixtBzpWNbxDSmFov9BptLtgHwEN7fwiCy,0.286528,1.266045,2.025679,0,2591700,7.197289,Delay-insensitive,2,3.5
19500,ZtliqqWQ6huwwBoA7bEFt79+n9SA4jBixtBzpWNbxDSmFov9BptLtgHwEN7fwiCy,0.352495,1.370858,2.338551,0,2591700,7.197289,Delay-insensitive,2,3.5
19800,ZtliqqWQ6huwwBoA7bEFt79+n9SA4jBixtBzpWNbxDSmFov9BptLtgHwEN7fwiCy,0.548131,1.352133,2.236142,0,2591700,7.197289,Delay-insensitive,2,3.5
20100,ZtliqqWQ6huwwBoA7bEFt79+n9SA4jBixtBzpWNbxDSmFov9BptLtgHwEN7fwiCy,0.2948659999999999,1.280876,2.366854,0,2591700,7.197289,Delay-insensitive,2,3.5
20400,ZtliqqWQ6huwwBoA7bEFt79+n9SA4jBixtBzpWNbxDSmFov9BptLtgHwEN7fwiCy,0.594784,1.4803309999999998,2.518769,0,2591700,7.197289,Delay-insensitive,2,3.5
20700,ZtliqqWQ6huwwBoA7bEFt79+n9SA4jBixtBzpWNbxDSmFov9BptLtgHwEN7fwiCy,0.588379,1.330993,2.353707,0,2591700,7.197289,Delay-insensitive,2,3.5
21000,ZtliqqWQ6huwwBoA7bEFt79+n9SA4jBixtBzpWNbxDSmFov9BptLtgHwEN7fwiCy,0.610225,1.369859,2.369891,0,2591700,7.197289,Delay-insensitive,2,3.5
21300,ZtliqqWQ6huwwBoA7bEFt79+n9SA4jBixtBzpWNbxDSmFov9BptLtgHwEN7fwiCy,0.622955,2.364757,13.061808,0,2591700,7.197289,Delay-insensitive,2,3.5
21600,ZtliqqWQ6huwwBoA7bEFt79+n9SA4jBixtBzpWNbxDSmFov9BptLtgHwEN7fwiCy,0.538489,1.425925,2.329515,0,2591700,7.197289,Delay-insensitive,2,3.5
21900,ZtliqqWQ6huwwBoA7bEFt79+n9SA4jBixtBzpWNbxDSmFov9BptLtgHwEN7fwiCy,0.530313,1.340705,2.44271,0,2591700,7.197289,Delay-insensitive,2,3.5
22200,ZtliqqWQ6huwwBoA7bEFt79+n9SA4jBixtBzpWNbxDSmFov9BptLtgHwEN7fwiCy,0.534828,1.465508,2.4682310000000003,0,2591700,7.197289,Delay-insensitive,2,3.5
22500,ZtliqqWQ6huwwBoA7bEFt79+n9SA4jBixtBzpWNbxDSmFov9BptLtgHwEN7fwiCy,0.537184,1.383504,2.33167,0,2591700,7.197289,Delay-insensitive,2,3.5
22800,ZtliqqWQ6huwwBoA7bEFt79+n9SA4jBixtBzpWNbxDSmFov9BptLtgHwEN7fwiCy,0.5110439999999999,1.297574,2.24715,0,2591700,7.197289,Delay-insensitive,2,3.5
23100,ZtliqqWQ6huwwBoA7bEFt79+n9SA4jBixtBzpWNbxDSmFov9BptLtgHwEN7fwiCy,0.692788,1.442449,2.242689,0,2591700,7.197289,Delay-insensitive,2,3.5
23400,ZtliqqWQ6huwwBoA7bEFt79+n9SA4jBixtBzpWNbxDSmFov9BptLtgHwEN7fwiCy,0.533431,1.3282770000000002,2.170909,0,2591700,7.197289,Delay-insensitive,2,3.5
23700,ZtliqqWQ6huwwBoA7bEFt79+n9SA4jBixtBzpWNbxDSmFov9BptLtgHwEN7fwiCy,0.5421060000000001,1.332079,2.356179,0,2591700,7.197289,Delay-insensitive,2,3.5
24000,ZtliqqWQ6huwwBoA7bEFt79+n9SA4jBixtBzpWNbxDSmFov9BptLtgHwEN7fwiCy,0.489527,1.354291,2.722994,0,2591700,7.197289,Delay-insensitive,2,3.5
24300,ZtliqqWQ6huwwBoA7bEFt79+n9SA4jBixtBzpWNbxDSmFov9BptLtgHwEN7fwiCy,0.563812,1.320199,1.966655,0,2591700,7.197289,Delay-insensitive,2,3.5
24600,ZtliqqWQ6huwwBoA7bEFt79+n9SA4jBixtBzpWNbxDSmFov9BptLtgHwEN7fwiCy,0.214114,1.303202,2.223233,0,2591700,7.197289,Delay-insensitive,2,3.5
24900,ZtliqqWQ6huwwBoA7bEFt79+n9SA4jBixtBzpWNbxDSmFov9BptLtgHwEN7fwiCy,0.5427960000000001,1.366443,2.326043,0,2591700,7.197289,Delay-insensitive,2,3.5
25200,ZtliqqWQ6huwwBoA7bEFt79+n9SA4jBixtBzpWNbxDSmFov9BptLtgHwEN7fwiCy,0.563752,1.4032950000000002,2.196263,0,2591700,7.197289,Delay-insensitive,2,3.5
25500,ZtliqqWQ6huwwBoA7bEFt79+n9SA4jBixtBzpWNbxDSmFov9BptLtgHwEN7fwiCy,0.503584,1.285449,2.546069,0,2591700,7.197289,Delay-insensitive,2,3.5
25800,ZtliqqWQ6huwwBoA7bEFt79+n9SA4jBixtBzpWNbxDSmFov9BptLtgHwEN7fwiCy,0.517133,1.395275,2.110846,0,2591700,7.197289,Delay-insensitive,2,3.5
26100,ZtliqqWQ6huwwBoA7bEFt79+n9SA4jBixtBzpWNbxDSmFov9BptLtgHwEN7fwiCy,0.480058,1.281955,1.98596,0,2591700,7.197289,Delay-insensitive,2,3.5
26400,ZtliqqWQ6huwwBoA7bEFt79+n9SA4jBixtBzpWNbxDSmFov9BptLtgHwEN7fwiCy,0.5902850000000001,1.289031,2.127777,0,2591700,7.197289,Delay-insensitive,2,3.5
26700,ZtliqqWQ6huwwBoA7bEFt79+n9SA4jBixtBzpWNbxDSmFov9BptLtgHwEN7fwiCy,0.471887,1.451368,2.326482,0,2591700,7.197289,Delay-insensitive,2,3.5
27000,ZtliqqWQ6huwwBoA7bEFt79+n9SA4jBixtBzpWNbxDSmFov9BptLtgHwEN7fwiCy,0.524878,1.325118,2.548219,0,2591700,7.197289,Delay-insensitive,2,3.5
27300,ZtliqqWQ6huwwBoA7bEFt79+n9SA4jBixtBzpWNbxDSmFov9BptLtgHwEN7fwiCy,0.315928,1.238984,2.337319,0,2591700,7.197289,Delay-insensitive,2,3.5
27600,ZtliqqWQ6huwwBoA7bEFt79+n9SA4jBixtBzpWNbxDSmFov9BptLtgHwEN7fwiCy,0.4432609999999999,1.349397,2.282145,0,2591700,7.197289,Delay-insensitive,2,3.5
27900,ZtliqqWQ6huwwBoA7bEFt79+n9SA4jBixtBzpWNbxDSmFov9BptLtgHwEN7fwiCy,0.5330020000000001,1.37037,2.14683,0,2591700,7.197289,Delay-insensitive,2,3.5
28200,ZtliqqWQ6huwwBoA7bEFt79+n9SA4jBixtBzpWNbxDSmFov9BptLtgHwEN7fwiCy,0.498112,1.345006,2.15398,0,2591700,7.197289,Delay-insensitive,2,3.5
28500,ZtliqqWQ6huwwBoA7bEFt79+n9SA4jBixtBzpWNbxDSmFov9BptLtgHwEN7fwiCy,0.495895,2.37813,15.843422,0,2591700,7.197289,Delay-insensitive,2,3.5
28800,ZtliqqWQ6huwwBoA7bEFt79+n9SA4jBixtBzpWNbxDSmFov9BptLtgHwEN7fwiCy,0.418913,1.393334,2.495333,0,2591700,7.197289,Delay-insensitive,2,3.5
29100,ZtliqqWQ6huwwBoA7bEFt79+n9SA4jBixtBzpWNbxDSmFov9BptLtgHwEN7fwiCy,0.505618,1.31492,2.126429,0,2591700,7.197289,Delay-insensitive,2,3.5
29400,ZtliqqWQ6huwwBoA7bEFt79+n9SA4jBixtBzpWNbxDSmFov9BptLtgHwEN7fwiCy,0.464891,1.387941,2.325179,0,2591700,7.197289,Delay-insensitive,2,3.5
29700,ZtliqqWQ6huwwBoA7bEFt79+n9SA4jBixtBzpWNbxDSmFov9BptLtgHwEN7fwiCy,0.521105,1.265716,1.976321,0,2591700,7.197289,Delay-insensitive,2,3.5
30000,ZtliqqWQ6huwwBoA7bEFt79+n9SA4jBixtBzpWNbxDSmFov9BptLtgHwEN7fwiCy,0.215727,1.255418,2.515734,0,2591700,7.197289,Delay-insensitive,2,3.5
30300,ZtliqqWQ6huwwBoA7bEFt79+n9SA4jBixtBzpWNbxDSmFov9BptLtgHwEN7fwiCy,0.5280279999999999,1.396235,2.3582560000000004,0,2591700,7.197289,Delay-insensitive,2,3.5
30600,ZtliqqWQ6huwwBoA7bEFt79+n9SA4jBixtBzpWNbxDSmFov9BptLtgHwEN7fwiCy,0.558693,1.331215,2.015377,0,2591700,7.197289,Delay-insensitive,2,3.5
30900,ZtliqqWQ6huwwBoA7bEFt79+n9SA4jBixtBzpWNbxDSmFov9BptLtgHwEN7fwiCy,0.5436310000000001,1.286331,2.613912,0,2591700,7.197289,Delay-insensitive,2,3.5
31200,ZtliqqWQ6huwwBoA7bEFt79+n9SA4jBixtBzpWNbxDSmFov9BptLtgHwEN7fwiCy,0.4974149999999999,1.328411,2.574491,0,2591700,7.197289,Delay-insensitive,2,3.5
31500,ZtliqqWQ6huwwBoA7bEFt79+n9SA4jBixtBzpWNbxDSmFov9BptLtgHwEN7fwiCy,0.2576199999999999,1.295857,2.0007200000000003,0,2591700,7.197289,Delay-insensitive,2,3.5
31800,ZtliqqWQ6huwwBoA7bEFt79+n9SA4jBixtBzpWNbxDSmFov9BptLtgHwEN7fwiCy,0.562538,1.289494,1.954931,0,2591700,7.197289,Delay-insensitive,2,3.5
32100,ZtliqqWQ6huwwBoA7bEFt79+n9SA4jBixtBzpWNbxDSmFov9BptLtgHwEN7fwiCy,0.314655,1.558549,4.038379,0,2591700,7.197289,Delay-insensitive,2,3.5
32400,ZtliqqWQ6huwwBoA7bEFt79+n9SA4jBixtBzpWNbxDSmFov9BptLtgHwEN7fwiCy,0.5787359999999999,2.0875220000000003,14.393517999999998,0,2591700,7.197289,Delay-insensitive,2,3.5
32700,ZtliqqWQ6huwwBoA7bEFt79+n9SA4jBixtBzpWNbxDSmFov9BptLtgHwEN7fwiCy,0.36205,1.294646,2.631266,0,2591700,7.197289,Delay-insensitive,2,3.5
33000,ZtliqqWQ6huwwBoA7bEFt79+n9SA4jBixtBzpWNbxDSmFov9BptLtgHwEN7fwiCy,0.323313,1.339897,2.230101,0,2591700,7.197289,Delay-insensitive,2,3.5
33300,ZtliqqWQ6huwwBoA7bEFt79+n9SA4jBixtBzpWNbxDSmFov9BptLtgHwEN7fwiCy,0.558282,1.340085,2.274595,0,2591700,7.197289,Delay-insensitive,2,3.5
33600,ZtliqqWQ6huwwBoA7bEFt79+n9SA4jBixtBzpWNbxDSmFov9BptLtgHwEN7fwiCy,0.22595,1.305752,2.651487,0,2591700,7.197289,Delay-insensitive,2,3.5
33900,ZtliqqWQ6huwwBoA7bEFt79+n9SA4jBixtBzpWNbxDSmFov9BptLtgHwEN7fwiCy,0.5068600000000001,1.371159,2.550738,0,2591700,7.197289,Delay-insensitive,2,3.5
34200,ZtliqqWQ6huwwBoA7bEFt79+n9SA4jBixtBzpWNbxDSmFov9BptLtgHwEN7fwiCy,0.294369,1.371872,2.737653,0,2591700,7.197289,Delay-insensitive,2,3.5
34500,ZtliqqWQ6huwwBoA7bEFt79+n9SA4jBixtBzpWNbxDSmFov9BptLtgHwEN7fwiCy,0.532892,1.294617,2.1657580000000003,0,2591700,7.197289,Delay-insensitive,2,3.5
34800,ZtliqqWQ6huwwBoA7bEFt79+n9SA4jBixtBzpWNbxDSmFov9BptLtgHwEN7fwiCy,0.171468,1.412505,3.408089,0,2591700,7.197289,Delay-insensitive,2,3.5
35100,ZtliqqWQ6huwwBoA7bEFt79+n9SA4jBixtBzpWNbxDSmFov9BptLtgHwEN7fwiCy,0.5912430000000001,1.393737,2.066179,0,2591700,7.197289,Delay-insensitive,2,3.5
35400,ZtliqqWQ6huwwBoA7bEFt79+n9SA4jBixtBzpWNbxDSmFov9BptLtgHwEN7fwiCy,0.2257849999999999,2.080752,8.331977,0,2591700,7.197289,Delay-insensitive,2,3.5
35700,ZtliqqWQ6huwwBoA7bEFt79+n9SA4jBixtBzpWNbxDSmFov9BptLtgHwEN7fwiCy,0.311956,1.980761,9.722079,0,2591700,7.197289,Delay-insensitive,2,3.5
36000,ZtliqqWQ6huwwBoA7bEFt79+n9SA4jBixtBzpWNbxDSmFov9BptLtgHwEN7fwiCy,0.55479,2.547169,16.337117000000003,0,2591700,7.197289,Delay-insensitive,2,3.5
36300,ZtliqqWQ6huwwBoA7bEFt79+n9SA4jBixtBzpWNbxDSmFov9BptLtgHwEN7fwiCy,0.51355,1.359486,2.215015,0,2591700,7.197289,Delay-insensitive,2,3.5
36600,ZtliqqWQ6huwwBoA7bEFt79+n9SA4jBixtBzpWNbxDSmFov9BptLtgHwEN7fwiCy,0.471993,1.365875,2.942876,0,2591700,7.197289,Delay-insensitive,2,3.5
36900,ZtliqqWQ6huwwBoA7bEFt79+n9SA4jBixtBzpWNbxDSmFov9BptLtgHwEN7fwiCy,0.369563,1.362974,2.52324,0,2591700,7.197289,Delay-insensitive,2,3.5
37200,ZtliqqWQ6huwwBoA7bEFt79+n9SA4jBixtBzpWNbxDSmFov9BptLtgHwEN7fwiCy,0.684384,1.416536,2.420432,0,2591700,7.197289,Delay-insensitive,2,3.5
37500,ZtliqqWQ6huwwBoA7bEFt79+n9SA4jBixtBzpWNbxDSmFov9BptLtgHwEN7fwiCy,0.309766,1.311997,2.37699,0,2591700,7.197289,Delay-insensitive,2,3.5
37800,ZtliqqWQ6huwwBoA7bEFt79+n9SA4jBixtBzpWNbxDSmFov9BptLtgHwEN7fwiCy,0.490547,1.34485,2.573793,0,2591700,7.197289,Delay-insensitive,2,3.5
38100,ZtliqqWQ6huwwBoA7bEFt79+n9SA4jBixtBzpWNbxDSmFov9BptLtgHwEN7fwiCy,0.468325,1.354373,2.749413,0,2591700,7.197289,Delay-insensitive,2,3.5
38400,ZtliqqWQ6huwwBoA7bEFt79+n9SA4jBixtBzpWNbxDSmFov9BptLtgHwEN7fwiCy,0.157271,1.352638,2.640862,0,2591700,7.197289,Delay-insensitive,2,3.5
38700,ZtliqqWQ6huwwBoA7bEFt79+n9SA4jBixtBzpWNbxDSmFov9BptLtgHwEN7fwiCy,0.538755,1.32485,2.360209,0,2591700,7.197289,Delay-insensitive,2,3.5
39000,ZtliqqWQ6huwwBoA7bEFt79+n9SA4jBixtBzpWNbxDSmFov9BptLtgHwEN7fwiCy,0.446659,1.353823,2.946143,0,2591700,7.197289,Delay-insensitive,2,3.5
39300,ZtliqqWQ6huwwBoA7bEFt79+n9SA4jBixtBzpWNbxDSmFov9BptLtgHwEN7fwiCy,0.539148,1.374858,2.453294,0,2591700,7.197289,Delay-insensitive,2,3.5
39600,ZtliqqWQ6huwwBoA7bEFt79+n9SA4jBixtBzpWNbxDSmFov9BptLtgHwEN7fwiCy,0.513057,2.494733,13.723428,0,2591700,7.197289,Delay-insensitive,2,3.5
39900,ZtliqqWQ6huwwBoA7bEFt79+n9SA4jBixtBzpWNbxDSmFov9BptLtgHwEN7fwiCy,0.494081,1.365993,2.395017,0,2591700,7.197289,Delay-insensitive,2,3.5
40200,ZtliqqWQ6huwwBoA7bEFt79+n9SA4jBixtBzpWNbxDSmFov9BptLtgHwEN7fwiCy,0.438258,1.314584,3.120112,0,2591700,7.197289,Delay-insensitive,2,3.5
40500,ZtliqqWQ6huwwBoA7bEFt79+n9SA4jBixtBzpWNbxDSmFov9BptLtgHwEN7fwiCy,0.518828,1.398005,2.881594,0,2591700,7.197289,Delay-insensitive,2,3.5
40800,ZtliqqWQ6huwwBoA7bEFt79+n9SA4jBixtBzpWNbxDSmFov9BptLtgHwEN7fwiCy,0.351302,1.252577,2.126525,0,2591700,7.197289,Delay-insensitive,2,3.5
41100,ZtliqqWQ6huwwBoA7bEFt79+n9SA4jBixtBzpWNbxDSmFov9BptLtgHwEN7fwiCy,0.408004,1.339977,2.697977,0,2591700,7.197289,Delay-insensitive,2,3.5
41400,ZtliqqWQ6huwwBoA7bEFt79+n9SA4jBixtBzpWNbxDSmFov9BptLtgHwEN7fwiCy,0.659824,1.4139700000000002,2.5541150000000004,0,2591700,7.197289,Delay-insensitive,2,3.5
41700,ZtliqqWQ6huwwBoA7bEFt79+n9SA4jBixtBzpWNbxDSmFov9BptLtgHwEN7fwiCy,0.246003,1.271091,2.637862,0,2591700,7.197289,Delay-insensitive,2,3.5
42000,ZtliqqWQ6huwwBoA7bEFt79+n9SA4jBixtBzpWNbxDSmFov9BptLtgHwEN7fwiCy,0.540408,1.417794,2.523775,0,2591700,7.197289,Delay-insensitive,2,3.5
42300,ZtliqqWQ6huwwBoA7bEFt79+n9SA4jBixtBzpWNbxDSmFov9BptLtgHwEN7fwiCy,0.405066,2.585645,10.652318,0,2591700,7.197289,Delay-insensitive,2,3.5
42600,ZtliqqWQ6huwwBoA7bEFt79+n9SA4jBixtBzpWNbxDSmFov9BptLtgHwEN7fwiCy,0.586642,1.467163,2.371684,0,2591700,7.197289,Delay-insensitive,2,3.5
42900,ZtliqqWQ6huwwBoA7bEFt79+n9SA4jBixtBzpWNbxDSmFov9BptLtgHwEN7fwiCy,0.50895,1.314845,2.570554,0,2591700,7.197289,Delay-insensitive,2,3.5
43200,ZtliqqWQ6huwwBoA7bEFt79+n9SA4jBixtBzpWNbxDSmFov9BptLtgHwEN7fwiCy,0.641305,2.466468,10.399498,0,2591700,7.197289,Delay-insensitive,2,3.5
43500,ZtliqqWQ6huwwBoA7bEFt79+n9SA4jBixtBzpWNbxDSmFov9BptLtgHwEN7fwiCy,0.603309,1.333676,2.185679,0,2591700,7.197289,Delay-insensitive,2,3.5
43800,ZtliqqWQ6huwwBoA7bEFt79+n9SA4jBixtBzpWNbxDSmFov9BptLtgHwEN7fwiCy,0.501941,1.441185,3.111752,0,2591700,7.197289,Delay-insensitive,2,3.5
44100,ZtliqqWQ6huwwBoA7bEFt79+n9SA4jBixtBzpWNbxDSmFov9BptLtgHwEN7fwiCy,0.557036,1.412864,2.152341,0,2591700,7.197289,Delay-insensitive,2,3.5
44400,ZtliqqWQ6huwwBoA7bEFt79+n9SA4jBixtBzpWNbxDSmFov9BptLtgHwEN7fwiCy,0.464802,1.257098,1.946998,0,2591700,7.197289,Delay-insensitive,2,3.5
44700,ZtliqqWQ6huwwBoA7bEFt79+n9SA4jBixtBzpWNbxDSmFov9BptLtgHwEN7fwiCy,0.546459,1.459023,2.970489,0,2591700,7.197289,Delay-insensitive,2,3.5
45000,ZtliqqWQ6huwwBoA7bEFt79+n9SA4jBixtBzpWNbxDSmFov9BptLtgHwEN7fwiCy,0.4850939999999999,1.354436,2.878623,0,2591700,7.197289,Delay-insensitive,2,3.5
45300,ZtliqqWQ6huwwBoA7bEFt79+n9SA4jBixtBzpWNbxDSmFov9BptLtgHwEN7fwiCy,0.519378,1.373039,2.557049,0,2591700,7.197289,Delay-insensitive,2,3.5
45600,ZtliqqWQ6huwwBoA7bEFt79+n9SA4jBixtBzpWNbxDSmFov9BptLtgHwEN7fwiCy,0.2672989999999999,1.30506,2.2029810000000003,0,2591700,7.197289,Delay-insensitive,2,3.5
45900,ZtliqqWQ6huwwBoA7bEFt79+n9SA4jBixtBzpWNbxDSmFov9BptLtgHwEN7fwiCy,0.638549,5.612066,33.542017,0,2591700,7.197289,Delay-insensitive,2,3.5
46200,ZtliqqWQ6huwwBoA7bEFt79+n9SA4jBixtBzpWNbxDSmFov9BptLtgHwEN7fwiCy,0.306061,1.347751,2.042924,0,2591700,7.197289,Delay-insensitive,2,3.5
46500,ZtliqqWQ6huwwBoA7bEFt79+n9SA4jBixtBzpWNbxDSmFov9BptLtgHwEN7fwiCy,0.466459,1.375905,3.119509,0,2591700,7.197289,Delay-insensitive,2,3.5
46800,ZtliqqWQ6huwwBoA7bEFt79+n9SA4jBixtBzpWNbxDSmFov9BptLtgHwEN7fwiCy,0.560686,2.455795,14.548963,0,2591700,7.197289,Delay-insensitive,2,3.5
47100,ZtliqqWQ6huwwBoA7bEFt79+n9SA4jBixtBzpWNbxDSmFov9BptLtgHwEN7fwiCy,0.485368,1.218726,1.90364,0,2591700,7.197289,Delay-insensitive,2,3.5
47400,ZtliqqWQ6huwwBoA7bEFt79+n9SA4jBixtBzpWNbxDSmFov9BptLtgHwEN7fwiCy,0.509223,1.317357,2.066114,0,2591700,7.197289,Delay-insensitive,2,3.5
47700,ZtliqqWQ6huwwBoA7bEFt79+n9SA4jBixtBzpWNbxDSmFov9BptLtgHwEN7fwiCy,0.3663889999999999,1.39611,2.047175,0,2591700,7.197289,Delay-insensitive,2,3.5
48000,ZtliqqWQ6huwwBoA7bEFt79+n9SA4jBixtBzpWNbxDSmFov9BptLtgHwEN7fwiCy,0.554582,1.386486,2.6660470000000003,0,2591700,7.197289,Delay-insensitive,2,3.5
48300,ZtliqqWQ6huwwBoA7bEFt79+n9SA4jBixtBzpWNbxDSmFov9BptLtgHwEN7fwiCy,0.434529,1.383349,2.318601,0,2591700,7.197289,Delay-insensitive,2,3.5
48600,ZtliqqWQ6huwwBoA7bEFt79+n9SA4jBixtBzpWNbxDSmFov9BptLtgHwEN7fwiCy,0.58148,1.340252,2.417817,0,2591700,7.197289,Delay-insensitive,2,3.5
48900,ZtliqqWQ6huwwBoA7bEFt79+n9SA4jBixtBzpWNbxDSmFov9BptLtgHwEN7fwiCy,0.36399,1.256801,2.092563,0,2591700,7.197289,Delay-insensitive,2,3.5
49200,ZtliqqWQ6huwwBoA7bEFt79+n9SA4jBixtBzpWNbxDSmFov9BptLtgHwEN7fwiCy,0.485501,1.349579,2.795155,0,2591700,7.197289,Delay-insensitive,2,3.5
49500,ZtliqqWQ6huwwBoA7bEFt79+n9SA4jBixtBzpWNbxDSmFov9BptLtgHwEN7fwiCy,0.63659,1.400363,1.964958,0,2591700,7.197289,Delay-insensitive,2,3.5
49800,ZtliqqWQ6huwwBoA7bEFt79+n9SA4jBixtBzpWNbxDSmFov9BptLtgHwEN7fwiCy,0.528614,1.399078,2.505032,0,2591700,7.197289,Delay-insensitive,2,3.5
50100,ZtliqqWQ6huwwBoA7bEFt79+n9SA4jBixtBzpWNbxDSmFov9BptLtgHwEN7fwiCy,0.4559029999999999,1.387798,2.4208990000000004,0,2591700,7.197289,Delay-insensitive,2,3.5
50400,ZtliqqWQ6huwwBoA7bEFt79+n9SA4jBixtBzpWNbxDSmFov9BptLtgHwEN7fwiCy,0.541562,2.496513,12.710671,0,2591700,7.197289,Delay-insensitive,2,3.5
50700,ZtliqqWQ6huwwBoA7bEFt79+n9SA4jBixtBzpWNbxDSmFov9BptLtgHwEN7fwiCy,0.533567,1.318525,1.987355,0,2591700,7.197289,Delay-insensitive,2,3.5
51000,ZtliqqWQ6huwwBoA7bEFt79+n9SA4jBixtBzpWNbxDSmFov9BptLtgHwEN7fwiCy,0.5577529999999999,1.398183,2.136545,0,2591700,7.197289,Delay-insensitive,2,3.5
51300,ZtliqqWQ6huwwBoA7bEFt79+n9SA4jBixtBzpWNbxDSmFov9BptLtgHwEN7fwiCy,0.542838,1.341739,2.059226,0,2591700,7.197289,Delay-insensitive,2,3.5
51600,ZtliqqWQ6huwwBoA7bEFt79+n9SA4jBixtBzpWNbxDSmFov9BptLtgHwEN7fwiCy,0.465145,1.344236,2.211037,0,2591700,7.197289,Delay-insensitive,2,3.5
51900,ZtliqqWQ6huwwBoA7bEFt79+n9SA4jBixtBzpWNbxDSmFov9BptLtgHwEN7fwiCy,0.5236,1.418435,2.472378,0,2591700,7.197289,Delay-insensitive,2,3.5
52200,ZtliqqWQ6huwwBoA7bEFt79+n9SA4jBixtBzpWNbxDSmFov9BptLtgHwEN7fwiCy,0.529838,1.393859,2.446411,0,2591700,7.197289,Delay-insensitive,2,3.5
52500,ZtliqqWQ6huwwBoA7bEFt79+n9SA4jBixtBzpWNbxDSmFov9BptLtgHwEN7fwiCy,0.532014,1.314411,2.348794,0,2591700,7.197289,Delay-insensitive,2,3.5
52800,ZtliqqWQ6huwwBoA7bEFt79+n9SA4jBixtBzpWNbxDSmFov9BptLtgHwEN7fwiCy,0.549515,1.371299,2.345678,0,2591700,7.197289,Delay-insensitive,2,3.5
53100,ZtliqqWQ6huwwBoA7bEFt79+n9SA4jBixtBzpWNbxDSmFov9BptLtgHwEN7fwiCy,0.520664,1.262446,1.97455,0,2591700,7.197289,Delay-insensitive,2,3.5
53400,ZtliqqWQ6huwwBoA7bEFt79+n9SA4jBixtBzpWNbxDSmFov9BptLtgHwEN7fwiCy,0.524044,1.324416,2.520514,0,2591700,7.197289,Delay-insensitive,2,3.5
53700,ZtliqqWQ6huwwBoA7bEFt79+n9SA4jBixtBzpWNbxDSmFov9BptLtgHwEN7fwiCy,0.483388,1.371533,2.844555,0,2591700,7.197289,Delay-insensitive,2,3.5
54000,ZtliqqWQ6huwwBoA7bEFt79+n9SA4jBixtBzpWNbxDSmFov9BptLtgHwEN7fwiCy,0.463175,3.688134,16.285194,0,2591700,7.197289,Delay-insensitive,2,3.5
54300,ZtliqqWQ6huwwBoA7bEFt79+n9SA4jBixtBzpWNbxDSmFov9BptLtgHwEN7fwiCy,0.356885,1.432202,2.713457,0,2591700,7.197289,Delay-insensitive,2,3.5
54600,ZtliqqWQ6huwwBoA7bEFt79+n9SA4jBixtBzpWNbxDSmFov9BptLtgHwEN7fwiCy,0.371257,1.387387,2.305778,0,2591700,7.197289,Delay-insensitive,2,3.5
54900,ZtliqqWQ6huwwBoA7bEFt79+n9SA4jBixtBzpWNbxDSmFov9BptLtgHwEN7fwiCy,0.5447890000000001,1.354087,2.312139,0,2591700,7.197289,Delay-insensitive,2,3.5
55200,ZtliqqWQ6huwwBoA7bEFt79+n9SA4jBixtBzpWNbxDSmFov9BptLtgHwEN7fwiCy,0.5768939999999999,1.391593,2.090293,0,2591700,7.197289,Delay-insensitive,2,3.5
55500,ZtliqqWQ6huwwBoA7bEFt79+n9SA4jBixtBzpWNbxDSmFov9BptLtgHwEN7fwiCy,0.564448,1.509387,2.471814,0,2591700,7.197289,Delay-insensitive,2,3.5
55800,ZtliqqWQ6huwwBoA7bEFt79+n9SA4jBixtBzpWNbxDSmFov9BptLtgHwEN7fwiCy,0.286075,1.260815,2.840729,0,2591700,7.197289,Delay-insensitive,2,3.5
56100,ZtliqqWQ6huwwBoA7bEFt79+n9SA4jBixtBzpWNbxDSmFov9BptLtgHwEN7fwiCy,0.473596,1.386202,1.955733,0,2591700,7.197289,Delay-insensitive,2,3.5
56400,ZtliqqWQ6huwwBoA7bEFt79+n9SA4jBixtBzpWNbxDSmFov9BptLtgHwEN7fwiCy,0.5058,1.429164,2.711751,0,2591700,7.197289,Delay-insensitive,2,3.5
56700,ZtliqqWQ6huwwBoA7bEFt79+n9SA4jBixtBzpWNbxDSmFov9BptLtgHwEN7fwiCy,0.5586810000000001,1.374925,2.293326,0,2591700,7.197289,Delay-insensitive,2,3.5
57000,ZtliqqWQ6huwwBoA7bEFt79+n9SA4jBixtBzpWNbxDSmFov9BptLtgHwEN7fwiCy,0.3325,1.349102,2.4184400000000004,0,2591700,7.197289,Delay-insensitive,2,3.5
57300,ZtliqqWQ6huwwBoA7bEFt79+n9SA4jBixtBzpWNbxDSmFov9BptLtgHwEN7fwiCy,0.549513,1.475917,2.579225,0,2591700,7.197289,Delay-insensitive,2,3.5
57600,ZtliqqWQ6huwwBoA7bEFt79+n9SA4jBixtBzpWNbxDSmFov9BptLtgHwEN7fwiCy,0.4170439999999999,2.398742,15.316965,0,2591700,7.197289,Delay-insensitive,2,3.5
57900,ZtliqqWQ6huwwBoA7bEFt79+n9SA4jBixtBzpWNbxDSmFov9BptLtgHwEN7fwiCy,0.419242,1.324234,2.163648,0,2591700,7.197289,Delay-insensitive,2,3.5
58200,ZtliqqWQ6huwwBoA7bEFt79+n9SA4jBixtBzpWNbxDSmFov9BptLtgHwEN7fwiCy,0.562058,1.490933,2.788555,0,2591700,7.197289,Delay-insensitive,2,3.5
58500,ZtliqqWQ6huwwBoA7bEFt79+n9SA4jBixtBzpWNbxDSmFov9BptLtgHwEN7fwiCy,0.504456,1.346938,2.086295,0,2591700,7.197289,Delay-insensitive,2,3.5
58800,ZtliqqWQ6huwwBoA7bEFt79+n9SA4jBixtBzpWNbxDSmFov9BptLtgHwEN7fwiCy,0.542908,1.418068,2.196154,0,2591700,7.197289,Delay-insensitive,2,3.5
59100,ZtliqqWQ6huwwBoA7bEFt79+n9SA4jBixtBzpWNbxDSmFov9BptLtgHwEN7fwiCy,0.558283,1.336011,2.342255,0,2591700,7.197289,Delay-insensitive,2,3.5
59400,ZtliqqWQ6huwwBoA7bEFt79+n9SA4jBixtBzpWNbxDSmFov9BptLtgHwEN7fwiCy,0.541359,1.7259240000000002,6.305189,0,2591700,7.197289,Delay-insensitive,2,3.5
59700,ZtliqqWQ6huwwBoA7bEFt79+n9SA4jBixtBzpWNbxDSmFov9BptLtgHwEN7fwiCy,0.41206,1.357281,2.22475,0,2591700,7.197289,Delay-insensitive,2,3.5
60000,ZtliqqWQ6huwwBoA7bEFt79+n9SA4jBixtBzpWNbxDSmFov9BptLtgHwEN7fwiCy,0.496293,1.411856,2.945471,0,2591700,7.197289,Delay-insensitive,2,3.5
60300,ZtliqqWQ6huwwBoA7bEFt79+n9SA4jBixtBzpWNbxDSmFov9BptLtgHwEN7fwiCy,0.306428,1.287288,2.5805740000000004,0,2591700,7.197289,Delay-insensitive,2,3.5
60600,ZtliqqWQ6huwwBoA7bEFt79+n9SA4jBixtBzpWNbxDSmFov9BptLtgHwEN7fwiCy,0.4792979999999999,1.404532,2.630574,0,2591700,7.197289,Delay-insensitive,2,3.5
60900,ZtliqqWQ6huwwBoA7bEFt79+n9SA4jBixtBzpWNbxDSmFov9BptLtgHwEN7fwiCy,0.49736,1.554532,2.510832,0,2591700,7.197289,Delay-insensitive,2,3.5
61200,ZtliqqWQ6huwwBoA7bEFt79+n9SA4jBixtBzpWNbxDSmFov9BptLtgHwEN7fwiCy,0.412054,2.452989,13.261507,0,2591700,7.197289,Delay-insensitive,2,3.5
61500,ZtliqqWQ6huwwBoA7bEFt79+n9SA4jBixtBzpWNbxDSmFov9BptLtgHwEN7fwiCy,0.539565,1.3427129999999998,2.10735,0,2591700,7.197289,Delay-insensitive,2,3.5
61800,ZtliqqWQ6huwwBoA7bEFt79+n9SA4jBixtBzpWNbxDSmFov9BptLtgHwEN7fwiCy,0.526467,1.430036,2.919943,0,2591700,7.197289,Delay-insensitive,2,3.5
62100,ZtliqqWQ6huwwBoA7bEFt79+n9SA4jBixtBzpWNbxDSmFov9BptLtgHwEN7fwiCy,0.523228,1.276818,2.009911,0,2591700,7.197289,Delay-insensitive,2,3.5
62400,ZtliqqWQ6huwwBoA7bEFt79+n9SA4jBixtBzpWNbxDSmFov9BptLtgHwEN7fwiCy,0.5684899999999999,1.366184,2.362855,0,2591700,7.197289,Delay-insensitive,2,3.5
62700,ZtliqqWQ6huwwBoA7bEFt79+n9SA4jBixtBzpWNbxDSmFov9BptLtgHwEN7fwiCy,0.558604,1.407572,2.177397,0,2591700,7.197289,Delay-insensitive,2,3.5
63000,ZtliqqWQ6huwwBoA7bEFt79+n9SA4jBixtBzpWNbxDSmFov9BptLtgHwEN7fwiCy,0.6393989999999999,1.503922,4.561131,0,2591700,7.197289,Delay-insensitive,2,3.5
63300,ZtliqqWQ6huwwBoA7bEFt79+n9SA4jBixtBzpWNbxDSmFov9BptLtgHwEN7fwiCy,0.605812,1.373355,2.710457,0,2591700,7.197289,Delay-insensitive,2,3.5
63600,ZtliqqWQ6huwwBoA7bEFt79+n9SA4jBixtBzpWNbxDSmFov9BptLtgHwEN7fwiCy,0.506191,1.317499,2.499226,0,2591700,7.197289,Delay-insensitive,2,3.5
63900,ZtliqqWQ6huwwBoA7bEFt79+n9SA4jBixtBzpWNbxDSmFov9BptLtgHwEN7fwiCy,0.7247060000000001,1.41686,2.549105,0,2591700,7.197289,Delay-insensitive,2,3.5
64200,ZtliqqWQ6huwwBoA7bEFt79+n9SA4jBixtBzpWNbxDSmFov9BptLtgHwEN7fwiCy,0.604518,1.410071,2.691554,0,2591700,7.197289,Delay-insensitive,2,3.5
64500,ZtliqqWQ6huwwBoA7bEFt79+n9SA4jBixtBzpWNbxDSmFov9BptLtgHwEN7fwiCy,0.521343,1.493444,2.857143,0,2591700,7.197289,Delay-insensitive,2,3.5
64800,ZtliqqWQ6huwwBoA7bEFt79+n9SA4jBixtBzpWNbxDSmFov9BptLtgHwEN7fwiCy,0.5488310000000001,2.348207,11.339099,0,2591700,7.197289,Delay-insensitive,2,3.5
65100,ZtliqqWQ6huwwBoA7bEFt79+n9SA4jBixtBzpWNbxDSmFov9BptLtgHwEN7fwiCy,0.514005,1.261794,1.936918,0,2591700,7.197289,Delay-insensitive,2,3.5
65400,ZtliqqWQ6huwwBoA7bEFt79+n9SA4jBixtBzpWNbxDSmFov9BptLtgHwEN7fwiCy,0.570407,1.46228,2.924303,0,2591700,7.197289,Delay-insensitive,2,3.5
65700,ZtliqqWQ6huwwBoA7bEFt79+n9SA4jBixtBzpWNbxDSmFov9BptLtgHwEN7fwiCy,0.5691149999999999,1.365584,2.622794,0,2591700,7.197289,Delay-insensitive,2,3.5
66000,ZtliqqWQ6huwwBoA7bEFt79+n9SA4jBixtBzpWNbxDSmFov9BptLtgHwEN7fwiCy,0.68081,1.423725,2.636127,0,2591700,7.197289,Delay-insensitive,2,3.5
66300,ZtliqqWQ6huwwBoA7bEFt79+n9SA4jBixtBzpWNbxDSmFov9BptLtgHwEN7fwiCy,0.564287,1.32221,2.552473,0,2591700,7.197289,Delay-insensitive,2,3.5
66600,ZtliqqWQ6huwwBoA7bEFt79+n9SA4jBixtBzpWNbxDSmFov9BptLtgHwEN7fwiCy,0.5384369999999999,1.378376,2.266968,0,2591700,7.197289,Delay-insensitive,2,3.5
66900,ZtliqqWQ6huwwBoA7bEFt79+n9SA4jBixtBzpWNbxDSmFov9BptLtgHwEN7fwiCy,0.524127,1.407665,2.498332,0,2591700,7.197289,Delay-insensitive,2,3.5
67200,ZtliqqWQ6huwwBoA7bEFt79+n9SA4jBixtBzpWNbxDSmFov9BptLtgHwEN7fwiCy,0.5030640000000001,1.501146,2.987906,0,2591700,7.197289,Delay-insensitive,2,3.5
67500,ZtliqqWQ6huwwBoA7bEFt79+n9SA4jBixtBzpWNbxDSmFov9BptLtgHwEN7fwiCy,0.531357,1.308016,2.215758,0,2591700,7.197289,Delay-insensitive,2,3.5
67800,ZtliqqWQ6huwwBoA7bEFt79+n9SA4jBixtBzpWNbxDSmFov9BptLtgHwEN7fwiCy,0.58094,1.295061,2.312328,0,2591700,7.197289,Delay-insensitive,2,3.5
68100,ZtliqqWQ6huwwBoA7bEFt79+n9SA4jBixtBzpWNbxDSmFov9BptLtgHwEN7fwiCy,0.589119,1.427349,2.551291,0,2591700,7.197289,Delay-insensitive,2,3.5
68400,ZtliqqWQ6huwwBoA7bEFt79+n9SA4jBixtBzpWNbxDSmFov9BptLtgHwEN7fwiCy,0.389746,2.505902,14.735475,0,2591700,7.197289,Delay-insensitive,2,3.5
68700,ZtliqqWQ6huwwBoA7bEFt79+n9SA4jBixtBzpWNbxDSmFov9BptLtgHwEN7fwiCy,0.6702170000000001,1.581496,3.226936,0,2591700,7.197289,Delay-insensitive,2,3.5
69000,ZtliqqWQ6huwwBoA7bEFt79+n9SA4jBixtBzpWNbxDSmFov9BptLtgHwEN7fwiCy,0.50249,1.39156,2.816698,0,2591700,7.197289,Delay-insensitive,2,3.5
69300,ZtliqqWQ6huwwBoA7bEFt79+n9SA4jBixtBzpWNbxDSmFov9BptLtgHwEN7fwiCy,0.513338,1.433122,3.594519,0,2591700,7.197289,Delay-insensitive,2,3.5
69600,ZtliqqWQ6huwwBoA7bEFt79+n9SA4jBixtBzpWNbxDSmFov9BptLtgHwEN7fwiCy,0.640495,1.438799,2.663853,0,2591700,7.197289,Delay-insensitive,2,3.5
69900,ZtliqqWQ6huwwBoA7bEFt79+n9SA4jBixtBzpWNbxDSmFov9BptLtgHwEN7fwiCy,0.5762619999999999,1.375556,2.322257,0,2591700,7.197289,Delay-insensitive,2,3.5
70200,ZtliqqWQ6huwwBoA7bEFt79+n9SA4jBixtBzpWNbxDSmFov9BptLtgHwEN7fwiCy,0.504426,1.31662,2.373757,0,2591700,7.197289,Delay-insensitive,2,3.5
70500,ZtliqqWQ6huwwBoA7bEFt79+n9SA4jBixtBzpWNbxDSmFov9BptLtgHwEN7fwiCy,0.533104,1.383746,2.7435110000000003,0,2591700,7.197289,Delay-insensitive,2,3.5
70800,ZtliqqWQ6huwwBoA7bEFt79+n9SA4jBixtBzpWNbxDSmFov9BptLtgHwEN7fwiCy,0.558552,1.384788,2.315196,0,2591700,7.197289,Delay-insensitive,2,3.5
71100,ZtliqqWQ6huwwBoA7bEFt79+n9SA4jBixtBzpWNbxDSmFov9BptLtgHwEN7fwiCy,0.571049,1.355519,2.439434,0,2591700,7.197289,Delay-insensitive,2,3.5
71400,ZtliqqWQ6huwwBoA7bEFt79+n9SA4jBixtBzpWNbxDSmFov9BptLtgHwEN7fwiCy,0.6332300000000001,1.4219959999999998,2.763241,0,2591700,7.197289,Delay-insensitive,2,3.5
71700,ZtliqqWQ6huwwBoA7bEFt79+n9SA4jBixtBzpWNbxDSmFov9BptLtgHwEN7fwiCy,0.527566,1.34273,2.430803,0,2591700,7.197289,Delay-insensitive,2,3.5
72000,ZtliqqWQ6huwwBoA7bEFt79+n9SA4jBixtBzpWNbxDSmFov9BptLtgHwEN7fwiCy,0.4911,2.4415880000000003,14.134574,0,2591700,7.197289,Delay-insensitive,2,3.5
72300,ZtliqqWQ6huwwBoA7bEFt79+n9SA4jBixtBzpWNbxDSmFov9BptLtgHwEN7fwiCy,0.470962,1.426487,2.7631240000000004,0,2591700,7.197289,Delay-insensitive,2,3.5
72600,ZtliqqWQ6huwwBoA7bEFt79+n9SA4jBixtBzpWNbxDSmFov9BptLtgHwEN7fwiCy,0.456191,1.38316,3.127948,0,2591700,7.197289,Delay-insensitive,2,3.5
72900,ZtliqqWQ6huwwBoA7bEFt79+n9SA4jBixtBzpWNbxDSmFov9BptLtgHwEN7fwiCy,0.519099,1.29966,2.244774,0,2591700,7.197289,Delay-insensitive,2,3.5
73200,ZtliqqWQ6huwwBoA7bEFt79+n9SA4jBixtBzpWNbxDSmFov9BptLtgHwEN7fwiCy,0.588337,1.49062,2.280026,0,2591700,7.197289,Delay-insensitive,2,3.5
73500,ZtliqqWQ6huwwBoA7bEFt79+n9SA4jBixtBzpWNbxDSmFov9BptLtgHwEN7fwiCy,0.5062840000000001,1.357981,2.796695,0,2591700,7.197289,Delay-insensitive,2,3.5
73800,ZtliqqWQ6huwwBoA7bEFt79+n9SA4jBixtBzpWNbxDSmFov9BptLtgHwEN7fwiCy,0.541644,1.369321,2.216247,0,2591700,7.197289,Delay-insensitive,2,3.5
74100,ZtliqqWQ6huwwBoA7bEFt79+n9SA4jBixtBzpWNbxDSmFov9BptLtgHwEN7fwiCy,0.554833,1.383439,2.835336,0,2591700,7.197289,Delay-insensitive,2,3.5
74400,ZtliqqWQ6huwwBoA7bEFt79+n9SA4jBixtBzpWNbxDSmFov9BptLtgHwEN7fwiCy,0.521087,1.420752,3.217906,0,2591700,7.197289,Delay-insensitive,2,3.5
74700,ZtliqqWQ6huwwBoA7bEFt79+n9SA4jBixtBzpWNbxDSmFov9BptLtgHwEN7fwiCy,0.705229,5.595526,39.360288,0,2591700,7.197289,Delay-insensitive,2,3.5
75000,ZtliqqWQ6huwwBoA7bEFt79+n9SA4jBixtBzpWNbxDSmFov9BptLtgHwEN7fwiCy,0.570148,1.440754,2.321758,0,2591700,7.197289,Delay-insensitive,2,3.5
75300,ZtliqqWQ6huwwBoA7bEFt79+n9SA4jBixtBzpWNbxDSmFov9BptLtgHwEN7fwiCy,0.6217739999999999,1.526259,2.568428,0,2591700,7.197289,Delay-insensitive,2,3.5
75600,ZtliqqWQ6huwwBoA7bEFt79+n9SA4jBixtBzpWNbxDSmFov9BptLtgHwEN7fwiCy,0.583779,2.367991,12.536038,0,2591700,7.197289,Delay-insensitive,2,3.5
75900,ZtliqqWQ6huwwBoA7bEFt79+n9SA4jBixtBzpWNbxDSmFov9BptLtgHwEN7fwiCy,0.4631729999999999,1.348454,2.234144,0,2591700,7.197289,Delay-insensitive,2,3.5
76200,ZtliqqWQ6huwwBoA7bEFt79+n9SA4jBixtBzpWNbxDSmFov9BptLtgHwEN7fwiCy,0.542773,1.326532,2.378746,0,2591700,7.197289,Delay-insensitive,2,3.5
76500,ZtliqqWQ6huwwBoA7bEFt79+n9SA4jBixtBzpWNbxDSmFov9BptLtgHwEN7fwiCy,0.597042,1.313116,2.258518,0,2591700,7.197289,Delay-insensitive,2,3.5
76800,ZtliqqWQ6huwwBoA7bEFt79+n9SA4jBixtBzpWNbxDSmFov9BptLtgHwEN7fwiCy,0.618394,1.420191,2.697839,0,2591700,7.197289,Delay-insensitive,2,3.5
77100,ZtliqqWQ6huwwBoA7bEFt79+n9SA4jBixtBzpWNbxDSmFov9BptLtgHwEN7fwiCy,0.57445,1.365744,2.669452,0,2591700,7.197289,Delay-insensitive,2,3.5
77400,ZtliqqWQ6huwwBoA7bEFt79+n9SA4jBixtBzpWNbxDSmFov9BptLtgHwEN7fwiCy,0.586915,1.287909,2.029236,0,2591700,7.197289,Delay-insensitive,2,3.5
77700,ZtliqqWQ6huwwBoA7bEFt79+n9SA4jBixtBzpWNbxDSmFov9BptLtgHwEN7fwiCy,0.4947439999999999,1.305156,2.085859,0,2591700,7.197289,Delay-insensitive,2,3.5
78000,ZtliqqWQ6huwwBoA7bEFt79+n9SA4jBixtBzpWNbxDSmFov9BptLtgHwEN7fwiCy,0.286407,1.340529,2.422006,0,2591700,7.197289,Delay-insensitive,2,3.5
78300,ZtliqqWQ6huwwBoA7bEFt79+n9SA4jBixtBzpWNbxDSmFov9BptLtgHwEN7fwiCy,0.518343,1.415514,2.9266080000000003,0,2591700,7.197289,Delay-insensitive,2,3.5
78600,ZtliqqWQ6huwwBoA7bEFt79+n9SA4jBixtBzpWNbxDSmFov9BptLtgHwEN7fwiCy,0.318296,1.27311,2.036786,0,2591700,7.197289,Delay-insensitive,2,3.5
78900,ZtliqqWQ6huwwBoA7bEFt79+n9SA4jBixtBzpWNbxDSmFov9BptLtgHwEN7fwiCy,0.597109,1.504702,2.697786,0,2591700,7.197289,Delay-insensitive,2,3.5
79200,ZtliqqWQ6huwwBoA7bEFt79+n9SA4jBixtBzpWNbxDSmFov9BptLtgHwEN7fwiCy,0.530191,2.439805,15.871247,0,2591700,7.197289,Delay-insensitive,2,3.5
79500,ZtliqqWQ6huwwBoA7bEFt79+n9SA4jBixtBzpWNbxDSmFov9BptLtgHwEN7fwiCy,0.591377,1.367332,2.274557,0,2591700,7.197289,Delay-insensitive,2,3.5
79800,ZtliqqWQ6huwwBoA7bEFt79+n9SA4jBixtBzpWNbxDSmFov9BptLtgHwEN7fwiCy,0.556633,1.318602,2.5746900000000004,0,2591700,7.197289,Delay-insensitive,2,3.5
80100,ZtliqqWQ6huwwBoA7bEFt79+n9SA4jBixtBzpWNbxDSmFov9BptLtgHwEN7fwiCy,0.507821,1.332229,2.124186,0,2591700,7.197289,Delay-insensitive,2,3.5
80400,ZtliqqWQ6huwwBoA7bEFt79+n9SA4jBixtBzpWNbxDSmFov9BptLtgHwEN7fwiCy,0.631872,1.325928,2.0502130000000003,0,2591700,7.197289,Delay-insensitive,2,3.5
80700,ZtliqqWQ6huwwBoA7bEFt79+n9SA4jBixtBzpWNbxDSmFov9BptLtgHwEN7fwiCy,0.426124,1.353681,2.935071,0,2591700,7.197289,Delay-insensitive,2,3.5
81000,ZtliqqWQ6huwwBoA7bEFt79+n9SA4jBixtBzpWNbxDSmFov9BptLtgHwEN7fwiCy,0.4916569999999999,1.3362690000000002,2.644146,0,2591700,7.197289,Delay-insensitive,2,3.5
81300,ZtliqqWQ6huwwBoA7bEFt79+n9SA4jBixtBzpWNbxDSmFov9BptLtgHwEN7fwiCy,0.479764,1.274092,2.093175,0,2591700,7.197289,Delay-insensitive,2,3.5
81600,ZtliqqWQ6huwwBoA7bEFt79+n9SA4jBixtBzpWNbxDSmFov9BptLtgHwEN7fwiCy,0.4924489999999999,1.399162,2.478466,0,2591700,7.197289,Delay-insensitive,2,3.5
81900,ZtliqqWQ6huwwBoA7bEFt79+n9SA4jBixtBzpWNbxDSmFov9BptLtgHwEN7fwiCy,0.579145,1.316079,2.215891,0,2591700,7.197289,Delay-insensitive,2,3.5
82200,ZtliqqWQ6huwwBoA7bEFt79+n9SA4jBixtBzpWNbxDSmFov9BptLtgHwEN7fwiCy,0.359413,1.393897,2.591592,0,2591700,7.197289,Delay-insensitive,2,3.5
82500,ZtliqqWQ6huwwBoA7bEFt79+n9SA4jBixtBzpWNbxDSmFov9BptLtgHwEN7fwiCy,0.535704,1.375437,2.742789,0,2591700,7.197289,Delay-insensitive,2,3.5
82800,ZtliqqWQ6huwwBoA7bEFt79+n9SA4jBixtBzpWNbxDSmFov9BptLtgHwEN7fwiCy,0.422696,2.317542,13.560397,0,2591700,7.197289,Delay-insensitive,2,3.5
83100,ZtliqqWQ6huwwBoA7bEFt79+n9SA4jBixtBzpWNbxDSmFov9BptLtgHwEN7fwiCy,0.426722,1.394654,2.530145,0,2591700,7.197289,Delay-insensitive,2,3.5
83400,ZtliqqWQ6huwwBoA7bEFt79+n9SA4jBixtBzpWNbxDSmFov9BptLtgHwEN7fwiCy,0.490907,1.357155,2.897951,0,2591700,7.197289,Delay-insensitive,2,3.5
83700,ZtliqqWQ6huwwBoA7bEFt79+n9SA4jBixtBzpWNbxDSmFov9BptLtgHwEN7fwiCy,0.5647760000000001,1.232083,2.129348,0,2591700,7.197289,Delay-insensitive,2,3.5
84000,ZtliqqWQ6huwwBoA7bEFt79+n9SA4jBixtBzpWNbxDSmFov9BptLtgHwEN7fwiCy,0.50671,1.307022,2.452662,0,2591700,7.197289,Delay-insensitive,2,3.5
84300,ZtliqqWQ6huwwBoA7bEFt79+n9SA4jBixtBzpWNbxDSmFov9BptLtgHwEN7fwiCy,0.52399,1.33744,2.488155,0,2591700,7.197289,Delay-insensitive,2,3.5
84600,ZtliqqWQ6huwwBoA7bEFt79+n9SA4jBixtBzpWNbxDSmFov9BptLtgHwEN7fwiCy,0.497116,1.330105,2.35149,0,2591700,7.197289,Delay-insensitive,2,3.5
84900,ZtliqqWQ6huwwBoA7bEFt79+n9SA4jBixtBzpWNbxDSmFov9BptLtgHwEN7fwiCy,0.518534,1.4431379999999998,2.73831,0,2591700,7.197289,Delay-insensitive,2,3.5
85200,ZtliqqWQ6huwwBoA7bEFt79+n9SA4jBixtBzpWNbxDSmFov9BptLtgHwEN7fwiCy,0.5518770000000001,1.364068,2.591841,0,2591700,7.197289,Delay-insensitive,2,3.5
85500,ZtliqqWQ6huwwBoA7bEFt79+n9SA4jBixtBzpWNbxDSmFov9BptLtgHwEN7fwiCy,0.584387,1.259176,1.902368,0,2591700,7.197289,Delay-insensitive,2,3.5
85800,ZtliqqWQ6huwwBoA7bEFt79+n9SA4jBixtBzpWNbxDSmFov9BptLtgHwEN7fwiCy,0.493751,1.413071,2.451455,0,2591700,7.197289,Delay-insensitive,2,3.5
86100,ZtliqqWQ6huwwBoA7bEFt79+n9SA4jBixtBzpWNbxDSmFov9BptLtgHwEN7fwiCy,0.510365,1.446903,2.308455,0,2591700,7.197289,Delay-insensitive,2,3.5
86400,ZtliqqWQ6huwwBoA7bEFt79+n9SA4jBixtBzpWNbxDSmFov9BptLtgHwEN7fwiCy,0.610954,2.451685,17.304414,0,2591700,7.197289,Delay-insensitive,2,3.5
86700,ZtliqqWQ6huwwBoA7bEFt79+n9SA4jBixtBzpWNbxDSmFov9BptLtgHwEN7fwiCy,0.573339,1.446911,2.4371400000000003,0,2591700,7.197289,Delay-insensitive,2,3.5
87000,ZtliqqWQ6huwwBoA7bEFt79+n9SA4jBixtBzpWNbxDSmFov9BptLtgHwEN7fwiCy,0.5854689999999999,1.481718,2.526063,0,2591700,7.197289,Delay-insensitive,2,3.5
87300,ZtliqqWQ6huwwBoA7bEFt79+n9SA4jBixtBzpWNbxDSmFov9BptLtgHwEN7fwiCy,0.60648,1.426224,2.58148,0,2591700,7.197289,Delay-insensitive,2,3.5
87600,ZtliqqWQ6huwwBoA7bEFt79+n9SA4jBixtBzpWNbxDSmFov9BptLtgHwEN7fwiCy,0.496187,1.506139,3.269146,0,2591700,7.197289,Delay-insensitive,2,3.5
87900,ZtliqqWQ6huwwBoA7bEFt79+n9SA4jBixtBzpWNbxDSmFov9BptLtgHwEN7fwiCy,0.6016859999999999,1.58762,2.713058,0,2591700,7.197289,Delay-insensitive,2,3.5
88200,ZtliqqWQ6huwwBoA7bEFt79+n9SA4jBixtBzpWNbxDSmFov9BptLtgHwEN7fwiCy,0.597309,1.564646,3.959497,0,2591700,7.197289,Delay-insensitive,2,3.5
88500,ZtliqqWQ6huwwBoA7bEFt79+n9SA4jBixtBzpWNbxDSmFov9BptLtgHwEN7fwiCy,0.609333,1.563687,3.376039,0,2591700,7.197289,Delay-insensitive,2,3.5
88800,ZtliqqWQ6huwwBoA7bEFt79+n9SA4jBixtBzpWNbxDSmFov9BptLtgHwEN7fwiCy,0.549829,1.489028,2.6735990000000003,0,2591700,7.197289,Delay-insensitive,2,3.5
89100,ZtliqqWQ6huwwBoA7bEFt79+n9SA4jBixtBzpWNbxDSmFov9BptLtgHwEN7fwiCy,0.6502140000000001,1.388994,2.24437,0,2591700,7.197289,Delay-insensitive,2,3.5
89400,ZtliqqWQ6huwwBoA7bEFt79+n9SA4jBixtBzpWNbxDSmFov9BptLtgHwEN7fwiCy,0.5977779999999999,1.478838,2.446216,0,2591700,7.197289,Delay-insensitive,2,3.5
89700,ZtliqqWQ6huwwBoA7bEFt79+n9SA4jBixtBzpWNbxDSmFov9BptLtgHwEN7fwiCy,0.614319,1.482973,2.916309,0,2591700,7.197289,Delay-insensitive,2,3.5
90000,ZtliqqWQ6huwwBoA7bEFt79+n9SA4jBixtBzpWNbxDSmFov9BptLtgHwEN7fwiCy,0.640609,2.498009,12.728706,0,2591700,7.197289,Delay-insensitive,2,3.5
90300,ZtliqqWQ6huwwBoA7bEFt79+n9SA4jBixtBzpWNbxDSmFov9BptLtgHwEN7fwiCy,0.594425,1.518081,2.643736,0,2591700,7.197289,Delay-insensitive,2,3.5
90600,ZtliqqWQ6huwwBoA7bEFt79+n9SA4jBixtBzpWNbxDSmFov9BptLtgHwEN7fwiCy,0.663613,1.52386,2.693966,0,2591700,7.197289,Delay-insensitive,2,3.5
90900,ZtliqqWQ6huwwBoA7bEFt79+n9SA4jBixtBzpWNbxDSmFov9BptLtgHwEN7fwiCy,0.575314,1.5159280000000002,2.986387,0,2591700,7.197289,Delay-insensitive,2,3.5
91200,ZtliqqWQ6huwwBoA7bEFt79+n9SA4jBixtBzpWNbxDSmFov9BptLtgHwEN7fwiCy,0.661813,1.477968,2.587414,0,2591700,7.197289,Delay-insensitive,2,3.5
91500,ZtliqqWQ6huwwBoA7bEFt79+n9SA4jBixtBzpWNbxDSmFov9BptLtgHwEN7fwiCy,0.538976,1.818644,6.746980000000001,0,2591700,7.197289,Delay-insensitive,2,3.5
91800,ZtliqqWQ6huwwBoA7bEFt79+n9SA4jBixtBzpWNbxDSmFov9BptLtgHwEN7fwiCy,0.567815,1.478233,2.688224,0,2591700,7.197289,Delay-insensitive,2,3.5
92100,ZtliqqWQ6huwwBoA7bEFt79+n9SA4jBixtBzpWNbxDSmFov9BptLtgHwEN7fwiCy,0.550908,1.703291,4.255346,0,2591700,7.197289,Delay-insensitive,2,3.5
92400,ZtliqqWQ6huwwBoA7bEFt79+n9SA4jBixtBzpWNbxDSmFov9BptLtgHwEN7fwiCy,0.5832390000000001,1.495683,2.503836,0,2591700,7.197289,Delay-insensitive,2,3.5
92700,ZtliqqWQ6huwwBoA7bEFt79+n9SA4jBixtBzpWNbxDSmFov9BptLtgHwEN7fwiCy,0.661335,1.465002,2.209689,0,2591700,7.197289,Delay-insensitive,2,3.5
93000,ZtliqqWQ6huwwBoA7bEFt79+n9SA4jBixtBzpWNbxDSmFov9BptLtgHwEN7fwiCy,0.629151,1.552405,2.796449,0,2591700,7.197289,Delay-insensitive,2,3.5
93300,ZtliqqWQ6huwwBoA7bEFt79+n9SA4jBixtBzpWNbxDSmFov9BptLtgHwEN7fwiCy,0.59049,1.532692,2.8000540000000003,0,2591700,7.197289,Delay-insensitive,2,3.5
93600,ZtliqqWQ6huwwBoA7bEFt79+n9SA4jBixtBzpWNbxDSmFov9BptLtgHwEN7fwiCy,0.6332899999999999,2.519181,13.700366,0,2591700,7.197289,Delay-insensitive,2,3.5
93900,ZtliqqWQ6huwwBoA7bEFt79+n9SA4jBixtBzpWNbxDSmFov9BptLtgHwEN7fwiCy,0.5698340000000001,1.463109,2.358362,0,2591700,7.197289,Delay-insensitive,2,3.5
94200,ZtliqqWQ6huwwBoA7bEFt79+n9SA4jBixtBzpWNbxDSmFov9BptLtgHwEN7fwiCy,0.565542,1.564431,2.382166,0,2591700,7.197289,Delay-insensitive,2,3.5
94500,ZtliqqWQ6huwwBoA7bEFt79+n9SA4jBixtBzpWNbxDSmFov9BptLtgHwEN7fwiCy,0.582496,1.470031,2.692055,0,2591700,7.197289,Delay-insensitive,2,3.5
94800,ZtliqqWQ6huwwBoA7bEFt79+n9SA4jBixtBzpWNbxDSmFov9BptLtgHwEN7fwiCy,0.574515,1.447296,2.477216,0,2591700,7.197289,Delay-insensitive,2,3.5
95100,ZtliqqWQ6huwwBoA7bEFt79+n9SA4jBixtBzpWNbxDSmFov9BptLtgHwEN7fwiCy,0.665359,1.52759,2.217985,0,2591700,7.197289,Delay-insensitive,2,3.5
95400,ZtliqqWQ6huwwBoA7bEFt79+n9SA4jBixtBzpWNbxDSmFov9BptLtgHwEN7fwiCy,0.494502,1.370517,2.143916,0,2591700,7.197289,Delay-insensitive,2,3.5
95700,ZtliqqWQ6huwwBoA7bEFt79+n9SA4jBixtBzpWNbxDSmFov9BptLtgHwEN7fwiCy,0.530768,1.422448,2.240532,0,2591700,7.197289,Delay-insensitive,2,3.5
96000,ZtliqqWQ6huwwBoA7bEFt79+n9SA4jBixtBzpWNbxDSmFov9BptLtgHwEN7fwiCy,0.5744859999999999,1.493466,2.863338,0,2591700,7.197289,Delay-insensitive,2,3.5
96300,ZtliqqWQ6huwwBoA7bEFt79+n9SA4jBixtBzpWNbxDSmFov9BptLtgHwEN7fwiCy,0.4617699999999999,1.403537,2.394419,0,2591700,7.197289,Delay-insensitive,2,3.5
96600,ZtliqqWQ6huwwBoA7bEFt79+n9SA4jBixtBzpWNbxDSmFov9BptLtgHwEN7fwiCy,0.579069,1.454551,2.507636,0,2591700,7.197289,Delay-insensitive,2,3.5
96900,ZtliqqWQ6huwwBoA7bEFt79+n9SA4jBixtBzpWNbxDSmFov9BptLtgHwEN7fwiCy,0.5509729999999999,2.062092,7.568903999999999,0,2591700,7.197289,Delay-insensitive,2,3.5
97200,ZtliqqWQ6huwwBoA7bEFt79+n9SA4jBixtBzpWNbxDSmFov9BptLtgHwEN7fwiCy,0.685242,3.905625,18.57628,0,2591700,7.197289,Delay-insensitive,2,3.5
97500,ZtliqqWQ6huwwBoA7bEFt79+n9SA4jBixtBzpWNbxDSmFov9BptLtgHwEN7fwiCy,0.531057,1.429138,2.295863,0,2591700,7.197289,Delay-insensitive,2,3.5
97800,ZtliqqWQ6huwwBoA7bEFt79+n9SA4jBixtBzpWNbxDSmFov9BptLtgHwEN7fwiCy,0.662975,1.580194,2.934732,0,2591700,7.197289,Delay-insensitive,2,3.5
98100,ZtliqqWQ6huwwBoA7bEFt79+n9SA4jBixtBzpWNbxDSmFov9BptLtgHwEN7fwiCy,0.3422929999999999,1.34573,2.302004,0,2591700,7.197289,Delay-insensitive,2,3.5
98400,ZtliqqWQ6huwwBoA7bEFt79+n9SA4jBixtBzpWNbxDSmFov9BptLtgHwEN7fwiCy,0.312582,1.466377,2.605652,0,2591700,7.197289,Delay-insensitive,2,3.5
98700,ZtliqqWQ6huwwBoA7bEFt79+n9SA4jBixtBzpWNbxDSmFov9BptLtgHwEN7fwiCy,0.632602,1.489215,2.655117,0,2591700,7.197289,Delay-insensitive,2,3.5
99000,ZtliqqWQ6huwwBoA7bEFt79+n9SA4jBixtBzpWNbxDSmFov9BptLtgHwEN7fwiCy,0.391768,1.330799,2.210189,0,2591700,7.197289,Delay-insensitive,2,3.5
99300,ZtliqqWQ6huwwBoA7bEFt79+n9SA4jBixtBzpWNbxDSmFov9BptLtgHwEN7fwiCy,0.646834,1.508282,2.314376,0,2591700,7.197289,Delay-insensitive,2,3.5
99600,ZtliqqWQ6huwwBoA7bEFt79+n9SA4jBixtBzpWNbxDSmFov9BptLtgHwEN7fwiCy,0.52405,1.459725,2.698288,0,2591700,7.197289,Delay-insensitive,2,3.5
99900,ZtliqqWQ6huwwBoA7bEFt79+n9SA4jBixtBzpWNbxDSmFov9BptLtgHwEN7fwiCy,0.613297,1.562682,2.590843,0,2591700,7.197289,Delay-insensitive,2,3.5
100200,ZtliqqWQ6huwwBoA7bEFt79+n9SA4jBixtBzpWNbxDSmFov9BptLtgHwEN7fwiCy,0.29307,1.38641,2.591661,0,2591700,7.197289,Delay-insensitive,2,3.5
100500,ZtliqqWQ6huwwBoA7bEFt79+n9SA4jBixtBzpWNbxDSmFov9BptLtgHwEN7fwiCy,0.606006,1.62998,2.915659,0,2591700,7.197289,Delay-insensitive,2,3.5
100800,ZtliqqWQ6huwwBoA7bEFt79+n9SA4jBixtBzpWNbxDSmFov9BptLtgHwEN7fwiCy,0.47321,2.542339,8.863278,0,2591700,7.197289,Delay-insensitive,2,3.5
101100,ZtliqqWQ6huwwBoA7bEFt79+n9SA4jBixtBzpWNbxDSmFov9BptLtgHwEN7fwiCy,0.558954,1.508586,2.557619,0,2591700,7.197289,Delay-insensitive,2,3.5
101400,ZtliqqWQ6huwwBoA7bEFt79+n9SA4jBixtBzpWNbxDSmFov9BptLtgHwEN7fwiCy,0.646997,1.5708,2.687581,0,2591700,7.197289,Delay-insensitive,2,3.5
101700,ZtliqqWQ6huwwBoA7bEFt79+n9SA4jBixtBzpWNbxDSmFov9BptLtgHwEN7fwiCy,0.624292,1.380196,2.311851,0,2591700,7.197289,Delay-insensitive,2,3.5
102000,ZtliqqWQ6huwwBoA7bEFt79+n9SA4jBixtBzpWNbxDSmFov9BptLtgHwEN7fwiCy,0.613032,1.576553,3.02906,0,2591700,7.197289,Delay-insensitive,2,3.5
102300,ZtliqqWQ6huwwBoA7bEFt79+n9SA4jBixtBzpWNbxDSmFov9BptLtgHwEN7fwiCy,0.560531,1.539974,2.700789,0,2591700,7.197289,Delay-insensitive,2,3.5
102600,ZtliqqWQ6huwwBoA7bEFt79+n9SA4jBixtBzpWNbxDSmFov9BptLtgHwEN7fwiCy,0.57028,1.488179,2.970002,0,2591700,7.197289,Delay-insensitive,2,3.5
102900,ZtliqqWQ6huwwBoA7bEFt79+n9SA4jBixtBzpWNbxDSmFov9BptLtgHwEN7fwiCy,0.557013,1.57291,2.283876,0,2591700,7.197289,Delay-insensitive,2,3.5
103200,ZtliqqWQ6huwwBoA7bEFt79+n9SA4jBixtBzpWNbxDSmFov9BptLtgHwEN7fwiCy,0.5934159999999999,1.492566,2.7093540000000003,0,2591700,7.197289,Delay-insensitive,2,3.5
103500,ZtliqqWQ6huwwBoA7bEFt79+n9SA4jBixtBzpWNbxDSmFov9BptLtgHwEN7fwiCy,0.562346,8.692353,53.883991,0,2591700,7.197289,Delay-insensitive,2,3.5
103800,ZtliqqWQ6huwwBoA7bEFt79+n9SA4jBixtBzpWNbxDSmFov9BptLtgHwEN7fwiCy,0.6473760000000001,1.529019,3.380945,0,2591700,7.197289,Delay-insensitive,2,3.5
104100,ZtliqqWQ6huwwBoA7bEFt79+n9SA4jBixtBzpWNbxDSmFov9BptLtgHwEN7fwiCy,0.622396,1.517076,2.424232,0,2591700,7.197289,Delay-insensitive,2,3.5
104400,ZtliqqWQ6huwwBoA7bEFt79+n9SA4jBixtBzpWNbxDSmFov9BptLtgHwEN7fwiCy,0.6089060000000001,2.556928,13.161362,0,2591700,7.197289,Delay-insensitive,2,3.5
104700,ZtliqqWQ6huwwBoA7bEFt79+n9SA4jBixtBzpWNbxDSmFov9BptLtgHwEN7fwiCy,0.569353,1.47328,2.541532,0,2591700,7.197289,Delay-insensitive,2,3.5
105000,ZtliqqWQ6huwwBoA7bEFt79+n9SA4jBixtBzpWNbxDSmFov9BptLtgHwEN7fwiCy,0.574743,1.582255,2.481372,0,2591700,7.197289,Delay-insensitive,2,3.5
105300,ZtliqqWQ6huwwBoA7bEFt79+n9SA4jBixtBzpWNbxDSmFov9BptLtgHwEN7fwiCy,0.629372,1.43314,2.458145,0,2591700,7.197289,Delay-insensitive,2,3.5
105600,ZtliqqWQ6huwwBoA7bEFt79+n9SA4jBixtBzpWNbxDSmFov9BptLtgHwEN7fwiCy,0.284596,1.527298,2.788728,0,2591700,7.197289,Delay-insensitive,2,3.5
105900,ZtliqqWQ6huwwBoA7bEFt79+n9SA4jBixtBzpWNbxDSmFov9BptLtgHwEN7fwiCy,0.574684,1.423269,2.457749,0,2591700,7.197289,Delay-insensitive,2,3.5
106200,ZtliqqWQ6huwwBoA7bEFt79+n9SA4jBixtBzpWNbxDSmFov9BptLtgHwEN7fwiCy,0.452375,1.4863959999999998,2.71133,0,2591700,7.197289,Delay-insensitive,2,3.5
106500,ZtliqqWQ6huwwBoA7bEFt79+n9SA4jBixtBzpWNbxDSmFov9BptLtgHwEN7fwiCy,0.47081,1.539034,2.439131,0,2591700,7.197289,Delay-insensitive,2,3.5
106800,ZtliqqWQ6huwwBoA7bEFt79+n9SA4jBixtBzpWNbxDSmFov9BptLtgHwEN7fwiCy,0.556022,1.447053,2.459488,0,2591700,7.197289,Delay-insensitive,2,3.5
107100,ZtliqqWQ6huwwBoA7bEFt79+n9SA4jBixtBzpWNbxDSmFov9BptLtgHwEN7fwiCy,0.375806,1.432623,2.54413,0,2591700,7.197289,Delay-insensitive,2,3.5
107400,ZtliqqWQ6huwwBoA7bEFt79+n9SA4jBixtBzpWNbxDSmFov9BptLtgHwEN7fwiCy,0.630232,1.498437,3.029939,0,2591700,7.197289,Delay-insensitive,2,3.5
107700,ZtliqqWQ6huwwBoA7bEFt79+n9SA4jBixtBzpWNbxDSmFov9BptLtgHwEN7fwiCy,0.4604819999999999,1.531788,2.45836,0,2591700,7.197289,Delay-insensitive,2,3.5
108000,ZtliqqWQ6huwwBoA7bEFt79+n9SA4jBixtBzpWNbxDSmFov9BptLtgHwEN7fwiCy,0.615053,2.557588,16.623173,0,2591700,7.197289,Delay-insensitive,2,3.5
108300,ZtliqqWQ6huwwBoA7bEFt79+n9SA4jBixtBzpWNbxDSmFov9BptLtgHwEN7fwiCy,0.257387,1.442521,2.334971,0,2591700,7.197289,Delay-insensitive,2,3.5
108600,ZtliqqWQ6huwwBoA7bEFt79+n9SA4jBixtBzpWNbxDSmFov9BptLtgHwEN7fwiCy,0.637319,1.490899,2.5312900000000003,0,2591700,7.197289,Delay-insensitive,2,3.5
108900,ZtliqqWQ6huwwBoA7bEFt79+n9SA4jBixtBzpWNbxDSmFov9BptLtgHwEN7fwiCy,0.5963510000000001,1.4394049999999998,3.045074,0,2591700,7.197289,Delay-insensitive,2,3.5
109200,ZtliqqWQ6huwwBoA7bEFt79+n9SA4jBixtBzpWNbxDSmFov9BptLtgHwEN7fwiCy,0.589167,1.517587,2.7591360000000003,0,2591700,7.197289,Delay-insensitive,2,3.5
109500,ZtliqqWQ6huwwBoA7bEFt79+n9SA4jBixtBzpWNbxDSmFov9BptLtgHwEN7fwiCy,0.565412,1.495965,2.7486580000000003,0,2591700,7.197289,Delay-insensitive,2,3.5
109800,ZtliqqWQ6huwwBoA7bEFt79+n9SA4jBixtBzpWNbxDSmFov9BptLtgHwEN7fwiCy,0.3952469999999999,1.434585,2.5763580000000004,0,2591700,7.197289,Delay-insensitive,2,3.5
110100,ZtliqqWQ6huwwBoA7bEFt79+n9SA4jBixtBzpWNbxDSmFov9BptLtgHwEN7fwiCy,0.6515529999999999,1.507556,2.827338,0,2591700,7.197289,Delay-insensitive,2,3.5
110400,ZtliqqWQ6huwwBoA7bEFt79+n9SA4jBixtBzpWNbxDSmFov9BptLtgHwEN7fwiCy,0.471154,1.515767,2.651288,0,2591700,7.197289,Delay-insensitive,2,3.5
110700,ZtliqqWQ6huwwBoA7bEFt79+n9SA4jBixtBzpWNbxDSmFov9BptLtgHwEN7fwiCy,0.643515,1.494391,2.660629,0,2591700,7.197289,Delay-insensitive,2,3.5
111000,ZtliqqWQ6huwwBoA7bEFt79+n9SA4jBixtBzpWNbxDSmFov9BptLtgHwEN7fwiCy,0.623097,1.532673,2.940443,0,2591700,7.197289,Delay-insensitive,2,3.5
111300,ZtliqqWQ6huwwBoA7bEFt79+n9SA4jBixtBzpWNbxDSmFov9BptLtgHwEN7fwiCy,0.564814,1.514727,2.699777,0,2591700,7.197289,Delay-insensitive,2,3.5
111600,ZtliqqWQ6huwwBoA7bEFt79+n9SA4jBixtBzpWNbxDSmFov9BptLtgHwEN7fwiCy,0.339685,2.498817,10.45829,0,2591700,7.197289,Delay-insensitive,2,3.5
111900,ZtliqqWQ6huwwBoA7bEFt79+n9SA4jBixtBzpWNbxDSmFov9BptLtgHwEN7fwiCy,0.428876,1.513181,2.365425,0,2591700,7.197289,Delay-insensitive,2,3.5
112200,ZtliqqWQ6huwwBoA7bEFt79+n9SA4jBixtBzpWNbxDSmFov9BptLtgHwEN7fwiCy,0.558811,1.428308,2.37163,0,2591700,7.197289,Delay-insensitive,2,3.5
112500,ZtliqqWQ6huwwBoA7bEFt79+n9SA4jBixtBzpWNbxDSmFov9BptLtgHwEN7fwiCy,0.543132,1.46106,2.7579860000000003,0,2591700,7.197289,Delay-insensitive,2,3.5
112800,ZtliqqWQ6huwwBoA7bEFt79+n9SA4jBixtBzpWNbxDSmFov9BptLtgHwEN7fwiCy,0.6404850000000001,1.558386,2.614572,0,2591700,7.197289,Delay-insensitive,2,3.5
113100,ZtliqqWQ6huwwBoA7bEFt79+n9SA4jBixtBzpWNbxDSmFov9BptLtgHwEN7fwiCy,0.561504,1.372144,2.823267,0,2591700,7.197289,Delay-insensitive,2,3.5
113400,ZtliqqWQ6huwwBoA7bEFt79+n9SA4jBixtBzpWNbxDSmFov9BptLtgHwEN7fwiCy,0.653221,1.519366,2.606271,0,2591700,7.197289,Delay-insensitive,2,3.5
113700,ZtliqqWQ6huwwBoA7bEFt79+n9SA4jBixtBzpWNbxDSmFov9BptLtgHwEN7fwiCy,0.444839,1.458639,2.805434,0,2591700,7.197289,Delay-insensitive,2,3.5
114000,ZtliqqWQ6huwwBoA7bEFt79+n9SA4jBixtBzpWNbxDSmFov9BptLtgHwEN7fwiCy,0.5490229999999999,1.453127,2.270484,0,2591700,7.197289,Delay-insensitive,2,3.5
114300,ZtliqqWQ6huwwBoA7bEFt79+n9SA4jBixtBzpWNbxDSmFov9BptLtgHwEN7fwiCy,0.404618,1.49343,2.649076,0,2591700,7.197289,Delay-insensitive,2,3.5
114600,ZtliqqWQ6huwwBoA7bEFt79+n9SA4jBixtBzpWNbxDSmFov9BptLtgHwEN7fwiCy,0.500922,1.453802,2.663761,0,2591700,7.197289,Delay-insensitive,2,3.5
114900,ZtliqqWQ6huwwBoA7bEFt79+n9SA4jBixtBzpWNbxDSmFov9BptLtgHwEN7fwiCy,0.526378,1.454264,2.486842,0,2591700,7.197289,Delay-insensitive,2,3.5
115200,ZtliqqWQ6huwwBoA7bEFt79+n9SA4jBixtBzpWNbxDSmFov9BptLtgHwEN7fwiCy,0.474184,1.456947,2.683069,0,2591700,7.197289,Delay-insensitive,2,3.5
115500,ZtliqqWQ6huwwBoA7bEFt79+n9SA4jBixtBzpWNbxDSmFov9BptLtgHwEN7fwiCy,0.680747,1.559272,2.626094,0,2591700,7.197289,Delay-insensitive,2,3.5
115800,ZtliqqWQ6huwwBoA7bEFt79+n9SA4jBixtBzpWNbxDSmFov9BptLtgHwEN7fwiCy,0.520968,1.471341,2.530522,0,2591700,7.197289,Delay-insensitive,2,3.5
116100,ZtliqqWQ6huwwBoA7bEFt79+n9SA4jBixtBzpWNbxDSmFov9BptLtgHwEN7fwiCy,0.61624,1.478076,2.859433,0,2591700,7.197289,Delay-insensitive,2,3.5
116400,ZtliqqWQ6huwwBoA7bEFt79+n9SA4jBixtBzpWNbxDSmFov9BptLtgHwEN7fwiCy,0.656198,1.485651,2.31955,0,2591700,7.197289,Delay-insensitive,2,3.5
116700,ZtliqqWQ6huwwBoA7bEFt79+n9SA4jBixtBzpWNbxDSmFov9BptLtgHwEN7fwiCy,0.5745140000000001,1.440786,2.967978,0,2591700,7.197289,Delay-insensitive,2,3.5
117000,ZtliqqWQ6huwwBoA7bEFt79+n9SA4jBixtBzpWNbxDSmFov9BptLtgHwEN7fwiCy,0.536852,1.492692,2.334611,0,2591700,7.197289,Delay-insensitive,2,3.5
117300,ZtliqqWQ6huwwBoA7bEFt79+n9SA4jBixtBzpWNbxDSmFov9BptLtgHwEN7fwiCy,0.59259,1.492913,2.828789,0,2591700,7.197289,Delay-insensitive,2,3.5
117600,ZtliqqWQ6huwwBoA7bEFt79+n9SA4jBixtBzpWNbxDSmFov9BptLtgHwEN7fwiCy,0.5790420000000001,1.437092,2.487319,0,2591700,7.197289,Delay-insensitive,2,3.5
117900,ZtliqqWQ6huwwBoA7bEFt79+n9SA4jBixtBzpWNbxDSmFov9BptLtgHwEN7fwiCy,0.513469,1.470007,2.97552,0,2591700,7.197289,Delay-insensitive,2,3.5
118200,ZtliqqWQ6huwwBoA7bEFt79+n9SA4jBixtBzpWNbxDSmFov9BptLtgHwEN7fwiCy,0.570962,1.566052,2.75944,0,2591700,7.197289,Delay-insensitive,2,3.5
118500,ZtliqqWQ6huwwBoA7bEFt79+n9SA4jBixtBzpWNbxDSmFov9BptLtgHwEN7fwiCy,0.598396,1.428382,2.617791,0,2591700,7.197289,Delay-insensitive,2,3.5
118800,ZtliqqWQ6huwwBoA7bEFt79+n9SA4jBixtBzpWNbxDSmFov9BptLtgHwEN7fwiCy,0.538393,2.532432,12.463412,0,2591700,7.197289,Delay-insensitive,2,3.5
119100,ZtliqqWQ6huwwBoA7bEFt79+n9SA4jBixtBzpWNbxDSmFov9BptLtgHwEN7fwiCy,0.4646399999999999,1.444209,2.408719,0,2591700,7.197289,Delay-insensitive,2,3.5
119400,ZtliqqWQ6huwwBoA7bEFt79+n9SA4jBixtBzpWNbxDSmFov9BptLtgHwEN7fwiCy,0.560926,1.484289,3.038986,0,2591700,7.197289,Delay-insensitive,2,3.5
119700,ZtliqqWQ6huwwBoA7bEFt79+n9SA4jBixtBzpWNbxDSmFov9BptLtgHwEN7fwiCy,0.582175,1.469469,2.33578,0,2591700,7.197289,Delay-insensitive,2,3.5
120000,ZtliqqWQ6huwwBoA7bEFt79+n9SA4jBixtBzpWNbxDSmFov9BptLtgHwEN7fwiCy,0.3952989999999999,1.46025,2.693286,0,2591700,7.197289,Delay-insensitive,2,3.5
120300,ZtliqqWQ6huwwBoA7bEFt79+n9SA4jBixtBzpWNbxDSmFov9BptLtgHwEN7fwiCy,0.549509,1.506011,2.773293,0,2591700,7.197289,Delay-insensitive,2,3.5
120600,ZtliqqWQ6huwwBoA7bEFt79+n9SA4jBixtBzpWNbxDSmFov9BptLtgHwEN7fwiCy,0.584963,1.567832,3.23999,0,2591700,7.197289,Delay-insensitive,2,3.5
120900,ZtliqqWQ6huwwBoA7bEFt79+n9SA4jBixtBzpWNbxDSmFov9BptLtgHwEN7fwiCy,0.584728,1.4935459999999998,2.576285,0,2591700,7.197289,Delay-insensitive,2,3.5
121200,ZtliqqWQ6huwwBoA7bEFt79+n9SA4jBixtBzpWNbxDSmFov9BptLtgHwEN7fwiCy,0.571894,1.575664,2.8256900000000003,0,2591700,7.197289,Delay-insensitive,2,3.5
121500,ZtliqqWQ6huwwBoA7bEFt79+n9SA4jBixtBzpWNbxDSmFov9BptLtgHwEN7fwiCy,0.5831609999999999,1.552871,3.4956940000000003,0,2591700,7.197289,Delay-insensitive,2,3.5
121800,ZtliqqWQ6huwwBoA7bEFt79+n9SA4jBixtBzpWNbxDSmFov9BptLtgHwEN7fwiCy,0.486376,2.278487,7.070376,0,2591700,7.197289,Delay-insensitive,2,3.5
122100,ZtliqqWQ6huwwBoA7bEFt79+n9SA4jBixtBzpWNbxDSmFov9BptLtgHwEN7fwiCy,0.648161,2.067446,6.304883,0,2591700,7.197289,Delay-insensitive,2,3.5
122400,ZtliqqWQ6huwwBoA7bEFt79+n9SA4jBixtBzpWNbxDSmFov9BptLtgHwEN7fwiCy,0.358425,2.549584,9.713228,0,2591700,7.197289,Delay-insensitive,2,3.5
122700,ZtliqqWQ6huwwBoA7bEFt79+n9SA4jBixtBzpWNbxDSmFov9BptLtgHwEN7fwiCy,0.331316,1.50233,2.702851,0,2591700,7.197289,Delay-insensitive,2,3.5
123000,ZtliqqWQ6huwwBoA7bEFt79+n9SA4jBixtBzpWNbxDSmFov9BptLtgHwEN7fwiCy,0.63159,1.40505,2.439766,0,2591700,7.197289,Delay-insensitive,2,3.5
123300,ZtliqqWQ6huwwBoA7bEFt79+n9SA4jBixtBzpWNbxDSmFov9BptLtgHwEN7fwiCy,0.6947949999999999,1.548658,2.576457,0,2591700,7.197289,Delay-insensitive,2,3.5
123600,ZtliqqWQ6huwwBoA7bEFt79+n9SA4jBixtBzpWNbxDSmFov9BptLtgHwEN7fwiCy,0.562926,1.543074,2.710246,0,2591700,7.197289,Delay-insensitive,2,3.5
123900,ZtliqqWQ6huwwBoA7bEFt79+n9SA4jBixtBzpWNbxDSmFov9BptLtgHwEN7fwiCy,0.563391,1.485293,2.548893,0,2591700,7.197289,Delay-insensitive,2,3.5
124200,ZtliqqWQ6huwwBoA7bEFt79+n9SA4jBixtBzpWNbxDSmFov9BptLtgHwEN7fwiCy,0.6481020000000001,1.502584,2.588164,0,2591700,7.197289,Delay-insensitive,2,3.5
124500,ZtliqqWQ6huwwBoA7bEFt79+n9SA4jBixtBzpWNbxDSmFov9BptLtgHwEN7fwiCy,0.666291,1.550504,2.553798,0,2591700,7.197289,Delay-insensitive,2,3.5
124800,ZtliqqWQ6huwwBoA7bEFt79+n9SA4jBixtBzpWNbxDSmFov9BptLtgHwEN7fwiCy,0.586919,1.461266,2.551045,0,2591700,7.197289,Delay-insensitive,2,3.5
125100,ZtliqqWQ6huwwBoA7bEFt79+n9SA4jBixtBzpWNbxDSmFov9BptLtgHwEN7fwiCy,0.710234,1.498384,2.709803,0,2591700,7.197289,Delay-insensitive,2,3.5
125400,ZtliqqWQ6huwwBoA7bEFt79+n9SA4jBixtBzpWNbxDSmFov9BptLtgHwEN7fwiCy,0.357036,1.574268,2.918332,0,2591700,7.197289,Delay-insensitive,2,3.5
125700,ZtliqqWQ6huwwBoA7bEFt79+n9SA4jBixtBzpWNbxDSmFov9BptLtgHwEN7fwiCy,0.520562,1.469083,2.710787,0,2591700,7.197289,Delay-insensitive,2,3.5
126000,ZtliqqWQ6huwwBoA7bEFt79+n9SA4jBixtBzpWNbxDSmFov9BptLtgHwEN7fwiCy,0.7296239999999999,2.654332,17.047738,0,2591700,7.197289,Delay-insensitive,2,3.5
126300,ZtliqqWQ6huwwBoA7bEFt79+n9SA4jBixtBzpWNbxDSmFov9BptLtgHwEN7fwiCy,0.547257,1.485355,2.555323,0,2591700,7.197289,Delay-insensitive,2,3.5
126600,ZtliqqWQ6huwwBoA7bEFt79+n9SA4jBixtBzpWNbxDSmFov9BptLtgHwEN7fwiCy,0.453437,1.406125,2.750451,0,2591700,7.197289,Delay-insensitive,2,3.5
126900,ZtliqqWQ6huwwBoA7bEFt79+n9SA4jBixtBzpWNbxDSmFov9BptLtgHwEN7fwiCy,0.6375430000000001,1.526225,2.72004,0,2591700,7.197289,Delay-insensitive,2,3.5
127200,ZtliqqWQ6huwwBoA7bEFt79+n9SA4jBixtBzpWNbxDSmFov9BptLtgHwEN7fwiCy,0.463817,1.416339,2.325928,0,2591700,7.197289,Delay-insensitive,2,3.5
127500,ZtliqqWQ6huwwBoA7bEFt79+n9SA4jBixtBzpWNbxDSmFov9BptLtgHwEN7fwiCy,0.618905,1.453823,2.673968,0,2591700,7.197289,Delay-insensitive,2,3.5
127800,ZtliqqWQ6huwwBoA7bEFt79+n9SA4jBixtBzpWNbxDSmFov9BptLtgHwEN7fwiCy,0.548445,1.469927,2.991174,0,2591700,7.197289,Delay-insensitive,2,3.5
128100,ZtliqqWQ6huwwBoA7bEFt79+n9SA4jBixtBzpWNbxDSmFov9BptLtgHwEN7fwiCy,0.426588,1.470949,2.559325,0,2591700,7.197289,Delay-insensitive,2,3.5
128400,ZtliqqWQ6huwwBoA7bEFt79+n9SA4jBixtBzpWNbxDSmFov9BptLtgHwEN7fwiCy,0.585911,1.425875,2.342507,0,2591700,7.197289,Delay-insensitive,2,3.5
128700,ZtliqqWQ6huwwBoA7bEFt79+n9SA4jBixtBzpWNbxDSmFov9BptLtgHwEN7fwiCy,0.618252,1.414199,2.635141,0,2591700,7.197289,Delay-insensitive,2,3.5
129000,ZtliqqWQ6huwwBoA7bEFt79+n9SA4jBixtBzpWNbxDSmFov9BptLtgHwEN7fwiCy,0.6829,1.448669,2.350304,0,2591700,7.197289,Delay-insensitive,2,3.5
129300,ZtliqqWQ6huwwBoA7bEFt79+n9SA4jBixtBzpWNbxDSmFov9BptLtgHwEN7fwiCy,0.543892,1.467474,2.736257,0,2591700,7.197289,Delay-insensitive,2,3.5
129600,ZtliqqWQ6huwwBoA7bEFt79+n9SA4jBixtBzpWNbxDSmFov9BptLtgHwEN7fwiCy,0.580248,2.580063,16.247303,0,2591700,7.197289,Delay-insensitive,2,3.5
129900,ZtliqqWQ6huwwBoA7bEFt79+n9SA4jBixtBzpWNbxDSmFov9BptLtgHwEN7fwiCy,0.411103,1.380949,2.215207,0,2591700,7.197289,Delay-insensitive,2,3.5
130200,ZtliqqWQ6huwwBoA7bEFt79+n9SA4jBixtBzpWNbxDSmFov9BptLtgHwEN7fwiCy,0.5373100000000001,1.44028,2.683676,0,2591700,7.197289,Delay-insensitive,2,3.5
130500,ZtliqqWQ6huwwBoA7bEFt79+n9SA4jBixtBzpWNbxDSmFov9BptLtgHwEN7fwiCy,0.6062350000000001,1.412769,2.281944,0,2591700,7.197289,Delay-insensitive,2,3.5
130800,ZtliqqWQ6huwwBoA7bEFt79+n9SA4jBixtBzpWNbxDSmFov9BptLtgHwEN7fwiCy,0.6042310000000001,1.521851,2.201655,0,2591700,7.197289,Delay-insensitive,2,3.5
131100,ZtliqqWQ6huwwBoA7bEFt79+n9SA4jBixtBzpWNbxDSmFov9BptLtgHwEN7fwiCy,0.527289,1.513269,3.258201,0,2591700,7.197289,Delay-insensitive,2,3.5
131400,ZtliqqWQ6huwwBoA7bEFt79+n9SA4jBixtBzpWNbxDSmFov9BptLtgHwEN7fwiCy,0.671844,1.495948,2.62651,0,2591700,7.197289,Delay-insensitive,2,3.5
131700,ZtliqqWQ6huwwBoA7bEFt79+n9SA4jBixtBzpWNbxDSmFov9BptLtgHwEN7fwiCy,0.762469,1.6613099999999998,2.561259,0,2591700,7.197289,Delay-insensitive,2,3.5
132000,ZtliqqWQ6huwwBoA7bEFt79+n9SA4jBixtBzpWNbxDSmFov9BptLtgHwEN7fwiCy,0.4644609999999999,1.477019,2.746634,0,2591700,7.197289,Delay-insensitive,2,3.5
132300,ZtliqqWQ6huwwBoA7bEFt79+n9SA4jBixtBzpWNbxDSmFov9BptLtgHwEN7fwiCy,0.5817180000000001,6.327314,25.932511,0,2591700,7.197289,Delay-insensitive,2,3.5
132600,ZtliqqWQ6huwwBoA7bEFt79+n9SA4jBixtBzpWNbxDSmFov9BptLtgHwEN7fwiCy,0.5261520000000001,1.4959129999999998,3.014157,0,2591700,7.197289,Delay-insensitive,2,3.5
132900,ZtliqqWQ6huwwBoA7bEFt79+n9SA4jBixtBzpWNbxDSmFov9BptLtgHwEN7fwiCy,0.560195,1.535348,2.900245,0,2591700,7.197289,Delay-insensitive,2,3.5
133200,ZtliqqWQ6huwwBoA7bEFt79+n9SA4jBixtBzpWNbxDSmFov9BptLtgHwEN7fwiCy,0.452074,2.445068,9.352508,0,2591700,7.197289,Delay-insensitive,2,3.5
133500,ZtliqqWQ6huwwBoA7bEFt79+n9SA4jBixtBzpWNbxDSmFov9BptLtgHwEN7fwiCy,0.387507,1.459639,3.177906,0,2591700,7.197289,Delay-insensitive,2,3.5
133800,ZtliqqWQ6huwwBoA7bEFt79+n9SA4jBixtBzpWNbxDSmFov9BptLtgHwEN7fwiCy,0.523568,1.556118,2.829312,0,2591700,7.197289,Delay-insensitive,2,3.5
134100,ZtliqqWQ6huwwBoA7bEFt79+n9SA4jBixtBzpWNbxDSmFov9BptLtgHwEN7fwiCy,0.269253,1.401666,2.362775,0,2591700,7.197289,Delay-insensitive,2,3.5
134400,ZtliqqWQ6huwwBoA7bEFt79+n9SA4jBixtBzpWNbxDSmFov9BptLtgHwEN7fwiCy,0.627202,1.515336,2.564378,0,2591700,7.197289,Delay-insensitive,2,3.5
134700,ZtliqqWQ6huwwBoA7bEFt79+n9SA4jBixtBzpWNbxDSmFov9BptLtgHwEN7fwiCy,0.453305,1.467059,2.846938,0,2591700,7.197289,Delay-insensitive,2,3.5
135000,ZtliqqWQ6huwwBoA7bEFt79+n9SA4jBixtBzpWNbxDSmFov9BptLtgHwEN7fwiCy,0.654003,1.470232,2.48405,0,2591700,7.197289,Delay-insensitive,2,3.5
135300,ZtliqqWQ6huwwBoA7bEFt79+n9SA4jBixtBzpWNbxDSmFov9BptLtgHwEN7fwiCy,0.374329,1.434875,2.282716,0,2591700,7.197289,Delay-insensitive,2,3.5
135600,ZtliqqWQ6huwwBoA7bEFt79+n9SA4jBixtBzpWNbxDSmFov9BptLtgHwEN7fwiCy,0.5299550000000001,1.442721,2.919519,0,2591700,7.197289,Delay-insensitive,2,3.5
135900,ZtliqqWQ6huwwBoA7bEFt79+n9SA4jBixtBzpWNbxDSmFov9BptLtgHwEN7fwiCy,0.381015,1.4663620000000002,2.606816,0,2591700,7.197289,Delay-insensitive,2,3.5
136200,ZtliqqWQ6huwwBoA7bEFt79+n9SA4jBixtBzpWNbxDSmFov9BptLtgHwEN7fwiCy,0.560874,1.545072,2.853037,0,2591700,7.197289,Delay-insensitive,2,3.5
136500,ZtliqqWQ6huwwBoA7bEFt79+n9SA4jBixtBzpWNbxDSmFov9BptLtgHwEN7fwiCy,0.627998,1.520948,3.151514,0,2591700,7.197289,Delay-insensitive,2,3.5
136800,ZtliqqWQ6huwwBoA7bEFt79+n9SA4jBixtBzpWNbxDSmFov9BptLtgHwEN7fwiCy,0.346168,2.490496,17.867762,0,2591700,7.197289,Delay-insensitive,2,3.5
137100,ZtliqqWQ6huwwBoA7bEFt79+n9SA4jBixtBzpWNbxDSmFov9BptLtgHwEN7fwiCy,0.595344,1.562507,2.691539,0,2591700,7.197289,Delay-insensitive,2,3.5
137400,ZtliqqWQ6huwwBoA7bEFt79+n9SA4jBixtBzpWNbxDSmFov9BptLtgHwEN7fwiCy,0.2515219999999999,1.401552,2.306738,0,2591700,7.197289,Delay-insensitive,2,3.5
137700,ZtliqqWQ6huwwBoA7bEFt79+n9SA4jBixtBzpWNbxDSmFov9BptLtgHwEN7fwiCy,0.5329729999999999,1.466259,2.551025,0,2591700,7.197289,Delay-insensitive,2,3.5
138000,ZtliqqWQ6huwwBoA7bEFt79+n9SA4jBixtBzpWNbxDSmFov9BptLtgHwEN7fwiCy,0.5902689999999999,1.542348,2.768968,0,2591700,7.197289,Delay-insensitive,2,3.5
138300,ZtliqqWQ6huwwBoA7bEFt79+n9SA4jBixtBzpWNbxDSmFov9BptLtgHwEN7fwiCy,0.594312,1.740935,4.084979,0,2591700,7.197289,Delay-insensitive,2,3.5
138600,ZtliqqWQ6huwwBoA7bEFt79+n9SA4jBixtBzpWNbxDSmFov9BptLtgHwEN7fwiCy,0.481608,1.4366,2.464305,0,2591700,7.197289,Delay-insensitive,2,3.5
138900,ZtliqqWQ6huwwBoA7bEFt79+n9SA4jBixtBzpWNbxDSmFov9BptLtgHwEN7fwiCy,0.285151,1.414291,2.2524990000000003,0,2591700,7.197289,Delay-insensitive,2,3.5
139200,ZtliqqWQ6huwwBoA7bEFt79+n9SA4jBixtBzpWNbxDSmFov9BptLtgHwEN7fwiCy,0.523664,1.506685,2.6754330000000004,0,2591700,7.197289,Delay-insensitive,2,3.5
139500,ZtliqqWQ6huwwBoA7bEFt79+n9SA4jBixtBzpWNbxDSmFov9BptLtgHwEN7fwiCy,0.409496,1.426979,2.858738,0,2591700,7.197289,Delay-insensitive,2,3.5
139800,ZtliqqWQ6huwwBoA7bEFt79+n9SA4jBixtBzpWNbxDSmFov9BptLtgHwEN7fwiCy,0.570516,1.5459120000000002,2.819432,0,2591700,7.197289,Delay-insensitive,2,3.5
140100,ZtliqqWQ6huwwBoA7bEFt79+n9SA4jBixtBzpWNbxDSmFov9BptLtgHwEN7fwiCy,0.5793689999999999,1.488683,2.947796,0,2591700,7.197289,Delay-insensitive,2,3.5
140400,ZtliqqWQ6huwwBoA7bEFt79+n9SA4jBixtBzpWNbxDSmFov9BptLtgHwEN7fwiCy,0.581802,3.879304,17.85572,0,2591700,7.197289,Delay-insensitive,2,3.5
140700,ZtliqqWQ6huwwBoA7bEFt79+n9SA4jBixtBzpWNbxDSmFov9BptLtgHwEN7fwiCy,0.406546,1.522953,2.609944,0,2591700,7.197289,Delay-insensitive,2,3.5
141000,ZtliqqWQ6huwwBoA7bEFt79+n9SA4jBixtBzpWNbxDSmFov9BptLtgHwEN7fwiCy,0.510454,1.435797,2.435152,0,2591700,7.197289,Delay-insensitive,2,3.5
141300,ZtliqqWQ6huwwBoA7bEFt79+n9SA4jBixtBzpWNbxDSmFov9BptLtgHwEN7fwiCy,0.462708,1.351662,2.382953,0,2591700,7.197289,Delay-insensitive,2,3.5
141600,ZtliqqWQ6huwwBoA7bEFt79+n9SA4jBixtBzpWNbxDSmFov9BptLtgHwEN7fwiCy,0.289436,1.481491,2.7698270000000003,0,2591700,7.197289,Delay-insensitive,2,3.5
141900,ZtliqqWQ6huwwBoA7bEFt79+n9SA4jBixtBzpWNbxDSmFov9BptLtgHwEN7fwiCy,0.524315,1.609316,2.780609,0,2591700,7.197289,Delay-insensitive,2,3.5
142200,ZtliqqWQ6huwwBoA7bEFt79+n9SA4jBixtBzpWNbxDSmFov9BptLtgHwEN7fwiCy,0.45708,1.417223,2.407376,0,2591700,7.197289,Delay-insensitive,2,3.5
142500,ZtliqqWQ6huwwBoA7bEFt79+n9SA4jBixtBzpWNbxDSmFov9BptLtgHwEN7fwiCy,0.6421479999999999,1.568814,2.403002,0,2591700,7.197289,Delay-insensitive,2,3.5
142800,ZtliqqWQ6huwwBoA7bEFt79+n9SA4jBixtBzpWNbxDSmFov9BptLtgHwEN7fwiCy,0.6002430000000001,1.4846549999999998,3.15472,0,2591700,7.197289,Delay-insensitive,2,3.5
143100,ZtliqqWQ6huwwBoA7bEFt79+n9SA4jBixtBzpWNbxDSmFov9BptLtgHwEN7fwiCy,0.563159,1.508614,2.801872,0,2591700,7.197289,Delay-insensitive,2,3.5
143400,ZtliqqWQ6huwwBoA7bEFt79+n9SA4jBixtBzpWNbxDSmFov9BptLtgHwEN7fwiCy,0.531043,1.461938,2.275727,0,2591700,7.197289,Delay-insensitive,2,3.5
143700,ZtliqqWQ6huwwBoA7bEFt79+n9SA4jBixtBzpWNbxDSmFov9BptLtgHwEN7fwiCy,0.597739,1.590766,2.631508,0,2591700,7.197289,Delay-insensitive,2,3.5
144000,ZtliqqWQ6huwwBoA7bEFt79+n9SA4jBixtBzpWNbxDSmFov9BptLtgHwEN7fwiCy,0.570272,2.118967,8.728365,0,2591700,7.197289,Delay-insensitive,2,3.5
144300,ZtliqqWQ6huwwBoA7bEFt79+n9SA4jBixtBzpWNbxDSmFov9BptLtgHwEN7fwiCy,0.625138,1.903882,5.658129,0,2591700,7.197289,Delay-insensitive,2,3.5
144600,ZtliqqWQ6huwwBoA7bEFt79+n9SA4jBixtBzpWNbxDSmFov9BptLtgHwEN7fwiCy,0.610408,1.462056,2.718261,0,2591700,7.197289,Delay-insensitive,2,3.5
144900,ZtliqqWQ6huwwBoA7bEFt79+n9SA4jBixtBzpWNbxDSmFov9BptLtgHwEN7fwiCy,0.56729,1.441224,2.280263,0,2591700,7.197289,Delay-insensitive,2,3.5
145200,ZtliqqWQ6huwwBoA7bEFt79+n9SA4jBixtBzpWNbxDSmFov9BptLtgHwEN7fwiCy,0.535025,1.498262,2.876733,0,2591700,7.197289,Delay-insensitive,2,3.5
145500,ZtliqqWQ6huwwBoA7bEFt79+n9SA4jBixtBzpWNbxDSmFov9BptLtgHwEN7fwiCy,0.3087519999999999,1.438202,2.770336,0,2591700,7.197289,Delay-insensitive,2,3.5
145800,ZtliqqWQ6huwwBoA7bEFt79+n9SA4jBixtBzpWNbxDSmFov9BptLtgHwEN7fwiCy,0.598082,1.550108,2.9334130000000003,0,2591700,7.197289,Delay-insensitive,2,3.5
146100,ZtliqqWQ6huwwBoA7bEFt79+n9SA4jBixtBzpWNbxDSmFov9BptLtgHwEN7fwiCy,0.426571,1.4485709999999998,2.278086,0,2591700,7.197289,Delay-insensitive,2,3.5
146400,ZtliqqWQ6huwwBoA7bEFt79+n9SA4jBixtBzpWNbxDSmFov9BptLtgHwEN7fwiCy,0.53957,1.466962,2.6428130000000003,0,2591700,7.197289,Delay-insensitive,2,3.5
146700,ZtliqqWQ6huwwBoA7bEFt79+n9SA4jBixtBzpWNbxDSmFov9BptLtgHwEN7fwiCy,0.5615760000000001,2.318334,10.446674,0,2591700,7.197289,Delay-insensitive,2,3.5
147000,ZtliqqWQ6huwwBoA7bEFt79+n9SA4jBixtBzpWNbxDSmFov9BptLtgHwEN7fwiCy,0.56722,1.444259,2.412701,0,2591700,7.197289,Delay-insensitive,2,3.5
147300,ZtliqqWQ6huwwBoA7bEFt79+n9SA4jBixtBzpWNbxDSmFov9BptLtgHwEN7fwiCy,0.565602,2.680859,17.332042,0,2591700,7.197289,Delay-insensitive,2,3.5
147600,ZtliqqWQ6huwwBoA7bEFt79+n9SA4jBixtBzpWNbxDSmFov9BptLtgHwEN7fwiCy,0.344876,1.498965,2.75126,0,2591700,7.197289,Delay-insensitive,2,3.5
147900,ZtliqqWQ6huwwBoA7bEFt79+n9SA4jBixtBzpWNbxDSmFov9BptLtgHwEN7fwiCy,0.6106159999999999,2.534452,14.971817,0,2591700,7.197289,Delay-insensitive,2,3.5
148200,ZtliqqWQ6huwwBoA7bEFt79+n9SA4jBixtBzpWNbxDSmFov9BptLtgHwEN7fwiCy,0.4665729999999999,1.478888,2.638506,0,2591700,7.197289,Delay-insensitive,2,3.5
148500,ZtliqqWQ6huwwBoA7bEFt79+n9SA4jBixtBzpWNbxDSmFov9BptLtgHwEN7fwiCy,0.600528,1.516254,2.956043,0,2591700,7.197289,Delay-insensitive,2,3.5
148800,ZtliqqWQ6huwwBoA7bEFt79+n9SA4jBixtBzpWNbxDSmFov9BptLtgHwEN7fwiCy,0.356765,1.437025,2.364822,0,2591700,7.197289,Delay-insensitive,2,3.5
149100,ZtliqqWQ6huwwBoA7bEFt79+n9SA4jBixtBzpWNbxDSmFov9BptLtgHwEN7fwiCy,0.501848,1.374868,2.224243,0,2591700,7.197289,Delay-insensitive,2,3.5
149400,ZtliqqWQ6huwwBoA7bEFt79+n9SA4jBixtBzpWNbxDSmFov9BptLtgHwEN7fwiCy,0.302894,1.332012,2.360714,0,2591700,7.197289,Delay-insensitive,2,3.5
149700,ZtliqqWQ6huwwBoA7bEFt79+n9SA4jBixtBzpWNbxDSmFov9BptLtgHwEN7fwiCy,0.582399,1.436029,2.2726040000000003,0,2591700,7.197289,Delay-insensitive,2,3.5
150000,ZtliqqWQ6huwwBoA7bEFt79+n9SA4jBixtBzpWNbxDSmFov9BptLtgHwEN7fwiCy,0.569587,1.457174,2.752793,0,2591700,7.197289,Delay-insensitive,2,3.5
150300,ZtliqqWQ6huwwBoA7bEFt79+n9SA4jBixtBzpWNbxDSmFov9BptLtgHwEN7fwiCy,0.4799779999999999,1.3952129999999998,2.308438,0,2591700,7.197289,Delay-insensitive,2,3.5
150600,ZtliqqWQ6huwwBoA7bEFt79+n9SA4jBixtBzpWNbxDSmFov9BptLtgHwEN7fwiCy,0.566819,1.44523,2.200392,0,2591700,7.197289,Delay-insensitive,2,3.5
150900,ZtliqqWQ6huwwBoA7bEFt79+n9SA4jBixtBzpWNbxDSmFov9BptLtgHwEN7fwiCy,0.544067,1.482427,2.310709,0,2591700,7.197289,Delay-insensitive,2,3.5
151200,ZtliqqWQ6huwwBoA7bEFt79+n9SA4jBixtBzpWNbxDSmFov9BptLtgHwEN7fwiCy,0.57258,1.521362,2.702541,0,2591700,7.197289,Delay-insensitive,2,3.5
151500,ZtliqqWQ6huwwBoA7bEFt79+n9SA4jBixtBzpWNbxDSmFov9BptLtgHwEN7fwiCy,0.588851,2.5977650000000003,17.138568,0,2591700,7.197289,Delay-insensitive,2,3.5
151800,ZtliqqWQ6huwwBoA7bEFt79+n9SA4jBixtBzpWNbxDSmFov9BptLtgHwEN7fwiCy,0.6015189999999999,1.481054,2.259541,0,2591700,7.197289,Delay-insensitive,2,3.5
152100,ZtliqqWQ6huwwBoA7bEFt79+n9SA4jBixtBzpWNbxDSmFov9BptLtgHwEN7fwiCy,0.526012,1.425182,2.540577,0,2591700,7.197289,Delay-insensitive,2,3.5
152400,ZtliqqWQ6huwwBoA7bEFt79+n9SA4jBixtBzpWNbxDSmFov9BptLtgHwEN7fwiCy,0.607684,1.583132,3.061571,0,2591700,7.197289,Delay-insensitive,2,3.5
152700,ZtliqqWQ6huwwBoA7bEFt79+n9SA4jBixtBzpWNbxDSmFov9BptLtgHwEN7fwiCy,0.519708,1.621022,4.153143,0,2591700,7.197289,Delay-insensitive,2,3.5
153000,ZtliqqWQ6huwwBoA7bEFt79+n9SA4jBixtBzpWNbxDSmFov9BptLtgHwEN7fwiCy,0.52342,1.515788,2.475167,0,2591700,7.197289,Delay-insensitive,2,3.5
153300,ZtliqqWQ6huwwBoA7bEFt79+n9SA4jBixtBzpWNbxDSmFov9BptLtgHwEN7fwiCy,0.638542,1.502605,2.109638,0,2591700,7.197289,Delay-insensitive,2,3.5
153600,ZtliqqWQ6huwwBoA7bEFt79+n9SA4jBixtBzpWNbxDSmFov9BptLtgHwEN7fwiCy,0.485893,1.383875,2.222327,0,2591700,7.197289,Delay-insensitive,2,3.5
153900,ZtliqqWQ6huwwBoA7bEFt79+n9SA4jBixtBzpWNbxDSmFov9BptLtgHwEN7fwiCy,0.568916,1.5381280000000002,2.641849,0,2591700,7.197289,Delay-insensitive,2,3.5
154200,ZtliqqWQ6huwwBoA7bEFt79+n9SA4jBixtBzpWNbxDSmFov9BptLtgHwEN7fwiCy,0.530872,1.420968,2.397749,0,2591700,7.197289,Delay-insensitive,2,3.5
154500,ZtliqqWQ6huwwBoA7bEFt79+n9SA4jBixtBzpWNbxDSmFov9BptLtgHwEN7fwiCy,0.587394,1.448876,2.420528,0,2591700,7.197289,Delay-insensitive,2,3.5
154800,ZtliqqWQ6huwwBoA7bEFt79+n9SA4jBixtBzpWNbxDSmFov9BptLtgHwEN7fwiCy,0.403148,1.483533,2.6388830000000003,0,2591700,7.197289,Delay-insensitive,2,3.5
155100,ZtliqqWQ6huwwBoA7bEFt79+n9SA4jBixtBzpWNbxDSmFov9BptLtgHwEN7fwiCy,0.7004239999999999,2.454374,13.372449,0,2591700,7.197289,Delay-insensitive,2,3.5
155400,ZtliqqWQ6huwwBoA7bEFt79+n9SA4jBixtBzpWNbxDSmFov9BptLtgHwEN7fwiCy,0.4431,1.471604,2.546109,0,2591700,7.197289,Delay-insensitive,2,3.5
155700,ZtliqqWQ6huwwBoA7bEFt79+n9SA4jBixtBzpWNbxDSmFov9BptLtgHwEN7fwiCy,0.535195,1.494471,2.620865,0,2591700,7.197289,Delay-insensitive,2,3.5
156000,ZtliqqWQ6huwwBoA7bEFt79+n9SA4jBixtBzpWNbxDSmFov9BptLtgHwEN7fwiCy,0.618747,1.476011,2.263164,0,2591700,7.197289,Delay-insensitive,2,3.5
156300,ZtliqqWQ6huwwBoA7bEFt79+n9SA4jBixtBzpWNbxDSmFov9BptLtgHwEN7fwiCy,0.349065,1.388287,2.890344,0,2591700,7.197289,Delay-insensitive,2,3.5
156600,ZtliqqWQ6huwwBoA7bEFt79+n9SA4jBixtBzpWNbxDSmFov9BptLtgHwEN7fwiCy,0.5452199999999999,1.519705,2.92156,0,2591700,7.197289,Delay-insensitive,2,3.5
156900,ZtliqqWQ6huwwBoA7bEFt79+n9SA4jBixtBzpWNbxDSmFov9BptLtgHwEN7fwiCy,0.390659,1.421427,2.278271,0,2591700,7.197289,Delay-insensitive,2,3.5
157200,ZtliqqWQ6huwwBoA7bEFt79+n9SA4jBixtBzpWNbxDSmFov9BptLtgHwEN7fwiCy,0.5323140000000001,1.445034,2.851146,0,2591700,7.197289,Delay-insensitive,2,3.5
157500,ZtliqqWQ6huwwBoA7bEFt79+n9SA4jBixtBzpWNbxDSmFov9BptLtgHwEN7fwiCy,0.480377,1.263841,2.236571,0,2591700,7.197289,Delay-insensitive,2,3.5
157800,ZtliqqWQ6huwwBoA7bEFt79+n9SA4jBixtBzpWNbxDSmFov9BptLtgHwEN7fwiCy,0.686253,1.525996,2.429935,0,2591700,7.197289,Delay-insensitive,2,3.5
158100,ZtliqqWQ6huwwBoA7bEFt79+n9SA4jBixtBzpWNbxDSmFov9BptLtgHwEN7fwiCy,0.6196520000000001,1.45345,2.188271,0,2591700,7.197289,Delay-insensitive,2,3.5
158400,ZtliqqWQ6huwwBoA7bEFt79+n9SA4jBixtBzpWNbxDSmFov9BptLtgHwEN7fwiCy,0.362255,1.544542,2.896626,0,2591700,7.197289,Delay-insensitive,2,3.5
158700,ZtliqqWQ6huwwBoA7bEFt79+n9SA4jBixtBzpWNbxDSmFov9BptLtgHwEN7fwiCy,0.614075,2.556341,18.327239,0,2591700,7.197289,Delay-insensitive,2,3.5
159000,ZtliqqWQ6huwwBoA7bEFt79+n9SA4jBixtBzpWNbxDSmFov9BptLtgHwEN7fwiCy,0.327329,1.377321,2.653237,0,2591700,7.197289,Delay-insensitive,2,3.5
159300,ZtliqqWQ6huwwBoA7bEFt79+n9SA4jBixtBzpWNbxDSmFov9BptLtgHwEN7fwiCy,0.534824,1.519177,2.781605,0,2591700,7.197289,Delay-insensitive,2,3.5
159600,ZtliqqWQ6huwwBoA7bEFt79+n9SA4jBixtBzpWNbxDSmFov9BptLtgHwEN7fwiCy,0.475934,1.476058,2.462656,0,2591700,7.197289,Delay-insensitive,2,3.5
159900,ZtliqqWQ6huwwBoA7bEFt79+n9SA4jBixtBzpWNbxDSmFov9BptLtgHwEN7fwiCy,0.526995,1.467735,2.370488,0,2591700,7.197289,Delay-insensitive,2,3.5
160200,ZtliqqWQ6huwwBoA7bEFt79+n9SA4jBixtBzpWNbxDSmFov9BptLtgHwEN7fwiCy,0.645567,1.427708,2.525489,0,2591700,7.197289,Delay-insensitive,2,3.5
160500,ZtliqqWQ6huwwBoA7bEFt79+n9SA4jBixtBzpWNbxDSmFov9BptLtgHwEN7fwiCy,0.678108,1.584091,2.381065,0,2591700,7.197289,Delay-insensitive,2,3.5
160800,ZtliqqWQ6huwwBoA7bEFt79+n9SA4jBixtBzpWNbxDSmFov9BptLtgHwEN7fwiCy,0.530328,1.492624,2.34801,0,2591700,7.197289,Delay-insensitive,2,3.5
161100,ZtliqqWQ6huwwBoA7bEFt79+n9SA4jBixtBzpWNbxDSmFov9BptLtgHwEN7fwiCy,0.5996229999999999,5.751009,23.62054,0,2591700,7.197289,Delay-insensitive,2,3.5
161400,ZtliqqWQ6huwwBoA7bEFt79+n9SA4jBixtBzpWNbxDSmFov9BptLtgHwEN7fwiCy,0.636043,1.648981,2.598193,0,2591700,7.197289,Delay-insensitive,2,3.5
161700,ZtliqqWQ6huwwBoA7bEFt79+n9SA4jBixtBzpWNbxDSmFov9BptLtgHwEN7fwiCy,0.614308,1.439632,2.923779,0,2591700,7.197289,Delay-insensitive,2,3.5
162000,ZtliqqWQ6huwwBoA7bEFt79+n9SA4jBixtBzpWNbxDSmFov9BptLtgHwEN7fwiCy,0.6502600000000001,1.583885,2.74148,0,2591700,7.197289,Delay-insensitive,2,3.5
162300,ZtliqqWQ6huwwBoA7bEFt79+n9SA4jBixtBzpWNbxDSmFov9BptLtgHwEN7fwiCy,0.5405310000000001,2.589719,12.781096,0,2591700,7.197289,Delay-insensitive,2,3.5
162600,ZtliqqWQ6huwwBoA7bEFt79+n9SA4jBixtBzpWNbxDSmFov9BptLtgHwEN7fwiCy,0.6447729999999999,1.473394,2.34007,0,2591700,7.197289,Delay-insensitive,2,3.5
162900,ZtliqqWQ6huwwBoA7bEFt79+n9SA4jBixtBzpWNbxDSmFov9BptLtgHwEN7fwiCy,0.4807229999999999,1.360423,2.29542,0,2591700,7.197289,Delay-insensitive,2,3.5
163200,ZtliqqWQ6huwwBoA7bEFt79+n9SA4jBixtBzpWNbxDSmFov9BptLtgHwEN7fwiCy,0.670413,1.444572,2.30821,0,2591700,7.197289,Delay-insensitive,2,3.5
163500,ZtliqqWQ6huwwBoA7bEFt79+n9SA4jBixtBzpWNbxDSmFov9BptLtgHwEN7fwiCy,0.522699,1.431401,2.111639,0,2591700,7.197289,Delay-insensitive,2,3.5
163800,ZtliqqWQ6huwwBoA7bEFt79+n9SA4jBixtBzpWNbxDSmFov9BptLtgHwEN7fwiCy,0.552566,1.462831,2.4891240000000003,0,2591700,7.197289,Delay-insensitive,2,3.5
164100,ZtliqqWQ6huwwBoA7bEFt79+n9SA4jBixtBzpWNbxDSmFov9BptLtgHwEN7fwiCy,0.703155,1.500133,2.593354,0,2591700,7.197289,Delay-insensitive,2,3.5
164400,ZtliqqWQ6huwwBoA7bEFt79+n9SA4jBixtBzpWNbxDSmFov9BptLtgHwEN7fwiCy,0.609996,1.355207,2.368792,0,2591700,7.197289,Delay-insensitive,2,3.5
164700,ZtliqqWQ6huwwBoA7bEFt79+n9SA4jBixtBzpWNbxDSmFov9BptLtgHwEN7fwiCy,0.534184,1.551541,2.699422,0,2591700,7.197289,Delay-insensitive,2,3.5
165000,ZtliqqWQ6huwwBoA7bEFt79+n9SA4jBixtBzpWNbxDSmFov9BptLtgHwEN7fwiCy,0.347919,1.47648,2.548284,0,2591700,7.197289,Delay-insensitive,2,3.5
165300,ZtliqqWQ6huwwBoA7bEFt79+n9SA4jBixtBzpWNbxDSmFov9BptLtgHwEN7fwiCy,0.546035,1.544663,2.57378,0,2591700,7.197289,Delay-insensitive,2,3.5
165600,ZtliqqWQ6huwwBoA7bEFt79+n9SA4jBixtBzpWNbxDSmFov9BptLtgHwEN7fwiCy,0.385177,1.460854,2.600688,0,2591700,7.197289,Delay-insensitive,2,3.5
165900,ZtliqqWQ6huwwBoA7bEFt79+n9SA4jBixtBzpWNbxDSmFov9BptLtgHwEN7fwiCy,0.666704,2.626026,13.024031,0,2591700,7.197289,Delay-insensitive,2,3.5
166200,ZtliqqWQ6huwwBoA7bEFt79+n9SA4jBixtBzpWNbxDSmFov9BptLtgHwEN7fwiCy,0.359566,1.356329,2.726824,0,2591700,7.197289,Delay-insensitive,2,3.5
166500,ZtliqqWQ6huwwBoA7bEFt79+n9SA4jBixtBzpWNbxDSmFov9BptLtgHwEN7fwiCy,0.50093,1.295959,2.60705,0,2591700,7.197289,Delay-insensitive,2,3.5
166800,ZtliqqWQ6huwwBoA7bEFt79+n9SA4jBixtBzpWNbxDSmFov9BptLtgHwEN7fwiCy,0.732314,1.600073,2.297226,0,2591700,7.197289,Delay-insensitive,2,3.5
167100,ZtliqqWQ6huwwBoA7bEFt79+n9SA4jBixtBzpWNbxDSmFov9BptLtgHwEN7fwiCy,0.530315,1.403219,2.456823,0,2591700,7.197289,Delay-insensitive,2,3.5
167400,ZtliqqWQ6huwwBoA7bEFt79+n9SA4jBixtBzpWNbxDSmFov9BptLtgHwEN7fwiCy,0.607803,1.491289,3.004605,0,2591700,7.197289,Delay-insensitive,2,3.5
167700,ZtliqqWQ6huwwBoA7bEFt79+n9SA4jBixtBzpWNbxDSmFov9BptLtgHwEN7fwiCy,0.450437,1.341479,2.309309,0,2591700,7.197289,Delay-insensitive,2,3.5
168000,ZtliqqWQ6huwwBoA7bEFt79+n9SA4jBixtBzpWNbxDSmFov9BptLtgHwEN7fwiCy,0.489363,1.410734,2.432466,0,2591700,7.197289,Delay-insensitive,2,3.5
168300,ZtliqqWQ6huwwBoA7bEFt79+n9SA4jBixtBzpWNbxDSmFov9BptLtgHwEN7fwiCy,0.581952,1.44205,2.5691200000000003,0,2591700,7.197289,Delay-insensitive,2,3.5
168600,ZtliqqWQ6huwwBoA7bEFt79+n9SA4jBixtBzpWNbxDSmFov9BptLtgHwEN7fwiCy,0.683559,1.444142,2.297541,0,2591700,7.197289,Delay-insensitive,2,3.5
168900,ZtliqqWQ6huwwBoA7bEFt79+n9SA4jBixtBzpWNbxDSmFov9BptLtgHwEN7fwiCy,0.539149,1.436167,2.712324,0,2591700,7.197289,Delay-insensitive,2,3.5
169200,ZtliqqWQ6huwwBoA7bEFt79+n9SA4jBixtBzpWNbxDSmFov9BptLtgHwEN7fwiCy,0.316523,1.46068,2.5410470000000003,0,2591700,7.197289,Delay-insensitive,2,3.5
169500,ZtliqqWQ6huwwBoA7bEFt79+n9SA4jBixtBzpWNbxDSmFov9BptLtgHwEN7fwiCy,0.554713,2.481553,12.658386,0,2591700,7.197289,Delay-insensitive,2,3.5
169800,ZtliqqWQ6huwwBoA7bEFt79+n9SA4jBixtBzpWNbxDSmFov9BptLtgHwEN7fwiCy,0.266869,1.298584,2.677775,0,2591700,7.197289,Delay-insensitive,2,3.5
170100,ZtliqqWQ6huwwBoA7bEFt79+n9SA4jBixtBzpWNbxDSmFov9BptLtgHwEN7fwiCy,0.626386,1.464259,2.425253,0,2591700,7.197289,Delay-insensitive,2,3.5
170400,ZtliqqWQ6huwwBoA7bEFt79+n9SA4jBixtBzpWNbxDSmFov9BptLtgHwEN7fwiCy,0.4239479999999999,1.425335,2.462864,0,2591700,7.197289,Delay-insensitive,2,3.5
170700,ZtliqqWQ6huwwBoA7bEFt79+n9SA4jBixtBzpWNbxDSmFov9BptLtgHwEN7fwiCy,0.6052420000000001,1.528431,3.2049950000000003,0,2591700,7.197289,Delay-insensitive,2,3.5
171000,ZtliqqWQ6huwwBoA7bEFt79+n9SA4jBixtBzpWNbxDSmFov9BptLtgHwEN7fwiCy,0.5567880000000001,1.299401,2.400875,0,2591700,7.197289,Delay-insensitive,2,3.5
171300,ZtliqqWQ6huwwBoA7bEFt79+n9SA4jBixtBzpWNbxDSmFov9BptLtgHwEN7fwiCy,0.551189,1.372709,2.921512,0,2591700,7.197289,Delay-insensitive,2,3.5
171600,ZtliqqWQ6huwwBoA7bEFt79+n9SA4jBixtBzpWNbxDSmFov9BptLtgHwEN7fwiCy,0.501542,1.362861,2.866837,0,2591700,7.197289,Delay-insensitive,2,3.5
171900,ZtliqqWQ6huwwBoA7bEFt79+n9SA4jBixtBzpWNbxDSmFov9BptLtgHwEN7fwiCy,0.504447,1.267728,2.307885,0,2591700,7.197289,Delay-insensitive,2,3.5
172200,ZtliqqWQ6huwwBoA7bEFt79+n9SA4jBixtBzpWNbxDSmFov9BptLtgHwEN7fwiCy,0.504501,1.40913,2.314396,0,2591700,7.197289,Delay-insensitive,2,3.5
172500,ZtliqqWQ6huwwBoA7bEFt79+n9SA4jBixtBzpWNbxDSmFov9BptLtgHwEN7fwiCy,0.4751039999999999,1.254677,2.117901,0,2591700,7.197289,Delay-insensitive,2,3.5
172800,ZtliqqWQ6huwwBoA7bEFt79+n9SA4jBixtBzpWNbxDSmFov9BptLtgHwEN7fwiCy,0.454506,1.381106,2.590196,0,2591700,7.197289,Delay-insensitive,2,3.5
173100,ZtliqqWQ6huwwBoA7bEFt79+n9SA4jBixtBzpWNbxDSmFov9BptLtgHwEN7fwiCy,0.420805,2.349737,16.249866,0,2591700,7.197289,Delay-insensitive,2,3.5
173400,ZtliqqWQ6huwwBoA7bEFt79+n9SA4jBixtBzpWNbxDSmFov9BptLtgHwEN7fwiCy,0.5304180000000001,1.460134,2.970375,0,2591700,7.197289,Delay-insensitive,2,3.5
173700,ZtliqqWQ6huwwBoA7bEFt79+n9SA4jBixtBzpWNbxDSmFov9BptLtgHwEN7fwiCy,0.517478,1.305116,2.33656,0,2591700,7.197289,Delay-insensitive,2,3.5
174000,ZtliqqWQ6huwwBoA7bEFt79+n9SA4jBixtBzpWNbxDSmFov9BptLtgHwEN7fwiCy,0.557978,1.400874,2.600694,0,2591700,7.197289,Delay-insensitive,2,3.5
174300,ZtliqqWQ6huwwBoA7bEFt79+n9SA4jBixtBzpWNbxDSmFov9BptLtgHwEN7fwiCy,0.388153,1.323741,1.970667,0,2591700,7.197289,Delay-insensitive,2,3.5
174600,ZtliqqWQ6huwwBoA7bEFt79+n9SA4jBixtBzpWNbxDSmFov9BptLtgHwEN7fwiCy,0.321737,1.457848,3.323138,0,2591700,7.197289,Delay-insensitive,2,3.5
174900,ZtliqqWQ6huwwBoA7bEFt79+n9SA4jBixtBzpWNbxDSmFov9BptLtgHwEN7fwiCy,0.629966,1.417013,2.796034,0,2591700,7.197289,Delay-insensitive,2,3.5
175200,ZtliqqWQ6huwwBoA7bEFt79+n9SA4jBixtBzpWNbxDSmFov9BptLtgHwEN7fwiCy,0.4314989999999999,1.298608,2.30153,0,2591700,7.197289,Delay-insensitive,2,3.5
175500,ZtliqqWQ6huwwBoA7bEFt79+n9SA4jBixtBzpWNbxDSmFov9BptLtgHwEN7fwiCy,0.467767,1.393954,2.235563,0,2591700,7.197289,Delay-insensitive,2,3.5
175800,ZtliqqWQ6huwwBoA7bEFt79+n9SA4jBixtBzpWNbxDSmFov9BptLtgHwEN7fwiCy,0.231338,1.228734,2.114573,0,2591700,7.197289,Delay-insensitive,2,3.5
176100,ZtliqqWQ6huwwBoA7bEFt79+n9SA4jBixtBzpWNbxDSmFov9BptLtgHwEN7fwiCy,0.506336,1.40518,2.266607,0,2591700,7.197289,Delay-insensitive,2,3.5
176400,ZtliqqWQ6huwwBoA7bEFt79+n9SA4jBixtBzpWNbxDSmFov9BptLtgHwEN7fwiCy,0.322665,1.259845,2.601363,0,2591700,7.197289,Delay-insensitive,2,3.5
176700,ZtliqqWQ6huwwBoA7bEFt79+n9SA4jBixtBzpWNbxDSmFov9BptLtgHwEN7fwiCy,0.499882,2.412054,13.887139,0,2591700,7.197289,Delay-insensitive,2,3.5
177000,ZtliqqWQ6huwwBoA7bEFt79+n9SA4jBixtBzpWNbxDSmFov9BptLtgHwEN7fwiCy,0.256502,1.242199,2.368072,0,2591700,7.197289,Delay-insensitive,2,3.5
177300,ZtliqqWQ6huwwBoA7bEFt79+n9SA4jBixtBzpWNbxDSmFov9BptLtgHwEN7fwiCy,0.243961,1.3012629999999998,2.192719,0,2591700,7.197289,Delay-insensitive,2,3.5
177600,ZtliqqWQ6huwwBoA7bEFt79+n9SA4jBixtBzpWNbxDSmFov9BptLtgHwEN7fwiCy,0.5912850000000001,1.415893,2.495005,0,2591700,7.197289,Delay-insensitive,2,3.5
177900,ZtliqqWQ6huwwBoA7bEFt79+n9SA4jBixtBzpWNbxDSmFov9BptLtgHwEN7fwiCy,0.2255489999999999,1.298857,2.311043,0,2591700,7.197289,Delay-insensitive,2,3.5
178200,ZtliqqWQ6huwwBoA7bEFt79+n9SA4jBixtBzpWNbxDSmFov9BptLtgHwEN7fwiCy,0.623533,1.318784,2.444151,0,2591700,7.197289,Delay-insensitive,2,3.5
178500,ZtliqqWQ6huwwBoA7bEFt79+n9SA4jBixtBzpWNbxDSmFov9BptLtgHwEN7fwiCy,0.3345079999999999,1.366712,2.572308,0,2591700,7.197289,Delay-insensitive,2,3.5
178800,ZtliqqWQ6huwwBoA7bEFt79+n9SA4jBixtBzpWNbxDSmFov9BptLtgHwEN7fwiCy,0.4909439999999999,1.300916,2.418367,0,2591700,7.197289,Delay-insensitive,2,3.5
179100,ZtliqqWQ6huwwBoA7bEFt79+n9SA4jBixtBzpWNbxDSmFov9BptLtgHwEN7fwiCy,0.364376,1.34541,2.416176,0,2591700,7.197289,Delay-insensitive,2,3.5
179400,ZtliqqWQ6huwwBoA7bEFt79+n9SA4jBixtBzpWNbxDSmFov9BptLtgHwEN7fwiCy,0.466203,1.360382,2.088521,0,2591700,7.197289,Delay-insensitive,2,3.5
179700,ZtliqqWQ6huwwBoA7bEFt79+n9SA4jBixtBzpWNbxDSmFov9BptLtgHwEN7fwiCy,0.46848,1.302624,2.160852,0,2591700,7.197289,Delay-insensitive,2,3.5
180000,ZtliqqWQ6huwwBoA7bEFt79+n9SA4jBixtBzpWNbxDSmFov9BptLtgHwEN7fwiCy,0.43649,1.357407,2.169051,0,2591700,7.197289,Delay-insensitive,2,3.5
180300,ZtliqqWQ6huwwBoA7bEFt79+n9SA4jBixtBzpWNbxDSmFov9BptLtgHwEN7fwiCy,0.4961859999999999,2.471296,13.061681,0,2591700,7.197289,Delay-insensitive,2,3.5
180600,ZtliqqWQ6huwwBoA7bEFt79+n9SA4jBixtBzpWNbxDSmFov9BptLtgHwEN7fwiCy,0.468786,1.355126,2.291266,0,2591700,7.197289,Delay-insensitive,2,3.5
180900,ZtliqqWQ6huwwBoA7bEFt79+n9SA4jBixtBzpWNbxDSmFov9BptLtgHwEN7fwiCy,0.5245380000000001,1.293152,2.400644,0,2591700,7.197289,Delay-insensitive,2,3.5
181200,ZtliqqWQ6huwwBoA7bEFt79+n9SA4jBixtBzpWNbxDSmFov9BptLtgHwEN7fwiCy,0.562137,1.371568,2.368306,0,2591700,7.197289,Delay-insensitive,2,3.5
181500,ZtliqqWQ6huwwBoA7bEFt79+n9SA4jBixtBzpWNbxDSmFov9BptLtgHwEN7fwiCy,0.498702,1.343584,2.140095,0,2591700,7.197289,Delay-insensitive,2,3.5
181800,ZtliqqWQ6huwwBoA7bEFt79+n9SA4jBixtBzpWNbxDSmFov9BptLtgHwEN7fwiCy,0.4053739999999999,1.404969,2.369929,0,2591700,7.197289,Delay-insensitive,2,3.5
182100,ZtliqqWQ6huwwBoA7bEFt79+n9SA4jBixtBzpWNbxDSmFov9BptLtgHwEN7fwiCy,0.5947560000000001,1.383285,2.670745,0,2591700,7.197289,Delay-insensitive,2,3.5
182400,ZtliqqWQ6huwwBoA7bEFt79+n9SA4jBixtBzpWNbxDSmFov9BptLtgHwEN7fwiCy,0.540497,1.362767,2.741754,0,2591700,7.197289,Delay-insensitive,2,3.5
182700,ZtliqqWQ6huwwBoA7bEFt79+n9SA4jBixtBzpWNbxDSmFov9BptLtgHwEN7fwiCy,0.489417,1.401162,2.25151,0,2591700,7.197289,Delay-insensitive,2,3.5
183000,ZtliqqWQ6huwwBoA7bEFt79+n9SA4jBixtBzpWNbxDSmFov9BptLtgHwEN7fwiCy,0.450043,1.3199530000000002,2.55893,0,2591700,7.197289,Delay-insensitive,2,3.5
183300,ZtliqqWQ6huwwBoA7bEFt79+n9SA4jBixtBzpWNbxDSmFov9BptLtgHwEN7fwiCy,0.303263,1.294747,2.17936,0,2591700,7.197289,Delay-insensitive,2,3.5
183600,ZtliqqWQ6huwwBoA7bEFt79+n9SA4jBixtBzpWNbxDSmFov9BptLtgHwEN7fwiCy,0.480681,2.069692,10.023698,0,2591700,7.197289,Delay-insensitive,2,3.5
183900,ZtliqqWQ6huwwBoA7bEFt79+n9SA4jBixtBzpWNbxDSmFov9BptLtgHwEN7fwiCy,0.436696,2.872497,12.038248,0,2591700,7.197289,Delay-insensitive,2,3.5
184200,ZtliqqWQ6huwwBoA7bEFt79+n9SA4jBixtBzpWNbxDSmFov9BptLtgHwEN7fwiCy,0.527359,1.427002,2.770973,0,2591700,7.197289,Delay-insensitive,2,3.5
184500,ZtliqqWQ6huwwBoA7bEFt79+n9SA4jBixtBzpWNbxDSmFov9BptLtgHwEN7fwiCy,0.309215,1.313376,2.6575900000000003,0,2591700,7.197289,Delay-insensitive,2,3.5
184800,ZtliqqWQ6huwwBoA7bEFt79+n9SA4jBixtBzpWNbxDSmFov9BptLtgHwEN7fwiCy,0.621991,1.41072,2.327321,0,2591700,7.197289,Delay-insensitive,2,3.5
185100,ZtliqqWQ6huwwBoA7bEFt79+n9SA4jBixtBzpWNbxDSmFov9BptLtgHwEN7fwiCy,0.5763199999999999,1.359849,2.118646,0,2591700,7.197289,Delay-insensitive,2,3.5
185400,ZtliqqWQ6huwwBoA7bEFt79+n9SA4jBixtBzpWNbxDSmFov9BptLtgHwEN7fwiCy,0.608747,1.629001,5.457027,0,2591700,7.197289,Delay-insensitive,2,3.5
185700,ZtliqqWQ6huwwBoA7bEFt79+n9SA4jBixtBzpWNbxDSmFov9BptLtgHwEN7fwiCy,0.476124,1.409307,2.409855,0,2591700,7.197289,Delay-insensitive,2,3.5
186000,ZtliqqWQ6huwwBoA7bEFt79+n9SA4jBixtBzpWNbxDSmFov9BptLtgHwEN7fwiCy,0.256421,1.27829,2.299634,0,2591700,7.197289,Delay-insensitive,2,3.5
186300,ZtliqqWQ6huwwBoA7bEFt79+n9SA4jBixtBzpWNbxDSmFov9BptLtgHwEN7fwiCy,0.538024,1.410565,2.442902,0,2591700,7.197289,Delay-insensitive,2,3.5
186600,ZtliqqWQ6huwwBoA7bEFt79+n9SA4jBixtBzpWNbxDSmFov9BptLtgHwEN7fwiCy,0.342176,1.309272,2.32531,0,2591700,7.197289,Delay-insensitive,2,3.5
186900,ZtliqqWQ6huwwBoA7bEFt79+n9SA4jBixtBzpWNbxDSmFov9BptLtgHwEN7fwiCy,0.621386,1.388961,2.175523,0,2591700,7.197289,Delay-insensitive,2,3.5
187200,ZtliqqWQ6huwwBoA7bEFt79+n9SA4jBixtBzpWNbxDSmFov9BptLtgHwEN7fwiCy,0.397283,1.295031,2.226731,0,2591700,7.197289,Delay-insensitive,2,3.5
187500,ZtliqqWQ6huwwBoA7bEFt79+n9SA4jBixtBzpWNbxDSmFov9BptLtgHwEN7fwiCy,0.522594,2.43797,16.728376,0,2591700,7.197289,Delay-insensitive,2,3.5
187800,ZtliqqWQ6huwwBoA7bEFt79+n9SA4jBixtBzpWNbxDSmFov9BptLtgHwEN7fwiCy,0.517075,1.429055,2.251773,0,2591700,7.197289,Delay-insensitive,2,3.5
188100,ZtliqqWQ6huwwBoA7bEFt79+n9SA4jBixtBzpWNbxDSmFov9BptLtgHwEN7fwiCy,0.394456,1.382975,2.582472,0,2591700,7.197289,Delay-insensitive,2,3.5
188400,ZtliqqWQ6huwwBoA7bEFt79+n9SA4jBixtBzpWNbxDSmFov9BptLtgHwEN7fwiCy,0.575195,1.453757,2.366126,0,2591700,7.197289,Delay-insensitive,2,3.5
188700,ZtliqqWQ6huwwBoA7bEFt79+n9SA4jBixtBzpWNbxDSmFov9BptLtgHwEN7fwiCy,0.395362,1.306148,2.178339,0,2591700,7.197289,Delay-insensitive,2,3.5
189000,ZtliqqWQ6huwwBoA7bEFt79+n9SA4jBixtBzpWNbxDSmFov9BptLtgHwEN7fwiCy,0.717769,1.431863,2.5422130000000003,0,2591700,7.197289,Delay-insensitive,2,3.5
189300,ZtliqqWQ6huwwBoA7bEFt79+n9SA4jBixtBzpWNbxDSmFov9BptLtgHwEN7fwiCy,0.27229,1.347082,2.483636,0,2591700,7.197289,Delay-insensitive,2,3.5
189600,ZtliqqWQ6huwwBoA7bEFt79+n9SA4jBixtBzpWNbxDSmFov9BptLtgHwEN7fwiCy,0.547533,1.3949,2.567786,0,2591700,7.197289,Delay-insensitive,2,3.5
189900,ZtliqqWQ6huwwBoA7bEFt79+n9SA4jBixtBzpWNbxDSmFov9BptLtgHwEN7fwiCy,0.771317,5.667367,24.036607,0,2591700,7.197289,Delay-insensitive,2,3.5
190200,ZtliqqWQ6huwwBoA7bEFt79+n9SA4jBixtBzpWNbxDSmFov9BptLtgHwEN7fwiCy,0.601529,1.441676,2.678951,0,2591700,7.197289,Delay-insensitive,2,3.5
190500,ZtliqqWQ6huwwBoA7bEFt79+n9SA4jBixtBzpWNbxDSmFov9BptLtgHwEN7fwiCy,0.5563859999999999,1.405891,2.5837950000000003,0,2591700,7.197289,Delay-insensitive,2,3.5
190800,ZtliqqWQ6huwwBoA7bEFt79+n9SA4jBixtBzpWNbxDSmFov9BptLtgHwEN7fwiCy,0.507943,1.417819,2.197995,0,2591700,7.197289,Delay-insensitive,2,3.5
191100,ZtliqqWQ6huwwBoA7bEFt79+n9SA4jBixtBzpWNbxDSmFov9BptLtgHwEN7fwiCy,0.544338,2.450311,10.330143,0,2591700,7.197289,Delay-insensitive,2,3.5
191400,ZtliqqWQ6huwwBoA7bEFt79+n9SA4jBixtBzpWNbxDSmFov9BptLtgHwEN7fwiCy,0.6229899999999999,1.427817,3.767581,0,2591700,7.197289,Delay-insensitive,2,3.5
191700,ZtliqqWQ6huwwBoA7bEFt79+n9SA4jBixtBzpWNbxDSmFov9BptLtgHwEN7fwiCy,0.560471,1.349241,2.136202,0,2591700,7.197289,Delay-insensitive,2,3.5
192000,ZtliqqWQ6huwwBoA7bEFt79+n9SA4jBixtBzpWNbxDSmFov9BptLtgHwEN7fwiCy,0.258054,1.408702,2.4126540000000003,0,2591700,7.197289,Delay-insensitive,2,3.5
192300,ZtliqqWQ6huwwBoA7bEFt79+n9SA4jBixtBzpWNbxDSmFov9BptLtgHwEN7fwiCy,0.485354,1.433737,2.989141,0,2591700,7.197289,Delay-insensitive,2,3.5
192600,ZtliqqWQ6huwwBoA7bEFt79+n9SA4jBixtBzpWNbxDSmFov9BptLtgHwEN7fwiCy,0.522363,1.4685290000000002,2.535573,0,2591700,7.197289,Delay-insensitive,2,3.5
192900,ZtliqqWQ6huwwBoA7bEFt79+n9SA4jBixtBzpWNbxDSmFov9BptLtgHwEN7fwiCy,0.504887,1.384716,2.727468,0,2591700,7.197289,Delay-insensitive,2,3.5
193200,ZtliqqWQ6huwwBoA7bEFt79+n9SA4jBixtBzpWNbxDSmFov9BptLtgHwEN7fwiCy,0.5432239999999999,1.359781,2.105547,0,2591700,7.197289,Delay-insensitive,2,3.5
193500,ZtliqqWQ6huwwBoA7bEFt79+n9SA4jBixtBzpWNbxDSmFov9BptLtgHwEN7fwiCy,0.4926109999999999,1.379093,2.615376,0,2591700,7.197289,Delay-insensitive,2,3.5
193800,ZtliqqWQ6huwwBoA7bEFt79+n9SA4jBixtBzpWNbxDSmFov9BptLtgHwEN7fwiCy,0.5002,1.324603,2.288518,0,2591700,7.197289,Delay-insensitive,2,3.5
194100,ZtliqqWQ6huwwBoA7bEFt79+n9SA4jBixtBzpWNbxDSmFov9BptLtgHwEN7fwiCy,0.462775,1.418736,2.171027,0,2591700,7.197289,Delay-insensitive,2,3.5
194400,ZtliqqWQ6huwwBoA7bEFt79+n9SA4jBixtBzpWNbxDSmFov9BptLtgHwEN7fwiCy,0.486277,1.376057,2.96562,0,2591700,7.197289,Delay-insensitive,2,3.5
194700,ZtliqqWQ6huwwBoA7bEFt79+n9SA4jBixtBzpWNbxDSmFov9BptLtgHwEN7fwiCy,0.501123,2.417789,14.051673999999998,0,2591700,7.197289,Delay-insensitive,2,3.5
195000,ZtliqqWQ6huwwBoA7bEFt79+n9SA4jBixtBzpWNbxDSmFov9BptLtgHwEN7fwiCy,0.516408,1.338198,2.208388,0,2591700,7.197289,Delay-insensitive,2,3.5
195300,ZtliqqWQ6huwwBoA7bEFt79+n9SA4jBixtBzpWNbxDSmFov9BptLtgHwEN7fwiCy,0.513727,1.431617,2.630135,0,2591700,7.197289,Delay-insensitive,2,3.5
195600,ZtliqqWQ6huwwBoA7bEFt79+n9SA4jBixtBzpWNbxDSmFov9BptLtgHwEN7fwiCy,0.496141,1.302395,2.318316,0,2591700,7.197289,Delay-insensitive,2,3.5
195900,ZtliqqWQ6huwwBoA7bEFt79+n9SA4jBixtBzpWNbxDSmFov9BptLtgHwEN7fwiCy,0.471993,1.299293,2.521864,0,2591700,7.197289,Delay-insensitive,2,3.5
196200,ZtliqqWQ6huwwBoA7bEFt79+n9SA4jBixtBzpWNbxDSmFov9BptLtgHwEN7fwiCy,0.373962,1.385048,2.778083,0,2591700,7.197289,Delay-insensitive,2,3.5
196500,ZtliqqWQ6huwwBoA7bEFt79+n9SA4jBixtBzpWNbxDSmFov9BptLtgHwEN7fwiCy,0.498701,1.362285,2.484489,0,2591700,7.197289,Delay-insensitive,2,3.5
196800,ZtliqqWQ6huwwBoA7bEFt79+n9SA4jBixtBzpWNbxDSmFov9BptLtgHwEN7fwiCy,0.4722939999999999,1.4050129999999998,2.728897,0,2591700,7.197289,Delay-insensitive,2,3.5
197100,ZtliqqWQ6huwwBoA7bEFt79+n9SA4jBixtBzpWNbxDSmFov9BptLtgHwEN7fwiCy,0.470963,1.318622,2.204276,0,2591700,7.197289,Delay-insensitive,2,3.5
197400,ZtliqqWQ6huwwBoA7bEFt79+n9SA4jBixtBzpWNbxDSmFov9BptLtgHwEN7fwiCy,0.359799,1.269286,2.295562,0,2591700,7.197289,Delay-insensitive,2,3.5
197700,ZtliqqWQ6huwwBoA7bEFt79+n9SA4jBixtBzpWNbxDSmFov9BptLtgHwEN7fwiCy,0.541365,1.435193,2.911051,0,2591700,7.197289,Delay-insensitive,2,3.5
198000,ZtliqqWQ6huwwBoA7bEFt79+n9SA4jBixtBzpWNbxDSmFov9BptLtgHwEN7fwiCy,0.4135649999999999,1.301633,2.371134,0,2591700,7.197289,Delay-insensitive,2,3.5
198300,ZtliqqWQ6huwwBoA7bEFt79+n9SA4jBixtBzpWNbxDSmFov9BptLtgHwEN7fwiCy,0.552523,2.430434,16.83183,0,2591700,7.197289,Delay-insensitive,2,3.5
198600,ZtliqqWQ6huwwBoA7bEFt79+n9SA4jBixtBzpWNbxDSmFov9BptLtgHwEN7fwiCy,0.538768,1.354788,2.244893,0,2591700,7.197289,Delay-insensitive,2,3.5
198900,ZtliqqWQ6huwwBoA7bEFt79+n9SA4jBixtBzpWNbxDSmFov9BptLtgHwEN7fwiCy,0.618329,1.366135,2.369848,0,2591700,7.197289,Delay-insensitive,2,3.5
199200,ZtliqqWQ6huwwBoA7bEFt79+n9SA4jBixtBzpWNbxDSmFov9BptLtgHwEN7fwiCy,0.5296810000000001,1.403343,2.697603,0,2591700,7.197289,Delay-insensitive,2,3.5
199500,ZtliqqWQ6huwwBoA7bEFt79+n9SA4jBixtBzpWNbxDSmFov9BptLtgHwEN7fwiCy,0.333289,1.432658,3.278082,0,2591700,7.197289,Delay-insensitive,2,3.5
199800,ZtliqqWQ6huwwBoA7bEFt79+n9SA4jBixtBzpWNbxDSmFov9BptLtgHwEN7fwiCy,0.509784,1.4086610000000002,2.498546,0,2591700,7.197289,Delay-insensitive,2,3.5
200100,ZtliqqWQ6huwwBoA7bEFt79+n9SA4jBixtBzpWNbxDSmFov9BptLtgHwEN7fwiCy,0.405965,1.342818,2.360983,0,2591700,7.197289,Delay-insensitive,2,3.5
200400,ZtliqqWQ6huwwBoA7bEFt79+n9SA4jBixtBzpWNbxDSmFov9BptLtgHwEN7fwiCy,0.594943,1.436597,2.228707,0,2591700,7.197289,Delay-insensitive,2,3.5
200700,ZtliqqWQ6huwwBoA7bEFt79+n9SA4jBixtBzpWNbxDSmFov9BptLtgHwEN7fwiCy,0.500212,1.427332,2.459521,0,2591700,7.197289,Delay-insensitive,2,3.5
201000,ZtliqqWQ6huwwBoA7bEFt79+n9SA4jBixtBzpWNbxDSmFov9BptLtgHwEN7fwiCy,0.5945520000000001,1.481594,3.049991,0,2591700,7.197289,Delay-insensitive,2,3.5
201300,ZtliqqWQ6huwwBoA7bEFt79+n9SA4jBixtBzpWNbxDSmFov9BptLtgHwEN7fwiCy,0.29884,1.3843450000000002,2.5931990000000003,0,2591700,7.197289,Delay-insensitive,2,3.5
201600,ZtliqqWQ6huwwBoA7bEFt79+n9SA4jBixtBzpWNbxDSmFov9BptLtgHwEN7fwiCy,0.264496,1.289841,2.186079,0,2591700,7.197289,Delay-insensitive,2,3.5
201900,ZtliqqWQ6huwwBoA7bEFt79+n9SA4jBixtBzpWNbxDSmFov9BptLtgHwEN7fwiCy,0.6124649999999999,2.484692,11.497379,0,2591700,7.197289,Delay-insensitive,2,3.5
202200,ZtliqqWQ6huwwBoA7bEFt79+n9SA4jBixtBzpWNbxDSmFov9BptLtgHwEN7fwiCy,0.334342,1.263771,2.28517,0,2591700,7.197289,Delay-insensitive,2,3.5
202500,ZtliqqWQ6huwwBoA7bEFt79+n9SA4jBixtBzpWNbxDSmFov9BptLtgHwEN7fwiCy,0.606892,1.512103,2.637702,0,2591700,7.197289,Delay-insensitive,2,3.5
202800,ZtliqqWQ6huwwBoA7bEFt79+n9SA4jBixtBzpWNbxDSmFov9BptLtgHwEN7fwiCy,0.577087,1.360712,2.640464,0,2591700,7.197289,Delay-insensitive,2,3.5
203100,ZtliqqWQ6huwwBoA7bEFt79+n9SA4jBixtBzpWNbxDSmFov9BptLtgHwEN7fwiCy,0.555717,1.503637,2.613909,0,2591700,7.197289,Delay-insensitive,2,3.5
203400,ZtliqqWQ6huwwBoA7bEFt79+n9SA4jBixtBzpWNbxDSmFov9BptLtgHwEN7fwiCy,0.5263680000000001,1.524981,3.070087,0,2591700,7.197289,Delay-insensitive,2,3.5
203700,ZtliqqWQ6huwwBoA7bEFt79+n9SA4jBixtBzpWNbxDSmFov9BptLtgHwEN7fwiCy,0.549558,1.379,2.161207,0,2591700,7.197289,Delay-insensitive,2,3.5
204000,ZtliqqWQ6huwwBoA7bEFt79+n9SA4jBixtBzpWNbxDSmFov9BptLtgHwEN7fwiCy,0.31921,1.288868,2.122792,0,2591700,7.197289,Delay-insensitive,2,3.5
204300,ZtliqqWQ6huwwBoA7bEFt79+n9SA4jBixtBzpWNbxDSmFov9BptLtgHwEN7fwiCy,0.489489,1.288288,2.152374,0,2591700,7.197289,Delay-insensitive,2,3.5
204600,ZtliqqWQ6huwwBoA7bEFt79+n9SA4jBixtBzpWNbxDSmFov9BptLtgHwEN7fwiCy,0.592354,1.421407,2.33413,0,2591700,7.197289,Delay-insensitive,2,3.5
204900,ZtliqqWQ6huwwBoA7bEFt79+n9SA4jBixtBzpWNbxDSmFov9BptLtgHwEN7fwiCy,0.511087,1.504023,2.584727,0,2591700,7.197289,Delay-insensitive,2,3.5
205200,ZtliqqWQ6huwwBoA7bEFt79+n9SA4jBixtBzpWNbxDSmFov9BptLtgHwEN7fwiCy,0.520221,1.4571,2.7997970000000003,0,2591700,7.197289,Delay-insensitive,2,3.5
205500,ZtliqqWQ6huwwBoA7bEFt79+n9SA4jBixtBzpWNbxDSmFov9BptLtgHwEN7fwiCy,0.337738,1.353959,2.296973,0,2591700,7.197289,Delay-insensitive,2,3.5
205800,ZtliqqWQ6huwwBoA7bEFt79+n9SA4jBixtBzpWNbxDSmFov9BptLtgHwEN7fwiCy,0.523532,1.445753,2.378356,0,2591700,7.197289,Delay-insensitive,2,3.5
206100,ZtliqqWQ6huwwBoA7bEFt79+n9SA4jBixtBzpWNbxDSmFov9BptLtgHwEN7fwiCy,0.558154,1.406879,2.60338,0,2591700,7.197289,Delay-insensitive,2,3.5
206400,ZtliqqWQ6huwwBoA7bEFt79+n9SA4jBixtBzpWNbxDSmFov9BptLtgHwEN7fwiCy,0.5534100000000001,1.447485,2.628989,0,2591700,7.197289,Delay-insensitive,2,3.5
206700,ZtliqqWQ6huwwBoA7bEFt79+n9SA4jBixtBzpWNbxDSmFov9BptLtgHwEN7fwiCy,0.575101,1.4129120000000002,2.962072,0,2591700,7.197289,Delay-insensitive,2,3.5
207000,ZtliqqWQ6huwwBoA7bEFt79+n9SA4jBixtBzpWNbxDSmFov9BptLtgHwEN7fwiCy,0.458766,1.33629,2.032702,0,2591700,7.197289,Delay-insensitive,2,3.5
207300,ZtliqqWQ6huwwBoA7bEFt79+n9SA4jBixtBzpWNbxDSmFov9BptLtgHwEN7fwiCy,0.501386,1.404493,2.465861,0,2591700,7.197289,Delay-insensitive,2,3.5
207600,ZtliqqWQ6huwwBoA7bEFt79+n9SA4jBixtBzpWNbxDSmFov9BptLtgHwEN7fwiCy,0.220738,1.374388,2.566621,0,2591700,7.197289,Delay-insensitive,2,3.5
207900,ZtliqqWQ6huwwBoA7bEFt79+n9SA4jBixtBzpWNbxDSmFov9BptLtgHwEN7fwiCy,0.568736,1.601793,2.341553,0,2591700,7.197289,Delay-insensitive,2,3.5
208200,ZtliqqWQ6huwwBoA7bEFt79+n9SA4jBixtBzpWNbxDSmFov9BptLtgHwEN7fwiCy,0.375838,2.151053,7.734682,0,2591700,7.197289,Delay-insensitive,2,3.5
208500,ZtliqqWQ6huwwBoA7bEFt79+n9SA4jBixtBzpWNbxDSmFov9BptLtgHwEN7fwiCy,0.729263,2.105868,7.38083,0,2591700,7.197289,Delay-insensitive,2,3.5
208800,ZtliqqWQ6huwwBoA7bEFt79+n9SA4jBixtBzpWNbxDSmFov9BptLtgHwEN7fwiCy,0.244034,1.3091959999999998,2.378854,0,2591700,7.197289,Delay-insensitive,2,3.5
209100,ZtliqqWQ6huwwBoA7bEFt79+n9SA4jBixtBzpWNbxDSmFov9BptLtgHwEN7fwiCy,0.5673600000000001,2.530426,17.600128,0,2591700,7.197289,Delay-insensitive,2,3.5
209400,ZtliqqWQ6huwwBoA7bEFt79+n9SA4jBixtBzpWNbxDSmFov9BptLtgHwEN7fwiCy,0.309534,1.436986,2.470943,0,2591700,7.197289,Delay-insensitive,2,3.5
209700,ZtliqqWQ6huwwBoA7bEFt79+n9SA4jBixtBzpWNbxDSmFov9BptLtgHwEN7fwiCy,0.377799,1.348106,2.325843,0,2591700,7.197289,Delay-insensitive,2,3.5
210000,ZtliqqWQ6huwwBoA7bEFt79+n9SA4jBixtBzpWNbxDSmFov9BptLtgHwEN7fwiCy,0.610708,1.432521,2.471204,0,2591700,7.197289,Delay-insensitive,2,3.5
210300,ZtliqqWQ6huwwBoA7bEFt79+n9SA4jBixtBzpWNbxDSmFov9BptLtgHwEN7fwiCy,0.431733,1.187945,2.174303,0,2591700,7.197289,Delay-insensitive,2,3.5
210600,ZtliqqWQ6huwwBoA7bEFt79+n9SA4jBixtBzpWNbxDSmFov9BptLtgHwEN7fwiCy,0.608711,1.444086,2.339408,0,2591700,7.197289,Delay-insensitive,2,3.5
210900,ZtliqqWQ6huwwBoA7bEFt79+n9SA4jBixtBzpWNbxDSmFov9BptLtgHwEN7fwiCy,0.465373,1.381345,2.63518,0,2591700,7.197289,Delay-insensitive,2,3.5
211200,ZtliqqWQ6huwwBoA7bEFt79+n9SA4jBixtBzpWNbxDSmFov9BptLtgHwEN7fwiCy,0.561829,1.469541,2.632132,0,2591700,7.197289,Delay-insensitive,2,3.5
211500,ZtliqqWQ6huwwBoA7bEFt79+n9SA4jBixtBzpWNbxDSmFov9BptLtgHwEN7fwiCy,0.454479,1.346907,2.614043,0,2591700,7.197289,Delay-insensitive,2,3.5
211800,ZtliqqWQ6huwwBoA7bEFt79+n9SA4jBixtBzpWNbxDSmFov9BptLtgHwEN7fwiCy,0.497512,1.436219,2.50999,0,2591700,7.197289,Delay-insensitive,2,3.5
212100,ZtliqqWQ6huwwBoA7bEFt79+n9SA4jBixtBzpWNbxDSmFov9BptLtgHwEN7fwiCy,0.5460109999999999,1.349552,2.240367,0,2591700,7.197289,Delay-insensitive,2,3.5
212400,ZtliqqWQ6huwwBoA7bEFt79+n9SA4jBixtBzpWNbxDSmFov9BptLtgHwEN7fwiCy,0.388158,1.334557,2.247767,0,2591700,7.197289,Delay-insensitive,2,3.5
212700,ZtliqqWQ6huwwBoA7bEFt79+n9SA4jBixtBzpWNbxDSmFov9BptLtgHwEN7fwiCy,0.58016,2.583568,13.368406,0,2591700,7.197289,Delay-insensitive,2,3.5
213000,ZtliqqWQ6huwwBoA7bEFt79+n9SA4jBixtBzpWNbxDSmFov9BptLtgHwEN7fwiCy,0.304201,1.212823,2.051555,0,2591700,7.197289,Delay-insensitive,2,3.5
213300,ZtliqqWQ6huwwBoA7bEFt79+n9SA4jBixtBzpWNbxDSmFov9BptLtgHwEN7fwiCy,0.550396,1.444447,2.84717,0,2591700,7.197289,Delay-insensitive,2,3.5
213600,ZtliqqWQ6huwwBoA7bEFt79+n9SA4jBixtBzpWNbxDSmFov9BptLtgHwEN7fwiCy,0.53013,1.376624,2.239957,0,2591700,7.197289,Delay-insensitive,2,3.5
213900,ZtliqqWQ6huwwBoA7bEFt79+n9SA4jBixtBzpWNbxDSmFov9BptLtgHwEN7fwiCy,0.529779,1.461301,2.720123,0,2591700,7.197289,Delay-insensitive,2,3.5
214200,ZtliqqWQ6huwwBoA7bEFt79+n9SA4jBixtBzpWNbxDSmFov9BptLtgHwEN7fwiCy,0.2312989999999999,1.407615,2.412778,0,2591700,7.197289,Delay-insensitive,2,3.5
214500,ZtliqqWQ6huwwBoA7bEFt79+n9SA4jBixtBzpWNbxDSmFov9BptLtgHwEN7fwiCy,0.500584,1.421416,2.497413,0,2591700,7.197289,Delay-insensitive,2,3.5
214800,ZtliqqWQ6huwwBoA7bEFt79+n9SA4jBixtBzpWNbxDSmFov9BptLtgHwEN7fwiCy,0.385909,1.399732,2.716034,0,2591700,7.197289,Delay-insensitive,2,3.5
215100,ZtliqqWQ6huwwBoA7bEFt79+n9SA4jBixtBzpWNbxDSmFov9BptLtgHwEN7fwiCy,0.379202,1.302383,2.209048,0,2591700,7.197289,Delay-insensitive,2,3.5
215400,ZtliqqWQ6huwwBoA7bEFt79+n9SA4jBixtBzpWNbxDSmFov9BptLtgHwEN7fwiCy,0.531092,1.383068,2.567966,0,2591700,7.197289,Delay-insensitive,2,3.5
215700,ZtliqqWQ6huwwBoA7bEFt79+n9SA4jBixtBzpWNbxDSmFov9BptLtgHwEN7fwiCy,0.333473,1.281501,2.311319,0,2591700,7.197289,Delay-insensitive,2,3.5
216000,ZtliqqWQ6huwwBoA7bEFt79+n9SA4jBixtBzpWNbxDSmFov9BptLtgHwEN7fwiCy,0.560077,1.365898,2.190077,0,2591700,7.197289,Delay-insensitive,2,3.5
216300,ZtliqqWQ6huwwBoA7bEFt79+n9SA4jBixtBzpWNbxDSmFov9BptLtgHwEN7fwiCy,0.285112,2.542473,13.405445,0,2591700,7.197289,Delay-insensitive,2,3.5
216600,ZtliqqWQ6huwwBoA7bEFt79+n9SA4jBixtBzpWNbxDSmFov9BptLtgHwEN7fwiCy,0.498618,1.39125,2.482387,0,2591700,7.197289,Delay-insensitive,2,3.5
216900,ZtliqqWQ6huwwBoA7bEFt79+n9SA4jBixtBzpWNbxDSmFov9BptLtgHwEN7fwiCy,0.198815,1.371711,2.108723,0,2591700,7.197289,Delay-insensitive,2,3.5
217200,ZtliqqWQ6huwwBoA7bEFt79+n9SA4jBixtBzpWNbxDSmFov9BptLtgHwEN7fwiCy,0.537511,1.445824,2.289331,0,2591700,7.197289,Delay-insensitive,2,3.5
217500,ZtliqqWQ6huwwBoA7bEFt79+n9SA4jBixtBzpWNbxDSmFov9BptLtgHwEN7fwiCy,0.379952,1.367892,2.374291,0,2591700,7.197289,Delay-insensitive,2,3.5
217800,ZtliqqWQ6huwwBoA7bEFt79+n9SA4jBixtBzpWNbxDSmFov9BptLtgHwEN7fwiCy,0.569589,1.667482,3.937536,0,2591700,7.197289,Delay-insensitive,2,3.5
218100,ZtliqqWQ6huwwBoA7bEFt79+n9SA4jBixtBzpWNbxDSmFov9BptLtgHwEN7fwiCy,0.4877979999999999,1.438121,2.989982,0,2591700,7.197289,Delay-insensitive,2,3.5
218400,ZtliqqWQ6huwwBoA7bEFt79+n9SA4jBixtBzpWNbxDSmFov9BptLtgHwEN7fwiCy,0.547924,1.436173,2.391371,0,2591700,7.197289,Delay-insensitive,2,3.5
218700,ZtliqqWQ6huwwBoA7bEFt79+n9SA4jBixtBzpWNbxDSmFov9BptLtgHwEN7fwiCy,0.604829,5.646248,19.546984,0,2591700,7.197289,Delay-insensitive,2,3.5
219000,ZtliqqWQ6huwwBoA7bEFt79+n9SA4jBixtBzpWNbxDSmFov9BptLtgHwEN7fwiCy,0.5899989999999999,1.555314,2.673913,0,2591700,7.197289,Delay-insensitive,2,3.5
219300,ZtliqqWQ6huwwBoA7bEFt79+n9SA4jBixtBzpWNbxDSmFov9BptLtgHwEN7fwiCy,0.5591119999999999,1.49397,2.896259,0,2591700,7.197289,Delay-insensitive,2,3.5
219600,ZtliqqWQ6huwwBoA7bEFt79+n9SA4jBixtBzpWNbxDSmFov9BptLtgHwEN7fwiCy,0.592162,1.829365,5.825772,0,2591700,7.197289,Delay-insensitive,2,3.5
219900,ZtliqqWQ6huwwBoA7bEFt79+n9SA4jBixtBzpWNbxDSmFov9BptLtgHwEN7fwiCy,0.5562630000000001,2.565271,12.11751,0,2591700,7.197289,Delay-insensitive,2,3.5
220200,ZtliqqWQ6huwwBoA7bEFt79+n9SA4jBixtBzpWNbxDSmFov9BptLtgHwEN7fwiCy,0.551532,1.446312,2.71957,0,2591700,7.197289,Delay-insensitive,2,3.5
220500,ZtliqqWQ6huwwBoA7bEFt79+n9SA4jBixtBzpWNbxDSmFov9BptLtgHwEN7fwiCy,0.600165,1.973097,7.523006,0,2591700,7.197289,Delay-insensitive,2,3.5
220800,ZtliqqWQ6huwwBoA7bEFt79+n9SA4jBixtBzpWNbxDSmFov9BptLtgHwEN7fwiCy,0.523989,1.369451,2.793243,0,2591700,7.197289,Delay-insensitive,2,3.5
221100,ZtliqqWQ6huwwBoA7bEFt79+n9SA4jBixtBzpWNbxDSmFov9BptLtgHwEN7fwiCy,0.417627,1.440525,2.405681,0,2591700,7.197289,Delay-insensitive,2,3.5
221400,ZtliqqWQ6huwwBoA7bEFt79+n9SA4jBixtBzpWNbxDSmFov9BptLtgHwEN7fwiCy,0.604487,1.474593,2.703208,0,2591700,7.197289,Delay-insensitive,2,3.5
221700,ZtliqqWQ6huwwBoA7bEFt79+n9SA4jBixtBzpWNbxDSmFov9BptLtgHwEN7fwiCy,0.53069,1.459534,2.691592,0,2591700,7.197289,Delay-insensitive,2,3.5
222000,ZtliqqWQ6huwwBoA7bEFt79+n9SA4jBixtBzpWNbxDSmFov9BptLtgHwEN7fwiCy,0.5229050000000001,1.450803,3.067662,0,2591700,7.197289,Delay-insensitive,2,3.5
222300,ZtliqqWQ6huwwBoA7bEFt79+n9SA4jBixtBzpWNbxDSmFov9BptLtgHwEN7fwiCy,0.422121,1.434885,2.573139,0,2591700,7.197289,Delay-insensitive,2,3.5
222600,ZtliqqWQ6huwwBoA7bEFt79+n9SA4jBixtBzpWNbxDSmFov9BptLtgHwEN7fwiCy,0.6580239999999999,1.486059,2.753464,0,2591700,7.197289,Delay-insensitive,2,3.5
222900,ZtliqqWQ6huwwBoA7bEFt79+n9SA4jBixtBzpWNbxDSmFov9BptLtgHwEN7fwiCy,0.498743,1.337477,2.555591,0,2591700,7.197289,Delay-insensitive,2,3.5
223200,ZtliqqWQ6huwwBoA7bEFt79+n9SA4jBixtBzpWNbxDSmFov9BptLtgHwEN7fwiCy,0.609043,1.491023,2.629425,0,2591700,7.197289,Delay-insensitive,2,3.5
223500,ZtliqqWQ6huwwBoA7bEFt79+n9SA4jBixtBzpWNbxDSmFov9BptLtgHwEN7fwiCy,0.354965,2.44472,15.410143,0,2591700,7.197289,Delay-insensitive,2,3.5
223800,ZtliqqWQ6huwwBoA7bEFt79+n9SA4jBixtBzpWNbxDSmFov9BptLtgHwEN7fwiCy,0.4635,1.427372,2.547205,0,2591700,7.197289,Delay-insensitive,2,3.5
224100,ZtliqqWQ6huwwBoA7bEFt79+n9SA4jBixtBzpWNbxDSmFov9BptLtgHwEN7fwiCy,0.5810270000000001,1.412446,2.730082,0,2591700,7.197289,Delay-insensitive,2,3.5
224400,ZtliqqWQ6huwwBoA7bEFt79+n9SA4jBixtBzpWNbxDSmFov9BptLtgHwEN7fwiCy,0.552307,1.458123,2.669068,0,2591700,7.197289,Delay-insensitive,2,3.5
224700,ZtliqqWQ6huwwBoA7bEFt79+n9SA4jBixtBzpWNbxDSmFov9BptLtgHwEN7fwiCy,0.507973,1.463095,2.511806,0,2591700,7.197289,Delay-insensitive,2,3.5
225000,ZtliqqWQ6huwwBoA7bEFt79+n9SA4jBixtBzpWNbxDSmFov9BptLtgHwEN7fwiCy,0.618859,1.563157,2.897999,0,2591700,7.197289,Delay-insensitive,2,3.5
225300,ZtliqqWQ6huwwBoA7bEFt79+n9SA4jBixtBzpWNbxDSmFov9BptLtgHwEN7fwiCy,0.607102,1.44641,2.760648,0,2591700,7.197289,Delay-insensitive,2,3.5
225600,ZtliqqWQ6huwwBoA7bEFt79+n9SA4jBixtBzpWNbxDSmFov9BptLtgHwEN7fwiCy,0.4371239999999999,1.421637,2.631069,0,2591700,7.197289,Delay-insensitive,2,3.5
225900,ZtliqqWQ6huwwBoA7bEFt79+n9SA4jBixtBzpWNbxDSmFov9BptLtgHwEN7fwiCy,0.550642,1.473129,2.32161,0,2591700,7.197289,Delay-insensitive,2,3.5
226200,ZtliqqWQ6huwwBoA7bEFt79+n9SA4jBixtBzpWNbxDSmFov9BptLtgHwEN7fwiCy,0.52354,1.341216,2.287519,0,2591700,7.197289,Delay-insensitive,2,3.5
226500,ZtliqqWQ6huwwBoA7bEFt79+n9SA4jBixtBzpWNbxDSmFov9BptLtgHwEN7fwiCy,0.531892,1.612136,2.897801,0,2591700,7.197289,Delay-insensitive,2,3.5
226800,ZtliqqWQ6huwwBoA7bEFt79+n9SA4jBixtBzpWNbxDSmFov9BptLtgHwEN7fwiCy,0.516296,1.369255,2.382171,0,2591700,7.197289,Delay-insensitive,2,3.5
227100,ZtliqqWQ6huwwBoA7bEFt79+n9SA4jBixtBzpWNbxDSmFov9BptLtgHwEN7fwiCy,0.576504,5.029423,20.824085,0,2591700,7.197289,Delay-insensitive,2,3.5
227400,ZtliqqWQ6huwwBoA7bEFt79+n9SA4jBixtBzpWNbxDSmFov9BptLtgHwEN7fwiCy,0.5384180000000001,1.388779,2.248501,0,2591700,7.197289,Delay-insensitive,2,3.5
227700,ZtliqqWQ6huwwBoA7bEFt79+n9SA4jBixtBzpWNbxDSmFov9BptLtgHwEN7fwiCy,0.504373,1.383259,2.8235200000000003,0,2591700,7.197289,Delay-insensitive,2,3.5
228000,ZtliqqWQ6huwwBoA7bEFt79+n9SA4jBixtBzpWNbxDSmFov9BptLtgHwEN7fwiCy,0.600197,1.579417,2.644936,0,2591700,7.197289,Delay-insensitive,2,3.5
228300,ZtliqqWQ6huwwBoA7bEFt79+n9SA4jBixtBzpWNbxDSmFov9BptLtgHwEN7fwiCy,0.604887,1.485551,3.327296,0,2591700,7.197289,Delay-insensitive,2,3.5
228600,ZtliqqWQ6huwwBoA7bEFt79+n9SA4jBixtBzpWNbxDSmFov9BptLtgHwEN7fwiCy,0.66659,1.44546,2.817343,0,2591700,7.197289,Delay-insensitive,2,3.5
228900,ZtliqqWQ6huwwBoA7bEFt79+n9SA4jBixtBzpWNbxDSmFov9BptLtgHwEN7fwiCy,0.339696,1.346211,2.18593,0,2591700,7.197289,Delay-insensitive,2,3.5
229200,ZtliqqWQ6huwwBoA7bEFt79+n9SA4jBixtBzpWNbxDSmFov9BptLtgHwEN7fwiCy,0.5455399999999999,1.412287,2.84103,0,2591700,7.197289,Delay-insensitive,2,3.5
229500,ZtliqqWQ6huwwBoA7bEFt79+n9SA4jBixtBzpWNbxDSmFov9BptLtgHwEN7fwiCy,0.6396729999999999,1.534412,2.695698,0,2591700,7.197289,Delay-insensitive,2,3.5
229800,ZtliqqWQ6huwwBoA7bEFt79+n9SA4jBixtBzpWNbxDSmFov9BptLtgHwEN7fwiCy,0.272364,1.374319,2.554322,0,2591700,7.197289,Delay-insensitive,2,3.5
230100,ZtliqqWQ6huwwBoA7bEFt79+n9SA4jBixtBzpWNbxDSmFov9BptLtgHwEN7fwiCy,0.549945,1.533558,3.0236240000000003,0,2591700,7.197289,Delay-insensitive,2,3.5
230400,ZtliqqWQ6huwwBoA7bEFt79+n9SA4jBixtBzpWNbxDSmFov9BptLtgHwEN7fwiCy,0.4391489999999999,1.339583,2.44596,0,2591700,7.197289,Delay-insensitive,2,3.5
230700,ZtliqqWQ6huwwBoA7bEFt79+n9SA4jBixtBzpWNbxDSmFov9BptLtgHwEN7fwiCy,0.522188,2.543157,15.94788,0,2591700,7.197289,Delay-insensitive,2,3.5
231000,ZtliqqWQ6huwwBoA7bEFt79+n9SA4jBixtBzpWNbxDSmFov9BptLtgHwEN7fwiCy,0.575633,1.3422120000000002,2.096621,0,2591700,7.197289,Delay-insensitive,2,3.5
231300,ZtliqqWQ6huwwBoA7bEFt79+n9SA4jBixtBzpWNbxDSmFov9BptLtgHwEN7fwiCy,0.599957,1.447037,2.733683,0,2591700,7.197289,Delay-insensitive,2,3.5
231600,ZtliqqWQ6huwwBoA7bEFt79+n9SA4jBixtBzpWNbxDSmFov9BptLtgHwEN7fwiCy,0.550022,1.39919,2.483817,0,2591700,7.197289,Delay-insensitive,2,3.5
231900,ZtliqqWQ6huwwBoA7bEFt79+n9SA4jBixtBzpWNbxDSmFov9BptLtgHwEN7fwiCy,0.41195,1.4739790000000002,2.633723,0,2591700,7.197289,Delay-insensitive,2,3.5
232200,ZtliqqWQ6huwwBoA7bEFt79+n9SA4jBixtBzpWNbxDSmFov9BptLtgHwEN7fwiCy,0.5146109999999999,1.475289,3.244002,0,2591700,7.197289,Delay-insensitive,2,3.5
232500,ZtliqqWQ6huwwBoA7bEFt79+n9SA4jBixtBzpWNbxDSmFov9BptLtgHwEN7fwiCy,0.5155069999999999,1.354965,2.510704,0,2591700,7.197289,Delay-insensitive,2,3.5
232800,ZtliqqWQ6huwwBoA7bEFt79+n9SA4jBixtBzpWNbxDSmFov9BptLtgHwEN7fwiCy,0.514455,1.458213,2.6694720000000003,0,2591700,7.197289,Delay-insensitive,2,3.5
233100,ZtliqqWQ6huwwBoA7bEFt79+n9SA4jBixtBzpWNbxDSmFov9BptLtgHwEN7fwiCy,0.511653,1.299301,3.175311,0,2591700,7.197289,Delay-insensitive,2,3.5
233400,ZtliqqWQ6huwwBoA7bEFt79+n9SA4jBixtBzpWNbxDSmFov9BptLtgHwEN7fwiCy,0.533172,1.507274,2.692287,0,2591700,7.197289,Delay-insensitive,2,3.5
233700,ZtliqqWQ6huwwBoA7bEFt79+n9SA4jBixtBzpWNbxDSmFov9BptLtgHwEN7fwiCy,0.333073,1.3712719999999998,2.662242,0,2591700,7.197289,Delay-insensitive,2,3.5
234000,ZtliqqWQ6huwwBoA7bEFt79+n9SA4jBixtBzpWNbxDSmFov9BptLtgHwEN7fwiCy,0.532766,1.46032,2.549973,0,2591700,7.197289,Delay-insensitive,2,3.5
234300,ZtliqqWQ6huwwBoA7bEFt79+n9SA4jBixtBzpWNbxDSmFov9BptLtgHwEN7fwiCy,0.549667,2.499679,14.057004,0,2591700,7.197289,Delay-insensitive,2,3.5
234600,ZtliqqWQ6huwwBoA7bEFt79+n9SA4jBixtBzpWNbxDSmFov9BptLtgHwEN7fwiCy,0.329484,1.352638,3.010139,0,2591700,7.197289,Delay-insensitive,2,3.5
234900,ZtliqqWQ6huwwBoA7bEFt79+n9SA4jBixtBzpWNbxDSmFov9BptLtgHwEN7fwiCy,0.492476,1.459982,3.01313,0,2591700,7.197289,Delay-insensitive,2,3.5
235200,ZtliqqWQ6huwwBoA7bEFt79+n9SA4jBixtBzpWNbxDSmFov9BptLtgHwEN7fwiCy,0.2439199999999999,1.353935,2.594008,0,2591700,7.197289,Delay-insensitive,2,3.5
235500,ZtliqqWQ6huwwBoA7bEFt79+n9SA4jBixtBzpWNbxDSmFov9BptLtgHwEN7fwiCy,0.524151,1.477903,2.433302,0,2591700,7.197289,Delay-insensitive,2,3.5
235800,ZtliqqWQ6huwwBoA7bEFt79+n9SA4jBixtBzpWNbxDSmFov9BptLtgHwEN7fwiCy,0.485376,1.272801,2.157462,0,2591700,7.197289,Delay-insensitive,2,3.5
236100,ZtliqqWQ6huwwBoA7bEFt79+n9SA4jBixtBzpWNbxDSmFov9BptLtgHwEN7fwiCy,0.5426449999999999,1.5098129999999998,2.707472,0,2591700,7.197289,Delay-insensitive,2,3.5
236400,ZtliqqWQ6huwwBoA7bEFt79+n9SA4jBixtBzpWNbxDSmFov9BptLtgHwEN7fwiCy,0.551303,1.538663,2.961497,0,2591700,7.197289,Delay-insensitive,2,3.5
236700,ZtliqqWQ6huwwBoA7bEFt79+n9SA4jBixtBzpWNbxDSmFov9BptLtgHwEN7fwiCy,0.483162,3.5492510000000004,31.140368,0,2591700,7.197289,Delay-insensitive,2,3.5
237000,ZtliqqWQ6huwwBoA7bEFt79+n9SA4jBixtBzpWNbxDSmFov9BptLtgHwEN7fwiCy,0.337512,1.426648,2.161999,0,2591700,7.197289,Delay-insensitive,2,3.5
237300,ZtliqqWQ6huwwBoA7bEFt79+n9SA4jBixtBzpWNbxDSmFov9BptLtgHwEN7fwiCy,0.478989,1.34205,2.462309,0,2591700,7.197289,Delay-insensitive,2,3.5
237600,ZtliqqWQ6huwwBoA7bEFt79+n9SA4jBixtBzpWNbxDSmFov9BptLtgHwEN7fwiCy,0.603915,1.429331,2.391357,0,2591700,7.197289,Delay-insensitive,2,3.5
237900,ZtliqqWQ6huwwBoA7bEFt79+n9SA4jBixtBzpWNbxDSmFov9BptLtgHwEN7fwiCy,0.5633020000000001,2.492479,18.328081,0,2591700,7.197289,Delay-insensitive,2,3.5
238200,ZtliqqWQ6huwwBoA7bEFt79+n9SA4jBixtBzpWNbxDSmFov9BptLtgHwEN7fwiCy,0.48835,1.361696,2.351308,0,2591700,7.197289,Delay-insensitive,2,3.5
238500,ZtliqqWQ6huwwBoA7bEFt79+n9SA4jBixtBzpWNbxDSmFov9BptLtgHwEN7fwiCy,0.287875,1.278239,1.982549,0,2591700,7.197289,Delay-insensitive,2,3.5
238800,ZtliqqWQ6huwwBoA7bEFt79+n9SA4jBixtBzpWNbxDSmFov9BptLtgHwEN7fwiCy,0.533222,1.441457,2.360432,0,2591700,7.197289,Delay-insensitive,2,3.5
239100,ZtliqqWQ6huwwBoA7bEFt79+n9SA4jBixtBzpWNbxDSmFov9BptLtgHwEN7fwiCy,0.375554,1.4334870000000002,2.7025490000000003,0,2591700,7.197289,Delay-insensitive,2,3.5
239400,ZtliqqWQ6huwwBoA7bEFt79+n9SA4jBixtBzpWNbxDSmFov9BptLtgHwEN7fwiCy,0.492233,1.375418,2.519889,0,2591700,7.197289,Delay-insensitive,2,3.5
239700,ZtliqqWQ6huwwBoA7bEFt79+n9SA4jBixtBzpWNbxDSmFov9BptLtgHwEN7fwiCy,0.446615,1.4035030000000002,2.556305,0,2591700,7.197289,Delay-insensitive,2,3.5
240000,ZtliqqWQ6huwwBoA7bEFt79+n9SA4jBixtBzpWNbxDSmFov9BptLtgHwEN7fwiCy,0.501911,1.411923,2.525954,0,2591700,7.197289,Delay-insensitive,2,3.5
240300,ZtliqqWQ6huwwBoA7bEFt79+n9SA4jBixtBzpWNbxDSmFov9BptLtgHwEN7fwiCy,0.48727,1.412308,2.713907,0,2591700,7.197289,Delay-insensitive,2,3.5
240600,ZtliqqWQ6huwwBoA7bEFt79+n9SA4jBixtBzpWNbxDSmFov9BptLtgHwEN7fwiCy,0.458574,1.404304,2.637942,0,2591700,7.197289,Delay-insensitive,2,3.5
240900,ZtliqqWQ6huwwBoA7bEFt79+n9SA4jBixtBzpWNbxDSmFov9BptLtgHwEN7fwiCy,0.5000979999999999,1.432913,2.47111,0,2591700,7.197289,Delay-insensitive,2,3.5
241200,ZtliqqWQ6huwwBoA7bEFt79+n9SA4jBixtBzpWNbxDSmFov9BptLtgHwEN7fwiCy,0.5188010000000001,1.42521,2.718062,0,2591700,7.197289,Delay-insensitive,2,3.5
241500,ZtliqqWQ6huwwBoA7bEFt79+n9SA4jBixtBzpWNbxDSmFov9BptLtgHwEN7fwiCy,0.511977,2.548395,13.729721,0,2591700,7.197289,Delay-insensitive,2,3.5
241800,ZtliqqWQ6huwwBoA7bEFt79+n9SA4jBixtBzpWNbxDSmFov9BptLtgHwEN7fwiCy,0.492834,1.316447,2.376887,0,2591700,7.197289,Delay-insensitive,2,3.5
242100,ZtliqqWQ6huwwBoA7bEFt79+n9SA4jBixtBzpWNbxDSmFov9BptLtgHwEN7fwiCy,0.477079,1.416153,3.0803700000000003,0,2591700,7.197289,Delay-insensitive,2,3.5
242400,ZtliqqWQ6huwwBoA7bEFt79+n9SA4jBixtBzpWNbxDSmFov9BptLtgHwEN7fwiCy,0.4313439999999999,1.384425,3.037338,0,2591700,7.197289,Delay-insensitive,2,3.5
242700,ZtliqqWQ6huwwBoA7bEFt79+n9SA4jBixtBzpWNbxDSmFov9BptLtgHwEN7fwiCy,0.553588,1.404111,2.396634,0,2591700,7.197289,Delay-insensitive,2,3.5
243000,ZtliqqWQ6huwwBoA7bEFt79+n9SA4jBixtBzpWNbxDSmFov9BptLtgHwEN7fwiCy,0.5173810000000001,1.3378450000000002,2.380396,0,2591700,7.197289,Delay-insensitive,2,3.5
243300,ZtliqqWQ6huwwBoA7bEFt79+n9SA4jBixtBzpWNbxDSmFov9BptLtgHwEN7fwiCy,0.5167109999999999,1.406794,2.31165,0,2591700,7.197289,Delay-insensitive,2,3.5
243600,ZtliqqWQ6huwwBoA7bEFt79+n9SA4jBixtBzpWNbxDSmFov9BptLtgHwEN7fwiCy,0.5786479999999999,1.476276,2.547749,0,2591700,7.197289,Delay-insensitive,2,3.5
243900,ZtliqqWQ6huwwBoA7bEFt79+n9SA4jBixtBzpWNbxDSmFov9BptLtgHwEN7fwiCy,0.502155,1.356061,2.7307900000000003,0,2591700,7.197289,Delay-insensitive,2,3.5
244200,ZtliqqWQ6huwwBoA7bEFt79+n9SA4jBixtBzpWNbxDSmFov9BptLtgHwEN7fwiCy,0.4396029999999999,1.405606,2.425321,0,2591700,7.197289,Delay-insensitive,2,3.5
244500,ZtliqqWQ6huwwBoA7bEFt79+n9SA4jBixtBzpWNbxDSmFov9BptLtgHwEN7fwiCy,0.4546189999999999,1.266924,2.149449,0,2591700,7.197289,Delay-insensitive,2,3.5
244800,ZtliqqWQ6huwwBoA7bEFt79+n9SA4jBixtBzpWNbxDSmFov9BptLtgHwEN7fwiCy,0.601731,1.400631,2.279245,0,2591700,7.197289,Delay-insensitive,2,3.5
245100,ZtliqqWQ6huwwBoA7bEFt79+n9SA4jBixtBzpWNbxDSmFov9BptLtgHwEN7fwiCy,0.521656,2.465086,12.49639,0,2591700,7.197289,Delay-insensitive,2,3.5
245400,ZtliqqWQ6huwwBoA7bEFt79+n9SA4jBixtBzpWNbxDSmFov9BptLtgHwEN7fwiCy,0.541142,1.609768,2.8044580000000003,0,2591700,7.197289,Delay-insensitive,2,3.5
245700,ZtliqqWQ6huwwBoA7bEFt79+n9SA4jBixtBzpWNbxDSmFov9BptLtgHwEN7fwiCy,0.513009,1.389542,2.709779,0,2591700,7.197289,Delay-insensitive,2,3.5
246000,ZtliqqWQ6huwwBoA7bEFt79+n9SA4jBixtBzpWNbxDSmFov9BptLtgHwEN7fwiCy,0.4690109999999999,1.459556,2.460476,0,2591700,7.197289,Delay-insensitive,2,3.5
246300,ZtliqqWQ6huwwBoA7bEFt79+n9SA4jBixtBzpWNbxDSmFov9BptLtgHwEN7fwiCy,0.546762,1.549921,3.175062,0,2591700,7.197289,Delay-insensitive,2,3.5
246600,ZtliqqWQ6huwwBoA7bEFt79+n9SA4jBixtBzpWNbxDSmFov9BptLtgHwEN7fwiCy,0.524113,1.4009459999999998,2.715962,0,2591700,7.197289,Delay-insensitive,2,3.5
246900,ZtliqqWQ6huwwBoA7bEFt79+n9SA4jBixtBzpWNbxDSmFov9BptLtgHwEN7fwiCy,0.5253479999999999,1.535266,2.981052,0,2591700,7.197289,Delay-insensitive,2,3.5
247200,ZtliqqWQ6huwwBoA7bEFt79+n9SA4jBixtBzpWNbxDSmFov9BptLtgHwEN7fwiCy,0.480322,1.481248,3.0332790000000003,0,2591700,7.197289,Delay-insensitive,2,3.5
247500,ZtliqqWQ6huwwBoA7bEFt79+n9SA4jBixtBzpWNbxDSmFov9BptLtgHwEN7fwiCy,0.518892,4.993212000000001,23.514245000000003,0,2591700,7.197289,Delay-insensitive,2,3.5
247800,ZtliqqWQ6huwwBoA7bEFt79+n9SA4jBixtBzpWNbxDSmFov9BptLtgHwEN7fwiCy,0.462856,1.451235,2.440573,0,2591700,7.197289,Delay-insensitive,2,3.5
248100,ZtliqqWQ6huwwBoA7bEFt79+n9SA4jBixtBzpWNbxDSmFov9BptLtgHwEN7fwiCy,0.288032,1.448617,2.344433,0,2591700,7.197289,Delay-insensitive,2,3.5
248400,ZtliqqWQ6huwwBoA7bEFt79+n9SA4jBixtBzpWNbxDSmFov9BptLtgHwEN7fwiCy,0.470361,1.3466209999999998,2.316886,0,2591700,7.197289,Delay-insensitive,2,3.5
248700,ZtliqqWQ6huwwBoA7bEFt79+n9SA4jBixtBzpWNbxDSmFov9BptLtgHwEN7fwiCy,0.403708,2.371405,15.368861,0,2591700,7.197289,Delay-insensitive,2,3.5
249000,ZtliqqWQ6huwwBoA7bEFt79+n9SA4jBixtBzpWNbxDSmFov9BptLtgHwEN7fwiCy,0.552447,1.441876,2.427378,0,2591700,7.197289,Delay-insensitive,2,3.5
249300,ZtliqqWQ6huwwBoA7bEFt79+n9SA4jBixtBzpWNbxDSmFov9BptLtgHwEN7fwiCy,0.2621739999999999,1.307819,2.35325,0,2591700,7.197289,Delay-insensitive,2,3.5
249600,ZtliqqWQ6huwwBoA7bEFt79+n9SA4jBixtBzpWNbxDSmFov9BptLtgHwEN7fwiCy,0.4656939999999999,1.520821,2.8440220000000003,0,2591700,7.197289,Delay-insensitive,2,3.5
249900,ZtliqqWQ6huwwBoA7bEFt79+n9SA4jBixtBzpWNbxDSmFov9BptLtgHwEN7fwiCy,0.5309560000000001,1.3282889999999998,2.219965,0,2591700,7.197289,Delay-insensitive,2,3.5
250200,ZtliqqWQ6huwwBoA7bEFt79+n9SA4jBixtBzpWNbxDSmFov9BptLtgHwEN7fwiCy,0.5483100000000001,1.466787,2.738346,0,2591700,7.197289,Delay-insensitive,2,3.5
250500,ZtliqqWQ6huwwBoA7bEFt79+n9SA4jBixtBzpWNbxDSmFov9BptLtgHwEN7fwiCy,0.561713,1.431198,2.852769,0,2591700,7.197289,Delay-insensitive,2,3.5
250800,ZtliqqWQ6huwwBoA7bEFt79+n9SA4jBixtBzpWNbxDSmFov9BptLtgHwEN7fwiCy,0.342903,1.421681,2.65489,0,2591700,7.197289,Delay-insensitive,2,3.5
251100,ZtliqqWQ6huwwBoA7bEFt79+n9SA4jBixtBzpWNbxDSmFov9BptLtgHwEN7fwiCy,0.4671659999999999,2.894884,14.976867000000002,0,2591700,7.197289,Delay-insensitive,2,3.5
251400,ZtliqqWQ6huwwBoA7bEFt79+n9SA4jBixtBzpWNbxDSmFov9BptLtgHwEN7fwiCy,0.32709,1.430752,3.2428630000000003,0,2591700,7.197289,Delay-insensitive,2,3.5
251700,ZtliqqWQ6huwwBoA7bEFt79+n9SA4jBixtBzpWNbxDSmFov9BptLtgHwEN7fwiCy,0.525319,1.580983,3.08911,0,2591700,7.197289,Delay-insensitive,2,3.5
252000,ZtliqqWQ6huwwBoA7bEFt79+n9SA4jBixtBzpWNbxDSmFov9BptLtgHwEN7fwiCy,0.422352,1.305049,2.87591,0,2591700,7.197289,Delay-insensitive,2,3.5
252300,ZtliqqWQ6huwwBoA7bEFt79+n9SA4jBixtBzpWNbxDSmFov9BptLtgHwEN7fwiCy,0.5188520000000001,2.558907,12.503435,0,2591700,7.197289,Delay-insensitive,2,3.5
252600,ZtliqqWQ6huwwBoA7bEFt79+n9SA4jBixtBzpWNbxDSmFov9BptLtgHwEN7fwiCy,0.4903899999999999,1.365682,2.818027,0,2591700,7.197289,Delay-insensitive,2,3.5
252900,ZtliqqWQ6huwwBoA7bEFt79+n9SA4jBixtBzpWNbxDSmFov9BptLtgHwEN7fwiCy,0.499104,1.316276,2.154095,0,2591700,7.197289,Delay-insensitive,2,3.5
253200,ZtliqqWQ6huwwBoA7bEFt79+n9SA4jBixtBzpWNbxDSmFov9BptLtgHwEN7fwiCy,0.529933,1.745169,7.501099000000001,0,2591700,7.197289,Delay-insensitive,2,3.5
253500,ZtliqqWQ6huwwBoA7bEFt79+n9SA4jBixtBzpWNbxDSmFov9BptLtgHwEN7fwiCy,0.4752949999999999,1.394637,2.708769,0,2591700,7.197289,Delay-insensitive,2,3.5
253800,ZtliqqWQ6huwwBoA7bEFt79+n9SA4jBixtBzpWNbxDSmFov9BptLtgHwEN7fwiCy,0.453218,1.398354,3.051898,0,2591700,7.197289,Delay-insensitive,2,3.5
254100,ZtliqqWQ6huwwBoA7bEFt79+n9SA4jBixtBzpWNbxDSmFov9BptLtgHwEN7fwiCy,0.411943,1.3712,2.479988,0,2591700,7.197289,Delay-insensitive,2,3.5
254400,ZtliqqWQ6huwwBoA7bEFt79+n9SA4jBixtBzpWNbxDSmFov9BptLtgHwEN7fwiCy,0.721398,1.509768,2.641458,0,2591700,7.197289,Delay-insensitive,2,3.5
254700,ZtliqqWQ6huwwBoA7bEFt79+n9SA4jBixtBzpWNbxDSmFov9BptLtgHwEN7fwiCy,0.523005,1.495961,4.259743,0,2591700,7.197289,Delay-insensitive,2,3.5
255000,ZtliqqWQ6huwwBoA7bEFt79+n9SA4jBixtBzpWNbxDSmFov9BptLtgHwEN7fwiCy,0.671229,1.476145,2.642309,0,2591700,7.197289,Delay-insensitive,2,3.5
255300,ZtliqqWQ6huwwBoA7bEFt79+n9SA4jBixtBzpWNbxDSmFov9BptLtgHwEN7fwiCy,0.5633699999999999,1.422551,2.095311,0,2591700,7.197289,Delay-insensitive,2,3.5
255600,ZtliqqWQ6huwwBoA7bEFt79+n9SA4jBixtBzpWNbxDSmFov9BptLtgHwEN7fwiCy,0.6307689999999999,1.443891,2.906192,0,2591700,7.197289,Delay-insensitive,2,3.5
255900,ZtliqqWQ6huwwBoA7bEFt79+n9SA4jBixtBzpWNbxDSmFov9BptLtgHwEN7fwiCy,0.613271,2.956652,15.07294,0,2591700,7.197289,Delay-insensitive,2,3.5
256200,ZtliqqWQ6huwwBoA7bEFt79+n9SA4jBixtBzpWNbxDSmFov9BptLtgHwEN7fwiCy,0.597272,1.557779,4.75749,0,2591700,7.197289,Delay-insensitive,2,3.5
256500,ZtliqqWQ6huwwBoA7bEFt79+n9SA4jBixtBzpWNbxDSmFov9BptLtgHwEN7fwiCy,0.4491729999999999,1.36709,2.412204,0,2591700,7.197289,Delay-insensitive,2,3.5
256800,ZtliqqWQ6huwwBoA7bEFt79+n9SA4jBixtBzpWNbxDSmFov9BptLtgHwEN7fwiCy,0.505685,1.393946,2.9581630000000003,0,2591700,7.197289,Delay-insensitive,2,3.5
257100,ZtliqqWQ6huwwBoA7bEFt79+n9SA4jBixtBzpWNbxDSmFov9BptLtgHwEN7fwiCy,0.646479,1.4174209999999998,2.609947,0,2591700,7.197289,Delay-insensitive,2,3.5
257400,ZtliqqWQ6huwwBoA7bEFt79+n9SA4jBixtBzpWNbxDSmFov9BptLtgHwEN7fwiCy,0.4771899999999999,1.456651,5.7397860000000005,0,2591700,7.197289,Delay-insensitive,2,3.5
257700,ZtliqqWQ6huwwBoA7bEFt79+n9SA4jBixtBzpWNbxDSmFov9BptLtgHwEN7fwiCy,0.526887,1.376963,2.410551,0,2591700,7.197289,Delay-insensitive,2,3.5
258000,ZtliqqWQ6huwwBoA7bEFt79+n9SA4jBixtBzpWNbxDSmFov9BptLtgHwEN7fwiCy,0.5242060000000001,1.5330469999999998,4.426813,0,2591700,7.197289,Delay-insensitive,2,3.5
258300,ZtliqqWQ6huwwBoA7bEFt79+n9SA4jBixtBzpWNbxDSmFov9BptLtgHwEN7fwiCy,0.534036,1.246555,2.341025,0,2591700,7.197289,Delay-insensitive,2,3.5
258600,ZtliqqWQ6huwwBoA7bEFt79+n9SA4jBixtBzpWNbxDSmFov9BptLtgHwEN7fwiCy,0.639702,1.990195,7.978486,0,2591700,7.197289,Delay-insensitive,2,3.5
258900,ZtliqqWQ6huwwBoA7bEFt79+n9SA4jBixtBzpWNbxDSmFov9BptLtgHwEN7fwiCy,0.358087,1.368431,2.445174,0,2591700,7.197289,Delay-insensitive,2,3.5
259200,ZtliqqWQ6huwwBoA7bEFt79+n9SA4jBixtBzpWNbxDSmFov9BptLtgHwEN7fwiCy,0.538108,1.268781,1.920581,0,2591700,7.197289,Delay-insensitive,2,3.5
259500,ZtliqqWQ6huwwBoA7bEFt79+n9SA4jBixtBzpWNbxDSmFov9BptLtgHwEN7fwiCy,0.379225,1.637925,5.879948000000001,0,2591700,7.197289,Delay-insensitive,2,3.5
259800,ZtliqqWQ6huwwBoA7bEFt79+n9SA4jBixtBzpWNbxDSmFov9BptLtgHwEN7fwiCy,0.577654,2.281542,12.846633,0,2591700,7.197289,Delay-insensitive,2,3.5
260100,ZtliqqWQ6huwwBoA7bEFt79+n9SA4jBixtBzpWNbxDSmFov9BptLtgHwEN7fwiCy,0.467438,1.492574,5.067093,0,2591700,7.197289,Delay-insensitive,2,3.5
260400,ZtliqqWQ6huwwBoA7bEFt79+n9SA4jBixtBzpWNbxDSmFov9BptLtgHwEN7fwiCy,0.512921,1.406455,2.458815,0,2591700,7.197289,Delay-insensitive,2,3.5
260700,ZtliqqWQ6huwwBoA7bEFt79+n9SA4jBixtBzpWNbxDSmFov9BptLtgHwEN7fwiCy,0.631483,2.011891,8.361930000000001,0,2591700,7.197289,Delay-insensitive,2,3.5
261000,ZtliqqWQ6huwwBoA7bEFt79+n9SA4jBixtBzpWNbxDSmFov9BptLtgHwEN7fwiCy,0.526094,1.394114,3.347063,0,2591700,7.197289,Delay-insensitive,2,3.5
261300,ZtliqqWQ6huwwBoA7bEFt79+n9SA4jBixtBzpWNbxDSmFov9BptLtgHwEN7fwiCy,0.469129,3.068211,24.735153,0,2591700,7.197289,Delay-insensitive,2,3.5
261600,ZtliqqWQ6huwwBoA7bEFt79+n9SA4jBixtBzpWNbxDSmFov9BptLtgHwEN7fwiCy,0.293176,1.3229879999999998,2.280354,0,2591700,7.197289,Delay-insensitive,2,3.5
261900,ZtliqqWQ6huwwBoA7bEFt79+n9SA4jBixtBzpWNbxDSmFov9BptLtgHwEN7fwiCy,0.5668489999999999,1.396318,2.226843,0,2591700,7.197289,Delay-insensitive,2,3.5
262200,ZtliqqWQ6huwwBoA7bEFt79+n9SA4jBixtBzpWNbxDSmFov9BptLtgHwEN7fwiCy,0.508818,1.4305709999999998,2.842222,0,2591700,7.197289,Delay-insensitive,2,3.5
262500,ZtliqqWQ6huwwBoA7bEFt79+n9SA4jBixtBzpWNbxDSmFov9BptLtgHwEN7fwiCy,0.555639,1.411598,2.828479,0,2591700,7.197289,Delay-insensitive,2,3.5
262800,ZtliqqWQ6huwwBoA7bEFt79+n9SA4jBixtBzpWNbxDSmFov9BptLtgHwEN7fwiCy,0.505139,1.507181,5.080201000000001,0,2591700,7.197289,Delay-insensitive,2,3.5
263100,ZtliqqWQ6huwwBoA7bEFt79+n9SA4jBixtBzpWNbxDSmFov9BptLtgHwEN7fwiCy,0.556539,1.400906,2.31786,0,2591700,7.197289,Delay-insensitive,2,3.5
263400,ZtliqqWQ6huwwBoA7bEFt79+n9SA4jBixtBzpWNbxDSmFov9BptLtgHwEN7fwiCy,0.38029,2.420649,16.122320000000002,0,2591700,7.197289,Delay-insensitive,2,3.5
263700,ZtliqqWQ6huwwBoA7bEFt79+n9SA4jBixtBzpWNbxDSmFov9BptLtgHwEN7fwiCy,0.533169,1.240007,1.954909,0,2591700,7.197289,Delay-insensitive,2,3.5
264000,ZtliqqWQ6huwwBoA7bEFt79+n9SA4jBixtBzpWNbxDSmFov9BptLtgHwEN7fwiCy,0.5209520000000001,1.405941,2.628416,0,2591700,7.197289,Delay-insensitive,2,3.5
264300,ZtliqqWQ6huwwBoA7bEFt79+n9SA4jBixtBzpWNbxDSmFov9BptLtgHwEN7fwiCy,0.502242,1.367389,2.494549,0,2591700,7.197289,Delay-insensitive,2,3.5
264600,ZtliqqWQ6huwwBoA7bEFt79+n9SA4jBixtBzpWNbxDSmFov9BptLtgHwEN7fwiCy,0.565729,1.341781,2.068873,0,2591700,7.197289,Delay-insensitive,2,3.5
264900,ZtliqqWQ6huwwBoA7bEFt79+n9SA4jBixtBzpWNbxDSmFov9BptLtgHwEN7fwiCy,0.4136439999999999,1.3657700000000002,2.198155,0,2591700,7.197289,Delay-insensitive,2,3.5
265200,ZtliqqWQ6huwwBoA7bEFt79+n9SA4jBixtBzpWNbxDSmFov9BptLtgHwEN7fwiCy,0.597065,1.342929,2.080451,0,2591700,7.197289,Delay-insensitive,2,3.5
265500,ZtliqqWQ6huwwBoA7bEFt79+n9SA4jBixtBzpWNbxDSmFov9BptLtgHwEN7fwiCy,0.477696,1.269208,2.267059,0,2591700,7.197289,Delay-insensitive,2,3.5
265800,ZtliqqWQ6huwwBoA7bEFt79+n9SA4jBixtBzpWNbxDSmFov9BptLtgHwEN7fwiCy,0.5241899999999999,1.366774,2.101505,0,2591700,7.197289,Delay-insensitive,2,3.5
266100,ZtliqqWQ6huwwBoA7bEFt79+n9SA4jBixtBzpWNbxDSmFov9BptLtgHwEN7fwiCy,0.432566,1.403627,2.592719,0,2591700,7.197289,Delay-insensitive,2,3.5
266400,ZtliqqWQ6huwwBoA7bEFt79+n9SA4jBixtBzpWNbxDSmFov9BptLtgHwEN7fwiCy,0.5417109999999999,1.318797,2.986348,0,2591700,7.197289,Delay-insensitive,2,3.5
266700,ZtliqqWQ6huwwBoA7bEFt79+n9SA4jBixtBzpWNbxDSmFov9BptLtgHwEN7fwiCy,0.507146,1.3273620000000002,2.448196,0,2591700,7.197289,Delay-insensitive,2,3.5
267000,ZtliqqWQ6huwwBoA7bEFt79+n9SA4jBixtBzpWNbxDSmFov9BptLtgHwEN7fwiCy,0.624413,2.497229,15.290573,0,2591700,7.197289,Delay-insensitive,2,3.5
267300,ZtliqqWQ6huwwBoA7bEFt79+n9SA4jBixtBzpWNbxDSmFov9BptLtgHwEN7fwiCy,0.530886,1.317009,2.443395,0,2591700,7.197289,Delay-insensitive,2,3.5
267600,ZtliqqWQ6huwwBoA7bEFt79+n9SA4jBixtBzpWNbxDSmFov9BptLtgHwEN7fwiCy,0.4506779999999999,1.383843,2.563839,0,2591700,7.197289,Delay-insensitive,2,3.5
267900,ZtliqqWQ6huwwBoA7bEFt79+n9SA4jBixtBzpWNbxDSmFov9BptLtgHwEN7fwiCy,0.533458,1.3783379999999998,2.348373,0,2591700,7.197289,Delay-insensitive,2,3.5
268200,ZtliqqWQ6huwwBoA7bEFt79+n9SA4jBixtBzpWNbxDSmFov9BptLtgHwEN7fwiCy,0.495379,1.30861,2.356322,0,2591700,7.197289,Delay-insensitive,2,3.5
268500,ZtliqqWQ6huwwBoA7bEFt79+n9SA4jBixtBzpWNbxDSmFov9BptLtgHwEN7fwiCy,0.554922,1.372543,3.024866,0,2591700,7.197289,Delay-insensitive,2,3.5
268800,ZtliqqWQ6huwwBoA7bEFt79+n9SA4jBixtBzpWNbxDSmFov9BptLtgHwEN7fwiCy,0.394425,1.263759,2.363872,0,2591700,7.197289,Delay-insensitive,2,3.5
269100,ZtliqqWQ6huwwBoA7bEFt79+n9SA4jBixtBzpWNbxDSmFov9BptLtgHwEN7fwiCy,0.5289050000000001,1.354598,2.698865,0,2591700,7.197289,Delay-insensitive,2,3.5
269400,ZtliqqWQ6huwwBoA7bEFt79+n9SA4jBixtBzpWNbxDSmFov9BptLtgHwEN7fwiCy,0.603471,1.367223,2.584453,0,2591700,7.197289,Delay-insensitive,2,3.5
269700,ZtliqqWQ6huwwBoA7bEFt79+n9SA4jBixtBzpWNbxDSmFov9BptLtgHwEN7fwiCy,0.435768,1.301661,2.6729700000000003,0,2591700,7.197289,Delay-insensitive,2,3.5
270000,ZtliqqWQ6huwwBoA7bEFt79+n9SA4jBixtBzpWNbxDSmFov9BptLtgHwEN7fwiCy,0.54975,1.362411,2.080073,0,2591700,7.197289,Delay-insensitive,2,3.5
270300,ZtliqqWQ6huwwBoA7bEFt79+n9SA4jBixtBzpWNbxDSmFov9BptLtgHwEN7fwiCy,0.4964729999999999,1.973636,8.737781,0,2591700,7.197289,Delay-insensitive,2,3.5
270600,ZtliqqWQ6huwwBoA7bEFt79+n9SA4jBixtBzpWNbxDSmFov9BptLtgHwEN7fwiCy,0.526487,2.4771650000000003,10.251506,0,2591700,7.197289,Delay-insensitive,2,3.5
270900,ZtliqqWQ6huwwBoA7bEFt79+n9SA4jBixtBzpWNbxDSmFov9BptLtgHwEN7fwiCy,0.520513,1.296685,2.242975,0,2591700,7.197289,Delay-insensitive,2,3.5
271200,ZtliqqWQ6huwwBoA7bEFt79+n9SA4jBixtBzpWNbxDSmFov9BptLtgHwEN7fwiCy,0.49021,1.35719,2.320723,0,2591700,7.197289,Delay-insensitive,2,3.5
271500,ZtliqqWQ6huwwBoA7bEFt79+n9SA4jBixtBzpWNbxDSmFov9BptLtgHwEN7fwiCy,0.419985,1.355364,2.892016,0,2591700,7.197289,Delay-insensitive,2,3.5
271800,ZtliqqWQ6huwwBoA7bEFt79+n9SA4jBixtBzpWNbxDSmFov9BptLtgHwEN7fwiCy,0.540859,1.340896,2.422852,0,2591700,7.197289,Delay-insensitive,2,3.5
272100,ZtliqqWQ6huwwBoA7bEFt79+n9SA4jBixtBzpWNbxDSmFov9BptLtgHwEN7fwiCy,0.295396,1.354746,2.60746,0,2591700,7.197289,Delay-insensitive,2,3.5
272400,ZtliqqWQ6huwwBoA7bEFt79+n9SA4jBixtBzpWNbxDSmFov9BptLtgHwEN7fwiCy,0.509228,1.38322,2.898442,0,2591700,7.197289,Delay-insensitive,2,3.5
272700,ZtliqqWQ6huwwBoA7bEFt79+n9SA4jBixtBzpWNbxDSmFov9BptLtgHwEN7fwiCy,0.600627,1.327746,2.202472,0,2591700,7.197289,Delay-insensitive,2,3.5
273000,ZtliqqWQ6huwwBoA7bEFt79+n9SA4jBixtBzpWNbxDSmFov9BptLtgHwEN7fwiCy,0.257849,1.383084,2.1775990000000003,0,2591700,7.197289,Delay-insensitive,2,3.5
273300,ZtliqqWQ6huwwBoA7bEFt79+n9SA4jBixtBzpWNbxDSmFov9BptLtgHwEN7fwiCy,0.596582,1.389286,2.314621,0,2591700,7.197289,Delay-insensitive,2,3.5
273600,ZtliqqWQ6huwwBoA7bEFt79+n9SA4jBixtBzpWNbxDSmFov9BptLtgHwEN7fwiCy,0.378562,1.294463,2.153277,0,2591700,7.197289,Delay-insensitive,2,3.5
273900,ZtliqqWQ6huwwBoA7bEFt79+n9SA4jBixtBzpWNbxDSmFov9BptLtgHwEN7fwiCy,0.461264,1.371126,2.214909,0,2591700,7.197289,Delay-insensitive,2,3.5
274200,ZtliqqWQ6huwwBoA7bEFt79+n9SA4jBixtBzpWNbxDSmFov9BptLtgHwEN7fwiCy,0.410811,2.472134,16.59725,0,2591700,7.197289,Delay-insensitive,2,3.5
274500,ZtliqqWQ6huwwBoA7bEFt79+n9SA4jBixtBzpWNbxDSmFov9BptLtgHwEN7fwiCy,0.489764,1.320891,2.6550860000000003,0,2591700,7.197289,Delay-insensitive,2,3.5
274800,ZtliqqWQ6huwwBoA7bEFt79+n9SA4jBixtBzpWNbxDSmFov9BptLtgHwEN7fwiCy,0.454028,1.313786,2.330077,0,2591700,7.197289,Delay-insensitive,2,3.5
275100,ZtliqqWQ6huwwBoA7bEFt79+n9SA4jBixtBzpWNbxDSmFov9BptLtgHwEN7fwiCy,0.323262,1.415237,2.75845,0,2591700,7.197289,Delay-insensitive,2,3.5
275400,ZtliqqWQ6huwwBoA7bEFt79+n9SA4jBixtBzpWNbxDSmFov9BptLtgHwEN7fwiCy,0.580038,1.329315,2.663841,0,2591700,7.197289,Delay-insensitive,2,3.5
275700,ZtliqqWQ6huwwBoA7bEFt79+n9SA4jBixtBzpWNbxDSmFov9BptLtgHwEN7fwiCy,0.532391,1.4302979999999998,2.540923,0,2591700,7.197289,Delay-insensitive,2,3.5
276000,ZtliqqWQ6huwwBoA7bEFt79+n9SA4jBixtBzpWNbxDSmFov9BptLtgHwEN7fwiCy,0.5445270000000001,1.364931,2.14996,0,2591700,7.197289,Delay-insensitive,2,3.5
276300,ZtliqqWQ6huwwBoA7bEFt79+n9SA4jBixtBzpWNbxDSmFov9BptLtgHwEN7fwiCy,0.609738,5.380134,27.087164,0,2591700,7.197289,Delay-insensitive,2,3.5
276600,ZtliqqWQ6huwwBoA7bEFt79+n9SA4jBixtBzpWNbxDSmFov9BptLtgHwEN7fwiCy,0.53593,1.416002,2.537889,0,2591700,7.197289,Delay-insensitive,2,3.5
276900,ZtliqqWQ6huwwBoA7bEFt79+n9SA4jBixtBzpWNbxDSmFov9BptLtgHwEN7fwiCy,0.625436,1.456954,2.5270490000000003,0,2591700,7.197289,Delay-insensitive,2,3.5
277200,ZtliqqWQ6huwwBoA7bEFt79+n9SA4jBixtBzpWNbxDSmFov9BptLtgHwEN7fwiCy,0.4947609999999999,1.39399,2.321048,0,2591700,7.197289,Delay-insensitive,2,3.5
277500,ZtliqqWQ6huwwBoA7bEFt79+n9SA4jBixtBzpWNbxDSmFov9BptLtgHwEN7fwiCy,0.5144920000000001,1.377467,2.395414,0,2591700,7.197289,Delay-insensitive,2,3.5
277800,ZtliqqWQ6huwwBoA7bEFt79+n9SA4jBixtBzpWNbxDSmFov9BptLtgHwEN7fwiCy,0.62221,2.472369,17.990165,0,2591700,7.197289,Delay-insensitive,2,3.5
278100,ZtliqqWQ6huwwBoA7bEFt79+n9SA4jBixtBzpWNbxDSmFov9BptLtgHwEN7fwiCy,0.4918439999999999,1.328091,2.430227,0,2591700,7.197289,Delay-insensitive,2,3.5
278400,ZtliqqWQ6huwwBoA7bEFt79+n9SA4jBixtBzpWNbxDSmFov9BptLtgHwEN7fwiCy,0.278886,1.366212,2.48291,0,2591700,7.197289,Delay-insensitive,2,3.5
278700,ZtliqqWQ6huwwBoA7bEFt79+n9SA4jBixtBzpWNbxDSmFov9BptLtgHwEN7fwiCy,0.625742,1.392121,2.513371,0,2591700,7.197289,Delay-insensitive,2,3.5
279000,ZtliqqWQ6huwwBoA7bEFt79+n9SA4jBixtBzpWNbxDSmFov9BptLtgHwEN7fwiCy,0.291658,1.308542,2.181581,0,2591700,7.197289,Delay-insensitive,2,3.5
279300,ZtliqqWQ6huwwBoA7bEFt79+n9SA4jBixtBzpWNbxDSmFov9BptLtgHwEN7fwiCy,0.5147550000000001,1.348292,2.11037,0,2591700,7.197289,Delay-insensitive,2,3.5
279600,ZtliqqWQ6huwwBoA7bEFt79+n9SA4jBixtBzpWNbxDSmFov9BptLtgHwEN7fwiCy,0.468826,1.3774879999999998,2.7856,0,2591700,7.197289,Delay-insensitive,2,3.5
279900,ZtliqqWQ6huwwBoA7bEFt79+n9SA4jBixtBzpWNbxDSmFov9BptLtgHwEN7fwiCy,0.5444829999999999,1.343894,2.431437,0,2591700,7.197289,Delay-insensitive,2,3.5
280200,ZtliqqWQ6huwwBoA7bEFt79+n9SA4jBixtBzpWNbxDSmFov9BptLtgHwEN7fwiCy,0.28084,1.343189,2.960766,0,2591700,7.197289,Delay-insensitive,2,3.5
280500,ZtliqqWQ6huwwBoA7bEFt79+n9SA4jBixtBzpWNbxDSmFov9BptLtgHwEN7fwiCy,0.276475,1.434948,2.345339,0,2591700,7.197289,Delay-insensitive,2,3.5
280800,ZtliqqWQ6huwwBoA7bEFt79+n9SA4jBixtBzpWNbxDSmFov9BptLtgHwEN7fwiCy,0.529472,1.358586,2.492298,0,2591700,7.197289,Delay-insensitive,2,3.5
281100,ZtliqqWQ6huwwBoA7bEFt79+n9SA4jBixtBzpWNbxDSmFov9BptLtgHwEN7fwiCy,0.475108,1.590929,4.258696,0,2591700,7.197289,Delay-insensitive,2,3.5
281400,ZtliqqWQ6huwwBoA7bEFt79+n9SA4jBixtBzpWNbxDSmFov9BptLtgHwEN7fwiCy,0.57734,2.469605,11.232062,0,2591700,7.197289,Delay-insensitive,2,3.5
281700,ZtliqqWQ6huwwBoA7bEFt79+n9SA4jBixtBzpWNbxDSmFov9BptLtgHwEN7fwiCy,0.387938,1.248979,2.557739,0,2591700,7.197289,Delay-insensitive,2,3.5
282000,ZtliqqWQ6huwwBoA7bEFt79+n9SA4jBixtBzpWNbxDSmFov9BptLtgHwEN7fwiCy,0.516247,1.3936959999999998,2.192129,0,2591700,7.197289,Delay-insensitive,2,3.5
282300,ZtliqqWQ6huwwBoA7bEFt79+n9SA4jBixtBzpWNbxDSmFov9BptLtgHwEN7fwiCy,0.4757439999999999,1.269024,2.199215,0,2591700,7.197289,Delay-insensitive,2,3.5
282600,ZtliqqWQ6huwwBoA7bEFt79+n9SA4jBixtBzpWNbxDSmFov9BptLtgHwEN7fwiCy,0.515972,1.38835,2.211328,0,2591700,7.197289,Delay-insensitive,2,3.5
282900,ZtliqqWQ6huwwBoA7bEFt79+n9SA4jBixtBzpWNbxDSmFov9BptLtgHwEN7fwiCy,0.408447,1.31335,2.612251,0,2591700,7.197289,Delay-insensitive,2,3.5
283200,ZtliqqWQ6huwwBoA7bEFt79+n9SA4jBixtBzpWNbxDSmFov9BptLtgHwEN7fwiCy,0.555325,1.404878,2.889852,0,2591700,7.197289,Delay-insensitive,2,3.5
283500,ZtliqqWQ6huwwBoA7bEFt79+n9SA4jBixtBzpWNbxDSmFov9BptLtgHwEN7fwiCy,0.5188729999999999,1.383916,2.30933,0,2591700,7.197289,Delay-insensitive,2,3.5
283800,ZtliqqWQ6huwwBoA7bEFt79+n9SA4jBixtBzpWNbxDSmFov9BptLtgHwEN7fwiCy,0.523081,1.430314,3.121461,0,2591700,7.197289,Delay-insensitive,2,3.5
284100,ZtliqqWQ6huwwBoA7bEFt79+n9SA4jBixtBzpWNbxDSmFov9BptLtgHwEN7fwiCy,0.564014,1.416151,2.242554,0,2591700,7.197289,Delay-insensitive,2,3.5
284400,ZtliqqWQ6huwwBoA7bEFt79+n9SA4jBixtBzpWNbxDSmFov9BptLtgHwEN7fwiCy,0.413476,1.277245,2.676234,0,2591700,7.197289,Delay-insensitive,2,3.5
284700,ZtliqqWQ6huwwBoA7bEFt79+n9SA4jBixtBzpWNbxDSmFov9BptLtgHwEN7fwiCy,0.532134,1.504302,2.735738,0,2591700,7.197289,Delay-insensitive,2,3.5
285000,ZtliqqWQ6huwwBoA7bEFt79+n9SA4jBixtBzpWNbxDSmFov9BptLtgHwEN7fwiCy,0.5547949999999999,2.475914,14.939873,0,2591700,7.197289,Delay-insensitive,2,3.5
285300,ZtliqqWQ6huwwBoA7bEFt79+n9SA4jBixtBzpWNbxDSmFov9BptLtgHwEN7fwiCy,0.507433,1.323561,2.150503,0,2591700,7.197289,Delay-insensitive,2,3.5
285600,ZtliqqWQ6huwwBoA7bEFt79+n9SA4jBixtBzpWNbxDSmFov9BptLtgHwEN7fwiCy,0.380683,1.325735,2.460164,0,2591700,7.197289,Delay-insensitive,2,3.5
285900,ZtliqqWQ6huwwBoA7bEFt79+n9SA4jBixtBzpWNbxDSmFov9BptLtgHwEN7fwiCy,0.61871,1.399649,2.5962110000000003,0,2591700,7.197289,Delay-insensitive,2,3.5
286200,ZtliqqWQ6huwwBoA7bEFt79+n9SA4jBixtBzpWNbxDSmFov9BptLtgHwEN7fwiCy,0.558389,1.322964,2.66947,0,2591700,7.197289,Delay-insensitive,2,3.5
286500,ZtliqqWQ6huwwBoA7bEFt79+n9SA4jBixtBzpWNbxDSmFov9BptLtgHwEN7fwiCy,0.5131020000000001,1.3776469999999998,2.326469,0,2591700,7.197289,Delay-insensitive,2,3.5
286800,ZtliqqWQ6huwwBoA7bEFt79+n9SA4jBixtBzpWNbxDSmFov9BptLtgHwEN7fwiCy,0.564725,1.382608,2.240841,0,2591700,7.197289,Delay-insensitive,2,3.5
287100,ZtliqqWQ6huwwBoA7bEFt79+n9SA4jBixtBzpWNbxDSmFov9BptLtgHwEN7fwiCy,0.421255,1.2532530000000002,2.132606,0,2591700,7.197289,Delay-insensitive,2,3.5
287400,ZtliqqWQ6huwwBoA7bEFt79+n9SA4jBixtBzpWNbxDSmFov9BptLtgHwEN7fwiCy,0.676744,1.528659,3.006393,0,2591700,7.197289,Delay-insensitive,2,3.5
287700,ZtliqqWQ6huwwBoA7bEFt79+n9SA4jBixtBzpWNbxDSmFov9BptLtgHwEN7fwiCy,0.40344,1.27947,2.424211,0,2591700,7.197289,Delay-insensitive,2,3.5
288000,ZtliqqWQ6huwwBoA7bEFt79+n9SA4jBixtBzpWNbxDSmFov9BptLtgHwEN7fwiCy,0.567692,1.30079,2.968369,0,2591700,7.197289,Delay-insensitive,2,3.5
288300,ZtliqqWQ6huwwBoA7bEFt79+n9SA4jBixtBzpWNbxDSmFov9BptLtgHwEN7fwiCy,0.398827,1.434763,2.609986,0,2591700,7.197289,Delay-insensitive,2,3.5
288600,ZtliqqWQ6huwwBoA7bEFt79+n9SA4jBixtBzpWNbxDSmFov9BptLtgHwEN7fwiCy,0.338755,2.383228,13.560604,0,2591700,7.197289,Delay-insensitive,2,3.5
288900,ZtliqqWQ6huwwBoA7bEFt79+n9SA4jBixtBzpWNbxDSmFov9BptLtgHwEN7fwiCy,0.573547,1.380224,2.261853,0,2591700,7.197289,Delay-insensitive,2,3.5
289200,ZtliqqWQ6huwwBoA7bEFt79+n9SA4jBixtBzpWNbxDSmFov9BptLtgHwEN7fwiCy,0.530467,1.344956,2.498477,0,2591700,7.197289,Delay-insensitive,2,3.5
289500,ZtliqqWQ6huwwBoA7bEFt79+n9SA4jBixtBzpWNbxDSmFov9BptLtgHwEN7fwiCy,0.64274,1.321242,1.977956,0,2591700,7.197289,Delay-insensitive,2,3.5
289800,ZtliqqWQ6huwwBoA7bEFt79+n9SA4jBixtBzpWNbxDSmFov9BptLtgHwEN7fwiCy,0.527543,1.4298879999999998,2.281181,0,2591700,7.197289,Delay-insensitive,2,3.5
290100,ZtliqqWQ6huwwBoA7bEFt79+n9SA4jBixtBzpWNbxDSmFov9BptLtgHwEN7fwiCy,0.523623,1.459608,2.51091,0,2591700,7.197289,Delay-insensitive,2,3.5
290400,ZtliqqWQ6huwwBoA7bEFt79+n9SA4jBixtBzpWNbxDSmFov9BptLtgHwEN7fwiCy,0.531141,2.303877,15.169281,0,2591700,7.197289,Delay-insensitive,2,3.5
290700,ZtliqqWQ6huwwBoA7bEFt79+n9SA4jBixtBzpWNbxDSmFov9BptLtgHwEN7fwiCy,0.483039,1.302121,2.186599,0,2591700,7.197289,Delay-insensitive,2,3.5
291000,ZtliqqWQ6huwwBoA7bEFt79+n9SA4jBixtBzpWNbxDSmFov9BptLtgHwEN7fwiCy,0.477076,2.210884,14.190329,0,2591700,7.197289,Delay-insensitive,2,3.5
291300,ZtliqqWQ6huwwBoA7bEFt79+n9SA4jBixtBzpWNbxDSmFov9BptLtgHwEN7fwiCy,0.437454,1.276884,2.474352,0,2591700,7.197289,Delay-insensitive,2,3.5
291600,ZtliqqWQ6huwwBoA7bEFt79+n9SA4jBixtBzpWNbxDSmFov9BptLtgHwEN7fwiCy,0.544068,1.33206,2.37896,0,2591700,7.197289,Delay-insensitive,2,3.5
291900,ZtliqqWQ6huwwBoA7bEFt79+n9SA4jBixtBzpWNbxDSmFov9BptLtgHwEN7fwiCy,0.460084,1.215563,1.976738,0,2591700,7.197289,Delay-insensitive,2,3.5
292200,ZtliqqWQ6huwwBoA7bEFt79+n9SA4jBixtBzpWNbxDSmFov9BptLtgHwEN7fwiCy,0.624035,2.592126,14.677023000000002,0,2591700,7.197289,Delay-insensitive,2,3.5
292500,ZtliqqWQ6huwwBoA7bEFt79+n9SA4jBixtBzpWNbxDSmFov9BptLtgHwEN7fwiCy,0.292653,1.367049,2.480344,0,2591700,7.197289,Delay-insensitive,2,3.5
292800,ZtliqqWQ6huwwBoA7bEFt79+n9SA4jBixtBzpWNbxDSmFov9BptLtgHwEN7fwiCy,0.696905,1.411314,2.555948,0,2591700,7.197289,Delay-insensitive,2,3.5
293100,ZtliqqWQ6huwwBoA7bEFt79+n9SA4jBixtBzpWNbxDSmFov9BptLtgHwEN7fwiCy,0.370878,1.412416,2.610942,0,2591700,7.197289,Delay-insensitive,2,3.5
293400,ZtliqqWQ6huwwBoA7bEFt79+n9SA4jBixtBzpWNbxDSmFov9BptLtgHwEN7fwiCy,0.430735,1.375726,2.804418,0,2591700,7.197289,Delay-insensitive,2,3.5
293700,ZtliqqWQ6huwwBoA7bEFt79+n9SA4jBixtBzpWNbxDSmFov9BptLtgHwEN7fwiCy,0.284802,1.480974,3.023137,0,2591700,7.197289,Delay-insensitive,2,3.5
294000,ZtliqqWQ6huwwBoA7bEFt79+n9SA4jBixtBzpWNbxDSmFov9BptLtgHwEN7fwiCy,0.227843,1.338059,2.193054,0,2591700,7.197289,Delay-insensitive,2,3.5
294300,ZtliqqWQ6huwwBoA7bEFt79+n9SA4jBixtBzpWNbxDSmFov9BptLtgHwEN7fwiCy,0.618969,1.474896,2.144358,0,2591700,7.197289,Delay-insensitive,2,3.5
294600,ZtliqqWQ6huwwBoA7bEFt79+n9SA4jBixtBzpWNbxDSmFov9BptLtgHwEN7fwiCy,0.2888159999999999,2.203959,5.400599,0,2591700,7.197289,Delay-insensitive,2,3.5
294900,ZtliqqWQ6huwwBoA7bEFt79+n9SA4jBixtBzpWNbxDSmFov9BptLtgHwEN7fwiCy,0.5703590000000001,1.806781,4.682042,0,2591700,7.197289,Delay-insensitive,2,3.5
295200,ZtliqqWQ6huwwBoA7bEFt79+n9SA4jBixtBzpWNbxDSmFov9BptLtgHwEN7fwiCy,21.345529,57.334236,78.017864,0,2591700,7.197289,Delay-insensitive,2,3.5
295500,ZtliqqWQ6huwwBoA7bEFt79+n9SA4jBixtBzpWNbxDSmFov9BptLtgHwEN7fwiCy,0.5886680000000001,16.36177,43.454899,0,2591700,7.197289,Delay-insensitive,2,3.5
295800,ZtliqqWQ6huwwBoA7bEFt79+n9SA4jBixtBzpWNbxDSmFov9BptLtgHwEN7fwiCy,0.402066,1.672832,5.051528,0,2591700,7.197289,Delay-insensitive,2,3.5
296100,ZtliqqWQ6huwwBoA7bEFt79+n9SA4jBixtBzpWNbxDSmFov9BptLtgHwEN7fwiCy,0.503815,2.751453,8.692625999999999,0,2591700,7.197289,Delay-insensitive,2,3.5
296400,ZtliqqWQ6huwwBoA7bEFt79+n9SA4jBixtBzpWNbxDSmFov9BptLtgHwEN7fwiCy,0.282698,1.461592,3.13817,0,2591700,7.197289,Delay-insensitive,2,3.5
296700,ZtliqqWQ6huwwBoA7bEFt79+n9SA4jBixtBzpWNbxDSmFov9BptLtgHwEN7fwiCy,0.556413,1.424115,2.197901,0,2591700,7.197289,Delay-insensitive,2,3.5
297000,ZtliqqWQ6huwwBoA7bEFt79+n9SA4jBixtBzpWNbxDSmFov9BptLtgHwEN7fwiCy,0.2791659999999999,1.35065,2.770009,0,2591700,7.197289,Delay-insensitive,2,3.5
297300,ZtliqqWQ6huwwBoA7bEFt79+n9SA4jBixtBzpWNbxDSmFov9BptLtgHwEN7fwiCy,0.358415,1.392167,2.612613,0,2591700,7.197289,Delay-insensitive,2,3.5
297600,ZtliqqWQ6huwwBoA7bEFt79+n9SA4jBixtBzpWNbxDSmFov9BptLtgHwEN7fwiCy,0.51334,2.110314,5.085264,0,2591700,7.197289,Delay-insensitive,2,3.5
297900,ZtliqqWQ6huwwBoA7bEFt79+n9SA4jBixtBzpWNbxDSmFov9BptLtgHwEN7fwiCy,0.634941,1.408081,2.359844,0,2591700,7.197289,Delay-insensitive,2,3.5
298200,ZtliqqWQ6huwwBoA7bEFt79+n9SA4jBixtBzpWNbxDSmFov9BptLtgHwEN7fwiCy,0.5124479999999999,1.408521,2.222564,0,2591700,7.197289,Delay-insensitive,2,3.5
298500,ZtliqqWQ6huwwBoA7bEFt79+n9SA4jBixtBzpWNbxDSmFov9BptLtgHwEN7fwiCy,0.559684,1.280373,1.922379,0,2591700,7.197289,Delay-insensitive,2,3.5
298800,ZtliqqWQ6huwwBoA7bEFt79+n9SA4jBixtBzpWNbxDSmFov9BptLtgHwEN7fwiCy,0.5366850000000001,1.424669,2.444955,0,2591700,7.197289,Delay-insensitive,2,3.5
299100,ZtliqqWQ6huwwBoA7bEFt79+n9SA4jBixtBzpWNbxDSmFov9BptLtgHwEN7fwiCy,0.506253,1.378779,2.812894,0,2591700,7.197289,Delay-insensitive,2,3.5
299400,ZtliqqWQ6huwwBoA7bEFt79+n9SA4jBixtBzpWNbxDSmFov9BptLtgHwEN7fwiCy,0.5485869999999999,1.396216,2.40203,0,2591700,7.197289,Delay-insensitive,2,3.5
299700,ZtliqqWQ6huwwBoA7bEFt79+n9SA4jBixtBzpWNbxDSmFov9BptLtgHwEN7fwiCy,0.410013,1.408981,2.540136,0,2591700,7.197289,Delay-insensitive,2,3.5
300000,ZtliqqWQ6huwwBoA7bEFt79+n9SA4jBixtBzpWNbxDSmFov9BptLtgHwEN7fwiCy,0.421834,1.423073,2.575583,0,2591700,7.197289,Delay-insensitive,2,3.5
300300,ZtliqqWQ6huwwBoA7bEFt79+n9SA4jBixtBzpWNbxDSmFov9BptLtgHwEN7fwiCy,0.515423,2.125245,8.550279,0,2591700,7.197289,Delay-insensitive,2,3.5
300600,ZtliqqWQ6huwwBoA7bEFt79+n9SA4jBixtBzpWNbxDSmFov9BptLtgHwEN7fwiCy,0.390563,1.345035,2.576866,0,2591700,7.197289,Delay-insensitive,2,3.5
300900,ZtliqqWQ6huwwBoA7bEFt79+n9SA4jBixtBzpWNbxDSmFov9BptLtgHwEN7fwiCy,0.4968109999999999,1.4369889999999998,2.691886,0,2591700,7.197289,Delay-insensitive,2,3.5
301200,ZtliqqWQ6huwwBoA7bEFt79+n9SA4jBixtBzpWNbxDSmFov9BptLtgHwEN7fwiCy,0.494406,1.364192,2.604871,0,2591700,7.197289,Delay-insensitive,2,3.5
301500,ZtliqqWQ6huwwBoA7bEFt79+n9SA4jBixtBzpWNbxDSmFov9BptLtgHwEN7fwiCy,0.513454,1.395681,3.0227060000000003,0,2591700,7.197289,Delay-insensitive,2,3.5
301800,ZtliqqWQ6huwwBoA7bEFt79+n9SA4jBixtBzpWNbxDSmFov9BptLtgHwEN7fwiCy,0.343526,1.384374,2.4321330000000003,0,2591700,7.197289,Delay-insensitive,2,3.5
302100,ZtliqqWQ6huwwBoA7bEFt79+n9SA4jBixtBzpWNbxDSmFov9BptLtgHwEN7fwiCy,0.485175,1.333548,2.668927,0,2591700,7.197289,Delay-insensitive,2,3.5
302400,ZtliqqWQ6huwwBoA7bEFt79+n9SA4jBixtBzpWNbxDSmFov9BptLtgHwEN7fwiCy,0.257731,1.35465,2.867454,0,2591700,7.197289,Delay-insensitive,2,3.5
302700,ZtliqqWQ6huwwBoA7bEFt79+n9SA4jBixtBzpWNbxDSmFov9BptLtgHwEN7fwiCy,0.447417,1.345976,2.204965,0,2591700,7.197289,Delay-insensitive,2,3.5
303000,ZtliqqWQ6huwwBoA7bEFt79+n9SA4jBixtBzpWNbxDSmFov9BptLtgHwEN7fwiCy,0.551509,1.401823,2.562754,0,2591700,7.197289,Delay-insensitive,2,3.5
303300,ZtliqqWQ6huwwBoA7bEFt79+n9SA4jBixtBzpWNbxDSmFov9BptLtgHwEN7fwiCy,0.239326,1.302451,2.245915,0,2591700,7.197289,Delay-insensitive,2,3.5
303600,ZtliqqWQ6huwwBoA7bEFt79+n9SA4jBixtBzpWNbxDSmFov9BptLtgHwEN7fwiCy,0.5148689999999999,1.36282,2.477506,0,2591700,7.197289,Delay-insensitive,2,3.5
303900,ZtliqqWQ6huwwBoA7bEFt79+n9SA4jBixtBzpWNbxDSmFov9BptLtgHwEN7fwiCy,0.329659,1.284918,2.5697400000000004,0,2591700,7.197289,Delay-insensitive,2,3.5
304200,ZtliqqWQ6huwwBoA7bEFt79+n9SA4jBixtBzpWNbxDSmFov9BptLtgHwEN7fwiCy,0.509171,1.409494,2.826311,0,2591700,7.197289,Delay-insensitive,2,3.5
304500,ZtliqqWQ6huwwBoA7bEFt79+n9SA4jBixtBzpWNbxDSmFov9BptLtgHwEN7fwiCy,0.382824,1.384743,2.403263,0,2591700,7.197289,Delay-insensitive,2,3.5
304800,ZtliqqWQ6huwwBoA7bEFt79+n9SA4jBixtBzpWNbxDSmFov9BptLtgHwEN7fwiCy,0.485362,1.361875,2.500956,0,2591700,7.197289,Delay-insensitive,2,3.5
305100,ZtliqqWQ6huwwBoA7bEFt79+n9SA4jBixtBzpWNbxDSmFov9BptLtgHwEN7fwiCy,0.33003,1.322266,2.343209,0,2591700,7.197289,Delay-insensitive,2,3.5
305400,ZtliqqWQ6huwwBoA7bEFt79+n9SA4jBixtBzpWNbxDSmFov9BptLtgHwEN7fwiCy,0.336686,1.291222,2.2454110000000003,0,2591700,7.197289,Delay-insensitive,2,3.5
305700,ZtliqqWQ6huwwBoA7bEFt79+n9SA4jBixtBzpWNbxDSmFov9BptLtgHwEN7fwiCy,0.501796,1.419972,2.837616,0,2591700,7.197289,Delay-insensitive,2,3.5
306000,ZtliqqWQ6huwwBoA7bEFt79+n9SA4jBixtBzpWNbxDSmFov9BptLtgHwEN7fwiCy,0.288853,1.391532,2.478435,0,2591700,7.197289,Delay-insensitive,2,3.5
306300,ZtliqqWQ6huwwBoA7bEFt79+n9SA4jBixtBzpWNbxDSmFov9BptLtgHwEN7fwiCy,0.496606,1.327541,2.057439,0,2591700,7.197289,Delay-insensitive,2,3.5
306600,ZtliqqWQ6huwwBoA7bEFt79+n9SA4jBixtBzpWNbxDSmFov9BptLtgHwEN7fwiCy,0.386862,1.356858,2.6411290000000003,0,2591700,7.197289,Delay-insensitive,2,3.5
306900,ZtliqqWQ6huwwBoA7bEFt79+n9SA4jBixtBzpWNbxDSmFov9BptLtgHwEN7fwiCy,0.49255,1.379658,2.565145,0,2591700,7.197289,Delay-insensitive,2,3.5
307200,ZtliqqWQ6huwwBoA7bEFt79+n9SA4jBixtBzpWNbxDSmFov9BptLtgHwEN7fwiCy,0.4820609999999999,1.272716,3.21874,0,2591700,7.197289,Delay-insensitive,2,3.5
307500,ZtliqqWQ6huwwBoA7bEFt79+n9SA4jBixtBzpWNbxDSmFov9BptLtgHwEN7fwiCy,0.489915,1.369258,2.413714,0,2591700,7.197289,Delay-insensitive,2,3.5
307800,ZtliqqWQ6huwwBoA7bEFt79+n9SA4jBixtBzpWNbxDSmFov9BptLtgHwEN7fwiCy,0.350435,1.404084,2.546301,0,2591700,7.197289,Delay-insensitive,2,3.5
308100,ZtliqqWQ6huwwBoA7bEFt79+n9SA4jBixtBzpWNbxDSmFov9BptLtgHwEN7fwiCy,0.4781439999999999,1.249193,2.436293,0,2591700,7.197289,Delay-insensitive,2,3.5
308400,ZtliqqWQ6huwwBoA7bEFt79+n9SA4jBixtBzpWNbxDSmFov9BptLtgHwEN7fwiCy,0.464898,1.483097,2.623964,0,2591700,7.197289,Delay-insensitive,2,3.5
308700,ZtliqqWQ6huwwBoA7bEFt79+n9SA4jBixtBzpWNbxDSmFov9BptLtgHwEN7fwiCy,0.452235,1.313385,2.19653,0,2591700,7.197289,Delay-insensitive,2,3.5
309000,ZtliqqWQ6huwwBoA7bEFt79+n9SA4jBixtBzpWNbxDSmFov9BptLtgHwEN7fwiCy,0.498733,1.322976,2.426904,0,2591700,7.197289,Delay-insensitive,2,3.5
309300,ZtliqqWQ6huwwBoA7bEFt79+n9SA4jBixtBzpWNbxDSmFov9BptLtgHwEN7fwiCy,0.34721,1.301139,2.62068,0,2591700,7.197289,Delay-insensitive,2,3.5
309600,ZtliqqWQ6huwwBoA7bEFt79+n9SA4jBixtBzpWNbxDSmFov9BptLtgHwEN7fwiCy,0.48356,1.276486,2.123446,0,2591700,7.197289,Delay-insensitive,2,3.5
309900,ZtliqqWQ6huwwBoA7bEFt79+n9SA4jBixtBzpWNbxDSmFov9BptLtgHwEN7fwiCy,0.299005,1.268069,2.649755,0,2591700,7.197289,Delay-insensitive,2,3.5
310200,ZtliqqWQ6huwwBoA7bEFt79+n9SA4jBixtBzpWNbxDSmFov9BptLtgHwEN7fwiCy,0.491343,1.397725,2.187361,0,2591700,7.197289,Delay-insensitive,2,3.5
310500,ZtliqqWQ6huwwBoA7bEFt79+n9SA4jBixtBzpWNbxDSmFov9BptLtgHwEN7fwiCy,0.484793,1.465144,4.594261,0,2591700,7.197289,Delay-insensitive,2,3.5
310800,ZtliqqWQ6huwwBoA7bEFt79+n9SA4jBixtBzpWNbxDSmFov9BptLtgHwEN7fwiCy,0.239667,1.220597,2.485387,0,2591700,7.197289,Delay-insensitive,2,3.5
311100,ZtliqqWQ6huwwBoA7bEFt79+n9SA4jBixtBzpWNbxDSmFov9BptLtgHwEN7fwiCy,0.511742,1.410181,2.983823,0,2591700,7.197289,Delay-insensitive,2,3.5
311400,ZtliqqWQ6huwwBoA7bEFt79+n9SA4jBixtBzpWNbxDSmFov9BptLtgHwEN7fwiCy,0.273818,1.274711,1.985702,0,2591700,7.197289,Delay-insensitive,2,3.5
311700,ZtliqqWQ6huwwBoA7bEFt79+n9SA4jBixtBzpWNbxDSmFov9BptLtgHwEN7fwiCy,0.498935,1.274123,2.539455,0,2591700,7.197289,Delay-insensitive,2,3.5
312000,ZtliqqWQ6huwwBoA7bEFt79+n9SA4jBixtBzpWNbxDSmFov9BptLtgHwEN7fwiCy,0.359237,1.209473,2.083403,0,2591700,7.197289,Delay-insensitive,2,3.5
312300,ZtliqqWQ6huwwBoA7bEFt79+n9SA4jBixtBzpWNbxDSmFov9BptLtgHwEN7fwiCy,0.472213,1.236184,2.437816,0,2591700,7.197289,Delay-insensitive,2,3.5
312600,ZtliqqWQ6huwwBoA7bEFt79+n9SA4jBixtBzpWNbxDSmFov9BptLtgHwEN7fwiCy,0.447952,1.270003,2.372336,0,2591700,7.197289,Delay-insensitive,2,3.5
312900,ZtliqqWQ6huwwBoA7bEFt79+n9SA4jBixtBzpWNbxDSmFov9BptLtgHwEN7fwiCy,0.648921,1.383965,2.338006,0,2591700,7.197289,Delay-insensitive,2,3.5
313200,ZtliqqWQ6huwwBoA7bEFt79+n9SA4jBixtBzpWNbxDSmFov9BptLtgHwEN7fwiCy,0.514972,1.258799,2.001052,0,2591700,7.197289,Delay-insensitive,2,3.5
313500,ZtliqqWQ6huwwBoA7bEFt79+n9SA4jBixtBzpWNbxDSmFov9BptLtgHwEN7fwiCy,0.4994659999999999,1.282261,3.018389,0,2591700,7.197289,Delay-insensitive,2,3.5
313800,ZtliqqWQ6huwwBoA7bEFt79+n9SA4jBixtBzpWNbxDSmFov9BptLtgHwEN7fwiCy,0.491459,1.393457,2.691236,0,2591700,7.197289,Delay-insensitive,2,3.5
314100,ZtliqqWQ6huwwBoA7bEFt79+n9SA4jBixtBzpWNbxDSmFov9BptLtgHwEN7fwiCy,0.487055,1.339821,2.243723,0,2591700,7.197289,Delay-insensitive,2,3.5
314400,ZtliqqWQ6huwwBoA7bEFt79+n9SA4jBixtBzpWNbxDSmFov9BptLtgHwEN7fwiCy,0.4891859999999999,1.247395,2.332289,0,2591700,7.197289,Delay-insensitive,2,3.5
314700,ZtliqqWQ6huwwBoA7bEFt79+n9SA4jBixtBzpWNbxDSmFov9BptLtgHwEN7fwiCy,0.394928,1.364852,2.76863,0,2591700,7.197289,Delay-insensitive,2,3.5
315000,ZtliqqWQ6huwwBoA7bEFt79+n9SA4jBixtBzpWNbxDSmFov9BptLtgHwEN7fwiCy,0.474304,1.301649,2.636865,0,2591700,7.197289,Delay-insensitive,2,3.5
315300,ZtliqqWQ6huwwBoA7bEFt79+n9SA4jBixtBzpWNbxDSmFov9BptLtgHwEN7fwiCy,0.489609,1.283795,2.564018,0,2591700,7.197289,Delay-insensitive,2,3.5
315600,ZtliqqWQ6huwwBoA7bEFt79+n9SA4jBixtBzpWNbxDSmFov9BptLtgHwEN7fwiCy,0.525826,1.430595,2.592646,0,2591700,7.197289,Delay-insensitive,2,3.5
315900,ZtliqqWQ6huwwBoA7bEFt79+n9SA4jBixtBzpWNbxDSmFov9BptLtgHwEN7fwiCy,0.484864,1.28856,2.426546,0,2591700,7.197289,Delay-insensitive,2,3.5
316200,ZtliqqWQ6huwwBoA7bEFt79+n9SA4jBixtBzpWNbxDSmFov9BptLtgHwEN7fwiCy,0.401063,1.305004,3.462991,0,2591700,7.197289,Delay-insensitive,2,3.5
316500,ZtliqqWQ6huwwBoA7bEFt79+n9SA4jBixtBzpWNbxDSmFov9BptLtgHwEN7fwiCy,0.500128,1.287374,1.904619,0,2591700,7.197289,Delay-insensitive,2,3.5
316800,ZtliqqWQ6huwwBoA7bEFt79+n9SA4jBixtBzpWNbxDSmFov9BptLtgHwEN7fwiCy,0.452822,1.4087610000000002,2.677851,0,2591700,7.197289,Delay-insensitive,2,3.5
317100,ZtliqqWQ6huwwBoA7bEFt79+n9SA4jBixtBzpWNbxDSmFov9BptLtgHwEN7fwiCy,0.5181140000000001,1.334835,2.360382,0,2591700,7.197289,Delay-insensitive,2,3.5
317400,ZtliqqWQ6huwwBoA7bEFt79+n9SA4jBixtBzpWNbxDSmFov9BptLtgHwEN7fwiCy,0.30596,1.354219,2.447883,0,2591700,7.197289,Delay-insensitive,2,3.5
317700,ZtliqqWQ6huwwBoA7bEFt79+n9SA4jBixtBzpWNbxDSmFov9BptLtgHwEN7fwiCy,0.516537,1.359054,3.008937,0,2591700,7.197289,Delay-insensitive,2,3.5
318000,ZtliqqWQ6huwwBoA7bEFt79+n9SA4jBixtBzpWNbxDSmFov9BptLtgHwEN7fwiCy,0.3241199999999999,1.164835,2.413866,0,2591700,7.197289,Delay-insensitive,2,3.5
318300,ZtliqqWQ6huwwBoA7bEFt79+n9SA4jBixtBzpWNbxDSmFov9BptLtgHwEN7fwiCy,0.478935,1.4772459999999998,3.118762,0,2591700,7.197289,Delay-insensitive,2,3.5
318600,ZtliqqWQ6huwwBoA7bEFt79+n9SA4jBixtBzpWNbxDSmFov9BptLtgHwEN7fwiCy,0.309927,1.253276,2.293819,0,2591700,7.197289,Delay-insensitive,2,3.5
318900,ZtliqqWQ6huwwBoA7bEFt79+n9SA4jBixtBzpWNbxDSmFov9BptLtgHwEN7fwiCy,0.46433,1.512211,4.210039,0,2591700,7.197289,Delay-insensitive,2,3.5
319200,ZtliqqWQ6huwwBoA7bEFt79+n9SA4jBixtBzpWNbxDSmFov9BptLtgHwEN7fwiCy,0.4590619999999999,1.337779,2.06724,0,2591700,7.197289,Delay-insensitive,2,3.5
319500,ZtliqqWQ6huwwBoA7bEFt79+n9SA4jBixtBzpWNbxDSmFov9BptLtgHwEN7fwiCy,0.287616,1.322368,2.450928,0,2591700,7.197289,Delay-insensitive,2,3.5
319800,ZtliqqWQ6huwwBoA7bEFt79+n9SA4jBixtBzpWNbxDSmFov9BptLtgHwEN7fwiCy,0.5200600000000001,1.328509,2.67319,0,2591700,7.197289,Delay-insensitive,2,3.5
320100,ZtliqqWQ6huwwBoA7bEFt79+n9SA4jBixtBzpWNbxDSmFov9BptLtgHwEN7fwiCy,0.4787869999999999,1.371085,2.343975,0,2591700,7.197289,Delay-insensitive,2,3.5
320400,ZtliqqWQ6huwwBoA7bEFt79+n9SA4jBixtBzpWNbxDSmFov9BptLtgHwEN7fwiCy,0.471679,1.343498,2.9008,0,2591700,7.197289,Delay-insensitive,2,3.5
320700,ZtliqqWQ6huwwBoA7bEFt79+n9SA4jBixtBzpWNbxDSmFov9BptLtgHwEN7fwiCy,0.336755,1.197025,2.334626,0,2591700,7.197289,Delay-insensitive,2,3.5
321000,ZtliqqWQ6huwwBoA7bEFt79+n9SA4jBixtBzpWNbxDSmFov9BptLtgHwEN7fwiCy,0.522033,1.596094,3.3269010000000003,0,2591700,7.197289,Delay-insensitive,2,3.5
321300,ZtliqqWQ6huwwBoA7bEFt79+n9SA4jBixtBzpWNbxDSmFov9BptLtgHwEN7fwiCy,0.477811,1.3819780000000002,2.524012,0,2591700,7.197289,Delay-insensitive,2,3.5
321600,ZtliqqWQ6huwwBoA7bEFt79+n9SA4jBixtBzpWNbxDSmFov9BptLtgHwEN7fwiCy,0.478483,1.8477,9.334723,0,2591700,7.197289,Delay-insensitive,2,3.5
321900,ZtliqqWQ6huwwBoA7bEFt79+n9SA4jBixtBzpWNbxDSmFov9BptLtgHwEN7fwiCy,0.512996,1.34836,1.928483,0,2591700,7.197289,Delay-insensitive,2,3.5
322200,ZtliqqWQ6huwwBoA7bEFt79+n9SA4jBixtBzpWNbxDSmFov9BptLtgHwEN7fwiCy,0.488992,1.418421,2.783971,0,2591700,7.197289,Delay-insensitive,2,3.5
322500,ZtliqqWQ6huwwBoA7bEFt79+n9SA4jBixtBzpWNbxDSmFov9BptLtgHwEN7fwiCy,0.507371,1.252556,2.187638,0,2591700,7.197289,Delay-insensitive,2,3.5
322800,ZtliqqWQ6huwwBoA7bEFt79+n9SA4jBixtBzpWNbxDSmFov9BptLtgHwEN7fwiCy,0.494893,1.360172,2.927718,0,2591700,7.197289,Delay-insensitive,2,3.5
323100,ZtliqqWQ6huwwBoA7bEFt79+n9SA4jBixtBzpWNbxDSmFov9BptLtgHwEN7fwiCy,0.5438890000000001,1.30413,2.588041,0,2591700,7.197289,Delay-insensitive,2,3.5
323400,ZtliqqWQ6huwwBoA7bEFt79+n9SA4jBixtBzpWNbxDSmFov9BptLtgHwEN7fwiCy,0.2576469999999999,1.219171,2.568526,0,2591700,7.197289,Delay-insensitive,2,3.5
323700,ZtliqqWQ6huwwBoA7bEFt79+n9SA4jBixtBzpWNbxDSmFov9BptLtgHwEN7fwiCy,0.534066,1.367718,2.303205,0,2591700,7.197289,Delay-insensitive,2,3.5
324000,ZtliqqWQ6huwwBoA7bEFt79+n9SA4jBixtBzpWNbxDSmFov9BptLtgHwEN7fwiCy,0.400257,1.338506,2.773442,0,2591700,7.197289,Delay-insensitive,2,3.5
324300,ZtliqqWQ6huwwBoA7bEFt79+n9SA4jBixtBzpWNbxDSmFov9BptLtgHwEN7fwiCy,0.483545,1.267747,2.693147,0,2591700,7.197289,Delay-insensitive,2,3.5
324600,ZtliqqWQ6huwwBoA7bEFt79+n9SA4jBixtBzpWNbxDSmFov9BptLtgHwEN7fwiCy,0.5653239999999999,1.455241,2.544572,0,2591700,7.197289,Delay-insensitive,2,3.5
324900,ZtliqqWQ6huwwBoA7bEFt79+n9SA4jBixtBzpWNbxDSmFov9BptLtgHwEN7fwiCy,0.570174,5.36909,30.132525,0,2591700,7.197289,Delay-insensitive,2,3.5
325200,ZtliqqWQ6huwwBoA7bEFt79+n9SA4jBixtBzpWNbxDSmFov9BptLtgHwEN7fwiCy,0.549002,1.449172,2.618959,0,2591700,7.197289,Delay-insensitive,2,3.5
325500,ZtliqqWQ6huwwBoA7bEFt79+n9SA4jBixtBzpWNbxDSmFov9BptLtgHwEN7fwiCy,0.362567,1.288566,1.980073,0,2591700,7.197289,Delay-insensitive,2,3.5
325800,ZtliqqWQ6huwwBoA7bEFt79+n9SA4jBixtBzpWNbxDSmFov9BptLtgHwEN7fwiCy,0.552296,1.437375,2.809874,0,2591700,7.197289,Delay-insensitive,2,3.5
326100,ZtliqqWQ6huwwBoA7bEFt79+n9SA4jBixtBzpWNbxDSmFov9BptLtgHwEN7fwiCy,0.280537,1.2669549999999998,2.830867,0,2591700,7.197289,Delay-insensitive,2,3.5
326400,ZtliqqWQ6huwwBoA7bEFt79+n9SA4jBixtBzpWNbxDSmFov9BptLtgHwEN7fwiCy,0.5305979999999999,1.361476,2.151513,0,2591700,7.197289,Delay-insensitive,2,3.5
326700,ZtliqqWQ6huwwBoA7bEFt79+n9SA4jBixtBzpWNbxDSmFov9BptLtgHwEN7fwiCy,0.32791,1.331902,2.358488,0,2591700,7.197289,Delay-insensitive,2,3.5
327000,ZtliqqWQ6huwwBoA7bEFt79+n9SA4jBixtBzpWNbxDSmFov9BptLtgHwEN7fwiCy,0.301333,1.344122,2.612152,0,2591700,7.197289,Delay-insensitive,2,3.5
327300,ZtliqqWQ6huwwBoA7bEFt79+n9SA4jBixtBzpWNbxDSmFov9BptLtgHwEN7fwiCy,0.521187,1.45444,2.6342950000000003,0,2591700,7.197289,Delay-insensitive,2,3.5
327600,ZtliqqWQ6huwwBoA7bEFt79+n9SA4jBixtBzpWNbxDSmFov9BptLtgHwEN7fwiCy,0.454022,1.478206,2.666818,0,2591700,7.197289,Delay-insensitive,2,3.5
327900,ZtliqqWQ6huwwBoA7bEFt79+n9SA4jBixtBzpWNbxDSmFov9BptLtgHwEN7fwiCy,0.556759,1.389325,2.671725,0,2591700,7.197289,Delay-insensitive,2,3.5
328200,ZtliqqWQ6huwwBoA7bEFt79+n9SA4jBixtBzpWNbxDSmFov9BptLtgHwEN7fwiCy,0.512671,1.323242,2.079014,0,2591700,7.197289,Delay-insensitive,2,3.5
328500,ZtliqqWQ6huwwBoA7bEFt79+n9SA4jBixtBzpWNbxDSmFov9BptLtgHwEN7fwiCy,0.548219,1.460545,2.780693,0,2591700,7.197289,Delay-insensitive,2,3.5
328800,ZtliqqWQ6huwwBoA7bEFt79+n9SA4jBixtBzpWNbxDSmFov9BptLtgHwEN7fwiCy,0.501591,1.270205,2.719726,0,2591700,7.197289,Delay-insensitive,2,3.5
329100,ZtliqqWQ6huwwBoA7bEFt79+n9SA4jBixtBzpWNbxDSmFov9BptLtgHwEN7fwiCy,0.510488,1.485984,2.729879,0,2591700,7.197289,Delay-insensitive,2,3.5
329400,ZtliqqWQ6huwwBoA7bEFt79+n9SA4jBixtBzpWNbxDSmFov9BptLtgHwEN7fwiCy,0.475389,1.429399,2.520906,0,2591700,7.197289,Delay-insensitive,2,3.5
329700,ZtliqqWQ6huwwBoA7bEFt79+n9SA4jBixtBzpWNbxDSmFov9BptLtgHwEN7fwiCy,0.4349,1.360009,2.74975,0,2591700,7.197289,Delay-insensitive,2,3.5
330000,ZtliqqWQ6huwwBoA7bEFt79+n9SA4jBixtBzpWNbxDSmFov9BptLtgHwEN7fwiCy,0.559688,1.514227,2.9608790000000003,0,2591700,7.197289,Delay-insensitive,2,3.5
330300,ZtliqqWQ6huwwBoA7bEFt79+n9SA4jBixtBzpWNbxDSmFov9BptLtgHwEN7fwiCy,0.408468,1.286542,2.49758,0,2591700,7.197289,Delay-insensitive,2,3.5
330600,ZtliqqWQ6huwwBoA7bEFt79+n9SA4jBixtBzpWNbxDSmFov9BptLtgHwEN7fwiCy,0.494368,1.431264,2.84733,0,2591700,7.197289,Delay-insensitive,2,3.5
330900,ZtliqqWQ6huwwBoA7bEFt79+n9SA4jBixtBzpWNbxDSmFov9BptLtgHwEN7fwiCy,0.338179,1.268059,2.137323,0,2591700,7.197289,Delay-insensitive,2,3.5
331200,ZtliqqWQ6huwwBoA7bEFt79+n9SA4jBixtBzpWNbxDSmFov9BptLtgHwEN7fwiCy,0.463192,1.430158,2.573527,0,2591700,7.197289,Delay-insensitive,2,3.5
331500,ZtliqqWQ6huwwBoA7bEFt79+n9SA4jBixtBzpWNbxDSmFov9BptLtgHwEN7fwiCy,0.400167,1.235948,2.558896,0,2591700,7.197289,Delay-insensitive,2,3.5
331800,ZtliqqWQ6huwwBoA7bEFt79+n9SA4jBixtBzpWNbxDSmFov9BptLtgHwEN7fwiCy,0.536747,1.401177,2.713761,0,2591700,7.197289,Delay-insensitive,2,3.5
332100,ZtliqqWQ6huwwBoA7bEFt79+n9SA4jBixtBzpWNbxDSmFov9BptLtgHwEN7fwiCy,0.288096,1.312246,2.685407,0,2591700,7.197289,Delay-insensitive,2,3.5
332400,ZtliqqWQ6huwwBoA7bEFt79+n9SA4jBixtBzpWNbxDSmFov9BptLtgHwEN7fwiCy,0.278435,1.306847,2.330526,0,2591700,7.197289,Delay-insensitive,2,3.5
332700,ZtliqqWQ6huwwBoA7bEFt79+n9SA4jBixtBzpWNbxDSmFov9BptLtgHwEN7fwiCy,0.468746,1.393633,2.743867,0,2591700,7.197289,Delay-insensitive,2,3.5
333000,ZtliqqWQ6huwwBoA7bEFt79+n9SA4jBixtBzpWNbxDSmFov9BptLtgHwEN7fwiCy,0.605798,1.335499,2.402596,0,2591700,7.197289,Delay-insensitive,2,3.5
333300,ZtliqqWQ6huwwBoA7bEFt79+n9SA4jBixtBzpWNbxDSmFov9BptLtgHwEN7fwiCy,0.492642,1.415689,2.614818,0,2591700,7.197289,Delay-insensitive,2,3.5
333600,ZtliqqWQ6huwwBoA7bEFt79+n9SA4jBixtBzpWNbxDSmFov9BptLtgHwEN7fwiCy,0.557553,1.339572,1.975978,0,2591700,7.197289,Delay-insensitive,2,3.5
333900,ZtliqqWQ6huwwBoA7bEFt79+n9SA4jBixtBzpWNbxDSmFov9BptLtgHwEN7fwiCy,0.546743,1.283954,1.986715,0,2591700,7.197289,Delay-insensitive,2,3.5
334200,ZtliqqWQ6huwwBoA7bEFt79+n9SA4jBixtBzpWNbxDSmFov9BptLtgHwEN7fwiCy,0.521022,1.333041,3.439125,0,2591700,7.197289,Delay-insensitive,2,3.5
334500,ZtliqqWQ6huwwBoA7bEFt79+n9SA4jBixtBzpWNbxDSmFov9BptLtgHwEN7fwiCy,0.515964,1.312693,2.231158,0,2591700,7.197289,Delay-insensitive,2,3.5
334800,ZtliqqWQ6huwwBoA7bEFt79+n9SA4jBixtBzpWNbxDSmFov9BptLtgHwEN7fwiCy,0.629022,1.392396,2.904949,0,2591700,7.197289,Delay-insensitive,2,3.5
335100,ZtliqqWQ6huwwBoA7bEFt79+n9SA4jBixtBzpWNbxDSmFov9BptLtgHwEN7fwiCy,0.527609,1.387307,2.3670720000000003,0,2591700,7.197289,Delay-insensitive,2,3.5
335400,ZtliqqWQ6huwwBoA7bEFt79+n9SA4jBixtBzpWNbxDSmFov9BptLtgHwEN7fwiCy,0.535084,1.386987,2.349868,0,2591700,7.197289,Delay-insensitive,2,3.5
335700,ZtliqqWQ6huwwBoA7bEFt79+n9SA4jBixtBzpWNbxDSmFov9BptLtgHwEN7fwiCy,0.246238,1.217264,1.939814,0,2591700,7.197289,Delay-insensitive,2,3.5
336000,ZtliqqWQ6huwwBoA7bEFt79+n9SA4jBixtBzpWNbxDSmFov9BptLtgHwEN7fwiCy,0.5110979999999999,1.322325,3.082546,0,2591700,7.197289,Delay-insensitive,2,3.5
336300,ZtliqqWQ6huwwBoA7bEFt79+n9SA4jBixtBzpWNbxDSmFov9BptLtgHwEN7fwiCy,0.3875099999999999,1.330699,2.644135,0,2591700,7.197289,Delay-insensitive,2,3.5
336600,ZtliqqWQ6huwwBoA7bEFt79+n9SA4jBixtBzpWNbxDSmFov9BptLtgHwEN7fwiCy,0.5695140000000001,1.312474,2.480802,0,2591700,7.197289,Delay-insensitive,2,3.5
336900,ZtliqqWQ6huwwBoA7bEFt79+n9SA4jBixtBzpWNbxDSmFov9BptLtgHwEN7fwiCy,0.439853,1.2704,3.031389,0,2591700,7.197289,Delay-insensitive,2,3.5
337200,ZtliqqWQ6huwwBoA7bEFt79+n9SA4jBixtBzpWNbxDSmFov9BptLtgHwEN7fwiCy,0.510468,1.359183,1.867976,0,2591700,7.197289,Delay-insensitive,2,3.5
337500,ZtliqqWQ6huwwBoA7bEFt79+n9SA4jBixtBzpWNbxDSmFov9BptLtgHwEN7fwiCy,0.32433,1.220668,2.0608310000000003,0,2591700,7.197289,Delay-insensitive,2,3.5
337800,ZtliqqWQ6huwwBoA7bEFt79+n9SA4jBixtBzpWNbxDSmFov9BptLtgHwEN7fwiCy,0.583548,1.25963,2.099575,0,2591700,7.197289,Delay-insensitive,2,3.5
338100,ZtliqqWQ6huwwBoA7bEFt79+n9SA4jBixtBzpWNbxDSmFov9BptLtgHwEN7fwiCy,0.40303,1.329394,2.263729,0,2591700,7.197289,Delay-insensitive,2,3.5
338400,ZtliqqWQ6huwwBoA7bEFt79+n9SA4jBixtBzpWNbxDSmFov9BptLtgHwEN7fwiCy,0.604417,2.255592,11.242411,0,2591700,7.197289,Delay-insensitive,2,3.5
338700,ZtliqqWQ6huwwBoA7bEFt79+n9SA4jBixtBzpWNbxDSmFov9BptLtgHwEN7fwiCy,0.562013,1.546562,2.738164,0,2591700,7.197289,Delay-insensitive,2,3.5
339000,ZtliqqWQ6huwwBoA7bEFt79+n9SA4jBixtBzpWNbxDSmFov9BptLtgHwEN7fwiCy,0.412469,1.535731,3.809233,0,2591700,7.197289,Delay-insensitive,2,3.5
339300,ZtliqqWQ6huwwBoA7bEFt79+n9SA4jBixtBzpWNbxDSmFov9BptLtgHwEN7fwiCy,0.514917,1.336925,2.650891,0,2591700,7.197289,Delay-insensitive,2,3.5
339600,ZtliqqWQ6huwwBoA7bEFt79+n9SA4jBixtBzpWNbxDSmFov9BptLtgHwEN7fwiCy,0.512418,1.266094,2.694273,0,2591700,7.197289,Delay-insensitive,2,3.5
339900,ZtliqqWQ6huwwBoA7bEFt79+n9SA4jBixtBzpWNbxDSmFov9BptLtgHwEN7fwiCy,0.543567,1.4567450000000002,2.5011520000000003,0,2591700,7.197289,Delay-insensitive,2,3.5
340200,ZtliqqWQ6huwwBoA7bEFt79+n9SA4jBixtBzpWNbxDSmFov9BptLtgHwEN7fwiCy,0.48961,1.366118,2.589748,0,2591700,7.197289,Delay-insensitive,2,3.5
340500,ZtliqqWQ6huwwBoA7bEFt79+n9SA4jBixtBzpWNbxDSmFov9BptLtgHwEN7fwiCy,0.567749,1.225162,2.056356,0,2591700,7.197289,Delay-insensitive,2,3.5
340800,ZtliqqWQ6huwwBoA7bEFt79+n9SA4jBixtBzpWNbxDSmFov9BptLtgHwEN7fwiCy,0.187314,1.293871,2.314556,0,2591700,7.197289,Delay-insensitive,2,3.5
341100,ZtliqqWQ6huwwBoA7bEFt79+n9SA4jBixtBzpWNbxDSmFov9BptLtgHwEN7fwiCy,0.424225,1.220878,2.315685,0,2591700,7.197289,Delay-insensitive,2,3.5
341400,ZtliqqWQ6huwwBoA7bEFt79+n9SA4jBixtBzpWNbxDSmFov9BptLtgHwEN7fwiCy,0.4870939999999999,1.284334,2.281203,0,2591700,7.197289,Delay-insensitive,2,3.5
341700,ZtliqqWQ6huwwBoA7bEFt79+n9SA4jBixtBzpWNbxDSmFov9BptLtgHwEN7fwiCy,0.444503,1.291617,2.490379,0,2591700,7.197289,Delay-insensitive,2,3.5
342000,ZtliqqWQ6huwwBoA7bEFt79+n9SA4jBixtBzpWNbxDSmFov9BptLtgHwEN7fwiCy,0.517407,1.266439,1.878025,0,2591700,7.197289,Delay-insensitive,2,3.5
342300,ZtliqqWQ6huwwBoA7bEFt79+n9SA4jBixtBzpWNbxDSmFov9BptLtgHwEN7fwiCy,0.425566,1.39372,2.376076,0,2591700,7.197289,Delay-insensitive,2,3.5
342600,ZtliqqWQ6huwwBoA7bEFt79+n9SA4jBixtBzpWNbxDSmFov9BptLtgHwEN7fwiCy,0.474416,1.356614,2.190287,0,2591700,7.197289,Delay-insensitive,2,3.5
342900,ZtliqqWQ6huwwBoA7bEFt79+n9SA4jBixtBzpWNbxDSmFov9BptLtgHwEN7fwiCy,0.511096,1.368407,2.221091,0,2591700,7.197289,Delay-insensitive,2,3.5
343200,ZtliqqWQ6huwwBoA7bEFt79+n9SA4jBixtBzpWNbxDSmFov9BptLtgHwEN7fwiCy,0.5553279999999999,1.279156,2.1496,0,2591700,7.197289,Delay-insensitive,2,3.5
343500,ZtliqqWQ6huwwBoA7bEFt79+n9SA4jBixtBzpWNbxDSmFov9BptLtgHwEN7fwiCy,0.518494,2.7249060000000003,15.630026,0,2591700,7.197289,Delay-insensitive,2,3.5
343800,ZtliqqWQ6huwwBoA7bEFt79+n9SA4jBixtBzpWNbxDSmFov9BptLtgHwEN7fwiCy,0.650613,1.36066,2.652936,0,2591700,7.197289,Delay-insensitive,2,3.5
344100,ZtliqqWQ6huwwBoA7bEFt79+n9SA4jBixtBzpWNbxDSmFov9BptLtgHwEN7fwiCy,0.540419,1.246789,1.976067,0,2591700,7.197289,Delay-insensitive,2,3.5
344400,ZtliqqWQ6huwwBoA7bEFt79+n9SA4jBixtBzpWNbxDSmFov9BptLtgHwEN7fwiCy,0.497536,1.530812,2.6212,0,2591700,7.197289,Delay-insensitive,2,3.5
344700,ZtliqqWQ6huwwBoA7bEFt79+n9SA4jBixtBzpWNbxDSmFov9BptLtgHwEN7fwiCy,0.489087,1.2752709999999998,2.04254,0,2591700,7.197289,Delay-insensitive,2,3.5
345000,ZtliqqWQ6huwwBoA7bEFt79+n9SA4jBixtBzpWNbxDSmFov9BptLtgHwEN7fwiCy,0.2973739999999999,1.408133,2.528637,0,2591700,7.197289,Delay-insensitive,2,3.5
345300,ZtliqqWQ6huwwBoA7bEFt79+n9SA4jBixtBzpWNbxDSmFov9BptLtgHwEN7fwiCy,0.520273,1.372241,2.551018,0,2591700,7.197289,Delay-insensitive,2,3.5
345600,ZtliqqWQ6huwwBoA7bEFt79+n9SA4jBixtBzpWNbxDSmFov9BptLtgHwEN7fwiCy,0.469292,1.245413,2.383577,0,2591700,7.197289,Delay-insensitive,2,3.5
345900,ZtliqqWQ6huwwBoA7bEFt79+n9SA4jBixtBzpWNbxDSmFov9BptLtgHwEN7fwiCy,0.473564,1.423049,2.719921,0,2591700,7.197289,Delay-insensitive,2,3.5
346200,ZtliqqWQ6huwwBoA7bEFt79+n9SA4jBixtBzpWNbxDSmFov9BptLtgHwEN7fwiCy,0.334725,1.310995,2.176609,0,2591700,7.197289,Delay-insensitive,2,3.5
346500,ZtliqqWQ6huwwBoA7bEFt79+n9SA4jBixtBzpWNbxDSmFov9BptLtgHwEN7fwiCy,0.679959,1.3188959999999998,2.739835,0,2591700,7.197289,Delay-insensitive,2,3.5
346800,ZtliqqWQ6huwwBoA7bEFt79+n9SA4jBixtBzpWNbxDSmFov9BptLtgHwEN7fwiCy,0.52928,1.308943,2.455177,0,2591700,7.197289,Delay-insensitive,2,3.5
347100,ZtliqqWQ6huwwBoA7bEFt79+n9SA4jBixtBzpWNbxDSmFov9BptLtgHwEN7fwiCy,0.525894,1.328839,2.8797740000000003,0,2591700,7.197289,Delay-insensitive,2,3.5
347400,ZtliqqWQ6huwwBoA7bEFt79+n9SA4jBixtBzpWNbxDSmFov9BptLtgHwEN7fwiCy,0.633476,1.304448,2.227889,0,2591700,7.197289,Delay-insensitive,2,3.5
347700,ZtliqqWQ6huwwBoA7bEFt79+n9SA4jBixtBzpWNbxDSmFov9BptLtgHwEN7fwiCy,0.444372,1.258306,2.370199,0,2591700,7.197289,Delay-insensitive,2,3.5
348000,ZtliqqWQ6huwwBoA7bEFt79+n9SA4jBixtBzpWNbxDSmFov9BptLtgHwEN7fwiCy,0.547656,1.449331,2.385032,0,2591700,7.197289,Delay-insensitive,2,3.5
348300,ZtliqqWQ6huwwBoA7bEFt79+n9SA4jBixtBzpWNbxDSmFov9BptLtgHwEN7fwiCy,0.393393,1.285268,2.534892,0,2591700,7.197289,Delay-insensitive,2,3.5
348600,ZtliqqWQ6huwwBoA7bEFt79+n9SA4jBixtBzpWNbxDSmFov9BptLtgHwEN7fwiCy,0.509493,1.277419,2.101642,0,2591700,7.197289,Delay-insensitive,2,3.5
348900,ZtliqqWQ6huwwBoA7bEFt79+n9SA4jBixtBzpWNbxDSmFov9BptLtgHwEN7fwiCy,0.2788219999999999,1.289588,2.759197,0,2591700,7.197289,Delay-insensitive,2,3.5
349200,ZtliqqWQ6huwwBoA7bEFt79+n9SA4jBixtBzpWNbxDSmFov9BptLtgHwEN7fwiCy,0.4607489999999999,1.265618,1.959033,0,2591700,7.197289,Delay-insensitive,2,3.5
349500,ZtliqqWQ6huwwBoA7bEFt79+n9SA4jBixtBzpWNbxDSmFov9BptLtgHwEN7fwiCy,0.5120640000000001,1.357683,3.08252,0,2591700,7.197289,Delay-insensitive,2,3.5
349800,ZtliqqWQ6huwwBoA7bEFt79+n9SA4jBixtBzpWNbxDSmFov9BptLtgHwEN7fwiCy,0.3939809999999999,1.388562,2.336751,0,2591700,7.197289,Delay-insensitive,2,3.5
350100,ZtliqqWQ6huwwBoA7bEFt79+n9SA4jBixtBzpWNbxDSmFov9BptLtgHwEN7fwiCy,0.550048,1.373033,2.54173,0,2591700,7.197289,Delay-insensitive,2,3.5
350400,ZtliqqWQ6huwwBoA7bEFt79+n9SA4jBixtBzpWNbxDSmFov9BptLtgHwEN7fwiCy,0.413576,1.323421,2.268406,0,2591700,7.197289,Delay-insensitive,2,3.5
350700,ZtliqqWQ6huwwBoA7bEFt79+n9SA4jBixtBzpWNbxDSmFov9BptLtgHwEN7fwiCy,0.52205,1.363639,2.750753,0,2591700,7.197289,Delay-insensitive,2,3.5
351000,ZtliqqWQ6huwwBoA7bEFt79+n9SA4jBixtBzpWNbxDSmFov9BptLtgHwEN7fwiCy,0.469972,1.36075,2.752618,0,2591700,7.197289,Delay-insensitive,2,3.5
351300,ZtliqqWQ6huwwBoA7bEFt79+n9SA4jBixtBzpWNbxDSmFov9BptLtgHwEN7fwiCy,0.512991,1.258399,2.287625,0,2591700,7.197289,Delay-insensitive,2,3.5
351600,ZtliqqWQ6huwwBoA7bEFt79+n9SA4jBixtBzpWNbxDSmFov9BptLtgHwEN7fwiCy,0.27746,1.253751,1.924327,0,2591700,7.197289,Delay-insensitive,2,3.5
351900,ZtliqqWQ6huwwBoA7bEFt79+n9SA4jBixtBzpWNbxDSmFov9BptLtgHwEN7fwiCy,0.524059,1.286877,2.05447,0,2591700,7.197289,Delay-insensitive,2,3.5
352200,ZtliqqWQ6huwwBoA7bEFt79+n9SA4jBixtBzpWNbxDSmFov9BptLtgHwEN7fwiCy,0.526781,1.329181,2.842904,0,2591700,7.197289,Delay-insensitive,2,3.5
352500,ZtliqqWQ6huwwBoA7bEFt79+n9SA4jBixtBzpWNbxDSmFov9BptLtgHwEN7fwiCy,0.555875,1.33244,2.556333,0,2591700,7.197289,Delay-insensitive,2,3.5
352800,ZtliqqWQ6huwwBoA7bEFt79+n9SA4jBixtBzpWNbxDSmFov9BptLtgHwEN7fwiCy,0.555063,1.314859,2.525289,0,2591700,7.197289,Delay-insensitive,2,3.5
353100,ZtliqqWQ6huwwBoA7bEFt79+n9SA4jBixtBzpWNbxDSmFov9BptLtgHwEN7fwiCy,0.374231,1.265019,2.264423,0,2591700,7.197289,Delay-insensitive,2,3.5
353400,ZtliqqWQ6huwwBoA7bEFt79+n9SA4jBixtBzpWNbxDSmFov9BptLtgHwEN7fwiCy,0.5284439999999999,1.421558,2.846699,0,2591700,7.197289,Delay-insensitive,2,3.5
353700,ZtliqqWQ6huwwBoA7bEFt79+n9SA4jBixtBzpWNbxDSmFov9BptLtgHwEN7fwiCy,0.412185,5.122703,24.264094,0,2591700,7.197289,Delay-insensitive,2,3.5
354000,ZtliqqWQ6huwwBoA7bEFt79+n9SA4jBixtBzpWNbxDSmFov9BptLtgHwEN7fwiCy,0.5954649999999999,1.435629,2.549278,0,2591700,7.197289,Delay-insensitive,2,3.5
354300,ZtliqqWQ6huwwBoA7bEFt79+n9SA4jBixtBzpWNbxDSmFov9BptLtgHwEN7fwiCy,0.520532,1.412521,2.435203,0,2591700,7.197289,Delay-insensitive,2,3.5
354600,ZtliqqWQ6huwwBoA7bEFt79+n9SA4jBixtBzpWNbxDSmFov9BptLtgHwEN7fwiCy,0.629916,1.342857,2.688524,0,2591700,7.197289,Delay-insensitive,2,3.5
354900,ZtliqqWQ6huwwBoA7bEFt79+n9SA4jBixtBzpWNbxDSmFov9BptLtgHwEN7fwiCy,0.489464,1.355063,2.456567,0,2591700,7.197289,Delay-insensitive,2,3.5
355200,ZtliqqWQ6huwwBoA7bEFt79+n9SA4jBixtBzpWNbxDSmFov9BptLtgHwEN7fwiCy,0.5494100000000001,1.378229,2.651814,0,2591700,7.197289,Delay-insensitive,2,3.5
355500,ZtliqqWQ6huwwBoA7bEFt79+n9SA4jBixtBzpWNbxDSmFov9BptLtgHwEN7fwiCy,0.471979,1.444447,2.818768,0,2591700,7.197289,Delay-insensitive,2,3.5
355800,ZtliqqWQ6huwwBoA7bEFt79+n9SA4jBixtBzpWNbxDSmFov9BptLtgHwEN7fwiCy,0.512987,1.254529,2.377568,0,2591700,7.197289,Delay-insensitive,2,3.5
356100,ZtliqqWQ6huwwBoA7bEFt79+n9SA4jBixtBzpWNbxDSmFov9BptLtgHwEN7fwiCy,0.535826,1.361869,2.295578,0,2591700,7.197289,Delay-insensitive,2,3.5
356400,ZtliqqWQ6huwwBoA7bEFt79+n9SA4jBixtBzpWNbxDSmFov9BptLtgHwEN7fwiCy,0.53814,1.380209,2.515977,0,2591700,7.197289,Delay-insensitive,2,3.5
356700,ZtliqqWQ6huwwBoA7bEFt79+n9SA4jBixtBzpWNbxDSmFov9BptLtgHwEN7fwiCy,0.521459,1.447001,2.583414,0,2591700,7.197289,Delay-insensitive,2,3.5
357000,ZtliqqWQ6huwwBoA7bEFt79+n9SA4jBixtBzpWNbxDSmFov9BptLtgHwEN7fwiCy,0.492541,1.302035,2.048247,0,2591700,7.197289,Delay-insensitive,2,3.5
357300,ZtliqqWQ6huwwBoA7bEFt79+n9SA4jBixtBzpWNbxDSmFov9BptLtgHwEN7fwiCy,0.47112,1.371789,2.761796,0,2591700,7.197289,Delay-insensitive,2,3.5
357600,ZtliqqWQ6huwwBoA7bEFt79+n9SA4jBixtBzpWNbxDSmFov9BptLtgHwEN7fwiCy,0.552534,1.318978,2.344958,0,2591700,7.197289,Delay-insensitive,2,3.5
357900,ZtliqqWQ6huwwBoA7bEFt79+n9SA4jBixtBzpWNbxDSmFov9BptLtgHwEN7fwiCy,0.622642,1.404183,2.7192830000000003,0,2591700,7.197289,Delay-insensitive,2,3.5
358200,ZtliqqWQ6huwwBoA7bEFt79+n9SA4jBixtBzpWNbxDSmFov9BptLtgHwEN7fwiCy,0.524536,1.255027,1.856074,0,2591700,7.197289,Delay-insensitive,2,3.5
358500,ZtliqqWQ6huwwBoA7bEFt79+n9SA4jBixtBzpWNbxDSmFov9BptLtgHwEN7fwiCy,0.460759,1.297153,2.222792,0,2591700,7.197289,Delay-insensitive,2,3.5
358800,ZtliqqWQ6huwwBoA7bEFt79+n9SA4jBixtBzpWNbxDSmFov9BptLtgHwEN7fwiCy,0.520073,1.336225,2.891385,0,2591700,7.197289,Delay-insensitive,2,3.5
359100,ZtliqqWQ6huwwBoA7bEFt79+n9SA4jBixtBzpWNbxDSmFov9BptLtgHwEN7fwiCy,0.523927,1.230455,2.091379,0,2591700,7.197289,Delay-insensitive,2,3.5
359400,ZtliqqWQ6huwwBoA7bEFt79+n9SA4jBixtBzpWNbxDSmFov9BptLtgHwEN7fwiCy,0.5074960000000001,1.325331,2.410593,0,2591700,7.197289,Delay-insensitive,2,3.5
359700,ZtliqqWQ6huwwBoA7bEFt79+n9SA4jBixtBzpWNbxDSmFov9BptLtgHwEN7fwiCy,0.5267890000000001,1.444642,2.820271,0,2591700,7.197289,Delay-insensitive,2,3.5
360000,ZtliqqWQ6huwwBoA7bEFt79+n9SA4jBixtBzpWNbxDSmFov9BptLtgHwEN7fwiCy,0.504889,1.359293,2.364655,0,2591700,7.197289,Delay-insensitive,2,3.5
360300,ZtliqqWQ6huwwBoA7bEFt79+n9SA4jBixtBzpWNbxDSmFov9BptLtgHwEN7fwiCy,0.504201,1.508207,3.223547,0,2591700,7.197289,Delay-insensitive,2,3.5
360600,ZtliqqWQ6huwwBoA7bEFt79+n9SA4jBixtBzpWNbxDSmFov9BptLtgHwEN7fwiCy,0.557898,1.519039,3.032682,0,2591700,7.197289,Delay-insensitive,2,3.5
360900,ZtliqqWQ6huwwBoA7bEFt79+n9SA4jBixtBzpWNbxDSmFov9BptLtgHwEN7fwiCy,0.5747369999999999,1.3234860000000002,2.426656,0,2591700,7.197289,Delay-insensitive,2,3.5
361200,ZtliqqWQ6huwwBoA7bEFt79+n9SA4jBixtBzpWNbxDSmFov9BptLtgHwEN7fwiCy,0.547867,1.297444,2.190515,0,2591700,7.197289,Delay-insensitive,2,3.5
361500,ZtliqqWQ6huwwBoA7bEFt79+n9SA4jBixtBzpWNbxDSmFov9BptLtgHwEN7fwiCy,0.494855,1.3840059999999998,2.803858,0,2591700,7.197289,Delay-insensitive,2,3.5
361800,ZtliqqWQ6huwwBoA7bEFt79+n9SA4jBixtBzpWNbxDSmFov9BptLtgHwEN7fwiCy,0.636594,1.293435,2.081894,0,2591700,7.197289,Delay-insensitive,2,3.5
362100,ZtliqqWQ6huwwBoA7bEFt79+n9SA4jBixtBzpWNbxDSmFov9BptLtgHwEN7fwiCy,0.577547,1.347864,2.338957,0,2591700,7.197289,Delay-insensitive,2,3.5
362400,ZtliqqWQ6huwwBoA7bEFt79+n9SA4jBixtBzpWNbxDSmFov9BptLtgHwEN7fwiCy,0.5361779999999999,1.36784,2.011926,0,2591700,7.197289,Delay-insensitive,2,3.5
362700,ZtliqqWQ6huwwBoA7bEFt79+n9SA4jBixtBzpWNbxDSmFov9BptLtgHwEN7fwiCy,0.502051,1.228387,1.895897,0,2591700,7.197289,Delay-insensitive,2,3.5
363000,ZtliqqWQ6huwwBoA7bEFt79+n9SA4jBixtBzpWNbxDSmFov9BptLtgHwEN7fwiCy,0.497115,1.264905,2.1145240000000003,0,2591700,7.197289,Delay-insensitive,2,3.5
363300,ZtliqqWQ6huwwBoA7bEFt79+n9SA4jBixtBzpWNbxDSmFov9BptLtgHwEN7fwiCy,0.510137,1.477118,2.387586,0,2591700,7.197289,Delay-insensitive,2,3.5
363600,ZtliqqWQ6huwwBoA7bEFt79+n9SA4jBixtBzpWNbxDSmFov9BptLtgHwEN7fwiCy,0.503787,1.203583,1.954275,0,2591700,7.197289,Delay-insensitive,2,3.5
363900,ZtliqqWQ6huwwBoA7bEFt79+n9SA4jBixtBzpWNbxDSmFov9BptLtgHwEN7fwiCy,0.5191100000000001,1.461571,3.063239,0,2591700,7.197289,Delay-insensitive,2,3.5
364200,ZtliqqWQ6huwwBoA7bEFt79+n9SA4jBixtBzpWNbxDSmFov9BptLtgHwEN7fwiCy,0.548459,1.30923,1.981318,0,2591700,7.197289,Delay-insensitive,2,3.5
364500,ZtliqqWQ6huwwBoA7bEFt79+n9SA4jBixtBzpWNbxDSmFov9BptLtgHwEN7fwiCy,0.544949,1.24056,2.016817,0,2591700,7.197289,Delay-insensitive,2,3.5
364800,ZtliqqWQ6huwwBoA7bEFt79+n9SA4jBixtBzpWNbxDSmFov9BptLtgHwEN7fwiCy,0.498504,1.298607,2.101717,0,2591700,7.197289,Delay-insensitive,2,3.5
365100,ZtliqqWQ6huwwBoA7bEFt79+n9SA4jBixtBzpWNbxDSmFov9BptLtgHwEN7fwiCy,0.505775,1.392121,2.449293,0,2591700,7.197289,Delay-insensitive,2,3.5
365400,ZtliqqWQ6huwwBoA7bEFt79+n9SA4jBixtBzpWNbxDSmFov9BptLtgHwEN7fwiCy,0.551128,1.231444,1.93691,0,2591700,7.197289,Delay-insensitive,2,3.5
365700,ZtliqqWQ6huwwBoA7bEFt79+n9SA4jBixtBzpWNbxDSmFov9BptLtgHwEN7fwiCy,0.4658229999999999,1.374835,2.286848,0,2591700,7.197289,Delay-insensitive,2,3.5
366000,ZtliqqWQ6huwwBoA7bEFt79+n9SA4jBixtBzpWNbxDSmFov9BptLtgHwEN7fwiCy,0.5011479999999999,1.316337,2.199276,0,2591700,7.197289,Delay-insensitive,2,3.5
366300,ZtliqqWQ6huwwBoA7bEFt79+n9SA4jBixtBzpWNbxDSmFov9BptLtgHwEN7fwiCy,0.473567,1.259415,2.623002,0,2591700,7.197289,Delay-insensitive,2,3.5
366600,ZtliqqWQ6huwwBoA7bEFt79+n9SA4jBixtBzpWNbxDSmFov9BptLtgHwEN7fwiCy,0.522407,1.366934,2.325392,0,2591700,7.197289,Delay-insensitive,2,3.5
366900,ZtliqqWQ6huwwBoA7bEFt79+n9SA4jBixtBzpWNbxDSmFov9BptLtgHwEN7fwiCy,0.473059,1.392282,2.256883,0,2591700,7.197289,Delay-insensitive,2,3.5
367200,ZtliqqWQ6huwwBoA7bEFt79+n9SA4jBixtBzpWNbxDSmFov9BptLtgHwEN7fwiCy,0.521277,1.264807,2.465257,0,2591700,7.197289,Delay-insensitive,2,3.5
367500,ZtliqqWQ6huwwBoA7bEFt79+n9SA4jBixtBzpWNbxDSmFov9BptLtgHwEN7fwiCy,0.504884,1.394862,2.732965,0,2591700,7.197289,Delay-insensitive,2,3.5
367800,ZtliqqWQ6huwwBoA7bEFt79+n9SA4jBixtBzpWNbxDSmFov9BptLtgHwEN7fwiCy,0.4758949999999999,1.445079,2.736742,0,2591700,7.197289,Delay-insensitive,2,3.5
368100,ZtliqqWQ6huwwBoA7bEFt79+n9SA4jBixtBzpWNbxDSmFov9BptLtgHwEN7fwiCy,0.486206,1.180664,2.119038,0,2591700,7.197289,Delay-insensitive,2,3.5
368400,ZtliqqWQ6huwwBoA7bEFt79+n9SA4jBixtBzpWNbxDSmFov9BptLtgHwEN7fwiCy,0.501384,1.347969,2.473739,0,2591700,7.197289,Delay-insensitive,2,3.5
368700,ZtliqqWQ6huwwBoA7bEFt79+n9SA4jBixtBzpWNbxDSmFov9BptLtgHwEN7fwiCy,0.51008,1.414554,2.493562,0,2591700,7.197289,Delay-insensitive,2,3.5
369000,ZtliqqWQ6huwwBoA7bEFt79+n9SA4jBixtBzpWNbxDSmFov9BptLtgHwEN7fwiCy,0.4861819999999999,1.385561,2.50973,0,2591700,7.197289,Delay-insensitive,2,3.5
369300,ZtliqqWQ6huwwBoA7bEFt79+n9SA4jBixtBzpWNbxDSmFov9BptLtgHwEN7fwiCy,0.501929,1.431987,3.212247,0,2591700,7.197289,Delay-insensitive,2,3.5
369600,ZtliqqWQ6huwwBoA7bEFt79+n9SA4jBixtBzpWNbxDSmFov9BptLtgHwEN7fwiCy,0.4870109999999999,1.363823,2.490607,0,2591700,7.197289,Delay-insensitive,2,3.5
369900,ZtliqqWQ6huwwBoA7bEFt79+n9SA4jBixtBzpWNbxDSmFov9BptLtgHwEN7fwiCy,0.475228,1.235834,2.129101,0,2591700,7.197289,Delay-insensitive,2,3.5
370200,ZtliqqWQ6huwwBoA7bEFt79+n9SA4jBixtBzpWNbxDSmFov9BptLtgHwEN7fwiCy,0.633497,1.351967,2.272927,0,2591700,7.197289,Delay-insensitive,2,3.5
370500,ZtliqqWQ6huwwBoA7bEFt79+n9SA4jBixtBzpWNbxDSmFov9BptLtgHwEN7fwiCy,0.468938,1.359905,2.374293,0,2591700,7.197289,Delay-insensitive,2,3.5
370800,ZtliqqWQ6huwwBoA7bEFt79+n9SA4jBixtBzpWNbxDSmFov9BptLtgHwEN7fwiCy,0.327844,1.36768,2.393,0,2591700,7.197289,Delay-insensitive,2,3.5
371100,ZtliqqWQ6huwwBoA7bEFt79+n9SA4jBixtBzpWNbxDSmFov9BptLtgHwEN7fwiCy,0.499171,1.421694,2.595173,0,2591700,7.197289,Delay-insensitive,2,3.5
371400,ZtliqqWQ6huwwBoA7bEFt79+n9SA4jBixtBzpWNbxDSmFov9BptLtgHwEN7fwiCy,0.456003,1.468279,2.83783,0,2591700,7.197289,Delay-insensitive,2,3.5
371700,ZtliqqWQ6huwwBoA7bEFt79+n9SA4jBixtBzpWNbxDSmFov9BptLtgHwEN7fwiCy,0.5368470000000001,1.282341,2.221454,0,2591700,7.197289,Delay-insensitive,2,3.5
372000,ZtliqqWQ6huwwBoA7bEFt79+n9SA4jBixtBzpWNbxDSmFov9BptLtgHwEN7fwiCy,0.466989,1.336122,2.075007,0,2591700,7.197289,Delay-insensitive,2,3.5
372300,ZtliqqWQ6huwwBoA7bEFt79+n9SA4jBixtBzpWNbxDSmFov9BptLtgHwEN7fwiCy,0.612219,1.414615,2.207088,0,2591700,7.197289,Delay-insensitive,2,3.5
372600,ZtliqqWQ6huwwBoA7bEFt79+n9SA4jBixtBzpWNbxDSmFov9BptLtgHwEN7fwiCy,0.47827,1.398908,3.438199,0,2591700,7.197289,Delay-insensitive,2,3.5
372900,ZtliqqWQ6huwwBoA7bEFt79+n9SA4jBixtBzpWNbxDSmFov9BptLtgHwEN7fwiCy,0.4887289999999999,1.411406,2.767183,0,2591700,7.197289,Delay-insensitive,2,3.5
373200,ZtliqqWQ6huwwBoA7bEFt79+n9SA4jBixtBzpWNbxDSmFov9BptLtgHwEN7fwiCy,0.509473,1.408928,2.4238150000000003,0,2591700,7.197289,Delay-insensitive,2,3.5
373500,ZtliqqWQ6huwwBoA7bEFt79+n9SA4jBixtBzpWNbxDSmFov9BptLtgHwEN7fwiCy,0.522471,1.320563,3.086347,0,2591700,7.197289,Delay-insensitive,2,3.5
373800,ZtliqqWQ6huwwBoA7bEFt79+n9SA4jBixtBzpWNbxDSmFov9BptLtgHwEN7fwiCy,0.672937,1.371893,2.234299,0,2591700,7.197289,Delay-insensitive,2,3.5
374100,ZtliqqWQ6huwwBoA7bEFt79+n9SA4jBixtBzpWNbxDSmFov9BptLtgHwEN7fwiCy,0.4692,1.330669,2.134968,0,2591700,7.197289,Delay-insensitive,2,3.5
374400,ZtliqqWQ6huwwBoA7bEFt79+n9SA4jBixtBzpWNbxDSmFov9BptLtgHwEN7fwiCy,0.503109,1.351456,2.569168,0,2591700,7.197289,Delay-insensitive,2,3.5
374700,ZtliqqWQ6huwwBoA7bEFt79+n9SA4jBixtBzpWNbxDSmFov9BptLtgHwEN7fwiCy,0.531393,1.408062,3.389781,0,2591700,7.197289,Delay-insensitive,2,3.5
375000,ZtliqqWQ6huwwBoA7bEFt79+n9SA4jBixtBzpWNbxDSmFov9BptLtgHwEN7fwiCy,0.477249,1.352034,2.616448,0,2591700,7.197289,Delay-insensitive,2,3.5
375300,ZtliqqWQ6huwwBoA7bEFt79+n9SA4jBixtBzpWNbxDSmFov9BptLtgHwEN7fwiCy,0.531501,1.267721,2.56354,0,2591700,7.197289,Delay-insensitive,2,3.5
375600,ZtliqqWQ6huwwBoA7bEFt79+n9SA4jBixtBzpWNbxDSmFov9BptLtgHwEN7fwiCy,0.465105,1.333298,2.712714,0,2591700,7.197289,Delay-insensitive,2,3.5
375900,ZtliqqWQ6huwwBoA7bEFt79+n9SA4jBixtBzpWNbxDSmFov9BptLtgHwEN7fwiCy,0.549258,1.38306,2.405799,0,2591700,7.197289,Delay-insensitive,2,3.5
376200,ZtliqqWQ6huwwBoA7bEFt79+n9SA4jBixtBzpWNbxDSmFov9BptLtgHwEN7fwiCy,0.482102,1.316639,2.760684,0,2591700,7.197289,Delay-insensitive,2,3.5
376500,ZtliqqWQ6huwwBoA7bEFt79+n9SA4jBixtBzpWNbxDSmFov9BptLtgHwEN7fwiCy,0.483861,1.379564,2.3353200000000003,0,2591700,7.197289,Delay-insensitive,2,3.5
376800,ZtliqqWQ6huwwBoA7bEFt79+n9SA4jBixtBzpWNbxDSmFov9BptLtgHwEN7fwiCy,0.4843439999999999,1.3851209999999998,2.768407,0,2591700,7.197289,Delay-insensitive,2,3.5
377100,ZtliqqWQ6huwwBoA7bEFt79+n9SA4jBixtBzpWNbxDSmFov9BptLtgHwEN7fwiCy,0.4874819999999999,1.364349,2.544942,0,2591700,7.197289,Delay-insensitive,2,3.5
377400,ZtliqqWQ6huwwBoA7bEFt79+n9SA4jBixtBzpWNbxDSmFov9BptLtgHwEN7fwiCy,0.532411,1.336019,2.340218,0,2591700,7.197289,Delay-insensitive,2,3.5
377700,ZtliqqWQ6huwwBoA7bEFt79+n9SA4jBixtBzpWNbxDSmFov9BptLtgHwEN7fwiCy,0.485427,1.395645,2.427851,0,2591700,7.197289,Delay-insensitive,2,3.5
378000,ZtliqqWQ6huwwBoA7bEFt79+n9SA4jBixtBzpWNbxDSmFov9BptLtgHwEN7fwiCy,0.372454,1.27776,2.446595,0,2591700,7.197289,Delay-insensitive,2,3.5
378300,ZtliqqWQ6huwwBoA7bEFt79+n9SA4jBixtBzpWNbxDSmFov9BptLtgHwEN7fwiCy,0.499656,1.432079,2.377934,0,2591700,7.197289,Delay-insensitive,2,3.5
378600,ZtliqqWQ6huwwBoA7bEFt79+n9SA4jBixtBzpWNbxDSmFov9BptLtgHwEN7fwiCy,0.4835899999999999,1.297684,2.08509,0,2591700,7.197289,Delay-insensitive,2,3.5
378900,ZtliqqWQ6huwwBoA7bEFt79+n9SA4jBixtBzpWNbxDSmFov9BptLtgHwEN7fwiCy,0.4642449999999999,1.334715,2.016233,0,2591700,7.197289,Delay-insensitive,2,3.5
379200,ZtliqqWQ6huwwBoA7bEFt79+n9SA4jBixtBzpWNbxDSmFov9BptLtgHwEN7fwiCy,0.522437,1.319106,2.154436,0,2591700,7.197289,Delay-insensitive,2,3.5
379500,ZtliqqWQ6huwwBoA7bEFt79+n9SA4jBixtBzpWNbxDSmFov9BptLtgHwEN7fwiCy,0.51869,1.362838,2.427676,0,2591700,7.197289,Delay-insensitive,2,3.5
379800,ZtliqqWQ6huwwBoA7bEFt79+n9SA4jBixtBzpWNbxDSmFov9BptLtgHwEN7fwiCy,0.546017,1.362978,2.394564,0,2591700,7.197289,Delay-insensitive,2,3.5
380100,ZtliqqWQ6huwwBoA7bEFt79+n9SA4jBixtBzpWNbxDSmFov9BptLtgHwEN7fwiCy,0.485964,1.325551,2.2917080000000003,0,2591700,7.197289,Delay-insensitive,2,3.5
380400,ZtliqqWQ6huwwBoA7bEFt79+n9SA4jBixtBzpWNbxDSmFov9BptLtgHwEN7fwiCy,0.498921,1.337673,2.649617,0,2591700,7.197289,Delay-insensitive,2,3.5
380700,ZtliqqWQ6huwwBoA7bEFt79+n9SA4jBixtBzpWNbxDSmFov9BptLtgHwEN7fwiCy,0.25348,1.292096,2.515673,0,2591700,7.197289,Delay-insensitive,2,3.5
381000,ZtliqqWQ6huwwBoA7bEFt79+n9SA4jBixtBzpWNbxDSmFov9BptLtgHwEN7fwiCy,0.502595,1.327179,2.530845,0,2591700,7.197289,Delay-insensitive,2,3.5
381300,ZtliqqWQ6huwwBoA7bEFt79+n9SA4jBixtBzpWNbxDSmFov9BptLtgHwEN7fwiCy,0.25526,1.404366,2.456167,0,2591700,7.197289,Delay-insensitive,2,3.5
381600,ZtliqqWQ6huwwBoA7bEFt79+n9SA4jBixtBzpWNbxDSmFov9BptLtgHwEN7fwiCy,0.212365,1.233472,2.052898,0,2591700,7.197289,Delay-insensitive,2,3.5
381900,ZtliqqWQ6huwwBoA7bEFt79+n9SA4jBixtBzpWNbxDSmFov9BptLtgHwEN7fwiCy,0.5559189999999999,1.51059,3.083145,0,2591700,7.197289,Delay-insensitive,2,3.5
382200,ZtliqqWQ6huwwBoA7bEFt79+n9SA4jBixtBzpWNbxDSmFov9BptLtgHwEN7fwiCy,0.287051,1.502972,2.957081,0,2591700,7.197289,Delay-insensitive,2,3.5
382500,ZtliqqWQ6huwwBoA7bEFt79+n9SA4jBixtBzpWNbxDSmFov9BptLtgHwEN7fwiCy,0.84936,6.491236,23.790351,0,2591700,7.197289,Delay-insensitive,2,3.5
382800,ZtliqqWQ6huwwBoA7bEFt79+n9SA4jBixtBzpWNbxDSmFov9BptLtgHwEN7fwiCy,0.6350560000000001,1.754546,4.68709,0,2591700,7.197289,Delay-insensitive,2,3.5
383100,ZtliqqWQ6huwwBoA7bEFt79+n9SA4jBixtBzpWNbxDSmFov9BptLtgHwEN7fwiCy,0.468829,1.506366,2.631713,0,2591700,7.197289,Delay-insensitive,2,3.5
383400,ZtliqqWQ6huwwBoA7bEFt79+n9SA4jBixtBzpWNbxDSmFov9BptLtgHwEN7fwiCy,0.438892,1.381634,2.447495,0,2591700,7.197289,Delay-insensitive,2,3.5
383700,ZtliqqWQ6huwwBoA7bEFt79+n9SA4jBixtBzpWNbxDSmFov9BptLtgHwEN7fwiCy,0.484237,1.37379,2.809328,0,2591700,7.197289,Delay-insensitive,2,3.5
384000,ZtliqqWQ6huwwBoA7bEFt79+n9SA4jBixtBzpWNbxDSmFov9BptLtgHwEN7fwiCy,0.20993,1.353522,2.234337,0,2591700,7.197289,Delay-insensitive,2,3.5
384300,ZtliqqWQ6huwwBoA7bEFt79+n9SA4jBixtBzpWNbxDSmFov9BptLtgHwEN7fwiCy,0.409395,1.199296,2.226805,0,2591700,7.197289,Delay-insensitive,2,3.5
384600,ZtliqqWQ6huwwBoA7bEFt79+n9SA4jBixtBzpWNbxDSmFov9BptLtgHwEN7fwiCy,0.479201,1.342273,2.544276,0,2591700,7.197289,Delay-insensitive,2,3.5
384900,ZtliqqWQ6huwwBoA7bEFt79+n9SA4jBixtBzpWNbxDSmFov9BptLtgHwEN7fwiCy,0.244792,1.235378,1.992864,0,2591700,7.197289,Delay-insensitive,2,3.5
385200,ZtliqqWQ6huwwBoA7bEFt79+n9SA4jBixtBzpWNbxDSmFov9BptLtgHwEN7fwiCy,0.463364,1.292441,2.279296,0,2591700,7.197289,Delay-insensitive,2,3.5
385500,ZtliqqWQ6huwwBoA7bEFt79+n9SA4jBixtBzpWNbxDSmFov9BptLtgHwEN7fwiCy,0.475622,1.588986,4.641583,0,2591700,7.197289,Delay-insensitive,2,3.5
385800,ZtliqqWQ6huwwBoA7bEFt79+n9SA4jBixtBzpWNbxDSmFov9BptLtgHwEN7fwiCy,0.478678,1.296963,2.093278,0,2591700,7.197289,Delay-insensitive,2,3.5
386100,ZtliqqWQ6huwwBoA7bEFt79+n9SA4jBixtBzpWNbxDSmFov9BptLtgHwEN7fwiCy,0.265686,1.231914,2.394883,0,2591700,7.197289,Delay-insensitive,2,3.5
386400,ZtliqqWQ6huwwBoA7bEFt79+n9SA4jBixtBzpWNbxDSmFov9BptLtgHwEN7fwiCy,0.468077,1.270126,1.894997,0,2591700,7.197289,Delay-insensitive,2,3.5
386700,ZtliqqWQ6huwwBoA7bEFt79+n9SA4jBixtBzpWNbxDSmFov9BptLtgHwEN7fwiCy,0.450538,1.357286,2.7890040000000003,0,2591700,7.197289,Delay-insensitive,2,3.5
387000,ZtliqqWQ6huwwBoA7bEFt79+n9SA4jBixtBzpWNbxDSmFov9BptLtgHwEN7fwiCy,0.545164,2.831319,14.661179999999998,0,2591700,7.197289,Delay-insensitive,2,3.5
387300,ZtliqqWQ6huwwBoA7bEFt79+n9SA4jBixtBzpWNbxDSmFov9BptLtgHwEN7fwiCy,0.479726,1.286719,2.111016,0,2591700,7.197289,Delay-insensitive,2,3.5
387600,ZtliqqWQ6huwwBoA7bEFt79+n9SA4jBixtBzpWNbxDSmFov9BptLtgHwEN7fwiCy,0.232186,1.293967,2.39175,0,2591700,7.197289,Delay-insensitive,2,3.5
387900,ZtliqqWQ6huwwBoA7bEFt79+n9SA4jBixtBzpWNbxDSmFov9BptLtgHwEN7fwiCy,0.448577,1.252259,2.5817240000000004,0,2591700,7.197289,Delay-insensitive,2,3.5
388200,ZtliqqWQ6huwwBoA7bEFt79+n9SA4jBixtBzpWNbxDSmFov9BptLtgHwEN7fwiCy,0.4151399999999999,1.361402,2.35557,0,2591700,7.197289,Delay-insensitive,2,3.5
388500,ZtliqqWQ6huwwBoA7bEFt79+n9SA4jBixtBzpWNbxDSmFov9BptLtgHwEN7fwiCy,0.511702,1.464987,3.102337,0,2591700,7.197289,Delay-insensitive,2,3.5
388800,ZtliqqWQ6huwwBoA7bEFt79+n9SA4jBixtBzpWNbxDSmFov9BptLtgHwEN7fwiCy,0.5576939999999999,1.340934,2.70965,0,2591700,7.197289,Delay-insensitive,2,3.5
389100,ZtliqqWQ6huwwBoA7bEFt79+n9SA4jBixtBzpWNbxDSmFov9BptLtgHwEN7fwiCy,0.4931689999999999,1.488943,2.895667,0,2591700,7.197289,Delay-insensitive,2,3.5
389400,ZtliqqWQ6huwwBoA7bEFt79+n9SA4jBixtBzpWNbxDSmFov9BptLtgHwEN7fwiCy,0.396161,1.365259,2.355254,0,2591700,7.197289,Delay-insensitive,2,3.5
389700,ZtliqqWQ6huwwBoA7bEFt79+n9SA4jBixtBzpWNbxDSmFov9BptLtgHwEN7fwiCy,0.524513,1.26964,2.131177,0,2591700,7.197289,Delay-insensitive,2,3.5
390000,ZtliqqWQ6huwwBoA7bEFt79+n9SA4jBixtBzpWNbxDSmFov9BptLtgHwEN7fwiCy,0.495359,1.322843,2.471963,0,2591700,7.197289,Delay-insensitive,2,3.5
390300,ZtliqqWQ6huwwBoA7bEFt79+n9SA4jBixtBzpWNbxDSmFov9BptLtgHwEN7fwiCy,0.414466,1.391993,2.601387,0,2591700,7.197289,Delay-insensitive,2,3.5
390600,ZtliqqWQ6huwwBoA7bEFt79+n9SA4jBixtBzpWNbxDSmFov9BptLtgHwEN7fwiCy,0.550739,1.25916,2.320414,0,2591700,7.197289,Delay-insensitive,2,3.5
390900,ZtliqqWQ6huwwBoA7bEFt79+n9SA4jBixtBzpWNbxDSmFov9BptLtgHwEN7fwiCy,0.50053,1.269213,2.150598,0,2591700,7.197289,Delay-insensitive,2,3.5
391200,ZtliqqWQ6huwwBoA7bEFt79+n9SA4jBixtBzpWNbxDSmFov9BptLtgHwEN7fwiCy,0.603738,1.4455129999999998,2.510286,0,2591700,7.197289,Delay-insensitive,2,3.5
391500,ZtliqqWQ6huwwBoA7bEFt79+n9SA4jBixtBzpWNbxDSmFov9BptLtgHwEN7fwiCy,0.2116559999999999,1.256409,2.406258,0,2591700,7.197289,Delay-insensitive,2,3.5
391800,ZtliqqWQ6huwwBoA7bEFt79+n9SA4jBixtBzpWNbxDSmFov9BptLtgHwEN7fwiCy,0.510725,1.39581,2.238747,0,2591700,7.197289,Delay-insensitive,2,3.5
392100,ZtliqqWQ6huwwBoA7bEFt79+n9SA4jBixtBzpWNbxDSmFov9BptLtgHwEN7fwiCy,0.346839,1.301557,2.381561,0,2591700,7.197289,Delay-insensitive,2,3.5
392400,ZtliqqWQ6huwwBoA7bEFt79+n9SA4jBixtBzpWNbxDSmFov9BptLtgHwEN7fwiCy,0.385833,1.223599,2.640142,0,2591700,7.197289,Delay-insensitive,2,3.5
392700,ZtliqqWQ6huwwBoA7bEFt79+n9SA4jBixtBzpWNbxDSmFov9BptLtgHwEN7fwiCy,0.488857,1.365542,3.289668,0,2591700,7.197289,Delay-insensitive,2,3.5
393000,ZtliqqWQ6huwwBoA7bEFt79+n9SA4jBixtBzpWNbxDSmFov9BptLtgHwEN7fwiCy,0.3160739999999999,1.287932,2.147734,0,2591700,7.197289,Delay-insensitive,2,3.5
393300,ZtliqqWQ6huwwBoA7bEFt79+n9SA4jBixtBzpWNbxDSmFov9BptLtgHwEN7fwiCy,0.604642,1.285629,2.411999,0,2591700,7.197289,Delay-insensitive,2,3.5
393600,ZtliqqWQ6huwwBoA7bEFt79+n9SA4jBixtBzpWNbxDSmFov9BptLtgHwEN7fwiCy,0.495002,1.313581,2.795416,0,2591700,7.197289,Delay-insensitive,2,3.5
393900,ZtliqqWQ6huwwBoA7bEFt79+n9SA4jBixtBzpWNbxDSmFov9BptLtgHwEN7fwiCy,0.4978609999999999,1.319667,2.099014,0,2591700,7.197289,Delay-insensitive,2,3.5
394200,ZtliqqWQ6huwwBoA7bEFt79+n9SA4jBixtBzpWNbxDSmFov9BptLtgHwEN7fwiCy,0.458083,1.23763,2.086013,0,2591700,7.197289,Delay-insensitive,2,3.5
394500,ZtliqqWQ6huwwBoA7bEFt79+n9SA4jBixtBzpWNbxDSmFov9BptLtgHwEN7fwiCy,0.523907,1.381559,2.570498,0,2591700,7.197289,Delay-insensitive,2,3.5
394800,ZtliqqWQ6huwwBoA7bEFt79+n9SA4jBixtBzpWNbxDSmFov9BptLtgHwEN7fwiCy,0.275665,1.247991,2.311214,0,2591700,7.197289,Delay-insensitive,2,3.5
395100,ZtliqqWQ6huwwBoA7bEFt79+n9SA4jBixtBzpWNbxDSmFov9BptLtgHwEN7fwiCy,0.453625,1.293128,2.225231,0,2591700,7.197289,Delay-insensitive,2,3.5
395400,ZtliqqWQ6huwwBoA7bEFt79+n9SA4jBixtBzpWNbxDSmFov9BptLtgHwEN7fwiCy,0.557419,1.393994,2.435804,0,2591700,7.197289,Delay-insensitive,2,3.5
395700,ZtliqqWQ6huwwBoA7bEFt79+n9SA4jBixtBzpWNbxDSmFov9BptLtgHwEN7fwiCy,0.456384,1.36934,2.4717860000000003,0,2591700,7.197289,Delay-insensitive,2,3.5
396000,ZtliqqWQ6huwwBoA7bEFt79+n9SA4jBixtBzpWNbxDSmFov9BptLtgHwEN7fwiCy,0.5639770000000001,1.372802,2.758382,0,2591700,7.197289,Delay-insensitive,2,3.5
396300,ZtliqqWQ6huwwBoA7bEFt79+n9SA4jBixtBzpWNbxDSmFov9BptLtgHwEN7fwiCy,0.532198,1.409669,2.8877900000000003,0,2591700,7.197289,Delay-insensitive,2,3.5
396600,ZtliqqWQ6huwwBoA7bEFt79+n9SA4jBixtBzpWNbxDSmFov9BptLtgHwEN7fwiCy,0.489989,1.279815,2.119671,0,2591700,7.197289,Delay-insensitive,2,3.5
396900,ZtliqqWQ6huwwBoA7bEFt79+n9SA4jBixtBzpWNbxDSmFov9BptLtgHwEN7fwiCy,0.6000800000000001,1.359985,2.121915,0,2591700,7.197289,Delay-insensitive,2,3.5
397200,ZtliqqWQ6huwwBoA7bEFt79+n9SA4jBixtBzpWNbxDSmFov9BptLtgHwEN7fwiCy,0.4942729999999999,1.343493,2.980534,0,2591700,7.197289,Delay-insensitive,2,3.5
397500,ZtliqqWQ6huwwBoA7bEFt79+n9SA4jBixtBzpWNbxDSmFov9BptLtgHwEN7fwiCy,0.57216,1.434668,2.529721,0,2591700,7.197289,Delay-insensitive,2,3.5
397800,ZtliqqWQ6huwwBoA7bEFt79+n9SA4jBixtBzpWNbxDSmFov9BptLtgHwEN7fwiCy,0.5322600000000001,1.326774,2.1177080000000004,0,2591700,7.197289,Delay-insensitive,2,3.5
398100,ZtliqqWQ6huwwBoA7bEFt79+n9SA4jBixtBzpWNbxDSmFov9BptLtgHwEN7fwiCy,0.490031,1.3756540000000002,2.377609,0,2591700,7.197289,Delay-insensitive,2,3.5
398400,ZtliqqWQ6huwwBoA7bEFt79+n9SA4jBixtBzpWNbxDSmFov9BptLtgHwEN7fwiCy,0.684866,1.359147,2.743174,0,2591700,7.197289,Delay-insensitive,2,3.5
398700,ZtliqqWQ6huwwBoA7bEFt79+n9SA4jBixtBzpWNbxDSmFov9BptLtgHwEN7fwiCy,0.499225,1.278123,2.29473,0,2591700,7.197289,Delay-insensitive,2,3.5
399000,ZtliqqWQ6huwwBoA7bEFt79+n9SA4jBixtBzpWNbxDSmFov9BptLtgHwEN7fwiCy,0.4858979999999999,1.258154,2.513031,0,2591700,7.197289,Delay-insensitive,2,3.5
399300,ZtliqqWQ6huwwBoA7bEFt79+n9SA4jBixtBzpWNbxDSmFov9BptLtgHwEN7fwiCy,0.5058779999999999,1.341047,2.449936,0,2591700,7.197289,Delay-insensitive,2,3.5
399600,ZtliqqWQ6huwwBoA7bEFt79+n9SA4jBixtBzpWNbxDSmFov9BptLtgHwEN7fwiCy,0.528127,1.2869469999999998,2.447943,0,2591700,7.197289,Delay-insensitive,2,3.5
399900,ZtliqqWQ6huwwBoA7bEFt79+n9SA4jBixtBzpWNbxDSmFov9BptLtgHwEN7fwiCy,0.468152,2.241878,9.193442,0,2591700,7.197289,Delay-insensitive,2,3.5
400200,ZtliqqWQ6huwwBoA7bEFt79+n9SA4jBixtBzpWNbxDSmFov9BptLtgHwEN7fwiCy,0.4866939999999999,1.2930469999999998,2.127042,0,2591700,7.197289,Delay-insensitive,2,3.5
400500,ZtliqqWQ6huwwBoA7bEFt79+n9SA4jBixtBzpWNbxDSmFov9BptLtgHwEN7fwiCy,0.511278,1.354041,2.48486,0,2591700,7.197289,Delay-insensitive,2,3.5
400800,ZtliqqWQ6huwwBoA7bEFt79+n9SA4jBixtBzpWNbxDSmFov9BptLtgHwEN7fwiCy,0.498453,1.321078,2.252546,0,2591700,7.197289,Delay-insensitive,2,3.5
401100,ZtliqqWQ6huwwBoA7bEFt79+n9SA4jBixtBzpWNbxDSmFov9BptLtgHwEN7fwiCy,0.4717939999999999,1.397382,2.1347240000000003,0,2591700,7.197289,Delay-insensitive,2,3.5
401400,ZtliqqWQ6huwwBoA7bEFt79+n9SA4jBixtBzpWNbxDSmFov9BptLtgHwEN7fwiCy,0.597982,1.265433,1.841322,0,2591700,7.197289,Delay-insensitive,2,3.5
401700,ZtliqqWQ6huwwBoA7bEFt79+n9SA4jBixtBzpWNbxDSmFov9BptLtgHwEN7fwiCy,0.481793,1.302306,2.628652,0,2591700,7.197289,Delay-insensitive,2,3.5
402000,ZtliqqWQ6huwwBoA7bEFt79+n9SA4jBixtBzpWNbxDSmFov9BptLtgHwEN7fwiCy,0.555692,1.319517,2.409142,0,2591700,7.197289,Delay-insensitive,2,3.5
402300,ZtliqqWQ6huwwBoA7bEFt79+n9SA4jBixtBzpWNbxDSmFov9BptLtgHwEN7fwiCy,0.376932,1.288107,2.496297,0,2591700,7.197289,Delay-insensitive,2,3.5
402600,ZtliqqWQ6huwwBoA7bEFt79+n9SA4jBixtBzpWNbxDSmFov9BptLtgHwEN7fwiCy,0.550359,1.434375,2.653706,0,2591700,7.197289,Delay-insensitive,2,3.5
402900,ZtliqqWQ6huwwBoA7bEFt79+n9SA4jBixtBzpWNbxDSmFov9BptLtgHwEN7fwiCy,0.495141,1.353783,2.29272,0,2591700,7.197289,Delay-insensitive,2,3.5
403200,ZtliqqWQ6huwwBoA7bEFt79+n9SA4jBixtBzpWNbxDSmFov9BptLtgHwEN7fwiCy,0.337787,1.283441,3.160401,0,2591700,7.197289,Delay-insensitive,2,3.5
403500,ZtliqqWQ6huwwBoA7bEFt79+n9SA4jBixtBzpWNbxDSmFov9BptLtgHwEN7fwiCy,0.624321,1.4552969999999998,2.489291,0,2591700,7.197289,Delay-insensitive,2,3.5
403800,ZtliqqWQ6huwwBoA7bEFt79+n9SA4jBixtBzpWNbxDSmFov9BptLtgHwEN7fwiCy,0.362538,1.320175,2.904587,0,2591700,7.197289,Delay-insensitive,2,3.5
404100,ZtliqqWQ6huwwBoA7bEFt79+n9SA4jBixtBzpWNbxDSmFov9BptLtgHwEN7fwiCy,0.57612,1.455358,2.966092,0,2591700,7.197289,Delay-insensitive,2,3.5
404400,ZtliqqWQ6huwwBoA7bEFt79+n9SA4jBixtBzpWNbxDSmFov9BptLtgHwEN7fwiCy,0.43482,1.284602,2.264163,0,2591700,7.197289,Delay-insensitive,2,3.5
404700,ZtliqqWQ6huwwBoA7bEFt79+n9SA4jBixtBzpWNbxDSmFov9BptLtgHwEN7fwiCy,0.5341100000000001,1.367586,2.806693,0,2591700,7.197289,Delay-insensitive,2,3.5
405000,ZtliqqWQ6huwwBoA7bEFt79+n9SA4jBixtBzpWNbxDSmFov9BptLtgHwEN7fwiCy,0.452125,1.233191,2.158958,0,2591700,7.197289,Delay-insensitive,2,3.5
405300,ZtliqqWQ6huwwBoA7bEFt79+n9SA4jBixtBzpWNbxDSmFov9BptLtgHwEN7fwiCy,0.496184,1.380991,2.4068110000000003,0,2591700,7.197289,Delay-insensitive,2,3.5
405600,ZtliqqWQ6huwwBoA7bEFt79+n9SA4jBixtBzpWNbxDSmFov9BptLtgHwEN7fwiCy,0.25494,1.261392,2.15918,0,2591700,7.197289,Delay-insensitive,2,3.5
405900,ZtliqqWQ6huwwBoA7bEFt79+n9SA4jBixtBzpWNbxDSmFov9BptLtgHwEN7fwiCy,0.422495,1.2368709999999998,2.213237,0,2591700,7.197289,Delay-insensitive,2,3.5
406200,ZtliqqWQ6huwwBoA7bEFt79+n9SA4jBixtBzpWNbxDSmFov9BptLtgHwEN7fwiCy,0.559327,1.525896,3.676293,0,2591700,7.197289,Delay-insensitive,2,3.5
406500,ZtliqqWQ6huwwBoA7bEFt79+n9SA4jBixtBzpWNbxDSmFov9BptLtgHwEN7fwiCy,0.28365,1.243926,1.81986,0,2591700,7.197289,Delay-insensitive,2,3.5
406800,ZtliqqWQ6huwwBoA7bEFt79+n9SA4jBixtBzpWNbxDSmFov9BptLtgHwEN7fwiCy,0.5427390000000001,1.342526,2.717311,0,2591700,7.197289,Delay-insensitive,2,3.5
407100,ZtliqqWQ6huwwBoA7bEFt79+n9SA4jBixtBzpWNbxDSmFov9BptLtgHwEN7fwiCy,0.516925,1.358583,2.1825,0,2591700,7.197289,Delay-insensitive,2,3.5
407400,ZtliqqWQ6huwwBoA7bEFt79+n9SA4jBixtBzpWNbxDSmFov9BptLtgHwEN7fwiCy,0.533885,1.307844,2.768528,0,2591700,7.197289,Delay-insensitive,2,3.5
407700,ZtliqqWQ6huwwBoA7bEFt79+n9SA4jBixtBzpWNbxDSmFov9BptLtgHwEN7fwiCy,0.362761,1.400671,3.0853,0,2591700,7.197289,Delay-insensitive,2,3.5
408000,ZtliqqWQ6huwwBoA7bEFt79+n9SA4jBixtBzpWNbxDSmFov9BptLtgHwEN7fwiCy,0.51881,1.361509,2.364029,0,2591700,7.197289,Delay-insensitive,2,3.5
408300,ZtliqqWQ6huwwBoA7bEFt79+n9SA4jBixtBzpWNbxDSmFov9BptLtgHwEN7fwiCy,0.4134739999999999,1.280442,2.560392,0,2591700,7.197289,Delay-insensitive,2,3.5
408600,ZtliqqWQ6huwwBoA7bEFt79+n9SA4jBixtBzpWNbxDSmFov9BptLtgHwEN7fwiCy,0.210569,1.285713,1.975786,0,2591700,7.197289,Delay-insensitive,2,3.5
408900,ZtliqqWQ6huwwBoA7bEFt79+n9SA4jBixtBzpWNbxDSmFov9BptLtgHwEN7fwiCy,0.578865,1.344085,2.6925220000000003,0,2591700,7.197289,Delay-insensitive,2,3.5
409200,ZtliqqWQ6huwwBoA7bEFt79+n9SA4jBixtBzpWNbxDSmFov9BptLtgHwEN7fwiCy,0.3955579999999999,1.254576,1.955901,0,2591700,7.197289,Delay-insensitive,2,3.5
409500,ZtliqqWQ6huwwBoA7bEFt79+n9SA4jBixtBzpWNbxDSmFov9BptLtgHwEN7fwiCy,0.472379,1.285074,2.9509990000000004,0,2591700,7.197289,Delay-insensitive,2,3.5
409800,ZtliqqWQ6huwwBoA7bEFt79+n9SA4jBixtBzpWNbxDSmFov9BptLtgHwEN7fwiCy,0.540747,1.298861,2.075291,0,2591700,7.197289,Delay-insensitive,2,3.5
410100,ZtliqqWQ6huwwBoA7bEFt79+n9SA4jBixtBzpWNbxDSmFov9BptLtgHwEN7fwiCy,0.506562,1.352411,2.570377,0,2591700,7.197289,Delay-insensitive,2,3.5
410400,ZtliqqWQ6huwwBoA7bEFt79+n9SA4jBixtBzpWNbxDSmFov9BptLtgHwEN7fwiCy,0.274375,1.223792,2.182083,0,2591700,7.197289,Delay-insensitive,2,3.5
410700,ZtliqqWQ6huwwBoA7bEFt79+n9SA4jBixtBzpWNbxDSmFov9BptLtgHwEN7fwiCy,0.5346270000000001,1.467786,3.279576,0,2591700,7.197289,Delay-insensitive,2,3.5
411000,ZtliqqWQ6huwwBoA7bEFt79+n9SA4jBixtBzpWNbxDSmFov9BptLtgHwEN7fwiCy,0.450431,1.300922,2.493634,0,2591700,7.197289,Delay-insensitive,2,3.5
411300,ZtliqqWQ6huwwBoA7bEFt79+n9SA4jBixtBzpWNbxDSmFov9BptLtgHwEN7fwiCy,0.628057,5.178825,19.327648,0,2591700,7.197289,Delay-insensitive,2,3.5
411600,ZtliqqWQ6huwwBoA7bEFt79+n9SA4jBixtBzpWNbxDSmFov9BptLtgHwEN7fwiCy,0.3694929999999999,1.384588,2.4631220000000003,0,2591700,7.197289,Delay-insensitive,2,3.5
411900,ZtliqqWQ6huwwBoA7bEFt79+n9SA4jBixtBzpWNbxDSmFov9BptLtgHwEN7fwiCy,0.329793,1.409643,2.533759,0,2591700,7.197289,Delay-insensitive,2,3.5
412200,ZtliqqWQ6huwwBoA7bEFt79+n9SA4jBixtBzpWNbxDSmFov9BptLtgHwEN7fwiCy,0.520116,1.2587469999999998,2.071985,0,2591700,7.197289,Delay-insensitive,2,3.5
412500,ZtliqqWQ6huwwBoA7bEFt79+n9SA4jBixtBzpWNbxDSmFov9BptLtgHwEN7fwiCy,0.460709,1.31316,2.2809310000000003,0,2591700,7.197289,Delay-insensitive,2,3.5
412800,ZtliqqWQ6huwwBoA7bEFt79+n9SA4jBixtBzpWNbxDSmFov9BptLtgHwEN7fwiCy,0.508389,1.290219,2.057865,0,2591700,7.197289,Delay-insensitive,2,3.5
413100,ZtliqqWQ6huwwBoA7bEFt79+n9SA4jBixtBzpWNbxDSmFov9BptLtgHwEN7fwiCy,0.57522,1.367599,2.356416,0,2591700,7.197289,Delay-insensitive,2,3.5
413400,ZtliqqWQ6huwwBoA7bEFt79+n9SA4jBixtBzpWNbxDSmFov9BptLtgHwEN7fwiCy,0.524929,1.326847,2.0905970000000003,0,2591700,7.197289,Delay-insensitive,2,3.5
413700,ZtliqqWQ6huwwBoA7bEFt79+n9SA4jBixtBzpWNbxDSmFov9BptLtgHwEN7fwiCy,0.5087470000000001,1.337248,3.062246,0,2591700,7.197289,Delay-insensitive,2,3.5
414000,ZtliqqWQ6huwwBoA7bEFt79+n9SA4jBixtBzpWNbxDSmFov9BptLtgHwEN7fwiCy,0.6529,1.434971,2.608904,0,2591700,7.197289,Delay-insensitive,2,3.5
414300,ZtliqqWQ6huwwBoA7bEFt79+n9SA4jBixtBzpWNbxDSmFov9BptLtgHwEN7fwiCy,0.319092,1.501368,3.008186,0,2591700,7.197289,Delay-insensitive,2,3.5
414600,ZtliqqWQ6huwwBoA7bEFt79+n9SA4jBixtBzpWNbxDSmFov9BptLtgHwEN7fwiCy,0.706098,2.069516,13.534495,0,2591700,7.197289,Delay-insensitive,2,3.5
414900,ZtliqqWQ6huwwBoA7bEFt79+n9SA4jBixtBzpWNbxDSmFov9BptLtgHwEN7fwiCy,0.542313,1.398851,2.317371,0,2591700,7.197289,Delay-insensitive,2,3.5
415200,ZtliqqWQ6huwwBoA7bEFt79+n9SA4jBixtBzpWNbxDSmFov9BptLtgHwEN7fwiCy,0.305116,1.342954,2.66607,0,2591700,7.197289,Delay-insensitive,2,3.5
415500,ZtliqqWQ6huwwBoA7bEFt79+n9SA4jBixtBzpWNbxDSmFov9BptLtgHwEN7fwiCy,0.542802,1.325392,2.5633,0,2591700,7.197289,Delay-insensitive,2,3.5
415800,ZtliqqWQ6huwwBoA7bEFt79+n9SA4jBixtBzpWNbxDSmFov9BptLtgHwEN7fwiCy,0.318258,1.287716,2.228562,0,2591700,7.197289,Delay-insensitive,2,3.5
416100,ZtliqqWQ6huwwBoA7bEFt79+n9SA4jBixtBzpWNbxDSmFov9BptLtgHwEN7fwiCy,0.60735,1.3719,2.318337,0,2591700,7.197289,Delay-insensitive,2,3.5
416400,ZtliqqWQ6huwwBoA7bEFt79+n9SA4jBixtBzpWNbxDSmFov9BptLtgHwEN7fwiCy,0.366632,1.231967,1.885532,0,2591700,7.197289,Delay-insensitive,2,3.5
416700,ZtliqqWQ6huwwBoA7bEFt79+n9SA4jBixtBzpWNbxDSmFov9BptLtgHwEN7fwiCy,0.4951569999999999,1.388336,2.581318,0,2591700,7.197289,Delay-insensitive,2,3.5
417000,ZtliqqWQ6huwwBoA7bEFt79+n9SA4jBixtBzpWNbxDSmFov9BptLtgHwEN7fwiCy,0.532612,1.422345,2.550141,0,2591700,7.197289,Delay-insensitive,2,3.5
417300,ZtliqqWQ6huwwBoA7bEFt79+n9SA4jBixtBzpWNbxDSmFov9BptLtgHwEN7fwiCy,0.5284840000000001,1.366771,2.683435,0,2591700,7.197289,Delay-insensitive,2,3.5
417600,ZtliqqWQ6huwwBoA7bEFt79+n9SA4jBixtBzpWNbxDSmFov9BptLtgHwEN7fwiCy,0.588148,1.2852629999999998,1.923087,0,2591700,7.197289,Delay-insensitive,2,3.5
417900,ZtliqqWQ6huwwBoA7bEFt79+n9SA4jBixtBzpWNbxDSmFov9BptLtgHwEN7fwiCy,0.4930029999999999,1.351465,3.0587720000000003,0,2591700,7.197289,Delay-insensitive,2,3.5
418200,ZtliqqWQ6huwwBoA7bEFt79+n9SA4jBixtBzpWNbxDSmFov9BptLtgHwEN7fwiCy,0.5584319999999999,1.3952870000000002,2.622785,0,2591700,7.197289,Delay-insensitive,2,3.5
418500,ZtliqqWQ6huwwBoA7bEFt79+n9SA4jBixtBzpWNbxDSmFov9BptLtgHwEN7fwiCy,0.525042,1.396297,2.833097,0,2591700,7.197289,Delay-insensitive,2,3.5
418800,ZtliqqWQ6huwwBoA7bEFt79+n9SA4jBixtBzpWNbxDSmFov9BptLtgHwEN7fwiCy,0.523838,1.406004,2.818007,0,2591700,7.197289,Delay-insensitive,2,3.5
419100,ZtliqqWQ6huwwBoA7bEFt79+n9SA4jBixtBzpWNbxDSmFov9BptLtgHwEN7fwiCy,0.493841,1.402093,2.375825,0,2591700,7.197289,Delay-insensitive,2,3.5
419400,ZtliqqWQ6huwwBoA7bEFt79+n9SA4jBixtBzpWNbxDSmFov9BptLtgHwEN7fwiCy,0.514154,1.322352,1.998534,0,2591700,7.197289,Delay-insensitive,2,3.5
419700,ZtliqqWQ6huwwBoA7bEFt79+n9SA4jBixtBzpWNbxDSmFov9BptLtgHwEN7fwiCy,0.44061,1.456085,3.121644,0,2591700,7.197289,Delay-insensitive,2,3.5
420000,ZtliqqWQ6huwwBoA7bEFt79+n9SA4jBixtBzpWNbxDSmFov9BptLtgHwEN7fwiCy,0.4686909999999999,1.482744,3.4889120000000005,0,2591700,7.197289,Delay-insensitive,2,3.5
420300,ZtliqqWQ6huwwBoA7bEFt79+n9SA4jBixtBzpWNbxDSmFov9BptLtgHwEN7fwiCy,0.6045510000000001,1.414626,2.7530240000000004,0,2591700,7.197289,Delay-insensitive,2,3.5
420600,ZtliqqWQ6huwwBoA7bEFt79+n9SA4jBixtBzpWNbxDSmFov9BptLtgHwEN7fwiCy,0.513149,1.480052,3.1861650000000004,0,2591700,7.197289,Delay-insensitive,2,3.5
420900,ZtliqqWQ6huwwBoA7bEFt79+n9SA4jBixtBzpWNbxDSmFov9BptLtgHwEN7fwiCy,0.5299,1.330375,2.764679,0,2591700,7.197289,Delay-insensitive,2,3.5
421200,ZtliqqWQ6huwwBoA7bEFt79+n9SA4jBixtBzpWNbxDSmFov9BptLtgHwEN7fwiCy,0.553057,1.476105,3.1294720000000003,0,2591700,7.197289,Delay-insensitive,2,3.5
421500,ZtliqqWQ6huwwBoA7bEFt79+n9SA4jBixtBzpWNbxDSmFov9BptLtgHwEN7fwiCy,0.487017,1.457274,3.5362400000000003,0,2591700,7.197289,Delay-insensitive,2,3.5
421800,ZtliqqWQ6huwwBoA7bEFt79+n9SA4jBixtBzpWNbxDSmFov9BptLtgHwEN7fwiCy,0.509335,1.5108780000000002,2.986406,0,2591700,7.197289,Delay-insensitive,2,3.5
422100,ZtliqqWQ6huwwBoA7bEFt79+n9SA4jBixtBzpWNbxDSmFov9BptLtgHwEN7fwiCy,0.574149,1.3806,2.81247,0,2591700,7.197289,Delay-insensitive,2,3.5
422400,ZtliqqWQ6huwwBoA7bEFt79+n9SA4jBixtBzpWNbxDSmFov9BptLtgHwEN7fwiCy,0.527729,1.477291,3.232879,0,2591700,7.197289,Delay-insensitive,2,3.5
422700,ZtliqqWQ6huwwBoA7bEFt79+n9SA4jBixtBzpWNbxDSmFov9BptLtgHwEN7fwiCy,0.5504819999999999,1.44513,3.162427,0,2591700,7.197289,Delay-insensitive,2,3.5
423000,ZtliqqWQ6huwwBoA7bEFt79+n9SA4jBixtBzpWNbxDSmFov9BptLtgHwEN7fwiCy,0.5679310000000001,1.394168,2.720828,0,2591700,7.197289,Delay-insensitive,2,3.5
423300,ZtliqqWQ6huwwBoA7bEFt79+n9SA4jBixtBzpWNbxDSmFov9BptLtgHwEN7fwiCy,0.4828409999999999,1.466716,4.209387,0,2591700,7.197289,Delay-insensitive,2,3.5
423600,ZtliqqWQ6huwwBoA7bEFt79+n9SA4jBixtBzpWNbxDSmFov9BptLtgHwEN7fwiCy,0.539147,1.376602,2.420052,0,2591700,7.197289,Delay-insensitive,2,3.5
423900,ZtliqqWQ6huwwBoA7bEFt79+n9SA4jBixtBzpWNbxDSmFov9BptLtgHwEN7fwiCy,0.579684,1.467859,3.000701,0,2591700,7.197289,Delay-insensitive,2,3.5
424200,ZtliqqWQ6huwwBoA7bEFt79+n9SA4jBixtBzpWNbxDSmFov9BptLtgHwEN7fwiCy,0.5465260000000001,1.380632,2.603019,0,2591700,7.197289,Delay-insensitive,2,3.5
424500,ZtliqqWQ6huwwBoA7bEFt79+n9SA4jBixtBzpWNbxDSmFov9BptLtgHwEN7fwiCy,0.523835,1.419938,3.1986060000000003,0,2591700,7.197289,Delay-insensitive,2,3.5
424800,ZtliqqWQ6huwwBoA7bEFt79+n9SA4jBixtBzpWNbxDSmFov9BptLtgHwEN7fwiCy,0.524814,1.374685,2.32081,0,2591700,7.197289,Delay-insensitive,2,3.5
425100,ZtliqqWQ6huwwBoA7bEFt79+n9SA4jBixtBzpWNbxDSmFov9BptLtgHwEN7fwiCy,0.4953359999999999,1.573909,3.448682,0,2591700,7.197289,Delay-insensitive,2,3.5
425400,ZtliqqWQ6huwwBoA7bEFt79+n9SA4jBixtBzpWNbxDSmFov9BptLtgHwEN7fwiCy,0.6920310000000001,1.526423,3.546921,0,2591700,7.197289,Delay-insensitive,2,3.5
425700,ZtliqqWQ6huwwBoA7bEFt79+n9SA4jBixtBzpWNbxDSmFov9BptLtgHwEN7fwiCy,0.623498,1.34288,2.633661,0,2591700,7.197289,Delay-insensitive,2,3.5
426000,ZtliqqWQ6huwwBoA7bEFt79+n9SA4jBixtBzpWNbxDSmFov9BptLtgHwEN7fwiCy,0.4735109999999999,1.552524,4.561674,0,2591700,7.197289,Delay-insensitive,2,3.5
426300,ZtliqqWQ6huwwBoA7bEFt79+n9SA4jBixtBzpWNbxDSmFov9BptLtgHwEN7fwiCy,0.6110949999999999,1.366218,2.15574,0,2591700,7.197289,Delay-insensitive,2,3.5
426600,ZtliqqWQ6huwwBoA7bEFt79+n9SA4jBixtBzpWNbxDSmFov9BptLtgHwEN7fwiCy,0.527744,1.440174,3.3623260000000004,0,2591700,7.197289,Delay-insensitive,2,3.5
426900,ZtliqqWQ6huwwBoA7bEFt79+n9SA4jBixtBzpWNbxDSmFov9BptLtgHwEN7fwiCy,0.5438149999999999,1.348513,2.401166,0,2591700,7.197289,Delay-insensitive,2,3.5
427200,ZtliqqWQ6huwwBoA7bEFt79+n9SA4jBixtBzpWNbxDSmFov9BptLtgHwEN7fwiCy,0.494513,2.953925,19.47981,0,2591700,7.197289,Delay-insensitive,2,3.5
427500,ZtliqqWQ6huwwBoA7bEFt79+n9SA4jBixtBzpWNbxDSmFov9BptLtgHwEN7fwiCy,0.504067,1.340466,2.510676,0,2591700,7.197289,Delay-insensitive,2,3.5
427800,ZtliqqWQ6huwwBoA7bEFt79+n9SA4jBixtBzpWNbxDSmFov9BptLtgHwEN7fwiCy,0.42604,1.482,4.38727,0,2591700,7.197289,Delay-insensitive,2,3.5
428100,ZtliqqWQ6huwwBoA7bEFt79+n9SA4jBixtBzpWNbxDSmFov9BptLtgHwEN7fwiCy,0.517598,1.486242,3.070647,0,2591700,7.197289,Delay-insensitive,2,3.5
428400,ZtliqqWQ6huwwBoA7bEFt79+n9SA4jBixtBzpWNbxDSmFov9BptLtgHwEN7fwiCy,0.538366,1.360889,2.219527,0,2591700,7.197289,Delay-insensitive,2,3.5
428700,ZtliqqWQ6huwwBoA7bEFt79+n9SA4jBixtBzpWNbxDSmFov9BptLtgHwEN7fwiCy,0.502897,1.56603,3.976538,0,2591700,7.197289,Delay-insensitive,2,3.5
429000,ZtliqqWQ6huwwBoA7bEFt79+n9SA4jBixtBzpWNbxDSmFov9BptLtgHwEN7fwiCy,0.675711,1.417381,2.454346,0,2591700,7.197289,Delay-insensitive,2,3.5
429300,ZtliqqWQ6huwwBoA7bEFt79+n9SA4jBixtBzpWNbxDSmFov9BptLtgHwEN7fwiCy,0.5239090000000001,1.406996,3.589931,0,2591700,7.197289,Delay-insensitive,2,3.5
429600,ZtliqqWQ6huwwBoA7bEFt79+n9SA4jBixtBzpWNbxDSmFov9BptLtgHwEN7fwiCy,0.51039,1.384567,2.601885,0,2591700,7.197289,Delay-insensitive,2,3.5
429900,ZtliqqWQ6huwwBoA7bEFt79+n9SA4jBixtBzpWNbxDSmFov9BptLtgHwEN7fwiCy,0.4649609999999999,1.533236,4.118937,0,2591700,7.197289,Delay-insensitive,2,3.5
430200,ZtliqqWQ6huwwBoA7bEFt79+n9SA4jBixtBzpWNbxDSmFov9BptLtgHwEN7fwiCy,0.488937,2.3081970000000003,11.334872,0,2591700,7.197289,Delay-insensitive,2,3.5
430500,ZtliqqWQ6huwwBoA7bEFt79+n9SA4jBixtBzpWNbxDSmFov9BptLtgHwEN7fwiCy,0.501592,1.508209,3.2981910000000005,0,2591700,7.197289,Delay-insensitive,2,3.5
430800,ZtliqqWQ6huwwBoA7bEFt79+n9SA4jBixtBzpWNbxDSmFov9BptLtgHwEN7fwiCy,0.500132,1.500502,4.230909,0,2591700,7.197289,Delay-insensitive,2,3.5
431100,ZtliqqWQ6huwwBoA7bEFt79+n9SA4jBixtBzpWNbxDSmFov9BptLtgHwEN7fwiCy,0.504359,1.33714,2.317997,0,2591700,7.197289,Delay-insensitive,2,3.5
431400,ZtliqqWQ6huwwBoA7bEFt79+n9SA4jBixtBzpWNbxDSmFov9BptLtgHwEN7fwiCy,0.480993,1.4826549999999998,3.425644,0,2591700,7.197289,Delay-insensitive,2,3.5
431700,ZtliqqWQ6huwwBoA7bEFt79+n9SA4jBixtBzpWNbxDSmFov9BptLtgHwEN7fwiCy,0.480666,1.27844,2.3787830000000003,0,2591700,7.197289,Delay-insensitive,2,3.5
432000,ZtliqqWQ6huwwBoA7bEFt79+n9SA4jBixtBzpWNbxDSmFov9BptLtgHwEN7fwiCy,0.679653,1.457024,3.617908,0,2591700,7.197289,Delay-insensitive,2,3.5
432300,ZtliqqWQ6huwwBoA7bEFt79+n9SA4jBixtBzpWNbxDSmFov9BptLtgHwEN7fwiCy,0.483293,1.42924,2.625384,0,2591700,7.197289,Delay-insensitive,2,3.5
432600,ZtliqqWQ6huwwBoA7bEFt79+n9SA4jBixtBzpWNbxDSmFov9BptLtgHwEN7fwiCy,0.498216,1.442969,3.274364,0,2591700,7.197289,Delay-insensitive,2,3.5
432900,ZtliqqWQ6huwwBoA7bEFt79+n9SA4jBixtBzpWNbxDSmFov9BptLtgHwEN7fwiCy,0.490332,1.252214,2.002106,0,2591700,7.197289,Delay-insensitive,2,3.5
433200,ZtliqqWQ6huwwBoA7bEFt79+n9SA4jBixtBzpWNbxDSmFov9BptLtgHwEN7fwiCy,0.464531,1.447117,3.223025,0,2591700,7.197289,Delay-insensitive,2,3.5
433500,ZtliqqWQ6huwwBoA7bEFt79+n9SA4jBixtBzpWNbxDSmFov9BptLtgHwEN7fwiCy,0.577847,1.502598,3.500167,0,2591700,7.197289,Delay-insensitive,2,3.5
433800,ZtliqqWQ6huwwBoA7bEFt79+n9SA4jBixtBzpWNbxDSmFov9BptLtgHwEN7fwiCy,0.500049,1.280189,2.409192,0,2591700,7.197289,Delay-insensitive,2,3.5
434100,ZtliqqWQ6huwwBoA7bEFt79+n9SA4jBixtBzpWNbxDSmFov9BptLtgHwEN7fwiCy,0.4649,1.514676,3.046585,0,2591700,7.197289,Delay-insensitive,2,3.5
434400,ZtliqqWQ6huwwBoA7bEFt79+n9SA4jBixtBzpWNbxDSmFov9BptLtgHwEN7fwiCy,0.494641,1.345646,2.242106,0,2591700,7.197289,Delay-insensitive,2,3.5
434700,ZtliqqWQ6huwwBoA7bEFt79+n9SA4jBixtBzpWNbxDSmFov9BptLtgHwEN7fwiCy,0.5122369999999999,1.499369,3.3003089999999995,0,2591700,7.197289,Delay-insensitive,2,3.5
435000,ZtliqqWQ6huwwBoA7bEFt79+n9SA4jBixtBzpWNbxDSmFov9BptLtgHwEN7fwiCy,0.497771,1.30924,2.232828,0,2591700,7.197289,Delay-insensitive,2,3.5
435300,ZtliqqWQ6huwwBoA7bEFt79+n9SA4jBixtBzpWNbxDSmFov9BptLtgHwEN7fwiCy,0.491296,1.332617,3.249048,0,2591700,7.197289,Delay-insensitive,2,3.5
435600,ZtliqqWQ6huwwBoA7bEFt79+n9SA4jBixtBzpWNbxDSmFov9BptLtgHwEN7fwiCy,0.587102,1.27847,1.878885,0,2591700,7.197289,Delay-insensitive,2,3.5
435900,ZtliqqWQ6huwwBoA7bEFt79+n9SA4jBixtBzpWNbxDSmFov9BptLtgHwEN7fwiCy,0.540117,1.6557419999999998,3.5700190000000003,0,2591700,7.197289,Delay-insensitive,2,3.5
436200,ZtliqqWQ6huwwBoA7bEFt79+n9SA4jBixtBzpWNbxDSmFov9BptLtgHwEN7fwiCy,0.506717,1.493343,3.2233970000000003,0,2591700,7.197289,Delay-insensitive,2,3.5
436500,ZtliqqWQ6huwwBoA7bEFt79+n9SA4jBixtBzpWNbxDSmFov9BptLtgHwEN7fwiCy,0.517019,1.247439,2.141134,0,2591700,7.197289,Delay-insensitive,2,3.5
436800,ZtliqqWQ6huwwBoA7bEFt79+n9SA4jBixtBzpWNbxDSmFov9BptLtgHwEN7fwiCy,0.5058699999999999,1.414554,2.754167,0,2591700,7.197289,Delay-insensitive,2,3.5
437100,ZtliqqWQ6huwwBoA7bEFt79+n9SA4jBixtBzpWNbxDSmFov9BptLtgHwEN7fwiCy,0.668884,1.3406,2.335071,0,2591700,7.197289,Delay-insensitive,2,3.5
437400,ZtliqqWQ6huwwBoA7bEFt79+n9SA4jBixtBzpWNbxDSmFov9BptLtgHwEN7fwiCy,0.53172,1.506559,4.05628,0,2591700,7.197289,Delay-insensitive,2,3.5
437700,ZtliqqWQ6huwwBoA7bEFt79+n9SA4jBixtBzpWNbxDSmFov9BptLtgHwEN7fwiCy,0.579469,1.338597,2.2228220000000003,0,2591700,7.197289,Delay-insensitive,2,3.5
438000,ZtliqqWQ6huwwBoA7bEFt79+n9SA4jBixtBzpWNbxDSmFov9BptLtgHwEN7fwiCy,0.509263,1.252842,2.096347,0,2591700,7.197289,Delay-insensitive,2,3.5
438300,ZtliqqWQ6huwwBoA7bEFt79+n9SA4jBixtBzpWNbxDSmFov9BptLtgHwEN7fwiCy,0.553638,1.32787,2.017128,0,2591700,7.197289,Delay-insensitive,2,3.5
438600,ZtliqqWQ6huwwBoA7bEFt79+n9SA4jBixtBzpWNbxDSmFov9BptLtgHwEN7fwiCy,0.494834,1.310011,2.607154,0,2591700,7.197289,Delay-insensitive,2,3.5
438900,ZtliqqWQ6huwwBoA7bEFt79+n9SA4jBixtBzpWNbxDSmFov9BptLtgHwEN7fwiCy,0.5245569999999999,1.386177,2.51668,0,2591700,7.197289,Delay-insensitive,2,3.5
439200,ZtliqqWQ6huwwBoA7bEFt79+n9SA4jBixtBzpWNbxDSmFov9BptLtgHwEN7fwiCy,0.6779850000000001,1.314439,2.096845,0,2591700,7.197289,Delay-insensitive,2,3.5
439500,ZtliqqWQ6huwwBoA7bEFt79+n9SA4jBixtBzpWNbxDSmFov9BptLtgHwEN7fwiCy,0.455945,1.4040860000000002,2.929673,0,2591700,7.197289,Delay-insensitive,2,3.5
439800,ZtliqqWQ6huwwBoA7bEFt79+n9SA4jBixtBzpWNbxDSmFov9BptLtgHwEN7fwiCy,0.494062,1.349415,2.944014,0,2591700,7.197289,Delay-insensitive,2,3.5
440100,ZtliqqWQ6huwwBoA7bEFt79+n9SA4jBixtBzpWNbxDSmFov9BptLtgHwEN7fwiCy,0.488077,3.976143,17.373089999999998,0,2591700,7.197289,Delay-insensitive,2,3.5
440400,ZtliqqWQ6huwwBoA7bEFt79+n9SA4jBixtBzpWNbxDSmFov9BptLtgHwEN7fwiCy,0.529442,1.427436,2.150877,0,2591700,7.197289,Delay-insensitive,2,3.5
440700,ZtliqqWQ6huwwBoA7bEFt79+n9SA4jBixtBzpWNbxDSmFov9BptLtgHwEN7fwiCy,0.59831,1.347284,2.599374,0,2591700,7.197289,Delay-insensitive,2,3.5
441000,ZtliqqWQ6huwwBoA7bEFt79+n9SA4jBixtBzpWNbxDSmFov9BptLtgHwEN7fwiCy,0.511325,1.342158,2.466542,0,2591700,7.197289,Delay-insensitive,2,3.5
441300,ZtliqqWQ6huwwBoA7bEFt79+n9SA4jBixtBzpWNbxDSmFov9BptLtgHwEN7fwiCy,0.408431,1.31015,2.167462,0,2591700,7.197289,Delay-insensitive,2,3.5
441600,ZtliqqWQ6huwwBoA7bEFt79+n9SA4jBixtBzpWNbxDSmFov9BptLtgHwEN7fwiCy,0.496455,1.384201,2.121016,0,2591700,7.197289,Delay-insensitive,2,3.5
441900,ZtliqqWQ6huwwBoA7bEFt79+n9SA4jBixtBzpWNbxDSmFov9BptLtgHwEN7fwiCy,0.5263369999999999,1.3157219999999998,2.084473,0,2591700,7.197289,Delay-insensitive,2,3.5
442200,ZtliqqWQ6huwwBoA7bEFt79+n9SA4jBixtBzpWNbxDSmFov9BptLtgHwEN7fwiCy,0.50705,1.295185,2.1290720000000003,0,2591700,7.197289,Delay-insensitive,2,3.5
442500,ZtliqqWQ6huwwBoA7bEFt79+n9SA4jBixtBzpWNbxDSmFov9BptLtgHwEN7fwiCy,0.479828,1.308623,2.517976,0,2591700,7.197289,Delay-insensitive,2,3.5
442800,ZtliqqWQ6huwwBoA7bEFt79+n9SA4jBixtBzpWNbxDSmFov9BptLtgHwEN7fwiCy,0.3795,1.319306,2.351211,0,2591700,7.197289,Delay-insensitive,2,3.5
443100,ZtliqqWQ6huwwBoA7bEFt79+n9SA4jBixtBzpWNbxDSmFov9BptLtgHwEN7fwiCy,0.4983939999999999,1.480464,2.823112,0,2591700,7.197289,Delay-insensitive,2,3.5
443400,ZtliqqWQ6huwwBoA7bEFt79+n9SA4jBixtBzpWNbxDSmFov9BptLtgHwEN7fwiCy,0.506256,1.347311,2.381139,0,2591700,7.197289,Delay-insensitive,2,3.5
443700,ZtliqqWQ6huwwBoA7bEFt79+n9SA4jBixtBzpWNbxDSmFov9BptLtgHwEN7fwiCy,0.472422,1.242101,2.101287,0,2591700,7.197289,Delay-insensitive,2,3.5
444000,ZtliqqWQ6huwwBoA7bEFt79+n9SA4jBixtBzpWNbxDSmFov9BptLtgHwEN7fwiCy,0.36537,1.30461,2.473298,0,2591700,7.197289,Delay-insensitive,2,3.5
444300,ZtliqqWQ6huwwBoA7bEFt79+n9SA4jBixtBzpWNbxDSmFov9BptLtgHwEN7fwiCy,0.5373899999999999,1.242397,1.905601,0,2591700,7.197289,Delay-insensitive,2,3.5
444600,ZtliqqWQ6huwwBoA7bEFt79+n9SA4jBixtBzpWNbxDSmFov9BptLtgHwEN7fwiCy,0.478067,1.386513,2.657718,0,2591700,7.197289,Delay-insensitive,2,3.5
444900,ZtliqqWQ6huwwBoA7bEFt79+n9SA4jBixtBzpWNbxDSmFov9BptLtgHwEN7fwiCy,0.384028,1.221718,1.946059,0,2591700,7.197289,Delay-insensitive,2,3.5
445200,ZtliqqWQ6huwwBoA7bEFt79+n9SA4jBixtBzpWNbxDSmFov9BptLtgHwEN7fwiCy,0.5010100000000001,1.284972,2.2731630000000003,0,2591700,7.197289,Delay-insensitive,2,3.5
445500,ZtliqqWQ6huwwBoA7bEFt79+n9SA4jBixtBzpWNbxDSmFov9BptLtgHwEN7fwiCy,0.3247219999999999,1.325605,3.023903,0,2591700,7.197289,Delay-insensitive,2,3.5
445800,ZtliqqWQ6huwwBoA7bEFt79+n9SA4jBixtBzpWNbxDSmFov9BptLtgHwEN7fwiCy,0.496892,1.274341,2.016923,0,2591700,7.197289,Delay-insensitive,2,3.5
446100,ZtliqqWQ6huwwBoA7bEFt79+n9SA4jBixtBzpWNbxDSmFov9BptLtgHwEN7fwiCy,0.46962,1.222031,2.060842,0,2591700,7.197289,Delay-insensitive,2,3.5
446400,ZtliqqWQ6huwwBoA7bEFt79+n9SA4jBixtBzpWNbxDSmFov9BptLtgHwEN7fwiCy,0.5669930000000001,1.387212,2.32291,0,2591700,7.197289,Delay-insensitive,2,3.5
446700,ZtliqqWQ6huwwBoA7bEFt79+n9SA4jBixtBzpWNbxDSmFov9BptLtgHwEN7fwiCy,0.466414,1.402057,2.600043,0,2591700,7.197289,Delay-insensitive,2,3.5
447000,ZtliqqWQ6huwwBoA7bEFt79+n9SA4jBixtBzpWNbxDSmFov9BptLtgHwEN7fwiCy,0.31859,1.351189,2.741498,0,2591700,7.197289,Delay-insensitive,2,3.5
447300,ZtliqqWQ6huwwBoA7bEFt79+n9SA4jBixtBzpWNbxDSmFov9BptLtgHwEN7fwiCy,0.520426,1.29576,2.15118,0,2591700,7.197289,Delay-insensitive,2,3.5
447600,ZtliqqWQ6huwwBoA7bEFt79+n9SA4jBixtBzpWNbxDSmFov9BptLtgHwEN7fwiCy,0.492638,1.310351,2.449305,0,2591700,7.197289,Delay-insensitive,2,3.5
447900,ZtliqqWQ6huwwBoA7bEFt79+n9SA4jBixtBzpWNbxDSmFov9BptLtgHwEN7fwiCy,0.556246,1.329326,2.410061,0,2591700,7.197289,Delay-insensitive,2,3.5
448200,ZtliqqWQ6huwwBoA7bEFt79+n9SA4jBixtBzpWNbxDSmFov9BptLtgHwEN7fwiCy,0.496378,1.318283,2.154723,0,2591700,7.197289,Delay-insensitive,2,3.5
448500,ZtliqqWQ6huwwBoA7bEFt79+n9SA4jBixtBzpWNbxDSmFov9BptLtgHwEN7fwiCy,0.603427,1.300774,2.086203,0,2591700,7.197289,Delay-insensitive,2,3.5
448800,ZtliqqWQ6huwwBoA7bEFt79+n9SA4jBixtBzpWNbxDSmFov9BptLtgHwEN7fwiCy,0.465522,1.256861,2.098536,0,2591700,7.197289,Delay-insensitive,2,3.5
449100,ZtliqqWQ6huwwBoA7bEFt79+n9SA4jBixtBzpWNbxDSmFov9BptLtgHwEN7fwiCy,0.529415,1.379327,2.45431,0,2591700,7.197289,Delay-insensitive,2,3.5
449400,ZtliqqWQ6huwwBoA7bEFt79+n9SA4jBixtBzpWNbxDSmFov9BptLtgHwEN7fwiCy,0.4961859999999999,1.367791,2.520362,0,2591700,7.197289,Delay-insensitive,2,3.5
449700,ZtliqqWQ6huwwBoA7bEFt79+n9SA4jBixtBzpWNbxDSmFov9BptLtgHwEN7fwiCy,0.387658,1.344371,2.258287,0,2591700,7.197289,Delay-insensitive,2,3.5
450000,ZtliqqWQ6huwwBoA7bEFt79+n9SA4jBixtBzpWNbxDSmFov9BptLtgHwEN7fwiCy,0.530517,1.342258,2.643206,0,2591700,7.197289,Delay-insensitive,2,3.5
450300,ZtliqqWQ6huwwBoA7bEFt79+n9SA4jBixtBzpWNbxDSmFov9BptLtgHwEN7fwiCy,0.325803,1.400405,2.671882,0,2591700,7.197289,Delay-insensitive,2,3.5
450600,ZtliqqWQ6huwwBoA7bEFt79+n9SA4jBixtBzpWNbxDSmFov9BptLtgHwEN7fwiCy,0.686227,1.397627,2.347773,0,2591700,7.197289,Delay-insensitive,2,3.5
450900,ZtliqqWQ6huwwBoA7bEFt79+n9SA4jBixtBzpWNbxDSmFov9BptLtgHwEN7fwiCy,0.3834579999999999,1.316503,2.24512,0,2591700,7.197289,Delay-insensitive,2,3.5
451200,ZtliqqWQ6huwwBoA7bEFt79+n9SA4jBixtBzpWNbxDSmFov9BptLtgHwEN7fwiCy,0.51152,1.411658,2.858043,0,2591700,7.197289,Delay-insensitive,2,3.5
451500,ZtliqqWQ6huwwBoA7bEFt79+n9SA4jBixtBzpWNbxDSmFov9BptLtgHwEN7fwiCy,0.4919689999999999,1.258565,2.128523,0,2591700,7.197289,Delay-insensitive,2,3.5
451800,ZtliqqWQ6huwwBoA7bEFt79+n9SA4jBixtBzpWNbxDSmFov9BptLtgHwEN7fwiCy,0.536112,1.3556469999999998,2.456744,0,2591700,7.197289,Delay-insensitive,2,3.5
452100,ZtliqqWQ6huwwBoA7bEFt79+n9SA4jBixtBzpWNbxDSmFov9BptLtgHwEN7fwiCy,0.503429,1.376963,2.437907,0,2591700,7.197289,Delay-insensitive,2,3.5
452400,ZtliqqWQ6huwwBoA7bEFt79+n9SA4jBixtBzpWNbxDSmFov9BptLtgHwEN7fwiCy,0.548506,1.320617,2.2176310000000004,0,2591700,7.197289,Delay-insensitive,2,3.5
452700,ZtliqqWQ6huwwBoA7bEFt79+n9SA4jBixtBzpWNbxDSmFov9BptLtgHwEN7fwiCy,0.547307,1.394981,2.282013,0,2591700,7.197289,Delay-insensitive,2,3.5
453000,ZtliqqWQ6huwwBoA7bEFt79+n9SA4jBixtBzpWNbxDSmFov9BptLtgHwEN7fwiCy,0.533313,1.327341,2.420319,0,2591700,7.197289,Delay-insensitive,2,3.5
453300,ZtliqqWQ6huwwBoA7bEFt79+n9SA4jBixtBzpWNbxDSmFov9BptLtgHwEN7fwiCy,0.611826,1.386091,2.364919,0,2591700,7.197289,Delay-insensitive,2,3.5
453600,ZtliqqWQ6huwwBoA7bEFt79+n9SA4jBixtBzpWNbxDSmFov9BptLtgHwEN7fwiCy,0.6079680000000001,1.380211,1.96461,0,2591700,7.197289,Delay-insensitive,2,3.5
453900,ZtliqqWQ6huwwBoA7bEFt79+n9SA4jBixtBzpWNbxDSmFov9BptLtgHwEN7fwiCy,0.493964,1.459707,3.031472,0,2591700,7.197289,Delay-insensitive,2,3.5
454200,ZtliqqWQ6huwwBoA7bEFt79+n9SA4jBixtBzpWNbxDSmFov9BptLtgHwEN7fwiCy,0.534111,1.394405,2.616039,0,2591700,7.197289,Delay-insensitive,2,3.5
454500,ZtliqqWQ6huwwBoA7bEFt79+n9SA4jBixtBzpWNbxDSmFov9BptLtgHwEN7fwiCy,0.593087,1.3165360000000002,2.590066,0,2591700,7.197289,Delay-insensitive,2,3.5
454800,ZtliqqWQ6huwwBoA7bEFt79+n9SA4jBixtBzpWNbxDSmFov9BptLtgHwEN7fwiCy,0.384742,1.375524,2.63553,0,2591700,7.197289,Delay-insensitive,2,3.5
455100,ZtliqqWQ6huwwBoA7bEFt79+n9SA4jBixtBzpWNbxDSmFov9BptLtgHwEN7fwiCy,0.470157,1.322051,2.444833,0,2591700,7.197289,Delay-insensitive,2,3.5
455400,ZtliqqWQ6huwwBoA7bEFt79+n9SA4jBixtBzpWNbxDSmFov9BptLtgHwEN7fwiCy,0.488019,1.276175,1.976319,0,2591700,7.197289,Delay-insensitive,2,3.5
455700,ZtliqqWQ6huwwBoA7bEFt79+n9SA4jBixtBzpWNbxDSmFov9BptLtgHwEN7fwiCy,0.518844,1.416192,2.508478,0,2591700,7.197289,Delay-insensitive,2,3.5
456000,ZtliqqWQ6huwwBoA7bEFt79+n9SA4jBixtBzpWNbxDSmFov9BptLtgHwEN7fwiCy,0.536309,1.322176,2.454894,0,2591700,7.197289,Delay-insensitive,2,3.5
456300,ZtliqqWQ6huwwBoA7bEFt79+n9SA4jBixtBzpWNbxDSmFov9BptLtgHwEN7fwiCy,0.4453939999999999,1.351006,2.707636,0,2591700,7.197289,Delay-insensitive,2,3.5
456600,ZtliqqWQ6huwwBoA7bEFt79+n9SA4jBixtBzpWNbxDSmFov9BptLtgHwEN7fwiCy,0.614103,1.367953,2.535553,0,2591700,7.197289,Delay-insensitive,2,3.5
456900,ZtliqqWQ6huwwBoA7bEFt79+n9SA4jBixtBzpWNbxDSmFov9BptLtgHwEN7fwiCy,0.246094,1.345317,2.900552,0,2591700,7.197289,Delay-insensitive,2,3.5
457200,ZtliqqWQ6huwwBoA7bEFt79+n9SA4jBixtBzpWNbxDSmFov9BptLtgHwEN7fwiCy,0.532219,1.278607,2.030509,0,2591700,7.197289,Delay-insensitive,2,3.5
457500,ZtliqqWQ6huwwBoA7bEFt79+n9SA4jBixtBzpWNbxDSmFov9BptLtgHwEN7fwiCy,0.574049,1.366378,2.626439,0,2591700,7.197289,Delay-insensitive,2,3.5
457800,ZtliqqWQ6huwwBoA7bEFt79+n9SA4jBixtBzpWNbxDSmFov9BptLtgHwEN7fwiCy,0.663091,1.455,2.807293,0,2591700,7.197289,Delay-insensitive,2,3.5
458100,ZtliqqWQ6huwwBoA7bEFt79+n9SA4jBixtBzpWNbxDSmFov9BptLtgHwEN7fwiCy,0.521442,1.307115,2.427047,0,2591700,7.197289,Delay-insensitive,2,3.5
458400,ZtliqqWQ6huwwBoA7bEFt79+n9SA4jBixtBzpWNbxDSmFov9BptLtgHwEN7fwiCy,0.5726760000000001,1.483405,2.6451740000000004,0,2591700,7.197289,Delay-insensitive,2,3.5
458700,ZtliqqWQ6huwwBoA7bEFt79+n9SA4jBixtBzpWNbxDSmFov9BptLtgHwEN7fwiCy,0.621877,1.411449,2.337442,0,2591700,7.197289,Delay-insensitive,2,3.5
459000,ZtliqqWQ6huwwBoA7bEFt79+n9SA4jBixtBzpWNbxDSmFov9BptLtgHwEN7fwiCy,0.480122,1.331412,1.954899,0,2591700,7.197289,Delay-insensitive,2,3.5
459300,ZtliqqWQ6huwwBoA7bEFt79+n9SA4jBixtBzpWNbxDSmFov9BptLtgHwEN7fwiCy,0.512939,1.325248,2.379179,0,2591700,7.197289,Delay-insensitive,2,3.5
459600,ZtliqqWQ6huwwBoA7bEFt79+n9SA4jBixtBzpWNbxDSmFov9BptLtgHwEN7fwiCy,0.50893,1.392409,2.547566,0,2591700,7.197289,Delay-insensitive,2,3.5
459900,ZtliqqWQ6huwwBoA7bEFt79+n9SA4jBixtBzpWNbxDSmFov9BptLtgHwEN7fwiCy,0.512568,1.3545969999999998,2.436309,0,2591700,7.197289,Delay-insensitive,2,3.5
460200,ZtliqqWQ6huwwBoA7bEFt79+n9SA4jBixtBzpWNbxDSmFov9BptLtgHwEN7fwiCy,0.55485,1.245209,2.095932,0,2591700,7.197289,Delay-insensitive,2,3.5
460500,ZtliqqWQ6huwwBoA7bEFt79+n9SA4jBixtBzpWNbxDSmFov9BptLtgHwEN7fwiCy,0.253625,1.353271,2.6044970000000003,0,2591700,7.197289,Delay-insensitive,2,3.5
460800,ZtliqqWQ6huwwBoA7bEFt79+n9SA4jBixtBzpWNbxDSmFov9BptLtgHwEN7fwiCy,0.553381,1.394427,2.267273,0,2591700,7.197289,Delay-insensitive,2,3.5
461100,ZtliqqWQ6huwwBoA7bEFt79+n9SA4jBixtBzpWNbxDSmFov9BptLtgHwEN7fwiCy,0.445144,1.445302,3.207155,0,2591700,7.197289,Delay-insensitive,2,3.5
461400,ZtliqqWQ6huwwBoA7bEFt79+n9SA4jBixtBzpWNbxDSmFov9BptLtgHwEN7fwiCy,0.738242,1.378187,2.252024,0,2591700,7.197289,Delay-insensitive,2,3.5
461700,ZtliqqWQ6huwwBoA7bEFt79+n9SA4jBixtBzpWNbxDSmFov9BptLtgHwEN7fwiCy,0.488075,1.255062,2.641612,0,2591700,7.197289,Delay-insensitive,2,3.5
462000,ZtliqqWQ6huwwBoA7bEFt79+n9SA4jBixtBzpWNbxDSmFov9BptLtgHwEN7fwiCy,0.537993,1.4463549999999998,3.171505,0,2591700,7.197289,Delay-insensitive,2,3.5
462300,ZtliqqWQ6huwwBoA7bEFt79+n9SA4jBixtBzpWNbxDSmFov9BptLtgHwEN7fwiCy,0.372836,1.3926690000000002,2.675176,0,2591700,7.197289,Delay-insensitive,2,3.5
462600,ZtliqqWQ6huwwBoA7bEFt79+n9SA4jBixtBzpWNbxDSmFov9BptLtgHwEN7fwiCy,0.621129,1.421561,2.291439,0,2591700,7.197289,Delay-insensitive,2,3.5
462900,ZtliqqWQ6huwwBoA7bEFt79+n9SA4jBixtBzpWNbxDSmFov9BptLtgHwEN7fwiCy,0.27115,1.280701,2.468666,0,2591700,7.197289,Delay-insensitive,2,3.5
463200,ZtliqqWQ6huwwBoA7bEFt79+n9SA4jBixtBzpWNbxDSmFov9BptLtgHwEN7fwiCy,0.516378,2.855642,26.962441,0,2591700,7.197289,Delay-insensitive,2,3.5
463500,ZtliqqWQ6huwwBoA7bEFt79+n9SA4jBixtBzpWNbxDSmFov9BptLtgHwEN7fwiCy,0.534469,1.364556,2.80724,0,2591700,7.197289,Delay-insensitive,2,3.5
463800,ZtliqqWQ6huwwBoA7bEFt79+n9SA4jBixtBzpWNbxDSmFov9BptLtgHwEN7fwiCy,0.185507,1.29314,2.615427,0,2591700,7.197289,Delay-insensitive,2,3.5
464100,ZtliqqWQ6huwwBoA7bEFt79+n9SA4jBixtBzpWNbxDSmFov9BptLtgHwEN7fwiCy,0.4952899999999999,1.371427,2.216498,0,2591700,7.197289,Delay-insensitive,2,3.5
464400,ZtliqqWQ6huwwBoA7bEFt79+n9SA4jBixtBzpWNbxDSmFov9BptLtgHwEN7fwiCy,0.4719689999999999,1.244638,2.16095,0,2591700,7.197289,Delay-insensitive,2,3.5
464700,ZtliqqWQ6huwwBoA7bEFt79+n9SA4jBixtBzpWNbxDSmFov9BptLtgHwEN7fwiCy,0.5235850000000001,1.531883,2.9158,0,2591700,7.197289,Delay-insensitive,2,3.5
465000,ZtliqqWQ6huwwBoA7bEFt79+n9SA4jBixtBzpWNbxDSmFov9BptLtgHwEN7fwiCy,0.408056,1.318288,1.973236,0,2591700,7.197289,Delay-insensitive,2,3.5
465300,ZtliqqWQ6huwwBoA7bEFt79+n9SA4jBixtBzpWNbxDSmFov9BptLtgHwEN7fwiCy,0.498962,1.3578290000000002,2.561147,0,2591700,7.197289,Delay-insensitive,2,3.5
465600,ZtliqqWQ6huwwBoA7bEFt79+n9SA4jBixtBzpWNbxDSmFov9BptLtgHwEN7fwiCy,0.49485,1.301033,2.453273,0,2591700,7.197289,Delay-insensitive,2,3.5
465900,ZtliqqWQ6huwwBoA7bEFt79+n9SA4jBixtBzpWNbxDSmFov9BptLtgHwEN7fwiCy,0.313931,1.375566,2.829467,0,2591700,7.197289,Delay-insensitive,2,3.5
466200,ZtliqqWQ6huwwBoA7bEFt79+n9SA4jBixtBzpWNbxDSmFov9BptLtgHwEN7fwiCy,0.5352140000000001,1.41185,2.131044,0,2591700,7.197289,Delay-insensitive,2,3.5
466500,ZtliqqWQ6huwwBoA7bEFt79+n9SA4jBixtBzpWNbxDSmFov9BptLtgHwEN7fwiCy,0.3462369999999999,1.211403,1.88274,0,2591700,7.197289,Delay-insensitive,2,3.5
466800,ZtliqqWQ6huwwBoA7bEFt79+n9SA4jBixtBzpWNbxDSmFov9BptLtgHwEN7fwiCy,0.633638,1.460168,2.688745,0,2591700,7.197289,Delay-insensitive,2,3.5
467100,ZtliqqWQ6huwwBoA7bEFt79+n9SA4jBixtBzpWNbxDSmFov9BptLtgHwEN7fwiCy,0.330835,1.261264,2.582332,0,2591700,7.197289,Delay-insensitive,2,3.5
467400,ZtliqqWQ6huwwBoA7bEFt79+n9SA4jBixtBzpWNbxDSmFov9BptLtgHwEN7fwiCy,0.557407,1.319501,2.641257,0,2591700,7.197289,Delay-insensitive,2,3.5
467700,ZtliqqWQ6huwwBoA7bEFt79+n9SA4jBixtBzpWNbxDSmFov9BptLtgHwEN7fwiCy,0.3835989999999999,1.395805,2.452378,0,2591700,7.197289,Delay-insensitive,2,3.5
468000,ZtliqqWQ6huwwBoA7bEFt79+n9SA4jBixtBzpWNbxDSmFov9BptLtgHwEN7fwiCy,0.525224,1.375677,2.63314,0,2591700,7.197289,Delay-insensitive,2,3.5
468300,ZtliqqWQ6huwwBoA7bEFt79+n9SA4jBixtBzpWNbxDSmFov9BptLtgHwEN7fwiCy,0.6125649999999999,2.736571,24.233476,0,2591700,7.197289,Delay-insensitive,2,3.5
468600,ZtliqqWQ6huwwBoA7bEFt79+n9SA4jBixtBzpWNbxDSmFov9BptLtgHwEN7fwiCy,0.795651,1.557553,2.409121,0,2591700,7.197289,Delay-insensitive,2,3.5
468900,ZtliqqWQ6huwwBoA7bEFt79+n9SA4jBixtBzpWNbxDSmFov9BptLtgHwEN7fwiCy,0.673962,6.524066,29.849586,0,2591700,7.197289,Delay-insensitive,2,3.5
469200,ZtliqqWQ6huwwBoA7bEFt79+n9SA4jBixtBzpWNbxDSmFov9BptLtgHwEN7fwiCy,0.664801,1.668006,2.557552,0,2591700,7.197289,Delay-insensitive,2,3.5
469500,ZtliqqWQ6huwwBoA7bEFt79+n9SA4jBixtBzpWNbxDSmFov9BptLtgHwEN7fwiCy,0.719633,1.543448,2.761307,0,2591700,7.197289,Delay-insensitive,2,3.5
469800,ZtliqqWQ6huwwBoA7bEFt79+n9SA4jBixtBzpWNbxDSmFov9BptLtgHwEN7fwiCy,0.62735,1.345501,2.422589,0,2591700,7.197289,Delay-insensitive,2,3.5
470100,ZtliqqWQ6huwwBoA7bEFt79+n9SA4jBixtBzpWNbxDSmFov9BptLtgHwEN7fwiCy,0.5522859999999999,1.297605,2.135788,0,2591700,7.197289,Delay-insensitive,2,3.5
470400,ZtliqqWQ6huwwBoA7bEFt79+n9SA4jBixtBzpWNbxDSmFov9BptLtgHwEN7fwiCy,0.326603,1.311817,1.861098,0,2591700,7.197289,Delay-insensitive,2,3.5
470700,ZtliqqWQ6huwwBoA7bEFt79+n9SA4jBixtBzpWNbxDSmFov9BptLtgHwEN7fwiCy,0.4762439999999999,1.342348,2.88314,0,2591700,7.197289,Delay-insensitive,2,3.5
471000,ZtliqqWQ6huwwBoA7bEFt79+n9SA4jBixtBzpWNbxDSmFov9BptLtgHwEN7fwiCy,0.2298989999999999,1.308677,2.666351,0,2591700,7.197289,Delay-insensitive,2,3.5
471300,ZtliqqWQ6huwwBoA7bEFt79+n9SA4jBixtBzpWNbxDSmFov9BptLtgHwEN7fwiCy,0.290381,1.372172,2.728157,0,2591700,7.197289,Delay-insensitive,2,3.5
471600,ZtliqqWQ6huwwBoA7bEFt79+n9SA4jBixtBzpWNbxDSmFov9BptLtgHwEN7fwiCy,0.595183,1.336461,2.162814,0,2591700,7.197289,Delay-insensitive,2,3.5
471900,ZtliqqWQ6huwwBoA7bEFt79+n9SA4jBixtBzpWNbxDSmFov9BptLtgHwEN7fwiCy,0.351595,1.452153,3.231317,0,2591700,7.197289,Delay-insensitive,2,3.5
472200,ZtliqqWQ6huwwBoA7bEFt79+n9SA4jBixtBzpWNbxDSmFov9BptLtgHwEN7fwiCy,0.633949,1.406643,2.518462,0,2591700,7.197289,Delay-insensitive,2,3.5
472500,ZtliqqWQ6huwwBoA7bEFt79+n9SA4jBixtBzpWNbxDSmFov9BptLtgHwEN7fwiCy,0.492667,1.278677,2.50803,0,2591700,7.197289,Delay-insensitive,2,3.5
472800,ZtliqqWQ6huwwBoA7bEFt79+n9SA4jBixtBzpWNbxDSmFov9BptLtgHwEN7fwiCy,0.478475,1.363238,2.681592,0,2591700,7.197289,Delay-insensitive,2,3.5
473100,ZtliqqWQ6huwwBoA7bEFt79+n9SA4jBixtBzpWNbxDSmFov9BptLtgHwEN7fwiCy,0.309504,1.361885,2.280072,0,2591700,7.197289,Delay-insensitive,2,3.5
473400,ZtliqqWQ6huwwBoA7bEFt79+n9SA4jBixtBzpWNbxDSmFov9BptLtgHwEN7fwiCy,0.667802,2.362105,12.499546,0,2591700,7.197289,Delay-insensitive,2,3.5
473700,ZtliqqWQ6huwwBoA7bEFt79+n9SA4jBixtBzpWNbxDSmFov9BptLtgHwEN7fwiCy,0.322764,1.295558,1.934268,0,2591700,7.197289,Delay-insensitive,2,3.5
474000,ZtliqqWQ6huwwBoA7bEFt79+n9SA4jBixtBzpWNbxDSmFov9BptLtgHwEN7fwiCy,0.404657,1.265587,2.019906,0,2591700,7.197289,Delay-insensitive,2,3.5
474300,ZtliqqWQ6huwwBoA7bEFt79+n9SA4jBixtBzpWNbxDSmFov9BptLtgHwEN7fwiCy,0.482378,1.353239,2.120753,0,2591700,7.197289,Delay-insensitive,2,3.5
474600,ZtliqqWQ6huwwBoA7bEFt79+n9SA4jBixtBzpWNbxDSmFov9BptLtgHwEN7fwiCy,0.248466,1.240583,2.538904,0,2591700,7.197289,Delay-insensitive,2,3.5
474900,ZtliqqWQ6huwwBoA7bEFt79+n9SA4jBixtBzpWNbxDSmFov9BptLtgHwEN7fwiCy,0.528929,1.379031,2.245666,0,2591700,7.197289,Delay-insensitive,2,3.5
475200,ZtliqqWQ6huwwBoA7bEFt79+n9SA4jBixtBzpWNbxDSmFov9BptLtgHwEN7fwiCy,0.400869,1.313959,2.433148,0,2591700,7.197289,Delay-insensitive,2,3.5
475500,ZtliqqWQ6huwwBoA7bEFt79+n9SA4jBixtBzpWNbxDSmFov9BptLtgHwEN7fwiCy,0.556979,1.439927,3.270618,0,2591700,7.197289,Delay-insensitive,2,3.5
475800,ZtliqqWQ6huwwBoA7bEFt79+n9SA4jBixtBzpWNbxDSmFov9BptLtgHwEN7fwiCy,0.370091,1.456535,2.722988,0,2591700,7.197289,Delay-insensitive,2,3.5
476100,ZtliqqWQ6huwwBoA7bEFt79+n9SA4jBixtBzpWNbxDSmFov9BptLtgHwEN7fwiCy,0.503382,1.393916,2.979063,0,2591700,7.197289,Delay-insensitive,2,3.5
476400,ZtliqqWQ6huwwBoA7bEFt79+n9SA4jBixtBzpWNbxDSmFov9BptLtgHwEN7fwiCy,0.5180170000000001,1.38218,2.568325,0,2591700,7.197289,Delay-insensitive,2,3.5
476700,ZtliqqWQ6huwwBoA7bEFt79+n9SA4jBixtBzpWNbxDSmFov9BptLtgHwEN7fwiCy,0.278571,1.391861,2.308539,0,2591700,7.197289,Delay-insensitive,2,3.5
477000,ZtliqqWQ6huwwBoA7bEFt79+n9SA4jBixtBzpWNbxDSmFov9BptLtgHwEN7fwiCy,0.458408,1.27986,2.408443,0,2591700,7.197289,Delay-insensitive,2,3.5
477300,ZtliqqWQ6huwwBoA7bEFt79+n9SA4jBixtBzpWNbxDSmFov9BptLtgHwEN7fwiCy,0.407511,1.406383,2.605947,0,2591700,7.197289,Delay-insensitive,2,3.5
477600,ZtliqqWQ6huwwBoA7bEFt79+n9SA4jBixtBzpWNbxDSmFov9BptLtgHwEN7fwiCy,0.53622,1.402,2.374419,0,2591700,7.197289,Delay-insensitive,2,3.5
477900,ZtliqqWQ6huwwBoA7bEFt79+n9SA4jBixtBzpWNbxDSmFov9BptLtgHwEN7fwiCy,0.461684,1.326118,2.547411,0,2591700,7.197289,Delay-insensitive,2,3.5
478200,ZtliqqWQ6huwwBoA7bEFt79+n9SA4jBixtBzpWNbxDSmFov9BptLtgHwEN7fwiCy,0.535033,1.258078,2.023004,0,2591700,7.197289,Delay-insensitive,2,3.5
478500,ZtliqqWQ6huwwBoA7bEFt79+n9SA4jBixtBzpWNbxDSmFov9BptLtgHwEN7fwiCy,0.525378,1.311305,2.006108,0,2591700,7.197289,Delay-insensitive,2,3.5
478800,ZtliqqWQ6huwwBoA7bEFt79+n9SA4jBixtBzpWNbxDSmFov9BptLtgHwEN7fwiCy,0.526183,1.354687,2.567644,0,2591700,7.197289,Delay-insensitive,2,3.5
479100,ZtliqqWQ6huwwBoA7bEFt79+n9SA4jBixtBzpWNbxDSmFov9BptLtgHwEN7fwiCy,0.4493529999999999,1.394951,3.425596,0,2591700,7.197289,Delay-insensitive,2,3.5
479400,ZtliqqWQ6huwwBoA7bEFt79+n9SA4jBixtBzpWNbxDSmFov9BptLtgHwEN7fwiCy,0.511804,1.3299040000000002,2.338375,0,2591700,7.197289,Delay-insensitive,2,3.5
479700,ZtliqqWQ6huwwBoA7bEFt79+n9SA4jBixtBzpWNbxDSmFov9BptLtgHwEN7fwiCy,0.4736229999999999,1.329489,2.294375,0,2591700,7.197289,Delay-insensitive,2,3.5
480000,ZtliqqWQ6huwwBoA7bEFt79+n9SA4jBixtBzpWNbxDSmFov9BptLtgHwEN7fwiCy,0.536457,1.412142,2.690564,0,2591700,7.197289,Delay-insensitive,2,3.5
480300,ZtliqqWQ6huwwBoA7bEFt79+n9SA4jBixtBzpWNbxDSmFov9BptLtgHwEN7fwiCy,0.639862,1.413518,2.083659,0,2591700,7.197289,Delay-insensitive,2,3.5
480600,ZtliqqWQ6huwwBoA7bEFt79+n9SA4jBixtBzpWNbxDSmFov9BptLtgHwEN7fwiCy,0.4692449999999999,1.341589,2.825332,0,2591700,7.197289,Delay-insensitive,2,3.5
480900,ZtliqqWQ6huwwBoA7bEFt79+n9SA4jBixtBzpWNbxDSmFov9BptLtgHwEN7fwiCy,0.578883,1.3409719999999998,2.496966,0,2591700,7.197289,Delay-insensitive,2,3.5
481200,ZtliqqWQ6huwwBoA7bEFt79+n9SA4jBixtBzpWNbxDSmFov9BptLtgHwEN7fwiCy,0.571808,1.341518,2.5405330000000004,0,2591700,7.197289,Delay-insensitive,2,3.5
481500,ZtliqqWQ6huwwBoA7bEFt79+n9SA4jBixtBzpWNbxDSmFov9BptLtgHwEN7fwiCy,0.4606149999999999,1.357536,2.371712,0,2591700,7.197289,Delay-insensitive,2,3.5
481800,ZtliqqWQ6huwwBoA7bEFt79+n9SA4jBixtBzpWNbxDSmFov9BptLtgHwEN7fwiCy,0.295048,1.299675,2.16578,0,2591700,7.197289,Delay-insensitive,2,3.5
482100,ZtliqqWQ6huwwBoA7bEFt79+n9SA4jBixtBzpWNbxDSmFov9BptLtgHwEN7fwiCy,0.360998,1.353513,2.695789,0,2591700,7.197289,Delay-insensitive,2,3.5
482400,ZtliqqWQ6huwwBoA7bEFt79+n9SA4jBixtBzpWNbxDSmFov9BptLtgHwEN7fwiCy,0.484754,1.291651,2.326129,0,2591700,7.197289,Delay-insensitive,2,3.5
482700,ZtliqqWQ6huwwBoA7bEFt79+n9SA4jBixtBzpWNbxDSmFov9BptLtgHwEN7fwiCy,0.385329,1.514966,3.13043,0,2591700,7.197289,Delay-insensitive,2,3.5
483000,ZtliqqWQ6huwwBoA7bEFt79+n9SA4jBixtBzpWNbxDSmFov9BptLtgHwEN7fwiCy,0.7293270000000001,1.451635,2.512061,0,2591700,7.197289,Delay-insensitive,2,3.5
483300,ZtliqqWQ6huwwBoA7bEFt79+n9SA4jBixtBzpWNbxDSmFov9BptLtgHwEN7fwiCy,0.314165,1.330253,2.813546,0,2591700,7.197289,Delay-insensitive,2,3.5
483600,ZtliqqWQ6huwwBoA7bEFt79+n9SA4jBixtBzpWNbxDSmFov9BptLtgHwEN7fwiCy,0.4995479999999999,1.34208,2.91235,0,2591700,7.197289,Delay-insensitive,2,3.5
483900,ZtliqqWQ6huwwBoA7bEFt79+n9SA4jBixtBzpWNbxDSmFov9BptLtgHwEN7fwiCy,0.263103,1.385112,2.30936,0,2591700,7.197289,Delay-insensitive,2,3.5
484200,ZtliqqWQ6huwwBoA7bEFt79+n9SA4jBixtBzpWNbxDSmFov9BptLtgHwEN7fwiCy,0.427005,1.40327,2.651496,0,2591700,7.197289,Delay-insensitive,2,3.5
484500,ZtliqqWQ6huwwBoA7bEFt79+n9SA4jBixtBzpWNbxDSmFov9BptLtgHwEN7fwiCy,0.478112,1.298805,2.469465,0,2591700,7.197289,Delay-insensitive,2,3.5
484800,ZtliqqWQ6huwwBoA7bEFt79+n9SA4jBixtBzpWNbxDSmFov9BptLtgHwEN7fwiCy,0.638099,1.374004,2.376382,0,2591700,7.197289,Delay-insensitive,2,3.5
485100,ZtliqqWQ6huwwBoA7bEFt79+n9SA4jBixtBzpWNbxDSmFov9BptLtgHwEN7fwiCy,0.569742,1.383019,2.615496,0,2591700,7.197289,Delay-insensitive,2,3.5
485400,ZtliqqWQ6huwwBoA7bEFt79+n9SA4jBixtBzpWNbxDSmFov9BptLtgHwEN7fwiCy,0.273495,1.341502,2.793994,0,2591700,7.197289,Delay-insensitive,2,3.5
485700,ZtliqqWQ6huwwBoA7bEFt79+n9SA4jBixtBzpWNbxDSmFov9BptLtgHwEN7fwiCy,0.679751,1.386954,2.203861,0,2591700,7.197289,Delay-insensitive,2,3.5
486000,ZtliqqWQ6huwwBoA7bEFt79+n9SA4jBixtBzpWNbxDSmFov9BptLtgHwEN7fwiCy,0.367635,1.34922,2.809606,0,2591700,7.197289,Delay-insensitive,2,3.5
486300,ZtliqqWQ6huwwBoA7bEFt79+n9SA4jBixtBzpWNbxDSmFov9BptLtgHwEN7fwiCy,0.65674,1.54512,3.164929,0,2591700,7.197289,Delay-insensitive,2,3.5
486600,ZtliqqWQ6huwwBoA7bEFt79+n9SA4jBixtBzpWNbxDSmFov9BptLtgHwEN7fwiCy,0.598288,1.392355,2.445842,0,2591700,7.197289,Delay-insensitive,2,3.5
486900,ZtliqqWQ6huwwBoA7bEFt79+n9SA4jBixtBzpWNbxDSmFov9BptLtgHwEN7fwiCy,0.460579,1.362726,2.723604,0,2591700,7.197289,Delay-insensitive,2,3.5
487200,ZtliqqWQ6huwwBoA7bEFt79+n9SA4jBixtBzpWNbxDSmFov9BptLtgHwEN7fwiCy,0.566553,1.423215,2.570627,0,2591700,7.197289,Delay-insensitive,2,3.5
487500,ZtliqqWQ6huwwBoA7bEFt79+n9SA4jBixtBzpWNbxDSmFov9BptLtgHwEN7fwiCy,0.516985,1.435341,2.737238,0,2591700,7.197289,Delay-insensitive,2,3.5
487800,ZtliqqWQ6huwwBoA7bEFt79+n9SA4jBixtBzpWNbxDSmFov9BptLtgHwEN7fwiCy,0.525513,1.3719059999999998,2.428238,0,2591700,7.197289,Delay-insensitive,2,3.5
488100,ZtliqqWQ6huwwBoA7bEFt79+n9SA4jBixtBzpWNbxDSmFov9BptLtgHwEN7fwiCy,0.5181439999999999,1.3307,2.39952,0,2591700,7.197289,Delay-insensitive,2,3.5
488400,ZtliqqWQ6huwwBoA7bEFt79+n9SA4jBixtBzpWNbxDSmFov9BptLtgHwEN7fwiCy,0.550441,1.368625,2.935881,0,2591700,7.197289,Delay-insensitive,2,3.5
488700,ZtliqqWQ6huwwBoA7bEFt79+n9SA4jBixtBzpWNbxDSmFov9BptLtgHwEN7fwiCy,0.512774,1.299606,2.174451,0,2591700,7.197289,Delay-insensitive,2,3.5
489000,ZtliqqWQ6huwwBoA7bEFt79+n9SA4jBixtBzpWNbxDSmFov9BptLtgHwEN7fwiCy,0.544335,1.27222,2.137528,0,2591700,7.197289,Delay-insensitive,2,3.5
489300,ZtliqqWQ6huwwBoA7bEFt79+n9SA4jBixtBzpWNbxDSmFov9BptLtgHwEN7fwiCy,0.621102,1.427582,2.295693,0,2591700,7.197289,Delay-insensitive,2,3.5
489600,ZtliqqWQ6huwwBoA7bEFt79+n9SA4jBixtBzpWNbxDSmFov9BptLtgHwEN7fwiCy,0.5969270000000001,10.651519,51.041424,0,2591700,7.197289,Delay-insensitive,2,3.5
489900,ZtliqqWQ6huwwBoA7bEFt79+n9SA4jBixtBzpWNbxDSmFov9BptLtgHwEN7fwiCy,0.5919800000000001,1.6757799999999998,4.96999,0,2591700,7.197289,Delay-insensitive,2,3.5
490200,ZtliqqWQ6huwwBoA7bEFt79+n9SA4jBixtBzpWNbxDSmFov9BptLtgHwEN7fwiCy,0.713968,1.467011,2.719485,0,2591700,7.197289,Delay-insensitive,2,3.5
490500,ZtliqqWQ6huwwBoA7bEFt79+n9SA4jBixtBzpWNbxDSmFov9BptLtgHwEN7fwiCy,0.478214,1.408716,2.208308,0,2591700,7.197289,Delay-insensitive,2,3.5
490800,ZtliqqWQ6huwwBoA7bEFt79+n9SA4jBixtBzpWNbxDSmFov9BptLtgHwEN7fwiCy,0.570141,1.400514,2.582017,0,2591700,7.197289,Delay-insensitive,2,3.5
491100,ZtliqqWQ6huwwBoA7bEFt79+n9SA4jBixtBzpWNbxDSmFov9BptLtgHwEN7fwiCy,0.586309,1.421084,2.540047,0,2591700,7.197289,Delay-insensitive,2,3.5
491400,ZtliqqWQ6huwwBoA7bEFt79+n9SA4jBixtBzpWNbxDSmFov9BptLtgHwEN7fwiCy,0.587778,1.260632,2.040475,0,2591700,7.197289,Delay-insensitive,2,3.5
491700,ZtliqqWQ6huwwBoA7bEFt79+n9SA4jBixtBzpWNbxDSmFov9BptLtgHwEN7fwiCy,0.477523,1.267008,2.016824,0,2591700,7.197289,Delay-insensitive,2,3.5
492000,ZtliqqWQ6huwwBoA7bEFt79+n9SA4jBixtBzpWNbxDSmFov9BptLtgHwEN7fwiCy,0.579587,1.421106,2.473009,0,2591700,7.197289,Delay-insensitive,2,3.5
492300,ZtliqqWQ6huwwBoA7bEFt79+n9SA4jBixtBzpWNbxDSmFov9BptLtgHwEN7fwiCy,0.482464,1.339322,2.809575,0,2591700,7.197289,Delay-insensitive,2,3.5
492600,ZtliqqWQ6huwwBoA7bEFt79+n9SA4jBixtBzpWNbxDSmFov9BptLtgHwEN7fwiCy,0.421256,1.345588,2.343618,0,2591700,7.197289,Delay-insensitive,2,3.5
492900,ZtliqqWQ6huwwBoA7bEFt79+n9SA4jBixtBzpWNbxDSmFov9BptLtgHwEN7fwiCy,0.262425,1.368574,2.446532,0,2591700,7.197289,Delay-insensitive,2,3.5
493200,ZtliqqWQ6huwwBoA7bEFt79+n9SA4jBixtBzpWNbxDSmFov9BptLtgHwEN7fwiCy,0.506598,1.34063,2.401024,0,2591700,7.197289,Delay-insensitive,2,3.5
493500,ZtliqqWQ6huwwBoA7bEFt79+n9SA4jBixtBzpWNbxDSmFov9BptLtgHwEN7fwiCy,0.310684,1.511119,4.767348999999999,0,2591700,7.197289,Delay-insensitive,2,3.5
493800,ZtliqqWQ6huwwBoA7bEFt79+n9SA4jBixtBzpWNbxDSmFov9BptLtgHwEN7fwiCy,0.624025,1.433435,2.6058830000000004,0,2591700,7.197289,Delay-insensitive,2,3.5
494100,ZtliqqWQ6huwwBoA7bEFt79+n9SA4jBixtBzpWNbxDSmFov9BptLtgHwEN7fwiCy,0.421464,1.356698,3.042447,0,2591700,7.197289,Delay-insensitive,2,3.5
494400,ZtliqqWQ6huwwBoA7bEFt79+n9SA4jBixtBzpWNbxDSmFov9BptLtgHwEN7fwiCy,0.6005520000000001,1.271527,2.218779,0,2591700,7.197289,Delay-insensitive,2,3.5
494700,ZtliqqWQ6huwwBoA7bEFt79+n9SA4jBixtBzpWNbxDSmFov9BptLtgHwEN7fwiCy,0.340106,1.349699,2.345566,0,2591700,7.197289,Delay-insensitive,2,3.5
495000,ZtliqqWQ6huwwBoA7bEFt79+n9SA4jBixtBzpWNbxDSmFov9BptLtgHwEN7fwiCy,0.480326,1.361283,2.445586,0,2591700,7.197289,Delay-insensitive,2,3.5
495300,ZtliqqWQ6huwwBoA7bEFt79+n9SA4jBixtBzpWNbxDSmFov9BptLtgHwEN7fwiCy,0.543027,1.289723,2.422525,0,2591700,7.197289,Delay-insensitive,2,3.5
495600,ZtliqqWQ6huwwBoA7bEFt79+n9SA4jBixtBzpWNbxDSmFov9BptLtgHwEN7fwiCy,0.8535290000000001,1.486968,2.215452,0,2591700,7.197289,Delay-insensitive,2,3.5
495900,ZtliqqWQ6huwwBoA7bEFt79+n9SA4jBixtBzpWNbxDSmFov9BptLtgHwEN7fwiCy,0.559996,1.334574,2.510978,0,2591700,7.197289,Delay-insensitive,2,3.5
496200,ZtliqqWQ6huwwBoA7bEFt79+n9SA4jBixtBzpWNbxDSmFov9BptLtgHwEN7fwiCy,0.362367,1.245132,2.1378630000000003,0,2591700,7.197289,Delay-insensitive,2,3.5
496500,ZtliqqWQ6huwwBoA7bEFt79+n9SA4jBixtBzpWNbxDSmFov9BptLtgHwEN7fwiCy,0.581212,1.37295,2.639737,0,2591700,7.197289,Delay-insensitive,2,3.5
496800,ZtliqqWQ6huwwBoA7bEFt79+n9SA4jBixtBzpWNbxDSmFov9BptLtgHwEN7fwiCy,0.354905,1.358171,2.234696,0,2591700,7.197289,Delay-insensitive,2,3.5
497100,ZtliqqWQ6huwwBoA7bEFt79+n9SA4jBixtBzpWNbxDSmFov9BptLtgHwEN7fwiCy,0.5300199999999999,1.586303,3.879765,0,2591700,7.197289,Delay-insensitive,2,3.5
497400,ZtliqqWQ6huwwBoA7bEFt79+n9SA4jBixtBzpWNbxDSmFov9BptLtgHwEN7fwiCy,0.401301,1.340584,2.619431,0,2591700,7.197289,Delay-insensitive,2,3.5
497700,ZtliqqWQ6huwwBoA7bEFt79+n9SA4jBixtBzpWNbxDSmFov9BptLtgHwEN7fwiCy,0.542045,2.037598,8.02477,0,2591700,7.197289,Delay-insensitive,2,3.5
498000,ZtliqqWQ6huwwBoA7bEFt79+n9SA4jBixtBzpWNbxDSmFov9BptLtgHwEN7fwiCy,0.304386,1.317867,2.3382080000000003,0,2591700,7.197289,Delay-insensitive,2,3.5
498300,ZtliqqWQ6huwwBoA7bEFt79+n9SA4jBixtBzpWNbxDSmFov9BptLtgHwEN7fwiCy,0.357707,1.350684,2.126247,0,2591700,7.197289,Delay-insensitive,2,3.5
498600,ZtliqqWQ6huwwBoA7bEFt79+n9SA4jBixtBzpWNbxDSmFov9BptLtgHwEN7fwiCy,0.61365,1.3288719999999998,2.250421,0,2591700,7.197289,Delay-insensitive,2,3.5
498900,ZtliqqWQ6huwwBoA7bEFt79+n9SA4jBixtBzpWNbxDSmFov9BptLtgHwEN7fwiCy,0.4750029999999999,1.3715469999999998,2.792921,0,2591700,7.197289,Delay-insensitive,2,3.5
499200,ZtliqqWQ6huwwBoA7bEFt79+n9SA4jBixtBzpWNbxDSmFov9BptLtgHwEN7fwiCy,0.6006729999999999,1.515665,2.56834,0,2591700,7.197289,Delay-insensitive,2,3.5
499500,ZtliqqWQ6huwwBoA7bEFt79+n9SA4jBixtBzpWNbxDSmFov9BptLtgHwEN7fwiCy,0.48546,1.355608,2.872532,0,2591700,7.197289,Delay-insensitive,2,3.5
499800,ZtliqqWQ6huwwBoA7bEFt79+n9SA4jBixtBzpWNbxDSmFov9BptLtgHwEN7fwiCy,0.537917,1.345636,2.3102240000000003,0,2591700,7.197289,Delay-insensitive,2,3.5
500100,ZtliqqWQ6huwwBoA7bEFt79+n9SA4jBixtBzpWNbxDSmFov9BptLtgHwEN7fwiCy,0.426581,1.300261,2.280493,0,2591700,7.197289,Delay-insensitive,2,3.5
500400,ZtliqqWQ6huwwBoA7bEFt79+n9SA4jBixtBzpWNbxDSmFov9BptLtgHwEN7fwiCy,0.558535,1.412961,2.665944,0,2591700,7.197289,Delay-insensitive,2,3.5
500700,ZtliqqWQ6huwwBoA7bEFt79+n9SA4jBixtBzpWNbxDSmFov9BptLtgHwEN7fwiCy,0.486985,1.589043,5.103523,0,2591700,7.197289,Delay-insensitive,2,3.5
501000,ZtliqqWQ6huwwBoA7bEFt79+n9SA4jBixtBzpWNbxDSmFov9BptLtgHwEN7fwiCy,0.30376,1.40738,2.864313,0,2591700,7.197289,Delay-insensitive,2,3.5
501300,ZtliqqWQ6huwwBoA7bEFt79+n9SA4jBixtBzpWNbxDSmFov9BptLtgHwEN7fwiCy,0.630269,1.385228,2.790378,0,2591700,7.197289,Delay-insensitive,2,3.5
501600,ZtliqqWQ6huwwBoA7bEFt79+n9SA4jBixtBzpWNbxDSmFov9BptLtgHwEN7fwiCy,0.332358,1.238651,1.98956,0,2591700,7.197289,Delay-insensitive,2,3.5
501900,ZtliqqWQ6huwwBoA7bEFt79+n9SA4jBixtBzpWNbxDSmFov9BptLtgHwEN7fwiCy,0.657794,1.499334,2.45335,0,2591700,7.197289,Delay-insensitive,2,3.5
502200,ZtliqqWQ6huwwBoA7bEFt79+n9SA4jBixtBzpWNbxDSmFov9BptLtgHwEN7fwiCy,0.676683,1.438757,2.816035,0,2591700,7.197289,Delay-insensitive,2,3.5
502500,ZtliqqWQ6huwwBoA7bEFt79+n9SA4jBixtBzpWNbxDSmFov9BptLtgHwEN7fwiCy,0.6267149999999999,1.382212,2.755954,0,2591700,7.197289,Delay-insensitive,2,3.5
502800,ZtliqqWQ6huwwBoA7bEFt79+n9SA4jBixtBzpWNbxDSmFov9BptLtgHwEN7fwiCy,0.257909,1.265767,2.146168,0,2591700,7.197289,Delay-insensitive,2,3.5
503100,ZtliqqWQ6huwwBoA7bEFt79+n9SA4jBixtBzpWNbxDSmFov9BptLtgHwEN7fwiCy,0.548583,1.356755,2.123838,0,2591700,7.197289,Delay-insensitive,2,3.5
503400,ZtliqqWQ6huwwBoA7bEFt79+n9SA4jBixtBzpWNbxDSmFov9BptLtgHwEN7fwiCy,0.212052,1.271668,1.911348,0,2591700,7.197289,Delay-insensitive,2,3.5
503700,ZtliqqWQ6huwwBoA7bEFt79+n9SA4jBixtBzpWNbxDSmFov9BptLtgHwEN7fwiCy,0.605308,1.426509,2.59029,0,2591700,7.197289,Delay-insensitive,2,3.5
504000,ZtliqqWQ6huwwBoA7bEFt79+n9SA4jBixtBzpWNbxDSmFov9BptLtgHwEN7fwiCy,0.4359949999999999,1.336121,2.742191,0,2591700,7.197289,Delay-insensitive,2,3.5
504300,ZtliqqWQ6huwwBoA7bEFt79+n9SA4jBixtBzpWNbxDSmFov9BptLtgHwEN7fwiCy,0.551994,2.375887,6.886122,0,2591700,7.197289,Delay-insensitive,2,3.5
504600,ZtliqqWQ6huwwBoA7bEFt79+n9SA4jBixtBzpWNbxDSmFov9BptLtgHwEN7fwiCy,0.644784,1.654861,3.668056,0,2591700,7.197289,Delay-insensitive,2,3.5
504900,ZtliqqWQ6huwwBoA7bEFt79+n9SA4jBixtBzpWNbxDSmFov9BptLtgHwEN7fwiCy,0.338394,1.2753219999999998,2.3118990000000004,0,2591700,7.197289,Delay-insensitive,2,3.5
505200,ZtliqqWQ6huwwBoA7bEFt79+n9SA4jBixtBzpWNbxDSmFov9BptLtgHwEN7fwiCy,0.576577,1.360418,2.251717,0,2591700,7.197289,Delay-insensitive,2,3.5
505500,ZtliqqWQ6huwwBoA7bEFt79+n9SA4jBixtBzpWNbxDSmFov9BptLtgHwEN7fwiCy,0.4866439999999999,1.351261,2.2646490000000004,0,2591700,7.197289,Delay-insensitive,2,3.5
505800,ZtliqqWQ6huwwBoA7bEFt79+n9SA4jBixtBzpWNbxDSmFov9BptLtgHwEN7fwiCy,0.5681069999999999,1.382068,2.650057,0,2591700,7.197289,Delay-insensitive,2,3.5
506100,ZtliqqWQ6huwwBoA7bEFt79+n9SA4jBixtBzpWNbxDSmFov9BptLtgHwEN7fwiCy,0.310883,1.242336,2.046918,0,2591700,7.197289,Delay-insensitive,2,3.5
506400,ZtliqqWQ6huwwBoA7bEFt79+n9SA4jBixtBzpWNbxDSmFov9BptLtgHwEN7fwiCy,0.542347,1.365782,2.153486,0,2591700,7.197289,Delay-insensitive,2,3.5
506700,ZtliqqWQ6huwwBoA7bEFt79+n9SA4jBixtBzpWNbxDSmFov9BptLtgHwEN7fwiCy,0.595536,2.519768,20.909078,0,2591700,7.197289,Delay-insensitive,2,3.5
507000,ZtliqqWQ6huwwBoA7bEFt79+n9SA4jBixtBzpWNbxDSmFov9BptLtgHwEN7fwiCy,0.481018,1.300834,2.110059,0,2591700,7.197289,Delay-insensitive,2,3.5
507300,ZtliqqWQ6huwwBoA7bEFt79+n9SA4jBixtBzpWNbxDSmFov9BptLtgHwEN7fwiCy,0.525066,1.474356,2.319729,0,2591700,7.197289,Delay-insensitive,2,3.5
507600,ZtliqqWQ6huwwBoA7bEFt79+n9SA4jBixtBzpWNbxDSmFov9BptLtgHwEN7fwiCy,0.496922,1.273346,2.088754,0,2591700,7.197289,Delay-insensitive,2,3.5
507900,ZtliqqWQ6huwwBoA7bEFt79+n9SA4jBixtBzpWNbxDSmFov9BptLtgHwEN7fwiCy,0.575507,1.567877,6.468532,0,2591700,7.197289,Delay-insensitive,2,3.5
508200,ZtliqqWQ6huwwBoA7bEFt79+n9SA4jBixtBzpWNbxDSmFov9BptLtgHwEN7fwiCy,0.3892199999999999,1.371008,2.540084,0,2591700,7.197289,Delay-insensitive,2,3.5
508500,ZtliqqWQ6huwwBoA7bEFt79+n9SA4jBixtBzpWNbxDSmFov9BptLtgHwEN7fwiCy,0.515777,1.332065,2.154527,0,2591700,7.197289,Delay-insensitive,2,3.5
508800,ZtliqqWQ6huwwBoA7bEFt79+n9SA4jBixtBzpWNbxDSmFov9BptLtgHwEN7fwiCy,0.352468,1.3873209999999998,2.512498,0,2591700,7.197289,Delay-insensitive,2,3.5
509100,ZtliqqWQ6huwwBoA7bEFt79+n9SA4jBixtBzpWNbxDSmFov9BptLtgHwEN7fwiCy,0.5081220000000001,1.352772,2.062722,0,2591700,7.197289,Delay-insensitive,2,3.5
509400,ZtliqqWQ6huwwBoA7bEFt79+n9SA4jBixtBzpWNbxDSmFov9BptLtgHwEN7fwiCy,0.499237,1.331654,2.611027,0,2591700,7.197289,Delay-insensitive,2,3.5
509700,ZtliqqWQ6huwwBoA7bEFt79+n9SA4jBixtBzpWNbxDSmFov9BptLtgHwEN7fwiCy,0.427884,1.29284,2.297581,0,2591700,7.197289,Delay-insensitive,2,3.5
510000,ZtliqqWQ6huwwBoA7bEFt79+n9SA4jBixtBzpWNbxDSmFov9BptLtgHwEN7fwiCy,0.579808,1.447932,2.230417,0,2591700,7.197289,Delay-insensitive,2,3.5
510300,ZtliqqWQ6huwwBoA7bEFt79+n9SA4jBixtBzpWNbxDSmFov9BptLtgHwEN7fwiCy,0.61353,1.377372,2.025942,0,2591700,7.197289,Delay-insensitive,2,3.5
510600,ZtliqqWQ6huwwBoA7bEFt79+n9SA4jBixtBzpWNbxDSmFov9BptLtgHwEN7fwiCy,0.5433140000000001,1.3411540000000002,2.549893,0,2591700,7.197289,Delay-insensitive,2,3.5
510900,ZtliqqWQ6huwwBoA7bEFt79+n9SA4jBixtBzpWNbxDSmFov9BptLtgHwEN7fwiCy,0.696634,1.837284,7.165661,0,2591700,7.197289,Delay-insensitive,2,3.5
511200,ZtliqqWQ6huwwBoA7bEFt79+n9SA4jBixtBzpWNbxDSmFov9BptLtgHwEN7fwiCy,0.512545,1.315029,2.304987,0,2591700,7.197289,Delay-insensitive,2,3.5
511500,ZtliqqWQ6huwwBoA7bEFt79+n9SA4jBixtBzpWNbxDSmFov9BptLtgHwEN7fwiCy,0.581741,1.32291,2.899407,0,2591700,7.197289,Delay-insensitive,2,3.5
511800,ZtliqqWQ6huwwBoA7bEFt79+n9SA4jBixtBzpWNbxDSmFov9BptLtgHwEN7fwiCy,0.737859,1.47516,2.132172,0,2591700,7.197289,Delay-insensitive,2,3.5
512100,ZtliqqWQ6huwwBoA7bEFt79+n9SA4jBixtBzpWNbxDSmFov9BptLtgHwEN7fwiCy,0.320733,1.362197,3.0027060000000003,0,2591700,7.197289,Delay-insensitive,2,3.5
512400,ZtliqqWQ6huwwBoA7bEFt79+n9SA4jBixtBzpWNbxDSmFov9BptLtgHwEN7fwiCy,0.493918,1.3786770000000002,2.5397,0,2591700,7.197289,Delay-insensitive,2,3.5
512700,ZtliqqWQ6huwwBoA7bEFt79+n9SA4jBixtBzpWNbxDSmFov9BptLtgHwEN7fwiCy,0.537981,1.457455,2.408405,0,2591700,7.197289,Delay-insensitive,2,3.5
513000,ZtliqqWQ6huwwBoA7bEFt79+n9SA4jBixtBzpWNbxDSmFov9BptLtgHwEN7fwiCy,0.353548,1.316429,2.195065,0,2591700,7.197289,Delay-insensitive,2,3.5
513300,ZtliqqWQ6huwwBoA7bEFt79+n9SA4jBixtBzpWNbxDSmFov9BptLtgHwEN7fwiCy,0.511446,1.307526,2.043028,0,2591700,7.197289,Delay-insensitive,2,3.5
513600,ZtliqqWQ6huwwBoA7bEFt79+n9SA4jBixtBzpWNbxDSmFov9BptLtgHwEN7fwiCy,0.3224349999999999,1.318311,2.473953,0,2591700,7.197289,Delay-insensitive,2,3.5
513900,ZtliqqWQ6huwwBoA7bEFt79+n9SA4jBixtBzpWNbxDSmFov9BptLtgHwEN7fwiCy,0.526258,1.270247,2.05163,0,2591700,7.197289,Delay-insensitive,2,3.5
514200,ZtliqqWQ6huwwBoA7bEFt79+n9SA4jBixtBzpWNbxDSmFov9BptLtgHwEN7fwiCy,0.301775,1.211504,2.783146,0,2591700,7.197289,Delay-insensitive,2,3.5
514500,ZtliqqWQ6huwwBoA7bEFt79+n9SA4jBixtBzpWNbxDSmFov9BptLtgHwEN7fwiCy,0.5943729999999999,1.339276,2.134853,0,2591700,7.197289,Delay-insensitive,2,3.5
514800,ZtliqqWQ6huwwBoA7bEFt79+n9SA4jBixtBzpWNbxDSmFov9BptLtgHwEN7fwiCy,0.2382929999999999,1.243284,1.843121,0,2591700,7.197289,Delay-insensitive,2,3.5
515100,ZtliqqWQ6huwwBoA7bEFt79+n9SA4jBixtBzpWNbxDSmFov9BptLtgHwEN7fwiCy,0.382813,1.491456,5.002948,0,2591700,7.197289,Delay-insensitive,2,3.5
515400,ZtliqqWQ6huwwBoA7bEFt79+n9SA4jBixtBzpWNbxDSmFov9BptLtgHwEN7fwiCy,0.733474,1.501714,2.446597,0,2591700,7.197289,Delay-insensitive,2,3.5
515700,ZtliqqWQ6huwwBoA7bEFt79+n9SA4jBixtBzpWNbxDSmFov9BptLtgHwEN7fwiCy,0.51583,1.355051,2.703764,0,2591700,7.197289,Delay-insensitive,2,3.5
516000,ZtliqqWQ6huwwBoA7bEFt79+n9SA4jBixtBzpWNbxDSmFov9BptLtgHwEN7fwiCy,0.638953,1.3818290000000002,2.856427,0,2591700,7.197289,Delay-insensitive,2,3.5
516300,ZtliqqWQ6huwwBoA7bEFt79+n9SA4jBixtBzpWNbxDSmFov9BptLtgHwEN7fwiCy,0.694445,1.322023,2.213736,0,2591700,7.197289,Delay-insensitive,2,3.5
516600,ZtliqqWQ6huwwBoA7bEFt79+n9SA4jBixtBzpWNbxDSmFov9BptLtgHwEN7fwiCy,0.476837,1.494083,2.890396,0,2591700,7.197289,Delay-insensitive,2,3.5
516900,ZtliqqWQ6huwwBoA7bEFt79+n9SA4jBixtBzpWNbxDSmFov9BptLtgHwEN7fwiCy,0.487056,1.31134,2.094659,0,2591700,7.197289,Delay-insensitive,2,3.5
517200,ZtliqqWQ6huwwBoA7bEFt79+n9SA4jBixtBzpWNbxDSmFov9BptLtgHwEN7fwiCy,0.678499,1.399369,2.552772,0,2591700,7.197289,Delay-insensitive,2,3.5
517500,ZtliqqWQ6huwwBoA7bEFt79+n9SA4jBixtBzpWNbxDSmFov9BptLtgHwEN7fwiCy,0.471393,1.288263,2.428794,0,2591700,7.197289,Delay-insensitive,2,3.5
517800,ZtliqqWQ6huwwBoA7bEFt79+n9SA4jBixtBzpWNbxDSmFov9BptLtgHwEN7fwiCy,0.535273,1.301449,2.305295,0,2591700,7.197289,Delay-insensitive,2,3.5
518100,ZtliqqWQ6huwwBoA7bEFt79+n9SA4jBixtBzpWNbxDSmFov9BptLtgHwEN7fwiCy,0.534119,1.375568,2.528047,0,2591700,7.197289,Delay-insensitive,2,3.5
518400,ZtliqqWQ6huwwBoA7bEFt79+n9SA4jBixtBzpWNbxDSmFov9BptLtgHwEN7fwiCy,0.39024,1.237846,2.40226,0,2591700,7.197289,Delay-insensitive,2,3.5
518700,ZtliqqWQ6huwwBoA7bEFt79+n9SA4jBixtBzpWNbxDSmFov9BptLtgHwEN7fwiCy,0.4865939999999999,1.558404,4.954530999999999,0,2591700,7.197289,Delay-insensitive,2,3.5
519000,ZtliqqWQ6huwwBoA7bEFt79+n9SA4jBixtBzpWNbxDSmFov9BptLtgHwEN7fwiCy,0.493745,1.394367,2.640712,0,2591700,7.197289,Delay-insensitive,2,3.5
519300,ZtliqqWQ6huwwBoA7bEFt79+n9SA4jBixtBzpWNbxDSmFov9BptLtgHwEN7fwiCy,0.4922569999999999,1.279857,2.513409,0,2591700,7.197289,Delay-insensitive,2,3.5
519600,ZtliqqWQ6huwwBoA7bEFt79+n9SA4jBixtBzpWNbxDSmFov9BptLtgHwEN7fwiCy,0.488097,1.31386,2.450385,0,2591700,7.197289,Delay-insensitive,2,3.5
519900,ZtliqqWQ6huwwBoA7bEFt79+n9SA4jBixtBzpWNbxDSmFov9BptLtgHwEN7fwiCy,0.668054,1.433837,2.503242,0,2591700,7.197289,Delay-insensitive,2,3.5
520200,ZtliqqWQ6huwwBoA7bEFt79+n9SA4jBixtBzpWNbxDSmFov9BptLtgHwEN7fwiCy,0.515232,1.311675,2.193238,0,2591700,7.197289,Delay-insensitive,2,3.5
520500,ZtliqqWQ6huwwBoA7bEFt79+n9SA4jBixtBzpWNbxDSmFov9BptLtgHwEN7fwiCy,0.76308,1.414996,1.889636,0,2591700,7.197289,Delay-insensitive,2,3.5
520800,ZtliqqWQ6huwwBoA7bEFt79+n9SA4jBixtBzpWNbxDSmFov9BptLtgHwEN7fwiCy,0.5611149999999999,1.345161,2.263959,0,2591700,7.197289,Delay-insensitive,2,3.5
521100,ZtliqqWQ6huwwBoA7bEFt79+n9SA4jBixtBzpWNbxDSmFov9BptLtgHwEN7fwiCy,0.422282,1.252245,2.3421540000000003,0,2591700,7.197289,Delay-insensitive,2,3.5
521400,ZtliqqWQ6huwwBoA7bEFt79+n9SA4jBixtBzpWNbxDSmFov9BptLtgHwEN7fwiCy,0.457171,1.380509,2.898291,0,2591700,7.197289,Delay-insensitive,2,3.5
521700,ZtliqqWQ6huwwBoA7bEFt79+n9SA4jBixtBzpWNbxDSmFov9BptLtgHwEN7fwiCy,0.555805,1.324756,2.350814,0,2591700,7.197289,Delay-insensitive,2,3.5
522000,ZtliqqWQ6huwwBoA7bEFt79+n9SA4jBixtBzpWNbxDSmFov9BptLtgHwEN7fwiCy,0.490481,1.2845030000000002,2.346061,0,2591700,7.197289,Delay-insensitive,2,3.5
522300,ZtliqqWQ6huwwBoA7bEFt79+n9SA4jBixtBzpWNbxDSmFov9BptLtgHwEN7fwiCy,0.358836,1.304808,2.217977,0,2591700,7.197289,Delay-insensitive,2,3.5
522600,ZtliqqWQ6huwwBoA7bEFt79+n9SA4jBixtBzpWNbxDSmFov9BptLtgHwEN7fwiCy,0.460549,1.378226,2.355204,0,2591700,7.197289,Delay-insensitive,2,3.5
522900,ZtliqqWQ6huwwBoA7bEFt79+n9SA4jBixtBzpWNbxDSmFov9BptLtgHwEN7fwiCy,0.349954,1.251149,2.807197,0,2591700,7.197289,Delay-insensitive,2,3.5
523200,ZtliqqWQ6huwwBoA7bEFt79+n9SA4jBixtBzpWNbxDSmFov9BptLtgHwEN7fwiCy,0.496117,1.383472,2.807034,0,2591700,7.197289,Delay-insensitive,2,3.5
523500,ZtliqqWQ6huwwBoA7bEFt79+n9SA4jBixtBzpWNbxDSmFov9BptLtgHwEN7fwiCy,0.508965,1.404132,2.495645,0,2591700,7.197289,Delay-insensitive,2,3.5
523800,ZtliqqWQ6huwwBoA7bEFt79+n9SA4jBixtBzpWNbxDSmFov9BptLtgHwEN7fwiCy,0.350044,1.202149,2.106583,0,2591700,7.197289,Delay-insensitive,2,3.5
524100,ZtliqqWQ6huwwBoA7bEFt79+n9SA4jBixtBzpWNbxDSmFov9BptLtgHwEN7fwiCy,0.561944,1.355366,3.115116,0,2591700,7.197289,Delay-insensitive,2,3.5
524400,ZtliqqWQ6huwwBoA7bEFt79+n9SA4jBixtBzpWNbxDSmFov9BptLtgHwEN7fwiCy,0.423564,1.343352,2.414158,0,2591700,7.197289,Delay-insensitive,2,3.5
524700,ZtliqqWQ6huwwBoA7bEFt79+n9SA4jBixtBzpWNbxDSmFov9BptLtgHwEN7fwiCy,0.52678,1.347499,2.603804,0,2591700,7.197289,Delay-insensitive,2,3.5
525000,ZtliqqWQ6huwwBoA7bEFt79+n9SA4jBixtBzpWNbxDSmFov9BptLtgHwEN7fwiCy,0.623795,1.372807,2.538178,0,2591700,7.197289,Delay-insensitive,2,3.5
525300,ZtliqqWQ6huwwBoA7bEFt79+n9SA4jBixtBzpWNbxDSmFov9BptLtgHwEN7fwiCy,0.550272,1.429651,2.843273,0,2591700,7.197289,Delay-insensitive,2,3.5
525600,ZtliqqWQ6huwwBoA7bEFt79+n9SA4jBixtBzpWNbxDSmFov9BptLtgHwEN7fwiCy,0.517854,1.249508,2.34228,0,2591700,7.197289,Delay-insensitive,2,3.5
525900,ZtliqqWQ6huwwBoA7bEFt79+n9SA4jBixtBzpWNbxDSmFov9BptLtgHwEN7fwiCy,0.46567,1.620696,3.996797,0,2591700,7.197289,Delay-insensitive,2,3.5
526200,ZtliqqWQ6huwwBoA7bEFt79+n9SA4jBixtBzpWNbxDSmFov9BptLtgHwEN7fwiCy,0.614102,1.420911,2.7069810000000003,0,2591700,7.197289,Delay-insensitive,2,3.5
526500,ZtliqqWQ6huwwBoA7bEFt79+n9SA4jBixtBzpWNbxDSmFov9BptLtgHwEN7fwiCy,0.453947,4.483093,25.205782,0,2591700,7.197289,Delay-insensitive,2,3.5
526800,ZtliqqWQ6huwwBoA7bEFt79+n9SA4jBixtBzpWNbxDSmFov9BptLtgHwEN7fwiCy,0.67145,1.480118,2.399846,0,2591700,7.197289,Delay-insensitive,2,3.5
527100,ZtliqqWQ6huwwBoA7bEFt79+n9SA4jBixtBzpWNbxDSmFov9BptLtgHwEN7fwiCy,0.422516,1.386792,2.486631,0,2591700,7.197289,Delay-insensitive,2,3.5
527400,ZtliqqWQ6huwwBoA7bEFt79+n9SA4jBixtBzpWNbxDSmFov9BptLtgHwEN7fwiCy,0.488465,1.2577200000000002,1.985663,0,2591700,7.197289,Delay-insensitive,2,3.5
527700,ZtliqqWQ6huwwBoA7bEFt79+n9SA4jBixtBzpWNbxDSmFov9BptLtgHwEN7fwiCy,0.321505,1.27404,2.138023,0,2591700,7.197289,Delay-insensitive,2,3.5
528000,ZtliqqWQ6huwwBoA7bEFt79+n9SA4jBixtBzpWNbxDSmFov9BptLtgHwEN7fwiCy,0.4765319999999999,1.334523,2.367575,0,2591700,7.197289,Delay-insensitive,2,3.5
528300,ZtliqqWQ6huwwBoA7bEFt79+n9SA4jBixtBzpWNbxDSmFov9BptLtgHwEN7fwiCy,0.437709,1.187406,2.008006,0,2591700,7.197289,Delay-insensitive,2,3.5
528600,ZtliqqWQ6huwwBoA7bEFt79+n9SA4jBixtBzpWNbxDSmFov9BptLtgHwEN7fwiCy,0.47475,1.346823,2.169972,0,2591700,7.197289,Delay-insensitive,2,3.5
528900,ZtliqqWQ6huwwBoA7bEFt79+n9SA4jBixtBzpWNbxDSmFov9BptLtgHwEN7fwiCy,0.504803,1.393885,2.365256,0,2591700,7.197289,Delay-insensitive,2,3.5
529200,ZtliqqWQ6huwwBoA7bEFt79+n9SA4jBixtBzpWNbxDSmFov9BptLtgHwEN7fwiCy,0.388583,1.24304,2.109727,0,2591700,7.197289,Delay-insensitive,2,3.5
529500,ZtliqqWQ6huwwBoA7bEFt79+n9SA4jBixtBzpWNbxDSmFov9BptLtgHwEN7fwiCy,0.492718,1.604106,5.06331,0,2591700,7.197289,Delay-insensitive,2,3.5
529800,ZtliqqWQ6huwwBoA7bEFt79+n9SA4jBixtBzpWNbxDSmFov9BptLtgHwEN7fwiCy,0.553706,1.350165,2.333252,0,2591700,7.197289,Delay-insensitive,2,3.5
530100,ZtliqqWQ6huwwBoA7bEFt79+n9SA4jBixtBzpWNbxDSmFov9BptLtgHwEN7fwiCy,0.478386,1.269483,2.435259,0,2591700,7.197289,Delay-insensitive,2,3.5
530400,ZtliqqWQ6huwwBoA7bEFt79+n9SA4jBixtBzpWNbxDSmFov9BptLtgHwEN7fwiCy,0.6095430000000001,1.441743,2.741219,0,2591700,7.197289,Delay-insensitive,2,3.5
530700,ZtliqqWQ6huwwBoA7bEFt79+n9SA4jBixtBzpWNbxDSmFov9BptLtgHwEN7fwiCy,0.591675,1.385099,2.177903,0,2591700,7.197289,Delay-insensitive,2,3.5
531000,ZtliqqWQ6huwwBoA7bEFt79+n9SA4jBixtBzpWNbxDSmFov9BptLtgHwEN7fwiCy,0.523518,1.370573,2.089067,0,2591700,7.197289,Delay-insensitive,2,3.5
531300,ZtliqqWQ6huwwBoA7bEFt79+n9SA4jBixtBzpWNbxDSmFov9BptLtgHwEN7fwiCy,0.559377,1.430547,2.793384,0,2591700,7.197289,Delay-insensitive,2,3.5
531600,ZtliqqWQ6huwwBoA7bEFt79+n9SA4jBixtBzpWNbxDSmFov9BptLtgHwEN7fwiCy,0.541258,1.335568,2.381034,0,2591700,7.197289,Delay-insensitive,2,3.5
531900,ZtliqqWQ6huwwBoA7bEFt79+n9SA4jBixtBzpWNbxDSmFov9BptLtgHwEN7fwiCy,0.34824,1.287662,2.386356,0,2591700,7.197289,Delay-insensitive,2,3.5
532200,ZtliqqWQ6huwwBoA7bEFt79+n9SA4jBixtBzpWNbxDSmFov9BptLtgHwEN7fwiCy,0.587438,1.301546,2.076563,0,2591700,7.197289,Delay-insensitive,2,3.5
532500,ZtliqqWQ6huwwBoA7bEFt79+n9SA4jBixtBzpWNbxDSmFov9BptLtgHwEN7fwiCy,0.258481,1.331428,2.016923,0,2591700,7.197289,Delay-insensitive,2,3.5
532800,ZtliqqWQ6huwwBoA7bEFt79+n9SA4jBixtBzpWNbxDSmFov9BptLtgHwEN7fwiCy,0.518045,1.295213,2.129731,0,2591700,7.197289,Delay-insensitive,2,3.5
533100,ZtliqqWQ6huwwBoA7bEFt79+n9SA4jBixtBzpWNbxDSmFov9BptLtgHwEN7fwiCy,0.4254699999999999,1.707974,5.55605,0,2591700,7.197289,Delay-insensitive,2,3.5
533400,ZtliqqWQ6huwwBoA7bEFt79+n9SA4jBixtBzpWNbxDSmFov9BptLtgHwEN7fwiCy,0.600132,1.4047459999999998,2.619327,0,2591700,7.197289,Delay-insensitive,2,3.5
533700,ZtliqqWQ6huwwBoA7bEFt79+n9SA4jBixtBzpWNbxDSmFov9BptLtgHwEN7fwiCy,0.345879,1.31449,2.741003,0,2591700,7.197289,Delay-insensitive,2,3.5
534000,ZtliqqWQ6huwwBoA7bEFt79+n9SA4jBixtBzpWNbxDSmFov9BptLtgHwEN7fwiCy,0.509112,1.3457370000000002,2.041208,0,2591700,7.197289,Delay-insensitive,2,3.5
534300,ZtliqqWQ6huwwBoA7bEFt79+n9SA4jBixtBzpWNbxDSmFov9BptLtgHwEN7fwiCy,0.535528,1.438592,3.127056,0,2591700,7.197289,Delay-insensitive,2,3.5
534600,ZtliqqWQ6huwwBoA7bEFt79+n9SA4jBixtBzpWNbxDSmFov9BptLtgHwEN7fwiCy,0.3905349999999999,1.287451,2.149803,0,2591700,7.197289,Delay-insensitive,2,3.5
534900,ZtliqqWQ6huwwBoA7bEFt79+n9SA4jBixtBzpWNbxDSmFov9BptLtgHwEN7fwiCy,0.462596,1.306586,2.048315,0,2591700,7.197289,Delay-insensitive,2,3.5
535200,ZtliqqWQ6huwwBoA7bEFt79+n9SA4jBixtBzpWNbxDSmFov9BptLtgHwEN7fwiCy,0.2891309999999999,1.397104,2.463089,0,2591700,7.197289,Delay-insensitive,2,3.5
535500,ZtliqqWQ6huwwBoA7bEFt79+n9SA4jBixtBzpWNbxDSmFov9BptLtgHwEN7fwiCy,0.497562,1.270675,2.967137,0,2591700,7.197289,Delay-insensitive,2,3.5
535800,ZtliqqWQ6huwwBoA7bEFt79+n9SA4jBixtBzpWNbxDSmFov9BptLtgHwEN7fwiCy,0.548912,1.270901,2.365291,0,2591700,7.197289,Delay-insensitive,2,3.5
536100,ZtliqqWQ6huwwBoA7bEFt79+n9SA4jBixtBzpWNbxDSmFov9BptLtgHwEN7fwiCy,0.512404,1.401921,2.140077,0,2591700,7.197289,Delay-insensitive,2,3.5
536400,ZtliqqWQ6huwwBoA7bEFt79+n9SA4jBixtBzpWNbxDSmFov9BptLtgHwEN7fwiCy,0.490931,1.271592,2.093937,0,2591700,7.197289,Delay-insensitive,2,3.5
536700,ZtliqqWQ6huwwBoA7bEFt79+n9SA4jBixtBzpWNbxDSmFov9BptLtgHwEN7fwiCy,0.529841,1.6649490000000002,4.47201,0,2591700,7.197289,Delay-insensitive,2,3.5
537000,ZtliqqWQ6huwwBoA7bEFt79+n9SA4jBixtBzpWNbxDSmFov9BptLtgHwEN7fwiCy,0.517502,1.42305,2.669189,0,2591700,7.197289,Delay-insensitive,2,3.5
537300,ZtliqqWQ6huwwBoA7bEFt79+n9SA4jBixtBzpWNbxDSmFov9BptLtgHwEN7fwiCy,0.514929,1.40237,3.579561,0,2591700,7.197289,Delay-insensitive,2,3.5
537600,ZtliqqWQ6huwwBoA7bEFt79+n9SA4jBixtBzpWNbxDSmFov9BptLtgHwEN7fwiCy,0.549204,1.460352,2.754366,0,2591700,7.197289,Delay-insensitive,2,3.5
537900,ZtliqqWQ6huwwBoA7bEFt79+n9SA4jBixtBzpWNbxDSmFov9BptLtgHwEN7fwiCy,0.360478,1.390963,2.652703,0,2591700,7.197289,Delay-insensitive,2,3.5
538200,ZtliqqWQ6huwwBoA7bEFt79+n9SA4jBixtBzpWNbxDSmFov9BptLtgHwEN7fwiCy,0.593749,1.334075,2.511246,0,2591700,7.197289,Delay-insensitive,2,3.5
538500,ZtliqqWQ6huwwBoA7bEFt79+n9SA4jBixtBzpWNbxDSmFov9BptLtgHwEN7fwiCy,0.449396,1.360706,2.448738,0,2591700,7.197289,Delay-insensitive,2,3.5
538800,ZtliqqWQ6huwwBoA7bEFt79+n9SA4jBixtBzpWNbxDSmFov9BptLtgHwEN7fwiCy,0.560829,1.328659,2.231776,0,2591700,7.197289,Delay-insensitive,2,3.5
539100,ZtliqqWQ6huwwBoA7bEFt79+n9SA4jBixtBzpWNbxDSmFov9BptLtgHwEN7fwiCy,0.477956,1.239688,1.911043,0,2591700,7.197289,Delay-insensitive,2,3.5
539400,ZtliqqWQ6huwwBoA7bEFt79+n9SA4jBixtBzpWNbxDSmFov9BptLtgHwEN7fwiCy,0.512656,1.360734,2.839858,0,2591700,7.197289,Delay-insensitive,2,3.5
539700,ZtliqqWQ6huwwBoA7bEFt79+n9SA4jBixtBzpWNbxDSmFov9BptLtgHwEN7fwiCy,0.491066,1.430401,3.059787,0,2591700,7.197289,Delay-insensitive,2,3.5
540000,ZtliqqWQ6huwwBoA7bEFt79+n9SA4jBixtBzpWNbxDSmFov9BptLtgHwEN7fwiCy,0.489177,1.243167,2.2143770000000003,0,2591700,7.197289,Delay-insensitive,2,3.5
540300,ZtliqqWQ6huwwBoA7bEFt79+n9SA4jBixtBzpWNbxDSmFov9BptLtgHwEN7fwiCy,0.6142989999999999,1.5975700000000002,3.983907,0,2591700,7.197289,Delay-insensitive,2,3.5
540600,ZtliqqWQ6huwwBoA7bEFt79+n9SA4jBixtBzpWNbxDSmFov9BptLtgHwEN7fwiCy,0.5958289999999999,1.400173,2.474144,0,2591700,7.197289,Delay-insensitive,2,3.5
540900,ZtliqqWQ6huwwBoA7bEFt79+n9SA4jBixtBzpWNbxDSmFov9BptLtgHwEN7fwiCy,0.4862939999999999,1.289098,2.279774,0,2591700,7.197289,Delay-insensitive,2,3.5
541200,ZtliqqWQ6huwwBoA7bEFt79+n9SA4jBixtBzpWNbxDSmFov9BptLtgHwEN7fwiCy,0.6479659999999999,1.344564,2.617917,0,2591700,7.197289,Delay-insensitive,2,3.5
541500,ZtliqqWQ6huwwBoA7bEFt79+n9SA4jBixtBzpWNbxDSmFov9BptLtgHwEN7fwiCy,0.5106609999999999,1.393124,2.9998560000000003,0,2591700,7.197289,Delay-insensitive,2,3.5
541800,ZtliqqWQ6huwwBoA7bEFt79+n9SA4jBixtBzpWNbxDSmFov9BptLtgHwEN7fwiCy,0.5290590000000001,1.397749,2.476821,0,2591700,7.197289,Delay-insensitive,2,3.5
542100,ZtliqqWQ6huwwBoA7bEFt79+n9SA4jBixtBzpWNbxDSmFov9BptLtgHwEN7fwiCy,0.467814,1.405243,2.462663,0,2591700,7.197289,Delay-insensitive,2,3.5
542400,ZtliqqWQ6huwwBoA7bEFt79+n9SA4jBixtBzpWNbxDSmFov9BptLtgHwEN7fwiCy,0.5858949999999999,1.390032,2.0617650000000003,0,2591700,7.197289,Delay-insensitive,2,3.5
542700,ZtliqqWQ6huwwBoA7bEFt79+n9SA4jBixtBzpWNbxDSmFov9BptLtgHwEN7fwiCy,0.475728,1.27425,1.885205,0,2591700,7.197289,Delay-insensitive,2,3.5
543000,ZtliqqWQ6huwwBoA7bEFt79+n9SA4jBixtBzpWNbxDSmFov9BptLtgHwEN7fwiCy,0.5792069999999999,1.299208,1.961581,0,2591700,7.197289,Delay-insensitive,2,3.5
543300,ZtliqqWQ6huwwBoA7bEFt79+n9SA4jBixtBzpWNbxDSmFov9BptLtgHwEN7fwiCy,0.606479,1.407094,2.618481,0,2591700,7.197289,Delay-insensitive,2,3.5
543600,ZtliqqWQ6huwwBoA7bEFt79+n9SA4jBixtBzpWNbxDSmFov9BptLtgHwEN7fwiCy,0.460899,1.224818,2.178092,0,2591700,7.197289,Delay-insensitive,2,3.5
543900,ZtliqqWQ6huwwBoA7bEFt79+n9SA4jBixtBzpWNbxDSmFov9BptLtgHwEN7fwiCy,0.680561,1.432227,2.705423,0,2591700,7.197289,Delay-insensitive,2,3.5
544200,ZtliqqWQ6huwwBoA7bEFt79+n9SA4jBixtBzpWNbxDSmFov9BptLtgHwEN7fwiCy,0.69181,1.356433,2.061042,0,2591700,7.197289,Delay-insensitive,2,3.5
544500,ZtliqqWQ6huwwBoA7bEFt79+n9SA4jBixtBzpWNbxDSmFov9BptLtgHwEN7fwiCy,0.507261,1.355182,2.581887,0,2591700,7.197289,Delay-insensitive,2,3.5
544800,ZtliqqWQ6huwwBoA7bEFt79+n9SA4jBixtBzpWNbxDSmFov9BptLtgHwEN7fwiCy,0.740226,1.395415,2.149617,0,2591700,7.197289,Delay-insensitive,2,3.5
545100,ZtliqqWQ6huwwBoA7bEFt79+n9SA4jBixtBzpWNbxDSmFov9BptLtgHwEN7fwiCy,0.490858,1.380382,2.549299,0,2591700,7.197289,Delay-insensitive,2,3.5
545400,ZtliqqWQ6huwwBoA7bEFt79+n9SA4jBixtBzpWNbxDSmFov9BptLtgHwEN7fwiCy,0.4985279999999999,1.351329,3.14787,0,2591700,7.197289,Delay-insensitive,2,3.5
545700,ZtliqqWQ6huwwBoA7bEFt79+n9SA4jBixtBzpWNbxDSmFov9BptLtgHwEN7fwiCy,0.558801,1.350355,2.606418,0,2591700,7.197289,Delay-insensitive,2,3.5
546000,ZtliqqWQ6huwwBoA7bEFt79+n9SA4jBixtBzpWNbxDSmFov9BptLtgHwEN7fwiCy,0.502264,1.338276,2.412357,0,2591700,7.197289,Delay-insensitive,2,3.5
546300,ZtliqqWQ6huwwBoA7bEFt79+n9SA4jBixtBzpWNbxDSmFov9BptLtgHwEN7fwiCy,0.598554,1.249258,1.963986,0,2591700,7.197289,Delay-insensitive,2,3.5
546600,ZtliqqWQ6huwwBoA7bEFt79+n9SA4jBixtBzpWNbxDSmFov9BptLtgHwEN7fwiCy,0.521065,1.292171,2.676052,0,2591700,7.197289,Delay-insensitive,2,3.5
546900,ZtliqqWQ6huwwBoA7bEFt79+n9SA4jBixtBzpWNbxDSmFov9BptLtgHwEN7fwiCy,0.5943,1.417927,2.221985,0,2591700,7.197289,Delay-insensitive,2,3.5
547200,ZtliqqWQ6huwwBoA7bEFt79+n9SA4jBixtBzpWNbxDSmFov9BptLtgHwEN7fwiCy,0.58213,1.253818,2.004578,0,2591700,7.197289,Delay-insensitive,2,3.5
547500,ZtliqqWQ6huwwBoA7bEFt79+n9SA4jBixtBzpWNbxDSmFov9BptLtgHwEN7fwiCy,0.563938,1.676232,4.824919,0,2591700,7.197289,Delay-insensitive,2,3.5
547800,ZtliqqWQ6huwwBoA7bEFt79+n9SA4jBixtBzpWNbxDSmFov9BptLtgHwEN7fwiCy,0.566599,1.440858,2.947607,0,2591700,7.197289,Delay-insensitive,2,3.5
548100,ZtliqqWQ6huwwBoA7bEFt79+n9SA4jBixtBzpWNbxDSmFov9BptLtgHwEN7fwiCy,0.527262,1.231507,2.26479,0,2591700,7.197289,Delay-insensitive,2,3.5
548400,ZtliqqWQ6huwwBoA7bEFt79+n9SA4jBixtBzpWNbxDSmFov9BptLtgHwEN7fwiCy,0.509957,1.31476,2.158048,0,2591700,7.197289,Delay-insensitive,2,3.5
548700,ZtliqqWQ6huwwBoA7bEFt79+n9SA4jBixtBzpWNbxDSmFov9BptLtgHwEN7fwiCy,0.523235,1.336886,2.232949,0,2591700,7.197289,Delay-insensitive,2,3.5
549000,ZtliqqWQ6huwwBoA7bEFt79+n9SA4jBixtBzpWNbxDSmFov9BptLtgHwEN7fwiCy,0.529752,1.3154860000000002,2.483898,0,2591700,7.197289,Delay-insensitive,2,3.5
549300,ZtliqqWQ6huwwBoA7bEFt79+n9SA4jBixtBzpWNbxDSmFov9BptLtgHwEN7fwiCy,0.5333180000000001,1.340546,2.779345,0,2591700,7.197289,Delay-insensitive,2,3.5
549600,ZtliqqWQ6huwwBoA7bEFt79+n9SA4jBixtBzpWNbxDSmFov9BptLtgHwEN7fwiCy,0.517305,1.395637,2.7982560000000003,0,2591700,7.197289,Delay-insensitive,2,3.5
549900,ZtliqqWQ6huwwBoA7bEFt79+n9SA4jBixtBzpWNbxDSmFov9BptLtgHwEN7fwiCy,0.6161300000000001,1.3089879999999998,2.166449,0,2591700,7.197289,Delay-insensitive,2,3.5
550200,ZtliqqWQ6huwwBoA7bEFt79+n9SA4jBixtBzpWNbxDSmFov9BptLtgHwEN7fwiCy,0.517335,1.280263,2.000379,0,2591700,7.197289,Delay-insensitive,2,3.5
550500,ZtliqqWQ6huwwBoA7bEFt79+n9SA4jBixtBzpWNbxDSmFov9BptLtgHwEN7fwiCy,0.596305,1.454115,2.273319,0,2591700,7.197289,Delay-insensitive,2,3.5
550800,ZtliqqWQ6huwwBoA7bEFt79+n9SA4jBixtBzpWNbxDSmFov9BptLtgHwEN7fwiCy,0.5504640000000001,1.27073,2.16425,0,2591700,7.197289,Delay-insensitive,2,3.5
551100,ZtliqqWQ6huwwBoA7bEFt79+n9SA4jBixtBzpWNbxDSmFov9BptLtgHwEN7fwiCy,0.562796,1.581287,4.952939,0,2591700,7.197289,Delay-insensitive,2,3.5
551400,ZtliqqWQ6huwwBoA7bEFt79+n9SA4jBixtBzpWNbxDSmFov9BptLtgHwEN7fwiCy,0.550425,1.35081,2.259155,0,2591700,7.197289,Delay-insensitive,2,3.5
551700,ZtliqqWQ6huwwBoA7bEFt79+n9SA4jBixtBzpWNbxDSmFov9BptLtgHwEN7fwiCy,0.5761069999999999,1.257257,2.0251330000000003,0,2591700,7.197289,Delay-insensitive,2,3.5
552000,ZtliqqWQ6huwwBoA7bEFt79+n9SA4jBixtBzpWNbxDSmFov9BptLtgHwEN7fwiCy,0.543816,1.354692,2.695576,0,2591700,7.197289,Delay-insensitive,2,3.5
552300,ZtliqqWQ6huwwBoA7bEFt79+n9SA4jBixtBzpWNbxDSmFov9BptLtgHwEN7fwiCy,0.63494,1.363916,2.113747,0,2591700,7.197289,Delay-insensitive,2,3.5
552600,ZtliqqWQ6huwwBoA7bEFt79+n9SA4jBixtBzpWNbxDSmFov9BptLtgHwEN7fwiCy,0.288207,1.279027,2.662227,0,2591700,7.197289,Delay-insensitive,2,3.5
552900,ZtliqqWQ6huwwBoA7bEFt79+n9SA4jBixtBzpWNbxDSmFov9BptLtgHwEN7fwiCy,0.441972,1.335931,2.718021,0,2591700,7.197289,Delay-insensitive,2,3.5
553200,ZtliqqWQ6huwwBoA7bEFt79+n9SA4jBixtBzpWNbxDSmFov9BptLtgHwEN7fwiCy,0.56399,1.436206,2.745651,0,2591700,7.197289,Delay-insensitive,2,3.5
553500,ZtliqqWQ6huwwBoA7bEFt79+n9SA4jBixtBzpWNbxDSmFov9BptLtgHwEN7fwiCy,0.460862,1.292584,2.318566,0,2591700,7.197289,Delay-insensitive,2,3.5
553800,ZtliqqWQ6huwwBoA7bEFt79+n9SA4jBixtBzpWNbxDSmFov9BptLtgHwEN7fwiCy,0.605705,1.393297,2.530787,0,2591700,7.197289,Delay-insensitive,2,3.5
554100,ZtliqqWQ6huwwBoA7bEFt79+n9SA4jBixtBzpWNbxDSmFov9BptLtgHwEN7fwiCy,0.517189,1.394341,2.382889,0,2591700,7.197289,Delay-insensitive,2,3.5
554400,ZtliqqWQ6huwwBoA7bEFt79+n9SA4jBixtBzpWNbxDSmFov9BptLtgHwEN7fwiCy,0.6200939999999999,1.454171,2.737071,0,2591700,7.197289,Delay-insensitive,2,3.5
554700,ZtliqqWQ6huwwBoA7bEFt79+n9SA4jBixtBzpWNbxDSmFov9BptLtgHwEN7fwiCy,0.6377430000000001,1.43435,2.898141,0,2591700,7.197289,Delay-insensitive,2,3.5
555000,ZtliqqWQ6huwwBoA7bEFt79+n9SA4jBixtBzpWNbxDSmFov9BptLtgHwEN7fwiCy,0.6456729999999999,1.530901,2.577849,0,2591700,7.197289,Delay-insensitive,2,3.5
555300,ZtliqqWQ6huwwBoA7bEFt79+n9SA4jBixtBzpWNbxDSmFov9BptLtgHwEN7fwiCy,0.4484829999999999,6.468943,25.776755,0,2591700,7.197289,Delay-insensitive,2,3.5
555600,ZtliqqWQ6huwwBoA7bEFt79+n9SA4jBixtBzpWNbxDSmFov9BptLtgHwEN7fwiCy,0.5126430000000001,1.537528,2.464141,0,2591700,7.197289,Delay-insensitive,2,3.5
555900,ZtliqqWQ6huwwBoA7bEFt79+n9SA4jBixtBzpWNbxDSmFov9BptLtgHwEN7fwiCy,0.585391,1.47549,2.380107,0,2591700,7.197289,Delay-insensitive,2,3.5
556200,ZtliqqWQ6huwwBoA7bEFt79+n9SA4jBixtBzpWNbxDSmFov9BptLtgHwEN7fwiCy,0.4931529999999999,1.382737,2.461207,0,2591700,7.197289,Delay-insensitive,2,3.5
556500,ZtliqqWQ6huwwBoA7bEFt79+n9SA4jBixtBzpWNbxDSmFov9BptLtgHwEN7fwiCy,0.4641949999999999,1.406144,2.682395,0,2591700,7.197289,Delay-insensitive,2,3.5
556800,ZtliqqWQ6huwwBoA7bEFt79+n9SA4jBixtBzpWNbxDSmFov9BptLtgHwEN7fwiCy,0.545345,1.33674,2.380943,0,2591700,7.197289,Delay-insensitive,2,3.5
557100,ZtliqqWQ6huwwBoA7bEFt79+n9SA4jBixtBzpWNbxDSmFov9BptLtgHwEN7fwiCy,0.4772409999999999,1.265531,2.161548,0,2591700,7.197289,Delay-insensitive,2,3.5
557400,ZtliqqWQ6huwwBoA7bEFt79+n9SA4jBixtBzpWNbxDSmFov9BptLtgHwEN7fwiCy,0.315281,1.306437,2.155351,0,2591700,7.197289,Delay-insensitive,2,3.5
557700,ZtliqqWQ6huwwBoA7bEFt79+n9SA4jBixtBzpWNbxDSmFov9BptLtgHwEN7fwiCy,0.556003,1.468025,2.67563,0,2591700,7.197289,Delay-insensitive,2,3.5
558000,ZtliqqWQ6huwwBoA7bEFt79+n9SA4jBixtBzpWNbxDSmFov9BptLtgHwEN7fwiCy,0.431309,1.3272,2.5754650000000003,0,2591700,7.197289,Delay-insensitive,2,3.5
558300,ZtliqqWQ6huwwBoA7bEFt79+n9SA4jBixtBzpWNbxDSmFov9BptLtgHwEN7fwiCy,0.7506970000000001,1.6648060000000002,5.385586,0,2591700,7.197289,Delay-insensitive,2,3.5
558600,ZtliqqWQ6huwwBoA7bEFt79+n9SA4jBixtBzpWNbxDSmFov9BptLtgHwEN7fwiCy,0.5273439999999999,1.4246530000000002,2.378749,0,2591700,7.197289,Delay-insensitive,2,3.5
558900,ZtliqqWQ6huwwBoA7bEFt79+n9SA4jBixtBzpWNbxDSmFov9BptLtgHwEN7fwiCy,0.5511550000000001,1.262153,2.009538,0,2591700,7.197289,Delay-insensitive,2,3.5
559200,ZtliqqWQ6huwwBoA7bEFt79+n9SA4jBixtBzpWNbxDSmFov9BptLtgHwEN7fwiCy,0.561839,1.339791,2.514891,0,2591700,7.197289,Delay-insensitive,2,3.5
559500,ZtliqqWQ6huwwBoA7bEFt79+n9SA4jBixtBzpWNbxDSmFov9BptLtgHwEN7fwiCy,0.309853,1.377688,2.420829,0,2591700,7.197289,Delay-insensitive,2,3.5
559800,ZtliqqWQ6huwwBoA7bEFt79+n9SA4jBixtBzpWNbxDSmFov9BptLtgHwEN7fwiCy,0.511185,2.398932,11.360383,0,2591700,7.197289,Delay-insensitive,2,3.5
560100,ZtliqqWQ6huwwBoA7bEFt79+n9SA4jBixtBzpWNbxDSmFov9BptLtgHwEN7fwiCy,0.308601,1.361007,2.297452,0,2591700,7.197289,Delay-insensitive,2,3.5
560400,ZtliqqWQ6huwwBoA7bEFt79+n9SA4jBixtBzpWNbxDSmFov9BptLtgHwEN7fwiCy,0.547086,1.435919,2.691056,0,2591700,7.197289,Delay-insensitive,2,3.5
560700,ZtliqqWQ6huwwBoA7bEFt79+n9SA4jBixtBzpWNbxDSmFov9BptLtgHwEN7fwiCy,0.372797,1.3237290000000002,2.345043,0,2591700,7.197289,Delay-insensitive,2,3.5
561000,ZtliqqWQ6huwwBoA7bEFt79+n9SA4jBixtBzpWNbxDSmFov9BptLtgHwEN7fwiCy,0.425083,1.37866,2.428007,0,2591700,7.197289,Delay-insensitive,2,3.5
561300,ZtliqqWQ6huwwBoA7bEFt79+n9SA4jBixtBzpWNbxDSmFov9BptLtgHwEN7fwiCy,0.505179,1.346188,2.113,0,2591700,7.197289,Delay-insensitive,2,3.5
561600,ZtliqqWQ6huwwBoA7bEFt79+n9SA4jBixtBzpWNbxDSmFov9BptLtgHwEN7fwiCy,0.348835,1.256075,2.346812,0,2591700,7.197289,Delay-insensitive,2,3.5
561900,ZtliqqWQ6huwwBoA7bEFt79+n9SA4jBixtBzpWNbxDSmFov9BptLtgHwEN7fwiCy,0.511979,1.718747,5.297372,0,2591700,7.197289,Delay-insensitive,2,3.5
562200,ZtliqqWQ6huwwBoA7bEFt79+n9SA4jBixtBzpWNbxDSmFov9BptLtgHwEN7fwiCy,0.48147,1.347168,2.1636740000000003,0,2591700,7.197289,Delay-insensitive,2,3.5
562500,ZtliqqWQ6huwwBoA7bEFt79+n9SA4jBixtBzpWNbxDSmFov9BptLtgHwEN7fwiCy,0.534879,1.384529,2.816813,0,2591700,7.197289,Delay-insensitive,2,3.5
562800,ZtliqqWQ6huwwBoA7bEFt79+n9SA4jBixtBzpWNbxDSmFov9BptLtgHwEN7fwiCy,0.460041,1.248876,2.094765,0,2591700,7.197289,Delay-insensitive,2,3.5
563100,ZtliqqWQ6huwwBoA7bEFt79+n9SA4jBixtBzpWNbxDSmFov9BptLtgHwEN7fwiCy,0.531436,1.371939,2.271428,0,2591700,7.197289,Delay-insensitive,2,3.5
563400,ZtliqqWQ6huwwBoA7bEFt79+n9SA4jBixtBzpWNbxDSmFov9BptLtgHwEN7fwiCy,0.393256,1.245891,2.094204,0,2591700,7.197289,Delay-insensitive,2,3.5
563700,ZtliqqWQ6huwwBoA7bEFt79+n9SA4jBixtBzpWNbxDSmFov9BptLtgHwEN7fwiCy,0.495829,1.313075,2.301381,0,2591700,7.197289,Delay-insensitive,2,3.5
564000,ZtliqqWQ6huwwBoA7bEFt79+n9SA4jBixtBzpWNbxDSmFov9BptLtgHwEN7fwiCy,0.484501,1.459459,2.867104,0,2591700,7.197289,Delay-insensitive,2,3.5
564300,ZtliqqWQ6huwwBoA7bEFt79+n9SA4jBixtBzpWNbxDSmFov9BptLtgHwEN7fwiCy,0.5175960000000001,1.286546,2.161092,0,2591700,7.197289,Delay-insensitive,2,3.5
564600,ZtliqqWQ6huwwBoA7bEFt79+n9SA4jBixtBzpWNbxDSmFov9BptLtgHwEN7fwiCy,0.547122,1.354124,2.769993,0,2591700,7.197289,Delay-insensitive,2,3.5
564900,ZtliqqWQ6huwwBoA7bEFt79+n9SA4jBixtBzpWNbxDSmFov9BptLtgHwEN7fwiCy,0.340906,1.451118,2.373764,0,2591700,7.197289,Delay-insensitive,2,3.5
565200,ZtliqqWQ6huwwBoA7bEFt79+n9SA4jBixtBzpWNbxDSmFov9BptLtgHwEN7fwiCy,0.461397,1.223906,1.892178,0,2591700,7.197289,Delay-insensitive,2,3.5
565500,ZtliqqWQ6huwwBoA7bEFt79+n9SA4jBixtBzpWNbxDSmFov9BptLtgHwEN7fwiCy,0.471285,1.394265,2.392986,0,2591700,7.197289,Delay-insensitive,2,3.5
565800,ZtliqqWQ6huwwBoA7bEFt79+n9SA4jBixtBzpWNbxDSmFov9BptLtgHwEN7fwiCy,0.643221,1.381143,2.302334,0,2591700,7.197289,Delay-insensitive,2,3.5
566100,ZtliqqWQ6huwwBoA7bEFt79+n9SA4jBixtBzpWNbxDSmFov9BptLtgHwEN7fwiCy,0.31548,1.322762,2.535729,0,2591700,7.197289,Delay-insensitive,2,3.5
566400,ZtliqqWQ6huwwBoA7bEFt79+n9SA4jBixtBzpWNbxDSmFov9BptLtgHwEN7fwiCy,0.231911,1.321043,2.021257,0,2591700,7.197289,Delay-insensitive,2,3.5
566700,ZtliqqWQ6huwwBoA7bEFt79+n9SA4jBixtBzpWNbxDSmFov9BptLtgHwEN7fwiCy,0.4937399999999999,1.336562,2.510272,0,2591700,7.197289,Delay-insensitive,2,3.5
567000,ZtliqqWQ6huwwBoA7bEFt79+n9SA4jBixtBzpWNbxDSmFov9BptLtgHwEN7fwiCy,0.473778,1.29325,2.544524,0,2591700,7.197289,Delay-insensitive,2,3.5
567300,ZtliqqWQ6huwwBoA7bEFt79+n9SA4jBixtBzpWNbxDSmFov9BptLtgHwEN7fwiCy,0.549805,1.306824,2.155455,0,2591700,7.197289,Delay-insensitive,2,3.5
567600,ZtliqqWQ6huwwBoA7bEFt79+n9SA4jBixtBzpWNbxDSmFov9BptLtgHwEN7fwiCy,0.2671409999999999,1.302354,2.054911,0,2591700,7.197289,Delay-insensitive,2,3.5
567900,ZtliqqWQ6huwwBoA7bEFt79+n9SA4jBixtBzpWNbxDSmFov9BptLtgHwEN7fwiCy,0.495899,1.344158,2.201262,0,2591700,7.197289,Delay-insensitive,2,3.5
568200,ZtliqqWQ6huwwBoA7bEFt79+n9SA4jBixtBzpWNbxDSmFov9BptLtgHwEN7fwiCy,0.257659,1.324607,2.418026,0,2591700,7.197289,Delay-insensitive,2,3.5
568500,ZtliqqWQ6huwwBoA7bEFt79+n9SA4jBixtBzpWNbxDSmFov9BptLtgHwEN7fwiCy,0.574194,1.36887,2.261076,0,2591700,7.197289,Delay-insensitive,2,3.5
568800,ZtliqqWQ6huwwBoA7bEFt79+n9SA4jBixtBzpWNbxDSmFov9BptLtgHwEN7fwiCy,0.450143,1.24006,2.035303,0,2591700,7.197289,Delay-insensitive,2,3.5
569100,ZtliqqWQ6huwwBoA7bEFt79+n9SA4jBixtBzpWNbxDSmFov9BptLtgHwEN7fwiCy,0.41095,1.535858,4.456016,0,2591700,7.197289,Delay-insensitive,2,3.5
569400,ZtliqqWQ6huwwBoA7bEFt79+n9SA4jBixtBzpWNbxDSmFov9BptLtgHwEN7fwiCy,0.617134,1.342512,2.174842,0,2591700,7.197289,Delay-insensitive,2,3.5
569700,ZtliqqWQ6huwwBoA7bEFt79+n9SA4jBixtBzpWNbxDSmFov9BptLtgHwEN7fwiCy,0.491407,1.27496,2.573075,0,2591700,7.197289,Delay-insensitive,2,3.5
570000,ZtliqqWQ6huwwBoA7bEFt79+n9SA4jBixtBzpWNbxDSmFov9BptLtgHwEN7fwiCy,0.509739,1.419359,2.368903,0,2591700,7.197289,Delay-insensitive,2,3.5
570300,ZtliqqWQ6huwwBoA7bEFt79+n9SA4jBixtBzpWNbxDSmFov9BptLtgHwEN7fwiCy,0.351255,1.340148,2.2878830000000003,0,2591700,7.197289,Delay-insensitive,2,3.5
570600,ZtliqqWQ6huwwBoA7bEFt79+n9SA4jBixtBzpWNbxDSmFov9BptLtgHwEN7fwiCy,0.504401,1.228633,1.886793,0,2591700,7.197289,Delay-insensitive,2,3.5
570900,ZtliqqWQ6huwwBoA7bEFt79+n9SA4jBixtBzpWNbxDSmFov9BptLtgHwEN7fwiCy,0.461611,1.267126,2.245794,0,2591700,7.197289,Delay-insensitive,2,3.5
571200,ZtliqqWQ6huwwBoA7bEFt79+n9SA4jBixtBzpWNbxDSmFov9BptLtgHwEN7fwiCy,0.535111,1.376647,2.50607,0,2591700,7.197289,Delay-insensitive,2,3.5
571500,ZtliqqWQ6huwwBoA7bEFt79+n9SA4jBixtBzpWNbxDSmFov9BptLtgHwEN7fwiCy,0.577245,1.38971,2.830435,0,2591700,7.197289,Delay-insensitive,2,3.5
571800,ZtliqqWQ6huwwBoA7bEFt79+n9SA4jBixtBzpWNbxDSmFov9BptLtgHwEN7fwiCy,0.69104,1.375207,2.242595,0,2591700,7.197289,Delay-insensitive,2,3.5
572100,ZtliqqWQ6huwwBoA7bEFt79+n9SA4jBixtBzpWNbxDSmFov9BptLtgHwEN7fwiCy,0.579095,1.429507,2.804901,0,2591700,7.197289,Delay-insensitive,2,3.5
572400,ZtliqqWQ6huwwBoA7bEFt79+n9SA4jBixtBzpWNbxDSmFov9BptLtgHwEN7fwiCy,0.4747439999999999,1.288282,2.1604970000000003,0,2591700,7.197289,Delay-insensitive,2,3.5
572700,ZtliqqWQ6huwwBoA7bEFt79+n9SA4jBixtBzpWNbxDSmFov9BptLtgHwEN7fwiCy,0.629744,1.680569,5.007157,0,2591700,7.197289,Delay-insensitive,2,3.5
573000,ZtliqqWQ6huwwBoA7bEFt79+n9SA4jBixtBzpWNbxDSmFov9BptLtgHwEN7fwiCy,0.62746,1.3791,2.390657,0,2591700,7.197289,Delay-insensitive,2,3.5
573300,ZtliqqWQ6huwwBoA7bEFt79+n9SA4jBixtBzpWNbxDSmFov9BptLtgHwEN7fwiCy,0.510898,1.2746879999999998,2.340015,0,2591700,7.197289,Delay-insensitive,2,3.5
573600,ZtliqqWQ6huwwBoA7bEFt79+n9SA4jBixtBzpWNbxDSmFov9BptLtgHwEN7fwiCy,0.5026010000000001,1.366035,2.553773,0,2591700,7.197289,Delay-insensitive,2,3.5
573900,ZtliqqWQ6huwwBoA7bEFt79+n9SA4jBixtBzpWNbxDSmFov9BptLtgHwEN7fwiCy,0.6334,1.339616,2.085624,0,2591700,7.197289,Delay-insensitive,2,3.5
574200,ZtliqqWQ6huwwBoA7bEFt79+n9SA4jBixtBzpWNbxDSmFov9BptLtgHwEN7fwiCy,0.576724,1.293311,2.372554,0,2591700,7.197289,Delay-insensitive,2,3.5
574500,ZtliqqWQ6huwwBoA7bEFt79+n9SA4jBixtBzpWNbxDSmFov9BptLtgHwEN7fwiCy,0.596394,1.322301,2.60031,0,2591700,7.197289,Delay-insensitive,2,3.5
574800,ZtliqqWQ6huwwBoA7bEFt79+n9SA4jBixtBzpWNbxDSmFov9BptLtgHwEN7fwiCy,0.4986399999999999,1.401437,2.158544,0,2591700,7.197289,Delay-insensitive,2,3.5
575100,ZtliqqWQ6huwwBoA7bEFt79+n9SA4jBixtBzpWNbxDSmFov9BptLtgHwEN7fwiCy,0.454796,1.3356290000000002,2.665138,0,2591700,7.197289,Delay-insensitive,2,3.5
575400,ZtliqqWQ6huwwBoA7bEFt79+n9SA4jBixtBzpWNbxDSmFov9BptLtgHwEN7fwiCy,0.6076090000000001,1.2804799999999998,1.96581,0,2591700,7.197289,Delay-insensitive,2,3.5
575700,ZtliqqWQ6huwwBoA7bEFt79+n9SA4jBixtBzpWNbxDSmFov9BptLtgHwEN7fwiCy,0.4856789999999999,1.331049,2.027315,0,2591700,7.197289,Delay-insensitive,2,3.5
576000,ZtliqqWQ6huwwBoA7bEFt79+n9SA4jBixtBzpWNbxDSmFov9BptLtgHwEN7fwiCy,0.496997,1.227764,2.196155,0,2591700,7.197289,Delay-insensitive,2,3.5
576300,ZtliqqWQ6huwwBoA7bEFt79+n9SA4jBixtBzpWNbxDSmFov9BptLtgHwEN7fwiCy,0.663829,1.65123,4.358755,0,2591700,7.197289,Delay-insensitive,2,3.5
576600,ZtliqqWQ6huwwBoA7bEFt79+n9SA4jBixtBzpWNbxDSmFov9BptLtgHwEN7fwiCy,0.529909,1.338328,2.119028,0,2591700,7.197289,Delay-insensitive,2,3.5
576900,ZtliqqWQ6huwwBoA7bEFt79+n9SA4jBixtBzpWNbxDSmFov9BptLtgHwEN7fwiCy,0.514413,1.2441209999999998,2.092701,0,2591700,7.197289,Delay-insensitive,2,3.5
577200,ZtliqqWQ6huwwBoA7bEFt79+n9SA4jBixtBzpWNbxDSmFov9BptLtgHwEN7fwiCy,0.395548,1.372559,2.578582,0,2591700,7.197289,Delay-insensitive,2,3.5
577500,ZtliqqWQ6huwwBoA7bEFt79+n9SA4jBixtBzpWNbxDSmFov9BptLtgHwEN7fwiCy,0.4684319999999999,1.5277040000000002,3.485917,0,2591700,7.197289,Delay-insensitive,2,3.5
577800,ZtliqqWQ6huwwBoA7bEFt79+n9SA4jBixtBzpWNbxDSmFov9BptLtgHwEN7fwiCy,0.568621,1.3262459999999998,2.557755,0,2591700,7.197289,Delay-insensitive,2,3.5
578100,ZtliqqWQ6huwwBoA7bEFt79+n9SA4jBixtBzpWNbxDSmFov9BptLtgHwEN7fwiCy,0.516319,1.361158,2.441594,0,2591700,7.197289,Delay-insensitive,2,3.5
578400,ZtliqqWQ6huwwBoA7bEFt79+n9SA4jBixtBzpWNbxDSmFov9BptLtgHwEN7fwiCy,0.521512,1.292173,2.300584,0,2591700,7.197289,Delay-insensitive,2,3.5
578700,ZtliqqWQ6huwwBoA7bEFt79+n9SA4jBixtBzpWNbxDSmFov9BptLtgHwEN7fwiCy,0.514283,1.372652,2.323338,0,2591700,7.197289,Delay-insensitive,2,3.5
579000,ZtliqqWQ6huwwBoA7bEFt79+n9SA4jBixtBzpWNbxDSmFov9BptLtgHwEN7fwiCy,0.502267,1.328643,2.294187,0,2591700,7.197289,Delay-insensitive,2,3.5
579300,ZtliqqWQ6huwwBoA7bEFt79+n9SA4jBixtBzpWNbxDSmFov9BptLtgHwEN7fwiCy,0.582713,1.388249,2.442502,0,2591700,7.197289,Delay-insensitive,2,3.5
579600,ZtliqqWQ6huwwBoA7bEFt79+n9SA4jBixtBzpWNbxDSmFov9BptLtgHwEN7fwiCy,0.46902,1.34766,2.800797,0,2591700,7.197289,Delay-insensitive,2,3.5
579900,ZtliqqWQ6huwwBoA7bEFt79+n9SA4jBixtBzpWNbxDSmFov9BptLtgHwEN7fwiCy,0.4689109999999999,1.617983,5.000208,0,2591700,7.197289,Delay-insensitive,2,3.5
580200,ZtliqqWQ6huwwBoA7bEFt79+n9SA4jBixtBzpWNbxDSmFov9BptLtgHwEN7fwiCy,0.5789340000000001,1.584358,5.423646,0,2591700,7.197289,Delay-insensitive,2,3.5
580500,ZtliqqWQ6huwwBoA7bEFt79+n9SA4jBixtBzpWNbxDSmFov9BptLtgHwEN7fwiCy,0.604457,1.451191,2.623251,0,2591700,7.197289,Delay-insensitive,2,3.5
580800,ZtliqqWQ6huwwBoA7bEFt79+n9SA4jBixtBzpWNbxDSmFov9BptLtgHwEN7fwiCy,0.587448,1.328724,2.370012,0,2591700,7.197289,Delay-insensitive,2,3.5
581100,ZtliqqWQ6huwwBoA7bEFt79+n9SA4jBixtBzpWNbxDSmFov9BptLtgHwEN7fwiCy,0.557269,1.312106,2.610919,0,2591700,7.197289,Delay-insensitive,2,3.5
581400,ZtliqqWQ6huwwBoA7bEFt79+n9SA4jBixtBzpWNbxDSmFov9BptLtgHwEN7fwiCy,0.479646,1.337475,2.16021,0,2591700,7.197289,Delay-insensitive,2,3.5
581700,ZtliqqWQ6huwwBoA7bEFt79+n9SA4jBixtBzpWNbxDSmFov9BptLtgHwEN7fwiCy,0.517554,1.314445,2.080251,0,2591700,7.197289,Delay-insensitive,2,3.5
582000,ZtliqqWQ6huwwBoA7bEFt79+n9SA4jBixtBzpWNbxDSmFov9BptLtgHwEN7fwiCy,0.575257,1.374104,2.644139,0,2591700,7.197289,Delay-insensitive,2,3.5
582300,ZtliqqWQ6huwwBoA7bEFt79+n9SA4jBixtBzpWNbxDSmFov9BptLtgHwEN7fwiCy,0.51208,1.308086,2.348271,0,2591700,7.197289,Delay-insensitive,2,3.5
582600,ZtliqqWQ6huwwBoA7bEFt79+n9SA4jBixtBzpWNbxDSmFov9BptLtgHwEN7fwiCy,0.5054770000000001,1.367611,2.643011,0,2591700,7.197289,Delay-insensitive,2,3.5
582900,ZtliqqWQ6huwwBoA7bEFt79+n9SA4jBixtBzpWNbxDSmFov9BptLtgHwEN7fwiCy,0.545721,1.320415,2.4749830000000004,0,2591700,7.197289,Delay-insensitive,2,3.5
583200,ZtliqqWQ6huwwBoA7bEFt79+n9SA4jBixtBzpWNbxDSmFov9BptLtgHwEN7fwiCy,0.369601,1.338626,2.725343,0,2591700,7.197289,Delay-insensitive,2,3.5
583500,ZtliqqWQ6huwwBoA7bEFt79+n9SA4jBixtBzpWNbxDSmFov9BptLtgHwEN7fwiCy,0.6376930000000001,1.730398,5.606393,0,2591700,7.197289,Delay-insensitive,2,3.5
583800,ZtliqqWQ6huwwBoA7bEFt79+n9SA4jBixtBzpWNbxDSmFov9BptLtgHwEN7fwiCy,0.355034,1.314827,2.340923,0,2591700,7.197289,Delay-insensitive,2,3.5
584100,ZtliqqWQ6huwwBoA7bEFt79+n9SA4jBixtBzpWNbxDSmFov9BptLtgHwEN7fwiCy,0.6168140000000001,5.339575,29.600693,0,2591700,7.197289,Delay-insensitive,2,3.5
584400,ZtliqqWQ6huwwBoA7bEFt79+n9SA4jBixtBzpWNbxDSmFov9BptLtgHwEN7fwiCy,0.420138,1.409767,2.531632,0,2591700,7.197289,Delay-insensitive,2,3.5
584700,ZtliqqWQ6huwwBoA7bEFt79+n9SA4jBixtBzpWNbxDSmFov9BptLtgHwEN7fwiCy,0.526054,1.36865,3.087284,0,2591700,7.197289,Delay-insensitive,2,3.5
585000,ZtliqqWQ6huwwBoA7bEFt79+n9SA4jBixtBzpWNbxDSmFov9BptLtgHwEN7fwiCy,0.394085,1.301802,2.818217,0,2591700,7.197289,Delay-insensitive,2,3.5
585300,ZtliqqWQ6huwwBoA7bEFt79+n9SA4jBixtBzpWNbxDSmFov9BptLtgHwEN7fwiCy,0.608931,1.424513,2.62901,0,2591700,7.197289,Delay-insensitive,2,3.5
585600,ZtliqqWQ6huwwBoA7bEFt79+n9SA4jBixtBzpWNbxDSmFov9BptLtgHwEN7fwiCy,0.512793,2.9568220000000003,26.893568,0,2591700,7.197289,Delay-insensitive,2,3.5
585900,ZtliqqWQ6huwwBoA7bEFt79+n9SA4jBixtBzpWNbxDSmFov9BptLtgHwEN7fwiCy,0.4077449999999999,1.312752,2.32097,0,2591700,7.197289,Delay-insensitive,2,3.5
586200,ZtliqqWQ6huwwBoA7bEFt79+n9SA4jBixtBzpWNbxDSmFov9BptLtgHwEN7fwiCy,0.690761,1.373126,2.4469990000000004,0,2591700,7.197289,Delay-insensitive,2,3.5
586500,ZtliqqWQ6huwwBoA7bEFt79+n9SA4jBixtBzpWNbxDSmFov9BptLtgHwEN7fwiCy,0.379304,1.311518,2.441706,0,2591700,7.197289,Delay-insensitive,2,3.5
586800,ZtliqqWQ6huwwBoA7bEFt79+n9SA4jBixtBzpWNbxDSmFov9BptLtgHwEN7fwiCy,0.504865,1.365859,2.8998150000000003,0,2591700,7.197289,Delay-insensitive,2,3.5
587100,ZtliqqWQ6huwwBoA7bEFt79+n9SA4jBixtBzpWNbxDSmFov9BptLtgHwEN7fwiCy,0.591084,1.300322,2.006723,0,2591700,7.197289,Delay-insensitive,2,3.5
587400,ZtliqqWQ6huwwBoA7bEFt79+n9SA4jBixtBzpWNbxDSmFov9BptLtgHwEN7fwiCy,0.58089,1.303852,2.133957,0,2591700,7.197289,Delay-insensitive,2,3.5
587700,ZtliqqWQ6huwwBoA7bEFt79+n9SA4jBixtBzpWNbxDSmFov9BptLtgHwEN7fwiCy,0.475951,1.414948,2.478757,0,2591700,7.197289,Delay-insensitive,2,3.5
588000,ZtliqqWQ6huwwBoA7bEFt79+n9SA4jBixtBzpWNbxDSmFov9BptLtgHwEN7fwiCy,0.480462,1.371513,2.400861,0,2591700,7.197289,Delay-insensitive,2,3.5
588300,ZtliqqWQ6huwwBoA7bEFt79+n9SA4jBixtBzpWNbxDSmFov9BptLtgHwEN7fwiCy,0.344805,1.302965,2.958544,0,2591700,7.197289,Delay-insensitive,2,3.5
588600,ZtliqqWQ6huwwBoA7bEFt79+n9SA4jBixtBzpWNbxDSmFov9BptLtgHwEN7fwiCy,0.502078,1.337199,2.110037,0,2591700,7.197289,Delay-insensitive,2,3.5
588900,ZtliqqWQ6huwwBoA7bEFt79+n9SA4jBixtBzpWNbxDSmFov9BptLtgHwEN7fwiCy,0.569788,1.3804379999999998,2.676503,0,2591700,7.197289,Delay-insensitive,2,3.5
589200,ZtliqqWQ6huwwBoA7bEFt79+n9SA4jBixtBzpWNbxDSmFov9BptLtgHwEN7fwiCy,0.5370510000000001,1.358945,2.135199,0,2591700,7.197289,Delay-insensitive,2,3.5
589500,ZtliqqWQ6huwwBoA7bEFt79+n9SA4jBixtBzpWNbxDSmFov9BptLtgHwEN7fwiCy,0.525591,1.287085,2.205619,0,2591700,7.197289,Delay-insensitive,2,3.5
589800,ZtliqqWQ6huwwBoA7bEFt79+n9SA4jBixtBzpWNbxDSmFov9BptLtgHwEN7fwiCy,0.518196,1.380521,2.257467,0,2591700,7.197289,Delay-insensitive,2,3.5
590100,ZtliqqWQ6huwwBoA7bEFt79+n9SA4jBixtBzpWNbxDSmFov9BptLtgHwEN7fwiCy,0.5008729999999999,1.422162,2.455254,0,2591700,7.197289,Delay-insensitive,2,3.5
590400,ZtliqqWQ6huwwBoA7bEFt79+n9SA4jBixtBzpWNbxDSmFov9BptLtgHwEN7fwiCy,0.5365310000000001,1.244632,2.306628,0,2591700,7.197289,Delay-insensitive,2,3.5
590700,ZtliqqWQ6huwwBoA7bEFt79+n9SA4jBixtBzpWNbxDSmFov9BptLtgHwEN7fwiCy,0.490517,1.744897,5.016280999999999,0,2591700,7.197289,Delay-insensitive,2,3.5
591000,ZtliqqWQ6huwwBoA7bEFt79+n9SA4jBixtBzpWNbxDSmFov9BptLtgHwEN7fwiCy,0.642405,1.308465,1.920116,0,2591700,7.197289,Delay-insensitive,2,3.5
591300,ZtliqqWQ6huwwBoA7bEFt79+n9SA4jBixtBzpWNbxDSmFov9BptLtgHwEN7fwiCy,0.355255,1.4063450000000002,2.346982,0,2591700,7.197289,Delay-insensitive,2,3.5
591600,ZtliqqWQ6huwwBoA7bEFt79+n9SA4jBixtBzpWNbxDSmFov9BptLtgHwEN7fwiCy,0.505717,1.354629,2.305948,0,2591700,7.197289,Delay-insensitive,2,3.5
591900,ZtliqqWQ6huwwBoA7bEFt79+n9SA4jBixtBzpWNbxDSmFov9BptLtgHwEN7fwiCy,0.313162,1.315243,2.391971,0,2591700,7.197289,Delay-insensitive,2,3.5
592200,ZtliqqWQ6huwwBoA7bEFt79+n9SA4jBixtBzpWNbxDSmFov9BptLtgHwEN7fwiCy,0.516019,1.33902,2.220691,0,2591700,7.197289,Delay-insensitive,2,3.5
592500,ZtliqqWQ6huwwBoA7bEFt79+n9SA4jBixtBzpWNbxDSmFov9BptLtgHwEN7fwiCy,0.458317,1.395322,2.923563,0,2591700,7.197289,Delay-insensitive,2,3.5
592800,ZtliqqWQ6huwwBoA7bEFt79+n9SA4jBixtBzpWNbxDSmFov9BptLtgHwEN7fwiCy,0.5934050000000001,1.381349,2.881897,0,2591700,7.197289,Delay-insensitive,2,3.5
593100,ZtliqqWQ6huwwBoA7bEFt79+n9SA4jBixtBzpWNbxDSmFov9BptLtgHwEN7fwiCy,0.270848,1.2194459999999998,2.930021,0,2591700,7.197289,Delay-insensitive,2,3.5
593400,ZtliqqWQ6huwwBoA7bEFt79+n9SA4jBixtBzpWNbxDSmFov9BptLtgHwEN7fwiCy,0.684751,1.3833030000000002,2.2440740000000003,0,2591700,7.197289,Delay-insensitive,2,3.5
593700,ZtliqqWQ6huwwBoA7bEFt79+n9SA4jBixtBzpWNbxDSmFov9BptLtgHwEN7fwiCy,0.272359,1.298722,2.232206,0,2591700,7.197289,Delay-insensitive,2,3.5
594000,ZtliqqWQ6huwwBoA7bEFt79+n9SA4jBixtBzpWNbxDSmFov9BptLtgHwEN7fwiCy,0.537724,1.349511,2.378933,0,2591700,7.197289,Delay-insensitive,2,3.5
594300,ZtliqqWQ6huwwBoA7bEFt79+n9SA4jBixtBzpWNbxDSmFov9BptLtgHwEN7fwiCy,0.5058,1.698943,5.169878,0,2591700,7.197289,Delay-insensitive,2,3.5
594600,ZtliqqWQ6huwwBoA7bEFt79+n9SA4jBixtBzpWNbxDSmFov9BptLtgHwEN7fwiCy,0.434587,1.320833,2.182922,0,2591700,7.197289,Delay-insensitive,2,3.5
594900,ZtliqqWQ6huwwBoA7bEFt79+n9SA4jBixtBzpWNbxDSmFov9BptLtgHwEN7fwiCy,0.5599649999999999,1.332776,2.391501,0,2591700,7.197289,Delay-insensitive,2,3.5
595200,ZtliqqWQ6huwwBoA7bEFt79+n9SA4jBixtBzpWNbxDSmFov9BptLtgHwEN7fwiCy,0.500073,1.346585,2.5221150000000003,0,2591700,7.197289,Delay-insensitive,2,3.5
595500,ZtliqqWQ6huwwBoA7bEFt79+n9SA4jBixtBzpWNbxDSmFov9BptLtgHwEN7fwiCy,0.58734,1.450253,2.852827,0,2591700,7.197289,Delay-insensitive,2,3.5
595800,ZtliqqWQ6huwwBoA7bEFt79+n9SA4jBixtBzpWNbxDSmFov9BptLtgHwEN7fwiCy,0.514443,1.316683,2.414887,0,2591700,7.197289,Delay-insensitive,2,3.5
596100,ZtliqqWQ6huwwBoA7bEFt79+n9SA4jBixtBzpWNbxDSmFov9BptLtgHwEN7fwiCy,0.549497,1.351058,2.595034,0,2591700,7.197289,Delay-insensitive,2,3.5
596400,ZtliqqWQ6huwwBoA7bEFt79+n9SA4jBixtBzpWNbxDSmFov9BptLtgHwEN7fwiCy,0.354595,1.304198,3.079339,0,2591700,7.197289,Delay-insensitive,2,3.5
596700,ZtliqqWQ6huwwBoA7bEFt79+n9SA4jBixtBzpWNbxDSmFov9BptLtgHwEN7fwiCy,0.467789,1.337538,2.517627,0,2591700,7.197289,Delay-insensitive,2,3.5
597000,ZtliqqWQ6huwwBoA7bEFt79+n9SA4jBixtBzpWNbxDSmFov9BptLtgHwEN7fwiCy,0.511919,1.377733,2.448316,0,2591700,7.197289,Delay-insensitive,2,3.5
597300,ZtliqqWQ6huwwBoA7bEFt79+n9SA4jBixtBzpWNbxDSmFov9BptLtgHwEN7fwiCy,0.296797,1.315673,2.434987,0,2591700,7.197289,Delay-insensitive,2,3.5
597600,ZtliqqWQ6huwwBoA7bEFt79+n9SA4jBixtBzpWNbxDSmFov9BptLtgHwEN7fwiCy,0.566077,1.491701,3.126187,0,2591700,7.197289,Delay-insensitive,2,3.5
597900,ZtliqqWQ6huwwBoA7bEFt79+n9SA4jBixtBzpWNbxDSmFov9BptLtgHwEN7fwiCy,0.343219,1.299074,2.511377,0,2591700,7.197289,Delay-insensitive,2,3.5
598200,ZtliqqWQ6huwwBoA7bEFt79+n9SA4jBixtBzpWNbxDSmFov9BptLtgHwEN7fwiCy,0.537211,1.286059,2.3891,0,2591700,7.197289,Delay-insensitive,2,3.5
598500,ZtliqqWQ6huwwBoA7bEFt79+n9SA4jBixtBzpWNbxDSmFov9BptLtgHwEN7fwiCy,0.405596,1.324824,2.412822,0,2591700,7.197289,Delay-insensitive,2,3.5
598800,ZtliqqWQ6huwwBoA7bEFt79+n9SA4jBixtBzpWNbxDSmFov9BptLtgHwEN7fwiCy,0.4971569999999999,1.355881,2.308395,0,2591700,7.197289,Delay-insensitive,2,3.5
599100,ZtliqqWQ6huwwBoA7bEFt79+n9SA4jBixtBzpWNbxDSmFov9BptLtgHwEN7fwiCy,0.56601,1.377298,2.610795,0,2591700,7.197289,Delay-insensitive,2,3.5
599400,ZtliqqWQ6huwwBoA7bEFt79+n9SA4jBixtBzpWNbxDSmFov9BptLtgHwEN7fwiCy,0.531301,1.328285,2.400702,0,2591700,7.197289,Delay-insensitive,2,3.5
599700,ZtliqqWQ6huwwBoA7bEFt79+n9SA4jBixtBzpWNbxDSmFov9BptLtgHwEN7fwiCy,0.51572,1.342325,2.666648,0,2591700,7.197289,Delay-insensitive,2,3.5
600000,ZtliqqWQ6huwwBoA7bEFt79+n9SA4jBixtBzpWNbxDSmFov9BptLtgHwEN7fwiCy,0.521887,1.28293,2.025323,0,2591700,7.197289,Delay-insensitive,2,3.5
600300,ZtliqqWQ6huwwBoA7bEFt79+n9SA4jBixtBzpWNbxDSmFov9BptLtgHwEN7fwiCy,0.478017,1.231923,1.839601,0,2591700,7.197289,Delay-insensitive,2,3.5
600600,ZtliqqWQ6huwwBoA7bEFt79+n9SA4jBixtBzpWNbxDSmFov9BptLtgHwEN7fwiCy,0.528637,1.324335,2.286803,0,2591700,7.197289,Delay-insensitive,2,3.5
600900,ZtliqqWQ6huwwBoA7bEFt79+n9SA4jBixtBzpWNbxDSmFov9BptLtgHwEN7fwiCy,0.5075350000000001,1.306535,2.904115,0,2591700,7.197289,Delay-insensitive,2,3.5
601200,ZtliqqWQ6huwwBoA7bEFt79+n9SA4jBixtBzpWNbxDSmFov9BptLtgHwEN7fwiCy,0.525274,1.22062,2.369356,0,2591700,7.197289,Delay-insensitive,2,3.5
601500,ZtliqqWQ6huwwBoA7bEFt79+n9SA4jBixtBzpWNbxDSmFov9BptLtgHwEN7fwiCy,0.480285,1.65999,4.964286,0,2591700,7.197289,Delay-insensitive,2,3.5
601800,ZtliqqWQ6huwwBoA7bEFt79+n9SA4jBixtBzpWNbxDSmFov9BptLtgHwEN7fwiCy,0.366234,1.328354,2.318546,0,2591700,7.197289,Delay-insensitive,2,3.5
602100,ZtliqqWQ6huwwBoA7bEFt79+n9SA4jBixtBzpWNbxDSmFov9BptLtgHwEN7fwiCy,0.519062,1.37294,2.120278,0,2591700,7.197289,Delay-insensitive,2,3.5
602400,ZtliqqWQ6huwwBoA7bEFt79+n9SA4jBixtBzpWNbxDSmFov9BptLtgHwEN7fwiCy,0.489789,1.315303,2.427191,0,2591700,7.197289,Delay-insensitive,2,3.5
602700,ZtliqqWQ6huwwBoA7bEFt79+n9SA4jBixtBzpWNbxDSmFov9BptLtgHwEN7fwiCy,0.505361,1.29994,2.8692450000000003,0,2591700,7.197289,Delay-insensitive,2,3.5
603000,ZtliqqWQ6huwwBoA7bEFt79+n9SA4jBixtBzpWNbxDSmFov9BptLtgHwEN7fwiCy,0.483077,2.35688,11.72035,0,2591700,7.197289,Delay-insensitive,2,3.5
603300,ZtliqqWQ6huwwBoA7bEFt79+n9SA4jBixtBzpWNbxDSmFov9BptLtgHwEN7fwiCy,0.3528489999999999,1.278557,2.015817,0,2591700,7.197289,Delay-insensitive,2,3.5
603600,ZtliqqWQ6huwwBoA7bEFt79+n9SA4jBixtBzpWNbxDSmFov9BptLtgHwEN7fwiCy,0.603891,1.358058,2.018676,0,2591700,7.197289,Delay-insensitive,2,3.5
603900,ZtliqqWQ6huwwBoA7bEFt79+n9SA4jBixtBzpWNbxDSmFov9BptLtgHwEN7fwiCy,0.347289,1.223932,1.848071,0,2591700,7.197289,Delay-insensitive,2,3.5
604200,ZtliqqWQ6huwwBoA7bEFt79+n9SA4jBixtBzpWNbxDSmFov9BptLtgHwEN7fwiCy,0.558437,1.360296,2.7126360000000003,0,2591700,7.197289,Delay-insensitive,2,3.5
604500,ZtliqqWQ6huwwBoA7bEFt79+n9SA4jBixtBzpWNbxDSmFov9BptLtgHwEN7fwiCy,0.398051,1.342281,2.841324,0,2591700,7.197289,Delay-insensitive,2,3.5
604800,ZtliqqWQ6huwwBoA7bEFt79+n9SA4jBixtBzpWNbxDSmFov9BptLtgHwEN7fwiCy,0.499055,1.290627,2.188813,0,2591700,7.197289,Delay-insensitive,2,3.5
605100,ZtliqqWQ6huwwBoA7bEFt79+n9SA4jBixtBzpWNbxDSmFov9BptLtgHwEN7fwiCy,0.508045,1.657752,5.50251,0,2591700,7.197289,Delay-insensitive,2,3.5
605400,ZtliqqWQ6huwwBoA7bEFt79+n9SA4jBixtBzpWNbxDSmFov9BptLtgHwEN7fwiCy,0.40531,1.2824,2.057717,0,2591700,7.197289,Delay-insensitive,2,3.5
605700,ZtliqqWQ6huwwBoA7bEFt79+n9SA4jBixtBzpWNbxDSmFov9BptLtgHwEN7fwiCy,0.477099,1.337074,2.505714,0,2591700,7.197289,Delay-insensitive,2,3.5
606000,ZtliqqWQ6huwwBoA7bEFt79+n9SA4jBixtBzpWNbxDSmFov9BptLtgHwEN7fwiCy,0.409592,1.304502,2.310021,0,2591700,7.197289,Delay-insensitive,2,3.5
606300,ZtliqqWQ6huwwBoA7bEFt79+n9SA4jBixtBzpWNbxDSmFov9BptLtgHwEN7fwiCy,0.5931890000000001,1.329394,2.232829,0,2591700,7.197289,Delay-insensitive,2,3.5
606600,ZtliqqWQ6huwwBoA7bEFt79+n9SA4jBixtBzpWNbxDSmFov9BptLtgHwEN7fwiCy,0.60746,1.295388,2.304794,0,2591700,7.197289,Delay-insensitive,2,3.5
606900,ZtliqqWQ6huwwBoA7bEFt79+n9SA4jBixtBzpWNbxDSmFov9BptLtgHwEN7fwiCy,0.533522,1.302447,2.404012,0,2591700,7.197289,Delay-insensitive,2,3.5
607200,ZtliqqWQ6huwwBoA7bEFt79+n9SA4jBixtBzpWNbxDSmFov9BptLtgHwEN7fwiCy,0.387087,1.241708,1.974976,0,2591700,7.197289,Delay-insensitive,2,3.5
607500,ZtliqqWQ6huwwBoA7bEFt79+n9SA4jBixtBzpWNbxDSmFov9BptLtgHwEN7fwiCy,0.510246,1.287391,2.3513900000000003,0,2591700,7.197289,Delay-insensitive,2,3.5
607800,ZtliqqWQ6huwwBoA7bEFt79+n9SA4jBixtBzpWNbxDSmFov9BptLtgHwEN7fwiCy,0.533562,1.270702,1.894898,0,2591700,7.197289,Delay-insensitive,2,3.5
608100,ZtliqqWQ6huwwBoA7bEFt79+n9SA4jBixtBzpWNbxDSmFov9BptLtgHwEN7fwiCy,0.552992,1.316179,2.566636,0,2591700,7.197289,Delay-insensitive,2,3.5
608400,ZtliqqWQ6huwwBoA7bEFt79+n9SA4jBixtBzpWNbxDSmFov9BptLtgHwEN7fwiCy,0.5006970000000001,1.282686,2.46877,0,2591700,7.197289,Delay-insensitive,2,3.5
608700,ZtliqqWQ6huwwBoA7bEFt79+n9SA4jBixtBzpWNbxDSmFov9BptLtgHwEN7fwiCy,0.366094,2.013935,8.281297,0,2591700,7.197289,Delay-insensitive,2,3.5
609000,ZtliqqWQ6huwwBoA7bEFt79+n9SA4jBixtBzpWNbxDSmFov9BptLtgHwEN7fwiCy,0.553094,1.408439,2.403894,0,2591700,7.197289,Delay-insensitive,2,3.5
609300,ZtliqqWQ6huwwBoA7bEFt79+n9SA4jBixtBzpWNbxDSmFov9BptLtgHwEN7fwiCy,0.5040789999999999,1.213069,1.846052,0,2591700,7.197289,Delay-insensitive,2,3.5
609600,ZtliqqWQ6huwwBoA7bEFt79+n9SA4jBixtBzpWNbxDSmFov9BptLtgHwEN7fwiCy,0.497296,1.357161,2.485511,0,2591700,7.197289,Delay-insensitive,2,3.5
609900,ZtliqqWQ6huwwBoA7bEFt79+n9SA4jBixtBzpWNbxDSmFov9BptLtgHwEN7fwiCy,0.5216609999999999,1.290615,2.033643,0,2591700,7.197289,Delay-insensitive,2,3.5
610200,ZtliqqWQ6huwwBoA7bEFt79+n9SA4jBixtBzpWNbxDSmFov9BptLtgHwEN7fwiCy,0.352154,1.311338,2.7050110000000003,0,2591700,7.197289,Delay-insensitive,2,3.5
610500,ZtliqqWQ6huwwBoA7bEFt79+n9SA4jBixtBzpWNbxDSmFov9BptLtgHwEN7fwiCy,0.557712,1.305532,2.06622,0,2591700,7.197289,Delay-insensitive,2,3.5
610800,ZtliqqWQ6huwwBoA7bEFt79+n9SA4jBixtBzpWNbxDSmFov9BptLtgHwEN7fwiCy,0.378631,1.199828,1.879147,0,2591700,7.197289,Delay-insensitive,2,3.5
611100,ZtliqqWQ6huwwBoA7bEFt79+n9SA4jBixtBzpWNbxDSmFov9BptLtgHwEN7fwiCy,0.497239,1.287991,1.835634,0,2591700,7.197289,Delay-insensitive,2,3.5
611400,ZtliqqWQ6huwwBoA7bEFt79+n9SA4jBixtBzpWNbxDSmFov9BptLtgHwEN7fwiCy,0.482038,1.243081,2.020074,0,2591700,7.197289,Delay-insensitive,2,3.5
611700,ZtliqqWQ6huwwBoA7bEFt79+n9SA4jBixtBzpWNbxDSmFov9BptLtgHwEN7fwiCy,0.5055430000000001,1.392449,2.586994,0,2591700,7.197289,Delay-insensitive,2,3.5
612000,ZtliqqWQ6huwwBoA7bEFt79+n9SA4jBixtBzpWNbxDSmFov9BptLtgHwEN7fwiCy,0.526605,1.253749,2.676161,0,2591700,7.197289,Delay-insensitive,2,3.5
612300,ZtliqqWQ6huwwBoA7bEFt79+n9SA4jBixtBzpWNbxDSmFov9BptLtgHwEN7fwiCy,0.501487,1.6669509999999998,5.727059,0,2591700,7.197289,Delay-insensitive,2,3.5
612600,ZtliqqWQ6huwwBoA7bEFt79+n9SA4jBixtBzpWNbxDSmFov9BptLtgHwEN7fwiCy,0.431183,1.229,1.841293,0,2591700,7.197289,Delay-insensitive,2,3.5
612900,ZtliqqWQ6huwwBoA7bEFt79+n9SA4jBixtBzpWNbxDSmFov9BptLtgHwEN7fwiCy,0.351027,5.159362000000001,29.407217,0,2591700,7.197289,Delay-insensitive,2,3.5
613200,ZtliqqWQ6huwwBoA7bEFt79+n9SA4jBixtBzpWNbxDSmFov9BptLtgHwEN7fwiCy,0.57023,1.393881,2.22503,0,2591700,7.197289,Delay-insensitive,2,3.5
613500,ZtliqqWQ6huwwBoA7bEFt79+n9SA4jBixtBzpWNbxDSmFov9BptLtgHwEN7fwiCy,0.589212,1.343634,2.585468,0,2591700,7.197289,Delay-insensitive,2,3.5
613800,ZtliqqWQ6huwwBoA7bEFt79+n9SA4jBixtBzpWNbxDSmFov9BptLtgHwEN7fwiCy,0.572847,1.395039,2.136039,0,2591700,7.197289,Delay-insensitive,2,3.5
614100,ZtliqqWQ6huwwBoA7bEFt79+n9SA4jBixtBzpWNbxDSmFov9BptLtgHwEN7fwiCy,0.2995489999999999,1.232499,1.949381,0,2591700,7.197289,Delay-insensitive,2,3.5
614400,ZtliqqWQ6huwwBoA7bEFt79+n9SA4jBixtBzpWNbxDSmFov9BptLtgHwEN7fwiCy,0.533552,1.3483,2.5215650000000003,0,2591700,7.197289,Delay-insensitive,2,3.5
614700,ZtliqqWQ6huwwBoA7bEFt79+n9SA4jBixtBzpWNbxDSmFov9BptLtgHwEN7fwiCy,0.32579,1.29601,2.408517,0,2591700,7.197289,Delay-insensitive,2,3.5
615000,ZtliqqWQ6huwwBoA7bEFt79+n9SA4jBixtBzpWNbxDSmFov9BptLtgHwEN7fwiCy,0.582412,1.32591,2.015569,0,2591700,7.197289,Delay-insensitive,2,3.5
615300,ZtliqqWQ6huwwBoA7bEFt79+n9SA4jBixtBzpWNbxDSmFov9BptLtgHwEN7fwiCy,0.390082,1.268373,2.164894,0,2591700,7.197289,Delay-insensitive,2,3.5
615600,ZtliqqWQ6huwwBoA7bEFt79+n9SA4jBixtBzpWNbxDSmFov9BptLtgHwEN7fwiCy,0.4627739999999999,1.322075,2.923435,0,2591700,7.197289,Delay-insensitive,2,3.5
615900,ZtliqqWQ6huwwBoA7bEFt79+n9SA4jBixtBzpWNbxDSmFov9BptLtgHwEN7fwiCy,0.631283,1.66293,5.081448,0,2591700,7.197289,Delay-insensitive,2,3.5
616200,ZtliqqWQ6huwwBoA7bEFt79+n9SA4jBixtBzpWNbxDSmFov9BptLtgHwEN7fwiCy,0.362223,1.265425,2.269698,0,2591700,7.197289,Delay-insensitive,2,3.5
616500,ZtliqqWQ6huwwBoA7bEFt79+n9SA4jBixtBzpWNbxDSmFov9BptLtgHwEN7fwiCy,0.603431,1.3368790000000002,2.423582,0,2591700,7.197289,Delay-insensitive,2,3.5
616800,ZtliqqWQ6huwwBoA7bEFt79+n9SA4jBixtBzpWNbxDSmFov9BptLtgHwEN7fwiCy,0.325029,1.32003,3.009736,0,2591700,7.197289,Delay-insensitive,2,3.5
617100,ZtliqqWQ6huwwBoA7bEFt79+n9SA4jBixtBzpWNbxDSmFov9BptLtgHwEN7fwiCy,0.497579,1.261693,2.25745,0,2591700,7.197289,Delay-insensitive,2,3.5
617400,ZtliqqWQ6huwwBoA7bEFt79+n9SA4jBixtBzpWNbxDSmFov9BptLtgHwEN7fwiCy,0.4954189999999999,1.302333,2.359537,0,2591700,7.197289,Delay-insensitive,2,3.5
617700,ZtliqqWQ6huwwBoA7bEFt79+n9SA4jBixtBzpWNbxDSmFov9BptLtgHwEN7fwiCy,0.467562,1.296082,2.242615,0,2591700,7.197289,Delay-insensitive,2,3.5
618000,ZtliqqWQ6huwwBoA7bEFt79+n9SA4jBixtBzpWNbxDSmFov9BptLtgHwEN7fwiCy,0.277382,1.307926,2.518121,0,2591700,7.197289,Delay-insensitive,2,3.5
618300,ZtliqqWQ6huwwBoA7bEFt79+n9SA4jBixtBzpWNbxDSmFov9BptLtgHwEN7fwiCy,0.47925,1.330098,2.188091,0,2591700,7.197289,Delay-insensitive,2,3.5
618600,ZtliqqWQ6huwwBoA7bEFt79+n9SA4jBixtBzpWNbxDSmFov9BptLtgHwEN7fwiCy,0.6108180000000001,1.328334,1.944852,0,2591700,7.197289,Delay-insensitive,2,3.5
618900,ZtliqqWQ6huwwBoA7bEFt79+n9SA4jBixtBzpWNbxDSmFov9BptLtgHwEN7fwiCy,0.369612,1.188485,2.15489,0,2591700,7.197289,Delay-insensitive,2,3.5
619200,ZtliqqWQ6huwwBoA7bEFt79+n9SA4jBixtBzpWNbxDSmFov9BptLtgHwEN7fwiCy,0.56237,1.301941,2.459912,0,2591700,7.197289,Delay-insensitive,2,3.5
619500,ZtliqqWQ6huwwBoA7bEFt79+n9SA4jBixtBzpWNbxDSmFov9BptLtgHwEN7fwiCy,0.511778,1.605781,5.022916,0,2591700,7.197289,Delay-insensitive,2,3.5
619800,ZtliqqWQ6huwwBoA7bEFt79+n9SA4jBixtBzpWNbxDSmFov9BptLtgHwEN7fwiCy,0.520904,1.248487,1.930557,0,2591700,7.197289,Delay-insensitive,2,3.5
620100,ZtliqqWQ6huwwBoA7bEFt79+n9SA4jBixtBzpWNbxDSmFov9BptLtgHwEN7fwiCy,0.263125,1.245999,1.865751,0,2591700,7.197289,Delay-insensitive,2,3.5
620400,ZtliqqWQ6huwwBoA7bEFt79+n9SA4jBixtBzpWNbxDSmFov9BptLtgHwEN7fwiCy,0.503991,1.329874,2.857471,0,2591700,7.197289,Delay-insensitive,2,3.5
620700,ZtliqqWQ6huwwBoA7bEFt79+n9SA4jBixtBzpWNbxDSmFov9BptLtgHwEN7fwiCy,0.479889,1.320023,2.656932,0,2591700,7.197289,Delay-insensitive,2,3.5
621000,ZtliqqWQ6huwwBoA7bEFt79+n9SA4jBixtBzpWNbxDSmFov9BptLtgHwEN7fwiCy,0.492774,1.326411,2.353288,0,2591700,7.197289,Delay-insensitive,2,3.5
621300,ZtliqqWQ6huwwBoA7bEFt79+n9SA4jBixtBzpWNbxDSmFov9BptLtgHwEN7fwiCy,0.51244,1.334093,2.650937,0,2591700,7.197289,Delay-insensitive,2,3.5
621600,ZtliqqWQ6huwwBoA7bEFt79+n9SA4jBixtBzpWNbxDSmFov9BptLtgHwEN7fwiCy,0.479966,1.3625459999999998,2.659366,0,2591700,7.197289,Delay-insensitive,2,3.5
621900,ZtliqqWQ6huwwBoA7bEFt79+n9SA4jBixtBzpWNbxDSmFov9BptLtgHwEN7fwiCy,0.493917,1.327192,2.625,0,2591700,7.197289,Delay-insensitive,2,3.5
622200,ZtliqqWQ6huwwBoA7bEFt79+n9SA4jBixtBzpWNbxDSmFov9BptLtgHwEN7fwiCy,0.489594,1.446083,2.647214,0,2591700,7.197289,Delay-insensitive,2,3.5
622500,ZtliqqWQ6huwwBoA7bEFt79+n9SA4jBixtBzpWNbxDSmFov9BptLtgHwEN7fwiCy,0.558242,1.2339870000000002,1.8595,0,2591700,7.197289,Delay-insensitive,2,3.5
622800,ZtliqqWQ6huwwBoA7bEFt79+n9SA4jBixtBzpWNbxDSmFov9BptLtgHwEN7fwiCy,0.557104,1.285354,2.692869,0,2591700,7.197289,Delay-insensitive,2,3.5
623100,ZtliqqWQ6huwwBoA7bEFt79+n9SA4jBixtBzpWNbxDSmFov9BptLtgHwEN7fwiCy,0.553786,1.694235,5.317101,0,2591700,7.197289,Delay-insensitive,2,3.5
623400,ZtliqqWQ6huwwBoA7bEFt79+n9SA4jBixtBzpWNbxDSmFov9BptLtgHwEN7fwiCy,0.524096,1.350298,2.866726,0,2591700,7.197289,Delay-insensitive,2,3.5
623700,ZtliqqWQ6huwwBoA7bEFt79+n9SA4jBixtBzpWNbxDSmFov9BptLtgHwEN7fwiCy,0.477649,1.327738,2.493894,0,2591700,7.197289,Delay-insensitive,2,3.5
624000,ZtliqqWQ6huwwBoA7bEFt79+n9SA4jBixtBzpWNbxDSmFov9BptLtgHwEN7fwiCy,0.5160140000000001,1.299342,2.209125,0,2591700,7.197289,Delay-insensitive,2,3.5
624300,ZtliqqWQ6huwwBoA7bEFt79+n9SA4jBixtBzpWNbxDSmFov9BptLtgHwEN7fwiCy,0.285004,1.291195,2.262118,0,2591700,7.197289,Delay-insensitive,2,3.5
624600,ZtliqqWQ6huwwBoA7bEFt79+n9SA4jBixtBzpWNbxDSmFov9BptLtgHwEN7fwiCy,0.4737909999999999,1.341124,2.630663,0,2591700,7.197289,Delay-insensitive,2,3.5
624900,ZtliqqWQ6huwwBoA7bEFt79+n9SA4jBixtBzpWNbxDSmFov9BptLtgHwEN7fwiCy,0.5184270000000001,1.439609,3.172942,0,2591700,7.197289,Delay-insensitive,2,3.5
625200,ZtliqqWQ6huwwBoA7bEFt79+n9SA4jBixtBzpWNbxDSmFov9BptLtgHwEN7fwiCy,0.484365,1.388186,2.548033,0,2591700,7.197289,Delay-insensitive,2,3.5
625500,ZtliqqWQ6huwwBoA7bEFt79+n9SA4jBixtBzpWNbxDSmFov9BptLtgHwEN7fwiCy,0.516312,1.288539,2.440757,0,2591700,7.197289,Delay-insensitive,2,3.5
625800,ZtliqqWQ6huwwBoA7bEFt79+n9SA4jBixtBzpWNbxDSmFov9BptLtgHwEN7fwiCy,0.656628,1.362945,2.359927,0,2591700,7.197289,Delay-insensitive,2,3.5
626100,ZtliqqWQ6huwwBoA7bEFt79+n9SA4jBixtBzpWNbxDSmFov9BptLtgHwEN7fwiCy,0.363719,1.180818,1.856888,0,2591700,7.197289,Delay-insensitive,2,3.5
626400,ZtliqqWQ6huwwBoA7bEFt79+n9SA4jBixtBzpWNbxDSmFov9BptLtgHwEN7fwiCy,0.546675,1.366561,2.728304,0,2591700,7.197289,Delay-insensitive,2,3.5
626700,ZtliqqWQ6huwwBoA7bEFt79+n9SA4jBixtBzpWNbxDSmFov9BptLtgHwEN7fwiCy,0.515853,1.587458,4.915228,0,2591700,7.197289,Delay-insensitive,2,3.5
627000,ZtliqqWQ6huwwBoA7bEFt79+n9SA4jBixtBzpWNbxDSmFov9BptLtgHwEN7fwiCy,0.478896,1.327095,2.202318,0,2591700,7.197289,Delay-insensitive,2,3.5
627300,ZtliqqWQ6huwwBoA7bEFt79+n9SA4jBixtBzpWNbxDSmFov9BptLtgHwEN7fwiCy,0.652884,1.37762,2.139976,0,2591700,7.197289,Delay-insensitive,2,3.5
627600,ZtliqqWQ6huwwBoA7bEFt79+n9SA4jBixtBzpWNbxDSmFov9BptLtgHwEN7fwiCy,0.523469,1.313197,2.783139,0,2591700,7.197289,Delay-insensitive,2,3.5
627900,ZtliqqWQ6huwwBoA7bEFt79+n9SA4jBixtBzpWNbxDSmFov9BptLtgHwEN7fwiCy,0.4988829999999999,1.32287,2.522994,0,2591700,7.197289,Delay-insensitive,2,3.5
628200,ZtliqqWQ6huwwBoA7bEFt79+n9SA4jBixtBzpWNbxDSmFov9BptLtgHwEN7fwiCy,0.521274,1.216023,2.030545,0,2591700,7.197289,Delay-insensitive,2,3.5
628500,ZtliqqWQ6huwwBoA7bEFt79+n9SA4jBixtBzpWNbxDSmFov9BptLtgHwEN7fwiCy,0.554841,1.338786,2.50195,0,2591700,7.197289,Delay-insensitive,2,3.5
628800,ZtliqqWQ6huwwBoA7bEFt79+n9SA4jBixtBzpWNbxDSmFov9BptLtgHwEN7fwiCy,0.5451600000000001,1.294687,2.356392,0,2591700,7.197289,Delay-insensitive,2,3.5
629100,ZtliqqWQ6huwwBoA7bEFt79+n9SA4jBixtBzpWNbxDSmFov9BptLtgHwEN7fwiCy,0.5023350000000001,1.288188,2.141999,0,2591700,7.197289,Delay-insensitive,2,3.5
629400,ZtliqqWQ6huwwBoA7bEFt79+n9SA4jBixtBzpWNbxDSmFov9BptLtgHwEN7fwiCy,0.509821,1.409916,2.550579,0,2591700,7.197289,Delay-insensitive,2,3.5
629700,ZtliqqWQ6huwwBoA7bEFt79+n9SA4jBixtBzpWNbxDSmFov9BptLtgHwEN7fwiCy,0.49215,1.205867,2.208322,0,2591700,7.197289,Delay-insensitive,2,3.5
630000,ZtliqqWQ6huwwBoA7bEFt79+n9SA4jBixtBzpWNbxDSmFov9BptLtgHwEN7fwiCy,0.599104,1.405081,2.660139,0,2591700,7.197289,Delay-insensitive,2,3.5
630300,ZtliqqWQ6huwwBoA7bEFt79+n9SA4jBixtBzpWNbxDSmFov9BptLtgHwEN7fwiCy,0.5464140000000001,1.286278,2.130692,0,2591700,7.197289,Delay-insensitive,2,3.5
630600,ZtliqqWQ6huwwBoA7bEFt79+n9SA4jBixtBzpWNbxDSmFov9BptLtgHwEN7fwiCy,0.59411,1.280055,1.963912,0,2591700,7.197289,Delay-insensitive,2,3.5
630900,ZtliqqWQ6huwwBoA7bEFt79+n9SA4jBixtBzpWNbxDSmFov9BptLtgHwEN7fwiCy,0.289065,1.173151,1.821665,0,2591700,7.197289,Delay-insensitive,2,3.5
631200,ZtliqqWQ6huwwBoA7bEFt79+n9SA4jBixtBzpWNbxDSmFov9BptLtgHwEN7fwiCy,0.591254,1.301526,1.973965,0,2591700,7.197289,Delay-insensitive,2,3.5
631500,ZtliqqWQ6huwwBoA7bEFt79+n9SA4jBixtBzpWNbxDSmFov9BptLtgHwEN7fwiCy,0.526854,1.47979,3.191396,0,2591700,7.197289,Delay-insensitive,2,3.5
631800,ZtliqqWQ6huwwBoA7bEFt79+n9SA4jBixtBzpWNbxDSmFov9BptLtgHwEN7fwiCy,0.5227689999999999,1.299367,2.925779,0,2591700,7.197289,Delay-insensitive,2,3.5
632100,ZtliqqWQ6huwwBoA7bEFt79+n9SA4jBixtBzpWNbxDSmFov9BptLtgHwEN7fwiCy,0.516195,1.403452,2.505876,0,2591700,7.197289,Delay-insensitive,2,3.5
632400,ZtliqqWQ6huwwBoA7bEFt79+n9SA4jBixtBzpWNbxDSmFov9BptLtgHwEN7fwiCy,0.396113,1.2630629999999998,2.146178,0,2591700,7.197289,Delay-insensitive,2,3.5
632700,ZtliqqWQ6huwwBoA7bEFt79+n9SA4jBixtBzpWNbxDSmFov9BptLtgHwEN7fwiCy,0.556127,1.3931559999999998,2.674359,0,2591700,7.197289,Delay-insensitive,2,3.5
633000,ZtliqqWQ6huwwBoA7bEFt79+n9SA4jBixtBzpWNbxDSmFov9BptLtgHwEN7fwiCy,0.5766979999999999,1.275766,2.302446,0,2591700,7.197289,Delay-insensitive,2,3.5
633300,ZtliqqWQ6huwwBoA7bEFt79+n9SA4jBixtBzpWNbxDSmFov9BptLtgHwEN7fwiCy,0.5625319999999999,1.343689,2.388737,0,2591700,7.197289,Delay-insensitive,2,3.5
633600,ZtliqqWQ6huwwBoA7bEFt79+n9SA4jBixtBzpWNbxDSmFov9BptLtgHwEN7fwiCy,0.508559,2.616304,23.310452,0,2591700,7.197289,Delay-insensitive,2,3.5
633900,ZtliqqWQ6huwwBoA7bEFt79+n9SA4jBixtBzpWNbxDSmFov9BptLtgHwEN7fwiCy,0.521404,1.617185,4.650187,0,2591700,7.197289,Delay-insensitive,2,3.5
634200,ZtliqqWQ6huwwBoA7bEFt79+n9SA4jBixtBzpWNbxDSmFov9BptLtgHwEN7fwiCy,0.529813,1.773728,6.093514,0,2591700,7.197289,Delay-insensitive,2,3.5
634500,ZtliqqWQ6huwwBoA7bEFt79+n9SA4jBixtBzpWNbxDSmFov9BptLtgHwEN7fwiCy,0.2305719999999999,1.24567,2.041435,0,2591700,7.197289,Delay-insensitive,2,3.5
634800,ZtliqqWQ6huwwBoA7bEFt79+n9SA4jBixtBzpWNbxDSmFov9BptLtgHwEN7fwiCy,0.521209,1.357882,2.335557,0,2591700,7.197289,Delay-insensitive,2,3.5
635100,ZtliqqWQ6huwwBoA7bEFt79+n9SA4jBixtBzpWNbxDSmFov9BptLtgHwEN7fwiCy,0.251386,1.182632,1.992608,0,2591700,7.197289,Delay-insensitive,2,3.5
635400,ZtliqqWQ6huwwBoA7bEFt79+n9SA4jBixtBzpWNbxDSmFov9BptLtgHwEN7fwiCy,0.6296069999999999,1.33378,2.707903,0,2591700,7.197289,Delay-insensitive,2,3.5
635700,ZtliqqWQ6huwwBoA7bEFt79+n9SA4jBixtBzpWNbxDSmFov9BptLtgHwEN7fwiCy,0.597493,1.242438,2.53046,0,2591700,7.197289,Delay-insensitive,2,3.5
636000,ZtliqqWQ6huwwBoA7bEFt79+n9SA4jBixtBzpWNbxDSmFov9BptLtgHwEN7fwiCy,0.509488,1.294338,2.408444,0,2591700,7.197289,Delay-insensitive,2,3.5
636300,ZtliqqWQ6huwwBoA7bEFt79+n9SA4jBixtBzpWNbxDSmFov9BptLtgHwEN7fwiCy,0.237035,1.251531,2.149407,0,2591700,7.197289,Delay-insensitive,2,3.5
636600,ZtliqqWQ6huwwBoA7bEFt79+n9SA4jBixtBzpWNbxDSmFov9BptLtgHwEN7fwiCy,0.578063,1.295945,2.451205,0,2591700,7.197289,Delay-insensitive,2,3.5
636900,ZtliqqWQ6huwwBoA7bEFt79+n9SA4jBixtBzpWNbxDSmFov9BptLtgHwEN7fwiCy,0.473227,1.919423,6.795335000000001,0,2591700,7.197289,Delay-insensitive,2,3.5
637200,ZtliqqWQ6huwwBoA7bEFt79+n9SA4jBixtBzpWNbxDSmFov9BptLtgHwEN7fwiCy,0.5308649999999999,1.264161,2.2972740000000003,0,2591700,7.197289,Delay-insensitive,2,3.5
637500,ZtliqqWQ6huwwBoA7bEFt79+n9SA4jBixtBzpWNbxDSmFov9BptLtgHwEN7fwiCy,0.58167,1.638371,7.373213000000001,0,2591700,7.197289,Delay-insensitive,2,3.5
637800,ZtliqqWQ6huwwBoA7bEFt79+n9SA4jBixtBzpWNbxDSmFov9BptLtgHwEN7fwiCy,0.33318,1.3132629999999998,2.518949,0,2591700,7.197289,Delay-insensitive,2,3.5
638100,ZtliqqWQ6huwwBoA7bEFt79+n9SA4jBixtBzpWNbxDSmFov9BptLtgHwEN7fwiCy,0.5035270000000001,1.355961,2.502439,0,2591700,7.197289,Delay-insensitive,2,3.5
638400,ZtliqqWQ6huwwBoA7bEFt79+n9SA4jBixtBzpWNbxDSmFov9BptLtgHwEN7fwiCy,0.370872,1.237563,2.200669,0,2591700,7.197289,Delay-insensitive,2,3.5
638700,ZtliqqWQ6huwwBoA7bEFt79+n9SA4jBixtBzpWNbxDSmFov9BptLtgHwEN7fwiCy,0.612992,1.301276,1.851823,0,2591700,7.197289,Delay-insensitive,2,3.5
639000,ZtliqqWQ6huwwBoA7bEFt79+n9SA4jBixtBzpWNbxDSmFov9BptLtgHwEN7fwiCy,0.47813,1.200145,2.490467,0,2591700,7.197289,Delay-insensitive,2,3.5
639300,ZtliqqWQ6huwwBoA7bEFt79+n9SA4jBixtBzpWNbxDSmFov9BptLtgHwEN7fwiCy,0.493282,1.208095,1.862184,0,2591700,7.197289,Delay-insensitive,2,3.5
639600,ZtliqqWQ6huwwBoA7bEFt79+n9SA4jBixtBzpWNbxDSmFov9BptLtgHwEN7fwiCy,0.512707,1.84169,6.318095,0,2591700,7.197289,Delay-insensitive,2,3.5
639900,ZtliqqWQ6huwwBoA7bEFt79+n9SA4jBixtBzpWNbxDSmFov9BptLtgHwEN7fwiCy,0.404229,1.300293,2.592749,0,2591700,7.197289,Delay-insensitive,2,3.5
640200,ZtliqqWQ6huwwBoA7bEFt79+n9SA4jBixtBzpWNbxDSmFov9BptLtgHwEN7fwiCy,0.467693,1.308432,2.399548,0,2591700,7.197289,Delay-insensitive,2,3.5
640500,ZtliqqWQ6huwwBoA7bEFt79+n9SA4jBixtBzpWNbxDSmFov9BptLtgHwEN7fwiCy,0.415758,1.248154,1.739408,0,2591700,7.197289,Delay-insensitive,2,3.5
640800,ZtliqqWQ6huwwBoA7bEFt79+n9SA4jBixtBzpWNbxDSmFov9BptLtgHwEN7fwiCy,0.6248670000000001,1.470907,2.278742,0,2591700,7.197289,Delay-insensitive,2,3.5
641100,ZtliqqWQ6huwwBoA7bEFt79+n9SA4jBixtBzpWNbxDSmFov9BptLtgHwEN7fwiCy,0.469487,1.359367,2.703384,0,2591700,7.197289,Delay-insensitive,2,3.5
641400,ZtliqqWQ6huwwBoA7bEFt79+n9SA4jBixtBzpWNbxDSmFov9BptLtgHwEN7fwiCy,0.514886,1.500118,3.098815,0,2591700,7.197289,Delay-insensitive,2,3.5
641700,ZtliqqWQ6huwwBoA7bEFt79+n9SA4jBixtBzpWNbxDSmFov9BptLtgHwEN7fwiCy,0.484581,15.305832999999998,97.396079,0,2591700,7.197289,Delay-insensitive,2,3.5
642000,ZtliqqWQ6huwwBoA7bEFt79+n9SA4jBixtBzpWNbxDSmFov9BptLtgHwEN7fwiCy,0.568346,1.478042,2.868343,0,2591700,7.197289,Delay-insensitive,2,3.5
642300,ZtliqqWQ6huwwBoA7bEFt79+n9SA4jBixtBzpWNbxDSmFov9BptLtgHwEN7fwiCy,0.614581,2.034725,8.322101,0,2591700,7.197289,Delay-insensitive,2,3.5
642600,ZtliqqWQ6huwwBoA7bEFt79+n9SA4jBixtBzpWNbxDSmFov9BptLtgHwEN7fwiCy,0.615704,1.357108,2.213885,0,2591700,7.197289,Delay-insensitive,2,3.5
642900,ZtliqqWQ6huwwBoA7bEFt79+n9SA4jBixtBzpWNbxDSmFov9BptLtgHwEN7fwiCy,0.491476,1.224324,2.051744,0,2591700,7.197289,Delay-insensitive,2,3.5
643200,ZtliqqWQ6huwwBoA7bEFt79+n9SA4jBixtBzpWNbxDSmFov9BptLtgHwEN7fwiCy,0.4740399999999999,1.398487,2.437574,0,2591700,7.197289,Delay-insensitive,2,3.5
643500,ZtliqqWQ6huwwBoA7bEFt79+n9SA4jBixtBzpWNbxDSmFov9BptLtgHwEN7fwiCy,0.5057689999999999,1.309066,2.3999080000000004,0,2591700,7.197289,Delay-insensitive,2,3.5
643800,ZtliqqWQ6huwwBoA7bEFt79+n9SA4jBixtBzpWNbxDSmFov9BptLtgHwEN7fwiCy,0.307134,1.258288,2.557678,0,2591700,7.197289,Delay-insensitive,2,3.5
644100,ZtliqqWQ6huwwBoA7bEFt79+n9SA4jBixtBzpWNbxDSmFov9BptLtgHwEN7fwiCy,0.472342,1.282351,2.025925,0,2591700,7.197289,Delay-insensitive,2,3.5
644400,ZtliqqWQ6huwwBoA7bEFt79+n9SA4jBixtBzpWNbxDSmFov9BptLtgHwEN7fwiCy,0.356454,1.307007,2.389282,0,2591700,7.197289,Delay-insensitive,2,3.5
644700,ZtliqqWQ6huwwBoA7bEFt79+n9SA4jBixtBzpWNbxDSmFov9BptLtgHwEN7fwiCy,0.467063,1.619218,6.185887,0,2591700,7.197289,Delay-insensitive,2,3.5
645000,ZtliqqWQ6huwwBoA7bEFt79+n9SA4jBixtBzpWNbxDSmFov9BptLtgHwEN7fwiCy,0.487006,1.820518,7.249579,0,2591700,7.197289,Delay-insensitive,2,3.5
645300,ZtliqqWQ6huwwBoA7bEFt79+n9SA4jBixtBzpWNbxDSmFov9BptLtgHwEN7fwiCy,0.333232,1.279841,2.161078,0,2591700,7.197289,Delay-insensitive,2,3.5
645600,ZtliqqWQ6huwwBoA7bEFt79+n9SA4jBixtBzpWNbxDSmFov9BptLtgHwEN7fwiCy,0.484302,1.31234,2.139339,0,2591700,7.197289,Delay-insensitive,2,3.5
645900,ZtliqqWQ6huwwBoA7bEFt79+n9SA4jBixtBzpWNbxDSmFov9BptLtgHwEN7fwiCy,0.253173,1.363342,2.342493,0,2591700,7.197289,Delay-insensitive,2,3.5
646200,ZtliqqWQ6huwwBoA7bEFt79+n9SA4jBixtBzpWNbxDSmFov9BptLtgHwEN7fwiCy,0.5696289999999999,2.318966,7.547866,0,2591700,7.197289,Delay-insensitive,2,3.5
646500,ZtliqqWQ6huwwBoA7bEFt79+n9SA4jBixtBzpWNbxDSmFov9BptLtgHwEN7fwiCy,0.480604,1.300657,2.700635,0,2591700,7.197289,Delay-insensitive,2,3.5
646800,ZtliqqWQ6huwwBoA7bEFt79+n9SA4jBixtBzpWNbxDSmFov9BptLtgHwEN7fwiCy,0.5615319999999999,1.365917,2.218791,0,2591700,7.197289,Delay-insensitive,2,3.5
647100,ZtliqqWQ6huwwBoA7bEFt79+n9SA4jBixtBzpWNbxDSmFov9BptLtgHwEN7fwiCy,0.511628,1.282501,2.46179,0,2591700,7.197289,Delay-insensitive,2,3.5
647400,ZtliqqWQ6huwwBoA7bEFt79+n9SA4jBixtBzpWNbxDSmFov9BptLtgHwEN7fwiCy,0.459718,1.249213,2.453248,0,2591700,7.197289,Delay-insensitive,2,3.5
647700,ZtliqqWQ6huwwBoA7bEFt79+n9SA4jBixtBzpWNbxDSmFov9BptLtgHwEN7fwiCy,0.4676649999999999,1.399231,3.730676,0,2591700,7.197289,Delay-insensitive,2,3.5
648000,ZtliqqWQ6huwwBoA7bEFt79+n9SA4jBixtBzpWNbxDSmFov9BptLtgHwEN7fwiCy,0.395167,1.345847,2.669133,0,2591700,7.197289,Delay-insensitive,2,3.5
648300,ZtliqqWQ6huwwBoA7bEFt79+n9SA4jBixtBzpWNbxDSmFov9BptLtgHwEN7fwiCy,0.477091,1.606625,4.347608999999999,0,2591700,7.197289,Delay-insensitive,2,3.5
648600,ZtliqqWQ6huwwBoA7bEFt79+n9SA4jBixtBzpWNbxDSmFov9BptLtgHwEN7fwiCy,0.454615,1.333535,2.663005,0,2591700,7.197289,Delay-insensitive,2,3.5
648900,ZtliqqWQ6huwwBoA7bEFt79+n9SA4jBixtBzpWNbxDSmFov9BptLtgHwEN7fwiCy,0.505328,1.329438,2.367009,0,2591700,7.197289,Delay-insensitive,2,3.5
649200,ZtliqqWQ6huwwBoA7bEFt79+n9SA4jBixtBzpWNbxDSmFov9BptLtgHwEN7fwiCy,0.264449,1.204844,2.010542,0,2591700,7.197289,Delay-insensitive,2,3.5
649500,ZtliqqWQ6huwwBoA7bEFt79+n9SA4jBixtBzpWNbxDSmFov9BptLtgHwEN7fwiCy,0.520854,1.372564,2.166603,0,2591700,7.197289,Delay-insensitive,2,3.5
649800,ZtliqqWQ6huwwBoA7bEFt79+n9SA4jBixtBzpWNbxDSmFov9BptLtgHwEN7fwiCy,0.275752,1.218483,2.420762,0,2591700,7.197289,Delay-insensitive,2,3.5
650100,ZtliqqWQ6huwwBoA7bEFt79+n9SA4jBixtBzpWNbxDSmFov9BptLtgHwEN7fwiCy,0.528733,1.216804,2.22413,0,2591700,7.197289,Delay-insensitive,2,3.5
650400,ZtliqqWQ6huwwBoA7bEFt79+n9SA4jBixtBzpWNbxDSmFov9BptLtgHwEN7fwiCy,0.528692,1.422898,3.3758470000000003,0,2591700,7.197289,Delay-insensitive,2,3.5
650700,ZtliqqWQ6huwwBoA7bEFt79+n9SA4jBixtBzpWNbxDSmFov9BptLtgHwEN7fwiCy,0.52818,1.333302,2.619929,0,2591700,7.197289,Delay-insensitive,2,3.5
651000,ZtliqqWQ6huwwBoA7bEFt79+n9SA4jBixtBzpWNbxDSmFov9BptLtgHwEN7fwiCy,0.493831,1.210174,2.28919,0,2591700,7.197289,Delay-insensitive,2,3.5
651300,ZtliqqWQ6huwwBoA7bEFt79+n9SA4jBixtBzpWNbxDSmFov9BptLtgHwEN7fwiCy,0.294597,1.332866,2.444445,0,2591700,7.197289,Delay-insensitive,2,3.5
651600,ZtliqqWQ6huwwBoA7bEFt79+n9SA4jBixtBzpWNbxDSmFov9BptLtgHwEN7fwiCy,0.510141,1.265456,2.157421,0,2591700,7.197289,Delay-insensitive,2,3.5
651900,ZtliqqWQ6huwwBoA7bEFt79+n9SA4jBixtBzpWNbxDSmFov9BptLtgHwEN7fwiCy,0.509777,3.880957,42.295408,0,2591700,7.197289,Delay-insensitive,2,3.5
652200,ZtliqqWQ6huwwBoA7bEFt79+n9SA4jBixtBzpWNbxDSmFov9BptLtgHwEN7fwiCy,0.5302520000000001,1.379002,2.401084,0,2591700,7.197289,Delay-insensitive,2,3.5
652500,ZtliqqWQ6huwwBoA7bEFt79+n9SA4jBixtBzpWNbxDSmFov9BptLtgHwEN7fwiCy,0.5214880000000001,1.2218129999999998,2.1894,0,2591700,7.197289,Delay-insensitive,2,3.5
652800,ZtliqqWQ6huwwBoA7bEFt79+n9SA4jBixtBzpWNbxDSmFov9BptLtgHwEN7fwiCy,0.515126,1.295439,2.230037,0,2591700,7.197289,Delay-insensitive,2,3.5
653100,ZtliqqWQ6huwwBoA7bEFt79+n9SA4jBixtBzpWNbxDSmFov9BptLtgHwEN7fwiCy,0.5438729999999999,1.384244,3.419372,0,2591700,7.197289,Delay-insensitive,2,3.5
653400,ZtliqqWQ6huwwBoA7bEFt79+n9SA4jBixtBzpWNbxDSmFov9BptLtgHwEN7fwiCy,0.390044,1.222352,2.172889,0,2591700,7.197289,Delay-insensitive,2,3.5
653700,ZtliqqWQ6huwwBoA7bEFt79+n9SA4jBixtBzpWNbxDSmFov9BptLtgHwEN7fwiCy,0.5126890000000001,1.350678,2.518292,0,2591700,7.197289,Delay-insensitive,2,3.5
654000,ZtliqqWQ6huwwBoA7bEFt79+n9SA4jBixtBzpWNbxDSmFov9BptLtgHwEN7fwiCy,0.2477849999999999,1.291449,2.9935560000000003,0,2591700,7.197289,Delay-insensitive,2,3.5
654300,ZtliqqWQ6huwwBoA7bEFt79+n9SA4jBixtBzpWNbxDSmFov9BptLtgHwEN7fwiCy,0.54655,1.248232,1.955929,0,2591700,7.197289,Delay-insensitive,2,3.5
654600,ZtliqqWQ6huwwBoA7bEFt79+n9SA4jBixtBzpWNbxDSmFov9BptLtgHwEN7fwiCy,0.4173449999999999,1.276237,2.426669,0,2591700,7.197289,Delay-insensitive,2,3.5
654900,ZtliqqWQ6huwwBoA7bEFt79+n9SA4jBixtBzpWNbxDSmFov9BptLtgHwEN7fwiCy,0.587375,1.375714,2.124825,0,2591700,7.197289,Delay-insensitive,2,3.5
655200,ZtliqqWQ6huwwBoA7bEFt79+n9SA4jBixtBzpWNbxDSmFov9BptLtgHwEN7fwiCy,0.2338739999999999,1.222694,2.06954,0,2591700,7.197289,Delay-insensitive,2,3.5
655500,ZtliqqWQ6huwwBoA7bEFt79+n9SA4jBixtBzpWNbxDSmFov9BptLtgHwEN7fwiCy,0.5195529999999999,1.545639,5.559286,0,2591700,7.197289,Delay-insensitive,2,3.5
655800,ZtliqqWQ6huwwBoA7bEFt79+n9SA4jBixtBzpWNbxDSmFov9BptLtgHwEN7fwiCy,0.559547,1.383347,2.488528,0,2591700,7.197289,Delay-insensitive,2,3.5
656100,ZtliqqWQ6huwwBoA7bEFt79+n9SA4jBixtBzpWNbxDSmFov9BptLtgHwEN7fwiCy,0.4231859999999999,1.337165,2.826271,0,2591700,7.197289,Delay-insensitive,2,3.5
656400,ZtliqqWQ6huwwBoA7bEFt79+n9SA4jBixtBzpWNbxDSmFov9BptLtgHwEN7fwiCy,0.4721689999999999,1.308282,2.266267,0,2591700,7.197289,Delay-insensitive,2,3.5
656700,ZtliqqWQ6huwwBoA7bEFt79+n9SA4jBixtBzpWNbxDSmFov9BptLtgHwEN7fwiCy,0.381237,1.369685,2.22204,0,2591700,7.197289,Delay-insensitive,2,3.5
657000,ZtliqqWQ6huwwBoA7bEFt79+n9SA4jBixtBzpWNbxDSmFov9BptLtgHwEN7fwiCy,0.530745,1.3402889999999998,2.6064700000000003,0,2591700,7.197289,Delay-insensitive,2,3.5
657300,ZtliqqWQ6huwwBoA7bEFt79+n9SA4jBixtBzpWNbxDSmFov9BptLtgHwEN7fwiCy,0.527037,1.22972,2.106226,0,2591700,7.197289,Delay-insensitive,2,3.5
657600,ZtliqqWQ6huwwBoA7bEFt79+n9SA4jBixtBzpWNbxDSmFov9BptLtgHwEN7fwiCy,0.530018,1.350673,2.641796,0,2591700,7.197289,Delay-insensitive,2,3.5
657900,ZtliqqWQ6huwwBoA7bEFt79+n9SA4jBixtBzpWNbxDSmFov9BptLtgHwEN7fwiCy,0.471908,2.39395,14.671060999999998,0,2591700,7.197289,Delay-insensitive,2,3.5
658200,ZtliqqWQ6huwwBoA7bEFt79+n9SA4jBixtBzpWNbxDSmFov9BptLtgHwEN7fwiCy,0.502713,1.329416,2.692335,0,2591700,7.197289,Delay-insensitive,2,3.5
658500,ZtliqqWQ6huwwBoA7bEFt79+n9SA4jBixtBzpWNbxDSmFov9BptLtgHwEN7fwiCy,0.509682,1.455541,3.68474,0,2591700,7.197289,Delay-insensitive,2,3.5
658800,ZtliqqWQ6huwwBoA7bEFt79+n9SA4jBixtBzpWNbxDSmFov9BptLtgHwEN7fwiCy,0.325703,1.3189110000000002,2.304881,0,2591700,7.197289,Delay-insensitive,2,3.5
659100,ZtliqqWQ6huwwBoA7bEFt79+n9SA4jBixtBzpWNbxDSmFov9BptLtgHwEN7fwiCy,0.487843,1.635301,6.0537410000000005,0,2591700,7.197289,Delay-insensitive,2,3.5
659400,ZtliqqWQ6huwwBoA7bEFt79+n9SA4jBixtBzpWNbxDSmFov9BptLtgHwEN7fwiCy,0.371768,1.325454,2.302,0,2591700,7.197289,Delay-insensitive,2,3.5
659700,ZtliqqWQ6huwwBoA7bEFt79+n9SA4jBixtBzpWNbxDSmFov9BptLtgHwEN7fwiCy,0.499713,1.30882,2.266862,0,2591700,7.197289,Delay-insensitive,2,3.5
660000,ZtliqqWQ6huwwBoA7bEFt79+n9SA4jBixtBzpWNbxDSmFov9BptLtgHwEN7fwiCy,0.354051,1.230417,2.828966,0,2591700,7.197289,Delay-insensitive,2,3.5
660300,ZtliqqWQ6huwwBoA7bEFt79+n9SA4jBixtBzpWNbxDSmFov9BptLtgHwEN7fwiCy,0.525065,1.340435,2.388659,0,2591700,7.197289,Delay-insensitive,2,3.5
660600,ZtliqqWQ6huwwBoA7bEFt79+n9SA4jBixtBzpWNbxDSmFov9BptLtgHwEN7fwiCy,0.5580689999999999,1.425497,3.093135,0,2591700,7.197289,Delay-insensitive,2,3.5
660900,ZtliqqWQ6huwwBoA7bEFt79+n9SA4jBixtBzpWNbxDSmFov9BptLtgHwEN7fwiCy,0.50629,1.274251,2.202842,0,2591700,7.197289,Delay-insensitive,2,3.5
661200,ZtliqqWQ6huwwBoA7bEFt79+n9SA4jBixtBzpWNbxDSmFov9BptLtgHwEN7fwiCy,0.504262,1.335212,2.97439,0,2591700,7.197289,Delay-insensitive,2,3.5
661500,ZtliqqWQ6huwwBoA7bEFt79+n9SA4jBixtBzpWNbxDSmFov9BptLtgHwEN7fwiCy,0.489231,1.294876,3.05384,0,2591700,7.197289,Delay-insensitive,2,3.5
661800,ZtliqqWQ6huwwBoA7bEFt79+n9SA4jBixtBzpWNbxDSmFov9BptLtgHwEN7fwiCy,0.5320239999999999,1.271932,2.178551,0,2591700,7.197289,Delay-insensitive,2,3.5
662100,ZtliqqWQ6huwwBoA7bEFt79+n9SA4jBixtBzpWNbxDSmFov9BptLtgHwEN7fwiCy,0.4372029999999999,1.262357,1.946983,0,2591700,7.197289,Delay-insensitive,2,3.5
662400,ZtliqqWQ6huwwBoA7bEFt79+n9SA4jBixtBzpWNbxDSmFov9BptLtgHwEN7fwiCy,0.505945,1.372974,2.072928,0,2591700,7.197289,Delay-insensitive,2,3.5
662700,ZtliqqWQ6huwwBoA7bEFt79+n9SA4jBixtBzpWNbxDSmFov9BptLtgHwEN7fwiCy,0.363363,1.593357,5.02303,0,2591700,7.197289,Delay-insensitive,2,3.5
663000,ZtliqqWQ6huwwBoA7bEFt79+n9SA4jBixtBzpWNbxDSmFov9BptLtgHwEN7fwiCy,0.562013,1.391352,2.672796,0,2591700,7.197289,Delay-insensitive,2,3.5
663300,ZtliqqWQ6huwwBoA7bEFt79+n9SA4jBixtBzpWNbxDSmFov9BptLtgHwEN7fwiCy,0.291327,1.328148,2.672157,0,2591700,7.197289,Delay-insensitive,2,3.5
663600,ZtliqqWQ6huwwBoA7bEFt79+n9SA4jBixtBzpWNbxDSmFov9BptLtgHwEN7fwiCy,0.613803,1.333067,2.232801,0,2591700,7.197289,Delay-insensitive,2,3.5
663900,ZtliqqWQ6huwwBoA7bEFt79+n9SA4jBixtBzpWNbxDSmFov9BptLtgHwEN7fwiCy,0.51248,1.373125,2.478826,0,2591700,7.197289,Delay-insensitive,2,3.5
664200,ZtliqqWQ6huwwBoA7bEFt79+n9SA4jBixtBzpWNbxDSmFov9BptLtgHwEN7fwiCy,0.291592,1.2429370000000002,2.185554,0,2591700,7.197289,Delay-insensitive,2,3.5
664500,ZtliqqWQ6huwwBoA7bEFt79+n9SA4jBixtBzpWNbxDSmFov9BptLtgHwEN7fwiCy,0.4734029999999999,1.385397,2.567144,0,2591700,7.197289,Delay-insensitive,2,3.5
664800,ZtliqqWQ6huwwBoA7bEFt79+n9SA4jBixtBzpWNbxDSmFov9BptLtgHwEN7fwiCy,0.340153,1.293031,2.395501,0,2591700,7.197289,Delay-insensitive,2,3.5
665100,ZtliqqWQ6huwwBoA7bEFt79+n9SA4jBixtBzpWNbxDSmFov9BptLtgHwEN7fwiCy,0.486793,1.341169,2.498146,0,2591700,7.197289,Delay-insensitive,2,3.5
665400,ZtliqqWQ6huwwBoA7bEFt79+n9SA4jBixtBzpWNbxDSmFov9BptLtgHwEN7fwiCy,0.510312,1.304386,2.750503,0,2591700,7.197289,Delay-insensitive,2,3.5
665700,ZtliqqWQ6huwwBoA7bEFt79+n9SA4jBixtBzpWNbxDSmFov9BptLtgHwEN7fwiCy,0.523129,1.342362,1.956541,0,2591700,7.197289,Delay-insensitive,2,3.5
666000,ZtliqqWQ6huwwBoA7bEFt79+n9SA4jBixtBzpWNbxDSmFov9BptLtgHwEN7fwiCy,0.500418,1.391023,2.345466,0,2591700,7.197289,Delay-insensitive,2,3.5
666300,ZtliqqWQ6huwwBoA7bEFt79+n9SA4jBixtBzpWNbxDSmFov9BptLtgHwEN7fwiCy,0.4928229999999999,1.631951,4.891021,0,2591700,7.197289,Delay-insensitive,2,3.5
666600,ZtliqqWQ6huwwBoA7bEFt79+n9SA4jBixtBzpWNbxDSmFov9BptLtgHwEN7fwiCy,0.199179,1.307889,2.761996,0,2591700,7.197289,Delay-insensitive,2,3.5
666900,ZtliqqWQ6huwwBoA7bEFt79+n9SA4jBixtBzpWNbxDSmFov9BptLtgHwEN7fwiCy,0.57519,1.42089,2.532586,0,2591700,7.197289,Delay-insensitive,2,3.5
667200,ZtliqqWQ6huwwBoA7bEFt79+n9SA4jBixtBzpWNbxDSmFov9BptLtgHwEN7fwiCy,0.267984,1.218484,2.264287,0,2591700,7.197289,Delay-insensitive,2,3.5
667500,ZtliqqWQ6huwwBoA7bEFt79+n9SA4jBixtBzpWNbxDSmFov9BptLtgHwEN7fwiCy,0.279402,1.303231,2.688029,0,2591700,7.197289,Delay-insensitive,2,3.5
667800,ZtliqqWQ6huwwBoA7bEFt79+n9SA4jBixtBzpWNbxDSmFov9BptLtgHwEN7fwiCy,0.579937,1.345933,2.476166,0,2591700,7.197289,Delay-insensitive,2,3.5
668100,ZtliqqWQ6huwwBoA7bEFt79+n9SA4jBixtBzpWNbxDSmFov9BptLtgHwEN7fwiCy,0.3573,1.1815209999999998,2.0906,0,2591700,7.197289,Delay-insensitive,2,3.5
668400,ZtliqqWQ6huwwBoA7bEFt79+n9SA4jBixtBzpWNbxDSmFov9BptLtgHwEN7fwiCy,0.513077,1.441565,2.662078,0,2591700,7.197289,Delay-insensitive,2,3.5
668700,ZtliqqWQ6huwwBoA7bEFt79+n9SA4jBixtBzpWNbxDSmFov9BptLtgHwEN7fwiCy,0.305849,1.2697889999999998,2.330188,0,2591700,7.197289,Delay-insensitive,2,3.5
669000,ZtliqqWQ6huwwBoA7bEFt79+n9SA4jBixtBzpWNbxDSmFov9BptLtgHwEN7fwiCy,0.474326,1.271994,2.013804,0,2591700,7.197289,Delay-insensitive,2,3.5
669300,ZtliqqWQ6huwwBoA7bEFt79+n9SA4jBixtBzpWNbxDSmFov9BptLtgHwEN7fwiCy,0.597815,1.481975,2.956232,0,2591700,7.197289,Delay-insensitive,2,3.5
669600,ZtliqqWQ6huwwBoA7bEFt79+n9SA4jBixtBzpWNbxDSmFov9BptLtgHwEN7fwiCy,0.523888,1.561525,4.564209,0,2591700,7.197289,Delay-insensitive,2,3.5
669900,ZtliqqWQ6huwwBoA7bEFt79+n9SA4jBixtBzpWNbxDSmFov9BptLtgHwEN7fwiCy,0.302546,1.643116,4.736573,0,2591700,7.197289,Delay-insensitive,2,3.5
670200,ZtliqqWQ6huwwBoA7bEFt79+n9SA4jBixtBzpWNbxDSmFov9BptLtgHwEN7fwiCy,0.302068,1.285381,2.17352,0,2591700,7.197289,Delay-insensitive,2,3.5
670500,ZtliqqWQ6huwwBoA7bEFt79+n9SA4jBixtBzpWNbxDSmFov9BptLtgHwEN7fwiCy,0.5875670000000001,5.370393,24.756978,0,2591700,7.197289,Delay-insensitive,2,3.5
670800,ZtliqqWQ6huwwBoA7bEFt79+n9SA4jBixtBzpWNbxDSmFov9BptLtgHwEN7fwiCy,0.2957599999999999,1.359141,2.926885,0,2591700,7.197289,Delay-insensitive,2,3.5
671100,ZtliqqWQ6huwwBoA7bEFt79+n9SA4jBixtBzpWNbxDSmFov9BptLtgHwEN7fwiCy,0.565609,1.424016,2.515749,0,2591700,7.197289,Delay-insensitive,2,3.5
671400,ZtliqqWQ6huwwBoA7bEFt79+n9SA4jBixtBzpWNbxDSmFov9BptLtgHwEN7fwiCy,0.552387,1.279141,2.22,0,2591700,7.197289,Delay-insensitive,2,3.5
671700,ZtliqqWQ6huwwBoA7bEFt79+n9SA4jBixtBzpWNbxDSmFov9BptLtgHwEN7fwiCy,0.6072529999999999,1.340236,2.544377,0,2591700,7.197289,Delay-insensitive,2,3.5
672000,ZtliqqWQ6huwwBoA7bEFt79+n9SA4jBixtBzpWNbxDSmFov9BptLtgHwEN7fwiCy,0.34689,1.37921,2.820427,0,2591700,7.197289,Delay-insensitive,2,3.5
672300,ZtliqqWQ6huwwBoA7bEFt79+n9SA4jBixtBzpWNbxDSmFov9BptLtgHwEN7fwiCy,0.514658,1.3814229999999998,2.805474,0,2591700,7.197289,Delay-insensitive,2,3.5
672600,ZtliqqWQ6huwwBoA7bEFt79+n9SA4jBixtBzpWNbxDSmFov9BptLtgHwEN7fwiCy,0.209555,1.229223,1.953441,0,2591700,7.197289,Delay-insensitive,2,3.5
672900,ZtliqqWQ6huwwBoA7bEFt79+n9SA4jBixtBzpWNbxDSmFov9BptLtgHwEN7fwiCy,0.2326679999999999,1.264818,2.201985,0,2591700,7.197289,Delay-insensitive,2,3.5
673200,ZtliqqWQ6huwwBoA7bEFt79+n9SA4jBixtBzpWNbxDSmFov9BptLtgHwEN7fwiCy,0.541799,1.379039,2.37068,0,2591700,7.197289,Delay-insensitive,2,3.5
673500,ZtliqqWQ6huwwBoA7bEFt79+n9SA4jBixtBzpWNbxDSmFov9BptLtgHwEN7fwiCy,0.217797,1.217243,1.941046,0,2591700,7.197289,Delay-insensitive,2,3.5
673800,ZtliqqWQ6huwwBoA7bEFt79+n9SA4jBixtBzpWNbxDSmFov9BptLtgHwEN7fwiCy,0.652991,1.399504,2.730223,0,2591700,7.197289,Delay-insensitive,2,3.5
674100,ZtliqqWQ6huwwBoA7bEFt79+n9SA4jBixtBzpWNbxDSmFov9BptLtgHwEN7fwiCy,0.458269,1.254426,1.9103,0,2591700,7.197289,Delay-insensitive,2,3.5
674400,ZtliqqWQ6huwwBoA7bEFt79+n9SA4jBixtBzpWNbxDSmFov9BptLtgHwEN7fwiCy,0.51942,1.323579,2.303416,0,2591700,7.197289,Delay-insensitive,2,3.5
674700,ZtliqqWQ6huwwBoA7bEFt79+n9SA4jBixtBzpWNbxDSmFov9BptLtgHwEN7fwiCy,0.585823,1.408472,2.356576,0,2591700,7.197289,Delay-insensitive,2,3.5
675000,ZtliqqWQ6huwwBoA7bEFt79+n9SA4jBixtBzpWNbxDSmFov9BptLtgHwEN7fwiCy,0.552012,1.338402,2.629359,0,2591700,7.197289,Delay-insensitive,2,3.5
675300,ZtliqqWQ6huwwBoA7bEFt79+n9SA4jBixtBzpWNbxDSmFov9BptLtgHwEN7fwiCy,0.420096,1.275899,2.131377,0,2591700,7.197289,Delay-insensitive,2,3.5
675600,ZtliqqWQ6huwwBoA7bEFt79+n9SA4jBixtBzpWNbxDSmFov9BptLtgHwEN7fwiCy,0.285034,1.282521,2.12048,0,2591700,7.197289,Delay-insensitive,2,3.5
675900,ZtliqqWQ6huwwBoA7bEFt79+n9SA4jBixtBzpWNbxDSmFov9BptLtgHwEN7fwiCy,0.490876,1.370392,2.678443,0,2591700,7.197289,Delay-insensitive,2,3.5
676200,ZtliqqWQ6huwwBoA7bEFt79+n9SA4jBixtBzpWNbxDSmFov9BptLtgHwEN7fwiCy,0.220588,1.244483,1.966316,0,2591700,7.197289,Delay-insensitive,2,3.5
676500,ZtliqqWQ6huwwBoA7bEFt79+n9SA4jBixtBzpWNbxDSmFov9BptLtgHwEN7fwiCy,0.5666770000000001,1.406621,2.436459,0,2591700,7.197289,Delay-insensitive,2,3.5
676800,ZtliqqWQ6huwwBoA7bEFt79+n9SA4jBixtBzpWNbxDSmFov9BptLtgHwEN7fwiCy,0.2359699999999999,1.282892,2.222268,0,2591700,7.197289,Delay-insensitive,2,3.5
677100,ZtliqqWQ6huwwBoA7bEFt79+n9SA4jBixtBzpWNbxDSmFov9BptLtgHwEN7fwiCy,0.507254,1.735741,4.89417,0,2591700,7.197289,Delay-insensitive,2,3.5
677400,ZtliqqWQ6huwwBoA7bEFt79+n9SA4jBixtBzpWNbxDSmFov9BptLtgHwEN7fwiCy,0.23114,1.299277,2.334443,0,2591700,7.197289,Delay-insensitive,2,3.5
677700,ZtliqqWQ6huwwBoA7bEFt79+n9SA4jBixtBzpWNbxDSmFov9BptLtgHwEN7fwiCy,0.480917,1.373771,2.5939,0,2591700,7.197289,Delay-insensitive,2,3.5
678000,ZtliqqWQ6huwwBoA7bEFt79+n9SA4jBixtBzpWNbxDSmFov9BptLtgHwEN7fwiCy,0.3140219999999999,1.262681,2.600968,0,2591700,7.197289,Delay-insensitive,2,3.5
678300,ZtliqqWQ6huwwBoA7bEFt79+n9SA4jBixtBzpWNbxDSmFov9BptLtgHwEN7fwiCy,0.369138,1.343247,2.416164,0,2591700,7.197289,Delay-insensitive,2,3.5
678600,ZtliqqWQ6huwwBoA7bEFt79+n9SA4jBixtBzpWNbxDSmFov9BptLtgHwEN7fwiCy,0.525727,1.337855,2.794654,0,2591700,7.197289,Delay-insensitive,2,3.5
678900,ZtliqqWQ6huwwBoA7bEFt79+n9SA4jBixtBzpWNbxDSmFov9BptLtgHwEN7fwiCy,0.335355,1.227565,1.817576,0,2591700,7.197289,Delay-insensitive,2,3.5
679200,ZtliqqWQ6huwwBoA7bEFt79+n9SA4jBixtBzpWNbxDSmFov9BptLtgHwEN7fwiCy,0.524468,1.377461,2.720919,0,2591700,7.197289,Delay-insensitive,2,3.5
679500,ZtliqqWQ6huwwBoA7bEFt79+n9SA4jBixtBzpWNbxDSmFov9BptLtgHwEN7fwiCy,0.297938,1.253282,2.5592580000000003,0,2591700,7.197289,Delay-insensitive,2,3.5
679800,ZtliqqWQ6huwwBoA7bEFt79+n9SA4jBixtBzpWNbxDSmFov9BptLtgHwEN7fwiCy,0.564267,1.346011,2.527119,0,2591700,7.197289,Delay-insensitive,2,3.5
680100,ZtliqqWQ6huwwBoA7bEFt79+n9SA4jBixtBzpWNbxDSmFov9BptLtgHwEN7fwiCy,0.218941,1.313822,2.1947240000000003,0,2591700,7.197289,Delay-insensitive,2,3.5
680400,ZtliqqWQ6huwwBoA7bEFt79+n9SA4jBixtBzpWNbxDSmFov9BptLtgHwEN7fwiCy,0.510023,1.340021,2.236942,0,2591700,7.197289,Delay-insensitive,2,3.5
680700,ZtliqqWQ6huwwBoA7bEFt79+n9SA4jBixtBzpWNbxDSmFov9BptLtgHwEN7fwiCy,0.532618,1.908122,4.896942,0,2591700,7.197289,Delay-insensitive,2,3.5
681000,ZtliqqWQ6huwwBoA7bEFt79+n9SA4jBixtBzpWNbxDSmFov9BptLtgHwEN7fwiCy,0.307346,1.338806,2.124373,0,2591700,7.197289,Delay-insensitive,2,3.5
681300,ZtliqqWQ6huwwBoA7bEFt79+n9SA4jBixtBzpWNbxDSmFov9BptLtgHwEN7fwiCy,0.54578,1.320751,2.041701,0,2591700,7.197289,Delay-insensitive,2,3.5
681600,ZtliqqWQ6huwwBoA7bEFt79+n9SA4jBixtBzpWNbxDSmFov9BptLtgHwEN7fwiCy,0.262963,1.212357,1.97366,0,2591700,7.197289,Delay-insensitive,2,3.5
681900,ZtliqqWQ6huwwBoA7bEFt79+n9SA4jBixtBzpWNbxDSmFov9BptLtgHwEN7fwiCy,0.596958,1.448454,2.713514,0,2591700,7.197289,Delay-insensitive,2,3.5
682200,ZtliqqWQ6huwwBoA7bEFt79+n9SA4jBixtBzpWNbxDSmFov9BptLtgHwEN7fwiCy,0.340471,1.241651,2.422272,0,2591700,7.197289,Delay-insensitive,2,3.5
682500,ZtliqqWQ6huwwBoA7bEFt79+n9SA4jBixtBzpWNbxDSmFov9BptLtgHwEN7fwiCy,0.53789,1.316597,2.261671,0,2591700,7.197289,Delay-insensitive,2,3.5
682800,ZtliqqWQ6huwwBoA7bEFt79+n9SA4jBixtBzpWNbxDSmFov9BptLtgHwEN7fwiCy,0.451956,1.41833,2.753479,0,2591700,7.197289,Delay-insensitive,2,3.5
683100,ZtliqqWQ6huwwBoA7bEFt79+n9SA4jBixtBzpWNbxDSmFov9BptLtgHwEN7fwiCy,0.520977,1.297975,2.2522290000000003,0,2591700,7.197289,Delay-insensitive,2,3.5
683400,ZtliqqWQ6huwwBoA7bEFt79+n9SA4jBixtBzpWNbxDSmFov9BptLtgHwEN7fwiCy,0.307718,1.290858,2.478621,0,2591700,7.197289,Delay-insensitive,2,3.5
683700,ZtliqqWQ6huwwBoA7bEFt79+n9SA4jBixtBzpWNbxDSmFov9BptLtgHwEN7fwiCy,0.317209,1.237742,2.144655,0,2591700,7.197289,Delay-insensitive,2,3.5
684000,ZtliqqWQ6huwwBoA7bEFt79+n9SA4jBixtBzpWNbxDSmFov9BptLtgHwEN7fwiCy,0.571591,1.38943,2.936255,0,2591700,7.197289,Delay-insensitive,2,3.5
684300,ZtliqqWQ6huwwBoA7bEFt79+n9SA4jBixtBzpWNbxDSmFov9BptLtgHwEN7fwiCy,0.554326,4.211380999999999,41.570673,0,2591700,7.197289,Delay-insensitive,2,3.5
684600,ZtliqqWQ6huwwBoA7bEFt79+n9SA4jBixtBzpWNbxDSmFov9BptLtgHwEN7fwiCy,0.463755,1.345349,2.404828,0,2591700,7.197289,Delay-insensitive,2,3.5
684900,ZtliqqWQ6huwwBoA7bEFt79+n9SA4jBixtBzpWNbxDSmFov9BptLtgHwEN7fwiCy,0.413989,1.272865,2.398436,0,2591700,7.197289,Delay-insensitive,2,3.5
685200,ZtliqqWQ6huwwBoA7bEFt79+n9SA4jBixtBzpWNbxDSmFov9BptLtgHwEN7fwiCy,0.496673,1.288737,2.003707,0,2591700,7.197289,Delay-insensitive,2,3.5
685500,ZtliqqWQ6huwwBoA7bEFt79+n9SA4jBixtBzpWNbxDSmFov9BptLtgHwEN7fwiCy,0.622251,1.5644,2.54723,0,2591700,7.197289,Delay-insensitive,2,3.5
685800,ZtliqqWQ6huwwBoA7bEFt79+n9SA4jBixtBzpWNbxDSmFov9BptLtgHwEN7fwiCy,0.556447,1.3185790000000002,2.261432,0,2591700,7.197289,Delay-insensitive,2,3.5
686100,ZtliqqWQ6huwwBoA7bEFt79+n9SA4jBixtBzpWNbxDSmFov9BptLtgHwEN7fwiCy,0.50685,1.386152,2.741393,0,2591700,7.197289,Delay-insensitive,2,3.5
686400,ZtliqqWQ6huwwBoA7bEFt79+n9SA4jBixtBzpWNbxDSmFov9BptLtgHwEN7fwiCy,0.62463,1.289299,2.023212,0,2591700,7.197289,Delay-insensitive,2,3.5
686700,ZtliqqWQ6huwwBoA7bEFt79+n9SA4jBixtBzpWNbxDSmFov9BptLtgHwEN7fwiCy,0.554087,1.3614959999999998,2.148692,0,2591700,7.197289,Delay-insensitive,2,3.5
687000,ZtliqqWQ6huwwBoA7bEFt79+n9SA4jBixtBzpWNbxDSmFov9BptLtgHwEN7fwiCy,0.52477,1.324011,2.439216,0,2591700,7.197289,Delay-insensitive,2,3.5
687300,ZtliqqWQ6huwwBoA7bEFt79+n9SA4jBixtBzpWNbxDSmFov9BptLtgHwEN7fwiCy,0.509684,1.288098,2.198887,0,2591700,7.197289,Delay-insensitive,2,3.5
687600,ZtliqqWQ6huwwBoA7bEFt79+n9SA4jBixtBzpWNbxDSmFov9BptLtgHwEN7fwiCy,0.419167,1.228197,2.495903,0,2591700,7.197289,Delay-insensitive,2,3.5
687900,ZtliqqWQ6huwwBoA7bEFt79+n9SA4jBixtBzpWNbxDSmFov9BptLtgHwEN7fwiCy,0.536317,1.673976,7.077403,0,2591700,7.197289,Delay-insensitive,2,3.5
688200,ZtliqqWQ6huwwBoA7bEFt79+n9SA4jBixtBzpWNbxDSmFov9BptLtgHwEN7fwiCy,0.278521,1.333423,2.186874,0,2591700,7.197289,Delay-insensitive,2,3.5
688500,ZtliqqWQ6huwwBoA7bEFt79+n9SA4jBixtBzpWNbxDSmFov9BptLtgHwEN7fwiCy,0.551659,1.351397,2.578512,0,2591700,7.197289,Delay-insensitive,2,3.5
688800,ZtliqqWQ6huwwBoA7bEFt79+n9SA4jBixtBzpWNbxDSmFov9BptLtgHwEN7fwiCy,0.261381,1.343186,2.155482,0,2591700,7.197289,Delay-insensitive,2,3.5
689100,ZtliqqWQ6huwwBoA7bEFt79+n9SA4jBixtBzpWNbxDSmFov9BptLtgHwEN7fwiCy,0.279806,1.264744,2.211109,0,2591700,7.197289,Delay-insensitive,2,3.5
689400,ZtliqqWQ6huwwBoA7bEFt79+n9SA4jBixtBzpWNbxDSmFov9BptLtgHwEN7fwiCy,0.584072,1.396424,2.6310130000000003,0,2591700,7.197289,Delay-insensitive,2,3.5
689700,ZtliqqWQ6huwwBoA7bEFt79+n9SA4jBixtBzpWNbxDSmFov9BptLtgHwEN7fwiCy,0.477063,2.250424,10.838455,0,2591700,7.197289,Delay-insensitive,2,3.5
690000,ZtliqqWQ6huwwBoA7bEFt79+n9SA4jBixtBzpWNbxDSmFov9BptLtgHwEN7fwiCy,0.536482,1.313405,2.237937,0,2591700,7.197289,Delay-insensitive,2,3.5
690300,ZtliqqWQ6huwwBoA7bEFt79+n9SA4jBixtBzpWNbxDSmFov9BptLtgHwEN7fwiCy,0.29083,1.356873,2.7144310000000003,0,2591700,7.197289,Delay-insensitive,2,3.5
690600,ZtliqqWQ6huwwBoA7bEFt79+n9SA4jBixtBzpWNbxDSmFov9BptLtgHwEN7fwiCy,0.593036,1.290946,2.130084,0,2591700,7.197289,Delay-insensitive,2,3.5
690900,ZtliqqWQ6huwwBoA7bEFt79+n9SA4jBixtBzpWNbxDSmFov9BptLtgHwEN7fwiCy,0.403181,1.251227,2.344451,0,2591700,7.197289,Delay-insensitive,2,3.5
