timestamp,vm_id,min_cpu,max_cpu,avg_cpu,timestamp vm created,timestamp vm deleted,p95 max cpu,vm_category,vm virtual core count,vm memory (gb)
0,ZXTIUCxfgq3vkGZD/2BQw+TV6+lOf+SvJrb8omrgZzK+IXmh5Fg2OLSlCW4jjjdm,2.530022,3.007723,4.801858,0,2591700,15.735572,Interactive,1,1.75
300,ZXTIUCxfgq3vkGZD/2BQw+TV6+lOf+SvJrb8omrgZzK+IXmh5Fg2OLSlCW4jjjdm,2.199494,3.196587,5.054521,0,2591700,15.735572,Interactive,1,1.75
600,ZXTIUCxfgq3vkGZD/2BQw+TV6+lOf+SvJrb8omrgZzK+IXmh5Fg2OLSlCW4jjjdm,2.789476,3.43786,3.965109,0,2591700,15.735572,Interactive,1,1.75
900,ZXTIUCxfgq3vkGZD/2BQw+TV6+lOf+SvJrb8omrgZzK+IXmh5Fg2OLSlCW4jjjdm,2.629654,5.334258999999999,23.59423,0,2591700,15.735572,Interactive,1,1.75
1200,ZXTIUCxfgq3vkGZD/2BQw+TV6+lOf+SvJrb8omrgZzK+IXmh5Fg2OLSlCW4jjjdm,2.5819400000000003,3.326893,4.802257,0,2591700,15.735572,Interactive,1,1.75
1500,ZXTIUCxfgq3vkGZD/2BQw+TV6+lOf+SvJrb8omrgZzK+IXmh5Fg2OLSlCW4jjjdm,2.791566,3.323147,3.919586,0,2591700,15.735572,Interactive,1,1.75
1800,ZXTIUCxfgq3vkGZD/2BQw+TV6+lOf+SvJrb8omrgZzK+IXmh5Fg2OLSlCW4jjjdm,2.709594,3.275293,4.1296230000000005,0,2591700,15.735572,Interactive,1,1.75
2100,ZXTIUCxfgq3vkGZD/2BQw+TV6+lOf+SvJrb8omrgZzK+IXmh5Fg2OLSlCW4jjjdm,2.557351,3.3901190000000003,4.736130999999999,0,2591700,15.735572,Interactive,1,1.75
2400,ZXTIUCxfgq3vkGZD/2BQw+TV6+lOf+SvJrb8omrgZzK+IXmh5Fg2OLSlCW4jjjdm,2.801132,3.335237,4.391424,0,2591700,15.735572,Interactive,1,1.75
2700,ZXTIUCxfgq3vkGZD/2BQw+TV6+lOf+SvJrb8omrgZzK+IXmh5Fg2OLSlCW4jjjdm,2.598778,3.748495,8.562498,0,2591700,15.735572,Interactive,1,1.75
3000,ZXTIUCxfgq3vkGZD/2BQw+TV6+lOf+SvJrb8omrgZzK+IXmh5Fg2OLSlCW4jjjdm,2.455589,3.218986,4.375188,0,2591700,15.735572,Interactive,1,1.75
3300,ZXTIUCxfgq3vkGZD/2BQw+TV6+lOf+SvJrb8omrgZzK+IXmh5Fg2OLSlCW4jjjdm,2.782213,3.360164,4.354771,0,2591700,15.735572,Interactive,1,1.75
3600,ZXTIUCxfgq3vkGZD/2BQw+TV6+lOf+SvJrb8omrgZzK+IXmh5Fg2OLSlCW4jjjdm,2.699594,3.306786,4.096215,0,2591700,15.735572,Interactive,1,1.75
3900,ZXTIUCxfgq3vkGZD/2BQw+TV6+lOf+SvJrb8omrgZzK+IXmh5Fg2OLSlCW4jjjdm,2.581789,3.3247910000000003,4.585146,0,2591700,15.735572,Interactive,1,1.75
4200,ZXTIUCxfgq3vkGZD/2BQw+TV6+lOf+SvJrb8omrgZzK+IXmh5Fg2OLSlCW4jjjdm,2.907802,3.3174589999999995,4.27759,0,2591700,15.735572,Interactive,1,1.75
4500,ZXTIUCxfgq3vkGZD/2BQw+TV6+lOf+SvJrb8omrgZzK+IXmh5Fg2OLSlCW4jjjdm,2.672707,5.419674,21.44053,0,2591700,15.735572,Interactive,1,1.75
4800,ZXTIUCxfgq3vkGZD/2BQw+TV6+lOf+SvJrb8omrgZzK+IXmh5Fg2OLSlCW4jjjdm,2.627883,3.351365,4.4899260000000005,0,2591700,15.735572,Interactive,1,1.75
5100,ZXTIUCxfgq3vkGZD/2BQw+TV6+lOf+SvJrb8omrgZzK+IXmh5Fg2OLSlCW4jjjdm,2.87035,3.376295,4.369764,0,2591700,15.735572,Interactive,1,1.75
5400,ZXTIUCxfgq3vkGZD/2BQw+TV6+lOf+SvJrb8omrgZzK+IXmh5Fg2OLSlCW4jjjdm,2.806356,4.205938,12.318466,0,2591700,15.735572,Interactive,1,1.75
5700,ZXTIUCxfgq3vkGZD/2BQw+TV6+lOf+SvJrb8omrgZzK+IXmh5Fg2OLSlCW4jjjdm,2.570868,3.653113,6.436947,0,2591700,15.735572,Interactive,1,1.75
6000,ZXTIUCxfgq3vkGZD/2BQw+TV6+lOf+SvJrb8omrgZzK+IXmh5Fg2OLSlCW4jjjdm,2.852673,3.352928,4.502913,0,2591700,15.735572,Interactive,1,1.75
6300,ZXTIUCxfgq3vkGZD/2BQw+TV6+lOf+SvJrb8omrgZzK+IXmh5Fg2OLSlCW4jjjdm,2.76213,3.481299,4.487509999999999,0,2591700,15.735572,Interactive,1,1.75
6600,ZXTIUCxfgq3vkGZD/2BQw+TV6+lOf+SvJrb8omrgZzK+IXmh5Fg2OLSlCW4jjjdm,2.701838,3.427774,4.581632,0,2591700,15.735572,Interactive,1,1.75
6900,ZXTIUCxfgq3vkGZD/2BQw+TV6+lOf+SvJrb8omrgZzK+IXmh5Fg2OLSlCW4jjjdm,2.54343,3.303033,4.435827,0,2591700,15.735572,Interactive,1,1.75
7200,ZXTIUCxfgq3vkGZD/2BQw+TV6+lOf+SvJrb8omrgZzK+IXmh5Fg2OLSlCW4jjjdm,2.801073,3.411078,4.364776999999999,0,2591700,15.735572,Interactive,1,1.75
7500,ZXTIUCxfgq3vkGZD/2BQw+TV6+lOf+SvJrb8omrgZzK+IXmh5Fg2OLSlCW4jjjdm,2.2147360000000003,3.346798,4.615236,0,2591700,15.735572,Interactive,1,1.75
7800,ZXTIUCxfgq3vkGZD/2BQw+TV6+lOf+SvJrb8omrgZzK+IXmh5Fg2OLSlCW4jjjdm,2.842881,3.352639,4.504339,0,2591700,15.735572,Interactive,1,1.75
8100,ZXTIUCxfgq3vkGZD/2BQw+TV6+lOf+SvJrb8omrgZzK+IXmh5Fg2OLSlCW4jjjdm,2.698956,6.163936,24.983858,0,2591700,15.735572,Interactive,1,1.75
8400,ZXTIUCxfgq3vkGZD/2BQw+TV6+lOf+SvJrb8omrgZzK+IXmh5Fg2OLSlCW4jjjdm,2.67018,3.322651,4.5551900000000005,0,2591700,15.735572,Interactive,1,1.75
8700,ZXTIUCxfgq3vkGZD/2BQw+TV6+lOf+SvJrb8omrgZzK+IXmh5Fg2OLSlCW4jjjdm,2.960127,3.446429,4.724437,0,2591700,15.735572,Interactive,1,1.75
9000,ZXTIUCxfgq3vkGZD/2BQw+TV6+lOf+SvJrb8omrgZzK+IXmh5Fg2OLSlCW4jjjdm,2.677355,3.460249,4.284251,0,2591700,15.735572,Interactive,1,1.75
9300,ZXTIUCxfgq3vkGZD/2BQw+TV6+lOf+SvJrb8omrgZzK+IXmh5Fg2OLSlCW4jjjdm,2.544707,3.33827,4.869394000000001,0,2591700,15.735572,Interactive,1,1.75
9600,ZXTIUCxfgq3vkGZD/2BQw+TV6+lOf+SvJrb8omrgZzK+IXmh5Fg2OLSlCW4jjjdm,2.844246,3.440847,4.35104,0,2591700,15.735572,Interactive,1,1.75
9900,ZXTIUCxfgq3vkGZD/2BQw+TV6+lOf+SvJrb8omrgZzK+IXmh5Fg2OLSlCW4jjjdm,2.570248,3.314592,4.093974,0,2591700,15.735572,Interactive,1,1.75
10200,ZXTIUCxfgq3vkGZD/2BQw+TV6+lOf+SvJrb8omrgZzK+IXmh5Fg2OLSlCW4jjjdm,2.540826,3.329942,4.606715,0,2591700,15.735572,Interactive,1,1.75
10500,ZXTIUCxfgq3vkGZD/2BQw+TV6+lOf+SvJrb8omrgZzK+IXmh5Fg2OLSlCW4jjjdm,2.778894,3.430132,4.43916,0,2591700,15.735572,Interactive,1,1.75
10800,ZXTIUCxfgq3vkGZD/2BQw+TV6+lOf+SvJrb8omrgZzK+IXmh5Fg2OLSlCW4jjjdm,2.672315,4.028336,10.559703,0,2591700,15.735572,Interactive,1,1.75
11100,ZXTIUCxfgq3vkGZD/2BQw+TV6+lOf+SvJrb8omrgZzK+IXmh5Fg2OLSlCW4jjjdm,2.268781,3.25026,4.217185,0,2591700,15.735572,Interactive,1,1.75
11400,ZXTIUCxfgq3vkGZD/2BQw+TV6+lOf+SvJrb8omrgZzK+IXmh5Fg2OLSlCW4jjjdm,2.792364,3.472208,4.563586,0,2591700,15.735572,Interactive,1,1.75
11700,ZXTIUCxfgq3vkGZD/2BQw+TV6+lOf+SvJrb8omrgZzK+IXmh5Fg2OLSlCW4jjjdm,2.236812,5.371133,24.824688,0,2591700,15.735572,Interactive,1,1.75
12000,ZXTIUCxfgq3vkGZD/2BQw+TV6+lOf+SvJrb8omrgZzK+IXmh5Fg2OLSlCW4jjjdm,2.641969,3.353214,4.159342,0,2591700,15.735572,Interactive,1,1.75
12300,ZXTIUCxfgq3vkGZD/2BQw+TV6+lOf+SvJrb8omrgZzK+IXmh5Fg2OLSlCW4jjjdm,2.838633,3.802539,6.534929,0,2591700,15.735572,Interactive,1,1.75
12600,ZXTIUCxfgq3vkGZD/2BQw+TV6+lOf+SvJrb8omrgZzK+IXmh5Fg2OLSlCW4jjjdm,2.679751,3.4291690000000004,4.577016,0,2591700,15.735572,Interactive,1,1.75
12900,ZXTIUCxfgq3vkGZD/2BQw+TV6+lOf+SvJrb8omrgZzK+IXmh5Fg2OLSlCW4jjjdm,2.573821,3.403897,4.392962000000001,0,2591700,15.735572,Interactive,1,1.75
13200,ZXTIUCxfgq3vkGZD/2BQw+TV6+lOf+SvJrb8omrgZzK+IXmh5Fg2OLSlCW4jjjdm,2.676091,3.4220620000000004,4.265484,0,2591700,15.735572,Interactive,1,1.75
13500,ZXTIUCxfgq3vkGZD/2BQw+TV6+lOf+SvJrb8omrgZzK+IXmh5Fg2OLSlCW4jjjdm,2.647753,3.368327,4.893598,0,2591700,15.735572,Interactive,1,1.75
13800,ZXTIUCxfgq3vkGZD/2BQw+TV6+lOf+SvJrb8omrgZzK+IXmh5Fg2OLSlCW4jjjdm,2.654957,3.382584,4.487191999999999,0,2591700,15.735572,Interactive,1,1.75
14100,ZXTIUCxfgq3vkGZD/2BQw+TV6+lOf+SvJrb8omrgZzK+IXmh5Fg2OLSlCW4jjjdm,2.460327,3.384539,5.274361,0,2591700,15.735572,Interactive,1,1.75
14400,ZXTIUCxfgq3vkGZD/2BQw+TV6+lOf+SvJrb8omrgZzK+IXmh5Fg2OLSlCW4jjjdm,2.01804,3.288987,5.193904,0,2591700,15.735572,Interactive,1,1.75
14700,ZXTIUCxfgq3vkGZD/2BQw+TV6+lOf+SvJrb8omrgZzK+IXmh5Fg2OLSlCW4jjjdm,2.608657,3.335084,4.0547580000000005,0,2591700,15.735572,Interactive,1,1.75
15000,ZXTIUCxfgq3vkGZD/2BQw+TV6+lOf+SvJrb8omrgZzK+IXmh5Fg2OLSlCW4jjjdm,2.242217,3.353211,5.097479,0,2591700,15.735572,Interactive,1,1.75
15300,ZXTIUCxfgq3vkGZD/2BQw+TV6+lOf+SvJrb8omrgZzK+IXmh5Fg2OLSlCW4jjjdm,2.751863,5.460227,19.869583,0,2591700,15.735572,Interactive,1,1.75
15600,ZXTIUCxfgq3vkGZD/2BQw+TV6+lOf+SvJrb8omrgZzK+IXmh5Fg2OLSlCW4jjjdm,2.283359,3.358802,4.595242,0,2591700,15.735572,Interactive,1,1.75
15900,ZXTIUCxfgq3vkGZD/2BQw+TV6+lOf+SvJrb8omrgZzK+IXmh5Fg2OLSlCW4jjjdm,2.743474,3.425669,4.810246,0,2591700,15.735572,Interactive,1,1.75
16200,ZXTIUCxfgq3vkGZD/2BQw+TV6+lOf+SvJrb8omrgZzK+IXmh5Fg2OLSlCW4jjjdm,2.220332,3.2421740000000003,4.79974,0,2591700,15.735572,Interactive,1,1.75
16500,ZXTIUCxfgq3vkGZD/2BQw+TV6+lOf+SvJrb8omrgZzK+IXmh5Fg2OLSlCW4jjjdm,2.6341490000000003,3.39846,4.17522,0,2591700,15.735572,Interactive,1,1.75
16800,ZXTIUCxfgq3vkGZD/2BQw+TV6+lOf+SvJrb8omrgZzK+IXmh5Fg2OLSlCW4jjjdm,2.77732,3.522924,5.2846660000000005,0,2591700,15.735572,Interactive,1,1.75
17100,ZXTIUCxfgq3vkGZD/2BQw+TV6+lOf+SvJrb8omrgZzK+IXmh5Fg2OLSlCW4jjjdm,2.560412,3.3375980000000003,5.062079,0,2591700,15.735572,Interactive,1,1.75
17400,ZXTIUCxfgq3vkGZD/2BQw+TV6+lOf+SvJrb8omrgZzK+IXmh5Fg2OLSlCW4jjjdm,2.630123,3.3342339999999995,4.366656,0,2591700,15.735572,Interactive,1,1.75
17700,ZXTIUCxfgq3vkGZD/2BQw+TV6+lOf+SvJrb8omrgZzK+IXmh5Fg2OLSlCW4jjjdm,2.784824,3.413819,5.013998,0,2591700,15.735572,Interactive,1,1.75
18000,ZXTIUCxfgq3vkGZD/2BQw+TV6+lOf+SvJrb8omrgZzK+IXmh5Fg2OLSlCW4jjjdm,2.617901,3.353569,4.975234,0,2591700,15.735572,Interactive,1,1.75
18300,ZXTIUCxfgq3vkGZD/2BQw+TV6+lOf+SvJrb8omrgZzK+IXmh5Fg2OLSlCW4jjjdm,2.536925,3.323352,4.251336,0,2591700,15.735572,Interactive,1,1.75
18600,ZXTIUCxfgq3vkGZD/2BQw+TV6+lOf+SvJrb8omrgZzK+IXmh5Fg2OLSlCW4jjjdm,2.861702,3.411824,4.99155,0,2591700,15.735572,Interactive,1,1.75
18900,ZXTIUCxfgq3vkGZD/2BQw+TV6+lOf+SvJrb8omrgZzK+IXmh5Fg2OLSlCW4jjjdm,2.731078,5.48424,23.663813,0,2591700,15.735572,Interactive,1,1.75
19200,ZXTIUCxfgq3vkGZD/2BQw+TV6+lOf+SvJrb8omrgZzK+IXmh5Fg2OLSlCW4jjjdm,2.616419,3.4165870000000003,4.511133999999999,0,2591700,15.735572,Interactive,1,1.75
19500,ZXTIUCxfgq3vkGZD/2BQw+TV6+lOf+SvJrb8omrgZzK+IXmh5Fg2OLSlCW4jjjdm,2.501012,3.475734,5.245788,0,2591700,15.735572,Interactive,1,1.75
19800,ZXTIUCxfgq3vkGZD/2BQw+TV6+lOf+SvJrb8omrgZzK+IXmh5Fg2OLSlCW4jjjdm,2.73036,3.3856550000000003,4.824098,0,2591700,15.735572,Interactive,1,1.75
20100,ZXTIUCxfgq3vkGZD/2BQw+TV6+lOf+SvJrb8omrgZzK+IXmh5Fg2OLSlCW4jjjdm,2.6350290000000003,3.4556440000000004,4.254678,0,2591700,15.735572,Interactive,1,1.75
20400,ZXTIUCxfgq3vkGZD/2BQw+TV6+lOf+SvJrb8omrgZzK+IXmh5Fg2OLSlCW4jjjdm,2.491267,3.374642,5.286501,0,2591700,15.735572,Interactive,1,1.75
20700,ZXTIUCxfgq3vkGZD/2BQw+TV6+lOf+SvJrb8omrgZzK+IXmh5Fg2OLSlCW4jjjdm,2.576377,10.043156,45.969616,0,2591700,15.735572,Interactive,1,1.75
21000,ZXTIUCxfgq3vkGZD/2BQw+TV6+lOf+SvJrb8omrgZzK+IXmh5Fg2OLSlCW4jjjdm,2.64931,3.364271,4.522958,0,2591700,15.735572,Interactive,1,1.75
21300,ZXTIUCxfgq3vkGZD/2BQw+TV6+lOf+SvJrb8omrgZzK+IXmh5Fg2OLSlCW4jjjdm,2.839768,3.429374,4.936705,0,2591700,15.735572,Interactive,1,1.75
21600,ZXTIUCxfgq3vkGZD/2BQw+TV6+lOf+SvJrb8omrgZzK+IXmh5Fg2OLSlCW4jjjdm,2.139369,3.228165,4.962451000000001,0,2591700,15.735572,Interactive,1,1.75
21900,ZXTIUCxfgq3vkGZD/2BQw+TV6+lOf+SvJrb8omrgZzK+IXmh5Fg2OLSlCW4jjjdm,2.765908,3.360942,3.97909,0,2591700,15.735572,Interactive,1,1.75
22200,ZXTIUCxfgq3vkGZD/2BQw+TV6+lOf+SvJrb8omrgZzK+IXmh5Fg2OLSlCW4jjjdm,2.745956,3.388418,5.165543,0,2591700,15.735572,Interactive,1,1.75
22500,ZXTIUCxfgq3vkGZD/2BQw+TV6+lOf+SvJrb8omrgZzK+IXmh5Fg2OLSlCW4jjjdm,2.658496,5.489158,23.713373,0,2591700,15.735572,Interactive,1,1.75
22800,ZXTIUCxfgq3vkGZD/2BQw+TV6+lOf+SvJrb8omrgZzK+IXmh5Fg2OLSlCW4jjjdm,2.638526,3.3304370000000003,4.029873,0,2591700,15.735572,Interactive,1,1.75
23100,ZXTIUCxfgq3vkGZD/2BQw+TV6+lOf+SvJrb8omrgZzK+IXmh5Fg2OLSlCW4jjjdm,1.909252,3.3328800000000003,4.798849,0,2591700,15.735572,Interactive,1,1.75
23400,ZXTIUCxfgq3vkGZD/2BQw+TV6+lOf+SvJrb8omrgZzK+IXmh5Fg2OLSlCW4jjjdm,2.5833310000000003,3.417047,4.889471,0,2591700,15.735572,Interactive,1,1.75
23700,ZXTIUCxfgq3vkGZD/2BQw+TV6+lOf+SvJrb8omrgZzK+IXmh5Fg2OLSlCW4jjjdm,2.124189,3.220926,3.844652,0,2591700,15.735572,Interactive,1,1.75
24000,ZXTIUCxfgq3vkGZD/2BQw+TV6+lOf+SvJrb8omrgZzK+IXmh5Fg2OLSlCW4jjjdm,2.716977,3.396075,4.764908,0,2591700,15.735572,Interactive,1,1.75
24300,ZXTIUCxfgq3vkGZD/2BQw+TV6+lOf+SvJrb8omrgZzK+IXmh5Fg2OLSlCW4jjjdm,2.577319,3.64552,6.838045,0,2591700,15.735572,Interactive,1,1.75
24600,ZXTIUCxfgq3vkGZD/2BQw+TV6+lOf+SvJrb8omrgZzK+IXmh5Fg2OLSlCW4jjjdm,2.712217,3.310341,3.794047,0,2591700,15.735572,Interactive,1,1.75
24900,ZXTIUCxfgq3vkGZD/2BQw+TV6+lOf+SvJrb8omrgZzK+IXmh5Fg2OLSlCW4jjjdm,2.681999,3.378384,4.837276,0,2591700,15.735572,Interactive,1,1.75
25200,ZXTIUCxfgq3vkGZD/2BQw+TV6+lOf+SvJrb8omrgZzK+IXmh5Fg2OLSlCW4jjjdm,1.982195,3.2301290000000003,4.650936,0,2591700,15.735572,Interactive,1,1.75
25500,ZXTIUCxfgq3vkGZD/2BQw+TV6+lOf+SvJrb8omrgZzK+IXmh5Fg2OLSlCW4jjjdm,2.629342,3.209683,4.093571,0,2591700,15.735572,Interactive,1,1.75
25800,ZXTIUCxfgq3vkGZD/2BQw+TV6+lOf+SvJrb8omrgZzK+IXmh5Fg2OLSlCW4jjjdm,2.0212790000000003,3.285282,3.985606,0,2591700,15.735572,Interactive,1,1.75
26100,ZXTIUCxfgq3vkGZD/2BQw+TV6+lOf+SvJrb8omrgZzK+IXmh5Fg2OLSlCW4jjjdm,2.569407,5.450328,17.975084,0,2591700,15.735572,Interactive,1,1.75
26400,ZXTIUCxfgq3vkGZD/2BQw+TV6+lOf+SvJrb8omrgZzK+IXmh5Fg2OLSlCW4jjjdm,1.947548,3.076719,3.969657,0,2591700,15.735572,Interactive,1,1.75
26700,ZXTIUCxfgq3vkGZD/2BQw+TV6+lOf+SvJrb8omrgZzK+IXmh5Fg2OLSlCW4jjjdm,2.728146,3.536557,4.558564,0,2591700,15.735572,Interactive,1,1.75
27000,ZXTIUCxfgq3vkGZD/2BQw+TV6+lOf+SvJrb8omrgZzK+IXmh5Fg2OLSlCW4jjjdm,1.825211,3.059556,4.050491,0,2591700,15.735572,Interactive,1,1.75
27300,ZXTIUCxfgq3vkGZD/2BQw+TV6+lOf+SvJrb8omrgZzK+IXmh5Fg2OLSlCW4jjjdm,2.406267,3.175595,4.046287,0,2591700,15.735572,Interactive,1,1.75
27600,ZXTIUCxfgq3vkGZD/2BQw+TV6+lOf+SvJrb8omrgZzK+IXmh5Fg2OLSlCW4jjjdm,2.062989,3.250921,4.382099,0,2591700,15.735572,Interactive,1,1.75
27900,ZXTIUCxfgq3vkGZD/2BQw+TV6+lOf+SvJrb8omrgZzK+IXmh5Fg2OLSlCW4jjjdm,2.217955,3.181052,4.825207,0,2591700,15.735572,Interactive,1,1.75
28200,ZXTIUCxfgq3vkGZD/2BQw+TV6+lOf+SvJrb8omrgZzK+IXmh5Fg2OLSlCW4jjjdm,2.769725,3.320057,4.133033,0,2591700,15.735572,Interactive,1,1.75
28500,ZXTIUCxfgq3vkGZD/2BQw+TV6+lOf+SvJrb8omrgZzK+IXmh5Fg2OLSlCW4jjjdm,2.842078,3.614176,4.732636,0,2591700,15.735572,Interactive,1,1.75
28800,ZXTIUCxfgq3vkGZD/2BQw+TV6+lOf+SvJrb8omrgZzK+IXmh5Fg2OLSlCW4jjjdm,2.649172,3.400214,5.143453,0,2591700,15.735572,Interactive,1,1.75
29100,ZXTIUCxfgq3vkGZD/2BQw+TV6+lOf+SvJrb8omrgZzK+IXmh5Fg2OLSlCW4jjjdm,2.431119,3.040523,3.775168,0,2591700,15.735572,Interactive,1,1.75
29400,ZXTIUCxfgq3vkGZD/2BQw+TV6+lOf+SvJrb8omrgZzK+IXmh5Fg2OLSlCW4jjjdm,2.561587,3.500946,4.711679,0,2591700,15.735572,Interactive,1,1.75
29700,ZXTIUCxfgq3vkGZD/2BQw+TV6+lOf+SvJrb8omrgZzK+IXmh5Fg2OLSlCW4jjjdm,2.166124,5.1663760000000005,23.385399,0,2591700,15.735572,Interactive,1,1.75
30000,ZXTIUCxfgq3vkGZD/2BQw+TV6+lOf+SvJrb8omrgZzK+IXmh5Fg2OLSlCW4jjjdm,2.469061,3.2833620000000003,4.183242,0,2591700,15.735572,Interactive,1,1.75
30300,ZXTIUCxfgq3vkGZD/2BQw+TV6+lOf+SvJrb8omrgZzK+IXmh5Fg2OLSlCW4jjjdm,2.581637,3.337653,4.2757510000000005,0,2591700,15.735572,Interactive,1,1.75
30600,ZXTIUCxfgq3vkGZD/2BQw+TV6+lOf+SvJrb8omrgZzK+IXmh5Fg2OLSlCW4jjjdm,2.493193,3.224255,4.727553,0,2591700,15.735572,Interactive,1,1.75
30900,ZXTIUCxfgq3vkGZD/2BQw+TV6+lOf+SvJrb8omrgZzK+IXmh5Fg2OLSlCW4jjjdm,2.534152,3.229912,4.238329,0,2591700,15.735572,Interactive,1,1.75
31200,ZXTIUCxfgq3vkGZD/2BQw+TV6+lOf+SvJrb8omrgZzK+IXmh5Fg2OLSlCW4jjjdm,2.16155,3.33048,4.444491,0,2591700,15.735572,Interactive,1,1.75
31500,ZXTIUCxfgq3vkGZD/2BQw+TV6+lOf+SvJrb8omrgZzK+IXmh5Fg2OLSlCW4jjjdm,2.52358,3.346144,4.876026,0,2591700,15.735572,Interactive,1,1.75
31800,ZXTIUCxfgq3vkGZD/2BQw+TV6+lOf+SvJrb8omrgZzK+IXmh5Fg2OLSlCW4jjjdm,2.645862,3.1536720000000003,3.818842,0,2591700,15.735572,Interactive,1,1.75
32100,ZXTIUCxfgq3vkGZD/2BQw+TV6+lOf+SvJrb8omrgZzK+IXmh5Fg2OLSlCW4jjjdm,2.771668,3.5528510000000004,4.528473,0,2591700,15.735572,Interactive,1,1.75
32400,ZXTIUCxfgq3vkGZD/2BQw+TV6+lOf+SvJrb8omrgZzK+IXmh5Fg2OLSlCW4jjjdm,2.563545,3.2275720000000003,4.233193,0,2591700,15.735572,Interactive,1,1.75
32700,ZXTIUCxfgq3vkGZD/2BQw+TV6+lOf+SvJrb8omrgZzK+IXmh5Fg2OLSlCW4jjjdm,2.499966,3.209678,4.075261,0,2591700,15.735572,Interactive,1,1.75
33000,ZXTIUCxfgq3vkGZD/2BQw+TV6+lOf+SvJrb8omrgZzK+IXmh5Fg2OLSlCW4jjjdm,2.530598,3.367008,4.458206,0,2591700,15.735572,Interactive,1,1.75
33300,ZXTIUCxfgq3vkGZD/2BQw+TV6+lOf+SvJrb8omrgZzK+IXmh5Fg2OLSlCW4jjjdm,2.513845,5.270724,23.681493,0,2591700,15.735572,Interactive,1,1.75
33600,ZXTIUCxfgq3vkGZD/2BQw+TV6+lOf+SvJrb8omrgZzK+IXmh5Fg2OLSlCW4jjjdm,2.496526,3.228183,4.299076,0,2591700,15.735572,Interactive,1,1.75
33900,ZXTIUCxfgq3vkGZD/2BQw+TV6+lOf+SvJrb8omrgZzK+IXmh5Fg2OLSlCW4jjjdm,2.606919,3.351643,4.266807,0,2591700,15.735572,Interactive,1,1.75
34200,ZXTIUCxfgq3vkGZD/2BQw+TV6+lOf+SvJrb8omrgZzK+IXmh5Fg2OLSlCW4jjjdm,2.5159700000000003,3.343229,4.800911,0,2591700,15.735572,Interactive,1,1.75
34500,ZXTIUCxfgq3vkGZD/2BQw+TV6+lOf+SvJrb8omrgZzK+IXmh5Fg2OLSlCW4jjjdm,2.0415400000000004,2.997689,3.806379,0,2591700,15.735572,Interactive,1,1.75
34800,ZXTIUCxfgq3vkGZD/2BQw+TV6+lOf+SvJrb8omrgZzK+IXmh5Fg2OLSlCW4jjjdm,2.799317,3.526506,4.644662,0,2591700,15.735572,Interactive,1,1.75
35100,ZXTIUCxfgq3vkGZD/2BQw+TV6+lOf+SvJrb8omrgZzK+IXmh5Fg2OLSlCW4jjjdm,2.453889,3.124096,4.228516,0,2591700,15.735572,Interactive,1,1.75
35400,ZXTIUCxfgq3vkGZD/2BQw+TV6+lOf+SvJrb8omrgZzK+IXmh5Fg2OLSlCW4jjjdm,2.610933,3.204952,4.012956,0,2591700,15.735572,Interactive,1,1.75
35700,ZXTIUCxfgq3vkGZD/2BQw+TV6+lOf+SvJrb8omrgZzK+IXmh5Fg2OLSlCW4jjjdm,2.748811,4.018503,9.42109,0,2591700,15.735572,Interactive,1,1.75
36000,ZXTIUCxfgq3vkGZD/2BQw+TV6+lOf+SvJrb8omrgZzK+IXmh5Fg2OLSlCW4jjjdm,2.694213,3.820597,8.951192,0,2591700,15.735572,Interactive,1,1.75
36300,ZXTIUCxfgq3vkGZD/2BQw+TV6+lOf+SvJrb8omrgZzK+IXmh5Fg2OLSlCW4jjjdm,2.628659,3.20633,4.066579,0,2591700,15.735572,Interactive,1,1.75
36600,ZXTIUCxfgq3vkGZD/2BQw+TV6+lOf+SvJrb8omrgZzK+IXmh5Fg2OLSlCW4jjjdm,2.8939470000000003,3.684419,5.678416,0,2591700,15.735572,Interactive,1,1.75
36900,ZXTIUCxfgq3vkGZD/2BQw+TV6+lOf+SvJrb8omrgZzK+IXmh5Fg2OLSlCW4jjjdm,2.633419,5.39383,16.00996,0,2591700,15.735572,Interactive,1,1.75
37200,ZXTIUCxfgq3vkGZD/2BQw+TV6+lOf+SvJrb8omrgZzK+IXmh5Fg2OLSlCW4jjjdm,2.516233,3.385133,5.388121,0,2591700,15.735572,Interactive,1,1.75
37500,ZXTIUCxfgq3vkGZD/2BQw+TV6+lOf+SvJrb8omrgZzK+IXmh5Fg2OLSlCW4jjjdm,2.614228,3.5428,5.227569,0,2591700,15.735572,Interactive,1,1.75
37800,ZXTIUCxfgq3vkGZD/2BQw+TV6+lOf+SvJrb8omrgZzK+IXmh5Fg2OLSlCW4jjjdm,2.8586970000000003,6.112592,31.673536,0,2591700,15.735572,Interactive,1,1.75
38100,ZXTIUCxfgq3vkGZD/2BQw+TV6+lOf+SvJrb8omrgZzK+IXmh5Fg2OLSlCW4jjjdm,2.585003,3.269688,4.984303,0,2591700,15.735572,Interactive,1,1.75
38400,ZXTIUCxfgq3vkGZD/2BQw+TV6+lOf+SvJrb8omrgZzK+IXmh5Fg2OLSlCW4jjjdm,2.764242,3.533402,5.295714,0,2591700,15.735572,Interactive,1,1.75
38700,ZXTIUCxfgq3vkGZD/2BQw+TV6+lOf+SvJrb8omrgZzK+IXmh5Fg2OLSlCW4jjjdm,2.715336,3.715626,6.555373,0,2591700,15.735572,Interactive,1,1.75
39000,ZXTIUCxfgq3vkGZD/2BQw+TV6+lOf+SvJrb8omrgZzK+IXmh5Fg2OLSlCW4jjjdm,2.670687,3.233083,4.945462,0,2591700,15.735572,Interactive,1,1.75
39300,ZXTIUCxfgq3vkGZD/2BQw+TV6+lOf+SvJrb8omrgZzK+IXmh5Fg2OLSlCW4jjjdm,2.055912,3.416214,5.2011080000000005,0,2591700,15.735572,Interactive,1,1.75
39600,ZXTIUCxfgq3vkGZD/2BQw+TV6+lOf+SvJrb8omrgZzK+IXmh5Fg2OLSlCW4jjjdm,2.766233,3.405298,4.065759,0,2591700,15.735572,Interactive,1,1.75
39900,ZXTIUCxfgq3vkGZD/2BQw+TV6+lOf+SvJrb8omrgZzK+IXmh5Fg2OLSlCW4jjjdm,2.66941,3.246982,5.007787,0,2591700,15.735572,Interactive,1,1.75
40200,ZXTIUCxfgq3vkGZD/2BQw+TV6+lOf+SvJrb8omrgZzK+IXmh5Fg2OLSlCW4jjjdm,2.869196,3.615898000000001,5.57966,0,2591700,15.735572,Interactive,1,1.75
40500,ZXTIUCxfgq3vkGZD/2BQw+TV6+lOf+SvJrb8omrgZzK+IXmh5Fg2OLSlCW4jjjdm,2.179208,5.321931,23.625039,0,2591700,15.735572,Interactive,1,1.75
40800,ZXTIUCxfgq3vkGZD/2BQw+TV6+lOf+SvJrb8omrgZzK+IXmh5Fg2OLSlCW4jjjdm,2.610859,3.283034,5.174213,0,2591700,15.735572,Interactive,1,1.75
41100,ZXTIUCxfgq3vkGZD/2BQw+TV6+lOf+SvJrb8omrgZzK+IXmh5Fg2OLSlCW4jjjdm,2.074373,3.528067,5.658012,0,2591700,15.735572,Interactive,1,1.75
41400,ZXTIUCxfgq3vkGZD/2BQw+TV6+lOf+SvJrb8omrgZzK+IXmh5Fg2OLSlCW4jjjdm,2.302147,3.301349,3.950964,0,2591700,15.735572,Interactive,1,1.75
41700,ZXTIUCxfgq3vkGZD/2BQw+TV6+lOf+SvJrb8omrgZzK+IXmh5Fg2OLSlCW4jjjdm,2.5977650000000003,3.319483,5.302258999999999,0,2591700,15.735572,Interactive,1,1.75
42000,ZXTIUCxfgq3vkGZD/2BQw+TV6+lOf+SvJrb8omrgZzK+IXmh5Fg2OLSlCW4jjjdm,2.721194,3.697143,5.220694,0,2591700,15.735572,Interactive,1,1.75
42300,ZXTIUCxfgq3vkGZD/2BQw+TV6+lOf+SvJrb8omrgZzK+IXmh5Fg2OLSlCW4jjjdm,2.622521,3.425536,4.309328,0,2591700,15.735572,Interactive,1,1.75
42600,ZXTIUCxfgq3vkGZD/2BQw+TV6+lOf+SvJrb8omrgZzK+IXmh5Fg2OLSlCW4jjjdm,2.487417,3.239657,5.367483999999999,0,2591700,15.735572,Interactive,1,1.75
42900,ZXTIUCxfgq3vkGZD/2BQw+TV6+lOf+SvJrb8omrgZzK+IXmh5Fg2OLSlCW4jjjdm,2.863457,3.578205,5.547936,0,2591700,15.735572,Interactive,1,1.75
43200,ZXTIUCxfgq3vkGZD/2BQw+TV6+lOf+SvJrb8omrgZzK+IXmh5Fg2OLSlCW4jjjdm,2.461378,3.2876870000000005,4.207525,0,2591700,15.735572,Interactive,1,1.75
43500,ZXTIUCxfgq3vkGZD/2BQw+TV6+lOf+SvJrb8omrgZzK+IXmh5Fg2OLSlCW4jjjdm,2.577226,3.22796,5.031212,0,2591700,15.735572,Interactive,1,1.75
43800,ZXTIUCxfgq3vkGZD/2BQw+TV6+lOf+SvJrb8omrgZzK+IXmh5Fg2OLSlCW4jjjdm,2.715295,3.641947,5.547891,0,2591700,15.735572,Interactive,1,1.75
44100,ZXTIUCxfgq3vkGZD/2BQw+TV6+lOf+SvJrb8omrgZzK+IXmh5Fg2OLSlCW4jjjdm,2.3707990000000003,3.289881,4.10855,0,2591700,15.735572,Interactive,1,1.75
44400,ZXTIUCxfgq3vkGZD/2BQw+TV6+lOf+SvJrb8omrgZzK+IXmh5Fg2OLSlCW4jjjdm,2.567149,3.201144,5.088252,0,2591700,15.735572,Interactive,1,1.75
44700,ZXTIUCxfgq3vkGZD/2BQw+TV6+lOf+SvJrb8omrgZzK+IXmh5Fg2OLSlCW4jjjdm,2.812184,3.732749,5.236204,0,2591700,15.735572,Interactive,1,1.75
45000,ZXTIUCxfgq3vkGZD/2BQw+TV6+lOf+SvJrb8omrgZzK+IXmh5Fg2OLSlCW4jjjdm,2.656462,3.331178,3.993344,0,2591700,15.735572,Interactive,1,1.75
45300,ZXTIUCxfgq3vkGZD/2BQw+TV6+lOf+SvJrb8omrgZzK+IXmh5Fg2OLSlCW4jjjdm,2.523534,3.217602,4.984385,0,2591700,15.735572,Interactive,1,1.75
45600,ZXTIUCxfgq3vkGZD/2BQw+TV6+lOf+SvJrb8omrgZzK+IXmh5Fg2OLSlCW4jjjdm,2.747205,3.53106,5.174487999999999,0,2591700,15.735572,Interactive,1,1.75
45900,ZXTIUCxfgq3vkGZD/2BQw+TV6+lOf+SvJrb8omrgZzK+IXmh5Fg2OLSlCW4jjjdm,2.682292,3.413678,4.361515,0,2591700,15.735572,Interactive,1,1.75
46200,ZXTIUCxfgq3vkGZD/2BQw+TV6+lOf+SvJrb8omrgZzK+IXmh5Fg2OLSlCW4jjjdm,2.656488,3.323652,5.246551,0,2591700,15.735572,Interactive,1,1.75
46500,ZXTIUCxfgq3vkGZD/2BQw+TV6+lOf+SvJrb8omrgZzK+IXmh5Fg2OLSlCW4jjjdm,2.989215,3.635059,5.481738,0,2591700,15.735572,Interactive,1,1.75
46800,ZXTIUCxfgq3vkGZD/2BQw+TV6+lOf+SvJrb8omrgZzK+IXmh5Fg2OLSlCW4jjjdm,2.721664,3.543381,4.357901999999999,0,2591700,15.735572,Interactive,1,1.75
47100,ZXTIUCxfgq3vkGZD/2BQw+TV6+lOf+SvJrb8omrgZzK+IXmh5Fg2OLSlCW4jjjdm,2.607895,3.2833300000000003,5.355534,0,2591700,15.735572,Interactive,1,1.75
47400,ZXTIUCxfgq3vkGZD/2BQw+TV6+lOf+SvJrb8omrgZzK+IXmh5Fg2OLSlCW4jjjdm,2.818877,4.069569,7.845584,0,2591700,15.735572,Interactive,1,1.75
47700,ZXTIUCxfgq3vkGZD/2BQw+TV6+lOf+SvJrb8omrgZzK+IXmh5Fg2OLSlCW4jjjdm,2.758376,5.659079,14.331771,0,2591700,15.735572,Interactive,1,1.75
48000,ZXTIUCxfgq3vkGZD/2BQw+TV6+lOf+SvJrb8omrgZzK+IXmh5Fg2OLSlCW4jjjdm,2.638641,3.740227,5.590305,0,2591700,15.735572,Interactive,1,1.75
48300,ZXTIUCxfgq3vkGZD/2BQw+TV6+lOf+SvJrb8omrgZzK+IXmh5Fg2OLSlCW4jjjdm,2.645605,3.816967,5.620632,0,2591700,15.735572,Interactive,1,1.75
48600,ZXTIUCxfgq3vkGZD/2BQw+TV6+lOf+SvJrb8omrgZzK+IXmh5Fg2OLSlCW4jjjdm,2.9661880000000003,8.183731,27.64912,0,2591700,15.735572,Interactive,1,1.75
48900,ZXTIUCxfgq3vkGZD/2BQw+TV6+lOf+SvJrb8omrgZzK+IXmh5Fg2OLSlCW4jjjdm,2.738016,3.524903,5.06267,0,2591700,15.735572,Interactive,1,1.75
49200,ZXTIUCxfgq3vkGZD/2BQw+TV6+lOf+SvJrb8omrgZzK+IXmh5Fg2OLSlCW4jjjdm,2.954295,4.043504,5.360163,0,2591700,15.735572,Interactive,1,1.75
49500,ZXTIUCxfgq3vkGZD/2BQw+TV6+lOf+SvJrb8omrgZzK+IXmh5Fg2OLSlCW4jjjdm,2.533128,10.282265,45.615438,0,2591700,15.735572,Interactive,1,1.75
49800,ZXTIUCxfgq3vkGZD/2BQw+TV6+lOf+SvJrb8omrgZzK+IXmh5Fg2OLSlCW4jjjdm,2.584816,3.509782,4.238008,0,2591700,15.735572,Interactive,1,1.75
50100,ZXTIUCxfgq3vkGZD/2BQw+TV6+lOf+SvJrb8omrgZzK+IXmh5Fg2OLSlCW4jjjdm,2.753212,3.832616,4.998831,0,2591700,15.735572,Interactive,1,1.75
50400,ZXTIUCxfgq3vkGZD/2BQw+TV6+lOf+SvJrb8omrgZzK+IXmh5Fg2OLSlCW4jjjdm,2.674588,3.4117580000000003,4.41467,0,2591700,15.735572,Interactive,1,1.75
50700,ZXTIUCxfgq3vkGZD/2BQw+TV6+lOf+SvJrb8omrgZzK+IXmh5Fg2OLSlCW4jjjdm,2.7743830000000003,3.622886,5.645067,0,2591700,15.735572,Interactive,1,1.75
51000,ZXTIUCxfgq3vkGZD/2BQw+TV6+lOf+SvJrb8omrgZzK+IXmh5Fg2OLSlCW4jjjdm,2.795564,3.563529,5.2177,0,2591700,15.735572,Interactive,1,1.75
51300,ZXTIUCxfgq3vkGZD/2BQw+TV6+lOf+SvJrb8omrgZzK+IXmh5Fg2OLSlCW4jjjdm,2.431895,5.470913,24.318322,0,2591700,15.735572,Interactive,1,1.75
51600,ZXTIUCxfgq3vkGZD/2BQw+TV6+lOf+SvJrb8omrgZzK+IXmh5Fg2OLSlCW4jjjdm,2.561369,3.373535,4.277832,0,2591700,15.735572,Interactive,1,1.75
51900,ZXTIUCxfgq3vkGZD/2BQw+TV6+lOf+SvJrb8omrgZzK+IXmh5Fg2OLSlCW4jjjdm,2.88019,3.825124,5.201494,0,2591700,15.735572,Interactive,1,1.75
52200,ZXTIUCxfgq3vkGZD/2BQw+TV6+lOf+SvJrb8omrgZzK+IXmh5Fg2OLSlCW4jjjdm,1.794039,3.263075,4.2151510000000005,0,2591700,15.735572,Interactive,1,1.75
52500,ZXTIUCxfgq3vkGZD/2BQw+TV6+lOf+SvJrb8omrgZzK+IXmh5Fg2OLSlCW4jjjdm,2.666499,3.3782080000000003,4.029076,0,2591700,15.735572,Interactive,1,1.75
52800,ZXTIUCxfgq3vkGZD/2BQw+TV6+lOf+SvJrb8omrgZzK+IXmh5Fg2OLSlCW4jjjdm,2.284149,3.532861,4.891508999999999,0,2591700,15.735572,Interactive,1,1.75
53100,ZXTIUCxfgq3vkGZD/2BQw+TV6+lOf+SvJrb8omrgZzK+IXmh5Fg2OLSlCW4jjjdm,2.425182,3.2160330000000004,4.164041,0,2591700,15.735572,Interactive,1,1.75
53400,ZXTIUCxfgq3vkGZD/2BQw+TV6+lOf+SvJrb8omrgZzK+IXmh5Fg2OLSlCW4jjjdm,2.008356,3.254457,3.98435,0,2591700,15.735572,Interactive,1,1.75
53700,ZXTIUCxfgq3vkGZD/2BQw+TV6+lOf+SvJrb8omrgZzK+IXmh5Fg2OLSlCW4jjjdm,2.726633,3.530237,5.061897,0,2591700,15.735572,Interactive,1,1.75
54000,ZXTIUCxfgq3vkGZD/2BQw+TV6+lOf+SvJrb8omrgZzK+IXmh5Fg2OLSlCW4jjjdm,1.7839029999999998,3.046625,4.042287,0,2591700,15.735572,Interactive,1,1.75
54300,ZXTIUCxfgq3vkGZD/2BQw+TV6+lOf+SvJrb8omrgZzK+IXmh5Fg2OLSlCW4jjjdm,2.65293,3.315572,4.1905980000000005,0,2591700,15.735572,Interactive,1,1.75
54600,ZXTIUCxfgq3vkGZD/2BQw+TV6+lOf+SvJrb8omrgZzK+IXmh5Fg2OLSlCW4jjjdm,2.8535220000000003,3.5873150000000003,4.963737,0,2591700,15.735572,Interactive,1,1.75
54900,ZXTIUCxfgq3vkGZD/2BQw+TV6+lOf+SvJrb8omrgZzK+IXmh5Fg2OLSlCW4jjjdm,2.277157,5.428823,25.174677,0,2591700,15.735572,Interactive,1,1.75
55200,ZXTIUCxfgq3vkGZD/2BQw+TV6+lOf+SvJrb8omrgZzK+IXmh5Fg2OLSlCW4jjjdm,2.629219,3.3844480000000003,3.919907,0,2591700,15.735572,Interactive,1,1.75
55500,ZXTIUCxfgq3vkGZD/2BQw+TV6+lOf+SvJrb8omrgZzK+IXmh5Fg2OLSlCW4jjjdm,2.256163,3.526339,5.000082,0,2591700,15.735572,Interactive,1,1.75
55800,ZXTIUCxfgq3vkGZD/2BQw+TV6+lOf+SvJrb8omrgZzK+IXmh5Fg2OLSlCW4jjjdm,2.523048,3.2315400000000003,4.060207,0,2591700,15.735572,Interactive,1,1.75
56100,ZXTIUCxfgq3vkGZD/2BQw+TV6+lOf+SvJrb8omrgZzK+IXmh5Fg2OLSlCW4jjjdm,2.162393,3.358629,4.111085,0,2591700,15.735572,Interactive,1,1.75
56400,ZXTIUCxfgq3vkGZD/2BQw+TV6+lOf+SvJrb8omrgZzK+IXmh5Fg2OLSlCW4jjjdm,2.735788,3.5436660000000004,5.057801,0,2591700,15.735572,Interactive,1,1.75
56700,ZXTIUCxfgq3vkGZD/2BQw+TV6+lOf+SvJrb8omrgZzK+IXmh5Fg2OLSlCW4jjjdm,1.89847,3.070237,4.146491999999999,0,2591700,15.735572,Interactive,1,1.75
57000,ZXTIUCxfgq3vkGZD/2BQw+TV6+lOf+SvJrb8omrgZzK+IXmh5Fg2OLSlCW4jjjdm,2.541062,3.387573,4.203673,0,2591700,15.735572,Interactive,1,1.75
57300,ZXTIUCxfgq3vkGZD/2BQw+TV6+lOf+SvJrb8omrgZzK+IXmh5Fg2OLSlCW4jjjdm,2.014797,3.486256,5.039682,0,2591700,15.735572,Interactive,1,1.75
57600,ZXTIUCxfgq3vkGZD/2BQw+TV6+lOf+SvJrb8omrgZzK+IXmh5Fg2OLSlCW4jjjdm,2.024731,3.210849,4.085716000000001,0,2591700,15.735572,Interactive,1,1.75
57900,ZXTIUCxfgq3vkGZD/2BQw+TV6+lOf+SvJrb8omrgZzK+IXmh5Fg2OLSlCW4jjjdm,2.736229,3.351255,4.022395,0,2591700,15.735572,Interactive,1,1.75
58200,ZXTIUCxfgq3vkGZD/2BQw+TV6+lOf+SvJrb8omrgZzK+IXmh5Fg2OLSlCW4jjjdm,2.934401,4.512699,12.545381,0,2591700,15.735572,Interactive,1,1.75
58500,ZXTIUCxfgq3vkGZD/2BQw+TV6+lOf+SvJrb8omrgZzK+IXmh5Fg2OLSlCW4jjjdm,2.726352,3.979792,10.061198,0,2591700,15.735572,Interactive,1,1.75
58800,ZXTIUCxfgq3vkGZD/2BQw+TV6+lOf+SvJrb8omrgZzK+IXmh5Fg2OLSlCW4jjjdm,2.595337,4.74404,18.048938,0,2591700,15.735572,Interactive,1,1.75
59100,ZXTIUCxfgq3vkGZD/2BQw+TV6+lOf+SvJrb8omrgZzK+IXmh5Fg2OLSlCW4jjjdm,2.923046,3.839425,5.735519999999999,0,2591700,15.735572,Interactive,1,1.75
59400,ZXTIUCxfgq3vkGZD/2BQw+TV6+lOf+SvJrb8omrgZzK+IXmh5Fg2OLSlCW4jjjdm,2.618195,3.186988,3.927064,0,2591700,15.735572,Interactive,1,1.75
59700,ZXTIUCxfgq3vkGZD/2BQw+TV6+lOf+SvJrb8omrgZzK+IXmh5Fg2OLSlCW4jjjdm,2.672949,3.351139,4.022275,0,2591700,15.735572,Interactive,1,1.75
60000,ZXTIUCxfgq3vkGZD/2BQw+TV6+lOf+SvJrb8omrgZzK+IXmh5Fg2OLSlCW4jjjdm,2.135938,3.493242,4.981544,0,2591700,15.735572,Interactive,1,1.75
60300,ZXTIUCxfgq3vkGZD/2BQw+TV6+lOf+SvJrb8omrgZzK+IXmh5Fg2OLSlCW4jjjdm,2.491661,3.185704,4.067014,0,2591700,15.735572,Interactive,1,1.75
60600,ZXTIUCxfgq3vkGZD/2BQw+TV6+lOf+SvJrb8omrgZzK+IXmh5Fg2OLSlCW4jjjdm,2.510211,3.363203,4.123851,0,2591700,15.735572,Interactive,1,1.75
60900,ZXTIUCxfgq3vkGZD/2BQw+TV6+lOf+SvJrb8omrgZzK+IXmh5Fg2OLSlCW4jjjdm,2.76242,3.814411,6.233149,0,2591700,15.735572,Interactive,1,1.75
61200,ZXTIUCxfgq3vkGZD/2BQw+TV6+lOf+SvJrb8omrgZzK+IXmh5Fg2OLSlCW4jjjdm,2.523677,3.2402610000000003,5.293334,0,2591700,15.735572,Interactive,1,1.75
61500,ZXTIUCxfgq3vkGZD/2BQw+TV6+lOf+SvJrb8omrgZzK+IXmh5Fg2OLSlCW4jjjdm,1.871458,3.137337,5.158688,0,2591700,15.735572,Interactive,1,1.75
61800,ZXTIUCxfgq3vkGZD/2BQw+TV6+lOf+SvJrb8omrgZzK+IXmh5Fg2OLSlCW4jjjdm,2.827609,3.5270650000000003,4.485731,0,2591700,15.735572,Interactive,1,1.75
62100,ZXTIUCxfgq3vkGZD/2BQw+TV6+lOf+SvJrb8omrgZzK+IXmh5Fg2OLSlCW4jjjdm,2.5600240000000003,3.187708,5.522385,0,2591700,15.735572,Interactive,1,1.75
62400,ZXTIUCxfgq3vkGZD/2BQw+TV6+lOf+SvJrb8omrgZzK+IXmh5Fg2OLSlCW4jjjdm,2.645368,5.500230999999999,24.331184,0,2591700,15.735572,Interactive,1,1.75
62700,ZXTIUCxfgq3vkGZD/2BQw+TV6+lOf+SvJrb8omrgZzK+IXmh5Fg2OLSlCW4jjjdm,2.2753080000000003,3.373492,4.345393,0,2591700,15.735572,Interactive,1,1.75
63000,ZXTIUCxfgq3vkGZD/2BQw+TV6+lOf+SvJrb8omrgZzK+IXmh5Fg2OLSlCW4jjjdm,2.6230330000000004,3.227491,5.290072,0,2591700,15.735572,Interactive,1,1.75
63300,ZXTIUCxfgq3vkGZD/2BQw+TV6+lOf+SvJrb8omrgZzK+IXmh5Fg2OLSlCW4jjjdm,2.487648,3.456144,5.277666,0,2591700,15.735572,Interactive,1,1.75
63600,ZXTIUCxfgq3vkGZD/2BQw+TV6+lOf+SvJrb8omrgZzK+IXmh5Fg2OLSlCW4jjjdm,2.6475150000000003,3.485156,4.433349,0,2591700,15.735572,Interactive,1,1.75
63900,ZXTIUCxfgq3vkGZD/2BQw+TV6+lOf+SvJrb8omrgZzK+IXmh5Fg2OLSlCW4jjjdm,2.607796,3.792285,8.051679,0,2591700,15.735572,Interactive,1,1.75
64200,ZXTIUCxfgq3vkGZD/2BQw+TV6+lOf+SvJrb8omrgZzK+IXmh5Fg2OLSlCW4jjjdm,2.17708,3.165475,5.282624,0,2591700,15.735572,Interactive,1,1.75
64500,ZXTIUCxfgq3vkGZD/2BQw+TV6+lOf+SvJrb8omrgZzK+IXmh5Fg2OLSlCW4jjjdm,2.688099,3.5213120000000004,4.477252,0,2591700,15.735572,Interactive,1,1.75
64800,ZXTIUCxfgq3vkGZD/2BQw+TV6+lOf+SvJrb8omrgZzK+IXmh5Fg2OLSlCW4jjjdm,2.560321,3.258816,5.005413,0,2591700,15.735572,Interactive,1,1.75
65100,ZXTIUCxfgq3vkGZD/2BQw+TV6+lOf+SvJrb8omrgZzK+IXmh5Fg2OLSlCW4jjjdm,2.453687,3.324176,5.275793,0,2591700,15.735572,Interactive,1,1.75
65400,ZXTIUCxfgq3vkGZD/2BQw+TV6+lOf+SvJrb8omrgZzK+IXmh5Fg2OLSlCW4jjjdm,2.02907,3.324745,4.479121,0,2591700,15.735572,Interactive,1,1.75
65700,ZXTIUCxfgq3vkGZD/2BQw+TV6+lOf+SvJrb8omrgZzK+IXmh5Fg2OLSlCW4jjjdm,2.541658,3.247141,5.25265,0,2591700,15.735572,Interactive,1,1.75
66000,ZXTIUCxfgq3vkGZD/2BQw+TV6+lOf+SvJrb8omrgZzK+IXmh5Fg2OLSlCW4jjjdm,2.595733,5.553567,24.963452,0,2591700,15.735572,Interactive,1,1.75
66300,ZXTIUCxfgq3vkGZD/2BQw+TV6+lOf+SvJrb8omrgZzK+IXmh5Fg2OLSlCW4jjjdm,2.671189,3.493757,4.544373,0,2591700,15.735572,Interactive,1,1.75
66600,ZXTIUCxfgq3vkGZD/2BQw+TV6+lOf+SvJrb8omrgZzK+IXmh5Fg2OLSlCW4jjjdm,2.626217,3.30231,5.276153,0,2591700,15.735572,Interactive,1,1.75
66900,ZXTIUCxfgq3vkGZD/2BQw+TV6+lOf+SvJrb8omrgZzK+IXmh5Fg2OLSlCW4jjjdm,2.131836,3.223799,5.23744,0,2591700,15.735572,Interactive,1,1.75
67200,ZXTIUCxfgq3vkGZD/2BQw+TV6+lOf+SvJrb8omrgZzK+IXmh5Fg2OLSlCW4jjjdm,2.757102,3.524096,4.453108,0,2591700,15.735572,Interactive,1,1.75
67500,ZXTIUCxfgq3vkGZD/2BQw+TV6+lOf+SvJrb8omrgZzK+IXmh5Fg2OLSlCW4jjjdm,2.064351,3.158211,5.219479,0,2591700,15.735572,Interactive,1,1.75
67800,ZXTIUCxfgq3vkGZD/2BQw+TV6+lOf+SvJrb8omrgZzK+IXmh5Fg2OLSlCW4jjjdm,2.533948,3.343828,5.168169,0,2591700,15.735572,Interactive,1,1.75
68100,ZXTIUCxfgq3vkGZD/2BQw+TV6+lOf+SvJrb8omrgZzK+IXmh5Fg2OLSlCW4jjjdm,2.167595,3.431221,4.40537,0,2591700,15.735572,Interactive,1,1.75
68400,ZXTIUCxfgq3vkGZD/2BQw+TV6+lOf+SvJrb8omrgZzK+IXmh5Fg2OLSlCW4jjjdm,1.865262,3.125026,5.125916,0,2591700,15.735572,Interactive,1,1.75
68700,ZXTIUCxfgq3vkGZD/2BQw+TV6+lOf+SvJrb8omrgZzK+IXmh5Fg2OLSlCW4jjjdm,2.596308,3.337041,5.149036,0,2591700,15.735572,Interactive,1,1.75
69000,ZXTIUCxfgq3vkGZD/2BQw+TV6+lOf+SvJrb8omrgZzK+IXmh5Fg2OLSlCW4jjjdm,1.493417,3.402452,4.525072,0,2591700,15.735572,Interactive,1,1.75
69300,ZXTIUCxfgq3vkGZD/2BQw+TV6+lOf+SvJrb8omrgZzK+IXmh5Fg2OLSlCW4jjjdm,2.65543,3.3403160000000005,5.555024,0,2591700,15.735572,Interactive,1,1.75
69600,ZXTIUCxfgq3vkGZD/2BQw+TV6+lOf+SvJrb8omrgZzK+IXmh5Fg2OLSlCW4jjjdm,2.489321,5.299373,14.533907,0,2591700,15.735572,Interactive,1,1.75
69900,ZXTIUCxfgq3vkGZD/2BQw+TV6+lOf+SvJrb8omrgZzK+IXmh5Fg2OLSlCW4jjjdm,3.05429,3.764015,4.917136,0,2591700,15.735572,Interactive,1,1.75
70200,ZXTIUCxfgq3vkGZD/2BQw+TV6+lOf+SvJrb8omrgZzK+IXmh5Fg2OLSlCW4jjjdm,2.413438,3.18802,5.350348,0,2591700,15.735572,Interactive,1,1.75
70500,ZXTIUCxfgq3vkGZD/2BQw+TV6+lOf+SvJrb8omrgZzK+IXmh5Fg2OLSlCW4jjjdm,2.627017,3.3521019999999995,5.289025,0,2591700,15.735572,Interactive,1,1.75
70800,ZXTIUCxfgq3vkGZD/2BQw+TV6+lOf+SvJrb8omrgZzK+IXmh5Fg2OLSlCW4jjjdm,2.676902,3.598274,4.654515,0,2591700,15.735572,Interactive,1,1.75
71100,ZXTIUCxfgq3vkGZD/2BQw+TV6+lOf+SvJrb8omrgZzK+IXmh5Fg2OLSlCW4jjjdm,1.7481779999999998,3.163756,5.271934,0,2591700,15.735572,Interactive,1,1.75
71400,ZXTIUCxfgq3vkGZD/2BQw+TV6+lOf+SvJrb8omrgZzK+IXmh5Fg2OLSlCW4jjjdm,2.409496,3.440931,5.272684,0,2591700,15.735572,Interactive,1,1.75
71700,ZXTIUCxfgq3vkGZD/2BQw+TV6+lOf+SvJrb8omrgZzK+IXmh5Fg2OLSlCW4jjjdm,1.994901,3.5340199999999995,4.730256,0,2591700,15.735572,Interactive,1,1.75
72000,ZXTIUCxfgq3vkGZD/2BQw+TV6+lOf+SvJrb8omrgZzK+IXmh5Fg2OLSlCW4jjjdm,2.54619,3.313646,5.413762999999999,0,2591700,15.735572,Interactive,1,1.75
72300,ZXTIUCxfgq3vkGZD/2BQw+TV6+lOf+SvJrb8omrgZzK+IXmh5Fg2OLSlCW4jjjdm,2.378091,3.161109,5.065127,0,2591700,15.735572,Interactive,1,1.75
72600,ZXTIUCxfgq3vkGZD/2BQw+TV6+lOf+SvJrb8omrgZzK+IXmh5Fg2OLSlCW4jjjdm,2.655347,3.438025,4.096833999999999,0,2591700,15.735572,Interactive,1,1.75
72900,ZXTIUCxfgq3vkGZD/2BQw+TV6+lOf+SvJrb8omrgZzK+IXmh5Fg2OLSlCW4jjjdm,2.488364,3.311239,4.239961,0,2591700,15.735572,Interactive,1,1.75
73200,ZXTIUCxfgq3vkGZD/2BQw+TV6+lOf+SvJrb8omrgZzK+IXmh5Fg2OLSlCW4jjjdm,2.66866,5.530064,25.140055,0,2591700,15.735572,Interactive,1,1.75
73500,ZXTIUCxfgq3vkGZD/2BQw+TV6+lOf+SvJrb8omrgZzK+IXmh5Fg2OLSlCW4jjjdm,2.738489,3.666283,5.4276,0,2591700,15.735572,Interactive,1,1.75
73800,ZXTIUCxfgq3vkGZD/2BQw+TV6+lOf+SvJrb8omrgZzK+IXmh5Fg2OLSlCW4jjjdm,2.296975,3.472034,4.312581,0,2591700,15.735572,Interactive,1,1.75
74100,ZXTIUCxfgq3vkGZD/2BQw+TV6+lOf+SvJrb8omrgZzK+IXmh5Fg2OLSlCW4jjjdm,2.61469,3.4071910000000005,4.833933,0,2591700,15.735572,Interactive,1,1.75
74400,ZXTIUCxfgq3vkGZD/2BQw+TV6+lOf+SvJrb8omrgZzK+IXmh5Fg2OLSlCW4jjjdm,1.929038,3.444577,4.800521,0,2591700,15.735572,Interactive,1,1.75
74700,ZXTIUCxfgq3vkGZD/2BQw+TV6+lOf+SvJrb8omrgZzK+IXmh5Fg2OLSlCW4jjjdm,2.644664,3.421994,4.179801,0,2591700,15.735572,Interactive,1,1.75
75000,ZXTIUCxfgq3vkGZD/2BQw+TV6+lOf+SvJrb8omrgZzK+IXmh5Fg2OLSlCW4jjjdm,2.1261080000000003,3.172729,4.470301,0,2591700,15.735572,Interactive,1,1.75
75300,ZXTIUCxfgq3vkGZD/2BQw+TV6+lOf+SvJrb8omrgZzK+IXmh5Fg2OLSlCW4jjjdm,2.758378,3.4887940000000004,4.704331,0,2591700,15.735572,Interactive,1,1.75
75600,ZXTIUCxfgq3vkGZD/2BQw+TV6+lOf+SvJrb8omrgZzK+IXmh5Fg2OLSlCW4jjjdm,2.36378,3.315256,4.024622,0,2591700,15.735572,Interactive,1,1.75
75900,ZXTIUCxfgq3vkGZD/2BQw+TV6+lOf+SvJrb8omrgZzK+IXmh5Fg2OLSlCW4jjjdm,2.575092,3.3851150000000003,4.787380000000001,0,2591700,15.735572,Interactive,1,1.75
76200,ZXTIUCxfgq3vkGZD/2BQw+TV6+lOf+SvJrb8omrgZzK+IXmh5Fg2OLSlCW4jjjdm,2.281693,3.3423769999999995,4.770106,0,2591700,15.735572,Interactive,1,1.75
76500,ZXTIUCxfgq3vkGZD/2BQw+TV6+lOf+SvJrb8omrgZzK+IXmh5Fg2OLSlCW4jjjdm,2.602713,3.390653,4.334895,0,2591700,15.735572,Interactive,1,1.75
76800,ZXTIUCxfgq3vkGZD/2BQw+TV6+lOf+SvJrb8omrgZzK+IXmh5Fg2OLSlCW4jjjdm,2.656653,5.477616,24.990254,0,2591700,15.735572,Interactive,1,1.75
77100,ZXTIUCxfgq3vkGZD/2BQw+TV6+lOf+SvJrb8omrgZzK+IXmh5Fg2OLSlCW4jjjdm,2.748175,3.482503,4.706036,0,2591700,15.735572,Interactive,1,1.75
77400,ZXTIUCxfgq3vkGZD/2BQw+TV6+lOf+SvJrb8omrgZzK+IXmh5Fg2OLSlCW4jjjdm,2.4182900000000003,3.491448,4.068333,0,2591700,15.735572,Interactive,1,1.75
77700,ZXTIUCxfgq3vkGZD/2BQw+TV6+lOf+SvJrb8omrgZzK+IXmh5Fg2OLSlCW4jjjdm,2.535667,3.230779,4.688162999999999,0,2591700,15.735572,Interactive,1,1.75
78000,ZXTIUCxfgq3vkGZD/2BQw+TV6+lOf+SvJrb8omrgZzK+IXmh5Fg2OLSlCW4jjjdm,2.635301,4.801603,17.04626,0,2591700,15.735572,Interactive,1,1.75
78300,ZXTIUCxfgq3vkGZD/2BQw+TV6+lOf+SvJrb8omrgZzK+IXmh5Fg2OLSlCW4jjjdm,1.942872,8.594292999999999,41.882063,0,2591700,15.735572,Interactive,1,1.75
78600,ZXTIUCxfgq3vkGZD/2BQw+TV6+lOf+SvJrb8omrgZzK+IXmh5Fg2OLSlCW4jjjdm,2.652728,3.379892,4.859497,0,2591700,15.735572,Interactive,1,1.75
78900,ZXTIUCxfgq3vkGZD/2BQw+TV6+lOf+SvJrb8omrgZzK+IXmh5Fg2OLSlCW4jjjdm,2.484258,3.290136,4.755517,0,2591700,15.735572,Interactive,1,1.75
79200,ZXTIUCxfgq3vkGZD/2BQw+TV6+lOf+SvJrb8omrgZzK+IXmh5Fg2OLSlCW4jjjdm,2.464558,3.360446,4.181413,0,2591700,15.735572,Interactive,1,1.75
79500,ZXTIUCxfgq3vkGZD/2BQw+TV6+lOf+SvJrb8omrgZzK+IXmh5Fg2OLSlCW4jjjdm,2.609514,3.3495410000000003,4.521267,0,2591700,15.735572,Interactive,1,1.75
79800,ZXTIUCxfgq3vkGZD/2BQw+TV6+lOf+SvJrb8omrgZzK+IXmh5Fg2OLSlCW4jjjdm,1.959418,3.294255,4.773727,0,2591700,15.735572,Interactive,1,1.75
80100,ZXTIUCxfgq3vkGZD/2BQw+TV6+lOf+SvJrb8omrgZzK+IXmh5Fg2OLSlCW4jjjdm,2.727109,3.3984160000000005,4.116358999999999,0,2591700,15.735572,Interactive,1,1.75
80400,ZXTIUCxfgq3vkGZD/2BQw+TV6+lOf+SvJrb8omrgZzK+IXmh5Fg2OLSlCW4jjjdm,2.2414080000000003,5.367627,17.64787,0,2591700,15.735572,Interactive,1,1.75
80700,ZXTIUCxfgq3vkGZD/2BQw+TV6+lOf+SvJrb8omrgZzK+IXmh5Fg2OLSlCW4jjjdm,2.731879,3.468234,4.691028,0,2591700,15.735572,Interactive,1,1.75
81000,ZXTIUCxfgq3vkGZD/2BQw+TV6+lOf+SvJrb8omrgZzK+IXmh5Fg2OLSlCW4jjjdm,1.961701,3.3129690000000003,4.257097,0,2591700,15.735572,Interactive,1,1.75
81300,ZXTIUCxfgq3vkGZD/2BQw+TV6+lOf+SvJrb8omrgZzK+IXmh5Fg2OLSlCW4jjjdm,2.576395,3.423921,4.955889,0,2591700,15.735572,Interactive,1,1.75
81600,ZXTIUCxfgq3vkGZD/2BQw+TV6+lOf+SvJrb8omrgZzK+IXmh5Fg2OLSlCW4jjjdm,2.291109,3.283919,4.987945,0,2591700,15.735572,Interactive,1,1.75
81900,ZXTIUCxfgq3vkGZD/2BQw+TV6+lOf+SvJrb8omrgZzK+IXmh5Fg2OLSlCW4jjjdm,2.5294950000000003,3.3634230000000005,4.203469,0,2591700,15.735572,Interactive,1,1.75
82200,ZXTIUCxfgq3vkGZD/2BQw+TV6+lOf+SvJrb8omrgZzK+IXmh5Fg2OLSlCW4jjjdm,2.661219,3.355342,4.536512,0,2591700,15.735572,Interactive,1,1.75
82500,ZXTIUCxfgq3vkGZD/2BQw+TV6+lOf+SvJrb8omrgZzK+IXmh5Fg2OLSlCW4jjjdm,1.99077,3.3462660000000004,4.646504,0,2591700,15.735572,Interactive,1,1.75
82800,ZXTIUCxfgq3vkGZD/2BQw+TV6+lOf+SvJrb8omrgZzK+IXmh5Fg2OLSlCW4jjjdm,2.437722,3.395043,4.172113,0,2591700,15.735572,Interactive,1,1.75
83100,ZXTIUCxfgq3vkGZD/2BQw+TV6+lOf+SvJrb8omrgZzK+IXmh5Fg2OLSlCW4jjjdm,1.880694,3.17722,4.255008,0,2591700,15.735572,Interactive,1,1.75
83400,ZXTIUCxfgq3vkGZD/2BQw+TV6+lOf+SvJrb8omrgZzK+IXmh5Fg2OLSlCW4jjjdm,2.885247,3.470105,4.49705,0,2591700,15.735572,Interactive,1,1.75
83700,ZXTIUCxfgq3vkGZD/2BQw+TV6+lOf+SvJrb8omrgZzK+IXmh5Fg2OLSlCW4jjjdm,1.842776,3.2846,4.480392,0,2591700,15.735572,Interactive,1,1.75
84000,ZXTIUCxfgq3vkGZD/2BQw+TV6+lOf+SvJrb8omrgZzK+IXmh5Fg2OLSlCW4jjjdm,2.539293,5.449687,24.072074,0,2591700,15.735572,Interactive,1,1.75
84300,ZXTIUCxfgq3vkGZD/2BQw+TV6+lOf+SvJrb8omrgZzK+IXmh5Fg2OLSlCW4jjjdm,2.779418,3.319775,5.070001,0,2591700,15.735572,Interactive,1,1.75
84600,ZXTIUCxfgq3vkGZD/2BQw+TV6+lOf+SvJrb8omrgZzK+IXmh5Fg2OLSlCW4jjjdm,1.943848,3.248065,5.37301,0,2591700,15.735572,Interactive,1,1.75
84900,ZXTIUCxfgq3vkGZD/2BQw+TV6+lOf+SvJrb8omrgZzK+IXmh5Fg2OLSlCW4jjjdm,2.682767,3.474264,4.307591,0,2591700,15.735572,Interactive,1,1.75
85200,ZXTIUCxfgq3vkGZD/2BQw+TV6+lOf+SvJrb8omrgZzK+IXmh5Fg2OLSlCW4jjjdm,1.894229,3.277082,4.875775,0,2591700,15.735572,Interactive,1,1.75
85500,ZXTIUCxfgq3vkGZD/2BQw+TV6+lOf+SvJrb8omrgZzK+IXmh5Fg2OLSlCW4jjjdm,2.785818,3.4043120000000004,5.324349,0,2591700,15.735572,Interactive,1,1.75
85800,ZXTIUCxfgq3vkGZD/2BQw+TV6+lOf+SvJrb8omrgZzK+IXmh5Fg2OLSlCW4jjjdm,2.473284,3.250885,4.278147,0,2591700,15.735572,Interactive,1,1.75
86100,ZXTIUCxfgq3vkGZD/2BQw+TV6+lOf+SvJrb8omrgZzK+IXmh5Fg2OLSlCW4jjjdm,2.720329,3.426042,5.287585,0,2591700,15.735572,Interactive,1,1.75
86400,ZXTIUCxfgq3vkGZD/2BQw+TV6+lOf+SvJrb8omrgZzK+IXmh5Fg2OLSlCW4jjjdm,2.014662,3.347929,5.1412830000000005,0,2591700,15.735572,Interactive,1,1.75
86700,ZXTIUCxfgq3vkGZD/2BQw+TV6+lOf+SvJrb8omrgZzK+IXmh5Fg2OLSlCW4jjjdm,2.595601,3.3810510000000003,4.274763,0,2591700,15.735572,Interactive,1,1.75
87000,ZXTIUCxfgq3vkGZD/2BQw+TV6+lOf+SvJrb8omrgZzK+IXmh5Fg2OLSlCW4jjjdm,2.522626,3.3303800000000003,5.035603,0,2591700,15.735572,Interactive,1,1.75
87300,ZXTIUCxfgq3vkGZD/2BQw+TV6+lOf+SvJrb8omrgZzK+IXmh5Fg2OLSlCW4jjjdm,2.730705,3.383557,5.214683,0,2591700,15.735572,Interactive,1,1.75
87600,ZXTIUCxfgq3vkGZD/2BQw+TV6+lOf+SvJrb8omrgZzK+IXmh5Fg2OLSlCW4jjjdm,2.605181,5.460894000000001,24.104199,0,2591700,15.735572,Interactive,1,1.75
87900,ZXTIUCxfgq3vkGZD/2BQw+TV6+lOf+SvJrb8omrgZzK+IXmh5Fg2OLSlCW4jjjdm,2.763941,3.5038949999999995,5.032595,0,2591700,15.735572,Interactive,1,1.75
88200,ZXTIUCxfgq3vkGZD/2BQw+TV6+lOf+SvJrb8omrgZzK+IXmh5Fg2OLSlCW4jjjdm,2.690707,3.452263,5.30737,0,2591700,15.735572,Interactive,1,1.75
88500,ZXTIUCxfgq3vkGZD/2BQw+TV6+lOf+SvJrb8omrgZzK+IXmh5Fg2OLSlCW4jjjdm,2.64467,3.258808,4.3189720000000005,0,2591700,15.735572,Interactive,1,1.75
88800,ZXTIUCxfgq3vkGZD/2BQw+TV6+lOf+SvJrb8omrgZzK+IXmh5Fg2OLSlCW4jjjdm,2.822596,3.428177,5.374194,0,2591700,15.735572,Interactive,1,1.75
89100,ZXTIUCxfgq3vkGZD/2BQw+TV6+lOf+SvJrb8omrgZzK+IXmh5Fg2OLSlCW4jjjdm,2.737838,3.427882,5.130992,0,2591700,15.735572,Interactive,1,1.75
89400,ZXTIUCxfgq3vkGZD/2BQw+TV6+lOf+SvJrb8omrgZzK+IXmh5Fg2OLSlCW4jjjdm,2.627746,3.39977,4.217181,0,2591700,15.735572,Interactive,1,1.75
89700,ZXTIUCxfgq3vkGZD/2BQw+TV6+lOf+SvJrb8omrgZzK+IXmh5Fg2OLSlCW4jjjdm,2.877929,3.384958,5.503215,0,2591700,15.735572,Interactive,1,1.75
90000,ZXTIUCxfgq3vkGZD/2BQw+TV6+lOf+SvJrb8omrgZzK+IXmh5Fg2OLSlCW4jjjdm,2.651469,3.405323,5.577837000000001,0,2591700,15.735572,Interactive,1,1.75
90300,ZXTIUCxfgq3vkGZD/2BQw+TV6+lOf+SvJrb8omrgZzK+IXmh5Fg2OLSlCW4jjjdm,2.672662,3.430179,4.532209,0,2591700,15.735572,Interactive,1,1.75
90600,ZXTIUCxfgq3vkGZD/2BQw+TV6+lOf+SvJrb8omrgZzK+IXmh5Fg2OLSlCW4jjjdm,2.656178,3.5391220000000003,5.079542,0,2591700,15.735572,Interactive,1,1.75
90900,ZXTIUCxfgq3vkGZD/2BQw+TV6+lOf+SvJrb8omrgZzK+IXmh5Fg2OLSlCW4jjjdm,2.738425,3.392109,5.217901,0,2591700,15.735572,Interactive,1,1.75
91200,ZXTIUCxfgq3vkGZD/2BQw+TV6+lOf+SvJrb8omrgZzK+IXmh5Fg2OLSlCW4jjjdm,2.602037,5.323555000000001,20.382891,0,2591700,15.735572,Interactive,1,1.75
91500,ZXTIUCxfgq3vkGZD/2BQw+TV6+lOf+SvJrb8omrgZzK+IXmh5Fg2OLSlCW4jjjdm,2.798506,3.476797,5.484342,0,2591700,15.735572,Interactive,1,1.75
91800,ZXTIUCxfgq3vkGZD/2BQw+TV6+lOf+SvJrb8omrgZzK+IXmh5Fg2OLSlCW4jjjdm,2.586805,3.36927,5.486774,0,2591700,15.735572,Interactive,1,1.75
92100,ZXTIUCxfgq3vkGZD/2BQw+TV6+lOf+SvJrb8omrgZzK+IXmh5Fg2OLSlCW4jjjdm,2.768152,3.717249,6.612945,0,2591700,15.735572,Interactive,1,1.75
92400,ZXTIUCxfgq3vkGZD/2BQw+TV6+lOf+SvJrb8omrgZzK+IXmh5Fg2OLSlCW4jjjdm,2.546692,3.246709,5.323942,0,2591700,15.735572,Interactive,1,1.75
92700,ZXTIUCxfgq3vkGZD/2BQw+TV6+lOf+SvJrb8omrgZzK+IXmh5Fg2OLSlCW4jjjdm,2.609905,3.485331,5.640301999999999,0,2591700,15.735572,Interactive,1,1.75
93000,ZXTIUCxfgq3vkGZD/2BQw+TV6+lOf+SvJrb8omrgZzK+IXmh5Fg2OLSlCW4jjjdm,2.602838,3.443511,4.5005180000000005,0,2591700,15.735572,Interactive,1,1.75
93300,ZXTIUCxfgq3vkGZD/2BQw+TV6+lOf+SvJrb8omrgZzK+IXmh5Fg2OLSlCW4jjjdm,2.755056,3.75329,5.534443,0,2591700,15.735572,Interactive,1,1.75
93600,ZXTIUCxfgq3vkGZD/2BQw+TV6+lOf+SvJrb8omrgZzK+IXmh5Fg2OLSlCW4jjjdm,2.717294,3.418314,5.068475,0,2591700,15.735572,Interactive,1,1.75
93900,ZXTIUCxfgq3vkGZD/2BQw+TV6+lOf+SvJrb8omrgZzK+IXmh5Fg2OLSlCW4jjjdm,2.524245,3.154532,4.143893,0,2591700,15.735572,Interactive,1,1.75
94200,ZXTIUCxfgq3vkGZD/2BQw+TV6+lOf+SvJrb8omrgZzK+IXmh5Fg2OLSlCW4jjjdm,2.76588,3.46546,5.093675,0,2591700,15.735572,Interactive,1,1.75
94500,ZXTIUCxfgq3vkGZD/2BQw+TV6+lOf+SvJrb8omrgZzK+IXmh5Fg2OLSlCW4jjjdm,2.215739,3.30358,5.065387,0,2591700,15.735572,Interactive,1,1.75
94800,ZXTIUCxfgq3vkGZD/2BQw+TV6+lOf+SvJrb8omrgZzK+IXmh5Fg2OLSlCW4jjjdm,2.721939,5.483448,24.711312,0,2591700,15.735572,Interactive,1,1.75
95100,ZXTIUCxfgq3vkGZD/2BQw+TV6+lOf+SvJrb8omrgZzK+IXmh5Fg2OLSlCW4jjjdm,2.352245,3.3896839999999995,5.142532,0,2591700,15.735572,Interactive,1,1.75
95400,ZXTIUCxfgq3vkGZD/2BQw+TV6+lOf+SvJrb8omrgZzK+IXmh5Fg2OLSlCW4jjjdm,2.817609,3.523963,4.971009,0,2591700,15.735572,Interactive,1,1.75
95700,ZXTIUCxfgq3vkGZD/2BQw+TV6+lOf+SvJrb8omrgZzK+IXmh5Fg2OLSlCW4jjjdm,2.568938,3.258798,4.063504,0,2591700,15.735572,Interactive,1,1.75
96000,ZXTIUCxfgq3vkGZD/2BQw+TV6+lOf+SvJrb8omrgZzK+IXmh5Fg2OLSlCW4jjjdm,2.721813,3.865436,4.963209,0,2591700,15.735572,Interactive,1,1.75
96300,ZXTIUCxfgq3vkGZD/2BQw+TV6+lOf+SvJrb8omrgZzK+IXmh5Fg2OLSlCW4jjjdm,2.757429,3.467867,4.2534790000000005,0,2591700,15.735572,Interactive,1,1.75
96600,ZXTIUCxfgq3vkGZD/2BQw+TV6+lOf+SvJrb8omrgZzK+IXmh5Fg2OLSlCW4jjjdm,2.1695330000000004,3.139019,4.283955000000001,0,2591700,15.735572,Interactive,1,1.75
96900,ZXTIUCxfgq3vkGZD/2BQw+TV6+lOf+SvJrb8omrgZzK+IXmh5Fg2OLSlCW4jjjdm,2.863626,3.603044,4.712339,0,2591700,15.735572,Interactive,1,1.75
97200,ZXTIUCxfgq3vkGZD/2BQw+TV6+lOf+SvJrb8omrgZzK+IXmh5Fg2OLSlCW4jjjdm,2.252523,3.3774230000000003,4.313804,0,2591700,15.735572,Interactive,1,1.75
97500,ZXTIUCxfgq3vkGZD/2BQw+TV6+lOf+SvJrb8omrgZzK+IXmh5Fg2OLSlCW4jjjdm,2.64458,3.315257,4.153373,0,2591700,15.735572,Interactive,1,1.75
97800,ZXTIUCxfgq3vkGZD/2BQw+TV6+lOf+SvJrb8omrgZzK+IXmh5Fg2OLSlCW4jjjdm,2.0647900000000003,3.515143,4.714624,0,2591700,15.735572,Interactive,1,1.75
98100,ZXTIUCxfgq3vkGZD/2BQw+TV6+lOf+SvJrb8omrgZzK+IXmh5Fg2OLSlCW4jjjdm,2.302123,3.401196,4.367093,0,2591700,15.735572,Interactive,1,1.75
98400,ZXTIUCxfgq3vkGZD/2BQw+TV6+lOf+SvJrb8omrgZzK+IXmh5Fg2OLSlCW4jjjdm,2.674964,5.370261,23.956732,0,2591700,15.735572,Interactive,1,1.75
98700,ZXTIUCxfgq3vkGZD/2BQw+TV6+lOf+SvJrb8omrgZzK+IXmh5Fg2OLSlCW4jjjdm,2.786779,3.780711,4.644103,0,2591700,15.735572,Interactive,1,1.75
99000,ZXTIUCxfgq3vkGZD/2BQw+TV6+lOf+SvJrb8omrgZzK+IXmh5Fg2OLSlCW4jjjdm,2.9317990000000003,3.461905,4.179575,0,2591700,15.735572,Interactive,1,1.75
99300,ZXTIUCxfgq3vkGZD/2BQw+TV6+lOf+SvJrb8omrgZzK+IXmh5Fg2OLSlCW4jjjdm,2.745961,3.186785,4.240925,0,2591700,15.735572,Interactive,1,1.75
99600,ZXTIUCxfgq3vkGZD/2BQw+TV6+lOf+SvJrb8omrgZzK+IXmh5Fg2OLSlCW4jjjdm,2.727955,3.629396,4.482427,0,2591700,15.735572,Interactive,1,1.75
99900,ZXTIUCxfgq3vkGZD/2BQw+TV6+lOf+SvJrb8omrgZzK+IXmh5Fg2OLSlCW4jjjdm,2.193167,3.418769,4.437175,0,2591700,15.735572,Interactive,1,1.75
100200,ZXTIUCxfgq3vkGZD/2BQw+TV6+lOf+SvJrb8omrgZzK+IXmh5Fg2OLSlCW4jjjdm,2.545351,3.33977,4.565487,0,2591700,15.735572,Interactive,1,1.75
100500,ZXTIUCxfgq3vkGZD/2BQw+TV6+lOf+SvJrb8omrgZzK+IXmh5Fg2OLSlCW4jjjdm,1.799683,3.411536,4.420913,0,2591700,15.735572,Interactive,1,1.75
100800,ZXTIUCxfgq3vkGZD/2BQw+TV6+lOf+SvJrb8omrgZzK+IXmh5Fg2OLSlCW4jjjdm,1.7344529999999998,3.299661,4.361676999999999,0,2591700,15.735572,Interactive,1,1.75
101100,ZXTIUCxfgq3vkGZD/2BQw+TV6+lOf+SvJrb8omrgZzK+IXmh5Fg2OLSlCW4jjjdm,2.555404,3.240869,4.117076,0,2591700,15.735572,Interactive,1,1.75
101400,ZXTIUCxfgq3vkGZD/2BQw+TV6+lOf+SvJrb8omrgZzK+IXmh5Fg2OLSlCW4jjjdm,2.073642,3.463353,4.440188,0,2591700,15.735572,Interactive,1,1.75
101700,ZXTIUCxfgq3vkGZD/2BQw+TV6+lOf+SvJrb8omrgZzK+IXmh5Fg2OLSlCW4jjjdm,2.8064560000000003,3.49926,4.293577,0,2591700,15.735572,Interactive,1,1.75
102000,ZXTIUCxfgq3vkGZD/2BQw+TV6+lOf+SvJrb8omrgZzK+IXmh5Fg2OLSlCW4jjjdm,2.068104,5.258908,23.438098,0,2591700,15.735572,Interactive,1,1.75
102300,ZXTIUCxfgq3vkGZD/2BQw+TV6+lOf+SvJrb8omrgZzK+IXmh5Fg2OLSlCW4jjjdm,2.876726,3.651451,4.664368,0,2591700,15.735572,Interactive,1,1.75
102600,ZXTIUCxfgq3vkGZD/2BQw+TV6+lOf+SvJrb8omrgZzK+IXmh5Fg2OLSlCW4jjjdm,2.142632,3.3540730000000005,4.356273000000001,0,2591700,15.735572,Interactive,1,1.75
102900,ZXTIUCxfgq3vkGZD/2BQw+TV6+lOf+SvJrb8omrgZzK+IXmh5Fg2OLSlCW4jjjdm,2.758053,3.302118,4.201313,0,2591700,15.735572,Interactive,1,1.75
103200,ZXTIUCxfgq3vkGZD/2BQw+TV6+lOf+SvJrb8omrgZzK+IXmh5Fg2OLSlCW4jjjdm,2.7235150000000004,3.482828,4.558568,0,2591700,15.735572,Interactive,1,1.75
103500,ZXTIUCxfgq3vkGZD/2BQw+TV6+lOf+SvJrb8omrgZzK+IXmh5Fg2OLSlCW4jjjdm,2.359849,3.413307,4.434158,0,2591700,15.735572,Interactive,1,1.75
103800,ZXTIUCxfgq3vkGZD/2BQw+TV6+lOf+SvJrb8omrgZzK+IXmh5Fg2OLSlCW4jjjdm,2.73672,3.3407410000000004,4.325648,0,2591700,15.735572,Interactive,1,1.75
104100,ZXTIUCxfgq3vkGZD/2BQw+TV6+lOf+SvJrb8omrgZzK+IXmh5Fg2OLSlCW4jjjdm,2.026147,3.496278,4.586674,0,2591700,15.735572,Interactive,1,1.75
104400,ZXTIUCxfgq3vkGZD/2BQw+TV6+lOf+SvJrb8omrgZzK+IXmh5Fg2OLSlCW4jjjdm,3.018121,3.452315,4.247857,0,2591700,15.735572,Interactive,1,1.75
104700,ZXTIUCxfgq3vkGZD/2BQw+TV6+lOf+SvJrb8omrgZzK+IXmh5Fg2OLSlCW4jjjdm,2.398556,3.114709,4.205434,0,2591700,15.735572,Interactive,1,1.75
105000,ZXTIUCxfgq3vkGZD/2BQw+TV6+lOf+SvJrb8omrgZzK+IXmh5Fg2OLSlCW4jjjdm,2.670916,3.572652,4.56962,0,2591700,15.735572,Interactive,1,1.75
105300,ZXTIUCxfgq3vkGZD/2BQw+TV6+lOf+SvJrb8omrgZzK+IXmh5Fg2OLSlCW4jjjdm,2.14958,3.356672,4.273988,0,2591700,15.735572,Interactive,1,1.75
105600,ZXTIUCxfgq3vkGZD/2BQw+TV6+lOf+SvJrb8omrgZzK+IXmh5Fg2OLSlCW4jjjdm,2.623211,5.420397,25.162824,0,2591700,15.735572,Interactive,1,1.75
105900,ZXTIUCxfgq3vkGZD/2BQw+TV6+lOf+SvJrb8omrgZzK+IXmh5Fg2OLSlCW4jjjdm,2.687239,3.503363,4.43611,0,2591700,15.735572,Interactive,1,1.75
106200,ZXTIUCxfgq3vkGZD/2BQw+TV6+lOf+SvJrb8omrgZzK+IXmh5Fg2OLSlCW4jjjdm,2.577193,3.345495,4.199911,0,2591700,15.735572,Interactive,1,1.75
106500,ZXTIUCxfgq3vkGZD/2BQw+TV6+lOf+SvJrb8omrgZzK+IXmh5Fg2OLSlCW4jjjdm,2.792994,3.3579760000000003,4.879887999999999,0,2591700,15.735572,Interactive,1,1.75
106800,ZXTIUCxfgq3vkGZD/2BQw+TV6+lOf+SvJrb8omrgZzK+IXmh5Fg2OLSlCW4jjjdm,2.7251,5.269396,20.368725,0,2591700,15.735572,Interactive,1,1.75
107100,ZXTIUCxfgq3vkGZD/2BQw+TV6+lOf+SvJrb8omrgZzK+IXmh5Fg2OLSlCW4jjjdm,2.696648,8.34862,35.287868,0,2591700,15.735572,Interactive,1,1.75
107400,ZXTIUCxfgq3vkGZD/2BQw+TV6+lOf+SvJrb8omrgZzK+IXmh5Fg2OLSlCW4jjjdm,2.120867,3.03003,4.105574,0,2591700,15.735572,Interactive,1,1.75
107700,ZXTIUCxfgq3vkGZD/2BQw+TV6+lOf+SvJrb8omrgZzK+IXmh5Fg2OLSlCW4jjjdm,2.6860150000000003,3.5847050000000005,5.501432,0,2591700,15.735572,Interactive,1,1.75
108000,ZXTIUCxfgq3vkGZD/2BQw+TV6+lOf+SvJrb8omrgZzK+IXmh5Fg2OLSlCW4jjjdm,2.152072,3.1813700000000003,4.197321,0,2591700,15.735572,Interactive,1,1.75
108300,ZXTIUCxfgq3vkGZD/2BQw+TV6+lOf+SvJrb8omrgZzK+IXmh5Fg2OLSlCW4jjjdm,2.77922,3.262006,4.999343,0,2591700,15.735572,Interactive,1,1.75
108600,ZXTIUCxfgq3vkGZD/2BQw+TV6+lOf+SvJrb8omrgZzK+IXmh5Fg2OLSlCW4jjjdm,1.949587,3.23549,4.370843,0,2591700,15.735572,Interactive,1,1.75
108900,ZXTIUCxfgq3vkGZD/2BQw+TV6+lOf+SvJrb8omrgZzK+IXmh5Fg2OLSlCW4jjjdm,2.443947,3.248189,4.533162,0,2591700,15.735572,Interactive,1,1.75
109200,ZXTIUCxfgq3vkGZD/2BQw+TV6+lOf+SvJrb8omrgZzK+IXmh5Fg2OLSlCW4jjjdm,2.635752,5.432949,24.297045,0,2591700,15.735572,Interactive,1,1.75
109500,ZXTIUCxfgq3vkGZD/2BQw+TV6+lOf+SvJrb8omrgZzK+IXmh5Fg2OLSlCW4jjjdm,2.156172,3.327034,5.511088,0,2591700,15.735572,Interactive,1,1.75
109800,ZXTIUCxfgq3vkGZD/2BQw+TV6+lOf+SvJrb8omrgZzK+IXmh5Fg2OLSlCW4jjjdm,2.442745,3.424628,4.380096,0,2591700,15.735572,Interactive,1,1.75
110100,ZXTIUCxfgq3vkGZD/2BQw+TV6+lOf+SvJrb8omrgZzK+IXmh5Fg2OLSlCW4jjjdm,2.269282,3.004869,4.163773,0,2591700,15.735572,Interactive,1,1.75
110400,ZXTIUCxfgq3vkGZD/2BQw+TV6+lOf+SvJrb8omrgZzK+IXmh5Fg2OLSlCW4jjjdm,2.566063,3.574431,5.08275,0,2591700,15.735572,Interactive,1,1.75
110700,ZXTIUCxfgq3vkGZD/2BQw+TV6+lOf+SvJrb8omrgZzK+IXmh5Fg2OLSlCW4jjjdm,2.350215,3.156645,3.909605,0,2591700,15.735572,Interactive,1,1.75
111000,ZXTIUCxfgq3vkGZD/2BQw+TV6+lOf+SvJrb8omrgZzK+IXmh5Fg2OLSlCW4jjjdm,2.589437,3.223174,4.967727,0,2591700,15.735572,Interactive,1,1.75
111300,ZXTIUCxfgq3vkGZD/2BQw+TV6+lOf+SvJrb8omrgZzK+IXmh5Fg2OLSlCW4jjjdm,2.389857,3.293521,4.392261,0,2591700,15.735572,Interactive,1,1.75
111600,ZXTIUCxfgq3vkGZD/2BQw+TV6+lOf+SvJrb8omrgZzK+IXmh5Fg2OLSlCW4jjjdm,2.7575,3.399351,4.342566000000001,0,2591700,15.735572,Interactive,1,1.75
111900,ZXTIUCxfgq3vkGZD/2BQw+TV6+lOf+SvJrb8omrgZzK+IXmh5Fg2OLSlCW4jjjdm,2.59808,3.2886,5.21159,0,2591700,15.735572,Interactive,1,1.75
112200,ZXTIUCxfgq3vkGZD/2BQw+TV6+lOf+SvJrb8omrgZzK+IXmh5Fg2OLSlCW4jjjdm,2.255706,3.587138,5.464053,0,2591700,15.735572,Interactive,1,1.75
112500,ZXTIUCxfgq3vkGZD/2BQw+TV6+lOf+SvJrb8omrgZzK+IXmh5Fg2OLSlCW4jjjdm,2.6373900000000003,3.459404,4.353781,0,2591700,15.735572,Interactive,1,1.75
112800,ZXTIUCxfgq3vkGZD/2BQw+TV6+lOf+SvJrb8omrgZzK+IXmh5Fg2OLSlCW4jjjdm,2.617553,5.755711,23.773894,0,2591700,15.735572,Interactive,1,1.75
113100,ZXTIUCxfgq3vkGZD/2BQw+TV6+lOf+SvJrb8omrgZzK+IXmh5Fg2OLSlCW4jjjdm,2.731635,3.557367,5.248298,0,2591700,15.735572,Interactive,1,1.75
113400,ZXTIUCxfgq3vkGZD/2BQw+TV6+lOf+SvJrb8omrgZzK+IXmh5Fg2OLSlCW4jjjdm,2.535115,3.608533,4.922129,0,2591700,15.735572,Interactive,1,1.75
113700,ZXTIUCxfgq3vkGZD/2BQw+TV6+lOf+SvJrb8omrgZzK+IXmh5Fg2OLSlCW4jjjdm,2.677507,3.28064,5.089161,0,2591700,15.735572,Interactive,1,1.75
114000,ZXTIUCxfgq3vkGZD/2BQw+TV6+lOf+SvJrb8omrgZzK+IXmh5Fg2OLSlCW4jjjdm,2.285668,3.433526,4.973485,0,2591700,15.735572,Interactive,1,1.75
114300,ZXTIUCxfgq3vkGZD/2BQw+TV6+lOf+SvJrb8omrgZzK+IXmh5Fg2OLSlCW4jjjdm,2.76994,3.407995,4.231882,0,2591700,15.735572,Interactive,1,1.75
114600,ZXTIUCxfgq3vkGZD/2BQw+TV6+lOf+SvJrb8omrgZzK+IXmh5Fg2OLSlCW4jjjdm,2.793246,4.024244,10.940527,0,2591700,15.735572,Interactive,1,1.75
114900,ZXTIUCxfgq3vkGZD/2BQw+TV6+lOf+SvJrb8omrgZzK+IXmh5Fg2OLSlCW4jjjdm,2.843624,3.853258,5.423602,0,2591700,15.735572,Interactive,1,1.75
115200,ZXTIUCxfgq3vkGZD/2BQw+TV6+lOf+SvJrb8omrgZzK+IXmh5Fg2OLSlCW4jjjdm,2.708303,3.434638,4.516655999999999,0,2591700,15.735572,Interactive,1,1.75
115500,ZXTIUCxfgq3vkGZD/2BQw+TV6+lOf+SvJrb8omrgZzK+IXmh5Fg2OLSlCW4jjjdm,2.67358,3.631138,6.990481,0,2591700,15.735572,Interactive,1,1.75
115800,ZXTIUCxfgq3vkGZD/2BQw+TV6+lOf+SvJrb8omrgZzK+IXmh5Fg2OLSlCW4jjjdm,2.624979,3.544827,4.971986,0,2591700,15.735572,Interactive,1,1.75
116100,ZXTIUCxfgq3vkGZD/2BQw+TV6+lOf+SvJrb8omrgZzK+IXmh5Fg2OLSlCW4jjjdm,2.625155,3.3860019999999995,4.225017,0,2591700,15.735572,Interactive,1,1.75
116400,ZXTIUCxfgq3vkGZD/2BQw+TV6+lOf+SvJrb8omrgZzK+IXmh5Fg2OLSlCW4jjjdm,2.606101,5.393961,23.169848,0,2591700,15.735572,Interactive,1,1.75
116700,ZXTIUCxfgq3vkGZD/2BQw+TV6+lOf+SvJrb8omrgZzK+IXmh5Fg2OLSlCW4jjjdm,2.378861,3.454826,4.990969000000001,0,2591700,15.735572,Interactive,1,1.75
117000,ZXTIUCxfgq3vkGZD/2BQw+TV6+lOf+SvJrb8omrgZzK+IXmh5Fg2OLSlCW4jjjdm,2.785959,3.539095,4.454155,0,2591700,15.735572,Interactive,1,1.75
117300,ZXTIUCxfgq3vkGZD/2BQw+TV6+lOf+SvJrb8omrgZzK+IXmh5Fg2OLSlCW4jjjdm,2.690512,4.191895,12.458804,0,2591700,15.735572,Interactive,1,1.75
117600,ZXTIUCxfgq3vkGZD/2BQw+TV6+lOf+SvJrb8omrgZzK+IXmh5Fg2OLSlCW4jjjdm,2.628587,3.527422,4.4626790000000005,0,2591700,15.735572,Interactive,1,1.75
117900,ZXTIUCxfgq3vkGZD/2BQw+TV6+lOf+SvJrb8omrgZzK+IXmh5Fg2OLSlCW4jjjdm,2.942975,3.418187,3.762647,0,2591700,15.735572,Interactive,1,1.75
118200,ZXTIUCxfgq3vkGZD/2BQw+TV6+lOf+SvJrb8omrgZzK+IXmh5Fg2OLSlCW4jjjdm,2.847987,3.688342,7.419427000000001,0,2591700,15.735572,Interactive,1,1.75
118500,ZXTIUCxfgq3vkGZD/2BQw+TV6+lOf+SvJrb8omrgZzK+IXmh5Fg2OLSlCW4jjjdm,3.040552,3.66228,4.619899,0,2591700,15.735572,Interactive,1,1.75
118800,ZXTIUCxfgq3vkGZD/2BQw+TV6+lOf+SvJrb8omrgZzK+IXmh5Fg2OLSlCW4jjjdm,2.78482,3.4134260000000003,4.2581690000000005,0,2591700,15.735572,Interactive,1,1.75
119100,ZXTIUCxfgq3vkGZD/2BQw+TV6+lOf+SvJrb8omrgZzK+IXmh5Fg2OLSlCW4jjjdm,2.489231,3.259897,4.084728,0,2591700,15.735572,Interactive,1,1.75
119400,ZXTIUCxfgq3vkGZD/2BQw+TV6+lOf+SvJrb8omrgZzK+IXmh5Fg2OLSlCW4jjjdm,2.193385,3.301603,3.983781,0,2591700,15.735572,Interactive,1,1.75
119700,ZXTIUCxfgq3vkGZD/2BQw+TV6+lOf+SvJrb8omrgZzK+IXmh5Fg2OLSlCW4jjjdm,2.747723,3.249899,4.119479,0,2591700,15.735572,Interactive,1,1.75
120000,ZXTIUCxfgq3vkGZD/2BQw+TV6+lOf+SvJrb8omrgZzK+IXmh5Fg2OLSlCW4jjjdm,2.68322,5.738517,24.236802,0,2591700,15.735572,Interactive,1,1.75
120300,ZXTIUCxfgq3vkGZD/2BQw+TV6+lOf+SvJrb8omrgZzK+IXmh5Fg2OLSlCW4jjjdm,1.890823,3.304877,4.742079,0,2591700,15.735572,Interactive,1,1.75
120600,ZXTIUCxfgq3vkGZD/2BQw+TV6+lOf+SvJrb8omrgZzK+IXmh5Fg2OLSlCW4jjjdm,2.749532,3.215814,4.082008,0,2591700,15.735572,Interactive,1,1.75
120900,ZXTIUCxfgq3vkGZD/2BQw+TV6+lOf+SvJrb8omrgZzK+IXmh5Fg2OLSlCW4jjjdm,1.938952,3.169664,4.390046,0,2591700,15.735572,Interactive,1,1.75
121200,ZXTIUCxfgq3vkGZD/2BQw+TV6+lOf+SvJrb8omrgZzK+IXmh5Fg2OLSlCW4jjjdm,2.829598,3.557888,4.581616,0,2591700,15.735572,Interactive,1,1.75
121500,ZXTIUCxfgq3vkGZD/2BQw+TV6+lOf+SvJrb8omrgZzK+IXmh5Fg2OLSlCW4jjjdm,2.6697450000000003,4.899185,20.817986,0,2591700,15.735572,Interactive,1,1.75
121800,ZXTIUCxfgq3vkGZD/2BQw+TV6+lOf+SvJrb8omrgZzK+IXmh5Fg2OLSlCW4jjjdm,2.792461,3.389897,4.385032,0,2591700,15.735572,Interactive,1,1.75
122100,ZXTIUCxfgq3vkGZD/2BQw+TV6+lOf+SvJrb8omrgZzK+IXmh5Fg2OLSlCW4jjjdm,2.670874,3.519965,4.505534,0,2591700,15.735572,Interactive,1,1.75
122400,ZXTIUCxfgq3vkGZD/2BQw+TV6+lOf+SvJrb8omrgZzK+IXmh5Fg2OLSlCW4jjjdm,2.81043,3.380733,4.705622,0,2591700,15.735572,Interactive,1,1.75
122700,ZXTIUCxfgq3vkGZD/2BQw+TV6+lOf+SvJrb8omrgZzK+IXmh5Fg2OLSlCW4jjjdm,2.7654,3.585382,6.751841000000001,0,2591700,15.735572,Interactive,1,1.75
123000,ZXTIUCxfgq3vkGZD/2BQw+TV6+lOf+SvJrb8omrgZzK+IXmh5Fg2OLSlCW4jjjdm,2.922135,3.641127,5.007363,0,2591700,15.735572,Interactive,1,1.75
123300,ZXTIUCxfgq3vkGZD/2BQw+TV6+lOf+SvJrb8omrgZzK+IXmh5Fg2OLSlCW4jjjdm,2.549775,3.297473,4.222373,0,2591700,15.735572,Interactive,1,1.75
123600,ZXTIUCxfgq3vkGZD/2BQw+TV6+lOf+SvJrb8omrgZzK+IXmh5Fg2OLSlCW4jjjdm,2.509625,5.326415,24.538212,0,2591700,15.735572,Interactive,1,1.75
123900,ZXTIUCxfgq3vkGZD/2BQw+TV6+lOf+SvJrb8omrgZzK+IXmh5Fg2OLSlCW4jjjdm,2.601771,3.586556,4.801981,0,2591700,15.735572,Interactive,1,1.75
124200,ZXTIUCxfgq3vkGZD/2BQw+TV6+lOf+SvJrb8omrgZzK+IXmh5Fg2OLSlCW4jjjdm,2.679703,4.399123,15.552864,0,2591700,15.735572,Interactive,1,1.75
124500,ZXTIUCxfgq3vkGZD/2BQw+TV6+lOf+SvJrb8omrgZzK+IXmh5Fg2OLSlCW4jjjdm,2.639807,3.4188410000000005,4.161490000000001,0,2591700,15.735572,Interactive,1,1.75
124800,ZXTIUCxfgq3vkGZD/2BQw+TV6+lOf+SvJrb8omrgZzK+IXmh5Fg2OLSlCW4jjjdm,2.651167,3.367114,3.900665,0,2591700,15.735572,Interactive,1,1.75
125100,ZXTIUCxfgq3vkGZD/2BQw+TV6+lOf+SvJrb8omrgZzK+IXmh5Fg2OLSlCW4jjjdm,2.570687,3.3242800000000003,4.307623,0,2591700,15.735572,Interactive,1,1.75
125400,ZXTIUCxfgq3vkGZD/2BQw+TV6+lOf+SvJrb8omrgZzK+IXmh5Fg2OLSlCW4jjjdm,2.728213,3.429104,5.500148,0,2591700,15.735572,Interactive,1,1.75
125700,ZXTIUCxfgq3vkGZD/2BQw+TV6+lOf+SvJrb8omrgZzK+IXmh5Fg2OLSlCW4jjjdm,2.6903490000000003,3.51921,4.852378,0,2591700,15.735572,Interactive,1,1.75
126000,ZXTIUCxfgq3vkGZD/2BQw+TV6+lOf+SvJrb8omrgZzK+IXmh5Fg2OLSlCW4jjjdm,2.683692,3.34912,4.319083,0,2591700,15.735572,Interactive,1,1.75
126300,ZXTIUCxfgq3vkGZD/2BQw+TV6+lOf+SvJrb8omrgZzK+IXmh5Fg2OLSlCW4jjjdm,2.199734,3.210153,4.437258,0,2591700,15.735572,Interactive,1,1.75
126600,ZXTIUCxfgq3vkGZD/2BQw+TV6+lOf+SvJrb8omrgZzK+IXmh5Fg2OLSlCW4jjjdm,2.794452,3.621173,4.62102,0,2591700,15.735572,Interactive,1,1.75
126900,ZXTIUCxfgq3vkGZD/2BQw+TV6+lOf+SvJrb8omrgZzK+IXmh5Fg2OLSlCW4jjjdm,2.655012,4.40664,14.85592,0,2591700,15.735572,Interactive,1,1.75
127200,ZXTIUCxfgq3vkGZD/2BQw+TV6+lOf+SvJrb8omrgZzK+IXmh5Fg2OLSlCW4jjjdm,2.61207,5.467375,18.644381,0,2591700,15.735572,Interactive,1,1.75
127500,ZXTIUCxfgq3vkGZD/2BQw+TV6+lOf+SvJrb8omrgZzK+IXmh5Fg2OLSlCW4jjjdm,2.944844,3.4743230000000005,4.0207120000000005,0,2591700,15.735572,Interactive,1,1.75
127800,ZXTIUCxfgq3vkGZD/2BQw+TV6+lOf+SvJrb8omrgZzK+IXmh5Fg2OLSlCW4jjjdm,2.67848,3.314807,4.41918,0,2591700,15.735572,Interactive,1,1.75
128100,ZXTIUCxfgq3vkGZD/2BQw+TV6+lOf+SvJrb8omrgZzK+IXmh5Fg2OLSlCW4jjjdm,2.585597,3.591513,5.899911,0,2591700,15.735572,Interactive,1,1.75
128400,ZXTIUCxfgq3vkGZD/2BQw+TV6+lOf+SvJrb8omrgZzK+IXmh5Fg2OLSlCW4jjjdm,2.680366,3.75274,5.953507,0,2591700,15.735572,Interactive,1,1.75
128700,ZXTIUCxfgq3vkGZD/2BQw+TV6+lOf+SvJrb8omrgZzK+IXmh5Fg2OLSlCW4jjjdm,2.59198,3.382944,4.093577,0,2591700,15.735572,Interactive,1,1.75
129000,ZXTIUCxfgq3vkGZD/2BQw+TV6+lOf+SvJrb8omrgZzK+IXmh5Fg2OLSlCW4jjjdm,2.187313,3.246775,4.519444,0,2591700,15.735572,Interactive,1,1.75
129300,ZXTIUCxfgq3vkGZD/2BQw+TV6+lOf+SvJrb8omrgZzK+IXmh5Fg2OLSlCW4jjjdm,2.818696,3.66644,4.621231,0,2591700,15.735572,Interactive,1,1.75
129600,ZXTIUCxfgq3vkGZD/2BQw+TV6+lOf+SvJrb8omrgZzK+IXmh5Fg2OLSlCW4jjjdm,2.700656,3.147384,3.677758,0,2591700,15.735572,Interactive,1,1.75
129900,ZXTIUCxfgq3vkGZD/2BQw+TV6+lOf+SvJrb8omrgZzK+IXmh5Fg2OLSlCW4jjjdm,2.906494,3.4750410000000005,4.867268,0,2591700,15.735572,Interactive,1,1.75
130200,ZXTIUCxfgq3vkGZD/2BQw+TV6+lOf+SvJrb8omrgZzK+IXmh5Fg2OLSlCW4jjjdm,2.146016,3.388836,3.912009,0,2591700,15.735572,Interactive,1,1.75
130500,ZXTIUCxfgq3vkGZD/2BQw+TV6+lOf+SvJrb8omrgZzK+IXmh5Fg2OLSlCW4jjjdm,2.621371,3.422974,4.31967,0,2591700,15.735572,Interactive,1,1.75
130800,ZXTIUCxfgq3vkGZD/2BQw+TV6+lOf+SvJrb8omrgZzK+IXmh5Fg2OLSlCW4jjjdm,2.826365,5.675043,25.145697,0,2591700,15.735572,Interactive,1,1.75
131100,ZXTIUCxfgq3vkGZD/2BQw+TV6+lOf+SvJrb8omrgZzK+IXmh5Fg2OLSlCW4jjjdm,2.3932330000000004,3.451286,4.489664,0,2591700,15.735572,Interactive,1,1.75
131400,ZXTIUCxfgq3vkGZD/2BQw+TV6+lOf+SvJrb8omrgZzK+IXmh5Fg2OLSlCW4jjjdm,2.597274,3.309139,4.745196,0,2591700,15.735572,Interactive,1,1.75
131700,ZXTIUCxfgq3vkGZD/2BQw+TV6+lOf+SvJrb8omrgZzK+IXmh5Fg2OLSlCW4jjjdm,2.799713,4.616772,15.009272,0,2591700,15.735572,Interactive,1,1.75
132000,ZXTIUCxfgq3vkGZD/2BQw+TV6+lOf+SvJrb8omrgZzK+IXmh5Fg2OLSlCW4jjjdm,3.020836,3.655384,4.492051999999999,0,2591700,15.735572,Interactive,1,1.75
132300,ZXTIUCxfgq3vkGZD/2BQw+TV6+lOf+SvJrb8omrgZzK+IXmh5Fg2OLSlCW4jjjdm,2.17397,3.236116,4.506063,0,2591700,15.735572,Interactive,1,1.75
132600,ZXTIUCxfgq3vkGZD/2BQw+TV6+lOf+SvJrb8omrgZzK+IXmh5Fg2OLSlCW4jjjdm,2.844395,3.4491940000000003,4.739486,0,2591700,15.735572,Interactive,1,1.75
132900,ZXTIUCxfgq3vkGZD/2BQw+TV6+lOf+SvJrb8omrgZzK+IXmh5Fg2OLSlCW4jjjdm,1.950589,3.464403,4.559365000000001,0,2591700,15.735572,Interactive,1,1.75
133200,ZXTIUCxfgq3vkGZD/2BQw+TV6+lOf+SvJrb8omrgZzK+IXmh5Fg2OLSlCW4jjjdm,2.957029,3.4176290000000003,5.049532,0,2591700,15.735572,Interactive,1,1.75
133500,ZXTIUCxfgq3vkGZD/2BQw+TV6+lOf+SvJrb8omrgZzK+IXmh5Fg2OLSlCW4jjjdm,2.795286,3.450505,4.794543,0,2591700,15.735572,Interactive,1,1.75
133800,ZXTIUCxfgq3vkGZD/2BQw+TV6+lOf+SvJrb8omrgZzK+IXmh5Fg2OLSlCW4jjjdm,2.744534,3.637206,4.934632,0,2591700,15.735572,Interactive,1,1.75
134100,ZXTIUCxfgq3vkGZD/2BQw+TV6+lOf+SvJrb8omrgZzK+IXmh5Fg2OLSlCW4jjjdm,2.672726,3.485465,5.649905,0,2591700,15.735572,Interactive,1,1.75
134400,ZXTIUCxfgq3vkGZD/2BQw+TV6+lOf+SvJrb8omrgZzK+IXmh5Fg2OLSlCW4jjjdm,2.462953,3.4818519999999995,4.84616,0,2591700,15.735572,Interactive,1,1.75
134700,ZXTIUCxfgq3vkGZD/2BQw+TV6+lOf+SvJrb8omrgZzK+IXmh5Fg2OLSlCW4jjjdm,3.088525,6.361929,29.7028,0,2591700,15.735572,Interactive,1,1.75
135000,ZXTIUCxfgq3vkGZD/2BQw+TV6+lOf+SvJrb8omrgZzK+IXmh5Fg2OLSlCW4jjjdm,2.428275,5.477532,13.901627,0,2591700,15.735572,Interactive,1,1.75
135300,ZXTIUCxfgq3vkGZD/2BQw+TV6+lOf+SvJrb8omrgZzK+IXmh5Fg2OLSlCW4jjjdm,2.719396,3.655697,5.556351,0,2591700,15.735572,Interactive,1,1.75
135600,ZXTIUCxfgq3vkGZD/2BQw+TV6+lOf+SvJrb8omrgZzK+IXmh5Fg2OLSlCW4jjjdm,2.276553,5.337614,21.840152,0,2591700,15.735572,Interactive,1,1.75
135900,ZXTIUCxfgq3vkGZD/2BQw+TV6+lOf+SvJrb8omrgZzK+IXmh5Fg2OLSlCW4jjjdm,2.817677,8.32788,33.882985,0,2591700,15.735572,Interactive,1,1.75
136200,ZXTIUCxfgq3vkGZD/2BQw+TV6+lOf+SvJrb8omrgZzK+IXmh5Fg2OLSlCW4jjjdm,3.013189,3.766027,6.15014,0,2591700,15.735572,Interactive,1,1.75
136500,ZXTIUCxfgq3vkGZD/2BQw+TV6+lOf+SvJrb8omrgZzK+IXmh5Fg2OLSlCW4jjjdm,3.222376,3.849627,5.192723,0,2591700,15.735572,Interactive,1,1.75
136800,ZXTIUCxfgq3vkGZD/2BQw+TV6+lOf+SvJrb8omrgZzK+IXmh5Fg2OLSlCW4jjjdm,2.871618,3.5025120000000003,4.516975,0,2591700,15.735572,Interactive,1,1.75
137100,ZXTIUCxfgq3vkGZD/2BQw+TV6+lOf+SvJrb8omrgZzK+IXmh5Fg2OLSlCW4jjjdm,2.633689,3.484071,4.997015,0,2591700,15.735572,Interactive,1,1.75
137400,ZXTIUCxfgq3vkGZD/2BQw+TV6+lOf+SvJrb8omrgZzK+IXmh5Fg2OLSlCW4jjjdm,2.8151580000000003,3.572712,4.492945,0,2591700,15.735572,Interactive,1,1.75
137700,ZXTIUCxfgq3vkGZD/2BQw+TV6+lOf+SvJrb8omrgZzK+IXmh5Fg2OLSlCW4jjjdm,2.57996,3.284139,4.367945,0,2591700,15.735572,Interactive,1,1.75
138000,ZXTIUCxfgq3vkGZD/2BQw+TV6+lOf+SvJrb8omrgZzK+IXmh5Fg2OLSlCW4jjjdm,2.84588,5.49757,17.283646,0,2591700,15.735572,Interactive,1,1.75
138300,ZXTIUCxfgq3vkGZD/2BQw+TV6+lOf+SvJrb8omrgZzK+IXmh5Fg2OLSlCW4jjjdm,3.110566,3.723709,5.108021,0,2591700,15.735572,Interactive,1,1.75
138600,ZXTIUCxfgq3vkGZD/2BQw+TV6+lOf+SvJrb8omrgZzK+IXmh5Fg2OLSlCW4jjjdm,2.862923,3.396094,4.396183000000001,0,2591700,15.735572,Interactive,1,1.75
138900,ZXTIUCxfgq3vkGZD/2BQw+TV6+lOf+SvJrb8omrgZzK+IXmh5Fg2OLSlCW4jjjdm,2.607324,3.3809339999999994,4.65225,0,2591700,15.735572,Interactive,1,1.75
139200,ZXTIUCxfgq3vkGZD/2BQw+TV6+lOf+SvJrb8omrgZzK+IXmh5Fg2OLSlCW4jjjdm,2.345815,3.570628,4.937369,0,2591700,15.735572,Interactive,1,1.75
139500,ZXTIUCxfgq3vkGZD/2BQw+TV6+lOf+SvJrb8omrgZzK+IXmh5Fg2OLSlCW4jjjdm,2.6862,3.313651,4.458626000000001,0,2591700,15.735572,Interactive,1,1.75
139800,ZXTIUCxfgq3vkGZD/2BQw+TV6+lOf+SvJrb8omrgZzK+IXmh5Fg2OLSlCW4jjjdm,2.043361,3.305829,4.559811,0,2591700,15.735572,Interactive,1,1.75
140100,ZXTIUCxfgq3vkGZD/2BQw+TV6+lOf+SvJrb8omrgZzK+IXmh5Fg2OLSlCW4jjjdm,3.105777,3.64331,4.677987,0,2591700,15.735572,Interactive,1,1.75
140400,ZXTIUCxfgq3vkGZD/2BQw+TV6+lOf+SvJrb8omrgZzK+IXmh5Fg2OLSlCW4jjjdm,2.5807,3.188598,4.161059,0,2591700,15.735572,Interactive,1,1.75
140700,ZXTIUCxfgq3vkGZD/2BQw+TV6+lOf+SvJrb8omrgZzK+IXmh5Fg2OLSlCW4jjjdm,2.574416,3.400301,4.441847,0,2591700,15.735572,Interactive,1,1.75
141000,ZXTIUCxfgq3vkGZD/2BQw+TV6+lOf+SvJrb8omrgZzK+IXmh5Fg2OLSlCW4jjjdm,2.362778,3.551026,4.804656,0,2591700,15.735572,Interactive,1,1.75
141300,ZXTIUCxfgq3vkGZD/2BQw+TV6+lOf+SvJrb8omrgZzK+IXmh5Fg2OLSlCW4jjjdm,2.573438,3.350789,4.296,0,2591700,15.735572,Interactive,1,1.75
141600,ZXTIUCxfgq3vkGZD/2BQw+TV6+lOf+SvJrb8omrgZzK+IXmh5Fg2OLSlCW4jjjdm,2.563467,5.393038,24.707934,0,2591700,15.735572,Interactive,1,1.75
141900,ZXTIUCxfgq3vkGZD/2BQw+TV6+lOf+SvJrb8omrgZzK+IXmh5Fg2OLSlCW4jjjdm,2.345038,3.567065,4.691514,0,2591700,15.735572,Interactive,1,1.75
142200,ZXTIUCxfgq3vkGZD/2BQw+TV6+lOf+SvJrb8omrgZzK+IXmh5Fg2OLSlCW4jjjdm,2.666246,3.297383,4.177443,0,2591700,15.735572,Interactive,1,1.75
142500,ZXTIUCxfgq3vkGZD/2BQw+TV6+lOf+SvJrb8omrgZzK+IXmh5Fg2OLSlCW4jjjdm,2.221066,3.339667,4.457138,0,2591700,15.735572,Interactive,1,1.75
142800,ZXTIUCxfgq3vkGZD/2BQw+TV6+lOf+SvJrb8omrgZzK+IXmh5Fg2OLSlCW4jjjdm,2.895225,3.5426839999999995,4.745198,0,2591700,15.735572,Interactive,1,1.75
143100,ZXTIUCxfgq3vkGZD/2BQw+TV6+lOf+SvJrb8omrgZzK+IXmh5Fg2OLSlCW4jjjdm,1.813904,3.3591,5.143517,0,2591700,15.735572,Interactive,1,1.75
143400,ZXTIUCxfgq3vkGZD/2BQw+TV6+lOf+SvJrb8omrgZzK+IXmh5Fg2OLSlCW4jjjdm,2.677288,3.4401940000000004,4.67681,0,2591700,15.735572,Interactive,1,1.75
143700,ZXTIUCxfgq3vkGZD/2BQw+TV6+lOf+SvJrb8omrgZzK+IXmh5Fg2OLSlCW4jjjdm,2.476363,3.414653,4.792206,0,2591700,15.735572,Interactive,1,1.75
144000,ZXTIUCxfgq3vkGZD/2BQw+TV6+lOf+SvJrb8omrgZzK+IXmh5Fg2OLSlCW4jjjdm,2.566313,3.391013,4.93532,0,2591700,15.735572,Interactive,1,1.75
144300,ZXTIUCxfgq3vkGZD/2BQw+TV6+lOf+SvJrb8omrgZzK+IXmh5Fg2OLSlCW4jjjdm,2.559976,3.3697980000000003,4.583202,0,2591700,15.735572,Interactive,1,1.75
144600,ZXTIUCxfgq3vkGZD/2BQw+TV6+lOf+SvJrb8omrgZzK+IXmh5Fg2OLSlCW4jjjdm,2.046446,3.413596,5.160812,0,2591700,15.735572,Interactive,1,1.75
144900,ZXTIUCxfgq3vkGZD/2BQw+TV6+lOf+SvJrb8omrgZzK+IXmh5Fg2OLSlCW4jjjdm,2.668672,3.4540910000000005,4.881187000000001,0,2591700,15.735572,Interactive,1,1.75
145200,ZXTIUCxfgq3vkGZD/2BQw+TV6+lOf+SvJrb8omrgZzK+IXmh5Fg2OLSlCW4jjjdm,2.099593,5.548873,25.018007,0,2591700,15.735572,Interactive,1,1.75
145500,ZXTIUCxfgq3vkGZD/2BQw+TV6+lOf+SvJrb8omrgZzK+IXmh5Fg2OLSlCW4jjjdm,2.77699,3.820859,6.427964,0,2591700,15.735572,Interactive,1,1.75
145800,ZXTIUCxfgq3vkGZD/2BQw+TV6+lOf+SvJrb8omrgZzK+IXmh5Fg2OLSlCW4jjjdm,2.14952,3.372336,5.128154,0,2591700,15.735572,Interactive,1,1.75
146100,ZXTIUCxfgq3vkGZD/2BQw+TV6+lOf+SvJrb8omrgZzK+IXmh5Fg2OLSlCW4jjjdm,2.595325,3.499113,4.80081,0,2591700,15.735572,Interactive,1,1.75
146400,ZXTIUCxfgq3vkGZD/2BQw+TV6+lOf+SvJrb8omrgZzK+IXmh5Fg2OLSlCW4jjjdm,1.981967,3.421128,5.082252,0,2591700,15.735572,Interactive,1,1.75
146700,ZXTIUCxfgq3vkGZD/2BQw+TV6+lOf+SvJrb8omrgZzK+IXmh5Fg2OLSlCW4jjjdm,2.668253,3.46756,4.945335,0,2591700,15.735572,Interactive,1,1.75
147000,ZXTIUCxfgq3vkGZD/2BQw+TV6+lOf+SvJrb8omrgZzK+IXmh5Fg2OLSlCW4jjjdm,2.681394,3.3223510000000003,4.353061,0,2591700,15.735572,Interactive,1,1.75
147300,ZXTIUCxfgq3vkGZD/2BQw+TV6+lOf+SvJrb8omrgZzK+IXmh5Fg2OLSlCW4jjjdm,2.441119,3.434763,5.245665,0,2591700,15.735572,Interactive,1,1.75
147600,ZXTIUCxfgq3vkGZD/2BQw+TV6+lOf+SvJrb8omrgZzK+IXmh5Fg2OLSlCW4jjjdm,2.647513,3.5041269999999995,5.028695,0,2591700,15.735572,Interactive,1,1.75
147900,ZXTIUCxfgq3vkGZD/2BQw+TV6+lOf+SvJrb8omrgZzK+IXmh5Fg2OLSlCW4jjjdm,2.781813,3.38075,4.427703,0,2591700,15.735572,Interactive,1,1.75
148200,ZXTIUCxfgq3vkGZD/2BQw+TV6+lOf+SvJrb8omrgZzK+IXmh5Fg2OLSlCW4jjjdm,2.763799,3.41929,4.8797,0,2591700,15.735572,Interactive,1,1.75
148500,ZXTIUCxfgq3vkGZD/2BQw+TV6+lOf+SvJrb8omrgZzK+IXmh5Fg2OLSlCW4jjjdm,1.744565,3.311121,5.060738,0,2591700,15.735572,Interactive,1,1.75
148800,ZXTIUCxfgq3vkGZD/2BQw+TV6+lOf+SvJrb8omrgZzK+IXmh5Fg2OLSlCW4jjjdm,2.939763,5.50222,16.108757999999998,0,2591700,15.735572,Interactive,1,1.75
149100,ZXTIUCxfgq3vkGZD/2BQw+TV6+lOf+SvJrb8omrgZzK+IXmh5Fg2OLSlCW4jjjdm,2.79626,6.225463,31.019799,0,2591700,15.735572,Interactive,1,1.75
149400,ZXTIUCxfgq3vkGZD/2BQw+TV6+lOf+SvJrb8omrgZzK+IXmh5Fg2OLSlCW4jjjdm,2.793878,3.528771,5.258794,0,2591700,15.735572,Interactive,1,1.75
149700,ZXTIUCxfgq3vkGZD/2BQw+TV6+lOf+SvJrb8omrgZzK+IXmh5Fg2OLSlCW4jjjdm,2.573469,3.414895,5.012302,0,2591700,15.735572,Interactive,1,1.75
150000,ZXTIUCxfgq3vkGZD/2BQw+TV6+lOf+SvJrb8omrgZzK+IXmh5Fg2OLSlCW4jjjdm,2.749844,3.510643,4.903403,0,2591700,15.735572,Interactive,1,1.75
150300,ZXTIUCxfgq3vkGZD/2BQw+TV6+lOf+SvJrb8omrgZzK+IXmh5Fg2OLSlCW4jjjdm,2.685669,3.4620900000000003,5.194064,0,2591700,15.735572,Interactive,1,1.75
150600,ZXTIUCxfgq3vkGZD/2BQw+TV6+lOf+SvJrb8omrgZzK+IXmh5Fg2OLSlCW4jjjdm,2.514612,3.449124,4.5821510000000005,0,2591700,15.735572,Interactive,1,1.75
150900,ZXTIUCxfgq3vkGZD/2BQw+TV6+lOf+SvJrb8omrgZzK+IXmh5Fg2OLSlCW4jjjdm,2.788606,3.482221,4.968297,0,2591700,15.735572,Interactive,1,1.75
151200,ZXTIUCxfgq3vkGZD/2BQw+TV6+lOf+SvJrb8omrgZzK+IXmh5Fg2OLSlCW4jjjdm,2.156088,3.382724,5.123349,0,2591700,15.735572,Interactive,1,1.75
151500,ZXTIUCxfgq3vkGZD/2BQw+TV6+lOf+SvJrb8omrgZzK+IXmh5Fg2OLSlCW4jjjdm,2.544296,3.4460050000000004,4.576402,0,2591700,15.735572,Interactive,1,1.75
151800,ZXTIUCxfgq3vkGZD/2BQw+TV6+lOf+SvJrb8omrgZzK+IXmh5Fg2OLSlCW4jjjdm,2.939232,3.825389,6.273194999999999,0,2591700,15.735572,Interactive,1,1.75
152100,ZXTIUCxfgq3vkGZD/2BQw+TV6+lOf+SvJrb8omrgZzK+IXmh5Fg2OLSlCW4jjjdm,2.919841,3.534382,5.278617,0,2591700,15.735572,Interactive,1,1.75
152400,ZXTIUCxfgq3vkGZD/2BQw+TV6+lOf+SvJrb8omrgZzK+IXmh5Fg2OLSlCW4jjjdm,2.710914,5.612089,24.955286,0,2591700,15.735572,Interactive,1,1.75
152700,ZXTIUCxfgq3vkGZD/2BQw+TV6+lOf+SvJrb8omrgZzK+IXmh5Fg2OLSlCW4jjjdm,2.938328,3.620798,4.744324,0,2591700,15.735572,Interactive,1,1.75
153000,ZXTIUCxfgq3vkGZD/2BQw+TV6+lOf+SvJrb8omrgZzK+IXmh5Fg2OLSlCW4jjjdm,2.745705,3.528074,5.348296,0,2591700,15.735572,Interactive,1,1.75
153300,ZXTIUCxfgq3vkGZD/2BQw+TV6+lOf+SvJrb8omrgZzK+IXmh5Fg2OLSlCW4jjjdm,2.9569650000000003,3.60365,5.0161,0,2591700,15.735572,Interactive,1,1.75
153600,ZXTIUCxfgq3vkGZD/2BQw+TV6+lOf+SvJrb8omrgZzK+IXmh5Fg2OLSlCW4jjjdm,2.916449,3.541454,5.004753,0,2591700,15.735572,Interactive,1,1.75
153900,ZXTIUCxfgq3vkGZD/2BQw+TV6+lOf+SvJrb8omrgZzK+IXmh5Fg2OLSlCW4jjjdm,2.885389,3.525529,5.067093,0,2591700,15.735572,Interactive,1,1.75
154200,ZXTIUCxfgq3vkGZD/2BQw+TV6+lOf+SvJrb8omrgZzK+IXmh5Fg2OLSlCW4jjjdm,2.672746,3.454493,4.179256,0,2591700,15.735572,Interactive,1,1.75
154500,ZXTIUCxfgq3vkGZD/2BQw+TV6+lOf+SvJrb8omrgZzK+IXmh5Fg2OLSlCW4jjjdm,2.828757,3.792665,6.667167999999999,0,2591700,15.735572,Interactive,1,1.75
154800,ZXTIUCxfgq3vkGZD/2BQw+TV6+lOf+SvJrb8omrgZzK+IXmh5Fg2OLSlCW4jjjdm,2.811386,3.5665730000000004,4.569788,0,2591700,15.735572,Interactive,1,1.75
155100,ZXTIUCxfgq3vkGZD/2BQw+TV6+lOf+SvJrb8omrgZzK+IXmh5Fg2OLSlCW4jjjdm,2.6272290000000003,3.5743620000000003,4.297391999999999,0,2591700,15.735572,Interactive,1,1.75
155400,ZXTIUCxfgq3vkGZD/2BQw+TV6+lOf+SvJrb8omrgZzK+IXmh5Fg2OLSlCW4jjjdm,2.874614,3.608526,4.738527,0,2591700,15.735572,Interactive,1,1.75
155700,ZXTIUCxfgq3vkGZD/2BQw+TV6+lOf+SvJrb8omrgZzK+IXmh5Fg2OLSlCW4jjjdm,2.635428,3.416326,4.496643,0,2591700,15.735572,Interactive,1,1.75
156000,ZXTIUCxfgq3vkGZD/2BQw+TV6+lOf+SvJrb8omrgZzK+IXmh5Fg2OLSlCW4jjjdm,2.968854,5.780411,25.398035,0,2591700,15.735572,Interactive,1,1.75
156300,ZXTIUCxfgq3vkGZD/2BQw+TV6+lOf+SvJrb8omrgZzK+IXmh5Fg2OLSlCW4jjjdm,2.647914,3.55364,4.817429,0,2591700,15.735572,Interactive,1,1.75
156600,ZXTIUCxfgq3vkGZD/2BQw+TV6+lOf+SvJrb8omrgZzK+IXmh5Fg2OLSlCW4jjjdm,2.378995,3.4024730000000005,4.705932,0,2591700,15.735572,Interactive,1,1.75
156900,ZXTIUCxfgq3vkGZD/2BQw+TV6+lOf+SvJrb8omrgZzK+IXmh5Fg2OLSlCW4jjjdm,2.768577,3.520274,4.2535870000000005,0,2591700,15.735572,Interactive,1,1.75
157200,ZXTIUCxfgq3vkGZD/2BQw+TV6+lOf+SvJrb8omrgZzK+IXmh5Fg2OLSlCW4jjjdm,2.416135,3.459735,4.666266,0,2591700,15.735572,Interactive,1,1.75
157500,ZXTIUCxfgq3vkGZD/2BQw+TV6+lOf+SvJrb8omrgZzK+IXmh5Fg2OLSlCW4jjjdm,2.606218,3.5757800000000004,4.675954,0,2591700,15.735572,Interactive,1,1.75
157800,ZXTIUCxfgq3vkGZD/2BQw+TV6+lOf+SvJrb8omrgZzK+IXmh5Fg2OLSlCW4jjjdm,2.277347,3.418476,4.351175,0,2591700,15.735572,Interactive,1,1.75
158100,ZXTIUCxfgq3vkGZD/2BQw+TV6+lOf+SvJrb8omrgZzK+IXmh5Fg2OLSlCW4jjjdm,2.973392,3.558954,4.791208999999999,0,2591700,15.735572,Interactive,1,1.75
158400,ZXTIUCxfgq3vkGZD/2BQw+TV6+lOf+SvJrb8omrgZzK+IXmh5Fg2OLSlCW4jjjdm,2.844602,3.609675,4.606580999999999,0,2591700,15.735572,Interactive,1,1.75
158700,ZXTIUCxfgq3vkGZD/2BQw+TV6+lOf+SvJrb8omrgZzK+IXmh5Fg2OLSlCW4jjjdm,2.7185040000000003,3.5528440000000003,4.271228,0,2591700,15.735572,Interactive,1,1.75
159000,ZXTIUCxfgq3vkGZD/2BQw+TV6+lOf+SvJrb8omrgZzK+IXmh5Fg2OLSlCW4jjjdm,2.8131630000000003,3.632812,4.754276,0,2591700,15.735572,Interactive,1,1.75
159300,ZXTIUCxfgq3vkGZD/2BQw+TV6+lOf+SvJrb8omrgZzK+IXmh5Fg2OLSlCW4jjjdm,2.786384,3.428409,4.653257,0,2591700,15.735572,Interactive,1,1.75
159600,ZXTIUCxfgq3vkGZD/2BQw+TV6+lOf+SvJrb8omrgZzK+IXmh5Fg2OLSlCW4jjjdm,2.649196,4.451587,14.399988,0,2591700,15.735572,Interactive,1,1.75
159900,ZXTIUCxfgq3vkGZD/2BQw+TV6+lOf+SvJrb8omrgZzK+IXmh5Fg2OLSlCW4jjjdm,2.113833,4.381549,13.516198,0,2591700,15.735572,Interactive,1,1.75
160200,ZXTIUCxfgq3vkGZD/2BQw+TV6+lOf+SvJrb8omrgZzK+IXmh5Fg2OLSlCW4jjjdm,2.765947,3.653559,5.368691,0,2591700,15.735572,Interactive,1,1.75
160500,ZXTIUCxfgq3vkGZD/2BQw+TV6+lOf+SvJrb8omrgZzK+IXmh5Fg2OLSlCW4jjjdm,2.2670630000000003,3.1876830000000003,4.241189,0,2591700,15.735572,Interactive,1,1.75
160800,ZXTIUCxfgq3vkGZD/2BQw+TV6+lOf+SvJrb8omrgZzK+IXmh5Fg2OLSlCW4jjjdm,2.7383740000000003,3.63772,4.78207,0,2591700,15.735572,Interactive,1,1.75
161100,ZXTIUCxfgq3vkGZD/2BQw+TV6+lOf+SvJrb8omrgZzK+IXmh5Fg2OLSlCW4jjjdm,2.14319,3.363643,4.621823,0,2591700,15.735572,Interactive,1,1.75
161400,ZXTIUCxfgq3vkGZD/2BQw+TV6+lOf+SvJrb8omrgZzK+IXmh5Fg2OLSlCW4jjjdm,2.529755,3.395692,4.391431,0,2591700,15.735572,Interactive,1,1.75
161700,ZXTIUCxfgq3vkGZD/2BQw+TV6+lOf+SvJrb8omrgZzK+IXmh5Fg2OLSlCW4jjjdm,3.051232,3.762217,5.02457,0,2591700,15.735572,Interactive,1,1.75
162000,ZXTIUCxfgq3vkGZD/2BQw+TV6+lOf+SvJrb8omrgZzK+IXmh5Fg2OLSlCW4jjjdm,2.698488,3.41251,4.759064,0,2591700,15.735572,Interactive,1,1.75
162300,ZXTIUCxfgq3vkGZD/2BQw+TV6+lOf+SvJrb8omrgZzK+IXmh5Fg2OLSlCW4jjjdm,2.66973,3.260672,4.037230999999999,0,2591700,15.735572,Interactive,1,1.75
162600,ZXTIUCxfgq3vkGZD/2BQw+TV6+lOf+SvJrb8omrgZzK+IXmh5Fg2OLSlCW4jjjdm,2.015444,3.453903,4.649254,0,2591700,15.735572,Interactive,1,1.75
162900,ZXTIUCxfgq3vkGZD/2BQw+TV6+lOf+SvJrb8omrgZzK+IXmh5Fg2OLSlCW4jjjdm,2.7437150000000003,3.4638120000000003,4.491947,0,2591700,15.735572,Interactive,1,1.75
163200,ZXTIUCxfgq3vkGZD/2BQw+TV6+lOf+SvJrb8omrgZzK+IXmh5Fg2OLSlCW4jjjdm,2.632588,3.289603,4.222926,0,2591700,15.735572,Interactive,1,1.75
163500,ZXTIUCxfgq3vkGZD/2BQw+TV6+lOf+SvJrb8omrgZzK+IXmh5Fg2OLSlCW4jjjdm,2.95801,5.811838,24.981074,0,2591700,15.735572,Interactive,1,1.75
163800,ZXTIUCxfgq3vkGZD/2BQw+TV6+lOf+SvJrb8omrgZzK+IXmh5Fg2OLSlCW4jjjdm,2.384971,3.478125,4.621912,0,2591700,15.735572,Interactive,1,1.75
164100,ZXTIUCxfgq3vkGZD/2BQw+TV6+lOf+SvJrb8omrgZzK+IXmh5Fg2OLSlCW4jjjdm,1.936741,3.316124,4.060029,0,2591700,15.735572,Interactive,1,1.75
164400,ZXTIUCxfgq3vkGZD/2BQw+TV6+lOf+SvJrb8omrgZzK+IXmh5Fg2OLSlCW4jjjdm,2.823145,3.695129,4.920107,0,2591700,15.735572,Interactive,1,1.75
164700,ZXTIUCxfgq3vkGZD/2BQw+TV6+lOf+SvJrb8omrgZzK+IXmh5Fg2OLSlCW4jjjdm,2.311022,8.891347999999999,36.538828,0,2591700,15.735572,Interactive,1,1.75
165000,ZXTIUCxfgq3vkGZD/2BQw+TV6+lOf+SvJrb8omrgZzK+IXmh5Fg2OLSlCW4jjjdm,2.641078,3.266092,3.947614,0,2591700,15.735572,Interactive,1,1.75
165300,ZXTIUCxfgq3vkGZD/2BQw+TV6+lOf+SvJrb8omrgZzK+IXmh5Fg2OLSlCW4jjjdm,2.192083,3.568795,4.83449,0,2591700,15.735572,Interactive,1,1.75
165600,ZXTIUCxfgq3vkGZD/2BQw+TV6+lOf+SvJrb8omrgZzK+IXmh5Fg2OLSlCW4jjjdm,2.6684080000000003,3.37605,4.375945,0,2591700,15.735572,Interactive,1,1.75
165900,ZXTIUCxfgq3vkGZD/2BQw+TV6+lOf+SvJrb8omrgZzK+IXmh5Fg2OLSlCW4jjjdm,2.038247,3.163598,3.999245,0,2591700,15.735572,Interactive,1,1.75
166200,ZXTIUCxfgq3vkGZD/2BQw+TV6+lOf+SvJrb8omrgZzK+IXmh5Fg2OLSlCW4jjjdm,2.787507,3.524193,4.18694,0,2591700,15.735572,Interactive,1,1.75
166500,ZXTIUCxfgq3vkGZD/2BQw+TV6+lOf+SvJrb8omrgZzK+IXmh5Fg2OLSlCW4jjjdm,2.527926,3.441295,4.33951,0,2591700,15.735572,Interactive,1,1.75
166800,ZXTIUCxfgq3vkGZD/2BQw+TV6+lOf+SvJrb8omrgZzK+IXmh5Fg2OLSlCW4jjjdm,2.6926650000000003,3.4867449999999995,5.288349,0,2591700,15.735572,Interactive,1,1.75
167100,ZXTIUCxfgq3vkGZD/2BQw+TV6+lOf+SvJrb8omrgZzK+IXmh5Fg2OLSlCW4jjjdm,2.789619,5.802633999999999,24.288885,0,2591700,15.735572,Interactive,1,1.75
167400,ZXTIUCxfgq3vkGZD/2BQw+TV6+lOf+SvJrb8omrgZzK+IXmh5Fg2OLSlCW4jjjdm,2.6539,3.736845,6.258807,0,2591700,15.735572,Interactive,1,1.75
167700,ZXTIUCxfgq3vkGZD/2BQw+TV6+lOf+SvJrb8omrgZzK+IXmh5Fg2OLSlCW4jjjdm,2.507723,3.33699,4.881839,0,2591700,15.735572,Interactive,1,1.75
168000,ZXTIUCxfgq3vkGZD/2BQw+TV6+lOf+SvJrb8omrgZzK+IXmh5Fg2OLSlCW4jjjdm,2.145968,3.413418,5.0797,0,2591700,15.735572,Interactive,1,1.75
168300,ZXTIUCxfgq3vkGZD/2BQw+TV6+lOf+SvJrb8omrgZzK+IXmh5Fg2OLSlCW4jjjdm,2.641198,3.4892540000000003,4.55491,0,2591700,15.735572,Interactive,1,1.75
168600,ZXTIUCxfgq3vkGZD/2BQw+TV6+lOf+SvJrb8omrgZzK+IXmh5Fg2OLSlCW4jjjdm,2.4541,3.185111,5.113944,0,2591700,15.735572,Interactive,1,1.75
168900,ZXTIUCxfgq3vkGZD/2BQw+TV6+lOf+SvJrb8omrgZzK+IXmh5Fg2OLSlCW4jjjdm,2.669927,3.619969,4.806761,0,2591700,15.735572,Interactive,1,1.75
169200,ZXTIUCxfgq3vkGZD/2BQw+TV6+lOf+SvJrb8omrgZzK+IXmh5Fg2OLSlCW4jjjdm,2.341752,3.382446,4.211026,0,2591700,15.735572,Interactive,1,1.75
169500,ZXTIUCxfgq3vkGZD/2BQw+TV6+lOf+SvJrb8omrgZzK+IXmh5Fg2OLSlCW4jjjdm,1.896272,3.291482,5.089743,0,2591700,15.735572,Interactive,1,1.75
169800,ZXTIUCxfgq3vkGZD/2BQw+TV6+lOf+SvJrb8omrgZzK+IXmh5Fg2OLSlCW4jjjdm,2.665121,3.620244,5.178936,0,2591700,15.735572,Interactive,1,1.75
170100,ZXTIUCxfgq3vkGZD/2BQw+TV6+lOf+SvJrb8omrgZzK+IXmh5Fg2OLSlCW4jjjdm,1.83413,3.462818,5.0716730000000005,0,2591700,15.735572,Interactive,1,1.75
170400,ZXTIUCxfgq3vkGZD/2BQw+TV6+lOf+SvJrb8omrgZzK+IXmh5Fg2OLSlCW4jjjdm,2.594717,3.304996,5.181788,0,2591700,15.735572,Interactive,1,1.75
170700,ZXTIUCxfgq3vkGZD/2BQw+TV6+lOf+SvJrb8omrgZzK+IXmh5Fg2OLSlCW4jjjdm,2.8126,5.67769,17.930328,0,2591700,15.735572,Interactive,1,1.75
171000,ZXTIUCxfgq3vkGZD/2BQw+TV6+lOf+SvJrb8omrgZzK+IXmh5Fg2OLSlCW4jjjdm,2.673624,3.474362,4.551647,0,2591700,15.735572,Interactive,1,1.75
171300,ZXTIUCxfgq3vkGZD/2BQw+TV6+lOf+SvJrb8omrgZzK+IXmh5Fg2OLSlCW4jjjdm,2.6360240000000004,4.180744,11.704769,0,2591700,15.735572,Interactive,1,1.75
171600,ZXTIUCxfgq3vkGZD/2BQw+TV6+lOf+SvJrb8omrgZzK+IXmh5Fg2OLSlCW4jjjdm,2.582945,3.623485,5.061026999999999,0,2591700,15.735572,Interactive,1,1.75
171900,ZXTIUCxfgq3vkGZD/2BQw+TV6+lOf+SvJrb8omrgZzK+IXmh5Fg2OLSlCW4jjjdm,2.037983,3.416806,4.557608999999999,0,2591700,15.735572,Interactive,1,1.75
172200,ZXTIUCxfgq3vkGZD/2BQw+TV6+lOf+SvJrb8omrgZzK+IXmh5Fg2OLSlCW4jjjdm,2.001048,3.187914,5.474293,0,2591700,15.735572,Interactive,1,1.75
172500,ZXTIUCxfgq3vkGZD/2BQw+TV6+lOf+SvJrb8omrgZzK+IXmh5Fg2OLSlCW4jjjdm,2.786057,3.602321,4.841125,0,2591700,15.735572,Interactive,1,1.75
172800,ZXTIUCxfgq3vkGZD/2BQw+TV6+lOf+SvJrb8omrgZzK+IXmh5Fg2OLSlCW4jjjdm,1.941577,3.337975,4.444092,0,2591700,15.735572,Interactive,1,1.75
173100,ZXTIUCxfgq3vkGZD/2BQw+TV6+lOf+SvJrb8omrgZzK+IXmh5Fg2OLSlCW4jjjdm,2.572102,3.328885,5.17266,0,2591700,15.735572,Interactive,1,1.75
173400,ZXTIUCxfgq3vkGZD/2BQw+TV6+lOf+SvJrb8omrgZzK+IXmh5Fg2OLSlCW4jjjdm,2.533159,3.731415,5.318853,0,2591700,15.735572,Interactive,1,1.75
173700,ZXTIUCxfgq3vkGZD/2BQw+TV6+lOf+SvJrb8omrgZzK+IXmh5Fg2OLSlCW4jjjdm,2.548453,3.454184,4.534535,0,2591700,15.735572,Interactive,1,1.75
174000,ZXTIUCxfgq3vkGZD/2BQw+TV6+lOf+SvJrb8omrgZzK+IXmh5Fg2OLSlCW4jjjdm,2.507073,3.157782,5.358455999999999,0,2591700,15.735572,Interactive,1,1.75
174300,ZXTIUCxfgq3vkGZD/2BQw+TV6+lOf+SvJrb8omrgZzK+IXmh5Fg2OLSlCW4jjjdm,2.88445,5.744186,26.066756,0,2591700,15.735572,Interactive,1,1.75
174600,ZXTIUCxfgq3vkGZD/2BQw+TV6+lOf+SvJrb8omrgZzK+IXmh5Fg2OLSlCW4jjjdm,2.437862,3.415711,4.561178,0,2591700,15.735572,Interactive,1,1.75
174900,ZXTIUCxfgq3vkGZD/2BQw+TV6+lOf+SvJrb8omrgZzK+IXmh5Fg2OLSlCW4jjjdm,2.457495,3.369793,5.428948,0,2591700,15.735572,Interactive,1,1.75
175200,ZXTIUCxfgq3vkGZD/2BQw+TV6+lOf+SvJrb8omrgZzK+IXmh5Fg2OLSlCW4jjjdm,2.569411,3.542498,4.831081,0,2591700,15.735572,Interactive,1,1.75
175500,ZXTIUCxfgq3vkGZD/2BQw+TV6+lOf+SvJrb8omrgZzK+IXmh5Fg2OLSlCW4jjjdm,2.194886,3.3875300000000004,4.70817,0,2591700,15.735572,Interactive,1,1.75
175800,ZXTIUCxfgq3vkGZD/2BQw+TV6+lOf+SvJrb8omrgZzK+IXmh5Fg2OLSlCW4jjjdm,2.5001,3.2809550000000005,5.310649,0,2591700,15.735572,Interactive,1,1.75
176100,ZXTIUCxfgq3vkGZD/2BQw+TV6+lOf+SvJrb8omrgZzK+IXmh5Fg2OLSlCW4jjjdm,2.682542,4.701523,14.499114000000002,0,2591700,15.735572,Interactive,1,1.75
176400,ZXTIUCxfgq3vkGZD/2BQw+TV6+lOf+SvJrb8omrgZzK+IXmh5Fg2OLSlCW4jjjdm,2.505783,3.392147,4.438286,0,2591700,15.735572,Interactive,1,1.75
176700,ZXTIUCxfgq3vkGZD/2BQw+TV6+lOf+SvJrb8omrgZzK+IXmh5Fg2OLSlCW4jjjdm,2.510464,3.431258,5.596916,0,2591700,15.735572,Interactive,1,1.75
177000,ZXTIUCxfgq3vkGZD/2BQw+TV6+lOf+SvJrb8omrgZzK+IXmh5Fg2OLSlCW4jjjdm,2.532884,3.486688,4.83905,0,2591700,15.735572,Interactive,1,1.75
177300,ZXTIUCxfgq3vkGZD/2BQw+TV6+lOf+SvJrb8omrgZzK+IXmh5Fg2OLSlCW4jjjdm,2.409922,3.369212,4.371642,0,2591700,15.735572,Interactive,1,1.75
177600,ZXTIUCxfgq3vkGZD/2BQw+TV6+lOf+SvJrb8omrgZzK+IXmh5Fg2OLSlCW4jjjdm,2.229345,3.1762240000000004,4.999237,0,2591700,15.735572,Interactive,1,1.75
177900,ZXTIUCxfgq3vkGZD/2BQw+TV6+lOf+SvJrb8omrgZzK+IXmh5Fg2OLSlCW4jjjdm,2.703412,5.664532,25.739318,0,2591700,15.735572,Interactive,1,1.75
178200,ZXTIUCxfgq3vkGZD/2BQw+TV6+lOf+SvJrb8omrgZzK+IXmh5Fg2OLSlCW4jjjdm,2.529177,3.3181510000000003,4.058906,0,2591700,15.735572,Interactive,1,1.75
178500,ZXTIUCxfgq3vkGZD/2BQw+TV6+lOf+SvJrb8omrgZzK+IXmh5Fg2OLSlCW4jjjdm,2.551445,3.5322760000000004,6.692535,0,2591700,15.735572,Interactive,1,1.75
178800,ZXTIUCxfgq3vkGZD/2BQw+TV6+lOf+SvJrb8omrgZzK+IXmh5Fg2OLSlCW4jjjdm,2.587927,3.545696,4.620152,0,2591700,15.735572,Interactive,1,1.75
179100,ZXTIUCxfgq3vkGZD/2BQw+TV6+lOf+SvJrb8omrgZzK+IXmh5Fg2OLSlCW4jjjdm,2.48983,3.314768,4.5119370000000005,0,2591700,15.735572,Interactive,1,1.75
179400,ZXTIUCxfgq3vkGZD/2BQw+TV6+lOf+SvJrb8omrgZzK+IXmh5Fg2OLSlCW4jjjdm,2.45788,3.5619940000000003,5.123076,0,2591700,15.735572,Interactive,1,1.75
179700,ZXTIUCxfgq3vkGZD/2BQw+TV6+lOf+SvJrb8omrgZzK+IXmh5Fg2OLSlCW4jjjdm,2.624991,3.5495339999999995,4.484556,0,2591700,15.735572,Interactive,1,1.75
180000,ZXTIUCxfgq3vkGZD/2BQw+TV6+lOf+SvJrb8omrgZzK+IXmh5Fg2OLSlCW4jjjdm,2.972226,3.500535,4.302402,0,2591700,15.735572,Interactive,1,1.75
180300,ZXTIUCxfgq3vkGZD/2BQw+TV6+lOf+SvJrb8omrgZzK+IXmh5Fg2OLSlCW4jjjdm,2.504996,3.393146,4.569625,0,2591700,15.735572,Interactive,1,1.75
180600,ZXTIUCxfgq3vkGZD/2BQw+TV6+lOf+SvJrb8omrgZzK+IXmh5Fg2OLSlCW4jjjdm,2.595765,3.504459,4.461005999999999,0,2591700,15.735572,Interactive,1,1.75
180900,ZXTIUCxfgq3vkGZD/2BQw+TV6+lOf+SvJrb8omrgZzK+IXmh5Fg2OLSlCW4jjjdm,2.643387,3.314645,3.960832,0,2591700,15.735572,Interactive,1,1.75
181200,ZXTIUCxfgq3vkGZD/2BQw+TV6+lOf+SvJrb8omrgZzK+IXmh5Fg2OLSlCW4jjjdm,2.459537,3.384464,4.38264,0,2591700,15.735572,Interactive,1,1.75
181500,ZXTIUCxfgq3vkGZD/2BQw+TV6+lOf+SvJrb8omrgZzK+IXmh5Fg2OLSlCW4jjjdm,2.4419150000000003,5.630666000000001,18.967776,0,2591700,15.735572,Interactive,1,1.75
181800,ZXTIUCxfgq3vkGZD/2BQw+TV6+lOf+SvJrb8omrgZzK+IXmh5Fg2OLSlCW4jjjdm,2.52063,3.411288,4.295935,0,2591700,15.735572,Interactive,1,1.75
182100,ZXTIUCxfgq3vkGZD/2BQw+TV6+lOf+SvJrb8omrgZzK+IXmh5Fg2OLSlCW4jjjdm,2.43547,3.411678,4.35347,0,2591700,15.735572,Interactive,1,1.75
182400,ZXTIUCxfgq3vkGZD/2BQw+TV6+lOf+SvJrb8omrgZzK+IXmh5Fg2OLSlCW4jjjdm,2.560943,3.684895,4.662246,0,2591700,15.735572,Interactive,1,1.75
182700,ZXTIUCxfgq3vkGZD/2BQw+TV6+lOf+SvJrb8omrgZzK+IXmh5Fg2OLSlCW4jjjdm,2.578688,3.333603,4.157076,0,2591700,15.735572,Interactive,1,1.75
183000,ZXTIUCxfgq3vkGZD/2BQw+TV6+lOf+SvJrb8omrgZzK+IXmh5Fg2OLSlCW4jjjdm,2.31376,3.4167370000000004,4.405136,0,2591700,15.735572,Interactive,1,1.75
183300,ZXTIUCxfgq3vkGZD/2BQw+TV6+lOf+SvJrb8omrgZzK+IXmh5Fg2OLSlCW4jjjdm,2.647526,3.703177,4.215044,0,2591700,15.735572,Interactive,1,1.75
183600,ZXTIUCxfgq3vkGZD/2BQw+TV6+lOf+SvJrb8omrgZzK+IXmh5Fg2OLSlCW4jjjdm,2.487037,3.281917,4.214811,0,2591700,15.735572,Interactive,1,1.75
183900,ZXTIUCxfgq3vkGZD/2BQw+TV6+lOf+SvJrb8omrgZzK+IXmh5Fg2OLSlCW4jjjdm,2.472003,3.41923,4.358462,0,2591700,15.735572,Interactive,1,1.75
184200,ZXTIUCxfgq3vkGZD/2BQw+TV6+lOf+SvJrb8omrgZzK+IXmh5Fg2OLSlCW4jjjdm,2.205879,3.611117,4.409976,0,2591700,15.735572,Interactive,1,1.75
184500,ZXTIUCxfgq3vkGZD/2BQw+TV6+lOf+SvJrb8omrgZzK+IXmh5Fg2OLSlCW4jjjdm,2.6297490000000003,3.348204,4.225207,0,2591700,15.735572,Interactive,1,1.75
184800,ZXTIUCxfgq3vkGZD/2BQw+TV6+lOf+SvJrb8omrgZzK+IXmh5Fg2OLSlCW4jjjdm,2.258883,3.364526,4.476866,0,2591700,15.735572,Interactive,1,1.75
185100,ZXTIUCxfgq3vkGZD/2BQw+TV6+lOf+SvJrb8omrgZzK+IXmh5Fg2OLSlCW4jjjdm,2.608406,5.720351,24.994159,0,2591700,15.735572,Interactive,1,1.75
185400,ZXTIUCxfgq3vkGZD/2BQw+TV6+lOf+SvJrb8omrgZzK+IXmh5Fg2OLSlCW4jjjdm,2.798232,3.853718,8.159417,0,2591700,15.735572,Interactive,1,1.75
185700,ZXTIUCxfgq3vkGZD/2BQw+TV6+lOf+SvJrb8omrgZzK+IXmh5Fg2OLSlCW4jjjdm,2.638712,3.496716,4.377854,0,2591700,15.735572,Interactive,1,1.75
186000,ZXTIUCxfgq3vkGZD/2BQw+TV6+lOf+SvJrb8omrgZzK+IXmh5Fg2OLSlCW4jjjdm,2.588162,3.647038,4.289941000000001,0,2591700,15.735572,Interactive,1,1.75
186300,ZXTIUCxfgq3vkGZD/2BQw+TV6+lOf+SvJrb8omrgZzK+IXmh5Fg2OLSlCW4jjjdm,2.581934,3.304817,4.201425,0,2591700,15.735572,Interactive,1,1.75
186600,ZXTIUCxfgq3vkGZD/2BQw+TV6+lOf+SvJrb8omrgZzK+IXmh5Fg2OLSlCW4jjjdm,2.677706,3.4679870000000004,4.390175,0,2591700,15.735572,Interactive,1,1.75
186900,ZXTIUCxfgq3vkGZD/2BQw+TV6+lOf+SvJrb8omrgZzK+IXmh5Fg2OLSlCW4jjjdm,2.681793,3.636749,4.330502,0,2591700,15.735572,Interactive,1,1.75
187200,ZXTIUCxfgq3vkGZD/2BQw+TV6+lOf+SvJrb8omrgZzK+IXmh5Fg2OLSlCW4jjjdm,2.490406,3.33049,4.086649,0,2591700,15.735572,Interactive,1,1.75
187500,ZXTIUCxfgq3vkGZD/2BQw+TV6+lOf+SvJrb8omrgZzK+IXmh5Fg2OLSlCW4jjjdm,2.566255,3.490024,4.522789,0,2591700,15.735572,Interactive,1,1.75
187800,ZXTIUCxfgq3vkGZD/2BQw+TV6+lOf+SvJrb8omrgZzK+IXmh5Fg2OLSlCW4jjjdm,2.625026,3.585154,4.563376,0,2591700,15.735572,Interactive,1,1.75
188100,ZXTIUCxfgq3vkGZD/2BQw+TV6+lOf+SvJrb8omrgZzK+IXmh5Fg2OLSlCW4jjjdm,2.962154,3.86287,7.944901,0,2591700,15.735572,Interactive,1,1.75
188400,ZXTIUCxfgq3vkGZD/2BQw+TV6+lOf+SvJrb8omrgZzK+IXmh5Fg2OLSlCW4jjjdm,2.353518,3.406414,4.497033999999999,0,2591700,15.735572,Interactive,1,1.75
188700,ZXTIUCxfgq3vkGZD/2BQw+TV6+lOf+SvJrb8omrgZzK+IXmh5Fg2OLSlCW4jjjdm,2.631418,5.791343,25.318996,0,2591700,15.735572,Interactive,1,1.75
189000,ZXTIUCxfgq3vkGZD/2BQw+TV6+lOf+SvJrb8omrgZzK+IXmh5Fg2OLSlCW4jjjdm,2.091549,3.272336,4.169733,0,2591700,15.735572,Interactive,1,1.75
189300,ZXTIUCxfgq3vkGZD/2BQw+TV6+lOf+SvJrb8omrgZzK+IXmh5Fg2OLSlCW4jjjdm,2.70835,3.445208,4.3497,0,2591700,15.735572,Interactive,1,1.75
189600,ZXTIUCxfgq3vkGZD/2BQw+TV6+lOf+SvJrb8omrgZzK+IXmh5Fg2OLSlCW4jjjdm,2.130307,3.458039,4.2735330000000005,0,2591700,15.735572,Interactive,1,1.75
189900,ZXTIUCxfgq3vkGZD/2BQw+TV6+lOf+SvJrb8omrgZzK+IXmh5Fg2OLSlCW4jjjdm,2.65533,3.256187,4.199201,0,2591700,15.735572,Interactive,1,1.75
190200,ZXTIUCxfgq3vkGZD/2BQw+TV6+lOf+SvJrb8omrgZzK+IXmh5Fg2OLSlCW4jjjdm,2.661301,3.504903,4.452035,0,2591700,15.735572,Interactive,1,1.75
190500,ZXTIUCxfgq3vkGZD/2BQw+TV6+lOf+SvJrb8omrgZzK+IXmh5Fg2OLSlCW4jjjdm,2.720542,3.636423,4.639042,0,2591700,15.735572,Interactive,1,1.75
190800,ZXTIUCxfgq3vkGZD/2BQw+TV6+lOf+SvJrb8omrgZzK+IXmh5Fg2OLSlCW4jjjdm,2.722905,3.956387,8.891059,0,2591700,15.735572,Interactive,1,1.75
191100,ZXTIUCxfgq3vkGZD/2BQw+TV6+lOf+SvJrb8omrgZzK+IXmh5Fg2OLSlCW4jjjdm,2.264405,3.413522,5.2672,0,2591700,15.735572,Interactive,1,1.75
191400,ZXTIUCxfgq3vkGZD/2BQw+TV6+lOf+SvJrb8omrgZzK+IXmh5Fg2OLSlCW4jjjdm,2.7703,3.633617,4.843338,0,2591700,15.735572,Interactive,1,1.75
191700,ZXTIUCxfgq3vkGZD/2BQw+TV6+lOf+SvJrb8omrgZzK+IXmh5Fg2OLSlCW4jjjdm,2.361161,3.312333,5.50221,0,2591700,15.735572,Interactive,1,1.75
192000,ZXTIUCxfgq3vkGZD/2BQw+TV6+lOf+SvJrb8omrgZzK+IXmh5Fg2OLSlCW4jjjdm,2.611751,3.3806300000000005,5.2886690000000005,0,2591700,15.735572,Interactive,1,1.75
192300,ZXTIUCxfgq3vkGZD/2BQw+TV6+lOf+SvJrb8omrgZzK+IXmh5Fg2OLSlCW4jjjdm,2.429689,5.670077,20.174663,0,2591700,15.735572,Interactive,1,1.75
192600,ZXTIUCxfgq3vkGZD/2BQw+TV6+lOf+SvJrb8omrgZzK+IXmh5Fg2OLSlCW4jjjdm,2.79705,3.442704,5.665319,0,2591700,15.735572,Interactive,1,1.75
192900,ZXTIUCxfgq3vkGZD/2BQw+TV6+lOf+SvJrb8omrgZzK+IXmh5Fg2OLSlCW4jjjdm,2.667169,3.828187,6.832396000000001,0,2591700,15.735572,Interactive,1,1.75
193200,ZXTIUCxfgq3vkGZD/2BQw+TV6+lOf+SvJrb8omrgZzK+IXmh5Fg2OLSlCW4jjjdm,2.652288,3.602839,4.838949,0,2591700,15.735572,Interactive,1,1.75
193500,ZXTIUCxfgq3vkGZD/2BQw+TV6+lOf+SvJrb8omrgZzK+IXmh5Fg2OLSlCW4jjjdm,2.703598,7.731291000000001,45.314412,0,2591700,15.735572,Interactive,1,1.75
193800,ZXTIUCxfgq3vkGZD/2BQw+TV6+lOf+SvJrb8omrgZzK+IXmh5Fg2OLSlCW4jjjdm,2.640328,3.500045,5.379967,0,2591700,15.735572,Interactive,1,1.75
194100,ZXTIUCxfgq3vkGZD/2BQw+TV6+lOf+SvJrb8omrgZzK+IXmh5Fg2OLSlCW4jjjdm,2.720048,3.594896,5.144646,0,2591700,15.735572,Interactive,1,1.75
194400,ZXTIUCxfgq3vkGZD/2BQw+TV6+lOf+SvJrb8omrgZzK+IXmh5Fg2OLSlCW4jjjdm,2.121383,3.218276,5.348598,0,2591700,15.735572,Interactive,1,1.75
194700,ZXTIUCxfgq3vkGZD/2BQw+TV6+lOf+SvJrb8omrgZzK+IXmh5Fg2OLSlCW4jjjdm,2.574477,3.3699260000000004,4.9830000000000005,0,2591700,15.735572,Interactive,1,1.75
195000,ZXTIUCxfgq3vkGZD/2BQw+TV6+lOf+SvJrb8omrgZzK+IXmh5Fg2OLSlCW4jjjdm,2.003475,3.446884,4.87553,0,2591700,15.735572,Interactive,1,1.75
195300,ZXTIUCxfgq3vkGZD/2BQw+TV6+lOf+SvJrb8omrgZzK+IXmh5Fg2OLSlCW4jjjdm,2.5558400000000003,3.304863,5.348382,0,2591700,15.735572,Interactive,1,1.75
195600,ZXTIUCxfgq3vkGZD/2BQw+TV6+lOf+SvJrb8omrgZzK+IXmh5Fg2OLSlCW4jjjdm,2.3803080000000003,3.395884,5.311836,0,2591700,15.735572,Interactive,1,1.75
195900,ZXTIUCxfgq3vkGZD/2BQw+TV6+lOf+SvJrb8omrgZzK+IXmh5Fg2OLSlCW4jjjdm,2.770722,5.741658999999999,26.428446,0,2591700,15.735572,Interactive,1,1.75
196200,ZXTIUCxfgq3vkGZD/2BQw+TV6+lOf+SvJrb8omrgZzK+IXmh5Fg2OLSlCW4jjjdm,2.32464,3.216702,5.352632,0,2591700,15.735572,Interactive,1,1.75
196500,ZXTIUCxfgq3vkGZD/2BQw+TV6+lOf+SvJrb8omrgZzK+IXmh5Fg2OLSlCW4jjjdm,2.001996,3.342251,5.023058,0,2591700,15.735572,Interactive,1,1.75
196800,ZXTIUCxfgq3vkGZD/2BQw+TV6+lOf+SvJrb8omrgZzK+IXmh5Fg2OLSlCW4jjjdm,2.66427,3.509106,4.5200260000000005,0,2591700,15.735572,Interactive,1,1.75
197100,ZXTIUCxfgq3vkGZD/2BQw+TV6+lOf+SvJrb8omrgZzK+IXmh5Fg2OLSlCW4jjjdm,2.612163,3.292265,5.498551,0,2591700,15.735572,Interactive,1,1.75
197400,ZXTIUCxfgq3vkGZD/2BQw+TV6+lOf+SvJrb8omrgZzK+IXmh5Fg2OLSlCW4jjjdm,2.590171,3.390747,5.030417,0,2591700,15.735572,Interactive,1,1.75
197700,ZXTIUCxfgq3vkGZD/2BQw+TV6+lOf+SvJrb8omrgZzK+IXmh5Fg2OLSlCW4jjjdm,2.208087,3.347165,4.842867,0,2591700,15.735572,Interactive,1,1.75
198000,ZXTIUCxfgq3vkGZD/2BQw+TV6+lOf+SvJrb8omrgZzK+IXmh5Fg2OLSlCW4jjjdm,2.6554290000000003,3.3544650000000003,5.570016000000001,0,2591700,15.735572,Interactive,1,1.75
198300,ZXTIUCxfgq3vkGZD/2BQw+TV6+lOf+SvJrb8omrgZzK+IXmh5Fg2OLSlCW4jjjdm,2.569799,3.760185,7.123178,0,2591700,15.735572,Interactive,1,1.75
198600,ZXTIUCxfgq3vkGZD/2BQw+TV6+lOf+SvJrb8omrgZzK+IXmh5Fg2OLSlCW4jjjdm,2.841729,3.583735,4.545719999999999,0,2591700,15.735572,Interactive,1,1.75
198900,ZXTIUCxfgq3vkGZD/2BQw+TV6+lOf+SvJrb8omrgZzK+IXmh5Fg2OLSlCW4jjjdm,1.996511,3.249365,5.597923000000001,0,2591700,15.735572,Interactive,1,1.75
199200,ZXTIUCxfgq3vkGZD/2BQw+TV6+lOf+SvJrb8omrgZzK+IXmh5Fg2OLSlCW4jjjdm,1.92808,3.343568,5.057176,0,2591700,15.735572,Interactive,1,1.75
199500,ZXTIUCxfgq3vkGZD/2BQw+TV6+lOf+SvJrb8omrgZzK+IXmh5Fg2OLSlCW4jjjdm,2.7475650000000003,5.670694999999999,25.68195,0,2591700,15.735572,Interactive,1,1.75
199800,ZXTIUCxfgq3vkGZD/2BQw+TV6+lOf+SvJrb8omrgZzK+IXmh5Fg2OLSlCW4jjjdm,2.1356580000000003,3.266601,5.294691,0,2591700,15.735572,Interactive,1,1.75
200100,ZXTIUCxfgq3vkGZD/2BQw+TV6+lOf+SvJrb8omrgZzK+IXmh5Fg2OLSlCW4jjjdm,2.532632,3.4248730000000003,4.908486,0,2591700,15.735572,Interactive,1,1.75
200400,ZXTIUCxfgq3vkGZD/2BQw+TV6+lOf+SvJrb8omrgZzK+IXmh5Fg2OLSlCW4jjjdm,1.7605110000000002,3.300213,4.64249,0,2591700,15.735572,Interactive,1,1.75
200700,ZXTIUCxfgq3vkGZD/2BQw+TV6+lOf+SvJrb8omrgZzK+IXmh5Fg2OLSlCW4jjjdm,2.757972,3.324318,5.424008000000001,0,2591700,15.735572,Interactive,1,1.75
201000,ZXTIUCxfgq3vkGZD/2BQw+TV6+lOf+SvJrb8omrgZzK+IXmh5Fg2OLSlCW4jjjdm,2.292089,3.316507,4.593713,0,2591700,15.735572,Interactive,1,1.75
201300,ZXTIUCxfgq3vkGZD/2BQw+TV6+lOf+SvJrb8omrgZzK+IXmh5Fg2OLSlCW4jjjdm,2.897886,3.53446,4.550978,0,2591700,15.735572,Interactive,1,1.75
201600,ZXTIUCxfgq3vkGZD/2BQw+TV6+lOf+SvJrb8omrgZzK+IXmh5Fg2OLSlCW4jjjdm,2.006514,3.3951860000000003,5.572063,0,2591700,15.735572,Interactive,1,1.75
201900,ZXTIUCxfgq3vkGZD/2BQw+TV6+lOf+SvJrb8omrgZzK+IXmh5Fg2OLSlCW4jjjdm,2.657302,3.415692,4.5370610000000005,0,2591700,15.735572,Interactive,1,1.75
202200,ZXTIUCxfgq3vkGZD/2BQw+TV6+lOf+SvJrb8omrgZzK+IXmh5Fg2OLSlCW4jjjdm,2.16528,3.238807,4.310027,0,2591700,15.735572,Interactive,1,1.75
202500,ZXTIUCxfgq3vkGZD/2BQw+TV6+lOf+SvJrb8omrgZzK+IXmh5Fg2OLSlCW4jjjdm,2.900191,3.468168,4.156993,0,2591700,15.735572,Interactive,1,1.75
202800,ZXTIUCxfgq3vkGZD/2BQw+TV6+lOf+SvJrb8omrgZzK+IXmh5Fg2OLSlCW4jjjdm,2.780491,3.379718,4.384784,0,2591700,15.735572,Interactive,1,1.75
203100,ZXTIUCxfgq3vkGZD/2BQw+TV6+lOf+SvJrb8omrgZzK+IXmh5Fg2OLSlCW4jjjdm,2.950438,5.611204,19.442796,0,2591700,15.735572,Interactive,1,1.75
203400,ZXTIUCxfgq3vkGZD/2BQw+TV6+lOf+SvJrb8omrgZzK+IXmh5Fg2OLSlCW4jjjdm,2.984132,3.530651,4.466079,0,2591700,15.735572,Interactive,1,1.75
203700,ZXTIUCxfgq3vkGZD/2BQw+TV6+lOf+SvJrb8omrgZzK+IXmh5Fg2OLSlCW4jjjdm,1.974057,3.36884,4.665028,0,2591700,15.735572,Interactive,1,1.75
204000,ZXTIUCxfgq3vkGZD/2BQw+TV6+lOf+SvJrb8omrgZzK+IXmh5Fg2OLSlCW4jjjdm,2.871002,3.4828339999999995,4.780851999999999,0,2591700,15.735572,Interactive,1,1.75
204300,ZXTIUCxfgq3vkGZD/2BQw+TV6+lOf+SvJrb8omrgZzK+IXmh5Fg2OLSlCW4jjjdm,2.585901,3.440786,4.320062999999999,0,2591700,15.735572,Interactive,1,1.75
204600,ZXTIUCxfgq3vkGZD/2BQw+TV6+lOf+SvJrb8omrgZzK+IXmh5Fg2OLSlCW4jjjdm,2.6793,3.437984,4.379565,0,2591700,15.735572,Interactive,1,1.75
204900,ZXTIUCxfgq3vkGZD/2BQw+TV6+lOf+SvJrb8omrgZzK+IXmh5Fg2OLSlCW4jjjdm,2.659639,3.311523,4.7665120000000005,0,2591700,15.735572,Interactive,1,1.75
205200,ZXTIUCxfgq3vkGZD/2BQw+TV6+lOf+SvJrb8omrgZzK+IXmh5Fg2OLSlCW4jjjdm,2.709791,3.396472,4.120014,0,2591700,15.735572,Interactive,1,1.75
205500,ZXTIUCxfgq3vkGZD/2BQw+TV6+lOf+SvJrb8omrgZzK+IXmh5Fg2OLSlCW4jjjdm,2.674057,3.3293129999999995,4.238944,0,2591700,15.735572,Interactive,1,1.75
205800,ZXTIUCxfgq3vkGZD/2BQw+TV6+lOf+SvJrb8omrgZzK+IXmh5Fg2OLSlCW4jjjdm,2.906235,3.5469440000000003,5.205249,0,2591700,15.735572,Interactive,1,1.75
206100,ZXTIUCxfgq3vkGZD/2BQw+TV6+lOf+SvJrb8omrgZzK+IXmh5Fg2OLSlCW4jjjdm,2.9013880000000003,3.490187,4.210772,0,2591700,15.735572,Interactive,1,1.75
206400,ZXTIUCxfgq3vkGZD/2BQw+TV6+lOf+SvJrb8omrgZzK+IXmh5Fg2OLSlCW4jjjdm,2.419385,3.406493,4.599596,0,2591700,15.735572,Interactive,1,1.75
206700,ZXTIUCxfgq3vkGZD/2BQw+TV6+lOf+SvJrb8omrgZzK+IXmh5Fg2OLSlCW4jjjdm,3.071564,5.691053,25.81912,0,2591700,15.735572,Interactive,1,1.75
207000,ZXTIUCxfgq3vkGZD/2BQw+TV6+lOf+SvJrb8omrgZzK+IXmh5Fg2OLSlCW4jjjdm,2.723761,3.448579,4.32179,0,2591700,15.735572,Interactive,1,1.75
207300,ZXTIUCxfgq3vkGZD/2BQw+TV6+lOf+SvJrb8omrgZzK+IXmh5Fg2OLSlCW4jjjdm,2.87036,3.465905,4.503419999999999,0,2591700,15.735572,Interactive,1,1.75
207600,ZXTIUCxfgq3vkGZD/2BQw+TV6+lOf+SvJrb8omrgZzK+IXmh5Fg2OLSlCW4jjjdm,2.584391,3.3264980000000004,4.966514,0,2591700,15.735572,Interactive,1,1.75
207900,ZXTIUCxfgq3vkGZD/2BQw+TV6+lOf+SvJrb8omrgZzK+IXmh5Fg2OLSlCW4jjjdm,2.92023,3.44619,4.156301999999999,0,2591700,15.735572,Interactive,1,1.75
208200,ZXTIUCxfgq3vkGZD/2BQw+TV6+lOf+SvJrb8omrgZzK+IXmh5Fg2OLSlCW4jjjdm,2.8513900000000003,3.442506,4.40706,0,2591700,15.735572,Interactive,1,1.75
208500,ZXTIUCxfgq3vkGZD/2BQw+TV6+lOf+SvJrb8omrgZzK+IXmh5Fg2OLSlCW4jjjdm,2.799716,3.464509,4.896491,0,2591700,15.735572,Interactive,1,1.75
208800,ZXTIUCxfgq3vkGZD/2BQw+TV6+lOf+SvJrb8omrgZzK+IXmh5Fg2OLSlCW4jjjdm,2.532221,3.388756,4.534932,0,2591700,15.735572,Interactive,1,1.75
209100,ZXTIUCxfgq3vkGZD/2BQw+TV6+lOf+SvJrb8omrgZzK+IXmh5Fg2OLSlCW4jjjdm,2.483502,3.320103,4.44145,0,2591700,15.735572,Interactive,1,1.75
209400,ZXTIUCxfgq3vkGZD/2BQw+TV6+lOf+SvJrb8omrgZzK+IXmh5Fg2OLSlCW4jjjdm,2.764946,3.425814,4.698402,0,2591700,15.735572,Interactive,1,1.75
209700,ZXTIUCxfgq3vkGZD/2BQw+TV6+lOf+SvJrb8omrgZzK+IXmh5Fg2OLSlCW4jjjdm,2.428425,3.393007,4.382499,0,2591700,15.735572,Interactive,1,1.75
210000,ZXTIUCxfgq3vkGZD/2BQw+TV6+lOf+SvJrb8omrgZzK+IXmh5Fg2OLSlCW4jjjdm,2.78753,3.369707,4.42162,0,2591700,15.735572,Interactive,1,1.75
210300,ZXTIUCxfgq3vkGZD/2BQw+TV6+lOf+SvJrb8omrgZzK+IXmh5Fg2OLSlCW4jjjdm,2.604063,5.34687,25.620422,0,2591700,15.735572,Interactive,1,1.75
210600,ZXTIUCxfgq3vkGZD/2BQw+TV6+lOf+SvJrb8omrgZzK+IXmh5Fg2OLSlCW4jjjdm,2.826771,3.436982,4.245592,0,2591700,15.735572,Interactive,1,1.75
210900,ZXTIUCxfgq3vkGZD/2BQw+TV6+lOf+SvJrb8omrgZzK+IXmh5Fg2OLSlCW4jjjdm,2.234246,3.25255,4.561525,0,2591700,15.735572,Interactive,1,1.75
211200,ZXTIUCxfgq3vkGZD/2BQw+TV6+lOf+SvJrb8omrgZzK+IXmh5Fg2OLSlCW4jjjdm,2.748035,3.4053940000000003,4.524948,0,2591700,15.735572,Interactive,1,1.75
211500,ZXTIUCxfgq3vkGZD/2BQw+TV6+lOf+SvJrb8omrgZzK+IXmh5Fg2OLSlCW4jjjdm,2.118309,3.242148,4.321282,0,2591700,15.735572,Interactive,1,1.75
211800,ZXTIUCxfgq3vkGZD/2BQw+TV6+lOf+SvJrb8omrgZzK+IXmh5Fg2OLSlCW4jjjdm,1.822231,3.3192800000000005,4.612813,0,2591700,15.735572,Interactive,1,1.75
212100,ZXTIUCxfgq3vkGZD/2BQw+TV6+lOf+SvJrb8omrgZzK+IXmh5Fg2OLSlCW4jjjdm,3.123886,34.592846,89.367035,0,2591700,15.735572,Interactive,1,1.75
212400,ZXTIUCxfgq3vkGZD/2BQw+TV6+lOf+SvJrb8omrgZzK+IXmh5Fg2OLSlCW4jjjdm,2.000254,3.4707980000000003,4.361226,0,2591700,15.735572,Interactive,1,1.75
212700,ZXTIUCxfgq3vkGZD/2BQw+TV6+lOf+SvJrb8omrgZzK+IXmh5Fg2OLSlCW4jjjdm,2.780694,3.524843,4.586692,0,2591700,15.735572,Interactive,1,1.75
213000,ZXTIUCxfgq3vkGZD/2BQw+TV6+lOf+SvJrb8omrgZzK+IXmh5Fg2OLSlCW4jjjdm,2.5220130000000003,3.352722,4.335516999999999,0,2591700,15.735572,Interactive,1,1.75
213300,ZXTIUCxfgq3vkGZD/2BQw+TV6+lOf+SvJrb8omrgZzK+IXmh5Fg2OLSlCW4jjjdm,3.082713,3.567497,4.485685,0,2591700,15.735572,Interactive,1,1.75
213600,ZXTIUCxfgq3vkGZD/2BQw+TV6+lOf+SvJrb8omrgZzK+IXmh5Fg2OLSlCW4jjjdm,2.908041,3.447121,4.437454,0,2591700,15.735572,Interactive,1,1.75
213900,ZXTIUCxfgq3vkGZD/2BQw+TV6+lOf+SvJrb8omrgZzK+IXmh5Fg2OLSlCW4jjjdm,2.963314,5.7091330000000005,20.207163,0,2591700,15.735572,Interactive,1,1.75
214200,ZXTIUCxfgq3vkGZD/2BQw+TV6+lOf+SvJrb8omrgZzK+IXmh5Fg2OLSlCW4jjjdm,2.871718,3.368229,4.523671,0,2591700,15.735572,Interactive,1,1.75
214500,ZXTIUCxfgq3vkGZD/2BQw+TV6+lOf+SvJrb8omrgZzK+IXmh5Fg2OLSlCW4jjjdm,2.193943,3.282936,4.591715,0,2591700,15.735572,Interactive,1,1.75
214800,ZXTIUCxfgq3vkGZD/2BQw+TV6+lOf+SvJrb8omrgZzK+IXmh5Fg2OLSlCW4jjjdm,2.9092130000000003,3.552624,5.883582,0,2591700,15.735572,Interactive,1,1.75
215100,ZXTIUCxfgq3vkGZD/2BQw+TV6+lOf+SvJrb8omrgZzK+IXmh5Fg2OLSlCW4jjjdm,2.3127310000000003,3.419793,5.647592,0,2591700,15.735572,Interactive,1,1.75
215400,ZXTIUCxfgq3vkGZD/2BQw+TV6+lOf+SvJrb8omrgZzK+IXmh5Fg2OLSlCW4jjjdm,2.808141,3.513519,4.499613,0,2591700,15.735572,Interactive,1,1.75
215700,ZXTIUCxfgq3vkGZD/2BQw+TV6+lOf+SvJrb8omrgZzK+IXmh5Fg2OLSlCW4jjjdm,2.441661,3.20784,3.884662,0,2591700,15.735572,Interactive,1,1.75
216000,ZXTIUCxfgq3vkGZD/2BQw+TV6+lOf+SvJrb8omrgZzK+IXmh5Fg2OLSlCW4jjjdm,2.885642,3.530699,5.329286,0,2591700,15.735572,Interactive,1,1.75
216300,ZXTIUCxfgq3vkGZD/2BQw+TV6+lOf+SvJrb8omrgZzK+IXmh5Fg2OLSlCW4jjjdm,2.752475,3.360724,4.594231,0,2591700,15.735572,Interactive,1,1.75
216600,ZXTIUCxfgq3vkGZD/2BQw+TV6+lOf+SvJrb8omrgZzK+IXmh5Fg2OLSlCW4jjjdm,2.989809,3.639544,6.011702,0,2591700,15.735572,Interactive,1,1.75
216900,ZXTIUCxfgq3vkGZD/2BQw+TV6+lOf+SvJrb8omrgZzK+IXmh5Fg2OLSlCW4jjjdm,2.623845,3.291996,4.755898999999999,0,2591700,15.735572,Interactive,1,1.75
217200,ZXTIUCxfgq3vkGZD/2BQw+TV6+lOf+SvJrb8omrgZzK+IXmh5Fg2OLSlCW4jjjdm,1.878395,3.2961120000000004,4.879789,0,2591700,15.735572,Interactive,1,1.75
217500,ZXTIUCxfgq3vkGZD/2BQw+TV6+lOf+SvJrb8omrgZzK+IXmh5Fg2OLSlCW4jjjdm,2.979269,5.706108,26.940489000000003,0,2591700,15.735572,Interactive,1,1.75
217800,ZXTIUCxfgq3vkGZD/2BQw+TV6+lOf+SvJrb8omrgZzK+IXmh5Fg2OLSlCW4jjjdm,2.327201,3.392459,5.679093,0,2591700,15.735572,Interactive,1,1.75
218100,ZXTIUCxfgq3vkGZD/2BQw+TV6+lOf+SvJrb8omrgZzK+IXmh5Fg2OLSlCW4jjjdm,2.781415,3.5926910000000003,4.763592,0,2591700,15.735572,Interactive,1,1.75
218400,ZXTIUCxfgq3vkGZD/2BQw+TV6+lOf+SvJrb8omrgZzK+IXmh5Fg2OLSlCW4jjjdm,2.601016,3.274143,3.919543,0,2591700,15.735572,Interactive,1,1.75
218700,ZXTIUCxfgq3vkGZD/2BQw+TV6+lOf+SvJrb8omrgZzK+IXmh5Fg2OLSlCW4jjjdm,2.679433,3.534199,5.3117980000000005,0,2591700,15.735572,Interactive,1,1.75
219000,ZXTIUCxfgq3vkGZD/2BQw+TV6+lOf+SvJrb8omrgZzK+IXmh5Fg2OLSlCW4jjjdm,2.607574,3.243125,4.454899,0,2591700,15.735572,Interactive,1,1.75
219300,ZXTIUCxfgq3vkGZD/2BQw+TV6+lOf+SvJrb8omrgZzK+IXmh5Fg2OLSlCW4jjjdm,2.776289,3.496549,6.203613,0,2591700,15.735572,Interactive,1,1.75
219600,ZXTIUCxfgq3vkGZD/2BQw+TV6+lOf+SvJrb8omrgZzK+IXmh5Fg2OLSlCW4jjjdm,2.703626,3.4037940000000004,4.596451,0,2591700,15.735572,Interactive,1,1.75
219900,ZXTIUCxfgq3vkGZD/2BQw+TV6+lOf+SvJrb8omrgZzK+IXmh5Fg2OLSlCW4jjjdm,2.389037,3.311653,4.668368,0,2591700,15.735572,Interactive,1,1.75
220200,ZXTIUCxfgq3vkGZD/2BQw+TV6+lOf+SvJrb8omrgZzK+IXmh5Fg2OLSlCW4jjjdm,2.916507,3.4893440000000004,5.858891000000001,0,2591700,15.735572,Interactive,1,1.75
220500,ZXTIUCxfgq3vkGZD/2BQw+TV6+lOf+SvJrb8omrgZzK+IXmh5Fg2OLSlCW4jjjdm,2.653176,3.4630730000000005,5.336387,0,2591700,15.735572,Interactive,1,1.75
220800,ZXTIUCxfgq3vkGZD/2BQw+TV6+lOf+SvJrb8omrgZzK+IXmh5Fg2OLSlCW4jjjdm,2.825285,3.633645,5.345028,0,2591700,15.735572,Interactive,1,1.75
221100,ZXTIUCxfgq3vkGZD/2BQw+TV6+lOf+SvJrb8omrgZzK+IXmh5Fg2OLSlCW4jjjdm,2.593753,3.4204550000000005,4.376696,0,2591700,15.735572,Interactive,1,1.75
221400,ZXTIUCxfgq3vkGZD/2BQw+TV6+lOf+SvJrb8omrgZzK+IXmh5Fg2OLSlCW4jjjdm,2.754868,8.292800999999999,28.752239000000003,0,2591700,15.735572,Interactive,1,1.75
221700,ZXTIUCxfgq3vkGZD/2BQw+TV6+lOf+SvJrb8omrgZzK+IXmh5Fg2OLSlCW4jjjdm,2.620258,3.5529940000000004,5.117641000000001,0,2591700,15.735572,Interactive,1,1.75
222000,ZXTIUCxfgq3vkGZD/2BQw+TV6+lOf+SvJrb8omrgZzK+IXmh5Fg2OLSlCW4jjjdm,2.899593,3.720741,6.050857,0,2591700,15.735572,Interactive,1,1.75
222300,ZXTIUCxfgq3vkGZD/2BQw+TV6+lOf+SvJrb8omrgZzK+IXmh5Fg2OLSlCW4jjjdm,2.983283,5.99101,28.590209,0,2591700,15.735572,Interactive,1,1.75
222600,ZXTIUCxfgq3vkGZD/2BQw+TV6+lOf+SvJrb8omrgZzK+IXmh5Fg2OLSlCW4jjjdm,2.669406,3.384186,4.40229,0,2591700,15.735572,Interactive,1,1.75
222900,ZXTIUCxfgq3vkGZD/2BQw+TV6+lOf+SvJrb8omrgZzK+IXmh5Fg2OLSlCW4jjjdm,3.029896,3.638441,5.567141,0,2591700,15.735572,Interactive,1,1.75
223200,ZXTIUCxfgq3vkGZD/2BQw+TV6+lOf+SvJrb8omrgZzK+IXmh5Fg2OLSlCW4jjjdm,3.017559,3.626128,5.041085,0,2591700,15.735572,Interactive,1,1.75
223500,ZXTIUCxfgq3vkGZD/2BQw+TV6+lOf+SvJrb8omrgZzK+IXmh5Fg2OLSlCW4jjjdm,2.632182,3.420143,4.4293510000000005,0,2591700,15.735572,Interactive,1,1.75
223800,ZXTIUCxfgq3vkGZD/2BQw+TV6+lOf+SvJrb8omrgZzK+IXmh5Fg2OLSlCW4jjjdm,2.821874,3.282963,3.977029,0,2591700,15.735572,Interactive,1,1.75
224100,ZXTIUCxfgq3vkGZD/2BQw+TV6+lOf+SvJrb8omrgZzK+IXmh5Fg2OLSlCW4jjjdm,2.893126,3.4591300000000005,4.925871,0,2591700,15.735572,Interactive,1,1.75
224400,ZXTIUCxfgq3vkGZD/2BQw+TV6+lOf+SvJrb8omrgZzK+IXmh5Fg2OLSlCW4jjjdm,2.808946,4.151289,10.911638,0,2591700,15.735572,Interactive,1,1.75
224700,ZXTIUCxfgq3vkGZD/2BQw+TV6+lOf+SvJrb8omrgZzK+IXmh5Fg2OLSlCW4jjjdm,2.914849,5.780519,15.565215,0,2591700,15.735572,Interactive,1,1.75
225000,ZXTIUCxfgq3vkGZD/2BQw+TV6+lOf+SvJrb8omrgZzK+IXmh5Fg2OLSlCW4jjjdm,2.864064,3.821441000000001,7.95995,0,2591700,15.735572,Interactive,1,1.75
225300,ZXTIUCxfgq3vkGZD/2BQw+TV6+lOf+SvJrb8omrgZzK+IXmh5Fg2OLSlCW4jjjdm,2.581773,5.901456,28.72331,0,2591700,15.735572,Interactive,1,1.75
225600,ZXTIUCxfgq3vkGZD/2BQw+TV6+lOf+SvJrb8omrgZzK+IXmh5Fg2OLSlCW4jjjdm,2.852111,3.450225,4.487966,0,2591700,15.735572,Interactive,1,1.75
225900,ZXTIUCxfgq3vkGZD/2BQw+TV6+lOf+SvJrb8omrgZzK+IXmh5Fg2OLSlCW4jjjdm,2.446603,3.451842,4.6356470000000005,0,2591700,15.735572,Interactive,1,1.75
226200,ZXTIUCxfgq3vkGZD/2BQw+TV6+lOf+SvJrb8omrgZzK+IXmh5Fg2OLSlCW4jjjdm,2.715591,3.251072,4.290851,0,2591700,15.735572,Interactive,1,1.75
226500,ZXTIUCxfgq3vkGZD/2BQw+TV6+lOf+SvJrb8omrgZzK+IXmh5Fg2OLSlCW4jjjdm,2.618809,3.490876,4.534724,0,2591700,15.735572,Interactive,1,1.75
226800,ZXTIUCxfgq3vkGZD/2BQw+TV6+lOf+SvJrb8omrgZzK+IXmh5Fg2OLSlCW4jjjdm,2.7160490000000004,3.417673,4.3765,0,2591700,15.735572,Interactive,1,1.75
227100,ZXTIUCxfgq3vkGZD/2BQw+TV6+lOf+SvJrb8omrgZzK+IXmh5Fg2OLSlCW4jjjdm,2.588325,4.101019,11.120193,0,2591700,15.735572,Interactive,1,1.75
227400,ZXTIUCxfgq3vkGZD/2BQw+TV6+lOf+SvJrb8omrgZzK+IXmh5Fg2OLSlCW4jjjdm,2.849066,3.666499,4.626878,0,2591700,15.735572,Interactive,1,1.75
227700,ZXTIUCxfgq3vkGZD/2BQw+TV6+lOf+SvJrb8omrgZzK+IXmh5Fg2OLSlCW4jjjdm,2.751954,3.3849339999999994,4.502333999999999,0,2591700,15.735572,Interactive,1,1.75
228000,ZXTIUCxfgq3vkGZD/2BQw+TV6+lOf+SvJrb8omrgZzK+IXmh5Fg2OLSlCW4jjjdm,2.432354,3.261394,4.439334,0,2591700,15.735572,Interactive,1,1.75
228300,ZXTIUCxfgq3vkGZD/2BQw+TV6+lOf+SvJrb8omrgZzK+IXmh5Fg2OLSlCW4jjjdm,2.890591,5.756632,25.224564,0,2591700,15.735572,Interactive,1,1.75
228600,ZXTIUCxfgq3vkGZD/2BQw+TV6+lOf+SvJrb8omrgZzK+IXmh5Fg2OLSlCW4jjjdm,2.3257790000000003,3.350868,4.406126,0,2591700,15.735572,Interactive,1,1.75
228900,ZXTIUCxfgq3vkGZD/2BQw+TV6+lOf+SvJrb8omrgZzK+IXmh5Fg2OLSlCW4jjjdm,2.6375740000000003,3.287662,4.286129,0,2591700,15.735572,Interactive,1,1.75
229200,ZXTIUCxfgq3vkGZD/2BQw+TV6+lOf+SvJrb8omrgZzK+IXmh5Fg2OLSlCW4jjjdm,1.850485,3.429587,4.753655,0,2591700,15.735572,Interactive,1,1.75
229500,ZXTIUCxfgq3vkGZD/2BQw+TV6+lOf+SvJrb8omrgZzK+IXmh5Fg2OLSlCW4jjjdm,2.7489,3.422446,4.397346,0,2591700,15.735572,Interactive,1,1.75
229800,ZXTIUCxfgq3vkGZD/2BQw+TV6+lOf+SvJrb8omrgZzK+IXmh5Fg2OLSlCW4jjjdm,2.784779,3.977182,9.644039,0,2591700,15.735572,Interactive,1,1.75
230100,ZXTIUCxfgq3vkGZD/2BQw+TV6+lOf+SvJrb8omrgZzK+IXmh5Fg2OLSlCW4jjjdm,2.799244,3.590486,4.720889,0,2591700,15.735572,Interactive,1,1.75
230400,ZXTIUCxfgq3vkGZD/2BQw+TV6+lOf+SvJrb8omrgZzK+IXmh5Fg2OLSlCW4jjjdm,2.616551,3.334045,4.42935,0,2591700,15.735572,Interactive,1,1.75
230700,ZXTIUCxfgq3vkGZD/2BQw+TV6+lOf+SvJrb8omrgZzK+IXmh5Fg2OLSlCW4jjjdm,2.219817,3.208014,4.641355,0,2591700,15.735572,Interactive,1,1.75
231000,ZXTIUCxfgq3vkGZD/2BQw+TV6+lOf+SvJrb8omrgZzK+IXmh5Fg2OLSlCW4jjjdm,2.916706,3.618284,4.443811,0,2591700,15.735572,Interactive,1,1.75
231300,ZXTIUCxfgq3vkGZD/2BQw+TV6+lOf+SvJrb8omrgZzK+IXmh5Fg2OLSlCW4jjjdm,1.593236,3.3563089999999995,4.475635,0,2591700,15.735572,Interactive,1,1.75
231600,ZXTIUCxfgq3vkGZD/2BQw+TV6+lOf+SvJrb8omrgZzK+IXmh5Fg2OLSlCW4jjjdm,2.756528,3.315507,4.324877,0,2591700,15.735572,Interactive,1,1.75
231900,ZXTIUCxfgq3vkGZD/2BQw+TV6+lOf+SvJrb8omrgZzK+IXmh5Fg2OLSlCW4jjjdm,1.997595,5.958081,27.271625,0,2591700,15.735572,Interactive,1,1.75
232200,ZXTIUCxfgq3vkGZD/2BQw+TV6+lOf+SvJrb8omrgZzK+IXmh5Fg2OLSlCW4jjjdm,2.687452,3.492338,4.5957550000000005,0,2591700,15.735572,Interactive,1,1.75
232500,ZXTIUCxfgq3vkGZD/2BQw+TV6+lOf+SvJrb8omrgZzK+IXmh5Fg2OLSlCW4jjjdm,2.000121,3.250546,4.6331430000000005,0,2591700,15.735572,Interactive,1,1.75
232800,ZXTIUCxfgq3vkGZD/2BQw+TV6+lOf+SvJrb8omrgZzK+IXmh5Fg2OLSlCW4jjjdm,2.803238,3.669789,4.640809,0,2591700,15.735572,Interactive,1,1.75
233100,ZXTIUCxfgq3vkGZD/2BQw+TV6+lOf+SvJrb8omrgZzK+IXmh5Fg2OLSlCW4jjjdm,2.097018,3.266836,4.429144,0,2591700,15.735572,Interactive,1,1.75
233400,ZXTIUCxfgq3vkGZD/2BQw+TV6+lOf+SvJrb8omrgZzK+IXmh5Fg2OLSlCW4jjjdm,2.364541,3.300992,4.501491000000001,0,2591700,15.735572,Interactive,1,1.75
233700,ZXTIUCxfgq3vkGZD/2BQw+TV6+lOf+SvJrb8omrgZzK+IXmh5Fg2OLSlCW4jjjdm,2.906459,3.609247,4.507887,0,2591700,15.735572,Interactive,1,1.75
234000,ZXTIUCxfgq3vkGZD/2BQw+TV6+lOf+SvJrb8omrgZzK+IXmh5Fg2OLSlCW4jjjdm,2.766627,3.4790400000000004,4.326183,0,2591700,15.735572,Interactive,1,1.75
234300,ZXTIUCxfgq3vkGZD/2BQw+TV6+lOf+SvJrb8omrgZzK+IXmh5Fg2OLSlCW4jjjdm,2.721975,3.305191,4.509414,0,2591700,15.735572,Interactive,1,1.75
234600,ZXTIUCxfgq3vkGZD/2BQw+TV6+lOf+SvJrb8omrgZzK+IXmh5Fg2OLSlCW4jjjdm,2.87414,3.590637,4.562942,0,2591700,15.735572,Interactive,1,1.75
234900,ZXTIUCxfgq3vkGZD/2BQw+TV6+lOf+SvJrb8omrgZzK+IXmh5Fg2OLSlCW4jjjdm,2.886797,3.4613050000000003,4.201847,0,2591700,15.735572,Interactive,1,1.75
235200,ZXTIUCxfgq3vkGZD/2BQw+TV6+lOf+SvJrb8omrgZzK+IXmh5Fg2OLSlCW4jjjdm,2.668085,3.293448,4.389597,0,2591700,15.735572,Interactive,1,1.75
235500,ZXTIUCxfgq3vkGZD/2BQw+TV6+lOf+SvJrb8omrgZzK+IXmh5Fg2OLSlCW4jjjdm,2.919283,8.440947999999999,46.049033,0,2591700,15.735572,Interactive,1,1.75
235800,ZXTIUCxfgq3vkGZD/2BQw+TV6+lOf+SvJrb8omrgZzK+IXmh5Fg2OLSlCW4jjjdm,2.7985130000000003,3.353952,4.243504,0,2591700,15.735572,Interactive,1,1.75
236100,ZXTIUCxfgq3vkGZD/2BQw+TV6+lOf+SvJrb8omrgZzK+IXmh5Fg2OLSlCW4jjjdm,1.873168,3.209802,4.267729,0,2591700,15.735572,Interactive,1,1.75
236400,ZXTIUCxfgq3vkGZD/2BQw+TV6+lOf+SvJrb8omrgZzK+IXmh5Fg2OLSlCW4jjjdm,2.839466,3.545156,4.853199,0,2591700,15.735572,Interactive,1,1.75
236700,ZXTIUCxfgq3vkGZD/2BQw+TV6+lOf+SvJrb8omrgZzK+IXmh5Fg2OLSlCW4jjjdm,2.286377,3.35562,4.309374,0,2591700,15.735572,Interactive,1,1.75
237000,ZXTIUCxfgq3vkGZD/2BQw+TV6+lOf+SvJrb8omrgZzK+IXmh5Fg2OLSlCW4jjjdm,2.693594,3.3228720000000003,5.427315,0,2591700,15.735572,Interactive,1,1.75
237300,ZXTIUCxfgq3vkGZD/2BQw+TV6+lOf+SvJrb8omrgZzK+IXmh5Fg2OLSlCW4jjjdm,2.776201,3.47773,5.387452,0,2591700,15.735572,Interactive,1,1.75
237600,ZXTIUCxfgq3vkGZD/2BQw+TV6+lOf+SvJrb8omrgZzK+IXmh5Fg2OLSlCW4jjjdm,2.675078,3.4704050000000004,4.457838,0,2591700,15.735572,Interactive,1,1.75
237900,ZXTIUCxfgq3vkGZD/2BQw+TV6+lOf+SvJrb8omrgZzK+IXmh5Fg2OLSlCW4jjjdm,2.291902,3.239665,5.309302,0,2591700,15.735572,Interactive,1,1.75
238200,ZXTIUCxfgq3vkGZD/2BQw+TV6+lOf+SvJrb8omrgZzK+IXmh5Fg2OLSlCW4jjjdm,2.8843240000000003,3.670313,5.335524,0,2591700,15.735572,Interactive,1,1.75
238500,ZXTIUCxfgq3vkGZD/2BQw+TV6+lOf+SvJrb8omrgZzK+IXmh5Fg2OLSlCW4jjjdm,2.653638,3.337761,4.223282,0,2591700,15.735572,Interactive,1,1.75
238800,ZXTIUCxfgq3vkGZD/2BQw+TV6+lOf+SvJrb8omrgZzK+IXmh5Fg2OLSlCW4jjjdm,2.061236,3.274375,5.859888,0,2591700,15.735572,Interactive,1,1.75
239100,ZXTIUCxfgq3vkGZD/2BQw+TV6+lOf+SvJrb8omrgZzK+IXmh5Fg2OLSlCW4jjjdm,2.908502,5.668878,25.867185,0,2591700,15.735572,Interactive,1,1.75
239400,ZXTIUCxfgq3vkGZD/2BQw+TV6+lOf+SvJrb8omrgZzK+IXmh5Fg2OLSlCW4jjjdm,1.880477,3.277307,4.289954,0,2591700,15.735572,Interactive,1,1.75
239700,ZXTIUCxfgq3vkGZD/2BQw+TV6+lOf+SvJrb8omrgZzK+IXmh5Fg2OLSlCW4jjjdm,2.7538,3.354581,5.709027,0,2591700,15.735572,Interactive,1,1.75
240000,ZXTIUCxfgq3vkGZD/2BQw+TV6+lOf+SvJrb8omrgZzK+IXmh5Fg2OLSlCW4jjjdm,2.385527,3.4796910000000003,5.56769,0,2591700,15.735572,Interactive,1,1.75
240300,ZXTIUCxfgq3vkGZD/2BQw+TV6+lOf+SvJrb8omrgZzK+IXmh5Fg2OLSlCW4jjjdm,2.561038,3.49535,4.466925,0,2591700,15.735572,Interactive,1,1.75
240600,ZXTIUCxfgq3vkGZD/2BQw+TV6+lOf+SvJrb8omrgZzK+IXmh5Fg2OLSlCW4jjjdm,2.708297,3.400444,5.438383999999999,0,2591700,15.735572,Interactive,1,1.75
240900,ZXTIUCxfgq3vkGZD/2BQw+TV6+lOf+SvJrb8omrgZzK+IXmh5Fg2OLSlCW4jjjdm,2.708436,3.52864,5.022519,0,2591700,15.735572,Interactive,1,1.75
241200,ZXTIUCxfgq3vkGZD/2BQw+TV6+lOf+SvJrb8omrgZzK+IXmh5Fg2OLSlCW4jjjdm,2.493323,3.296728,4.355406,0,2591700,15.735572,Interactive,1,1.75
241500,ZXTIUCxfgq3vkGZD/2BQw+TV6+lOf+SvJrb8omrgZzK+IXmh5Fg2OLSlCW4jjjdm,2.335099,3.232899,5.495609,0,2591700,15.735572,Interactive,1,1.75
241800,ZXTIUCxfgq3vkGZD/2BQw+TV6+lOf+SvJrb8omrgZzK+IXmh5Fg2OLSlCW4jjjdm,2.92929,3.671674,5.358237,0,2591700,15.735572,Interactive,1,1.75
242100,ZXTIUCxfgq3vkGZD/2BQw+TV6+lOf+SvJrb8omrgZzK+IXmh5Fg2OLSlCW4jjjdm,2.259419,3.353374,4.31619,0,2591700,15.735572,Interactive,1,1.75
242400,ZXTIUCxfgq3vkGZD/2BQw+TV6+lOf+SvJrb8omrgZzK+IXmh5Fg2OLSlCW4jjjdm,2.715861,3.315328,5.717982,0,2591700,15.735572,Interactive,1,1.75
242700,ZXTIUCxfgq3vkGZD/2BQw+TV6+lOf+SvJrb8omrgZzK+IXmh5Fg2OLSlCW4jjjdm,2.702138,5.533938,25.905683,0,2591700,15.735572,Interactive,1,1.75
243000,ZXTIUCxfgq3vkGZD/2BQw+TV6+lOf+SvJrb8omrgZzK+IXmh5Fg2OLSlCW4jjjdm,2.620001,3.4258269999999995,4.423934,0,2591700,15.735572,Interactive,1,1.75
243300,ZXTIUCxfgq3vkGZD/2BQw+TV6+lOf+SvJrb8omrgZzK+IXmh5Fg2OLSlCW4jjjdm,2.579607,3.262526,5.417661,0,2591700,15.735572,Interactive,1,1.75
243600,ZXTIUCxfgq3vkGZD/2BQw+TV6+lOf+SvJrb8omrgZzK+IXmh5Fg2OLSlCW4jjjdm,2.795937,3.576427,5.259030999999999,0,2591700,15.735572,Interactive,1,1.75
243900,ZXTIUCxfgq3vkGZD/2BQw+TV6+lOf+SvJrb8omrgZzK+IXmh5Fg2OLSlCW4jjjdm,2.600883,3.3207980000000004,4.334668,0,2591700,15.735572,Interactive,1,1.75
244200,ZXTIUCxfgq3vkGZD/2BQw+TV6+lOf+SvJrb8omrgZzK+IXmh5Fg2OLSlCW4jjjdm,2.707339,4.432580000000001,14.189484,0,2591700,15.735572,Interactive,1,1.75
244500,ZXTIUCxfgq3vkGZD/2BQw+TV6+lOf+SvJrb8omrgZzK+IXmh5Fg2OLSlCW4jjjdm,2.8819630000000003,3.538849,5.024383,0,2591700,15.735572,Interactive,1,1.75
244800,ZXTIUCxfgq3vkGZD/2BQw+TV6+lOf+SvJrb8omrgZzK+IXmh5Fg2OLSlCW4jjjdm,2.700638,3.4807620000000004,4.427416,0,2591700,15.735572,Interactive,1,1.75
245100,ZXTIUCxfgq3vkGZD/2BQw+TV6+lOf+SvJrb8omrgZzK+IXmh5Fg2OLSlCW4jjjdm,2.620355,3.240777,5.154546,0,2591700,15.735572,Interactive,1,1.75
245400,ZXTIUCxfgq3vkGZD/2BQw+TV6+lOf+SvJrb8omrgZzK+IXmh5Fg2OLSlCW4jjjdm,2.755862,3.553778,5.315039,0,2591700,15.735572,Interactive,1,1.75
245700,ZXTIUCxfgq3vkGZD/2BQw+TV6+lOf+SvJrb8omrgZzK+IXmh5Fg2OLSlCW4jjjdm,2.592625,3.369817,4.185615,0,2591700,15.735572,Interactive,1,1.75
246000,ZXTIUCxfgq3vkGZD/2BQw+TV6+lOf+SvJrb8omrgZzK+IXmh5Fg2OLSlCW4jjjdm,1.95772,3.183048,5.295199,0,2591700,15.735572,Interactive,1,1.75
246300,ZXTIUCxfgq3vkGZD/2BQw+TV6+lOf+SvJrb8omrgZzK+IXmh5Fg2OLSlCW4jjjdm,2.68412,5.716387,18.592228,0,2591700,15.735572,Interactive,1,1.75
246600,ZXTIUCxfgq3vkGZD/2BQw+TV6+lOf+SvJrb8omrgZzK+IXmh5Fg2OLSlCW4jjjdm,2.677616,3.484389,4.441542,0,2591700,15.735572,Interactive,1,1.75
246900,ZXTIUCxfgq3vkGZD/2BQw+TV6+lOf+SvJrb8omrgZzK+IXmh5Fg2OLSlCW4jjjdm,1.852888,3.227001,5.306915,0,2591700,15.735572,Interactive,1,1.75
247200,ZXTIUCxfgq3vkGZD/2BQw+TV6+lOf+SvJrb8omrgZzK+IXmh5Fg2OLSlCW4jjjdm,2.710281,3.5738260000000004,5.087957,0,2591700,15.735572,Interactive,1,1.75
247500,ZXTIUCxfgq3vkGZD/2BQw+TV6+lOf+SvJrb8omrgZzK+IXmh5Fg2OLSlCW4jjjdm,2.6798900000000003,3.387517,4.317058,0,2591700,15.735572,Interactive,1,1.75
247800,ZXTIUCxfgq3vkGZD/2BQw+TV6+lOf+SvJrb8omrgZzK+IXmh5Fg2OLSlCW4jjjdm,2.576417,3.2818910000000003,4.235432,0,2591700,15.735572,Interactive,1,1.75
248100,ZXTIUCxfgq3vkGZD/2BQw+TV6+lOf+SvJrb8omrgZzK+IXmh5Fg2OLSlCW4jjjdm,2.766587,4.348117,11.046994,0,2591700,15.735572,Interactive,1,1.75
248400,ZXTIUCxfgq3vkGZD/2BQw+TV6+lOf+SvJrb8omrgZzK+IXmh5Fg2OLSlCW4jjjdm,2.540674,3.209956,4.302014,0,2591700,15.735572,Interactive,1,1.75
248700,ZXTIUCxfgq3vkGZD/2BQw+TV6+lOf+SvJrb8omrgZzK+IXmh5Fg2OLSlCW4jjjdm,2.564499,3.281036,4.311327,0,2591700,15.735572,Interactive,1,1.75
249000,ZXTIUCxfgq3vkGZD/2BQw+TV6+lOf+SvJrb8omrgZzK+IXmh5Fg2OLSlCW4jjjdm,2.688525,3.519998,4.450557,0,2591700,15.735572,Interactive,1,1.75
249300,ZXTIUCxfgq3vkGZD/2BQw+TV6+lOf+SvJrb8omrgZzK+IXmh5Fg2OLSlCW4jjjdm,2.734575,3.256498,4.149173,0,2591700,15.735572,Interactive,1,1.75
249600,ZXTIUCxfgq3vkGZD/2BQw+TV6+lOf+SvJrb8omrgZzK+IXmh5Fg2OLSlCW4jjjdm,2.657891,3.2953300000000003,4.184907,0,2591700,15.735572,Interactive,1,1.75
249900,ZXTIUCxfgq3vkGZD/2BQw+TV6+lOf+SvJrb8omrgZzK+IXmh5Fg2OLSlCW4jjjdm,2.157309,5.5353330000000005,25.168045000000003,0,2591700,15.735572,Interactive,1,1.75
250200,ZXTIUCxfgq3vkGZD/2BQw+TV6+lOf+SvJrb8omrgZzK+IXmh5Fg2OLSlCW4jjjdm,2.498387,3.271922,4.463302,0,2591700,15.735572,Interactive,1,1.75
250500,ZXTIUCxfgq3vkGZD/2BQw+TV6+lOf+SvJrb8omrgZzK+IXmh5Fg2OLSlCW4jjjdm,2.72602,3.381885,4.1498800000000005,0,2591700,15.735572,Interactive,1,1.75
250800,ZXTIUCxfgq3vkGZD/2BQw+TV6+lOf+SvJrb8omrgZzK+IXmh5Fg2OLSlCW4jjjdm,2.735257,4.96403,11.009471,0,2591700,15.735572,Interactive,1,1.75
251100,ZXTIUCxfgq3vkGZD/2BQw+TV6+lOf+SvJrb8omrgZzK+IXmh5Fg2OLSlCW4jjjdm,2.740047,8.206105,35.481636,0,2591700,15.735572,Interactive,1,1.75
251400,ZXTIUCxfgq3vkGZD/2BQw+TV6+lOf+SvJrb8omrgZzK+IXmh5Fg2OLSlCW4jjjdm,2.733591,3.51203,4.36764,0,2591700,15.735572,Interactive,1,1.75
251700,ZXTIUCxfgq3vkGZD/2BQw+TV6+lOf+SvJrb8omrgZzK+IXmh5Fg2OLSlCW4jjjdm,2.7456080000000003,3.552515,4.54232,0,2591700,15.735572,Interactive,1,1.75
252000,ZXTIUCxfgq3vkGZD/2BQw+TV6+lOf+SvJrb8omrgZzK+IXmh5Fg2OLSlCW4jjjdm,2.587127,3.368224,4.322032,0,2591700,15.735572,Interactive,1,1.75
252300,ZXTIUCxfgq3vkGZD/2BQw+TV6+lOf+SvJrb8omrgZzK+IXmh5Fg2OLSlCW4jjjdm,2.820109,3.338749,4.382347,0,2591700,15.735572,Interactive,1,1.75
252600,ZXTIUCxfgq3vkGZD/2BQw+TV6+lOf+SvJrb8omrgZzK+IXmh5Fg2OLSlCW4jjjdm,2.946836,3.594199,4.686705,0,2591700,15.735572,Interactive,1,1.75
252900,ZXTIUCxfgq3vkGZD/2BQw+TV6+lOf+SvJrb8omrgZzK+IXmh5Fg2OLSlCW4jjjdm,2.721784,3.278634,4.455213,0,2591700,15.735572,Interactive,1,1.75
253200,ZXTIUCxfgq3vkGZD/2BQw+TV6+lOf+SvJrb8omrgZzK+IXmh5Fg2OLSlCW4jjjdm,2.728393,3.37326,4.347587,0,2591700,15.735572,Interactive,1,1.75
253500,ZXTIUCxfgq3vkGZD/2BQw+TV6+lOf+SvJrb8omrgZzK+IXmh5Fg2OLSlCW4jjjdm,2.831648,6.590389999999999,26.010921,0,2591700,15.735572,Interactive,1,1.75
253800,ZXTIUCxfgq3vkGZD/2BQw+TV6+lOf+SvJrb8omrgZzK+IXmh5Fg2OLSlCW4jjjdm,2.835963,3.3812839999999995,4.519865,0,2591700,15.735572,Interactive,1,1.75
254100,ZXTIUCxfgq3vkGZD/2BQw+TV6+lOf+SvJrb8omrgZzK+IXmh5Fg2OLSlCW4jjjdm,2.368358,3.315466,4.13069,0,2591700,15.735572,Interactive,1,1.75
254400,ZXTIUCxfgq3vkGZD/2BQw+TV6+lOf+SvJrb8omrgZzK+IXmh5Fg2OLSlCW4jjjdm,2.888704,3.567093,4.430305000000001,0,2591700,15.735572,Interactive,1,1.75
254700,ZXTIUCxfgq3vkGZD/2BQw+TV6+lOf+SvJrb8omrgZzK+IXmh5Fg2OLSlCW4jjjdm,2.170235,3.132762,4.078036,0,2591700,15.735572,Interactive,1,1.75
255000,ZXTIUCxfgq3vkGZD/2BQw+TV6+lOf+SvJrb8omrgZzK+IXmh5Fg2OLSlCW4jjjdm,2.697853,3.353448,4.348122,0,2591700,15.735572,Interactive,1,1.75
255300,ZXTIUCxfgq3vkGZD/2BQw+TV6+lOf+SvJrb8omrgZzK+IXmh5Fg2OLSlCW4jjjdm,2.875991,3.5740160000000003,4.439554,0,2591700,15.735572,Interactive,1,1.75
255600,ZXTIUCxfgq3vkGZD/2BQw+TV6+lOf+SvJrb8omrgZzK+IXmh5Fg2OLSlCW4jjjdm,2.823509,3.519228,5.231185,0,2591700,15.735572,Interactive,1,1.75
255900,ZXTIUCxfgq3vkGZD/2BQw+TV6+lOf+SvJrb8omrgZzK+IXmh5Fg2OLSlCW4jjjdm,2.75199,3.302521,4.158836,0,2591700,15.735572,Interactive,1,1.75
256200,ZXTIUCxfgq3vkGZD/2BQw+TV6+lOf+SvJrb8omrgZzK+IXmh5Fg2OLSlCW4jjjdm,2.746169,3.856132,6.50172,0,2591700,15.735572,Interactive,1,1.75
256500,ZXTIUCxfgq3vkGZD/2BQw+TV6+lOf+SvJrb8omrgZzK+IXmh5Fg2OLSlCW4jjjdm,2.776017,3.240703,4.117312999999999,0,2591700,15.735572,Interactive,1,1.75
256800,ZXTIUCxfgq3vkGZD/2BQw+TV6+lOf+SvJrb8omrgZzK+IXmh5Fg2OLSlCW4jjjdm,2.716582,4.5868400000000005,15.266745000000002,0,2591700,15.735572,Interactive,1,1.75
257100,ZXTIUCxfgq3vkGZD/2BQw+TV6+lOf+SvJrb8omrgZzK+IXmh5Fg2OLSlCW4jjjdm,2.776223,5.595283,20.76671,0,2591700,15.735572,Interactive,1,1.75
257400,ZXTIUCxfgq3vkGZD/2BQw+TV6+lOf+SvJrb8omrgZzK+IXmh5Fg2OLSlCW4jjjdm,2.286123,3.229189,4.328117,0,2591700,15.735572,Interactive,1,1.75
257700,ZXTIUCxfgq3vkGZD/2BQw+TV6+lOf+SvJrb8omrgZzK+IXmh5Fg2OLSlCW4jjjdm,2.672493,3.3410910000000005,4.258185,0,2591700,15.735572,Interactive,1,1.75
258000,ZXTIUCxfgq3vkGZD/2BQw+TV6+lOf+SvJrb8omrgZzK+IXmh5Fg2OLSlCW4jjjdm,1.943322,3.453126,4.334134,0,2591700,15.735572,Interactive,1,1.75
258300,ZXTIUCxfgq3vkGZD/2BQw+TV6+lOf+SvJrb8omrgZzK+IXmh5Fg2OLSlCW4jjjdm,2.495362,3.200549,4.042521,0,2591700,15.735572,Interactive,1,1.75
258600,ZXTIUCxfgq3vkGZD/2BQw+TV6+lOf+SvJrb8omrgZzK+IXmh5Fg2OLSlCW4jjjdm,2.709357,3.369953,4.099517,0,2591700,15.735572,Interactive,1,1.75
258900,ZXTIUCxfgq3vkGZD/2BQw+TV6+lOf+SvJrb8omrgZzK+IXmh5Fg2OLSlCW4jjjdm,2.652744,3.391403,3.999785,0,2591700,15.735572,Interactive,1,1.75
259200,ZXTIUCxfgq3vkGZD/2BQw+TV6+lOf+SvJrb8omrgZzK+IXmh5Fg2OLSlCW4jjjdm,2.814496,3.331293,4.245154,0,2591700,15.735572,Interactive,1,1.75
259500,ZXTIUCxfgq3vkGZD/2BQw+TV6+lOf+SvJrb8omrgZzK+IXmh5Fg2OLSlCW4jjjdm,2.467667,3.306577,4.76738,0,2591700,15.735572,Interactive,1,1.75
259800,ZXTIUCxfgq3vkGZD/2BQw+TV6+lOf+SvJrb8omrgZzK+IXmh5Fg2OLSlCW4jjjdm,2.719266,3.57791,4.542535,0,2591700,15.735572,Interactive,1,1.75
260100,ZXTIUCxfgq3vkGZD/2BQw+TV6+lOf+SvJrb8omrgZzK+IXmh5Fg2OLSlCW4jjjdm,2.811232,3.365207,5.1020650000000005,0,2591700,15.735572,Interactive,1,1.75
260400,ZXTIUCxfgq3vkGZD/2BQw+TV6+lOf+SvJrb8omrgZzK+IXmh5Fg2OLSlCW4jjjdm,2.750186,3.407167,5.1384050000000006,0,2591700,15.735572,Interactive,1,1.75
260700,ZXTIUCxfgq3vkGZD/2BQw+TV6+lOf+SvJrb8omrgZzK+IXmh5Fg2OLSlCW4jjjdm,2.596881,5.622466999999999,25.207679,0,2591700,15.735572,Interactive,1,1.75
261000,ZXTIUCxfgq3vkGZD/2BQw+TV6+lOf+SvJrb8omrgZzK+IXmh5Fg2OLSlCW4jjjdm,2.10018,3.251901,5.144646,0,2591700,15.735572,Interactive,1,1.75
261300,ZXTIUCxfgq3vkGZD/2BQw+TV6+lOf+SvJrb8omrgZzK+IXmh5Fg2OLSlCW4jjjdm,2.750776,3.437694,5.109687,0,2591700,15.735572,Interactive,1,1.75
261600,ZXTIUCxfgq3vkGZD/2BQw+TV6+lOf+SvJrb8omrgZzK+IXmh5Fg2OLSlCW4jjjdm,2.111122,3.414921,4.370272,0,2591700,15.735572,Interactive,1,1.75
261900,ZXTIUCxfgq3vkGZD/2BQw+TV6+lOf+SvJrb8omrgZzK+IXmh5Fg2OLSlCW4jjjdm,2.651382,3.238641,5.342787,0,2591700,15.735572,Interactive,1,1.75
262200,ZXTIUCxfgq3vkGZD/2BQw+TV6+lOf+SvJrb8omrgZzK+IXmh5Fg2OLSlCW4jjjdm,2.19677,3.315545,5.289619999999999,0,2591700,15.735572,Interactive,1,1.75
262500,ZXTIUCxfgq3vkGZD/2BQw+TV6+lOf+SvJrb8omrgZzK+IXmh5Fg2OLSlCW4jjjdm,2.695487,3.529747,4.466702,0,2591700,15.735572,Interactive,1,1.75
262800,ZXTIUCxfgq3vkGZD/2BQw+TV6+lOf+SvJrb8omrgZzK+IXmh5Fg2OLSlCW4jjjdm,2.322504,3.216016,5.005256,0,2591700,15.735572,Interactive,1,1.75
263100,ZXTIUCxfgq3vkGZD/2BQw+TV6+lOf+SvJrb8omrgZzK+IXmh5Fg2OLSlCW4jjjdm,2.534932,3.353897,5.164213,0,2591700,15.735572,Interactive,1,1.75
263400,ZXTIUCxfgq3vkGZD/2BQw+TV6+lOf+SvJrb8omrgZzK+IXmh5Fg2OLSlCW4jjjdm,2.269356,3.4375480000000005,4.515724,0,2591700,15.735572,Interactive,1,1.75
263700,ZXTIUCxfgq3vkGZD/2BQw+TV6+lOf+SvJrb8omrgZzK+IXmh5Fg2OLSlCW4jjjdm,2.780208,3.282575,5.315254,0,2591700,15.735572,Interactive,1,1.75
264000,ZXTIUCxfgq3vkGZD/2BQw+TV6+lOf+SvJrb8omrgZzK+IXmh5Fg2OLSlCW4jjjdm,2.468005,3.3783730000000003,5.190892,0,2591700,15.735572,Interactive,1,1.75
264300,ZXTIUCxfgq3vkGZD/2BQw+TV6+lOf+SvJrb8omrgZzK+IXmh5Fg2OLSlCW4jjjdm,1.86789,5.476924,25.409878,0,2591700,15.735572,Interactive,1,1.75
264600,ZXTIUCxfgq3vkGZD/2BQw+TV6+lOf+SvJrb8omrgZzK+IXmh5Fg2OLSlCW4jjjdm,2.496519,3.328994,5.14746,0,2591700,15.735572,Interactive,1,1.75
264900,ZXTIUCxfgq3vkGZD/2BQw+TV6+lOf+SvJrb8omrgZzK+IXmh5Fg2OLSlCW4jjjdm,1.751636,3.559797,6.862056,0,2591700,15.735572,Interactive,1,1.75
265200,ZXTIUCxfgq3vkGZD/2BQw+TV6+lOf+SvJrb8omrgZzK+IXmh5Fg2OLSlCW4jjjdm,2.643457,3.567792,4.728295,0,2591700,15.735572,Interactive,1,1.75
265500,ZXTIUCxfgq3vkGZD/2BQw+TV6+lOf+SvJrb8omrgZzK+IXmh5Fg2OLSlCW4jjjdm,2.037502,3.280463,5.167161,0,2591700,15.735572,Interactive,1,1.75
265800,ZXTIUCxfgq3vkGZD/2BQw+TV6+lOf+SvJrb8omrgZzK+IXmh5Fg2OLSlCW4jjjdm,2.655297,3.473874,5.235842,0,2591700,15.735572,Interactive,1,1.75
266100,ZXTIUCxfgq3vkGZD/2BQw+TV6+lOf+SvJrb8omrgZzK+IXmh5Fg2OLSlCW4jjjdm,1.7895759999999998,3.529609,4.778319000000001,0,2591700,15.735572,Interactive,1,1.75
266400,ZXTIUCxfgq3vkGZD/2BQw+TV6+lOf+SvJrb8omrgZzK+IXmh5Fg2OLSlCW4jjjdm,2.2391,3.486632,5.413123000000001,0,2591700,15.735572,Interactive,1,1.75
266700,ZXTIUCxfgq3vkGZD/2BQw+TV6+lOf+SvJrb8omrgZzK+IXmh5Fg2OLSlCW4jjjdm,2.642113,3.375744,5.415446,0,2591700,15.735572,Interactive,1,1.75
267000,ZXTIUCxfgq3vkGZD/2BQw+TV6+lOf+SvJrb8omrgZzK+IXmh5Fg2OLSlCW4jjjdm,2.800032,3.6023690000000004,4.551237,0,2591700,15.735572,Interactive,1,1.75
267300,ZXTIUCxfgq3vkGZD/2BQw+TV6+lOf+SvJrb8omrgZzK+IXmh5Fg2OLSlCW4jjjdm,2.55653,3.291384,5.172357,0,2591700,15.735572,Interactive,1,1.75
267600,ZXTIUCxfgq3vkGZD/2BQw+TV6+lOf+SvJrb8omrgZzK+IXmh5Fg2OLSlCW4jjjdm,2.576452,3.482105,5.562043,0,2591700,15.735572,Interactive,1,1.75
267900,ZXTIUCxfgq3vkGZD/2BQw+TV6+lOf+SvJrb8omrgZzK+IXmh5Fg2OLSlCW4jjjdm,2.721116,3.84122,7.041169,0,2591700,15.735572,Interactive,1,1.75
268200,ZXTIUCxfgq3vkGZD/2BQw+TV6+lOf+SvJrb8omrgZzK+IXmh5Fg2OLSlCW4jjjdm,2.403537,5.125271,20.563583,0,2591700,15.735572,Interactive,1,1.75
268500,ZXTIUCxfgq3vkGZD/2BQw+TV6+lOf+SvJrb8omrgZzK+IXmh5Fg2OLSlCW4jjjdm,2.515816,3.423129,5.2194,0,2591700,15.735572,Interactive,1,1.75
268800,ZXTIUCxfgq3vkGZD/2BQw+TV6+lOf+SvJrb8omrgZzK+IXmh5Fg2OLSlCW4jjjdm,2.754146,3.702859,4.671859,0,2591700,15.735572,Interactive,1,1.75
269100,ZXTIUCxfgq3vkGZD/2BQw+TV6+lOf+SvJrb8omrgZzK+IXmh5Fg2OLSlCW4jjjdm,2.739984,3.3952050000000003,5.2599480000000005,0,2591700,15.735572,Interactive,1,1.75
269400,ZXTIUCxfgq3vkGZD/2BQw+TV6+lOf+SvJrb8omrgZzK+IXmh5Fg2OLSlCW4jjjdm,2.621678,3.4609,5.641984,0,2591700,15.735572,Interactive,1,1.75
269700,ZXTIUCxfgq3vkGZD/2BQw+TV6+lOf+SvJrb8omrgZzK+IXmh5Fg2OLSlCW4jjjdm,2.721198,3.635288,4.641442,0,2591700,15.735572,Interactive,1,1.75
270000,ZXTIUCxfgq3vkGZD/2BQw+TV6+lOf+SvJrb8omrgZzK+IXmh5Fg2OLSlCW4jjjdm,2.624809,3.369731,4.912701,0,2591700,15.735572,Interactive,1,1.75
270300,ZXTIUCxfgq3vkGZD/2BQw+TV6+lOf+SvJrb8omrgZzK+IXmh5Fg2OLSlCW4jjjdm,2.841988,3.407312,5.070503,0,2591700,15.735572,Interactive,1,1.75
270600,ZXTIUCxfgq3vkGZD/2BQw+TV6+lOf+SvJrb8omrgZzK+IXmh5Fg2OLSlCW4jjjdm,2.627054,3.703053,4.915467,0,2591700,15.735572,Interactive,1,1.75
270900,ZXTIUCxfgq3vkGZD/2BQw+TV6+lOf+SvJrb8omrgZzK+IXmh5Fg2OLSlCW4jjjdm,2.502683,3.353325,4.946915,0,2591700,15.735572,Interactive,1,1.75
271200,ZXTIUCxfgq3vkGZD/2BQw+TV6+lOf+SvJrb8omrgZzK+IXmh5Fg2OLSlCW4jjjdm,2.7657990000000003,3.470968,5.076441,0,2591700,15.735572,Interactive,1,1.75
271500,ZXTIUCxfgq3vkGZD/2BQw+TV6+lOf+SvJrb8omrgZzK+IXmh5Fg2OLSlCW4jjjdm,2.869642,3.495331,4.948839,0,2591700,15.735572,Interactive,1,1.75
271800,ZXTIUCxfgq3vkGZD/2BQw+TV6+lOf+SvJrb8omrgZzK+IXmh5Fg2OLSlCW4jjjdm,2.7493950000000003,5.64419,25.321073,0,2591700,15.735572,Interactive,1,1.75
272100,ZXTIUCxfgq3vkGZD/2BQw+TV6+lOf+SvJrb8omrgZzK+IXmh5Fg2OLSlCW4jjjdm,2.83684,3.401371,4.373743,0,2591700,15.735572,Interactive,1,1.75
272400,ZXTIUCxfgq3vkGZD/2BQw+TV6+lOf+SvJrb8omrgZzK+IXmh5Fg2OLSlCW4jjjdm,2.794059,3.494402,5.163842,0,2591700,15.735572,Interactive,1,1.75
272700,ZXTIUCxfgq3vkGZD/2BQw+TV6+lOf+SvJrb8omrgZzK+IXmh5Fg2OLSlCW4jjjdm,2.499857,3.440535,4.171741,0,2591700,15.735572,Interactive,1,1.75
273000,ZXTIUCxfgq3vkGZD/2BQw+TV6+lOf+SvJrb8omrgZzK+IXmh5Fg2OLSlCW4jjjdm,2.878764,3.413047,4.168486,0,2591700,15.735572,Interactive,1,1.75
273300,ZXTIUCxfgq3vkGZD/2BQw+TV6+lOf+SvJrb8omrgZzK+IXmh5Fg2OLSlCW4jjjdm,2.703154,3.483822,4.862717,0,2591700,15.735572,Interactive,1,1.75
273600,ZXTIUCxfgq3vkGZD/2BQw+TV6+lOf+SvJrb8omrgZzK+IXmh5Fg2OLSlCW4jjjdm,2.594591,3.492543,4.444308,0,2591700,15.735572,Interactive,1,1.75
273900,ZXTIUCxfgq3vkGZD/2BQw+TV6+lOf+SvJrb8omrgZzK+IXmh5Fg2OLSlCW4jjjdm,2.859077,3.4106440000000005,4.178873,0,2591700,15.735572,Interactive,1,1.75
274200,ZXTIUCxfgq3vkGZD/2BQw+TV6+lOf+SvJrb8omrgZzK+IXmh5Fg2OLSlCW4jjjdm,2.64555,3.438524,4.976046,0,2591700,15.735572,Interactive,1,1.75
274500,ZXTIUCxfgq3vkGZD/2BQw+TV6+lOf+SvJrb8omrgZzK+IXmh5Fg2OLSlCW4jjjdm,2.430005,3.450961,4.3056,0,2591700,15.735572,Interactive,1,1.75
274800,ZXTIUCxfgq3vkGZD/2BQw+TV6+lOf+SvJrb8omrgZzK+IXmh5Fg2OLSlCW4jjjdm,2.843886,3.448267,4.319354,0,2591700,15.735572,Interactive,1,1.75
275100,ZXTIUCxfgq3vkGZD/2BQw+TV6+lOf+SvJrb8omrgZzK+IXmh5Fg2OLSlCW4jjjdm,2.722363,3.558635,5.065923000000001,0,2591700,15.735572,Interactive,1,1.75
275400,ZXTIUCxfgq3vkGZD/2BQw+TV6+lOf+SvJrb8omrgZzK+IXmh5Fg2OLSlCW4jjjdm,2.568003,5.673764,26.086131,0,2591700,15.735572,Interactive,1,1.75
275700,ZXTIUCxfgq3vkGZD/2BQw+TV6+lOf+SvJrb8omrgZzK+IXmh5Fg2OLSlCW4jjjdm,2.869332,3.4009970000000003,4.419524,0,2591700,15.735572,Interactive,1,1.75
276000,ZXTIUCxfgq3vkGZD/2BQw+TV6+lOf+SvJrb8omrgZzK+IXmh5Fg2OLSlCW4jjjdm,2.661814,3.472351,5.019434,0,2591700,15.735572,Interactive,1,1.75
276300,ZXTIUCxfgq3vkGZD/2BQw+TV6+lOf+SvJrb8omrgZzK+IXmh5Fg2OLSlCW4jjjdm,2.471228,3.520809,4.631829,0,2591700,15.735572,Interactive,1,1.75
276600,ZXTIUCxfgq3vkGZD/2BQw+TV6+lOf+SvJrb8omrgZzK+IXmh5Fg2OLSlCW4jjjdm,3.028013,3.42492,4.254359,0,2591700,15.735572,Interactive,1,1.75
276900,ZXTIUCxfgq3vkGZD/2BQw+TV6+lOf+SvJrb8omrgZzK+IXmh5Fg2OLSlCW4jjjdm,2.731243,3.414947,4.874998000000001,0,2591700,15.735572,Interactive,1,1.75
277200,ZXTIUCxfgq3vkGZD/2BQw+TV6+lOf+SvJrb8omrgZzK+IXmh5Fg2OLSlCW4jjjdm,2.745485,3.573827,4.655345,0,2591700,15.735572,Interactive,1,1.75
277500,ZXTIUCxfgq3vkGZD/2BQw+TV6+lOf+SvJrb8omrgZzK+IXmh5Fg2OLSlCW4jjjdm,2.7706310000000003,3.336157,4.142453,0,2591700,15.735572,Interactive,1,1.75
277800,ZXTIUCxfgq3vkGZD/2BQw+TV6+lOf+SvJrb8omrgZzK+IXmh5Fg2OLSlCW4jjjdm,2.635236,3.396316000000001,5.264195,0,2591700,15.735572,Interactive,1,1.75
278100,ZXTIUCxfgq3vkGZD/2BQw+TV6+lOf+SvJrb8omrgZzK+IXmh5Fg2OLSlCW4jjjdm,2.552698,3.370761,4.197063,0,2591700,15.735572,Interactive,1,1.75
278400,ZXTIUCxfgq3vkGZD/2BQw+TV6+lOf+SvJrb8omrgZzK+IXmh5Fg2OLSlCW4jjjdm,2.974978,3.458473,4.273382,0,2591700,15.735572,Interactive,1,1.75
278700,ZXTIUCxfgq3vkGZD/2BQw+TV6+lOf+SvJrb8omrgZzK+IXmh5Fg2OLSlCW4jjjdm,2.64032,3.447286,5.095952,0,2591700,15.735572,Interactive,1,1.75
279000,ZXTIUCxfgq3vkGZD/2BQw+TV6+lOf+SvJrb8omrgZzK+IXmh5Fg2OLSlCW4jjjdm,2.436442,5.674994,21.750163,0,2591700,15.735572,Interactive,1,1.75
279300,ZXTIUCxfgq3vkGZD/2BQw+TV6+lOf+SvJrb8omrgZzK+IXmh5Fg2OLSlCW4jjjdm,2.83806,3.4135800000000005,4.393572,0,2591700,15.735572,Interactive,1,1.75
279600,ZXTIUCxfgq3vkGZD/2BQw+TV6+lOf+SvJrb8omrgZzK+IXmh5Fg2OLSlCW4jjjdm,2.309936,5.155073000000001,20.838841,0,2591700,15.735572,Interactive,1,1.75
279900,ZXTIUCxfgq3vkGZD/2BQw+TV6+lOf+SvJrb8omrgZzK+IXmh5Fg2OLSlCW4jjjdm,2.435867,8.363691000000001,37.239824,0,2591700,15.735572,Interactive,1,1.75
280200,ZXTIUCxfgq3vkGZD/2BQw+TV6+lOf+SvJrb8omrgZzK+IXmh5Fg2OLSlCW4jjjdm,2.719321,3.389594,4.09515,0,2591700,15.735572,Interactive,1,1.75
280500,ZXTIUCxfgq3vkGZD/2BQw+TV6+lOf+SvJrb8omrgZzK+IXmh5Fg2OLSlCW4jjjdm,2.31255,3.285139,5.263411,0,2591700,15.735572,Interactive,1,1.75
280800,ZXTIUCxfgq3vkGZD/2BQw+TV6+lOf+SvJrb8omrgZzK+IXmh5Fg2OLSlCW4jjjdm,2.418061,3.279515,4.523431,0,2591700,15.735572,Interactive,1,1.75
281100,ZXTIUCxfgq3vkGZD/2BQw+TV6+lOf+SvJrb8omrgZzK+IXmh5Fg2OLSlCW4jjjdm,2.450613,3.173371,3.782282,0,2591700,15.735572,Interactive,1,1.75
281400,ZXTIUCxfgq3vkGZD/2BQw+TV6+lOf+SvJrb8omrgZzK+IXmh5Fg2OLSlCW4jjjdm,2.618533,3.3158480000000004,4.953545,0,2591700,15.735572,Interactive,1,1.75
281700,ZXTIUCxfgq3vkGZD/2BQw+TV6+lOf+SvJrb8omrgZzK+IXmh5Fg2OLSlCW4jjjdm,2.533628,3.25041,4.244992,0,2591700,15.735572,Interactive,1,1.75
282000,ZXTIUCxfgq3vkGZD/2BQw+TV6+lOf+SvJrb8omrgZzK+IXmh5Fg2OLSlCW4jjjdm,2.783141,3.30125,3.919952,0,2591700,15.735572,Interactive,1,1.75
282300,ZXTIUCxfgq3vkGZD/2BQw+TV6+lOf+SvJrb8omrgZzK+IXmh5Fg2OLSlCW4jjjdm,2.643578,3.3106660000000003,4.49503,0,2591700,15.735572,Interactive,1,1.75
282600,ZXTIUCxfgq3vkGZD/2BQw+TV6+lOf+SvJrb8omrgZzK+IXmh5Fg2OLSlCW4jjjdm,2.710978,5.428164,25.392856,0,2591700,15.735572,Interactive,1,1.75
282900,ZXTIUCxfgq3vkGZD/2BQw+TV6+lOf+SvJrb8omrgZzK+IXmh5Fg2OLSlCW4jjjdm,2.385994,3.241696,4.082784999999999,0,2591700,15.735572,Interactive,1,1.75
283200,ZXTIUCxfgq3vkGZD/2BQw+TV6+lOf+SvJrb8omrgZzK+IXmh5Fg2OLSlCW4jjjdm,2.456354,3.197009,5.038871,0,2591700,15.735572,Interactive,1,1.75
283500,ZXTIUCxfgq3vkGZD/2BQw+TV6+lOf+SvJrb8omrgZzK+IXmh5Fg2OLSlCW4jjjdm,2.646535,3.31231,5.157578,0,2591700,15.735572,Interactive,1,1.75
283800,ZXTIUCxfgq3vkGZD/2BQw+TV6+lOf+SvJrb8omrgZzK+IXmh5Fg2OLSlCW4jjjdm,2.358566,3.249115,4.100955,0,2591700,15.735572,Interactive,1,1.75
284100,ZXTIUCxfgq3vkGZD/2BQw+TV6+lOf+SvJrb8omrgZzK+IXmh5Fg2OLSlCW4jjjdm,2.486926,3.206842,4.752199,0,2591700,15.735572,Interactive,1,1.75
284400,ZXTIUCxfgq3vkGZD/2BQw+TV6+lOf+SvJrb8omrgZzK+IXmh5Fg2OLSlCW4jjjdm,2.383366,3.277349,5.135023,0,2591700,15.735572,Interactive,1,1.75
284700,ZXTIUCxfgq3vkGZD/2BQw+TV6+lOf+SvJrb8omrgZzK+IXmh5Fg2OLSlCW4jjjdm,2.611749,3.242743,4.106424,0,2591700,15.735572,Interactive,1,1.75
285000,ZXTIUCxfgq3vkGZD/2BQw+TV6+lOf+SvJrb8omrgZzK+IXmh5Fg2OLSlCW4jjjdm,2.586532,3.584381,5.4937,0,2591700,15.735572,Interactive,1,1.75
285300,ZXTIUCxfgq3vkGZD/2BQw+TV6+lOf+SvJrb8omrgZzK+IXmh5Fg2OLSlCW4jjjdm,2.655442,3.276811,4.945377,0,2591700,15.735572,Interactive,1,1.75
285600,ZXTIUCxfgq3vkGZD/2BQw+TV6+lOf+SvJrb8omrgZzK+IXmh5Fg2OLSlCW4jjjdm,2.401513,3.25253,4.086124,0,2591700,15.735572,Interactive,1,1.75
285900,ZXTIUCxfgq3vkGZD/2BQw+TV6+lOf+SvJrb8omrgZzK+IXmh5Fg2OLSlCW4jjjdm,2.565742,3.2608200000000003,4.906855,0,2591700,15.735572,Interactive,1,1.75
286200,ZXTIUCxfgq3vkGZD/2BQw+TV6+lOf+SvJrb8omrgZzK+IXmh5Fg2OLSlCW4jjjdm,2.342284,5.334781,26.080245,0,2591700,15.735572,Interactive,1,1.75
286500,ZXTIUCxfgq3vkGZD/2BQw+TV6+lOf+SvJrb8omrgZzK+IXmh5Fg2OLSlCW4jjjdm,2.476004,3.31671,4.048318,0,2591700,15.735572,Interactive,1,1.75
286800,ZXTIUCxfgq3vkGZD/2BQw+TV6+lOf+SvJrb8omrgZzK+IXmh5Fg2OLSlCW4jjjdm,2.491218,3.386147,4.85541,0,2591700,15.735572,Interactive,1,1.75
287100,ZXTIUCxfgq3vkGZD/2BQw+TV6+lOf+SvJrb8omrgZzK+IXmh5Fg2OLSlCW4jjjdm,2.365799,3.26386,5.10964,0,2591700,15.735572,Interactive,1,1.75
287400,ZXTIUCxfgq3vkGZD/2BQw+TV6+lOf+SvJrb8omrgZzK+IXmh5Fg2OLSlCW4jjjdm,2.4498290000000003,3.310785,4.209884,0,2591700,15.735572,Interactive,1,1.75
287700,ZXTIUCxfgq3vkGZD/2BQw+TV6+lOf+SvJrb8omrgZzK+IXmh5Fg2OLSlCW4jjjdm,2.431526,3.264256,4.889341,0,2591700,15.735572,Interactive,1,1.75
288000,ZXTIUCxfgq3vkGZD/2BQw+TV6+lOf+SvJrb8omrgZzK+IXmh5Fg2OLSlCW4jjjdm,2.495809,3.4465220000000003,5.340606,0,2591700,15.735572,Interactive,1,1.75
288300,ZXTIUCxfgq3vkGZD/2BQw+TV6+lOf+SvJrb8omrgZzK+IXmh5Fg2OLSlCW4jjjdm,2.429447,3.28609,4.187088,0,2591700,15.735572,Interactive,1,1.75
288600,ZXTIUCxfgq3vkGZD/2BQw+TV6+lOf+SvJrb8omrgZzK+IXmh5Fg2OLSlCW4jjjdm,2.151386,3.256592,5.023236,0,2591700,15.735572,Interactive,1,1.75
288900,ZXTIUCxfgq3vkGZD/2BQw+TV6+lOf+SvJrb8omrgZzK+IXmh5Fg2OLSlCW4jjjdm,2.469519,3.240892,5.143678,0,2591700,15.735572,Interactive,1,1.75
289200,ZXTIUCxfgq3vkGZD/2BQw+TV6+lOf+SvJrb8omrgZzK+IXmh5Fg2OLSlCW4jjjdm,2.600744,3.260155,4.162545,0,2591700,15.735572,Interactive,1,1.75
289500,ZXTIUCxfgq3vkGZD/2BQw+TV6+lOf+SvJrb8omrgZzK+IXmh5Fg2OLSlCW4jjjdm,2.607827,3.331815,4.854705,0,2591700,15.735572,Interactive,1,1.75
289800,ZXTIUCxfgq3vkGZD/2BQw+TV6+lOf+SvJrb8omrgZzK+IXmh5Fg2OLSlCW4jjjdm,2.485371,4.016427999999999,11.589562,0,2591700,15.735572,Interactive,1,1.75
290100,ZXTIUCxfgq3vkGZD/2BQw+TV6+lOf+SvJrb8omrgZzK+IXmh5Fg2OLSlCW4jjjdm,2.531385,3.316952,4.167829,0,2591700,15.735572,Interactive,1,1.75
290400,ZXTIUCxfgq3vkGZD/2BQw+TV6+lOf+SvJrb8omrgZzK+IXmh5Fg2OLSlCW4jjjdm,2.252635,3.3088040000000003,4.944639,0,2591700,15.735572,Interactive,1,1.75
290700,ZXTIUCxfgq3vkGZD/2BQw+TV6+lOf+SvJrb8omrgZzK+IXmh5Fg2OLSlCW4jjjdm,2.324306,3.288724,5.346061,0,2591700,15.735572,Interactive,1,1.75
291000,ZXTIUCxfgq3vkGZD/2BQw+TV6+lOf+SvJrb8omrgZzK+IXmh5Fg2OLSlCW4jjjdm,2.585556,3.302598,4.115618,0,2591700,15.735572,Interactive,1,1.75
291300,ZXTIUCxfgq3vkGZD/2BQw+TV6+lOf+SvJrb8omrgZzK+IXmh5Fg2OLSlCW4jjjdm,2.015645,3.277708,5.643268,0,2591700,15.735572,Interactive,1,1.75
291600,ZXTIUCxfgq3vkGZD/2BQw+TV6+lOf+SvJrb8omrgZzK+IXmh5Fg2OLSlCW4jjjdm,2.444321,3.3173220000000003,5.377808,0,2591700,15.735572,Interactive,1,1.75
291900,ZXTIUCxfgq3vkGZD/2BQw+TV6+lOf+SvJrb8omrgZzK+IXmh5Fg2OLSlCW4jjjdm,2.2665330000000004,3.2332240000000003,4.154428,0,2591700,15.735572,Interactive,1,1.75
292200,ZXTIUCxfgq3vkGZD/2BQw+TV6+lOf+SvJrb8omrgZzK+IXmh5Fg2OLSlCW4jjjdm,2.678446,3.3734300000000004,5.003224,0,2591700,15.735572,Interactive,1,1.75
292500,ZXTIUCxfgq3vkGZD/2BQw+TV6+lOf+SvJrb8omrgZzK+IXmh5Fg2OLSlCW4jjjdm,2.49406,3.44472,5.376981,0,2591700,15.735572,Interactive,1,1.75
292800,ZXTIUCxfgq3vkGZD/2BQw+TV6+lOf+SvJrb8omrgZzK+IXmh5Fg2OLSlCW4jjjdm,2.537417,3.329928,4.179094999999999,0,2591700,15.735572,Interactive,1,1.75
293100,ZXTIUCxfgq3vkGZD/2BQw+TV6+lOf+SvJrb8omrgZzK+IXmh5Fg2OLSlCW4jjjdm,2.235959,3.288329,5.2701150000000005,0,2591700,15.735572,Interactive,1,1.75
293400,ZXTIUCxfgq3vkGZD/2BQw+TV6+lOf+SvJrb8omrgZzK+IXmh5Fg2OLSlCW4jjjdm,2.861872,5.483927,23.625569,0,2591700,15.735572,Interactive,1,1.75
293700,ZXTIUCxfgq3vkGZD/2BQw+TV6+lOf+SvJrb8omrgZzK+IXmh5Fg2OLSlCW4jjjdm,2.521602,3.263803,4.025226,0,2591700,15.735572,Interactive,1,1.75
294000,ZXTIUCxfgq3vkGZD/2BQw+TV6+lOf+SvJrb8omrgZzK+IXmh5Fg2OLSlCW4jjjdm,2.0453900000000003,3.255806,4.942906,0,2591700,15.735572,Interactive,1,1.75
294300,ZXTIUCxfgq3vkGZD/2BQw+TV6+lOf+SvJrb8omrgZzK+IXmh5Fg2OLSlCW4jjjdm,2.602704,3.2739830000000003,4.958803,0,2591700,15.735572,Interactive,1,1.75
294600,ZXTIUCxfgq3vkGZD/2BQw+TV6+lOf+SvJrb8omrgZzK+IXmh5Fg2OLSlCW4jjjdm,2.309378,3.122306,4.137273,0,2591700,15.735572,Interactive,1,1.75
294900,ZXTIUCxfgq3vkGZD/2BQw+TV6+lOf+SvJrb8omrgZzK+IXmh5Fg2OLSlCW4jjjdm,2.6219650000000003,3.425111,4.61171,0,2591700,15.735572,Interactive,1,1.75
295200,ZXTIUCxfgq3vkGZD/2BQw+TV6+lOf+SvJrb8omrgZzK+IXmh5Fg2OLSlCW4jjjdm,2.359522,3.157227,4.116280000000001,0,2591700,15.735572,Interactive,1,1.75
295500,ZXTIUCxfgq3vkGZD/2BQw+TV6+lOf+SvJrb8omrgZzK+IXmh5Fg2OLSlCW4jjjdm,2.603421,3.1036650000000003,4.120706,0,2591700,15.735572,Interactive,1,1.75
295800,ZXTIUCxfgq3vkGZD/2BQw+TV6+lOf+SvJrb8omrgZzK+IXmh5Fg2OLSlCW4jjjdm,2.594488,3.5446480000000005,4.859965,0,2591700,15.735572,Interactive,1,1.75
296100,ZXTIUCxfgq3vkGZD/2BQw+TV6+lOf+SvJrb8omrgZzK+IXmh5Fg2OLSlCW4jjjdm,2.411082,3.3108660000000003,4.130689,0,2591700,15.735572,Interactive,1,1.75
296400,ZXTIUCxfgq3vkGZD/2BQw+TV6+lOf+SvJrb8omrgZzK+IXmh5Fg2OLSlCW4jjjdm,2.528705,3.242068,4.544095,0,2591700,15.735572,Interactive,1,1.75
296700,ZXTIUCxfgq3vkGZD/2BQw+TV6+lOf+SvJrb8omrgZzK+IXmh5Fg2OLSlCW4jjjdm,1.922068,3.392322,4.67817,0,2591700,15.735572,Interactive,1,1.75
297000,ZXTIUCxfgq3vkGZD/2BQw+TV6+lOf+SvJrb8omrgZzK+IXmh5Fg2OLSlCW4jjjdm,2.913795,5.540015,25.288386,0,2591700,15.735572,Interactive,1,1.75
297300,ZXTIUCxfgq3vkGZD/2BQw+TV6+lOf+SvJrb8omrgZzK+IXmh5Fg2OLSlCW4jjjdm,2.502022,3.131517,4.409946,0,2591700,15.735572,Interactive,1,1.75
297600,ZXTIUCxfgq3vkGZD/2BQw+TV6+lOf+SvJrb8omrgZzK+IXmh5Fg2OLSlCW4jjjdm,2.60934,3.553271,4.692361,0,2591700,15.735572,Interactive,1,1.75
297900,ZXTIUCxfgq3vkGZD/2BQw+TV6+lOf+SvJrb8omrgZzK+IXmh5Fg2OLSlCW4jjjdm,2.357235,3.294875,4.276143,0,2591700,15.735572,Interactive,1,1.75
298200,ZXTIUCxfgq3vkGZD/2BQw+TV6+lOf+SvJrb8omrgZzK+IXmh5Fg2OLSlCW4jjjdm,2.544877,3.24123,4.520734,0,2591700,15.735572,Interactive,1,1.75
298500,ZXTIUCxfgq3vkGZD/2BQw+TV6+lOf+SvJrb8omrgZzK+IXmh5Fg2OLSlCW4jjjdm,1.646482,3.22951,4.661212,0,2591700,15.735572,Interactive,1,1.75
298800,ZXTIUCxfgq3vkGZD/2BQw+TV6+lOf+SvJrb8omrgZzK+IXmh5Fg2OLSlCW4jjjdm,2.0053490000000003,3.299325,4.353406,0,2591700,15.735572,Interactive,1,1.75
299100,ZXTIUCxfgq3vkGZD/2BQw+TV6+lOf+SvJrb8omrgZzK+IXmh5Fg2OLSlCW4jjjdm,2.50049,3.180764,4.299066000000001,0,2591700,15.735572,Interactive,1,1.75
299400,ZXTIUCxfgq3vkGZD/2BQw+TV6+lOf+SvJrb8omrgZzK+IXmh5Fg2OLSlCW4jjjdm,2.196181,3.46328,4.845143,0,2591700,15.735572,Interactive,1,1.75
299700,ZXTIUCxfgq3vkGZD/2BQw+TV6+lOf+SvJrb8omrgZzK+IXmh5Fg2OLSlCW4jjjdm,2.504893,3.254471,4.111049,0,2591700,15.735572,Interactive,1,1.75
300000,ZXTIUCxfgq3vkGZD/2BQw+TV6+lOf+SvJrb8omrgZzK+IXmh5Fg2OLSlCW4jjjdm,2.417741,3.110442,4.457177,0,2591700,15.735572,Interactive,1,1.75
300300,ZXTIUCxfgq3vkGZD/2BQw+TV6+lOf+SvJrb8omrgZzK+IXmh5Fg2OLSlCW4jjjdm,2.494522,3.401868,4.464422,0,2591700,15.735572,Interactive,1,1.75
300600,ZXTIUCxfgq3vkGZD/2BQw+TV6+lOf+SvJrb8omrgZzK+IXmh5Fg2OLSlCW4jjjdm,2.364798,4.198486,13.230933,0,2591700,15.735572,Interactive,1,1.75
300900,ZXTIUCxfgq3vkGZD/2BQw+TV6+lOf+SvJrb8omrgZzK+IXmh5Fg2OLSlCW4jjjdm,2.558737,3.174571,4.3600650000000005,0,2591700,15.735572,Interactive,1,1.75
301200,ZXTIUCxfgq3vkGZD/2BQw+TV6+lOf+SvJrb8omrgZzK+IXmh5Fg2OLSlCW4jjjdm,2.239516,3.263023,4.658407,0,2591700,15.735572,Interactive,1,1.75
301500,ZXTIUCxfgq3vkGZD/2BQw+TV6+lOf+SvJrb8omrgZzK+IXmh5Fg2OLSlCW4jjjdm,2.161125,3.234469,4.138997,0,2591700,15.735572,Interactive,1,1.75
301800,ZXTIUCxfgq3vkGZD/2BQw+TV6+lOf+SvJrb8omrgZzK+IXmh5Fg2OLSlCW4jjjdm,2.563936,3.2442,4.451457,0,2591700,15.735572,Interactive,1,1.75
302100,ZXTIUCxfgq3vkGZD/2BQw+TV6+lOf+SvJrb8omrgZzK+IXmh5Fg2OLSlCW4jjjdm,2.107992,3.381527,4.650925,0,2591700,15.735572,Interactive,1,1.75
302400,ZXTIUCxfgq3vkGZD/2BQw+TV6+lOf+SvJrb8omrgZzK+IXmh5Fg2OLSlCW4jjjdm,2.665711,3.405375,4.383466,0,2591700,15.735572,Interactive,1,1.75
302700,ZXTIUCxfgq3vkGZD/2BQw+TV6+lOf+SvJrb8omrgZzK+IXmh5Fg2OLSlCW4jjjdm,2.267336,3.103163,4.318967,0,2591700,15.735572,Interactive,1,1.75
303000,ZXTIUCxfgq3vkGZD/2BQw+TV6+lOf+SvJrb8omrgZzK+IXmh5Fg2OLSlCW4jjjdm,2.651538,3.546434,4.591862,0,2591700,15.735572,Interactive,1,1.75
303300,ZXTIUCxfgq3vkGZD/2BQw+TV6+lOf+SvJrb8omrgZzK+IXmh5Fg2OLSlCW4jjjdm,1.937865,3.2292240000000003,4.25747,0,2591700,15.735572,Interactive,1,1.75
303600,ZXTIUCxfgq3vkGZD/2BQw+TV6+lOf+SvJrb8omrgZzK+IXmh5Fg2OLSlCW4jjjdm,2.5190330000000003,3.2219990000000003,4.454505,0,2591700,15.735572,Interactive,1,1.75
303900,ZXTIUCxfgq3vkGZD/2BQw+TV6+lOf+SvJrb8omrgZzK+IXmh5Fg2OLSlCW4jjjdm,1.92983,3.254799,4.472862999999999,0,2591700,15.735572,Interactive,1,1.75
304200,ZXTIUCxfgq3vkGZD/2BQw+TV6+lOf+SvJrb8omrgZzK+IXmh5Fg2OLSlCW4jjjdm,2.168512,5.408306,24.002568,0,2591700,15.735572,Interactive,1,1.75
304500,ZXTIUCxfgq3vkGZD/2BQw+TV6+lOf+SvJrb8omrgZzK+IXmh5Fg2OLSlCW4jjjdm,2.594851,3.272373,4.219336,0,2591700,15.735572,Interactive,1,1.75
304800,ZXTIUCxfgq3vkGZD/2BQw+TV6+lOf+SvJrb8omrgZzK+IXmh5Fg2OLSlCW4jjjdm,2.562155,3.479736,4.4553720000000006,0,2591700,15.735572,Interactive,1,1.75
305100,ZXTIUCxfgq3vkGZD/2BQw+TV6+lOf+SvJrb8omrgZzK+IXmh5Fg2OLSlCW4jjjdm,2.807644,3.360758,4.172212,0,2591700,15.735572,Interactive,1,1.75
305400,ZXTIUCxfgq3vkGZD/2BQw+TV6+lOf+SvJrb8omrgZzK+IXmh5Fg2OLSlCW4jjjdm,2.527863,3.196984,4.482789,0,2591700,15.735572,Interactive,1,1.75
305700,ZXTIUCxfgq3vkGZD/2BQw+TV6+lOf+SvJrb8omrgZzK+IXmh5Fg2OLSlCW4jjjdm,2.414942,3.4010550000000004,4.334874,0,2591700,15.735572,Interactive,1,1.75
306000,ZXTIUCxfgq3vkGZD/2BQw+TV6+lOf+SvJrb8omrgZzK+IXmh5Fg2OLSlCW4jjjdm,2.121989,3.165854,4.060555,0,2591700,15.735572,Interactive,1,1.75
306300,ZXTIUCxfgq3vkGZD/2BQw+TV6+lOf+SvJrb8omrgZzK+IXmh5Fg2OLSlCW4jjjdm,2.484302,3.119213,4.134093,0,2591700,15.735572,Interactive,1,1.75
306600,ZXTIUCxfgq3vkGZD/2BQw+TV6+lOf+SvJrb8omrgZzK+IXmh5Fg2OLSlCW4jjjdm,2.41678,3.289025,4.268926,0,2591700,15.735572,Interactive,1,1.75
306900,ZXTIUCxfgq3vkGZD/2BQw+TV6+lOf+SvJrb8omrgZzK+IXmh5Fg2OLSlCW4jjjdm,2.352364,3.2115400000000003,4.086101,0,2591700,15.735572,Interactive,1,1.75
307200,ZXTIUCxfgq3vkGZD/2BQw+TV6+lOf+SvJrb8omrgZzK+IXmh5Fg2OLSlCW4jjjdm,2.563869,4.937764,15.999073999999998,0,2591700,15.735572,Interactive,1,1.75
307500,ZXTIUCxfgq3vkGZD/2BQw+TV6+lOf+SvJrb8omrgZzK+IXmh5Fg2OLSlCW4jjjdm,2.160029,5.785805,21.688906,0,2591700,15.735572,Interactive,1,1.75
307800,ZXTIUCxfgq3vkGZD/2BQw+TV6+lOf+SvJrb8omrgZzK+IXmh5Fg2OLSlCW4jjjdm,2.402986,8.307473,34.652078,0,2591700,15.735572,Interactive,1,1.75
308100,ZXTIUCxfgq3vkGZD/2BQw+TV6+lOf+SvJrb8omrgZzK+IXmh5Fg2OLSlCW4jjjdm,2.049706,3.057135,4.469579,0,2591700,15.735572,Interactive,1,1.75
308400,ZXTIUCxfgq3vkGZD/2BQw+TV6+lOf+SvJrb8omrgZzK+IXmh5Fg2OLSlCW4jjjdm,2.835591,5.406636,21.035002,0,2591700,15.735572,Interactive,1,1.75
308700,ZXTIUCxfgq3vkGZD/2BQw+TV6+lOf+SvJrb8omrgZzK+IXmh5Fg2OLSlCW4jjjdm,2.598632,8.17933,31.603501,0,2591700,15.735572,Interactive,1,1.75
309000,ZXTIUCxfgq3vkGZD/2BQw+TV6+lOf+SvJrb8omrgZzK+IXmh5Fg2OLSlCW4jjjdm,2.5758400000000004,3.3141010000000004,4.705348000000001,0,2591700,15.735572,Interactive,1,1.75
309300,ZXTIUCxfgq3vkGZD/2BQw+TV6+lOf+SvJrb8omrgZzK+IXmh5Fg2OLSlCW4jjjdm,2.730584,3.304711,4.4616050000000005,0,2591700,15.735572,Interactive,1,1.75
309600,ZXTIUCxfgq3vkGZD/2BQw+TV6+lOf+SvJrb8omrgZzK+IXmh5Fg2OLSlCW4jjjdm,2.155803,3.184124,3.926937,0,2591700,15.735572,Interactive,1,1.75
309900,ZXTIUCxfgq3vkGZD/2BQw+TV6+lOf+SvJrb8omrgZzK+IXmh5Fg2OLSlCW4jjjdm,2.633148,3.258893,5.054135,0,2591700,15.735572,Interactive,1,1.75
310200,ZXTIUCxfgq3vkGZD/2BQw+TV6+lOf+SvJrb8omrgZzK+IXmh5Fg2OLSlCW4jjjdm,2.271541,3.332843,4.922384,0,2591700,15.735572,Interactive,1,1.75
310500,ZXTIUCxfgq3vkGZD/2BQw+TV6+lOf+SvJrb8omrgZzK+IXmh5Fg2OLSlCW4jjjdm,2.581061,3.374191,4.356071,0,2591700,15.735572,Interactive,1,1.75
310800,ZXTIUCxfgq3vkGZD/2BQw+TV6+lOf+SvJrb8omrgZzK+IXmh5Fg2OLSlCW4jjjdm,2.1095200000000003,2.976784,3.76683,0,2591700,15.735572,Interactive,1,1.75
311100,ZXTIUCxfgq3vkGZD/2BQw+TV6+lOf+SvJrb8omrgZzK+IXmh5Fg2OLSlCW4jjjdm,2.551602,3.501606,4.823721,0,2591700,15.735572,Interactive,1,1.75
311400,ZXTIUCxfgq3vkGZD/2BQw+TV6+lOf+SvJrb8omrgZzK+IXmh5Fg2OLSlCW4jjjdm,2.503703,8.967399,49.264117,0,2591700,15.735572,Interactive,1,1.75
311700,ZXTIUCxfgq3vkGZD/2BQw+TV6+lOf+SvJrb8omrgZzK+IXmh5Fg2OLSlCW4jjjdm,2.460442,3.181417,4.843391,0,2591700,15.735572,Interactive,1,1.75
312000,ZXTIUCxfgq3vkGZD/2BQw+TV6+lOf+SvJrb8omrgZzK+IXmh5Fg2OLSlCW4jjjdm,2.236328,3.290871,4.4817,0,2591700,15.735572,Interactive,1,1.75
312300,ZXTIUCxfgq3vkGZD/2BQw+TV6+lOf+SvJrb8omrgZzK+IXmh5Fg2OLSlCW4jjjdm,2.463444,3.213356,4.354742,0,2591700,15.735572,Interactive,1,1.75
312600,ZXTIUCxfgq3vkGZD/2BQw+TV6+lOf+SvJrb8omrgZzK+IXmh5Fg2OLSlCW4jjjdm,2.549306,3.245569,4.736174,0,2591700,15.735572,Interactive,1,1.75
312900,ZXTIUCxfgq3vkGZD/2BQw+TV6+lOf+SvJrb8omrgZzK+IXmh5Fg2OLSlCW4jjjdm,2.515832,3.312342,4.941078,0,2591700,15.735572,Interactive,1,1.75
313200,ZXTIUCxfgq3vkGZD/2BQw+TV6+lOf+SvJrb8omrgZzK+IXmh5Fg2OLSlCW4jjjdm,2.444719,3.297203,4.0030220000000005,0,2591700,15.735572,Interactive,1,1.75
313500,ZXTIUCxfgq3vkGZD/2BQw+TV6+lOf+SvJrb8omrgZzK+IXmh5Fg2OLSlCW4jjjdm,2.633857,2.942205,3.752634,0,2591700,15.735572,Interactive,1,1.75
313800,ZXTIUCxfgq3vkGZD/2BQw+TV6+lOf+SvJrb8omrgZzK+IXmh5Fg2OLSlCW4jjjdm,2.52129,3.617352,4.948854,0,2591700,15.735572,Interactive,1,1.75
314100,ZXTIUCxfgq3vkGZD/2BQw+TV6+lOf+SvJrb8omrgZzK+IXmh5Fg2OLSlCW4jjjdm,2.678751,3.1379240000000004,3.83468,0,2591700,15.735572,Interactive,1,1.75
314400,ZXTIUCxfgq3vkGZD/2BQw+TV6+lOf+SvJrb8omrgZzK+IXmh5Fg2OLSlCW4jjjdm,2.535729,3.214414,4.803795,0,2591700,15.735572,Interactive,1,1.75
314700,ZXTIUCxfgq3vkGZD/2BQw+TV6+lOf+SvJrb8omrgZzK+IXmh5Fg2OLSlCW4jjjdm,2.836992,3.442096,4.194381,0,2591700,15.735572,Interactive,1,1.75
315000,ZXTIUCxfgq3vkGZD/2BQw+TV6+lOf+SvJrb8omrgZzK+IXmh5Fg2OLSlCW4jjjdm,2.523746,5.333026,24.345285,0,2591700,15.735572,Interactive,1,1.75
315300,ZXTIUCxfgq3vkGZD/2BQw+TV6+lOf+SvJrb8omrgZzK+IXmh5Fg2OLSlCW4jjjdm,2.498125,3.178821,5.091952,0,2591700,15.735572,Interactive,1,1.75
315600,ZXTIUCxfgq3vkGZD/2BQw+TV6+lOf+SvJrb8omrgZzK+IXmh5Fg2OLSlCW4jjjdm,2.563239,3.310667,4.887993,0,2591700,15.735572,Interactive,1,1.75
315900,ZXTIUCxfgq3vkGZD/2BQw+TV6+lOf+SvJrb8omrgZzK+IXmh5Fg2OLSlCW4jjjdm,2.581373,3.275013,4.426959,0,2591700,15.735572,Interactive,1,1.75
316200,ZXTIUCxfgq3vkGZD/2BQw+TV6+lOf+SvJrb8omrgZzK+IXmh5Fg2OLSlCW4jjjdm,2.541682,3.087832,3.627668,0,2591700,15.735572,Interactive,1,1.75
316500,ZXTIUCxfgq3vkGZD/2BQw+TV6+lOf+SvJrb8omrgZzK+IXmh5Fg2OLSlCW4jjjdm,2.644305,3.490183,4.68884,0,2591700,15.735572,Interactive,1,1.75
316800,ZXTIUCxfgq3vkGZD/2BQw+TV6+lOf+SvJrb8omrgZzK+IXmh5Fg2OLSlCW4jjjdm,2.46318,3.151928,4.008202,0,2591700,15.735572,Interactive,1,1.75
317100,ZXTIUCxfgq3vkGZD/2BQw+TV6+lOf+SvJrb8omrgZzK+IXmh5Fg2OLSlCW4jjjdm,2.535778,3.1869400000000003,4.977587000000001,0,2591700,15.735572,Interactive,1,1.75
317400,ZXTIUCxfgq3vkGZD/2BQw+TV6+lOf+SvJrb8omrgZzK+IXmh5Fg2OLSlCW4jjjdm,2.3317490000000003,3.295881,4.3230260000000005,0,2591700,15.735572,Interactive,1,1.75
317700,ZXTIUCxfgq3vkGZD/2BQw+TV6+lOf+SvJrb8omrgZzK+IXmh5Fg2OLSlCW4jjjdm,2.644339,3.280093,4.261437,0,2591700,15.735572,Interactive,1,1.75
318000,ZXTIUCxfgq3vkGZD/2BQw+TV6+lOf+SvJrb8omrgZzK+IXmh5Fg2OLSlCW4jjjdm,2.619739,3.246156,4.623819,0,2591700,15.735572,Interactive,1,1.75
318300,ZXTIUCxfgq3vkGZD/2BQw+TV6+lOf+SvJrb8omrgZzK+IXmh5Fg2OLSlCW4jjjdm,2.810514,3.677994,5.896468,0,2591700,15.735572,Interactive,1,1.75
318600,ZXTIUCxfgq3vkGZD/2BQw+TV6+lOf+SvJrb8omrgZzK+IXmh5Fg2OLSlCW4jjjdm,2.607951,5.323791,24.603834,0,2591700,15.735572,Interactive,1,1.75
318900,ZXTIUCxfgq3vkGZD/2BQw+TV6+lOf+SvJrb8omrgZzK+IXmh5Fg2OLSlCW4jjjdm,2.449545,3.0997790000000003,4.438369000000001,0,2591700,15.735572,Interactive,1,1.75
319200,ZXTIUCxfgq3vkGZD/2BQw+TV6+lOf+SvJrb8omrgZzK+IXmh5Fg2OLSlCW4jjjdm,2.825169,3.539949,4.109495,0,2591700,15.735572,Interactive,1,1.75
319500,ZXTIUCxfgq3vkGZD/2BQw+TV6+lOf+SvJrb8omrgZzK+IXmh5Fg2OLSlCW4jjjdm,2.615914,4.321829,14.614883,0,2591700,15.735572,Interactive,1,1.75
319800,ZXTIUCxfgq3vkGZD/2BQw+TV6+lOf+SvJrb8omrgZzK+IXmh5Fg2OLSlCW4jjjdm,2.561357,3.309042,4.680597,0,2591700,15.735572,Interactive,1,1.75
320100,ZXTIUCxfgq3vkGZD/2BQw+TV6+lOf+SvJrb8omrgZzK+IXmh5Fg2OLSlCW4jjjdm,2.575965,3.34461,4.163208999999999,0,2591700,15.735572,Interactive,1,1.75
320400,ZXTIUCxfgq3vkGZD/2BQw+TV6+lOf+SvJrb8omrgZzK+IXmh5Fg2OLSlCW4jjjdm,2.24891,3.157547,4.729731,0,2591700,15.735572,Interactive,1,1.75
320700,ZXTIUCxfgq3vkGZD/2BQw+TV6+lOf+SvJrb8omrgZzK+IXmh5Fg2OLSlCW4jjjdm,2.4874080000000003,3.268913,4.725043,0,2591700,15.735572,Interactive,1,1.75
321000,ZXTIUCxfgq3vkGZD/2BQw+TV6+lOf+SvJrb8omrgZzK+IXmh5Fg2OLSlCW4jjjdm,2.413411,3.4319040000000003,4.105214,0,2591700,15.735572,Interactive,1,1.75
321300,ZXTIUCxfgq3vkGZD/2BQw+TV6+lOf+SvJrb8omrgZzK+IXmh5Fg2OLSlCW4jjjdm,2.549557,3.173736,4.306289,0,2591700,15.735572,Interactive,1,1.75
321600,ZXTIUCxfgq3vkGZD/2BQw+TV6+lOf+SvJrb8omrgZzK+IXmh5Fg2OLSlCW4jjjdm,2.566504,3.300561,4.847617,0,2591700,15.735572,Interactive,1,1.75
321900,ZXTIUCxfgq3vkGZD/2BQw+TV6+lOf+SvJrb8omrgZzK+IXmh5Fg2OLSlCW4jjjdm,2.594353,3.576998,4.429409,0,2591700,15.735572,Interactive,1,1.75
322200,ZXTIUCxfgq3vkGZD/2BQw+TV6+lOf+SvJrb8omrgZzK+IXmh5Fg2OLSlCW4jjjdm,2.512022,5.476182,15.128409,0,2591700,15.735572,Interactive,1,1.75
322500,ZXTIUCxfgq3vkGZD/2BQw+TV6+lOf+SvJrb8omrgZzK+IXmh5Fg2OLSlCW4jjjdm,2.534033,3.356405,4.9490870000000005,0,2591700,15.735572,Interactive,1,1.75
322800,ZXTIUCxfgq3vkGZD/2BQw+TV6+lOf+SvJrb8omrgZzK+IXmh5Fg2OLSlCW4jjjdm,2.033774,3.4509410000000003,4.320108,0,2591700,15.735572,Interactive,1,1.75
323100,ZXTIUCxfgq3vkGZD/2BQw+TV6+lOf+SvJrb8omrgZzK+IXmh5Fg2OLSlCW4jjjdm,2.611877,4.616412,9.973253,0,2591700,15.735572,Interactive,1,1.75
323400,ZXTIUCxfgq3vkGZD/2BQw+TV6+lOf+SvJrb8omrgZzK+IXmh5Fg2OLSlCW4jjjdm,2.557793,3.438696,5.211869,0,2591700,15.735572,Interactive,1,1.75
323700,ZXTIUCxfgq3vkGZD/2BQw+TV6+lOf+SvJrb8omrgZzK+IXmh5Fg2OLSlCW4jjjdm,2.515337,3.4675230000000004,4.036815,0,2591700,15.735572,Interactive,1,1.75
324000,ZXTIUCxfgq3vkGZD/2BQw+TV6+lOf+SvJrb8omrgZzK+IXmh5Fg2OLSlCW4jjjdm,2.54783,3.276426,4.642854,0,2591700,15.735572,Interactive,1,1.75
324300,ZXTIUCxfgq3vkGZD/2BQw+TV6+lOf+SvJrb8omrgZzK+IXmh5Fg2OLSlCW4jjjdm,2.012181,3.1754580000000003,5.085771,0,2591700,15.735572,Interactive,1,1.75
324600,ZXTIUCxfgq3vkGZD/2BQw+TV6+lOf+SvJrb8omrgZzK+IXmh5Fg2OLSlCW4jjjdm,2.760743,3.576378,4.142693,0,2591700,15.735572,Interactive,1,1.75
324900,ZXTIUCxfgq3vkGZD/2BQw+TV6+lOf+SvJrb8omrgZzK+IXmh5Fg2OLSlCW4jjjdm,2.469702,3.195857,4.488414,0,2591700,15.735572,Interactive,1,1.75
325200,ZXTIUCxfgq3vkGZD/2BQw+TV6+lOf+SvJrb8omrgZzK+IXmh5Fg2OLSlCW4jjjdm,2.5435380000000003,3.3975160000000004,5.094218,0,2591700,15.735572,Interactive,1,1.75
325500,ZXTIUCxfgq3vkGZD/2BQw+TV6+lOf+SvJrb8omrgZzK+IXmh5Fg2OLSlCW4jjjdm,2.326388,3.381554,4.119133000000001,0,2591700,15.735572,Interactive,1,1.75
325800,ZXTIUCxfgq3vkGZD/2BQw+TV6+lOf+SvJrb8omrgZzK+IXmh5Fg2OLSlCW4jjjdm,2.547389,5.683732,24.481116,0,2591700,15.735572,Interactive,1,1.75
326100,ZXTIUCxfgq3vkGZD/2BQw+TV6+lOf+SvJrb8omrgZzK+IXmh5Fg2OLSlCW4jjjdm,2.573812,3.4163550000000003,5.191962999999999,0,2591700,15.735572,Interactive,1,1.75
326400,ZXTIUCxfgq3vkGZD/2BQw+TV6+lOf+SvJrb8omrgZzK+IXmh5Fg2OLSlCW4jjjdm,2.966228,3.929145,6.328965,0,2591700,15.735572,Interactive,1,1.75
326700,ZXTIUCxfgq3vkGZD/2BQw+TV6+lOf+SvJrb8omrgZzK+IXmh5Fg2OLSlCW4jjjdm,2.636289,3.237995,4.330025,0,2591700,15.735572,Interactive,1,1.75
327000,ZXTIUCxfgq3vkGZD/2BQw+TV6+lOf+SvJrb8omrgZzK+IXmh5Fg2OLSlCW4jjjdm,2.631171,3.695274,6.0316160000000005,0,2591700,15.735572,Interactive,1,1.75
327300,ZXTIUCxfgq3vkGZD/2BQw+TV6+lOf+SvJrb8omrgZzK+IXmh5Fg2OLSlCW4jjjdm,2.564769,3.5124410000000004,4.151076,0,2591700,15.735572,Interactive,1,1.75
327600,ZXTIUCxfgq3vkGZD/2BQw+TV6+lOf+SvJrb8omrgZzK+IXmh5Fg2OLSlCW4jjjdm,2.6250400000000003,3.5196300000000003,5.387232,0,2591700,15.735572,Interactive,1,1.75
327900,ZXTIUCxfgq3vkGZD/2BQw+TV6+lOf+SvJrb8omrgZzK+IXmh5Fg2OLSlCW4jjjdm,2.527385,3.344275,4.859909,0,2591700,15.735572,Interactive,1,1.75
328200,ZXTIUCxfgq3vkGZD/2BQw+TV6+lOf+SvJrb8omrgZzK+IXmh5Fg2OLSlCW4jjjdm,2.684251,3.540399,4.141828,0,2591700,15.735572,Interactive,1,1.75
328500,ZXTIUCxfgq3vkGZD/2BQw+TV6+lOf+SvJrb8omrgZzK+IXmh5Fg2OLSlCW4jjjdm,2.520458,3.164918,4.058407,0,2591700,15.735572,Interactive,1,1.75
328800,ZXTIUCxfgq3vkGZD/2BQw+TV6+lOf+SvJrb8omrgZzK+IXmh5Fg2OLSlCW4jjjdm,2.458812,3.3157050000000003,5.283075,0,2591700,15.735572,Interactive,1,1.75
329100,ZXTIUCxfgq3vkGZD/2BQw+TV6+lOf+SvJrb8omrgZzK+IXmh5Fg2OLSlCW4jjjdm,2.115715,3.396528,3.905024,0,2591700,15.735572,Interactive,1,1.75
329400,ZXTIUCxfgq3vkGZD/2BQw+TV6+lOf+SvJrb8omrgZzK+IXmh5Fg2OLSlCW4jjjdm,2.6372720000000003,5.384428,24.853604,0,2591700,15.735572,Interactive,1,1.75
329700,ZXTIUCxfgq3vkGZD/2BQw+TV6+lOf+SvJrb8omrgZzK+IXmh5Fg2OLSlCW4jjjdm,2.068756,3.1942060000000003,4.590326999999999,0,2591700,15.735572,Interactive,1,1.75
330000,ZXTIUCxfgq3vkGZD/2BQw+TV6+lOf+SvJrb8omrgZzK+IXmh5Fg2OLSlCW4jjjdm,2.98248,3.493947,4.006169,0,2591700,15.735572,Interactive,1,1.75
330300,ZXTIUCxfgq3vkGZD/2BQw+TV6+lOf+SvJrb8omrgZzK+IXmh5Fg2OLSlCW4jjjdm,1.974665,3.103631,4.299489,0,2591700,15.735572,Interactive,1,1.75
330600,ZXTIUCxfgq3vkGZD/2BQw+TV6+lOf+SvJrb8omrgZzK+IXmh5Fg2OLSlCW4jjjdm,2.663722,3.407817,4.457376999999999,0,2591700,15.735572,Interactive,1,1.75
330900,ZXTIUCxfgq3vkGZD/2BQw+TV6+lOf+SvJrb8omrgZzK+IXmh5Fg2OLSlCW4jjjdm,2.601931,3.498232,4.734136,0,2591700,15.735572,Interactive,1,1.75
331200,ZXTIUCxfgq3vkGZD/2BQw+TV6+lOf+SvJrb8omrgZzK+IXmh5Fg2OLSlCW4jjjdm,2.599497,3.344861,4.720406,0,2591700,15.735572,Interactive,1,1.75
331500,ZXTIUCxfgq3vkGZD/2BQw+TV6+lOf+SvJrb8omrgZzK+IXmh5Fg2OLSlCW4jjjdm,2.721022,3.3956190000000004,4.850855999999999,0,2591700,15.735572,Interactive,1,1.75
331800,ZXTIUCxfgq3vkGZD/2BQw+TV6+lOf+SvJrb8omrgZzK+IXmh5Fg2OLSlCW4jjjdm,2.521722,3.592133,4.911347,0,2591700,15.735572,Interactive,1,1.75
332100,ZXTIUCxfgq3vkGZD/2BQw+TV6+lOf+SvJrb8omrgZzK+IXmh5Fg2OLSlCW4jjjdm,2.540443,3.292735,4.984228,0,2591700,15.735572,Interactive,1,1.75
332400,ZXTIUCxfgq3vkGZD/2BQw+TV6+lOf+SvJrb8omrgZzK+IXmh5Fg2OLSlCW4jjjdm,2.369169,3.294878,4.807626,0,2591700,15.735572,Interactive,1,1.75
332700,ZXTIUCxfgq3vkGZD/2BQw+TV6+lOf+SvJrb8omrgZzK+IXmh5Fg2OLSlCW4jjjdm,2.6802900000000003,3.472031,4.632192,0,2591700,15.735572,Interactive,1,1.75
333000,ZXTIUCxfgq3vkGZD/2BQw+TV6+lOf+SvJrb8omrgZzK+IXmh5Fg2OLSlCW4jjjdm,2.279958,5.443373,16.701259,0,2591700,15.735572,Interactive,1,1.75
333300,ZXTIUCxfgq3vkGZD/2BQw+TV6+lOf+SvJrb8omrgZzK+IXmh5Fg2OLSlCW4jjjdm,2.689549,3.3271910000000005,4.6461,0,2591700,15.735572,Interactive,1,1.75
333600,ZXTIUCxfgq3vkGZD/2BQw+TV6+lOf+SvJrb8omrgZzK+IXmh5Fg2OLSlCW4jjjdm,2.453034,3.5642150000000004,4.693812,0,2591700,15.735572,Interactive,1,1.75
333900,ZXTIUCxfgq3vkGZD/2BQw+TV6+lOf+SvJrb8omrgZzK+IXmh5Fg2OLSlCW4jjjdm,2.517045,3.244181,4.888311,0,2591700,15.735572,Interactive,1,1.75
334200,ZXTIUCxfgq3vkGZD/2BQw+TV6+lOf+SvJrb8omrgZzK+IXmh5Fg2OLSlCW4jjjdm,2.59955,3.412688,4.990982,0,2591700,15.735572,Interactive,1,1.75
334500,ZXTIUCxfgq3vkGZD/2BQw+TV6+lOf+SvJrb8omrgZzK+IXmh5Fg2OLSlCW4jjjdm,2.433407,3.3888830000000003,4.670863,0,2591700,15.735572,Interactive,1,1.75
334800,ZXTIUCxfgq3vkGZD/2BQw+TV6+lOf+SvJrb8omrgZzK+IXmh5Fg2OLSlCW4jjjdm,2.59273,3.196927,4.61287,0,2591700,15.735572,Interactive,1,1.75
335100,ZXTIUCxfgq3vkGZD/2BQw+TV6+lOf+SvJrb8omrgZzK+IXmh5Fg2OLSlCW4jjjdm,2.6878490000000004,3.3699190000000003,4.783038,0,2591700,15.735572,Interactive,1,1.75
335400,ZXTIUCxfgq3vkGZD/2BQw+TV6+lOf+SvJrb8omrgZzK+IXmh5Fg2OLSlCW4jjjdm,2.712618,3.63246,4.3117410000000005,0,2591700,15.735572,Interactive,1,1.75
335700,ZXTIUCxfgq3vkGZD/2BQw+TV6+lOf+SvJrb8omrgZzK+IXmh5Fg2OLSlCW4jjjdm,2.323825,9.283255,55.758611,0,2591700,15.735572,Interactive,1,1.75
336000,ZXTIUCxfgq3vkGZD/2BQw+TV6+lOf+SvJrb8omrgZzK+IXmh5Fg2OLSlCW4jjjdm,2.705883,3.481983,5.582669,0,2591700,15.735572,Interactive,1,1.75
336300,ZXTIUCxfgq3vkGZD/2BQw+TV6+lOf+SvJrb8omrgZzK+IXmh5Fg2OLSlCW4jjjdm,2.525792,3.643249,4.860477,0,2591700,15.735572,Interactive,1,1.75
336600,ZXTIUCxfgq3vkGZD/2BQw+TV6+lOf+SvJrb8omrgZzK+IXmh5Fg2OLSlCW4jjjdm,4.414139,35.270743,69.11979000000001,0,2591700,15.735572,Interactive,1,1.75
336900,ZXTIUCxfgq3vkGZD/2BQw+TV6+lOf+SvJrb8omrgZzK+IXmh5Fg2OLSlCW4jjjdm,3.521147,5.293639,8.44256,0,2591700,15.735572,Interactive,1,1.75
337200,ZXTIUCxfgq3vkGZD/2BQw+TV6+lOf+SvJrb8omrgZzK+IXmh5Fg2OLSlCW4jjjdm,43.099294,65.043021,87.683995,0,2591700,15.735572,Interactive,1,1.75
337500,ZXTIUCxfgq3vkGZD/2BQw+TV6+lOf+SvJrb8omrgZzK+IXmh5Fg2OLSlCW4jjjdm,18.587092,63.116944,86.12145500000001,0,2591700,15.735572,Interactive,1,1.75
337800,ZXTIUCxfgq3vkGZD/2BQw+TV6+lOf+SvJrb8omrgZzK+IXmh5Fg2OLSlCW4jjjdm,65.39321899999999,81.87775,92.027526,0,2591700,15.735572,Interactive,1,1.75
338100,ZXTIUCxfgq3vkGZD/2BQw+TV6+lOf+SvJrb8omrgZzK+IXmh5Fg2OLSlCW4jjjdm,56.776271,79.74126700000001,92.243185,0,2591700,15.735572,Interactive,1,1.75
338400,ZXTIUCxfgq3vkGZD/2BQw+TV6+lOf+SvJrb8omrgZzK+IXmh5Fg2OLSlCW4jjjdm,92.027623,93.860709,99.009929,0,2591700,15.735572,Interactive,1,1.75
338700,ZXTIUCxfgq3vkGZD/2BQw+TV6+lOf+SvJrb8omrgZzK+IXmh5Fg2OLSlCW4jjjdm,90.599195,93.40577,95.653976,0,2591700,15.735572,Interactive,1,1.75
339000,ZXTIUCxfgq3vkGZD/2BQw+TV6+lOf+SvJrb8omrgZzK+IXmh5Fg2OLSlCW4jjjdm,72.227547,87.808387,98.816589,0,2591700,15.735572,Interactive,1,1.75
339300,ZXTIUCxfgq3vkGZD/2BQw+TV6+lOf+SvJrb8omrgZzK+IXmh5Fg2OLSlCW4jjjdm,2.883172,30.316384000000003,86.198082,0,2591700,15.735572,Interactive,1,1.75
339600,ZXTIUCxfgq3vkGZD/2BQw+TV6+lOf+SvJrb8omrgZzK+IXmh5Fg2OLSlCW4jjjdm,2.515864,3.3125949999999995,4.877319,0,2591700,15.735572,Interactive,1,1.75
339900,ZXTIUCxfgq3vkGZD/2BQw+TV6+lOf+SvJrb8omrgZzK+IXmh5Fg2OLSlCW4jjjdm,2.816395,3.844498,6.915439999999999,0,2591700,15.735572,Interactive,1,1.75
340200,ZXTIUCxfgq3vkGZD/2BQw+TV6+lOf+SvJrb8omrgZzK+IXmh5Fg2OLSlCW4jjjdm,2.563622,27.206205,59.013336,0,2591700,15.735572,Interactive,1,1.75
340500,ZXTIUCxfgq3vkGZD/2BQw+TV6+lOf+SvJrb8omrgZzK+IXmh5Fg2OLSlCW4jjjdm,2.541818,16.933184,56.643052,0,2591700,15.735572,Interactive,1,1.75
340800,ZXTIUCxfgq3vkGZD/2BQw+TV6+lOf+SvJrb8omrgZzK+IXmh5Fg2OLSlCW4jjjdm,2.599336,3.3877839999999995,6.631823,0,2591700,15.735572,Interactive,1,1.75
341100,ZXTIUCxfgq3vkGZD/2BQw+TV6+lOf+SvJrb8omrgZzK+IXmh5Fg2OLSlCW4jjjdm,2.275795,3.101836,4.076811,0,2591700,15.735572,Interactive,1,1.75
341400,ZXTIUCxfgq3vkGZD/2BQw+TV6+lOf+SvJrb8omrgZzK+IXmh5Fg2OLSlCW4jjjdm,2.581687,3.223927,4.420742,0,2591700,15.735572,Interactive,1,1.75
341700,ZXTIUCxfgq3vkGZD/2BQw+TV6+lOf+SvJrb8omrgZzK+IXmh5Fg2OLSlCW4jjjdm,2.434683,3.485671,6.579902000000001,0,2591700,15.735572,Interactive,1,1.75
342000,ZXTIUCxfgq3vkGZD/2BQw+TV6+lOf+SvJrb8omrgZzK+IXmh5Fg2OLSlCW4jjjdm,2.583086,3.184943,4.33635,0,2591700,15.735572,Interactive,1,1.75
342300,ZXTIUCxfgq3vkGZD/2BQw+TV6+lOf+SvJrb8omrgZzK+IXmh5Fg2OLSlCW4jjjdm,2.537802,3.303136,4.585107,0,2591700,15.735572,Interactive,1,1.75
342600,ZXTIUCxfgq3vkGZD/2BQw+TV6+lOf+SvJrb8omrgZzK+IXmh5Fg2OLSlCW4jjjdm,2.412936,3.411096,6.27317,0,2591700,15.735572,Interactive,1,1.75
342900,ZXTIUCxfgq3vkGZD/2BQw+TV6+lOf+SvJrb8omrgZzK+IXmh5Fg2OLSlCW4jjjdm,2.482087,3.204411,4.2885480000000005,0,2591700,15.735572,Interactive,1,1.75
343200,ZXTIUCxfgq3vkGZD/2BQw+TV6+lOf+SvJrb8omrgZzK+IXmh5Fg2OLSlCW4jjjdm,2.552864,3.219578,4.456366,0,2591700,15.735572,Interactive,1,1.75
343500,ZXTIUCxfgq3vkGZD/2BQw+TV6+lOf+SvJrb8omrgZzK+IXmh5Fg2OLSlCW4jjjdm,2.425139,3.533517,6.605795,0,2591700,15.735572,Interactive,1,1.75
343800,ZXTIUCxfgq3vkGZD/2BQw+TV6+lOf+SvJrb8omrgZzK+IXmh5Fg2OLSlCW4jjjdm,2.576274,2.990657,3.774378,0,2591700,15.735572,Interactive,1,1.75
344100,ZXTIUCxfgq3vkGZD/2BQw+TV6+lOf+SvJrb8omrgZzK+IXmh5Fg2OLSlCW4jjjdm,2.472472,3.262346,4.752353,0,2591700,15.735572,Interactive,1,1.75
344400,ZXTIUCxfgq3vkGZD/2BQw+TV6+lOf+SvJrb8omrgZzK+IXmh5Fg2OLSlCW4jjjdm,2.42645,3.239269,6.170118,0,2591700,15.735572,Interactive,1,1.75
344700,ZXTIUCxfgq3vkGZD/2BQw+TV6+lOf+SvJrb8omrgZzK+IXmh5Fg2OLSlCW4jjjdm,2.4765650000000003,3.1188580000000004,4.151581,0,2591700,15.735572,Interactive,1,1.75
345000,ZXTIUCxfgq3vkGZD/2BQw+TV6+lOf+SvJrb8omrgZzK+IXmh5Fg2OLSlCW4jjjdm,2.5802110000000003,3.162809,4.412626,0,2591700,15.735572,Interactive,1,1.75
345300,ZXTIUCxfgq3vkGZD/2BQw+TV6+lOf+SvJrb8omrgZzK+IXmh5Fg2OLSlCW4jjjdm,2.637066,3.648957,6.40861,0,2591700,15.735572,Interactive,1,1.75
345600,ZXTIUCxfgq3vkGZD/2BQw+TV6+lOf+SvJrb8omrgZzK+IXmh5Fg2OLSlCW4jjjdm,2.564244,3.104203,4.019588,0,2591700,15.735572,Interactive,1,1.75
345900,ZXTIUCxfgq3vkGZD/2BQw+TV6+lOf+SvJrb8omrgZzK+IXmh5Fg2OLSlCW4jjjdm,2.256919,3.19247,4.331739,0,2591700,15.735572,Interactive,1,1.75
346200,ZXTIUCxfgq3vkGZD/2BQw+TV6+lOf+SvJrb8omrgZzK+IXmh5Fg2OLSlCW4jjjdm,2.488347,3.275571,6.070812,0,2591700,15.735572,Interactive,1,1.75
346500,ZXTIUCxfgq3vkGZD/2BQw+TV6+lOf+SvJrb8omrgZzK+IXmh5Fg2OLSlCW4jjjdm,2.660953,3.241351,4.219889,0,2591700,15.735572,Interactive,1,1.75
346800,ZXTIUCxfgq3vkGZD/2BQw+TV6+lOf+SvJrb8omrgZzK+IXmh5Fg2OLSlCW4jjjdm,2.631326,3.133475,4.1619470000000005,0,2591700,15.735572,Interactive,1,1.75
347100,ZXTIUCxfgq3vkGZD/2BQw+TV6+lOf+SvJrb8omrgZzK+IXmh5Fg2OLSlCW4jjjdm,2.490861,3.73425,6.56847,0,2591700,15.735572,Interactive,1,1.75
347400,ZXTIUCxfgq3vkGZD/2BQw+TV6+lOf+SvJrb8omrgZzK+IXmh5Fg2OLSlCW4jjjdm,2.514694,3.054306,4.063423,0,2591700,15.735572,Interactive,1,1.75
347700,ZXTIUCxfgq3vkGZD/2BQw+TV6+lOf+SvJrb8omrgZzK+IXmh5Fg2OLSlCW4jjjdm,2.386389,3.157475,4.697549,0,2591700,15.735572,Interactive,1,1.75
348000,ZXTIUCxfgq3vkGZD/2BQw+TV6+lOf+SvJrb8omrgZzK+IXmh5Fg2OLSlCW4jjjdm,2.068289,3.194187,5.173630999999999,0,2591700,15.735572,Interactive,1,1.75
348300,ZXTIUCxfgq3vkGZD/2BQw+TV6+lOf+SvJrb8omrgZzK+IXmh5Fg2OLSlCW4jjjdm,2.446308,3.317304,4.136409,0,2591700,15.735572,Interactive,1,1.75
348600,ZXTIUCxfgq3vkGZD/2BQw+TV6+lOf+SvJrb8omrgZzK+IXmh5Fg2OLSlCW4jjjdm,2.599822,3.192029,4.454379,0,2591700,15.735572,Interactive,1,1.75
348900,ZXTIUCxfgq3vkGZD/2BQw+TV6+lOf+SvJrb8omrgZzK+IXmh5Fg2OLSlCW4jjjdm,2.630672,3.560221,5.496226,0,2591700,15.735572,Interactive,1,1.75
349200,ZXTIUCxfgq3vkGZD/2BQw+TV6+lOf+SvJrb8omrgZzK+IXmh5Fg2OLSlCW4jjjdm,2.60009,3.216419,4.068701,0,2591700,15.735572,Interactive,1,1.75
349500,ZXTIUCxfgq3vkGZD/2BQw+TV6+lOf+SvJrb8omrgZzK+IXmh5Fg2OLSlCW4jjjdm,2.627493,3.2576810000000003,4.906342,0,2591700,15.735572,Interactive,1,1.75
349800,ZXTIUCxfgq3vkGZD/2BQw+TV6+lOf+SvJrb8omrgZzK+IXmh5Fg2OLSlCW4jjjdm,2.499084,3.223249,5.3454440000000005,0,2591700,15.735572,Interactive,1,1.75
350100,ZXTIUCxfgq3vkGZD/2BQw+TV6+lOf+SvJrb8omrgZzK+IXmh5Fg2OLSlCW4jjjdm,2.630636,3.282047,4.315864,0,2591700,15.735572,Interactive,1,1.75
350400,ZXTIUCxfgq3vkGZD/2BQw+TV6+lOf+SvJrb8omrgZzK+IXmh5Fg2OLSlCW4jjjdm,1.971696,3.05278,4.16102,0,2591700,15.735572,Interactive,1,1.75
350700,ZXTIUCxfgq3vkGZD/2BQw+TV6+lOf+SvJrb8omrgZzK+IXmh5Fg2OLSlCW4jjjdm,2.6707,3.466644,5.357968,0,2591700,15.735572,Interactive,1,1.75
351000,ZXTIUCxfgq3vkGZD/2BQw+TV6+lOf+SvJrb8omrgZzK+IXmh5Fg2OLSlCW4jjjdm,2.562294,3.197477,4.183876000000001,0,2591700,15.735572,Interactive,1,1.75
351300,ZXTIUCxfgq3vkGZD/2BQw+TV6+lOf+SvJrb8omrgZzK+IXmh5Fg2OLSlCW4jjjdm,2.605253,3.3074480000000004,4.68157,0,2591700,15.735572,Interactive,1,1.75
351600,ZXTIUCxfgq3vkGZD/2BQw+TV6+lOf+SvJrb8omrgZzK+IXmh5Fg2OLSlCW4jjjdm,2.540906,3.269019,5.036409,0,2591700,15.735572,Interactive,1,1.75
351900,ZXTIUCxfgq3vkGZD/2BQw+TV6+lOf+SvJrb8omrgZzK+IXmh5Fg2OLSlCW4jjjdm,2.405415,3.40101,4.469409,0,2591700,15.735572,Interactive,1,1.75
352200,ZXTIUCxfgq3vkGZD/2BQw+TV6+lOf+SvJrb8omrgZzK+IXmh5Fg2OLSlCW4jjjdm,2.568147,3.23529,4.523177,0,2591700,15.735572,Interactive,1,1.75
352500,ZXTIUCxfgq3vkGZD/2BQw+TV6+lOf+SvJrb8omrgZzK+IXmh5Fg2OLSlCW4jjjdm,2.483721,3.3952940000000003,5.181706,0,2591700,15.735572,Interactive,1,1.75
352800,ZXTIUCxfgq3vkGZD/2BQw+TV6+lOf+SvJrb8omrgZzK+IXmh5Fg2OLSlCW4jjjdm,2.510279,3.175379,4.1140620000000006,0,2591700,15.735572,Interactive,1,1.75
353100,ZXTIUCxfgq3vkGZD/2BQw+TV6+lOf+SvJrb8omrgZzK+IXmh5Fg2OLSlCW4jjjdm,2.551713,3.257543,4.452482,0,2591700,15.735572,Interactive,1,1.75
353400,ZXTIUCxfgq3vkGZD/2BQw+TV6+lOf+SvJrb8omrgZzK+IXmh5Fg2OLSlCW4jjjdm,2.545334,3.217651,5.112268,0,2591700,15.735572,Interactive,1,1.75
353700,ZXTIUCxfgq3vkGZD/2BQw+TV6+lOf+SvJrb8omrgZzK+IXmh5Fg2OLSlCW4jjjdm,2.410607,3.316324,4.470752,0,2591700,15.735572,Interactive,1,1.75
354000,ZXTIUCxfgq3vkGZD/2BQw+TV6+lOf+SvJrb8omrgZzK+IXmh5Fg2OLSlCW4jjjdm,2.440432,3.060132,4.218328,0,2591700,15.735572,Interactive,1,1.75
354300,ZXTIUCxfgq3vkGZD/2BQw+TV6+lOf+SvJrb8omrgZzK+IXmh5Fg2OLSlCW4jjjdm,2.512218,3.382484,5.470316,0,2591700,15.735572,Interactive,1,1.75
354600,ZXTIUCxfgq3vkGZD/2BQw+TV6+lOf+SvJrb8omrgZzK+IXmh5Fg2OLSlCW4jjjdm,2.571299,3.228534,4.21336,0,2591700,15.735572,Interactive,1,1.75
354900,ZXTIUCxfgq3vkGZD/2BQw+TV6+lOf+SvJrb8omrgZzK+IXmh5Fg2OLSlCW4jjjdm,2.646596,3.3247150000000003,4.54089,0,2591700,15.735572,Interactive,1,1.75
355200,ZXTIUCxfgq3vkGZD/2BQw+TV6+lOf+SvJrb8omrgZzK+IXmh5Fg2OLSlCW4jjjdm,2.613515,4.693825,17.859946,0,2591700,15.735572,Interactive,1,1.75
355500,ZXTIUCxfgq3vkGZD/2BQw+TV6+lOf+SvJrb8omrgZzK+IXmh5Fg2OLSlCW4jjjdm,2.543513,3.330793,4.177537,0,2591700,15.735572,Interactive,1,1.75
355800,ZXTIUCxfgq3vkGZD/2BQw+TV6+lOf+SvJrb8omrgZzK+IXmh5Fg2OLSlCW4jjjdm,2.593911,3.382338,4.78966,0,2591700,15.735572,Interactive,1,1.75
356100,ZXTIUCxfgq3vkGZD/2BQw+TV6+lOf+SvJrb8omrgZzK+IXmh5Fg2OLSlCW4jjjdm,2.428027,3.5005230000000003,5.261722,0,2591700,15.735572,Interactive,1,1.75
356400,ZXTIUCxfgq3vkGZD/2BQw+TV6+lOf+SvJrb8omrgZzK+IXmh5Fg2OLSlCW4jjjdm,2.668503,3.22298,4.105889,0,2591700,15.735572,Interactive,1,1.75
356700,ZXTIUCxfgq3vkGZD/2BQw+TV6+lOf+SvJrb8omrgZzK+IXmh5Fg2OLSlCW4jjjdm,2.606057,3.267685,4.323478,0,2591700,15.735572,Interactive,1,1.75
357000,ZXTIUCxfgq3vkGZD/2BQw+TV6+lOf+SvJrb8omrgZzK+IXmh5Fg2OLSlCW4jjjdm,2.540119,3.1900880000000003,5.042915,0,2591700,15.735572,Interactive,1,1.75
357300,ZXTIUCxfgq3vkGZD/2BQw+TV6+lOf+SvJrb8omrgZzK+IXmh5Fg2OLSlCW4jjjdm,2.58395,3.464238,5.020715,0,2591700,15.735572,Interactive,1,1.75
357600,ZXTIUCxfgq3vkGZD/2BQw+TV6+lOf+SvJrb8omrgZzK+IXmh5Fg2OLSlCW4jjjdm,2.494267,3.111806,4.305708999999999,0,2591700,15.735572,Interactive,1,1.75
357900,ZXTIUCxfgq3vkGZD/2BQw+TV6+lOf+SvJrb8omrgZzK+IXmh5Fg2OLSlCW4jjjdm,2.631054,3.928175,9.982722,0,2591700,15.735572,Interactive,1,1.75
358200,ZXTIUCxfgq3vkGZD/2BQw+TV6+lOf+SvJrb8omrgZzK+IXmh5Fg2OLSlCW4jjjdm,2.52933,3.199872,4.0365400000000005,0,2591700,15.735572,Interactive,1,1.75
358500,ZXTIUCxfgq3vkGZD/2BQw+TV6+lOf+SvJrb8omrgZzK+IXmh5Fg2OLSlCW4jjjdm,2.553126,3.300914,4.469651,0,2591700,15.735572,Interactive,1,1.75
358800,ZXTIUCxfgq3vkGZD/2BQw+TV6+lOf+SvJrb8omrgZzK+IXmh5Fg2OLSlCW4jjjdm,2.0316,3.12082,5.031748,0,2591700,15.735572,Interactive,1,1.75
359100,ZXTIUCxfgq3vkGZD/2BQw+TV6+lOf+SvJrb8omrgZzK+IXmh5Fg2OLSlCW4jjjdm,2.628289,3.2378400000000003,4.166862,0,2591700,15.735572,Interactive,1,1.75
359400,ZXTIUCxfgq3vkGZD/2BQw+TV6+lOf+SvJrb8omrgZzK+IXmh5Fg2OLSlCW4jjjdm,1.753084,2.935026,4.343255,0,2591700,15.735572,Interactive,1,1.75
359700,ZXTIUCxfgq3vkGZD/2BQw+TV6+lOf+SvJrb8omrgZzK+IXmh5Fg2OLSlCW4jjjdm,2.651128,3.5233769999999995,5.352286,0,2591700,15.735572,Interactive,1,1.75
360000,ZXTIUCxfgq3vkGZD/2BQw+TV6+lOf+SvJrb8omrgZzK+IXmh5Fg2OLSlCW4jjjdm,2.1441,3.229371,4.423973,0,2591700,15.735572,Interactive,1,1.75
360300,ZXTIUCxfgq3vkGZD/2BQw+TV6+lOf+SvJrb8omrgZzK+IXmh5Fg2OLSlCW4jjjdm,2.463622,3.123839,5.432186,0,2591700,15.735572,Interactive,1,1.75
360600,ZXTIUCxfgq3vkGZD/2BQw+TV6+lOf+SvJrb8omrgZzK+IXmh5Fg2OLSlCW4jjjdm,2.661289,4.155623,10.196761,0,2591700,15.735572,Interactive,1,1.75
360900,ZXTIUCxfgq3vkGZD/2BQw+TV6+lOf+SvJrb8omrgZzK+IXmh5Fg2OLSlCW4jjjdm,2.469933,3.250201,4.5711260000000005,0,2591700,15.735572,Interactive,1,1.75
361200,ZXTIUCxfgq3vkGZD/2BQw+TV6+lOf+SvJrb8omrgZzK+IXmh5Fg2OLSlCW4jjjdm,1.830144,2.982395,5.462413,0,2591700,15.735572,Interactive,1,1.75
361500,ZXTIUCxfgq3vkGZD/2BQw+TV6+lOf+SvJrb8omrgZzK+IXmh5Fg2OLSlCW4jjjdm,1.899292,3.461723,5.55505,0,2591700,15.735572,Interactive,1,1.75
361800,ZXTIUCxfgq3vkGZD/2BQw+TV6+lOf+SvJrb8omrgZzK+IXmh5Fg2OLSlCW4jjjdm,2.513834,3.3163720000000003,4.69664,0,2591700,15.735572,Interactive,1,1.75
362100,ZXTIUCxfgq3vkGZD/2BQw+TV6+lOf+SvJrb8omrgZzK+IXmh5Fg2OLSlCW4jjjdm,2.648516,4.93089,17.977613,0,2591700,15.735572,Interactive,1,1.75
362400,ZXTIUCxfgq3vkGZD/2BQw+TV6+lOf+SvJrb8omrgZzK+IXmh5Fg2OLSlCW4jjjdm,3.185544,4.848751,8.600284,0,2591700,15.735572,Interactive,1,1.75
362700,ZXTIUCxfgq3vkGZD/2BQw+TV6+lOf+SvJrb8omrgZzK+IXmh5Fg2OLSlCW4jjjdm,3.702189,4.678736,6.207762000000001,0,2591700,15.735572,Interactive,1,1.75
363000,ZXTIUCxfgq3vkGZD/2BQw+TV6+lOf+SvJrb8omrgZzK+IXmh5Fg2OLSlCW4jjjdm,3.4522730000000004,4.113961,6.445275,0,2591700,15.735572,Interactive,1,1.75
363300,ZXTIUCxfgq3vkGZD/2BQw+TV6+lOf+SvJrb8omrgZzK+IXmh5Fg2OLSlCW4jjjdm,3.661082,4.997058999999999,7.724439,0,2591700,15.735572,Interactive,1,1.75
363600,ZXTIUCxfgq3vkGZD/2BQw+TV6+lOf+SvJrb8omrgZzK+IXmh5Fg2OLSlCW4jjjdm,3.516899,4.160279,5.296513,0,2591700,15.735572,Interactive,1,1.75
363900,ZXTIUCxfgq3vkGZD/2BQw+TV6+lOf+SvJrb8omrgZzK+IXmh5Fg2OLSlCW4jjjdm,3.078401,4.060828,6.271448,0,2591700,15.735572,Interactive,1,1.75
364200,ZXTIUCxfgq3vkGZD/2BQw+TV6+lOf+SvJrb8omrgZzK+IXmh5Fg2OLSlCW4jjjdm,3.3789870000000004,4.466995,6.206006,0,2591700,15.735572,Interactive,1,1.75
364500,ZXTIUCxfgq3vkGZD/2BQw+TV6+lOf+SvJrb8omrgZzK+IXmh5Fg2OLSlCW4jjjdm,3.642,4.262622,5.279189,0,2591700,15.735572,Interactive,1,1.75
364800,ZXTIUCxfgq3vkGZD/2BQw+TV6+lOf+SvJrb8omrgZzK+IXmh5Fg2OLSlCW4jjjdm,2.908906,3.960479,6.317524,0,2591700,15.735572,Interactive,1,1.75
365100,ZXTIUCxfgq3vkGZD/2BQw+TV6+lOf+SvJrb8omrgZzK+IXmh5Fg2OLSlCW4jjjdm,3.568156,4.521408,6.135064,0,2591700,15.735572,Interactive,1,1.75
365400,ZXTIUCxfgq3vkGZD/2BQw+TV6+lOf+SvJrb8omrgZzK+IXmh5Fg2OLSlCW4jjjdm,3.090128,4.038094999999999,5.006336,0,2591700,15.735572,Interactive,1,1.75
365700,ZXTIUCxfgq3vkGZD/2BQw+TV6+lOf+SvJrb8omrgZzK+IXmh5Fg2OLSlCW4jjjdm,3.3997839999999995,4.163039,6.472572,0,2591700,15.735572,Interactive,1,1.75
366000,ZXTIUCxfgq3vkGZD/2BQw+TV6+lOf+SvJrb8omrgZzK+IXmh5Fg2OLSlCW4jjjdm,3.783704,4.495147,5.958242,0,2591700,15.735572,Interactive,1,1.75
366300,ZXTIUCxfgq3vkGZD/2BQw+TV6+lOf+SvJrb8omrgZzK+IXmh5Fg2OLSlCW4jjjdm,3.526089,4.313633,5.588058999999999,0,2591700,15.735572,Interactive,1,1.75
366600,ZXTIUCxfgq3vkGZD/2BQw+TV6+lOf+SvJrb8omrgZzK+IXmh5Fg2OLSlCW4jjjdm,3.2962620000000005,3.956409,6.263682,0,2591700,15.735572,Interactive,1,1.75
366900,ZXTIUCxfgq3vkGZD/2BQw+TV6+lOf+SvJrb8omrgZzK+IXmh5Fg2OLSlCW4jjjdm,3.129536,4.631813,6.3369,0,2591700,15.735572,Interactive,1,1.75
367200,ZXTIUCxfgq3vkGZD/2BQw+TV6+lOf+SvJrb8omrgZzK+IXmh5Fg2OLSlCW4jjjdm,3.471978,4.153304,5.381446,0,2591700,15.735572,Interactive,1,1.75
367500,ZXTIUCxfgq3vkGZD/2BQw+TV6+lOf+SvJrb8omrgZzK+IXmh5Fg2OLSlCW4jjjdm,2.88206,9.747336,31.462058000000003,0,2591700,15.735572,Interactive,1,1.75
367800,ZXTIUCxfgq3vkGZD/2BQw+TV6+lOf+SvJrb8omrgZzK+IXmh5Fg2OLSlCW4jjjdm,3.588339,4.492243,5.974217,0,2591700,15.735572,Interactive,1,1.75
368100,ZXTIUCxfgq3vkGZD/2BQw+TV6+lOf+SvJrb8omrgZzK+IXmh5Fg2OLSlCW4jjjdm,3.754935,4.45632,5.272397,0,2591700,15.735572,Interactive,1,1.75
368400,ZXTIUCxfgq3vkGZD/2BQw+TV6+lOf+SvJrb8omrgZzK+IXmh5Fg2OLSlCW4jjjdm,3.363385,4.050895,6.428891999999999,0,2591700,15.735572,Interactive,1,1.75
368700,ZXTIUCxfgq3vkGZD/2BQw+TV6+lOf+SvJrb8omrgZzK+IXmh5Fg2OLSlCW4jjjdm,3.387824,4.448148000000001,6.213605,0,2591700,15.735572,Interactive,1,1.75
369000,ZXTIUCxfgq3vkGZD/2BQw+TV6+lOf+SvJrb8omrgZzK+IXmh5Fg2OLSlCW4jjjdm,3.586637,4.1645330000000005,5.046954,0,2591700,15.735572,Interactive,1,1.75
369300,ZXTIUCxfgq3vkGZD/2BQw+TV6+lOf+SvJrb8omrgZzK+IXmh5Fg2OLSlCW4jjjdm,3.288611,4.047553,6.162768,0,2591700,15.735572,Interactive,1,1.75
369600,ZXTIUCxfgq3vkGZD/2BQw+TV6+lOf+SvJrb8omrgZzK+IXmh5Fg2OLSlCW4jjjdm,3.450434,4.511407,6.406187999999999,0,2591700,15.735572,Interactive,1,1.75
369900,ZXTIUCxfgq3vkGZD/2BQw+TV6+lOf+SvJrb8omrgZzK+IXmh5Fg2OLSlCW4jjjdm,3.820331,4.313123,5.1287,0,2591700,15.735572,Interactive,1,1.75
370200,ZXTIUCxfgq3vkGZD/2BQw+TV6+lOf+SvJrb8omrgZzK+IXmh5Fg2OLSlCW4jjjdm,2.821707,3.969492,5.897499,0,2591700,15.735572,Interactive,1,1.75
370500,ZXTIUCxfgq3vkGZD/2BQw+TV6+lOf+SvJrb8omrgZzK+IXmh5Fg2OLSlCW4jjjdm,3.433742,4.669485,6.1554,0,2591700,15.735572,Interactive,1,1.75
370800,ZXTIUCxfgq3vkGZD/2BQw+TV6+lOf+SvJrb8omrgZzK+IXmh5Fg2OLSlCW4jjjdm,3.150368,4.130397,5.040689,0,2591700,15.735572,Interactive,1,1.75
371100,ZXTIUCxfgq3vkGZD/2BQw+TV6+lOf+SvJrb8omrgZzK+IXmh5Fg2OLSlCW4jjjdm,3.358105,4.045432,4.991383,0,2591700,15.735572,Interactive,1,1.75
371400,ZXTIUCxfgq3vkGZD/2BQw+TV6+lOf+SvJrb8omrgZzK+IXmh5Fg2OLSlCW4jjjdm,3.495668,4.489145,5.812329,0,2591700,15.735572,Interactive,1,1.75
371700,ZXTIUCxfgq3vkGZD/2BQw+TV6+lOf+SvJrb8omrgZzK+IXmh5Fg2OLSlCW4jjjdm,3.642149,4.277283000000001,5.659559,0,2591700,15.735572,Interactive,1,1.75
372000,ZXTIUCxfgq3vkGZD/2BQw+TV6+lOf+SvJrb8omrgZzK+IXmh5Fg2OLSlCW4jjjdm,2.562235,12.430575,36.577604,0,2591700,15.735572,Interactive,1,1.75
372300,ZXTIUCxfgq3vkGZD/2BQw+TV6+lOf+SvJrb8omrgZzK+IXmh5Fg2OLSlCW4jjjdm,3.759734,8.884005,17.326539,0,2591700,15.735572,Interactive,1,1.75
372600,ZXTIUCxfgq3vkGZD/2BQw+TV6+lOf+SvJrb8omrgZzK+IXmh5Fg2OLSlCW4jjjdm,4.09241,9.571881,17.21996,0,2591700,15.735572,Interactive,1,1.75
372900,ZXTIUCxfgq3vkGZD/2BQw+TV6+lOf+SvJrb8omrgZzK+IXmh5Fg2OLSlCW4jjjdm,3.778707,9.334408,16.374226999999998,0,2591700,15.735572,Interactive,1,1.75
373200,ZXTIUCxfgq3vkGZD/2BQw+TV6+lOf+SvJrb8omrgZzK+IXmh5Fg2OLSlCW4jjjdm,3.732685,8.541899,17.420312,0,2591700,15.735572,Interactive,1,1.75
373500,ZXTIUCxfgq3vkGZD/2BQw+TV6+lOf+SvJrb8omrgZzK+IXmh5Fg2OLSlCW4jjjdm,2.943352,4.280177,5.998164,0,2591700,15.735572,Interactive,1,1.75
373800,ZXTIUCxfgq3vkGZD/2BQw+TV6+lOf+SvJrb8omrgZzK+IXmh5Fg2OLSlCW4jjjdm,3.71202,4.2377400000000005,5.358875,0,2591700,15.735572,Interactive,1,1.75
374100,ZXTIUCxfgq3vkGZD/2BQw+TV6+lOf+SvJrb8omrgZzK+IXmh5Fg2OLSlCW4jjjdm,2.877896,4.561418,6.670700999999999,0,2591700,15.735572,Interactive,1,1.75
374400,ZXTIUCxfgq3vkGZD/2BQw+TV6+lOf+SvJrb8omrgZzK+IXmh5Fg2OLSlCW4jjjdm,3.551728,4.318083000000001,5.58326,0,2591700,15.735572,Interactive,1,1.75
374700,ZXTIUCxfgq3vkGZD/2BQw+TV6+lOf+SvJrb8omrgZzK+IXmh5Fg2OLSlCW4jjjdm,2.751971,4.082488,5.392825,0,2591700,15.735572,Interactive,1,1.75
375000,ZXTIUCxfgq3vkGZD/2BQw+TV6+lOf+SvJrb8omrgZzK+IXmh5Fg2OLSlCW4jjjdm,2.745585,4.429396,6.078217,0,2591700,15.735572,Interactive,1,1.75
375300,ZXTIUCxfgq3vkGZD/2BQw+TV6+lOf+SvJrb8omrgZzK+IXmh5Fg2OLSlCW4jjjdm,3.551337,4.412965,6.222269,0,2591700,15.735572,Interactive,1,1.75
375600,ZXTIUCxfgq3vkGZD/2BQw+TV6+lOf+SvJrb8omrgZzK+IXmh5Fg2OLSlCW4jjjdm,2.99096,4.1300300000000005,5.387209,0,2591700,15.735572,Interactive,1,1.75
375900,ZXTIUCxfgq3vkGZD/2BQw+TV6+lOf+SvJrb8omrgZzK+IXmh5Fg2OLSlCW4jjjdm,3.5209269999999995,4.593666000000001,6.351762,0,2591700,15.735572,Interactive,1,1.75
376200,ZXTIUCxfgq3vkGZD/2BQw+TV6+lOf+SvJrb8omrgZzK+IXmh5Fg2OLSlCW4jjjdm,3.26108,4.204791999999999,5.5464400000000005,0,2591700,15.735572,Interactive,1,1.75
376500,ZXTIUCxfgq3vkGZD/2BQw+TV6+lOf+SvJrb8omrgZzK+IXmh5Fg2OLSlCW4jjjdm,3.5224910000000005,4.202463,5.210737,0,2591700,15.735572,Interactive,1,1.75
376800,ZXTIUCxfgq3vkGZD/2BQw+TV6+lOf+SvJrb8omrgZzK+IXmh5Fg2OLSlCW4jjjdm,3.042369,4.377353,6.025207,0,2591700,15.735572,Interactive,1,1.75
377100,ZXTIUCxfgq3vkGZD/2BQw+TV6+lOf+SvJrb8omrgZzK+IXmh5Fg2OLSlCW4jjjdm,3.639954,4.353358,6.270166000000001,0,2591700,15.735572,Interactive,1,1.75
377400,ZXTIUCxfgq3vkGZD/2BQw+TV6+lOf+SvJrb8omrgZzK+IXmh5Fg2OLSlCW4jjjdm,2.881045,4.004271,5.281335,0,2591700,15.735572,Interactive,1,1.75
377700,ZXTIUCxfgq3vkGZD/2BQw+TV6+lOf+SvJrb8omrgZzK+IXmh5Fg2OLSlCW4jjjdm,2.515631,4.580019,6.69371,0,2591700,15.735572,Interactive,1,1.75
378000,ZXTIUCxfgq3vkGZD/2BQw+TV6+lOf+SvJrb8omrgZzK+IXmh5Fg2OLSlCW4jjjdm,3.443317,4.23971,5.759969,0,2591700,15.735572,Interactive,1,1.75
378300,ZXTIUCxfgq3vkGZD/2BQw+TV6+lOf+SvJrb8omrgZzK+IXmh5Fg2OLSlCW4jjjdm,2.701769,4.071566000000001,5.253997,0,2591700,15.735572,Interactive,1,1.75
378600,ZXTIUCxfgq3vkGZD/2BQw+TV6+lOf+SvJrb8omrgZzK+IXmh5Fg2OLSlCW4jjjdm,3.46481,4.534091,5.915814,0,2591700,15.735572,Interactive,1,1.75
378900,ZXTIUCxfgq3vkGZD/2BQw+TV6+lOf+SvJrb8omrgZzK+IXmh5Fg2OLSlCW4jjjdm,3.620319,4.379549,6.328973,0,2591700,15.735572,Interactive,1,1.75
379200,ZXTIUCxfgq3vkGZD/2BQw+TV6+lOf+SvJrb8omrgZzK+IXmh5Fg2OLSlCW4jjjdm,3.289178,4.067065,5.045323000000001,0,2591700,15.735572,Interactive,1,1.75
379500,ZXTIUCxfgq3vkGZD/2BQw+TV6+lOf+SvJrb8omrgZzK+IXmh5Fg2OLSlCW4jjjdm,3.483976,4.422648000000001,6.501448,0,2591700,15.735572,Interactive,1,1.75
379800,ZXTIUCxfgq3vkGZD/2BQw+TV6+lOf+SvJrb8omrgZzK+IXmh5Fg2OLSlCW4jjjdm,3.433209,4.230901,5.874358,0,2591700,15.735572,Interactive,1,1.75
380100,ZXTIUCxfgq3vkGZD/2BQw+TV6+lOf+SvJrb8omrgZzK+IXmh5Fg2OLSlCW4jjjdm,3.523973,4.746652,10.063548,0,2591700,15.735572,Interactive,1,1.75
380400,ZXTIUCxfgq3vkGZD/2BQw+TV6+lOf+SvJrb8omrgZzK+IXmh5Fg2OLSlCW4jjjdm,3.546317,4.724918,5.950545,0,2591700,15.735572,Interactive,1,1.75
380700,ZXTIUCxfgq3vkGZD/2BQw+TV6+lOf+SvJrb8omrgZzK+IXmh5Fg2OLSlCW4jjjdm,3.628004,4.383767,6.178684,0,2591700,15.735572,Interactive,1,1.75
381000,ZXTIUCxfgq3vkGZD/2BQw+TV6+lOf+SvJrb8omrgZzK+IXmh5Fg2OLSlCW4jjjdm,2.590967,4.001291999999999,5.17941,0,2591700,15.735572,Interactive,1,1.75
381300,ZXTIUCxfgq3vkGZD/2BQw+TV6+lOf+SvJrb8omrgZzK+IXmh5Fg2OLSlCW4jjjdm,3.503886,5.058637,7.263352,0,2591700,15.735572,Interactive,1,1.75
381600,ZXTIUCxfgq3vkGZD/2BQw+TV6+lOf+SvJrb8omrgZzK+IXmh5Fg2OLSlCW4jjjdm,2.76202,4.312082,5.978889,0,2591700,15.735572,Interactive,1,1.75
381900,ZXTIUCxfgq3vkGZD/2BQw+TV6+lOf+SvJrb8omrgZzK+IXmh5Fg2OLSlCW4jjjdm,3.581675,4.265527,5.173851,0,2591700,15.735572,Interactive,1,1.75
382200,ZXTIUCxfgq3vkGZD/2BQw+TV6+lOf+SvJrb8omrgZzK+IXmh5Fg2OLSlCW4jjjdm,3.749266,4.7763800000000005,7.962077000000001,0,2591700,15.735572,Interactive,1,1.75
382500,ZXTIUCxfgq3vkGZD/2BQw+TV6+lOf+SvJrb8omrgZzK+IXmh5Fg2OLSlCW4jjjdm,3.562069,4.379181,6.513432,0,2591700,15.735572,Interactive,1,1.75
382800,ZXTIUCxfgq3vkGZD/2BQw+TV6+lOf+SvJrb8omrgZzK+IXmh5Fg2OLSlCW4jjjdm,3.174575,4.193013,5.003918,0,2591700,15.735572,Interactive,1,1.75
383100,ZXTIUCxfgq3vkGZD/2BQw+TV6+lOf+SvJrb8omrgZzK+IXmh5Fg2OLSlCW4jjjdm,3.510609,4.705321,6.644221000000001,0,2591700,15.735572,Interactive,1,1.75
383400,ZXTIUCxfgq3vkGZD/2BQw+TV6+lOf+SvJrb8omrgZzK+IXmh5Fg2OLSlCW4jjjdm,2.7720580000000004,4.054533,6.093675,0,2591700,15.735572,Interactive,1,1.75
383700,ZXTIUCxfgq3vkGZD/2BQw+TV6+lOf+SvJrb8omrgZzK+IXmh5Fg2OLSlCW4jjjdm,3.6668,4.363944999999999,5.122698000000001,0,2591700,15.735572,Interactive,1,1.75
384000,ZXTIUCxfgq3vkGZD/2BQw+TV6+lOf+SvJrb8omrgZzK+IXmh5Fg2OLSlCW4jjjdm,3.654516000000001,4.660682,6.322302,0,2591700,15.735572,Interactive,1,1.75
384300,ZXTIUCxfgq3vkGZD/2BQw+TV6+lOf+SvJrb8omrgZzK+IXmh5Fg2OLSlCW4jjjdm,3.198855,4.224032,6.428267,0,2591700,15.735572,Interactive,1,1.75
384600,ZXTIUCxfgq3vkGZD/2BQw+TV6+lOf+SvJrb8omrgZzK+IXmh5Fg2OLSlCW4jjjdm,3.520306,4.238339,5.098616000000001,0,2591700,15.735572,Interactive,1,1.75
384900,ZXTIUCxfgq3vkGZD/2BQw+TV6+lOf+SvJrb8omrgZzK+IXmh5Fg2OLSlCW4jjjdm,3.493304,4.9748660000000005,8.433653999999999,0,2591700,15.735572,Interactive,1,1.75
385200,ZXTIUCxfgq3vkGZD/2BQw+TV6+lOf+SvJrb8omrgZzK+IXmh5Fg2OLSlCW4jjjdm,3.619035,4.197776,6.304047,0,2591700,15.735572,Interactive,1,1.75
385500,ZXTIUCxfgq3vkGZD/2BQw+TV6+lOf+SvJrb8omrgZzK+IXmh5Fg2OLSlCW4jjjdm,2.763075,4.210566,5.315696,0,2591700,15.735572,Interactive,1,1.75
385800,ZXTIUCxfgq3vkGZD/2BQw+TV6+lOf+SvJrb8omrgZzK+IXmh5Fg2OLSlCW4jjjdm,3.713855,4.576661,6.179986,0,2591700,15.735572,Interactive,1,1.75
386100,ZXTIUCxfgq3vkGZD/2BQw+TV6+lOf+SvJrb8omrgZzK+IXmh5Fg2OLSlCW4jjjdm,3.069551,4.15128,6.21609,0,2591700,15.735572,Interactive,1,1.75
386400,ZXTIUCxfgq3vkGZD/2BQw+TV6+lOf+SvJrb8omrgZzK+IXmh5Fg2OLSlCW4jjjdm,2.619882,4.177995,5.27415,0,2591700,15.735572,Interactive,1,1.75
386700,ZXTIUCxfgq3vkGZD/2BQw+TV6+lOf+SvJrb8omrgZzK+IXmh5Fg2OLSlCW4jjjdm,3.565055,4.697243,6.094487,0,2591700,15.735572,Interactive,1,1.75
387000,ZXTIUCxfgq3vkGZD/2BQw+TV6+lOf+SvJrb8omrgZzK+IXmh5Fg2OLSlCW4jjjdm,3.168425,4.228968,6.513701999999999,0,2591700,15.735572,Interactive,1,1.75
387300,ZXTIUCxfgq3vkGZD/2BQw+TV6+lOf+SvJrb8omrgZzK+IXmh5Fg2OLSlCW4jjjdm,3.601063,4.32471,5.261869,0,2591700,15.735572,Interactive,1,1.75
387600,ZXTIUCxfgq3vkGZD/2BQw+TV6+lOf+SvJrb8omrgZzK+IXmh5Fg2OLSlCW4jjjdm,3.290885,4.792942,8.95607,0,2591700,15.735572,Interactive,1,1.75
387900,ZXTIUCxfgq3vkGZD/2BQw+TV6+lOf+SvJrb8omrgZzK+IXmh5Fg2OLSlCW4jjjdm,3.472517,4.139551,6.30893,0,2591700,15.735572,Interactive,1,1.75
388200,ZXTIUCxfgq3vkGZD/2BQw+TV6+lOf+SvJrb8omrgZzK+IXmh5Fg2OLSlCW4jjjdm,2.526345,4.182445,5.366306,0,2591700,15.735572,Interactive,1,1.75
388500,ZXTIUCxfgq3vkGZD/2BQw+TV6+lOf+SvJrb8omrgZzK+IXmh5Fg2OLSlCW4jjjdm,3.41469,4.730074,6.2296190000000005,0,2591700,15.735572,Interactive,1,1.75
388800,ZXTIUCxfgq3vkGZD/2BQw+TV6+lOf+SvJrb8omrgZzK+IXmh5Fg2OLSlCW4jjjdm,2.979174,4.038198,6.173782,0,2591700,15.735572,Interactive,1,1.75
389100,ZXTIUCxfgq3vkGZD/2BQw+TV6+lOf+SvJrb8omrgZzK+IXmh5Fg2OLSlCW4jjjdm,2.869077,4.222969,5.025862999999999,0,2591700,15.735572,Interactive,1,1.75
389400,ZXTIUCxfgq3vkGZD/2BQw+TV6+lOf+SvJrb8omrgZzK+IXmh5Fg2OLSlCW4jjjdm,3.5777879999999995,4.52224,5.951864,0,2591700,15.735572,Interactive,1,1.75
389700,ZXTIUCxfgq3vkGZD/2BQw+TV6+lOf+SvJrb8omrgZzK+IXmh5Fg2OLSlCW4jjjdm,3.256796,4.156936,6.340532,0,2591700,15.735572,Interactive,1,1.75
390000,ZXTIUCxfgq3vkGZD/2BQw+TV6+lOf+SvJrb8omrgZzK+IXmh5Fg2OLSlCW4jjjdm,3.469681,4.217092,5.10731,0,2591700,15.735572,Interactive,1,1.75
390300,ZXTIUCxfgq3vkGZD/2BQw+TV6+lOf+SvJrb8omrgZzK+IXmh5Fg2OLSlCW4jjjdm,3.361574,4.748037999999999,7.805928,0,2591700,15.735572,Interactive,1,1.75
390600,ZXTIUCxfgq3vkGZD/2BQw+TV6+lOf+SvJrb8omrgZzK+IXmh5Fg2OLSlCW4jjjdm,3.627121,4.178267,6.209413,0,2591700,15.735572,Interactive,1,1.75
390900,ZXTIUCxfgq3vkGZD/2BQw+TV6+lOf+SvJrb8omrgZzK+IXmh5Fg2OLSlCW4jjjdm,3.387825,4.159849,5.104299,0,2591700,15.735572,Interactive,1,1.75
391200,ZXTIUCxfgq3vkGZD/2BQw+TV6+lOf+SvJrb8omrgZzK+IXmh5Fg2OLSlCW4jjjdm,3.667373,4.566242,6.108091,0,2591700,15.735572,Interactive,1,1.75
391500,ZXTIUCxfgq3vkGZD/2BQw+TV6+lOf+SvJrb8omrgZzK+IXmh5Fg2OLSlCW4jjjdm,3.597609,4.239668,6.360361,0,2591700,15.735572,Interactive,1,1.75
391800,ZXTIUCxfgq3vkGZD/2BQw+TV6+lOf+SvJrb8omrgZzK+IXmh5Fg2OLSlCW4jjjdm,3.516262,4.249158,5.271269,0,2591700,15.735572,Interactive,1,1.75
392100,ZXTIUCxfgq3vkGZD/2BQw+TV6+lOf+SvJrb8omrgZzK+IXmh5Fg2OLSlCW4jjjdm,3.6258,4.891718,6.355308,0,2591700,15.735572,Interactive,1,1.75
392400,ZXTIUCxfgq3vkGZD/2BQw+TV6+lOf+SvJrb8omrgZzK+IXmh5Fg2OLSlCW4jjjdm,2.484334,4.040592,6.182430999999999,0,2591700,15.735572,Interactive,1,1.75
392700,ZXTIUCxfgq3vkGZD/2BQw+TV6+lOf+SvJrb8omrgZzK+IXmh5Fg2OLSlCW4jjjdm,3.548175,4.33191,5.05302,0,2591700,15.735572,Interactive,1,1.75
393000,ZXTIUCxfgq3vkGZD/2BQw+TV6+lOf+SvJrb8omrgZzK+IXmh5Fg2OLSlCW4jjjdm,3.420257,4.715948,7.697192,0,2591700,15.735572,Interactive,1,1.75
393300,ZXTIUCxfgq3vkGZD/2BQw+TV6+lOf+SvJrb8omrgZzK+IXmh5Fg2OLSlCW4jjjdm,3.5314970000000003,4.2149,6.212503,0,2591700,15.735572,Interactive,1,1.75
393600,ZXTIUCxfgq3vkGZD/2BQw+TV6+lOf+SvJrb8omrgZzK+IXmh5Fg2OLSlCW4jjjdm,3.648344,4.270183,5.012537,0,2591700,15.735572,Interactive,1,1.75
393900,ZXTIUCxfgq3vkGZD/2BQw+TV6+lOf+SvJrb8omrgZzK+IXmh5Fg2OLSlCW4jjjdm,3.503985,4.606213,6.111772,0,2591700,15.735572,Interactive,1,1.75
394200,ZXTIUCxfgq3vkGZD/2BQw+TV6+lOf+SvJrb8omrgZzK+IXmh5Fg2OLSlCW4jjjdm,3.370619,4.105837999999999,4.948777,0,2591700,15.735572,Interactive,1,1.75
394500,ZXTIUCxfgq3vkGZD/2BQw+TV6+lOf+SvJrb8omrgZzK+IXmh5Fg2OLSlCW4jjjdm,2.855744,4.219481,5.617742,0,2591700,15.735572,Interactive,1,1.75
394800,ZXTIUCxfgq3vkGZD/2BQw+TV6+lOf+SvJrb8omrgZzK+IXmh5Fg2OLSlCW4jjjdm,3.904637,4.641649,6.139819,0,2591700,15.735572,Interactive,1,1.75
395100,ZXTIUCxfgq3vkGZD/2BQw+TV6+lOf+SvJrb8omrgZzK+IXmh5Fg2OLSlCW4jjjdm,3.624431,4.324735,5.349933,0,2591700,15.735572,Interactive,1,1.75
395400,ZXTIUCxfgq3vkGZD/2BQw+TV6+lOf+SvJrb8omrgZzK+IXmh5Fg2OLSlCW4jjjdm,3.394421,4.263014,5.302404,0,2591700,15.735572,Interactive,1,1.75
395700,ZXTIUCxfgq3vkGZD/2BQw+TV6+lOf+SvJrb8omrgZzK+IXmh5Fg2OLSlCW4jjjdm,3.690994,5.095586,8.609169,0,2591700,15.735572,Interactive,1,1.75
396000,ZXTIUCxfgq3vkGZD/2BQw+TV6+lOf+SvJrb8omrgZzK+IXmh5Fg2OLSlCW4jjjdm,3.502902,4.280475,5.321204,0,2591700,15.735572,Interactive,1,1.75
396300,ZXTIUCxfgq3vkGZD/2BQw+TV6+lOf+SvJrb8omrgZzK+IXmh5Fg2OLSlCW4jjjdm,3.459635,7.440616,20.39597,0,2591700,15.735572,Interactive,1,1.75
396600,ZXTIUCxfgq3vkGZD/2BQw+TV6+lOf+SvJrb8omrgZzK+IXmh5Fg2OLSlCW4jjjdm,3.936758,4.699961,6.254194,0,2591700,15.735572,Interactive,1,1.75
396900,ZXTIUCxfgq3vkGZD/2BQw+TV6+lOf+SvJrb8omrgZzK+IXmh5Fg2OLSlCW4jjjdm,3.647521,4.311302,5.635217,0,2591700,15.735572,Interactive,1,1.75
397200,ZXTIUCxfgq3vkGZD/2BQw+TV6+lOf+SvJrb8omrgZzK+IXmh5Fg2OLSlCW4jjjdm,3.4892160000000003,4.39207,5.638239,0,2591700,15.735572,Interactive,1,1.75
397500,ZXTIUCxfgq3vkGZD/2BQw+TV6+lOf+SvJrb8omrgZzK+IXmh5Fg2OLSlCW4jjjdm,3.585854,4.744019000000001,6.707628,0,2591700,15.735572,Interactive,1,1.75
397800,ZXTIUCxfgq3vkGZD/2BQw+TV6+lOf+SvJrb8omrgZzK+IXmh5Fg2OLSlCW4jjjdm,2.707355,4.099375,5.173039,0,2591700,15.735572,Interactive,1,1.75
398100,ZXTIUCxfgq3vkGZD/2BQw+TV6+lOf+SvJrb8omrgZzK+IXmh5Fg2OLSlCW4jjjdm,3.64766,4.375908,5.588684,0,2591700,15.735572,Interactive,1,1.75
398400,ZXTIUCxfgq3vkGZD/2BQw+TV6+lOf+SvJrb8omrgZzK+IXmh5Fg2OLSlCW4jjjdm,3.859251,5.033677,11.087714,0,2591700,15.735572,Interactive,1,1.75
398700,ZXTIUCxfgq3vkGZD/2BQw+TV6+lOf+SvJrb8omrgZzK+IXmh5Fg2OLSlCW4jjjdm,3.565575,4.270478,5.284234,0,2591700,15.735572,Interactive,1,1.75
399000,ZXTIUCxfgq3vkGZD/2BQw+TV6+lOf+SvJrb8omrgZzK+IXmh5Fg2OLSlCW4jjjdm,3.417408,4.312328,5.146646,0,2591700,15.735572,Interactive,1,1.75
399300,ZXTIUCxfgq3vkGZD/2BQw+TV6+lOf+SvJrb8omrgZzK+IXmh5Fg2OLSlCW4jjjdm,3.705943,4.934122,7.082768,0,2591700,15.735572,Interactive,1,1.75
399600,ZXTIUCxfgq3vkGZD/2BQw+TV6+lOf+SvJrb8omrgZzK+IXmh5Fg2OLSlCW4jjjdm,3.463015,4.149441,5.000437000000001,0,2591700,15.735572,Interactive,1,1.75
399900,ZXTIUCxfgq3vkGZD/2BQw+TV6+lOf+SvJrb8omrgZzK+IXmh5Fg2OLSlCW4jjjdm,2.853909,4.285534999999999,5.725635,0,2591700,15.735572,Interactive,1,1.75
400200,ZXTIUCxfgq3vkGZD/2BQw+TV6+lOf+SvJrb8omrgZzK+IXmh5Fg2OLSlCW4jjjdm,4.014888,4.615203,6.210207,0,2591700,15.735572,Interactive,1,1.75
400500,ZXTIUCxfgq3vkGZD/2BQw+TV6+lOf+SvJrb8omrgZzK+IXmh5Fg2OLSlCW4jjjdm,2.762868,4.235386,5.413253,0,2591700,15.735572,Interactive,1,1.75
400800,ZXTIUCxfgq3vkGZD/2BQw+TV6+lOf+SvJrb8omrgZzK+IXmh5Fg2OLSlCW4jjjdm,3.677882,4.376625,5.391993,0,2591700,15.735572,Interactive,1,1.75
401100,ZXTIUCxfgq3vkGZD/2BQw+TV6+lOf+SvJrb8omrgZzK+IXmh5Fg2OLSlCW4jjjdm,3.7674,4.994097,8.424714999999999,0,2591700,15.735572,Interactive,1,1.75
401400,ZXTIUCxfgq3vkGZD/2BQw+TV6+lOf+SvJrb8omrgZzK+IXmh5Fg2OLSlCW4jjjdm,3.691512,4.264654,5.139964,0,2591700,15.735572,Interactive,1,1.75
401700,ZXTIUCxfgq3vkGZD/2BQw+TV6+lOf+SvJrb8omrgZzK+IXmh5Fg2OLSlCW4jjjdm,2.5469310000000003,4.229732,5.651905,0,2591700,15.735572,Interactive,1,1.75
402000,ZXTIUCxfgq3vkGZD/2BQw+TV6+lOf+SvJrb8omrgZzK+IXmh5Fg2OLSlCW4jjjdm,3.887361,4.611551,6.434906,0,2591700,15.735572,Interactive,1,1.75
402300,ZXTIUCxfgq3vkGZD/2BQw+TV6+lOf+SvJrb8omrgZzK+IXmh5Fg2OLSlCW4jjjdm,3.327163,4.263936,5.573419,0,2591700,15.735572,Interactive,1,1.75
402600,ZXTIUCxfgq3vkGZD/2BQw+TV6+lOf+SvJrb8omrgZzK+IXmh5Fg2OLSlCW4jjjdm,3.500645,4.329516,5.570313,0,2591700,15.735572,Interactive,1,1.75
402900,ZXTIUCxfgq3vkGZD/2BQw+TV6+lOf+SvJrb8omrgZzK+IXmh5Fg2OLSlCW4jjjdm,3.596019,4.908958,6.747881,0,2591700,15.735572,Interactive,1,1.75
403200,ZXTIUCxfgq3vkGZD/2BQw+TV6+lOf+SvJrb8omrgZzK+IXmh5Fg2OLSlCW4jjjdm,3.5844620000000003,4.47717,6.003926,0,2591700,15.735572,Interactive,1,1.75
403500,ZXTIUCxfgq3vkGZD/2BQw+TV6+lOf+SvJrb8omrgZzK+IXmh5Fg2OLSlCW4jjjdm,3.42804,4.351375,5.310246,0,2591700,15.735572,Interactive,1,1.75
403800,ZXTIUCxfgq3vkGZD/2BQw+TV6+lOf+SvJrb8omrgZzK+IXmh5Fg2OLSlCW4jjjdm,3.995355,4.824064,7.970252,0,2591700,15.735572,Interactive,1,1.75
404100,ZXTIUCxfgq3vkGZD/2BQw+TV6+lOf+SvJrb8omrgZzK+IXmh5Fg2OLSlCW4jjjdm,3.61345,4.278881,5.284202,0,2591700,15.735572,Interactive,1,1.75
404400,ZXTIUCxfgq3vkGZD/2BQw+TV6+lOf+SvJrb8omrgZzK+IXmh5Fg2OLSlCW4jjjdm,3.068094,4.188207,5.294469,0,2591700,15.735572,Interactive,1,1.75
404700,ZXTIUCxfgq3vkGZD/2BQw+TV6+lOf+SvJrb8omrgZzK+IXmh5Fg2OLSlCW4jjjdm,3.684014,4.989261,6.879128999999999,0,2591700,15.735572,Interactive,1,1.75
405000,ZXTIUCxfgq3vkGZD/2BQw+TV6+lOf+SvJrb8omrgZzK+IXmh5Fg2OLSlCW4jjjdm,2.784357,4.060461,4.960097,0,2591700,15.735572,Interactive,1,1.75
405300,ZXTIUCxfgq3vkGZD/2BQw+TV6+lOf+SvJrb8omrgZzK+IXmh5Fg2OLSlCW4jjjdm,3.4673260000000004,4.942347,10.791137,0,2591700,15.735572,Interactive,1,1.75
405600,ZXTIUCxfgq3vkGZD/2BQw+TV6+lOf+SvJrb8omrgZzK+IXmh5Fg2OLSlCW4jjjdm,3.810249,4.678046,6.909847999999999,0,2591700,15.735572,Interactive,1,1.75
405900,ZXTIUCxfgq3vkGZD/2BQw+TV6+lOf+SvJrb8omrgZzK+IXmh5Fg2OLSlCW4jjjdm,3.644359,4.595371,6.945724,0,2591700,15.735572,Interactive,1,1.75
406200,ZXTIUCxfgq3vkGZD/2BQw+TV6+lOf+SvJrb8omrgZzK+IXmh5Fg2OLSlCW4jjjdm,3.731349,4.446888,5.102238,0,2591700,15.735572,Interactive,1,1.75
406500,ZXTIUCxfgq3vkGZD/2BQw+TV6+lOf+SvJrb8omrgZzK+IXmh5Fg2OLSlCW4jjjdm,3.612801,5.424861,14.158661,0,2591700,15.735572,Interactive,1,1.75
406800,ZXTIUCxfgq3vkGZD/2BQw+TV6+lOf+SvJrb8omrgZzK+IXmh5Fg2OLSlCW4jjjdm,3.663102,4.404227,5.212147,0,2591700,15.735572,Interactive,1,1.75
407100,ZXTIUCxfgq3vkGZD/2BQw+TV6+lOf+SvJrb8omrgZzK+IXmh5Fg2OLSlCW4jjjdm,3.627084,4.333578,5.415981,0,2591700,15.735572,Interactive,1,1.75
407400,ZXTIUCxfgq3vkGZD/2BQw+TV6+lOf+SvJrb8omrgZzK+IXmh5Fg2OLSlCW4jjjdm,3.924377,4.625787,7.298216,0,2591700,15.735572,Interactive,1,1.75
407700,ZXTIUCxfgq3vkGZD/2BQw+TV6+lOf+SvJrb8omrgZzK+IXmh5Fg2OLSlCW4jjjdm,3.07789,4.211774,5.401637,0,2591700,15.735572,Interactive,1,1.75
408000,ZXTIUCxfgq3vkGZD/2BQw+TV6+lOf+SvJrb8omrgZzK+IXmh5Fg2OLSlCW4jjjdm,2.689404,4.07687,4.987312999999999,0,2591700,15.735572,Interactive,1,1.75
408300,ZXTIUCxfgq3vkGZD/2BQw+TV6+lOf+SvJrb8omrgZzK+IXmh5Fg2OLSlCW4jjjdm,3.595957,4.534518,7.046084,0,2591700,15.735572,Interactive,1,1.75
408600,ZXTIUCxfgq3vkGZD/2BQw+TV6+lOf+SvJrb8omrgZzK+IXmh5Fg2OLSlCW4jjjdm,3.587088,4.761018,8.624097,0,2591700,15.735572,Interactive,1,1.75
408900,ZXTIUCxfgq3vkGZD/2BQw+TV6+lOf+SvJrb8omrgZzK+IXmh5Fg2OLSlCW4jjjdm,3.695873,4.411347,5.522459,0,2591700,15.735572,Interactive,1,1.75
409200,ZXTIUCxfgq3vkGZD/2BQw+TV6+lOf+SvJrb8omrgZzK+IXmh5Fg2OLSlCW4jjjdm,3.756727,5.172197,14.139149,0,2591700,15.735572,Interactive,1,1.75
409500,ZXTIUCxfgq3vkGZD/2BQw+TV6+lOf+SvJrb8omrgZzK+IXmh5Fg2OLSlCW4jjjdm,3.598408,4.49253,5.384875,0,2591700,15.735572,Interactive,1,1.75
409800,ZXTIUCxfgq3vkGZD/2BQw+TV6+lOf+SvJrb8omrgZzK+IXmh5Fg2OLSlCW4jjjdm,3.696179,5.008223,8.808942,0,2591700,15.735572,Interactive,1,1.75
410100,ZXTIUCxfgq3vkGZD/2BQw+TV6+lOf+SvJrb8omrgZzK+IXmh5Fg2OLSlCW4jjjdm,3.754254,4.816534,7.276358,0,2591700,15.735572,Interactive,1,1.75
410400,ZXTIUCxfgq3vkGZD/2BQw+TV6+lOf+SvJrb8omrgZzK+IXmh5Fg2OLSlCW4jjjdm,3.71099,4.896946,9.930103,0,2591700,15.735572,Interactive,1,1.75
410700,ZXTIUCxfgq3vkGZD/2BQw+TV6+lOf+SvJrb8omrgZzK+IXmh5Fg2OLSlCW4jjjdm,3.741819000000001,4.299964,5.329712000000001,0,2591700,15.735572,Interactive,1,1.75
411000,ZXTIUCxfgq3vkGZD/2BQw+TV6+lOf+SvJrb8omrgZzK+IXmh5Fg2OLSlCW4jjjdm,3.643328,4.50595,7.020183,0,2591700,15.735572,Interactive,1,1.75
411300,ZXTIUCxfgq3vkGZD/2BQw+TV6+lOf+SvJrb8omrgZzK+IXmh5Fg2OLSlCW4jjjdm,3.373364,4.312585,5.555072,0,2591700,15.735572,Interactive,1,1.75
411600,ZXTIUCxfgq3vkGZD/2BQw+TV6+lOf+SvJrb8omrgZzK+IXmh5Fg2OLSlCW4jjjdm,3.827394,4.462517,5.417253,0,2591700,15.735572,Interactive,1,1.75
411900,ZXTIUCxfgq3vkGZD/2BQw+TV6+lOf+SvJrb8omrgZzK+IXmh5Fg2OLSlCW4jjjdm,3.788364,4.760914,7.571022,0,2591700,15.735572,Interactive,1,1.75
412200,ZXTIUCxfgq3vkGZD/2BQw+TV6+lOf+SvJrb8omrgZzK+IXmh5Fg2OLSlCW4jjjdm,3.61257,4.477383000000001,5.373101,0,2591700,15.735572,Interactive,1,1.75
412500,ZXTIUCxfgq3vkGZD/2BQw+TV6+lOf+SvJrb8omrgZzK+IXmh5Fg2OLSlCW4jjjdm,3.279358,4.271499,5.712561,0,2591700,15.735572,Interactive,1,1.75
412800,ZXTIUCxfgq3vkGZD/2BQw+TV6+lOf+SvJrb8omrgZzK+IXmh5Fg2OLSlCW4jjjdm,3.75641,4.55924,7.114782000000001,0,2591700,15.735572,Interactive,1,1.75
413100,ZXTIUCxfgq3vkGZD/2BQw+TV6+lOf+SvJrb8omrgZzK+IXmh5Fg2OLSlCW4jjjdm,3.596642,4.312911,5.721051999999999,0,2591700,15.735572,Interactive,1,1.75
413400,ZXTIUCxfgq3vkGZD/2BQw+TV6+lOf+SvJrb8omrgZzK+IXmh5Fg2OLSlCW4jjjdm,3.164023,4.333857,5.290878,0,2591700,15.735572,Interactive,1,1.75
413700,ZXTIUCxfgq3vkGZD/2BQw+TV6+lOf+SvJrb8omrgZzK+IXmh5Fg2OLSlCW4jjjdm,3.724031,4.912684,7.348075,0,2591700,15.735572,Interactive,1,1.75
414000,ZXTIUCxfgq3vkGZD/2BQw+TV6+lOf+SvJrb8omrgZzK+IXmh5Fg2OLSlCW4jjjdm,2.93468,4.246663,5.20841,0,2591700,15.735572,Interactive,1,1.75
414300,ZXTIUCxfgq3vkGZD/2BQw+TV6+lOf+SvJrb8omrgZzK+IXmh5Fg2OLSlCW4jjjdm,3.737855,4.520778,5.882804,0,2591700,15.735572,Interactive,1,1.75
414600,ZXTIUCxfgq3vkGZD/2BQw+TV6+lOf+SvJrb8omrgZzK+IXmh5Fg2OLSlCW4jjjdm,3.877321,4.640814,8.150138,0,2591700,15.735572,Interactive,1,1.75
414900,ZXTIUCxfgq3vkGZD/2BQw+TV6+lOf+SvJrb8omrgZzK+IXmh5Fg2OLSlCW4jjjdm,3.644467,4.557988,5.738514,0,2591700,15.735572,Interactive,1,1.75
415200,ZXTIUCxfgq3vkGZD/2BQw+TV6+lOf+SvJrb8omrgZzK+IXmh5Fg2OLSlCW4jjjdm,3.611201,4.280274,5.168007,0,2591700,15.735572,Interactive,1,1.75
415500,ZXTIUCxfgq3vkGZD/2BQw+TV6+lOf+SvJrb8omrgZzK+IXmh5Fg2OLSlCW4jjjdm,3.853603,4.684737,7.050527000000001,0,2591700,15.735572,Interactive,1,1.75
415800,ZXTIUCxfgq3vkGZD/2BQw+TV6+lOf+SvJrb8omrgZzK+IXmh5Fg2OLSlCW4jjjdm,3.679677,4.285021,5.294447,0,2591700,15.735572,Interactive,1,1.75
416100,ZXTIUCxfgq3vkGZD/2BQw+TV6+lOf+SvJrb8omrgZzK+IXmh5Fg2OLSlCW4jjjdm,3.610526,4.282648,6.072954,0,2591700,15.735572,Interactive,1,1.75
416400,ZXTIUCxfgq3vkGZD/2BQw+TV6+lOf+SvJrb8omrgZzK+IXmh5Fg2OLSlCW4jjjdm,3.89058,4.566881,6.727924000000001,0,2591700,15.735572,Interactive,1,1.75
416700,ZXTIUCxfgq3vkGZD/2BQw+TV6+lOf+SvJrb8omrgZzK+IXmh5Fg2OLSlCW4jjjdm,3.5250550000000005,5.116471,11.074959,0,2591700,15.735572,Interactive,1,1.75
417000,ZXTIUCxfgq3vkGZD/2BQw+TV6+lOf+SvJrb8omrgZzK+IXmh5Fg2OLSlCW4jjjdm,3.572324,4.453798,5.469198,0,2591700,15.735572,Interactive,1,1.75
417300,ZXTIUCxfgq3vkGZD/2BQw+TV6+lOf+SvJrb8omrgZzK+IXmh5Fg2OLSlCW4jjjdm,3.61621,5.04565,8.676314999999999,0,2591700,15.735572,Interactive,1,1.75
417600,ZXTIUCxfgq3vkGZD/2BQw+TV6+lOf+SvJrb8omrgZzK+IXmh5Fg2OLSlCW4jjjdm,3.592055,4.410033,5.421937000000001,0,2591700,15.735572,Interactive,1,1.75
417900,ZXTIUCxfgq3vkGZD/2BQw+TV6+lOf+SvJrb8omrgZzK+IXmh5Fg2OLSlCW4jjjdm,3.530783,6.871002000000001,29.485039,0,2591700,15.735572,Interactive,1,1.75
418200,ZXTIUCxfgq3vkGZD/2BQw+TV6+lOf+SvJrb8omrgZzK+IXmh5Fg2OLSlCW4jjjdm,3.708531,4.569146,5.934237,0,2591700,15.735572,Interactive,1,1.75
418500,ZXTIUCxfgq3vkGZD/2BQw+TV6+lOf+SvJrb8omrgZzK+IXmh5Fg2OLSlCW4jjjdm,3.1861200000000003,4.360855,5.615252,0,2591700,15.735572,Interactive,1,1.75
418800,ZXTIUCxfgq3vkGZD/2BQw+TV6+lOf+SvJrb8omrgZzK+IXmh5Fg2OLSlCW4jjjdm,3.669903,4.480781,6.3707080000000005,0,2591700,15.735572,Interactive,1,1.75
419100,ZXTIUCxfgq3vkGZD/2BQw+TV6+lOf+SvJrb8omrgZzK+IXmh5Fg2OLSlCW4jjjdm,3.776909,4.678799,6.166078,0,2591700,15.735572,Interactive,1,1.75
419400,ZXTIUCxfgq3vkGZD/2BQw+TV6+lOf+SvJrb8omrgZzK+IXmh5Fg2OLSlCW4jjjdm,3.183441,4.426334,5.580532,0,2591700,15.735572,Interactive,1,1.75
419700,ZXTIUCxfgq3vkGZD/2BQw+TV6+lOf+SvJrb8omrgZzK+IXmh5Fg2OLSlCW4jjjdm,3.754586,4.545439,6.829256,0,2591700,15.735572,Interactive,1,1.75
420000,ZXTIUCxfgq3vkGZD/2BQw+TV6+lOf+SvJrb8omrgZzK+IXmh5Fg2OLSlCW4jjjdm,3.819291,4.840689,7.916413,0,2591700,15.735572,Interactive,1,1.75
420300,ZXTIUCxfgq3vkGZD/2BQw+TV6+lOf+SvJrb8omrgZzK+IXmh5Fg2OLSlCW4jjjdm,3.670467,4.61536,5.970574,0,2591700,15.735572,Interactive,1,1.75
420600,ZXTIUCxfgq3vkGZD/2BQw+TV6+lOf+SvJrb8omrgZzK+IXmh5Fg2OLSlCW4jjjdm,3.616416000000001,4.461015,6.645603,0,2591700,15.735572,Interactive,1,1.75
420900,ZXTIUCxfgq3vkGZD/2BQw+TV6+lOf+SvJrb8omrgZzK+IXmh5Fg2OLSlCW4jjjdm,3.955379,4.988525,6.994534,0,2591700,15.735572,Interactive,1,1.75
421200,ZXTIUCxfgq3vkGZD/2BQw+TV6+lOf+SvJrb8omrgZzK+IXmh5Fg2OLSlCW4jjjdm,3.2707610000000003,4.4246620000000005,5.812963,0,2591700,15.735572,Interactive,1,1.75
421500,ZXTIUCxfgq3vkGZD/2BQw+TV6+lOf+SvJrb8omrgZzK+IXmh5Fg2OLSlCW4jjjdm,3.765343,4.535837,6.901733,0,2591700,15.735572,Interactive,1,1.75
421800,ZXTIUCxfgq3vkGZD/2BQw+TV6+lOf+SvJrb8omrgZzK+IXmh5Fg2OLSlCW4jjjdm,3.768871,4.679707,5.921797,0,2591700,15.735572,Interactive,1,1.75
422100,ZXTIUCxfgq3vkGZD/2BQw+TV6+lOf+SvJrb8omrgZzK+IXmh5Fg2OLSlCW4jjjdm,3.541642,4.6475040000000005,5.95671,0,2591700,15.735572,Interactive,1,1.75
422400,ZXTIUCxfgq3vkGZD/2BQw+TV6+lOf+SvJrb8omrgZzK+IXmh5Fg2OLSlCW4jjjdm,3.522054,4.422774,6.512626,0,2591700,15.735572,Interactive,1,1.75
422700,ZXTIUCxfgq3vkGZD/2BQw+TV6+lOf+SvJrb8omrgZzK+IXmh5Fg2OLSlCW4jjjdm,3.693018,4.909883,8.381003,0,2591700,15.735572,Interactive,1,1.75
423000,ZXTIUCxfgq3vkGZD/2BQw+TV6+lOf+SvJrb8omrgZzK+IXmh5Fg2OLSlCW4jjjdm,3.590074,4.48775,5.730163,0,2591700,15.735572,Interactive,1,1.75
423300,ZXTIUCxfgq3vkGZD/2BQw+TV6+lOf+SvJrb8omrgZzK+IXmh5Fg2OLSlCW4jjjdm,3.648402,4.638163,7.085481,0,2591700,15.735572,Interactive,1,1.75
423600,ZXTIUCxfgq3vkGZD/2BQw+TV6+lOf+SvJrb8omrgZzK+IXmh5Fg2OLSlCW4jjjdm,3.929889,4.699798,5.912383999999999,0,2591700,15.735572,Interactive,1,1.75
423900,ZXTIUCxfgq3vkGZD/2BQw+TV6+lOf+SvJrb8omrgZzK+IXmh5Fg2OLSlCW4jjjdm,3.689997,4.605642,5.840436,0,2591700,15.735572,Interactive,1,1.75
424200,ZXTIUCxfgq3vkGZD/2BQw+TV6+lOf+SvJrb8omrgZzK+IXmh5Fg2OLSlCW4jjjdm,3.676763,4.6117550000000005,6.8713690000000005,0,2591700,15.735572,Interactive,1,1.75
424500,ZXTIUCxfgq3vkGZD/2BQw+TV6+lOf+SvJrb8omrgZzK+IXmh5Fg2OLSlCW4jjjdm,3.773417,5.060604,7.407928999999999,0,2591700,15.735572,Interactive,1,1.75
424800,ZXTIUCxfgq3vkGZD/2BQw+TV6+lOf+SvJrb8omrgZzK+IXmh5Fg2OLSlCW4jjjdm,3.897678,7.155850999999999,29.03145,0,2591700,15.735572,Interactive,1,1.75
425100,ZXTIUCxfgq3vkGZD/2BQw+TV6+lOf+SvJrb8omrgZzK+IXmh5Fg2OLSlCW4jjjdm,3.552535,13.395678,29.314108,0,2591700,15.735572,Interactive,1,1.75
425400,ZXTIUCxfgq3vkGZD/2BQw+TV6+lOf+SvJrb8omrgZzK+IXmh5Fg2OLSlCW4jjjdm,3.81561,5.4302150000000005,11.252626,0,2591700,15.735572,Interactive,1,1.75
425700,ZXTIUCxfgq3vkGZD/2BQw+TV6+lOf+SvJrb8omrgZzK+IXmh5Fg2OLSlCW4jjjdm,3.78403,4.731816,6.442451999999999,0,2591700,15.735572,Interactive,1,1.75
426000,ZXTIUCxfgq3vkGZD/2BQw+TV6+lOf+SvJrb8omrgZzK+IXmh5Fg2OLSlCW4jjjdm,3.890698,4.963703,7.86406,0,2591700,15.735572,Interactive,1,1.75
426300,ZXTIUCxfgq3vkGZD/2BQw+TV6+lOf+SvJrb8omrgZzK+IXmh5Fg2OLSlCW4jjjdm,3.911587,4.911122,6.542661,0,2591700,15.735572,Interactive,1,1.75
426600,ZXTIUCxfgq3vkGZD/2BQw+TV6+lOf+SvJrb8omrgZzK+IXmh5Fg2OLSlCW4jjjdm,3.455857,4.511678,5.5346660000000005,0,2591700,15.735572,Interactive,1,1.75
426900,ZXTIUCxfgq3vkGZD/2BQw+TV6+lOf+SvJrb8omrgZzK+IXmh5Fg2OLSlCW4jjjdm,3.5995980000000003,4.84111,8.158145,0,2591700,15.735572,Interactive,1,1.75
427200,ZXTIUCxfgq3vkGZD/2BQw+TV6+lOf+SvJrb8omrgZzK+IXmh5Fg2OLSlCW4jjjdm,3.809641000000001,4.624122,6.007433,0,2591700,15.735572,Interactive,1,1.75
427500,ZXTIUCxfgq3vkGZD/2BQw+TV6+lOf+SvJrb8omrgZzK+IXmh5Fg2OLSlCW4jjjdm,3.535567,4.613345,6.036955,0,2591700,15.735572,Interactive,1,1.75
427800,ZXTIUCxfgq3vkGZD/2BQw+TV6+lOf+SvJrb8omrgZzK+IXmh5Fg2OLSlCW4jjjdm,3.659291000000001,4.379906,6.082273000000001,0,2591700,15.735572,Interactive,1,1.75
428100,ZXTIUCxfgq3vkGZD/2BQw+TV6+lOf+SvJrb8omrgZzK+IXmh5Fg2OLSlCW4jjjdm,3.715552,5.4701260000000005,11.541545,0,2591700,15.735572,Interactive,1,1.75
428400,ZXTIUCxfgq3vkGZD/2BQw+TV6+lOf+SvJrb8omrgZzK+IXmh5Fg2OLSlCW4jjjdm,3.773227,4.436468,5.491249,0,2591700,15.735572,Interactive,1,1.75
428700,ZXTIUCxfgq3vkGZD/2BQw+TV6+lOf+SvJrb8omrgZzK+IXmh5Fg2OLSlCW4jjjdm,3.523428,4.595955,6.896642,0,2591700,15.735572,Interactive,1,1.75
429000,ZXTIUCxfgq3vkGZD/2BQw+TV6+lOf+SvJrb8omrgZzK+IXmh5Fg2OLSlCW4jjjdm,3.751025,4.644623,5.733218,0,2591700,15.735572,Interactive,1,1.75
429300,ZXTIUCxfgq3vkGZD/2BQw+TV6+lOf+SvJrb8omrgZzK+IXmh5Fg2OLSlCW4jjjdm,3.393456,4.363871,5.600265,0,2591700,15.735572,Interactive,1,1.75
429600,ZXTIUCxfgq3vkGZD/2BQw+TV6+lOf+SvJrb8omrgZzK+IXmh5Fg2OLSlCW4jjjdm,2.897528,4.2414190000000005,6.295125,0,2591700,15.735572,Interactive,1,1.75
429900,ZXTIUCxfgq3vkGZD/2BQw+TV6+lOf+SvJrb8omrgZzK+IXmh5Fg2OLSlCW4jjjdm,3.5661440000000004,4.784908000000001,6.233822,0,2591700,15.735572,Interactive,1,1.75
430200,ZXTIUCxfgq3vkGZD/2BQw+TV6+lOf+SvJrb8omrgZzK+IXmh5Fg2OLSlCW4jjjdm,3.571764,4.496737,5.663692,0,2591700,15.735572,Interactive,1,1.75
430500,ZXTIUCxfgq3vkGZD/2BQw+TV6+lOf+SvJrb8omrgZzK+IXmh5Fg2OLSlCW4jjjdm,3.638878,4.338914,6.019049,0,2591700,15.735572,Interactive,1,1.75
430800,ZXTIUCxfgq3vkGZD/2BQw+TV6+lOf+SvJrb8omrgZzK+IXmh5Fg2OLSlCW4jjjdm,3.753599,5.150456,10.096422,0,2591700,15.735572,Interactive,1,1.75
431100,ZXTIUCxfgq3vkGZD/2BQw+TV6+lOf+SvJrb8omrgZzK+IXmh5Fg2OLSlCW4jjjdm,3.765337,4.600478,5.813687,0,2591700,15.735572,Interactive,1,1.75
431400,ZXTIUCxfgq3vkGZD/2BQw+TV6+lOf+SvJrb8omrgZzK+IXmh5Fg2OLSlCW4jjjdm,3.698073,4.5898080000000006,6.815204,0,2591700,15.735572,Interactive,1,1.75
431700,ZXTIUCxfgq3vkGZD/2BQw+TV6+lOf+SvJrb8omrgZzK+IXmh5Fg2OLSlCW4jjjdm,3.721002,5.025706,6.3491550000000005,0,2591700,15.735572,Interactive,1,1.75
432000,ZXTIUCxfgq3vkGZD/2BQw+TV6+lOf+SvJrb8omrgZzK+IXmh5Fg2OLSlCW4jjjdm,2.65657,4.313945,5.566959,0,2591700,15.735572,Interactive,1,1.75
432300,ZXTIUCxfgq3vkGZD/2BQw+TV6+lOf+SvJrb8omrgZzK+IXmh5Fg2OLSlCW4jjjdm,3.119815,4.333561,6.216745,0,2591700,15.735572,Interactive,1,1.75
432600,ZXTIUCxfgq3vkGZD/2BQw+TV6+lOf+SvJrb8omrgZzK+IXmh5Fg2OLSlCW4jjjdm,3.633668,4.79254,5.770901,0,2591700,15.735572,Interactive,1,1.75
432900,ZXTIUCxfgq3vkGZD/2BQw+TV6+lOf+SvJrb8omrgZzK+IXmh5Fg2OLSlCW4jjjdm,3.74976,4.628996,5.86286,0,2591700,15.735572,Interactive,1,1.75
433200,ZXTIUCxfgq3vkGZD/2BQw+TV6+lOf+SvJrb8omrgZzK+IXmh5Fg2OLSlCW4jjjdm,3.592757,4.324174,5.960654,0,2591700,15.735572,Interactive,1,1.75
433500,ZXTIUCxfgq3vkGZD/2BQw+TV6+lOf+SvJrb8omrgZzK+IXmh5Fg2OLSlCW4jjjdm,3.604907,4.729598,6.240883999999999,0,2591700,15.735572,Interactive,1,1.75
433800,ZXTIUCxfgq3vkGZD/2BQw+TV6+lOf+SvJrb8omrgZzK+IXmh5Fg2OLSlCW4jjjdm,3.814242,4.515024,5.542004,0,2591700,15.735572,Interactive,1,1.75
434100,ZXTIUCxfgq3vkGZD/2BQw+TV6+lOf+SvJrb8omrgZzK+IXmh5Fg2OLSlCW4jjjdm,3.569435,4.180748,6.261434,0,2591700,15.735572,Interactive,1,1.75
434400,ZXTIUCxfgq3vkGZD/2BQw+TV6+lOf+SvJrb8omrgZzK+IXmh5Fg2OLSlCW4jjjdm,3.721219,4.708207,5.737223999999999,0,2591700,15.735572,Interactive,1,1.75
434700,ZXTIUCxfgq3vkGZD/2BQw+TV6+lOf+SvJrb8omrgZzK+IXmh5Fg2OLSlCW4jjjdm,2.956662,4.425753,5.779718,0,2591700,15.735572,Interactive,1,1.75
435000,ZXTIUCxfgq3vkGZD/2BQw+TV6+lOf+SvJrb8omrgZzK+IXmh5Fg2OLSlCW4jjjdm,3.780993,4.336547,6.012522,0,2591700,15.735572,Interactive,1,1.75
435300,ZXTIUCxfgq3vkGZD/2BQw+TV6+lOf+SvJrb8omrgZzK+IXmh5Fg2OLSlCW4jjjdm,3.408024,4.912748000000001,6.347907,0,2591700,15.735572,Interactive,1,1.75
435600,ZXTIUCxfgq3vkGZD/2BQw+TV6+lOf+SvJrb8omrgZzK+IXmh5Fg2OLSlCW4jjjdm,3.765015,4.474696,5.4198580000000005,0,2591700,15.735572,Interactive,1,1.75
435900,ZXTIUCxfgq3vkGZD/2BQw+TV6+lOf+SvJrb8omrgZzK+IXmh5Fg2OLSlCW4jjjdm,3.585964,4.283284,6.425765,0,2591700,15.735572,Interactive,1,1.75
436200,ZXTIUCxfgq3vkGZD/2BQw+TV6+lOf+SvJrb8omrgZzK+IXmh5Fg2OLSlCW4jjjdm,3.532913,4.721362999999999,5.68954,0,2591700,15.735572,Interactive,1,1.75
436500,ZXTIUCxfgq3vkGZD/2BQw+TV6+lOf+SvJrb8omrgZzK+IXmh5Fg2OLSlCW4jjjdm,3.731533,4.557893,6.044753,0,2591700,15.735572,Interactive,1,1.75
436800,ZXTIUCxfgq3vkGZD/2BQw+TV6+lOf+SvJrb8omrgZzK+IXmh5Fg2OLSlCW4jjjdm,3.586906,4.247229,5.96654,0,2591700,15.735572,Interactive,1,1.75
437100,ZXTIUCxfgq3vkGZD/2BQw+TV6+lOf+SvJrb8omrgZzK+IXmh5Fg2OLSlCW4jjjdm,3.833963,4.777229,6.092371,0,2591700,15.735572,Interactive,1,1.75
437400,ZXTIUCxfgq3vkGZD/2BQw+TV6+lOf+SvJrb8omrgZzK+IXmh5Fg2OLSlCW4jjjdm,3.901251,4.608922,5.480767,0,2591700,15.735572,Interactive,1,1.75
437700,ZXTIUCxfgq3vkGZD/2BQw+TV6+lOf+SvJrb8omrgZzK+IXmh5Fg2OLSlCW4jjjdm,3.696962,4.4248,6.040891,0,2591700,15.735572,Interactive,1,1.75
438000,ZXTIUCxfgq3vkGZD/2BQw+TV6+lOf+SvJrb8omrgZzK+IXmh5Fg2OLSlCW4jjjdm,3.925526,4.719288,5.573482,0,2591700,15.735572,Interactive,1,1.75
438300,ZXTIUCxfgq3vkGZD/2BQw+TV6+lOf+SvJrb8omrgZzK+IXmh5Fg2OLSlCW4jjjdm,3.780158,4.609069,6.237149,0,2591700,15.735572,Interactive,1,1.75
438600,ZXTIUCxfgq3vkGZD/2BQw+TV6+lOf+SvJrb8omrgZzK+IXmh5Fg2OLSlCW4jjjdm,3.106127,4.087572,6.000364,0,2591700,15.735572,Interactive,1,1.75
438900,ZXTIUCxfgq3vkGZD/2BQw+TV6+lOf+SvJrb8omrgZzK+IXmh5Fg2OLSlCW4jjjdm,3.665181,5.062402,6.155928,0,2591700,15.735572,Interactive,1,1.75
439200,ZXTIUCxfgq3vkGZD/2BQw+TV6+lOf+SvJrb8omrgZzK+IXmh5Fg2OLSlCW4jjjdm,2.965079,4.366458000000001,5.711517,0,2591700,15.735572,Interactive,1,1.75
439500,ZXTIUCxfgq3vkGZD/2BQw+TV6+lOf+SvJrb8omrgZzK+IXmh5Fg2OLSlCW4jjjdm,3.793666,4.585856,5.905628,0,2591700,15.735572,Interactive,1,1.75
439800,ZXTIUCxfgq3vkGZD/2BQw+TV6+lOf+SvJrb8omrgZzK+IXmh5Fg2OLSlCW4jjjdm,3.821229,4.813543,5.697187,0,2591700,15.735572,Interactive,1,1.75
440100,ZXTIUCxfgq3vkGZD/2BQw+TV6+lOf+SvJrb8omrgZzK+IXmh5Fg2OLSlCW4jjjdm,3.652301,4.618933,6.751047,0,2591700,15.735572,Interactive,1,1.75
440400,ZXTIUCxfgq3vkGZD/2BQw+TV6+lOf+SvJrb8omrgZzK+IXmh5Fg2OLSlCW4jjjdm,3.622548,4.350695,5.852937,0,2591700,15.735572,Interactive,1,1.75
440700,ZXTIUCxfgq3vkGZD/2BQw+TV6+lOf+SvJrb8omrgZzK+IXmh5Fg2OLSlCW4jjjdm,2.80112,4.619744,6.331983999999999,0,2591700,15.735572,Interactive,1,1.75
441000,ZXTIUCxfgq3vkGZD/2BQw+TV6+lOf+SvJrb8omrgZzK+IXmh5Fg2OLSlCW4jjjdm,3.666702,4.53686,6.900734,0,2591700,15.735572,Interactive,1,1.75
441300,ZXTIUCxfgq3vkGZD/2BQw+TV6+lOf+SvJrb8omrgZzK+IXmh5Fg2OLSlCW4jjjdm,3.359196,4.126824,5.4494940000000005,0,2591700,15.735572,Interactive,1,1.75
441600,ZXTIUCxfgq3vkGZD/2BQw+TV6+lOf+SvJrb8omrgZzK+IXmh5Fg2OLSlCW4jjjdm,3.680054,4.680371,6.1013980000000005,0,2591700,15.735572,Interactive,1,1.75
441900,ZXTIUCxfgq3vkGZD/2BQw+TV6+lOf+SvJrb8omrgZzK+IXmh5Fg2OLSlCW4jjjdm,3.527624,4.418296,7.147873,0,2591700,15.735572,Interactive,1,1.75
442200,ZXTIUCxfgq3vkGZD/2BQw+TV6+lOf+SvJrb8omrgZzK+IXmh5Fg2OLSlCW4jjjdm,2.882398,4.200791000000001,5.521641000000001,0,2591700,15.735572,Interactive,1,1.75
442500,ZXTIUCxfgq3vkGZD/2BQw+TV6+lOf+SvJrb8omrgZzK+IXmh5Fg2OLSlCW4jjjdm,3.5564410000000004,5.025413,6.487495,0,2591700,15.735572,Interactive,1,1.75
442800,ZXTIUCxfgq3vkGZD/2BQw+TV6+lOf+SvJrb8omrgZzK+IXmh5Fg2OLSlCW4jjjdm,3.85696,10.982974,36.723015,0,2591700,15.735572,Interactive,1,1.75
443100,ZXTIUCxfgq3vkGZD/2BQw+TV6+lOf+SvJrb8omrgZzK+IXmh5Fg2OLSlCW4jjjdm,4.141769999999999,9.505512,17.330479,0,2591700,15.735572,Interactive,1,1.75
443400,ZXTIUCxfgq3vkGZD/2BQw+TV6+lOf+SvJrb8omrgZzK+IXmh5Fg2OLSlCW4jjjdm,4.4366650000000005,18.469997,98.0384,0,2591700,15.735572,Interactive,1,1.75
443700,ZXTIUCxfgq3vkGZD/2BQw+TV6+lOf+SvJrb8omrgZzK+IXmh5Fg2OLSlCW4jjjdm,3.736315,9.715092,17.428088,0,2591700,15.735572,Interactive,1,1.75
444000,ZXTIUCxfgq3vkGZD/2BQw+TV6+lOf+SvJrb8omrgZzK+IXmh5Fg2OLSlCW4jjjdm,3.680647,8.134386,16.958149,0,2591700,15.735572,Interactive,1,1.75
444300,ZXTIUCxfgq3vkGZD/2BQw+TV6+lOf+SvJrb8omrgZzK+IXmh5Fg2OLSlCW4jjjdm,3.317024,5.05351,6.361225,0,2591700,15.735572,Interactive,1,1.75
444600,ZXTIUCxfgq3vkGZD/2BQw+TV6+lOf+SvJrb8omrgZzK+IXmh5Fg2OLSlCW4jjjdm,3.031304,4.456578,7.087202,0,2591700,15.735572,Interactive,1,1.75
444900,ZXTIUCxfgq3vkGZD/2BQw+TV6+lOf+SvJrb8omrgZzK+IXmh5Fg2OLSlCW4jjjdm,87.240437,87.240437,87.240437,0,2591700,15.735572,Interactive,1,1.75
445200,ZXTIUCxfgq3vkGZD/2BQw+TV6+lOf+SvJrb8omrgZzK+IXmh5Fg2OLSlCW4jjjdm,22.791406,68.820066,89.572796,0,2591700,15.735572,Interactive,1,1.75
445500,ZXTIUCxfgq3vkGZD/2BQw+TV6+lOf+SvJrb8omrgZzK+IXmh5Fg2OLSlCW4jjjdm,64.80022199999999,82.19339000000001,89.79095600000001,0,2591700,15.735572,Interactive,1,1.75
445800,ZXTIUCxfgq3vkGZD/2BQw+TV6+lOf+SvJrb8omrgZzK+IXmh5Fg2OLSlCW4jjjdm,47.392319,84.372978,93.909063,0,2591700,15.735572,Interactive,1,1.75
446100,ZXTIUCxfgq3vkGZD/2BQw+TV6+lOf+SvJrb8omrgZzK+IXmh5Fg2OLSlCW4jjjdm,88.474942,91.881877,96.742808,0,2591700,15.735572,Interactive,1,1.75
446400,ZXTIUCxfgq3vkGZD/2BQw+TV6+lOf+SvJrb8omrgZzK+IXmh5Fg2OLSlCW4jjjdm,86.927779,92.642846,94.18404,0,2591700,15.735572,Interactive,1,1.75
446700,ZXTIUCxfgq3vkGZD/2BQw+TV6+lOf+SvJrb8omrgZzK+IXmh5Fg2OLSlCW4jjjdm,68.63050799999999,88.360301,97.801877,0,2591700,15.735572,Interactive,1,1.75
447000,ZXTIUCxfgq3vkGZD/2BQw+TV6+lOf+SvJrb8omrgZzK+IXmh5Fg2OLSlCW4jjjdm,3.496657,40.977994,87.782955,0,2591700,15.735572,Interactive,1,1.75
447300,ZXTIUCxfgq3vkGZD/2BQw+TV6+lOf+SvJrb8omrgZzK+IXmh5Fg2OLSlCW4jjjdm,2.751378,3.727103,6.110812,0,2591700,15.735572,Interactive,1,1.75
447600,ZXTIUCxfgq3vkGZD/2BQw+TV6+lOf+SvJrb8omrgZzK+IXmh5Fg2OLSlCW4jjjdm,2.9342740000000003,4.321041,11.570103,0,2591700,15.735572,Interactive,1,1.75
447900,ZXTIUCxfgq3vkGZD/2BQw+TV6+lOf+SvJrb8omrgZzK+IXmh5Fg2OLSlCW4jjjdm,2.545954,25.150562,62.242551,0,2591700,15.735572,Interactive,1,1.75
448200,ZXTIUCxfgq3vkGZD/2BQw+TV6+lOf+SvJrb8omrgZzK+IXmh5Fg2OLSlCW4jjjdm,2.494721,18.799778,62.78389,0,2591700,15.735572,Interactive,1,1.75
448500,ZXTIUCxfgq3vkGZD/2BQw+TV6+lOf+SvJrb8omrgZzK+IXmh5Fg2OLSlCW4jjjdm,2.66635,3.162417,4.312919,0,2591700,15.735572,Interactive,1,1.75
448800,ZXTIUCxfgq3vkGZD/2BQw+TV6+lOf+SvJrb8omrgZzK+IXmh5Fg2OLSlCW4jjjdm,2.128766,3.346402,4.420646,0,2591700,15.735572,Interactive,1,1.75
449100,ZXTIUCxfgq3vkGZD/2BQw+TV6+lOf+SvJrb8omrgZzK+IXmh5Fg2OLSlCW4jjjdm,2.538249,3.2949660000000005,5.598774,0,2591700,15.735572,Interactive,1,1.75
449400,ZXTIUCxfgq3vkGZD/2BQw+TV6+lOf+SvJrb8omrgZzK+IXmh5Fg2OLSlCW4jjjdm,2.546961,3.171025,4.150829,0,2591700,15.735572,Interactive,1,1.75
449700,ZXTIUCxfgq3vkGZD/2BQw+TV6+lOf+SvJrb8omrgZzK+IXmh5Fg2OLSlCW4jjjdm,2.768832,3.483472,4.773417,0,2591700,15.735572,Interactive,1,1.75
450000,ZXTIUCxfgq3vkGZD/2BQw+TV6+lOf+SvJrb8omrgZzK+IXmh5Fg2OLSlCW4jjjdm,2.557675,3.187378,5.507312000000001,0,2591700,15.735572,Interactive,1,1.75
450300,ZXTIUCxfgq3vkGZD/2BQw+TV6+lOf+SvJrb8omrgZzK+IXmh5Fg2OLSlCW4jjjdm,2.523705,3.265887,4.514211,0,2591700,15.735572,Interactive,1,1.75
450600,ZXTIUCxfgq3vkGZD/2BQw+TV6+lOf+SvJrb8omrgZzK+IXmh5Fg2OLSlCW4jjjdm,2.554478,3.478658,4.42328,0,2591700,15.735572,Interactive,1,1.75
450900,ZXTIUCxfgq3vkGZD/2BQw+TV6+lOf+SvJrb8omrgZzK+IXmh5Fg2OLSlCW4jjjdm,1.908016,3.081414,5.768369,0,2591700,15.735572,Interactive,1,1.75
451200,ZXTIUCxfgq3vkGZD/2BQw+TV6+lOf+SvJrb8omrgZzK+IXmh5Fg2OLSlCW4jjjdm,2.490681,3.173258,4.2191790000000005,0,2591700,15.735572,Interactive,1,1.75
451500,ZXTIUCxfgq3vkGZD/2BQw+TV6+lOf+SvJrb8omrgZzK+IXmh5Fg2OLSlCW4jjjdm,2.689966,3.397899,4.488905,0,2591700,15.735572,Interactive,1,1.75
451800,ZXTIUCxfgq3vkGZD/2BQw+TV6+lOf+SvJrb8omrgZzK+IXmh5Fg2OLSlCW4jjjdm,2.608574,3.244359,5.393276,0,2591700,15.735572,Interactive,1,1.75
452100,ZXTIUCxfgq3vkGZD/2BQw+TV6+lOf+SvJrb8omrgZzK+IXmh5Fg2OLSlCW4jjjdm,2.555426,4.024636,10.737871,0,2591700,15.735572,Interactive,1,1.75
452400,ZXTIUCxfgq3vkGZD/2BQw+TV6+lOf+SvJrb8omrgZzK+IXmh5Fg2OLSlCW4jjjdm,2.81873,3.409638,4.400498000000001,0,2591700,15.735572,Interactive,1,1.75
452700,ZXTIUCxfgq3vkGZD/2BQw+TV6+lOf+SvJrb8omrgZzK+IXmh5Fg2OLSlCW4jjjdm,2.54776,5.042507,21.738647,0,2591700,15.735572,Interactive,1,1.75
453000,ZXTIUCxfgq3vkGZD/2BQw+TV6+lOf+SvJrb8omrgZzK+IXmh5Fg2OLSlCW4jjjdm,2.551019,4.190159,11.86981,0,2591700,15.735572,Interactive,1,1.75
453300,ZXTIUCxfgq3vkGZD/2BQw+TV6+lOf+SvJrb8omrgZzK+IXmh5Fg2OLSlCW4jjjdm,2.543866,3.398372,4.613037,0,2591700,15.735572,Interactive,1,1.75
453600,ZXTIUCxfgq3vkGZD/2BQw+TV6+lOf+SvJrb8omrgZzK+IXmh5Fg2OLSlCW4jjjdm,1.709165,3.079216,5.594367,0,2591700,15.735572,Interactive,1,1.75
453900,ZXTIUCxfgq3vkGZD/2BQw+TV6+lOf+SvJrb8omrgZzK+IXmh5Fg2OLSlCW4jjjdm,2.63475,3.266234,4.284762000000001,0,2591700,15.735572,Interactive,1,1.75
454200,ZXTIUCxfgq3vkGZD/2BQw+TV6+lOf+SvJrb8omrgZzK+IXmh5Fg2OLSlCW4jjjdm,2.110066,3.398118,4.549841000000001,0,2591700,15.735572,Interactive,1,1.75
454500,ZXTIUCxfgq3vkGZD/2BQw+TV6+lOf+SvJrb8omrgZzK+IXmh5Fg2OLSlCW4jjjdm,2.521386,3.181943,5.680113,0,2591700,15.735572,Interactive,1,1.75
454800,ZXTIUCxfgq3vkGZD/2BQw+TV6+lOf+SvJrb8omrgZzK+IXmh5Fg2OLSlCW4jjjdm,1.899386,3.1590830000000003,4.290634,0,2591700,15.735572,Interactive,1,1.75
455100,ZXTIUCxfgq3vkGZD/2BQw+TV6+lOf+SvJrb8omrgZzK+IXmh5Fg2OLSlCW4jjjdm,2.7332970000000003,3.386224,4.307957,0,2591700,15.735572,Interactive,1,1.75
455400,ZXTIUCxfgq3vkGZD/2BQw+TV6+lOf+SvJrb8omrgZzK+IXmh5Fg2OLSlCW4jjjdm,2.370569,3.079225,5.324801,0,2591700,15.735572,Interactive,1,1.75
455700,ZXTIUCxfgq3vkGZD/2BQw+TV6+lOf+SvJrb8omrgZzK+IXmh5Fg2OLSlCW4jjjdm,1.803148,3.081666,4.169351,0,2591700,15.735572,Interactive,1,1.75
456000,ZXTIUCxfgq3vkGZD/2BQw+TV6+lOf+SvJrb8omrgZzK+IXmh5Fg2OLSlCW4jjjdm,2.679909,3.327143,4.223123999999999,0,2591700,15.735572,Interactive,1,1.75
456300,ZXTIUCxfgq3vkGZD/2BQw+TV6+lOf+SvJrb8omrgZzK+IXmh5Fg2OLSlCW4jjjdm,2.325611,3.104662,5.316049,0,2591700,15.735572,Interactive,1,1.75
456600,ZXTIUCxfgq3vkGZD/2BQw+TV6+lOf+SvJrb8omrgZzK+IXmh5Fg2OLSlCW4jjjdm,2.536131,3.214017,4.135333999999999,0,2591700,15.735572,Interactive,1,1.75
456900,ZXTIUCxfgq3vkGZD/2BQw+TV6+lOf+SvJrb8omrgZzK+IXmh5Fg2OLSlCW4jjjdm,2.17183,3.3586050000000003,4.3132150000000005,0,2591700,15.735572,Interactive,1,1.75
457200,ZXTIUCxfgq3vkGZD/2BQw+TV6+lOf+SvJrb8omrgZzK+IXmh5Fg2OLSlCW4jjjdm,2.469263,3.127607,5.13041,0,2591700,15.735572,Interactive,1,1.75
457500,ZXTIUCxfgq3vkGZD/2BQw+TV6+lOf+SvJrb8omrgZzK+IXmh5Fg2OLSlCW4jjjdm,1.8415,3.151168,4.337331,0,2591700,15.735572,Interactive,1,1.75
457800,ZXTIUCxfgq3vkGZD/2BQw+TV6+lOf+SvJrb8omrgZzK+IXmh5Fg2OLSlCW4jjjdm,2.656796,3.421939,4.384493,0,2591700,15.735572,Interactive,1,1.75
458100,ZXTIUCxfgq3vkGZD/2BQw+TV6+lOf+SvJrb8omrgZzK+IXmh5Fg2OLSlCW4jjjdm,2.401133,3.136866,5.50534,0,2591700,15.735572,Interactive,1,1.75
458400,ZXTIUCxfgq3vkGZD/2BQw+TV6+lOf+SvJrb8omrgZzK+IXmh5Fg2OLSlCW4jjjdm,2.161538,3.224271,4.126698,0,2591700,15.735572,Interactive,1,1.75
458700,ZXTIUCxfgq3vkGZD/2BQw+TV6+lOf+SvJrb8omrgZzK+IXmh5Fg2OLSlCW4jjjdm,2.652325,3.476164,4.605727,0,2591700,15.735572,Interactive,1,1.75
459000,ZXTIUCxfgq3vkGZD/2BQw+TV6+lOf+SvJrb8omrgZzK+IXmh5Fg2OLSlCW4jjjdm,2.66696,3.238738,5.248775,0,2591700,15.735572,Interactive,1,1.75
459300,ZXTIUCxfgq3vkGZD/2BQw+TV6+lOf+SvJrb8omrgZzK+IXmh5Fg2OLSlCW4jjjdm,2.584975,3.191452,4.0237620000000005,0,2591700,15.735572,Interactive,1,1.75
459600,ZXTIUCxfgq3vkGZD/2BQw+TV6+lOf+SvJrb8omrgZzK+IXmh5Fg2OLSlCW4jjjdm,1.953085,3.287232,4.259291,0,2591700,15.735572,Interactive,1,1.75
459900,ZXTIUCxfgq3vkGZD/2BQw+TV6+lOf+SvJrb8omrgZzK+IXmh5Fg2OLSlCW4jjjdm,2.44085,3.2008400000000004,5.11469,0,2591700,15.735572,Interactive,1,1.75
460200,ZXTIUCxfgq3vkGZD/2BQw+TV6+lOf+SvJrb8omrgZzK+IXmh5Fg2OLSlCW4jjjdm,1.834285,3.207158,4.088437,0,2591700,15.735572,Interactive,1,1.75
460500,ZXTIUCxfgq3vkGZD/2BQw+TV6+lOf+SvJrb8omrgZzK+IXmh5Fg2OLSlCW4jjjdm,2.566503,3.363213,4.0491790000000005,0,2591700,15.735572,Interactive,1,1.75
460800,ZXTIUCxfgq3vkGZD/2BQw+TV6+lOf+SvJrb8omrgZzK+IXmh5Fg2OLSlCW4jjjdm,2.002354,3.120374,5.063584,0,2591700,15.735572,Interactive,1,1.75
461100,ZXTIUCxfgq3vkGZD/2BQw+TV6+lOf+SvJrb8omrgZzK+IXmh5Fg2OLSlCW4jjjdm,2.113078,3.139993,4.121746,0,2591700,15.735572,Interactive,1,1.75
461400,ZXTIUCxfgq3vkGZD/2BQw+TV6+lOf+SvJrb8omrgZzK+IXmh5Fg2OLSlCW4jjjdm,2.452345,3.3466730000000005,4.281109,0,2591700,15.735572,Interactive,1,1.75
461700,ZXTIUCxfgq3vkGZD/2BQw+TV6+lOf+SvJrb8omrgZzK+IXmh5Fg2OLSlCW4jjjdm,2.384838,3.047534,4.355718,0,2591700,15.735572,Interactive,1,1.75
462000,ZXTIUCxfgq3vkGZD/2BQw+TV6+lOf+SvJrb8omrgZzK+IXmh5Fg2OLSlCW4jjjdm,2.463993,3.197692,4.25393,0,2591700,15.735572,Interactive,1,1.75
462300,ZXTIUCxfgq3vkGZD/2BQw+TV6+lOf+SvJrb8omrgZzK+IXmh5Fg2OLSlCW4jjjdm,2.150669,3.193213,4.261787,0,2591700,15.735572,Interactive,1,1.75
462600,ZXTIUCxfgq3vkGZD/2BQw+TV6+lOf+SvJrb8omrgZzK+IXmh5Fg2OLSlCW4jjjdm,11.586601,25.660393,46.220326,0,2591700,15.735572,Interactive,1,1.75
462900,ZXTIUCxfgq3vkGZD/2BQw+TV6+lOf+SvJrb8omrgZzK+IXmh5Fg2OLSlCW4jjjdm,2.845885,12.932221,55.287699,0,2591700,15.735572,Interactive,1,1.75
463200,ZXTIUCxfgq3vkGZD/2BQw+TV6+lOf+SvJrb8omrgZzK+IXmh5Fg2OLSlCW4jjjdm,4.810122,30.092121,79.994525,0,2591700,15.735572,Interactive,1,1.75
463500,ZXTIUCxfgq3vkGZD/2BQw+TV6+lOf+SvJrb8omrgZzK+IXmh5Fg2OLSlCW4jjjdm,55.102413,75.477518,84.072051,0,2591700,15.735572,Interactive,1,1.75
463800,ZXTIUCxfgq3vkGZD/2BQw+TV6+lOf+SvJrb8omrgZzK+IXmh5Fg2OLSlCW4jjjdm,3.950718,30.986672,89.39540799999999,0,2591700,15.735572,Interactive,1,1.75
464100,ZXTIUCxfgq3vkGZD/2BQw+TV6+lOf+SvJrb8omrgZzK+IXmh5Fg2OLSlCW4jjjdm,4.088868,15.472385999999998,60.106219,0,2591700,15.735572,Interactive,1,1.75
464400,ZXTIUCxfgq3vkGZD/2BQw+TV6+lOf+SvJrb8omrgZzK+IXmh5Fg2OLSlCW4jjjdm,21.148753,41.093414,57.058523,0,2591700,15.735572,Interactive,1,1.75
464700,ZXTIUCxfgq3vkGZD/2BQw+TV6+lOf+SvJrb8omrgZzK+IXmh5Fg2OLSlCW4jjjdm,33.400268,57.194339,83.674518,0,2591700,15.735572,Interactive,1,1.75
465000,ZXTIUCxfgq3vkGZD/2BQw+TV6+lOf+SvJrb8omrgZzK+IXmh5Fg2OLSlCW4jjjdm,72.212938,82.480564,90.343929,0,2591700,15.735572,Interactive,1,1.75
465300,ZXTIUCxfgq3vkGZD/2BQw+TV6+lOf+SvJrb8omrgZzK+IXmh5Fg2OLSlCW4jjjdm,74.795261,85.118127,93.106443,0,2591700,15.735572,Interactive,1,1.75
465600,ZXTIUCxfgq3vkGZD/2BQw+TV6+lOf+SvJrb8omrgZzK+IXmh5Fg2OLSlCW4jjjdm,56.64011899999999,86.340492,93.719182,0,2591700,15.735572,Interactive,1,1.75
465900,ZXTIUCxfgq3vkGZD/2BQw+TV6+lOf+SvJrb8omrgZzK+IXmh5Fg2OLSlCW4jjjdm,92.572012,93.528673,94.783262,0,2591700,15.735572,Interactive,1,1.75
466200,ZXTIUCxfgq3vkGZD/2BQw+TV6+lOf+SvJrb8omrgZzK+IXmh5Fg2OLSlCW4jjjdm,84.447011,91.387149,94.216576,0,2591700,15.735572,Interactive,1,1.75
466500,ZXTIUCxfgq3vkGZD/2BQw+TV6+lOf+SvJrb8omrgZzK+IXmh5Fg2OLSlCW4jjjdm,14.171478,69.687896,90.673054,0,2591700,15.735572,Interactive,1,1.75
466800,ZXTIUCxfgq3vkGZD/2BQw+TV6+lOf+SvJrb8omrgZzK+IXmh5Fg2OLSlCW4jjjdm,2.827223,6.433865,13.722551,0,2591700,15.735572,Interactive,1,1.75
467100,ZXTIUCxfgq3vkGZD/2BQw+TV6+lOf+SvJrb8omrgZzK+IXmh5Fg2OLSlCW4jjjdm,2.240016,3.350524,5.728513,0,2591700,15.735572,Interactive,1,1.75
467400,ZXTIUCxfgq3vkGZD/2BQw+TV6+lOf+SvJrb8omrgZzK+IXmh5Fg2OLSlCW4jjjdm,2.51612,3.786128,8.079854,0,2591700,15.735572,Interactive,1,1.75
467700,ZXTIUCxfgq3vkGZD/2BQw+TV6+lOf+SvJrb8omrgZzK+IXmh5Fg2OLSlCW4jjjdm,3.102525,37.127996,62.536265,0,2591700,15.735572,Interactive,1,1.75
468000,ZXTIUCxfgq3vkGZD/2BQw+TV6+lOf+SvJrb8omrgZzK+IXmh5Fg2OLSlCW4jjjdm,2.414832,3.115442,4.21353,0,2591700,15.735572,Interactive,1,1.75
468300,ZXTIUCxfgq3vkGZD/2BQw+TV6+lOf+SvJrb8omrgZzK+IXmh5Fg2OLSlCW4jjjdm,2.645655,3.20353,4.354517,0,2591700,15.735572,Interactive,1,1.75
468600,ZXTIUCxfgq3vkGZD/2BQw+TV6+lOf+SvJrb8omrgZzK+IXmh5Fg2OLSlCW4jjjdm,2.440921,3.3793620000000004,6.4757430000000005,0,2591700,15.735572,Interactive,1,1.75
468900,ZXTIUCxfgq3vkGZD/2BQw+TV6+lOf+SvJrb8omrgZzK+IXmh5Fg2OLSlCW4jjjdm,2.430923,3.111,4.594072,0,2591700,15.735572,Interactive,1,1.75
469200,ZXTIUCxfgq3vkGZD/2BQw+TV6+lOf+SvJrb8omrgZzK+IXmh5Fg2OLSlCW4jjjdm,2.463605,3.147571,4.197841,0,2591700,15.735572,Interactive,1,1.75
469500,ZXTIUCxfgq3vkGZD/2BQw+TV6+lOf+SvJrb8omrgZzK+IXmh5Fg2OLSlCW4jjjdm,2.540225,15.010998,58.659072,0,2591700,15.735572,Interactive,1,1.75
469800,ZXTIUCxfgq3vkGZD/2BQw+TV6+lOf+SvJrb8omrgZzK+IXmh5Fg2OLSlCW4jjjdm,4.319033999999999,32.138690999999994,93.07421,0,2591700,15.735572,Interactive,1,1.75
470100,ZXTIUCxfgq3vkGZD/2BQw+TV6+lOf+SvJrb8omrgZzK+IXmh5Fg2OLSlCW4jjjdm,91.347998,94.395913,95.578637,0,2591700,15.735572,Interactive,1,1.75
470400,ZXTIUCxfgq3vkGZD/2BQw+TV6+lOf+SvJrb8omrgZzK+IXmh5Fg2OLSlCW4jjjdm,72.13327199999999,85.34630899999999,94.564594,0,2591700,15.735572,Interactive,1,1.75
470700,ZXTIUCxfgq3vkGZD/2BQw+TV6+lOf+SvJrb8omrgZzK+IXmh5Fg2OLSlCW4jjjdm,5.270961,17.949832,82.428676,0,2591700,15.735572,Interactive,1,1.75
471000,ZXTIUCxfgq3vkGZD/2BQw+TV6+lOf+SvJrb8omrgZzK+IXmh5Fg2OLSlCW4jjjdm,5.09057,6.128007,7.411364,0,2591700,15.735572,Interactive,1,1.75
471300,ZXTIUCxfgq3vkGZD/2BQw+TV6+lOf+SvJrb8omrgZzK+IXmh5Fg2OLSlCW4jjjdm,5.3297300000000005,6.493556,9.447961,0,2591700,15.735572,Interactive,1,1.75
471600,ZXTIUCxfgq3vkGZD/2BQw+TV6+lOf+SvJrb8omrgZzK+IXmh5Fg2OLSlCW4jjjdm,5.339549,6.104762,8.19996,0,2591700,15.735572,Interactive,1,1.75
471900,ZXTIUCxfgq3vkGZD/2BQw+TV6+lOf+SvJrb8omrgZzK+IXmh5Fg2OLSlCW4jjjdm,5.143504,6.115341,7.330789,0,2591700,15.735572,Interactive,1,1.75
472200,ZXTIUCxfgq3vkGZD/2BQw+TV6+lOf+SvJrb8omrgZzK+IXmh5Fg2OLSlCW4jjjdm,5.232225,6.4817730000000005,9.711311,0,2591700,15.735572,Interactive,1,1.75
472500,ZXTIUCxfgq3vkGZD/2BQw+TV6+lOf+SvJrb8omrgZzK+IXmh5Fg2OLSlCW4jjjdm,3.760793,5.956938,7.781477000000001,0,2591700,15.735572,Interactive,1,1.75
472800,ZXTIUCxfgq3vkGZD/2BQw+TV6+lOf+SvJrb8omrgZzK+IXmh5Fg2OLSlCW4jjjdm,5.163025,6.069149,7.385200999999999,0,2591700,15.735572,Interactive,1,1.75
473100,ZXTIUCxfgq3vkGZD/2BQw+TV6+lOf+SvJrb8omrgZzK+IXmh5Fg2OLSlCW4jjjdm,5.244308,6.5278540000000005,8.548231,0,2591700,15.735572,Interactive,1,1.75
473400,ZXTIUCxfgq3vkGZD/2BQw+TV6+lOf+SvJrb8omrgZzK+IXmh5Fg2OLSlCW4jjjdm,5.37856,6.019089,7.175839999999999,0,2591700,15.735572,Interactive,1,1.75
473700,ZXTIUCxfgq3vkGZD/2BQw+TV6+lOf+SvJrb8omrgZzK+IXmh5Fg2OLSlCW4jjjdm,4.694275,6.116194,8.659226,0,2591700,15.735572,Interactive,1,1.75
474000,ZXTIUCxfgq3vkGZD/2BQw+TV6+lOf+SvJrb8omrgZzK+IXmh5Fg2OLSlCW4jjjdm,5.358522,6.361387000000001,8.373673,0,2591700,15.735572,Interactive,1,1.75
474300,ZXTIUCxfgq3vkGZD/2BQw+TV6+lOf+SvJrb8omrgZzK+IXmh5Fg2OLSlCW4jjjdm,5.3072040000000005,5.998972,7.427685,0,2591700,15.735572,Interactive,1,1.75
474600,ZXTIUCxfgq3vkGZD/2BQw+TV6+lOf+SvJrb8omrgZzK+IXmh5Fg2OLSlCW4jjjdm,5.128575,6.008093,8.057342,0,2591700,15.735572,Interactive,1,1.75
474900,ZXTIUCxfgq3vkGZD/2BQw+TV6+lOf+SvJrb8omrgZzK+IXmh5Fg2OLSlCW4jjjdm,5.32546,6.456429,8.643269,0,2591700,15.735572,Interactive,1,1.75
475200,ZXTIUCxfgq3vkGZD/2BQw+TV6+lOf+SvJrb8omrgZzK+IXmh5Fg2OLSlCW4jjjdm,5.077364,6.041172,8.065569,0,2591700,15.735572,Interactive,1,1.75
475500,ZXTIUCxfgq3vkGZD/2BQw+TV6+lOf+SvJrb8omrgZzK+IXmh5Fg2OLSlCW4jjjdm,5.338566999999999,6.232391000000001,8.664388,0,2591700,15.735572,Interactive,1,1.75
475800,ZXTIUCxfgq3vkGZD/2BQw+TV6+lOf+SvJrb8omrgZzK+IXmh5Fg2OLSlCW4jjjdm,5.372921,7.00075,10.411787,0,2591700,15.735572,Interactive,1,1.75
476100,ZXTIUCxfgq3vkGZD/2BQw+TV6+lOf+SvJrb8omrgZzK+IXmh5Fg2OLSlCW4jjjdm,5.137788,6.165776,7.63571,0,2591700,15.735572,Interactive,1,1.75
476400,ZXTIUCxfgq3vkGZD/2BQw+TV6+lOf+SvJrb8omrgZzK+IXmh5Fg2OLSlCW4jjjdm,4.826178,5.9255830000000005,8.220315,0,2591700,15.735572,Interactive,1,1.75
476700,ZXTIUCxfgq3vkGZD/2BQw+TV6+lOf+SvJrb8omrgZzK+IXmh5Fg2OLSlCW4jjjdm,5.258693,6.383916,8.889156,0,2591700,15.735572,Interactive,1,1.75
477000,ZXTIUCxfgq3vkGZD/2BQw+TV6+lOf+SvJrb8omrgZzK+IXmh5Fg2OLSlCW4jjjdm,5.206871,5.884688,7.594216,0,2591700,15.735572,Interactive,1,1.75
477300,ZXTIUCxfgq3vkGZD/2BQw+TV6+lOf+SvJrb8omrgZzK+IXmh5Fg2OLSlCW4jjjdm,4.099794,5.99266,8.58348,0,2591700,15.735572,Interactive,1,1.75
477600,ZXTIUCxfgq3vkGZD/2BQw+TV6+lOf+SvJrb8omrgZzK+IXmh5Fg2OLSlCW4jjjdm,5.283189,6.425287,8.675694,0,2591700,15.735572,Interactive,1,1.75
477900,ZXTIUCxfgq3vkGZD/2BQw+TV6+lOf+SvJrb8omrgZzK+IXmh5Fg2OLSlCW4jjjdm,4.907973999999999,6.032426999999999,8.191358000000001,0,2591700,15.735572,Interactive,1,1.75
478200,ZXTIUCxfgq3vkGZD/2BQw+TV6+lOf+SvJrb8omrgZzK+IXmh5Fg2OLSlCW4jjjdm,5.285741000000001,6.153608,8.612716,0,2591700,15.735572,Interactive,1,1.75
478500,ZXTIUCxfgq3vkGZD/2BQw+TV6+lOf+SvJrb8omrgZzK+IXmh5Fg2OLSlCW4jjjdm,4.68433,6.396928,9.217012,0,2591700,15.735572,Interactive,1,1.75
478800,ZXTIUCxfgq3vkGZD/2BQw+TV6+lOf+SvJrb8omrgZzK+IXmh5Fg2OLSlCW4jjjdm,5.342482,6.049967,7.658767999999999,0,2591700,15.735572,Interactive,1,1.75
479100,ZXTIUCxfgq3vkGZD/2BQw+TV6+lOf+SvJrb8omrgZzK+IXmh5Fg2OLSlCW4jjjdm,4.387751000000001,6.210249,8.750863,0,2591700,15.735572,Interactive,1,1.75
479400,ZXTIUCxfgq3vkGZD/2BQw+TV6+lOf+SvJrb8omrgZzK+IXmh5Fg2OLSlCW4jjjdm,5.258629,6.486739,8.893567000000001,0,2591700,15.735572,Interactive,1,1.75
479700,ZXTIUCxfgq3vkGZD/2BQw+TV6+lOf+SvJrb8omrgZzK+IXmh5Fg2OLSlCW4jjjdm,5.001289,5.927205000000001,8.425305,0,2591700,15.735572,Interactive,1,1.75
480000,ZXTIUCxfgq3vkGZD/2BQw+TV6+lOf+SvJrb8omrgZzK+IXmh5Fg2OLSlCW4jjjdm,4.369918,6.01844,8.427582000000001,0,2591700,15.735572,Interactive,1,1.75
480300,ZXTIUCxfgq3vkGZD/2BQw+TV6+lOf+SvJrb8omrgZzK+IXmh5Fg2OLSlCW4jjjdm,5.233206,6.5963020000000006,9.442196,0,2591700,15.735572,Interactive,1,1.75
480600,ZXTIUCxfgq3vkGZD/2BQw+TV6+lOf+SvJrb8omrgZzK+IXmh5Fg2OLSlCW4jjjdm,5.189698,6.038983,8.290713,0,2591700,15.735572,Interactive,1,1.75
480900,ZXTIUCxfgq3vkGZD/2BQw+TV6+lOf+SvJrb8omrgZzK+IXmh5Fg2OLSlCW4jjjdm,5.141757,6.281821,9.152033,0,2591700,15.735572,Interactive,1,1.75
481200,ZXTIUCxfgq3vkGZD/2BQw+TV6+lOf+SvJrb8omrgZzK+IXmh5Fg2OLSlCW4jjjdm,5.366354,6.751628,9.245549,0,2591700,15.735572,Interactive,1,1.75
481500,ZXTIUCxfgq3vkGZD/2BQw+TV6+lOf+SvJrb8omrgZzK+IXmh5Fg2OLSlCW4jjjdm,5.428532,6.330949,8.44011,0,2591700,15.735572,Interactive,1,1.75
481800,ZXTIUCxfgq3vkGZD/2BQw+TV6+lOf+SvJrb8omrgZzK+IXmh5Fg2OLSlCW4jjjdm,5.319291000000001,53.63174300000001,93.773079,0,2591700,15.735572,Interactive,1,1.75
482100,ZXTIUCxfgq3vkGZD/2BQw+TV6+lOf+SvJrb8omrgZzK+IXmh5Fg2OLSlCW4jjjdm,85.802011,90.832711,94.10575,0,2591700,15.735572,Interactive,1,1.75
482400,ZXTIUCxfgq3vkGZD/2BQw+TV6+lOf+SvJrb8omrgZzK+IXmh5Fg2OLSlCW4jjjdm,76.72101500000001,88.753088,94.105784,0,2591700,15.735572,Interactive,1,1.75
482700,ZXTIUCxfgq3vkGZD/2BQw+TV6+lOf+SvJrb8omrgZzK+IXmh5Fg2OLSlCW4jjjdm,5.74846,42.174392,93.320244,0,2591700,15.735572,Interactive,1,1.75
483000,ZXTIUCxfgq3vkGZD/2BQw+TV6+lOf+SvJrb8omrgZzK+IXmh5Fg2OLSlCW4jjjdm,5.047527,6.895331,8.533805000000001,0,2591700,15.735572,Interactive,1,1.75
483300,ZXTIUCxfgq3vkGZD/2BQw+TV6+lOf+SvJrb8omrgZzK+IXmh5Fg2OLSlCW4jjjdm,5.428879,6.572727,7.961896,0,2591700,15.735572,Interactive,1,1.75
483600,ZXTIUCxfgq3vkGZD/2BQw+TV6+lOf+SvJrb8omrgZzK+IXmh5Fg2OLSlCW4jjjdm,5.467933,6.379213,8.927622999999999,0,2591700,15.735572,Interactive,1,1.75
483900,ZXTIUCxfgq3vkGZD/2BQw+TV6+lOf+SvJrb8omrgZzK+IXmh5Fg2OLSlCW4jjjdm,4.565942,6.587144,9.242287,0,2591700,15.735572,Interactive,1,1.75
484200,ZXTIUCxfgq3vkGZD/2BQw+TV6+lOf+SvJrb8omrgZzK+IXmh5Fg2OLSlCW4jjjdm,5.672124,6.493414,8.025478999999999,0,2591700,15.735572,Interactive,1,1.75
484500,ZXTIUCxfgq3vkGZD/2BQw+TV6+lOf+SvJrb8omrgZzK+IXmh5Fg2OLSlCW4jjjdm,5.245145,7.473459,15.120142,0,2591700,15.735572,Interactive,1,1.75
484800,ZXTIUCxfgq3vkGZD/2BQw+TV6+lOf+SvJrb8omrgZzK+IXmh5Fg2OLSlCW4jjjdm,5.660667,6.598875,9.306605,0,2591700,15.735572,Interactive,1,1.75
485100,ZXTIUCxfgq3vkGZD/2BQw+TV6+lOf+SvJrb8omrgZzK+IXmh5Fg2OLSlCW4jjjdm,5.641407,6.635002,8.33118,0,2591700,15.735572,Interactive,1,1.75
485400,ZXTIUCxfgq3vkGZD/2BQw+TV6+lOf+SvJrb8omrgZzK+IXmh5Fg2OLSlCW4jjjdm,5.345216000000001,6.384878,9.234212,0,2591700,15.735572,Interactive,1,1.75
485700,ZXTIUCxfgq3vkGZD/2BQw+TV6+lOf+SvJrb8omrgZzK+IXmh5Fg2OLSlCW4jjjdm,5.288794,6.688053999999999,9.601409,0,2591700,15.735572,Interactive,1,1.75
486000,ZXTIUCxfgq3vkGZD/2BQw+TV6+lOf+SvJrb8omrgZzK+IXmh5Fg2OLSlCW4jjjdm,5.584899,6.292299,7.409536999999999,0,2591700,15.735572,Interactive,1,1.75
486300,ZXTIUCxfgq3vkGZD/2BQw+TV6+lOf+SvJrb8omrgZzK+IXmh5Fg2OLSlCW4jjjdm,5.273829,6.564145,9.812959,0,2591700,15.735572,Interactive,1,1.75
486600,ZXTIUCxfgq3vkGZD/2BQw+TV6+lOf+SvJrb8omrgZzK+IXmh5Fg2OLSlCW4jjjdm,5.737411,6.644852,9.248121,0,2591700,15.735572,Interactive,1,1.75
486900,ZXTIUCxfgq3vkGZD/2BQw+TV6+lOf+SvJrb8omrgZzK+IXmh5Fg2OLSlCW4jjjdm,5.799508,6.814518,8.356775,0,2591700,15.735572,Interactive,1,1.75
487200,ZXTIUCxfgq3vkGZD/2BQw+TV6+lOf+SvJrb8omrgZzK+IXmh5Fg2OLSlCW4jjjdm,5.500837000000001,7.512969,15.538752,0,2591700,15.735572,Interactive,1,1.75
487500,ZXTIUCxfgq3vkGZD/2BQw+TV6+lOf+SvJrb8omrgZzK+IXmh5Fg2OLSlCW4jjjdm,5.760771,6.781471000000001,9.893934,0,2591700,15.735572,Interactive,1,1.75
487800,ZXTIUCxfgq3vkGZD/2BQw+TV6+lOf+SvJrb8omrgZzK+IXmh5Fg2OLSlCW4jjjdm,5.287758999999999,6.600967999999999,9.336825,0,2591700,15.735572,Interactive,1,1.75
488100,ZXTIUCxfgq3vkGZD/2BQw+TV6+lOf+SvJrb8omrgZzK+IXmh5Fg2OLSlCW4jjjdm,5.236242,6.622176,8.731802,0,2591700,15.735572,Interactive,1,1.75
488400,ZXTIUCxfgq3vkGZD/2BQw+TV6+lOf+SvJrb8omrgZzK+IXmh5Fg2OLSlCW4jjjdm,5.632765,7.374598,12.071891,0,2591700,15.735572,Interactive,1,1.75
488700,ZXTIUCxfgq3vkGZD/2BQw+TV6+lOf+SvJrb8omrgZzK+IXmh5Fg2OLSlCW4jjjdm,5.236927,6.476936,9.545649,0,2591700,15.735572,Interactive,1,1.75
489000,ZXTIUCxfgq3vkGZD/2BQw+TV6+lOf+SvJrb8omrgZzK+IXmh5Fg2OLSlCW4jjjdm,5.507959,6.54744,8.759614,0,2591700,15.735572,Interactive,1,1.75
489300,ZXTIUCxfgq3vkGZD/2BQw+TV6+lOf+SvJrb8omrgZzK+IXmh5Fg2OLSlCW4jjjdm,5.683016,6.732736999999999,10.0998,0,2591700,15.735572,Interactive,1,1.75
489600,ZXTIUCxfgq3vkGZD/2BQw+TV6+lOf+SvJrb8omrgZzK+IXmh5Fg2OLSlCW4jjjdm,5.505794,6.613001,9.262625,0,2591700,15.735572,Interactive,1,1.75
489900,ZXTIUCxfgq3vkGZD/2BQw+TV6+lOf+SvJrb8omrgZzK+IXmh5Fg2OLSlCW4jjjdm,5.234318,7.563057000000001,14.633636,0,2591700,15.735572,Interactive,1,1.75
490200,ZXTIUCxfgq3vkGZD/2BQw+TV6+lOf+SvJrb8omrgZzK+IXmh5Fg2OLSlCW4jjjdm,5.56909,6.788766000000001,9.641128,0,2591700,15.735572,Interactive,1,1.75
490500,ZXTIUCxfgq3vkGZD/2BQw+TV6+lOf+SvJrb8omrgZzK+IXmh5Fg2OLSlCW4jjjdm,4.861648000000001,6.617468,9.132206,0,2591700,15.735572,Interactive,1,1.75
490800,ZXTIUCxfgq3vkGZD/2BQw+TV6+lOf+SvJrb8omrgZzK+IXmh5Fg2OLSlCW4jjjdm,5.4949010000000005,6.602013,8.802812,0,2591700,15.735572,Interactive,1,1.75
491100,ZXTIUCxfgq3vkGZD/2BQw+TV6+lOf+SvJrb8omrgZzK+IXmh5Fg2OLSlCW4jjjdm,5.717001,6.966133,10.293593,0,2591700,15.735572,Interactive,1,1.75
491400,ZXTIUCxfgq3vkGZD/2BQw+TV6+lOf+SvJrb8omrgZzK+IXmh5Fg2OLSlCW4jjjdm,4.315881,6.2773080000000006,9.03142,0,2591700,15.735572,Interactive,1,1.75
491700,ZXTIUCxfgq3vkGZD/2BQw+TV6+lOf+SvJrb8omrgZzK+IXmh5Fg2OLSlCW4jjjdm,5.229023000000001,6.652831,9.162954,0,2591700,15.735572,Interactive,1,1.75
492000,ZXTIUCxfgq3vkGZD/2BQw+TV6+lOf+SvJrb8omrgZzK+IXmh5Fg2OLSlCW4jjjdm,4.552171,6.649903,10.253341,0,2591700,15.735572,Interactive,1,1.75
492300,ZXTIUCxfgq3vkGZD/2BQw+TV6+lOf+SvJrb8omrgZzK+IXmh5Fg2OLSlCW4jjjdm,5.23093,6.926375,9.845522,0,2591700,15.735572,Interactive,1,1.75
492600,ZXTIUCxfgq3vkGZD/2BQw+TV6+lOf+SvJrb8omrgZzK+IXmh5Fg2OLSlCW4jjjdm,3.874134,6.521592,9.175275,0,2591700,15.735572,Interactive,1,1.75
492900,ZXTIUCxfgq3vkGZD/2BQw+TV6+lOf+SvJrb8omrgZzK+IXmh5Fg2OLSlCW4jjjdm,5.75929,6.931789,10.634416,0,2591700,15.735572,Interactive,1,1.75
493200,ZXTIUCxfgq3vkGZD/2BQw+TV6+lOf+SvJrb8omrgZzK+IXmh5Fg2OLSlCW4jjjdm,5.383853,6.719365,9.462861,0,2591700,15.735572,Interactive,1,1.75
493500,ZXTIUCxfgq3vkGZD/2BQw+TV6+lOf+SvJrb8omrgZzK+IXmh5Fg2OLSlCW4jjjdm,5.253919000000001,6.700525999999999,9.185414,0,2591700,15.735572,Interactive,1,1.75
493800,ZXTIUCxfgq3vkGZD/2BQw+TV6+lOf+SvJrb8omrgZzK+IXmh5Fg2OLSlCW4jjjdm,4.368041000000001,6.870316000000001,10.383456,0,2591700,15.735572,Interactive,1,1.75
494100,ZXTIUCxfgq3vkGZD/2BQw+TV6+lOf+SvJrb8omrgZzK+IXmh5Fg2OLSlCW4jjjdm,5.04944,6.348221,9.28082,0,2591700,15.735572,Interactive,1,1.75
494400,ZXTIUCxfgq3vkGZD/2BQw+TV6+lOf+SvJrb8omrgZzK+IXmh5Fg2OLSlCW4jjjdm,5.555231,12.634251,51.543484,0,2591700,15.735572,Interactive,1,1.75
494700,ZXTIUCxfgq3vkGZD/2BQw+TV6+lOf+SvJrb8omrgZzK+IXmh5Fg2OLSlCW4jjjdm,5.759102,7.017557000000001,10.825959,0,2591700,15.735572,Interactive,1,1.75
495000,ZXTIUCxfgq3vkGZD/2BQw+TV6+lOf+SvJrb8omrgZzK+IXmh5Fg2OLSlCW4jjjdm,5.6113290000000005,7.320833,10.56268,0,2591700,15.735572,Interactive,1,1.75
495300,ZXTIUCxfgq3vkGZD/2BQw+TV6+lOf+SvJrb8omrgZzK+IXmh5Fg2OLSlCW4jjjdm,5.652092,6.828865,9.742975,0,2591700,15.735572,Interactive,1,1.75
495600,ZXTIUCxfgq3vkGZD/2BQw+TV6+lOf+SvJrb8omrgZzK+IXmh5Fg2OLSlCW4jjjdm,5.810122,6.974123,10.616362,0,2591700,15.735572,Interactive,1,1.75
495900,ZXTIUCxfgq3vkGZD/2BQw+TV6+lOf+SvJrb8omrgZzK+IXmh5Fg2OLSlCW4jjjdm,5.571495,6.809778999999999,10.119647,0,2591700,15.735572,Interactive,1,1.75
496200,ZXTIUCxfgq3vkGZD/2BQw+TV6+lOf+SvJrb8omrgZzK+IXmh5Fg2OLSlCW4jjjdm,5.3085830000000005,6.53709,9.499885,0,2591700,15.735572,Interactive,1,1.75
496500,ZXTIUCxfgq3vkGZD/2BQw+TV6+lOf+SvJrb8omrgZzK+IXmh5Fg2OLSlCW4jjjdm,5.82755,7.344305,11.001759,0,2591700,15.735572,Interactive,1,1.75
496800,ZXTIUCxfgq3vkGZD/2BQw+TV6+lOf+SvJrb8omrgZzK+IXmh5Fg2OLSlCW4jjjdm,5.556038,6.320911,7.606236,0,2591700,15.735572,Interactive,1,1.75
497100,ZXTIUCxfgq3vkGZD/2BQw+TV6+lOf+SvJrb8omrgZzK+IXmh5Fg2OLSlCW4jjjdm,5.364684,6.735799,10.026899,0,2591700,15.735572,Interactive,1,1.75
497400,ZXTIUCxfgq3vkGZD/2BQw+TV6+lOf+SvJrb8omrgZzK+IXmh5Fg2OLSlCW4jjjdm,4.258473,6.767191,11.057609,0,2591700,15.735572,Interactive,1,1.75
497700,ZXTIUCxfgq3vkGZD/2BQw+TV6+lOf+SvJrb8omrgZzK+IXmh5Fg2OLSlCW4jjjdm,5.595837,7.015011,11.570308,0,2591700,15.735572,Interactive,1,1.75
498000,ZXTIUCxfgq3vkGZD/2BQw+TV6+lOf+SvJrb8omrgZzK+IXmh5Fg2OLSlCW4jjjdm,5.170403,6.377892,10.233012,0,2591700,15.735572,Interactive,1,1.75
498300,ZXTIUCxfgq3vkGZD/2BQw+TV6+lOf+SvJrb8omrgZzK+IXmh5Fg2OLSlCW4jjjdm,5.762501,7.107374,11.26738,0,2591700,15.735572,Interactive,1,1.75
498600,ZXTIUCxfgq3vkGZD/2BQw+TV6+lOf+SvJrb8omrgZzK+IXmh5Fg2OLSlCW4jjjdm,5.368058,6.660531,11.35282,0,2591700,15.735572,Interactive,1,1.75
498900,ZXTIUCxfgq3vkGZD/2BQw+TV6+lOf+SvJrb8omrgZzK+IXmh5Fg2OLSlCW4jjjdm,5.484874,6.8011,10.237906,0,2591700,15.735572,Interactive,1,1.75
499200,ZXTIUCxfgq3vkGZD/2BQw+TV6+lOf+SvJrb8omrgZzK+IXmh5Fg2OLSlCW4jjjdm,5.632847,6.870752,10.957545,0,2591700,15.735572,Interactive,1,1.75
499500,ZXTIUCxfgq3vkGZD/2BQw+TV6+lOf+SvJrb8omrgZzK+IXmh5Fg2OLSlCW4jjjdm,5.464641,6.284751,7.988758,0,2591700,15.735572,Interactive,1,1.75
499800,ZXTIUCxfgq3vkGZD/2BQw+TV6+lOf+SvJrb8omrgZzK+IXmh5Fg2OLSlCW4jjjdm,5.420133,6.600688000000001,9.892727,0,2591700,15.735572,Interactive,1,1.75
500100,ZXTIUCxfgq3vkGZD/2BQw+TV6+lOf+SvJrb8omrgZzK+IXmh5Fg2OLSlCW4jjjdm,5.730885,7.312661999999999,11.467102,0,2591700,15.735572,Interactive,1,1.75
500400,ZXTIUCxfgq3vkGZD/2BQw+TV6+lOf+SvJrb8omrgZzK+IXmh5Fg2OLSlCW4jjjdm,5.467653,6.923054,11.618682000000002,0,2591700,15.735572,Interactive,1,1.75
500700,ZXTIUCxfgq3vkGZD/2BQw+TV6+lOf+SvJrb8omrgZzK+IXmh5Fg2OLSlCW4jjjdm,5.107943,6.444609,10.431834,0,2591700,15.735572,Interactive,1,1.75
501000,ZXTIUCxfgq3vkGZD/2BQw+TV6+lOf+SvJrb8omrgZzK+IXmh5Fg2OLSlCW4jjjdm,5.713718,7.200511,11.344781,0,2591700,15.735572,Interactive,1,1.75
501300,ZXTIUCxfgq3vkGZD/2BQw+TV6+lOf+SvJrb8omrgZzK+IXmh5Fg2OLSlCW4jjjdm,4.632346,6.595103999999999,11.767552,0,2591700,15.735572,Interactive,1,1.75
501600,ZXTIUCxfgq3vkGZD/2BQw+TV6+lOf+SvJrb8omrgZzK+IXmh5Fg2OLSlCW4jjjdm,5.327939,6.537972,10.222892,0,2591700,15.735572,Interactive,1,1.75
501900,ZXTIUCxfgq3vkGZD/2BQw+TV6+lOf+SvJrb8omrgZzK+IXmh5Fg2OLSlCW4jjjdm,5.701982,7.593088000000001,11.991139,0,2591700,15.735572,Interactive,1,1.75
502200,ZXTIUCxfgq3vkGZD/2BQw+TV6+lOf+SvJrb8omrgZzK+IXmh5Fg2OLSlCW4jjjdm,5.211437,6.204878,7.831458,0,2591700,15.735572,Interactive,1,1.75
502500,ZXTIUCxfgq3vkGZD/2BQw+TV6+lOf+SvJrb8omrgZzK+IXmh5Fg2OLSlCW4jjjdm,5.361144,6.680748,10.664216,0,2591700,15.735572,Interactive,1,1.75
502800,ZXTIUCxfgq3vkGZD/2BQw+TV6+lOf+SvJrb8omrgZzK+IXmh5Fg2OLSlCW4jjjdm,5.116054,6.844312,11.750147,0,2591700,15.735572,Interactive,1,1.75
503100,ZXTIUCxfgq3vkGZD/2BQw+TV6+lOf+SvJrb8omrgZzK+IXmh5Fg2OLSlCW4jjjdm,5.467736,6.890272,11.914645,0,2591700,15.735572,Interactive,1,1.75
503400,ZXTIUCxfgq3vkGZD/2BQw+TV6+lOf+SvJrb8omrgZzK+IXmh5Fg2OLSlCW4jjjdm,4.850115,6.342352,10.209346,0,2591700,15.735572,Interactive,1,1.75
503700,ZXTIUCxfgq3vkGZD/2BQw+TV6+lOf+SvJrb8omrgZzK+IXmh5Fg2OLSlCW4jjjdm,5.787637999999999,7.184203,11.826343,0,2591700,15.735572,Interactive,1,1.75
504000,ZXTIUCxfgq3vkGZD/2BQw+TV6+lOf+SvJrb8omrgZzK+IXmh5Fg2OLSlCW4jjjdm,5.535886,6.911875,11.450121,0,2591700,15.735572,Interactive,1,1.75
504300,ZXTIUCxfgq3vkGZD/2BQw+TV6+lOf+SvJrb8omrgZzK+IXmh5Fg2OLSlCW4jjjdm,5.505543,6.741560000000001,11.117072,0,2591700,15.735572,Interactive,1,1.75
504600,ZXTIUCxfgq3vkGZD/2BQw+TV6+lOf+SvJrb8omrgZzK+IXmh5Fg2OLSlCW4jjjdm,5.323753,7.138507000000001,11.683482,0,2591700,15.735572,Interactive,1,1.75
504900,ZXTIUCxfgq3vkGZD/2BQw+TV6+lOf+SvJrb8omrgZzK+IXmh5Fg2OLSlCW4jjjdm,5.448843,9.293184,34.609815000000005,0,2591700,15.735572,Interactive,1,1.75
505200,ZXTIUCxfgq3vkGZD/2BQw+TV6+lOf+SvJrb8omrgZzK+IXmh5Fg2OLSlCW4jjjdm,5.497611,6.681621000000001,10.478723,0,2591700,15.735572,Interactive,1,1.75
505500,ZXTIUCxfgq3vkGZD/2BQw+TV6+lOf+SvJrb8omrgZzK+IXmh5Fg2OLSlCW4jjjdm,3.999438,6.987432000000001,12.049938,0,2591700,15.735572,Interactive,1,1.75
505800,ZXTIUCxfgq3vkGZD/2BQw+TV6+lOf+SvJrb8omrgZzK+IXmh5Fg2OLSlCW4jjjdm,5.291853,6.79165,10.480423,0,2591700,15.735572,Interactive,1,1.75
506100,ZXTIUCxfgq3vkGZD/2BQw+TV6+lOf+SvJrb8omrgZzK+IXmh5Fg2OLSlCW4jjjdm,4.20181,6.639139999999999,10.883748,0,2591700,15.735572,Interactive,1,1.75
506400,ZXTIUCxfgq3vkGZD/2BQw+TV6+lOf+SvJrb8omrgZzK+IXmh5Fg2OLSlCW4jjjdm,5.512707,7.069058,11.824553,0,2591700,15.735572,Interactive,1,1.75
506700,ZXTIUCxfgq3vkGZD/2BQw+TV6+lOf+SvJrb8omrgZzK+IXmh5Fg2OLSlCW4jjjdm,5.377681,7.087052000000001,10.780807,0,2591700,15.735572,Interactive,1,1.75
507000,ZXTIUCxfgq3vkGZD/2BQw+TV6+lOf+SvJrb8omrgZzK+IXmh5Fg2OLSlCW4jjjdm,5.39152,6.653716999999999,10.861669,0,2591700,15.735572,Interactive,1,1.75
507300,ZXTIUCxfgq3vkGZD/2BQw+TV6+lOf+SvJrb8omrgZzK+IXmh5Fg2OLSlCW4jjjdm,5.784459,7.328639,12.609582,0,2591700,15.735572,Interactive,1,1.75
507600,ZXTIUCxfgq3vkGZD/2BQw+TV6+lOf+SvJrb8omrgZzK+IXmh5Fg2OLSlCW4jjjdm,5.528245,6.839819,9.481082,0,2591700,15.735572,Interactive,1,1.75
507900,ZXTIUCxfgq3vkGZD/2BQw+TV6+lOf+SvJrb8omrgZzK+IXmh5Fg2OLSlCW4jjjdm,5.595314,6.833044,11.332313,0,2591700,15.735572,Interactive,1,1.75
508200,ZXTIUCxfgq3vkGZD/2BQw+TV6+lOf+SvJrb8omrgZzK+IXmh5Fg2OLSlCW4jjjdm,5.08761,7.102996000000001,12.198796000000002,0,2591700,15.735572,Interactive,1,1.75
508500,ZXTIUCxfgq3vkGZD/2BQw+TV6+lOf+SvJrb8omrgZzK+IXmh5Fg2OLSlCW4jjjdm,5.587861,7.523755,11.345305,0,2591700,15.735572,Interactive,1,1.75
508800,ZXTIUCxfgq3vkGZD/2BQw+TV6+lOf+SvJrb8omrgZzK+IXmh5Fg2OLSlCW4jjjdm,4.375469,6.680386,10.725923,0,2591700,15.735572,Interactive,1,1.75
509100,ZXTIUCxfgq3vkGZD/2BQw+TV6+lOf+SvJrb8omrgZzK+IXmh5Fg2OLSlCW4jjjdm,5.556365,7.259508,12.256478,0,2591700,15.735572,Interactive,1,1.75
509400,ZXTIUCxfgq3vkGZD/2BQw+TV6+lOf+SvJrb8omrgZzK+IXmh5Fg2OLSlCW4jjjdm,4.383323000000001,6.911273,11.32397,0,2591700,15.735572,Interactive,1,1.75
509700,ZXTIUCxfgq3vkGZD/2BQw+TV6+lOf+SvJrb8omrgZzK+IXmh5Fg2OLSlCW4jjjdm,5.5477050000000006,6.854889,11.501252,0,2591700,15.735572,Interactive,1,1.75
510000,ZXTIUCxfgq3vkGZD/2BQw+TV6+lOf+SvJrb8omrgZzK+IXmh5Fg2OLSlCW4jjjdm,5.659243,7.385035,12.272186,0,2591700,15.735572,Interactive,1,1.75
510300,ZXTIUCxfgq3vkGZD/2BQw+TV6+lOf+SvJrb8omrgZzK+IXmh5Fg2OLSlCW4jjjdm,5.191301999999999,6.585501,8.67109,0,2591700,15.735572,Interactive,1,1.75
510600,ZXTIUCxfgq3vkGZD/2BQw+TV6+lOf+SvJrb8omrgZzK+IXmh5Fg2OLSlCW4jjjdm,5.41084,6.737578999999999,11.046339,0,2591700,15.735572,Interactive,1,1.75
510900,ZXTIUCxfgq3vkGZD/2BQw+TV6+lOf+SvJrb8omrgZzK+IXmh5Fg2OLSlCW4jjjdm,4.320026,7.1278440000000005,12.585475,0,2591700,15.735572,Interactive,1,1.75
511200,ZXTIUCxfgq3vkGZD/2BQw+TV6+lOf+SvJrb8omrgZzK+IXmh5Fg2OLSlCW4jjjdm,5.699596,7.036319000000001,10.750964,0,2591700,15.735572,Interactive,1,1.75
511500,ZXTIUCxfgq3vkGZD/2BQw+TV6+lOf+SvJrb8omrgZzK+IXmh5Fg2OLSlCW4jjjdm,3.928766,6.668281,11.201853,0,2591700,15.735572,Interactive,1,1.75
511800,ZXTIUCxfgq3vkGZD/2BQw+TV6+lOf+SvJrb8omrgZzK+IXmh5Fg2OLSlCW4jjjdm,5.578767,7.39845,12.218073,0,2591700,15.735572,Interactive,1,1.75
512100,ZXTIUCxfgq3vkGZD/2BQw+TV6+lOf+SvJrb8omrgZzK+IXmh5Fg2OLSlCW4jjjdm,5.609329,7.209948,11.137723,0,2591700,15.735572,Interactive,1,1.75
512400,ZXTIUCxfgq3vkGZD/2BQw+TV6+lOf+SvJrb8omrgZzK+IXmh5Fg2OLSlCW4jjjdm,5.626824,6.740728,10.657032,0,2591700,15.735572,Interactive,1,1.75
512700,ZXTIUCxfgq3vkGZD/2BQw+TV6+lOf+SvJrb8omrgZzK+IXmh5Fg2OLSlCW4jjjdm,5.609813,7.387507,12.782282,0,2591700,15.735572,Interactive,1,1.75
513000,ZXTIUCxfgq3vkGZD/2BQw+TV6+lOf+SvJrb8omrgZzK+IXmh5Fg2OLSlCW4jjjdm,5.516965,6.570567,7.908303,0,2591700,15.735572,Interactive,1,1.75
513300,ZXTIUCxfgq3vkGZD/2BQw+TV6+lOf+SvJrb8omrgZzK+IXmh5Fg2OLSlCW4jjjdm,5.887251999999999,7.006182000000001,11.502616,0,2591700,15.735572,Interactive,1,1.75
513600,ZXTIUCxfgq3vkGZD/2BQw+TV6+lOf+SvJrb8omrgZzK+IXmh5Fg2OLSlCW4jjjdm,5.734282,7.4152,13.822411,0,2591700,15.735572,Interactive,1,1.75
513900,ZXTIUCxfgq3vkGZD/2BQw+TV6+lOf+SvJrb8omrgZzK+IXmh5Fg2OLSlCW4jjjdm,5.519932,6.99499,11.285686,0,2591700,15.735572,Interactive,1,1.75
514200,ZXTIUCxfgq3vkGZD/2BQw+TV6+lOf+SvJrb8omrgZzK+IXmh5Fg2OLSlCW4jjjdm,5.942598,7.05819,10.913504,0,2591700,15.735572,Interactive,1,1.75
514500,ZXTIUCxfgq3vkGZD/2BQw+TV6+lOf+SvJrb8omrgZzK+IXmh5Fg2OLSlCW4jjjdm,5.697089,7.417286,14.167269,0,2591700,15.735572,Interactive,1,1.75
514800,ZXTIUCxfgq3vkGZD/2BQw+TV6+lOf+SvJrb8omrgZzK+IXmh5Fg2OLSlCW4jjjdm,4.6496830000000005,6.772069,10.772016,0,2591700,15.735572,Interactive,1,1.75
515100,ZXTIUCxfgq3vkGZD/2BQw+TV6+lOf+SvJrb8omrgZzK+IXmh5Fg2OLSlCW4jjjdm,5.882959,7.075274,11.390819,0,2591700,15.735572,Interactive,1,1.75
515400,ZXTIUCxfgq3vkGZD/2BQw+TV6+lOf+SvJrb8omrgZzK+IXmh5Fg2OLSlCW4jjjdm,5.822589,7.453861999999999,13.422859,0,2591700,15.735572,Interactive,1,1.75
515700,ZXTIUCxfgq3vkGZD/2BQw+TV6+lOf+SvJrb8omrgZzK+IXmh5Fg2OLSlCW4jjjdm,5.862469,8.007749,21.585195,0,2591700,15.735572,Interactive,1,1.75
516000,ZXTIUCxfgq3vkGZD/2BQw+TV6+lOf+SvJrb8omrgZzK+IXmh5Fg2OLSlCW4jjjdm,5.91141,6.922876,10.852816,0,2591700,15.735572,Interactive,1,1.75
516300,ZXTIUCxfgq3vkGZD/2BQw+TV6+lOf+SvJrb8omrgZzK+IXmh5Fg2OLSlCW4jjjdm,5.659718,7.546753,13.709089,0,2591700,15.735572,Interactive,1,1.75
516600,ZXTIUCxfgq3vkGZD/2BQw+TV6+lOf+SvJrb8omrgZzK+IXmh5Fg2OLSlCW4jjjdm,5.533924,6.909644999999999,10.988823,0,2591700,15.735572,Interactive,1,1.75
516900,ZXTIUCxfgq3vkGZD/2BQw+TV6+lOf+SvJrb8omrgZzK+IXmh5Fg2OLSlCW4jjjdm,5.04438,7.017127,11.321369,0,2591700,15.735572,Interactive,1,1.75
517200,ZXTIUCxfgq3vkGZD/2BQw+TV6+lOf+SvJrb8omrgZzK+IXmh5Fg2OLSlCW4jjjdm,5.441859,7.236997,13.294047,0,2591700,15.735572,Interactive,1,1.75
517500,ZXTIUCxfgq3vkGZD/2BQw+TV6+lOf+SvJrb8omrgZzK+IXmh5Fg2OLSlCW4jjjdm,5.599203,6.972867,11.261051,0,2591700,15.735572,Interactive,1,1.75
517800,ZXTIUCxfgq3vkGZD/2BQw+TV6+lOf+SvJrb8omrgZzK+IXmh5Fg2OLSlCW4jjjdm,5.827211,6.937069999999999,10.830237,0,2591700,15.735572,Interactive,1,1.75
518100,ZXTIUCxfgq3vkGZD/2BQw+TV6+lOf+SvJrb8omrgZzK+IXmh5Fg2OLSlCW4jjjdm,5.7114650000000005,7.443052000000001,14.0495,0,2591700,15.735572,Interactive,1,1.75
518400,ZXTIUCxfgq3vkGZD/2BQw+TV6+lOf+SvJrb8omrgZzK+IXmh5Fg2OLSlCW4jjjdm,5.388001999999999,7.567552,18.103167000000003,0,2591700,15.735572,Interactive,1,1.75
518700,ZXTIUCxfgq3vkGZD/2BQw+TV6+lOf+SvJrb8omrgZzK+IXmh5Fg2OLSlCW4jjjdm,5.835712,7.08868,11.480335,0,2591700,15.735572,Interactive,1,1.75
519000,ZXTIUCxfgq3vkGZD/2BQw+TV6+lOf+SvJrb8omrgZzK+IXmh5Fg2OLSlCW4jjjdm,5.770779,7.386927,13.272409,0,2591700,15.735572,Interactive,1,1.75
519300,ZXTIUCxfgq3vkGZD/2BQw+TV6+lOf+SvJrb8omrgZzK+IXmh5Fg2OLSlCW4jjjdm,5.635258,7.040481,11.398037,0,2591700,15.735572,Interactive,1,1.75
519600,ZXTIUCxfgq3vkGZD/2BQw+TV6+lOf+SvJrb8omrgZzK+IXmh5Fg2OLSlCW4jjjdm,3.99568,6.769434,10.927787,0,2591700,15.735572,Interactive,1,1.75
519900,ZXTIUCxfgq3vkGZD/2BQw+TV6+lOf+SvJrb8omrgZzK+IXmh5Fg2OLSlCW4jjjdm,5.702649,7.322964999999999,13.687212,0,2591700,15.735572,Interactive,1,1.75
520200,ZXTIUCxfgq3vkGZD/2BQw+TV6+lOf+SvJrb8omrgZzK+IXmh5Fg2OLSlCW4jjjdm,3.745301,6.619338000000001,10.760914,0,2591700,15.735572,Interactive,1,1.75
520500,ZXTIUCxfgq3vkGZD/2BQw+TV6+lOf+SvJrb8omrgZzK+IXmh5Fg2OLSlCW4jjjdm,5.7187980000000005,7.052633999999999,11.168139,0,2591700,15.735572,Interactive,1,1.75
520800,ZXTIUCxfgq3vkGZD/2BQw+TV6+lOf+SvJrb8omrgZzK+IXmh5Fg2OLSlCW4jjjdm,5.828984999999999,7.364476,13.170381,0,2591700,15.735572,Interactive,1,1.75
521100,ZXTIUCxfgq3vkGZD/2BQw+TV6+lOf+SvJrb8omrgZzK+IXmh5Fg2OLSlCW4jjjdm,5.5815220000000005,7.611047999999999,18.841367,0,2591700,15.735572,Interactive,1,1.75
521400,ZXTIUCxfgq3vkGZD/2BQw+TV6+lOf+SvJrb8omrgZzK+IXmh5Fg2OLSlCW4jjjdm,5.724472,6.936392,11.035871,0,2591700,15.735572,Interactive,1,1.75
521700,ZXTIUCxfgq3vkGZD/2BQw+TV6+lOf+SvJrb8omrgZzK+IXmh5Fg2OLSlCW4jjjdm,3.862091,7.045181,13.212129,0,2591700,15.735572,Interactive,1,1.75
522000,ZXTIUCxfgq3vkGZD/2BQw+TV6+lOf+SvJrb8omrgZzK+IXmh5Fg2OLSlCW4jjjdm,5.553021,6.839211,10.843329,0,2591700,15.735572,Interactive,1,1.75
522300,ZXTIUCxfgq3vkGZD/2BQw+TV6+lOf+SvJrb8omrgZzK+IXmh5Fg2OLSlCW4jjjdm,4.658029,6.940003,11.266014,0,2591700,15.735572,Interactive,1,1.75
522600,ZXTIUCxfgq3vkGZD/2BQw+TV6+lOf+SvJrb8omrgZzK+IXmh5Fg2OLSlCW4jjjdm,5.404757,7.347146,12.027466,0,2591700,15.735572,Interactive,1,1.75
522900,ZXTIUCxfgq3vkGZD/2BQw+TV6+lOf+SvJrb8omrgZzK+IXmh5Fg2OLSlCW4jjjdm,4.765031,6.871714999999999,11.596959,0,2591700,15.735572,Interactive,1,1.75
523200,ZXTIUCxfgq3vkGZD/2BQw+TV6+lOf+SvJrb8omrgZzK+IXmh5Fg2OLSlCW4jjjdm,5.466541,13.835809,46.164105,0,2591700,15.735572,Interactive,1,1.75
523500,ZXTIUCxfgq3vkGZD/2BQw+TV6+lOf+SvJrb8omrgZzK+IXmh5Fg2OLSlCW4jjjdm,5.673496,7.528792,12.316654,0,2591700,15.735572,Interactive,1,1.75
523800,ZXTIUCxfgq3vkGZD/2BQw+TV6+lOf+SvJrb8omrgZzK+IXmh5Fg2OLSlCW4jjjdm,3.86292,6.607439,10.846742,0,2591700,15.735572,Interactive,1,1.75
524100,ZXTIUCxfgq3vkGZD/2BQw+TV6+lOf+SvJrb8omrgZzK+IXmh5Fg2OLSlCW4jjjdm,5.659807,7.12344,11.735014,0,2591700,15.735572,Interactive,1,1.75
524400,ZXTIUCxfgq3vkGZD/2BQw+TV6+lOf+SvJrb8omrgZzK+IXmh5Fg2OLSlCW4jjjdm,3.495121,7.012421000000001,12.484633,0,2591700,15.735572,Interactive,1,1.75
524700,ZXTIUCxfgq3vkGZD/2BQw+TV6+lOf+SvJrb8omrgZzK+IXmh5Fg2OLSlCW4jjjdm,5.561215,7.039066,11.447151,0,2591700,15.735572,Interactive,1,1.75
525000,ZXTIUCxfgq3vkGZD/2BQw+TV6+lOf+SvJrb8omrgZzK+IXmh5Fg2OLSlCW4jjjdm,3.652323,6.735549000000001,10.913374,0,2591700,15.735572,Interactive,1,1.75
525300,ZXTIUCxfgq3vkGZD/2BQw+TV6+lOf+SvJrb8omrgZzK+IXmh5Fg2OLSlCW4jjjdm,5.57608,7.288686999999999,12.294453,0,2591700,15.735572,Interactive,1,1.75
525600,ZXTIUCxfgq3vkGZD/2BQw+TV6+lOf+SvJrb8omrgZzK+IXmh5Fg2OLSlCW4jjjdm,5.4317,6.884375,10.90515,0,2591700,15.735572,Interactive,1,1.75
525900,ZXTIUCxfgq3vkGZD/2BQw+TV6+lOf+SvJrb8omrgZzK+IXmh5Fg2OLSlCW4jjjdm,5.749039,7.098186,11.74962,0,2591700,15.735572,Interactive,1,1.75
526200,ZXTIUCxfgq3vkGZD/2BQw+TV6+lOf+SvJrb8omrgZzK+IXmh5Fg2OLSlCW4jjjdm,4.280651,7.140012,12.126736,0,2591700,15.735572,Interactive,1,1.75
526500,ZXTIUCxfgq3vkGZD/2BQw+TV6+lOf+SvJrb8omrgZzK+IXmh5Fg2OLSlCW4jjjdm,4.407812,6.694299000000001,11.167002,0,2591700,15.735572,Interactive,1,1.75
526800,ZXTIUCxfgq3vkGZD/2BQw+TV6+lOf+SvJrb8omrgZzK+IXmh5Fg2OLSlCW4jjjdm,5.5244480000000005,6.945048,11.061481,0,2591700,15.735572,Interactive,1,1.75
527100,ZXTIUCxfgq3vkGZD/2BQw+TV6+lOf+SvJrb8omrgZzK+IXmh5Fg2OLSlCW4jjjdm,5.777309,7.563178,12.656446,0,2591700,15.735572,Interactive,1,1.75
527400,ZXTIUCxfgq3vkGZD/2BQw+TV6+lOf+SvJrb8omrgZzK+IXmh5Fg2OLSlCW4jjjdm,5.630866,6.994332000000001,11.159374,0,2591700,15.735572,Interactive,1,1.75
527700,ZXTIUCxfgq3vkGZD/2BQw+TV6+lOf+SvJrb8omrgZzK+IXmh5Fg2OLSlCW4jjjdm,5.576566000000001,6.971432000000001,11.390806,0,2591700,15.735572,Interactive,1,1.75
528000,ZXTIUCxfgq3vkGZD/2BQw+TV6+lOf+SvJrb8omrgZzK+IXmh5Fg2OLSlCW4jjjdm,5.631485,7.170091,11.761416,0,2591700,15.735572,Interactive,1,1.75
528300,ZXTIUCxfgq3vkGZD/2BQw+TV6+lOf+SvJrb8omrgZzK+IXmh5Fg2OLSlCW4jjjdm,5.476415,6.82774,11.305953,0,2591700,15.735572,Interactive,1,1.75
528600,ZXTIUCxfgq3vkGZD/2BQw+TV6+lOf+SvJrb8omrgZzK+IXmh5Fg2OLSlCW4jjjdm,5.504991,6.899483,11.229532,0,2591700,15.735572,Interactive,1,1.75
528900,ZXTIUCxfgq3vkGZD/2BQw+TV6+lOf+SvJrb8omrgZzK+IXmh5Fg2OLSlCW4jjjdm,4.71925,6.942172,12.372512,0,2591700,15.735572,Interactive,1,1.75
529200,ZXTIUCxfgq3vkGZD/2BQw+TV6+lOf+SvJrb8omrgZzK+IXmh5Fg2OLSlCW4jjjdm,4.68752,6.619304,11.191525,0,2591700,15.735572,Interactive,1,1.75
529500,ZXTIUCxfgq3vkGZD/2BQw+TV6+lOf+SvJrb8omrgZzK+IXmh5Fg2OLSlCW4jjjdm,5.655208999999999,7.050725,12.10109,0,2591700,15.735572,Interactive,1,1.75
529800,ZXTIUCxfgq3vkGZD/2BQw+TV6+lOf+SvJrb8omrgZzK+IXmh5Fg2OLSlCW4jjjdm,5.6429800000000006,7.738035000000001,12.601194,0,2591700,15.735572,Interactive,1,1.75
530100,ZXTIUCxfgq3vkGZD/2BQw+TV6+lOf+SvJrb8omrgZzK+IXmh5Fg2OLSlCW4jjjdm,5.918256,7.106025999999999,11.499254,0,2591700,15.735572,Interactive,1,1.75
530400,ZXTIUCxfgq3vkGZD/2BQw+TV6+lOf+SvJrb8omrgZzK+IXmh5Fg2OLSlCW4jjjdm,5.564246,6.963107000000001,12.963767,0,2591700,15.735572,Interactive,1,1.75
530700,ZXTIUCxfgq3vkGZD/2BQw+TV6+lOf+SvJrb8omrgZzK+IXmh5Fg2OLSlCW4jjjdm,5.773994999999999,7.209071000000001,12.78183,0,2591700,15.735572,Interactive,1,1.75
531000,ZXTIUCxfgq3vkGZD/2BQw+TV6+lOf+SvJrb8omrgZzK+IXmh5Fg2OLSlCW4jjjdm,4.628205,6.972360000000001,11.648522,0,2591700,15.735572,Interactive,1,1.75
531300,ZXTIUCxfgq3vkGZD/2BQw+TV6+lOf+SvJrb8omrgZzK+IXmh5Fg2OLSlCW4jjjdm,5.605966,6.952802,13.026725,0,2591700,15.735572,Interactive,1,1.75
531600,ZXTIUCxfgq3vkGZD/2BQw+TV6+lOf+SvJrb8omrgZzK+IXmh5Fg2OLSlCW4jjjdm,5.026056,6.957044000000001,12.356856,0,2591700,15.735572,Interactive,1,1.75
531900,ZXTIUCxfgq3vkGZD/2BQw+TV6+lOf+SvJrb8omrgZzK+IXmh5Fg2OLSlCW4jjjdm,5.292283,7.026337,11.732456,0,2591700,15.735572,Interactive,1,1.75
532200,ZXTIUCxfgq3vkGZD/2BQw+TV6+lOf+SvJrb8omrgZzK+IXmh5Fg2OLSlCW4jjjdm,5.711747,6.986923,12.948167,0,2591700,15.735572,Interactive,1,1.75
532500,ZXTIUCxfgq3vkGZD/2BQw+TV6+lOf+SvJrb8omrgZzK+IXmh5Fg2OLSlCW4jjjdm,5.719143,7.294719000000001,13.481906,0,2591700,15.735572,Interactive,1,1.75
532800,ZXTIUCxfgq3vkGZD/2BQw+TV6+lOf+SvJrb8omrgZzK+IXmh5Fg2OLSlCW4jjjdm,5.754683999999999,7.082789,11.595803,0,2591700,15.735572,Interactive,1,1.75
533100,ZXTIUCxfgq3vkGZD/2BQw+TV6+lOf+SvJrb8omrgZzK+IXmh5Fg2OLSlCW4jjjdm,4.894298,6.967385,13.240134,0,2591700,15.735572,Interactive,1,1.75
533400,ZXTIUCxfgq3vkGZD/2BQw+TV6+lOf+SvJrb8omrgZzK+IXmh5Fg2OLSlCW4jjjdm,5.547914,7.268283,12.297044,0,2591700,15.735572,Interactive,1,1.75
533700,ZXTIUCxfgq3vkGZD/2BQw+TV6+lOf+SvJrb8omrgZzK+IXmh5Fg2OLSlCW4jjjdm,5.443621,7.066839,11.875432,0,2591700,15.735572,Interactive,1,1.75
534000,ZXTIUCxfgq3vkGZD/2BQw+TV6+lOf+SvJrb8omrgZzK+IXmh5Fg2OLSlCW4jjjdm,5.758859999999999,6.984984,13.480462,0,2591700,15.735572,Interactive,1,1.75
534300,ZXTIUCxfgq3vkGZD/2BQw+TV6+lOf+SvJrb8omrgZzK+IXmh5Fg2OLSlCW4jjjdm,4.1072120000000005,6.830037,12.727454,0,2591700,15.735572,Interactive,1,1.75
534600,ZXTIUCxfgq3vkGZD/2BQw+TV6+lOf+SvJrb8omrgZzK+IXmh5Fg2OLSlCW4jjjdm,5.894536,7.300660000000001,11.395351,0,2591700,15.735572,Interactive,1,1.75
534900,ZXTIUCxfgq3vkGZD/2BQw+TV6+lOf+SvJrb8omrgZzK+IXmh5Fg2OLSlCW4jjjdm,5.871073,7.086773,13.594763,0,2591700,15.735572,Interactive,1,1.75
535200,ZXTIUCxfgq3vkGZD/2BQw+TV6+lOf+SvJrb8omrgZzK+IXmh5Fg2OLSlCW4jjjdm,5.882676,7.63815,12.911299,0,2591700,15.735572,Interactive,1,1.75
535500,ZXTIUCxfgq3vkGZD/2BQw+TV6+lOf+SvJrb8omrgZzK+IXmh5Fg2OLSlCW4jjjdm,5.922001,7.129959,11.588195,0,2591700,15.735572,Interactive,1,1.75
535800,ZXTIUCxfgq3vkGZD/2BQw+TV6+lOf+SvJrb8omrgZzK+IXmh5Fg2OLSlCW4jjjdm,5.6286830000000005,7.022983999999999,12.950421,0,2591700,15.735572,Interactive,1,1.75
536100,ZXTIUCxfgq3vkGZD/2BQw+TV6+lOf+SvJrb8omrgZzK+IXmh5Fg2OLSlCW4jjjdm,5.753679,7.206933,13.072188,0,2591700,15.735572,Interactive,1,1.75
536400,ZXTIUCxfgq3vkGZD/2BQw+TV6+lOf+SvJrb8omrgZzK+IXmh5Fg2OLSlCW4jjjdm,5.872833,7.381606,11.344366,0,2591700,15.735572,Interactive,1,1.75
536700,ZXTIUCxfgq3vkGZD/2BQw+TV6+lOf+SvJrb8omrgZzK+IXmh5Fg2OLSlCW4jjjdm,5.869219999999999,7.086128,13.205386,0,2591700,15.735572,Interactive,1,1.75
537000,ZXTIUCxfgq3vkGZD/2BQw+TV6+lOf+SvJrb8omrgZzK+IXmh5Fg2OLSlCW4jjjdm,5.944958,7.596274,12.851083,0,2591700,15.735572,Interactive,1,1.75
537300,ZXTIUCxfgq3vkGZD/2BQw+TV6+lOf+SvJrb8omrgZzK+IXmh5Fg2OLSlCW4jjjdm,5.8631720000000005,7.303891999999999,11.777195,0,2591700,15.735572,Interactive,1,1.75
537600,ZXTIUCxfgq3vkGZD/2BQw+TV6+lOf+SvJrb8omrgZzK+IXmh5Fg2OLSlCW4jjjdm,5.644688,6.976106,12.993995,0,2591700,15.735572,Interactive,1,1.75
537900,ZXTIUCxfgq3vkGZD/2BQw+TV6+lOf+SvJrb8omrgZzK+IXmh5Fg2OLSlCW4jjjdm,5.967218,7.248649,12.94483,0,2591700,15.735572,Interactive,1,1.75
538200,ZXTIUCxfgq3vkGZD/2BQw+TV6+lOf+SvJrb8omrgZzK+IXmh5Fg2OLSlCW4jjjdm,5.95536,7.07228,11.272002,0,2591700,15.735572,Interactive,1,1.75
538500,ZXTIUCxfgq3vkGZD/2BQw+TV6+lOf+SvJrb8omrgZzK+IXmh5Fg2OLSlCW4jjjdm,5.982575,7.284166,13.420907,0,2591700,15.735572,Interactive,1,1.75
538800,ZXTIUCxfgq3vkGZD/2BQw+TV6+lOf+SvJrb8omrgZzK+IXmh5Fg2OLSlCW4jjjdm,5.877212999999999,7.196757000000001,12.310269,0,2591700,15.735572,Interactive,1,1.75
539100,ZXTIUCxfgq3vkGZD/2BQw+TV6+lOf+SvJrb8omrgZzK+IXmh5Fg2OLSlCW4jjjdm,5.782995,7.461132000000001,11.919096,0,2591700,15.735572,Interactive,1,1.75
539400,ZXTIUCxfgq3vkGZD/2BQw+TV6+lOf+SvJrb8omrgZzK+IXmh5Fg2OLSlCW4jjjdm,5.736693,7.015302,11.568253,0,2591700,15.735572,Interactive,1,1.75
539700,ZXTIUCxfgq3vkGZD/2BQw+TV6+lOf+SvJrb8omrgZzK+IXmh5Fg2OLSlCW4jjjdm,5.741637,7.372560000000001,12.66767,0,2591700,15.735572,Interactive,1,1.75
540000,ZXTIUCxfgq3vkGZD/2BQw+TV6+lOf+SvJrb8omrgZzK+IXmh5Fg2OLSlCW4jjjdm,5.701345,7.278058000000001,11.494156,0,2591700,15.735572,Interactive,1,1.75
540300,ZXTIUCxfgq3vkGZD/2BQw+TV6+lOf+SvJrb8omrgZzK+IXmh5Fg2OLSlCW4jjjdm,5.596558,7.160323,11.935648,0,2591700,15.735572,Interactive,1,1.75
540600,ZXTIUCxfgq3vkGZD/2BQw+TV6+lOf+SvJrb8omrgZzK+IXmh5Fg2OLSlCW4jjjdm,5.935092,7.550892999999999,13.009757,0,2591700,15.735572,Interactive,1,1.75
540900,ZXTIUCxfgq3vkGZD/2BQw+TV6+lOf+SvJrb8omrgZzK+IXmh5Fg2OLSlCW4jjjdm,5.607024,7.244322,11.812347,0,2591700,15.735572,Interactive,1,1.75
541200,ZXTIUCxfgq3vkGZD/2BQw+TV6+lOf+SvJrb8omrgZzK+IXmh5Fg2OLSlCW4jjjdm,5.829985,7.085545,11.755745,0,2591700,15.735572,Interactive,1,1.75
541500,ZXTIUCxfgq3vkGZD/2BQw+TV6+lOf+SvJrb8omrgZzK+IXmh5Fg2OLSlCW4jjjdm,5.675571,7.259191,13.174088,0,2591700,15.735572,Interactive,1,1.75
541800,ZXTIUCxfgq3vkGZD/2BQw+TV6+lOf+SvJrb8omrgZzK+IXmh5Fg2OLSlCW4jjjdm,5.864276,7.394438,12.261383,0,2591700,15.735572,Interactive,1,1.75
542100,ZXTIUCxfgq3vkGZD/2BQw+TV6+lOf+SvJrb8omrgZzK+IXmh5Fg2OLSlCW4jjjdm,5.598802,7.108925999999999,11.778651,0,2591700,15.735572,Interactive,1,1.75
542400,ZXTIUCxfgq3vkGZD/2BQw+TV6+lOf+SvJrb8omrgZzK+IXmh5Fg2OLSlCW4jjjdm,6.082679,7.147986,12.823805,0,2591700,15.735572,Interactive,1,1.75
542700,ZXTIUCxfgq3vkGZD/2BQw+TV6+lOf+SvJrb8omrgZzK+IXmh5Fg2OLSlCW4jjjdm,5.609924,7.273067,11.877029,0,2591700,15.735572,Interactive,1,1.75
543000,ZXTIUCxfgq3vkGZD/2BQw+TV6+lOf+SvJrb8omrgZzK+IXmh5Fg2OLSlCW4jjjdm,5.746722,7.053501,11.451144,0,2591700,15.735572,Interactive,1,1.75
543300,ZXTIUCxfgq3vkGZD/2BQw+TV6+lOf+SvJrb8omrgZzK+IXmh5Fg2OLSlCW4jjjdm,6.006725,7.578775999999999,13.257575,0,2591700,15.735572,Interactive,1,1.75
543600,ZXTIUCxfgq3vkGZD/2BQw+TV6+lOf+SvJrb8omrgZzK+IXmh5Fg2OLSlCW4jjjdm,5.722378,7.105808000000001,11.550613,0,2591700,15.735572,Interactive,1,1.75
543900,ZXTIUCxfgq3vkGZD/2BQw+TV6+lOf+SvJrb8omrgZzK+IXmh5Fg2OLSlCW4jjjdm,5.331929,7.138771,11.863731,0,2591700,15.735572,Interactive,1,1.75
544200,ZXTIUCxfgq3vkGZD/2BQw+TV6+lOf+SvJrb8omrgZzK+IXmh5Fg2OLSlCW4jjjdm,5.992822,7.346937,12.533622,0,2591700,15.735572,Interactive,1,1.75
544500,ZXTIUCxfgq3vkGZD/2BQw+TV6+lOf+SvJrb8omrgZzK+IXmh5Fg2OLSlCW4jjjdm,4.66889,7.152607000000001,11.97951,0,2591700,15.735572,Interactive,1,1.75
544800,ZXTIUCxfgq3vkGZD/2BQw+TV6+lOf+SvJrb8omrgZzK+IXmh5Fg2OLSlCW4jjjdm,5.820016000000001,7.080689,11.717112,0,2591700,15.735572,Interactive,1,1.75
545100,ZXTIUCxfgq3vkGZD/2BQw+TV6+lOf+SvJrb8omrgZzK+IXmh5Fg2OLSlCW4jjjdm,4.38765,7.083083,12.930218,0,2591700,15.735572,Interactive,1,1.75
545400,ZXTIUCxfgq3vkGZD/2BQw+TV6+lOf+SvJrb8omrgZzK+IXmh5Fg2OLSlCW4jjjdm,4.2671790000000005,6.963938000000001,11.713185,0,2591700,15.735572,Interactive,1,1.75
545700,ZXTIUCxfgq3vkGZD/2BQw+TV6+lOf+SvJrb8omrgZzK+IXmh5Fg2OLSlCW4jjjdm,5.63908,7.154839999999999,12.072763,0,2591700,15.735572,Interactive,1,1.75
546000,ZXTIUCxfgq3vkGZD/2BQw+TV6+lOf+SvJrb8omrgZzK+IXmh5Fg2OLSlCW4jjjdm,5.903116000000001,7.249332000000001,13.115519,0,2591700,15.735572,Interactive,1,1.75
546300,ZXTIUCxfgq3vkGZD/2BQw+TV6+lOf+SvJrb8omrgZzK+IXmh5Fg2OLSlCW4jjjdm,5.648143,7.277037,12.338328,0,2591700,15.735572,Interactive,1,1.75
546600,ZXTIUCxfgq3vkGZD/2BQw+TV6+lOf+SvJrb8omrgZzK+IXmh5Fg2OLSlCW4jjjdm,5.873922,7.0959520000000005,11.493758,0,2591700,15.735572,Interactive,1,1.75
546900,ZXTIUCxfgq3vkGZD/2BQw+TV6+lOf+SvJrb8omrgZzK+IXmh5Fg2OLSlCW4jjjdm,5.946254,7.367030000000001,12.888666,0,2591700,15.735572,Interactive,1,1.75
547200,ZXTIUCxfgq3vkGZD/2BQw+TV6+lOf+SvJrb8omrgZzK+IXmh5Fg2OLSlCW4jjjdm,4.946219999999999,7.066578,11.981685,0,2591700,15.735572,Interactive,1,1.75
547500,ZXTIUCxfgq3vkGZD/2BQw+TV6+lOf+SvJrb8omrgZzK+IXmh5Fg2OLSlCW4jjjdm,5.776693,7.137160000000001,12.008579,0,2591700,15.735572,Interactive,1,1.75
547800,ZXTIUCxfgq3vkGZD/2BQw+TV6+lOf+SvJrb8omrgZzK+IXmh5Fg2OLSlCW4jjjdm,4.538157,7.274887,12.452997,0,2591700,15.735572,Interactive,1,1.75
548100,ZXTIUCxfgq3vkGZD/2BQw+TV6+lOf+SvJrb8omrgZzK+IXmh5Fg2OLSlCW4jjjdm,3.997745,6.991842,13.10151,0,2591700,15.735572,Interactive,1,1.75
548400,ZXTIUCxfgq3vkGZD/2BQw+TV6+lOf+SvJrb8omrgZzK+IXmh5Fg2OLSlCW4jjjdm,5.869237,6.938772999999999,11.500036,0,2591700,15.735572,Interactive,1,1.75
548700,ZXTIUCxfgq3vkGZD/2BQw+TV6+lOf+SvJrb8omrgZzK+IXmh5Fg2OLSlCW4jjjdm,6.134291999999999,7.595686,13.473469,0,2591700,15.735572,Interactive,1,1.75
549000,ZXTIUCxfgq3vkGZD/2BQw+TV6+lOf+SvJrb8omrgZzK+IXmh5Fg2OLSlCW4jjjdm,5.754445,7.267809,13.80111,0,2591700,15.735572,Interactive,1,1.75
549300,ZXTIUCxfgq3vkGZD/2BQw+TV6+lOf+SvJrb8omrgZzK+IXmh5Fg2OLSlCW4jjjdm,3.854661,6.862646000000001,12.108415,0,2591700,15.735572,Interactive,1,1.75
549600,ZXTIUCxfgq3vkGZD/2BQw+TV6+lOf+SvJrb8omrgZzK+IXmh5Fg2OLSlCW4jjjdm,5.90019,7.346408,12.335942,0,2591700,15.735572,Interactive,1,1.75
549900,ZXTIUCxfgq3vkGZD/2BQw+TV6+lOf+SvJrb8omrgZzK+IXmh5Fg2OLSlCW4jjjdm,5.743144999999999,7.953475,13.454707999999998,0,2591700,15.735572,Interactive,1,1.75
550200,ZXTIUCxfgq3vkGZD/2BQw+TV6+lOf+SvJrb8omrgZzK+IXmh5Fg2OLSlCW4jjjdm,5.659758,6.870512,11.500238,0,2591700,15.735572,Interactive,1,1.75
550500,ZXTIUCxfgq3vkGZD/2BQw+TV6+lOf+SvJrb8omrgZzK+IXmh5Fg2OLSlCW4jjjdm,5.841251000000001,7.688484,12.637807,0,2591700,15.735572,Interactive,1,1.75
550800,ZXTIUCxfgq3vkGZD/2BQw+TV6+lOf+SvJrb8omrgZzK+IXmh5Fg2OLSlCW4jjjdm,4.160186,6.9255070000000005,13.131484,0,2591700,15.735572,Interactive,1,1.75
551100,ZXTIUCxfgq3vkGZD/2BQw+TV6+lOf+SvJrb8omrgZzK+IXmh5Fg2OLSlCW4jjjdm,5.585045,6.955107000000001,11.947001,0,2591700,15.735572,Interactive,1,1.75
551400,ZXTIUCxfgq3vkGZD/2BQw+TV6+lOf+SvJrb8omrgZzK+IXmh5Fg2OLSlCW4jjjdm,5.908181,7.69723,12.591034,0,2591700,15.735572,Interactive,1,1.75
551700,ZXTIUCxfgq3vkGZD/2BQw+TV6+lOf+SvJrb8omrgZzK+IXmh5Fg2OLSlCW4jjjdm,5.7111160000000005,7.493328999999999,13.401276,0,2591700,15.735572,Interactive,1,1.75
552000,ZXTIUCxfgq3vkGZD/2BQw+TV6+lOf+SvJrb8omrgZzK+IXmh5Fg2OLSlCW4jjjdm,4.831065,15.616482,37.155225,0,2591700,15.735572,Interactive,1,1.75
552300,ZXTIUCxfgq3vkGZD/2BQw+TV6+lOf+SvJrb8omrgZzK+IXmh5Fg2OLSlCW4jjjdm,5.925303,8.79748,18.463415,0,2591700,15.735572,Interactive,1,1.75
552600,ZXTIUCxfgq3vkGZD/2BQw+TV6+lOf+SvJrb8omrgZzK+IXmh5Fg2OLSlCW4jjjdm,5.972613,7.390944999999999,13.2118,0,2591700,15.735572,Interactive,1,1.75
552900,ZXTIUCxfgq3vkGZD/2BQw+TV6+lOf+SvJrb8omrgZzK+IXmh5Fg2OLSlCW4jjjdm,5.781886,7.092028999999999,12.107129,0,2591700,15.735572,Interactive,1,1.75
553200,ZXTIUCxfgq3vkGZD/2BQw+TV6+lOf+SvJrb8omrgZzK+IXmh5Fg2OLSlCW4jjjdm,6.087989,7.753054,13.582283,0,2591700,15.735572,Interactive,1,1.75
553500,ZXTIUCxfgq3vkGZD/2BQw+TV6+lOf+SvJrb8omrgZzK+IXmh5Fg2OLSlCW4jjjdm,5.757418,7.25477,13.711313,0,2591700,15.735572,Interactive,1,1.75
553800,ZXTIUCxfgq3vkGZD/2BQw+TV6+lOf+SvJrb8omrgZzK+IXmh5Fg2OLSlCW4jjjdm,5.419638,6.885111,11.518511,0,2591700,15.735572,Interactive,1,1.75
554100,ZXTIUCxfgq3vkGZD/2BQw+TV6+lOf+SvJrb8omrgZzK+IXmh5Fg2OLSlCW4jjjdm,6.006998,7.841386,13.401096,0,2591700,15.735572,Interactive,1,1.75
554400,ZXTIUCxfgq3vkGZD/2BQw+TV6+lOf+SvJrb8omrgZzK+IXmh5Fg2OLSlCW4jjjdm,5.505745,7.096966,13.096137,0,2591700,15.735572,Interactive,1,1.75
554700,ZXTIUCxfgq3vkGZD/2BQw+TV6+lOf+SvJrb8omrgZzK+IXmh5Fg2OLSlCW4jjjdm,5.434621,7.086664999999999,12.309607000000002,0,2591700,15.735572,Interactive,1,1.75
555000,ZXTIUCxfgq3vkGZD/2BQw+TV6+lOf+SvJrb8omrgZzK+IXmh5Fg2OLSlCW4jjjdm,5.881702,7.554997,12.589441,0,2591700,15.735572,Interactive,1,1.75
555300,ZXTIUCxfgq3vkGZD/2BQw+TV6+lOf+SvJrb8omrgZzK+IXmh5Fg2OLSlCW4jjjdm,5.63709,7.329299000000001,13.18565,0,2591700,15.735572,Interactive,1,1.75
555600,ZXTIUCxfgq3vkGZD/2BQw+TV6+lOf+SvJrb8omrgZzK+IXmh5Fg2OLSlCW4jjjdm,5.81425,6.879171,11.462896,0,2591700,15.735572,Interactive,1,1.75
555900,ZXTIUCxfgq3vkGZD/2BQw+TV6+lOf+SvJrb8omrgZzK+IXmh5Fg2OLSlCW4jjjdm,5.884661,7.423323,13.007866,0,2591700,15.735572,Interactive,1,1.75
556200,ZXTIUCxfgq3vkGZD/2BQw+TV6+lOf+SvJrb8omrgZzK+IXmh5Fg2OLSlCW4jjjdm,5.861372,7.316625999999999,11.800175,0,2591700,15.735572,Interactive,1,1.75
556500,ZXTIUCxfgq3vkGZD/2BQw+TV6+lOf+SvJrb8omrgZzK+IXmh5Fg2OLSlCW4jjjdm,5.693557,6.994089999999999,12.039447,0,2591700,15.735572,Interactive,1,1.75
556800,ZXTIUCxfgq3vkGZD/2BQw+TV6+lOf+SvJrb8omrgZzK+IXmh5Fg2OLSlCW4jjjdm,5.564033,7.275684,12.813986,0,2591700,15.735572,Interactive,1,1.75
557100,ZXTIUCxfgq3vkGZD/2BQw+TV6+lOf+SvJrb8omrgZzK+IXmh5Fg2OLSlCW4jjjdm,5.723175,7.289753999999999,11.8366,0,2591700,15.735572,Interactive,1,1.75
557400,ZXTIUCxfgq3vkGZD/2BQw+TV6+lOf+SvJrb8omrgZzK+IXmh5Fg2OLSlCW4jjjdm,5.313922,6.726708,11.819626,0,2591700,15.735572,Interactive,1,1.75
557700,ZXTIUCxfgq3vkGZD/2BQw+TV6+lOf+SvJrb8omrgZzK+IXmh5Fg2OLSlCW4jjjdm,5.821253,7.486687,12.851548,0,2591700,15.735572,Interactive,1,1.75
558000,ZXTIUCxfgq3vkGZD/2BQw+TV6+lOf+SvJrb8omrgZzK+IXmh5Fg2OLSlCW4jjjdm,4.569783999999999,6.909021000000001,11.46165,0,2591700,15.735572,Interactive,1,1.75
558300,ZXTIUCxfgq3vkGZD/2BQw+TV6+lOf+SvJrb8omrgZzK+IXmh5Fg2OLSlCW4jjjdm,5.639058,7.083102,12.283197,0,2591700,15.735572,Interactive,1,1.75
558600,ZXTIUCxfgq3vkGZD/2BQw+TV6+lOf+SvJrb8omrgZzK+IXmh5Fg2OLSlCW4jjjdm,5.877054,7.372994999999999,12.741285,0,2591700,15.735572,Interactive,1,1.75
558900,ZXTIUCxfgq3vkGZD/2BQw+TV6+lOf+SvJrb8omrgZzK+IXmh5Fg2OLSlCW4jjjdm,5.839326,7.949669999999999,14.486979000000002,0,2591700,15.735572,Interactive,1,1.75
559200,ZXTIUCxfgq3vkGZD/2BQw+TV6+lOf+SvJrb8omrgZzK+IXmh5Fg2OLSlCW4jjjdm,5.593016,6.952392,11.965579,0,2591700,15.735572,Interactive,1,1.75
559500,ZXTIUCxfgq3vkGZD/2BQw+TV6+lOf+SvJrb8omrgZzK+IXmh5Fg2OLSlCW4jjjdm,5.487101,7.248105000000001,13.304891,0,2591700,15.735572,Interactive,1,1.75
559800,ZXTIUCxfgq3vkGZD/2BQw+TV6+lOf+SvJrb8omrgZzK+IXmh5Fg2OLSlCW4jjjdm,5.7768,7.111228,11.662255,0,2591700,15.735572,Interactive,1,1.75
560100,ZXTIUCxfgq3vkGZD/2BQw+TV6+lOf+SvJrb8omrgZzK+IXmh5Fg2OLSlCW4jjjdm,5.673483999999999,6.988127,12.319691,0,2591700,15.735572,Interactive,1,1.75
560400,ZXTIUCxfgq3vkGZD/2BQw+TV6+lOf+SvJrb8omrgZzK+IXmh5Fg2OLSlCW4jjjdm,5.764691,7.3606,12.731439,0,2591700,15.735572,Interactive,1,1.75
560700,ZXTIUCxfgq3vkGZD/2BQw+TV6+lOf+SvJrb8omrgZzK+IXmh5Fg2OLSlCW4jjjdm,5.699241000000001,7.310919999999999,12.074048,0,2591700,15.735572,Interactive,1,1.75
561000,ZXTIUCxfgq3vkGZD/2BQw+TV6+lOf+SvJrb8omrgZzK+IXmh5Fg2OLSlCW4jjjdm,5.650548000000001,6.982785000000001,11.792473,0,2591700,15.735572,Interactive,1,1.75
561300,ZXTIUCxfgq3vkGZD/2BQw+TV6+lOf+SvJrb8omrgZzK+IXmh5Fg2OLSlCW4jjjdm,5.585193,7.187973,13.182314000000002,0,2591700,15.735572,Interactive,1,1.75
561600,ZXTIUCxfgq3vkGZD/2BQw+TV6+lOf+SvJrb8omrgZzK+IXmh5Fg2OLSlCW4jjjdm,4.587478,6.905902,11.84328,0,2591700,15.735572,Interactive,1,1.75
561900,ZXTIUCxfgq3vkGZD/2BQw+TV6+lOf+SvJrb8omrgZzK+IXmh5Fg2OLSlCW4jjjdm,5.664843,6.98815,12.08701,0,2591700,15.735572,Interactive,1,1.75
562200,ZXTIUCxfgq3vkGZD/2BQw+TV6+lOf+SvJrb8omrgZzK+IXmh5Fg2OLSlCW4jjjdm,5.719776,7.202853999999999,13.033224,0,2591700,15.735572,Interactive,1,1.75
562500,ZXTIUCxfgq3vkGZD/2BQw+TV6+lOf+SvJrb8omrgZzK+IXmh5Fg2OLSlCW4jjjdm,5.8256120000000005,7.300032000000001,12.07476,0,2591700,15.735572,Interactive,1,1.75
562800,ZXTIUCxfgq3vkGZD/2BQw+TV6+lOf+SvJrb8omrgZzK+IXmh5Fg2OLSlCW4jjjdm,5.381969000000001,6.848045,12.125821,0,2591700,15.735572,Interactive,1,1.75
563100,ZXTIUCxfgq3vkGZD/2BQw+TV6+lOf+SvJrb8omrgZzK+IXmh5Fg2OLSlCW4jjjdm,5.690233999999999,7.432956,13.425941,0,2591700,15.735572,Interactive,1,1.75
563400,ZXTIUCxfgq3vkGZD/2BQw+TV6+lOf+SvJrb8omrgZzK+IXmh5Fg2OLSlCW4jjjdm,5.979283000000001,7.1631990000000005,11.961044,0,2591700,15.735572,Interactive,1,1.75
563700,ZXTIUCxfgq3vkGZD/2BQw+TV6+lOf+SvJrb8omrgZzK+IXmh5Fg2OLSlCW4jjjdm,5.651199,7.1123270000000005,12.280204,0,2591700,15.735572,Interactive,1,1.75
564000,ZXTIUCxfgq3vkGZD/2BQw+TV6+lOf+SvJrb8omrgZzK+IXmh5Fg2OLSlCW4jjjdm,6.161404,7.262560000000001,12.521027,0,2591700,15.735572,Interactive,1,1.75
564300,ZXTIUCxfgq3vkGZD/2BQw+TV6+lOf+SvJrb8omrgZzK+IXmh5Fg2OLSlCW4jjjdm,5.372044,7.080578,12.125863,0,2591700,15.735572,Interactive,1,1.75
564600,ZXTIUCxfgq3vkGZD/2BQw+TV6+lOf+SvJrb8omrgZzK+IXmh5Fg2OLSlCW4jjjdm,5.586716,6.9943740000000005,11.752331,0,2591700,15.735572,Interactive,1,1.75
564900,ZXTIUCxfgq3vkGZD/2BQw+TV6+lOf+SvJrb8omrgZzK+IXmh5Fg2OLSlCW4jjjdm,6.091687,8.567556,16.310019,0,2591700,15.735572,Interactive,1,1.75
565200,ZXTIUCxfgq3vkGZD/2BQw+TV6+lOf+SvJrb8omrgZzK+IXmh5Fg2OLSlCW4jjjdm,5.817915,7.115033,11.904226,0,2591700,15.735572,Interactive,1,1.75
565500,ZXTIUCxfgq3vkGZD/2BQw+TV6+lOf+SvJrb8omrgZzK+IXmh5Fg2OLSlCW4jjjdm,4.997953,7.202571000000001,12.336728,0,2591700,15.735572,Interactive,1,1.75
565800,ZXTIUCxfgq3vkGZD/2BQw+TV6+lOf+SvJrb8omrgZzK+IXmh5Fg2OLSlCW4jjjdm,5.819287,7.653701,14.242299,0,2591700,15.735572,Interactive,1,1.75
566100,ZXTIUCxfgq3vkGZD/2BQw+TV6+lOf+SvJrb8omrgZzK+IXmh5Fg2OLSlCW4jjjdm,5.850287000000001,7.318002000000001,12.121383,0,2591700,15.735572,Interactive,1,1.75
566400,ZXTIUCxfgq3vkGZD/2BQw+TV6+lOf+SvJrb8omrgZzK+IXmh5Fg2OLSlCW4jjjdm,5.859473,7.217269,12.042416,0,2591700,15.735572,Interactive,1,1.75
566700,ZXTIUCxfgq3vkGZD/2BQw+TV6+lOf+SvJrb8omrgZzK+IXmh5Fg2OLSlCW4jjjdm,5.77184,7.543814,14.517349,0,2591700,15.735572,Interactive,1,1.75
567000,ZXTIUCxfgq3vkGZD/2BQw+TV6+lOf+SvJrb8omrgZzK+IXmh5Fg2OLSlCW4jjjdm,5.119195,7.038803999999999,11.789867999999998,0,2591700,15.735572,Interactive,1,1.75
567300,ZXTIUCxfgq3vkGZD/2BQw+TV6+lOf+SvJrb8omrgZzK+IXmh5Fg2OLSlCW4jjjdm,5.709671,7.315813,12.337017,0,2591700,15.735572,Interactive,1,1.75
567600,ZXTIUCxfgq3vkGZD/2BQw+TV6+lOf+SvJrb8omrgZzK+IXmh5Fg2OLSlCW4jjjdm,5.827801999999999,7.591433,14.71484,0,2591700,15.735572,Interactive,1,1.75
567900,ZXTIUCxfgq3vkGZD/2BQw+TV6+lOf+SvJrb8omrgZzK+IXmh5Fg2OLSlCW4jjjdm,5.755582,7.239658,12.294719,0,2591700,15.735572,Interactive,1,1.75
568200,ZXTIUCxfgq3vkGZD/2BQw+TV6+lOf+SvJrb8omrgZzK+IXmh5Fg2OLSlCW4jjjdm,5.258071,7.1354690000000005,11.875264,0,2591700,15.735572,Interactive,1,1.75
568500,ZXTIUCxfgq3vkGZD/2BQw+TV6+lOf+SvJrb8omrgZzK+IXmh5Fg2OLSlCW4jjjdm,5.941209,7.512608,14.607207999999998,0,2591700,15.735572,Interactive,1,1.75
568800,ZXTIUCxfgq3vkGZD/2BQw+TV6+lOf+SvJrb8omrgZzK+IXmh5Fg2OLSlCW4jjjdm,5.872154,7.463739,12.245138,0,2591700,15.735572,Interactive,1,1.75
569100,ZXTIUCxfgq3vkGZD/2BQw+TV6+lOf+SvJrb8omrgZzK+IXmh5Fg2OLSlCW4jjjdm,5.648152,7.242511,12.596194,0,2591700,15.735572,Interactive,1,1.75
569400,ZXTIUCxfgq3vkGZD/2BQw+TV6+lOf+SvJrb8omrgZzK+IXmh5Fg2OLSlCW4jjjdm,5.981679,7.586344,13.834216,0,2591700,15.735572,Interactive,1,1.75
569700,ZXTIUCxfgq3vkGZD/2BQw+TV6+lOf+SvJrb8omrgZzK+IXmh5Fg2OLSlCW4jjjdm,5.876774,7.401097999999999,12.40872,0,2591700,15.735572,Interactive,1,1.75
570000,ZXTIUCxfgq3vkGZD/2BQw+TV6+lOf+SvJrb8omrgZzK+IXmh5Fg2OLSlCW4jjjdm,5.718036,7.1914690000000006,11.781425,0,2591700,15.735572,Interactive,1,1.75
570300,ZXTIUCxfgq3vkGZD/2BQw+TV6+lOf+SvJrb8omrgZzK+IXmh5Fg2OLSlCW4jjjdm,5.9942660000000005,7.763644999999999,15.16913,0,2591700,15.735572,Interactive,1,1.75
570600,ZXTIUCxfgq3vkGZD/2BQw+TV6+lOf+SvJrb8omrgZzK+IXmh5Fg2OLSlCW4jjjdm,5.680284,7.223758,12.189467,0,2591700,15.735572,Interactive,1,1.75
570900,ZXTIUCxfgq3vkGZD/2BQw+TV6+lOf+SvJrb8omrgZzK+IXmh5Fg2OLSlCW4jjjdm,4.043061,7.163952,12.236094,0,2591700,15.735572,Interactive,1,1.75
571200,ZXTIUCxfgq3vkGZD/2BQw+TV6+lOf+SvJrb8omrgZzK+IXmh5Fg2OLSlCW4jjjdm,5.915894000000001,7.476560000000001,13.835619,0,2591700,15.735572,Interactive,1,1.75
571500,ZXTIUCxfgq3vkGZD/2BQw+TV6+lOf+SvJrb8omrgZzK+IXmh5Fg2OLSlCW4jjjdm,4.498122,7.063669,11.998911,0,2591700,15.735572,Interactive,1,1.75
571800,ZXTIUCxfgq3vkGZD/2BQw+TV6+lOf+SvJrb8omrgZzK+IXmh5Fg2OLSlCW4jjjdm,5.881807,7.181534,11.584759,0,2591700,15.735572,Interactive,1,1.75
572100,ZXTIUCxfgq3vkGZD/2BQw+TV6+lOf+SvJrb8omrgZzK+IXmh5Fg2OLSlCW4jjjdm,5.695297,7.440961,14.113517000000002,0,2591700,15.735572,Interactive,1,1.75
572400,ZXTIUCxfgq3vkGZD/2BQw+TV6+lOf+SvJrb8omrgZzK+IXmh5Fg2OLSlCW4jjjdm,5.733818,7.167438000000001,11.708232,0,2591700,15.735572,Interactive,1,1.75
572700,ZXTIUCxfgq3vkGZD/2BQw+TV6+lOf+SvJrb8omrgZzK+IXmh5Fg2OLSlCW4jjjdm,4.914242,7.0346910000000005,12.029303,0,2591700,15.735572,Interactive,1,1.75
573000,ZXTIUCxfgq3vkGZD/2BQw+TV6+lOf+SvJrb8omrgZzK+IXmh5Fg2OLSlCW4jjjdm,6.033607,7.414363000000001,12.890657,0,2591700,15.735572,Interactive,1,1.75
573300,ZXTIUCxfgq3vkGZD/2BQw+TV6+lOf+SvJrb8omrgZzK+IXmh5Fg2OLSlCW4jjjdm,5.646974,7.232798,12.113735,0,2591700,15.735572,Interactive,1,1.75
573600,ZXTIUCxfgq3vkGZD/2BQw+TV6+lOf+SvJrb8omrgZzK+IXmh5Fg2OLSlCW4jjjdm,5.129925,7.057671000000001,11.657943,0,2591700,15.735572,Interactive,1,1.75
573900,ZXTIUCxfgq3vkGZD/2BQw+TV6+lOf+SvJrb8omrgZzK+IXmh5Fg2OLSlCW4jjjdm,6.223007,7.657342999999999,12.956683,0,2591700,15.735572,Interactive,1,1.75
574200,ZXTIUCxfgq3vkGZD/2BQw+TV6+lOf+SvJrb8omrgZzK+IXmh5Fg2OLSlCW4jjjdm,5.924392,7.116689,11.799206,0,2591700,15.735572,Interactive,1,1.75
574500,ZXTIUCxfgq3vkGZD/2BQw+TV6+lOf+SvJrb8omrgZzK+IXmh5Fg2OLSlCW4jjjdm,5.599144,7.245841,12.165469,0,2591700,15.735572,Interactive,1,1.75
574800,ZXTIUCxfgq3vkGZD/2BQw+TV6+lOf+SvJrb8omrgZzK+IXmh5Fg2OLSlCW4jjjdm,4.920528,7.291617,12.352102,0,2591700,15.735572,Interactive,1,1.75
575100,ZXTIUCxfgq3vkGZD/2BQw+TV6+lOf+SvJrb8omrgZzK+IXmh5Fg2OLSlCW4jjjdm,5.604644,7.234031,12.265131,0,2591700,15.735572,Interactive,1,1.75
575400,ZXTIUCxfgq3vkGZD/2BQw+TV6+lOf+SvJrb8omrgZzK+IXmh5Fg2OLSlCW4jjjdm,3.782977,6.847934,11.662959,0,2591700,15.735572,Interactive,1,1.75
575700,ZXTIUCxfgq3vkGZD/2BQw+TV6+lOf+SvJrb8omrgZzK+IXmh5Fg2OLSlCW4jjjdm,6.06941,7.487112,12.736582,0,2591700,15.735572,Interactive,1,1.75
576000,ZXTIUCxfgq3vkGZD/2BQw+TV6+lOf+SvJrb8omrgZzK+IXmh5Fg2OLSlCW4jjjdm,4.472414,6.832594,11.889677,0,2591700,15.735572,Interactive,1,1.75
576300,ZXTIUCxfgq3vkGZD/2BQw+TV6+lOf+SvJrb8omrgZzK+IXmh5Fg2OLSlCW4jjjdm,5.569943,7.149151,12.005717,0,2591700,15.735572,Interactive,1,1.75
576600,ZXTIUCxfgq3vkGZD/2BQw+TV6+lOf+SvJrb8omrgZzK+IXmh5Fg2OLSlCW4jjjdm,5.784158000000001,7.548777999999999,12.449398,0,2591700,15.735572,Interactive,1,1.75
576900,ZXTIUCxfgq3vkGZD/2BQw+TV6+lOf+SvJrb8omrgZzK+IXmh5Fg2OLSlCW4jjjdm,5.62533,7.081414,12.003995,0,2591700,15.735572,Interactive,1,1.75
577200,ZXTIUCxfgq3vkGZD/2BQw+TV6+lOf+SvJrb8omrgZzK+IXmh5Fg2OLSlCW4jjjdm,5.70442,6.968896000000001,11.676837,0,2591700,15.735572,Interactive,1,1.75
577500,ZXTIUCxfgq3vkGZD/2BQw+TV6+lOf+SvJrb8omrgZzK+IXmh5Fg2OLSlCW4jjjdm,5.976744999999999,7.347306,10.140196,0,2591700,15.735572,Interactive,1,1.75
577800,ZXTIUCxfgq3vkGZD/2BQw+TV6+lOf+SvJrb8omrgZzK+IXmh5Fg2OLSlCW4jjjdm,5.712615,6.976088000000001,11.620717,0,2591700,15.735572,Interactive,1,1.75
578100,ZXTIUCxfgq3vkGZD/2BQw+TV6+lOf+SvJrb8omrgZzK+IXmh5Fg2OLSlCW4jjjdm,5.546685,7.089207000000001,12.132527,0,2591700,15.735572,Interactive,1,1.75
578400,ZXTIUCxfgq3vkGZD/2BQw+TV6+lOf+SvJrb8omrgZzK+IXmh5Fg2OLSlCW4jjjdm,6.309767,7.465286999999999,12.438619,0,2591700,15.735572,Interactive,1,1.75
578700,ZXTIUCxfgq3vkGZD/2BQw+TV6+lOf+SvJrb8omrgZzK+IXmh5Fg2OLSlCW4jjjdm,5.363507,7.044988,11.803936,0,2591700,15.735572,Interactive,1,1.75
579000,ZXTIUCxfgq3vkGZD/2BQw+TV6+lOf+SvJrb8omrgZzK+IXmh5Fg2OLSlCW4jjjdm,5.628348,7.155483,11.775476,0,2591700,15.735572,Interactive,1,1.75
579300,ZXTIUCxfgq3vkGZD/2BQw+TV6+lOf+SvJrb8omrgZzK+IXmh5Fg2OLSlCW4jjjdm,4.147968,7.269357,12.752907,0,2591700,15.735572,Interactive,1,1.75
579600,ZXTIUCxfgq3vkGZD/2BQw+TV6+lOf+SvJrb8omrgZzK+IXmh5Fg2OLSlCW4jjjdm,5.739644,7.113703999999999,11.565138,0,2591700,15.735572,Interactive,1,1.75
579900,ZXTIUCxfgq3vkGZD/2BQw+TV6+lOf+SvJrb8omrgZzK+IXmh5Fg2OLSlCW4jjjdm,4.793003,6.967147,12.362985,0,2591700,15.735572,Interactive,1,1.75
580200,ZXTIUCxfgq3vkGZD/2BQw+TV6+lOf+SvJrb8omrgZzK+IXmh5Fg2OLSlCW4jjjdm,4.386625,6.837460000000001,8.555425,0,2591700,15.735572,Interactive,1,1.75
580500,ZXTIUCxfgq3vkGZD/2BQw+TV6+lOf+SvJrb8omrgZzK+IXmh5Fg2OLSlCW4jjjdm,5.557938,7.143886999999999,11.980462,0,2591700,15.735572,Interactive,1,1.75
580800,ZXTIUCxfgq3vkGZD/2BQw+TV6+lOf+SvJrb8omrgZzK+IXmh5Fg2OLSlCW4jjjdm,5.678062000000001,11.097218,23.153277,0,2591700,15.735572,Interactive,1,1.75
581100,ZXTIUCxfgq3vkGZD/2BQw+TV6+lOf+SvJrb8omrgZzK+IXmh5Fg2OLSlCW4jjjdm,5.980875,8.065921000000001,17.810541,0,2591700,15.735572,Interactive,1,1.75
581400,ZXTIUCxfgq3vkGZD/2BQw+TV6+lOf+SvJrb8omrgZzK+IXmh5Fg2OLSlCW4jjjdm,5.356448,7.085124,11.769475,0,2591700,15.735572,Interactive,1,1.75
581700,ZXTIUCxfgq3vkGZD/2BQw+TV6+lOf+SvJrb8omrgZzK+IXmh5Fg2OLSlCW4jjjdm,5.752619,7.255803,13.5848,0,2591700,15.735572,Interactive,1,1.75
582000,ZXTIUCxfgq3vkGZD/2BQw+TV6+lOf+SvJrb8omrgZzK+IXmh5Fg2OLSlCW4jjjdm,5.914417,7.344189,12.692451,0,2591700,15.735572,Interactive,1,1.75
582300,ZXTIUCxfgq3vkGZD/2BQw+TV6+lOf+SvJrb8omrgZzK+IXmh5Fg2OLSlCW4jjjdm,5.721972,7.269119,11.917665,0,2591700,15.735572,Interactive,1,1.75
582600,ZXTIUCxfgq3vkGZD/2BQw+TV6+lOf+SvJrb8omrgZzK+IXmh5Fg2OLSlCW4jjjdm,5.600764,7.016487,13.453333,0,2591700,15.735572,Interactive,1,1.75
582900,ZXTIUCxfgq3vkGZD/2BQw+TV6+lOf+SvJrb8omrgZzK+IXmh5Fg2OLSlCW4jjjdm,5.912151000000001,6.773960000000001,8.133007000000001,0,2591700,15.735572,Interactive,1,1.75
583200,ZXTIUCxfgq3vkGZD/2BQw+TV6+lOf+SvJrb8omrgZzK+IXmh5Fg2OLSlCW4jjjdm,5.661048,7.236014999999999,11.485355,0,2591700,15.735572,Interactive,1,1.75
583500,ZXTIUCxfgq3vkGZD/2BQw+TV6+lOf+SvJrb8omrgZzK+IXmh5Fg2OLSlCW4jjjdm,5.859236,7.322195,14.048441,0,2591700,15.735572,Interactive,1,1.75
583800,ZXTIUCxfgq3vkGZD/2BQw+TV6+lOf+SvJrb8omrgZzK+IXmh5Fg2OLSlCW4jjjdm,5.770146,7.548139,12.548063,0,2591700,15.735572,Interactive,1,1.75
584100,ZXTIUCxfgq3vkGZD/2BQw+TV6+lOf+SvJrb8omrgZzK+IXmh5Fg2OLSlCW4jjjdm,4.424691999999999,7.082369,12.313594,0,2591700,15.735572,Interactive,1,1.75
584400,ZXTIUCxfgq3vkGZD/2BQw+TV6+lOf+SvJrb8omrgZzK+IXmh5Fg2OLSlCW4jjjdm,5.636885,7.135834,13.06277,0,2591700,15.735572,Interactive,1,1.75
584700,ZXTIUCxfgq3vkGZD/2BQw+TV6+lOf+SvJrb8omrgZzK+IXmh5Fg2OLSlCW4jjjdm,3.319349,7.046582000000001,12.815561,0,2591700,15.735572,Interactive,1,1.75
585000,ZXTIUCxfgq3vkGZD/2BQw+TV6+lOf+SvJrb8omrgZzK+IXmh5Fg2OLSlCW4jjjdm,5.712671,7.303484,11.692375,0,2591700,15.735572,Interactive,1,1.75
585300,ZXTIUCxfgq3vkGZD/2BQw+TV6+lOf+SvJrb8omrgZzK+IXmh5Fg2OLSlCW4jjjdm,4.052683,6.869436,13.733052,0,2591700,15.735572,Interactive,1,1.75
585600,ZXTIUCxfgq3vkGZD/2BQw+TV6+lOf+SvJrb8omrgZzK+IXmh5Fg2OLSlCW4jjjdm,5.646871,6.701436999999999,8.049844,0,2591700,15.735572,Interactive,1,1.75
585900,ZXTIUCxfgq3vkGZD/2BQw+TV6+lOf+SvJrb8omrgZzK+IXmh5Fg2OLSlCW4jjjdm,5.714546,7.377133000000001,12.104341,0,2591700,15.735572,Interactive,1,1.75
586200,ZXTIUCxfgq3vkGZD/2BQw+TV6+lOf+SvJrb8omrgZzK+IXmh5Fg2OLSlCW4jjjdm,5.4553720000000006,7.048918,13.221312,0,2591700,15.735572,Interactive,1,1.75
586500,ZXTIUCxfgq3vkGZD/2BQw+TV6+lOf+SvJrb8omrgZzK+IXmh5Fg2OLSlCW4jjjdm,5.849954,7.424326,13.126284,0,2591700,15.735572,Interactive,1,1.75
586800,ZXTIUCxfgq3vkGZD/2BQw+TV6+lOf+SvJrb8omrgZzK+IXmh5Fg2OLSlCW4jjjdm,5.569461,7.236217,11.752453,0,2591700,15.735572,Interactive,1,1.75
587100,ZXTIUCxfgq3vkGZD/2BQw+TV6+lOf+SvJrb8omrgZzK+IXmh5Fg2OLSlCW4jjjdm,5.8189720000000005,7.252746000000001,13.616113,0,2591700,15.735572,Interactive,1,1.75
587400,ZXTIUCxfgq3vkGZD/2BQw+TV6+lOf+SvJrb8omrgZzK+IXmh5Fg2OLSlCW4jjjdm,4.547564,7.391352,12.582856,0,2591700,15.735572,Interactive,1,1.75
587700,ZXTIUCxfgq3vkGZD/2BQw+TV6+lOf+SvJrb8omrgZzK+IXmh5Fg2OLSlCW4jjjdm,5.728173,7.364617,12.104744,0,2591700,15.735572,Interactive,1,1.75
588000,ZXTIUCxfgq3vkGZD/2BQw+TV6+lOf+SvJrb8omrgZzK+IXmh5Fg2OLSlCW4jjjdm,4.497089,6.842925,12.724885,0,2591700,15.735572,Interactive,1,1.75
588300,ZXTIUCxfgq3vkGZD/2BQw+TV6+lOf+SvJrb8omrgZzK+IXmh5Fg2OLSlCW4jjjdm,5.9986440000000005,7.203542999999999,10.794837,0,2591700,15.735572,Interactive,1,1.75
588600,ZXTIUCxfgq3vkGZD/2BQw+TV6+lOf+SvJrb8omrgZzK+IXmh5Fg2OLSlCW4jjjdm,5.658553,7.298928999999999,11.832232,0,2591700,15.735572,Interactive,1,1.75
588900,ZXTIUCxfgq3vkGZD/2BQw+TV6+lOf+SvJrb8omrgZzK+IXmh5Fg2OLSlCW4jjjdm,5.82706,7.108956,13.040547,0,2591700,15.735572,Interactive,1,1.75
589200,ZXTIUCxfgq3vkGZD/2BQw+TV6+lOf+SvJrb8omrgZzK+IXmh5Fg2OLSlCW4jjjdm,5.905745,7.295752,12.538836,0,2591700,15.735572,Interactive,1,1.75
589500,ZXTIUCxfgq3vkGZD/2BQw+TV6+lOf+SvJrb8omrgZzK+IXmh5Fg2OLSlCW4jjjdm,5.712117,7.400682000000001,11.907827,0,2591700,15.735572,Interactive,1,1.75
589800,ZXTIUCxfgq3vkGZD/2BQw+TV6+lOf+SvJrb8omrgZzK+IXmh5Fg2OLSlCW4jjjdm,5.974983,6.96575,11.72471,0,2591700,15.735572,Interactive,1,1.75
590100,ZXTIUCxfgq3vkGZD/2BQw+TV6+lOf+SvJrb8omrgZzK+IXmh5Fg2OLSlCW4jjjdm,4.488086,7.341775999999999,13.059789,0,2591700,15.735572,Interactive,1,1.75
590400,ZXTIUCxfgq3vkGZD/2BQw+TV6+lOf+SvJrb8omrgZzK+IXmh5Fg2OLSlCW4jjjdm,6.026212,7.405263000000001,11.672129,0,2591700,15.735572,Interactive,1,1.75
590700,ZXTIUCxfgq3vkGZD/2BQw+TV6+lOf+SvJrb8omrgZzK+IXmh5Fg2OLSlCW4jjjdm,4.653321,6.873261,12.18533,0,2591700,15.735572,Interactive,1,1.75
591000,ZXTIUCxfgq3vkGZD/2BQw+TV6+lOf+SvJrb8omrgZzK+IXmh5Fg2OLSlCW4jjjdm,5.900222,7.521575,10.087663,0,2591700,15.735572,Interactive,1,1.75
591300,ZXTIUCxfgq3vkGZD/2BQw+TV6+lOf+SvJrb8omrgZzK+IXmh5Fg2OLSlCW4jjjdm,5.852602,7.43878,12.181475,0,2591700,15.735572,Interactive,1,1.75
591600,ZXTIUCxfgq3vkGZD/2BQw+TV6+lOf+SvJrb8omrgZzK+IXmh5Fg2OLSlCW4jjjdm,5.760358,7.067087,11.995455,0,2591700,15.735572,Interactive,1,1.75
591900,ZXTIUCxfgq3vkGZD/2BQw+TV6+lOf+SvJrb8omrgZzK+IXmh5Fg2OLSlCW4jjjdm,6.042071,7.543063,12.843494,0,2591700,15.735572,Interactive,1,1.75
592200,ZXTIUCxfgq3vkGZD/2BQw+TV6+lOf+SvJrb8omrgZzK+IXmh5Fg2OLSlCW4jjjdm,5.499477,7.224701,11.846932,0,2591700,15.735572,Interactive,1,1.75
592500,ZXTIUCxfgq3vkGZD/2BQw+TV6+lOf+SvJrb8omrgZzK+IXmh5Fg2OLSlCW4jjjdm,6.005574,7.252126,12.432483,0,2591700,15.735572,Interactive,1,1.75
592800,ZXTIUCxfgq3vkGZD/2BQw+TV6+lOf+SvJrb8omrgZzK+IXmh5Fg2OLSlCW4jjjdm,6.05225,7.510311,12.411597,0,2591700,15.735572,Interactive,1,1.75
593100,ZXTIUCxfgq3vkGZD/2BQw+TV6+lOf+SvJrb8omrgZzK+IXmh5Fg2OLSlCW4jjjdm,5.818327,7.467633,12.170042,0,2591700,15.735572,Interactive,1,1.75
593400,ZXTIUCxfgq3vkGZD/2BQw+TV6+lOf+SvJrb8omrgZzK+IXmh5Fg2OLSlCW4jjjdm,6.141264,7.330928999999999,11.789142,0,2591700,15.735572,Interactive,1,1.75
593700,ZXTIUCxfgq3vkGZD/2BQw+TV6+lOf+SvJrb8omrgZzK+IXmh5Fg2OLSlCW4jjjdm,6.076744000000001,6.882469,8.50579,0,2591700,15.735572,Interactive,1,1.75
594000,ZXTIUCxfgq3vkGZD/2BQw+TV6+lOf+SvJrb8omrgZzK+IXmh5Fg2OLSlCW4jjjdm,5.752717,7.320138,11.760634,0,2591700,15.735572,Interactive,1,1.75
594300,ZXTIUCxfgq3vkGZD/2BQw+TV6+lOf+SvJrb8omrgZzK+IXmh5Fg2OLSlCW4jjjdm,5.340186,7.036608,12.066759,0,2591700,15.735572,Interactive,1,1.75
594600,ZXTIUCxfgq3vkGZD/2BQw+TV6+lOf+SvJrb8omrgZzK+IXmh5Fg2OLSlCW4jjjdm,5.807755,7.706617,12.62256,0,2591700,15.735572,Interactive,1,1.75
594900,ZXTIUCxfgq3vkGZD/2BQw+TV6+lOf+SvJrb8omrgZzK+IXmh5Fg2OLSlCW4jjjdm,4.7822,7.597663000000001,12.509854,0,2591700,15.735572,Interactive,1,1.75
595200,ZXTIUCxfgq3vkGZD/2BQw+TV6+lOf+SvJrb8omrgZzK+IXmh5Fg2OLSlCW4jjjdm,5.924461,7.071089,11.642286,0,2591700,15.735572,Interactive,1,1.75
595500,ZXTIUCxfgq3vkGZD/2BQw+TV6+lOf+SvJrb8omrgZzK+IXmh5Fg2OLSlCW4jjjdm,5.546054,7.376435000000001,13.058216,0,2591700,15.735572,Interactive,1,1.75
595800,ZXTIUCxfgq3vkGZD/2BQw+TV6+lOf+SvJrb8omrgZzK+IXmh5Fg2OLSlCW4jjjdm,5.912113,7.362524,12.014089,0,2591700,15.735572,Interactive,1,1.75
596100,ZXTIUCxfgq3vkGZD/2BQw+TV6+lOf+SvJrb8omrgZzK+IXmh5Fg2OLSlCW4jjjdm,5.921144,7.527913000000001,12.347701,0,2591700,15.735572,Interactive,1,1.75
596400,ZXTIUCxfgq3vkGZD/2BQw+TV6+lOf+SvJrb8omrgZzK+IXmh5Fg2OLSlCW4jjjdm,5.929037,6.893597,8.36437,0,2591700,15.735572,Interactive,1,1.75
596700,ZXTIUCxfgq3vkGZD/2BQw+TV6+lOf+SvJrb8omrgZzK+IXmh5Fg2OLSlCW4jjjdm,5.74274,7.429735000000001,12.57815,0,2591700,15.735572,Interactive,1,1.75
597000,ZXTIUCxfgq3vkGZD/2BQw+TV6+lOf+SvJrb8omrgZzK+IXmh5Fg2OLSlCW4jjjdm,5.980587,7.115724,11.543271,0,2591700,15.735572,Interactive,1,1.75
597300,ZXTIUCxfgq3vkGZD/2BQw+TV6+lOf+SvJrb8omrgZzK+IXmh5Fg2OLSlCW4jjjdm,5.826747,7.481610000000001,12.677697,0,2591700,15.735572,Interactive,1,1.75
597600,ZXTIUCxfgq3vkGZD/2BQw+TV6+lOf+SvJrb8omrgZzK+IXmh5Fg2OLSlCW4jjjdm,5.763758999999999,7.322392999999999,12.940795,0,2591700,15.735572,Interactive,1,1.75
597900,ZXTIUCxfgq3vkGZD/2BQw+TV6+lOf+SvJrb8omrgZzK+IXmh5Fg2OLSlCW4jjjdm,5.703574,7.090778,12.184156,0,2591700,15.735572,Interactive,1,1.75
598200,ZXTIUCxfgq3vkGZD/2BQw+TV6+lOf+SvJrb8omrgZzK+IXmh5Fg2OLSlCW4jjjdm,5.993429,7.704135000000001,12.481962,0,2591700,15.735572,Interactive,1,1.75
598500,ZXTIUCxfgq3vkGZD/2BQw+TV6+lOf+SvJrb8omrgZzK+IXmh5Fg2OLSlCW4jjjdm,5.766498,7.394492,13.776360999999998,0,2591700,15.735572,Interactive,1,1.75
598800,ZXTIUCxfgq3vkGZD/2BQw+TV6+lOf+SvJrb8omrgZzK+IXmh5Fg2OLSlCW4jjjdm,5.733689,7.766532000000001,15.589398,0,2591700,15.735572,Interactive,1,1.75
599100,ZXTIUCxfgq3vkGZD/2BQw+TV6+lOf+SvJrb8omrgZzK+IXmh5Fg2OLSlCW4jjjdm,5.926718,7.029471000000001,9.82806,0,2591700,15.735572,Interactive,1,1.75
599400,ZXTIUCxfgq3vkGZD/2BQw+TV6+lOf+SvJrb8omrgZzK+IXmh5Fg2OLSlCW4jjjdm,5.737821,7.271358,13.217898000000002,0,2591700,15.735572,Interactive,1,1.75
599700,ZXTIUCxfgq3vkGZD/2BQw+TV6+lOf+SvJrb8omrgZzK+IXmh5Fg2OLSlCW4jjjdm,5.624347,7.170774000000001,12.07853,0,2591700,15.735572,Interactive,1,1.75
600000,ZXTIUCxfgq3vkGZD/2BQw+TV6+lOf+SvJrb8omrgZzK+IXmh5Fg2OLSlCW4jjjdm,5.899982,7.363536999999999,12.440826,0,2591700,15.735572,Interactive,1,1.75
600300,ZXTIUCxfgq3vkGZD/2BQw+TV6+lOf+SvJrb8omrgZzK+IXmh5Fg2OLSlCW4jjjdm,5.749349,7.629950999999999,13.340857000000002,0,2591700,15.735572,Interactive,1,1.75
600600,ZXTIUCxfgq3vkGZD/2BQw+TV6+lOf+SvJrb8omrgZzK+IXmh5Fg2OLSlCW4jjjdm,5.658981,6.911532000000001,11.507798,0,2591700,15.735572,Interactive,1,1.75
600900,ZXTIUCxfgq3vkGZD/2BQw+TV6+lOf+SvJrb8omrgZzK+IXmh5Fg2OLSlCW4jjjdm,5.895789,7.690198,12.8453,0,2591700,15.735572,Interactive,1,1.75
601200,ZXTIUCxfgq3vkGZD/2BQw+TV6+lOf+SvJrb8omrgZzK+IXmh5Fg2OLSlCW4jjjdm,5.746606,7.234531,13.16401,0,2591700,15.735572,Interactive,1,1.75
601500,ZXTIUCxfgq3vkGZD/2BQw+TV6+lOf+SvJrb8omrgZzK+IXmh5Fg2OLSlCW4jjjdm,5.571313,6.686572999999999,11.959592,0,2591700,15.735572,Interactive,1,1.75
601800,ZXTIUCxfgq3vkGZD/2BQw+TV6+lOf+SvJrb8omrgZzK+IXmh5Fg2OLSlCW4jjjdm,5.706079,6.997791,9.018192,0,2591700,15.735572,Interactive,1,1.75
602100,ZXTIUCxfgq3vkGZD/2BQw+TV6+lOf+SvJrb8omrgZzK+IXmh5Fg2OLSlCW4jjjdm,5.816649,7.268923,13.777332,0,2591700,15.735572,Interactive,1,1.75
602400,ZXTIUCxfgq3vkGZD/2BQw+TV6+lOf+SvJrb8omrgZzK+IXmh5Fg2OLSlCW4jjjdm,5.602754,6.900656,11.865394,0,2591700,15.735572,Interactive,1,1.75
602700,ZXTIUCxfgq3vkGZD/2BQw+TV6+lOf+SvJrb8omrgZzK+IXmh5Fg2OLSlCW4jjjdm,5.753561,7.336727000000001,12.849207,0,2591700,15.735572,Interactive,1,1.75
603000,ZXTIUCxfgq3vkGZD/2BQw+TV6+lOf+SvJrb8omrgZzK+IXmh5Fg2OLSlCW4jjjdm,5.924021,7.425685,13.146695,0,2591700,15.735572,Interactive,1,1.75
603300,ZXTIUCxfgq3vkGZD/2BQw+TV6+lOf+SvJrb8omrgZzK+IXmh5Fg2OLSlCW4jjjdm,5.610574,6.998041000000001,12.232886,0,2591700,15.735572,Interactive,1,1.75
603600,ZXTIUCxfgq3vkGZD/2BQw+TV6+lOf+SvJrb8omrgZzK+IXmh5Fg2OLSlCW4jjjdm,5.720336,7.221328999999999,12.395226,0,2591700,15.735572,Interactive,1,1.75
603900,ZXTIUCxfgq3vkGZD/2BQw+TV6+lOf+SvJrb8omrgZzK+IXmh5Fg2OLSlCW4jjjdm,5.915967,7.27732,13.32133,0,2591700,15.735572,Interactive,1,1.75
604200,ZXTIUCxfgq3vkGZD/2BQw+TV6+lOf+SvJrb8omrgZzK+IXmh5Fg2OLSlCW4jjjdm,5.611083,6.942764,11.570343,0,2591700,15.735572,Interactive,1,1.75
604500,ZXTIUCxfgq3vkGZD/2BQw+TV6+lOf+SvJrb8omrgZzK+IXmh5Fg2OLSlCW4jjjdm,5.8334470000000005,6.733333,8.919210000000001,0,2591700,15.735572,Interactive,1,1.75
604800,ZXTIUCxfgq3vkGZD/2BQw+TV6+lOf+SvJrb8omrgZzK+IXmh5Fg2OLSlCW4jjjdm,5.917114,7.137886,12.867889,0,2591700,15.735572,Interactive,1,1.75
605100,ZXTIUCxfgq3vkGZD/2BQw+TV6+lOf+SvJrb8omrgZzK+IXmh5Fg2OLSlCW4jjjdm,5.553403,6.906926,11.86644,0,2591700,15.735572,Interactive,1,1.75
605400,ZXTIUCxfgq3vkGZD/2BQw+TV6+lOf+SvJrb8omrgZzK+IXmh5Fg2OLSlCW4jjjdm,5.74375,7.593546000000001,12.577728,0,2591700,15.735572,Interactive,1,1.75
605700,ZXTIUCxfgq3vkGZD/2BQw+TV6+lOf+SvJrb8omrgZzK+IXmh5Fg2OLSlCW4jjjdm,5.57864,7.166987,11.582185,0,2591700,15.735572,Interactive,1,1.75
606000,ZXTIUCxfgq3vkGZD/2BQw+TV6+lOf+SvJrb8omrgZzK+IXmh5Fg2OLSlCW4jjjdm,5.637685,6.809193,11.273597,0,2591700,15.735572,Interactive,1,1.75
606300,ZXTIUCxfgq3vkGZD/2BQw+TV6+lOf+SvJrb8omrgZzK+IXmh5Fg2OLSlCW4jjjdm,5.585354,7.171104,12.472974,0,2591700,15.735572,Interactive,1,1.75
606600,ZXTIUCxfgq3vkGZD/2BQw+TV6+lOf+SvJrb8omrgZzK+IXmh5Fg2OLSlCW4jjjdm,5.763461,6.943171,11.446064,0,2591700,15.735572,Interactive,1,1.75
606900,ZXTIUCxfgq3vkGZD/2BQw+TV6+lOf+SvJrb8omrgZzK+IXmh5Fg2OLSlCW4jjjdm,5.584156,6.822837,11.567556,0,2591700,15.735572,Interactive,1,1.75
607200,ZXTIUCxfgq3vkGZD/2BQw+TV6+lOf+SvJrb8omrgZzK+IXmh5Fg2OLSlCW4jjjdm,5.583474,6.851061,8.86316,0,2591700,15.735572,Interactive,1,1.75
607500,ZXTIUCxfgq3vkGZD/2BQw+TV6+lOf+SvJrb8omrgZzK+IXmh5Fg2OLSlCW4jjjdm,5.740046,6.937161,11.760452,0,2591700,15.735572,Interactive,1,1.75
607800,ZXTIUCxfgq3vkGZD/2BQw+TV6+lOf+SvJrb8omrgZzK+IXmh5Fg2OLSlCW4jjjdm,5.51007,7.448374,11.383955,0,2591700,15.735572,Interactive,1,1.75
608100,ZXTIUCxfgq3vkGZD/2BQw+TV6+lOf+SvJrb8omrgZzK+IXmh5Fg2OLSlCW4jjjdm,5.498933999999999,7.152926,12.420217,0,2591700,15.735572,Interactive,1,1.75
608400,ZXTIUCxfgq3vkGZD/2BQw+TV6+lOf+SvJrb8omrgZzK+IXmh5Fg2OLSlCW4jjjdm,5.669116000000001,6.9558100000000005,11.455548,0,2591700,15.735572,Interactive,1,1.75
608700,ZXTIUCxfgq3vkGZD/2BQw+TV6+lOf+SvJrb8omrgZzK+IXmh5Fg2OLSlCW4jjjdm,5.635783,7.005910000000001,11.664576,0,2591700,15.735572,Interactive,1,1.75
609000,ZXTIUCxfgq3vkGZD/2BQw+TV6+lOf+SvJrb8omrgZzK+IXmh5Fg2OLSlCW4jjjdm,5.6334,7.744673,12.285855,0,2591700,15.735572,Interactive,1,1.75
609300,ZXTIUCxfgq3vkGZD/2BQw+TV6+lOf+SvJrb8omrgZzK+IXmh5Fg2OLSlCW4jjjdm,5.7846910000000005,6.993058,11.626148,0,2591700,15.735572,Interactive,1,1.75
609600,ZXTIUCxfgq3vkGZD/2BQw+TV6+lOf+SvJrb8omrgZzK+IXmh5Fg2OLSlCW4jjjdm,5.635207,14.11537,36.578316,0,2591700,15.735572,Interactive,1,1.75
609900,ZXTIUCxfgq3vkGZD/2BQw+TV6+lOf+SvJrb8omrgZzK+IXmh5Fg2OLSlCW4jjjdm,5.1638660000000005,6.395093,8.022133,0,2591700,15.735572,Interactive,1,1.75
610200,ZXTIUCxfgq3vkGZD/2BQw+TV6+lOf+SvJrb8omrgZzK+IXmh5Fg2OLSlCW4jjjdm,5.525728,6.695811,11.210024,0,2591700,15.735572,Interactive,1,1.75
610500,ZXTIUCxfgq3vkGZD/2BQw+TV6+lOf+SvJrb8omrgZzK+IXmh5Fg2OLSlCW4jjjdm,4.349844,6.652005,11.509549,0,2591700,15.735572,Interactive,1,1.75
610800,ZXTIUCxfgq3vkGZD/2BQw+TV6+lOf+SvJrb8omrgZzK+IXmh5Fg2OLSlCW4jjjdm,5.417504,6.921568,12.248388,0,2591700,15.735572,Interactive,1,1.75
611100,ZXTIUCxfgq3vkGZD/2BQw+TV6+lOf+SvJrb8omrgZzK+IXmh5Fg2OLSlCW4jjjdm,4.421764,6.738676,11.444661,0,2591700,15.735572,Interactive,1,1.75
611400,ZXTIUCxfgq3vkGZD/2BQw+TV6+lOf+SvJrb8omrgZzK+IXmh5Fg2OLSlCW4jjjdm,5.442173,6.672989,11.283087,0,2591700,15.735572,Interactive,1,1.75
611700,ZXTIUCxfgq3vkGZD/2BQw+TV6+lOf+SvJrb8omrgZzK+IXmh5Fg2OLSlCW4jjjdm,4.486841,6.833019,12.146021,0,2591700,15.735572,Interactive,1,1.75
612000,ZXTIUCxfgq3vkGZD/2BQw+TV6+lOf+SvJrb8omrgZzK+IXmh5Fg2OLSlCW4jjjdm,5.337578,6.672895,11.148193,0,2591700,15.735572,Interactive,1,1.75
612300,ZXTIUCxfgq3vkGZD/2BQw+TV6+lOf+SvJrb8omrgZzK+IXmh5Fg2OLSlCW4jjjdm,5.3274300000000006,6.638455,11.599317,0,2591700,15.735572,Interactive,1,1.75
612600,ZXTIUCxfgq3vkGZD/2BQw+TV6+lOf+SvJrb8omrgZzK+IXmh5Fg2OLSlCW4jjjdm,5.547512,7.282526,11.957093,0,2591700,15.735572,Interactive,1,1.75
612900,ZXTIUCxfgq3vkGZD/2BQw+TV6+lOf+SvJrb8omrgZzK+IXmh5Fg2OLSlCW4jjjdm,5.646822,6.804557000000001,11.266186,0,2591700,15.735572,Interactive,1,1.75
613200,ZXTIUCxfgq3vkGZD/2BQw+TV6+lOf+SvJrb8omrgZzK+IXmh5Fg2OLSlCW4jjjdm,5.540426,12.120622,62.081389,0,2591700,15.735572,Interactive,1,1.75
613500,ZXTIUCxfgq3vkGZD/2BQw+TV6+lOf+SvJrb8omrgZzK+IXmh5Fg2OLSlCW4jjjdm,5.533818,7.033532000000001,12.629113,0,2591700,15.735572,Interactive,1,1.75
613800,ZXTIUCxfgq3vkGZD/2BQw+TV6+lOf+SvJrb8omrgZzK+IXmh5Fg2OLSlCW4jjjdm,5.341977,6.966098,11.072487,0,2591700,15.735572,Interactive,1,1.75
614100,ZXTIUCxfgq3vkGZD/2BQw+TV6+lOf+SvJrb8omrgZzK+IXmh5Fg2OLSlCW4jjjdm,5.317355,6.777186,11.59038,0,2591700,15.735572,Interactive,1,1.75
614400,ZXTIUCxfgq3vkGZD/2BQw+TV6+lOf+SvJrb8omrgZzK+IXmh5Fg2OLSlCW4jjjdm,4.377278,6.771087,13.58007,0,2591700,15.735572,Interactive,1,1.75
614700,ZXTIUCxfgq3vkGZD/2BQw+TV6+lOf+SvJrb8omrgZzK+IXmh5Fg2OLSlCW4jjjdm,5.470498,6.728835000000001,11.294083,0,2591700,15.735572,Interactive,1,1.75
615000,ZXTIUCxfgq3vkGZD/2BQw+TV6+lOf+SvJrb8omrgZzK+IXmh5Fg2OLSlCW4jjjdm,4.468971,6.490389,11.086664,0,2591700,15.735572,Interactive,1,1.75
615300,ZXTIUCxfgq3vkGZD/2BQw+TV6+lOf+SvJrb8omrgZzK+IXmh5Fg2OLSlCW4jjjdm,5.330362999999999,7.043634,13.803767,0,2591700,15.735572,Interactive,1,1.75
615600,ZXTIUCxfgq3vkGZD/2BQw+TV6+lOf+SvJrb8omrgZzK+IXmh5Fg2OLSlCW4jjjdm,4.46929,6.533923000000001,11.1172,0,2591700,15.735572,Interactive,1,1.75
615900,ZXTIUCxfgq3vkGZD/2BQw+TV6+lOf+SvJrb8omrgZzK+IXmh5Fg2OLSlCW4jjjdm,5.457497,14.634644,86.189701,0,2591700,15.735572,Interactive,1,1.75
616200,ZXTIUCxfgq3vkGZD/2BQw+TV6+lOf+SvJrb8omrgZzK+IXmh5Fg2OLSlCW4jjjdm,5.379983,7.301483999999999,13.638438,0,2591700,15.735572,Interactive,1,1.75
616500,ZXTIUCxfgq3vkGZD/2BQw+TV6+lOf+SvJrb8omrgZzK+IXmh5Fg2OLSlCW4jjjdm,4.864078,6.872381,11.72762,0,2591700,15.735572,Interactive,1,1.75
616800,ZXTIUCxfgq3vkGZD/2BQw+TV6+lOf+SvJrb8omrgZzK+IXmh5Fg2OLSlCW4jjjdm,5.513348000000001,6.827896000000001,11.201173,0,2591700,15.735572,Interactive,1,1.75
617100,ZXTIUCxfgq3vkGZD/2BQw+TV6+lOf+SvJrb8omrgZzK+IXmh5Fg2OLSlCW4jjjdm,4.278078,7.029474,13.960138,0,2591700,15.735572,Interactive,1,1.75
617400,ZXTIUCxfgq3vkGZD/2BQw+TV6+lOf+SvJrb8omrgZzK+IXmh5Fg2OLSlCW4jjjdm,5.5988690000000005,6.807289,11.464227,0,2591700,15.735572,Interactive,1,1.75
617700,ZXTIUCxfgq3vkGZD/2BQw+TV6+lOf+SvJrb8omrgZzK+IXmh5Fg2OLSlCW4jjjdm,5.303852,6.702705,11.609443,0,2591700,15.735572,Interactive,1,1.75
618000,ZXTIUCxfgq3vkGZD/2BQw+TV6+lOf+SvJrb8omrgZzK+IXmh5Fg2OLSlCW4jjjdm,5.732778,7.113974000000001,13.709907,0,2591700,15.735572,Interactive,1,1.75
618300,ZXTIUCxfgq3vkGZD/2BQw+TV6+lOf+SvJrb8omrgZzK+IXmh5Fg2OLSlCW4jjjdm,5.288748,6.922793,11.850874,0,2591700,15.735572,Interactive,1,1.75
618600,ZXTIUCxfgq3vkGZD/2BQw+TV6+lOf+SvJrb8omrgZzK+IXmh5Fg2OLSlCW4jjjdm,5.494142,14.712762,87.816564,0,2591700,15.735572,Interactive,1,1.75
618900,ZXTIUCxfgq3vkGZD/2BQw+TV6+lOf+SvJrb8omrgZzK+IXmh5Fg2OLSlCW4jjjdm,5.406232,7.161706,14.005307,0,2591700,15.735572,Interactive,1,1.75
619200,ZXTIUCxfgq3vkGZD/2BQw+TV6+lOf+SvJrb8omrgZzK+IXmh5Fg2OLSlCW4jjjdm,5.372709,6.758939999999999,11.281107,0,2591700,15.735572,Interactive,1,1.75
619500,ZXTIUCxfgq3vkGZD/2BQw+TV6+lOf+SvJrb8omrgZzK+IXmh5Fg2OLSlCW4jjjdm,5.481881,6.871316,11.61187,0,2591700,15.735572,Interactive,1,1.75
619800,ZXTIUCxfgq3vkGZD/2BQw+TV6+lOf+SvJrb8omrgZzK+IXmh5Fg2OLSlCW4jjjdm,5.552857,7.521797,13.612389000000002,0,2591700,15.735572,Interactive,1,1.75
620100,ZXTIUCxfgq3vkGZD/2BQw+TV6+lOf+SvJrb8omrgZzK+IXmh5Fg2OLSlCW4jjjdm,5.6965650000000005,6.884148,11.602306,0,2591700,15.735572,Interactive,1,1.75
620400,ZXTIUCxfgq3vkGZD/2BQw+TV6+lOf+SvJrb8omrgZzK+IXmh5Fg2OLSlCW4jjjdm,5.2988040000000005,6.612379,11.332569,0,2591700,15.735572,Interactive,1,1.75
620700,ZXTIUCxfgq3vkGZD/2BQw+TV6+lOf+SvJrb8omrgZzK+IXmh5Fg2OLSlCW4jjjdm,5.49401,7.130291000000001,13.630004,0,2591700,15.735572,Interactive,1,1.75
621000,ZXTIUCxfgq3vkGZD/2BQw+TV6+lOf+SvJrb8omrgZzK+IXmh5Fg2OLSlCW4jjjdm,5.522222,6.764096,11.525122,0,2591700,15.735572,Interactive,1,1.75
621300,ZXTIUCxfgq3vkGZD/2BQw+TV6+lOf+SvJrb8omrgZzK+IXmh5Fg2OLSlCW4jjjdm,5.492305,15.448576999999998,96.054513,0,2591700,15.735572,Interactive,1,1.75
621600,ZXTIUCxfgq3vkGZD/2BQw+TV6+lOf+SvJrb8omrgZzK+IXmh5Fg2OLSlCW4jjjdm,5.566559,7.052341,13.239468,0,2591700,15.735572,Interactive,1,1.75
621900,ZXTIUCxfgq3vkGZD/2BQw+TV6+lOf+SvJrb8omrgZzK+IXmh5Fg2OLSlCW4jjjdm,5.714142,6.963825999999999,11.417166,0,2591700,15.735572,Interactive,1,1.75
622200,ZXTIUCxfgq3vkGZD/2BQw+TV6+lOf+SvJrb8omrgZzK+IXmh5Fg2OLSlCW4jjjdm,5.608818,6.832161,11.270882,0,2591700,15.735572,Interactive,1,1.75
622500,ZXTIUCxfgq3vkGZD/2BQw+TV6+lOf+SvJrb8omrgZzK+IXmh5Fg2OLSlCW4jjjdm,5.661487999999999,7.091785000000001,13.286069,0,2591700,15.735572,Interactive,1,1.75
622800,ZXTIUCxfgq3vkGZD/2BQw+TV6+lOf+SvJrb8omrgZzK+IXmh5Fg2OLSlCW4jjjdm,5.788203,6.923298,11.192988,0,2591700,15.735572,Interactive,1,1.75
623100,ZXTIUCxfgq3vkGZD/2BQw+TV6+lOf+SvJrb8omrgZzK+IXmh5Fg2OLSlCW4jjjdm,5.492396,7.0676630000000005,11.799505,0,2591700,15.735572,Interactive,1,1.75
623400,ZXTIUCxfgq3vkGZD/2BQw+TV6+lOf+SvJrb8omrgZzK+IXmh5Fg2OLSlCW4jjjdm,5.612457,7.297446000000001,11.97134,0,2591700,15.735572,Interactive,1,1.75
623700,ZXTIUCxfgq3vkGZD/2BQw+TV6+lOf+SvJrb8omrgZzK+IXmh5Fg2OLSlCW4jjjdm,5.432546,6.887851,11.759007,0,2591700,15.735572,Interactive,1,1.75
624000,ZXTIUCxfgq3vkGZD/2BQw+TV6+lOf+SvJrb8omrgZzK+IXmh5Fg2OLSlCW4jjjdm,5.573643,14.264851,86.425925,0,2591700,15.735572,Interactive,1,1.75
624300,ZXTIUCxfgq3vkGZD/2BQw+TV6+lOf+SvJrb8omrgZzK+IXmh5Fg2OLSlCW4jjjdm,5.654866,7.004288000000001,12.257615,0,2591700,15.735572,Interactive,1,1.75
624600,ZXTIUCxfgq3vkGZD/2BQw+TV6+lOf+SvJrb8omrgZzK+IXmh5Fg2OLSlCW4jjjdm,5.650365,7.245139,11.091661,0,2591700,15.735572,Interactive,1,1.75
624900,ZXTIUCxfgq3vkGZD/2BQw+TV6+lOf+SvJrb8omrgZzK+IXmh5Fg2OLSlCW4jjjdm,5.57563,6.957289,11.754929,0,2591700,15.735572,Interactive,1,1.75
625200,ZXTIUCxfgq3vkGZD/2BQw+TV6+lOf+SvJrb8omrgZzK+IXmh5Fg2OLSlCW4jjjdm,5.522107,6.849658,12.409363,0,2591700,15.735572,Interactive,1,1.75
625500,ZXTIUCxfgq3vkGZD/2BQw+TV6+lOf+SvJrb8omrgZzK+IXmh5Fg2OLSlCW4jjjdm,5.793174,7.078579,11.874726,0,2591700,15.735572,Interactive,1,1.75
625800,ZXTIUCxfgq3vkGZD/2BQw+TV6+lOf+SvJrb8omrgZzK+IXmh5Fg2OLSlCW4jjjdm,5.494049,7.009475999999999,11.433715,0,2591700,15.735572,Interactive,1,1.75
626100,ZXTIUCxfgq3vkGZD/2BQw+TV6+lOf+SvJrb8omrgZzK+IXmh5Fg2OLSlCW4jjjdm,5.562522,7.009692,12.592068,0,2591700,15.735572,Interactive,1,1.75
626400,ZXTIUCxfgq3vkGZD/2BQw+TV6+lOf+SvJrb8omrgZzK+IXmh5Fg2OLSlCW4jjjdm,5.8150260000000005,6.819933,11.455569,0,2591700,15.735572,Interactive,1,1.75
626700,ZXTIUCxfgq3vkGZD/2BQw+TV6+lOf+SvJrb8omrgZzK+IXmh5Fg2OLSlCW4jjjdm,5.543207,10.590101,48.63957,0,2591700,15.735572,Interactive,1,1.75
627000,ZXTIUCxfgq3vkGZD/2BQw+TV6+lOf+SvJrb8omrgZzK+IXmh5Fg2OLSlCW4jjjdm,5.655094,7.263107000000001,11.879516,0,2591700,15.735572,Interactive,1,1.75
627300,ZXTIUCxfgq3vkGZD/2BQw+TV6+lOf+SvJrb8omrgZzK+IXmh5Fg2OLSlCW4jjjdm,4.034102,6.756448,11.504638,0,2591700,15.735572,Interactive,1,1.75
627600,ZXTIUCxfgq3vkGZD/2BQw+TV6+lOf+SvJrb8omrgZzK+IXmh5Fg2OLSlCW4jjjdm,5.5798760000000005,6.805610000000001,10.943315,0,2591700,15.735572,Interactive,1,1.75
627900,ZXTIUCxfgq3vkGZD/2BQw+TV6+lOf+SvJrb8omrgZzK+IXmh5Fg2OLSlCW4jjjdm,3.895802,6.694344,12.097831,0,2591700,15.735572,Interactive,1,1.75
628200,ZXTIUCxfgq3vkGZD/2BQw+TV6+lOf+SvJrb8omrgZzK+IXmh5Fg2OLSlCW4jjjdm,5.5898650000000005,6.945251,10.774877,0,2591700,15.735572,Interactive,1,1.75
628500,ZXTIUCxfgq3vkGZD/2BQw+TV6+lOf+SvJrb8omrgZzK+IXmh5Fg2OLSlCW4jjjdm,5.55783,7.140312,11.057938,0,2591700,15.735572,Interactive,1,1.75
628800,ZXTIUCxfgq3vkGZD/2BQw+TV6+lOf+SvJrb8omrgZzK+IXmh5Fg2OLSlCW4jjjdm,5.640263,6.963135,11.070449,0,2591700,15.735572,Interactive,1,1.75
629100,ZXTIUCxfgq3vkGZD/2BQw+TV6+lOf+SvJrb8omrgZzK+IXmh5Fg2OLSlCW4jjjdm,3.986484,6.811733,10.827637,0,2591700,15.735572,Interactive,1,1.75
629400,ZXTIUCxfgq3vkGZD/2BQw+TV6+lOf+SvJrb8omrgZzK+IXmh5Fg2OLSlCW4jjjdm,5.592862,6.751011,10.481153,0,2591700,15.735572,Interactive,1,1.75
629700,ZXTIUCxfgq3vkGZD/2BQw+TV6+lOf+SvJrb8omrgZzK+IXmh5Fg2OLSlCW4jjjdm,5.616041,7.078492999999999,11.496704,0,2591700,15.735572,Interactive,1,1.75
630000,ZXTIUCxfgq3vkGZD/2BQw+TV6+lOf+SvJrb8omrgZzK+IXmh5Fg2OLSlCW4jjjdm,5.791023,6.859876,9.948181,0,2591700,15.735572,Interactive,1,1.75
630300,ZXTIUCxfgq3vkGZD/2BQw+TV6+lOf+SvJrb8omrgZzK+IXmh5Fg2OLSlCW4jjjdm,5.571082,6.972561,10.737004,0,2591700,15.735572,Interactive,1,1.75
630600,ZXTIUCxfgq3vkGZD/2BQw+TV6+lOf+SvJrb8omrgZzK+IXmh5Fg2OLSlCW4jjjdm,4.901066999999999,7.1175440000000005,10.849572,0,2591700,15.735572,Interactive,1,1.75
630900,ZXTIUCxfgq3vkGZD/2BQw+TV6+lOf+SvJrb8omrgZzK+IXmh5Fg2OLSlCW4jjjdm,5.927869,7.118532000000001,10.288595,0,2591700,15.735572,Interactive,1,1.75
631200,ZXTIUCxfgq3vkGZD/2BQw+TV6+lOf+SvJrb8omrgZzK+IXmh5Fg2OLSlCW4jjjdm,5.535273999999999,6.843259,10.102248,0,2591700,15.735572,Interactive,1,1.75
631500,ZXTIUCxfgq3vkGZD/2BQw+TV6+lOf+SvJrb8omrgZzK+IXmh5Fg2OLSlCW4jjjdm,5.543883999999999,7.157753,11.263471,0,2591700,15.735572,Interactive,1,1.75
631800,ZXTIUCxfgq3vkGZD/2BQw+TV6+lOf+SvJrb8omrgZzK+IXmh5Fg2OLSlCW4jjjdm,4.65822,6.796211,9.669177,0,2591700,15.735572,Interactive,1,1.75
632100,ZXTIUCxfgq3vkGZD/2BQw+TV6+lOf+SvJrb8omrgZzK+IXmh5Fg2OLSlCW4jjjdm,5.526753,9.423142,35.676061,0,2591700,15.735572,Interactive,1,1.75
632400,ZXTIUCxfgq3vkGZD/2BQw+TV6+lOf+SvJrb8omrgZzK+IXmh5Fg2OLSlCW4jjjdm,5.698498000000001,6.9619800000000005,9.998542,0,2591700,15.735572,Interactive,1,1.75
632700,ZXTIUCxfgq3vkGZD/2BQw+TV6+lOf+SvJrb8omrgZzK+IXmh5Fg2OLSlCW4jjjdm,5.112229,7.062727000000001,9.816107,0,2591700,15.735572,Interactive,1,1.75
633000,ZXTIUCxfgq3vkGZD/2BQw+TV6+lOf+SvJrb8omrgZzK+IXmh5Fg2OLSlCW4jjjdm,5.514696,6.907025,11.051147,0,2591700,15.735572,Interactive,1,1.75
633300,ZXTIUCxfgq3vkGZD/2BQw+TV6+lOf+SvJrb8omrgZzK+IXmh5Fg2OLSlCW4jjjdm,5.52223,7.082856,10.280447,0,2591700,15.735572,Interactive,1,1.75
633600,ZXTIUCxfgq3vkGZD/2BQw+TV6+lOf+SvJrb8omrgZzK+IXmh5Fg2OLSlCW4jjjdm,5.806285,7.059386999999999,9.211513,0,2591700,15.735572,Interactive,1,1.75
633900,ZXTIUCxfgq3vkGZD/2BQw+TV6+lOf+SvJrb8omrgZzK+IXmh5Fg2OLSlCW4jjjdm,4.688376,6.854381,10.922496,0,2591700,15.735572,Interactive,1,1.75
634200,ZXTIUCxfgq3vkGZD/2BQw+TV6+lOf+SvJrb8omrgZzK+IXmh5Fg2OLSlCW4jjjdm,5.726015,7.36096,12.244026,0,2591700,15.735572,Interactive,1,1.75
634500,ZXTIUCxfgq3vkGZD/2BQw+TV6+lOf+SvJrb8omrgZzK+IXmh5Fg2OLSlCW4jjjdm,3.491372,6.932967,9.617433,0,2591700,15.735572,Interactive,1,1.75
634800,ZXTIUCxfgq3vkGZD/2BQw+TV6+lOf+SvJrb8omrgZzK+IXmh5Fg2OLSlCW4jjjdm,4.7859110000000005,6.391768,8.383432,0,2591700,15.735572,Interactive,1,1.75
635100,ZXTIUCxfgq3vkGZD/2BQw+TV6+lOf+SvJrb8omrgZzK+IXmh5Fg2OLSlCW4jjjdm,5.703594,7.14125,9.997859,0,2591700,15.735572,Interactive,1,1.75
635400,ZXTIUCxfgq3vkGZD/2BQw+TV6+lOf+SvJrb8omrgZzK+IXmh5Fg2OLSlCW4jjjdm,4.422008,7.006207000000001,9.3761,0,2591700,15.735572,Interactive,1,1.75
635700,ZXTIUCxfgq3vkGZD/2BQw+TV6+lOf+SvJrb8omrgZzK+IXmh5Fg2OLSlCW4jjjdm,5.613087,7.027029,10.249267,0,2591700,15.735572,Interactive,1,1.75
636000,ZXTIUCxfgq3vkGZD/2BQw+TV6+lOf+SvJrb8omrgZzK+IXmh5Fg2OLSlCW4jjjdm,4.648784,6.97162,9.763048,0,2591700,15.735572,Interactive,1,1.75
636300,ZXTIUCxfgq3vkGZD/2BQw+TV6+lOf+SvJrb8omrgZzK+IXmh5Fg2OLSlCW4jjjdm,5.763189,7.210261,9.564181,0,2591700,15.735572,Interactive,1,1.75
636600,ZXTIUCxfgq3vkGZD/2BQw+TV6+lOf+SvJrb8omrgZzK+IXmh5Fg2OLSlCW4jjjdm,5.465832,7.220619,9.636718,0,2591700,15.735572,Interactive,1,1.75
636900,ZXTIUCxfgq3vkGZD/2BQw+TV6+lOf+SvJrb8omrgZzK+IXmh5Fg2OLSlCW4jjjdm,5.625494000000001,7.183758999999999,10.014356,0,2591700,15.735572,Interactive,1,1.75
637200,ZXTIUCxfgq3vkGZD/2BQw+TV6+lOf+SvJrb8omrgZzK+IXmh5Fg2OLSlCW4jjjdm,5.203001,7.048261999999999,9.502327,0,2591700,15.735572,Interactive,1,1.75
637500,ZXTIUCxfgq3vkGZD/2BQw+TV6+lOf+SvJrb8omrgZzK+IXmh5Fg2OLSlCW4jjjdm,5.620666,6.622792,8.915784,0,2591700,15.735572,Interactive,1,1.75
637800,ZXTIUCxfgq3vkGZD/2BQw+TV6+lOf+SvJrb8omrgZzK+IXmh5Fg2OLSlCW4jjjdm,5.67656,7.464664999999999,14.840082999999998,0,2591700,15.735572,Interactive,1,1.75
638100,ZXTIUCxfgq3vkGZD/2BQw+TV6+lOf+SvJrb8omrgZzK+IXmh5Fg2OLSlCW4jjjdm,5.543679,7.345674000000001,10.434109,0,2591700,15.735572,Interactive,1,1.75
638400,ZXTIUCxfgq3vkGZD/2BQw+TV6+lOf+SvJrb8omrgZzK+IXmh5Fg2OLSlCW4jjjdm,5.559118,17.337272,39.120932,0,2591700,15.735572,Interactive,1,1.75
638700,ZXTIUCxfgq3vkGZD/2BQw+TV6+lOf+SvJrb8omrgZzK+IXmh5Fg2OLSlCW4jjjdm,5.738533,8.755832,18.376781,0,2591700,15.735572,Interactive,1,1.75
639000,ZXTIUCxfgq3vkGZD/2BQw+TV6+lOf+SvJrb8omrgZzK+IXmh5Fg2OLSlCW4jjjdm,5.685552,6.983751,11.101036,0,2591700,15.735572,Interactive,1,1.75
639300,ZXTIUCxfgq3vkGZD/2BQw+TV6+lOf+SvJrb8omrgZzK+IXmh5Fg2OLSlCW4jjjdm,5.276008,6.70855,10.61415,0,2591700,15.735572,Interactive,1,1.75
639600,ZXTIUCxfgq3vkGZD/2BQw+TV6+lOf+SvJrb8omrgZzK+IXmh5Fg2OLSlCW4jjjdm,5.429884,7.0381800000000005,10.959285,0,2591700,15.735572,Interactive,1,1.75
639900,ZXTIUCxfgq3vkGZD/2BQw+TV6+lOf+SvJrb8omrgZzK+IXmh5Fg2OLSlCW4jjjdm,5.770386,7.156035,10.620507,0,2591700,15.735572,Interactive,1,1.75
640200,ZXTIUCxfgq3vkGZD/2BQw+TV6+lOf+SvJrb8omrgZzK+IXmh5Fg2OLSlCW4jjjdm,5.593308,6.356763,7.495691000000001,0,2591700,15.735572,Interactive,1,1.75
640500,ZXTIUCxfgq3vkGZD/2BQw+TV6+lOf+SvJrb8omrgZzK+IXmh5Fg2OLSlCW4jjjdm,5.635254,6.941255,10.778205,0,2591700,15.735572,Interactive,1,1.75
640800,ZXTIUCxfgq3vkGZD/2BQw+TV6+lOf+SvJrb8omrgZzK+IXmh5Fg2OLSlCW4jjjdm,5.481168,6.8063020000000005,11.658152,0,2591700,15.735572,Interactive,1,1.75
641100,ZXTIUCxfgq3vkGZD/2BQw+TV6+lOf+SvJrb8omrgZzK+IXmh5Fg2OLSlCW4jjjdm,5.435871,6.6396630000000005,10.426205,0,2591700,15.735572,Interactive,1,1.75
641400,ZXTIUCxfgq3vkGZD/2BQw+TV6+lOf+SvJrb8omrgZzK+IXmh5Fg2OLSlCW4jjjdm,5.538305,7.402196000000001,13.917302,0,2591700,15.735572,Interactive,1,1.75
641700,ZXTIUCxfgq3vkGZD/2BQw+TV6+lOf+SvJrb8omrgZzK+IXmh5Fg2OLSlCW4jjjdm,5.640269,6.933416,11.996788,0,2591700,15.735572,Interactive,1,1.75
642000,ZXTIUCxfgq3vkGZD/2BQw+TV6+lOf+SvJrb8omrgZzK+IXmh5Fg2OLSlCW4jjjdm,5.561838,7.079753,11.273326,0,2591700,15.735572,Interactive,1,1.75
642300,ZXTIUCxfgq3vkGZD/2BQw+TV6+lOf+SvJrb8omrgZzK+IXmh5Fg2OLSlCW4jjjdm,5.565751000000001,7.051035000000001,10.867419,0,2591700,15.735572,Interactive,1,1.75
642600,ZXTIUCxfgq3vkGZD/2BQw+TV6+lOf+SvJrb8omrgZzK+IXmh5Fg2OLSlCW4jjjdm,5.7114720000000005,6.95877,12.059738,0,2591700,15.735572,Interactive,1,1.75
642900,ZXTIUCxfgq3vkGZD/2BQw+TV6+lOf+SvJrb8omrgZzK+IXmh5Fg2OLSlCW4jjjdm,5.383864,6.287319,7.327499,0,2591700,15.735572,Interactive,1,1.75
643200,ZXTIUCxfgq3vkGZD/2BQw+TV6+lOf+SvJrb8omrgZzK+IXmh5Fg2OLSlCW4jjjdm,5.710009,7.059809,10.752872,0,2591700,15.735572,Interactive,1,1.75
643500,ZXTIUCxfgq3vkGZD/2BQw+TV6+lOf+SvJrb8omrgZzK+IXmh5Fg2OLSlCW4jjjdm,4.69191,6.898011,11.830474,0,2591700,15.735572,Interactive,1,1.75
643800,ZXTIUCxfgq3vkGZD/2BQw+TV6+lOf+SvJrb8omrgZzK+IXmh5Fg2OLSlCW4jjjdm,5.642015,6.610305,10.295197,0,2591700,15.735572,Interactive,1,1.75
644100,ZXTIUCxfgq3vkGZD/2BQw+TV6+lOf+SvJrb8omrgZzK+IXmh5Fg2OLSlCW4jjjdm,4.123675,6.976903999999999,11.203898,0,2591700,15.735572,Interactive,1,1.75
644400,ZXTIUCxfgq3vkGZD/2BQw+TV6+lOf+SvJrb8omrgZzK+IXmh5Fg2OLSlCW4jjjdm,5.668419,6.948978,11.988963,0,2591700,15.735572,Interactive,1,1.75
644700,ZXTIUCxfgq3vkGZD/2BQw+TV6+lOf+SvJrb8omrgZzK+IXmh5Fg2OLSlCW4jjjdm,5.384514,6.7324720000000005,10.488185,0,2591700,15.735572,Interactive,1,1.75
645000,ZXTIUCxfgq3vkGZD/2BQw+TV6+lOf+SvJrb8omrgZzK+IXmh5Fg2OLSlCW4jjjdm,5.542969,7.356459,11.300607,0,2591700,15.735572,Interactive,1,1.75
645300,ZXTIUCxfgq3vkGZD/2BQw+TV6+lOf+SvJrb8omrgZzK+IXmh5Fg2OLSlCW4jjjdm,5.441614,6.9510570000000005,11.907703,0,2591700,15.735572,Interactive,1,1.75
645600,ZXTIUCxfgq3vkGZD/2BQw+TV6+lOf+SvJrb8omrgZzK+IXmh5Fg2OLSlCW4jjjdm,3.837818,5.990542,6.96225,0,2591700,15.735572,Interactive,1,1.75
645900,ZXTIUCxfgq3vkGZD/2BQw+TV6+lOf+SvJrb8omrgZzK+IXmh5Fg2OLSlCW4jjjdm,5.637021,7.030888,11.124047,0,2591700,15.735572,Interactive,1,1.75
646200,ZXTIUCxfgq3vkGZD/2BQw+TV6+lOf+SvJrb8omrgZzK+IXmh5Fg2OLSlCW4jjjdm,4.695328,6.845031,11.87516,0,2591700,15.735572,Interactive,1,1.75
646500,ZXTIUCxfgq3vkGZD/2BQw+TV6+lOf+SvJrb8omrgZzK+IXmh5Fg2OLSlCW4jjjdm,5.5642190000000005,6.742765,10.584553,0,2591700,15.735572,Interactive,1,1.75
646800,ZXTIUCxfgq3vkGZD/2BQw+TV6+lOf+SvJrb8omrgZzK+IXmh5Fg2OLSlCW4jjjdm,5.6147,7.098664,11.160471,0,2591700,15.735572,Interactive,1,1.75
647100,ZXTIUCxfgq3vkGZD/2BQw+TV6+lOf+SvJrb8omrgZzK+IXmh5Fg2OLSlCW4jjjdm,5.520176,6.996658999999999,12.07196,0,2591700,15.735572,Interactive,1,1.75
647400,ZXTIUCxfgq3vkGZD/2BQw+TV6+lOf+SvJrb8omrgZzK+IXmh5Fg2OLSlCW4jjjdm,5.699883,6.610078999999999,10.584949,0,2591700,15.735572,Interactive,1,1.75
647700,ZXTIUCxfgq3vkGZD/2BQw+TV6+lOf+SvJrb8omrgZzK+IXmh5Fg2OLSlCW4jjjdm,5.499215,7.112147,11.174352,0,2591700,15.735572,Interactive,1,1.75
648000,ZXTIUCxfgq3vkGZD/2BQw+TV6+lOf+SvJrb8omrgZzK+IXmh5Fg2OLSlCW4jjjdm,5.10934,6.925477000000001,11.891836,0,2591700,15.735572,Interactive,1,1.75
648300,ZXTIUCxfgq3vkGZD/2BQw+TV6+lOf+SvJrb8omrgZzK+IXmh5Fg2OLSlCW4jjjdm,5.576919,6.298563,7.219948,0,2591700,15.735572,Interactive,1,1.75
648600,ZXTIUCxfgq3vkGZD/2BQw+TV6+lOf+SvJrb8omrgZzK+IXmh5Fg2OLSlCW4jjjdm,5.5517330000000005,7.411,11.088504,0,2591700,15.735572,Interactive,1,1.75
648900,ZXTIUCxfgq3vkGZD/2BQw+TV6+lOf+SvJrb8omrgZzK+IXmh5Fg2OLSlCW4jjjdm,5.800458,7.327388000000001,11.517793,0,2591700,15.735572,Interactive,1,1.75
649200,ZXTIUCxfgq3vkGZD/2BQw+TV6+lOf+SvJrb8omrgZzK+IXmh5Fg2OLSlCW4jjjdm,5.717568,6.680789,10.523609,0,2591700,15.735572,Interactive,1,1.75
649500,ZXTIUCxfgq3vkGZD/2BQw+TV6+lOf+SvJrb8omrgZzK+IXmh5Fg2OLSlCW4jjjdm,5.175979,7.102180000000001,11.280643,0,2591700,15.735572,Interactive,1,1.75
649800,ZXTIUCxfgq3vkGZD/2BQw+TV6+lOf+SvJrb8omrgZzK+IXmh5Fg2OLSlCW4jjjdm,5.806998999999999,7.019880000000001,10.387395,0,2591700,15.735572,Interactive,1,1.75
650100,ZXTIUCxfgq3vkGZD/2BQw+TV6+lOf+SvJrb8omrgZzK+IXmh5Fg2OLSlCW4jjjdm,4.38084,6.593350999999999,10.503634,0,2591700,15.735572,Interactive,1,1.75
650400,ZXTIUCxfgq3vkGZD/2BQw+TV6+lOf+SvJrb8omrgZzK+IXmh5Fg2OLSlCW4jjjdm,5.675756,7.069958,11.095011,0,2591700,15.735572,Interactive,1,1.75
650700,ZXTIUCxfgq3vkGZD/2BQw+TV6+lOf+SvJrb8omrgZzK+IXmh5Fg2OLSlCW4jjjdm,4.376615,6.992344,10.661719,0,2591700,15.735572,Interactive,1,1.75
651000,ZXTIUCxfgq3vkGZD/2BQw+TV6+lOf+SvJrb8omrgZzK+IXmh5Fg2OLSlCW4jjjdm,5.319832,6.210424,7.484744999999999,0,2591700,15.735572,Interactive,1,1.75
651300,ZXTIUCxfgq3vkGZD/2BQw+TV6+lOf+SvJrb8omrgZzK+IXmh5Fg2OLSlCW4jjjdm,5.630259,7.148539,11.354113,0,2591700,15.735572,Interactive,1,1.75
651600,ZXTIUCxfgq3vkGZD/2BQw+TV6+lOf+SvJrb8omrgZzK+IXmh5Fg2OLSlCW4jjjdm,5.96234,7.192917,10.734629,0,2591700,15.735572,Interactive,1,1.75
651900,ZXTIUCxfgq3vkGZD/2BQw+TV6+lOf+SvJrb8omrgZzK+IXmh5Fg2OLSlCW4jjjdm,5.594442,6.782543,10.925726,0,2591700,15.735572,Interactive,1,1.75
652200,ZXTIUCxfgq3vkGZD/2BQw+TV6+lOf+SvJrb8omrgZzK+IXmh5Fg2OLSlCW4jjjdm,5.94405,7.581666999999999,11.500471,0,2591700,15.735572,Interactive,1,1.75
652500,ZXTIUCxfgq3vkGZD/2BQw+TV6+lOf+SvJrb8omrgZzK+IXmh5Fg2OLSlCW4jjjdm,5.619141,7.154124,10.933164,0,2591700,15.735572,Interactive,1,1.75
652800,ZXTIUCxfgq3vkGZD/2BQw+TV6+lOf+SvJrb8omrgZzK+IXmh5Fg2OLSlCW4jjjdm,5.737712,7.004072,10.787937,0,2591700,15.735572,Interactive,1,1.75
653100,ZXTIUCxfgq3vkGZD/2BQw+TV6+lOf+SvJrb8omrgZzK+IXmh5Fg2OLSlCW4jjjdm,5.733094,7.246814,11.561005,0,2591700,15.735572,Interactive,1,1.75
653400,ZXTIUCxfgq3vkGZD/2BQw+TV6+lOf+SvJrb8omrgZzK+IXmh5Fg2OLSlCW4jjjdm,4.263868,6.939666000000001,10.907508,0,2591700,15.735572,Interactive,1,1.75
653700,ZXTIUCxfgq3vkGZD/2BQw+TV6+lOf+SvJrb8omrgZzK+IXmh5Fg2OLSlCW4jjjdm,3.688261,6.127023,7.498069999999999,0,2591700,15.735572,Interactive,1,1.75
654000,ZXTIUCxfgq3vkGZD/2BQw+TV6+lOf+SvJrb8omrgZzK+IXmh5Fg2OLSlCW4jjjdm,5.879976999999999,7.215575999999999,12.201154,0,2591700,15.735572,Interactive,1,1.75
654300,ZXTIUCxfgq3vkGZD/2BQw+TV6+lOf+SvJrb8omrgZzK+IXmh5Fg2OLSlCW4jjjdm,5.292263,7.198389,10.857427,0,2591700,15.735572,Interactive,1,1.75
654600,ZXTIUCxfgq3vkGZD/2BQw+TV6+lOf+SvJrb8omrgZzK+IXmh5Fg2OLSlCW4jjjdm,5.6527080000000005,6.774719,10.79704,0,2591700,15.735572,Interactive,1,1.75
654900,ZXTIUCxfgq3vkGZD/2BQw+TV6+lOf+SvJrb8omrgZzK+IXmh5Fg2OLSlCW4jjjdm,5.737263,7.346992,11.680626,0,2591700,15.735572,Interactive,1,1.75
655200,ZXTIUCxfgq3vkGZD/2BQw+TV6+lOf+SvJrb8omrgZzK+IXmh5Fg2OLSlCW4jjjdm,5.941115,7.120442,10.853975,0,2591700,15.735572,Interactive,1,1.75
655500,ZXTIUCxfgq3vkGZD/2BQw+TV6+lOf+SvJrb8omrgZzK+IXmh5Fg2OLSlCW4jjjdm,5.612129,6.787469000000001,10.927804,0,2591700,15.735572,Interactive,1,1.75
655800,ZXTIUCxfgq3vkGZD/2BQw+TV6+lOf+SvJrb8omrgZzK+IXmh5Fg2OLSlCW4jjjdm,5.6049050000000005,7.553447,11.56303,0,2591700,15.735572,Interactive,1,1.75
656100,ZXTIUCxfgq3vkGZD/2BQw+TV6+lOf+SvJrb8omrgZzK+IXmh5Fg2OLSlCW4jjjdm,5.040984,7.018256,10.774991,0,2591700,15.735572,Interactive,1,1.75
656400,ZXTIUCxfgq3vkGZD/2BQw+TV6+lOf+SvJrb8omrgZzK+IXmh5Fg2OLSlCW4jjjdm,5.547367,6.272330999999999,7.551667,0,2591700,15.735572,Interactive,1,1.75
656700,ZXTIUCxfgq3vkGZD/2BQw+TV6+lOf+SvJrb8omrgZzK+IXmh5Fg2OLSlCW4jjjdm,5.985114,7.341761999999999,12.280326,0,2591700,15.735572,Interactive,1,1.75
657000,ZXTIUCxfgq3vkGZD/2BQw+TV6+lOf+SvJrb8omrgZzK+IXmh5Fg2OLSlCW4jjjdm,4.783875,7.045167,10.669777,0,2591700,15.735572,Interactive,1,1.75
657300,ZXTIUCxfgq3vkGZD/2BQw+TV6+lOf+SvJrb8omrgZzK+IXmh5Fg2OLSlCW4jjjdm,5.604793,6.778187,10.798027,0,2591700,15.735572,Interactive,1,1.75
657600,ZXTIUCxfgq3vkGZD/2BQw+TV6+lOf+SvJrb8omrgZzK+IXmh5Fg2OLSlCW4jjjdm,3.89302,7.032163000000001,11.996746,0,2591700,15.735572,Interactive,1,1.75
657900,ZXTIUCxfgq3vkGZD/2BQw+TV6+lOf+SvJrb8omrgZzK+IXmh5Fg2OLSlCW4jjjdm,5.768129,7.002472999999999,10.823148,0,2591700,15.735572,Interactive,1,1.75
658200,ZXTIUCxfgq3vkGZD/2BQw+TV6+lOf+SvJrb8omrgZzK+IXmh5Fg2OLSlCW4jjjdm,4.905126999999999,6.618979,10.940807,0,2591700,15.735572,Interactive,1,1.75
658500,ZXTIUCxfgq3vkGZD/2BQw+TV6+lOf+SvJrb8omrgZzK+IXmh5Fg2OLSlCW4jjjdm,5.6512720000000005,7.214131,13.471241,0,2591700,15.735572,Interactive,1,1.75
658800,ZXTIUCxfgq3vkGZD/2BQw+TV6+lOf+SvJrb8omrgZzK+IXmh5Fg2OLSlCW4jjjdm,4.731033,6.739816,10.73784,0,2591700,15.735572,Interactive,1,1.75
659100,ZXTIUCxfgq3vkGZD/2BQw+TV6+lOf+SvJrb8omrgZzK+IXmh5Fg2OLSlCW4jjjdm,5.350336,6.471533,7.581061999999999,0,2591700,15.735572,Interactive,1,1.75
659400,ZXTIUCxfgq3vkGZD/2BQw+TV6+lOf+SvJrb8omrgZzK+IXmh5Fg2OLSlCW4jjjdm,5.716105000000001,7.420634,12.887709,0,2591700,15.735572,Interactive,1,1.75
659700,ZXTIUCxfgq3vkGZD/2BQw+TV6+lOf+SvJrb8omrgZzK+IXmh5Fg2OLSlCW4jjjdm,4.736144,7.046596000000001,10.904086,0,2591700,15.735572,Interactive,1,1.75
660000,ZXTIUCxfgq3vkGZD/2BQw+TV6+lOf+SvJrb8omrgZzK+IXmh5Fg2OLSlCW4jjjdm,5.783796,6.935389,10.963819,0,2591700,15.735572,Interactive,1,1.75
660300,ZXTIUCxfgq3vkGZD/2BQw+TV6+lOf+SvJrb8omrgZzK+IXmh5Fg2OLSlCW4jjjdm,5.911485,7.671614999999999,13.124311,0,2591700,15.735572,Interactive,1,1.75
660600,ZXTIUCxfgq3vkGZD/2BQw+TV6+lOf+SvJrb8omrgZzK+IXmh5Fg2OLSlCW4jjjdm,5.689809,6.995856,10.834044,0,2591700,15.735572,Interactive,1,1.75
660900,ZXTIUCxfgq3vkGZD/2BQw+TV6+lOf+SvJrb8omrgZzK+IXmh5Fg2OLSlCW4jjjdm,3.749913,6.656307000000001,10.759195,0,2591700,15.735572,Interactive,1,1.75
661200,ZXTIUCxfgq3vkGZD/2BQw+TV6+lOf+SvJrb8omrgZzK+IXmh5Fg2OLSlCW4jjjdm,5.813566000000001,7.317655,13.463479,0,2591700,15.735572,Interactive,1,1.75
661500,ZXTIUCxfgq3vkGZD/2BQw+TV6+lOf+SvJrb8omrgZzK+IXmh5Fg2OLSlCW4jjjdm,5.653843,7.162531,10.956065,0,2591700,15.735572,Interactive,1,1.75
661800,ZXTIUCxfgq3vkGZD/2BQw+TV6+lOf+SvJrb8omrgZzK+IXmh5Fg2OLSlCW4jjjdm,5.736838,6.773513,8.023862,0,2591700,15.735572,Interactive,1,1.75
662100,ZXTIUCxfgq3vkGZD/2BQw+TV6+lOf+SvJrb8omrgZzK+IXmh5Fg2OLSlCW4jjjdm,5.788058,7.328846,13.1415,0,2591700,15.735572,Interactive,1,1.75
662400,ZXTIUCxfgq3vkGZD/2BQw+TV6+lOf+SvJrb8omrgZzK+IXmh5Fg2OLSlCW4jjjdm,4.235249,6.808675,10.625876,0,2591700,15.735572,Interactive,1,1.75
662700,ZXTIUCxfgq3vkGZD/2BQw+TV6+lOf+SvJrb8omrgZzK+IXmh5Fg2OLSlCW4jjjdm,5.573582,6.966761,10.704482,0,2591700,15.735572,Interactive,1,1.75
663000,ZXTIUCxfgq3vkGZD/2BQw+TV6+lOf+SvJrb8omrgZzK+IXmh5Fg2OLSlCW4jjjdm,5.087955,7.450528999999999,12.692264,0,2591700,15.735572,Interactive,1,1.75
663300,ZXTIUCxfgq3vkGZD/2BQw+TV6+lOf+SvJrb8omrgZzK+IXmh5Fg2OLSlCW4jjjdm,5.711947,6.97317,10.825055,0,2591700,15.735572,Interactive,1,1.75
663600,ZXTIUCxfgq3vkGZD/2BQw+TV6+lOf+SvJrb8omrgZzK+IXmh5Fg2OLSlCW4jjjdm,3.98325,6.806361999999999,10.679621,0,2591700,15.735572,Interactive,1,1.75
663900,ZXTIUCxfgq3vkGZD/2BQw+TV6+lOf+SvJrb8omrgZzK+IXmh5Fg2OLSlCW4jjjdm,5.817044,7.607352000000001,12.911643,0,2591700,15.735572,Interactive,1,1.75
664200,ZXTIUCxfgq3vkGZD/2BQw+TV6+lOf+SvJrb8omrgZzK+IXmh5Fg2OLSlCW4jjjdm,4.379896,6.760066,10.604175,0,2591700,15.735572,Interactive,1,1.75
664500,ZXTIUCxfgq3vkGZD/2BQw+TV6+lOf+SvJrb8omrgZzK+IXmh5Fg2OLSlCW4jjjdm,4.594843,6.370396,7.426902,0,2591700,15.735572,Interactive,1,1.75
664800,ZXTIUCxfgq3vkGZD/2BQw+TV6+lOf+SvJrb8omrgZzK+IXmh5Fg2OLSlCW4jjjdm,5.822309,7.237728999999999,12.565373,0,2591700,15.735572,Interactive,1,1.75
665100,ZXTIUCxfgq3vkGZD/2BQw+TV6+lOf+SvJrb8omrgZzK+IXmh5Fg2OLSlCW4jjjdm,4.44575,6.931821,10.969271,0,2591700,15.735572,Interactive,1,1.75
665400,ZXTIUCxfgq3vkGZD/2BQw+TV6+lOf+SvJrb8omrgZzK+IXmh5Fg2OLSlCW4jjjdm,5.758409,6.933647000000001,10.702449,0,2591700,15.735572,Interactive,1,1.75
665700,ZXTIUCxfgq3vkGZD/2BQw+TV6+lOf+SvJrb8omrgZzK+IXmh5Fg2OLSlCW4jjjdm,5.5982330000000005,7.325423,12.533502,0,2591700,15.735572,Interactive,1,1.75
666000,ZXTIUCxfgq3vkGZD/2BQw+TV6+lOf+SvJrb8omrgZzK+IXmh5Fg2OLSlCW4jjjdm,5.927931,6.964179,10.473497,0,2591700,15.735572,Interactive,1,1.75
666300,ZXTIUCxfgq3vkGZD/2BQw+TV6+lOf+SvJrb8omrgZzK+IXmh5Fg2OLSlCW4jjjdm,5.859939,7.103509,10.69816,0,2591700,15.735572,Interactive,1,1.75
666600,ZXTIUCxfgq3vkGZD/2BQw+TV6+lOf+SvJrb8omrgZzK+IXmh5Fg2OLSlCW4jjjdm,5.774487000000001,7.631305999999999,12.93838,0,2591700,15.735572,Interactive,1,1.75
666900,ZXTIUCxfgq3vkGZD/2BQw+TV6+lOf+SvJrb8omrgZzK+IXmh5Fg2OLSlCW4jjjdm,5.87806,6.884453999999999,10.691182,0,2591700,15.735572,Interactive,1,1.75
667200,ZXTIUCxfgq3vkGZD/2BQw+TV6+lOf+SvJrb8omrgZzK+IXmh5Fg2OLSlCW4jjjdm,5.771389,13.920746,44.558029,0,2591700,15.735572,Interactive,1,1.75
667500,ZXTIUCxfgq3vkGZD/2BQw+TV6+lOf+SvJrb8omrgZzK+IXmh5Fg2OLSlCW4jjjdm,5.526407,7.244875,11.255296,0,2591700,15.735572,Interactive,1,1.75
667800,ZXTIUCxfgq3vkGZD/2BQw+TV6+lOf+SvJrb8omrgZzK+IXmh5Fg2OLSlCW4jjjdm,5.550722,6.793508,10.730908,0,2591700,15.735572,Interactive,1,1.75
668100,ZXTIUCxfgq3vkGZD/2BQw+TV6+lOf+SvJrb8omrgZzK+IXmh5Fg2OLSlCW4jjjdm,5.437157,6.695500999999999,10.47035,0,2591700,15.735572,Interactive,1,1.75
668400,ZXTIUCxfgq3vkGZD/2BQw+TV6+lOf+SvJrb8omrgZzK+IXmh5Fg2OLSlCW4jjjdm,5.717873,7.0601970000000005,11.193479,0,2591700,15.735572,Interactive,1,1.75
668700,ZXTIUCxfgq3vkGZD/2BQw+TV6+lOf+SvJrb8omrgZzK+IXmh5Fg2OLSlCW4jjjdm,5.5997900000000005,7.242503,10.579399,0,2591700,15.735572,Interactive,1,1.75
669000,ZXTIUCxfgq3vkGZD/2BQw+TV6+lOf+SvJrb8omrgZzK+IXmh5Fg2OLSlCW4jjjdm,5.475131,6.878105000000001,10.478292,0,2591700,15.735572,Interactive,1,1.75
669300,ZXTIUCxfgq3vkGZD/2BQw+TV6+lOf+SvJrb8omrgZzK+IXmh5Fg2OLSlCW4jjjdm,5.456238,6.928281,11.099557,0,2591700,15.735572,Interactive,1,1.75
669600,ZXTIUCxfgq3vkGZD/2BQw+TV6+lOf+SvJrb8omrgZzK+IXmh5Fg2OLSlCW4jjjdm,5.560226999999999,6.545547,10.284809,0,2591700,15.735572,Interactive,1,1.75
669900,ZXTIUCxfgq3vkGZD/2BQw+TV6+lOf+SvJrb8omrgZzK+IXmh5Fg2OLSlCW4jjjdm,5.469483,7.199235000000001,10.930264,0,2591700,15.735572,Interactive,1,1.75
670200,ZXTIUCxfgq3vkGZD/2BQw+TV6+lOf+SvJrb8omrgZzK+IXmh5Fg2OLSlCW4jjjdm,5.398169,7.402825999999999,12.832666,0,2591700,15.735572,Interactive,1,1.75
670500,ZXTIUCxfgq3vkGZD/2BQw+TV6+lOf+SvJrb8omrgZzK+IXmh5Fg2OLSlCW4jjjdm,5.534921,6.937652000000001,10.757693,0,2591700,15.735572,Interactive,1,1.75
670800,ZXTIUCxfgq3vkGZD/2BQw+TV6+lOf+SvJrb8omrgZzK+IXmh5Fg2OLSlCW4jjjdm,5.563313,6.770075,10.480772,0,2591700,15.735572,Interactive,1,1.75
671100,ZXTIUCxfgq3vkGZD/2BQw+TV6+lOf+SvJrb8omrgZzK+IXmh5Fg2OLSlCW4jjjdm,5.5855120000000005,7.238607000000001,11.340726,0,2591700,15.735572,Interactive,1,1.75
671400,ZXTIUCxfgq3vkGZD/2BQw+TV6+lOf+SvJrb8omrgZzK+IXmh5Fg2OLSlCW4jjjdm,5.757347,6.762808000000001,10.574044,0,2591700,15.735572,Interactive,1,1.75
671700,ZXTIUCxfgq3vkGZD/2BQw+TV6+lOf+SvJrb8omrgZzK+IXmh5Fg2OLSlCW4jjjdm,5.560962,7.128533999999999,10.707768,0,2591700,15.735572,Interactive,1,1.75
672000,ZXTIUCxfgq3vkGZD/2BQw+TV6+lOf+SvJrb8omrgZzK+IXmh5Fg2OLSlCW4jjjdm,5.473891,7.040596000000001,11.162686,0,2591700,15.735572,Interactive,1,1.75
672300,ZXTIUCxfgq3vkGZD/2BQw+TV6+lOf+SvJrb8omrgZzK+IXmh5Fg2OLSlCW4jjjdm,5.509286,6.969764,10.707445,0,2591700,15.735572,Interactive,1,1.75
672600,ZXTIUCxfgq3vkGZD/2BQw+TV6+lOf+SvJrb8omrgZzK+IXmh5Fg2OLSlCW4jjjdm,5.782684,7.652280999999999,14.853082999999998,0,2591700,15.735572,Interactive,1,1.75
672900,ZXTIUCxfgq3vkGZD/2BQw+TV6+lOf+SvJrb8omrgZzK+IXmh5Fg2OLSlCW4jjjdm,5.582001999999999,7.1165080000000005,11.305119,0,2591700,15.735572,Interactive,1,1.75
673200,ZXTIUCxfgq3vkGZD/2BQw+TV6+lOf+SvJrb8omrgZzK+IXmh5Fg2OLSlCW4jjjdm,5.783937,7.0099160000000005,10.814675,0,2591700,15.735572,Interactive,1,1.75
673500,ZXTIUCxfgq3vkGZD/2BQw+TV6+lOf+SvJrb8omrgZzK+IXmh5Fg2OLSlCW4jjjdm,5.616907,6.902286999999999,10.567572,0,2591700,15.735572,Interactive,1,1.75
673800,ZXTIUCxfgq3vkGZD/2BQw+TV6+lOf+SvJrb8omrgZzK+IXmh5Fg2OLSlCW4jjjdm,5.87935,7.500322,12.103497,0,2591700,15.735572,Interactive,1,1.75
674100,ZXTIUCxfgq3vkGZD/2BQw+TV6+lOf+SvJrb8omrgZzK+IXmh5Fg2OLSlCW4jjjdm,5.517249,6.8259240000000005,10.588017,0,2591700,15.735572,Interactive,1,1.75
674400,ZXTIUCxfgq3vkGZD/2BQw+TV6+lOf+SvJrb8omrgZzK+IXmh5Fg2OLSlCW4jjjdm,5.697382,6.971576,10.762617,0,2591700,15.735572,Interactive,1,1.75
674700,ZXTIUCxfgq3vkGZD/2BQw+TV6+lOf+SvJrb8omrgZzK+IXmh5Fg2OLSlCW4jjjdm,5.727663,7.156142999999999,11.352745,0,2591700,15.735572,Interactive,1,1.75
675000,ZXTIUCxfgq3vkGZD/2BQw+TV6+lOf+SvJrb8omrgZzK+IXmh5Fg2OLSlCW4jjjdm,4.505599,6.4546470000000005,10.3679,0,2591700,15.735572,Interactive,1,1.75
675300,ZXTIUCxfgq3vkGZD/2BQw+TV6+lOf+SvJrb8omrgZzK+IXmh5Fg2OLSlCW4jjjdm,5.607539,6.809957000000001,12.455385,0,2591700,15.735572,Interactive,1,1.75
675600,ZXTIUCxfgq3vkGZD/2BQw+TV6+lOf+SvJrb8omrgZzK+IXmh5Fg2OLSlCW4jjjdm,5.60654,6.938628,11.268394,0,2591700,15.735572,Interactive,1,1.75
675900,ZXTIUCxfgq3vkGZD/2BQw+TV6+lOf+SvJrb8omrgZzK+IXmh5Fg2OLSlCW4jjjdm,4.4512480000000005,6.869505,10.841799,0,2591700,15.735572,Interactive,1,1.75
676200,ZXTIUCxfgq3vkGZD/2BQw+TV6+lOf+SvJrb8omrgZzK+IXmh5Fg2OLSlCW4jjjdm,5.730492,6.768319,11.869215,0,2591700,15.735572,Interactive,1,1.75
676500,ZXTIUCxfgq3vkGZD/2BQw+TV6+lOf+SvJrb8omrgZzK+IXmh5Fg2OLSlCW4jjjdm,4.658482,6.943693,11.187791,0,2591700,15.735572,Interactive,1,1.75
676800,ZXTIUCxfgq3vkGZD/2BQw+TV6+lOf+SvJrb8omrgZzK+IXmh5Fg2OLSlCW4jjjdm,5.751665,6.959846000000001,10.59726,0,2591700,15.735572,Interactive,1,1.75
677100,ZXTIUCxfgq3vkGZD/2BQw+TV6+lOf+SvJrb8omrgZzK+IXmh5Fg2OLSlCW4jjjdm,5.116269,6.8406210000000005,12.022934,0,2591700,15.735572,Interactive,1,1.75
677400,ZXTIUCxfgq3vkGZD/2BQw+TV6+lOf+SvJrb8omrgZzK+IXmh5Fg2OLSlCW4jjjdm,5.48013,7.397786,11.226177,0,2591700,15.735572,Interactive,1,1.75
677700,ZXTIUCxfgq3vkGZD/2BQw+TV6+lOf+SvJrb8omrgZzK+IXmh5Fg2OLSlCW4jjjdm,5.26314,6.84992,10.727431,0,2591700,15.735572,Interactive,1,1.75
678000,ZXTIUCxfgq3vkGZD/2BQw+TV6+lOf+SvJrb8omrgZzK+IXmh5Fg2OLSlCW4jjjdm,4.390788,6.689541,12.369662,0,2591700,15.735572,Interactive,1,1.75
678300,ZXTIUCxfgq3vkGZD/2BQw+TV6+lOf+SvJrb8omrgZzK+IXmh5Fg2OLSlCW4jjjdm,5.884679,7.003557000000001,11.373407,0,2591700,15.735572,Interactive,1,1.75
678600,ZXTIUCxfgq3vkGZD/2BQw+TV6+lOf+SvJrb8omrgZzK+IXmh5Fg2OLSlCW4jjjdm,5.779732,7.050404,10.879754,0,2591700,15.735572,Interactive,1,1.75
678900,ZXTIUCxfgq3vkGZD/2BQw+TV6+lOf+SvJrb8omrgZzK+IXmh5Fg2OLSlCW4jjjdm,5.609191,6.965018,12.234063,0,2591700,15.735572,Interactive,1,1.75
679200,ZXTIUCxfgq3vkGZD/2BQw+TV6+lOf+SvJrb8omrgZzK+IXmh5Fg2OLSlCW4jjjdm,5.412916,6.918089999999999,11.285929,0,2591700,15.735572,Interactive,1,1.75
679500,ZXTIUCxfgq3vkGZD/2BQw+TV6+lOf+SvJrb8omrgZzK+IXmh5Fg2OLSlCW4jjjdm,5.698085,7.015942,10.638591,0,2591700,15.735572,Interactive,1,1.75
679800,ZXTIUCxfgq3vkGZD/2BQw+TV6+lOf+SvJrb8omrgZzK+IXmh5Fg2OLSlCW4jjjdm,4.545885,6.747283,11.926346,0,2591700,15.735572,Interactive,1,1.75
680100,ZXTIUCxfgq3vkGZD/2BQw+TV6+lOf+SvJrb8omrgZzK+IXmh5Fg2OLSlCW4jjjdm,5.709325,6.975510000000001,11.325568,0,2591700,15.735572,Interactive,1,1.75
680400,ZXTIUCxfgq3vkGZD/2BQw+TV6+lOf+SvJrb8omrgZzK+IXmh5Fg2OLSlCW4jjjdm,4.353261,6.676546000000001,10.441198,0,2591700,15.735572,Interactive,1,1.75
680700,ZXTIUCxfgq3vkGZD/2BQw+TV6+lOf+SvJrb8omrgZzK+IXmh5Fg2OLSlCW4jjjdm,5.681536,6.834741999999999,12.267369,0,2591700,15.735572,Interactive,1,1.75
681000,ZXTIUCxfgq3vkGZD/2BQw+TV6+lOf+SvJrb8omrgZzK+IXmh5Fg2OLSlCW4jjjdm,5.753813,7.36716,11.266176,0,2591700,15.735572,Interactive,1,1.75
681300,ZXTIUCxfgq3vkGZD/2BQw+TV6+lOf+SvJrb8omrgZzK+IXmh5Fg2OLSlCW4jjjdm,5.011124,7.409381,10.984237,0,2591700,15.735572,Interactive,1,1.75
681600,ZXTIUCxfgq3vkGZD/2BQw+TV6+lOf+SvJrb8omrgZzK+IXmh5Fg2OLSlCW4jjjdm,5.754829,6.935747999999999,12.127702,0,2591700,15.735572,Interactive,1,1.75
681900,ZXTIUCxfgq3vkGZD/2BQw+TV6+lOf+SvJrb8omrgZzK+IXmh5Fg2OLSlCW4jjjdm,5.806258000000001,7.2614,11.508932,0,2591700,15.735572,Interactive,1,1.75
682200,ZXTIUCxfgq3vkGZD/2BQw+TV6+lOf+SvJrb8omrgZzK+IXmh5Fg2OLSlCW4jjjdm,5.809652,7.072384,10.561694,0,2591700,15.735572,Interactive,1,1.75
682500,ZXTIUCxfgq3vkGZD/2BQw+TV6+lOf+SvJrb8omrgZzK+IXmh5Fg2OLSlCW4jjjdm,5.159944,6.995805000000001,12.114903,0,2591700,15.735572,Interactive,1,1.75
682800,ZXTIUCxfgq3vkGZD/2BQw+TV6+lOf+SvJrb8omrgZzK+IXmh5Fg2OLSlCW4jjjdm,5.446769000000001,7.071672,11.505293,0,2591700,15.735572,Interactive,1,1.75
683100,ZXTIUCxfgq3vkGZD/2BQw+TV6+lOf+SvJrb8omrgZzK+IXmh5Fg2OLSlCW4jjjdm,5.6322160000000006,6.893901,10.689195,0,2591700,15.735572,Interactive,1,1.75
683400,ZXTIUCxfgq3vkGZD/2BQw+TV6+lOf+SvJrb8omrgZzK+IXmh5Fg2OLSlCW4jjjdm,5.464152,6.799074000000001,11.854895,0,2591700,15.735572,Interactive,1,1.75
683700,ZXTIUCxfgq3vkGZD/2BQw+TV6+lOf+SvJrb8omrgZzK+IXmh5Fg2OLSlCW4jjjdm,5.500919000000001,7.070162,11.281913,0,2591700,15.735572,Interactive,1,1.75
684000,ZXTIUCxfgq3vkGZD/2BQw+TV6+lOf+SvJrb8omrgZzK+IXmh5Fg2OLSlCW4jjjdm,5.97589,7.120421,11.046218,0,2591700,15.735572,Interactive,1,1.75
684300,ZXTIUCxfgq3vkGZD/2BQw+TV6+lOf+SvJrb8omrgZzK+IXmh5Fg2OLSlCW4jjjdm,5.571203,6.994964,10.753882,0,2591700,15.735572,Interactive,1,1.75
684600,ZXTIUCxfgq3vkGZD/2BQw+TV6+lOf+SvJrb8omrgZzK+IXmh5Fg2OLSlCW4jjjdm,4.753384,7.228682000000001,11.472225,0,2591700,15.735572,Interactive,1,1.75
684900,ZXTIUCxfgq3vkGZD/2BQw+TV6+lOf+SvJrb8omrgZzK+IXmh5Fg2OLSlCW4jjjdm,5.500969,7.160267,10.810775,0,2591700,15.735572,Interactive,1,1.75
685200,ZXTIUCxfgq3vkGZD/2BQw+TV6+lOf+SvJrb8omrgZzK+IXmh5Fg2OLSlCW4jjjdm,5.411804,6.732044,10.557044,0,2591700,15.735572,Interactive,1,1.75
685500,ZXTIUCxfgq3vkGZD/2BQw+TV6+lOf+SvJrb8omrgZzK+IXmh5Fg2OLSlCW4jjjdm,5.815611,7.271163,11.322436,0,2591700,15.735572,Interactive,1,1.75
685800,ZXTIUCxfgq3vkGZD/2BQw+TV6+lOf+SvJrb8omrgZzK+IXmh5Fg2OLSlCW4jjjdm,5.50068,7.322447,12.460788,0,2591700,15.735572,Interactive,1,1.75
686100,ZXTIUCxfgq3vkGZD/2BQw+TV6+lOf+SvJrb8omrgZzK+IXmh5Fg2OLSlCW4jjjdm,5.255064,6.724484,10.781641,0,2591700,15.735572,Interactive,1,1.75
686400,ZXTIUCxfgq3vkGZD/2BQw+TV6+lOf+SvJrb8omrgZzK+IXmh5Fg2OLSlCW4jjjdm,5.586128,7.178071000000001,11.42485,0,2591700,15.735572,Interactive,1,1.75
686700,ZXTIUCxfgq3vkGZD/2BQw+TV6+lOf+SvJrb8omrgZzK+IXmh5Fg2OLSlCW4jjjdm,5.388038,7.010383999999999,11.174754,0,2591700,15.735572,Interactive,1,1.75
687000,ZXTIUCxfgq3vkGZD/2BQw+TV6+lOf+SvJrb8omrgZzK+IXmh5Fg2OLSlCW4jjjdm,5.455356,6.968955,10.707788,0,2591700,15.735572,Interactive,1,1.75
687300,ZXTIUCxfgq3vkGZD/2BQw+TV6+lOf+SvJrb8omrgZzK+IXmh5Fg2OLSlCW4jjjdm,5.392943,6.985237,11.797108,0,2591700,15.735572,Interactive,1,1.75
687600,ZXTIUCxfgq3vkGZD/2BQw+TV6+lOf+SvJrb8omrgZzK+IXmh5Fg2OLSlCW4jjjdm,5.586288,7.099487,10.46715,0,2591700,15.735572,Interactive,1,1.75
687900,ZXTIUCxfgq3vkGZD/2BQw+TV6+lOf+SvJrb8omrgZzK+IXmh5Fg2OLSlCW4jjjdm,5.633174,6.907349000000001,10.853552,0,2591700,15.735572,Interactive,1,1.75
688200,ZXTIUCxfgq3vkGZD/2BQw+TV6+lOf+SvJrb8omrgZzK+IXmh5Fg2OLSlCW4jjjdm,5.665125,7.475389,11.713687,0,2591700,15.735572,Interactive,1,1.75
688500,ZXTIUCxfgq3vkGZD/2BQw+TV6+lOf+SvJrb8omrgZzK+IXmh5Fg2OLSlCW4jjjdm,5.524549,6.808728,11.02209,0,2591700,15.735572,Interactive,1,1.75
688800,ZXTIUCxfgq3vkGZD/2BQw+TV6+lOf+SvJrb8omrgZzK+IXmh5Fg2OLSlCW4jjjdm,5.027061,6.622397,10.640648,0,2591700,15.735572,Interactive,1,1.75
689100,ZXTIUCxfgq3vkGZD/2BQw+TV6+lOf+SvJrb8omrgZzK+IXmh5Fg2OLSlCW4jjjdm,5.604677,7.239475,11.558609,0,2591700,15.735572,Interactive,1,1.75
689400,ZXTIUCxfgq3vkGZD/2BQw+TV6+lOf+SvJrb8omrgZzK+IXmh5Fg2OLSlCW4jjjdm,5.443327,6.877872,10.989734,0,2591700,15.735572,Interactive,1,1.75
689700,ZXTIUCxfgq3vkGZD/2BQw+TV6+lOf+SvJrb8omrgZzK+IXmh5Fg2OLSlCW4jjjdm,5.724748,7.146136,10.789308,0,2591700,15.735572,Interactive,1,1.75
690000,ZXTIUCxfgq3vkGZD/2BQw+TV6+lOf+SvJrb8omrgZzK+IXmh5Fg2OLSlCW4jjjdm,5.520146,6.935878,11.280773,0,2591700,15.735572,Interactive,1,1.75
690300,ZXTIUCxfgq3vkGZD/2BQw+TV6+lOf+SvJrb8omrgZzK+IXmh5Fg2OLSlCW4jjjdm,5.526293,7.233316,10.68284,0,2591700,15.735572,Interactive,1,1.75
690600,ZXTIUCxfgq3vkGZD/2BQw+TV6+lOf+SvJrb8omrgZzK+IXmh5Fg2OLSlCW4jjjdm,5.341245,7.059462,10.66194,0,2591700,15.735572,Interactive,1,1.75
690900,ZXTIUCxfgq3vkGZD/2BQw+TV6+lOf+SvJrb8omrgZzK+IXmh5Fg2OLSlCW4jjjdm,5.740956,7.158286,11.597349,0,2591700,15.735572,Interactive,1,1.75
