timestamp,vm_id,min_cpu,max_cpu,avg_cpu,timestamp vm created,timestamp vm deleted,p95 max cpu,vm_category,vm virtual core count,vm memory (gb)
0,aDTQIqgen6guUNck6NattbZgRhAHpdxMtPDNUZB6TZwT4vlfgJib6VFVprlDnaNA,3.4846760000000003,4.538643,5.895978,0,2591700,21.674012,Interactive,1,1.75
300,aDTQIqgen6guUNck6NattbZgRhAHpdxMtPDNUZB6TZwT4vlfgJib6VFVprlDnaNA,3.250293,4.49148,5.962768,0,2591700,21.674012,Interactive,1,1.75
600,aDTQIqgen6guUNck6NattbZgRhAHpdxMtPDNUZB6TZwT4vlfgJib6VFVprlDnaNA,4.133228,4.682325,5.352837,0,2591700,21.674012,Interactive,1,1.75
900,aDTQIqgen6guUNck6NattbZgRhAHpdxMtPDNUZB6TZwT4vlfgJib6VFVprlDnaNA,3.479051,4.835195,6.36767,0,2591700,21.674012,Interactive,1,1.75
1200,aDTQIqgen6guUNck6NattbZgRhAHpdxMtPDNUZB6TZwT4vlfgJib6VFVprlDnaNA,3.826822,4.756055,5.537182,0,2591700,21.674012,Interactive,1,1.75
1500,aDTQIqgen6guUNck6NattbZgRhAHpdxMtPDNUZB6TZwT4vlfgJib6VFVprlDnaNA,3.469784,4.508889,5.44035,0,2591700,21.674012,Interactive,1,1.75
1800,aDTQIqgen6guUNck6NattbZgRhAHpdxMtPDNUZB6TZwT4vlfgJib6VFVprlDnaNA,3.892242,4.879546,5.998375,0,2591700,21.674012,Interactive,1,1.75
2100,aDTQIqgen6guUNck6NattbZgRhAHpdxMtPDNUZB6TZwT4vlfgJib6VFVprlDnaNA,3.720864,4.7866040000000005,5.981391,0,2591700,21.674012,Interactive,1,1.75
2400,aDTQIqgen6guUNck6NattbZgRhAHpdxMtPDNUZB6TZwT4vlfgJib6VFVprlDnaNA,3.97564,4.596494,5.202991,0,2591700,21.674012,Interactive,1,1.75
2700,aDTQIqgen6guUNck6NattbZgRhAHpdxMtPDNUZB6TZwT4vlfgJib6VFVprlDnaNA,3.727655,4.804618,6.195126999999999,0,2591700,21.674012,Interactive,1,1.75
3000,aDTQIqgen6guUNck6NattbZgRhAHpdxMtPDNUZB6TZwT4vlfgJib6VFVprlDnaNA,3.831205,7.394602000000001,30.600706,0,2591700,21.674012,Interactive,1,1.75
3300,aDTQIqgen6guUNck6NattbZgRhAHpdxMtPDNUZB6TZwT4vlfgJib6VFVprlDnaNA,4.04199,4.6828650000000005,5.490025,0,2591700,21.674012,Interactive,1,1.75
3600,aDTQIqgen6guUNck6NattbZgRhAHpdxMtPDNUZB6TZwT4vlfgJib6VFVprlDnaNA,3.426609,4.265077,5.977185,0,2591700,21.674012,Interactive,1,1.75
3900,aDTQIqgen6guUNck6NattbZgRhAHpdxMtPDNUZB6TZwT4vlfgJib6VFVprlDnaNA,3.621847,4.496506,5.4804580000000005,0,2591700,21.674012,Interactive,1,1.75
4200,aDTQIqgen6guUNck6NattbZgRhAHpdxMtPDNUZB6TZwT4vlfgJib6VFVprlDnaNA,3.544602,4.174007,5.275075,0,2591700,21.674012,Interactive,1,1.75
4500,aDTQIqgen6guUNck6NattbZgRhAHpdxMtPDNUZB6TZwT4vlfgJib6VFVprlDnaNA,3.418347,4.674243,6.174087,0,2591700,21.674012,Interactive,1,1.75
4800,aDTQIqgen6guUNck6NattbZgRhAHpdxMtPDNUZB6TZwT4vlfgJib6VFVprlDnaNA,3.307953,4.266822,5.811363,0,2591700,21.674012,Interactive,1,1.75
5100,aDTQIqgen6guUNck6NattbZgRhAHpdxMtPDNUZB6TZwT4vlfgJib6VFVprlDnaNA,2.599482,4.157565,4.951728,0,2591700,21.674012,Interactive,1,1.75
5400,aDTQIqgen6guUNck6NattbZgRhAHpdxMtPDNUZB6TZwT4vlfgJib6VFVprlDnaNA,3.995419,4.825103,6.264568,0,2591700,21.674012,Interactive,1,1.75
5700,aDTQIqgen6guUNck6NattbZgRhAHpdxMtPDNUZB6TZwT4vlfgJib6VFVprlDnaNA,3.96212,4.705836,5.587871,0,2591700,21.674012,Interactive,1,1.75
6000,aDTQIqgen6guUNck6NattbZgRhAHpdxMtPDNUZB6TZwT4vlfgJib6VFVprlDnaNA,3.818023,4.625693,5.753024,0,2591700,21.674012,Interactive,1,1.75
6300,aDTQIqgen6guUNck6NattbZgRhAHpdxMtPDNUZB6TZwT4vlfgJib6VFVprlDnaNA,2.746132,4.578337,6.298839,0,2591700,21.674012,Interactive,1,1.75
6600,aDTQIqgen6guUNck6NattbZgRhAHpdxMtPDNUZB6TZwT4vlfgJib6VFVprlDnaNA,4.120533,7.373984,29.376595,0,2591700,21.674012,Interactive,1,1.75
6900,aDTQIqgen6guUNck6NattbZgRhAHpdxMtPDNUZB6TZwT4vlfgJib6VFVprlDnaNA,3.950913,4.471645,5.314602,0,2591700,21.674012,Interactive,1,1.75
7200,aDTQIqgen6guUNck6NattbZgRhAHpdxMtPDNUZB6TZwT4vlfgJib6VFVprlDnaNA,3.729945,4.724854,5.993180000000001,0,2591700,21.674012,Interactive,1,1.75
7500,aDTQIqgen6guUNck6NattbZgRhAHpdxMtPDNUZB6TZwT4vlfgJib6VFVprlDnaNA,3.4458910000000005,4.246571,5.450601,0,2591700,21.674012,Interactive,1,1.75
7800,aDTQIqgen6guUNck6NattbZgRhAHpdxMtPDNUZB6TZwT4vlfgJib6VFVprlDnaNA,3.317093,4.476067,5.538631,0,2591700,21.674012,Interactive,1,1.75
8100,aDTQIqgen6guUNck6NattbZgRhAHpdxMtPDNUZB6TZwT4vlfgJib6VFVprlDnaNA,3.869134,4.824397,6.517911,0,2591700,21.674012,Interactive,1,1.75
8400,aDTQIqgen6guUNck6NattbZgRhAHpdxMtPDNUZB6TZwT4vlfgJib6VFVprlDnaNA,3.517976,4.570722,5.75817,0,2591700,21.674012,Interactive,1,1.75
8700,aDTQIqgen6guUNck6NattbZgRhAHpdxMtPDNUZB6TZwT4vlfgJib6VFVprlDnaNA,3.849445,4.442833,5.199792,0,2591700,21.674012,Interactive,1,1.75
9000,aDTQIqgen6guUNck6NattbZgRhAHpdxMtPDNUZB6TZwT4vlfgJib6VFVprlDnaNA,3.462525,4.3022540000000005,5.82415,0,2591700,21.674012,Interactive,1,1.75
9300,aDTQIqgen6guUNck6NattbZgRhAHpdxMtPDNUZB6TZwT4vlfgJib6VFVprlDnaNA,3.908186,4.520182,5.853661,0,2591700,21.674012,Interactive,1,1.75
9600,aDTQIqgen6guUNck6NattbZgRhAHpdxMtPDNUZB6TZwT4vlfgJib6VFVprlDnaNA,3.525106,4.377108,5.183821,0,2591700,21.674012,Interactive,1,1.75
9900,aDTQIqgen6guUNck6NattbZgRhAHpdxMtPDNUZB6TZwT4vlfgJib6VFVprlDnaNA,2.617691,4.621269,6.076111,0,2591700,21.674012,Interactive,1,1.75
10200,aDTQIqgen6guUNck6NattbZgRhAHpdxMtPDNUZB6TZwT4vlfgJib6VFVprlDnaNA,3.986081,7.35152,23.917369,0,2591700,21.674012,Interactive,1,1.75
10500,aDTQIqgen6guUNck6NattbZgRhAHpdxMtPDNUZB6TZwT4vlfgJib6VFVprlDnaNA,4.0824940000000005,4.830487000000001,6.713754,0,2591700,21.674012,Interactive,1,1.75
10800,aDTQIqgen6guUNck6NattbZgRhAHpdxMtPDNUZB6TZwT4vlfgJib6VFVprlDnaNA,3.506371,4.412825,6.00691,0,2591700,21.674012,Interactive,1,1.75
11100,aDTQIqgen6guUNck6NattbZgRhAHpdxMtPDNUZB6TZwT4vlfgJib6VFVprlDnaNA,2.490121,4.021392,5.601884,0,2591700,21.674012,Interactive,1,1.75
11400,aDTQIqgen6guUNck6NattbZgRhAHpdxMtPDNUZB6TZwT4vlfgJib6VFVprlDnaNA,3.544806,4.370974,6.173196,0,2591700,21.674012,Interactive,1,1.75
11700,aDTQIqgen6guUNck6NattbZgRhAHpdxMtPDNUZB6TZwT4vlfgJib6VFVprlDnaNA,3.337406,4.551709,6.0184120000000005,0,2591700,21.674012,Interactive,1,1.75
12000,aDTQIqgen6guUNck6NattbZgRhAHpdxMtPDNUZB6TZwT4vlfgJib6VFVprlDnaNA,3.773695,4.371506,5.393838,0,2591700,21.674012,Interactive,1,1.75
12300,aDTQIqgen6guUNck6NattbZgRhAHpdxMtPDNUZB6TZwT4vlfgJib6VFVprlDnaNA,3.4324,4.302499,6.423726,0,2591700,21.674012,Interactive,1,1.75
12600,aDTQIqgen6guUNck6NattbZgRhAHpdxMtPDNUZB6TZwT4vlfgJib6VFVprlDnaNA,3.3764,4.469047,5.604622,0,2591700,21.674012,Interactive,1,1.75
12900,aDTQIqgen6guUNck6NattbZgRhAHpdxMtPDNUZB6TZwT4vlfgJib6VFVprlDnaNA,3.551044,4.305882,5.340584,0,2591700,21.674012,Interactive,1,1.75
13200,aDTQIqgen6guUNck6NattbZgRhAHpdxMtPDNUZB6TZwT4vlfgJib6VFVprlDnaNA,3.4034980000000004,4.28998,6.501894,0,2591700,21.674012,Interactive,1,1.75
13500,aDTQIqgen6guUNck6NattbZgRhAHpdxMtPDNUZB6TZwT4vlfgJib6VFVprlDnaNA,3.784528,4.748024,6.466564,0,2591700,21.674012,Interactive,1,1.75
13800,aDTQIqgen6guUNck6NattbZgRhAHpdxMtPDNUZB6TZwT4vlfgJib6VFVprlDnaNA,3.92555,7.238630000000001,30.455303000000004,0,2591700,21.674012,Interactive,1,1.75
14100,aDTQIqgen6guUNck6NattbZgRhAHpdxMtPDNUZB6TZwT4vlfgJib6VFVprlDnaNA,3.764403,4.900222,7.446280000000001,0,2591700,21.674012,Interactive,1,1.75
14400,aDTQIqgen6guUNck6NattbZgRhAHpdxMtPDNUZB6TZwT4vlfgJib6VFVprlDnaNA,4.033705,4.944668,6.028023999999999,0,2591700,21.674012,Interactive,1,1.75
14700,aDTQIqgen6guUNck6NattbZgRhAHpdxMtPDNUZB6TZwT4vlfgJib6VFVprlDnaNA,3.629381,4.524957,5.500499,0,2591700,21.674012,Interactive,1,1.75
15000,aDTQIqgen6guUNck6NattbZgRhAHpdxMtPDNUZB6TZwT4vlfgJib6VFVprlDnaNA,3.618395,4.605561,6.528378,0,2591700,21.674012,Interactive,1,1.75
15300,aDTQIqgen6guUNck6NattbZgRhAHpdxMtPDNUZB6TZwT4vlfgJib6VFVprlDnaNA,3.994698000000001,4.799688,6.6839580000000005,0,2591700,21.674012,Interactive,1,1.75
15600,aDTQIqgen6guUNck6NattbZgRhAHpdxMtPDNUZB6TZwT4vlfgJib6VFVprlDnaNA,2.868378,4.414962999999999,5.717676,0,2591700,21.674012,Interactive,1,1.75
15900,aDTQIqgen6guUNck6NattbZgRhAHpdxMtPDNUZB6TZwT4vlfgJib6VFVprlDnaNA,3.902612,4.756648,6.626243,0,2591700,21.674012,Interactive,1,1.75
16200,aDTQIqgen6guUNck6NattbZgRhAHpdxMtPDNUZB6TZwT4vlfgJib6VFVprlDnaNA,3.499744,4.390306,6.349132,0,2591700,21.674012,Interactive,1,1.75
16500,aDTQIqgen6guUNck6NattbZgRhAHpdxMtPDNUZB6TZwT4vlfgJib6VFVprlDnaNA,3.465596,4.16516,4.990259,0,2591700,21.674012,Interactive,1,1.75
16800,aDTQIqgen6guUNck6NattbZgRhAHpdxMtPDNUZB6TZwT4vlfgJib6VFVprlDnaNA,3.850553,4.545218,6.335171,0,2591700,21.674012,Interactive,1,1.75
17100,aDTQIqgen6guUNck6NattbZgRhAHpdxMtPDNUZB6TZwT4vlfgJib6VFVprlDnaNA,3.584513,4.397807,5.798062,0,2591700,21.674012,Interactive,1,1.75
17400,aDTQIqgen6guUNck6NattbZgRhAHpdxMtPDNUZB6TZwT4vlfgJib6VFVprlDnaNA,3.682449,7.093353,30.338852000000003,0,2591700,21.674012,Interactive,1,1.75
17700,aDTQIqgen6guUNck6NattbZgRhAHpdxMtPDNUZB6TZwT4vlfgJib6VFVprlDnaNA,3.5697300000000003,4.6769680000000005,7.318872,0,2591700,21.674012,Interactive,1,1.75
18000,aDTQIqgen6guUNck6NattbZgRhAHpdxMtPDNUZB6TZwT4vlfgJib6VFVprlDnaNA,3.612495,4.659978,6.299661,0,2591700,21.674012,Interactive,1,1.75
18300,aDTQIqgen6guUNck6NattbZgRhAHpdxMtPDNUZB6TZwT4vlfgJib6VFVprlDnaNA,3.329699,4.0984370000000006,4.887799,0,2591700,21.674012,Interactive,1,1.75
18600,aDTQIqgen6guUNck6NattbZgRhAHpdxMtPDNUZB6TZwT4vlfgJib6VFVprlDnaNA,2.745328,4.284209,6.388294999999999,0,2591700,21.674012,Interactive,1,1.75
18900,aDTQIqgen6guUNck6NattbZgRhAHpdxMtPDNUZB6TZwT4vlfgJib6VFVprlDnaNA,3.809975,4.676065,5.857149,0,2591700,21.674012,Interactive,1,1.75
19200,aDTQIqgen6guUNck6NattbZgRhAHpdxMtPDNUZB6TZwT4vlfgJib6VFVprlDnaNA,3.626978,4.661852,6.828952,0,2591700,21.674012,Interactive,1,1.75
19500,aDTQIqgen6guUNck6NattbZgRhAHpdxMtPDNUZB6TZwT4vlfgJib6VFVprlDnaNA,3.922956,4.805973000000001,6.781072,0,2591700,21.674012,Interactive,1,1.75
19800,aDTQIqgen6guUNck6NattbZgRhAHpdxMtPDNUZB6TZwT4vlfgJib6VFVprlDnaNA,4.022901,5.046301000000001,6.281738,0,2591700,21.674012,Interactive,1,1.75
20100,aDTQIqgen6guUNck6NattbZgRhAHpdxMtPDNUZB6TZwT4vlfgJib6VFVprlDnaNA,3.621174,4.689716000000001,5.334717,0,2591700,21.674012,Interactive,1,1.75
20400,aDTQIqgen6guUNck6NattbZgRhAHpdxMtPDNUZB6TZwT4vlfgJib6VFVprlDnaNA,3.118922,4.291174,7.180514,0,2591700,21.674012,Interactive,1,1.75
20700,aDTQIqgen6guUNck6NattbZgRhAHpdxMtPDNUZB6TZwT4vlfgJib6VFVprlDnaNA,3.382533,4.109699,4.86929,0,2591700,21.674012,Interactive,1,1.75
21000,aDTQIqgen6guUNck6NattbZgRhAHpdxMtPDNUZB6TZwT4vlfgJib6VFVprlDnaNA,2.5221400000000003,6.620592,30.710096000000004,0,2591700,21.674012,Interactive,1,1.75
21300,aDTQIqgen6guUNck6NattbZgRhAHpdxMtPDNUZB6TZwT4vlfgJib6VFVprlDnaNA,3.36925,4.3709,5.964999,0,2591700,21.674012,Interactive,1,1.75
21600,aDTQIqgen6guUNck6NattbZgRhAHpdxMtPDNUZB6TZwT4vlfgJib6VFVprlDnaNA,3.995997,4.817018,6.396046,0,2591700,21.674012,Interactive,1,1.75
21900,aDTQIqgen6guUNck6NattbZgRhAHpdxMtPDNUZB6TZwT4vlfgJib6VFVprlDnaNA,3.999975,4.459651999999999,5.411235,0,2591700,21.674012,Interactive,1,1.75
22200,aDTQIqgen6guUNck6NattbZgRhAHpdxMtPDNUZB6TZwT4vlfgJib6VFVprlDnaNA,3.9122,4.753801999999999,6.205653,0,2591700,21.674012,Interactive,1,1.75
22500,aDTQIqgen6guUNck6NattbZgRhAHpdxMtPDNUZB6TZwT4vlfgJib6VFVprlDnaNA,4.061131,13.974188,32.723707,0,2591700,21.674012,Interactive,1,1.75
22800,aDTQIqgen6guUNck6NattbZgRhAHpdxMtPDNUZB6TZwT4vlfgJib6VFVprlDnaNA,3.921102,5.002627,6.425907,0,2591700,21.674012,Interactive,1,1.75
23100,aDTQIqgen6guUNck6NattbZgRhAHpdxMtPDNUZB6TZwT4vlfgJib6VFVprlDnaNA,3.372292,4.559821,6.215825,0,2591700,21.674012,Interactive,1,1.75
23400,aDTQIqgen6guUNck6NattbZgRhAHpdxMtPDNUZB6TZwT4vlfgJib6VFVprlDnaNA,3.877558,4.575327,5.174853,0,2591700,21.674012,Interactive,1,1.75
23700,aDTQIqgen6guUNck6NattbZgRhAHpdxMtPDNUZB6TZwT4vlfgJib6VFVprlDnaNA,3.952659,5.051612,8.324602,0,2591700,21.674012,Interactive,1,1.75
24000,aDTQIqgen6guUNck6NattbZgRhAHpdxMtPDNUZB6TZwT4vlfgJib6VFVprlDnaNA,3.5722730000000005,4.552983,5.938619999999999,0,2591700,21.674012,Interactive,1,1.75
24300,aDTQIqgen6guUNck6NattbZgRhAHpdxMtPDNUZB6TZwT4vlfgJib6VFVprlDnaNA,4.290268,4.815645,6.19184,0,2591700,21.674012,Interactive,1,1.75
24600,aDTQIqgen6guUNck6NattbZgRhAHpdxMtPDNUZB6TZwT4vlfgJib6VFVprlDnaNA,3.4807360000000003,6.802371000000001,29.718377,0,2591700,21.674012,Interactive,1,1.75
24900,aDTQIqgen6guUNck6NattbZgRhAHpdxMtPDNUZB6TZwT4vlfgJib6VFVprlDnaNA,3.340631,4.386011,6.149538,0,2591700,21.674012,Interactive,1,1.75
25200,aDTQIqgen6guUNck6NattbZgRhAHpdxMtPDNUZB6TZwT4vlfgJib6VFVprlDnaNA,3.463538,4.345354,6.061069,0,2591700,21.674012,Interactive,1,1.75
25500,aDTQIqgen6guUNck6NattbZgRhAHpdxMtPDNUZB6TZwT4vlfgJib6VFVprlDnaNA,3.572138,4.172524,4.961996,0,2591700,21.674012,Interactive,1,1.75
25800,aDTQIqgen6guUNck6NattbZgRhAHpdxMtPDNUZB6TZwT4vlfgJib6VFVprlDnaNA,3.955426,4.642117,5.906191000000001,0,2591700,21.674012,Interactive,1,1.75
26100,aDTQIqgen6guUNck6NattbZgRhAHpdxMtPDNUZB6TZwT4vlfgJib6VFVprlDnaNA,3.85555,4.587836,5.608589,0,2591700,21.674012,Interactive,1,1.75
26400,aDTQIqgen6guUNck6NattbZgRhAHpdxMtPDNUZB6TZwT4vlfgJib6VFVprlDnaNA,4.076925,5.166454,10.695114,0,2591700,21.674012,Interactive,1,1.75
26700,aDTQIqgen6guUNck6NattbZgRhAHpdxMtPDNUZB6TZwT4vlfgJib6VFVprlDnaNA,3.22655,4.587918,6.464273,0,2591700,21.674012,Interactive,1,1.75
27000,aDTQIqgen6guUNck6NattbZgRhAHpdxMtPDNUZB6TZwT4vlfgJib6VFVprlDnaNA,4.059851999999999,4.814092,6.303431,0,2591700,21.674012,Interactive,1,1.75
27300,aDTQIqgen6guUNck6NattbZgRhAHpdxMtPDNUZB6TZwT4vlfgJib6VFVprlDnaNA,3.735336,4.5474,5.377664,0,2591700,21.674012,Interactive,1,1.75
27600,aDTQIqgen6guUNck6NattbZgRhAHpdxMtPDNUZB6TZwT4vlfgJib6VFVprlDnaNA,3.694903,4.697032,5.762385,0,2591700,21.674012,Interactive,1,1.75
27900,aDTQIqgen6guUNck6NattbZgRhAHpdxMtPDNUZB6TZwT4vlfgJib6VFVprlDnaNA,3.836916,4.893378,6.287051,0,2591700,21.674012,Interactive,1,1.75
28200,aDTQIqgen6guUNck6NattbZgRhAHpdxMtPDNUZB6TZwT4vlfgJib6VFVprlDnaNA,3.940463,7.212553999999999,25.189583,0,2591700,21.674012,Interactive,1,1.75
28500,aDTQIqgen6guUNck6NattbZgRhAHpdxMtPDNUZB6TZwT4vlfgJib6VFVprlDnaNA,3.977809,4.820405,6.126763,0,2591700,21.674012,Interactive,1,1.75
28800,aDTQIqgen6guUNck6NattbZgRhAHpdxMtPDNUZB6TZwT4vlfgJib6VFVprlDnaNA,3.430556,4.220758999999999,5.07912,0,2591700,21.674012,Interactive,1,1.75
29100,aDTQIqgen6guUNck6NattbZgRhAHpdxMtPDNUZB6TZwT4vlfgJib6VFVprlDnaNA,4.085701,5.003591,8.717125999999999,0,2591700,21.674012,Interactive,1,1.75
29400,aDTQIqgen6guUNck6NattbZgRhAHpdxMtPDNUZB6TZwT4vlfgJib6VFVprlDnaNA,3.835204,4.552761,5.794506,0,2591700,21.674012,Interactive,1,1.75
29700,aDTQIqgen6guUNck6NattbZgRhAHpdxMtPDNUZB6TZwT4vlfgJib6VFVprlDnaNA,3.837981,4.633833,5.773630000000001,0,2591700,21.674012,Interactive,1,1.75
30000,aDTQIqgen6guUNck6NattbZgRhAHpdxMtPDNUZB6TZwT4vlfgJib6VFVprlDnaNA,2.608663,4.446458,5.873377,0,2591700,21.674012,Interactive,1,1.75
30300,aDTQIqgen6guUNck6NattbZgRhAHpdxMtPDNUZB6TZwT4vlfgJib6VFVprlDnaNA,3.872384,4.785615,6.1208160000000005,0,2591700,21.674012,Interactive,1,1.75
30600,aDTQIqgen6guUNck6NattbZgRhAHpdxMtPDNUZB6TZwT4vlfgJib6VFVprlDnaNA,3.901007,4.477779,5.544306,0,2591700,21.674012,Interactive,1,1.75
30900,aDTQIqgen6guUNck6NattbZgRhAHpdxMtPDNUZB6TZwT4vlfgJib6VFVprlDnaNA,3.912059,4.854757,7.171227,0,2591700,21.674012,Interactive,1,1.75
31200,aDTQIqgen6guUNck6NattbZgRhAHpdxMtPDNUZB6TZwT4vlfgJib6VFVprlDnaNA,3.96185,7.448524000000001,32.688941,0,2591700,21.674012,Interactive,1,1.75
31500,aDTQIqgen6guUNck6NattbZgRhAHpdxMtPDNUZB6TZwT4vlfgJib6VFVprlDnaNA,3.869728,4.636731,5.312353,0,2591700,21.674012,Interactive,1,1.75
31800,aDTQIqgen6guUNck6NattbZgRhAHpdxMtPDNUZB6TZwT4vlfgJib6VFVprlDnaNA,3.688725,5.112701,8.970021000000001,0,2591700,21.674012,Interactive,1,1.75
32100,aDTQIqgen6guUNck6NattbZgRhAHpdxMtPDNUZB6TZwT4vlfgJib6VFVprlDnaNA,3.99032,7.464421000000001,30.484019,0,2591700,21.674012,Interactive,1,1.75
32400,aDTQIqgen6guUNck6NattbZgRhAHpdxMtPDNUZB6TZwT4vlfgJib6VFVprlDnaNA,3.802699,4.679916,5.941841999999999,0,2591700,21.674012,Interactive,1,1.75
32700,aDTQIqgen6guUNck6NattbZgRhAHpdxMtPDNUZB6TZwT4vlfgJib6VFVprlDnaNA,2.461212,4.635448,6.702980999999999,0,2591700,21.674012,Interactive,1,1.75
33000,aDTQIqgen6guUNck6NattbZgRhAHpdxMtPDNUZB6TZwT4vlfgJib6VFVprlDnaNA,4.0671230000000005,7.696135000000001,26.332322,0,2591700,21.674012,Interactive,1,1.75
33300,aDTQIqgen6guUNck6NattbZgRhAHpdxMtPDNUZB6TZwT4vlfgJib6VFVprlDnaNA,4.27325,4.997819,6.034054,0,2591700,21.674012,Interactive,1,1.75
33600,aDTQIqgen6guUNck6NattbZgRhAHpdxMtPDNUZB6TZwT4vlfgJib6VFVprlDnaNA,3.634685,4.616552,6.827585000000001,0,2591700,21.674012,Interactive,1,1.75
33900,aDTQIqgen6guUNck6NattbZgRhAHpdxMtPDNUZB6TZwT4vlfgJib6VFVprlDnaNA,3.821332,4.857647,6.293269,0,2591700,21.674012,Interactive,1,1.75
34200,aDTQIqgen6guUNck6NattbZgRhAHpdxMtPDNUZB6TZwT4vlfgJib6VFVprlDnaNA,3.877333,4.627315,5.656288,0,2591700,21.674012,Interactive,1,1.75
34500,aDTQIqgen6guUNck6NattbZgRhAHpdxMtPDNUZB6TZwT4vlfgJib6VFVprlDnaNA,3.623668,5.449003,10.272814,0,2591700,21.674012,Interactive,1,1.75
34800,aDTQIqgen6guUNck6NattbZgRhAHpdxMtPDNUZB6TZwT4vlfgJib6VFVprlDnaNA,3.812921,4.79601,6.612155,0,2591700,21.674012,Interactive,1,1.75
35100,aDTQIqgen6guUNck6NattbZgRhAHpdxMtPDNUZB6TZwT4vlfgJib6VFVprlDnaNA,3.576487,4.727753,6.211579,0,2591700,21.674012,Interactive,1,1.75
35400,aDTQIqgen6guUNck6NattbZgRhAHpdxMtPDNUZB6TZwT4vlfgJib6VFVprlDnaNA,3.440597,4.812292,6.817487,0,2591700,21.674012,Interactive,1,1.75
35700,aDTQIqgen6guUNck6NattbZgRhAHpdxMtPDNUZB6TZwT4vlfgJib6VFVprlDnaNA,4.139842,7.531649000000001,30.280378,0,2591700,21.674012,Interactive,1,1.75
36000,aDTQIqgen6guUNck6NattbZgRhAHpdxMtPDNUZB6TZwT4vlfgJib6VFVprlDnaNA,3.668396,4.603941000000001,5.834098,0,2591700,21.674012,Interactive,1,1.75
36300,aDTQIqgen6guUNck6NattbZgRhAHpdxMtPDNUZB6TZwT4vlfgJib6VFVprlDnaNA,3.540654,4.87513,6.978300999999999,0,2591700,21.674012,Interactive,1,1.75
36600,aDTQIqgen6guUNck6NattbZgRhAHpdxMtPDNUZB6TZwT4vlfgJib6VFVprlDnaNA,3.797462,4.593534,5.882844,0,2591700,21.674012,Interactive,1,1.75
36900,aDTQIqgen6guUNck6NattbZgRhAHpdxMtPDNUZB6TZwT4vlfgJib6VFVprlDnaNA,3.5444400000000003,4.51673,5.669491000000001,0,2591700,21.674012,Interactive,1,1.75
37200,aDTQIqgen6guUNck6NattbZgRhAHpdxMtPDNUZB6TZwT4vlfgJib6VFVprlDnaNA,3.574419,5.18369,9.717882,0,2591700,21.674012,Interactive,1,1.75
37500,aDTQIqgen6guUNck6NattbZgRhAHpdxMtPDNUZB6TZwT4vlfgJib6VFVprlDnaNA,2.683538,4.466346,6.505506,0,2591700,21.674012,Interactive,1,1.75
37800,aDTQIqgen6guUNck6NattbZgRhAHpdxMtPDNUZB6TZwT4vlfgJib6VFVprlDnaNA,3.830108,4.4904660000000005,5.63407,0,2591700,21.674012,Interactive,1,1.75
38100,aDTQIqgen6guUNck6NattbZgRhAHpdxMtPDNUZB6TZwT4vlfgJib6VFVprlDnaNA,3.784626,4.8209290000000005,6.21591,0,2591700,21.674012,Interactive,1,1.75
38400,aDTQIqgen6guUNck6NattbZgRhAHpdxMtPDNUZB6TZwT4vlfgJib6VFVprlDnaNA,3.979105,4.882982,6.175975,0,2591700,21.674012,Interactive,1,1.75
38700,aDTQIqgen6guUNck6NattbZgRhAHpdxMtPDNUZB6TZwT4vlfgJib6VFVprlDnaNA,3.953126,4.794179,5.785237,0,2591700,21.674012,Interactive,1,1.75
39000,aDTQIqgen6guUNck6NattbZgRhAHpdxMtPDNUZB6TZwT4vlfgJib6VFVprlDnaNA,3.753682,4.923469,6.401232,0,2591700,21.674012,Interactive,1,1.75
39300,aDTQIqgen6guUNck6NattbZgRhAHpdxMtPDNUZB6TZwT4vlfgJib6VFVprlDnaNA,3.919945,7.557824,23.335203,0,2591700,21.674012,Interactive,1,1.75
39600,aDTQIqgen6guUNck6NattbZgRhAHpdxMtPDNUZB6TZwT4vlfgJib6VFVprlDnaNA,3.928482,4.566538,5.45982,0,2591700,21.674012,Interactive,1,1.75
39900,aDTQIqgen6guUNck6NattbZgRhAHpdxMtPDNUZB6TZwT4vlfgJib6VFVprlDnaNA,3.511879,4.980308999999999,9.553739,0,2591700,21.674012,Interactive,1,1.75
40200,aDTQIqgen6guUNck6NattbZgRhAHpdxMtPDNUZB6TZwT4vlfgJib6VFVprlDnaNA,4.007325,5.523888,13.170093,0,2591700,21.674012,Interactive,1,1.75
40500,aDTQIqgen6guUNck6NattbZgRhAHpdxMtPDNUZB6TZwT4vlfgJib6VFVprlDnaNA,3.642276,4.497156,5.502186,0,2591700,21.674012,Interactive,1,1.75
40800,aDTQIqgen6guUNck6NattbZgRhAHpdxMtPDNUZB6TZwT4vlfgJib6VFVprlDnaNA,4.034285,4.92106,6.170579,0,2591700,21.674012,Interactive,1,1.75
41100,aDTQIqgen6guUNck6NattbZgRhAHpdxMtPDNUZB6TZwT4vlfgJib6VFVprlDnaNA,4.206098,4.753826999999999,5.541523000000001,0,2591700,21.674012,Interactive,1,1.75
41400,aDTQIqgen6guUNck6NattbZgRhAHpdxMtPDNUZB6TZwT4vlfgJib6VFVprlDnaNA,3.769384,4.813196,6.153321,0,2591700,21.674012,Interactive,1,1.75
41700,aDTQIqgen6guUNck6NattbZgRhAHpdxMtPDNUZB6TZwT4vlfgJib6VFVprlDnaNA,3.785695,4.712717,5.978261,0,2591700,21.674012,Interactive,1,1.75
42000,aDTQIqgen6guUNck6NattbZgRhAHpdxMtPDNUZB6TZwT4vlfgJib6VFVprlDnaNA,3.604865,4.339504,5.395683,0,2591700,21.674012,Interactive,1,1.75
42300,aDTQIqgen6guUNck6NattbZgRhAHpdxMtPDNUZB6TZwT4vlfgJib6VFVprlDnaNA,4.049625,4.834876,5.9935540000000005,0,2591700,21.674012,Interactive,1,1.75
42600,aDTQIqgen6guUNck6NattbZgRhAHpdxMtPDNUZB6TZwT4vlfgJib6VFVprlDnaNA,3.973969,4.894834,6.394062,0,2591700,21.674012,Interactive,1,1.75
42900,aDTQIqgen6guUNck6NattbZgRhAHpdxMtPDNUZB6TZwT4vlfgJib6VFVprlDnaNA,4.091412999999999,7.547752,31.222271000000003,0,2591700,21.674012,Interactive,1,1.75
43200,aDTQIqgen6guUNck6NattbZgRhAHpdxMtPDNUZB6TZwT4vlfgJib6VFVprlDnaNA,4.013607,4.748888,5.633457,0,2591700,21.674012,Interactive,1,1.75
43500,aDTQIqgen6guUNck6NattbZgRhAHpdxMtPDNUZB6TZwT4vlfgJib6VFVprlDnaNA,3.845998,4.938031,6.101537,0,2591700,21.674012,Interactive,1,1.75
43800,aDTQIqgen6guUNck6NattbZgRhAHpdxMtPDNUZB6TZwT4vlfgJib6VFVprlDnaNA,3.702757,4.380845,5.1514120000000005,0,2591700,21.674012,Interactive,1,1.75
44100,aDTQIqgen6guUNck6NattbZgRhAHpdxMtPDNUZB6TZwT4vlfgJib6VFVprlDnaNA,4.099922,4.963461,5.945446,0,2591700,21.674012,Interactive,1,1.75
44400,aDTQIqgen6guUNck6NattbZgRhAHpdxMtPDNUZB6TZwT4vlfgJib6VFVprlDnaNA,3.882302,4.848454,6.738738000000001,0,2591700,21.674012,Interactive,1,1.75
44700,aDTQIqgen6guUNck6NattbZgRhAHpdxMtPDNUZB6TZwT4vlfgJib6VFVprlDnaNA,4.039487,4.718891,5.948199,0,2591700,21.674012,Interactive,1,1.75
45000,aDTQIqgen6guUNck6NattbZgRhAHpdxMtPDNUZB6TZwT4vlfgJib6VFVprlDnaNA,4.110723999999999,4.86756,6.115386,0,2591700,21.674012,Interactive,1,1.75
45300,aDTQIqgen6guUNck6NattbZgRhAHpdxMtPDNUZB6TZwT4vlfgJib6VFVprlDnaNA,3.193769,4.708937000000001,6.622985000000001,0,2591700,21.674012,Interactive,1,1.75
45600,aDTQIqgen6guUNck6NattbZgRhAHpdxMtPDNUZB6TZwT4vlfgJib6VFVprlDnaNA,3.477767,4.193562,4.993839,0,2591700,21.674012,Interactive,1,1.75
45900,aDTQIqgen6guUNck6NattbZgRhAHpdxMtPDNUZB6TZwT4vlfgJib6VFVprlDnaNA,3.810975,4.617268,5.763813,0,2591700,21.674012,Interactive,1,1.75
46200,aDTQIqgen6guUNck6NattbZgRhAHpdxMtPDNUZB6TZwT4vlfgJib6VFVprlDnaNA,3.3702910000000004,4.375072,5.854419,0,2591700,21.674012,Interactive,1,1.75
46500,aDTQIqgen6guUNck6NattbZgRhAHpdxMtPDNUZB6TZwT4vlfgJib6VFVprlDnaNA,3.93466,7.426635000000001,31.361099,0,2591700,21.674012,Interactive,1,1.75
46800,aDTQIqgen6guUNck6NattbZgRhAHpdxMtPDNUZB6TZwT4vlfgJib6VFVprlDnaNA,2.6107,4.489673000000001,5.450996,0,2591700,21.674012,Interactive,1,1.75
47100,aDTQIqgen6guUNck6NattbZgRhAHpdxMtPDNUZB6TZwT4vlfgJib6VFVprlDnaNA,3.579933,4.5600760000000005,6.127962999999999,0,2591700,21.674012,Interactive,1,1.75
47400,aDTQIqgen6guUNck6NattbZgRhAHpdxMtPDNUZB6TZwT4vlfgJib6VFVprlDnaNA,3.849015,4.399443,5.19142,0,2591700,21.674012,Interactive,1,1.75
47700,aDTQIqgen6guUNck6NattbZgRhAHpdxMtPDNUZB6TZwT4vlfgJib6VFVprlDnaNA,3.686933,4.461875,5.676901,0,2591700,21.674012,Interactive,1,1.75
48000,aDTQIqgen6guUNck6NattbZgRhAHpdxMtPDNUZB6TZwT4vlfgJib6VFVprlDnaNA,3.4126730000000003,4.524994,6.479996,0,2591700,21.674012,Interactive,1,1.75
48300,aDTQIqgen6guUNck6NattbZgRhAHpdxMtPDNUZB6TZwT4vlfgJib6VFVprlDnaNA,3.841432,4.497884,5.188221,0,2591700,21.674012,Interactive,1,1.75
48600,aDTQIqgen6guUNck6NattbZgRhAHpdxMtPDNUZB6TZwT4vlfgJib6VFVprlDnaNA,4.215408,4.8597470000000005,5.984906,0,2591700,21.674012,Interactive,1,1.75
48900,aDTQIqgen6guUNck6NattbZgRhAHpdxMtPDNUZB6TZwT4vlfgJib6VFVprlDnaNA,3.562281,4.777401,6.2556650000000005,0,2591700,21.674012,Interactive,1,1.75
49200,aDTQIqgen6guUNck6NattbZgRhAHpdxMtPDNUZB6TZwT4vlfgJib6VFVprlDnaNA,3.885047,4.609083,5.160834,0,2591700,21.674012,Interactive,1,1.75
49500,aDTQIqgen6guUNck6NattbZgRhAHpdxMtPDNUZB6TZwT4vlfgJib6VFVprlDnaNA,3.68585,4.676206,5.870447,0,2591700,21.674012,Interactive,1,1.75
49800,aDTQIqgen6guUNck6NattbZgRhAHpdxMtPDNUZB6TZwT4vlfgJib6VFVprlDnaNA,3.4377910000000003,4.416417,5.7225150000000005,0,2591700,21.674012,Interactive,1,1.75
50100,aDTQIqgen6guUNck6NattbZgRhAHpdxMtPDNUZB6TZwT4vlfgJib6VFVprlDnaNA,2.933244,6.826509,18.990741,0,2591700,21.674012,Interactive,1,1.75
50400,aDTQIqgen6guUNck6NattbZgRhAHpdxMtPDNUZB6TZwT4vlfgJib6VFVprlDnaNA,3.5124160000000004,4.380058999999999,5.430905,0,2591700,21.674012,Interactive,1,1.75
50700,aDTQIqgen6guUNck6NattbZgRhAHpdxMtPDNUZB6TZwT4vlfgJib6VFVprlDnaNA,3.289847,4.554703,6.097197,0,2591700,21.674012,Interactive,1,1.75
51000,aDTQIqgen6guUNck6NattbZgRhAHpdxMtPDNUZB6TZwT4vlfgJib6VFVprlDnaNA,3.727255,4.374497,5.039689,0,2591700,21.674012,Interactive,1,1.75
51300,aDTQIqgen6guUNck6NattbZgRhAHpdxMtPDNUZB6TZwT4vlfgJib6VFVprlDnaNA,3.933022,11.366977,32.907132,0,2591700,21.674012,Interactive,1,1.75
51600,aDTQIqgen6guUNck6NattbZgRhAHpdxMtPDNUZB6TZwT4vlfgJib6VFVprlDnaNA,2.768895,7.716129,32.125908,0,2591700,21.674012,Interactive,1,1.75
51900,aDTQIqgen6guUNck6NattbZgRhAHpdxMtPDNUZB6TZwT4vlfgJib6VFVprlDnaNA,3.581722,4.548248,5.667891,0,2591700,21.674012,Interactive,1,1.75
52200,aDTQIqgen6guUNck6NattbZgRhAHpdxMtPDNUZB6TZwT4vlfgJib6VFVprlDnaNA,3.046021,4.614212,6.591033,0,2591700,21.674012,Interactive,1,1.75
52500,aDTQIqgen6guUNck6NattbZgRhAHpdxMtPDNUZB6TZwT4vlfgJib6VFVprlDnaNA,3.755172,4.802025,6.4384760000000005,0,2591700,21.674012,Interactive,1,1.75
52800,aDTQIqgen6guUNck6NattbZgRhAHpdxMtPDNUZB6TZwT4vlfgJib6VFVprlDnaNA,2.7605880000000003,4.415797,5.625232,0,2591700,21.674012,Interactive,1,1.75
53100,aDTQIqgen6guUNck6NattbZgRhAHpdxMtPDNUZB6TZwT4vlfgJib6VFVprlDnaNA,3.486715,4.590758,6.628104,0,2591700,21.674012,Interactive,1,1.75
53400,aDTQIqgen6guUNck6NattbZgRhAHpdxMtPDNUZB6TZwT4vlfgJib6VFVprlDnaNA,3.60015,4.599513,6.071549,0,2591700,21.674012,Interactive,1,1.75
53700,aDTQIqgen6guUNck6NattbZgRhAHpdxMtPDNUZB6TZwT4vlfgJib6VFVprlDnaNA,3.443265,7.028333,31.514801,0,2591700,21.674012,Interactive,1,1.75
54000,aDTQIqgen6guUNck6NattbZgRhAHpdxMtPDNUZB6TZwT4vlfgJib6VFVprlDnaNA,3.514871,4.315767,6.560911,0,2591700,21.674012,Interactive,1,1.75
54300,aDTQIqgen6guUNck6NattbZgRhAHpdxMtPDNUZB6TZwT4vlfgJib6VFVprlDnaNA,3.535695,4.442202,5.691229,0,2591700,21.674012,Interactive,1,1.75
54600,aDTQIqgen6guUNck6NattbZgRhAHpdxMtPDNUZB6TZwT4vlfgJib6VFVprlDnaNA,4.1108400000000005,4.709693,5.5873550000000005,0,2591700,21.674012,Interactive,1,1.75
54900,aDTQIqgen6guUNck6NattbZgRhAHpdxMtPDNUZB6TZwT4vlfgJib6VFVprlDnaNA,2.887034,4.457229,6.773006,0,2591700,21.674012,Interactive,1,1.75
55200,aDTQIqgen6guUNck6NattbZgRhAHpdxMtPDNUZB6TZwT4vlfgJib6VFVprlDnaNA,3.903521,4.700892,6.281631,0,2591700,21.674012,Interactive,1,1.75
55500,aDTQIqgen6guUNck6NattbZgRhAHpdxMtPDNUZB6TZwT4vlfgJib6VFVprlDnaNA,3.070481,4.59941,5.9904980000000005,0,2591700,21.674012,Interactive,1,1.75
55800,aDTQIqgen6guUNck6NattbZgRhAHpdxMtPDNUZB6TZwT4vlfgJib6VFVprlDnaNA,3.869176,4.679258,6.978044000000001,0,2591700,21.674012,Interactive,1,1.75
56100,aDTQIqgen6guUNck6NattbZgRhAHpdxMtPDNUZB6TZwT4vlfgJib6VFVprlDnaNA,3.661988,4.682442,6.217467,0,2591700,21.674012,Interactive,1,1.75
56400,aDTQIqgen6guUNck6NattbZgRhAHpdxMtPDNUZB6TZwT4vlfgJib6VFVprlDnaNA,3.98196,4.540909,5.2070300000000005,0,2591700,21.674012,Interactive,1,1.75
56700,aDTQIqgen6guUNck6NattbZgRhAHpdxMtPDNUZB6TZwT4vlfgJib6VFVprlDnaNA,3.616841,4.727601,6.760102000000001,0,2591700,21.674012,Interactive,1,1.75
57000,aDTQIqgen6guUNck6NattbZgRhAHpdxMtPDNUZB6TZwT4vlfgJib6VFVprlDnaNA,2.843483,4.642917,5.839944999999999,0,2591700,21.674012,Interactive,1,1.75
57300,aDTQIqgen6guUNck6NattbZgRhAHpdxMtPDNUZB6TZwT4vlfgJib6VFVprlDnaNA,3.805577,7.224760000000001,30.264928,0,2591700,21.674012,Interactive,1,1.75
57600,aDTQIqgen6guUNck6NattbZgRhAHpdxMtPDNUZB6TZwT4vlfgJib6VFVprlDnaNA,3.493757,4.560306,6.267373,0,2591700,21.674012,Interactive,1,1.75
57900,aDTQIqgen6guUNck6NattbZgRhAHpdxMtPDNUZB6TZwT4vlfgJib6VFVprlDnaNA,3.427838,4.388689,5.639589,0,2591700,21.674012,Interactive,1,1.75
58200,aDTQIqgen6guUNck6NattbZgRhAHpdxMtPDNUZB6TZwT4vlfgJib6VFVprlDnaNA,3.62317,4.459132,5.235714,0,2591700,21.674012,Interactive,1,1.75
58500,aDTQIqgen6guUNck6NattbZgRhAHpdxMtPDNUZB6TZwT4vlfgJib6VFVprlDnaNA,4.041548000000001,4.941397,6.88495,0,2591700,21.674012,Interactive,1,1.75
58800,aDTQIqgen6guUNck6NattbZgRhAHpdxMtPDNUZB6TZwT4vlfgJib6VFVprlDnaNA,3.374796,4.462696,5.9652,0,2591700,21.674012,Interactive,1,1.75
59100,aDTQIqgen6guUNck6NattbZgRhAHpdxMtPDNUZB6TZwT4vlfgJib6VFVprlDnaNA,4.007915000000001,4.590296,5.300685,0,2591700,21.674012,Interactive,1,1.75
59400,aDTQIqgen6guUNck6NattbZgRhAHpdxMtPDNUZB6TZwT4vlfgJib6VFVprlDnaNA,4.016389,4.705435,6.663517999999999,0,2591700,21.674012,Interactive,1,1.75
59700,aDTQIqgen6guUNck6NattbZgRhAHpdxMtPDNUZB6TZwT4vlfgJib6VFVprlDnaNA,4.040789,4.968972,6.068656,0,2591700,21.674012,Interactive,1,1.75
60000,aDTQIqgen6guUNck6NattbZgRhAHpdxMtPDNUZB6TZwT4vlfgJib6VFVprlDnaNA,3.715767,4.6381,5.647259,0,2591700,21.674012,Interactive,1,1.75
60300,aDTQIqgen6guUNck6NattbZgRhAHpdxMtPDNUZB6TZwT4vlfgJib6VFVprlDnaNA,3.734106,4.8904,6.202607,0,2591700,21.674012,Interactive,1,1.75
60600,aDTQIqgen6guUNck6NattbZgRhAHpdxMtPDNUZB6TZwT4vlfgJib6VFVprlDnaNA,3.845234,4.743291,6.275568,0,2591700,21.674012,Interactive,1,1.75
60900,aDTQIqgen6guUNck6NattbZgRhAHpdxMtPDNUZB6TZwT4vlfgJib6VFVprlDnaNA,3.743959,5.908012,15.273913,0,2591700,21.674012,Interactive,1,1.75
61200,aDTQIqgen6guUNck6NattbZgRhAHpdxMtPDNUZB6TZwT4vlfgJib6VFVprlDnaNA,3.894347,4.85681,6.947176,0,2591700,21.674012,Interactive,1,1.75
61500,aDTQIqgen6guUNck6NattbZgRhAHpdxMtPDNUZB6TZwT4vlfgJib6VFVprlDnaNA,3.973827,4.949198,7.013928,0,2591700,21.674012,Interactive,1,1.75
61800,aDTQIqgen6guUNck6NattbZgRhAHpdxMtPDNUZB6TZwT4vlfgJib6VFVprlDnaNA,3.992244,4.706221,5.570347,0,2591700,21.674012,Interactive,1,1.75
62100,aDTQIqgen6guUNck6NattbZgRhAHpdxMtPDNUZB6TZwT4vlfgJib6VFVprlDnaNA,4.063272,4.937412999999999,6.272967,0,2591700,21.674012,Interactive,1,1.75
62400,aDTQIqgen6guUNck6NattbZgRhAHpdxMtPDNUZB6TZwT4vlfgJib6VFVprlDnaNA,3.743116000000001,4.520555,5.124459,0,2591700,21.674012,Interactive,1,1.75
62700,aDTQIqgen6guUNck6NattbZgRhAHpdxMtPDNUZB6TZwT4vlfgJib6VFVprlDnaNA,3.618621,4.510533000000001,6.297345,0,2591700,21.674012,Interactive,1,1.75
63000,aDTQIqgen6guUNck6NattbZgRhAHpdxMtPDNUZB6TZwT4vlfgJib6VFVprlDnaNA,3.576327,4.426064,5.973018,0,2591700,21.674012,Interactive,1,1.75
63300,aDTQIqgen6guUNck6NattbZgRhAHpdxMtPDNUZB6TZwT4vlfgJib6VFVprlDnaNA,3.867902,4.5279050000000005,5.540086,0,2591700,21.674012,Interactive,1,1.75
63600,aDTQIqgen6guUNck6NattbZgRhAHpdxMtPDNUZB6TZwT4vlfgJib6VFVprlDnaNA,3.807313,4.645104,6.479533,0,2591700,21.674012,Interactive,1,1.75
63900,aDTQIqgen6guUNck6NattbZgRhAHpdxMtPDNUZB6TZwT4vlfgJib6VFVprlDnaNA,3.911168,4.678708,6.155671,0,2591700,21.674012,Interactive,1,1.75
64200,aDTQIqgen6guUNck6NattbZgRhAHpdxMtPDNUZB6TZwT4vlfgJib6VFVprlDnaNA,3.79246,4.5357080000000005,5.698501,0,2591700,21.674012,Interactive,1,1.75
64500,aDTQIqgen6guUNck6NattbZgRhAHpdxMtPDNUZB6TZwT4vlfgJib6VFVprlDnaNA,3.811833,7.340544,30.120014,0,2591700,21.674012,Interactive,1,1.75
64800,aDTQIqgen6guUNck6NattbZgRhAHpdxMtPDNUZB6TZwT4vlfgJib6VFVprlDnaNA,4.008872,4.848148,6.557239999999999,0,2591700,21.674012,Interactive,1,1.75
65100,aDTQIqgen6guUNck6NattbZgRhAHpdxMtPDNUZB6TZwT4vlfgJib6VFVprlDnaNA,2.996467,4.400715,6.017324,0,2591700,21.674012,Interactive,1,1.75
65400,aDTQIqgen6guUNck6NattbZgRhAHpdxMtPDNUZB6TZwT4vlfgJib6VFVprlDnaNA,3.915215,4.730073,6.202515,0,2591700,21.674012,Interactive,1,1.75
65700,aDTQIqgen6guUNck6NattbZgRhAHpdxMtPDNUZB6TZwT4vlfgJib6VFVprlDnaNA,3.708088,4.527644,6.088327,0,2591700,21.674012,Interactive,1,1.75
66000,aDTQIqgen6guUNck6NattbZgRhAHpdxMtPDNUZB6TZwT4vlfgJib6VFVprlDnaNA,3.565896,4.202494000000001,5.187883,0,2591700,21.674012,Interactive,1,1.75
66300,aDTQIqgen6guUNck6NattbZgRhAHpdxMtPDNUZB6TZwT4vlfgJib6VFVprlDnaNA,3.766519,4.618049,5.963756,0,2591700,21.674012,Interactive,1,1.75
66600,aDTQIqgen6guUNck6NattbZgRhAHpdxMtPDNUZB6TZwT4vlfgJib6VFVprlDnaNA,3.960206,4.895345,6.1311230000000005,0,2591700,21.674012,Interactive,1,1.75
66900,aDTQIqgen6guUNck6NattbZgRhAHpdxMtPDNUZB6TZwT4vlfgJib6VFVprlDnaNA,3.379372,4.116429,5.401994999999999,0,2591700,21.674012,Interactive,1,1.75
67200,aDTQIqgen6guUNck6NattbZgRhAHpdxMtPDNUZB6TZwT4vlfgJib6VFVprlDnaNA,3.4435580000000003,4.302616,5.759834,0,2591700,21.674012,Interactive,1,1.75
67500,aDTQIqgen6guUNck6NattbZgRhAHpdxMtPDNUZB6TZwT4vlfgJib6VFVprlDnaNA,3.72216,4.614725,5.978914,0,2591700,21.674012,Interactive,1,1.75
67800,aDTQIqgen6guUNck6NattbZgRhAHpdxMtPDNUZB6TZwT4vlfgJib6VFVprlDnaNA,3.894283,7.699032000000001,34.768936,0,2591700,21.674012,Interactive,1,1.75
68100,aDTQIqgen6guUNck6NattbZgRhAHpdxMtPDNUZB6TZwT4vlfgJib6VFVprlDnaNA,3.905552,7.384834,30.705699,0,2591700,21.674012,Interactive,1,1.75
68400,aDTQIqgen6guUNck6NattbZgRhAHpdxMtPDNUZB6TZwT4vlfgJib6VFVprlDnaNA,3.775486,4.883024,6.779758999999999,0,2591700,21.674012,Interactive,1,1.75
68700,aDTQIqgen6guUNck6NattbZgRhAHpdxMtPDNUZB6TZwT4vlfgJib6VFVprlDnaNA,3.693964,4.612514,5.425197,0,2591700,21.674012,Interactive,1,1.75
69000,aDTQIqgen6guUNck6NattbZgRhAHpdxMtPDNUZB6TZwT4vlfgJib6VFVprlDnaNA,3.906519,4.732621,6.512216,0,2591700,21.674012,Interactive,1,1.75
69300,aDTQIqgen6guUNck6NattbZgRhAHpdxMtPDNUZB6TZwT4vlfgJib6VFVprlDnaNA,3.69519,4.6649970000000005,6.398276,0,2591700,21.674012,Interactive,1,1.75
69600,aDTQIqgen6guUNck6NattbZgRhAHpdxMtPDNUZB6TZwT4vlfgJib6VFVprlDnaNA,3.290597,4.450921,5.401545,0,2591700,21.674012,Interactive,1,1.75
69900,aDTQIqgen6guUNck6NattbZgRhAHpdxMtPDNUZB6TZwT4vlfgJib6VFVprlDnaNA,2.871554,4.559647,6.873112,0,2591700,21.674012,Interactive,1,1.75
70200,aDTQIqgen6guUNck6NattbZgRhAHpdxMtPDNUZB6TZwT4vlfgJib6VFVprlDnaNA,3.395695,4.384062,5.83707,0,2591700,21.674012,Interactive,1,1.75
70500,aDTQIqgen6guUNck6NattbZgRhAHpdxMtPDNUZB6TZwT4vlfgJib6VFVprlDnaNA,3.79724,4.631739,5.301597,0,2591700,21.674012,Interactive,1,1.75
70800,aDTQIqgen6guUNck6NattbZgRhAHpdxMtPDNUZB6TZwT4vlfgJib6VFVprlDnaNA,4.1146650000000005,4.836462,5.896294,0,2591700,21.674012,Interactive,1,1.75
71100,aDTQIqgen6guUNck6NattbZgRhAHpdxMtPDNUZB6TZwT4vlfgJib6VFVprlDnaNA,3.360818,4.206392,5.4386470000000005,0,2591700,21.674012,Interactive,1,1.75
71400,aDTQIqgen6guUNck6NattbZgRhAHpdxMtPDNUZB6TZwT4vlfgJib6VFVprlDnaNA,3.388235,4.213399,4.815352,0,2591700,21.674012,Interactive,1,1.75
71700,aDTQIqgen6guUNck6NattbZgRhAHpdxMtPDNUZB6TZwT4vlfgJib6VFVprlDnaNA,4.052438,5.776167,14.022559,0,2591700,21.674012,Interactive,1,1.75
72000,aDTQIqgen6guUNck6NattbZgRhAHpdxMtPDNUZB6TZwT4vlfgJib6VFVprlDnaNA,3.956361,4.906884,6.48188,0,2591700,21.674012,Interactive,1,1.75
72300,aDTQIqgen6guUNck6NattbZgRhAHpdxMtPDNUZB6TZwT4vlfgJib6VFVprlDnaNA,3.547335,4.666926999999999,5.920865,0,2591700,21.674012,Interactive,1,1.75
72600,aDTQIqgen6guUNck6NattbZgRhAHpdxMtPDNUZB6TZwT4vlfgJib6VFVprlDnaNA,3.700929,4.75111,6.514643,0,2591700,21.674012,Interactive,1,1.75
72900,aDTQIqgen6guUNck6NattbZgRhAHpdxMtPDNUZB6TZwT4vlfgJib6VFVprlDnaNA,2.881887,4.520733,6.568785000000001,0,2591700,21.674012,Interactive,1,1.75
73200,aDTQIqgen6guUNck6NattbZgRhAHpdxMtPDNUZB6TZwT4vlfgJib6VFVprlDnaNA,3.2907300000000004,4.356744,5.829771,0,2591700,21.674012,Interactive,1,1.75
73500,aDTQIqgen6guUNck6NattbZgRhAHpdxMtPDNUZB6TZwT4vlfgJib6VFVprlDnaNA,3.57811,4.752326999999999,6.219242,0,2591700,21.674012,Interactive,1,1.75
73800,aDTQIqgen6guUNck6NattbZgRhAHpdxMtPDNUZB6TZwT4vlfgJib6VFVprlDnaNA,3.385327,4.592012,6.2707440000000005,0,2591700,21.674012,Interactive,1,1.75
74100,aDTQIqgen6guUNck6NattbZgRhAHpdxMtPDNUZB6TZwT4vlfgJib6VFVprlDnaNA,3.46006,4.2099400000000005,5.071951,0,2591700,21.674012,Interactive,1,1.75
74400,aDTQIqgen6guUNck6NattbZgRhAHpdxMtPDNUZB6TZwT4vlfgJib6VFVprlDnaNA,3.166126,4.497079,5.887013,0,2591700,21.674012,Interactive,1,1.75
74700,aDTQIqgen6guUNck6NattbZgRhAHpdxMtPDNUZB6TZwT4vlfgJib6VFVprlDnaNA,3.888878,4.81745,6.451976,0,2591700,21.674012,Interactive,1,1.75
75000,aDTQIqgen6guUNck6NattbZgRhAHpdxMtPDNUZB6TZwT4vlfgJib6VFVprlDnaNA,3.5151230000000004,4.576115,5.776299,0,2591700,21.674012,Interactive,1,1.75
75300,aDTQIqgen6guUNck6NattbZgRhAHpdxMtPDNUZB6TZwT4vlfgJib6VFVprlDnaNA,3.453736,7.211828999999999,31.615325,0,2591700,21.674012,Interactive,1,1.75
75600,aDTQIqgen6guUNck6NattbZgRhAHpdxMtPDNUZB6TZwT4vlfgJib6VFVprlDnaNA,3.327214,4.378748000000001,5.999229,0,2591700,21.674012,Interactive,1,1.75
75900,aDTQIqgen6guUNck6NattbZgRhAHpdxMtPDNUZB6TZwT4vlfgJib6VFVprlDnaNA,3.969553,4.746194999999999,6.0925080000000005,0,2591700,21.674012,Interactive,1,1.75
76200,aDTQIqgen6guUNck6NattbZgRhAHpdxMtPDNUZB6TZwT4vlfgJib6VFVprlDnaNA,3.726833,7.636008,30.632229,0,2591700,21.674012,Interactive,1,1.75
76500,aDTQIqgen6guUNck6NattbZgRhAHpdxMtPDNUZB6TZwT4vlfgJib6VFVprlDnaNA,3.22961,4.601206,6.196868,0,2591700,21.674012,Interactive,1,1.75
76800,aDTQIqgen6guUNck6NattbZgRhAHpdxMtPDNUZB6TZwT4vlfgJib6VFVprlDnaNA,3.932453,4.632928,5.893532,0,2591700,21.674012,Interactive,1,1.75
77100,aDTQIqgen6guUNck6NattbZgRhAHpdxMtPDNUZB6TZwT4vlfgJib6VFVprlDnaNA,3.757344,4.787604,6.279580999999999,0,2591700,21.674012,Interactive,1,1.75
77400,aDTQIqgen6guUNck6NattbZgRhAHpdxMtPDNUZB6TZwT4vlfgJib6VFVprlDnaNA,3.796701,4.834813,6.445014,0,2591700,21.674012,Interactive,1,1.75
77700,aDTQIqgen6guUNck6NattbZgRhAHpdxMtPDNUZB6TZwT4vlfgJib6VFVprlDnaNA,3.835038,4.617934,5.769347,0,2591700,21.674012,Interactive,1,1.75
78000,aDTQIqgen6guUNck6NattbZgRhAHpdxMtPDNUZB6TZwT4vlfgJib6VFVprlDnaNA,3.27615,4.430839,6.641158,0,2591700,21.674012,Interactive,1,1.75
78300,aDTQIqgen6guUNck6NattbZgRhAHpdxMtPDNUZB6TZwT4vlfgJib6VFVprlDnaNA,3.311942,4.504855,5.725408,0,2591700,21.674012,Interactive,1,1.75
78600,aDTQIqgen6guUNck6NattbZgRhAHpdxMtPDNUZB6TZwT4vlfgJib6VFVprlDnaNA,3.608142,5.078702,8.18688,0,2591700,21.674012,Interactive,1,1.75
78900,aDTQIqgen6guUNck6NattbZgRhAHpdxMtPDNUZB6TZwT4vlfgJib6VFVprlDnaNA,3.710068,7.401333999999999,29.494055,0,2591700,21.674012,Interactive,1,1.75
79200,aDTQIqgen6guUNck6NattbZgRhAHpdxMtPDNUZB6TZwT4vlfgJib6VFVprlDnaNA,3.741451,4.822625,6.395098,0,2591700,21.674012,Interactive,1,1.75
79500,aDTQIqgen6guUNck6NattbZgRhAHpdxMtPDNUZB6TZwT4vlfgJib6VFVprlDnaNA,3.492405,4.323593,5.270549,0,2591700,21.674012,Interactive,1,1.75
79800,aDTQIqgen6guUNck6NattbZgRhAHpdxMtPDNUZB6TZwT4vlfgJib6VFVprlDnaNA,3.539387,4.805635,6.128217,0,2591700,21.674012,Interactive,1,1.75
80100,aDTQIqgen6guUNck6NattbZgRhAHpdxMtPDNUZB6TZwT4vlfgJib6VFVprlDnaNA,4.109757,10.967733,28.241197,0,2591700,21.674012,Interactive,1,1.75
80400,aDTQIqgen6guUNck6NattbZgRhAHpdxMtPDNUZB6TZwT4vlfgJib6VFVprlDnaNA,3.481612,10.269259,29.835998,0,2591700,21.674012,Interactive,1,1.75
80700,aDTQIqgen6guUNck6NattbZgRhAHpdxMtPDNUZB6TZwT4vlfgJib6VFVprlDnaNA,3.903581,4.934941,6.652133999999999,0,2591700,21.674012,Interactive,1,1.75
81000,aDTQIqgen6guUNck6NattbZgRhAHpdxMtPDNUZB6TZwT4vlfgJib6VFVprlDnaNA,2.92709,4.720032,5.975825,0,2591700,21.674012,Interactive,1,1.75
81300,aDTQIqgen6guUNck6NattbZgRhAHpdxMtPDNUZB6TZwT4vlfgJib6VFVprlDnaNA,3.720303,4.770541000000001,6.33466,0,2591700,21.674012,Interactive,1,1.75
81600,aDTQIqgen6guUNck6NattbZgRhAHpdxMtPDNUZB6TZwT4vlfgJib6VFVprlDnaNA,3.897663,4.769752,6.279997,0,2591700,21.674012,Interactive,1,1.75
81900,aDTQIqgen6guUNck6NattbZgRhAHpdxMtPDNUZB6TZwT4vlfgJib6VFVprlDnaNA,3.4005370000000004,4.618104,6.148237,0,2591700,21.674012,Interactive,1,1.75
82200,aDTQIqgen6guUNck6NattbZgRhAHpdxMtPDNUZB6TZwT4vlfgJib6VFVprlDnaNA,3.512394,4.191547,5.445484,0,2591700,21.674012,Interactive,1,1.75
82500,aDTQIqgen6guUNck6NattbZgRhAHpdxMtPDNUZB6TZwT4vlfgJib6VFVprlDnaNA,3.998722,14.163548,79.081678,0,2591700,21.674012,Interactive,1,1.75
82800,aDTQIqgen6guUNck6NattbZgRhAHpdxMtPDNUZB6TZwT4vlfgJib6VFVprlDnaNA,3.757961,4.684316,5.603856,0,2591700,21.674012,Interactive,1,1.75
83100,aDTQIqgen6guUNck6NattbZgRhAHpdxMtPDNUZB6TZwT4vlfgJib6VFVprlDnaNA,3.991001,4.823975,6.834525,0,2591700,21.674012,Interactive,1,1.75
83400,aDTQIqgen6guUNck6NattbZgRhAHpdxMtPDNUZB6TZwT4vlfgJib6VFVprlDnaNA,3.729267,4.647387,6.2662260000000005,0,2591700,21.674012,Interactive,1,1.75
83700,aDTQIqgen6guUNck6NattbZgRhAHpdxMtPDNUZB6TZwT4vlfgJib6VFVprlDnaNA,3.995945,4.691853,5.509903,0,2591700,21.674012,Interactive,1,1.75
84000,aDTQIqgen6guUNck6NattbZgRhAHpdxMtPDNUZB6TZwT4vlfgJib6VFVprlDnaNA,3.599743,4.512644,6.3788480000000005,0,2591700,21.674012,Interactive,1,1.75
84300,aDTQIqgen6guUNck6NattbZgRhAHpdxMtPDNUZB6TZwT4vlfgJib6VFVprlDnaNA,3.87827,4.751241,6.480512999999999,0,2591700,21.674012,Interactive,1,1.75
84600,aDTQIqgen6guUNck6NattbZgRhAHpdxMtPDNUZB6TZwT4vlfgJib6VFVprlDnaNA,4.221288,4.577954,5.41999,0,2591700,21.674012,Interactive,1,1.75
84900,aDTQIqgen6guUNck6NattbZgRhAHpdxMtPDNUZB6TZwT4vlfgJib6VFVprlDnaNA,3.911892,4.789626999999999,6.675078,0,2591700,21.674012,Interactive,1,1.75
85200,aDTQIqgen6guUNck6NattbZgRhAHpdxMtPDNUZB6TZwT4vlfgJib6VFVprlDnaNA,3.541215,4.585225,5.862665,0,2591700,21.674012,Interactive,1,1.75
85500,aDTQIqgen6guUNck6NattbZgRhAHpdxMtPDNUZB6TZwT4vlfgJib6VFVprlDnaNA,4.039862,4.577805000000001,5.495304,0,2591700,21.674012,Interactive,1,1.75
85800,aDTQIqgen6guUNck6NattbZgRhAHpdxMtPDNUZB6TZwT4vlfgJib6VFVprlDnaNA,3.650195,4.731426,6.508541,0,2591700,21.674012,Interactive,1,1.75
86100,aDTQIqgen6guUNck6NattbZgRhAHpdxMtPDNUZB6TZwT4vlfgJib6VFVprlDnaNA,3.325539,7.126175999999999,30.837982,0,2591700,21.674012,Interactive,1,1.75
86400,aDTQIqgen6guUNck6NattbZgRhAHpdxMtPDNUZB6TZwT4vlfgJib6VFVprlDnaNA,2.6763220000000003,4.258376999999999,4.918892,0,2591700,21.674012,Interactive,1,1.75
86700,aDTQIqgen6guUNck6NattbZgRhAHpdxMtPDNUZB6TZwT4vlfgJib6VFVprlDnaNA,2.827216,4.525128,6.799789,0,2591700,21.674012,Interactive,1,1.75
87000,aDTQIqgen6guUNck6NattbZgRhAHpdxMtPDNUZB6TZwT4vlfgJib6VFVprlDnaNA,3.89729,4.6737150000000005,6.398524,0,2591700,21.674012,Interactive,1,1.75
87300,aDTQIqgen6guUNck6NattbZgRhAHpdxMtPDNUZB6TZwT4vlfgJib6VFVprlDnaNA,3.966039,4.605685,5.455622,0,2591700,21.674012,Interactive,1,1.75
87600,aDTQIqgen6guUNck6NattbZgRhAHpdxMtPDNUZB6TZwT4vlfgJib6VFVprlDnaNA,3.877126,4.597854,6.353676,0,2591700,21.674012,Interactive,1,1.75
87900,aDTQIqgen6guUNck6NattbZgRhAHpdxMtPDNUZB6TZwT4vlfgJib6VFVprlDnaNA,3.332567,4.421367,6.714911999999999,0,2591700,21.674012,Interactive,1,1.75
88200,aDTQIqgen6guUNck6NattbZgRhAHpdxMtPDNUZB6TZwT4vlfgJib6VFVprlDnaNA,3.6021940000000003,4.192223,5.374308,0,2591700,21.674012,Interactive,1,1.75
88500,aDTQIqgen6guUNck6NattbZgRhAHpdxMtPDNUZB6TZwT4vlfgJib6VFVprlDnaNA,4.016729,4.761208,5.813492,0,2591700,21.674012,Interactive,1,1.75
88800,aDTQIqgen6guUNck6NattbZgRhAHpdxMtPDNUZB6TZwT4vlfgJib6VFVprlDnaNA,3.70315,4.85931,5.93628,0,2591700,21.674012,Interactive,1,1.75
89100,aDTQIqgen6guUNck6NattbZgRhAHpdxMtPDNUZB6TZwT4vlfgJib6VFVprlDnaNA,3.754916,4.514778,5.436630999999999,0,2591700,21.674012,Interactive,1,1.75
89400,aDTQIqgen6guUNck6NattbZgRhAHpdxMtPDNUZB6TZwT4vlfgJib6VFVprlDnaNA,3.570952,4.910742,6.766928,0,2591700,21.674012,Interactive,1,1.75
89700,aDTQIqgen6guUNck6NattbZgRhAHpdxMtPDNUZB6TZwT4vlfgJib6VFVprlDnaNA,3.999154,7.402171000000001,29.816558,0,2591700,21.674012,Interactive,1,1.75
90000,aDTQIqgen6guUNck6NattbZgRhAHpdxMtPDNUZB6TZwT4vlfgJib6VFVprlDnaNA,3.220668,4.499578,5.619557,0,2591700,21.674012,Interactive,1,1.75
90300,aDTQIqgen6guUNck6NattbZgRhAHpdxMtPDNUZB6TZwT4vlfgJib6VFVprlDnaNA,3.698034,4.344157,5.66486,0,2591700,21.674012,Interactive,1,1.75
90600,aDTQIqgen6guUNck6NattbZgRhAHpdxMtPDNUZB6TZwT4vlfgJib6VFVprlDnaNA,3.345759,4.545119000000001,5.894482,0,2591700,21.674012,Interactive,1,1.75
90900,aDTQIqgen6guUNck6NattbZgRhAHpdxMtPDNUZB6TZwT4vlfgJib6VFVprlDnaNA,4.102865,4.530298999999999,5.288096,0,2591700,21.674012,Interactive,1,1.75
91200,aDTQIqgen6guUNck6NattbZgRhAHpdxMtPDNUZB6TZwT4vlfgJib6VFVprlDnaNA,3.995348,4.67477,5.875646,0,2591700,21.674012,Interactive,1,1.75
91500,aDTQIqgen6guUNck6NattbZgRhAHpdxMtPDNUZB6TZwT4vlfgJib6VFVprlDnaNA,3.755853,4.749236,6.057082,0,2591700,21.674012,Interactive,1,1.75
91800,aDTQIqgen6guUNck6NattbZgRhAHpdxMtPDNUZB6TZwT4vlfgJib6VFVprlDnaNA,3.676767,4.575078,5.648939,0,2591700,21.674012,Interactive,1,1.75
92100,aDTQIqgen6guUNck6NattbZgRhAHpdxMtPDNUZB6TZwT4vlfgJib6VFVprlDnaNA,3.587368,4.321733999999999,6.274829,0,2591700,21.674012,Interactive,1,1.75
92400,aDTQIqgen6guUNck6NattbZgRhAHpdxMtPDNUZB6TZwT4vlfgJib6VFVprlDnaNA,3.3647160000000005,4.197849,5.324993,0,2591700,21.674012,Interactive,1,1.75
92700,aDTQIqgen6guUNck6NattbZgRhAHpdxMtPDNUZB6TZwT4vlfgJib6VFVprlDnaNA,3.780182,4.486276999999999,4.965057,0,2591700,21.674012,Interactive,1,1.75
93000,aDTQIqgen6guUNck6NattbZgRhAHpdxMtPDNUZB6TZwT4vlfgJib6VFVprlDnaNA,3.904492,4.80088,6.078836,0,2591700,21.674012,Interactive,1,1.75
93300,aDTQIqgen6guUNck6NattbZgRhAHpdxMtPDNUZB6TZwT4vlfgJib6VFVprlDnaNA,4.464827,8.041182000000001,27.994527,0,2591700,21.674012,Interactive,1,1.75
93600,aDTQIqgen6guUNck6NattbZgRhAHpdxMtPDNUZB6TZwT4vlfgJib6VFVprlDnaNA,3.759277,4.715254,5.799705,0,2591700,21.674012,Interactive,1,1.75
93900,aDTQIqgen6guUNck6NattbZgRhAHpdxMtPDNUZB6TZwT4vlfgJib6VFVprlDnaNA,3.3841370000000004,4.742913,6.8481380000000005,0,2591700,21.674012,Interactive,1,1.75
94200,aDTQIqgen6guUNck6NattbZgRhAHpdxMtPDNUZB6TZwT4vlfgJib6VFVprlDnaNA,4.269612,4.999265,6.437016000000001,0,2591700,21.674012,Interactive,1,1.75
94500,aDTQIqgen6guUNck6NattbZgRhAHpdxMtPDNUZB6TZwT4vlfgJib6VFVprlDnaNA,3.938472,4.721584,5.849601,0,2591700,21.674012,Interactive,1,1.75
94800,aDTQIqgen6guUNck6NattbZgRhAHpdxMtPDNUZB6TZwT4vlfgJib6VFVprlDnaNA,3.228437,4.403517,6.12478,0,2591700,21.674012,Interactive,1,1.75
95100,aDTQIqgen6guUNck6NattbZgRhAHpdxMtPDNUZB6TZwT4vlfgJib6VFVprlDnaNA,3.73352,4.623535,6.100894,0,2591700,21.674012,Interactive,1,1.75
95400,aDTQIqgen6guUNck6NattbZgRhAHpdxMtPDNUZB6TZwT4vlfgJib6VFVprlDnaNA,3.234255,4.545889,5.919409,0,2591700,21.674012,Interactive,1,1.75
95700,aDTQIqgen6guUNck6NattbZgRhAHpdxMtPDNUZB6TZwT4vlfgJib6VFVprlDnaNA,3.722587,4.803641000000001,6.507681,0,2591700,21.674012,Interactive,1,1.75
96000,aDTQIqgen6guUNck6NattbZgRhAHpdxMtPDNUZB6TZwT4vlfgJib6VFVprlDnaNA,3.594167,4.729901,6.567828,0,2591700,21.674012,Interactive,1,1.75
96300,aDTQIqgen6guUNck6NattbZgRhAHpdxMtPDNUZB6TZwT4vlfgJib6VFVprlDnaNA,3.352227,4.1207910000000005,5.244351,0,2591700,21.674012,Interactive,1,1.75
96600,aDTQIqgen6guUNck6NattbZgRhAHpdxMtPDNUZB6TZwT4vlfgJib6VFVprlDnaNA,3.274185,4.153104,6.197967,0,2591700,21.674012,Interactive,1,1.75
96900,aDTQIqgen6guUNck6NattbZgRhAHpdxMtPDNUZB6TZwT4vlfgJib6VFVprlDnaNA,4.049345,7.405164999999999,29.843546000000003,0,2591700,21.674012,Interactive,1,1.75
97200,aDTQIqgen6guUNck6NattbZgRhAHpdxMtPDNUZB6TZwT4vlfgJib6VFVprlDnaNA,3.778431,4.616736,5.917843,0,2591700,21.674012,Interactive,1,1.75
97500,aDTQIqgen6guUNck6NattbZgRhAHpdxMtPDNUZB6TZwT4vlfgJib6VFVprlDnaNA,3.438546,4.716716,6.7331330000000005,0,2591700,21.674012,Interactive,1,1.75
97800,aDTQIqgen6guUNck6NattbZgRhAHpdxMtPDNUZB6TZwT4vlfgJib6VFVprlDnaNA,3.716302,4.727939,6.659426,0,2591700,21.674012,Interactive,1,1.75
98100,aDTQIqgen6guUNck6NattbZgRhAHpdxMtPDNUZB6TZwT4vlfgJib6VFVprlDnaNA,3.761243,4.62706,5.604043,0,2591700,21.674012,Interactive,1,1.75
98400,aDTQIqgen6guUNck6NattbZgRhAHpdxMtPDNUZB6TZwT4vlfgJib6VFVprlDnaNA,3.339806,4.347072,6.187796,0,2591700,21.674012,Interactive,1,1.75
98700,aDTQIqgen6guUNck6NattbZgRhAHpdxMtPDNUZB6TZwT4vlfgJib6VFVprlDnaNA,3.695781,4.728824,6.084188,0,2591700,21.674012,Interactive,1,1.75
99000,aDTQIqgen6guUNck6NattbZgRhAHpdxMtPDNUZB6TZwT4vlfgJib6VFVprlDnaNA,3.616246,4.603528,5.611326999999999,0,2591700,21.674012,Interactive,1,1.75
99300,aDTQIqgen6guUNck6NattbZgRhAHpdxMtPDNUZB6TZwT4vlfgJib6VFVprlDnaNA,3.82976,5.104518,7.269497,0,2591700,21.674012,Interactive,1,1.75
99600,aDTQIqgen6guUNck6NattbZgRhAHpdxMtPDNUZB6TZwT4vlfgJib6VFVprlDnaNA,3.641571,4.77586,6.609749000000001,0,2591700,21.674012,Interactive,1,1.75
99900,aDTQIqgen6guUNck6NattbZgRhAHpdxMtPDNUZB6TZwT4vlfgJib6VFVprlDnaNA,2.522041,4.388001,5.773923,0,2591700,21.674012,Interactive,1,1.75
100200,aDTQIqgen6guUNck6NattbZgRhAHpdxMtPDNUZB6TZwT4vlfgJib6VFVprlDnaNA,2.600422,4.621293,6.628096,0,2591700,21.674012,Interactive,1,1.75
100500,aDTQIqgen6guUNck6NattbZgRhAHpdxMtPDNUZB6TZwT4vlfgJib6VFVprlDnaNA,3.364703,6.986899,28.362953000000005,0,2591700,21.674012,Interactive,1,1.75
100800,aDTQIqgen6guUNck6NattbZgRhAHpdxMtPDNUZB6TZwT4vlfgJib6VFVprlDnaNA,3.527752,4.328647,5.288911,0,2591700,21.674012,Interactive,1,1.75
101100,aDTQIqgen6guUNck6NattbZgRhAHpdxMtPDNUZB6TZwT4vlfgJib6VFVprlDnaNA,3.494047,4.588269,6.596005,0,2591700,21.674012,Interactive,1,1.75
101400,aDTQIqgen6guUNck6NattbZgRhAHpdxMtPDNUZB6TZwT4vlfgJib6VFVprlDnaNA,3.204388,4.6569970000000005,6.079974,0,2591700,21.674012,Interactive,1,1.75
101700,aDTQIqgen6guUNck6NattbZgRhAHpdxMtPDNUZB6TZwT4vlfgJib6VFVprlDnaNA,3.823575,4.561676,5.62146,0,2591700,21.674012,Interactive,1,1.75
102000,aDTQIqgen6guUNck6NattbZgRhAHpdxMtPDNUZB6TZwT4vlfgJib6VFVprlDnaNA,2.448111,4.6223,6.713933,0,2591700,21.674012,Interactive,1,1.75
102300,aDTQIqgen6guUNck6NattbZgRhAHpdxMtPDNUZB6TZwT4vlfgJib6VFVprlDnaNA,3.80798,4.608169999999999,6.121018,0,2591700,21.674012,Interactive,1,1.75
102600,aDTQIqgen6guUNck6NattbZgRhAHpdxMtPDNUZB6TZwT4vlfgJib6VFVprlDnaNA,3.117826,4.107653,5.154175,0,2591700,21.674012,Interactive,1,1.75
102900,aDTQIqgen6guUNck6NattbZgRhAHpdxMtPDNUZB6TZwT4vlfgJib6VFVprlDnaNA,2.608685,4.618199,6.384061,0,2591700,21.674012,Interactive,1,1.75
103200,aDTQIqgen6guUNck6NattbZgRhAHpdxMtPDNUZB6TZwT4vlfgJib6VFVprlDnaNA,3.930309,4.71655,5.402978,0,2591700,21.674012,Interactive,1,1.75
103500,aDTQIqgen6guUNck6NattbZgRhAHpdxMtPDNUZB6TZwT4vlfgJib6VFVprlDnaNA,2.9722,4.795162,6.254028,0,2591700,21.674012,Interactive,1,1.75
103800,aDTQIqgen6guUNck6NattbZgRhAHpdxMtPDNUZB6TZwT4vlfgJib6VFVprlDnaNA,3.881165,4.988636,6.199154,0,2591700,21.674012,Interactive,1,1.75
104100,aDTQIqgen6guUNck6NattbZgRhAHpdxMtPDNUZB6TZwT4vlfgJib6VFVprlDnaNA,3.389728,7.317071,30.640787,0,2591700,21.674012,Interactive,1,1.75
104400,aDTQIqgen6guUNck6NattbZgRhAHpdxMtPDNUZB6TZwT4vlfgJib6VFVprlDnaNA,3.927264,4.948831,6.29596,0,2591700,21.674012,Interactive,1,1.75
104700,aDTQIqgen6guUNck6NattbZgRhAHpdxMtPDNUZB6TZwT4vlfgJib6VFVprlDnaNA,2.864088,4.329552,5.95592,0,2591700,21.674012,Interactive,1,1.75
105000,aDTQIqgen6guUNck6NattbZgRhAHpdxMtPDNUZB6TZwT4vlfgJib6VFVprlDnaNA,3.822565,4.764434,5.700918,0,2591700,21.674012,Interactive,1,1.75
105300,aDTQIqgen6guUNck6NattbZgRhAHpdxMtPDNUZB6TZwT4vlfgJib6VFVprlDnaNA,2.790883,4.666526,6.180009,0,2591700,21.674012,Interactive,1,1.75
105600,aDTQIqgen6guUNck6NattbZgRhAHpdxMtPDNUZB6TZwT4vlfgJib6VFVprlDnaNA,3.345384,4.872247,6.651146000000001,0,2591700,21.674012,Interactive,1,1.75
105900,aDTQIqgen6guUNck6NattbZgRhAHpdxMtPDNUZB6TZwT4vlfgJib6VFVprlDnaNA,4.21847,4.760798,5.313381,0,2591700,21.674012,Interactive,1,1.75
106200,aDTQIqgen6guUNck6NattbZgRhAHpdxMtPDNUZB6TZwT4vlfgJib6VFVprlDnaNA,4.140191000000001,4.979736,6.208984,0,2591700,21.674012,Interactive,1,1.75
106500,aDTQIqgen6guUNck6NattbZgRhAHpdxMtPDNUZB6TZwT4vlfgJib6VFVprlDnaNA,3.625366000000001,4.536359,5.687976,0,2591700,21.674012,Interactive,1,1.75
106800,aDTQIqgen6guUNck6NattbZgRhAHpdxMtPDNUZB6TZwT4vlfgJib6VFVprlDnaNA,4.059868,4.532652,5.2896790000000005,0,2591700,21.674012,Interactive,1,1.75
107100,aDTQIqgen6guUNck6NattbZgRhAHpdxMtPDNUZB6TZwT4vlfgJib6VFVprlDnaNA,4.303942,5.000925,6.3866,0,2591700,21.674012,Interactive,1,1.75
107400,aDTQIqgen6guUNck6NattbZgRhAHpdxMtPDNUZB6TZwT4vlfgJib6VFVprlDnaNA,3.2846300000000004,4.750721,6.110635,0,2591700,21.674012,Interactive,1,1.75
107700,aDTQIqgen6guUNck6NattbZgRhAHpdxMtPDNUZB6TZwT4vlfgJib6VFVprlDnaNA,3.899536,7.479485,30.517695,0,2591700,21.674012,Interactive,1,1.75
108000,aDTQIqgen6guUNck6NattbZgRhAHpdxMtPDNUZB6TZwT4vlfgJib6VFVprlDnaNA,3.5286410000000004,4.853891,6.412257,0,2591700,21.674012,Interactive,1,1.75
108300,aDTQIqgen6guUNck6NattbZgRhAHpdxMtPDNUZB6TZwT4vlfgJib6VFVprlDnaNA,3.037307,4.869505,6.2881290000000005,0,2591700,21.674012,Interactive,1,1.75
108600,aDTQIqgen6guUNck6NattbZgRhAHpdxMtPDNUZB6TZwT4vlfgJib6VFVprlDnaNA,3.708578,4.821562,5.53361,0,2591700,21.674012,Interactive,1,1.75
108900,aDTQIqgen6guUNck6NattbZgRhAHpdxMtPDNUZB6TZwT4vlfgJib6VFVprlDnaNA,3.055762,10.429191,33.708468,0,2591700,21.674012,Interactive,1,1.75
109200,aDTQIqgen6guUNck6NattbZgRhAHpdxMtPDNUZB6TZwT4vlfgJib6VFVprlDnaNA,3.687468,6.64335,18.600318,0,2591700,21.674012,Interactive,1,1.75
109500,aDTQIqgen6guUNck6NattbZgRhAHpdxMtPDNUZB6TZwT4vlfgJib6VFVprlDnaNA,3.616748,4.754265,5.752902,0,2591700,21.674012,Interactive,1,1.75
109800,aDTQIqgen6guUNck6NattbZgRhAHpdxMtPDNUZB6TZwT4vlfgJib6VFVprlDnaNA,4.532506,5.132607,6.184993,0,2591700,21.674012,Interactive,1,1.75
110100,aDTQIqgen6guUNck6NattbZgRhAHpdxMtPDNUZB6TZwT4vlfgJib6VFVprlDnaNA,3.623563,5.012639,6.248138,0,2591700,21.674012,Interactive,1,1.75
110400,aDTQIqgen6guUNck6NattbZgRhAHpdxMtPDNUZB6TZwT4vlfgJib6VFVprlDnaNA,3.899913,4.7804720000000005,5.705487000000001,0,2591700,21.674012,Interactive,1,1.75
110700,aDTQIqgen6guUNck6NattbZgRhAHpdxMtPDNUZB6TZwT4vlfgJib6VFVprlDnaNA,3.787382,4.430394000000001,5.476721,0,2591700,21.674012,Interactive,1,1.75
111000,aDTQIqgen6guUNck6NattbZgRhAHpdxMtPDNUZB6TZwT4vlfgJib6VFVprlDnaNA,3.528369,5.124956,7.113392999999999,0,2591700,21.674012,Interactive,1,1.75
111300,aDTQIqgen6guUNck6NattbZgRhAHpdxMtPDNUZB6TZwT4vlfgJib6VFVprlDnaNA,4.773001,7.738635,25.004253,0,2591700,21.674012,Interactive,1,1.75
111600,aDTQIqgen6guUNck6NattbZgRhAHpdxMtPDNUZB6TZwT4vlfgJib6VFVprlDnaNA,4.338542,5.489267,6.584969999999999,0,2591700,21.674012,Interactive,1,1.75
111900,aDTQIqgen6guUNck6NattbZgRhAHpdxMtPDNUZB6TZwT4vlfgJib6VFVprlDnaNA,4.254323,5.200272,6.567551,0,2591700,21.674012,Interactive,1,1.75
112200,aDTQIqgen6guUNck6NattbZgRhAHpdxMtPDNUZB6TZwT4vlfgJib6VFVprlDnaNA,4.421618,4.809145,5.408723,0,2591700,21.674012,Interactive,1,1.75
112500,aDTQIqgen6guUNck6NattbZgRhAHpdxMtPDNUZB6TZwT4vlfgJib6VFVprlDnaNA,4.218333,5.0485370000000005,6.6137570000000006,0,2591700,21.674012,Interactive,1,1.75
112800,aDTQIqgen6guUNck6NattbZgRhAHpdxMtPDNUZB6TZwT4vlfgJib6VFVprlDnaNA,4.107032,5.063411,6.479142,0,2591700,21.674012,Interactive,1,1.75
113100,aDTQIqgen6guUNck6NattbZgRhAHpdxMtPDNUZB6TZwT4vlfgJib6VFVprlDnaNA,3.623304,4.728913,5.42746,0,2591700,21.674012,Interactive,1,1.75
113400,aDTQIqgen6guUNck6NattbZgRhAHpdxMtPDNUZB6TZwT4vlfgJib6VFVprlDnaNA,3.715526,4.519721,5.706533,0,2591700,21.674012,Interactive,1,1.75
113700,aDTQIqgen6guUNck6NattbZgRhAHpdxMtPDNUZB6TZwT4vlfgJib6VFVprlDnaNA,3.438192,4.6052480000000005,5.634386,0,2591700,21.674012,Interactive,1,1.75
114000,aDTQIqgen6guUNck6NattbZgRhAHpdxMtPDNUZB6TZwT4vlfgJib6VFVprlDnaNA,3.932547,4.813902,6.127186,0,2591700,21.674012,Interactive,1,1.75
114300,aDTQIqgen6guUNck6NattbZgRhAHpdxMtPDNUZB6TZwT4vlfgJib6VFVprlDnaNA,4.076849,4.817636,7.147341,0,2591700,21.674012,Interactive,1,1.75
114600,aDTQIqgen6guUNck6NattbZgRhAHpdxMtPDNUZB6TZwT4vlfgJib6VFVprlDnaNA,3.754201,4.606086,6.922698,0,2591700,21.674012,Interactive,1,1.75
114900,aDTQIqgen6guUNck6NattbZgRhAHpdxMtPDNUZB6TZwT4vlfgJib6VFVprlDnaNA,3.03419,6.940944,30.015876,0,2591700,21.674012,Interactive,1,1.75
115200,aDTQIqgen6guUNck6NattbZgRhAHpdxMtPDNUZB6TZwT4vlfgJib6VFVprlDnaNA,3.869795,5.21921,8.150077,0,2591700,21.674012,Interactive,1,1.75
115500,aDTQIqgen6guUNck6NattbZgRhAHpdxMtPDNUZB6TZwT4vlfgJib6VFVprlDnaNA,3.608227,4.652987,5.754065,0,2591700,21.674012,Interactive,1,1.75
115800,aDTQIqgen6guUNck6NattbZgRhAHpdxMtPDNUZB6TZwT4vlfgJib6VFVprlDnaNA,4.011666,4.762319000000001,5.670376,0,2591700,21.674012,Interactive,1,1.75
116100,aDTQIqgen6guUNck6NattbZgRhAHpdxMtPDNUZB6TZwT4vlfgJib6VFVprlDnaNA,4.125936,4.877848999999999,6.0484800000000005,0,2591700,21.674012,Interactive,1,1.75
116400,aDTQIqgen6guUNck6NattbZgRhAHpdxMtPDNUZB6TZwT4vlfgJib6VFVprlDnaNA,4.374601,5.355689,8.302541999999999,0,2591700,21.674012,Interactive,1,1.75
116700,aDTQIqgen6guUNck6NattbZgRhAHpdxMtPDNUZB6TZwT4vlfgJib6VFVprlDnaNA,4.134942,4.907234,5.982236,0,2591700,21.674012,Interactive,1,1.75
117000,aDTQIqgen6guUNck6NattbZgRhAHpdxMtPDNUZB6TZwT4vlfgJib6VFVprlDnaNA,4.220775,4.9664,6.913086999999999,0,2591700,21.674012,Interactive,1,1.75
117300,aDTQIqgen6guUNck6NattbZgRhAHpdxMtPDNUZB6TZwT4vlfgJib6VFVprlDnaNA,3.432717,4.488997,6.314553,0,2591700,21.674012,Interactive,1,1.75
117600,aDTQIqgen6guUNck6NattbZgRhAHpdxMtPDNUZB6TZwT4vlfgJib6VFVprlDnaNA,3.5177370000000003,4.321441,5.272355999999999,0,2591700,21.674012,Interactive,1,1.75
117900,aDTQIqgen6guUNck6NattbZgRhAHpdxMtPDNUZB6TZwT4vlfgJib6VFVprlDnaNA,3.956068,5.0976230000000005,7.099414,0,2591700,21.674012,Interactive,1,1.75
118200,aDTQIqgen6guUNck6NattbZgRhAHpdxMtPDNUZB6TZwT4vlfgJib6VFVprlDnaNA,4.033107,4.915447,6.3276010000000005,0,2591700,21.674012,Interactive,1,1.75
118500,aDTQIqgen6guUNck6NattbZgRhAHpdxMtPDNUZB6TZwT4vlfgJib6VFVprlDnaNA,3.531101,7.220263,30.107098,0,2591700,21.674012,Interactive,1,1.75
118800,aDTQIqgen6guUNck6NattbZgRhAHpdxMtPDNUZB6TZwT4vlfgJib6VFVprlDnaNA,3.487106,4.431687,6.391973999999999,0,2591700,21.674012,Interactive,1,1.75
119100,aDTQIqgen6guUNck6NattbZgRhAHpdxMtPDNUZB6TZwT4vlfgJib6VFVprlDnaNA,3.822755,5.640713,11.122935,0,2591700,21.674012,Interactive,1,1.75
119400,aDTQIqgen6guUNck6NattbZgRhAHpdxMtPDNUZB6TZwT4vlfgJib6VFVprlDnaNA,4.007428,7.510435,28.750782,0,2591700,21.674012,Interactive,1,1.75
119700,aDTQIqgen6guUNck6NattbZgRhAHpdxMtPDNUZB6TZwT4vlfgJib6VFVprlDnaNA,4.20055,4.909311,6.709536999999999,0,2591700,21.674012,Interactive,1,1.75
120000,aDTQIqgen6guUNck6NattbZgRhAHpdxMtPDNUZB6TZwT4vlfgJib6VFVprlDnaNA,3.685293,4.871173000000001,6.099342,0,2591700,21.674012,Interactive,1,1.75
120300,aDTQIqgen6guUNck6NattbZgRhAHpdxMtPDNUZB6TZwT4vlfgJib6VFVprlDnaNA,3.884907,4.695597,5.246175,0,2591700,21.674012,Interactive,1,1.75
120600,aDTQIqgen6guUNck6NattbZgRhAHpdxMtPDNUZB6TZwT4vlfgJib6VFVprlDnaNA,4.079535,5.040379,6.616969,0,2591700,21.674012,Interactive,1,1.75
120900,aDTQIqgen6guUNck6NattbZgRhAHpdxMtPDNUZB6TZwT4vlfgJib6VFVprlDnaNA,4.201472,4.879528,5.918272,0,2591700,21.674012,Interactive,1,1.75
121200,aDTQIqgen6guUNck6NattbZgRhAHpdxMtPDNUZB6TZwT4vlfgJib6VFVprlDnaNA,4.305912,4.891505,6.151697,0,2591700,21.674012,Interactive,1,1.75
121500,aDTQIqgen6guUNck6NattbZgRhAHpdxMtPDNUZB6TZwT4vlfgJib6VFVprlDnaNA,3.678797,4.409136,5.157919000000001,0,2591700,21.674012,Interactive,1,1.75
121800,aDTQIqgen6guUNck6NattbZgRhAHpdxMtPDNUZB6TZwT4vlfgJib6VFVprlDnaNA,3.888657,5.233491000000001,12.058322,0,2591700,21.674012,Interactive,1,1.75
122100,aDTQIqgen6guUNck6NattbZgRhAHpdxMtPDNUZB6TZwT4vlfgJib6VFVprlDnaNA,4.188579,7.436105,23.129044,0,2591700,21.674012,Interactive,1,1.75
122400,aDTQIqgen6guUNck6NattbZgRhAHpdxMtPDNUZB6TZwT4vlfgJib6VFVprlDnaNA,4.153663,5.033782,7.830033,0,2591700,21.674012,Interactive,1,1.75
122700,aDTQIqgen6guUNck6NattbZgRhAHpdxMtPDNUZB6TZwT4vlfgJib6VFVprlDnaNA,3.754656,4.618096,5.680097,0,2591700,21.674012,Interactive,1,1.75
123000,aDTQIqgen6guUNck6NattbZgRhAHpdxMtPDNUZB6TZwT4vlfgJib6VFVprlDnaNA,2.163304,4.811571,8.175156,0,2591700,21.674012,Interactive,1,1.75
123300,aDTQIqgen6guUNck6NattbZgRhAHpdxMtPDNUZB6TZwT4vlfgJib6VFVprlDnaNA,4.123026,5.109336,6.530323,0,2591700,21.674012,Interactive,1,1.75
123600,aDTQIqgen6guUNck6NattbZgRhAHpdxMtPDNUZB6TZwT4vlfgJib6VFVprlDnaNA,2.880857,4.377919,5.313724,0,2591700,21.674012,Interactive,1,1.75
123900,aDTQIqgen6guUNck6NattbZgRhAHpdxMtPDNUZB6TZwT4vlfgJib6VFVprlDnaNA,4.114788,5.081674,6.276207,0,2591700,21.674012,Interactive,1,1.75
124200,aDTQIqgen6guUNck6NattbZgRhAHpdxMtPDNUZB6TZwT4vlfgJib6VFVprlDnaNA,4.286779,7.253230999999999,26.746709000000003,0,2591700,21.674012,Interactive,1,1.75
124500,aDTQIqgen6guUNck6NattbZgRhAHpdxMtPDNUZB6TZwT4vlfgJib6VFVprlDnaNA,4.33884,4.98919,5.791951999999999,0,2591700,21.674012,Interactive,1,1.75
124800,aDTQIqgen6guUNck6NattbZgRhAHpdxMtPDNUZB6TZwT4vlfgJib6VFVprlDnaNA,4.136944000000001,4.993930000000001,6.268699,0,2591700,21.674012,Interactive,1,1.75
125100,aDTQIqgen6guUNck6NattbZgRhAHpdxMtPDNUZB6TZwT4vlfgJib6VFVprlDnaNA,4.099175,5.088735,6.509583,0,2591700,21.674012,Interactive,1,1.75
125400,aDTQIqgen6guUNck6NattbZgRhAHpdxMtPDNUZB6TZwT4vlfgJib6VFVprlDnaNA,4.178192,4.915353,5.794102,0,2591700,21.674012,Interactive,1,1.75
125700,aDTQIqgen6guUNck6NattbZgRhAHpdxMtPDNUZB6TZwT4vlfgJib6VFVprlDnaNA,3.584647,7.279249,30.836763,0,2591700,21.674012,Interactive,1,1.75
126000,aDTQIqgen6guUNck6NattbZgRhAHpdxMtPDNUZB6TZwT4vlfgJib6VFVprlDnaNA,3.689902,4.759798,6.385233,0,2591700,21.674012,Interactive,1,1.75
126300,aDTQIqgen6guUNck6NattbZgRhAHpdxMtPDNUZB6TZwT4vlfgJib6VFVprlDnaNA,3.610582,4.718818,5.742662,0,2591700,21.674012,Interactive,1,1.75
126600,aDTQIqgen6guUNck6NattbZgRhAHpdxMtPDNUZB6TZwT4vlfgJib6VFVprlDnaNA,4.310446,5.069959,5.933436,0,2591700,21.674012,Interactive,1,1.75
126900,aDTQIqgen6guUNck6NattbZgRhAHpdxMtPDNUZB6TZwT4vlfgJib6VFVprlDnaNA,4.508654,5.269902,6.894895,0,2591700,21.674012,Interactive,1,1.75
127200,aDTQIqgen6guUNck6NattbZgRhAHpdxMtPDNUZB6TZwT4vlfgJib6VFVprlDnaNA,4.317801,4.991975,6.098404,0,2591700,21.674012,Interactive,1,1.75
127500,aDTQIqgen6guUNck6NattbZgRhAHpdxMtPDNUZB6TZwT4vlfgJib6VFVprlDnaNA,4.2048,5.179409,6.846767999999999,0,2591700,21.674012,Interactive,1,1.75
127800,aDTQIqgen6guUNck6NattbZgRhAHpdxMtPDNUZB6TZwT4vlfgJib6VFVprlDnaNA,3.63867,5.010905999999999,6.553146,0,2591700,21.674012,Interactive,1,1.75
128100,aDTQIqgen6guUNck6NattbZgRhAHpdxMtPDNUZB6TZwT4vlfgJib6VFVprlDnaNA,4.325637,4.952579,5.793964,0,2591700,21.674012,Interactive,1,1.75
128400,aDTQIqgen6guUNck6NattbZgRhAHpdxMtPDNUZB6TZwT4vlfgJib6VFVprlDnaNA,2.781214,4.960087000000001,6.594232000000001,0,2591700,21.674012,Interactive,1,1.75
128700,aDTQIqgen6guUNck6NattbZgRhAHpdxMtPDNUZB6TZwT4vlfgJib6VFVprlDnaNA,4.236962999999999,5.005214,6.3421970000000005,0,2591700,21.674012,Interactive,1,1.75
129000,aDTQIqgen6guUNck6NattbZgRhAHpdxMtPDNUZB6TZwT4vlfgJib6VFVprlDnaNA,4.386985,4.981298000000001,5.492723000000001,0,2591700,21.674012,Interactive,1,1.75
129300,aDTQIqgen6guUNck6NattbZgRhAHpdxMtPDNUZB6TZwT4vlfgJib6VFVprlDnaNA,4.022908,7.611403999999999,30.085259000000004,0,2591700,21.674012,Interactive,1,1.75
129600,aDTQIqgen6guUNck6NattbZgRhAHpdxMtPDNUZB6TZwT4vlfgJib6VFVprlDnaNA,3.216318,4.843643,7.689186999999999,0,2591700,21.674012,Interactive,1,1.75
129900,aDTQIqgen6guUNck6NattbZgRhAHpdxMtPDNUZB6TZwT4vlfgJib6VFVprlDnaNA,4.074493,4.515388,5.000253,0,2591700,21.674012,Interactive,1,1.75
130200,aDTQIqgen6guUNck6NattbZgRhAHpdxMtPDNUZB6TZwT4vlfgJib6VFVprlDnaNA,4.506607,5.147894,5.746622,0,2591700,21.674012,Interactive,1,1.75
130500,aDTQIqgen6guUNck6NattbZgRhAHpdxMtPDNUZB6TZwT4vlfgJib6VFVprlDnaNA,3.5476160000000005,4.543108,6.097775,0,2591700,21.674012,Interactive,1,1.75
130800,aDTQIqgen6guUNck6NattbZgRhAHpdxMtPDNUZB6TZwT4vlfgJib6VFVprlDnaNA,3.916364,4.5186980000000005,5.376016,0,2591700,21.674012,Interactive,1,1.75
131100,aDTQIqgen6guUNck6NattbZgRhAHpdxMtPDNUZB6TZwT4vlfgJib6VFVprlDnaNA,3.796119,4.633447,6.126111,0,2591700,21.674012,Interactive,1,1.75
131400,aDTQIqgen6guUNck6NattbZgRhAHpdxMtPDNUZB6TZwT4vlfgJib6VFVprlDnaNA,4.0804480000000005,5.112842,6.61075,0,2591700,21.674012,Interactive,1,1.75
131700,aDTQIqgen6guUNck6NattbZgRhAHpdxMtPDNUZB6TZwT4vlfgJib6VFVprlDnaNA,3.92819,4.864014,5.564756,0,2591700,21.674012,Interactive,1,1.75
132000,aDTQIqgen6guUNck6NattbZgRhAHpdxMtPDNUZB6TZwT4vlfgJib6VFVprlDnaNA,4.439165,5.096423000000001,6.08865,0,2591700,21.674012,Interactive,1,1.75
132300,aDTQIqgen6guUNck6NattbZgRhAHpdxMtPDNUZB6TZwT4vlfgJib6VFVprlDnaNA,4.549707,5.147698999999999,6.197383,0,2591700,21.674012,Interactive,1,1.75
132600,aDTQIqgen6guUNck6NattbZgRhAHpdxMtPDNUZB6TZwT4vlfgJib6VFVprlDnaNA,4.018732,4.975625,6.120831,0,2591700,21.674012,Interactive,1,1.75
132900,aDTQIqgen6guUNck6NattbZgRhAHpdxMtPDNUZB6TZwT4vlfgJib6VFVprlDnaNA,3.881401,6.426747,19.989333,0,2591700,21.674012,Interactive,1,1.75
133200,aDTQIqgen6guUNck6NattbZgRhAHpdxMtPDNUZB6TZwT4vlfgJib6VFVprlDnaNA,4.162485,6.197574,15.070169,0,2591700,21.674012,Interactive,1,1.75
133500,aDTQIqgen6guUNck6NattbZgRhAHpdxMtPDNUZB6TZwT4vlfgJib6VFVprlDnaNA,3.923111,4.674479,6.143877,0,2591700,21.674012,Interactive,1,1.75
133800,aDTQIqgen6guUNck6NattbZgRhAHpdxMtPDNUZB6TZwT4vlfgJib6VFVprlDnaNA,4.5331410000000005,6.209784,16.435603,0,2591700,21.674012,Interactive,1,1.75
134100,aDTQIqgen6guUNck6NattbZgRhAHpdxMtPDNUZB6TZwT4vlfgJib6VFVprlDnaNA,4.08396,4.884532,6.303509,0,2591700,21.674012,Interactive,1,1.75
134400,aDTQIqgen6guUNck6NattbZgRhAHpdxMtPDNUZB6TZwT4vlfgJib6VFVprlDnaNA,3.104173,4.305871,5.394126,0,2591700,21.674012,Interactive,1,1.75
134700,aDTQIqgen6guUNck6NattbZgRhAHpdxMtPDNUZB6TZwT4vlfgJib6VFVprlDnaNA,3.907457,4.885986,6.682791,0,2591700,21.674012,Interactive,1,1.75
135000,aDTQIqgen6guUNck6NattbZgRhAHpdxMtPDNUZB6TZwT4vlfgJib6VFVprlDnaNA,3.708514,4.5645430000000005,5.956411,0,2591700,21.674012,Interactive,1,1.75
135300,aDTQIqgen6guUNck6NattbZgRhAHpdxMtPDNUZB6TZwT4vlfgJib6VFVprlDnaNA,4.223857,4.832063,6.100761,0,2591700,21.674012,Interactive,1,1.75
135600,aDTQIqgen6guUNck6NattbZgRhAHpdxMtPDNUZB6TZwT4vlfgJib6VFVprlDnaNA,4.433019,5.091521,6.55899,0,2591700,21.674012,Interactive,1,1.75
135900,aDTQIqgen6guUNck6NattbZgRhAHpdxMtPDNUZB6TZwT4vlfgJib6VFVprlDnaNA,3.06882,4.984348000000001,6.536923000000001,0,2591700,21.674012,Interactive,1,1.75
136200,aDTQIqgen6guUNck6NattbZgRhAHpdxMtPDNUZB6TZwT4vlfgJib6VFVprlDnaNA,4.295021,5.04159,6.078629,0,2591700,21.674012,Interactive,1,1.75
136500,aDTQIqgen6guUNck6NattbZgRhAHpdxMtPDNUZB6TZwT4vlfgJib6VFVprlDnaNA,3.755113,5.150988,6.574681,0,2591700,21.674012,Interactive,1,1.75
136800,aDTQIqgen6guUNck6NattbZgRhAHpdxMtPDNUZB6TZwT4vlfgJib6VFVprlDnaNA,4.379194999999999,7.83462,30.495323,0,2591700,21.674012,Interactive,1,1.75
137100,aDTQIqgen6guUNck6NattbZgRhAHpdxMtPDNUZB6TZwT4vlfgJib6VFVprlDnaNA,4.036798999999999,5.005987,5.5086900000000005,0,2591700,21.674012,Interactive,1,1.75
137400,aDTQIqgen6guUNck6NattbZgRhAHpdxMtPDNUZB6TZwT4vlfgJib6VFVprlDnaNA,3.77551,4.85876,6.482367,0,2591700,21.674012,Interactive,1,1.75
137700,aDTQIqgen6guUNck6NattbZgRhAHpdxMtPDNUZB6TZwT4vlfgJib6VFVprlDnaNA,4.208205,13.177138,32.723232,0,2591700,21.674012,Interactive,1,1.75
138000,aDTQIqgen6guUNck6NattbZgRhAHpdxMtPDNUZB6TZwT4vlfgJib6VFVprlDnaNA,3.76065,8.238017999999999,34.489931,0,2591700,21.674012,Interactive,1,1.75
138300,aDTQIqgen6guUNck6NattbZgRhAHpdxMtPDNUZB6TZwT4vlfgJib6VFVprlDnaNA,3.5042150000000003,4.802171,7.032723,0,2591700,21.674012,Interactive,1,1.75
138600,aDTQIqgen6guUNck6NattbZgRhAHpdxMtPDNUZB6TZwT4vlfgJib6VFVprlDnaNA,3.179986,4.427235,6.247179,0,2591700,21.674012,Interactive,1,1.75
138900,aDTQIqgen6guUNck6NattbZgRhAHpdxMtPDNUZB6TZwT4vlfgJib6VFVprlDnaNA,3.639033,4.503057,5.80619,0,2591700,21.674012,Interactive,1,1.75
139200,aDTQIqgen6guUNck6NattbZgRhAHpdxMtPDNUZB6TZwT4vlfgJib6VFVprlDnaNA,3.870439,4.899148,6.756539999999999,0,2591700,21.674012,Interactive,1,1.75
139500,aDTQIqgen6guUNck6NattbZgRhAHpdxMtPDNUZB6TZwT4vlfgJib6VFVprlDnaNA,4.080254,5.014593,6.405047,0,2591700,21.674012,Interactive,1,1.75
139800,aDTQIqgen6guUNck6NattbZgRhAHpdxMtPDNUZB6TZwT4vlfgJib6VFVprlDnaNA,4.453256,4.760822,5.482522,0,2591700,21.674012,Interactive,1,1.75
140100,aDTQIqgen6guUNck6NattbZgRhAHpdxMtPDNUZB6TZwT4vlfgJib6VFVprlDnaNA,4.013806,4.875872,6.287261,0,2591700,21.674012,Interactive,1,1.75
140400,aDTQIqgen6guUNck6NattbZgRhAHpdxMtPDNUZB6TZwT4vlfgJib6VFVprlDnaNA,4.169813,9.404255,30.31526,0,2591700,21.674012,Interactive,1,1.75
140700,aDTQIqgen6guUNck6NattbZgRhAHpdxMtPDNUZB6TZwT4vlfgJib6VFVprlDnaNA,3.638981,4.550592,5.187947,0,2591700,21.674012,Interactive,1,1.75
141000,aDTQIqgen6guUNck6NattbZgRhAHpdxMtPDNUZB6TZwT4vlfgJib6VFVprlDnaNA,2.857345,4.690656,6.270558,0,2591700,21.674012,Interactive,1,1.75
141300,aDTQIqgen6guUNck6NattbZgRhAHpdxMtPDNUZB6TZwT4vlfgJib6VFVprlDnaNA,3.497089,4.709336,5.999517,0,2591700,21.674012,Interactive,1,1.75
141600,aDTQIqgen6guUNck6NattbZgRhAHpdxMtPDNUZB6TZwT4vlfgJib6VFVprlDnaNA,4.329022,4.811025,5.496491000000001,0,2591700,21.674012,Interactive,1,1.75
141900,aDTQIqgen6guUNck6NattbZgRhAHpdxMtPDNUZB6TZwT4vlfgJib6VFVprlDnaNA,3.917229,5.207046,6.324987,0,2591700,21.674012,Interactive,1,1.75
142200,aDTQIqgen6guUNck6NattbZgRhAHpdxMtPDNUZB6TZwT4vlfgJib6VFVprlDnaNA,4.145415,4.9092720000000005,6.13318,0,2591700,21.674012,Interactive,1,1.75
142500,aDTQIqgen6guUNck6NattbZgRhAHpdxMtPDNUZB6TZwT4vlfgJib6VFVprlDnaNA,3.575569,4.220994999999999,4.710495,0,2591700,21.674012,Interactive,1,1.75
142800,aDTQIqgen6guUNck6NattbZgRhAHpdxMtPDNUZB6TZwT4vlfgJib6VFVprlDnaNA,3.515443,4.347912,5.738537,0,2591700,21.674012,Interactive,1,1.75
143100,aDTQIqgen6guUNck6NattbZgRhAHpdxMtPDNUZB6TZwT4vlfgJib6VFVprlDnaNA,3.5950910000000005,5.971127,20.675433,0,2591700,21.674012,Interactive,1,1.75
143400,aDTQIqgen6guUNck6NattbZgRhAHpdxMtPDNUZB6TZwT4vlfgJib6VFVprlDnaNA,4.477878,4.724744,5.009958,0,2591700,21.674012,Interactive,1,1.75
143700,aDTQIqgen6guUNck6NattbZgRhAHpdxMtPDNUZB6TZwT4vlfgJib6VFVprlDnaNA,3.229051,4.756115,6.814921000000001,0,2591700,21.674012,Interactive,1,1.75
144000,aDTQIqgen6guUNck6NattbZgRhAHpdxMtPDNUZB6TZwT4vlfgJib6VFVprlDnaNA,4.239809999999999,7.64452,19.066298,0,2591700,21.674012,Interactive,1,1.75
144300,aDTQIqgen6guUNck6NattbZgRhAHpdxMtPDNUZB6TZwT4vlfgJib6VFVprlDnaNA,3.994515,4.64518,5.92647,0,2591700,21.674012,Interactive,1,1.75
144600,aDTQIqgen6guUNck6NattbZgRhAHpdxMtPDNUZB6TZwT4vlfgJib6VFVprlDnaNA,3.937229,5.124854,7.177761,0,2591700,21.674012,Interactive,1,1.75
144900,aDTQIqgen6guUNck6NattbZgRhAHpdxMtPDNUZB6TZwT4vlfgJib6VFVprlDnaNA,3.921698,4.677523000000001,5.690786,0,2591700,21.674012,Interactive,1,1.75
145200,aDTQIqgen6guUNck6NattbZgRhAHpdxMtPDNUZB6TZwT4vlfgJib6VFVprlDnaNA,3.799609,4.700759,6.302924,0,2591700,21.674012,Interactive,1,1.75
145500,aDTQIqgen6guUNck6NattbZgRhAHpdxMtPDNUZB6TZwT4vlfgJib6VFVprlDnaNA,4.017359,4.829968,6.351948999999999,0,2591700,21.674012,Interactive,1,1.75
145800,aDTQIqgen6guUNck6NattbZgRhAHpdxMtPDNUZB6TZwT4vlfgJib6VFVprlDnaNA,4.030801,4.7270900000000005,5.729191,0,2591700,21.674012,Interactive,1,1.75
146100,aDTQIqgen6guUNck6NattbZgRhAHpdxMtPDNUZB6TZwT4vlfgJib6VFVprlDnaNA,3.945045,4.774952,6.124982,0,2591700,21.674012,Interactive,1,1.75
146400,aDTQIqgen6guUNck6NattbZgRhAHpdxMtPDNUZB6TZwT4vlfgJib6VFVprlDnaNA,3.622593,4.685703,6.018878,0,2591700,21.674012,Interactive,1,1.75
146700,aDTQIqgen6guUNck6NattbZgRhAHpdxMtPDNUZB6TZwT4vlfgJib6VFVprlDnaNA,2.331764,4.082839,5.151833,0,2591700,21.674012,Interactive,1,1.75
147000,aDTQIqgen6guUNck6NattbZgRhAHpdxMtPDNUZB6TZwT4vlfgJib6VFVprlDnaNA,3.703442,4.452218,5.754539,0,2591700,21.674012,Interactive,1,1.75
147300,aDTQIqgen6guUNck6NattbZgRhAHpdxMtPDNUZB6TZwT4vlfgJib6VFVprlDnaNA,3.667439,5.177297,10.91306,0,2591700,21.674012,Interactive,1,1.75
147600,aDTQIqgen6guUNck6NattbZgRhAHpdxMtPDNUZB6TZwT4vlfgJib6VFVprlDnaNA,3.865094,7.503429,31.691405,0,2591700,21.674012,Interactive,1,1.75
147900,aDTQIqgen6guUNck6NattbZgRhAHpdxMtPDNUZB6TZwT4vlfgJib6VFVprlDnaNA,3.274556,4.734888,5.882373,0,2591700,21.674012,Interactive,1,1.75
148200,aDTQIqgen6guUNck6NattbZgRhAHpdxMtPDNUZB6TZwT4vlfgJib6VFVprlDnaNA,3.957852,4.871755,6.655326,0,2591700,21.674012,Interactive,1,1.75
148500,aDTQIqgen6guUNck6NattbZgRhAHpdxMtPDNUZB6TZwT4vlfgJib6VFVprlDnaNA,3.058302,4.380394,5.43077,0,2591700,21.674012,Interactive,1,1.75
148800,aDTQIqgen6guUNck6NattbZgRhAHpdxMtPDNUZB6TZwT4vlfgJib6VFVprlDnaNA,4.146749,4.721272,6.090616000000001,0,2591700,21.674012,Interactive,1,1.75
149100,aDTQIqgen6guUNck6NattbZgRhAHpdxMtPDNUZB6TZwT4vlfgJib6VFVprlDnaNA,3.0230360000000003,4.617004,6.113292,0,2591700,21.674012,Interactive,1,1.75
149400,aDTQIqgen6guUNck6NattbZgRhAHpdxMtPDNUZB6TZwT4vlfgJib6VFVprlDnaNA,3.954491,4.693703,5.612807,0,2591700,21.674012,Interactive,1,1.75
149700,aDTQIqgen6guUNck6NattbZgRhAHpdxMtPDNUZB6TZwT4vlfgJib6VFVprlDnaNA,4.034162,4.72202,5.708758,0,2591700,21.674012,Interactive,1,1.75
150000,aDTQIqgen6guUNck6NattbZgRhAHpdxMtPDNUZB6TZwT4vlfgJib6VFVprlDnaNA,3.742156,5.454833,11.195871,0,2591700,21.674012,Interactive,1,1.75
150300,aDTQIqgen6guUNck6NattbZgRhAHpdxMtPDNUZB6TZwT4vlfgJib6VFVprlDnaNA,3.944325,4.735792,5.411673,0,2591700,21.674012,Interactive,1,1.75
150600,aDTQIqgen6guUNck6NattbZgRhAHpdxMtPDNUZB6TZwT4vlfgJib6VFVprlDnaNA,3.836664,4.659318,6.200157,0,2591700,21.674012,Interactive,1,1.75
150900,aDTQIqgen6guUNck6NattbZgRhAHpdxMtPDNUZB6TZwT4vlfgJib6VFVprlDnaNA,3.675742,4.42289,5.942158999999999,0,2591700,21.674012,Interactive,1,1.75
151200,aDTQIqgen6guUNck6NattbZgRhAHpdxMtPDNUZB6TZwT4vlfgJib6VFVprlDnaNA,3.416243,7.2011080000000005,33.233394,0,2591700,21.674012,Interactive,1,1.75
151500,aDTQIqgen6guUNck6NattbZgRhAHpdxMtPDNUZB6TZwT4vlfgJib6VFVprlDnaNA,3.641652,4.509275,5.947702,0,2591700,21.674012,Interactive,1,1.75
151800,aDTQIqgen6guUNck6NattbZgRhAHpdxMtPDNUZB6TZwT4vlfgJib6VFVprlDnaNA,3.4254230000000003,4.435455,5.66095,0,2591700,21.674012,Interactive,1,1.75
152100,aDTQIqgen6guUNck6NattbZgRhAHpdxMtPDNUZB6TZwT4vlfgJib6VFVprlDnaNA,3.192487,7.559827,28.549523,0,2591700,21.674012,Interactive,1,1.75
152400,aDTQIqgen6guUNck6NattbZgRhAHpdxMtPDNUZB6TZwT4vlfgJib6VFVprlDnaNA,3.739423,4.56321,5.84909,0,2591700,21.674012,Interactive,1,1.75
152700,aDTQIqgen6guUNck6NattbZgRhAHpdxMtPDNUZB6TZwT4vlfgJib6VFVprlDnaNA,3.777342,4.889094,6.35856,0,2591700,21.674012,Interactive,1,1.75
153000,aDTQIqgen6guUNck6NattbZgRhAHpdxMtPDNUZB6TZwT4vlfgJib6VFVprlDnaNA,4.0243660000000006,4.734511,5.495553,0,2591700,21.674012,Interactive,1,1.75
153300,aDTQIqgen6guUNck6NattbZgRhAHpdxMtPDNUZB6TZwT4vlfgJib6VFVprlDnaNA,3.937998,4.758883999999999,6.050971,0,2591700,21.674012,Interactive,1,1.75
153600,aDTQIqgen6guUNck6NattbZgRhAHpdxMtPDNUZB6TZwT4vlfgJib6VFVprlDnaNA,3.738063,4.847988,6.619818,0,2591700,21.674012,Interactive,1,1.75
153900,aDTQIqgen6guUNck6NattbZgRhAHpdxMtPDNUZB6TZwT4vlfgJib6VFVprlDnaNA,3.986467,4.619162,5.596702,0,2591700,21.674012,Interactive,1,1.75
154200,aDTQIqgen6guUNck6NattbZgRhAHpdxMtPDNUZB6TZwT4vlfgJib6VFVprlDnaNA,4.010408,4.806368,5.949565,0,2591700,21.674012,Interactive,1,1.75
154500,aDTQIqgen6guUNck6NattbZgRhAHpdxMtPDNUZB6TZwT4vlfgJib6VFVprlDnaNA,4.160302,5.737457,13.180081,0,2591700,21.674012,Interactive,1,1.75
154800,aDTQIqgen6guUNck6NattbZgRhAHpdxMtPDNUZB6TZwT4vlfgJib6VFVprlDnaNA,3.92092,7.231644,24.480156,0,2591700,21.674012,Interactive,1,1.75
155100,aDTQIqgen6guUNck6NattbZgRhAHpdxMtPDNUZB6TZwT4vlfgJib6VFVprlDnaNA,3.601164,4.58896,6.822866,0,2591700,21.674012,Interactive,1,1.75
155400,aDTQIqgen6guUNck6NattbZgRhAHpdxMtPDNUZB6TZwT4vlfgJib6VFVprlDnaNA,4.054856,5.059519,6.547783,0,2591700,21.674012,Interactive,1,1.75
155700,aDTQIqgen6guUNck6NattbZgRhAHpdxMtPDNUZB6TZwT4vlfgJib6VFVprlDnaNA,3.790466,4.607384,5.728085,0,2591700,21.674012,Interactive,1,1.75
156000,aDTQIqgen6guUNck6NattbZgRhAHpdxMtPDNUZB6TZwT4vlfgJib6VFVprlDnaNA,3.788217,4.974296,6.976999,0,2591700,21.674012,Interactive,1,1.75
156300,aDTQIqgen6guUNck6NattbZgRhAHpdxMtPDNUZB6TZwT4vlfgJib6VFVprlDnaNA,3.99057,4.903142,6.168725,0,2591700,21.674012,Interactive,1,1.75
156600,aDTQIqgen6guUNck6NattbZgRhAHpdxMtPDNUZB6TZwT4vlfgJib6VFVprlDnaNA,3.735038,4.914081,7.905699,0,2591700,21.674012,Interactive,1,1.75
156900,aDTQIqgen6guUNck6NattbZgRhAHpdxMtPDNUZB6TZwT4vlfgJib6VFVprlDnaNA,3.929785,4.772264,6.773442,0,2591700,21.674012,Interactive,1,1.75
157200,aDTQIqgen6guUNck6NattbZgRhAHpdxMtPDNUZB6TZwT4vlfgJib6VFVprlDnaNA,3.889538,5.10026,8.151382,0,2591700,21.674012,Interactive,1,1.75
157500,aDTQIqgen6guUNck6NattbZgRhAHpdxMtPDNUZB6TZwT4vlfgJib6VFVprlDnaNA,3.85197,4.886496,7.030153,0,2591700,21.674012,Interactive,1,1.75
157800,aDTQIqgen6guUNck6NattbZgRhAHpdxMtPDNUZB6TZwT4vlfgJib6VFVprlDnaNA,3.691735,4.686422,6.945697999999999,0,2591700,21.674012,Interactive,1,1.75
158100,aDTQIqgen6guUNck6NattbZgRhAHpdxMtPDNUZB6TZwT4vlfgJib6VFVprlDnaNA,3.604879,5.144978,7.864717999999999,0,2591700,21.674012,Interactive,1,1.75
158400,aDTQIqgen6guUNck6NattbZgRhAHpdxMtPDNUZB6TZwT4vlfgJib6VFVprlDnaNA,3.929486,7.314569,31.038065000000003,0,2591700,21.674012,Interactive,1,1.75
158700,aDTQIqgen6guUNck6NattbZgRhAHpdxMtPDNUZB6TZwT4vlfgJib6VFVprlDnaNA,3.3856550000000003,4.938308,7.135124,0,2591700,21.674012,Interactive,1,1.75
159000,aDTQIqgen6guUNck6NattbZgRhAHpdxMtPDNUZB6TZwT4vlfgJib6VFVprlDnaNA,3.867191000000001,4.762155,6.374892,0,2591700,21.674012,Interactive,1,1.75
159300,aDTQIqgen6guUNck6NattbZgRhAHpdxMtPDNUZB6TZwT4vlfgJib6VFVprlDnaNA,3.989296,5.078494,7.456189,0,2591700,21.674012,Interactive,1,1.75
159600,aDTQIqgen6guUNck6NattbZgRhAHpdxMtPDNUZB6TZwT4vlfgJib6VFVprlDnaNA,3.502886,4.407712,6.525274,0,2591700,21.674012,Interactive,1,1.75
159900,aDTQIqgen6guUNck6NattbZgRhAHpdxMtPDNUZB6TZwT4vlfgJib6VFVprlDnaNA,3.962452,4.985697,7.252696,0,2591700,21.674012,Interactive,1,1.75
160200,aDTQIqgen6guUNck6NattbZgRhAHpdxMtPDNUZB6TZwT4vlfgJib6VFVprlDnaNA,4.035684,5.022942,7.445703999999999,0,2591700,21.674012,Interactive,1,1.75
160500,aDTQIqgen6guUNck6NattbZgRhAHpdxMtPDNUZB6TZwT4vlfgJib6VFVprlDnaNA,3.884412,4.81615,7.228771000000001,0,2591700,21.674012,Interactive,1,1.75
160800,aDTQIqgen6guUNck6NattbZgRhAHpdxMtPDNUZB6TZwT4vlfgJib6VFVprlDnaNA,3.967054,5.178047,8.475891,0,2591700,21.674012,Interactive,1,1.75
161100,aDTQIqgen6guUNck6NattbZgRhAHpdxMtPDNUZB6TZwT4vlfgJib6VFVprlDnaNA,3.713452,4.706092,5.685789,0,2591700,21.674012,Interactive,1,1.75
161400,aDTQIqgen6guUNck6NattbZgRhAHpdxMtPDNUZB6TZwT4vlfgJib6VFVprlDnaNA,3.768451,5.207807,9.64326,0,2591700,21.674012,Interactive,1,1.75
161700,aDTQIqgen6guUNck6NattbZgRhAHpdxMtPDNUZB6TZwT4vlfgJib6VFVprlDnaNA,4.044582,4.753653,5.533645,0,2591700,21.674012,Interactive,1,1.75
162000,aDTQIqgen6guUNck6NattbZgRhAHpdxMtPDNUZB6TZwT4vlfgJib6VFVprlDnaNA,3.680912,5.170677,10.016956,0,2591700,21.674012,Interactive,1,1.75
162300,aDTQIqgen6guUNck6NattbZgRhAHpdxMtPDNUZB6TZwT4vlfgJib6VFVprlDnaNA,3.5829730000000004,4.679747,7.615264,0,2591700,21.674012,Interactive,1,1.75
162600,aDTQIqgen6guUNck6NattbZgRhAHpdxMtPDNUZB6TZwT4vlfgJib6VFVprlDnaNA,4.040629,7.924567,29.96912,0,2591700,21.674012,Interactive,1,1.75
162900,aDTQIqgen6guUNck6NattbZgRhAHpdxMtPDNUZB6TZwT4vlfgJib6VFVprlDnaNA,3.21613,4.303154,5.502821,0,2591700,21.674012,Interactive,1,1.75
163200,aDTQIqgen6guUNck6NattbZgRhAHpdxMtPDNUZB6TZwT4vlfgJib6VFVprlDnaNA,3.931226,4.674149,7.079068,0,2591700,21.674012,Interactive,1,1.75
163500,aDTQIqgen6guUNck6NattbZgRhAHpdxMtPDNUZB6TZwT4vlfgJib6VFVprlDnaNA,3.431633,4.557693,5.71404,0,2591700,21.674012,Interactive,1,1.75
163800,aDTQIqgen6guUNck6NattbZgRhAHpdxMtPDNUZB6TZwT4vlfgJib6VFVprlDnaNA,3.49303,4.3409260000000005,5.150603,0,2591700,21.674012,Interactive,1,1.75
164100,aDTQIqgen6guUNck6NattbZgRhAHpdxMtPDNUZB6TZwT4vlfgJib6VFVprlDnaNA,3.637047,4.585307,6.430251999999999,0,2591700,21.674012,Interactive,1,1.75
164400,aDTQIqgen6guUNck6NattbZgRhAHpdxMtPDNUZB6TZwT4vlfgJib6VFVprlDnaNA,4.097472,4.735541,5.651096,0,2591700,21.674012,Interactive,1,1.75
164700,aDTQIqgen6guUNck6NattbZgRhAHpdxMtPDNUZB6TZwT4vlfgJib6VFVprlDnaNA,3.91328,4.625298,5.575545,0,2591700,21.674012,Interactive,1,1.75
165000,aDTQIqgen6guUNck6NattbZgRhAHpdxMtPDNUZB6TZwT4vlfgJib6VFVprlDnaNA,3.804355,4.772522,6.483237,0,2591700,21.674012,Interactive,1,1.75
165300,aDTQIqgen6guUNck6NattbZgRhAHpdxMtPDNUZB6TZwT4vlfgJib6VFVprlDnaNA,2.906739,4.387314,5.390235,0,2591700,21.674012,Interactive,1,1.75
165600,aDTQIqgen6guUNck6NattbZgRhAHpdxMtPDNUZB6TZwT4vlfgJib6VFVprlDnaNA,3.814037,7.535525999999999,24.11774,0,2591700,21.674012,Interactive,1,1.75
165900,aDTQIqgen6guUNck6NattbZgRhAHpdxMtPDNUZB6TZwT4vlfgJib6VFVprlDnaNA,3.429644,4.787958000000001,7.334756,0,2591700,21.674012,Interactive,1,1.75
166200,aDTQIqgen6guUNck6NattbZgRhAHpdxMtPDNUZB6TZwT4vlfgJib6VFVprlDnaNA,3.856696,4.671912,5.852829,0,2591700,21.674012,Interactive,1,1.75
166500,aDTQIqgen6guUNck6NattbZgRhAHpdxMtPDNUZB6TZwT4vlfgJib6VFVprlDnaNA,3.755471,11.001251,29.429095,0,2591700,21.674012,Interactive,1,1.75
166800,aDTQIqgen6guUNck6NattbZgRhAHpdxMtPDNUZB6TZwT4vlfgJib6VFVprlDnaNA,4.15236,10.070995,31.792094,0,2591700,21.674012,Interactive,1,1.75
167100,aDTQIqgen6guUNck6NattbZgRhAHpdxMtPDNUZB6TZwT4vlfgJib6VFVprlDnaNA,3.922882,4.753113,6.308211,0,2591700,21.674012,Interactive,1,1.75
167400,aDTQIqgen6guUNck6NattbZgRhAHpdxMtPDNUZB6TZwT4vlfgJib6VFVprlDnaNA,3.96868,4.700657,6.475314,0,2591700,21.674012,Interactive,1,1.75
167700,aDTQIqgen6guUNck6NattbZgRhAHpdxMtPDNUZB6TZwT4vlfgJib6VFVprlDnaNA,3.502844,4.449495,5.913634,0,2591700,21.674012,Interactive,1,1.75
168000,aDTQIqgen6guUNck6NattbZgRhAHpdxMtPDNUZB6TZwT4vlfgJib6VFVprlDnaNA,3.116776,3.969986,4.849888,0,2591700,21.674012,Interactive,1,1.75
168300,aDTQIqgen6guUNck6NattbZgRhAHpdxMtPDNUZB6TZwT4vlfgJib6VFVprlDnaNA,3.378908,4.504519,6.000408,0,2591700,21.674012,Interactive,1,1.75
168600,aDTQIqgen6guUNck6NattbZgRhAHpdxMtPDNUZB6TZwT4vlfgJib6VFVprlDnaNA,3.880221,4.770232,6.323386,0,2591700,21.674012,Interactive,1,1.75
168900,aDTQIqgen6guUNck6NattbZgRhAHpdxMtPDNUZB6TZwT4vlfgJib6VFVprlDnaNA,2.980282,4.518211,5.511487000000001,0,2591700,21.674012,Interactive,1,1.75
169200,aDTQIqgen6guUNck6NattbZgRhAHpdxMtPDNUZB6TZwT4vlfgJib6VFVprlDnaNA,4.198245,7.477605,30.422066,0,2591700,21.674012,Interactive,1,1.75
169500,aDTQIqgen6guUNck6NattbZgRhAHpdxMtPDNUZB6TZwT4vlfgJib6VFVprlDnaNA,3.217747,4.749002,6.794069,0,2591700,21.674012,Interactive,1,1.75
169800,aDTQIqgen6guUNck6NattbZgRhAHpdxMtPDNUZB6TZwT4vlfgJib6VFVprlDnaNA,3.5987379999999995,4.393141,5.225137,0,2591700,21.674012,Interactive,1,1.75
170100,aDTQIqgen6guUNck6NattbZgRhAHpdxMtPDNUZB6TZwT4vlfgJib6VFVprlDnaNA,3.523865,4.797853,5.960101,0,2591700,21.674012,Interactive,1,1.75
170400,aDTQIqgen6guUNck6NattbZgRhAHpdxMtPDNUZB6TZwT4vlfgJib6VFVprlDnaNA,3.962457,4.729565,6.122180999999999,0,2591700,21.674012,Interactive,1,1.75
170700,aDTQIqgen6guUNck6NattbZgRhAHpdxMtPDNUZB6TZwT4vlfgJib6VFVprlDnaNA,3.3937190000000004,4.457443,5.553649,0,2591700,21.674012,Interactive,1,1.75
171000,aDTQIqgen6guUNck6NattbZgRhAHpdxMtPDNUZB6TZwT4vlfgJib6VFVprlDnaNA,3.628788,4.653467,5.621963,0,2591700,21.674012,Interactive,1,1.75
171300,aDTQIqgen6guUNck6NattbZgRhAHpdxMtPDNUZB6TZwT4vlfgJib6VFVprlDnaNA,3.896622,4.753164,6.329675,0,2591700,21.674012,Interactive,1,1.75
171600,aDTQIqgen6guUNck6NattbZgRhAHpdxMtPDNUZB6TZwT4vlfgJib6VFVprlDnaNA,2.689941,4.017514,4.967994,0,2591700,21.674012,Interactive,1,1.75
171900,aDTQIqgen6guUNck6NattbZgRhAHpdxMtPDNUZB6TZwT4vlfgJib6VFVprlDnaNA,3.377792,4.300055,5.366857,0,2591700,21.674012,Interactive,1,1.75
172200,aDTQIqgen6guUNck6NattbZgRhAHpdxMtPDNUZB6TZwT4vlfgJib6VFVprlDnaNA,2.251792,4.126656,5.702854,0,2591700,21.674012,Interactive,1,1.75
172500,aDTQIqgen6guUNck6NattbZgRhAHpdxMtPDNUZB6TZwT4vlfgJib6VFVprlDnaNA,3.657897,4.411493,4.992669,0,2591700,21.674012,Interactive,1,1.75
172800,aDTQIqgen6guUNck6NattbZgRhAHpdxMtPDNUZB6TZwT4vlfgJib6VFVprlDnaNA,3.235509,4.845045,6.174049,0,2591700,21.674012,Interactive,1,1.75
173100,aDTQIqgen6guUNck6NattbZgRhAHpdxMtPDNUZB6TZwT4vlfgJib6VFVprlDnaNA,3.814802,4.77407,6.751867,0,2591700,21.674012,Interactive,1,1.75
173400,aDTQIqgen6guUNck6NattbZgRhAHpdxMtPDNUZB6TZwT4vlfgJib6VFVprlDnaNA,3.622401,4.270503,5.116079,0,2591700,21.674012,Interactive,1,1.75
173700,aDTQIqgen6guUNck6NattbZgRhAHpdxMtPDNUZB6TZwT4vlfgJib6VFVprlDnaNA,3.09318,4.572771,5.677082,0,2591700,21.674012,Interactive,1,1.75
174000,aDTQIqgen6guUNck6NattbZgRhAHpdxMtPDNUZB6TZwT4vlfgJib6VFVprlDnaNA,3.758378,4.552230000000001,5.855689,0,2591700,21.674012,Interactive,1,1.75
174300,aDTQIqgen6guUNck6NattbZgRhAHpdxMtPDNUZB6TZwT4vlfgJib6VFVprlDnaNA,3.73762,4.571773,5.300065,0,2591700,21.674012,Interactive,1,1.75
174600,aDTQIqgen6guUNck6NattbZgRhAHpdxMtPDNUZB6TZwT4vlfgJib6VFVprlDnaNA,4.009764,4.707121,5.741009,0,2591700,21.674012,Interactive,1,1.75
174900,aDTQIqgen6guUNck6NattbZgRhAHpdxMtPDNUZB6TZwT4vlfgJib6VFVprlDnaNA,3.928226,4.690549,5.921579,0,2591700,21.674012,Interactive,1,1.75
175200,aDTQIqgen6guUNck6NattbZgRhAHpdxMtPDNUZB6TZwT4vlfgJib6VFVprlDnaNA,3.73659,4.570457,5.450471,0,2591700,21.674012,Interactive,1,1.75
175500,aDTQIqgen6guUNck6NattbZgRhAHpdxMtPDNUZB6TZwT4vlfgJib6VFVprlDnaNA,3.540418,4.487737,5.342912,0,2591700,21.674012,Interactive,1,1.75
175800,aDTQIqgen6guUNck6NattbZgRhAHpdxMtPDNUZB6TZwT4vlfgJib6VFVprlDnaNA,3.637725,4.32214,6.169651,0,2591700,21.674012,Interactive,1,1.75
176100,aDTQIqgen6guUNck6NattbZgRhAHpdxMtPDNUZB6TZwT4vlfgJib6VFVprlDnaNA,3.583153,4.294615,5.570355999999999,0,2591700,21.674012,Interactive,1,1.75
176400,aDTQIqgen6guUNck6NattbZgRhAHpdxMtPDNUZB6TZwT4vlfgJib6VFVprlDnaNA,3.735327,7.134053999999999,28.587721,0,2591700,21.674012,Interactive,1,1.75
176700,aDTQIqgen6guUNck6NattbZgRhAHpdxMtPDNUZB6TZwT4vlfgJib6VFVprlDnaNA,3.537787,4.462086,5.817829,0,2591700,21.674012,Interactive,1,1.75
177000,aDTQIqgen6guUNck6NattbZgRhAHpdxMtPDNUZB6TZwT4vlfgJib6VFVprlDnaNA,3.583451,4.493544,5.294151,0,2591700,21.674012,Interactive,1,1.75
177300,aDTQIqgen6guUNck6NattbZgRhAHpdxMtPDNUZB6TZwT4vlfgJib6VFVprlDnaNA,3.917914,4.70644,6.983484,0,2591700,21.674012,Interactive,1,1.75
177600,aDTQIqgen6guUNck6NattbZgRhAHpdxMtPDNUZB6TZwT4vlfgJib6VFVprlDnaNA,3.611014,4.491609,6.402512000000001,0,2591700,21.674012,Interactive,1,1.75
177900,aDTQIqgen6guUNck6NattbZgRhAHpdxMtPDNUZB6TZwT4vlfgJib6VFVprlDnaNA,4.0495470000000005,4.523391999999999,5.229908,0,2591700,21.674012,Interactive,1,1.75
178200,aDTQIqgen6guUNck6NattbZgRhAHpdxMtPDNUZB6TZwT4vlfgJib6VFVprlDnaNA,3.096853,4.574844000000001,6.747506,0,2591700,21.674012,Interactive,1,1.75
178500,aDTQIqgen6guUNck6NattbZgRhAHpdxMtPDNUZB6TZwT4vlfgJib6VFVprlDnaNA,3.971263,4.73197,6.27171,0,2591700,21.674012,Interactive,1,1.75
178800,aDTQIqgen6guUNck6NattbZgRhAHpdxMtPDNUZB6TZwT4vlfgJib6VFVprlDnaNA,2.7710220000000003,4.283795,5.509195,0,2591700,21.674012,Interactive,1,1.75
179100,aDTQIqgen6guUNck6NattbZgRhAHpdxMtPDNUZB6TZwT4vlfgJib6VFVprlDnaNA,3.243067,4.627982,6.470662,0,2591700,21.674012,Interactive,1,1.75
179400,aDTQIqgen6guUNck6NattbZgRhAHpdxMtPDNUZB6TZwT4vlfgJib6VFVprlDnaNA,3.943579,4.683878,6.190226,0,2591700,21.674012,Interactive,1,1.75
179700,aDTQIqgen6guUNck6NattbZgRhAHpdxMtPDNUZB6TZwT4vlfgJib6VFVprlDnaNA,3.146844,4.178205999999999,5.246641,0,2591700,21.674012,Interactive,1,1.75
180000,aDTQIqgen6guUNck6NattbZgRhAHpdxMtPDNUZB6TZwT4vlfgJib6VFVprlDnaNA,3.900596,7.242763,30.143199,0,2591700,21.674012,Interactive,1,1.75
180300,aDTQIqgen6guUNck6NattbZgRhAHpdxMtPDNUZB6TZwT4vlfgJib6VFVprlDnaNA,3.813848,4.833105000000001,6.085922,0,2591700,21.674012,Interactive,1,1.75
180600,aDTQIqgen6guUNck6NattbZgRhAHpdxMtPDNUZB6TZwT4vlfgJib6VFVprlDnaNA,3.961563,4.722272,5.889086,0,2591700,21.674012,Interactive,1,1.75
180900,aDTQIqgen6guUNck6NattbZgRhAHpdxMtPDNUZB6TZwT4vlfgJib6VFVprlDnaNA,3.640502,4.727308,7.295407000000001,0,2591700,21.674012,Interactive,1,1.75
181200,aDTQIqgen6guUNck6NattbZgRhAHpdxMtPDNUZB6TZwT4vlfgJib6VFVprlDnaNA,3.868075,4.768502,6.7262830000000005,0,2591700,21.674012,Interactive,1,1.75
181500,aDTQIqgen6guUNck6NattbZgRhAHpdxMtPDNUZB6TZwT4vlfgJib6VFVprlDnaNA,3.463307,4.377330000000001,5.799623,0,2591700,21.674012,Interactive,1,1.75
181800,aDTQIqgen6guUNck6NattbZgRhAHpdxMtPDNUZB6TZwT4vlfgJib6VFVprlDnaNA,3.905074,4.849641,6.974241999999999,0,2591700,21.674012,Interactive,1,1.75
182100,aDTQIqgen6guUNck6NattbZgRhAHpdxMtPDNUZB6TZwT4vlfgJib6VFVprlDnaNA,3.763949,4.8701300000000005,6.068942,0,2591700,21.674012,Interactive,1,1.75
182400,aDTQIqgen6guUNck6NattbZgRhAHpdxMtPDNUZB6TZwT4vlfgJib6VFVprlDnaNA,3.78005,4.6265480000000005,5.436763,0,2591700,21.674012,Interactive,1,1.75
182700,aDTQIqgen6guUNck6NattbZgRhAHpdxMtPDNUZB6TZwT4vlfgJib6VFVprlDnaNA,4.153299,4.841292,6.458762,0,2591700,21.674012,Interactive,1,1.75
183000,aDTQIqgen6guUNck6NattbZgRhAHpdxMtPDNUZB6TZwT4vlfgJib6VFVprlDnaNA,3.521764,4.664569999999999,6.074393,0,2591700,21.674012,Interactive,1,1.75
183300,aDTQIqgen6guUNck6NattbZgRhAHpdxMtPDNUZB6TZwT4vlfgJib6VFVprlDnaNA,4.037937,4.704764,6.021914,0,2591700,21.674012,Interactive,1,1.75
183600,aDTQIqgen6guUNck6NattbZgRhAHpdxMtPDNUZB6TZwT4vlfgJib6VFVprlDnaNA,2.621903,7.286301,24.707087,0,2591700,21.674012,Interactive,1,1.75
183900,aDTQIqgen6guUNck6NattbZgRhAHpdxMtPDNUZB6TZwT4vlfgJib6VFVprlDnaNA,3.716685,4.520574,6.235143,0,2591700,21.674012,Interactive,1,1.75
184200,aDTQIqgen6guUNck6NattbZgRhAHpdxMtPDNUZB6TZwT4vlfgJib6VFVprlDnaNA,2.919285,4.248489,5.369411,0,2591700,21.674012,Interactive,1,1.75
184500,aDTQIqgen6guUNck6NattbZgRhAHpdxMtPDNUZB6TZwT4vlfgJib6VFVprlDnaNA,3.723387,4.761989,6.855469,0,2591700,21.674012,Interactive,1,1.75
184800,aDTQIqgen6guUNck6NattbZgRhAHpdxMtPDNUZB6TZwT4vlfgJib6VFVprlDnaNA,3.476669,4.647936,6.057565,0,2591700,21.674012,Interactive,1,1.75
185100,aDTQIqgen6guUNck6NattbZgRhAHpdxMtPDNUZB6TZwT4vlfgJib6VFVprlDnaNA,3.059076,4.424785,6.067258,0,2591700,21.674012,Interactive,1,1.75
185400,aDTQIqgen6guUNck6NattbZgRhAHpdxMtPDNUZB6TZwT4vlfgJib6VFVprlDnaNA,4.206487999999999,4.829435,6.581535000000001,0,2591700,21.674012,Interactive,1,1.75
185700,aDTQIqgen6guUNck6NattbZgRhAHpdxMtPDNUZB6TZwT4vlfgJib6VFVprlDnaNA,4.105256,4.694147,5.139138,0,2591700,21.674012,Interactive,1,1.75
186000,aDTQIqgen6guUNck6NattbZgRhAHpdxMtPDNUZB6TZwT4vlfgJib6VFVprlDnaNA,3.838378,4.7259,6.059916,0,2591700,21.674012,Interactive,1,1.75
186300,aDTQIqgen6guUNck6NattbZgRhAHpdxMtPDNUZB6TZwT4vlfgJib6VFVprlDnaNA,3.458764,4.690161,6.271438,0,2591700,21.674012,Interactive,1,1.75
186600,aDTQIqgen6guUNck6NattbZgRhAHpdxMtPDNUZB6TZwT4vlfgJib6VFVprlDnaNA,3.794679,4.608823,5.793292,0,2591700,21.674012,Interactive,1,1.75
186900,aDTQIqgen6guUNck6NattbZgRhAHpdxMtPDNUZB6TZwT4vlfgJib6VFVprlDnaNA,4.066262999999999,4.891043,6.0203050000000005,0,2591700,21.674012,Interactive,1,1.75
187200,aDTQIqgen6guUNck6NattbZgRhAHpdxMtPDNUZB6TZwT4vlfgJib6VFVprlDnaNA,4.091973,7.548558,30.253549,0,2591700,21.674012,Interactive,1,1.75
187500,aDTQIqgen6guUNck6NattbZgRhAHpdxMtPDNUZB6TZwT4vlfgJib6VFVprlDnaNA,3.452635,4.545362,6.080851,0,2591700,21.674012,Interactive,1,1.75
187800,aDTQIqgen6guUNck6NattbZgRhAHpdxMtPDNUZB6TZwT4vlfgJib6VFVprlDnaNA,4.318980000000001,5.266091,6.149207,0,2591700,21.674012,Interactive,1,1.75
188100,aDTQIqgen6guUNck6NattbZgRhAHpdxMtPDNUZB6TZwT4vlfgJib6VFVprlDnaNA,4.009602,5.019254,6.628617,0,2591700,21.674012,Interactive,1,1.75
188400,aDTQIqgen6guUNck6NattbZgRhAHpdxMtPDNUZB6TZwT4vlfgJib6VFVprlDnaNA,3.86448,4.696665,5.469794,0,2591700,21.674012,Interactive,1,1.75
188700,aDTQIqgen6guUNck6NattbZgRhAHpdxMtPDNUZB6TZwT4vlfgJib6VFVprlDnaNA,3.949387,4.7493870000000005,5.7017690000000005,0,2591700,21.674012,Interactive,1,1.75
189000,aDTQIqgen6guUNck6NattbZgRhAHpdxMtPDNUZB6TZwT4vlfgJib6VFVprlDnaNA,3.4854300000000005,4.353816999999999,5.724518,0,2591700,21.674012,Interactive,1,1.75
189300,aDTQIqgen6guUNck6NattbZgRhAHpdxMtPDNUZB6TZwT4vlfgJib6VFVprlDnaNA,3.763303,4.369527,4.967003,0,2591700,21.674012,Interactive,1,1.75
189600,aDTQIqgen6guUNck6NattbZgRhAHpdxMtPDNUZB6TZwT4vlfgJib6VFVprlDnaNA,4.016339,4.8125480000000005,6.446273000000001,0,2591700,21.674012,Interactive,1,1.75
189900,aDTQIqgen6guUNck6NattbZgRhAHpdxMtPDNUZB6TZwT4vlfgJib6VFVprlDnaNA,4.0483970000000005,4.831556,6.3323730000000005,0,2591700,21.674012,Interactive,1,1.75
190200,aDTQIqgen6guUNck6NattbZgRhAHpdxMtPDNUZB6TZwT4vlfgJib6VFVprlDnaNA,3.742396,4.724582,5.925498,0,2591700,21.674012,Interactive,1,1.75
190500,aDTQIqgen6guUNck6NattbZgRhAHpdxMtPDNUZB6TZwT4vlfgJib6VFVprlDnaNA,3.007495,4.720596,6.086395,0,2591700,21.674012,Interactive,1,1.75
190800,aDTQIqgen6guUNck6NattbZgRhAHpdxMtPDNUZB6TZwT4vlfgJib6VFVprlDnaNA,4.181392,7.600611,29.737288,0,2591700,21.674012,Interactive,1,1.75
191100,aDTQIqgen6guUNck6NattbZgRhAHpdxMtPDNUZB6TZwT4vlfgJib6VFVprlDnaNA,4.022396,4.848648000000001,6.058076,0,2591700,21.674012,Interactive,1,1.75
191400,aDTQIqgen6guUNck6NattbZgRhAHpdxMtPDNUZB6TZwT4vlfgJib6VFVprlDnaNA,3.891953,4.810644,5.876138,0,2591700,21.674012,Interactive,1,1.75
191700,aDTQIqgen6guUNck6NattbZgRhAHpdxMtPDNUZB6TZwT4vlfgJib6VFVprlDnaNA,3.684972,4.842228,6.327557,0,2591700,21.674012,Interactive,1,1.75
192000,aDTQIqgen6guUNck6NattbZgRhAHpdxMtPDNUZB6TZwT4vlfgJib6VFVprlDnaNA,3.664268,4.492514,5.37466,0,2591700,21.674012,Interactive,1,1.75
192300,aDTQIqgen6guUNck6NattbZgRhAHpdxMtPDNUZB6TZwT4vlfgJib6VFVprlDnaNA,3.813769,4.717066,5.946407,0,2591700,21.674012,Interactive,1,1.75
192600,aDTQIqgen6guUNck6NattbZgRhAHpdxMtPDNUZB6TZwT4vlfgJib6VFVprlDnaNA,3.988215,4.980516000000001,6.536677,0,2591700,21.674012,Interactive,1,1.75
192900,aDTQIqgen6guUNck6NattbZgRhAHpdxMtPDNUZB6TZwT4vlfgJib6VFVprlDnaNA,3.947519,4.797314,5.903957,0,2591700,21.674012,Interactive,1,1.75
193200,aDTQIqgen6guUNck6NattbZgRhAHpdxMtPDNUZB6TZwT4vlfgJib6VFVprlDnaNA,3.660892,4.985094999999999,9.656981,0,2591700,21.674012,Interactive,1,1.75
193500,aDTQIqgen6guUNck6NattbZgRhAHpdxMtPDNUZB6TZwT4vlfgJib6VFVprlDnaNA,3.571406,4.558096,6.516683,0,2591700,21.674012,Interactive,1,1.75
193800,aDTQIqgen6guUNck6NattbZgRhAHpdxMtPDNUZB6TZwT4vlfgJib6VFVprlDnaNA,4.165728,4.957135,5.770205000000001,0,2591700,21.674012,Interactive,1,1.75
194100,aDTQIqgen6guUNck6NattbZgRhAHpdxMtPDNUZB6TZwT4vlfgJib6VFVprlDnaNA,3.937177,4.984424,6.315295,0,2591700,21.674012,Interactive,1,1.75
194400,aDTQIqgen6guUNck6NattbZgRhAHpdxMtPDNUZB6TZwT4vlfgJib6VFVprlDnaNA,3.971198,7.627345,21.862514,0,2591700,21.674012,Interactive,1,1.75
194700,aDTQIqgen6guUNck6NattbZgRhAHpdxMtPDNUZB6TZwT4vlfgJib6VFVprlDnaNA,4.003014,4.869659,5.838488,0,2591700,21.674012,Interactive,1,1.75
195000,aDTQIqgen6guUNck6NattbZgRhAHpdxMtPDNUZB6TZwT4vlfgJib6VFVprlDnaNA,3.847161,4.765142,5.782114,0,2591700,21.674012,Interactive,1,1.75
195300,aDTQIqgen6guUNck6NattbZgRhAHpdxMtPDNUZB6TZwT4vlfgJib6VFVprlDnaNA,4.218119000000001,13.258049,45.201305,0,2591700,21.674012,Interactive,1,1.75
195600,aDTQIqgen6guUNck6NattbZgRhAHpdxMtPDNUZB6TZwT4vlfgJib6VFVprlDnaNA,3.774094,6.109139,17.107537,0,2591700,21.674012,Interactive,1,1.75
195900,aDTQIqgen6guUNck6NattbZgRhAHpdxMtPDNUZB6TZwT4vlfgJib6VFVprlDnaNA,3.625579,4.677494,6.387592,0,2591700,21.674012,Interactive,1,1.75
196200,aDTQIqgen6guUNck6NattbZgRhAHpdxMtPDNUZB6TZwT4vlfgJib6VFVprlDnaNA,3.686314,4.475626999999999,6.456616,0,2591700,21.674012,Interactive,1,1.75
196500,aDTQIqgen6guUNck6NattbZgRhAHpdxMtPDNUZB6TZwT4vlfgJib6VFVprlDnaNA,3.895599,4.921682,5.921952,0,2591700,21.674012,Interactive,1,1.75
196800,aDTQIqgen6guUNck6NattbZgRhAHpdxMtPDNUZB6TZwT4vlfgJib6VFVprlDnaNA,4.258973999999999,4.960780000000001,6.348234,0,2591700,21.674012,Interactive,1,1.75
197100,aDTQIqgen6guUNck6NattbZgRhAHpdxMtPDNUZB6TZwT4vlfgJib6VFVprlDnaNA,4.013541,5.508897,8.174008,0,2591700,21.674012,Interactive,1,1.75
197400,aDTQIqgen6guUNck6NattbZgRhAHpdxMtPDNUZB6TZwT4vlfgJib6VFVprlDnaNA,3.528088,4.370121,5.028048,0,2591700,21.674012,Interactive,1,1.75
197700,aDTQIqgen6guUNck6NattbZgRhAHpdxMtPDNUZB6TZwT4vlfgJib6VFVprlDnaNA,3.762205,4.954088,8.750775,0,2591700,21.674012,Interactive,1,1.75
198000,aDTQIqgen6guUNck6NattbZgRhAHpdxMtPDNUZB6TZwT4vlfgJib6VFVprlDnaNA,3.962291000000001,7.610733,30.226865000000004,0,2591700,21.674012,Interactive,1,1.75
198300,aDTQIqgen6guUNck6NattbZgRhAHpdxMtPDNUZB6TZwT4vlfgJib6VFVprlDnaNA,3.829264,5.714189,15.77811,0,2591700,21.674012,Interactive,1,1.75
198600,aDTQIqgen6guUNck6NattbZgRhAHpdxMtPDNUZB6TZwT4vlfgJib6VFVprlDnaNA,2.62723,4.871453,6.978160000000001,0,2591700,21.674012,Interactive,1,1.75
198900,aDTQIqgen6guUNck6NattbZgRhAHpdxMtPDNUZB6TZwT4vlfgJib6VFVprlDnaNA,3.744669,4.735213,6.459702,0,2591700,21.674012,Interactive,1,1.75
199200,aDTQIqgen6guUNck6NattbZgRhAHpdxMtPDNUZB6TZwT4vlfgJib6VFVprlDnaNA,4.114717,5.557529,12.543112,0,2591700,21.674012,Interactive,1,1.75
199500,aDTQIqgen6guUNck6NattbZgRhAHpdxMtPDNUZB6TZwT4vlfgJib6VFVprlDnaNA,4.392245,5.080045,6.622625,0,2591700,21.674012,Interactive,1,1.75
199800,aDTQIqgen6guUNck6NattbZgRhAHpdxMtPDNUZB6TZwT4vlfgJib6VFVprlDnaNA,3.433665,4.926334,6.0830720000000005,0,2591700,21.674012,Interactive,1,1.75
200100,aDTQIqgen6guUNck6NattbZgRhAHpdxMtPDNUZB6TZwT4vlfgJib6VFVprlDnaNA,3.77045,4.387167,5.411782,0,2591700,21.674012,Interactive,1,1.75
200400,aDTQIqgen6guUNck6NattbZgRhAHpdxMtPDNUZB6TZwT4vlfgJib6VFVprlDnaNA,4.278722,4.744997,5.985874,0,2591700,21.674012,Interactive,1,1.75
200700,aDTQIqgen6guUNck6NattbZgRhAHpdxMtPDNUZB6TZwT4vlfgJib6VFVprlDnaNA,4.117962,5.026049,6.542057,0,2591700,21.674012,Interactive,1,1.75
201000,aDTQIqgen6guUNck6NattbZgRhAHpdxMtPDNUZB6TZwT4vlfgJib6VFVprlDnaNA,3.910235,5.24757,9.467015,0,2591700,21.674012,Interactive,1,1.75
201300,aDTQIqgen6guUNck6NattbZgRhAHpdxMtPDNUZB6TZwT4vlfgJib6VFVprlDnaNA,2.131321,4.722574,6.322809,0,2591700,21.674012,Interactive,1,1.75
201600,aDTQIqgen6guUNck6NattbZgRhAHpdxMtPDNUZB6TZwT4vlfgJib6VFVprlDnaNA,3.77469,7.250106,30.560662,0,2591700,21.674012,Interactive,1,1.75
201900,aDTQIqgen6guUNck6NattbZgRhAHpdxMtPDNUZB6TZwT4vlfgJib6VFVprlDnaNA,3.66034,4.428314,5.244325,0,2591700,21.674012,Interactive,1,1.75
202200,aDTQIqgen6guUNck6NattbZgRhAHpdxMtPDNUZB6TZwT4vlfgJib6VFVprlDnaNA,3.740479,4.805658,6.565717,0,2591700,21.674012,Interactive,1,1.75
202500,aDTQIqgen6guUNck6NattbZgRhAHpdxMtPDNUZB6TZwT4vlfgJib6VFVprlDnaNA,4.208183,4.989309,6.315736,0,2591700,21.674012,Interactive,1,1.75
202800,aDTQIqgen6guUNck6NattbZgRhAHpdxMtPDNUZB6TZwT4vlfgJib6VFVprlDnaNA,4.030426,4.682980000000001,5.656571,0,2591700,21.674012,Interactive,1,1.75
203100,aDTQIqgen6guUNck6NattbZgRhAHpdxMtPDNUZB6TZwT4vlfgJib6VFVprlDnaNA,3.967908,4.868565,6.407034,0,2591700,21.674012,Interactive,1,1.75
203400,aDTQIqgen6guUNck6NattbZgRhAHpdxMtPDNUZB6TZwT4vlfgJib6VFVprlDnaNA,4.244292,4.89746,6.304454,0,2591700,21.674012,Interactive,1,1.75
203700,aDTQIqgen6guUNck6NattbZgRhAHpdxMtPDNUZB6TZwT4vlfgJib6VFVprlDnaNA,3.935713,5.702548,13.971127,0,2591700,21.674012,Interactive,1,1.75
204000,aDTQIqgen6guUNck6NattbZgRhAHpdxMtPDNUZB6TZwT4vlfgJib6VFVprlDnaNA,3.663212,4.660007,6.604075999999999,0,2591700,21.674012,Interactive,1,1.75
204300,aDTQIqgen6guUNck6NattbZgRhAHpdxMtPDNUZB6TZwT4vlfgJib6VFVprlDnaNA,3.634993,4.710261,6.603750999999999,0,2591700,21.674012,Interactive,1,1.75
204600,aDTQIqgen6guUNck6NattbZgRhAHpdxMtPDNUZB6TZwT4vlfgJib6VFVprlDnaNA,3.674107,4.711858,5.321488,0,2591700,21.674012,Interactive,1,1.75
204900,aDTQIqgen6guUNck6NattbZgRhAHpdxMtPDNUZB6TZwT4vlfgJib6VFVprlDnaNA,4.160471,4.991123,6.685113,0,2591700,21.674012,Interactive,1,1.75
205200,aDTQIqgen6guUNck6NattbZgRhAHpdxMtPDNUZB6TZwT4vlfgJib6VFVprlDnaNA,4.606045,7.877811,19.924563,0,2591700,21.674012,Interactive,1,1.75
205500,aDTQIqgen6guUNck6NattbZgRhAHpdxMtPDNUZB6TZwT4vlfgJib6VFVprlDnaNA,3.844159,4.92395,5.863576,0,2591700,21.674012,Interactive,1,1.75
205800,aDTQIqgen6guUNck6NattbZgRhAHpdxMtPDNUZB6TZwT4vlfgJib6VFVprlDnaNA,4.083339,4.843623,6.3682870000000005,0,2591700,21.674012,Interactive,1,1.75
206100,aDTQIqgen6guUNck6NattbZgRhAHpdxMtPDNUZB6TZwT4vlfgJib6VFVprlDnaNA,4.414951,7.916666,29.068717,0,2591700,21.674012,Interactive,1,1.75
206400,aDTQIqgen6guUNck6NattbZgRhAHpdxMtPDNUZB6TZwT4vlfgJib6VFVprlDnaNA,3.970252,4.844447,6.162017,0,2591700,21.674012,Interactive,1,1.75
206700,aDTQIqgen6guUNck6NattbZgRhAHpdxMtPDNUZB6TZwT4vlfgJib6VFVprlDnaNA,3.918267,5.012489,6.647651,0,2591700,21.674012,Interactive,1,1.75
207000,aDTQIqgen6guUNck6NattbZgRhAHpdxMtPDNUZB6TZwT4vlfgJib6VFVprlDnaNA,4.4100980000000005,5.035462,5.80104,0,2591700,21.674012,Interactive,1,1.75
207300,aDTQIqgen6guUNck6NattbZgRhAHpdxMtPDNUZB6TZwT4vlfgJib6VFVprlDnaNA,3.830447,4.958906,7.008274,0,2591700,21.674012,Interactive,1,1.75
207600,aDTQIqgen6guUNck6NattbZgRhAHpdxMtPDNUZB6TZwT4vlfgJib6VFVprlDnaNA,4.03014,5.20022,7.076037,0,2591700,21.674012,Interactive,1,1.75
207900,aDTQIqgen6guUNck6NattbZgRhAHpdxMtPDNUZB6TZwT4vlfgJib6VFVprlDnaNA,4.348803,4.9270830000000005,6.017232,0,2591700,21.674012,Interactive,1,1.75
208200,aDTQIqgen6guUNck6NattbZgRhAHpdxMtPDNUZB6TZwT4vlfgJib6VFVprlDnaNA,3.674296,4.582273000000001,5.758058999999999,0,2591700,21.674012,Interactive,1,1.75
208500,aDTQIqgen6guUNck6NattbZgRhAHpdxMtPDNUZB6TZwT4vlfgJib6VFVprlDnaNA,3.867628,4.735476,6.004467,0,2591700,21.674012,Interactive,1,1.75
208800,aDTQIqgen6guUNck6NattbZgRhAHpdxMtPDNUZB6TZwT4vlfgJib6VFVprlDnaNA,4.202608000000001,7.460895,29.877484000000003,0,2591700,21.674012,Interactive,1,1.75
209100,aDTQIqgen6guUNck6NattbZgRhAHpdxMtPDNUZB6TZwT4vlfgJib6VFVprlDnaNA,4.012788,5.298975,9.381611,0,2591700,21.674012,Interactive,1,1.75
209400,aDTQIqgen6guUNck6NattbZgRhAHpdxMtPDNUZB6TZwT4vlfgJib6VFVprlDnaNA,4.147112,5.254112,8.080691,0,2591700,21.674012,Interactive,1,1.75
209700,aDTQIqgen6guUNck6NattbZgRhAHpdxMtPDNUZB6TZwT4vlfgJib6VFVprlDnaNA,4.422576,4.965965,6.25351,0,2591700,21.674012,Interactive,1,1.75
210000,aDTQIqgen6guUNck6NattbZgRhAHpdxMtPDNUZB6TZwT4vlfgJib6VFVprlDnaNA,3.837646,4.589811,6.179055,0,2591700,21.674012,Interactive,1,1.75
210300,aDTQIqgen6guUNck6NattbZgRhAHpdxMtPDNUZB6TZwT4vlfgJib6VFVprlDnaNA,4.037058,4.908822,6.498076,0,2591700,21.674012,Interactive,1,1.75
210600,aDTQIqgen6guUNck6NattbZgRhAHpdxMtPDNUZB6TZwT4vlfgJib6VFVprlDnaNA,4.126083,5.153243,7.142995,0,2591700,21.674012,Interactive,1,1.75
210900,aDTQIqgen6guUNck6NattbZgRhAHpdxMtPDNUZB6TZwT4vlfgJib6VFVprlDnaNA,4.329048,5.3005580000000005,6.664810000000001,0,2591700,21.674012,Interactive,1,1.75
211200,aDTQIqgen6guUNck6NattbZgRhAHpdxMtPDNUZB6TZwT4vlfgJib6VFVprlDnaNA,3.865164,4.908102,6.734622,0,2591700,21.674012,Interactive,1,1.75
211500,aDTQIqgen6guUNck6NattbZgRhAHpdxMtPDNUZB6TZwT4vlfgJib6VFVprlDnaNA,4.197453,4.993962000000001,6.346988,0,2591700,21.674012,Interactive,1,1.75
211800,aDTQIqgen6guUNck6NattbZgRhAHpdxMtPDNUZB6TZwT4vlfgJib6VFVprlDnaNA,4.327847,5.018555999999999,5.864553,0,2591700,21.674012,Interactive,1,1.75
212100,aDTQIqgen6guUNck6NattbZgRhAHpdxMtPDNUZB6TZwT4vlfgJib6VFVprlDnaNA,3.894457,4.815102,6.6766,0,2591700,21.674012,Interactive,1,1.75
212400,aDTQIqgen6guUNck6NattbZgRhAHpdxMtPDNUZB6TZwT4vlfgJib6VFVprlDnaNA,4.070156,7.346055000000001,30.58085,0,2591700,21.674012,Interactive,1,1.75
212700,aDTQIqgen6guUNck6NattbZgRhAHpdxMtPDNUZB6TZwT4vlfgJib6VFVprlDnaNA,3.5829699999999995,4.646574,6.981346,0,2591700,21.674012,Interactive,1,1.75
213000,aDTQIqgen6guUNck6NattbZgRhAHpdxMtPDNUZB6TZwT4vlfgJib6VFVprlDnaNA,4.293183999999999,5.155373,6.915649,0,2591700,21.674012,Interactive,1,1.75
213300,aDTQIqgen6guUNck6NattbZgRhAHpdxMtPDNUZB6TZwT4vlfgJib6VFVprlDnaNA,4.113582,5.067751,6.060419,0,2591700,21.674012,Interactive,1,1.75
213600,aDTQIqgen6guUNck6NattbZgRhAHpdxMtPDNUZB6TZwT4vlfgJib6VFVprlDnaNA,4.432379,5.222817,7.065111,0,2591700,21.674012,Interactive,1,1.75
213900,aDTQIqgen6guUNck6NattbZgRhAHpdxMtPDNUZB6TZwT4vlfgJib6VFVprlDnaNA,4.700703,5.3018790000000005,6.723623,0,2591700,21.674012,Interactive,1,1.75
214200,aDTQIqgen6guUNck6NattbZgRhAHpdxMtPDNUZB6TZwT4vlfgJib6VFVprlDnaNA,3.984537,4.78634,5.749266,0,2591700,21.674012,Interactive,1,1.75
214500,aDTQIqgen6guUNck6NattbZgRhAHpdxMtPDNUZB6TZwT4vlfgJib6VFVprlDnaNA,3.686372,5.10764,10.811113,0,2591700,21.674012,Interactive,1,1.75
214800,aDTQIqgen6guUNck6NattbZgRhAHpdxMtPDNUZB6TZwT4vlfgJib6VFVprlDnaNA,2.960771,4.645156,6.096858999999999,0,2591700,21.674012,Interactive,1,1.75
215100,aDTQIqgen6guUNck6NattbZgRhAHpdxMtPDNUZB6TZwT4vlfgJib6VFVprlDnaNA,4.387759,5.1524980000000005,5.818099,0,2591700,21.674012,Interactive,1,1.75
215400,aDTQIqgen6guUNck6NattbZgRhAHpdxMtPDNUZB6TZwT4vlfgJib6VFVprlDnaNA,3.890496,5.132643,6.911721000000001,0,2591700,21.674012,Interactive,1,1.75
215700,aDTQIqgen6guUNck6NattbZgRhAHpdxMtPDNUZB6TZwT4vlfgJib6VFVprlDnaNA,4.409212,5.114481,6.1137440000000005,0,2591700,21.674012,Interactive,1,1.75
216000,aDTQIqgen6guUNck6NattbZgRhAHpdxMtPDNUZB6TZwT4vlfgJib6VFVprlDnaNA,4.413441000000001,7.549668,27.165605,0,2591700,21.674012,Interactive,1,1.75
216300,aDTQIqgen6guUNck6NattbZgRhAHpdxMtPDNUZB6TZwT4vlfgJib6VFVprlDnaNA,3.739855,4.999457,6.412424,0,2591700,21.674012,Interactive,1,1.75
216600,aDTQIqgen6guUNck6NattbZgRhAHpdxMtPDNUZB6TZwT4vlfgJib6VFVprlDnaNA,4.211654,8.220864,37.429548,0,2591700,21.674012,Interactive,1,1.75
216900,aDTQIqgen6guUNck6NattbZgRhAHpdxMtPDNUZB6TZwT4vlfgJib6VFVprlDnaNA,4.180719,4.875286,6.442752,0,2591700,21.674012,Interactive,1,1.75
217200,aDTQIqgen6guUNck6NattbZgRhAHpdxMtPDNUZB6TZwT4vlfgJib6VFVprlDnaNA,4.060567,5.150252,6.806394,0,2591700,21.674012,Interactive,1,1.75
217500,aDTQIqgen6guUNck6NattbZgRhAHpdxMtPDNUZB6TZwT4vlfgJib6VFVprlDnaNA,3.162574,4.60075,5.660046,0,2591700,21.674012,Interactive,1,1.75
217800,aDTQIqgen6guUNck6NattbZgRhAHpdxMtPDNUZB6TZwT4vlfgJib6VFVprlDnaNA,4.113367,4.899488,5.918541,0,2591700,21.674012,Interactive,1,1.75
218100,aDTQIqgen6guUNck6NattbZgRhAHpdxMtPDNUZB6TZwT4vlfgJib6VFVprlDnaNA,4.391207,4.831444,6.224571,0,2591700,21.674012,Interactive,1,1.75
218400,aDTQIqgen6guUNck6NattbZgRhAHpdxMtPDNUZB6TZwT4vlfgJib6VFVprlDnaNA,3.613611,4.547527,5.528028,0,2591700,21.674012,Interactive,1,1.75
218700,aDTQIqgen6guUNck6NattbZgRhAHpdxMtPDNUZB6TZwT4vlfgJib6VFVprlDnaNA,2.828412,4.278362,5.17968,0,2591700,21.674012,Interactive,1,1.75
219000,aDTQIqgen6guUNck6NattbZgRhAHpdxMtPDNUZB6TZwT4vlfgJib6VFVprlDnaNA,3.804586,4.9828470000000005,6.270266,0,2591700,21.674012,Interactive,1,1.75
219300,aDTQIqgen6guUNck6NattbZgRhAHpdxMtPDNUZB6TZwT4vlfgJib6VFVprlDnaNA,3.080248,4.823874,6.331441000000001,0,2591700,21.674012,Interactive,1,1.75
219600,aDTQIqgen6guUNck6NattbZgRhAHpdxMtPDNUZB6TZwT4vlfgJib6VFVprlDnaNA,4.165851,7.546459,30.738537,0,2591700,21.674012,Interactive,1,1.75
219900,aDTQIqgen6guUNck6NattbZgRhAHpdxMtPDNUZB6TZwT4vlfgJib6VFVprlDnaNA,4.416614,5.14309,6.735301,0,2591700,21.674012,Interactive,1,1.75
220200,aDTQIqgen6guUNck6NattbZgRhAHpdxMtPDNUZB6TZwT4vlfgJib6VFVprlDnaNA,4.3346290000000005,4.821946,5.720642,0,2591700,21.674012,Interactive,1,1.75
220500,aDTQIqgen6guUNck6NattbZgRhAHpdxMtPDNUZB6TZwT4vlfgJib6VFVprlDnaNA,4.367581,5.084296,5.853634,0,2591700,21.674012,Interactive,1,1.75
220800,aDTQIqgen6guUNck6NattbZgRhAHpdxMtPDNUZB6TZwT4vlfgJib6VFVprlDnaNA,3.005269,4.700028,6.212841,0,2591700,21.674012,Interactive,1,1.75
221100,aDTQIqgen6guUNck6NattbZgRhAHpdxMtPDNUZB6TZwT4vlfgJib6VFVprlDnaNA,4.158368,4.844949,5.863288,0,2591700,21.674012,Interactive,1,1.75
221400,aDTQIqgen6guUNck6NattbZgRhAHpdxMtPDNUZB6TZwT4vlfgJib6VFVprlDnaNA,4.247833999999999,4.746442,5.391662999999999,0,2591700,21.674012,Interactive,1,1.75
221700,aDTQIqgen6guUNck6NattbZgRhAHpdxMtPDNUZB6TZwT4vlfgJib6VFVprlDnaNA,3.903226,4.864612,6.047927,0,2591700,21.674012,Interactive,1,1.75
222000,aDTQIqgen6guUNck6NattbZgRhAHpdxMtPDNUZB6TZwT4vlfgJib6VFVprlDnaNA,4.026530999999999,4.876951999999999,5.786557,0,2591700,21.674012,Interactive,1,1.75
222300,aDTQIqgen6guUNck6NattbZgRhAHpdxMtPDNUZB6TZwT4vlfgJib6VFVprlDnaNA,4.348188,4.836987000000001,5.609558,0,2591700,21.674012,Interactive,1,1.75
222600,aDTQIqgen6guUNck6NattbZgRhAHpdxMtPDNUZB6TZwT4vlfgJib6VFVprlDnaNA,3.742912000000001,4.802105,7.857897,0,2591700,21.674012,Interactive,1,1.75
222900,aDTQIqgen6guUNck6NattbZgRhAHpdxMtPDNUZB6TZwT4vlfgJib6VFVprlDnaNA,3.69627,4.371462,5.226748000000001,0,2591700,21.674012,Interactive,1,1.75
223200,aDTQIqgen6guUNck6NattbZgRhAHpdxMtPDNUZB6TZwT4vlfgJib6VFVprlDnaNA,3.888501,7.186087,30.284484000000003,0,2591700,21.674012,Interactive,1,1.75
223500,aDTQIqgen6guUNck6NattbZgRhAHpdxMtPDNUZB6TZwT4vlfgJib6VFVprlDnaNA,4.124674,4.967552,6.8516330000000005,0,2591700,21.674012,Interactive,1,1.75
223800,aDTQIqgen6guUNck6NattbZgRhAHpdxMtPDNUZB6TZwT4vlfgJib6VFVprlDnaNA,4.060519,4.906626,6.2144580000000005,0,2591700,21.674012,Interactive,1,1.75
224100,aDTQIqgen6guUNck6NattbZgRhAHpdxMtPDNUZB6TZwT4vlfgJib6VFVprlDnaNA,4.157514,11.062868,31.544702,0,2591700,21.674012,Interactive,1,1.75
224400,aDTQIqgen6guUNck6NattbZgRhAHpdxMtPDNUZB6TZwT4vlfgJib6VFVprlDnaNA,3.627564,7.90079,30.082911,0,2591700,21.674012,Interactive,1,1.75
224700,aDTQIqgen6guUNck6NattbZgRhAHpdxMtPDNUZB6TZwT4vlfgJib6VFVprlDnaNA,3.728425,4.696202,6.269405,0,2591700,21.674012,Interactive,1,1.75
225000,aDTQIqgen6guUNck6NattbZgRhAHpdxMtPDNUZB6TZwT4vlfgJib6VFVprlDnaNA,3.988943,4.823651,5.694677,0,2591700,21.674012,Interactive,1,1.75
225300,aDTQIqgen6guUNck6NattbZgRhAHpdxMtPDNUZB6TZwT4vlfgJib6VFVprlDnaNA,4.195043,5.199643,7.987735000000001,0,2591700,21.674012,Interactive,1,1.75
225600,aDTQIqgen6guUNck6NattbZgRhAHpdxMtPDNUZB6TZwT4vlfgJib6VFVprlDnaNA,4.164972,4.818887999999999,5.889574,0,2591700,21.674012,Interactive,1,1.75
225900,aDTQIqgen6guUNck6NattbZgRhAHpdxMtPDNUZB6TZwT4vlfgJib6VFVprlDnaNA,4.02149,5.08882,6.609439999999999,0,2591700,21.674012,Interactive,1,1.75
226200,aDTQIqgen6guUNck6NattbZgRhAHpdxMtPDNUZB6TZwT4vlfgJib6VFVprlDnaNA,3.861086,4.991268,6.295306,0,2591700,21.674012,Interactive,1,1.75
226500,aDTQIqgen6guUNck6NattbZgRhAHpdxMtPDNUZB6TZwT4vlfgJib6VFVprlDnaNA,3.7051,4.81127,5.775418,0,2591700,21.674012,Interactive,1,1.75
226800,aDTQIqgen6guUNck6NattbZgRhAHpdxMtPDNUZB6TZwT4vlfgJib6VFVprlDnaNA,3.134536,7.093022,28.418648,0,2591700,21.674012,Interactive,1,1.75
227100,aDTQIqgen6guUNck6NattbZgRhAHpdxMtPDNUZB6TZwT4vlfgJib6VFVprlDnaNA,3.522389,4.72279,6.796645,0,2591700,21.674012,Interactive,1,1.75
227400,aDTQIqgen6guUNck6NattbZgRhAHpdxMtPDNUZB6TZwT4vlfgJib6VFVprlDnaNA,4.065505,8.384611,40.915143,0,2591700,21.674012,Interactive,1,1.75
227700,aDTQIqgen6guUNck6NattbZgRhAHpdxMtPDNUZB6TZwT4vlfgJib6VFVprlDnaNA,3.640851,4.770632,7.116308999999999,0,2591700,21.674012,Interactive,1,1.75
228000,aDTQIqgen6guUNck6NattbZgRhAHpdxMtPDNUZB6TZwT4vlfgJib6VFVprlDnaNA,3.78495,4.757035,6.830062,0,2591700,21.674012,Interactive,1,1.75
228300,aDTQIqgen6guUNck6NattbZgRhAHpdxMtPDNUZB6TZwT4vlfgJib6VFVprlDnaNA,3.960519,5.005172,6.840684,0,2591700,21.674012,Interactive,1,1.75
228600,aDTQIqgen6guUNck6NattbZgRhAHpdxMtPDNUZB6TZwT4vlfgJib6VFVprlDnaNA,3.471514,4.369664,7.015124,0,2591700,21.674012,Interactive,1,1.75
228900,aDTQIqgen6guUNck6NattbZgRhAHpdxMtPDNUZB6TZwT4vlfgJib6VFVprlDnaNA,3.430738,4.515815,6.438317,0,2591700,21.674012,Interactive,1,1.75
229200,aDTQIqgen6guUNck6NattbZgRhAHpdxMtPDNUZB6TZwT4vlfgJib6VFVprlDnaNA,3.922116,4.6517800000000005,5.861092,0,2591700,21.674012,Interactive,1,1.75
229500,aDTQIqgen6guUNck6NattbZgRhAHpdxMtPDNUZB6TZwT4vlfgJib6VFVprlDnaNA,4.147843,5.04881,6.9300880000000005,0,2591700,21.674012,Interactive,1,1.75
229800,aDTQIqgen6guUNck6NattbZgRhAHpdxMtPDNUZB6TZwT4vlfgJib6VFVprlDnaNA,3.784332,4.799559,6.443612,0,2591700,21.674012,Interactive,1,1.75
230100,aDTQIqgen6guUNck6NattbZgRhAHpdxMtPDNUZB6TZwT4vlfgJib6VFVprlDnaNA,3.873715,4.772945,6.047636,0,2591700,21.674012,Interactive,1,1.75
230400,aDTQIqgen6guUNck6NattbZgRhAHpdxMtPDNUZB6TZwT4vlfgJib6VFVprlDnaNA,3.757078,7.496542,30.652745,0,2591700,21.674012,Interactive,1,1.75
230700,aDTQIqgen6guUNck6NattbZgRhAHpdxMtPDNUZB6TZwT4vlfgJib6VFVprlDnaNA,3.754371,5.065891000000001,7.422810000000001,0,2591700,21.674012,Interactive,1,1.75
231000,aDTQIqgen6guUNck6NattbZgRhAHpdxMtPDNUZB6TZwT4vlfgJib6VFVprlDnaNA,3.5030050000000004,4.447935,5.51667,0,2591700,21.674012,Interactive,1,1.75
231300,aDTQIqgen6guUNck6NattbZgRhAHpdxMtPDNUZB6TZwT4vlfgJib6VFVprlDnaNA,4.274943,5.161407,7.451907,0,2591700,21.674012,Interactive,1,1.75
231600,aDTQIqgen6guUNck6NattbZgRhAHpdxMtPDNUZB6TZwT4vlfgJib6VFVprlDnaNA,3.676452,4.676188,6.174119,0,2591700,21.674012,Interactive,1,1.75
231900,aDTQIqgen6guUNck6NattbZgRhAHpdxMtPDNUZB6TZwT4vlfgJib6VFVprlDnaNA,4.050454,4.61144,5.851996,0,2591700,21.674012,Interactive,1,1.75
232200,aDTQIqgen6guUNck6NattbZgRhAHpdxMtPDNUZB6TZwT4vlfgJib6VFVprlDnaNA,3.727332,4.889298999999999,7.217189999999999,0,2591700,21.674012,Interactive,1,1.75
232500,aDTQIqgen6guUNck6NattbZgRhAHpdxMtPDNUZB6TZwT4vlfgJib6VFVprlDnaNA,3.346136,4.704359999999999,6.784279,0,2591700,21.674012,Interactive,1,1.75
232800,aDTQIqgen6guUNck6NattbZgRhAHpdxMtPDNUZB6TZwT4vlfgJib6VFVprlDnaNA,3.498011,4.171094999999999,5.259226,0,2591700,21.674012,Interactive,1,1.75
233100,aDTQIqgen6guUNck6NattbZgRhAHpdxMtPDNUZB6TZwT4vlfgJib6VFVprlDnaNA,3.786209,4.746551999999999,6.357785,0,2591700,21.674012,Interactive,1,1.75
233400,aDTQIqgen6guUNck6NattbZgRhAHpdxMtPDNUZB6TZwT4vlfgJib6VFVprlDnaNA,3.726271,4.782323,6.175676,0,2591700,21.674012,Interactive,1,1.75
233700,aDTQIqgen6guUNck6NattbZgRhAHpdxMtPDNUZB6TZwT4vlfgJib6VFVprlDnaNA,3.97557,4.758497,5.950953,0,2591700,21.674012,Interactive,1,1.75
234000,aDTQIqgen6guUNck6NattbZgRhAHpdxMtPDNUZB6TZwT4vlfgJib6VFVprlDnaNA,3.728258,6.985753,27.831713,0,2591700,21.674012,Interactive,1,1.75
234300,aDTQIqgen6guUNck6NattbZgRhAHpdxMtPDNUZB6TZwT4vlfgJib6VFVprlDnaNA,3.772486,5.168707,8.984917,0,2591700,21.674012,Interactive,1,1.75
234600,aDTQIqgen6guUNck6NattbZgRhAHpdxMtPDNUZB6TZwT4vlfgJib6VFVprlDnaNA,3.782338,4.597037,5.743426,0,2591700,21.674012,Interactive,1,1.75
234900,aDTQIqgen6guUNck6NattbZgRhAHpdxMtPDNUZB6TZwT4vlfgJib6VFVprlDnaNA,3.891562,4.820551999999999,6.552282,0,2591700,21.674012,Interactive,1,1.75
235200,aDTQIqgen6guUNck6NattbZgRhAHpdxMtPDNUZB6TZwT4vlfgJib6VFVprlDnaNA,3.784808,4.845902,6.497762000000001,0,2591700,21.674012,Interactive,1,1.75
235500,aDTQIqgen6guUNck6NattbZgRhAHpdxMtPDNUZB6TZwT4vlfgJib6VFVprlDnaNA,3.808966,4.490880000000001,5.59451,0,2591700,21.674012,Interactive,1,1.75
235800,aDTQIqgen6guUNck6NattbZgRhAHpdxMtPDNUZB6TZwT4vlfgJib6VFVprlDnaNA,3.433475,4.365929,6.323944,0,2591700,21.674012,Interactive,1,1.75
236100,aDTQIqgen6guUNck6NattbZgRhAHpdxMtPDNUZB6TZwT4vlfgJib6VFVprlDnaNA,3.892013,4.760783999999999,6.248002,0,2591700,21.674012,Interactive,1,1.75
236400,aDTQIqgen6guUNck6NattbZgRhAHpdxMtPDNUZB6TZwT4vlfgJib6VFVprlDnaNA,4.092111,4.708719,5.971538,0,2591700,21.674012,Interactive,1,1.75
236700,aDTQIqgen6guUNck6NattbZgRhAHpdxMtPDNUZB6TZwT4vlfgJib6VFVprlDnaNA,3.5178550000000004,4.454634,6.282437,0,2591700,21.674012,Interactive,1,1.75
237000,aDTQIqgen6guUNck6NattbZgRhAHpdxMtPDNUZB6TZwT4vlfgJib6VFVprlDnaNA,3.348793,4.467748,6.150882,0,2591700,21.674012,Interactive,1,1.75
237300,aDTQIqgen6guUNck6NattbZgRhAHpdxMtPDNUZB6TZwT4vlfgJib6VFVprlDnaNA,3.680765,4.672922,5.708397,0,2591700,21.674012,Interactive,1,1.75
237600,aDTQIqgen6guUNck6NattbZgRhAHpdxMtPDNUZB6TZwT4vlfgJib6VFVprlDnaNA,4.092671,4.85452,6.024575,0,2591700,21.674012,Interactive,1,1.75
237900,aDTQIqgen6guUNck6NattbZgRhAHpdxMtPDNUZB6TZwT4vlfgJib6VFVprlDnaNA,3.418825,7.428619,31.74537,0,2591700,21.674012,Interactive,1,1.75
238200,aDTQIqgen6guUNck6NattbZgRhAHpdxMtPDNUZB6TZwT4vlfgJib6VFVprlDnaNA,4.043772,4.8140480000000005,6.017267,0,2591700,21.674012,Interactive,1,1.75
238500,aDTQIqgen6guUNck6NattbZgRhAHpdxMtPDNUZB6TZwT4vlfgJib6VFVprlDnaNA,3.955554,4.675441,5.593776,0,2591700,21.674012,Interactive,1,1.75
238800,aDTQIqgen6guUNck6NattbZgRhAHpdxMtPDNUZB6TZwT4vlfgJib6VFVprlDnaNA,3.699386,4.623503,5.997503,0,2591700,21.674012,Interactive,1,1.75
239100,aDTQIqgen6guUNck6NattbZgRhAHpdxMtPDNUZB6TZwT4vlfgJib6VFVprlDnaNA,3.767906,4.616066,5.773402,0,2591700,21.674012,Interactive,1,1.75
239400,aDTQIqgen6guUNck6NattbZgRhAHpdxMtPDNUZB6TZwT4vlfgJib6VFVprlDnaNA,4.017648,4.8517980000000005,5.921163,0,2591700,21.674012,Interactive,1,1.75
239700,aDTQIqgen6guUNck6NattbZgRhAHpdxMtPDNUZB6TZwT4vlfgJib6VFVprlDnaNA,3.4804480000000004,4.337087,5.582186,0,2591700,21.674012,Interactive,1,1.75
240000,aDTQIqgen6guUNck6NattbZgRhAHpdxMtPDNUZB6TZwT4vlfgJib6VFVprlDnaNA,3.438596,4.293815,5.401303,0,2591700,21.674012,Interactive,1,1.75
240300,aDTQIqgen6guUNck6NattbZgRhAHpdxMtPDNUZB6TZwT4vlfgJib6VFVprlDnaNA,3.83576,4.655017,6.1191510000000005,0,2591700,21.674012,Interactive,1,1.75
240600,aDTQIqgen6guUNck6NattbZgRhAHpdxMtPDNUZB6TZwT4vlfgJib6VFVprlDnaNA,3.607298,4.460546,5.394173,0,2591700,21.674012,Interactive,1,1.75
240900,aDTQIqgen6guUNck6NattbZgRhAHpdxMtPDNUZB6TZwT4vlfgJib6VFVprlDnaNA,3.320446,4.290401,5.465586,0,2591700,21.674012,Interactive,1,1.75
241200,aDTQIqgen6guUNck6NattbZgRhAHpdxMtPDNUZB6TZwT4vlfgJib6VFVprlDnaNA,3.912465,4.649267,5.765812,0,2591700,21.674012,Interactive,1,1.75
241500,aDTQIqgen6guUNck6NattbZgRhAHpdxMtPDNUZB6TZwT4vlfgJib6VFVprlDnaNA,3.517034,7.222722999999999,31.905558000000003,0,2591700,21.674012,Interactive,1,1.75
241800,aDTQIqgen6guUNck6NattbZgRhAHpdxMtPDNUZB6TZwT4vlfgJib6VFVprlDnaNA,4.117367,5.636547,12.631817,0,2591700,21.674012,Interactive,1,1.75
242100,aDTQIqgen6guUNck6NattbZgRhAHpdxMtPDNUZB6TZwT4vlfgJib6VFVprlDnaNA,4.081348,4.917797,6.192513,0,2591700,21.674012,Interactive,1,1.75
242400,aDTQIqgen6guUNck6NattbZgRhAHpdxMtPDNUZB6TZwT4vlfgJib6VFVprlDnaNA,3.975968,4.6158220000000005,5.635477,0,2591700,21.674012,Interactive,1,1.75
242700,aDTQIqgen6guUNck6NattbZgRhAHpdxMtPDNUZB6TZwT4vlfgJib6VFVprlDnaNA,3.87736,4.803934,6.1246480000000005,0,2591700,21.674012,Interactive,1,1.75
243000,aDTQIqgen6guUNck6NattbZgRhAHpdxMtPDNUZB6TZwT4vlfgJib6VFVprlDnaNA,3.971531,4.780606,5.843985,0,2591700,21.674012,Interactive,1,1.75
243300,aDTQIqgen6guUNck6NattbZgRhAHpdxMtPDNUZB6TZwT4vlfgJib6VFVprlDnaNA,3.773766,4.638617,5.614363,0,2591700,21.674012,Interactive,1,1.75
243600,aDTQIqgen6guUNck6NattbZgRhAHpdxMtPDNUZB6TZwT4vlfgJib6VFVprlDnaNA,3.025827,4.658397,5.995405,0,2591700,21.674012,Interactive,1,1.75
243900,aDTQIqgen6guUNck6NattbZgRhAHpdxMtPDNUZB6TZwT4vlfgJib6VFVprlDnaNA,3.617006,4.455403,5.853896,0,2591700,21.674012,Interactive,1,1.75
244200,aDTQIqgen6guUNck6NattbZgRhAHpdxMtPDNUZB6TZwT4vlfgJib6VFVprlDnaNA,3.250221,4.098325,5.238862,0,2591700,21.674012,Interactive,1,1.75
244500,aDTQIqgen6guUNck6NattbZgRhAHpdxMtPDNUZB6TZwT4vlfgJib6VFVprlDnaNA,3.90309,4.672326,5.720857,0,2591700,21.674012,Interactive,1,1.75
244800,aDTQIqgen6guUNck6NattbZgRhAHpdxMtPDNUZB6TZwT4vlfgJib6VFVprlDnaNA,3.252841,4.235391,5.837524,0,2591700,21.674012,Interactive,1,1.75
245100,aDTQIqgen6guUNck6NattbZgRhAHpdxMtPDNUZB6TZwT4vlfgJib6VFVprlDnaNA,3.343017,6.975747999999999,22.009574,0,2591700,21.674012,Interactive,1,1.75
245400,aDTQIqgen6guUNck6NattbZgRhAHpdxMtPDNUZB6TZwT4vlfgJib6VFVprlDnaNA,3.4798410000000004,4.477143,5.776875,0,2591700,21.674012,Interactive,1,1.75
245700,aDTQIqgen6guUNck6NattbZgRhAHpdxMtPDNUZB6TZwT4vlfgJib6VFVprlDnaNA,4.11711,4.878042,6.258311,0,2591700,21.674012,Interactive,1,1.75
246000,aDTQIqgen6guUNck6NattbZgRhAHpdxMtPDNUZB6TZwT4vlfgJib6VFVprlDnaNA,4.024674,4.543325,5.085893,0,2591700,21.674012,Interactive,1,1.75
246300,aDTQIqgen6guUNck6NattbZgRhAHpdxMtPDNUZB6TZwT4vlfgJib6VFVprlDnaNA,3.975794,4.776816,5.802644,0,2591700,21.674012,Interactive,1,1.75
246600,aDTQIqgen6guUNck6NattbZgRhAHpdxMtPDNUZB6TZwT4vlfgJib6VFVprlDnaNA,4.0248230000000005,4.696857,5.514291,0,2591700,21.674012,Interactive,1,1.75
246900,aDTQIqgen6guUNck6NattbZgRhAHpdxMtPDNUZB6TZwT4vlfgJib6VFVprlDnaNA,3.900430000000001,4.6745,5.592828,0,2591700,21.674012,Interactive,1,1.75
247200,aDTQIqgen6guUNck6NattbZgRhAHpdxMtPDNUZB6TZwT4vlfgJib6VFVprlDnaNA,3.877499,4.742629,6.419535,0,2591700,21.674012,Interactive,1,1.75
247500,aDTQIqgen6guUNck6NattbZgRhAHpdxMtPDNUZB6TZwT4vlfgJib6VFVprlDnaNA,3.994019,4.906213,6.594189,0,2591700,21.674012,Interactive,1,1.75
247800,aDTQIqgen6guUNck6NattbZgRhAHpdxMtPDNUZB6TZwT4vlfgJib6VFVprlDnaNA,3.64586,4.703817,5.72486,0,2591700,21.674012,Interactive,1,1.75
248100,aDTQIqgen6guUNck6NattbZgRhAHpdxMtPDNUZB6TZwT4vlfgJib6VFVprlDnaNA,3.477132,4.411852,6.75069,0,2591700,21.674012,Interactive,1,1.75
248400,aDTQIqgen6guUNck6NattbZgRhAHpdxMtPDNUZB6TZwT4vlfgJib6VFVprlDnaNA,3.3914760000000004,4.462868,6.053995,0,2591700,21.674012,Interactive,1,1.75
248700,aDTQIqgen6guUNck6NattbZgRhAHpdxMtPDNUZB6TZwT4vlfgJib6VFVprlDnaNA,3.669931,7.231689999999999,30.877316,0,2591700,21.674012,Interactive,1,1.75
249000,aDTQIqgen6guUNck6NattbZgRhAHpdxMtPDNUZB6TZwT4vlfgJib6VFVprlDnaNA,4.093854,5.162866,7.480467,0,2591700,21.674012,Interactive,1,1.75
249300,aDTQIqgen6guUNck6NattbZgRhAHpdxMtPDNUZB6TZwT4vlfgJib6VFVprlDnaNA,4.251666,7.872973,32.316177,0,2591700,21.674012,Interactive,1,1.75
249600,aDTQIqgen6guUNck6NattbZgRhAHpdxMtPDNUZB6TZwT4vlfgJib6VFVprlDnaNA,3.90319,4.578022,5.741586,0,2591700,21.674012,Interactive,1,1.75
249900,aDTQIqgen6guUNck6NattbZgRhAHpdxMtPDNUZB6TZwT4vlfgJib6VFVprlDnaNA,3.741094,4.750106,6.890861,0,2591700,21.674012,Interactive,1,1.75
250200,aDTQIqgen6guUNck6NattbZgRhAHpdxMtPDNUZB6TZwT4vlfgJib6VFVprlDnaNA,3.729075,4.724059,6.74435,0,2591700,21.674012,Interactive,1,1.75
250500,aDTQIqgen6guUNck6NattbZgRhAHpdxMtPDNUZB6TZwT4vlfgJib6VFVprlDnaNA,4.005637999999999,4.824073,5.987029,0,2591700,21.674012,Interactive,1,1.75
250800,aDTQIqgen6guUNck6NattbZgRhAHpdxMtPDNUZB6TZwT4vlfgJib6VFVprlDnaNA,3.823257,4.80262,6.740278,0,2591700,21.674012,Interactive,1,1.75
251100,aDTQIqgen6guUNck6NattbZgRhAHpdxMtPDNUZB6TZwT4vlfgJib6VFVprlDnaNA,3.540232,4.7717220000000005,6.360951999999999,0,2591700,21.674012,Interactive,1,1.75
251400,aDTQIqgen6guUNck6NattbZgRhAHpdxMtPDNUZB6TZwT4vlfgJib6VFVprlDnaNA,3.767292,4.605768,5.797253,0,2591700,21.674012,Interactive,1,1.75
251700,aDTQIqgen6guUNck6NattbZgRhAHpdxMtPDNUZB6TZwT4vlfgJib6VFVprlDnaNA,4.025826,4.72803,7.042358999999999,0,2591700,21.674012,Interactive,1,1.75
252000,aDTQIqgen6guUNck6NattbZgRhAHpdxMtPDNUZB6TZwT4vlfgJib6VFVprlDnaNA,3.969199,4.7025440000000005,6.18231,0,2591700,21.674012,Interactive,1,1.75
252300,aDTQIqgen6guUNck6NattbZgRhAHpdxMtPDNUZB6TZwT4vlfgJib6VFVprlDnaNA,2.839758,6.993755,31.208818,0,2591700,21.674012,Interactive,1,1.75
252600,aDTQIqgen6guUNck6NattbZgRhAHpdxMtPDNUZB6TZwT4vlfgJib6VFVprlDnaNA,4.08767,5.091656,7.589372,0,2591700,21.674012,Interactive,1,1.75
252900,aDTQIqgen6guUNck6NattbZgRhAHpdxMtPDNUZB6TZwT4vlfgJib6VFVprlDnaNA,3.724533,10.995559,41.469401,0,2591700,21.674012,Interactive,1,1.75
253200,aDTQIqgen6guUNck6NattbZgRhAHpdxMtPDNUZB6TZwT4vlfgJib6VFVprlDnaNA,3.480904,10.724393,31.109338,0,2591700,21.674012,Interactive,1,1.75
253500,aDTQIqgen6guUNck6NattbZgRhAHpdxMtPDNUZB6TZwT4vlfgJib6VFVprlDnaNA,4.163595,4.991838,7.393455,0,2591700,21.674012,Interactive,1,1.75
253800,aDTQIqgen6guUNck6NattbZgRhAHpdxMtPDNUZB6TZwT4vlfgJib6VFVprlDnaNA,3.208445,4.705729,6.530879,0,2591700,21.674012,Interactive,1,1.75
254100,aDTQIqgen6guUNck6NattbZgRhAHpdxMtPDNUZB6TZwT4vlfgJib6VFVprlDnaNA,3.791922,4.674576999999999,5.654122,0,2591700,21.674012,Interactive,1,1.75
254400,aDTQIqgen6guUNck6NattbZgRhAHpdxMtPDNUZB6TZwT4vlfgJib6VFVprlDnaNA,3.745172,4.658556,6.939402,0,2591700,21.674012,Interactive,1,1.75
254700,aDTQIqgen6guUNck6NattbZgRhAHpdxMtPDNUZB6TZwT4vlfgJib6VFVprlDnaNA,4.020885,4.707796,6.121583,0,2591700,21.674012,Interactive,1,1.75
255000,aDTQIqgen6guUNck6NattbZgRhAHpdxMtPDNUZB6TZwT4vlfgJib6VFVprlDnaNA,3.389007,4.381977,5.357448000000001,0,2591700,21.674012,Interactive,1,1.75
255300,aDTQIqgen6guUNck6NattbZgRhAHpdxMtPDNUZB6TZwT4vlfgJib6VFVprlDnaNA,3.910963,4.67012,7.061222,0,2591700,21.674012,Interactive,1,1.75
255600,aDTQIqgen6guUNck6NattbZgRhAHpdxMtPDNUZB6TZwT4vlfgJib6VFVprlDnaNA,3.89871,4.567444,6.178506,0,2591700,21.674012,Interactive,1,1.75
255900,aDTQIqgen6guUNck6NattbZgRhAHpdxMtPDNUZB6TZwT4vlfgJib6VFVprlDnaNA,3.801403,7.358747999999999,19.916803,0,2591700,21.674012,Interactive,1,1.75
256200,aDTQIqgen6guUNck6NattbZgRhAHpdxMtPDNUZB6TZwT4vlfgJib6VFVprlDnaNA,4.005185,4.855698,7.352130000000001,0,2591700,21.674012,Interactive,1,1.75
256500,aDTQIqgen6guUNck6NattbZgRhAHpdxMtPDNUZB6TZwT4vlfgJib6VFVprlDnaNA,4.020105,4.591064,5.607945,0,2591700,21.674012,Interactive,1,1.75
256800,aDTQIqgen6guUNck6NattbZgRhAHpdxMtPDNUZB6TZwT4vlfgJib6VFVprlDnaNA,3.5607050000000005,4.366169999999999,6.365917,0,2591700,21.674012,Interactive,1,1.75
257100,aDTQIqgen6guUNck6NattbZgRhAHpdxMtPDNUZB6TZwT4vlfgJib6VFVprlDnaNA,2.59982,4.393142,6.285382,0,2591700,21.674012,Interactive,1,1.75
257400,aDTQIqgen6guUNck6NattbZgRhAHpdxMtPDNUZB6TZwT4vlfgJib6VFVprlDnaNA,3.46715,4.121352,5.108136,0,2591700,21.674012,Interactive,1,1.75
257700,aDTQIqgen6guUNck6NattbZgRhAHpdxMtPDNUZB6TZwT4vlfgJib6VFVprlDnaNA,2.68746,4.588182,6.222665,0,2591700,21.674012,Interactive,1,1.75
258000,aDTQIqgen6guUNck6NattbZgRhAHpdxMtPDNUZB6TZwT4vlfgJib6VFVprlDnaNA,3.850267,4.614001999999999,5.677295,0,2591700,21.674012,Interactive,1,1.75
258300,aDTQIqgen6guUNck6NattbZgRhAHpdxMtPDNUZB6TZwT4vlfgJib6VFVprlDnaNA,3.72865,4.384909,5.750861,0,2591700,21.674012,Interactive,1,1.75
258600,aDTQIqgen6guUNck6NattbZgRhAHpdxMtPDNUZB6TZwT4vlfgJib6VFVprlDnaNA,2.673819,4.466982,5.987305,0,2591700,21.674012,Interactive,1,1.75
258900,aDTQIqgen6guUNck6NattbZgRhAHpdxMtPDNUZB6TZwT4vlfgJib6VFVprlDnaNA,4.005666000000001,4.739391,5.77198,0,2591700,21.674012,Interactive,1,1.75
259200,aDTQIqgen6guUNck6NattbZgRhAHpdxMtPDNUZB6TZwT4vlfgJib6VFVprlDnaNA,2.676978,4.415533,5.974808,0,2591700,21.674012,Interactive,1,1.75
259500,aDTQIqgen6guUNck6NattbZgRhAHpdxMtPDNUZB6TZwT4vlfgJib6VFVprlDnaNA,3.654514,7.258128999999999,30.599681,0,2591700,21.674012,Interactive,1,1.75
259800,aDTQIqgen6guUNck6NattbZgRhAHpdxMtPDNUZB6TZwT4vlfgJib6VFVprlDnaNA,3.745878,4.699461,6.095934,0,2591700,21.674012,Interactive,1,1.75
260100,aDTQIqgen6guUNck6NattbZgRhAHpdxMtPDNUZB6TZwT4vlfgJib6VFVprlDnaNA,3.770756,4.6325080000000005,5.77029,0,2591700,21.674012,Interactive,1,1.75
260400,aDTQIqgen6guUNck6NattbZgRhAHpdxMtPDNUZB6TZwT4vlfgJib6VFVprlDnaNA,2.970117,4.517136,6.341044,0,2591700,21.674012,Interactive,1,1.75
260700,aDTQIqgen6guUNck6NattbZgRhAHpdxMtPDNUZB6TZwT4vlfgJib6VFVprlDnaNA,3.454397,4.52062,5.875311,0,2591700,21.674012,Interactive,1,1.75
261000,aDTQIqgen6guUNck6NattbZgRhAHpdxMtPDNUZB6TZwT4vlfgJib6VFVprlDnaNA,2.932125,4.032041,5.137587,0,2591700,21.674012,Interactive,1,1.75
261300,aDTQIqgen6guUNck6NattbZgRhAHpdxMtPDNUZB6TZwT4vlfgJib6VFVprlDnaNA,3.3728910000000005,4.345837,5.894492,0,2591700,21.674012,Interactive,1,1.75
261600,aDTQIqgen6guUNck6NattbZgRhAHpdxMtPDNUZB6TZwT4vlfgJib6VFVprlDnaNA,3.832349,4.505258,5.352917,0,2591700,21.674012,Interactive,1,1.75
261900,aDTQIqgen6guUNck6NattbZgRhAHpdxMtPDNUZB6TZwT4vlfgJib6VFVprlDnaNA,3.707315,4.448445,5.3242970000000005,0,2591700,21.674012,Interactive,1,1.75
262200,aDTQIqgen6guUNck6NattbZgRhAHpdxMtPDNUZB6TZwT4vlfgJib6VFVprlDnaNA,3.851357,4.643748,5.7660540000000005,0,2591700,21.674012,Interactive,1,1.75
262500,aDTQIqgen6guUNck6NattbZgRhAHpdxMtPDNUZB6TZwT4vlfgJib6VFVprlDnaNA,3.714396,4.608472,5.784831,0,2591700,21.674012,Interactive,1,1.75
262800,aDTQIqgen6guUNck6NattbZgRhAHpdxMtPDNUZB6TZwT4vlfgJib6VFVprlDnaNA,3.79235,4.5354220000000005,5.621658,0,2591700,21.674012,Interactive,1,1.75
263100,aDTQIqgen6guUNck6NattbZgRhAHpdxMtPDNUZB6TZwT4vlfgJib6VFVprlDnaNA,3.300322,4.428230999999999,6.083824,0,2591700,21.674012,Interactive,1,1.75
263400,aDTQIqgen6guUNck6NattbZgRhAHpdxMtPDNUZB6TZwT4vlfgJib6VFVprlDnaNA,3.695465,4.643904,5.939046,0,2591700,21.674012,Interactive,1,1.75
263700,aDTQIqgen6guUNck6NattbZgRhAHpdxMtPDNUZB6TZwT4vlfgJib6VFVprlDnaNA,3.3240730000000003,4.444313,6.059146,0,2591700,21.674012,Interactive,1,1.75
264000,aDTQIqgen6guUNck6NattbZgRhAHpdxMtPDNUZB6TZwT4vlfgJib6VFVprlDnaNA,3.669975,4.475155,5.8737580000000005,0,2591700,21.674012,Interactive,1,1.75
264300,aDTQIqgen6guUNck6NattbZgRhAHpdxMtPDNUZB6TZwT4vlfgJib6VFVprlDnaNA,3.847343,4.816943,6.418191,0,2591700,21.674012,Interactive,1,1.75
264600,aDTQIqgen6guUNck6NattbZgRhAHpdxMtPDNUZB6TZwT4vlfgJib6VFVprlDnaNA,3.712388,4.412568,5.430105999999999,0,2591700,21.674012,Interactive,1,1.75
264900,aDTQIqgen6guUNck6NattbZgRhAHpdxMtPDNUZB6TZwT4vlfgJib6VFVprlDnaNA,3.491456,4.615463,5.7641480000000005,0,2591700,21.674012,Interactive,1,1.75
265200,aDTQIqgen6guUNck6NattbZgRhAHpdxMtPDNUZB6TZwT4vlfgJib6VFVprlDnaNA,2.263721,4.241634,5.638221,0,2591700,21.674012,Interactive,1,1.75
265500,aDTQIqgen6guUNck6NattbZgRhAHpdxMtPDNUZB6TZwT4vlfgJib6VFVprlDnaNA,3.494907,4.423207,5.399014,0,2591700,21.674012,Interactive,1,1.75
265800,aDTQIqgen6guUNck6NattbZgRhAHpdxMtPDNUZB6TZwT4vlfgJib6VFVprlDnaNA,3.073677,4.366114,5.829776,0,2591700,21.674012,Interactive,1,1.75
266100,aDTQIqgen6guUNck6NattbZgRhAHpdxMtPDNUZB6TZwT4vlfgJib6VFVprlDnaNA,3.921968,4.746766,6.129793,0,2591700,21.674012,Interactive,1,1.75
266400,aDTQIqgen6guUNck6NattbZgRhAHpdxMtPDNUZB6TZwT4vlfgJib6VFVprlDnaNA,3.575305,4.369851000000001,6.115901999999999,0,2591700,21.674012,Interactive,1,1.75
266700,aDTQIqgen6guUNck6NattbZgRhAHpdxMtPDNUZB6TZwT4vlfgJib6VFVprlDnaNA,2.958847,7.148376,20.450452,0,2591700,21.674012,Interactive,1,1.75
267000,aDTQIqgen6guUNck6NattbZgRhAHpdxMtPDNUZB6TZwT4vlfgJib6VFVprlDnaNA,3.617425,4.616681,6.20674,0,2591700,21.674012,Interactive,1,1.75
267300,aDTQIqgen6guUNck6NattbZgRhAHpdxMtPDNUZB6TZwT4vlfgJib6VFVprlDnaNA,3.475716,4.545453,6.068963,0,2591700,21.674012,Interactive,1,1.75
267600,aDTQIqgen6guUNck6NattbZgRhAHpdxMtPDNUZB6TZwT4vlfgJib6VFVprlDnaNA,3.5042480000000005,4.551242,7.091367999999999,0,2591700,21.674012,Interactive,1,1.75
267900,aDTQIqgen6guUNck6NattbZgRhAHpdxMtPDNUZB6TZwT4vlfgJib6VFVprlDnaNA,3.451737,4.613084,6.589571,0,2591700,21.674012,Interactive,1,1.75
268200,aDTQIqgen6guUNck6NattbZgRhAHpdxMtPDNUZB6TZwT4vlfgJib6VFVprlDnaNA,3.713797,4.589343,5.734503,0,2591700,21.674012,Interactive,1,1.75
268500,aDTQIqgen6guUNck6NattbZgRhAHpdxMtPDNUZB6TZwT4vlfgJib6VFVprlDnaNA,3.768494000000001,4.751368,6.716268,0,2591700,21.674012,Interactive,1,1.75
268800,aDTQIqgen6guUNck6NattbZgRhAHpdxMtPDNUZB6TZwT4vlfgJib6VFVprlDnaNA,3.596878,4.665504,6.553091,0,2591700,21.674012,Interactive,1,1.75
269100,aDTQIqgen6guUNck6NattbZgRhAHpdxMtPDNUZB6TZwT4vlfgJib6VFVprlDnaNA,3.762264,4.376587000000001,6.07481,0,2591700,21.674012,Interactive,1,1.75
269400,aDTQIqgen6guUNck6NattbZgRhAHpdxMtPDNUZB6TZwT4vlfgJib6VFVprlDnaNA,3.496457,4.432153,6.820094,0,2591700,21.674012,Interactive,1,1.75
269700,aDTQIqgen6guUNck6NattbZgRhAHpdxMtPDNUZB6TZwT4vlfgJib6VFVprlDnaNA,3.53324,4.555346,6.433411,0,2591700,21.674012,Interactive,1,1.75
270000,aDTQIqgen6guUNck6NattbZgRhAHpdxMtPDNUZB6TZwT4vlfgJib6VFVprlDnaNA,3.5226580000000003,4.457433,5.530906,0,2591700,21.674012,Interactive,1,1.75
270300,aDTQIqgen6guUNck6NattbZgRhAHpdxMtPDNUZB6TZwT4vlfgJib6VFVprlDnaNA,3.409217,7.257664,29.98946,0,2591700,21.674012,Interactive,1,1.75
270600,aDTQIqgen6guUNck6NattbZgRhAHpdxMtPDNUZB6TZwT4vlfgJib6VFVprlDnaNA,3.766202,4.772569,6.308815,0,2591700,21.674012,Interactive,1,1.75
270900,aDTQIqgen6guUNck6NattbZgRhAHpdxMtPDNUZB6TZwT4vlfgJib6VFVprlDnaNA,3.916202,4.794922,5.831799,0,2591700,21.674012,Interactive,1,1.75
271200,aDTQIqgen6guUNck6NattbZgRhAHpdxMtPDNUZB6TZwT4vlfgJib6VFVprlDnaNA,3.870006,4.679587000000001,6.835699000000001,0,2591700,21.674012,Interactive,1,1.75
271500,aDTQIqgen6guUNck6NattbZgRhAHpdxMtPDNUZB6TZwT4vlfgJib6VFVprlDnaNA,3.825852,4.829192,6.238709,0,2591700,21.674012,Interactive,1,1.75
271800,aDTQIqgen6guUNck6NattbZgRhAHpdxMtPDNUZB6TZwT4vlfgJib6VFVprlDnaNA,4.0771,4.699138,6.03164,0,2591700,21.674012,Interactive,1,1.75
272100,aDTQIqgen6guUNck6NattbZgRhAHpdxMtPDNUZB6TZwT4vlfgJib6VFVprlDnaNA,3.518812,4.812385,6.811429,0,2591700,21.674012,Interactive,1,1.75
272400,aDTQIqgen6guUNck6NattbZgRhAHpdxMtPDNUZB6TZwT4vlfgJib6VFVprlDnaNA,3.819778,4.864803,6.237991,0,2591700,21.674012,Interactive,1,1.75
272700,aDTQIqgen6guUNck6NattbZgRhAHpdxMtPDNUZB6TZwT4vlfgJib6VFVprlDnaNA,3.672707,4.6675580000000005,5.298698,0,2591700,21.674012,Interactive,1,1.75
273000,aDTQIqgen6guUNck6NattbZgRhAHpdxMtPDNUZB6TZwT4vlfgJib6VFVprlDnaNA,3.997552,4.869583,6.619619,0,2591700,21.674012,Interactive,1,1.75
273300,aDTQIqgen6guUNck6NattbZgRhAHpdxMtPDNUZB6TZwT4vlfgJib6VFVprlDnaNA,3.910206,4.902273,6.372962,0,2591700,21.674012,Interactive,1,1.75
273600,aDTQIqgen6guUNck6NattbZgRhAHpdxMtPDNUZB6TZwT4vlfgJib6VFVprlDnaNA,3.872556,4.557025,5.637983999999999,0,2591700,21.674012,Interactive,1,1.75
273900,aDTQIqgen6guUNck6NattbZgRhAHpdxMtPDNUZB6TZwT4vlfgJib6VFVprlDnaNA,3.487236,7.565245,33.30976,0,2591700,21.674012,Interactive,1,1.75
274200,aDTQIqgen6guUNck6NattbZgRhAHpdxMtPDNUZB6TZwT4vlfgJib6VFVprlDnaNA,3.902763,4.909247,6.365243,0,2591700,21.674012,Interactive,1,1.75
274500,aDTQIqgen6guUNck6NattbZgRhAHpdxMtPDNUZB6TZwT4vlfgJib6VFVprlDnaNA,4.056352,4.6753480000000005,5.914268,0,2591700,21.674012,Interactive,1,1.75
274800,aDTQIqgen6guUNck6NattbZgRhAHpdxMtPDNUZB6TZwT4vlfgJib6VFVprlDnaNA,3.50461,4.477336,6.561902000000001,0,2591700,21.674012,Interactive,1,1.75
275100,aDTQIqgen6guUNck6NattbZgRhAHpdxMtPDNUZB6TZwT4vlfgJib6VFVprlDnaNA,3.940062,4.927146,6.122516,0,2591700,21.674012,Interactive,1,1.75
275400,aDTQIqgen6guUNck6NattbZgRhAHpdxMtPDNUZB6TZwT4vlfgJib6VFVprlDnaNA,3.988286,4.7224900000000005,5.507551,0,2591700,21.674012,Interactive,1,1.75
275700,aDTQIqgen6guUNck6NattbZgRhAHpdxMtPDNUZB6TZwT4vlfgJib6VFVprlDnaNA,3.764562,4.801641,6.713464999999999,0,2591700,21.674012,Interactive,1,1.75
276000,aDTQIqgen6guUNck6NattbZgRhAHpdxMtPDNUZB6TZwT4vlfgJib6VFVprlDnaNA,3.984939,4.831167,6.361568,0,2591700,21.674012,Interactive,1,1.75
276300,aDTQIqgen6guUNck6NattbZgRhAHpdxMtPDNUZB6TZwT4vlfgJib6VFVprlDnaNA,4.045615,4.777851,5.649899,0,2591700,21.674012,Interactive,1,1.75
276600,aDTQIqgen6guUNck6NattbZgRhAHpdxMtPDNUZB6TZwT4vlfgJib6VFVprlDnaNA,4.0042800000000005,5.086349,6.201455,0,2591700,21.674012,Interactive,1,1.75
276900,aDTQIqgen6guUNck6NattbZgRhAHpdxMtPDNUZB6TZwT4vlfgJib6VFVprlDnaNA,3.963506,4.675265,6.160428,0,2591700,21.674012,Interactive,1,1.75
277200,aDTQIqgen6guUNck6NattbZgRhAHpdxMtPDNUZB6TZwT4vlfgJib6VFVprlDnaNA,4.0364,4.878762999999999,6.078012999999999,0,2591700,21.674012,Interactive,1,1.75
277500,aDTQIqgen6guUNck6NattbZgRhAHpdxMtPDNUZB6TZwT4vlfgJib6VFVprlDnaNA,3.99871,7.55554,18.209763,0,2591700,21.674012,Interactive,1,1.75
277800,aDTQIqgen6guUNck6NattbZgRhAHpdxMtPDNUZB6TZwT4vlfgJib6VFVprlDnaNA,3.400732,4.809337,6.091234,0,2591700,21.674012,Interactive,1,1.75
278100,aDTQIqgen6guUNck6NattbZgRhAHpdxMtPDNUZB6TZwT4vlfgJib6VFVprlDnaNA,4.385884,5.160177,6.633778,0,2591700,21.674012,Interactive,1,1.75
278400,aDTQIqgen6guUNck6NattbZgRhAHpdxMtPDNUZB6TZwT4vlfgJib6VFVprlDnaNA,3.84456,5.019721,6.997896000000001,0,2591700,21.674012,Interactive,1,1.75
278700,aDTQIqgen6guUNck6NattbZgRhAHpdxMtPDNUZB6TZwT4vlfgJib6VFVprlDnaNA,3.709303,4.792255,6.197501,0,2591700,21.674012,Interactive,1,1.75
279000,aDTQIqgen6guUNck6NattbZgRhAHpdxMtPDNUZB6TZwT4vlfgJib6VFVprlDnaNA,3.75058,4.970492,6.240901,0,2591700,21.674012,Interactive,1,1.75
279300,aDTQIqgen6guUNck6NattbZgRhAHpdxMtPDNUZB6TZwT4vlfgJib6VFVprlDnaNA,3.1280360000000003,4.849835,5.88818,0,2591700,21.674012,Interactive,1,1.75
279600,aDTQIqgen6guUNck6NattbZgRhAHpdxMtPDNUZB6TZwT4vlfgJib6VFVprlDnaNA,3.769082,4.875553,5.964985,0,2591700,21.674012,Interactive,1,1.75
279900,aDTQIqgen6guUNck6NattbZgRhAHpdxMtPDNUZB6TZwT4vlfgJib6VFVprlDnaNA,3.5260010000000004,4.788007,5.763335,0,2591700,21.674012,Interactive,1,1.75
280200,aDTQIqgen6guUNck6NattbZgRhAHpdxMtPDNUZB6TZwT4vlfgJib6VFVprlDnaNA,3.955876,4.955387,6.288319,0,2591700,21.674012,Interactive,1,1.75
280500,aDTQIqgen6guUNck6NattbZgRhAHpdxMtPDNUZB6TZwT4vlfgJib6VFVprlDnaNA,2.854168,4.727764,6.371348,0,2591700,21.674012,Interactive,1,1.75
280800,aDTQIqgen6guUNck6NattbZgRhAHpdxMtPDNUZB6TZwT4vlfgJib6VFVprlDnaNA,4.115599,5.091272,6.730386,0,2591700,21.674012,Interactive,1,1.75
281100,aDTQIqgen6guUNck6NattbZgRhAHpdxMtPDNUZB6TZwT4vlfgJib6VFVprlDnaNA,4.265729,7.819611,31.249126,0,2591700,21.674012,Interactive,1,1.75
281400,aDTQIqgen6guUNck6NattbZgRhAHpdxMtPDNUZB6TZwT4vlfgJib6VFVprlDnaNA,4.359988,5.205321,7.390542,0,2591700,21.674012,Interactive,1,1.75
281700,aDTQIqgen6guUNck6NattbZgRhAHpdxMtPDNUZB6TZwT4vlfgJib6VFVprlDnaNA,4.111624,11.384058,33.355333,0,2591700,21.674012,Interactive,1,1.75
282000,aDTQIqgen6guUNck6NattbZgRhAHpdxMtPDNUZB6TZwT4vlfgJib6VFVprlDnaNA,3.787075,8.652588,36.077823,0,2591700,21.674012,Interactive,1,1.75
282300,aDTQIqgen6guUNck6NattbZgRhAHpdxMtPDNUZB6TZwT4vlfgJib6VFVprlDnaNA,3.682036,4.669773999999999,6.177072,0,2591700,21.674012,Interactive,1,1.75
282600,aDTQIqgen6guUNck6NattbZgRhAHpdxMtPDNUZB6TZwT4vlfgJib6VFVprlDnaNA,3.90581,4.506613,5.436229,0,2591700,21.674012,Interactive,1,1.75
282900,aDTQIqgen6guUNck6NattbZgRhAHpdxMtPDNUZB6TZwT4vlfgJib6VFVprlDnaNA,4.056808999999999,4.892924,6.075031,0,2591700,21.674012,Interactive,1,1.75
283200,aDTQIqgen6guUNck6NattbZgRhAHpdxMtPDNUZB6TZwT4vlfgJib6VFVprlDnaNA,3.656813,4.814502,6.467364,0,2591700,21.674012,Interactive,1,1.75
283500,aDTQIqgen6guUNck6NattbZgRhAHpdxMtPDNUZB6TZwT4vlfgJib6VFVprlDnaNA,4.011779,4.837349,5.949171,0,2591700,21.674012,Interactive,1,1.75
283800,aDTQIqgen6guUNck6NattbZgRhAHpdxMtPDNUZB6TZwT4vlfgJib6VFVprlDnaNA,3.707879,4.976284,6.000403,0,2591700,21.674012,Interactive,1,1.75
284100,aDTQIqgen6guUNck6NattbZgRhAHpdxMtPDNUZB6TZwT4vlfgJib6VFVprlDnaNA,3.573579,4.784834,5.616113,0,2591700,21.674012,Interactive,1,1.75
284400,aDTQIqgen6guUNck6NattbZgRhAHpdxMtPDNUZB6TZwT4vlfgJib6VFVprlDnaNA,4.247357,4.940122,5.919219,0,2591700,21.674012,Interactive,1,1.75
284700,aDTQIqgen6guUNck6NattbZgRhAHpdxMtPDNUZB6TZwT4vlfgJib6VFVprlDnaNA,2.574125,7.556647,33.193758,0,2591700,21.674012,Interactive,1,1.75
285000,aDTQIqgen6guUNck6NattbZgRhAHpdxMtPDNUZB6TZwT4vlfgJib6VFVprlDnaNA,3.891311,5.046335,6.810934,0,2591700,21.674012,Interactive,1,1.75
285300,aDTQIqgen6guUNck6NattbZgRhAHpdxMtPDNUZB6TZwT4vlfgJib6VFVprlDnaNA,3.53031,4.727075,5.881357,0,2591700,21.674012,Interactive,1,1.75
285600,aDTQIqgen6guUNck6NattbZgRhAHpdxMtPDNUZB6TZwT4vlfgJib6VFVprlDnaNA,3.816882,5.146154,6.320523000000001,0,2591700,21.674012,Interactive,1,1.75
285900,aDTQIqgen6guUNck6NattbZgRhAHpdxMtPDNUZB6TZwT4vlfgJib6VFVprlDnaNA,3.852319,4.970098999999999,6.322113,0,2591700,21.674012,Interactive,1,1.75
286200,aDTQIqgen6guUNck6NattbZgRhAHpdxMtPDNUZB6TZwT4vlfgJib6VFVprlDnaNA,2.674773,4.271535,6.677410000000001,0,2591700,21.674012,Interactive,1,1.75
286500,aDTQIqgen6guUNck6NattbZgRhAHpdxMtPDNUZB6TZwT4vlfgJib6VFVprlDnaNA,3.616714,4.4870410000000005,5.807753,0,2591700,21.674012,Interactive,1,1.75
286800,aDTQIqgen6guUNck6NattbZgRhAHpdxMtPDNUZB6TZwT4vlfgJib6VFVprlDnaNA,3.166317,4.298936,5.552111,0,2591700,21.674012,Interactive,1,1.75
287100,aDTQIqgen6guUNck6NattbZgRhAHpdxMtPDNUZB6TZwT4vlfgJib6VFVprlDnaNA,3.864375,4.861633,6.525999,0,2591700,21.674012,Interactive,1,1.75
287400,aDTQIqgen6guUNck6NattbZgRhAHpdxMtPDNUZB6TZwT4vlfgJib6VFVprlDnaNA,3.147393,4.817444999999999,6.5601080000000005,0,2591700,21.674012,Interactive,1,1.75
287700,aDTQIqgen6guUNck6NattbZgRhAHpdxMtPDNUZB6TZwT4vlfgJib6VFVprlDnaNA,3.970355,4.779628,6.023162999999999,0,2591700,21.674012,Interactive,1,1.75
288000,aDTQIqgen6guUNck6NattbZgRhAHpdxMtPDNUZB6TZwT4vlfgJib6VFVprlDnaNA,3.980311,4.835786,6.813333,0,2591700,21.674012,Interactive,1,1.75
288300,aDTQIqgen6guUNck6NattbZgRhAHpdxMtPDNUZB6TZwT4vlfgJib6VFVprlDnaNA,4.015442,7.491656,24.484601,0,2591700,21.674012,Interactive,1,1.75
288600,aDTQIqgen6guUNck6NattbZgRhAHpdxMtPDNUZB6TZwT4vlfgJib6VFVprlDnaNA,3.150588,4.659317,5.690543,0,2591700,21.674012,Interactive,1,1.75
288900,aDTQIqgen6guUNck6NattbZgRhAHpdxMtPDNUZB6TZwT4vlfgJib6VFVprlDnaNA,2.928617,4.76596,6.670296,0,2591700,21.674012,Interactive,1,1.75
289200,aDTQIqgen6guUNck6NattbZgRhAHpdxMtPDNUZB6TZwT4vlfgJib6VFVprlDnaNA,4.08937,4.8832830000000005,6.196423,0,2591700,21.674012,Interactive,1,1.75
289500,aDTQIqgen6guUNck6NattbZgRhAHpdxMtPDNUZB6TZwT4vlfgJib6VFVprlDnaNA,3.905637000000001,4.696539,5.747118,0,2591700,21.674012,Interactive,1,1.75
289800,aDTQIqgen6guUNck6NattbZgRhAHpdxMtPDNUZB6TZwT4vlfgJib6VFVprlDnaNA,3.924076,4.861976,6.6598820000000005,0,2591700,21.674012,Interactive,1,1.75
290100,aDTQIqgen6guUNck6NattbZgRhAHpdxMtPDNUZB6TZwT4vlfgJib6VFVprlDnaNA,3.295876,4.577421,6.089199,0,2591700,21.674012,Interactive,1,1.75
290400,aDTQIqgen6guUNck6NattbZgRhAHpdxMtPDNUZB6TZwT4vlfgJib6VFVprlDnaNA,3.5522720000000003,4.480167,5.45496,0,2591700,21.674012,Interactive,1,1.75
290700,aDTQIqgen6guUNck6NattbZgRhAHpdxMtPDNUZB6TZwT4vlfgJib6VFVprlDnaNA,2.194918,4.317152,6.537152,0,2591700,21.674012,Interactive,1,1.75
291000,aDTQIqgen6guUNck6NattbZgRhAHpdxMtPDNUZB6TZwT4vlfgJib6VFVprlDnaNA,3.440589,4.517336,6.256853,0,2591700,21.674012,Interactive,1,1.75
291300,aDTQIqgen6guUNck6NattbZgRhAHpdxMtPDNUZB6TZwT4vlfgJib6VFVprlDnaNA,2.738241,4.70504,5.954164,0,2591700,21.674012,Interactive,1,1.75
291600,aDTQIqgen6guUNck6NattbZgRhAHpdxMtPDNUZB6TZwT4vlfgJib6VFVprlDnaNA,3.537787,4.82486,6.901732000000001,0,2591700,21.674012,Interactive,1,1.75
291900,aDTQIqgen6guUNck6NattbZgRhAHpdxMtPDNUZB6TZwT4vlfgJib6VFVprlDnaNA,4.160148,7.495599,30.753281,0,2591700,21.674012,Interactive,1,1.75
292200,aDTQIqgen6guUNck6NattbZgRhAHpdxMtPDNUZB6TZwT4vlfgJib6VFVprlDnaNA,2.342494,4.552621,5.644181,0,2591700,21.674012,Interactive,1,1.75
292500,aDTQIqgen6guUNck6NattbZgRhAHpdxMtPDNUZB6TZwT4vlfgJib6VFVprlDnaNA,4.419658999999999,7.969588000000001,29.075616,0,2591700,21.674012,Interactive,1,1.75
292800,aDTQIqgen6guUNck6NattbZgRhAHpdxMtPDNUZB6TZwT4vlfgJib6VFVprlDnaNA,4.181639,4.910058,5.865922,0,2591700,21.674012,Interactive,1,1.75
293100,aDTQIqgen6guUNck6NattbZgRhAHpdxMtPDNUZB6TZwT4vlfgJib6VFVprlDnaNA,4.107033,4.788582,5.754883,0,2591700,21.674012,Interactive,1,1.75
293400,aDTQIqgen6guUNck6NattbZgRhAHpdxMtPDNUZB6TZwT4vlfgJib6VFVprlDnaNA,4.056264,4.955691000000001,6.9413800000000005,0,2591700,21.674012,Interactive,1,1.75
293700,aDTQIqgen6guUNck6NattbZgRhAHpdxMtPDNUZB6TZwT4vlfgJib6VFVprlDnaNA,4.235775,4.884214,6.420199,0,2591700,21.674012,Interactive,1,1.75
294000,aDTQIqgen6guUNck6NattbZgRhAHpdxMtPDNUZB6TZwT4vlfgJib6VFVprlDnaNA,3.899613,4.768527,6.402384,0,2591700,21.674012,Interactive,1,1.75
294300,aDTQIqgen6guUNck6NattbZgRhAHpdxMtPDNUZB6TZwT4vlfgJib6VFVprlDnaNA,3.520474,4.413265,6.364909,0,2591700,21.674012,Interactive,1,1.75
294600,aDTQIqgen6guUNck6NattbZgRhAHpdxMtPDNUZB6TZwT4vlfgJib6VFVprlDnaNA,4.167275,4.906004,6.386782,0,2591700,21.674012,Interactive,1,1.75
294900,aDTQIqgen6guUNck6NattbZgRhAHpdxMtPDNUZB6TZwT4vlfgJib6VFVprlDnaNA,3.387045,4.32672,5.434518,0,2591700,21.674012,Interactive,1,1.75
295200,aDTQIqgen6guUNck6NattbZgRhAHpdxMtPDNUZB6TZwT4vlfgJib6VFVprlDnaNA,3.595994,4.521064,6.735885000000001,0,2591700,21.674012,Interactive,1,1.75
295500,aDTQIqgen6guUNck6NattbZgRhAHpdxMtPDNUZB6TZwT4vlfgJib6VFVprlDnaNA,4.1195010000000005,7.481273,28.13223,0,2591700,21.674012,Interactive,1,1.75
295800,aDTQIqgen6guUNck6NattbZgRhAHpdxMtPDNUZB6TZwT4vlfgJib6VFVprlDnaNA,4.278767,5.063798,7.948099000000001,0,2591700,21.674012,Interactive,1,1.75
296100,aDTQIqgen6guUNck6NattbZgRhAHpdxMtPDNUZB6TZwT4vlfgJib6VFVprlDnaNA,2.425549,4.972716,6.901117999999999,0,2591700,21.674012,Interactive,1,1.75
296400,aDTQIqgen6guUNck6NattbZgRhAHpdxMtPDNUZB6TZwT4vlfgJib6VFVprlDnaNA,4.047949,4.724479,5.477683,0,2591700,21.674012,Interactive,1,1.75
296700,aDTQIqgen6guUNck6NattbZgRhAHpdxMtPDNUZB6TZwT4vlfgJib6VFVprlDnaNA,3.231533,4.755574,5.856826,0,2591700,21.674012,Interactive,1,1.75
297000,aDTQIqgen6guUNck6NattbZgRhAHpdxMtPDNUZB6TZwT4vlfgJib6VFVprlDnaNA,3.433123,4.79429,6.0349,0,2591700,21.674012,Interactive,1,1.75
297300,aDTQIqgen6guUNck6NattbZgRhAHpdxMtPDNUZB6TZwT4vlfgJib6VFVprlDnaNA,4.25995,4.877411,5.69667,0,2591700,21.674012,Interactive,1,1.75
297600,aDTQIqgen6guUNck6NattbZgRhAHpdxMtPDNUZB6TZwT4vlfgJib6VFVprlDnaNA,3.987658,4.828785,6.012885,0,2591700,21.674012,Interactive,1,1.75
297900,aDTQIqgen6guUNck6NattbZgRhAHpdxMtPDNUZB6TZwT4vlfgJib6VFVprlDnaNA,4.142614,4.939938,6.379468,0,2591700,21.674012,Interactive,1,1.75
298200,aDTQIqgen6guUNck6NattbZgRhAHpdxMtPDNUZB6TZwT4vlfgJib6VFVprlDnaNA,2.363947,4.226437000000001,5.788277,0,2591700,21.674012,Interactive,1,1.75
298500,aDTQIqgen6guUNck6NattbZgRhAHpdxMtPDNUZB6TZwT4vlfgJib6VFVprlDnaNA,3.807855,4.572468,5.5389870000000005,0,2591700,21.674012,Interactive,1,1.75
298800,aDTQIqgen6guUNck6NattbZgRhAHpdxMtPDNUZB6TZwT4vlfgJib6VFVprlDnaNA,3.787608,4.716934999999999,5.936165,0,2591700,21.674012,Interactive,1,1.75
299100,aDTQIqgen6guUNck6NattbZgRhAHpdxMtPDNUZB6TZwT4vlfgJib6VFVprlDnaNA,3.652745,7.172605,32.187194,0,2591700,21.674012,Interactive,1,1.75
299400,aDTQIqgen6guUNck6NattbZgRhAHpdxMtPDNUZB6TZwT4vlfgJib6VFVprlDnaNA,4.116754,4.935768,6.080825,0,2591700,21.674012,Interactive,1,1.75
299700,aDTQIqgen6guUNck6NattbZgRhAHpdxMtPDNUZB6TZwT4vlfgJib6VFVprlDnaNA,3.814257,4.781633,6.246116000000001,0,2591700,21.674012,Interactive,1,1.75
300000,aDTQIqgen6guUNck6NattbZgRhAHpdxMtPDNUZB6TZwT4vlfgJib6VFVprlDnaNA,4.257787,4.791638,5.561917,0,2591700,21.674012,Interactive,1,1.75
300300,aDTQIqgen6guUNck6NattbZgRhAHpdxMtPDNUZB6TZwT4vlfgJib6VFVprlDnaNA,3.274802,4.803038,6.070353,0,2591700,21.674012,Interactive,1,1.75
300600,aDTQIqgen6guUNck6NattbZgRhAHpdxMtPDNUZB6TZwT4vlfgJib6VFVprlDnaNA,4.300121,5.0666970000000005,6.426868,0,2591700,21.674012,Interactive,1,1.75
300900,aDTQIqgen6guUNck6NattbZgRhAHpdxMtPDNUZB6TZwT4vlfgJib6VFVprlDnaNA,3.978521,4.762168,5.5603370000000005,0,2591700,21.674012,Interactive,1,1.75
301200,aDTQIqgen6guUNck6NattbZgRhAHpdxMtPDNUZB6TZwT4vlfgJib6VFVprlDnaNA,4.124179,5.023338,6.212451000000001,0,2591700,21.674012,Interactive,1,1.75
301500,aDTQIqgen6guUNck6NattbZgRhAHpdxMtPDNUZB6TZwT4vlfgJib6VFVprlDnaNA,3.777499,4.8966400000000005,6.268746,0,2591700,21.674012,Interactive,1,1.75
301800,aDTQIqgen6guUNck6NattbZgRhAHpdxMtPDNUZB6TZwT4vlfgJib6VFVprlDnaNA,4.2287,4.837991000000001,5.717393,0,2591700,21.674012,Interactive,1,1.75
302100,aDTQIqgen6guUNck6NattbZgRhAHpdxMtPDNUZB6TZwT4vlfgJib6VFVprlDnaNA,4.078793,4.876211,6.570730999999999,0,2591700,21.674012,Interactive,1,1.75
302400,aDTQIqgen6guUNck6NattbZgRhAHpdxMtPDNUZB6TZwT4vlfgJib6VFVprlDnaNA,2.978374,4.255458,5.604164,0,2591700,21.674012,Interactive,1,1.75
302700,aDTQIqgen6guUNck6NattbZgRhAHpdxMtPDNUZB6TZwT4vlfgJib6VFVprlDnaNA,3.618234,7.349295,31.870422,0,2591700,21.674012,Interactive,1,1.75
303000,aDTQIqgen6guUNck6NattbZgRhAHpdxMtPDNUZB6TZwT4vlfgJib6VFVprlDnaNA,3.201421,4.715976,6.21347,0,2591700,21.674012,Interactive,1,1.75
303300,aDTQIqgen6guUNck6NattbZgRhAHpdxMtPDNUZB6TZwT4vlfgJib6VFVprlDnaNA,4.399435,5.231825,6.845833,0,2591700,21.674012,Interactive,1,1.75
303600,aDTQIqgen6guUNck6NattbZgRhAHpdxMtPDNUZB6TZwT4vlfgJib6VFVprlDnaNA,3.665228,4.418224,5.462915,0,2591700,21.674012,Interactive,1,1.75
303900,aDTQIqgen6guUNck6NattbZgRhAHpdxMtPDNUZB6TZwT4vlfgJib6VFVprlDnaNA,4.291208,4.931056,6.041229,0,2591700,21.674012,Interactive,1,1.75
304200,aDTQIqgen6guUNck6NattbZgRhAHpdxMtPDNUZB6TZwT4vlfgJib6VFVprlDnaNA,4.027784,4.863421,5.75743,0,2591700,21.674012,Interactive,1,1.75
304500,aDTQIqgen6guUNck6NattbZgRhAHpdxMtPDNUZB6TZwT4vlfgJib6VFVprlDnaNA,4.061305,4.787075,5.684206,0,2591700,21.674012,Interactive,1,1.75
304800,aDTQIqgen6guUNck6NattbZgRhAHpdxMtPDNUZB6TZwT4vlfgJib6VFVprlDnaNA,4.298352,5.03063,6.192723,0,2591700,21.674012,Interactive,1,1.75
305100,aDTQIqgen6guUNck6NattbZgRhAHpdxMtPDNUZB6TZwT4vlfgJib6VFVprlDnaNA,3.83824,5.154178,6.937785000000001,0,2591700,21.674012,Interactive,1,1.75
305400,aDTQIqgen6guUNck6NattbZgRhAHpdxMtPDNUZB6TZwT4vlfgJib6VFVprlDnaNA,4.036322,4.752544,5.695469999999999,0,2591700,21.674012,Interactive,1,1.75
305700,aDTQIqgen6guUNck6NattbZgRhAHpdxMtPDNUZB6TZwT4vlfgJib6VFVprlDnaNA,3.945317,5.057477,6.532547,0,2591700,21.674012,Interactive,1,1.75
306000,aDTQIqgen6guUNck6NattbZgRhAHpdxMtPDNUZB6TZwT4vlfgJib6VFVprlDnaNA,3.57453,4.65035,5.745782,0,2591700,21.674012,Interactive,1,1.75
306300,aDTQIqgen6guUNck6NattbZgRhAHpdxMtPDNUZB6TZwT4vlfgJib6VFVprlDnaNA,3.867898,7.322624,19.367169,0,2591700,21.674012,Interactive,1,1.75
306600,aDTQIqgen6guUNck6NattbZgRhAHpdxMtPDNUZB6TZwT4vlfgJib6VFVprlDnaNA,4.174539,5.143884,8.167625,0,2591700,21.674012,Interactive,1,1.75
306900,aDTQIqgen6guUNck6NattbZgRhAHpdxMtPDNUZB6TZwT4vlfgJib6VFVprlDnaNA,3.921856,4.585333,5.423826,0,2591700,21.674012,Interactive,1,1.75
307200,aDTQIqgen6guUNck6NattbZgRhAHpdxMtPDNUZB6TZwT4vlfgJib6VFVprlDnaNA,4.145433000000001,4.723781,6.072114,0,2591700,21.674012,Interactive,1,1.75
307500,aDTQIqgen6guUNck6NattbZgRhAHpdxMtPDNUZB6TZwT4vlfgJib6VFVprlDnaNA,3.484715,4.476677,6.022092,0,2591700,21.674012,Interactive,1,1.75
307800,aDTQIqgen6guUNck6NattbZgRhAHpdxMtPDNUZB6TZwT4vlfgJib6VFVprlDnaNA,3.176021,4.238874,5.785857,0,2591700,21.674012,Interactive,1,1.75
308100,aDTQIqgen6guUNck6NattbZgRhAHpdxMtPDNUZB6TZwT4vlfgJib6VFVprlDnaNA,4.182013,4.704058,6.163366000000001,0,2591700,21.674012,Interactive,1,1.75
308400,aDTQIqgen6guUNck6NattbZgRhAHpdxMtPDNUZB6TZwT4vlfgJib6VFVprlDnaNA,3.871705,4.878839,7.037679,0,2591700,21.674012,Interactive,1,1.75
308700,aDTQIqgen6guUNck6NattbZgRhAHpdxMtPDNUZB6TZwT4vlfgJib6VFVprlDnaNA,3.918033,4.856565,6.805828999999999,0,2591700,21.674012,Interactive,1,1.75
309000,aDTQIqgen6guUNck6NattbZgRhAHpdxMtPDNUZB6TZwT4vlfgJib6VFVprlDnaNA,3.122621,4.539088,5.675084,0,2591700,21.674012,Interactive,1,1.75
309300,aDTQIqgen6guUNck6NattbZgRhAHpdxMtPDNUZB6TZwT4vlfgJib6VFVprlDnaNA,4.043514,4.929119999999999,7.270314999999999,0,2591700,21.674012,Interactive,1,1.75
309600,aDTQIqgen6guUNck6NattbZgRhAHpdxMtPDNUZB6TZwT4vlfgJib6VFVprlDnaNA,3.694494,4.465859,5.701529,0,2591700,21.674012,Interactive,1,1.75
309900,aDTQIqgen6guUNck6NattbZgRhAHpdxMtPDNUZB6TZwT4vlfgJib6VFVprlDnaNA,3.894556,7.491439,32.805749,0,2591700,21.674012,Interactive,1,1.75
310200,aDTQIqgen6guUNck6NattbZgRhAHpdxMtPDNUZB6TZwT4vlfgJib6VFVprlDnaNA,3.020304,4.560469,6.151597,0,2591700,21.674012,Interactive,1,1.75
310500,aDTQIqgen6guUNck6NattbZgRhAHpdxMtPDNUZB6TZwT4vlfgJib6VFVprlDnaNA,3.759221,10.170026,24.742649,0,2591700,21.674012,Interactive,1,1.75
310800,aDTQIqgen6guUNck6NattbZgRhAHpdxMtPDNUZB6TZwT4vlfgJib6VFVprlDnaNA,3.797722,8.340458,23.550427,0,2591700,21.674012,Interactive,1,1.75
311100,aDTQIqgen6guUNck6NattbZgRhAHpdxMtPDNUZB6TZwT4vlfgJib6VFVprlDnaNA,3.918114,4.809535,7.009019,0,2591700,21.674012,Interactive,1,1.75
311400,aDTQIqgen6guUNck6NattbZgRhAHpdxMtPDNUZB6TZwT4vlfgJib6VFVprlDnaNA,3.992523,4.966469,6.64174,0,2591700,21.674012,Interactive,1,1.75
311700,aDTQIqgen6guUNck6NattbZgRhAHpdxMtPDNUZB6TZwT4vlfgJib6VFVprlDnaNA,2.6258470000000003,4.1924470000000005,5.376685,0,2591700,21.674012,Interactive,1,1.75
312000,aDTQIqgen6guUNck6NattbZgRhAHpdxMtPDNUZB6TZwT4vlfgJib6VFVprlDnaNA,3.421708,4.459733,6.476988,0,2591700,21.674012,Interactive,1,1.75
312300,aDTQIqgen6guUNck6NattbZgRhAHpdxMtPDNUZB6TZwT4vlfgJib6VFVprlDnaNA,4.013008999999999,4.616258,5.674458,0,2591700,21.674012,Interactive,1,1.75
312600,aDTQIqgen6guUNck6NattbZgRhAHpdxMtPDNUZB6TZwT4vlfgJib6VFVprlDnaNA,3.925742,4.821559,6.240433,0,2591700,21.674012,Interactive,1,1.75
312900,aDTQIqgen6guUNck6NattbZgRhAHpdxMtPDNUZB6TZwT4vlfgJib6VFVprlDnaNA,4.057855,4.562081,5.591667,0,2591700,21.674012,Interactive,1,1.75
313200,aDTQIqgen6guUNck6NattbZgRhAHpdxMtPDNUZB6TZwT4vlfgJib6VFVprlDnaNA,4.046944,5.069522,7.473013000000001,0,2591700,21.674012,Interactive,1,1.75
313500,aDTQIqgen6guUNck6NattbZgRhAHpdxMtPDNUZB6TZwT4vlfgJib6VFVprlDnaNA,4.150715,7.374149000000001,31.087718,0,2591700,21.674012,Interactive,1,1.75
313800,aDTQIqgen6guUNck6NattbZgRhAHpdxMtPDNUZB6TZwT4vlfgJib6VFVprlDnaNA,4.335155,5.099024,7.743361999999999,0,2591700,21.674012,Interactive,1,1.75
314100,aDTQIqgen6guUNck6NattbZgRhAHpdxMtPDNUZB6TZwT4vlfgJib6VFVprlDnaNA,4.055192,4.768561,5.81332,0,2591700,21.674012,Interactive,1,1.75
314400,aDTQIqgen6guUNck6NattbZgRhAHpdxMtPDNUZB6TZwT4vlfgJib6VFVprlDnaNA,3.987084,4.787273,6.400126,0,2591700,21.674012,Interactive,1,1.75
314700,aDTQIqgen6guUNck6NattbZgRhAHpdxMtPDNUZB6TZwT4vlfgJib6VFVprlDnaNA,3.650103,4.667539,6.846678999999999,0,2591700,21.674012,Interactive,1,1.75
315000,aDTQIqgen6guUNck6NattbZgRhAHpdxMtPDNUZB6TZwT4vlfgJib6VFVprlDnaNA,4.07268,4.917431,7.292616000000001,0,2591700,21.674012,Interactive,1,1.75
315300,aDTQIqgen6guUNck6NattbZgRhAHpdxMtPDNUZB6TZwT4vlfgJib6VFVprlDnaNA,4.0386370000000005,4.747071,5.613836,0,2591700,21.674012,Interactive,1,1.75
315600,aDTQIqgen6guUNck6NattbZgRhAHpdxMtPDNUZB6TZwT4vlfgJib6VFVprlDnaNA,3.80557,4.813794000000001,6.145467,0,2591700,21.674012,Interactive,1,1.75
315900,aDTQIqgen6guUNck6NattbZgRhAHpdxMtPDNUZB6TZwT4vlfgJib6VFVprlDnaNA,3.556274,4.244553,5.391885,0,2591700,21.674012,Interactive,1,1.75
316200,aDTQIqgen6guUNck6NattbZgRhAHpdxMtPDNUZB6TZwT4vlfgJib6VFVprlDnaNA,3.595355,4.558534,5.8700410000000005,0,2591700,21.674012,Interactive,1,1.75
316500,aDTQIqgen6guUNck6NattbZgRhAHpdxMtPDNUZB6TZwT4vlfgJib6VFVprlDnaNA,4.017732,8.0095,36.403047,0,2591700,21.674012,Interactive,1,1.75
316800,aDTQIqgen6guUNck6NattbZgRhAHpdxMtPDNUZB6TZwT4vlfgJib6VFVprlDnaNA,4.076875,4.711178,6.264476,0,2591700,21.674012,Interactive,1,1.75
317100,aDTQIqgen6guUNck6NattbZgRhAHpdxMtPDNUZB6TZwT4vlfgJib6VFVprlDnaNA,3.24721,7.401663,24.890664,0,2591700,21.674012,Interactive,1,1.75
317400,aDTQIqgen6guUNck6NattbZgRhAHpdxMtPDNUZB6TZwT4vlfgJib6VFVprlDnaNA,3.641336,4.666657,7.169739999999999,0,2591700,21.674012,Interactive,1,1.75
317700,aDTQIqgen6guUNck6NattbZgRhAHpdxMtPDNUZB6TZwT4vlfgJib6VFVprlDnaNA,4.07188,4.750761,5.729303,0,2591700,21.674012,Interactive,1,1.75
318000,aDTQIqgen6guUNck6NattbZgRhAHpdxMtPDNUZB6TZwT4vlfgJib6VFVprlDnaNA,4.089605000000001,4.73494,6.404046,0,2591700,21.674012,Interactive,1,1.75
318300,aDTQIqgen6guUNck6NattbZgRhAHpdxMtPDNUZB6TZwT4vlfgJib6VFVprlDnaNA,3.619871,5.340778,10.671318,0,2591700,21.674012,Interactive,1,1.75
318600,aDTQIqgen6guUNck6NattbZgRhAHpdxMtPDNUZB6TZwT4vlfgJib6VFVprlDnaNA,3.588543,4.257461,5.274058,0,2591700,21.674012,Interactive,1,1.75
318900,aDTQIqgen6guUNck6NattbZgRhAHpdxMtPDNUZB6TZwT4vlfgJib6VFVprlDnaNA,3.747937,4.664235,5.968030000000001,0,2591700,21.674012,Interactive,1,1.75
319200,aDTQIqgen6guUNck6NattbZgRhAHpdxMtPDNUZB6TZwT4vlfgJib6VFVprlDnaNA,3.770481,5.278007,8.398682,0,2591700,21.674012,Interactive,1,1.75
319500,aDTQIqgen6guUNck6NattbZgRhAHpdxMtPDNUZB6TZwT4vlfgJib6VFVprlDnaNA,3.931522,4.663816000000001,5.720946,0,2591700,21.674012,Interactive,1,1.75
319800,aDTQIqgen6guUNck6NattbZgRhAHpdxMtPDNUZB6TZwT4vlfgJib6VFVprlDnaNA,3.742151,4.596364,6.344888,0,2591700,21.674012,Interactive,1,1.75
320100,aDTQIqgen6guUNck6NattbZgRhAHpdxMtPDNUZB6TZwT4vlfgJib6VFVprlDnaNA,3.441836,4.357837,5.907093,0,2591700,21.674012,Interactive,1,1.75
320400,aDTQIqgen6guUNck6NattbZgRhAHpdxMtPDNUZB6TZwT4vlfgJib6VFVprlDnaNA,3.756287,4.574356,5.758549,0,2591700,21.674012,Interactive,1,1.75
320700,aDTQIqgen6guUNck6NattbZgRhAHpdxMtPDNUZB6TZwT4vlfgJib6VFVprlDnaNA,4.19184,7.355921,30.151767,0,2591700,21.674012,Interactive,1,1.75
321000,aDTQIqgen6guUNck6NattbZgRhAHpdxMtPDNUZB6TZwT4vlfgJib6VFVprlDnaNA,3.450593,4.5197400000000005,7.289086999999999,0,2591700,21.674012,Interactive,1,1.75
321300,aDTQIqgen6guUNck6NattbZgRhAHpdxMtPDNUZB6TZwT4vlfgJib6VFVprlDnaNA,3.5489900000000003,4.530516,5.55816,0,2591700,21.674012,Interactive,1,1.75
321600,aDTQIqgen6guUNck6NattbZgRhAHpdxMtPDNUZB6TZwT4vlfgJib6VFVprlDnaNA,3.646331,5.514697,12.542146,0,2591700,21.674012,Interactive,1,1.75
321900,aDTQIqgen6guUNck6NattbZgRhAHpdxMtPDNUZB6TZwT4vlfgJib6VFVprlDnaNA,3.63439,4.713282,6.444143,0,2591700,21.674012,Interactive,1,1.75
322200,aDTQIqgen6guUNck6NattbZgRhAHpdxMtPDNUZB6TZwT4vlfgJib6VFVprlDnaNA,3.958497,4.709593,5.958303,0,2591700,21.674012,Interactive,1,1.75
322500,aDTQIqgen6guUNck6NattbZgRhAHpdxMtPDNUZB6TZwT4vlfgJib6VFVprlDnaNA,3.645925,4.428506,6.194074,0,2591700,21.674012,Interactive,1,1.75
322800,aDTQIqgen6guUNck6NattbZgRhAHpdxMtPDNUZB6TZwT4vlfgJib6VFVprlDnaNA,3.654488,4.481333,6.052311,0,2591700,21.674012,Interactive,1,1.75
323100,aDTQIqgen6guUNck6NattbZgRhAHpdxMtPDNUZB6TZwT4vlfgJib6VFVprlDnaNA,4.10901,4.70983,5.657685,0,2591700,21.674012,Interactive,1,1.75
323400,aDTQIqgen6guUNck6NattbZgRhAHpdxMtPDNUZB6TZwT4vlfgJib6VFVprlDnaNA,4.055831,4.93928,6.803342999999999,0,2591700,21.674012,Interactive,1,1.75
323700,aDTQIqgen6guUNck6NattbZgRhAHpdxMtPDNUZB6TZwT4vlfgJib6VFVprlDnaNA,2.856706,4.630797,6.449153,0,2591700,21.674012,Interactive,1,1.75
324000,aDTQIqgen6guUNck6NattbZgRhAHpdxMtPDNUZB6TZwT4vlfgJib6VFVprlDnaNA,3.259736,6.812172,27.579662,0,2591700,21.674012,Interactive,1,1.75
324300,aDTQIqgen6guUNck6NattbZgRhAHpdxMtPDNUZB6TZwT4vlfgJib6VFVprlDnaNA,3.559456,7.179015,30.652569,0,2591700,21.674012,Interactive,1,1.75
324600,aDTQIqgen6guUNck6NattbZgRhAHpdxMtPDNUZB6TZwT4vlfgJib6VFVprlDnaNA,3.049586,4.698053,7.178558,0,2591700,21.674012,Interactive,1,1.75
324900,aDTQIqgen6guUNck6NattbZgRhAHpdxMtPDNUZB6TZwT4vlfgJib6VFVprlDnaNA,3.98529,4.788338,5.807738,0,2591700,21.674012,Interactive,1,1.75
325200,aDTQIqgen6guUNck6NattbZgRhAHpdxMtPDNUZB6TZwT4vlfgJib6VFVprlDnaNA,4.078304,4.846364,6.355597,0,2591700,21.674012,Interactive,1,1.75
325500,aDTQIqgen6guUNck6NattbZgRhAHpdxMtPDNUZB6TZwT4vlfgJib6VFVprlDnaNA,4.166539,4.804092,6.098775,0,2591700,21.674012,Interactive,1,1.75
325800,aDTQIqgen6guUNck6NattbZgRhAHpdxMtPDNUZB6TZwT4vlfgJib6VFVprlDnaNA,4.072947,4.62371,5.509308,0,2591700,21.674012,Interactive,1,1.75
326100,aDTQIqgen6guUNck6NattbZgRhAHpdxMtPDNUZB6TZwT4vlfgJib6VFVprlDnaNA,4.01387,4.791128,6.364783999999999,0,2591700,21.674012,Interactive,1,1.75
326400,aDTQIqgen6guUNck6NattbZgRhAHpdxMtPDNUZB6TZwT4vlfgJib6VFVprlDnaNA,3.4488260000000004,4.519378,5.7605,0,2591700,21.674012,Interactive,1,1.75
326700,aDTQIqgen6guUNck6NattbZgRhAHpdxMtPDNUZB6TZwT4vlfgJib6VFVprlDnaNA,3.449621,4.139435,5.572488,0,2591700,21.674012,Interactive,1,1.75
327000,aDTQIqgen6guUNck6NattbZgRhAHpdxMtPDNUZB6TZwT4vlfgJib6VFVprlDnaNA,3.89486,4.828512,7.034089999999999,0,2591700,21.674012,Interactive,1,1.75
327300,aDTQIqgen6guUNck6NattbZgRhAHpdxMtPDNUZB6TZwT4vlfgJib6VFVprlDnaNA,3.905956,5.027635,6.271746,0,2591700,21.674012,Interactive,1,1.75
327600,aDTQIqgen6guUNck6NattbZgRhAHpdxMtPDNUZB6TZwT4vlfgJib6VFVprlDnaNA,4.142075,4.671501999999999,5.453425,0,2591700,21.674012,Interactive,1,1.75
327900,aDTQIqgen6guUNck6NattbZgRhAHpdxMtPDNUZB6TZwT4vlfgJib6VFVprlDnaNA,3.523193,4.840998,7.480566,0,2591700,21.674012,Interactive,1,1.75
328200,aDTQIqgen6guUNck6NattbZgRhAHpdxMtPDNUZB6TZwT4vlfgJib6VFVprlDnaNA,3.794008,7.258353,28.298814,0,2591700,21.674012,Interactive,1,1.75
328500,aDTQIqgen6guUNck6NattbZgRhAHpdxMtPDNUZB6TZwT4vlfgJib6VFVprlDnaNA,2.869016,4.577045,5.724838,0,2591700,21.674012,Interactive,1,1.75
328800,aDTQIqgen6guUNck6NattbZgRhAHpdxMtPDNUZB6TZwT4vlfgJib6VFVprlDnaNA,3.808121,4.723235,7.198550999999999,0,2591700,21.674012,Interactive,1,1.75
329100,aDTQIqgen6guUNck6NattbZgRhAHpdxMtPDNUZB6TZwT4vlfgJib6VFVprlDnaNA,4.076205,4.941683,6.004575,0,2591700,21.674012,Interactive,1,1.75
329400,aDTQIqgen6guUNck6NattbZgRhAHpdxMtPDNUZB6TZwT4vlfgJib6VFVprlDnaNA,3.954127,5.697118,15.33035,0,2591700,21.674012,Interactive,1,1.75
329700,aDTQIqgen6guUNck6NattbZgRhAHpdxMtPDNUZB6TZwT4vlfgJib6VFVprlDnaNA,4.209504,4.880315,7.129708,0,2591700,21.674012,Interactive,1,1.75
330000,aDTQIqgen6guUNck6NattbZgRhAHpdxMtPDNUZB6TZwT4vlfgJib6VFVprlDnaNA,3.5875410000000003,4.824954,6.4494050000000005,0,2591700,21.674012,Interactive,1,1.75
330300,aDTQIqgen6guUNck6NattbZgRhAHpdxMtPDNUZB6TZwT4vlfgJib6VFVprlDnaNA,3.55208,4.548433,5.701838,0,2591700,21.674012,Interactive,1,1.75
330600,aDTQIqgen6guUNck6NattbZgRhAHpdxMtPDNUZB6TZwT4vlfgJib6VFVprlDnaNA,3.134424,4.292756,6.511312,0,2591700,21.674012,Interactive,1,1.75
330900,aDTQIqgen6guUNck6NattbZgRhAHpdxMtPDNUZB6TZwT4vlfgJib6VFVprlDnaNA,3.7221,4.908829,6.27497,0,2591700,21.674012,Interactive,1,1.75
331200,aDTQIqgen6guUNck6NattbZgRhAHpdxMtPDNUZB6TZwT4vlfgJib6VFVprlDnaNA,3.828328,4.594530000000001,5.873327,0,2591700,21.674012,Interactive,1,1.75
331500,aDTQIqgen6guUNck6NattbZgRhAHpdxMtPDNUZB6TZwT4vlfgJib6VFVprlDnaNA,3.472207,4.383598,6.367401999999999,0,2591700,21.674012,Interactive,1,1.75
331800,aDTQIqgen6guUNck6NattbZgRhAHpdxMtPDNUZB6TZwT4vlfgJib6VFVprlDnaNA,3.628651,7.265853,30.713388,0,2591700,21.674012,Interactive,1,1.75
332100,aDTQIqgen6guUNck6NattbZgRhAHpdxMtPDNUZB6TZwT4vlfgJib6VFVprlDnaNA,3.993427,5.82223,15.696706,0,2591700,21.674012,Interactive,1,1.75
332400,aDTQIqgen6guUNck6NattbZgRhAHpdxMtPDNUZB6TZwT4vlfgJib6VFVprlDnaNA,3.5889620000000004,4.503957,6.797507,0,2591700,21.674012,Interactive,1,1.75
332700,aDTQIqgen6guUNck6NattbZgRhAHpdxMtPDNUZB6TZwT4vlfgJib6VFVprlDnaNA,4.146883,4.869748,6.434869,0,2591700,21.674012,Interactive,1,1.75
333000,aDTQIqgen6guUNck6NattbZgRhAHpdxMtPDNUZB6TZwT4vlfgJib6VFVprlDnaNA,4.0484290000000005,4.7260230000000005,6.274089,0,2591700,21.674012,Interactive,1,1.75
333300,aDTQIqgen6guUNck6NattbZgRhAHpdxMtPDNUZB6TZwT4vlfgJib6VFVprlDnaNA,3.970045,4.869729,6.771887,0,2591700,21.674012,Interactive,1,1.75
333600,aDTQIqgen6guUNck6NattbZgRhAHpdxMtPDNUZB6TZwT4vlfgJib6VFVprlDnaNA,3.846926,4.8324110000000005,6.084242,0,2591700,21.674012,Interactive,1,1.75
333900,aDTQIqgen6guUNck6NattbZgRhAHpdxMtPDNUZB6TZwT4vlfgJib6VFVprlDnaNA,3.926827,4.655542,5.735943,0,2591700,21.674012,Interactive,1,1.75
334200,aDTQIqgen6guUNck6NattbZgRhAHpdxMtPDNUZB6TZwT4vlfgJib6VFVprlDnaNA,3.966342,4.851831,6.983859,0,2591700,21.674012,Interactive,1,1.75
334500,aDTQIqgen6guUNck6NattbZgRhAHpdxMtPDNUZB6TZwT4vlfgJib6VFVprlDnaNA,3.463357,4.207867,5.658283,0,2591700,21.674012,Interactive,1,1.75
334800,aDTQIqgen6guUNck6NattbZgRhAHpdxMtPDNUZB6TZwT4vlfgJib6VFVprlDnaNA,4.065061,4.790155,6.253565,0,2591700,21.674012,Interactive,1,1.75
335100,aDTQIqgen6guUNck6NattbZgRhAHpdxMtPDNUZB6TZwT4vlfgJib6VFVprlDnaNA,3.857824,4.84564,6.8257080000000006,0,2591700,21.674012,Interactive,1,1.75
335400,aDTQIqgen6guUNck6NattbZgRhAHpdxMtPDNUZB6TZwT4vlfgJib6VFVprlDnaNA,3.568427,7.251555000000001,30.418022,0,2591700,21.674012,Interactive,1,1.75
335700,aDTQIqgen6guUNck6NattbZgRhAHpdxMtPDNUZB6TZwT4vlfgJib6VFVprlDnaNA,4.139007,4.689814,6.040665,0,2591700,21.674012,Interactive,1,1.75
336000,aDTQIqgen6guUNck6NattbZgRhAHpdxMtPDNUZB6TZwT4vlfgJib6VFVprlDnaNA,2.443403,4.668817,6.904421000000001,0,2591700,21.674012,Interactive,1,1.75
336300,aDTQIqgen6guUNck6NattbZgRhAHpdxMtPDNUZB6TZwT4vlfgJib6VFVprlDnaNA,3.511425,4.521571,5.753268,0,2591700,21.674012,Interactive,1,1.75
336600,aDTQIqgen6guUNck6NattbZgRhAHpdxMtPDNUZB6TZwT4vlfgJib6VFVprlDnaNA,3.625598,4.588680999999999,5.877691,0,2591700,21.674012,Interactive,1,1.75
336900,aDTQIqgen6guUNck6NattbZgRhAHpdxMtPDNUZB6TZwT4vlfgJib6VFVprlDnaNA,3.762252,4.800412000000001,6.041909,0,2591700,21.674012,Interactive,1,1.75
337200,aDTQIqgen6guUNck6NattbZgRhAHpdxMtPDNUZB6TZwT4vlfgJib6VFVprlDnaNA,4.035702,5.856847,16.899595,0,2591700,21.674012,Interactive,1,1.75
337500,aDTQIqgen6guUNck6NattbZgRhAHpdxMtPDNUZB6TZwT4vlfgJib6VFVprlDnaNA,4.136755,4.875728,6.137037,0,2591700,21.674012,Interactive,1,1.75
337800,aDTQIqgen6guUNck6NattbZgRhAHpdxMtPDNUZB6TZwT4vlfgJib6VFVprlDnaNA,3.099112,4.642817,6.199568,0,2591700,21.674012,Interactive,1,1.75
338100,aDTQIqgen6guUNck6NattbZgRhAHpdxMtPDNUZB6TZwT4vlfgJib6VFVprlDnaNA,3.143276,4.63778,5.781149,0,2591700,21.674012,Interactive,1,1.75
338400,aDTQIqgen6guUNck6NattbZgRhAHpdxMtPDNUZB6TZwT4vlfgJib6VFVprlDnaNA,3.419652,4.508281,6.1613,0,2591700,21.674012,Interactive,1,1.75
338700,aDTQIqgen6guUNck6NattbZgRhAHpdxMtPDNUZB6TZwT4vlfgJib6VFVprlDnaNA,3.680863,4.522235,6.182576999999999,0,2591700,21.674012,Interactive,1,1.75
339000,aDTQIqgen6guUNck6NattbZgRhAHpdxMtPDNUZB6TZwT4vlfgJib6VFVprlDnaNA,3.667269,7.270516000000001,32.408343,0,2591700,21.674012,Interactive,1,1.75
339300,aDTQIqgen6guUNck6NattbZgRhAHpdxMtPDNUZB6TZwT4vlfgJib6VFVprlDnaNA,4.552673,12.293641,31.633553000000003,0,2591700,21.674012,Interactive,1,1.75
339600,aDTQIqgen6guUNck6NattbZgRhAHpdxMtPDNUZB6TZwT4vlfgJib6VFVprlDnaNA,4.160091,10.587977,23.046177,0,2591700,21.674012,Interactive,1,1.75
339900,aDTQIqgen6guUNck6NattbZgRhAHpdxMtPDNUZB6TZwT4vlfgJib6VFVprlDnaNA,3.786093,6.498653,22.161264000000003,0,2591700,21.674012,Interactive,1,1.75
340200,aDTQIqgen6guUNck6NattbZgRhAHpdxMtPDNUZB6TZwT4vlfgJib6VFVprlDnaNA,3.874614,4.828189,6.018293,0,2591700,21.674012,Interactive,1,1.75
340500,aDTQIqgen6guUNck6NattbZgRhAHpdxMtPDNUZB6TZwT4vlfgJib6VFVprlDnaNA,3.419995,4.925937,9.833538,0,2591700,21.674012,Interactive,1,1.75
340800,aDTQIqgen6guUNck6NattbZgRhAHpdxMtPDNUZB6TZwT4vlfgJib6VFVprlDnaNA,3.793053,4.43633,5.425545,0,2591700,21.674012,Interactive,1,1.75
341100,aDTQIqgen6guUNck6NattbZgRhAHpdxMtPDNUZB6TZwT4vlfgJib6VFVprlDnaNA,4.1102870000000005,4.89892,6.398416,0,2591700,21.674012,Interactive,1,1.75
341400,aDTQIqgen6guUNck6NattbZgRhAHpdxMtPDNUZB6TZwT4vlfgJib6VFVprlDnaNA,3.231513,4.749644,5.962461,0,2591700,21.674012,Interactive,1,1.75
341700,aDTQIqgen6guUNck6NattbZgRhAHpdxMtPDNUZB6TZwT4vlfgJib6VFVprlDnaNA,4.025975,4.64904,5.357419,0,2591700,21.674012,Interactive,1,1.75
342000,aDTQIqgen6guUNck6NattbZgRhAHpdxMtPDNUZB6TZwT4vlfgJib6VFVprlDnaNA,3.019333,4.668251000000001,5.976931,0,2591700,21.674012,Interactive,1,1.75
342300,aDTQIqgen6guUNck6NattbZgRhAHpdxMtPDNUZB6TZwT4vlfgJib6VFVprlDnaNA,3.451283,4.5970830000000005,5.6906550000000005,0,2591700,21.674012,Interactive,1,1.75
342600,aDTQIqgen6guUNck6NattbZgRhAHpdxMtPDNUZB6TZwT4vlfgJib6VFVprlDnaNA,3.825404,9.355839,33.654943,0,2591700,21.674012,Interactive,1,1.75
342900,aDTQIqgen6guUNck6NattbZgRhAHpdxMtPDNUZB6TZwT4vlfgJib6VFVprlDnaNA,4.129345,5.033875,6.056475,0,2591700,21.674012,Interactive,1,1.75
343200,aDTQIqgen6guUNck6NattbZgRhAHpdxMtPDNUZB6TZwT4vlfgJib6VFVprlDnaNA,3.456535,4.53942,6.040221,0,2591700,21.674012,Interactive,1,1.75
343500,aDTQIqgen6guUNck6NattbZgRhAHpdxMtPDNUZB6TZwT4vlfgJib6VFVprlDnaNA,3.303942,6.81867,27.145596,0,2591700,21.674012,Interactive,1,1.75
343800,aDTQIqgen6guUNck6NattbZgRhAHpdxMtPDNUZB6TZwT4vlfgJib6VFVprlDnaNA,3.963646,4.56918,5.617759,0,2591700,21.674012,Interactive,1,1.75
344100,aDTQIqgen6guUNck6NattbZgRhAHpdxMtPDNUZB6TZwT4vlfgJib6VFVprlDnaNA,3.326588,4.439165,6.062403,0,2591700,21.674012,Interactive,1,1.75
344400,aDTQIqgen6guUNck6NattbZgRhAHpdxMtPDNUZB6TZwT4vlfgJib6VFVprlDnaNA,3.834179,4.811972,6.248164,0,2591700,21.674012,Interactive,1,1.75
344700,aDTQIqgen6guUNck6NattbZgRhAHpdxMtPDNUZB6TZwT4vlfgJib6VFVprlDnaNA,3.903485,5.207647,6.117289,0,2591700,21.674012,Interactive,1,1.75
345000,aDTQIqgen6guUNck6NattbZgRhAHpdxMtPDNUZB6TZwT4vlfgJib6VFVprlDnaNA,3.745447,4.669026000000001,5.797604,0,2591700,21.674012,Interactive,1,1.75
345300,aDTQIqgen6guUNck6NattbZgRhAHpdxMtPDNUZB6TZwT4vlfgJib6VFVprlDnaNA,3.965891000000001,4.652169000000001,6.855115,0,2591700,21.674012,Interactive,1,1.75
345600,aDTQIqgen6guUNck6NattbZgRhAHpdxMtPDNUZB6TZwT4vlfgJib6VFVprlDnaNA,3.87754,4.660983,6.653073,0,2591700,21.674012,Interactive,1,1.75
345900,aDTQIqgen6guUNck6NattbZgRhAHpdxMtPDNUZB6TZwT4vlfgJib6VFVprlDnaNA,3.917345,4.680132,5.747247,0,2591700,21.674012,Interactive,1,1.75
346200,aDTQIqgen6guUNck6NattbZgRhAHpdxMtPDNUZB6TZwT4vlfgJib6VFVprlDnaNA,3.85546,7.573912,24.163908,0,2591700,21.674012,Interactive,1,1.75
346500,aDTQIqgen6guUNck6NattbZgRhAHpdxMtPDNUZB6TZwT4vlfgJib6VFVprlDnaNA,4.067799,4.7864260000000005,6.9023460000000005,0,2591700,21.674012,Interactive,1,1.75
346800,aDTQIqgen6guUNck6NattbZgRhAHpdxMtPDNUZB6TZwT4vlfgJib6VFVprlDnaNA,3.798662,4.900966,6.099618,0,2591700,21.674012,Interactive,1,1.75
347100,aDTQIqgen6guUNck6NattbZgRhAHpdxMtPDNUZB6TZwT4vlfgJib6VFVprlDnaNA,4.025295,4.640137,5.824435,0,2591700,21.674012,Interactive,1,1.75
347400,aDTQIqgen6guUNck6NattbZgRhAHpdxMtPDNUZB6TZwT4vlfgJib6VFVprlDnaNA,3.901079,4.833933,6.641259,0,2591700,21.674012,Interactive,1,1.75
347700,aDTQIqgen6guUNck6NattbZgRhAHpdxMtPDNUZB6TZwT4vlfgJib6VFVprlDnaNA,3.780249,4.673758,6.037739,0,2591700,21.674012,Interactive,1,1.75
348000,aDTQIqgen6guUNck6NattbZgRhAHpdxMtPDNUZB6TZwT4vlfgJib6VFVprlDnaNA,3.5811010000000003,4.44022,5.368243,0,2591700,21.674012,Interactive,1,1.75
348300,aDTQIqgen6guUNck6NattbZgRhAHpdxMtPDNUZB6TZwT4vlfgJib6VFVprlDnaNA,3.70994,4.660032,6.470454,0,2591700,21.674012,Interactive,1,1.75
348600,aDTQIqgen6guUNck6NattbZgRhAHpdxMtPDNUZB6TZwT4vlfgJib6VFVprlDnaNA,3.793785,4.813083,6.01128,0,2591700,21.674012,Interactive,1,1.75
348900,aDTQIqgen6guUNck6NattbZgRhAHpdxMtPDNUZB6TZwT4vlfgJib6VFVprlDnaNA,3.928433,4.59037,5.372919,0,2591700,21.674012,Interactive,1,1.75
349200,aDTQIqgen6guUNck6NattbZgRhAHpdxMtPDNUZB6TZwT4vlfgJib6VFVprlDnaNA,3.676826,4.630227,6.739825,0,2591700,21.674012,Interactive,1,1.75
349500,aDTQIqgen6guUNck6NattbZgRhAHpdxMtPDNUZB6TZwT4vlfgJib6VFVprlDnaNA,3.969949,4.621644,5.782369999999999,0,2591700,21.674012,Interactive,1,1.75
349800,aDTQIqgen6guUNck6NattbZgRhAHpdxMtPDNUZB6TZwT4vlfgJib6VFVprlDnaNA,3.765312,7.366875999999999,31.963697,0,2591700,21.674012,Interactive,1,1.75
350100,aDTQIqgen6guUNck6NattbZgRhAHpdxMtPDNUZB6TZwT4vlfgJib6VFVprlDnaNA,3.830111,4.834902,7.131083,0,2591700,21.674012,Interactive,1,1.75
350400,aDTQIqgen6guUNck6NattbZgRhAHpdxMtPDNUZB6TZwT4vlfgJib6VFVprlDnaNA,3.801511,4.778281,6.08249,0,2591700,21.674012,Interactive,1,1.75
350700,aDTQIqgen6guUNck6NattbZgRhAHpdxMtPDNUZB6TZwT4vlfgJib6VFVprlDnaNA,3.5830269999999995,4.367589,5.51704,0,2591700,21.674012,Interactive,1,1.75
351000,aDTQIqgen6guUNck6NattbZgRhAHpdxMtPDNUZB6TZwT4vlfgJib6VFVprlDnaNA,4.107927,4.95849,7.574788000000001,0,2591700,21.674012,Interactive,1,1.75
351300,aDTQIqgen6guUNck6NattbZgRhAHpdxMtPDNUZB6TZwT4vlfgJib6VFVprlDnaNA,2.9264240000000004,4.47082,5.916397,0,2591700,21.674012,Interactive,1,1.75
351600,aDTQIqgen6guUNck6NattbZgRhAHpdxMtPDNUZB6TZwT4vlfgJib6VFVprlDnaNA,3.19865,4.568999,6.363948000000001,0,2591700,21.674012,Interactive,1,1.75
351900,aDTQIqgen6guUNck6NattbZgRhAHpdxMtPDNUZB6TZwT4vlfgJib6VFVprlDnaNA,3.510839,4.474529,6.774407000000001,0,2591700,21.674012,Interactive,1,1.75
352200,aDTQIqgen6guUNck6NattbZgRhAHpdxMtPDNUZB6TZwT4vlfgJib6VFVprlDnaNA,4.110519999999999,4.818066,6.486053,0,2591700,21.674012,Interactive,1,1.75
352500,aDTQIqgen6guUNck6NattbZgRhAHpdxMtPDNUZB6TZwT4vlfgJib6VFVprlDnaNA,3.930936,4.616561,5.776065,0,2591700,21.674012,Interactive,1,1.75
352800,aDTQIqgen6guUNck6NattbZgRhAHpdxMtPDNUZB6TZwT4vlfgJib6VFVprlDnaNA,3.615106,4.86878,6.837217,0,2591700,21.674012,Interactive,1,1.75
353100,aDTQIqgen6guUNck6NattbZgRhAHpdxMtPDNUZB6TZwT4vlfgJib6VFVprlDnaNA,3.994606,4.649615,5.646134,0,2591700,21.674012,Interactive,1,1.75
353400,aDTQIqgen6guUNck6NattbZgRhAHpdxMtPDNUZB6TZwT4vlfgJib6VFVprlDnaNA,3.990957,4.553465,5.941394,0,2591700,21.674012,Interactive,1,1.75
353700,aDTQIqgen6guUNck6NattbZgRhAHpdxMtPDNUZB6TZwT4vlfgJib6VFVprlDnaNA,3.857043,4.868653,7.321035,0,2591700,21.674012,Interactive,1,1.75
354000,aDTQIqgen6guUNck6NattbZgRhAHpdxMtPDNUZB6TZwT4vlfgJib6VFVprlDnaNA,3.846464,5.067830000000001,9.163342,0,2591700,21.674012,Interactive,1,1.75
354300,aDTQIqgen6guUNck6NattbZgRhAHpdxMtPDNUZB6TZwT4vlfgJib6VFVprlDnaNA,3.893956,4.71784,6.086106,0,2591700,21.674012,Interactive,1,1.75
354600,aDTQIqgen6guUNck6NattbZgRhAHpdxMtPDNUZB6TZwT4vlfgJib6VFVprlDnaNA,3.538698,4.680339,6.986122999999999,0,2591700,21.674012,Interactive,1,1.75
354900,aDTQIqgen6guUNck6NattbZgRhAHpdxMtPDNUZB6TZwT4vlfgJib6VFVprlDnaNA,4.083128,4.810512,5.524744999999999,0,2591700,21.674012,Interactive,1,1.75
355200,aDTQIqgen6guUNck6NattbZgRhAHpdxMtPDNUZB6TZwT4vlfgJib6VFVprlDnaNA,3.978365,4.662404,5.575699,0,2591700,21.674012,Interactive,1,1.75
355500,aDTQIqgen6guUNck6NattbZgRhAHpdxMtPDNUZB6TZwT4vlfgJib6VFVprlDnaNA,4.229241,4.850322,6.866797999999999,0,2591700,21.674012,Interactive,1,1.75
355800,aDTQIqgen6guUNck6NattbZgRhAHpdxMtPDNUZB6TZwT4vlfgJib6VFVprlDnaNA,3.548579,4.445865,5.69128,0,2591700,21.674012,Interactive,1,1.75
356100,aDTQIqgen6guUNck6NattbZgRhAHpdxMtPDNUZB6TZwT4vlfgJib6VFVprlDnaNA,3.797425,4.413562000000001,5.641031,0,2591700,21.674012,Interactive,1,1.75
356400,aDTQIqgen6guUNck6NattbZgRhAHpdxMtPDNUZB6TZwT4vlfgJib6VFVprlDnaNA,3.92956,4.7395,6.945555000000001,0,2591700,21.674012,Interactive,1,1.75
356700,aDTQIqgen6guUNck6NattbZgRhAHpdxMtPDNUZB6TZwT4vlfgJib6VFVprlDnaNA,3.902148,4.7520620000000005,5.93516,0,2591700,21.674012,Interactive,1,1.75
357000,aDTQIqgen6guUNck6NattbZgRhAHpdxMtPDNUZB6TZwT4vlfgJib6VFVprlDnaNA,3.085379,7.415386,19.332856,0,2591700,21.674012,Interactive,1,1.75
357300,aDTQIqgen6guUNck6NattbZgRhAHpdxMtPDNUZB6TZwT4vlfgJib6VFVprlDnaNA,3.846434,5.040887000000001,6.913325,0,2591700,21.674012,Interactive,1,1.75
357600,aDTQIqgen6guUNck6NattbZgRhAHpdxMtPDNUZB6TZwT4vlfgJib6VFVprlDnaNA,3.16412,4.453961,6.022968,0,2591700,21.674012,Interactive,1,1.75
357900,aDTQIqgen6guUNck6NattbZgRhAHpdxMtPDNUZB6TZwT4vlfgJib6VFVprlDnaNA,3.906946,4.902083999999999,6.090475,0,2591700,21.674012,Interactive,1,1.75
358200,aDTQIqgen6guUNck6NattbZgRhAHpdxMtPDNUZB6TZwT4vlfgJib6VFVprlDnaNA,3.250274,4.93986,6.400906,0,2591700,21.674012,Interactive,1,1.75
358500,aDTQIqgen6guUNck6NattbZgRhAHpdxMtPDNUZB6TZwT4vlfgJib6VFVprlDnaNA,3.834709,4.514211,5.369733,0,2591700,21.674012,Interactive,1,1.75
358800,aDTQIqgen6guUNck6NattbZgRhAHpdxMtPDNUZB6TZwT4vlfgJib6VFVprlDnaNA,4.288255,5.006094,5.855716,0,2591700,21.674012,Interactive,1,1.75
359100,aDTQIqgen6guUNck6NattbZgRhAHpdxMtPDNUZB6TZwT4vlfgJib6VFVprlDnaNA,4.082738,4.948299,6.369536,0,2591700,21.674012,Interactive,1,1.75
359400,aDTQIqgen6guUNck6NattbZgRhAHpdxMtPDNUZB6TZwT4vlfgJib6VFVprlDnaNA,4.283993,4.861185,6.6332580000000005,0,2591700,21.674012,Interactive,1,1.75
359700,aDTQIqgen6guUNck6NattbZgRhAHpdxMtPDNUZB6TZwT4vlfgJib6VFVprlDnaNA,3.983071,4.701866000000001,6.229818,0,2591700,21.674012,Interactive,1,1.75
360000,aDTQIqgen6guUNck6NattbZgRhAHpdxMtPDNUZB6TZwT4vlfgJib6VFVprlDnaNA,3.993112,4.927796,6.160362999999999,0,2591700,21.674012,Interactive,1,1.75
360300,aDTQIqgen6guUNck6NattbZgRhAHpdxMtPDNUZB6TZwT4vlfgJib6VFVprlDnaNA,4.031443,5.577481,12.13203,0,2591700,21.674012,Interactive,1,1.75
360600,aDTQIqgen6guUNck6NattbZgRhAHpdxMtPDNUZB6TZwT4vlfgJib6VFVprlDnaNA,4.270281,7.624441,30.291835,0,2591700,21.674012,Interactive,1,1.75
360900,aDTQIqgen6guUNck6NattbZgRhAHpdxMtPDNUZB6TZwT4vlfgJib6VFVprlDnaNA,4.245403,5.254162,7.282708,0,2591700,21.674012,Interactive,1,1.75
361200,aDTQIqgen6guUNck6NattbZgRhAHpdxMtPDNUZB6TZwT4vlfgJib6VFVprlDnaNA,4.147246,4.916116000000001,6.167688,0,2591700,21.674012,Interactive,1,1.75
361500,aDTQIqgen6guUNck6NattbZgRhAHpdxMtPDNUZB6TZwT4vlfgJib6VFVprlDnaNA,4.041491000000001,4.807137,6.545795,0,2591700,21.674012,Interactive,1,1.75
361800,aDTQIqgen6guUNck6NattbZgRhAHpdxMtPDNUZB6TZwT4vlfgJib6VFVprlDnaNA,4.563268,5.353447,7.1442630000000005,0,2591700,21.674012,Interactive,1,1.75
362100,aDTQIqgen6guUNck6NattbZgRhAHpdxMtPDNUZB6TZwT4vlfgJib6VFVprlDnaNA,3.824138,4.53361,5.851307,0,2591700,21.674012,Interactive,1,1.75
362400,aDTQIqgen6guUNck6NattbZgRhAHpdxMtPDNUZB6TZwT4vlfgJib6VFVprlDnaNA,3.862175,4.988316,6.107036,0,2591700,21.674012,Interactive,1,1.75
362700,aDTQIqgen6guUNck6NattbZgRhAHpdxMtPDNUZB6TZwT4vlfgJib6VFVprlDnaNA,4.349376,5.200293,6.51331,0,2591700,21.674012,Interactive,1,1.75
363000,aDTQIqgen6guUNck6NattbZgRhAHpdxMtPDNUZB6TZwT4vlfgJib6VFVprlDnaNA,4.1097660000000005,4.923574,5.940476,0,2591700,21.674012,Interactive,1,1.75
363300,aDTQIqgen6guUNck6NattbZgRhAHpdxMtPDNUZB6TZwT4vlfgJib6VFVprlDnaNA,4.39053,5.187621,6.364102,0,2591700,21.674012,Interactive,1,1.75
363600,aDTQIqgen6guUNck6NattbZgRhAHpdxMtPDNUZB6TZwT4vlfgJib6VFVprlDnaNA,4.176722,5.001644000000001,7.110772,0,2591700,21.674012,Interactive,1,1.75
363900,aDTQIqgen6guUNck6NattbZgRhAHpdxMtPDNUZB6TZwT4vlfgJib6VFVprlDnaNA,3.767562,4.742369999999999,5.798973999999999,0,2591700,21.674012,Interactive,1,1.75
364200,aDTQIqgen6guUNck6NattbZgRhAHpdxMtPDNUZB6TZwT4vlfgJib6VFVprlDnaNA,4.403981,5.140664,6.093317,0,2591700,21.674012,Interactive,1,1.75
364500,aDTQIqgen6guUNck6NattbZgRhAHpdxMtPDNUZB6TZwT4vlfgJib6VFVprlDnaNA,3.899944,5.033747,6.639241,0,2591700,21.674012,Interactive,1,1.75
364800,aDTQIqgen6guUNck6NattbZgRhAHpdxMtPDNUZB6TZwT4vlfgJib6VFVprlDnaNA,3.855177,4.965699,6.691082000000001,0,2591700,21.674012,Interactive,1,1.75
365100,aDTQIqgen6guUNck6NattbZgRhAHpdxMtPDNUZB6TZwT4vlfgJib6VFVprlDnaNA,3.886747,5.08741,6.1727620000000005,0,2591700,21.674012,Interactive,1,1.75
365400,aDTQIqgen6guUNck6NattbZgRhAHpdxMtPDNUZB6TZwT4vlfgJib6VFVprlDnaNA,4.271801,5.313194,6.871132000000001,0,2591700,21.674012,Interactive,1,1.75
365700,aDTQIqgen6guUNck6NattbZgRhAHpdxMtPDNUZB6TZwT4vlfgJib6VFVprlDnaNA,3.33958,4.997813,6.449281,0,2591700,21.674012,Interactive,1,1.75
366000,aDTQIqgen6guUNck6NattbZgRhAHpdxMtPDNUZB6TZwT4vlfgJib6VFVprlDnaNA,4.640771,5.401173,6.637516000000001,0,2591700,21.674012,Interactive,1,1.75
366300,aDTQIqgen6guUNck6NattbZgRhAHpdxMtPDNUZB6TZwT4vlfgJib6VFVprlDnaNA,4.680561,5.447102,6.778117,0,2591700,21.674012,Interactive,1,1.75
366600,aDTQIqgen6guUNck6NattbZgRhAHpdxMtPDNUZB6TZwT4vlfgJib6VFVprlDnaNA,4.352856,5.099435,6.090117,0,2591700,21.674012,Interactive,1,1.75
366900,aDTQIqgen6guUNck6NattbZgRhAHpdxMtPDNUZB6TZwT4vlfgJib6VFVprlDnaNA,4.563723,5.5019,7.224908,0,2591700,21.674012,Interactive,1,1.75
367200,aDTQIqgen6guUNck6NattbZgRhAHpdxMtPDNUZB6TZwT4vlfgJib6VFVprlDnaNA,4.800828,8.027699,18.987373,0,2591700,21.674012,Interactive,1,1.75
367500,aDTQIqgen6guUNck6NattbZgRhAHpdxMtPDNUZB6TZwT4vlfgJib6VFVprlDnaNA,4.341988,4.899255999999999,5.749297,0,2591700,21.674012,Interactive,1,1.75
367800,aDTQIqgen6guUNck6NattbZgRhAHpdxMtPDNUZB6TZwT4vlfgJib6VFVprlDnaNA,4.596891,8.116014999999999,22.196158,0,2591700,21.674012,Interactive,1,1.75
368100,aDTQIqgen6guUNck6NattbZgRhAHpdxMtPDNUZB6TZwT4vlfgJib6VFVprlDnaNA,4.886958,11.221796,29.80211,0,2591700,21.674012,Interactive,1,1.75
368400,aDTQIqgen6guUNck6NattbZgRhAHpdxMtPDNUZB6TZwT4vlfgJib6VFVprlDnaNA,4.097837,9.527791,35.454375,0,2591700,21.674012,Interactive,1,1.75
368700,aDTQIqgen6guUNck6NattbZgRhAHpdxMtPDNUZB6TZwT4vlfgJib6VFVprlDnaNA,4.458223,5.498147,8.328562,0,2591700,21.674012,Interactive,1,1.75
369000,aDTQIqgen6guUNck6NattbZgRhAHpdxMtPDNUZB6TZwT4vlfgJib6VFVprlDnaNA,4.411519,5.390232,6.577682000000001,0,2591700,21.674012,Interactive,1,1.75
369300,aDTQIqgen6guUNck6NattbZgRhAHpdxMtPDNUZB6TZwT4vlfgJib6VFVprlDnaNA,4.627464,5.173435,6.200402,0,2591700,21.674012,Interactive,1,1.75
369600,aDTQIqgen6guUNck6NattbZgRhAHpdxMtPDNUZB6TZwT4vlfgJib6VFVprlDnaNA,4.5710120000000005,5.463941,7.351296,0,2591700,21.674012,Interactive,1,1.75
369900,aDTQIqgen6guUNck6NattbZgRhAHpdxMtPDNUZB6TZwT4vlfgJib6VFVprlDnaNA,4.513893,5.389099,6.768636,0,2591700,21.674012,Interactive,1,1.75
370200,aDTQIqgen6guUNck6NattbZgRhAHpdxMtPDNUZB6TZwT4vlfgJib6VFVprlDnaNA,4.348355000000001,4.907246,6.391554,0,2591700,21.674012,Interactive,1,1.75
370500,aDTQIqgen6guUNck6NattbZgRhAHpdxMtPDNUZB6TZwT4vlfgJib6VFVprlDnaNA,4.461921,5.422196,7.251891,0,2591700,21.674012,Interactive,1,1.75
370800,aDTQIqgen6guUNck6NattbZgRhAHpdxMtPDNUZB6TZwT4vlfgJib6VFVprlDnaNA,4.502619,5.891529,9.947672,0,2591700,21.674012,Interactive,1,1.75
371100,aDTQIqgen6guUNck6NattbZgRhAHpdxMtPDNUZB6TZwT4vlfgJib6VFVprlDnaNA,4.054805,5.085395,6.175535,0,2591700,21.674012,Interactive,1,1.75
371400,aDTQIqgen6guUNck6NattbZgRhAHpdxMtPDNUZB6TZwT4vlfgJib6VFVprlDnaNA,4.239911,8.035544,30.752125,0,2591700,21.674012,Interactive,1,1.75
371700,aDTQIqgen6guUNck6NattbZgRhAHpdxMtPDNUZB6TZwT4vlfgJib6VFVprlDnaNA,3.4718410000000004,5.297529,6.979024000000001,0,2591700,21.674012,Interactive,1,1.75
372000,aDTQIqgen6guUNck6NattbZgRhAHpdxMtPDNUZB6TZwT4vlfgJib6VFVprlDnaNA,4.214087,5.079548,6.540349,0,2591700,21.674012,Interactive,1,1.75
372300,aDTQIqgen6guUNck6NattbZgRhAHpdxMtPDNUZB6TZwT4vlfgJib6VFVprlDnaNA,4.622666000000001,5.646848,7.823164999999999,0,2591700,21.674012,Interactive,1,1.75
372600,aDTQIqgen6guUNck6NattbZgRhAHpdxMtPDNUZB6TZwT4vlfgJib6VFVprlDnaNA,4.500314,5.438325,7.007634,0,2591700,21.674012,Interactive,1,1.75
372900,aDTQIqgen6guUNck6NattbZgRhAHpdxMtPDNUZB6TZwT4vlfgJib6VFVprlDnaNA,3.994618,4.933848,6.264597,0,2591700,21.674012,Interactive,1,1.75
373200,aDTQIqgen6guUNck6NattbZgRhAHpdxMtPDNUZB6TZwT4vlfgJib6VFVprlDnaNA,3.513205,5.487668,8.087625,0,2591700,21.674012,Interactive,1,1.75
373500,aDTQIqgen6guUNck6NattbZgRhAHpdxMtPDNUZB6TZwT4vlfgJib6VFVprlDnaNA,4.649598,5.485443,6.58207,0,2591700,21.674012,Interactive,1,1.75
373800,aDTQIqgen6guUNck6NattbZgRhAHpdxMtPDNUZB6TZwT4vlfgJib6VFVprlDnaNA,3.713696,5.055846,6.655272999999999,0,2591700,21.674012,Interactive,1,1.75
374100,aDTQIqgen6guUNck6NattbZgRhAHpdxMtPDNUZB6TZwT4vlfgJib6VFVprlDnaNA,4.384666999999999,5.403975,7.293556,0,2591700,21.674012,Interactive,1,1.75
374400,aDTQIqgen6guUNck6NattbZgRhAHpdxMtPDNUZB6TZwT4vlfgJib6VFVprlDnaNA,3.2534,5.189227,6.490268,0,2591700,21.674012,Interactive,1,1.75
374700,aDTQIqgen6guUNck6NattbZgRhAHpdxMtPDNUZB6TZwT4vlfgJib6VFVprlDnaNA,4.613061,5.242103,6.791394,0,2591700,21.674012,Interactive,1,1.75
375000,aDTQIqgen6guUNck6NattbZgRhAHpdxMtPDNUZB6TZwT4vlfgJib6VFVprlDnaNA,3.132991,8.381473,34.038007,0,2591700,21.674012,Interactive,1,1.75
375300,aDTQIqgen6guUNck6NattbZgRhAHpdxMtPDNUZB6TZwT4vlfgJib6VFVprlDnaNA,4.37293,5.600667,7.080533,0,2591700,21.674012,Interactive,1,1.75
375600,aDTQIqgen6guUNck6NattbZgRhAHpdxMtPDNUZB6TZwT4vlfgJib6VFVprlDnaNA,3.126039,4.817124,6.147952,0,2591700,21.674012,Interactive,1,1.75
375900,aDTQIqgen6guUNck6NattbZgRhAHpdxMtPDNUZB6TZwT4vlfgJib6VFVprlDnaNA,3.308588,5.160379,7.685256,0,2591700,21.674012,Interactive,1,1.75
376200,aDTQIqgen6guUNck6NattbZgRhAHpdxMtPDNUZB6TZwT4vlfgJib6VFVprlDnaNA,4.513673000000001,5.517078,6.5276760000000005,0,2591700,21.674012,Interactive,1,1.75
376500,aDTQIqgen6guUNck6NattbZgRhAHpdxMtPDNUZB6TZwT4vlfgJib6VFVprlDnaNA,3.333295,5.002818,6.165041,0,2591700,21.674012,Interactive,1,1.75
376800,aDTQIqgen6guUNck6NattbZgRhAHpdxMtPDNUZB6TZwT4vlfgJib6VFVprlDnaNA,4.696389,5.577539,7.840839999999999,0,2591700,21.674012,Interactive,1,1.75
377100,aDTQIqgen6guUNck6NattbZgRhAHpdxMtPDNUZB6TZwT4vlfgJib6VFVprlDnaNA,4.649252,5.396587,6.280796,0,2591700,21.674012,Interactive,1,1.75
377400,aDTQIqgen6guUNck6NattbZgRhAHpdxMtPDNUZB6TZwT4vlfgJib6VFVprlDnaNA,4.52907,5.417665,6.651592999999999,0,2591700,21.674012,Interactive,1,1.75
377700,aDTQIqgen6guUNck6NattbZgRhAHpdxMtPDNUZB6TZwT4vlfgJib6VFVprlDnaNA,4.499941000000001,5.49385,7.445689999999999,0,2591700,21.674012,Interactive,1,1.75
378000,aDTQIqgen6guUNck6NattbZgRhAHpdxMtPDNUZB6TZwT4vlfgJib6VFVprlDnaNA,4.673232,5.405121,6.401259,0,2591700,21.674012,Interactive,1,1.75
378300,aDTQIqgen6guUNck6NattbZgRhAHpdxMtPDNUZB6TZwT4vlfgJib6VFVprlDnaNA,4.609094,5.407237,6.7421,0,2591700,21.674012,Interactive,1,1.75
378600,aDTQIqgen6guUNck6NattbZgRhAHpdxMtPDNUZB6TZwT4vlfgJib6VFVprlDnaNA,4.42012,8.267964,24.407879,0,2591700,21.674012,Interactive,1,1.75
378900,aDTQIqgen6guUNck6NattbZgRhAHpdxMtPDNUZB6TZwT4vlfgJib6VFVprlDnaNA,4.693788,5.594723999999999,6.8351820000000005,0,2591700,21.674012,Interactive,1,1.75
379200,aDTQIqgen6guUNck6NattbZgRhAHpdxMtPDNUZB6TZwT4vlfgJib6VFVprlDnaNA,3.95819,5.178476,7.042128999999999,0,2591700,21.674012,Interactive,1,1.75
379500,aDTQIqgen6guUNck6NattbZgRhAHpdxMtPDNUZB6TZwT4vlfgJib6VFVprlDnaNA,5.011483,5.773562,7.480587,0,2591700,21.674012,Interactive,1,1.75
379800,aDTQIqgen6guUNck6NattbZgRhAHpdxMtPDNUZB6TZwT4vlfgJib6VFVprlDnaNA,3.514288,5.442551,6.75586,0,2591700,21.674012,Interactive,1,1.75
380100,aDTQIqgen6guUNck6NattbZgRhAHpdxMtPDNUZB6TZwT4vlfgJib6VFVprlDnaNA,4.347502,5.354342,6.877519,0,2591700,21.674012,Interactive,1,1.75
380400,aDTQIqgen6guUNck6NattbZgRhAHpdxMtPDNUZB6TZwT4vlfgJib6VFVprlDnaNA,4.596036,5.720869,7.543808,0,2591700,21.674012,Interactive,1,1.75
380700,aDTQIqgen6guUNck6NattbZgRhAHpdxMtPDNUZB6TZwT4vlfgJib6VFVprlDnaNA,5.011433,5.693999,6.643506,0,2591700,21.674012,Interactive,1,1.75
381000,aDTQIqgen6guUNck6NattbZgRhAHpdxMtPDNUZB6TZwT4vlfgJib6VFVprlDnaNA,3.855564,5.3224800000000005,6.516324,0,2591700,21.674012,Interactive,1,1.75
381300,aDTQIqgen6guUNck6NattbZgRhAHpdxMtPDNUZB6TZwT4vlfgJib6VFVprlDnaNA,2.880223,5.464919,7.201574000000001,0,2591700,21.674012,Interactive,1,1.75
381600,aDTQIqgen6guUNck6NattbZgRhAHpdxMtPDNUZB6TZwT4vlfgJib6VFVprlDnaNA,4.96269,5.515582,6.605643,0,2591700,21.674012,Interactive,1,1.75
381900,aDTQIqgen6guUNck6NattbZgRhAHpdxMtPDNUZB6TZwT4vlfgJib6VFVprlDnaNA,4.529433999999999,5.615133999999999,6.915280999999999,0,2591700,21.674012,Interactive,1,1.75
382200,aDTQIqgen6guUNck6NattbZgRhAHpdxMtPDNUZB6TZwT4vlfgJib6VFVprlDnaNA,4.796958,8.614813,31.645703,0,2591700,21.674012,Interactive,1,1.75
382500,aDTQIqgen6guUNck6NattbZgRhAHpdxMtPDNUZB6TZwT4vlfgJib6VFVprlDnaNA,4.965036,5.599661,6.695367,0,2591700,21.674012,Interactive,1,1.75
382800,aDTQIqgen6guUNck6NattbZgRhAHpdxMtPDNUZB6TZwT4vlfgJib6VFVprlDnaNA,4.392427,5.375415,7.134486999999999,0,2591700,21.674012,Interactive,1,1.75
383100,aDTQIqgen6guUNck6NattbZgRhAHpdxMtPDNUZB6TZwT4vlfgJib6VFVprlDnaNA,4.032069,5.542411,7.281787,0,2591700,21.674012,Interactive,1,1.75
383400,aDTQIqgen6guUNck6NattbZgRhAHpdxMtPDNUZB6TZwT4vlfgJib6VFVprlDnaNA,5.031038,5.537156,6.901942,0,2591700,21.674012,Interactive,1,1.75
383700,aDTQIqgen6guUNck6NattbZgRhAHpdxMtPDNUZB6TZwT4vlfgJib6VFVprlDnaNA,4.186827,5.11476,7.107328,0,2591700,21.674012,Interactive,1,1.75
384000,aDTQIqgen6guUNck6NattbZgRhAHpdxMtPDNUZB6TZwT4vlfgJib6VFVprlDnaNA,4.535012999999999,5.6001,7.72025,0,2591700,21.674012,Interactive,1,1.75
384300,aDTQIqgen6guUNck6NattbZgRhAHpdxMtPDNUZB6TZwT4vlfgJib6VFVprlDnaNA,4.673094,5.4298150000000005,6.338958,0,2591700,21.674012,Interactive,1,1.75
384600,aDTQIqgen6guUNck6NattbZgRhAHpdxMtPDNUZB6TZwT4vlfgJib6VFVprlDnaNA,4.3246,5.331866000000001,6.939341000000001,0,2591700,21.674012,Interactive,1,1.75
384900,aDTQIqgen6guUNck6NattbZgRhAHpdxMtPDNUZB6TZwT4vlfgJib6VFVprlDnaNA,4.560995,5.48277,7.391000999999999,0,2591700,21.674012,Interactive,1,1.75
385200,aDTQIqgen6guUNck6NattbZgRhAHpdxMtPDNUZB6TZwT4vlfgJib6VFVprlDnaNA,4.757025,5.345454,6.442804,0,2591700,21.674012,Interactive,1,1.75
385500,aDTQIqgen6guUNck6NattbZgRhAHpdxMtPDNUZB6TZwT4vlfgJib6VFVprlDnaNA,4.599575,5.466187000000001,6.466125,0,2591700,21.674012,Interactive,1,1.75
385800,aDTQIqgen6guUNck6NattbZgRhAHpdxMtPDNUZB6TZwT4vlfgJib6VFVprlDnaNA,4.503478,8.324073,31.700395,0,2591700,21.674012,Interactive,1,1.75
386100,aDTQIqgen6guUNck6NattbZgRhAHpdxMtPDNUZB6TZwT4vlfgJib6VFVprlDnaNA,5.032613,5.569795,6.7602020000000005,0,2591700,21.674012,Interactive,1,1.75
386400,aDTQIqgen6guUNck6NattbZgRhAHpdxMtPDNUZB6TZwT4vlfgJib6VFVprlDnaNA,2.433342,4.771011,6.112652,0,2591700,21.674012,Interactive,1,1.75
386700,aDTQIqgen6guUNck6NattbZgRhAHpdxMtPDNUZB6TZwT4vlfgJib6VFVprlDnaNA,3.271875,5.346269,7.301551,0,2591700,21.674012,Interactive,1,1.75
387000,aDTQIqgen6guUNck6NattbZgRhAHpdxMtPDNUZB6TZwT4vlfgJib6VFVprlDnaNA,4.553858999999999,5.4794540000000005,6.450176,0,2591700,21.674012,Interactive,1,1.75
387300,aDTQIqgen6guUNck6NattbZgRhAHpdxMtPDNUZB6TZwT4vlfgJib6VFVprlDnaNA,3.148899,5.066744,7.0945160000000005,0,2591700,21.674012,Interactive,1,1.75
387600,aDTQIqgen6guUNck6NattbZgRhAHpdxMtPDNUZB6TZwT4vlfgJib6VFVprlDnaNA,4.326685,5.450031,6.608238,0,2591700,21.674012,Interactive,1,1.75
387900,aDTQIqgen6guUNck6NattbZgRhAHpdxMtPDNUZB6TZwT4vlfgJib6VFVprlDnaNA,4.800281,5.357317,6.385383,0,2591700,21.674012,Interactive,1,1.75
388200,aDTQIqgen6guUNck6NattbZgRhAHpdxMtPDNUZB6TZwT4vlfgJib6VFVprlDnaNA,4.506535,5.487739,7.749736,0,2591700,21.674012,Interactive,1,1.75
388500,aDTQIqgen6guUNck6NattbZgRhAHpdxMtPDNUZB6TZwT4vlfgJib6VFVprlDnaNA,4.398613,5.409244,6.482187000000001,0,2591700,21.674012,Interactive,1,1.75
388800,aDTQIqgen6guUNck6NattbZgRhAHpdxMtPDNUZB6TZwT4vlfgJib6VFVprlDnaNA,4.715491,5.539261,6.601907000000001,0,2591700,21.674012,Interactive,1,1.75
389100,aDTQIqgen6guUNck6NattbZgRhAHpdxMtPDNUZB6TZwT4vlfgJib6VFVprlDnaNA,3.195453,5.033123000000001,6.313411,0,2591700,21.674012,Interactive,1,1.75
389400,aDTQIqgen6guUNck6NattbZgRhAHpdxMtPDNUZB6TZwT4vlfgJib6VFVprlDnaNA,3.3512160000000004,7.920808999999999,26.59904,0,2591700,21.674012,Interactive,1,1.75
389700,aDTQIqgen6guUNck6NattbZgRhAHpdxMtPDNUZB6TZwT4vlfgJib6VFVprlDnaNA,4.359921,5.291205000000001,6.987564,0,2591700,21.674012,Interactive,1,1.75
390000,aDTQIqgen6guUNck6NattbZgRhAHpdxMtPDNUZB6TZwT4vlfgJib6VFVprlDnaNA,4.312436,4.954406,7.214243,0,2591700,21.674012,Interactive,1,1.75
390300,aDTQIqgen6guUNck6NattbZgRhAHpdxMtPDNUZB6TZwT4vlfgJib6VFVprlDnaNA,4.670392,5.5041150000000005,6.490589,0,2591700,21.674012,Interactive,1,1.75
390600,aDTQIqgen6guUNck6NattbZgRhAHpdxMtPDNUZB6TZwT4vlfgJib6VFVprlDnaNA,3.93854,4.885896,6.240768,0,2591700,21.674012,Interactive,1,1.75
390900,aDTQIqgen6guUNck6NattbZgRhAHpdxMtPDNUZB6TZwT4vlfgJib6VFVprlDnaNA,4.121253,5.077205999999999,7.100916000000001,0,2591700,21.674012,Interactive,1,1.75
391200,aDTQIqgen6guUNck6NattbZgRhAHpdxMtPDNUZB6TZwT4vlfgJib6VFVprlDnaNA,3.138152,5.162159,6.237913,0,2591700,21.674012,Interactive,1,1.75
391500,aDTQIqgen6guUNck6NattbZgRhAHpdxMtPDNUZB6TZwT4vlfgJib6VFVprlDnaNA,3.636515,4.6316,5.689514,0,2591700,21.674012,Interactive,1,1.75
391800,aDTQIqgen6guUNck6NattbZgRhAHpdxMtPDNUZB6TZwT4vlfgJib6VFVprlDnaNA,4.062971,4.57149,5.764741000000001,0,2591700,21.674012,Interactive,1,1.75
392100,aDTQIqgen6guUNck6NattbZgRhAHpdxMtPDNUZB6TZwT4vlfgJib6VFVprlDnaNA,3.841424,4.870887000000001,5.9598510000000005,0,2591700,21.674012,Interactive,1,1.75
392400,aDTQIqgen6guUNck6NattbZgRhAHpdxMtPDNUZB6TZwT4vlfgJib6VFVprlDnaNA,4.074808,5.211817,9.98995,0,2591700,21.674012,Interactive,1,1.75
392700,aDTQIqgen6guUNck6NattbZgRhAHpdxMtPDNUZB6TZwT4vlfgJib6VFVprlDnaNA,3.79325,4.721858999999999,6.975096000000001,0,2591700,21.674012,Interactive,1,1.75
393000,aDTQIqgen6guUNck6NattbZgRhAHpdxMtPDNUZB6TZwT4vlfgJib6VFVprlDnaNA,4.317539,7.534407000000001,29.996508,0,2591700,21.674012,Interactive,1,1.75
393300,aDTQIqgen6guUNck6NattbZgRhAHpdxMtPDNUZB6TZwT4vlfgJib6VFVprlDnaNA,3.924971,4.884409,6.069017,0,2591700,21.674012,Interactive,1,1.75
393600,aDTQIqgen6guUNck6NattbZgRhAHpdxMtPDNUZB6TZwT4vlfgJib6VFVprlDnaNA,3.812745,4.788112,7.328023,0,2591700,21.674012,Interactive,1,1.75
393900,aDTQIqgen6guUNck6NattbZgRhAHpdxMtPDNUZB6TZwT4vlfgJib6VFVprlDnaNA,3.807218,4.913969,6.2513760000000005,0,2591700,21.674012,Interactive,1,1.75
394200,aDTQIqgen6guUNck6NattbZgRhAHpdxMtPDNUZB6TZwT4vlfgJib6VFVprlDnaNA,4.384377,4.932845,6.244635,0,2591700,21.674012,Interactive,1,1.75
394500,aDTQIqgen6guUNck6NattbZgRhAHpdxMtPDNUZB6TZwT4vlfgJib6VFVprlDnaNA,3.068895,4.480367,6.85418,0,2591700,21.674012,Interactive,1,1.75
394800,aDTQIqgen6guUNck6NattbZgRhAHpdxMtPDNUZB6TZwT4vlfgJib6VFVprlDnaNA,4.176654,4.928371,5.860066000000001,0,2591700,21.674012,Interactive,1,1.75
395100,aDTQIqgen6guUNck6NattbZgRhAHpdxMtPDNUZB6TZwT4vlfgJib6VFVprlDnaNA,4.12785,4.936902,6.325874,0,2591700,21.674012,Interactive,1,1.75
395400,aDTQIqgen6guUNck6NattbZgRhAHpdxMtPDNUZB6TZwT4vlfgJib6VFVprlDnaNA,3.906657,4.639144,6.905238000000001,0,2591700,21.674012,Interactive,1,1.75
395700,aDTQIqgen6guUNck6NattbZgRhAHpdxMtPDNUZB6TZwT4vlfgJib6VFVprlDnaNA,4.193257,4.870145,5.919088,0,2591700,21.674012,Interactive,1,1.75
396000,aDTQIqgen6guUNck6NattbZgRhAHpdxMtPDNUZB6TZwT4vlfgJib6VFVprlDnaNA,3.953011,4.764805,6.169875,0,2591700,21.674012,Interactive,1,1.75
396300,aDTQIqgen6guUNck6NattbZgRhAHpdxMtPDNUZB6TZwT4vlfgJib6VFVprlDnaNA,3.764229,4.908780999999999,7.107388,0,2591700,21.674012,Interactive,1,1.75
396600,aDTQIqgen6guUNck6NattbZgRhAHpdxMtPDNUZB6TZwT4vlfgJib6VFVprlDnaNA,3.483017,7.296286,28.060006,0,2591700,21.674012,Interactive,1,1.75
396900,aDTQIqgen6guUNck6NattbZgRhAHpdxMtPDNUZB6TZwT4vlfgJib6VFVprlDnaNA,3.863558,11.288417,32.188751,0,2591700,21.674012,Interactive,1,1.75
397200,aDTQIqgen6guUNck6NattbZgRhAHpdxMtPDNUZB6TZwT4vlfgJib6VFVprlDnaNA,3.225058,8.216791,25.578614,0,2591700,21.674012,Interactive,1,1.75
397500,aDTQIqgen6guUNck6NattbZgRhAHpdxMtPDNUZB6TZwT4vlfgJib6VFVprlDnaNA,3.890045,4.780628,5.968964,0,2591700,21.674012,Interactive,1,1.75
397800,aDTQIqgen6guUNck6NattbZgRhAHpdxMtPDNUZB6TZwT4vlfgJib6VFVprlDnaNA,3.994583,5.3404940000000005,10.69699,0,2591700,21.674012,Interactive,1,1.75
398100,aDTQIqgen6guUNck6NattbZgRhAHpdxMtPDNUZB6TZwT4vlfgJib6VFVprlDnaNA,4.142044,4.7936190000000005,6.272782,0,2591700,21.674012,Interactive,1,1.75
398400,aDTQIqgen6guUNck6NattbZgRhAHpdxMtPDNUZB6TZwT4vlfgJib6VFVprlDnaNA,4.127998000000001,4.873826,5.564989,0,2591700,21.674012,Interactive,1,1.75
398700,aDTQIqgen6guUNck6NattbZgRhAHpdxMtPDNUZB6TZwT4vlfgJib6VFVprlDnaNA,3.463738,4.532511,6.330582,0,2591700,21.674012,Interactive,1,1.75
399000,aDTQIqgen6guUNck6NattbZgRhAHpdxMtPDNUZB6TZwT4vlfgJib6VFVprlDnaNA,3.992568,4.745896,6.525213,0,2591700,21.674012,Interactive,1,1.75
399300,aDTQIqgen6guUNck6NattbZgRhAHpdxMtPDNUZB6TZwT4vlfgJib6VFVprlDnaNA,3.918087,4.539773,5.518816,0,2591700,21.674012,Interactive,1,1.75
399600,aDTQIqgen6guUNck6NattbZgRhAHpdxMtPDNUZB6TZwT4vlfgJib6VFVprlDnaNA,3.955022,4.757773,6.1499690000000005,0,2591700,21.674012,Interactive,1,1.75
399900,aDTQIqgen6guUNck6NattbZgRhAHpdxMtPDNUZB6TZwT4vlfgJib6VFVprlDnaNA,3.62566,4.272647,5.921608,0,2591700,21.674012,Interactive,1,1.75
400200,aDTQIqgen6guUNck6NattbZgRhAHpdxMtPDNUZB6TZwT4vlfgJib6VFVprlDnaNA,3.651165,7.197323,31.189154,0,2591700,21.674012,Interactive,1,1.75
400500,aDTQIqgen6guUNck6NattbZgRhAHpdxMtPDNUZB6TZwT4vlfgJib6VFVprlDnaNA,4.123875,5.433725,12.045604,0,2591700,21.674012,Interactive,1,1.75
400800,aDTQIqgen6guUNck6NattbZgRhAHpdxMtPDNUZB6TZwT4vlfgJib6VFVprlDnaNA,3.551063,4.231699,5.757023,0,2591700,21.674012,Interactive,1,1.75
401100,aDTQIqgen6guUNck6NattbZgRhAHpdxMtPDNUZB6TZwT4vlfgJib6VFVprlDnaNA,3.629519,4.644815,5.475927,0,2591700,21.674012,Interactive,1,1.75
401400,aDTQIqgen6guUNck6NattbZgRhAHpdxMtPDNUZB6TZwT4vlfgJib6VFVprlDnaNA,2.491861,4.640669,6.768797,0,2591700,21.674012,Interactive,1,1.75
401700,aDTQIqgen6guUNck6NattbZgRhAHpdxMtPDNUZB6TZwT4vlfgJib6VFVprlDnaNA,3.896303,4.631875,6.271057,0,2591700,21.674012,Interactive,1,1.75
402000,aDTQIqgen6guUNck6NattbZgRhAHpdxMtPDNUZB6TZwT4vlfgJib6VFVprlDnaNA,2.962046,4.24477,5.169658999999999,0,2591700,21.674012,Interactive,1,1.75
402300,aDTQIqgen6guUNck6NattbZgRhAHpdxMtPDNUZB6TZwT4vlfgJib6VFVprlDnaNA,3.814278,4.657376,6.359401,0,2591700,21.674012,Interactive,1,1.75
402600,aDTQIqgen6guUNck6NattbZgRhAHpdxMtPDNUZB6TZwT4vlfgJib6VFVprlDnaNA,3.341336,4.333175,5.794383,0,2591700,21.674012,Interactive,1,1.75
402900,aDTQIqgen6guUNck6NattbZgRhAHpdxMtPDNUZB6TZwT4vlfgJib6VFVprlDnaNA,3.751141000000001,4.5960160000000005,5.5735660000000005,0,2591700,21.674012,Interactive,1,1.75
403200,aDTQIqgen6guUNck6NattbZgRhAHpdxMtPDNUZB6TZwT4vlfgJib6VFVprlDnaNA,3.80969,4.934482,9.414491,0,2591700,21.674012,Interactive,1,1.75
403500,aDTQIqgen6guUNck6NattbZgRhAHpdxMtPDNUZB6TZwT4vlfgJib6VFVprlDnaNA,3.5310370000000004,4.302743,6.092965,0,2591700,21.674012,Interactive,1,1.75
403800,aDTQIqgen6guUNck6NattbZgRhAHpdxMtPDNUZB6TZwT4vlfgJib6VFVprlDnaNA,4.103512,7.311325,30.375496,0,2591700,21.674012,Interactive,1,1.75
404100,aDTQIqgen6guUNck6NattbZgRhAHpdxMtPDNUZB6TZwT4vlfgJib6VFVprlDnaNA,3.075279,4.507497,6.860091000000001,0,2591700,21.674012,Interactive,1,1.75
404400,aDTQIqgen6guUNck6NattbZgRhAHpdxMtPDNUZB6TZwT4vlfgJib6VFVprlDnaNA,3.751976,4.4854970000000005,6.081828,0,2591700,21.674012,Interactive,1,1.75
404700,aDTQIqgen6guUNck6NattbZgRhAHpdxMtPDNUZB6TZwT4vlfgJib6VFVprlDnaNA,2.514675,4.102367,5.289901,0,2591700,21.674012,Interactive,1,1.75
405000,aDTQIqgen6guUNck6NattbZgRhAHpdxMtPDNUZB6TZwT4vlfgJib6VFVprlDnaNA,3.583485,4.753067,6.315997,0,2591700,21.674012,Interactive,1,1.75
405300,aDTQIqgen6guUNck6NattbZgRhAHpdxMtPDNUZB6TZwT4vlfgJib6VFVprlDnaNA,3.182766,4.411937,5.833904,0,2591700,21.674012,Interactive,1,1.75
405600,aDTQIqgen6guUNck6NattbZgRhAHpdxMtPDNUZB6TZwT4vlfgJib6VFVprlDnaNA,3.913463,4.711763,5.686303,0,2591700,21.674012,Interactive,1,1.75
405900,aDTQIqgen6guUNck6NattbZgRhAHpdxMtPDNUZB6TZwT4vlfgJib6VFVprlDnaNA,4.030157,4.836988,7.047101,0,2591700,21.674012,Interactive,1,1.75
406200,aDTQIqgen6guUNck6NattbZgRhAHpdxMtPDNUZB6TZwT4vlfgJib6VFVprlDnaNA,3.851512,4.712748,6.560402000000001,0,2591700,21.674012,Interactive,1,1.75
406500,aDTQIqgen6guUNck6NattbZgRhAHpdxMtPDNUZB6TZwT4vlfgJib6VFVprlDnaNA,3.671218,4.5674470000000005,5.629186,0,2591700,21.674012,Interactive,1,1.75
406800,aDTQIqgen6guUNck6NattbZgRhAHpdxMtPDNUZB6TZwT4vlfgJib6VFVprlDnaNA,3.972991,6.008611,15.959285,0,2591700,21.674012,Interactive,1,1.75
407100,aDTQIqgen6guUNck6NattbZgRhAHpdxMtPDNUZB6TZwT4vlfgJib6VFVprlDnaNA,3.626254,4.519722,5.219534,0,2591700,21.674012,Interactive,1,1.75
407400,aDTQIqgen6guUNck6NattbZgRhAHpdxMtPDNUZB6TZwT4vlfgJib6VFVprlDnaNA,2.409393,7.113716,22.417619,0,2591700,21.674012,Interactive,1,1.75
407700,aDTQIqgen6guUNck6NattbZgRhAHpdxMtPDNUZB6TZwT4vlfgJib6VFVprlDnaNA,3.675532,4.672584,7.161460000000001,0,2591700,21.674012,Interactive,1,1.75
408000,aDTQIqgen6guUNck6NattbZgRhAHpdxMtPDNUZB6TZwT4vlfgJib6VFVprlDnaNA,3.178894,4.525453,5.693346,0,2591700,21.674012,Interactive,1,1.75
408300,aDTQIqgen6guUNck6NattbZgRhAHpdxMtPDNUZB6TZwT4vlfgJib6VFVprlDnaNA,3.629534,4.423271,5.691193,0,2591700,21.674012,Interactive,1,1.75
408600,aDTQIqgen6guUNck6NattbZgRhAHpdxMtPDNUZB6TZwT4vlfgJib6VFVprlDnaNA,3.762697,4.566180999999999,6.282407,0,2591700,21.674012,Interactive,1,1.75
408900,aDTQIqgen6guUNck6NattbZgRhAHpdxMtPDNUZB6TZwT4vlfgJib6VFVprlDnaNA,3.974687,5.214187,9.94992,0,2591700,21.674012,Interactive,1,1.75
409200,aDTQIqgen6guUNck6NattbZgRhAHpdxMtPDNUZB6TZwT4vlfgJib6VFVprlDnaNA,3.896198000000001,4.56239,5.495327,0,2591700,21.674012,Interactive,1,1.75
409500,aDTQIqgen6guUNck6NattbZgRhAHpdxMtPDNUZB6TZwT4vlfgJib6VFVprlDnaNA,3.246897,4.665732,6.402057,0,2591700,21.674012,Interactive,1,1.75
409800,aDTQIqgen6guUNck6NattbZgRhAHpdxMtPDNUZB6TZwT4vlfgJib6VFVprlDnaNA,3.928535,4.683676,5.346472,0,2591700,21.674012,Interactive,1,1.75
410100,aDTQIqgen6guUNck6NattbZgRhAHpdxMtPDNUZB6TZwT4vlfgJib6VFVprlDnaNA,3.237356,4.543051999999999,5.584161,0,2591700,21.674012,Interactive,1,1.75
410400,aDTQIqgen6guUNck6NattbZgRhAHpdxMtPDNUZB6TZwT4vlfgJib6VFVprlDnaNA,3.977462,7.306055000000001,26.739511,0,2591700,21.674012,Interactive,1,1.75
410700,aDTQIqgen6guUNck6NattbZgRhAHpdxMtPDNUZB6TZwT4vlfgJib6VFVprlDnaNA,3.103528,4.53086,5.59266,0,2591700,21.674012,Interactive,1,1.75
411000,aDTQIqgen6guUNck6NattbZgRhAHpdxMtPDNUZB6TZwT4vlfgJib6VFVprlDnaNA,3.778747,7.295213,31.638627000000003,0,2591700,21.674012,Interactive,1,1.75
411300,aDTQIqgen6guUNck6NattbZgRhAHpdxMtPDNUZB6TZwT4vlfgJib6VFVprlDnaNA,3.171843,4.522843,7.180826,0,2591700,21.674012,Interactive,1,1.75
411600,aDTQIqgen6guUNck6NattbZgRhAHpdxMtPDNUZB6TZwT4vlfgJib6VFVprlDnaNA,3.773792,4.5695,5.337808,0,2591700,21.674012,Interactive,1,1.75
411900,aDTQIqgen6guUNck6NattbZgRhAHpdxMtPDNUZB6TZwT4vlfgJib6VFVprlDnaNA,3.886318,4.652973,5.36346,0,2591700,21.674012,Interactive,1,1.75
412200,aDTQIqgen6guUNck6NattbZgRhAHpdxMtPDNUZB6TZwT4vlfgJib6VFVprlDnaNA,3.212955,4.857817,6.630503999999999,0,2591700,21.674012,Interactive,1,1.75
412500,aDTQIqgen6guUNck6NattbZgRhAHpdxMtPDNUZB6TZwT4vlfgJib6VFVprlDnaNA,3.519099,4.5022400000000005,5.296916,0,2591700,21.674012,Interactive,1,1.75
412800,aDTQIqgen6guUNck6NattbZgRhAHpdxMtPDNUZB6TZwT4vlfgJib6VFVprlDnaNA,3.818492,4.620804,5.450883999999999,0,2591700,21.674012,Interactive,1,1.75
413100,aDTQIqgen6guUNck6NattbZgRhAHpdxMtPDNUZB6TZwT4vlfgJib6VFVprlDnaNA,3.954464,4.748721,5.853979,0,2591700,21.674012,Interactive,1,1.75
413400,aDTQIqgen6guUNck6NattbZgRhAHpdxMtPDNUZB6TZwT4vlfgJib6VFVprlDnaNA,3.907519,4.616516000000001,5.331798,0,2591700,21.674012,Interactive,1,1.75
413700,aDTQIqgen6guUNck6NattbZgRhAHpdxMtPDNUZB6TZwT4vlfgJib6VFVprlDnaNA,3.796206,4.525741,5.438734999999999,0,2591700,21.674012,Interactive,1,1.75
414000,aDTQIqgen6guUNck6NattbZgRhAHpdxMtPDNUZB6TZwT4vlfgJib6VFVprlDnaNA,3.918794,4.958628,8.355765,0,2591700,21.674012,Interactive,1,1.75
414300,aDTQIqgen6guUNck6NattbZgRhAHpdxMtPDNUZB6TZwT4vlfgJib6VFVprlDnaNA,3.4320699999999995,4.440678,5.450071,0,2591700,21.674012,Interactive,1,1.75
414600,aDTQIqgen6guUNck6NattbZgRhAHpdxMtPDNUZB6TZwT4vlfgJib6VFVprlDnaNA,3.973782,7.281839999999999,31.043288,0,2591700,21.674012,Interactive,1,1.75
414900,aDTQIqgen6guUNck6NattbZgRhAHpdxMtPDNUZB6TZwT4vlfgJib6VFVprlDnaNA,3.664259,4.739268,6.745135,0,2591700,21.674012,Interactive,1,1.75
415200,aDTQIqgen6guUNck6NattbZgRhAHpdxMtPDNUZB6TZwT4vlfgJib6VFVprlDnaNA,3.59189,4.462201,5.380559,0,2591700,21.674012,Interactive,1,1.75
415500,aDTQIqgen6guUNck6NattbZgRhAHpdxMtPDNUZB6TZwT4vlfgJib6VFVprlDnaNA,3.530652,4.598968,5.922116,0,2591700,21.674012,Interactive,1,1.75
415800,aDTQIqgen6guUNck6NattbZgRhAHpdxMtPDNUZB6TZwT4vlfgJib6VFVprlDnaNA,4.157581,4.820922,6.123677,0,2591700,21.674012,Interactive,1,1.75
416100,aDTQIqgen6guUNck6NattbZgRhAHpdxMtPDNUZB6TZwT4vlfgJib6VFVprlDnaNA,2.472936,4.295783,5.396954,0,2591700,21.674012,Interactive,1,1.75
416400,aDTQIqgen6guUNck6NattbZgRhAHpdxMtPDNUZB6TZwT4vlfgJib6VFVprlDnaNA,4.207248,6.258412,11.856026,0,2591700,21.674012,Interactive,1,1.75
416700,aDTQIqgen6guUNck6NattbZgRhAHpdxMtPDNUZB6TZwT4vlfgJib6VFVprlDnaNA,3.984625,4.988134,7.754069,0,2591700,21.674012,Interactive,1,1.75
417000,aDTQIqgen6guUNck6NattbZgRhAHpdxMtPDNUZB6TZwT4vlfgJib6VFVprlDnaNA,3.650101,4.366571,5.772468,0,2591700,21.674012,Interactive,1,1.75
417300,aDTQIqgen6guUNck6NattbZgRhAHpdxMtPDNUZB6TZwT4vlfgJib6VFVprlDnaNA,3.992037,4.762204,6.701337,0,2591700,21.674012,Interactive,1,1.75
417600,aDTQIqgen6guUNck6NattbZgRhAHpdxMtPDNUZB6TZwT4vlfgJib6VFVprlDnaNA,3.828846,4.657504,6.337333,0,2591700,21.674012,Interactive,1,1.75
417900,aDTQIqgen6guUNck6NattbZgRhAHpdxMtPDNUZB6TZwT4vlfgJib6VFVprlDnaNA,3.675953,4.437357,5.605357,0,2591700,21.674012,Interactive,1,1.75
418200,aDTQIqgen6guUNck6NattbZgRhAHpdxMtPDNUZB6TZwT4vlfgJib6VFVprlDnaNA,3.853027,7.441505999999999,20.200926000000003,0,2591700,21.674012,Interactive,1,1.75
418500,aDTQIqgen6guUNck6NattbZgRhAHpdxMtPDNUZB6TZwT4vlfgJib6VFVprlDnaNA,3.839104,4.801118,6.938084,0,2591700,21.674012,Interactive,1,1.75
418800,aDTQIqgen6guUNck6NattbZgRhAHpdxMtPDNUZB6TZwT4vlfgJib6VFVprlDnaNA,3.669745,4.491604,5.753611,0,2591700,21.674012,Interactive,1,1.75
419100,aDTQIqgen6guUNck6NattbZgRhAHpdxMtPDNUZB6TZwT4vlfgJib6VFVprlDnaNA,4.079087,4.989827,6.952694,0,2591700,21.674012,Interactive,1,1.75
419400,aDTQIqgen6guUNck6NattbZgRhAHpdxMtPDNUZB6TZwT4vlfgJib6VFVprlDnaNA,4.134442,4.876805,6.938609,0,2591700,21.674012,Interactive,1,1.75
419700,aDTQIqgen6guUNck6NattbZgRhAHpdxMtPDNUZB6TZwT4vlfgJib6VFVprlDnaNA,3.178144,4.276058,5.521955999999999,0,2591700,21.674012,Interactive,1,1.75
420000,aDTQIqgen6guUNck6NattbZgRhAHpdxMtPDNUZB6TZwT4vlfgJib6VFVprlDnaNA,3.866826,4.737932,6.980492,0,2591700,21.674012,Interactive,1,1.75
420300,aDTQIqgen6guUNck6NattbZgRhAHpdxMtPDNUZB6TZwT4vlfgJib6VFVprlDnaNA,3.621789,4.6612,6.361545,0,2591700,21.674012,Interactive,1,1.75
420600,aDTQIqgen6guUNck6NattbZgRhAHpdxMtPDNUZB6TZwT4vlfgJib6VFVprlDnaNA,3.711583,4.500364,5.568388,0,2591700,21.674012,Interactive,1,1.75
420900,aDTQIqgen6guUNck6NattbZgRhAHpdxMtPDNUZB6TZwT4vlfgJib6VFVprlDnaNA,3.2288,4.630422,6.988395,0,2591700,21.674012,Interactive,1,1.75
421200,aDTQIqgen6guUNck6NattbZgRhAHpdxMtPDNUZB6TZwT4vlfgJib6VFVprlDnaNA,3.843938,4.656804,6.478147,0,2591700,21.674012,Interactive,1,1.75
421500,aDTQIqgen6guUNck6NattbZgRhAHpdxMtPDNUZB6TZwT4vlfgJib6VFVprlDnaNA,3.724582,4.447677,5.649165,0,2591700,21.674012,Interactive,1,1.75
421800,aDTQIqgen6guUNck6NattbZgRhAHpdxMtPDNUZB6TZwT4vlfgJib6VFVprlDnaNA,3.871031,7.39545,30.705275,0,2591700,21.674012,Interactive,1,1.75
422100,aDTQIqgen6guUNck6NattbZgRhAHpdxMtPDNUZB6TZwT4vlfgJib6VFVprlDnaNA,3.813264,5.742064,13.77864,0,2591700,21.674012,Interactive,1,1.75
422400,aDTQIqgen6guUNck6NattbZgRhAHpdxMtPDNUZB6TZwT4vlfgJib6VFVprlDnaNA,2.771302,4.4722610000000005,5.866771,0,2591700,21.674012,Interactive,1,1.75
422700,aDTQIqgen6guUNck6NattbZgRhAHpdxMtPDNUZB6TZwT4vlfgJib6VFVprlDnaNA,3.992514,4.824655,6.636528,0,2591700,21.674012,Interactive,1,1.75
423000,aDTQIqgen6guUNck6NattbZgRhAHpdxMtPDNUZB6TZwT4vlfgJib6VFVprlDnaNA,3.59942,4.903582,6.518364,0,2591700,21.674012,Interactive,1,1.75
423300,aDTQIqgen6guUNck6NattbZgRhAHpdxMtPDNUZB6TZwT4vlfgJib6VFVprlDnaNA,3.819076,4.595683,5.655667,0,2591700,21.674012,Interactive,1,1.75
423600,aDTQIqgen6guUNck6NattbZgRhAHpdxMtPDNUZB6TZwT4vlfgJib6VFVprlDnaNA,3.884516000000001,4.746832,6.785187,0,2591700,21.674012,Interactive,1,1.75
423900,aDTQIqgen6guUNck6NattbZgRhAHpdxMtPDNUZB6TZwT4vlfgJib6VFVprlDnaNA,3.729001,4.705253,6.35668,0,2591700,21.674012,Interactive,1,1.75
424200,aDTQIqgen6guUNck6NattbZgRhAHpdxMtPDNUZB6TZwT4vlfgJib6VFVprlDnaNA,3.905893,4.531706,5.541114,0,2591700,21.674012,Interactive,1,1.75
424500,aDTQIqgen6guUNck6NattbZgRhAHpdxMtPDNUZB6TZwT4vlfgJib6VFVprlDnaNA,3.819821,4.694181,6.491912999999999,0,2591700,21.674012,Interactive,1,1.75
424800,aDTQIqgen6guUNck6NattbZgRhAHpdxMtPDNUZB6TZwT4vlfgJib6VFVprlDnaNA,3.74297,5.158837,9.441662,0,2591700,21.674012,Interactive,1,1.75
425100,aDTQIqgen6guUNck6NattbZgRhAHpdxMtPDNUZB6TZwT4vlfgJib6VFVprlDnaNA,3.211087,4.476509,5.645689,0,2591700,21.674012,Interactive,1,1.75
425400,aDTQIqgen6guUNck6NattbZgRhAHpdxMtPDNUZB6TZwT4vlfgJib6VFVprlDnaNA,4.024449,7.656853999999999,31.867095000000003,0,2591700,21.674012,Interactive,1,1.75
425700,aDTQIqgen6guUNck6NattbZgRhAHpdxMtPDNUZB6TZwT4vlfgJib6VFVprlDnaNA,2.888873,9.530298,38.589082,0,2591700,21.674012,Interactive,1,1.75
426000,aDTQIqgen6guUNck6NattbZgRhAHpdxMtPDNUZB6TZwT4vlfgJib6VFVprlDnaNA,3.705106,9.944855,24.705723000000003,0,2591700,21.674012,Interactive,1,1.75
426300,aDTQIqgen6guUNck6NattbZgRhAHpdxMtPDNUZB6TZwT4vlfgJib6VFVprlDnaNA,3.961062,5.068923000000001,7.431764999999999,0,2591700,21.674012,Interactive,1,1.75
426600,aDTQIqgen6guUNck6NattbZgRhAHpdxMtPDNUZB6TZwT4vlfgJib6VFVprlDnaNA,4.044365,4.874064,5.92626,0,2591700,21.674012,Interactive,1,1.75
426900,aDTQIqgen6guUNck6NattbZgRhAHpdxMtPDNUZB6TZwT4vlfgJib6VFVprlDnaNA,3.270114,4.395647,5.87417,0,2591700,21.674012,Interactive,1,1.75
427200,aDTQIqgen6guUNck6NattbZgRhAHpdxMtPDNUZB6TZwT4vlfgJib6VFVprlDnaNA,3.706667,4.473675,5.8239980000000005,0,2591700,21.674012,Interactive,1,1.75
427500,aDTQIqgen6guUNck6NattbZgRhAHpdxMtPDNUZB6TZwT4vlfgJib6VFVprlDnaNA,4.028311,4.746034,6.131067,0,2591700,21.674012,Interactive,1,1.75
427800,aDTQIqgen6guUNck6NattbZgRhAHpdxMtPDNUZB6TZwT4vlfgJib6VFVprlDnaNA,3.507106,4.374852,5.344851,0,2591700,21.674012,Interactive,1,1.75
428100,aDTQIqgen6guUNck6NattbZgRhAHpdxMtPDNUZB6TZwT4vlfgJib6VFVprlDnaNA,3.873604,4.555577,5.6337470000000005,0,2591700,21.674012,Interactive,1,1.75
428400,aDTQIqgen6guUNck6NattbZgRhAHpdxMtPDNUZB6TZwT4vlfgJib6VFVprlDnaNA,2.536744,4.508929,5.7274080000000005,0,2591700,21.674012,Interactive,1,1.75
428700,aDTQIqgen6guUNck6NattbZgRhAHpdxMtPDNUZB6TZwT4vlfgJib6VFVprlDnaNA,3.864536,4.422255000000001,5.303730000000001,0,2591700,21.674012,Interactive,1,1.75
429000,aDTQIqgen6guUNck6NattbZgRhAHpdxMtPDNUZB6TZwT4vlfgJib6VFVprlDnaNA,2.954068,5.289246,11.742573,0,2591700,21.674012,Interactive,1,1.75
429300,aDTQIqgen6guUNck6NattbZgRhAHpdxMtPDNUZB6TZwT4vlfgJib6VFVprlDnaNA,3.701774,6.787518,26.034937,0,2591700,21.674012,Interactive,1,1.75
429600,aDTQIqgen6guUNck6NattbZgRhAHpdxMtPDNUZB6TZwT4vlfgJib6VFVprlDnaNA,2.923328,4.2032620000000005,5.191658,0,2591700,21.674012,Interactive,1,1.75
429900,aDTQIqgen6guUNck6NattbZgRhAHpdxMtPDNUZB6TZwT4vlfgJib6VFVprlDnaNA,3.87332,4.539823999999999,5.700296,0,2591700,21.674012,Interactive,1,1.75
430200,aDTQIqgen6guUNck6NattbZgRhAHpdxMtPDNUZB6TZwT4vlfgJib6VFVprlDnaNA,3.445817,4.448811,5.628407,0,2591700,21.674012,Interactive,1,1.75
430500,aDTQIqgen6guUNck6NattbZgRhAHpdxMtPDNUZB6TZwT4vlfgJib6VFVprlDnaNA,3.224512,4.311013,5.373105000000001,0,2591700,21.674012,Interactive,1,1.75
430800,aDTQIqgen6guUNck6NattbZgRhAHpdxMtPDNUZB6TZwT4vlfgJib6VFVprlDnaNA,3.824706,4.731242,5.85263,0,2591700,21.674012,Interactive,1,1.75
431100,aDTQIqgen6guUNck6NattbZgRhAHpdxMtPDNUZB6TZwT4vlfgJib6VFVprlDnaNA,2.035199,4.307777,5.460381,0,2591700,21.674012,Interactive,1,1.75
431400,aDTQIqgen6guUNck6NattbZgRhAHpdxMtPDNUZB6TZwT4vlfgJib6VFVprlDnaNA,3.703198,4.345399,5.229916,0,2591700,21.674012,Interactive,1,1.75
431700,aDTQIqgen6guUNck6NattbZgRhAHpdxMtPDNUZB6TZwT4vlfgJib6VFVprlDnaNA,2.853396,4.490156,5.806801999999999,0,2591700,21.674012,Interactive,1,1.75
432000,aDTQIqgen6guUNck6NattbZgRhAHpdxMtPDNUZB6TZwT4vlfgJib6VFVprlDnaNA,3.935226,4.711417,5.740193,0,2591700,21.674012,Interactive,1,1.75
432300,aDTQIqgen6guUNck6NattbZgRhAHpdxMtPDNUZB6TZwT4vlfgJib6VFVprlDnaNA,3.800469,4.444317,5.442451,0,2591700,21.674012,Interactive,1,1.75
432600,aDTQIqgen6guUNck6NattbZgRhAHpdxMtPDNUZB6TZwT4vlfgJib6VFVprlDnaNA,3.894776,4.676687,6.271215,0,2591700,21.674012,Interactive,1,1.75
432900,aDTQIqgen6guUNck6NattbZgRhAHpdxMtPDNUZB6TZwT4vlfgJib6VFVprlDnaNA,3.416824,7.219483,32.400676000000004,0,2591700,21.674012,Interactive,1,1.75
433200,aDTQIqgen6guUNck6NattbZgRhAHpdxMtPDNUZB6TZwT4vlfgJib6VFVprlDnaNA,3.654918,4.30849,5.315022,0,2591700,21.674012,Interactive,1,1.75
433500,aDTQIqgen6guUNck6NattbZgRhAHpdxMtPDNUZB6TZwT4vlfgJib6VFVprlDnaNA,3.855695,4.580342,5.908242,0,2591700,21.674012,Interactive,1,1.75
433800,aDTQIqgen6guUNck6NattbZgRhAHpdxMtPDNUZB6TZwT4vlfgJib6VFVprlDnaNA,3.459127,4.627424,5.682264,0,2591700,21.674012,Interactive,1,1.75
434100,aDTQIqgen6guUNck6NattbZgRhAHpdxMtPDNUZB6TZwT4vlfgJib6VFVprlDnaNA,3.757011,4.375687999999999,5.533248,0,2591700,21.674012,Interactive,1,1.75
434400,aDTQIqgen6guUNck6NattbZgRhAHpdxMtPDNUZB6TZwT4vlfgJib6VFVprlDnaNA,2.576789,4.53046,6.182638,0,2591700,21.674012,Interactive,1,1.75
434700,aDTQIqgen6guUNck6NattbZgRhAHpdxMtPDNUZB6TZwT4vlfgJib6VFVprlDnaNA,3.754293,4.725118,6.109572,0,2591700,21.674012,Interactive,1,1.75
435000,aDTQIqgen6guUNck6NattbZgRhAHpdxMtPDNUZB6TZwT4vlfgJib6VFVprlDnaNA,3.429795,4.251062999999999,5.54101,0,2591700,21.674012,Interactive,1,1.75
435300,aDTQIqgen6guUNck6NattbZgRhAHpdxMtPDNUZB6TZwT4vlfgJib6VFVprlDnaNA,3.870309,4.608002,5.9594510000000005,0,2591700,21.674012,Interactive,1,1.75
435600,aDTQIqgen6guUNck6NattbZgRhAHpdxMtPDNUZB6TZwT4vlfgJib6VFVprlDnaNA,3.91739,4.574435,5.601975,0,2591700,21.674012,Interactive,1,1.75
435900,aDTQIqgen6guUNck6NattbZgRhAHpdxMtPDNUZB6TZwT4vlfgJib6VFVprlDnaNA,3.527107,4.398873,5.297221,0,2591700,21.674012,Interactive,1,1.75
436200,aDTQIqgen6guUNck6NattbZgRhAHpdxMtPDNUZB6TZwT4vlfgJib6VFVprlDnaNA,3.909159,4.690549,6.187635,0,2591700,21.674012,Interactive,1,1.75
436500,aDTQIqgen6guUNck6NattbZgRhAHpdxMtPDNUZB6TZwT4vlfgJib6VFVprlDnaNA,3.259213,7.436177000000001,31.815219,0,2591700,21.674012,Interactive,1,1.75
436800,aDTQIqgen6guUNck6NattbZgRhAHpdxMtPDNUZB6TZwT4vlfgJib6VFVprlDnaNA,3.754115,4.367141,5.6424650000000005,0,2591700,21.674012,Interactive,1,1.75
437100,aDTQIqgen6guUNck6NattbZgRhAHpdxMtPDNUZB6TZwT4vlfgJib6VFVprlDnaNA,3.715092,4.698958999999999,6.018262,0,2591700,21.674012,Interactive,1,1.75
437400,aDTQIqgen6guUNck6NattbZgRhAHpdxMtPDNUZB6TZwT4vlfgJib6VFVprlDnaNA,4.158241,4.737897,5.661614,0,2591700,21.674012,Interactive,1,1.75
437700,aDTQIqgen6guUNck6NattbZgRhAHpdxMtPDNUZB6TZwT4vlfgJib6VFVprlDnaNA,3.85242,4.53423,6.639219000000001,0,2591700,21.674012,Interactive,1,1.75
438000,aDTQIqgen6guUNck6NattbZgRhAHpdxMtPDNUZB6TZwT4vlfgJib6VFVprlDnaNA,3.855614,4.653185,6.256511,0,2591700,21.674012,Interactive,1,1.75
438300,aDTQIqgen6guUNck6NattbZgRhAHpdxMtPDNUZB6TZwT4vlfgJib6VFVprlDnaNA,3.864493,4.571111,5.416872,0,2591700,21.674012,Interactive,1,1.75
438600,aDTQIqgen6guUNck6NattbZgRhAHpdxMtPDNUZB6TZwT4vlfgJib6VFVprlDnaNA,4.045843,4.762994,6.877981,0,2591700,21.674012,Interactive,1,1.75
438900,aDTQIqgen6guUNck6NattbZgRhAHpdxMtPDNUZB6TZwT4vlfgJib6VFVprlDnaNA,3.561597,4.54626,5.834137,0,2591700,21.674012,Interactive,1,1.75
439200,aDTQIqgen6guUNck6NattbZgRhAHpdxMtPDNUZB6TZwT4vlfgJib6VFVprlDnaNA,3.65725,4.389073000000001,5.672221,0,2591700,21.674012,Interactive,1,1.75
439500,aDTQIqgen6guUNck6NattbZgRhAHpdxMtPDNUZB6TZwT4vlfgJib6VFVprlDnaNA,3.823887000000001,4.553561,6.5625800000000005,0,2591700,21.674012,Interactive,1,1.75
439800,aDTQIqgen6guUNck6NattbZgRhAHpdxMtPDNUZB6TZwT4vlfgJib6VFVprlDnaNA,3.430625,4.6271260000000005,6.196104,0,2591700,21.674012,Interactive,1,1.75
440100,aDTQIqgen6guUNck6NattbZgRhAHpdxMtPDNUZB6TZwT4vlfgJib6VFVprlDnaNA,3.716512,7.335445,31.401779,0,2591700,21.674012,Interactive,1,1.75
440400,aDTQIqgen6guUNck6NattbZgRhAHpdxMtPDNUZB6TZwT4vlfgJib6VFVprlDnaNA,3.781817,4.527296,7.218698,0,2591700,21.674012,Interactive,1,1.75
440700,aDTQIqgen6guUNck6NattbZgRhAHpdxMtPDNUZB6TZwT4vlfgJib6VFVprlDnaNA,3.815756,4.618227,6.125208,0,2591700,21.674012,Interactive,1,1.75
441000,aDTQIqgen6guUNck6NattbZgRhAHpdxMtPDNUZB6TZwT4vlfgJib6VFVprlDnaNA,4.095175,4.653613,5.71031,0,2591700,21.674012,Interactive,1,1.75
441300,aDTQIqgen6guUNck6NattbZgRhAHpdxMtPDNUZB6TZwT4vlfgJib6VFVprlDnaNA,3.512114,4.459146,6.554528,0,2591700,21.674012,Interactive,1,1.75
441600,aDTQIqgen6guUNck6NattbZgRhAHpdxMtPDNUZB6TZwT4vlfgJib6VFVprlDnaNA,3.936484,4.717819,6.116317,0,2591700,21.674012,Interactive,1,1.75
441900,aDTQIqgen6guUNck6NattbZgRhAHpdxMtPDNUZB6TZwT4vlfgJib6VFVprlDnaNA,3.634575,4.578312,5.790471,0,2591700,21.674012,Interactive,1,1.75
442200,aDTQIqgen6guUNck6NattbZgRhAHpdxMtPDNUZB6TZwT4vlfgJib6VFVprlDnaNA,3.89812,4.47682,6.692212,0,2591700,21.674012,Interactive,1,1.75
442500,aDTQIqgen6guUNck6NattbZgRhAHpdxMtPDNUZB6TZwT4vlfgJib6VFVprlDnaNA,3.209321,4.537467,6.229185,0,2591700,21.674012,Interactive,1,1.75
442800,aDTQIqgen6guUNck6NattbZgRhAHpdxMtPDNUZB6TZwT4vlfgJib6VFVprlDnaNA,3.570997,4.393591000000001,5.541741,0,2591700,21.674012,Interactive,1,1.75
443100,aDTQIqgen6guUNck6NattbZgRhAHpdxMtPDNUZB6TZwT4vlfgJib6VFVprlDnaNA,3.477432,4.413566,6.363781,0,2591700,21.674012,Interactive,1,1.75
443400,aDTQIqgen6guUNck6NattbZgRhAHpdxMtPDNUZB6TZwT4vlfgJib6VFVprlDnaNA,3.860687,4.613371,6.4177290000000005,0,2591700,21.674012,Interactive,1,1.75
443700,aDTQIqgen6guUNck6NattbZgRhAHpdxMtPDNUZB6TZwT4vlfgJib6VFVprlDnaNA,3.689885,4.525884,5.866209,0,2591700,21.674012,Interactive,1,1.75
444000,aDTQIqgen6guUNck6NattbZgRhAHpdxMtPDNUZB6TZwT4vlfgJib6VFVprlDnaNA,2.982476,4.302480999999999,6.969082000000001,0,2591700,21.674012,Interactive,1,1.75
444300,aDTQIqgen6guUNck6NattbZgRhAHpdxMtPDNUZB6TZwT4vlfgJib6VFVprlDnaNA,3.970232,4.804216,6.442798000000001,0,2591700,21.674012,Interactive,1,1.75
444600,aDTQIqgen6guUNck6NattbZgRhAHpdxMtPDNUZB6TZwT4vlfgJib6VFVprlDnaNA,3.917322,4.577996,5.6886730000000005,0,2591700,21.674012,Interactive,1,1.75
444900,aDTQIqgen6guUNck6NattbZgRhAHpdxMtPDNUZB6TZwT4vlfgJib6VFVprlDnaNA,3.732616,4.514646,6.445748,0,2591700,21.674012,Interactive,1,1.75
445200,aDTQIqgen6guUNck6NattbZgRhAHpdxMtPDNUZB6TZwT4vlfgJib6VFVprlDnaNA,3.956972,4.715282,6.303657,0,2591700,21.674012,Interactive,1,1.75
445500,aDTQIqgen6guUNck6NattbZgRhAHpdxMtPDNUZB6TZwT4vlfgJib6VFVprlDnaNA,4.035501,4.543298,5.268332,0,2591700,21.674012,Interactive,1,1.75
445800,aDTQIqgen6guUNck6NattbZgRhAHpdxMtPDNUZB6TZwT4vlfgJib6VFVprlDnaNA,3.87105,4.649554,7.106466,0,2591700,21.674012,Interactive,1,1.75
446100,aDTQIqgen6guUNck6NattbZgRhAHpdxMtPDNUZB6TZwT4vlfgJib6VFVprlDnaNA,3.958226,4.677376000000001,5.920041,0,2591700,21.674012,Interactive,1,1.75
446400,aDTQIqgen6guUNck6NattbZgRhAHpdxMtPDNUZB6TZwT4vlfgJib6VFVprlDnaNA,3.456761,4.376416000000001,5.457187,0,2591700,21.674012,Interactive,1,1.75
446700,aDTQIqgen6guUNck6NattbZgRhAHpdxMtPDNUZB6TZwT4vlfgJib6VFVprlDnaNA,3.916115,4.630264,6.705516,0,2591700,21.674012,Interactive,1,1.75
447000,aDTQIqgen6guUNck6NattbZgRhAHpdxMtPDNUZB6TZwT4vlfgJib6VFVprlDnaNA,3.884547,4.764106,6.720117999999999,0,2591700,21.674012,Interactive,1,1.75
447300,aDTQIqgen6guUNck6NattbZgRhAHpdxMtPDNUZB6TZwT4vlfgJib6VFVprlDnaNA,4.007791,7.576257000000001,23.853673,0,2591700,21.674012,Interactive,1,1.75
447600,aDTQIqgen6guUNck6NattbZgRhAHpdxMtPDNUZB6TZwT4vlfgJib6VFVprlDnaNA,3.658423,4.685212,6.384061,0,2591700,21.674012,Interactive,1,1.75
447900,aDTQIqgen6guUNck6NattbZgRhAHpdxMtPDNUZB6TZwT4vlfgJib6VFVprlDnaNA,4.297556,4.971806,5.883881,0,2591700,21.674012,Interactive,1,1.75
448200,aDTQIqgen6guUNck6NattbZgRhAHpdxMtPDNUZB6TZwT4vlfgJib6VFVprlDnaNA,4.043835,4.74396,6.000355,0,2591700,21.674012,Interactive,1,1.75
448500,aDTQIqgen6guUNck6NattbZgRhAHpdxMtPDNUZB6TZwT4vlfgJib6VFVprlDnaNA,3.436918,5.022544,9.182434,0,2591700,21.674012,Interactive,1,1.75
448800,aDTQIqgen6guUNck6NattbZgRhAHpdxMtPDNUZB6TZwT4vlfgJib6VFVprlDnaNA,4.040763,4.72956,5.619135,0,2591700,21.674012,Interactive,1,1.75
449100,aDTQIqgen6guUNck6NattbZgRhAHpdxMtPDNUZB6TZwT4vlfgJib6VFVprlDnaNA,3.80485,4.928692,8.308766,0,2591700,21.674012,Interactive,1,1.75
449400,aDTQIqgen6guUNck6NattbZgRhAHpdxMtPDNUZB6TZwT4vlfgJib6VFVprlDnaNA,3.930534,4.668764,6.357458,0,2591700,21.674012,Interactive,1,1.75
449700,aDTQIqgen6guUNck6NattbZgRhAHpdxMtPDNUZB6TZwT4vlfgJib6VFVprlDnaNA,3.798089,5.03264,9.207335,0,2591700,21.674012,Interactive,1,1.75
450000,aDTQIqgen6guUNck6NattbZgRhAHpdxMtPDNUZB6TZwT4vlfgJib6VFVprlDnaNA,3.883175,5.086454,9.706982,0,2591700,21.674012,Interactive,1,1.75
450300,aDTQIqgen6guUNck6NattbZgRhAHpdxMtPDNUZB6TZwT4vlfgJib6VFVprlDnaNA,3.926930000000001,4.648225,6.267501,0,2591700,21.674012,Interactive,1,1.75
450600,aDTQIqgen6guUNck6NattbZgRhAHpdxMtPDNUZB6TZwT4vlfgJib6VFVprlDnaNA,3.926457,5.366808,9.61465,0,2591700,21.674012,Interactive,1,1.75
450900,aDTQIqgen6guUNck6NattbZgRhAHpdxMtPDNUZB6TZwT4vlfgJib6VFVprlDnaNA,3.847559,7.222469999999999,31.558617,0,2591700,21.674012,Interactive,1,1.75
451200,aDTQIqgen6guUNck6NattbZgRhAHpdxMtPDNUZB6TZwT4vlfgJib6VFVprlDnaNA,3.718447,5.50244,10.072167,0,2591700,21.674012,Interactive,1,1.75
451500,aDTQIqgen6guUNck6NattbZgRhAHpdxMtPDNUZB6TZwT4vlfgJib6VFVprlDnaNA,3.920108,4.792084,6.312738,0,2591700,21.674012,Interactive,1,1.75
451800,aDTQIqgen6guUNck6NattbZgRhAHpdxMtPDNUZB6TZwT4vlfgJib6VFVprlDnaNA,4.253794,5.347304,8.862907,0,2591700,21.674012,Interactive,1,1.75
452100,aDTQIqgen6guUNck6NattbZgRhAHpdxMtPDNUZB6TZwT4vlfgJib6VFVprlDnaNA,3.872613,4.678711,6.39546,0,2591700,21.674012,Interactive,1,1.75
452400,aDTQIqgen6guUNck6NattbZgRhAHpdxMtPDNUZB6TZwT4vlfgJib6VFVprlDnaNA,4.192926,5.177311,8.666858,0,2591700,21.674012,Interactive,1,1.75
452700,aDTQIqgen6guUNck6NattbZgRhAHpdxMtPDNUZB6TZwT4vlfgJib6VFVprlDnaNA,4.164212,5.32565,10.35999,0,2591700,21.674012,Interactive,1,1.75
453000,aDTQIqgen6guUNck6NattbZgRhAHpdxMtPDNUZB6TZwT4vlfgJib6VFVprlDnaNA,4.008871,4.83771,6.436768,0,2591700,21.674012,Interactive,1,1.75
453300,aDTQIqgen6guUNck6NattbZgRhAHpdxMtPDNUZB6TZwT4vlfgJib6VFVprlDnaNA,3.680233,5.599883999999999,12.348331,0,2591700,21.674012,Interactive,1,1.75
453600,aDTQIqgen6guUNck6NattbZgRhAHpdxMtPDNUZB6TZwT4vlfgJib6VFVprlDnaNA,4.2708010000000005,7.320788,26.969402,0,2591700,21.674012,Interactive,1,1.75
453900,aDTQIqgen6guUNck6NattbZgRhAHpdxMtPDNUZB6TZwT4vlfgJib6VFVprlDnaNA,4.048132,5.205701,7.939697,0,2591700,21.674012,Interactive,1,1.75
454200,aDTQIqgen6guUNck6NattbZgRhAHpdxMtPDNUZB6TZwT4vlfgJib6VFVprlDnaNA,4.288629,5.014522,6.24539,0,2591700,21.674012,Interactive,1,1.75
454500,aDTQIqgen6guUNck6NattbZgRhAHpdxMtPDNUZB6TZwT4vlfgJib6VFVprlDnaNA,3.679986,12.109215,32.321074,0,2591700,21.674012,Interactive,1,1.75
454800,aDTQIqgen6guUNck6NattbZgRhAHpdxMtPDNUZB6TZwT4vlfgJib6VFVprlDnaNA,4.181108999999999,8.559594,24.517657,0,2591700,21.674012,Interactive,1,1.75
455100,aDTQIqgen6guUNck6NattbZgRhAHpdxMtPDNUZB6TZwT4vlfgJib6VFVprlDnaNA,3.962255,5.308814,9.260458,0,2591700,21.674012,Interactive,1,1.75
455400,aDTQIqgen6guUNck6NattbZgRhAHpdxMtPDNUZB6TZwT4vlfgJib6VFVprlDnaNA,3.816554,5.078459,8.158824000000001,0,2591700,21.674012,Interactive,1,1.75
455700,aDTQIqgen6guUNck6NattbZgRhAHpdxMtPDNUZB6TZwT4vlfgJib6VFVprlDnaNA,3.973087000000001,4.749061,6.132151,0,2591700,21.674012,Interactive,1,1.75
456000,aDTQIqgen6guUNck6NattbZgRhAHpdxMtPDNUZB6TZwT4vlfgJib6VFVprlDnaNA,4.08366,5.446106,11.590562,0,2591700,21.674012,Interactive,1,1.75
456300,aDTQIqgen6guUNck6NattbZgRhAHpdxMtPDNUZB6TZwT4vlfgJib6VFVprlDnaNA,4.0641370000000006,4.678179,5.636689,0,2591700,21.674012,Interactive,1,1.75
456600,aDTQIqgen6guUNck6NattbZgRhAHpdxMtPDNUZB6TZwT4vlfgJib6VFVprlDnaNA,3.88324,4.954102,6.802096000000001,0,2591700,21.674012,Interactive,1,1.75
456900,aDTQIqgen6guUNck6NattbZgRhAHpdxMtPDNUZB6TZwT4vlfgJib6VFVprlDnaNA,4.051057,4.756641,5.797182,0,2591700,21.674012,Interactive,1,1.75
457200,aDTQIqgen6guUNck6NattbZgRhAHpdxMtPDNUZB6TZwT4vlfgJib6VFVprlDnaNA,3.954232,4.689899,5.885114,0,2591700,21.674012,Interactive,1,1.75
457500,aDTQIqgen6guUNck6NattbZgRhAHpdxMtPDNUZB6TZwT4vlfgJib6VFVprlDnaNA,3.956974,4.754321,6.174845,0,2591700,21.674012,Interactive,1,1.75
457800,aDTQIqgen6guUNck6NattbZgRhAHpdxMtPDNUZB6TZwT4vlfgJib6VFVprlDnaNA,3.982629,4.640817,5.707584,0,2591700,21.674012,Interactive,1,1.75
458100,aDTQIqgen6guUNck6NattbZgRhAHpdxMtPDNUZB6TZwT4vlfgJib6VFVprlDnaNA,4.020034,7.660913000000001,18.794796,0,2591700,21.674012,Interactive,1,1.75
458400,aDTQIqgen6guUNck6NattbZgRhAHpdxMtPDNUZB6TZwT4vlfgJib6VFVprlDnaNA,3.855691,4.883312999999999,6.441766,0,2591700,21.674012,Interactive,1,1.75
458700,aDTQIqgen6guUNck6NattbZgRhAHpdxMtPDNUZB6TZwT4vlfgJib6VFVprlDnaNA,4.018032,4.900691999999999,6.472094,0,2591700,21.674012,Interactive,1,1.75
459000,aDTQIqgen6guUNck6NattbZgRhAHpdxMtPDNUZB6TZwT4vlfgJib6VFVprlDnaNA,4.432526999999999,5.263780000000001,7.417742999999999,0,2591700,21.674012,Interactive,1,1.75
459300,aDTQIqgen6guUNck6NattbZgRhAHpdxMtPDNUZB6TZwT4vlfgJib6VFVprlDnaNA,3.633875,4.73922,6.688814999999999,0,2591700,21.674012,Interactive,1,1.75
459600,aDTQIqgen6guUNck6NattbZgRhAHpdxMtPDNUZB6TZwT4vlfgJib6VFVprlDnaNA,4.035004,4.715492,5.887066,0,2591700,21.674012,Interactive,1,1.75
459900,aDTQIqgen6guUNck6NattbZgRhAHpdxMtPDNUZB6TZwT4vlfgJib6VFVprlDnaNA,3.666903,4.685448,7.067541,0,2591700,21.674012,Interactive,1,1.75
460200,aDTQIqgen6guUNck6NattbZgRhAHpdxMtPDNUZB6TZwT4vlfgJib6VFVprlDnaNA,4.049913,4.875785,6.006629,0,2591700,21.674012,Interactive,1,1.75
460500,aDTQIqgen6guUNck6NattbZgRhAHpdxMtPDNUZB6TZwT4vlfgJib6VFVprlDnaNA,4.014712,4.614814,6.039996,0,2591700,21.674012,Interactive,1,1.75
460800,aDTQIqgen6guUNck6NattbZgRhAHpdxMtPDNUZB6TZwT4vlfgJib6VFVprlDnaNA,3.662783,4.704782,6.8525350000000005,0,2591700,21.674012,Interactive,1,1.75
461100,aDTQIqgen6guUNck6NattbZgRhAHpdxMtPDNUZB6TZwT4vlfgJib6VFVprlDnaNA,4.159314,4.849595,6.308111,0,2591700,21.674012,Interactive,1,1.75
461400,aDTQIqgen6guUNck6NattbZgRhAHpdxMtPDNUZB6TZwT4vlfgJib6VFVprlDnaNA,3.638665,4.740672,5.852967,0,2591700,21.674012,Interactive,1,1.75
461700,aDTQIqgen6guUNck6NattbZgRhAHpdxMtPDNUZB6TZwT4vlfgJib6VFVprlDnaNA,4.019874,7.608421000000001,30.926181,0,2591700,21.674012,Interactive,1,1.75
462000,aDTQIqgen6guUNck6NattbZgRhAHpdxMtPDNUZB6TZwT4vlfgJib6VFVprlDnaNA,3.988272,4.995724,6.712001,0,2591700,21.674012,Interactive,1,1.75
462300,aDTQIqgen6guUNck6NattbZgRhAHpdxMtPDNUZB6TZwT4vlfgJib6VFVprlDnaNA,3.875163,4.764302,5.870808,0,2591700,21.674012,Interactive,1,1.75
462600,aDTQIqgen6guUNck6NattbZgRhAHpdxMtPDNUZB6TZwT4vlfgJib6VFVprlDnaNA,4.164238,5.046213,6.868961,0,2591700,21.674012,Interactive,1,1.75
462900,aDTQIqgen6guUNck6NattbZgRhAHpdxMtPDNUZB6TZwT4vlfgJib6VFVprlDnaNA,3.74913,4.862851999999999,6.258478,0,2591700,21.674012,Interactive,1,1.75
463200,aDTQIqgen6guUNck6NattbZgRhAHpdxMtPDNUZB6TZwT4vlfgJib6VFVprlDnaNA,3.617529,4.63309,6.089036,0,2591700,21.674012,Interactive,1,1.75
463500,aDTQIqgen6guUNck6NattbZgRhAHpdxMtPDNUZB6TZwT4vlfgJib6VFVprlDnaNA,3.2566,4.675103,6.879341,0,2591700,21.674012,Interactive,1,1.75
463800,aDTQIqgen6guUNck6NattbZgRhAHpdxMtPDNUZB6TZwT4vlfgJib6VFVprlDnaNA,3.814983,4.79466,6.331153,0,2591700,21.674012,Interactive,1,1.75
464100,aDTQIqgen6guUNck6NattbZgRhAHpdxMtPDNUZB6TZwT4vlfgJib6VFVprlDnaNA,3.900928,4.712916000000001,5.727844999999999,0,2591700,21.674012,Interactive,1,1.75
464400,aDTQIqgen6guUNck6NattbZgRhAHpdxMtPDNUZB6TZwT4vlfgJib6VFVprlDnaNA,4.008242,4.852925,7.181433999999999,0,2591700,21.674012,Interactive,1,1.75
464700,aDTQIqgen6guUNck6NattbZgRhAHpdxMtPDNUZB6TZwT4vlfgJib6VFVprlDnaNA,3.782969,4.752155999999999,6.137279,0,2591700,21.674012,Interactive,1,1.75
465000,aDTQIqgen6guUNck6NattbZgRhAHpdxMtPDNUZB6TZwT4vlfgJib6VFVprlDnaNA,4.154898,4.890276,5.768149,0,2591700,21.674012,Interactive,1,1.75
465300,aDTQIqgen6guUNck6NattbZgRhAHpdxMtPDNUZB6TZwT4vlfgJib6VFVprlDnaNA,3.528304,7.652708,32.596659,0,2591700,21.674012,Interactive,1,1.75
465600,aDTQIqgen6guUNck6NattbZgRhAHpdxMtPDNUZB6TZwT4vlfgJib6VFVprlDnaNA,3.95968,5.034404,6.389085,0,2591700,21.674012,Interactive,1,1.75
465900,aDTQIqgen6guUNck6NattbZgRhAHpdxMtPDNUZB6TZwT4vlfgJib6VFVprlDnaNA,3.852762,4.655811,5.449628,0,2591700,21.674012,Interactive,1,1.75
466200,aDTQIqgen6guUNck6NattbZgRhAHpdxMtPDNUZB6TZwT4vlfgJib6VFVprlDnaNA,2.745116,4.772082,7.206008,0,2591700,21.674012,Interactive,1,1.75
466500,aDTQIqgen6guUNck6NattbZgRhAHpdxMtPDNUZB6TZwT4vlfgJib6VFVprlDnaNA,3.926498000000001,4.714654,6.157593,0,2591700,21.674012,Interactive,1,1.75
466800,aDTQIqgen6guUNck6NattbZgRhAHpdxMtPDNUZB6TZwT4vlfgJib6VFVprlDnaNA,3.065958,4.585309,5.560028,0,2591700,21.674012,Interactive,1,1.75
467100,aDTQIqgen6guUNck6NattbZgRhAHpdxMtPDNUZB6TZwT4vlfgJib6VFVprlDnaNA,4.021365,4.785667,6.582159,0,2591700,21.674012,Interactive,1,1.75
467400,aDTQIqgen6guUNck6NattbZgRhAHpdxMtPDNUZB6TZwT4vlfgJib6VFVprlDnaNA,4.051,4.796635,5.974697,0,2591700,21.674012,Interactive,1,1.75
467700,aDTQIqgen6guUNck6NattbZgRhAHpdxMtPDNUZB6TZwT4vlfgJib6VFVprlDnaNA,3.781032,4.865804,6.013546,0,2591700,21.674012,Interactive,1,1.75
468000,aDTQIqgen6guUNck6NattbZgRhAHpdxMtPDNUZB6TZwT4vlfgJib6VFVprlDnaNA,3.532121,4.690586,6.1956050000000005,0,2591700,21.674012,Interactive,1,1.75
468300,aDTQIqgen6guUNck6NattbZgRhAHpdxMtPDNUZB6TZwT4vlfgJib6VFVprlDnaNA,3.891437,4.639162000000001,6.045641000000001,0,2591700,21.674012,Interactive,1,1.75
468600,aDTQIqgen6guUNck6NattbZgRhAHpdxMtPDNUZB6TZwT4vlfgJib6VFVprlDnaNA,3.636858,5.072972,8.444560000000001,0,2591700,21.674012,Interactive,1,1.75
468900,aDTQIqgen6guUNck6NattbZgRhAHpdxMtPDNUZB6TZwT4vlfgJib6VFVprlDnaNA,3.50021,7.611304,22.444078,0,2591700,21.674012,Interactive,1,1.75
469200,aDTQIqgen6guUNck6NattbZgRhAHpdxMtPDNUZB6TZwT4vlfgJib6VFVprlDnaNA,3.780366,4.702805000000001,6.003356,0,2591700,21.674012,Interactive,1,1.75
469500,aDTQIqgen6guUNck6NattbZgRhAHpdxMtPDNUZB6TZwT4vlfgJib6VFVprlDnaNA,3.18065,5.045139,5.897702,0,2591700,21.674012,Interactive,1,1.75
469800,aDTQIqgen6guUNck6NattbZgRhAHpdxMtPDNUZB6TZwT4vlfgJib6VFVprlDnaNA,4.225969,4.990108,6.741950999999999,0,2591700,21.674012,Interactive,1,1.75
470100,aDTQIqgen6guUNck6NattbZgRhAHpdxMtPDNUZB6TZwT4vlfgJib6VFVprlDnaNA,3.3714440000000003,4.617499,5.6011,0,2591700,21.674012,Interactive,1,1.75
470400,aDTQIqgen6guUNck6NattbZgRhAHpdxMtPDNUZB6TZwT4vlfgJib6VFVprlDnaNA,4.130114,4.893803,5.791341,0,2591700,21.674012,Interactive,1,1.75
470700,aDTQIqgen6guUNck6NattbZgRhAHpdxMtPDNUZB6TZwT4vlfgJib6VFVprlDnaNA,3.729302,4.6934260000000005,6.518659,0,2591700,21.674012,Interactive,1,1.75
471000,aDTQIqgen6guUNck6NattbZgRhAHpdxMtPDNUZB6TZwT4vlfgJib6VFVprlDnaNA,3.747383,4.563983,5.136407,0,2591700,21.674012,Interactive,1,1.75
471300,aDTQIqgen6guUNck6NattbZgRhAHpdxMtPDNUZB6TZwT4vlfgJib6VFVprlDnaNA,3.911646,4.870875,5.877375,0,2591700,21.674012,Interactive,1,1.75
471600,aDTQIqgen6guUNck6NattbZgRhAHpdxMtPDNUZB6TZwT4vlfgJib6VFVprlDnaNA,3.075629,4.575888,6.362633,0,2591700,21.674012,Interactive,1,1.75
471900,aDTQIqgen6guUNck6NattbZgRhAHpdxMtPDNUZB6TZwT4vlfgJib6VFVprlDnaNA,3.802746,4.676061,5.658515,0,2591700,21.674012,Interactive,1,1.75
472200,aDTQIqgen6guUNck6NattbZgRhAHpdxMtPDNUZB6TZwT4vlfgJib6VFVprlDnaNA,4.086509,4.893655,5.876709,0,2591700,21.674012,Interactive,1,1.75
472500,aDTQIqgen6guUNck6NattbZgRhAHpdxMtPDNUZB6TZwT4vlfgJib6VFVprlDnaNA,3.817758,7.611687,31.512582,0,2591700,21.674012,Interactive,1,1.75
472800,aDTQIqgen6guUNck6NattbZgRhAHpdxMtPDNUZB6TZwT4vlfgJib6VFVprlDnaNA,3.70865,4.691093,6.163169,0,2591700,21.674012,Interactive,1,1.75
473100,aDTQIqgen6guUNck6NattbZgRhAHpdxMtPDNUZB6TZwT4vlfgJib6VFVprlDnaNA,4.2044,4.93067,5.5523,0,2591700,21.674012,Interactive,1,1.75
473400,aDTQIqgen6guUNck6NattbZgRhAHpdxMtPDNUZB6TZwT4vlfgJib6VFVprlDnaNA,4.100524,5.00105,6.341880000000001,0,2591700,21.674012,Interactive,1,1.75
473700,aDTQIqgen6guUNck6NattbZgRhAHpdxMtPDNUZB6TZwT4vlfgJib6VFVprlDnaNA,3.781712,4.565208999999999,5.700511,0,2591700,21.674012,Interactive,1,1.75
474000,aDTQIqgen6guUNck6NattbZgRhAHpdxMtPDNUZB6TZwT4vlfgJib6VFVprlDnaNA,4.033139,4.786217,5.396468,0,2591700,21.674012,Interactive,1,1.75
474300,aDTQIqgen6guUNck6NattbZgRhAHpdxMtPDNUZB6TZwT4vlfgJib6VFVprlDnaNA,3.981718,4.8394,6.420162,0,2591700,21.674012,Interactive,1,1.75
474600,aDTQIqgen6guUNck6NattbZgRhAHpdxMtPDNUZB6TZwT4vlfgJib6VFVprlDnaNA,3.510155,4.608413,6.116646,0,2591700,21.674012,Interactive,1,1.75
474900,aDTQIqgen6guUNck6NattbZgRhAHpdxMtPDNUZB6TZwT4vlfgJib6VFVprlDnaNA,2.642014,4.611983,5.505168,0,2591700,21.674012,Interactive,1,1.75
475200,aDTQIqgen6guUNck6NattbZgRhAHpdxMtPDNUZB6TZwT4vlfgJib6VFVprlDnaNA,3.84197,4.764417,6.117495,0,2591700,21.674012,Interactive,1,1.75
475500,aDTQIqgen6guUNck6NattbZgRhAHpdxMtPDNUZB6TZwT4vlfgJib6VFVprlDnaNA,3.769917,4.792211,5.944632,0,2591700,21.674012,Interactive,1,1.75
475800,aDTQIqgen6guUNck6NattbZgRhAHpdxMtPDNUZB6TZwT4vlfgJib6VFVprlDnaNA,3.964407,4.889387,5.793866,0,2591700,21.674012,Interactive,1,1.75
476100,aDTQIqgen6guUNck6NattbZgRhAHpdxMtPDNUZB6TZwT4vlfgJib6VFVprlDnaNA,4.328134,7.934247,34.021116,0,2591700,21.674012,Interactive,1,1.75
476400,aDTQIqgen6guUNck6NattbZgRhAHpdxMtPDNUZB6TZwT4vlfgJib6VFVprlDnaNA,3.849983,4.834089,6.150402,0,2591700,21.674012,Interactive,1,1.75
476700,aDTQIqgen6guUNck6NattbZgRhAHpdxMtPDNUZB6TZwT4vlfgJib6VFVprlDnaNA,3.844264,4.696513,5.776487,0,2591700,21.674012,Interactive,1,1.75
477000,aDTQIqgen6guUNck6NattbZgRhAHpdxMtPDNUZB6TZwT4vlfgJib6VFVprlDnaNA,4.022717,5.065079,6.550141,0,2591700,21.674012,Interactive,1,1.75
477300,aDTQIqgen6guUNck6NattbZgRhAHpdxMtPDNUZB6TZwT4vlfgJib6VFVprlDnaNA,3.660496,4.396385,5.531687000000001,0,2591700,21.674012,Interactive,1,1.75
477600,aDTQIqgen6guUNck6NattbZgRhAHpdxMtPDNUZB6TZwT4vlfgJib6VFVprlDnaNA,2.833338,4.6649650000000005,5.946611,0,2591700,21.674012,Interactive,1,1.75
477900,aDTQIqgen6guUNck6NattbZgRhAHpdxMtPDNUZB6TZwT4vlfgJib6VFVprlDnaNA,3.75892,4.64146,5.782541,0,2591700,21.674012,Interactive,1,1.75
478200,aDTQIqgen6guUNck6NattbZgRhAHpdxMtPDNUZB6TZwT4vlfgJib6VFVprlDnaNA,3.847756,5.675519,12.964865,0,2591700,21.674012,Interactive,1,1.75
478500,aDTQIqgen6guUNck6NattbZgRhAHpdxMtPDNUZB6TZwT4vlfgJib6VFVprlDnaNA,3.915664,4.867471,6.68922,0,2591700,21.674012,Interactive,1,1.75
478800,aDTQIqgen6guUNck6NattbZgRhAHpdxMtPDNUZB6TZwT4vlfgJib6VFVprlDnaNA,3.607434,4.6006160000000005,6.231126000000001,0,2591700,21.674012,Interactive,1,1.75
479100,aDTQIqgen6guUNck6NattbZgRhAHpdxMtPDNUZB6TZwT4vlfgJib6VFVprlDnaNA,3.817031,4.637188,5.603632,0,2591700,21.674012,Interactive,1,1.75
479400,aDTQIqgen6guUNck6NattbZgRhAHpdxMtPDNUZB6TZwT4vlfgJib6VFVprlDnaNA,3.738252,4.678452,7.216903,0,2591700,21.674012,Interactive,1,1.75
479700,aDTQIqgen6guUNck6NattbZgRhAHpdxMtPDNUZB6TZwT4vlfgJib6VFVprlDnaNA,4.058932,7.720269999999999,25.946214,0,2591700,21.674012,Interactive,1,1.75
480000,aDTQIqgen6guUNck6NattbZgRhAHpdxMtPDNUZB6TZwT4vlfgJib6VFVprlDnaNA,3.808780000000001,4.739527,6.269945,0,2591700,21.674012,Interactive,1,1.75
480300,aDTQIqgen6guUNck6NattbZgRhAHpdxMtPDNUZB6TZwT4vlfgJib6VFVprlDnaNA,3.684244,4.803137,7.108492999999999,0,2591700,21.674012,Interactive,1,1.75
480600,aDTQIqgen6guUNck6NattbZgRhAHpdxMtPDNUZB6TZwT4vlfgJib6VFVprlDnaNA,3.706562,4.760745,6.44585,0,2591700,21.674012,Interactive,1,1.75
480900,aDTQIqgen6guUNck6NattbZgRhAHpdxMtPDNUZB6TZwT4vlfgJib6VFVprlDnaNA,3.778409,4.651153,5.559097,0,2591700,21.674012,Interactive,1,1.75
481200,aDTQIqgen6guUNck6NattbZgRhAHpdxMtPDNUZB6TZwT4vlfgJib6VFVprlDnaNA,3.895389,4.890009,7.58472,0,2591700,21.674012,Interactive,1,1.75
481500,aDTQIqgen6guUNck6NattbZgRhAHpdxMtPDNUZB6TZwT4vlfgJib6VFVprlDnaNA,3.418385,4.7731330000000005,6.545535,0,2591700,21.674012,Interactive,1,1.75
481800,aDTQIqgen6guUNck6NattbZgRhAHpdxMtPDNUZB6TZwT4vlfgJib6VFVprlDnaNA,3.85199,4.794753,6.808828,0,2591700,21.674012,Interactive,1,1.75
482100,aDTQIqgen6guUNck6NattbZgRhAHpdxMtPDNUZB6TZwT4vlfgJib6VFVprlDnaNA,3.86039,5.179853,7.486802000000001,0,2591700,21.674012,Interactive,1,1.75
482400,aDTQIqgen6guUNck6NattbZgRhAHpdxMtPDNUZB6TZwT4vlfgJib6VFVprlDnaNA,4.103432,4.845066,6.7728470000000005,0,2591700,21.674012,Interactive,1,1.75
482700,aDTQIqgen6guUNck6NattbZgRhAHpdxMtPDNUZB6TZwT4vlfgJib6VFVprlDnaNA,3.916598000000001,4.589434,5.553001,0,2591700,21.674012,Interactive,1,1.75
483000,aDTQIqgen6guUNck6NattbZgRhAHpdxMtPDNUZB6TZwT4vlfgJib6VFVprlDnaNA,3.5734470000000003,4.879256,7.420406,0,2591700,21.674012,Interactive,1,1.75
483300,aDTQIqgen6guUNck6NattbZgRhAHpdxMtPDNUZB6TZwT4vlfgJib6VFVprlDnaNA,3.983765,13.1305,41.507387,0,2591700,21.674012,Interactive,1,1.75
483600,aDTQIqgen6guUNck6NattbZgRhAHpdxMtPDNUZB6TZwT4vlfgJib6VFVprlDnaNA,3.762583,9.176006,31.473218,0,2591700,21.674012,Interactive,1,1.75
483900,aDTQIqgen6guUNck6NattbZgRhAHpdxMtPDNUZB6TZwT4vlfgJib6VFVprlDnaNA,3.66346,4.877971,7.281221,0,2591700,21.674012,Interactive,1,1.75
484200,aDTQIqgen6guUNck6NattbZgRhAHpdxMtPDNUZB6TZwT4vlfgJib6VFVprlDnaNA,4.164865,5.21318,7.243902999999999,0,2591700,21.674012,Interactive,1,1.75
484500,aDTQIqgen6guUNck6NattbZgRhAHpdxMtPDNUZB6TZwT4vlfgJib6VFVprlDnaNA,3.794445,4.59645,5.73897,0,2591700,21.674012,Interactive,1,1.75
484800,aDTQIqgen6guUNck6NattbZgRhAHpdxMtPDNUZB6TZwT4vlfgJib6VFVprlDnaNA,3.874495,4.953156,6.763112,0,2591700,21.674012,Interactive,1,1.75
485100,aDTQIqgen6guUNck6NattbZgRhAHpdxMtPDNUZB6TZwT4vlfgJib6VFVprlDnaNA,3.735013,4.73155,6.082624,0,2591700,21.674012,Interactive,1,1.75
485400,aDTQIqgen6guUNck6NattbZgRhAHpdxMtPDNUZB6TZwT4vlfgJib6VFVprlDnaNA,3.835875,4.646381,5.812471,0,2591700,21.674012,Interactive,1,1.75
485700,aDTQIqgen6guUNck6NattbZgRhAHpdxMtPDNUZB6TZwT4vlfgJib6VFVprlDnaNA,3.774912,4.659575,6.681806,0,2591700,21.674012,Interactive,1,1.75
486000,aDTQIqgen6guUNck6NattbZgRhAHpdxMtPDNUZB6TZwT4vlfgJib6VFVprlDnaNA,3.851893,4.7143,6.040817,0,2591700,21.674012,Interactive,1,1.75
486300,aDTQIqgen6guUNck6NattbZgRhAHpdxMtPDNUZB6TZwT4vlfgJib6VFVprlDnaNA,3.612388,4.585438,5.8334150000000005,0,2591700,21.674012,Interactive,1,1.75
486600,aDTQIqgen6guUNck6NattbZgRhAHpdxMtPDNUZB6TZwT4vlfgJib6VFVprlDnaNA,3.990881,4.64639,6.595236,0,2591700,21.674012,Interactive,1,1.75
486900,aDTQIqgen6guUNck6NattbZgRhAHpdxMtPDNUZB6TZwT4vlfgJib6VFVprlDnaNA,3.125775,7.410902,31.732708,0,2591700,21.674012,Interactive,1,1.75
487200,aDTQIqgen6guUNck6NattbZgRhAHpdxMtPDNUZB6TZwT4vlfgJib6VFVprlDnaNA,3.863488,4.777432,6.643223,0,2591700,21.674012,Interactive,1,1.75
487500,aDTQIqgen6guUNck6NattbZgRhAHpdxMtPDNUZB6TZwT4vlfgJib6VFVprlDnaNA,3.374542,4.930124,6.802107,0,2591700,21.674012,Interactive,1,1.75
487800,aDTQIqgen6guUNck6NattbZgRhAHpdxMtPDNUZB6TZwT4vlfgJib6VFVprlDnaNA,3.900886,4.808326,6.90057,0,2591700,21.674012,Interactive,1,1.75
488100,aDTQIqgen6guUNck6NattbZgRhAHpdxMtPDNUZB6TZwT4vlfgJib6VFVprlDnaNA,3.25504,4.445498000000001,5.855642,0,2591700,21.674012,Interactive,1,1.75
488400,aDTQIqgen6guUNck6NattbZgRhAHpdxMtPDNUZB6TZwT4vlfgJib6VFVprlDnaNA,3.880752,5.54258,12.788934,0,2591700,21.674012,Interactive,1,1.75
488700,aDTQIqgen6guUNck6NattbZgRhAHpdxMtPDNUZB6TZwT4vlfgJib6VFVprlDnaNA,3.877859,4.543326,5.700794999999999,0,2591700,21.674012,Interactive,1,1.75
489000,aDTQIqgen6guUNck6NattbZgRhAHpdxMtPDNUZB6TZwT4vlfgJib6VFVprlDnaNA,3.724565,4.592263,6.106052,0,2591700,21.674012,Interactive,1,1.75
489300,aDTQIqgen6guUNck6NattbZgRhAHpdxMtPDNUZB6TZwT4vlfgJib6VFVprlDnaNA,3.851602,4.775129,6.119011,0,2591700,21.674012,Interactive,1,1.75
489600,aDTQIqgen6guUNck6NattbZgRhAHpdxMtPDNUZB6TZwT4vlfgJib6VFVprlDnaNA,3.04751,4.172471,5.381057,0,2591700,21.674012,Interactive,1,1.75
489900,aDTQIqgen6guUNck6NattbZgRhAHpdxMtPDNUZB6TZwT4vlfgJib6VFVprlDnaNA,3.742293,4.662334,5.858978,0,2591700,21.674012,Interactive,1,1.75
490200,aDTQIqgen6guUNck6NattbZgRhAHpdxMtPDNUZB6TZwT4vlfgJib6VFVprlDnaNA,4.148086,13.223242,40.678284000000005,0,2591700,21.674012,Interactive,1,1.75
490500,aDTQIqgen6guUNck6NattbZgRhAHpdxMtPDNUZB6TZwT4vlfgJib6VFVprlDnaNA,3.751443,7.222658,30.533337,0,2591700,21.674012,Interactive,1,1.75
490800,aDTQIqgen6guUNck6NattbZgRhAHpdxMtPDNUZB6TZwT4vlfgJib6VFVprlDnaNA,3.702326,4.460437000000001,6.1349800000000005,0,2591700,21.674012,Interactive,1,1.75
491100,aDTQIqgen6guUNck6NattbZgRhAHpdxMtPDNUZB6TZwT4vlfgJib6VFVprlDnaNA,3.4844410000000003,4.526894,5.918018,0,2591700,21.674012,Interactive,1,1.75
491400,aDTQIqgen6guUNck6NattbZgRhAHpdxMtPDNUZB6TZwT4vlfgJib6VFVprlDnaNA,3.776202,4.675253,5.987832,0,2591700,21.674012,Interactive,1,1.75
491700,aDTQIqgen6guUNck6NattbZgRhAHpdxMtPDNUZB6TZwT4vlfgJib6VFVprlDnaNA,3.019666,4.4412,5.549998,0,2591700,21.674012,Interactive,1,1.75
492000,aDTQIqgen6guUNck6NattbZgRhAHpdxMtPDNUZB6TZwT4vlfgJib6VFVprlDnaNA,3.869134,4.736431,6.015697,0,2591700,21.674012,Interactive,1,1.75
492300,aDTQIqgen6guUNck6NattbZgRhAHpdxMtPDNUZB6TZwT4vlfgJib6VFVprlDnaNA,3.741619,4.431642,5.304627,0,2591700,21.674012,Interactive,1,1.75
492600,aDTQIqgen6guUNck6NattbZgRhAHpdxMtPDNUZB6TZwT4vlfgJib6VFVprlDnaNA,3.61362,4.6685300000000005,5.750477,0,2591700,21.674012,Interactive,1,1.75
492900,aDTQIqgen6guUNck6NattbZgRhAHpdxMtPDNUZB6TZwT4vlfgJib6VFVprlDnaNA,3.838939,4.445231,5.306234,0,2591700,21.674012,Interactive,1,1.75
493200,aDTQIqgen6guUNck6NattbZgRhAHpdxMtPDNUZB6TZwT4vlfgJib6VFVprlDnaNA,3.837115,4.518176,5.569842,0,2591700,21.674012,Interactive,1,1.75
493500,aDTQIqgen6guUNck6NattbZgRhAHpdxMtPDNUZB6TZwT4vlfgJib6VFVprlDnaNA,3.491104,5.941798,10.55756,0,2591700,21.674012,Interactive,1,1.75
493800,aDTQIqgen6guUNck6NattbZgRhAHpdxMtPDNUZB6TZwT4vlfgJib6VFVprlDnaNA,3.855817,4.66746,6.477329,0,2591700,21.674012,Interactive,1,1.75
494100,aDTQIqgen6guUNck6NattbZgRhAHpdxMtPDNUZB6TZwT4vlfgJib6VFVprlDnaNA,3.893429,7.262356,31.560159,0,2591700,21.674012,Interactive,1,1.75
494400,aDTQIqgen6guUNck6NattbZgRhAHpdxMtPDNUZB6TZwT4vlfgJib6VFVprlDnaNA,3.534882,4.71671,6.102446,0,2591700,21.674012,Interactive,1,1.75
494700,aDTQIqgen6guUNck6NattbZgRhAHpdxMtPDNUZB6TZwT4vlfgJib6VFVprlDnaNA,3.985881,4.974085,6.234363,0,2591700,21.674012,Interactive,1,1.75
495000,aDTQIqgen6guUNck6NattbZgRhAHpdxMtPDNUZB6TZwT4vlfgJib6VFVprlDnaNA,3.152132,4.292776,5.729464,0,2591700,21.674012,Interactive,1,1.75
495300,aDTQIqgen6guUNck6NattbZgRhAHpdxMtPDNUZB6TZwT4vlfgJib6VFVprlDnaNA,3.771359,4.612488,5.406958,0,2591700,21.674012,Interactive,1,1.75
495600,aDTQIqgen6guUNck6NattbZgRhAHpdxMtPDNUZB6TZwT4vlfgJib6VFVprlDnaNA,2.768785,4.378324,5.269537000000001,0,2591700,21.674012,Interactive,1,1.75
495900,aDTQIqgen6guUNck6NattbZgRhAHpdxMtPDNUZB6TZwT4vlfgJib6VFVprlDnaNA,3.673839,4.576933,6.002824,0,2591700,21.674012,Interactive,1,1.75
496200,aDTQIqgen6guUNck6NattbZgRhAHpdxMtPDNUZB6TZwT4vlfgJib6VFVprlDnaNA,3.812674,4.919298,7.473766,0,2591700,21.674012,Interactive,1,1.75
496500,aDTQIqgen6guUNck6NattbZgRhAHpdxMtPDNUZB6TZwT4vlfgJib6VFVprlDnaNA,3.823739,4.748631,5.928188,0,2591700,21.674012,Interactive,1,1.75
496800,aDTQIqgen6guUNck6NattbZgRhAHpdxMtPDNUZB6TZwT4vlfgJib6VFVprlDnaNA,3.698829,4.859581,8.186732000000001,0,2591700,21.674012,Interactive,1,1.75
497100,aDTQIqgen6guUNck6NattbZgRhAHpdxMtPDNUZB6TZwT4vlfgJib6VFVprlDnaNA,3.721116,7.225478999999999,26.939312,0,2591700,21.674012,Interactive,1,1.75
497400,aDTQIqgen6guUNck6NattbZgRhAHpdxMtPDNUZB6TZwT4vlfgJib6VFVprlDnaNA,3.869319,4.655059,6.015619,0,2591700,21.674012,Interactive,1,1.75
497700,aDTQIqgen6guUNck6NattbZgRhAHpdxMtPDNUZB6TZwT4vlfgJib6VFVprlDnaNA,3.891218,7.607105000000001,22.871066,0,2591700,21.674012,Interactive,1,1.75
498000,aDTQIqgen6guUNck6NattbZgRhAHpdxMtPDNUZB6TZwT4vlfgJib6VFVprlDnaNA,3.619194,4.819818,6.256901999999999,0,2591700,21.674012,Interactive,1,1.75
498300,aDTQIqgen6guUNck6NattbZgRhAHpdxMtPDNUZB6TZwT4vlfgJib6VFVprlDnaNA,2.898543,4.44831,6.220292,0,2591700,21.674012,Interactive,1,1.75
498600,aDTQIqgen6guUNck6NattbZgRhAHpdxMtPDNUZB6TZwT4vlfgJib6VFVprlDnaNA,4.100944999999999,4.846539,5.8701870000000005,0,2591700,21.674012,Interactive,1,1.75
498900,aDTQIqgen6guUNck6NattbZgRhAHpdxMtPDNUZB6TZwT4vlfgJib6VFVprlDnaNA,3.547163,6.8356710000000005,27.773391,0,2591700,21.674012,Interactive,1,1.75
499200,aDTQIqgen6guUNck6NattbZgRhAHpdxMtPDNUZB6TZwT4vlfgJib6VFVprlDnaNA,2.872398,4.627694,6.312879,0,2591700,21.674012,Interactive,1,1.75
499500,aDTQIqgen6guUNck6NattbZgRhAHpdxMtPDNUZB6TZwT4vlfgJib6VFVprlDnaNA,3.759089,4.5533660000000005,5.700945,0,2591700,21.674012,Interactive,1,1.75
499800,aDTQIqgen6guUNck6NattbZgRhAHpdxMtPDNUZB6TZwT4vlfgJib6VFVprlDnaNA,3.335341000000001,4.624439,6.97883,0,2591700,21.674012,Interactive,1,1.75
500100,aDTQIqgen6guUNck6NattbZgRhAHpdxMtPDNUZB6TZwT4vlfgJib6VFVprlDnaNA,3.460568,4.594364,6.1531080000000005,0,2591700,21.674012,Interactive,1,1.75
500400,aDTQIqgen6guUNck6NattbZgRhAHpdxMtPDNUZB6TZwT4vlfgJib6VFVprlDnaNA,3.694807,4.527263,5.539246,0,2591700,21.674012,Interactive,1,1.75
500700,aDTQIqgen6guUNck6NattbZgRhAHpdxMtPDNUZB6TZwT4vlfgJib6VFVprlDnaNA,3.707749,4.610582,6.831724,0,2591700,21.674012,Interactive,1,1.75
501000,aDTQIqgen6guUNck6NattbZgRhAHpdxMtPDNUZB6TZwT4vlfgJib6VFVprlDnaNA,3.71215,4.499215,5.727102,0,2591700,21.674012,Interactive,1,1.75
501300,aDTQIqgen6guUNck6NattbZgRhAHpdxMtPDNUZB6TZwT4vlfgJib6VFVprlDnaNA,3.745713,7.320069,31.315261,0,2591700,21.674012,Interactive,1,1.75
501600,aDTQIqgen6guUNck6NattbZgRhAHpdxMtPDNUZB6TZwT4vlfgJib6VFVprlDnaNA,3.486068,4.409231,5.642243,0,2591700,21.674012,Interactive,1,1.75
501900,aDTQIqgen6guUNck6NattbZgRhAHpdxMtPDNUZB6TZwT4vlfgJib6VFVprlDnaNA,3.684676,4.523693,6.209596,0,2591700,21.674012,Interactive,1,1.75
502200,aDTQIqgen6guUNck6NattbZgRhAHpdxMtPDNUZB6TZwT4vlfgJib6VFVprlDnaNA,3.69429,4.631462,6.052346,0,2591700,21.674012,Interactive,1,1.75
502500,aDTQIqgen6guUNck6NattbZgRhAHpdxMtPDNUZB6TZwT4vlfgJib6VFVprlDnaNA,3.634283,4.457655,6.6116,0,2591700,21.674012,Interactive,1,1.75
502800,aDTQIqgen6guUNck6NattbZgRhAHpdxMtPDNUZB6TZwT4vlfgJib6VFVprlDnaNA,3.4646550000000005,4.486449,6.0532,0,2591700,21.674012,Interactive,1,1.75
503100,aDTQIqgen6guUNck6NattbZgRhAHpdxMtPDNUZB6TZwT4vlfgJib6VFVprlDnaNA,3.731552,4.335839,5.732474,0,2591700,21.674012,Interactive,1,1.75
503400,aDTQIqgen6guUNck6NattbZgRhAHpdxMtPDNUZB6TZwT4vlfgJib6VFVprlDnaNA,3.739384,4.613293,6.919957000000001,0,2591700,21.674012,Interactive,1,1.75
503700,aDTQIqgen6guUNck6NattbZgRhAHpdxMtPDNUZB6TZwT4vlfgJib6VFVprlDnaNA,3.6732,4.407782,5.985816000000001,0,2591700,21.674012,Interactive,1,1.75
504000,aDTQIqgen6guUNck6NattbZgRhAHpdxMtPDNUZB6TZwT4vlfgJib6VFVprlDnaNA,3.689164,4.474031,5.605258,0,2591700,21.674012,Interactive,1,1.75
504300,aDTQIqgen6guUNck6NattbZgRhAHpdxMtPDNUZB6TZwT4vlfgJib6VFVprlDnaNA,3.804728,4.428503,5.20302,0,2591700,21.674012,Interactive,1,1.75
504600,aDTQIqgen6guUNck6NattbZgRhAHpdxMtPDNUZB6TZwT4vlfgJib6VFVprlDnaNA,3.571814,4.487438,6.396106,0,2591700,21.674012,Interactive,1,1.75
504900,aDTQIqgen6guUNck6NattbZgRhAHpdxMtPDNUZB6TZwT4vlfgJib6VFVprlDnaNA,3.790298,7.268994999999999,30.292408,0,2591700,21.674012,Interactive,1,1.75
505200,aDTQIqgen6guUNck6NattbZgRhAHpdxMtPDNUZB6TZwT4vlfgJib6VFVprlDnaNA,3.660782,4.576824,7.10284,0,2591700,21.674012,Interactive,1,1.75
505500,aDTQIqgen6guUNck6NattbZgRhAHpdxMtPDNUZB6TZwT4vlfgJib6VFVprlDnaNA,3.531853,4.610894,6.221403,0,2591700,21.674012,Interactive,1,1.75
505800,aDTQIqgen6guUNck6NattbZgRhAHpdxMtPDNUZB6TZwT4vlfgJib6VFVprlDnaNA,3.763999,4.505962,5.604428,0,2591700,21.674012,Interactive,1,1.75
506100,aDTQIqgen6guUNck6NattbZgRhAHpdxMtPDNUZB6TZwT4vlfgJib6VFVprlDnaNA,3.628051,4.550346,6.649725,0,2591700,21.674012,Interactive,1,1.75
506400,aDTQIqgen6guUNck6NattbZgRhAHpdxMtPDNUZB6TZwT4vlfgJib6VFVprlDnaNA,3.667262000000001,4.357469,5.8638580000000005,0,2591700,21.674012,Interactive,1,1.75
506700,aDTQIqgen6guUNck6NattbZgRhAHpdxMtPDNUZB6TZwT4vlfgJib6VFVprlDnaNA,3.633518,4.237677,5.527501999999999,0,2591700,21.674012,Interactive,1,1.75
507000,aDTQIqgen6guUNck6NattbZgRhAHpdxMtPDNUZB6TZwT4vlfgJib6VFVprlDnaNA,3.822034,4.476301,5.624672,0,2591700,21.674012,Interactive,1,1.75
507300,aDTQIqgen6guUNck6NattbZgRhAHpdxMtPDNUZB6TZwT4vlfgJib6VFVprlDnaNA,3.765869,4.652975,5.906905999999999,0,2591700,21.674012,Interactive,1,1.75
507600,aDTQIqgen6guUNck6NattbZgRhAHpdxMtPDNUZB6TZwT4vlfgJib6VFVprlDnaNA,3.638189,4.473715,5.316782,0,2591700,21.674012,Interactive,1,1.75
507900,aDTQIqgen6guUNck6NattbZgRhAHpdxMtPDNUZB6TZwT4vlfgJib6VFVprlDnaNA,3.754219,4.615526999999999,6.369751,0,2591700,21.674012,Interactive,1,1.75
508200,aDTQIqgen6guUNck6NattbZgRhAHpdxMtPDNUZB6TZwT4vlfgJib6VFVprlDnaNA,3.770461,4.575416000000001,5.898308999999999,0,2591700,21.674012,Interactive,1,1.75
508500,aDTQIqgen6guUNck6NattbZgRhAHpdxMtPDNUZB6TZwT4vlfgJib6VFVprlDnaNA,3.845634,7.470105999999999,28.23678,0,2591700,21.674012,Interactive,1,1.75
508800,aDTQIqgen6guUNck6NattbZgRhAHpdxMtPDNUZB6TZwT4vlfgJib6VFVprlDnaNA,3.632343,4.683138,6.8315220000000005,0,2591700,21.674012,Interactive,1,1.75
509100,aDTQIqgen6guUNck6NattbZgRhAHpdxMtPDNUZB6TZwT4vlfgJib6VFVprlDnaNA,3.590725,6.857583,27.826836,0,2591700,21.674012,Interactive,1,1.75
509400,aDTQIqgen6guUNck6NattbZgRhAHpdxMtPDNUZB6TZwT4vlfgJib6VFVprlDnaNA,3.68454,4.734171,6.060859,0,2591700,21.674012,Interactive,1,1.75
509700,aDTQIqgen6guUNck6NattbZgRhAHpdxMtPDNUZB6TZwT4vlfgJib6VFVprlDnaNA,3.174315,4.334426000000001,5.994401,0,2591700,21.674012,Interactive,1,1.75
510000,aDTQIqgen6guUNck6NattbZgRhAHpdxMtPDNUZB6TZwT4vlfgJib6VFVprlDnaNA,3.885453,4.503595,5.4599150000000005,0,2591700,21.674012,Interactive,1,1.75
510300,aDTQIqgen6guUNck6NattbZgRhAHpdxMtPDNUZB6TZwT4vlfgJib6VFVprlDnaNA,3.639703,4.567937000000001,5.54745,0,2591700,21.674012,Interactive,1,1.75
510600,aDTQIqgen6guUNck6NattbZgRhAHpdxMtPDNUZB6TZwT4vlfgJib6VFVprlDnaNA,3.3005230000000005,4.379722,6.243888,0,2591700,21.674012,Interactive,1,1.75
510900,aDTQIqgen6guUNck6NattbZgRhAHpdxMtPDNUZB6TZwT4vlfgJib6VFVprlDnaNA,3.763477,4.413574,5.565818,0,2591700,21.674012,Interactive,1,1.75
511200,aDTQIqgen6guUNck6NattbZgRhAHpdxMtPDNUZB6TZwT4vlfgJib6VFVprlDnaNA,2.545082,4.494053,5.848099,0,2591700,21.674012,Interactive,1,1.75
511500,aDTQIqgen6guUNck6NattbZgRhAHpdxMtPDNUZB6TZwT4vlfgJib6VFVprlDnaNA,3.699074,4.5919620000000005,5.67044,0,2591700,21.674012,Interactive,1,1.75
511800,aDTQIqgen6guUNck6NattbZgRhAHpdxMtPDNUZB6TZwT4vlfgJib6VFVprlDnaNA,3.689398,4.555455,5.701593,0,2591700,21.674012,Interactive,1,1.75
512100,aDTQIqgen6guUNck6NattbZgRhAHpdxMtPDNUZB6TZwT4vlfgJib6VFVprlDnaNA,4.490965,11.916517,54.153916,0,2591700,21.674012,Interactive,1,1.75
512400,aDTQIqgen6guUNck6NattbZgRhAHpdxMtPDNUZB6TZwT4vlfgJib6VFVprlDnaNA,3.765942,11.481453,32.635486,0,2591700,21.674012,Interactive,1,1.75
512700,aDTQIqgen6guUNck6NattbZgRhAHpdxMtPDNUZB6TZwT4vlfgJib6VFVprlDnaNA,3.710454,4.715631,6.396993,0,2591700,21.674012,Interactive,1,1.75
513000,aDTQIqgen6guUNck6NattbZgRhAHpdxMtPDNUZB6TZwT4vlfgJib6VFVprlDnaNA,3.868078,4.870592,6.073553,0,2591700,21.674012,Interactive,1,1.75
513300,aDTQIqgen6guUNck6NattbZgRhAHpdxMtPDNUZB6TZwT4vlfgJib6VFVprlDnaNA,3.5557160000000003,4.593148,5.777914,0,2591700,21.674012,Interactive,1,1.75
513600,aDTQIqgen6guUNck6NattbZgRhAHpdxMtPDNUZB6TZwT4vlfgJib6VFVprlDnaNA,3.716704,4.572862000000001,5.623345,0,2591700,21.674012,Interactive,1,1.75
513900,aDTQIqgen6guUNck6NattbZgRhAHpdxMtPDNUZB6TZwT4vlfgJib6VFVprlDnaNA,3.586895,4.622062000000001,5.665743,0,2591700,21.674012,Interactive,1,1.75
514200,aDTQIqgen6guUNck6NattbZgRhAHpdxMtPDNUZB6TZwT4vlfgJib6VFVprlDnaNA,3.672686,4.647533,5.7648790000000005,0,2591700,21.674012,Interactive,1,1.75
514500,aDTQIqgen6guUNck6NattbZgRhAHpdxMtPDNUZB6TZwT4vlfgJib6VFVprlDnaNA,3.197488,4.182243,5.701377,0,2591700,21.674012,Interactive,1,1.75
514800,aDTQIqgen6guUNck6NattbZgRhAHpdxMtPDNUZB6TZwT4vlfgJib6VFVprlDnaNA,3.704128,4.615465,5.544127,0,2591700,21.674012,Interactive,1,1.75
515100,aDTQIqgen6guUNck6NattbZgRhAHpdxMtPDNUZB6TZwT4vlfgJib6VFVprlDnaNA,3.656999,4.687266999999999,6.042489,0,2591700,21.674012,Interactive,1,1.75
515400,aDTQIqgen6guUNck6NattbZgRhAHpdxMtPDNUZB6TZwT4vlfgJib6VFVprlDnaNA,2.891837,4.31297,5.511914,0,2591700,21.674012,Interactive,1,1.75
515700,aDTQIqgen6guUNck6NattbZgRhAHpdxMtPDNUZB6TZwT4vlfgJib6VFVprlDnaNA,3.892372,6.8000110000000005,25.838441,0,2591700,21.674012,Interactive,1,1.75
516000,aDTQIqgen6guUNck6NattbZgRhAHpdxMtPDNUZB6TZwT4vlfgJib6VFVprlDnaNA,2.877206,5.138993,9.76381,0,2591700,21.674012,Interactive,1,1.75
516300,aDTQIqgen6guUNck6NattbZgRhAHpdxMtPDNUZB6TZwT4vlfgJib6VFVprlDnaNA,3.865745,4.587863,5.48994,0,2591700,21.674012,Interactive,1,1.75
516600,aDTQIqgen6guUNck6NattbZgRhAHpdxMtPDNUZB6TZwT4vlfgJib6VFVprlDnaNA,3.946243,4.7381470000000006,5.496822,0,2591700,21.674012,Interactive,1,1.75
516900,aDTQIqgen6guUNck6NattbZgRhAHpdxMtPDNUZB6TZwT4vlfgJib6VFVprlDnaNA,3.709339,4.426017,5.935109,0,2591700,21.674012,Interactive,1,1.75
517200,aDTQIqgen6guUNck6NattbZgRhAHpdxMtPDNUZB6TZwT4vlfgJib6VFVprlDnaNA,3.769368,4.453739,5.80839,0,2591700,21.674012,Interactive,1,1.75
517500,aDTQIqgen6guUNck6NattbZgRhAHpdxMtPDNUZB6TZwT4vlfgJib6VFVprlDnaNA,3.670266,4.570951,5.662891,0,2591700,21.674012,Interactive,1,1.75
517800,aDTQIqgen6guUNck6NattbZgRhAHpdxMtPDNUZB6TZwT4vlfgJib6VFVprlDnaNA,3.705157,4.774238,8.073875,0,2591700,21.674012,Interactive,1,1.75
518100,aDTQIqgen6guUNck6NattbZgRhAHpdxMtPDNUZB6TZwT4vlfgJib6VFVprlDnaNA,3.639381,4.382814,5.50555,0,2591700,21.674012,Interactive,1,1.75
518400,aDTQIqgen6guUNck6NattbZgRhAHpdxMtPDNUZB6TZwT4vlfgJib6VFVprlDnaNA,3.567984,4.438981,5.366635,0,2591700,21.674012,Interactive,1,1.75
518700,aDTQIqgen6guUNck6NattbZgRhAHpdxMtPDNUZB6TZwT4vlfgJib6VFVprlDnaNA,2.855843,4.403487999999999,6.1329,0,2591700,21.674012,Interactive,1,1.75
519000,aDTQIqgen6guUNck6NattbZgRhAHpdxMtPDNUZB6TZwT4vlfgJib6VFVprlDnaNA,3.736646,4.515149,5.548773000000001,0,2591700,21.674012,Interactive,1,1.75
519300,aDTQIqgen6guUNck6NattbZgRhAHpdxMtPDNUZB6TZwT4vlfgJib6VFVprlDnaNA,3.622656,4.583404,6.578115,0,2591700,21.674012,Interactive,1,1.75
519600,aDTQIqgen6guUNck6NattbZgRhAHpdxMtPDNUZB6TZwT4vlfgJib6VFVprlDnaNA,3.636791000000001,7.471789999999999,31.583103,0,2591700,21.674012,Interactive,1,1.75
519900,aDTQIqgen6guUNck6NattbZgRhAHpdxMtPDNUZB6TZwT4vlfgJib6VFVprlDnaNA,3.537275,4.373882,5.564028,0,2591700,21.674012,Interactive,1,1.75
520200,aDTQIqgen6guUNck6NattbZgRhAHpdxMtPDNUZB6TZwT4vlfgJib6VFVprlDnaNA,3.910169,4.777133999999999,7.115657000000001,0,2591700,21.674012,Interactive,1,1.75
520500,aDTQIqgen6guUNck6NattbZgRhAHpdxMtPDNUZB6TZwT4vlfgJib6VFVprlDnaNA,3.630254,4.909769,9.396402,0,2591700,21.674012,Interactive,1,1.75
520800,aDTQIqgen6guUNck6NattbZgRhAHpdxMtPDNUZB6TZwT4vlfgJib6VFVprlDnaNA,2.699297,4.324738,5.750982,0,2591700,21.674012,Interactive,1,1.75
521100,aDTQIqgen6guUNck6NattbZgRhAHpdxMtPDNUZB6TZwT4vlfgJib6VFVprlDnaNA,3.718744,4.621808000000001,6.9061770000000005,0,2591700,21.674012,Interactive,1,1.75
521400,aDTQIqgen6guUNck6NattbZgRhAHpdxMtPDNUZB6TZwT4vlfgJib6VFVprlDnaNA,3.725807,4.598936,6.133728,0,2591700,21.674012,Interactive,1,1.75
521700,aDTQIqgen6guUNck6NattbZgRhAHpdxMtPDNUZB6TZwT4vlfgJib6VFVprlDnaNA,3.705713,4.556347,5.452432,0,2591700,21.674012,Interactive,1,1.75
522000,aDTQIqgen6guUNck6NattbZgRhAHpdxMtPDNUZB6TZwT4vlfgJib6VFVprlDnaNA,3.610496,4.528314,6.854383,0,2591700,21.674012,Interactive,1,1.75
522300,aDTQIqgen6guUNck6NattbZgRhAHpdxMtPDNUZB6TZwT4vlfgJib6VFVprlDnaNA,3.537977,4.420138,5.859382,0,2591700,21.674012,Interactive,1,1.75
522600,aDTQIqgen6guUNck6NattbZgRhAHpdxMtPDNUZB6TZwT4vlfgJib6VFVprlDnaNA,2.358715,4.218988,5.46882,0,2591700,21.674012,Interactive,1,1.75
522900,aDTQIqgen6guUNck6NattbZgRhAHpdxMtPDNUZB6TZwT4vlfgJib6VFVprlDnaNA,3.680503,4.5270790000000005,6.531743,0,2591700,21.674012,Interactive,1,1.75
523200,aDTQIqgen6guUNck6NattbZgRhAHpdxMtPDNUZB6TZwT4vlfgJib6VFVprlDnaNA,3.589483,7.579836,30.68537,0,2591700,21.674012,Interactive,1,1.75
523500,aDTQIqgen6guUNck6NattbZgRhAHpdxMtPDNUZB6TZwT4vlfgJib6VFVprlDnaNA,3.493982,4.348876000000001,5.640147,0,2591700,21.674012,Interactive,1,1.75
523800,aDTQIqgen6guUNck6NattbZgRhAHpdxMtPDNUZB6TZwT4vlfgJib6VFVprlDnaNA,3.743783,4.685471,7.437606,0,2591700,21.674012,Interactive,1,1.75
524100,aDTQIqgen6guUNck6NattbZgRhAHpdxMtPDNUZB6TZwT4vlfgJib6VFVprlDnaNA,3.567514,4.406708,5.946091,0,2591700,21.674012,Interactive,1,1.75
524400,aDTQIqgen6guUNck6NattbZgRhAHpdxMtPDNUZB6TZwT4vlfgJib6VFVprlDnaNA,3.731849,4.498069999999999,5.4275720000000005,0,2591700,21.674012,Interactive,1,1.75
524700,aDTQIqgen6guUNck6NattbZgRhAHpdxMtPDNUZB6TZwT4vlfgJib6VFVprlDnaNA,3.702875,4.640164,6.795503999999999,0,2591700,21.674012,Interactive,1,1.75
525000,aDTQIqgen6guUNck6NattbZgRhAHpdxMtPDNUZB6TZwT4vlfgJib6VFVprlDnaNA,3.763587,4.510192,6.172618,0,2591700,21.674012,Interactive,1,1.75
525300,aDTQIqgen6guUNck6NattbZgRhAHpdxMtPDNUZB6TZwT4vlfgJib6VFVprlDnaNA,3.702903,4.415627,5.609393,0,2591700,21.674012,Interactive,1,1.75
525600,aDTQIqgen6guUNck6NattbZgRhAHpdxMtPDNUZB6TZwT4vlfgJib6VFVprlDnaNA,3.696203,4.540719,6.657272,0,2591700,21.674012,Interactive,1,1.75
525900,aDTQIqgen6guUNck6NattbZgRhAHpdxMtPDNUZB6TZwT4vlfgJib6VFVprlDnaNA,3.490269,4.926682,8.695915,0,2591700,21.674012,Interactive,1,1.75
526200,aDTQIqgen6guUNck6NattbZgRhAHpdxMtPDNUZB6TZwT4vlfgJib6VFVprlDnaNA,3.443874,4.432571,5.28195,0,2591700,21.674012,Interactive,1,1.75
526500,aDTQIqgen6guUNck6NattbZgRhAHpdxMtPDNUZB6TZwT4vlfgJib6VFVprlDnaNA,3.751257,4.514696,6.540928,0,2591700,21.674012,Interactive,1,1.75
526800,aDTQIqgen6guUNck6NattbZgRhAHpdxMtPDNUZB6TZwT4vlfgJib6VFVprlDnaNA,2.792494,7.223876,23.032266,0,2591700,21.674012,Interactive,1,1.75
527100,aDTQIqgen6guUNck6NattbZgRhAHpdxMtPDNUZB6TZwT4vlfgJib6VFVprlDnaNA,3.644161,4.375966,5.482327,0,2591700,21.674012,Interactive,1,1.75
527400,aDTQIqgen6guUNck6NattbZgRhAHpdxMtPDNUZB6TZwT4vlfgJib6VFVprlDnaNA,3.410328,4.593161,7.221319999999999,0,2591700,21.674012,Interactive,1,1.75
527700,aDTQIqgen6guUNck6NattbZgRhAHpdxMtPDNUZB6TZwT4vlfgJib6VFVprlDnaNA,3.68385,4.538946,5.805189,0,2591700,21.674012,Interactive,1,1.75
528000,aDTQIqgen6guUNck6NattbZgRhAHpdxMtPDNUZB6TZwT4vlfgJib6VFVprlDnaNA,3.863535,4.491832,5.473745,0,2591700,21.674012,Interactive,1,1.75
528300,aDTQIqgen6guUNck6NattbZgRhAHpdxMtPDNUZB6TZwT4vlfgJib6VFVprlDnaNA,3.722295,4.53145,6.586778,0,2591700,21.674012,Interactive,1,1.75
528600,aDTQIqgen6guUNck6NattbZgRhAHpdxMtPDNUZB6TZwT4vlfgJib6VFVprlDnaNA,3.758438,4.794217,9.440692,0,2591700,21.674012,Interactive,1,1.75
528900,aDTQIqgen6guUNck6NattbZgRhAHpdxMtPDNUZB6TZwT4vlfgJib6VFVprlDnaNA,2.76758,4.418718,5.757486,0,2591700,21.674012,Interactive,1,1.75
529200,aDTQIqgen6guUNck6NattbZgRhAHpdxMtPDNUZB6TZwT4vlfgJib6VFVprlDnaNA,3.706644,4.5304150000000005,5.826704,0,2591700,21.674012,Interactive,1,1.75
529500,aDTQIqgen6guUNck6NattbZgRhAHpdxMtPDNUZB6TZwT4vlfgJib6VFVprlDnaNA,3.584439,4.336794,5.258369999999999,0,2591700,21.674012,Interactive,1,1.75
529800,aDTQIqgen6guUNck6NattbZgRhAHpdxMtPDNUZB6TZwT4vlfgJib6VFVprlDnaNA,3.748476,4.615144,5.475403,0,2591700,21.674012,Interactive,1,1.75
530100,aDTQIqgen6guUNck6NattbZgRhAHpdxMtPDNUZB6TZwT4vlfgJib6VFVprlDnaNA,2.723485,4.359467,5.757048,0,2591700,21.674012,Interactive,1,1.75
530400,aDTQIqgen6guUNck6NattbZgRhAHpdxMtPDNUZB6TZwT4vlfgJib6VFVprlDnaNA,3.560099,7.190788,33.208308,0,2591700,21.674012,Interactive,1,1.75
530700,aDTQIqgen6guUNck6NattbZgRhAHpdxMtPDNUZB6TZwT4vlfgJib6VFVprlDnaNA,3.526967,4.545582,5.54632,0,2591700,21.674012,Interactive,1,1.75
531000,aDTQIqgen6guUNck6NattbZgRhAHpdxMtPDNUZB6TZwT4vlfgJib6VFVprlDnaNA,3.852043,4.738999,6.256329,0,2591700,21.674012,Interactive,1,1.75
531300,aDTQIqgen6guUNck6NattbZgRhAHpdxMtPDNUZB6TZwT4vlfgJib6VFVprlDnaNA,3.43139,4.523598000000001,6.085001,0,2591700,21.674012,Interactive,1,1.75
531600,aDTQIqgen6guUNck6NattbZgRhAHpdxMtPDNUZB6TZwT4vlfgJib6VFVprlDnaNA,3.803989,4.716973,5.72728,0,2591700,21.674012,Interactive,1,1.75
531900,aDTQIqgen6guUNck6NattbZgRhAHpdxMtPDNUZB6TZwT4vlfgJib6VFVprlDnaNA,2.952542,4.531649,6.18553,0,2591700,21.674012,Interactive,1,1.75
532200,aDTQIqgen6guUNck6NattbZgRhAHpdxMtPDNUZB6TZwT4vlfgJib6VFVprlDnaNA,3.149997,4.420024,5.355874,0,2591700,21.674012,Interactive,1,1.75
532500,aDTQIqgen6guUNck6NattbZgRhAHpdxMtPDNUZB6TZwT4vlfgJib6VFVprlDnaNA,3.747005,4.547932,5.516908,0,2591700,21.674012,Interactive,1,1.75
532800,aDTQIqgen6guUNck6NattbZgRhAHpdxMtPDNUZB6TZwT4vlfgJib6VFVprlDnaNA,3.739576,4.656469,5.934819999999999,0,2591700,21.674012,Interactive,1,1.75
533100,aDTQIqgen6guUNck6NattbZgRhAHpdxMtPDNUZB6TZwT4vlfgJib6VFVprlDnaNA,3.704883,4.384608999999999,5.51025,0,2591700,21.674012,Interactive,1,1.75
533400,aDTQIqgen6guUNck6NattbZgRhAHpdxMtPDNUZB6TZwT4vlfgJib6VFVprlDnaNA,3.408371,4.589514,5.520182,0,2591700,21.674012,Interactive,1,1.75
533700,aDTQIqgen6guUNck6NattbZgRhAHpdxMtPDNUZB6TZwT4vlfgJib6VFVprlDnaNA,3.740861,4.611767,5.686521,0,2591700,21.674012,Interactive,1,1.75
534000,aDTQIqgen6guUNck6NattbZgRhAHpdxMtPDNUZB6TZwT4vlfgJib6VFVprlDnaNA,2.78877,6.94562,31.816559,0,2591700,21.674012,Interactive,1,1.75
534300,aDTQIqgen6guUNck6NattbZgRhAHpdxMtPDNUZB6TZwT4vlfgJib6VFVprlDnaNA,4.12805,4.988367,5.889238,0,2591700,21.674012,Interactive,1,1.75
534600,aDTQIqgen6guUNck6NattbZgRhAHpdxMtPDNUZB6TZwT4vlfgJib6VFVprlDnaNA,3.727034,4.777342,6.265756,0,2591700,21.674012,Interactive,1,1.75
534900,aDTQIqgen6guUNck6NattbZgRhAHpdxMtPDNUZB6TZwT4vlfgJib6VFVprlDnaNA,3.354458,4.313527,5.460703,0,2591700,21.674012,Interactive,1,1.75
535200,aDTQIqgen6guUNck6NattbZgRhAHpdxMtPDNUZB6TZwT4vlfgJib6VFVprlDnaNA,3.950201,4.74465,5.646153,0,2591700,21.674012,Interactive,1,1.75
535500,aDTQIqgen6guUNck6NattbZgRhAHpdxMtPDNUZB6TZwT4vlfgJib6VFVprlDnaNA,3.835471,4.685867,5.994208,0,2591700,21.674012,Interactive,1,1.75
535800,aDTQIqgen6guUNck6NattbZgRhAHpdxMtPDNUZB6TZwT4vlfgJib6VFVprlDnaNA,3.793876,4.410261,5.516932,0,2591700,21.674012,Interactive,1,1.75
536100,aDTQIqgen6guUNck6NattbZgRhAHpdxMtPDNUZB6TZwT4vlfgJib6VFVprlDnaNA,3.650421,4.674322,5.511888,0,2591700,21.674012,Interactive,1,1.75
536400,aDTQIqgen6guUNck6NattbZgRhAHpdxMtPDNUZB6TZwT4vlfgJib6VFVprlDnaNA,3.796051,4.528939,5.82505,0,2591700,21.674012,Interactive,1,1.75
536700,aDTQIqgen6guUNck6NattbZgRhAHpdxMtPDNUZB6TZwT4vlfgJib6VFVprlDnaNA,3.013644,4.383467,5.392469999999999,0,2591700,21.674012,Interactive,1,1.75
537000,aDTQIqgen6guUNck6NattbZgRhAHpdxMtPDNUZB6TZwT4vlfgJib6VFVprlDnaNA,3.694364,4.817283,5.636426,0,2591700,21.674012,Interactive,1,1.75
537300,aDTQIqgen6guUNck6NattbZgRhAHpdxMtPDNUZB6TZwT4vlfgJib6VFVprlDnaNA,3.808766,4.629408,5.862601000000001,0,2591700,21.674012,Interactive,1,1.75
537600,aDTQIqgen6guUNck6NattbZgRhAHpdxMtPDNUZB6TZwT4vlfgJib6VFVprlDnaNA,3.850792,7.597233999999999,19.472772,0,2591700,21.674012,Interactive,1,1.75
537900,aDTQIqgen6guUNck6NattbZgRhAHpdxMtPDNUZB6TZwT4vlfgJib6VFVprlDnaNA,3.810639,4.829737000000001,5.852144,0,2591700,21.674012,Interactive,1,1.75
538200,aDTQIqgen6guUNck6NattbZgRhAHpdxMtPDNUZB6TZwT4vlfgJib6VFVprlDnaNA,4.263213,5.170518,6.945469999999999,0,2591700,21.674012,Interactive,1,1.75
538500,aDTQIqgen6guUNck6NattbZgRhAHpdxMtPDNUZB6TZwT4vlfgJib6VFVprlDnaNA,3.875514,4.493225,5.525901,0,2591700,21.674012,Interactive,1,1.75
538800,aDTQIqgen6guUNck6NattbZgRhAHpdxMtPDNUZB6TZwT4vlfgJib6VFVprlDnaNA,3.810847,5.045138,6.705224,0,2591700,21.674012,Interactive,1,1.75
539100,aDTQIqgen6guUNck6NattbZgRhAHpdxMtPDNUZB6TZwT4vlfgJib6VFVprlDnaNA,3.843177,4.724625,6.354888,0,2591700,21.674012,Interactive,1,1.75
539400,aDTQIqgen6guUNck6NattbZgRhAHpdxMtPDNUZB6TZwT4vlfgJib6VFVprlDnaNA,3.877441,4.657418,6.363273,0,2591700,21.674012,Interactive,1,1.75
539700,aDTQIqgen6guUNck6NattbZgRhAHpdxMtPDNUZB6TZwT4vlfgJib6VFVprlDnaNA,3.805364,4.7801860000000005,6.955661999999999,0,2591700,21.674012,Interactive,1,1.75
540000,aDTQIqgen6guUNck6NattbZgRhAHpdxMtPDNUZB6TZwT4vlfgJib6VFVprlDnaNA,3.782963,4.763698000000001,6.430073999999999,0,2591700,21.674012,Interactive,1,1.75
540300,aDTQIqgen6guUNck6NattbZgRhAHpdxMtPDNUZB6TZwT4vlfgJib6VFVprlDnaNA,3.673486,7.139019,28.783533,0,2591700,21.674012,Interactive,1,1.75
540600,aDTQIqgen6guUNck6NattbZgRhAHpdxMtPDNUZB6TZwT4vlfgJib6VFVprlDnaNA,3.938607,4.842035,6.951661,0,2591700,21.674012,Interactive,1,1.75
540900,aDTQIqgen6guUNck6NattbZgRhAHpdxMtPDNUZB6TZwT4vlfgJib6VFVprlDnaNA,3.934617,11.842557,42.21516,0,2591700,21.674012,Interactive,1,1.75
541200,aDTQIqgen6guUNck6NattbZgRhAHpdxMtPDNUZB6TZwT4vlfgJib6VFVprlDnaNA,3.809793,10.131699,33.465319,0,2591700,21.674012,Interactive,1,1.75
541500,aDTQIqgen6guUNck6NattbZgRhAHpdxMtPDNUZB6TZwT4vlfgJib6VFVprlDnaNA,4.038435,5.360019,8.361212,0,2591700,21.674012,Interactive,1,1.75
541800,aDTQIqgen6guUNck6NattbZgRhAHpdxMtPDNUZB6TZwT4vlfgJib6VFVprlDnaNA,4.104701,5.022298,6.850627,0,2591700,21.674012,Interactive,1,1.75
542100,aDTQIqgen6guUNck6NattbZgRhAHpdxMtPDNUZB6TZwT4vlfgJib6VFVprlDnaNA,3.755777,5.506601,15.161324,0,2591700,21.674012,Interactive,1,1.75
542400,aDTQIqgen6guUNck6NattbZgRhAHpdxMtPDNUZB6TZwT4vlfgJib6VFVprlDnaNA,3.605648,4.660153,6.491009,0,2591700,21.674012,Interactive,1,1.75
542700,aDTQIqgen6guUNck6NattbZgRhAHpdxMtPDNUZB6TZwT4vlfgJib6VFVprlDnaNA,3.851056,4.945757,7.04032,0,2591700,21.674012,Interactive,1,1.75
543000,aDTQIqgen6guUNck6NattbZgRhAHpdxMtPDNUZB6TZwT4vlfgJib6VFVprlDnaNA,3.842964,4.812423,6.192773000000001,0,2591700,21.674012,Interactive,1,1.75
543300,aDTQIqgen6guUNck6NattbZgRhAHpdxMtPDNUZB6TZwT4vlfgJib6VFVprlDnaNA,3.823701,4.813964,6.703183,0,2591700,21.674012,Interactive,1,1.75
543600,aDTQIqgen6guUNck6NattbZgRhAHpdxMtPDNUZB6TZwT4vlfgJib6VFVprlDnaNA,3.683196,4.972576,6.893072,0,2591700,21.674012,Interactive,1,1.75
543900,aDTQIqgen6guUNck6NattbZgRhAHpdxMtPDNUZB6TZwT4vlfgJib6VFVprlDnaNA,3.81506,4.590123999999999,5.861388,0,2591700,21.674012,Interactive,1,1.75
544200,aDTQIqgen6guUNck6NattbZgRhAHpdxMtPDNUZB6TZwT4vlfgJib6VFVprlDnaNA,3.798198,4.961896,6.813877000000001,0,2591700,21.674012,Interactive,1,1.75
544500,aDTQIqgen6guUNck6NattbZgRhAHpdxMtPDNUZB6TZwT4vlfgJib6VFVprlDnaNA,3.779536,4.8506860000000005,6.677956,0,2591700,21.674012,Interactive,1,1.75
544800,aDTQIqgen6guUNck6NattbZgRhAHpdxMtPDNUZB6TZwT4vlfgJib6VFVprlDnaNA,3.734312,6.392917,23.719825,0,2591700,21.674012,Interactive,1,1.75
545100,aDTQIqgen6guUNck6NattbZgRhAHpdxMtPDNUZB6TZwT4vlfgJib6VFVprlDnaNA,3.855032,5.204276,7.300188,0,2591700,21.674012,Interactive,1,1.75
545400,aDTQIqgen6guUNck6NattbZgRhAHpdxMtPDNUZB6TZwT4vlfgJib6VFVprlDnaNA,3.711664,4.714699,6.459716,0,2591700,21.674012,Interactive,1,1.75
545700,aDTQIqgen6guUNck6NattbZgRhAHpdxMtPDNUZB6TZwT4vlfgJib6VFVprlDnaNA,3.634636,4.820625,7.122561999999999,0,2591700,21.674012,Interactive,1,1.75
546000,aDTQIqgen6guUNck6NattbZgRhAHpdxMtPDNUZB6TZwT4vlfgJib6VFVprlDnaNA,3.834745,4.793405,7.20097,0,2591700,21.674012,Interactive,1,1.75
546300,aDTQIqgen6guUNck6NattbZgRhAHpdxMtPDNUZB6TZwT4vlfgJib6VFVprlDnaNA,3.592623,4.480127,6.680828,0,2591700,21.674012,Interactive,1,1.75
546600,aDTQIqgen6guUNck6NattbZgRhAHpdxMtPDNUZB6TZwT4vlfgJib6VFVprlDnaNA,3.764438,4.487044999999999,5.628398000000001,0,2591700,21.674012,Interactive,1,1.75
546900,aDTQIqgen6guUNck6NattbZgRhAHpdxMtPDNUZB6TZwT4vlfgJib6VFVprlDnaNA,3.506117,4.600967,7.012664,0,2591700,21.674012,Interactive,1,1.75
547200,aDTQIqgen6guUNck6NattbZgRhAHpdxMtPDNUZB6TZwT4vlfgJib6VFVprlDnaNA,3.888037,4.804556,6.679717999999999,0,2591700,21.674012,Interactive,1,1.75
547500,aDTQIqgen6guUNck6NattbZgRhAHpdxMtPDNUZB6TZwT4vlfgJib6VFVprlDnaNA,3.87989,6.028637000000001,19.299528,0,2591700,21.674012,Interactive,1,1.75
547800,aDTQIqgen6guUNck6NattbZgRhAHpdxMtPDNUZB6TZwT4vlfgJib6VFVprlDnaNA,3.809627,4.908507,7.120025,0,2591700,21.674012,Interactive,1,1.75
548100,aDTQIqgen6guUNck6NattbZgRhAHpdxMtPDNUZB6TZwT4vlfgJib6VFVprlDnaNA,3.827648,4.911173000000001,6.211768,0,2591700,21.674012,Interactive,1,1.75
548400,aDTQIqgen6guUNck6NattbZgRhAHpdxMtPDNUZB6TZwT4vlfgJib6VFVprlDnaNA,3.680428,7.45678,29.561727,0,2591700,21.674012,Interactive,1,1.75
548700,aDTQIqgen6guUNck6NattbZgRhAHpdxMtPDNUZB6TZwT4vlfgJib6VFVprlDnaNA,4.485147,5.154787000000001,6.338115,0,2591700,21.674012,Interactive,1,1.75
549000,aDTQIqgen6guUNck6NattbZgRhAHpdxMtPDNUZB6TZwT4vlfgJib6VFVprlDnaNA,3.673345,4.821752,6.2955190000000005,0,2591700,21.674012,Interactive,1,1.75
549300,aDTQIqgen6guUNck6NattbZgRhAHpdxMtPDNUZB6TZwT4vlfgJib6VFVprlDnaNA,3.5304269999999995,4.455897,5.278553,0,2591700,21.674012,Interactive,1,1.75
549600,aDTQIqgen6guUNck6NattbZgRhAHpdxMtPDNUZB6TZwT4vlfgJib6VFVprlDnaNA,3.807037,4.878868,5.898312000000001,0,2591700,21.674012,Interactive,1,1.75
549900,aDTQIqgen6guUNck6NattbZgRhAHpdxMtPDNUZB6TZwT4vlfgJib6VFVprlDnaNA,3.754097,4.667771,5.701439,0,2591700,21.674012,Interactive,1,1.75
550200,aDTQIqgen6guUNck6NattbZgRhAHpdxMtPDNUZB6TZwT4vlfgJib6VFVprlDnaNA,3.575828,4.559513,5.837812,0,2591700,21.674012,Interactive,1,1.75
550500,aDTQIqgen6guUNck6NattbZgRhAHpdxMtPDNUZB6TZwT4vlfgJib6VFVprlDnaNA,3.817378,4.718846,5.702253,0,2591700,21.674012,Interactive,1,1.75
550800,aDTQIqgen6guUNck6NattbZgRhAHpdxMtPDNUZB6TZwT4vlfgJib6VFVprlDnaNA,3.99501,4.814614,6.01757,0,2591700,21.674012,Interactive,1,1.75
551100,aDTQIqgen6guUNck6NattbZgRhAHpdxMtPDNUZB6TZwT4vlfgJib6VFVprlDnaNA,3.551197,4.777895,5.943208,0,2591700,21.674012,Interactive,1,1.75
551400,aDTQIqgen6guUNck6NattbZgRhAHpdxMtPDNUZB6TZwT4vlfgJib6VFVprlDnaNA,4.16073,4.913345,6.232399,0,2591700,21.674012,Interactive,1,1.75
551700,aDTQIqgen6guUNck6NattbZgRhAHpdxMtPDNUZB6TZwT4vlfgJib6VFVprlDnaNA,3.864257,4.696001,5.602794,0,2591700,21.674012,Interactive,1,1.75
552000,aDTQIqgen6guUNck6NattbZgRhAHpdxMtPDNUZB6TZwT4vlfgJib6VFVprlDnaNA,3.591695,7.625831,32.49325,0,2591700,21.674012,Interactive,1,1.75
552300,aDTQIqgen6guUNck6NattbZgRhAHpdxMtPDNUZB6TZwT4vlfgJib6VFVprlDnaNA,3.201236,4.832152,6.521689,0,2591700,21.674012,Interactive,1,1.75
552600,aDTQIqgen6guUNck6NattbZgRhAHpdxMtPDNUZB6TZwT4vlfgJib6VFVprlDnaNA,4.144459,5.034528,6.284125,0,2591700,21.674012,Interactive,1,1.75
552900,aDTQIqgen6guUNck6NattbZgRhAHpdxMtPDNUZB6TZwT4vlfgJib6VFVprlDnaNA,3.699307,4.582203,5.542086,0,2591700,21.674012,Interactive,1,1.75
553200,aDTQIqgen6guUNck6NattbZgRhAHpdxMtPDNUZB6TZwT4vlfgJib6VFVprlDnaNA,4.042298000000001,4.895039,6.169384,0,2591700,21.674012,Interactive,1,1.75
553500,aDTQIqgen6guUNck6NattbZgRhAHpdxMtPDNUZB6TZwT4vlfgJib6VFVprlDnaNA,3.775371,4.740335,5.598701999999999,0,2591700,21.674012,Interactive,1,1.75
553800,aDTQIqgen6guUNck6NattbZgRhAHpdxMtPDNUZB6TZwT4vlfgJib6VFVprlDnaNA,3.847735,5.0302620000000005,6.442659,0,2591700,21.674012,Interactive,1,1.75
554100,aDTQIqgen6guUNck6NattbZgRhAHpdxMtPDNUZB6TZwT4vlfgJib6VFVprlDnaNA,3.86297,4.84282,7.060466,0,2591700,21.674012,Interactive,1,1.75
554400,aDTQIqgen6guUNck6NattbZgRhAHpdxMtPDNUZB6TZwT4vlfgJib6VFVprlDnaNA,3.933509,4.681384,5.513761,0,2591700,21.674012,Interactive,1,1.75
554700,aDTQIqgen6guUNck6NattbZgRhAHpdxMtPDNUZB6TZwT4vlfgJib6VFVprlDnaNA,4.097914,4.855923000000001,5.817923,0,2591700,21.674012,Interactive,1,1.75
555000,aDTQIqgen6guUNck6NattbZgRhAHpdxMtPDNUZB6TZwT4vlfgJib6VFVprlDnaNA,4.078693,5.326137,9.709439,0,2591700,21.674012,Interactive,1,1.75
555300,aDTQIqgen6guUNck6NattbZgRhAHpdxMtPDNUZB6TZwT4vlfgJib6VFVprlDnaNA,3.907011,4.930536,6.088163,0,2591700,21.674012,Interactive,1,1.75
555600,aDTQIqgen6guUNck6NattbZgRhAHpdxMtPDNUZB6TZwT4vlfgJib6VFVprlDnaNA,3.730987,7.448903,28.918622,0,2591700,21.674012,Interactive,1,1.75
555900,aDTQIqgen6guUNck6NattbZgRhAHpdxMtPDNUZB6TZwT4vlfgJib6VFVprlDnaNA,3.834593,5.003398000000001,6.647900999999999,0,2591700,21.674012,Interactive,1,1.75
556200,aDTQIqgen6guUNck6NattbZgRhAHpdxMtPDNUZB6TZwT4vlfgJib6VFVprlDnaNA,3.652393,4.890391,6.42649,0,2591700,21.674012,Interactive,1,1.75
556500,aDTQIqgen6guUNck6NattbZgRhAHpdxMtPDNUZB6TZwT4vlfgJib6VFVprlDnaNA,3.995571,4.7634620000000005,5.706925,0,2591700,21.674012,Interactive,1,1.75
556800,aDTQIqgen6guUNck6NattbZgRhAHpdxMtPDNUZB6TZwT4vlfgJib6VFVprlDnaNA,3.885876,4.946823,6.780132000000001,0,2591700,21.674012,Interactive,1,1.75
557100,aDTQIqgen6guUNck6NattbZgRhAHpdxMtPDNUZB6TZwT4vlfgJib6VFVprlDnaNA,3.957019,4.856399,5.95296,0,2591700,21.674012,Interactive,1,1.75
557400,aDTQIqgen6guUNck6NattbZgRhAHpdxMtPDNUZB6TZwT4vlfgJib6VFVprlDnaNA,4.023107,4.818274,6.293614,0,2591700,21.674012,Interactive,1,1.75
557700,aDTQIqgen6guUNck6NattbZgRhAHpdxMtPDNUZB6TZwT4vlfgJib6VFVprlDnaNA,2.99642,4.725348,5.890924,0,2591700,21.674012,Interactive,1,1.75
558000,aDTQIqgen6guUNck6NattbZgRhAHpdxMtPDNUZB6TZwT4vlfgJib6VFVprlDnaNA,3.765071,4.55208,6.015892,0,2591700,21.674012,Interactive,1,1.75
558300,aDTQIqgen6guUNck6NattbZgRhAHpdxMtPDNUZB6TZwT4vlfgJib6VFVprlDnaNA,3.081143,4.558448,5.97649,0,2591700,21.674012,Interactive,1,1.75
558600,aDTQIqgen6guUNck6NattbZgRhAHpdxMtPDNUZB6TZwT4vlfgJib6VFVprlDnaNA,3.679772,4.835361,6.495083,0,2591700,21.674012,Interactive,1,1.75
558900,aDTQIqgen6guUNck6NattbZgRhAHpdxMtPDNUZB6TZwT4vlfgJib6VFVprlDnaNA,4.073364,4.687821,5.922555,0,2591700,21.674012,Interactive,1,1.75
559200,aDTQIqgen6guUNck6NattbZgRhAHpdxMtPDNUZB6TZwT4vlfgJib6VFVprlDnaNA,3.650723,7.458955,31.439473,0,2591700,21.674012,Interactive,1,1.75
559500,aDTQIqgen6guUNck6NattbZgRhAHpdxMtPDNUZB6TZwT4vlfgJib6VFVprlDnaNA,3.675789,4.938734999999999,6.64265,0,2591700,21.674012,Interactive,1,1.75
559800,aDTQIqgen6guUNck6NattbZgRhAHpdxMtPDNUZB6TZwT4vlfgJib6VFVprlDnaNA,3.760083,4.842914,6.801028,0,2591700,21.674012,Interactive,1,1.75
560100,aDTQIqgen6guUNck6NattbZgRhAHpdxMtPDNUZB6TZwT4vlfgJib6VFVprlDnaNA,3.631895,4.622611,7.275624,0,2591700,21.674012,Interactive,1,1.75
560400,aDTQIqgen6guUNck6NattbZgRhAHpdxMtPDNUZB6TZwT4vlfgJib6VFVprlDnaNA,2.656735,4.71155,6.308136,0,2591700,21.674012,Interactive,1,1.75
560700,aDTQIqgen6guUNck6NattbZgRhAHpdxMtPDNUZB6TZwT4vlfgJib6VFVprlDnaNA,3.831441,4.635854,5.787003,0,2591700,21.674012,Interactive,1,1.75
561000,aDTQIqgen6guUNck6NattbZgRhAHpdxMtPDNUZB6TZwT4vlfgJib6VFVprlDnaNA,3.629148,4.716434,7.540372,0,2591700,21.674012,Interactive,1,1.75
561300,aDTQIqgen6guUNck6NattbZgRhAHpdxMtPDNUZB6TZwT4vlfgJib6VFVprlDnaNA,3.885727,4.816419000000001,6.440217,0,2591700,21.674012,Interactive,1,1.75
561600,aDTQIqgen6guUNck6NattbZgRhAHpdxMtPDNUZB6TZwT4vlfgJib6VFVprlDnaNA,3.948823,4.739418,6.580285000000001,0,2591700,21.674012,Interactive,1,1.75
561900,aDTQIqgen6guUNck6NattbZgRhAHpdxMtPDNUZB6TZwT4vlfgJib6VFVprlDnaNA,3.606197,4.528404,6.9237470000000005,0,2591700,21.674012,Interactive,1,1.75
562200,aDTQIqgen6guUNck6NattbZgRhAHpdxMtPDNUZB6TZwT4vlfgJib6VFVprlDnaNA,3.531222,4.726584,6.585300999999999,0,2591700,21.674012,Interactive,1,1.75
562500,aDTQIqgen6guUNck6NattbZgRhAHpdxMtPDNUZB6TZwT4vlfgJib6VFVprlDnaNA,2.982812,4.717061,6.572832000000001,0,2591700,21.674012,Interactive,1,1.75
562800,aDTQIqgen6guUNck6NattbZgRhAHpdxMtPDNUZB6TZwT4vlfgJib6VFVprlDnaNA,3.422103,7.187425,30.727664,0,2591700,21.674012,Interactive,1,1.75
563100,aDTQIqgen6guUNck6NattbZgRhAHpdxMtPDNUZB6TZwT4vlfgJib6VFVprlDnaNA,3.477406,4.7224330000000005,6.578515,0,2591700,21.674012,Interactive,1,1.75
563400,aDTQIqgen6guUNck6NattbZgRhAHpdxMtPDNUZB6TZwT4vlfgJib6VFVprlDnaNA,3.979148,4.753051,6.464855,0,2591700,21.674012,Interactive,1,1.75
563700,aDTQIqgen6guUNck6NattbZgRhAHpdxMtPDNUZB6TZwT4vlfgJib6VFVprlDnaNA,3.735223,4.735539,7.59525,0,2591700,21.674012,Interactive,1,1.75
564000,aDTQIqgen6guUNck6NattbZgRhAHpdxMtPDNUZB6TZwT4vlfgJib6VFVprlDnaNA,3.70017,4.7125900000000005,6.022488,0,2591700,21.674012,Interactive,1,1.75
564300,aDTQIqgen6guUNck6NattbZgRhAHpdxMtPDNUZB6TZwT4vlfgJib6VFVprlDnaNA,3.615235,4.556716000000001,5.554223,0,2591700,21.674012,Interactive,1,1.75
564600,aDTQIqgen6guUNck6NattbZgRhAHpdxMtPDNUZB6TZwT4vlfgJib6VFVprlDnaNA,3.740051,4.666356,7.370672,0,2591700,21.674012,Interactive,1,1.75
564900,aDTQIqgen6guUNck6NattbZgRhAHpdxMtPDNUZB6TZwT4vlfgJib6VFVprlDnaNA,3.841804,4.883063,6.284139,0,2591700,21.674012,Interactive,1,1.75
565200,aDTQIqgen6guUNck6NattbZgRhAHpdxMtPDNUZB6TZwT4vlfgJib6VFVprlDnaNA,3.7843,4.688831,6.130518,0,2591700,21.674012,Interactive,1,1.75
565500,aDTQIqgen6guUNck6NattbZgRhAHpdxMtPDNUZB6TZwT4vlfgJib6VFVprlDnaNA,4.044042,4.741679,7.434841,0,2591700,21.674012,Interactive,1,1.75
565800,aDTQIqgen6guUNck6NattbZgRhAHpdxMtPDNUZB6TZwT4vlfgJib6VFVprlDnaNA,3.485005,4.635082,6.169903,0,2591700,21.674012,Interactive,1,1.75
566100,aDTQIqgen6guUNck6NattbZgRhAHpdxMtPDNUZB6TZwT4vlfgJib6VFVprlDnaNA,3.696395,4.462839,5.5559330000000005,0,2591700,21.674012,Interactive,1,1.75
566400,aDTQIqgen6guUNck6NattbZgRhAHpdxMtPDNUZB6TZwT4vlfgJib6VFVprlDnaNA,3.3565940000000003,7.487967,22.141019,0,2591700,21.674012,Interactive,1,1.75
566700,aDTQIqgen6guUNck6NattbZgRhAHpdxMtPDNUZB6TZwT4vlfgJib6VFVprlDnaNA,3.956772,4.9407760000000005,7.038200999999999,0,2591700,21.674012,Interactive,1,1.75
567000,aDTQIqgen6guUNck6NattbZgRhAHpdxMtPDNUZB6TZwT4vlfgJib6VFVprlDnaNA,3.906532,4.510463,5.650819,0,2591700,21.674012,Interactive,1,1.75
567300,aDTQIqgen6guUNck6NattbZgRhAHpdxMtPDNUZB6TZwT4vlfgJib6VFVprlDnaNA,3.717488,4.583154,7.176372,0,2591700,21.674012,Interactive,1,1.75
567600,aDTQIqgen6guUNck6NattbZgRhAHpdxMtPDNUZB6TZwT4vlfgJib6VFVprlDnaNA,3.867515,4.821946,6.088264,0,2591700,21.674012,Interactive,1,1.75
567900,aDTQIqgen6guUNck6NattbZgRhAHpdxMtPDNUZB6TZwT4vlfgJib6VFVprlDnaNA,4.031733,4.730815,5.6609,0,2591700,21.674012,Interactive,1,1.75
568200,aDTQIqgen6guUNck6NattbZgRhAHpdxMtPDNUZB6TZwT4vlfgJib6VFVprlDnaNA,3.941971,4.8125800000000005,7.567421,0,2591700,21.674012,Interactive,1,1.75
568500,aDTQIqgen6guUNck6NattbZgRhAHpdxMtPDNUZB6TZwT4vlfgJib6VFVprlDnaNA,3.751433,4.8947,6.094339,0,2591700,21.674012,Interactive,1,1.75
568800,aDTQIqgen6guUNck6NattbZgRhAHpdxMtPDNUZB6TZwT4vlfgJib6VFVprlDnaNA,4.188314,5.066604,6.08915,0,2591700,21.674012,Interactive,1,1.75
569100,aDTQIqgen6guUNck6NattbZgRhAHpdxMtPDNUZB6TZwT4vlfgJib6VFVprlDnaNA,4.332159,5.138999,6.574418,0,2591700,21.674012,Interactive,1,1.75
569400,aDTQIqgen6guUNck6NattbZgRhAHpdxMtPDNUZB6TZwT4vlfgJib6VFVprlDnaNA,3.842878,4.582147,5.931205,0,2591700,21.674012,Interactive,1,1.75
569700,aDTQIqgen6guUNck6NattbZgRhAHpdxMtPDNUZB6TZwT4vlfgJib6VFVprlDnaNA,4.161666,10.992257,30.914727000000003,0,2591700,21.674012,Interactive,1,1.75
570000,aDTQIqgen6guUNck6NattbZgRhAHpdxMtPDNUZB6TZwT4vlfgJib6VFVprlDnaNA,3.649708,11.464891,32.236756,0,2591700,21.674012,Interactive,1,1.75
570300,aDTQIqgen6guUNck6NattbZgRhAHpdxMtPDNUZB6TZwT4vlfgJib6VFVprlDnaNA,3.865889,4.912798,6.583112,0,2591700,21.674012,Interactive,1,1.75
570600,aDTQIqgen6guUNck6NattbZgRhAHpdxMtPDNUZB6TZwT4vlfgJib6VFVprlDnaNA,4.220546,5.234328,6.728003,0,2591700,21.674012,Interactive,1,1.75
570900,aDTQIqgen6guUNck6NattbZgRhAHpdxMtPDNUZB6TZwT4vlfgJib6VFVprlDnaNA,4.138106,4.993424,6.677507,0,2591700,21.674012,Interactive,1,1.75
571200,aDTQIqgen6guUNck6NattbZgRhAHpdxMtPDNUZB6TZwT4vlfgJib6VFVprlDnaNA,4.056784,4.945064,6.441461,0,2591700,21.674012,Interactive,1,1.75
571500,aDTQIqgen6guUNck6NattbZgRhAHpdxMtPDNUZB6TZwT4vlfgJib6VFVprlDnaNA,4.409839,5.150991,6.225128,0,2591700,21.674012,Interactive,1,1.75
571800,aDTQIqgen6guUNck6NattbZgRhAHpdxMtPDNUZB6TZwT4vlfgJib6VFVprlDnaNA,4.010796,4.999818,6.475480999999999,0,2591700,21.674012,Interactive,1,1.75
572100,aDTQIqgen6guUNck6NattbZgRhAHpdxMtPDNUZB6TZwT4vlfgJib6VFVprlDnaNA,4.111249,4.769975,6.244283,0,2591700,21.674012,Interactive,1,1.75
572400,aDTQIqgen6guUNck6NattbZgRhAHpdxMtPDNUZB6TZwT4vlfgJib6VFVprlDnaNA,3.662331,4.423095,5.279616000000001,0,2591700,21.674012,Interactive,1,1.75
572700,aDTQIqgen6guUNck6NattbZgRhAHpdxMtPDNUZB6TZwT4vlfgJib6VFVprlDnaNA,3.240309,4.496519999999999,6.112133,0,2591700,21.674012,Interactive,1,1.75
573000,aDTQIqgen6guUNck6NattbZgRhAHpdxMtPDNUZB6TZwT4vlfgJib6VFVprlDnaNA,3.851909,4.664223000000001,6.062728,0,2591700,21.674012,Interactive,1,1.75
573300,aDTQIqgen6guUNck6NattbZgRhAHpdxMtPDNUZB6TZwT4vlfgJib6VFVprlDnaNA,3.898829,4.728452,5.975312000000001,0,2591700,21.674012,Interactive,1,1.75
573600,aDTQIqgen6guUNck6NattbZgRhAHpdxMtPDNUZB6TZwT4vlfgJib6VFVprlDnaNA,3.936127,7.385457000000001,31.143351000000003,0,2591700,21.674012,Interactive,1,1.75
573900,aDTQIqgen6guUNck6NattbZgRhAHpdxMtPDNUZB6TZwT4vlfgJib6VFVprlDnaNA,3.62126,4.970159,6.692775,0,2591700,21.674012,Interactive,1,1.75
574200,aDTQIqgen6guUNck6NattbZgRhAHpdxMtPDNUZB6TZwT4vlfgJib6VFVprlDnaNA,3.901175,4.871365,6.228726,0,2591700,21.674012,Interactive,1,1.75
574500,aDTQIqgen6guUNck6NattbZgRhAHpdxMtPDNUZB6TZwT4vlfgJib6VFVprlDnaNA,3.709886,4.783841000000001,6.399411,0,2591700,21.674012,Interactive,1,1.75
574800,aDTQIqgen6guUNck6NattbZgRhAHpdxMtPDNUZB6TZwT4vlfgJib6VFVprlDnaNA,3.581106,4.638495,6.236065,0,2591700,21.674012,Interactive,1,1.75
575100,aDTQIqgen6guUNck6NattbZgRhAHpdxMtPDNUZB6TZwT4vlfgJib6VFVprlDnaNA,3.5841190000000003,4.575130000000001,5.59596,0,2591700,21.674012,Interactive,1,1.75
575400,aDTQIqgen6guUNck6NattbZgRhAHpdxMtPDNUZB6TZwT4vlfgJib6VFVprlDnaNA,3.242735,4.478753,6.0311010000000005,0,2591700,21.674012,Interactive,1,1.75
575700,aDTQIqgen6guUNck6NattbZgRhAHpdxMtPDNUZB6TZwT4vlfgJib6VFVprlDnaNA,3.867791,4.63617,6.153991,0,2591700,21.674012,Interactive,1,1.75
576000,aDTQIqgen6guUNck6NattbZgRhAHpdxMtPDNUZB6TZwT4vlfgJib6VFVprlDnaNA,3.011388,4.574372,5.996408,0,2591700,21.674012,Interactive,1,1.75
576300,aDTQIqgen6guUNck6NattbZgRhAHpdxMtPDNUZB6TZwT4vlfgJib6VFVprlDnaNA,3.864675,4.755211,6.342219999999999,0,2591700,21.674012,Interactive,1,1.75
576600,aDTQIqgen6guUNck6NattbZgRhAHpdxMtPDNUZB6TZwT4vlfgJib6VFVprlDnaNA,3.806331,4.528201,5.965741,0,2591700,21.674012,Interactive,1,1.75
576900,aDTQIqgen6guUNck6NattbZgRhAHpdxMtPDNUZB6TZwT4vlfgJib6VFVprlDnaNA,4.07061,4.954904,6.368956,0,2591700,21.674012,Interactive,1,1.75
577200,aDTQIqgen6guUNck6NattbZgRhAHpdxMtPDNUZB6TZwT4vlfgJib6VFVprlDnaNA,3.772641,7.498949,19.225152,0,2591700,21.674012,Interactive,1,1.75
577500,aDTQIqgen6guUNck6NattbZgRhAHpdxMtPDNUZB6TZwT4vlfgJib6VFVprlDnaNA,3.845016,4.702925,6.455494,0,2591700,21.674012,Interactive,1,1.75
577800,aDTQIqgen6guUNck6NattbZgRhAHpdxMtPDNUZB6TZwT4vlfgJib6VFVprlDnaNA,4.103767,5.145995,6.408315,0,2591700,21.674012,Interactive,1,1.75
578100,aDTQIqgen6guUNck6NattbZgRhAHpdxMtPDNUZB6TZwT4vlfgJib6VFVprlDnaNA,3.749463,4.772219000000001,6.264276000000001,0,2591700,21.674012,Interactive,1,1.75
578400,aDTQIqgen6guUNck6NattbZgRhAHpdxMtPDNUZB6TZwT4vlfgJib6VFVprlDnaNA,3.726172,4.693417,5.966233,0,2591700,21.674012,Interactive,1,1.75
578700,aDTQIqgen6guUNck6NattbZgRhAHpdxMtPDNUZB6TZwT4vlfgJib6VFVprlDnaNA,3.435089,4.508595,7.628691000000001,0,2591700,21.674012,Interactive,1,1.75
579000,aDTQIqgen6guUNck6NattbZgRhAHpdxMtPDNUZB6TZwT4vlfgJib6VFVprlDnaNA,3.950006,4.719857,6.098979,0,2591700,21.674012,Interactive,1,1.75
579300,aDTQIqgen6guUNck6NattbZgRhAHpdxMtPDNUZB6TZwT4vlfgJib6VFVprlDnaNA,3.685646,4.563109,6.032655999999999,0,2591700,21.674012,Interactive,1,1.75
579600,aDTQIqgen6guUNck6NattbZgRhAHpdxMtPDNUZB6TZwT4vlfgJib6VFVprlDnaNA,3.912818,4.789043,7.963602000000001,0,2591700,21.674012,Interactive,1,1.75
579900,aDTQIqgen6guUNck6NattbZgRhAHpdxMtPDNUZB6TZwT4vlfgJib6VFVprlDnaNA,3.027285,4.494137,6.090479,0,2591700,21.674012,Interactive,1,1.75
580200,aDTQIqgen6guUNck6NattbZgRhAHpdxMtPDNUZB6TZwT4vlfgJib6VFVprlDnaNA,3.700015,4.650976999999999,6.0201400000000005,0,2591700,21.674012,Interactive,1,1.75
580500,aDTQIqgen6guUNck6NattbZgRhAHpdxMtPDNUZB6TZwT4vlfgJib6VFVprlDnaNA,3.0228040000000003,4.127276999999999,5.816517,0,2591700,21.674012,Interactive,1,1.75
580800,aDTQIqgen6guUNck6NattbZgRhAHpdxMtPDNUZB6TZwT4vlfgJib6VFVprlDnaNA,3.5673410000000003,7.202594,30.739233,0,2591700,21.674012,Interactive,1,1.75
581100,aDTQIqgen6guUNck6NattbZgRhAHpdxMtPDNUZB6TZwT4vlfgJib6VFVprlDnaNA,3.870626,4.777305,6.457857,0,2591700,21.674012,Interactive,1,1.75
581400,aDTQIqgen6guUNck6NattbZgRhAHpdxMtPDNUZB6TZwT4vlfgJib6VFVprlDnaNA,3.558616,4.525696,7.106552000000001,0,2591700,21.674012,Interactive,1,1.75
581700,aDTQIqgen6guUNck6NattbZgRhAHpdxMtPDNUZB6TZwT4vlfgJib6VFVprlDnaNA,3.862262,4.654059999999999,5.807652,0,2591700,21.674012,Interactive,1,1.75
582000,aDTQIqgen6guUNck6NattbZgRhAHpdxMtPDNUZB6TZwT4vlfgJib6VFVprlDnaNA,2.843475,4.301267,6.423228,0,2591700,21.674012,Interactive,1,1.75
582300,aDTQIqgen6guUNck6NattbZgRhAHpdxMtPDNUZB6TZwT4vlfgJib6VFVprlDnaNA,3.627509,4.846535,7.609494000000001,0,2591700,21.674012,Interactive,1,1.75
582600,aDTQIqgen6guUNck6NattbZgRhAHpdxMtPDNUZB6TZwT4vlfgJib6VFVprlDnaNA,3.841001,4.610115,6.129171,0,2591700,21.674012,Interactive,1,1.75
582900,aDTQIqgen6guUNck6NattbZgRhAHpdxMtPDNUZB6TZwT4vlfgJib6VFVprlDnaNA,4.039335,4.7415080000000005,6.201427,0,2591700,21.674012,Interactive,1,1.75
583200,aDTQIqgen6guUNck6NattbZgRhAHpdxMtPDNUZB6TZwT4vlfgJib6VFVprlDnaNA,3.861324,4.536111,5.828632,0,2591700,21.674012,Interactive,1,1.75
583500,aDTQIqgen6guUNck6NattbZgRhAHpdxMtPDNUZB6TZwT4vlfgJib6VFVprlDnaNA,3.415736,7.097003,27.134812,0,2591700,21.674012,Interactive,1,1.75
583800,aDTQIqgen6guUNck6NattbZgRhAHpdxMtPDNUZB6TZwT4vlfgJib6VFVprlDnaNA,4.116715,4.7347150000000005,6.119745,0,2591700,21.674012,Interactive,1,1.75
584100,aDTQIqgen6guUNck6NattbZgRhAHpdxMtPDNUZB6TZwT4vlfgJib6VFVprlDnaNA,3.656617,4.701872,7.437464999999999,0,2591700,21.674012,Interactive,1,1.75
584400,aDTQIqgen6guUNck6NattbZgRhAHpdxMtPDNUZB6TZwT4vlfgJib6VFVprlDnaNA,3.713704,7.529731,30.901467,0,2591700,21.674012,Interactive,1,1.75
584700,aDTQIqgen6guUNck6NattbZgRhAHpdxMtPDNUZB6TZwT4vlfgJib6VFVprlDnaNA,3.877872,4.741827,6.486792,0,2591700,21.674012,Interactive,1,1.75
585000,aDTQIqgen6guUNck6NattbZgRhAHpdxMtPDNUZB6TZwT4vlfgJib6VFVprlDnaNA,3.625169,4.874366,7.615479,0,2591700,21.674012,Interactive,1,1.75
585300,aDTQIqgen6guUNck6NattbZgRhAHpdxMtPDNUZB6TZwT4vlfgJib6VFVprlDnaNA,3.5775339999999995,4.470601,6.185795,0,2591700,21.674012,Interactive,1,1.75
585600,aDTQIqgen6guUNck6NattbZgRhAHpdxMtPDNUZB6TZwT4vlfgJib6VFVprlDnaNA,3.718274,4.697432,6.091563,0,2591700,21.674012,Interactive,1,1.75
585900,aDTQIqgen6guUNck6NattbZgRhAHpdxMtPDNUZB6TZwT4vlfgJib6VFVprlDnaNA,3.42581,4.2064,5.655514,0,2591700,21.674012,Interactive,1,1.75
586200,aDTQIqgen6guUNck6NattbZgRhAHpdxMtPDNUZB6TZwT4vlfgJib6VFVprlDnaNA,3.805139,4.413661,5.5489180000000005,0,2591700,21.674012,Interactive,1,1.75
586500,aDTQIqgen6guUNck6NattbZgRhAHpdxMtPDNUZB6TZwT4vlfgJib6VFVprlDnaNA,3.838971,4.642194,6.561047,0,2591700,21.674012,Interactive,1,1.75
586800,aDTQIqgen6guUNck6NattbZgRhAHpdxMtPDNUZB6TZwT4vlfgJib6VFVprlDnaNA,2.690197,4.488676,6.822015,0,2591700,21.674012,Interactive,1,1.75
587100,aDTQIqgen6guUNck6NattbZgRhAHpdxMtPDNUZB6TZwT4vlfgJib6VFVprlDnaNA,3.737402,4.72725,6.038181,0,2591700,21.674012,Interactive,1,1.75
587400,aDTQIqgen6guUNck6NattbZgRhAHpdxMtPDNUZB6TZwT4vlfgJib6VFVprlDnaNA,3.360011,4.460978,5.947680999999999,0,2591700,21.674012,Interactive,1,1.75
587700,aDTQIqgen6guUNck6NattbZgRhAHpdxMtPDNUZB6TZwT4vlfgJib6VFVprlDnaNA,3.924214,4.78275,7.400548,0,2591700,21.674012,Interactive,1,1.75
588000,aDTQIqgen6guUNck6NattbZgRhAHpdxMtPDNUZB6TZwT4vlfgJib6VFVprlDnaNA,3.182469,7.288867999999999,25.94005,0,2591700,21.674012,Interactive,1,1.75
588300,aDTQIqgen6guUNck6NattbZgRhAHpdxMtPDNUZB6TZwT4vlfgJib6VFVprlDnaNA,3.776916,4.758174,6.957561,0,2591700,21.674012,Interactive,1,1.75
588600,aDTQIqgen6guUNck6NattbZgRhAHpdxMtPDNUZB6TZwT4vlfgJib6VFVprlDnaNA,2.877185,4.407869,5.607186,0,2591700,21.674012,Interactive,1,1.75
588900,aDTQIqgen6guUNck6NattbZgRhAHpdxMtPDNUZB6TZwT4vlfgJib6VFVprlDnaNA,3.130471,4.32096,5.758909,0,2591700,21.674012,Interactive,1,1.75
589200,aDTQIqgen6guUNck6NattbZgRhAHpdxMtPDNUZB6TZwT4vlfgJib6VFVprlDnaNA,3.87417,4.693103,5.79228,0,2591700,21.674012,Interactive,1,1.75
589500,aDTQIqgen6guUNck6NattbZgRhAHpdxMtPDNUZB6TZwT4vlfgJib6VFVprlDnaNA,3.738214,8.132812,38.799987,0,2591700,21.674012,Interactive,1,1.75
589800,aDTQIqgen6guUNck6NattbZgRhAHpdxMtPDNUZB6TZwT4vlfgJib6VFVprlDnaNA,3.668048,4.352745,5.720764,0,2591700,21.674012,Interactive,1,1.75
590100,aDTQIqgen6guUNck6NattbZgRhAHpdxMtPDNUZB6TZwT4vlfgJib6VFVprlDnaNA,3.70899,4.534994,5.544347,0,2591700,21.674012,Interactive,1,1.75
590400,aDTQIqgen6guUNck6NattbZgRhAHpdxMtPDNUZB6TZwT4vlfgJib6VFVprlDnaNA,3.954348,4.726187,6.461949,0,2591700,21.674012,Interactive,1,1.75
590700,aDTQIqgen6guUNck6NattbZgRhAHpdxMtPDNUZB6TZwT4vlfgJib6VFVprlDnaNA,3.798033,4.342611,5.635981,0,2591700,21.674012,Interactive,1,1.75
591000,aDTQIqgen6guUNck6NattbZgRhAHpdxMtPDNUZB6TZwT4vlfgJib6VFVprlDnaNA,4.018919,4.763229,6.06499,0,2591700,21.674012,Interactive,1,1.75
591300,aDTQIqgen6guUNck6NattbZgRhAHpdxMtPDNUZB6TZwT4vlfgJib6VFVprlDnaNA,3.822817,4.537513,6.321153,0,2591700,21.674012,Interactive,1,1.75
591600,aDTQIqgen6guUNck6NattbZgRhAHpdxMtPDNUZB6TZwT4vlfgJib6VFVprlDnaNA,3.70461,7.295338,32.147915000000005,0,2591700,21.674012,Interactive,1,1.75
591900,aDTQIqgen6guUNck6NattbZgRhAHpdxMtPDNUZB6TZwT4vlfgJib6VFVprlDnaNA,4.03999,5.058147,7.519708,0,2591700,21.674012,Interactive,1,1.75
592200,aDTQIqgen6guUNck6NattbZgRhAHpdxMtPDNUZB6TZwT4vlfgJib6VFVprlDnaNA,4.051605,5.060053,7.389388999999999,0,2591700,21.674012,Interactive,1,1.75
592500,aDTQIqgen6guUNck6NattbZgRhAHpdxMtPDNUZB6TZwT4vlfgJib6VFVprlDnaNA,3.701354,4.415803,5.843755000000001,0,2591700,21.674012,Interactive,1,1.75
592800,aDTQIqgen6guUNck6NattbZgRhAHpdxMtPDNUZB6TZwT4vlfgJib6VFVprlDnaNA,3.384661,4.514947,6.099553,0,2591700,21.674012,Interactive,1,1.75
593100,aDTQIqgen6guUNck6NattbZgRhAHpdxMtPDNUZB6TZwT4vlfgJib6VFVprlDnaNA,3.803435,4.677434,6.347772,0,2591700,21.674012,Interactive,1,1.75
593400,aDTQIqgen6guUNck6NattbZgRhAHpdxMtPDNUZB6TZwT4vlfgJib6VFVprlDnaNA,3.064018,4.227663,5.524898,0,2591700,21.674012,Interactive,1,1.75
593700,aDTQIqgen6guUNck6NattbZgRhAHpdxMtPDNUZB6TZwT4vlfgJib6VFVprlDnaNA,3.419628,4.580585,5.827399,0,2591700,21.674012,Interactive,1,1.75
594000,aDTQIqgen6guUNck6NattbZgRhAHpdxMtPDNUZB6TZwT4vlfgJib6VFVprlDnaNA,2.85155,4.23473,5.720383,0,2591700,21.674012,Interactive,1,1.75
594300,aDTQIqgen6guUNck6NattbZgRhAHpdxMtPDNUZB6TZwT4vlfgJib6VFVprlDnaNA,3.609017,4.478877,5.701374,0,2591700,21.674012,Interactive,1,1.75
594600,aDTQIqgen6guUNck6NattbZgRhAHpdxMtPDNUZB6TZwT4vlfgJib6VFVprlDnaNA,3.887306,4.814064,6.466061,0,2591700,21.674012,Interactive,1,1.75
594900,aDTQIqgen6guUNck6NattbZgRhAHpdxMtPDNUZB6TZwT4vlfgJib6VFVprlDnaNA,3.723576,4.515109,6.228352,0,2591700,21.674012,Interactive,1,1.75
595200,aDTQIqgen6guUNck6NattbZgRhAHpdxMtPDNUZB6TZwT4vlfgJib6VFVprlDnaNA,3.771379,7.212774,28.817443,0,2591700,21.674012,Interactive,1,1.75
595500,aDTQIqgen6guUNck6NattbZgRhAHpdxMtPDNUZB6TZwT4vlfgJib6VFVprlDnaNA,3.700372,4.670731,6.154064,0,2591700,21.674012,Interactive,1,1.75
595800,aDTQIqgen6guUNck6NattbZgRhAHpdxMtPDNUZB6TZwT4vlfgJib6VFVprlDnaNA,4.011246,4.915053,6.171779,0,2591700,21.674012,Interactive,1,1.75
596100,aDTQIqgen6guUNck6NattbZgRhAHpdxMtPDNUZB6TZwT4vlfgJib6VFVprlDnaNA,3.835614,4.331111,5.431627,0,2591700,21.674012,Interactive,1,1.75
596400,aDTQIqgen6guUNck6NattbZgRhAHpdxMtPDNUZB6TZwT4vlfgJib6VFVprlDnaNA,4.067892,4.732899,5.905403,0,2591700,21.674012,Interactive,1,1.75
596700,aDTQIqgen6guUNck6NattbZgRhAHpdxMtPDNUZB6TZwT4vlfgJib6VFVprlDnaNA,3.767922,4.461447,5.727875,0,2591700,21.674012,Interactive,1,1.75
597000,aDTQIqgen6guUNck6NattbZgRhAHpdxMtPDNUZB6TZwT4vlfgJib6VFVprlDnaNA,3.631819,4.48084,5.726043,0,2591700,21.674012,Interactive,1,1.75
597300,aDTQIqgen6guUNck6NattbZgRhAHpdxMtPDNUZB6TZwT4vlfgJib6VFVprlDnaNA,3.975599,5.415943,12.806575,0,2591700,21.674012,Interactive,1,1.75
597600,aDTQIqgen6guUNck6NattbZgRhAHpdxMtPDNUZB6TZwT4vlfgJib6VFVprlDnaNA,3.848845,4.802526,6.7561800000000005,0,2591700,21.674012,Interactive,1,1.75
597900,aDTQIqgen6guUNck6NattbZgRhAHpdxMtPDNUZB6TZwT4vlfgJib6VFVprlDnaNA,3.546647,4.260431,5.682956,0,2591700,21.674012,Interactive,1,1.75
598200,aDTQIqgen6guUNck6NattbZgRhAHpdxMtPDNUZB6TZwT4vlfgJib6VFVprlDnaNA,3.974068,4.640015,6.098363,0,2591700,21.674012,Interactive,1,1.75
598500,aDTQIqgen6guUNck6NattbZgRhAHpdxMtPDNUZB6TZwT4vlfgJib6VFVprlDnaNA,4.210092,11.677992,28.120215,0,2591700,21.674012,Interactive,1,1.75
598800,aDTQIqgen6guUNck6NattbZgRhAHpdxMtPDNUZB6TZwT4vlfgJib6VFVprlDnaNA,3.220635,12.928777,31.918878000000003,0,2591700,21.674012,Interactive,1,1.75
599100,aDTQIqgen6guUNck6NattbZgRhAHpdxMtPDNUZB6TZwT4vlfgJib6VFVprlDnaNA,3.965668,5.089135,6.969434,0,2591700,21.674012,Interactive,1,1.75
599400,aDTQIqgen6guUNck6NattbZgRhAHpdxMtPDNUZB6TZwT4vlfgJib6VFVprlDnaNA,4.044548000000001,5.841256,14.677169,0,2591700,21.674012,Interactive,1,1.75
599700,aDTQIqgen6guUNck6NattbZgRhAHpdxMtPDNUZB6TZwT4vlfgJib6VFVprlDnaNA,3.832468,4.4816720000000005,5.68539,0,2591700,21.674012,Interactive,1,1.75
600000,aDTQIqgen6guUNck6NattbZgRhAHpdxMtPDNUZB6TZwT4vlfgJib6VFVprlDnaNA,3.865969,4.943034,7.17276,0,2591700,21.674012,Interactive,1,1.75
600300,aDTQIqgen6guUNck6NattbZgRhAHpdxMtPDNUZB6TZwT4vlfgJib6VFVprlDnaNA,3.267621,4.720856,6.916699,0,2591700,21.674012,Interactive,1,1.75
600600,aDTQIqgen6guUNck6NattbZgRhAHpdxMtPDNUZB6TZwT4vlfgJib6VFVprlDnaNA,3.914997,4.473549,5.737199,0,2591700,21.674012,Interactive,1,1.75
600900,aDTQIqgen6guUNck6NattbZgRhAHpdxMtPDNUZB6TZwT4vlfgJib6VFVprlDnaNA,3.197426,4.557607,7.306832000000001,0,2591700,21.674012,Interactive,1,1.75
601200,aDTQIqgen6guUNck6NattbZgRhAHpdxMtPDNUZB6TZwT4vlfgJib6VFVprlDnaNA,3.844628,4.617630999999999,6.413705,0,2591700,21.674012,Interactive,1,1.75
601500,aDTQIqgen6guUNck6NattbZgRhAHpdxMtPDNUZB6TZwT4vlfgJib6VFVprlDnaNA,3.799207,4.473861,5.957823,0,2591700,21.674012,Interactive,1,1.75
601800,aDTQIqgen6guUNck6NattbZgRhAHpdxMtPDNUZB6TZwT4vlfgJib6VFVprlDnaNA,3.857148000000001,4.521778,7.342811,0,2591700,21.674012,Interactive,1,1.75
602100,aDTQIqgen6guUNck6NattbZgRhAHpdxMtPDNUZB6TZwT4vlfgJib6VFVprlDnaNA,3.667531,4.614709,6.409769,0,2591700,21.674012,Interactive,1,1.75
602400,aDTQIqgen6guUNck6NattbZgRhAHpdxMtPDNUZB6TZwT4vlfgJib6VFVprlDnaNA,3.720486,7.149922,31.088040000000003,0,2591700,21.674012,Interactive,1,1.75
602700,aDTQIqgen6guUNck6NattbZgRhAHpdxMtPDNUZB6TZwT4vlfgJib6VFVprlDnaNA,3.953965,5.657337999999999,11.139349,0,2591700,21.674012,Interactive,1,1.75
603000,aDTQIqgen6guUNck6NattbZgRhAHpdxMtPDNUZB6TZwT4vlfgJib6VFVprlDnaNA,3.3172019999999995,4.795768,6.743289,0,2591700,21.674012,Interactive,1,1.75
603300,aDTQIqgen6guUNck6NattbZgRhAHpdxMtPDNUZB6TZwT4vlfgJib6VFVprlDnaNA,3.404201,4.328078,5.849056,0,2591700,21.674012,Interactive,1,1.75
603600,aDTQIqgen6guUNck6NattbZgRhAHpdxMtPDNUZB6TZwT4vlfgJib6VFVprlDnaNA,3.926175,4.736023,6.982219000000001,0,2591700,21.674012,Interactive,1,1.75
603900,aDTQIqgen6guUNck6NattbZgRhAHpdxMtPDNUZB6TZwT4vlfgJib6VFVprlDnaNA,3.776453,4.654014,6.347711,0,2591700,21.674012,Interactive,1,1.75
604200,aDTQIqgen6guUNck6NattbZgRhAHpdxMtPDNUZB6TZwT4vlfgJib6VFVprlDnaNA,3.741976,4.493951,6.489643,0,2591700,21.674012,Interactive,1,1.75
604500,aDTQIqgen6guUNck6NattbZgRhAHpdxMtPDNUZB6TZwT4vlfgJib6VFVprlDnaNA,3.78746,4.637976,7.129027000000001,0,2591700,21.674012,Interactive,1,1.75
604800,aDTQIqgen6guUNck6NattbZgRhAHpdxMtPDNUZB6TZwT4vlfgJib6VFVprlDnaNA,3.778603,5.152661,10.258955,0,2591700,21.674012,Interactive,1,1.75
605100,aDTQIqgen6guUNck6NattbZgRhAHpdxMtPDNUZB6TZwT4vlfgJib6VFVprlDnaNA,3.545077,4.30576,5.710719999999999,0,2591700,21.674012,Interactive,1,1.75
605400,aDTQIqgen6guUNck6NattbZgRhAHpdxMtPDNUZB6TZwT4vlfgJib6VFVprlDnaNA,3.784263,6.025651,17.573448000000003,0,2591700,21.674012,Interactive,1,1.75
605700,aDTQIqgen6guUNck6NattbZgRhAHpdxMtPDNUZB6TZwT4vlfgJib6VFVprlDnaNA,3.471522,4.676951,6.761705,0,2591700,21.674012,Interactive,1,1.75
606000,aDTQIqgen6guUNck6NattbZgRhAHpdxMtPDNUZB6TZwT4vlfgJib6VFVprlDnaNA,3.893268,7.101772,24.923939,0,2591700,21.674012,Interactive,1,1.75
606300,aDTQIqgen6guUNck6NattbZgRhAHpdxMtPDNUZB6TZwT4vlfgJib6VFVprlDnaNA,3.553035,4.658898000000001,7.883014,0,2591700,21.674012,Interactive,1,1.75
606600,aDTQIqgen6guUNck6NattbZgRhAHpdxMtPDNUZB6TZwT4vlfgJib6VFVprlDnaNA,3.77761,4.505594,6.110483,0,2591700,21.674012,Interactive,1,1.75
606900,aDTQIqgen6guUNck6NattbZgRhAHpdxMtPDNUZB6TZwT4vlfgJib6VFVprlDnaNA,2.962834,4.274657,5.558844000000001,0,2591700,21.674012,Interactive,1,1.75
607200,aDTQIqgen6guUNck6NattbZgRhAHpdxMtPDNUZB6TZwT4vlfgJib6VFVprlDnaNA,4.054198,4.725676999999999,6.831291,0,2591700,21.674012,Interactive,1,1.75
607500,aDTQIqgen6guUNck6NattbZgRhAHpdxMtPDNUZB6TZwT4vlfgJib6VFVprlDnaNA,3.896169,4.570808,6.104225,0,2591700,21.674012,Interactive,1,1.75
607800,aDTQIqgen6guUNck6NattbZgRhAHpdxMtPDNUZB6TZwT4vlfgJib6VFVprlDnaNA,3.804598,4.492221,5.415362,0,2591700,21.674012,Interactive,1,1.75
608100,aDTQIqgen6guUNck6NattbZgRhAHpdxMtPDNUZB6TZwT4vlfgJib6VFVprlDnaNA,4.070701000000001,5.576775,13.958563,0,2591700,21.674012,Interactive,1,1.75
608400,aDTQIqgen6guUNck6NattbZgRhAHpdxMtPDNUZB6TZwT4vlfgJib6VFVprlDnaNA,2.94452,4.477153,5.517062,0,2591700,21.674012,Interactive,1,1.75
608700,aDTQIqgen6guUNck6NattbZgRhAHpdxMtPDNUZB6TZwT4vlfgJib6VFVprlDnaNA,3.88669,4.552749,5.616704,0,2591700,21.674012,Interactive,1,1.75
609000,aDTQIqgen6guUNck6NattbZgRhAHpdxMtPDNUZB6TZwT4vlfgJib6VFVprlDnaNA,4.118263,4.768826,6.049741,0,2591700,21.674012,Interactive,1,1.75
609300,aDTQIqgen6guUNck6NattbZgRhAHpdxMtPDNUZB6TZwT4vlfgJib6VFVprlDnaNA,3.778555,4.432348999999999,5.424295,0,2591700,21.674012,Interactive,1,1.75
609600,aDTQIqgen6guUNck6NattbZgRhAHpdxMtPDNUZB6TZwT4vlfgJib6VFVprlDnaNA,3.070706,7.550502000000001,33.877585,0,2591700,21.674012,Interactive,1,1.75
609900,aDTQIqgen6guUNck6NattbZgRhAHpdxMtPDNUZB6TZwT4vlfgJib6VFVprlDnaNA,3.889833,4.778494,7.207615,0,2591700,21.674012,Interactive,1,1.75
610200,aDTQIqgen6guUNck6NattbZgRhAHpdxMtPDNUZB6TZwT4vlfgJib6VFVprlDnaNA,3.766506,4.347842,5.426856,0,2591700,21.674012,Interactive,1,1.75
610500,aDTQIqgen6guUNck6NattbZgRhAHpdxMtPDNUZB6TZwT4vlfgJib6VFVprlDnaNA,3.708202,4.564493,6.132695,0,2591700,21.674012,Interactive,1,1.75
610800,aDTQIqgen6guUNck6NattbZgRhAHpdxMtPDNUZB6TZwT4vlfgJib6VFVprlDnaNA,3.900032,6.206427,20.341146,0,2591700,21.674012,Interactive,1,1.75
611100,aDTQIqgen6guUNck6NattbZgRhAHpdxMtPDNUZB6TZwT4vlfgJib6VFVprlDnaNA,3.614585,4.523480999999999,5.799678,0,2591700,21.674012,Interactive,1,1.75
611400,aDTQIqgen6guUNck6NattbZgRhAHpdxMtPDNUZB6TZwT4vlfgJib6VFVprlDnaNA,3.614974,4.566363,5.79941,0,2591700,21.674012,Interactive,1,1.75
611700,aDTQIqgen6guUNck6NattbZgRhAHpdxMtPDNUZB6TZwT4vlfgJib6VFVprlDnaNA,3.901545,4.748574,6.531498,0,2591700,21.674012,Interactive,1,1.75
612000,aDTQIqgen6guUNck6NattbZgRhAHpdxMtPDNUZB6TZwT4vlfgJib6VFVprlDnaNA,3.847599,4.5758160000000005,6.060765,0,2591700,21.674012,Interactive,1,1.75
612300,aDTQIqgen6guUNck6NattbZgRhAHpdxMtPDNUZB6TZwT4vlfgJib6VFVprlDnaNA,3.5959449999999995,4.890351,6.65411,0,2591700,21.674012,Interactive,1,1.75
612600,aDTQIqgen6guUNck6NattbZgRhAHpdxMtPDNUZB6TZwT4vlfgJib6VFVprlDnaNA,3.984344,4.765633,6.498791000000001,0,2591700,21.674012,Interactive,1,1.75
612900,aDTQIqgen6guUNck6NattbZgRhAHpdxMtPDNUZB6TZwT4vlfgJib6VFVprlDnaNA,3.114868,4.517195,5.621726,0,2591700,21.674012,Interactive,1,1.75
613200,aDTQIqgen6guUNck6NattbZgRhAHpdxMtPDNUZB6TZwT4vlfgJib6VFVprlDnaNA,3.883016000000001,7.259942,31.426166,0,2591700,21.674012,Interactive,1,1.75
613500,aDTQIqgen6guUNck6NattbZgRhAHpdxMtPDNUZB6TZwT4vlfgJib6VFVprlDnaNA,4.143375,6.045649,16.309517,0,2591700,21.674012,Interactive,1,1.75
613800,aDTQIqgen6guUNck6NattbZgRhAHpdxMtPDNUZB6TZwT4vlfgJib6VFVprlDnaNA,4.380258,5.262048,6.954757000000001,0,2591700,21.674012,Interactive,1,1.75
614100,aDTQIqgen6guUNck6NattbZgRhAHpdxMtPDNUZB6TZwT4vlfgJib6VFVprlDnaNA,3.612967,4.632182,6.083833,0,2591700,21.674012,Interactive,1,1.75
614400,aDTQIqgen6guUNck6NattbZgRhAHpdxMtPDNUZB6TZwT4vlfgJib6VFVprlDnaNA,3.154505,4.690787,6.253652,0,2591700,21.674012,Interactive,1,1.75
614700,aDTQIqgen6guUNck6NattbZgRhAHpdxMtPDNUZB6TZwT4vlfgJib6VFVprlDnaNA,3.867105000000001,4.495307,5.507046,0,2591700,21.674012,Interactive,1,1.75
615000,aDTQIqgen6guUNck6NattbZgRhAHpdxMtPDNUZB6TZwT4vlfgJib6VFVprlDnaNA,3.893864,4.627777,5.696314,0,2591700,21.674012,Interactive,1,1.75
615300,aDTQIqgen6guUNck6NattbZgRhAHpdxMtPDNUZB6TZwT4vlfgJib6VFVprlDnaNA,3.960263,4.619268,6.126506,0,2591700,21.674012,Interactive,1,1.75
615600,aDTQIqgen6guUNck6NattbZgRhAHpdxMtPDNUZB6TZwT4vlfgJib6VFVprlDnaNA,3.911219,4.698153,6.378658000000001,0,2591700,21.674012,Interactive,1,1.75
615900,aDTQIqgen6guUNck6NattbZgRhAHpdxMtPDNUZB6TZwT4vlfgJib6VFVprlDnaNA,3.930035,4.606325,5.911495,0,2591700,21.674012,Interactive,1,1.75
616200,aDTQIqgen6guUNck6NattbZgRhAHpdxMtPDNUZB6TZwT4vlfgJib6VFVprlDnaNA,4.023875,5.681762,14.968927,0,2591700,21.674012,Interactive,1,1.75
616500,aDTQIqgen6guUNck6NattbZgRhAHpdxMtPDNUZB6TZwT4vlfgJib6VFVprlDnaNA,3.832626,4.632919,5.595241000000001,0,2591700,21.674012,Interactive,1,1.75
616800,aDTQIqgen6guUNck6NattbZgRhAHpdxMtPDNUZB6TZwT4vlfgJib6VFVprlDnaNA,3.775637,5.907737,17.496143,0,2591700,21.674012,Interactive,1,1.75
617100,aDTQIqgen6guUNck6NattbZgRhAHpdxMtPDNUZB6TZwT4vlfgJib6VFVprlDnaNA,2.949654,6.372563,19.859026,0,2591700,21.674012,Interactive,1,1.75
617400,aDTQIqgen6guUNck6NattbZgRhAHpdxMtPDNUZB6TZwT4vlfgJib6VFVprlDnaNA,4.147397,4.767812,5.836257,0,2591700,21.674012,Interactive,1,1.75
617700,aDTQIqgen6guUNck6NattbZgRhAHpdxMtPDNUZB6TZwT4vlfgJib6VFVprlDnaNA,3.287303,4.522145,6.064122,0,2591700,21.674012,Interactive,1,1.75
618000,aDTQIqgen6guUNck6NattbZgRhAHpdxMtPDNUZB6TZwT4vlfgJib6VFVprlDnaNA,3.989712,4.652293,5.865516,0,2591700,21.674012,Interactive,1,1.75
618300,aDTQIqgen6guUNck6NattbZgRhAHpdxMtPDNUZB6TZwT4vlfgJib6VFVprlDnaNA,3.685062,4.5707510000000005,5.750697,0,2591700,21.674012,Interactive,1,1.75
618600,aDTQIqgen6guUNck6NattbZgRhAHpdxMtPDNUZB6TZwT4vlfgJib6VFVprlDnaNA,3.792963,4.579778,7.009303999999999,0,2591700,21.674012,Interactive,1,1.75
618900,aDTQIqgen6guUNck6NattbZgRhAHpdxMtPDNUZB6TZwT4vlfgJib6VFVprlDnaNA,3.871078,6.6607970000000005,23.970032,0,2591700,21.674012,Interactive,1,1.75
619200,aDTQIqgen6guUNck6NattbZgRhAHpdxMtPDNUZB6TZwT4vlfgJib6VFVprlDnaNA,3.220635,4.302791,5.461081,0,2591700,21.674012,Interactive,1,1.75
619500,aDTQIqgen6guUNck6NattbZgRhAHpdxMtPDNUZB6TZwT4vlfgJib6VFVprlDnaNA,3.778833,4.709087,7.235588000000001,0,2591700,21.674012,Interactive,1,1.75
619800,aDTQIqgen6guUNck6NattbZgRhAHpdxMtPDNUZB6TZwT4vlfgJib6VFVprlDnaNA,3.738194,4.701338,6.024153,0,2591700,21.674012,Interactive,1,1.75
620100,aDTQIqgen6guUNck6NattbZgRhAHpdxMtPDNUZB6TZwT4vlfgJib6VFVprlDnaNA,3.762229,4.599544,6.088463,0,2591700,21.674012,Interactive,1,1.75
620400,aDTQIqgen6guUNck6NattbZgRhAHpdxMtPDNUZB6TZwT4vlfgJib6VFVprlDnaNA,2.751174,4.413578,6.450429,0,2591700,21.674012,Interactive,1,1.75
620700,aDTQIqgen6guUNck6NattbZgRhAHpdxMtPDNUZB6TZwT4vlfgJib6VFVprlDnaNA,4.117001999999999,7.624755,31.657859,0,2591700,21.674012,Interactive,1,1.75
621000,aDTQIqgen6guUNck6NattbZgRhAHpdxMtPDNUZB6TZwT4vlfgJib6VFVprlDnaNA,3.907644,4.6285300000000005,5.768568,0,2591700,21.674012,Interactive,1,1.75
621300,aDTQIqgen6guUNck6NattbZgRhAHpdxMtPDNUZB6TZwT4vlfgJib6VFVprlDnaNA,3.732134,4.589757,6.688884,0,2591700,21.674012,Interactive,1,1.75
621600,aDTQIqgen6guUNck6NattbZgRhAHpdxMtPDNUZB6TZwT4vlfgJib6VFVprlDnaNA,3.373235,4.488022,5.67626,0,2591700,21.674012,Interactive,1,1.75
621900,aDTQIqgen6guUNck6NattbZgRhAHpdxMtPDNUZB6TZwT4vlfgJib6VFVprlDnaNA,2.523342,4.173357,5.382158,0,2591700,21.674012,Interactive,1,1.75
622200,aDTQIqgen6guUNck6NattbZgRhAHpdxMtPDNUZB6TZwT4vlfgJib6VFVprlDnaNA,3.638132,4.602906,6.619328,0,2591700,21.674012,Interactive,1,1.75
622500,aDTQIqgen6guUNck6NattbZgRhAHpdxMtPDNUZB6TZwT4vlfgJib6VFVprlDnaNA,3.138447,4.607451,6.175937,0,2591700,21.674012,Interactive,1,1.75
622800,aDTQIqgen6guUNck6NattbZgRhAHpdxMtPDNUZB6TZwT4vlfgJib6VFVprlDnaNA,3.720725,4.505131,5.632059,0,2591700,21.674012,Interactive,1,1.75
623100,aDTQIqgen6guUNck6NattbZgRhAHpdxMtPDNUZB6TZwT4vlfgJib6VFVprlDnaNA,3.263983,4.5478760000000005,6.590957,0,2591700,21.674012,Interactive,1,1.75
623400,aDTQIqgen6guUNck6NattbZgRhAHpdxMtPDNUZB6TZwT4vlfgJib6VFVprlDnaNA,3.954397,4.731399,5.982503,0,2591700,21.674012,Interactive,1,1.75
623700,aDTQIqgen6guUNck6NattbZgRhAHpdxMtPDNUZB6TZwT4vlfgJib6VFVprlDnaNA,3.885832,4.590889,5.415587,0,2591700,21.674012,Interactive,1,1.75
624000,aDTQIqgen6guUNck6NattbZgRhAHpdxMtPDNUZB6TZwT4vlfgJib6VFVprlDnaNA,3.5034120000000004,4.649332,7.100203,0,2591700,21.674012,Interactive,1,1.75
624300,aDTQIqgen6guUNck6NattbZgRhAHpdxMtPDNUZB6TZwT4vlfgJib6VFVprlDnaNA,3.004512,7.466063,32.407224,0,2591700,21.674012,Interactive,1,1.75
624600,aDTQIqgen6guUNck6NattbZgRhAHpdxMtPDNUZB6TZwT4vlfgJib6VFVprlDnaNA,2.816642,4.459986,5.867693,0,2591700,21.674012,Interactive,1,1.75
624900,aDTQIqgen6guUNck6NattbZgRhAHpdxMtPDNUZB6TZwT4vlfgJib6VFVprlDnaNA,3.857212,4.628176,6.627812,0,2591700,21.674012,Interactive,1,1.75
625200,aDTQIqgen6guUNck6NattbZgRhAHpdxMtPDNUZB6TZwT4vlfgJib6VFVprlDnaNA,2.705201,4.548388,5.836538,0,2591700,21.674012,Interactive,1,1.75
625500,aDTQIqgen6guUNck6NattbZgRhAHpdxMtPDNUZB6TZwT4vlfgJib6VFVprlDnaNA,3.738832,4.555461,5.566180999999999,0,2591700,21.674012,Interactive,1,1.75
625800,aDTQIqgen6guUNck6NattbZgRhAHpdxMtPDNUZB6TZwT4vlfgJib6VFVprlDnaNA,2.512632,4.255707,6.209455,0,2591700,21.674012,Interactive,1,1.75
626100,aDTQIqgen6guUNck6NattbZgRhAHpdxMtPDNUZB6TZwT4vlfgJib6VFVprlDnaNA,3.920885,4.68564,5.697944000000001,0,2591700,21.674012,Interactive,1,1.75
626400,aDTQIqgen6guUNck6NattbZgRhAHpdxMtPDNUZB6TZwT4vlfgJib6VFVprlDnaNA,4.050977,4.629791,5.238745,0,2591700,21.674012,Interactive,1,1.75
626700,aDTQIqgen6guUNck6NattbZgRhAHpdxMtPDNUZB6TZwT4vlfgJib6VFVprlDnaNA,3.765912,7.320575,27.699533,0,2591700,21.674012,Interactive,1,1.75
627000,aDTQIqgen6guUNck6NattbZgRhAHpdxMtPDNUZB6TZwT4vlfgJib6VFVprlDnaNA,3.934832,5.084501,9.737995,0,2591700,21.674012,Interactive,1,1.75
627300,aDTQIqgen6guUNck6NattbZgRhAHpdxMtPDNUZB6TZwT4vlfgJib6VFVprlDnaNA,4.021779,9.786039,27.51189,0,2591700,21.674012,Interactive,1,1.75
627600,aDTQIqgen6guUNck6NattbZgRhAHpdxMtPDNUZB6TZwT4vlfgJib6VFVprlDnaNA,3.819239,8.939264999999999,28.802638,0,2591700,21.674012,Interactive,1,1.75
627900,aDTQIqgen6guUNck6NattbZgRhAHpdxMtPDNUZB6TZwT4vlfgJib6VFVprlDnaNA,3.102116,7.413003999999999,30.565804,0,2591700,21.674012,Interactive,1,1.75
628200,aDTQIqgen6guUNck6NattbZgRhAHpdxMtPDNUZB6TZwT4vlfgJib6VFVprlDnaNA,3.849983,4.891698,6.157009,0,2591700,21.674012,Interactive,1,1.75
628500,aDTQIqgen6guUNck6NattbZgRhAHpdxMtPDNUZB6TZwT4vlfgJib6VFVprlDnaNA,2.699123,4.506054,6.017513,0,2591700,21.674012,Interactive,1,1.75
628800,aDTQIqgen6guUNck6NattbZgRhAHpdxMtPDNUZB6TZwT4vlfgJib6VFVprlDnaNA,3.990907,4.60392,6.055871,0,2591700,21.674012,Interactive,1,1.75
629100,aDTQIqgen6guUNck6NattbZgRhAHpdxMtPDNUZB6TZwT4vlfgJib6VFVprlDnaNA,3.952328,4.729175,6.179644000000001,0,2591700,21.674012,Interactive,1,1.75
629400,aDTQIqgen6guUNck6NattbZgRhAHpdxMtPDNUZB6TZwT4vlfgJib6VFVprlDnaNA,3.922862,4.575928,6.256375,0,2591700,21.674012,Interactive,1,1.75
629700,aDTQIqgen6guUNck6NattbZgRhAHpdxMtPDNUZB6TZwT4vlfgJib6VFVprlDnaNA,3.596467,4.202569,5.62172,0,2591700,21.674012,Interactive,1,1.75
630000,aDTQIqgen6guUNck6NattbZgRhAHpdxMtPDNUZB6TZwT4vlfgJib6VFVprlDnaNA,3.90426,4.7177370000000005,5.956442,0,2591700,21.674012,Interactive,1,1.75
630300,aDTQIqgen6guUNck6NattbZgRhAHpdxMtPDNUZB6TZwT4vlfgJib6VFVprlDnaNA,4.000411,4.625089,6.12465,0,2591700,21.674012,Interactive,1,1.75
630600,aDTQIqgen6guUNck6NattbZgRhAHpdxMtPDNUZB6TZwT4vlfgJib6VFVprlDnaNA,4.005107,4.583869,5.729475,0,2591700,21.674012,Interactive,1,1.75
630900,aDTQIqgen6guUNck6NattbZgRhAHpdxMtPDNUZB6TZwT4vlfgJib6VFVprlDnaNA,3.781124,4.724116,5.9842010000000005,0,2591700,21.674012,Interactive,1,1.75
631200,aDTQIqgen6guUNck6NattbZgRhAHpdxMtPDNUZB6TZwT4vlfgJib6VFVprlDnaNA,3.282595,4.472932,5.748255,0,2591700,21.674012,Interactive,1,1.75
631500,aDTQIqgen6guUNck6NattbZgRhAHpdxMtPDNUZB6TZwT4vlfgJib6VFVprlDnaNA,3.895558,7.543416000000001,34.211255,0,2591700,21.674012,Interactive,1,1.75
631800,aDTQIqgen6guUNck6NattbZgRhAHpdxMtPDNUZB6TZwT4vlfgJib6VFVprlDnaNA,3.092405,4.729146,6.238011,0,2591700,21.674012,Interactive,1,1.75
632100,aDTQIqgen6guUNck6NattbZgRhAHpdxMtPDNUZB6TZwT4vlfgJib6VFVprlDnaNA,3.525014,4.477213,6.032758,0,2591700,21.674012,Interactive,1,1.75
632400,aDTQIqgen6guUNck6NattbZgRhAHpdxMtPDNUZB6TZwT4vlfgJib6VFVprlDnaNA,3.647097,4.369137,5.499314,0,2591700,21.674012,Interactive,1,1.75
632700,aDTQIqgen6guUNck6NattbZgRhAHpdxMtPDNUZB6TZwT4vlfgJib6VFVprlDnaNA,3.042752,4.481148,6.092489,0,2591700,21.674012,Interactive,1,1.75
633000,aDTQIqgen6guUNck6NattbZgRhAHpdxMtPDNUZB6TZwT4vlfgJib6VFVprlDnaNA,3.768641,4.599625,6.413169,0,2591700,21.674012,Interactive,1,1.75
633300,aDTQIqgen6guUNck6NattbZgRhAHpdxMtPDNUZB6TZwT4vlfgJib6VFVprlDnaNA,3.584918,4.443318,5.569334,0,2591700,21.674012,Interactive,1,1.75
633600,aDTQIqgen6guUNck6NattbZgRhAHpdxMtPDNUZB6TZwT4vlfgJib6VFVprlDnaNA,3.4103,4.530678,6.135483,0,2591700,21.674012,Interactive,1,1.75
633900,aDTQIqgen6guUNck6NattbZgRhAHpdxMtPDNUZB6TZwT4vlfgJib6VFVprlDnaNA,3.330747,4.509478,6.072092,0,2591700,21.674012,Interactive,1,1.75
634200,aDTQIqgen6guUNck6NattbZgRhAHpdxMtPDNUZB6TZwT4vlfgJib6VFVprlDnaNA,3.840567,4.592623000000001,5.825794,0,2591700,21.674012,Interactive,1,1.75
634500,aDTQIqgen6guUNck6NattbZgRhAHpdxMtPDNUZB6TZwT4vlfgJib6VFVprlDnaNA,3.914401,4.787517,5.902858,0,2591700,21.674012,Interactive,1,1.75
634800,aDTQIqgen6guUNck6NattbZgRhAHpdxMtPDNUZB6TZwT4vlfgJib6VFVprlDnaNA,3.504869,4.487728,6.3819360000000005,0,2591700,21.674012,Interactive,1,1.75
635100,aDTQIqgen6guUNck6NattbZgRhAHpdxMtPDNUZB6TZwT4vlfgJib6VFVprlDnaNA,4.015527,14.063164000000002,95.837482,0,2591700,21.674012,Interactive,1,1.75
635400,aDTQIqgen6guUNck6NattbZgRhAHpdxMtPDNUZB6TZwT4vlfgJib6VFVprlDnaNA,4.107296,4.95156,6.438594999999999,0,2591700,21.674012,Interactive,1,1.75
635700,aDTQIqgen6guUNck6NattbZgRhAHpdxMtPDNUZB6TZwT4vlfgJib6VFVprlDnaNA,3.89874,4.587123,5.696284,0,2591700,21.674012,Interactive,1,1.75
636000,aDTQIqgen6guUNck6NattbZgRhAHpdxMtPDNUZB6TZwT4vlfgJib6VFVprlDnaNA,3.864872,4.814748000000001,5.615343,0,2591700,21.674012,Interactive,1,1.75
636300,aDTQIqgen6guUNck6NattbZgRhAHpdxMtPDNUZB6TZwT4vlfgJib6VFVprlDnaNA,3.994827,4.703429,6.033049,0,2591700,21.674012,Interactive,1,1.75
636600,aDTQIqgen6guUNck6NattbZgRhAHpdxMtPDNUZB6TZwT4vlfgJib6VFVprlDnaNA,3.91985,4.734287,5.795929,0,2591700,21.674012,Interactive,1,1.75
636900,aDTQIqgen6guUNck6NattbZgRhAHpdxMtPDNUZB6TZwT4vlfgJib6VFVprlDnaNA,4.114102,4.614639,5.248486,0,2591700,21.674012,Interactive,1,1.75
637200,aDTQIqgen6guUNck6NattbZgRhAHpdxMtPDNUZB6TZwT4vlfgJib6VFVprlDnaNA,3.72042,4.702637,5.875595,0,2591700,21.674012,Interactive,1,1.75
637500,aDTQIqgen6guUNck6NattbZgRhAHpdxMtPDNUZB6TZwT4vlfgJib6VFVprlDnaNA,3.656597,4.491137,5.924298,0,2591700,21.674012,Interactive,1,1.75
637800,aDTQIqgen6guUNck6NattbZgRhAHpdxMtPDNUZB6TZwT4vlfgJib6VFVprlDnaNA,3.889056,5.378455000000001,13.431451,0,2591700,21.674012,Interactive,1,1.75
638100,aDTQIqgen6guUNck6NattbZgRhAHpdxMtPDNUZB6TZwT4vlfgJib6VFVprlDnaNA,3.830006,4.659399,5.785485,0,2591700,21.674012,Interactive,1,1.75
638400,aDTQIqgen6guUNck6NattbZgRhAHpdxMtPDNUZB6TZwT4vlfgJib6VFVprlDnaNA,3.935459,4.664878,5.927859,0,2591700,21.674012,Interactive,1,1.75
638700,aDTQIqgen6guUNck6NattbZgRhAHpdxMtPDNUZB6TZwT4vlfgJib6VFVprlDnaNA,3.719902,7.361188999999999,32.413528,0,2591700,21.674012,Interactive,1,1.75
639000,aDTQIqgen6guUNck6NattbZgRhAHpdxMtPDNUZB6TZwT4vlfgJib6VFVprlDnaNA,3.976399,5.046606,7.590021000000001,0,2591700,21.674012,Interactive,1,1.75
639300,aDTQIqgen6guUNck6NattbZgRhAHpdxMtPDNUZB6TZwT4vlfgJib6VFVprlDnaNA,3.797322,4.636746,5.904632,0,2591700,21.674012,Interactive,1,1.75
639600,aDTQIqgen6guUNck6NattbZgRhAHpdxMtPDNUZB6TZwT4vlfgJib6VFVprlDnaNA,4.025102,4.642576,6.2275540000000005,0,2591700,21.674012,Interactive,1,1.75
639900,aDTQIqgen6guUNck6NattbZgRhAHpdxMtPDNUZB6TZwT4vlfgJib6VFVprlDnaNA,3.822529,4.677406,6.659182,0,2591700,21.674012,Interactive,1,1.75
640200,aDTQIqgen6guUNck6NattbZgRhAHpdxMtPDNUZB6TZwT4vlfgJib6VFVprlDnaNA,3.819894,4.660283,6.139796,0,2591700,21.674012,Interactive,1,1.75
640500,aDTQIqgen6guUNck6NattbZgRhAHpdxMtPDNUZB6TZwT4vlfgJib6VFVprlDnaNA,3.809583,4.499967,5.447747,0,2591700,21.674012,Interactive,1,1.75
640800,aDTQIqgen6guUNck6NattbZgRhAHpdxMtPDNUZB6TZwT4vlfgJib6VFVprlDnaNA,3.810534,4.632977,6.774322,0,2591700,21.674012,Interactive,1,1.75
641100,aDTQIqgen6guUNck6NattbZgRhAHpdxMtPDNUZB6TZwT4vlfgJib6VFVprlDnaNA,3.742476,4.681587,6.400471,0,2591700,21.674012,Interactive,1,1.75
641400,aDTQIqgen6guUNck6NattbZgRhAHpdxMtPDNUZB6TZwT4vlfgJib6VFVprlDnaNA,3.728998,4.749657,7.330491,0,2591700,21.674012,Interactive,1,1.75
641700,aDTQIqgen6guUNck6NattbZgRhAHpdxMtPDNUZB6TZwT4vlfgJib6VFVprlDnaNA,3.875187,4.815051,6.459318,0,2591700,21.674012,Interactive,1,1.75
642000,aDTQIqgen6guUNck6NattbZgRhAHpdxMtPDNUZB6TZwT4vlfgJib6VFVprlDnaNA,3.857867,4.612430000000001,6.12502,0,2591700,21.674012,Interactive,1,1.75
642300,aDTQIqgen6guUNck6NattbZgRhAHpdxMtPDNUZB6TZwT4vlfgJib6VFVprlDnaNA,4.096731,7.458315,32.445722,0,2591700,21.674012,Interactive,1,1.75
642600,aDTQIqgen6guUNck6NattbZgRhAHpdxMtPDNUZB6TZwT4vlfgJib6VFVprlDnaNA,3.845436,5.066132,7.301642999999999,0,2591700,21.674012,Interactive,1,1.75
642900,aDTQIqgen6guUNck6NattbZgRhAHpdxMtPDNUZB6TZwT4vlfgJib6VFVprlDnaNA,4.03345,4.715567,5.950977,0,2591700,21.674012,Interactive,1,1.75
643200,aDTQIqgen6guUNck6NattbZgRhAHpdxMtPDNUZB6TZwT4vlfgJib6VFVprlDnaNA,3.842712,4.95228,8.985942,0,2591700,21.674012,Interactive,1,1.75
643500,aDTQIqgen6guUNck6NattbZgRhAHpdxMtPDNUZB6TZwT4vlfgJib6VFVprlDnaNA,3.659744,4.5778360000000005,6.575193,0,2591700,21.674012,Interactive,1,1.75
643800,aDTQIqgen6guUNck6NattbZgRhAHpdxMtPDNUZB6TZwT4vlfgJib6VFVprlDnaNA,3.853761,4.526355000000001,5.744583,0,2591700,21.674012,Interactive,1,1.75
644100,aDTQIqgen6guUNck6NattbZgRhAHpdxMtPDNUZB6TZwT4vlfgJib6VFVprlDnaNA,3.589221,4.594121,5.938606,0,2591700,21.674012,Interactive,1,1.75
644400,aDTQIqgen6guUNck6NattbZgRhAHpdxMtPDNUZB6TZwT4vlfgJib6VFVprlDnaNA,3.76269,4.708138,6.450385,0,2591700,21.674012,Interactive,1,1.75
644700,aDTQIqgen6guUNck6NattbZgRhAHpdxMtPDNUZB6TZwT4vlfgJib6VFVprlDnaNA,3.735518,4.675484,5.8563730000000005,0,2591700,21.674012,Interactive,1,1.75
645000,aDTQIqgen6guUNck6NattbZgRhAHpdxMtPDNUZB6TZwT4vlfgJib6VFVprlDnaNA,3.944112,4.60119,5.835265,0,2591700,21.674012,Interactive,1,1.75
645300,aDTQIqgen6guUNck6NattbZgRhAHpdxMtPDNUZB6TZwT4vlfgJib6VFVprlDnaNA,3.921742,4.786926,6.482776,0,2591700,21.674012,Interactive,1,1.75
645600,aDTQIqgen6guUNck6NattbZgRhAHpdxMtPDNUZB6TZwT4vlfgJib6VFVprlDnaNA,3.876981,4.44751,5.509508,0,2591700,21.674012,Interactive,1,1.75
645900,aDTQIqgen6guUNck6NattbZgRhAHpdxMtPDNUZB6TZwT4vlfgJib6VFVprlDnaNA,3.4292230000000004,7.460332000000001,18.90752,0,2591700,21.674012,Interactive,1,1.75
646200,aDTQIqgen6guUNck6NattbZgRhAHpdxMtPDNUZB6TZwT4vlfgJib6VFVprlDnaNA,3.987156,5.082932,6.991094,0,2591700,21.674012,Interactive,1,1.75
646500,aDTQIqgen6guUNck6NattbZgRhAHpdxMtPDNUZB6TZwT4vlfgJib6VFVprlDnaNA,2.9027130000000003,4.361089,5.912229,0,2591700,21.674012,Interactive,1,1.75
646800,aDTQIqgen6guUNck6NattbZgRhAHpdxMtPDNUZB6TZwT4vlfgJib6VFVprlDnaNA,3.877451,5.994404,19.484454,0,2591700,21.674012,Interactive,1,1.75
647100,aDTQIqgen6guUNck6NattbZgRhAHpdxMtPDNUZB6TZwT4vlfgJib6VFVprlDnaNA,3.766313,4.624295,6.123784,0,2591700,21.674012,Interactive,1,1.75
647400,aDTQIqgen6guUNck6NattbZgRhAHpdxMtPDNUZB6TZwT4vlfgJib6VFVprlDnaNA,4.423426999999999,4.931893,6.076596,0,2591700,21.674012,Interactive,1,1.75
647700,aDTQIqgen6guUNck6NattbZgRhAHpdxMtPDNUZB6TZwT4vlfgJib6VFVprlDnaNA,4.461686,4.936439,5.904368,0,2591700,21.674012,Interactive,1,1.75
648000,aDTQIqgen6guUNck6NattbZgRhAHpdxMtPDNUZB6TZwT4vlfgJib6VFVprlDnaNA,4.170405000000001,5.049995,6.722219,0,2591700,21.674012,Interactive,1,1.75
648300,aDTQIqgen6guUNck6NattbZgRhAHpdxMtPDNUZB6TZwT4vlfgJib6VFVprlDnaNA,4.060877,4.904486,5.803266000000001,0,2591700,21.674012,Interactive,1,1.75
648600,aDTQIqgen6guUNck6NattbZgRhAHpdxMtPDNUZB6TZwT4vlfgJib6VFVprlDnaNA,4.337714,5.083386,7.082421000000001,0,2591700,21.674012,Interactive,1,1.75
648900,aDTQIqgen6guUNck6NattbZgRhAHpdxMtPDNUZB6TZwT4vlfgJib6VFVprlDnaNA,4.446227,5.097532,6.796844,0,2591700,21.674012,Interactive,1,1.75
649200,aDTQIqgen6guUNck6NattbZgRhAHpdxMtPDNUZB6TZwT4vlfgJib6VFVprlDnaNA,4.280164,4.740858,5.475280000000001,0,2591700,21.674012,Interactive,1,1.75
649500,aDTQIqgen6guUNck6NattbZgRhAHpdxMtPDNUZB6TZwT4vlfgJib6VFVprlDnaNA,4.576656,8.520789,33.116195000000005,0,2591700,21.674012,Interactive,1,1.75
649800,aDTQIqgen6guUNck6NattbZgRhAHpdxMtPDNUZB6TZwT4vlfgJib6VFVprlDnaNA,4.369105,5.216958,7.138648,0,2591700,21.674012,Interactive,1,1.75
650100,aDTQIqgen6guUNck6NattbZgRhAHpdxMtPDNUZB6TZwT4vlfgJib6VFVprlDnaNA,3.692776,4.664803,5.7165230000000005,0,2591700,21.674012,Interactive,1,1.75
650400,aDTQIqgen6guUNck6NattbZgRhAHpdxMtPDNUZB6TZwT4vlfgJib6VFVprlDnaNA,4.183182,4.993307,6.667210000000001,0,2591700,21.674012,Interactive,1,1.75
650700,aDTQIqgen6guUNck6NattbZgRhAHpdxMtPDNUZB6TZwT4vlfgJib6VFVprlDnaNA,2.919168,4.897219000000001,6.434762999999999,0,2591700,21.674012,Interactive,1,1.75
651000,aDTQIqgen6guUNck6NattbZgRhAHpdxMtPDNUZB6TZwT4vlfgJib6VFVprlDnaNA,3.806121,4.659515,5.8353470000000005,0,2591700,21.674012,Interactive,1,1.75
651300,aDTQIqgen6guUNck6NattbZgRhAHpdxMtPDNUZB6TZwT4vlfgJib6VFVprlDnaNA,2.521951,4.439236,6.760023,0,2591700,21.674012,Interactive,1,1.75
651600,aDTQIqgen6guUNck6NattbZgRhAHpdxMtPDNUZB6TZwT4vlfgJib6VFVprlDnaNA,3.882244,4.702437000000001,6.348234,0,2591700,21.674012,Interactive,1,1.75
651900,aDTQIqgen6guUNck6NattbZgRhAHpdxMtPDNUZB6TZwT4vlfgJib6VFVprlDnaNA,3.626312,4.331228,5.845612,0,2591700,21.674012,Interactive,1,1.75
652200,aDTQIqgen6guUNck6NattbZgRhAHpdxMtPDNUZB6TZwT4vlfgJib6VFVprlDnaNA,3.249893,4.639728,6.918767999999999,0,2591700,21.674012,Interactive,1,1.75
652500,aDTQIqgen6guUNck6NattbZgRhAHpdxMtPDNUZB6TZwT4vlfgJib6VFVprlDnaNA,3.886694,4.683590000000001,6.023426000000001,0,2591700,21.674012,Interactive,1,1.75
652800,aDTQIqgen6guUNck6NattbZgRhAHpdxMtPDNUZB6TZwT4vlfgJib6VFVprlDnaNA,3.717098000000001,4.494114,5.761394999999999,0,2591700,21.674012,Interactive,1,1.75
653100,aDTQIqgen6guUNck6NattbZgRhAHpdxMtPDNUZB6TZwT4vlfgJib6VFVprlDnaNA,3.955256,7.623726,32.741749,0,2591700,21.674012,Interactive,1,1.75
653400,aDTQIqgen6guUNck6NattbZgRhAHpdxMtPDNUZB6TZwT4vlfgJib6VFVprlDnaNA,4.398239,5.270111,6.781542,0,2591700,21.674012,Interactive,1,1.75
653700,aDTQIqgen6guUNck6NattbZgRhAHpdxMtPDNUZB6TZwT4vlfgJib6VFVprlDnaNA,3.831844,4.603855,5.706904,0,2591700,21.674012,Interactive,1,1.75
654000,aDTQIqgen6guUNck6NattbZgRhAHpdxMtPDNUZB6TZwT4vlfgJib6VFVprlDnaNA,3.749723,4.649237,6.803527000000001,0,2591700,21.674012,Interactive,1,1.75
654300,aDTQIqgen6guUNck6NattbZgRhAHpdxMtPDNUZB6TZwT4vlfgJib6VFVprlDnaNA,3.864813,4.664398,5.9901860000000005,0,2591700,21.674012,Interactive,1,1.75
654600,aDTQIqgen6guUNck6NattbZgRhAHpdxMtPDNUZB6TZwT4vlfgJib6VFVprlDnaNA,3.1459650000000003,4.298029,5.502717,0,2591700,21.674012,Interactive,1,1.75
654900,aDTQIqgen6guUNck6NattbZgRhAHpdxMtPDNUZB6TZwT4vlfgJib6VFVprlDnaNA,3.995445,4.780416000000001,6.652637,0,2591700,21.674012,Interactive,1,1.75
655200,aDTQIqgen6guUNck6NattbZgRhAHpdxMtPDNUZB6TZwT4vlfgJib6VFVprlDnaNA,3.937064,4.678417,5.8622440000000005,0,2591700,21.674012,Interactive,1,1.75
655500,aDTQIqgen6guUNck6NattbZgRhAHpdxMtPDNUZB6TZwT4vlfgJib6VFVprlDnaNA,3.732958,4.489358999999999,5.522385,0,2591700,21.674012,Interactive,1,1.75
655800,aDTQIqgen6guUNck6NattbZgRhAHpdxMtPDNUZB6TZwT4vlfgJib6VFVprlDnaNA,4.005624,4.830844,6.797917,0,2591700,21.674012,Interactive,1,1.75
656100,aDTQIqgen6guUNck6NattbZgRhAHpdxMtPDNUZB6TZwT4vlfgJib6VFVprlDnaNA,2.927512,11.099343,31.641494,0,2591700,21.674012,Interactive,1,1.75
656400,aDTQIqgen6guUNck6NattbZgRhAHpdxMtPDNUZB6TZwT4vlfgJib6VFVprlDnaNA,3.873112,8.156711999999999,23.501138,0,2591700,21.674012,Interactive,1,1.75
656700,aDTQIqgen6guUNck6NattbZgRhAHpdxMtPDNUZB6TZwT4vlfgJib6VFVprlDnaNA,3.2280290000000003,7.668947999999999,31.003523,0,2591700,21.674012,Interactive,1,1.75
657000,aDTQIqgen6guUNck6NattbZgRhAHpdxMtPDNUZB6TZwT4vlfgJib6VFVprlDnaNA,4.01242,5.173128,7.0300020000000005,0,2591700,21.674012,Interactive,1,1.75
657300,aDTQIqgen6guUNck6NattbZgRhAHpdxMtPDNUZB6TZwT4vlfgJib6VFVprlDnaNA,3.758146,4.64933,7.086764,0,2591700,21.674012,Interactive,1,1.75
657600,aDTQIqgen6guUNck6NattbZgRhAHpdxMtPDNUZB6TZwT4vlfgJib6VFVprlDnaNA,3.350597,4.579715,6.394567,0,2591700,21.674012,Interactive,1,1.75
657900,aDTQIqgen6guUNck6NattbZgRhAHpdxMtPDNUZB6TZwT4vlfgJib6VFVprlDnaNA,4.059740000000001,4.761113,6.095992,0,2591700,21.674012,Interactive,1,1.75
658200,aDTQIqgen6guUNck6NattbZgRhAHpdxMtPDNUZB6TZwT4vlfgJib6VFVprlDnaNA,2.875157,4.315733,5.437384,0,2591700,21.674012,Interactive,1,1.75
658500,aDTQIqgen6guUNck6NattbZgRhAHpdxMtPDNUZB6TZwT4vlfgJib6VFVprlDnaNA,3.920286,4.6410540000000005,6.303994,0,2591700,21.674012,Interactive,1,1.75
658800,aDTQIqgen6guUNck6NattbZgRhAHpdxMtPDNUZB6TZwT4vlfgJib6VFVprlDnaNA,3.842452,4.581094,6.240626,0,2591700,21.674012,Interactive,1,1.75
659100,aDTQIqgen6guUNck6NattbZgRhAHpdxMtPDNUZB6TZwT4vlfgJib6VFVprlDnaNA,3.772002,4.388427,5.120375,0,2591700,21.674012,Interactive,1,1.75
659400,aDTQIqgen6guUNck6NattbZgRhAHpdxMtPDNUZB6TZwT4vlfgJib6VFVprlDnaNA,2.814141,4.377977,6.429489,0,2591700,21.674012,Interactive,1,1.75
659700,aDTQIqgen6guUNck6NattbZgRhAHpdxMtPDNUZB6TZwT4vlfgJib6VFVprlDnaNA,3.85041,4.652492,6.205998999999999,0,2591700,21.674012,Interactive,1,1.75
660000,aDTQIqgen6guUNck6NattbZgRhAHpdxMtPDNUZB6TZwT4vlfgJib6VFVprlDnaNA,3.807442,4.37778,5.303889,0,2591700,21.674012,Interactive,1,1.75
660300,aDTQIqgen6guUNck6NattbZgRhAHpdxMtPDNUZB6TZwT4vlfgJib6VFVprlDnaNA,3.67089,7.510901,31.496495,0,2591700,21.674012,Interactive,1,1.75
660600,aDTQIqgen6guUNck6NattbZgRhAHpdxMtPDNUZB6TZwT4vlfgJib6VFVprlDnaNA,3.5599510000000003,4.799861,6.418226,0,2591700,21.674012,Interactive,1,1.75
660900,aDTQIqgen6guUNck6NattbZgRhAHpdxMtPDNUZB6TZwT4vlfgJib6VFVprlDnaNA,3.59113,4.622601,5.620434,0,2591700,21.674012,Interactive,1,1.75
661200,aDTQIqgen6guUNck6NattbZgRhAHpdxMtPDNUZB6TZwT4vlfgJib6VFVprlDnaNA,3.901456,4.772092,6.405488,0,2591700,21.674012,Interactive,1,1.75
661500,aDTQIqgen6guUNck6NattbZgRhAHpdxMtPDNUZB6TZwT4vlfgJib6VFVprlDnaNA,2.886304,4.460264,6.269387999999999,0,2591700,21.674012,Interactive,1,1.75
661800,aDTQIqgen6guUNck6NattbZgRhAHpdxMtPDNUZB6TZwT4vlfgJib6VFVprlDnaNA,3.962919,4.461913,5.259780999999999,0,2591700,21.674012,Interactive,1,1.75
662100,aDTQIqgen6guUNck6NattbZgRhAHpdxMtPDNUZB6TZwT4vlfgJib6VFVprlDnaNA,3.712437,4.616431,6.035269,0,2591700,21.674012,Interactive,1,1.75
662400,aDTQIqgen6guUNck6NattbZgRhAHpdxMtPDNUZB6TZwT4vlfgJib6VFVprlDnaNA,3.900557,4.709596,5.817542,0,2591700,21.674012,Interactive,1,1.75
662700,aDTQIqgen6guUNck6NattbZgRhAHpdxMtPDNUZB6TZwT4vlfgJib6VFVprlDnaNA,3.642683,4.290841,5.363504,0,2591700,21.674012,Interactive,1,1.75
663000,aDTQIqgen6guUNck6NattbZgRhAHpdxMtPDNUZB6TZwT4vlfgJib6VFVprlDnaNA,3.4713480000000003,4.648397,6.697313,0,2591700,21.674012,Interactive,1,1.75
663300,aDTQIqgen6guUNck6NattbZgRhAHpdxMtPDNUZB6TZwT4vlfgJib6VFVprlDnaNA,3.901737,4.731577,6.168142,0,2591700,21.674012,Interactive,1,1.75
663600,aDTQIqgen6guUNck6NattbZgRhAHpdxMtPDNUZB6TZwT4vlfgJib6VFVprlDnaNA,3.833236,4.495472,5.361279,0,2591700,21.674012,Interactive,1,1.75
663900,aDTQIqgen6guUNck6NattbZgRhAHpdxMtPDNUZB6TZwT4vlfgJib6VFVprlDnaNA,3.88694,7.545097999999999,24.109567,0,2591700,21.674012,Interactive,1,1.75
664200,aDTQIqgen6guUNck6NattbZgRhAHpdxMtPDNUZB6TZwT4vlfgJib6VFVprlDnaNA,4.118738,5.0831290000000005,6.182982,0,2591700,21.674012,Interactive,1,1.75
664500,aDTQIqgen6guUNck6NattbZgRhAHpdxMtPDNUZB6TZwT4vlfgJib6VFVprlDnaNA,3.62264,4.401237,5.795833999999999,0,2591700,21.674012,Interactive,1,1.75
664800,aDTQIqgen6guUNck6NattbZgRhAHpdxMtPDNUZB6TZwT4vlfgJib6VFVprlDnaNA,3.87648,4.949954,6.8379,0,2591700,21.674012,Interactive,1,1.75
665100,aDTQIqgen6guUNck6NattbZgRhAHpdxMtPDNUZB6TZwT4vlfgJib6VFVprlDnaNA,3.816545,4.612208,5.667552,0,2591700,21.674012,Interactive,1,1.75
665400,aDTQIqgen6guUNck6NattbZgRhAHpdxMtPDNUZB6TZwT4vlfgJib6VFVprlDnaNA,3.516429,4.50999,5.933839,0,2591700,21.674012,Interactive,1,1.75
665700,aDTQIqgen6guUNck6NattbZgRhAHpdxMtPDNUZB6TZwT4vlfgJib6VFVprlDnaNA,3.877273,4.852908,6.54475,0,2591700,21.674012,Interactive,1,1.75
666000,aDTQIqgen6guUNck6NattbZgRhAHpdxMtPDNUZB6TZwT4vlfgJib6VFVprlDnaNA,3.961693,4.631958,5.467532,0,2591700,21.674012,Interactive,1,1.75
666300,aDTQIqgen6guUNck6NattbZgRhAHpdxMtPDNUZB6TZwT4vlfgJib6VFVprlDnaNA,3.548035,4.833294,6.469889,0,2591700,21.674012,Interactive,1,1.75
666600,aDTQIqgen6guUNck6NattbZgRhAHpdxMtPDNUZB6TZwT4vlfgJib6VFVprlDnaNA,3.971607,4.781179,6.399456,0,2591700,21.674012,Interactive,1,1.75
666900,aDTQIqgen6guUNck6NattbZgRhAHpdxMtPDNUZB6TZwT4vlfgJib6VFVprlDnaNA,3.958114,4.755508,6.917027,0,2591700,21.674012,Interactive,1,1.75
667200,aDTQIqgen6guUNck6NattbZgRhAHpdxMtPDNUZB6TZwT4vlfgJib6VFVprlDnaNA,4.061626,4.700851,5.75884,0,2591700,21.674012,Interactive,1,1.75
667500,aDTQIqgen6guUNck6NattbZgRhAHpdxMtPDNUZB6TZwT4vlfgJib6VFVprlDnaNA,3.909258,7.586628,31.859375,0,2591700,21.674012,Interactive,1,1.75
667800,aDTQIqgen6guUNck6NattbZgRhAHpdxMtPDNUZB6TZwT4vlfgJib6VFVprlDnaNA,4.236371,4.94705,5.990563,0,2591700,21.674012,Interactive,1,1.75
668100,aDTQIqgen6guUNck6NattbZgRhAHpdxMtPDNUZB6TZwT4vlfgJib6VFVprlDnaNA,3.620446,4.680084,7.457722,0,2591700,21.674012,Interactive,1,1.75
668400,aDTQIqgen6guUNck6NattbZgRhAHpdxMtPDNUZB6TZwT4vlfgJib6VFVprlDnaNA,3.753658,4.992505,8.534635,0,2591700,21.674012,Interactive,1,1.75
668700,aDTQIqgen6guUNck6NattbZgRhAHpdxMtPDNUZB6TZwT4vlfgJib6VFVprlDnaNA,3.710133,4.442925,5.541087999999999,0,2591700,21.674012,Interactive,1,1.75
669000,aDTQIqgen6guUNck6NattbZgRhAHpdxMtPDNUZB6TZwT4vlfgJib6VFVprlDnaNA,3.834929,4.716573,6.518565,0,2591700,21.674012,Interactive,1,1.75
669300,aDTQIqgen6guUNck6NattbZgRhAHpdxMtPDNUZB6TZwT4vlfgJib6VFVprlDnaNA,3.617444,4.525896,5.937526999999999,0,2591700,21.674012,Interactive,1,1.75
669600,aDTQIqgen6guUNck6NattbZgRhAHpdxMtPDNUZB6TZwT4vlfgJib6VFVprlDnaNA,3.715703,4.641259,7.440258999999999,0,2591700,21.674012,Interactive,1,1.75
669900,aDTQIqgen6guUNck6NattbZgRhAHpdxMtPDNUZB6TZwT4vlfgJib6VFVprlDnaNA,3.955116,7.304514999999999,24.05127,0,2591700,21.674012,Interactive,1,1.75
670200,aDTQIqgen6guUNck6NattbZgRhAHpdxMtPDNUZB6TZwT4vlfgJib6VFVprlDnaNA,3.867914,4.754063,6.278679,0,2591700,21.674012,Interactive,1,1.75
670500,aDTQIqgen6guUNck6NattbZgRhAHpdxMtPDNUZB6TZwT4vlfgJib6VFVprlDnaNA,3.824887,4.482755,5.719494999999999,0,2591700,21.674012,Interactive,1,1.75
670800,aDTQIqgen6guUNck6NattbZgRhAHpdxMtPDNUZB6TZwT4vlfgJib6VFVprlDnaNA,3.857917,4.680239,5.584896,0,2591700,21.674012,Interactive,1,1.75
671100,aDTQIqgen6guUNck6NattbZgRhAHpdxMtPDNUZB6TZwT4vlfgJib6VFVprlDnaNA,3.765325,7.546255,32.958663,0,2591700,21.674012,Interactive,1,1.75
671400,aDTQIqgen6guUNck6NattbZgRhAHpdxMtPDNUZB6TZwT4vlfgJib6VFVprlDnaNA,4.08328,4.832902,6.108156,0,2591700,21.674012,Interactive,1,1.75
671700,aDTQIqgen6guUNck6NattbZgRhAHpdxMtPDNUZB6TZwT4vlfgJib6VFVprlDnaNA,2.926441,4.263209,6.470928,0,2591700,21.674012,Interactive,1,1.75
672000,aDTQIqgen6guUNck6NattbZgRhAHpdxMtPDNUZB6TZwT4vlfgJib6VFVprlDnaNA,3.88812,4.745204,6.329758999999999,0,2591700,21.674012,Interactive,1,1.75
672300,aDTQIqgen6guUNck6NattbZgRhAHpdxMtPDNUZB6TZwT4vlfgJib6VFVprlDnaNA,3.065836,4.169387,4.937018,0,2591700,21.674012,Interactive,1,1.75
672600,aDTQIqgen6guUNck6NattbZgRhAHpdxMtPDNUZB6TZwT4vlfgJib6VFVprlDnaNA,3.89582,4.591429,6.58869,0,2591700,21.674012,Interactive,1,1.75
672900,aDTQIqgen6guUNck6NattbZgRhAHpdxMtPDNUZB6TZwT4vlfgJib6VFVprlDnaNA,2.978244,4.540222,5.823879,0,2591700,21.674012,Interactive,1,1.75
673200,aDTQIqgen6guUNck6NattbZgRhAHpdxMtPDNUZB6TZwT4vlfgJib6VFVprlDnaNA,3.679188,4.338076999999999,4.897361,0,2591700,21.674012,Interactive,1,1.75
673500,aDTQIqgen6guUNck6NattbZgRhAHpdxMtPDNUZB6TZwT4vlfgJib6VFVprlDnaNA,3.07994,4.328002,6.191239,0,2591700,21.674012,Interactive,1,1.75
673800,aDTQIqgen6guUNck6NattbZgRhAHpdxMtPDNUZB6TZwT4vlfgJib6VFVprlDnaNA,3.723083,4.628415,6.218702,0,2591700,21.674012,Interactive,1,1.75
674100,aDTQIqgen6guUNck6NattbZgRhAHpdxMtPDNUZB6TZwT4vlfgJib6VFVprlDnaNA,3.32297,4.404235,5.459057,0,2591700,21.674012,Interactive,1,1.75
674400,aDTQIqgen6guUNck6NattbZgRhAHpdxMtPDNUZB6TZwT4vlfgJib6VFVprlDnaNA,3.431382,6.247228,22.422187,0,2591700,21.674012,Interactive,1,1.75
674700,aDTQIqgen6guUNck6NattbZgRhAHpdxMtPDNUZB6TZwT4vlfgJib6VFVprlDnaNA,3.836689,7.599249,19.025803,0,2591700,21.674012,Interactive,1,1.75
675000,aDTQIqgen6guUNck6NattbZgRhAHpdxMtPDNUZB6TZwT4vlfgJib6VFVprlDnaNA,3.768455,4.788599,6.112274,0,2591700,21.674012,Interactive,1,1.75
675300,aDTQIqgen6guUNck6NattbZgRhAHpdxMtPDNUZB6TZwT4vlfgJib6VFVprlDnaNA,3.572404,4.589091000000001,6.517452,0,2591700,21.674012,Interactive,1,1.75
675600,aDTQIqgen6guUNck6NattbZgRhAHpdxMtPDNUZB6TZwT4vlfgJib6VFVprlDnaNA,3.239313,4.593481,5.862908,0,2591700,21.674012,Interactive,1,1.75
675900,aDTQIqgen6guUNck6NattbZgRhAHpdxMtPDNUZB6TZwT4vlfgJib6VFVprlDnaNA,3.803018,4.460565,5.401335,0,2591700,21.674012,Interactive,1,1.75
676200,aDTQIqgen6guUNck6NattbZgRhAHpdxMtPDNUZB6TZwT4vlfgJib6VFVprlDnaNA,3.06284,4.424418,6.62708,0,2591700,21.674012,Interactive,1,1.75
676500,aDTQIqgen6guUNck6NattbZgRhAHpdxMtPDNUZB6TZwT4vlfgJib6VFVprlDnaNA,4.092393,4.804073000000001,6.021421,0,2591700,21.674012,Interactive,1,1.75
676800,aDTQIqgen6guUNck6NattbZgRhAHpdxMtPDNUZB6TZwT4vlfgJib6VFVprlDnaNA,2.538496,4.263367,5.094188,0,2591700,21.674012,Interactive,1,1.75
677100,aDTQIqgen6guUNck6NattbZgRhAHpdxMtPDNUZB6TZwT4vlfgJib6VFVprlDnaNA,3.284939,4.557484,6.907047,0,2591700,21.674012,Interactive,1,1.75
677400,aDTQIqgen6guUNck6NattbZgRhAHpdxMtPDNUZB6TZwT4vlfgJib6VFVprlDnaNA,3.629625,4.479417,5.686944,0,2591700,21.674012,Interactive,1,1.75
677700,aDTQIqgen6guUNck6NattbZgRhAHpdxMtPDNUZB6TZwT4vlfgJib6VFVprlDnaNA,3.764074,4.427848,5.288103,0,2591700,21.674012,Interactive,1,1.75
678000,aDTQIqgen6guUNck6NattbZgRhAHpdxMtPDNUZB6TZwT4vlfgJib6VFVprlDnaNA,3.8374,4.606463,6.101135,0,2591700,21.674012,Interactive,1,1.75
678300,aDTQIqgen6guUNck6NattbZgRhAHpdxMtPDNUZB6TZwT4vlfgJib6VFVprlDnaNA,3.696701,7.34519,32.106671,0,2591700,21.674012,Interactive,1,1.75
678600,aDTQIqgen6guUNck6NattbZgRhAHpdxMtPDNUZB6TZwT4vlfgJib6VFVprlDnaNA,4.087128,4.911203,5.762506,0,2591700,21.674012,Interactive,1,1.75
678900,aDTQIqgen6guUNck6NattbZgRhAHpdxMtPDNUZB6TZwT4vlfgJib6VFVprlDnaNA,3.4927870000000003,4.318241,5.40005,0,2591700,21.674012,Interactive,1,1.75
679200,aDTQIqgen6guUNck6NattbZgRhAHpdxMtPDNUZB6TZwT4vlfgJib6VFVprlDnaNA,3.957686,4.529822,5.49399,0,2591700,21.674012,Interactive,1,1.75
679500,aDTQIqgen6guUNck6NattbZgRhAHpdxMtPDNUZB6TZwT4vlfgJib6VFVprlDnaNA,3.824897,4.642963,5.482062,0,2591700,21.674012,Interactive,1,1.75
679800,aDTQIqgen6guUNck6NattbZgRhAHpdxMtPDNUZB6TZwT4vlfgJib6VFVprlDnaNA,3.982269,4.644367,6.421225,0,2591700,21.674012,Interactive,1,1.75
680100,aDTQIqgen6guUNck6NattbZgRhAHpdxMtPDNUZB6TZwT4vlfgJib6VFVprlDnaNA,3.788901,4.540975,5.422058,0,2591700,21.674012,Interactive,1,1.75
680400,aDTQIqgen6guUNck6NattbZgRhAHpdxMtPDNUZB6TZwT4vlfgJib6VFVprlDnaNA,3.817003,4.502381,5.370601000000001,0,2591700,21.674012,Interactive,1,1.75
680700,aDTQIqgen6guUNck6NattbZgRhAHpdxMtPDNUZB6TZwT4vlfgJib6VFVprlDnaNA,3.77186,4.668087,6.019925,0,2591700,21.674012,Interactive,1,1.75
681000,aDTQIqgen6guUNck6NattbZgRhAHpdxMtPDNUZB6TZwT4vlfgJib6VFVprlDnaNA,3.738076,4.3084620000000005,5.077573,0,2591700,21.674012,Interactive,1,1.75
681300,aDTQIqgen6guUNck6NattbZgRhAHpdxMtPDNUZB6TZwT4vlfgJib6VFVprlDnaNA,3.559609,4.476521,5.273301999999999,0,2591700,21.674012,Interactive,1,1.75
681600,aDTQIqgen6guUNck6NattbZgRhAHpdxMtPDNUZB6TZwT4vlfgJib6VFVprlDnaNA,3.516092,4.232886,5.33315,0,2591700,21.674012,Interactive,1,1.75
681900,aDTQIqgen6guUNck6NattbZgRhAHpdxMtPDNUZB6TZwT4vlfgJib6VFVprlDnaNA,3.686636,7.394267999999999,32.141984,0,2591700,21.674012,Interactive,1,1.75
682200,aDTQIqgen6guUNck6NattbZgRhAHpdxMtPDNUZB6TZwT4vlfgJib6VFVprlDnaNA,2.925267,4.386295,6.00141,0,2591700,21.674012,Interactive,1,1.75
682500,aDTQIqgen6guUNck6NattbZgRhAHpdxMtPDNUZB6TZwT4vlfgJib6VFVprlDnaNA,3.666903,4.411696,6.150273,0,2591700,21.674012,Interactive,1,1.75
682800,aDTQIqgen6guUNck6NattbZgRhAHpdxMtPDNUZB6TZwT4vlfgJib6VFVprlDnaNA,3.770899,4.537934,5.212926,0,2591700,21.674012,Interactive,1,1.75
683100,aDTQIqgen6guUNck6NattbZgRhAHpdxMtPDNUZB6TZwT4vlfgJib6VFVprlDnaNA,3.864541,4.425888,5.328763,0,2591700,21.674012,Interactive,1,1.75
683400,aDTQIqgen6guUNck6NattbZgRhAHpdxMtPDNUZB6TZwT4vlfgJib6VFVprlDnaNA,3.746484,4.622257,6.079978,0,2591700,21.674012,Interactive,1,1.75
683700,aDTQIqgen6guUNck6NattbZgRhAHpdxMtPDNUZB6TZwT4vlfgJib6VFVprlDnaNA,3.811628,4.290376,5.379951,0,2591700,21.674012,Interactive,1,1.75
684000,aDTQIqgen6guUNck6NattbZgRhAHpdxMtPDNUZB6TZwT4vlfgJib6VFVprlDnaNA,3.835807,4.608618,5.427869,0,2591700,21.674012,Interactive,1,1.75
684300,aDTQIqgen6guUNck6NattbZgRhAHpdxMtPDNUZB6TZwT4vlfgJib6VFVprlDnaNA,3.765569,4.438669,5.667122,0,2591700,21.674012,Interactive,1,1.75
684600,aDTQIqgen6guUNck6NattbZgRhAHpdxMtPDNUZB6TZwT4vlfgJib6VFVprlDnaNA,3.92031,4.642998,5.4698910000000005,0,2591700,21.674012,Interactive,1,1.75
684900,aDTQIqgen6guUNck6NattbZgRhAHpdxMtPDNUZB6TZwT4vlfgJib6VFVprlDnaNA,4.018917,10.208056,36.509536,0,2591700,21.674012,Interactive,1,1.75
685200,aDTQIqgen6guUNck6NattbZgRhAHpdxMtPDNUZB6TZwT4vlfgJib6VFVprlDnaNA,4.378053,12.153573,35.02571,0,2591700,21.674012,Interactive,1,1.75
685500,aDTQIqgen6guUNck6NattbZgRhAHpdxMtPDNUZB6TZwT4vlfgJib6VFVprlDnaNA,4.065836,7.941284,30.597845,0,2591700,21.674012,Interactive,1,1.75
685800,aDTQIqgen6guUNck6NattbZgRhAHpdxMtPDNUZB6TZwT4vlfgJib6VFVprlDnaNA,3.757924,4.720783,5.941916,0,2591700,21.674012,Interactive,1,1.75
686100,aDTQIqgen6guUNck6NattbZgRhAHpdxMtPDNUZB6TZwT4vlfgJib6VFVprlDnaNA,3.740151,4.710304,6.2484720000000005,0,2591700,21.674012,Interactive,1,1.75
686400,aDTQIqgen6guUNck6NattbZgRhAHpdxMtPDNUZB6TZwT4vlfgJib6VFVprlDnaNA,3.842572,4.491404,5.5244480000000005,0,2591700,21.674012,Interactive,1,1.75
686700,aDTQIqgen6guUNck6NattbZgRhAHpdxMtPDNUZB6TZwT4vlfgJib6VFVprlDnaNA,3.762501,4.596314,5.751913,0,2591700,21.674012,Interactive,1,1.75
687000,aDTQIqgen6guUNck6NattbZgRhAHpdxMtPDNUZB6TZwT4vlfgJib6VFVprlDnaNA,3.834218,4.558571,5.624971,0,2591700,21.674012,Interactive,1,1.75
687300,aDTQIqgen6guUNck6NattbZgRhAHpdxMtPDNUZB6TZwT4vlfgJib6VFVprlDnaNA,3.863874,4.445393,5.378419,0,2591700,21.674012,Interactive,1,1.75
687600,aDTQIqgen6guUNck6NattbZgRhAHpdxMtPDNUZB6TZwT4vlfgJib6VFVprlDnaNA,3.810008,4.502993,5.420562,0,2591700,21.674012,Interactive,1,1.75
687900,aDTQIqgen6guUNck6NattbZgRhAHpdxMtPDNUZB6TZwT4vlfgJib6VFVprlDnaNA,3.110008,4.444326,6.445035,0,2591700,21.674012,Interactive,1,1.75
688200,aDTQIqgen6guUNck6NattbZgRhAHpdxMtPDNUZB6TZwT4vlfgJib6VFVprlDnaNA,3.901113,4.435439,5.264493,0,2591700,21.674012,Interactive,1,1.75
688500,aDTQIqgen6guUNck6NattbZgRhAHpdxMtPDNUZB6TZwT4vlfgJib6VFVprlDnaNA,3.052953,4.418931,6.617353,0,2591700,21.674012,Interactive,1,1.75
688800,aDTQIqgen6guUNck6NattbZgRhAHpdxMtPDNUZB6TZwT4vlfgJib6VFVprlDnaNA,3.653346,4.560074,6.017448,0,2591700,21.674012,Interactive,1,1.75
689100,aDTQIqgen6guUNck6NattbZgRhAHpdxMtPDNUZB6TZwT4vlfgJib6VFVprlDnaNA,3.814295,8.790030999999999,32.826646000000004,0,2591700,21.674012,Interactive,1,1.75
689400,aDTQIqgen6guUNck6NattbZgRhAHpdxMtPDNUZB6TZwT4vlfgJib6VFVprlDnaNA,3.987648000000001,5.088258000000001,7.928274000000001,0,2591700,21.674012,Interactive,1,1.75
689700,aDTQIqgen6guUNck6NattbZgRhAHpdxMtPDNUZB6TZwT4vlfgJib6VFVprlDnaNA,3.4628,4.369387000000001,6.16052,0,2591700,21.674012,Interactive,1,1.75
690000,aDTQIqgen6guUNck6NattbZgRhAHpdxMtPDNUZB6TZwT4vlfgJib6VFVprlDnaNA,3.717356,4.512763,5.667313,0,2591700,21.674012,Interactive,1,1.75
690300,aDTQIqgen6guUNck6NattbZgRhAHpdxMtPDNUZB6TZwT4vlfgJib6VFVprlDnaNA,3.705817,4.582637999999999,6.647385000000001,0,2591700,21.674012,Interactive,1,1.75
690600,aDTQIqgen6guUNck6NattbZgRhAHpdxMtPDNUZB6TZwT4vlfgJib6VFVprlDnaNA,3.208377,4.431207,6.069351999999999,0,2591700,21.674012,Interactive,1,1.75
690900,aDTQIqgen6guUNck6NattbZgRhAHpdxMtPDNUZB6TZwT4vlfgJib6VFVprlDnaNA,3.643096,4.481414,5.441308,0,2591700,21.674012,Interactive,1,1.75
