timestamp,vm_id,min_cpu,max_cpu,avg_cpu,timestamp vm created,timestamp vm deleted,p95 max cpu,vm_category,vm virtual core count,vm memory (gb)
0,ahQ3CzAAVsCYH5b3rrDzuWITEycgMzRd/gwj5oNcIf7vCOHEGK/Q5B/Gnkw/mvwJ,1.6256,2.559871,7.016317,0,2591700,17.55397,Delay-insensitive,2,3.5
300,ahQ3CzAAVsCYH5b3rrDzuWITEycgMzRd/gwj5oNcIf7vCOHEGK/Q5B/Gnkw/mvwJ,0.804705,2.144661,3.315968,0,2591700,17.55397,Delay-insensitive,2,3.5
600,ahQ3CzAAVsCYH5b3rrDzuWITEycgMzRd/gwj5oNcIf7vCOHEGK/Q5B/Gnkw/mvwJ,1.673785,2.198391,3.348663,0,2591700,17.55397,Delay-insensitive,2,3.5
900,ahQ3CzAAVsCYH5b3rrDzuWITEycgMzRd/gwj5oNcIf7vCOHEGK/Q5B/Gnkw/mvwJ,1.4068200000000002,2.030932,3.579537,0,2591700,17.55397,Delay-insensitive,2,3.5
1200,ahQ3CzAAVsCYH5b3rrDzuWITEycgMzRd/gwj5oNcIf7vCOHEGK/Q5B/Gnkw/mvwJ,1.501627,3.409438,18.604539000000003,0,2591700,17.55397,Delay-insensitive,2,3.5
1500,ahQ3CzAAVsCYH5b3rrDzuWITEycgMzRd/gwj5oNcIf7vCOHEGK/Q5B/Gnkw/mvwJ,0.932221,2.087513,3.3304620000000003,0,2591700,17.55397,Delay-insensitive,2,3.5
1800,ahQ3CzAAVsCYH5b3rrDzuWITEycgMzRd/gwj5oNcIf7vCOHEGK/Q5B/Gnkw/mvwJ,1.550415,2.558314,7.430091,0,2591700,17.55397,Delay-insensitive,2,3.5
2100,ahQ3CzAAVsCYH5b3rrDzuWITEycgMzRd/gwj5oNcIf7vCOHEGK/Q5B/Gnkw/mvwJ,1.50724,2.120341,2.744631,0,2591700,17.55397,Delay-insensitive,2,3.5
2400,ahQ3CzAAVsCYH5b3rrDzuWITEycgMzRd/gwj5oNcIf7vCOHEGK/Q5B/Gnkw/mvwJ,1.31254,2.0627560000000003,3.124855,0,2591700,17.55397,Delay-insensitive,2,3.5
2700,ahQ3CzAAVsCYH5b3rrDzuWITEycgMzRd/gwj5oNcIf7vCOHEGK/Q5B/Gnkw/mvwJ,1.61595,2.140811,3.0799990000000004,0,2591700,17.55397,Delay-insensitive,2,3.5
3000,ahQ3CzAAVsCYH5b3rrDzuWITEycgMzRd/gwj5oNcIf7vCOHEGK/Q5B/Gnkw/mvwJ,1.187606,1.953039,2.773724,0,2591700,17.55397,Delay-insensitive,2,3.5
3300,ahQ3CzAAVsCYH5b3rrDzuWITEycgMzRd/gwj5oNcIf7vCOHEGK/Q5B/Gnkw/mvwJ,1.619226,6.885881,28.562345,0,2591700,17.55397,Delay-insensitive,2,3.5
3600,ahQ3CzAAVsCYH5b3rrDzuWITEycgMzRd/gwj5oNcIf7vCOHEGK/Q5B/Gnkw/mvwJ,1.147934,2.163892,3.858549,0,2591700,17.55397,Delay-insensitive,2,3.5
3900,ahQ3CzAAVsCYH5b3rrDzuWITEycgMzRd/gwj5oNcIf7vCOHEGK/Q5B/Gnkw/mvwJ,1.5992620000000002,2.226383,3.059426,0,2591700,17.55397,Delay-insensitive,2,3.5
4200,ahQ3CzAAVsCYH5b3rrDzuWITEycgMzRd/gwj5oNcIf7vCOHEGK/Q5B/Gnkw/mvwJ,1.6689470000000002,2.12595,2.886472,0,2591700,17.55397,Delay-insensitive,2,3.5
4500,ahQ3CzAAVsCYH5b3rrDzuWITEycgMzRd/gwj5oNcIf7vCOHEGK/Q5B/Gnkw/mvwJ,1.593946,2.212015,2.751968,0,2591700,17.55397,Delay-insensitive,2,3.5
4800,ahQ3CzAAVsCYH5b3rrDzuWITEycgMzRd/gwj5oNcIf7vCOHEGK/Q5B/Gnkw/mvwJ,1.6944580000000002,3.3978580000000003,21.569482,0,2591700,17.55397,Delay-insensitive,2,3.5
5100,ahQ3CzAAVsCYH5b3rrDzuWITEycgMzRd/gwj5oNcIf7vCOHEGK/Q5B/Gnkw/mvwJ,1.668305,2.167884,3.113367,0,2591700,17.55397,Delay-insensitive,2,3.5
5400,ahQ3CzAAVsCYH5b3rrDzuWITEycgMzRd/gwj5oNcIf7vCOHEGK/Q5B/Gnkw/mvwJ,1.638351,2.709531,7.872266000000001,0,2591700,17.55397,Delay-insensitive,2,3.5
5700,ahQ3CzAAVsCYH5b3rrDzuWITEycgMzRd/gwj5oNcIf7vCOHEGK/Q5B/Gnkw/mvwJ,1.63737,2.203621,2.859848,0,2591700,17.55397,Delay-insensitive,2,3.5
6000,ahQ3CzAAVsCYH5b3rrDzuWITEycgMzRd/gwj5oNcIf7vCOHEGK/Q5B/Gnkw/mvwJ,1.738518,2.230562,3.0462830000000003,0,2591700,17.55397,Delay-insensitive,2,3.5
6300,ahQ3CzAAVsCYH5b3rrDzuWITEycgMzRd/gwj5oNcIf7vCOHEGK/Q5B/Gnkw/mvwJ,0.833974,2.020843,2.8548150000000003,0,2591700,17.55397,Delay-insensitive,2,3.5
6600,ahQ3CzAAVsCYH5b3rrDzuWITEycgMzRd/gwj5oNcIf7vCOHEGK/Q5B/Gnkw/mvwJ,1.5281870000000002,2.1841630000000003,3.4366760000000003,0,2591700,17.55397,Delay-insensitive,2,3.5
6900,ahQ3CzAAVsCYH5b3rrDzuWITEycgMzRd/gwj5oNcIf7vCOHEGK/Q5B/Gnkw/mvwJ,1.620518,2.116762,2.99929,0,2591700,17.55397,Delay-insensitive,2,3.5
7200,ahQ3CzAAVsCYH5b3rrDzuWITEycgMzRd/gwj5oNcIf7vCOHEGK/Q5B/Gnkw/mvwJ,1.6599009999999998,2.634107,6.287303,0,2591700,17.55397,Delay-insensitive,2,3.5
7500,ahQ3CzAAVsCYH5b3rrDzuWITEycgMzRd/gwj5oNcIf7vCOHEGK/Q5B/Gnkw/mvwJ,1.688436,2.771075,13.275299,0,2591700,17.55397,Delay-insensitive,2,3.5
7800,ahQ3CzAAVsCYH5b3rrDzuWITEycgMzRd/gwj5oNcIf7vCOHEGK/Q5B/Gnkw/mvwJ,1.6566189999999998,2.201557,2.873554,0,2591700,17.55397,Delay-insensitive,2,3.5
8100,ahQ3CzAAVsCYH5b3rrDzuWITEycgMzRd/gwj5oNcIf7vCOHEGK/Q5B/Gnkw/mvwJ,1.829038,2.25158,3.2089060000000003,0,2591700,17.55397,Delay-insensitive,2,3.5
8400,ahQ3CzAAVsCYH5b3rrDzuWITEycgMzRd/gwj5oNcIf7vCOHEGK/Q5B/Gnkw/mvwJ,1.6138549999999998,3.316914,23.558307,0,2591700,17.55397,Delay-insensitive,2,3.5
8700,ahQ3CzAAVsCYH5b3rrDzuWITEycgMzRd/gwj5oNcIf7vCOHEGK/Q5B/Gnkw/mvwJ,1.688282,2.201609,3.166272,0,2591700,17.55397,Delay-insensitive,2,3.5
9000,ahQ3CzAAVsCYH5b3rrDzuWITEycgMzRd/gwj5oNcIf7vCOHEGK/Q5B/Gnkw/mvwJ,0.947111,2.34105,3.75694,0,2591700,17.55397,Delay-insensitive,2,3.5
9300,ahQ3CzAAVsCYH5b3rrDzuWITEycgMzRd/gwj5oNcIf7vCOHEGK/Q5B/Gnkw/mvwJ,1.701928,2.318819,3.5490440000000003,0,2591700,17.55397,Delay-insensitive,2,3.5
9600,ahQ3CzAAVsCYH5b3rrDzuWITEycgMzRd/gwj5oNcIf7vCOHEGK/Q5B/Gnkw/mvwJ,1.613848,2.199528,3.1841150000000003,0,2591700,17.55397,Delay-insensitive,2,3.5
9900,ahQ3CzAAVsCYH5b3rrDzuWITEycgMzRd/gwj5oNcIf7vCOHEGK/Q5B/Gnkw/mvwJ,1.388266,2.029805,2.754157,0,2591700,17.55397,Delay-insensitive,2,3.5
10200,ahQ3CzAAVsCYH5b3rrDzuWITEycgMzRd/gwj5oNcIf7vCOHEGK/Q5B/Gnkw/mvwJ,1.489436,2.049095,3.0861810000000003,0,2591700,17.55397,Delay-insensitive,2,3.5
10500,ahQ3CzAAVsCYH5b3rrDzuWITEycgMzRd/gwj5oNcIf7vCOHEGK/Q5B/Gnkw/mvwJ,1.307889,1.885768,2.738961,0,2591700,17.55397,Delay-insensitive,2,3.5
10800,ahQ3CzAAVsCYH5b3rrDzuWITEycgMzRd/gwj5oNcIf7vCOHEGK/Q5B/Gnkw/mvwJ,1.521249,2.448923,6.144243,0,2591700,17.55397,Delay-insensitive,2,3.5
11100,ahQ3CzAAVsCYH5b3rrDzuWITEycgMzRd/gwj5oNcIf7vCOHEGK/Q5B/Gnkw/mvwJ,1.503967,2.08351,2.874819,0,2591700,17.55397,Delay-insensitive,2,3.5
11400,ahQ3CzAAVsCYH5b3rrDzuWITEycgMzRd/gwj5oNcIf7vCOHEGK/Q5B/Gnkw/mvwJ,1.534622,2.15211,2.935068,0,2591700,17.55397,Delay-insensitive,2,3.5
11700,ahQ3CzAAVsCYH5b3rrDzuWITEycgMzRd/gwj5oNcIf7vCOHEGK/Q5B/Gnkw/mvwJ,0.692742,2.09436,2.499101,0,2591700,17.55397,Delay-insensitive,2,3.5
12000,ahQ3CzAAVsCYH5b3rrDzuWITEycgMzRd/gwj5oNcIf7vCOHEGK/Q5B/Gnkw/mvwJ,1.611762,3.491019,13.634161,0,2591700,17.55397,Delay-insensitive,2,3.5
12300,ahQ3CzAAVsCYH5b3rrDzuWITEycgMzRd/gwj5oNcIf7vCOHEGK/Q5B/Gnkw/mvwJ,1.492664,2.129223,3.233212,0,2591700,17.55397,Delay-insensitive,2,3.5
12600,ahQ3CzAAVsCYH5b3rrDzuWITEycgMzRd/gwj5oNcIf7vCOHEGK/Q5B/Gnkw/mvwJ,1.876739,2.742483,6.468003,0,2591700,17.55397,Delay-insensitive,2,3.5
12900,ahQ3CzAAVsCYH5b3rrDzuWITEycgMzRd/gwj5oNcIf7vCOHEGK/Q5B/Gnkw/mvwJ,1.651995,2.148664,3.102015,0,2591700,17.55397,Delay-insensitive,2,3.5
13200,ahQ3CzAAVsCYH5b3rrDzuWITEycgMzRd/gwj5oNcIf7vCOHEGK/Q5B/Gnkw/mvwJ,0.890042,2.068716,2.769604,0,2591700,17.55397,Delay-insensitive,2,3.5
13500,ahQ3CzAAVsCYH5b3rrDzuWITEycgMzRd/gwj5oNcIf7vCOHEGK/Q5B/Gnkw/mvwJ,1.7983349999999998,2.197772,2.647993,0,2591700,17.55397,Delay-insensitive,2,3.5
13800,ahQ3CzAAVsCYH5b3rrDzuWITEycgMzRd/gwj5oNcIf7vCOHEGK/Q5B/Gnkw/mvwJ,1.57106,2.216913,3.09325,0,2591700,17.55397,Delay-insensitive,2,3.5
14100,ahQ3CzAAVsCYH5b3rrDzuWITEycgMzRd/gwj5oNcIf7vCOHEGK/Q5B/Gnkw/mvwJ,1.497015,2.169606,2.676872,0,2591700,17.55397,Delay-insensitive,2,3.5
14400,ahQ3CzAAVsCYH5b3rrDzuWITEycgMzRd/gwj5oNcIf7vCOHEGK/Q5B/Gnkw/mvwJ,1.022222,2.242902,3.937124,0,2591700,17.55397,Delay-insensitive,2,3.5
14700,ahQ3CzAAVsCYH5b3rrDzuWITEycgMzRd/gwj5oNcIf7vCOHEGK/Q5B/Gnkw/mvwJ,1.565017,2.2147360000000003,3.199135,0,2591700,17.55397,Delay-insensitive,2,3.5
15000,ahQ3CzAAVsCYH5b3rrDzuWITEycgMzRd/gwj5oNcIf7vCOHEGK/Q5B/Gnkw/mvwJ,1.592652,2.119748,2.826321,0,2591700,17.55397,Delay-insensitive,2,3.5
15300,ahQ3CzAAVsCYH5b3rrDzuWITEycgMzRd/gwj5oNcIf7vCOHEGK/Q5B/Gnkw/mvwJ,1.530842,2.159396,2.992945,0,2591700,17.55397,Delay-insensitive,2,3.5
15600,ahQ3CzAAVsCYH5b3rrDzuWITEycgMzRd/gwj5oNcIf7vCOHEGK/Q5B/Gnkw/mvwJ,1.378502,3.178519,20.877942,0,2591700,17.55397,Delay-insensitive,2,3.5
15900,ahQ3CzAAVsCYH5b3rrDzuWITEycgMzRd/gwj5oNcIf7vCOHEGK/Q5B/Gnkw/mvwJ,0.856402,1.930657,2.683687,0,2591700,17.55397,Delay-insensitive,2,3.5
16200,ahQ3CzAAVsCYH5b3rrDzuWITEycgMzRd/gwj5oNcIf7vCOHEGK/Q5B/Gnkw/mvwJ,1.30079,2.43773,5.834112999999999,0,2591700,17.55397,Delay-insensitive,2,3.5
16500,ahQ3CzAAVsCYH5b3rrDzuWITEycgMzRd/gwj5oNcIf7vCOHEGK/Q5B/Gnkw/mvwJ,1.3200610000000002,1.876024,2.68503,0,2591700,17.55397,Delay-insensitive,2,3.5
16800,ahQ3CzAAVsCYH5b3rrDzuWITEycgMzRd/gwj5oNcIf7vCOHEGK/Q5B/Gnkw/mvwJ,1.408071,1.904226,2.634771,0,2591700,17.55397,Delay-insensitive,2,3.5
17100,ahQ3CzAAVsCYH5b3rrDzuWITEycgMzRd/gwj5oNcIf7vCOHEGK/Q5B/Gnkw/mvwJ,0.8358469999999999,1.815387,2.769805,0,2591700,17.55397,Delay-insensitive,2,3.5
17400,ahQ3CzAAVsCYH5b3rrDzuWITEycgMzRd/gwj5oNcIf7vCOHEGK/Q5B/Gnkw/mvwJ,1.388596,2.09639,3.61446,0,2591700,17.55397,Delay-insensitive,2,3.5
17700,ahQ3CzAAVsCYH5b3rrDzuWITEycgMzRd/gwj5oNcIf7vCOHEGK/Q5B/Gnkw/mvwJ,1.70138,2.180243,3.094436,0,2591700,17.55397,Delay-insensitive,2,3.5
18000,ahQ3CzAAVsCYH5b3rrDzuWITEycgMzRd/gwj5oNcIf7vCOHEGK/Q5B/Gnkw/mvwJ,1.7293189999999998,3.036667,5.839549,0,2591700,17.55397,Delay-insensitive,2,3.5
18300,ahQ3CzAAVsCYH5b3rrDzuWITEycgMzRd/gwj5oNcIf7vCOHEGK/Q5B/Gnkw/mvwJ,1.509665,5.2314300000000005,45.918865,0,2591700,17.55397,Delay-insensitive,2,3.5
18600,ahQ3CzAAVsCYH5b3rrDzuWITEycgMzRd/gwj5oNcIf7vCOHEGK/Q5B/Gnkw/mvwJ,1.449464,2.118805,2.703534,0,2591700,17.55397,Delay-insensitive,2,3.5
18900,ahQ3CzAAVsCYH5b3rrDzuWITEycgMzRd/gwj5oNcIf7vCOHEGK/Q5B/Gnkw/mvwJ,1.646928,2.236825,3.10226,0,2591700,17.55397,Delay-insensitive,2,3.5
19200,ahQ3CzAAVsCYH5b3rrDzuWITEycgMzRd/gwj5oNcIf7vCOHEGK/Q5B/Gnkw/mvwJ,1.544332,3.391371,21.737843,0,2591700,17.55397,Delay-insensitive,2,3.5
19500,ahQ3CzAAVsCYH5b3rrDzuWITEycgMzRd/gwj5oNcIf7vCOHEGK/Q5B/Gnkw/mvwJ,1.649301,2.215353,2.836114,0,2591700,17.55397,Delay-insensitive,2,3.5
19800,ahQ3CzAAVsCYH5b3rrDzuWITEycgMzRd/gwj5oNcIf7vCOHEGK/Q5B/Gnkw/mvwJ,1.543664,6.787087,41.796489,0,2591700,17.55397,Delay-insensitive,2,3.5
20100,ahQ3CzAAVsCYH5b3rrDzuWITEycgMzRd/gwj5oNcIf7vCOHEGK/Q5B/Gnkw/mvwJ,1.572489,2.220144,3.657911,0,2591700,17.55397,Delay-insensitive,2,3.5
20400,ahQ3CzAAVsCYH5b3rrDzuWITEycgMzRd/gwj5oNcIf7vCOHEGK/Q5B/Gnkw/mvwJ,1.641373,2.186137,3.047627,0,2591700,17.55397,Delay-insensitive,2,3.5
20700,ahQ3CzAAVsCYH5b3rrDzuWITEycgMzRd/gwj5oNcIf7vCOHEGK/Q5B/Gnkw/mvwJ,1.619804,2.240166,2.95658,0,2591700,17.55397,Delay-insensitive,2,3.5
21000,ahQ3CzAAVsCYH5b3rrDzuWITEycgMzRd/gwj5oNcIf7vCOHEGK/Q5B/Gnkw/mvwJ,1.655678,2.516318,5.290136,0,2591700,17.55397,Delay-insensitive,2,3.5
21300,ahQ3CzAAVsCYH5b3rrDzuWITEycgMzRd/gwj5oNcIf7vCOHEGK/Q5B/Gnkw/mvwJ,1.7759349999999998,2.1291900000000004,2.722344,0,2591700,17.55397,Delay-insensitive,2,3.5
21600,ahQ3CzAAVsCYH5b3rrDzuWITEycgMzRd/gwj5oNcIf7vCOHEGK/Q5B/Gnkw/mvwJ,1.832207,2.921392,6.547734999999999,0,2591700,17.55397,Delay-insensitive,2,3.5
21900,ahQ3CzAAVsCYH5b3rrDzuWITEycgMzRd/gwj5oNcIf7vCOHEGK/Q5B/Gnkw/mvwJ,0.74803,1.93539,2.750392,0,2591700,17.55397,Delay-insensitive,2,3.5
22200,ahQ3CzAAVsCYH5b3rrDzuWITEycgMzRd/gwj5oNcIf7vCOHEGK/Q5B/Gnkw/mvwJ,1.755628,2.274308,3.09045,0,2591700,17.55397,Delay-insensitive,2,3.5
22500,ahQ3CzAAVsCYH5b3rrDzuWITEycgMzRd/gwj5oNcIf7vCOHEGK/Q5B/Gnkw/mvwJ,1.651773,2.16234,2.859635,0,2591700,17.55397,Delay-insensitive,2,3.5
22800,ahQ3CzAAVsCYH5b3rrDzuWITEycgMzRd/gwj5oNcIf7vCOHEGK/Q5B/Gnkw/mvwJ,1.552781,3.378581,21.059654,0,2591700,17.55397,Delay-insensitive,2,3.5
23100,ahQ3CzAAVsCYH5b3rrDzuWITEycgMzRd/gwj5oNcIf7vCOHEGK/Q5B/Gnkw/mvwJ,0.77561,2.684719,10.487482,0,2591700,17.55397,Delay-insensitive,2,3.5
23400,ahQ3CzAAVsCYH5b3rrDzuWITEycgMzRd/gwj5oNcIf7vCOHEGK/Q5B/Gnkw/mvwJ,1.960843,2.80067,6.216001,0,2591700,17.55397,Delay-insensitive,2,3.5
23700,ahQ3CzAAVsCYH5b3rrDzuWITEycgMzRd/gwj5oNcIf7vCOHEGK/Q5B/Gnkw/mvwJ,1.666972,2.497398,5.891369999999999,0,2591700,17.55397,Delay-insensitive,2,3.5
24000,ahQ3CzAAVsCYH5b3rrDzuWITEycgMzRd/gwj5oNcIf7vCOHEGK/Q5B/Gnkw/mvwJ,1.715012,2.315743,3.23116,0,2591700,17.55397,Delay-insensitive,2,3.5
24300,ahQ3CzAAVsCYH5b3rrDzuWITEycgMzRd/gwj5oNcIf7vCOHEGK/Q5B/Gnkw/mvwJ,1.671917,2.252927,3.082679,0,2591700,17.55397,Delay-insensitive,2,3.5
24600,ahQ3CzAAVsCYH5b3rrDzuWITEycgMzRd/gwj5oNcIf7vCOHEGK/Q5B/Gnkw/mvwJ,0.97818,2.108169,3.248527,0,2591700,17.55397,Delay-insensitive,2,3.5
24900,ahQ3CzAAVsCYH5b3rrDzuWITEycgMzRd/gwj5oNcIf7vCOHEGK/Q5B/Gnkw/mvwJ,1.624097,2.233749,3.091573,0,2591700,17.55397,Delay-insensitive,2,3.5
25200,ahQ3CzAAVsCYH5b3rrDzuWITEycgMzRd/gwj5oNcIf7vCOHEGK/Q5B/Gnkw/mvwJ,1.424233,2.677266,6.349133,0,2591700,17.55397,Delay-insensitive,2,3.5
25500,ahQ3CzAAVsCYH5b3rrDzuWITEycgMzRd/gwj5oNcIf7vCOHEGK/Q5B/Gnkw/mvwJ,1.631107,2.131718,2.732054,0,2591700,17.55397,Delay-insensitive,2,3.5
25800,ahQ3CzAAVsCYH5b3rrDzuWITEycgMzRd/gwj5oNcIf7vCOHEGK/Q5B/Gnkw/mvwJ,1.19046,2.158247,3.245442,0,2591700,17.55397,Delay-insensitive,2,3.5
26100,ahQ3CzAAVsCYH5b3rrDzuWITEycgMzRd/gwj5oNcIf7vCOHEGK/Q5B/Gnkw/mvwJ,1.733664,2.241349,3.3676800000000005,0,2591700,17.55397,Delay-insensitive,2,3.5
26400,ahQ3CzAAVsCYH5b3rrDzuWITEycgMzRd/gwj5oNcIf7vCOHEGK/Q5B/Gnkw/mvwJ,1.601293,3.605698,20.828108,0,2591700,17.55397,Delay-insensitive,2,3.5
26700,ahQ3CzAAVsCYH5b3rrDzuWITEycgMzRd/gwj5oNcIf7vCOHEGK/Q5B/Gnkw/mvwJ,1.638233,2.357702,4.288077,0,2591700,17.55397,Delay-insensitive,2,3.5
27000,ahQ3CzAAVsCYH5b3rrDzuWITEycgMzRd/gwj5oNcIf7vCOHEGK/Q5B/Gnkw/mvwJ,2.01782,2.771188,6.346616,0,2591700,17.55397,Delay-insensitive,2,3.5
27300,ahQ3CzAAVsCYH5b3rrDzuWITEycgMzRd/gwj5oNcIf7vCOHEGK/Q5B/Gnkw/mvwJ,1.331684,2.079703,2.89831,0,2591700,17.55397,Delay-insensitive,2,3.5
27600,ahQ3CzAAVsCYH5b3rrDzuWITEycgMzRd/gwj5oNcIf7vCOHEGK/Q5B/Gnkw/mvwJ,1.671339,2.333191,3.208412,0,2591700,17.55397,Delay-insensitive,2,3.5
27900,ahQ3CzAAVsCYH5b3rrDzuWITEycgMzRd/gwj5oNcIf7vCOHEGK/Q5B/Gnkw/mvwJ,1.687271,2.270554,2.957838,0,2591700,17.55397,Delay-insensitive,2,3.5
28200,ahQ3CzAAVsCYH5b3rrDzuWITEycgMzRd/gwj5oNcIf7vCOHEGK/Q5B/Gnkw/mvwJ,1.597787,2.172614,3.022092,0,2591700,17.55397,Delay-insensitive,2,3.5
28500,ahQ3CzAAVsCYH5b3rrDzuWITEycgMzRd/gwj5oNcIf7vCOHEGK/Q5B/Gnkw/mvwJ,1.142032,2.080837,2.9611,0,2591700,17.55397,Delay-insensitive,2,3.5
28800,ahQ3CzAAVsCYH5b3rrDzuWITEycgMzRd/gwj5oNcIf7vCOHEGK/Q5B/Gnkw/mvwJ,1.745294,2.677732,5.800214,0,2591700,17.55397,Delay-insensitive,2,3.5
29100,ahQ3CzAAVsCYH5b3rrDzuWITEycgMzRd/gwj5oNcIf7vCOHEGK/Q5B/Gnkw/mvwJ,1.599991,2.182993,5.277942,0,2591700,17.55397,Delay-insensitive,2,3.5
29400,ahQ3CzAAVsCYH5b3rrDzuWITEycgMzRd/gwj5oNcIf7vCOHEGK/Q5B/Gnkw/mvwJ,1.625231,2.2828470000000003,3.729259,0,2591700,17.55397,Delay-insensitive,2,3.5
29700,ahQ3CzAAVsCYH5b3rrDzuWITEycgMzRd/gwj5oNcIf7vCOHEGK/Q5B/Gnkw/mvwJ,1.54953,2.212,3.153169,0,2591700,17.55397,Delay-insensitive,2,3.5
30000,ahQ3CzAAVsCYH5b3rrDzuWITEycgMzRd/gwj5oNcIf7vCOHEGK/Q5B/Gnkw/mvwJ,1.61693,3.397128,18.262256,0,2591700,17.55397,Delay-insensitive,2,3.5
30300,ahQ3CzAAVsCYH5b3rrDzuWITEycgMzRd/gwj5oNcIf7vCOHEGK/Q5B/Gnkw/mvwJ,1.6251,2.241356,3.714575,0,2591700,17.55397,Delay-insensitive,2,3.5
30600,ahQ3CzAAVsCYH5b3rrDzuWITEycgMzRd/gwj5oNcIf7vCOHEGK/Q5B/Gnkw/mvwJ,1.731859,2.879276,6.006802,0,2591700,17.55397,Delay-insensitive,2,3.5
30900,ahQ3CzAAVsCYH5b3rrDzuWITEycgMzRd/gwj5oNcIf7vCOHEGK/Q5B/Gnkw/mvwJ,1.6084040000000002,2.125554,2.7620150000000003,0,2591700,17.55397,Delay-insensitive,2,3.5
31200,ahQ3CzAAVsCYH5b3rrDzuWITEycgMzRd/gwj5oNcIf7vCOHEGK/Q5B/Gnkw/mvwJ,1.290161,2.253029,3.764959,0,2591700,17.55397,Delay-insensitive,2,3.5
31500,ahQ3CzAAVsCYH5b3rrDzuWITEycgMzRd/gwj5oNcIf7vCOHEGK/Q5B/Gnkw/mvwJ,1.66721,2.247436,3.233309,0,2591700,17.55397,Delay-insensitive,2,3.5
31800,ahQ3CzAAVsCYH5b3rrDzuWITEycgMzRd/gwj5oNcIf7vCOHEGK/Q5B/Gnkw/mvwJ,1.628004,2.317464,5.293174,0,2591700,17.55397,Delay-insensitive,2,3.5
32100,ahQ3CzAAVsCYH5b3rrDzuWITEycgMzRd/gwj5oNcIf7vCOHEGK/Q5B/Gnkw/mvwJ,1.6786580000000002,3.709383,16.506601,0,2591700,17.55397,Delay-insensitive,2,3.5
32400,ahQ3CzAAVsCYH5b3rrDzuWITEycgMzRd/gwj5oNcIf7vCOHEGK/Q5B/Gnkw/mvwJ,1.6397669999999998,2.786045,5.443054,0,2591700,17.55397,Delay-insensitive,2,3.5
32700,ahQ3CzAAVsCYH5b3rrDzuWITEycgMzRd/gwj5oNcIf7vCOHEGK/Q5B/Gnkw/mvwJ,0.968903,2.169812,3.082277,0,2591700,17.55397,Delay-insensitive,2,3.5
33000,ahQ3CzAAVsCYH5b3rrDzuWITEycgMzRd/gwj5oNcIf7vCOHEGK/Q5B/Gnkw/mvwJ,1.594982,2.280326,3.184567,0,2591700,17.55397,Delay-insensitive,2,3.5
33300,ahQ3CzAAVsCYH5b3rrDzuWITEycgMzRd/gwj5oNcIf7vCOHEGK/Q5B/Gnkw/mvwJ,1.554775,2.204616,3.134288,0,2591700,17.55397,Delay-insensitive,2,3.5
33600,ahQ3CzAAVsCYH5b3rrDzuWITEycgMzRd/gwj5oNcIf7vCOHEGK/Q5B/Gnkw/mvwJ,1.581464,3.404154,21.037034,0,2591700,17.55397,Delay-insensitive,2,3.5
33900,ahQ3CzAAVsCYH5b3rrDzuWITEycgMzRd/gwj5oNcIf7vCOHEGK/Q5B/Gnkw/mvwJ,1.582747,2.368743,3.723559,0,2591700,17.55397,Delay-insensitive,2,3.5
34200,ahQ3CzAAVsCYH5b3rrDzuWITEycgMzRd/gwj5oNcIf7vCOHEGK/Q5B/Gnkw/mvwJ,1.5907209999999998,2.730535,6.777121000000001,0,2591700,17.55397,Delay-insensitive,2,3.5
34500,ahQ3CzAAVsCYH5b3rrDzuWITEycgMzRd/gwj5oNcIf7vCOHEGK/Q5B/Gnkw/mvwJ,1.38599,2.024124,2.691006,0,2591700,17.55397,Delay-insensitive,2,3.5
34800,ahQ3CzAAVsCYH5b3rrDzuWITEycgMzRd/gwj5oNcIf7vCOHEGK/Q5B/Gnkw/mvwJ,1.685056,2.301669,3.3333800000000005,0,2591700,17.55397,Delay-insensitive,2,3.5
35100,ahQ3CzAAVsCYH5b3rrDzuWITEycgMzRd/gwj5oNcIf7vCOHEGK/Q5B/Gnkw/mvwJ,1.635159,2.216328,2.962565,0,2591700,17.55397,Delay-insensitive,2,3.5
35400,ahQ3CzAAVsCYH5b3rrDzuWITEycgMzRd/gwj5oNcIf7vCOHEGK/Q5B/Gnkw/mvwJ,0.958443,2.158179,3.069141,0,2591700,17.55397,Delay-insensitive,2,3.5
35700,ahQ3CzAAVsCYH5b3rrDzuWITEycgMzRd/gwj5oNcIf7vCOHEGK/Q5B/Gnkw/mvwJ,1.745249,2.254941,2.980699,0,2591700,17.55397,Delay-insensitive,2,3.5
36000,ahQ3CzAAVsCYH5b3rrDzuWITEycgMzRd/gwj5oNcIf7vCOHEGK/Q5B/Gnkw/mvwJ,1.05141,2.300409,3.927439,0,2591700,17.55397,Delay-insensitive,2,3.5
36300,ahQ3CzAAVsCYH5b3rrDzuWITEycgMzRd/gwj5oNcIf7vCOHEGK/Q5B/Gnkw/mvwJ,1.5656709999999998,2.112254,2.723781,0,2591700,17.55397,Delay-insensitive,2,3.5
36600,ahQ3CzAAVsCYH5b3rrDzuWITEycgMzRd/gwj5oNcIf7vCOHEGK/Q5B/Gnkw/mvwJ,1.633563,2.401206,4.115872,0,2591700,17.55397,Delay-insensitive,2,3.5
36900,ahQ3CzAAVsCYH5b3rrDzuWITEycgMzRd/gwj5oNcIf7vCOHEGK/Q5B/Gnkw/mvwJ,1.656306,2.195743,2.981814,0,2591700,17.55397,Delay-insensitive,2,3.5
37200,ahQ3CzAAVsCYH5b3rrDzuWITEycgMzRd/gwj5oNcIf7vCOHEGK/Q5B/Gnkw/mvwJ,1.098205,3.2951019999999995,11.346367,0,2591700,17.55397,Delay-insensitive,2,3.5
37500,ahQ3CzAAVsCYH5b3rrDzuWITEycgMzRd/gwj5oNcIf7vCOHEGK/Q5B/Gnkw/mvwJ,1.7124130000000002,2.280463,3.726528,0,2591700,17.55397,Delay-insensitive,2,3.5
37800,ahQ3CzAAVsCYH5b3rrDzuWITEycgMzRd/gwj5oNcIf7vCOHEGK/Q5B/Gnkw/mvwJ,1.662162,2.731029,6.12785,0,2591700,17.55397,Delay-insensitive,2,3.5
38100,ahQ3CzAAVsCYH5b3rrDzuWITEycgMzRd/gwj5oNcIf7vCOHEGK/Q5B/Gnkw/mvwJ,1.043732,2.142833,3.043943,0,2591700,17.55397,Delay-insensitive,2,3.5
38400,ahQ3CzAAVsCYH5b3rrDzuWITEycgMzRd/gwj5oNcIf7vCOHEGK/Q5B/Gnkw/mvwJ,1.8320490000000005,2.271351,3.497428,0,2591700,17.55397,Delay-insensitive,2,3.5
38700,ahQ3CzAAVsCYH5b3rrDzuWITEycgMzRd/gwj5oNcIf7vCOHEGK/Q5B/Gnkw/mvwJ,1.362688,2.096823,2.812504,0,2591700,17.55397,Delay-insensitive,2,3.5
39000,ahQ3CzAAVsCYH5b3rrDzuWITEycgMzRd/gwj5oNcIf7vCOHEGK/Q5B/Gnkw/mvwJ,1.774755,2.253452,2.944033,0,2591700,17.55397,Delay-insensitive,2,3.5
39300,ahQ3CzAAVsCYH5b3rrDzuWITEycgMzRd/gwj5oNcIf7vCOHEGK/Q5B/Gnkw/mvwJ,1.628426,2.362006,3.322507,0,2591700,17.55397,Delay-insensitive,2,3.5
39600,ahQ3CzAAVsCYH5b3rrDzuWITEycgMzRd/gwj5oNcIf7vCOHEGK/Q5B/Gnkw/mvwJ,1.600112,2.692334,5.732652,0,2591700,17.55397,Delay-insensitive,2,3.5
39900,ahQ3CzAAVsCYH5b3rrDzuWITEycgMzRd/gwj5oNcIf7vCOHEGK/Q5B/Gnkw/mvwJ,1.174857,2.103054,2.983564,0,2591700,17.55397,Delay-insensitive,2,3.5
40200,ahQ3CzAAVsCYH5b3rrDzuWITEycgMzRd/gwj5oNcIf7vCOHEGK/Q5B/Gnkw/mvwJ,1.701504,2.290715,3.327703,0,2591700,17.55397,Delay-insensitive,2,3.5
40500,ahQ3CzAAVsCYH5b3rrDzuWITEycgMzRd/gwj5oNcIf7vCOHEGK/Q5B/Gnkw/mvwJ,1.295718,2.128147,2.977143,0,2591700,17.55397,Delay-insensitive,2,3.5
40800,ahQ3CzAAVsCYH5b3rrDzuWITEycgMzRd/gwj5oNcIf7vCOHEGK/Q5B/Gnkw/mvwJ,0.788542,3.3357900000000003,21.726591,0,2591700,17.55397,Delay-insensitive,2,3.5
41100,ahQ3CzAAVsCYH5b3rrDzuWITEycgMzRd/gwj5oNcIf7vCOHEGK/Q5B/Gnkw/mvwJ,1.634289,2.242548,3.036052,0,2591700,17.55397,Delay-insensitive,2,3.5
41400,ahQ3CzAAVsCYH5b3rrDzuWITEycgMzRd/gwj5oNcIf7vCOHEGK/Q5B/Gnkw/mvwJ,0.877237,2.263766,4.177495,0,2591700,17.55397,Delay-insensitive,2,3.5
41700,ahQ3CzAAVsCYH5b3rrDzuWITEycgMzRd/gwj5oNcIf7vCOHEGK/Q5B/Gnkw/mvwJ,1.591743,2.221171,2.931233,0,2591700,17.55397,Delay-insensitive,2,3.5
42000,ahQ3CzAAVsCYH5b3rrDzuWITEycgMzRd/gwj5oNcIf7vCOHEGK/Q5B/Gnkw/mvwJ,1.786668,2.30956,3.219112,0,2591700,17.55397,Delay-insensitive,2,3.5
42300,ahQ3CzAAVsCYH5b3rrDzuWITEycgMzRd/gwj5oNcIf7vCOHEGK/Q5B/Gnkw/mvwJ,1.732959,2.175748,2.885261,0,2591700,17.55397,Delay-insensitive,2,3.5
42600,ahQ3CzAAVsCYH5b3rrDzuWITEycgMzRd/gwj5oNcIf7vCOHEGK/Q5B/Gnkw/mvwJ,1.629692,2.227677,3.4501660000000003,0,2591700,17.55397,Delay-insensitive,2,3.5
42900,ahQ3CzAAVsCYH5b3rrDzuWITEycgMzRd/gwj5oNcIf7vCOHEGK/Q5B/Gnkw/mvwJ,1.7434,2.256847,3.107476,0,2591700,17.55397,Delay-insensitive,2,3.5
43200,ahQ3CzAAVsCYH5b3rrDzuWITEycgMzRd/gwj5oNcIf7vCOHEGK/Q5B/Gnkw/mvwJ,1.655513,3.087903,9.127743,0,2591700,17.55397,Delay-insensitive,2,3.5
43500,ahQ3CzAAVsCYH5b3rrDzuWITEycgMzRd/gwj5oNcIf7vCOHEGK/Q5B/Gnkw/mvwJ,1.294098,2.146573,2.972129,0,2591700,17.55397,Delay-insensitive,2,3.5
43800,ahQ3CzAAVsCYH5b3rrDzuWITEycgMzRd/gwj5oNcIf7vCOHEGK/Q5B/Gnkw/mvwJ,1.678911,2.27062,3.296031,0,2591700,17.55397,Delay-insensitive,2,3.5
44100,ahQ3CzAAVsCYH5b3rrDzuWITEycgMzRd/gwj5oNcIf7vCOHEGK/Q5B/Gnkw/mvwJ,1.162093,2.119114,3.403254,0,2591700,17.55397,Delay-insensitive,2,3.5
44400,ahQ3CzAAVsCYH5b3rrDzuWITEycgMzRd/gwj5oNcIf7vCOHEGK/Q5B/Gnkw/mvwJ,1.656991,3.4455,16.864382,0,2591700,17.55397,Delay-insensitive,2,3.5
44700,ahQ3CzAAVsCYH5b3rrDzuWITEycgMzRd/gwj5oNcIf7vCOHEGK/Q5B/Gnkw/mvwJ,1.5589959999999998,2.24215,3.130364,0,2591700,17.55397,Delay-insensitive,2,3.5
45000,ahQ3CzAAVsCYH5b3rrDzuWITEycgMzRd/gwj5oNcIf7vCOHEGK/Q5B/Gnkw/mvwJ,1.687025,2.692868,5.725918,0,2591700,17.55397,Delay-insensitive,2,3.5
45300,ahQ3CzAAVsCYH5b3rrDzuWITEycgMzRd/gwj5oNcIf7vCOHEGK/Q5B/Gnkw/mvwJ,1.516692,2.173562,3.0852150000000003,0,2591700,17.55397,Delay-insensitive,2,3.5
45600,ahQ3CzAAVsCYH5b3rrDzuWITEycgMzRd/gwj5oNcIf7vCOHEGK/Q5B/Gnkw/mvwJ,1.538586,2.345994,3.752905,0,2591700,17.55397,Delay-insensitive,2,3.5
45900,ahQ3CzAAVsCYH5b3rrDzuWITEycgMzRd/gwj5oNcIf7vCOHEGK/Q5B/Gnkw/mvwJ,1.6388599999999998,2.477328,7.370862,0,2591700,17.55397,Delay-insensitive,2,3.5
46200,ahQ3CzAAVsCYH5b3rrDzuWITEycgMzRd/gwj5oNcIf7vCOHEGK/Q5B/Gnkw/mvwJ,1.355679,2.229976,3.5593800000000004,0,2591700,17.55397,Delay-insensitive,2,3.5
46500,ahQ3CzAAVsCYH5b3rrDzuWITEycgMzRd/gwj5oNcIf7vCOHEGK/Q5B/Gnkw/mvwJ,1.68176,2.267245,3.711916,0,2591700,17.55397,Delay-insensitive,2,3.5
46800,ahQ3CzAAVsCYH5b3rrDzuWITEycgMzRd/gwj5oNcIf7vCOHEGK/Q5B/Gnkw/mvwJ,1.678936,2.459413,4.168449,0,2591700,17.55397,Delay-insensitive,2,3.5
47100,ahQ3CzAAVsCYH5b3rrDzuWITEycgMzRd/gwj5oNcIf7vCOHEGK/Q5B/Gnkw/mvwJ,1.667938,2.227713,3.160421,0,2591700,17.55397,Delay-insensitive,2,3.5
47400,ahQ3CzAAVsCYH5b3rrDzuWITEycgMzRd/gwj5oNcIf7vCOHEGK/Q5B/Gnkw/mvwJ,1.556693,2.276256,3.669406,0,2591700,17.55397,Delay-insensitive,2,3.5
47700,ahQ3CzAAVsCYH5b3rrDzuWITEycgMzRd/gwj5oNcIf7vCOHEGK/Q5B/Gnkw/mvwJ,1.662434,2.153465,3.078387,0,2591700,17.55397,Delay-insensitive,2,3.5
48000,ahQ3CzAAVsCYH5b3rrDzuWITEycgMzRd/gwj5oNcIf7vCOHEGK/Q5B/Gnkw/mvwJ,1.603299,3.582304,21.719534,0,2591700,17.55397,Delay-insensitive,2,3.5
48300,ahQ3CzAAVsCYH5b3rrDzuWITEycgMzRd/gwj5oNcIf7vCOHEGK/Q5B/Gnkw/mvwJ,1.636621,2.2289950000000003,3.164827,0,2591700,17.55397,Delay-insensitive,2,3.5
48600,ahQ3CzAAVsCYH5b3rrDzuWITEycgMzRd/gwj5oNcIf7vCOHEGK/Q5B/Gnkw/mvwJ,1.6752349999999998,2.741847,5.375225,0,2591700,17.55397,Delay-insensitive,2,3.5
48900,ahQ3CzAAVsCYH5b3rrDzuWITEycgMzRd/gwj5oNcIf7vCOHEGK/Q5B/Gnkw/mvwJ,1.519541,2.180605,2.988383,0,2591700,17.55397,Delay-insensitive,2,3.5
49200,ahQ3CzAAVsCYH5b3rrDzuWITEycgMzRd/gwj5oNcIf7vCOHEGK/Q5B/Gnkw/mvwJ,1.670504,2.283657,3.323976,0,2591700,17.55397,Delay-insensitive,2,3.5
49500,ahQ3CzAAVsCYH5b3rrDzuWITEycgMzRd/gwj5oNcIf7vCOHEGK/Q5B/Gnkw/mvwJ,1.45368,2.185786,3.710123,0,2591700,17.55397,Delay-insensitive,2,3.5
49800,ahQ3CzAAVsCYH5b3rrDzuWITEycgMzRd/gwj5oNcIf7vCOHEGK/Q5B/Gnkw/mvwJ,1.626871,2.246681,3.065656,0,2591700,17.55397,Delay-insensitive,2,3.5
50100,ahQ3CzAAVsCYH5b3rrDzuWITEycgMzRd/gwj5oNcIf7vCOHEGK/Q5B/Gnkw/mvwJ,1.5726950000000002,2.261349,3.00747,0,2591700,17.55397,Delay-insensitive,2,3.5
50400,ahQ3CzAAVsCYH5b3rrDzuWITEycgMzRd/gwj5oNcIf7vCOHEGK/Q5B/Gnkw/mvwJ,1.699847,2.718666,5.631565,0,2591700,17.55397,Delay-insensitive,2,3.5
50700,ahQ3CzAAVsCYH5b3rrDzuWITEycgMzRd/gwj5oNcIf7vCOHEGK/Q5B/Gnkw/mvwJ,1.460905,2.100885,2.775276,0,2591700,17.55397,Delay-insensitive,2,3.5
51000,ahQ3CzAAVsCYH5b3rrDzuWITEycgMzRd/gwj5oNcIf7vCOHEGK/Q5B/Gnkw/mvwJ,1.715353,2.224715,2.8523970000000003,0,2591700,17.55397,Delay-insensitive,2,3.5
51300,ahQ3CzAAVsCYH5b3rrDzuWITEycgMzRd/gwj5oNcIf7vCOHEGK/Q5B/Gnkw/mvwJ,1.7269,2.19981,2.851265,0,2591700,17.55397,Delay-insensitive,2,3.5
51600,ahQ3CzAAVsCYH5b3rrDzuWITEycgMzRd/gwj5oNcIf7vCOHEGK/Q5B/Gnkw/mvwJ,0.934161,3.394564,17.253197,0,2591700,17.55397,Delay-insensitive,2,3.5
51900,ahQ3CzAAVsCYH5b3rrDzuWITEycgMzRd/gwj5oNcIf7vCOHEGK/Q5B/Gnkw/mvwJ,1.711427,2.250818,3.279625,0,2591700,17.55397,Delay-insensitive,2,3.5
52200,ahQ3CzAAVsCYH5b3rrDzuWITEycgMzRd/gwj5oNcIf7vCOHEGK/Q5B/Gnkw/mvwJ,2.067941,7.556567,86.275875,0,2591700,17.55397,Delay-insensitive,2,3.5
52500,ahQ3CzAAVsCYH5b3rrDzuWITEycgMzRd/gwj5oNcIf7vCOHEGK/Q5B/Gnkw/mvwJ,1.735614,3.291384,11.695632000000002,0,2591700,17.55397,Delay-insensitive,2,3.5
52800,ahQ3CzAAVsCYH5b3rrDzuWITEycgMzRd/gwj5oNcIf7vCOHEGK/Q5B/Gnkw/mvwJ,1.665134,2.369004,3.5287230000000003,0,2591700,17.55397,Delay-insensitive,2,3.5
53100,ahQ3CzAAVsCYH5b3rrDzuWITEycgMzRd/gwj5oNcIf7vCOHEGK/Q5B/Gnkw/mvwJ,1.887043,2.278781,2.711417,0,2591700,17.55397,Delay-insensitive,2,3.5
53400,ahQ3CzAAVsCYH5b3rrDzuWITEycgMzRd/gwj5oNcIf7vCOHEGK/Q5B/Gnkw/mvwJ,0.82675,2.132854,2.6301330000000003,0,2591700,17.55397,Delay-insensitive,2,3.5
53700,ahQ3CzAAVsCYH5b3rrDzuWITEycgMzRd/gwj5oNcIf7vCOHEGK/Q5B/Gnkw/mvwJ,1.753915,2.191983,2.96767,0,2591700,17.55397,Delay-insensitive,2,3.5
54000,ahQ3CzAAVsCYH5b3rrDzuWITEycgMzRd/gwj5oNcIf7vCOHEGK/Q5B/Gnkw/mvwJ,1.769784,2.738578,5.943401000000001,0,2591700,17.55397,Delay-insensitive,2,3.5
54300,ahQ3CzAAVsCYH5b3rrDzuWITEycgMzRd/gwj5oNcIf7vCOHEGK/Q5B/Gnkw/mvwJ,1.064709,2.1308830000000003,2.836373,0,2591700,17.55397,Delay-insensitive,2,3.5
54600,ahQ3CzAAVsCYH5b3rrDzuWITEycgMzRd/gwj5oNcIf7vCOHEGK/Q5B/Gnkw/mvwJ,1.7258080000000002,2.172283,2.778726,0,2591700,17.55397,Delay-insensitive,2,3.5
54900,ahQ3CzAAVsCYH5b3rrDzuWITEycgMzRd/gwj5oNcIf7vCOHEGK/Q5B/Gnkw/mvwJ,0.8347870000000001,1.981581,2.671561,0,2591700,17.55397,Delay-insensitive,2,3.5
55200,ahQ3CzAAVsCYH5b3rrDzuWITEycgMzRd/gwj5oNcIf7vCOHEGK/Q5B/Gnkw/mvwJ,1.6971630000000002,3.425637,16.190617,0,2591700,17.55397,Delay-insensitive,2,3.5
55500,ahQ3CzAAVsCYH5b3rrDzuWITEycgMzRd/gwj5oNcIf7vCOHEGK/Q5B/Gnkw/mvwJ,1.642461,2.205981,2.757621,0,2591700,17.55397,Delay-insensitive,2,3.5
55800,ahQ3CzAAVsCYH5b3rrDzuWITEycgMzRd/gwj5oNcIf7vCOHEGK/Q5B/Gnkw/mvwJ,1.6915619999999998,2.729981,6.633004,0,2591700,17.55397,Delay-insensitive,2,3.5
56100,ahQ3CzAAVsCYH5b3rrDzuWITEycgMzRd/gwj5oNcIf7vCOHEGK/Q5B/Gnkw/mvwJ,1.081691,2.046215,2.626046,0,2591700,17.55397,Delay-insensitive,2,3.5
56400,ahQ3CzAAVsCYH5b3rrDzuWITEycgMzRd/gwj5oNcIf7vCOHEGK/Q5B/Gnkw/mvwJ,1.712378,2.228991,2.633167,0,2591700,17.55397,Delay-insensitive,2,3.5
56700,ahQ3CzAAVsCYH5b3rrDzuWITEycgMzRd/gwj5oNcIf7vCOHEGK/Q5B/Gnkw/mvwJ,1.670295,2.243001,3.3852480000000003,0,2591700,17.55397,Delay-insensitive,2,3.5
57000,ahQ3CzAAVsCYH5b3rrDzuWITEycgMzRd/gwj5oNcIf7vCOHEGK/Q5B/Gnkw/mvwJ,1.413959,2.165689,2.9293720000000003,0,2591700,17.55397,Delay-insensitive,2,3.5
57300,ahQ3CzAAVsCYH5b3rrDzuWITEycgMzRd/gwj5oNcIf7vCOHEGK/Q5B/Gnkw/mvwJ,1.7857299999999998,2.205046,2.904468,0,2591700,17.55397,Delay-insensitive,2,3.5
57600,ahQ3CzAAVsCYH5b3rrDzuWITEycgMzRd/gwj5oNcIf7vCOHEGK/Q5B/Gnkw/mvwJ,1.645965,3.470721,11.803862,0,2591700,17.55397,Delay-insensitive,2,3.5
57900,ahQ3CzAAVsCYH5b3rrDzuWITEycgMzRd/gwj5oNcIf7vCOHEGK/Q5B/Gnkw/mvwJ,1.600208,2.186083,3.191994,0,2591700,17.55397,Delay-insensitive,2,3.5
58200,ahQ3CzAAVsCYH5b3rrDzuWITEycgMzRd/gwj5oNcIf7vCOHEGK/Q5B/Gnkw/mvwJ,1.667327,2.244584,3.343393,0,2591700,17.55397,Delay-insensitive,2,3.5
58500,ahQ3CzAAVsCYH5b3rrDzuWITEycgMzRd/gwj5oNcIf7vCOHEGK/Q5B/Gnkw/mvwJ,1.7020689999999998,2.230455,3.265422,0,2591700,17.55397,Delay-insensitive,2,3.5
58800,ahQ3CzAAVsCYH5b3rrDzuWITEycgMzRd/gwj5oNcIf7vCOHEGK/Q5B/Gnkw/mvwJ,1.1250129999999998,3.379442,20.606437,0,2591700,17.55397,Delay-insensitive,2,3.5
59100,ahQ3CzAAVsCYH5b3rrDzuWITEycgMzRd/gwj5oNcIf7vCOHEGK/Q5B/Gnkw/mvwJ,1.608696,2.159089,2.967171,0,2591700,17.55397,Delay-insensitive,2,3.5
59400,ahQ3CzAAVsCYH5b3rrDzuWITEycgMzRd/gwj5oNcIf7vCOHEGK/Q5B/Gnkw/mvwJ,1.604429,2.71345,7.256597,0,2591700,17.55397,Delay-insensitive,2,3.5
59700,ahQ3CzAAVsCYH5b3rrDzuWITEycgMzRd/gwj5oNcIf7vCOHEGK/Q5B/Gnkw/mvwJ,1.439393,2.217802,2.949861,0,2591700,17.55397,Delay-insensitive,2,3.5
60000,ahQ3CzAAVsCYH5b3rrDzuWITEycgMzRd/gwj5oNcIf7vCOHEGK/Q5B/Gnkw/mvwJ,1.690896,2.265585,3.279006,0,2591700,17.55397,Delay-insensitive,2,3.5
60300,ahQ3CzAAVsCYH5b3rrDzuWITEycgMzRd/gwj5oNcIf7vCOHEGK/Q5B/Gnkw/mvwJ,1.1591360000000002,2.193637,3.846387,0,2591700,17.55397,Delay-insensitive,2,3.5
60600,ahQ3CzAAVsCYH5b3rrDzuWITEycgMzRd/gwj5oNcIf7vCOHEGK/Q5B/Gnkw/mvwJ,1.749096,2.247457,3.010704,0,2591700,17.55397,Delay-insensitive,2,3.5
60900,ahQ3CzAAVsCYH5b3rrDzuWITEycgMzRd/gwj5oNcIf7vCOHEGK/Q5B/Gnkw/mvwJ,1.826184,10.113363,88.390635,0,2591700,17.55397,Delay-insensitive,2,3.5
61200,ahQ3CzAAVsCYH5b3rrDzuWITEycgMzRd/gwj5oNcIf7vCOHEGK/Q5B/Gnkw/mvwJ,1.657231,2.8803080000000003,8.029063,0,2591700,17.55397,Delay-insensitive,2,3.5
61500,ahQ3CzAAVsCYH5b3rrDzuWITEycgMzRd/gwj5oNcIf7vCOHEGK/Q5B/Gnkw/mvwJ,1.3404040000000002,8.407894,54.20738299999999,0,2591700,17.55397,Delay-insensitive,2,3.5
61800,ahQ3CzAAVsCYH5b3rrDzuWITEycgMzRd/gwj5oNcIf7vCOHEGK/Q5B/Gnkw/mvwJ,1.717855,2.231239,3.222991,0,2591700,17.55397,Delay-insensitive,2,3.5
62100,ahQ3CzAAVsCYH5b3rrDzuWITEycgMzRd/gwj5oNcIf7vCOHEGK/Q5B/Gnkw/mvwJ,1.677845,2.247991,3.59372,0,2591700,17.55397,Delay-insensitive,2,3.5
62400,ahQ3CzAAVsCYH5b3rrDzuWITEycgMzRd/gwj5oNcIf7vCOHEGK/Q5B/Gnkw/mvwJ,0.8266530000000001,3.331604,10.738493,0,2591700,17.55397,Delay-insensitive,2,3.5
62700,ahQ3CzAAVsCYH5b3rrDzuWITEycgMzRd/gwj5oNcIf7vCOHEGK/Q5B/Gnkw/mvwJ,1.55655,2.173871,3.175459,0,2591700,17.55397,Delay-insensitive,2,3.5
63000,ahQ3CzAAVsCYH5b3rrDzuWITEycgMzRd/gwj5oNcIf7vCOHEGK/Q5B/Gnkw/mvwJ,1.686035,2.75884,8.411149,0,2591700,17.55397,Delay-insensitive,2,3.5
63300,ahQ3CzAAVsCYH5b3rrDzuWITEycgMzRd/gwj5oNcIf7vCOHEGK/Q5B/Gnkw/mvwJ,1.572709,2.419883,4.35565,0,2591700,17.55397,Delay-insensitive,2,3.5
63600,ahQ3CzAAVsCYH5b3rrDzuWITEycgMzRd/gwj5oNcIf7vCOHEGK/Q5B/Gnkw/mvwJ,1.6746990000000002,2.306884,3.4862580000000003,0,2591700,17.55397,Delay-insensitive,2,3.5
63900,ahQ3CzAAVsCYH5b3rrDzuWITEycgMzRd/gwj5oNcIf7vCOHEGK/Q5B/Gnkw/mvwJ,1.6765259999999995,2.208573,3.4335050000000003,0,2591700,17.55397,Delay-insensitive,2,3.5
64200,ahQ3CzAAVsCYH5b3rrDzuWITEycgMzRd/gwj5oNcIf7vCOHEGK/Q5B/Gnkw/mvwJ,1.0112219999999998,2.08541,2.811221,0,2591700,17.55397,Delay-insensitive,2,3.5
64500,ahQ3CzAAVsCYH5b3rrDzuWITEycgMzRd/gwj5oNcIf7vCOHEGK/Q5B/Gnkw/mvwJ,1.781278,2.241332,3.061753,0,2591700,17.55397,Delay-insensitive,2,3.5
64800,ahQ3CzAAVsCYH5b3rrDzuWITEycgMzRd/gwj5oNcIf7vCOHEGK/Q5B/Gnkw/mvwJ,1.6510060000000002,2.7375540000000003,7.027713,0,2591700,17.55397,Delay-insensitive,2,3.5
65100,ahQ3CzAAVsCYH5b3rrDzuWITEycgMzRd/gwj5oNcIf7vCOHEGK/Q5B/Gnkw/mvwJ,1.379567,2.069929,2.885373,0,2591700,17.55397,Delay-insensitive,2,3.5
65400,ahQ3CzAAVsCYH5b3rrDzuWITEycgMzRd/gwj5oNcIf7vCOHEGK/Q5B/Gnkw/mvwJ,1.834196,2.265968,2.917985,0,2591700,17.55397,Delay-insensitive,2,3.5
65700,ahQ3CzAAVsCYH5b3rrDzuWITEycgMzRd/gwj5oNcIf7vCOHEGK/Q5B/Gnkw/mvwJ,1.6764740000000002,2.384655,4.108062,0,2591700,17.55397,Delay-insensitive,2,3.5
66000,ahQ3CzAAVsCYH5b3rrDzuWITEycgMzRd/gwj5oNcIf7vCOHEGK/Q5B/Gnkw/mvwJ,1.6679669999999998,3.351982,15.114113,0,2591700,17.55397,Delay-insensitive,2,3.5
66300,ahQ3CzAAVsCYH5b3rrDzuWITEycgMzRd/gwj5oNcIf7vCOHEGK/Q5B/Gnkw/mvwJ,1.865283,2.440128,4.072554,0,2591700,17.55397,Delay-insensitive,2,3.5
66600,ahQ3CzAAVsCYH5b3rrDzuWITEycgMzRd/gwj5oNcIf7vCOHEGK/Q5B/Gnkw/mvwJ,1.70446,2.779666,5.776231,0,2591700,17.55397,Delay-insensitive,2,3.5
66900,ahQ3CzAAVsCYH5b3rrDzuWITEycgMzRd/gwj5oNcIf7vCOHEGK/Q5B/Gnkw/mvwJ,1.521278,2.1455580000000003,3.085931,0,2591700,17.55397,Delay-insensitive,2,3.5
67200,ahQ3CzAAVsCYH5b3rrDzuWITEycgMzRd/gwj5oNcIf7vCOHEGK/Q5B/Gnkw/mvwJ,1.977899,2.324688,2.657703,0,2591700,17.55397,Delay-insensitive,2,3.5
67500,ahQ3CzAAVsCYH5b3rrDzuWITEycgMzRd/gwj5oNcIf7vCOHEGK/Q5B/Gnkw/mvwJ,1.756678,2.1731540000000003,3.5166510000000004,0,2591700,17.55397,Delay-insensitive,2,3.5
67800,ahQ3CzAAVsCYH5b3rrDzuWITEycgMzRd/gwj5oNcIf7vCOHEGK/Q5B/Gnkw/mvwJ,0.634374,2.057105,2.702985,0,2591700,17.55397,Delay-insensitive,2,3.5
68100,ahQ3CzAAVsCYH5b3rrDzuWITEycgMzRd/gwj5oNcIf7vCOHEGK/Q5B/Gnkw/mvwJ,1.946668,2.217198,2.7928040000000003,0,2591700,17.55397,Delay-insensitive,2,3.5
68400,ahQ3CzAAVsCYH5b3rrDzuWITEycgMzRd/gwj5oNcIf7vCOHEGK/Q5B/Gnkw/mvwJ,0.7934680000000001,2.27416,3.907175,0,2591700,17.55397,Delay-insensitive,2,3.5
68700,ahQ3CzAAVsCYH5b3rrDzuWITEycgMzRd/gwj5oNcIf7vCOHEGK/Q5B/Gnkw/mvwJ,1.771721,2.16245,2.699478,0,2591700,17.55397,Delay-insensitive,2,3.5
69000,ahQ3CzAAVsCYH5b3rrDzuWITEycgMzRd/gwj5oNcIf7vCOHEGK/Q5B/Gnkw/mvwJ,1.254275,2.205247,2.700072,0,2591700,17.55397,Delay-insensitive,2,3.5
69300,ahQ3CzAAVsCYH5b3rrDzuWITEycgMzRd/gwj5oNcIf7vCOHEGK/Q5B/Gnkw/mvwJ,1.694775,2.205162,3.243651,0,2591700,17.55397,Delay-insensitive,2,3.5
69600,ahQ3CzAAVsCYH5b3rrDzuWITEycgMzRd/gwj5oNcIf7vCOHEGK/Q5B/Gnkw/mvwJ,1.564108,3.336562,21.350449,0,2591700,17.55397,Delay-insensitive,2,3.5
69900,ahQ3CzAAVsCYH5b3rrDzuWITEycgMzRd/gwj5oNcIf7vCOHEGK/Q5B/Gnkw/mvwJ,1.693096,2.251629,2.76328,0,2591700,17.55397,Delay-insensitive,2,3.5
70200,ahQ3CzAAVsCYH5b3rrDzuWITEycgMzRd/gwj5oNcIf7vCOHEGK/Q5B/Gnkw/mvwJ,0.960285,2.623596,6.48447,0,2591700,17.55397,Delay-insensitive,2,3.5
70500,ahQ3CzAAVsCYH5b3rrDzuWITEycgMzRd/gwj5oNcIf7vCOHEGK/Q5B/Gnkw/mvwJ,0.909263,2.023964,2.98042,0,2591700,17.55397,Delay-insensitive,2,3.5
70800,ahQ3CzAAVsCYH5b3rrDzuWITEycgMzRd/gwj5oNcIf7vCOHEGK/Q5B/Gnkw/mvwJ,1.8318,2.277313,2.748275,0,2591700,17.55397,Delay-insensitive,2,3.5
71100,ahQ3CzAAVsCYH5b3rrDzuWITEycgMzRd/gwj5oNcIf7vCOHEGK/Q5B/Gnkw/mvwJ,1.412248,2.205296,2.854202,0,2591700,17.55397,Delay-insensitive,2,3.5
71400,ahQ3CzAAVsCYH5b3rrDzuWITEycgMzRd/gwj5oNcIf7vCOHEGK/Q5B/Gnkw/mvwJ,1.789625,2.221798,2.884995,0,2591700,17.55397,Delay-insensitive,2,3.5
71700,ahQ3CzAAVsCYH5b3rrDzuWITEycgMzRd/gwj5oNcIf7vCOHEGK/Q5B/Gnkw/mvwJ,1.628827,2.260146,3.3191010000000003,0,2591700,17.55397,Delay-insensitive,2,3.5
72000,ahQ3CzAAVsCYH5b3rrDzuWITEycgMzRd/gwj5oNcIf7vCOHEGK/Q5B/Gnkw/mvwJ,1.608477,2.742919,5.735624,0,2591700,17.55397,Delay-insensitive,2,3.5
72300,ahQ3CzAAVsCYH5b3rrDzuWITEycgMzRd/gwj5oNcIf7vCOHEGK/Q5B/Gnkw/mvwJ,1.668709,2.175991,3.281181,0,2591700,17.55397,Delay-insensitive,2,3.5
72600,ahQ3CzAAVsCYH5b3rrDzuWITEycgMzRd/gwj5oNcIf7vCOHEGK/Q5B/Gnkw/mvwJ,1.7149869999999998,2.308194,3.3096050000000004,0,2591700,17.55397,Delay-insensitive,2,3.5
72900,ahQ3CzAAVsCYH5b3rrDzuWITEycgMzRd/gwj5oNcIf7vCOHEGK/Q5B/Gnkw/mvwJ,1.692979,2.219832,3.385155,0,2591700,17.55397,Delay-insensitive,2,3.5
73200,ahQ3CzAAVsCYH5b3rrDzuWITEycgMzRd/gwj5oNcIf7vCOHEGK/Q5B/Gnkw/mvwJ,1.746807,3.339784,14.684482,0,2591700,17.55397,Delay-insensitive,2,3.5
73500,ahQ3CzAAVsCYH5b3rrDzuWITEycgMzRd/gwj5oNcIf7vCOHEGK/Q5B/Gnkw/mvwJ,1.614103,2.303725,3.340905,0,2591700,17.55397,Delay-insensitive,2,3.5
73800,ahQ3CzAAVsCYH5b3rrDzuWITEycgMzRd/gwj5oNcIf7vCOHEGK/Q5B/Gnkw/mvwJ,1.255624,2.369468,3.948587,0,2591700,17.55397,Delay-insensitive,2,3.5
74100,ahQ3CzAAVsCYH5b3rrDzuWITEycgMzRd/gwj5oNcIf7vCOHEGK/Q5B/Gnkw/mvwJ,1.709097,2.168167,2.8664,0,2591700,17.55397,Delay-insensitive,2,3.5
74400,ahQ3CzAAVsCYH5b3rrDzuWITEycgMzRd/gwj5oNcIf7vCOHEGK/Q5B/Gnkw/mvwJ,1.51036,2.281694,3.1496,0,2591700,17.55397,Delay-insensitive,2,3.5
74700,ahQ3CzAAVsCYH5b3rrDzuWITEycgMzRd/gwj5oNcIf7vCOHEGK/Q5B/Gnkw/mvwJ,1.750018,2.359035,3.456953,0,2591700,17.55397,Delay-insensitive,2,3.5
75000,ahQ3CzAAVsCYH5b3rrDzuWITEycgMzRd/gwj5oNcIf7vCOHEGK/Q5B/Gnkw/mvwJ,1.669318,2.159523,2.932362,0,2591700,17.55397,Delay-insensitive,2,3.5
75300,ahQ3CzAAVsCYH5b3rrDzuWITEycgMzRd/gwj5oNcIf7vCOHEGK/Q5B/Gnkw/mvwJ,1.622619,2.244386,3.153308,0,2591700,17.55397,Delay-insensitive,2,3.5
75600,ahQ3CzAAVsCYH5b3rrDzuWITEycgMzRd/gwj5oNcIf7vCOHEGK/Q5B/Gnkw/mvwJ,0.8643700000000001,2.643292,6.219055,0,2591700,17.55397,Delay-insensitive,2,3.5
75900,ahQ3CzAAVsCYH5b3rrDzuWITEycgMzRd/gwj5oNcIf7vCOHEGK/Q5B/Gnkw/mvwJ,1.7686810000000002,2.163129,2.7244580000000003,0,2591700,17.55397,Delay-insensitive,2,3.5
76200,ahQ3CzAAVsCYH5b3rrDzuWITEycgMzRd/gwj5oNcIf7vCOHEGK/Q5B/Gnkw/mvwJ,1.712776,2.21142,2.995592,0,2591700,17.55397,Delay-insensitive,2,3.5
76500,ahQ3CzAAVsCYH5b3rrDzuWITEycgMzRd/gwj5oNcIf7vCOHEGK/Q5B/Gnkw/mvwJ,1.322928,2.110307,2.948558,0,2591700,17.55397,Delay-insensitive,2,3.5
76800,ahQ3CzAAVsCYH5b3rrDzuWITEycgMzRd/gwj5oNcIf7vCOHEGK/Q5B/Gnkw/mvwJ,1.685456,3.3774230000000003,17.671997,0,2591700,17.55397,Delay-insensitive,2,3.5
77100,ahQ3CzAAVsCYH5b3rrDzuWITEycgMzRd/gwj5oNcIf7vCOHEGK/Q5B/Gnkw/mvwJ,1.151515,2.1134150000000003,3.0628330000000004,0,2591700,17.55397,Delay-insensitive,2,3.5
77400,ahQ3CzAAVsCYH5b3rrDzuWITEycgMzRd/gwj5oNcIf7vCOHEGK/Q5B/Gnkw/mvwJ,1.616769,2.699801,6.960886,0,2591700,17.55397,Delay-insensitive,2,3.5
77700,ahQ3CzAAVsCYH5b3rrDzuWITEycgMzRd/gwj5oNcIf7vCOHEGK/Q5B/Gnkw/mvwJ,1.6941099999999998,2.1739900000000003,2.744179,0,2591700,17.55397,Delay-insensitive,2,3.5
78000,ahQ3CzAAVsCYH5b3rrDzuWITEycgMzRd/gwj5oNcIf7vCOHEGK/Q5B/Gnkw/mvwJ,1.808846,2.277623,2.770457,0,2591700,17.55397,Delay-insensitive,2,3.5
78300,ahQ3CzAAVsCYH5b3rrDzuWITEycgMzRd/gwj5oNcIf7vCOHEGK/Q5B/Gnkw/mvwJ,0.953844,2.145852,3.045776,0,2591700,17.55397,Delay-insensitive,2,3.5
78600,ahQ3CzAAVsCYH5b3rrDzuWITEycgMzRd/gwj5oNcIf7vCOHEGK/Q5B/Gnkw/mvwJ,1.741012,2.24331,2.874193,0,2591700,17.55397,Delay-insensitive,2,3.5
78900,ahQ3CzAAVsCYH5b3rrDzuWITEycgMzRd/gwj5oNcIf7vCOHEGK/Q5B/Gnkw/mvwJ,1.412387,2.217824,3.449725,0,2591700,17.55397,Delay-insensitive,2,3.5
79200,ahQ3CzAAVsCYH5b3rrDzuWITEycgMzRd/gwj5oNcIf7vCOHEGK/Q5B/Gnkw/mvwJ,1.077334,2.229738,4.388525,0,2591700,17.55397,Delay-insensitive,2,3.5
79500,ahQ3CzAAVsCYH5b3rrDzuWITEycgMzRd/gwj5oNcIf7vCOHEGK/Q5B/Gnkw/mvwJ,1.641527,2.188517,3.078726,0,2591700,17.55397,Delay-insensitive,2,3.5
79800,ahQ3CzAAVsCYH5b3rrDzuWITEycgMzRd/gwj5oNcIf7vCOHEGK/Q5B/Gnkw/mvwJ,1.092344,2.193235,3.179579,0,2591700,17.55397,Delay-insensitive,2,3.5
80100,ahQ3CzAAVsCYH5b3rrDzuWITEycgMzRd/gwj5oNcIf7vCOHEGK/Q5B/Gnkw/mvwJ,1.710177,2.125853,2.835682,0,2591700,17.55397,Delay-insensitive,2,3.5
80400,ahQ3CzAAVsCYH5b3rrDzuWITEycgMzRd/gwj5oNcIf7vCOHEGK/Q5B/Gnkw/mvwJ,1.813626,3.478211,17.166370999999998,0,2591700,17.55397,Delay-insensitive,2,3.5
80700,ahQ3CzAAVsCYH5b3rrDzuWITEycgMzRd/gwj5oNcIf7vCOHEGK/Q5B/Gnkw/mvwJ,1.794314,2.244483,2.567471,0,2591700,17.55397,Delay-insensitive,2,3.5
81000,ahQ3CzAAVsCYH5b3rrDzuWITEycgMzRd/gwj5oNcIf7vCOHEGK/Q5B/Gnkw/mvwJ,1.648438,2.675902,5.703738,0,2591700,17.55397,Delay-insensitive,2,3.5
81300,ahQ3CzAAVsCYH5b3rrDzuWITEycgMzRd/gwj5oNcIf7vCOHEGK/Q5B/Gnkw/mvwJ,1.541808,2.023085,3.1425,0,2591700,17.55397,Delay-insensitive,2,3.5
81600,ahQ3CzAAVsCYH5b3rrDzuWITEycgMzRd/gwj5oNcIf7vCOHEGK/Q5B/Gnkw/mvwJ,0.783684,1.913582,2.605029,0,2591700,17.55397,Delay-insensitive,2,3.5
81900,ahQ3CzAAVsCYH5b3rrDzuWITEycgMzRd/gwj5oNcIf7vCOHEGK/Q5B/Gnkw/mvwJ,1.184044,1.877806,2.802793,0,2591700,17.55397,Delay-insensitive,2,3.5
82200,ahQ3CzAAVsCYH5b3rrDzuWITEycgMzRd/gwj5oNcIf7vCOHEGK/Q5B/Gnkw/mvwJ,1.539627,1.942449,2.905999,0,2591700,17.55397,Delay-insensitive,2,3.5
82500,ahQ3CzAAVsCYH5b3rrDzuWITEycgMzRd/gwj5oNcIf7vCOHEGK/Q5B/Gnkw/mvwJ,1.4292200000000002,1.979017,2.64215,0,2591700,17.55397,Delay-insensitive,2,3.5
82800,ahQ3CzAAVsCYH5b3rrDzuWITEycgMzRd/gwj5oNcIf7vCOHEGK/Q5B/Gnkw/mvwJ,1.448834,2.328203,5.873312,0,2591700,17.55397,Delay-insensitive,2,3.5
83100,ahQ3CzAAVsCYH5b3rrDzuWITEycgMzRd/gwj5oNcIf7vCOHEGK/Q5B/Gnkw/mvwJ,1.280423,1.822838,2.784601,0,2591700,17.55397,Delay-insensitive,2,3.5
83400,ahQ3CzAAVsCYH5b3rrDzuWITEycgMzRd/gwj5oNcIf7vCOHEGK/Q5B/Gnkw/mvwJ,1.503498,1.885601,2.645332,0,2591700,17.55397,Delay-insensitive,2,3.5
83700,ahQ3CzAAVsCYH5b3rrDzuWITEycgMzRd/gwj5oNcIf7vCOHEGK/Q5B/Gnkw/mvwJ,1.366163,1.721134,2.613909,0,2591700,17.55397,Delay-insensitive,2,3.5
84000,ahQ3CzAAVsCYH5b3rrDzuWITEycgMzRd/gwj5oNcIf7vCOHEGK/Q5B/Gnkw/mvwJ,1.507806,3.372903,19.213174,0,2591700,17.55397,Delay-insensitive,2,3.5
84300,ahQ3CzAAVsCYH5b3rrDzuWITEycgMzRd/gwj5oNcIf7vCOHEGK/Q5B/Gnkw/mvwJ,0.604722,2.092518,3.09848,0,2591700,17.55397,Delay-insensitive,2,3.5
84600,ahQ3CzAAVsCYH5b3rrDzuWITEycgMzRd/gwj5oNcIf7vCOHEGK/Q5B/Gnkw/mvwJ,1.476988,2.299558,4.437185,0,2591700,17.55397,Delay-insensitive,2,3.5
84900,ahQ3CzAAVsCYH5b3rrDzuWITEycgMzRd/gwj5oNcIf7vCOHEGK/Q5B/Gnkw/mvwJ,1.6950490000000002,2.203043,3.89805,0,2591700,17.55397,Delay-insensitive,2,3.5
85200,ahQ3CzAAVsCYH5b3rrDzuWITEycgMzRd/gwj5oNcIf7vCOHEGK/Q5B/Gnkw/mvwJ,1.6377389999999998,2.133128,2.910788,0,2591700,17.55397,Delay-insensitive,2,3.5
85500,ahQ3CzAAVsCYH5b3rrDzuWITEycgMzRd/gwj5oNcIf7vCOHEGK/Q5B/Gnkw/mvwJ,1.81481,2.159618,3.047818,0,2591700,17.55397,Delay-insensitive,2,3.5
85800,ahQ3CzAAVsCYH5b3rrDzuWITEycgMzRd/gwj5oNcIf7vCOHEGK/Q5B/Gnkw/mvwJ,0.760637,2.166295,3.430702,0,2591700,17.55397,Delay-insensitive,2,3.5
86100,ahQ3CzAAVsCYH5b3rrDzuWITEycgMzRd/gwj5oNcIf7vCOHEGK/Q5B/Gnkw/mvwJ,1.861122,2.246815,3.118884,0,2591700,17.55397,Delay-insensitive,2,3.5
86400,ahQ3CzAAVsCYH5b3rrDzuWITEycgMzRd/gwj5oNcIf7vCOHEGK/Q5B/Gnkw/mvwJ,1.828954,2.604061,6.401991000000001,0,2591700,17.55397,Delay-insensitive,2,3.5
86700,ahQ3CzAAVsCYH5b3rrDzuWITEycgMzRd/gwj5oNcIf7vCOHEGK/Q5B/Gnkw/mvwJ,1.7816880000000002,2.210544,3.4043650000000003,0,2591700,17.55397,Delay-insensitive,2,3.5
87000,ahQ3CzAAVsCYH5b3rrDzuWITEycgMzRd/gwj5oNcIf7vCOHEGK/Q5B/Gnkw/mvwJ,0.700298,2.15136,2.932584,0,2591700,17.55397,Delay-insensitive,2,3.5
87300,ahQ3CzAAVsCYH5b3rrDzuWITEycgMzRd/gwj5oNcIf7vCOHEGK/Q5B/Gnkw/mvwJ,1.452562,2.235154,2.87722,0,2591700,17.55397,Delay-insensitive,2,3.5
87600,ahQ3CzAAVsCYH5b3rrDzuWITEycgMzRd/gwj5oNcIf7vCOHEGK/Q5B/Gnkw/mvwJ,1.7702919999999998,2.874199,9.664827,0,2591700,17.55397,Delay-insensitive,2,3.5
87900,ahQ3CzAAVsCYH5b3rrDzuWITEycgMzRd/gwj5oNcIf7vCOHEGK/Q5B/Gnkw/mvwJ,1.782345,2.715109,8.071814,0,2591700,17.55397,Delay-insensitive,2,3.5
88200,ahQ3CzAAVsCYH5b3rrDzuWITEycgMzRd/gwj5oNcIf7vCOHEGK/Q5B/Gnkw/mvwJ,1.932176,12.564128,41.116592,0,2591700,17.55397,Delay-insensitive,2,3.5
88500,ahQ3CzAAVsCYH5b3rrDzuWITEycgMzRd/gwj5oNcIf7vCOHEGK/Q5B/Gnkw/mvwJ,0.8921469999999999,2.129938,3.136978,0,2591700,17.55397,Delay-insensitive,2,3.5
88800,ahQ3CzAAVsCYH5b3rrDzuWITEycgMzRd/gwj5oNcIf7vCOHEGK/Q5B/Gnkw/mvwJ,1.763063,2.25581,3.098069,0,2591700,17.55397,Delay-insensitive,2,3.5
89100,ahQ3CzAAVsCYH5b3rrDzuWITEycgMzRd/gwj5oNcIf7vCOHEGK/Q5B/Gnkw/mvwJ,1.490525,2.176541,2.813253,0,2591700,17.55397,Delay-insensitive,2,3.5
89400,ahQ3CzAAVsCYH5b3rrDzuWITEycgMzRd/gwj5oNcIf7vCOHEGK/Q5B/Gnkw/mvwJ,1.769139,2.250538,3.015507,0,2591700,17.55397,Delay-insensitive,2,3.5
89700,ahQ3CzAAVsCYH5b3rrDzuWITEycgMzRd/gwj5oNcIf7vCOHEGK/Q5B/Gnkw/mvwJ,1.908998,6.851644,21.483395,0,2591700,17.55397,Delay-insensitive,2,3.5
90000,ahQ3CzAAVsCYH5b3rrDzuWITEycgMzRd/gwj5oNcIf7vCOHEGK/Q5B/Gnkw/mvwJ,0.79494,2.805429,6.545676,0,2591700,17.55397,Delay-insensitive,2,3.5
90300,ahQ3CzAAVsCYH5b3rrDzuWITEycgMzRd/gwj5oNcIf7vCOHEGK/Q5B/Gnkw/mvwJ,1.743398,2.218364,3.0789310000000003,0,2591700,17.55397,Delay-insensitive,2,3.5
90600,ahQ3CzAAVsCYH5b3rrDzuWITEycgMzRd/gwj5oNcIf7vCOHEGK/Q5B/Gnkw/mvwJ,1.7232580000000002,2.2652240000000003,3.97456,0,2591700,17.55397,Delay-insensitive,2,3.5
90900,ahQ3CzAAVsCYH5b3rrDzuWITEycgMzRd/gwj5oNcIf7vCOHEGK/Q5B/Gnkw/mvwJ,1.799424,2.219906,2.986385,0,2591700,17.55397,Delay-insensitive,2,3.5
91200,ahQ3CzAAVsCYH5b3rrDzuWITEycgMzRd/gwj5oNcIf7vCOHEGK/Q5B/Gnkw/mvwJ,0.942734,2.005077,2.89045,0,2591700,17.55397,Delay-insensitive,2,3.5
91500,ahQ3CzAAVsCYH5b3rrDzuWITEycgMzRd/gwj5oNcIf7vCOHEGK/Q5B/Gnkw/mvwJ,1.583085,3.336836,21.908535,0,2591700,17.55397,Delay-insensitive,2,3.5
91800,ahQ3CzAAVsCYH5b3rrDzuWITEycgMzRd/gwj5oNcIf7vCOHEGK/Q5B/Gnkw/mvwJ,1.08274,2.5707880000000003,5.505282,0,2591700,17.55397,Delay-insensitive,2,3.5
92100,ahQ3CzAAVsCYH5b3rrDzuWITEycgMzRd/gwj5oNcIf7vCOHEGK/Q5B/Gnkw/mvwJ,1.6985150000000002,2.179224,3.101633,0,2591700,17.55397,Delay-insensitive,2,3.5
92400,ahQ3CzAAVsCYH5b3rrDzuWITEycgMzRd/gwj5oNcIf7vCOHEGK/Q5B/Gnkw/mvwJ,1.7142529999999998,2.243676,3.545907,0,2591700,17.55397,Delay-insensitive,2,3.5
92700,ahQ3CzAAVsCYH5b3rrDzuWITEycgMzRd/gwj5oNcIf7vCOHEGK/Q5B/Gnkw/mvwJ,1.37389,2.156246,2.856824,0,2591700,17.55397,Delay-insensitive,2,3.5
93000,ahQ3CzAAVsCYH5b3rrDzuWITEycgMzRd/gwj5oNcIf7vCOHEGK/Q5B/Gnkw/mvwJ,1.707828,2.180448,2.89731,0,2591700,17.55397,Delay-insensitive,2,3.5
93300,ahQ3CzAAVsCYH5b3rrDzuWITEycgMzRd/gwj5oNcIf7vCOHEGK/Q5B/Gnkw/mvwJ,1.746473,2.224986,3.772144,0,2591700,17.55397,Delay-insensitive,2,3.5
93600,ahQ3CzAAVsCYH5b3rrDzuWITEycgMzRd/gwj5oNcIf7vCOHEGK/Q5B/Gnkw/mvwJ,1.941104,2.770204,5.582728,0,2591700,17.55397,Delay-insensitive,2,3.5
93900,ahQ3CzAAVsCYH5b3rrDzuWITEycgMzRd/gwj5oNcIf7vCOHEGK/Q5B/Gnkw/mvwJ,1.1060709999999998,2.035401,2.974247,0,2591700,17.55397,Delay-insensitive,2,3.5
94200,ahQ3CzAAVsCYH5b3rrDzuWITEycgMzRd/gwj5oNcIf7vCOHEGK/Q5B/Gnkw/mvwJ,1.755261,2.205863,3.439924,0,2591700,17.55397,Delay-insensitive,2,3.5
94500,ahQ3CzAAVsCYH5b3rrDzuWITEycgMzRd/gwj5oNcIf7vCOHEGK/Q5B/Gnkw/mvwJ,1.244847,2.067303,2.807554,0,2591700,17.55397,Delay-insensitive,2,3.5
94800,ahQ3CzAAVsCYH5b3rrDzuWITEycgMzRd/gwj5oNcIf7vCOHEGK/Q5B/Gnkw/mvwJ,1.779082,2.239414,3.023066,0,2591700,17.55397,Delay-insensitive,2,3.5
95100,ahQ3CzAAVsCYH5b3rrDzuWITEycgMzRd/gwj5oNcIf7vCOHEGK/Q5B/Gnkw/mvwJ,1.7438189999999998,2.194776,3.010652,0,2591700,17.55397,Delay-insensitive,2,3.5
95400,ahQ3CzAAVsCYH5b3rrDzuWITEycgMzRd/gwj5oNcIf7vCOHEGK/Q5B/Gnkw/mvwJ,1.276925,3.036022,7.12276,0,2591700,17.55397,Delay-insensitive,2,3.5
95700,ahQ3CzAAVsCYH5b3rrDzuWITEycgMzRd/gwj5oNcIf7vCOHEGK/Q5B/Gnkw/mvwJ,1.7256669999999998,2.252856,3.097636,0,2591700,17.55397,Delay-insensitive,2,3.5
96000,ahQ3CzAAVsCYH5b3rrDzuWITEycgMzRd/gwj5oNcIf7vCOHEGK/Q5B/Gnkw/mvwJ,1.103308,2.196431,3.5556330000000003,0,2591700,17.55397,Delay-insensitive,2,3.5
96300,ahQ3CzAAVsCYH5b3rrDzuWITEycgMzRd/gwj5oNcIf7vCOHEGK/Q5B/Gnkw/mvwJ,1.812445,2.269663,2.978184,0,2591700,17.55397,Delay-insensitive,2,3.5
96600,ahQ3CzAAVsCYH5b3rrDzuWITEycgMzRd/gwj5oNcIf7vCOHEGK/Q5B/Gnkw/mvwJ,1.806816,2.371062,3.793302,0,2591700,17.55397,Delay-insensitive,2,3.5
96900,ahQ3CzAAVsCYH5b3rrDzuWITEycgMzRd/gwj5oNcIf7vCOHEGK/Q5B/Gnkw/mvwJ,1.816131,2.2089220000000003,3.74071,0,2591700,17.55397,Delay-insensitive,2,3.5
97200,ahQ3CzAAVsCYH5b3rrDzuWITEycgMzRd/gwj5oNcIf7vCOHEGK/Q5B/Gnkw/mvwJ,1.29346,2.641552,5.537751,0,2591700,17.55397,Delay-insensitive,2,3.5
97500,ahQ3CzAAVsCYH5b3rrDzuWITEycgMzRd/gwj5oNcIf7vCOHEGK/Q5B/Gnkw/mvwJ,1.759162,2.259825,3.2323470000000003,0,2591700,17.55397,Delay-insensitive,2,3.5
97800,ahQ3CzAAVsCYH5b3rrDzuWITEycgMzRd/gwj5oNcIf7vCOHEGK/Q5B/Gnkw/mvwJ,1.529411,2.23329,3.576871,0,2591700,17.55397,Delay-insensitive,2,3.5
98100,ahQ3CzAAVsCYH5b3rrDzuWITEycgMzRd/gwj5oNcIf7vCOHEGK/Q5B/Gnkw/mvwJ,1.462407,2.179426,2.927877,0,2591700,17.55397,Delay-insensitive,2,3.5
98400,ahQ3CzAAVsCYH5b3rrDzuWITEycgMzRd/gwj5oNcIf7vCOHEGK/Q5B/Gnkw/mvwJ,1.74691,2.233425,2.989338,0,2591700,17.55397,Delay-insensitive,2,3.5
98700,ahQ3CzAAVsCYH5b3rrDzuWITEycgMzRd/gwj5oNcIf7vCOHEGK/Q5B/Gnkw/mvwJ,1.913921,3.653849,21.318164000000003,0,2591700,17.55397,Delay-insensitive,2,3.5
99000,ahQ3CzAAVsCYH5b3rrDzuWITEycgMzRd/gwj5oNcIf7vCOHEGK/Q5B/Gnkw/mvwJ,1.849334,2.677311,5.547993,0,2591700,17.55397,Delay-insensitive,2,3.5
99300,ahQ3CzAAVsCYH5b3rrDzuWITEycgMzRd/gwj5oNcIf7vCOHEGK/Q5B/Gnkw/mvwJ,1.036793,2.06023,2.693617,0,2591700,17.55397,Delay-insensitive,2,3.5
99600,ahQ3CzAAVsCYH5b3rrDzuWITEycgMzRd/gwj5oNcIf7vCOHEGK/Q5B/Gnkw/mvwJ,1.80604,2.227948,3.810472,0,2591700,17.55397,Delay-insensitive,2,3.5
99900,ahQ3CzAAVsCYH5b3rrDzuWITEycgMzRd/gwj5oNcIf7vCOHEGK/Q5B/Gnkw/mvwJ,1.1661780000000002,2.164225,3.188625,0,2591700,17.55397,Delay-insensitive,2,3.5
100200,ahQ3CzAAVsCYH5b3rrDzuWITEycgMzRd/gwj5oNcIf7vCOHEGK/Q5B/Gnkw/mvwJ,1.7993310000000002,2.170447,2.991687,0,2591700,17.55397,Delay-insensitive,2,3.5
100500,ahQ3CzAAVsCYH5b3rrDzuWITEycgMzRd/gwj5oNcIf7vCOHEGK/Q5B/Gnkw/mvwJ,1.833154,2.174213,3.327242,0,2591700,17.55397,Delay-insensitive,2,3.5
100800,ahQ3CzAAVsCYH5b3rrDzuWITEycgMzRd/gwj5oNcIf7vCOHEGK/Q5B/Gnkw/mvwJ,1.241452,2.318683,4.069248,0,2591700,17.55397,Delay-insensitive,2,3.5
101100,ahQ3CzAAVsCYH5b3rrDzuWITEycgMzRd/gwj5oNcIf7vCOHEGK/Q5B/Gnkw/mvwJ,1.805198,2.159341,2.801527,0,2591700,17.55397,Delay-insensitive,2,3.5
101400,ahQ3CzAAVsCYH5b3rrDzuWITEycgMzRd/gwj5oNcIf7vCOHEGK/Q5B/Gnkw/mvwJ,1.956313,2.280724,3.80956,0,2591700,17.55397,Delay-insensitive,2,3.5
101700,ahQ3CzAAVsCYH5b3rrDzuWITEycgMzRd/gwj5oNcIf7vCOHEGK/Q5B/Gnkw/mvwJ,1.69589,2.173971,3.026422,0,2591700,17.55397,Delay-insensitive,2,3.5
102000,ahQ3CzAAVsCYH5b3rrDzuWITEycgMzRd/gwj5oNcIf7vCOHEGK/Q5B/Gnkw/mvwJ,0.752393,2.118001,2.987418,0,2591700,17.55397,Delay-insensitive,2,3.5
102300,ahQ3CzAAVsCYH5b3rrDzuWITEycgMzRd/gwj5oNcIf7vCOHEGK/Q5B/Gnkw/mvwJ,1.7963630000000002,3.474536,13.471489000000002,0,2591700,17.55397,Delay-insensitive,2,3.5
102600,ahQ3CzAAVsCYH5b3rrDzuWITEycgMzRd/gwj5oNcIf7vCOHEGK/Q5B/Gnkw/mvwJ,0.8323459999999999,2.6579490000000003,5.979951,0,2591700,17.55397,Delay-insensitive,2,3.5
102900,ahQ3CzAAVsCYH5b3rrDzuWITEycgMzRd/gwj5oNcIf7vCOHEGK/Q5B/Gnkw/mvwJ,1.7836759999999998,2.177764,2.9078,0,2591700,17.55397,Delay-insensitive,2,3.5
103200,ahQ3CzAAVsCYH5b3rrDzuWITEycgMzRd/gwj5oNcIf7vCOHEGK/Q5B/Gnkw/mvwJ,1.430511,2.280927,3.426317,0,2591700,17.55397,Delay-insensitive,2,3.5
103500,ahQ3CzAAVsCYH5b3rrDzuWITEycgMzRd/gwj5oNcIf7vCOHEGK/Q5B/Gnkw/mvwJ,1.244568,2.165955,3.173951,0,2591700,17.55397,Delay-insensitive,2,3.5
103800,ahQ3CzAAVsCYH5b3rrDzuWITEycgMzRd/gwj5oNcIf7vCOHEGK/Q5B/Gnkw/mvwJ,1.895703,2.234914,2.836662,0,2591700,17.55397,Delay-insensitive,2,3.5
104100,ahQ3CzAAVsCYH5b3rrDzuWITEycgMzRd/gwj5oNcIf7vCOHEGK/Q5B/Gnkw/mvwJ,1.76562,2.242151,3.534977,0,2591700,17.55397,Delay-insensitive,2,3.5
104400,ahQ3CzAAVsCYH5b3rrDzuWITEycgMzRd/gwj5oNcIf7vCOHEGK/Q5B/Gnkw/mvwJ,1.892676,2.711817,6.0295,0,2591700,17.55397,Delay-insensitive,2,3.5
104700,ahQ3CzAAVsCYH5b3rrDzuWITEycgMzRd/gwj5oNcIf7vCOHEGK/Q5B/Gnkw/mvwJ,1.869232,8.811815,62.906174,0,2591700,17.55397,Delay-insensitive,2,3.5
105000,ahQ3CzAAVsCYH5b3rrDzuWITEycgMzRd/gwj5oNcIf7vCOHEGK/Q5B/Gnkw/mvwJ,1.951145,2.341003,3.241394,0,2591700,17.55397,Delay-insensitive,2,3.5
105300,ahQ3CzAAVsCYH5b3rrDzuWITEycgMzRd/gwj5oNcIf7vCOHEGK/Q5B/Gnkw/mvwJ,0.875727,2.150621,3.054661,0,2591700,17.55397,Delay-insensitive,2,3.5
105600,ahQ3CzAAVsCYH5b3rrDzuWITEycgMzRd/gwj5oNcIf7vCOHEGK/Q5B/Gnkw/mvwJ,1.793579,2.284119,3.77193,0,2591700,17.55397,Delay-insensitive,2,3.5
105900,ahQ3CzAAVsCYH5b3rrDzuWITEycgMzRd/gwj5oNcIf7vCOHEGK/Q5B/Gnkw/mvwJ,1.7982330000000002,2.272343,2.825792,0,2591700,17.55397,Delay-insensitive,2,3.5
106200,ahQ3CzAAVsCYH5b3rrDzuWITEycgMzRd/gwj5oNcIf7vCOHEGK/Q5B/Gnkw/mvwJ,1.769591,2.497646,4.8053870000000005,0,2591700,17.55397,Delay-insensitive,2,3.5
106500,ahQ3CzAAVsCYH5b3rrDzuWITEycgMzRd/gwj5oNcIf7vCOHEGK/Q5B/Gnkw/mvwJ,1.588875,2.132344,2.721357,0,2591700,17.55397,Delay-insensitive,2,3.5
106800,ahQ3CzAAVsCYH5b3rrDzuWITEycgMzRd/gwj5oNcIf7vCOHEGK/Q5B/Gnkw/mvwJ,1.910282,2.320771,3.485511,0,2591700,17.55397,Delay-insensitive,2,3.5
107100,ahQ3CzAAVsCYH5b3rrDzuWITEycgMzRd/gwj5oNcIf7vCOHEGK/Q5B/Gnkw/mvwJ,1.806948,2.17898,3.023549,0,2591700,17.55397,Delay-insensitive,2,3.5
107400,ahQ3CzAAVsCYH5b3rrDzuWITEycgMzRd/gwj5oNcIf7vCOHEGK/Q5B/Gnkw/mvwJ,0.863766,2.049405,2.848249,0,2591700,17.55397,Delay-insensitive,2,3.5
107700,ahQ3CzAAVsCYH5b3rrDzuWITEycgMzRd/gwj5oNcIf7vCOHEGK/Q5B/Gnkw/mvwJ,1.808984,2.219526,2.7874,0,2591700,17.55397,Delay-insensitive,2,3.5
108000,ahQ3CzAAVsCYH5b3rrDzuWITEycgMzRd/gwj5oNcIf7vCOHEGK/Q5B/Gnkw/mvwJ,1.074946,2.648621,6.451674,0,2591700,17.55397,Delay-insensitive,2,3.5
108300,ahQ3CzAAVsCYH5b3rrDzuWITEycgMzRd/gwj5oNcIf7vCOHEGK/Q5B/Gnkw/mvwJ,1.766116,2.148791,2.639234,0,2591700,17.55397,Delay-insensitive,2,3.5
108600,ahQ3CzAAVsCYH5b3rrDzuWITEycgMzRd/gwj5oNcIf7vCOHEGK/Q5B/Gnkw/mvwJ,1.946121,2.3915900000000003,3.4107800000000004,0,2591700,17.55397,Delay-insensitive,2,3.5
108900,ahQ3CzAAVsCYH5b3rrDzuWITEycgMzRd/gwj5oNcIf7vCOHEGK/Q5B/Gnkw/mvwJ,1.826253,2.342922,5.460302,0,2591700,17.55397,Delay-insensitive,2,3.5
109200,ahQ3CzAAVsCYH5b3rrDzuWITEycgMzRd/gwj5oNcIf7vCOHEGK/Q5B/Gnkw/mvwJ,1.746363,2.162562,2.99497,0,2591700,17.55397,Delay-insensitive,2,3.5
109500,ahQ3CzAAVsCYH5b3rrDzuWITEycgMzRd/gwj5oNcIf7vCOHEGK/Q5B/Gnkw/mvwJ,1.866332,3.735652,22.637263,0,2591700,17.55397,Delay-insensitive,2,3.5
109800,ahQ3CzAAVsCYH5b3rrDzuWITEycgMzRd/gwj5oNcIf7vCOHEGK/Q5B/Gnkw/mvwJ,1.872094,2.78589,7.562239999999999,0,2591700,17.55397,Delay-insensitive,2,3.5
110100,ahQ3CzAAVsCYH5b3rrDzuWITEycgMzRd/gwj5oNcIf7vCOHEGK/Q5B/Gnkw/mvwJ,0.890716,2.106446,3.388201,0,2591700,17.55397,Delay-insensitive,2,3.5
110400,ahQ3CzAAVsCYH5b3rrDzuWITEycgMzRd/gwj5oNcIf7vCOHEGK/Q5B/Gnkw/mvwJ,1.695064,2.302576,3.098301,0,2591700,17.55397,Delay-insensitive,2,3.5
110700,ahQ3CzAAVsCYH5b3rrDzuWITEycgMzRd/gwj5oNcIf7vCOHEGK/Q5B/Gnkw/mvwJ,0.72458,2.1125700000000003,3.02221,0,2591700,17.55397,Delay-insensitive,2,3.5
111000,ahQ3CzAAVsCYH5b3rrDzuWITEycgMzRd/gwj5oNcIf7vCOHEGK/Q5B/Gnkw/mvwJ,1.697197,2.173353,2.874207,0,2591700,17.55397,Delay-insensitive,2,3.5
111300,ahQ3CzAAVsCYH5b3rrDzuWITEycgMzRd/gwj5oNcIf7vCOHEGK/Q5B/Gnkw/mvwJ,1.816168,2.272442,4.05259,0,2591700,17.55397,Delay-insensitive,2,3.5
111600,ahQ3CzAAVsCYH5b3rrDzuWITEycgMzRd/gwj5oNcIf7vCOHEGK/Q5B/Gnkw/mvwJ,1.179629,2.258854,3.5034730000000005,0,2591700,17.55397,Delay-insensitive,2,3.5
111900,ahQ3CzAAVsCYH5b3rrDzuWITEycgMzRd/gwj5oNcIf7vCOHEGK/Q5B/Gnkw/mvwJ,1.6922009999999998,2.124556,2.8146560000000003,0,2591700,17.55397,Delay-insensitive,2,3.5
112200,ahQ3CzAAVsCYH5b3rrDzuWITEycgMzRd/gwj5oNcIf7vCOHEGK/Q5B/Gnkw/mvwJ,1.775248,2.282652,2.86188,0,2591700,17.55397,Delay-insensitive,2,3.5
112500,ahQ3CzAAVsCYH5b3rrDzuWITEycgMzRd/gwj5oNcIf7vCOHEGK/Q5B/Gnkw/mvwJ,1.86637,2.15299,2.743482,0,2591700,17.55397,Delay-insensitive,2,3.5
112800,ahQ3CzAAVsCYH5b3rrDzuWITEycgMzRd/gwj5oNcIf7vCOHEGK/Q5B/Gnkw/mvwJ,1.192473,1.979805,2.569623,0,2591700,17.55397,Delay-insensitive,2,3.5
113100,ahQ3CzAAVsCYH5b3rrDzuWITEycgMzRd/gwj5oNcIf7vCOHEGK/Q5B/Gnkw/mvwJ,1.812279,3.477225,17.227299,0,2591700,17.55397,Delay-insensitive,2,3.5
113400,ahQ3CzAAVsCYH5b3rrDzuWITEycgMzRd/gwj5oNcIf7vCOHEGK/Q5B/Gnkw/mvwJ,0.953404,2.58469,7.027141,0,2591700,17.55397,Delay-insensitive,2,3.5
113700,ahQ3CzAAVsCYH5b3rrDzuWITEycgMzRd/gwj5oNcIf7vCOHEGK/Q5B/Gnkw/mvwJ,1.729581,2.15742,3.118032,0,2591700,17.55397,Delay-insensitive,2,3.5
114000,ahQ3CzAAVsCYH5b3rrDzuWITEycgMzRd/gwj5oNcIf7vCOHEGK/Q5B/Gnkw/mvwJ,1.716337,2.317456,4.1089720000000005,0,2591700,17.55397,Delay-insensitive,2,3.5
114300,ahQ3CzAAVsCYH5b3rrDzuWITEycgMzRd/gwj5oNcIf7vCOHEGK/Q5B/Gnkw/mvwJ,1.7608549999999998,2.286227,4.513647,0,2591700,17.55397,Delay-insensitive,2,3.5
114600,ahQ3CzAAVsCYH5b3rrDzuWITEycgMzRd/gwj5oNcIf7vCOHEGK/Q5B/Gnkw/mvwJ,1.794199,2.218931,3.516879,0,2591700,17.55397,Delay-insensitive,2,3.5
114900,ahQ3CzAAVsCYH5b3rrDzuWITEycgMzRd/gwj5oNcIf7vCOHEGK/Q5B/Gnkw/mvwJ,1.663604,2.314291,3.068789,0,2591700,17.55397,Delay-insensitive,2,3.5
115200,ahQ3CzAAVsCYH5b3rrDzuWITEycgMzRd/gwj5oNcIf7vCOHEGK/Q5B/Gnkw/mvwJ,1.72881,2.564427,5.633516999999999,0,2591700,17.55397,Delay-insensitive,2,3.5
115500,ahQ3CzAAVsCYH5b3rrDzuWITEycgMzRd/gwj5oNcIf7vCOHEGK/Q5B/Gnkw/mvwJ,1.529269,2.256377,3.98647,0,2591700,17.55397,Delay-insensitive,2,3.5
115800,ahQ3CzAAVsCYH5b3rrDzuWITEycgMzRd/gwj5oNcIf7vCOHEGK/Q5B/Gnkw/mvwJ,1.716527,2.251549,3.094241,0,2591700,17.55397,Delay-insensitive,2,3.5
116100,ahQ3CzAAVsCYH5b3rrDzuWITEycgMzRd/gwj5oNcIf7vCOHEGK/Q5B/Gnkw/mvwJ,1.257346,2.100865,2.748451,0,2591700,17.55397,Delay-insensitive,2,3.5
116400,ahQ3CzAAVsCYH5b3rrDzuWITEycgMzRd/gwj5oNcIf7vCOHEGK/Q5B/Gnkw/mvwJ,1.908603,2.261438,3.104047,0,2591700,17.55397,Delay-insensitive,2,3.5
116700,ahQ3CzAAVsCYH5b3rrDzuWITEycgMzRd/gwj5oNcIf7vCOHEGK/Q5B/Gnkw/mvwJ,1.6773169999999995,3.576074,19.504213,0,2591700,17.55397,Delay-insensitive,2,3.5
117000,ahQ3CzAAVsCYH5b3rrDzuWITEycgMzRd/gwj5oNcIf7vCOHEGK/Q5B/Gnkw/mvwJ,1.733834,7.520419,76.182068,0,2591700,17.55397,Delay-insensitive,2,3.5
117300,ahQ3CzAAVsCYH5b3rrDzuWITEycgMzRd/gwj5oNcIf7vCOHEGK/Q5B/Gnkw/mvwJ,1.822594,2.2753650000000003,3.401044,0,2591700,17.55397,Delay-insensitive,2,3.5
117600,ahQ3CzAAVsCYH5b3rrDzuWITEycgMzRd/gwj5oNcIf7vCOHEGK/Q5B/Gnkw/mvwJ,1.789759,2.4635740000000004,4.19929,0,2591700,17.55397,Delay-insensitive,2,3.5
117900,ahQ3CzAAVsCYH5b3rrDzuWITEycgMzRd/gwj5oNcIf7vCOHEGK/Q5B/Gnkw/mvwJ,1.734976,2.2705610000000003,3.137629,0,2591700,17.55397,Delay-insensitive,2,3.5
118200,ahQ3CzAAVsCYH5b3rrDzuWITEycgMzRd/gwj5oNcIf7vCOHEGK/Q5B/Gnkw/mvwJ,1.90669,2.297009,2.991315,0,2591700,17.55397,Delay-insensitive,2,3.5
118500,ahQ3CzAAVsCYH5b3rrDzuWITEycgMzRd/gwj5oNcIf7vCOHEGK/Q5B/Gnkw/mvwJ,1.893643,6.681094,26.351959,0,2591700,17.55397,Delay-insensitive,2,3.5
118800,ahQ3CzAAVsCYH5b3rrDzuWITEycgMzRd/gwj5oNcIf7vCOHEGK/Q5B/Gnkw/mvwJ,1.148355,2.297138,3.680465,0,2591700,17.55397,Delay-insensitive,2,3.5
119100,ahQ3CzAAVsCYH5b3rrDzuWITEycgMzRd/gwj5oNcIf7vCOHEGK/Q5B/Gnkw/mvwJ,1.661331,2.587369,5.951935,0,2591700,17.55397,Delay-insensitive,2,3.5
119400,ahQ3CzAAVsCYH5b3rrDzuWITEycgMzRd/gwj5oNcIf7vCOHEGK/Q5B/Gnkw/mvwJ,1.769065,2.3331310000000003,3.402352,0,2591700,17.55397,Delay-insensitive,2,3.5
119700,ahQ3CzAAVsCYH5b3rrDzuWITEycgMzRd/gwj5oNcIf7vCOHEGK/Q5B/Gnkw/mvwJ,1.798858,2.991043,12.128195,0,2591700,17.55397,Delay-insensitive,2,3.5
120000,ahQ3CzAAVsCYH5b3rrDzuWITEycgMzRd/gwj5oNcIf7vCOHEGK/Q5B/Gnkw/mvwJ,1.898559,2.215101,2.650221,0,2591700,17.55397,Delay-insensitive,2,3.5
120300,ahQ3CzAAVsCYH5b3rrDzuWITEycgMzRd/gwj5oNcIf7vCOHEGK/Q5B/Gnkw/mvwJ,1.903876,3.57786,22.326944,0,2591700,17.55397,Delay-insensitive,2,3.5
120600,ahQ3CzAAVsCYH5b3rrDzuWITEycgMzRd/gwj5oNcIf7vCOHEGK/Q5B/Gnkw/mvwJ,1.860025,2.342564,3.504136,0,2591700,17.55397,Delay-insensitive,2,3.5
120900,ahQ3CzAAVsCYH5b3rrDzuWITEycgMzRd/gwj5oNcIf7vCOHEGK/Q5B/Gnkw/mvwJ,1.7243099999999998,2.590969,7.286836999999999,0,2591700,17.55397,Delay-insensitive,2,3.5
121200,ahQ3CzAAVsCYH5b3rrDzuWITEycgMzRd/gwj5oNcIf7vCOHEGK/Q5B/Gnkw/mvwJ,1.888912,2.220226,2.798628,0,2591700,17.55397,Delay-insensitive,2,3.5
121500,ahQ3CzAAVsCYH5b3rrDzuWITEycgMzRd/gwj5oNcIf7vCOHEGK/Q5B/Gnkw/mvwJ,1.094571,2.133406,2.795498,0,2591700,17.55397,Delay-insensitive,2,3.5
121800,ahQ3CzAAVsCYH5b3rrDzuWITEycgMzRd/gwj5oNcIf7vCOHEGK/Q5B/Gnkw/mvwJ,1.82108,2.271388,2.713647,0,2591700,17.55397,Delay-insensitive,2,3.5
122100,ahQ3CzAAVsCYH5b3rrDzuWITEycgMzRd/gwj5oNcIf7vCOHEGK/Q5B/Gnkw/mvwJ,1.818514,2.235143,2.848078,0,2591700,17.55397,Delay-insensitive,2,3.5
122400,ahQ3CzAAVsCYH5b3rrDzuWITEycgMzRd/gwj5oNcIf7vCOHEGK/Q5B/Gnkw/mvwJ,1.6261290000000002,2.220158,3.657724,0,2591700,17.55397,Delay-insensitive,2,3.5
122700,ahQ3CzAAVsCYH5b3rrDzuWITEycgMzRd/gwj5oNcIf7vCOHEGK/Q5B/Gnkw/mvwJ,1.802521,2.60825,6.829856,0,2591700,17.55397,Delay-insensitive,2,3.5
123000,ahQ3CzAAVsCYH5b3rrDzuWITEycgMzRd/gwj5oNcIf7vCOHEGK/Q5B/Gnkw/mvwJ,1.862282,2.3451,2.845721,0,2591700,17.55397,Delay-insensitive,2,3.5
123300,ahQ3CzAAVsCYH5b3rrDzuWITEycgMzRd/gwj5oNcIf7vCOHEGK/Q5B/Gnkw/mvwJ,1.606445,2.140562,2.832628,0,2591700,17.55397,Delay-insensitive,2,3.5
123600,ahQ3CzAAVsCYH5b3rrDzuWITEycgMzRd/gwj5oNcIf7vCOHEGK/Q5B/Gnkw/mvwJ,0.962756,2.104034,2.719828,0,2591700,17.55397,Delay-insensitive,2,3.5
123900,ahQ3CzAAVsCYH5b3rrDzuWITEycgMzRd/gwj5oNcIf7vCOHEGK/Q5B/Gnkw/mvwJ,1.68012,3.548403,16.412709,0,2591700,17.55397,Delay-insensitive,2,3.5
124200,ahQ3CzAAVsCYH5b3rrDzuWITEycgMzRd/gwj5oNcIf7vCOHEGK/Q5B/Gnkw/mvwJ,1.80293,2.362995,3.512939,0,2591700,17.55397,Delay-insensitive,2,3.5
124500,ahQ3CzAAVsCYH5b3rrDzuWITEycgMzRd/gwj5oNcIf7vCOHEGK/Q5B/Gnkw/mvwJ,1.699116,2.570081,6.138382,0,2591700,17.55397,Delay-insensitive,2,3.5
124800,ahQ3CzAAVsCYH5b3rrDzuWITEycgMzRd/gwj5oNcIf7vCOHEGK/Q5B/Gnkw/mvwJ,1.170999,2.152283,2.892784,0,2591700,17.55397,Delay-insensitive,2,3.5
125100,ahQ3CzAAVsCYH5b3rrDzuWITEycgMzRd/gwj5oNcIf7vCOHEGK/Q5B/Gnkw/mvwJ,1.029401,2.171116,2.841785,0,2591700,17.55397,Delay-insensitive,2,3.5
125400,ahQ3CzAAVsCYH5b3rrDzuWITEycgMzRd/gwj5oNcIf7vCOHEGK/Q5B/Gnkw/mvwJ,1.750763,2.242209,3.738885,0,2591700,17.55397,Delay-insensitive,2,3.5
125700,ahQ3CzAAVsCYH5b3rrDzuWITEycgMzRd/gwj5oNcIf7vCOHEGK/Q5B/Gnkw/mvwJ,1.748736,2.3353330000000003,2.846691,0,2591700,17.55397,Delay-insensitive,2,3.5
126000,ahQ3CzAAVsCYH5b3rrDzuWITEycgMzRd/gwj5oNcIf7vCOHEGK/Q5B/Gnkw/mvwJ,1.877935,2.334247,3.353447,0,2591700,17.55397,Delay-insensitive,2,3.5
126300,ahQ3CzAAVsCYH5b3rrDzuWITEycgMzRd/gwj5oNcIf7vCOHEGK/Q5B/Gnkw/mvwJ,1.181359,2.48333,6.16279,0,2591700,17.55397,Delay-insensitive,2,3.5
126600,ahQ3CzAAVsCYH5b3rrDzuWITEycgMzRd/gwj5oNcIf7vCOHEGK/Q5B/Gnkw/mvwJ,1.7858080000000005,2.22325,2.850057,0,2591700,17.55397,Delay-insensitive,2,3.5
126900,ahQ3CzAAVsCYH5b3rrDzuWITEycgMzRd/gwj5oNcIf7vCOHEGK/Q5B/Gnkw/mvwJ,1.8118490000000005,2.317647,3.5213870000000003,0,2591700,17.55397,Delay-insensitive,2,3.5
127200,ahQ3CzAAVsCYH5b3rrDzuWITEycgMzRd/gwj5oNcIf7vCOHEGK/Q5B/Gnkw/mvwJ,1.536342,2.210276,3.656599,0,2591700,17.55397,Delay-insensitive,2,3.5
127500,ahQ3CzAAVsCYH5b3rrDzuWITEycgMzRd/gwj5oNcIf7vCOHEGK/Q5B/Gnkw/mvwJ,1.392976,3.35615,24.685355,0,2591700,17.55397,Delay-insensitive,2,3.5
127800,ahQ3CzAAVsCYH5b3rrDzuWITEycgMzRd/gwj5oNcIf7vCOHEGK/Q5B/Gnkw/mvwJ,1.177846,2.220225,3.891002,0,2591700,17.55397,Delay-insensitive,2,3.5
128100,ahQ3CzAAVsCYH5b3rrDzuWITEycgMzRd/gwj5oNcIf7vCOHEGK/Q5B/Gnkw/mvwJ,1.916668,2.675444,7.100604,0,2591700,17.55397,Delay-insensitive,2,3.5
128400,ahQ3CzAAVsCYH5b3rrDzuWITEycgMzRd/gwj5oNcIf7vCOHEGK/Q5B/Gnkw/mvwJ,1.771027,2.245839,3.066571,0,2591700,17.55397,Delay-insensitive,2,3.5
128700,ahQ3CzAAVsCYH5b3rrDzuWITEycgMzRd/gwj5oNcIf7vCOHEGK/Q5B/Gnkw/mvwJ,1.736896,2.2480130000000003,2.760321,0,2591700,17.55397,Delay-insensitive,2,3.5
129000,ahQ3CzAAVsCYH5b3rrDzuWITEycgMzRd/gwj5oNcIf7vCOHEGK/Q5B/Gnkw/mvwJ,1.206731,2.122458,3.069471,0,2591700,17.55397,Delay-insensitive,2,3.5
129300,ahQ3CzAAVsCYH5b3rrDzuWITEycgMzRd/gwj5oNcIf7vCOHEGK/Q5B/Gnkw/mvwJ,1.6920970000000002,2.209741,3.158293,0,2591700,17.55397,Delay-insensitive,2,3.5
129600,ahQ3CzAAVsCYH5b3rrDzuWITEycgMzRd/gwj5oNcIf7vCOHEGK/Q5B/Gnkw/mvwJ,1.82957,2.480968,4.437858,0,2591700,17.55397,Delay-insensitive,2,3.5
129900,ahQ3CzAAVsCYH5b3rrDzuWITEycgMzRd/gwj5oNcIf7vCOHEGK/Q5B/Gnkw/mvwJ,1.848804,2.587863,5.324482,0,2591700,17.55397,Delay-insensitive,2,3.5
130200,ahQ3CzAAVsCYH5b3rrDzuWITEycgMzRd/gwj5oNcIf7vCOHEGK/Q5B/Gnkw/mvwJ,1.703248,2.73761,8.073177000000001,0,2591700,17.55397,Delay-insensitive,2,3.5
130500,ahQ3CzAAVsCYH5b3rrDzuWITEycgMzRd/gwj5oNcIf7vCOHEGK/Q5B/Gnkw/mvwJ,1.6961259999999998,2.194461,3.232522,0,2591700,17.55397,Delay-insensitive,2,3.5
130800,ahQ3CzAAVsCYH5b3rrDzuWITEycgMzRd/gwj5oNcIf7vCOHEGK/Q5B/Gnkw/mvwJ,1.650322,2.181967,3.742893,0,2591700,17.55397,Delay-insensitive,2,3.5
131100,ahQ3CzAAVsCYH5b3rrDzuWITEycgMzRd/gwj5oNcIf7vCOHEGK/Q5B/Gnkw/mvwJ,1.715113,3.459566,19.684684,0,2591700,17.55397,Delay-insensitive,2,3.5
131400,ahQ3CzAAVsCYH5b3rrDzuWITEycgMzRd/gwj5oNcIf7vCOHEGK/Q5B/Gnkw/mvwJ,1.794598,2.372145,4.31586,0,2591700,17.55397,Delay-insensitive,2,3.5
131700,ahQ3CzAAVsCYH5b3rrDzuWITEycgMzRd/gwj5oNcIf7vCOHEGK/Q5B/Gnkw/mvwJ,1.651572,2.527987,6.004457,0,2591700,17.55397,Delay-insensitive,2,3.5
132000,ahQ3CzAAVsCYH5b3rrDzuWITEycgMzRd/gwj5oNcIf7vCOHEGK/Q5B/Gnkw/mvwJ,1.703966,2.149731,2.891087,0,2591700,17.55397,Delay-insensitive,2,3.5
132300,ahQ3CzAAVsCYH5b3rrDzuWITEycgMzRd/gwj5oNcIf7vCOHEGK/Q5B/Gnkw/mvwJ,1.61232,2.1942470000000003,3.30235,0,2591700,17.55397,Delay-insensitive,2,3.5
132600,ahQ3CzAAVsCYH5b3rrDzuWITEycgMzRd/gwj5oNcIf7vCOHEGK/Q5B/Gnkw/mvwJ,1.807566,2.228181,3.626188,0,2591700,17.55397,Delay-insensitive,2,3.5
132900,ahQ3CzAAVsCYH5b3rrDzuWITEycgMzRd/gwj5oNcIf7vCOHEGK/Q5B/Gnkw/mvwJ,1.718033,2.29108,3.735162,0,2591700,17.55397,Delay-insensitive,2,3.5
133200,ahQ3CzAAVsCYH5b3rrDzuWITEycgMzRd/gwj5oNcIf7vCOHEGK/Q5B/Gnkw/mvwJ,1.49483,2.393616,4.497957,0,2591700,17.55397,Delay-insensitive,2,3.5
133500,ahQ3CzAAVsCYH5b3rrDzuWITEycgMzRd/gwj5oNcIf7vCOHEGK/Q5B/Gnkw/mvwJ,1.86049,2.581191,7.205274,0,2591700,17.55397,Delay-insensitive,2,3.5
133800,ahQ3CzAAVsCYH5b3rrDzuWITEycgMzRd/gwj5oNcIf7vCOHEGK/Q5B/Gnkw/mvwJ,1.823209,2.292339,3.095323,0,2591700,17.55397,Delay-insensitive,2,3.5
134100,ahQ3CzAAVsCYH5b3rrDzuWITEycgMzRd/gwj5oNcIf7vCOHEGK/Q5B/Gnkw/mvwJ,1.730863,2.192524,3.167234,0,2591700,17.55397,Delay-insensitive,2,3.5
134400,ahQ3CzAAVsCYH5b3rrDzuWITEycgMzRd/gwj5oNcIf7vCOHEGK/Q5B/Gnkw/mvwJ,0.816248,2.116912,3.445304,0,2591700,17.55397,Delay-insensitive,2,3.5
134700,ahQ3CzAAVsCYH5b3rrDzuWITEycgMzRd/gwj5oNcIf7vCOHEGK/Q5B/Gnkw/mvwJ,1.7709689999999998,3.411322,22.133164,0,2591700,17.55397,Delay-insensitive,2,3.5
135000,ahQ3CzAAVsCYH5b3rrDzuWITEycgMzRd/gwj5oNcIf7vCOHEGK/Q5B/Gnkw/mvwJ,1.151147,2.289303,4.299208,0,2591700,17.55397,Delay-insensitive,2,3.5
135300,ahQ3CzAAVsCYH5b3rrDzuWITEycgMzRd/gwj5oNcIf7vCOHEGK/Q5B/Gnkw/mvwJ,1.886725,2.5975900000000003,6.374033,0,2591700,17.55397,Delay-insensitive,2,3.5
135600,ahQ3CzAAVsCYH5b3rrDzuWITEycgMzRd/gwj5oNcIf7vCOHEGK/Q5B/Gnkw/mvwJ,1.768258,2.165941,2.970198,0,2591700,17.55397,Delay-insensitive,2,3.5
135900,ahQ3CzAAVsCYH5b3rrDzuWITEycgMzRd/gwj5oNcIf7vCOHEGK/Q5B/Gnkw/mvwJ,1.7448119999999998,2.289752,3.604635,0,2591700,17.55397,Delay-insensitive,2,3.5
136200,ahQ3CzAAVsCYH5b3rrDzuWITEycgMzRd/gwj5oNcIf7vCOHEGK/Q5B/Gnkw/mvwJ,1.584898,2.217506,3.4263980000000003,0,2591700,17.55397,Delay-insensitive,2,3.5
136500,ahQ3CzAAVsCYH5b3rrDzuWITEycgMzRd/gwj5oNcIf7vCOHEGK/Q5B/Gnkw/mvwJ,1.58725,2.178947,3.178334,0,2591700,17.55397,Delay-insensitive,2,3.5
136800,ahQ3CzAAVsCYH5b3rrDzuWITEycgMzRd/gwj5oNcIf7vCOHEGK/Q5B/Gnkw/mvwJ,1.725934,2.363694,3.5017160000000005,0,2591700,17.55397,Delay-insensitive,2,3.5
137100,ahQ3CzAAVsCYH5b3rrDzuWITEycgMzRd/gwj5oNcIf7vCOHEGK/Q5B/Gnkw/mvwJ,0.867655,2.48181,6.748119,0,2591700,17.55397,Delay-insensitive,2,3.5
137400,ahQ3CzAAVsCYH5b3rrDzuWITEycgMzRd/gwj5oNcIf7vCOHEGK/Q5B/Gnkw/mvwJ,1.763264,2.195204,3.25422,0,2591700,17.55397,Delay-insensitive,2,3.5
137700,ahQ3CzAAVsCYH5b3rrDzuWITEycgMzRd/gwj5oNcIf7vCOHEGK/Q5B/Gnkw/mvwJ,1.197384,2.168953,3.009677,0,2591700,17.55397,Delay-insensitive,2,3.5
138000,ahQ3CzAAVsCYH5b3rrDzuWITEycgMzRd/gwj5oNcIf7vCOHEGK/Q5B/Gnkw/mvwJ,1.7612419999999998,2.2080740000000003,3.696694,0,2591700,17.55397,Delay-insensitive,2,3.5
138300,ahQ3CzAAVsCYH5b3rrDzuWITEycgMzRd/gwj5oNcIf7vCOHEGK/Q5B/Gnkw/mvwJ,1.826086,3.617775,13.428982,0,2591700,17.55397,Delay-insensitive,2,3.5
138600,ahQ3CzAAVsCYH5b3rrDzuWITEycgMzRd/gwj5oNcIf7vCOHEGK/Q5B/Gnkw/mvwJ,1.587642,2.689998,5.198511,0,2591700,17.55397,Delay-insensitive,2,3.5
138900,ahQ3CzAAVsCYH5b3rrDzuWITEycgMzRd/gwj5oNcIf7vCOHEGK/Q5B/Gnkw/mvwJ,1.689714,3.407474,10.739678,0,2591700,17.55397,Delay-insensitive,2,3.5
139200,ahQ3CzAAVsCYH5b3rrDzuWITEycgMzRd/gwj5oNcIf7vCOHEGK/Q5B/Gnkw/mvwJ,1.623449,2.344752,3.113938,0,2591700,17.55397,Delay-insensitive,2,3.5
139500,ahQ3CzAAVsCYH5b3rrDzuWITEycgMzRd/gwj5oNcIf7vCOHEGK/Q5B/Gnkw/mvwJ,1.779373,2.337925,2.996592,0,2591700,17.55397,Delay-insensitive,2,3.5
139800,ahQ3CzAAVsCYH5b3rrDzuWITEycgMzRd/gwj5oNcIf7vCOHEGK/Q5B/Gnkw/mvwJ,0.951821,2.218298,3.706419,0,2591700,17.55397,Delay-insensitive,2,3.5
140100,ahQ3CzAAVsCYH5b3rrDzuWITEycgMzRd/gwj5oNcIf7vCOHEGK/Q5B/Gnkw/mvwJ,1.719257,2.227106,3.229866,0,2591700,17.55397,Delay-insensitive,2,3.5
140400,ahQ3CzAAVsCYH5b3rrDzuWITEycgMzRd/gwj5oNcIf7vCOHEGK/Q5B/Gnkw/mvwJ,1.192168,2.307546,4.269346,0,2591700,17.55397,Delay-insensitive,2,3.5
140700,ahQ3CzAAVsCYH5b3rrDzuWITEycgMzRd/gwj5oNcIf7vCOHEGK/Q5B/Gnkw/mvwJ,1.5929719999999998,2.51365,5.8255550000000005,0,2591700,17.55397,Delay-insensitive,2,3.5
141000,ahQ3CzAAVsCYH5b3rrDzuWITEycgMzRd/gwj5oNcIf7vCOHEGK/Q5B/Gnkw/mvwJ,1.540462,2.141741,2.719999,0,2591700,17.55397,Delay-insensitive,2,3.5
141300,ahQ3CzAAVsCYH5b3rrDzuWITEycgMzRd/gwj5oNcIf7vCOHEGK/Q5B/Gnkw/mvwJ,1.802028,2.216913,2.904056,0,2591700,17.55397,Delay-insensitive,2,3.5
141600,ahQ3CzAAVsCYH5b3rrDzuWITEycgMzRd/gwj5oNcIf7vCOHEGK/Q5B/Gnkw/mvwJ,1.83383,2.320154,3.375144,0,2591700,17.55397,Delay-insensitive,2,3.5
141900,ahQ3CzAAVsCYH5b3rrDzuWITEycgMzRd/gwj5oNcIf7vCOHEGK/Q5B/Gnkw/mvwJ,1.726355,3.581801,20.046364,0,2591700,17.55397,Delay-insensitive,2,3.5
142200,ahQ3CzAAVsCYH5b3rrDzuWITEycgMzRd/gwj5oNcIf7vCOHEGK/Q5B/Gnkw/mvwJ,1.6895639999999998,2.387459,4.034015,0,2591700,17.55397,Delay-insensitive,2,3.5
142500,ahQ3CzAAVsCYH5b3rrDzuWITEycgMzRd/gwj5oNcIf7vCOHEGK/Q5B/Gnkw/mvwJ,1.172439,2.484914,6.812657000000001,0,2591700,17.55397,Delay-insensitive,2,3.5
142800,ahQ3CzAAVsCYH5b3rrDzuWITEycgMzRd/gwj5oNcIf7vCOHEGK/Q5B/Gnkw/mvwJ,1.840434,2.207041,2.938422,0,2591700,17.55397,Delay-insensitive,2,3.5
143100,ahQ3CzAAVsCYH5b3rrDzuWITEycgMzRd/gwj5oNcIf7vCOHEGK/Q5B/Gnkw/mvwJ,0.911921,2.0381400000000003,3.153713,0,2591700,17.55397,Delay-insensitive,2,3.5
143400,ahQ3CzAAVsCYH5b3rrDzuWITEycgMzRd/gwj5oNcIf7vCOHEGK/Q5B/Gnkw/mvwJ,1.7011169999999998,2.166404,3.710789,0,2591700,17.55397,Delay-insensitive,2,3.5
143700,ahQ3CzAAVsCYH5b3rrDzuWITEycgMzRd/gwj5oNcIf7vCOHEGK/Q5B/Gnkw/mvwJ,0.999866,2.115984,2.935292,0,2591700,17.55397,Delay-insensitive,2,3.5
144000,ahQ3CzAAVsCYH5b3rrDzuWITEycgMzRd/gwj5oNcIf7vCOHEGK/Q5B/Gnkw/mvwJ,1.741129,2.380352,3.72239,0,2591700,17.55397,Delay-insensitive,2,3.5
144300,ahQ3CzAAVsCYH5b3rrDzuWITEycgMzRd/gwj5oNcIf7vCOHEGK/Q5B/Gnkw/mvwJ,1.744429,2.372913,4.04409,0,2591700,17.55397,Delay-insensitive,2,3.5
144600,ahQ3CzAAVsCYH5b3rrDzuWITEycgMzRd/gwj5oNcIf7vCOHEGK/Q5B/Gnkw/mvwJ,1.938245,2.395499,2.92124,0,2591700,17.55397,Delay-insensitive,2,3.5
144900,ahQ3CzAAVsCYH5b3rrDzuWITEycgMzRd/gwj5oNcIf7vCOHEGK/Q5B/Gnkw/mvwJ,1.863806,2.277239,3.222125,0,2591700,17.55397,Delay-insensitive,2,3.5
145200,ahQ3CzAAVsCYH5b3rrDzuWITEycgMzRd/gwj5oNcIf7vCOHEGK/Q5B/Gnkw/mvwJ,0.919205,2.081234,3.5076910000000003,0,2591700,17.55397,Delay-insensitive,2,3.5
145500,ahQ3CzAAVsCYH5b3rrDzuWITEycgMzRd/gwj5oNcIf7vCOHEGK/Q5B/Gnkw/mvwJ,1.7673419999999995,3.469906,22.103027,0,2591700,17.55397,Delay-insensitive,2,3.5
145800,ahQ3CzAAVsCYH5b3rrDzuWITEycgMzRd/gwj5oNcIf7vCOHEGK/Q5B/Gnkw/mvwJ,0.7754310000000001,2.188629,4.041864,0,2591700,17.55397,Delay-insensitive,2,3.5
146100,ahQ3CzAAVsCYH5b3rrDzuWITEycgMzRd/gwj5oNcIf7vCOHEGK/Q5B/Gnkw/mvwJ,1.854202,2.4917740000000004,5.924539,0,2591700,17.55397,Delay-insensitive,2,3.5
146400,ahQ3CzAAVsCYH5b3rrDzuWITEycgMzRd/gwj5oNcIf7vCOHEGK/Q5B/Gnkw/mvwJ,1.149364,2.190673,2.833494,0,2591700,17.55397,Delay-insensitive,2,3.5
146700,ahQ3CzAAVsCYH5b3rrDzuWITEycgMzRd/gwj5oNcIf7vCOHEGK/Q5B/Gnkw/mvwJ,1.808226,2.251312,3.25467,0,2591700,17.55397,Delay-insensitive,2,3.5
147000,ahQ3CzAAVsCYH5b3rrDzuWITEycgMzRd/gwj5oNcIf7vCOHEGK/Q5B/Gnkw/mvwJ,1.916451,2.38158,3.476492,0,2591700,17.55397,Delay-insensitive,2,3.5
147300,ahQ3CzAAVsCYH5b3rrDzuWITEycgMzRd/gwj5oNcIf7vCOHEGK/Q5B/Gnkw/mvwJ,2.039391,6.661541000000001,40.466941,0,2591700,17.55397,Delay-insensitive,2,3.5
147600,ahQ3CzAAVsCYH5b3rrDzuWITEycgMzRd/gwj5oNcIf7vCOHEGK/Q5B/Gnkw/mvwJ,1.80633,2.526294,3.626376,0,2591700,17.55397,Delay-insensitive,2,3.5
147900,ahQ3CzAAVsCYH5b3rrDzuWITEycgMzRd/gwj5oNcIf7vCOHEGK/Q5B/Gnkw/mvwJ,1.263219,6.0003150000000005,43.955513,0,2591700,17.55397,Delay-insensitive,2,3.5
148200,ahQ3CzAAVsCYH5b3rrDzuWITEycgMzRd/gwj5oNcIf7vCOHEGK/Q5B/Gnkw/mvwJ,1.931158,5.220494,42.071467,0,2591700,17.55397,Delay-insensitive,2,3.5
148500,ahQ3CzAAVsCYH5b3rrDzuWITEycgMzRd/gwj5oNcIf7vCOHEGK/Q5B/Gnkw/mvwJ,1.087308,2.136463,2.927811,0,2591700,17.55397,Delay-insensitive,2,3.5
148800,ahQ3CzAAVsCYH5b3rrDzuWITEycgMzRd/gwj5oNcIf7vCOHEGK/Q5B/Gnkw/mvwJ,1.7771990000000002,2.183575,2.917917,0,2591700,17.55397,Delay-insensitive,2,3.5
149100,ahQ3CzAAVsCYH5b3rrDzuWITEycgMzRd/gwj5oNcIf7vCOHEGK/Q5B/Gnkw/mvwJ,1.331433,3.459603,21.090425,0,2591700,17.55397,Delay-insensitive,2,3.5
149400,ahQ3CzAAVsCYH5b3rrDzuWITEycgMzRd/gwj5oNcIf7vCOHEGK/Q5B/Gnkw/mvwJ,1.67655,2.370102,3.548492,0,2591700,17.55397,Delay-insensitive,2,3.5
149700,ahQ3CzAAVsCYH5b3rrDzuWITEycgMzRd/gwj5oNcIf7vCOHEGK/Q5B/Gnkw/mvwJ,1.840246,3.4155620000000004,15.016048,0,2591700,17.55397,Delay-insensitive,2,3.5
150000,ahQ3CzAAVsCYH5b3rrDzuWITEycgMzRd/gwj5oNcIf7vCOHEGK/Q5B/Gnkw/mvwJ,1.656937,2.247863,2.968108,0,2591700,17.55397,Delay-insensitive,2,3.5
150300,ahQ3CzAAVsCYH5b3rrDzuWITEycgMzRd/gwj5oNcIf7vCOHEGK/Q5B/Gnkw/mvwJ,1.828424,2.262171,2.921851,0,2591700,17.55397,Delay-insensitive,2,3.5
150600,ahQ3CzAAVsCYH5b3rrDzuWITEycgMzRd/gwj5oNcIf7vCOHEGK/Q5B/Gnkw/mvwJ,1.08685,2.074275,3.29302,0,2591700,17.55397,Delay-insensitive,2,3.5
150900,ahQ3CzAAVsCYH5b3rrDzuWITEycgMzRd/gwj5oNcIf7vCOHEGK/Q5B/Gnkw/mvwJ,1.814371,2.291376,3.155051,0,2591700,17.55397,Delay-insensitive,2,3.5
151200,ahQ3CzAAVsCYH5b3rrDzuWITEycgMzRd/gwj5oNcIf7vCOHEGK/Q5B/Gnkw/mvwJ,0.953015,2.269825,3.766536,0,2591700,17.55397,Delay-insensitive,2,3.5
151500,ahQ3CzAAVsCYH5b3rrDzuWITEycgMzRd/gwj5oNcIf7vCOHEGK/Q5B/Gnkw/mvwJ,1.84263,2.563187,6.218252,0,2591700,17.55397,Delay-insensitive,2,3.5
151800,ahQ3CzAAVsCYH5b3rrDzuWITEycgMzRd/gwj5oNcIf7vCOHEGK/Q5B/Gnkw/mvwJ,1.174066,2.221912,3.071207,0,2591700,17.55397,Delay-insensitive,2,3.5
152100,ahQ3CzAAVsCYH5b3rrDzuWITEycgMzRd/gwj5oNcIf7vCOHEGK/Q5B/Gnkw/mvwJ,1.757683,2.218246,2.757638,0,2591700,17.55397,Delay-insensitive,2,3.5
152400,ahQ3CzAAVsCYH5b3rrDzuWITEycgMzRd/gwj5oNcIf7vCOHEGK/Q5B/Gnkw/mvwJ,1.7073779999999998,2.185173,2.893181,0,2591700,17.55397,Delay-insensitive,2,3.5
152700,ahQ3CzAAVsCYH5b3rrDzuWITEycgMzRd/gwj5oNcIf7vCOHEGK/Q5B/Gnkw/mvwJ,1.699526,3.502742,20.011585,0,2591700,17.55397,Delay-insensitive,2,3.5
153000,ahQ3CzAAVsCYH5b3rrDzuWITEycgMzRd/gwj5oNcIf7vCOHEGK/Q5B/Gnkw/mvwJ,1.609472,2.300628,3.819665,0,2591700,17.55397,Delay-insensitive,2,3.5
153300,ahQ3CzAAVsCYH5b3rrDzuWITEycgMzRd/gwj5oNcIf7vCOHEGK/Q5B/Gnkw/mvwJ,1.662524,2.643803,5.819591,0,2591700,17.55397,Delay-insensitive,2,3.5
153600,ahQ3CzAAVsCYH5b3rrDzuWITEycgMzRd/gwj5oNcIf7vCOHEGK/Q5B/Gnkw/mvwJ,1.608932,2.240484,2.927318,0,2591700,17.55397,Delay-insensitive,2,3.5
153900,ahQ3CzAAVsCYH5b3rrDzuWITEycgMzRd/gwj5oNcIf7vCOHEGK/Q5B/Gnkw/mvwJ,1.462673,2.264739,3.711768,0,2591700,17.55397,Delay-insensitive,2,3.5
154200,ahQ3CzAAVsCYH5b3rrDzuWITEycgMzRd/gwj5oNcIf7vCOHEGK/Q5B/Gnkw/mvwJ,1.7500209999999998,2.239476,3.053051,0,2591700,17.55397,Delay-insensitive,2,3.5
154500,ahQ3CzAAVsCYH5b3rrDzuWITEycgMzRd/gwj5oNcIf7vCOHEGK/Q5B/Gnkw/mvwJ,1.597612,2.326621,3.940636,0,2591700,17.55397,Delay-insensitive,2,3.5
154800,ahQ3CzAAVsCYH5b3rrDzuWITEycgMzRd/gwj5oNcIf7vCOHEGK/Q5B/Gnkw/mvwJ,1.665152,2.343634,3.738691,0,2591700,17.55397,Delay-insensitive,2,3.5
155100,ahQ3CzAAVsCYH5b3rrDzuWITEycgMzRd/gwj5oNcIf7vCOHEGK/Q5B/Gnkw/mvwJ,1.678318,2.7018880000000003,7.644355,0,2591700,17.55397,Delay-insensitive,2,3.5
155400,ahQ3CzAAVsCYH5b3rrDzuWITEycgMzRd/gwj5oNcIf7vCOHEGK/Q5B/Gnkw/mvwJ,1.255426,2.187537,2.903514,0,2591700,17.55397,Delay-insensitive,2,3.5
155700,ahQ3CzAAVsCYH5b3rrDzuWITEycgMzRd/gwj5oNcIf7vCOHEGK/Q5B/Gnkw/mvwJ,1.630741,2.230198,3.029052,0,2591700,17.55397,Delay-insensitive,2,3.5
156000,ahQ3CzAAVsCYH5b3rrDzuWITEycgMzRd/gwj5oNcIf7vCOHEGK/Q5B/Gnkw/mvwJ,1.698137,2.356958,4.849966,0,2591700,17.55397,Delay-insensitive,2,3.5
156300,ahQ3CzAAVsCYH5b3rrDzuWITEycgMzRd/gwj5oNcIf7vCOHEGK/Q5B/Gnkw/mvwJ,1.585312,3.469037,16.046246,0,2591700,17.55397,Delay-insensitive,2,3.5
156600,ahQ3CzAAVsCYH5b3rrDzuWITEycgMzRd/gwj5oNcIf7vCOHEGK/Q5B/Gnkw/mvwJ,1.014074,2.101529,3.657169,0,2591700,17.55397,Delay-insensitive,2,3.5
156900,ahQ3CzAAVsCYH5b3rrDzuWITEycgMzRd/gwj5oNcIf7vCOHEGK/Q5B/Gnkw/mvwJ,1.6665720000000002,3.072784,6.274293,0,2591700,17.55397,Delay-insensitive,2,3.5
157200,ahQ3CzAAVsCYH5b3rrDzuWITEycgMzRd/gwj5oNcIf7vCOHEGK/Q5B/Gnkw/mvwJ,1.081913,2.132839,2.683568,0,2591700,17.55397,Delay-insensitive,2,3.5
157500,ahQ3CzAAVsCYH5b3rrDzuWITEycgMzRd/gwj5oNcIf7vCOHEGK/Q5B/Gnkw/mvwJ,1.702028,2.189975,3.2321,0,2591700,17.55397,Delay-insensitive,2,3.5
157800,ahQ3CzAAVsCYH5b3rrDzuWITEycgMzRd/gwj5oNcIf7vCOHEGK/Q5B/Gnkw/mvwJ,1.668969,2.275285,3.974555000000001,0,2591700,17.55397,Delay-insensitive,2,3.5
158100,ahQ3CzAAVsCYH5b3rrDzuWITEycgMzRd/gwj5oNcIf7vCOHEGK/Q5B/Gnkw/mvwJ,1.74117,2.217971,3.150859,0,2591700,17.55397,Delay-insensitive,2,3.5
158400,ahQ3CzAAVsCYH5b3rrDzuWITEycgMzRd/gwj5oNcIf7vCOHEGK/Q5B/Gnkw/mvwJ,1.679245,2.302004,4.707994,0,2591700,17.55397,Delay-insensitive,2,3.5
158700,ahQ3CzAAVsCYH5b3rrDzuWITEycgMzRd/gwj5oNcIf7vCOHEGK/Q5B/Gnkw/mvwJ,1.6933630000000002,2.891566,6.25185,0,2591700,17.55397,Delay-insensitive,2,3.5
159000,ahQ3CzAAVsCYH5b3rrDzuWITEycgMzRd/gwj5oNcIf7vCOHEGK/Q5B/Gnkw/mvwJ,1.485702,2.054279,2.814724,0,2591700,17.55397,Delay-insensitive,2,3.5
159300,ahQ3CzAAVsCYH5b3rrDzuWITEycgMzRd/gwj5oNcIf7vCOHEGK/Q5B/Gnkw/mvwJ,1.371501,2.016391,2.951045,0,2591700,17.55397,Delay-insensitive,2,3.5
159600,ahQ3CzAAVsCYH5b3rrDzuWITEycgMzRd/gwj5oNcIf7vCOHEGK/Q5B/Gnkw/mvwJ,1.602499,2.131525,2.871228,0,2591700,17.55397,Delay-insensitive,2,3.5
159900,ahQ3CzAAVsCYH5b3rrDzuWITEycgMzRd/gwj5oNcIf7vCOHEGK/Q5B/Gnkw/mvwJ,1.676353,3.5355,21.733808,0,2591700,17.55397,Delay-insensitive,2,3.5
160200,ahQ3CzAAVsCYH5b3rrDzuWITEycgMzRd/gwj5oNcIf7vCOHEGK/Q5B/Gnkw/mvwJ,1.590792,2.215643,4.401595,0,2591700,17.55397,Delay-insensitive,2,3.5
160500,ahQ3CzAAVsCYH5b3rrDzuWITEycgMzRd/gwj5oNcIf7vCOHEGK/Q5B/Gnkw/mvwJ,1.39992,2.504321,6.389643,0,2591700,17.55397,Delay-insensitive,2,3.5
160800,ahQ3CzAAVsCYH5b3rrDzuWITEycgMzRd/gwj5oNcIf7vCOHEGK/Q5B/Gnkw/mvwJ,1.200658,2.1527540000000003,3.178115,0,2591700,17.55397,Delay-insensitive,2,3.5
161100,ahQ3CzAAVsCYH5b3rrDzuWITEycgMzRd/gwj5oNcIf7vCOHEGK/Q5B/Gnkw/mvwJ,1.734247,2.316057,3.739755,0,2591700,17.55397,Delay-insensitive,2,3.5
161400,ahQ3CzAAVsCYH5b3rrDzuWITEycgMzRd/gwj5oNcIf7vCOHEGK/Q5B/Gnkw/mvwJ,1.234818,2.107712,3.041214,0,2591700,17.55397,Delay-insensitive,2,3.5
161700,ahQ3CzAAVsCYH5b3rrDzuWITEycgMzRd/gwj5oNcIf7vCOHEGK/Q5B/Gnkw/mvwJ,1.64074,2.20351,3.2761720000000003,0,2591700,17.55397,Delay-insensitive,2,3.5
162000,ahQ3CzAAVsCYH5b3rrDzuWITEycgMzRd/gwj5oNcIf7vCOHEGK/Q5B/Gnkw/mvwJ,0.734812,2.080507,4.383625,0,2591700,17.55397,Delay-insensitive,2,3.5
162300,ahQ3CzAAVsCYH5b3rrDzuWITEycgMzRd/gwj5oNcIf7vCOHEGK/Q5B/Gnkw/mvwJ,1.839809,2.567484,7.248112,0,2591700,17.55397,Delay-insensitive,2,3.5
162600,ahQ3CzAAVsCYH5b3rrDzuWITEycgMzRd/gwj5oNcIf7vCOHEGK/Q5B/Gnkw/mvwJ,1.589146,2.140423,2.923253,0,2591700,17.55397,Delay-insensitive,2,3.5
162900,ahQ3CzAAVsCYH5b3rrDzuWITEycgMzRd/gwj5oNcIf7vCOHEGK/Q5B/Gnkw/mvwJ,1.618345,2.168699,2.749485,0,2591700,17.55397,Delay-insensitive,2,3.5
163200,ahQ3CzAAVsCYH5b3rrDzuWITEycgMzRd/gwj5oNcIf7vCOHEGK/Q5B/Gnkw/mvwJ,0.649512,2.038751,2.715144,0,2591700,17.55397,Delay-insensitive,2,3.5
163500,ahQ3CzAAVsCYH5b3rrDzuWITEycgMzRd/gwj5oNcIf7vCOHEGK/Q5B/Gnkw/mvwJ,1.559424,4.408746,14.512196,0,2591700,17.55397,Delay-insensitive,2,3.5
163800,ahQ3CzAAVsCYH5b3rrDzuWITEycgMzRd/gwj5oNcIf7vCOHEGK/Q5B/Gnkw/mvwJ,1.6803709999999998,2.253303,3.367081,0,2591700,17.55397,Delay-insensitive,2,3.5
164100,ahQ3CzAAVsCYH5b3rrDzuWITEycgMzRd/gwj5oNcIf7vCOHEGK/Q5B/Gnkw/mvwJ,0.699817,2.511664,7.923896000000001,0,2591700,17.55397,Delay-insensitive,2,3.5
164400,ahQ3CzAAVsCYH5b3rrDzuWITEycgMzRd/gwj5oNcIf7vCOHEGK/Q5B/Gnkw/mvwJ,1.6198,2.148374,2.86775,0,2591700,17.55397,Delay-insensitive,2,3.5
164700,ahQ3CzAAVsCYH5b3rrDzuWITEycgMzRd/gwj5oNcIf7vCOHEGK/Q5B/Gnkw/mvwJ,1.6313030000000002,2.0785310000000004,2.79316,0,2591700,17.55397,Delay-insensitive,2,3.5
165000,ahQ3CzAAVsCYH5b3rrDzuWITEycgMzRd/gwj5oNcIf7vCOHEGK/Q5B/Gnkw/mvwJ,1.558869,2.1201060000000003,2.964537,0,2591700,17.55397,Delay-insensitive,2,3.5
165300,ahQ3CzAAVsCYH5b3rrDzuWITEycgMzRd/gwj5oNcIf7vCOHEGK/Q5B/Gnkw/mvwJ,1.7003009999999998,2.228498,3.490924,0,2591700,17.55397,Delay-insensitive,2,3.5
165600,ahQ3CzAAVsCYH5b3rrDzuWITEycgMzRd/gwj5oNcIf7vCOHEGK/Q5B/Gnkw/mvwJ,1.737727,2.249692,3.795466,0,2591700,17.55397,Delay-insensitive,2,3.5
165900,ahQ3CzAAVsCYH5b3rrDzuWITEycgMzRd/gwj5oNcIf7vCOHEGK/Q5B/Gnkw/mvwJ,1.198779,2.65575,8.033686999999999,0,2591700,17.55397,Delay-insensitive,2,3.5
166200,ahQ3CzAAVsCYH5b3rrDzuWITEycgMzRd/gwj5oNcIf7vCOHEGK/Q5B/Gnkw/mvwJ,1.089526,2.1960040000000003,3.308954,0,2591700,17.55397,Delay-insensitive,2,3.5
166500,ahQ3CzAAVsCYH5b3rrDzuWITEycgMzRd/gwj5oNcIf7vCOHEGK/Q5B/Gnkw/mvwJ,1.738507,2.251522,2.920644,0,2591700,17.55397,Delay-insensitive,2,3.5
166800,ahQ3CzAAVsCYH5b3rrDzuWITEycgMzRd/gwj5oNcIf7vCOHEGK/Q5B/Gnkw/mvwJ,1.2196790000000002,2.157735,3.06045,0,2591700,17.55397,Delay-insensitive,2,3.5
167100,ahQ3CzAAVsCYH5b3rrDzuWITEycgMzRd/gwj5oNcIf7vCOHEGK/Q5B/Gnkw/mvwJ,1.779448,3.524521,21.140879,0,2591700,17.55397,Delay-insensitive,2,3.5
167400,ahQ3CzAAVsCYH5b3rrDzuWITEycgMzRd/gwj5oNcIf7vCOHEGK/Q5B/Gnkw/mvwJ,1.737544,2.315378,3.87371,0,2591700,17.55397,Delay-insensitive,2,3.5
167700,ahQ3CzAAVsCYH5b3rrDzuWITEycgMzRd/gwj5oNcIf7vCOHEGK/Q5B/Gnkw/mvwJ,1.6981959999999998,2.593423,7.171382,0,2591700,17.55397,Delay-insensitive,2,3.5
168000,ahQ3CzAAVsCYH5b3rrDzuWITEycgMzRd/gwj5oNcIf7vCOHEGK/Q5B/Gnkw/mvwJ,1.6671619999999998,2.307946,3.58612,0,2591700,17.55397,Delay-insensitive,2,3.5
168300,ahQ3CzAAVsCYH5b3rrDzuWITEycgMzRd/gwj5oNcIf7vCOHEGK/Q5B/Gnkw/mvwJ,1.7019,2.263568,2.991901,0,2591700,17.55397,Delay-insensitive,2,3.5
168600,ahQ3CzAAVsCYH5b3rrDzuWITEycgMzRd/gwj5oNcIf7vCOHEGK/Q5B/Gnkw/mvwJ,1.091158,2.198168,3.566302,0,2591700,17.55397,Delay-insensitive,2,3.5
168900,ahQ3CzAAVsCYH5b3rrDzuWITEycgMzRd/gwj5oNcIf7vCOHEGK/Q5B/Gnkw/mvwJ,1.073612,2.063642,2.955694,0,2591700,17.55397,Delay-insensitive,2,3.5
169200,ahQ3CzAAVsCYH5b3rrDzuWITEycgMzRd/gwj5oNcIf7vCOHEGK/Q5B/Gnkw/mvwJ,1.852774,2.534158,6.156559,0,2591700,17.55397,Delay-insensitive,2,3.5
169500,ahQ3CzAAVsCYH5b3rrDzuWITEycgMzRd/gwj5oNcIf7vCOHEGK/Q5B/Gnkw/mvwJ,0.990068,2.420093,6.550576,0,2591700,17.55397,Delay-insensitive,2,3.5
169800,ahQ3CzAAVsCYH5b3rrDzuWITEycgMzRd/gwj5oNcIf7vCOHEGK/Q5B/Gnkw/mvwJ,1.752084,2.143855,3.222318,0,2591700,17.55397,Delay-insensitive,2,3.5
170100,ahQ3CzAAVsCYH5b3rrDzuWITEycgMzRd/gwj5oNcIf7vCOHEGK/Q5B/Gnkw/mvwJ,1.717509,2.488329,6.9825610000000005,0,2591700,17.55397,Delay-insensitive,2,3.5
170400,ahQ3CzAAVsCYH5b3rrDzuWITEycgMzRd/gwj5oNcIf7vCOHEGK/Q5B/Gnkw/mvwJ,1.663334,2.211959,2.876871,0,2591700,17.55397,Delay-insensitive,2,3.5
170700,ahQ3CzAAVsCYH5b3rrDzuWITEycgMzRd/gwj5oNcIf7vCOHEGK/Q5B/Gnkw/mvwJ,1.641945,4.80957,23.004118,0,2591700,17.55397,Delay-insensitive,2,3.5
171000,ahQ3CzAAVsCYH5b3rrDzuWITEycgMzRd/gwj5oNcIf7vCOHEGK/Q5B/Gnkw/mvwJ,1.675195,2.40778,3.70969,0,2591700,17.55397,Delay-insensitive,2,3.5
171300,ahQ3CzAAVsCYH5b3rrDzuWITEycgMzRd/gwj5oNcIf7vCOHEGK/Q5B/Gnkw/mvwJ,1.7737310000000002,2.369093,4.160092,0,2591700,17.55397,Delay-insensitive,2,3.5
171600,ahQ3CzAAVsCYH5b3rrDzuWITEycgMzRd/gwj5oNcIf7vCOHEGK/Q5B/Gnkw/mvwJ,1.0120360000000002,2.07315,2.691721,0,2591700,17.55397,Delay-insensitive,2,3.5
171900,ahQ3CzAAVsCYH5b3rrDzuWITEycgMzRd/gwj5oNcIf7vCOHEGK/Q5B/Gnkw/mvwJ,1.768452,2.263457,2.893081,0,2591700,17.55397,Delay-insensitive,2,3.5
172200,ahQ3CzAAVsCYH5b3rrDzuWITEycgMzRd/gwj5oNcIf7vCOHEGK/Q5B/Gnkw/mvwJ,1.560627,2.176386,3.187933,0,2591700,17.55397,Delay-insensitive,2,3.5
172500,ahQ3CzAAVsCYH5b3rrDzuWITEycgMzRd/gwj5oNcIf7vCOHEGK/Q5B/Gnkw/mvwJ,1.716736,2.232278,2.917129,0,2591700,17.55397,Delay-insensitive,2,3.5
172800,ahQ3CzAAVsCYH5b3rrDzuWITEycgMzRd/gwj5oNcIf7vCOHEGK/Q5B/Gnkw/mvwJ,1.6327,2.803703,8.095773,0,2591700,17.55397,Delay-insensitive,2,3.5
173100,ahQ3CzAAVsCYH5b3rrDzuWITEycgMzRd/gwj5oNcIf7vCOHEGK/Q5B/Gnkw/mvwJ,1.926987,2.6493130000000003,6.852065,0,2591700,17.55397,Delay-insensitive,2,3.5
173400,ahQ3CzAAVsCYH5b3rrDzuWITEycgMzRd/gwj5oNcIf7vCOHEGK/Q5B/Gnkw/mvwJ,1.767707,2.207215,2.876312,0,2591700,17.55397,Delay-insensitive,2,3.5
173700,ahQ3CzAAVsCYH5b3rrDzuWITEycgMzRd/gwj5oNcIf7vCOHEGK/Q5B/Gnkw/mvwJ,1.7126580000000002,2.272282,3.102557,0,2591700,17.55397,Delay-insensitive,2,3.5
174000,ahQ3CzAAVsCYH5b3rrDzuWITEycgMzRd/gwj5oNcIf7vCOHEGK/Q5B/Gnkw/mvwJ,1.592048,2.129523,2.777996,0,2591700,17.55397,Delay-insensitive,2,3.5
174300,ahQ3CzAAVsCYH5b3rrDzuWITEycgMzRd/gwj5oNcIf7vCOHEGK/Q5B/Gnkw/mvwJ,0.782159,3.289215,9.542029,0,2591700,17.55397,Delay-insensitive,2,3.5
174600,ahQ3CzAAVsCYH5b3rrDzuWITEycgMzRd/gwj5oNcIf7vCOHEGK/Q5B/Gnkw/mvwJ,1.588113,2.3649880000000003,3.767476,0,2591700,17.55397,Delay-insensitive,2,3.5
174900,ahQ3CzAAVsCYH5b3rrDzuWITEycgMzRd/gwj5oNcIf7vCOHEGK/Q5B/Gnkw/mvwJ,1.191924,2.500161,6.400204,0,2591700,17.55397,Delay-insensitive,2,3.5
175200,ahQ3CzAAVsCYH5b3rrDzuWITEycgMzRd/gwj5oNcIf7vCOHEGK/Q5B/Gnkw/mvwJ,1.7109759999999998,2.286683,3.349972,0,2591700,17.55397,Delay-insensitive,2,3.5
175500,ahQ3CzAAVsCYH5b3rrDzuWITEycgMzRd/gwj5oNcIf7vCOHEGK/Q5B/Gnkw/mvwJ,1.823314,2.883135,9.150083,0,2591700,17.55397,Delay-insensitive,2,3.5
175800,ahQ3CzAAVsCYH5b3rrDzuWITEycgMzRd/gwj5oNcIf7vCOHEGK/Q5B/Gnkw/mvwJ,1.867829,2.199388,2.76729,0,2591700,17.55397,Delay-insensitive,2,3.5
176100,ahQ3CzAAVsCYH5b3rrDzuWITEycgMzRd/gwj5oNcIf7vCOHEGK/Q5B/Gnkw/mvwJ,1.7540759999999995,6.6037550000000005,36.460651,0,2591700,17.55397,Delay-insensitive,2,3.5
176400,ahQ3CzAAVsCYH5b3rrDzuWITEycgMzRd/gwj5oNcIf7vCOHEGK/Q5B/Gnkw/mvwJ,1.706294,2.526878,3.8478,0,2591700,17.55397,Delay-insensitive,2,3.5
176700,ahQ3CzAAVsCYH5b3rrDzuWITEycgMzRd/gwj5oNcIf7vCOHEGK/Q5B/Gnkw/mvwJ,1.480492,2.170046,3.089241,0,2591700,17.55397,Delay-insensitive,2,3.5
177000,ahQ3CzAAVsCYH5b3rrDzuWITEycgMzRd/gwj5oNcIf7vCOHEGK/Q5B/Gnkw/mvwJ,0.7415149999999999,2.130005,3.076701,0,2591700,17.55397,Delay-insensitive,2,3.5
177300,ahQ3CzAAVsCYH5b3rrDzuWITEycgMzRd/gwj5oNcIf7vCOHEGK/Q5B/Gnkw/mvwJ,1.676663,2.295881,3.879732,0,2591700,17.55397,Delay-insensitive,2,3.5
177600,ahQ3CzAAVsCYH5b3rrDzuWITEycgMzRd/gwj5oNcIf7vCOHEGK/Q5B/Gnkw/mvwJ,0.929601,2.081242,2.851256,0,2591700,17.55397,Delay-insensitive,2,3.5
177900,ahQ3CzAAVsCYH5b3rrDzuWITEycgMzRd/gwj5oNcIf7vCOHEGK/Q5B/Gnkw/mvwJ,1.673005,3.494892,19.936589,0,2591700,17.55397,Delay-insensitive,2,3.5
178200,ahQ3CzAAVsCYH5b3rrDzuWITEycgMzRd/gwj5oNcIf7vCOHEGK/Q5B/Gnkw/mvwJ,1.657636,3.141518,9.246578,0,2591700,17.55397,Delay-insensitive,2,3.5
178500,ahQ3CzAAVsCYH5b3rrDzuWITEycgMzRd/gwj5oNcIf7vCOHEGK/Q5B/Gnkw/mvwJ,1.588888,2.618779,7.087136,0,2591700,17.55397,Delay-insensitive,2,3.5
178800,ahQ3CzAAVsCYH5b3rrDzuWITEycgMzRd/gwj5oNcIf7vCOHEGK/Q5B/Gnkw/mvwJ,1.185155,2.11981,3.124425,0,2591700,17.55397,Delay-insensitive,2,3.5
179100,ahQ3CzAAVsCYH5b3rrDzuWITEycgMzRd/gwj5oNcIf7vCOHEGK/Q5B/Gnkw/mvwJ,1.597703,2.268257,3.666206,0,2591700,17.55397,Delay-insensitive,2,3.5
179400,ahQ3CzAAVsCYH5b3rrDzuWITEycgMzRd/gwj5oNcIf7vCOHEGK/Q5B/Gnkw/mvwJ,1.26279,2.079011,2.9537560000000003,0,2591700,17.55397,Delay-insensitive,2,3.5
179700,ahQ3CzAAVsCYH5b3rrDzuWITEycgMzRd/gwj5oNcIf7vCOHEGK/Q5B/Gnkw/mvwJ,0.842648,2.1120330000000003,2.844092,0,2591700,17.55397,Delay-insensitive,2,3.5
180000,ahQ3CzAAVsCYH5b3rrDzuWITEycgMzRd/gwj5oNcIf7vCOHEGK/Q5B/Gnkw/mvwJ,1.621765,2.3715740000000003,4.139557,0,2591700,17.55397,Delay-insensitive,2,3.5
180300,ahQ3CzAAVsCYH5b3rrDzuWITEycgMzRd/gwj5oNcIf7vCOHEGK/Q5B/Gnkw/mvwJ,0.794094,2.491105,7.610803,0,2591700,17.55397,Delay-insensitive,2,3.5
180600,ahQ3CzAAVsCYH5b3rrDzuWITEycgMzRd/gwj5oNcIf7vCOHEGK/Q5B/Gnkw/mvwJ,1.7056939999999998,2.213039,2.964925,0,2591700,17.55397,Delay-insensitive,2,3.5
180900,ahQ3CzAAVsCYH5b3rrDzuWITEycgMzRd/gwj5oNcIf7vCOHEGK/Q5B/Gnkw/mvwJ,1.70105,2.677066,6.630598,0,2591700,17.55397,Delay-insensitive,2,3.5
181200,ahQ3CzAAVsCYH5b3rrDzuWITEycgMzRd/gwj5oNcIf7vCOHEGK/Q5B/Gnkw/mvwJ,1.656894,2.246609,3.1377490000000003,0,2591700,17.55397,Delay-insensitive,2,3.5
181500,ahQ3CzAAVsCYH5b3rrDzuWITEycgMzRd/gwj5oNcIf7vCOHEGK/Q5B/Gnkw/mvwJ,1.7648669999999995,3.634285,20.563304,0,2591700,17.55397,Delay-insensitive,2,3.5
181800,ahQ3CzAAVsCYH5b3rrDzuWITEycgMzRd/gwj5oNcIf7vCOHEGK/Q5B/Gnkw/mvwJ,1.608838,2.437522,4.507537999999999,0,2591700,17.55397,Delay-insensitive,2,3.5
182100,ahQ3CzAAVsCYH5b3rrDzuWITEycgMzRd/gwj5oNcIf7vCOHEGK/Q5B/Gnkw/mvwJ,1.578016,4.358072,31.311324,0,2591700,17.55397,Delay-insensitive,2,3.5
182400,ahQ3CzAAVsCYH5b3rrDzuWITEycgMzRd/gwj5oNcIf7vCOHEGK/Q5B/Gnkw/mvwJ,1.46723,2.230747,3.230644,0,2591700,17.55397,Delay-insensitive,2,3.5
182700,ahQ3CzAAVsCYH5b3rrDzuWITEycgMzRd/gwj5oNcIf7vCOHEGK/Q5B/Gnkw/mvwJ,1.6790470000000002,2.315025,3.384641,0,2591700,17.55397,Delay-insensitive,2,3.5
183000,ahQ3CzAAVsCYH5b3rrDzuWITEycgMzRd/gwj5oNcIf7vCOHEGK/Q5B/Gnkw/mvwJ,1.445374,2.184602,3.242408,0,2591700,17.55397,Delay-insensitive,2,3.5
183300,ahQ3CzAAVsCYH5b3rrDzuWITEycgMzRd/gwj5oNcIf7vCOHEGK/Q5B/Gnkw/mvwJ,1.686424,2.249039,2.994941,0,2591700,17.55397,Delay-insensitive,2,3.5
183600,ahQ3CzAAVsCYH5b3rrDzuWITEycgMzRd/gwj5oNcIf7vCOHEGK/Q5B/Gnkw/mvwJ,1.6224040000000002,2.502673,4.465212,0,2591700,17.55397,Delay-insensitive,2,3.5
183900,ahQ3CzAAVsCYH5b3rrDzuWITEycgMzRd/gwj5oNcIf7vCOHEGK/Q5B/Gnkw/mvwJ,1.643209,2.519991,7.165967,0,2591700,17.55397,Delay-insensitive,2,3.5
184200,ahQ3CzAAVsCYH5b3rrDzuWITEycgMzRd/gwj5oNcIf7vCOHEGK/Q5B/Gnkw/mvwJ,1.7061560000000002,2.627913,5.727044,0,2591700,17.55397,Delay-insensitive,2,3.5
184500,ahQ3CzAAVsCYH5b3rrDzuWITEycgMzRd/gwj5oNcIf7vCOHEGK/Q5B/Gnkw/mvwJ,1.739494,2.265781,4.146621,0,2591700,17.55397,Delay-insensitive,2,3.5
184800,ahQ3CzAAVsCYH5b3rrDzuWITEycgMzRd/gwj5oNcIf7vCOHEGK/Q5B/Gnkw/mvwJ,1.548656,2.12356,3.200645,0,2591700,17.55397,Delay-insensitive,2,3.5
185100,ahQ3CzAAVsCYH5b3rrDzuWITEycgMzRd/gwj5oNcIf7vCOHEGK/Q5B/Gnkw/mvwJ,0.665855,3.424313,14.659954999999998,0,2591700,17.55397,Delay-insensitive,2,3.5
185400,ahQ3CzAAVsCYH5b3rrDzuWITEycgMzRd/gwj5oNcIf7vCOHEGK/Q5B/Gnkw/mvwJ,1.7636439999999998,2.43203,3.704725,0,2591700,17.55397,Delay-insensitive,2,3.5
185700,ahQ3CzAAVsCYH5b3rrDzuWITEycgMzRd/gwj5oNcIf7vCOHEGK/Q5B/Gnkw/mvwJ,1.704502,2.542867,6.448627,0,2591700,17.55397,Delay-insensitive,2,3.5
186000,ahQ3CzAAVsCYH5b3rrDzuWITEycgMzRd/gwj5oNcIf7vCOHEGK/Q5B/Gnkw/mvwJ,1.812459,2.284233,3.138918,0,2591700,17.55397,Delay-insensitive,2,3.5
186300,ahQ3CzAAVsCYH5b3rrDzuWITEycgMzRd/gwj5oNcIf7vCOHEGK/Q5B/Gnkw/mvwJ,1.7023560000000002,2.335097,3.654126,0,2591700,17.55397,Delay-insensitive,2,3.5
186600,ahQ3CzAAVsCYH5b3rrDzuWITEycgMzRd/gwj5oNcIf7vCOHEGK/Q5B/Gnkw/mvwJ,1.672482,2.137732,2.7111490000000003,0,2591700,17.55397,Delay-insensitive,2,3.5
186900,ahQ3CzAAVsCYH5b3rrDzuWITEycgMzRd/gwj5oNcIf7vCOHEGK/Q5B/Gnkw/mvwJ,1.760032,2.594733,10.524297,0,2591700,17.55397,Delay-insensitive,2,3.5
187200,ahQ3CzAAVsCYH5b3rrDzuWITEycgMzRd/gwj5oNcIf7vCOHEGK/Q5B/Gnkw/mvwJ,1.723625,2.391224,3.599102,0,2591700,17.55397,Delay-insensitive,2,3.5
187500,ahQ3CzAAVsCYH5b3rrDzuWITEycgMzRd/gwj5oNcIf7vCOHEGK/Q5B/Gnkw/mvwJ,1.679456,2.617702,6.423277,0,2591700,17.55397,Delay-insensitive,2,3.5
187800,ahQ3CzAAVsCYH5b3rrDzuWITEycgMzRd/gwj5oNcIf7vCOHEGK/Q5B/Gnkw/mvwJ,0.9872,2.148533,2.846525,0,2591700,17.55397,Delay-insensitive,2,3.5
188100,ahQ3CzAAVsCYH5b3rrDzuWITEycgMzRd/gwj5oNcIf7vCOHEGK/Q5B/Gnkw/mvwJ,1.7692759999999998,2.310813,2.921059,0,2591700,17.55397,Delay-insensitive,2,3.5
188400,ahQ3CzAAVsCYH5b3rrDzuWITEycgMzRd/gwj5oNcIf7vCOHEGK/Q5B/Gnkw/mvwJ,1.718877,2.197823,3.152356,0,2591700,17.55397,Delay-insensitive,2,3.5
188700,ahQ3CzAAVsCYH5b3rrDzuWITEycgMzRd/gwj5oNcIf7vCOHEGK/Q5B/Gnkw/mvwJ,1.877979,3.492817,21.499186,0,2591700,17.55397,Delay-insensitive,2,3.5
189000,ahQ3CzAAVsCYH5b3rrDzuWITEycgMzRd/gwj5oNcIf7vCOHEGK/Q5B/Gnkw/mvwJ,1.6492080000000002,3.274702,11.599495,0,2591700,17.55397,Delay-insensitive,2,3.5
189300,ahQ3CzAAVsCYH5b3rrDzuWITEycgMzRd/gwj5oNcIf7vCOHEGK/Q5B/Gnkw/mvwJ,1.657034,2.5489330000000003,6.008883,0,2591700,17.55397,Delay-insensitive,2,3.5
189600,ahQ3CzAAVsCYH5b3rrDzuWITEycgMzRd/gwj5oNcIf7vCOHEGK/Q5B/Gnkw/mvwJ,0.804713,2.070724,2.830947,0,2591700,17.55397,Delay-insensitive,2,3.5
189900,ahQ3CzAAVsCYH5b3rrDzuWITEycgMzRd/gwj5oNcIf7vCOHEGK/Q5B/Gnkw/mvwJ,1.784625,2.231043,2.872987,0,2591700,17.55397,Delay-insensitive,2,3.5
190200,ahQ3CzAAVsCYH5b3rrDzuWITEycgMzRd/gwj5oNcIf7vCOHEGK/Q5B/Gnkw/mvwJ,1.739729,2.165297,4.323205000000001,0,2591700,17.55397,Delay-insensitive,2,3.5
190500,ahQ3CzAAVsCYH5b3rrDzuWITEycgMzRd/gwj5oNcIf7vCOHEGK/Q5B/Gnkw/mvwJ,1.131828,2.200443,3.105417,0,2591700,17.55397,Delay-insensitive,2,3.5
190800,ahQ3CzAAVsCYH5b3rrDzuWITEycgMzRd/gwj5oNcIf7vCOHEGK/Q5B/Gnkw/mvwJ,1.711387,2.351912,3.732987,0,2591700,17.55397,Delay-insensitive,2,3.5
191100,ahQ3CzAAVsCYH5b3rrDzuWITEycgMzRd/gwj5oNcIf7vCOHEGK/Q5B/Gnkw/mvwJ,1.662098,2.638256,6.408842,0,2591700,17.55397,Delay-insensitive,2,3.5
191400,ahQ3CzAAVsCYH5b3rrDzuWITEycgMzRd/gwj5oNcIf7vCOHEGK/Q5B/Gnkw/mvwJ,1.807594,8.810653,70.313409,0,2591700,17.55397,Delay-insensitive,2,3.5
191700,ahQ3CzAAVsCYH5b3rrDzuWITEycgMzRd/gwj5oNcIf7vCOHEGK/Q5B/Gnkw/mvwJ,1.753485,2.43561,5.160614,0,2591700,17.55397,Delay-insensitive,2,3.5
192000,ahQ3CzAAVsCYH5b3rrDzuWITEycgMzRd/gwj5oNcIf7vCOHEGK/Q5B/Gnkw/mvwJ,1.7779919999999998,2.198195,3.013652,0,2591700,17.55397,Delay-insensitive,2,3.5
192300,ahQ3CzAAVsCYH5b3rrDzuWITEycgMzRd/gwj5oNcIf7vCOHEGK/Q5B/Gnkw/mvwJ,0.8656209999999999,3.3808230000000004,17.215177,0,2591700,17.55397,Delay-insensitive,2,3.5
192600,ahQ3CzAAVsCYH5b3rrDzuWITEycgMzRd/gwj5oNcIf7vCOHEGK/Q5B/Gnkw/mvwJ,1.67996,11.443467,47.351056,0,2591700,17.55397,Delay-insensitive,2,3.5
192900,ahQ3CzAAVsCYH5b3rrDzuWITEycgMzRd/gwj5oNcIf7vCOHEGK/Q5B/Gnkw/mvwJ,1.621732,3.089734,11.173215,0,2591700,17.55397,Delay-insensitive,2,3.5
193200,ahQ3CzAAVsCYH5b3rrDzuWITEycgMzRd/gwj5oNcIf7vCOHEGK/Q5B/Gnkw/mvwJ,1.729544,2.270243,3.006511,0,2591700,17.55397,Delay-insensitive,2,3.5
193500,ahQ3CzAAVsCYH5b3rrDzuWITEycgMzRd/gwj5oNcIf7vCOHEGK/Q5B/Gnkw/mvwJ,1.646553,2.239698,3.2473490000000003,0,2591700,17.55397,Delay-insensitive,2,3.5
193800,ahQ3CzAAVsCYH5b3rrDzuWITEycgMzRd/gwj5oNcIf7vCOHEGK/Q5B/Gnkw/mvwJ,1.78473,2.250497,3.587909,0,2591700,17.55397,Delay-insensitive,2,3.5
194100,ahQ3CzAAVsCYH5b3rrDzuWITEycgMzRd/gwj5oNcIf7vCOHEGK/Q5B/Gnkw/mvwJ,1.721591,2.24641,3.201552,0,2591700,17.55397,Delay-insensitive,2,3.5
194400,ahQ3CzAAVsCYH5b3rrDzuWITEycgMzRd/gwj5oNcIf7vCOHEGK/Q5B/Gnkw/mvwJ,1.573202,2.265342,3.411361,0,2591700,17.55397,Delay-insensitive,2,3.5
194700,ahQ3CzAAVsCYH5b3rrDzuWITEycgMzRd/gwj5oNcIf7vCOHEGK/Q5B/Gnkw/mvwJ,1.6050950000000002,2.550957,6.600982000000001,0,2591700,17.55397,Delay-insensitive,2,3.5
195000,ahQ3CzAAVsCYH5b3rrDzuWITEycgMzRd/gwj5oNcIf7vCOHEGK/Q5B/Gnkw/mvwJ,0.796425,2.149678,3.007648,0,2591700,17.55397,Delay-insensitive,2,3.5
195300,ahQ3CzAAVsCYH5b3rrDzuWITEycgMzRd/gwj5oNcIf7vCOHEGK/Q5B/Gnkw/mvwJ,1.678973,2.18855,2.902655,0,2591700,17.55397,Delay-insensitive,2,3.5
195600,ahQ3CzAAVsCYH5b3rrDzuWITEycgMzRd/gwj5oNcIf7vCOHEGK/Q5B/Gnkw/mvwJ,1.748932,2.179898,3.333396,0,2591700,17.55397,Delay-insensitive,2,3.5
195900,ahQ3CzAAVsCYH5b3rrDzuWITEycgMzRd/gwj5oNcIf7vCOHEGK/Q5B/Gnkw/mvwJ,1.6444990000000002,3.5913690000000003,19.465193,0,2591700,17.55397,Delay-insensitive,2,3.5
196200,ahQ3CzAAVsCYH5b3rrDzuWITEycgMzRd/gwj5oNcIf7vCOHEGK/Q5B/Gnkw/mvwJ,1.843549,2.32028,3.305581,0,2591700,17.55397,Delay-insensitive,2,3.5
196500,ahQ3CzAAVsCYH5b3rrDzuWITEycgMzRd/gwj5oNcIf7vCOHEGK/Q5B/Gnkw/mvwJ,1.810857,2.634129,6.145284999999999,0,2591700,17.55397,Delay-insensitive,2,3.5
196800,ahQ3CzAAVsCYH5b3rrDzuWITEycgMzRd/gwj5oNcIf7vCOHEGK/Q5B/Gnkw/mvwJ,1.7058060000000002,2.294309,2.996602,0,2591700,17.55397,Delay-insensitive,2,3.5
197100,ahQ3CzAAVsCYH5b3rrDzuWITEycgMzRd/gwj5oNcIf7vCOHEGK/Q5B/Gnkw/mvwJ,1.324814,2.1733860000000003,2.973391,0,2591700,17.55397,Delay-insensitive,2,3.5
197400,ahQ3CzAAVsCYH5b3rrDzuWITEycgMzRd/gwj5oNcIf7vCOHEGK/Q5B/Gnkw/mvwJ,1.777869,2.190648,3.162825,0,2591700,17.55397,Delay-insensitive,2,3.5
197700,ahQ3CzAAVsCYH5b3rrDzuWITEycgMzRd/gwj5oNcIf7vCOHEGK/Q5B/Gnkw/mvwJ,0.870569,2.119385,2.770778,0,2591700,17.55397,Delay-insensitive,2,3.5
198000,ahQ3CzAAVsCYH5b3rrDzuWITEycgMzRd/gwj5oNcIf7vCOHEGK/Q5B/Gnkw/mvwJ,1.760787,2.32246,3.656428,0,2591700,17.55397,Delay-insensitive,2,3.5
198300,ahQ3CzAAVsCYH5b3rrDzuWITEycgMzRd/gwj5oNcIf7vCOHEGK/Q5B/Gnkw/mvwJ,1.55598,2.586923,8.054246000000001,0,2591700,17.55397,Delay-insensitive,2,3.5
198600,ahQ3CzAAVsCYH5b3rrDzuWITEycgMzRd/gwj5oNcIf7vCOHEGK/Q5B/Gnkw/mvwJ,1.449263,2.143589,2.816563,0,2591700,17.55397,Delay-insensitive,2,3.5
198900,ahQ3CzAAVsCYH5b3rrDzuWITEycgMzRd/gwj5oNcIf7vCOHEGK/Q5B/Gnkw/mvwJ,1.6836919999999995,2.242062,3.180312,0,2591700,17.55397,Delay-insensitive,2,3.5
199200,ahQ3CzAAVsCYH5b3rrDzuWITEycgMzRd/gwj5oNcIf7vCOHEGK/Q5B/Gnkw/mvwJ,1.778269,2.317411,3.458467,0,2591700,17.55397,Delay-insensitive,2,3.5
199500,ahQ3CzAAVsCYH5b3rrDzuWITEycgMzRd/gwj5oNcIf7vCOHEGK/Q5B/Gnkw/mvwJ,1.7578220000000002,3.475454,10.601829,0,2591700,17.55397,Delay-insensitive,2,3.5
199800,ahQ3CzAAVsCYH5b3rrDzuWITEycgMzRd/gwj5oNcIf7vCOHEGK/Q5B/Gnkw/mvwJ,0.7745449999999999,2.176734,3.226611,0,2591700,17.55397,Delay-insensitive,2,3.5
200100,ahQ3CzAAVsCYH5b3rrDzuWITEycgMzRd/gwj5oNcIf7vCOHEGK/Q5B/Gnkw/mvwJ,1.609338,2.583225,7.089055999999999,0,2591700,17.55397,Delay-insensitive,2,3.5
200400,ahQ3CzAAVsCYH5b3rrDzuWITEycgMzRd/gwj5oNcIf7vCOHEGK/Q5B/Gnkw/mvwJ,0.912201,2.065291,3.000295,0,2591700,17.55397,Delay-insensitive,2,3.5
200700,ahQ3CzAAVsCYH5b3rrDzuWITEycgMzRd/gwj5oNcIf7vCOHEGK/Q5B/Gnkw/mvwJ,1.745289,2.180029,2.738154,0,2591700,17.55397,Delay-insensitive,2,3.5
201000,ahQ3CzAAVsCYH5b3rrDzuWITEycgMzRd/gwj5oNcIf7vCOHEGK/Q5B/Gnkw/mvwJ,1.775483,2.83462,13.524085,0,2591700,17.55397,Delay-insensitive,2,3.5
201300,ahQ3CzAAVsCYH5b3rrDzuWITEycgMzRd/gwj5oNcIf7vCOHEGK/Q5B/Gnkw/mvwJ,0.952463,2.122636,2.849227,0,2591700,17.55397,Delay-insensitive,2,3.5
201600,ahQ3CzAAVsCYH5b3rrDzuWITEycgMzRd/gwj5oNcIf7vCOHEGK/Q5B/Gnkw/mvwJ,1.880794,2.322853,3.131277,0,2591700,17.55397,Delay-insensitive,2,3.5
201900,ahQ3CzAAVsCYH5b3rrDzuWITEycgMzRd/gwj5oNcIf7vCOHEGK/Q5B/Gnkw/mvwJ,1.974652,2.823337,6.228299,0,2591700,17.55397,Delay-insensitive,2,3.5
202200,ahQ3CzAAVsCYH5b3rrDzuWITEycgMzRd/gwj5oNcIf7vCOHEGK/Q5B/Gnkw/mvwJ,1.869292,2.258938,3.048684,0,2591700,17.55397,Delay-insensitive,2,3.5
202500,ahQ3CzAAVsCYH5b3rrDzuWITEycgMzRd/gwj5oNcIf7vCOHEGK/Q5B/Gnkw/mvwJ,1.206664,2.131523,3.139689,0,2591700,17.55397,Delay-insensitive,2,3.5
202800,ahQ3CzAAVsCYH5b3rrDzuWITEycgMzRd/gwj5oNcIf7vCOHEGK/Q5B/Gnkw/mvwJ,1.760257,2.1983580000000003,3.0728880000000003,0,2591700,17.55397,Delay-insensitive,2,3.5
203100,ahQ3CzAAVsCYH5b3rrDzuWITEycgMzRd/gwj5oNcIf7vCOHEGK/Q5B/Gnkw/mvwJ,1.212276,3.356246,18.784255,0,2591700,17.55397,Delay-insensitive,2,3.5
203400,ahQ3CzAAVsCYH5b3rrDzuWITEycgMzRd/gwj5oNcIf7vCOHEGK/Q5B/Gnkw/mvwJ,1.7225099999999998,2.329595,3.0832610000000003,0,2591700,17.55397,Delay-insensitive,2,3.5
203700,ahQ3CzAAVsCYH5b3rrDzuWITEycgMzRd/gwj5oNcIf7vCOHEGK/Q5B/Gnkw/mvwJ,1.598419,2.152295,2.733459,0,2591700,17.55397,Delay-insensitive,2,3.5
204000,ahQ3CzAAVsCYH5b3rrDzuWITEycgMzRd/gwj5oNcIf7vCOHEGK/Q5B/Gnkw/mvwJ,1.839361,2.291396,2.843331,0,2591700,17.55397,Delay-insensitive,2,3.5
204300,ahQ3CzAAVsCYH5b3rrDzuWITEycgMzRd/gwj5oNcIf7vCOHEGK/Q5B/Gnkw/mvwJ,1.387528,2.149604,2.80181,0,2591700,17.55397,Delay-insensitive,2,3.5
204600,ahQ3CzAAVsCYH5b3rrDzuWITEycgMzRd/gwj5oNcIf7vCOHEGK/Q5B/Gnkw/mvwJ,1.845673,2.421164,3.848734,0,2591700,17.55397,Delay-insensitive,2,3.5
204900,ahQ3CzAAVsCYH5b3rrDzuWITEycgMzRd/gwj5oNcIf7vCOHEGK/Q5B/Gnkw/mvwJ,1.7500240000000002,8.366883,50.445433,0,2591700,17.55397,Delay-insensitive,2,3.5
205200,ahQ3CzAAVsCYH5b3rrDzuWITEycgMzRd/gwj5oNcIf7vCOHEGK/Q5B/Gnkw/mvwJ,0.8586940000000001,2.312182,3.550158,0,2591700,17.55397,Delay-insensitive,2,3.5
205500,ahQ3CzAAVsCYH5b3rrDzuWITEycgMzRd/gwj5oNcIf7vCOHEGK/Q5B/Gnkw/mvwJ,1.7721060000000002,2.5891490000000004,6.33556,0,2591700,17.55397,Delay-insensitive,2,3.5
205800,ahQ3CzAAVsCYH5b3rrDzuWITEycgMzRd/gwj5oNcIf7vCOHEGK/Q5B/Gnkw/mvwJ,1.064355,2.158993,3.053005,0,2591700,17.55397,Delay-insensitive,2,3.5
206100,ahQ3CzAAVsCYH5b3rrDzuWITEycgMzRd/gwj5oNcIf7vCOHEGK/Q5B/Gnkw/mvwJ,1.713043,2.177353,3.065316,0,2591700,17.55397,Delay-insensitive,2,3.5
206400,ahQ3CzAAVsCYH5b3rrDzuWITEycgMzRd/gwj5oNcIf7vCOHEGK/Q5B/Gnkw/mvwJ,1.653266,2.192182,2.994795,0,2591700,17.55397,Delay-insensitive,2,3.5
206700,ahQ3CzAAVsCYH5b3rrDzuWITEycgMzRd/gwj5oNcIf7vCOHEGK/Q5B/Gnkw/mvwJ,1.790286,3.5158660000000004,22.218065,0,2591700,17.55397,Delay-insensitive,2,3.5
207000,ahQ3CzAAVsCYH5b3rrDzuWITEycgMzRd/gwj5oNcIf7vCOHEGK/Q5B/Gnkw/mvwJ,1.596453,2.311569,4.135911,0,2591700,17.55397,Delay-insensitive,2,3.5
207300,ahQ3CzAAVsCYH5b3rrDzuWITEycgMzRd/gwj5oNcIf7vCOHEGK/Q5B/Gnkw/mvwJ,1.746614,2.669685,7.150311,0,2591700,17.55397,Delay-insensitive,2,3.5
207600,ahQ3CzAAVsCYH5b3rrDzuWITEycgMzRd/gwj5oNcIf7vCOHEGK/Q5B/Gnkw/mvwJ,1.775524,2.212406,2.93663,0,2591700,17.55397,Delay-insensitive,2,3.5
207900,ahQ3CzAAVsCYH5b3rrDzuWITEycgMzRd/gwj5oNcIf7vCOHEGK/Q5B/Gnkw/mvwJ,1.598479,2.174078,3.400121,0,2591700,17.55397,Delay-insensitive,2,3.5
208200,ahQ3CzAAVsCYH5b3rrDzuWITEycgMzRd/gwj5oNcIf7vCOHEGK/Q5B/Gnkw/mvwJ,1.755941,2.21861,3.020782,0,2591700,17.55397,Delay-insensitive,2,3.5
208500,ahQ3CzAAVsCYH5b3rrDzuWITEycgMzRd/gwj5oNcIf7vCOHEGK/Q5B/Gnkw/mvwJ,0.805529,2.15879,3.749348,0,2591700,17.55397,Delay-insensitive,2,3.5
208800,ahQ3CzAAVsCYH5b3rrDzuWITEycgMzRd/gwj5oNcIf7vCOHEGK/Q5B/Gnkw/mvwJ,1.847927,2.288294,3.420646,0,2591700,17.55397,Delay-insensitive,2,3.5
209100,ahQ3CzAAVsCYH5b3rrDzuWITEycgMzRd/gwj5oNcIf7vCOHEGK/Q5B/Gnkw/mvwJ,1.630536,2.223981,3.041634,0,2591700,17.55397,Delay-insensitive,2,3.5
209400,ahQ3CzAAVsCYH5b3rrDzuWITEycgMzRd/gwj5oNcIf7vCOHEGK/Q5B/Gnkw/mvwJ,1.841411,2.279618,3.569494,0,2591700,17.55397,Delay-insensitive,2,3.5
209700,ahQ3CzAAVsCYH5b3rrDzuWITEycgMzRd/gwj5oNcIf7vCOHEGK/Q5B/Gnkw/mvwJ,1.131251,2.125919,2.882274,0,2591700,17.55397,Delay-insensitive,2,3.5
210000,ahQ3CzAAVsCYH5b3rrDzuWITEycgMzRd/gwj5oNcIf7vCOHEGK/Q5B/Gnkw/mvwJ,1.6922830000000002,2.305187,3.095225,0,2591700,17.55397,Delay-insensitive,2,3.5
210300,ahQ3CzAAVsCYH5b3rrDzuWITEycgMzRd/gwj5oNcIf7vCOHEGK/Q5B/Gnkw/mvwJ,1.665152,3.499214,18.784944,0,2591700,17.55397,Delay-insensitive,2,3.5
210600,ahQ3CzAAVsCYH5b3rrDzuWITEycgMzRd/gwj5oNcIf7vCOHEGK/Q5B/Gnkw/mvwJ,1.094324,2.22385,3.332321,0,2591700,17.55397,Delay-insensitive,2,3.5
210900,ahQ3CzAAVsCYH5b3rrDzuWITEycgMzRd/gwj5oNcIf7vCOHEGK/Q5B/Gnkw/mvwJ,1.734877,2.642896,5.054317,0,2591700,17.55397,Delay-insensitive,2,3.5
211200,ahQ3CzAAVsCYH5b3rrDzuWITEycgMzRd/gwj5oNcIf7vCOHEGK/Q5B/Gnkw/mvwJ,0.900815,2.167148,3.494473,0,2591700,17.55397,Delay-insensitive,2,3.5
211500,ahQ3CzAAVsCYH5b3rrDzuWITEycgMzRd/gwj5oNcIf7vCOHEGK/Q5B/Gnkw/mvwJ,1.88172,2.227621,2.924952,0,2591700,17.55397,Delay-insensitive,2,3.5
211800,ahQ3CzAAVsCYH5b3rrDzuWITEycgMzRd/gwj5oNcIf7vCOHEGK/Q5B/Gnkw/mvwJ,1.280706,2.124555,3.031685,0,2591700,17.55397,Delay-insensitive,2,3.5
212100,ahQ3CzAAVsCYH5b3rrDzuWITEycgMzRd/gwj5oNcIf7vCOHEGK/Q5B/Gnkw/mvwJ,1.689152,2.249274,2.871041,0,2591700,17.55397,Delay-insensitive,2,3.5
212400,ahQ3CzAAVsCYH5b3rrDzuWITEycgMzRd/gwj5oNcIf7vCOHEGK/Q5B/Gnkw/mvwJ,0.8863700000000001,2.132607,3.4565050000000004,0,2591700,17.55397,Delay-insensitive,2,3.5
212700,ahQ3CzAAVsCYH5b3rrDzuWITEycgMzRd/gwj5oNcIf7vCOHEGK/Q5B/Gnkw/mvwJ,1.819641,2.739466,6.026646,0,2591700,17.55397,Delay-insensitive,2,3.5
213000,ahQ3CzAAVsCYH5b3rrDzuWITEycgMzRd/gwj5oNcIf7vCOHEGK/Q5B/Gnkw/mvwJ,1.776904,2.158147,2.875486,0,2591700,17.55397,Delay-insensitive,2,3.5
213300,ahQ3CzAAVsCYH5b3rrDzuWITEycgMzRd/gwj5oNcIf7vCOHEGK/Q5B/Gnkw/mvwJ,1.520091,2.143107,3.852188,0,2591700,17.55397,Delay-insensitive,2,3.5
213600,ahQ3CzAAVsCYH5b3rrDzuWITEycgMzRd/gwj5oNcIf7vCOHEGK/Q5B/Gnkw/mvwJ,1.667993,2.071858,2.571777,0,2591700,17.55397,Delay-insensitive,2,3.5
213900,ahQ3CzAAVsCYH5b3rrDzuWITEycgMzRd/gwj5oNcIf7vCOHEGK/Q5B/Gnkw/mvwJ,1.7338639999999998,2.408177,4.258946,0,2591700,17.55397,Delay-insensitive,2,3.5
214200,ahQ3CzAAVsCYH5b3rrDzuWITEycgMzRd/gwj5oNcIf7vCOHEGK/Q5B/Gnkw/mvwJ,1.650554,3.420589,18.426289,0,2591700,17.55397,Delay-insensitive,2,3.5
214500,ahQ3CzAAVsCYH5b3rrDzuWITEycgMzRd/gwj5oNcIf7vCOHEGK/Q5B/Gnkw/mvwJ,1.5827,2.835454,9.137688,0,2591700,17.55397,Delay-insensitive,2,3.5
214800,ahQ3CzAAVsCYH5b3rrDzuWITEycgMzRd/gwj5oNcIf7vCOHEGK/Q5B/Gnkw/mvwJ,1.544008,1.940242,2.851314,0,2591700,17.55397,Delay-insensitive,2,3.5
215100,ahQ3CzAAVsCYH5b3rrDzuWITEycgMzRd/gwj5oNcIf7vCOHEGK/Q5B/Gnkw/mvwJ,1.471499,2.040843,3.4742040000000003,0,2591700,17.55397,Delay-insensitive,2,3.5
215400,ahQ3CzAAVsCYH5b3rrDzuWITEycgMzRd/gwj5oNcIf7vCOHEGK/Q5B/Gnkw/mvwJ,1.601955,2.191113,4.255272,0,2591700,17.55397,Delay-insensitive,2,3.5
215700,ahQ3CzAAVsCYH5b3rrDzuWITEycgMzRd/gwj5oNcIf7vCOHEGK/Q5B/Gnkw/mvwJ,1.547446,2.013442,2.828134,0,2591700,17.55397,Delay-insensitive,2,3.5
216000,ahQ3CzAAVsCYH5b3rrDzuWITEycgMzRd/gwj5oNcIf7vCOHEGK/Q5B/Gnkw/mvwJ,1.53981,2.148993,3.3890230000000003,0,2591700,17.55397,Delay-insensitive,2,3.5
216300,ahQ3CzAAVsCYH5b3rrDzuWITEycgMzRd/gwj5oNcIf7vCOHEGK/Q5B/Gnkw/mvwJ,1.6448029999999998,2.4888790000000003,6.811424000000001,0,2591700,17.55397,Delay-insensitive,2,3.5
216600,ahQ3CzAAVsCYH5b3rrDzuWITEycgMzRd/gwj5oNcIf7vCOHEGK/Q5B/Gnkw/mvwJ,1.6330790000000002,2.086024,2.982866,0,2591700,17.55397,Delay-insensitive,2,3.5
216900,ahQ3CzAAVsCYH5b3rrDzuWITEycgMzRd/gwj5oNcIf7vCOHEGK/Q5B/Gnkw/mvwJ,1.749556,2.11199,3.051866,0,2591700,17.55397,Delay-insensitive,2,3.5
217200,ahQ3CzAAVsCYH5b3rrDzuWITEycgMzRd/gwj5oNcIf7vCOHEGK/Q5B/Gnkw/mvwJ,1.47367,2.0296380000000003,3.38314,0,2591700,17.55397,Delay-insensitive,2,3.5
217500,ahQ3CzAAVsCYH5b3rrDzuWITEycgMzRd/gwj5oNcIf7vCOHEGK/Q5B/Gnkw/mvwJ,1.7213599999999998,2.142091,3.044616,0,2591700,17.55397,Delay-insensitive,2,3.5
217800,ahQ3CzAAVsCYH5b3rrDzuWITEycgMzRd/gwj5oNcIf7vCOHEGK/Q5B/Gnkw/mvwJ,1.43146,2.137475,3.171925,0,2591700,17.55397,Delay-insensitive,2,3.5
218100,ahQ3CzAAVsCYH5b3rrDzuWITEycgMzRd/gwj5oNcIf7vCOHEGK/Q5B/Gnkw/mvwJ,1.738011,2.466169,6.786909,0,2591700,17.55397,Delay-insensitive,2,3.5
218400,ahQ3CzAAVsCYH5b3rrDzuWITEycgMzRd/gwj5oNcIf7vCOHEGK/Q5B/Gnkw/mvwJ,1.760993,2.087016,2.478798,0,2591700,17.55397,Delay-insensitive,2,3.5
218700,ahQ3CzAAVsCYH5b3rrDzuWITEycgMzRd/gwj5oNcIf7vCOHEGK/Q5B/Gnkw/mvwJ,0.847016,2.007549,2.705409,0,2591700,17.55397,Delay-insensitive,2,3.5
219000,ahQ3CzAAVsCYH5b3rrDzuWITEycgMzRd/gwj5oNcIf7vCOHEGK/Q5B/Gnkw/mvwJ,1.7339509999999998,2.092968,3.297655,0,2591700,17.55397,Delay-insensitive,2,3.5
219300,ahQ3CzAAVsCYH5b3rrDzuWITEycgMzRd/gwj5oNcIf7vCOHEGK/Q5B/Gnkw/mvwJ,0.93691,1.952191,2.731853,0,2591700,17.55397,Delay-insensitive,2,3.5
219600,ahQ3CzAAVsCYH5b3rrDzuWITEycgMzRd/gwj5oNcIf7vCOHEGK/Q5B/Gnkw/mvwJ,1.684753,2.216953,3.525243,0,2591700,17.55397,Delay-insensitive,2,3.5
219900,ahQ3CzAAVsCYH5b3rrDzuWITEycgMzRd/gwj5oNcIf7vCOHEGK/Q5B/Gnkw/mvwJ,1.595059,2.336667,6.186535,0,2591700,17.55397,Delay-insensitive,2,3.5
220200,ahQ3CzAAVsCYH5b3rrDzuWITEycgMzRd/gwj5oNcIf7vCOHEGK/Q5B/Gnkw/mvwJ,1.674824,2.031487,2.563755,0,2591700,17.55397,Delay-insensitive,2,3.5
220500,ahQ3CzAAVsCYH5b3rrDzuWITEycgMzRd/gwj5oNcIf7vCOHEGK/Q5B/Gnkw/mvwJ,1.743284,2.834545,9.701653,0,2591700,17.55397,Delay-insensitive,2,3.5
220800,ahQ3CzAAVsCYH5b3rrDzuWITEycgMzRd/gwj5oNcIf7vCOHEGK/Q5B/Gnkw/mvwJ,1.30219,2.164193,2.825421,0,2591700,17.55397,Delay-insensitive,2,3.5
221100,ahQ3CzAAVsCYH5b3rrDzuWITEycgMzRd/gwj5oNcIf7vCOHEGK/Q5B/Gnkw/mvwJ,1.7978490000000005,2.187318,2.712874,0,2591700,17.55397,Delay-insensitive,2,3.5
221400,ahQ3CzAAVsCYH5b3rrDzuWITEycgMzRd/gwj5oNcIf7vCOHEGK/Q5B/Gnkw/mvwJ,1.321382,3.563701,20.509437,0,2591700,17.55397,Delay-insensitive,2,3.5
221700,ahQ3CzAAVsCYH5b3rrDzuWITEycgMzRd/gwj5oNcIf7vCOHEGK/Q5B/Gnkw/mvwJ,1.6592900000000002,2.507675,6.682517999999999,0,2591700,17.55397,Delay-insensitive,2,3.5
222000,ahQ3CzAAVsCYH5b3rrDzuWITEycgMzRd/gwj5oNcIf7vCOHEGK/Q5B/Gnkw/mvwJ,1.555607,2.16702,3.018004,0,2591700,17.55397,Delay-insensitive,2,3.5
222300,ahQ3CzAAVsCYH5b3rrDzuWITEycgMzRd/gwj5oNcIf7vCOHEGK/Q5B/Gnkw/mvwJ,1.7210450000000002,2.18165,3.074253,0,2591700,17.55397,Delay-insensitive,2,3.5
222600,ahQ3CzAAVsCYH5b3rrDzuWITEycgMzRd/gwj5oNcIf7vCOHEGK/Q5B/Gnkw/mvwJ,1.856612,2.239078,3.3360730000000003,0,2591700,17.55397,Delay-insensitive,2,3.5
222900,ahQ3CzAAVsCYH5b3rrDzuWITEycgMzRd/gwj5oNcIf7vCOHEGK/Q5B/Gnkw/mvwJ,1.769779,2.276278,3.109955,0,2591700,17.55397,Delay-insensitive,2,3.5
223200,ahQ3CzAAVsCYH5b3rrDzuWITEycgMzRd/gwj5oNcIf7vCOHEGK/Q5B/Gnkw/mvwJ,0.780775,2.365727,3.651619,0,2591700,17.55397,Delay-insensitive,2,3.5
223500,ahQ3CzAAVsCYH5b3rrDzuWITEycgMzRd/gwj5oNcIf7vCOHEGK/Q5B/Gnkw/mvwJ,1.874899,2.613284,8.164575,0,2591700,17.55397,Delay-insensitive,2,3.5
223800,ahQ3CzAAVsCYH5b3rrDzuWITEycgMzRd/gwj5oNcIf7vCOHEGK/Q5B/Gnkw/mvwJ,1.907465,2.2906310000000003,3.066504,0,2591700,17.55397,Delay-insensitive,2,3.5
224100,ahQ3CzAAVsCYH5b3rrDzuWITEycgMzRd/gwj5oNcIf7vCOHEGK/Q5B/Gnkw/mvwJ,1.79138,2.329577,3.559471,0,2591700,17.55397,Delay-insensitive,2,3.5
224400,ahQ3CzAAVsCYH5b3rrDzuWITEycgMzRd/gwj5oNcIf7vCOHEGK/Q5B/Gnkw/mvwJ,1.7570689999999998,2.121235,3.345649,0,2591700,17.55397,Delay-insensitive,2,3.5
224700,ahQ3CzAAVsCYH5b3rrDzuWITEycgMzRd/gwj5oNcIf7vCOHEGK/Q5B/Gnkw/mvwJ,1.937276,2.51454,4.357042,0,2591700,17.55397,Delay-insensitive,2,3.5
225000,ahQ3CzAAVsCYH5b3rrDzuWITEycgMzRd/gwj5oNcIf7vCOHEGK/Q5B/Gnkw/mvwJ,1.96773,3.906626,9.877774,0,2591700,17.55397,Delay-insensitive,2,3.5
225300,ahQ3CzAAVsCYH5b3rrDzuWITEycgMzRd/gwj5oNcIf7vCOHEGK/Q5B/Gnkw/mvwJ,1.585787,3.189409,8.701834,0,2591700,17.55397,Delay-insensitive,2,3.5
225600,ahQ3CzAAVsCYH5b3rrDzuWITEycgMzRd/gwj5oNcIf7vCOHEGK/Q5B/Gnkw/mvwJ,1.940926,2.403501,3.254818,0,2591700,17.55397,Delay-insensitive,2,3.5
225900,ahQ3CzAAVsCYH5b3rrDzuWITEycgMzRd/gwj5oNcIf7vCOHEGK/Q5B/Gnkw/mvwJ,1.94528,2.742172,6.376172,0,2591700,17.55397,Delay-insensitive,2,3.5
226200,ahQ3CzAAVsCYH5b3rrDzuWITEycgMzRd/gwj5oNcIf7vCOHEGK/Q5B/Gnkw/mvwJ,1.781427,2.507755,4.908264,0,2591700,17.55397,Delay-insensitive,2,3.5
226500,ahQ3CzAAVsCYH5b3rrDzuWITEycgMzRd/gwj5oNcIf7vCOHEGK/Q5B/Gnkw/mvwJ,1.766436,2.274126,3.0406880000000003,0,2591700,17.55397,Delay-insensitive,2,3.5
226800,ahQ3CzAAVsCYH5b3rrDzuWITEycgMzRd/gwj5oNcIf7vCOHEGK/Q5B/Gnkw/mvwJ,1.826165,2.563444,4.65214,0,2591700,17.55397,Delay-insensitive,2,3.5
227100,ahQ3CzAAVsCYH5b3rrDzuWITEycgMzRd/gwj5oNcIf7vCOHEGK/Q5B/Gnkw/mvwJ,1.82864,2.510691,6.622176,0,2591700,17.55397,Delay-insensitive,2,3.5
227400,ahQ3CzAAVsCYH5b3rrDzuWITEycgMzRd/gwj5oNcIf7vCOHEGK/Q5B/Gnkw/mvwJ,1.799881,2.245193,4.124062,0,2591700,17.55397,Delay-insensitive,2,3.5
227700,ahQ3CzAAVsCYH5b3rrDzuWITEycgMzRd/gwj5oNcIf7vCOHEGK/Q5B/Gnkw/mvwJ,1.7953150000000002,2.257735,3.065052,0,2591700,17.55397,Delay-insensitive,2,3.5
228000,ahQ3CzAAVsCYH5b3rrDzuWITEycgMzRd/gwj5oNcIf7vCOHEGK/Q5B/Gnkw/mvwJ,1.813669,2.478699,4.921753,0,2591700,17.55397,Delay-insensitive,2,3.5
228300,ahQ3CzAAVsCYH5b3rrDzuWITEycgMzRd/gwj5oNcIf7vCOHEGK/Q5B/Gnkw/mvwJ,1.887326,2.42961,4.144058,0,2591700,17.55397,Delay-insensitive,2,3.5
228600,ahQ3CzAAVsCYH5b3rrDzuWITEycgMzRd/gwj5oNcIf7vCOHEGK/Q5B/Gnkw/mvwJ,1.9325330000000005,3.770535,22.997807,0,2591700,17.55397,Delay-insensitive,2,3.5
228900,ahQ3CzAAVsCYH5b3rrDzuWITEycgMzRd/gwj5oNcIf7vCOHEGK/Q5B/Gnkw/mvwJ,1.079289,2.491678,5.813814,0,2591700,17.55397,Delay-insensitive,2,3.5
229200,ahQ3CzAAVsCYH5b3rrDzuWITEycgMzRd/gwj5oNcIf7vCOHEGK/Q5B/Gnkw/mvwJ,1.799851,2.361715,3.476852,0,2591700,17.55397,Delay-insensitive,2,3.5
229500,ahQ3CzAAVsCYH5b3rrDzuWITEycgMzRd/gwj5oNcIf7vCOHEGK/Q5B/Gnkw/mvwJ,1.08694,2.154684,3.038107,0,2591700,17.55397,Delay-insensitive,2,3.5
229800,ahQ3CzAAVsCYH5b3rrDzuWITEycgMzRd/gwj5oNcIf7vCOHEGK/Q5B/Gnkw/mvwJ,1.7478479999999998,2.147871,3.54601,0,2591700,17.55397,Delay-insensitive,2,3.5
230100,ahQ3CzAAVsCYH5b3rrDzuWITEycgMzRd/gwj5oNcIf7vCOHEGK/Q5B/Gnkw/mvwJ,0.991463,2.071159,2.617027,0,2591700,17.55397,Delay-insensitive,2,3.5
230400,ahQ3CzAAVsCYH5b3rrDzuWITEycgMzRd/gwj5oNcIf7vCOHEGK/Q5B/Gnkw/mvwJ,1.7915009999999998,2.358622,4.428989,0,2591700,17.55397,Delay-insensitive,2,3.5
230700,ahQ3CzAAVsCYH5b3rrDzuWITEycgMzRd/gwj5oNcIf7vCOHEGK/Q5B/Gnkw/mvwJ,1.50925,2.542451,6.145209,0,2591700,17.55397,Delay-insensitive,2,3.5
231000,ahQ3CzAAVsCYH5b3rrDzuWITEycgMzRd/gwj5oNcIf7vCOHEGK/Q5B/Gnkw/mvwJ,1.861297,2.2769790000000003,2.913791,0,2591700,17.55397,Delay-insensitive,2,3.5
231300,ahQ3CzAAVsCYH5b3rrDzuWITEycgMzRd/gwj5oNcIf7vCOHEGK/Q5B/Gnkw/mvwJ,1.77435,2.202068,2.754922,0,2591700,17.55397,Delay-insensitive,2,3.5
231600,ahQ3CzAAVsCYH5b3rrDzuWITEycgMzRd/gwj5oNcIf7vCOHEGK/Q5B/Gnkw/mvwJ,0.944891,2.044633,2.658698,0,2591700,17.55397,Delay-insensitive,2,3.5
231900,ahQ3CzAAVsCYH5b3rrDzuWITEycgMzRd/gwj5oNcIf7vCOHEGK/Q5B/Gnkw/mvwJ,1.7898040000000002,2.198739,3.103199,0,2591700,17.55397,Delay-insensitive,2,3.5
232200,ahQ3CzAAVsCYH5b3rrDzuWITEycgMzRd/gwj5oNcIf7vCOHEGK/Q5B/Gnkw/mvwJ,1.148009,3.441812,22.840391,0,2591700,17.55397,Delay-insensitive,2,3.5
232500,ahQ3CzAAVsCYH5b3rrDzuWITEycgMzRd/gwj5oNcIf7vCOHEGK/Q5B/Gnkw/mvwJ,1.652689,2.35754,5.980756,0,2591700,17.55397,Delay-insensitive,2,3.5
232800,ahQ3CzAAVsCYH5b3rrDzuWITEycgMzRd/gwj5oNcIf7vCOHEGK/Q5B/Gnkw/mvwJ,1.297057,2.118029,2.846385,0,2591700,17.55397,Delay-insensitive,2,3.5
233100,ahQ3CzAAVsCYH5b3rrDzuWITEycgMzRd/gwj5oNcIf7vCOHEGK/Q5B/Gnkw/mvwJ,1.662797,2.169646,2.706541,0,2591700,17.55397,Delay-insensitive,2,3.5
233400,ahQ3CzAAVsCYH5b3rrDzuWITEycgMzRd/gwj5oNcIf7vCOHEGK/Q5B/Gnkw/mvwJ,1.456056,2.127174,2.81127,0,2591700,17.55397,Delay-insensitive,2,3.5
233700,ahQ3CzAAVsCYH5b3rrDzuWITEycgMzRd/gwj5oNcIf7vCOHEGK/Q5B/Gnkw/mvwJ,1.805563,6.608492,34.647897,0,2591700,17.55397,Delay-insensitive,2,3.5
234000,ahQ3CzAAVsCYH5b3rrDzuWITEycgMzRd/gwj5oNcIf7vCOHEGK/Q5B/Gnkw/mvwJ,1.7718630000000002,2.434785,4.03178,0,2591700,17.55397,Delay-insensitive,2,3.5
234300,ahQ3CzAAVsCYH5b3rrDzuWITEycgMzRd/gwj5oNcIf7vCOHEGK/Q5B/Gnkw/mvwJ,1.797123,2.50862,6.372334,0,2591700,17.55397,Delay-insensitive,2,3.5
234600,ahQ3CzAAVsCYH5b3rrDzuWITEycgMzRd/gwj5oNcIf7vCOHEGK/Q5B/Gnkw/mvwJ,1.043117,8.461288,73.026358,0,2591700,17.55397,Delay-insensitive,2,3.5
234900,ahQ3CzAAVsCYH5b3rrDzuWITEycgMzRd/gwj5oNcIf7vCOHEGK/Q5B/Gnkw/mvwJ,0.934515,2.123472,2.526081,0,2591700,17.55397,Delay-insensitive,2,3.5
235200,ahQ3CzAAVsCYH5b3rrDzuWITEycgMzRd/gwj5oNcIf7vCOHEGK/Q5B/Gnkw/mvwJ,1.757972,2.253349,3.139611,0,2591700,17.55397,Delay-insensitive,2,3.5
235500,ahQ3CzAAVsCYH5b3rrDzuWITEycgMzRd/gwj5oNcIf7vCOHEGK/Q5B/Gnkw/mvwJ,1.786661,2.242757,2.777623,0,2591700,17.55397,Delay-insensitive,2,3.5
235800,ahQ3CzAAVsCYH5b3rrDzuWITEycgMzRd/gwj5oNcIf7vCOHEGK/Q5B/Gnkw/mvwJ,1.900115,2.856371,7.634668,0,2591700,17.55397,Delay-insensitive,2,3.5
236100,ahQ3CzAAVsCYH5b3rrDzuWITEycgMzRd/gwj5oNcIf7vCOHEGK/Q5B/Gnkw/mvwJ,1.827304,2.54763,5.376851,0,2591700,17.55397,Delay-insensitive,2,3.5
236400,ahQ3CzAAVsCYH5b3rrDzuWITEycgMzRd/gwj5oNcIf7vCOHEGK/Q5B/Gnkw/mvwJ,1.794016,2.260847,2.840367,0,2591700,17.55397,Delay-insensitive,2,3.5
236700,ahQ3CzAAVsCYH5b3rrDzuWITEycgMzRd/gwj5oNcIf7vCOHEGK/Q5B/Gnkw/mvwJ,1.785741,2.113107,2.771738,0,2591700,17.55397,Delay-insensitive,2,3.5
237000,ahQ3CzAAVsCYH5b3rrDzuWITEycgMzRd/gwj5oNcIf7vCOHEGK/Q5B/Gnkw/mvwJ,1.6421169999999998,2.249077,2.887012,0,2591700,17.55397,Delay-insensitive,2,3.5
237300,ahQ3CzAAVsCYH5b3rrDzuWITEycgMzRd/gwj5oNcIf7vCOHEGK/Q5B/Gnkw/mvwJ,1.528769,2.190285,3.22789,0,2591700,17.55397,Delay-insensitive,2,3.5
237600,ahQ3CzAAVsCYH5b3rrDzuWITEycgMzRd/gwj5oNcIf7vCOHEGK/Q5B/Gnkw/mvwJ,1.823388,2.334426,3.576089,0,2591700,17.55397,Delay-insensitive,2,3.5
237900,ahQ3CzAAVsCYH5b3rrDzuWITEycgMzRd/gwj5oNcIf7vCOHEGK/Q5B/Gnkw/mvwJ,0.8224950000000001,2.216777,2.979603,0,2591700,17.55397,Delay-insensitive,2,3.5
238200,ahQ3CzAAVsCYH5b3rrDzuWITEycgMzRd/gwj5oNcIf7vCOHEGK/Q5B/Gnkw/mvwJ,1.832285,2.317885,3.628009,0,2591700,17.55397,Delay-insensitive,2,3.5
238500,ahQ3CzAAVsCYH5b3rrDzuWITEycgMzRd/gwj5oNcIf7vCOHEGK/Q5B/Gnkw/mvwJ,0.942039,2.076319,2.807903,0,2591700,17.55397,Delay-insensitive,2,3.5
238800,ahQ3CzAAVsCYH5b3rrDzuWITEycgMzRd/gwj5oNcIf7vCOHEGK/Q5B/Gnkw/mvwJ,1.856199,2.230519,2.868997,0,2591700,17.55397,Delay-insensitive,2,3.5
239100,ahQ3CzAAVsCYH5b3rrDzuWITEycgMzRd/gwj5oNcIf7vCOHEGK/Q5B/Gnkw/mvwJ,1.863968,2.320161,3.268939,0,2591700,17.55397,Delay-insensitive,2,3.5
239400,ahQ3CzAAVsCYH5b3rrDzuWITEycgMzRd/gwj5oNcIf7vCOHEGK/Q5B/Gnkw/mvwJ,1.4216,3.4602129999999995,18.721203,0,2591700,17.55397,Delay-insensitive,2,3.5
239700,ahQ3CzAAVsCYH5b3rrDzuWITEycgMzRd/gwj5oNcIf7vCOHEGK/Q5B/Gnkw/mvwJ,1.913988,2.562885,6.1894480000000005,0,2591700,17.55397,Delay-insensitive,2,3.5
240000,ahQ3CzAAVsCYH5b3rrDzuWITEycgMzRd/gwj5oNcIf7vCOHEGK/Q5B/Gnkw/mvwJ,1.172971,2.226798,3.2897,0,2591700,17.55397,Delay-insensitive,2,3.5
240300,ahQ3CzAAVsCYH5b3rrDzuWITEycgMzRd/gwj5oNcIf7vCOHEGK/Q5B/Gnkw/mvwJ,1.7268279999999998,4.245423000000001,23.482111,0,2591700,17.55397,Delay-insensitive,2,3.5
240600,ahQ3CzAAVsCYH5b3rrDzuWITEycgMzRd/gwj5oNcIf7vCOHEGK/Q5B/Gnkw/mvwJ,0.789719,2.243969,2.841254,0,2591700,17.55397,Delay-insensitive,2,3.5
240900,ahQ3CzAAVsCYH5b3rrDzuWITEycgMzRd/gwj5oNcIf7vCOHEGK/Q5B/Gnkw/mvwJ,1.834401,2.313011,2.98432,0,2591700,17.55397,Delay-insensitive,2,3.5
241200,ahQ3CzAAVsCYH5b3rrDzuWITEycgMzRd/gwj5oNcIf7vCOHEGK/Q5B/Gnkw/mvwJ,1.147509,2.231182,5.1760660000000005,0,2591700,17.55397,Delay-insensitive,2,3.5
241500,ahQ3CzAAVsCYH5b3rrDzuWITEycgMzRd/gwj5oNcIf7vCOHEGK/Q5B/Gnkw/mvwJ,1.826758,2.543555,6.196697,0,2591700,17.55397,Delay-insensitive,2,3.5
241800,ahQ3CzAAVsCYH5b3rrDzuWITEycgMzRd/gwj5oNcIf7vCOHEGK/Q5B/Gnkw/mvwJ,1.913776,2.294838,3.236523,0,2591700,17.55397,Delay-insensitive,2,3.5
242100,ahQ3CzAAVsCYH5b3rrDzuWITEycgMzRd/gwj5oNcIf7vCOHEGK/Q5B/Gnkw/mvwJ,1.556459,2.098419,2.737151,0,2591700,17.55397,Delay-insensitive,2,3.5
242400,ahQ3CzAAVsCYH5b3rrDzuWITEycgMzRd/gwj5oNcIf7vCOHEGK/Q5B/Gnkw/mvwJ,1.817752,2.230439,2.958878,0,2591700,17.55397,Delay-insensitive,2,3.5
242700,ahQ3CzAAVsCYH5b3rrDzuWITEycgMzRd/gwj5oNcIf7vCOHEGK/Q5B/Gnkw/mvwJ,1.582817,2.274811,2.946684,0,2591700,17.55397,Delay-insensitive,2,3.5
243000,ahQ3CzAAVsCYH5b3rrDzuWITEycgMzRd/gwj5oNcIf7vCOHEGK/Q5B/Gnkw/mvwJ,1.653636,3.546147,19.849124,0,2591700,17.55397,Delay-insensitive,2,3.5
243300,ahQ3CzAAVsCYH5b3rrDzuWITEycgMzRd/gwj5oNcIf7vCOHEGK/Q5B/Gnkw/mvwJ,0.852022,2.374973,7.092289999999999,0,2591700,17.55397,Delay-insensitive,2,3.5
243600,ahQ3CzAAVsCYH5b3rrDzuWITEycgMzRd/gwj5oNcIf7vCOHEGK/Q5B/Gnkw/mvwJ,1.933257,2.293258,3.144367,0,2591700,17.55397,Delay-insensitive,2,3.5
243900,ahQ3CzAAVsCYH5b3rrDzuWITEycgMzRd/gwj5oNcIf7vCOHEGK/Q5B/Gnkw/mvwJ,1.054016,2.095445,3.103488,0,2591700,17.55397,Delay-insensitive,2,3.5
244200,ahQ3CzAAVsCYH5b3rrDzuWITEycgMzRd/gwj5oNcIf7vCOHEGK/Q5B/Gnkw/mvwJ,1.572893,2.155126,2.904167,0,2591700,17.55397,Delay-insensitive,2,3.5
244500,ahQ3CzAAVsCYH5b3rrDzuWITEycgMzRd/gwj5oNcIf7vCOHEGK/Q5B/Gnkw/mvwJ,1.84756,2.455452,5.391422,0,2591700,17.55397,Delay-insensitive,2,3.5
244800,ahQ3CzAAVsCYH5b3rrDzuWITEycgMzRd/gwj5oNcIf7vCOHEGK/Q5B/Gnkw/mvwJ,1.391795,2.336055,4.020615,0,2591700,17.55397,Delay-insensitive,2,3.5
245100,ahQ3CzAAVsCYH5b3rrDzuWITEycgMzRd/gwj5oNcIf7vCOHEGK/Q5B/Gnkw/mvwJ,1.778168,2.618415,5.957033999999999,0,2591700,17.55397,Delay-insensitive,2,3.5
245400,ahQ3CzAAVsCYH5b3rrDzuWITEycgMzRd/gwj5oNcIf7vCOHEGK/Q5B/Gnkw/mvwJ,1.154794,2.192757,3.151642,0,2591700,17.55397,Delay-insensitive,2,3.5
245700,ahQ3CzAAVsCYH5b3rrDzuWITEycgMzRd/gwj5oNcIf7vCOHEGK/Q5B/Gnkw/mvwJ,1.788892,2.169365,3.0979490000000003,0,2591700,17.55397,Delay-insensitive,2,3.5
246000,ahQ3CzAAVsCYH5b3rrDzuWITEycgMzRd/gwj5oNcIf7vCOHEGK/Q5B/Gnkw/mvwJ,1.520692,2.193516,3.5071769999999995,0,2591700,17.55397,Delay-insensitive,2,3.5
246300,ahQ3CzAAVsCYH5b3rrDzuWITEycgMzRd/gwj5oNcIf7vCOHEGK/Q5B/Gnkw/mvwJ,1.739658,2.234232,2.9377720000000003,0,2591700,17.55397,Delay-insensitive,2,3.5
246600,ahQ3CzAAVsCYH5b3rrDzuWITEycgMzRd/gwj5oNcIf7vCOHEGK/Q5B/Gnkw/mvwJ,0.918407,3.478581,17.725877,0,2591700,17.55397,Delay-insensitive,2,3.5
246900,ahQ3CzAAVsCYH5b3rrDzuWITEycgMzRd/gwj5oNcIf7vCOHEGK/Q5B/Gnkw/mvwJ,1.739959,2.628137,6.7674,0,2591700,17.55397,Delay-insensitive,2,3.5
247200,ahQ3CzAAVsCYH5b3rrDzuWITEycgMzRd/gwj5oNcIf7vCOHEGK/Q5B/Gnkw/mvwJ,1.891692,2.6065240000000003,5.569277,0,2591700,17.55397,Delay-insensitive,2,3.5
247500,ahQ3CzAAVsCYH5b3rrDzuWITEycgMzRd/gwj5oNcIf7vCOHEGK/Q5B/Gnkw/mvwJ,1.090109,2.3529,4.190675,0,2591700,17.55397,Delay-insensitive,2,3.5
247800,ahQ3CzAAVsCYH5b3rrDzuWITEycgMzRd/gwj5oNcIf7vCOHEGK/Q5B/Gnkw/mvwJ,1.6524919999999998,2.294156,3.86567,0,2591700,17.55397,Delay-insensitive,2,3.5
248100,ahQ3CzAAVsCYH5b3rrDzuWITEycgMzRd/gwj5oNcIf7vCOHEGK/Q5B/Gnkw/mvwJ,1.398162,2.214993,3.04086,0,2591700,17.55397,Delay-insensitive,2,3.5
248400,ahQ3CzAAVsCYH5b3rrDzuWITEycgMzRd/gwj5oNcIf7vCOHEGK/Q5B/Gnkw/mvwJ,1.77163,2.320154,3.522649,0,2591700,17.55397,Delay-insensitive,2,3.5
248700,ahQ3CzAAVsCYH5b3rrDzuWITEycgMzRd/gwj5oNcIf7vCOHEGK/Q5B/Gnkw/mvwJ,1.7525700000000002,2.630404,6.248126,0,2591700,17.55397,Delay-insensitive,2,3.5
249000,ahQ3CzAAVsCYH5b3rrDzuWITEycgMzRd/gwj5oNcIf7vCOHEGK/Q5B/Gnkw/mvwJ,1.774362,2.182491,3.079415,0,2591700,17.55397,Delay-insensitive,2,3.5
249300,ahQ3CzAAVsCYH5b3rrDzuWITEycgMzRd/gwj5oNcIf7vCOHEGK/Q5B/Gnkw/mvwJ,1.883698,2.286269,3.085382,0,2591700,17.55397,Delay-insensitive,2,3.5
249600,ahQ3CzAAVsCYH5b3rrDzuWITEycgMzRd/gwj5oNcIf7vCOHEGK/Q5B/Gnkw/mvwJ,1.727569,2.269405,3.767761,0,2591700,17.55397,Delay-insensitive,2,3.5
249900,ahQ3CzAAVsCYH5b3rrDzuWITEycgMzRd/gwj5oNcIf7vCOHEGK/Q5B/Gnkw/mvwJ,1.960942,2.461717,4.668208,0,2591700,17.55397,Delay-insensitive,2,3.5
250200,ahQ3CzAAVsCYH5b3rrDzuWITEycgMzRd/gwj5oNcIf7vCOHEGK/Q5B/Gnkw/mvwJ,1.399723,3.618973,14.875026,0,2591700,17.55397,Delay-insensitive,2,3.5
250500,ahQ3CzAAVsCYH5b3rrDzuWITEycgMzRd/gwj5oNcIf7vCOHEGK/Q5B/Gnkw/mvwJ,1.767478,2.660327,6.112809,0,2591700,17.55397,Delay-insensitive,2,3.5
250800,ahQ3CzAAVsCYH5b3rrDzuWITEycgMzRd/gwj5oNcIf7vCOHEGK/Q5B/Gnkw/mvwJ,1.447272,2.199388,2.888207,0,2591700,17.55397,Delay-insensitive,2,3.5
251100,ahQ3CzAAVsCYH5b3rrDzuWITEycgMzRd/gwj5oNcIf7vCOHEGK/Q5B/Gnkw/mvwJ,1.903367,2.35061,3.072692,0,2591700,17.55397,Delay-insensitive,2,3.5
251400,ahQ3CzAAVsCYH5b3rrDzuWITEycgMzRd/gwj5oNcIf7vCOHEGK/Q5B/Gnkw/mvwJ,1.7673150000000002,2.365756,3.239776,0,2591700,17.55397,Delay-insensitive,2,3.5
251700,ahQ3CzAAVsCYH5b3rrDzuWITEycgMzRd/gwj5oNcIf7vCOHEGK/Q5B/Gnkw/mvwJ,1.7442,2.235411,3.109521,0,2591700,17.55397,Delay-insensitive,2,3.5
252000,ahQ3CzAAVsCYH5b3rrDzuWITEycgMzRd/gwj5oNcIf7vCOHEGK/Q5B/Gnkw/mvwJ,1.92095,2.565148,4.788619000000001,0,2591700,17.55397,Delay-insensitive,2,3.5
252300,ahQ3CzAAVsCYH5b3rrDzuWITEycgMzRd/gwj5oNcIf7vCOHEGK/Q5B/Gnkw/mvwJ,1.768748,2.582176,5.710971,0,2591700,17.55397,Delay-insensitive,2,3.5
252600,ahQ3CzAAVsCYH5b3rrDzuWITEycgMzRd/gwj5oNcIf7vCOHEGK/Q5B/Gnkw/mvwJ,1.162727,2.236571,2.888825,0,2591700,17.55397,Delay-insensitive,2,3.5
252900,ahQ3CzAAVsCYH5b3rrDzuWITEycgMzRd/gwj5oNcIf7vCOHEGK/Q5B/Gnkw/mvwJ,1.6414970000000002,2.251601,2.790881,0,2591700,17.55397,Delay-insensitive,2,3.5
253200,ahQ3CzAAVsCYH5b3rrDzuWITEycgMzRd/gwj5oNcIf7vCOHEGK/Q5B/Gnkw/mvwJ,1.685173,2.188381,2.857588,0,2591700,17.55397,Delay-insensitive,2,3.5
253500,ahQ3CzAAVsCYH5b3rrDzuWITEycgMzRd/gwj5oNcIf7vCOHEGK/Q5B/Gnkw/mvwJ,1.408513,2.186927,3.018294,0,2591700,17.55397,Delay-insensitive,2,3.5
253800,ahQ3CzAAVsCYH5b3rrDzuWITEycgMzRd/gwj5oNcIf7vCOHEGK/Q5B/Gnkw/mvwJ,1.787189,3.531052,22.405996,0,2591700,17.55397,Delay-insensitive,2,3.5
254100,ahQ3CzAAVsCYH5b3rrDzuWITEycgMzRd/gwj5oNcIf7vCOHEGK/Q5B/Gnkw/mvwJ,0.851736,2.48321,6.423039,0,2591700,17.55397,Delay-insensitive,2,3.5
254400,ahQ3CzAAVsCYH5b3rrDzuWITEycgMzRd/gwj5oNcIf7vCOHEGK/Q5B/Gnkw/mvwJ,1.629869,2.1826,3.815274,0,2591700,17.55397,Delay-insensitive,2,3.5
254700,ahQ3CzAAVsCYH5b3rrDzuWITEycgMzRd/gwj5oNcIf7vCOHEGK/Q5B/Gnkw/mvwJ,1.697412,2.3316790000000003,4.447879,0,2591700,17.55397,Delay-insensitive,2,3.5
255000,ahQ3CzAAVsCYH5b3rrDzuWITEycgMzRd/gwj5oNcIf7vCOHEGK/Q5B/Gnkw/mvwJ,1.494289,2.130823,2.939593,0,2591700,17.55397,Delay-insensitive,2,3.5
255300,ahQ3CzAAVsCYH5b3rrDzuWITEycgMzRd/gwj5oNcIf7vCOHEGK/Q5B/Gnkw/mvwJ,1.494027,2.233961,3.09817,0,2591700,17.55397,Delay-insensitive,2,3.5
255600,ahQ3CzAAVsCYH5b3rrDzuWITEycgMzRd/gwj5oNcIf7vCOHEGK/Q5B/Gnkw/mvwJ,1.120021,2.349902,3.75846,0,2591700,17.55397,Delay-insensitive,2,3.5
255900,ahQ3CzAAVsCYH5b3rrDzuWITEycgMzRd/gwj5oNcIf7vCOHEGK/Q5B/Gnkw/mvwJ,1.721329,2.544925,5.858178,0,2591700,17.55397,Delay-insensitive,2,3.5
256200,ahQ3CzAAVsCYH5b3rrDzuWITEycgMzRd/gwj5oNcIf7vCOHEGK/Q5B/Gnkw/mvwJ,0.804916,2.145921,3.089709,0,2591700,17.55397,Delay-insensitive,2,3.5
256500,ahQ3CzAAVsCYH5b3rrDzuWITEycgMzRd/gwj5oNcIf7vCOHEGK/Q5B/Gnkw/mvwJ,1.637378,2.294553,2.968969,0,2591700,17.55397,Delay-insensitive,2,3.5
256800,ahQ3CzAAVsCYH5b3rrDzuWITEycgMzRd/gwj5oNcIf7vCOHEGK/Q5B/Gnkw/mvwJ,1.09606,2.398196,7.335539999999999,0,2591700,17.55397,Delay-insensitive,2,3.5
257100,ahQ3CzAAVsCYH5b3rrDzuWITEycgMzRd/gwj5oNcIf7vCOHEGK/Q5B/Gnkw/mvwJ,1.7751169999999998,2.3006830000000003,3.052395,0,2591700,17.55397,Delay-insensitive,2,3.5
257400,ahQ3CzAAVsCYH5b3rrDzuWITEycgMzRd/gwj5oNcIf7vCOHEGK/Q5B/Gnkw/mvwJ,1.681773,3.708828,20.662773,0,2591700,17.55397,Delay-insensitive,2,3.5
257700,ahQ3CzAAVsCYH5b3rrDzuWITEycgMzRd/gwj5oNcIf7vCOHEGK/Q5B/Gnkw/mvwJ,1.786632,2.585327,6.458501,0,2591700,17.55397,Delay-insensitive,2,3.5
258000,ahQ3CzAAVsCYH5b3rrDzuWITEycgMzRd/gwj5oNcIf7vCOHEGK/Q5B/Gnkw/mvwJ,1.858852,2.232743,2.833928,0,2591700,17.55397,Delay-insensitive,2,3.5
258300,ahQ3CzAAVsCYH5b3rrDzuWITEycgMzRd/gwj5oNcIf7vCOHEGK/Q5B/Gnkw/mvwJ,1.625398,2.28782,2.961713,0,2591700,17.55397,Delay-insensitive,2,3.5
258600,ahQ3CzAAVsCYH5b3rrDzuWITEycgMzRd/gwj5oNcIf7vCOHEGK/Q5B/Gnkw/mvwJ,1.735555,2.185565,2.994856,0,2591700,17.55397,Delay-insensitive,2,3.5
258900,ahQ3CzAAVsCYH5b3rrDzuWITEycgMzRd/gwj5oNcIf7vCOHEGK/Q5B/Gnkw/mvwJ,1.806389,2.208697,3.43353,0,2591700,17.55397,Delay-insensitive,2,3.5
259200,ahQ3CzAAVsCYH5b3rrDzuWITEycgMzRd/gwj5oNcIf7vCOHEGK/Q5B/Gnkw/mvwJ,1.6528060000000002,2.383681,3.883731,0,2591700,17.55397,Delay-insensitive,2,3.5
259500,ahQ3CzAAVsCYH5b3rrDzuWITEycgMzRd/gwj5oNcIf7vCOHEGK/Q5B/Gnkw/mvwJ,1.832152,3.125667,7.754478999999999,0,2591700,17.55397,Delay-insensitive,2,3.5
259800,ahQ3CzAAVsCYH5b3rrDzuWITEycgMzRd/gwj5oNcIf7vCOHEGK/Q5B/Gnkw/mvwJ,1.753567,2.219008,3.832602,0,2591700,17.55397,Delay-insensitive,2,3.5
260100,ahQ3CzAAVsCYH5b3rrDzuWITEycgMzRd/gwj5oNcIf7vCOHEGK/Q5B/Gnkw/mvwJ,1.684173,2.305766,3.157321,0,2591700,17.55397,Delay-insensitive,2,3.5
260400,ahQ3CzAAVsCYH5b3rrDzuWITEycgMzRd/gwj5oNcIf7vCOHEGK/Q5B/Gnkw/mvwJ,1.667097,2.185512,3.245038,0,2591700,17.55397,Delay-insensitive,2,3.5
260700,ahQ3CzAAVsCYH5b3rrDzuWITEycgMzRd/gwj5oNcIf7vCOHEGK/Q5B/Gnkw/mvwJ,1.734493,2.5858830000000004,6.099101,0,2591700,17.55397,Delay-insensitive,2,3.5
261000,ahQ3CzAAVsCYH5b3rrDzuWITEycgMzRd/gwj5oNcIf7vCOHEGK/Q5B/Gnkw/mvwJ,1.1216959999999998,3.535979,18.650703,0,2591700,17.55397,Delay-insensitive,2,3.5
261300,ahQ3CzAAVsCYH5b3rrDzuWITEycgMzRd/gwj5oNcIf7vCOHEGK/Q5B/Gnkw/mvwJ,1.685109,2.599409,7.010836,0,2591700,17.55397,Delay-insensitive,2,3.5
261600,ahQ3CzAAVsCYH5b3rrDzuWITEycgMzRd/gwj5oNcIf7vCOHEGK/Q5B/Gnkw/mvwJ,1.259874,2.224533,3.490307,0,2591700,17.55397,Delay-insensitive,2,3.5
261900,ahQ3CzAAVsCYH5b3rrDzuWITEycgMzRd/gwj5oNcIf7vCOHEGK/Q5B/Gnkw/mvwJ,1.692597,2.27943,3.365009,0,2591700,17.55397,Delay-insensitive,2,3.5
262200,ahQ3CzAAVsCYH5b3rrDzuWITEycgMzRd/gwj5oNcIf7vCOHEGK/Q5B/Gnkw/mvwJ,1.293762,2.108016,3.0543240000000003,0,2591700,17.55397,Delay-insensitive,2,3.5
262500,ahQ3CzAAVsCYH5b3rrDzuWITEycgMzRd/gwj5oNcIf7vCOHEGK/Q5B/Gnkw/mvwJ,2.02727,6.102274,28.665744,0,2591700,17.55397,Delay-insensitive,2,3.5
262800,ahQ3CzAAVsCYH5b3rrDzuWITEycgMzRd/gwj5oNcIf7vCOHEGK/Q5B/Gnkw/mvwJ,1.6764720000000002,2.473616,4.121839,0,2591700,17.55397,Delay-insensitive,2,3.5
263100,ahQ3CzAAVsCYH5b3rrDzuWITEycgMzRd/gwj5oNcIf7vCOHEGK/Q5B/Gnkw/mvwJ,1.738824,2.488062,6.725439999999999,0,2591700,17.55397,Delay-insensitive,2,3.5
263400,ahQ3CzAAVsCYH5b3rrDzuWITEycgMzRd/gwj5oNcIf7vCOHEGK/Q5B/Gnkw/mvwJ,1.2122389999999998,2.208621,2.827691,0,2591700,17.55397,Delay-insensitive,2,3.5
263700,ahQ3CzAAVsCYH5b3rrDzuWITEycgMzRd/gwj5oNcIf7vCOHEGK/Q5B/Gnkw/mvwJ,1.394239,2.2293,3.346031,0,2591700,17.55397,Delay-insensitive,2,3.5
264000,ahQ3CzAAVsCYH5b3rrDzuWITEycgMzRd/gwj5oNcIf7vCOHEGK/Q5B/Gnkw/mvwJ,1.840121,2.176809,2.957725,0,2591700,17.55397,Delay-insensitive,2,3.5
264300,ahQ3CzAAVsCYH5b3rrDzuWITEycgMzRd/gwj5oNcIf7vCOHEGK/Q5B/Gnkw/mvwJ,1.787462,2.525044,6.471316000000001,0,2591700,17.55397,Delay-insensitive,2,3.5
264600,ahQ3CzAAVsCYH5b3rrDzuWITEycgMzRd/gwj5oNcIf7vCOHEGK/Q5B/Gnkw/mvwJ,1.753436,3.5915660000000003,19.785824,0,2591700,17.55397,Delay-insensitive,2,3.5
264900,ahQ3CzAAVsCYH5b3rrDzuWITEycgMzRd/gwj5oNcIf7vCOHEGK/Q5B/Gnkw/mvwJ,0.750617,2.482183,7.423445,0,2591700,17.55397,Delay-insensitive,2,3.5
265200,ahQ3CzAAVsCYH5b3rrDzuWITEycgMzRd/gwj5oNcIf7vCOHEGK/Q5B/Gnkw/mvwJ,1.706721,2.235784,3.208095,0,2591700,17.55397,Delay-insensitive,2,3.5
265500,ahQ3CzAAVsCYH5b3rrDzuWITEycgMzRd/gwj5oNcIf7vCOHEGK/Q5B/Gnkw/mvwJ,1.631437,2.307382,3.902136,0,2591700,17.55397,Delay-insensitive,2,3.5
265800,ahQ3CzAAVsCYH5b3rrDzuWITEycgMzRd/gwj5oNcIf7vCOHEGK/Q5B/Gnkw/mvwJ,1.750535,2.177804,2.745088,0,2591700,17.55397,Delay-insensitive,2,3.5
266100,ahQ3CzAAVsCYH5b3rrDzuWITEycgMzRd/gwj5oNcIf7vCOHEGK/Q5B/Gnkw/mvwJ,0.942164,2.193538,3.325549,0,2591700,17.55397,Delay-insensitive,2,3.5
266400,ahQ3CzAAVsCYH5b3rrDzuWITEycgMzRd/gwj5oNcIf7vCOHEGK/Q5B/Gnkw/mvwJ,1.879148,2.412327,4.042807,0,2591700,17.55397,Delay-insensitive,2,3.5
266700,ahQ3CzAAVsCYH5b3rrDzuWITEycgMzRd/gwj5oNcIf7vCOHEGK/Q5B/Gnkw/mvwJ,1.778947,2.522209,6.149972,0,2591700,17.55397,Delay-insensitive,2,3.5
267000,ahQ3CzAAVsCYH5b3rrDzuWITEycgMzRd/gwj5oNcIf7vCOHEGK/Q5B/Gnkw/mvwJ,1.86315,2.409262,4.689179,0,2591700,17.55397,Delay-insensitive,2,3.5
267300,ahQ3CzAAVsCYH5b3rrDzuWITEycgMzRd/gwj5oNcIf7vCOHEGK/Q5B/Gnkw/mvwJ,1.7942619999999998,2.2577990000000003,3.1611830000000003,0,2591700,17.55397,Delay-insensitive,2,3.5
267600,ahQ3CzAAVsCYH5b3rrDzuWITEycgMzRd/gwj5oNcIf7vCOHEGK/Q5B/Gnkw/mvwJ,1.073142,2.070381,2.899151,0,2591700,17.55397,Delay-insensitive,2,3.5
267900,ahQ3CzAAVsCYH5b3rrDzuWITEycgMzRd/gwj5oNcIf7vCOHEGK/Q5B/Gnkw/mvwJ,1.734996,2.278198,3.292803,0,2591700,17.55397,Delay-insensitive,2,3.5
268200,ahQ3CzAAVsCYH5b3rrDzuWITEycgMzRd/gwj5oNcIf7vCOHEGK/Q5B/Gnkw/mvwJ,1.602906,3.73978,20.625869,0,2591700,17.55397,Delay-insensitive,2,3.5
268500,ahQ3CzAAVsCYH5b3rrDzuWITEycgMzRd/gwj5oNcIf7vCOHEGK/Q5B/Gnkw/mvwJ,1.800568,2.536953,6.240151,0,2591700,17.55397,Delay-insensitive,2,3.5
268800,ahQ3CzAAVsCYH5b3rrDzuWITEycgMzRd/gwj5oNcIf7vCOHEGK/Q5B/Gnkw/mvwJ,0.585669,2.1616470000000003,3.535534,0,2591700,17.55397,Delay-insensitive,2,3.5
269100,ahQ3CzAAVsCYH5b3rrDzuWITEycgMzRd/gwj5oNcIf7vCOHEGK/Q5B/Gnkw/mvwJ,1.770315,2.236688,2.981701,0,2591700,17.55397,Delay-insensitive,2,3.5
269400,ahQ3CzAAVsCYH5b3rrDzuWITEycgMzRd/gwj5oNcIf7vCOHEGK/Q5B/Gnkw/mvwJ,1.678002,2.17702,2.952312,0,2591700,17.55397,Delay-insensitive,2,3.5
269700,ahQ3CzAAVsCYH5b3rrDzuWITEycgMzRd/gwj5oNcIf7vCOHEGK/Q5B/Gnkw/mvwJ,1.009564,2.062106,3.231316,0,2591700,17.55397,Delay-insensitive,2,3.5
270000,ahQ3CzAAVsCYH5b3rrDzuWITEycgMzRd/gwj5oNcIf7vCOHEGK/Q5B/Gnkw/mvwJ,1.781711,2.381656,4.396803,0,2591700,17.55397,Delay-insensitive,2,3.5
270300,ahQ3CzAAVsCYH5b3rrDzuWITEycgMzRd/gwj5oNcIf7vCOHEGK/Q5B/Gnkw/mvwJ,1.149571,2.045988,2.977185,0,2591700,17.55397,Delay-insensitive,2,3.5
270600,ahQ3CzAAVsCYH5b3rrDzuWITEycgMzRd/gwj5oNcIf7vCOHEGK/Q5B/Gnkw/mvwJ,1.7878029999999998,2.291107,3.711165,0,2591700,17.55397,Delay-insensitive,2,3.5
270900,ahQ3CzAAVsCYH5b3rrDzuWITEycgMzRd/gwj5oNcIf7vCOHEGK/Q5B/Gnkw/mvwJ,1.740004,2.287513,3.068962,0,2591700,17.55397,Delay-insensitive,2,3.5
271200,ahQ3CzAAVsCYH5b3rrDzuWITEycgMzRd/gwj5oNcIf7vCOHEGK/Q5B/Gnkw/mvwJ,1.772689,2.207103,2.76186,0,2591700,17.55397,Delay-insensitive,2,3.5
271500,ahQ3CzAAVsCYH5b3rrDzuWITEycgMzRd/gwj5oNcIf7vCOHEGK/Q5B/Gnkw/mvwJ,1.155092,2.139771,2.971675,0,2591700,17.55397,Delay-insensitive,2,3.5
271800,ahQ3CzAAVsCYH5b3rrDzuWITEycgMzRd/gwj5oNcIf7vCOHEGK/Q5B/Gnkw/mvwJ,1.699118,3.441714,16.487617,0,2591700,17.55397,Delay-insensitive,2,3.5
272100,ahQ3CzAAVsCYH5b3rrDzuWITEycgMzRd/gwj5oNcIf7vCOHEGK/Q5B/Gnkw/mvwJ,1.726131,2.618286,7.044185000000001,0,2591700,17.55397,Delay-insensitive,2,3.5
272400,ahQ3CzAAVsCYH5b3rrDzuWITEycgMzRd/gwj5oNcIf7vCOHEGK/Q5B/Gnkw/mvwJ,1.703409,2.183875,3.035324,0,2591700,17.55397,Delay-insensitive,2,3.5
272700,ahQ3CzAAVsCYH5b3rrDzuWITEycgMzRd/gwj5oNcIf7vCOHEGK/Q5B/Gnkw/mvwJ,1.6974060000000002,2.2705740000000003,2.941527,0,2591700,17.55397,Delay-insensitive,2,3.5
273000,ahQ3CzAAVsCYH5b3rrDzuWITEycgMzRd/gwj5oNcIf7vCOHEGK/Q5B/Gnkw/mvwJ,1.320291,2.044614,2.983868,0,2591700,17.55397,Delay-insensitive,2,3.5
273300,ahQ3CzAAVsCYH5b3rrDzuWITEycgMzRd/gwj5oNcIf7vCOHEGK/Q5B/Gnkw/mvwJ,1.747082,2.307098,3.007402,0,2591700,17.55397,Delay-insensitive,2,3.5
273600,ahQ3CzAAVsCYH5b3rrDzuWITEycgMzRd/gwj5oNcIf7vCOHEGK/Q5B/Gnkw/mvwJ,1.780588,2.37452,4.153542,0,2591700,17.55397,Delay-insensitive,2,3.5
273900,ahQ3CzAAVsCYH5b3rrDzuWITEycgMzRd/gwj5oNcIf7vCOHEGK/Q5B/Gnkw/mvwJ,1.7234490000000002,2.573778,6.375742,0,2591700,17.55397,Delay-insensitive,2,3.5
274200,ahQ3CzAAVsCYH5b3rrDzuWITEycgMzRd/gwj5oNcIf7vCOHEGK/Q5B/Gnkw/mvwJ,1.692002,2.308318,3.4349260000000004,0,2591700,17.55397,Delay-insensitive,2,3.5
274500,ahQ3CzAAVsCYH5b3rrDzuWITEycgMzRd/gwj5oNcIf7vCOHEGK/Q5B/Gnkw/mvwJ,1.664916,2.633804,7.427297,0,2591700,17.55397,Delay-insensitive,2,3.5
274800,ahQ3CzAAVsCYH5b3rrDzuWITEycgMzRd/gwj5oNcIf7vCOHEGK/Q5B/Gnkw/mvwJ,1.776045,2.124747,2.641798,0,2591700,17.55397,Delay-insensitive,2,3.5
275100,ahQ3CzAAVsCYH5b3rrDzuWITEycgMzRd/gwj5oNcIf7vCOHEGK/Q5B/Gnkw/mvwJ,1.589063,2.250377,3.181763,0,2591700,17.55397,Delay-insensitive,2,3.5
275400,ahQ3CzAAVsCYH5b3rrDzuWITEycgMzRd/gwj5oNcIf7vCOHEGK/Q5B/Gnkw/mvwJ,1.768862,3.564168,12.305705,0,2591700,17.55397,Delay-insensitive,2,3.5
275700,ahQ3CzAAVsCYH5b3rrDzuWITEycgMzRd/gwj5oNcIf7vCOHEGK/Q5B/Gnkw/mvwJ,1.304787,2.14311,2.761879,0,2591700,17.55397,Delay-insensitive,2,3.5
276000,ahQ3CzAAVsCYH5b3rrDzuWITEycgMzRd/gwj5oNcIf7vCOHEGK/Q5B/Gnkw/mvwJ,1.816181,2.308332,3.01361,0,2591700,17.55397,Delay-insensitive,2,3.5
276300,ahQ3CzAAVsCYH5b3rrDzuWITEycgMzRd/gwj5oNcIf7vCOHEGK/Q5B/Gnkw/mvwJ,1.660196,3.867657,22.899598,0,2591700,17.55397,Delay-insensitive,2,3.5
276600,ahQ3CzAAVsCYH5b3rrDzuWITEycgMzRd/gwj5oNcIf7vCOHEGK/Q5B/Gnkw/mvwJ,1.922744,2.296712,3.1468830000000003,0,2591700,17.55397,Delay-insensitive,2,3.5
276900,ahQ3CzAAVsCYH5b3rrDzuWITEycgMzRd/gwj5oNcIf7vCOHEGK/Q5B/Gnkw/mvwJ,1.056851,2.1410720000000003,3.161108,0,2591700,17.55397,Delay-insensitive,2,3.5
277200,ahQ3CzAAVsCYH5b3rrDzuWITEycgMzRd/gwj5oNcIf7vCOHEGK/Q5B/Gnkw/mvwJ,1.619138,2.144347,3.051514,0,2591700,17.55397,Delay-insensitive,2,3.5
277500,ahQ3CzAAVsCYH5b3rrDzuWITEycgMzRd/gwj5oNcIf7vCOHEGK/Q5B/Gnkw/mvwJ,1.865061,2.580652,4.270849,0,2591700,17.55397,Delay-insensitive,2,3.5
277800,ahQ3CzAAVsCYH5b3rrDzuWITEycgMzRd/gwj5oNcIf7vCOHEGK/Q5B/Gnkw/mvwJ,1.665949,10.355595,67.15468299999999,0,2591700,17.55397,Delay-insensitive,2,3.5
278100,ahQ3CzAAVsCYH5b3rrDzuWITEycgMzRd/gwj5oNcIf7vCOHEGK/Q5B/Gnkw/mvwJ,1.696388,2.240239,3.052484,0,2591700,17.55397,Delay-insensitive,2,3.5
278400,ahQ3CzAAVsCYH5b3rrDzuWITEycgMzRd/gwj5oNcIf7vCOHEGK/Q5B/Gnkw/mvwJ,1.808926,2.301968,3.3248300000000004,0,2591700,17.55397,Delay-insensitive,2,3.5
278700,ahQ3CzAAVsCYH5b3rrDzuWITEycgMzRd/gwj5oNcIf7vCOHEGK/Q5B/Gnkw/mvwJ,1.725542,2.338889,2.985331,0,2591700,17.55397,Delay-insensitive,2,3.5
279000,ahQ3CzAAVsCYH5b3rrDzuWITEycgMzRd/gwj5oNcIf7vCOHEGK/Q5B/Gnkw/mvwJ,1.774014,3.543277,17.757872,0,2591700,17.55397,Delay-insensitive,2,3.5
279300,ahQ3CzAAVsCYH5b3rrDzuWITEycgMzRd/gwj5oNcIf7vCOHEGK/Q5B/Gnkw/mvwJ,1.790054,2.646543,6.814739,0,2591700,17.55397,Delay-insensitive,2,3.5
279600,ahQ3CzAAVsCYH5b3rrDzuWITEycgMzRd/gwj5oNcIf7vCOHEGK/Q5B/Gnkw/mvwJ,1.102571,2.1660060000000003,3.789844,0,2591700,17.55397,Delay-insensitive,2,3.5
279900,ahQ3CzAAVsCYH5b3rrDzuWITEycgMzRd/gwj5oNcIf7vCOHEGK/Q5B/Gnkw/mvwJ,1.716136,2.173481,2.843979,0,2591700,17.55397,Delay-insensitive,2,3.5
280200,ahQ3CzAAVsCYH5b3rrDzuWITEycgMzRd/gwj5oNcIf7vCOHEGK/Q5B/Gnkw/mvwJ,1.782336,2.271221,3.371259,0,2591700,17.55397,Delay-insensitive,2,3.5
280500,ahQ3CzAAVsCYH5b3rrDzuWITEycgMzRd/gwj5oNcIf7vCOHEGK/Q5B/Gnkw/mvwJ,1.849205,2.571762,6.5834220000000006,0,2591700,17.55397,Delay-insensitive,2,3.5
280800,ahQ3CzAAVsCYH5b3rrDzuWITEycgMzRd/gwj5oNcIf7vCOHEGK/Q5B/Gnkw/mvwJ,1.666868,2.398813,3.654411,0,2591700,17.55397,Delay-insensitive,2,3.5
281100,ahQ3CzAAVsCYH5b3rrDzuWITEycgMzRd/gwj5oNcIf7vCOHEGK/Q5B/Gnkw/mvwJ,1.890965,2.908115,7.387697,0,2591700,17.55397,Delay-insensitive,2,3.5
281400,ahQ3CzAAVsCYH5b3rrDzuWITEycgMzRd/gwj5oNcIf7vCOHEGK/Q5B/Gnkw/mvwJ,1.777149,2.302578,2.867858,0,2591700,17.55397,Delay-insensitive,2,3.5
281700,ahQ3CzAAVsCYH5b3rrDzuWITEycgMzRd/gwj5oNcIf7vCOHEGK/Q5B/Gnkw/mvwJ,1.764112,2.241812,4.016284,0,2591700,17.55397,Delay-insensitive,2,3.5
282000,ahQ3CzAAVsCYH5b3rrDzuWITEycgMzRd/gwj5oNcIf7vCOHEGK/Q5B/Gnkw/mvwJ,1.862927,2.182491,2.755987,0,2591700,17.55397,Delay-insensitive,2,3.5
282300,ahQ3CzAAVsCYH5b3rrDzuWITEycgMzRd/gwj5oNcIf7vCOHEGK/Q5B/Gnkw/mvwJ,1.3048540000000002,2.345928,3.4608480000000004,0,2591700,17.55397,Delay-insensitive,2,3.5
282600,ahQ3CzAAVsCYH5b3rrDzuWITEycgMzRd/gwj5oNcIf7vCOHEGK/Q5B/Gnkw/mvwJ,1.609282,3.331347,15.547339,0,2591700,17.55397,Delay-insensitive,2,3.5
282900,ahQ3CzAAVsCYH5b3rrDzuWITEycgMzRd/gwj5oNcIf7vCOHEGK/Q5B/Gnkw/mvwJ,1.865924,2.581671,5.98822,0,2591700,17.55397,Delay-insensitive,2,3.5
283200,ahQ3CzAAVsCYH5b3rrDzuWITEycgMzRd/gwj5oNcIf7vCOHEGK/Q5B/Gnkw/mvwJ,1.725772,2.670558,6.5769020000000005,0,2591700,17.55397,Delay-insensitive,2,3.5
283500,ahQ3CzAAVsCYH5b3rrDzuWITEycgMzRd/gwj5oNcIf7vCOHEGK/Q5B/Gnkw/mvwJ,1.754132,2.275469,3.076971,0,2591700,17.55397,Delay-insensitive,2,3.5
283800,ahQ3CzAAVsCYH5b3rrDzuWITEycgMzRd/gwj5oNcIf7vCOHEGK/Q5B/Gnkw/mvwJ,1.35645,2.222512,3.029673,0,2591700,17.55397,Delay-insensitive,2,3.5
284100,ahQ3CzAAVsCYH5b3rrDzuWITEycgMzRd/gwj5oNcIf7vCOHEGK/Q5B/Gnkw/mvwJ,1.7119540000000002,2.272502,3.179095,0,2591700,17.55397,Delay-insensitive,2,3.5
284400,ahQ3CzAAVsCYH5b3rrDzuWITEycgMzRd/gwj5oNcIf7vCOHEGK/Q5B/Gnkw/mvwJ,1.6478509999999995,2.31398,3.677505000000001,0,2591700,17.55397,Delay-insensitive,2,3.5
284700,ahQ3CzAAVsCYH5b3rrDzuWITEycgMzRd/gwj5oNcIf7vCOHEGK/Q5B/Gnkw/mvwJ,1.662777,2.606298,6.41898,0,2591700,17.55397,Delay-insensitive,2,3.5
285000,ahQ3CzAAVsCYH5b3rrDzuWITEycgMzRd/gwj5oNcIf7vCOHEGK/Q5B/Gnkw/mvwJ,0.793072,2.118353,3.1318200000000003,0,2591700,17.55397,Delay-insensitive,2,3.5
285300,ahQ3CzAAVsCYH5b3rrDzuWITEycgMzRd/gwj5oNcIf7vCOHEGK/Q5B/Gnkw/mvwJ,1.756307,2.346101,4.35852,0,2591700,17.55397,Delay-insensitive,2,3.5
285600,ahQ3CzAAVsCYH5b3rrDzuWITEycgMzRd/gwj5oNcIf7vCOHEGK/Q5B/Gnkw/mvwJ,1.6743669999999995,2.269953,2.996552,0,2591700,17.55397,Delay-insensitive,2,3.5
285900,ahQ3CzAAVsCYH5b3rrDzuWITEycgMzRd/gwj5oNcIf7vCOHEGK/Q5B/Gnkw/mvwJ,1.530787,2.221648,3.306235,0,2591700,17.55397,Delay-insensitive,2,3.5
286200,ahQ3CzAAVsCYH5b3rrDzuWITEycgMzRd/gwj5oNcIf7vCOHEGK/Q5B/Gnkw/mvwJ,1.74203,3.51968,12.701526,0,2591700,17.55397,Delay-insensitive,2,3.5
286500,ahQ3CzAAVsCYH5b3rrDzuWITEycgMzRd/gwj5oNcIf7vCOHEGK/Q5B/Gnkw/mvwJ,1.498885,2.502118,6.07099,0,2591700,17.55397,Delay-insensitive,2,3.5
286800,ahQ3CzAAVsCYH5b3rrDzuWITEycgMzRd/gwj5oNcIf7vCOHEGK/Q5B/Gnkw/mvwJ,1.805688,2.267167,3.236618,0,2591700,17.55397,Delay-insensitive,2,3.5
287100,ahQ3CzAAVsCYH5b3rrDzuWITEycgMzRd/gwj5oNcIf7vCOHEGK/Q5B/Gnkw/mvwJ,1.714243,2.196602,3.376177,0,2591700,17.55397,Delay-insensitive,2,3.5
287400,ahQ3CzAAVsCYH5b3rrDzuWITEycgMzRd/gwj5oNcIf7vCOHEGK/Q5B/Gnkw/mvwJ,1.708863,2.237051,3.023491,0,2591700,17.55397,Delay-insensitive,2,3.5
287700,ahQ3CzAAVsCYH5b3rrDzuWITEycgMzRd/gwj5oNcIf7vCOHEGK/Q5B/Gnkw/mvwJ,0.8249799999999999,2.1296,2.956789,0,2591700,17.55397,Delay-insensitive,2,3.5
288000,ahQ3CzAAVsCYH5b3rrDzuWITEycgMzRd/gwj5oNcIf7vCOHEGK/Q5B/Gnkw/mvwJ,1.326934,2.091047,2.653471,0,2591700,17.55397,Delay-insensitive,2,3.5
288300,ahQ3CzAAVsCYH5b3rrDzuWITEycgMzRd/gwj5oNcIf7vCOHEGK/Q5B/Gnkw/mvwJ,1.7444,2.557413,5.9455160000000005,0,2591700,17.55397,Delay-insensitive,2,3.5
288600,ahQ3CzAAVsCYH5b3rrDzuWITEycgMzRd/gwj5oNcIf7vCOHEGK/Q5B/Gnkw/mvwJ,1.410765,2.2629,2.92611,0,2591700,17.55397,Delay-insensitive,2,3.5
288900,ahQ3CzAAVsCYH5b3rrDzuWITEycgMzRd/gwj5oNcIf7vCOHEGK/Q5B/Gnkw/mvwJ,1.817799,2.93986,7.545327,0,2591700,17.55397,Delay-insensitive,2,3.5
289200,ahQ3CzAAVsCYH5b3rrDzuWITEycgMzRd/gwj5oNcIf7vCOHEGK/Q5B/Gnkw/mvwJ,1.648407,2.203871,2.9247240000000003,0,2591700,17.55397,Delay-insensitive,2,3.5
289500,ahQ3CzAAVsCYH5b3rrDzuWITEycgMzRd/gwj5oNcIf7vCOHEGK/Q5B/Gnkw/mvwJ,1.748201,2.210403,2.721058,0,2591700,17.55397,Delay-insensitive,2,3.5
289800,ahQ3CzAAVsCYH5b3rrDzuWITEycgMzRd/gwj5oNcIf7vCOHEGK/Q5B/Gnkw/mvwJ,1.777783,3.603437,17.223008,0,2591700,17.55397,Delay-insensitive,2,3.5
290100,ahQ3CzAAVsCYH5b3rrDzuWITEycgMzRd/gwj5oNcIf7vCOHEGK/Q5B/Gnkw/mvwJ,1.661272,2.603548,6.285376,0,2591700,17.55397,Delay-insensitive,2,3.5
290400,ahQ3CzAAVsCYH5b3rrDzuWITEycgMzRd/gwj5oNcIf7vCOHEGK/Q5B/Gnkw/mvwJ,0.8823700000000001,2.175019,2.742825,0,2591700,17.55397,Delay-insensitive,2,3.5
290700,ahQ3CzAAVsCYH5b3rrDzuWITEycgMzRd/gwj5oNcIf7vCOHEGK/Q5B/Gnkw/mvwJ,0.986862,2.178647,3.299363,0,2591700,17.55397,Delay-insensitive,2,3.5
291000,ahQ3CzAAVsCYH5b3rrDzuWITEycgMzRd/gwj5oNcIf7vCOHEGK/Q5B/Gnkw/mvwJ,1.741216,2.267443,3.106383,0,2591700,17.55397,Delay-insensitive,2,3.5
291300,ahQ3CzAAVsCYH5b3rrDzuWITEycgMzRd/gwj5oNcIf7vCOHEGK/Q5B/Gnkw/mvwJ,1.79768,6.357885,29.129602,0,2591700,17.55397,Delay-insensitive,2,3.5
291600,ahQ3CzAAVsCYH5b3rrDzuWITEycgMzRd/gwj5oNcIf7vCOHEGK/Q5B/Gnkw/mvwJ,1.808217,2.476227,3.931122,0,2591700,17.55397,Delay-insensitive,2,3.5
291900,ahQ3CzAAVsCYH5b3rrDzuWITEycgMzRd/gwj5oNcIf7vCOHEGK/Q5B/Gnkw/mvwJ,1.656867,2.622621,6.463608,0,2591700,17.55397,Delay-insensitive,2,3.5
292200,ahQ3CzAAVsCYH5b3rrDzuWITEycgMzRd/gwj5oNcIf7vCOHEGK/Q5B/Gnkw/mvwJ,1.7493150000000002,2.181957,2.8550150000000003,0,2591700,17.55397,Delay-insensitive,2,3.5
292500,ahQ3CzAAVsCYH5b3rrDzuWITEycgMzRd/gwj5oNcIf7vCOHEGK/Q5B/Gnkw/mvwJ,1.539848,2.225759,3.063496,0,2591700,17.55397,Delay-insensitive,2,3.5
292800,ahQ3CzAAVsCYH5b3rrDzuWITEycgMzRd/gwj5oNcIf7vCOHEGK/Q5B/Gnkw/mvwJ,1.578662,2.211435,3.035346,0,2591700,17.55397,Delay-insensitive,2,3.5
293100,ahQ3CzAAVsCYH5b3rrDzuWITEycgMzRd/gwj5oNcIf7vCOHEGK/Q5B/Gnkw/mvwJ,1.083066,2.09152,2.924344,0,2591700,17.55397,Delay-insensitive,2,3.5
293400,ahQ3CzAAVsCYH5b3rrDzuWITEycgMzRd/gwj5oNcIf7vCOHEGK/Q5B/Gnkw/mvwJ,0.741958,3.344876,20.264389,0,2591700,17.55397,Delay-insensitive,2,3.5
293700,ahQ3CzAAVsCYH5b3rrDzuWITEycgMzRd/gwj5oNcIf7vCOHEGK/Q5B/Gnkw/mvwJ,1.643001,2.527727,5.489194,0,2591700,17.55397,Delay-insensitive,2,3.5
294000,ahQ3CzAAVsCYH5b3rrDzuWITEycgMzRd/gwj5oNcIf7vCOHEGK/Q5B/Gnkw/mvwJ,1.689879,2.166948,3.181537,0,2591700,17.55397,Delay-insensitive,2,3.5
294300,ahQ3CzAAVsCYH5b3rrDzuWITEycgMzRd/gwj5oNcIf7vCOHEGK/Q5B/Gnkw/mvwJ,1.922447,2.22632,3.040858,0,2591700,17.55397,Delay-insensitive,2,3.5
294600,ahQ3CzAAVsCYH5b3rrDzuWITEycgMzRd/gwj5oNcIf7vCOHEGK/Q5B/Gnkw/mvwJ,1.331533,2.186397,3.082694,0,2591700,17.55397,Delay-insensitive,2,3.5
294900,ahQ3CzAAVsCYH5b3rrDzuWITEycgMzRd/gwj5oNcIf7vCOHEGK/Q5B/Gnkw/mvwJ,1.886157,2.246825,2.854862,0,2591700,17.55397,Delay-insensitive,2,3.5
295200,ahQ3CzAAVsCYH5b3rrDzuWITEycgMzRd/gwj5oNcIf7vCOHEGK/Q5B/Gnkw/mvwJ,1.634007,2.336525,3.594352,0,2591700,17.55397,Delay-insensitive,2,3.5
295500,ahQ3CzAAVsCYH5b3rrDzuWITEycgMzRd/gwj5oNcIf7vCOHEGK/Q5B/Gnkw/mvwJ,1.778384,2.588273,5.602404,0,2591700,17.55397,Delay-insensitive,2,3.5
295800,ahQ3CzAAVsCYH5b3rrDzuWITEycgMzRd/gwj5oNcIf7vCOHEGK/Q5B/Gnkw/mvwJ,0.8567100000000001,2.147834,3.653125,0,2591700,17.55397,Delay-insensitive,2,3.5
296100,ahQ3CzAAVsCYH5b3rrDzuWITEycgMzRd/gwj5oNcIf7vCOHEGK/Q5B/Gnkw/mvwJ,1.348568,2.1468830000000003,2.770135,0,2591700,17.55397,Delay-insensitive,2,3.5
296400,ahQ3CzAAVsCYH5b3rrDzuWITEycgMzRd/gwj5oNcIf7vCOHEGK/Q5B/Gnkw/mvwJ,1.7502810000000002,2.237833,3.314176,0,2591700,17.55397,Delay-insensitive,2,3.5
296700,ahQ3CzAAVsCYH5b3rrDzuWITEycgMzRd/gwj5oNcIf7vCOHEGK/Q5B/Gnkw/mvwJ,1.726925,2.225345,2.875421,0,2591700,17.55397,Delay-insensitive,2,3.5
297000,ahQ3CzAAVsCYH5b3rrDzuWITEycgMzRd/gwj5oNcIf7vCOHEGK/Q5B/Gnkw/mvwJ,1.936364,12.435234,70.553228,0,2591700,17.55397,Delay-insensitive,2,3.5
297300,ahQ3CzAAVsCYH5b3rrDzuWITEycgMzRd/gwj5oNcIf7vCOHEGK/Q5B/Gnkw/mvwJ,1.124787,5.637811,38.364587,0,2591700,17.55397,Delay-insensitive,2,3.5
297600,ahQ3CzAAVsCYH5b3rrDzuWITEycgMzRd/gwj5oNcIf7vCOHEGK/Q5B/Gnkw/mvwJ,1.833613,2.19879,2.95683,0,2591700,17.55397,Delay-insensitive,2,3.5
297900,ahQ3CzAAVsCYH5b3rrDzuWITEycgMzRd/gwj5oNcIf7vCOHEGK/Q5B/Gnkw/mvwJ,1.7135779999999998,2.372593,3.3188089999999995,0,2591700,17.55397,Delay-insensitive,2,3.5
298200,ahQ3CzAAVsCYH5b3rrDzuWITEycgMzRd/gwj5oNcIf7vCOHEGK/Q5B/Gnkw/mvwJ,1.793718,2.26223,3.5797800000000004,0,2591700,17.55397,Delay-insensitive,2,3.5
298500,ahQ3CzAAVsCYH5b3rrDzuWITEycgMzRd/gwj5oNcIf7vCOHEGK/Q5B/Gnkw/mvwJ,1.459961,2.160978,3.302496,0,2591700,17.55397,Delay-insensitive,2,3.5
298800,ahQ3CzAAVsCYH5b3rrDzuWITEycgMzRd/gwj5oNcIf7vCOHEGK/Q5B/Gnkw/mvwJ,1.149461,2.087322,3.117969,0,2591700,17.55397,Delay-insensitive,2,3.5
299100,ahQ3CzAAVsCYH5b3rrDzuWITEycgMzRd/gwj5oNcIf7vCOHEGK/Q5B/Gnkw/mvwJ,1.872196,2.730691,6.319218,0,2591700,17.55397,Delay-insensitive,2,3.5
299400,ahQ3CzAAVsCYH5b3rrDzuWITEycgMzRd/gwj5oNcIf7vCOHEGK/Q5B/Gnkw/mvwJ,1.7338,2.213778,2.725343,0,2591700,17.55397,Delay-insensitive,2,3.5
299700,ahQ3CzAAVsCYH5b3rrDzuWITEycgMzRd/gwj5oNcIf7vCOHEGK/Q5B/Gnkw/mvwJ,1.761834,2.245364,2.912399,0,2591700,17.55397,Delay-insensitive,2,3.5
300000,ahQ3CzAAVsCYH5b3rrDzuWITEycgMzRd/gwj5oNcIf7vCOHEGK/Q5B/Gnkw/mvwJ,1.243202,2.158859,3.253852,0,2591700,17.55397,Delay-insensitive,2,3.5
300300,ahQ3CzAAVsCYH5b3rrDzuWITEycgMzRd/gwj5oNcIf7vCOHEGK/Q5B/Gnkw/mvwJ,1.608958,2.188638,2.892415,0,2591700,17.55397,Delay-insensitive,2,3.5
300600,ahQ3CzAAVsCYH5b3rrDzuWITEycgMzRd/gwj5oNcIf7vCOHEGK/Q5B/Gnkw/mvwJ,1.6806330000000005,3.514652,14.457154999999998,0,2591700,17.55397,Delay-insensitive,2,3.5
300900,ahQ3CzAAVsCYH5b3rrDzuWITEycgMzRd/gwj5oNcIf7vCOHEGK/Q5B/Gnkw/mvwJ,1.63888,2.671972,5.942018,0,2591700,17.55397,Delay-insensitive,2,3.5
301200,ahQ3CzAAVsCYH5b3rrDzuWITEycgMzRd/gwj5oNcIf7vCOHEGK/Q5B/Gnkw/mvwJ,1.781139,2.476735,6.901076,0,2591700,17.55397,Delay-insensitive,2,3.5
301500,ahQ3CzAAVsCYH5b3rrDzuWITEycgMzRd/gwj5oNcIf7vCOHEGK/Q5B/Gnkw/mvwJ,1.304638,2.126624,2.844909,0,2591700,17.55397,Delay-insensitive,2,3.5
301800,ahQ3CzAAVsCYH5b3rrDzuWITEycgMzRd/gwj5oNcIf7vCOHEGK/Q5B/Gnkw/mvwJ,1.653127,2.222006,3.580363,0,2591700,17.55397,Delay-insensitive,2,3.5
302100,ahQ3CzAAVsCYH5b3rrDzuWITEycgMzRd/gwj5oNcIf7vCOHEGK/Q5B/Gnkw/mvwJ,1.739656,2.197437,2.927581,0,2591700,17.55397,Delay-insensitive,2,3.5
302400,ahQ3CzAAVsCYH5b3rrDzuWITEycgMzRd/gwj5oNcIf7vCOHEGK/Q5B/Gnkw/mvwJ,1.724001,2.20962,2.769668,0,2591700,17.55397,Delay-insensitive,2,3.5
302700,ahQ3CzAAVsCYH5b3rrDzuWITEycgMzRd/gwj5oNcIf7vCOHEGK/Q5B/Gnkw/mvwJ,1.330365,2.67706,5.714258,0,2591700,17.55397,Delay-insensitive,2,3.5
303000,ahQ3CzAAVsCYH5b3rrDzuWITEycgMzRd/gwj5oNcIf7vCOHEGK/Q5B/Gnkw/mvwJ,1.717139,2.204111,2.647915,0,2591700,17.55397,Delay-insensitive,2,3.5
303300,ahQ3CzAAVsCYH5b3rrDzuWITEycgMzRd/gwj5oNcIf7vCOHEGK/Q5B/Gnkw/mvwJ,1.7057369999999998,2.326421,2.90079,0,2591700,17.55397,Delay-insensitive,2,3.5
303600,ahQ3CzAAVsCYH5b3rrDzuWITEycgMzRd/gwj5oNcIf7vCOHEGK/Q5B/Gnkw/mvwJ,1.772018,2.216102,2.799058,0,2591700,17.55397,Delay-insensitive,2,3.5
303900,ahQ3CzAAVsCYH5b3rrDzuWITEycgMzRd/gwj5oNcIf7vCOHEGK/Q5B/Gnkw/mvwJ,1.788972,2.242642,3.023712,0,2591700,17.55397,Delay-insensitive,2,3.5
304200,ahQ3CzAAVsCYH5b3rrDzuWITEycgMzRd/gwj5oNcIf7vCOHEGK/Q5B/Gnkw/mvwJ,1.742491,3.453815,21.588687,0,2591700,17.55397,Delay-insensitive,2,3.5
304500,ahQ3CzAAVsCYH5b3rrDzuWITEycgMzRd/gwj5oNcIf7vCOHEGK/Q5B/Gnkw/mvwJ,1.89577,2.540454,5.891477,0,2591700,17.55397,Delay-insensitive,2,3.5
304800,ahQ3CzAAVsCYH5b3rrDzuWITEycgMzRd/gwj5oNcIf7vCOHEGK/Q5B/Gnkw/mvwJ,1.178923,2.328089,4.167256,0,2591700,17.55397,Delay-insensitive,2,3.5
305100,ahQ3CzAAVsCYH5b3rrDzuWITEycgMzRd/gwj5oNcIf7vCOHEGK/Q5B/Gnkw/mvwJ,1.656937,2.2611,3.030217,0,2591700,17.55397,Delay-insensitive,2,3.5
305400,ahQ3CzAAVsCYH5b3rrDzuWITEycgMzRd/gwj5oNcIf7vCOHEGK/Q5B/Gnkw/mvwJ,0.93225,2.086695,2.717591,0,2591700,17.55397,Delay-insensitive,2,3.5
305700,ahQ3CzAAVsCYH5b3rrDzuWITEycgMzRd/gwj5oNcIf7vCOHEGK/Q5B/Gnkw/mvwJ,1.85047,2.257564,3.210938,0,2591700,17.55397,Delay-insensitive,2,3.5
306000,ahQ3CzAAVsCYH5b3rrDzuWITEycgMzRd/gwj5oNcIf7vCOHEGK/Q5B/Gnkw/mvwJ,1.559886,2.211778,2.953667,0,2591700,17.55397,Delay-insensitive,2,3.5
306300,ahQ3CzAAVsCYH5b3rrDzuWITEycgMzRd/gwj5oNcIf7vCOHEGK/Q5B/Gnkw/mvwJ,1.90136,2.649002,6.539952,0,2591700,17.55397,Delay-insensitive,2,3.5
306600,ahQ3CzAAVsCYH5b3rrDzuWITEycgMzRd/gwj5oNcIf7vCOHEGK/Q5B/Gnkw/mvwJ,1.692275,2.276984,3.419879,0,2591700,17.55397,Delay-insensitive,2,3.5
306900,ahQ3CzAAVsCYH5b3rrDzuWITEycgMzRd/gwj5oNcIf7vCOHEGK/Q5B/Gnkw/mvwJ,1.7688080000000002,2.239778,2.965219,0,2591700,17.55397,Delay-insensitive,2,3.5
307200,ahQ3CzAAVsCYH5b3rrDzuWITEycgMzRd/gwj5oNcIf7vCOHEGK/Q5B/Gnkw/mvwJ,1.738345,2.214653,3.492691,0,2591700,17.55397,Delay-insensitive,2,3.5
307500,ahQ3CzAAVsCYH5b3rrDzuWITEycgMzRd/gwj5oNcIf7vCOHEGK/Q5B/Gnkw/mvwJ,0.674583,2.198515,3.150297,0,2591700,17.55397,Delay-insensitive,2,3.5
307800,ahQ3CzAAVsCYH5b3rrDzuWITEycgMzRd/gwj5oNcIf7vCOHEGK/Q5B/Gnkw/mvwJ,1.7743490000000002,3.466242,15.960294,0,2591700,17.55397,Delay-insensitive,2,3.5
308100,ahQ3CzAAVsCYH5b3rrDzuWITEycgMzRd/gwj5oNcIf7vCOHEGK/Q5B/Gnkw/mvwJ,1.717491,3.704181,17.714488,0,2591700,17.55397,Delay-insensitive,2,3.5
308400,ahQ3CzAAVsCYH5b3rrDzuWITEycgMzRd/gwj5oNcIf7vCOHEGK/Q5B/Gnkw/mvwJ,1.728911,2.208826,3.170374,0,2591700,17.55397,Delay-insensitive,2,3.5
308700,ahQ3CzAAVsCYH5b3rrDzuWITEycgMzRd/gwj5oNcIf7vCOHEGK/Q5B/Gnkw/mvwJ,1.709191,2.255444,2.805172,0,2591700,17.55397,Delay-insensitive,2,3.5
309000,ahQ3CzAAVsCYH5b3rrDzuWITEycgMzRd/gwj5oNcIf7vCOHEGK/Q5B/Gnkw/mvwJ,1.848779,2.195112,2.931455,0,2591700,17.55397,Delay-insensitive,2,3.5
309300,ahQ3CzAAVsCYH5b3rrDzuWITEycgMzRd/gwj5oNcIf7vCOHEGK/Q5B/Gnkw/mvwJ,1.685014,2.259139,3.230986,0,2591700,17.55397,Delay-insensitive,2,3.5
309600,ahQ3CzAAVsCYH5b3rrDzuWITEycgMzRd/gwj5oNcIf7vCOHEGK/Q5B/Gnkw/mvwJ,1.817663,2.209709,2.92178,0,2591700,17.55397,Delay-insensitive,2,3.5
309900,ahQ3CzAAVsCYH5b3rrDzuWITEycgMzRd/gwj5oNcIf7vCOHEGK/Q5B/Gnkw/mvwJ,1.752688,2.624995,5.835179,0,2591700,17.55397,Delay-insensitive,2,3.5
310200,ahQ3CzAAVsCYH5b3rrDzuWITEycgMzRd/gwj5oNcIf7vCOHEGK/Q5B/Gnkw/mvwJ,1.266147,2.264663,3.259416,0,2591700,17.55397,Delay-insensitive,2,3.5
310500,ahQ3CzAAVsCYH5b3rrDzuWITEycgMzRd/gwj5oNcIf7vCOHEGK/Q5B/Gnkw/mvwJ,1.6490080000000005,2.192046,3.084032,0,2591700,17.55397,Delay-insensitive,2,3.5
310800,ahQ3CzAAVsCYH5b3rrDzuWITEycgMzRd/gwj5oNcIf7vCOHEGK/Q5B/Gnkw/mvwJ,1.046621,2.162938,3.804769,0,2591700,17.55397,Delay-insensitive,2,3.5
311100,ahQ3CzAAVsCYH5b3rrDzuWITEycgMzRd/gwj5oNcIf7vCOHEGK/Q5B/Gnkw/mvwJ,1.664681,2.319542,4.032188,0,2591700,17.55397,Delay-insensitive,2,3.5
311400,ahQ3CzAAVsCYH5b3rrDzuWITEycgMzRd/gwj5oNcIf7vCOHEGK/Q5B/Gnkw/mvwJ,1.7778650000000005,3.802427,19.728838,0,2591700,17.55397,Delay-insensitive,2,3.5
311700,ahQ3CzAAVsCYH5b3rrDzuWITEycgMzRd/gwj5oNcIf7vCOHEGK/Q5B/Gnkw/mvwJ,1.7600240000000005,3.688633,8.407903,0,2591700,17.55397,Delay-insensitive,2,3.5
312000,ahQ3CzAAVsCYH5b3rrDzuWITEycgMzRd/gwj5oNcIf7vCOHEGK/Q5B/Gnkw/mvwJ,0.993437,2.259753,3.700491,0,2591700,17.55397,Delay-insensitive,2,3.5
312300,ahQ3CzAAVsCYH5b3rrDzuWITEycgMzRd/gwj5oNcIf7vCOHEGK/Q5B/Gnkw/mvwJ,1.763842,2.278394,3.1210000000000004,0,2591700,17.55397,Delay-insensitive,2,3.5
312600,ahQ3CzAAVsCYH5b3rrDzuWITEycgMzRd/gwj5oNcIf7vCOHEGK/Q5B/Gnkw/mvwJ,1.785184,2.2989580000000003,3.259782,0,2591700,17.55397,Delay-insensitive,2,3.5
312900,ahQ3CzAAVsCYH5b3rrDzuWITEycgMzRd/gwj5oNcIf7vCOHEGK/Q5B/Gnkw/mvwJ,1.456087,2.201936,3.740604,0,2591700,17.55397,Delay-insensitive,2,3.5
313200,ahQ3CzAAVsCYH5b3rrDzuWITEycgMzRd/gwj5oNcIf7vCOHEGK/Q5B/Gnkw/mvwJ,1.783381,2.263521,3.033152,0,2591700,17.55397,Delay-insensitive,2,3.5
313500,ahQ3CzAAVsCYH5b3rrDzuWITEycgMzRd/gwj5oNcIf7vCOHEGK/Q5B/Gnkw/mvwJ,1.410231,2.708245,6.405959999999999,0,2591700,17.55397,Delay-insensitive,2,3.5
313800,ahQ3CzAAVsCYH5b3rrDzuWITEycgMzRd/gwj5oNcIf7vCOHEGK/Q5B/Gnkw/mvwJ,1.730317,2.266249,3.628307,0,2591700,17.55397,Delay-insensitive,2,3.5
314100,ahQ3CzAAVsCYH5b3rrDzuWITEycgMzRd/gwj5oNcIf7vCOHEGK/Q5B/Gnkw/mvwJ,1.730401,2.268679,3.066781,0,2591700,17.55397,Delay-insensitive,2,3.5
314400,ahQ3CzAAVsCYH5b3rrDzuWITEycgMzRd/gwj5oNcIf7vCOHEGK/Q5B/Gnkw/mvwJ,1.666805,2.192977,3.062335,0,2591700,17.55397,Delay-insensitive,2,3.5
314700,ahQ3CzAAVsCYH5b3rrDzuWITEycgMzRd/gwj5oNcIf7vCOHEGK/Q5B/Gnkw/mvwJ,1.031995,2.246682,3.50058,0,2591700,17.55397,Delay-insensitive,2,3.5
315000,ahQ3CzAAVsCYH5b3rrDzuWITEycgMzRd/gwj5oNcIf7vCOHEGK/Q5B/Gnkw/mvwJ,1.793505,3.500713,20.584443,0,2591700,17.55397,Delay-insensitive,2,3.5
315300,ahQ3CzAAVsCYH5b3rrDzuWITEycgMzRd/gwj5oNcIf7vCOHEGK/Q5B/Gnkw/mvwJ,1.688893,2.588235,5.905227,0,2591700,17.55397,Delay-insensitive,2,3.5
315600,ahQ3CzAAVsCYH5b3rrDzuWITEycgMzRd/gwj5oNcIf7vCOHEGK/Q5B/Gnkw/mvwJ,1.289381,2.218411,3.065485,0,2591700,17.55397,Delay-insensitive,2,3.5
315900,ahQ3CzAAVsCYH5b3rrDzuWITEycgMzRd/gwj5oNcIf7vCOHEGK/Q5B/Gnkw/mvwJ,1.648562,2.246906,3.098711,0,2591700,17.55397,Delay-insensitive,2,3.5
316200,ahQ3CzAAVsCYH5b3rrDzuWITEycgMzRd/gwj5oNcIf7vCOHEGK/Q5B/Gnkw/mvwJ,1.2089379999999998,2.161116,3.353296,0,2591700,17.55397,Delay-insensitive,2,3.5
316500,ahQ3CzAAVsCYH5b3rrDzuWITEycgMzRd/gwj5oNcIf7vCOHEGK/Q5B/Gnkw/mvwJ,1.642325,2.285418,3.058473,0,2591700,17.55397,Delay-insensitive,2,3.5
316800,ahQ3CzAAVsCYH5b3rrDzuWITEycgMzRd/gwj5oNcIf7vCOHEGK/Q5B/Gnkw/mvwJ,1.831171,2.441953,4.15448,0,2591700,17.55397,Delay-insensitive,2,3.5
317100,ahQ3CzAAVsCYH5b3rrDzuWITEycgMzRd/gwj5oNcIf7vCOHEGK/Q5B/Gnkw/mvwJ,1.76325,2.895634,7.869667999999999,0,2591700,17.55397,Delay-insensitive,2,3.5
317400,ahQ3CzAAVsCYH5b3rrDzuWITEycgMzRd/gwj5oNcIf7vCOHEGK/Q5B/Gnkw/mvwJ,1.762609,2.437817,7.18205,0,2591700,17.55397,Delay-insensitive,2,3.5
317700,ahQ3CzAAVsCYH5b3rrDzuWITEycgMzRd/gwj5oNcIf7vCOHEGK/Q5B/Gnkw/mvwJ,1.767959,2.187077,2.738046,0,2591700,17.55397,Delay-insensitive,2,3.5
318000,ahQ3CzAAVsCYH5b3rrDzuWITEycgMzRd/gwj5oNcIf7vCOHEGK/Q5B/Gnkw/mvwJ,1.766609,2.827354,10.996981,0,2591700,17.55397,Delay-insensitive,2,3.5
318300,ahQ3CzAAVsCYH5b3rrDzuWITEycgMzRd/gwj5oNcIf7vCOHEGK/Q5B/Gnkw/mvwJ,1.630656,2.419559,6.8414850000000005,0,2591700,17.55397,Delay-insensitive,2,3.5
318600,ahQ3CzAAVsCYH5b3rrDzuWITEycgMzRd/gwj5oNcIf7vCOHEGK/Q5B/Gnkw/mvwJ,1.709414,3.4541980000000003,18.726474,0,2591700,17.55397,Delay-insensitive,2,3.5
318900,ahQ3CzAAVsCYH5b3rrDzuWITEycgMzRd/gwj5oNcIf7vCOHEGK/Q5B/Gnkw/mvwJ,1.810352,2.922391,6.602159,0,2591700,17.55397,Delay-insensitive,2,3.5
319200,ahQ3CzAAVsCYH5b3rrDzuWITEycgMzRd/gwj5oNcIf7vCOHEGK/Q5B/Gnkw/mvwJ,1.667623,2.2699700000000003,3.44305,0,2591700,17.55397,Delay-insensitive,2,3.5
319500,ahQ3CzAAVsCYH5b3rrDzuWITEycgMzRd/gwj5oNcIf7vCOHEGK/Q5B/Gnkw/mvwJ,1.684035,2.407207,8.31575,0,2591700,17.55397,Delay-insensitive,2,3.5
319800,ahQ3CzAAVsCYH5b3rrDzuWITEycgMzRd/gwj5oNcIf7vCOHEGK/Q5B/Gnkw/mvwJ,1.87283,2.259225,2.828084,0,2591700,17.55397,Delay-insensitive,2,3.5
320100,ahQ3CzAAVsCYH5b3rrDzuWITEycgMzRd/gwj5oNcIf7vCOHEGK/Q5B/Gnkw/mvwJ,1.840251,6.801348,27.826831,0,2591700,17.55397,Delay-insensitive,2,3.5
320400,ahQ3CzAAVsCYH5b3rrDzuWITEycgMzRd/gwj5oNcIf7vCOHEGK/Q5B/Gnkw/mvwJ,1.715793,2.2675080000000003,3.36993,0,2591700,17.55397,Delay-insensitive,2,3.5
320700,ahQ3CzAAVsCYH5b3rrDzuWITEycgMzRd/gwj5oNcIf7vCOHEGK/Q5B/Gnkw/mvwJ,1.754087,2.825555,7.373172,0,2591700,17.55397,Delay-insensitive,2,3.5
321000,ahQ3CzAAVsCYH5b3rrDzuWITEycgMzRd/gwj5oNcIf7vCOHEGK/Q5B/Gnkw/mvwJ,1.668241,2.440812,6.547573000000001,0,2591700,17.55397,Delay-insensitive,2,3.5
321300,ahQ3CzAAVsCYH5b3rrDzuWITEycgMzRd/gwj5oNcIf7vCOHEGK/Q5B/Gnkw/mvwJ,1.732963,2.1444810000000003,2.950112,0,2591700,17.55397,Delay-insensitive,2,3.5
321600,ahQ3CzAAVsCYH5b3rrDzuWITEycgMzRd/gwj5oNcIf7vCOHEGK/Q5B/Gnkw/mvwJ,0.643744,2.322167,6.390798,0,2591700,17.55397,Delay-insensitive,2,3.5
321900,ahQ3CzAAVsCYH5b3rrDzuWITEycgMzRd/gwj5oNcIf7vCOHEGK/Q5B/Gnkw/mvwJ,1.735005,2.222652,2.884701,0,2591700,17.55397,Delay-insensitive,2,3.5
322200,ahQ3CzAAVsCYH5b3rrDzuWITEycgMzRd/gwj5oNcIf7vCOHEGK/Q5B/Gnkw/mvwJ,1.645591,3.083,12.628503,0,2591700,17.55397,Delay-insensitive,2,3.5
322500,ahQ3CzAAVsCYH5b3rrDzuWITEycgMzRd/gwj5oNcIf7vCOHEGK/Q5B/Gnkw/mvwJ,1.676835,3.158457,11.002007,0,2591700,17.55397,Delay-insensitive,2,3.5
322800,ahQ3CzAAVsCYH5b3rrDzuWITEycgMzRd/gwj5oNcIf7vCOHEGK/Q5B/Gnkw/mvwJ,1.22294,2.392204,6.113477,0,2591700,17.55397,Delay-insensitive,2,3.5
323100,ahQ3CzAAVsCYH5b3rrDzuWITEycgMzRd/gwj5oNcIf7vCOHEGK/Q5B/Gnkw/mvwJ,1.6641860000000002,2.1413450000000003,2.792762,0,2591700,17.55397,Delay-insensitive,2,3.5
323400,ahQ3CzAAVsCYH5b3rrDzuWITEycgMzRd/gwj5oNcIf7vCOHEGK/Q5B/Gnkw/mvwJ,1.912662,2.463515,6.90884,0,2591700,17.55397,Delay-insensitive,2,3.5
323700,ahQ3CzAAVsCYH5b3rrDzuWITEycgMzRd/gwj5oNcIf7vCOHEGK/Q5B/Gnkw/mvwJ,1.694983,2.4003650000000003,6.452038,0,2591700,17.55397,Delay-insensitive,2,3.5
324000,ahQ3CzAAVsCYH5b3rrDzuWITEycgMzRd/gwj5oNcIf7vCOHEGK/Q5B/Gnkw/mvwJ,1.686184,2.188269,3.017558,0,2591700,17.55397,Delay-insensitive,2,3.5
324300,ahQ3CzAAVsCYH5b3rrDzuWITEycgMzRd/gwj5oNcIf7vCOHEGK/Q5B/Gnkw/mvwJ,1.883298,2.896713,6.597136,0,2591700,17.55397,Delay-insensitive,2,3.5
324600,ahQ3CzAAVsCYH5b3rrDzuWITEycgMzRd/gwj5oNcIf7vCOHEGK/Q5B/Gnkw/mvwJ,1.651605,2.231408,3.2836730000000003,0,2591700,17.55397,Delay-insensitive,2,3.5
324900,ahQ3CzAAVsCYH5b3rrDzuWITEycgMzRd/gwj5oNcIf7vCOHEGK/Q5B/Gnkw/mvwJ,1.72167,2.9531970000000003,10.959988,0,2591700,17.55397,Delay-insensitive,2,3.5
325200,ahQ3CzAAVsCYH5b3rrDzuWITEycgMzRd/gwj5oNcIf7vCOHEGK/Q5B/Gnkw/mvwJ,1.6937220000000002,2.231592,3.066251,0,2591700,17.55397,Delay-insensitive,2,3.5
325500,ahQ3CzAAVsCYH5b3rrDzuWITEycgMzRd/gwj5oNcIf7vCOHEGK/Q5B/Gnkw/mvwJ,1.825374,2.257108,3.494481,0,2591700,17.55397,Delay-insensitive,2,3.5
325800,ahQ3CzAAVsCYH5b3rrDzuWITEycgMzRd/gwj5oNcIf7vCOHEGK/Q5B/Gnkw/mvwJ,1.713097,2.178039,2.877867,0,2591700,17.55397,Delay-insensitive,2,3.5
326100,ahQ3CzAAVsCYH5b3rrDzuWITEycgMzRd/gwj5oNcIf7vCOHEGK/Q5B/Gnkw/mvwJ,0.84885,2.49083,7.411577999999999,0,2591700,17.55397,Delay-insensitive,2,3.5
326400,ahQ3CzAAVsCYH5b3rrDzuWITEycgMzRd/gwj5oNcIf7vCOHEGK/Q5B/Gnkw/mvwJ,0.934735,2.19065,3.044684,0,2591700,17.55397,Delay-insensitive,2,3.5
326700,ahQ3CzAAVsCYH5b3rrDzuWITEycgMzRd/gwj5oNcIf7vCOHEGK/Q5B/Gnkw/mvwJ,1.685048,2.2120330000000004,3.068542,0,2591700,17.55397,Delay-insensitive,2,3.5
327000,ahQ3CzAAVsCYH5b3rrDzuWITEycgMzRd/gwj5oNcIf7vCOHEGK/Q5B/Gnkw/mvwJ,1.508128,2.233255,3.1453,0,2591700,17.55397,Delay-insensitive,2,3.5
327300,ahQ3CzAAVsCYH5b3rrDzuWITEycgMzRd/gwj5oNcIf7vCOHEGK/Q5B/Gnkw/mvwJ,1.7001700000000002,2.208234,3.001976,0,2591700,17.55397,Delay-insensitive,2,3.5
327600,ahQ3CzAAVsCYH5b3rrDzuWITEycgMzRd/gwj5oNcIf7vCOHEGK/Q5B/Gnkw/mvwJ,1.529124,2.117212,3.2776970000000003,0,2591700,17.55397,Delay-insensitive,2,3.5
327900,ahQ3CzAAVsCYH5b3rrDzuWITEycgMzRd/gwj5oNcIf7vCOHEGK/Q5B/Gnkw/mvwJ,1.696792,2.745674,6.457192,0,2591700,17.55397,Delay-insensitive,2,3.5
328200,ahQ3CzAAVsCYH5b3rrDzuWITEycgMzRd/gwj5oNcIf7vCOHEGK/Q5B/Gnkw/mvwJ,1.431999,2.242039,3.383031,0,2591700,17.55397,Delay-insensitive,2,3.5
328500,ahQ3CzAAVsCYH5b3rrDzuWITEycgMzRd/gwj5oNcIf7vCOHEGK/Q5B/Gnkw/mvwJ,1.824188,2.163092,2.911354,0,2591700,17.55397,Delay-insensitive,2,3.5
328800,ahQ3CzAAVsCYH5b3rrDzuWITEycgMzRd/gwj5oNcIf7vCOHEGK/Q5B/Gnkw/mvwJ,0.523223,2.189556,3.574253,0,2591700,17.55397,Delay-insensitive,2,3.5
329100,ahQ3CzAAVsCYH5b3rrDzuWITEycgMzRd/gwj5oNcIf7vCOHEGK/Q5B/Gnkw/mvwJ,0.513227,2.112943,2.875351,0,2591700,17.55397,Delay-insensitive,2,3.5
329400,ahQ3CzAAVsCYH5b3rrDzuWITEycgMzRd/gwj5oNcIf7vCOHEGK/Q5B/Gnkw/mvwJ,1.676852,2.193184,2.940183,0,2591700,17.55397,Delay-insensitive,2,3.5
329700,ahQ3CzAAVsCYH5b3rrDzuWITEycgMzRd/gwj5oNcIf7vCOHEGK/Q5B/Gnkw/mvwJ,1.821167,3.963069,21.576263,0,2591700,17.55397,Delay-insensitive,2,3.5
330000,ahQ3CzAAVsCYH5b3rrDzuWITEycgMzRd/gwj5oNcIf7vCOHEGK/Q5B/Gnkw/mvwJ,1.717553,2.248328,3.081711,0,2591700,17.55397,Delay-insensitive,2,3.5
330300,ahQ3CzAAVsCYH5b3rrDzuWITEycgMzRd/gwj5oNcIf7vCOHEGK/Q5B/Gnkw/mvwJ,1.6933189999999998,2.117318,2.675078,0,2591700,17.55397,Delay-insensitive,2,3.5
330600,ahQ3CzAAVsCYH5b3rrDzuWITEycgMzRd/gwj5oNcIf7vCOHEGK/Q5B/Gnkw/mvwJ,1.69678,2.1916290000000003,2.842072,0,2591700,17.55397,Delay-insensitive,2,3.5
330900,ahQ3CzAAVsCYH5b3rrDzuWITEycgMzRd/gwj5oNcIf7vCOHEGK/Q5B/Gnkw/mvwJ,1.656645,2.211084,2.855738,0,2591700,17.55397,Delay-insensitive,2,3.5
331200,ahQ3CzAAVsCYH5b3rrDzuWITEycgMzRd/gwj5oNcIf7vCOHEGK/Q5B/Gnkw/mvwJ,1.7775279999999998,2.1729380000000003,2.998171,0,2591700,17.55397,Delay-insensitive,2,3.5
331500,ahQ3CzAAVsCYH5b3rrDzuWITEycgMzRd/gwj5oNcIf7vCOHEGK/Q5B/Gnkw/mvwJ,0.883666,2.502574,6.799769,0,2591700,17.55397,Delay-insensitive,2,3.5
331800,ahQ3CzAAVsCYH5b3rrDzuWITEycgMzRd/gwj5oNcIf7vCOHEGK/Q5B/Gnkw/mvwJ,0.901447,2.087682,3.348153,0,2591700,17.55397,Delay-insensitive,2,3.5
332100,ahQ3CzAAVsCYH5b3rrDzuWITEycgMzRd/gwj5oNcIf7vCOHEGK/Q5B/Gnkw/mvwJ,1.799613,8.738093,62.225987,0,2591700,17.55397,Delay-insensitive,2,3.5
332400,ahQ3CzAAVsCYH5b3rrDzuWITEycgMzRd/gwj5oNcIf7vCOHEGK/Q5B/Gnkw/mvwJ,1.861771,4.396012000000001,23.911604,0,2591700,17.55397,Delay-insensitive,2,3.5
332700,ahQ3CzAAVsCYH5b3rrDzuWITEycgMzRd/gwj5oNcIf7vCOHEGK/Q5B/Gnkw/mvwJ,1.684794,2.181195,3.136378,0,2591700,17.55397,Delay-insensitive,2,3.5
333000,ahQ3CzAAVsCYH5b3rrDzuWITEycgMzRd/gwj5oNcIf7vCOHEGK/Q5B/Gnkw/mvwJ,1.126265,2.128566,2.9586810000000003,0,2591700,17.55397,Delay-insensitive,2,3.5
333300,ahQ3CzAAVsCYH5b3rrDzuWITEycgMzRd/gwj5oNcIf7vCOHEGK/Q5B/Gnkw/mvwJ,1.785932,3.902039,18.707482,0,2591700,17.55397,Delay-insensitive,2,3.5
333600,ahQ3CzAAVsCYH5b3rrDzuWITEycgMzRd/gwj5oNcIf7vCOHEGK/Q5B/Gnkw/mvwJ,1.741196,2.191502,3.465822,0,2591700,17.55397,Delay-insensitive,2,3.5
333900,ahQ3CzAAVsCYH5b3rrDzuWITEycgMzRd/gwj5oNcIf7vCOHEGK/Q5B/Gnkw/mvwJ,1.920179,2.451382,3.907095,0,2591700,17.55397,Delay-insensitive,2,3.5
334200,ahQ3CzAAVsCYH5b3rrDzuWITEycgMzRd/gwj5oNcIf7vCOHEGK/Q5B/Gnkw/mvwJ,1.6605169999999998,2.233027,3.096342,0,2591700,17.55397,Delay-insensitive,2,3.5
334500,ahQ3CzAAVsCYH5b3rrDzuWITEycgMzRd/gwj5oNcIf7vCOHEGK/Q5B/Gnkw/mvwJ,0.896803,2.101275,3.1033630000000003,0,2591700,17.55397,Delay-insensitive,2,3.5
334800,ahQ3CzAAVsCYH5b3rrDzuWITEycgMzRd/gwj5oNcIf7vCOHEGK/Q5B/Gnkw/mvwJ,1.77877,2.252443,3.641287,0,2591700,17.55397,Delay-insensitive,2,3.5
335100,ahQ3CzAAVsCYH5b3rrDzuWITEycgMzRd/gwj5oNcIf7vCOHEGK/Q5B/Gnkw/mvwJ,1.9340580000000005,2.838752,5.7999540000000005,0,2591700,17.55397,Delay-insensitive,2,3.5
335400,ahQ3CzAAVsCYH5b3rrDzuWITEycgMzRd/gwj5oNcIf7vCOHEGK/Q5B/Gnkw/mvwJ,1.7705509999999998,2.210137,3.213299,0,2591700,17.55397,Delay-insensitive,2,3.5
335700,ahQ3CzAAVsCYH5b3rrDzuWITEycgMzRd/gwj5oNcIf7vCOHEGK/Q5B/Gnkw/mvwJ,1.203436,2.1608080000000003,2.78355,0,2591700,17.55397,Delay-insensitive,2,3.5
336000,ahQ3CzAAVsCYH5b3rrDzuWITEycgMzRd/gwj5oNcIf7vCOHEGK/Q5B/Gnkw/mvwJ,1.805827,2.27918,3.160461,0,2591700,17.55397,Delay-insensitive,2,3.5
336300,ahQ3CzAAVsCYH5b3rrDzuWITEycgMzRd/gwj5oNcIf7vCOHEGK/Q5B/Gnkw/mvwJ,1.816557,2.3207310000000003,3.365761,0,2591700,17.55397,Delay-insensitive,2,3.5
336600,ahQ3CzAAVsCYH5b3rrDzuWITEycgMzRd/gwj5oNcIf7vCOHEGK/Q5B/Gnkw/mvwJ,1.890658,2.276456,2.826274,0,2591700,17.55397,Delay-insensitive,2,3.5
336900,ahQ3CzAAVsCYH5b3rrDzuWITEycgMzRd/gwj5oNcIf7vCOHEGK/Q5B/Gnkw/mvwJ,1.908955,6.421797,56.982105,0,2591700,17.55397,Delay-insensitive,2,3.5
337200,ahQ3CzAAVsCYH5b3rrDzuWITEycgMzRd/gwj5oNcIf7vCOHEGK/Q5B/Gnkw/mvwJ,1.120782,2.111698,2.929951,0,2591700,17.55397,Delay-insensitive,2,3.5
337500,ahQ3CzAAVsCYH5b3rrDzuWITEycgMzRd/gwj5oNcIf7vCOHEGK/Q5B/Gnkw/mvwJ,1.7436080000000005,2.260335,2.939598,0,2591700,17.55397,Delay-insensitive,2,3.5
337800,ahQ3CzAAVsCYH5b3rrDzuWITEycgMzRd/gwj5oNcIf7vCOHEGK/Q5B/Gnkw/mvwJ,1.948938,2.294612,3.246923,0,2591700,17.55397,Delay-insensitive,2,3.5
338100,ahQ3CzAAVsCYH5b3rrDzuWITEycgMzRd/gwj5oNcIf7vCOHEGK/Q5B/Gnkw/mvwJ,1.7391450000000002,2.178827,2.830139,0,2591700,17.55397,Delay-insensitive,2,3.5
338400,ahQ3CzAAVsCYH5b3rrDzuWITEycgMzRd/gwj5oNcIf7vCOHEGK/Q5B/Gnkw/mvwJ,1.64268,2.220476,3.083116,0,2591700,17.55397,Delay-insensitive,2,3.5
338700,ahQ3CzAAVsCYH5b3rrDzuWITEycgMzRd/gwj5oNcIf7vCOHEGK/Q5B/Gnkw/mvwJ,1.957572,2.772593,6.801276,0,2591700,17.55397,Delay-insensitive,2,3.5
339000,ahQ3CzAAVsCYH5b3rrDzuWITEycgMzRd/gwj5oNcIf7vCOHEGK/Q5B/Gnkw/mvwJ,1.7951259999999998,2.22684,3.005825,0,2591700,17.55397,Delay-insensitive,2,3.5
339300,ahQ3CzAAVsCYH5b3rrDzuWITEycgMzRd/gwj5oNcIf7vCOHEGK/Q5B/Gnkw/mvwJ,1.7044669999999995,2.207666,2.884302,0,2591700,17.55397,Delay-insensitive,2,3.5
339600,ahQ3CzAAVsCYH5b3rrDzuWITEycgMzRd/gwj5oNcIf7vCOHEGK/Q5B/Gnkw/mvwJ,0.981612,2.125168,2.731555,0,2591700,17.55397,Delay-insensitive,2,3.5
339900,ahQ3CzAAVsCYH5b3rrDzuWITEycgMzRd/gwj5oNcIf7vCOHEGK/Q5B/Gnkw/mvwJ,1.20389,2.101941,2.822502,0,2591700,17.55397,Delay-insensitive,2,3.5
340200,ahQ3CzAAVsCYH5b3rrDzuWITEycgMzRd/gwj5oNcIf7vCOHEGK/Q5B/Gnkw/mvwJ,1.736514,2.229912,2.949579,0,2591700,17.55397,Delay-insensitive,2,3.5
340500,ahQ3CzAAVsCYH5b3rrDzuWITEycgMzRd/gwj5oNcIf7vCOHEGK/Q5B/Gnkw/mvwJ,1.935006,3.896113,21.205055,0,2591700,17.55397,Delay-insensitive,2,3.5
340800,ahQ3CzAAVsCYH5b3rrDzuWITEycgMzRd/gwj5oNcIf7vCOHEGK/Q5B/Gnkw/mvwJ,1.674777,2.178526,2.900046,0,2591700,17.55397,Delay-insensitive,2,3.5
341100,ahQ3CzAAVsCYH5b3rrDzuWITEycgMzRd/gwj5oNcIf7vCOHEGK/Q5B/Gnkw/mvwJ,1.89319,3.329857,6.929836999999999,0,2591700,17.55397,Delay-insensitive,2,3.5
341700,ahQ3CzAAVsCYH5b3rrDzuWITEycgMzRd/gwj5oNcIf7vCOHEGK/Q5B/Gnkw/mvwJ,31.629992,57.998522,88.090627,0,2591700,17.55397,Delay-insensitive,2,3.5
342000,ahQ3CzAAVsCYH5b3rrDzuWITEycgMzRd/gwj5oNcIf7vCOHEGK/Q5B/Gnkw/mvwJ,39.130768,83.08355300000001,98.553221,0,2591700,17.55397,Delay-insensitive,2,3.5
342300,ahQ3CzAAVsCYH5b3rrDzuWITEycgMzRd/gwj5oNcIf7vCOHEGK/Q5B/Gnkw/mvwJ,43.285259,74.343374,99.506435,0,2591700,17.55397,Delay-insensitive,2,3.5
342600,ahQ3CzAAVsCYH5b3rrDzuWITEycgMzRd/gwj5oNcIf7vCOHEGK/Q5B/Gnkw/mvwJ,52.340594,76.81309300000001,92.319022,0,2591700,17.55397,Delay-insensitive,2,3.5
342900,ahQ3CzAAVsCYH5b3rrDzuWITEycgMzRd/gwj5oNcIf7vCOHEGK/Q5B/Gnkw/mvwJ,26.997726,62.008902,87.219778,0,2591700,17.55397,Delay-insensitive,2,3.5
343200,ahQ3CzAAVsCYH5b3rrDzuWITEycgMzRd/gwj5oNcIf7vCOHEGK/Q5B/Gnkw/mvwJ,1.064814,1.849799,2.743791,0,2591700,17.55397,Delay-insensitive,2,3.5
343500,ahQ3CzAAVsCYH5b3rrDzuWITEycgMzRd/gwj5oNcIf7vCOHEGK/Q5B/Gnkw/mvwJ,1.719325,2.251755,2.822342,0,2591700,17.55397,Delay-insensitive,2,3.5
343800,ahQ3CzAAVsCYH5b3rrDzuWITEycgMzRd/gwj5oNcIf7vCOHEGK/Q5B/Gnkw/mvwJ,0.78359,1.957333,2.515017,0,2591700,17.55397,Delay-insensitive,2,3.5
344100,ahQ3CzAAVsCYH5b3rrDzuWITEycgMzRd/gwj5oNcIf7vCOHEGK/Q5B/Gnkw/mvwJ,1.819086,2.772033,8.0818,0,2591700,17.55397,Delay-insensitive,2,3.5
344400,ahQ3CzAAVsCYH5b3rrDzuWITEycgMzRd/gwj5oNcIf7vCOHEGK/Q5B/Gnkw/mvwJ,1.703652,2.171616,2.749562,0,2591700,17.55397,Delay-insensitive,2,3.5
344700,ahQ3CzAAVsCYH5b3rrDzuWITEycgMzRd/gwj5oNcIf7vCOHEGK/Q5B/Gnkw/mvwJ,1.616506,2.080944,2.615363,0,2591700,17.55397,Delay-insensitive,2,3.5
345000,ahQ3CzAAVsCYH5b3rrDzuWITEycgMzRd/gwj5oNcIf7vCOHEGK/Q5B/Gnkw/mvwJ,1.346625,1.978735,2.706105,0,2591700,17.55397,Delay-insensitive,2,3.5
345300,ahQ3CzAAVsCYH5b3rrDzuWITEycgMzRd/gwj5oNcIf7vCOHEGK/Q5B/Gnkw/mvwJ,1.622149,2.313001,4.380385,0,2591700,17.55397,Delay-insensitive,2,3.5
345600,ahQ3CzAAVsCYH5b3rrDzuWITEycgMzRd/gwj5oNcIf7vCOHEGK/Q5B/Gnkw/mvwJ,1.816946,2.261489,3.584745,0,2591700,17.55397,Delay-insensitive,2,3.5
345900,ahQ3CzAAVsCYH5b3rrDzuWITEycgMzRd/gwj5oNcIf7vCOHEGK/Q5B/Gnkw/mvwJ,0.852822,2.664598,7.343014,0,2591700,17.55397,Delay-insensitive,2,3.5
346200,ahQ3CzAAVsCYH5b3rrDzuWITEycgMzRd/gwj5oNcIf7vCOHEGK/Q5B/Gnkw/mvwJ,1.730851,2.307769,3.570523,0,2591700,17.55397,Delay-insensitive,2,3.5
346500,ahQ3CzAAVsCYH5b3rrDzuWITEycgMzRd/gwj5oNcIf7vCOHEGK/Q5B/Gnkw/mvwJ,1.535081,2.095982,2.805099,0,2591700,17.55397,Delay-insensitive,2,3.5
346800,ahQ3CzAAVsCYH5b3rrDzuWITEycgMzRd/gwj5oNcIf7vCOHEGK/Q5B/Gnkw/mvwJ,1.6993599999999998,2.272438,2.928696,0,2591700,17.55397,Delay-insensitive,2,3.5
347100,ahQ3CzAAVsCYH5b3rrDzuWITEycgMzRd/gwj5oNcIf7vCOHEGK/Q5B/Gnkw/mvwJ,1.774045,2.298276,2.989035,0,2591700,17.55397,Delay-insensitive,2,3.5
347400,ahQ3CzAAVsCYH5b3rrDzuWITEycgMzRd/gwj5oNcIf7vCOHEGK/Q5B/Gnkw/mvwJ,1.718266,2.212611,3.261862,0,2591700,17.55397,Delay-insensitive,2,3.5
347700,ahQ3CzAAVsCYH5b3rrDzuWITEycgMzRd/gwj5oNcIf7vCOHEGK/Q5B/Gnkw/mvwJ,1.346539,2.505693,7.790091,0,2591700,17.55397,Delay-insensitive,2,3.5
348000,ahQ3CzAAVsCYH5b3rrDzuWITEycgMzRd/gwj5oNcIf7vCOHEGK/Q5B/Gnkw/mvwJ,1.694755,2.146178,3.071328,0,2591700,17.55397,Delay-insensitive,2,3.5
348300,ahQ3CzAAVsCYH5b3rrDzuWITEycgMzRd/gwj5oNcIf7vCOHEGK/Q5B/Gnkw/mvwJ,1.678365,2.185931,3.10468,0,2591700,17.55397,Delay-insensitive,2,3.5
348600,ahQ3CzAAVsCYH5b3rrDzuWITEycgMzRd/gwj5oNcIf7vCOHEGK/Q5B/Gnkw/mvwJ,1.098175,2.082532,3.210502,0,2591700,17.55397,Delay-insensitive,2,3.5
348900,ahQ3CzAAVsCYH5b3rrDzuWITEycgMzRd/gwj5oNcIf7vCOHEGK/Q5B/Gnkw/mvwJ,1.553665,2.4532700000000003,4.2320910000000005,0,2591700,17.55397,Delay-insensitive,2,3.5
349200,ahQ3CzAAVsCYH5b3rrDzuWITEycgMzRd/gwj5oNcIf7vCOHEGK/Q5B/Gnkw/mvwJ,1.7544419999999998,2.11791,2.768735,0,2591700,17.55397,Delay-insensitive,2,3.5
349500,ahQ3CzAAVsCYH5b3rrDzuWITEycgMzRd/gwj5oNcIf7vCOHEGK/Q5B/Gnkw/mvwJ,1.750131,2.745431,8.616672,0,2591700,17.55397,Delay-insensitive,2,3.5
349800,ahQ3CzAAVsCYH5b3rrDzuWITEycgMzRd/gwj5oNcIf7vCOHEGK/Q5B/Gnkw/mvwJ,1.598709,2.226122,2.867925,0,2591700,17.55397,Delay-insensitive,2,3.5
350100,ahQ3CzAAVsCYH5b3rrDzuWITEycgMzRd/gwj5oNcIf7vCOHEGK/Q5B/Gnkw/mvwJ,1.74649,2.188917,2.999638,0,2591700,17.55397,Delay-insensitive,2,3.5
350400,ahQ3CzAAVsCYH5b3rrDzuWITEycgMzRd/gwj5oNcIf7vCOHEGK/Q5B/Gnkw/mvwJ,0.968714,2.072241,3.2699580000000004,0,2591700,17.55397,Delay-insensitive,2,3.5
350700,ahQ3CzAAVsCYH5b3rrDzuWITEycgMzRd/gwj5oNcIf7vCOHEGK/Q5B/Gnkw/mvwJ,1.6645599999999998,2.206216,3.537442,0,2591700,17.55397,Delay-insensitive,2,3.5
351000,ahQ3CzAAVsCYH5b3rrDzuWITEycgMzRd/gwj5oNcIf7vCOHEGK/Q5B/Gnkw/mvwJ,1.575341,2.136296,3.603618,0,2591700,17.55397,Delay-insensitive,2,3.5
351300,ahQ3CzAAVsCYH5b3rrDzuWITEycgMzRd/gwj5oNcIf7vCOHEGK/Q5B/Gnkw/mvwJ,1.638875,3.0202,7.786803999999999,0,2591700,17.55397,Delay-insensitive,2,3.5
351600,ahQ3CzAAVsCYH5b3rrDzuWITEycgMzRd/gwj5oNcIf7vCOHEGK/Q5B/Gnkw/mvwJ,1.562196,2.155378,3.057811,0,2591700,17.55397,Delay-insensitive,2,3.5
351900,ahQ3CzAAVsCYH5b3rrDzuWITEycgMzRd/gwj5oNcIf7vCOHEGK/Q5B/Gnkw/mvwJ,1.192381,1.954362,2.45794,0,2591700,17.55397,Delay-insensitive,2,3.5
352200,ahQ3CzAAVsCYH5b3rrDzuWITEycgMzRd/gwj5oNcIf7vCOHEGK/Q5B/Gnkw/mvwJ,1.655648,2.202829,3.139196,0,2591700,17.55397,Delay-insensitive,2,3.5
352500,ahQ3CzAAVsCYH5b3rrDzuWITEycgMzRd/gwj5oNcIf7vCOHEGK/Q5B/Gnkw/mvwJ,1.70986,2.38265,4.3166,0,2591700,17.55397,Delay-insensitive,2,3.5
352800,ahQ3CzAAVsCYH5b3rrDzuWITEycgMzRd/gwj5oNcIf7vCOHEGK/Q5B/Gnkw/mvwJ,1.655389,2.154074,3.555961,0,2591700,17.55397,Delay-insensitive,2,3.5
353100,ahQ3CzAAVsCYH5b3rrDzuWITEycgMzRd/gwj5oNcIf7vCOHEGK/Q5B/Gnkw/mvwJ,0.950596,2.531563,6.652642999999999,0,2591700,17.55397,Delay-insensitive,2,3.5
353400,ahQ3CzAAVsCYH5b3rrDzuWITEycgMzRd/gwj5oNcIf7vCOHEGK/Q5B/Gnkw/mvwJ,1.43758,2.238241,3.716244,0,2591700,17.55397,Delay-insensitive,2,3.5
353700,ahQ3CzAAVsCYH5b3rrDzuWITEycgMzRd/gwj5oNcIf7vCOHEGK/Q5B/Gnkw/mvwJ,1.74748,2.194287,3.58094,0,2591700,17.55397,Delay-insensitive,2,3.5
354000,ahQ3CzAAVsCYH5b3rrDzuWITEycgMzRd/gwj5oNcIf7vCOHEGK/Q5B/Gnkw/mvwJ,1.696766,2.478712,7.729978,0,2591700,17.55397,Delay-insensitive,2,3.5
354300,ahQ3CzAAVsCYH5b3rrDzuWITEycgMzRd/gwj5oNcIf7vCOHEGK/Q5B/Gnkw/mvwJ,1.74853,2.243497,3.390071,0,2591700,17.55397,Delay-insensitive,2,3.5
354600,ahQ3CzAAVsCYH5b3rrDzuWITEycgMzRd/gwj5oNcIf7vCOHEGK/Q5B/Gnkw/mvwJ,1.755627,2.137364,2.932269,0,2591700,17.55397,Delay-insensitive,2,3.5
354900,ahQ3CzAAVsCYH5b3rrDzuWITEycgMzRd/gwj5oNcIf7vCOHEGK/Q5B/Gnkw/mvwJ,1.749916,2.747663,7.068464,0,2591700,17.55397,Delay-insensitive,2,3.5
355200,ahQ3CzAAVsCYH5b3rrDzuWITEycgMzRd/gwj5oNcIf7vCOHEGK/Q5B/Gnkw/mvwJ,1.600851,2.260256,3.337729,0,2591700,17.55397,Delay-insensitive,2,3.5
355500,ahQ3CzAAVsCYH5b3rrDzuWITEycgMzRd/gwj5oNcIf7vCOHEGK/Q5B/Gnkw/mvwJ,1.861053,2.347772,3.277325,0,2591700,17.55397,Delay-insensitive,2,3.5
355800,ahQ3CzAAVsCYH5b3rrDzuWITEycgMzRd/gwj5oNcIf7vCOHEGK/Q5B/Gnkw/mvwJ,1.581749,2.215063,2.673597,0,2591700,17.55397,Delay-insensitive,2,3.5
356100,ahQ3CzAAVsCYH5b3rrDzuWITEycgMzRd/gwj5oNcIf7vCOHEGK/Q5B/Gnkw/mvwJ,1.815887,2.528921,4.146757,0,2591700,17.55397,Delay-insensitive,2,3.5
356400,ahQ3CzAAVsCYH5b3rrDzuWITEycgMzRd/gwj5oNcIf7vCOHEGK/Q5B/Gnkw/mvwJ,1.555547,2.2252,3.419307,0,2591700,17.55397,Delay-insensitive,2,3.5
356700,ahQ3CzAAVsCYH5b3rrDzuWITEycgMzRd/gwj5oNcIf7vCOHEGK/Q5B/Gnkw/mvwJ,0.8877309999999999,2.619744,6.483087,0,2591700,17.55397,Delay-insensitive,2,3.5
357000,ahQ3CzAAVsCYH5b3rrDzuWITEycgMzRd/gwj5oNcIf7vCOHEGK/Q5B/Gnkw/mvwJ,1.754093,2.1829,2.801231,0,2591700,17.55397,Delay-insensitive,2,3.5
357300,ahQ3CzAAVsCYH5b3rrDzuWITEycgMzRd/gwj5oNcIf7vCOHEGK/Q5B/Gnkw/mvwJ,1.091073,2.166994,3.164217,0,2591700,17.55397,Delay-insensitive,2,3.5
357600,ahQ3CzAAVsCYH5b3rrDzuWITEycgMzRd/gwj5oNcIf7vCOHEGK/Q5B/Gnkw/mvwJ,1.797411,2.219265,2.615111,0,2591700,17.55397,Delay-insensitive,2,3.5
357900,ahQ3CzAAVsCYH5b3rrDzuWITEycgMzRd/gwj5oNcIf7vCOHEGK/Q5B/Gnkw/mvwJ,1.710344,2.329765,3.21942,0,2591700,17.55397,Delay-insensitive,2,3.5
358200,ahQ3CzAAVsCYH5b3rrDzuWITEycgMzRd/gwj5oNcIf7vCOHEGK/Q5B/Gnkw/mvwJ,1.765759,2.24207,3.204181,0,2591700,17.55397,Delay-insensitive,2,3.5
358500,ahQ3CzAAVsCYH5b3rrDzuWITEycgMzRd/gwj5oNcIf7vCOHEGK/Q5B/Gnkw/mvwJ,1.672755,2.728991,7.465238,0,2591700,17.55397,Delay-insensitive,2,3.5
358800,ahQ3CzAAVsCYH5b3rrDzuWITEycgMzRd/gwj5oNcIf7vCOHEGK/Q5B/Gnkw/mvwJ,1.657864,2.201504,2.8763240000000003,0,2591700,17.55397,Delay-insensitive,2,3.5
359100,ahQ3CzAAVsCYH5b3rrDzuWITEycgMzRd/gwj5oNcIf7vCOHEGK/Q5B/Gnkw/mvwJ,1.486256,2.168406,2.821456,0,2591700,17.55397,Delay-insensitive,2,3.5
359400,ahQ3CzAAVsCYH5b3rrDzuWITEycgMzRd/gwj5oNcIf7vCOHEGK/Q5B/Gnkw/mvwJ,1.056746,2.039474,2.446514,0,2591700,17.55397,Delay-insensitive,2,3.5
359700,ahQ3CzAAVsCYH5b3rrDzuWITEycgMzRd/gwj5oNcIf7vCOHEGK/Q5B/Gnkw/mvwJ,1.6934,2.435517,4.570422,0,2591700,17.55397,Delay-insensitive,2,3.5
360000,ahQ3CzAAVsCYH5b3rrDzuWITEycgMzRd/gwj5oNcIf7vCOHEGK/Q5B/Gnkw/mvwJ,1.784147,2.243791,2.866722,0,2591700,17.55397,Delay-insensitive,2,3.5
360300,ahQ3CzAAVsCYH5b3rrDzuWITEycgMzRd/gwj5oNcIf7vCOHEGK/Q5B/Gnkw/mvwJ,1.7872310000000002,2.751167,7.694423,0,2591700,17.55397,Delay-insensitive,2,3.5
360600,ahQ3CzAAVsCYH5b3rrDzuWITEycgMzRd/gwj5oNcIf7vCOHEGK/Q5B/Gnkw/mvwJ,1.5907209999999998,2.171207,2.857068,0,2591700,17.55397,Delay-insensitive,2,3.5
360900,ahQ3CzAAVsCYH5b3rrDzuWITEycgMzRd/gwj5oNcIf7vCOHEGK/Q5B/Gnkw/mvwJ,1.7006880000000002,2.254235,3.0279,0,2591700,17.55397,Delay-insensitive,2,3.5
361200,ahQ3CzAAVsCYH5b3rrDzuWITEycgMzRd/gwj5oNcIf7vCOHEGK/Q5B/Gnkw/mvwJ,1.67949,2.174772,2.769765,0,2591700,17.55397,Delay-insensitive,2,3.5
361500,ahQ3CzAAVsCYH5b3rrDzuWITEycgMzRd/gwj5oNcIf7vCOHEGK/Q5B/Gnkw/mvwJ,1.735091,2.257414,3.001439,0,2591700,17.55397,Delay-insensitive,2,3.5
361800,ahQ3CzAAVsCYH5b3rrDzuWITEycgMzRd/gwj5oNcIf7vCOHEGK/Q5B/Gnkw/mvwJ,1.345841,2.1836900000000004,3.403251,0,2591700,17.55397,Delay-insensitive,2,3.5
362100,ahQ3CzAAVsCYH5b3rrDzuWITEycgMzRd/gwj5oNcIf7vCOHEGK/Q5B/Gnkw/mvwJ,0.773382,2.566056,5.703059,0,2591700,17.55397,Delay-insensitive,2,3.5
362400,ahQ3CzAAVsCYH5b3rrDzuWITEycgMzRd/gwj5oNcIf7vCOHEGK/Q5B/Gnkw/mvwJ,1.6231719999999998,2.218827,3.094525,0,2591700,17.55397,Delay-insensitive,2,3.5
362700,ahQ3CzAAVsCYH5b3rrDzuWITEycgMzRd/gwj5oNcIf7vCOHEGK/Q5B/Gnkw/mvwJ,1.7330450000000002,2.233314,2.796062,0,2591700,17.55397,Delay-insensitive,2,3.5
363000,ahQ3CzAAVsCYH5b3rrDzuWITEycgMzRd/gwj5oNcIf7vCOHEGK/Q5B/Gnkw/mvwJ,1.660036,2.234573,3.124771,0,2591700,17.55397,Delay-insensitive,2,3.5
363300,ahQ3CzAAVsCYH5b3rrDzuWITEycgMzRd/gwj5oNcIf7vCOHEGK/Q5B/Gnkw/mvwJ,1.689256,2.422615,4.7188360000000005,0,2591700,17.55397,Delay-insensitive,2,3.5
363600,ahQ3CzAAVsCYH5b3rrDzuWITEycgMzRd/gwj5oNcIf7vCOHEGK/Q5B/Gnkw/mvwJ,1.640582,2.252213,3.005962,0,2591700,17.55397,Delay-insensitive,2,3.5
363900,ahQ3CzAAVsCYH5b3rrDzuWITEycgMzRd/gwj5oNcIf7vCOHEGK/Q5B/Gnkw/mvwJ,1.2580360000000002,2.712984,6.337201,0,2591700,17.55397,Delay-insensitive,2,3.5
364200,ahQ3CzAAVsCYH5b3rrDzuWITEycgMzRd/gwj5oNcIf7vCOHEGK/Q5B/Gnkw/mvwJ,1.7314470000000002,2.196476,3.067543,0,2591700,17.55397,Delay-insensitive,2,3.5
364500,ahQ3CzAAVsCYH5b3rrDzuWITEycgMzRd/gwj5oNcIf7vCOHEGK/Q5B/Gnkw/mvwJ,1.383205,2.214441,2.9306,0,2591700,17.55397,Delay-insensitive,2,3.5
364800,ahQ3CzAAVsCYH5b3rrDzuWITEycgMzRd/gwj5oNcIf7vCOHEGK/Q5B/Gnkw/mvwJ,1.1538190000000002,2.106558,3.106128,0,2591700,17.55397,Delay-insensitive,2,3.5
365100,ahQ3CzAAVsCYH5b3rrDzuWITEycgMzRd/gwj5oNcIf7vCOHEGK/Q5B/Gnkw/mvwJ,1.7546259999999998,2.252836,3.187841,0,2591700,17.55397,Delay-insensitive,2,3.5
365400,ahQ3CzAAVsCYH5b3rrDzuWITEycgMzRd/gwj5oNcIf7vCOHEGK/Q5B/Gnkw/mvwJ,1.328155,2.161894,3.526937,0,2591700,17.55397,Delay-insensitive,2,3.5
365700,ahQ3CzAAVsCYH5b3rrDzuWITEycgMzRd/gwj5oNcIf7vCOHEGK/Q5B/Gnkw/mvwJ,1.713184,2.720403,6.102180000000001,0,2591700,17.55397,Delay-insensitive,2,3.5
366000,ahQ3CzAAVsCYH5b3rrDzuWITEycgMzRd/gwj5oNcIf7vCOHEGK/Q5B/Gnkw/mvwJ,1.582063,2.1841060000000003,2.956318,0,2591700,17.55397,Delay-insensitive,2,3.5
366300,ahQ3CzAAVsCYH5b3rrDzuWITEycgMzRd/gwj5oNcIf7vCOHEGK/Q5B/Gnkw/mvwJ,1.717345,2.259588,2.860193,0,2591700,17.55397,Delay-insensitive,2,3.5
366600,ahQ3CzAAVsCYH5b3rrDzuWITEycgMzRd/gwj5oNcIf7vCOHEGK/Q5B/Gnkw/mvwJ,1.285967,2.098905,3.100272,0,2591700,17.55397,Delay-insensitive,2,3.5
366900,ahQ3CzAAVsCYH5b3rrDzuWITEycgMzRd/gwj5oNcIf7vCOHEGK/Q5B/Gnkw/mvwJ,1.785769,2.480871,5.284237,0,2591700,17.55397,Delay-insensitive,2,3.5
367200,ahQ3CzAAVsCYH5b3rrDzuWITEycgMzRd/gwj5oNcIf7vCOHEGK/Q5B/Gnkw/mvwJ,1.277688,2.16638,3.060343,0,2591700,17.55397,Delay-insensitive,2,3.5
367500,ahQ3CzAAVsCYH5b3rrDzuWITEycgMzRd/gwj5oNcIf7vCOHEGK/Q5B/Gnkw/mvwJ,1.413451,2.560207,6.235953,0,2591700,17.55397,Delay-insensitive,2,3.5
367800,ahQ3CzAAVsCYH5b3rrDzuWITEycgMzRd/gwj5oNcIf7vCOHEGK/Q5B/Gnkw/mvwJ,1.7274779999999998,2.303271,3.086612,0,2591700,17.55397,Delay-insensitive,2,3.5
368100,ahQ3CzAAVsCYH5b3rrDzuWITEycgMzRd/gwj5oNcIf7vCOHEGK/Q5B/Gnkw/mvwJ,0.927658,2.138078,3.127602,0,2591700,17.55397,Delay-insensitive,2,3.5
368400,ahQ3CzAAVsCYH5b3rrDzuWITEycgMzRd/gwj5oNcIf7vCOHEGK/Q5B/Gnkw/mvwJ,1.641825,2.203217,3.190824,0,2591700,17.55397,Delay-insensitive,2,3.5
368700,ahQ3CzAAVsCYH5b3rrDzuWITEycgMzRd/gwj5oNcIf7vCOHEGK/Q5B/Gnkw/mvwJ,1.789335,3.032825,11.079903,0,2591700,17.55397,Delay-insensitive,2,3.5
369000,ahQ3CzAAVsCYH5b3rrDzuWITEycgMzRd/gwj5oNcIf7vCOHEGK/Q5B/Gnkw/mvwJ,1.7713009999999998,2.264093,2.914087,0,2591700,17.55397,Delay-insensitive,2,3.5
369300,ahQ3CzAAVsCYH5b3rrDzuWITEycgMzRd/gwj5oNcIf7vCOHEGK/Q5B/Gnkw/mvwJ,1.032292,2.638522,6.347847,0,2591700,17.55397,Delay-insensitive,2,3.5
369600,ahQ3CzAAVsCYH5b3rrDzuWITEycgMzRd/gwj5oNcIf7vCOHEGK/Q5B/Gnkw/mvwJ,1.837207,2.323146,2.952897,0,2591700,17.55397,Delay-insensitive,2,3.5
369900,ahQ3CzAAVsCYH5b3rrDzuWITEycgMzRd/gwj5oNcIf7vCOHEGK/Q5B/Gnkw/mvwJ,1.520001,2.216353,2.778827,0,2591700,17.55397,Delay-insensitive,2,3.5
370200,ahQ3CzAAVsCYH5b3rrDzuWITEycgMzRd/gwj5oNcIf7vCOHEGK/Q5B/Gnkw/mvwJ,0.958271,2.12268,2.904717,0,2591700,17.55397,Delay-insensitive,2,3.5
370500,ahQ3CzAAVsCYH5b3rrDzuWITEycgMzRd/gwj5oNcIf7vCOHEGK/Q5B/Gnkw/mvwJ,1.707496,2.536069,5.071295,0,2591700,17.55397,Delay-insensitive,2,3.5
370800,ahQ3CzAAVsCYH5b3rrDzuWITEycgMzRd/gwj5oNcIf7vCOHEGK/Q5B/Gnkw/mvwJ,1.609324,2.183925,2.752781,0,2591700,17.55397,Delay-insensitive,2,3.5
371100,ahQ3CzAAVsCYH5b3rrDzuWITEycgMzRd/gwj5oNcIf7vCOHEGK/Q5B/Gnkw/mvwJ,1.488168,4.080618,10.056094,0,2591700,17.55397,Delay-insensitive,2,3.5
371400,ahQ3CzAAVsCYH5b3rrDzuWITEycgMzRd/gwj5oNcIf7vCOHEGK/Q5B/Gnkw/mvwJ,1.119017,4.860636,36.667101,0,2591700,17.55397,Delay-insensitive,2,3.5
371700,ahQ3CzAAVsCYH5b3rrDzuWITEycgMzRd/gwj5oNcIf7vCOHEGK/Q5B/Gnkw/mvwJ,1.828995,2.208303,2.829368,0,2591700,17.55397,Delay-insensitive,2,3.5
372000,ahQ3CzAAVsCYH5b3rrDzuWITEycgMzRd/gwj5oNcIf7vCOHEGK/Q5B/Gnkw/mvwJ,1.59951,2.102651,2.87984,0,2591700,17.55397,Delay-insensitive,2,3.5
372300,ahQ3CzAAVsCYH5b3rrDzuWITEycgMzRd/gwj5oNcIf7vCOHEGK/Q5B/Gnkw/mvwJ,1.720306,2.317082,3.5325260000000003,0,2591700,17.55397,Delay-insensitive,2,3.5
372600,ahQ3CzAAVsCYH5b3rrDzuWITEycgMzRd/gwj5oNcIf7vCOHEGK/Q5B/Gnkw/mvwJ,0.8605299999999999,1.955648,2.625329,0,2591700,17.55397,Delay-insensitive,2,3.5
372900,ahQ3CzAAVsCYH5b3rrDzuWITEycgMzRd/gwj5oNcIf7vCOHEGK/Q5B/Gnkw/mvwJ,0.7754939999999999,2.559743,6.082186,0,2591700,17.55397,Delay-insensitive,2,3.5
373200,ahQ3CzAAVsCYH5b3rrDzuWITEycgMzRd/gwj5oNcIf7vCOHEGK/Q5B/Gnkw/mvwJ,1.700938,2.248736,3.718045,0,2591700,17.55397,Delay-insensitive,2,3.5
373500,ahQ3CzAAVsCYH5b3rrDzuWITEycgMzRd/gwj5oNcIf7vCOHEGK/Q5B/Gnkw/mvwJ,1.97749,9.733474,67.507141,0,2591700,17.55397,Delay-insensitive,2,3.5
373800,ahQ3CzAAVsCYH5b3rrDzuWITEycgMzRd/gwj5oNcIf7vCOHEGK/Q5B/Gnkw/mvwJ,1.855058,4.623922,17.139901000000002,0,2591700,17.55397,Delay-insensitive,2,3.5
374100,ahQ3CzAAVsCYH5b3rrDzuWITEycgMzRd/gwj5oNcIf7vCOHEGK/Q5B/Gnkw/mvwJ,0.3562059999999999,52.914598,91.448067,0,2591700,17.55397,Delay-insensitive,2,3.5
374400,ahQ3CzAAVsCYH5b3rrDzuWITEycgMzRd/gwj5oNcIf7vCOHEGK/Q5B/Gnkw/mvwJ,1.954586,3.171272,8.03278,0,2591700,17.55397,Delay-insensitive,2,3.5
374700,ahQ3CzAAVsCYH5b3rrDzuWITEycgMzRd/gwj5oNcIf7vCOHEGK/Q5B/Gnkw/mvwJ,1.763666,3.30137,8.80321,0,2591700,17.55397,Delay-insensitive,2,3.5
375000,ahQ3CzAAVsCYH5b3rrDzuWITEycgMzRd/gwj5oNcIf7vCOHEGK/Q5B/Gnkw/mvwJ,1.653332,2.282618,3.074812,0,2591700,17.55397,Delay-insensitive,2,3.5
375300,ahQ3CzAAVsCYH5b3rrDzuWITEycgMzRd/gwj5oNcIf7vCOHEGK/Q5B/Gnkw/mvwJ,1.444422,2.11712,2.8610330000000004,0,2591700,17.55397,Delay-insensitive,2,3.5
375600,ahQ3CzAAVsCYH5b3rrDzuWITEycgMzRd/gwj5oNcIf7vCOHEGK/Q5B/Gnkw/mvwJ,1.69103,2.147473,2.685438,0,2591700,17.55397,Delay-insensitive,2,3.5
375900,ahQ3CzAAVsCYH5b3rrDzuWITEycgMzRd/gwj5oNcIf7vCOHEGK/Q5B/Gnkw/mvwJ,1.73961,2.233584,3.757711,0,2591700,17.55397,Delay-insensitive,2,3.5
376200,ahQ3CzAAVsCYH5b3rrDzuWITEycgMzRd/gwj5oNcIf7vCOHEGK/Q5B/Gnkw/mvwJ,1.6497130000000002,2.406394,6.162045,0,2591700,17.55397,Delay-insensitive,2,3.5
376500,ahQ3CzAAVsCYH5b3rrDzuWITEycgMzRd/gwj5oNcIf7vCOHEGK/Q5B/Gnkw/mvwJ,1.830832,2.202862,2.716945,0,2591700,17.55397,Delay-insensitive,2,3.5
376800,ahQ3CzAAVsCYH5b3rrDzuWITEycgMzRd/gwj5oNcIf7vCOHEGK/Q5B/Gnkw/mvwJ,1.512032,2.128153,2.759122,0,2591700,17.55397,Delay-insensitive,2,3.5
377100,ahQ3CzAAVsCYH5b3rrDzuWITEycgMzRd/gwj5oNcIf7vCOHEGK/Q5B/Gnkw/mvwJ,1.746089,2.05772,2.566328,0,2591700,17.55397,Delay-insensitive,2,3.5
377400,ahQ3CzAAVsCYH5b3rrDzuWITEycgMzRd/gwj5oNcIf7vCOHEGK/Q5B/Gnkw/mvwJ,1.7148990000000002,2.182419,3.3224980000000004,0,2591700,17.55397,Delay-insensitive,2,3.5
377700,ahQ3CzAAVsCYH5b3rrDzuWITEycgMzRd/gwj5oNcIf7vCOHEGK/Q5B/Gnkw/mvwJ,1.868129,2.6196740000000003,5.435002,0,2591700,17.55397,Delay-insensitive,2,3.5
378000,ahQ3CzAAVsCYH5b3rrDzuWITEycgMzRd/gwj5oNcIf7vCOHEGK/Q5B/Gnkw/mvwJ,1.592205,2.684082,7.367261,0,2591700,17.55397,Delay-insensitive,2,3.5
378300,ahQ3CzAAVsCYH5b3rrDzuWITEycgMzRd/gwj5oNcIf7vCOHEGK/Q5B/Gnkw/mvwJ,1.808541,2.394014,3.460986,0,2591700,17.55397,Delay-insensitive,2,3.5
378600,ahQ3CzAAVsCYH5b3rrDzuWITEycgMzRd/gwj5oNcIf7vCOHEGK/Q5B/Gnkw/mvwJ,1.898496,2.337637,3.889675,0,2591700,17.55397,Delay-insensitive,2,3.5
378900,ahQ3CzAAVsCYH5b3rrDzuWITEycgMzRd/gwj5oNcIf7vCOHEGK/Q5B/Gnkw/mvwJ,1.838088,2.247239,3.56555,0,2591700,17.55397,Delay-insensitive,2,3.5
379200,ahQ3CzAAVsCYH5b3rrDzuWITEycgMzRd/gwj5oNcIf7vCOHEGK/Q5B/Gnkw/mvwJ,1.6624580000000002,2.248159,3.316445,0,2591700,17.55397,Delay-insensitive,2,3.5
379500,ahQ3CzAAVsCYH5b3rrDzuWITEycgMzRd/gwj5oNcIf7vCOHEGK/Q5B/Gnkw/mvwJ,1.738252,2.431087,4.595423,0,2591700,17.55397,Delay-insensitive,2,3.5
379800,ahQ3CzAAVsCYH5b3rrDzuWITEycgMzRd/gwj5oNcIf7vCOHEGK/Q5B/Gnkw/mvwJ,1.830262,2.6692560000000003,6.982088,0,2591700,17.55397,Delay-insensitive,2,3.5
380100,ahQ3CzAAVsCYH5b3rrDzuWITEycgMzRd/gwj5oNcIf7vCOHEGK/Q5B/Gnkw/mvwJ,1.786336,2.221718,2.883699,0,2591700,17.55397,Delay-insensitive,2,3.5
380400,ahQ3CzAAVsCYH5b3rrDzuWITEycgMzRd/gwj5oNcIf7vCOHEGK/Q5B/Gnkw/mvwJ,1.754673,2.2879810000000003,3.3918220000000003,0,2591700,17.55397,Delay-insensitive,2,3.5
380700,ahQ3CzAAVsCYH5b3rrDzuWITEycgMzRd/gwj5oNcIf7vCOHEGK/Q5B/Gnkw/mvwJ,1.476915,2.124269,2.633664,0,2591700,17.55397,Delay-insensitive,2,3.5
381000,ahQ3CzAAVsCYH5b3rrDzuWITEycgMzRd/gwj5oNcIf7vCOHEGK/Q5B/Gnkw/mvwJ,1.67698,2.197617,2.892586,0,2591700,17.55397,Delay-insensitive,2,3.5
381300,ahQ3CzAAVsCYH5b3rrDzuWITEycgMzRd/gwj5oNcIf7vCOHEGK/Q5B/Gnkw/mvwJ,1.835388,2.512645,6.560933,0,2591700,17.55397,Delay-insensitive,2,3.5
381600,ahQ3CzAAVsCYH5b3rrDzuWITEycgMzRd/gwj5oNcIf7vCOHEGK/Q5B/Gnkw/mvwJ,1.821125,2.799633,6.9766710000000005,0,2591700,17.55397,Delay-insensitive,2,3.5
381900,ahQ3CzAAVsCYH5b3rrDzuWITEycgMzRd/gwj5oNcIf7vCOHEGK/Q5B/Gnkw/mvwJ,1.719294,2.214253,2.942431,0,2591700,17.55397,Delay-insensitive,2,3.5
382200,ahQ3CzAAVsCYH5b3rrDzuWITEycgMzRd/gwj5oNcIf7vCOHEGK/Q5B/Gnkw/mvwJ,1.781707,2.293037,3.153085,0,2591700,17.55397,Delay-insensitive,2,3.5
382500,ahQ3CzAAVsCYH5b3rrDzuWITEycgMzRd/gwj5oNcIf7vCOHEGK/Q5B/Gnkw/mvwJ,1.807516,2.258483,2.765765,0,2591700,17.55397,Delay-insensitive,2,3.5
382800,ahQ3CzAAVsCYH5b3rrDzuWITEycgMzRd/gwj5oNcIf7vCOHEGK/Q5B/Gnkw/mvwJ,1.498457,2.142946,3.024751,0,2591700,17.55397,Delay-insensitive,2,3.5
383100,ahQ3CzAAVsCYH5b3rrDzuWITEycgMzRd/gwj5oNcIf7vCOHEGK/Q5B/Gnkw/mvwJ,1.723381,2.2373990000000004,3.184226,0,2591700,17.55397,Delay-insensitive,2,3.5
383400,ahQ3CzAAVsCYH5b3rrDzuWITEycgMzRd/gwj5oNcIf7vCOHEGK/Q5B/Gnkw/mvwJ,1.062175,2.585109,7.636417999999999,0,2591700,17.55397,Delay-insensitive,2,3.5
383700,ahQ3CzAAVsCYH5b3rrDzuWITEycgMzRd/gwj5oNcIf7vCOHEGK/Q5B/Gnkw/mvwJ,1.791021,2.325037,2.992105,0,2591700,17.55397,Delay-insensitive,2,3.5
384000,ahQ3CzAAVsCYH5b3rrDzuWITEycgMzRd/gwj5oNcIf7vCOHEGK/Q5B/Gnkw/mvwJ,1.868394,2.199589,3.721242,0,2591700,17.55397,Delay-insensitive,2,3.5
384300,ahQ3CzAAVsCYH5b3rrDzuWITEycgMzRd/gwj5oNcIf7vCOHEGK/Q5B/Gnkw/mvwJ,1.846324,2.439839,5.201146,0,2591700,17.55397,Delay-insensitive,2,3.5
384600,ahQ3CzAAVsCYH5b3rrDzuWITEycgMzRd/gwj5oNcIf7vCOHEGK/Q5B/Gnkw/mvwJ,1.6881130000000002,2.206226,2.99168,0,2591700,17.55397,Delay-insensitive,2,3.5
384900,ahQ3CzAAVsCYH5b3rrDzuWITEycgMzRd/gwj5oNcIf7vCOHEGK/Q5B/Gnkw/mvwJ,1.354722,2.402928,4.412355000000001,0,2591700,17.55397,Delay-insensitive,2,3.5
385200,ahQ3CzAAVsCYH5b3rrDzuWITEycgMzRd/gwj5oNcIf7vCOHEGK/Q5B/Gnkw/mvwJ,1.864711,4.082573,11.435089,0,2591700,17.55397,Delay-insensitive,2,3.5
385500,ahQ3CzAAVsCYH5b3rrDzuWITEycgMzRd/gwj5oNcIf7vCOHEGK/Q5B/Gnkw/mvwJ,1.764315,2.211444,2.800744,0,2591700,17.55397,Delay-insensitive,2,3.5
385800,ahQ3CzAAVsCYH5b3rrDzuWITEycgMzRd/gwj5oNcIf7vCOHEGK/Q5B/Gnkw/mvwJ,1.822304,2.220409,2.920828,0,2591700,17.55397,Delay-insensitive,2,3.5
386100,ahQ3CzAAVsCYH5b3rrDzuWITEycgMzRd/gwj5oNcIf7vCOHEGK/Q5B/Gnkw/mvwJ,0.885697,2.099654,2.768969,0,2591700,17.55397,Delay-insensitive,2,3.5
386400,ahQ3CzAAVsCYH5b3rrDzuWITEycgMzRd/gwj5oNcIf7vCOHEGK/Q5B/Gnkw/mvwJ,1.714457,2.190599,3.010252,0,2591700,17.55397,Delay-insensitive,2,3.5
386700,ahQ3CzAAVsCYH5b3rrDzuWITEycgMzRd/gwj5oNcIf7vCOHEGK/Q5B/Gnkw/mvwJ,1.827199,2.226093,2.951221,0,2591700,17.55397,Delay-insensitive,2,3.5
387000,ahQ3CzAAVsCYH5b3rrDzuWITEycgMzRd/gwj5oNcIf7vCOHEGK/Q5B/Gnkw/mvwJ,1.537724,2.681287,7.599642,0,2591700,17.55397,Delay-insensitive,2,3.5
387300,ahQ3CzAAVsCYH5b3rrDzuWITEycgMzRd/gwj5oNcIf7vCOHEGK/Q5B/Gnkw/mvwJ,1.775413,2.286276,3.053596,0,2591700,17.55397,Delay-insensitive,2,3.5
387600,ahQ3CzAAVsCYH5b3rrDzuWITEycgMzRd/gwj5oNcIf7vCOHEGK/Q5B/Gnkw/mvwJ,1.418871,2.11534,3.110957,0,2591700,17.55397,Delay-insensitive,2,3.5
387900,ahQ3CzAAVsCYH5b3rrDzuWITEycgMzRd/gwj5oNcIf7vCOHEGK/Q5B/Gnkw/mvwJ,1.855293,2.272323,2.821864,0,2591700,17.55397,Delay-insensitive,2,3.5
388200,ahQ3CzAAVsCYH5b3rrDzuWITEycgMzRd/gwj5oNcIf7vCOHEGK/Q5B/Gnkw/mvwJ,1.702195,2.115943,2.926992,0,2591700,17.55397,Delay-insensitive,2,3.5
388500,ahQ3CzAAVsCYH5b3rrDzuWITEycgMzRd/gwj5oNcIf7vCOHEGK/Q5B/Gnkw/mvwJ,1.856962,2.481785,4.415615,0,2591700,17.55397,Delay-insensitive,2,3.5
388800,ahQ3CzAAVsCYH5b3rrDzuWITEycgMzRd/gwj5oNcIf7vCOHEGK/Q5B/Gnkw/mvwJ,1.335446,2.695775,7.849237,0,2591700,17.55397,Delay-insensitive,2,3.5
389100,ahQ3CzAAVsCYH5b3rrDzuWITEycgMzRd/gwj5oNcIf7vCOHEGK/Q5B/Gnkw/mvwJ,1.883735,2.300337,2.872753,0,2591700,17.55397,Delay-insensitive,2,3.5
389400,ahQ3CzAAVsCYH5b3rrDzuWITEycgMzRd/gwj5oNcIf7vCOHEGK/Q5B/Gnkw/mvwJ,1.8634580000000005,2.211857,2.756214,0,2591700,17.55397,Delay-insensitive,2,3.5
389700,ahQ3CzAAVsCYH5b3rrDzuWITEycgMzRd/gwj5oNcIf7vCOHEGK/Q5B/Gnkw/mvwJ,1.82851,2.196548,2.7696240000000003,0,2591700,17.55397,Delay-insensitive,2,3.5
390000,ahQ3CzAAVsCYH5b3rrDzuWITEycgMzRd/gwj5oNcIf7vCOHEGK/Q5B/Gnkw/mvwJ,1.776368,2.192388,2.63062,0,2591700,17.55397,Delay-insensitive,2,3.5
390300,ahQ3CzAAVsCYH5b3rrDzuWITEycgMzRd/gwj5oNcIf7vCOHEGK/Q5B/Gnkw/mvwJ,1.636741,2.135542,2.678288,0,2591700,17.55397,Delay-insensitive,2,3.5
390600,ahQ3CzAAVsCYH5b3rrDzuWITEycgMzRd/gwj5oNcIf7vCOHEGK/Q5B/Gnkw/mvwJ,1.783702,2.79944,8.09688,0,2591700,17.55397,Delay-insensitive,2,3.5
390900,ahQ3CzAAVsCYH5b3rrDzuWITEycgMzRd/gwj5oNcIf7vCOHEGK/Q5B/Gnkw/mvwJ,1.756156,2.208838,3.007053,0,2591700,17.55397,Delay-insensitive,2,3.5
391200,ahQ3CzAAVsCYH5b3rrDzuWITEycgMzRd/gwj5oNcIf7vCOHEGK/Q5B/Gnkw/mvwJ,1.822582,2.202693,2.767523,0,2591700,17.55397,Delay-insensitive,2,3.5
391500,ahQ3CzAAVsCYH5b3rrDzuWITEycgMzRd/gwj5oNcIf7vCOHEGK/Q5B/Gnkw/mvwJ,0.951472,2.106993,2.960169,0,2591700,17.55397,Delay-insensitive,2,3.5
391800,ahQ3CzAAVsCYH5b3rrDzuWITEycgMzRd/gwj5oNcIf7vCOHEGK/Q5B/Gnkw/mvwJ,1.704925,2.1983,3.2287220000000003,0,2591700,17.55397,Delay-insensitive,2,3.5
392100,ahQ3CzAAVsCYH5b3rrDzuWITEycgMzRd/gwj5oNcIf7vCOHEGK/Q5B/Gnkw/mvwJ,1.813591,2.4595290000000003,5.244614,0,2591700,17.55397,Delay-insensitive,2,3.5
392400,ahQ3CzAAVsCYH5b3rrDzuWITEycgMzRd/gwj5oNcIf7vCOHEGK/Q5B/Gnkw/mvwJ,1.723809,2.662239,6.841006,0,2591700,17.55397,Delay-insensitive,2,3.5
392700,ahQ3CzAAVsCYH5b3rrDzuWITEycgMzRd/gwj5oNcIf7vCOHEGK/Q5B/Gnkw/mvwJ,1.796923,2.250619,3.200445,0,2591700,17.55397,Delay-insensitive,2,3.5
393000,ahQ3CzAAVsCYH5b3rrDzuWITEycgMzRd/gwj5oNcIf7vCOHEGK/Q5B/Gnkw/mvwJ,1.410964,2.146647,3.103077,0,2591700,17.55397,Delay-insensitive,2,3.5
393300,ahQ3CzAAVsCYH5b3rrDzuWITEycgMzRd/gwj5oNcIf7vCOHEGK/Q5B/Gnkw/mvwJ,1.77285,2.237001,2.949374,0,2591700,17.55397,Delay-insensitive,2,3.5
393600,ahQ3CzAAVsCYH5b3rrDzuWITEycgMzRd/gwj5oNcIf7vCOHEGK/Q5B/Gnkw/mvwJ,1.06851,2.059239,2.61462,0,2591700,17.55397,Delay-insensitive,2,3.5
393900,ahQ3CzAAVsCYH5b3rrDzuWITEycgMzRd/gwj5oNcIf7vCOHEGK/Q5B/Gnkw/mvwJ,1.887505,2.244678,2.790924,0,2591700,17.55397,Delay-insensitive,2,3.5
394200,ahQ3CzAAVsCYH5b3rrDzuWITEycgMzRd/gwj5oNcIf7vCOHEGK/Q5B/Gnkw/mvwJ,1.491658,2.618259,7.134419,0,2591700,17.55397,Delay-insensitive,2,3.5
394500,ahQ3CzAAVsCYH5b3rrDzuWITEycgMzRd/gwj5oNcIf7vCOHEGK/Q5B/Gnkw/mvwJ,0.936489,2.113268,3.004658,0,2591700,17.55397,Delay-insensitive,2,3.5
394800,ahQ3CzAAVsCYH5b3rrDzuWITEycgMzRd/gwj5oNcIf7vCOHEGK/Q5B/Gnkw/mvwJ,1.978292,2.270271,2.806059,0,2591700,17.55397,Delay-insensitive,2,3.5
395100,ahQ3CzAAVsCYH5b3rrDzuWITEycgMzRd/gwj5oNcIf7vCOHEGK/Q5B/Gnkw/mvwJ,1.769207,2.195771,2.698258,0,2591700,17.55397,Delay-insensitive,2,3.5
395400,ahQ3CzAAVsCYH5b3rrDzuWITEycgMzRd/gwj5oNcIf7vCOHEGK/Q5B/Gnkw/mvwJ,1.812117,2.2338240000000003,3.046826,0,2591700,17.55397,Delay-insensitive,2,3.5
395700,ahQ3CzAAVsCYH5b3rrDzuWITEycgMzRd/gwj5oNcIf7vCOHEGK/Q5B/Gnkw/mvwJ,1.232534,2.306028,3.488357,0,2591700,17.55397,Delay-insensitive,2,3.5
396000,ahQ3CzAAVsCYH5b3rrDzuWITEycgMzRd/gwj5oNcIf7vCOHEGK/Q5B/Gnkw/mvwJ,1.941003,2.957939,8.459923,0,2591700,17.55397,Delay-insensitive,2,3.5
396300,ahQ3CzAAVsCYH5b3rrDzuWITEycgMzRd/gwj5oNcIf7vCOHEGK/Q5B/Gnkw/mvwJ,1.278895,2.09013,2.599138,0,2591700,17.55397,Delay-insensitive,2,3.5
396600,ahQ3CzAAVsCYH5b3rrDzuWITEycgMzRd/gwj5oNcIf7vCOHEGK/Q5B/Gnkw/mvwJ,1.884367,2.226151,2.90345,0,2591700,17.55397,Delay-insensitive,2,3.5
396900,ahQ3CzAAVsCYH5b3rrDzuWITEycgMzRd/gwj5oNcIf7vCOHEGK/Q5B/Gnkw/mvwJ,1.74203,2.232724,2.849615,0,2591700,17.55397,Delay-insensitive,2,3.5
397200,ahQ3CzAAVsCYH5b3rrDzuWITEycgMzRd/gwj5oNcIf7vCOHEGK/Q5B/Gnkw/mvwJ,1.428797,2.183194,3.1405990000000004,0,2591700,17.55397,Delay-insensitive,2,3.5
397500,ahQ3CzAAVsCYH5b3rrDzuWITEycgMzRd/gwj5oNcIf7vCOHEGK/Q5B/Gnkw/mvwJ,1.845943,2.284276,2.803961,0,2591700,17.55397,Delay-insensitive,2,3.5
397800,ahQ3CzAAVsCYH5b3rrDzuWITEycgMzRd/gwj5oNcIf7vCOHEGK/Q5B/Gnkw/mvwJ,1.370249,2.618336,6.923615,0,2591700,17.55397,Delay-insensitive,2,3.5
398100,ahQ3CzAAVsCYH5b3rrDzuWITEycgMzRd/gwj5oNcIf7vCOHEGK/Q5B/Gnkw/mvwJ,1.812658,2.234503,3.239792,0,2591700,17.55397,Delay-insensitive,2,3.5
398400,ahQ3CzAAVsCYH5b3rrDzuWITEycgMzRd/gwj5oNcIf7vCOHEGK/Q5B/Gnkw/mvwJ,1.763722,2.24176,2.981755,0,2591700,17.55397,Delay-insensitive,2,3.5
398700,ahQ3CzAAVsCYH5b3rrDzuWITEycgMzRd/gwj5oNcIf7vCOHEGK/Q5B/Gnkw/mvwJ,1.855417,2.228757,2.925408,0,2591700,17.55397,Delay-insensitive,2,3.5
399000,ahQ3CzAAVsCYH5b3rrDzuWITEycgMzRd/gwj5oNcIf7vCOHEGK/Q5B/Gnkw/mvwJ,1.634486,2.128212,2.710812,0,2591700,17.55397,Delay-insensitive,2,3.5
399300,ahQ3CzAAVsCYH5b3rrDzuWITEycgMzRd/gwj5oNcIf7vCOHEGK/Q5B/Gnkw/mvwJ,1.81216,2.320985,2.987587,0,2591700,17.55397,Delay-insensitive,2,3.5
399600,ahQ3CzAAVsCYH5b3rrDzuWITEycgMzRd/gwj5oNcIf7vCOHEGK/Q5B/Gnkw/mvwJ,1.7872830000000002,3.97299,13.119732,0,2591700,17.55397,Delay-insensitive,2,3.5
399900,ahQ3CzAAVsCYH5b3rrDzuWITEycgMzRd/gwj5oNcIf7vCOHEGK/Q5B/Gnkw/mvwJ,1.853939,8.996982000000001,70.803189,0,2591700,17.55397,Delay-insensitive,2,3.5
400200,ahQ3CzAAVsCYH5b3rrDzuWITEycgMzRd/gwj5oNcIf7vCOHEGK/Q5B/Gnkw/mvwJ,1.930691,4.436122,23.45867,0,2591700,17.55397,Delay-insensitive,2,3.5
400500,ahQ3CzAAVsCYH5b3rrDzuWITEycgMzRd/gwj5oNcIf7vCOHEGK/Q5B/Gnkw/mvwJ,1.843226,2.267664,2.967715,0,2591700,17.55397,Delay-insensitive,2,3.5
400800,ahQ3CzAAVsCYH5b3rrDzuWITEycgMzRd/gwj5oNcIf7vCOHEGK/Q5B/Gnkw/mvwJ,1.746215,2.21697,2.894396,0,2591700,17.55397,Delay-insensitive,2,3.5
401100,ahQ3CzAAVsCYH5b3rrDzuWITEycgMzRd/gwj5oNcIf7vCOHEGK/Q5B/Gnkw/mvwJ,1.610067,2.419579,3.08429,0,2591700,17.55397,Delay-insensitive,2,3.5
401400,ahQ3CzAAVsCYH5b3rrDzuWITEycgMzRd/gwj5oNcIf7vCOHEGK/Q5B/Gnkw/mvwJ,1.718584,2.729567,7.25742,0,2591700,17.55397,Delay-insensitive,2,3.5
401700,ahQ3CzAAVsCYH5b3rrDzuWITEycgMzRd/gwj5oNcIf7vCOHEGK/Q5B/Gnkw/mvwJ,1.6306889999999998,2.204925,3.104275,0,2591700,17.55397,Delay-insensitive,2,3.5
402000,ahQ3CzAAVsCYH5b3rrDzuWITEycgMzRd/gwj5oNcIf7vCOHEGK/Q5B/Gnkw/mvwJ,1.77788,2.27923,2.985983,0,2591700,17.55397,Delay-insensitive,2,3.5
402300,ahQ3CzAAVsCYH5b3rrDzuWITEycgMzRd/gwj5oNcIf7vCOHEGK/Q5B/Gnkw/mvwJ,1.492305,2.197302,2.79637,0,2591700,17.55397,Delay-insensitive,2,3.5
402600,ahQ3CzAAVsCYH5b3rrDzuWITEycgMzRd/gwj5oNcIf7vCOHEGK/Q5B/Gnkw/mvwJ,1.788556,2.319405,4.20078,0,2591700,17.55397,Delay-insensitive,2,3.5
402900,ahQ3CzAAVsCYH5b3rrDzuWITEycgMzRd/gwj5oNcIf7vCOHEGK/Q5B/Gnkw/mvwJ,1.825399,2.290581,2.978414,0,2591700,17.55397,Delay-insensitive,2,3.5
403200,ahQ3CzAAVsCYH5b3rrDzuWITEycgMzRd/gwj5oNcIf7vCOHEGK/Q5B/Gnkw/mvwJ,1.431041,2.862704,10.106109,0,2591700,17.55397,Delay-insensitive,2,3.5
403500,ahQ3CzAAVsCYH5b3rrDzuWITEycgMzRd/gwj5oNcIf7vCOHEGK/Q5B/Gnkw/mvwJ,1.7901169999999995,5.457175,44.513404,0,2591700,17.55397,Delay-insensitive,2,3.5
403800,ahQ3CzAAVsCYH5b3rrDzuWITEycgMzRd/gwj5oNcIf7vCOHEGK/Q5B/Gnkw/mvwJ,1.797044,6.310398,61.306616000000005,0,2591700,17.55397,Delay-insensitive,2,3.5
404100,ahQ3CzAAVsCYH5b3rrDzuWITEycgMzRd/gwj5oNcIf7vCOHEGK/Q5B/Gnkw/mvwJ,1.7678759999999998,2.201703,2.779254,0,2591700,17.55397,Delay-insensitive,2,3.5
404400,ahQ3CzAAVsCYH5b3rrDzuWITEycgMzRd/gwj5oNcIf7vCOHEGK/Q5B/Gnkw/mvwJ,1.747196,2.154443,2.925059,0,2591700,17.55397,Delay-insensitive,2,3.5
404700,ahQ3CzAAVsCYH5b3rrDzuWITEycgMzRd/gwj5oNcIf7vCOHEGK/Q5B/Gnkw/mvwJ,1.903691,2.295201,3.08174,0,2591700,17.55397,Delay-insensitive,2,3.5
405000,ahQ3CzAAVsCYH5b3rrDzuWITEycgMzRd/gwj5oNcIf7vCOHEGK/Q5B/Gnkw/mvwJ,1.764507,2.573354,5.751403,0,2591700,17.55397,Delay-insensitive,2,3.5
405300,ahQ3CzAAVsCYH5b3rrDzuWITEycgMzRd/gwj5oNcIf7vCOHEGK/Q5B/Gnkw/mvwJ,1.944022,2.408274,4.485442,0,2591700,17.55397,Delay-insensitive,2,3.5
405600,ahQ3CzAAVsCYH5b3rrDzuWITEycgMzRd/gwj5oNcIf7vCOHEGK/Q5B/Gnkw/mvwJ,1.705225,2.293005,2.904672,0,2591700,17.55397,Delay-insensitive,2,3.5
405900,ahQ3CzAAVsCYH5b3rrDzuWITEycgMzRd/gwj5oNcIf7vCOHEGK/Q5B/Gnkw/mvwJ,1.903692,2.690392,6.894452,0,2591700,17.55397,Delay-insensitive,2,3.5
406200,ahQ3CzAAVsCYH5b3rrDzuWITEycgMzRd/gwj5oNcIf7vCOHEGK/Q5B/Gnkw/mvwJ,1.792256,2.241017,2.942801,0,2591700,17.55397,Delay-insensitive,2,3.5
406500,ahQ3CzAAVsCYH5b3rrDzuWITEycgMzRd/gwj5oNcIf7vCOHEGK/Q5B/Gnkw/mvwJ,1.532067,2.320841,2.885183,0,2591700,17.55397,Delay-insensitive,2,3.5
406800,ahQ3CzAAVsCYH5b3rrDzuWITEycgMzRd/gwj5oNcIf7vCOHEGK/Q5B/Gnkw/mvwJ,1.929292,3.067727,7.731482000000001,0,2591700,17.55397,Delay-insensitive,2,3.5
407100,ahQ3CzAAVsCYH5b3rrDzuWITEycgMzRd/gwj5oNcIf7vCOHEGK/Q5B/Gnkw/mvwJ,1.88004,2.242697,2.878923,0,2591700,17.55397,Delay-insensitive,2,3.5
407400,ahQ3CzAAVsCYH5b3rrDzuWITEycgMzRd/gwj5oNcIf7vCOHEGK/Q5B/Gnkw/mvwJ,1.69745,2.276969,3.024727,0,2591700,17.55397,Delay-insensitive,2,3.5
407700,ahQ3CzAAVsCYH5b3rrDzuWITEycgMzRd/gwj5oNcIf7vCOHEGK/Q5B/Gnkw/mvwJ,1.803091,2.325044,3.241121,0,2591700,17.55397,Delay-insensitive,2,3.5
408000,ahQ3CzAAVsCYH5b3rrDzuWITEycgMzRd/gwj5oNcIf7vCOHEGK/Q5B/Gnkw/mvwJ,1.80105,2.1773,2.747068,0,2591700,17.55397,Delay-insensitive,2,3.5
408300,ahQ3CzAAVsCYH5b3rrDzuWITEycgMzRd/gwj5oNcIf7vCOHEGK/Q5B/Gnkw/mvwJ,1.070949,2.229684,3.044037,0,2591700,17.55397,Delay-insensitive,2,3.5
408600,ahQ3CzAAVsCYH5b3rrDzuWITEycgMzRd/gwj5oNcIf7vCOHEGK/Q5B/Gnkw/mvwJ,1.56177,2.683385,6.772047,0,2591700,17.55397,Delay-insensitive,2,3.5
408900,ahQ3CzAAVsCYH5b3rrDzuWITEycgMzRd/gwj5oNcIf7vCOHEGK/Q5B/Gnkw/mvwJ,1.850711,2.187706,2.810684,0,2591700,17.55397,Delay-insensitive,2,3.5
409200,ahQ3CzAAVsCYH5b3rrDzuWITEycgMzRd/gwj5oNcIf7vCOHEGK/Q5B/Gnkw/mvwJ,0.669602,1.826056,2.653824,0,2591700,17.55397,Delay-insensitive,2,3.5
409500,ahQ3CzAAVsCYH5b3rrDzuWITEycgMzRd/gwj5oNcIf7vCOHEGK/Q5B/Gnkw/mvwJ,1.389043,1.821816,2.881271,0,2591700,17.55397,Delay-insensitive,2,3.5
409800,ahQ3CzAAVsCYH5b3rrDzuWITEycgMzRd/gwj5oNcIf7vCOHEGK/Q5B/Gnkw/mvwJ,1.243758,1.726643,2.257662,0,2591700,17.55397,Delay-insensitive,2,3.5
410100,ahQ3CzAAVsCYH5b3rrDzuWITEycgMzRd/gwj5oNcIf7vCOHEGK/Q5B/Gnkw/mvwJ,1.372835,1.849276,2.508221,0,2591700,17.55397,Delay-insensitive,2,3.5
410400,ahQ3CzAAVsCYH5b3rrDzuWITEycgMzRd/gwj5oNcIf7vCOHEGK/Q5B/Gnkw/mvwJ,1.370172,2.561932,6.116984,0,2591700,17.55397,Delay-insensitive,2,3.5
410700,ahQ3CzAAVsCYH5b3rrDzuWITEycgMzRd/gwj5oNcIf7vCOHEGK/Q5B/Gnkw/mvwJ,1.563795,2.154893,3.700281,0,2591700,17.55397,Delay-insensitive,2,3.5
411000,ahQ3CzAAVsCYH5b3rrDzuWITEycgMzRd/gwj5oNcIf7vCOHEGK/Q5B/Gnkw/mvwJ,0.737849,2.169356,3.216353,0,2591700,17.55397,Delay-insensitive,2,3.5
411300,ahQ3CzAAVsCYH5b3rrDzuWITEycgMzRd/gwj5oNcIf7vCOHEGK/Q5B/Gnkw/mvwJ,1.680111,2.146122,3.405073,0,2591700,17.55397,Delay-insensitive,2,3.5
411600,ahQ3CzAAVsCYH5b3rrDzuWITEycgMzRd/gwj5oNcIf7vCOHEGK/Q5B/Gnkw/mvwJ,1.80984,2.245274,2.73181,0,2591700,17.55397,Delay-insensitive,2,3.5
411900,ahQ3CzAAVsCYH5b3rrDzuWITEycgMzRd/gwj5oNcIf7vCOHEGK/Q5B/Gnkw/mvwJ,0.790383,2.251018,3.106307,0,2591700,17.55397,Delay-insensitive,2,3.5
412200,ahQ3CzAAVsCYH5b3rrDzuWITEycgMzRd/gwj5oNcIf7vCOHEGK/Q5B/Gnkw/mvwJ,1.737773,2.703661,5.988894999999999,0,2591700,17.55397,Delay-insensitive,2,3.5
412500,ahQ3CzAAVsCYH5b3rrDzuWITEycgMzRd/gwj5oNcIf7vCOHEGK/Q5B/Gnkw/mvwJ,1.466758,2.119357,2.703664,0,2591700,17.55397,Delay-insensitive,2,3.5
412800,ahQ3CzAAVsCYH5b3rrDzuWITEycgMzRd/gwj5oNcIf7vCOHEGK/Q5B/Gnkw/mvwJ,1.57663,2.242923,3.109343,0,2591700,17.55397,Delay-insensitive,2,3.5
413100,ahQ3CzAAVsCYH5b3rrDzuWITEycgMzRd/gwj5oNcIf7vCOHEGK/Q5B/Gnkw/mvwJ,1.806614,2.239638,3.366111,0,2591700,17.55397,Delay-insensitive,2,3.5
413400,ahQ3CzAAVsCYH5b3rrDzuWITEycgMzRd/gwj5oNcIf7vCOHEGK/Q5B/Gnkw/mvwJ,1.798927,2.155933,2.788173,0,2591700,17.55397,Delay-insensitive,2,3.5
413700,ahQ3CzAAVsCYH5b3rrDzuWITEycgMzRd/gwj5oNcIf7vCOHEGK/Q5B/Gnkw/mvwJ,0.629993,2.204521,2.96257,0,2591700,17.55397,Delay-insensitive,2,3.5
414000,ahQ3CzAAVsCYH5b3rrDzuWITEycgMzRd/gwj5oNcIf7vCOHEGK/Q5B/Gnkw/mvwJ,1.810687,3.0126150000000003,6.957101,0,2591700,17.55397,Delay-insensitive,2,3.5
414300,ahQ3CzAAVsCYH5b3rrDzuWITEycgMzRd/gwj5oNcIf7vCOHEGK/Q5B/Gnkw/mvwJ,1.852386,2.209062,2.720769,0,2591700,17.55397,Delay-insensitive,2,3.5
414600,ahQ3CzAAVsCYH5b3rrDzuWITEycgMzRd/gwj5oNcIf7vCOHEGK/Q5B/Gnkw/mvwJ,0.80961,2.156801,3.006528,0,2591700,17.55397,Delay-insensitive,2,3.5
414900,ahQ3CzAAVsCYH5b3rrDzuWITEycgMzRd/gwj5oNcIf7vCOHEGK/Q5B/Gnkw/mvwJ,1.753929,2.158419,2.875068,0,2591700,17.55397,Delay-insensitive,2,3.5
415200,ahQ3CzAAVsCYH5b3rrDzuWITEycgMzRd/gwj5oNcIf7vCOHEGK/Q5B/Gnkw/mvwJ,1.666051,2.198896,2.761989,0,2591700,17.55397,Delay-insensitive,2,3.5
415500,ahQ3CzAAVsCYH5b3rrDzuWITEycgMzRd/gwj5oNcIf7vCOHEGK/Q5B/Gnkw/mvwJ,1.762075,2.289581,2.9587,0,2591700,17.55397,Delay-insensitive,2,3.5
415800,ahQ3CzAAVsCYH5b3rrDzuWITEycgMzRd/gwj5oNcIf7vCOHEGK/Q5B/Gnkw/mvwJ,1.420631,2.57734,5.944382,0,2591700,17.55397,Delay-insensitive,2,3.5
416100,ahQ3CzAAVsCYH5b3rrDzuWITEycgMzRd/gwj5oNcIf7vCOHEGK/Q5B/Gnkw/mvwJ,1.862896,2.247701,2.750755,0,2591700,17.55397,Delay-insensitive,2,3.5
416400,ahQ3CzAAVsCYH5b3rrDzuWITEycgMzRd/gwj5oNcIf7vCOHEGK/Q5B/Gnkw/mvwJ,0.8820620000000001,2.232894,3.036757,0,2591700,17.55397,Delay-insensitive,2,3.5
416700,ahQ3CzAAVsCYH5b3rrDzuWITEycgMzRd/gwj5oNcIf7vCOHEGK/Q5B/Gnkw/mvwJ,1.474942,2.1350740000000004,2.70735,0,2591700,17.55397,Delay-insensitive,2,3.5
417000,ahQ3CzAAVsCYH5b3rrDzuWITEycgMzRd/gwj5oNcIf7vCOHEGK/Q5B/Gnkw/mvwJ,1.76469,2.24543,2.918636,0,2591700,17.55397,Delay-insensitive,2,3.5
417300,ahQ3CzAAVsCYH5b3rrDzuWITEycgMzRd/gwj5oNcIf7vCOHEGK/Q5B/Gnkw/mvwJ,1.28223,2.297792,3.289795,0,2591700,17.55397,Delay-insensitive,2,3.5
417600,ahQ3CzAAVsCYH5b3rrDzuWITEycgMzRd/gwj5oNcIf7vCOHEGK/Q5B/Gnkw/mvwJ,1.7682369999999998,3.0339270000000003,6.625103999999999,0,2591700,17.55397,Delay-insensitive,2,3.5
417900,ahQ3CzAAVsCYH5b3rrDzuWITEycgMzRd/gwj5oNcIf7vCOHEGK/Q5B/Gnkw/mvwJ,1.826873,2.298006,2.780443,0,2591700,17.55397,Delay-insensitive,2,3.5
418200,ahQ3CzAAVsCYH5b3rrDzuWITEycgMzRd/gwj5oNcIf7vCOHEGK/Q5B/Gnkw/mvwJ,1.7787580000000005,2.3110470000000003,3.01961,0,2591700,17.55397,Delay-insensitive,2,3.5
418500,ahQ3CzAAVsCYH5b3rrDzuWITEycgMzRd/gwj5oNcIf7vCOHEGK/Q5B/Gnkw/mvwJ,1.739109,2.180348,2.95501,0,2591700,17.55397,Delay-insensitive,2,3.5
418800,ahQ3CzAAVsCYH5b3rrDzuWITEycgMzRd/gwj5oNcIf7vCOHEGK/Q5B/Gnkw/mvwJ,1.858971,2.247949,3.096484,0,2591700,17.55397,Delay-insensitive,2,3.5
419100,ahQ3CzAAVsCYH5b3rrDzuWITEycgMzRd/gwj5oNcIf7vCOHEGK/Q5B/Gnkw/mvwJ,1.779516,2.276008,2.973207,0,2591700,17.55397,Delay-insensitive,2,3.5
419400,ahQ3CzAAVsCYH5b3rrDzuWITEycgMzRd/gwj5oNcIf7vCOHEGK/Q5B/Gnkw/mvwJ,1.810637,2.731782,6.04133,0,2591700,17.55397,Delay-insensitive,2,3.5
419700,ahQ3CzAAVsCYH5b3rrDzuWITEycgMzRd/gwj5oNcIf7vCOHEGK/Q5B/Gnkw/mvwJ,1.725572,2.2583330000000004,3.221299,0,2591700,17.55397,Delay-insensitive,2,3.5
420000,ahQ3CzAAVsCYH5b3rrDzuWITEycgMzRd/gwj5oNcIf7vCOHEGK/Q5B/Gnkw/mvwJ,0.953122,2.182012,2.80912,0,2591700,17.55397,Delay-insensitive,2,3.5
420300,ahQ3CzAAVsCYH5b3rrDzuWITEycgMzRd/gwj5oNcIf7vCOHEGK/Q5B/Gnkw/mvwJ,1.783635,2.173861,2.776185,0,2591700,17.55397,Delay-insensitive,2,3.5
420600,ahQ3CzAAVsCYH5b3rrDzuWITEycgMzRd/gwj5oNcIf7vCOHEGK/Q5B/Gnkw/mvwJ,1.831569,2.33467,3.4860290000000003,0,2591700,17.55397,Delay-insensitive,2,3.5
420900,ahQ3CzAAVsCYH5b3rrDzuWITEycgMzRd/gwj5oNcIf7vCOHEGK/Q5B/Gnkw/mvwJ,1.843127,2.300419,2.877117,0,2591700,17.55397,Delay-insensitive,2,3.5
421200,ahQ3CzAAVsCYH5b3rrDzuWITEycgMzRd/gwj5oNcIf7vCOHEGK/Q5B/Gnkw/mvwJ,1.610162,2.921263,7.433762,0,2591700,17.55397,Delay-insensitive,2,3.5
421500,ahQ3CzAAVsCYH5b3rrDzuWITEycgMzRd/gwj5oNcIf7vCOHEGK/Q5B/Gnkw/mvwJ,1.839604,2.293464,3.208005,0,2591700,17.55397,Delay-insensitive,2,3.5
421800,ahQ3CzAAVsCYH5b3rrDzuWITEycgMzRd/gwj5oNcIf7vCOHEGK/Q5B/Gnkw/mvwJ,1.298173,2.154203,3.499966,0,2591700,17.55397,Delay-insensitive,2,3.5
422100,ahQ3CzAAVsCYH5b3rrDzuWITEycgMzRd/gwj5oNcIf7vCOHEGK/Q5B/Gnkw/mvwJ,0.99963,2.148136,2.983611,0,2591700,17.55397,Delay-insensitive,2,3.5
422400,ahQ3CzAAVsCYH5b3rrDzuWITEycgMzRd/gwj5oNcIf7vCOHEGK/Q5B/Gnkw/mvwJ,1.7364419999999998,2.23919,3.117583,0,2591700,17.55397,Delay-insensitive,2,3.5
422700,ahQ3CzAAVsCYH5b3rrDzuWITEycgMzRd/gwj5oNcIf7vCOHEGK/Q5B/Gnkw/mvwJ,0.777173,2.160902,3.126738,0,2591700,17.55397,Delay-insensitive,2,3.5
423000,ahQ3CzAAVsCYH5b3rrDzuWITEycgMzRd/gwj5oNcIf7vCOHEGK/Q5B/Gnkw/mvwJ,1.745112,2.662157,6.335242,0,2591700,17.55397,Delay-insensitive,2,3.5
423300,ahQ3CzAAVsCYH5b3rrDzuWITEycgMzRd/gwj5oNcIf7vCOHEGK/Q5B/Gnkw/mvwJ,1.7724349999999998,2.3136240000000003,3.018696,0,2591700,17.55397,Delay-insensitive,2,3.5
423600,ahQ3CzAAVsCYH5b3rrDzuWITEycgMzRd/gwj5oNcIf7vCOHEGK/Q5B/Gnkw/mvwJ,1.6685470000000002,2.218085,3.453232,0,2591700,17.55397,Delay-insensitive,2,3.5
423900,ahQ3CzAAVsCYH5b3rrDzuWITEycgMzRd/gwj5oNcIf7vCOHEGK/Q5B/Gnkw/mvwJ,1.487975,2.128655,2.638641,0,2591700,17.55397,Delay-insensitive,2,3.5
424200,ahQ3CzAAVsCYH5b3rrDzuWITEycgMzRd/gwj5oNcIf7vCOHEGK/Q5B/Gnkw/mvwJ,1.713368,2.219226,3.365244,0,2591700,17.55397,Delay-insensitive,2,3.5
424500,ahQ3CzAAVsCYH5b3rrDzuWITEycgMzRd/gwj5oNcIf7vCOHEGK/Q5B/Gnkw/mvwJ,1.693552,2.319736,3.681998,0,2591700,17.55397,Delay-insensitive,2,3.5
424800,ahQ3CzAAVsCYH5b3rrDzuWITEycgMzRd/gwj5oNcIf7vCOHEGK/Q5B/Gnkw/mvwJ,1.373273,2.957558,7.184705,0,2591700,17.55397,Delay-insensitive,2,3.5
425100,ahQ3CzAAVsCYH5b3rrDzuWITEycgMzRd/gwj5oNcIf7vCOHEGK/Q5B/Gnkw/mvwJ,1.799797,2.273734,3.286874,0,2591700,17.55397,Delay-insensitive,2,3.5
425400,ahQ3CzAAVsCYH5b3rrDzuWITEycgMzRd/gwj5oNcIf7vCOHEGK/Q5B/Gnkw/mvwJ,0.846327,2.20609,3.19899,0,2591700,17.55397,Delay-insensitive,2,3.5
425700,ahQ3CzAAVsCYH5b3rrDzuWITEycgMzRd/gwj5oNcIf7vCOHEGK/Q5B/Gnkw/mvwJ,1.771795,2.189411,2.843611,0,2591700,17.55397,Delay-insensitive,2,3.5
426000,ahQ3CzAAVsCYH5b3rrDzuWITEycgMzRd/gwj5oNcIf7vCOHEGK/Q5B/Gnkw/mvwJ,1.6841540000000002,2.198005,3.00702,0,2591700,17.55397,Delay-insensitive,2,3.5
426300,ahQ3CzAAVsCYH5b3rrDzuWITEycgMzRd/gwj5oNcIf7vCOHEGK/Q5B/Gnkw/mvwJ,1.7494169999999998,2.307023,3.339884,0,2591700,17.55397,Delay-insensitive,2,3.5
426600,ahQ3CzAAVsCYH5b3rrDzuWITEycgMzRd/gwj5oNcIf7vCOHEGK/Q5B/Gnkw/mvwJ,0.948484,2.519261,6.293057,0,2591700,17.55397,Delay-insensitive,2,3.5
426900,ahQ3CzAAVsCYH5b3rrDzuWITEycgMzRd/gwj5oNcIf7vCOHEGK/Q5B/Gnkw/mvwJ,1.7139799999999998,2.294537,3.797323,0,2591700,17.55397,Delay-insensitive,2,3.5
427200,ahQ3CzAAVsCYH5b3rrDzuWITEycgMzRd/gwj5oNcIf7vCOHEGK/Q5B/Gnkw/mvwJ,1.7177169999999995,2.302219,3.357211,0,2591700,17.55397,Delay-insensitive,2,3.5
427500,ahQ3CzAAVsCYH5b3rrDzuWITEycgMzRd/gwj5oNcIf7vCOHEGK/Q5B/Gnkw/mvwJ,1.7062669999999998,2.2343,2.999865,0,2591700,17.55397,Delay-insensitive,2,3.5
427800,ahQ3CzAAVsCYH5b3rrDzuWITEycgMzRd/gwj5oNcIf7vCOHEGK/Q5B/Gnkw/mvwJ,1.7995259999999995,2.253246,3.711362,0,2591700,17.55397,Delay-insensitive,2,3.5
428100,ahQ3CzAAVsCYH5b3rrDzuWITEycgMzRd/gwj5oNcIf7vCOHEGK/Q5B/Gnkw/mvwJ,0.8956360000000001,2.164352,3.043125,0,2591700,17.55397,Delay-insensitive,2,3.5
428400,ahQ3CzAAVsCYH5b3rrDzuWITEycgMzRd/gwj5oNcIf7vCOHEGK/Q5B/Gnkw/mvwJ,1.617416,2.976974,7.590113,0,2591700,17.55397,Delay-insensitive,2,3.5
428700,ahQ3CzAAVsCYH5b3rrDzuWITEycgMzRd/gwj5oNcIf7vCOHEGK/Q5B/Gnkw/mvwJ,1.817865,6.506394,32.270305,0,2591700,17.55397,Delay-insensitive,2,3.5
429000,ahQ3CzAAVsCYH5b3rrDzuWITEycgMzRd/gwj5oNcIf7vCOHEGK/Q5B/Gnkw/mvwJ,1.677431,2.488026,4.305185,0,2591700,17.55397,Delay-insensitive,2,3.5
429300,ahQ3CzAAVsCYH5b3rrDzuWITEycgMzRd/gwj5oNcIf7vCOHEGK/Q5B/Gnkw/mvwJ,0.905085,2.168585,3.184535,0,2591700,17.55397,Delay-insensitive,2,3.5
429600,ahQ3CzAAVsCYH5b3rrDzuWITEycgMzRd/gwj5oNcIf7vCOHEGK/Q5B/Gnkw/mvwJ,1.7313150000000002,2.224928,3.214401,0,2591700,17.55397,Delay-insensitive,2,3.5
429900,ahQ3CzAAVsCYH5b3rrDzuWITEycgMzRd/gwj5oNcIf7vCOHEGK/Q5B/Gnkw/mvwJ,1.763075,2.272201,3.125048,0,2591700,17.55397,Delay-insensitive,2,3.5
430200,ahQ3CzAAVsCYH5b3rrDzuWITEycgMzRd/gwj5oNcIf7vCOHEGK/Q5B/Gnkw/mvwJ,1.626144,2.718179,6.681307,0,2591700,17.55397,Delay-insensitive,2,3.5
430500,ahQ3CzAAVsCYH5b3rrDzuWITEycgMzRd/gwj5oNcIf7vCOHEGK/Q5B/Gnkw/mvwJ,1.798093,2.236376,2.875597,0,2591700,17.55397,Delay-insensitive,2,3.5
430800,ahQ3CzAAVsCYH5b3rrDzuWITEycgMzRd/gwj5oNcIf7vCOHEGK/Q5B/Gnkw/mvwJ,1.202706,2.113608,3.30817,0,2591700,17.55397,Delay-insensitive,2,3.5
431100,ahQ3CzAAVsCYH5b3rrDzuWITEycgMzRd/gwj5oNcIf7vCOHEGK/Q5B/Gnkw/mvwJ,1.791216,2.261456,3.132103,0,2591700,17.55397,Delay-insensitive,2,3.5
431400,ahQ3CzAAVsCYH5b3rrDzuWITEycgMzRd/gwj5oNcIf7vCOHEGK/Q5B/Gnkw/mvwJ,1.737411,2.274617,2.9862580000000003,0,2591700,17.55397,Delay-insensitive,2,3.5
431700,ahQ3CzAAVsCYH5b3rrDzuWITEycgMzRd/gwj5oNcIf7vCOHEGK/Q5B/Gnkw/mvwJ,1.7680810000000002,2.210379,3.043955,0,2591700,17.55397,Delay-insensitive,2,3.5
432000,ahQ3CzAAVsCYH5b3rrDzuWITEycgMzRd/gwj5oNcIf7vCOHEGK/Q5B/Gnkw/mvwJ,1.330249,2.940706,7.67599,0,2591700,17.55397,Delay-insensitive,2,3.5
432300,ahQ3CzAAVsCYH5b3rrDzuWITEycgMzRd/gwj5oNcIf7vCOHEGK/Q5B/Gnkw/mvwJ,1.7347720000000002,2.210975,2.970606,0,2591700,17.55397,Delay-insensitive,2,3.5
432600,ahQ3CzAAVsCYH5b3rrDzuWITEycgMzRd/gwj5oNcIf7vCOHEGK/Q5B/Gnkw/mvwJ,1.759914,2.2435080000000003,3.181202,0,2591700,17.55397,Delay-insensitive,2,3.5
432900,ahQ3CzAAVsCYH5b3rrDzuWITEycgMzRd/gwj5oNcIf7vCOHEGK/Q5B/Gnkw/mvwJ,1.813444,2.277904,2.941139,0,2591700,17.55397,Delay-insensitive,2,3.5
433200,ahQ3CzAAVsCYH5b3rrDzuWITEycgMzRd/gwj5oNcIf7vCOHEGK/Q5B/Gnkw/mvwJ,1.752435,2.244539,3.4001550000000003,0,2591700,17.55397,Delay-insensitive,2,3.5
433500,ahQ3CzAAVsCYH5b3rrDzuWITEycgMzRd/gwj5oNcIf7vCOHEGK/Q5B/Gnkw/mvwJ,1.526218,2.181924,2.892918,0,2591700,17.55397,Delay-insensitive,2,3.5
433800,ahQ3CzAAVsCYH5b3rrDzuWITEycgMzRd/gwj5oNcIf7vCOHEGK/Q5B/Gnkw/mvwJ,1.803437,2.7210240000000003,6.732602,0,2591700,17.55397,Delay-insensitive,2,3.5
434100,ahQ3CzAAVsCYH5b3rrDzuWITEycgMzRd/gwj5oNcIf7vCOHEGK/Q5B/Gnkw/mvwJ,1.7061540000000002,2.384981,3.592914,0,2591700,17.55397,Delay-insensitive,2,3.5
434400,ahQ3CzAAVsCYH5b3rrDzuWITEycgMzRd/gwj5oNcIf7vCOHEGK/Q5B/Gnkw/mvwJ,1.830053,2.265857,2.908295,0,2591700,17.55397,Delay-insensitive,2,3.5
434700,ahQ3CzAAVsCYH5b3rrDzuWITEycgMzRd/gwj5oNcIf7vCOHEGK/Q5B/Gnkw/mvwJ,1.665989,2.163995,3.069392,0,2591700,17.55397,Delay-insensitive,2,3.5
435000,ahQ3CzAAVsCYH5b3rrDzuWITEycgMzRd/gwj5oNcIf7vCOHEGK/Q5B/Gnkw/mvwJ,1.726733,2.239593,3.329711,0,2591700,17.55397,Delay-insensitive,2,3.5
435300,ahQ3CzAAVsCYH5b3rrDzuWITEycgMzRd/gwj5oNcIf7vCOHEGK/Q5B/Gnkw/mvwJ,1.859997,2.33006,3.083861,0,2591700,17.55397,Delay-insensitive,2,3.5
435600,ahQ3CzAAVsCYH5b3rrDzuWITEycgMzRd/gwj5oNcIf7vCOHEGK/Q5B/Gnkw/mvwJ,1.183061,2.979326,7.583063,0,2591700,17.55397,Delay-insensitive,2,3.5
435900,ahQ3CzAAVsCYH5b3rrDzuWITEycgMzRd/gwj5oNcIf7vCOHEGK/Q5B/Gnkw/mvwJ,1.787883,2.289547,3.359722,0,2591700,17.55397,Delay-insensitive,2,3.5
436200,ahQ3CzAAVsCYH5b3rrDzuWITEycgMzRd/gwj5oNcIf7vCOHEGK/Q5B/Gnkw/mvwJ,1.727656,2.278479,2.88113,0,2591700,17.55397,Delay-insensitive,2,3.5
436500,ahQ3CzAAVsCYH5b3rrDzuWITEycgMzRd/gwj5oNcIf7vCOHEGK/Q5B/Gnkw/mvwJ,1.642469,2.265167,2.993979,0,2591700,17.55397,Delay-insensitive,2,3.5
436800,ahQ3CzAAVsCYH5b3rrDzuWITEycgMzRd/gwj5oNcIf7vCOHEGK/Q5B/Gnkw/mvwJ,1.676993,2.254586,3.386861,0,2591700,17.55397,Delay-insensitive,2,3.5
437100,ahQ3CzAAVsCYH5b3rrDzuWITEycgMzRd/gwj5oNcIf7vCOHEGK/Q5B/Gnkw/mvwJ,1.7516080000000005,2.270664,2.89417,0,2591700,17.55397,Delay-insensitive,2,3.5
437400,ahQ3CzAAVsCYH5b3rrDzuWITEycgMzRd/gwj5oNcIf7vCOHEGK/Q5B/Gnkw/mvwJ,1.543628,2.678768,6.72282,0,2591700,17.55397,Delay-insensitive,2,3.5
437700,ahQ3CzAAVsCYH5b3rrDzuWITEycgMzRd/gwj5oNcIf7vCOHEGK/Q5B/Gnkw/mvwJ,1.628668,2.266554,3.406029,0,2591700,17.55397,Delay-insensitive,2,3.5
438000,ahQ3CzAAVsCYH5b3rrDzuWITEycgMzRd/gwj5oNcIf7vCOHEGK/Q5B/Gnkw/mvwJ,1.735623,2.235818,2.8886540000000003,0,2591700,17.55397,Delay-insensitive,2,3.5
438300,ahQ3CzAAVsCYH5b3rrDzuWITEycgMzRd/gwj5oNcIf7vCOHEGK/Q5B/Gnkw/mvwJ,1.399837,2.201139,3.10109,0,2591700,17.55397,Delay-insensitive,2,3.5
438600,ahQ3CzAAVsCYH5b3rrDzuWITEycgMzRd/gwj5oNcIf7vCOHEGK/Q5B/Gnkw/mvwJ,1.6697509999999998,2.251618,3.368424,0,2591700,17.55397,Delay-insensitive,2,3.5
438900,ahQ3CzAAVsCYH5b3rrDzuWITEycgMzRd/gwj5oNcIf7vCOHEGK/Q5B/Gnkw/mvwJ,1.744635,2.319243,3.207822,0,2591700,17.55397,Delay-insensitive,2,3.5
439200,ahQ3CzAAVsCYH5b3rrDzuWITEycgMzRd/gwj5oNcIf7vCOHEGK/Q5B/Gnkw/mvwJ,1.7533880000000002,3.059678,6.563994,0,2591700,17.55397,Delay-insensitive,2,3.5
439500,ahQ3CzAAVsCYH5b3rrDzuWITEycgMzRd/gwj5oNcIf7vCOHEGK/Q5B/Gnkw/mvwJ,1.0511780000000002,2.234717,3.247183,0,2591700,17.55397,Delay-insensitive,2,3.5
439800,ahQ3CzAAVsCYH5b3rrDzuWITEycgMzRd/gwj5oNcIf7vCOHEGK/Q5B/Gnkw/mvwJ,1.778525,2.318102,3.157332,0,2591700,17.55397,Delay-insensitive,2,3.5
440100,ahQ3CzAAVsCYH5b3rrDzuWITEycgMzRd/gwj5oNcIf7vCOHEGK/Q5B/Gnkw/mvwJ,1.710118,2.330784,3.720498000000001,0,2591700,17.55397,Delay-insensitive,2,3.5
440400,ahQ3CzAAVsCYH5b3rrDzuWITEycgMzRd/gwj5oNcIf7vCOHEGK/Q5B/Gnkw/mvwJ,1.652826,2.227592,3.937372,0,2591700,17.55397,Delay-insensitive,2,3.5
440700,ahQ3CzAAVsCYH5b3rrDzuWITEycgMzRd/gwj5oNcIf7vCOHEGK/Q5B/Gnkw/mvwJ,1.264023,2.198833,3.479305,0,2591700,17.55397,Delay-insensitive,2,3.5
441000,ahQ3CzAAVsCYH5b3rrDzuWITEycgMzRd/gwj5oNcIf7vCOHEGK/Q5B/Gnkw/mvwJ,1.126124,2.631294,5.943630000000001,0,2591700,17.55397,Delay-insensitive,2,3.5
441300,ahQ3CzAAVsCYH5b3rrDzuWITEycgMzRd/gwj5oNcIf7vCOHEGK/Q5B/Gnkw/mvwJ,1.749375,2.288477,4.350699,0,2591700,17.55397,Delay-insensitive,2,3.5
441600,ahQ3CzAAVsCYH5b3rrDzuWITEycgMzRd/gwj5oNcIf7vCOHEGK/Q5B/Gnkw/mvwJ,1.811465,2.249161,3.289936,0,2591700,17.55397,Delay-insensitive,2,3.5
441900,ahQ3CzAAVsCYH5b3rrDzuWITEycgMzRd/gwj5oNcIf7vCOHEGK/Q5B/Gnkw/mvwJ,1.795816,2.261612,3.716067,0,2591700,17.55397,Delay-insensitive,2,3.5
442200,ahQ3CzAAVsCYH5b3rrDzuWITEycgMzRd/gwj5oNcIf7vCOHEGK/Q5B/Gnkw/mvwJ,0.828837,1.972747,3.354681,0,2591700,17.55397,Delay-insensitive,2,3.5
442500,ahQ3CzAAVsCYH5b3rrDzuWITEycgMzRd/gwj5oNcIf7vCOHEGK/Q5B/Gnkw/mvwJ,1.796114,2.297318,3.649231,0,2591700,17.55397,Delay-insensitive,2,3.5
442800,ahQ3CzAAVsCYH5b3rrDzuWITEycgMzRd/gwj5oNcIf7vCOHEGK/Q5B/Gnkw/mvwJ,1.522648,2.552039,6.409406,0,2591700,17.55397,Delay-insensitive,2,3.5
443100,ahQ3CzAAVsCYH5b3rrDzuWITEycgMzRd/gwj5oNcIf7vCOHEGK/Q5B/Gnkw/mvwJ,1.790884,2.432759,4.77696,0,2591700,17.55397,Delay-insensitive,2,3.5
443400,ahQ3CzAAVsCYH5b3rrDzuWITEycgMzRd/gwj5oNcIf7vCOHEGK/Q5B/Gnkw/mvwJ,0.91223,2.194618,3.553521,0,2591700,17.55397,Delay-insensitive,2,3.5
443700,ahQ3CzAAVsCYH5b3rrDzuWITEycgMzRd/gwj5oNcIf7vCOHEGK/Q5B/Gnkw/mvwJ,0.796568,2.166352,3.339546,0,2591700,17.55397,Delay-insensitive,2,3.5
444000,ahQ3CzAAVsCYH5b3rrDzuWITEycgMzRd/gwj5oNcIf7vCOHEGK/Q5B/Gnkw/mvwJ,1.7027310000000002,2.123709,3.215639,0,2591700,17.55397,Delay-insensitive,2,3.5
444300,ahQ3CzAAVsCYH5b3rrDzuWITEycgMzRd/gwj5oNcIf7vCOHEGK/Q5B/Gnkw/mvwJ,1.818852,2.259189,3.526155,0,2591700,17.55397,Delay-insensitive,2,3.5
444600,ahQ3CzAAVsCYH5b3rrDzuWITEycgMzRd/gwj5oNcIf7vCOHEGK/Q5B/Gnkw/mvwJ,1.704019,2.72384,6.675585000000001,0,2591700,17.55397,Delay-insensitive,2,3.5
444900,ahQ3CzAAVsCYH5b3rrDzuWITEycgMzRd/gwj5oNcIf7vCOHEGK/Q5B/Gnkw/mvwJ,1.397309,2.0997220000000003,3.337904,0,2591700,17.55397,Delay-insensitive,2,3.5
445200,ahQ3CzAAVsCYH5b3rrDzuWITEycgMzRd/gwj5oNcIf7vCOHEGK/Q5B/Gnkw/mvwJ,1.642926,2.274834,3.85612,0,2591700,17.55397,Delay-insensitive,2,3.5
445500,ahQ3CzAAVsCYH5b3rrDzuWITEycgMzRd/gwj5oNcIf7vCOHEGK/Q5B/Gnkw/mvwJ,1.699771,2.097367,2.981125,0,2591700,17.55397,Delay-insensitive,2,3.5
445800,ahQ3CzAAVsCYH5b3rrDzuWITEycgMzRd/gwj5oNcIf7vCOHEGK/Q5B/Gnkw/mvwJ,1.603238,2.0542860000000003,3.27355,0,2591700,17.55397,Delay-insensitive,2,3.5
446100,ahQ3CzAAVsCYH5b3rrDzuWITEycgMzRd/gwj5oNcIf7vCOHEGK/Q5B/Gnkw/mvwJ,1.054467,2.206213,3.61907,0,2591700,17.55397,Delay-insensitive,2,3.5
446400,ahQ3CzAAVsCYH5b3rrDzuWITEycgMzRd/gwj5oNcIf7vCOHEGK/Q5B/Gnkw/mvwJ,1.7972580000000002,3.140145,6.931222,0,2591700,17.55397,Delay-insensitive,2,3.5
446700,ahQ3CzAAVsCYH5b3rrDzuWITEycgMzRd/gwj5oNcIf7vCOHEGK/Q5B/Gnkw/mvwJ,1.816123,2.198984,3.287602,0,2591700,17.55397,Delay-insensitive,2,3.5
447000,ahQ3CzAAVsCYH5b3rrDzuWITEycgMzRd/gwj5oNcIf7vCOHEGK/Q5B/Gnkw/mvwJ,1.712748,9.517537,61.032085,0,2591700,17.55397,Delay-insensitive,2,3.5
447300,ahQ3CzAAVsCYH5b3rrDzuWITEycgMzRd/gwj5oNcIf7vCOHEGK/Q5B/Gnkw/mvwJ,1.730032,2.238443,2.950469,0,2591700,17.55397,Delay-insensitive,2,3.5
447600,ahQ3CzAAVsCYH5b3rrDzuWITEycgMzRd/gwj5oNcIf7vCOHEGK/Q5B/Gnkw/mvwJ,1.341606,2.067939,3.383968,0,2591700,17.55397,Delay-insensitive,2,3.5
447900,ahQ3CzAAVsCYH5b3rrDzuWITEycgMzRd/gwj5oNcIf7vCOHEGK/Q5B/Gnkw/mvwJ,1.717587,2.296949,3.000713,0,2591700,17.55397,Delay-insensitive,2,3.5
448200,ahQ3CzAAVsCYH5b3rrDzuWITEycgMzRd/gwj5oNcIf7vCOHEGK/Q5B/Gnkw/mvwJ,1.63172,2.575505,5.770459,0,2591700,17.55397,Delay-insensitive,2,3.5
448500,ahQ3CzAAVsCYH5b3rrDzuWITEycgMzRd/gwj5oNcIf7vCOHEGK/Q5B/Gnkw/mvwJ,1.738487,2.222357,2.846459,0,2591700,17.55397,Delay-insensitive,2,3.5
448800,ahQ3CzAAVsCYH5b3rrDzuWITEycgMzRd/gwj5oNcIf7vCOHEGK/Q5B/Gnkw/mvwJ,0.828364,2.116094,2.887674,0,2591700,17.55397,Delay-insensitive,2,3.5
449100,ahQ3CzAAVsCYH5b3rrDzuWITEycgMzRd/gwj5oNcIf7vCOHEGK/Q5B/Gnkw/mvwJ,1.7615299999999998,2.383089,5.081684,0,2591700,17.55397,Delay-insensitive,2,3.5
449400,ahQ3CzAAVsCYH5b3rrDzuWITEycgMzRd/gwj5oNcIf7vCOHEGK/Q5B/Gnkw/mvwJ,1.740529,2.177106,2.976702,0,2591700,17.55397,Delay-insensitive,2,3.5
449700,ahQ3CzAAVsCYH5b3rrDzuWITEycgMzRd/gwj5oNcIf7vCOHEGK/Q5B/Gnkw/mvwJ,0.788503,2.150818,2.970648,0,2591700,17.55397,Delay-insensitive,2,3.5
450000,ahQ3CzAAVsCYH5b3rrDzuWITEycgMzRd/gwj5oNcIf7vCOHEGK/Q5B/Gnkw/mvwJ,1.619821,3.116323,7.271528,0,2591700,17.55397,Delay-insensitive,2,3.5
450300,ahQ3CzAAVsCYH5b3rrDzuWITEycgMzRd/gwj5oNcIf7vCOHEGK/Q5B/Gnkw/mvwJ,1.324956,2.1352,2.813891,0,2591700,17.55397,Delay-insensitive,2,3.5
450600,ahQ3CzAAVsCYH5b3rrDzuWITEycgMzRd/gwj5oNcIf7vCOHEGK/Q5B/Gnkw/mvwJ,1.7129470000000002,2.32727,2.93267,0,2591700,17.55397,Delay-insensitive,2,3.5
450900,ahQ3CzAAVsCYH5b3rrDzuWITEycgMzRd/gwj5oNcIf7vCOHEGK/Q5B/Gnkw/mvwJ,1.415953,2.136088,3.000238,0,2591700,17.55397,Delay-insensitive,2,3.5
451200,ahQ3CzAAVsCYH5b3rrDzuWITEycgMzRd/gwj5oNcIf7vCOHEGK/Q5B/Gnkw/mvwJ,1.758313,2.198403,2.737988,0,2591700,17.55397,Delay-insensitive,2,3.5
451500,ahQ3CzAAVsCYH5b3rrDzuWITEycgMzRd/gwj5oNcIf7vCOHEGK/Q5B/Gnkw/mvwJ,0.978333,2.113655,3.115194,0,2591700,17.55397,Delay-insensitive,2,3.5
451800,ahQ3CzAAVsCYH5b3rrDzuWITEycgMzRd/gwj5oNcIf7vCOHEGK/Q5B/Gnkw/mvwJ,1.748846,2.699358,5.518404,0,2591700,17.55397,Delay-insensitive,2,3.5
452100,ahQ3CzAAVsCYH5b3rrDzuWITEycgMzRd/gwj5oNcIf7vCOHEGK/Q5B/Gnkw/mvwJ,1.759263,2.21301,2.763887,0,2591700,17.55397,Delay-insensitive,2,3.5
452400,ahQ3CzAAVsCYH5b3rrDzuWITEycgMzRd/gwj5oNcIf7vCOHEGK/Q5B/Gnkw/mvwJ,0.940585,2.155861,3.087368,0,2591700,17.55397,Delay-insensitive,2,3.5
452700,ahQ3CzAAVsCYH5b3rrDzuWITEycgMzRd/gwj5oNcIf7vCOHEGK/Q5B/Gnkw/mvwJ,1.703725,2.261315,3.373867,0,2591700,17.55397,Delay-insensitive,2,3.5
453000,ahQ3CzAAVsCYH5b3rrDzuWITEycgMzRd/gwj5oNcIf7vCOHEGK/Q5B/Gnkw/mvwJ,1.297521,2.048098,2.663321,0,2591700,17.55397,Delay-insensitive,2,3.5
453300,ahQ3CzAAVsCYH5b3rrDzuWITEycgMzRd/gwj5oNcIf7vCOHEGK/Q5B/Gnkw/mvwJ,1.696827,2.222046,3.09095,0,2591700,17.55397,Delay-insensitive,2,3.5
453600,ahQ3CzAAVsCYH5b3rrDzuWITEycgMzRd/gwj5oNcIf7vCOHEGK/Q5B/Gnkw/mvwJ,1.521996,2.861762,8.058107000000001,0,2591700,17.55397,Delay-insensitive,2,3.5
453900,ahQ3CzAAVsCYH5b3rrDzuWITEycgMzRd/gwj5oNcIf7vCOHEGK/Q5B/Gnkw/mvwJ,1.854552,2.272129,2.80107,0,2591700,17.55397,Delay-insensitive,2,3.5
454200,ahQ3CzAAVsCYH5b3rrDzuWITEycgMzRd/gwj5oNcIf7vCOHEGK/Q5B/Gnkw/mvwJ,1.031945,2.277006,3.123647,0,2591700,17.55397,Delay-insensitive,2,3.5
454500,ahQ3CzAAVsCYH5b3rrDzuWITEycgMzRd/gwj5oNcIf7vCOHEGK/Q5B/Gnkw/mvwJ,1.753348,2.2030990000000004,2.900955,0,2591700,17.55397,Delay-insensitive,2,3.5
454800,ahQ3CzAAVsCYH5b3rrDzuWITEycgMzRd/gwj5oNcIf7vCOHEGK/Q5B/Gnkw/mvwJ,1.866343,2.260145,2.7695,0,2591700,17.55397,Delay-insensitive,2,3.5
455100,ahQ3CzAAVsCYH5b3rrDzuWITEycgMzRd/gwj5oNcIf7vCOHEGK/Q5B/Gnkw/mvwJ,0.941241,2.321171,2.993603,0,2591700,17.55397,Delay-insensitive,2,3.5
455400,ahQ3CzAAVsCYH5b3rrDzuWITEycgMzRd/gwj5oNcIf7vCOHEGK/Q5B/Gnkw/mvwJ,1.8267,2.762513,6.213076,0,2591700,17.55397,Delay-insensitive,2,3.5
455700,ahQ3CzAAVsCYH5b3rrDzuWITEycgMzRd/gwj5oNcIf7vCOHEGK/Q5B/Gnkw/mvwJ,1.455095,2.223865,2.746912,0,2591700,17.55397,Delay-insensitive,2,3.5
456000,ahQ3CzAAVsCYH5b3rrDzuWITEycgMzRd/gwj5oNcIf7vCOHEGK/Q5B/Gnkw/mvwJ,1.767682,2.306685,2.793398,0,2591700,17.55397,Delay-insensitive,2,3.5
456300,ahQ3CzAAVsCYH5b3rrDzuWITEycgMzRd/gwj5oNcIf7vCOHEGK/Q5B/Gnkw/mvwJ,1.698766,2.11126,2.831571,0,2591700,17.55397,Delay-insensitive,2,3.5
456600,ahQ3CzAAVsCYH5b3rrDzuWITEycgMzRd/gwj5oNcIf7vCOHEGK/Q5B/Gnkw/mvwJ,1.85449,2.215977,2.728409,0,2591700,17.55397,Delay-insensitive,2,3.5
456900,ahQ3CzAAVsCYH5b3rrDzuWITEycgMzRd/gwj5oNcIf7vCOHEGK/Q5B/Gnkw/mvwJ,1.52286,2.266782,2.897426,0,2591700,17.55397,Delay-insensitive,2,3.5
457200,ahQ3CzAAVsCYH5b3rrDzuWITEycgMzRd/gwj5oNcIf7vCOHEGK/Q5B/Gnkw/mvwJ,1.6493,3.023987,8.128819,0,2591700,17.55397,Delay-insensitive,2,3.5
457500,ahQ3CzAAVsCYH5b3rrDzuWITEycgMzRd/gwj5oNcIf7vCOHEGK/Q5B/Gnkw/mvwJ,1.964512,6.569603,26.376667,0,2591700,17.55397,Delay-insensitive,2,3.5
457800,ahQ3CzAAVsCYH5b3rrDzuWITEycgMzRd/gwj5oNcIf7vCOHEGK/Q5B/Gnkw/mvwJ,1.420217,2.526262,3.726376,0,2591700,17.55397,Delay-insensitive,2,3.5
458100,ahQ3CzAAVsCYH5b3rrDzuWITEycgMzRd/gwj5oNcIf7vCOHEGK/Q5B/Gnkw/mvwJ,1.758293,2.204533,3.193791,0,2591700,17.55397,Delay-insensitive,2,3.5
458400,ahQ3CzAAVsCYH5b3rrDzuWITEycgMzRd/gwj5oNcIf7vCOHEGK/Q5B/Gnkw/mvwJ,1.801721,2.150621,2.669793,0,2591700,17.55397,Delay-insensitive,2,3.5
458700,ahQ3CzAAVsCYH5b3rrDzuWITEycgMzRd/gwj5oNcIf7vCOHEGK/Q5B/Gnkw/mvwJ,1.7293009999999998,2.2905900000000003,2.940878,0,2591700,17.55397,Delay-insensitive,2,3.5
459000,ahQ3CzAAVsCYH5b3rrDzuWITEycgMzRd/gwj5oNcIf7vCOHEGK/Q5B/Gnkw/mvwJ,1.507147,2.50078,5.596555,0,2591700,17.55397,Delay-insensitive,2,3.5
459300,ahQ3CzAAVsCYH5b3rrDzuWITEycgMzRd/gwj5oNcIf7vCOHEGK/Q5B/Gnkw/mvwJ,1.871523,2.2791330000000003,2.984446,0,2591700,17.55397,Delay-insensitive,2,3.5
459600,ahQ3CzAAVsCYH5b3rrDzuWITEycgMzRd/gwj5oNcIf7vCOHEGK/Q5B/Gnkw/mvwJ,1.57157,2.215092,2.865721,0,2591700,17.55397,Delay-insensitive,2,3.5
459900,ahQ3CzAAVsCYH5b3rrDzuWITEycgMzRd/gwj5oNcIf7vCOHEGK/Q5B/Gnkw/mvwJ,1.864192,2.365575,4.444565,0,2591700,17.55397,Delay-insensitive,2,3.5
460200,ahQ3CzAAVsCYH5b3rrDzuWITEycgMzRd/gwj5oNcIf7vCOHEGK/Q5B/Gnkw/mvwJ,1.606819,2.199745,3.150646,0,2591700,17.55397,Delay-insensitive,2,3.5
460500,ahQ3CzAAVsCYH5b3rrDzuWITEycgMzRd/gwj5oNcIf7vCOHEGK/Q5B/Gnkw/mvwJ,1.784762,2.348367,3.528312,0,2591700,17.55397,Delay-insensitive,2,3.5
460800,ahQ3CzAAVsCYH5b3rrDzuWITEycgMzRd/gwj5oNcIf7vCOHEGK/Q5B/Gnkw/mvwJ,1.932729,3.440025,7.561641000000001,0,2591700,17.55397,Delay-insensitive,2,3.5
461100,ahQ3CzAAVsCYH5b3rrDzuWITEycgMzRd/gwj5oNcIf7vCOHEGK/Q5B/Gnkw/mvwJ,1.7194490000000002,3.411695,7.717909,0,2591700,17.55397,Delay-insensitive,2,3.5
461400,ahQ3CzAAVsCYH5b3rrDzuWITEycgMzRd/gwj5oNcIf7vCOHEGK/Q5B/Gnkw/mvwJ,1.808129,2.457172,3.4341160000000004,0,2591700,17.55397,Delay-insensitive,2,3.5
461700,ahQ3CzAAVsCYH5b3rrDzuWITEycgMzRd/gwj5oNcIf7vCOHEGK/Q5B/Gnkw/mvwJ,1.3674,2.211224,2.888105,0,2591700,17.55397,Delay-insensitive,2,3.5
462000,ahQ3CzAAVsCYH5b3rrDzuWITEycgMzRd/gwj5oNcIf7vCOHEGK/Q5B/Gnkw/mvwJ,1.823319,2.293314,3.095814,0,2591700,17.55397,Delay-insensitive,2,3.5
462300,ahQ3CzAAVsCYH5b3rrDzuWITEycgMzRd/gwj5oNcIf7vCOHEGK/Q5B/Gnkw/mvwJ,1.779761,2.358221,3.255771,0,2591700,17.55397,Delay-insensitive,2,3.5
462600,ahQ3CzAAVsCYH5b3rrDzuWITEycgMzRd/gwj5oNcIf7vCOHEGK/Q5B/Gnkw/mvwJ,1.823715,2.712241,5.802715,0,2591700,17.55397,Delay-insensitive,2,3.5
462900,ahQ3CzAAVsCYH5b3rrDzuWITEycgMzRd/gwj5oNcIf7vCOHEGK/Q5B/Gnkw/mvwJ,1.854936,2.350743,3.226416,0,2591700,17.55397,Delay-insensitive,2,3.5
463200,ahQ3CzAAVsCYH5b3rrDzuWITEycgMzRd/gwj5oNcIf7vCOHEGK/Q5B/Gnkw/mvwJ,1.3364969999999998,2.240974,3.487165,0,2591700,17.55397,Delay-insensitive,2,3.5
463500,ahQ3CzAAVsCYH5b3rrDzuWITEycgMzRd/gwj5oNcIf7vCOHEGK/Q5B/Gnkw/mvwJ,1.673327,2.195235,2.973936,0,2591700,17.55397,Delay-insensitive,2,3.5
463800,ahQ3CzAAVsCYH5b3rrDzuWITEycgMzRd/gwj5oNcIf7vCOHEGK/Q5B/Gnkw/mvwJ,1.47372,2.178771,2.989615,0,2591700,17.55397,Delay-insensitive,2,3.5
464100,ahQ3CzAAVsCYH5b3rrDzuWITEycgMzRd/gwj5oNcIf7vCOHEGK/Q5B/Gnkw/mvwJ,1.7499349999999998,2.31843,3.429186,0,2591700,17.55397,Delay-insensitive,2,3.5
464400,ahQ3CzAAVsCYH5b3rrDzuWITEycgMzRd/gwj5oNcIf7vCOHEGK/Q5B/Gnkw/mvwJ,1.412287,2.943899,5.853987999999999,0,2591700,17.55397,Delay-insensitive,2,3.5
464700,ahQ3CzAAVsCYH5b3rrDzuWITEycgMzRd/gwj5oNcIf7vCOHEGK/Q5B/Gnkw/mvwJ,1.823674,2.337838,2.936203,0,2591700,17.55397,Delay-insensitive,2,3.5
465000,ahQ3CzAAVsCYH5b3rrDzuWITEycgMzRd/gwj5oNcIf7vCOHEGK/Q5B/Gnkw/mvwJ,1.788261,2.299419,3.44952,0,2591700,17.55397,Delay-insensitive,2,3.5
465300,ahQ3CzAAVsCYH5b3rrDzuWITEycgMzRd/gwj5oNcIf7vCOHEGK/Q5B/Gnkw/mvwJ,0.705422,2.064087,2.818438,0,2591700,17.55397,Delay-insensitive,2,3.5
465600,ahQ3CzAAVsCYH5b3rrDzuWITEycgMzRd/gwj5oNcIf7vCOHEGK/Q5B/Gnkw/mvwJ,1.7507419999999998,2.292039,3.3941510000000004,0,2591700,17.55397,Delay-insensitive,2,3.5
465900,ahQ3CzAAVsCYH5b3rrDzuWITEycgMzRd/gwj5oNcIf7vCOHEGK/Q5B/Gnkw/mvwJ,1.070478,2.189066,3.3422440000000004,0,2591700,17.55397,Delay-insensitive,2,3.5
466200,ahQ3CzAAVsCYH5b3rrDzuWITEycgMzRd/gwj5oNcIf7vCOHEGK/Q5B/Gnkw/mvwJ,1.713431,2.693266,5.849418,0,2591700,17.55397,Delay-insensitive,2,3.5
466500,ahQ3CzAAVsCYH5b3rrDzuWITEycgMzRd/gwj5oNcIf7vCOHEGK/Q5B/Gnkw/mvwJ,1.459278,2.243871,3.226462,0,2591700,17.55397,Delay-insensitive,2,3.5
466800,ahQ3CzAAVsCYH5b3rrDzuWITEycgMzRd/gwj5oNcIf7vCOHEGK/Q5B/Gnkw/mvwJ,1.76738,2.27853,3.4018870000000003,0,2591700,17.55397,Delay-insensitive,2,3.5
467100,ahQ3CzAAVsCYH5b3rrDzuWITEycgMzRd/gwj5oNcIf7vCOHEGK/Q5B/Gnkw/mvwJ,1.595017,2.250096,4.166499,0,2591700,17.55397,Delay-insensitive,2,3.5
467400,ahQ3CzAAVsCYH5b3rrDzuWITEycgMzRd/gwj5oNcIf7vCOHEGK/Q5B/Gnkw/mvwJ,1.7751130000000002,2.258581,3.260386,0,2591700,17.55397,Delay-insensitive,2,3.5
467700,ahQ3CzAAVsCYH5b3rrDzuWITEycgMzRd/gwj5oNcIf7vCOHEGK/Q5B/Gnkw/mvwJ,1.6403330000000005,2.270479,3.361643,0,2591700,17.55397,Delay-insensitive,2,3.5
468000,ahQ3CzAAVsCYH5b3rrDzuWITEycgMzRd/gwj5oNcIf7vCOHEGK/Q5B/Gnkw/mvwJ,1.038454,2.978718,6.526292,0,2591700,17.55397,Delay-insensitive,2,3.5
468300,ahQ3CzAAVsCYH5b3rrDzuWITEycgMzRd/gwj5oNcIf7vCOHEGK/Q5B/Gnkw/mvwJ,1.740593,2.312634,2.975442,0,2591700,17.55397,Delay-insensitive,2,3.5
468600,ahQ3CzAAVsCYH5b3rrDzuWITEycgMzRd/gwj5oNcIf7vCOHEGK/Q5B/Gnkw/mvwJ,0.873618,2.067324,2.918309,0,2591700,17.55397,Delay-insensitive,2,3.5
468900,ahQ3CzAAVsCYH5b3rrDzuWITEycgMzRd/gwj5oNcIf7vCOHEGK/Q5B/Gnkw/mvwJ,1.845041,2.264812,2.94137,0,2591700,17.55397,Delay-insensitive,2,3.5
469200,ahQ3CzAAVsCYH5b3rrDzuWITEycgMzRd/gwj5oNcIf7vCOHEGK/Q5B/Gnkw/mvwJ,1.7475599999999998,2.2694330000000003,2.725206,0,2591700,17.55397,Delay-insensitive,2,3.5
469500,ahQ3CzAAVsCYH5b3rrDzuWITEycgMzRd/gwj5oNcIf7vCOHEGK/Q5B/Gnkw/mvwJ,1.788562,2.253415,3.099676,0,2591700,17.55397,Delay-insensitive,2,3.5
469800,ahQ3CzAAVsCYH5b3rrDzuWITEycgMzRd/gwj5oNcIf7vCOHEGK/Q5B/Gnkw/mvwJ,0.817826,2.70626,5.707903,0,2591700,17.55397,Delay-insensitive,2,3.5
470100,ahQ3CzAAVsCYH5b3rrDzuWITEycgMzRd/gwj5oNcIf7vCOHEGK/Q5B/Gnkw/mvwJ,1.694095,2.258967,3.016872,0,2591700,17.55397,Delay-insensitive,2,3.5
470400,ahQ3CzAAVsCYH5b3rrDzuWITEycgMzRd/gwj5oNcIf7vCOHEGK/Q5B/Gnkw/mvwJ,1.715862,2.705289,9.603617,0,2591700,17.55397,Delay-insensitive,2,3.5
470700,ahQ3CzAAVsCYH5b3rrDzuWITEycgMzRd/gwj5oNcIf7vCOHEGK/Q5B/Gnkw/mvwJ,1.045799,2.13721,2.866459,0,2591700,17.55397,Delay-insensitive,2,3.5
471000,ahQ3CzAAVsCYH5b3rrDzuWITEycgMzRd/gwj5oNcIf7vCOHEGK/Q5B/Gnkw/mvwJ,1.742544,2.234563,3.104955,0,2591700,17.55397,Delay-insensitive,2,3.5
471300,ahQ3CzAAVsCYH5b3rrDzuWITEycgMzRd/gwj5oNcIf7vCOHEGK/Q5B/Gnkw/mvwJ,1.776232,2.206764,3.194793,0,2591700,17.55397,Delay-insensitive,2,3.5
471600,ahQ3CzAAVsCYH5b3rrDzuWITEycgMzRd/gwj5oNcIf7vCOHEGK/Q5B/Gnkw/mvwJ,1.824053,3.311275,6.071915,0,2591700,17.55397,Delay-insensitive,2,3.5
471900,ahQ3CzAAVsCYH5b3rrDzuWITEycgMzRd/gwj5oNcIf7vCOHEGK/Q5B/Gnkw/mvwJ,1.79116,2.294552,3.190216,0,2591700,17.55397,Delay-insensitive,2,3.5
472200,ahQ3CzAAVsCYH5b3rrDzuWITEycgMzRd/gwj5oNcIf7vCOHEGK/Q5B/Gnkw/mvwJ,1.754552,2.254289,2.772252,0,2591700,17.55397,Delay-insensitive,2,3.5
472500,ahQ3CzAAVsCYH5b3rrDzuWITEycgMzRd/gwj5oNcIf7vCOHEGK/Q5B/Gnkw/mvwJ,1.710819,2.369067,5.529038,0,2591700,17.55397,Delay-insensitive,2,3.5
472800,ahQ3CzAAVsCYH5b3rrDzuWITEycgMzRd/gwj5oNcIf7vCOHEGK/Q5B/Gnkw/mvwJ,1.827209,2.244846,3.087475,0,2591700,17.55397,Delay-insensitive,2,3.5
473100,ahQ3CzAAVsCYH5b3rrDzuWITEycgMzRd/gwj5oNcIf7vCOHEGK/Q5B/Gnkw/mvwJ,1.746962,2.550605,5.858280000000001,0,2591700,17.55397,Delay-insensitive,2,3.5
473400,ahQ3CzAAVsCYH5b3rrDzuWITEycgMzRd/gwj5oNcIf7vCOHEGK/Q5B/Gnkw/mvwJ,1.197939,2.68095,6.988182000000001,0,2591700,17.55397,Delay-insensitive,2,3.5
473700,ahQ3CzAAVsCYH5b3rrDzuWITEycgMzRd/gwj5oNcIf7vCOHEGK/Q5B/Gnkw/mvwJ,1.724825,2.232222,3.004607,0,2591700,17.55397,Delay-insensitive,2,3.5
474000,ahQ3CzAAVsCYH5b3rrDzuWITEycgMzRd/gwj5oNcIf7vCOHEGK/Q5B/Gnkw/mvwJ,1.730109,4.086695,22.554844,0,2591700,17.55397,Delay-insensitive,2,3.5
474300,ahQ3CzAAVsCYH5b3rrDzuWITEycgMzRd/gwj5oNcIf7vCOHEGK/Q5B/Gnkw/mvwJ,1.873039,2.221099,2.697189,0,2591700,17.55397,Delay-insensitive,2,3.5
474600,ahQ3CzAAVsCYH5b3rrDzuWITEycgMzRd/gwj5oNcIf7vCOHEGK/Q5B/Gnkw/mvwJ,1.18367,2.126578,2.8648580000000003,0,2591700,17.55397,Delay-insensitive,2,3.5
474900,ahQ3CzAAVsCYH5b3rrDzuWITEycgMzRd/gwj5oNcIf7vCOHEGK/Q5B/Gnkw/mvwJ,1.7590439999999998,2.242163,2.922521,0,2591700,17.55397,Delay-insensitive,2,3.5
475200,ahQ3CzAAVsCYH5b3rrDzuWITEycgMzRd/gwj5oNcIf7vCOHEGK/Q5B/Gnkw/mvwJ,1.674276,2.762234,7.109407000000001,0,2591700,17.55397,Delay-insensitive,2,3.5
475500,ahQ3CzAAVsCYH5b3rrDzuWITEycgMzRd/gwj5oNcIf7vCOHEGK/Q5B/Gnkw/mvwJ,1.699301,2.251896,3.5311550000000005,0,2591700,17.55397,Delay-insensitive,2,3.5
475800,ahQ3CzAAVsCYH5b3rrDzuWITEycgMzRd/gwj5oNcIf7vCOHEGK/Q5B/Gnkw/mvwJ,1.787237,2.253485,2.936191,0,2591700,17.55397,Delay-insensitive,2,3.5
476100,ahQ3CzAAVsCYH5b3rrDzuWITEycgMzRd/gwj5oNcIf7vCOHEGK/Q5B/Gnkw/mvwJ,1.585841,2.232234,3.272222,0,2591700,17.55397,Delay-insensitive,2,3.5
476400,ahQ3CzAAVsCYH5b3rrDzuWITEycgMzRd/gwj5oNcIf7vCOHEGK/Q5B/Gnkw/mvwJ,1.048059,2.175118,3.381444,0,2591700,17.55397,Delay-insensitive,2,3.5
476700,ahQ3CzAAVsCYH5b3rrDzuWITEycgMzRd/gwj5oNcIf7vCOHEGK/Q5B/Gnkw/mvwJ,1.7335619999999998,2.1962900000000003,2.762428,0,2591700,17.55397,Delay-insensitive,2,3.5
477000,ahQ3CzAAVsCYH5b3rrDzuWITEycgMzRd/gwj5oNcIf7vCOHEGK/Q5B/Gnkw/mvwJ,1.631833,2.740218,6.301141,0,2591700,17.55397,Delay-insensitive,2,3.5
477300,ahQ3CzAAVsCYH5b3rrDzuWITEycgMzRd/gwj5oNcIf7vCOHEGK/Q5B/Gnkw/mvwJ,1.29184,2.220622,3.370003,0,2591700,17.55397,Delay-insensitive,2,3.5
477600,ahQ3CzAAVsCYH5b3rrDzuWITEycgMzRd/gwj5oNcIf7vCOHEGK/Q5B/Gnkw/mvwJ,1.811637,2.287744,2.913733,0,2591700,17.55397,Delay-insensitive,2,3.5
477900,ahQ3CzAAVsCYH5b3rrDzuWITEycgMzRd/gwj5oNcIf7vCOHEGK/Q5B/Gnkw/mvwJ,1.630454,2.422857,3.249086,0,2591700,17.55397,Delay-insensitive,2,3.5
478200,ahQ3CzAAVsCYH5b3rrDzuWITEycgMzRd/gwj5oNcIf7vCOHEGK/Q5B/Gnkw/mvwJ,1.654652,2.216855,3.294642,0,2591700,17.55397,Delay-insensitive,2,3.5
478500,ahQ3CzAAVsCYH5b3rrDzuWITEycgMzRd/gwj5oNcIf7vCOHEGK/Q5B/Gnkw/mvwJ,1.201742,6.046798,26.198091,0,2591700,17.55397,Delay-insensitive,2,3.5
478800,ahQ3CzAAVsCYH5b3rrDzuWITEycgMzRd/gwj5oNcIf7vCOHEGK/Q5B/Gnkw/mvwJ,1.619766,11.177745,62.505876,0,2591700,17.55397,Delay-insensitive,2,3.5
479100,ahQ3CzAAVsCYH5b3rrDzuWITEycgMzRd/gwj5oNcIf7vCOHEGK/Q5B/Gnkw/mvwJ,1.663911,2.336584,3.600589,0,2591700,17.55397,Delay-insensitive,2,3.5
479400,ahQ3CzAAVsCYH5b3rrDzuWITEycgMzRd/gwj5oNcIf7vCOHEGK/Q5B/Gnkw/mvwJ,0.916715,2.234544,3.451175,0,2591700,17.55397,Delay-insensitive,2,3.5
479700,ahQ3CzAAVsCYH5b3rrDzuWITEycgMzRd/gwj5oNcIf7vCOHEGK/Q5B/Gnkw/mvwJ,1.7171150000000002,2.269255,3.200902,0,2591700,17.55397,Delay-insensitive,2,3.5
480000,ahQ3CzAAVsCYH5b3rrDzuWITEycgMzRd/gwj5oNcIf7vCOHEGK/Q5B/Gnkw/mvwJ,1.066486,2.137729,3.4488190000000003,0,2591700,17.55397,Delay-insensitive,2,3.5
480300,ahQ3CzAAVsCYH5b3rrDzuWITEycgMzRd/gwj5oNcIf7vCOHEGK/Q5B/Gnkw/mvwJ,1.751428,2.292159,3.179979,0,2591700,17.55397,Delay-insensitive,2,3.5
480600,ahQ3CzAAVsCYH5b3rrDzuWITEycgMzRd/gwj5oNcIf7vCOHEGK/Q5B/Gnkw/mvwJ,1.71118,2.723641,6.493592,0,2591700,17.55397,Delay-insensitive,2,3.5
480900,ahQ3CzAAVsCYH5b3rrDzuWITEycgMzRd/gwj5oNcIf7vCOHEGK/Q5B/Gnkw/mvwJ,1.7209020000000002,2.212183,2.9784580000000003,0,2591700,17.55397,Delay-insensitive,2,3.5
481200,ahQ3CzAAVsCYH5b3rrDzuWITEycgMzRd/gwj5oNcIf7vCOHEGK/Q5B/Gnkw/mvwJ,1.672467,2.344589,3.053486,0,2591700,17.55397,Delay-insensitive,2,3.5
481500,ahQ3CzAAVsCYH5b3rrDzuWITEycgMzRd/gwj5oNcIf7vCOHEGK/Q5B/Gnkw/mvwJ,1.735498,2.260435,2.968105,0,2591700,17.55397,Delay-insensitive,2,3.5
481800,ahQ3CzAAVsCYH5b3rrDzuWITEycgMzRd/gwj5oNcIf7vCOHEGK/Q5B/Gnkw/mvwJ,1.7119810000000002,2.797888,9.869621,0,2591700,17.55397,Delay-insensitive,2,3.5
482100,ahQ3CzAAVsCYH5b3rrDzuWITEycgMzRd/gwj5oNcIf7vCOHEGK/Q5B/Gnkw/mvwJ,1.826679,2.782022,6.43772,0,2591700,17.55397,Delay-insensitive,2,3.5
482400,ahQ3CzAAVsCYH5b3rrDzuWITEycgMzRd/gwj5oNcIf7vCOHEGK/Q5B/Gnkw/mvwJ,1.828496,3.095266,7.960744,0,2591700,17.55397,Delay-insensitive,2,3.5
482700,ahQ3CzAAVsCYH5b3rrDzuWITEycgMzRd/gwj5oNcIf7vCOHEGK/Q5B/Gnkw/mvwJ,0.8031729999999999,2.0891330000000004,2.800298,0,2591700,17.55397,Delay-insensitive,2,3.5
483000,ahQ3CzAAVsCYH5b3rrDzuWITEycgMzRd/gwj5oNcIf7vCOHEGK/Q5B/Gnkw/mvwJ,1.724355,2.353297,3.577107,0,2591700,17.55397,Delay-insensitive,2,3.5
483300,ahQ3CzAAVsCYH5b3rrDzuWITEycgMzRd/gwj5oNcIf7vCOHEGK/Q5B/Gnkw/mvwJ,1.702489,2.290074,3.095236,0,2591700,17.55397,Delay-insensitive,2,3.5
483600,ahQ3CzAAVsCYH5b3rrDzuWITEycgMzRd/gwj5oNcIf7vCOHEGK/Q5B/Gnkw/mvwJ,1.753529,2.2319150000000003,2.938445,0,2591700,17.55397,Delay-insensitive,2,3.5
483900,ahQ3CzAAVsCYH5b3rrDzuWITEycgMzRd/gwj5oNcIf7vCOHEGK/Q5B/Gnkw/mvwJ,1.1896129999999998,2.290664,3.685347,0,2591700,17.55397,Delay-insensitive,2,3.5
484200,ahQ3CzAAVsCYH5b3rrDzuWITEycgMzRd/gwj5oNcIf7vCOHEGK/Q5B/Gnkw/mvwJ,1.766068,2.751791,6.492863,0,2591700,17.55397,Delay-insensitive,2,3.5
484500,ahQ3CzAAVsCYH5b3rrDzuWITEycgMzRd/gwj5oNcIf7vCOHEGK/Q5B/Gnkw/mvwJ,1.765076,2.598624,8.852712,0,2591700,17.55397,Delay-insensitive,2,3.5
484800,ahQ3CzAAVsCYH5b3rrDzuWITEycgMzRd/gwj5oNcIf7vCOHEGK/Q5B/Gnkw/mvwJ,1.572944,2.085182,3.097472,0,2591700,17.55397,Delay-insensitive,2,3.5
485100,ahQ3CzAAVsCYH5b3rrDzuWITEycgMzRd/gwj5oNcIf7vCOHEGK/Q5B/Gnkw/mvwJ,1.653773,2.102827,2.815471,0,2591700,17.55397,Delay-insensitive,2,3.5
485400,ahQ3CzAAVsCYH5b3rrDzuWITEycgMzRd/gwj5oNcIf7vCOHEGK/Q5B/Gnkw/mvwJ,1.523667,2.13928,2.853625,0,2591700,17.55397,Delay-insensitive,2,3.5
485700,ahQ3CzAAVsCYH5b3rrDzuWITEycgMzRd/gwj5oNcIf7vCOHEGK/Q5B/Gnkw/mvwJ,1.640264,2.072942,3.089563,0,2591700,17.55397,Delay-insensitive,2,3.5
486000,ahQ3CzAAVsCYH5b3rrDzuWITEycgMzRd/gwj5oNcIf7vCOHEGK/Q5B/Gnkw/mvwJ,0.533439,2.751806,6.321405,0,2591700,17.55397,Delay-insensitive,2,3.5
486300,ahQ3CzAAVsCYH5b3rrDzuWITEycgMzRd/gwj5oNcIf7vCOHEGK/Q5B/Gnkw/mvwJ,1.581171,6.60009,30.833185,0,2591700,17.55397,Delay-insensitive,2,3.5
486600,ahQ3CzAAVsCYH5b3rrDzuWITEycgMzRd/gwj5oNcIf7vCOHEGK/Q5B/Gnkw/mvwJ,0.920485,2.290706,4.144768,0,2591700,17.55397,Delay-insensitive,2,3.5
486900,ahQ3CzAAVsCYH5b3rrDzuWITEycgMzRd/gwj5oNcIf7vCOHEGK/Q5B/Gnkw/mvwJ,1.626536,2.06395,2.61143,0,2591700,17.55397,Delay-insensitive,2,3.5
487200,ahQ3CzAAVsCYH5b3rrDzuWITEycgMzRd/gwj5oNcIf7vCOHEGK/Q5B/Gnkw/mvwJ,1.594157,1.960536,2.5729,0,2591700,17.55397,Delay-insensitive,2,3.5
487500,ahQ3CzAAVsCYH5b3rrDzuWITEycgMzRd/gwj5oNcIf7vCOHEGK/Q5B/Gnkw/mvwJ,1.658786,2.211998,3.3852900000000004,0,2591700,17.55397,Delay-insensitive,2,3.5
487800,ahQ3CzAAVsCYH5b3rrDzuWITEycgMzRd/gwj5oNcIf7vCOHEGK/Q5B/Gnkw/mvwJ,1.683453,2.642647,6.725510000000001,0,2591700,17.55397,Delay-insensitive,2,3.5
488100,ahQ3CzAAVsCYH5b3rrDzuWITEycgMzRd/gwj5oNcIf7vCOHEGK/Q5B/Gnkw/mvwJ,1.623567,2.155365,2.849168,0,2591700,17.55397,Delay-insensitive,2,3.5
488400,ahQ3CzAAVsCYH5b3rrDzuWITEycgMzRd/gwj5oNcIf7vCOHEGK/Q5B/Gnkw/mvwJ,1.681614,2.207025,3.161099,0,2591700,17.55397,Delay-insensitive,2,3.5
488700,ahQ3CzAAVsCYH5b3rrDzuWITEycgMzRd/gwj5oNcIf7vCOHEGK/Q5B/Gnkw/mvwJ,0.981197,2.013332,3.5414190000000003,0,2591700,17.55397,Delay-insensitive,2,3.5
489000,ahQ3CzAAVsCYH5b3rrDzuWITEycgMzRd/gwj5oNcIf7vCOHEGK/Q5B/Gnkw/mvwJ,1.572249,2.0830330000000004,2.9010580000000004,0,2591700,17.55397,Delay-insensitive,2,3.5
489300,ahQ3CzAAVsCYH5b3rrDzuWITEycgMzRd/gwj5oNcIf7vCOHEGK/Q5B/Gnkw/mvwJ,1.523655,2.111092,2.903694,0,2591700,17.55397,Delay-insensitive,2,3.5
489600,ahQ3CzAAVsCYH5b3rrDzuWITEycgMzRd/gwj5oNcIf7vCOHEGK/Q5B/Gnkw/mvwJ,1.444976,2.9642470000000003,8.003815,0,2591700,17.55397,Delay-insensitive,2,3.5
489900,ahQ3CzAAVsCYH5b3rrDzuWITEycgMzRd/gwj5oNcIf7vCOHEGK/Q5B/Gnkw/mvwJ,1.351958,2.91318,13.405062,0,2591700,17.55397,Delay-insensitive,2,3.5
490200,ahQ3CzAAVsCYH5b3rrDzuWITEycgMzRd/gwj5oNcIf7vCOHEGK/Q5B/Gnkw/mvwJ,1.639155,8.690966,45.84528,0,2591700,17.55397,Delay-insensitive,2,3.5
490500,ahQ3CzAAVsCYH5b3rrDzuWITEycgMzRd/gwj5oNcIf7vCOHEGK/Q5B/Gnkw/mvwJ,1.739323,2.2506150000000003,3.5287839999999995,0,2591700,17.55397,Delay-insensitive,2,3.5
490800,ahQ3CzAAVsCYH5b3rrDzuWITEycgMzRd/gwj5oNcIf7vCOHEGK/Q5B/Gnkw/mvwJ,1.779123,2.344925,3.412926,0,2591700,17.55397,Delay-insensitive,2,3.5
491100,ahQ3CzAAVsCYH5b3rrDzuWITEycgMzRd/gwj5oNcIf7vCOHEGK/Q5B/Gnkw/mvwJ,1.819849,2.349336,4.096133999999999,0,2591700,17.55397,Delay-insensitive,2,3.5
491400,ahQ3CzAAVsCYH5b3rrDzuWITEycgMzRd/gwj5oNcIf7vCOHEGK/Q5B/Gnkw/mvwJ,1.07873,2.724453,7.031649000000001,0,2591700,17.55397,Delay-insensitive,2,3.5
491700,ahQ3CzAAVsCYH5b3rrDzuWITEycgMzRd/gwj5oNcIf7vCOHEGK/Q5B/Gnkw/mvwJ,1.7567509999999995,2.237644,3.221175,0,2591700,17.55397,Delay-insensitive,2,3.5
492000,ahQ3CzAAVsCYH5b3rrDzuWITEycgMzRd/gwj5oNcIf7vCOHEGK/Q5B/Gnkw/mvwJ,1.577124,2.307928,3.949536,0,2591700,17.55397,Delay-insensitive,2,3.5
492300,ahQ3CzAAVsCYH5b3rrDzuWITEycgMzRd/gwj5oNcIf7vCOHEGK/Q5B/Gnkw/mvwJ,1.7967830000000002,5.851223,19.479941,0,2591700,17.55397,Delay-insensitive,2,3.5
492600,ahQ3CzAAVsCYH5b3rrDzuWITEycgMzRd/gwj5oNcIf7vCOHEGK/Q5B/Gnkw/mvwJ,1.610042,6.667277,56.910397,0,2591700,17.55397,Delay-insensitive,2,3.5
492900,ahQ3CzAAVsCYH5b3rrDzuWITEycgMzRd/gwj5oNcIf7vCOHEGK/Q5B/Gnkw/mvwJ,1.688382,2.495885,3.846527,0,2591700,17.55397,Delay-insensitive,2,3.5
493200,ahQ3CzAAVsCYH5b3rrDzuWITEycgMzRd/gwj5oNcIf7vCOHEGK/Q5B/Gnkw/mvwJ,1.56869,3.104845,7.026414999999999,0,2591700,17.55397,Delay-insensitive,2,3.5
493500,ahQ3CzAAVsCYH5b3rrDzuWITEycgMzRd/gwj5oNcIf7vCOHEGK/Q5B/Gnkw/mvwJ,0.964091,2.16471,3.130717,0,2591700,17.55397,Delay-insensitive,2,3.5
493800,ahQ3CzAAVsCYH5b3rrDzuWITEycgMzRd/gwj5oNcIf7vCOHEGK/Q5B/Gnkw/mvwJ,1.726012,2.29542,3.637573,0,2591700,17.55397,Delay-insensitive,2,3.5
494100,ahQ3CzAAVsCYH5b3rrDzuWITEycgMzRd/gwj5oNcIf7vCOHEGK/Q5B/Gnkw/mvwJ,1.58524,2.294925,3.418371,0,2591700,17.55397,Delay-insensitive,2,3.5
494400,ahQ3CzAAVsCYH5b3rrDzuWITEycgMzRd/gwj5oNcIf7vCOHEGK/Q5B/Gnkw/mvwJ,1.739398,2.417578,4.891848,0,2591700,17.55397,Delay-insensitive,2,3.5
494700,ahQ3CzAAVsCYH5b3rrDzuWITEycgMzRd/gwj5oNcIf7vCOHEGK/Q5B/Gnkw/mvwJ,1.725493,2.162147,3.1823900000000003,0,2591700,17.55397,Delay-insensitive,2,3.5
495000,ahQ3CzAAVsCYH5b3rrDzuWITEycgMzRd/gwj5oNcIf7vCOHEGK/Q5B/Gnkw/mvwJ,1.699825,2.694163,6.356722,0,2591700,17.55397,Delay-insensitive,2,3.5
495300,ahQ3CzAAVsCYH5b3rrDzuWITEycgMzRd/gwj5oNcIf7vCOHEGK/Q5B/Gnkw/mvwJ,1.27631,2.163131,3.090748,0,2591700,17.55397,Delay-insensitive,2,3.5
495600,ahQ3CzAAVsCYH5b3rrDzuWITEycgMzRd/gwj5oNcIf7vCOHEGK/Q5B/Gnkw/mvwJ,1.788619,2.403521,3.691456,0,2591700,17.55397,Delay-insensitive,2,3.5
495900,ahQ3CzAAVsCYH5b3rrDzuWITEycgMzRd/gwj5oNcIf7vCOHEGK/Q5B/Gnkw/mvwJ,1.6629470000000002,2.232431,3.087077,0,2591700,17.55397,Delay-insensitive,2,3.5
496200,ahQ3CzAAVsCYH5b3rrDzuWITEycgMzRd/gwj5oNcIf7vCOHEGK/Q5B/Gnkw/mvwJ,0.8656379999999999,2.162498,2.836903,0,2591700,17.55397,Delay-insensitive,2,3.5
496500,ahQ3CzAAVsCYH5b3rrDzuWITEycgMzRd/gwj5oNcIf7vCOHEGK/Q5B/Gnkw/mvwJ,1.677805,2.303757,3.433848,0,2591700,17.55397,Delay-insensitive,2,3.5
496800,ahQ3CzAAVsCYH5b3rrDzuWITEycgMzRd/gwj5oNcIf7vCOHEGK/Q5B/Gnkw/mvwJ,1.3783530000000002,3.101739,6.133699,0,2591700,17.55397,Delay-insensitive,2,3.5
497100,ahQ3CzAAVsCYH5b3rrDzuWITEycgMzRd/gwj5oNcIf7vCOHEGK/Q5B/Gnkw/mvwJ,1.795543,2.307678,2.895282,0,2591700,17.55397,Delay-insensitive,2,3.5
497400,ahQ3CzAAVsCYH5b3rrDzuWITEycgMzRd/gwj5oNcIf7vCOHEGK/Q5B/Gnkw/mvwJ,1.7705080000000002,2.288847,3.359204,0,2591700,17.55397,Delay-insensitive,2,3.5
497700,ahQ3CzAAVsCYH5b3rrDzuWITEycgMzRd/gwj5oNcIf7vCOHEGK/Q5B/Gnkw/mvwJ,1.811507,2.243909,2.987557,0,2591700,17.55397,Delay-insensitive,2,3.5
498000,ahQ3CzAAVsCYH5b3rrDzuWITEycgMzRd/gwj5oNcIf7vCOHEGK/Q5B/Gnkw/mvwJ,1.545093,2.256057,3.17303,0,2591700,17.55397,Delay-insensitive,2,3.5
498300,ahQ3CzAAVsCYH5b3rrDzuWITEycgMzRd/gwj5oNcIf7vCOHEGK/Q5B/Gnkw/mvwJ,1.696724,2.567987,5.316555999999999,0,2591700,17.55397,Delay-insensitive,2,3.5
498600,ahQ3CzAAVsCYH5b3rrDzuWITEycgMzRd/gwj5oNcIf7vCOHEGK/Q5B/Gnkw/mvwJ,1.726054,2.668797,6.364061,0,2591700,17.55397,Delay-insensitive,2,3.5
498900,ahQ3CzAAVsCYH5b3rrDzuWITEycgMzRd/gwj5oNcIf7vCOHEGK/Q5B/Gnkw/mvwJ,1.800369,2.304214,3.637271,0,2591700,17.55397,Delay-insensitive,2,3.5
499200,ahQ3CzAAVsCYH5b3rrDzuWITEycgMzRd/gwj5oNcIf7vCOHEGK/Q5B/Gnkw/mvwJ,1.773526,2.324661,3.718909,0,2591700,17.55397,Delay-insensitive,2,3.5
499500,ahQ3CzAAVsCYH5b3rrDzuWITEycgMzRd/gwj5oNcIf7vCOHEGK/Q5B/Gnkw/mvwJ,1.624767,2.23885,3.663005000000001,0,2591700,17.55397,Delay-insensitive,2,3.5
499800,ahQ3CzAAVsCYH5b3rrDzuWITEycgMzRd/gwj5oNcIf7vCOHEGK/Q5B/Gnkw/mvwJ,1.848592,2.238898,3.411357,0,2591700,17.55397,Delay-insensitive,2,3.5
500100,ahQ3CzAAVsCYH5b3rrDzuWITEycgMzRd/gwj5oNcIf7vCOHEGK/Q5B/Gnkw/mvwJ,1.7794869999999998,2.421728,4.403331,0,2591700,17.55397,Delay-insensitive,2,3.5
500400,ahQ3CzAAVsCYH5b3rrDzuWITEycgMzRd/gwj5oNcIf7vCOHEGK/Q5B/Gnkw/mvwJ,1.849403,3.104166,7.377555999999999,0,2591700,17.55397,Delay-insensitive,2,3.5
500700,ahQ3CzAAVsCYH5b3rrDzuWITEycgMzRd/gwj5oNcIf7vCOHEGK/Q5B/Gnkw/mvwJ,1.912014,2.455301,5.355111,0,2591700,17.55397,Delay-insensitive,2,3.5
501000,ahQ3CzAAVsCYH5b3rrDzuWITEycgMzRd/gwj5oNcIf7vCOHEGK/Q5B/Gnkw/mvwJ,1.901714,3.656035,15.624306,0,2591700,17.55397,Delay-insensitive,2,3.5
501300,ahQ3CzAAVsCYH5b3rrDzuWITEycgMzRd/gwj5oNcIf7vCOHEGK/Q5B/Gnkw/mvwJ,1.787709,2.250476,4.0058110000000005,0,2591700,17.55397,Delay-insensitive,2,3.5
501600,ahQ3CzAAVsCYH5b3rrDzuWITEycgMzRd/gwj5oNcIf7vCOHEGK/Q5B/Gnkw/mvwJ,1.758547,2.433468,4.197822,0,2591700,17.55397,Delay-insensitive,2,3.5
501900,ahQ3CzAAVsCYH5b3rrDzuWITEycgMzRd/gwj5oNcIf7vCOHEGK/Q5B/Gnkw/mvwJ,1.648984,2.3029040000000003,4.630438,0,2591700,17.55397,Delay-insensitive,2,3.5
502200,ahQ3CzAAVsCYH5b3rrDzuWITEycgMzRd/gwj5oNcIf7vCOHEGK/Q5B/Gnkw/mvwJ,1.486661,2.568581,4.02196,0,2591700,17.55397,Delay-insensitive,2,3.5
502500,ahQ3CzAAVsCYH5b3rrDzuWITEycgMzRd/gwj5oNcIf7vCOHEGK/Q5B/Gnkw/mvwJ,1.728017,2.296742,3.638452,0,2591700,17.55397,Delay-insensitive,2,3.5
502800,ahQ3CzAAVsCYH5b3rrDzuWITEycgMzRd/gwj5oNcIf7vCOHEGK/Q5B/Gnkw/mvwJ,1.634019,2.698163,7.202494000000001,0,2591700,17.55397,Delay-insensitive,2,3.5
503100,ahQ3CzAAVsCYH5b3rrDzuWITEycgMzRd/gwj5oNcIf7vCOHEGK/Q5B/Gnkw/mvwJ,1.832662,2.227752,3.449604,0,2591700,17.55397,Delay-insensitive,2,3.5
503400,ahQ3CzAAVsCYH5b3rrDzuWITEycgMzRd/gwj5oNcIf7vCOHEGK/Q5B/Gnkw/mvwJ,1.751731,2.438235,3.833934,0,2591700,17.55397,Delay-insensitive,2,3.5
503700,ahQ3CzAAVsCYH5b3rrDzuWITEycgMzRd/gwj5oNcIf7vCOHEGK/Q5B/Gnkw/mvwJ,0.8373860000000001,2.25981,4.374549,0,2591700,17.55397,Delay-insensitive,2,3.5
504000,ahQ3CzAAVsCYH5b3rrDzuWITEycgMzRd/gwj5oNcIf7vCOHEGK/Q5B/Gnkw/mvwJ,1.465948,2.979726,6.488919,0,2591700,17.55397,Delay-insensitive,2,3.5
504300,ahQ3CzAAVsCYH5b3rrDzuWITEycgMzRd/gwj5oNcIf7vCOHEGK/Q5B/Gnkw/mvwJ,1.517275,2.202369,2.898762,0,2591700,17.55397,Delay-insensitive,2,3.5
504600,ahQ3CzAAVsCYH5b3rrDzuWITEycgMzRd/gwj5oNcIf7vCOHEGK/Q5B/Gnkw/mvwJ,1.692821,2.2499990000000003,3.302404,0,2591700,17.55397,Delay-insensitive,2,3.5
504900,ahQ3CzAAVsCYH5b3rrDzuWITEycgMzRd/gwj5oNcIf7vCOHEGK/Q5B/Gnkw/mvwJ,0.8962709999999999,1.993503,2.647543,0,2591700,17.55397,Delay-insensitive,2,3.5
505200,ahQ3CzAAVsCYH5b3rrDzuWITEycgMzRd/gwj5oNcIf7vCOHEGK/Q5B/Gnkw/mvwJ,1.707132,2.230378,3.147291,0,2591700,17.55397,Delay-insensitive,2,3.5
505500,ahQ3CzAAVsCYH5b3rrDzuWITEycgMzRd/gwj5oNcIf7vCOHEGK/Q5B/Gnkw/mvwJ,1.602569,2.691022,8.519858000000001,0,2591700,17.55397,Delay-insensitive,2,3.5
505800,ahQ3CzAAVsCYH5b3rrDzuWITEycgMzRd/gwj5oNcIf7vCOHEGK/Q5B/Gnkw/mvwJ,1.697943,2.733853,6.845753,0,2591700,17.55397,Delay-insensitive,2,3.5
506100,ahQ3CzAAVsCYH5b3rrDzuWITEycgMzRd/gwj5oNcIf7vCOHEGK/Q5B/Gnkw/mvwJ,1.528015,2.28705,3.415599,0,2591700,17.55397,Delay-insensitive,2,3.5
506400,ahQ3CzAAVsCYH5b3rrDzuWITEycgMzRd/gwj5oNcIf7vCOHEGK/Q5B/Gnkw/mvwJ,0.941383,2.184974,3.327807,0,2591700,17.55397,Delay-insensitive,2,3.5
506700,ahQ3CzAAVsCYH5b3rrDzuWITEycgMzRd/gwj5oNcIf7vCOHEGK/Q5B/Gnkw/mvwJ,1.66018,1.998934,2.755494,0,2591700,17.55397,Delay-insensitive,2,3.5
507000,ahQ3CzAAVsCYH5b3rrDzuWITEycgMzRd/gwj5oNcIf7vCOHEGK/Q5B/Gnkw/mvwJ,1.385598,2.010813,2.71281,0,2591700,17.55397,Delay-insensitive,2,3.5
507300,ahQ3CzAAVsCYH5b3rrDzuWITEycgMzRd/gwj5oNcIf7vCOHEGK/Q5B/Gnkw/mvwJ,1.539895,2.105489,3.399075,0,2591700,17.55397,Delay-insensitive,2,3.5
507600,ahQ3CzAAVsCYH5b3rrDzuWITEycgMzRd/gwj5oNcIf7vCOHEGK/Q5B/Gnkw/mvwJ,0.8943909999999999,2.828295,7.066472999999999,0,2591700,17.55397,Delay-insensitive,2,3.5
507900,ahQ3CzAAVsCYH5b3rrDzuWITEycgMzRd/gwj5oNcIf7vCOHEGK/Q5B/Gnkw/mvwJ,1.504953,2.069649,2.581442,0,2591700,17.55397,Delay-insensitive,2,3.5
508200,ahQ3CzAAVsCYH5b3rrDzuWITEycgMzRd/gwj5oNcIf7vCOHEGK/Q5B/Gnkw/mvwJ,1.611556,2.148266,3.53151,0,2591700,17.55397,Delay-insensitive,2,3.5
508500,ahQ3CzAAVsCYH5b3rrDzuWITEycgMzRd/gwj5oNcIf7vCOHEGK/Q5B/Gnkw/mvwJ,1.720018,2.212638,2.790659,0,2591700,17.55397,Delay-insensitive,2,3.5
508800,ahQ3CzAAVsCYH5b3rrDzuWITEycgMzRd/gwj5oNcIf7vCOHEGK/Q5B/Gnkw/mvwJ,0.935836,1.985074,2.692264,0,2591700,17.55397,Delay-insensitive,2,3.5
509100,ahQ3CzAAVsCYH5b3rrDzuWITEycgMzRd/gwj5oNcIf7vCOHEGK/Q5B/Gnkw/mvwJ,0.851153,2.042492,3.305908,0,2591700,17.55397,Delay-insensitive,2,3.5
509400,ahQ3CzAAVsCYH5b3rrDzuWITEycgMzRd/gwj5oNcIf7vCOHEGK/Q5B/Gnkw/mvwJ,1.6578700000000002,2.667198,6.072489,0,2591700,17.55397,Delay-insensitive,2,3.5
509700,ahQ3CzAAVsCYH5b3rrDzuWITEycgMzRd/gwj5oNcIf7vCOHEGK/Q5B/Gnkw/mvwJ,1.189813,2.068057,2.636227,0,2591700,17.55397,Delay-insensitive,2,3.5
510000,ahQ3CzAAVsCYH5b3rrDzuWITEycgMzRd/gwj5oNcIf7vCOHEGK/Q5B/Gnkw/mvwJ,1.723102,2.2377290000000003,2.840521,0,2591700,17.55397,Delay-insensitive,2,3.5
510300,ahQ3CzAAVsCYH5b3rrDzuWITEycgMzRd/gwj5oNcIf7vCOHEGK/Q5B/Gnkw/mvwJ,1.71133,2.19946,3.069993,0,2591700,17.55397,Delay-insensitive,2,3.5
510600,ahQ3CzAAVsCYH5b3rrDzuWITEycgMzRd/gwj5oNcIf7vCOHEGK/Q5B/Gnkw/mvwJ,1.798807,2.255236,2.793334,0,2591700,17.55397,Delay-insensitive,2,3.5
510900,ahQ3CzAAVsCYH5b3rrDzuWITEycgMzRd/gwj5oNcIf7vCOHEGK/Q5B/Gnkw/mvwJ,1.6654369999999998,2.13322,2.615437,0,2591700,17.55397,Delay-insensitive,2,3.5
511200,ahQ3CzAAVsCYH5b3rrDzuWITEycgMzRd/gwj5oNcIf7vCOHEGK/Q5B/Gnkw/mvwJ,1.720127,3.075562,8.464765,0,2591700,17.55397,Delay-insensitive,2,3.5
511500,ahQ3CzAAVsCYH5b3rrDzuWITEycgMzRd/gwj5oNcIf7vCOHEGK/Q5B/Gnkw/mvwJ,0.713228,2.01883,2.6794740000000004,0,2591700,17.55397,Delay-insensitive,2,3.5
511800,ahQ3CzAAVsCYH5b3rrDzuWITEycgMzRd/gwj5oNcIf7vCOHEGK/Q5B/Gnkw/mvwJ,0.922914,2.088921,2.824187,0,2591700,17.55397,Delay-insensitive,2,3.5
512100,ahQ3CzAAVsCYH5b3rrDzuWITEycgMzRd/gwj5oNcIf7vCOHEGK/Q5B/Gnkw/mvwJ,1.79279,2.190381,2.974123,0,2591700,17.55397,Delay-insensitive,2,3.5
512400,ahQ3CzAAVsCYH5b3rrDzuWITEycgMzRd/gwj5oNcIf7vCOHEGK/Q5B/Gnkw/mvwJ,1.404051,2.147644,2.834991,0,2591700,17.55397,Delay-insensitive,2,3.5
512700,ahQ3CzAAVsCYH5b3rrDzuWITEycgMzRd/gwj5oNcIf7vCOHEGK/Q5B/Gnkw/mvwJ,1.744879,2.207334,2.857544,0,2591700,17.55397,Delay-insensitive,2,3.5
513000,ahQ3CzAAVsCYH5b3rrDzuWITEycgMzRd/gwj5oNcIf7vCOHEGK/Q5B/Gnkw/mvwJ,1.706764,2.628369,6.549028,0,2591700,17.55397,Delay-insensitive,2,3.5
513300,ahQ3CzAAVsCYH5b3rrDzuWITEycgMzRd/gwj5oNcIf7vCOHEGK/Q5B/Gnkw/mvwJ,1.760303,2.219624,3.093798,0,2591700,17.55397,Delay-insensitive,2,3.5
513600,ahQ3CzAAVsCYH5b3rrDzuWITEycgMzRd/gwj5oNcIf7vCOHEGK/Q5B/Gnkw/mvwJ,1.694895,2.449736,5.061593,0,2591700,17.55397,Delay-insensitive,2,3.5
513900,ahQ3CzAAVsCYH5b3rrDzuWITEycgMzRd/gwj5oNcIf7vCOHEGK/Q5B/Gnkw/mvwJ,1.673188,2.335252,2.940688,0,2591700,17.55397,Delay-insensitive,2,3.5
514200,ahQ3CzAAVsCYH5b3rrDzuWITEycgMzRd/gwj5oNcIf7vCOHEGK/Q5B/Gnkw/mvwJ,0.67676,2.184359,3.337757,0,2591700,17.55397,Delay-insensitive,2,3.5
514500,ahQ3CzAAVsCYH5b3rrDzuWITEycgMzRd/gwj5oNcIf7vCOHEGK/Q5B/Gnkw/mvwJ,1.2431020000000002,2.198185,2.958457,0,2591700,17.55397,Delay-insensitive,2,3.5
514800,ahQ3CzAAVsCYH5b3rrDzuWITEycgMzRd/gwj5oNcIf7vCOHEGK/Q5B/Gnkw/mvwJ,1.735228,3.106047,7.201909,0,2591700,17.55397,Delay-insensitive,2,3.5
515100,ahQ3CzAAVsCYH5b3rrDzuWITEycgMzRd/gwj5oNcIf7vCOHEGK/Q5B/Gnkw/mvwJ,1.883851,5.824699,31.654879,0,2591700,17.55397,Delay-insensitive,2,3.5
515400,ahQ3CzAAVsCYH5b3rrDzuWITEycgMzRd/gwj5oNcIf7vCOHEGK/Q5B/Gnkw/mvwJ,1.772158,2.370141,2.999274,0,2591700,17.55397,Delay-insensitive,2,3.5
515700,ahQ3CzAAVsCYH5b3rrDzuWITEycgMzRd/gwj5oNcIf7vCOHEGK/Q5B/Gnkw/mvwJ,0.725458,1.950778,2.715171,0,2591700,17.55397,Delay-insensitive,2,3.5
516000,ahQ3CzAAVsCYH5b3rrDzuWITEycgMzRd/gwj5oNcIf7vCOHEGK/Q5B/Gnkw/mvwJ,1.564531,2.129592,3.356911,0,2591700,17.55397,Delay-insensitive,2,3.5
516300,ahQ3CzAAVsCYH5b3rrDzuWITEycgMzRd/gwj5oNcIf7vCOHEGK/Q5B/Gnkw/mvwJ,1.720449,2.468035,5.05101,0,2591700,17.55397,Delay-insensitive,2,3.5
516600,ahQ3CzAAVsCYH5b3rrDzuWITEycgMzRd/gwj5oNcIf7vCOHEGK/Q5B/Gnkw/mvwJ,1.696964,2.795341,5.922255000000001,0,2591700,17.55397,Delay-insensitive,2,3.5
516900,ahQ3CzAAVsCYH5b3rrDzuWITEycgMzRd/gwj5oNcIf7vCOHEGK/Q5B/Gnkw/mvwJ,1.031734,2.376987,5.648361,0,2591700,17.55397,Delay-insensitive,2,3.5
517200,ahQ3CzAAVsCYH5b3rrDzuWITEycgMzRd/gwj5oNcIf7vCOHEGK/Q5B/Gnkw/mvwJ,0.917823,2.180271,2.889943,0,2591700,17.55397,Delay-insensitive,2,3.5
517500,ahQ3CzAAVsCYH5b3rrDzuWITEycgMzRd/gwj5oNcIf7vCOHEGK/Q5B/Gnkw/mvwJ,1.874259,2.280417,3.080747,0,2591700,17.55397,Delay-insensitive,2,3.5
517800,ahQ3CzAAVsCYH5b3rrDzuWITEycgMzRd/gwj5oNcIf7vCOHEGK/Q5B/Gnkw/mvwJ,1.6648349999999998,2.331998,3.393984,0,2591700,17.55397,Delay-insensitive,2,3.5
518100,ahQ3CzAAVsCYH5b3rrDzuWITEycgMzRd/gwj5oNcIf7vCOHEGK/Q5B/Gnkw/mvwJ,1.855943,2.272397,2.820544,0,2591700,17.55397,Delay-insensitive,2,3.5
518400,ahQ3CzAAVsCYH5b3rrDzuWITEycgMzRd/gwj5oNcIf7vCOHEGK/Q5B/Gnkw/mvwJ,1.819778,3.126082,9.199428,0,2591700,17.55397,Delay-insensitive,2,3.5
518700,ahQ3CzAAVsCYH5b3rrDzuWITEycgMzRd/gwj5oNcIf7vCOHEGK/Q5B/Gnkw/mvwJ,1.7200099999999998,2.221906,3.380424,0,2591700,17.55397,Delay-insensitive,2,3.5
519000,ahQ3CzAAVsCYH5b3rrDzuWITEycgMzRd/gwj5oNcIf7vCOHEGK/Q5B/Gnkw/mvwJ,1.6189559999999998,2.3784,5.123586,0,2591700,17.55397,Delay-insensitive,2,3.5
519300,ahQ3CzAAVsCYH5b3rrDzuWITEycgMzRd/gwj5oNcIf7vCOHEGK/Q5B/Gnkw/mvwJ,1.451487,2.030218,3.390645,0,2591700,17.55397,Delay-insensitive,2,3.5
519600,ahQ3CzAAVsCYH5b3rrDzuWITEycgMzRd/gwj5oNcIf7vCOHEGK/Q5B/Gnkw/mvwJ,1.278377,2.055001,2.828446,0,2591700,17.55397,Delay-insensitive,2,3.5
519900,ahQ3CzAAVsCYH5b3rrDzuWITEycgMzRd/gwj5oNcIf7vCOHEGK/Q5B/Gnkw/mvwJ,0.614175,1.989409,2.653427,0,2591700,17.55397,Delay-insensitive,2,3.5
520200,ahQ3CzAAVsCYH5b3rrDzuWITEycgMzRd/gwj5oNcIf7vCOHEGK/Q5B/Gnkw/mvwJ,1.611588,2.496755,5.432295,0,2591700,17.55397,Delay-insensitive,2,3.5
520500,ahQ3CzAAVsCYH5b3rrDzuWITEycgMzRd/gwj5oNcIf7vCOHEGK/Q5B/Gnkw/mvwJ,1.444205,1.990568,2.665698,0,2591700,17.55397,Delay-insensitive,2,3.5
520800,ahQ3CzAAVsCYH5b3rrDzuWITEycgMzRd/gwj5oNcIf7vCOHEGK/Q5B/Gnkw/mvwJ,1.705939,2.108367,2.91795,0,2591700,17.55397,Delay-insensitive,2,3.5
521100,ahQ3CzAAVsCYH5b3rrDzuWITEycgMzRd/gwj5oNcIf7vCOHEGK/Q5B/Gnkw/mvwJ,1.823843,2.351593,3.628759,0,2591700,17.55397,Delay-insensitive,2,3.5
521400,ahQ3CzAAVsCYH5b3rrDzuWITEycgMzRd/gwj5oNcIf7vCOHEGK/Q5B/Gnkw/mvwJ,1.790161,2.165398,2.89079,0,2591700,17.55397,Delay-insensitive,2,3.5
521700,ahQ3CzAAVsCYH5b3rrDzuWITEycgMzRd/gwj5oNcIf7vCOHEGK/Q5B/Gnkw/mvwJ,1.719827,2.400634,4.137558,0,2591700,17.55397,Delay-insensitive,2,3.5
522000,ahQ3CzAAVsCYH5b3rrDzuWITEycgMzRd/gwj5oNcIf7vCOHEGK/Q5B/Gnkw/mvwJ,1.864806,3.156171,8.971533,0,2591700,17.55397,Delay-insensitive,2,3.5
522300,ahQ3CzAAVsCYH5b3rrDzuWITEycgMzRd/gwj5oNcIf7vCOHEGK/Q5B/Gnkw/mvwJ,0.943026,2.067178,2.756548,0,2591700,17.55397,Delay-insensitive,2,3.5
522600,ahQ3CzAAVsCYH5b3rrDzuWITEycgMzRd/gwj5oNcIf7vCOHEGK/Q5B/Gnkw/mvwJ,1.855762,2.344278,3.2018560000000003,0,2591700,17.55397,Delay-insensitive,2,3.5
522900,ahQ3CzAAVsCYH5b3rrDzuWITEycgMzRd/gwj5oNcIf7vCOHEGK/Q5B/Gnkw/mvwJ,1.778043,2.297175,2.832679,0,2591700,17.55397,Delay-insensitive,2,3.5
523200,ahQ3CzAAVsCYH5b3rrDzuWITEycgMzRd/gwj5oNcIf7vCOHEGK/Q5B/Gnkw/mvwJ,1.313872,2.1030290000000003,2.913937,0,2591700,17.55397,Delay-insensitive,2,3.5
523500,ahQ3CzAAVsCYH5b3rrDzuWITEycgMzRd/gwj5oNcIf7vCOHEGK/Q5B/Gnkw/mvwJ,1.907866,2.350153,3.1065560000000003,0,2591700,17.55397,Delay-insensitive,2,3.5
523800,ahQ3CzAAVsCYH5b3rrDzuWITEycgMzRd/gwj5oNcIf7vCOHEGK/Q5B/Gnkw/mvwJ,1.687226,2.75955,6.95758,0,2591700,17.55397,Delay-insensitive,2,3.5
524100,ahQ3CzAAVsCYH5b3rrDzuWITEycgMzRd/gwj5oNcIf7vCOHEGK/Q5B/Gnkw/mvwJ,1.8033,2.203855,2.852436,0,2591700,17.55397,Delay-insensitive,2,3.5
524400,ahQ3CzAAVsCYH5b3rrDzuWITEycgMzRd/gwj5oNcIf7vCOHEGK/Q5B/Gnkw/mvwJ,0.903389,2.219035,2.8121150000000004,0,2591700,17.55397,Delay-insensitive,2,3.5
524700,ahQ3CzAAVsCYH5b3rrDzuWITEycgMzRd/gwj5oNcIf7vCOHEGK/Q5B/Gnkw/mvwJ,1.70252,2.268862,3.236907,0,2591700,17.55397,Delay-insensitive,2,3.5
525000,ahQ3CzAAVsCYH5b3rrDzuWITEycgMzRd/gwj5oNcIf7vCOHEGK/Q5B/Gnkw/mvwJ,1.042042,2.072862,2.824485,0,2591700,17.55397,Delay-insensitive,2,3.5
525300,ahQ3CzAAVsCYH5b3rrDzuWITEycgMzRd/gwj5oNcIf7vCOHEGK/Q5B/Gnkw/mvwJ,1.82373,2.312386,3.077036,0,2591700,17.55397,Delay-insensitive,2,3.5
525600,ahQ3CzAAVsCYH5b3rrDzuWITEycgMzRd/gwj5oNcIf7vCOHEGK/Q5B/Gnkw/mvwJ,1.865198,3.188429,10.101225,0,2591700,17.55397,Delay-insensitive,2,3.5
525900,ahQ3CzAAVsCYH5b3rrDzuWITEycgMzRd/gwj5oNcIf7vCOHEGK/Q5B/Gnkw/mvwJ,1.421758,2.169651,2.899389,0,2591700,17.55397,Delay-insensitive,2,3.5
526200,ahQ3CzAAVsCYH5b3rrDzuWITEycgMzRd/gwj5oNcIf7vCOHEGK/Q5B/Gnkw/mvwJ,1.855174,2.294453,2.762435,0,2591700,17.55397,Delay-insensitive,2,3.5
526500,ahQ3CzAAVsCYH5b3rrDzuWITEycgMzRd/gwj5oNcIf7vCOHEGK/Q5B/Gnkw/mvwJ,1.707496,2.244012,3.277599,0,2591700,17.55397,Delay-insensitive,2,3.5
526800,ahQ3CzAAVsCYH5b3rrDzuWITEycgMzRd/gwj5oNcIf7vCOHEGK/Q5B/Gnkw/mvwJ,1.839075,2.266206,3.127196,0,2591700,17.55397,Delay-insensitive,2,3.5
527100,ahQ3CzAAVsCYH5b3rrDzuWITEycgMzRd/gwj5oNcIf7vCOHEGK/Q5B/Gnkw/mvwJ,0.6407689999999999,2.196615,2.896612,0,2591700,17.55397,Delay-insensitive,2,3.5
527400,ahQ3CzAAVsCYH5b3rrDzuWITEycgMzRd/gwj5oNcIf7vCOHEGK/Q5B/Gnkw/mvwJ,1.800316,2.854594,5.814961,0,2591700,17.55397,Delay-insensitive,2,3.5
527700,ahQ3CzAAVsCYH5b3rrDzuWITEycgMzRd/gwj5oNcIf7vCOHEGK/Q5B/Gnkw/mvwJ,0.573055,2.06414,2.686529,0,2591700,17.55397,Delay-insensitive,2,3.5
528000,ahQ3CzAAVsCYH5b3rrDzuWITEycgMzRd/gwj5oNcIf7vCOHEGK/Q5B/Gnkw/mvwJ,1.846797,2.348303,3.00535,0,2591700,17.55397,Delay-insensitive,2,3.5
528300,ahQ3CzAAVsCYH5b3rrDzuWITEycgMzRd/gwj5oNcIf7vCOHEGK/Q5B/Gnkw/mvwJ,0.712565,2.16853,3.190846,0,2591700,17.55397,Delay-insensitive,2,3.5
528600,ahQ3CzAAVsCYH5b3rrDzuWITEycgMzRd/gwj5oNcIf7vCOHEGK/Q5B/Gnkw/mvwJ,1.440965,2.192759,2.831634,0,2591700,17.55397,Delay-insensitive,2,3.5
528900,ahQ3CzAAVsCYH5b3rrDzuWITEycgMzRd/gwj5oNcIf7vCOHEGK/Q5B/Gnkw/mvwJ,1.844957,2.266499,2.73698,0,2591700,17.55397,Delay-insensitive,2,3.5
529200,ahQ3CzAAVsCYH5b3rrDzuWITEycgMzRd/gwj5oNcIf7vCOHEGK/Q5B/Gnkw/mvwJ,1.494789,3.180472,10.914874,0,2591700,17.55397,Delay-insensitive,2,3.5
529500,ahQ3CzAAVsCYH5b3rrDzuWITEycgMzRd/gwj5oNcIf7vCOHEGK/Q5B/Gnkw/mvwJ,1.735746,2.197533,2.72444,0,2591700,17.55397,Delay-insensitive,2,3.5
529800,ahQ3CzAAVsCYH5b3rrDzuWITEycgMzRd/gwj5oNcIf7vCOHEGK/Q5B/Gnkw/mvwJ,0.8481920000000001,2.208288,2.899828,0,2591700,17.55397,Delay-insensitive,2,3.5
530100,ahQ3CzAAVsCYH5b3rrDzuWITEycgMzRd/gwj5oNcIf7vCOHEGK/Q5B/Gnkw/mvwJ,1.766503,2.297685,3.313495,0,2591700,17.55397,Delay-insensitive,2,3.5
530400,ahQ3CzAAVsCYH5b3rrDzuWITEycgMzRd/gwj5oNcIf7vCOHEGK/Q5B/Gnkw/mvwJ,1.653084,2.340428,4.255269,0,2591700,17.55397,Delay-insensitive,2,3.5
530700,ahQ3CzAAVsCYH5b3rrDzuWITEycgMzRd/gwj5oNcIf7vCOHEGK/Q5B/Gnkw/mvwJ,1.781627,2.302103,2.806323,0,2591700,17.55397,Delay-insensitive,2,3.5
531000,ahQ3CzAAVsCYH5b3rrDzuWITEycgMzRd/gwj5oNcIf7vCOHEGK/Q5B/Gnkw/mvwJ,0.8202940000000001,2.624816,5.616524,0,2591700,17.55397,Delay-insensitive,2,3.5
531300,ahQ3CzAAVsCYH5b3rrDzuWITEycgMzRd/gwj5oNcIf7vCOHEGK/Q5B/Gnkw/mvwJ,1.877649,2.289699,3.517109,0,2591700,17.55397,Delay-insensitive,2,3.5
531600,ahQ3CzAAVsCYH5b3rrDzuWITEycgMzRd/gwj5oNcIf7vCOHEGK/Q5B/Gnkw/mvwJ,1.813442,2.3063130000000003,3.060174,0,2591700,17.55397,Delay-insensitive,2,3.5
531900,ahQ3CzAAVsCYH5b3rrDzuWITEycgMzRd/gwj5oNcIf7vCOHEGK/Q5B/Gnkw/mvwJ,0.937099,2.1941200000000003,3.218532,0,2591700,17.55397,Delay-insensitive,2,3.5
532200,ahQ3CzAAVsCYH5b3rrDzuWITEycgMzRd/gwj5oNcIf7vCOHEGK/Q5B/Gnkw/mvwJ,1.7325549999999998,2.2050490000000003,2.7846450000000003,0,2591700,17.55397,Delay-insensitive,2,3.5
532500,ahQ3CzAAVsCYH5b3rrDzuWITEycgMzRd/gwj5oNcIf7vCOHEGK/Q5B/Gnkw/mvwJ,0.835462,2.127295,3.060765,0,2591700,17.55397,Delay-insensitive,2,3.5
532800,ahQ3CzAAVsCYH5b3rrDzuWITEycgMzRd/gwj5oNcIf7vCOHEGK/Q5B/Gnkw/mvwJ,1.7579599999999995,3.142805,9.37625,0,2591700,17.55397,Delay-insensitive,2,3.5
533100,ahQ3CzAAVsCYH5b3rrDzuWITEycgMzRd/gwj5oNcIf7vCOHEGK/Q5B/Gnkw/mvwJ,1.834941,2.3333060000000003,4.1950400000000005,0,2591700,17.55397,Delay-insensitive,2,3.5
533400,ahQ3CzAAVsCYH5b3rrDzuWITEycgMzRd/gwj5oNcIf7vCOHEGK/Q5B/Gnkw/mvwJ,2.099378,9.699031,56.145084,0,2591700,17.55397,Delay-insensitive,2,3.5
533700,ahQ3CzAAVsCYH5b3rrDzuWITEycgMzRd/gwj5oNcIf7vCOHEGK/Q5B/Gnkw/mvwJ,1.148672,2.105353,2.844812,0,2591700,17.55397,Delay-insensitive,2,3.5
534000,ahQ3CzAAVsCYH5b3rrDzuWITEycgMzRd/gwj5oNcIf7vCOHEGK/Q5B/Gnkw/mvwJ,1.7704220000000002,2.3120380000000003,2.845298,0,2591700,17.55397,Delay-insensitive,2,3.5
534300,ahQ3CzAAVsCYH5b3rrDzuWITEycgMzRd/gwj5oNcIf7vCOHEGK/Q5B/Gnkw/mvwJ,1.630953,2.248463,3.101254,0,2591700,17.55397,Delay-insensitive,2,3.5
534600,ahQ3CzAAVsCYH5b3rrDzuWITEycgMzRd/gwj5oNcIf7vCOHEGK/Q5B/Gnkw/mvwJ,0.908796,2.2379860000000003,4.07147,0,2591700,17.55397,Delay-insensitive,2,3.5
534900,ahQ3CzAAVsCYH5b3rrDzuWITEycgMzRd/gwj5oNcIf7vCOHEGK/Q5B/Gnkw/mvwJ,1.703656,2.254966,3.143473,0,2591700,17.55397,Delay-insensitive,2,3.5
535200,ahQ3CzAAVsCYH5b3rrDzuWITEycgMzRd/gwj5oNcIf7vCOHEGK/Q5B/Gnkw/mvwJ,1.839083,2.367883,3.321997,0,2591700,17.55397,Delay-insensitive,2,3.5
535500,ahQ3CzAAVsCYH5b3rrDzuWITEycgMzRd/gwj5oNcIf7vCOHEGK/Q5B/Gnkw/mvwJ,1.835397,2.195544,3.103954,0,2591700,17.55397,Delay-insensitive,2,3.5
535800,ahQ3CzAAVsCYH5b3rrDzuWITEycgMzRd/gwj5oNcIf7vCOHEGK/Q5B/Gnkw/mvwJ,1.392692,2.2660240000000003,3.050039,0,2591700,17.55397,Delay-insensitive,2,3.5
536100,ahQ3CzAAVsCYH5b3rrDzuWITEycgMzRd/gwj5oNcIf7vCOHEGK/Q5B/Gnkw/mvwJ,1.834513,2.214728,3.334362,0,2591700,17.55397,Delay-insensitive,2,3.5
536400,ahQ3CzAAVsCYH5b3rrDzuWITEycgMzRd/gwj5oNcIf7vCOHEGK/Q5B/Gnkw/mvwJ,1.756144,3.065033,8.822958,0,2591700,17.55397,Delay-insensitive,2,3.5
536700,ahQ3CzAAVsCYH5b3rrDzuWITEycgMzRd/gwj5oNcIf7vCOHEGK/Q5B/Gnkw/mvwJ,1.265479,2.23009,3.59756,0,2591700,17.55397,Delay-insensitive,2,3.5
537000,ahQ3CzAAVsCYH5b3rrDzuWITEycgMzRd/gwj5oNcIf7vCOHEGK/Q5B/Gnkw/mvwJ,1.851596,2.3466560000000003,3.3499800000000004,0,2591700,17.55397,Delay-insensitive,2,3.5
537300,ahQ3CzAAVsCYH5b3rrDzuWITEycgMzRd/gwj5oNcIf7vCOHEGK/Q5B/Gnkw/mvwJ,0.7480479999999999,2.11906,3.110309,0,2591700,17.55397,Delay-insensitive,2,3.5
537600,ahQ3CzAAVsCYH5b3rrDzuWITEycgMzRd/gwj5oNcIf7vCOHEGK/Q5B/Gnkw/mvwJ,1.663613,2.3312060000000003,4.34432,0,2591700,17.55397,Delay-insensitive,2,3.5
537900,ahQ3CzAAVsCYH5b3rrDzuWITEycgMzRd/gwj5oNcIf7vCOHEGK/Q5B/Gnkw/mvwJ,1.735123,2.32649,3.142402,0,2591700,17.55397,Delay-insensitive,2,3.5
538200,ahQ3CzAAVsCYH5b3rrDzuWITEycgMzRd/gwj5oNcIf7vCOHEGK/Q5B/Gnkw/mvwJ,1.790199,2.724834,6.418443,0,2591700,17.55397,Delay-insensitive,2,3.5
538500,ahQ3CzAAVsCYH5b3rrDzuWITEycgMzRd/gwj5oNcIf7vCOHEGK/Q5B/Gnkw/mvwJ,1.664341,2.3068470000000003,3.799952,0,2591700,17.55397,Delay-insensitive,2,3.5
538800,ahQ3CzAAVsCYH5b3rrDzuWITEycgMzRd/gwj5oNcIf7vCOHEGK/Q5B/Gnkw/mvwJ,1.848676,2.318303,3.198415,0,2591700,17.55397,Delay-insensitive,2,3.5
539100,ahQ3CzAAVsCYH5b3rrDzuWITEycgMzRd/gwj5oNcIf7vCOHEGK/Q5B/Gnkw/mvwJ,1.818981,2.188415,2.988156,0,2591700,17.55397,Delay-insensitive,2,3.5
539400,ahQ3CzAAVsCYH5b3rrDzuWITEycgMzRd/gwj5oNcIf7vCOHEGK/Q5B/Gnkw/mvwJ,1.7014599999999998,2.239623,3.920752,0,2591700,17.55397,Delay-insensitive,2,3.5
539700,ahQ3CzAAVsCYH5b3rrDzuWITEycgMzRd/gwj5oNcIf7vCOHEGK/Q5B/Gnkw/mvwJ,1.782103,2.2698720000000003,3.313769,0,2591700,17.55397,Delay-insensitive,2,3.5
540000,ahQ3CzAAVsCYH5b3rrDzuWITEycgMzRd/gwj5oNcIf7vCOHEGK/Q5B/Gnkw/mvwJ,1.723138,3.090737,6.67255,0,2591700,17.55397,Delay-insensitive,2,3.5
540300,ahQ3CzAAVsCYH5b3rrDzuWITEycgMzRd/gwj5oNcIf7vCOHEGK/Q5B/Gnkw/mvwJ,1.819182,2.217864,3.175537,0,2591700,17.55397,Delay-insensitive,2,3.5
540600,ahQ3CzAAVsCYH5b3rrDzuWITEycgMzRd/gwj5oNcIf7vCOHEGK/Q5B/Gnkw/mvwJ,1.536507,2.234191,3.027093,0,2591700,17.55397,Delay-insensitive,2,3.5
540900,ahQ3CzAAVsCYH5b3rrDzuWITEycgMzRd/gwj5oNcIf7vCOHEGK/Q5B/Gnkw/mvwJ,1.719531,2.224532,3.118819,0,2591700,17.55397,Delay-insensitive,2,3.5
541200,ahQ3CzAAVsCYH5b3rrDzuWITEycgMzRd/gwj5oNcIf7vCOHEGK/Q5B/Gnkw/mvwJ,1.264294,2.149349,3.08427,0,2591700,17.55397,Delay-insensitive,2,3.5
541500,ahQ3CzAAVsCYH5b3rrDzuWITEycgMzRd/gwj5oNcIf7vCOHEGK/Q5B/Gnkw/mvwJ,1.811898,2.381585,4.01909,0,2591700,17.55397,Delay-insensitive,2,3.5
541800,ahQ3CzAAVsCYH5b3rrDzuWITEycgMzRd/gwj5oNcIf7vCOHEGK/Q5B/Gnkw/mvwJ,1.687599,2.862579,6.4979,0,2591700,17.55397,Delay-insensitive,2,3.5
542100,ahQ3CzAAVsCYH5b3rrDzuWITEycgMzRd/gwj5oNcIf7vCOHEGK/Q5B/Gnkw/mvwJ,1.745611,2.224978,3.09879,0,2591700,17.55397,Delay-insensitive,2,3.5
542400,ahQ3CzAAVsCYH5b3rrDzuWITEycgMzRd/gwj5oNcIf7vCOHEGK/Q5B/Gnkw/mvwJ,1.895238,2.302359,3.227711,0,2591700,17.55397,Delay-insensitive,2,3.5
542700,ahQ3CzAAVsCYH5b3rrDzuWITEycgMzRd/gwj5oNcIf7vCOHEGK/Q5B/Gnkw/mvwJ,1.754321,2.31162,2.808557,0,2591700,17.55397,Delay-insensitive,2,3.5
543000,ahQ3CzAAVsCYH5b3rrDzuWITEycgMzRd/gwj5oNcIf7vCOHEGK/Q5B/Gnkw/mvwJ,1.740366,2.234083,3.639963,0,2591700,17.55397,Delay-insensitive,2,3.5
543300,ahQ3CzAAVsCYH5b3rrDzuWITEycgMzRd/gwj5oNcIf7vCOHEGK/Q5B/Gnkw/mvwJ,1.444855,2.150476,3.035457,0,2591700,17.55397,Delay-insensitive,2,3.5
543600,ahQ3CzAAVsCYH5b3rrDzuWITEycgMzRd/gwj5oNcIf7vCOHEGK/Q5B/Gnkw/mvwJ,1.710552,3.178366,6.729850999999999,0,2591700,17.55397,Delay-insensitive,2,3.5
543900,ahQ3CzAAVsCYH5b3rrDzuWITEycgMzRd/gwj5oNcIf7vCOHEGK/Q5B/Gnkw/mvwJ,1.7094060000000002,4.513627,14.43411,0,2591700,17.55397,Delay-insensitive,2,3.5
544200,ahQ3CzAAVsCYH5b3rrDzuWITEycgMzRd/gwj5oNcIf7vCOHEGK/Q5B/Gnkw/mvwJ,1.798023,4.87194,27.306623,0,2591700,17.55397,Delay-insensitive,2,3.5
544500,ahQ3CzAAVsCYH5b3rrDzuWITEycgMzRd/gwj5oNcIf7vCOHEGK/Q5B/Gnkw/mvwJ,0.942593,2.196376,2.978446,0,2591700,17.55397,Delay-insensitive,2,3.5
544800,ahQ3CzAAVsCYH5b3rrDzuWITEycgMzRd/gwj5oNcIf7vCOHEGK/Q5B/Gnkw/mvwJ,1.78383,2.3143130000000003,3.650547,0,2591700,17.55397,Delay-insensitive,2,3.5
545100,ahQ3CzAAVsCYH5b3rrDzuWITEycgMzRd/gwj5oNcIf7vCOHEGK/Q5B/Gnkw/mvwJ,1.772618,2.271145,3.120745,0,2591700,17.55397,Delay-insensitive,2,3.5
545400,ahQ3CzAAVsCYH5b3rrDzuWITEycgMzRd/gwj5oNcIf7vCOHEGK/Q5B/Gnkw/mvwJ,1.480577,2.745935,6.441664,0,2591700,17.55397,Delay-insensitive,2,3.5
545700,ahQ3CzAAVsCYH5b3rrDzuWITEycgMzRd/gwj5oNcIf7vCOHEGK/Q5B/Gnkw/mvwJ,1.797002,2.203321,3.110605,0,2591700,17.55397,Delay-insensitive,2,3.5
546000,ahQ3CzAAVsCYH5b3rrDzuWITEycgMzRd/gwj5oNcIf7vCOHEGK/Q5B/Gnkw/mvwJ,0.910098,2.143936,2.824272,0,2591700,17.55397,Delay-insensitive,2,3.5
546300,ahQ3CzAAVsCYH5b3rrDzuWITEycgMzRd/gwj5oNcIf7vCOHEGK/Q5B/Gnkw/mvwJ,1.7804509999999998,2.232295,2.867727,0,2591700,17.55397,Delay-insensitive,2,3.5
546600,ahQ3CzAAVsCYH5b3rrDzuWITEycgMzRd/gwj5oNcIf7vCOHEGK/Q5B/Gnkw/mvwJ,1.658306,2.231865,3.185892,0,2591700,17.55397,Delay-insensitive,2,3.5
546900,ahQ3CzAAVsCYH5b3rrDzuWITEycgMzRd/gwj5oNcIf7vCOHEGK/Q5B/Gnkw/mvwJ,1.744671,2.279404,3.722372,0,2591700,17.55397,Delay-insensitive,2,3.5
547200,ahQ3CzAAVsCYH5b3rrDzuWITEycgMzRd/gwj5oNcIf7vCOHEGK/Q5B/Gnkw/mvwJ,1.269584,3.423566000000001,7.472111,0,2591700,17.55397,Delay-insensitive,2,3.5
547500,ahQ3CzAAVsCYH5b3rrDzuWITEycgMzRd/gwj5oNcIf7vCOHEGK/Q5B/Gnkw/mvwJ,1.7237939999999998,3.246422,8.540768,0,2591700,17.55397,Delay-insensitive,2,3.5
547800,ahQ3CzAAVsCYH5b3rrDzuWITEycgMzRd/gwj5oNcIf7vCOHEGK/Q5B/Gnkw/mvwJ,1.994068,2.422115,3.361384,0,2591700,17.55397,Delay-insensitive,2,3.5
548100,ahQ3CzAAVsCYH5b3rrDzuWITEycgMzRd/gwj5oNcIf7vCOHEGK/Q5B/Gnkw/mvwJ,0.876755,2.193753,3.152637,0,2591700,17.55397,Delay-insensitive,2,3.5
548400,ahQ3CzAAVsCYH5b3rrDzuWITEycgMzRd/gwj5oNcIf7vCOHEGK/Q5B/Gnkw/mvwJ,1.645518,2.276276,4.095708,0,2591700,17.55397,Delay-insensitive,2,3.5
548700,ahQ3CzAAVsCYH5b3rrDzuWITEycgMzRd/gwj5oNcIf7vCOHEGK/Q5B/Gnkw/mvwJ,0.879402,2.046709,3.234847,0,2591700,17.55397,Delay-insensitive,2,3.5
549000,ahQ3CzAAVsCYH5b3rrDzuWITEycgMzRd/gwj5oNcIf7vCOHEGK/Q5B/Gnkw/mvwJ,1.730868,2.742161,6.871432,0,2591700,17.55397,Delay-insensitive,2,3.5
549300,ahQ3CzAAVsCYH5b3rrDzuWITEycgMzRd/gwj5oNcIf7vCOHEGK/Q5B/Gnkw/mvwJ,1.592681,2.092369,2.568658,0,2591700,17.55397,Delay-insensitive,2,3.5
549600,ahQ3CzAAVsCYH5b3rrDzuWITEycgMzRd/gwj5oNcIf7vCOHEGK/Q5B/Gnkw/mvwJ,1.876101,2.303775,3.326252,0,2591700,17.55397,Delay-insensitive,2,3.5
549900,ahQ3CzAAVsCYH5b3rrDzuWITEycgMzRd/gwj5oNcIf7vCOHEGK/Q5B/Gnkw/mvwJ,1.08451,2.03127,3.343059,0,2591700,17.55397,Delay-insensitive,2,3.5
550200,ahQ3CzAAVsCYH5b3rrDzuWITEycgMzRd/gwj5oNcIf7vCOHEGK/Q5B/Gnkw/mvwJ,1.464961,2.001589,3.633321,0,2591700,17.55397,Delay-insensitive,2,3.5
550500,ahQ3CzAAVsCYH5b3rrDzuWITEycgMzRd/gwj5oNcIf7vCOHEGK/Q5B/Gnkw/mvwJ,1.574578,1.937879,3.053022,0,2591700,17.55397,Delay-insensitive,2,3.5
550800,ahQ3CzAAVsCYH5b3rrDzuWITEycgMzRd/gwj5oNcIf7vCOHEGK/Q5B/Gnkw/mvwJ,0.809929,2.854352,8.122956,0,2591700,17.55397,Delay-insensitive,2,3.5
551100,ahQ3CzAAVsCYH5b3rrDzuWITEycgMzRd/gwj5oNcIf7vCOHEGK/Q5B/Gnkw/mvwJ,1.7737459999999998,2.221417,3.706617,0,2591700,17.55397,Delay-insensitive,2,3.5
551400,ahQ3CzAAVsCYH5b3rrDzuWITEycgMzRd/gwj5oNcIf7vCOHEGK/Q5B/Gnkw/mvwJ,1.619985,2.229547,3.057236,0,2591700,17.55397,Delay-insensitive,2,3.5
551700,ahQ3CzAAVsCYH5b3rrDzuWITEycgMzRd/gwj5oNcIf7vCOHEGK/Q5B/Gnkw/mvwJ,1.769693,2.254904,3.186288,0,2591700,17.55397,Delay-insensitive,2,3.5
552000,ahQ3CzAAVsCYH5b3rrDzuWITEycgMzRd/gwj5oNcIf7vCOHEGK/Q5B/Gnkw/mvwJ,0.677109,2.082337,2.778872,0,2591700,17.55397,Delay-insensitive,2,3.5
552300,ahQ3CzAAVsCYH5b3rrDzuWITEycgMzRd/gwj5oNcIf7vCOHEGK/Q5B/Gnkw/mvwJ,1.466453,2.079965,3.218737,0,2591700,17.55397,Delay-insensitive,2,3.5
552600,ahQ3CzAAVsCYH5b3rrDzuWITEycgMzRd/gwj5oNcIf7vCOHEGK/Q5B/Gnkw/mvwJ,0.622984,2.270983,5.382797,0,2591700,17.55397,Delay-insensitive,2,3.5
552900,ahQ3CzAAVsCYH5b3rrDzuWITEycgMzRd/gwj5oNcIf7vCOHEGK/Q5B/Gnkw/mvwJ,1.611165,3.664712,20.179048,0,2591700,17.55397,Delay-insensitive,2,3.5
553200,ahQ3CzAAVsCYH5b3rrDzuWITEycgMzRd/gwj5oNcIf7vCOHEGK/Q5B/Gnkw/mvwJ,1.561462,1.990102,2.5015970000000003,0,2591700,17.55397,Delay-insensitive,2,3.5
553500,ahQ3CzAAVsCYH5b3rrDzuWITEycgMzRd/gwj5oNcIf7vCOHEGK/Q5B/Gnkw/mvwJ,0.766366,1.904696,2.723487,0,2591700,17.55397,Delay-insensitive,2,3.5
553800,ahQ3CzAAVsCYH5b3rrDzuWITEycgMzRd/gwj5oNcIf7vCOHEGK/Q5B/Gnkw/mvwJ,1.384385,1.915922,3.371554,0,2591700,17.55397,Delay-insensitive,2,3.5
554100,ahQ3CzAAVsCYH5b3rrDzuWITEycgMzRd/gwj5oNcIf7vCOHEGK/Q5B/Gnkw/mvwJ,1.391226,2.007321,2.721876,0,2591700,17.55397,Delay-insensitive,2,3.5
554400,ahQ3CzAAVsCYH5b3rrDzuWITEycgMzRd/gwj5oNcIf7vCOHEGK/Q5B/Gnkw/mvwJ,1.655803,3.016061,8.727307000000001,0,2591700,17.55397,Delay-insensitive,2,3.5
554700,ahQ3CzAAVsCYH5b3rrDzuWITEycgMzRd/gwj5oNcIf7vCOHEGK/Q5B/Gnkw/mvwJ,0.919589,2.026294,3.705186,0,2591700,17.55397,Delay-insensitive,2,3.5
555000,ahQ3CzAAVsCYH5b3rrDzuWITEycgMzRd/gwj5oNcIf7vCOHEGK/Q5B/Gnkw/mvwJ,1.6413080000000002,2.006876,2.5757790000000003,0,2591700,17.55397,Delay-insensitive,2,3.5
555300,ahQ3CzAAVsCYH5b3rrDzuWITEycgMzRd/gwj5oNcIf7vCOHEGK/Q5B/Gnkw/mvwJ,1.562993,2.024161,2.860805,0,2591700,17.55397,Delay-insensitive,2,3.5
555600,ahQ3CzAAVsCYH5b3rrDzuWITEycgMzRd/gwj5oNcIf7vCOHEGK/Q5B/Gnkw/mvwJ,1.400919,1.98078,3.324175,0,2591700,17.55397,Delay-insensitive,2,3.5
555900,ahQ3CzAAVsCYH5b3rrDzuWITEycgMzRd/gwj5oNcIf7vCOHEGK/Q5B/Gnkw/mvwJ,1.503653,1.977691,2.530683,0,2591700,17.55397,Delay-insensitive,2,3.5
556200,ahQ3CzAAVsCYH5b3rrDzuWITEycgMzRd/gwj5oNcIf7vCOHEGK/Q5B/Gnkw/mvwJ,1.521868,2.47254,5.622215,0,2591700,17.55397,Delay-insensitive,2,3.5
556500,ahQ3CzAAVsCYH5b3rrDzuWITEycgMzRd/gwj5oNcIf7vCOHEGK/Q5B/Gnkw/mvwJ,1.459418,1.978887,2.944933,0,2591700,17.55397,Delay-insensitive,2,3.5
556800,ahQ3CzAAVsCYH5b3rrDzuWITEycgMzRd/gwj5oNcIf7vCOHEGK/Q5B/Gnkw/mvwJ,0.656007,2.014355,2.831364,0,2591700,17.55397,Delay-insensitive,2,3.5
557100,ahQ3CzAAVsCYH5b3rrDzuWITEycgMzRd/gwj5oNcIf7vCOHEGK/Q5B/Gnkw/mvwJ,1.575018,1.957522,2.697182,0,2591700,17.55397,Delay-insensitive,2,3.5
557400,ahQ3CzAAVsCYH5b3rrDzuWITEycgMzRd/gwj5oNcIf7vCOHEGK/Q5B/Gnkw/mvwJ,1.570743,2.050881,4.4311110000000005,0,2591700,17.55397,Delay-insensitive,2,3.5
557700,ahQ3CzAAVsCYH5b3rrDzuWITEycgMzRd/gwj5oNcIf7vCOHEGK/Q5B/Gnkw/mvwJ,1.702434,1.999982,2.633698,0,2591700,17.55397,Delay-insensitive,2,3.5
558000,ahQ3CzAAVsCYH5b3rrDzuWITEycgMzRd/gwj5oNcIf7vCOHEGK/Q5B/Gnkw/mvwJ,1.624094,3.176014,10.297071,0,2591700,17.55397,Delay-insensitive,2,3.5
558300,ahQ3CzAAVsCYH5b3rrDzuWITEycgMzRd/gwj5oNcIf7vCOHEGK/Q5B/Gnkw/mvwJ,1.443893,2.011149,3.362081,0,2591700,17.55397,Delay-insensitive,2,3.5
558600,ahQ3CzAAVsCYH5b3rrDzuWITEycgMzRd/gwj5oNcIf7vCOHEGK/Q5B/Gnkw/mvwJ,1.95907,2.357692,3.2719,0,2591700,17.55397,Delay-insensitive,2,3.5
558900,ahQ3CzAAVsCYH5b3rrDzuWITEycgMzRd/gwj5oNcIf7vCOHEGK/Q5B/Gnkw/mvwJ,1.504258,1.971151,2.539601,0,2591700,17.55397,Delay-insensitive,2,3.5
559200,ahQ3CzAAVsCYH5b3rrDzuWITEycgMzRd/gwj5oNcIf7vCOHEGK/Q5B/Gnkw/mvwJ,1.451082,1.877643,2.637239,0,2591700,17.55397,Delay-insensitive,2,3.5
559500,ahQ3CzAAVsCYH5b3rrDzuWITEycgMzRd/gwj5oNcIf7vCOHEGK/Q5B/Gnkw/mvwJ,1.315117,2.07608,2.566584,0,2591700,17.55397,Delay-insensitive,2,3.5
559800,ahQ3CzAAVsCYH5b3rrDzuWITEycgMzRd/gwj5oNcIf7vCOHEGK/Q5B/Gnkw/mvwJ,1.809448,2.729916,5.565059,0,2591700,17.55397,Delay-insensitive,2,3.5
560100,ahQ3CzAAVsCYH5b3rrDzuWITEycgMzRd/gwj5oNcIf7vCOHEGK/Q5B/Gnkw/mvwJ,1.497753,1.983238,3.821204,0,2591700,17.55397,Delay-insensitive,2,3.5
560400,ahQ3CzAAVsCYH5b3rrDzuWITEycgMzRd/gwj5oNcIf7vCOHEGK/Q5B/Gnkw/mvwJ,1.535135,2.032162,2.977974,0,2591700,17.55397,Delay-insensitive,2,3.5
560700,ahQ3CzAAVsCYH5b3rrDzuWITEycgMzRd/gwj5oNcIf7vCOHEGK/Q5B/Gnkw/mvwJ,0.6418729999999999,1.879979,2.81122,0,2591700,17.55397,Delay-insensitive,2,3.5
561000,ahQ3CzAAVsCYH5b3rrDzuWITEycgMzRd/gwj5oNcIf7vCOHEGK/Q5B/Gnkw/mvwJ,1.152173,1.938942,3.14008,0,2591700,17.55397,Delay-insensitive,2,3.5
561300,ahQ3CzAAVsCYH5b3rrDzuWITEycgMzRd/gwj5oNcIf7vCOHEGK/Q5B/Gnkw/mvwJ,1.469805,2.120946,3.0735360000000003,0,2591700,17.55397,Delay-insensitive,2,3.5
561600,ahQ3CzAAVsCYH5b3rrDzuWITEycgMzRd/gwj5oNcIf7vCOHEGK/Q5B/Gnkw/mvwJ,1.407752,3.03763,8.516936,0,2591700,17.55397,Delay-insensitive,2,3.5
561900,ahQ3CzAAVsCYH5b3rrDzuWITEycgMzRd/gwj5oNcIf7vCOHEGK/Q5B/Gnkw/mvwJ,1.733268,2.17961,2.878881,0,2591700,17.55397,Delay-insensitive,2,3.5
562200,ahQ3CzAAVsCYH5b3rrDzuWITEycgMzRd/gwj5oNcIf7vCOHEGK/Q5B/Gnkw/mvwJ,0.560671,1.909187,2.697996,0,2591700,17.55397,Delay-insensitive,2,3.5
562500,ahQ3CzAAVsCYH5b3rrDzuWITEycgMzRd/gwj5oNcIf7vCOHEGK/Q5B/Gnkw/mvwJ,1.460297,1.912296,2.784927,0,2591700,17.55397,Delay-insensitive,2,3.5
562800,ahQ3CzAAVsCYH5b3rrDzuWITEycgMzRd/gwj5oNcIf7vCOHEGK/Q5B/Gnkw/mvwJ,1.562064,1.881808,2.728268,0,2591700,17.55397,Delay-insensitive,2,3.5
563100,ahQ3CzAAVsCYH5b3rrDzuWITEycgMzRd/gwj5oNcIf7vCOHEGK/Q5B/Gnkw/mvwJ,1.44562,2.1369290000000003,3.006801,0,2591700,17.55397,Delay-insensitive,2,3.5
563400,ahQ3CzAAVsCYH5b3rrDzuWITEycgMzRd/gwj5oNcIf7vCOHEGK/Q5B/Gnkw/mvwJ,0.817145,2.6173490000000004,5.868323,0,2591700,17.55397,Delay-insensitive,2,3.5
563700,ahQ3CzAAVsCYH5b3rrDzuWITEycgMzRd/gwj5oNcIf7vCOHEGK/Q5B/Gnkw/mvwJ,1.39485,2.207593,4.281361,0,2591700,17.55397,Delay-insensitive,2,3.5
564000,ahQ3CzAAVsCYH5b3rrDzuWITEycgMzRd/gwj5oNcIf7vCOHEGK/Q5B/Gnkw/mvwJ,1.621805,2.05206,3.09062,0,2591700,17.55397,Delay-insensitive,2,3.5
564300,ahQ3CzAAVsCYH5b3rrDzuWITEycgMzRd/gwj5oNcIf7vCOHEGK/Q5B/Gnkw/mvwJ,0.652598,1.895459,2.885284,0,2591700,17.55397,Delay-insensitive,2,3.5
564600,ahQ3CzAAVsCYH5b3rrDzuWITEycgMzRd/gwj5oNcIf7vCOHEGK/Q5B/Gnkw/mvwJ,1.486518,1.954273,2.481434,0,2591700,17.55397,Delay-insensitive,2,3.5
564900,ahQ3CzAAVsCYH5b3rrDzuWITEycgMzRd/gwj5oNcIf7vCOHEGK/Q5B/Gnkw/mvwJ,0.696516,2.194013,2.951608,0,2591700,17.55397,Delay-insensitive,2,3.5
565200,ahQ3CzAAVsCYH5b3rrDzuWITEycgMzRd/gwj5oNcIf7vCOHEGK/Q5B/Gnkw/mvwJ,1.737486,3.2086240000000004,8.623877,0,2591700,17.55397,Delay-insensitive,2,3.5
565500,ahQ3CzAAVsCYH5b3rrDzuWITEycgMzRd/gwj5oNcIf7vCOHEGK/Q5B/Gnkw/mvwJ,1.604508,2.213605,3.363843,0,2591700,17.55397,Delay-insensitive,2,3.5
565800,ahQ3CzAAVsCYH5b3rrDzuWITEycgMzRd/gwj5oNcIf7vCOHEGK/Q5B/Gnkw/mvwJ,1.526794,1.97688,2.773194,0,2591700,17.55397,Delay-insensitive,2,3.5
566100,ahQ3CzAAVsCYH5b3rrDzuWITEycgMzRd/gwj5oNcIf7vCOHEGK/Q5B/Gnkw/mvwJ,0.931841,1.81483,2.4935110000000003,0,2591700,17.55397,Delay-insensitive,2,3.5
566400,ahQ3CzAAVsCYH5b3rrDzuWITEycgMzRd/gwj5oNcIf7vCOHEGK/Q5B/Gnkw/mvwJ,1.484233,2.045423,2.992841,0,2591700,17.55397,Delay-insensitive,2,3.5
566700,ahQ3CzAAVsCYH5b3rrDzuWITEycgMzRd/gwj5oNcIf7vCOHEGK/Q5B/Gnkw/mvwJ,1.577836,2.008258,2.819229,0,2591700,17.55397,Delay-insensitive,2,3.5
567000,ahQ3CzAAVsCYH5b3rrDzuWITEycgMzRd/gwj5oNcIf7vCOHEGK/Q5B/Gnkw/mvwJ,1.259809,2.072401,3.920986,0,2591700,17.55397,Delay-insensitive,2,3.5
567300,ahQ3CzAAVsCYH5b3rrDzuWITEycgMzRd/gwj5oNcIf7vCOHEGK/Q5B/Gnkw/mvwJ,1.35989,2.147548,2.802942,0,2591700,17.55397,Delay-insensitive,2,3.5
567600,ahQ3CzAAVsCYH5b3rrDzuWITEycgMzRd/gwj5oNcIf7vCOHEGK/Q5B/Gnkw/mvwJ,1.485108,2.031759,2.910485,0,2591700,17.55397,Delay-insensitive,2,3.5
567900,ahQ3CzAAVsCYH5b3rrDzuWITEycgMzRd/gwj5oNcIf7vCOHEGK/Q5B/Gnkw/mvwJ,1.499736,1.83274,2.646995,0,2591700,17.55397,Delay-insensitive,2,3.5
568200,ahQ3CzAAVsCYH5b3rrDzuWITEycgMzRd/gwj5oNcIf7vCOHEGK/Q5B/Gnkw/mvwJ,1.012966,2.099707,3.29114,0,2591700,17.55397,Delay-insensitive,2,3.5
568500,ahQ3CzAAVsCYH5b3rrDzuWITEycgMzRd/gwj5oNcIf7vCOHEGK/Q5B/Gnkw/mvwJ,1.41157,1.989857,2.621219,0,2591700,17.55397,Delay-insensitive,2,3.5
568800,ahQ3CzAAVsCYH5b3rrDzuWITEycgMzRd/gwj5oNcIf7vCOHEGK/Q5B/Gnkw/mvwJ,1.499554,2.893008,8.343388000000001,0,2591700,17.55397,Delay-insensitive,2,3.5
569100,ahQ3CzAAVsCYH5b3rrDzuWITEycgMzRd/gwj5oNcIf7vCOHEGK/Q5B/Gnkw/mvwJ,1.661091,2.110184,3.933546,0,2591700,17.55397,Delay-insensitive,2,3.5
569400,ahQ3CzAAVsCYH5b3rrDzuWITEycgMzRd/gwj5oNcIf7vCOHEGK/Q5B/Gnkw/mvwJ,1.867091,2.423874,3.065881,0,2591700,17.55397,Delay-insensitive,2,3.5
569700,ahQ3CzAAVsCYH5b3rrDzuWITEycgMzRd/gwj5oNcIf7vCOHEGK/Q5B/Gnkw/mvwJ,1.848712,2.185674,2.967034,0,2591700,17.55397,Delay-insensitive,2,3.5
570000,ahQ3CzAAVsCYH5b3rrDzuWITEycgMzRd/gwj5oNcIf7vCOHEGK/Q5B/Gnkw/mvwJ,1.896444,2.411606,2.99926,0,2591700,17.55397,Delay-insensitive,2,3.5
570300,ahQ3CzAAVsCYH5b3rrDzuWITEycgMzRd/gwj5oNcIf7vCOHEGK/Q5B/Gnkw/mvwJ,0.955078,2.344783,3.077504,0,2591700,17.55397,Delay-insensitive,2,3.5
570600,ahQ3CzAAVsCYH5b3rrDzuWITEycgMzRd/gwj5oNcIf7vCOHEGK/Q5B/Gnkw/mvwJ,1.882683,2.881309,8.224812,0,2591700,17.55397,Delay-insensitive,2,3.5
570900,ahQ3CzAAVsCYH5b3rrDzuWITEycgMzRd/gwj5oNcIf7vCOHEGK/Q5B/Gnkw/mvwJ,1.64796,2.35924,3.196489,0,2591700,17.55397,Delay-insensitive,2,3.5
571200,ahQ3CzAAVsCYH5b3rrDzuWITEycgMzRd/gwj5oNcIf7vCOHEGK/Q5B/Gnkw/mvwJ,1.923826,2.499278,2.945945,0,2591700,17.55397,Delay-insensitive,2,3.5
571500,ahQ3CzAAVsCYH5b3rrDzuWITEycgMzRd/gwj5oNcIf7vCOHEGK/Q5B/Gnkw/mvwJ,1.751386,2.23305,2.828885,0,2591700,17.55397,Delay-insensitive,2,3.5
571800,ahQ3CzAAVsCYH5b3rrDzuWITEycgMzRd/gwj5oNcIf7vCOHEGK/Q5B/Gnkw/mvwJ,1.423027,2.252328,2.846749,0,2591700,17.55397,Delay-insensitive,2,3.5
572100,ahQ3CzAAVsCYH5b3rrDzuWITEycgMzRd/gwj5oNcIf7vCOHEGK/Q5B/Gnkw/mvwJ,1.877131,2.394802,3.2634220000000003,0,2591700,17.55397,Delay-insensitive,2,3.5
572400,ahQ3CzAAVsCYH5b3rrDzuWITEycgMzRd/gwj5oNcIf7vCOHEGK/Q5B/Gnkw/mvwJ,1.827487,3.234991,9.056252,0,2591700,17.55397,Delay-insensitive,2,3.5
572700,ahQ3CzAAVsCYH5b3rrDzuWITEycgMzRd/gwj5oNcIf7vCOHEGK/Q5B/Gnkw/mvwJ,1.868197,5.234538,18.640352,0,2591700,17.55397,Delay-insensitive,2,3.5
573000,ahQ3CzAAVsCYH5b3rrDzuWITEycgMzRd/gwj5oNcIf7vCOHEGK/Q5B/Gnkw/mvwJ,1.233249,4.178502,23.677805,0,2591700,17.55397,Delay-insensitive,2,3.5
573300,ahQ3CzAAVsCYH5b3rrDzuWITEycgMzRd/gwj5oNcIf7vCOHEGK/Q5B/Gnkw/mvwJ,2.011967,2.367116,3.314129,0,2591700,17.55397,Delay-insensitive,2,3.5
573600,ahQ3CzAAVsCYH5b3rrDzuWITEycgMzRd/gwj5oNcIf7vCOHEGK/Q5B/Gnkw/mvwJ,0.874791,2.208026,3.1015740000000003,0,2591700,17.55397,Delay-insensitive,2,3.5
573900,ahQ3CzAAVsCYH5b3rrDzuWITEycgMzRd/gwj5oNcIf7vCOHEGK/Q5B/Gnkw/mvwJ,1.949903,2.402178,3.2002900000000003,0,2591700,17.55397,Delay-insensitive,2,3.5
574200,ahQ3CzAAVsCYH5b3rrDzuWITEycgMzRd/gwj5oNcIf7vCOHEGK/Q5B/Gnkw/mvwJ,1.494329,2.696172,5.82279,0,2591700,17.55397,Delay-insensitive,2,3.5
574500,ahQ3CzAAVsCYH5b3rrDzuWITEycgMzRd/gwj5oNcIf7vCOHEGK/Q5B/Gnkw/mvwJ,1.84191,2.310188,3.5888660000000003,0,2591700,17.55397,Delay-insensitive,2,3.5
574800,ahQ3CzAAVsCYH5b3rrDzuWITEycgMzRd/gwj5oNcIf7vCOHEGK/Q5B/Gnkw/mvwJ,1.582666,2.390028,3.443343,0,2591700,17.55397,Delay-insensitive,2,3.5
575100,ahQ3CzAAVsCYH5b3rrDzuWITEycgMzRd/gwj5oNcIf7vCOHEGK/Q5B/Gnkw/mvwJ,1.898299,2.31563,3.1215,0,2591700,17.55397,Delay-insensitive,2,3.5
575400,ahQ3CzAAVsCYH5b3rrDzuWITEycgMzRd/gwj5oNcIf7vCOHEGK/Q5B/Gnkw/mvwJ,1.935452,2.358795,3.384992,0,2591700,17.55397,Delay-insensitive,2,3.5
575700,ahQ3CzAAVsCYH5b3rrDzuWITEycgMzRd/gwj5oNcIf7vCOHEGK/Q5B/Gnkw/mvwJ,0.850058,2.369196,3.233404,0,2591700,17.55397,Delay-insensitive,2,3.5
576000,ahQ3CzAAVsCYH5b3rrDzuWITEycgMzRd/gwj5oNcIf7vCOHEGK/Q5B/Gnkw/mvwJ,1.95842,3.272978,8.937591000000001,0,2591700,17.55397,Delay-insensitive,2,3.5
576300,ahQ3CzAAVsCYH5b3rrDzuWITEycgMzRd/gwj5oNcIf7vCOHEGK/Q5B/Gnkw/mvwJ,1.775191,2.308247,3.144516,0,2591700,17.55397,Delay-insensitive,2,3.5
576600,ahQ3CzAAVsCYH5b3rrDzuWITEycgMzRd/gwj5oNcIf7vCOHEGK/Q5B/Gnkw/mvwJ,1.958717,3.038435,9.570011,0,2591700,17.55397,Delay-insensitive,2,3.5
576900,ahQ3CzAAVsCYH5b3rrDzuWITEycgMzRd/gwj5oNcIf7vCOHEGK/Q5B/Gnkw/mvwJ,1.593365,8.041149,55.183424,0,2591700,17.55397,Delay-insensitive,2,3.5
577200,ahQ3CzAAVsCYH5b3rrDzuWITEycgMzRd/gwj5oNcIf7vCOHEGK/Q5B/Gnkw/mvwJ,1.873647,2.367532,3.249237,0,2591700,17.55397,Delay-insensitive,2,3.5
577500,ahQ3CzAAVsCYH5b3rrDzuWITEycgMzRd/gwj5oNcIf7vCOHEGK/Q5B/Gnkw/mvwJ,1.892929,2.488442,4.21357,0,2591700,17.55397,Delay-insensitive,2,3.5
577800,ahQ3CzAAVsCYH5b3rrDzuWITEycgMzRd/gwj5oNcIf7vCOHEGK/Q5B/Gnkw/mvwJ,0.8209110000000001,2.730063,6.409102,0,2591700,17.55397,Delay-insensitive,2,3.5
578100,ahQ3CzAAVsCYH5b3rrDzuWITEycgMzRd/gwj5oNcIf7vCOHEGK/Q5B/Gnkw/mvwJ,1.7880169999999995,2.255408,2.883008,0,2591700,17.55397,Delay-insensitive,2,3.5
578400,ahQ3CzAAVsCYH5b3rrDzuWITEycgMzRd/gwj5oNcIf7vCOHEGK/Q5B/Gnkw/mvwJ,1.712981,2.30636,3.104735,0,2591700,17.55397,Delay-insensitive,2,3.5
578700,ahQ3CzAAVsCYH5b3rrDzuWITEycgMzRd/gwj5oNcIf7vCOHEGK/Q5B/Gnkw/mvwJ,1.843514,2.311192,2.797015,0,2591700,17.55397,Delay-insensitive,2,3.5
579000,ahQ3CzAAVsCYH5b3rrDzuWITEycgMzRd/gwj5oNcIf7vCOHEGK/Q5B/Gnkw/mvwJ,1.7833740000000002,2.385121,2.905559,0,2591700,17.55397,Delay-insensitive,2,3.5
579300,ahQ3CzAAVsCYH5b3rrDzuWITEycgMzRd/gwj5oNcIf7vCOHEGK/Q5B/Gnkw/mvwJ,1.880471,2.296734,3.086838,0,2591700,17.55397,Delay-insensitive,2,3.5
579600,ahQ3CzAAVsCYH5b3rrDzuWITEycgMzRd/gwj5oNcIf7vCOHEGK/Q5B/Gnkw/mvwJ,1.064648,3.210955,8.220208999999999,0,2591700,17.55397,Delay-insensitive,2,3.5
579900,ahQ3CzAAVsCYH5b3rrDzuWITEycgMzRd/gwj5oNcIf7vCOHEGK/Q5B/Gnkw/mvwJ,1.731599,2.26323,3.08641,0,2591700,17.55397,Delay-insensitive,2,3.5
580200,ahQ3CzAAVsCYH5b3rrDzuWITEycgMzRd/gwj5oNcIf7vCOHEGK/Q5B/Gnkw/mvwJ,1.907952,2.436971,3.081026,0,2591700,17.55397,Delay-insensitive,2,3.5
580500,ahQ3CzAAVsCYH5b3rrDzuWITEycgMzRd/gwj5oNcIf7vCOHEGK/Q5B/Gnkw/mvwJ,1.150925,2.32281,3.231505,0,2591700,17.55397,Delay-insensitive,2,3.5
580800,ahQ3CzAAVsCYH5b3rrDzuWITEycgMzRd/gwj5oNcIf7vCOHEGK/Q5B/Gnkw/mvwJ,1.788412,2.326918,2.936143,0,2591700,17.55397,Delay-insensitive,2,3.5
581100,ahQ3CzAAVsCYH5b3rrDzuWITEycgMzRd/gwj5oNcIf7vCOHEGK/Q5B/Gnkw/mvwJ,1.456885,2.23711,2.921223,0,2591700,17.55397,Delay-insensitive,2,3.5
581400,ahQ3CzAAVsCYH5b3rrDzuWITEycgMzRd/gwj5oNcIf7vCOHEGK/Q5B/Gnkw/mvwJ,1.881189,2.847831,6.7994710000000005,0,2591700,17.55397,Delay-insensitive,2,3.5
581700,ahQ3CzAAVsCYH5b3rrDzuWITEycgMzRd/gwj5oNcIf7vCOHEGK/Q5B/Gnkw/mvwJ,1.777036,2.295046,2.871335,0,2591700,17.55397,Delay-insensitive,2,3.5
582000,ahQ3CzAAVsCYH5b3rrDzuWITEycgMzRd/gwj5oNcIf7vCOHEGK/Q5B/Gnkw/mvwJ,1.840156,2.3251470000000003,3.091863,0,2591700,17.55397,Delay-insensitive,2,3.5
582300,ahQ3CzAAVsCYH5b3rrDzuWITEycgMzRd/gwj5oNcIf7vCOHEGK/Q5B/Gnkw/mvwJ,0.995758,2.213254,2.90746,0,2591700,17.55397,Delay-insensitive,2,3.5
582600,ahQ3CzAAVsCYH5b3rrDzuWITEycgMzRd/gwj5oNcIf7vCOHEGK/Q5B/Gnkw/mvwJ,1.90131,2.249075,2.8871,0,2591700,17.55397,Delay-insensitive,2,3.5
582900,ahQ3CzAAVsCYH5b3rrDzuWITEycgMzRd/gwj5oNcIf7vCOHEGK/Q5B/Gnkw/mvwJ,1.951336,2.45004,3.363589,0,2591700,17.55397,Delay-insensitive,2,3.5
583200,ahQ3CzAAVsCYH5b3rrDzuWITEycgMzRd/gwj5oNcIf7vCOHEGK/Q5B/Gnkw/mvwJ,1.181094,12.912204,43.978487,0,2591700,17.55397,Delay-insensitive,2,3.5
583500,ahQ3CzAAVsCYH5b3rrDzuWITEycgMzRd/gwj5oNcIf7vCOHEGK/Q5B/Gnkw/mvwJ,1.958139,2.3237650000000003,2.879652,0,2591700,17.55397,Delay-insensitive,2,3.5
583800,ahQ3CzAAVsCYH5b3rrDzuWITEycgMzRd/gwj5oNcIf7vCOHEGK/Q5B/Gnkw/mvwJ,1.04572,2.272357,3.030402,0,2591700,17.55397,Delay-insensitive,2,3.5
584100,ahQ3CzAAVsCYH5b3rrDzuWITEycgMzRd/gwj5oNcIf7vCOHEGK/Q5B/Gnkw/mvwJ,1.807139,2.34853,3.393689,0,2591700,17.55397,Delay-insensitive,2,3.5
584400,ahQ3CzAAVsCYH5b3rrDzuWITEycgMzRd/gwj5oNcIf7vCOHEGK/Q5B/Gnkw/mvwJ,1.947182,2.294817,2.907555,0,2591700,17.55397,Delay-insensitive,2,3.5
584700,ahQ3CzAAVsCYH5b3rrDzuWITEycgMzRd/gwj5oNcIf7vCOHEGK/Q5B/Gnkw/mvwJ,1.872673,2.270432,2.756989,0,2591700,17.55397,Delay-insensitive,2,3.5
585000,ahQ3CzAAVsCYH5b3rrDzuWITEycgMzRd/gwj5oNcIf7vCOHEGK/Q5B/Gnkw/mvwJ,1.234376,2.765116,7.049836999999999,0,2591700,17.55397,Delay-insensitive,2,3.5
585300,ahQ3CzAAVsCYH5b3rrDzuWITEycgMzRd/gwj5oNcIf7vCOHEGK/Q5B/Gnkw/mvwJ,1.785357,2.289494,3.2315970000000003,0,2591700,17.55397,Delay-insensitive,2,3.5
585600,ahQ3CzAAVsCYH5b3rrDzuWITEycgMzRd/gwj5oNcIf7vCOHEGK/Q5B/Gnkw/mvwJ,1.915757,3.6116,15.648095,0,2591700,17.55397,Delay-insensitive,2,3.5
585900,ahQ3CzAAVsCYH5b3rrDzuWITEycgMzRd/gwj5oNcIf7vCOHEGK/Q5B/Gnkw/mvwJ,0.72314,2.184742,4.119063,0,2591700,17.55397,Delay-insensitive,2,3.5
586200,ahQ3CzAAVsCYH5b3rrDzuWITEycgMzRd/gwj5oNcIf7vCOHEGK/Q5B/Gnkw/mvwJ,1.732788,2.291474,3.3661480000000004,0,2591700,17.55397,Delay-insensitive,2,3.5
586500,ahQ3CzAAVsCYH5b3rrDzuWITEycgMzRd/gwj5oNcIf7vCOHEGK/Q5B/Gnkw/mvwJ,1.535355,2.278404,3.580144,0,2591700,17.55397,Delay-insensitive,2,3.5
586800,ahQ3CzAAVsCYH5b3rrDzuWITEycgMzRd/gwj5oNcIf7vCOHEGK/Q5B/Gnkw/mvwJ,1.756004,3.312974,10.633536,0,2591700,17.55397,Delay-insensitive,2,3.5
587100,ahQ3CzAAVsCYH5b3rrDzuWITEycgMzRd/gwj5oNcIf7vCOHEGK/Q5B/Gnkw/mvwJ,1.539083,2.251548,3.273001,0,2591700,17.55397,Delay-insensitive,2,3.5
587400,ahQ3CzAAVsCYH5b3rrDzuWITEycgMzRd/gwj5oNcIf7vCOHEGK/Q5B/Gnkw/mvwJ,1.871607,2.339017,3.120744,0,2591700,17.55397,Delay-insensitive,2,3.5
587700,ahQ3CzAAVsCYH5b3rrDzuWITEycgMzRd/gwj5oNcIf7vCOHEGK/Q5B/Gnkw/mvwJ,0.947357,2.229731,3.800754,0,2591700,17.55397,Delay-insensitive,2,3.5
588000,ahQ3CzAAVsCYH5b3rrDzuWITEycgMzRd/gwj5oNcIf7vCOHEGK/Q5B/Gnkw/mvwJ,1.802852,2.321529,3.199043,0,2591700,17.55397,Delay-insensitive,2,3.5
588300,ahQ3CzAAVsCYH5b3rrDzuWITEycgMzRd/gwj5oNcIf7vCOHEGK/Q5B/Gnkw/mvwJ,1.7220830000000005,2.6177040000000003,4.208704,0,2591700,17.55397,Delay-insensitive,2,3.5
588600,ahQ3CzAAVsCYH5b3rrDzuWITEycgMzRd/gwj5oNcIf7vCOHEGK/Q5B/Gnkw/mvwJ,0.967244,2.822287,6.568975,0,2591700,17.55397,Delay-insensitive,2,3.5
588900,ahQ3CzAAVsCYH5b3rrDzuWITEycgMzRd/gwj5oNcIf7vCOHEGK/Q5B/Gnkw/mvwJ,1.7237759999999998,2.2752380000000003,3.291557,0,2591700,17.55397,Delay-insensitive,2,3.5
589200,ahQ3CzAAVsCYH5b3rrDzuWITEycgMzRd/gwj5oNcIf7vCOHEGK/Q5B/Gnkw/mvwJ,1.142437,2.241884,3.122685,0,2591700,17.55397,Delay-insensitive,2,3.5
589500,ahQ3CzAAVsCYH5b3rrDzuWITEycgMzRd/gwj5oNcIf7vCOHEGK/Q5B/Gnkw/mvwJ,1.789291,2.321683,3.879503,0,2591700,17.55397,Delay-insensitive,2,3.5
589800,ahQ3CzAAVsCYH5b3rrDzuWITEycgMzRd/gwj5oNcIf7vCOHEGK/Q5B/Gnkw/mvwJ,1.359381,2.198484,3.325542,0,2591700,17.55397,Delay-insensitive,2,3.5
590100,ahQ3CzAAVsCYH5b3rrDzuWITEycgMzRd/gwj5oNcIf7vCOHEGK/Q5B/Gnkw/mvwJ,1.890658,2.3111200000000003,3.252792,0,2591700,17.55397,Delay-insensitive,2,3.5
590400,ahQ3CzAAVsCYH5b3rrDzuWITEycgMzRd/gwj5oNcIf7vCOHEGK/Q5B/Gnkw/mvwJ,1.173051,3.186587,8.302671,0,2591700,17.55397,Delay-insensitive,2,3.5
590700,ahQ3CzAAVsCYH5b3rrDzuWITEycgMzRd/gwj5oNcIf7vCOHEGK/Q5B/Gnkw/mvwJ,1.889991,2.532439,5.8448150000000005,0,2591700,17.55397,Delay-insensitive,2,3.5
591000,ahQ3CzAAVsCYH5b3rrDzuWITEycgMzRd/gwj5oNcIf7vCOHEGK/Q5B/Gnkw/mvwJ,1.938866,2.511323,3.135337,0,2591700,17.55397,Delay-insensitive,2,3.5
591300,ahQ3CzAAVsCYH5b3rrDzuWITEycgMzRd/gwj5oNcIf7vCOHEGK/Q5B/Gnkw/mvwJ,1.403425,2.274119,3.784511,0,2591700,17.55397,Delay-insensitive,2,3.5
591600,ahQ3CzAAVsCYH5b3rrDzuWITEycgMzRd/gwj5oNcIf7vCOHEGK/Q5B/Gnkw/mvwJ,1.718252,2.363526,3.626874,0,2591700,17.55397,Delay-insensitive,2,3.5
591900,ahQ3CzAAVsCYH5b3rrDzuWITEycgMzRd/gwj5oNcIf7vCOHEGK/Q5B/Gnkw/mvwJ,1.11947,2.211473,2.901559,0,2591700,17.55397,Delay-insensitive,2,3.5
592200,ahQ3CzAAVsCYH5b3rrDzuWITEycgMzRd/gwj5oNcIf7vCOHEGK/Q5B/Gnkw/mvwJ,1.95794,2.846119,6.418428,0,2591700,17.55397,Delay-insensitive,2,3.5
592500,ahQ3CzAAVsCYH5b3rrDzuWITEycgMzRd/gwj5oNcIf7vCOHEGK/Q5B/Gnkw/mvwJ,1.333794,2.1006080000000003,2.792625,0,2591700,17.55397,Delay-insensitive,2,3.5
592800,ahQ3CzAAVsCYH5b3rrDzuWITEycgMzRd/gwj5oNcIf7vCOHEGK/Q5B/Gnkw/mvwJ,2.017808,2.442458,3.031391,0,2591700,17.55397,Delay-insensitive,2,3.5
593100,ahQ3CzAAVsCYH5b3rrDzuWITEycgMzRd/gwj5oNcIf7vCOHEGK/Q5B/Gnkw/mvwJ,0.844467,2.178843,3.015686,0,2591700,17.55397,Delay-insensitive,2,3.5
593400,ahQ3CzAAVsCYH5b3rrDzuWITEycgMzRd/gwj5oNcIf7vCOHEGK/Q5B/Gnkw/mvwJ,1.845377,2.300466,3.047845,0,2591700,17.55397,Delay-insensitive,2,3.5
593700,ahQ3CzAAVsCYH5b3rrDzuWITEycgMzRd/gwj5oNcIf7vCOHEGK/Q5B/Gnkw/mvwJ,1.98384,2.506411,3.320053,0,2591700,17.55397,Delay-insensitive,2,3.5
594000,ahQ3CzAAVsCYH5b3rrDzuWITEycgMzRd/gwj5oNcIf7vCOHEGK/Q5B/Gnkw/mvwJ,0.763695,2.871322,9.612441,0,2591700,17.55397,Delay-insensitive,2,3.5
594300,ahQ3CzAAVsCYH5b3rrDzuWITEycgMzRd/gwj5oNcIf7vCOHEGK/Q5B/Gnkw/mvwJ,1.713493,2.3287880000000003,2.99191,0,2591700,17.55397,Delay-insensitive,2,3.5
594600,ahQ3CzAAVsCYH5b3rrDzuWITEycgMzRd/gwj5oNcIf7vCOHEGK/Q5B/Gnkw/mvwJ,0.989186,2.304133,3.696011,0,2591700,17.55397,Delay-insensitive,2,3.5
594900,ahQ3CzAAVsCYH5b3rrDzuWITEycgMzRd/gwj5oNcIf7vCOHEGK/Q5B/Gnkw/mvwJ,1.977083,2.401864,3.386082,0,2591700,17.55397,Delay-insensitive,2,3.5
595200,ahQ3CzAAVsCYH5b3rrDzuWITEycgMzRd/gwj5oNcIf7vCOHEGK/Q5B/Gnkw/mvwJ,1.864966,2.24556,3.170681,0,2591700,17.55397,Delay-insensitive,2,3.5
595500,ahQ3CzAAVsCYH5b3rrDzuWITEycgMzRd/gwj5oNcIf7vCOHEGK/Q5B/Gnkw/mvwJ,1.781911,2.396104,3.199408,0,2591700,17.55397,Delay-insensitive,2,3.5
595800,ahQ3CzAAVsCYH5b3rrDzuWITEycgMzRd/gwj5oNcIf7vCOHEGK/Q5B/Gnkw/mvwJ,1.346402,2.748645,6.441737,0,2591700,17.55397,Delay-insensitive,2,3.5
596100,ahQ3CzAAVsCYH5b3rrDzuWITEycgMzRd/gwj5oNcIf7vCOHEGK/Q5B/Gnkw/mvwJ,1.819128,2.260789,3.125695,0,2591700,17.55397,Delay-insensitive,2,3.5
596400,ahQ3CzAAVsCYH5b3rrDzuWITEycgMzRd/gwj5oNcIf7vCOHEGK/Q5B/Gnkw/mvwJ,1.978209,2.462797,3.306964,0,2591700,17.55397,Delay-insensitive,2,3.5
596700,ahQ3CzAAVsCYH5b3rrDzuWITEycgMzRd/gwj5oNcIf7vCOHEGK/Q5B/Gnkw/mvwJ,0.873034,2.128358,3.337399,0,2591700,17.55397,Delay-insensitive,2,3.5
597000,ahQ3CzAAVsCYH5b3rrDzuWITEycgMzRd/gwj5oNcIf7vCOHEGK/Q5B/Gnkw/mvwJ,1.838371,2.229495,3.063615,0,2591700,17.55397,Delay-insensitive,2,3.5
597300,ahQ3CzAAVsCYH5b3rrDzuWITEycgMzRd/gwj5oNcIf7vCOHEGK/Q5B/Gnkw/mvwJ,0.8140109999999999,2.195505,3.331183,0,2591700,17.55397,Delay-insensitive,2,3.5
597600,ahQ3CzAAVsCYH5b3rrDzuWITEycgMzRd/gwj5oNcIf7vCOHEGK/Q5B/Gnkw/mvwJ,1.93687,3.4325080000000003,8.40709,0,2591700,17.55397,Delay-insensitive,2,3.5
597900,ahQ3CzAAVsCYH5b3rrDzuWITEycgMzRd/gwj5oNcIf7vCOHEGK/Q5B/Gnkw/mvwJ,1.895915,2.86647,14.410776,0,2591700,17.55397,Delay-insensitive,2,3.5
598200,ahQ3CzAAVsCYH5b3rrDzuWITEycgMzRd/gwj5oNcIf7vCOHEGK/Q5B/Gnkw/mvwJ,1.7720169999999995,2.48145,3.640956,0,2591700,17.55397,Delay-insensitive,2,3.5
598500,ahQ3CzAAVsCYH5b3rrDzuWITEycgMzRd/gwj5oNcIf7vCOHEGK/Q5B/Gnkw/mvwJ,1.261067,2.289475,4.4507900000000005,0,2591700,17.55397,Delay-insensitive,2,3.5
598800,ahQ3CzAAVsCYH5b3rrDzuWITEycgMzRd/gwj5oNcIf7vCOHEGK/Q5B/Gnkw/mvwJ,1.859725,2.319421,3.660822,0,2591700,17.55397,Delay-insensitive,2,3.5
599100,ahQ3CzAAVsCYH5b3rrDzuWITEycgMzRd/gwj5oNcIf7vCOHEGK/Q5B/Gnkw/mvwJ,1.506692,2.387732,3.286867,0,2591700,17.55397,Delay-insensitive,2,3.5
599400,ahQ3CzAAVsCYH5b3rrDzuWITEycgMzRd/gwj5oNcIf7vCOHEGK/Q5B/Gnkw/mvwJ,0.779985,2.426247,4.273217,0,2591700,17.55397,Delay-insensitive,2,3.5
599700,ahQ3CzAAVsCYH5b3rrDzuWITEycgMzRd/gwj5oNcIf7vCOHEGK/Q5B/Gnkw/mvwJ,1.7470450000000002,2.2680290000000003,3.2488740000000003,0,2591700,17.55397,Delay-insensitive,2,3.5
600000,ahQ3CzAAVsCYH5b3rrDzuWITEycgMzRd/gwj5oNcIf7vCOHEGK/Q5B/Gnkw/mvwJ,1.717134,2.395353,3.317381,0,2591700,17.55397,Delay-insensitive,2,3.5
600300,ahQ3CzAAVsCYH5b3rrDzuWITEycgMzRd/gwj5oNcIf7vCOHEGK/Q5B/Gnkw/mvwJ,1.881068,2.379007,3.907269,0,2591700,17.55397,Delay-insensitive,2,3.5
600600,ahQ3CzAAVsCYH5b3rrDzuWITEycgMzRd/gwj5oNcIf7vCOHEGK/Q5B/Gnkw/mvwJ,0.917698,2.12821,3.220848,0,2591700,17.55397,Delay-insensitive,2,3.5
600900,ahQ3CzAAVsCYH5b3rrDzuWITEycgMzRd/gwj5oNcIf7vCOHEGK/Q5B/Gnkw/mvwJ,1.921961,2.4416290000000003,3.194064,0,2591700,17.55397,Delay-insensitive,2,3.5
601200,ahQ3CzAAVsCYH5b3rrDzuWITEycgMzRd/gwj5oNcIf7vCOHEGK/Q5B/Gnkw/mvwJ,1.874548,3.435411,8.946733,0,2591700,17.55397,Delay-insensitive,2,3.5
601500,ahQ3CzAAVsCYH5b3rrDzuWITEycgMzRd/gwj5oNcIf7vCOHEGK/Q5B/Gnkw/mvwJ,1.962112,5.723287,25.530995,0,2591700,17.55397,Delay-insensitive,2,3.5
601800,ahQ3CzAAVsCYH5b3rrDzuWITEycgMzRd/gwj5oNcIf7vCOHEGK/Q5B/Gnkw/mvwJ,1.62836,2.710909,4.787903,0,2591700,17.55397,Delay-insensitive,2,3.5
602100,ahQ3CzAAVsCYH5b3rrDzuWITEycgMzRd/gwj5oNcIf7vCOHEGK/Q5B/Gnkw/mvwJ,0.7565569999999999,2.254607,3.140101,0,2591700,17.55397,Delay-insensitive,2,3.5
602400,ahQ3CzAAVsCYH5b3rrDzuWITEycgMzRd/gwj5oNcIf7vCOHEGK/Q5B/Gnkw/mvwJ,1.847392,2.342466,2.987578,0,2591700,17.55397,Delay-insensitive,2,3.5
602700,ahQ3CzAAVsCYH5b3rrDzuWITEycgMzRd/gwj5oNcIf7vCOHEGK/Q5B/Gnkw/mvwJ,1.65478,2.370874,3.133206,0,2591700,17.55397,Delay-insensitive,2,3.5
603000,ahQ3CzAAVsCYH5b3rrDzuWITEycgMzRd/gwj5oNcIf7vCOHEGK/Q5B/Gnkw/mvwJ,1.983596,2.899267,5.979964,0,2591700,17.55397,Delay-insensitive,2,3.5
603300,ahQ3CzAAVsCYH5b3rrDzuWITEycgMzRd/gwj5oNcIf7vCOHEGK/Q5B/Gnkw/mvwJ,0.7163069999999999,2.136041,2.9982830000000003,0,2591700,17.55397,Delay-insensitive,2,3.5
603600,ahQ3CzAAVsCYH5b3rrDzuWITEycgMzRd/gwj5oNcIf7vCOHEGK/Q5B/Gnkw/mvwJ,1.933405,2.516083,3.263587,0,2591700,17.55397,Delay-insensitive,2,3.5
603900,ahQ3CzAAVsCYH5b3rrDzuWITEycgMzRd/gwj5oNcIf7vCOHEGK/Q5B/Gnkw/mvwJ,1.82843,2.456503,4.206483,0,2591700,17.55397,Delay-insensitive,2,3.5
604200,ahQ3CzAAVsCYH5b3rrDzuWITEycgMzRd/gwj5oNcIf7vCOHEGK/Q5B/Gnkw/mvwJ,1.7139950000000002,2.304736,2.888626,0,2591700,17.55397,Delay-insensitive,2,3.5
604500,ahQ3CzAAVsCYH5b3rrDzuWITEycgMzRd/gwj5oNcIf7vCOHEGK/Q5B/Gnkw/mvwJ,0.8879870000000001,2.374832,3.20221,0,2591700,17.55397,Delay-insensitive,2,3.5
604800,ahQ3CzAAVsCYH5b3rrDzuWITEycgMzRd/gwj5oNcIf7vCOHEGK/Q5B/Gnkw/mvwJ,1.150691,2.9765650000000003,9.052727,0,2591700,17.55397,Delay-insensitive,2,3.5
605100,ahQ3CzAAVsCYH5b3rrDzuWITEycgMzRd/gwj5oNcIf7vCOHEGK/Q5B/Gnkw/mvwJ,1.873327,2.3689560000000003,3.018148,0,2591700,17.55397,Delay-insensitive,2,3.5
605400,ahQ3CzAAVsCYH5b3rrDzuWITEycgMzRd/gwj5oNcIf7vCOHEGK/Q5B/Gnkw/mvwJ,1.659184,2.402606,2.855217,0,2591700,17.55397,Delay-insensitive,2,3.5
605700,ahQ3CzAAVsCYH5b3rrDzuWITEycgMzRd/gwj5oNcIf7vCOHEGK/Q5B/Gnkw/mvwJ,1.756873,2.248591,3.652124,0,2591700,17.55397,Delay-insensitive,2,3.5
606000,ahQ3CzAAVsCYH5b3rrDzuWITEycgMzRd/gwj5oNcIf7vCOHEGK/Q5B/Gnkw/mvwJ,1.816511,3.650037,17.081676,0,2591700,17.55397,Delay-insensitive,2,3.5
606300,ahQ3CzAAVsCYH5b3rrDzuWITEycgMzRd/gwj5oNcIf7vCOHEGK/Q5B/Gnkw/mvwJ,1.83593,2.374961,3.014635,0,2591700,17.55397,Delay-insensitive,2,3.5
606600,ahQ3CzAAVsCYH5b3rrDzuWITEycgMzRd/gwj5oNcIf7vCOHEGK/Q5B/Gnkw/mvwJ,1.643384,2.837553,5.793444,0,2591700,17.55397,Delay-insensitive,2,3.5
606900,ahQ3CzAAVsCYH5b3rrDzuWITEycgMzRd/gwj5oNcIf7vCOHEGK/Q5B/Gnkw/mvwJ,1.858897,2.384591,3.055798,0,2591700,17.55397,Delay-insensitive,2,3.5
607200,ahQ3CzAAVsCYH5b3rrDzuWITEycgMzRd/gwj5oNcIf7vCOHEGK/Q5B/Gnkw/mvwJ,0.938763,2.41537,3.110319,0,2591700,17.55397,Delay-insensitive,2,3.5
607500,ahQ3CzAAVsCYH5b3rrDzuWITEycgMzRd/gwj5oNcIf7vCOHEGK/Q5B/Gnkw/mvwJ,0.753635,2.221068,3.038599,0,2591700,17.55397,Delay-insensitive,2,3.5
607800,ahQ3CzAAVsCYH5b3rrDzuWITEycgMzRd/gwj5oNcIf7vCOHEGK/Q5B/Gnkw/mvwJ,1.810589,2.39722,2.943043,0,2591700,17.55397,Delay-insensitive,2,3.5
608100,ahQ3CzAAVsCYH5b3rrDzuWITEycgMzRd/gwj5oNcIf7vCOHEGK/Q5B/Gnkw/mvwJ,1.876664,2.43684,3.06469,0,2591700,17.55397,Delay-insensitive,2,3.5
608400,ahQ3CzAAVsCYH5b3rrDzuWITEycgMzRd/gwj5oNcIf7vCOHEGK/Q5B/Gnkw/mvwJ,1.973156,3.314425,10.275971,0,2591700,17.55397,Delay-insensitive,2,3.5
608700,ahQ3CzAAVsCYH5b3rrDzuWITEycgMzRd/gwj5oNcIf7vCOHEGK/Q5B/Gnkw/mvwJ,1.741206,2.369984,3.052735,0,2591700,17.55397,Delay-insensitive,2,3.5
609000,ahQ3CzAAVsCYH5b3rrDzuWITEycgMzRd/gwj5oNcIf7vCOHEGK/Q5B/Gnkw/mvwJ,1.992633,2.465239,3.182245,0,2591700,17.55397,Delay-insensitive,2,3.5
609300,ahQ3CzAAVsCYH5b3rrDzuWITEycgMzRd/gwj5oNcIf7vCOHEGK/Q5B/Gnkw/mvwJ,1.750503,2.292601,3.122517,0,2591700,17.55397,Delay-insensitive,2,3.5
609600,ahQ3CzAAVsCYH5b3rrDzuWITEycgMzRd/gwj5oNcIf7vCOHEGK/Q5B/Gnkw/mvwJ,1.85364,2.44522,3.145342,0,2591700,17.55397,Delay-insensitive,2,3.5
609900,ahQ3CzAAVsCYH5b3rrDzuWITEycgMzRd/gwj5oNcIf7vCOHEGK/Q5B/Gnkw/mvwJ,1.246624,2.3804220000000003,3.480141,0,2591700,17.55397,Delay-insensitive,2,3.5
610200,ahQ3CzAAVsCYH5b3rrDzuWITEycgMzRd/gwj5oNcIf7vCOHEGK/Q5B/Gnkw/mvwJ,1.809375,2.907611,6.903645,0,2591700,17.55397,Delay-insensitive,2,3.5
610500,ahQ3CzAAVsCYH5b3rrDzuWITEycgMzRd/gwj5oNcIf7vCOHEGK/Q5B/Gnkw/mvwJ,1.821857,2.37505,3.346563,0,2591700,17.55397,Delay-insensitive,2,3.5
610800,ahQ3CzAAVsCYH5b3rrDzuWITEycgMzRd/gwj5oNcIf7vCOHEGK/Q5B/Gnkw/mvwJ,1.398149,2.369272,3.509139,0,2591700,17.55397,Delay-insensitive,2,3.5
611100,ahQ3CzAAVsCYH5b3rrDzuWITEycgMzRd/gwj5oNcIf7vCOHEGK/Q5B/Gnkw/mvwJ,1.811489,2.294082,3.143774,0,2591700,17.55397,Delay-insensitive,2,3.5
611400,ahQ3CzAAVsCYH5b3rrDzuWITEycgMzRd/gwj5oNcIf7vCOHEGK/Q5B/Gnkw/mvwJ,1.856843,2.361609,3.106111,0,2591700,17.55397,Delay-insensitive,2,3.5
611700,ahQ3CzAAVsCYH5b3rrDzuWITEycgMzRd/gwj5oNcIf7vCOHEGK/Q5B/Gnkw/mvwJ,1.954311,2.3863220000000003,3.359378,0,2591700,17.55397,Delay-insensitive,2,3.5
612000,ahQ3CzAAVsCYH5b3rrDzuWITEycgMzRd/gwj5oNcIf7vCOHEGK/Q5B/Gnkw/mvwJ,1.347061,3.213013,10.163536,0,2591700,17.55397,Delay-insensitive,2,3.5
612300,ahQ3CzAAVsCYH5b3rrDzuWITEycgMzRd/gwj5oNcIf7vCOHEGK/Q5B/Gnkw/mvwJ,1.7481259999999998,2.347095,3.562461,0,2591700,17.55397,Delay-insensitive,2,3.5
612600,ahQ3CzAAVsCYH5b3rrDzuWITEycgMzRd/gwj5oNcIf7vCOHEGK/Q5B/Gnkw/mvwJ,1.075492,2.418134,3.683744,0,2591700,17.55397,Delay-insensitive,2,3.5
612900,ahQ3CzAAVsCYH5b3rrDzuWITEycgMzRd/gwj5oNcIf7vCOHEGK/Q5B/Gnkw/mvwJ,1.60867,2.306899,3.181966,0,2591700,17.55397,Delay-insensitive,2,3.5
613200,ahQ3CzAAVsCYH5b3rrDzuWITEycgMzRd/gwj5oNcIf7vCOHEGK/Q5B/Gnkw/mvwJ,1.8151580000000005,2.382434,3.386624,0,2591700,17.55397,Delay-insensitive,2,3.5
613500,ahQ3CzAAVsCYH5b3rrDzuWITEycgMzRd/gwj5oNcIf7vCOHEGK/Q5B/Gnkw/mvwJ,1.817442,2.584525,4.073036,0,2591700,17.55397,Delay-insensitive,2,3.5
613800,ahQ3CzAAVsCYH5b3rrDzuWITEycgMzRd/gwj5oNcIf7vCOHEGK/Q5B/Gnkw/mvwJ,1.929291,2.862259,5.605951999999999,0,2591700,17.55397,Delay-insensitive,2,3.5
614100,ahQ3CzAAVsCYH5b3rrDzuWITEycgMzRd/gwj5oNcIf7vCOHEGK/Q5B/Gnkw/mvwJ,1.0769,2.323186,3.430765,0,2591700,17.55397,Delay-insensitive,2,3.5
614400,ahQ3CzAAVsCYH5b3rrDzuWITEycgMzRd/gwj5oNcIf7vCOHEGK/Q5B/Gnkw/mvwJ,1.798069,2.434602,3.360009,0,2591700,17.55397,Delay-insensitive,2,3.5
614700,ahQ3CzAAVsCYH5b3rrDzuWITEycgMzRd/gwj5oNcIf7vCOHEGK/Q5B/Gnkw/mvwJ,1.772475,2.248925,2.883378,0,2591700,17.55397,Delay-insensitive,2,3.5
615000,ahQ3CzAAVsCYH5b3rrDzuWITEycgMzRd/gwj5oNcIf7vCOHEGK/Q5B/Gnkw/mvwJ,1.7468580000000002,2.436488,3.255789,0,2591700,17.55397,Delay-insensitive,2,3.5
615300,ahQ3CzAAVsCYH5b3rrDzuWITEycgMzRd/gwj5oNcIf7vCOHEGK/Q5B/Gnkw/mvwJ,1.291123,2.317184,3.487886,0,2591700,17.55397,Delay-insensitive,2,3.5
615600,ahQ3CzAAVsCYH5b3rrDzuWITEycgMzRd/gwj5oNcIf7vCOHEGK/Q5B/Gnkw/mvwJ,2.2280740000000003,3.529749,8.597221000000001,0,2591700,17.55397,Delay-insensitive,2,3.5
615900,ahQ3CzAAVsCYH5b3rrDzuWITEycgMzRd/gwj5oNcIf7vCOHEGK/Q5B/Gnkw/mvwJ,1.90159,2.41861,3.062409,0,2591700,17.55397,Delay-insensitive,2,3.5
616200,ahQ3CzAAVsCYH5b3rrDzuWITEycgMzRd/gwj5oNcIf7vCOHEGK/Q5B/Gnkw/mvwJ,1.965314,2.501213,3.694132,0,2591700,17.55397,Delay-insensitive,2,3.5
616500,ahQ3CzAAVsCYH5b3rrDzuWITEycgMzRd/gwj5oNcIf7vCOHEGK/Q5B/Gnkw/mvwJ,1.9010240000000005,2.424855,3.207855,0,2591700,17.55397,Delay-insensitive,2,3.5
616800,ahQ3CzAAVsCYH5b3rrDzuWITEycgMzRd/gwj5oNcIf7vCOHEGK/Q5B/Gnkw/mvwJ,1.125523,2.360377,3.086754,0,2591700,17.55397,Delay-insensitive,2,3.5
617100,ahQ3CzAAVsCYH5b3rrDzuWITEycgMzRd/gwj5oNcIf7vCOHEGK/Q5B/Gnkw/mvwJ,1.889384,2.426354,3.219203,0,2591700,17.55397,Delay-insensitive,2,3.5
617400,ahQ3CzAAVsCYH5b3rrDzuWITEycgMzRd/gwj5oNcIf7vCOHEGK/Q5B/Gnkw/mvwJ,1.746825,2.682118,5.436948999999999,0,2591700,17.55397,Delay-insensitive,2,3.5
617700,ahQ3CzAAVsCYH5b3rrDzuWITEycgMzRd/gwj5oNcIf7vCOHEGK/Q5B/Gnkw/mvwJ,1.7535040000000002,2.247976,2.983586,0,2591700,17.55397,Delay-insensitive,2,3.5
618000,ahQ3CzAAVsCYH5b3rrDzuWITEycgMzRd/gwj5oNcIf7vCOHEGK/Q5B/Gnkw/mvwJ,1.640593,2.203907,3.129209,0,2591700,17.55397,Delay-insensitive,2,3.5
618300,ahQ3CzAAVsCYH5b3rrDzuWITEycgMzRd/gwj5oNcIf7vCOHEGK/Q5B/Gnkw/mvwJ,1.695776,2.206576,3.008405,0,2591700,17.55397,Delay-insensitive,2,3.5
618600,ahQ3CzAAVsCYH5b3rrDzuWITEycgMzRd/gwj5oNcIf7vCOHEGK/Q5B/Gnkw/mvwJ,1.695214,2.16023,2.718359,0,2591700,17.55397,Delay-insensitive,2,3.5
618900,ahQ3CzAAVsCYH5b3rrDzuWITEycgMzRd/gwj5oNcIf7vCOHEGK/Q5B/Gnkw/mvwJ,1.744274,2.194084,3.053812,0,2591700,17.55397,Delay-insensitive,2,3.5
619200,ahQ3CzAAVsCYH5b3rrDzuWITEycgMzRd/gwj5oNcIf7vCOHEGK/Q5B/Gnkw/mvwJ,1.966649,3.2322450000000003,7.840431,0,2591700,17.55397,Delay-insensitive,2,3.5
619500,ahQ3CzAAVsCYH5b3rrDzuWITEycgMzRd/gwj5oNcIf7vCOHEGK/Q5B/Gnkw/mvwJ,0.998107,2.121594,2.888033,0,2591700,17.55397,Delay-insensitive,2,3.5
619800,ahQ3CzAAVsCYH5b3rrDzuWITEycgMzRd/gwj5oNcIf7vCOHEGK/Q5B/Gnkw/mvwJ,1.702319,2.210201,2.849878,0,2591700,17.55397,Delay-insensitive,2,3.5
620100,ahQ3CzAAVsCYH5b3rrDzuWITEycgMzRd/gwj5oNcIf7vCOHEGK/Q5B/Gnkw/mvwJ,1.969176,5.77636,40.152874,0,2591700,17.55397,Delay-insensitive,2,3.5
620400,ahQ3CzAAVsCYH5b3rrDzuWITEycgMzRd/gwj5oNcIf7vCOHEGK/Q5B/Gnkw/mvwJ,1.750003,2.25038,3.313447,0,2591700,17.55397,Delay-insensitive,2,3.5
620700,ahQ3CzAAVsCYH5b3rrDzuWITEycgMzRd/gwj5oNcIf7vCOHEGK/Q5B/Gnkw/mvwJ,1.342156,2.133017,2.734513,0,2591700,17.55397,Delay-insensitive,2,3.5
621000,ahQ3CzAAVsCYH5b3rrDzuWITEycgMzRd/gwj5oNcIf7vCOHEGK/Q5B/Gnkw/mvwJ,1.904442,2.909791,6.88957,0,2591700,17.55397,Delay-insensitive,2,3.5
621300,ahQ3CzAAVsCYH5b3rrDzuWITEycgMzRd/gwj5oNcIf7vCOHEGK/Q5B/Gnkw/mvwJ,1.716127,2.214296,3.097182,0,2591700,17.55397,Delay-insensitive,2,3.5
621600,ahQ3CzAAVsCYH5b3rrDzuWITEycgMzRd/gwj5oNcIf7vCOHEGK/Q5B/Gnkw/mvwJ,1.211044,2.264375,3.420617,0,2591700,17.55397,Delay-insensitive,2,3.5
621900,ahQ3CzAAVsCYH5b3rrDzuWITEycgMzRd/gwj5oNcIf7vCOHEGK/Q5B/Gnkw/mvwJ,1.697344,2.243867,2.9703310000000003,0,2591700,17.55397,Delay-insensitive,2,3.5
622200,ahQ3CzAAVsCYH5b3rrDzuWITEycgMzRd/gwj5oNcIf7vCOHEGK/Q5B/Gnkw/mvwJ,1.710365,2.142051,3.325761,0,2591700,17.55397,Delay-insensitive,2,3.5
622500,ahQ3CzAAVsCYH5b3rrDzuWITEycgMzRd/gwj5oNcIf7vCOHEGK/Q5B/Gnkw/mvwJ,1.595645,2.167179,2.764161,0,2591700,17.55397,Delay-insensitive,2,3.5
622800,ahQ3CzAAVsCYH5b3rrDzuWITEycgMzRd/gwj5oNcIf7vCOHEGK/Q5B/Gnkw/mvwJ,1.649871,3.549564,7.329255,0,2591700,17.55397,Delay-insensitive,2,3.5
623100,ahQ3CzAAVsCYH5b3rrDzuWITEycgMzRd/gwj5oNcIf7vCOHEGK/Q5B/Gnkw/mvwJ,1.640263,2.187106,3.3243910000000003,0,2591700,17.55397,Delay-insensitive,2,3.5
623400,ahQ3CzAAVsCYH5b3rrDzuWITEycgMzRd/gwj5oNcIf7vCOHEGK/Q5B/Gnkw/mvwJ,1.7317060000000002,2.161642,2.830846,0,2591700,17.55397,Delay-insensitive,2,3.5
623700,ahQ3CzAAVsCYH5b3rrDzuWITEycgMzRd/gwj5oNcIf7vCOHEGK/Q5B/Gnkw/mvwJ,1.7051599999999998,2.331385,3.300126,0,2591700,17.55397,Delay-insensitive,2,3.5
624000,ahQ3CzAAVsCYH5b3rrDzuWITEycgMzRd/gwj5oNcIf7vCOHEGK/Q5B/Gnkw/mvwJ,1.61501,2.22848,3.213127,0,2591700,17.55397,Delay-insensitive,2,3.5
624300,ahQ3CzAAVsCYH5b3rrDzuWITEycgMzRd/gwj5oNcIf7vCOHEGK/Q5B/Gnkw/mvwJ,1.621967,2.150619,2.742486,0,2591700,17.55397,Delay-insensitive,2,3.5
624600,ahQ3CzAAVsCYH5b3rrDzuWITEycgMzRd/gwj5oNcIf7vCOHEGK/Q5B/Gnkw/mvwJ,1.7556169999999998,2.721699,6.087688,0,2591700,17.55397,Delay-insensitive,2,3.5
624900,ahQ3CzAAVsCYH5b3rrDzuWITEycgMzRd/gwj5oNcIf7vCOHEGK/Q5B/Gnkw/mvwJ,1.642726,2.32517,4.600859,0,2591700,17.55397,Delay-insensitive,2,3.5
625200,ahQ3CzAAVsCYH5b3rrDzuWITEycgMzRd/gwj5oNcIf7vCOHEGK/Q5B/Gnkw/mvwJ,1.658785,2.249371,3.257623,0,2591700,17.55397,Delay-insensitive,2,3.5
625500,ahQ3CzAAVsCYH5b3rrDzuWITEycgMzRd/gwj5oNcIf7vCOHEGK/Q5B/Gnkw/mvwJ,1.684991,2.167869,3.030116,0,2591700,17.55397,Delay-insensitive,2,3.5
625800,ahQ3CzAAVsCYH5b3rrDzuWITEycgMzRd/gwj5oNcIf7vCOHEGK/Q5B/Gnkw/mvwJ,1.696492,2.267142,3.495761,0,2591700,17.55397,Delay-insensitive,2,3.5
626100,ahQ3CzAAVsCYH5b3rrDzuWITEycgMzRd/gwj5oNcIf7vCOHEGK/Q5B/Gnkw/mvwJ,1.657014,2.277803,3.406085,0,2591700,17.55397,Delay-insensitive,2,3.5
626400,ahQ3CzAAVsCYH5b3rrDzuWITEycgMzRd/gwj5oNcIf7vCOHEGK/Q5B/Gnkw/mvwJ,1.704633,3.402889,9.548689,0,2591700,17.55397,Delay-insensitive,2,3.5
626700,ahQ3CzAAVsCYH5b3rrDzuWITEycgMzRd/gwj5oNcIf7vCOHEGK/Q5B/Gnkw/mvwJ,1.564883,2.219134,3.542638,0,2591700,17.55397,Delay-insensitive,2,3.5
627000,ahQ3CzAAVsCYH5b3rrDzuWITEycgMzRd/gwj5oNcIf7vCOHEGK/Q5B/Gnkw/mvwJ,1.720057,2.239085,3.373561,0,2591700,17.55397,Delay-insensitive,2,3.5
627300,ahQ3CzAAVsCYH5b3rrDzuWITEycgMzRd/gwj5oNcIf7vCOHEGK/Q5B/Gnkw/mvwJ,1.629629,2.176499,3.256975,0,2591700,17.55397,Delay-insensitive,2,3.5
627600,ahQ3CzAAVsCYH5b3rrDzuWITEycgMzRd/gwj5oNcIf7vCOHEGK/Q5B/Gnkw/mvwJ,1.199694,2.147837,3.650618,0,2591700,17.55397,Delay-insensitive,2,3.5
627900,ahQ3CzAAVsCYH5b3rrDzuWITEycgMzRd/gwj5oNcIf7vCOHEGK/Q5B/Gnkw/mvwJ,1.6011799999999998,2.881249,8.006542999999999,0,2591700,17.55397,Delay-insensitive,2,3.5
628200,ahQ3CzAAVsCYH5b3rrDzuWITEycgMzRd/gwj5oNcIf7vCOHEGK/Q5B/Gnkw/mvwJ,1.722048,2.705259,6.542396,0,2591700,17.55397,Delay-insensitive,2,3.5
628500,ahQ3CzAAVsCYH5b3rrDzuWITEycgMzRd/gwj5oNcIf7vCOHEGK/Q5B/Gnkw/mvwJ,1.6836400000000002,2.237077,3.361098,0,2591700,17.55397,Delay-insensitive,2,3.5
628800,ahQ3CzAAVsCYH5b3rrDzuWITEycgMzRd/gwj5oNcIf7vCOHEGK/Q5B/Gnkw/mvwJ,1.6751619999999998,2.192148,3.234012,0,2591700,17.55397,Delay-insensitive,2,3.5
629100,ahQ3CzAAVsCYH5b3rrDzuWITEycgMzRd/gwj5oNcIf7vCOHEGK/Q5B/Gnkw/mvwJ,1.702159,2.256219,3.008359,0,2591700,17.55397,Delay-insensitive,2,3.5
629400,ahQ3CzAAVsCYH5b3rrDzuWITEycgMzRd/gwj5oNcIf7vCOHEGK/Q5B/Gnkw/mvwJ,1.624747,2.1481790000000003,2.889545,0,2591700,17.55397,Delay-insensitive,2,3.5
629700,ahQ3CzAAVsCYH5b3rrDzuWITEycgMzRd/gwj5oNcIf7vCOHEGK/Q5B/Gnkw/mvwJ,1.555504,2.226092,3.023207,0,2591700,17.55397,Delay-insensitive,2,3.5
630000,ahQ3CzAAVsCYH5b3rrDzuWITEycgMzRd/gwj5oNcIf7vCOHEGK/Q5B/Gnkw/mvwJ,1.816681,3.269788,6.948067,0,2591700,17.55397,Delay-insensitive,2,3.5
630300,ahQ3CzAAVsCYH5b3rrDzuWITEycgMzRd/gwj5oNcIf7vCOHEGK/Q5B/Gnkw/mvwJ,1.158319,6.063393,37.129008,0,2591700,17.55397,Delay-insensitive,2,3.5
630600,ahQ3CzAAVsCYH5b3rrDzuWITEycgMzRd/gwj5oNcIf7vCOHEGK/Q5B/Gnkw/mvwJ,1.867789,2.8106560000000003,7.887588,0,2591700,17.55397,Delay-insensitive,2,3.5
630900,ahQ3CzAAVsCYH5b3rrDzuWITEycgMzRd/gwj5oNcIf7vCOHEGK/Q5B/Gnkw/mvwJ,1.77247,2.201557,2.893755,0,2591700,17.55397,Delay-insensitive,2,3.5
631200,ahQ3CzAAVsCYH5b3rrDzuWITEycgMzRd/gwj5oNcIf7vCOHEGK/Q5B/Gnkw/mvwJ,1.810456,2.223289,2.6565,0,2591700,17.55397,Delay-insensitive,2,3.5
631500,ahQ3CzAAVsCYH5b3rrDzuWITEycgMzRd/gwj5oNcIf7vCOHEGK/Q5B/Gnkw/mvwJ,1.67602,2.2867610000000003,3.360247,0,2591700,17.55397,Delay-insensitive,2,3.5
631800,ahQ3CzAAVsCYH5b3rrDzuWITEycgMzRd/gwj5oNcIf7vCOHEGK/Q5B/Gnkw/mvwJ,1.7698580000000002,2.543643,5.169825,0,2591700,17.55397,Delay-insensitive,2,3.5
632100,ahQ3CzAAVsCYH5b3rrDzuWITEycgMzRd/gwj5oNcIf7vCOHEGK/Q5B/Gnkw/mvwJ,1.694519,2.180742,2.758898,0,2591700,17.55397,Delay-insensitive,2,3.5
632400,ahQ3CzAAVsCYH5b3rrDzuWITEycgMzRd/gwj5oNcIf7vCOHEGK/Q5B/Gnkw/mvwJ,1.237989,2.183479,3.31475,0,2591700,17.55397,Delay-insensitive,2,3.5
632700,ahQ3CzAAVsCYH5b3rrDzuWITEycgMzRd/gwj5oNcIf7vCOHEGK/Q5B/Gnkw/mvwJ,1.804,2.187243,2.790842,0,2591700,17.55397,Delay-insensitive,2,3.5
633000,ahQ3CzAAVsCYH5b3rrDzuWITEycgMzRd/gwj5oNcIf7vCOHEGK/Q5B/Gnkw/mvwJ,0.989797,2.093869,2.902507,0,2591700,17.55397,Delay-insensitive,2,3.5
633300,ahQ3CzAAVsCYH5b3rrDzuWITEycgMzRd/gwj5oNcIf7vCOHEGK/Q5B/Gnkw/mvwJ,1.717411,2.349908,3.158356,0,2591700,17.55397,Delay-insensitive,2,3.5
633600,ahQ3CzAAVsCYH5b3rrDzuWITEycgMzRd/gwj5oNcIf7vCOHEGK/Q5B/Gnkw/mvwJ,1.642389,3.532709,7.879482,0,2591700,17.55397,Delay-insensitive,2,3.5
633900,ahQ3CzAAVsCYH5b3rrDzuWITEycgMzRd/gwj5oNcIf7vCOHEGK/Q5B/Gnkw/mvwJ,1.750704,3.2233110000000003,7.460122999999999,0,2591700,17.55397,Delay-insensitive,2,3.5
634200,ahQ3CzAAVsCYH5b3rrDzuWITEycgMzRd/gwj5oNcIf7vCOHEGK/Q5B/Gnkw/mvwJ,1.890937,2.545449,4.075847,0,2591700,17.55397,Delay-insensitive,2,3.5
634500,ahQ3CzAAVsCYH5b3rrDzuWITEycgMzRd/gwj5oNcIf7vCOHEGK/Q5B/Gnkw/mvwJ,1.650122,2.391636,4.961997,0,2591700,17.55397,Delay-insensitive,2,3.5
634800,ahQ3CzAAVsCYH5b3rrDzuWITEycgMzRd/gwj5oNcIf7vCOHEGK/Q5B/Gnkw/mvwJ,1.7343509999999998,2.195146,2.851677,0,2591700,17.55397,Delay-insensitive,2,3.5
635100,ahQ3CzAAVsCYH5b3rrDzuWITEycgMzRd/gwj5oNcIf7vCOHEGK/Q5B/Gnkw/mvwJ,1.428368,2.247563,3.598654,0,2591700,17.55397,Delay-insensitive,2,3.5
635400,ahQ3CzAAVsCYH5b3rrDzuWITEycgMzRd/gwj5oNcIf7vCOHEGK/Q5B/Gnkw/mvwJ,1.763377,2.764905,5.954515,0,2591700,17.55397,Delay-insensitive,2,3.5
635700,ahQ3CzAAVsCYH5b3rrDzuWITEycgMzRd/gwj5oNcIf7vCOHEGK/Q5B/Gnkw/mvwJ,1.284269,2.1745970000000003,3.532833,0,2591700,17.55397,Delay-insensitive,2,3.5
636000,ahQ3CzAAVsCYH5b3rrDzuWITEycgMzRd/gwj5oNcIf7vCOHEGK/Q5B/Gnkw/mvwJ,1.794661,2.33545,3.897952,0,2591700,17.55397,Delay-insensitive,2,3.5
636300,ahQ3CzAAVsCYH5b3rrDzuWITEycgMzRd/gwj5oNcIf7vCOHEGK/Q5B/Gnkw/mvwJ,1.691452,2.119349,3.197676,0,2591700,17.55397,Delay-insensitive,2,3.5
636600,ahQ3CzAAVsCYH5b3rrDzuWITEycgMzRd/gwj5oNcIf7vCOHEGK/Q5B/Gnkw/mvwJ,1.696086,2.211961,3.256799,0,2591700,17.55397,Delay-insensitive,2,3.5
636900,ahQ3CzAAVsCYH5b3rrDzuWITEycgMzRd/gwj5oNcIf7vCOHEGK/Q5B/Gnkw/mvwJ,1.7072029999999998,2.313336,3.743053,0,2591700,17.55397,Delay-insensitive,2,3.5
637200,ahQ3CzAAVsCYH5b3rrDzuWITEycgMzRd/gwj5oNcIf7vCOHEGK/Q5B/Gnkw/mvwJ,1.731707,3.061841,10.216207,0,2591700,17.55397,Delay-insensitive,2,3.5
637500,ahQ3CzAAVsCYH5b3rrDzuWITEycgMzRd/gwj5oNcIf7vCOHEGK/Q5B/Gnkw/mvwJ,1.7027419999999998,2.2028950000000003,3.452646,0,2591700,17.55397,Delay-insensitive,2,3.5
637800,ahQ3CzAAVsCYH5b3rrDzuWITEycgMzRd/gwj5oNcIf7vCOHEGK/Q5B/Gnkw/mvwJ,1.094126,2.188428,3.955596,0,2591700,17.55397,Delay-insensitive,2,3.5
638100,ahQ3CzAAVsCYH5b3rrDzuWITEycgMzRd/gwj5oNcIf7vCOHEGK/Q5B/Gnkw/mvwJ,1.721609,2.250877,3.535687,0,2591700,17.55397,Delay-insensitive,2,3.5
638400,ahQ3CzAAVsCYH5b3rrDzuWITEycgMzRd/gwj5oNcIf7vCOHEGK/Q5B/Gnkw/mvwJ,1.187424,2.096002,3.311082,0,2591700,17.55397,Delay-insensitive,2,3.5
638700,ahQ3CzAAVsCYH5b3rrDzuWITEycgMzRd/gwj5oNcIf7vCOHEGK/Q5B/Gnkw/mvwJ,1.7259919999999995,2.275828,3.493456,0,2591700,17.55397,Delay-insensitive,2,3.5
639000,ahQ3CzAAVsCYH5b3rrDzuWITEycgMzRd/gwj5oNcIf7vCOHEGK/Q5B/Gnkw/mvwJ,1.67016,2.592979,6.750285000000001,0,2591700,17.55397,Delay-insensitive,2,3.5
639300,ahQ3CzAAVsCYH5b3rrDzuWITEycgMzRd/gwj5oNcIf7vCOHEGK/Q5B/Gnkw/mvwJ,1.769432,2.185332,3.3646540000000003,0,2591700,17.55397,Delay-insensitive,2,3.5
639600,ahQ3CzAAVsCYH5b3rrDzuWITEycgMzRd/gwj5oNcIf7vCOHEGK/Q5B/Gnkw/mvwJ,1.476064,2.176034,3.31406,0,2591700,17.55397,Delay-insensitive,2,3.5
639900,ahQ3CzAAVsCYH5b3rrDzuWITEycgMzRd/gwj5oNcIf7vCOHEGK/Q5B/Gnkw/mvwJ,1.558535,2.191061,3.304774,0,2591700,17.55397,Delay-insensitive,2,3.5
640200,ahQ3CzAAVsCYH5b3rrDzuWITEycgMzRd/gwj5oNcIf7vCOHEGK/Q5B/Gnkw/mvwJ,1.674418,2.169886,2.801508,0,2591700,17.55397,Delay-insensitive,2,3.5
640500,ahQ3CzAAVsCYH5b3rrDzuWITEycgMzRd/gwj5oNcIf7vCOHEGK/Q5B/Gnkw/mvwJ,1.70797,2.349555,4.552055999999999,0,2591700,17.55397,Delay-insensitive,2,3.5
640800,ahQ3CzAAVsCYH5b3rrDzuWITEycgMzRd/gwj5oNcIf7vCOHEGK/Q5B/Gnkw/mvwJ,1.721746,3.264855,8.937268,0,2591700,17.55397,Delay-insensitive,2,3.5
641100,ahQ3CzAAVsCYH5b3rrDzuWITEycgMzRd/gwj5oNcIf7vCOHEGK/Q5B/Gnkw/mvwJ,1.68081,2.186571,2.827033,0,2591700,17.55397,Delay-insensitive,2,3.5
641400,ahQ3CzAAVsCYH5b3rrDzuWITEycgMzRd/gwj5oNcIf7vCOHEGK/Q5B/Gnkw/mvwJ,1.6455990000000005,2.309231,3.042239,0,2591700,17.55397,Delay-insensitive,2,3.5
641700,ahQ3CzAAVsCYH5b3rrDzuWITEycgMzRd/gwj5oNcIf7vCOHEGK/Q5B/Gnkw/mvwJ,1.659357,2.211897,2.968816,0,2591700,17.55397,Delay-insensitive,2,3.5
642000,ahQ3CzAAVsCYH5b3rrDzuWITEycgMzRd/gwj5oNcIf7vCOHEGK/Q5B/Gnkw/mvwJ,1.858994,2.2412240000000003,2.897978,0,2591700,17.55397,Delay-insensitive,2,3.5
642300,ahQ3CzAAVsCYH5b3rrDzuWITEycgMzRd/gwj5oNcIf7vCOHEGK/Q5B/Gnkw/mvwJ,0.847902,2.135683,3.079537,0,2591700,17.55397,Delay-insensitive,2,3.5
642600,ahQ3CzAAVsCYH5b3rrDzuWITEycgMzRd/gwj5oNcIf7vCOHEGK/Q5B/Gnkw/mvwJ,1.683804,2.740264,5.788464,0,2591700,17.55397,Delay-insensitive,2,3.5
642900,ahQ3CzAAVsCYH5b3rrDzuWITEycgMzRd/gwj5oNcIf7vCOHEGK/Q5B/Gnkw/mvwJ,1.569654,2.250722,3.860259,0,2591700,17.55397,Delay-insensitive,2,3.5
643200,ahQ3CzAAVsCYH5b3rrDzuWITEycgMzRd/gwj5oNcIf7vCOHEGK/Q5B/Gnkw/mvwJ,1.13031,2.237363,3.582877,0,2591700,17.55397,Delay-insensitive,2,3.5
643500,ahQ3CzAAVsCYH5b3rrDzuWITEycgMzRd/gwj5oNcIf7vCOHEGK/Q5B/Gnkw/mvwJ,1.626621,2.190713,3.4016610000000003,0,2591700,17.55397,Delay-insensitive,2,3.5
643800,ahQ3CzAAVsCYH5b3rrDzuWITEycgMzRd/gwj5oNcIf7vCOHEGK/Q5B/Gnkw/mvwJ,1.7525830000000002,2.2252810000000003,3.249285,0,2591700,17.55397,Delay-insensitive,2,3.5
644100,ahQ3CzAAVsCYH5b3rrDzuWITEycgMzRd/gwj5oNcIf7vCOHEGK/Q5B/Gnkw/mvwJ,1.770144,2.301804,3.396059,0,2591700,17.55397,Delay-insensitive,2,3.5
644400,ahQ3CzAAVsCYH5b3rrDzuWITEycgMzRd/gwj5oNcIf7vCOHEGK/Q5B/Gnkw/mvwJ,1.799794,3.374657,9.897594,0,2591700,17.55397,Delay-insensitive,2,3.5
644700,ahQ3CzAAVsCYH5b3rrDzuWITEycgMzRd/gwj5oNcIf7vCOHEGK/Q5B/Gnkw/mvwJ,1.738918,2.281188,3.647652,0,2591700,17.55397,Delay-insensitive,2,3.5
645000,ahQ3CzAAVsCYH5b3rrDzuWITEycgMzRd/gwj5oNcIf7vCOHEGK/Q5B/Gnkw/mvwJ,1.018313,2.196413,3.363684,0,2591700,17.55397,Delay-insensitive,2,3.5
645300,ahQ3CzAAVsCYH5b3rrDzuWITEycgMzRd/gwj5oNcIf7vCOHEGK/Q5B/Gnkw/mvwJ,1.7038259999999998,2.233311,3.504226,0,2591700,17.55397,Delay-insensitive,2,3.5
645600,ahQ3CzAAVsCYH5b3rrDzuWITEycgMzRd/gwj5oNcIf7vCOHEGK/Q5B/Gnkw/mvwJ,1.600223,2.236843,3.580517,0,2591700,17.55397,Delay-insensitive,2,3.5
645900,ahQ3CzAAVsCYH5b3rrDzuWITEycgMzRd/gwj5oNcIf7vCOHEGK/Q5B/Gnkw/mvwJ,1.063451,2.222399,3.741812,0,2591700,17.55397,Delay-insensitive,2,3.5
646200,ahQ3CzAAVsCYH5b3rrDzuWITEycgMzRd/gwj5oNcIf7vCOHEGK/Q5B/Gnkw/mvwJ,1.794593,2.670092,6.015213,0,2591700,17.55397,Delay-insensitive,2,3.5
646500,ahQ3CzAAVsCYH5b3rrDzuWITEycgMzRd/gwj5oNcIf7vCOHEGK/Q5B/Gnkw/mvwJ,1.45746,2.182137,3.491918,0,2591700,17.55397,Delay-insensitive,2,3.5
646800,ahQ3CzAAVsCYH5b3rrDzuWITEycgMzRd/gwj5oNcIf7vCOHEGK/Q5B/Gnkw/mvwJ,1.630706,2.314913,3.5989410000000004,0,2591700,17.55397,Delay-insensitive,2,3.5
647100,ahQ3CzAAVsCYH5b3rrDzuWITEycgMzRd/gwj5oNcIf7vCOHEGK/Q5B/Gnkw/mvwJ,1.7569009999999998,2.314296,3.976212,0,2591700,17.55397,Delay-insensitive,2,3.5
647400,ahQ3CzAAVsCYH5b3rrDzuWITEycgMzRd/gwj5oNcIf7vCOHEGK/Q5B/Gnkw/mvwJ,1.730791,2.294103,3.508632,0,2591700,17.55397,Delay-insensitive,2,3.5
647700,ahQ3CzAAVsCYH5b3rrDzuWITEycgMzRd/gwj5oNcIf7vCOHEGK/Q5B/Gnkw/mvwJ,1.693872,2.260264,3.589686,0,2591700,17.55397,Delay-insensitive,2,3.5
648000,ahQ3CzAAVsCYH5b3rrDzuWITEycgMzRd/gwj5oNcIf7vCOHEGK/Q5B/Gnkw/mvwJ,1.844118,3.3659730000000003,7.951258999999999,0,2591700,17.55397,Delay-insensitive,2,3.5
648300,ahQ3CzAAVsCYH5b3rrDzuWITEycgMzRd/gwj5oNcIf7vCOHEGK/Q5B/Gnkw/mvwJ,1.609607,2.285761,2.896221,0,2591700,17.55397,Delay-insensitive,2,3.5
648600,ahQ3CzAAVsCYH5b3rrDzuWITEycgMzRd/gwj5oNcIf7vCOHEGK/Q5B/Gnkw/mvwJ,1.232313,2.2326200000000003,3.023059,0,2591700,17.55397,Delay-insensitive,2,3.5
648900,ahQ3CzAAVsCYH5b3rrDzuWITEycgMzRd/gwj5oNcIf7vCOHEGK/Q5B/Gnkw/mvwJ,1.6682709999999998,2.192289,3.313556,0,2591700,17.55397,Delay-insensitive,2,3.5
649200,ahQ3CzAAVsCYH5b3rrDzuWITEycgMzRd/gwj5oNcIf7vCOHEGK/Q5B/Gnkw/mvwJ,1.7744529999999998,2.228875,2.770467,0,2591700,17.55397,Delay-insensitive,2,3.5
649500,ahQ3CzAAVsCYH5b3rrDzuWITEycgMzRd/gwj5oNcIf7vCOHEGK/Q5B/Gnkw/mvwJ,1.553812,2.284721,3.492287,0,2591700,17.55397,Delay-insensitive,2,3.5
649800,ahQ3CzAAVsCYH5b3rrDzuWITEycgMzRd/gwj5oNcIf7vCOHEGK/Q5B/Gnkw/mvwJ,1.711454,2.731616,5.81313,0,2591700,17.55397,Delay-insensitive,2,3.5
650100,ahQ3CzAAVsCYH5b3rrDzuWITEycgMzRd/gwj5oNcIf7vCOHEGK/Q5B/Gnkw/mvwJ,1.659166,2.282706,3.499166,0,2591700,17.55397,Delay-insensitive,2,3.5
650400,ahQ3CzAAVsCYH5b3rrDzuWITEycgMzRd/gwj5oNcIf7vCOHEGK/Q5B/Gnkw/mvwJ,0.960704,2.275161,3.4630980000000005,0,2591700,17.55397,Delay-insensitive,2,3.5
650700,ahQ3CzAAVsCYH5b3rrDzuWITEycgMzRd/gwj5oNcIf7vCOHEGK/Q5B/Gnkw/mvwJ,1.5853469999999998,2.184822,2.836114,0,2591700,17.55397,Delay-insensitive,2,3.5
651000,ahQ3CzAAVsCYH5b3rrDzuWITEycgMzRd/gwj5oNcIf7vCOHEGK/Q5B/Gnkw/mvwJ,1.26525,2.238289,3.212794,0,2591700,17.55397,Delay-insensitive,2,3.5
651300,ahQ3CzAAVsCYH5b3rrDzuWITEycgMzRd/gwj5oNcIf7vCOHEGK/Q5B/Gnkw/mvwJ,0.668841,2.251288,3.4674089999999995,0,2591700,17.55397,Delay-insensitive,2,3.5
651600,ahQ3CzAAVsCYH5b3rrDzuWITEycgMzRd/gwj5oNcIf7vCOHEGK/Q5B/Gnkw/mvwJ,1.703299,3.236158,9.528862,0,2591700,17.55397,Delay-insensitive,2,3.5
651900,ahQ3CzAAVsCYH5b3rrDzuWITEycgMzRd/gwj5oNcIf7vCOHEGK/Q5B/Gnkw/mvwJ,1.6850040000000002,2.428651,3.602291,0,2591700,17.55397,Delay-insensitive,2,3.5
652200,ahQ3CzAAVsCYH5b3rrDzuWITEycgMzRd/gwj5oNcIf7vCOHEGK/Q5B/Gnkw/mvwJ,1.704284,2.314184,3.252165,0,2591700,17.55397,Delay-insensitive,2,3.5
652500,ahQ3CzAAVsCYH5b3rrDzuWITEycgMzRd/gwj5oNcIf7vCOHEGK/Q5B/Gnkw/mvwJ,0.803507,2.048373,2.952173,0,2591700,17.55397,Delay-insensitive,2,3.5
652800,ahQ3CzAAVsCYH5b3rrDzuWITEycgMzRd/gwj5oNcIf7vCOHEGK/Q5B/Gnkw/mvwJ,1.682725,2.265464,3.108296,0,2591700,17.55397,Delay-insensitive,2,3.5
653100,ahQ3CzAAVsCYH5b3rrDzuWITEycgMzRd/gwj5oNcIf7vCOHEGK/Q5B/Gnkw/mvwJ,0.841066,2.2001630000000003,3.449542,0,2591700,17.55397,Delay-insensitive,2,3.5
653400,ahQ3CzAAVsCYH5b3rrDzuWITEycgMzRd/gwj5oNcIf7vCOHEGK/Q5B/Gnkw/mvwJ,1.6205040000000002,2.667895,5.519291,0,2591700,17.55397,Delay-insensitive,2,3.5
653700,ahQ3CzAAVsCYH5b3rrDzuWITEycgMzRd/gwj5oNcIf7vCOHEGK/Q5B/Gnkw/mvwJ,1.6717400000000002,2.283664,3.111966,0,2591700,17.55397,Delay-insensitive,2,3.5
654000,ahQ3CzAAVsCYH5b3rrDzuWITEycgMzRd/gwj5oNcIf7vCOHEGK/Q5B/Gnkw/mvwJ,1.6655209999999998,2.296064,3.521607,0,2591700,17.55397,Delay-insensitive,2,3.5
654300,ahQ3CzAAVsCYH5b3rrDzuWITEycgMzRd/gwj5oNcIf7vCOHEGK/Q5B/Gnkw/mvwJ,1.6407060000000002,2.202205,3.788643,0,2591700,17.55397,Delay-insensitive,2,3.5
654600,ahQ3CzAAVsCYH5b3rrDzuWITEycgMzRd/gwj5oNcIf7vCOHEGK/Q5B/Gnkw/mvwJ,1.6078370000000002,2.271257,3.099229,0,2591700,17.55397,Delay-insensitive,2,3.5
654900,ahQ3CzAAVsCYH5b3rrDzuWITEycgMzRd/gwj5oNcIf7vCOHEGK/Q5B/Gnkw/mvwJ,1.6628029999999998,2.251505,3.3288620000000004,0,2591700,17.55397,Delay-insensitive,2,3.5
655200,ahQ3CzAAVsCYH5b3rrDzuWITEycgMzRd/gwj5oNcIf7vCOHEGK/Q5B/Gnkw/mvwJ,1.128132,2.842026,7.911975999999999,0,2591700,17.55397,Delay-insensitive,2,3.5
655500,ahQ3CzAAVsCYH5b3rrDzuWITEycgMzRd/gwj5oNcIf7vCOHEGK/Q5B/Gnkw/mvwJ,1.687286,2.575427,5.299412,0,2591700,17.55397,Delay-insensitive,2,3.5
655800,ahQ3CzAAVsCYH5b3rrDzuWITEycgMzRd/gwj5oNcIf7vCOHEGK/Q5B/Gnkw/mvwJ,1.166456,2.158996,3.116299,0,2591700,17.55397,Delay-insensitive,2,3.5
656100,ahQ3CzAAVsCYH5b3rrDzuWITEycgMzRd/gwj5oNcIf7vCOHEGK/Q5B/Gnkw/mvwJ,1.766834,2.268322,2.817455,0,2591700,17.55397,Delay-insensitive,2,3.5
656400,ahQ3CzAAVsCYH5b3rrDzuWITEycgMzRd/gwj5oNcIf7vCOHEGK/Q5B/Gnkw/mvwJ,1.3757629999999998,2.289941,3.049389,0,2591700,17.55397,Delay-insensitive,2,3.5
656700,ahQ3CzAAVsCYH5b3rrDzuWITEycgMzRd/gwj5oNcIf7vCOHEGK/Q5B/Gnkw/mvwJ,1.468615,2.261192,2.906102,0,2591700,17.55397,Delay-insensitive,2,3.5
657000,ahQ3CzAAVsCYH5b3rrDzuWITEycgMzRd/gwj5oNcIf7vCOHEGK/Q5B/Gnkw/mvwJ,1.770043,2.436701,3.812581,0,2591700,17.55397,Delay-insensitive,2,3.5
657300,ahQ3CzAAVsCYH5b3rrDzuWITEycgMzRd/gwj5oNcIf7vCOHEGK/Q5B/Gnkw/mvwJ,1.706123,2.713564,5.556812,0,2591700,17.55397,Delay-insensitive,2,3.5
657600,ahQ3CzAAVsCYH5b3rrDzuWITEycgMzRd/gwj5oNcIf7vCOHEGK/Q5B/Gnkw/mvwJ,1.736371,2.253852,3.087689,0,2591700,17.55397,Delay-insensitive,2,3.5
657900,ahQ3CzAAVsCYH5b3rrDzuWITEycgMzRd/gwj5oNcIf7vCOHEGK/Q5B/Gnkw/mvwJ,1.200942,2.291627,3.851067,0,2591700,17.55397,Delay-insensitive,2,3.5
658200,ahQ3CzAAVsCYH5b3rrDzuWITEycgMzRd/gwj5oNcIf7vCOHEGK/Q5B/Gnkw/mvwJ,1.695338,2.266075,2.947973,0,2591700,17.55397,Delay-insensitive,2,3.5
658500,ahQ3CzAAVsCYH5b3rrDzuWITEycgMzRd/gwj5oNcIf7vCOHEGK/Q5B/Gnkw/mvwJ,1.22395,2.177356,2.713575,0,2591700,17.55397,Delay-insensitive,2,3.5
658800,ahQ3CzAAVsCYH5b3rrDzuWITEycgMzRd/gwj5oNcIf7vCOHEGK/Q5B/Gnkw/mvwJ,1.72338,2.976641,8.357347,0,2591700,17.55397,Delay-insensitive,2,3.5
659100,ahQ3CzAAVsCYH5b3rrDzuWITEycgMzRd/gwj5oNcIf7vCOHEGK/Q5B/Gnkw/mvwJ,0.8141010000000001,6.45855,33.096779999999995,0,2591700,17.55397,Delay-insensitive,2,3.5
659400,ahQ3CzAAVsCYH5b3rrDzuWITEycgMzRd/gwj5oNcIf7vCOHEGK/Q5B/Gnkw/mvwJ,2.00469,2.490703,3.414423,0,2591700,17.55397,Delay-insensitive,2,3.5
659700,ahQ3CzAAVsCYH5b3rrDzuWITEycgMzRd/gwj5oNcIf7vCOHEGK/Q5B/Gnkw/mvwJ,1.772433,2.288779,3.271242,0,2591700,17.55397,Delay-insensitive,2,3.5
660000,ahQ3CzAAVsCYH5b3rrDzuWITEycgMzRd/gwj5oNcIf7vCOHEGK/Q5B/Gnkw/mvwJ,1.743454,2.3028880000000003,2.898263,0,2591700,17.55397,Delay-insensitive,2,3.5
660300,ahQ3CzAAVsCYH5b3rrDzuWITEycgMzRd/gwj5oNcIf7vCOHEGK/Q5B/Gnkw/mvwJ,1.821944,2.2987610000000003,2.7803,0,2591700,17.55397,Delay-insensitive,2,3.5
660600,ahQ3CzAAVsCYH5b3rrDzuWITEycgMzRd/gwj5oNcIf7vCOHEGK/Q5B/Gnkw/mvwJ,1.2266549999999998,2.332023,4.513294,0,2591700,17.55397,Delay-insensitive,2,3.5
660900,ahQ3CzAAVsCYH5b3rrDzuWITEycgMzRd/gwj5oNcIf7vCOHEGK/Q5B/Gnkw/mvwJ,1.801982,2.631055,6.0061160000000005,0,2591700,17.55397,Delay-insensitive,2,3.5
661200,ahQ3CzAAVsCYH5b3rrDzuWITEycgMzRd/gwj5oNcIf7vCOHEGK/Q5B/Gnkw/mvwJ,1.206078,2.204697,2.780205,0,2591700,17.55397,Delay-insensitive,2,3.5
661500,ahQ3CzAAVsCYH5b3rrDzuWITEycgMzRd/gwj5oNcIf7vCOHEGK/Q5B/Gnkw/mvwJ,1.7741080000000002,2.227312,3.215061,0,2591700,17.55397,Delay-insensitive,2,3.5
661800,ahQ3CzAAVsCYH5b3rrDzuWITEycgMzRd/gwj5oNcIf7vCOHEGK/Q5B/Gnkw/mvwJ,1.7410849999999998,2.203849,2.747485,0,2591700,17.55397,Delay-insensitive,2,3.5
662100,ahQ3CzAAVsCYH5b3rrDzuWITEycgMzRd/gwj5oNcIf7vCOHEGK/Q5B/Gnkw/mvwJ,1.7903790000000002,2.364357,3.397674,0,2591700,17.55397,Delay-insensitive,2,3.5
662400,ahQ3CzAAVsCYH5b3rrDzuWITEycgMzRd/gwj5oNcIf7vCOHEGK/Q5B/Gnkw/mvwJ,1.69491,2.981064,8.583235,0,2591700,17.55397,Delay-insensitive,2,3.5
662700,ahQ3CzAAVsCYH5b3rrDzuWITEycgMzRd/gwj5oNcIf7vCOHEGK/Q5B/Gnkw/mvwJ,1.46674,2.554237,5.768858,0,2591700,17.55397,Delay-insensitive,2,3.5
663000,ahQ3CzAAVsCYH5b3rrDzuWITEycgMzRd/gwj5oNcIf7vCOHEGK/Q5B/Gnkw/mvwJ,1.648608,2.197401,2.7584150000000003,0,2591700,17.55397,Delay-insensitive,2,3.5
663300,ahQ3CzAAVsCYH5b3rrDzuWITEycgMzRd/gwj5oNcIf7vCOHEGK/Q5B/Gnkw/mvwJ,1.6701009999999998,11.122355,56.408527,0,2591700,17.55397,Delay-insensitive,2,3.5
663600,ahQ3CzAAVsCYH5b3rrDzuWITEycgMzRd/gwj5oNcIf7vCOHEGK/Q5B/Gnkw/mvwJ,1.66325,2.283318,3.396531,0,2591700,17.55397,Delay-insensitive,2,3.5
663900,ahQ3CzAAVsCYH5b3rrDzuWITEycgMzRd/gwj5oNcIf7vCOHEGK/Q5B/Gnkw/mvwJ,0.8687229999999999,2.207439,3.3917900000000003,0,2591700,17.55397,Delay-insensitive,2,3.5
664200,ahQ3CzAAVsCYH5b3rrDzuWITEycgMzRd/gwj5oNcIf7vCOHEGK/Q5B/Gnkw/mvwJ,1.65913,2.453958,3.948888,0,2591700,17.55397,Delay-insensitive,2,3.5
664500,ahQ3CzAAVsCYH5b3rrDzuWITEycgMzRd/gwj5oNcIf7vCOHEGK/Q5B/Gnkw/mvwJ,1.622865,2.492811,3.930434,0,2591700,17.55397,Delay-insensitive,2,3.5
664800,ahQ3CzAAVsCYH5b3rrDzuWITEycgMzRd/gwj5oNcIf7vCOHEGK/Q5B/Gnkw/mvwJ,1.7142080000000002,2.463981,4.207921,0,2591700,17.55397,Delay-insensitive,2,3.5
665100,ahQ3CzAAVsCYH5b3rrDzuWITEycgMzRd/gwj5oNcIf7vCOHEGK/Q5B/Gnkw/mvwJ,1.6619549999999998,2.244138,3.540363,0,2591700,17.55397,Delay-insensitive,2,3.5
665400,ahQ3CzAAVsCYH5b3rrDzuWITEycgMzRd/gwj5oNcIf7vCOHEGK/Q5B/Gnkw/mvwJ,0.918103,2.158863,3.255583,0,2591700,17.55397,Delay-insensitive,2,3.5
665700,ahQ3CzAAVsCYH5b3rrDzuWITEycgMzRd/gwj5oNcIf7vCOHEGK/Q5B/Gnkw/mvwJ,1.649056,2.2039,2.866021,0,2591700,17.55397,Delay-insensitive,2,3.5
666000,ahQ3CzAAVsCYH5b3rrDzuWITEycgMzRd/gwj5oNcIf7vCOHEGK/Q5B/Gnkw/mvwJ,0.877152,2.874756,13.110198,0,2591700,17.55397,Delay-insensitive,2,3.5
666300,ahQ3CzAAVsCYH5b3rrDzuWITEycgMzRd/gwj5oNcIf7vCOHEGK/Q5B/Gnkw/mvwJ,1.685474,2.653397,6.18454,0,2591700,17.55397,Delay-insensitive,2,3.5
666600,ahQ3CzAAVsCYH5b3rrDzuWITEycgMzRd/gwj5oNcIf7vCOHEGK/Q5B/Gnkw/mvwJ,0.679876,2.1646650000000003,3.190709,0,2591700,17.55397,Delay-insensitive,2,3.5
666900,ahQ3CzAAVsCYH5b3rrDzuWITEycgMzRd/gwj5oNcIf7vCOHEGK/Q5B/Gnkw/mvwJ,1.7914450000000002,2.308601,3.255196,0,2591700,17.55397,Delay-insensitive,2,3.5
667200,ahQ3CzAAVsCYH5b3rrDzuWITEycgMzRd/gwj5oNcIf7vCOHEGK/Q5B/Gnkw/mvwJ,1.817868,2.404266,3.414184,0,2591700,17.55397,Delay-insensitive,2,3.5
667500,ahQ3CzAAVsCYH5b3rrDzuWITEycgMzRd/gwj5oNcIf7vCOHEGK/Q5B/Gnkw/mvwJ,1.752662,2.376958,3.385946,0,2591700,17.55397,Delay-insensitive,2,3.5
667800,ahQ3CzAAVsCYH5b3rrDzuWITEycgMzRd/gwj5oNcIf7vCOHEGK/Q5B/Gnkw/mvwJ,1.73781,2.427893,3.449311,0,2591700,17.55397,Delay-insensitive,2,3.5
668100,ahQ3CzAAVsCYH5b3rrDzuWITEycgMzRd/gwj5oNcIf7vCOHEGK/Q5B/Gnkw/mvwJ,1.145315,2.549441,5.373198,0,2591700,17.55397,Delay-insensitive,2,3.5
668400,ahQ3CzAAVsCYH5b3rrDzuWITEycgMzRd/gwj5oNcIf7vCOHEGK/Q5B/Gnkw/mvwJ,1.827966,2.331434,3.435385,0,2591700,17.55397,Delay-insensitive,2,3.5
668700,ahQ3CzAAVsCYH5b3rrDzuWITEycgMzRd/gwj5oNcIf7vCOHEGK/Q5B/Gnkw/mvwJ,1.208603,2.191392,2.902229,0,2591700,17.55397,Delay-insensitive,2,3.5
669000,ahQ3CzAAVsCYH5b3rrDzuWITEycgMzRd/gwj5oNcIf7vCOHEGK/Q5B/Gnkw/mvwJ,1.75415,2.212206,2.712185,0,2591700,17.55397,Delay-insensitive,2,3.5
669300,ahQ3CzAAVsCYH5b3rrDzuWITEycgMzRd/gwj5oNcIf7vCOHEGK/Q5B/Gnkw/mvwJ,0.971244,2.287173,2.763903,0,2591700,17.55397,Delay-insensitive,2,3.5
669600,ahQ3CzAAVsCYH5b3rrDzuWITEycgMzRd/gwj5oNcIf7vCOHEGK/Q5B/Gnkw/mvwJ,1.818092,3.017169,7.508764999999999,0,2591700,17.55397,Delay-insensitive,2,3.5
669900,ahQ3CzAAVsCYH5b3rrDzuWITEycgMzRd/gwj5oNcIf7vCOHEGK/Q5B/Gnkw/mvwJ,1.867861,2.660946,8.402716999999999,0,2591700,17.55397,Delay-insensitive,2,3.5
670200,ahQ3CzAAVsCYH5b3rrDzuWITEycgMzRd/gwj5oNcIf7vCOHEGK/Q5B/Gnkw/mvwJ,0.962047,2.162355,2.701865,0,2591700,17.55397,Delay-insensitive,2,3.5
670500,ahQ3CzAAVsCYH5b3rrDzuWITEycgMzRd/gwj5oNcIf7vCOHEGK/Q5B/Gnkw/mvwJ,1.792974,2.255254,3.237618,0,2591700,17.55397,Delay-insensitive,2,3.5
670800,ahQ3CzAAVsCYH5b3rrDzuWITEycgMzRd/gwj5oNcIf7vCOHEGK/Q5B/Gnkw/mvwJ,1.199765,2.174392,2.68576,0,2591700,17.55397,Delay-insensitive,2,3.5
671100,ahQ3CzAAVsCYH5b3rrDzuWITEycgMzRd/gwj5oNcIf7vCOHEGK/Q5B/Gnkw/mvwJ,1.838832,2.502368,4.214067,0,2591700,17.55397,Delay-insensitive,2,3.5
671400,ahQ3CzAAVsCYH5b3rrDzuWITEycgMzRd/gwj5oNcIf7vCOHEGK/Q5B/Gnkw/mvwJ,0.876761,2.385103,3.431354,0,2591700,17.55397,Delay-insensitive,2,3.5
671700,ahQ3CzAAVsCYH5b3rrDzuWITEycgMzRd/gwj5oNcIf7vCOHEGK/Q5B/Gnkw/mvwJ,1.730625,2.521557,5.788016000000001,0,2591700,17.55397,Delay-insensitive,2,3.5
672000,ahQ3CzAAVsCYH5b3rrDzuWITEycgMzRd/gwj5oNcIf7vCOHEGK/Q5B/Gnkw/mvwJ,0.774598,2.268619,2.834457,0,2591700,17.55397,Delay-insensitive,2,3.5
672300,ahQ3CzAAVsCYH5b3rrDzuWITEycgMzRd/gwj5oNcIf7vCOHEGK/Q5B/Gnkw/mvwJ,1.830343,2.285082,3.274518,0,2591700,17.55397,Delay-insensitive,2,3.5
672600,ahQ3CzAAVsCYH5b3rrDzuWITEycgMzRd/gwj5oNcIf7vCOHEGK/Q5B/Gnkw/mvwJ,1.794629,2.349032,3.11131,0,2591700,17.55397,Delay-insensitive,2,3.5
672900,ahQ3CzAAVsCYH5b3rrDzuWITEycgMzRd/gwj5oNcIf7vCOHEGK/Q5B/Gnkw/mvwJ,1.177575,2.202128,2.800681,0,2591700,17.55397,Delay-insensitive,2,3.5
673200,ahQ3CzAAVsCYH5b3rrDzuWITEycgMzRd/gwj5oNcIf7vCOHEGK/Q5B/Gnkw/mvwJ,1.84833,3.049858,8.962701,0,2591700,17.55397,Delay-insensitive,2,3.5
673500,ahQ3CzAAVsCYH5b3rrDzuWITEycgMzRd/gwj5oNcIf7vCOHEGK/Q5B/Gnkw/mvwJ,1.3580020000000002,2.561449,5.801583,0,2591700,17.55397,Delay-insensitive,2,3.5
673800,ahQ3CzAAVsCYH5b3rrDzuWITEycgMzRd/gwj5oNcIf7vCOHEGK/Q5B/Gnkw/mvwJ,1.927293,2.366488,2.861143,0,2591700,17.55397,Delay-insensitive,2,3.5
674100,ahQ3CzAAVsCYH5b3rrDzuWITEycgMzRd/gwj5oNcIf7vCOHEGK/Q5B/Gnkw/mvwJ,0.8303870000000001,2.200534,2.948916,0,2591700,17.55397,Delay-insensitive,2,3.5
674400,ahQ3CzAAVsCYH5b3rrDzuWITEycgMzRd/gwj5oNcIf7vCOHEGK/Q5B/Gnkw/mvwJ,1.742107,2.217086,2.709509,0,2591700,17.55397,Delay-insensitive,2,3.5
674700,ahQ3CzAAVsCYH5b3rrDzuWITEycgMzRd/gwj5oNcIf7vCOHEGK/Q5B/Gnkw/mvwJ,1.055678,2.248851,3.049171,0,2591700,17.55397,Delay-insensitive,2,3.5
675000,ahQ3CzAAVsCYH5b3rrDzuWITEycgMzRd/gwj5oNcIf7vCOHEGK/Q5B/Gnkw/mvwJ,1.744864,2.4026,3.365371,0,2591700,17.55397,Delay-insensitive,2,3.5
675300,ahQ3CzAAVsCYH5b3rrDzuWITEycgMzRd/gwj5oNcIf7vCOHEGK/Q5B/Gnkw/mvwJ,1.67387,2.276873,2.93483,0,2591700,17.55397,Delay-insensitive,2,3.5
675600,ahQ3CzAAVsCYH5b3rrDzuWITEycgMzRd/gwj5oNcIf7vCOHEGK/Q5B/Gnkw/mvwJ,0.8792139999999999,2.223882,3.37905,0,2591700,17.55397,Delay-insensitive,2,3.5
675900,ahQ3CzAAVsCYH5b3rrDzuWITEycgMzRd/gwj5oNcIf7vCOHEGK/Q5B/Gnkw/mvwJ,1.640634,2.332816,4.506034,0,2591700,17.55397,Delay-insensitive,2,3.5
676200,ahQ3CzAAVsCYH5b3rrDzuWITEycgMzRd/gwj5oNcIf7vCOHEGK/Q5B/Gnkw/mvwJ,1.071994,2.180968,3.211924,0,2591700,17.55397,Delay-insensitive,2,3.5
676500,ahQ3CzAAVsCYH5b3rrDzuWITEycgMzRd/gwj5oNcIf7vCOHEGK/Q5B/Gnkw/mvwJ,1.686453,2.28409,3.489584,0,2591700,17.55397,Delay-insensitive,2,3.5
676800,ahQ3CzAAVsCYH5b3rrDzuWITEycgMzRd/gwj5oNcIf7vCOHEGK/Q5B/Gnkw/mvwJ,0.878382,2.989335,7.176963000000001,0,2591700,17.55397,Delay-insensitive,2,3.5
677100,ahQ3CzAAVsCYH5b3rrDzuWITEycgMzRd/gwj5oNcIf7vCOHEGK/Q5B/Gnkw/mvwJ,1.640693,2.491311,5.433829,0,2591700,17.55397,Delay-insensitive,2,3.5
677400,ahQ3CzAAVsCYH5b3rrDzuWITEycgMzRd/gwj5oNcIf7vCOHEGK/Q5B/Gnkw/mvwJ,1.017058,2.198021,3.667287,0,2591700,17.55397,Delay-insensitive,2,3.5
677700,ahQ3CzAAVsCYH5b3rrDzuWITEycgMzRd/gwj5oNcIf7vCOHEGK/Q5B/Gnkw/mvwJ,1.59226,2.263677,3.695676,0,2591700,17.55397,Delay-insensitive,2,3.5
678000,ahQ3CzAAVsCYH5b3rrDzuWITEycgMzRd/gwj5oNcIf7vCOHEGK/Q5B/Gnkw/mvwJ,1.601218,2.186092,3.10958,0,2591700,17.55397,Delay-insensitive,2,3.5
678300,ahQ3CzAAVsCYH5b3rrDzuWITEycgMzRd/gwj5oNcIf7vCOHEGK/Q5B/Gnkw/mvwJ,1.230727,2.106464,3.009474,0,2591700,17.55397,Delay-insensitive,2,3.5
678600,ahQ3CzAAVsCYH5b3rrDzuWITEycgMzRd/gwj5oNcIf7vCOHEGK/Q5B/Gnkw/mvwJ,1.763427,2.445703,3.650061,0,2591700,17.55397,Delay-insensitive,2,3.5
678900,ahQ3CzAAVsCYH5b3rrDzuWITEycgMzRd/gwj5oNcIf7vCOHEGK/Q5B/Gnkw/mvwJ,1.317464,2.531878,5.874459,0,2591700,17.55397,Delay-insensitive,2,3.5
679200,ahQ3CzAAVsCYH5b3rrDzuWITEycgMzRd/gwj5oNcIf7vCOHEGK/Q5B/Gnkw/mvwJ,1.752184,2.340767,3.239733,0,2591700,17.55397,Delay-insensitive,2,3.5
679500,ahQ3CzAAVsCYH5b3rrDzuWITEycgMzRd/gwj5oNcIf7vCOHEGK/Q5B/Gnkw/mvwJ,1.066543,2.171589,3.68525,0,2591700,17.55397,Delay-insensitive,2,3.5
679800,ahQ3CzAAVsCYH5b3rrDzuWITEycgMzRd/gwj5oNcIf7vCOHEGK/Q5B/Gnkw/mvwJ,1.8004330000000002,2.218649,3.135025,0,2591700,17.55397,Delay-insensitive,2,3.5
680100,ahQ3CzAAVsCYH5b3rrDzuWITEycgMzRd/gwj5oNcIf7vCOHEGK/Q5B/Gnkw/mvwJ,1.056325,2.172254,3.348154,0,2591700,17.55397,Delay-insensitive,2,3.5
680400,ahQ3CzAAVsCYH5b3rrDzuWITEycgMzRd/gwj5oNcIf7vCOHEGK/Q5B/Gnkw/mvwJ,1.7930560000000002,2.989179,8.67183,0,2591700,17.55397,Delay-insensitive,2,3.5
680700,ahQ3CzAAVsCYH5b3rrDzuWITEycgMzRd/gwj5oNcIf7vCOHEGK/Q5B/Gnkw/mvwJ,1.75398,2.844869,7.372646,0,2591700,17.55397,Delay-insensitive,2,3.5
681000,ahQ3CzAAVsCYH5b3rrDzuWITEycgMzRd/gwj5oNcIf7vCOHEGK/Q5B/Gnkw/mvwJ,1.219268,2.218725,3.21334,0,2591700,17.55397,Delay-insensitive,2,3.5
681300,ahQ3CzAAVsCYH5b3rrDzuWITEycgMzRd/gwj5oNcIf7vCOHEGK/Q5B/Gnkw/mvwJ,1.740096,2.312992,3.1842080000000004,0,2591700,17.55397,Delay-insensitive,2,3.5
681600,ahQ3CzAAVsCYH5b3rrDzuWITEycgMzRd/gwj5oNcIf7vCOHEGK/Q5B/Gnkw/mvwJ,1.434709,2.183852,3.139228,0,2591700,17.55397,Delay-insensitive,2,3.5
681900,ahQ3CzAAVsCYH5b3rrDzuWITEycgMzRd/gwj5oNcIf7vCOHEGK/Q5B/Gnkw/mvwJ,1.835854,2.2907040000000003,2.737171,0,2591700,17.55397,Delay-insensitive,2,3.5
682200,ahQ3CzAAVsCYH5b3rrDzuWITEycgMzRd/gwj5oNcIf7vCOHEGK/Q5B/Gnkw/mvwJ,1.0753780000000002,2.345107,3.590389,0,2591700,17.55397,Delay-insensitive,2,3.5
682500,ahQ3CzAAVsCYH5b3rrDzuWITEycgMzRd/gwj5oNcIf7vCOHEGK/Q5B/Gnkw/mvwJ,1.738069,2.634057,7.390789999999999,0,2591700,17.55397,Delay-insensitive,2,3.5
682800,ahQ3CzAAVsCYH5b3rrDzuWITEycgMzRd/gwj5oNcIf7vCOHEGK/Q5B/Gnkw/mvwJ,1.201027,2.195117,2.841037,0,2591700,17.55397,Delay-insensitive,2,3.5
683100,ahQ3CzAAVsCYH5b3rrDzuWITEycgMzRd/gwj5oNcIf7vCOHEGK/Q5B/Gnkw/mvwJ,1.721214,2.207262,2.931619,0,2591700,17.55397,Delay-insensitive,2,3.5
683400,ahQ3CzAAVsCYH5b3rrDzuWITEycgMzRd/gwj5oNcIf7vCOHEGK/Q5B/Gnkw/mvwJ,1.771062,2.420937,3.817846,0,2591700,17.55397,Delay-insensitive,2,3.5
683700,ahQ3CzAAVsCYH5b3rrDzuWITEycgMzRd/gwj5oNcIf7vCOHEGK/Q5B/Gnkw/mvwJ,1.15791,2.256014,3.066023,0,2591700,17.55397,Delay-insensitive,2,3.5
684000,ahQ3CzAAVsCYH5b3rrDzuWITEycgMzRd/gwj5oNcIf7vCOHEGK/Q5B/Gnkw/mvwJ,2.080671,2.990815,10.499158,0,2591700,17.55397,Delay-insensitive,2,3.5
684300,ahQ3CzAAVsCYH5b3rrDzuWITEycgMzRd/gwj5oNcIf7vCOHEGK/Q5B/Gnkw/mvwJ,1.764787,2.619438,7.457041999999999,0,2591700,17.55397,Delay-insensitive,2,3.5
684600,ahQ3CzAAVsCYH5b3rrDzuWITEycgMzRd/gwj5oNcIf7vCOHEGK/Q5B/Gnkw/mvwJ,1.792809,2.280665,2.783139,0,2591700,17.55397,Delay-insensitive,2,3.5
684900,ahQ3CzAAVsCYH5b3rrDzuWITEycgMzRd/gwj5oNcIf7vCOHEGK/Q5B/Gnkw/mvwJ,1.7141669999999998,2.165804,3.122245,0,2591700,17.55397,Delay-insensitive,2,3.5
685200,ahQ3CzAAVsCYH5b3rrDzuWITEycgMzRd/gwj5oNcIf7vCOHEGK/Q5B/Gnkw/mvwJ,1.824419,2.364472,4.089214,0,2591700,17.55397,Delay-insensitive,2,3.5
685500,ahQ3CzAAVsCYH5b3rrDzuWITEycgMzRd/gwj5oNcIf7vCOHEGK/Q5B/Gnkw/mvwJ,1.539618,2.286155,3.114051,0,2591700,17.55397,Delay-insensitive,2,3.5
685800,ahQ3CzAAVsCYH5b3rrDzuWITEycgMzRd/gwj5oNcIf7vCOHEGK/Q5B/Gnkw/mvwJ,1.790536,2.382825,3.837073,0,2591700,17.55397,Delay-insensitive,2,3.5
686100,ahQ3CzAAVsCYH5b3rrDzuWITEycgMzRd/gwj5oNcIf7vCOHEGK/Q5B/Gnkw/mvwJ,1.7409849999999998,2.407413,4.915915,0,2591700,17.55397,Delay-insensitive,2,3.5
686400,ahQ3CzAAVsCYH5b3rrDzuWITEycgMzRd/gwj5oNcIf7vCOHEGK/Q5B/Gnkw/mvwJ,0.789022,2.20882,3.262216,0,2591700,17.55397,Delay-insensitive,2,3.5
686700,ahQ3CzAAVsCYH5b3rrDzuWITEycgMzRd/gwj5oNcIf7vCOHEGK/Q5B/Gnkw/mvwJ,1.79787,2.306762,3.459662,0,2591700,17.55397,Delay-insensitive,2,3.5
687000,ahQ3CzAAVsCYH5b3rrDzuWITEycgMzRd/gwj5oNcIf7vCOHEGK/Q5B/Gnkw/mvwJ,1.40125,2.243711,3.3389300000000004,0,2591700,17.55397,Delay-insensitive,2,3.5
687300,ahQ3CzAAVsCYH5b3rrDzuWITEycgMzRd/gwj5oNcIf7vCOHEGK/Q5B/Gnkw/mvwJ,1.795266,2.452163,3.5952300000000004,0,2591700,17.55397,Delay-insensitive,2,3.5
687600,ahQ3CzAAVsCYH5b3rrDzuWITEycgMzRd/gwj5oNcIf7vCOHEGK/Q5B/Gnkw/mvwJ,1.746933,8.930586,37.68979,0,2591700,17.55397,Delay-insensitive,2,3.5
687900,ahQ3CzAAVsCYH5b3rrDzuWITEycgMzRd/gwj5oNcIf7vCOHEGK/Q5B/Gnkw/mvwJ,1.778127,7.391149,31.063031,0,2591700,17.55397,Delay-insensitive,2,3.5
688200,ahQ3CzAAVsCYH5b3rrDzuWITEycgMzRd/gwj5oNcIf7vCOHEGK/Q5B/Gnkw/mvwJ,1.762026,2.561615,3.772592,0,2591700,17.55397,Delay-insensitive,2,3.5
688500,ahQ3CzAAVsCYH5b3rrDzuWITEycgMzRd/gwj5oNcIf7vCOHEGK/Q5B/Gnkw/mvwJ,1.806794,2.267316,3.332695,0,2591700,17.55397,Delay-insensitive,2,3.5
688800,ahQ3CzAAVsCYH5b3rrDzuWITEycgMzRd/gwj5oNcIf7vCOHEGK/Q5B/Gnkw/mvwJ,1.6615349999999998,2.173659,2.891893,0,2591700,17.55397,Delay-insensitive,2,3.5
689100,ahQ3CzAAVsCYH5b3rrDzuWITEycgMzRd/gwj5oNcIf7vCOHEGK/Q5B/Gnkw/mvwJ,0.712577,2.1140950000000003,3.604793,0,2591700,17.55397,Delay-insensitive,2,3.5
689400,ahQ3CzAAVsCYH5b3rrDzuWITEycgMzRd/gwj5oNcIf7vCOHEGK/Q5B/Gnkw/mvwJ,1.6989189999999998,2.362066,3.73758,0,2591700,17.55397,Delay-insensitive,2,3.5
689700,ahQ3CzAAVsCYH5b3rrDzuWITEycgMzRd/gwj5oNcIf7vCOHEGK/Q5B/Gnkw/mvwJ,0.805736,2.427616,7.049273,0,2591700,17.55397,Delay-insensitive,2,3.5
690000,ahQ3CzAAVsCYH5b3rrDzuWITEycgMzRd/gwj5oNcIf7vCOHEGK/Q5B/Gnkw/mvwJ,1.671369,2.328744,3.623263,0,2591700,17.55397,Delay-insensitive,2,3.5
690300,ahQ3CzAAVsCYH5b3rrDzuWITEycgMzRd/gwj5oNcIf7vCOHEGK/Q5B/Gnkw/mvwJ,1.687866,2.271954,3.847393,0,2591700,17.55397,Delay-insensitive,2,3.5
690600,ahQ3CzAAVsCYH5b3rrDzuWITEycgMzRd/gwj5oNcIf7vCOHEGK/Q5B/Gnkw/mvwJ,1.578816,2.297792,3.364954,0,2591700,17.55397,Delay-insensitive,2,3.5
690900,ahQ3CzAAVsCYH5b3rrDzuWITEycgMzRd/gwj5oNcIf7vCOHEGK/Q5B/Gnkw/mvwJ,1.207492,2.114802,3.031979,0,2591700,17.55397,Delay-insensitive,2,3.5
