timestamp,vm_id,min_cpu,max_cpu,avg_cpu,timestamp vm created,timestamp vm deleted,p95 max cpu,vm_category,vm virtual core count,vm memory (gb)
0,ai0kEteBVGSO30Ocb83ie8uGTsUc07l7gBsrjVeSCKVsGKhzrlxzLPQA1JD6j3+y,1.440566,1.975044,3.3488260000000003,0,2591700,24.449213,Interactive,1,1.75
300,ai0kEteBVGSO30Ocb83ie8uGTsUc07l7gBsrjVeSCKVsGKhzrlxzLPQA1JD6j3+y,1.410765,1.946672,2.540893,0,2591700,24.449213,Interactive,1,1.75
600,ai0kEteBVGSO30Ocb83ie8uGTsUc07l7gBsrjVeSCKVsGKhzrlxzLPQA1JD6j3+y,1.403778,2.068413,3.4510089999999995,0,2591700,24.449213,Interactive,1,1.75
900,ai0kEteBVGSO30Ocb83ie8uGTsUc07l7gBsrjVeSCKVsGKhzrlxzLPQA1JD6j3+y,1.4028200000000002,2.099574,3.258928,0,2591700,24.449213,Interactive,1,1.75
1200,ai0kEteBVGSO30Ocb83ie8uGTsUc07l7gBsrjVeSCKVsGKhzrlxzLPQA1JD6j3+y,1.400188,1.916893,2.59438,0,2591700,24.449213,Interactive,1,1.75
1500,ai0kEteBVGSO30Ocb83ie8uGTsUc07l7gBsrjVeSCKVsGKhzrlxzLPQA1JD6j3+y,1.1786450000000002,2.09292,3.784007,0,2591700,24.449213,Interactive,1,1.75
1800,ai0kEteBVGSO30Ocb83ie8uGTsUc07l7gBsrjVeSCKVsGKhzrlxzLPQA1JD6j3+y,1.374165,2.063647,3.296696,0,2591700,24.449213,Interactive,1,1.75
2100,ai0kEteBVGSO30Ocb83ie8uGTsUc07l7gBsrjVeSCKVsGKhzrlxzLPQA1JD6j3+y,1.341726,1.908329,2.559857,0,2591700,24.449213,Interactive,1,1.75
2400,ai0kEteBVGSO30Ocb83ie8uGTsUc07l7gBsrjVeSCKVsGKhzrlxzLPQA1JD6j3+y,1.370906,3.925425,20.95897,0,2591700,24.449213,Interactive,1,1.75
2700,ai0kEteBVGSO30Ocb83ie8uGTsUc07l7gBsrjVeSCKVsGKhzrlxzLPQA1JD6j3+y,1.368215,1.966518,3.341053,0,2591700,24.449213,Interactive,1,1.75
3000,ai0kEteBVGSO30Ocb83ie8uGTsUc07l7gBsrjVeSCKVsGKhzrlxzLPQA1JD6j3+y,1.411647,1.898847,2.510687,0,2591700,24.449213,Interactive,1,1.75
3300,ai0kEteBVGSO30Ocb83ie8uGTsUc07l7gBsrjVeSCKVsGKhzrlxzLPQA1JD6j3+y,1.030873,1.909899,3.4571400000000003,0,2591700,24.449213,Interactive,1,1.75
3600,ai0kEteBVGSO30Ocb83ie8uGTsUc07l7gBsrjVeSCKVsGKhzrlxzLPQA1JD6j3+y,1.237599,1.959253,3.334986,0,2591700,24.449213,Interactive,1,1.75
3900,ai0kEteBVGSO30Ocb83ie8uGTsUc07l7gBsrjVeSCKVsGKhzrlxzLPQA1JD6j3+y,1.393683,2.0090830000000004,2.485588,0,2591700,24.449213,Interactive,1,1.75
4200,ai0kEteBVGSO30Ocb83ie8uGTsUc07l7gBsrjVeSCKVsGKhzrlxzLPQA1JD6j3+y,0.719334,1.989217,3.373015,0,2591700,24.449213,Interactive,1,1.75
4500,ai0kEteBVGSO30Ocb83ie8uGTsUc07l7gBsrjVeSCKVsGKhzrlxzLPQA1JD6j3+y,1.522169,11.162606,33.190915999999994,0,2591700,24.449213,Interactive,1,1.75
4800,ai0kEteBVGSO30Ocb83ie8uGTsUc07l7gBsrjVeSCKVsGKhzrlxzLPQA1JD6j3+y,1.222385,2.053097,3.420904,0,2591700,24.449213,Interactive,1,1.75
5100,ai0kEteBVGSO30Ocb83ie8uGTsUc07l7gBsrjVeSCKVsGKhzrlxzLPQA1JD6j3+y,1.489691,2.16164,3.559321,0,2591700,24.449213,Interactive,1,1.75
5400,ai0kEteBVGSO30Ocb83ie8uGTsUc07l7gBsrjVeSCKVsGKhzrlxzLPQA1JD6j3+y,1.021827,1.918885,3.422391,0,2591700,24.449213,Interactive,1,1.75
5700,ai0kEteBVGSO30Ocb83ie8uGTsUc07l7gBsrjVeSCKVsGKhzrlxzLPQA1JD6j3+y,1.357234,1.992408,2.873728,0,2591700,24.449213,Interactive,1,1.75
6000,ai0kEteBVGSO30Ocb83ie8uGTsUc07l7gBsrjVeSCKVsGKhzrlxzLPQA1JD6j3+y,0.684601,3.948232,22.985331,0,2591700,24.449213,Interactive,1,1.75
6300,ai0kEteBVGSO30Ocb83ie8uGTsUc07l7gBsrjVeSCKVsGKhzrlxzLPQA1JD6j3+y,1.435801,2.061628,3.277507,0,2591700,24.449213,Interactive,1,1.75
6600,ai0kEteBVGSO30Ocb83ie8uGTsUc07l7gBsrjVeSCKVsGKhzrlxzLPQA1JD6j3+y,1.42219,1.842697,2.517916,0,2591700,24.449213,Interactive,1,1.75
6900,ai0kEteBVGSO30Ocb83ie8uGTsUc07l7gBsrjVeSCKVsGKhzrlxzLPQA1JD6j3+y,1.421935,2.0601990000000003,3.31883,0,2591700,24.449213,Interactive,1,1.75
7200,ai0kEteBVGSO30Ocb83ie8uGTsUc07l7gBsrjVeSCKVsGKhzrlxzLPQA1JD6j3+y,1.367514,1.986917,3.310716,0,2591700,24.449213,Interactive,1,1.75
7500,ai0kEteBVGSO30Ocb83ie8uGTsUc07l7gBsrjVeSCKVsGKhzrlxzLPQA1JD6j3+y,1.4253049999999998,1.968351,2.518999,0,2591700,24.449213,Interactive,1,1.75
7800,ai0kEteBVGSO30Ocb83ie8uGTsUc07l7gBsrjVeSCKVsGKhzrlxzLPQA1JD6j3+y,1.453218,2.073189,3.3130660000000005,0,2591700,24.449213,Interactive,1,1.75
8100,ai0kEteBVGSO30Ocb83ie8uGTsUc07l7gBsrjVeSCKVsGKhzrlxzLPQA1JD6j3+y,1.56325,2.093682,3.4042449999999995,0,2591700,24.449213,Interactive,1,1.75
8400,ai0kEteBVGSO30Ocb83ie8uGTsUc07l7gBsrjVeSCKVsGKhzrlxzLPQA1JD6j3+y,1.42581,1.914728,2.408948,0,2591700,24.449213,Interactive,1,1.75
8700,ai0kEteBVGSO30Ocb83ie8uGTsUc07l7gBsrjVeSCKVsGKhzrlxzLPQA1JD6j3+y,0.664589,1.955339,3.3968800000000003,0,2591700,24.449213,Interactive,1,1.75
9000,ai0kEteBVGSO30Ocb83ie8uGTsUc07l7gBsrjVeSCKVsGKhzrlxzLPQA1JD6j3+y,1.45745,2.107744,3.543228,0,2591700,24.449213,Interactive,1,1.75
9300,ai0kEteBVGSO30Ocb83ie8uGTsUc07l7gBsrjVeSCKVsGKhzrlxzLPQA1JD6j3+y,0.748667,1.783765,2.526264,0,2591700,24.449213,Interactive,1,1.75
9600,ai0kEteBVGSO30Ocb83ie8uGTsUc07l7gBsrjVeSCKVsGKhzrlxzLPQA1JD6j3+y,1.528651,4.088806,21.018903,0,2591700,24.449213,Interactive,1,1.75
9900,ai0kEteBVGSO30Ocb83ie8uGTsUc07l7gBsrjVeSCKVsGKhzrlxzLPQA1JD6j3+y,1.365193,2.044946,3.090246,0,2591700,24.449213,Interactive,1,1.75
10200,ai0kEteBVGSO30Ocb83ie8uGTsUc07l7gBsrjVeSCKVsGKhzrlxzLPQA1JD6j3+y,1.057568,1.881935,2.420561,0,2591700,24.449213,Interactive,1,1.75
10500,ai0kEteBVGSO30Ocb83ie8uGTsUc07l7gBsrjVeSCKVsGKhzrlxzLPQA1JD6j3+y,1.41471,2.074513,3.332664,0,2591700,24.449213,Interactive,1,1.75
10800,ai0kEteBVGSO30Ocb83ie8uGTsUc07l7gBsrjVeSCKVsGKhzrlxzLPQA1JD6j3+y,1.164962,2.021067,3.078671,0,2591700,24.449213,Interactive,1,1.75
11100,ai0kEteBVGSO30Ocb83ie8uGTsUc07l7gBsrjVeSCKVsGKhzrlxzLPQA1JD6j3+y,1.4147040000000002,2.005953,2.887983,0,2591700,24.449213,Interactive,1,1.75
11400,ai0kEteBVGSO30Ocb83ie8uGTsUc07l7gBsrjVeSCKVsGKhzrlxzLPQA1JD6j3+y,1.423653,2.088718,3.448317,0,2591700,24.449213,Interactive,1,1.75
11700,ai0kEteBVGSO30Ocb83ie8uGTsUc07l7gBsrjVeSCKVsGKhzrlxzLPQA1JD6j3+y,1.357662,2.053088,3.215372,0,2591700,24.449213,Interactive,1,1.75
12000,ai0kEteBVGSO30Ocb83ie8uGTsUc07l7gBsrjVeSCKVsGKhzrlxzLPQA1JD6j3+y,1.357169,1.815078,2.856543,0,2591700,24.449213,Interactive,1,1.75
12300,ai0kEteBVGSO30Ocb83ie8uGTsUc07l7gBsrjVeSCKVsGKhzrlxzLPQA1JD6j3+y,1.148446,2.035659,3.425014,0,2591700,24.449213,Interactive,1,1.75
12600,ai0kEteBVGSO30Ocb83ie8uGTsUc07l7gBsrjVeSCKVsGKhzrlxzLPQA1JD6j3+y,1.394433,2.056104,3.146054,0,2591700,24.449213,Interactive,1,1.75
12900,ai0kEteBVGSO30Ocb83ie8uGTsUc07l7gBsrjVeSCKVsGKhzrlxzLPQA1JD6j3+y,1.312861,2.049317,3.002409,0,2591700,24.449213,Interactive,1,1.75
13200,ai0kEteBVGSO30Ocb83ie8uGTsUc07l7gBsrjVeSCKVsGKhzrlxzLPQA1JD6j3+y,1.361591,3.928351,14.918785,0,2591700,24.449213,Interactive,1,1.75
13500,ai0kEteBVGSO30Ocb83ie8uGTsUc07l7gBsrjVeSCKVsGKhzrlxzLPQA1JD6j3+y,1.333703,2.100581,3.23233,0,2591700,24.449213,Interactive,1,1.75
13800,ai0kEteBVGSO30Ocb83ie8uGTsUc07l7gBsrjVeSCKVsGKhzrlxzLPQA1JD6j3+y,1.361849,1.936704,3.097142,0,2591700,24.449213,Interactive,1,1.75
14100,ai0kEteBVGSO30Ocb83ie8uGTsUc07l7gBsrjVeSCKVsGKhzrlxzLPQA1JD6j3+y,0.971115,1.942846,3.813271,0,2591700,24.449213,Interactive,1,1.75
14400,ai0kEteBVGSO30Ocb83ie8uGTsUc07l7gBsrjVeSCKVsGKhzrlxzLPQA1JD6j3+y,1.376341,2.109069,3.320665,0,2591700,24.449213,Interactive,1,1.75
14700,ai0kEteBVGSO30Ocb83ie8uGTsUc07l7gBsrjVeSCKVsGKhzrlxzLPQA1JD6j3+y,1.3533110000000002,1.892843,3.513383,0,2591700,24.449213,Interactive,1,1.75
15000,ai0kEteBVGSO30Ocb83ie8uGTsUc07l7gBsrjVeSCKVsGKhzrlxzLPQA1JD6j3+y,0.993734,2.083409,3.5473410000000003,0,2591700,24.449213,Interactive,1,1.75
15300,ai0kEteBVGSO30Ocb83ie8uGTsUc07l7gBsrjVeSCKVsGKhzrlxzLPQA1JD6j3+y,1.395285,2.083396,3.247157,0,2591700,24.449213,Interactive,1,1.75
15600,ai0kEteBVGSO30Ocb83ie8uGTsUc07l7gBsrjVeSCKVsGKhzrlxzLPQA1JD6j3+y,1.050654,1.883039,3.099203,0,2591700,24.449213,Interactive,1,1.75
15900,ai0kEteBVGSO30Ocb83ie8uGTsUc07l7gBsrjVeSCKVsGKhzrlxzLPQA1JD6j3+y,1.428815,2.090628,3.34331,0,2591700,24.449213,Interactive,1,1.75
16200,ai0kEteBVGSO30Ocb83ie8uGTsUc07l7gBsrjVeSCKVsGKhzrlxzLPQA1JD6j3+y,1.379177,2.04916,3.276686,0,2591700,24.449213,Interactive,1,1.75
16500,ai0kEteBVGSO30Ocb83ie8uGTsUc07l7gBsrjVeSCKVsGKhzrlxzLPQA1JD6j3+y,1.358192,1.89378,2.783451,0,2591700,24.449213,Interactive,1,1.75
16800,ai0kEteBVGSO30Ocb83ie8uGTsUc07l7gBsrjVeSCKVsGKhzrlxzLPQA1JD6j3+y,1.385142,4.014839,22.068389,0,2591700,24.449213,Interactive,1,1.75
17100,ai0kEteBVGSO30Ocb83ie8uGTsUc07l7gBsrjVeSCKVsGKhzrlxzLPQA1JD6j3+y,1.363036,2.0311,3.067869,0,2591700,24.449213,Interactive,1,1.75
17400,ai0kEteBVGSO30Ocb83ie8uGTsUc07l7gBsrjVeSCKVsGKhzrlxzLPQA1JD6j3+y,1.359716,1.831792,2.890155,0,2591700,24.449213,Interactive,1,1.75
17700,ai0kEteBVGSO30Ocb83ie8uGTsUc07l7gBsrjVeSCKVsGKhzrlxzLPQA1JD6j3+y,0.898418,1.944695,3.343432,0,2591700,24.449213,Interactive,1,1.75
18000,ai0kEteBVGSO30Ocb83ie8uGTsUc07l7gBsrjVeSCKVsGKhzrlxzLPQA1JD6j3+y,1.387644,2.052877,3.181204,0,2591700,24.449213,Interactive,1,1.75
18300,ai0kEteBVGSO30Ocb83ie8uGTsUc07l7gBsrjVeSCKVsGKhzrlxzLPQA1JD6j3+y,1.392754,2.08987,3.661161,0,2591700,24.449213,Interactive,1,1.75
18600,ai0kEteBVGSO30Ocb83ie8uGTsUc07l7gBsrjVeSCKVsGKhzrlxzLPQA1JD6j3+y,1.376661,2.1007990000000003,3.579845,0,2591700,24.449213,Interactive,1,1.75
18900,ai0kEteBVGSO30Ocb83ie8uGTsUc07l7gBsrjVeSCKVsGKhzrlxzLPQA1JD6j3+y,1.421967,2.113142,3.331077,0,2591700,24.449213,Interactive,1,1.75
19200,ai0kEteBVGSO30Ocb83ie8uGTsUc07l7gBsrjVeSCKVsGKhzrlxzLPQA1JD6j3+y,1.396883,1.982205,2.770649,0,2591700,24.449213,Interactive,1,1.75
19500,ai0kEteBVGSO30Ocb83ie8uGTsUc07l7gBsrjVeSCKVsGKhzrlxzLPQA1JD6j3+y,1.353383,1.99766,3.516345,0,2591700,24.449213,Interactive,1,1.75
19800,ai0kEteBVGSO30Ocb83ie8uGTsUc07l7gBsrjVeSCKVsGKhzrlxzLPQA1JD6j3+y,1.391181,2.011928,2.980294,0,2591700,24.449213,Interactive,1,1.75
20100,ai0kEteBVGSO30Ocb83ie8uGTsUc07l7gBsrjVeSCKVsGKhzrlxzLPQA1JD6j3+y,1.367502,1.823263,2.560223,0,2591700,24.449213,Interactive,1,1.75
20400,ai0kEteBVGSO30Ocb83ie8uGTsUc07l7gBsrjVeSCKVsGKhzrlxzLPQA1JD6j3+y,1.503096,3.952507,20.848157,0,2591700,24.449213,Interactive,1,1.75
20700,ai0kEteBVGSO30Ocb83ie8uGTsUc07l7gBsrjVeSCKVsGKhzrlxzLPQA1JD6j3+y,1.356925,1.976715,3.061719,0,2591700,24.449213,Interactive,1,1.75
21000,ai0kEteBVGSO30Ocb83ie8uGTsUc07l7gBsrjVeSCKVsGKhzrlxzLPQA1JD6j3+y,1.36836,1.906705,2.646771,0,2591700,24.449213,Interactive,1,1.75
21300,ai0kEteBVGSO30Ocb83ie8uGTsUc07l7gBsrjVeSCKVsGKhzrlxzLPQA1JD6j3+y,1.436272,2.2002740000000003,3.51784,0,2591700,24.449213,Interactive,1,1.75
21600,ai0kEteBVGSO30Ocb83ie8uGTsUc07l7gBsrjVeSCKVsGKhzrlxzLPQA1JD6j3+y,0.714281,1.921464,3.067912,0,2591700,24.449213,Interactive,1,1.75
21900,ai0kEteBVGSO30Ocb83ie8uGTsUc07l7gBsrjVeSCKVsGKhzrlxzLPQA1JD6j3+y,1.395682,1.947826,3.038368,0,2591700,24.449213,Interactive,1,1.75
22200,ai0kEteBVGSO30Ocb83ie8uGTsUc07l7gBsrjVeSCKVsGKhzrlxzLPQA1JD6j3+y,1.508831,2.080939,3.548659,0,2591700,24.449213,Interactive,1,1.75
22500,ai0kEteBVGSO30Ocb83ie8uGTsUc07l7gBsrjVeSCKVsGKhzrlxzLPQA1JD6j3+y,1.401797,1.920256,2.481303,0,2591700,24.449213,Interactive,1,1.75
22800,ai0kEteBVGSO30Ocb83ie8uGTsUc07l7gBsrjVeSCKVsGKhzrlxzLPQA1JD6j3+y,1.417908,1.864196,2.53573,0,2591700,24.449213,Interactive,1,1.75
23100,ai0kEteBVGSO30Ocb83ie8uGTsUc07l7gBsrjVeSCKVsGKhzrlxzLPQA1JD6j3+y,1.512416,2.033175,3.214967,0,2591700,24.449213,Interactive,1,1.75
23400,ai0kEteBVGSO30Ocb83ie8uGTsUc07l7gBsrjVeSCKVsGKhzrlxzLPQA1JD6j3+y,1.388058,1.925598,2.537288,0,2591700,24.449213,Interactive,1,1.75
23700,ai0kEteBVGSO30Ocb83ie8uGTsUc07l7gBsrjVeSCKVsGKhzrlxzLPQA1JD6j3+y,1.359775,1.973717,3.3449230000000005,0,2591700,24.449213,Interactive,1,1.75
24000,ai0kEteBVGSO30Ocb83ie8uGTsUc07l7gBsrjVeSCKVsGKhzrlxzLPQA1JD6j3+y,1.448815,3.944217,21.016806,0,2591700,24.449213,Interactive,1,1.75
24300,ai0kEteBVGSO30Ocb83ie8uGTsUc07l7gBsrjVeSCKVsGKhzrlxzLPQA1JD6j3+y,1.20582,1.7830240000000002,2.383193,0,2591700,24.449213,Interactive,1,1.75
24600,ai0kEteBVGSO30Ocb83ie8uGTsUc07l7gBsrjVeSCKVsGKhzrlxzLPQA1JD6j3+y,1.399945,2.01589,3.3664910000000003,0,2591700,24.449213,Interactive,1,1.75
24900,ai0kEteBVGSO30Ocb83ie8uGTsUc07l7gBsrjVeSCKVsGKhzrlxzLPQA1JD6j3+y,1.507871,2.055054,3.320118,0,2591700,24.449213,Interactive,1,1.75
25200,ai0kEteBVGSO30Ocb83ie8uGTsUc07l7gBsrjVeSCKVsGKhzrlxzLPQA1JD6j3+y,1.399652,1.91644,2.487202,0,2591700,24.449213,Interactive,1,1.75
25500,ai0kEteBVGSO30Ocb83ie8uGTsUc07l7gBsrjVeSCKVsGKhzrlxzLPQA1JD6j3+y,1.363999,1.980152,3.3677080000000004,0,2591700,24.449213,Interactive,1,1.75
25800,ai0kEteBVGSO30Ocb83ie8uGTsUc07l7gBsrjVeSCKVsGKhzrlxzLPQA1JD6j3+y,1.544154,2.1159830000000004,3.505288,0,2591700,24.449213,Interactive,1,1.75
26100,ai0kEteBVGSO30Ocb83ie8uGTsUc07l7gBsrjVeSCKVsGKhzrlxzLPQA1JD6j3+y,1.353464,1.919907,2.526295,0,2591700,24.449213,Interactive,1,1.75
26400,ai0kEteBVGSO30Ocb83ie8uGTsUc07l7gBsrjVeSCKVsGKhzrlxzLPQA1JD6j3+y,1.283003,1.968477,3.355237,0,2591700,24.449213,Interactive,1,1.75
26700,ai0kEteBVGSO30Ocb83ie8uGTsUc07l7gBsrjVeSCKVsGKhzrlxzLPQA1JD6j3+y,1.444735,2.141319,3.281581,0,2591700,24.449213,Interactive,1,1.75
27000,ai0kEteBVGSO30Ocb83ie8uGTsUc07l7gBsrjVeSCKVsGKhzrlxzLPQA1JD6j3+y,1.365298,1.890694,2.551489,0,2591700,24.449213,Interactive,1,1.75
27300,ai0kEteBVGSO30Ocb83ie8uGTsUc07l7gBsrjVeSCKVsGKhzrlxzLPQA1JD6j3+y,1.361256,1.999379,3.362225,0,2591700,24.449213,Interactive,1,1.75
27600,ai0kEteBVGSO30Ocb83ie8uGTsUc07l7gBsrjVeSCKVsGKhzrlxzLPQA1JD6j3+y,1.448757,8.952755999999999,71.111805,0,2591700,24.449213,Interactive,1,1.75
27900,ai0kEteBVGSO30Ocb83ie8uGTsUc07l7gBsrjVeSCKVsGKhzrlxzLPQA1JD6j3+y,1.524253,4.2474300000000005,22.463865,0,2591700,24.449213,Interactive,1,1.75
28200,ai0kEteBVGSO30Ocb83ie8uGTsUc07l7gBsrjVeSCKVsGKhzrlxzLPQA1JD6j3+y,1.344441,1.95664,3.43592,0,2591700,24.449213,Interactive,1,1.75
28500,ai0kEteBVGSO30Ocb83ie8uGTsUc07l7gBsrjVeSCKVsGKhzrlxzLPQA1JD6j3+y,1.558719,2.11764,3.234417,0,2591700,24.449213,Interactive,1,1.75
28800,ai0kEteBVGSO30Ocb83ie8uGTsUc07l7gBsrjVeSCKVsGKhzrlxzLPQA1JD6j3+y,1.430141,1.925443,2.471699,0,2591700,24.449213,Interactive,1,1.75
29100,ai0kEteBVGSO30Ocb83ie8uGTsUc07l7gBsrjVeSCKVsGKhzrlxzLPQA1JD6j3+y,1.213827,2.016248,3.331992,0,2591700,24.449213,Interactive,1,1.75
29400,ai0kEteBVGSO30Ocb83ie8uGTsUc07l7gBsrjVeSCKVsGKhzrlxzLPQA1JD6j3+y,1.5805280000000002,2.123459,3.532772,0,2591700,24.449213,Interactive,1,1.75
29700,ai0kEteBVGSO30Ocb83ie8uGTsUc07l7gBsrjVeSCKVsGKhzrlxzLPQA1JD6j3+y,1.397072,2.022943,2.781246,0,2591700,24.449213,Interactive,1,1.75
30000,ai0kEteBVGSO30Ocb83ie8uGTsUc07l7gBsrjVeSCKVsGKhzrlxzLPQA1JD6j3+y,1.353695,2.086339,3.3400830000000004,0,2591700,24.449213,Interactive,1,1.75
30300,ai0kEteBVGSO30Ocb83ie8uGTsUc07l7gBsrjVeSCKVsGKhzrlxzLPQA1JD6j3+y,1.428167,1.99248,3.2004330000000003,0,2591700,24.449213,Interactive,1,1.75
30600,ai0kEteBVGSO30Ocb83ie8uGTsUc07l7gBsrjVeSCKVsGKhzrlxzLPQA1JD6j3+y,1.48375,1.94679,2.423572,0,2591700,24.449213,Interactive,1,1.75
30900,ai0kEteBVGSO30Ocb83ie8uGTsUc07l7gBsrjVeSCKVsGKhzrlxzLPQA1JD6j3+y,1.006543,1.87533,3.319636,0,2591700,24.449213,Interactive,1,1.75
31200,ai0kEteBVGSO30Ocb83ie8uGTsUc07l7gBsrjVeSCKVsGKhzrlxzLPQA1JD6j3+y,1.536822,3.98383,21.09264,0,2591700,24.449213,Interactive,1,1.75
31500,ai0kEteBVGSO30Ocb83ie8uGTsUc07l7gBsrjVeSCKVsGKhzrlxzLPQA1JD6j3+y,1.422621,1.990814,2.587256,0,2591700,24.449213,Interactive,1,1.75
31800,ai0kEteBVGSO30Ocb83ie8uGTsUc07l7gBsrjVeSCKVsGKhzrlxzLPQA1JD6j3+y,0.752548,1.911556,3.272364,0,2591700,24.449213,Interactive,1,1.75
32100,ai0kEteBVGSO30Ocb83ie8uGTsUc07l7gBsrjVeSCKVsGKhzrlxzLPQA1JD6j3+y,1.47178,2.135644,3.052874,0,2591700,24.449213,Interactive,1,1.75
32400,ai0kEteBVGSO30Ocb83ie8uGTsUc07l7gBsrjVeSCKVsGKhzrlxzLPQA1JD6j3+y,1.413093,1.986453,3.176976,0,2591700,24.449213,Interactive,1,1.75
32700,ai0kEteBVGSO30Ocb83ie8uGTsUc07l7gBsrjVeSCKVsGKhzrlxzLPQA1JD6j3+y,1.3759370000000002,2.125414,3.259501,0,2591700,24.449213,Interactive,1,1.75
33000,ai0kEteBVGSO30Ocb83ie8uGTsUc07l7gBsrjVeSCKVsGKhzrlxzLPQA1JD6j3+y,1.408427,2.166166,4.250305,0,2591700,24.449213,Interactive,1,1.75
33300,ai0kEteBVGSO30Ocb83ie8uGTsUc07l7gBsrjVeSCKVsGKhzrlxzLPQA1JD6j3+y,1.404297,5.491587,30.275727000000003,0,2591700,24.449213,Interactive,1,1.75
33600,ai0kEteBVGSO30Ocb83ie8uGTsUc07l7gBsrjVeSCKVsGKhzrlxzLPQA1JD6j3+y,0.931225,2.983521,11.532185,0,2591700,24.449213,Interactive,1,1.75
33900,ai0kEteBVGSO30Ocb83ie8uGTsUc07l7gBsrjVeSCKVsGKhzrlxzLPQA1JD6j3+y,0.624988,2.011435,3.292846,0,2591700,24.449213,Interactive,1,1.75
34200,ai0kEteBVGSO30Ocb83ie8uGTsUc07l7gBsrjVeSCKVsGKhzrlxzLPQA1JD6j3+y,1.326276,2.04056,2.7249950000000003,0,2591700,24.449213,Interactive,1,1.75
34500,ai0kEteBVGSO30Ocb83ie8uGTsUc07l7gBsrjVeSCKVsGKhzrlxzLPQA1JD6j3+y,1.316482,1.875567,3.4283690000000004,0,2591700,24.449213,Interactive,1,1.75
34800,ai0kEteBVGSO30Ocb83ie8uGTsUc07l7gBsrjVeSCKVsGKhzrlxzLPQA1JD6j3+y,1.373998,3.991187,20.902951,0,2591700,24.449213,Interactive,1,1.75
35100,ai0kEteBVGSO30Ocb83ie8uGTsUc07l7gBsrjVeSCKVsGKhzrlxzLPQA1JD6j3+y,0.958146,1.689501,2.3450740000000003,0,2591700,24.449213,Interactive,1,1.75
35400,ai0kEteBVGSO30Ocb83ie8uGTsUc07l7gBsrjVeSCKVsGKhzrlxzLPQA1JD6j3+y,1.341987,2.075899,3.622875,0,2591700,24.449213,Interactive,1,1.75
35700,ai0kEteBVGSO30Ocb83ie8uGTsUc07l7gBsrjVeSCKVsGKhzrlxzLPQA1JD6j3+y,1.396975,1.922021,2.659334,0,2591700,24.449213,Interactive,1,1.75
36000,ai0kEteBVGSO30Ocb83ie8uGTsUc07l7gBsrjVeSCKVsGKhzrlxzLPQA1JD6j3+y,1.315169,1.973691,3.159842,0,2591700,24.449213,Interactive,1,1.75
36300,ai0kEteBVGSO30Ocb83ie8uGTsUc07l7gBsrjVeSCKVsGKhzrlxzLPQA1JD6j3+y,1.367543,2.005188,2.888969,0,2591700,24.449213,Interactive,1,1.75
36600,ai0kEteBVGSO30Ocb83ie8uGTsUc07l7gBsrjVeSCKVsGKhzrlxzLPQA1JD6j3+y,1.017472,2.025271,3.279002,0,2591700,24.449213,Interactive,1,1.75
36900,ai0kEteBVGSO30Ocb83ie8uGTsUc07l7gBsrjVeSCKVsGKhzrlxzLPQA1JD6j3+y,1.381416,1.964818,2.904812,0,2591700,24.449213,Interactive,1,1.75
37200,ai0kEteBVGSO30Ocb83ie8uGTsUc07l7gBsrjVeSCKVsGKhzrlxzLPQA1JD6j3+y,0.675719,1.870081,3.422485,0,2591700,24.449213,Interactive,1,1.75
37500,ai0kEteBVGSO30Ocb83ie8uGTsUc07l7gBsrjVeSCKVsGKhzrlxzLPQA1JD6j3+y,1.393827,2.11031,3.104796,0,2591700,24.449213,Interactive,1,1.75
37800,ai0kEteBVGSO30Ocb83ie8uGTsUc07l7gBsrjVeSCKVsGKhzrlxzLPQA1JD6j3+y,1.060855,1.832485,2.651762,0,2591700,24.449213,Interactive,1,1.75
38100,ai0kEteBVGSO30Ocb83ie8uGTsUc07l7gBsrjVeSCKVsGKhzrlxzLPQA1JD6j3+y,1.412533,2.024641,3.3797050000000004,0,2591700,24.449213,Interactive,1,1.75
38400,ai0kEteBVGSO30Ocb83ie8uGTsUc07l7gBsrjVeSCKVsGKhzrlxzLPQA1JD6j3+y,1.389534,4.006791000000001,22.495986,0,2591700,24.449213,Interactive,1,1.75
38700,ai0kEteBVGSO30Ocb83ie8uGTsUc07l7gBsrjVeSCKVsGKhzrlxzLPQA1JD6j3+y,1.392694,1.94972,2.935577,0,2591700,24.449213,Interactive,1,1.75
39000,ai0kEteBVGSO30Ocb83ie8uGTsUc07l7gBsrjVeSCKVsGKhzrlxzLPQA1JD6j3+y,1.286549,1.835124,2.77631,0,2591700,24.449213,Interactive,1,1.75
39300,ai0kEteBVGSO30Ocb83ie8uGTsUc07l7gBsrjVeSCKVsGKhzrlxzLPQA1JD6j3+y,0.923105,1.901152,3.095866,0,2591700,24.449213,Interactive,1,1.75
39600,ai0kEteBVGSO30Ocb83ie8uGTsUc07l7gBsrjVeSCKVsGKhzrlxzLPQA1JD6j3+y,1.335452,1.918656,2.671902,0,2591700,24.449213,Interactive,1,1.75
39900,ai0kEteBVGSO30Ocb83ie8uGTsUc07l7gBsrjVeSCKVsGKhzrlxzLPQA1JD6j3+y,1.14841,1.897219,3.478695,0,2591700,24.449213,Interactive,1,1.75
40200,ai0kEteBVGSO30Ocb83ie8uGTsUc07l7gBsrjVeSCKVsGKhzrlxzLPQA1JD6j3+y,1.398269,2.19327,2.986684,0,2591700,24.449213,Interactive,1,1.75
40500,ai0kEteBVGSO30Ocb83ie8uGTsUc07l7gBsrjVeSCKVsGKhzrlxzLPQA1JD6j3+y,1.449485,1.909457,2.584435,0,2591700,24.449213,Interactive,1,1.75
40800,ai0kEteBVGSO30Ocb83ie8uGTsUc07l7gBsrjVeSCKVsGKhzrlxzLPQA1JD6j3+y,1.46815,2.073001,3.49629,0,2591700,24.449213,Interactive,1,1.75
41100,ai0kEteBVGSO30Ocb83ie8uGTsUc07l7gBsrjVeSCKVsGKhzrlxzLPQA1JD6j3+y,1.399082,1.963683,2.578399,0,2591700,24.449213,Interactive,1,1.75
41400,ai0kEteBVGSO30Ocb83ie8uGTsUc07l7gBsrjVeSCKVsGKhzrlxzLPQA1JD6j3+y,1.40135,1.948594,2.947756,0,2591700,24.449213,Interactive,1,1.75
41700,ai0kEteBVGSO30Ocb83ie8uGTsUc07l7gBsrjVeSCKVsGKhzrlxzLPQA1JD6j3+y,1.417693,1.849871,2.740463,0,2591700,24.449213,Interactive,1,1.75
42000,ai0kEteBVGSO30Ocb83ie8uGTsUc07l7gBsrjVeSCKVsGKhzrlxzLPQA1JD6j3+y,1.420143,3.862598,15.292967,0,2591700,24.449213,Interactive,1,1.75
42300,ai0kEteBVGSO30Ocb83ie8uGTsUc07l7gBsrjVeSCKVsGKhzrlxzLPQA1JD6j3+y,1.428092,1.996017,2.7442990000000003,0,2591700,24.449213,Interactive,1,1.75
42600,ai0kEteBVGSO30Ocb83ie8uGTsUc07l7gBsrjVeSCKVsGKhzrlxzLPQA1JD6j3+y,0.957519,1.883213,3.3696660000000005,0,2591700,24.449213,Interactive,1,1.75
42900,ai0kEteBVGSO30Ocb83ie8uGTsUc07l7gBsrjVeSCKVsGKhzrlxzLPQA1JD6j3+y,1.489232,2.180922,3.120014,0,2591700,24.449213,Interactive,1,1.75
43200,ai0kEteBVGSO30Ocb83ie8uGTsUc07l7gBsrjVeSCKVsGKhzrlxzLPQA1JD6j3+y,1.404957,1.945613,2.6457900000000003,0,2591700,24.449213,Interactive,1,1.75
43500,ai0kEteBVGSO30Ocb83ie8uGTsUc07l7gBsrjVeSCKVsGKhzrlxzLPQA1JD6j3+y,1.374476,2.06925,3.3869260000000003,0,2591700,24.449213,Interactive,1,1.75
43800,ai0kEteBVGSO30Ocb83ie8uGTsUc07l7gBsrjVeSCKVsGKhzrlxzLPQA1JD6j3+y,0.617221,1.960605,2.864884,0,2591700,24.449213,Interactive,1,1.75
44100,ai0kEteBVGSO30Ocb83ie8uGTsUc07l7gBsrjVeSCKVsGKhzrlxzLPQA1JD6j3+y,1.397007,1.951359,2.709804,0,2591700,24.449213,Interactive,1,1.75
44400,ai0kEteBVGSO30Ocb83ie8uGTsUc07l7gBsrjVeSCKVsGKhzrlxzLPQA1JD6j3+y,1.428729,2.042992,3.286546,0,2591700,24.449213,Interactive,1,1.75
44700,ai0kEteBVGSO30Ocb83ie8uGTsUc07l7gBsrjVeSCKVsGKhzrlxzLPQA1JD6j3+y,1.386683,1.945642,2.574563,0,2591700,24.449213,Interactive,1,1.75
45000,ai0kEteBVGSO30Ocb83ie8uGTsUc07l7gBsrjVeSCKVsGKhzrlxzLPQA1JD6j3+y,1.428457,2.1004400000000003,3.890826,0,2591700,24.449213,Interactive,1,1.75
45300,ai0kEteBVGSO30Ocb83ie8uGTsUc07l7gBsrjVeSCKVsGKhzrlxzLPQA1JD6j3+y,1.321464,1.907355,3.370543,0,2591700,24.449213,Interactive,1,1.75
45600,ai0kEteBVGSO30Ocb83ie8uGTsUc07l7gBsrjVeSCKVsGKhzrlxzLPQA1JD6j3+y,1.514808,3.874041000000001,20.807347,0,2591700,24.449213,Interactive,1,1.75
45900,ai0kEteBVGSO30Ocb83ie8uGTsUc07l7gBsrjVeSCKVsGKhzrlxzLPQA1JD6j3+y,1.301325,1.93073,3.473422,0,2591700,24.449213,Interactive,1,1.75
46200,ai0kEteBVGSO30Ocb83ie8uGTsUc07l7gBsrjVeSCKVsGKhzrlxzLPQA1JD6j3+y,1.372206,2.044838,3.5169050000000004,0,2591700,24.449213,Interactive,1,1.75
46500,ai0kEteBVGSO30Ocb83ie8uGTsUc07l7gBsrjVeSCKVsGKhzrlxzLPQA1JD6j3+y,1.400278,1.878145,2.428221,0,2591700,24.449213,Interactive,1,1.75
46800,ai0kEteBVGSO30Ocb83ie8uGTsUc07l7gBsrjVeSCKVsGKhzrlxzLPQA1JD6j3+y,1.373264,2.000252,3.2949900000000003,0,2591700,24.449213,Interactive,1,1.75
47100,ai0kEteBVGSO30Ocb83ie8uGTsUc07l7gBsrjVeSCKVsGKhzrlxzLPQA1JD6j3+y,0.928254,1.806667,2.574302,0,2591700,24.449213,Interactive,1,1.75
47400,ai0kEteBVGSO30Ocb83ie8uGTsUc07l7gBsrjVeSCKVsGKhzrlxzLPQA1JD6j3+y,1.458089,1.993469,2.8343580000000004,0,2591700,24.449213,Interactive,1,1.75
47700,ai0kEteBVGSO30Ocb83ie8uGTsUc07l7gBsrjVeSCKVsGKhzrlxzLPQA1JD6j3+y,0.5872390000000001,1.777873,2.69591,0,2591700,24.449213,Interactive,1,1.75
48000,ai0kEteBVGSO30Ocb83ie8uGTsUc07l7gBsrjVeSCKVsGKhzrlxzLPQA1JD6j3+y,1.388543,1.965809,3.283789,0,2591700,24.449213,Interactive,1,1.75
48300,ai0kEteBVGSO30Ocb83ie8uGTsUc07l7gBsrjVeSCKVsGKhzrlxzLPQA1JD6j3+y,1.395344,1.959899,2.9782450000000003,0,2591700,24.449213,Interactive,1,1.75
48600,ai0kEteBVGSO30Ocb83ie8uGTsUc07l7gBsrjVeSCKVsGKhzrlxzLPQA1JD6j3+y,1.1226040000000002,1.899175,3.4193230000000003,0,2591700,24.449213,Interactive,1,1.75
48900,ai0kEteBVGSO30Ocb83ie8uGTsUc07l7gBsrjVeSCKVsGKhzrlxzLPQA1JD6j3+y,1.410462,2.136014,3.325206,0,2591700,24.449213,Interactive,1,1.75
49200,ai0kEteBVGSO30Ocb83ie8uGTsUc07l7gBsrjVeSCKVsGKhzrlxzLPQA1JD6j3+y,1.43348,3.972996,22.645093,0,2591700,24.449213,Interactive,1,1.75
49500,ai0kEteBVGSO30Ocb83ie8uGTsUc07l7gBsrjVeSCKVsGKhzrlxzLPQA1JD6j3+y,1.425687,2.091884,3.538313,0,2591700,24.449213,Interactive,1,1.75
49800,ai0kEteBVGSO30Ocb83ie8uGTsUc07l7gBsrjVeSCKVsGKhzrlxzLPQA1JD6j3+y,1.39666,1.936821,2.711734,0,2591700,24.449213,Interactive,1,1.75
50100,ai0kEteBVGSO30Ocb83ie8uGTsUc07l7gBsrjVeSCKVsGKhzrlxzLPQA1JD6j3+y,1.459998,1.969021,3.038033,0,2591700,24.449213,Interactive,1,1.75
50400,ai0kEteBVGSO30Ocb83ie8uGTsUc07l7gBsrjVeSCKVsGKhzrlxzLPQA1JD6j3+y,1.40182,1.884577,2.624402,0,2591700,24.449213,Interactive,1,1.75
50700,ai0kEteBVGSO30Ocb83ie8uGTsUc07l7gBsrjVeSCKVsGKhzrlxzLPQA1JD6j3+y,1.442204,2.063267,3.3153040000000003,0,2591700,24.449213,Interactive,1,1.75
51000,ai0kEteBVGSO30Ocb83ie8uGTsUc07l7gBsrjVeSCKVsGKhzrlxzLPQA1JD6j3+y,1.438832,1.977877,2.850324,0,2591700,24.449213,Interactive,1,1.75
51300,ai0kEteBVGSO30Ocb83ie8uGTsUc07l7gBsrjVeSCKVsGKhzrlxzLPQA1JD6j3+y,1.383081,1.981443,3.512751,0,2591700,24.449213,Interactive,1,1.75
51600,ai0kEteBVGSO30Ocb83ie8uGTsUc07l7gBsrjVeSCKVsGKhzrlxzLPQA1JD6j3+y,1.478767,2.074178,3.339955,0,2591700,24.449213,Interactive,1,1.75
51900,ai0kEteBVGSO30Ocb83ie8uGTsUc07l7gBsrjVeSCKVsGKhzrlxzLPQA1JD6j3+y,1.427123,1.901524,2.463893,0,2591700,24.449213,Interactive,1,1.75
52200,ai0kEteBVGSO30Ocb83ie8uGTsUc07l7gBsrjVeSCKVsGKhzrlxzLPQA1JD6j3+y,1.429459,2.074105,3.4895410000000004,0,2591700,24.449213,Interactive,1,1.75
52500,ai0kEteBVGSO30Ocb83ie8uGTsUc07l7gBsrjVeSCKVsGKhzrlxzLPQA1JD6j3+y,1.401842,1.899641,2.63048,0,2591700,24.449213,Interactive,1,1.75
52800,ai0kEteBVGSO30Ocb83ie8uGTsUc07l7gBsrjVeSCKVsGKhzrlxzLPQA1JD6j3+y,1.399809,3.939156,21.118746,0,2591700,24.449213,Interactive,1,1.75
53100,ai0kEteBVGSO30Ocb83ie8uGTsUc07l7gBsrjVeSCKVsGKhzrlxzLPQA1JD6j3+y,0.999258,1.854753,2.757232,0,2591700,24.449213,Interactive,1,1.75
53400,ai0kEteBVGSO30Ocb83ie8uGTsUc07l7gBsrjVeSCKVsGKhzrlxzLPQA1JD6j3+y,1.109751,1.967632,3.229732,0,2591700,24.449213,Interactive,1,1.75
53700,ai0kEteBVGSO30Ocb83ie8uGTsUc07l7gBsrjVeSCKVsGKhzrlxzLPQA1JD6j3+y,1.428299,1.999409,2.901432,0,2591700,24.449213,Interactive,1,1.75
54000,ai0kEteBVGSO30Ocb83ie8uGTsUc07l7gBsrjVeSCKVsGKhzrlxzLPQA1JD6j3+y,1.410484,2.052777,3.51996,0,2591700,24.449213,Interactive,1,1.75
54300,ai0kEteBVGSO30Ocb83ie8uGTsUc07l7gBsrjVeSCKVsGKhzrlxzLPQA1JD6j3+y,1.463243,2.141106,3.212544,0,2591700,24.449213,Interactive,1,1.75
54600,ai0kEteBVGSO30Ocb83ie8uGTsUc07l7gBsrjVeSCKVsGKhzrlxzLPQA1JD6j3+y,1.46859,2.009082,2.857518,0,2591700,24.449213,Interactive,1,1.75
54900,ai0kEteBVGSO30Ocb83ie8uGTsUc07l7gBsrjVeSCKVsGKhzrlxzLPQA1JD6j3+y,1.4328610000000002,2.114011,3.532716,0,2591700,24.449213,Interactive,1,1.75
55200,ai0kEteBVGSO30Ocb83ie8uGTsUc07l7gBsrjVeSCKVsGKhzrlxzLPQA1JD6j3+y,1.469044,1.920784,2.507344,0,2591700,24.449213,Interactive,1,1.75
55500,ai0kEteBVGSO30Ocb83ie8uGTsUc07l7gBsrjVeSCKVsGKhzrlxzLPQA1JD6j3+y,1.413501,2.20237,4.352448000000001,0,2591700,24.449213,Interactive,1,1.75
55800,ai0kEteBVGSO30Ocb83ie8uGTsUc07l7gBsrjVeSCKVsGKhzrlxzLPQA1JD6j3+y,1.323757,1.95612,2.72971,0,2591700,24.449213,Interactive,1,1.75
56100,ai0kEteBVGSO30Ocb83ie8uGTsUc07l7gBsrjVeSCKVsGKhzrlxzLPQA1JD6j3+y,1.465565,4.904582,29.868131,0,2591700,24.449213,Interactive,1,1.75
56400,ai0kEteBVGSO30Ocb83ie8uGTsUc07l7gBsrjVeSCKVsGKhzrlxzLPQA1JD6j3+y,1.379673,3.850108,17.452953,0,2591700,24.449213,Interactive,1,1.75
56700,ai0kEteBVGSO30Ocb83ie8uGTsUc07l7gBsrjVeSCKVsGKhzrlxzLPQA1JD6j3+y,1.469884,2.149449,3.642363,0,2591700,24.449213,Interactive,1,1.75
57000,ai0kEteBVGSO30Ocb83ie8uGTsUc07l7gBsrjVeSCKVsGKhzrlxzLPQA1JD6j3+y,1.393625,2.056645,3.216759,0,2591700,24.449213,Interactive,1,1.75
57300,ai0kEteBVGSO30Ocb83ie8uGTsUc07l7gBsrjVeSCKVsGKhzrlxzLPQA1JD6j3+y,1.486749,2.006191,2.920388,0,2591700,24.449213,Interactive,1,1.75
57600,ai0kEteBVGSO30Ocb83ie8uGTsUc07l7gBsrjVeSCKVsGKhzrlxzLPQA1JD6j3+y,1.407001,2.051597,3.559696,0,2591700,24.449213,Interactive,1,1.75
57900,ai0kEteBVGSO30Ocb83ie8uGTsUc07l7gBsrjVeSCKVsGKhzrlxzLPQA1JD6j3+y,1.443823,2.139952,3.370429,0,2591700,24.449213,Interactive,1,1.75
58200,ai0kEteBVGSO30Ocb83ie8uGTsUc07l7gBsrjVeSCKVsGKhzrlxzLPQA1JD6j3+y,1.419745,2.014738,2.840219,0,2591700,24.449213,Interactive,1,1.75
58500,ai0kEteBVGSO30Ocb83ie8uGTsUc07l7gBsrjVeSCKVsGKhzrlxzLPQA1JD6j3+y,1.454897,2.033019,3.844206,0,2591700,24.449213,Interactive,1,1.75
58800,ai0kEteBVGSO30Ocb83ie8uGTsUc07l7gBsrjVeSCKVsGKhzrlxzLPQA1JD6j3+y,1.350284,2.281716,3.559684,0,2591700,24.449213,Interactive,1,1.75
59100,ai0kEteBVGSO30Ocb83ie8uGTsUc07l7gBsrjVeSCKVsGKhzrlxzLPQA1JD6j3+y,1.469327,2.123853,2.987019,0,2591700,24.449213,Interactive,1,1.75
59400,ai0kEteBVGSO30Ocb83ie8uGTsUc07l7gBsrjVeSCKVsGKhzrlxzLPQA1JD6j3+y,1.048882,2.077914,3.560121,0,2591700,24.449213,Interactive,1,1.75
59700,ai0kEteBVGSO30Ocb83ie8uGTsUc07l7gBsrjVeSCKVsGKhzrlxzLPQA1JD6j3+y,1.467496,2.114732,3.155494,0,2591700,24.449213,Interactive,1,1.75
60000,ai0kEteBVGSO30Ocb83ie8uGTsUc07l7gBsrjVeSCKVsGKhzrlxzLPQA1JD6j3+y,1.330333,3.99849,21.681196,0,2591700,24.449213,Interactive,1,1.75
60300,ai0kEteBVGSO30Ocb83ie8uGTsUc07l7gBsrjVeSCKVsGKhzrlxzLPQA1JD6j3+y,1.437134,2.059887,3.608931,0,2591700,24.449213,Interactive,1,1.75
60600,ai0kEteBVGSO30Ocb83ie8uGTsUc07l7gBsrjVeSCKVsGKhzrlxzLPQA1JD6j3+y,1.351393,2.268871,3.803858,0,2591700,24.449213,Interactive,1,1.75
60900,ai0kEteBVGSO30Ocb83ie8uGTsUc07l7gBsrjVeSCKVsGKhzrlxzLPQA1JD6j3+y,1.505848,2.03812,2.823363,0,2591700,24.449213,Interactive,1,1.75
61200,ai0kEteBVGSO30Ocb83ie8uGTsUc07l7gBsrjVeSCKVsGKhzrlxzLPQA1JD6j3+y,1.413704,2.000507,2.77898,0,2591700,24.449213,Interactive,1,1.75
61500,ai0kEteBVGSO30Ocb83ie8uGTsUc07l7gBsrjVeSCKVsGKhzrlxzLPQA1JD6j3+y,1.421822,2.2195150000000003,3.527369,0,2591700,24.449213,Interactive,1,1.75
61800,ai0kEteBVGSO30Ocb83ie8uGTsUc07l7gBsrjVeSCKVsGKhzrlxzLPQA1JD6j3+y,1.4773969999999998,2.070172,3.095962,0,2591700,24.449213,Interactive,1,1.75
62100,ai0kEteBVGSO30Ocb83ie8uGTsUc07l7gBsrjVeSCKVsGKhzrlxzLPQA1JD6j3+y,1.527392,10.122154,40.583069,0,2591700,24.449213,Interactive,1,1.75
62400,ai0kEteBVGSO30Ocb83ie8uGTsUc07l7gBsrjVeSCKVsGKhzrlxzLPQA1JD6j3+y,1.416375,2.425405,3.72209,0,2591700,24.449213,Interactive,1,1.75
62700,ai0kEteBVGSO30Ocb83ie8uGTsUc07l7gBsrjVeSCKVsGKhzrlxzLPQA1JD6j3+y,1.449422,2.00141,2.964347,0,2591700,24.449213,Interactive,1,1.75
63000,ai0kEteBVGSO30Ocb83ie8uGTsUc07l7gBsrjVeSCKVsGKhzrlxzLPQA1JD6j3+y,1.439985,2.082668,3.511947,0,2591700,24.449213,Interactive,1,1.75
63300,ai0kEteBVGSO30Ocb83ie8uGTsUc07l7gBsrjVeSCKVsGKhzrlxzLPQA1JD6j3+y,1.428692,2.062226,2.896739,0,2591700,24.449213,Interactive,1,1.75
63600,ai0kEteBVGSO30Ocb83ie8uGTsUc07l7gBsrjVeSCKVsGKhzrlxzLPQA1JD6j3+y,1.403533,4.01552,21.350729,0,2591700,24.449213,Interactive,1,1.75
63900,ai0kEteBVGSO30Ocb83ie8uGTsUc07l7gBsrjVeSCKVsGKhzrlxzLPQA1JD6j3+y,1.331559,1.860446,2.617881,0,2591700,24.449213,Interactive,1,1.75
64200,ai0kEteBVGSO30Ocb83ie8uGTsUc07l7gBsrjVeSCKVsGKhzrlxzLPQA1JD6j3+y,1.368149,1.999493,3.11105,0,2591700,24.449213,Interactive,1,1.75
64500,ai0kEteBVGSO30Ocb83ie8uGTsUc07l7gBsrjVeSCKVsGKhzrlxzLPQA1JD6j3+y,1.42571,1.996151,2.69716,0,2591700,24.449213,Interactive,1,1.75
64800,ai0kEteBVGSO30Ocb83ie8uGTsUc07l7gBsrjVeSCKVsGKhzrlxzLPQA1JD6j3+y,1.502211,2.161185,3.507824,0,2591700,24.449213,Interactive,1,1.75
65100,ai0kEteBVGSO30Ocb83ie8uGTsUc07l7gBsrjVeSCKVsGKhzrlxzLPQA1JD6j3+y,1.424799,2.104187,3.068003,0,2591700,24.449213,Interactive,1,1.75
65400,ai0kEteBVGSO30Ocb83ie8uGTsUc07l7gBsrjVeSCKVsGKhzrlxzLPQA1JD6j3+y,1.433277,2.101947,3.321574,0,2591700,24.449213,Interactive,1,1.75
65700,ai0kEteBVGSO30Ocb83ie8uGTsUc07l7gBsrjVeSCKVsGKhzrlxzLPQA1JD6j3+y,1.406803,2.053038,3.375573,0,2591700,24.449213,Interactive,1,1.75
66000,ai0kEteBVGSO30Ocb83ie8uGTsUc07l7gBsrjVeSCKVsGKhzrlxzLPQA1JD6j3+y,1.496415,2.077804,2.779284,0,2591700,24.449213,Interactive,1,1.75
66300,ai0kEteBVGSO30Ocb83ie8uGTsUc07l7gBsrjVeSCKVsGKhzrlxzLPQA1JD6j3+y,1.425,1.981614,2.73774,0,2591700,24.449213,Interactive,1,1.75
66600,ai0kEteBVGSO30Ocb83ie8uGTsUc07l7gBsrjVeSCKVsGKhzrlxzLPQA1JD6j3+y,1.456976,2.014067,3.004828,0,2591700,24.449213,Interactive,1,1.75
66900,ai0kEteBVGSO30Ocb83ie8uGTsUc07l7gBsrjVeSCKVsGKhzrlxzLPQA1JD6j3+y,1.390407,4.133685,23.408374,0,2591700,24.449213,Interactive,1,1.75
67200,ai0kEteBVGSO30Ocb83ie8uGTsUc07l7gBsrjVeSCKVsGKhzrlxzLPQA1JD6j3+y,1.435218,4.011896,22.493885,0,2591700,24.449213,Interactive,1,1.75
67500,ai0kEteBVGSO30Ocb83ie8uGTsUc07l7gBsrjVeSCKVsGKhzrlxzLPQA1JD6j3+y,1.430207,2.395955,4.111065,0,2591700,24.449213,Interactive,1,1.75
67800,ai0kEteBVGSO30Ocb83ie8uGTsUc07l7gBsrjVeSCKVsGKhzrlxzLPQA1JD6j3+y,1.4793690000000002,1.937745,2.559884,0,2591700,24.449213,Interactive,1,1.75
68100,ai0kEteBVGSO30Ocb83ie8uGTsUc07l7gBsrjVeSCKVsGKhzrlxzLPQA1JD6j3+y,1.419067,2.205136,3.645921,0,2591700,24.449213,Interactive,1,1.75
68400,ai0kEteBVGSO30Ocb83ie8uGTsUc07l7gBsrjVeSCKVsGKhzrlxzLPQA1JD6j3+y,1.501769,2.117362,3.463976,0,2591700,24.449213,Interactive,1,1.75
68700,ai0kEteBVGSO30Ocb83ie8uGTsUc07l7gBsrjVeSCKVsGKhzrlxzLPQA1JD6j3+y,1.489915,2.012954,2.784444,0,2591700,24.449213,Interactive,1,1.75
69000,ai0kEteBVGSO30Ocb83ie8uGTsUc07l7gBsrjVeSCKVsGKhzrlxzLPQA1JD6j3+y,1.511855,2.1157790000000003,3.3382970000000003,0,2591700,24.449213,Interactive,1,1.75
69300,ai0kEteBVGSO30Ocb83ie8uGTsUc07l7gBsrjVeSCKVsGKhzrlxzLPQA1JD6j3+y,1.459514,2.761563,7.653369,0,2591700,24.449213,Interactive,1,1.75
69600,ai0kEteBVGSO30Ocb83ie8uGTsUc07l7gBsrjVeSCKVsGKhzrlxzLPQA1JD6j3+y,1.094255,1.875392,2.479436,0,2591700,24.449213,Interactive,1,1.75
69900,ai0kEteBVGSO30Ocb83ie8uGTsUc07l7gBsrjVeSCKVsGKhzrlxzLPQA1JD6j3+y,1.418945,2.202738,4.048924,0,2591700,24.449213,Interactive,1,1.75
70200,ai0kEteBVGSO30Ocb83ie8uGTsUc07l7gBsrjVeSCKVsGKhzrlxzLPQA1JD6j3+y,1.384631,2.0049360000000003,3.3110160000000004,0,2591700,24.449213,Interactive,1,1.75
70500,ai0kEteBVGSO30Ocb83ie8uGTsUc07l7gBsrjVeSCKVsGKhzrlxzLPQA1JD6j3+y,1.427877,1.892501,2.475432,0,2591700,24.449213,Interactive,1,1.75
70800,ai0kEteBVGSO30Ocb83ie8uGTsUc07l7gBsrjVeSCKVsGKhzrlxzLPQA1JD6j3+y,1.422404,4.300408,13.442108,0,2591700,24.449213,Interactive,1,1.75
71100,ai0kEteBVGSO30Ocb83ie8uGTsUc07l7gBsrjVeSCKVsGKhzrlxzLPQA1JD6j3+y,1.4226530000000002,4.227849,21.800674,0,2591700,24.449213,Interactive,1,1.75
71400,ai0kEteBVGSO30Ocb83ie8uGTsUc07l7gBsrjVeSCKVsGKhzrlxzLPQA1JD6j3+y,1.494378,2.225349,4.773029,0,2591700,24.449213,Interactive,1,1.75
71700,ai0kEteBVGSO30Ocb83ie8uGTsUc07l7gBsrjVeSCKVsGKhzrlxzLPQA1JD6j3+y,1.376267,2.076744,3.458904,0,2591700,24.449213,Interactive,1,1.75
72000,ai0kEteBVGSO30Ocb83ie8uGTsUc07l7gBsrjVeSCKVsGKhzrlxzLPQA1JD6j3+y,1.215635,1.964508,3.5390080000000004,0,2591700,24.449213,Interactive,1,1.75
72300,ai0kEteBVGSO30Ocb83ie8uGTsUc07l7gBsrjVeSCKVsGKhzrlxzLPQA1JD6j3+y,1.384226,2.084135,2.527893,0,2591700,24.449213,Interactive,1,1.75
72600,ai0kEteBVGSO30Ocb83ie8uGTsUc07l7gBsrjVeSCKVsGKhzrlxzLPQA1JD6j3+y,1.425785,2.136393,3.573726,0,2591700,24.449213,Interactive,1,1.75
72900,ai0kEteBVGSO30Ocb83ie8uGTsUc07l7gBsrjVeSCKVsGKhzrlxzLPQA1JD6j3+y,1.4566370000000002,2.1409830000000003,3.405692,0,2591700,24.449213,Interactive,1,1.75
73200,ai0kEteBVGSO30Ocb83ie8uGTsUc07l7gBsrjVeSCKVsGKhzrlxzLPQA1JD6j3+y,1.485451,1.956032,2.627171,0,2591700,24.449213,Interactive,1,1.75
73500,ai0kEteBVGSO30Ocb83ie8uGTsUc07l7gBsrjVeSCKVsGKhzrlxzLPQA1JD6j3+y,1.490628,2.117405,3.472935,0,2591700,24.449213,Interactive,1,1.75
73800,ai0kEteBVGSO30Ocb83ie8uGTsUc07l7gBsrjVeSCKVsGKhzrlxzLPQA1JD6j3+y,1.443889,2.038583,3.335519,0,2591700,24.449213,Interactive,1,1.75
74100,ai0kEteBVGSO30Ocb83ie8uGTsUc07l7gBsrjVeSCKVsGKhzrlxzLPQA1JD6j3+y,1.461644,1.947003,2.687294,0,2591700,24.449213,Interactive,1,1.75
74400,ai0kEteBVGSO30Ocb83ie8uGTsUc07l7gBsrjVeSCKVsGKhzrlxzLPQA1JD6j3+y,1.370736,4.0914410000000005,21.591062,0,2591700,24.449213,Interactive,1,1.75
74700,ai0kEteBVGSO30Ocb83ie8uGTsUc07l7gBsrjVeSCKVsGKhzrlxzLPQA1JD6j3+y,1.462669,2.008048,3.320278,0,2591700,24.449213,Interactive,1,1.75
75000,ai0kEteBVGSO30Ocb83ie8uGTsUc07l7gBsrjVeSCKVsGKhzrlxzLPQA1JD6j3+y,1.47309,1.892556,2.401978,0,2591700,24.449213,Interactive,1,1.75
75300,ai0kEteBVGSO30Ocb83ie8uGTsUc07l7gBsrjVeSCKVsGKhzrlxzLPQA1JD6j3+y,1.34776,2.081865,3.3931949999999995,0,2591700,24.449213,Interactive,1,1.75
75600,ai0kEteBVGSO30Ocb83ie8uGTsUc07l7gBsrjVeSCKVsGKhzrlxzLPQA1JD6j3+y,1.381386,2.14801,3.215589,0,2591700,24.449213,Interactive,1,1.75
75900,ai0kEteBVGSO30Ocb83ie8uGTsUc07l7gBsrjVeSCKVsGKhzrlxzLPQA1JD6j3+y,1.411614,2.2074990000000003,4.494308,0,2591700,24.449213,Interactive,1,1.75
76200,ai0kEteBVGSO30Ocb83ie8uGTsUc07l7gBsrjVeSCKVsGKhzrlxzLPQA1JD6j3+y,1.339946,2.191026,3.274727,0,2591700,24.449213,Interactive,1,1.75
76500,ai0kEteBVGSO30Ocb83ie8uGTsUc07l7gBsrjVeSCKVsGKhzrlxzLPQA1JD6j3+y,1.380317,2.097019,3.1704380000000003,0,2591700,24.449213,Interactive,1,1.75
76800,ai0kEteBVGSO30Ocb83ie8uGTsUc07l7gBsrjVeSCKVsGKhzrlxzLPQA1JD6j3+y,1.426306,1.931828,2.685724,0,2591700,24.449213,Interactive,1,1.75
77100,ai0kEteBVGSO30Ocb83ie8uGTsUc07l7gBsrjVeSCKVsGKhzrlxzLPQA1JD6j3+y,1.374618,2.143924,3.276505,0,2591700,24.449213,Interactive,1,1.75
77400,ai0kEteBVGSO30Ocb83ie8uGTsUc07l7gBsrjVeSCKVsGKhzrlxzLPQA1JD6j3+y,1.430835,1.841632,2.293352,0,2591700,24.449213,Interactive,1,1.75
77700,ai0kEteBVGSO30Ocb83ie8uGTsUc07l7gBsrjVeSCKVsGKhzrlxzLPQA1JD6j3+y,1.368448,1.890028,2.955948,0,2591700,24.449213,Interactive,1,1.75
78000,ai0kEteBVGSO30Ocb83ie8uGTsUc07l7gBsrjVeSCKVsGKhzrlxzLPQA1JD6j3+y,1.353938,5.0231330000000005,22.007961,0,2591700,24.449213,Interactive,1,1.75
78300,ai0kEteBVGSO30Ocb83ie8uGTsUc07l7gBsrjVeSCKVsGKhzrlxzLPQA1JD6j3+y,1.462975,2.069205,3.234207,0,2591700,24.449213,Interactive,1,1.75
78600,ai0kEteBVGSO30Ocb83ie8uGTsUc07l7gBsrjVeSCKVsGKhzrlxzLPQA1JD6j3+y,1.351896,1.876961,2.832762,0,2591700,24.449213,Interactive,1,1.75
78900,ai0kEteBVGSO30Ocb83ie8uGTsUc07l7gBsrjVeSCKVsGKhzrlxzLPQA1JD6j3+y,1.391931,2.133503,3.444429,0,2591700,24.449213,Interactive,1,1.75
79200,ai0kEteBVGSO30Ocb83ie8uGTsUc07l7gBsrjVeSCKVsGKhzrlxzLPQA1JD6j3+y,1.341513,1.985147,3.069877,0,2591700,24.449213,Interactive,1,1.75
79500,ai0kEteBVGSO30Ocb83ie8uGTsUc07l7gBsrjVeSCKVsGKhzrlxzLPQA1JD6j3+y,1.380501,3.111577,13.794379,0,2591700,24.449213,Interactive,1,1.75
79800,ai0kEteBVGSO30Ocb83ie8uGTsUc07l7gBsrjVeSCKVsGKhzrlxzLPQA1JD6j3+y,1.353525,2.076053,3.5246160000000004,0,2591700,24.449213,Interactive,1,1.75
80100,ai0kEteBVGSO30Ocb83ie8uGTsUc07l7gBsrjVeSCKVsGKhzrlxzLPQA1JD6j3+y,1.399991,1.997642,3.259558,0,2591700,24.449213,Interactive,1,1.75
80400,ai0kEteBVGSO30Ocb83ie8uGTsUc07l7gBsrjVeSCKVsGKhzrlxzLPQA1JD6j3+y,1.346241,1.886548,2.803919,0,2591700,24.449213,Interactive,1,1.75
80700,ai0kEteBVGSO30Ocb83ie8uGTsUc07l7gBsrjVeSCKVsGKhzrlxzLPQA1JD6j3+y,1.345899,2.0272900000000003,3.763426,0,2591700,24.449213,Interactive,1,1.75
81000,ai0kEteBVGSO30Ocb83ie8uGTsUc07l7gBsrjVeSCKVsGKhzrlxzLPQA1JD6j3+y,1.398626,2.04592,2.886174,0,2591700,24.449213,Interactive,1,1.75
81300,ai0kEteBVGSO30Ocb83ie8uGTsUc07l7gBsrjVeSCKVsGKhzrlxzLPQA1JD6j3+y,1.365137,1.920408,3.11448,0,2591700,24.449213,Interactive,1,1.75
81600,ai0kEteBVGSO30Ocb83ie8uGTsUc07l7gBsrjVeSCKVsGKhzrlxzLPQA1JD6j3+y,1.371803,4.105919999999999,23.323668,0,2591700,24.449213,Interactive,1,1.75
81900,ai0kEteBVGSO30Ocb83ie8uGTsUc07l7gBsrjVeSCKVsGKhzrlxzLPQA1JD6j3+y,1.359423,2.001214,3.20648,0,2591700,24.449213,Interactive,1,1.75
82200,ai0kEteBVGSO30Ocb83ie8uGTsUc07l7gBsrjVeSCKVsGKhzrlxzLPQA1JD6j3+y,1.086597,1.829984,2.967848,0,2591700,24.449213,Interactive,1,1.75
82500,ai0kEteBVGSO30Ocb83ie8uGTsUc07l7gBsrjVeSCKVsGKhzrlxzLPQA1JD6j3+y,1.360893,2.069279,3.3910339999999994,0,2591700,24.449213,Interactive,1,1.75
82800,ai0kEteBVGSO30Ocb83ie8uGTsUc07l7gBsrjVeSCKVsGKhzrlxzLPQA1JD6j3+y,1.330423,1.975853,3.192047,0,2591700,24.449213,Interactive,1,1.75
83100,ai0kEteBVGSO30Ocb83ie8uGTsUc07l7gBsrjVeSCKVsGKhzrlxzLPQA1JD6j3+y,1.378571,1.940601,3.186798,0,2591700,24.449213,Interactive,1,1.75
83400,ai0kEteBVGSO30Ocb83ie8uGTsUc07l7gBsrjVeSCKVsGKhzrlxzLPQA1JD6j3+y,1.363611,2.042771,3.602549,0,2591700,24.449213,Interactive,1,1.75
83700,ai0kEteBVGSO30Ocb83ie8uGTsUc07l7gBsrjVeSCKVsGKhzrlxzLPQA1JD6j3+y,1.379472,1.993387,3.115239,0,2591700,24.449213,Interactive,1,1.75
84000,ai0kEteBVGSO30Ocb83ie8uGTsUc07l7gBsrjVeSCKVsGKhzrlxzLPQA1JD6j3+y,1.365526,1.905313,2.734658,0,2591700,24.449213,Interactive,1,1.75
84300,ai0kEteBVGSO30Ocb83ie8uGTsUc07l7gBsrjVeSCKVsGKhzrlxzLPQA1JD6j3+y,1.369635,2.129218,3.426893,0,2591700,24.449213,Interactive,1,1.75
84600,ai0kEteBVGSO30Ocb83ie8uGTsUc07l7gBsrjVeSCKVsGKhzrlxzLPQA1JD6j3+y,1.349556,1.985729,3.06155,0,2591700,24.449213,Interactive,1,1.75
84900,ai0kEteBVGSO30Ocb83ie8uGTsUc07l7gBsrjVeSCKVsGKhzrlxzLPQA1JD6j3+y,1.377797,1.946387,2.940064,0,2591700,24.449213,Interactive,1,1.75
85200,ai0kEteBVGSO30Ocb83ie8uGTsUc07l7gBsrjVeSCKVsGKhzrlxzLPQA1JD6j3+y,1.342103,3.921321,11.944032,0,2591700,24.449213,Interactive,1,1.75
85500,ai0kEteBVGSO30Ocb83ie8uGTsUc07l7gBsrjVeSCKVsGKhzrlxzLPQA1JD6j3+y,1.354054,2.020939,3.013299,0,2591700,24.449213,Interactive,1,1.75
85800,ai0kEteBVGSO30Ocb83ie8uGTsUc07l7gBsrjVeSCKVsGKhzrlxzLPQA1JD6j3+y,1.370161,1.8775,2.771396,0,2591700,24.449213,Interactive,1,1.75
86100,ai0kEteBVGSO30Ocb83ie8uGTsUc07l7gBsrjVeSCKVsGKhzrlxzLPQA1JD6j3+y,1.403404,2.078669,3.516918,0,2591700,24.449213,Interactive,1,1.75
86400,ai0kEteBVGSO30Ocb83ie8uGTsUc07l7gBsrjVeSCKVsGKhzrlxzLPQA1JD6j3+y,1.489042,2.170126,2.932801,0,2591700,24.449213,Interactive,1,1.75
86700,ai0kEteBVGSO30Ocb83ie8uGTsUc07l7gBsrjVeSCKVsGKhzrlxzLPQA1JD6j3+y,1.338295,1.93661,3.072542,0,2591700,24.449213,Interactive,1,1.75
87000,ai0kEteBVGSO30Ocb83ie8uGTsUc07l7gBsrjVeSCKVsGKhzrlxzLPQA1JD6j3+y,1.568407,2.288484,3.344666,0,2591700,24.449213,Interactive,1,1.75
87300,ai0kEteBVGSO30Ocb83ie8uGTsUc07l7gBsrjVeSCKVsGKhzrlxzLPQA1JD6j3+y,1.358224,1.989313,2.99024,0,2591700,24.449213,Interactive,1,1.75
87600,ai0kEteBVGSO30Ocb83ie8uGTsUc07l7gBsrjVeSCKVsGKhzrlxzLPQA1JD6j3+y,1.412395,1.97849,3.01191,0,2591700,24.449213,Interactive,1,1.75
87900,ai0kEteBVGSO30Ocb83ie8uGTsUc07l7gBsrjVeSCKVsGKhzrlxzLPQA1JD6j3+y,1.418805,2.0862700000000003,3.4912330000000003,0,2591700,24.449213,Interactive,1,1.75
88200,ai0kEteBVGSO30Ocb83ie8uGTsUc07l7gBsrjVeSCKVsGKhzrlxzLPQA1JD6j3+y,1.341674,1.849466,3.06461,0,2591700,24.449213,Interactive,1,1.75
88500,ai0kEteBVGSO30Ocb83ie8uGTsUc07l7gBsrjVeSCKVsGKhzrlxzLPQA1JD6j3+y,1.348902,1.958476,2.985737,0,2591700,24.449213,Interactive,1,1.75
88800,ai0kEteBVGSO30Ocb83ie8uGTsUc07l7gBsrjVeSCKVsGKhzrlxzLPQA1JD6j3+y,0.957661,3.854526,22.050093,0,2591700,24.449213,Interactive,1,1.75
89100,ai0kEteBVGSO30Ocb83ie8uGTsUc07l7gBsrjVeSCKVsGKhzrlxzLPQA1JD6j3+y,1.409094,1.935515,2.427564,0,2591700,24.449213,Interactive,1,1.75
89400,ai0kEteBVGSO30Ocb83ie8uGTsUc07l7gBsrjVeSCKVsGKhzrlxzLPQA1JD6j3+y,1.36242,1.9703,3.403795,0,2591700,24.449213,Interactive,1,1.75
89700,ai0kEteBVGSO30Ocb83ie8uGTsUc07l7gBsrjVeSCKVsGKhzrlxzLPQA1JD6j3+y,1.417772,2.051533,3.311381,0,2591700,24.449213,Interactive,1,1.75
90000,ai0kEteBVGSO30Ocb83ie8uGTsUc07l7gBsrjVeSCKVsGKhzrlxzLPQA1JD6j3+y,1.3812879999999998,1.896916,2.492642,0,2591700,24.449213,Interactive,1,1.75
90300,ai0kEteBVGSO30Ocb83ie8uGTsUc07l7gBsrjVeSCKVsGKhzrlxzLPQA1JD6j3+y,1.33841,2.337011,4.193592,0,2591700,24.449213,Interactive,1,1.75
90600,ai0kEteBVGSO30Ocb83ie8uGTsUc07l7gBsrjVeSCKVsGKhzrlxzLPQA1JD6j3+y,1.478474,2.099042,3.68502,0,2591700,24.449213,Interactive,1,1.75
90900,ai0kEteBVGSO30Ocb83ie8uGTsUc07l7gBsrjVeSCKVsGKhzrlxzLPQA1JD6j3+y,0.928258,8.270897999999999,41.718804,0,2591700,24.449213,Interactive,1,1.75
91200,ai0kEteBVGSO30Ocb83ie8uGTsUc07l7gBsrjVeSCKVsGKhzrlxzLPQA1JD6j3+y,1.353838,2.293161,3.997004,0,2591700,24.449213,Interactive,1,1.75
91500,ai0kEteBVGSO30Ocb83ie8uGTsUc07l7gBsrjVeSCKVsGKhzrlxzLPQA1JD6j3+y,1.495306,2.083441,3.415822,0,2591700,24.449213,Interactive,1,1.75
91800,ai0kEteBVGSO30Ocb83ie8uGTsUc07l7gBsrjVeSCKVsGKhzrlxzLPQA1JD6j3+y,1.467376,1.964393,2.478217,0,2591700,24.449213,Interactive,1,1.75
92100,ai0kEteBVGSO30Ocb83ie8uGTsUc07l7gBsrjVeSCKVsGKhzrlxzLPQA1JD6j3+y,1.367472,2.051302,3.977006,0,2591700,24.449213,Interactive,1,1.75
92400,ai0kEteBVGSO30Ocb83ie8uGTsUc07l7gBsrjVeSCKVsGKhzrlxzLPQA1JD6j3+y,1.395047,3.974922,22.254206,0,2591700,24.449213,Interactive,1,1.75
92700,ai0kEteBVGSO30Ocb83ie8uGTsUc07l7gBsrjVeSCKVsGKhzrlxzLPQA1JD6j3+y,1.354646,1.90054,2.44906,0,2591700,24.449213,Interactive,1,1.75
93000,ai0kEteBVGSO30Ocb83ie8uGTsUc07l7gBsrjVeSCKVsGKhzrlxzLPQA1JD6j3+y,1.062516,2.019873,3.2888010000000003,0,2591700,24.449213,Interactive,1,1.75
93300,ai0kEteBVGSO30Ocb83ie8uGTsUc07l7gBsrjVeSCKVsGKhzrlxzLPQA1JD6j3+y,1.448524,2.049569,3.321097,0,2591700,24.449213,Interactive,1,1.75
93600,ai0kEteBVGSO30Ocb83ie8uGTsUc07l7gBsrjVeSCKVsGKhzrlxzLPQA1JD6j3+y,0.638814,1.7811,2.628923,0,2591700,24.449213,Interactive,1,1.75
93900,ai0kEteBVGSO30Ocb83ie8uGTsUc07l7gBsrjVeSCKVsGKhzrlxzLPQA1JD6j3+y,1.332707,2.018394,3.269291,0,2591700,24.449213,Interactive,1,1.75
94200,ai0kEteBVGSO30Ocb83ie8uGTsUc07l7gBsrjVeSCKVsGKhzrlxzLPQA1JD6j3+y,1.444419,1.996364,3.832179,0,2591700,24.449213,Interactive,1,1.75
94500,ai0kEteBVGSO30Ocb83ie8uGTsUc07l7gBsrjVeSCKVsGKhzrlxzLPQA1JD6j3+y,0.618268,1.801361,2.479415,0,2591700,24.449213,Interactive,1,1.75
94800,ai0kEteBVGSO30Ocb83ie8uGTsUc07l7gBsrjVeSCKVsGKhzrlxzLPQA1JD6j3+y,1.352035,2.007623,3.456637,0,2591700,24.449213,Interactive,1,1.75
95100,ai0kEteBVGSO30Ocb83ie8uGTsUc07l7gBsrjVeSCKVsGKhzrlxzLPQA1JD6j3+y,1.132289,2.058314,3.3471269999999995,0,2591700,24.449213,Interactive,1,1.75
95400,ai0kEteBVGSO30Ocb83ie8uGTsUc07l7gBsrjVeSCKVsGKhzrlxzLPQA1JD6j3+y,1.443183,1.974916,2.632511,0,2591700,24.449213,Interactive,1,1.75
95700,ai0kEteBVGSO30Ocb83ie8uGTsUc07l7gBsrjVeSCKVsGKhzrlxzLPQA1JD6j3+y,1.34626,2.03198,3.3085940000000003,0,2591700,24.449213,Interactive,1,1.75
96000,ai0kEteBVGSO30Ocb83ie8uGTsUc07l7gBsrjVeSCKVsGKhzrlxzLPQA1JD6j3+y,1.416131,3.998578,21.859552,0,2591700,24.449213,Interactive,1,1.75
96300,ai0kEteBVGSO30Ocb83ie8uGTsUc07l7gBsrjVeSCKVsGKhzrlxzLPQA1JD6j3+y,0.8266870000000001,1.780527,2.419561,0,2591700,24.449213,Interactive,1,1.75
96600,ai0kEteBVGSO30Ocb83ie8uGTsUc07l7gBsrjVeSCKVsGKhzrlxzLPQA1JD6j3+y,1.340231,1.977376,3.14816,0,2591700,24.449213,Interactive,1,1.75
96900,ai0kEteBVGSO30Ocb83ie8uGTsUc07l7gBsrjVeSCKVsGKhzrlxzLPQA1JD6j3+y,1.491202,2.027401,3.294366,0,2591700,24.449213,Interactive,1,1.75
97200,ai0kEteBVGSO30Ocb83ie8uGTsUc07l7gBsrjVeSCKVsGKhzrlxzLPQA1JD6j3+y,1.380784,1.910742,2.350099,0,2591700,24.449213,Interactive,1,1.75
97500,ai0kEteBVGSO30Ocb83ie8uGTsUc07l7gBsrjVeSCKVsGKhzrlxzLPQA1JD6j3+y,1.330535,2.107673,3.416577,0,2591700,24.449213,Interactive,1,1.75
97800,ai0kEteBVGSO30Ocb83ie8uGTsUc07l7gBsrjVeSCKVsGKhzrlxzLPQA1JD6j3+y,1.040731,2.072231,3.488607,0,2591700,24.449213,Interactive,1,1.75
98100,ai0kEteBVGSO30Ocb83ie8uGTsUc07l7gBsrjVeSCKVsGKhzrlxzLPQA1JD6j3+y,1.431442,1.927485,2.34875,0,2591700,24.449213,Interactive,1,1.75
98400,ai0kEteBVGSO30Ocb83ie8uGTsUc07l7gBsrjVeSCKVsGKhzrlxzLPQA1JD6j3+y,0.86235,1.926536,3.27788,0,2591700,24.449213,Interactive,1,1.75
98700,ai0kEteBVGSO30Ocb83ie8uGTsUc07l7gBsrjVeSCKVsGKhzrlxzLPQA1JD6j3+y,1.363015,2.047966,3.268553,0,2591700,24.449213,Interactive,1,1.75
99000,ai0kEteBVGSO30Ocb83ie8uGTsUc07l7gBsrjVeSCKVsGKhzrlxzLPQA1JD6j3+y,1.128773,1.843435,2.416895,0,2591700,24.449213,Interactive,1,1.75
99300,ai0kEteBVGSO30Ocb83ie8uGTsUc07l7gBsrjVeSCKVsGKhzrlxzLPQA1JD6j3+y,1.310134,1.989226,3.247659,0,2591700,24.449213,Interactive,1,1.75
99600,ai0kEteBVGSO30Ocb83ie8uGTsUc07l7gBsrjVeSCKVsGKhzrlxzLPQA1JD6j3+y,0.696037,3.839491,11.89711,0,2591700,24.449213,Interactive,1,1.75
99900,ai0kEteBVGSO30Ocb83ie8uGTsUc07l7gBsrjVeSCKVsGKhzrlxzLPQA1JD6j3+y,0.905288,1.871899,2.963365,0,2591700,24.449213,Interactive,1,1.75
100200,ai0kEteBVGSO30Ocb83ie8uGTsUc07l7gBsrjVeSCKVsGKhzrlxzLPQA1JD6j3+y,1.30553,2.018803,3.625162,0,2591700,24.449213,Interactive,1,1.75
100500,ai0kEteBVGSO30Ocb83ie8uGTsUc07l7gBsrjVeSCKVsGKhzrlxzLPQA1JD6j3+y,1.009927,2.021542,3.073629,0,2591700,24.449213,Interactive,1,1.75
100800,ai0kEteBVGSO30Ocb83ie8uGTsUc07l7gBsrjVeSCKVsGKhzrlxzLPQA1JD6j3+y,1.321859,1.910176,2.73545,0,2591700,24.449213,Interactive,1,1.75
101100,ai0kEteBVGSO30Ocb83ie8uGTsUc07l7gBsrjVeSCKVsGKhzrlxzLPQA1JD6j3+y,0.712087,1.924016,3.731665,0,2591700,24.449213,Interactive,1,1.75
101400,ai0kEteBVGSO30Ocb83ie8uGTsUc07l7gBsrjVeSCKVsGKhzrlxzLPQA1JD6j3+y,1.2922790000000002,2.075711,2.884891,0,2591700,24.449213,Interactive,1,1.75
101700,ai0kEteBVGSO30Ocb83ie8uGTsUc07l7gBsrjVeSCKVsGKhzrlxzLPQA1JD6j3+y,1.302791,1.831649,2.897265,0,2591700,24.449213,Interactive,1,1.75
102000,ai0kEteBVGSO30Ocb83ie8uGTsUc07l7gBsrjVeSCKVsGKhzrlxzLPQA1JD6j3+y,1.293152,2.023941,3.865724,0,2591700,24.449213,Interactive,1,1.75
102300,ai0kEteBVGSO30Ocb83ie8uGTsUc07l7gBsrjVeSCKVsGKhzrlxzLPQA1JD6j3+y,1.155266,1.999416,3.084298,0,2591700,24.449213,Interactive,1,1.75
102600,ai0kEteBVGSO30Ocb83ie8uGTsUc07l7gBsrjVeSCKVsGKhzrlxzLPQA1JD6j3+y,1.324119,1.933807,2.695433,0,2591700,24.449213,Interactive,1,1.75
102900,ai0kEteBVGSO30Ocb83ie8uGTsUc07l7gBsrjVeSCKVsGKhzrlxzLPQA1JD6j3+y,1.299435,1.989342,3.519591,0,2591700,24.449213,Interactive,1,1.75
103200,ai0kEteBVGSO30Ocb83ie8uGTsUc07l7gBsrjVeSCKVsGKhzrlxzLPQA1JD6j3+y,0.523907,3.938138,22.847775,0,2591700,24.449213,Interactive,1,1.75
103500,ai0kEteBVGSO30Ocb83ie8uGTsUc07l7gBsrjVeSCKVsGKhzrlxzLPQA1JD6j3+y,1.311648,1.905195,2.813134,0,2591700,24.449213,Interactive,1,1.75
103800,ai0kEteBVGSO30Ocb83ie8uGTsUc07l7gBsrjVeSCKVsGKhzrlxzLPQA1JD6j3+y,1.118571,1.900566,3.304121,0,2591700,24.449213,Interactive,1,1.75
104100,ai0kEteBVGSO30Ocb83ie8uGTsUc07l7gBsrjVeSCKVsGKhzrlxzLPQA1JD6j3+y,1.341569,2.070694,3.053633,0,2591700,24.449213,Interactive,1,1.75
104400,ai0kEteBVGSO30Ocb83ie8uGTsUc07l7gBsrjVeSCKVsGKhzrlxzLPQA1JD6j3+y,1.335248,1.900388,2.889558,0,2591700,24.449213,Interactive,1,1.75
104700,ai0kEteBVGSO30Ocb83ie8uGTsUc07l7gBsrjVeSCKVsGKhzrlxzLPQA1JD6j3+y,1.310736,2.025355,3.428278,0,2591700,24.449213,Interactive,1,1.75
105000,ai0kEteBVGSO30Ocb83ie8uGTsUc07l7gBsrjVeSCKVsGKhzrlxzLPQA1JD6j3+y,1.362811,2.265769,4.014342,0,2591700,24.449213,Interactive,1,1.75
105300,ai0kEteBVGSO30Ocb83ie8uGTsUc07l7gBsrjVeSCKVsGKhzrlxzLPQA1JD6j3+y,0.830699,1.872627,3.363667,0,2591700,24.449213,Interactive,1,1.75
105600,ai0kEteBVGSO30Ocb83ie8uGTsUc07l7gBsrjVeSCKVsGKhzrlxzLPQA1JD6j3+y,1.488946,2.090677,3.785127,0,2591700,24.449213,Interactive,1,1.75
105900,ai0kEteBVGSO30Ocb83ie8uGTsUc07l7gBsrjVeSCKVsGKhzrlxzLPQA1JD6j3+y,0.805419,2.057977,3.076646,0,2591700,24.449213,Interactive,1,1.75
106200,ai0kEteBVGSO30Ocb83ie8uGTsUc07l7gBsrjVeSCKVsGKhzrlxzLPQA1JD6j3+y,1.279934,1.910972,2.7770330000000003,0,2591700,24.449213,Interactive,1,1.75
106500,ai0kEteBVGSO30Ocb83ie8uGTsUc07l7gBsrjVeSCKVsGKhzrlxzLPQA1JD6j3+y,1.318592,2.016045,3.4930790000000003,0,2591700,24.449213,Interactive,1,1.75
106800,ai0kEteBVGSO30Ocb83ie8uGTsUc07l7gBsrjVeSCKVsGKhzrlxzLPQA1JD6j3+y,1.401984,4.012347,22.267587,0,2591700,24.449213,Interactive,1,1.75
107100,ai0kEteBVGSO30Ocb83ie8uGTsUc07l7gBsrjVeSCKVsGKhzrlxzLPQA1JD6j3+y,0.6572279999999999,1.815907,2.912682,0,2591700,24.449213,Interactive,1,1.75
107400,ai0kEteBVGSO30Ocb83ie8uGTsUc07l7gBsrjVeSCKVsGKhzrlxzLPQA1JD6j3+y,1.327908,1.995912,3.262085,0,2591700,24.449213,Interactive,1,1.75
107700,ai0kEteBVGSO30Ocb83ie8uGTsUc07l7gBsrjVeSCKVsGKhzrlxzLPQA1JD6j3+y,1.391274,2.424177,6.512157,0,2591700,24.449213,Interactive,1,1.75
108000,ai0kEteBVGSO30Ocb83ie8uGTsUc07l7gBsrjVeSCKVsGKhzrlxzLPQA1JD6j3+y,1.346922,1.866243,2.547915,0,2591700,24.449213,Interactive,1,1.75
108300,ai0kEteBVGSO30Ocb83ie8uGTsUc07l7gBsrjVeSCKVsGKhzrlxzLPQA1JD6j3+y,1.339366,2.031742,3.396364,0,2591700,24.449213,Interactive,1,1.75
108600,ai0kEteBVGSO30Ocb83ie8uGTsUc07l7gBsrjVeSCKVsGKhzrlxzLPQA1JD6j3+y,1.234981,2.087566,2.826582,0,2591700,24.449213,Interactive,1,1.75
108900,ai0kEteBVGSO30Ocb83ie8uGTsUc07l7gBsrjVeSCKVsGKhzrlxzLPQA1JD6j3+y,1.405578,1.899761,2.720891,0,2591700,24.449213,Interactive,1,1.75
109200,ai0kEteBVGSO30Ocb83ie8uGTsUc07l7gBsrjVeSCKVsGKhzrlxzLPQA1JD6j3+y,0.906709,1.891017,3.34416,0,2591700,24.449213,Interactive,1,1.75
109500,ai0kEteBVGSO30Ocb83ie8uGTsUc07l7gBsrjVeSCKVsGKhzrlxzLPQA1JD6j3+y,1.368781,2.061709,2.969609,0,2591700,24.449213,Interactive,1,1.75
109800,ai0kEteBVGSO30Ocb83ie8uGTsUc07l7gBsrjVeSCKVsGKhzrlxzLPQA1JD6j3+y,0.712022,1.788714,2.483841,0,2591700,24.449213,Interactive,1,1.75
110100,ai0kEteBVGSO30Ocb83ie8uGTsUc07l7gBsrjVeSCKVsGKhzrlxzLPQA1JD6j3+y,1.413808,2.032954,3.023325,0,2591700,24.449213,Interactive,1,1.75
110400,ai0kEteBVGSO30Ocb83ie8uGTsUc07l7gBsrjVeSCKVsGKhzrlxzLPQA1JD6j3+y,1.394656,4.510066999999999,21.474865,0,2591700,24.449213,Interactive,1,1.75
110700,ai0kEteBVGSO30Ocb83ie8uGTsUc07l7gBsrjVeSCKVsGKhzrlxzLPQA1JD6j3+y,1.406038,2.02167,3.316268,0,2591700,24.449213,Interactive,1,1.75
111000,ai0kEteBVGSO30Ocb83ie8uGTsUc07l7gBsrjVeSCKVsGKhzrlxzLPQA1JD6j3+y,1.348213,1.9846580000000005,3.328555,0,2591700,24.449213,Interactive,1,1.75
111300,ai0kEteBVGSO30Ocb83ie8uGTsUc07l7gBsrjVeSCKVsGKhzrlxzLPQA1JD6j3+y,1.375819,1.927673,2.934229,0,2591700,24.449213,Interactive,1,1.75
111600,ai0kEteBVGSO30Ocb83ie8uGTsUc07l7gBsrjVeSCKVsGKhzrlxzLPQA1JD6j3+y,1.341599,2.024539,3.44119,0,2591700,24.449213,Interactive,1,1.75
111900,ai0kEteBVGSO30Ocb83ie8uGTsUc07l7gBsrjVeSCKVsGKhzrlxzLPQA1JD6j3+y,1.429266,2.114991,3.228565,0,2591700,24.449213,Interactive,1,1.75
112200,ai0kEteBVGSO30Ocb83ie8uGTsUc07l7gBsrjVeSCKVsGKhzrlxzLPQA1JD6j3+y,1.380576,1.94227,2.840667,0,2591700,24.449213,Interactive,1,1.75
112500,ai0kEteBVGSO30Ocb83ie8uGTsUc07l7gBsrjVeSCKVsGKhzrlxzLPQA1JD6j3+y,1.14096,2.024583,3.382683,0,2591700,24.449213,Interactive,1,1.75
112800,ai0kEteBVGSO30Ocb83ie8uGTsUc07l7gBsrjVeSCKVsGKhzrlxzLPQA1JD6j3+y,1.418173,2.05251,3.3561650000000003,0,2591700,24.449213,Interactive,1,1.75
113100,ai0kEteBVGSO30Ocb83ie8uGTsUc07l7gBsrjVeSCKVsGKhzrlxzLPQA1JD6j3+y,0.6388,1.834862,3.128166,0,2591700,24.449213,Interactive,1,1.75
113400,ai0kEteBVGSO30Ocb83ie8uGTsUc07l7gBsrjVeSCKVsGKhzrlxzLPQA1JD6j3+y,1.525187,2.090778,3.332235,0,2591700,24.449213,Interactive,1,1.75
113700,ai0kEteBVGSO30Ocb83ie8uGTsUc07l7gBsrjVeSCKVsGKhzrlxzLPQA1JD6j3+y,1.124898,1.943084,3.462518,0,2591700,24.449213,Interactive,1,1.75
114000,ai0kEteBVGSO30Ocb83ie8uGTsUc07l7gBsrjVeSCKVsGKhzrlxzLPQA1JD6j3+y,1.078377,3.362628,16.170249,0,2591700,24.449213,Interactive,1,1.75
114300,ai0kEteBVGSO30Ocb83ie8uGTsUc07l7gBsrjVeSCKVsGKhzrlxzLPQA1JD6j3+y,1.418851,2.759329,9.876714,0,2591700,24.449213,Interactive,1,1.75
114600,ai0kEteBVGSO30Ocb83ie8uGTsUc07l7gBsrjVeSCKVsGKhzrlxzLPQA1JD6j3+y,0.676615,4.4692680000000005,24.082682,0,2591700,24.449213,Interactive,1,1.75
115200,ai0kEteBVGSO30Ocb83ie8uGTsUc07l7gBsrjVeSCKVsGKhzrlxzLPQA1JD6j3+y,1.089504,1.977059,3.429425,0,2591700,24.449213,Interactive,1,1.75
115500,ai0kEteBVGSO30Ocb83ie8uGTsUc07l7gBsrjVeSCKVsGKhzrlxzLPQA1JD6j3+y,1.379828,2.0838970000000003,3.443538,0,2591700,24.449213,Interactive,1,1.75
115800,ai0kEteBVGSO30Ocb83ie8uGTsUc07l7gBsrjVeSCKVsGKhzrlxzLPQA1JD6j3+y,1.206293,1.874699,2.907803,0,2591700,24.449213,Interactive,1,1.75
116100,ai0kEteBVGSO30Ocb83ie8uGTsUc07l7gBsrjVeSCKVsGKhzrlxzLPQA1JD6j3+y,1.454972,2.0671470000000003,3.373991,0,2591700,24.449213,Interactive,1,1.75
116400,ai0kEteBVGSO30Ocb83ie8uGTsUc07l7gBsrjVeSCKVsGKhzrlxzLPQA1JD6j3+y,1.37017,2.015807,3.4374580000000003,0,2591700,24.449213,Interactive,1,1.75
116700,ai0kEteBVGSO30Ocb83ie8uGTsUc07l7gBsrjVeSCKVsGKhzrlxzLPQA1JD6j3+y,1.459137,2.170829,3.033882,0,2591700,24.449213,Interactive,1,1.75
117000,ai0kEteBVGSO30Ocb83ie8uGTsUc07l7gBsrjVeSCKVsGKhzrlxzLPQA1JD6j3+y,1.430636,2.102965,3.466595,0,2591700,24.449213,Interactive,1,1.75
117300,ai0kEteBVGSO30Ocb83ie8uGTsUc07l7gBsrjVeSCKVsGKhzrlxzLPQA1JD6j3+y,1.305627,2.007863,3.39932,0,2591700,24.449213,Interactive,1,1.75
117600,ai0kEteBVGSO30Ocb83ie8uGTsUc07l7gBsrjVeSCKVsGKhzrlxzLPQA1JD6j3+y,1.41849,1.985904,2.932657,0,2591700,24.449213,Interactive,1,1.75
117900,ai0kEteBVGSO30Ocb83ie8uGTsUc07l7gBsrjVeSCKVsGKhzrlxzLPQA1JD6j3+y,1.310796,4.115988,23.11406,0,2591700,24.449213,Interactive,1,1.75
118200,ai0kEteBVGSO30Ocb83ie8uGTsUc07l7gBsrjVeSCKVsGKhzrlxzLPQA1JD6j3+y,1.307618,2.0843580000000004,3.30033,0,2591700,24.449213,Interactive,1,1.75
118500,ai0kEteBVGSO30Ocb83ie8uGTsUc07l7gBsrjVeSCKVsGKhzrlxzLPQA1JD6j3+y,0.8680389999999999,1.848909,2.910561,0,2591700,24.449213,Interactive,1,1.75
118800,ai0kEteBVGSO30Ocb83ie8uGTsUc07l7gBsrjVeSCKVsGKhzrlxzLPQA1JD6j3+y,1.417443,2.20338,3.3663,0,2591700,24.449213,Interactive,1,1.75
119100,ai0kEteBVGSO30Ocb83ie8uGTsUc07l7gBsrjVeSCKVsGKhzrlxzLPQA1JD6j3+y,1.0433,1.985223,3.314289,0,2591700,24.449213,Interactive,1,1.75
119400,ai0kEteBVGSO30Ocb83ie8uGTsUc07l7gBsrjVeSCKVsGKhzrlxzLPQA1JD6j3+y,0.962158,2.149669,4.111815,0,2591700,24.449213,Interactive,1,1.75
119700,ai0kEteBVGSO30Ocb83ie8uGTsUc07l7gBsrjVeSCKVsGKhzrlxzLPQA1JD6j3+y,1.500811,12.157802,39.14877,0,2591700,24.449213,Interactive,1,1.75
120000,ai0kEteBVGSO30Ocb83ie8uGTsUc07l7gBsrjVeSCKVsGKhzrlxzLPQA1JD6j3+y,1.390935,4.632631,14.481564,0,2591700,24.449213,Interactive,1,1.75
120300,ai0kEteBVGSO30Ocb83ie8uGTsUc07l7gBsrjVeSCKVsGKhzrlxzLPQA1JD6j3+y,1.439439,2.237134,3.252559,0,2591700,24.449213,Interactive,1,1.75
120600,ai0kEteBVGSO30Ocb83ie8uGTsUc07l7gBsrjVeSCKVsGKhzrlxzLPQA1JD6j3+y,1.273311,2.138231,3.633387,0,2591700,24.449213,Interactive,1,1.75
120900,ai0kEteBVGSO30Ocb83ie8uGTsUc07l7gBsrjVeSCKVsGKhzrlxzLPQA1JD6j3+y,1.411384,2.081018,3.221343,0,2591700,24.449213,Interactive,1,1.75
121200,ai0kEteBVGSO30Ocb83ie8uGTsUc07l7gBsrjVeSCKVsGKhzrlxzLPQA1JD6j3+y,1.419,1.933905,2.984496,0,2591700,24.449213,Interactive,1,1.75
121500,ai0kEteBVGSO30Ocb83ie8uGTsUc07l7gBsrjVeSCKVsGKhzrlxzLPQA1JD6j3+y,1.36737,4.075314,22.476777,0,2591700,24.449213,Interactive,1,1.75
121800,ai0kEteBVGSO30Ocb83ie8uGTsUc07l7gBsrjVeSCKVsGKhzrlxzLPQA1JD6j3+y,0.538309,1.901304,3.228554,0,2591700,24.449213,Interactive,1,1.75
122100,ai0kEteBVGSO30Ocb83ie8uGTsUc07l7gBsrjVeSCKVsGKhzrlxzLPQA1JD6j3+y,0.788377,1.882163,2.7422310000000003,0,2591700,24.449213,Interactive,1,1.75
122400,ai0kEteBVGSO30Ocb83ie8uGTsUc07l7gBsrjVeSCKVsGKhzrlxzLPQA1JD6j3+y,1.342592,2.0188770000000003,3.446947,0,2591700,24.449213,Interactive,1,1.75
122700,ai0kEteBVGSO30Ocb83ie8uGTsUc07l7gBsrjVeSCKVsGKhzrlxzLPQA1JD6j3+y,1.288367,2.050265,3.097738,0,2591700,24.449213,Interactive,1,1.75
123000,ai0kEteBVGSO30Ocb83ie8uGTsUc07l7gBsrjVeSCKVsGKhzrlxzLPQA1JD6j3+y,1.439942,1.973729,2.82769,0,2591700,24.449213,Interactive,1,1.75
123300,ai0kEteBVGSO30Ocb83ie8uGTsUc07l7gBsrjVeSCKVsGKhzrlxzLPQA1JD6j3+y,0.5568960000000001,1.946639,3.57168,0,2591700,24.449213,Interactive,1,1.75
123600,ai0kEteBVGSO30Ocb83ie8uGTsUc07l7gBsrjVeSCKVsGKhzrlxzLPQA1JD6j3+y,1.296015,2.020619,3.058268,0,2591700,24.449213,Interactive,1,1.75
123900,ai0kEteBVGSO30Ocb83ie8uGTsUc07l7gBsrjVeSCKVsGKhzrlxzLPQA1JD6j3+y,1.175794,1.866529,2.988194,0,2591700,24.449213,Interactive,1,1.75
124200,ai0kEteBVGSO30Ocb83ie8uGTsUc07l7gBsrjVeSCKVsGKhzrlxzLPQA1JD6j3+y,1.360142,2.082691,3.605718,0,2591700,24.449213,Interactive,1,1.75
124500,ai0kEteBVGSO30Ocb83ie8uGTsUc07l7gBsrjVeSCKVsGKhzrlxzLPQA1JD6j3+y,1.348678,1.970921,3.144431,0,2591700,24.449213,Interactive,1,1.75
124800,ai0kEteBVGSO30Ocb83ie8uGTsUc07l7gBsrjVeSCKVsGKhzrlxzLPQA1JD6j3+y,0.687443,1.917999,2.868968,0,2591700,24.449213,Interactive,1,1.75
125100,ai0kEteBVGSO30Ocb83ie8uGTsUc07l7gBsrjVeSCKVsGKhzrlxzLPQA1JD6j3+y,1.383397,4.097761,22.568513,0,2591700,24.449213,Interactive,1,1.75
125400,ai0kEteBVGSO30Ocb83ie8uGTsUc07l7gBsrjVeSCKVsGKhzrlxzLPQA1JD6j3+y,1.325253,2.045253,3.065779,0,2591700,24.449213,Interactive,1,1.75
125700,ai0kEteBVGSO30Ocb83ie8uGTsUc07l7gBsrjVeSCKVsGKhzrlxzLPQA1JD6j3+y,1.4972299999999998,2.020473,2.839523,0,2591700,24.449213,Interactive,1,1.75
126000,ai0kEteBVGSO30Ocb83ie8uGTsUc07l7gBsrjVeSCKVsGKhzrlxzLPQA1JD6j3+y,1.441139,2.135502,3.407956,0,2591700,24.449213,Interactive,1,1.75
126300,ai0kEteBVGSO30Ocb83ie8uGTsUc07l7gBsrjVeSCKVsGKhzrlxzLPQA1JD6j3+y,1.381239,2.108398,3.053074,0,2591700,24.449213,Interactive,1,1.75
126600,ai0kEteBVGSO30Ocb83ie8uGTsUc07l7gBsrjVeSCKVsGKhzrlxzLPQA1JD6j3+y,1.090475,1.874275,2.995162,0,2591700,24.449213,Interactive,1,1.75
126900,ai0kEteBVGSO30Ocb83ie8uGTsUc07l7gBsrjVeSCKVsGKhzrlxzLPQA1JD6j3+y,1.454811,2.108361,3.522479,0,2591700,24.449213,Interactive,1,1.75
127200,ai0kEteBVGSO30Ocb83ie8uGTsUc07l7gBsrjVeSCKVsGKhzrlxzLPQA1JD6j3+y,1.3483120000000002,1.98784,3.153591,0,2591700,24.449213,Interactive,1,1.75
127500,ai0kEteBVGSO30Ocb83ie8uGTsUc07l7gBsrjVeSCKVsGKhzrlxzLPQA1JD6j3+y,1.5552860000000002,2.140378,3.074275,0,2591700,24.449213,Interactive,1,1.75
127800,ai0kEteBVGSO30Ocb83ie8uGTsUc07l7gBsrjVeSCKVsGKhzrlxzLPQA1JD6j3+y,1.560175,2.1474,3.730366000000001,0,2591700,24.449213,Interactive,1,1.75
128100,ai0kEteBVGSO30Ocb83ie8uGTsUc07l7gBsrjVeSCKVsGKhzrlxzLPQA1JD6j3+y,1.39616,2.072446,3.085721,0,2591700,24.449213,Interactive,1,1.75
128400,ai0kEteBVGSO30Ocb83ie8uGTsUc07l7gBsrjVeSCKVsGKhzrlxzLPQA1JD6j3+y,1.42699,1.980072,2.835773,0,2591700,24.449213,Interactive,1,1.75
128700,ai0kEteBVGSO30Ocb83ie8uGTsUc07l7gBsrjVeSCKVsGKhzrlxzLPQA1JD6j3+y,0.7028260000000001,4.013366,16.390057000000002,0,2591700,24.449213,Interactive,1,1.75
129000,ai0kEteBVGSO30Ocb83ie8uGTsUc07l7gBsrjVeSCKVsGKhzrlxzLPQA1JD6j3+y,1.409509,2.066905,3.093691,0,2591700,24.449213,Interactive,1,1.75
129300,ai0kEteBVGSO30Ocb83ie8uGTsUc07l7gBsrjVeSCKVsGKhzrlxzLPQA1JD6j3+y,1.439748,1.924277,2.852382,0,2591700,24.449213,Interactive,1,1.75
129600,ai0kEteBVGSO30Ocb83ie8uGTsUc07l7gBsrjVeSCKVsGKhzrlxzLPQA1JD6j3+y,1.440504,2.0834740000000003,3.375643,0,2591700,24.449213,Interactive,1,1.75
129900,ai0kEteBVGSO30Ocb83ie8uGTsUc07l7gBsrjVeSCKVsGKhzrlxzLPQA1JD6j3+y,1.154907,2.017111,3.194142,0,2591700,24.449213,Interactive,1,1.75
130200,ai0kEteBVGSO30Ocb83ie8uGTsUc07l7gBsrjVeSCKVsGKhzrlxzLPQA1JD6j3+y,1.287749,2.031205,2.777352,0,2591700,24.449213,Interactive,1,1.75
130500,ai0kEteBVGSO30Ocb83ie8uGTsUc07l7gBsrjVeSCKVsGKhzrlxzLPQA1JD6j3+y,1.438802,2.073916,3.343404,0,2591700,24.449213,Interactive,1,1.75
130800,ai0kEteBVGSO30Ocb83ie8uGTsUc07l7gBsrjVeSCKVsGKhzrlxzLPQA1JD6j3+y,1.427048,2.057117,3.005834,0,2591700,24.449213,Interactive,1,1.75
131100,ai0kEteBVGSO30Ocb83ie8uGTsUc07l7gBsrjVeSCKVsGKhzrlxzLPQA1JD6j3+y,1.472883,2.036225,2.732416,0,2591700,24.449213,Interactive,1,1.75
131700,ai0kEteBVGSO30Ocb83ie8uGTsUc07l7gBsrjVeSCKVsGKhzrlxzLPQA1JD6j3+y,1.48045,2.076921,2.949157,0,2591700,24.449213,Interactive,1,1.75
132000,ai0kEteBVGSO30Ocb83ie8uGTsUc07l7gBsrjVeSCKVsGKhzrlxzLPQA1JD6j3+y,1.45561,2.014304,2.601686,0,2591700,24.449213,Interactive,1,1.75
132300,ai0kEteBVGSO30Ocb83ie8uGTsUc07l7gBsrjVeSCKVsGKhzrlxzLPQA1JD6j3+y,1.455139,4.060596,22.292303,0,2591700,24.449213,Interactive,1,1.75
132600,ai0kEteBVGSO30Ocb83ie8uGTsUc07l7gBsrjVeSCKVsGKhzrlxzLPQA1JD6j3+y,1.356307,2.6283220000000003,10.152207,0,2591700,24.449213,Interactive,1,1.75
132900,ai0kEteBVGSO30Ocb83ie8uGTsUc07l7gBsrjVeSCKVsGKhzrlxzLPQA1JD6j3+y,1.415705,2.098061,3.439831,0,2591700,24.449213,Interactive,1,1.75
133200,ai0kEteBVGSO30Ocb83ie8uGTsUc07l7gBsrjVeSCKVsGKhzrlxzLPQA1JD6j3+y,1.391993,2.000502,3.350897,0,2591700,24.449213,Interactive,1,1.75
133500,ai0kEteBVGSO30Ocb83ie8uGTsUc07l7gBsrjVeSCKVsGKhzrlxzLPQA1JD6j3+y,1.4837049999999998,2.041505,2.6582,0,2591700,24.449213,Interactive,1,1.75
133800,ai0kEteBVGSO30Ocb83ie8uGTsUc07l7gBsrjVeSCKVsGKhzrlxzLPQA1JD6j3+y,1.364494,2.1857830000000003,3.5585160000000005,0,2591700,24.449213,Interactive,1,1.75
134100,ai0kEteBVGSO30Ocb83ie8uGTsUc07l7gBsrjVeSCKVsGKhzrlxzLPQA1JD6j3+y,1.363975,2.094872,3.430273,0,2591700,24.449213,Interactive,1,1.75
134400,ai0kEteBVGSO30Ocb83ie8uGTsUc07l7gBsrjVeSCKVsGKhzrlxzLPQA1JD6j3+y,1.420955,1.964474,2.632821,0,2591700,24.449213,Interactive,1,1.75
134700,ai0kEteBVGSO30Ocb83ie8uGTsUc07l7gBsrjVeSCKVsGKhzrlxzLPQA1JD6j3+y,0.788424,2.038716,3.504379,0,2591700,24.449213,Interactive,1,1.75
135000,ai0kEteBVGSO30Ocb83ie8uGTsUc07l7gBsrjVeSCKVsGKhzrlxzLPQA1JD6j3+y,1.486159,2.088817,3.454535,0,2591700,24.449213,Interactive,1,1.75
135300,ai0kEteBVGSO30Ocb83ie8uGTsUc07l7gBsrjVeSCKVsGKhzrlxzLPQA1JD6j3+y,1.499783,2.625101,8.934846,0,2591700,24.449213,Interactive,1,1.75
135600,ai0kEteBVGSO30Ocb83ie8uGTsUc07l7gBsrjVeSCKVsGKhzrlxzLPQA1JD6j3+y,1.361982,2.087239,3.3825800000000004,0,2591700,24.449213,Interactive,1,1.75
135900,ai0kEteBVGSO30Ocb83ie8uGTsUc07l7gBsrjVeSCKVsGKhzrlxzLPQA1JD6j3+y,1.403575,4.043779,22.403569,0,2591700,24.449213,Interactive,1,1.75
136200,ai0kEteBVGSO30Ocb83ie8uGTsUc07l7gBsrjVeSCKVsGKhzrlxzLPQA1JD6j3+y,1.422984,1.879176,2.539032,0,2591700,24.449213,Interactive,1,1.75
136500,ai0kEteBVGSO30Ocb83ie8uGTsUc07l7gBsrjVeSCKVsGKhzrlxzLPQA1JD6j3+y,1.405453,2.101111,3.443635,0,2591700,24.449213,Interactive,1,1.75
136800,ai0kEteBVGSO30Ocb83ie8uGTsUc07l7gBsrjVeSCKVsGKhzrlxzLPQA1JD6j3+y,1.209701,1.985866,3.35494,0,2591700,24.449213,Interactive,1,1.75
137100,ai0kEteBVGSO30Ocb83ie8uGTsUc07l7gBsrjVeSCKVsGKhzrlxzLPQA1JD6j3+y,1.455495,1.947539,2.5071380000000003,0,2591700,24.449213,Interactive,1,1.75
137400,ai0kEteBVGSO30Ocb83ie8uGTsUc07l7gBsrjVeSCKVsGKhzrlxzLPQA1JD6j3+y,1.041723,2.003899,3.389735,0,2591700,24.449213,Interactive,1,1.75
137700,ai0kEteBVGSO30Ocb83ie8uGTsUc07l7gBsrjVeSCKVsGKhzrlxzLPQA1JD6j3+y,1.409427,2.058986,3.305368,0,2591700,24.449213,Interactive,1,1.75
138000,ai0kEteBVGSO30Ocb83ie8uGTsUc07l7gBsrjVeSCKVsGKhzrlxzLPQA1JD6j3+y,1.508591,2.295568,5.846167,0,2591700,24.449213,Interactive,1,1.75
138300,ai0kEteBVGSO30Ocb83ie8uGTsUc07l7gBsrjVeSCKVsGKhzrlxzLPQA1JD6j3+y,0.8504790000000001,2.157391,3.882387000000001,0,2591700,24.449213,Interactive,1,1.75
138600,ai0kEteBVGSO30Ocb83ie8uGTsUc07l7gBsrjVeSCKVsGKhzrlxzLPQA1JD6j3+y,1.4242629999999998,2.065234,3.74511,0,2591700,24.449213,Interactive,1,1.75
138900,ai0kEteBVGSO30Ocb83ie8uGTsUc07l7gBsrjVeSCKVsGKhzrlxzLPQA1JD6j3+y,1.348398,1.973345,2.538834,0,2591700,24.449213,Interactive,1,1.75
139200,ai0kEteBVGSO30Ocb83ie8uGTsUc07l7gBsrjVeSCKVsGKhzrlxzLPQA1JD6j3+y,1.358943,2.15443,3.490964,0,2591700,24.449213,Interactive,1,1.75
139500,ai0kEteBVGSO30Ocb83ie8uGTsUc07l7gBsrjVeSCKVsGKhzrlxzLPQA1JD6j3+y,1.371583,4.083026,22.616369,0,2591700,24.449213,Interactive,1,1.75
139800,ai0kEteBVGSO30Ocb83ie8uGTsUc07l7gBsrjVeSCKVsGKhzrlxzLPQA1JD6j3+y,1.5091139999999998,2.001093,2.553916,0,2591700,24.449213,Interactive,1,1.75
140100,ai0kEteBVGSO30Ocb83ie8uGTsUc07l7gBsrjVeSCKVsGKhzrlxzLPQA1JD6j3+y,1.32268,2.079448,3.4632080000000003,0,2591700,24.449213,Interactive,1,1.75
140400,ai0kEteBVGSO30Ocb83ie8uGTsUc07l7gBsrjVeSCKVsGKhzrlxzLPQA1JD6j3+y,1.440308,2.037361,3.270722,0,2591700,24.449213,Interactive,1,1.75
140700,ai0kEteBVGSO30Ocb83ie8uGTsUc07l7gBsrjVeSCKVsGKhzrlxzLPQA1JD6j3+y,1.455306,2.693093,9.525085,0,2591700,24.449213,Interactive,1,1.75
141000,ai0kEteBVGSO30Ocb83ie8uGTsUc07l7gBsrjVeSCKVsGKhzrlxzLPQA1JD6j3+y,1.422259,2.160312,3.379356,0,2591700,24.449213,Interactive,1,1.75
141300,ai0kEteBVGSO30Ocb83ie8uGTsUc07l7gBsrjVeSCKVsGKhzrlxzLPQA1JD6j3+y,1.402135,2.073537,3.2074130000000003,0,2591700,24.449213,Interactive,1,1.75
141600,ai0kEteBVGSO30Ocb83ie8uGTsUc07l7gBsrjVeSCKVsGKhzrlxzLPQA1JD6j3+y,1.416821,1.901154,2.386335,0,2591700,24.449213,Interactive,1,1.75
141900,ai0kEteBVGSO30Ocb83ie8uGTsUc07l7gBsrjVeSCKVsGKhzrlxzLPQA1JD6j3+y,1.425753,2.3082,5.115607,0,2591700,24.449213,Interactive,1,1.75
142200,ai0kEteBVGSO30Ocb83ie8uGTsUc07l7gBsrjVeSCKVsGKhzrlxzLPQA1JD6j3+y,0.830382,1.947565,3.305652,0,2591700,24.449213,Interactive,1,1.75
142500,ai0kEteBVGSO30Ocb83ie8uGTsUc07l7gBsrjVeSCKVsGKhzrlxzLPQA1JD6j3+y,1.438307,1.921559,2.4508400000000004,0,2591700,24.449213,Interactive,1,1.75
142800,ai0kEteBVGSO30Ocb83ie8uGTsUc07l7gBsrjVeSCKVsGKhzrlxzLPQA1JD6j3+y,1.266905,2.035968,3.269578,0,2591700,24.449213,Interactive,1,1.75
143100,ai0kEteBVGSO30Ocb83ie8uGTsUc07l7gBsrjVeSCKVsGKhzrlxzLPQA1JD6j3+y,1.403922,4.103589,15.247792,0,2591700,24.449213,Interactive,1,1.75
143400,ai0kEteBVGSO30Ocb83ie8uGTsUc07l7gBsrjVeSCKVsGKhzrlxzLPQA1JD6j3+y,1.405205,2.6422060000000003,9.755108,0,2591700,24.449213,Interactive,1,1.75
143700,ai0kEteBVGSO30Ocb83ie8uGTsUc07l7gBsrjVeSCKVsGKhzrlxzLPQA1JD6j3+y,0.708788,1.997356,3.474089,0,2591700,24.449213,Interactive,1,1.75
144000,ai0kEteBVGSO30Ocb83ie8uGTsUc07l7gBsrjVeSCKVsGKhzrlxzLPQA1JD6j3+y,1.3737549999999998,2.061005,3.1417080000000004,0,2591700,24.449213,Interactive,1,1.75
144300,ai0kEteBVGSO30Ocb83ie8uGTsUc07l7gBsrjVeSCKVsGKhzrlxzLPQA1JD6j3+y,1.384996,1.974634,3.364813,0,2591700,24.449213,Interactive,1,1.75
144600,ai0kEteBVGSO30Ocb83ie8uGTsUc07l7gBsrjVeSCKVsGKhzrlxzLPQA1JD6j3+y,1.451176,2.123495,3.554121,0,2591700,24.449213,Interactive,1,1.75
144900,ai0kEteBVGSO30Ocb83ie8uGTsUc07l7gBsrjVeSCKVsGKhzrlxzLPQA1JD6j3+y,1.438487,2.026221,3.110877,0,2591700,24.449213,Interactive,1,1.75
145200,ai0kEteBVGSO30Ocb83ie8uGTsUc07l7gBsrjVeSCKVsGKhzrlxzLPQA1JD6j3+y,1.372629,2.093257,4.588145,0,2591700,24.449213,Interactive,1,1.75
145500,ai0kEteBVGSO30Ocb83ie8uGTsUc07l7gBsrjVeSCKVsGKhzrlxzLPQA1JD6j3+y,1.310719,2.056019,3.701721,0,2591700,24.449213,Interactive,1,1.75
145800,ai0kEteBVGSO30Ocb83ie8uGTsUc07l7gBsrjVeSCKVsGKhzrlxzLPQA1JD6j3+y,1.408808,2.057742,3.002852,0,2591700,24.449213,Interactive,1,1.75
146100,ai0kEteBVGSO30Ocb83ie8uGTsUc07l7gBsrjVeSCKVsGKhzrlxzLPQA1JD6j3+y,1.412913,2.627974,9.075038,0,2591700,24.449213,Interactive,1,1.75
146400,ai0kEteBVGSO30Ocb83ie8uGTsUc07l7gBsrjVeSCKVsGKhzrlxzLPQA1JD6j3+y,1.38439,2.152521,3.457209,0,2591700,24.449213,Interactive,1,1.75
146700,ai0kEteBVGSO30Ocb83ie8uGTsUc07l7gBsrjVeSCKVsGKhzrlxzLPQA1JD6j3+y,1.401078,4.101335,22.300792,0,2591700,24.449213,Interactive,1,1.75
147000,ai0kEteBVGSO30Ocb83ie8uGTsUc07l7gBsrjVeSCKVsGKhzrlxzLPQA1JD6j3+y,1.431694,1.941362,3.016086,0,2591700,24.449213,Interactive,1,1.75
147300,ai0kEteBVGSO30Ocb83ie8uGTsUc07l7gBsrjVeSCKVsGKhzrlxzLPQA1JD6j3+y,1.38618,2.062875,3.542692,0,2591700,24.449213,Interactive,1,1.75
147600,ai0kEteBVGSO30Ocb83ie8uGTsUc07l7gBsrjVeSCKVsGKhzrlxzLPQA1JD6j3+y,0.634788,1.956165,3.030554,0,2591700,24.449213,Interactive,1,1.75
147900,ai0kEteBVGSO30Ocb83ie8uGTsUc07l7gBsrjVeSCKVsGKhzrlxzLPQA1JD6j3+y,1.3912790000000002,2.01996,3.2753400000000004,0,2591700,24.449213,Interactive,1,1.75
148200,ai0kEteBVGSO30Ocb83ie8uGTsUc07l7gBsrjVeSCKVsGKhzrlxzLPQA1JD6j3+y,0.963011,2.112136,3.808386,0,2591700,24.449213,Interactive,1,1.75
148500,ai0kEteBVGSO30Ocb83ie8uGTsUc07l7gBsrjVeSCKVsGKhzrlxzLPQA1JD6j3+y,1.510709,11.460826,41.480082,0,2591700,24.449213,Interactive,1,1.75
148800,ai0kEteBVGSO30Ocb83ie8uGTsUc07l7gBsrjVeSCKVsGKhzrlxzLPQA1JD6j3+y,1.424176,2.461594,5.93572,0,2591700,24.449213,Interactive,1,1.75
149100,ai0kEteBVGSO30Ocb83ie8uGTsUc07l7gBsrjVeSCKVsGKhzrlxzLPQA1JD6j3+y,1.3802,2.229785,3.687651,0,2591700,24.449213,Interactive,1,1.75
149400,ai0kEteBVGSO30Ocb83ie8uGTsUc07l7gBsrjVeSCKVsGKhzrlxzLPQA1JD6j3+y,1.499439,2.17872,3.191696,0,2591700,24.449213,Interactive,1,1.75
149700,ai0kEteBVGSO30Ocb83ie8uGTsUc07l7gBsrjVeSCKVsGKhzrlxzLPQA1JD6j3+y,1.42742,2.082036,3.7975,0,2591700,24.449213,Interactive,1,1.75
150000,ai0kEteBVGSO30Ocb83ie8uGTsUc07l7gBsrjVeSCKVsGKhzrlxzLPQA1JD6j3+y,1.374584,2.096794,3.574873,0,2591700,24.449213,Interactive,1,1.75
150300,ai0kEteBVGSO30Ocb83ie8uGTsUc07l7gBsrjVeSCKVsGKhzrlxzLPQA1JD6j3+y,1.390917,4.186486,23.011179,0,2591700,24.449213,Interactive,1,1.75
150600,ai0kEteBVGSO30Ocb83ie8uGTsUc07l7gBsrjVeSCKVsGKhzrlxzLPQA1JD6j3+y,1.379917,2.0319580000000004,2.852128,0,2591700,24.449213,Interactive,1,1.75
150900,ai0kEteBVGSO30Ocb83ie8uGTsUc07l7gBsrjVeSCKVsGKhzrlxzLPQA1JD6j3+y,1.460826,2.135053,3.5344010000000003,0,2591700,24.449213,Interactive,1,1.75
151200,ai0kEteBVGSO30Ocb83ie8uGTsUc07l7gBsrjVeSCKVsGKhzrlxzLPQA1JD6j3+y,1.408071,2.090179,2.908414,0,2591700,24.449213,Interactive,1,1.75
151500,ai0kEteBVGSO30Ocb83ie8uGTsUc07l7gBsrjVeSCKVsGKhzrlxzLPQA1JD6j3+y,1.461974,2.053575,3.326235,0,2591700,24.449213,Interactive,1,1.75
151800,ai0kEteBVGSO30Ocb83ie8uGTsUc07l7gBsrjVeSCKVsGKhzrlxzLPQA1JD6j3+y,1.384882,2.169292,3.907046,0,2591700,24.449213,Interactive,1,1.75
152100,ai0kEteBVGSO30Ocb83ie8uGTsUc07l7gBsrjVeSCKVsGKhzrlxzLPQA1JD6j3+y,1.539035,2.058226,3.170226,0,2591700,24.449213,Interactive,1,1.75
152400,ai0kEteBVGSO30Ocb83ie8uGTsUc07l7gBsrjVeSCKVsGKhzrlxzLPQA1JD6j3+y,0.6952699999999999,1.922615,3.152625,0,2591700,24.449213,Interactive,1,1.75
152700,ai0kEteBVGSO30Ocb83ie8uGTsUc07l7gBsrjVeSCKVsGKhzrlxzLPQA1JD6j3+y,1.395732,2.140525,3.818631,0,2591700,24.449213,Interactive,1,1.75
153000,ai0kEteBVGSO30Ocb83ie8uGTsUc07l7gBsrjVeSCKVsGKhzrlxzLPQA1JD6j3+y,1.268945,2.154436,2.936125,0,2591700,24.449213,Interactive,1,1.75
153300,ai0kEteBVGSO30Ocb83ie8uGTsUc07l7gBsrjVeSCKVsGKhzrlxzLPQA1JD6j3+y,1.365742,1.928115,2.847101,0,2591700,24.449213,Interactive,1,1.75
153600,ai0kEteBVGSO30Ocb83ie8uGTsUc07l7gBsrjVeSCKVsGKhzrlxzLPQA1JD6j3+y,1.392247,2.016999,3.303987,0,2591700,24.449213,Interactive,1,1.75
153900,ai0kEteBVGSO30Ocb83ie8uGTsUc07l7gBsrjVeSCKVsGKhzrlxzLPQA1JD6j3+y,1.360631,3.913737,22.284959,0,2591700,24.449213,Interactive,1,1.75
154200,ai0kEteBVGSO30Ocb83ie8uGTsUc07l7gBsrjVeSCKVsGKhzrlxzLPQA1JD6j3+y,0.723495,1.823429,3.334514,0,2591700,24.449213,Interactive,1,1.75
154500,ai0kEteBVGSO30Ocb83ie8uGTsUc07l7gBsrjVeSCKVsGKhzrlxzLPQA1JD6j3+y,1.446917,2.074705,3.35754,0,2591700,24.449213,Interactive,1,1.75
154800,ai0kEteBVGSO30Ocb83ie8uGTsUc07l7gBsrjVeSCKVsGKhzrlxzLPQA1JD6j3+y,0.533762,1.7511740000000002,2.5963830000000003,0,2591700,24.449213,Interactive,1,1.75
155100,ai0kEteBVGSO30Ocb83ie8uGTsUc07l7gBsrjVeSCKVsGKhzrlxzLPQA1JD6j3+y,1.37244,2.081295,3.328946,0,2591700,24.449213,Interactive,1,1.75
155400,ai0kEteBVGSO30Ocb83ie8uGTsUc07l7gBsrjVeSCKVsGKhzrlxzLPQA1JD6j3+y,1.547034,2.108878,3.823414,0,2591700,24.449213,Interactive,1,1.75
155700,ai0kEteBVGSO30Ocb83ie8uGTsUc07l7gBsrjVeSCKVsGKhzrlxzLPQA1JD6j3+y,0.912542,1.88592,2.65391,0,2591700,24.449213,Interactive,1,1.75
156000,ai0kEteBVGSO30Ocb83ie8uGTsUc07l7gBsrjVeSCKVsGKhzrlxzLPQA1JD6j3+y,1.336245,2.012293,3.435061,0,2591700,24.449213,Interactive,1,1.75
156300,ai0kEteBVGSO30Ocb83ie8uGTsUc07l7gBsrjVeSCKVsGKhzrlxzLPQA1JD6j3+y,1.410776,2.097441,3.208736,0,2591700,24.449213,Interactive,1,1.75
156600,ai0kEteBVGSO30Ocb83ie8uGTsUc07l7gBsrjVeSCKVsGKhzrlxzLPQA1JD6j3+y,1.387318,1.907474,2.526137,0,2591700,24.449213,Interactive,1,1.75
156900,ai0kEteBVGSO30Ocb83ie8uGTsUc07l7gBsrjVeSCKVsGKhzrlxzLPQA1JD6j3+y,1.35422,2.022111,3.388553,0,2591700,24.449213,Interactive,1,1.75
157200,ai0kEteBVGSO30Ocb83ie8uGTsUc07l7gBsrjVeSCKVsGKhzrlxzLPQA1JD6j3+y,1.446818,2.031317,3.245075,0,2591700,24.449213,Interactive,1,1.75
157500,ai0kEteBVGSO30Ocb83ie8uGTsUc07l7gBsrjVeSCKVsGKhzrlxzLPQA1JD6j3+y,1.349598,3.870577,17.508912,0,2591700,24.449213,Interactive,1,1.75
157800,ai0kEteBVGSO30Ocb83ie8uGTsUc07l7gBsrjVeSCKVsGKhzrlxzLPQA1JD6j3+y,1.360758,4.324111,23.606278,0,2591700,24.449213,Interactive,1,1.75
158100,ai0kEteBVGSO30Ocb83ie8uGTsUc07l7gBsrjVeSCKVsGKhzrlxzLPQA1JD6j3+y,1.265346,2.045662,3.358352,0,2591700,24.449213,Interactive,1,1.75
158400,ai0kEteBVGSO30Ocb83ie8uGTsUc07l7gBsrjVeSCKVsGKhzrlxzLPQA1JD6j3+y,0.543068,1.732903,2.48188,0,2591700,24.449213,Interactive,1,1.75
158700,ai0kEteBVGSO30Ocb83ie8uGTsUc07l7gBsrjVeSCKVsGKhzrlxzLPQA1JD6j3+y,1.307058,1.985997,3.394268,0,2591700,24.449213,Interactive,1,1.75
159000,ai0kEteBVGSO30Ocb83ie8uGTsUc07l7gBsrjVeSCKVsGKhzrlxzLPQA1JD6j3+y,1.0760809999999998,1.995289,3.618573000000001,0,2591700,24.449213,Interactive,1,1.75
159300,ai0kEteBVGSO30Ocb83ie8uGTsUc07l7gBsrjVeSCKVsGKhzrlxzLPQA1JD6j3+y,1.342032,1.891823,2.544223,0,2591700,24.449213,Interactive,1,1.75
159600,ai0kEteBVGSO30Ocb83ie8uGTsUc07l7gBsrjVeSCKVsGKhzrlxzLPQA1JD6j3+y,0.588245,1.876353,3.275444,0,2591700,24.449213,Interactive,1,1.75
159900,ai0kEteBVGSO30Ocb83ie8uGTsUc07l7gBsrjVeSCKVsGKhzrlxzLPQA1JD6j3+y,1.360855,2.031955,3.347427,0,2591700,24.449213,Interactive,1,1.75
160200,ai0kEteBVGSO30Ocb83ie8uGTsUc07l7gBsrjVeSCKVsGKhzrlxzLPQA1JD6j3+y,1.340178,2.064579,3.130385,0,2591700,24.449213,Interactive,1,1.75
160500,ai0kEteBVGSO30Ocb83ie8uGTsUc07l7gBsrjVeSCKVsGKhzrlxzLPQA1JD6j3+y,1.348015,1.953756,3.386106,0,2591700,24.449213,Interactive,1,1.75
160800,ai0kEteBVGSO30Ocb83ie8uGTsUc07l7gBsrjVeSCKVsGKhzrlxzLPQA1JD6j3+y,1.433656,2.004442,3.2835970000000003,0,2591700,24.449213,Interactive,1,1.75
161100,ai0kEteBVGSO30Ocb83ie8uGTsUc07l7gBsrjVeSCKVsGKhzrlxzLPQA1JD6j3+y,1.354119,3.916745,22.153199,0,2591700,24.449213,Interactive,1,1.75
161400,ai0kEteBVGSO30Ocb83ie8uGTsUc07l7gBsrjVeSCKVsGKhzrlxzLPQA1JD6j3+y,1.302167,1.988827,3.301432,0,2591700,24.449213,Interactive,1,1.75
161700,ai0kEteBVGSO30Ocb83ie8uGTsUc07l7gBsrjVeSCKVsGKhzrlxzLPQA1JD6j3+y,0.908666,1.956348,3.242166,0,2591700,24.449213,Interactive,1,1.75
162000,ai0kEteBVGSO30Ocb83ie8uGTsUc07l7gBsrjVeSCKVsGKhzrlxzLPQA1JD6j3+y,1.328385,1.87239,2.417175,0,2591700,24.449213,Interactive,1,1.75
162300,ai0kEteBVGSO30Ocb83ie8uGTsUc07l7gBsrjVeSCKVsGKhzrlxzLPQA1JD6j3+y,1.301909,2.25867,5.478623000000001,0,2591700,24.449213,Interactive,1,1.75
162600,ai0kEteBVGSO30Ocb83ie8uGTsUc07l7gBsrjVeSCKVsGKhzrlxzLPQA1JD6j3+y,1.437217,2.041282,3.669353,0,2591700,24.449213,Interactive,1,1.75
162900,ai0kEteBVGSO30Ocb83ie8uGTsUc07l7gBsrjVeSCKVsGKhzrlxzLPQA1JD6j3+y,1.428068,1.975701,2.474265,0,2591700,24.449213,Interactive,1,1.75
163200,ai0kEteBVGSO30Ocb83ie8uGTsUc07l7gBsrjVeSCKVsGKhzrlxzLPQA1JD6j3+y,1.076179,1.937774,3.254706,0,2591700,24.449213,Interactive,1,1.75
163500,ai0kEteBVGSO30Ocb83ie8uGTsUc07l7gBsrjVeSCKVsGKhzrlxzLPQA1JD6j3+y,1.51281,2.12319,3.279099,0,2591700,24.449213,Interactive,1,1.75
163800,ai0kEteBVGSO30Ocb83ie8uGTsUc07l7gBsrjVeSCKVsGKhzrlxzLPQA1JD6j3+y,0.4883909999999999,1.788339,2.397712,0,2591700,24.449213,Interactive,1,1.75
164100,ai0kEteBVGSO30Ocb83ie8uGTsUc07l7gBsrjVeSCKVsGKhzrlxzLPQA1JD6j3+y,1.280869,2.011346,3.241107,0,2591700,24.449213,Interactive,1,1.75
164400,ai0kEteBVGSO30Ocb83ie8uGTsUc07l7gBsrjVeSCKVsGKhzrlxzLPQA1JD6j3+y,0.980825,1.948984,3.126536,0,2591700,24.449213,Interactive,1,1.75
164700,ai0kEteBVGSO30Ocb83ie8uGTsUc07l7gBsrjVeSCKVsGKhzrlxzLPQA1JD6j3+y,1.280841,3.949852,22.242848,0,2591700,24.449213,Interactive,1,1.75
165000,ai0kEteBVGSO30Ocb83ie8uGTsUc07l7gBsrjVeSCKVsGKhzrlxzLPQA1JD6j3+y,0.996306,1.855508,3.0329330000000003,0,2591700,24.449213,Interactive,1,1.75
165300,ai0kEteBVGSO30Ocb83ie8uGTsUc07l7gBsrjVeSCKVsGKhzrlxzLPQA1JD6j3+y,1.396743,2.019979,2.979807,0,2591700,24.449213,Interactive,1,1.75
165600,ai0kEteBVGSO30Ocb83ie8uGTsUc07l7gBsrjVeSCKVsGKhzrlxzLPQA1JD6j3+y,0.946129,1.724401,2.7820970000000003,0,2591700,24.449213,Interactive,1,1.75
165900,ai0kEteBVGSO30Ocb83ie8uGTsUc07l7gBsrjVeSCKVsGKhzrlxzLPQA1JD6j3+y,0.727017,1.973248,3.585534,0,2591700,24.449213,Interactive,1,1.75
166200,ai0kEteBVGSO30Ocb83ie8uGTsUc07l7gBsrjVeSCKVsGKhzrlxzLPQA1JD6j3+y,1.287463,2.0421,2.947271,0,2591700,24.449213,Interactive,1,1.75
166500,ai0kEteBVGSO30Ocb83ie8uGTsUc07l7gBsrjVeSCKVsGKhzrlxzLPQA1JD6j3+y,0.769421,1.81327,2.969467,0,2591700,24.449213,Interactive,1,1.75
166800,ai0kEteBVGSO30Ocb83ie8uGTsUc07l7gBsrjVeSCKVsGKhzrlxzLPQA1JD6j3+y,1.29808,2.002202,3.718131,0,2591700,24.449213,Interactive,1,1.75
167100,ai0kEteBVGSO30Ocb83ie8uGTsUc07l7gBsrjVeSCKVsGKhzrlxzLPQA1JD6j3+y,1.367638,2.090981,2.971119,0,2591700,24.449213,Interactive,1,1.75
167400,ai0kEteBVGSO30Ocb83ie8uGTsUc07l7gBsrjVeSCKVsGKhzrlxzLPQA1JD6j3+y,1.279778,1.903911,2.699695,0,2591700,24.449213,Interactive,1,1.75
167700,ai0kEteBVGSO30Ocb83ie8uGTsUc07l7gBsrjVeSCKVsGKhzrlxzLPQA1JD6j3+y,1.316611,1.914035,3.277534,0,2591700,24.449213,Interactive,1,1.75
168000,ai0kEteBVGSO30Ocb83ie8uGTsUc07l7gBsrjVeSCKVsGKhzrlxzLPQA1JD6j3+y,1.351506,2.103593,3.095562,0,2591700,24.449213,Interactive,1,1.75
168300,ai0kEteBVGSO30Ocb83ie8uGTsUc07l7gBsrjVeSCKVsGKhzrlxzLPQA1JD6j3+y,1.391954,3.665373,20.10666,0,2591700,24.449213,Interactive,1,1.75
168600,ai0kEteBVGSO30Ocb83ie8uGTsUc07l7gBsrjVeSCKVsGKhzrlxzLPQA1JD6j3+y,1.366227,2.114362,3.370943,0,2591700,24.449213,Interactive,1,1.75
168900,ai0kEteBVGSO30Ocb83ie8uGTsUc07l7gBsrjVeSCKVsGKhzrlxzLPQA1JD6j3+y,1.373788,2.089198,3.213826,0,2591700,24.449213,Interactive,1,1.75
169200,ai0kEteBVGSO30Ocb83ie8uGTsUc07l7gBsrjVeSCKVsGKhzrlxzLPQA1JD6j3+y,0.8595299999999999,1.853244,2.868871,0,2591700,24.449213,Interactive,1,1.75
169500,ai0kEteBVGSO30Ocb83ie8uGTsUc07l7gBsrjVeSCKVsGKhzrlxzLPQA1JD6j3+y,1.359361,2.043339,3.610153,0,2591700,24.449213,Interactive,1,1.75
169800,ai0kEteBVGSO30Ocb83ie8uGTsUc07l7gBsrjVeSCKVsGKhzrlxzLPQA1JD6j3+y,0.608951,1.965667,3.07886,0,2591700,24.449213,Interactive,1,1.75
170100,ai0kEteBVGSO30Ocb83ie8uGTsUc07l7gBsrjVeSCKVsGKhzrlxzLPQA1JD6j3+y,1.374658,1.928237,2.8886700000000003,0,2591700,24.449213,Interactive,1,1.75
170400,ai0kEteBVGSO30Ocb83ie8uGTsUc07l7gBsrjVeSCKVsGKhzrlxzLPQA1JD6j3+y,1.33176,1.919012,3.4113580000000003,0,2591700,24.449213,Interactive,1,1.75
170700,ai0kEteBVGSO30Ocb83ie8uGTsUc07l7gBsrjVeSCKVsGKhzrlxzLPQA1JD6j3+y,1.445213,2.08777,3.159617,0,2591700,24.449213,Interactive,1,1.75
171000,ai0kEteBVGSO30Ocb83ie8uGTsUc07l7gBsrjVeSCKVsGKhzrlxzLPQA1JD6j3+y,1.075132,1.889232,2.817148,0,2591700,24.449213,Interactive,1,1.75
171300,ai0kEteBVGSO30Ocb83ie8uGTsUc07l7gBsrjVeSCKVsGKhzrlxzLPQA1JD6j3+y,0.71595,1.96942,3.384301,0,2591700,24.449213,Interactive,1,1.75
171600,ai0kEteBVGSO30Ocb83ie8uGTsUc07l7gBsrjVeSCKVsGKhzrlxzLPQA1JD6j3+y,1.355152,2.0424580000000003,3.133186,0,2591700,24.449213,Interactive,1,1.75
171900,ai0kEteBVGSO30Ocb83ie8uGTsUc07l7gBsrjVeSCKVsGKhzrlxzLPQA1JD6j3+y,1.042911,3.872032,21.448899,0,2591700,24.449213,Interactive,1,1.75
172200,ai0kEteBVGSO30Ocb83ie8uGTsUc07l7gBsrjVeSCKVsGKhzrlxzLPQA1JD6j3+y,1.326042,1.991305,3.414786,0,2591700,24.449213,Interactive,1,1.75
172500,ai0kEteBVGSO30Ocb83ie8uGTsUc07l7gBsrjVeSCKVsGKhzrlxzLPQA1JD6j3+y,1.39134,2.106828,3.8847,0,2591700,24.449213,Interactive,1,1.75
172800,ai0kEteBVGSO30Ocb83ie8uGTsUc07l7gBsrjVeSCKVsGKhzrlxzLPQA1JD6j3+y,1.290768,1.907252,2.801054,0,2591700,24.449213,Interactive,1,1.75
173100,ai0kEteBVGSO30Ocb83ie8uGTsUc07l7gBsrjVeSCKVsGKhzrlxzLPQA1JD6j3+y,1.105409,1.978814,3.766137,0,2591700,24.449213,Interactive,1,1.75
173400,ai0kEteBVGSO30Ocb83ie8uGTsUc07l7gBsrjVeSCKVsGKhzrlxzLPQA1JD6j3+y,1.376311,2.099903,2.975395,0,2591700,24.449213,Interactive,1,1.75
173700,ai0kEteBVGSO30Ocb83ie8uGTsUc07l7gBsrjVeSCKVsGKhzrlxzLPQA1JD6j3+y,1.003032,1.823236,3.013929,0,2591700,24.449213,Interactive,1,1.75
174000,ai0kEteBVGSO30Ocb83ie8uGTsUc07l7gBsrjVeSCKVsGKhzrlxzLPQA1JD6j3+y,0.722849,1.947602,3.841999,0,2591700,24.449213,Interactive,1,1.75
174300,ai0kEteBVGSO30Ocb83ie8uGTsUc07l7gBsrjVeSCKVsGKhzrlxzLPQA1JD6j3+y,1.403333,2.067365,3.18933,0,2591700,24.449213,Interactive,1,1.75
174600,ai0kEteBVGSO30Ocb83ie8uGTsUc07l7gBsrjVeSCKVsGKhzrlxzLPQA1JD6j3+y,1.284809,1.916858,2.606273,0,2591700,24.449213,Interactive,1,1.75
174900,ai0kEteBVGSO30Ocb83ie8uGTsUc07l7gBsrjVeSCKVsGKhzrlxzLPQA1JD6j3+y,1.339754,1.979076,3.47285,0,2591700,24.449213,Interactive,1,1.75
175200,ai0kEteBVGSO30Ocb83ie8uGTsUc07l7gBsrjVeSCKVsGKhzrlxzLPQA1JD6j3+y,1.389868,2.035474,2.908837,0,2591700,24.449213,Interactive,1,1.75
175500,ai0kEteBVGSO30Ocb83ie8uGTsUc07l7gBsrjVeSCKVsGKhzrlxzLPQA1JD6j3+y,1.35123,3.950328,21.554249,0,2591700,24.449213,Interactive,1,1.75
175800,ai0kEteBVGSO30Ocb83ie8uGTsUc07l7gBsrjVeSCKVsGKhzrlxzLPQA1JD6j3+y,0.8869819999999999,1.879154,3.404039,0,2591700,24.449213,Interactive,1,1.75
176100,ai0kEteBVGSO30Ocb83ie8uGTsUc07l7gBsrjVeSCKVsGKhzrlxzLPQA1JD6j3+y,1.373144,1.964226,2.966952,0,2591700,24.449213,Interactive,1,1.75
176400,ai0kEteBVGSO30Ocb83ie8uGTsUc07l7gBsrjVeSCKVsGKhzrlxzLPQA1JD6j3+y,1.331153,1.973969,3.3083720000000003,0,2591700,24.449213,Interactive,1,1.75
176700,ai0kEteBVGSO30Ocb83ie8uGTsUc07l7gBsrjVeSCKVsGKhzrlxzLPQA1JD6j3+y,1.34136,2.074816,3.102491,0,2591700,24.449213,Interactive,1,1.75
177000,ai0kEteBVGSO30Ocb83ie8uGTsUc07l7gBsrjVeSCKVsGKhzrlxzLPQA1JD6j3+y,1.345458,1.975942,2.904482,0,2591700,24.449213,Interactive,1,1.75
177300,ai0kEteBVGSO30Ocb83ie8uGTsUc07l7gBsrjVeSCKVsGKhzrlxzLPQA1JD6j3+y,1.258432,11.280219,43.338712,0,2591700,24.449213,Interactive,1,1.75
177600,ai0kEteBVGSO30Ocb83ie8uGTsUc07l7gBsrjVeSCKVsGKhzrlxzLPQA1JD6j3+y,1.455716,2.290808,4.340017,0,2591700,24.449213,Interactive,1,1.75
177900,ai0kEteBVGSO30Ocb83ie8uGTsUc07l7gBsrjVeSCKVsGKhzrlxzLPQA1JD6j3+y,1.458784,2.093631,2.997677,0,2591700,24.449213,Interactive,1,1.75
178200,ai0kEteBVGSO30Ocb83ie8uGTsUc07l7gBsrjVeSCKVsGKhzrlxzLPQA1JD6j3+y,1.369024,2.018726,3.53551,0,2591700,24.449213,Interactive,1,1.75
178500,ai0kEteBVGSO30Ocb83ie8uGTsUc07l7gBsrjVeSCKVsGKhzrlxzLPQA1JD6j3+y,1.335707,2.06541,3.150953,0,2591700,24.449213,Interactive,1,1.75
178800,ai0kEteBVGSO30Ocb83ie8uGTsUc07l7gBsrjVeSCKVsGKhzrlxzLPQA1JD6j3+y,1.374625,1.944586,2.933347,0,2591700,24.449213,Interactive,1,1.75
179100,ai0kEteBVGSO30Ocb83ie8uGTsUc07l7gBsrjVeSCKVsGKhzrlxzLPQA1JD6j3+y,1.352208,4.02176,22.580059,0,2591700,24.449213,Interactive,1,1.75
179400,ai0kEteBVGSO30Ocb83ie8uGTsUc07l7gBsrjVeSCKVsGKhzrlxzLPQA1JD6j3+y,1.356443,2.04503,2.906165,0,2591700,24.449213,Interactive,1,1.75
179700,ai0kEteBVGSO30Ocb83ie8uGTsUc07l7gBsrjVeSCKVsGKhzrlxzLPQA1JD6j3+y,1.435683,1.979819,2.995905,0,2591700,24.449213,Interactive,1,1.75
180000,ai0kEteBVGSO30Ocb83ie8uGTsUc07l7gBsrjVeSCKVsGKhzrlxzLPQA1JD6j3+y,1.33758,1.993261,3.399026,0,2591700,24.449213,Interactive,1,1.75
180300,ai0kEteBVGSO30Ocb83ie8uGTsUc07l7gBsrjVeSCKVsGKhzrlxzLPQA1JD6j3+y,1.38513,2.0865150000000003,3.109782,0,2591700,24.449213,Interactive,1,1.75
180600,ai0kEteBVGSO30Ocb83ie8uGTsUc07l7gBsrjVeSCKVsGKhzrlxzLPQA1JD6j3+y,1.392343,1.943381,2.874985,0,2591700,24.449213,Interactive,1,1.75
180900,ai0kEteBVGSO30Ocb83ie8uGTsUc07l7gBsrjVeSCKVsGKhzrlxzLPQA1JD6j3+y,1.347789,2.03282,3.362914,0,2591700,24.449213,Interactive,1,1.75
181200,ai0kEteBVGSO30Ocb83ie8uGTsUc07l7gBsrjVeSCKVsGKhzrlxzLPQA1JD6j3+y,1.340195,1.981885,3.01228,0,2591700,24.449213,Interactive,1,1.75
181500,ai0kEteBVGSO30Ocb83ie8uGTsUc07l7gBsrjVeSCKVsGKhzrlxzLPQA1JD6j3+y,1.418874,1.958546,2.892161,0,2591700,24.449213,Interactive,1,1.75
181800,ai0kEteBVGSO30Ocb83ie8uGTsUc07l7gBsrjVeSCKVsGKhzrlxzLPQA1JD6j3+y,1.374161,1.965862,3.359721,0,2591700,24.449213,Interactive,1,1.75
182100,ai0kEteBVGSO30Ocb83ie8uGTsUc07l7gBsrjVeSCKVsGKhzrlxzLPQA1JD6j3+y,1.309484,2.006601,2.879629,0,2591700,24.449213,Interactive,1,1.75
182400,ai0kEteBVGSO30Ocb83ie8uGTsUc07l7gBsrjVeSCKVsGKhzrlxzLPQA1JD6j3+y,1.396475,1.963812,2.985521,0,2591700,24.449213,Interactive,1,1.75
182700,ai0kEteBVGSO30Ocb83ie8uGTsUc07l7gBsrjVeSCKVsGKhzrlxzLPQA1JD6j3+y,1.346177,3.854961,15.738796,0,2591700,24.449213,Interactive,1,1.75
183000,ai0kEteBVGSO30Ocb83ie8uGTsUc07l7gBsrjVeSCKVsGKhzrlxzLPQA1JD6j3+y,1.309168,1.989903,2.916989,0,2591700,24.449213,Interactive,1,1.75
183300,ai0kEteBVGSO30Ocb83ie8uGTsUc07l7gBsrjVeSCKVsGKhzrlxzLPQA1JD6j3+y,1.255401,1.939747,3.353828,0,2591700,24.449213,Interactive,1,1.75
183600,ai0kEteBVGSO30Ocb83ie8uGTsUc07l7gBsrjVeSCKVsGKhzrlxzLPQA1JD6j3+y,1.356837,1.983038,3.463602,0,2591700,24.449213,Interactive,1,1.75
183900,ai0kEteBVGSO30Ocb83ie8uGTsUc07l7gBsrjVeSCKVsGKhzrlxzLPQA1JD6j3+y,0.972974,1.931225,2.885859,0,2591700,24.449213,Interactive,1,1.75
184200,ai0kEteBVGSO30Ocb83ie8uGTsUc07l7gBsrjVeSCKVsGKhzrlxzLPQA1JD6j3+y,1.371515,1.9107490000000005,2.801945,0,2591700,24.449213,Interactive,1,1.75
184500,ai0kEteBVGSO30Ocb83ie8uGTsUc07l7gBsrjVeSCKVsGKhzrlxzLPQA1JD6j3+y,1.330727,1.977654,3.372863,0,2591700,24.449213,Interactive,1,1.75
184800,ai0kEteBVGSO30Ocb83ie8uGTsUc07l7gBsrjVeSCKVsGKhzrlxzLPQA1JD6j3+y,0.808962,1.9282740000000005,2.966834,0,2591700,24.449213,Interactive,1,1.75
185100,ai0kEteBVGSO30Ocb83ie8uGTsUc07l7gBsrjVeSCKVsGKhzrlxzLPQA1JD6j3+y,1.39541,1.955756,3.04617,0,2591700,24.449213,Interactive,1,1.75
185400,ai0kEteBVGSO30Ocb83ie8uGTsUc07l7gBsrjVeSCKVsGKhzrlxzLPQA1JD6j3+y,0.8629700000000001,1.978087,3.317253,0,2591700,24.449213,Interactive,1,1.75
185700,ai0kEteBVGSO30Ocb83ie8uGTsUc07l7gBsrjVeSCKVsGKhzrlxzLPQA1JD6j3+y,1.299611,1.985019,2.77631,0,2591700,24.449213,Interactive,1,1.75
186000,ai0kEteBVGSO30Ocb83ie8uGTsUc07l7gBsrjVeSCKVsGKhzrlxzLPQA1JD6j3+y,1.343759,1.857888,2.753985,0,2591700,24.449213,Interactive,1,1.75
186300,ai0kEteBVGSO30Ocb83ie8uGTsUc07l7gBsrjVeSCKVsGKhzrlxzLPQA1JD6j3+y,1.431516,4.124029,22.436513,0,2591700,24.449213,Interactive,1,1.75
186600,ai0kEteBVGSO30Ocb83ie8uGTsUc07l7gBsrjVeSCKVsGKhzrlxzLPQA1JD6j3+y,1.346288,1.963458,2.771129,0,2591700,24.449213,Interactive,1,1.75
186900,ai0kEteBVGSO30Ocb83ie8uGTsUc07l7gBsrjVeSCKVsGKhzrlxzLPQA1JD6j3+y,1.412697,1.929317,2.497286,0,2591700,24.449213,Interactive,1,1.75
187200,ai0kEteBVGSO30Ocb83ie8uGTsUc07l7gBsrjVeSCKVsGKhzrlxzLPQA1JD6j3+y,0.658774,1.6737080000000002,2.649052,0,2591700,24.449213,Interactive,1,1.75
187500,ai0kEteBVGSO30Ocb83ie8uGTsUc07l7gBsrjVeSCKVsGKhzrlxzLPQA1JD6j3+y,0.5686100000000001,1.783306,3.078649,0,2591700,24.449213,Interactive,1,1.75
187800,ai0kEteBVGSO30Ocb83ie8uGTsUc07l7gBsrjVeSCKVsGKhzrlxzLPQA1JD6j3+y,1.376892,1.970429,2.866064,0,2591700,24.449213,Interactive,1,1.75
188100,ai0kEteBVGSO30Ocb83ie8uGTsUc07l7gBsrjVeSCKVsGKhzrlxzLPQA1JD6j3+y,0.972453,1.891869,3.8596,0,2591700,24.449213,Interactive,1,1.75
188400,ai0kEteBVGSO30Ocb83ie8uGTsUc07l7gBsrjVeSCKVsGKhzrlxzLPQA1JD6j3+y,1.374726,2.034637,3.143608,0,2591700,24.449213,Interactive,1,1.75
188700,ai0kEteBVGSO30Ocb83ie8uGTsUc07l7gBsrjVeSCKVsGKhzrlxzLPQA1JD6j3+y,0.934306,1.7829549999999998,2.603243,0,2591700,24.449213,Interactive,1,1.75
189000,ai0kEteBVGSO30Ocb83ie8uGTsUc07l7gBsrjVeSCKVsGKhzrlxzLPQA1JD6j3+y,1.393399,2.023271,4.034485,0,2591700,24.449213,Interactive,1,1.75
189300,ai0kEteBVGSO30Ocb83ie8uGTsUc07l7gBsrjVeSCKVsGKhzrlxzLPQA1JD6j3+y,1.313395,1.842039,2.758144,0,2591700,24.449213,Interactive,1,1.75
189600,ai0kEteBVGSO30Ocb83ie8uGTsUc07l7gBsrjVeSCKVsGKhzrlxzLPQA1JD6j3+y,1.3710870000000002,1.963489,2.926828,0,2591700,24.449213,Interactive,1,1.75
189900,ai0kEteBVGSO30Ocb83ie8uGTsUc07l7gBsrjVeSCKVsGKhzrlxzLPQA1JD6j3+y,1.169225,3.808344,22.162662,0,2591700,24.449213,Interactive,1,1.75
190200,ai0kEteBVGSO30Ocb83ie8uGTsUc07l7gBsrjVeSCKVsGKhzrlxzLPQA1JD6j3+y,1.354751,1.889837,3.072095,0,2591700,24.449213,Interactive,1,1.75
190500,ai0kEteBVGSO30Ocb83ie8uGTsUc07l7gBsrjVeSCKVsGKhzrlxzLPQA1JD6j3+y,1.418828,1.98719,2.853085,0,2591700,24.449213,Interactive,1,1.75
190800,ai0kEteBVGSO30Ocb83ie8uGTsUc07l7gBsrjVeSCKVsGKhzrlxzLPQA1JD6j3+y,0.640121,1.828289,3.96661,0,2591700,24.449213,Interactive,1,1.75
191100,ai0kEteBVGSO30Ocb83ie8uGTsUc07l7gBsrjVeSCKVsGKhzrlxzLPQA1JD6j3+y,1.307023,2.056332,3.177273,0,2591700,24.449213,Interactive,1,1.75
191400,ai0kEteBVGSO30Ocb83ie8uGTsUc07l7gBsrjVeSCKVsGKhzrlxzLPQA1JD6j3+y,1.220476,1.78811,2.617386,0,2591700,24.449213,Interactive,1,1.75
191700,ai0kEteBVGSO30Ocb83ie8uGTsUc07l7gBsrjVeSCKVsGKhzrlxzLPQA1JD6j3+y,1.377842,2.0567290000000003,3.924885,0,2591700,24.449213,Interactive,1,1.75
192000,ai0kEteBVGSO30Ocb83ie8uGTsUc07l7gBsrjVeSCKVsGKhzrlxzLPQA1JD6j3+y,1.323288,1.866253,2.786629,0,2591700,24.449213,Interactive,1,1.75
192300,ai0kEteBVGSO30Ocb83ie8uGTsUc07l7gBsrjVeSCKVsGKhzrlxzLPQA1JD6j3+y,1.412016,1.959769,2.761377,0,2591700,24.449213,Interactive,1,1.75
192600,ai0kEteBVGSO30Ocb83ie8uGTsUc07l7gBsrjVeSCKVsGKhzrlxzLPQA1JD6j3+y,1.363343,1.862448,3.091259,0,2591700,24.449213,Interactive,1,1.75
192900,ai0kEteBVGSO30Ocb83ie8uGTsUc07l7gBsrjVeSCKVsGKhzrlxzLPQA1JD6j3+y,1.459263,2.172365,3.14845,0,2591700,24.449213,Interactive,1,1.75
193200,ai0kEteBVGSO30Ocb83ie8uGTsUc07l7gBsrjVeSCKVsGKhzrlxzLPQA1JD6j3+y,1.392095,2.004377,2.948698,0,2591700,24.449213,Interactive,1,1.75
193500,ai0kEteBVGSO30Ocb83ie8uGTsUc07l7gBsrjVeSCKVsGKhzrlxzLPQA1JD6j3+y,1.212993,3.906687,21.770678,0,2591700,24.449213,Interactive,1,1.75
193800,ai0kEteBVGSO30Ocb83ie8uGTsUc07l7gBsrjVeSCKVsGKhzrlxzLPQA1JD6j3+y,1.360683,2.06411,3.127021,0,2591700,24.449213,Interactive,1,1.75
194100,ai0kEteBVGSO30Ocb83ie8uGTsUc07l7gBsrjVeSCKVsGKhzrlxzLPQA1JD6j3+y,0.584734,1.727581,2.416602,0,2591700,24.449213,Interactive,1,1.75
194400,ai0kEteBVGSO30Ocb83ie8uGTsUc07l7gBsrjVeSCKVsGKhzrlxzLPQA1JD6j3+y,1.467704,2.044591,3.862819,0,2591700,24.449213,Interactive,1,1.75
194700,ai0kEteBVGSO30Ocb83ie8uGTsUc07l7gBsrjVeSCKVsGKhzrlxzLPQA1JD6j3+y,1.356942,1.965225,2.998592,0,2591700,24.449213,Interactive,1,1.75
195000,ai0kEteBVGSO30Ocb83ie8uGTsUc07l7gBsrjVeSCKVsGKhzrlxzLPQA1JD6j3+y,1.520959,2.114415,2.91037,0,2591700,24.449213,Interactive,1,1.75
195300,ai0kEteBVGSO30Ocb83ie8uGTsUc07l7gBsrjVeSCKVsGKhzrlxzLPQA1JD6j3+y,1.527863,1.976479,2.830108,0,2591700,24.449213,Interactive,1,1.75
195600,ai0kEteBVGSO30Ocb83ie8uGTsUc07l7gBsrjVeSCKVsGKhzrlxzLPQA1JD6j3+y,1.475182,2.087784,3.190839,0,2591700,24.449213,Interactive,1,1.75
195900,ai0kEteBVGSO30Ocb83ie8uGTsUc07l7gBsrjVeSCKVsGKhzrlxzLPQA1JD6j3+y,1.637233,2.1542380000000003,3.080066,0,2591700,24.449213,Interactive,1,1.75
196200,ai0kEteBVGSO30Ocb83ie8uGTsUc07l7gBsrjVeSCKVsGKhzrlxzLPQA1JD6j3+y,1.479606,2.041578,3.870448,0,2591700,24.449213,Interactive,1,1.75
196500,ai0kEteBVGSO30Ocb83ie8uGTsUc07l7gBsrjVeSCKVsGKhzrlxzLPQA1JD6j3+y,1.540629,2.175408,3.158453,0,2591700,24.449213,Interactive,1,1.75
196800,ai0kEteBVGSO30Ocb83ie8uGTsUc07l7gBsrjVeSCKVsGKhzrlxzLPQA1JD6j3+y,0.6753819999999999,1.917296,2.67583,0,2591700,24.449213,Interactive,1,1.75
197100,ai0kEteBVGSO30Ocb83ie8uGTsUc07l7gBsrjVeSCKVsGKhzrlxzLPQA1JD6j3+y,1.535523,4.194401,16.213698,0,2591700,24.449213,Interactive,1,1.75
197400,ai0kEteBVGSO30Ocb83ie8uGTsUc07l7gBsrjVeSCKVsGKhzrlxzLPQA1JD6j3+y,0.865073,2.0594240000000004,3.07788,0,2591700,24.449213,Interactive,1,1.75
197700,ai0kEteBVGSO30Ocb83ie8uGTsUc07l7gBsrjVeSCKVsGKhzrlxzLPQA1JD6j3+y,1.587019,2.094081,2.739237,0,2591700,24.449213,Interactive,1,1.75
198000,ai0kEteBVGSO30Ocb83ie8uGTsUc07l7gBsrjVeSCKVsGKhzrlxzLPQA1JD6j3+y,1.52468,2.140634,3.309909,0,2591700,24.449213,Interactive,1,1.75
198300,ai0kEteBVGSO30Ocb83ie8uGTsUc07l7gBsrjVeSCKVsGKhzrlxzLPQA1JD6j3+y,1.665619,2.111875,2.81785,0,2591700,24.449213,Interactive,1,1.75
198600,ai0kEteBVGSO30Ocb83ie8uGTsUc07l7gBsrjVeSCKVsGKhzrlxzLPQA1JD6j3+y,1.535771,2.047545,2.773743,0,2591700,24.449213,Interactive,1,1.75
198900,ai0kEteBVGSO30Ocb83ie8uGTsUc07l7gBsrjVeSCKVsGKhzrlxzLPQA1JD6j3+y,1.219882,2.010926,3.202628,0,2591700,24.449213,Interactive,1,1.75
199200,ai0kEteBVGSO30Ocb83ie8uGTsUc07l7gBsrjVeSCKVsGKhzrlxzLPQA1JD6j3+y,1.594762,2.051912,2.740847,0,2591700,24.449213,Interactive,1,1.75
199500,ai0kEteBVGSO30Ocb83ie8uGTsUc07l7gBsrjVeSCKVsGKhzrlxzLPQA1JD6j3+y,1.60129,2.098011,3.495504,0,2591700,24.449213,Interactive,1,1.75
199800,ai0kEteBVGSO30Ocb83ie8uGTsUc07l7gBsrjVeSCKVsGKhzrlxzLPQA1JD6j3+y,1.539901,2.143062,3.311815,0,2591700,24.449213,Interactive,1,1.75
200100,ai0kEteBVGSO30Ocb83ie8uGTsUc07l7gBsrjVeSCKVsGKhzrlxzLPQA1JD6j3+y,0.968829,1.855144,2.635049,0,2591700,24.449213,Interactive,1,1.75
200400,ai0kEteBVGSO30Ocb83ie8uGTsUc07l7gBsrjVeSCKVsGKhzrlxzLPQA1JD6j3+y,1.4978360000000002,2.217552,3.538485,0,2591700,24.449213,Interactive,1,1.75
200700,ai0kEteBVGSO30Ocb83ie8uGTsUc07l7gBsrjVeSCKVsGKhzrlxzLPQA1JD6j3+y,1.450416,4.003133,22.535735,0,2591700,24.449213,Interactive,1,1.75
201000,ai0kEteBVGSO30Ocb83ie8uGTsUc07l7gBsrjVeSCKVsGKhzrlxzLPQA1JD6j3+y,1.504667,4.334499,22.866792,0,2591700,24.449213,Interactive,1,1.75
201300,ai0kEteBVGSO30Ocb83ie8uGTsUc07l7gBsrjVeSCKVsGKhzrlxzLPQA1JD6j3+y,0.975616,1.923795,2.908891,0,2591700,24.449213,Interactive,1,1.75
201600,ai0kEteBVGSO30Ocb83ie8uGTsUc07l7gBsrjVeSCKVsGKhzrlxzLPQA1JD6j3+y,0.55575,1.891656,3.158763,0,2591700,24.449213,Interactive,1,1.75
201900,ai0kEteBVGSO30Ocb83ie8uGTsUc07l7gBsrjVeSCKVsGKhzrlxzLPQA1JD6j3+y,1.448251,1.98647,2.653713,0,2591700,24.449213,Interactive,1,1.75
202200,ai0kEteBVGSO30Ocb83ie8uGTsUc07l7gBsrjVeSCKVsGKhzrlxzLPQA1JD6j3+y,1.453782,2.071796,3.39402,0,2591700,24.449213,Interactive,1,1.75
202500,ai0kEteBVGSO30Ocb83ie8uGTsUc07l7gBsrjVeSCKVsGKhzrlxzLPQA1JD6j3+y,1.50688,2.068163,3.171275,0,2591700,24.449213,Interactive,1,1.75
202800,ai0kEteBVGSO30Ocb83ie8uGTsUc07l7gBsrjVeSCKVsGKhzrlxzLPQA1JD6j3+y,1.475817,1.833202,2.540629,0,2591700,24.449213,Interactive,1,1.75
203100,ai0kEteBVGSO30Ocb83ie8uGTsUc07l7gBsrjVeSCKVsGKhzrlxzLPQA1JD6j3+y,1.509963,2.1547,3.521438,0,2591700,24.449213,Interactive,1,1.75
203400,ai0kEteBVGSO30Ocb83ie8uGTsUc07l7gBsrjVeSCKVsGKhzrlxzLPQA1JD6j3+y,1.366069,1.91141,2.774662,0,2591700,24.449213,Interactive,1,1.75
203700,ai0kEteBVGSO30Ocb83ie8uGTsUc07l7gBsrjVeSCKVsGKhzrlxzLPQA1JD6j3+y,1.472291,1.992662,2.66775,0,2591700,24.449213,Interactive,1,1.75
204000,ai0kEteBVGSO30Ocb83ie8uGTsUc07l7gBsrjVeSCKVsGKhzrlxzLPQA1JD6j3+y,1.173318,1.90419,2.660045,0,2591700,24.449213,Interactive,1,1.75
204300,ai0kEteBVGSO30Ocb83ie8uGTsUc07l7gBsrjVeSCKVsGKhzrlxzLPQA1JD6j3+y,1.450198,4.085338,22.442872,0,2591700,24.449213,Interactive,1,1.75
204600,ai0kEteBVGSO30Ocb83ie8uGTsUc07l7gBsrjVeSCKVsGKhzrlxzLPQA1JD6j3+y,1.442868,1.984834,2.621677,0,2591700,24.449213,Interactive,1,1.75
204900,ai0kEteBVGSO30Ocb83ie8uGTsUc07l7gBsrjVeSCKVsGKhzrlxzLPQA1JD6j3+y,1.5287540000000002,2.066128,3.452715,0,2591700,24.449213,Interactive,1,1.75
205200,ai0kEteBVGSO30Ocb83ie8uGTsUc07l7gBsrjVeSCKVsGKhzrlxzLPQA1JD6j3+y,1.623487,2.283048,3.285831,0,2591700,24.449213,Interactive,1,1.75
205500,ai0kEteBVGSO30Ocb83ie8uGTsUc07l7gBsrjVeSCKVsGKhzrlxzLPQA1JD6j3+y,1.426718,1.963635,2.678934,0,2591700,24.449213,Interactive,1,1.75
205800,ai0kEteBVGSO30Ocb83ie8uGTsUc07l7gBsrjVeSCKVsGKhzrlxzLPQA1JD6j3+y,1.44268,2.338785,3.912134,0,2591700,24.449213,Interactive,1,1.75
206100,ai0kEteBVGSO30Ocb83ie8uGTsUc07l7gBsrjVeSCKVsGKhzrlxzLPQA1JD6j3+y,1.675918,17.798686,98.073578,0,2591700,24.449213,Interactive,1,1.75
206400,ai0kEteBVGSO30Ocb83ie8uGTsUc07l7gBsrjVeSCKVsGKhzrlxzLPQA1JD6j3+y,1.451454,4.41331,14.769466,0,2591700,24.449213,Interactive,1,1.75
206700,ai0kEteBVGSO30Ocb83ie8uGTsUc07l7gBsrjVeSCKVsGKhzrlxzLPQA1JD6j3+y,1.068812,2.218754,3.939114,0,2591700,24.449213,Interactive,1,1.75
207000,ai0kEteBVGSO30Ocb83ie8uGTsUc07l7gBsrjVeSCKVsGKhzrlxzLPQA1JD6j3+y,0.916687,2.016991,3.287275,0,2591700,24.449213,Interactive,1,1.75
207300,ai0kEteBVGSO30Ocb83ie8uGTsUc07l7gBsrjVeSCKVsGKhzrlxzLPQA1JD6j3+y,1.413656,2.042538,3.219034,0,2591700,24.449213,Interactive,1,1.75
207600,ai0kEteBVGSO30Ocb83ie8uGTsUc07l7gBsrjVeSCKVsGKhzrlxzLPQA1JD6j3+y,1.344077,2.13905,3.244711,0,2591700,24.449213,Interactive,1,1.75
207900,ai0kEteBVGSO30Ocb83ie8uGTsUc07l7gBsrjVeSCKVsGKhzrlxzLPQA1JD6j3+y,1.541085,4.181069,22.332468,0,2591700,24.449213,Interactive,1,1.75
208200,ai0kEteBVGSO30Ocb83ie8uGTsUc07l7gBsrjVeSCKVsGKhzrlxzLPQA1JD6j3+y,0.8603139999999999,1.847702,2.828357,0,2591700,24.449213,Interactive,1,1.75
208500,ai0kEteBVGSO30Ocb83ie8uGTsUc07l7gBsrjVeSCKVsGKhzrlxzLPQA1JD6j3+y,1.469468,2.073666,3.291125,0,2591700,24.449213,Interactive,1,1.75
208800,ai0kEteBVGSO30Ocb83ie8uGTsUc07l7gBsrjVeSCKVsGKhzrlxzLPQA1JD6j3+y,1.157124,1.954905,2.827261,0,2591700,24.449213,Interactive,1,1.75
209100,ai0kEteBVGSO30Ocb83ie8uGTsUc07l7gBsrjVeSCKVsGKhzrlxzLPQA1JD6j3+y,1.372009,1.969288,3.186298,0,2591700,24.449213,Interactive,1,1.75
209400,ai0kEteBVGSO30Ocb83ie8uGTsUc07l7gBsrjVeSCKVsGKhzrlxzLPQA1JD6j3+y,1.406413,1.9531,3.00301,0,2591700,24.449213,Interactive,1,1.75
209700,ai0kEteBVGSO30Ocb83ie8uGTsUc07l7gBsrjVeSCKVsGKhzrlxzLPQA1JD6j3+y,1.561326,3.1743650000000003,12.537485,0,2591700,24.449213,Interactive,1,1.75
210000,ai0kEteBVGSO30Ocb83ie8uGTsUc07l7gBsrjVeSCKVsGKhzrlxzLPQA1JD6j3+y,1.41693,1.950646,3.166414,0,2591700,24.449213,Interactive,1,1.75
210300,ai0kEteBVGSO30Ocb83ie8uGTsUc07l7gBsrjVeSCKVsGKhzrlxzLPQA1JD6j3+y,1.413783,2.097723,3.773551,0,2591700,24.449213,Interactive,1,1.75
210600,ai0kEteBVGSO30Ocb83ie8uGTsUc07l7gBsrjVeSCKVsGKhzrlxzLPQA1JD6j3+y,1.392147,2.151467,3.130802,0,2591700,24.449213,Interactive,1,1.75
210900,ai0kEteBVGSO30Ocb83ie8uGTsUc07l7gBsrjVeSCKVsGKhzrlxzLPQA1JD6j3+y,1.451576,1.998785,2.9839130000000003,0,2591700,24.449213,Interactive,1,1.75
211200,ai0kEteBVGSO30Ocb83ie8uGTsUc07l7gBsrjVeSCKVsGKhzrlxzLPQA1JD6j3+y,1.393364,2.09419,3.858565,0,2591700,24.449213,Interactive,1,1.75
211500,ai0kEteBVGSO30Ocb83ie8uGTsUc07l7gBsrjVeSCKVsGKhzrlxzLPQA1JD6j3+y,1.361588,4.212872,15.493128,0,2591700,24.449213,Interactive,1,1.75
211800,ai0kEteBVGSO30Ocb83ie8uGTsUc07l7gBsrjVeSCKVsGKhzrlxzLPQA1JD6j3+y,1.42994,2.029017,3.2439310000000003,0,2591700,24.449213,Interactive,1,1.75
212100,ai0kEteBVGSO30Ocb83ie8uGTsUc07l7gBsrjVeSCKVsGKhzrlxzLPQA1JD6j3+y,1.150877,2.051874,3.953364,0,2591700,24.449213,Interactive,1,1.75
212400,ai0kEteBVGSO30Ocb83ie8uGTsUc07l7gBsrjVeSCKVsGKhzrlxzLPQA1JD6j3+y,1.184815,2.119991,3.104685,0,2591700,24.449213,Interactive,1,1.75
212700,ai0kEteBVGSO30Ocb83ie8uGTsUc07l7gBsrjVeSCKVsGKhzrlxzLPQA1JD6j3+y,1.404567,1.975555,3.3668940000000003,0,2591700,24.449213,Interactive,1,1.75
213000,ai0kEteBVGSO30Ocb83ie8uGTsUc07l7gBsrjVeSCKVsGKhzrlxzLPQA1JD6j3+y,1.326355,2.190459,4.186129,0,2591700,24.449213,Interactive,1,1.75
213300,ai0kEteBVGSO30Ocb83ie8uGTsUc07l7gBsrjVeSCKVsGKhzrlxzLPQA1JD6j3+y,1.450959,2.106783,3.087243,0,2591700,24.449213,Interactive,1,1.75
213600,ai0kEteBVGSO30Ocb83ie8uGTsUc07l7gBsrjVeSCKVsGKhzrlxzLPQA1JD6j3+y,1.392637,1.968375,3.045915,0,2591700,24.449213,Interactive,1,1.75
213900,ai0kEteBVGSO30Ocb83ie8uGTsUc07l7gBsrjVeSCKVsGKhzrlxzLPQA1JD6j3+y,1.42581,2.100772,3.808321,0,2591700,24.449213,Interactive,1,1.75
214200,ai0kEteBVGSO30Ocb83ie8uGTsUc07l7gBsrjVeSCKVsGKhzrlxzLPQA1JD6j3+y,1.162434,2.034472,3.274039,0,2591700,24.449213,Interactive,1,1.75
214500,ai0kEteBVGSO30Ocb83ie8uGTsUc07l7gBsrjVeSCKVsGKhzrlxzLPQA1JD6j3+y,1.443319,2.038129,2.932081,0,2591700,24.449213,Interactive,1,1.75
214800,ai0kEteBVGSO30Ocb83ie8uGTsUc07l7gBsrjVeSCKVsGKhzrlxzLPQA1JD6j3+y,1.218191,2.10129,4.353699,0,2591700,24.449213,Interactive,1,1.75
215100,ai0kEteBVGSO30Ocb83ie8uGTsUc07l7gBsrjVeSCKVsGKhzrlxzLPQA1JD6j3+y,1.034663,4.085148,22.245889,0,2591700,24.449213,Interactive,1,1.75
215400,ai0kEteBVGSO30Ocb83ie8uGTsUc07l7gBsrjVeSCKVsGKhzrlxzLPQA1JD6j3+y,1.375531,1.953665,3.029213,0,2591700,24.449213,Interactive,1,1.75
215700,ai0kEteBVGSO30Ocb83ie8uGTsUc07l7gBsrjVeSCKVsGKhzrlxzLPQA1JD6j3+y,1.4686860000000002,2.215182,3.575742,0,2591700,24.449213,Interactive,1,1.75
216000,ai0kEteBVGSO30Ocb83ie8uGTsUc07l7gBsrjVeSCKVsGKhzrlxzLPQA1JD6j3+y,1.489738,2.07923,3.126629,0,2591700,24.449213,Interactive,1,1.75
216300,ai0kEteBVGSO30Ocb83ie8uGTsUc07l7gBsrjVeSCKVsGKhzrlxzLPQA1JD6j3+y,1.42278,2.030885,3.254479,0,2591700,24.449213,Interactive,1,1.75
216600,ai0kEteBVGSO30Ocb83ie8uGTsUc07l7gBsrjVeSCKVsGKhzrlxzLPQA1JD6j3+y,1.3925809999999998,2.109501,3.843276,0,2591700,24.449213,Interactive,1,1.75
216900,ai0kEteBVGSO30Ocb83ie8uGTsUc07l7gBsrjVeSCKVsGKhzrlxzLPQA1JD6j3+y,1.386849,2.100527,3.2288810000000003,0,2591700,24.449213,Interactive,1,1.75
217200,ai0kEteBVGSO30Ocb83ie8uGTsUc07l7gBsrjVeSCKVsGKhzrlxzLPQA1JD6j3+y,1.385035,1.948979,2.7865830000000003,0,2591700,24.449213,Interactive,1,1.75
217500,ai0kEteBVGSO30Ocb83ie8uGTsUc07l7gBsrjVeSCKVsGKhzrlxzLPQA1JD6j3+y,1.432627,2.108216,4.115627,0,2591700,24.449213,Interactive,1,1.75
217800,ai0kEteBVGSO30Ocb83ie8uGTsUc07l7gBsrjVeSCKVsGKhzrlxzLPQA1JD6j3+y,1.37955,2.101051,3.0445990000000003,0,2591700,24.449213,Interactive,1,1.75
218100,ai0kEteBVGSO30Ocb83ie8uGTsUc07l7gBsrjVeSCKVsGKhzrlxzLPQA1JD6j3+y,1.474647,2.097869,3.345288,0,2591700,24.449213,Interactive,1,1.75
218400,ai0kEteBVGSO30Ocb83ie8uGTsUc07l7gBsrjVeSCKVsGKhzrlxzLPQA1JD6j3+y,1.388069,1.950683,3.620248,0,2591700,24.449213,Interactive,1,1.75
218700,ai0kEteBVGSO30Ocb83ie8uGTsUc07l7gBsrjVeSCKVsGKhzrlxzLPQA1JD6j3+y,1.451841,4.159123999999999,22.274673,0,2591700,24.449213,Interactive,1,1.75
219000,ai0kEteBVGSO30Ocb83ie8uGTsUc07l7gBsrjVeSCKVsGKhzrlxzLPQA1JD6j3+y,0.969556,1.857031,2.771467,0,2591700,24.449213,Interactive,1,1.75
219300,ai0kEteBVGSO30Ocb83ie8uGTsUc07l7gBsrjVeSCKVsGKhzrlxzLPQA1JD6j3+y,1.371753,2.067504,3.478333,0,2591700,24.449213,Interactive,1,1.75
219600,ai0kEteBVGSO30Ocb83ie8uGTsUc07l7gBsrjVeSCKVsGKhzrlxzLPQA1JD6j3+y,1.512175,1.940243,2.772612,0,2591700,24.449213,Interactive,1,1.75
219900,ai0kEteBVGSO30Ocb83ie8uGTsUc07l7gBsrjVeSCKVsGKhzrlxzLPQA1JD6j3+y,1.410961,2.043985,3.3438440000000003,0,2591700,24.449213,Interactive,1,1.75
220200,ai0kEteBVGSO30Ocb83ie8uGTsUc07l7gBsrjVeSCKVsGKhzrlxzLPQA1JD6j3+y,1.476498,1.986471,2.502241,0,2591700,24.449213,Interactive,1,1.75
220500,ai0kEteBVGSO30Ocb83ie8uGTsUc07l7gBsrjVeSCKVsGKhzrlxzLPQA1JD6j3+y,1.560149,3.861415,19.398167,0,2591700,24.449213,Interactive,1,1.75
220800,ai0kEteBVGSO30Ocb83ie8uGTsUc07l7gBsrjVeSCKVsGKhzrlxzLPQA1JD6j3+y,1.382614,2.036698,2.889068,0,2591700,24.449213,Interactive,1,1.75
221100,ai0kEteBVGSO30Ocb83ie8uGTsUc07l7gBsrjVeSCKVsGKhzrlxzLPQA1JD6j3+y,1.514642,2.194083,3.205499,0,2591700,24.449213,Interactive,1,1.75
221400,ai0kEteBVGSO30Ocb83ie8uGTsUc07l7gBsrjVeSCKVsGKhzrlxzLPQA1JD6j3+y,1.475542,1.999948,2.754025,0,2591700,24.449213,Interactive,1,1.75
221700,ai0kEteBVGSO30Ocb83ie8uGTsUc07l7gBsrjVeSCKVsGKhzrlxzLPQA1JD6j3+y,1.362012,2.104196,3.51645,0,2591700,24.449213,Interactive,1,1.75
222000,ai0kEteBVGSO30Ocb83ie8uGTsUc07l7gBsrjVeSCKVsGKhzrlxzLPQA1JD6j3+y,1.40019,2.053462,3.148749,0,2591700,24.449213,Interactive,1,1.75
222300,ai0kEteBVGSO30Ocb83ie8uGTsUc07l7gBsrjVeSCKVsGKhzrlxzLPQA1JD6j3+y,0.883194,3.947004,22.562785,0,2591700,24.449213,Interactive,1,1.75
222600,ai0kEteBVGSO30Ocb83ie8uGTsUc07l7gBsrjVeSCKVsGKhzrlxzLPQA1JD6j3+y,1.450811,2.073137,3.5683050000000005,0,2591700,24.449213,Interactive,1,1.75
222900,ai0kEteBVGSO30Ocb83ie8uGTsUc07l7gBsrjVeSCKVsGKhzrlxzLPQA1JD6j3+y,1.26705,2.149178,3.2334970000000003,0,2591700,24.449213,Interactive,1,1.75
223200,ai0kEteBVGSO30Ocb83ie8uGTsUc07l7gBsrjVeSCKVsGKhzrlxzLPQA1JD6j3+y,1.443478,2.06154,2.932497,0,2591700,24.449213,Interactive,1,1.75
223500,ai0kEteBVGSO30Ocb83ie8uGTsUc07l7gBsrjVeSCKVsGKhzrlxzLPQA1JD6j3+y,1.489255,2.218719,3.647333,0,2591700,24.449213,Interactive,1,1.75
223800,ai0kEteBVGSO30Ocb83ie8uGTsUc07l7gBsrjVeSCKVsGKhzrlxzLPQA1JD6j3+y,1.415235,2.15598,3.391254,0,2591700,24.449213,Interactive,1,1.75
224100,ai0kEteBVGSO30Ocb83ie8uGTsUc07l7gBsrjVeSCKVsGKhzrlxzLPQA1JD6j3+y,1.422083,1.938117,2.852247,0,2591700,24.449213,Interactive,1,1.75
224400,ai0kEteBVGSO30Ocb83ie8uGTsUc07l7gBsrjVeSCKVsGKhzrlxzLPQA1JD6j3+y,0.600258,1.884722,3.373821,0,2591700,24.449213,Interactive,1,1.75
224700,ai0kEteBVGSO30Ocb83ie8uGTsUc07l7gBsrjVeSCKVsGKhzrlxzLPQA1JD6j3+y,1.45343,2.118532,3.0792490000000003,0,2591700,24.449213,Interactive,1,1.75
225000,ai0kEteBVGSO30Ocb83ie8uGTsUc07l7gBsrjVeSCKVsGKhzrlxzLPQA1JD6j3+y,1.503629,1.986345,2.8405150000000003,0,2591700,24.449213,Interactive,1,1.75
225300,ai0kEteBVGSO30Ocb83ie8uGTsUc07l7gBsrjVeSCKVsGKhzrlxzLPQA1JD6j3+y,1.470395,2.091525,3.485549,0,2591700,24.449213,Interactive,1,1.75
225600,ai0kEteBVGSO30Ocb83ie8uGTsUc07l7gBsrjVeSCKVsGKhzrlxzLPQA1JD6j3+y,1.4790709999999998,2.089674,3.184129,0,2591700,24.449213,Interactive,1,1.75
225900,ai0kEteBVGSO30Ocb83ie8uGTsUc07l7gBsrjVeSCKVsGKhzrlxzLPQA1JD6j3+y,1.446181,4.066853,21.321522,0,2591700,24.449213,Interactive,1,1.75
226200,ai0kEteBVGSO30Ocb83ie8uGTsUc07l7gBsrjVeSCKVsGKhzrlxzLPQA1JD6j3+y,1.45926,2.142346,3.666296,0,2591700,24.449213,Interactive,1,1.75
226500,ai0kEteBVGSO30Ocb83ie8uGTsUc07l7gBsrjVeSCKVsGKhzrlxzLPQA1JD6j3+y,1.468153,2.122698,3.132189,0,2591700,24.449213,Interactive,1,1.75
226800,ai0kEteBVGSO30Ocb83ie8uGTsUc07l7gBsrjVeSCKVsGKhzrlxzLPQA1JD6j3+y,1.493244,1.959395,2.676494,0,2591700,24.449213,Interactive,1,1.75
227100,ai0kEteBVGSO30Ocb83ie8uGTsUc07l7gBsrjVeSCKVsGKhzrlxzLPQA1JD6j3+y,1.421407,2.100351,3.329683,0,2591700,24.449213,Interactive,1,1.75
227400,ai0kEteBVGSO30Ocb83ie8uGTsUc07l7gBsrjVeSCKVsGKhzrlxzLPQA1JD6j3+y,1.513176,2.159525,3.363767,0,2591700,24.449213,Interactive,1,1.75
227700,ai0kEteBVGSO30Ocb83ie8uGTsUc07l7gBsrjVeSCKVsGKhzrlxzLPQA1JD6j3+y,1.439418,1.965432,3.184456,0,2591700,24.449213,Interactive,1,1.75
228000,ai0kEteBVGSO30Ocb83ie8uGTsUc07l7gBsrjVeSCKVsGKhzrlxzLPQA1JD6j3+y,1.404439,2.085735,3.409863,0,2591700,24.449213,Interactive,1,1.75
228300,ai0kEteBVGSO30Ocb83ie8uGTsUc07l7gBsrjVeSCKVsGKhzrlxzLPQA1JD6j3+y,1.229208,2.206721,4.136464,0,2591700,24.449213,Interactive,1,1.75
228600,ai0kEteBVGSO30Ocb83ie8uGTsUc07l7gBsrjVeSCKVsGKhzrlxzLPQA1JD6j3+y,0.847096,1.885859,2.99947,0,2591700,24.449213,Interactive,1,1.75
228900,ai0kEteBVGSO30Ocb83ie8uGTsUc07l7gBsrjVeSCKVsGKhzrlxzLPQA1JD6j3+y,1.349208,2.1386540000000003,3.578792,0,2591700,24.449213,Interactive,1,1.75
229200,ai0kEteBVGSO30Ocb83ie8uGTsUc07l7gBsrjVeSCKVsGKhzrlxzLPQA1JD6j3+y,0.789493,1.992175,2.899754,0,2591700,24.449213,Interactive,1,1.75
229500,ai0kEteBVGSO30Ocb83ie8uGTsUc07l7gBsrjVeSCKVsGKhzrlxzLPQA1JD6j3+y,1.51145,4.069947,22.295968,0,2591700,24.449213,Interactive,1,1.75
229800,ai0kEteBVGSO30Ocb83ie8uGTsUc07l7gBsrjVeSCKVsGKhzrlxzLPQA1JD6j3+y,1.352427,2.062415,3.284454,0,2591700,24.449213,Interactive,1,1.75
230100,ai0kEteBVGSO30Ocb83ie8uGTsUc07l7gBsrjVeSCKVsGKhzrlxzLPQA1JD6j3+y,1.44196,2.112991,2.924819,0,2591700,24.449213,Interactive,1,1.75
230400,ai0kEteBVGSO30Ocb83ie8uGTsUc07l7gBsrjVeSCKVsGKhzrlxzLPQA1JD6j3+y,0.783894,1.8356,2.805528,0,2591700,24.449213,Interactive,1,1.75
230700,ai0kEteBVGSO30Ocb83ie8uGTsUc07l7gBsrjVeSCKVsGKhzrlxzLPQA1JD6j3+y,1.349083,2.106001,3.240279,0,2591700,24.449213,Interactive,1,1.75
231000,ai0kEteBVGSO30Ocb83ie8uGTsUc07l7gBsrjVeSCKVsGKhzrlxzLPQA1JD6j3+y,1.412855,2.006721,3.189705,0,2591700,24.449213,Interactive,1,1.75
231300,ai0kEteBVGSO30Ocb83ie8uGTsUc07l7gBsrjVeSCKVsGKhzrlxzLPQA1JD6j3+y,1.217912,1.908263,2.674379,0,2591700,24.449213,Interactive,1,1.75
231600,ai0kEteBVGSO30Ocb83ie8uGTsUc07l7gBsrjVeSCKVsGKhzrlxzLPQA1JD6j3+y,1.386898,2.2538150000000003,3.913628,0,2591700,24.449213,Interactive,1,1.75
231900,ai0kEteBVGSO30Ocb83ie8uGTsUc07l7gBsrjVeSCKVsGKhzrlxzLPQA1JD6j3+y,1.245511,2.053861,3.599155,0,2591700,24.449213,Interactive,1,1.75
232200,ai0kEteBVGSO30Ocb83ie8uGTsUc07l7gBsrjVeSCKVsGKhzrlxzLPQA1JD6j3+y,1.365358,1.987934,3.028745,0,2591700,24.449213,Interactive,1,1.75
232500,ai0kEteBVGSO30Ocb83ie8uGTsUc07l7gBsrjVeSCKVsGKhzrlxzLPQA1JD6j3+y,1.3265870000000002,2.264163,4.137954,0,2591700,24.449213,Interactive,1,1.75
232800,ai0kEteBVGSO30Ocb83ie8uGTsUc07l7gBsrjVeSCKVsGKhzrlxzLPQA1JD6j3+y,1.339305,2.146799,3.607578,0,2591700,24.449213,Interactive,1,1.75
233100,ai0kEteBVGSO30Ocb83ie8uGTsUc07l7gBsrjVeSCKVsGKhzrlxzLPQA1JD6j3+y,0.988872,3.982218,22.432609,0,2591700,24.449213,Interactive,1,1.75
233400,ai0kEteBVGSO30Ocb83ie8uGTsUc07l7gBsrjVeSCKVsGKhzrlxzLPQA1JD6j3+y,1.452919,2.132102,4.119738,0,2591700,24.449213,Interactive,1,1.75
233700,ai0kEteBVGSO30Ocb83ie8uGTsUc07l7gBsrjVeSCKVsGKhzrlxzLPQA1JD6j3+y,1.320992,1.950442,3.497837,0,2591700,24.449213,Interactive,1,1.75
234000,ai0kEteBVGSO30Ocb83ie8uGTsUc07l7gBsrjVeSCKVsGKhzrlxzLPQA1JD6j3+y,0.954591,1.892951,3.049758,0,2591700,24.449213,Interactive,1,1.75
234300,ai0kEteBVGSO30Ocb83ie8uGTsUc07l7gBsrjVeSCKVsGKhzrlxzLPQA1JD6j3+y,1.431033,2.164901,3.868996,0,2591700,24.449213,Interactive,1,1.75
234600,ai0kEteBVGSO30Ocb83ie8uGTsUc07l7gBsrjVeSCKVsGKhzrlxzLPQA1JD6j3+y,1.005167,2.14977,3.312386,0,2591700,24.449213,Interactive,1,1.75
234900,ai0kEteBVGSO30Ocb83ie8uGTsUc07l7gBsrjVeSCKVsGKhzrlxzLPQA1JD6j3+y,1.524018,11.256892,41.742799,0,2591700,24.449213,Interactive,1,1.75
235200,ai0kEteBVGSO30Ocb83ie8uGTsUc07l7gBsrjVeSCKVsGKhzrlxzLPQA1JD6j3+y,1.299287,2.4477830000000003,4.588044,0,2591700,24.449213,Interactive,1,1.75
235500,ai0kEteBVGSO30Ocb83ie8uGTsUc07l7gBsrjVeSCKVsGKhzrlxzLPQA1JD6j3+y,1.45306,2.2107080000000003,3.768139,0,2591700,24.449213,Interactive,1,1.75
235800,ai0kEteBVGSO30Ocb83ie8uGTsUc07l7gBsrjVeSCKVsGKhzrlxzLPQA1JD6j3+y,1.275162,1.935823,3.210892,0,2591700,24.449213,Interactive,1,1.75
236100,ai0kEteBVGSO30Ocb83ie8uGTsUc07l7gBsrjVeSCKVsGKhzrlxzLPQA1JD6j3+y,1.380109,2.156201,4.052054,0,2591700,24.449213,Interactive,1,1.75
236400,ai0kEteBVGSO30Ocb83ie8uGTsUc07l7gBsrjVeSCKVsGKhzrlxzLPQA1JD6j3+y,1.372422,2.058526,3.711714,0,2591700,24.449213,Interactive,1,1.75
236700,ai0kEteBVGSO30Ocb83ie8uGTsUc07l7gBsrjVeSCKVsGKhzrlxzLPQA1JD6j3+y,1.4102370000000002,3.763259,18.482893,0,2591700,24.449213,Interactive,1,1.75
237000,ai0kEteBVGSO30Ocb83ie8uGTsUc07l7gBsrjVeSCKVsGKhzrlxzLPQA1JD6j3+y,1.492028,2.166496,4.061238,0,2591700,24.449213,Interactive,1,1.75
237300,ai0kEteBVGSO30Ocb83ie8uGTsUc07l7gBsrjVeSCKVsGKhzrlxzLPQA1JD6j3+y,1.221967,2.086312,3.5815410000000005,0,2591700,24.449213,Interactive,1,1.75
237600,ai0kEteBVGSO30Ocb83ie8uGTsUc07l7gBsrjVeSCKVsGKhzrlxzLPQA1JD6j3+y,1.419586,5.36903,21.04693,0,2591700,24.449213,Interactive,1,1.75
237900,ai0kEteBVGSO30Ocb83ie8uGTsUc07l7gBsrjVeSCKVsGKhzrlxzLPQA1JD6j3+y,1.469984,2.133004,4.042885,0,2591700,24.449213,Interactive,1,1.75
238200,ai0kEteBVGSO30Ocb83ie8uGTsUc07l7gBsrjVeSCKVsGKhzrlxzLPQA1JD6j3+y,1.388859,2.167139,3.4002510000000004,0,2591700,24.449213,Interactive,1,1.75
238500,ai0kEteBVGSO30Ocb83ie8uGTsUc07l7gBsrjVeSCKVsGKhzrlxzLPQA1JD6j3+y,0.946089,2.061714,2.966476,0,2591700,24.449213,Interactive,1,1.75
238800,ai0kEteBVGSO30Ocb83ie8uGTsUc07l7gBsrjVeSCKVsGKhzrlxzLPQA1JD6j3+y,1.469103,2.146665,4.126432,0,2591700,24.449213,Interactive,1,1.75
239100,ai0kEteBVGSO30Ocb83ie8uGTsUc07l7gBsrjVeSCKVsGKhzrlxzLPQA1JD6j3+y,1.1277629999999998,2.10805,3.658654,0,2591700,24.449213,Interactive,1,1.75
239400,ai0kEteBVGSO30Ocb83ie8uGTsUc07l7gBsrjVeSCKVsGKhzrlxzLPQA1JD6j3+y,1.44355,1.990733,2.724202,0,2591700,24.449213,Interactive,1,1.75
239700,ai0kEteBVGSO30Ocb83ie8uGTsUc07l7gBsrjVeSCKVsGKhzrlxzLPQA1JD6j3+y,0.940399,2.00793,3.948561,0,2591700,24.449213,Interactive,1,1.75
240000,ai0kEteBVGSO30Ocb83ie8uGTsUc07l7gBsrjVeSCKVsGKhzrlxzLPQA1JD6j3+y,1.528323,2.189509,3.4667449999999995,0,2591700,24.449213,Interactive,1,1.75
240300,ai0kEteBVGSO30Ocb83ie8uGTsUc07l7gBsrjVeSCKVsGKhzrlxzLPQA1JD6j3+y,1.32108,4.06841,23.025787,0,2591700,24.449213,Interactive,1,1.75
240600,ai0kEteBVGSO30Ocb83ie8uGTsUc07l7gBsrjVeSCKVsGKhzrlxzLPQA1JD6j3+y,1.4469379999999998,2.134493,3.70298,0,2591700,24.449213,Interactive,1,1.75
240900,ai0kEteBVGSO30Ocb83ie8uGTsUc07l7gBsrjVeSCKVsGKhzrlxzLPQA1JD6j3+y,1.477302,2.179415,3.455242,0,2591700,24.449213,Interactive,1,1.75
241200,ai0kEteBVGSO30Ocb83ie8uGTsUc07l7gBsrjVeSCKVsGKhzrlxzLPQA1JD6j3+y,1.561772,2.059544,2.868584,0,2591700,24.449213,Interactive,1,1.75
241500,ai0kEteBVGSO30Ocb83ie8uGTsUc07l7gBsrjVeSCKVsGKhzrlxzLPQA1JD6j3+y,1.442352,2.209501,4.303855,0,2591700,24.449213,Interactive,1,1.75
241800,ai0kEteBVGSO30Ocb83ie8uGTsUc07l7gBsrjVeSCKVsGKhzrlxzLPQA1JD6j3+y,0.858949,2.030297,3.29751,0,2591700,24.449213,Interactive,1,1.75
242100,ai0kEteBVGSO30Ocb83ie8uGTsUc07l7gBsrjVeSCKVsGKhzrlxzLPQA1JD6j3+y,1.402494,2.0327610000000003,2.806941,0,2591700,24.449213,Interactive,1,1.75
242400,ai0kEteBVGSO30Ocb83ie8uGTsUc07l7gBsrjVeSCKVsGKhzrlxzLPQA1JD6j3+y,0.687244,1.940894,2.958552,0,2591700,24.449213,Interactive,1,1.75
242700,ai0kEteBVGSO30Ocb83ie8uGTsUc07l7gBsrjVeSCKVsGKhzrlxzLPQA1JD6j3+y,1.471294,2.136498,2.839602,0,2591700,24.449213,Interactive,1,1.75
243000,ai0kEteBVGSO30Ocb83ie8uGTsUc07l7gBsrjVeSCKVsGKhzrlxzLPQA1JD6j3+y,1.335064,2.0334830000000004,3.4138589999999995,0,2591700,24.449213,Interactive,1,1.75
243300,ai0kEteBVGSO30Ocb83ie8uGTsUc07l7gBsrjVeSCKVsGKhzrlxzLPQA1JD6j3+y,1.1770040000000002,2.019283,2.930221,0,2591700,24.449213,Interactive,1,1.75
243600,ai0kEteBVGSO30Ocb83ie8uGTsUc07l7gBsrjVeSCKVsGKhzrlxzLPQA1JD6j3+y,1.472005,2.011496,2.685839,0,2591700,24.449213,Interactive,1,1.75
243900,ai0kEteBVGSO30Ocb83ie8uGTsUc07l7gBsrjVeSCKVsGKhzrlxzLPQA1JD6j3+y,0.959868,4.059063,22.443428,0,2591700,24.449213,Interactive,1,1.75
244200,ai0kEteBVGSO30Ocb83ie8uGTsUc07l7gBsrjVeSCKVsGKhzrlxzLPQA1JD6j3+y,1.553214,4.4391110000000005,24.018715,0,2591700,24.449213,Interactive,1,1.75
244500,ai0kEteBVGSO30Ocb83ie8uGTsUc07l7gBsrjVeSCKVsGKhzrlxzLPQA1JD6j3+y,1.009386,1.949909,3.231274,0,2591700,24.449213,Interactive,1,1.75
244800,ai0kEteBVGSO30Ocb83ie8uGTsUc07l7gBsrjVeSCKVsGKhzrlxzLPQA1JD6j3+y,1.3867969999999998,1.982295,3.391168,0,2591700,24.449213,Interactive,1,1.75
245100,ai0kEteBVGSO30Ocb83ie8uGTsUc07l7gBsrjVeSCKVsGKhzrlxzLPQA1JD6j3+y,0.764375,1.917595,2.988634,0,2591700,24.449213,Interactive,1,1.75
245400,ai0kEteBVGSO30Ocb83ie8uGTsUc07l7gBsrjVeSCKVsGKhzrlxzLPQA1JD6j3+y,1.233838,1.942148,2.636373,0,2591700,24.449213,Interactive,1,1.75
245700,ai0kEteBVGSO30Ocb83ie8uGTsUc07l7gBsrjVeSCKVsGKhzrlxzLPQA1JD6j3+y,1.365571,1.997528,3.3134339999999995,0,2591700,24.449213,Interactive,1,1.75
246000,ai0kEteBVGSO30Ocb83ie8uGTsUc07l7gBsrjVeSCKVsGKhzrlxzLPQA1JD6j3+y,1.399874,2.074599,2.918024,0,2591700,24.449213,Interactive,1,1.75
246300,ai0kEteBVGSO30Ocb83ie8uGTsUc07l7gBsrjVeSCKVsGKhzrlxzLPQA1JD6j3+y,1.347896,1.932882,2.673931,0,2591700,24.449213,Interactive,1,1.75
246600,ai0kEteBVGSO30Ocb83ie8uGTsUc07l7gBsrjVeSCKVsGKhzrlxzLPQA1JD6j3+y,1.353356,2.055493,3.296517,0,2591700,24.449213,Interactive,1,1.75
246900,ai0kEteBVGSO30Ocb83ie8uGTsUc07l7gBsrjVeSCKVsGKhzrlxzLPQA1JD6j3+y,1.362092,1.992144,2.934166,0,2591700,24.449213,Interactive,1,1.75
247200,ai0kEteBVGSO30Ocb83ie8uGTsUc07l7gBsrjVeSCKVsGKhzrlxzLPQA1JD6j3+y,0.544091,1.815847,2.619296,0,2591700,24.449213,Interactive,1,1.75
247500,ai0kEteBVGSO30Ocb83ie8uGTsUc07l7gBsrjVeSCKVsGKhzrlxzLPQA1JD6j3+y,1.30649,4.170248,22.792820000000003,0,2591700,24.449213,Interactive,1,1.75
247800,ai0kEteBVGSO30Ocb83ie8uGTsUc07l7gBsrjVeSCKVsGKhzrlxzLPQA1JD6j3+y,1.302971,1.969187,3.204801,0,2591700,24.449213,Interactive,1,1.75
248100,ai0kEteBVGSO30Ocb83ie8uGTsUc07l7gBsrjVeSCKVsGKhzrlxzLPQA1JD6j3+y,1.5179129999999998,1.969145,2.548353,0,2591700,24.449213,Interactive,1,1.75
248400,ai0kEteBVGSO30Ocb83ie8uGTsUc07l7gBsrjVeSCKVsGKhzrlxzLPQA1JD6j3+y,1.355464,2.035192,3.315532,0,2591700,24.449213,Interactive,1,1.75
248700,ai0kEteBVGSO30Ocb83ie8uGTsUc07l7gBsrjVeSCKVsGKhzrlxzLPQA1JD6j3+y,1.312989,2.015507,3.029959,0,2591700,24.449213,Interactive,1,1.75
249000,ai0kEteBVGSO30Ocb83ie8uGTsUc07l7gBsrjVeSCKVsGKhzrlxzLPQA1JD6j3+y,1.409633,1.993693,2.613017,0,2591700,24.449213,Interactive,1,1.75
249300,ai0kEteBVGSO30Ocb83ie8uGTsUc07l7gBsrjVeSCKVsGKhzrlxzLPQA1JD6j3+y,0.808946,2.013061,3.3341230000000004,0,2591700,24.449213,Interactive,1,1.75
249600,ai0kEteBVGSO30Ocb83ie8uGTsUc07l7gBsrjVeSCKVsGKhzrlxzLPQA1JD6j3+y,1.376205,1.977856,3.05496,0,2591700,24.449213,Interactive,1,1.75
249900,ai0kEteBVGSO30Ocb83ie8uGTsUc07l7gBsrjVeSCKVsGKhzrlxzLPQA1JD6j3+y,0.755035,1.919577,2.998447,0,2591700,24.449213,Interactive,1,1.75
250200,ai0kEteBVGSO30Ocb83ie8uGTsUc07l7gBsrjVeSCKVsGKhzrlxzLPQA1JD6j3+y,1.391581,2.038116,3.3862650000000003,0,2591700,24.449213,Interactive,1,1.75
250500,ai0kEteBVGSO30Ocb83ie8uGTsUc07l7gBsrjVeSCKVsGKhzrlxzLPQA1JD6j3+y,1.390649,1.942218,3.02737,0,2591700,24.449213,Interactive,1,1.75
250800,ai0kEteBVGSO30Ocb83ie8uGTsUc07l7gBsrjVeSCKVsGKhzrlxzLPQA1JD6j3+y,0.6574939999999999,1.836739,2.647312,0,2591700,24.449213,Interactive,1,1.75
251100,ai0kEteBVGSO30Ocb83ie8uGTsUc07l7gBsrjVeSCKVsGKhzrlxzLPQA1JD6j3+y,1.368806,2.814234,9.532665,0,2591700,24.449213,Interactive,1,1.75
251400,ai0kEteBVGSO30Ocb83ie8uGTsUc07l7gBsrjVeSCKVsGKhzrlxzLPQA1JD6j3+y,0.6860470000000001,3.334535,15.484003,0,2591700,24.449213,Interactive,1,1.75
251700,ai0kEteBVGSO30Ocb83ie8uGTsUc07l7gBsrjVeSCKVsGKhzrlxzLPQA1JD6j3+y,1.398485,1.968497,2.655218,0,2591700,24.449213,Interactive,1,1.75
252000,ai0kEteBVGSO30Ocb83ie8uGTsUc07l7gBsrjVeSCKVsGKhzrlxzLPQA1JD6j3+y,1.397285,2.121421,3.355586,0,2591700,24.449213,Interactive,1,1.75
252300,ai0kEteBVGSO30Ocb83ie8uGTsUc07l7gBsrjVeSCKVsGKhzrlxzLPQA1JD6j3+y,1.409951,2.100461,2.865846,0,2591700,24.449213,Interactive,1,1.75
252600,ai0kEteBVGSO30Ocb83ie8uGTsUc07l7gBsrjVeSCKVsGKhzrlxzLPQA1JD6j3+y,1.335621,1.919456,2.858704,0,2591700,24.449213,Interactive,1,1.75
252900,ai0kEteBVGSO30Ocb83ie8uGTsUc07l7gBsrjVeSCKVsGKhzrlxzLPQA1JD6j3+y,1.403637,2.082303,3.423133,0,2591700,24.449213,Interactive,1,1.75
253200,ai0kEteBVGSO30Ocb83ie8uGTsUc07l7gBsrjVeSCKVsGKhzrlxzLPQA1JD6j3+y,0.916625,1.922351,2.758509,0,2591700,24.449213,Interactive,1,1.75
253500,ai0kEteBVGSO30Ocb83ie8uGTsUc07l7gBsrjVeSCKVsGKhzrlxzLPQA1JD6j3+y,1.422655,1.986897,2.813073,0,2591700,24.449213,Interactive,1,1.75
253800,ai0kEteBVGSO30Ocb83ie8uGTsUc07l7gBsrjVeSCKVsGKhzrlxzLPQA1JD6j3+y,1.364309,2.049857,3.739059,0,2591700,24.449213,Interactive,1,1.75
254100,ai0kEteBVGSO30Ocb83ie8uGTsUc07l7gBsrjVeSCKVsGKhzrlxzLPQA1JD6j3+y,1.385249,2.082229,3.002936,0,2591700,24.449213,Interactive,1,1.75
254400,ai0kEteBVGSO30Ocb83ie8uGTsUc07l7gBsrjVeSCKVsGKhzrlxzLPQA1JD6j3+y,1.366526,1.966525,2.829785,0,2591700,24.449213,Interactive,1,1.75
254700,ai0kEteBVGSO30Ocb83ie8uGTsUc07l7gBsrjVeSCKVsGKhzrlxzLPQA1JD6j3+y,1.2929389999999998,2.006606,3.763666,0,2591700,24.449213,Interactive,1,1.75
255000,ai0kEteBVGSO30Ocb83ie8uGTsUc07l7gBsrjVeSCKVsGKhzrlxzLPQA1JD6j3+y,1.368116,4.10777,23.353467,0,2591700,24.449213,Interactive,1,1.75
255300,ai0kEteBVGSO30Ocb83ie8uGTsUc07l7gBsrjVeSCKVsGKhzrlxzLPQA1JD6j3+y,1.050107,1.842738,2.721414,0,2591700,24.449213,Interactive,1,1.75
255600,ai0kEteBVGSO30Ocb83ie8uGTsUc07l7gBsrjVeSCKVsGKhzrlxzLPQA1JD6j3+y,1.365532,2.11793,4.3811860000000005,0,2591700,24.449213,Interactive,1,1.75
255900,ai0kEteBVGSO30Ocb83ie8uGTsUc07l7gBsrjVeSCKVsGKhzrlxzLPQA1JD6j3+y,0.715785,1.984707,3.3559400000000004,0,2591700,24.449213,Interactive,1,1.75
256200,ai0kEteBVGSO30Ocb83ie8uGTsUc07l7gBsrjVeSCKVsGKhzrlxzLPQA1JD6j3+y,1.363987,2.005367,2.788175,0,2591700,24.449213,Interactive,1,1.75
256500,ai0kEteBVGSO30Ocb83ie8uGTsUc07l7gBsrjVeSCKVsGKhzrlxzLPQA1JD6j3+y,1.390663,2.025719,3.866233,0,2591700,24.449213,Interactive,1,1.75
256800,ai0kEteBVGSO30Ocb83ie8uGTsUc07l7gBsrjVeSCKVsGKhzrlxzLPQA1JD6j3+y,0.770987,1.943629,2.996293,0,2591700,24.449213,Interactive,1,1.75
257100,ai0kEteBVGSO30Ocb83ie8uGTsUc07l7gBsrjVeSCKVsGKhzrlxzLPQA1JD6j3+y,1.379874,2.028966,3.224735,0,2591700,24.449213,Interactive,1,1.75
257400,ai0kEteBVGSO30Ocb83ie8uGTsUc07l7gBsrjVeSCKVsGKhzrlxzLPQA1JD6j3+y,1.424582,2.108351,3.836803,0,2591700,24.449213,Interactive,1,1.75
257700,ai0kEteBVGSO30Ocb83ie8uGTsUc07l7gBsrjVeSCKVsGKhzrlxzLPQA1JD6j3+y,1.410979,2.060142,3.06284,0,2591700,24.449213,Interactive,1,1.75
258000,ai0kEteBVGSO30Ocb83ie8uGTsUc07l7gBsrjVeSCKVsGKhzrlxzLPQA1JD6j3+y,1.408569,1.938323,2.823492,0,2591700,24.449213,Interactive,1,1.75
258300,ai0kEteBVGSO30Ocb83ie8uGTsUc07l7gBsrjVeSCKVsGKhzrlxzLPQA1JD6j3+y,1.409391,2.112243,3.751435,0,2591700,24.449213,Interactive,1,1.75
258600,ai0kEteBVGSO30Ocb83ie8uGTsUc07l7gBsrjVeSCKVsGKhzrlxzLPQA1JD6j3+y,1.347564,1.931829,3.033105,0,2591700,24.449213,Interactive,1,1.75
258900,ai0kEteBVGSO30Ocb83ie8uGTsUc07l7gBsrjVeSCKVsGKhzrlxzLPQA1JD6j3+y,0.806566,1.897308,2.9262330000000003,0,2591700,24.449213,Interactive,1,1.75
259200,ai0kEteBVGSO30Ocb83ie8uGTsUc07l7gBsrjVeSCKVsGKhzrlxzLPQA1JD6j3+y,1.380764,2.072915,3.841326,0,2591700,24.449213,Interactive,1,1.75
259500,ai0kEteBVGSO30Ocb83ie8uGTsUc07l7gBsrjVeSCKVsGKhzrlxzLPQA1JD6j3+y,1.385143,2.032455,2.945237,0,2591700,24.449213,Interactive,1,1.75
259800,ai0kEteBVGSO30Ocb83ie8uGTsUc07l7gBsrjVeSCKVsGKhzrlxzLPQA1JD6j3+y,1.386022,1.978475,2.881668,0,2591700,24.449213,Interactive,1,1.75
260100,ai0kEteBVGSO30Ocb83ie8uGTsUc07l7gBsrjVeSCKVsGKhzrlxzLPQA1JD6j3+y,1.087403,2.0061400000000003,3.910895,0,2591700,24.449213,Interactive,1,1.75
260400,ai0kEteBVGSO30Ocb83ie8uGTsUc07l7gBsrjVeSCKVsGKhzrlxzLPQA1JD6j3+y,1.32982,2.0223720000000003,3.1039950000000003,0,2591700,24.449213,Interactive,1,1.75
260700,ai0kEteBVGSO30Ocb83ie8uGTsUc07l7gBsrjVeSCKVsGKhzrlxzLPQA1JD6j3+y,1.39114,1.878039,2.849103,0,2591700,24.449213,Interactive,1,1.75
261000,ai0kEteBVGSO30Ocb83ie8uGTsUc07l7gBsrjVeSCKVsGKhzrlxzLPQA1JD6j3+y,1.406929,2.019632,3.961677,0,2591700,24.449213,Interactive,1,1.75
261300,ai0kEteBVGSO30Ocb83ie8uGTsUc07l7gBsrjVeSCKVsGKhzrlxzLPQA1JD6j3+y,1.362114,2.587907,7.788252000000001,0,2591700,24.449213,Interactive,1,1.75
261600,ai0kEteBVGSO30Ocb83ie8uGTsUc07l7gBsrjVeSCKVsGKhzrlxzLPQA1JD6j3+y,1.019303,1.881376,2.765643,0,2591700,24.449213,Interactive,1,1.75
261900,ai0kEteBVGSO30Ocb83ie8uGTsUc07l7gBsrjVeSCKVsGKhzrlxzLPQA1JD6j3+y,1.400257,2.060238,3.899781,0,2591700,24.449213,Interactive,1,1.75
262200,ai0kEteBVGSO30Ocb83ie8uGTsUc07l7gBsrjVeSCKVsGKhzrlxzLPQA1JD6j3+y,1.3069879999999998,4.18072,23.495316,0,2591700,24.449213,Interactive,1,1.75
262500,ai0kEteBVGSO30Ocb83ie8uGTsUc07l7gBsrjVeSCKVsGKhzrlxzLPQA1JD6j3+y,1.383581,1.973559,2.765204,0,2591700,24.449213,Interactive,1,1.75
262800,ai0kEteBVGSO30Ocb83ie8uGTsUc07l7gBsrjVeSCKVsGKhzrlxzLPQA1JD6j3+y,1.38696,2.259253,4.2171330000000005,0,2591700,24.449213,Interactive,1,1.75
263100,ai0kEteBVGSO30Ocb83ie8uGTsUc07l7gBsrjVeSCKVsGKhzrlxzLPQA1JD6j3+y,1.425623,2.077165,3.133888,0,2591700,24.449213,Interactive,1,1.75
263400,ai0kEteBVGSO30Ocb83ie8uGTsUc07l7gBsrjVeSCKVsGKhzrlxzLPQA1JD6j3+y,1.383868,1.925836,2.9508650000000003,0,2591700,24.449213,Interactive,1,1.75
263700,ai0kEteBVGSO30Ocb83ie8uGTsUc07l7gBsrjVeSCKVsGKhzrlxzLPQA1JD6j3+y,1.571572,10.118902,46.252144,0,2591700,24.449213,Interactive,1,1.75
264000,ai0kEteBVGSO30Ocb83ie8uGTsUc07l7gBsrjVeSCKVsGKhzrlxzLPQA1JD6j3+y,1.426626,2.852004,10.119524,0,2591700,24.449213,Interactive,1,1.75
264300,ai0kEteBVGSO30Ocb83ie8uGTsUc07l7gBsrjVeSCKVsGKhzrlxzLPQA1JD6j3+y,1.499892,2.160566,2.731424,0,2591700,24.449213,Interactive,1,1.75
264600,ai0kEteBVGSO30Ocb83ie8uGTsUc07l7gBsrjVeSCKVsGKhzrlxzLPQA1JD6j3+y,1.376429,2.056252,2.953792,0,2591700,24.449213,Interactive,1,1.75
264900,ai0kEteBVGSO30Ocb83ie8uGTsUc07l7gBsrjVeSCKVsGKhzrlxzLPQA1JD6j3+y,1.326659,2.072918,3.226839,0,2591700,24.449213,Interactive,1,1.75
265200,ai0kEteBVGSO30Ocb83ie8uGTsUc07l7gBsrjVeSCKVsGKhzrlxzLPQA1JD6j3+y,1.36804,2.023867,3.355824,0,2591700,24.449213,Interactive,1,1.75
265500,ai0kEteBVGSO30Ocb83ie8uGTsUc07l7gBsrjVeSCKVsGKhzrlxzLPQA1JD6j3+y,1.388023,2.268844,4.276545,0,2591700,24.449213,Interactive,1,1.75
265800,ai0kEteBVGSO30Ocb83ie8uGTsUc07l7gBsrjVeSCKVsGKhzrlxzLPQA1JD6j3+y,1.394606,4.141389,21.032757,0,2591700,24.449213,Interactive,1,1.75
266100,ai0kEteBVGSO30Ocb83ie8uGTsUc07l7gBsrjVeSCKVsGKhzrlxzLPQA1JD6j3+y,1.394359,2.036976,3.3017480000000003,0,2591700,24.449213,Interactive,1,1.75
266400,ai0kEteBVGSO30Ocb83ie8uGTsUc07l7gBsrjVeSCKVsGKhzrlxzLPQA1JD6j3+y,1.394278,2.063262,3.092629,0,2591700,24.449213,Interactive,1,1.75
266700,ai0kEteBVGSO30Ocb83ie8uGTsUc07l7gBsrjVeSCKVsGKhzrlxzLPQA1JD6j3+y,1.3899629999999998,2.440515,7.728658999999999,0,2591700,24.449213,Interactive,1,1.75
267000,ai0kEteBVGSO30Ocb83ie8uGTsUc07l7gBsrjVeSCKVsGKhzrlxzLPQA1JD6j3+y,1.411518,2.089643,3.448257,0,2591700,24.449213,Interactive,1,1.75
267300,ai0kEteBVGSO30Ocb83ie8uGTsUc07l7gBsrjVeSCKVsGKhzrlxzLPQA1JD6j3+y,1.406044,2.033323,3.030061,0,2591700,24.449213,Interactive,1,1.75
267600,ai0kEteBVGSO30Ocb83ie8uGTsUc07l7gBsrjVeSCKVsGKhzrlxzLPQA1JD6j3+y,1.41569,1.925126,2.685942,0,2591700,24.449213,Interactive,1,1.75
267900,ai0kEteBVGSO30Ocb83ie8uGTsUc07l7gBsrjVeSCKVsGKhzrlxzLPQA1JD6j3+y,1.401482,2.052568,3.4143449999999995,0,2591700,24.449213,Interactive,1,1.75
268200,ai0kEteBVGSO30Ocb83ie8uGTsUc07l7gBsrjVeSCKVsGKhzrlxzLPQA1JD6j3+y,1.451462,2.304779,3.544981,0,2591700,24.449213,Interactive,1,1.75
268500,ai0kEteBVGSO30Ocb83ie8uGTsUc07l7gBsrjVeSCKVsGKhzrlxzLPQA1JD6j3+y,1.423291,1.918896,2.790872,0,2591700,24.449213,Interactive,1,1.75
268800,ai0kEteBVGSO30Ocb83ie8uGTsUc07l7gBsrjVeSCKVsGKhzrlxzLPQA1JD6j3+y,1.417036,1.966011,3.3667480000000003,0,2591700,24.449213,Interactive,1,1.75
269100,ai0kEteBVGSO30Ocb83ie8uGTsUc07l7gBsrjVeSCKVsGKhzrlxzLPQA1JD6j3+y,1.3984,2.021687,3.073326,0,2591700,24.449213,Interactive,1,1.75
269400,ai0kEteBVGSO30Ocb83ie8uGTsUc07l7gBsrjVeSCKVsGKhzrlxzLPQA1JD6j3+y,1.390727,2.29946,6.738362,0,2591700,24.449213,Interactive,1,1.75
269700,ai0kEteBVGSO30Ocb83ie8uGTsUc07l7gBsrjVeSCKVsGKhzrlxzLPQA1JD6j3+y,1.123398,2.0091490000000003,3.4448760000000003,0,2591700,24.449213,Interactive,1,1.75
270000,ai0kEteBVGSO30Ocb83ie8uGTsUc07l7gBsrjVeSCKVsGKhzrlxzLPQA1JD6j3+y,1.427719,1.995458,3.124126,0,2591700,24.449213,Interactive,1,1.75
270300,ai0kEteBVGSO30Ocb83ie8uGTsUc07l7gBsrjVeSCKVsGKhzrlxzLPQA1JD6j3+y,1.45512,1.92366,2.5251810000000003,0,2591700,24.449213,Interactive,1,1.75
270600,ai0kEteBVGSO30Ocb83ie8uGTsUc07l7gBsrjVeSCKVsGKhzrlxzLPQA1JD6j3+y,1.399407,2.048264,3.313896,0,2591700,24.449213,Interactive,1,1.75
270900,ai0kEteBVGSO30Ocb83ie8uGTsUc07l7gBsrjVeSCKVsGKhzrlxzLPQA1JD6j3+y,1.382243,2.181607,3.637382,0,2591700,24.449213,Interactive,1,1.75
271200,ai0kEteBVGSO30Ocb83ie8uGTsUc07l7gBsrjVeSCKVsGKhzrlxzLPQA1JD6j3+y,1.375996,1.902626,2.54244,0,2591700,24.449213,Interactive,1,1.75
271500,ai0kEteBVGSO30Ocb83ie8uGTsUc07l7gBsrjVeSCKVsGKhzrlxzLPQA1JD6j3+y,1.197871,1.917321,3.351632,0,2591700,24.449213,Interactive,1,1.75
271800,ai0kEteBVGSO30Ocb83ie8uGTsUc07l7gBsrjVeSCKVsGKhzrlxzLPQA1JD6j3+y,1.425423,2.02011,3.195816,0,2591700,24.449213,Interactive,1,1.75
272100,ai0kEteBVGSO30Ocb83ie8uGTsUc07l7gBsrjVeSCKVsGKhzrlxzLPQA1JD6j3+y,1.3805379999999998,2.1511560000000003,5.433681,0,2591700,24.449213,Interactive,1,1.75
272400,ai0kEteBVGSO30Ocb83ie8uGTsUc07l7gBsrjVeSCKVsGKhzrlxzLPQA1JD6j3+y,0.85026,1.96343,3.402571,0,2591700,24.449213,Interactive,1,1.75
272700,ai0kEteBVGSO30Ocb83ie8uGTsUc07l7gBsrjVeSCKVsGKhzrlxzLPQA1JD6j3+y,1.373211,2.0163740000000003,3.0790990000000003,0,2591700,24.449213,Interactive,1,1.75
273000,ai0kEteBVGSO30Ocb83ie8uGTsUc07l7gBsrjVeSCKVsGKhzrlxzLPQA1JD6j3+y,1.390072,4.026133,23.805454,0,2591700,24.449213,Interactive,1,1.75
273300,ai0kEteBVGSO30Ocb83ie8uGTsUc07l7gBsrjVeSCKVsGKhzrlxzLPQA1JD6j3+y,1.42786,2.037118,3.206567,0,2591700,24.449213,Interactive,1,1.75
273600,ai0kEteBVGSO30Ocb83ie8uGTsUc07l7gBsrjVeSCKVsGKhzrlxzLPQA1JD6j3+y,1.426942,2.163634,2.903055,0,2591700,24.449213,Interactive,1,1.75
273900,ai0kEteBVGSO30Ocb83ie8uGTsUc07l7gBsrjVeSCKVsGKhzrlxzLPQA1JD6j3+y,1.368559,1.926843,2.542289,0,2591700,24.449213,Interactive,1,1.75
274200,ai0kEteBVGSO30Ocb83ie8uGTsUc07l7gBsrjVeSCKVsGKhzrlxzLPQA1JD6j3+y,1.294335,1.99994,3.177829,0,2591700,24.449213,Interactive,1,1.75
274500,ai0kEteBVGSO30Ocb83ie8uGTsUc07l7gBsrjVeSCKVsGKhzrlxzLPQA1JD6j3+y,1.436784,2.008301,2.822418,0,2591700,24.449213,Interactive,1,1.75
274800,ai0kEteBVGSO30Ocb83ie8uGTsUc07l7gBsrjVeSCKVsGKhzrlxzLPQA1JD6j3+y,0.528737,1.640989,2.3362700000000003,0,2591700,24.449213,Interactive,1,1.75
275100,ai0kEteBVGSO30Ocb83ie8uGTsUc07l7gBsrjVeSCKVsGKhzrlxzLPQA1JD6j3+y,0.73811,2.031271,3.637121,0,2591700,24.449213,Interactive,1,1.75
275400,ai0kEteBVGSO30Ocb83ie8uGTsUc07l7gBsrjVeSCKVsGKhzrlxzLPQA1JD6j3+y,1.41664,1.967963,2.772954,0,2591700,24.449213,Interactive,1,1.75
275700,ai0kEteBVGSO30Ocb83ie8uGTsUc07l7gBsrjVeSCKVsGKhzrlxzLPQA1JD6j3+y,0.8395520000000001,1.821062,2.710729,0,2591700,24.449213,Interactive,1,1.75
276000,ai0kEteBVGSO30Ocb83ie8uGTsUc07l7gBsrjVeSCKVsGKhzrlxzLPQA1JD6j3+y,1.383877,2.031229,3.614661,0,2591700,24.449213,Interactive,1,1.75
276300,ai0kEteBVGSO30Ocb83ie8uGTsUc07l7gBsrjVeSCKVsGKhzrlxzLPQA1JD6j3+y,1.394769,2.153095,3.244055,0,2591700,24.449213,Interactive,1,1.75
276600,ai0kEteBVGSO30Ocb83ie8uGTsUc07l7gBsrjVeSCKVsGKhzrlxzLPQA1JD6j3+y,1.365246,4.002108,21.28284,0,2591700,24.449213,Interactive,1,1.75
276900,ai0kEteBVGSO30Ocb83ie8uGTsUc07l7gBsrjVeSCKVsGKhzrlxzLPQA1JD6j3+y,1.038234,1.891086,3.768079,0,2591700,24.449213,Interactive,1,1.75
277200,ai0kEteBVGSO30Ocb83ie8uGTsUc07l7gBsrjVeSCKVsGKhzrlxzLPQA1JD6j3+y,1.34717,1.984978,3.117466,0,2591700,24.449213,Interactive,1,1.75
277500,ai0kEteBVGSO30Ocb83ie8uGTsUc07l7gBsrjVeSCKVsGKhzrlxzLPQA1JD6j3+y,0.8886129999999999,1.7286009999999998,3.069393,0,2591700,24.449213,Interactive,1,1.75
277800,ai0kEteBVGSO30Ocb83ie8uGTsUc07l7gBsrjVeSCKVsGKhzrlxzLPQA1JD6j3+y,1.386811,2.097681,3.788615,0,2591700,24.449213,Interactive,1,1.75
278100,ai0kEteBVGSO30Ocb83ie8uGTsUc07l7gBsrjVeSCKVsGKhzrlxzLPQA1JD6j3+y,1.422564,1.989731,3.065262,0,2591700,24.449213,Interactive,1,1.75
278400,ai0kEteBVGSO30Ocb83ie8uGTsUc07l7gBsrjVeSCKVsGKhzrlxzLPQA1JD6j3+y,1.42192,1.987525,3.3012940000000004,0,2591700,24.449213,Interactive,1,1.75
278700,ai0kEteBVGSO30Ocb83ie8uGTsUc07l7gBsrjVeSCKVsGKhzrlxzLPQA1JD6j3+y,1.402893,2.137434,3.65485,0,2591700,24.449213,Interactive,1,1.75
279000,ai0kEteBVGSO30Ocb83ie8uGTsUc07l7gBsrjVeSCKVsGKhzrlxzLPQA1JD6j3+y,1.377255,2.071266,3.161519,0,2591700,24.449213,Interactive,1,1.75
279300,ai0kEteBVGSO30Ocb83ie8uGTsUc07l7gBsrjVeSCKVsGKhzrlxzLPQA1JD6j3+y,1.372892,1.893401,2.81185,0,2591700,24.449213,Interactive,1,1.75
279600,ai0kEteBVGSO30Ocb83ie8uGTsUc07l7gBsrjVeSCKVsGKhzrlxzLPQA1JD6j3+y,0.8412120000000001,1.91725,3.658746,0,2591700,24.449213,Interactive,1,1.75
279900,ai0kEteBVGSO30Ocb83ie8uGTsUc07l7gBsrjVeSCKVsGKhzrlxzLPQA1JD6j3+y,1.351615,2.078519,3.150478,0,2591700,24.449213,Interactive,1,1.75
280200,ai0kEteBVGSO30Ocb83ie8uGTsUc07l7gBsrjVeSCKVsGKhzrlxzLPQA1JD6j3+y,1.393923,13.357435999999998,98.391778,0,2591700,24.449213,Interactive,1,1.75
280500,ai0kEteBVGSO30Ocb83ie8uGTsUc07l7gBsrjVeSCKVsGKhzrlxzLPQA1JD6j3+y,0.935744,2.051293,3.78777,0,2591700,24.449213,Interactive,1,1.75
280800,ai0kEteBVGSO30Ocb83ie8uGTsUc07l7gBsrjVeSCKVsGKhzrlxzLPQA1JD6j3+y,1.381502,2.01406,3.027991,0,2591700,24.449213,Interactive,1,1.75
281100,ai0kEteBVGSO30Ocb83ie8uGTsUc07l7gBsrjVeSCKVsGKhzrlxzLPQA1JD6j3+y,1.249833,1.926118,3.196791,0,2591700,24.449213,Interactive,1,1.75
281400,ai0kEteBVGSO30Ocb83ie8uGTsUc07l7gBsrjVeSCKVsGKhzrlxzLPQA1JD6j3+y,1.417886,2.047987,3.732614,0,2591700,24.449213,Interactive,1,1.75
281700,ai0kEteBVGSO30Ocb83ie8uGTsUc07l7gBsrjVeSCKVsGKhzrlxzLPQA1JD6j3+y,1.411889,2.093198,2.970966,0,2591700,24.449213,Interactive,1,1.75
282000,ai0kEteBVGSO30Ocb83ie8uGTsUc07l7gBsrjVeSCKVsGKhzrlxzLPQA1JD6j3+y,1.400365,1.903943,2.857771,0,2591700,24.449213,Interactive,1,1.75
282300,ai0kEteBVGSO30Ocb83ie8uGTsUc07l7gBsrjVeSCKVsGKhzrlxzLPQA1JD6j3+y,1.394729,2.006239,3.653653,0,2591700,24.449213,Interactive,1,1.75
282600,ai0kEteBVGSO30Ocb83ie8uGTsUc07l7gBsrjVeSCKVsGKhzrlxzLPQA1JD6j3+y,1.404814,2.023596,2.9211400000000003,0,2591700,24.449213,Interactive,1,1.75
282900,ai0kEteBVGSO30Ocb83ie8uGTsUc07l7gBsrjVeSCKVsGKhzrlxzLPQA1JD6j3+y,0.92916,1.74232,2.699464,0,2591700,24.449213,Interactive,1,1.75
283200,ai0kEteBVGSO30Ocb83ie8uGTsUc07l7gBsrjVeSCKVsGKhzrlxzLPQA1JD6j3+y,1.3965530000000002,2.049264,3.866744,0,2591700,24.449213,Interactive,1,1.75
283500,ai0kEteBVGSO30Ocb83ie8uGTsUc07l7gBsrjVeSCKVsGKhzrlxzLPQA1JD6j3+y,1.359238,1.995099,3.027659,0,2591700,24.449213,Interactive,1,1.75
283800,ai0kEteBVGSO30Ocb83ie8uGTsUc07l7gBsrjVeSCKVsGKhzrlxzLPQA1JD6j3+y,0.8706379999999999,3.951055,23.143049,0,2591700,24.449213,Interactive,1,1.75
284100,ai0kEteBVGSO30Ocb83ie8uGTsUc07l7gBsrjVeSCKVsGKhzrlxzLPQA1JD6j3+y,1.405892,2.081346,3.664313,0,2591700,24.449213,Interactive,1,1.75
284400,ai0kEteBVGSO30Ocb83ie8uGTsUc07l7gBsrjVeSCKVsGKhzrlxzLPQA1JD6j3+y,1.427223,2.042503,2.968607,0,2591700,24.449213,Interactive,1,1.75
284700,ai0kEteBVGSO30Ocb83ie8uGTsUc07l7gBsrjVeSCKVsGKhzrlxzLPQA1JD6j3+y,1.446269,1.955422,2.97499,0,2591700,24.449213,Interactive,1,1.75
285000,ai0kEteBVGSO30Ocb83ie8uGTsUc07l7gBsrjVeSCKVsGKhzrlxzLPQA1JD6j3+y,1.066382,2.016966,3.771512,0,2591700,24.449213,Interactive,1,1.75
285300,ai0kEteBVGSO30Ocb83ie8uGTsUc07l7gBsrjVeSCKVsGKhzrlxzLPQA1JD6j3+y,1.461064,2.0779,2.897532,0,2591700,24.449213,Interactive,1,1.75
285600,ai0kEteBVGSO30Ocb83ie8uGTsUc07l7gBsrjVeSCKVsGKhzrlxzLPQA1JD6j3+y,1.421303,1.977367,3.005282,0,2591700,24.449213,Interactive,1,1.75
285900,ai0kEteBVGSO30Ocb83ie8uGTsUc07l7gBsrjVeSCKVsGKhzrlxzLPQA1JD6j3+y,1.568015,2.236636,4.0853,0,2591700,24.449213,Interactive,1,1.75
286200,ai0kEteBVGSO30Ocb83ie8uGTsUc07l7gBsrjVeSCKVsGKhzrlxzLPQA1JD6j3+y,0.983256,1.922847,2.90468,0,2591700,24.449213,Interactive,1,1.75
286500,ai0kEteBVGSO30Ocb83ie8uGTsUc07l7gBsrjVeSCKVsGKhzrlxzLPQA1JD6j3+y,0.7161029999999999,2.167481,2.786314,0,2591700,24.449213,Interactive,1,1.75
286800,ai0kEteBVGSO30Ocb83ie8uGTsUc07l7gBsrjVeSCKVsGKhzrlxzLPQA1JD6j3+y,1.551465,3.509117,7.670478999999999,0,2591700,24.449213,Interactive,1,1.75
287100,ai0kEteBVGSO30Ocb83ie8uGTsUc07l7gBsrjVeSCKVsGKhzrlxzLPQA1JD6j3+y,1.60079,2.170465,3.078248,0,2591700,24.449213,Interactive,1,1.75
287400,ai0kEteBVGSO30Ocb83ie8uGTsUc07l7gBsrjVeSCKVsGKhzrlxzLPQA1JD6j3+y,1.669601,7.1371910000000005,23.245313,0,2591700,24.449213,Interactive,1,1.75
287700,ai0kEteBVGSO30Ocb83ie8uGTsUc07l7gBsrjVeSCKVsGKhzrlxzLPQA1JD6j3+y,1.50771,2.251319,3.320339,0,2591700,24.449213,Interactive,1,1.75
288000,ai0kEteBVGSO30Ocb83ie8uGTsUc07l7gBsrjVeSCKVsGKhzrlxzLPQA1JD6j3+y,1.553516,2.308142,3.242947,0,2591700,24.449213,Interactive,1,1.75
288300,ai0kEteBVGSO30Ocb83ie8uGTsUc07l7gBsrjVeSCKVsGKhzrlxzLPQA1JD6j3+y,1.502665,2.230299,3.789717,0,2591700,24.449213,Interactive,1,1.75
288600,ai0kEteBVGSO30Ocb83ie8uGTsUc07l7gBsrjVeSCKVsGKhzrlxzLPQA1JD6j3+y,1.6969490000000005,2.298717,3.705049,0,2591700,24.449213,Interactive,1,1.75
288900,ai0kEteBVGSO30Ocb83ie8uGTsUc07l7gBsrjVeSCKVsGKhzrlxzLPQA1JD6j3+y,1.542347,2.155835,3.259553,0,2591700,24.449213,Interactive,1,1.75
289200,ai0kEteBVGSO30Ocb83ie8uGTsUc07l7gBsrjVeSCKVsGKhzrlxzLPQA1JD6j3+y,1.566915,2.314526,3.597281,0,2591700,24.449213,Interactive,1,1.75
289500,ai0kEteBVGSO30Ocb83ie8uGTsUc07l7gBsrjVeSCKVsGKhzrlxzLPQA1JD6j3+y,1.556789,2.252336,3.3315050000000004,0,2591700,24.449213,Interactive,1,1.75
289800,ai0kEteBVGSO30Ocb83ie8uGTsUc07l7gBsrjVeSCKVsGKhzrlxzLPQA1JD6j3+y,1.656745,2.213306,2.906396,0,2591700,24.449213,Interactive,1,1.75
290100,ai0kEteBVGSO30Ocb83ie8uGTsUc07l7gBsrjVeSCKVsGKhzrlxzLPQA1JD6j3+y,1.585844,2.2595080000000003,3.740901,0,2591700,24.449213,Interactive,1,1.75
290400,ai0kEteBVGSO30Ocb83ie8uGTsUc07l7gBsrjVeSCKVsGKhzrlxzLPQA1JD6j3+y,1.208146,2.269511,3.265175,0,2591700,24.449213,Interactive,1,1.75
290700,ai0kEteBVGSO30Ocb83ie8uGTsUc07l7gBsrjVeSCKVsGKhzrlxzLPQA1JD6j3+y,1.5199280000000002,2.127542,2.764539,0,2591700,24.449213,Interactive,1,1.75
291000,ai0kEteBVGSO30Ocb83ie8uGTsUc07l7gBsrjVeSCKVsGKhzrlxzLPQA1JD6j3+y,1.537268,9.839553,76.709452,0,2591700,24.449213,Interactive,1,1.75
291300,ai0kEteBVGSO30Ocb83ie8uGTsUc07l7gBsrjVeSCKVsGKhzrlxzLPQA1JD6j3+y,1.579719,2.259498,3.365126,0,2591700,24.449213,Interactive,1,1.75
291600,ai0kEteBVGSO30Ocb83ie8uGTsUc07l7gBsrjVeSCKVsGKhzrlxzLPQA1JD6j3+y,1.350185,2.02063,3.456518,0,2591700,24.449213,Interactive,1,1.75
291900,ai0kEteBVGSO30Ocb83ie8uGTsUc07l7gBsrjVeSCKVsGKhzrlxzLPQA1JD6j3+y,1.56551,2.386586,3.816356,0,2591700,24.449213,Interactive,1,1.75
292200,ai0kEteBVGSO30Ocb83ie8uGTsUc07l7gBsrjVeSCKVsGKhzrlxzLPQA1JD6j3+y,1.6086129999999998,2.446946,4.23243,0,2591700,24.449213,Interactive,1,1.75
292500,ai0kEteBVGSO30Ocb83ie8uGTsUc07l7gBsrjVeSCKVsGKhzrlxzLPQA1JD6j3+y,1.576008,12.318704,44.540057,0,2591700,24.449213,Interactive,1,1.75
292800,ai0kEteBVGSO30Ocb83ie8uGTsUc07l7gBsrjVeSCKVsGKhzrlxzLPQA1JD6j3+y,1.504605,4.70275,15.10803,0,2591700,24.449213,Interactive,1,1.75
293100,ai0kEteBVGSO30Ocb83ie8uGTsUc07l7gBsrjVeSCKVsGKhzrlxzLPQA1JD6j3+y,0.8418389999999999,2.324879,3.839838,0,2591700,24.449213,Interactive,1,1.75
293400,ai0kEteBVGSO30Ocb83ie8uGTsUc07l7gBsrjVeSCKVsGKhzrlxzLPQA1JD6j3+y,1.656207,2.248208,3.058917,0,2591700,24.449213,Interactive,1,1.75
293700,ai0kEteBVGSO30Ocb83ie8uGTsUc07l7gBsrjVeSCKVsGKhzrlxzLPQA1JD6j3+y,1.578749,2.312586,4.420607,0,2591700,24.449213,Interactive,1,1.75
294000,ai0kEteBVGSO30Ocb83ie8uGTsUc07l7gBsrjVeSCKVsGKhzrlxzLPQA1JD6j3+y,1.538383,2.269056,3.143234,0,2591700,24.449213,Interactive,1,1.75
294300,ai0kEteBVGSO30Ocb83ie8uGTsUc07l7gBsrjVeSCKVsGKhzrlxzLPQA1JD6j3+y,1.159983,1.943815,3.007416,0,2591700,24.449213,Interactive,1,1.75
294600,ai0kEteBVGSO30Ocb83ie8uGTsUc07l7gBsrjVeSCKVsGKhzrlxzLPQA1JD6j3+y,0.608626,4.297951,24.049063,0,2591700,24.449213,Interactive,1,1.75
294900,ai0kEteBVGSO30Ocb83ie8uGTsUc07l7gBsrjVeSCKVsGKhzrlxzLPQA1JD6j3+y,1.558227,2.185184,2.866797,0,2591700,24.449213,Interactive,1,1.75
295200,ai0kEteBVGSO30Ocb83ie8uGTsUc07l7gBsrjVeSCKVsGKhzrlxzLPQA1JD6j3+y,1.542104,2.106368,3.443534,0,2591700,24.449213,Interactive,1,1.75
295500,ai0kEteBVGSO30Ocb83ie8uGTsUc07l7gBsrjVeSCKVsGKhzrlxzLPQA1JD6j3+y,1.644686,2.268147,3.50696,0,2591700,24.449213,Interactive,1,1.75
295800,ai0kEteBVGSO30Ocb83ie8uGTsUc07l7gBsrjVeSCKVsGKhzrlxzLPQA1JD6j3+y,1.138056,2.271342,3.357185,0,2591700,24.449213,Interactive,1,1.75
296100,ai0kEteBVGSO30Ocb83ie8uGTsUc07l7gBsrjVeSCKVsGKhzrlxzLPQA1JD6j3+y,1.6999529999999998,2.279156,3.400637,0,2591700,24.449213,Interactive,1,1.75
296400,ai0kEteBVGSO30Ocb83ie8uGTsUc07l7gBsrjVeSCKVsGKhzrlxzLPQA1JD6j3+y,1.822777,2.516033,3.932021,0,2591700,24.449213,Interactive,1,1.75
296700,ai0kEteBVGSO30Ocb83ie8uGTsUc07l7gBsrjVeSCKVsGKhzrlxzLPQA1JD6j3+y,1.740314,2.396416,3.193921,0,2591700,24.449213,Interactive,1,1.75
297000,ai0kEteBVGSO30Ocb83ie8uGTsUc07l7gBsrjVeSCKVsGKhzrlxzLPQA1JD6j3+y,1.7425970000000002,2.579542,5.157094,0,2591700,24.449213,Interactive,1,1.75
297300,ai0kEteBVGSO30Ocb83ie8uGTsUc07l7gBsrjVeSCKVsGKhzrlxzLPQA1JD6j3+y,1.144873,2.288153,3.589689,0,2591700,24.449213,Interactive,1,1.75
297600,ai0kEteBVGSO30Ocb83ie8uGTsUc07l7gBsrjVeSCKVsGKhzrlxzLPQA1JD6j3+y,1.582135,2.369412,3.396697,0,2591700,24.449213,Interactive,1,1.75
297900,ai0kEteBVGSO30Ocb83ie8uGTsUc07l7gBsrjVeSCKVsGKhzrlxzLPQA1JD6j3+y,1.521868,2.134675,3.153778,0,2591700,24.449213,Interactive,1,1.75
298200,ai0kEteBVGSO30Ocb83ie8uGTsUc07l7gBsrjVeSCKVsGKhzrlxzLPQA1JD6j3+y,1.6473509999999998,4.4875620000000005,23.387123000000003,0,2591700,24.449213,Interactive,1,1.75
298500,ai0kEteBVGSO30Ocb83ie8uGTsUc07l7gBsrjVeSCKVsGKhzrlxzLPQA1JD6j3+y,0.92826,2.320092,3.739225,0,2591700,24.449213,Interactive,1,1.75
298800,ai0kEteBVGSO30Ocb83ie8uGTsUc07l7gBsrjVeSCKVsGKhzrlxzLPQA1JD6j3+y,1.619242,2.222363,3.244956,0,2591700,24.449213,Interactive,1,1.75
299100,ai0kEteBVGSO30Ocb83ie8uGTsUc07l7gBsrjVeSCKVsGKhzrlxzLPQA1JD6j3+y,1.580362,2.33772,4.439066,0,2591700,24.449213,Interactive,1,1.75
299400,ai0kEteBVGSO30Ocb83ie8uGTsUc07l7gBsrjVeSCKVsGKhzrlxzLPQA1JD6j3+y,1.6502880000000002,2.378461,3.586836,0,2591700,24.449213,Interactive,1,1.75
299700,ai0kEteBVGSO30Ocb83ie8uGTsUc07l7gBsrjVeSCKVsGKhzrlxzLPQA1JD6j3+y,1.629142,2.134237,3.213293,0,2591700,24.449213,Interactive,1,1.75
300000,ai0kEteBVGSO30Ocb83ie8uGTsUc07l7gBsrjVeSCKVsGKhzrlxzLPQA1JD6j3+y,0.874531,2.27581,4.553896,0,2591700,24.449213,Interactive,1,1.75
300300,ai0kEteBVGSO30Ocb83ie8uGTsUc07l7gBsrjVeSCKVsGKhzrlxzLPQA1JD6j3+y,1.736957,2.453031,3.774461,0,2591700,24.449213,Interactive,1,1.75
300600,ai0kEteBVGSO30Ocb83ie8uGTsUc07l7gBsrjVeSCKVsGKhzrlxzLPQA1JD6j3+y,0.809671,2.108006,3.274185,0,2591700,24.449213,Interactive,1,1.75
300900,ai0kEteBVGSO30Ocb83ie8uGTsUc07l7gBsrjVeSCKVsGKhzrlxzLPQA1JD6j3+y,1.609618,2.317842,4.4538660000000005,0,2591700,24.449213,Interactive,1,1.75
301200,ai0kEteBVGSO30Ocb83ie8uGTsUc07l7gBsrjVeSCKVsGKhzrlxzLPQA1JD6j3+y,1.6283,2.4927040000000003,3.932044,0,2591700,24.449213,Interactive,1,1.75
301500,ai0kEteBVGSO30Ocb83ie8uGTsUc07l7gBsrjVeSCKVsGKhzrlxzLPQA1JD6j3+y,1.926998,3.044691,4.748691,0,2591700,24.449213,Interactive,1,1.75
301800,ai0kEteBVGSO30Ocb83ie8uGTsUc07l7gBsrjVeSCKVsGKhzrlxzLPQA1JD6j3+y,1.7600049999999998,4.756114,25.110244,0,2591700,24.449213,Interactive,1,1.75
302100,ai0kEteBVGSO30Ocb83ie8uGTsUc07l7gBsrjVeSCKVsGKhzrlxzLPQA1JD6j3+y,1.650161,2.35493,3.934396,0,2591700,24.449213,Interactive,1,1.75
302400,ai0kEteBVGSO30Ocb83ie8uGTsUc07l7gBsrjVeSCKVsGKhzrlxzLPQA1JD6j3+y,1.5885,2.073816,3.306161,0,2591700,24.449213,Interactive,1,1.75
302700,ai0kEteBVGSO30Ocb83ie8uGTsUc07l7gBsrjVeSCKVsGKhzrlxzLPQA1JD6j3+y,1.644686,2.559874,4.420931,0,2591700,24.449213,Interactive,1,1.75
303000,ai0kEteBVGSO30Ocb83ie8uGTsUc07l7gBsrjVeSCKVsGKhzrlxzLPQA1JD6j3+y,1.707546,2.477503,3.489042,0,2591700,24.449213,Interactive,1,1.75
303300,ai0kEteBVGSO30Ocb83ie8uGTsUc07l7gBsrjVeSCKVsGKhzrlxzLPQA1JD6j3+y,1.656019,2.253365,3.559431,0,2591700,24.449213,Interactive,1,1.75
303600,ai0kEteBVGSO30Ocb83ie8uGTsUc07l7gBsrjVeSCKVsGKhzrlxzLPQA1JD6j3+y,1.695933,2.310557,4.261226000000001,0,2591700,24.449213,Interactive,1,1.75
303900,ai0kEteBVGSO30Ocb83ie8uGTsUc07l7gBsrjVeSCKVsGKhzrlxzLPQA1JD6j3+y,0.841994,2.347491,3.703635,0,2591700,24.449213,Interactive,1,1.75
304200,ai0kEteBVGSO30Ocb83ie8uGTsUc07l7gBsrjVeSCKVsGKhzrlxzLPQA1JD6j3+y,1.624688,2.265666,3.5110900000000003,0,2591700,24.449213,Interactive,1,1.75
304500,ai0kEteBVGSO30Ocb83ie8uGTsUc07l7gBsrjVeSCKVsGKhzrlxzLPQA1JD6j3+y,1.5874629999999998,2.3603400000000003,4.188483,0,2591700,24.449213,Interactive,1,1.75
304800,ai0kEteBVGSO30Ocb83ie8uGTsUc07l7gBsrjVeSCKVsGKhzrlxzLPQA1JD6j3+y,1.631397,2.355905,3.818995,0,2591700,24.449213,Interactive,1,1.75
305100,ai0kEteBVGSO30Ocb83ie8uGTsUc07l7gBsrjVeSCKVsGKhzrlxzLPQA1JD6j3+y,1.218521,4.420305,23.408576,0,2591700,24.449213,Interactive,1,1.75
305400,ai0kEteBVGSO30Ocb83ie8uGTsUc07l7gBsrjVeSCKVsGKhzrlxzLPQA1JD6j3+y,1.316517,4.410567,18.780705,0,2591700,24.449213,Interactive,1,1.75
305700,ai0kEteBVGSO30Ocb83ie8uGTsUc07l7gBsrjVeSCKVsGKhzrlxzLPQA1JD6j3+y,1.616706,2.327807,3.649879,0,2591700,24.449213,Interactive,1,1.75
306000,ai0kEteBVGSO30Ocb83ie8uGTsUc07l7gBsrjVeSCKVsGKhzrlxzLPQA1JD6j3+y,1.786029,2.381452,3.176792,0,2591700,24.449213,Interactive,1,1.75
306300,ai0kEteBVGSO30Ocb83ie8uGTsUc07l7gBsrjVeSCKVsGKhzrlxzLPQA1JD6j3+y,1.703686,2.460535,4.514411,0,2591700,24.449213,Interactive,1,1.75
306600,ai0kEteBVGSO30Ocb83ie8uGTsUc07l7gBsrjVeSCKVsGKhzrlxzLPQA1JD6j3+y,1.724581,2.377601,3.333154,0,2591700,24.449213,Interactive,1,1.75
306900,ai0kEteBVGSO30Ocb83ie8uGTsUc07l7gBsrjVeSCKVsGKhzrlxzLPQA1JD6j3+y,1.664999,2.233101,3.382185,0,2591700,24.449213,Interactive,1,1.75
307200,ai0kEteBVGSO30Ocb83ie8uGTsUc07l7gBsrjVeSCKVsGKhzrlxzLPQA1JD6j3+y,1.384382,2.195123,4.077259,0,2591700,24.449213,Interactive,1,1.75
307500,ai0kEteBVGSO30Ocb83ie8uGTsUc07l7gBsrjVeSCKVsGKhzrlxzLPQA1JD6j3+y,1.671743,2.424302,3.665366000000001,0,2591700,24.449213,Interactive,1,1.75
307800,ai0kEteBVGSO30Ocb83ie8uGTsUc07l7gBsrjVeSCKVsGKhzrlxzLPQA1JD6j3+y,1.6421849999999998,2.109956,2.897921,0,2591700,24.449213,Interactive,1,1.75
308100,ai0kEteBVGSO30Ocb83ie8uGTsUc07l7gBsrjVeSCKVsGKhzrlxzLPQA1JD6j3+y,1.253374,2.263114,4.114513,0,2591700,24.449213,Interactive,1,1.75
308400,ai0kEteBVGSO30Ocb83ie8uGTsUc07l7gBsrjVeSCKVsGKhzrlxzLPQA1JD6j3+y,1.669237,2.313936,3.77072,0,2591700,24.449213,Interactive,1,1.75
308700,ai0kEteBVGSO30Ocb83ie8uGTsUc07l7gBsrjVeSCKVsGKhzrlxzLPQA1JD6j3+y,1.714449,2.353427,3.789463,0,2591700,24.449213,Interactive,1,1.75
309000,ai0kEteBVGSO30Ocb83ie8uGTsUc07l7gBsrjVeSCKVsGKhzrlxzLPQA1JD6j3+y,1.732981,4.468968,23.053069,0,2591700,24.449213,Interactive,1,1.75
309300,ai0kEteBVGSO30Ocb83ie8uGTsUc07l7gBsrjVeSCKVsGKhzrlxzLPQA1JD6j3+y,1.687913,2.2477810000000003,3.1268740000000004,0,2591700,24.449213,Interactive,1,1.75
309600,ai0kEteBVGSO30Ocb83ie8uGTsUc07l7gBsrjVeSCKVsGKhzrlxzLPQA1JD6j3+y,1.680862,2.353136,3.626825,0,2591700,24.449213,Interactive,1,1.75
309900,ai0kEteBVGSO30Ocb83ie8uGTsUc07l7gBsrjVeSCKVsGKhzrlxzLPQA1JD6j3+y,1.00965,3.464977,11.70436,0,2591700,24.449213,Interactive,1,1.75
310200,ai0kEteBVGSO30Ocb83ie8uGTsUc07l7gBsrjVeSCKVsGKhzrlxzLPQA1JD6j3+y,1.7495900000000002,2.370685,3.42596,0,2591700,24.449213,Interactive,1,1.75
310500,ai0kEteBVGSO30Ocb83ie8uGTsUc07l7gBsrjVeSCKVsGKhzrlxzLPQA1JD6j3+y,1.6931580000000002,2.377453,3.711897,0,2591700,24.449213,Interactive,1,1.75
310800,ai0kEteBVGSO30Ocb83ie8uGTsUc07l7gBsrjVeSCKVsGKhzrlxzLPQA1JD6j3+y,1.155381,2.241372,3.334194,0,2591700,24.449213,Interactive,1,1.75
311100,ai0kEteBVGSO30Ocb83ie8uGTsUc07l7gBsrjVeSCKVsGKhzrlxzLPQA1JD6j3+y,1.712993,2.28472,3.2856970000000003,0,2591700,24.449213,Interactive,1,1.75
311400,ai0kEteBVGSO30Ocb83ie8uGTsUc07l7gBsrjVeSCKVsGKhzrlxzLPQA1JD6j3+y,1.428762,2.332461,3.72991,0,2591700,24.449213,Interactive,1,1.75
311700,ai0kEteBVGSO30Ocb83ie8uGTsUc07l7gBsrjVeSCKVsGKhzrlxzLPQA1JD6j3+y,1.616382,2.363177,3.30094,0,2591700,24.449213,Interactive,1,1.75
312000,ai0kEteBVGSO30Ocb83ie8uGTsUc07l7gBsrjVeSCKVsGKhzrlxzLPQA1JD6j3+y,1.5777219999999998,2.45161,3.575463,0,2591700,24.449213,Interactive,1,1.75
312300,ai0kEteBVGSO30Ocb83ie8uGTsUc07l7gBsrjVeSCKVsGKhzrlxzLPQA1JD6j3+y,1.689839,2.331112,3.618747,0,2591700,24.449213,Interactive,1,1.75
312600,ai0kEteBVGSO30Ocb83ie8uGTsUc07l7gBsrjVeSCKVsGKhzrlxzLPQA1JD6j3+y,1.504173,4.560287000000001,24.579384,0,2591700,24.449213,Interactive,1,1.75
312900,ai0kEteBVGSO30Ocb83ie8uGTsUc07l7gBsrjVeSCKVsGKhzrlxzLPQA1JD6j3+y,1.6479549999999998,2.278442,3.312645,0,2591700,24.449213,Interactive,1,1.75
313200,ai0kEteBVGSO30Ocb83ie8uGTsUc07l7gBsrjVeSCKVsGKhzrlxzLPQA1JD6j3+y,1.644324,2.333619,3.77806,0,2591700,24.449213,Interactive,1,1.75
313500,ai0kEteBVGSO30Ocb83ie8uGTsUc07l7gBsrjVeSCKVsGKhzrlxzLPQA1JD6j3+y,1.725577,2.4835990000000003,3.629792,0,2591700,24.449213,Interactive,1,1.75
313800,ai0kEteBVGSO30Ocb83ie8uGTsUc07l7gBsrjVeSCKVsGKhzrlxzLPQA1JD6j3+y,1.736763,2.249447,3.19884,0,2591700,24.449213,Interactive,1,1.75
314100,ai0kEteBVGSO30Ocb83ie8uGTsUc07l7gBsrjVeSCKVsGKhzrlxzLPQA1JD6j3+y,1.131104,2.329161,3.712074,0,2591700,24.449213,Interactive,1,1.75
314400,ai0kEteBVGSO30Ocb83ie8uGTsUc07l7gBsrjVeSCKVsGKhzrlxzLPQA1JD6j3+y,1.616266,2.32581,3.407897,0,2591700,24.449213,Interactive,1,1.75
314700,ai0kEteBVGSO30Ocb83ie8uGTsUc07l7gBsrjVeSCKVsGKhzrlxzLPQA1JD6j3+y,1.55966,2.681439,4.462797,0,2591700,24.449213,Interactive,1,1.75
315000,ai0kEteBVGSO30Ocb83ie8uGTsUc07l7gBsrjVeSCKVsGKhzrlxzLPQA1JD6j3+y,1.693325,2.348753,3.633258,0,2591700,24.449213,Interactive,1,1.75
315300,ai0kEteBVGSO30Ocb83ie8uGTsUc07l7gBsrjVeSCKVsGKhzrlxzLPQA1JD6j3+y,1.506775,2.232572,3.368815,0,2591700,24.449213,Interactive,1,1.75
315600,ai0kEteBVGSO30Ocb83ie8uGTsUc07l7gBsrjVeSCKVsGKhzrlxzLPQA1JD6j3+y,1.686657,2.21991,3.145152,0,2591700,24.449213,Interactive,1,1.75
315900,ai0kEteBVGSO30Ocb83ie8uGTsUc07l7gBsrjVeSCKVsGKhzrlxzLPQA1JD6j3+y,1.668157,2.211103,3.595809,0,2591700,24.449213,Interactive,1,1.75
316200,ai0kEteBVGSO30Ocb83ie8uGTsUc07l7gBsrjVeSCKVsGKhzrlxzLPQA1JD6j3+y,1.523223,4.440469,17.636979999999998,0,2591700,24.449213,Interactive,1,1.75
316500,ai0kEteBVGSO30Ocb83ie8uGTsUc07l7gBsrjVeSCKVsGKhzrlxzLPQA1JD6j3+y,1.633627,2.355279,3.513115,0,2591700,24.449213,Interactive,1,1.75
316800,ai0kEteBVGSO30Ocb83ie8uGTsUc07l7gBsrjVeSCKVsGKhzrlxzLPQA1JD6j3+y,1.064301,2.2191110000000003,3.689067,0,2591700,24.449213,Interactive,1,1.75
317100,ai0kEteBVGSO30Ocb83ie8uGTsUc07l7gBsrjVeSCKVsGKhzrlxzLPQA1JD6j3+y,1.612645,2.347387,3.312792,0,2591700,24.449213,Interactive,1,1.75
317400,ai0kEteBVGSO30Ocb83ie8uGTsUc07l7gBsrjVeSCKVsGKhzrlxzLPQA1JD6j3+y,1.571081,2.327198,3.212932,0,2591700,24.449213,Interactive,1,1.75
317700,ai0kEteBVGSO30Ocb83ie8uGTsUc07l7gBsrjVeSCKVsGKhzrlxzLPQA1JD6j3+y,1.5944200000000002,2.309452,3.492196,0,2591700,24.449213,Interactive,1,1.75
318000,ai0kEteBVGSO30Ocb83ie8uGTsUc07l7gBsrjVeSCKVsGKhzrlxzLPQA1JD6j3+y,1.559277,2.516193,3.757289,0,2591700,24.449213,Interactive,1,1.75
318300,ai0kEteBVGSO30Ocb83ie8uGTsUc07l7gBsrjVeSCKVsGKhzrlxzLPQA1JD6j3+y,1.670945,2.251918,3.263096,0,2591700,24.449213,Interactive,1,1.75
318600,ai0kEteBVGSO30Ocb83ie8uGTsUc07l7gBsrjVeSCKVsGKhzrlxzLPQA1JD6j3+y,1.655446,2.493017,4.726698000000001,0,2591700,24.449213,Interactive,1,1.75
318900,ai0kEteBVGSO30Ocb83ie8uGTsUc07l7gBsrjVeSCKVsGKhzrlxzLPQA1JD6j3+y,1.552726,2.304093,3.4236480000000005,0,2591700,24.449213,Interactive,1,1.75
319200,ai0kEteBVGSO30Ocb83ie8uGTsUc07l7gBsrjVeSCKVsGKhzrlxzLPQA1JD6j3+y,1.669645,2.242182,3.311888,0,2591700,24.449213,Interactive,1,1.75
319500,ai0kEteBVGSO30Ocb83ie8uGTsUc07l7gBsrjVeSCKVsGKhzrlxzLPQA1JD6j3+y,1.624285,2.276794,4.433504,0,2591700,24.449213,Interactive,1,1.75
319800,ai0kEteBVGSO30Ocb83ie8uGTsUc07l7gBsrjVeSCKVsGKhzrlxzLPQA1JD6j3+y,1.564064,4.549011,24.003415,0,2591700,24.449213,Interactive,1,1.75
320100,ai0kEteBVGSO30Ocb83ie8uGTsUc07l7gBsrjVeSCKVsGKhzrlxzLPQA1JD6j3+y,1.584388,2.158983,3.105315,0,2591700,24.449213,Interactive,1,1.75
320400,ai0kEteBVGSO30Ocb83ie8uGTsUc07l7gBsrjVeSCKVsGKhzrlxzLPQA1JD6j3+y,1.64315,2.309804,4.350847,0,2591700,24.449213,Interactive,1,1.75
320700,ai0kEteBVGSO30Ocb83ie8uGTsUc07l7gBsrjVeSCKVsGKhzrlxzLPQA1JD6j3+y,0.948556,2.088521,3.268767,0,2591700,24.449213,Interactive,1,1.75
321000,ai0kEteBVGSO30Ocb83ie8uGTsUc07l7gBsrjVeSCKVsGKhzrlxzLPQA1JD6j3+y,1.674794,2.2538150000000003,3.331689,0,2591700,24.449213,Interactive,1,1.75
321300,ai0kEteBVGSO30Ocb83ie8uGTsUc07l7gBsrjVeSCKVsGKhzrlxzLPQA1JD6j3+y,1.697977,16.758592,53.918889,0,2591700,24.449213,Interactive,1,1.75
321600,ai0kEteBVGSO30Ocb83ie8uGTsUc07l7gBsrjVeSCKVsGKhzrlxzLPQA1JD6j3+y,1.5703200000000002,2.434054,4.007239,0,2591700,24.449213,Interactive,1,1.75
321900,ai0kEteBVGSO30Ocb83ie8uGTsUc07l7gBsrjVeSCKVsGKhzrlxzLPQA1JD6j3+y,1.6505009999999998,2.353936,3.781192,0,2591700,24.449213,Interactive,1,1.75
322200,ai0kEteBVGSO30Ocb83ie8uGTsUc07l7gBsrjVeSCKVsGKhzrlxzLPQA1JD6j3+y,1.355393,2.175518,4.247091,0,2591700,24.449213,Interactive,1,1.75
322500,ai0kEteBVGSO30Ocb83ie8uGTsUc07l7gBsrjVeSCKVsGKhzrlxzLPQA1JD6j3+y,1.668953,2.368635,3.416275,0,2591700,24.449213,Interactive,1,1.75
322800,ai0kEteBVGSO30Ocb83ie8uGTsUc07l7gBsrjVeSCKVsGKhzrlxzLPQA1JD6j3+y,1.58965,2.238314,3.321999,0,2591700,24.449213,Interactive,1,1.75
323100,ai0kEteBVGSO30Ocb83ie8uGTsUc07l7gBsrjVeSCKVsGKhzrlxzLPQA1JD6j3+y,1.660879,2.4106650000000003,4.40056,0,2591700,24.449213,Interactive,1,1.75
323400,ai0kEteBVGSO30Ocb83ie8uGTsUc07l7gBsrjVeSCKVsGKhzrlxzLPQA1JD6j3+y,1.590729,4.368239,23.82276,0,2591700,24.449213,Interactive,1,1.75
323700,ai0kEteBVGSO30Ocb83ie8uGTsUc07l7gBsrjVeSCKVsGKhzrlxzLPQA1JD6j3+y,1.580791,2.248108,3.168979,0,2591700,24.449213,Interactive,1,1.75
324000,ai0kEteBVGSO30Ocb83ie8uGTsUc07l7gBsrjVeSCKVsGKhzrlxzLPQA1JD6j3+y,1.639423,5.991719,41.644198,0,2591700,24.449213,Interactive,1,1.75
324300,ai0kEteBVGSO30Ocb83ie8uGTsUc07l7gBsrjVeSCKVsGKhzrlxzLPQA1JD6j3+y,1.63556,2.276456,3.376396,0,2591700,24.449213,Interactive,1,1.75
324600,ai0kEteBVGSO30Ocb83ie8uGTsUc07l7gBsrjVeSCKVsGKhzrlxzLPQA1JD6j3+y,1.674407,2.248639,3.345704,0,2591700,24.449213,Interactive,1,1.75
324900,ai0kEteBVGSO30Ocb83ie8uGTsUc07l7gBsrjVeSCKVsGKhzrlxzLPQA1JD6j3+y,1.597889,2.242564,4.560564,0,2591700,24.449213,Interactive,1,1.75
325200,ai0kEteBVGSO30Ocb83ie8uGTsUc07l7gBsrjVeSCKVsGKhzrlxzLPQA1JD6j3+y,1.616986,2.278693,3.394511,0,2591700,24.449213,Interactive,1,1.75
325500,ai0kEteBVGSO30Ocb83ie8uGTsUc07l7gBsrjVeSCKVsGKhzrlxzLPQA1JD6j3+y,1.559553,2.403421,4.471303,0,2591700,24.449213,Interactive,1,1.75
325800,ai0kEteBVGSO30Ocb83ie8uGTsUc07l7gBsrjVeSCKVsGKhzrlxzLPQA1JD6j3+y,1.69472,2.426089,4.6386650000000005,0,2591700,24.449213,Interactive,1,1.75
326100,ai0kEteBVGSO30Ocb83ie8uGTsUc07l7gBsrjVeSCKVsGKhzrlxzLPQA1JD6j3+y,1.643011,2.254106,3.3206830000000003,0,2591700,24.449213,Interactive,1,1.75
326400,ai0kEteBVGSO30Ocb83ie8uGTsUc07l7gBsrjVeSCKVsGKhzrlxzLPQA1JD6j3+y,1.637988,2.216574,3.354831,0,2591700,24.449213,Interactive,1,1.75
326700,ai0kEteBVGSO30Ocb83ie8uGTsUc07l7gBsrjVeSCKVsGKhzrlxzLPQA1JD6j3+y,1.515976,1.982124,2.925028,0,2591700,24.449213,Interactive,1,1.75
327000,ai0kEteBVGSO30Ocb83ie8uGTsUc07l7gBsrjVeSCKVsGKhzrlxzLPQA1JD6j3+y,1.616127,4.300219,23.258263,0,2591700,24.449213,Interactive,1,1.75
327300,ai0kEteBVGSO30Ocb83ie8uGTsUc07l7gBsrjVeSCKVsGKhzrlxzLPQA1JD6j3+y,1.7571560000000002,2.302788,3.3754660000000003,0,2591700,24.449213,Interactive,1,1.75
327600,ai0kEteBVGSO30Ocb83ie8uGTsUc07l7gBsrjVeSCKVsGKhzrlxzLPQA1JD6j3+y,1.460787,2.231885,4.776929,0,2591700,24.449213,Interactive,1,1.75
327900,ai0kEteBVGSO30Ocb83ie8uGTsUc07l7gBsrjVeSCKVsGKhzrlxzLPQA1JD6j3+y,1.661988,2.39958,3.310265,0,2591700,24.449213,Interactive,1,1.75
328200,ai0kEteBVGSO30Ocb83ie8uGTsUc07l7gBsrjVeSCKVsGKhzrlxzLPQA1JD6j3+y,1.665782,2.298963,3.371257,0,2591700,24.449213,Interactive,1,1.75
328500,ai0kEteBVGSO30Ocb83ie8uGTsUc07l7gBsrjVeSCKVsGKhzrlxzLPQA1JD6j3+y,1.6404029999999998,2.359061,4.49463,0,2591700,24.449213,Interactive,1,1.75
328800,ai0kEteBVGSO30Ocb83ie8uGTsUc07l7gBsrjVeSCKVsGKhzrlxzLPQA1JD6j3+y,1.7204099999999998,2.180968,3.326329,0,2591700,24.449213,Interactive,1,1.75
329100,ai0kEteBVGSO30Ocb83ie8uGTsUc07l7gBsrjVeSCKVsGKhzrlxzLPQA1JD6j3+y,1.684119,2.410446,3.473577,0,2591700,24.449213,Interactive,1,1.75
329400,ai0kEteBVGSO30Ocb83ie8uGTsUc07l7gBsrjVeSCKVsGKhzrlxzLPQA1JD6j3+y,1.6697540000000002,2.077269,2.726947,0,2591700,24.449213,Interactive,1,1.75
329700,ai0kEteBVGSO30Ocb83ie8uGTsUc07l7gBsrjVeSCKVsGKhzrlxzLPQA1JD6j3+y,1.672635,2.286683,3.308222,0,2591700,24.449213,Interactive,1,1.75
330000,ai0kEteBVGSO30Ocb83ie8uGTsUc07l7gBsrjVeSCKVsGKhzrlxzLPQA1JD6j3+y,1.237425,2.092311,3.388833,0,2591700,24.449213,Interactive,1,1.75
330300,ai0kEteBVGSO30Ocb83ie8uGTsUc07l7gBsrjVeSCKVsGKhzrlxzLPQA1JD6j3+y,1.505133,2.188616,3.477989,0,2591700,24.449213,Interactive,1,1.75
330600,ai0kEteBVGSO30Ocb83ie8uGTsUc07l7gBsrjVeSCKVsGKhzrlxzLPQA1JD6j3+y,1.685831,4.306697,17.302039999999998,0,2591700,24.449213,Interactive,1,1.75
330900,ai0kEteBVGSO30Ocb83ie8uGTsUc07l7gBsrjVeSCKVsGKhzrlxzLPQA1JD6j3+y,1.647091,2.267029,3.882501,0,2591700,24.449213,Interactive,1,1.75
331200,ai0kEteBVGSO30Ocb83ie8uGTsUc07l7gBsrjVeSCKVsGKhzrlxzLPQA1JD6j3+y,1.608279,2.348063,3.631423,0,2591700,24.449213,Interactive,1,1.75
331500,ai0kEteBVGSO30Ocb83ie8uGTsUc07l7gBsrjVeSCKVsGKhzrlxzLPQA1JD6j3+y,1.507555,2.122322,3.301461,0,2591700,24.449213,Interactive,1,1.75
331800,ai0kEteBVGSO30Ocb83ie8uGTsUc07l7gBsrjVeSCKVsGKhzrlxzLPQA1JD6j3+y,1.6428599999999998,2.362021,3.69913,0,2591700,24.449213,Interactive,1,1.75
332100,ai0kEteBVGSO30Ocb83ie8uGTsUc07l7gBsrjVeSCKVsGKhzrlxzLPQA1JD6j3+y,1.237967,2.094849,3.114316,0,2591700,24.449213,Interactive,1,1.75
332400,ai0kEteBVGSO30Ocb83ie8uGTsUc07l7gBsrjVeSCKVsGKhzrlxzLPQA1JD6j3+y,1.674884,2.225688,3.139697,0,2591700,24.449213,Interactive,1,1.75
332700,ai0kEteBVGSO30Ocb83ie8uGTsUc07l7gBsrjVeSCKVsGKhzrlxzLPQA1JD6j3+y,1.233517,2.1308,3.460052,0,2591700,24.449213,Interactive,1,1.75
333000,ai0kEteBVGSO30Ocb83ie8uGTsUc07l7gBsrjVeSCKVsGKhzrlxzLPQA1JD6j3+y,1.139975,2.178396,3.46976,0,2591700,24.449213,Interactive,1,1.75
333300,ai0kEteBVGSO30Ocb83ie8uGTsUc07l7gBsrjVeSCKVsGKhzrlxzLPQA1JD6j3+y,1.664779,2.188113,3.184676,0,2591700,24.449213,Interactive,1,1.75
333600,ai0kEteBVGSO30Ocb83ie8uGTsUc07l7gBsrjVeSCKVsGKhzrlxzLPQA1JD6j3+y,1.159598,2.223058,3.776392,0,2591700,24.449213,Interactive,1,1.75
333900,ai0kEteBVGSO30Ocb83ie8uGTsUc07l7gBsrjVeSCKVsGKhzrlxzLPQA1JD6j3+y,1.7083080000000002,2.301518,3.107799,0,2591700,24.449213,Interactive,1,1.75
334200,ai0kEteBVGSO30Ocb83ie8uGTsUc07l7gBsrjVeSCKVsGKhzrlxzLPQA1JD6j3+y,0.751128,4.248444999999999,23.451494,0,2591700,24.449213,Interactive,1,1.75
334500,ai0kEteBVGSO30Ocb83ie8uGTsUc07l7gBsrjVeSCKVsGKhzrlxzLPQA1JD6j3+y,1.707425,2.439079,3.862515,0,2591700,24.449213,Interactive,1,1.75
334800,ai0kEteBVGSO30Ocb83ie8uGTsUc07l7gBsrjVeSCKVsGKhzrlxzLPQA1JD6j3+y,1.08761,2.18078,3.253403,0,2591700,24.449213,Interactive,1,1.75
335100,ai0kEteBVGSO30Ocb83ie8uGTsUc07l7gBsrjVeSCKVsGKhzrlxzLPQA1JD6j3+y,1.7141830000000002,2.617065,5.050473,0,2591700,24.449213,Interactive,1,1.75
335400,ai0kEteBVGSO30Ocb83ie8uGTsUc07l7gBsrjVeSCKVsGKhzrlxzLPQA1JD6j3+y,1.670495,2.282201,3.351632,0,2591700,24.449213,Interactive,1,1.75
335700,ai0kEteBVGSO30Ocb83ie8uGTsUc07l7gBsrjVeSCKVsGKhzrlxzLPQA1JD6j3+y,1.7235619999999998,2.4090130000000003,3.479347,0,2591700,24.449213,Interactive,1,1.75
336000,ai0kEteBVGSO30Ocb83ie8uGTsUc07l7gBsrjVeSCKVsGKhzrlxzLPQA1JD6j3+y,1.6705709999999998,2.198072,3.462417,0,2591700,24.449213,Interactive,1,1.75
336300,ai0kEteBVGSO30Ocb83ie8uGTsUc07l7gBsrjVeSCKVsGKhzrlxzLPQA1JD6j3+y,1.678873,2.354766,3.770926,0,2591700,24.449213,Interactive,1,1.75
336600,ai0kEteBVGSO30Ocb83ie8uGTsUc07l7gBsrjVeSCKVsGKhzrlxzLPQA1JD6j3+y,1.709731,2.270996,3.14231,0,2591700,24.449213,Interactive,1,1.75
336900,ai0kEteBVGSO30Ocb83ie8uGTsUc07l7gBsrjVeSCKVsGKhzrlxzLPQA1JD6j3+y,1.508973,2.079194,3.384109,0,2591700,24.449213,Interactive,1,1.75
337200,ai0kEteBVGSO30Ocb83ie8uGTsUc07l7gBsrjVeSCKVsGKhzrlxzLPQA1JD6j3+y,1.639997,2.323898,3.671582,0,2591700,24.449213,Interactive,1,1.75
337500,ai0kEteBVGSO30Ocb83ie8uGTsUc07l7gBsrjVeSCKVsGKhzrlxzLPQA1JD6j3+y,1.564207,2.121423,3.227816,0,2591700,24.449213,Interactive,1,1.75
337800,ai0kEteBVGSO30Ocb83ie8uGTsUc07l7gBsrjVeSCKVsGKhzrlxzLPQA1JD6j3+y,1.663768,4.409288,23.416197,0,2591700,24.449213,Interactive,1,1.75
338100,ai0kEteBVGSO30Ocb83ie8uGTsUc07l7gBsrjVeSCKVsGKhzrlxzLPQA1JD6j3+y,1.66979,2.1876290000000003,3.426763,0,2591700,24.449213,Interactive,1,1.75
338400,ai0kEteBVGSO30Ocb83ie8uGTsUc07l7gBsrjVeSCKVsGKhzrlxzLPQA1JD6j3+y,1.738012,5.236190000000001,22.103697,0,2591700,24.449213,Interactive,1,1.75
338700,ai0kEteBVGSO30Ocb83ie8uGTsUc07l7gBsrjVeSCKVsGKhzrlxzLPQA1JD6j3+y,1.4518,2.077371,2.950512,0,2591700,24.449213,Interactive,1,1.75
339000,ai0kEteBVGSO30Ocb83ie8uGTsUc07l7gBsrjVeSCKVsGKhzrlxzLPQA1JD6j3+y,0.507108,66.479683,98.662665,0,2591700,24.449213,Interactive,1,1.75
339300,ai0kEteBVGSO30Ocb83ie8uGTsUc07l7gBsrjVeSCKVsGKhzrlxzLPQA1JD6j3+y,0.826727,31.961338,84.081509,0,2591700,24.449213,Interactive,1,1.75
339600,ai0kEteBVGSO30Ocb83ie8uGTsUc07l7gBsrjVeSCKVsGKhzrlxzLPQA1JD6j3+y,1.763394,6.322667,21.490629,0,2591700,24.449213,Interactive,1,1.75
339900,ai0kEteBVGSO30Ocb83ie8uGTsUc07l7gBsrjVeSCKVsGKhzrlxzLPQA1JD6j3+y,1.992598,44.703785,69.58648199999999,0,2591700,24.449213,Interactive,1,1.75
340200,ai0kEteBVGSO30Ocb83ie8uGTsUc07l7gBsrjVeSCKVsGKhzrlxzLPQA1JD6j3+y,1.254508,2.621397,8.475807000000001,0,2591700,24.449213,Interactive,1,1.75
340500,ai0kEteBVGSO30Ocb83ie8uGTsUc07l7gBsrjVeSCKVsGKhzrlxzLPQA1JD6j3+y,1.440115,2.039874,3.030989,0,2591700,24.449213,Interactive,1,1.75
340800,ai0kEteBVGSO30Ocb83ie8uGTsUc07l7gBsrjVeSCKVsGKhzrlxzLPQA1JD6j3+y,1.487369,2.366135,4.985005,0,2591700,24.449213,Interactive,1,1.75
341100,ai0kEteBVGSO30Ocb83ie8uGTsUc07l7gBsrjVeSCKVsGKhzrlxzLPQA1JD6j3+y,1.446436,1.874997,3.026929,0,2591700,24.449213,Interactive,1,1.75
341400,ai0kEteBVGSO30Ocb83ie8uGTsUc07l7gBsrjVeSCKVsGKhzrlxzLPQA1JD6j3+y,1.4590379999999998,1.914312,2.736297,0,2591700,24.449213,Interactive,1,1.75
341700,ai0kEteBVGSO30Ocb83ie8uGTsUc07l7gBsrjVeSCKVsGKhzrlxzLPQA1JD6j3+y,1.3474780000000002,1.978097,2.783988,0,2591700,24.449213,Interactive,1,1.75
342000,ai0kEteBVGSO30Ocb83ie8uGTsUc07l7gBsrjVeSCKVsGKhzrlxzLPQA1JD6j3+y,1.427533,1.993095,3.629238,0,2591700,24.449213,Interactive,1,1.75
342300,ai0kEteBVGSO30Ocb83ie8uGTsUc07l7gBsrjVeSCKVsGKhzrlxzLPQA1JD6j3+y,1.125178,1.7812880000000002,2.6828540000000003,0,2591700,24.449213,Interactive,1,1.75
342600,ai0kEteBVGSO30Ocb83ie8uGTsUc07l7gBsrjVeSCKVsGKhzrlxzLPQA1JD6j3+y,1.520557,2.113142,2.80278,0,2591700,24.449213,Interactive,1,1.75
342900,ai0kEteBVGSO30Ocb83ie8uGTsUc07l7gBsrjVeSCKVsGKhzrlxzLPQA1JD6j3+y,1.040655,2.145885,4.585068,0,2591700,24.449213,Interactive,1,1.75
343200,ai0kEteBVGSO30Ocb83ie8uGTsUc07l7gBsrjVeSCKVsGKhzrlxzLPQA1JD6j3+y,1.460159,1.922321,2.80144,0,2591700,24.449213,Interactive,1,1.75
343500,ai0kEteBVGSO30Ocb83ie8uGTsUc07l7gBsrjVeSCKVsGKhzrlxzLPQA1JD6j3+y,0.826947,1.968159,3.181142,0,2591700,24.449213,Interactive,1,1.75
343800,ai0kEteBVGSO30Ocb83ie8uGTsUc07l7gBsrjVeSCKVsGKhzrlxzLPQA1JD6j3+y,1.053665,1.7596919999999998,3.016813,0,2591700,24.449213,Interactive,1,1.75
344100,ai0kEteBVGSO30Ocb83ie8uGTsUc07l7gBsrjVeSCKVsGKhzrlxzLPQA1JD6j3+y,1.446135,1.962044,2.680499,0,2591700,24.449213,Interactive,1,1.75
344400,ai0kEteBVGSO30Ocb83ie8uGTsUc07l7gBsrjVeSCKVsGKhzrlxzLPQA1JD6j3+y,0.75322,1.940343,2.787704,0,2591700,24.449213,Interactive,1,1.75
344700,ai0kEteBVGSO30Ocb83ie8uGTsUc07l7gBsrjVeSCKVsGKhzrlxzLPQA1JD6j3+y,1.490824,2.116289,3.548611,0,2591700,24.449213,Interactive,1,1.75
345000,ai0kEteBVGSO30Ocb83ie8uGTsUc07l7gBsrjVeSCKVsGKhzrlxzLPQA1JD6j3+y,1.105893,1.7742759999999995,2.70208,0,2591700,24.449213,Interactive,1,1.75
345300,ai0kEteBVGSO30Ocb83ie8uGTsUc07l7gBsrjVeSCKVsGKhzrlxzLPQA1JD6j3+y,1.548645,2.1411990000000003,2.697565,0,2591700,24.449213,Interactive,1,1.75
345600,ai0kEteBVGSO30Ocb83ie8uGTsUc07l7gBsrjVeSCKVsGKhzrlxzLPQA1JD6j3+y,1.429922,2.012454,3.538821,0,2591700,24.449213,Interactive,1,1.75
345900,ai0kEteBVGSO30Ocb83ie8uGTsUc07l7gBsrjVeSCKVsGKhzrlxzLPQA1JD6j3+y,1.514826,1.937181,2.69446,0,2591700,24.449213,Interactive,1,1.75
346200,ai0kEteBVGSO30Ocb83ie8uGTsUc07l7gBsrjVeSCKVsGKhzrlxzLPQA1JD6j3+y,1.208761,1.967343,2.72487,0,2591700,24.449213,Interactive,1,1.75
346500,ai0kEteBVGSO30Ocb83ie8uGTsUc07l7gBsrjVeSCKVsGKhzrlxzLPQA1JD6j3+y,1.471997,2.235969,4.376602,0,2591700,24.449213,Interactive,1,1.75
346800,ai0kEteBVGSO30Ocb83ie8uGTsUc07l7gBsrjVeSCKVsGKhzrlxzLPQA1JD6j3+y,1.426966,1.917589,2.683465,0,2591700,24.449213,Interactive,1,1.75
347100,ai0kEteBVGSO30Ocb83ie8uGTsUc07l7gBsrjVeSCKVsGKhzrlxzLPQA1JD6j3+y,1.536974,2.099693,2.647442,0,2591700,24.449213,Interactive,1,1.75
347400,ai0kEteBVGSO30Ocb83ie8uGTsUc07l7gBsrjVeSCKVsGKhzrlxzLPQA1JD6j3+y,1.478566,1.983146,3.643604,0,2591700,24.449213,Interactive,1,1.75
347700,ai0kEteBVGSO30Ocb83ie8uGTsUc07l7gBsrjVeSCKVsGKhzrlxzLPQA1JD6j3+y,1.350384,1.851227,2.865044,0,2591700,24.449213,Interactive,1,1.75
348000,ai0kEteBVGSO30Ocb83ie8uGTsUc07l7gBsrjVeSCKVsGKhzrlxzLPQA1JD6j3+y,1.530886,2.0755790000000003,2.7589200000000003,0,2591700,24.449213,Interactive,1,1.75
348300,ai0kEteBVGSO30Ocb83ie8uGTsUc07l7gBsrjVeSCKVsGKhzrlxzLPQA1JD6j3+y,1.41782,1.848374,3.524025,0,2591700,24.449213,Interactive,1,1.75
348600,ai0kEteBVGSO30Ocb83ie8uGTsUc07l7gBsrjVeSCKVsGKhzrlxzLPQA1JD6j3+y,1.451006,1.931134,2.738781,0,2591700,24.449213,Interactive,1,1.75
348900,ai0kEteBVGSO30Ocb83ie8uGTsUc07l7gBsrjVeSCKVsGKhzrlxzLPQA1JD6j3+y,1.280769,1.964713,2.7442740000000003,0,2591700,24.449213,Interactive,1,1.75
349200,ai0kEteBVGSO30Ocb83ie8uGTsUc07l7gBsrjVeSCKVsGKhzrlxzLPQA1JD6j3+y,0.954572,1.7471009999999998,2.923839,0,2591700,24.449213,Interactive,1,1.75
349500,ai0kEteBVGSO30Ocb83ie8uGTsUc07l7gBsrjVeSCKVsGKhzrlxzLPQA1JD6j3+y,1.453919,1.914635,2.740219,0,2591700,24.449213,Interactive,1,1.75
349800,ai0kEteBVGSO30Ocb83ie8uGTsUc07l7gBsrjVeSCKVsGKhzrlxzLPQA1JD6j3+y,1.097372,2.111462,3.417542,0,2591700,24.449213,Interactive,1,1.75
350100,ai0kEteBVGSO30Ocb83ie8uGTsUc07l7gBsrjVeSCKVsGKhzrlxzLPQA1JD6j3+y,1.455194,2.344892,4.364353,0,2591700,24.449213,Interactive,1,1.75
350400,ai0kEteBVGSO30Ocb83ie8uGTsUc07l7gBsrjVeSCKVsGKhzrlxzLPQA1JD6j3+y,1.165296,1.779793,2.715505,0,2591700,24.449213,Interactive,1,1.75
350700,ai0kEteBVGSO30Ocb83ie8uGTsUc07l7gBsrjVeSCKVsGKhzrlxzLPQA1JD6j3+y,1.5351629999999998,2.13752,3.36993,0,2591700,24.449213,Interactive,1,1.75
351000,ai0kEteBVGSO30Ocb83ie8uGTsUc07l7gBsrjVeSCKVsGKhzrlxzLPQA1JD6j3+y,1.122743,1.898501,3.550444,0,2591700,24.449213,Interactive,1,1.75
351300,ai0kEteBVGSO30Ocb83ie8uGTsUc07l7gBsrjVeSCKVsGKhzrlxzLPQA1JD6j3+y,1.430794,1.904418,2.794523,0,2591700,24.449213,Interactive,1,1.75
351600,ai0kEteBVGSO30Ocb83ie8uGTsUc07l7gBsrjVeSCKVsGKhzrlxzLPQA1JD6j3+y,1.521623,1.922047,2.686643,0,2591700,24.449213,Interactive,1,1.75
351900,ai0kEteBVGSO30Ocb83ie8uGTsUc07l7gBsrjVeSCKVsGKhzrlxzLPQA1JD6j3+y,1.453572,2.002668,3.5736550000000005,0,2591700,24.449213,Interactive,1,1.75
352200,ai0kEteBVGSO30Ocb83ie8uGTsUc07l7gBsrjVeSCKVsGKhzrlxzLPQA1JD6j3+y,1.441065,1.912444,2.916328,0,2591700,24.449213,Interactive,1,1.75
352500,ai0kEteBVGSO30Ocb83ie8uGTsUc07l7gBsrjVeSCKVsGKhzrlxzLPQA1JD6j3+y,0.925302,1.963012,2.819993,0,2591700,24.449213,Interactive,1,1.75
352800,ai0kEteBVGSO30Ocb83ie8uGTsUc07l7gBsrjVeSCKVsGKhzrlxzLPQA1JD6j3+y,1.483862,2.050777,3.672242,0,2591700,24.449213,Interactive,1,1.75
353100,ai0kEteBVGSO30Ocb83ie8uGTsUc07l7gBsrjVeSCKVsGKhzrlxzLPQA1JD6j3+y,1.459331,1.991149,2.703944,0,2591700,24.449213,Interactive,1,1.75
353400,ai0kEteBVGSO30Ocb83ie8uGTsUc07l7gBsrjVeSCKVsGKhzrlxzLPQA1JD6j3+y,1.520725,2.046059,2.724338,0,2591700,24.449213,Interactive,1,1.75
353700,ai0kEteBVGSO30Ocb83ie8uGTsUc07l7gBsrjVeSCKVsGKhzrlxzLPQA1JD6j3+y,1.449977,2.1228580000000004,3.4715480000000003,0,2591700,24.449213,Interactive,1,1.75
354000,ai0kEteBVGSO30Ocb83ie8uGTsUc07l7gBsrjVeSCKVsGKhzrlxzLPQA1JD6j3+y,1.446673,1.9544,2.819345,0,2591700,24.449213,Interactive,1,1.75
354300,ai0kEteBVGSO30Ocb83ie8uGTsUc07l7gBsrjVeSCKVsGKhzrlxzLPQA1JD6j3+y,1.512475,1.967563,2.87907,0,2591700,24.449213,Interactive,1,1.75
354600,ai0kEteBVGSO30Ocb83ie8uGTsUc07l7gBsrjVeSCKVsGKhzrlxzLPQA1JD6j3+y,1.482694,2.058078,3.589486,0,2591700,24.449213,Interactive,1,1.75
354900,ai0kEteBVGSO30Ocb83ie8uGTsUc07l7gBsrjVeSCKVsGKhzrlxzLPQA1JD6j3+y,1.481225,1.939585,2.893897,0,2591700,24.449213,Interactive,1,1.75
355200,ai0kEteBVGSO30Ocb83ie8uGTsUc07l7gBsrjVeSCKVsGKhzrlxzLPQA1JD6j3+y,1.49466,2.114942,3.021575,0,2591700,24.449213,Interactive,1,1.75
355500,ai0kEteBVGSO30Ocb83ie8uGTsUc07l7gBsrjVeSCKVsGKhzrlxzLPQA1JD6j3+y,1.480683,2.003988,2.745214,0,2591700,24.449213,Interactive,1,1.75
355800,ai0kEteBVGSO30Ocb83ie8uGTsUc07l7gBsrjVeSCKVsGKhzrlxzLPQA1JD6j3+y,1.4302860000000002,1.818568,2.70193,0,2591700,24.449213,Interactive,1,1.75
356100,ai0kEteBVGSO30Ocb83ie8uGTsUc07l7gBsrjVeSCKVsGKhzrlxzLPQA1JD6j3+y,1.445113,2.044712,3.542261,0,2591700,24.449213,Interactive,1,1.75
356400,ai0kEteBVGSO30Ocb83ie8uGTsUc07l7gBsrjVeSCKVsGKhzrlxzLPQA1JD6j3+y,1.439219,1.929546,2.725538,0,2591700,24.449213,Interactive,1,1.75
356700,ai0kEteBVGSO30Ocb83ie8uGTsUc07l7gBsrjVeSCKVsGKhzrlxzLPQA1JD6j3+y,1.427681,1.957287,2.871957,0,2591700,24.449213,Interactive,1,1.75
357000,ai0kEteBVGSO30Ocb83ie8uGTsUc07l7gBsrjVeSCKVsGKhzrlxzLPQA1JD6j3+y,1.435122,1.867676,2.74798,0,2591700,24.449213,Interactive,1,1.75
357300,ai0kEteBVGSO30Ocb83ie8uGTsUc07l7gBsrjVeSCKVsGKhzrlxzLPQA1JD6j3+y,1.238193,2.229699,5.388836,0,2591700,24.449213,Interactive,1,1.75
357600,ai0kEteBVGSO30Ocb83ie8uGTsUc07l7gBsrjVeSCKVsGKhzrlxzLPQA1JD6j3+y,1.445542,1.915747,2.707298,0,2591700,24.449213,Interactive,1,1.75
357900,ai0kEteBVGSO30Ocb83ie8uGTsUc07l7gBsrjVeSCKVsGKhzrlxzLPQA1JD6j3+y,1.458446,1.963465,3.699649,0,2591700,24.449213,Interactive,1,1.75
358200,ai0kEteBVGSO30Ocb83ie8uGTsUc07l7gBsrjVeSCKVsGKhzrlxzLPQA1JD6j3+y,1.472795,2.036737,2.654157,0,2591700,24.449213,Interactive,1,1.75
358500,ai0kEteBVGSO30Ocb83ie8uGTsUc07l7gBsrjVeSCKVsGKhzrlxzLPQA1JD6j3+y,1.478542,1.857038,2.7839970000000003,0,2591700,24.449213,Interactive,1,1.75
358800,ai0kEteBVGSO30Ocb83ie8uGTsUc07l7gBsrjVeSCKVsGKhzrlxzLPQA1JD6j3+y,1.391489,2.083364,3.722331,0,2591700,24.449213,Interactive,1,1.75
359100,ai0kEteBVGSO30Ocb83ie8uGTsUc07l7gBsrjVeSCKVsGKhzrlxzLPQA1JD6j3+y,1.3980709999999998,1.882726,2.696195,0,2591700,24.449213,Interactive,1,1.75
359400,ai0kEteBVGSO30Ocb83ie8uGTsUc07l7gBsrjVeSCKVsGKhzrlxzLPQA1JD6j3+y,1.4410459999999998,1.919446,2.836769,0,2591700,24.449213,Interactive,1,1.75
359700,ai0kEteBVGSO30Ocb83ie8uGTsUc07l7gBsrjVeSCKVsGKhzrlxzLPQA1JD6j3+y,1.4119620000000002,2.107279,4.307352,0,2591700,24.449213,Interactive,1,1.75
360000,ai0kEteBVGSO30Ocb83ie8uGTsUc07l7gBsrjVeSCKVsGKhzrlxzLPQA1JD6j3+y,1.454263,1.984485,2.745038,0,2591700,24.449213,Interactive,1,1.75
360300,ai0kEteBVGSO30Ocb83ie8uGTsUc07l7gBsrjVeSCKVsGKhzrlxzLPQA1JD6j3+y,1.415693,1.89948,2.785321,0,2591700,24.449213,Interactive,1,1.75
360600,ai0kEteBVGSO30Ocb83ie8uGTsUc07l7gBsrjVeSCKVsGKhzrlxzLPQA1JD6j3+y,1.385093,2.014278,3.684439,0,2591700,24.449213,Interactive,1,1.75
360900,ai0kEteBVGSO30Ocb83ie8uGTsUc07l7gBsrjVeSCKVsGKhzrlxzLPQA1JD6j3+y,1.438121,2.357799,5.274618,0,2591700,24.449213,Interactive,1,1.75
361200,ai0kEteBVGSO30Ocb83ie8uGTsUc07l7gBsrjVeSCKVsGKhzrlxzLPQA1JD6j3+y,1.497965,1.922141,2.911459,0,2591700,24.449213,Interactive,1,1.75
361500,ai0kEteBVGSO30Ocb83ie8uGTsUc07l7gBsrjVeSCKVsGKhzrlxzLPQA1JD6j3+y,1.521474,2.194925,3.715355,0,2591700,24.449213,Interactive,1,1.75
361800,ai0kEteBVGSO30Ocb83ie8uGTsUc07l7gBsrjVeSCKVsGKhzrlxzLPQA1JD6j3+y,1.463369,1.983948,2.814082,0,2591700,24.449213,Interactive,1,1.75
362100,ai0kEteBVGSO30Ocb83ie8uGTsUc07l7gBsrjVeSCKVsGKhzrlxzLPQA1JD6j3+y,1.414349,1.896967,2.791626,0,2591700,24.449213,Interactive,1,1.75
362400,ai0kEteBVGSO30Ocb83ie8uGTsUc07l7gBsrjVeSCKVsGKhzrlxzLPQA1JD6j3+y,1.460267,1.8144,2.718022,0,2591700,24.449213,Interactive,1,1.75
362700,ai0kEteBVGSO30Ocb83ie8uGTsUc07l7gBsrjVeSCKVsGKhzrlxzLPQA1JD6j3+y,1.434209,1.88631,2.66855,0,2591700,24.449213,Interactive,1,1.75
363000,ai0kEteBVGSO30Ocb83ie8uGTsUc07l7gBsrjVeSCKVsGKhzrlxzLPQA1JD6j3+y,1.4250040000000002,1.8846080000000005,2.672303,0,2591700,24.449213,Interactive,1,1.75
363300,ai0kEteBVGSO30Ocb83ie8uGTsUc07l7gBsrjVeSCKVsGKhzrlxzLPQA1JD6j3+y,1.446903,2.097452,3.700572,0,2591700,24.449213,Interactive,1,1.75
363600,ai0kEteBVGSO30Ocb83ie8uGTsUc07l7gBsrjVeSCKVsGKhzrlxzLPQA1JD6j3+y,1.403537,2.016396,2.782553,0,2591700,24.449213,Interactive,1,1.75
363900,ai0kEteBVGSO30Ocb83ie8uGTsUc07l7gBsrjVeSCKVsGKhzrlxzLPQA1JD6j3+y,0.8675229999999999,1.732833,2.798792,0,2591700,24.449213,Interactive,1,1.75
364200,ai0kEteBVGSO30Ocb83ie8uGTsUc07l7gBsrjVeSCKVsGKhzrlxzLPQA1JD6j3+y,1.436878,2.040469,3.488499,0,2591700,24.449213,Interactive,1,1.75
364500,ai0kEteBVGSO30Ocb83ie8uGTsUc07l7gBsrjVeSCKVsGKhzrlxzLPQA1JD6j3+y,1.404199,1.992725,2.938855,0,2591700,24.449213,Interactive,1,1.75
364800,ai0kEteBVGSO30Ocb83ie8uGTsUc07l7gBsrjVeSCKVsGKhzrlxzLPQA1JD6j3+y,1.448334,1.884721,2.763199,0,2591700,24.449213,Interactive,1,1.75
365100,ai0kEteBVGSO30Ocb83ie8uGTsUc07l7gBsrjVeSCKVsGKhzrlxzLPQA1JD6j3+y,1.458908,1.841097,2.718491,0,2591700,24.449213,Interactive,1,1.75
365400,ai0kEteBVGSO30Ocb83ie8uGTsUc07l7gBsrjVeSCKVsGKhzrlxzLPQA1JD6j3+y,0.88102,1.948684,4.175309,0,2591700,24.449213,Interactive,1,1.75
365700,ai0kEteBVGSO30Ocb83ie8uGTsUc07l7gBsrjVeSCKVsGKhzrlxzLPQA1JD6j3+y,1.402096,1.885084,2.887823,0,2591700,24.449213,Interactive,1,1.75
366000,ai0kEteBVGSO30Ocb83ie8uGTsUc07l7gBsrjVeSCKVsGKhzrlxzLPQA1JD6j3+y,1.439113,2.035807,3.659542,0,2591700,24.449213,Interactive,1,1.75
366300,ai0kEteBVGSO30Ocb83ie8uGTsUc07l7gBsrjVeSCKVsGKhzrlxzLPQA1JD6j3+y,1.46573,2.019496,2.786206,0,2591700,24.449213,Interactive,1,1.75
366600,ai0kEteBVGSO30Ocb83ie8uGTsUc07l7gBsrjVeSCKVsGKhzrlxzLPQA1JD6j3+y,1.486811,2.029593,3.189927,0,2591700,24.449213,Interactive,1,1.75
366900,ai0kEteBVGSO30Ocb83ie8uGTsUc07l7gBsrjVeSCKVsGKhzrlxzLPQA1JD6j3+y,1.431923,2.081624,3.764712,0,2591700,24.449213,Interactive,1,1.75
367200,ai0kEteBVGSO30Ocb83ie8uGTsUc07l7gBsrjVeSCKVsGKhzrlxzLPQA1JD6j3+y,1.432427,1.92054,2.826642,0,2591700,24.449213,Interactive,1,1.75
367500,ai0kEteBVGSO30Ocb83ie8uGTsUc07l7gBsrjVeSCKVsGKhzrlxzLPQA1JD6j3+y,1.484167,1.915941,2.88654,0,2591700,24.449213,Interactive,1,1.75
367800,ai0kEteBVGSO30Ocb83ie8uGTsUc07l7gBsrjVeSCKVsGKhzrlxzLPQA1JD6j3+y,1.410109,1.844167,2.762213,0,2591700,24.449213,Interactive,1,1.75
368100,ai0kEteBVGSO30Ocb83ie8uGTsUc07l7gBsrjVeSCKVsGKhzrlxzLPQA1JD6j3+y,1.309401,2.21865,5.518746,0,2591700,24.449213,Interactive,1,1.75
368400,ai0kEteBVGSO30Ocb83ie8uGTsUc07l7gBsrjVeSCKVsGKhzrlxzLPQA1JD6j3+y,1.383313,3.364918,15.776973000000002,0,2591700,24.449213,Interactive,1,1.75
368700,ai0kEteBVGSO30Ocb83ie8uGTsUc07l7gBsrjVeSCKVsGKhzrlxzLPQA1JD6j3+y,1.537077,8.385672,51.557394,0,2591700,24.449213,Interactive,1,1.75
369000,ai0kEteBVGSO30Ocb83ie8uGTsUc07l7gBsrjVeSCKVsGKhzrlxzLPQA1JD6j3+y,1.400572,2.1487130000000003,3.963132,0,2591700,24.449213,Interactive,1,1.75
369300,ai0kEteBVGSO30Ocb83ie8uGTsUc07l7gBsrjVeSCKVsGKhzrlxzLPQA1JD6j3+y,0.811643,1.7555490000000002,2.90469,0,2591700,24.449213,Interactive,1,1.75
369600,ai0kEteBVGSO30Ocb83ie8uGTsUc07l7gBsrjVeSCKVsGKhzrlxzLPQA1JD6j3+y,1.403987,2.172397,3.695982,0,2591700,24.449213,Interactive,1,1.75
369900,ai0kEteBVGSO30Ocb83ie8uGTsUc07l7gBsrjVeSCKVsGKhzrlxzLPQA1JD6j3+y,0.939348,1.872001,2.981334,0,2591700,24.449213,Interactive,1,1.75
370200,ai0kEteBVGSO30Ocb83ie8uGTsUc07l7gBsrjVeSCKVsGKhzrlxzLPQA1JD6j3+y,1.365308,2.08901,3.073869,0,2591700,24.449213,Interactive,1,1.75
370500,ai0kEteBVGSO30Ocb83ie8uGTsUc07l7gBsrjVeSCKVsGKhzrlxzLPQA1JD6j3+y,1.455078,2.029552,2.786907,0,2591700,24.449213,Interactive,1,1.75
370800,ai0kEteBVGSO30Ocb83ie8uGTsUc07l7gBsrjVeSCKVsGKhzrlxzLPQA1JD6j3+y,1.441337,1.933602,3.000403,0,2591700,24.449213,Interactive,1,1.75
371100,ai0kEteBVGSO30Ocb83ie8uGTsUc07l7gBsrjVeSCKVsGKhzrlxzLPQA1JD6j3+y,1.437335,1.999605,3.009505,0,2591700,24.449213,Interactive,1,1.75
371400,ai0kEteBVGSO30Ocb83ie8uGTsUc07l7gBsrjVeSCKVsGKhzrlxzLPQA1JD6j3+y,1.430491,2.112754,3.723507,0,2591700,24.449213,Interactive,1,1.75
371700,ai0kEteBVGSO30Ocb83ie8uGTsUc07l7gBsrjVeSCKVsGKhzrlxzLPQA1JD6j3+y,1.5208270000000002,2.75137,5.82872,0,2591700,24.449213,Interactive,1,1.75
372000,ai0kEteBVGSO30Ocb83ie8uGTsUc07l7gBsrjVeSCKVsGKhzrlxzLPQA1JD6j3+y,1.703557,2.314605,3.54498,0,2591700,24.449213,Interactive,1,1.75
372300,ai0kEteBVGSO30Ocb83ie8uGTsUc07l7gBsrjVeSCKVsGKhzrlxzLPQA1JD6j3+y,1.4612120000000002,2.257282,3.905278,0,2591700,24.449213,Interactive,1,1.75
372600,ai0kEteBVGSO30Ocb83ie8uGTsUc07l7gBsrjVeSCKVsGKhzrlxzLPQA1JD6j3+y,1.489434,1.972156,3.148819,0,2591700,24.449213,Interactive,1,1.75
372900,ai0kEteBVGSO30Ocb83ie8uGTsUc07l7gBsrjVeSCKVsGKhzrlxzLPQA1JD6j3+y,1.456484,2.012101,2.877699,0,2591700,24.449213,Interactive,1,1.75
373200,ai0kEteBVGSO30Ocb83ie8uGTsUc07l7gBsrjVeSCKVsGKhzrlxzLPQA1JD6j3+y,1.437389,2.8946080000000003,11.03656,0,2591700,24.449213,Interactive,1,1.75
373500,ai0kEteBVGSO30Ocb83ie8uGTsUc07l7gBsrjVeSCKVsGKhzrlxzLPQA1JD6j3+y,1.468021,4.189973999999999,23.538506,0,2591700,24.449213,Interactive,1,1.75
373800,ai0kEteBVGSO30Ocb83ie8uGTsUc07l7gBsrjVeSCKVsGKhzrlxzLPQA1JD6j3+y,1.498546,1.926985,2.908573,0,2591700,24.449213,Interactive,1,1.75
374100,ai0kEteBVGSO30Ocb83ie8uGTsUc07l7gBsrjVeSCKVsGKhzrlxzLPQA1JD6j3+y,1.439014,2.118345,3.855416,0,2591700,24.449213,Interactive,1,1.75
374400,ai0kEteBVGSO30Ocb83ie8uGTsUc07l7gBsrjVeSCKVsGKhzrlxzLPQA1JD6j3+y,1.462167,2.049023,3.13472,0,2591700,24.449213,Interactive,1,1.75
374700,ai0kEteBVGSO30Ocb83ie8uGTsUc07l7gBsrjVeSCKVsGKhzrlxzLPQA1JD6j3+y,1.372065,1.904928,2.825705,0,2591700,24.449213,Interactive,1,1.75
375000,ai0kEteBVGSO30Ocb83ie8uGTsUc07l7gBsrjVeSCKVsGKhzrlxzLPQA1JD6j3+y,1.439344,2.078257,3.711115,0,2591700,24.449213,Interactive,1,1.75
375300,ai0kEteBVGSO30Ocb83ie8uGTsUc07l7gBsrjVeSCKVsGKhzrlxzLPQA1JD6j3+y,1.449426,2.15135,4.472497,0,2591700,24.449213,Interactive,1,1.75
375600,ai0kEteBVGSO30Ocb83ie8uGTsUc07l7gBsrjVeSCKVsGKhzrlxzLPQA1JD6j3+y,1.491636,2.064906,3.514268,0,2591700,24.449213,Interactive,1,1.75
375900,ai0kEteBVGSO30Ocb83ie8uGTsUc07l7gBsrjVeSCKVsGKhzrlxzLPQA1JD6j3+y,1.477221,2.020096,3.574005,0,2591700,24.449213,Interactive,1,1.75
376200,ai0kEteBVGSO30Ocb83ie8uGTsUc07l7gBsrjVeSCKVsGKhzrlxzLPQA1JD6j3+y,1.453263,1.943323,3.180731,0,2591700,24.449213,Interactive,1,1.75
376500,ai0kEteBVGSO30Ocb83ie8uGTsUc07l7gBsrjVeSCKVsGKhzrlxzLPQA1JD6j3+y,1.498609,1.945962,3.052978,0,2591700,24.449213,Interactive,1,1.75
376800,ai0kEteBVGSO30Ocb83ie8uGTsUc07l7gBsrjVeSCKVsGKhzrlxzLPQA1JD6j3+y,1.391134,1.867998,2.8300810000000003,0,2591700,24.449213,Interactive,1,1.75
377100,ai0kEteBVGSO30Ocb83ie8uGTsUc07l7gBsrjVeSCKVsGKhzrlxzLPQA1JD6j3+y,1.435211,1.950706,2.846317,0,2591700,24.449213,Interactive,1,1.75
377400,ai0kEteBVGSO30Ocb83ie8uGTsUc07l7gBsrjVeSCKVsGKhzrlxzLPQA1JD6j3+y,1.322989,1.951331,3.215072,0,2591700,24.449213,Interactive,1,1.75
377700,ai0kEteBVGSO30Ocb83ie8uGTsUc07l7gBsrjVeSCKVsGKhzrlxzLPQA1JD6j3+y,1.466251,2.031112,3.593529,0,2591700,24.449213,Interactive,1,1.75
378000,ai0kEteBVGSO30Ocb83ie8uGTsUc07l7gBsrjVeSCKVsGKhzrlxzLPQA1JD6j3+y,1.450863,1.875317,2.897255,0,2591700,24.449213,Interactive,1,1.75
378300,ai0kEteBVGSO30Ocb83ie8uGTsUc07l7gBsrjVeSCKVsGKhzrlxzLPQA1JD6j3+y,1.491103,2.00191,3.141316,0,2591700,24.449213,Interactive,1,1.75
378600,ai0kEteBVGSO30Ocb83ie8uGTsUc07l7gBsrjVeSCKVsGKhzrlxzLPQA1JD6j3+y,1.416223,1.975641,3.580392,0,2591700,24.449213,Interactive,1,1.75
378900,ai0kEteBVGSO30Ocb83ie8uGTsUc07l7gBsrjVeSCKVsGKhzrlxzLPQA1JD6j3+y,1.464467,2.345206,4.620463,0,2591700,24.449213,Interactive,1,1.75
379200,ai0kEteBVGSO30Ocb83ie8uGTsUc07l7gBsrjVeSCKVsGKhzrlxzLPQA1JD6j3+y,1.494245,1.987634,2.9628810000000003,0,2591700,24.449213,Interactive,1,1.75
379500,ai0kEteBVGSO30Ocb83ie8uGTsUc07l7gBsrjVeSCKVsGKhzrlxzLPQA1JD6j3+y,1.007104,1.817197,2.961598,0,2591700,24.449213,Interactive,1,1.75
379800,ai0kEteBVGSO30Ocb83ie8uGTsUc07l7gBsrjVeSCKVsGKhzrlxzLPQA1JD6j3+y,1.479222,1.929828,2.910384,0,2591700,24.449213,Interactive,1,1.75
380100,ai0kEteBVGSO30Ocb83ie8uGTsUc07l7gBsrjVeSCKVsGKhzrlxzLPQA1JD6j3+y,1.0063540000000002,1.860977,2.993641,0,2591700,24.449213,Interactive,1,1.75
380400,ai0kEteBVGSO30Ocb83ie8uGTsUc07l7gBsrjVeSCKVsGKhzrlxzLPQA1JD6j3+y,1.456195,2.093836,3.589181,0,2591700,24.449213,Interactive,1,1.75
380700,ai0kEteBVGSO30Ocb83ie8uGTsUc07l7gBsrjVeSCKVsGKhzrlxzLPQA1JD6j3+y,1.479217,1.88817,2.890192,0,2591700,24.449213,Interactive,1,1.75
381000,ai0kEteBVGSO30Ocb83ie8uGTsUc07l7gBsrjVeSCKVsGKhzrlxzLPQA1JD6j3+y,1.49156,2.006781,2.930487,0,2591700,24.449213,Interactive,1,1.75
381300,ai0kEteBVGSO30Ocb83ie8uGTsUc07l7gBsrjVeSCKVsGKhzrlxzLPQA1JD6j3+y,0.756822,1.892955,3.630239,0,2591700,24.449213,Interactive,1,1.75
381600,ai0kEteBVGSO30Ocb83ie8uGTsUc07l7gBsrjVeSCKVsGKhzrlxzLPQA1JD6j3+y,1.460341,1.98398,3.031381,0,2591700,24.449213,Interactive,1,1.75
381900,ai0kEteBVGSO30Ocb83ie8uGTsUc07l7gBsrjVeSCKVsGKhzrlxzLPQA1JD6j3+y,1.432539,4.230993,21.610007,0,2591700,24.449213,Interactive,1,1.75
382200,ai0kEteBVGSO30Ocb83ie8uGTsUc07l7gBsrjVeSCKVsGKhzrlxzLPQA1JD6j3+y,1.485529,1.908076,2.756079,0,2591700,24.449213,Interactive,1,1.75
382500,ai0kEteBVGSO30Ocb83ie8uGTsUc07l7gBsrjVeSCKVsGKhzrlxzLPQA1JD6j3+y,1.483142,4.475577,25.407483,0,2591700,24.449213,Interactive,1,1.75
382800,ai0kEteBVGSO30Ocb83ie8uGTsUc07l7gBsrjVeSCKVsGKhzrlxzLPQA1JD6j3+y,1.459309,2.056995,3.360062,0,2591700,24.449213,Interactive,1,1.75
383100,ai0kEteBVGSO30Ocb83ie8uGTsUc07l7gBsrjVeSCKVsGKhzrlxzLPQA1JD6j3+y,1.537903,2.221473,3.869255,0,2591700,24.449213,Interactive,1,1.75
383400,ai0kEteBVGSO30Ocb83ie8uGTsUc07l7gBsrjVeSCKVsGKhzrlxzLPQA1JD6j3+y,0.835976,1.740004,2.846051,0,2591700,24.449213,Interactive,1,1.75
383700,ai0kEteBVGSO30Ocb83ie8uGTsUc07l7gBsrjVeSCKVsGKhzrlxzLPQA1JD6j3+y,1.469427,2.003646,2.942902,0,2591700,24.449213,Interactive,1,1.75
384000,ai0kEteBVGSO30Ocb83ie8uGTsUc07l7gBsrjVeSCKVsGKhzrlxzLPQA1JD6j3+y,1.478566,1.93946,3.593656,0,2591700,24.449213,Interactive,1,1.75
384300,ai0kEteBVGSO30Ocb83ie8uGTsUc07l7gBsrjVeSCKVsGKhzrlxzLPQA1JD6j3+y,1.473937,1.940707,3.0876080000000004,0,2591700,24.449213,Interactive,1,1.75
384600,ai0kEteBVGSO30Ocb83ie8uGTsUc07l7gBsrjVeSCKVsGKhzrlxzLPQA1JD6j3+y,1.500713,1.972397,3.054863,0,2591700,24.449213,Interactive,1,1.75
384900,ai0kEteBVGSO30Ocb83ie8uGTsUc07l7gBsrjVeSCKVsGKhzrlxzLPQA1JD6j3+y,0.87282,1.774833,2.768496,0,2591700,24.449213,Interactive,1,1.75
385200,ai0kEteBVGSO30Ocb83ie8uGTsUc07l7gBsrjVeSCKVsGKhzrlxzLPQA1JD6j3+y,1.435388,1.919838,3.028248,0,2591700,24.449213,Interactive,1,1.75
385500,ai0kEteBVGSO30Ocb83ie8uGTsUc07l7gBsrjVeSCKVsGKhzrlxzLPQA1JD6j3+y,1.101244,1.867552,2.982613,0,2591700,24.449213,Interactive,1,1.75
385800,ai0kEteBVGSO30Ocb83ie8uGTsUc07l7gBsrjVeSCKVsGKhzrlxzLPQA1JD6j3+y,1.4710219999999998,2.067135,3.63473,0,2591700,24.449213,Interactive,1,1.75
386100,ai0kEteBVGSO30Ocb83ie8uGTsUc07l7gBsrjVeSCKVsGKhzrlxzLPQA1JD6j3+y,1.075924,2.181284,4.758594,0,2591700,24.449213,Interactive,1,1.75
386400,ai0kEteBVGSO30Ocb83ie8uGTsUc07l7gBsrjVeSCKVsGKhzrlxzLPQA1JD6j3+y,1.496096,2.04153,2.98363,0,2591700,24.449213,Interactive,1,1.75
386700,ai0kEteBVGSO30Ocb83ie8uGTsUc07l7gBsrjVeSCKVsGKhzrlxzLPQA1JD6j3+y,1.519475,1.988174,3.615495,0,2591700,24.449213,Interactive,1,1.75
387000,ai0kEteBVGSO30Ocb83ie8uGTsUc07l7gBsrjVeSCKVsGKhzrlxzLPQA1JD6j3+y,1.528641,1.924452,2.9591,0,2591700,24.449213,Interactive,1,1.75
387300,ai0kEteBVGSO30Ocb83ie8uGTsUc07l7gBsrjVeSCKVsGKhzrlxzLPQA1JD6j3+y,0.8220200000000001,1.871222,3.145935,0,2591700,24.449213,Interactive,1,1.75
387600,ai0kEteBVGSO30Ocb83ie8uGTsUc07l7gBsrjVeSCKVsGKhzrlxzLPQA1JD6j3+y,0.8963770000000001,1.80455,2.792879,0,2591700,24.449213,Interactive,1,1.75
387900,ai0kEteBVGSO30Ocb83ie8uGTsUc07l7gBsrjVeSCKVsGKhzrlxzLPQA1JD6j3+y,1.476055,1.959022,3.05247,0,2591700,24.449213,Interactive,1,1.75
388200,ai0kEteBVGSO30Ocb83ie8uGTsUc07l7gBsrjVeSCKVsGKhzrlxzLPQA1JD6j3+y,1.144081,1.940783,3.240176,0,2591700,24.449213,Interactive,1,1.75
388500,ai0kEteBVGSO30Ocb83ie8uGTsUc07l7gBsrjVeSCKVsGKhzrlxzLPQA1JD6j3+y,1.45705,2.062297,3.378101,0,2591700,24.449213,Interactive,1,1.75
388800,ai0kEteBVGSO30Ocb83ie8uGTsUc07l7gBsrjVeSCKVsGKhzrlxzLPQA1JD6j3+y,1.486341,2.115827,4.111103,0,2591700,24.449213,Interactive,1,1.75
389100,ai0kEteBVGSO30Ocb83ie8uGTsUc07l7gBsrjVeSCKVsGKhzrlxzLPQA1JD6j3+y,1.406353,2.01282,3.231376,0,2591700,24.449213,Interactive,1,1.75
389400,ai0kEteBVGSO30Ocb83ie8uGTsUc07l7gBsrjVeSCKVsGKhzrlxzLPQA1JD6j3+y,1.463832,2.244086,4.300326,0,2591700,24.449213,Interactive,1,1.75
389700,ai0kEteBVGSO30Ocb83ie8uGTsUc07l7gBsrjVeSCKVsGKhzrlxzLPQA1JD6j3+y,1.49539,2.295825,4.670467,0,2591700,24.449213,Interactive,1,1.75
390000,ai0kEteBVGSO30Ocb83ie8uGTsUc07l7gBsrjVeSCKVsGKhzrlxzLPQA1JD6j3+y,1.423089,1.947505,3.209509,0,2591700,24.449213,Interactive,1,1.75
390300,ai0kEteBVGSO30Ocb83ie8uGTsUc07l7gBsrjVeSCKVsGKhzrlxzLPQA1JD6j3+y,1.502935,2.133773,2.982502,0,2591700,24.449213,Interactive,1,1.75
390600,ai0kEteBVGSO30Ocb83ie8uGTsUc07l7gBsrjVeSCKVsGKhzrlxzLPQA1JD6j3+y,1.556576,2.352173,4.223849,0,2591700,24.449213,Interactive,1,1.75
390900,ai0kEteBVGSO30Ocb83ie8uGTsUc07l7gBsrjVeSCKVsGKhzrlxzLPQA1JD6j3+y,1.469375,2.446801,6.020021,0,2591700,24.449213,Interactive,1,1.75
391200,ai0kEteBVGSO30Ocb83ie8uGTsUc07l7gBsrjVeSCKVsGKhzrlxzLPQA1JD6j3+y,1.438538,2.115439,3.627867,0,2591700,24.449213,Interactive,1,1.75
391500,ai0kEteBVGSO30Ocb83ie8uGTsUc07l7gBsrjVeSCKVsGKhzrlxzLPQA1JD6j3+y,1.483092,1.851888,3.053569,0,2591700,24.449213,Interactive,1,1.75
391800,ai0kEteBVGSO30Ocb83ie8uGTsUc07l7gBsrjVeSCKVsGKhzrlxzLPQA1JD6j3+y,1.4056620000000002,2.031342,3.516659,0,2591700,24.449213,Interactive,1,1.75
392100,ai0kEteBVGSO30Ocb83ie8uGTsUc07l7gBsrjVeSCKVsGKhzrlxzLPQA1JD6j3+y,1.057415,1.952286,2.792454,0,2591700,24.449213,Interactive,1,1.75
392400,ai0kEteBVGSO30Ocb83ie8uGTsUc07l7gBsrjVeSCKVsGKhzrlxzLPQA1JD6j3+y,1.40285,1.939492,3.084755,0,2591700,24.449213,Interactive,1,1.75
392700,ai0kEteBVGSO30Ocb83ie8uGTsUc07l7gBsrjVeSCKVsGKhzrlxzLPQA1JD6j3+y,1.441117,4.111143,23.237844,0,2591700,24.449213,Interactive,1,1.75
393000,ai0kEteBVGSO30Ocb83ie8uGTsUc07l7gBsrjVeSCKVsGKhzrlxzLPQA1JD6j3+y,0.78985,1.95154,3.093462,0,2591700,24.449213,Interactive,1,1.75
393300,ai0kEteBVGSO30Ocb83ie8uGTsUc07l7gBsrjVeSCKVsGKhzrlxzLPQA1JD6j3+y,1.387534,2.262225,4.802842,0,2591700,24.449213,Interactive,1,1.75
393600,ai0kEteBVGSO30Ocb83ie8uGTsUc07l7gBsrjVeSCKVsGKhzrlxzLPQA1JD6j3+y,0.696634,1.9925,4.140974,0,2591700,24.449213,Interactive,1,1.75
393900,ai0kEteBVGSO30Ocb83ie8uGTsUc07l7gBsrjVeSCKVsGKhzrlxzLPQA1JD6j3+y,1.407132,2.629367,7.906452000000001,0,2591700,24.449213,Interactive,1,1.75
394200,ai0kEteBVGSO30Ocb83ie8uGTsUc07l7gBsrjVeSCKVsGKhzrlxzLPQA1JD6j3+y,1.142987,2.515579,7.611569999999999,0,2591700,24.449213,Interactive,1,1.75
394500,ai0kEteBVGSO30Ocb83ie8uGTsUc07l7gBsrjVeSCKVsGKhzrlxzLPQA1JD6j3+y,1.604336,2.323166,3.840526,0,2591700,24.449213,Interactive,1,1.75
394800,ai0kEteBVGSO30Ocb83ie8uGTsUc07l7gBsrjVeSCKVsGKhzrlxzLPQA1JD6j3+y,1.066591,2.02915,2.762203,0,2591700,24.449213,Interactive,1,1.75
395100,ai0kEteBVGSO30Ocb83ie8uGTsUc07l7gBsrjVeSCKVsGKhzrlxzLPQA1JD6j3+y,1.405544,1.945309,2.9676,0,2591700,24.449213,Interactive,1,1.75
395400,ai0kEteBVGSO30Ocb83ie8uGTsUc07l7gBsrjVeSCKVsGKhzrlxzLPQA1JD6j3+y,1.387571,1.998046,4.025429,0,2591700,24.449213,Interactive,1,1.75
395700,ai0kEteBVGSO30Ocb83ie8uGTsUc07l7gBsrjVeSCKVsGKhzrlxzLPQA1JD6j3+y,0.934287,1.908211,3.006846,0,2591700,24.449213,Interactive,1,1.75
396000,ai0kEteBVGSO30Ocb83ie8uGTsUc07l7gBsrjVeSCKVsGKhzrlxzLPQA1JD6j3+y,1.438596,2.097728,3.159671,0,2591700,24.449213,Interactive,1,1.75
396300,ai0kEteBVGSO30Ocb83ie8uGTsUc07l7gBsrjVeSCKVsGKhzrlxzLPQA1JD6j3+y,1.4959639999999998,2.19913,4.562128,0,2591700,24.449213,Interactive,1,1.75
396600,ai0kEteBVGSO30Ocb83ie8uGTsUc07l7gBsrjVeSCKVsGKhzrlxzLPQA1JD6j3+y,1.47538,2.121017,3.179089,0,2591700,24.449213,Interactive,1,1.75
396900,ai0kEteBVGSO30Ocb83ie8uGTsUc07l7gBsrjVeSCKVsGKhzrlxzLPQA1JD6j3+y,1.414943,2.201382,4.785615,0,2591700,24.449213,Interactive,1,1.75
397200,ai0kEteBVGSO30Ocb83ie8uGTsUc07l7gBsrjVeSCKVsGKhzrlxzLPQA1JD6j3+y,1.36804,5.125122,32.688933,0,2591700,24.449213,Interactive,1,1.75
397500,ai0kEteBVGSO30Ocb83ie8uGTsUc07l7gBsrjVeSCKVsGKhzrlxzLPQA1JD6j3+y,1.160925,7.870072,48.232777,0,2591700,24.449213,Interactive,1,1.75
397800,ai0kEteBVGSO30Ocb83ie8uGTsUc07l7gBsrjVeSCKVsGKhzrlxzLPQA1JD6j3+y,1.460965,2.022144,2.929566,0,2591700,24.449213,Interactive,1,1.75
398100,ai0kEteBVGSO30Ocb83ie8uGTsUc07l7gBsrjVeSCKVsGKhzrlxzLPQA1JD6j3+y,1.257032,1.805827,2.870671,0,2591700,24.449213,Interactive,1,1.75
398400,ai0kEteBVGSO30Ocb83ie8uGTsUc07l7gBsrjVeSCKVsGKhzrlxzLPQA1JD6j3+y,1.255716,1.968563,3.014681,0,2591700,24.449213,Interactive,1,1.75
398700,ai0kEteBVGSO30Ocb83ie8uGTsUc07l7gBsrjVeSCKVsGKhzrlxzLPQA1JD6j3+y,1.427933,1.915595,3.078675,0,2591700,24.449213,Interactive,1,1.75
399000,ai0kEteBVGSO30Ocb83ie8uGTsUc07l7gBsrjVeSCKVsGKhzrlxzLPQA1JD6j3+y,1.378463,1.980869,3.952435,0,2591700,24.449213,Interactive,1,1.75
399300,ai0kEteBVGSO30Ocb83ie8uGTsUc07l7gBsrjVeSCKVsGKhzrlxzLPQA1JD6j3+y,1.445976,2.076925,2.915931,0,2591700,24.449213,Interactive,1,1.75
399600,ai0kEteBVGSO30Ocb83ie8uGTsUc07l7gBsrjVeSCKVsGKhzrlxzLPQA1JD6j3+y,1.420632,1.882235,2.987506,0,2591700,24.449213,Interactive,1,1.75
399900,ai0kEteBVGSO30Ocb83ie8uGTsUc07l7gBsrjVeSCKVsGKhzrlxzLPQA1JD6j3+y,1.414826,2.017192,3.822685,0,2591700,24.449213,Interactive,1,1.75
400200,ai0kEteBVGSO30Ocb83ie8uGTsUc07l7gBsrjVeSCKVsGKhzrlxzLPQA1JD6j3+y,1.352599,1.925893,2.745483,0,2591700,24.449213,Interactive,1,1.75
400500,ai0kEteBVGSO30Ocb83ie8uGTsUc07l7gBsrjVeSCKVsGKhzrlxzLPQA1JD6j3+y,1.36589,2.239668,4.726525,0,2591700,24.449213,Interactive,1,1.75
400800,ai0kEteBVGSO30Ocb83ie8uGTsUc07l7gBsrjVeSCKVsGKhzrlxzLPQA1JD6j3+y,1.21859,1.715471,2.601506,0,2591700,24.449213,Interactive,1,1.75
401100,ai0kEteBVGSO30Ocb83ie8uGTsUc07l7gBsrjVeSCKVsGKhzrlxzLPQA1JD6j3+y,0.8515870000000001,1.9815,2.927906,0,2591700,24.449213,Interactive,1,1.75
401400,ai0kEteBVGSO30Ocb83ie8uGTsUc07l7gBsrjVeSCKVsGKhzrlxzLPQA1JD6j3+y,1.409238,1.914234,3.068401,0,2591700,24.449213,Interactive,1,1.75
401700,ai0kEteBVGSO30Ocb83ie8uGTsUc07l7gBsrjVeSCKVsGKhzrlxzLPQA1JD6j3+y,0.942914,1.893181,3.813849,0,2591700,24.449213,Interactive,1,1.75
402000,ai0kEteBVGSO30Ocb83ie8uGTsUc07l7gBsrjVeSCKVsGKhzrlxzLPQA1JD6j3+y,1.404893,2.036714,3.016782,0,2591700,24.449213,Interactive,1,1.75
402300,ai0kEteBVGSO30Ocb83ie8uGTsUc07l7gBsrjVeSCKVsGKhzrlxzLPQA1JD6j3+y,1.356355,1.891218,3.192406,0,2591700,24.449213,Interactive,1,1.75
402600,ai0kEteBVGSO30Ocb83ie8uGTsUc07l7gBsrjVeSCKVsGKhzrlxzLPQA1JD6j3+y,1.3484200000000002,1.996952,3.875092,0,2591700,24.449213,Interactive,1,1.75
402900,ai0kEteBVGSO30Ocb83ie8uGTsUc07l7gBsrjVeSCKVsGKhzrlxzLPQA1JD6j3+y,1.405114,1.956218,2.891883,0,2591700,24.449213,Interactive,1,1.75
403200,ai0kEteBVGSO30Ocb83ie8uGTsUc07l7gBsrjVeSCKVsGKhzrlxzLPQA1JD6j3+y,1.385493,1.890409,2.92133,0,2591700,24.449213,Interactive,1,1.75
403500,ai0kEteBVGSO30Ocb83ie8uGTsUc07l7gBsrjVeSCKVsGKhzrlxzLPQA1JD6j3+y,1.372965,1.725999,2.582977,0,2591700,24.449213,Interactive,1,1.75
403800,ai0kEteBVGSO30Ocb83ie8uGTsUc07l7gBsrjVeSCKVsGKhzrlxzLPQA1JD6j3+y,1.37386,1.974878,2.934993,0,2591700,24.449213,Interactive,1,1.75
404100,ai0kEteBVGSO30Ocb83ie8uGTsUc07l7gBsrjVeSCKVsGKhzrlxzLPQA1JD6j3+y,1.38225,2.216371,4.653455999999999,0,2591700,24.449213,Interactive,1,1.75
404400,ai0kEteBVGSO30Ocb83ie8uGTsUc07l7gBsrjVeSCKVsGKhzrlxzLPQA1JD6j3+y,1.38891,1.96841,4.004275,0,2591700,24.449213,Interactive,1,1.75
404700,ai0kEteBVGSO30Ocb83ie8uGTsUc07l7gBsrjVeSCKVsGKhzrlxzLPQA1JD6j3+y,1.449949,2.149982,3.349335,0,2591700,24.449213,Interactive,1,1.75
405000,ai0kEteBVGSO30Ocb83ie8uGTsUc07l7gBsrjVeSCKVsGKhzrlxzLPQA1JD6j3+y,1.429737,1.832475,3.02421,0,2591700,24.449213,Interactive,1,1.75
405300,ai0kEteBVGSO30Ocb83ie8uGTsUc07l7gBsrjVeSCKVsGKhzrlxzLPQA1JD6j3+y,1.397158,1.995733,4.002393,0,2591700,24.449213,Interactive,1,1.75
405600,ai0kEteBVGSO30Ocb83ie8uGTsUc07l7gBsrjVeSCKVsGKhzrlxzLPQA1JD6j3+y,1.424585,2.077643,2.891894,0,2591700,24.449213,Interactive,1,1.75
405900,ai0kEteBVGSO30Ocb83ie8uGTsUc07l7gBsrjVeSCKVsGKhzrlxzLPQA1JD6j3+y,1.449968,1.929156,3.065809,0,2591700,24.449213,Interactive,1,1.75
406200,ai0kEteBVGSO30Ocb83ie8uGTsUc07l7gBsrjVeSCKVsGKhzrlxzLPQA1JD6j3+y,1.418197,1.80563,2.654392,0,2591700,24.449213,Interactive,1,1.75
406500,ai0kEteBVGSO30Ocb83ie8uGTsUc07l7gBsrjVeSCKVsGKhzrlxzLPQA1JD6j3+y,1.436771,2.052339,3.050243,0,2591700,24.449213,Interactive,1,1.75
406800,ai0kEteBVGSO30Ocb83ie8uGTsUc07l7gBsrjVeSCKVsGKhzrlxzLPQA1JD6j3+y,1.439925,1.903662,2.998545,0,2591700,24.449213,Interactive,1,1.75
407100,ai0kEteBVGSO30Ocb83ie8uGTsUc07l7gBsrjVeSCKVsGKhzrlxzLPQA1JD6j3+y,1.44826,1.891604,3.844075,0,2591700,24.449213,Interactive,1,1.75
407400,ai0kEteBVGSO30Ocb83ie8uGTsUc07l7gBsrjVeSCKVsGKhzrlxzLPQA1JD6j3+y,1.396874,2.040434,3.154848,0,2591700,24.449213,Interactive,1,1.75
407700,ai0kEteBVGSO30Ocb83ie8uGTsUc07l7gBsrjVeSCKVsGKhzrlxzLPQA1JD6j3+y,1.037902,2.116157,4.911662000000001,0,2591700,24.449213,Interactive,1,1.75
408000,ai0kEteBVGSO30Ocb83ie8uGTsUc07l7gBsrjVeSCKVsGKhzrlxzLPQA1JD6j3+y,1.403201,1.988737,3.906204,0,2591700,24.449213,Interactive,1,1.75
408300,ai0kEteBVGSO30Ocb83ie8uGTsUc07l7gBsrjVeSCKVsGKhzrlxzLPQA1JD6j3+y,1.115475,1.933653,2.936691,0,2591700,24.449213,Interactive,1,1.75
408600,ai0kEteBVGSO30Ocb83ie8uGTsUc07l7gBsrjVeSCKVsGKhzrlxzLPQA1JD6j3+y,1.452415,1.881103,2.8823,0,2591700,24.449213,Interactive,1,1.75
408900,ai0kEteBVGSO30Ocb83ie8uGTsUc07l7gBsrjVeSCKVsGKhzrlxzLPQA1JD6j3+y,1.399046,1.76665,2.81638,0,2591700,24.449213,Interactive,1,1.75
409200,ai0kEteBVGSO30Ocb83ie8uGTsUc07l7gBsrjVeSCKVsGKhzrlxzLPQA1JD6j3+y,1.386294,2.018863,2.9408540000000003,0,2591700,24.449213,Interactive,1,1.75
409500,ai0kEteBVGSO30Ocb83ie8uGTsUc07l7gBsrjVeSCKVsGKhzrlxzLPQA1JD6j3+y,1.437582,1.893652,3.1130400000000003,0,2591700,24.449213,Interactive,1,1.75
409800,ai0kEteBVGSO30Ocb83ie8uGTsUc07l7gBsrjVeSCKVsGKhzrlxzLPQA1JD6j3+y,1.399389,2.028736,3.807941000000001,0,2591700,24.449213,Interactive,1,1.75
410100,ai0kEteBVGSO30Ocb83ie8uGTsUc07l7gBsrjVeSCKVsGKhzrlxzLPQA1JD6j3+y,1.461253,1.992165,2.886263,0,2591700,24.449213,Interactive,1,1.75
410400,ai0kEteBVGSO30Ocb83ie8uGTsUc07l7gBsrjVeSCKVsGKhzrlxzLPQA1JD6j3+y,1.4444549999999998,1.996789,2.997901,0,2591700,24.449213,Interactive,1,1.75
410700,ai0kEteBVGSO30Ocb83ie8uGTsUc07l7gBsrjVeSCKVsGKhzrlxzLPQA1JD6j3+y,1.438761,2.000661,3.667006,0,2591700,24.449213,Interactive,1,1.75
411000,ai0kEteBVGSO30Ocb83ie8uGTsUc07l7gBsrjVeSCKVsGKhzrlxzLPQA1JD6j3+y,1.445442,4.121737,23.575113,0,2591700,24.449213,Interactive,1,1.75
411300,ai0kEteBVGSO30Ocb83ie8uGTsUc07l7gBsrjVeSCKVsGKhzrlxzLPQA1JD6j3+y,1.545611,2.44612,4.834907,0,2591700,24.449213,Interactive,1,1.75
411600,ai0kEteBVGSO30Ocb83ie8uGTsUc07l7gBsrjVeSCKVsGKhzrlxzLPQA1JD6j3+y,1.425145,1.889091,3.469538,0,2591700,24.449213,Interactive,1,1.75
411900,ai0kEteBVGSO30Ocb83ie8uGTsUc07l7gBsrjVeSCKVsGKhzrlxzLPQA1JD6j3+y,1.429043,2.056139,2.9917,0,2591700,24.449213,Interactive,1,1.75
412200,ai0kEteBVGSO30Ocb83ie8uGTsUc07l7gBsrjVeSCKVsGKhzrlxzLPQA1JD6j3+y,1.466869,1.97193,2.968741,0,2591700,24.449213,Interactive,1,1.75
412500,ai0kEteBVGSO30Ocb83ie8uGTsUc07l7gBsrjVeSCKVsGKhzrlxzLPQA1JD6j3+y,1.093955,1.925928,3.664925,0,2591700,24.449213,Interactive,1,1.75
412800,ai0kEteBVGSO30Ocb83ie8uGTsUc07l7gBsrjVeSCKVsGKhzrlxzLPQA1JD6j3+y,1.452976,1.980184,2.866129,0,2591700,24.449213,Interactive,1,1.75
413100,ai0kEteBVGSO30Ocb83ie8uGTsUc07l7gBsrjVeSCKVsGKhzrlxzLPQA1JD6j3+y,0.50254,1.886981,3.046773,0,2591700,24.449213,Interactive,1,1.75
413400,ai0kEteBVGSO30Ocb83ie8uGTsUc07l7gBsrjVeSCKVsGKhzrlxzLPQA1JD6j3+y,1.418099,2.003134,3.586359,0,2591700,24.449213,Interactive,1,1.75
413700,ai0kEteBVGSO30Ocb83ie8uGTsUc07l7gBsrjVeSCKVsGKhzrlxzLPQA1JD6j3+y,0.553908,1.914201,3.048247,0,2591700,24.449213,Interactive,1,1.75
414000,ai0kEteBVGSO30Ocb83ie8uGTsUc07l7gBsrjVeSCKVsGKhzrlxzLPQA1JD6j3+y,1.457583,2.007862,3.150028,0,2591700,24.449213,Interactive,1,1.75
414300,ai0kEteBVGSO30Ocb83ie8uGTsUc07l7gBsrjVeSCKVsGKhzrlxzLPQA1JD6j3+y,1.037493,1.788028,3.510228,0,2591700,24.449213,Interactive,1,1.75
414600,ai0kEteBVGSO30Ocb83ie8uGTsUc07l7gBsrjVeSCKVsGKhzrlxzLPQA1JD6j3+y,0.898091,1.892148,2.928652,0,2591700,24.449213,Interactive,1,1.75
414900,ai0kEteBVGSO30Ocb83ie8uGTsUc07l7gBsrjVeSCKVsGKhzrlxzLPQA1JD6j3+y,1.478788,2.347433,4.90669,0,2591700,24.449213,Interactive,1,1.75
415200,ai0kEteBVGSO30Ocb83ie8uGTsUc07l7gBsrjVeSCKVsGKhzrlxzLPQA1JD6j3+y,0.5575359999999999,1.930834,3.672833,0,2591700,24.449213,Interactive,1,1.75
415500,ai0kEteBVGSO30Ocb83ie8uGTsUc07l7gBsrjVeSCKVsGKhzrlxzLPQA1JD6j3+y,1.4211790000000002,1.953147,3.009711,0,2591700,24.449213,Interactive,1,1.75
415800,ai0kEteBVGSO30Ocb83ie8uGTsUc07l7gBsrjVeSCKVsGKhzrlxzLPQA1JD6j3+y,0.873086,1.90935,2.998304,0,2591700,24.449213,Interactive,1,1.75
416100,ai0kEteBVGSO30Ocb83ie8uGTsUc07l7gBsrjVeSCKVsGKhzrlxzLPQA1JD6j3+y,1.420277,2.053999,3.573552,0,2591700,24.449213,Interactive,1,1.75
416400,ai0kEteBVGSO30Ocb83ie8uGTsUc07l7gBsrjVeSCKVsGKhzrlxzLPQA1JD6j3+y,1.026777,1.907498,3.005896,0,2591700,24.449213,Interactive,1,1.75
416700,ai0kEteBVGSO30Ocb83ie8uGTsUc07l7gBsrjVeSCKVsGKhzrlxzLPQA1JD6j3+y,1.487714,2.063504,3.232919,0,2591700,24.449213,Interactive,1,1.75
417000,ai0kEteBVGSO30Ocb83ie8uGTsUc07l7gBsrjVeSCKVsGKhzrlxzLPQA1JD6j3+y,1.413831,1.838083,3.528814,0,2591700,24.449213,Interactive,1,1.75
417300,ai0kEteBVGSO30Ocb83ie8uGTsUc07l7gBsrjVeSCKVsGKhzrlxzLPQA1JD6j3+y,1.463043,2.430169,6.3959470000000005,0,2591700,24.449213,Interactive,1,1.75
417600,ai0kEteBVGSO30Ocb83ie8uGTsUc07l7gBsrjVeSCKVsGKhzrlxzLPQA1JD6j3+y,1.476588,1.978742,2.801295,0,2591700,24.449213,Interactive,1,1.75
417900,ai0kEteBVGSO30Ocb83ie8uGTsUc07l7gBsrjVeSCKVsGKhzrlxzLPQA1JD6j3+y,1.20256,1.973217,3.673093,0,2591700,24.449213,Interactive,1,1.75
418200,ai0kEteBVGSO30Ocb83ie8uGTsUc07l7gBsrjVeSCKVsGKhzrlxzLPQA1JD6j3+y,1.462482,1.993044,3.192995,0,2591700,24.449213,Interactive,1,1.75
418500,ai0kEteBVGSO30Ocb83ie8uGTsUc07l7gBsrjVeSCKVsGKhzrlxzLPQA1JD6j3+y,0.972709,2.297979,4.885574,0,2591700,24.449213,Interactive,1,1.75
418800,ai0kEteBVGSO30Ocb83ie8uGTsUc07l7gBsrjVeSCKVsGKhzrlxzLPQA1JD6j3+y,1.436776,2.00998,3.629272,0,2591700,24.449213,Interactive,1,1.75
419100,ai0kEteBVGSO30Ocb83ie8uGTsUc07l7gBsrjVeSCKVsGKhzrlxzLPQA1JD6j3+y,1.42763,2.012101,3.050317,0,2591700,24.449213,Interactive,1,1.75
419400,ai0kEteBVGSO30Ocb83ie8uGTsUc07l7gBsrjVeSCKVsGKhzrlxzLPQA1JD6j3+y,1.458616,2.013582,2.862107,0,2591700,24.449213,Interactive,1,1.75
419700,ai0kEteBVGSO30Ocb83ie8uGTsUc07l7gBsrjVeSCKVsGKhzrlxzLPQA1JD6j3+y,1.34839,1.846474,3.525608,0,2591700,24.449213,Interactive,1,1.75
420000,ai0kEteBVGSO30Ocb83ie8uGTsUc07l7gBsrjVeSCKVsGKhzrlxzLPQA1JD6j3+y,0.8877639999999999,1.916972,3.263946,0,2591700,24.449213,Interactive,1,1.75
420300,ai0kEteBVGSO30Ocb83ie8uGTsUc07l7gBsrjVeSCKVsGKhzrlxzLPQA1JD6j3+y,1.470275,2.003529,2.957514,0,2591700,24.449213,Interactive,1,1.75
420600,ai0kEteBVGSO30Ocb83ie8uGTsUc07l7gBsrjVeSCKVsGKhzrlxzLPQA1JD6j3+y,1.188899,2.005983,3.713776,0,2591700,24.449213,Interactive,1,1.75
420900,ai0kEteBVGSO30Ocb83ie8uGTsUc07l7gBsrjVeSCKVsGKhzrlxzLPQA1JD6j3+y,1.419665,1.955467,2.982543,0,2591700,24.449213,Interactive,1,1.75
421200,ai0kEteBVGSO30Ocb83ie8uGTsUc07l7gBsrjVeSCKVsGKhzrlxzLPQA1JD6j3+y,1.437726,2.073827,3.199755,0,2591700,24.449213,Interactive,1,1.75
421500,ai0kEteBVGSO30Ocb83ie8uGTsUc07l7gBsrjVeSCKVsGKhzrlxzLPQA1JD6j3+y,1.416488,2.0007740000000003,3.33163,0,2591700,24.449213,Interactive,1,1.75
421800,ai0kEteBVGSO30Ocb83ie8uGTsUc07l7gBsrjVeSCKVsGKhzrlxzLPQA1JD6j3+y,1.470221,1.842636,2.8173310000000003,0,2591700,24.449213,Interactive,1,1.75
422100,ai0kEteBVGSO30Ocb83ie8uGTsUc07l7gBsrjVeSCKVsGKhzrlxzLPQA1JD6j3+y,1.5034610000000002,2.341453,4.721531,0,2591700,24.449213,Interactive,1,1.75
422400,ai0kEteBVGSO30Ocb83ie8uGTsUc07l7gBsrjVeSCKVsGKhzrlxzLPQA1JD6j3+y,1.3990479999999998,1.908111,3.5169940000000004,0,2591700,24.449213,Interactive,1,1.75
422700,ai0kEteBVGSO30Ocb83ie8uGTsUc07l7gBsrjVeSCKVsGKhzrlxzLPQA1JD6j3+y,1.523184,1.995447,3.184492,0,2591700,24.449213,Interactive,1,1.75
423000,ai0kEteBVGSO30Ocb83ie8uGTsUc07l7gBsrjVeSCKVsGKhzrlxzLPQA1JD6j3+y,1.564841,2.049195,2.913875,0,2591700,24.449213,Interactive,1,1.75
423300,ai0kEteBVGSO30Ocb83ie8uGTsUc07l7gBsrjVeSCKVsGKhzrlxzLPQA1JD6j3+y,1.49761,2.058817,4.095605,0,2591700,24.449213,Interactive,1,1.75
423600,ai0kEteBVGSO30Ocb83ie8uGTsUc07l7gBsrjVeSCKVsGKhzrlxzLPQA1JD6j3+y,1.4291200000000002,1.954366,3.0361740000000004,0,2591700,24.449213,Interactive,1,1.75
423900,ai0kEteBVGSO30Ocb83ie8uGTsUc07l7gBsrjVeSCKVsGKhzrlxzLPQA1JD6j3+y,0.980228,1.832604,3.037608,0,2591700,24.449213,Interactive,1,1.75
424200,ai0kEteBVGSO30Ocb83ie8uGTsUc07l7gBsrjVeSCKVsGKhzrlxzLPQA1JD6j3+y,1.428582,1.976589,3.420052,0,2591700,24.449213,Interactive,1,1.75
424500,ai0kEteBVGSO30Ocb83ie8uGTsUc07l7gBsrjVeSCKVsGKhzrlxzLPQA1JD6j3+y,1.465927,1.852404,3.064566,0,2591700,24.449213,Interactive,1,1.75
424800,ai0kEteBVGSO30Ocb83ie8uGTsUc07l7gBsrjVeSCKVsGKhzrlxzLPQA1JD6j3+y,1.511007,1.983912,3.107439,0,2591700,24.449213,Interactive,1,1.75
425100,ai0kEteBVGSO30Ocb83ie8uGTsUc07l7gBsrjVeSCKVsGKhzrlxzLPQA1JD6j3+y,1.060717,4.027715,20.761608,0,2591700,24.449213,Interactive,1,1.75
425400,ai0kEteBVGSO30Ocb83ie8uGTsUc07l7gBsrjVeSCKVsGKhzrlxzLPQA1JD6j3+y,1.397875,2.001427,2.90122,0,2591700,24.449213,Interactive,1,1.75
425700,ai0kEteBVGSO30Ocb83ie8uGTsUc07l7gBsrjVeSCKVsGKhzrlxzLPQA1JD6j3+y,1.10148,2.453376,5.0221800000000005,0,2591700,24.449213,Interactive,1,1.75
426000,ai0kEteBVGSO30Ocb83ie8uGTsUc07l7gBsrjVeSCKVsGKhzrlxzLPQA1JD6j3+y,1.3333549999999998,6.206112999999999,44.324159,0,2591700,24.449213,Interactive,1,1.75
426300,ai0kEteBVGSO30Ocb83ie8uGTsUc07l7gBsrjVeSCKVsGKhzrlxzLPQA1JD6j3+y,1.6979970000000002,8.677896,42.40543,0,2591700,24.449213,Interactive,1,1.75
426600,ai0kEteBVGSO30Ocb83ie8uGTsUc07l7gBsrjVeSCKVsGKhzrlxzLPQA1JD6j3+y,1.612616,3.134488,12.444891,0,2591700,24.449213,Interactive,1,1.75
426900,ai0kEteBVGSO30Ocb83ie8uGTsUc07l7gBsrjVeSCKVsGKhzrlxzLPQA1JD6j3+y,1.547206,2.159415,3.409183,0,2591700,24.449213,Interactive,1,1.75
427200,ai0kEteBVGSO30Ocb83ie8uGTsUc07l7gBsrjVeSCKVsGKhzrlxzLPQA1JD6j3+y,0.8525280000000001,1.894988,3.223856,0,2591700,24.449213,Interactive,1,1.75
427500,ai0kEteBVGSO30Ocb83ie8uGTsUc07l7gBsrjVeSCKVsGKhzrlxzLPQA1JD6j3+y,1.492316,2.01103,3.0145470000000003,0,2591700,24.449213,Interactive,1,1.75
427800,ai0kEteBVGSO30Ocb83ie8uGTsUc07l7gBsrjVeSCKVsGKhzrlxzLPQA1JD6j3+y,1.396889,1.941802,3.114078,0,2591700,24.449213,Interactive,1,1.75
428100,ai0kEteBVGSO30Ocb83ie8uGTsUc07l7gBsrjVeSCKVsGKhzrlxzLPQA1JD6j3+y,1.450696,2.00505,3.165697,0,2591700,24.449213,Interactive,1,1.75
428400,ai0kEteBVGSO30Ocb83ie8uGTsUc07l7gBsrjVeSCKVsGKhzrlxzLPQA1JD6j3+y,1.354604,2.103487,3.114777,0,2591700,24.449213,Interactive,1,1.75
428700,ai0kEteBVGSO30Ocb83ie8uGTsUc07l7gBsrjVeSCKVsGKhzrlxzLPQA1JD6j3+y,1.498909,3.912554,22.53973,0,2591700,24.449213,Interactive,1,1.75
429000,ai0kEteBVGSO30Ocb83ie8uGTsUc07l7gBsrjVeSCKVsGKhzrlxzLPQA1JD6j3+y,1.415692,1.962456,2.970417,0,2591700,24.449213,Interactive,1,1.75
429300,ai0kEteBVGSO30Ocb83ie8uGTsUc07l7gBsrjVeSCKVsGKhzrlxzLPQA1JD6j3+y,1.418586,3.55685,13.997954,0,2591700,24.449213,Interactive,1,1.75
429600,ai0kEteBVGSO30Ocb83ie8uGTsUc07l7gBsrjVeSCKVsGKhzrlxzLPQA1JD6j3+y,1.443753,2.004323,2.93825,0,2591700,24.449213,Interactive,1,1.75
429900,ai0kEteBVGSO30Ocb83ie8uGTsUc07l7gBsrjVeSCKVsGKhzrlxzLPQA1JD6j3+y,1.467681,1.970153,3.181279,0,2591700,24.449213,Interactive,1,1.75
430200,ai0kEteBVGSO30Ocb83ie8uGTsUc07l7gBsrjVeSCKVsGKhzrlxzLPQA1JD6j3+y,1.441095,2.030017,3.876538,0,2591700,24.449213,Interactive,1,1.75
430500,ai0kEteBVGSO30Ocb83ie8uGTsUc07l7gBsrjVeSCKVsGKhzrlxzLPQA1JD6j3+y,1.292662,1.959466,3.152765,0,2591700,24.449213,Interactive,1,1.75
430800,ai0kEteBVGSO30Ocb83ie8uGTsUc07l7gBsrjVeSCKVsGKhzrlxzLPQA1JD6j3+y,1.3852719999999998,2.031848,3.161918,0,2591700,24.449213,Interactive,1,1.75
431100,ai0kEteBVGSO30Ocb83ie8uGTsUc07l7gBsrjVeSCKVsGKhzrlxzLPQA1JD6j3+y,1.523581,2.228867,4.336102,0,2591700,24.449213,Interactive,1,1.75
431400,ai0kEteBVGSO30Ocb83ie8uGTsUc07l7gBsrjVeSCKVsGKhzrlxzLPQA1JD6j3+y,1.386719,1.905409,3.0047900000000003,0,2591700,24.449213,Interactive,1,1.75
431700,ai0kEteBVGSO30Ocb83ie8uGTsUc07l7gBsrjVeSCKVsGKhzrlxzLPQA1JD6j3+y,1.478121,1.975007,3.102302,0,2591700,24.449213,Interactive,1,1.75
432000,ai0kEteBVGSO30Ocb83ie8uGTsUc07l7gBsrjVeSCKVsGKhzrlxzLPQA1JD6j3+y,1.430409,2.122445,4.129028,0,2591700,24.449213,Interactive,1,1.75
432300,ai0kEteBVGSO30Ocb83ie8uGTsUc07l7gBsrjVeSCKVsGKhzrlxzLPQA1JD6j3+y,1.409841,1.98222,2.897476,0,2591700,24.449213,Interactive,1,1.75
432600,ai0kEteBVGSO30Ocb83ie8uGTsUc07l7gBsrjVeSCKVsGKhzrlxzLPQA1JD6j3+y,1.414468,1.946552,2.828681,0,2591700,24.449213,Interactive,1,1.75
432900,ai0kEteBVGSO30Ocb83ie8uGTsUc07l7gBsrjVeSCKVsGKhzrlxzLPQA1JD6j3+y,1.40008,2.437478,4.984036,0,2591700,24.449213,Interactive,1,1.75
433200,ai0kEteBVGSO30Ocb83ie8uGTsUc07l7gBsrjVeSCKVsGKhzrlxzLPQA1JD6j3+y,1.417373,2.173095,3.107303,0,2591700,24.449213,Interactive,1,1.75
433500,ai0kEteBVGSO30Ocb83ie8uGTsUc07l7gBsrjVeSCKVsGKhzrlxzLPQA1JD6j3+y,1.527752,2.029236,3.020011,0,2591700,24.449213,Interactive,1,1.75
433800,ai0kEteBVGSO30Ocb83ie8uGTsUc07l7gBsrjVeSCKVsGKhzrlxzLPQA1JD6j3+y,1.380154,2.100051,4.005944,0,2591700,24.449213,Interactive,1,1.75
434100,ai0kEteBVGSO30Ocb83ie8uGTsUc07l7gBsrjVeSCKVsGKhzrlxzLPQA1JD6j3+y,1.40248,2.101324,3.509063,0,2591700,24.449213,Interactive,1,1.75
434400,ai0kEteBVGSO30Ocb83ie8uGTsUc07l7gBsrjVeSCKVsGKhzrlxzLPQA1JD6j3+y,1.427454,1.992408,3.150129,0,2591700,24.449213,Interactive,1,1.75
434700,ai0kEteBVGSO30Ocb83ie8uGTsUc07l7gBsrjVeSCKVsGKhzrlxzLPQA1JD6j3+y,1.401782,2.173981,3.816768,0,2591700,24.449213,Interactive,1,1.75
435000,ai0kEteBVGSO30Ocb83ie8uGTsUc07l7gBsrjVeSCKVsGKhzrlxzLPQA1JD6j3+y,1.375853,1.993232,3.132274,0,2591700,24.449213,Interactive,1,1.75
435300,ai0kEteBVGSO30Ocb83ie8uGTsUc07l7gBsrjVeSCKVsGKhzrlxzLPQA1JD6j3+y,1.408739,2.016841,3.096948,0,2591700,24.449213,Interactive,1,1.75
435600,ai0kEteBVGSO30Ocb83ie8uGTsUc07l7gBsrjVeSCKVsGKhzrlxzLPQA1JD6j3+y,1.387653,2.022091,3.922253,0,2591700,24.449213,Interactive,1,1.75
435900,ai0kEteBVGSO30Ocb83ie8uGTsUc07l7gBsrjVeSCKVsGKhzrlxzLPQA1JD6j3+y,1.361819,2.034875,3.11936,0,2591700,24.449213,Interactive,1,1.75
436200,ai0kEteBVGSO30Ocb83ie8uGTsUc07l7gBsrjVeSCKVsGKhzrlxzLPQA1JD6j3+y,1.412791,1.968985,2.985208,0,2591700,24.449213,Interactive,1,1.75
436500,ai0kEteBVGSO30Ocb83ie8uGTsUc07l7gBsrjVeSCKVsGKhzrlxzLPQA1JD6j3+y,1.344735,2.405896,4.885313,0,2591700,24.449213,Interactive,1,1.75
436800,ai0kEteBVGSO30Ocb83ie8uGTsUc07l7gBsrjVeSCKVsGKhzrlxzLPQA1JD6j3+y,1.241315,1.872294,3.0431630000000003,0,2591700,24.449213,Interactive,1,1.75
437100,ai0kEteBVGSO30Ocb83ie8uGTsUc07l7gBsrjVeSCKVsGKhzrlxzLPQA1JD6j3+y,1.4398879999999998,2.037887,2.94711,0,2591700,24.449213,Interactive,1,1.75
437400,ai0kEteBVGSO30Ocb83ie8uGTsUc07l7gBsrjVeSCKVsGKhzrlxzLPQA1JD6j3+y,1.406243,2.162069,4.089012,0,2591700,24.449213,Interactive,1,1.75
437700,ai0kEteBVGSO30Ocb83ie8uGTsUc07l7gBsrjVeSCKVsGKhzrlxzLPQA1JD6j3+y,1.4251790000000002,1.970088,2.948802,0,2591700,24.449213,Interactive,1,1.75
438000,ai0kEteBVGSO30Ocb83ie8uGTsUc07l7gBsrjVeSCKVsGKhzrlxzLPQA1JD6j3+y,1.378227,1.927149,2.983858,0,2591700,24.449213,Interactive,1,1.75
438300,ai0kEteBVGSO30Ocb83ie8uGTsUc07l7gBsrjVeSCKVsGKhzrlxzLPQA1JD6j3+y,1.407492,1.951057,3.937505,0,2591700,24.449213,Interactive,1,1.75
438600,ai0kEteBVGSO30Ocb83ie8uGTsUc07l7gBsrjVeSCKVsGKhzrlxzLPQA1JD6j3+y,0.965518,2.00925,2.930707,0,2591700,24.449213,Interactive,1,1.75
438900,ai0kEteBVGSO30Ocb83ie8uGTsUc07l7gBsrjVeSCKVsGKhzrlxzLPQA1JD6j3+y,1.411539,1.978419,3.2239720000000003,0,2591700,24.449213,Interactive,1,1.75
439200,ai0kEteBVGSO30Ocb83ie8uGTsUc07l7gBsrjVeSCKVsGKhzrlxzLPQA1JD6j3+y,1.350687,2.122417,3.951478,0,2591700,24.449213,Interactive,1,1.75
439500,ai0kEteBVGSO30Ocb83ie8uGTsUc07l7gBsrjVeSCKVsGKhzrlxzLPQA1JD6j3+y,1.370819,1.869803,2.98787,0,2591700,24.449213,Interactive,1,1.75
439800,ai0kEteBVGSO30Ocb83ie8uGTsUc07l7gBsrjVeSCKVsGKhzrlxzLPQA1JD6j3+y,1.382599,1.950129,3.0418130000000003,0,2591700,24.449213,Interactive,1,1.75
440100,ai0kEteBVGSO30Ocb83ie8uGTsUc07l7gBsrjVeSCKVsGKhzrlxzLPQA1JD6j3+y,1.438895,2.450614,4.885459,0,2591700,24.449213,Interactive,1,1.75
440400,ai0kEteBVGSO30Ocb83ie8uGTsUc07l7gBsrjVeSCKVsGKhzrlxzLPQA1JD6j3+y,1.402256,2.031564,3.103399,0,2591700,24.449213,Interactive,1,1.75
440700,ai0kEteBVGSO30Ocb83ie8uGTsUc07l7gBsrjVeSCKVsGKhzrlxzLPQA1JD6j3+y,1.478784,2.180721,3.291395,0,2591700,24.449213,Interactive,1,1.75
441000,ai0kEteBVGSO30Ocb83ie8uGTsUc07l7gBsrjVeSCKVsGKhzrlxzLPQA1JD6j3+y,1.390436,2.062514,3.900499,0,2591700,24.449213,Interactive,1,1.75
441300,ai0kEteBVGSO30Ocb83ie8uGTsUc07l7gBsrjVeSCKVsGKhzrlxzLPQA1JD6j3+y,1.385979,2.169741,3.2191560000000004,0,2591700,24.449213,Interactive,1,1.75
441600,ai0kEteBVGSO30Ocb83ie8uGTsUc07l7gBsrjVeSCKVsGKhzrlxzLPQA1JD6j3+y,1.4384940000000002,2.004189,3.0645130000000003,0,2591700,24.449213,Interactive,1,1.75
441900,ai0kEteBVGSO30Ocb83ie8uGTsUc07l7gBsrjVeSCKVsGKhzrlxzLPQA1JD6j3+y,1.335472,2.0307060000000003,4.082611,0,2591700,24.449213,Interactive,1,1.75
442200,ai0kEteBVGSO30Ocb83ie8uGTsUc07l7gBsrjVeSCKVsGKhzrlxzLPQA1JD6j3+y,1.443231,1.975773,3.053889,0,2591700,24.449213,Interactive,1,1.75
442500,ai0kEteBVGSO30Ocb83ie8uGTsUc07l7gBsrjVeSCKVsGKhzrlxzLPQA1JD6j3+y,1.442628,1.952031,3.007386,0,2591700,24.449213,Interactive,1,1.75
442800,ai0kEteBVGSO30Ocb83ie8uGTsUc07l7gBsrjVeSCKVsGKhzrlxzLPQA1JD6j3+y,1.369904,2.108459,3.990887,0,2591700,24.449213,Interactive,1,1.75
443100,ai0kEteBVGSO30Ocb83ie8uGTsUc07l7gBsrjVeSCKVsGKhzrlxzLPQA1JD6j3+y,1.401767,2.006548,3.454216,0,2591700,24.449213,Interactive,1,1.75
443400,ai0kEteBVGSO30Ocb83ie8uGTsUc07l7gBsrjVeSCKVsGKhzrlxzLPQA1JD6j3+y,1.439226,1.971644,3.169108,0,2591700,24.449213,Interactive,1,1.75
443700,ai0kEteBVGSO30Ocb83ie8uGTsUc07l7gBsrjVeSCKVsGKhzrlxzLPQA1JD6j3+y,1.431448,2.412252,5.057121,0,2591700,24.449213,Interactive,1,1.75
444000,ai0kEteBVGSO30Ocb83ie8uGTsUc07l7gBsrjVeSCKVsGKhzrlxzLPQA1JD6j3+y,1.4110969999999998,2.047855,3.062603,0,2591700,24.449213,Interactive,1,1.75
444300,ai0kEteBVGSO30Ocb83ie8uGTsUc07l7gBsrjVeSCKVsGKhzrlxzLPQA1JD6j3+y,1.434403,2.003937,3.094337,0,2591700,24.449213,Interactive,1,1.75
444600,ai0kEteBVGSO30Ocb83ie8uGTsUc07l7gBsrjVeSCKVsGKhzrlxzLPQA1JD6j3+y,1.253561,2.013525,4.084561,0,2591700,24.449213,Interactive,1,1.75
444900,ai0kEteBVGSO30Ocb83ie8uGTsUc07l7gBsrjVeSCKVsGKhzrlxzLPQA1JD6j3+y,0.820523,1.794425,3.06688,0,2591700,24.449213,Interactive,1,1.75
445200,ai0kEteBVGSO30Ocb83ie8uGTsUc07l7gBsrjVeSCKVsGKhzrlxzLPQA1JD6j3+y,1.476628,1.920416,2.864846,0,2591700,24.449213,Interactive,1,1.75
445500,ai0kEteBVGSO30Ocb83ie8uGTsUc07l7gBsrjVeSCKVsGKhzrlxzLPQA1JD6j3+y,1.387129,2.013904,4.087723,0,2591700,24.449213,Interactive,1,1.75
445800,ai0kEteBVGSO30Ocb83ie8uGTsUc07l7gBsrjVeSCKVsGKhzrlxzLPQA1JD6j3+y,1.42916,2.020292,3.116144,0,2591700,24.449213,Interactive,1,1.75
446100,ai0kEteBVGSO30Ocb83ie8uGTsUc07l7gBsrjVeSCKVsGKhzrlxzLPQA1JD6j3+y,1.358242,1.990147,3.064951,0,2591700,24.449213,Interactive,1,1.75
446400,ai0kEteBVGSO30Ocb83ie8uGTsUc07l7gBsrjVeSCKVsGKhzrlxzLPQA1JD6j3+y,1.3842139999999998,2.001309,3.743333,0,2591700,24.449213,Interactive,1,1.75
446700,ai0kEteBVGSO30Ocb83ie8uGTsUc07l7gBsrjVeSCKVsGKhzrlxzLPQA1JD6j3+y,1.404428,2.145639,3.066319,0,2591700,24.449213,Interactive,1,1.75
447000,ai0kEteBVGSO30Ocb83ie8uGTsUc07l7gBsrjVeSCKVsGKhzrlxzLPQA1JD6j3+y,1.51249,1.994004,2.915941,0,2591700,24.449213,Interactive,1,1.75
447300,ai0kEteBVGSO30Ocb83ie8uGTsUc07l7gBsrjVeSCKVsGKhzrlxzLPQA1JD6j3+y,1.533971,2.428671,4.891161,0,2591700,24.449213,Interactive,1,1.75
447600,ai0kEteBVGSO30Ocb83ie8uGTsUc07l7gBsrjVeSCKVsGKhzrlxzLPQA1JD6j3+y,0.8199,1.896973,2.9936830000000003,0,2591700,24.449213,Interactive,1,1.75
447900,ai0kEteBVGSO30Ocb83ie8uGTsUc07l7gBsrjVeSCKVsGKhzrlxzLPQA1JD6j3+y,1.571881,2.004885,3.046765,0,2591700,24.449213,Interactive,1,1.75
448200,ai0kEteBVGSO30Ocb83ie8uGTsUc07l7gBsrjVeSCKVsGKhzrlxzLPQA1JD6j3+y,1.429609,2.06027,3.244249,0,2591700,24.449213,Interactive,1,1.75
448500,ai0kEteBVGSO30Ocb83ie8uGTsUc07l7gBsrjVeSCKVsGKhzrlxzLPQA1JD6j3+y,1.418701,1.947224,3.1667650000000003,0,2591700,24.449213,Interactive,1,1.75
448800,ai0kEteBVGSO30Ocb83ie8uGTsUc07l7gBsrjVeSCKVsGKhzrlxzLPQA1JD6j3+y,1.560822,2.306546,4.132128,0,2591700,24.449213,Interactive,1,1.75
449100,ai0kEteBVGSO30Ocb83ie8uGTsUc07l7gBsrjVeSCKVsGKhzrlxzLPQA1JD6j3+y,1.434693,2.003071,3.601429,0,2591700,24.449213,Interactive,1,1.75
449400,ai0kEteBVGSO30Ocb83ie8uGTsUc07l7gBsrjVeSCKVsGKhzrlxzLPQA1JD6j3+y,1.376045,1.868969,2.963298,0,2591700,24.449213,Interactive,1,1.75
449700,ai0kEteBVGSO30Ocb83ie8uGTsUc07l7gBsrjVeSCKVsGKhzrlxzLPQA1JD6j3+y,1.585235,2.034811,3.004581,0,2591700,24.449213,Interactive,1,1.75
450000,ai0kEteBVGSO30Ocb83ie8uGTsUc07l7gBsrjVeSCKVsGKhzrlxzLPQA1JD6j3+y,0.684368,1.805384,3.529758,0,2591700,24.449213,Interactive,1,1.75
450300,ai0kEteBVGSO30Ocb83ie8uGTsUc07l7gBsrjVeSCKVsGKhzrlxzLPQA1JD6j3+y,1.156444,1.866406,3.068971,0,2591700,24.449213,Interactive,1,1.75
450600,ai0kEteBVGSO30Ocb83ie8uGTsUc07l7gBsrjVeSCKVsGKhzrlxzLPQA1JD6j3+y,1.525007,2.082168,2.941817,0,2591700,24.449213,Interactive,1,1.75
450900,ai0kEteBVGSO30Ocb83ie8uGTsUc07l7gBsrjVeSCKVsGKhzrlxzLPQA1JD6j3+y,0.721476,2.366759,4.979629,0,2591700,24.449213,Interactive,1,1.75
451200,ai0kEteBVGSO30Ocb83ie8uGTsUc07l7gBsrjVeSCKVsGKhzrlxzLPQA1JD6j3+y,1.408344,1.9176990000000005,3.144407,0,2591700,24.449213,Interactive,1,1.75
451500,ai0kEteBVGSO30Ocb83ie8uGTsUc07l7gBsrjVeSCKVsGKhzrlxzLPQA1JD6j3+y,1.266863,2.057972,3.0687990000000003,0,2591700,24.449213,Interactive,1,1.75
451800,ai0kEteBVGSO30Ocb83ie8uGTsUc07l7gBsrjVeSCKVsGKhzrlxzLPQA1JD6j3+y,1.374773,2.193013,4.405087,0,2591700,24.449213,Interactive,1,1.75
452100,ai0kEteBVGSO30Ocb83ie8uGTsUc07l7gBsrjVeSCKVsGKhzrlxzLPQA1JD6j3+y,1.1147,1.946028,3.013962,0,2591700,24.449213,Interactive,1,1.75
452400,ai0kEteBVGSO30Ocb83ie8uGTsUc07l7gBsrjVeSCKVsGKhzrlxzLPQA1JD6j3+y,1.5938450000000002,2.121886,2.9944610000000003,0,2591700,24.449213,Interactive,1,1.75
452700,ai0kEteBVGSO30Ocb83ie8uGTsUc07l7gBsrjVeSCKVsGKhzrlxzLPQA1JD6j3+y,1.182588,1.967463,3.673647,0,2591700,24.449213,Interactive,1,1.75
453000,ai0kEteBVGSO30Ocb83ie8uGTsUc07l7gBsrjVeSCKVsGKhzrlxzLPQA1JD6j3+y,1.143073,2.0066490000000003,3.040596,0,2591700,24.449213,Interactive,1,1.75
453300,ai0kEteBVGSO30Ocb83ie8uGTsUc07l7gBsrjVeSCKVsGKhzrlxzLPQA1JD6j3+y,1.594559,2.159918,3.061591,0,2591700,24.449213,Interactive,1,1.75
453600,ai0kEteBVGSO30Ocb83ie8uGTsUc07l7gBsrjVeSCKVsGKhzrlxzLPQA1JD6j3+y,0.8661690000000001,2.00711,3.784328,0,2591700,24.449213,Interactive,1,1.75
453900,ai0kEteBVGSO30Ocb83ie8uGTsUc07l7gBsrjVeSCKVsGKhzrlxzLPQA1JD6j3+y,1.470445,1.9468,3.158882,0,2591700,24.449213,Interactive,1,1.75
454200,ai0kEteBVGSO30Ocb83ie8uGTsUc07l7gBsrjVeSCKVsGKhzrlxzLPQA1JD6j3+y,1.596589,2.096348,2.956334,0,2591700,24.449213,Interactive,1,1.75
454500,ai0kEteBVGSO30Ocb83ie8uGTsUc07l7gBsrjVeSCKVsGKhzrlxzLPQA1JD6j3+y,1.488345,2.457417,5.015212,0,2591700,24.449213,Interactive,1,1.75
454800,ai0kEteBVGSO30Ocb83ie8uGTsUc07l7gBsrjVeSCKVsGKhzrlxzLPQA1JD6j3+y,1.396024,6.0556980000000005,42.061451,0,2591700,24.449213,Interactive,1,1.75
455100,ai0kEteBVGSO30Ocb83ie8uGTsUc07l7gBsrjVeSCKVsGKhzrlxzLPQA1JD6j3+y,1.674098,7.439582000000001,51.451984,0,2591700,24.449213,Interactive,1,1.75
455400,ai0kEteBVGSO30Ocb83ie8uGTsUc07l7gBsrjVeSCKVsGKhzrlxzLPQA1JD6j3+y,0.658413,1.921497,3.739172,0,2591700,24.449213,Interactive,1,1.75
455700,ai0kEteBVGSO30Ocb83ie8uGTsUc07l7gBsrjVeSCKVsGKhzrlxzLPQA1JD6j3+y,0.724089,1.916772,3.119105,0,2591700,24.449213,Interactive,1,1.75
456000,ai0kEteBVGSO30Ocb83ie8uGTsUc07l7gBsrjVeSCKVsGKhzrlxzLPQA1JD6j3+y,1.559655,2.088283,2.968141,0,2591700,24.449213,Interactive,1,1.75
456300,ai0kEteBVGSO30Ocb83ie8uGTsUc07l7gBsrjVeSCKVsGKhzrlxzLPQA1JD6j3+y,0.931118,1.976218,3.78155,0,2591700,24.449213,Interactive,1,1.75
456600,ai0kEteBVGSO30Ocb83ie8uGTsUc07l7gBsrjVeSCKVsGKhzrlxzLPQA1JD6j3+y,1.3565,1.896898,3.005993,0,2591700,24.449213,Interactive,1,1.75
456900,ai0kEteBVGSO30Ocb83ie8uGTsUc07l7gBsrjVeSCKVsGKhzrlxzLPQA1JD6j3+y,0.8368120000000001,2.006194,2.937922,0,2591700,24.449213,Interactive,1,1.75
457200,ai0kEteBVGSO30Ocb83ie8uGTsUc07l7gBsrjVeSCKVsGKhzrlxzLPQA1JD6j3+y,1.380362,2.001502,3.630752,0,2591700,24.449213,Interactive,1,1.75
457500,ai0kEteBVGSO30Ocb83ie8uGTsUc07l7gBsrjVeSCKVsGKhzrlxzLPQA1JD6j3+y,1.440869,1.967272,3.02328,0,2591700,24.449213,Interactive,1,1.75
457800,ai0kEteBVGSO30Ocb83ie8uGTsUc07l7gBsrjVeSCKVsGKhzrlxzLPQA1JD6j3+y,1.592459,2.070562,2.879577,0,2591700,24.449213,Interactive,1,1.75
458100,ai0kEteBVGSO30Ocb83ie8uGTsUc07l7gBsrjVeSCKVsGKhzrlxzLPQA1JD6j3+y,0.917543,2.213487,5.302072,0,2591700,24.449213,Interactive,1,1.75
458400,ai0kEteBVGSO30Ocb83ie8uGTsUc07l7gBsrjVeSCKVsGKhzrlxzLPQA1JD6j3+y,1.282694,1.869319,2.828769,0,2591700,24.449213,Interactive,1,1.75
458700,ai0kEteBVGSO30Ocb83ie8uGTsUc07l7gBsrjVeSCKVsGKhzrlxzLPQA1JD6j3+y,1.641166,2.174651,3.111483,0,2591700,24.449213,Interactive,1,1.75
459000,ai0kEteBVGSO30Ocb83ie8uGTsUc07l7gBsrjVeSCKVsGKhzrlxzLPQA1JD6j3+y,1.404484,2.128862,3.76794,0,2591700,24.449213,Interactive,1,1.75
459300,ai0kEteBVGSO30Ocb83ie8uGTsUc07l7gBsrjVeSCKVsGKhzrlxzLPQA1JD6j3+y,1.460658,1.967004,3.092221,0,2591700,24.449213,Interactive,1,1.75
459600,ai0kEteBVGSO30Ocb83ie8uGTsUc07l7gBsrjVeSCKVsGKhzrlxzLPQA1JD6j3+y,1.4322709999999998,2.084689,3.097544,0,2591700,24.449213,Interactive,1,1.75
459900,ai0kEteBVGSO30Ocb83ie8uGTsUc07l7gBsrjVeSCKVsGKhzrlxzLPQA1JD6j3+y,1.455373,2.098331,3.576228,0,2591700,24.449213,Interactive,1,1.75
460200,ai0kEteBVGSO30Ocb83ie8uGTsUc07l7gBsrjVeSCKVsGKhzrlxzLPQA1JD6j3+y,1.404785,1.997916,3.060109,0,2591700,24.449213,Interactive,1,1.75
460500,ai0kEteBVGSO30Ocb83ie8uGTsUc07l7gBsrjVeSCKVsGKhzrlxzLPQA1JD6j3+y,1.583215,2.064067,3.01036,0,2591700,24.449213,Interactive,1,1.75
460800,ai0kEteBVGSO30Ocb83ie8uGTsUc07l7gBsrjVeSCKVsGKhzrlxzLPQA1JD6j3+y,1.367791,1.954925,3.512433,0,2591700,24.449213,Interactive,1,1.75
461100,ai0kEteBVGSO30Ocb83ie8uGTsUc07l7gBsrjVeSCKVsGKhzrlxzLPQA1JD6j3+y,0.560307,1.7880189999999998,3.006102,0,2591700,24.449213,Interactive,1,1.75
461400,ai0kEteBVGSO30Ocb83ie8uGTsUc07l7gBsrjVeSCKVsGKhzrlxzLPQA1JD6j3+y,1.576851,2.093347,2.910409,0,2591700,24.449213,Interactive,1,1.75
461700,ai0kEteBVGSO30Ocb83ie8uGTsUc07l7gBsrjVeSCKVsGKhzrlxzLPQA1JD6j3+y,0.560459,2.313098,5.037086,0,2591700,24.449213,Interactive,1,1.75
462000,ai0kEteBVGSO30Ocb83ie8uGTsUc07l7gBsrjVeSCKVsGKhzrlxzLPQA1JD6j3+y,1.37183,1.904175,3.053076,0,2591700,24.449213,Interactive,1,1.75
462300,ai0kEteBVGSO30Ocb83ie8uGTsUc07l7gBsrjVeSCKVsGKhzrlxzLPQA1JD6j3+y,1.583357,2.113128,3.214913,0,2591700,24.449213,Interactive,1,1.75
462600,ai0kEteBVGSO30Ocb83ie8uGTsUc07l7gBsrjVeSCKVsGKhzrlxzLPQA1JD6j3+y,1.417159,2.041217,3.539019,0,2591700,24.449213,Interactive,1,1.75
462900,ai0kEteBVGSO30Ocb83ie8uGTsUc07l7gBsrjVeSCKVsGKhzrlxzLPQA1JD6j3+y,0.6004470000000001,1.840534,3.155937,0,2591700,24.449213,Interactive,1,1.75
463200,ai0kEteBVGSO30Ocb83ie8uGTsUc07l7gBsrjVeSCKVsGKhzrlxzLPQA1JD6j3+y,1.614861,2.179129,3.192458,0,2591700,24.449213,Interactive,1,1.75
463500,ai0kEteBVGSO30Ocb83ie8uGTsUc07l7gBsrjVeSCKVsGKhzrlxzLPQA1JD6j3+y,0.490197,1.796758,3.493029,0,2591700,24.449213,Interactive,1,1.75
463800,ai0kEteBVGSO30Ocb83ie8uGTsUc07l7gBsrjVeSCKVsGKhzrlxzLPQA1JD6j3+y,1.37314,1.960384,3.076805,0,2591700,24.449213,Interactive,1,1.75
464100,ai0kEteBVGSO30Ocb83ie8uGTsUc07l7gBsrjVeSCKVsGKhzrlxzLPQA1JD6j3+y,1.620808,2.088235,3.104827,0,2591700,24.449213,Interactive,1,1.75
464400,ai0kEteBVGSO30Ocb83ie8uGTsUc07l7gBsrjVeSCKVsGKhzrlxzLPQA1JD6j3+y,0.993243,1.988534,3.663037,0,2591700,24.449213,Interactive,1,1.75
464700,ai0kEteBVGSO30Ocb83ie8uGTsUc07l7gBsrjVeSCKVsGKhzrlxzLPQA1JD6j3+y,1.428651,1.965374,3.2972300000000003,0,2591700,24.449213,Interactive,1,1.75
465000,ai0kEteBVGSO30Ocb83ie8uGTsUc07l7gBsrjVeSCKVsGKhzrlxzLPQA1JD6j3+y,1.130298,2.0369330000000003,3.139012,0,2591700,24.449213,Interactive,1,1.75
465300,ai0kEteBVGSO30Ocb83ie8uGTsUc07l7gBsrjVeSCKVsGKhzrlxzLPQA1JD6j3+y,1.452557,2.508617,5.082981,0,2591700,24.449213,Interactive,1,1.75
465600,ai0kEteBVGSO30Ocb83ie8uGTsUc07l7gBsrjVeSCKVsGKhzrlxzLPQA1JD6j3+y,1.383389,1.991211,3.377897,0,2591700,24.449213,Interactive,1,1.75
465900,ai0kEteBVGSO30Ocb83ie8uGTsUc07l7gBsrjVeSCKVsGKhzrlxzLPQA1JD6j3+y,1.399625,2.098628,4.034141,0,2591700,24.449213,Interactive,1,1.75
466200,ai0kEteBVGSO30Ocb83ie8uGTsUc07l7gBsrjVeSCKVsGKhzrlxzLPQA1JD6j3+y,0.96573,1.858451,2.770956,0,2591700,24.449213,Interactive,1,1.75
466500,ai0kEteBVGSO30Ocb83ie8uGTsUc07l7gBsrjVeSCKVsGKhzrlxzLPQA1JD6j3+y,1.364418,1.9743,3.0575,0,2591700,24.449213,Interactive,1,1.75
466800,ai0kEteBVGSO30Ocb83ie8uGTsUc07l7gBsrjVeSCKVsGKhzrlxzLPQA1JD6j3+y,1.3837959999999998,2.097848,3.975134,0,2591700,24.449213,Interactive,1,1.75
467100,ai0kEteBVGSO30Ocb83ie8uGTsUc07l7gBsrjVeSCKVsGKhzrlxzLPQA1JD6j3+y,1.428843,2.099349,3.046449,0,2591700,24.449213,Interactive,1,1.75
467400,ai0kEteBVGSO30Ocb83ie8uGTsUc07l7gBsrjVeSCKVsGKhzrlxzLPQA1JD6j3+y,1.392697,1.927994,2.889773,0,2591700,24.449213,Interactive,1,1.75
467700,ai0kEteBVGSO30Ocb83ie8uGTsUc07l7gBsrjVeSCKVsGKhzrlxzLPQA1JD6j3+y,1.404331,2.048687,3.946427,0,2591700,24.449213,Interactive,1,1.75
468000,ai0kEteBVGSO30Ocb83ie8uGTsUc07l7gBsrjVeSCKVsGKhzrlxzLPQA1JD6j3+y,1.423096,2.054231,3.136851,0,2591700,24.449213,Interactive,1,1.75
468300,ai0kEteBVGSO30Ocb83ie8uGTsUc07l7gBsrjVeSCKVsGKhzrlxzLPQA1JD6j3+y,0.625487,4.0503800000000005,15.609206,0,2591700,24.449213,Interactive,1,1.75
468600,ai0kEteBVGSO30Ocb83ie8uGTsUc07l7gBsrjVeSCKVsGKhzrlxzLPQA1JD6j3+y,1.42983,2.126266,3.966484,0,2591700,24.449213,Interactive,1,1.75
468900,ai0kEteBVGSO30Ocb83ie8uGTsUc07l7gBsrjVeSCKVsGKhzrlxzLPQA1JD6j3+y,1.4415129999999998,2.652512,5.331661,0,2591700,24.449213,Interactive,1,1.75
469200,ai0kEteBVGSO30Ocb83ie8uGTsUc07l7gBsrjVeSCKVsGKhzrlxzLPQA1JD6j3+y,1.137498,1.922958,3.14426,0,2591700,24.449213,Interactive,1,1.75
469500,ai0kEteBVGSO30Ocb83ie8uGTsUc07l7gBsrjVeSCKVsGKhzrlxzLPQA1JD6j3+y,1.478113,2.187708,4.365056,0,2591700,24.449213,Interactive,1,1.75
469800,ai0kEteBVGSO30Ocb83ie8uGTsUc07l7gBsrjVeSCKVsGKhzrlxzLPQA1JD6j3+y,0.932726,1.963008,3.474343,0,2591700,24.449213,Interactive,1,1.75
470100,ai0kEteBVGSO30Ocb83ie8uGTsUc07l7gBsrjVeSCKVsGKhzrlxzLPQA1JD6j3+y,1.516167,2.035684,3.222703,0,2591700,24.449213,Interactive,1,1.75
470400,ai0kEteBVGSO30Ocb83ie8uGTsUc07l7gBsrjVeSCKVsGKhzrlxzLPQA1JD6j3+y,1.298301,2.082743,4.168438,0,2591700,24.449213,Interactive,1,1.75
470700,ai0kEteBVGSO30Ocb83ie8uGTsUc07l7gBsrjVeSCKVsGKhzrlxzLPQA1JD6j3+y,1.428474,2.065249,3.270824,0,2591700,24.449213,Interactive,1,1.75
471000,ai0kEteBVGSO30Ocb83ie8uGTsUc07l7gBsrjVeSCKVsGKhzrlxzLPQA1JD6j3+y,0.557371,1.851717,3.111528,0,2591700,24.449213,Interactive,1,1.75
471300,ai0kEteBVGSO30Ocb83ie8uGTsUc07l7gBsrjVeSCKVsGKhzrlxzLPQA1JD6j3+y,1.4399309999999998,2.050825,3.792103,0,2591700,24.449213,Interactive,1,1.75
471600,ai0kEteBVGSO30Ocb83ie8uGTsUc07l7gBsrjVeSCKVsGKhzrlxzLPQA1JD6j3+y,0.8922260000000001,1.93063,3.119242,0,2591700,24.449213,Interactive,1,1.75
471900,ai0kEteBVGSO30Ocb83ie8uGTsUc07l7gBsrjVeSCKVsGKhzrlxzLPQA1JD6j3+y,1.3467209999999998,1.936278,3.158737,0,2591700,24.449213,Interactive,1,1.75
472200,ai0kEteBVGSO30Ocb83ie8uGTsUc07l7gBsrjVeSCKVsGKhzrlxzLPQA1JD6j3+y,1.413463,2.117926,4.023559,0,2591700,24.449213,Interactive,1,1.75
472500,ai0kEteBVGSO30Ocb83ie8uGTsUc07l7gBsrjVeSCKVsGKhzrlxzLPQA1JD6j3+y,1.249275,2.348259,5.259154,0,2591700,24.449213,Interactive,1,1.75
472800,ai0kEteBVGSO30Ocb83ie8uGTsUc07l7gBsrjVeSCKVsGKhzrlxzLPQA1JD6j3+y,1.377291,1.914569,3.04352,0,2591700,24.449213,Interactive,1,1.75
473100,ai0kEteBVGSO30Ocb83ie8uGTsUc07l7gBsrjVeSCKVsGKhzrlxzLPQA1JD6j3+y,1.513866,2.12791,4.140321,0,2591700,24.449213,Interactive,1,1.75
473400,ai0kEteBVGSO30Ocb83ie8uGTsUc07l7gBsrjVeSCKVsGKhzrlxzLPQA1JD6j3+y,1.443836,2.174014,3.283405,0,2591700,24.449213,Interactive,1,1.75
473700,ai0kEteBVGSO30Ocb83ie8uGTsUc07l7gBsrjVeSCKVsGKhzrlxzLPQA1JD6j3+y,1.288025,1.93936,2.973913,0,2591700,24.449213,Interactive,1,1.75
474000,ai0kEteBVGSO30Ocb83ie8uGTsUc07l7gBsrjVeSCKVsGKhzrlxzLPQA1JD6j3+y,1.41031,2.1241060000000003,4.153049,0,2591700,24.449213,Interactive,1,1.75
474300,ai0kEteBVGSO30Ocb83ie8uGTsUc07l7gBsrjVeSCKVsGKhzrlxzLPQA1JD6j3+y,0.962919,2.034003,3.67888,0,2591700,24.449213,Interactive,1,1.75
474600,ai0kEteBVGSO30Ocb83ie8uGTsUc07l7gBsrjVeSCKVsGKhzrlxzLPQA1JD6j3+y,1.349266,2.01434,3.308321,0,2591700,24.449213,Interactive,1,1.75
474900,ai0kEteBVGSO30Ocb83ie8uGTsUc07l7gBsrjVeSCKVsGKhzrlxzLPQA1JD6j3+y,0.8216479999999999,2.135936,4.103083,0,2591700,24.449213,Interactive,1,1.75
475200,ai0kEteBVGSO30Ocb83ie8uGTsUc07l7gBsrjVeSCKVsGKhzrlxzLPQA1JD6j3+y,1.301787,2.027231,3.276567,0,2591700,24.449213,Interactive,1,1.75
475500,ai0kEteBVGSO30Ocb83ie8uGTsUc07l7gBsrjVeSCKVsGKhzrlxzLPQA1JD6j3+y,1.478421,1.975344,3.025576,0,2591700,24.449213,Interactive,1,1.75
475800,ai0kEteBVGSO30Ocb83ie8uGTsUc07l7gBsrjVeSCKVsGKhzrlxzLPQA1JD6j3+y,1.43147,2.184029,4.407361,0,2591700,24.449213,Interactive,1,1.75
476100,ai0kEteBVGSO30Ocb83ie8uGTsUc07l7gBsrjVeSCKVsGKhzrlxzLPQA1JD6j3+y,1.417926,2.43486,5.394115,0,2591700,24.449213,Interactive,1,1.75
476400,ai0kEteBVGSO30Ocb83ie8uGTsUc07l7gBsrjVeSCKVsGKhzrlxzLPQA1JD6j3+y,0.584604,1.886231,3.226441,0,2591700,24.449213,Interactive,1,1.75
476700,ai0kEteBVGSO30Ocb83ie8uGTsUc07l7gBsrjVeSCKVsGKhzrlxzLPQA1JD6j3+y,1.392141,2.131505,4.261826999999999,0,2591700,24.449213,Interactive,1,1.75
477000,ai0kEteBVGSO30Ocb83ie8uGTsUc07l7gBsrjVeSCKVsGKhzrlxzLPQA1JD6j3+y,1.453383,2.062367,3.087491,0,2591700,24.449213,Interactive,1,1.75
477300,ai0kEteBVGSO30Ocb83ie8uGTsUc07l7gBsrjVeSCKVsGKhzrlxzLPQA1JD6j3+y,1.4996,2.0170470000000003,3.342826,0,2591700,24.449213,Interactive,1,1.75
477600,ai0kEteBVGSO30Ocb83ie8uGTsUc07l7gBsrjVeSCKVsGKhzrlxzLPQA1JD6j3+y,0.998428,2.164231,4.228385,0,2591700,24.449213,Interactive,1,1.75
477900,ai0kEteBVGSO30Ocb83ie8uGTsUc07l7gBsrjVeSCKVsGKhzrlxzLPQA1JD6j3+y,0.669741,1.877464,3.181842,0,2591700,24.449213,Interactive,1,1.75
478200,ai0kEteBVGSO30Ocb83ie8uGTsUc07l7gBsrjVeSCKVsGKhzrlxzLPQA1JD6j3+y,1.554484,2.0485290000000003,3.076495,0,2591700,24.449213,Interactive,1,1.75
478500,ai0kEteBVGSO30Ocb83ie8uGTsUc07l7gBsrjVeSCKVsGKhzrlxzLPQA1JD6j3+y,1.249933,2.1135040000000003,3.997044,0,2591700,24.449213,Interactive,1,1.75
478800,ai0kEteBVGSO30Ocb83ie8uGTsUc07l7gBsrjVeSCKVsGKhzrlxzLPQA1JD6j3+y,1.388364,2.037409,3.3212300000000003,0,2591700,24.449213,Interactive,1,1.75
479100,ai0kEteBVGSO30Ocb83ie8uGTsUc07l7gBsrjVeSCKVsGKhzrlxzLPQA1JD6j3+y,1.221609,1.997731,3.303209,0,2591700,24.449213,Interactive,1,1.75
479400,ai0kEteBVGSO30Ocb83ie8uGTsUc07l7gBsrjVeSCKVsGKhzrlxzLPQA1JD6j3+y,1.459601,2.255014,4.142277,0,2591700,24.449213,Interactive,1,1.75
479700,ai0kEteBVGSO30Ocb83ie8uGTsUc07l7gBsrjVeSCKVsGKhzrlxzLPQA1JD6j3+y,0.890641,2.480799,5.671579,0,2591700,24.449213,Interactive,1,1.75
480000,ai0kEteBVGSO30Ocb83ie8uGTsUc07l7gBsrjVeSCKVsGKhzrlxzLPQA1JD6j3+y,1.48943,2.100009,3.3587230000000003,0,2591700,24.449213,Interactive,1,1.75
480300,ai0kEteBVGSO30Ocb83ie8uGTsUc07l7gBsrjVeSCKVsGKhzrlxzLPQA1JD6j3+y,1.633317,2.319583,4.356639,0,2591700,24.449213,Interactive,1,1.75
480600,ai0kEteBVGSO30Ocb83ie8uGTsUc07l7gBsrjVeSCKVsGKhzrlxzLPQA1JD6j3+y,1.527442,2.1249990000000003,3.647841000000001,0,2591700,24.449213,Interactive,1,1.75
480900,ai0kEteBVGSO30Ocb83ie8uGTsUc07l7gBsrjVeSCKVsGKhzrlxzLPQA1JD6j3+y,1.477914,2.047427,3.189924,0,2591700,24.449213,Interactive,1,1.75
481200,ai0kEteBVGSO30Ocb83ie8uGTsUc07l7gBsrjVeSCKVsGKhzrlxzLPQA1JD6j3+y,1.348893,2.209752,3.824957,0,2591700,24.449213,Interactive,1,1.75
481500,ai0kEteBVGSO30Ocb83ie8uGTsUc07l7gBsrjVeSCKVsGKhzrlxzLPQA1JD6j3+y,1.501826,2.041195,3.35574,0,2591700,24.449213,Interactive,1,1.75
481800,ai0kEteBVGSO30Ocb83ie8uGTsUc07l7gBsrjVeSCKVsGKhzrlxzLPQA1JD6j3+y,1.219447,2.076023,3.078742,0,2591700,24.449213,Interactive,1,1.75
482100,ai0kEteBVGSO30Ocb83ie8uGTsUc07l7gBsrjVeSCKVsGKhzrlxzLPQA1JD6j3+y,1.565431,2.200353,3.822879,0,2591700,24.449213,Interactive,1,1.75
482400,ai0kEteBVGSO30Ocb83ie8uGTsUc07l7gBsrjVeSCKVsGKhzrlxzLPQA1JD6j3+y,0.568589,1.922548,3.314902,0,2591700,24.449213,Interactive,1,1.75
482700,ai0kEteBVGSO30Ocb83ie8uGTsUc07l7gBsrjVeSCKVsGKhzrlxzLPQA1JD6j3+y,1.486936,2.071698,3.136167,0,2591700,24.449213,Interactive,1,1.75
483000,ai0kEteBVGSO30Ocb83ie8uGTsUc07l7gBsrjVeSCKVsGKhzrlxzLPQA1JD6j3+y,1.367594,2.257882,3.64133,0,2591700,24.449213,Interactive,1,1.75
483300,ai0kEteBVGSO30Ocb83ie8uGTsUc07l7gBsrjVeSCKVsGKhzrlxzLPQA1JD6j3+y,1.043931,2.326128,6.061597,0,2591700,24.449213,Interactive,1,1.75
483600,ai0kEteBVGSO30Ocb83ie8uGTsUc07l7gBsrjVeSCKVsGKhzrlxzLPQA1JD6j3+y,1.437358,6.34855,43.787368,0,2591700,24.449213,Interactive,1,1.75
483900,ai0kEteBVGSO30Ocb83ie8uGTsUc07l7gBsrjVeSCKVsGKhzrlxzLPQA1JD6j3+y,1.592318,7.395297,50.829511,0,2591700,24.449213,Interactive,1,1.75
484200,ai0kEteBVGSO30Ocb83ie8uGTsUc07l7gBsrjVeSCKVsGKhzrlxzLPQA1JD6j3+y,1.426628,2.1038490000000003,3.277797,0,2591700,24.449213,Interactive,1,1.75
484500,ai0kEteBVGSO30Ocb83ie8uGTsUc07l7gBsrjVeSCKVsGKhzrlxzLPQA1JD6j3+y,0.518722,1.992268,3.105241,0,2591700,24.449213,Interactive,1,1.75
484800,ai0kEteBVGSO30Ocb83ie8uGTsUc07l7gBsrjVeSCKVsGKhzrlxzLPQA1JD6j3+y,1.562782,2.234594,3.707252,0,2591700,24.449213,Interactive,1,1.75
485100,ai0kEteBVGSO30Ocb83ie8uGTsUc07l7gBsrjVeSCKVsGKhzrlxzLPQA1JD6j3+y,0.579303,1.916774,3.173502,0,2591700,24.449213,Interactive,1,1.75
485400,ai0kEteBVGSO30Ocb83ie8uGTsUc07l7gBsrjVeSCKVsGKhzrlxzLPQA1JD6j3+y,1.57163,2.223614,4.035876999999999,0,2591700,24.449213,Interactive,1,1.75
485700,ai0kEteBVGSO30Ocb83ie8uGTsUc07l7gBsrjVeSCKVsGKhzrlxzLPQA1JD6j3+y,0.673365,2.114593,3.947168,0,2591700,24.449213,Interactive,1,1.75
486000,ai0kEteBVGSO30Ocb83ie8uGTsUc07l7gBsrjVeSCKVsGKhzrlxzLPQA1JD6j3+y,0.6689609999999999,1.821244,3.159687,0,2591700,24.449213,Interactive,1,1.75
486300,ai0kEteBVGSO30Ocb83ie8uGTsUc07l7gBsrjVeSCKVsGKhzrlxzLPQA1JD6j3+y,1.465063,2.170827,3.16626,0,2591700,24.449213,Interactive,1,1.75
486600,ai0kEteBVGSO30Ocb83ie8uGTsUc07l7gBsrjVeSCKVsGKhzrlxzLPQA1JD6j3+y,1.039903,2.135539,3.782841,0,2591700,24.449213,Interactive,1,1.75
486900,ai0kEteBVGSO30Ocb83ie8uGTsUc07l7gBsrjVeSCKVsGKhzrlxzLPQA1JD6j3+y,1.542167,2.517122,5.992781,0,2591700,24.449213,Interactive,1,1.75
487200,ai0kEteBVGSO30Ocb83ie8uGTsUc07l7gBsrjVeSCKVsGKhzrlxzLPQA1JD6j3+y,1.023506,2.125196,3.118665,0,2591700,24.449213,Interactive,1,1.75
487500,ai0kEteBVGSO30Ocb83ie8uGTsUc07l7gBsrjVeSCKVsGKhzrlxzLPQA1JD6j3+y,1.4531120000000002,2.260088,3.968809,0,2591700,24.449213,Interactive,1,1.75
487800,ai0kEteBVGSO30Ocb83ie8uGTsUc07l7gBsrjVeSCKVsGKhzrlxzLPQA1JD6j3+y,1.333294,2.040617,3.152059,0,2591700,24.449213,Interactive,1,1.75
488100,ai0kEteBVGSO30Ocb83ie8uGTsUc07l7gBsrjVeSCKVsGKhzrlxzLPQA1JD6j3+y,1.570524,2.142726,3.126531,0,2591700,24.449213,Interactive,1,1.75
488400,ai0kEteBVGSO30Ocb83ie8uGTsUc07l7gBsrjVeSCKVsGKhzrlxzLPQA1JD6j3+y,1.556442,2.336229,3.717855,0,2591700,24.449213,Interactive,1,1.75
488700,ai0kEteBVGSO30Ocb83ie8uGTsUc07l7gBsrjVeSCKVsGKhzrlxzLPQA1JD6j3+y,1.358893,1.959756,3.479506,0,2591700,24.449213,Interactive,1,1.75
489000,ai0kEteBVGSO30Ocb83ie8uGTsUc07l7gBsrjVeSCKVsGKhzrlxzLPQA1JD6j3+y,1.585071,2.1638330000000003,3.180185,0,2591700,24.449213,Interactive,1,1.75
489300,ai0kEteBVGSO30Ocb83ie8uGTsUc07l7gBsrjVeSCKVsGKhzrlxzLPQA1JD6j3+y,1.526656,2.1883220000000003,3.759075,0,2591700,24.449213,Interactive,1,1.75
489600,ai0kEteBVGSO30Ocb83ie8uGTsUc07l7gBsrjVeSCKVsGKhzrlxzLPQA1JD6j3+y,1.507815,2.0547470000000003,3.13151,0,2591700,24.449213,Interactive,1,1.75
489900,ai0kEteBVGSO30Ocb83ie8uGTsUc07l7gBsrjVeSCKVsGKhzrlxzLPQA1JD6j3+y,1.445286,2.216923,3.1127130000000003,0,2591700,24.449213,Interactive,1,1.75
490200,ai0kEteBVGSO30Ocb83ie8uGTsUc07l7gBsrjVeSCKVsGKhzrlxzLPQA1JD6j3+y,1.478407,2.181127,3.802161,0,2591700,24.449213,Interactive,1,1.75
490500,ai0kEteBVGSO30Ocb83ie8uGTsUc07l7gBsrjVeSCKVsGKhzrlxzLPQA1JD6j3+y,1.135576,2.397111,5.758709,0,2591700,24.449213,Interactive,1,1.75
490800,ai0kEteBVGSO30Ocb83ie8uGTsUc07l7gBsrjVeSCKVsGKhzrlxzLPQA1JD6j3+y,1.500776,2.059666,3.01586,0,2591700,24.449213,Interactive,1,1.75
491100,ai0kEteBVGSO30Ocb83ie8uGTsUc07l7gBsrjVeSCKVsGKhzrlxzLPQA1JD6j3+y,0.943769,1.904256,3.535367,0,2591700,24.449213,Interactive,1,1.75
491400,ai0kEteBVGSO30Ocb83ie8uGTsUc07l7gBsrjVeSCKVsGKhzrlxzLPQA1JD6j3+y,1.536768,2.162107,3.388034,0,2591700,24.449213,Interactive,1,1.75
491700,ai0kEteBVGSO30Ocb83ie8uGTsUc07l7gBsrjVeSCKVsGKhzrlxzLPQA1JD6j3+y,1.499333,2.104349,3.092395,0,2591700,24.449213,Interactive,1,1.75
492000,ai0kEteBVGSO30Ocb83ie8uGTsUc07l7gBsrjVeSCKVsGKhzrlxzLPQA1JD6j3+y,0.6814180000000001,2.096976,3.719731,0,2591700,24.449213,Interactive,1,1.75
492300,ai0kEteBVGSO30Ocb83ie8uGTsUc07l7gBsrjVeSCKVsGKhzrlxzLPQA1JD6j3+y,1.4200469999999998,7.034656,36.743045,0,2591700,24.449213,Interactive,1,1.75
492600,ai0kEteBVGSO30Ocb83ie8uGTsUc07l7gBsrjVeSCKVsGKhzrlxzLPQA1JD6j3+y,1.539828,9.64028,30.759474,0,2591700,24.449213,Interactive,1,1.75
492900,ai0kEteBVGSO30Ocb83ie8uGTsUc07l7gBsrjVeSCKVsGKhzrlxzLPQA1JD6j3+y,1.562758,2.132332,3.706578,0,2591700,24.449213,Interactive,1,1.75
493200,ai0kEteBVGSO30Ocb83ie8uGTsUc07l7gBsrjVeSCKVsGKhzrlxzLPQA1JD6j3+y,1.368925,2.008716,3.1057650000000003,0,2591700,24.449213,Interactive,1,1.75
493500,ai0kEteBVGSO30Ocb83ie8uGTsUc07l7gBsrjVeSCKVsGKhzrlxzLPQA1JD6j3+y,1.6543580000000002,2.15205,3.238343,0,2591700,24.449213,Interactive,1,1.75
493800,ai0kEteBVGSO30Ocb83ie8uGTsUc07l7gBsrjVeSCKVsGKhzrlxzLPQA1JD6j3+y,1.34549,2.047369,3.556714,0,2591700,24.449213,Interactive,1,1.75
494100,ai0kEteBVGSO30Ocb83ie8uGTsUc07l7gBsrjVeSCKVsGKhzrlxzLPQA1JD6j3+y,1.429246,2.5193950000000003,6.255529,0,2591700,24.449213,Interactive,1,1.75
494400,ai0kEteBVGSO30Ocb83ie8uGTsUc07l7gBsrjVeSCKVsGKhzrlxzLPQA1JD6j3+y,1.570519,2.085225,3.1602650000000003,0,2591700,24.449213,Interactive,1,1.75
494700,ai0kEteBVGSO30Ocb83ie8uGTsUc07l7gBsrjVeSCKVsGKhzrlxzLPQA1JD6j3+y,1.013887,2.045361,3.733417,0,2591700,24.449213,Interactive,1,1.75
495000,ai0kEteBVGSO30Ocb83ie8uGTsUc07l7gBsrjVeSCKVsGKhzrlxzLPQA1JD6j3+y,1.46721,2.036468,3.273391,0,2591700,24.449213,Interactive,1,1.75
495300,ai0kEteBVGSO30Ocb83ie8uGTsUc07l7gBsrjVeSCKVsGKhzrlxzLPQA1JD6j3+y,0.661466,1.934299,3.929365,0,2591700,24.449213,Interactive,1,1.75
495600,ai0kEteBVGSO30Ocb83ie8uGTsUc07l7gBsrjVeSCKVsGKhzrlxzLPQA1JD6j3+y,1.464548,2.157214,3.149725,0,2591700,24.449213,Interactive,1,1.75
495900,ai0kEteBVGSO30Ocb83ie8uGTsUc07l7gBsrjVeSCKVsGKhzrlxzLPQA1JD6j3+y,1.5247620000000002,2.055118,3.148579,0,2591700,24.449213,Interactive,1,1.75
496200,ai0kEteBVGSO30Ocb83ie8uGTsUc07l7gBsrjVeSCKVsGKhzrlxzLPQA1JD6j3+y,1.480751,2.589077,6.361807,0,2591700,24.449213,Interactive,1,1.75
496500,ai0kEteBVGSO30Ocb83ie8uGTsUc07l7gBsrjVeSCKVsGKhzrlxzLPQA1JD6j3+y,0.759574,1.872572,2.669932,0,2591700,24.449213,Interactive,1,1.75
496800,ai0kEteBVGSO30Ocb83ie8uGTsUc07l7gBsrjVeSCKVsGKhzrlxzLPQA1JD6j3+y,0.8923639999999999,1.908315,3.197343,0,2591700,24.449213,Interactive,1,1.75
497100,ai0kEteBVGSO30Ocb83ie8uGTsUc07l7gBsrjVeSCKVsGKhzrlxzLPQA1JD6j3+y,1.5147620000000002,2.0986740000000004,4.077075,0,2591700,24.449213,Interactive,1,1.75
497400,ai0kEteBVGSO30Ocb83ie8uGTsUc07l7gBsrjVeSCKVsGKhzrlxzLPQA1JD6j3+y,1.446731,2.207226,3.096039,0,2591700,24.449213,Interactive,1,1.75
497700,ai0kEteBVGSO30Ocb83ie8uGTsUc07l7gBsrjVeSCKVsGKhzrlxzLPQA1JD6j3+y,1.422676,2.479394,7.651194,0,2591700,24.449213,Interactive,1,1.75
498000,ai0kEteBVGSO30Ocb83ie8uGTsUc07l7gBsrjVeSCKVsGKhzrlxzLPQA1JD6j3+y,1.209027,2.011969,4.061326,0,2591700,24.449213,Interactive,1,1.75
498300,ai0kEteBVGSO30Ocb83ie8uGTsUc07l7gBsrjVeSCKVsGKhzrlxzLPQA1JD6j3+y,1.510081,2.163153,3.127784,0,2591700,24.449213,Interactive,1,1.75
498600,ai0kEteBVGSO30Ocb83ie8uGTsUc07l7gBsrjVeSCKVsGKhzrlxzLPQA1JD6j3+y,1.509844,1.983527,2.917876,0,2591700,24.449213,Interactive,1,1.75
498900,ai0kEteBVGSO30Ocb83ie8uGTsUc07l7gBsrjVeSCKVsGKhzrlxzLPQA1JD6j3+y,1.515758,2.077751,4.047192,0,2591700,24.449213,Interactive,1,1.75
499200,ai0kEteBVGSO30Ocb83ie8uGTsUc07l7gBsrjVeSCKVsGKhzrlxzLPQA1JD6j3+y,1.455279,2.05135,2.8254200000000003,0,2591700,24.449213,Interactive,1,1.75
499500,ai0kEteBVGSO30Ocb83ie8uGTsUc07l7gBsrjVeSCKVsGKhzrlxzLPQA1JD6j3+y,1.20482,1.9558,3.200716,0,2591700,24.449213,Interactive,1,1.75
499800,ai0kEteBVGSO30Ocb83ie8uGTsUc07l7gBsrjVeSCKVsGKhzrlxzLPQA1JD6j3+y,1.564933,2.14516,4.247889,0,2591700,24.449213,Interactive,1,1.75
500100,ai0kEteBVGSO30Ocb83ie8uGTsUc07l7gBsrjVeSCKVsGKhzrlxzLPQA1JD6j3+y,1.289157,2.109082,3.1918490000000004,0,2591700,24.449213,Interactive,1,1.75
500400,ai0kEteBVGSO30Ocb83ie8uGTsUc07l7gBsrjVeSCKVsGKhzrlxzLPQA1JD6j3+y,1.48093,1.973933,2.999248,0,2591700,24.449213,Interactive,1,1.75
500700,ai0kEteBVGSO30Ocb83ie8uGTsUc07l7gBsrjVeSCKVsGKhzrlxzLPQA1JD6j3+y,1.450724,2.135402,3.996869,0,2591700,24.449213,Interactive,1,1.75
501000,ai0kEteBVGSO30Ocb83ie8uGTsUc07l7gBsrjVeSCKVsGKhzrlxzLPQA1JD6j3+y,1.517495,2.168967,3.054625,0,2591700,24.449213,Interactive,1,1.75
501300,ai0kEteBVGSO30Ocb83ie8uGTsUc07l7gBsrjVeSCKVsGKhzrlxzLPQA1JD6j3+y,0.693341,2.388881,7.194145,0,2591700,24.449213,Interactive,1,1.75
501600,ai0kEteBVGSO30Ocb83ie8uGTsUc07l7gBsrjVeSCKVsGKhzrlxzLPQA1JD6j3+y,1.529003,2.119734,4.2851040000000005,0,2591700,24.449213,Interactive,1,1.75
501900,ai0kEteBVGSO30Ocb83ie8uGTsUc07l7gBsrjVeSCKVsGKhzrlxzLPQA1JD6j3+y,1.352601,1.960097,2.68688,0,2591700,24.449213,Interactive,1,1.75
502200,ai0kEteBVGSO30Ocb83ie8uGTsUc07l7gBsrjVeSCKVsGKhzrlxzLPQA1JD6j3+y,1.439912,2.0817490000000003,3.157362,0,2591700,24.449213,Interactive,1,1.75
502500,ai0kEteBVGSO30Ocb83ie8uGTsUc07l7gBsrjVeSCKVsGKhzrlxzLPQA1JD6j3+y,1.45605,2.09564,4.014002,0,2591700,24.449213,Interactive,1,1.75
502800,ai0kEteBVGSO30Ocb83ie8uGTsUc07l7gBsrjVeSCKVsGKhzrlxzLPQA1JD6j3+y,0.938219,2.041488,2.934622,0,2591700,24.449213,Interactive,1,1.75
503100,ai0kEteBVGSO30Ocb83ie8uGTsUc07l7gBsrjVeSCKVsGKhzrlxzLPQA1JD6j3+y,1.538999,2.072435,3.488025,0,2591700,24.449213,Interactive,1,1.75
503400,ai0kEteBVGSO30Ocb83ie8uGTsUc07l7gBsrjVeSCKVsGKhzrlxzLPQA1JD6j3+y,1.111418,2.037096,4.018676,0,2591700,24.449213,Interactive,1,1.75
503700,ai0kEteBVGSO30Ocb83ie8uGTsUc07l7gBsrjVeSCKVsGKhzrlxzLPQA1JD6j3+y,1.5480040000000002,2.13046,3.046329,0,2591700,24.449213,Interactive,1,1.75
504000,ai0kEteBVGSO30Ocb83ie8uGTsUc07l7gBsrjVeSCKVsGKhzrlxzLPQA1JD6j3+y,1.553086,2.023992,3.031802,0,2591700,24.449213,Interactive,1,1.75
504300,ai0kEteBVGSO30Ocb83ie8uGTsUc07l7gBsrjVeSCKVsGKhzrlxzLPQA1JD6j3+y,1.517454,2.106256,4.113511,0,2591700,24.449213,Interactive,1,1.75
504600,ai0kEteBVGSO30Ocb83ie8uGTsUc07l7gBsrjVeSCKVsGKhzrlxzLPQA1JD6j3+y,1.513525,2.019914,2.889319,0,2591700,24.449213,Interactive,1,1.75
504900,ai0kEteBVGSO30Ocb83ie8uGTsUc07l7gBsrjVeSCKVsGKhzrlxzLPQA1JD6j3+y,1.281132,2.468,7.377486999999999,0,2591700,24.449213,Interactive,1,1.75
505200,ai0kEteBVGSO30Ocb83ie8uGTsUc07l7gBsrjVeSCKVsGKhzrlxzLPQA1JD6j3+y,1.524753,2.1164240000000003,3.987812,0,2591700,24.449213,Interactive,1,1.75
505500,ai0kEteBVGSO30Ocb83ie8uGTsUc07l7gBsrjVeSCKVsGKhzrlxzLPQA1JD6j3+y,1.34984,2.118467,3.040019,0,2591700,24.449213,Interactive,1,1.75
505800,ai0kEteBVGSO30Ocb83ie8uGTsUc07l7gBsrjVeSCKVsGKhzrlxzLPQA1JD6j3+y,1.522493,2.003074,3.03797,0,2591700,24.449213,Interactive,1,1.75
506100,ai0kEteBVGSO30Ocb83ie8uGTsUc07l7gBsrjVeSCKVsGKhzrlxzLPQA1JD6j3+y,1.496749,2.142331,4.153569,0,2591700,24.449213,Interactive,1,1.75
506400,ai0kEteBVGSO30Ocb83ie8uGTsUc07l7gBsrjVeSCKVsGKhzrlxzLPQA1JD6j3+y,1.500635,2.069211,2.956746,0,2591700,24.449213,Interactive,1,1.75
506700,ai0kEteBVGSO30Ocb83ie8uGTsUc07l7gBsrjVeSCKVsGKhzrlxzLPQA1JD6j3+y,1.447597,2.049953,3.318521,0,2591700,24.449213,Interactive,1,1.75
507000,ai0kEteBVGSO30Ocb83ie8uGTsUc07l7gBsrjVeSCKVsGKhzrlxzLPQA1JD6j3+y,1.442439,2.205985,4.750435,0,2591700,24.449213,Interactive,1,1.75
507300,ai0kEteBVGSO30Ocb83ie8uGTsUc07l7gBsrjVeSCKVsGKhzrlxzLPQA1JD6j3+y,1.107989,2.003154,2.711419,0,2591700,24.449213,Interactive,1,1.75
507600,ai0kEteBVGSO30Ocb83ie8uGTsUc07l7gBsrjVeSCKVsGKhzrlxzLPQA1JD6j3+y,0.62233,1.954545,3.368484,0,2591700,24.449213,Interactive,1,1.75
507900,ai0kEteBVGSO30Ocb83ie8uGTsUc07l7gBsrjVeSCKVsGKhzrlxzLPQA1JD6j3+y,1.51135,2.104393,3.901596,0,2591700,24.449213,Interactive,1,1.75
508200,ai0kEteBVGSO30Ocb83ie8uGTsUc07l7gBsrjVeSCKVsGKhzrlxzLPQA1JD6j3+y,1.129974,2.033352,3.039827,0,2591700,24.449213,Interactive,1,1.75
508500,ai0kEteBVGSO30Ocb83ie8uGTsUc07l7gBsrjVeSCKVsGKhzrlxzLPQA1JD6j3+y,1.499968,2.588411,6.094302,0,2591700,24.449213,Interactive,1,1.75
508800,ai0kEteBVGSO30Ocb83ie8uGTsUc07l7gBsrjVeSCKVsGKhzrlxzLPQA1JD6j3+y,1.098753,2.022371,3.5575980000000005,0,2591700,24.449213,Interactive,1,1.75
509100,ai0kEteBVGSO30Ocb83ie8uGTsUc07l7gBsrjVeSCKVsGKhzrlxzLPQA1JD6j3+y,1.486631,2.059031,3.1987520000000003,0,2591700,24.449213,Interactive,1,1.75
509400,ai0kEteBVGSO30Ocb83ie8uGTsUc07l7gBsrjVeSCKVsGKhzrlxzLPQA1JD6j3+y,1.269319,2.0736220000000003,3.018886,0,2591700,24.449213,Interactive,1,1.75
509700,ai0kEteBVGSO30Ocb83ie8uGTsUc07l7gBsrjVeSCKVsGKhzrlxzLPQA1JD6j3+y,1.442432,2.101005,3.846681,0,2591700,24.449213,Interactive,1,1.75
510000,ai0kEteBVGSO30Ocb83ie8uGTsUc07l7gBsrjVeSCKVsGKhzrlxzLPQA1JD6j3+y,1.491873,2.405155,5.516568,0,2591700,24.449213,Interactive,1,1.75
510300,ai0kEteBVGSO30Ocb83ie8uGTsUc07l7gBsrjVeSCKVsGKhzrlxzLPQA1JD6j3+y,1.45786,2.092345,3.089299,0,2591700,24.449213,Interactive,1,1.75
510600,ai0kEteBVGSO30Ocb83ie8uGTsUc07l7gBsrjVeSCKVsGKhzrlxzLPQA1JD6j3+y,1.530246,3.236325,13.228254000000002,0,2591700,24.449213,Interactive,1,1.75
510900,ai0kEteBVGSO30Ocb83ie8uGTsUc07l7gBsrjVeSCKVsGKhzrlxzLPQA1JD6j3+y,1.441303,2.013738,3.10941,0,2591700,24.449213,Interactive,1,1.75
511200,ai0kEteBVGSO30Ocb83ie8uGTsUc07l7gBsrjVeSCKVsGKhzrlxzLPQA1JD6j3+y,1.560851,2.1034,3.0541560000000003,0,2591700,24.449213,Interactive,1,1.75
511500,ai0kEteBVGSO30Ocb83ie8uGTsUc07l7gBsrjVeSCKVsGKhzrlxzLPQA1JD6j3+y,1.445798,2.583157,4.196903,0,2591700,24.449213,Interactive,1,1.75
511800,ai0kEteBVGSO30Ocb83ie8uGTsUc07l7gBsrjVeSCKVsGKhzrlxzLPQA1JD6j3+y,1.6459099999999998,4.166698,21.768047,0,2591700,24.449213,Interactive,1,1.75
512100,ai0kEteBVGSO30Ocb83ie8uGTsUc07l7gBsrjVeSCKVsGKhzrlxzLPQA1JD6j3+y,1.697583,2.897713,6.160902,0,2591700,24.449213,Interactive,1,1.75
512400,ai0kEteBVGSO30Ocb83ie8uGTsUc07l7gBsrjVeSCKVsGKhzrlxzLPQA1JD6j3+y,1.49107,5.319401999999999,31.741548,0,2591700,24.449213,Interactive,1,1.75
512700,ai0kEteBVGSO30Ocb83ie8uGTsUc07l7gBsrjVeSCKVsGKhzrlxzLPQA1JD6j3+y,1.787191,9.180197,49.378755,0,2591700,24.449213,Interactive,1,1.75
513000,ai0kEteBVGSO30Ocb83ie8uGTsUc07l7gBsrjVeSCKVsGKhzrlxzLPQA1JD6j3+y,1.760674,3.369321,13.127609,0,2591700,24.449213,Interactive,1,1.75
513300,ai0kEteBVGSO30Ocb83ie8uGTsUc07l7gBsrjVeSCKVsGKhzrlxzLPQA1JD6j3+y,1.58319,3.650112000000001,15.576759,0,2591700,24.449213,Interactive,1,1.75
513600,ai0kEteBVGSO30Ocb83ie8uGTsUc07l7gBsrjVeSCKVsGKhzrlxzLPQA1JD6j3+y,1.620832,2.641595,6.830347,0,2591700,24.449213,Interactive,1,1.75
513900,ai0kEteBVGSO30Ocb83ie8uGTsUc07l7gBsrjVeSCKVsGKhzrlxzLPQA1JD6j3+y,1.564968,2.150246,3.077369,0,2591700,24.449213,Interactive,1,1.75
514200,ai0kEteBVGSO30Ocb83ie8uGTsUc07l7gBsrjVeSCKVsGKhzrlxzLPQA1JD6j3+y,1.458867,2.364467,4.162712,0,2591700,24.449213,Interactive,1,1.75
514500,ai0kEteBVGSO30Ocb83ie8uGTsUc07l7gBsrjVeSCKVsGKhzrlxzLPQA1JD6j3+y,1.478018,2.0419080000000003,3.0655900000000003,0,2591700,24.449213,Interactive,1,1.75
514800,ai0kEteBVGSO30Ocb83ie8uGTsUc07l7gBsrjVeSCKVsGKhzrlxzLPQA1JD6j3+y,1.532209,2.546948,6.51907,0,2591700,24.449213,Interactive,1,1.75
515100,ai0kEteBVGSO30Ocb83ie8uGTsUc07l7gBsrjVeSCKVsGKhzrlxzLPQA1JD6j3+y,1.449115,2.122521,3.761108,0,2591700,24.449213,Interactive,1,1.75
515400,ai0kEteBVGSO30Ocb83ie8uGTsUc07l7gBsrjVeSCKVsGKhzrlxzLPQA1JD6j3+y,1.546562,2.121954,2.944045,0,2591700,24.449213,Interactive,1,1.75
515700,ai0kEteBVGSO30Ocb83ie8uGTsUc07l7gBsrjVeSCKVsGKhzrlxzLPQA1JD6j3+y,1.5607719999999998,2.580722,6.401096,0,2591700,24.449213,Interactive,1,1.75
516000,ai0kEteBVGSO30Ocb83ie8uGTsUc07l7gBsrjVeSCKVsGKhzrlxzLPQA1JD6j3+y,1.4504549999999998,2.923102,9.99843,0,2591700,24.449213,Interactive,1,1.75
516300,ai0kEteBVGSO30Ocb83ie8uGTsUc07l7gBsrjVeSCKVsGKhzrlxzLPQA1JD6j3+y,1.508153,2.161638,3.331557,0,2591700,24.449213,Interactive,1,1.75
516600,ai0kEteBVGSO30Ocb83ie8uGTsUc07l7gBsrjVeSCKVsGKhzrlxzLPQA1JD6j3+y,1.418127,2.044417,3.328617,0,2591700,24.449213,Interactive,1,1.75
516900,ai0kEteBVGSO30Ocb83ie8uGTsUc07l7gBsrjVeSCKVsGKhzrlxzLPQA1JD6j3+y,1.511321,2.217556,3.799263,0,2591700,24.449213,Interactive,1,1.75
517200,ai0kEteBVGSO30Ocb83ie8uGTsUc07l7gBsrjVeSCKVsGKhzrlxzLPQA1JD6j3+y,1.411659,2.0585,3.326188,0,2591700,24.449213,Interactive,1,1.75
517500,ai0kEteBVGSO30Ocb83ie8uGTsUc07l7gBsrjVeSCKVsGKhzrlxzLPQA1JD6j3+y,1.605589,2.404994,3.843757,0,2591700,24.449213,Interactive,1,1.75
517800,ai0kEteBVGSO30Ocb83ie8uGTsUc07l7gBsrjVeSCKVsGKhzrlxzLPQA1JD6j3+y,1.520667,2.182157,3.790096,0,2591700,24.449213,Interactive,1,1.75
518100,ai0kEteBVGSO30Ocb83ie8uGTsUc07l7gBsrjVeSCKVsGKhzrlxzLPQA1JD6j3+y,1.555183,2.253544,3.058639,0,2591700,24.449213,Interactive,1,1.75
518400,ai0kEteBVGSO30Ocb83ie8uGTsUc07l7gBsrjVeSCKVsGKhzrlxzLPQA1JD6j3+y,1.578051,2.119719,3.181945,0,2591700,24.449213,Interactive,1,1.75
518700,ai0kEteBVGSO30Ocb83ie8uGTsUc07l7gBsrjVeSCKVsGKhzrlxzLPQA1JD6j3+y,1.499888,3.338911,14.123234,0,2591700,24.449213,Interactive,1,1.75
519000,ai0kEteBVGSO30Ocb83ie8uGTsUc07l7gBsrjVeSCKVsGKhzrlxzLPQA1JD6j3+y,1.511798,2.271868,3.401442,0,2591700,24.449213,Interactive,1,1.75
519300,ai0kEteBVGSO30Ocb83ie8uGTsUc07l7gBsrjVeSCKVsGKhzrlxzLPQA1JD6j3+y,1.518735,2.596613,6.113196,0,2591700,24.449213,Interactive,1,1.75
519600,ai0kEteBVGSO30Ocb83ie8uGTsUc07l7gBsrjVeSCKVsGKhzrlxzLPQA1JD6j3+y,1.431864,2.25283,3.508621,0,2591700,24.449213,Interactive,1,1.75
519900,ai0kEteBVGSO30Ocb83ie8uGTsUc07l7gBsrjVeSCKVsGKhzrlxzLPQA1JD6j3+y,1.540851,2.022862,3.065832,0,2591700,24.449213,Interactive,1,1.75
520200,ai0kEteBVGSO30Ocb83ie8uGTsUc07l7gBsrjVeSCKVsGKhzrlxzLPQA1JD6j3+y,1.6895759999999995,2.317625,3.529875,0,2591700,24.449213,Interactive,1,1.75
520500,ai0kEteBVGSO30Ocb83ie8uGTsUc07l7gBsrjVeSCKVsGKhzrlxzLPQA1JD6j3+y,1.488171,2.12401,3.537558,0,2591700,24.449213,Interactive,1,1.75
520800,ai0kEteBVGSO30Ocb83ie8uGTsUc07l7gBsrjVeSCKVsGKhzrlxzLPQA1JD6j3+y,1.41905,2.168459,3.507774,0,2591700,24.449213,Interactive,1,1.75
521100,ai0kEteBVGSO30Ocb83ie8uGTsUc07l7gBsrjVeSCKVsGKhzrlxzLPQA1JD6j3+y,1.530089,2.161157,3.783555,0,2591700,24.449213,Interactive,1,1.75
521400,ai0kEteBVGSO30Ocb83ie8uGTsUc07l7gBsrjVeSCKVsGKhzrlxzLPQA1JD6j3+y,1.53164,3.0352650000000003,11.190579,0,2591700,24.449213,Interactive,1,1.75
521700,ai0kEteBVGSO30Ocb83ie8uGTsUc07l7gBsrjVeSCKVsGKhzrlxzLPQA1JD6j3+y,1.492038,2.125661,3.145526,0,2591700,24.449213,Interactive,1,1.75
522000,ai0kEteBVGSO30Ocb83ie8uGTsUc07l7gBsrjVeSCKVsGKhzrlxzLPQA1JD6j3+y,1.539461,2.111219,3.240021,0,2591700,24.449213,Interactive,1,1.75
522300,ai0kEteBVGSO30Ocb83ie8uGTsUc07l7gBsrjVeSCKVsGKhzrlxzLPQA1JD6j3+y,1.440955,2.211011,4.145697,0,2591700,24.449213,Interactive,1,1.75
522600,ai0kEteBVGSO30Ocb83ie8uGTsUc07l7gBsrjVeSCKVsGKhzrlxzLPQA1JD6j3+y,1.438586,2.061762,3.039816,0,2591700,24.449213,Interactive,1,1.75
522900,ai0kEteBVGSO30Ocb83ie8uGTsUc07l7gBsrjVeSCKVsGKhzrlxzLPQA1JD6j3+y,1.67135,2.897728,7.249711,0,2591700,24.449213,Interactive,1,1.75
523200,ai0kEteBVGSO30Ocb83ie8uGTsUc07l7gBsrjVeSCKVsGKhzrlxzLPQA1JD6j3+y,1.482077,2.13334,3.539404,0,2591700,24.449213,Interactive,1,1.75
523500,ai0kEteBVGSO30Ocb83ie8uGTsUc07l7gBsrjVeSCKVsGKhzrlxzLPQA1JD6j3+y,1.541389,2.23484,3.390859,0,2591700,24.449213,Interactive,1,1.75
523800,ai0kEteBVGSO30Ocb83ie8uGTsUc07l7gBsrjVeSCKVsGKhzrlxzLPQA1JD6j3+y,1.3871440000000002,2.114415,4.084515000000001,0,2591700,24.449213,Interactive,1,1.75
524100,ai0kEteBVGSO30Ocb83ie8uGTsUc07l7gBsrjVeSCKVsGKhzrlxzLPQA1JD6j3+y,1.447145,3.185781,12.637541,0,2591700,24.449213,Interactive,1,1.75
524400,ai0kEteBVGSO30Ocb83ie8uGTsUc07l7gBsrjVeSCKVsGKhzrlxzLPQA1JD6j3+y,1.492787,2.417893,6.490391000000001,0,2591700,24.449213,Interactive,1,1.75
524700,ai0kEteBVGSO30Ocb83ie8uGTsUc07l7gBsrjVeSCKVsGKhzrlxzLPQA1JD6j3+y,1.495308,2.125739,4.123276000000001,0,2591700,24.449213,Interactive,1,1.75
525000,ai0kEteBVGSO30Ocb83ie8uGTsUc07l7gBsrjVeSCKVsGKhzrlxzLPQA1JD6j3+y,1.52152,2.666446,6.885586999999999,0,2591700,24.449213,Interactive,1,1.75
525300,ai0kEteBVGSO30Ocb83ie8uGTsUc07l7gBsrjVeSCKVsGKhzrlxzLPQA1JD6j3+y,1.52619,2.097331,3.3718730000000003,0,2591700,24.449213,Interactive,1,1.75
525600,ai0kEteBVGSO30Ocb83ie8uGTsUc07l7gBsrjVeSCKVsGKhzrlxzLPQA1JD6j3+y,1.458046,2.328942,4.084201999999999,0,2591700,24.449213,Interactive,1,1.75
525900,ai0kEteBVGSO30Ocb83ie8uGTsUc07l7gBsrjVeSCKVsGKhzrlxzLPQA1JD6j3+y,1.490381,2.071712,3.008496,0,2591700,24.449213,Interactive,1,1.75
526200,ai0kEteBVGSO30Ocb83ie8uGTsUc07l7gBsrjVeSCKVsGKhzrlxzLPQA1JD6j3+y,1.407945,2.1823200000000003,3.5022010000000003,0,2591700,24.449213,Interactive,1,1.75
526500,ai0kEteBVGSO30Ocb83ie8uGTsUc07l7gBsrjVeSCKVsGKhzrlxzLPQA1JD6j3+y,1.505276,2.588421,6.069782,0,2591700,24.449213,Interactive,1,1.75
526800,ai0kEteBVGSO30Ocb83ie8uGTsUc07l7gBsrjVeSCKVsGKhzrlxzLPQA1JD6j3+y,1.524073,3.237757,12.954886,0,2591700,24.449213,Interactive,1,1.75
527100,ai0kEteBVGSO30Ocb83ie8uGTsUc07l7gBsrjVeSCKVsGKhzrlxzLPQA1JD6j3+y,1.558847,2.573738,7.261646000000001,0,2591700,24.449213,Interactive,1,1.75
527400,ai0kEteBVGSO30Ocb83ie8uGTsUc07l7gBsrjVeSCKVsGKhzrlxzLPQA1JD6j3+y,1.5335530000000002,2.188941,4.044782,0,2591700,24.449213,Interactive,1,1.75
527700,ai0kEteBVGSO30Ocb83ie8uGTsUc07l7gBsrjVeSCKVsGKhzrlxzLPQA1JD6j3+y,1.436597,2.123522,3.019394,0,2591700,24.449213,Interactive,1,1.75
528000,ai0kEteBVGSO30Ocb83ie8uGTsUc07l7gBsrjVeSCKVsGKhzrlxzLPQA1JD6j3+y,1.381653,2.05211,3.169539,0,2591700,24.449213,Interactive,1,1.75
528300,ai0kEteBVGSO30Ocb83ie8uGTsUc07l7gBsrjVeSCKVsGKhzrlxzLPQA1JD6j3+y,1.479453,2.653991,6.8445990000000005,0,2591700,24.449213,Interactive,1,1.75
528600,ai0kEteBVGSO30Ocb83ie8uGTsUc07l7gBsrjVeSCKVsGKhzrlxzLPQA1JD6j3+y,1.467588,2.185554,3.745893,0,2591700,24.449213,Interactive,1,1.75
528900,ai0kEteBVGSO30Ocb83ie8uGTsUc07l7gBsrjVeSCKVsGKhzrlxzLPQA1JD6j3+y,1.49486,2.231763,3.578608,0,2591700,24.449213,Interactive,1,1.75
529200,ai0kEteBVGSO30Ocb83ie8uGTsUc07l7gBsrjVeSCKVsGKhzrlxzLPQA1JD6j3+y,1.4108379999999998,2.163868,4.292597,0,2591700,24.449213,Interactive,1,1.75
529500,ai0kEteBVGSO30Ocb83ie8uGTsUc07l7gBsrjVeSCKVsGKhzrlxzLPQA1JD6j3+y,1.523505,3.3170870000000003,13.007213,0,2591700,24.449213,Interactive,1,1.75
529800,ai0kEteBVGSO30Ocb83ie8uGTsUc07l7gBsrjVeSCKVsGKhzrlxzLPQA1JD6j3+y,1.5603209999999998,2.506436,7.024744,0,2591700,24.449213,Interactive,1,1.75
530100,ai0kEteBVGSO30Ocb83ie8uGTsUc07l7gBsrjVeSCKVsGKhzrlxzLPQA1JD6j3+y,1.474698,2.624245,6.742093,0,2591700,24.449213,Interactive,1,1.75
530400,ai0kEteBVGSO30Ocb83ie8uGTsUc07l7gBsrjVeSCKVsGKhzrlxzLPQA1JD6j3+y,1.456588,2.40947,3.819447,0,2591700,24.449213,Interactive,1,1.75
530700,ai0kEteBVGSO30Ocb83ie8uGTsUc07l7gBsrjVeSCKVsGKhzrlxzLPQA1JD6j3+y,1.457962,2.043111,3.125742,0,2591700,24.449213,Interactive,1,1.75
531000,ai0kEteBVGSO30Ocb83ie8uGTsUc07l7gBsrjVeSCKVsGKhzrlxzLPQA1JD6j3+y,1.255379,1.947921,3.777178,0,2591700,24.449213,Interactive,1,1.75
531300,ai0kEteBVGSO30Ocb83ie8uGTsUc07l7gBsrjVeSCKVsGKhzrlxzLPQA1JD6j3+y,1.398992,2.06015,2.978532,0,2591700,24.449213,Interactive,1,1.75
531600,ai0kEteBVGSO30Ocb83ie8uGTsUc07l7gBsrjVeSCKVsGKhzrlxzLPQA1JD6j3+y,1.371852,1.995919,2.951576,0,2591700,24.449213,Interactive,1,1.75
531900,ai0kEteBVGSO30Ocb83ie8uGTsUc07l7gBsrjVeSCKVsGKhzrlxzLPQA1JD6j3+y,1.39404,2.0446880000000003,4.275151999999999,0,2591700,24.449213,Interactive,1,1.75
532200,ai0kEteBVGSO30Ocb83ie8uGTsUc07l7gBsrjVeSCKVsGKhzrlxzLPQA1JD6j3+y,1.371452,1.902272,2.748055,0,2591700,24.449213,Interactive,1,1.75
532500,ai0kEteBVGSO30Ocb83ie8uGTsUc07l7gBsrjVeSCKVsGKhzrlxzLPQA1JD6j3+y,1.523127,2.083252,3.067666,0,2591700,24.449213,Interactive,1,1.75
532800,ai0kEteBVGSO30Ocb83ie8uGTsUc07l7gBsrjVeSCKVsGKhzrlxzLPQA1JD6j3+y,1.450948,2.080983,4.173032,0,2591700,24.449213,Interactive,1,1.75
533100,ai0kEteBVGSO30Ocb83ie8uGTsUc07l7gBsrjVeSCKVsGKhzrlxzLPQA1JD6j3+y,1.490313,2.112207,3.174862,0,2591700,24.449213,Interactive,1,1.75
533400,ai0kEteBVGSO30Ocb83ie8uGTsUc07l7gBsrjVeSCKVsGKhzrlxzLPQA1JD6j3+y,1.523241,2.039212,3.171728,0,2591700,24.449213,Interactive,1,1.75
533700,ai0kEteBVGSO30Ocb83ie8uGTsUc07l7gBsrjVeSCKVsGKhzrlxzLPQA1JD6j3+y,1.398848,2.021147,3.996383,0,2591700,24.449213,Interactive,1,1.75
534000,ai0kEteBVGSO30Ocb83ie8uGTsUc07l7gBsrjVeSCKVsGKhzrlxzLPQA1JD6j3+y,1.484067,2.066071,3.102599,0,2591700,24.449213,Interactive,1,1.75
534300,ai0kEteBVGSO30Ocb83ie8uGTsUc07l7gBsrjVeSCKVsGKhzrlxzLPQA1JD6j3+y,0.728294,1.969468,3.083193,0,2591700,24.449213,Interactive,1,1.75
534600,ai0kEteBVGSO30Ocb83ie8uGTsUc07l7gBsrjVeSCKVsGKhzrlxzLPQA1JD6j3+y,1.426101,2.011164,3.838441,0,2591700,24.449213,Interactive,1,1.75
534900,ai0kEteBVGSO30Ocb83ie8uGTsUc07l7gBsrjVeSCKVsGKhzrlxzLPQA1JD6j3+y,1.462631,1.956784,2.653255,0,2591700,24.449213,Interactive,1,1.75
535200,ai0kEteBVGSO30Ocb83ie8uGTsUc07l7gBsrjVeSCKVsGKhzrlxzLPQA1JD6j3+y,1.4265,2.004653,2.909028,0,2591700,24.449213,Interactive,1,1.75
535500,ai0kEteBVGSO30Ocb83ie8uGTsUc07l7gBsrjVeSCKVsGKhzrlxzLPQA1JD6j3+y,1.381811,1.986747,4.010679,0,2591700,24.449213,Interactive,1,1.75
535800,ai0kEteBVGSO30Ocb83ie8uGTsUc07l7gBsrjVeSCKVsGKhzrlxzLPQA1JD6j3+y,1.376651,2.026075,2.896102,0,2591700,24.449213,Interactive,1,1.75
536100,ai0kEteBVGSO30Ocb83ie8uGTsUc07l7gBsrjVeSCKVsGKhzrlxzLPQA1JD6j3+y,1.446778,1.961,2.91697,0,2591700,24.449213,Interactive,1,1.75
536400,ai0kEteBVGSO30Ocb83ie8uGTsUc07l7gBsrjVeSCKVsGKhzrlxzLPQA1JD6j3+y,1.364063,1.954256,3.804828,0,2591700,24.449213,Interactive,1,1.75
536700,ai0kEteBVGSO30Ocb83ie8uGTsUc07l7gBsrjVeSCKVsGKhzrlxzLPQA1JD6j3+y,1.369209,1.969391,3.036969,0,2591700,24.449213,Interactive,1,1.75
537000,ai0kEteBVGSO30Ocb83ie8uGTsUc07l7gBsrjVeSCKVsGKhzrlxzLPQA1JD6j3+y,1.144251,1.921344,2.863153,0,2591700,24.449213,Interactive,1,1.75
537300,ai0kEteBVGSO30Ocb83ie8uGTsUc07l7gBsrjVeSCKVsGKhzrlxzLPQA1JD6j3+y,1.469043,2.4692380000000003,5.979635,0,2591700,24.449213,Interactive,1,1.75
537600,ai0kEteBVGSO30Ocb83ie8uGTsUc07l7gBsrjVeSCKVsGKhzrlxzLPQA1JD6j3+y,1.177032,1.7821810000000002,2.689478,0,2591700,24.449213,Interactive,1,1.75
537900,ai0kEteBVGSO30Ocb83ie8uGTsUc07l7gBsrjVeSCKVsGKhzrlxzLPQA1JD6j3+y,1.599917,2.06983,3.1846490000000003,0,2591700,24.449213,Interactive,1,1.75
538200,ai0kEteBVGSO30Ocb83ie8uGTsUc07l7gBsrjVeSCKVsGKhzrlxzLPQA1JD6j3+y,1.40367,2.120559,5.166309,0,2591700,24.449213,Interactive,1,1.75
538500,ai0kEteBVGSO30Ocb83ie8uGTsUc07l7gBsrjVeSCKVsGKhzrlxzLPQA1JD6j3+y,1.492272,2.017353,2.951525,0,2591700,24.449213,Interactive,1,1.75
538800,ai0kEteBVGSO30Ocb83ie8uGTsUc07l7gBsrjVeSCKVsGKhzrlxzLPQA1JD6j3+y,1.527589,2.0175560000000003,3.037666,0,2591700,24.449213,Interactive,1,1.75
539100,ai0kEteBVGSO30Ocb83ie8uGTsUc07l7gBsrjVeSCKVsGKhzrlxzLPQA1JD6j3+y,1.337124,2.070403,3.853463,0,2591700,24.449213,Interactive,1,1.75
539400,ai0kEteBVGSO30Ocb83ie8uGTsUc07l7gBsrjVeSCKVsGKhzrlxzLPQA1JD6j3+y,1.386288,1.95943,2.929067,0,2591700,24.449213,Interactive,1,1.75
539700,ai0kEteBVGSO30Ocb83ie8uGTsUc07l7gBsrjVeSCKVsGKhzrlxzLPQA1JD6j3+y,1.324034,2.029811,3.146674,0,2591700,24.449213,Interactive,1,1.75
540000,ai0kEteBVGSO30Ocb83ie8uGTsUc07l7gBsrjVeSCKVsGKhzrlxzLPQA1JD6j3+y,1.416011,2.019128,3.558418,0,2591700,24.449213,Interactive,1,1.75
540300,ai0kEteBVGSO30Ocb83ie8uGTsUc07l7gBsrjVeSCKVsGKhzrlxzLPQA1JD6j3+y,1.486305,1.770618,2.653781,0,2591700,24.449213,Interactive,1,1.75
540600,ai0kEteBVGSO30Ocb83ie8uGTsUc07l7gBsrjVeSCKVsGKhzrlxzLPQA1JD6j3+y,1.576233,2.104099,2.887008,0,2591700,24.449213,Interactive,1,1.75
540900,ai0kEteBVGSO30Ocb83ie8uGTsUc07l7gBsrjVeSCKVsGKhzrlxzLPQA1JD6j3+y,1.385222,2.392833,6.330712999999999,0,2591700,24.449213,Interactive,1,1.75
541200,ai0kEteBVGSO30Ocb83ie8uGTsUc07l7gBsrjVeSCKVsGKhzrlxzLPQA1JD6j3+y,1.388007,5.946104,41.010953,0,2591700,24.449213,Interactive,1,1.75
541500,ai0kEteBVGSO30Ocb83ie8uGTsUc07l7gBsrjVeSCKVsGKhzrlxzLPQA1JD6j3+y,1.601899,7.006811999999999,48.78623,0,2591700,24.449213,Interactive,1,1.75
541800,ai0kEteBVGSO30Ocb83ie8uGTsUc07l7gBsrjVeSCKVsGKhzrlxzLPQA1JD6j3+y,1.357197,2.079381,3.5619089999999995,0,2591700,24.449213,Interactive,1,1.75
542100,ai0kEteBVGSO30Ocb83ie8uGTsUc07l7gBsrjVeSCKVsGKhzrlxzLPQA1JD6j3+y,1.481319,1.895816,3.080722,0,2591700,24.449213,Interactive,1,1.75
542400,ai0kEteBVGSO30Ocb83ie8uGTsUc07l7gBsrjVeSCKVsGKhzrlxzLPQA1JD6j3+y,1.083446,1.999989,2.906505,0,2591700,24.449213,Interactive,1,1.75
542700,ai0kEteBVGSO30Ocb83ie8uGTsUc07l7gBsrjVeSCKVsGKhzrlxzLPQA1JD6j3+y,1.424993,1.984218,3.5749160000000004,0,2591700,24.449213,Interactive,1,1.75
543000,ai0kEteBVGSO30Ocb83ie8uGTsUc07l7gBsrjVeSCKVsGKhzrlxzLPQA1JD6j3+y,1.454949,1.769362,2.625354,0,2591700,24.449213,Interactive,1,1.75
543300,ai0kEteBVGSO30Ocb83ie8uGTsUc07l7gBsrjVeSCKVsGKhzrlxzLPQA1JD6j3+y,1.5166620000000002,2.076622,2.839595,0,2591700,24.449213,Interactive,1,1.75
543600,ai0kEteBVGSO30Ocb83ie8uGTsUc07l7gBsrjVeSCKVsGKhzrlxzLPQA1JD6j3+y,1.41855,2.208389,3.910251,0,2591700,24.449213,Interactive,1,1.75
543900,ai0kEteBVGSO30Ocb83ie8uGTsUc07l7gBsrjVeSCKVsGKhzrlxzLPQA1JD6j3+y,1.482248,1.972204,3.162106,0,2591700,24.449213,Interactive,1,1.75
544200,ai0kEteBVGSO30Ocb83ie8uGTsUc07l7gBsrjVeSCKVsGKhzrlxzLPQA1JD6j3+y,1.543074,2.083861,3.085796,0,2591700,24.449213,Interactive,1,1.75
544500,ai0kEteBVGSO30Ocb83ie8uGTsUc07l7gBsrjVeSCKVsGKhzrlxzLPQA1JD6j3+y,1.372995,2.131982,3.4428370000000004,0,2591700,24.449213,Interactive,1,1.75
544800,ai0kEteBVGSO30Ocb83ie8uGTsUc07l7gBsrjVeSCKVsGKhzrlxzLPQA1JD6j3+y,1.371817,1.838071,2.94697,0,2591700,24.449213,Interactive,1,1.75
545100,ai0kEteBVGSO30Ocb83ie8uGTsUc07l7gBsrjVeSCKVsGKhzrlxzLPQA1JD6j3+y,1.498004,2.124288,3.123373,0,2591700,24.449213,Interactive,1,1.75
545400,ai0kEteBVGSO30Ocb83ie8uGTsUc07l7gBsrjVeSCKVsGKhzrlxzLPQA1JD6j3+y,1.362961,1.964032,3.535747,0,2591700,24.449213,Interactive,1,1.75
545700,ai0kEteBVGSO30Ocb83ie8uGTsUc07l7gBsrjVeSCKVsGKhzrlxzLPQA1JD6j3+y,0.842232,1.6541290000000002,2.696657,0,2591700,24.449213,Interactive,1,1.75
546000,ai0kEteBVGSO30Ocb83ie8uGTsUc07l7gBsrjVeSCKVsGKhzrlxzLPQA1JD6j3+y,1.4831219999999998,2.0560560000000003,2.831071,0,2591700,24.449213,Interactive,1,1.75
546300,ai0kEteBVGSO30Ocb83ie8uGTsUc07l7gBsrjVeSCKVsGKhzrlxzLPQA1JD6j3+y,1.1284299999999998,1.957625,3.49356,0,2591700,24.449213,Interactive,1,1.75
546600,ai0kEteBVGSO30Ocb83ie8uGTsUc07l7gBsrjVeSCKVsGKhzrlxzLPQA1JD6j3+y,1.363071,1.924238,2.947124,0,2591700,24.449213,Interactive,1,1.75
546900,ai0kEteBVGSO30Ocb83ie8uGTsUc07l7gBsrjVeSCKVsGKhzrlxzLPQA1JD6j3+y,1.540114,2.014109,2.787371,0,2591700,24.449213,Interactive,1,1.75
547200,ai0kEteBVGSO30Ocb83ie8uGTsUc07l7gBsrjVeSCKVsGKhzrlxzLPQA1JD6j3+y,0.849427,1.952442,3.516838,0,2591700,24.449213,Interactive,1,1.75
547500,ai0kEteBVGSO30Ocb83ie8uGTsUc07l7gBsrjVeSCKVsGKhzrlxzLPQA1JD6j3+y,1.3978540000000002,1.864473,2.874169,0,2591700,24.449213,Interactive,1,1.75
547800,ai0kEteBVGSO30Ocb83ie8uGTsUc07l7gBsrjVeSCKVsGKhzrlxzLPQA1JD6j3+y,1.210397,2.015109,2.962078,0,2591700,24.449213,Interactive,1,1.75
548100,ai0kEteBVGSO30Ocb83ie8uGTsUc07l7gBsrjVeSCKVsGKhzrlxzLPQA1JD6j3+y,1.404225,2.464796,6.104585,0,2591700,24.449213,Interactive,1,1.75
548400,ai0kEteBVGSO30Ocb83ie8uGTsUc07l7gBsrjVeSCKVsGKhzrlxzLPQA1JD6j3+y,1.38662,1.875223,2.656956,0,2591700,24.449213,Interactive,1,1.75
548700,ai0kEteBVGSO30Ocb83ie8uGTsUc07l7gBsrjVeSCKVsGKhzrlxzLPQA1JD6j3+y,1.523606,2.215152,3.354676,0,2591700,24.449213,Interactive,1,1.75
549000,ai0kEteBVGSO30Ocb83ie8uGTsUc07l7gBsrjVeSCKVsGKhzrlxzLPQA1JD6j3+y,1.378185,2.022407,3.818845,0,2591700,24.449213,Interactive,1,1.75
549300,ai0kEteBVGSO30Ocb83ie8uGTsUc07l7gBsrjVeSCKVsGKhzrlxzLPQA1JD6j3+y,1.405289,1.912999,2.903352,0,2591700,24.449213,Interactive,1,1.75
549600,ai0kEteBVGSO30Ocb83ie8uGTsUc07l7gBsrjVeSCKVsGKhzrlxzLPQA1JD6j3+y,1.556739,2.13653,3.047862,0,2591700,24.449213,Interactive,1,1.75
549900,ai0kEteBVGSO30Ocb83ie8uGTsUc07l7gBsrjVeSCKVsGKhzrlxzLPQA1JD6j3+y,1.4969,2.116426,3.646992,0,2591700,24.449213,Interactive,1,1.75
550200,ai0kEteBVGSO30Ocb83ie8uGTsUc07l7gBsrjVeSCKVsGKhzrlxzLPQA1JD6j3+y,1.415652,2.054734,3.809384,0,2591700,24.449213,Interactive,1,1.75
550500,ai0kEteBVGSO30Ocb83ie8uGTsUc07l7gBsrjVeSCKVsGKhzrlxzLPQA1JD6j3+y,1.18485,2.043612,3.037346,0,2591700,24.449213,Interactive,1,1.75
550800,ai0kEteBVGSO30Ocb83ie8uGTsUc07l7gBsrjVeSCKVsGKhzrlxzLPQA1JD6j3+y,1.455812,2.070672,3.638604,0,2591700,24.449213,Interactive,1,1.75
551100,ai0kEteBVGSO30Ocb83ie8uGTsUc07l7gBsrjVeSCKVsGKhzrlxzLPQA1JD6j3+y,1.216195,1.7967,2.69936,0,2591700,24.449213,Interactive,1,1.75
551400,ai0kEteBVGSO30Ocb83ie8uGTsUc07l7gBsrjVeSCKVsGKhzrlxzLPQA1JD6j3+y,1.520254,2.196523,3.402831,0,2591700,24.449213,Interactive,1,1.75
551700,ai0kEteBVGSO30Ocb83ie8uGTsUc07l7gBsrjVeSCKVsGKhzrlxzLPQA1JD6j3+y,1.412137,2.485323,5.215865,0,2591700,24.449213,Interactive,1,1.75
552000,ai0kEteBVGSO30Ocb83ie8uGTsUc07l7gBsrjVeSCKVsGKhzrlxzLPQA1JD6j3+y,0.8808959999999999,1.897734,2.934178,0,2591700,24.449213,Interactive,1,1.75
552300,ai0kEteBVGSO30Ocb83ie8uGTsUc07l7gBsrjVeSCKVsGKhzrlxzLPQA1JD6j3+y,1.501517,2.047945,2.985965,0,2591700,24.449213,Interactive,1,1.75
552600,ai0kEteBVGSO30Ocb83ie8uGTsUc07l7gBsrjVeSCKVsGKhzrlxzLPQA1JD6j3+y,0.869502,1.943326,3.518928,0,2591700,24.449213,Interactive,1,1.75
552900,ai0kEteBVGSO30Ocb83ie8uGTsUc07l7gBsrjVeSCKVsGKhzrlxzLPQA1JD6j3+y,1.437794,1.963504,3.02021,0,2591700,24.449213,Interactive,1,1.75
553200,ai0kEteBVGSO30Ocb83ie8uGTsUc07l7gBsrjVeSCKVsGKhzrlxzLPQA1JD6j3+y,1.4924879999999998,2.150938,3.06653,0,2591700,24.449213,Interactive,1,1.75
553500,ai0kEteBVGSO30Ocb83ie8uGTsUc07l7gBsrjVeSCKVsGKhzrlxzLPQA1JD6j3+y,1.365768,2.007515,3.488003,0,2591700,24.449213,Interactive,1,1.75
553800,ai0kEteBVGSO30Ocb83ie8uGTsUc07l7gBsrjVeSCKVsGKhzrlxzLPQA1JD6j3+y,1.009493,1.854155,3.0335650000000003,0,2591700,24.449213,Interactive,1,1.75
554100,ai0kEteBVGSO30Ocb83ie8uGTsUc07l7gBsrjVeSCKVsGKhzrlxzLPQA1JD6j3+y,1.615173,2.0675,3.105457,0,2591700,24.449213,Interactive,1,1.75
554400,ai0kEteBVGSO30Ocb83ie8uGTsUc07l7gBsrjVeSCKVsGKhzrlxzLPQA1JD6j3+y,1.414029,2.182075,3.381681,0,2591700,24.449213,Interactive,1,1.75
554700,ai0kEteBVGSO30Ocb83ie8uGTsUc07l7gBsrjVeSCKVsGKhzrlxzLPQA1JD6j3+y,1.46066,2.027301,4.090077,0,2591700,24.449213,Interactive,1,1.75
555000,ai0kEteBVGSO30Ocb83ie8uGTsUc07l7gBsrjVeSCKVsGKhzrlxzLPQA1JD6j3+y,1.589346,4.343135,23.933085,0,2591700,24.449213,Interactive,1,1.75
555300,ai0kEteBVGSO30Ocb83ie8uGTsUc07l7gBsrjVeSCKVsGKhzrlxzLPQA1JD6j3+y,1.426304,2.53514,4.563873,0,2591700,24.449213,Interactive,1,1.75
555600,ai0kEteBVGSO30Ocb83ie8uGTsUc07l7gBsrjVeSCKVsGKhzrlxzLPQA1JD6j3+y,1.491285,2.028435,3.030452,0,2591700,24.449213,Interactive,1,1.75
555900,ai0kEteBVGSO30Ocb83ie8uGTsUc07l7gBsrjVeSCKVsGKhzrlxzLPQA1JD6j3+y,1.520953,2.457867,5.397999,0,2591700,24.449213,Interactive,1,1.75
556200,ai0kEteBVGSO30Ocb83ie8uGTsUc07l7gBsrjVeSCKVsGKhzrlxzLPQA1JD6j3+y,1.427301,2.014219,2.93428,0,2591700,24.449213,Interactive,1,1.75
556500,ai0kEteBVGSO30Ocb83ie8uGTsUc07l7gBsrjVeSCKVsGKhzrlxzLPQA1JD6j3+y,1.454112,2.255056,4.467144,0,2591700,24.449213,Interactive,1,1.75
556800,ai0kEteBVGSO30Ocb83ie8uGTsUc07l7gBsrjVeSCKVsGKhzrlxzLPQA1JD6j3+y,1.431928,2.04045,3.741428,0,2591700,24.449213,Interactive,1,1.75
557100,ai0kEteBVGSO30Ocb83ie8uGTsUc07l7gBsrjVeSCKVsGKhzrlxzLPQA1JD6j3+y,1.479116,2.403927,5.455906,0,2591700,24.449213,Interactive,1,1.75
557400,ai0kEteBVGSO30Ocb83ie8uGTsUc07l7gBsrjVeSCKVsGKhzrlxzLPQA1JD6j3+y,1.433395,2.117849,4.638564,0,2591700,24.449213,Interactive,1,1.75
557700,ai0kEteBVGSO30Ocb83ie8uGTsUc07l7gBsrjVeSCKVsGKhzrlxzLPQA1JD6j3+y,1.518804,2.052356,3.683961,0,2591700,24.449213,Interactive,1,1.75
558000,ai0kEteBVGSO30Ocb83ie8uGTsUc07l7gBsrjVeSCKVsGKhzrlxzLPQA1JD6j3+y,1.440811,2.104145,2.903263,0,2591700,24.449213,Interactive,1,1.75
558300,ai0kEteBVGSO30Ocb83ie8uGTsUc07l7gBsrjVeSCKVsGKhzrlxzLPQA1JD6j3+y,1.515232,1.94105,2.743338,0,2591700,24.449213,Interactive,1,1.75
558600,ai0kEteBVGSO30Ocb83ie8uGTsUc07l7gBsrjVeSCKVsGKhzrlxzLPQA1JD6j3+y,1.435503,2.033287,3.705606,0,2591700,24.449213,Interactive,1,1.75
558900,ai0kEteBVGSO30Ocb83ie8uGTsUc07l7gBsrjVeSCKVsGKhzrlxzLPQA1JD6j3+y,1.509922,2.530473,6.288665,0,2591700,24.449213,Interactive,1,1.75
559200,ai0kEteBVGSO30Ocb83ie8uGTsUc07l7gBsrjVeSCKVsGKhzrlxzLPQA1JD6j3+y,0.930297,1.851142,3.035696,0,2591700,24.449213,Interactive,1,1.75
559500,ai0kEteBVGSO30Ocb83ie8uGTsUc07l7gBsrjVeSCKVsGKhzrlxzLPQA1JD6j3+y,1.4155870000000002,2.11059,3.532163,0,2591700,24.449213,Interactive,1,1.75
559800,ai0kEteBVGSO30Ocb83ie8uGTsUc07l7gBsrjVeSCKVsGKhzrlxzLPQA1JD6j3+y,1.386038,2.4797990000000003,6.924377000000001,0,2591700,24.449213,Interactive,1,1.75
560100,ai0kEteBVGSO30Ocb83ie8uGTsUc07l7gBsrjVeSCKVsGKhzrlxzLPQA1JD6j3+y,1.426956,1.746698,2.622398,0,2591700,24.449213,Interactive,1,1.75
560400,ai0kEteBVGSO30Ocb83ie8uGTsUc07l7gBsrjVeSCKVsGKhzrlxzLPQA1JD6j3+y,1.410431,2.019374,3.438746,0,2591700,24.449213,Interactive,1,1.75
560700,ai0kEteBVGSO30Ocb83ie8uGTsUc07l7gBsrjVeSCKVsGKhzrlxzLPQA1JD6j3+y,1.440203,2.026929,3.133542,0,2591700,24.449213,Interactive,1,1.75
561000,ai0kEteBVGSO30Ocb83ie8uGTsUc07l7gBsrjVeSCKVsGKhzrlxzLPQA1JD6j3+y,1.400424,1.886793,2.682246,0,2591700,24.449213,Interactive,1,1.75
561300,ai0kEteBVGSO30Ocb83ie8uGTsUc07l7gBsrjVeSCKVsGKhzrlxzLPQA1JD6j3+y,1.53046,2.074508,3.478192,0,2591700,24.449213,Interactive,1,1.75
561600,ai0kEteBVGSO30Ocb83ie8uGTsUc07l7gBsrjVeSCKVsGKhzrlxzLPQA1JD6j3+y,1.436206,1.979817,2.706817,0,2591700,24.449213,Interactive,1,1.75
561900,ai0kEteBVGSO30Ocb83ie8uGTsUc07l7gBsrjVeSCKVsGKhzrlxzLPQA1JD6j3+y,0.944815,1.817691,2.714639,0,2591700,24.449213,Interactive,1,1.75
562200,ai0kEteBVGSO30Ocb83ie8uGTsUc07l7gBsrjVeSCKVsGKhzrlxzLPQA1JD6j3+y,1.535184,2.02518,3.494274,0,2591700,24.449213,Interactive,1,1.75
562500,ai0kEteBVGSO30Ocb83ie8uGTsUc07l7gBsrjVeSCKVsGKhzrlxzLPQA1JD6j3+y,1.424887,3.00475,6.683377,0,2591700,24.449213,Interactive,1,1.75
562800,ai0kEteBVGSO30Ocb83ie8uGTsUc07l7gBsrjVeSCKVsGKhzrlxzLPQA1JD6j3+y,1.56388,1.880337,2.976902,0,2591700,24.449213,Interactive,1,1.75
563100,ai0kEteBVGSO30Ocb83ie8uGTsUc07l7gBsrjVeSCKVsGKhzrlxzLPQA1JD6j3+y,1.541857,2.123067,3.514156,0,2591700,24.449213,Interactive,1,1.75
563400,ai0kEteBVGSO30Ocb83ie8uGTsUc07l7gBsrjVeSCKVsGKhzrlxzLPQA1JD6j3+y,1.555569,2.093626,2.789219,0,2591700,24.449213,Interactive,1,1.75
563700,ai0kEteBVGSO30Ocb83ie8uGTsUc07l7gBsrjVeSCKVsGKhzrlxzLPQA1JD6j3+y,1.449288,1.929796,2.791571,0,2591700,24.449213,Interactive,1,1.75
564000,ai0kEteBVGSO30Ocb83ie8uGTsUc07l7gBsrjVeSCKVsGKhzrlxzLPQA1JD6j3+y,1.428311,2.090693,3.565943,0,2591700,24.449213,Interactive,1,1.75
564300,ai0kEteBVGSO30Ocb83ie8uGTsUc07l7gBsrjVeSCKVsGKhzrlxzLPQA1JD6j3+y,1.50568,2.03341,2.699332,0,2591700,24.449213,Interactive,1,1.75
564600,ai0kEteBVGSO30Ocb83ie8uGTsUc07l7gBsrjVeSCKVsGKhzrlxzLPQA1JD6j3+y,1.448964,1.944117,2.909269,0,2591700,24.449213,Interactive,1,1.75
564900,ai0kEteBVGSO30Ocb83ie8uGTsUc07l7gBsrjVeSCKVsGKhzrlxzLPQA1JD6j3+y,1.548993,2.160615,3.549931,0,2591700,24.449213,Interactive,1,1.75
565200,ai0kEteBVGSO30Ocb83ie8uGTsUc07l7gBsrjVeSCKVsGKhzrlxzLPQA1JD6j3+y,1.527278,2.566681,6.631351,0,2591700,24.449213,Interactive,1,1.75
565500,ai0kEteBVGSO30Ocb83ie8uGTsUc07l7gBsrjVeSCKVsGKhzrlxzLPQA1JD6j3+y,1.522957,1.9060580000000005,2.640085,0,2591700,24.449213,Interactive,1,1.75
565800,ai0kEteBVGSO30Ocb83ie8uGTsUc07l7gBsrjVeSCKVsGKhzrlxzLPQA1JD6j3+y,1.496967,2.239185,3.392446,0,2591700,24.449213,Interactive,1,1.75
566100,ai0kEteBVGSO30Ocb83ie8uGTsUc07l7gBsrjVeSCKVsGKhzrlxzLPQA1JD6j3+y,1.545553,2.480976,5.499056,0,2591700,24.449213,Interactive,1,1.75
566400,ai0kEteBVGSO30Ocb83ie8uGTsUc07l7gBsrjVeSCKVsGKhzrlxzLPQA1JD6j3+y,1.528531,2.0071,2.893589,0,2591700,24.449213,Interactive,1,1.75
566700,ai0kEteBVGSO30Ocb83ie8uGTsUc07l7gBsrjVeSCKVsGKhzrlxzLPQA1JD6j3+y,1.493165,2.062057,3.389459,0,2591700,24.449213,Interactive,1,1.75
567000,ai0kEteBVGSO30Ocb83ie8uGTsUc07l7gBsrjVeSCKVsGKhzrlxzLPQA1JD6j3+y,1.555827,2.175705,2.935821,0,2591700,24.449213,Interactive,1,1.75
567300,ai0kEteBVGSO30Ocb83ie8uGTsUc07l7gBsrjVeSCKVsGKhzrlxzLPQA1JD6j3+y,1.22954,2.005242,2.8839360000000003,0,2591700,24.449213,Interactive,1,1.75
567600,ai0kEteBVGSO30Ocb83ie8uGTsUc07l7gBsrjVeSCKVsGKhzrlxzLPQA1JD6j3+y,1.57,2.164487,3.384774,0,2591700,24.449213,Interactive,1,1.75
567900,ai0kEteBVGSO30Ocb83ie8uGTsUc07l7gBsrjVeSCKVsGKhzrlxzLPQA1JD6j3+y,1.577156,2.557368,6.70443,0,2591700,24.449213,Interactive,1,1.75
568200,ai0kEteBVGSO30Ocb83ie8uGTsUc07l7gBsrjVeSCKVsGKhzrlxzLPQA1JD6j3+y,1.443216,1.930767,2.639116,0,2591700,24.449213,Interactive,1,1.75
568500,ai0kEteBVGSO30Ocb83ie8uGTsUc07l7gBsrjVeSCKVsGKhzrlxzLPQA1JD6j3+y,1.507095,2.176334,3.385722,0,2591700,24.449213,Interactive,1,1.75
568800,ai0kEteBVGSO30Ocb83ie8uGTsUc07l7gBsrjVeSCKVsGKhzrlxzLPQA1JD6j3+y,1.525272,2.128125,2.910067,0,2591700,24.449213,Interactive,1,1.75
569100,ai0kEteBVGSO30Ocb83ie8uGTsUc07l7gBsrjVeSCKVsGKhzrlxzLPQA1JD6j3+y,1.509026,2.011947,2.880603,0,2591700,24.449213,Interactive,1,1.75
569400,ai0kEteBVGSO30Ocb83ie8uGTsUc07l7gBsrjVeSCKVsGKhzrlxzLPQA1JD6j3+y,1.465675,2.068202,3.255811,0,2591700,24.449213,Interactive,1,1.75
569700,ai0kEteBVGSO30Ocb83ie8uGTsUc07l7gBsrjVeSCKVsGKhzrlxzLPQA1JD6j3+y,1.464079,2.495044,6.461372,0,2591700,24.449213,Interactive,1,1.75
570000,ai0kEteBVGSO30Ocb83ie8uGTsUc07l7gBsrjVeSCKVsGKhzrlxzLPQA1JD6j3+y,1.535041,6.332925,38.410949,0,2591700,24.449213,Interactive,1,1.75
570300,ai0kEteBVGSO30Ocb83ie8uGTsUc07l7gBsrjVeSCKVsGKhzrlxzLPQA1JD6j3+y,1.485974,7.402057000000001,51.279144,0,2591700,24.449213,Interactive,1,1.75
570600,ai0kEteBVGSO30Ocb83ie8uGTsUc07l7gBsrjVeSCKVsGKhzrlxzLPQA1JD6j3+y,1.420574,2.502273,6.800361,0,2591700,24.449213,Interactive,1,1.75
570900,ai0kEteBVGSO30Ocb83ie8uGTsUc07l7gBsrjVeSCKVsGKhzrlxzLPQA1JD6j3+y,1.233184,1.944654,2.962739,0,2591700,24.449213,Interactive,1,1.75
571200,ai0kEteBVGSO30Ocb83ie8uGTsUc07l7gBsrjVeSCKVsGKhzrlxzLPQA1JD6j3+y,1.43813,2.177867,3.950137,0,2591700,24.449213,Interactive,1,1.75
571500,ai0kEteBVGSO30Ocb83ie8uGTsUc07l7gBsrjVeSCKVsGKhzrlxzLPQA1JD6j3+y,1.015744,1.949487,2.927188,0,2591700,24.449213,Interactive,1,1.75
571800,ai0kEteBVGSO30Ocb83ie8uGTsUc07l7gBsrjVeSCKVsGKhzrlxzLPQA1JD6j3+y,1.511758,2.1973830000000003,3.27536,0,2591700,24.449213,Interactive,1,1.75
572100,ai0kEteBVGSO30Ocb83ie8uGTsUc07l7gBsrjVeSCKVsGKhzrlxzLPQA1JD6j3+y,1.473766,2.130449,4.231491,0,2591700,24.449213,Interactive,1,1.75
572400,ai0kEteBVGSO30Ocb83ie8uGTsUc07l7gBsrjVeSCKVsGKhzrlxzLPQA1JD6j3+y,1.552936,2.077064,3.134426,0,2591700,24.449213,Interactive,1,1.75
572700,ai0kEteBVGSO30Ocb83ie8uGTsUc07l7gBsrjVeSCKVsGKhzrlxzLPQA1JD6j3+y,1.119686,2.060991,3.147348,0,2591700,24.449213,Interactive,1,1.75
573000,ai0kEteBVGSO30Ocb83ie8uGTsUc07l7gBsrjVeSCKVsGKhzrlxzLPQA1JD6j3+y,1.527547,2.190443,4.014937000000001,0,2591700,24.449213,Interactive,1,1.75
573300,ai0kEteBVGSO30Ocb83ie8uGTsUc07l7gBsrjVeSCKVsGKhzrlxzLPQA1JD6j3+y,1.547835,3.102959,7.24984,0,2591700,24.449213,Interactive,1,1.75
573600,ai0kEteBVGSO30Ocb83ie8uGTsUc07l7gBsrjVeSCKVsGKhzrlxzLPQA1JD6j3+y,1.540988,2.0796490000000003,3.189079,0,2591700,24.449213,Interactive,1,1.75
573900,ai0kEteBVGSO30Ocb83ie8uGTsUc07l7gBsrjVeSCKVsGKhzrlxzLPQA1JD6j3+y,1.521862,2.303348,3.875641,0,2591700,24.449213,Interactive,1,1.75
574200,ai0kEteBVGSO30Ocb83ie8uGTsUc07l7gBsrjVeSCKVsGKhzrlxzLPQA1JD6j3+y,0.66305,1.95294,3.046593,0,2591700,24.449213,Interactive,1,1.75
574500,ai0kEteBVGSO30Ocb83ie8uGTsUc07l7gBsrjVeSCKVsGKhzrlxzLPQA1JD6j3+y,1.4504290000000002,2.061208,3.078651,0,2591700,24.449213,Interactive,1,1.75
574800,ai0kEteBVGSO30Ocb83ie8uGTsUc07l7gBsrjVeSCKVsGKhzrlxzLPQA1JD6j3+y,0.722278,2.048597,3.656405,0,2591700,24.449213,Interactive,1,1.75
575100,ai0kEteBVGSO30Ocb83ie8uGTsUc07l7gBsrjVeSCKVsGKhzrlxzLPQA1JD6j3+y,1.486668,2.075762,3.3201629999999995,0,2591700,24.449213,Interactive,1,1.75
575400,ai0kEteBVGSO30Ocb83ie8uGTsUc07l7gBsrjVeSCKVsGKhzrlxzLPQA1JD6j3+y,1.534415,2.1919470000000003,3.136411,0,2591700,24.449213,Interactive,1,1.75
575700,ai0kEteBVGSO30Ocb83ie8uGTsUc07l7gBsrjVeSCKVsGKhzrlxzLPQA1JD6j3+y,1.474093,2.163999,4.027003,0,2591700,24.449213,Interactive,1,1.75
576000,ai0kEteBVGSO30Ocb83ie8uGTsUc07l7gBsrjVeSCKVsGKhzrlxzLPQA1JD6j3+y,1.450434,1.975486,2.86724,0,2591700,24.449213,Interactive,1,1.75
576300,ai0kEteBVGSO30Ocb83ie8uGTsUc07l7gBsrjVeSCKVsGKhzrlxzLPQA1JD6j3+y,1.470741,2.084121,2.8306560000000003,0,2591700,24.449213,Interactive,1,1.75
576600,ai0kEteBVGSO30Ocb83ie8uGTsUc07l7gBsrjVeSCKVsGKhzrlxzLPQA1JD6j3+y,0.998031,2.0377810000000003,4.029092,0,2591700,24.449213,Interactive,1,1.75
576900,ai0kEteBVGSO30Ocb83ie8uGTsUc07l7gBsrjVeSCKVsGKhzrlxzLPQA1JD6j3+y,1.5513549999999998,2.651137,6.527777,0,2591700,24.449213,Interactive,1,1.75
577200,ai0kEteBVGSO30Ocb83ie8uGTsUc07l7gBsrjVeSCKVsGKhzrlxzLPQA1JD6j3+y,1.578592,2.226078,3.362009,0,2591700,24.449213,Interactive,1,1.75
577500,ai0kEteBVGSO30Ocb83ie8uGTsUc07l7gBsrjVeSCKVsGKhzrlxzLPQA1JD6j3+y,1.47413,2.201812,3.890565,0,2591700,24.449213,Interactive,1,1.75
577800,ai0kEteBVGSO30Ocb83ie8uGTsUc07l7gBsrjVeSCKVsGKhzrlxzLPQA1JD6j3+y,1.51377,2.092642,2.981649,0,2591700,24.449213,Interactive,1,1.75
578100,ai0kEteBVGSO30Ocb83ie8uGTsUc07l7gBsrjVeSCKVsGKhzrlxzLPQA1JD6j3+y,1.537018,2.1892970000000003,2.9893240000000003,0,2591700,24.449213,Interactive,1,1.75
578400,ai0kEteBVGSO30Ocb83ie8uGTsUc07l7gBsrjVeSCKVsGKhzrlxzLPQA1JD6j3+y,1.545398,2.231932,3.988838,0,2591700,24.449213,Interactive,1,1.75
578700,ai0kEteBVGSO30Ocb83ie8uGTsUc07l7gBsrjVeSCKVsGKhzrlxzLPQA1JD6j3+y,1.553977,2.29501,5.542581,0,2591700,24.449213,Interactive,1,1.75
579000,ai0kEteBVGSO30Ocb83ie8uGTsUc07l7gBsrjVeSCKVsGKhzrlxzLPQA1JD6j3+y,1.54414,2.189148,2.998878,0,2591700,24.449213,Interactive,1,1.75
579300,ai0kEteBVGSO30Ocb83ie8uGTsUc07l7gBsrjVeSCKVsGKhzrlxzLPQA1JD6j3+y,1.4741030000000002,2.133055,4.002421,0,2591700,24.449213,Interactive,1,1.75
579600,ai0kEteBVGSO30Ocb83ie8uGTsUc07l7gBsrjVeSCKVsGKhzrlxzLPQA1JD6j3+y,1.066401,1.964982,2.997406,0,2591700,24.449213,Interactive,1,1.75
579900,ai0kEteBVGSO30Ocb83ie8uGTsUc07l7gBsrjVeSCKVsGKhzrlxzLPQA1JD6j3+y,1.540895,2.106681,3.050743,0,2591700,24.449213,Interactive,1,1.75
580200,ai0kEteBVGSO30Ocb83ie8uGTsUc07l7gBsrjVeSCKVsGKhzrlxzLPQA1JD6j3+y,1.432486,2.18083,3.850685,0,2591700,24.449213,Interactive,1,1.75
580500,ai0kEteBVGSO30Ocb83ie8uGTsUc07l7gBsrjVeSCKVsGKhzrlxzLPQA1JD6j3+y,1.60739,2.610802,6.721265,0,2591700,24.449213,Interactive,1,1.75
580800,ai0kEteBVGSO30Ocb83ie8uGTsUc07l7gBsrjVeSCKVsGKhzrlxzLPQA1JD6j3+y,0.746437,2.025471,3.012028,0,2591700,24.449213,Interactive,1,1.75
581100,ai0kEteBVGSO30Ocb83ie8uGTsUc07l7gBsrjVeSCKVsGKhzrlxzLPQA1JD6j3+y,1.566283,2.174716,3.724527,0,2591700,24.449213,Interactive,1,1.75
581400,ai0kEteBVGSO30Ocb83ie8uGTsUc07l7gBsrjVeSCKVsGKhzrlxzLPQA1JD6j3+y,1.526397,1.848065,2.940865,0,2591700,24.449213,Interactive,1,1.75
581700,ai0kEteBVGSO30Ocb83ie8uGTsUc07l7gBsrjVeSCKVsGKhzrlxzLPQA1JD6j3+y,1.483224,2.115603,2.957338,0,2591700,24.449213,Interactive,1,1.75
582000,ai0kEteBVGSO30Ocb83ie8uGTsUc07l7gBsrjVeSCKVsGKhzrlxzLPQA1JD6j3+y,1.413958,2.10377,3.665687,0,2591700,24.449213,Interactive,1,1.75
582300,ai0kEteBVGSO30Ocb83ie8uGTsUc07l7gBsrjVeSCKVsGKhzrlxzLPQA1JD6j3+y,0.69267,2.367856,6.149337999999999,0,2591700,24.449213,Interactive,1,1.75
582600,ai0kEteBVGSO30Ocb83ie8uGTsUc07l7gBsrjVeSCKVsGKhzrlxzLPQA1JD6j3+y,1.530116,2.110903,3.727430000000001,0,2591700,24.449213,Interactive,1,1.75
582900,ai0kEteBVGSO30Ocb83ie8uGTsUc07l7gBsrjVeSCKVsGKhzrlxzLPQA1JD6j3+y,0.769181,2.009818,2.925271,0,2591700,24.449213,Interactive,1,1.75
583200,ai0kEteBVGSO30Ocb83ie8uGTsUc07l7gBsrjVeSCKVsGKhzrlxzLPQA1JD6j3+y,1.52892,2.14128,2.910918,0,2591700,24.449213,Interactive,1,1.75
583500,ai0kEteBVGSO30Ocb83ie8uGTsUc07l7gBsrjVeSCKVsGKhzrlxzLPQA1JD6j3+y,1.613961,2.21643,3.904122,0,2591700,24.449213,Interactive,1,1.75
583800,ai0kEteBVGSO30Ocb83ie8uGTsUc07l7gBsrjVeSCKVsGKhzrlxzLPQA1JD6j3+y,1.5675940000000002,2.095442,2.935459,0,2591700,24.449213,Interactive,1,1.75
584100,ai0kEteBVGSO30Ocb83ie8uGTsUc07l7gBsrjVeSCKVsGKhzrlxzLPQA1JD6j3+y,1.514352,2.66791,6.748859,0,2591700,24.449213,Interactive,1,1.75
584400,ai0kEteBVGSO30Ocb83ie8uGTsUc07l7gBsrjVeSCKVsGKhzrlxzLPQA1JD6j3+y,1.522657,2.109237,3.764453,0,2591700,24.449213,Interactive,1,1.75
584700,ai0kEteBVGSO30Ocb83ie8uGTsUc07l7gBsrjVeSCKVsGKhzrlxzLPQA1JD6j3+y,1.125484,2.030744,2.831972,0,2591700,24.449213,Interactive,1,1.75
585000,ai0kEteBVGSO30Ocb83ie8uGTsUc07l7gBsrjVeSCKVsGKhzrlxzLPQA1JD6j3+y,1.470946,2.158399,3.074783,0,2591700,24.449213,Interactive,1,1.75
585300,ai0kEteBVGSO30Ocb83ie8uGTsUc07l7gBsrjVeSCKVsGKhzrlxzLPQA1JD6j3+y,1.459826,2.1390740000000004,3.878328,0,2591700,24.449213,Interactive,1,1.75
585600,ai0kEteBVGSO30Ocb83ie8uGTsUc07l7gBsrjVeSCKVsGKhzrlxzLPQA1JD6j3+y,0.535279,1.928059,2.78887,0,2591700,24.449213,Interactive,1,1.75
585900,ai0kEteBVGSO30Ocb83ie8uGTsUc07l7gBsrjVeSCKVsGKhzrlxzLPQA1JD6j3+y,1.521739,2.149846,2.81165,0,2591700,24.449213,Interactive,1,1.75
586200,ai0kEteBVGSO30Ocb83ie8uGTsUc07l7gBsrjVeSCKVsGKhzrlxzLPQA1JD6j3+y,1.520601,2.080114,3.797592,0,2591700,24.449213,Interactive,1,1.75
586500,ai0kEteBVGSO30Ocb83ie8uGTsUc07l7gBsrjVeSCKVsGKhzrlxzLPQA1JD6j3+y,1.572791,2.004824,2.667071,0,2591700,24.449213,Interactive,1,1.75
586800,ai0kEteBVGSO30Ocb83ie8uGTsUc07l7gBsrjVeSCKVsGKhzrlxzLPQA1JD6j3+y,1.4954459999999998,2.012959,2.977429,0,2591700,24.449213,Interactive,1,1.75
587100,ai0kEteBVGSO30Ocb83ie8uGTsUc07l7gBsrjVeSCKVsGKhzrlxzLPQA1JD6j3+y,1.547081,2.178141,3.995838,0,2591700,24.449213,Interactive,1,1.75
587400,ai0kEteBVGSO30Ocb83ie8uGTsUc07l7gBsrjVeSCKVsGKhzrlxzLPQA1JD6j3+y,1.375729,2.09353,2.957486,0,2591700,24.449213,Interactive,1,1.75
587700,ai0kEteBVGSO30Ocb83ie8uGTsUc07l7gBsrjVeSCKVsGKhzrlxzLPQA1JD6j3+y,1.68945,2.817611,6.779304,0,2591700,24.449213,Interactive,1,1.75
588000,ai0kEteBVGSO30Ocb83ie8uGTsUc07l7gBsrjVeSCKVsGKhzrlxzLPQA1JD6j3+y,1.514509,2.13022,4.113181,0,2591700,24.449213,Interactive,1,1.75
588300,ai0kEteBVGSO30Ocb83ie8uGTsUc07l7gBsrjVeSCKVsGKhzrlxzLPQA1JD6j3+y,1.687541,2.276071,3.007792,0,2591700,24.449213,Interactive,1,1.75
588600,ai0kEteBVGSO30Ocb83ie8uGTsUc07l7gBsrjVeSCKVsGKhzrlxzLPQA1JD6j3+y,1.565221,2.1538060000000003,2.882652,0,2591700,24.449213,Interactive,1,1.75
588900,ai0kEteBVGSO30Ocb83ie8uGTsUc07l7gBsrjVeSCKVsGKhzrlxzLPQA1JD6j3+y,1.565004,2.182358,3.857099,0,2591700,24.449213,Interactive,1,1.75
589200,ai0kEteBVGSO30Ocb83ie8uGTsUc07l7gBsrjVeSCKVsGKhzrlxzLPQA1JD6j3+y,1.581522,2.07998,2.896562,0,2591700,24.449213,Interactive,1,1.75
589500,ai0kEteBVGSO30Ocb83ie8uGTsUc07l7gBsrjVeSCKVsGKhzrlxzLPQA1JD6j3+y,1.625731,2.091132,2.962452,0,2591700,24.449213,Interactive,1,1.75
589800,ai0kEteBVGSO30Ocb83ie8uGTsUc07l7gBsrjVeSCKVsGKhzrlxzLPQA1JD6j3+y,1.525907,2.14415,3.783171,0,2591700,24.449213,Interactive,1,1.75
590100,ai0kEteBVGSO30Ocb83ie8uGTsUc07l7gBsrjVeSCKVsGKhzrlxzLPQA1JD6j3+y,1.068614,1.979421,2.761493,0,2591700,24.449213,Interactive,1,1.75
590400,ai0kEteBVGSO30Ocb83ie8uGTsUc07l7gBsrjVeSCKVsGKhzrlxzLPQA1JD6j3+y,0.8911190000000001,2.021003,2.956684,0,2591700,24.449213,Interactive,1,1.75
590700,ai0kEteBVGSO30Ocb83ie8uGTsUc07l7gBsrjVeSCKVsGKhzrlxzLPQA1JD6j3+y,1.570325,2.082775,3.821263,0,2591700,24.449213,Interactive,1,1.75
591000,ai0kEteBVGSO30Ocb83ie8uGTsUc07l7gBsrjVeSCKVsGKhzrlxzLPQA1JD6j3+y,1.475474,1.999934,2.780998,0,2591700,24.449213,Interactive,1,1.75
591300,ai0kEteBVGSO30Ocb83ie8uGTsUc07l7gBsrjVeSCKVsGKhzrlxzLPQA1JD6j3+y,1.471406,2.694179,6.759287,0,2591700,24.449213,Interactive,1,1.75
591600,ai0kEteBVGSO30Ocb83ie8uGTsUc07l7gBsrjVeSCKVsGKhzrlxzLPQA1JD6j3+y,0.93258,2.077152,3.772788,0,2591700,24.449213,Interactive,1,1.75
591900,ai0kEteBVGSO30Ocb83ie8uGTsUc07l7gBsrjVeSCKVsGKhzrlxzLPQA1JD6j3+y,1.5233139999999998,2.112363,3.031076,0,2591700,24.449213,Interactive,1,1.75
592200,ai0kEteBVGSO30Ocb83ie8uGTsUc07l7gBsrjVeSCKVsGKhzrlxzLPQA1JD6j3+y,0.995207,1.950702,2.926252,0,2591700,24.449213,Interactive,1,1.75
592500,ai0kEteBVGSO30Ocb83ie8uGTsUc07l7gBsrjVeSCKVsGKhzrlxzLPQA1JD6j3+y,1.5873959999999998,2.181572,3.848269,0,2591700,24.449213,Interactive,1,1.75
592800,ai0kEteBVGSO30Ocb83ie8uGTsUc07l7gBsrjVeSCKVsGKhzrlxzLPQA1JD6j3+y,1.542283,2.108306,2.955828,0,2591700,24.449213,Interactive,1,1.75
593100,ai0kEteBVGSO30Ocb83ie8uGTsUc07l7gBsrjVeSCKVsGKhzrlxzLPQA1JD6j3+y,1.402169,2.214123,3.039657,0,2591700,24.449213,Interactive,1,1.75
593400,ai0kEteBVGSO30Ocb83ie8uGTsUc07l7gBsrjVeSCKVsGKhzrlxzLPQA1JD6j3+y,1.53895,2.163771,3.928271,0,2591700,24.449213,Interactive,1,1.75
593700,ai0kEteBVGSO30Ocb83ie8uGTsUc07l7gBsrjVeSCKVsGKhzrlxzLPQA1JD6j3+y,1.5975780000000002,2.194559,3.779726,0,2591700,24.449213,Interactive,1,1.75
594000,ai0kEteBVGSO30Ocb83ie8uGTsUc07l7gBsrjVeSCKVsGKhzrlxzLPQA1JD6j3+y,1.56367,2.1627080000000003,2.912163,0,2591700,24.449213,Interactive,1,1.75
594300,ai0kEteBVGSO30Ocb83ie8uGTsUc07l7gBsrjVeSCKVsGKhzrlxzLPQA1JD6j3+y,1.541261,2.215077,3.588954,0,2591700,24.449213,Interactive,1,1.75
594600,ai0kEteBVGSO30Ocb83ie8uGTsUc07l7gBsrjVeSCKVsGKhzrlxzLPQA1JD6j3+y,1.553244,2.0499110000000003,3.088118,0,2591700,24.449213,Interactive,1,1.75
594900,ai0kEteBVGSO30Ocb83ie8uGTsUc07l7gBsrjVeSCKVsGKhzrlxzLPQA1JD6j3+y,0.987961,2.512047,6.873937,0,2591700,24.449213,Interactive,1,1.75
595200,ai0kEteBVGSO30Ocb83ie8uGTsUc07l7gBsrjVeSCKVsGKhzrlxzLPQA1JD6j3+y,1.494315,2.156917,4.054238,0,2591700,24.449213,Interactive,1,1.75
595500,ai0kEteBVGSO30Ocb83ie8uGTsUc07l7gBsrjVeSCKVsGKhzrlxzLPQA1JD6j3+y,0.90397,2.023215,3.269724,0,2591700,24.449213,Interactive,1,1.75
595800,ai0kEteBVGSO30Ocb83ie8uGTsUc07l7gBsrjVeSCKVsGKhzrlxzLPQA1JD6j3+y,1.619076,2.095051,3.043616,0,2591700,24.449213,Interactive,1,1.75
596100,ai0kEteBVGSO30Ocb83ie8uGTsUc07l7gBsrjVeSCKVsGKhzrlxzLPQA1JD6j3+y,1.539209,2.172637,3.857934,0,2591700,24.449213,Interactive,1,1.75
596400,ai0kEteBVGSO30Ocb83ie8uGTsUc07l7gBsrjVeSCKVsGKhzrlxzLPQA1JD6j3+y,0.70428,1.97503,3.198672,0,2591700,24.449213,Interactive,1,1.75
596700,ai0kEteBVGSO30Ocb83ie8uGTsUc07l7gBsrjVeSCKVsGKhzrlxzLPQA1JD6j3+y,1.519295,2.103168,2.975217,0,2591700,24.449213,Interactive,1,1.75
597000,ai0kEteBVGSO30Ocb83ie8uGTsUc07l7gBsrjVeSCKVsGKhzrlxzLPQA1JD6j3+y,0.963643,2.030701,3.951304,0,2591700,24.449213,Interactive,1,1.75
597300,ai0kEteBVGSO30Ocb83ie8uGTsUc07l7gBsrjVeSCKVsGKhzrlxzLPQA1JD6j3+y,1.469324,2.043097,3.354553,0,2591700,24.449213,Interactive,1,1.75
597600,ai0kEteBVGSO30Ocb83ie8uGTsUc07l7gBsrjVeSCKVsGKhzrlxzLPQA1JD6j3+y,1.016481,2.042927,2.985142,0,2591700,24.449213,Interactive,1,1.75
597900,ai0kEteBVGSO30Ocb83ie8uGTsUc07l7gBsrjVeSCKVsGKhzrlxzLPQA1JD6j3+y,1.523682,2.160205,3.911852,0,2591700,24.449213,Interactive,1,1.75
598200,ai0kEteBVGSO30Ocb83ie8uGTsUc07l7gBsrjVeSCKVsGKhzrlxzLPQA1JD6j3+y,0.5491229999999999,4.1254040000000005,20.733204,0,2591700,24.449213,Interactive,1,1.75
598500,ai0kEteBVGSO30Ocb83ie8uGTsUc07l7gBsrjVeSCKVsGKhzrlxzLPQA1JD6j3+y,0.926581,2.677654,7.794664999999999,0,2591700,24.449213,Interactive,1,1.75
598800,ai0kEteBVGSO30Ocb83ie8uGTsUc07l7gBsrjVeSCKVsGKhzrlxzLPQA1JD6j3+y,1.4932299999999998,2.943371,11.417741,0,2591700,24.449213,Interactive,1,1.75
599100,ai0kEteBVGSO30Ocb83ie8uGTsUc07l7gBsrjVeSCKVsGKhzrlxzLPQA1JD6j3+y,0.939703,12.372781,49.797689,0,2591700,24.449213,Interactive,1,1.75
599400,ai0kEteBVGSO30Ocb83ie8uGTsUc07l7gBsrjVeSCKVsGKhzrlxzLPQA1JD6j3+y,1.586011,3.237029,12.482723,0,2591700,24.449213,Interactive,1,1.75
599700,ai0kEteBVGSO30Ocb83ie8uGTsUc07l7gBsrjVeSCKVsGKhzrlxzLPQA1JD6j3+y,0.698504,2.159716,3.726554,0,2591700,24.449213,Interactive,1,1.75
600000,ai0kEteBVGSO30Ocb83ie8uGTsUc07l7gBsrjVeSCKVsGKhzrlxzLPQA1JD6j3+y,1.528463,2.176729,3.057493,0,2591700,24.449213,Interactive,1,1.75
600300,ai0kEteBVGSO30Ocb83ie8uGTsUc07l7gBsrjVeSCKVsGKhzrlxzLPQA1JD6j3+y,1.063869,2.102033,3.172277,0,2591700,24.449213,Interactive,1,1.75
600600,ai0kEteBVGSO30Ocb83ie8uGTsUc07l7gBsrjVeSCKVsGKhzrlxzLPQA1JD6j3+y,1.530205,2.056765,3.841513,0,2591700,24.449213,Interactive,1,1.75
600900,ai0kEteBVGSO30Ocb83ie8uGTsUc07l7gBsrjVeSCKVsGKhzrlxzLPQA1JD6j3+y,0.5224300000000001,1.870574,3.174602,0,2591700,24.449213,Interactive,1,1.75
601200,ai0kEteBVGSO30Ocb83ie8uGTsUc07l7gBsrjVeSCKVsGKhzrlxzLPQA1JD6j3+y,1.2361719999999998,1.954419,2.997755,0,2591700,24.449213,Interactive,1,1.75
601500,ai0kEteBVGSO30Ocb83ie8uGTsUc07l7gBsrjVeSCKVsGKhzrlxzLPQA1JD6j3+y,1.459036,2.077025,3.716913,0,2591700,24.449213,Interactive,1,1.75
601800,ai0kEteBVGSO30Ocb83ie8uGTsUc07l7gBsrjVeSCKVsGKhzrlxzLPQA1JD6j3+y,1.476689,2.095588,3.343554,0,2591700,24.449213,Interactive,1,1.75
602100,ai0kEteBVGSO30Ocb83ie8uGTsUc07l7gBsrjVeSCKVsGKhzrlxzLPQA1JD6j3+y,1.527639,2.592907,6.626593,0,2591700,24.449213,Interactive,1,1.75
602400,ai0kEteBVGSO30Ocb83ie8uGTsUc07l7gBsrjVeSCKVsGKhzrlxzLPQA1JD6j3+y,1.498608,2.096522,3.75743,0,2591700,24.449213,Interactive,1,1.75
602700,ai0kEteBVGSO30Ocb83ie8uGTsUc07l7gBsrjVeSCKVsGKhzrlxzLPQA1JD6j3+y,1.451022,2.018592,3.099835,0,2591700,24.449213,Interactive,1,1.75
603000,ai0kEteBVGSO30Ocb83ie8uGTsUc07l7gBsrjVeSCKVsGKhzrlxzLPQA1JD6j3+y,1.5142520000000002,2.063666,2.920169,0,2591700,24.449213,Interactive,1,1.75
603300,ai0kEteBVGSO30Ocb83ie8uGTsUc07l7gBsrjVeSCKVsGKhzrlxzLPQA1JD6j3+y,1.493337,2.129204,3.819034,0,2591700,24.449213,Interactive,1,1.75
603600,ai0kEteBVGSO30Ocb83ie8uGTsUc07l7gBsrjVeSCKVsGKhzrlxzLPQA1JD6j3+y,1.464709,2.046477,3.127898,0,2591700,24.449213,Interactive,1,1.75
603900,ai0kEteBVGSO30Ocb83ie8uGTsUc07l7gBsrjVeSCKVsGKhzrlxzLPQA1JD6j3+y,1.170449,1.9685740000000005,3.062537,0,2591700,24.449213,Interactive,1,1.75
604200,ai0kEteBVGSO30Ocb83ie8uGTsUc07l7gBsrjVeSCKVsGKhzrlxzLPQA1JD6j3+y,1.481709,2.0390650000000003,3.730948,0,2591700,24.449213,Interactive,1,1.75
604500,ai0kEteBVGSO30Ocb83ie8uGTsUc07l7gBsrjVeSCKVsGKhzrlxzLPQA1JD6j3+y,1.522434,2.103037,3.111696,0,2591700,24.449213,Interactive,1,1.75
604800,ai0kEteBVGSO30Ocb83ie8uGTsUc07l7gBsrjVeSCKVsGKhzrlxzLPQA1JD6j3+y,1.502968,2.039148,2.894229,0,2591700,24.449213,Interactive,1,1.75
605100,ai0kEteBVGSO30Ocb83ie8uGTsUc07l7gBsrjVeSCKVsGKhzrlxzLPQA1JD6j3+y,1.174789,2.058619,3.898837,0,2591700,24.449213,Interactive,1,1.75
605400,ai0kEteBVGSO30Ocb83ie8uGTsUc07l7gBsrjVeSCKVsGKhzrlxzLPQA1JD6j3+y,1.498269,2.055227,3.198817,0,2591700,24.449213,Interactive,1,1.75
605700,ai0kEteBVGSO30Ocb83ie8uGTsUc07l7gBsrjVeSCKVsGKhzrlxzLPQA1JD6j3+y,1.518725,2.560893,6.624242,0,2591700,24.449213,Interactive,1,1.75
606000,ai0kEteBVGSO30Ocb83ie8uGTsUc07l7gBsrjVeSCKVsGKhzrlxzLPQA1JD6j3+y,1.4615280000000002,2.06541,3.926456,0,2591700,24.449213,Interactive,1,1.75
606300,ai0kEteBVGSO30Ocb83ie8uGTsUc07l7gBsrjVeSCKVsGKhzrlxzLPQA1JD6j3+y,1.482429,2.03951,3.35027,0,2591700,24.449213,Interactive,1,1.75
606600,ai0kEteBVGSO30Ocb83ie8uGTsUc07l7gBsrjVeSCKVsGKhzrlxzLPQA1JD6j3+y,1.061091,1.906275,2.967837,0,2591700,24.449213,Interactive,1,1.75
606900,ai0kEteBVGSO30Ocb83ie8uGTsUc07l7gBsrjVeSCKVsGKhzrlxzLPQA1JD6j3+y,1.44064,2.036454,3.666177,0,2591700,24.449213,Interactive,1,1.75
607200,ai0kEteBVGSO30Ocb83ie8uGTsUc07l7gBsrjVeSCKVsGKhzrlxzLPQA1JD6j3+y,0.764728,1.912599,2.728454,0,2591700,24.449213,Interactive,1,1.75
607500,ai0kEteBVGSO30Ocb83ie8uGTsUc07l7gBsrjVeSCKVsGKhzrlxzLPQA1JD6j3+y,1.550191,2.090045,3.751517,0,2591700,24.449213,Interactive,1,1.75
607800,ai0kEteBVGSO30Ocb83ie8uGTsUc07l7gBsrjVeSCKVsGKhzrlxzLPQA1JD6j3+y,1.460552,2.032713,2.679831,0,2591700,24.449213,Interactive,1,1.75
608100,ai0kEteBVGSO30Ocb83ie8uGTsUc07l7gBsrjVeSCKVsGKhzrlxzLPQA1JD6j3+y,1.555478,2.088311,2.887602,0,2591700,24.449213,Interactive,1,1.75
608400,ai0kEteBVGSO30Ocb83ie8uGTsUc07l7gBsrjVeSCKVsGKhzrlxzLPQA1JD6j3+y,1.393814,2.057302,3.818058,0,2591700,24.449213,Interactive,1,1.75
608700,ai0kEteBVGSO30Ocb83ie8uGTsUc07l7gBsrjVeSCKVsGKhzrlxzLPQA1JD6j3+y,1.374868,2.056905,2.800615,0,2591700,24.449213,Interactive,1,1.75
609000,ai0kEteBVGSO30Ocb83ie8uGTsUc07l7gBsrjVeSCKVsGKhzrlxzLPQA1JD6j3+y,1.194219,2.134744,3.85171,0,2591700,24.449213,Interactive,1,1.75
609300,ai0kEteBVGSO30Ocb83ie8uGTsUc07l7gBsrjVeSCKVsGKhzrlxzLPQA1JD6j3+y,1.4620540000000002,2.625598,8.086673,0,2591700,24.449213,Interactive,1,1.75
609600,ai0kEteBVGSO30Ocb83ie8uGTsUc07l7gBsrjVeSCKVsGKhzrlxzLPQA1JD6j3+y,1.456335,1.972064,2.738035,0,2591700,24.449213,Interactive,1,1.75
609900,ai0kEteBVGSO30Ocb83ie8uGTsUc07l7gBsrjVeSCKVsGKhzrlxzLPQA1JD6j3+y,1.483142,2.105587,2.736629,0,2591700,24.449213,Interactive,1,1.75
610200,ai0kEteBVGSO30Ocb83ie8uGTsUc07l7gBsrjVeSCKVsGKhzrlxzLPQA1JD6j3+y,1.520328,2.069742,3.785111,0,2591700,24.449213,Interactive,1,1.75
610500,ai0kEteBVGSO30Ocb83ie8uGTsUc07l7gBsrjVeSCKVsGKhzrlxzLPQA1JD6j3+y,1.180642,1.975368,2.770106,0,2591700,24.449213,Interactive,1,1.75
610800,ai0kEteBVGSO30Ocb83ie8uGTsUc07l7gBsrjVeSCKVsGKhzrlxzLPQA1JD6j3+y,1.433449,2.054271,2.769009,0,2591700,24.449213,Interactive,1,1.75
611100,ai0kEteBVGSO30Ocb83ie8uGTsUc07l7gBsrjVeSCKVsGKhzrlxzLPQA1JD6j3+y,1.465261,2.166572,3.738687,0,2591700,24.449213,Interactive,1,1.75
611400,ai0kEteBVGSO30Ocb83ie8uGTsUc07l7gBsrjVeSCKVsGKhzrlxzLPQA1JD6j3+y,1.44138,1.957225,2.809419,0,2591700,24.449213,Interactive,1,1.75
611700,ai0kEteBVGSO30Ocb83ie8uGTsUc07l7gBsrjVeSCKVsGKhzrlxzLPQA1JD6j3+y,0.985868,2.008794,2.744239,0,2591700,24.449213,Interactive,1,1.75
612000,ai0kEteBVGSO30Ocb83ie8uGTsUc07l7gBsrjVeSCKVsGKhzrlxzLPQA1JD6j3+y,0.827843,1.881898,3.670455000000001,0,2591700,24.449213,Interactive,1,1.75
612300,ai0kEteBVGSO30Ocb83ie8uGTsUc07l7gBsrjVeSCKVsGKhzrlxzLPQA1JD6j3+y,1.522592,1.994129,2.861546,0,2591700,24.449213,Interactive,1,1.75
612600,ai0kEteBVGSO30Ocb83ie8uGTsUc07l7gBsrjVeSCKVsGKhzrlxzLPQA1JD6j3+y,1.450233,2.113472,2.758652,0,2591700,24.449213,Interactive,1,1.75
612900,ai0kEteBVGSO30Ocb83ie8uGTsUc07l7gBsrjVeSCKVsGKhzrlxzLPQA1JD6j3+y,1.465823,2.6511240000000003,7.683732000000001,0,2591700,24.449213,Interactive,1,1.75
613200,ai0kEteBVGSO30Ocb83ie8uGTsUc07l7gBsrjVeSCKVsGKhzrlxzLPQA1JD6j3+y,0.728163,1.867727,2.761391,0,2591700,24.449213,Interactive,1,1.75
613500,ai0kEteBVGSO30Ocb83ie8uGTsUc07l7gBsrjVeSCKVsGKhzrlxzLPQA1JD6j3+y,1.420156,2.131308,3.079014,0,2591700,24.449213,Interactive,1,1.75
613800,ai0kEteBVGSO30Ocb83ie8uGTsUc07l7gBsrjVeSCKVsGKhzrlxzLPQA1JD6j3+y,0.778088,1.943631,3.720364,0,2591700,24.449213,Interactive,1,1.75
614100,ai0kEteBVGSO30Ocb83ie8uGTsUc07l7gBsrjVeSCKVsGKhzrlxzLPQA1JD6j3+y,1.423094,1.934589,3.075437,0,2591700,24.449213,Interactive,1,1.75
614400,ai0kEteBVGSO30Ocb83ie8uGTsUc07l7gBsrjVeSCKVsGKhzrlxzLPQA1JD6j3+y,1.431324,2.110136,3.105309,0,2591700,24.449213,Interactive,1,1.75
614700,ai0kEteBVGSO30Ocb83ie8uGTsUc07l7gBsrjVeSCKVsGKhzrlxzLPQA1JD6j3+y,1.378595,1.982443,3.643851,0,2591700,24.449213,Interactive,1,1.75
615000,ai0kEteBVGSO30Ocb83ie8uGTsUc07l7gBsrjVeSCKVsGKhzrlxzLPQA1JD6j3+y,1.486256,2.039814,3.003151,0,2591700,24.449213,Interactive,1,1.75
615300,ai0kEteBVGSO30Ocb83ie8uGTsUc07l7gBsrjVeSCKVsGKhzrlxzLPQA1JD6j3+y,0.718037,2.054509,2.919669,0,2591700,24.449213,Interactive,1,1.75
615600,ai0kEteBVGSO30Ocb83ie8uGTsUc07l7gBsrjVeSCKVsGKhzrlxzLPQA1JD6j3+y,1.45702,2.106866,3.591554,0,2591700,24.449213,Interactive,1,1.75
615900,ai0kEteBVGSO30Ocb83ie8uGTsUc07l7gBsrjVeSCKVsGKhzrlxzLPQA1JD6j3+y,1.471013,2.035457,3.151202,0,2591700,24.449213,Interactive,1,1.75
616200,ai0kEteBVGSO30Ocb83ie8uGTsUc07l7gBsrjVeSCKVsGKhzrlxzLPQA1JD6j3+y,1.469062,2.101226,2.920865,0,2591700,24.449213,Interactive,1,1.75
616500,ai0kEteBVGSO30Ocb83ie8uGTsUc07l7gBsrjVeSCKVsGKhzrlxzLPQA1JD6j3+y,0.5488310000000001,2.549569,7.634549000000001,0,2591700,24.449213,Interactive,1,1.75
616800,ai0kEteBVGSO30Ocb83ie8uGTsUc07l7gBsrjVeSCKVsGKhzrlxzLPQA1JD6j3+y,1.4275129999999998,1.911404,2.87503,0,2591700,24.449213,Interactive,1,1.75
617100,ai0kEteBVGSO30Ocb83ie8uGTsUc07l7gBsrjVeSCKVsGKhzrlxzLPQA1JD6j3+y,1.081236,2.029194,3.01312,0,2591700,24.449213,Interactive,1,1.75
617400,ai0kEteBVGSO30Ocb83ie8uGTsUc07l7gBsrjVeSCKVsGKhzrlxzLPQA1JD6j3+y,1.453567,2.049855,3.5792080000000004,0,2591700,24.449213,Interactive,1,1.75
617700,ai0kEteBVGSO30Ocb83ie8uGTsUc07l7gBsrjVeSCKVsGKhzrlxzLPQA1JD6j3+y,1.287774,1.926675,2.743248,0,2591700,24.449213,Interactive,1,1.75
618000,ai0kEteBVGSO30Ocb83ie8uGTsUc07l7gBsrjVeSCKVsGKhzrlxzLPQA1JD6j3+y,0.968838,2.047732,3.039953,0,2591700,24.449213,Interactive,1,1.75
618300,ai0kEteBVGSO30Ocb83ie8uGTsUc07l7gBsrjVeSCKVsGKhzrlxzLPQA1JD6j3+y,1.530899,2.0980000000000003,3.937111,0,2591700,24.449213,Interactive,1,1.75
618600,ai0kEteBVGSO30Ocb83ie8uGTsUc07l7gBsrjVeSCKVsGKhzrlxzLPQA1JD6j3+y,0.587486,1.937027,3.1600490000000003,0,2591700,24.449213,Interactive,1,1.75
618900,ai0kEteBVGSO30Ocb83ie8uGTsUc07l7gBsrjVeSCKVsGKhzrlxzLPQA1JD6j3+y,1.470898,2.1201,2.759877,0,2591700,24.449213,Interactive,1,1.75
619200,ai0kEteBVGSO30Ocb83ie8uGTsUc07l7gBsrjVeSCKVsGKhzrlxzLPQA1JD6j3+y,1.054459,2.026992,3.637476,0,2591700,24.449213,Interactive,1,1.75
619500,ai0kEteBVGSO30Ocb83ie8uGTsUc07l7gBsrjVeSCKVsGKhzrlxzLPQA1JD6j3+y,1.582498,1.988904,2.79828,0,2591700,24.449213,Interactive,1,1.75
619800,ai0kEteBVGSO30Ocb83ie8uGTsUc07l7gBsrjVeSCKVsGKhzrlxzLPQA1JD6j3+y,1.451193,2.162435,2.955582,0,2591700,24.449213,Interactive,1,1.75
620100,ai0kEteBVGSO30Ocb83ie8uGTsUc07l7gBsrjVeSCKVsGKhzrlxzLPQA1JD6j3+y,1.48436,2.635409,7.536339999999999,0,2591700,24.449213,Interactive,1,1.75
620400,ai0kEteBVGSO30Ocb83ie8uGTsUc07l7gBsrjVeSCKVsGKhzrlxzLPQA1JD6j3+y,1.449605,1.963827,2.937234,0,2591700,24.449213,Interactive,1,1.75
620700,ai0kEteBVGSO30Ocb83ie8uGTsUc07l7gBsrjVeSCKVsGKhzrlxzLPQA1JD6j3+y,1.399301,2.1689990000000003,3.032512,0,2591700,24.449213,Interactive,1,1.75
621000,ai0kEteBVGSO30Ocb83ie8uGTsUc07l7gBsrjVeSCKVsGKhzrlxzLPQA1JD6j3+y,1.465125,2.078312,3.3717370000000004,0,2591700,24.449213,Interactive,1,1.75
621300,ai0kEteBVGSO30Ocb83ie8uGTsUc07l7gBsrjVeSCKVsGKhzrlxzLPQA1JD6j3+y,1.2443,1.941131,2.726119,0,2591700,24.449213,Interactive,1,1.75
621600,ai0kEteBVGSO30Ocb83ie8uGTsUc07l7gBsrjVeSCKVsGKhzrlxzLPQA1JD6j3+y,1.4456950000000002,2.149049,2.740644,0,2591700,24.449213,Interactive,1,1.75
621900,ai0kEteBVGSO30Ocb83ie8uGTsUc07l7gBsrjVeSCKVsGKhzrlxzLPQA1JD6j3+y,0.8844360000000001,2.051925,3.817342,0,2591700,24.449213,Interactive,1,1.75
622200,ai0kEteBVGSO30Ocb83ie8uGTsUc07l7gBsrjVeSCKVsGKhzrlxzLPQA1JD6j3+y,1.412498,1.936188,2.842696,0,2591700,24.449213,Interactive,1,1.75
622500,ai0kEteBVGSO30Ocb83ie8uGTsUc07l7gBsrjVeSCKVsGKhzrlxzLPQA1JD6j3+y,1.18272,1.987768,3.079971,0,2591700,24.449213,Interactive,1,1.75
622800,ai0kEteBVGSO30Ocb83ie8uGTsUc07l7gBsrjVeSCKVsGKhzrlxzLPQA1JD6j3+y,1.431108,2.137281,3.861292,0,2591700,24.449213,Interactive,1,1.75
623100,ai0kEteBVGSO30Ocb83ie8uGTsUc07l7gBsrjVeSCKVsGKhzrlxzLPQA1JD6j3+y,0.8849389999999999,1.871664,2.736513,0,2591700,24.449213,Interactive,1,1.75
623400,ai0kEteBVGSO30Ocb83ie8uGTsUc07l7gBsrjVeSCKVsGKhzrlxzLPQA1JD6j3+y,0.910661,2.125306,3.166674,0,2591700,24.449213,Interactive,1,1.75
623700,ai0kEteBVGSO30Ocb83ie8uGTsUc07l7gBsrjVeSCKVsGKhzrlxzLPQA1JD6j3+y,1.434774,2.663101,6.579884,0,2591700,24.449213,Interactive,1,1.75
624000,ai0kEteBVGSO30Ocb83ie8uGTsUc07l7gBsrjVeSCKVsGKhzrlxzLPQA1JD6j3+y,1.227273,2.146983,4.812366,0,2591700,24.449213,Interactive,1,1.75
624300,ai0kEteBVGSO30Ocb83ie8uGTsUc07l7gBsrjVeSCKVsGKhzrlxzLPQA1JD6j3+y,1.476163,2.142105,3.198136,0,2591700,24.449213,Interactive,1,1.75
624600,ai0kEteBVGSO30Ocb83ie8uGTsUc07l7gBsrjVeSCKVsGKhzrlxzLPQA1JD6j3+y,1.286769,2.266587,4.097263,0,2591700,24.449213,Interactive,1,1.75
624900,ai0kEteBVGSO30Ocb83ie8uGTsUc07l7gBsrjVeSCKVsGKhzrlxzLPQA1JD6j3+y,1.4744620000000002,1.983554,3.021359,0,2591700,24.449213,Interactive,1,1.75
625200,ai0kEteBVGSO30Ocb83ie8uGTsUc07l7gBsrjVeSCKVsGKhzrlxzLPQA1JD6j3+y,1.44246,2.1725790000000003,3.161544,0,2591700,24.449213,Interactive,1,1.75
625500,ai0kEteBVGSO30Ocb83ie8uGTsUc07l7gBsrjVeSCKVsGKhzrlxzLPQA1JD6j3+y,1.457455,2.1754330000000004,4.051811,0,2591700,24.449213,Interactive,1,1.75
625800,ai0kEteBVGSO30Ocb83ie8uGTsUc07l7gBsrjVeSCKVsGKhzrlxzLPQA1JD6j3+y,1.422038,2.075542,3.089969,0,2591700,24.449213,Interactive,1,1.75
626100,ai0kEteBVGSO30Ocb83ie8uGTsUc07l7gBsrjVeSCKVsGKhzrlxzLPQA1JD6j3+y,0.933827,2.134835,3.2095700000000003,0,2591700,24.449213,Interactive,1,1.75
626400,ai0kEteBVGSO30Ocb83ie8uGTsUc07l7gBsrjVeSCKVsGKhzrlxzLPQA1JD6j3+y,1.453174,2.077865,3.983521,0,2591700,24.449213,Interactive,1,1.75
626700,ai0kEteBVGSO30Ocb83ie8uGTsUc07l7gBsrjVeSCKVsGKhzrlxzLPQA1JD6j3+y,1.527117,2.0273380000000003,2.982648,0,2591700,24.449213,Interactive,1,1.75
627000,ai0kEteBVGSO30Ocb83ie8uGTsUc07l7gBsrjVeSCKVsGKhzrlxzLPQA1JD6j3+y,1.418625,2.106437,3.244438,0,2591700,24.449213,Interactive,1,1.75
627300,ai0kEteBVGSO30Ocb83ie8uGTsUc07l7gBsrjVeSCKVsGKhzrlxzLPQA1JD6j3+y,1.510952,2.676232,6.6915960000000005,0,2591700,24.449213,Interactive,1,1.75
627600,ai0kEteBVGSO30Ocb83ie8uGTsUc07l7gBsrjVeSCKVsGKhzrlxzLPQA1JD6j3+y,1.442233,3.1021970000000003,14.811661,0,2591700,24.449213,Interactive,1,1.75
627900,ai0kEteBVGSO30Ocb83ie8uGTsUc07l7gBsrjVeSCKVsGKhzrlxzLPQA1JD6j3+y,1.457785,9.876303,49.999343,0,2591700,24.449213,Interactive,1,1.75
628200,ai0kEteBVGSO30Ocb83ie8uGTsUc07l7gBsrjVeSCKVsGKhzrlxzLPQA1JD6j3+y,1.418404,2.126433,4.01314,0,2591700,24.449213,Interactive,1,1.75
628500,ai0kEteBVGSO30Ocb83ie8uGTsUc07l7gBsrjVeSCKVsGKhzrlxzLPQA1JD6j3+y,1.393599,2.0255400000000003,2.997844,0,2591700,24.449213,Interactive,1,1.75
628800,ai0kEteBVGSO30Ocb83ie8uGTsUc07l7gBsrjVeSCKVsGKhzrlxzLPQA1JD6j3+y,1.389704,2.210224,3.256014,0,2591700,24.449213,Interactive,1,1.75
629100,ai0kEteBVGSO30Ocb83ie8uGTsUc07l7gBsrjVeSCKVsGKhzrlxzLPQA1JD6j3+y,1.482144,2.0651490000000003,3.997013,0,2591700,24.449213,Interactive,1,1.75
629400,ai0kEteBVGSO30Ocb83ie8uGTsUc07l7gBsrjVeSCKVsGKhzrlxzLPQA1JD6j3+y,1.432093,2.039186,2.998847,0,2591700,24.449213,Interactive,1,1.75
629700,ai0kEteBVGSO30Ocb83ie8uGTsUc07l7gBsrjVeSCKVsGKhzrlxzLPQA1JD6j3+y,1.465165,2.17266,2.981169,0,2591700,24.449213,Interactive,1,1.75
630000,ai0kEteBVGSO30Ocb83ie8uGTsUc07l7gBsrjVeSCKVsGKhzrlxzLPQA1JD6j3+y,1.217557,2.011433,3.906353,0,2591700,24.449213,Interactive,1,1.75
630300,ai0kEteBVGSO30Ocb83ie8uGTsUc07l7gBsrjVeSCKVsGKhzrlxzLPQA1JD6j3+y,1.5075120000000002,2.031575,2.946558,0,2591700,24.449213,Interactive,1,1.75
630600,ai0kEteBVGSO30Ocb83ie8uGTsUc07l7gBsrjVeSCKVsGKhzrlxzLPQA1JD6j3+y,1.081794,1.943351,3.009444,0,2591700,24.449213,Interactive,1,1.75
630900,ai0kEteBVGSO30Ocb83ie8uGTsUc07l7gBsrjVeSCKVsGKhzrlxzLPQA1JD6j3+y,1.468112,2.649786,6.7225660000000005,0,2591700,24.449213,Interactive,1,1.75
631200,ai0kEteBVGSO30Ocb83ie8uGTsUc07l7gBsrjVeSCKVsGKhzrlxzLPQA1JD6j3+y,1.255079,1.867474,2.916261,0,2591700,24.449213,Interactive,1,1.75
631500,ai0kEteBVGSO30Ocb83ie8uGTsUc07l7gBsrjVeSCKVsGKhzrlxzLPQA1JD6j3+y,0.913174,2.09053,3.270618,0,2591700,24.449213,Interactive,1,1.75
631800,ai0kEteBVGSO30Ocb83ie8uGTsUc07l7gBsrjVeSCKVsGKhzrlxzLPQA1JD6j3+y,1.476835,2.088307,3.980865,0,2591700,24.449213,Interactive,1,1.75
632100,ai0kEteBVGSO30Ocb83ie8uGTsUc07l7gBsrjVeSCKVsGKhzrlxzLPQA1JD6j3+y,1.4695129999999998,1.962334,2.996745,0,2591700,24.449213,Interactive,1,1.75
632400,ai0kEteBVGSO30Ocb83ie8uGTsUc07l7gBsrjVeSCKVsGKhzrlxzLPQA1JD6j3+y,1.404876,2.03431,2.960137,0,2591700,24.449213,Interactive,1,1.75
632700,ai0kEteBVGSO30Ocb83ie8uGTsUc07l7gBsrjVeSCKVsGKhzrlxzLPQA1JD6j3+y,1.246891,2.047241,3.857863,0,2591700,24.449213,Interactive,1,1.75
633000,ai0kEteBVGSO30Ocb83ie8uGTsUc07l7gBsrjVeSCKVsGKhzrlxzLPQA1JD6j3+y,1.430345,1.975418,3.1066700000000003,0,2591700,24.449213,Interactive,1,1.75
633300,ai0kEteBVGSO30Ocb83ie8uGTsUc07l7gBsrjVeSCKVsGKhzrlxzLPQA1JD6j3+y,1.03849,1.95916,3.044978,0,2591700,24.449213,Interactive,1,1.75
633600,ai0kEteBVGSO30Ocb83ie8uGTsUc07l7gBsrjVeSCKVsGKhzrlxzLPQA1JD6j3+y,1.471216,2.011386,3.744209,0,2591700,24.449213,Interactive,1,1.75
633900,ai0kEteBVGSO30Ocb83ie8uGTsUc07l7gBsrjVeSCKVsGKhzrlxzLPQA1JD6j3+y,1.506016,1.965485,2.849019,0,2591700,24.449213,Interactive,1,1.75
634200,ai0kEteBVGSO30Ocb83ie8uGTsUc07l7gBsrjVeSCKVsGKhzrlxzLPQA1JD6j3+y,1.454655,2.222336,3.11156,0,2591700,24.449213,Interactive,1,1.75
634500,ai0kEteBVGSO30Ocb83ie8uGTsUc07l7gBsrjVeSCKVsGKhzrlxzLPQA1JD6j3+y,1.629069,2.66646,6.965432000000001,0,2591700,24.449213,Interactive,1,1.75
634800,ai0kEteBVGSO30Ocb83ie8uGTsUc07l7gBsrjVeSCKVsGKhzrlxzLPQA1JD6j3+y,1.249046,1.87472,2.84851,0,2591700,24.449213,Interactive,1,1.75
635100,ai0kEteBVGSO30Ocb83ie8uGTsUc07l7gBsrjVeSCKVsGKhzrlxzLPQA1JD6j3+y,1.404152,2.080984,3.547125,0,2591700,24.449213,Interactive,1,1.75
635400,ai0kEteBVGSO30Ocb83ie8uGTsUc07l7gBsrjVeSCKVsGKhzrlxzLPQA1JD6j3+y,1.481617,2.139217,3.631155,0,2591700,24.449213,Interactive,1,1.75
635700,ai0kEteBVGSO30Ocb83ie8uGTsUc07l7gBsrjVeSCKVsGKhzrlxzLPQA1JD6j3+y,1.466043,2.077366,2.925431,0,2591700,24.449213,Interactive,1,1.75
636000,ai0kEteBVGSO30Ocb83ie8uGTsUc07l7gBsrjVeSCKVsGKhzrlxzLPQA1JD6j3+y,1.092415,2.043128,3.618077,0,2591700,24.449213,Interactive,1,1.75
636300,ai0kEteBVGSO30Ocb83ie8uGTsUc07l7gBsrjVeSCKVsGKhzrlxzLPQA1JD6j3+y,1.468956,1.997973,3.030175,0,2591700,24.449213,Interactive,1,1.75
636600,ai0kEteBVGSO30Ocb83ie8uGTsUc07l7gBsrjVeSCKVsGKhzrlxzLPQA1JD6j3+y,1.455529,2.1682810000000003,3.32879,0,2591700,24.449213,Interactive,1,1.75
636900,ai0kEteBVGSO30Ocb83ie8uGTsUc07l7gBsrjVeSCKVsGKhzrlxzLPQA1JD6j3+y,1.335148,2.0222580000000003,3.530585,0,2591700,24.449213,Interactive,1,1.75
637200,ai0kEteBVGSO30Ocb83ie8uGTsUc07l7gBsrjVeSCKVsGKhzrlxzLPQA1JD6j3+y,1.439531,1.947097,2.859683,0,2591700,24.449213,Interactive,1,1.75
637500,ai0kEteBVGSO30Ocb83ie8uGTsUc07l7gBsrjVeSCKVsGKhzrlxzLPQA1JD6j3+y,1.098032,2.006934,3.0025310000000003,0,2591700,24.449213,Interactive,1,1.75
637800,ai0kEteBVGSO30Ocb83ie8uGTsUc07l7gBsrjVeSCKVsGKhzrlxzLPQA1JD6j3+y,1.453515,2.0989,3.52914,0,2591700,24.449213,Interactive,1,1.75
638100,ai0kEteBVGSO30Ocb83ie8uGTsUc07l7gBsrjVeSCKVsGKhzrlxzLPQA1JD6j3+y,1.5023,2.534768,6.883599,0,2591700,24.449213,Interactive,1,1.75
638400,ai0kEteBVGSO30Ocb83ie8uGTsUc07l7gBsrjVeSCKVsGKhzrlxzLPQA1JD6j3+y,1.449033,2.096457,3.119708,0,2591700,24.449213,Interactive,1,1.75
638700,ai0kEteBVGSO30Ocb83ie8uGTsUc07l7gBsrjVeSCKVsGKhzrlxzLPQA1JD6j3+y,1.462364,2.223043,3.657873,0,2591700,24.449213,Interactive,1,1.75
639000,ai0kEteBVGSO30Ocb83ie8uGTsUc07l7gBsrjVeSCKVsGKhzrlxzLPQA1JD6j3+y,1.456655,1.953628,3.01418,0,2591700,24.449213,Interactive,1,1.75
639300,ai0kEteBVGSO30Ocb83ie8uGTsUc07l7gBsrjVeSCKVsGKhzrlxzLPQA1JD6j3+y,1.487286,2.2065740000000003,3.567449,0,2591700,24.449213,Interactive,1,1.75
639600,ai0kEteBVGSO30Ocb83ie8uGTsUc07l7gBsrjVeSCKVsGKhzrlxzLPQA1JD6j3+y,1.410619,2.050592,3.49541,0,2591700,24.449213,Interactive,1,1.75
639900,ai0kEteBVGSO30Ocb83ie8uGTsUc07l7gBsrjVeSCKVsGKhzrlxzLPQA1JD6j3+y,1.481041,1.935068,3.084663,0,2591700,24.449213,Interactive,1,1.75
640200,ai0kEteBVGSO30Ocb83ie8uGTsUc07l7gBsrjVeSCKVsGKhzrlxzLPQA1JD6j3+y,1.389035,2.199264,3.011857,0,2591700,24.449213,Interactive,1,1.75
640500,ai0kEteBVGSO30Ocb83ie8uGTsUc07l7gBsrjVeSCKVsGKhzrlxzLPQA1JD6j3+y,1.484624,2.092127,3.500986,0,2591700,24.449213,Interactive,1,1.75
640800,ai0kEteBVGSO30Ocb83ie8uGTsUc07l7gBsrjVeSCKVsGKhzrlxzLPQA1JD6j3+y,1.032129,1.871595,3.088588,0,2591700,24.449213,Interactive,1,1.75
641100,ai0kEteBVGSO30Ocb83ie8uGTsUc07l7gBsrjVeSCKVsGKhzrlxzLPQA1JD6j3+y,1.40015,2.016685,3.02234,0,2591700,24.449213,Interactive,1,1.75
641400,ai0kEteBVGSO30Ocb83ie8uGTsUc07l7gBsrjVeSCKVsGKhzrlxzLPQA1JD6j3+y,1.425843,4.418845,23.019049,0,2591700,24.449213,Interactive,1,1.75
641700,ai0kEteBVGSO30Ocb83ie8uGTsUc07l7gBsrjVeSCKVsGKhzrlxzLPQA1JD6j3+y,1.517934,2.799246,6.805280000000001,0,2591700,24.449213,Interactive,1,1.75
642000,ai0kEteBVGSO30Ocb83ie8uGTsUc07l7gBsrjVeSCKVsGKhzrlxzLPQA1JD6j3+y,1.416954,2.3717900000000003,5.190308,0,2591700,24.449213,Interactive,1,1.75
642300,ai0kEteBVGSO30Ocb83ie8uGTsUc07l7gBsrjVeSCKVsGKhzrlxzLPQA1JD6j3+y,1.620378,2.16981,3.930704,0,2591700,24.449213,Interactive,1,1.75
642600,ai0kEteBVGSO30Ocb83ie8uGTsUc07l7gBsrjVeSCKVsGKhzrlxzLPQA1JD6j3+y,1.546108,2.078718,3.262798,0,2591700,24.449213,Interactive,1,1.75
642900,ai0kEteBVGSO30Ocb83ie8uGTsUc07l7gBsrjVeSCKVsGKhzrlxzLPQA1JD6j3+y,1.2616040000000002,2.1768810000000003,3.208232,0,2591700,24.449213,Interactive,1,1.75
643200,ai0kEteBVGSO30Ocb83ie8uGTsUc07l7gBsrjVeSCKVsGKhzrlxzLPQA1JD6j3+y,1.54941,2.267897,3.939773,0,2591700,24.449213,Interactive,1,1.75
643500,ai0kEteBVGSO30Ocb83ie8uGTsUc07l7gBsrjVeSCKVsGKhzrlxzLPQA1JD6j3+y,1.552937,2.329813,4.511702,0,2591700,24.449213,Interactive,1,1.75
643800,ai0kEteBVGSO30Ocb83ie8uGTsUc07l7gBsrjVeSCKVsGKhzrlxzLPQA1JD6j3+y,1.455111,2.052434,3.024322,0,2591700,24.449213,Interactive,1,1.75
644100,ai0kEteBVGSO30Ocb83ie8uGTsUc07l7gBsrjVeSCKVsGKhzrlxzLPQA1JD6j3+y,1.454645,2.177737,3.689765,0,2591700,24.449213,Interactive,1,1.75
644400,ai0kEteBVGSO30Ocb83ie8uGTsUc07l7gBsrjVeSCKVsGKhzrlxzLPQA1JD6j3+y,1.491276,1.97785,3.062171,0,2591700,24.449213,Interactive,1,1.75
644700,ai0kEteBVGSO30Ocb83ie8uGTsUc07l7gBsrjVeSCKVsGKhzrlxzLPQA1JD6j3+y,1.462782,2.2119310000000003,3.420544,0,2591700,24.449213,Interactive,1,1.75
645000,ai0kEteBVGSO30Ocb83ie8uGTsUc07l7gBsrjVeSCKVsGKhzrlxzLPQA1JD6j3+y,1.49209,2.001693,3.52426,0,2591700,24.449213,Interactive,1,1.75
645300,ai0kEteBVGSO30Ocb83ie8uGTsUc07l7gBsrjVeSCKVsGKhzrlxzLPQA1JD6j3+y,1.537627,2.597083,7.06945,0,2591700,24.449213,Interactive,1,1.75
645600,ai0kEteBVGSO30Ocb83ie8uGTsUc07l7gBsrjVeSCKVsGKhzrlxzLPQA1JD6j3+y,0.999933,2.016162,3.11106,0,2591700,24.449213,Interactive,1,1.75
645900,ai0kEteBVGSO30Ocb83ie8uGTsUc07l7gBsrjVeSCKVsGKhzrlxzLPQA1JD6j3+y,1.440043,2.156425,3.546495,0,2591700,24.449213,Interactive,1,1.75
646200,ai0kEteBVGSO30Ocb83ie8uGTsUc07l7gBsrjVeSCKVsGKhzrlxzLPQA1JD6j3+y,1.388299,1.973142,3.132504,0,2591700,24.449213,Interactive,1,1.75
646500,ai0kEteBVGSO30Ocb83ie8uGTsUc07l7gBsrjVeSCKVsGKhzrlxzLPQA1JD6j3+y,1.495869,2.0791060000000003,2.965933,0,2591700,24.449213,Interactive,1,1.75
646800,ai0kEteBVGSO30Ocb83ie8uGTsUc07l7gBsrjVeSCKVsGKhzrlxzLPQA1JD6j3+y,1.062251,2.082355,3.627176,0,2591700,24.449213,Interactive,1,1.75
647100,ai0kEteBVGSO30Ocb83ie8uGTsUc07l7gBsrjVeSCKVsGKhzrlxzLPQA1JD6j3+y,1.518516,2.072271,2.942742,0,2591700,24.449213,Interactive,1,1.75
647400,ai0kEteBVGSO30Ocb83ie8uGTsUc07l7gBsrjVeSCKVsGKhzrlxzLPQA1JD6j3+y,1.469066,2.1605220000000003,3.338103,0,2591700,24.449213,Interactive,1,1.75
647700,ai0kEteBVGSO30Ocb83ie8uGTsUc07l7gBsrjVeSCKVsGKhzrlxzLPQA1JD6j3+y,1.425548,2.0445,3.488661,0,2591700,24.449213,Interactive,1,1.75
648000,ai0kEteBVGSO30Ocb83ie8uGTsUc07l7gBsrjVeSCKVsGKhzrlxzLPQA1JD6j3+y,1.488206,2.017647,2.907006,0,2591700,24.449213,Interactive,1,1.75
648300,ai0kEteBVGSO30Ocb83ie8uGTsUc07l7gBsrjVeSCKVsGKhzrlxzLPQA1JD6j3+y,1.439411,2.110322,2.906669,0,2591700,24.449213,Interactive,1,1.75
648600,ai0kEteBVGSO30Ocb83ie8uGTsUc07l7gBsrjVeSCKVsGKhzrlxzLPQA1JD6j3+y,1.488022,2.166588,3.657243,0,2591700,24.449213,Interactive,1,1.75
648900,ai0kEteBVGSO30Ocb83ie8uGTsUc07l7gBsrjVeSCKVsGKhzrlxzLPQA1JD6j3+y,1.520647,2.661014,7.017749,0,2591700,24.449213,Interactive,1,1.75
649200,ai0kEteBVGSO30Ocb83ie8uGTsUc07l7gBsrjVeSCKVsGKhzrlxzLPQA1JD6j3+y,1.4853120000000002,2.072342,2.8941,0,2591700,24.449213,Interactive,1,1.75
649500,ai0kEteBVGSO30Ocb83ie8uGTsUc07l7gBsrjVeSCKVsGKhzrlxzLPQA1JD6j3+y,1.451855,2.221559,4.034105,0,2591700,24.449213,Interactive,1,1.75
649800,ai0kEteBVGSO30Ocb83ie8uGTsUc07l7gBsrjVeSCKVsGKhzrlxzLPQA1JD6j3+y,1.420745,1.986753,3.0385310000000003,0,2591700,24.449213,Interactive,1,1.75
650100,ai0kEteBVGSO30Ocb83ie8uGTsUc07l7gBsrjVeSCKVsGKhzrlxzLPQA1JD6j3+y,1.523762,2.196794,3.38306,0,2591700,24.449213,Interactive,1,1.75
650400,ai0kEteBVGSO30Ocb83ie8uGTsUc07l7gBsrjVeSCKVsGKhzrlxzLPQA1JD6j3+y,1.419637,1.945103,2.833735,0,2591700,24.449213,Interactive,1,1.75
650700,ai0kEteBVGSO30Ocb83ie8uGTsUc07l7gBsrjVeSCKVsGKhzrlxzLPQA1JD6j3+y,1.570051,2.100717,3.027403,0,2591700,24.449213,Interactive,1,1.75
651000,ai0kEteBVGSO30Ocb83ie8uGTsUc07l7gBsrjVeSCKVsGKhzrlxzLPQA1JD6j3+y,1.532178,2.184534,3.462257,0,2591700,24.449213,Interactive,1,1.75
651300,ai0kEteBVGSO30Ocb83ie8uGTsUc07l7gBsrjVeSCKVsGKhzrlxzLPQA1JD6j3+y,1.496636,2.126216,3.987169,0,2591700,24.449213,Interactive,1,1.75
651600,ai0kEteBVGSO30Ocb83ie8uGTsUc07l7gBsrjVeSCKVsGKhzrlxzLPQA1JD6j3+y,1.456733,1.915722,2.909924,0,2591700,24.449213,Interactive,1,1.75
651900,ai0kEteBVGSO30Ocb83ie8uGTsUc07l7gBsrjVeSCKVsGKhzrlxzLPQA1JD6j3+y,1.442422,2.075179,3.067086,0,2591700,24.449213,Interactive,1,1.75
652200,ai0kEteBVGSO30Ocb83ie8uGTsUc07l7gBsrjVeSCKVsGKhzrlxzLPQA1JD6j3+y,1.449774,1.983818,3.892643,0,2591700,24.449213,Interactive,1,1.75
652500,ai0kEteBVGSO30Ocb83ie8uGTsUc07l7gBsrjVeSCKVsGKhzrlxzLPQA1JD6j3+y,1.500945,2.575713,5.064032,0,2591700,24.449213,Interactive,1,1.75
652800,ai0kEteBVGSO30Ocb83ie8uGTsUc07l7gBsrjVeSCKVsGKhzrlxzLPQA1JD6j3+y,1.478326,2.191698,4.577516,0,2591700,24.449213,Interactive,1,1.75
653100,ai0kEteBVGSO30Ocb83ie8uGTsUc07l7gBsrjVeSCKVsGKhzrlxzLPQA1JD6j3+y,1.480919,2.208257,3.985527,0,2591700,24.449213,Interactive,1,1.75
653400,ai0kEteBVGSO30Ocb83ie8uGTsUc07l7gBsrjVeSCKVsGKhzrlxzLPQA1JD6j3+y,0.666759,1.949294,3.032788,0,2591700,24.449213,Interactive,1,1.75
653700,ai0kEteBVGSO30Ocb83ie8uGTsUc07l7gBsrjVeSCKVsGKhzrlxzLPQA1JD6j3+y,0.823131,2.063162,3.2150380000000003,0,2591700,24.449213,Interactive,1,1.75
654000,ai0kEteBVGSO30Ocb83ie8uGTsUc07l7gBsrjVeSCKVsGKhzrlxzLPQA1JD6j3+y,1.50686,2.128998,3.884504,0,2591700,24.449213,Interactive,1,1.75
654300,ai0kEteBVGSO30Ocb83ie8uGTsUc07l7gBsrjVeSCKVsGKhzrlxzLPQA1JD6j3+y,1.06092,1.995395,3.096744,0,2591700,24.449213,Interactive,1,1.75
654600,ai0kEteBVGSO30Ocb83ie8uGTsUc07l7gBsrjVeSCKVsGKhzrlxzLPQA1JD6j3+y,1.462083,2.059674,3.110656,0,2591700,24.449213,Interactive,1,1.75
654900,ai0kEteBVGSO30Ocb83ie8uGTsUc07l7gBsrjVeSCKVsGKhzrlxzLPQA1JD6j3+y,1.471939,3.659977,17.274481,0,2591700,24.449213,Interactive,1,1.75
655200,ai0kEteBVGSO30Ocb83ie8uGTsUc07l7gBsrjVeSCKVsGKhzrlxzLPQA1JD6j3+y,1.483359,1.942578,2.853863,0,2591700,24.449213,Interactive,1,1.75
655500,ai0kEteBVGSO30Ocb83ie8uGTsUc07l7gBsrjVeSCKVsGKhzrlxzLPQA1JD6j3+y,1.24336,1.988017,3.2219990000000003,0,2591700,24.449213,Interactive,1,1.75
655800,ai0kEteBVGSO30Ocb83ie8uGTsUc07l7gBsrjVeSCKVsGKhzrlxzLPQA1JD6j3+y,1.552051,2.112337,4.029218,0,2591700,24.449213,Interactive,1,1.75
656100,ai0kEteBVGSO30Ocb83ie8uGTsUc07l7gBsrjVeSCKVsGKhzrlxzLPQA1JD6j3+y,1.4653200000000002,2.569674,8.541152,0,2591700,24.449213,Interactive,1,1.75
656400,ai0kEteBVGSO30Ocb83ie8uGTsUc07l7gBsrjVeSCKVsGKhzrlxzLPQA1JD6j3+y,0.8379479999999999,3.648701,19.592873,0,2591700,24.449213,Interactive,1,1.75
656700,ai0kEteBVGSO30Ocb83ie8uGTsUc07l7gBsrjVeSCKVsGKhzrlxzLPQA1JD6j3+y,1.505937,9.875695,49.966707,0,2591700,24.449213,Interactive,1,1.75
657000,ai0kEteBVGSO30Ocb83ie8uGTsUc07l7gBsrjVeSCKVsGKhzrlxzLPQA1JD6j3+y,1.4865620000000002,2.250332,3.611366,0,2591700,24.449213,Interactive,1,1.75
657300,ai0kEteBVGSO30Ocb83ie8uGTsUc07l7gBsrjVeSCKVsGKhzrlxzLPQA1JD6j3+y,1.452044,2.138321,3.325377,0,2591700,24.449213,Interactive,1,1.75
657600,ai0kEteBVGSO30Ocb83ie8uGTsUc07l7gBsrjVeSCKVsGKhzrlxzLPQA1JD6j3+y,1.49632,3.784018,18.170024,0,2591700,24.449213,Interactive,1,1.75
657900,ai0kEteBVGSO30Ocb83ie8uGTsUc07l7gBsrjVeSCKVsGKhzrlxzLPQA1JD6j3+y,1.528214,1.994131,3.157111,0,2591700,24.449213,Interactive,1,1.75
658200,ai0kEteBVGSO30Ocb83ie8uGTsUc07l7gBsrjVeSCKVsGKhzrlxzLPQA1JD6j3+y,0.8588959999999999,1.874904,3.2968010000000003,0,2591700,24.449213,Interactive,1,1.75
658500,ai0kEteBVGSO30Ocb83ie8uGTsUc07l7gBsrjVeSCKVsGKhzrlxzLPQA1JD6j3+y,1.418697,2.132648,4.016916999999999,0,2591700,24.449213,Interactive,1,1.75
658800,ai0kEteBVGSO30Ocb83ie8uGTsUc07l7gBsrjVeSCKVsGKhzrlxzLPQA1JD6j3+y,1.439747,2.100012,3.184605,0,2591700,24.449213,Interactive,1,1.75
659100,ai0kEteBVGSO30Ocb83ie8uGTsUc07l7gBsrjVeSCKVsGKhzrlxzLPQA1JD6j3+y,1.502378,2.203455,3.25268,0,2591700,24.449213,Interactive,1,1.75
659400,ai0kEteBVGSO30Ocb83ie8uGTsUc07l7gBsrjVeSCKVsGKhzrlxzLPQA1JD6j3+y,1.50281,2.097827,3.90992,0,2591700,24.449213,Interactive,1,1.75
659700,ai0kEteBVGSO30Ocb83ie8uGTsUc07l7gBsrjVeSCKVsGKhzrlxzLPQA1JD6j3+y,1.506525,2.632092,8.436297,0,2591700,24.449213,Interactive,1,1.75
660000,ai0kEteBVGSO30Ocb83ie8uGTsUc07l7gBsrjVeSCKVsGKhzrlxzLPQA1JD6j3+y,1.434754,2.044678,3.0232810000000003,0,2591700,24.449213,Interactive,1,1.75
660300,ai0kEteBVGSO30Ocb83ie8uGTsUc07l7gBsrjVeSCKVsGKhzrlxzLPQA1JD6j3+y,1.462664,3.92384,19.258034,0,2591700,24.449213,Interactive,1,1.75
660600,ai0kEteBVGSO30Ocb83ie8uGTsUc07l7gBsrjVeSCKVsGKhzrlxzLPQA1JD6j3+y,1.4983799999999998,1.997728,3.099628,0,2591700,24.449213,Interactive,1,1.75
660900,ai0kEteBVGSO30Ocb83ie8uGTsUc07l7gBsrjVeSCKVsGKhzrlxzLPQA1JD6j3+y,1.494278,1.992693,3.0772060000000003,0,2591700,24.449213,Interactive,1,1.75
661200,ai0kEteBVGSO30Ocb83ie8uGTsUc07l7gBsrjVeSCKVsGKhzrlxzLPQA1JD6j3+y,1.377227,2.145508,3.951986,0,2591700,24.449213,Interactive,1,1.75
661500,ai0kEteBVGSO30Ocb83ie8uGTsUc07l7gBsrjVeSCKVsGKhzrlxzLPQA1JD6j3+y,1.010291,2.050176,2.94376,0,2591700,24.449213,Interactive,1,1.75
661800,ai0kEteBVGSO30Ocb83ie8uGTsUc07l7gBsrjVeSCKVsGKhzrlxzLPQA1JD6j3+y,1.438273,2.259595,3.357301,0,2591700,24.449213,Interactive,1,1.75
662100,ai0kEteBVGSO30Ocb83ie8uGTsUc07l7gBsrjVeSCKVsGKhzrlxzLPQA1JD6j3+y,1.493782,2.108371,3.866533,0,2591700,24.449213,Interactive,1,1.75
662400,ai0kEteBVGSO30Ocb83ie8uGTsUc07l7gBsrjVeSCKVsGKhzrlxzLPQA1JD6j3+y,1.4713379999999998,2.008944,3.0805,0,2591700,24.449213,Interactive,1,1.75
662700,ai0kEteBVGSO30Ocb83ie8uGTsUc07l7gBsrjVeSCKVsGKhzrlxzLPQA1JD6j3+y,1.452724,2.07712,3.051867,0,2591700,24.449213,Interactive,1,1.75
663000,ai0kEteBVGSO30Ocb83ie8uGTsUc07l7gBsrjVeSCKVsGKhzrlxzLPQA1JD6j3+y,1.515485,3.0394520000000003,12.507007000000002,0,2591700,24.449213,Interactive,1,1.75
663300,ai0kEteBVGSO30Ocb83ie8uGTsUc07l7gBsrjVeSCKVsGKhzrlxzLPQA1JD6j3+y,1.455975,2.697939,8.710272,0,2591700,24.449213,Interactive,1,1.75
663600,ai0kEteBVGSO30Ocb83ie8uGTsUc07l7gBsrjVeSCKVsGKhzrlxzLPQA1JD6j3+y,1.103405,1.811668,2.890869,0,2591700,24.449213,Interactive,1,1.75
663900,ai0kEteBVGSO30Ocb83ie8uGTsUc07l7gBsrjVeSCKVsGKhzrlxzLPQA1JD6j3+y,1.454364,2.033894,3.111868,0,2591700,24.449213,Interactive,1,1.75
664200,ai0kEteBVGSO30Ocb83ie8uGTsUc07l7gBsrjVeSCKVsGKhzrlxzLPQA1JD6j3+y,1.42765,1.961996,2.9863180000000003,0,2591700,24.449213,Interactive,1,1.75
664500,ai0kEteBVGSO30Ocb83ie8uGTsUc07l7gBsrjVeSCKVsGKhzrlxzLPQA1JD6j3+y,1.319526,1.976738,3.725118,0,2591700,24.449213,Interactive,1,1.75
664800,ai0kEteBVGSO30Ocb83ie8uGTsUc07l7gBsrjVeSCKVsGKhzrlxzLPQA1JD6j3+y,1.499763,2.088779,2.864803,0,2591700,24.449213,Interactive,1,1.75
665100,ai0kEteBVGSO30Ocb83ie8uGTsUc07l7gBsrjVeSCKVsGKhzrlxzLPQA1JD6j3+y,1.484279,2.14224,2.939284,0,2591700,24.449213,Interactive,1,1.75
665400,ai0kEteBVGSO30Ocb83ie8uGTsUc07l7gBsrjVeSCKVsGKhzrlxzLPQA1JD6j3+y,1.4972530000000002,2.10835,3.653447,0,2591700,24.449213,Interactive,1,1.75
665700,ai0kEteBVGSO30Ocb83ie8uGTsUc07l7gBsrjVeSCKVsGKhzrlxzLPQA1JD6j3+y,1.511042,2.657293,9.342829,0,2591700,24.449213,Interactive,1,1.75
666000,ai0kEteBVGSO30Ocb83ie8uGTsUc07l7gBsrjVeSCKVsGKhzrlxzLPQA1JD6j3+y,1.51494,2.126898,3.060276,0,2591700,24.449213,Interactive,1,1.75
666300,ai0kEteBVGSO30Ocb83ie8uGTsUc07l7gBsrjVeSCKVsGKhzrlxzLPQA1JD6j3+y,1.482718,1.957164,2.901568,0,2591700,24.449213,Interactive,1,1.75
666600,ai0kEteBVGSO30Ocb83ie8uGTsUc07l7gBsrjVeSCKVsGKhzrlxzLPQA1JD6j3+y,1.503042,2.025486,2.878331,0,2591700,24.449213,Interactive,1,1.75
666900,ai0kEteBVGSO30Ocb83ie8uGTsUc07l7gBsrjVeSCKVsGKhzrlxzLPQA1JD6j3+y,1.492464,2.621066,8.679507000000001,0,2591700,24.449213,Interactive,1,1.75
667200,ai0kEteBVGSO30Ocb83ie8uGTsUc07l7gBsrjVeSCKVsGKhzrlxzLPQA1JD6j3+y,1.466595,2.068124,3.625997,0,2591700,24.449213,Interactive,1,1.75
667500,ai0kEteBVGSO30Ocb83ie8uGTsUc07l7gBsrjVeSCKVsGKhzrlxzLPQA1JD6j3+y,1.48612,2.047668,2.971077,0,2591700,24.449213,Interactive,1,1.75
667800,ai0kEteBVGSO30Ocb83ie8uGTsUc07l7gBsrjVeSCKVsGKhzrlxzLPQA1JD6j3+y,1.451906,2.080414,2.944586,0,2591700,24.449213,Interactive,1,1.75
668100,ai0kEteBVGSO30Ocb83ie8uGTsUc07l7gBsrjVeSCKVsGKhzrlxzLPQA1JD6j3+y,1.516893,2.109581,3.679693,0,2591700,24.449213,Interactive,1,1.75
668400,ai0kEteBVGSO30Ocb83ie8uGTsUc07l7gBsrjVeSCKVsGKhzrlxzLPQA1JD6j3+y,1.516269,2.335518,6.247808,0,2591700,24.449213,Interactive,1,1.75
668700,ai0kEteBVGSO30Ocb83ie8uGTsUc07l7gBsrjVeSCKVsGKhzrlxzLPQA1JD6j3+y,1.47375,2.080285,2.913866,0,2591700,24.449213,Interactive,1,1.75
669000,ai0kEteBVGSO30Ocb83ie8uGTsUc07l7gBsrjVeSCKVsGKhzrlxzLPQA1JD6j3+y,1.469067,1.878876,2.914826,0,2591700,24.449213,Interactive,1,1.75
669300,ai0kEteBVGSO30Ocb83ie8uGTsUc07l7gBsrjVeSCKVsGKhzrlxzLPQA1JD6j3+y,1.572459,2.12266,2.9302200000000003,0,2591700,24.449213,Interactive,1,1.75
669600,ai0kEteBVGSO30Ocb83ie8uGTsUc07l7gBsrjVeSCKVsGKhzrlxzLPQA1JD6j3+y,1.532632,2.141796,3.110441,0,2591700,24.449213,Interactive,1,1.75
669900,ai0kEteBVGSO30Ocb83ie8uGTsUc07l7gBsrjVeSCKVsGKhzrlxzLPQA1JD6j3+y,1.490169,2.082919,3.893825,0,2591700,24.449213,Interactive,1,1.75
670200,ai0kEteBVGSO30Ocb83ie8uGTsUc07l7gBsrjVeSCKVsGKhzrlxzLPQA1JD6j3+y,1.537823,2.049605,2.938612,0,2591700,24.449213,Interactive,1,1.75
670500,ai0kEteBVGSO30Ocb83ie8uGTsUc07l7gBsrjVeSCKVsGKhzrlxzLPQA1JD6j3+y,1.499686,2.649554,8.743604,0,2591700,24.449213,Interactive,1,1.75
670800,ai0kEteBVGSO30Ocb83ie8uGTsUc07l7gBsrjVeSCKVsGKhzrlxzLPQA1JD6j3+y,1.503246,2.08485,3.685447,0,2591700,24.449213,Interactive,1,1.75
671100,ai0kEteBVGSO30Ocb83ie8uGTsUc07l7gBsrjVeSCKVsGKhzrlxzLPQA1JD6j3+y,1.462975,2.097774,3.001041,0,2591700,24.449213,Interactive,1,1.75
671400,ai0kEteBVGSO30Ocb83ie8uGTsUc07l7gBsrjVeSCKVsGKhzrlxzLPQA1JD6j3+y,1.54909,2.64255,6.349267,0,2591700,24.449213,Interactive,1,1.75
671700,ai0kEteBVGSO30Ocb83ie8uGTsUc07l7gBsrjVeSCKVsGKhzrlxzLPQA1JD6j3+y,1.2166629999999998,2.093403,3.721186,0,2591700,24.449213,Interactive,1,1.75
672000,ai0kEteBVGSO30Ocb83ie8uGTsUc07l7gBsrjVeSCKVsGKhzrlxzLPQA1JD6j3+y,1.501649,2.029221,2.917899,0,2591700,24.449213,Interactive,1,1.75
672300,ai0kEteBVGSO30Ocb83ie8uGTsUc07l7gBsrjVeSCKVsGKhzrlxzLPQA1JD6j3+y,1.542435,2.091217,2.948922,0,2591700,24.449213,Interactive,1,1.75
672600,ai0kEteBVGSO30Ocb83ie8uGTsUc07l7gBsrjVeSCKVsGKhzrlxzLPQA1JD6j3+y,1.513225,2.072433,3.603721,0,2591700,24.449213,Interactive,1,1.75
672900,ai0kEteBVGSO30Ocb83ie8uGTsUc07l7gBsrjVeSCKVsGKhzrlxzLPQA1JD6j3+y,1.549713,2.039609,2.928963,0,2591700,24.449213,Interactive,1,1.75
673200,ai0kEteBVGSO30Ocb83ie8uGTsUc07l7gBsrjVeSCKVsGKhzrlxzLPQA1JD6j3+y,1.563919,2.164461,2.956413,0,2591700,24.449213,Interactive,1,1.75
673500,ai0kEteBVGSO30Ocb83ie8uGTsUc07l7gBsrjVeSCKVsGKhzrlxzLPQA1JD6j3+y,1.54093,2.1385110000000003,3.812823,0,2591700,24.449213,Interactive,1,1.75
673800,ai0kEteBVGSO30Ocb83ie8uGTsUc07l7gBsrjVeSCKVsGKhzrlxzLPQA1JD6j3+y,1.511213,1.984766,3.025694,0,2591700,24.449213,Interactive,1,1.75
674100,ai0kEteBVGSO30Ocb83ie8uGTsUc07l7gBsrjVeSCKVsGKhzrlxzLPQA1JD6j3+y,1.507807,2.735578,8.841523,0,2591700,24.449213,Interactive,1,1.75
674400,ai0kEteBVGSO30Ocb83ie8uGTsUc07l7gBsrjVeSCKVsGKhzrlxzLPQA1JD6j3+y,1.448957,2.0917950000000003,3.461402,0,2591700,24.449213,Interactive,1,1.75
674700,ai0kEteBVGSO30Ocb83ie8uGTsUc07l7gBsrjVeSCKVsGKhzrlxzLPQA1JD6j3+y,1.488686,2.1541,3.219024,0,2591700,24.449213,Interactive,1,1.75
675000,ai0kEteBVGSO30Ocb83ie8uGTsUc07l7gBsrjVeSCKVsGKhzrlxzLPQA1JD6j3+y,1.40733,2.075251,2.996306,0,2591700,24.449213,Interactive,1,1.75
675300,ai0kEteBVGSO30Ocb83ie8uGTsUc07l7gBsrjVeSCKVsGKhzrlxzLPQA1JD6j3+y,1.432889,2.010376,3.653842,0,2591700,24.449213,Interactive,1,1.75
675600,ai0kEteBVGSO30Ocb83ie8uGTsUc07l7gBsrjVeSCKVsGKhzrlxzLPQA1JD6j3+y,1.527117,2.022677,2.935051,0,2591700,24.449213,Interactive,1,1.75
675900,ai0kEteBVGSO30Ocb83ie8uGTsUc07l7gBsrjVeSCKVsGKhzrlxzLPQA1JD6j3+y,1.54884,2.197763,2.999666,0,2591700,24.449213,Interactive,1,1.75
676200,ai0kEteBVGSO30Ocb83ie8uGTsUc07l7gBsrjVeSCKVsGKhzrlxzLPQA1JD6j3+y,1.50973,2.119095,3.76013,0,2591700,24.449213,Interactive,1,1.75
676500,ai0kEteBVGSO30Ocb83ie8uGTsUc07l7gBsrjVeSCKVsGKhzrlxzLPQA1JD6j3+y,1.459071,1.865578,2.991247,0,2591700,24.449213,Interactive,1,1.75
676800,ai0kEteBVGSO30Ocb83ie8uGTsUc07l7gBsrjVeSCKVsGKhzrlxzLPQA1JD6j3+y,1.483565,2.1153,3.429669,0,2591700,24.449213,Interactive,1,1.75
677100,ai0kEteBVGSO30Ocb83ie8uGTsUc07l7gBsrjVeSCKVsGKhzrlxzLPQA1JD6j3+y,1.483747,2.05512,4.060693,0,2591700,24.449213,Interactive,1,1.75
677400,ai0kEteBVGSO30Ocb83ie8uGTsUc07l7gBsrjVeSCKVsGKhzrlxzLPQA1JD6j3+y,1.506134,2.106041,3.457729,0,2591700,24.449213,Interactive,1,1.75
677700,ai0kEteBVGSO30Ocb83ie8uGTsUc07l7gBsrjVeSCKVsGKhzrlxzLPQA1JD6j3+y,1.570174,2.722519,8.920133,0,2591700,24.449213,Interactive,1,1.75
678000,ai0kEteBVGSO30Ocb83ie8uGTsUc07l7gBsrjVeSCKVsGKhzrlxzLPQA1JD6j3+y,1.5006620000000002,1.864646,2.824464,0,2591700,24.449213,Interactive,1,1.75
678300,ai0kEteBVGSO30Ocb83ie8uGTsUc07l7gBsrjVeSCKVsGKhzrlxzLPQA1JD6j3+y,1.510577,2.073201,3.228353,0,2591700,24.449213,Interactive,1,1.75
678600,ai0kEteBVGSO30Ocb83ie8uGTsUc07l7gBsrjVeSCKVsGKhzrlxzLPQA1JD6j3+y,1.4845549999999998,2.133997,3.182398,0,2591700,24.449213,Interactive,1,1.75
678900,ai0kEteBVGSO30Ocb83ie8uGTsUc07l7gBsrjVeSCKVsGKhzrlxzLPQA1JD6j3+y,1.490293,2.153557,4.014997,0,2591700,24.449213,Interactive,1,1.75
679200,ai0kEteBVGSO30Ocb83ie8uGTsUc07l7gBsrjVeSCKVsGKhzrlxzLPQA1JD6j3+y,1.490211,1.990364,2.994707,0,2591700,24.449213,Interactive,1,1.75
679500,ai0kEteBVGSO30Ocb83ie8uGTsUc07l7gBsrjVeSCKVsGKhzrlxzLPQA1JD6j3+y,1.547266,2.222729,3.4818870000000004,0,2591700,24.449213,Interactive,1,1.75
679800,ai0kEteBVGSO30Ocb83ie8uGTsUc07l7gBsrjVeSCKVsGKhzrlxzLPQA1JD6j3+y,1.286214,1.985258,3.945001,0,2591700,24.449213,Interactive,1,1.75
680100,ai0kEteBVGSO30Ocb83ie8uGTsUc07l7gBsrjVeSCKVsGKhzrlxzLPQA1JD6j3+y,1.4836790000000002,2.087096,3.3638800000000004,0,2591700,24.449213,Interactive,1,1.75
680400,ai0kEteBVGSO30Ocb83ie8uGTsUc07l7gBsrjVeSCKVsGKhzrlxzLPQA1JD6j3+y,1.501811,1.975473,3.136073,0,2591700,24.449213,Interactive,1,1.75
680700,ai0kEteBVGSO30Ocb83ie8uGTsUc07l7gBsrjVeSCKVsGKhzrlxzLPQA1JD6j3+y,1.478898,1.977918,2.8074830000000004,0,2591700,24.449213,Interactive,1,1.75
681000,ai0kEteBVGSO30Ocb83ie8uGTsUc07l7gBsrjVeSCKVsGKhzrlxzLPQA1JD6j3+y,1.4952299999999998,2.055002,3.338941,0,2591700,24.449213,Interactive,1,1.75
681300,ai0kEteBVGSO30Ocb83ie8uGTsUc07l7gBsrjVeSCKVsGKhzrlxzLPQA1JD6j3+y,1.288144,2.603421,8.831057000000001,0,2591700,24.449213,Interactive,1,1.75
681600,ai0kEteBVGSO30Ocb83ie8uGTsUc07l7gBsrjVeSCKVsGKhzrlxzLPQA1JD6j3+y,1.482962,2.121591,4.291999,0,2591700,24.449213,Interactive,1,1.75
681900,ai0kEteBVGSO30Ocb83ie8uGTsUc07l7gBsrjVeSCKVsGKhzrlxzLPQA1JD6j3+y,1.472142,2.01682,3.10777,0,2591700,24.449213,Interactive,1,1.75
682200,ai0kEteBVGSO30Ocb83ie8uGTsUc07l7gBsrjVeSCKVsGKhzrlxzLPQA1JD6j3+y,1.477084,2.087325,3.170516,0,2591700,24.449213,Interactive,1,1.75
682500,ai0kEteBVGSO30Ocb83ie8uGTsUc07l7gBsrjVeSCKVsGKhzrlxzLPQA1JD6j3+y,1.482517,2.078478,4.266504,0,2591700,24.449213,Interactive,1,1.75
682800,ai0kEteBVGSO30Ocb83ie8uGTsUc07l7gBsrjVeSCKVsGKhzrlxzLPQA1JD6j3+y,1.454644,2.0318810000000003,3.231434,0,2591700,24.449213,Interactive,1,1.75
683100,ai0kEteBVGSO30Ocb83ie8uGTsUc07l7gBsrjVeSCKVsGKhzrlxzLPQA1JD6j3+y,1.145934,1.913644,3.132141,0,2591700,24.449213,Interactive,1,1.75
683400,ai0kEteBVGSO30Ocb83ie8uGTsUc07l7gBsrjVeSCKVsGKhzrlxzLPQA1JD6j3+y,1.470067,1.951017,3.167877,0,2591700,24.449213,Interactive,1,1.75
683700,ai0kEteBVGSO30Ocb83ie8uGTsUc07l7gBsrjVeSCKVsGKhzrlxzLPQA1JD6j3+y,1.4816129999999998,2.095535,3.369651,0,2591700,24.449213,Interactive,1,1.75
684000,ai0kEteBVGSO30Ocb83ie8uGTsUc07l7gBsrjVeSCKVsGKhzrlxzLPQA1JD6j3+y,1.491228,2.130657,3.202566,0,2591700,24.449213,Interactive,1,1.75
684300,ai0kEteBVGSO30Ocb83ie8uGTsUc07l7gBsrjVeSCKVsGKhzrlxzLPQA1JD6j3+y,1.601675,2.231422,4.318447,0,2591700,24.449213,Interactive,1,1.75
684600,ai0kEteBVGSO30Ocb83ie8uGTsUc07l7gBsrjVeSCKVsGKhzrlxzLPQA1JD6j3+y,1.432254,4.539136,13.188237,0,2591700,24.449213,Interactive,1,1.75
684900,ai0kEteBVGSO30Ocb83ie8uGTsUc07l7gBsrjVeSCKVsGKhzrlxzLPQA1JD6j3+y,1.549182,2.965159,8.963318,0,2591700,24.449213,Interactive,1,1.75
685200,ai0kEteBVGSO30Ocb83ie8uGTsUc07l7gBsrjVeSCKVsGKhzrlxzLPQA1JD6j3+y,1.506927,4.046169,22.72121,0,2591700,24.449213,Interactive,1,1.75
685500,ai0kEteBVGSO30Ocb83ie8uGTsUc07l7gBsrjVeSCKVsGKhzrlxzLPQA1JD6j3+y,1.745261,11.565084,51.198065,0,2591700,24.449213,Interactive,1,1.75
685800,ai0kEteBVGSO30Ocb83ie8uGTsUc07l7gBsrjVeSCKVsGKhzrlxzLPQA1JD6j3+y,1.51821,3.2827040000000003,13.008581,0,2591700,24.449213,Interactive,1,1.75
686100,ai0kEteBVGSO30Ocb83ie8uGTsUc07l7gBsrjVeSCKVsGKhzrlxzLPQA1JD6j3+y,1.434138,2.100303,3.168256,0,2591700,24.449213,Interactive,1,1.75
686400,ai0kEteBVGSO30Ocb83ie8uGTsUc07l7gBsrjVeSCKVsGKhzrlxzLPQA1JD6j3+y,1.533783,2.245251,3.170626,0,2591700,24.449213,Interactive,1,1.75
686700,ai0kEteBVGSO30Ocb83ie8uGTsUc07l7gBsrjVeSCKVsGKhzrlxzLPQA1JD6j3+y,1.421193,2.072791,3.257765,0,2591700,24.449213,Interactive,1,1.75
687000,ai0kEteBVGSO30Ocb83ie8uGTsUc07l7gBsrjVeSCKVsGKhzrlxzLPQA1JD6j3+y,1.49655,2.139435,4.007984,0,2591700,24.449213,Interactive,1,1.75
687300,ai0kEteBVGSO30Ocb83ie8uGTsUc07l7gBsrjVeSCKVsGKhzrlxzLPQA1JD6j3+y,1.4880950000000002,2.2585740000000003,3.327456,0,2591700,24.449213,Interactive,1,1.75
687600,ai0kEteBVGSO30Ocb83ie8uGTsUc07l7gBsrjVeSCKVsGKhzrlxzLPQA1JD6j3+y,1.482641,2.094123,3.135137,0,2591700,24.449213,Interactive,1,1.75
687900,ai0kEteBVGSO30Ocb83ie8uGTsUc07l7gBsrjVeSCKVsGKhzrlxzLPQA1JD6j3+y,1.50284,2.067388,3.358303,0,2591700,24.449213,Interactive,1,1.75
688200,ai0kEteBVGSO30Ocb83ie8uGTsUc07l7gBsrjVeSCKVsGKhzrlxzLPQA1JD6j3+y,1.478181,2.107308,3.098749,0,2591700,24.449213,Interactive,1,1.75
688500,ai0kEteBVGSO30Ocb83ie8uGTsUc07l7gBsrjVeSCKVsGKhzrlxzLPQA1JD6j3+y,1.492773,2.542576,8.8513,0,2591700,24.449213,Interactive,1,1.75
688800,ai0kEteBVGSO30Ocb83ie8uGTsUc07l7gBsrjVeSCKVsGKhzrlxzLPQA1JD6j3+y,1.460805,2.06996,3.112211,0,2591700,24.449213,Interactive,1,1.75
689100,ai0kEteBVGSO30Ocb83ie8uGTsUc07l7gBsrjVeSCKVsGKhzrlxzLPQA1JD6j3+y,1.310608,2.068344,3.114341,0,2591700,24.449213,Interactive,1,1.75
689400,ai0kEteBVGSO30Ocb83ie8uGTsUc07l7gBsrjVeSCKVsGKhzrlxzLPQA1JD6j3+y,1.092069,1.978804,3.5602160000000005,0,2591700,24.449213,Interactive,1,1.75
689700,ai0kEteBVGSO30Ocb83ie8uGTsUc07l7gBsrjVeSCKVsGKhzrlxzLPQA1JD6j3+y,1.491519,2.026332,3.197308,0,2591700,24.449213,Interactive,1,1.75
690000,ai0kEteBVGSO30Ocb83ie8uGTsUc07l7gBsrjVeSCKVsGKhzrlxzLPQA1JD6j3+y,1.021849,1.992096,3.115978,0,2591700,24.449213,Interactive,1,1.75
690300,ai0kEteBVGSO30Ocb83ie8uGTsUc07l7gBsrjVeSCKVsGKhzrlxzLPQA1JD6j3+y,1.602642,2.188341,3.98701,0,2591700,24.449213,Interactive,1,1.75
690600,ai0kEteBVGSO30Ocb83ie8uGTsUc07l7gBsrjVeSCKVsGKhzrlxzLPQA1JD6j3+y,1.351437,1.845479,3.02536,0,2591700,24.449213,Interactive,1,1.75
690900,ai0kEteBVGSO30Ocb83ie8uGTsUc07l7gBsrjVeSCKVsGKhzrlxzLPQA1JD6j3+y,1.573223,2.168851,3.0674240000000004,0,2591700,24.449213,Interactive,1,1.75
