timestamp,vm_id,min_cpu,max_cpu,avg_cpu,timestamp vm created,timestamp vm deleted,p95 max cpu,vm_category,vm virtual core count,vm memory (gb)
0,Ztly4IlziLkv/WCAorNWvE1HjN/3TqHmRGZsrNn24u0uuxkPbMoJLj66QFmYkHbu,3.92239,6.518657,7.891306,0,2591700,18.680499,Interactive,1,1.75
300,Ztly4IlziLkv/WCAorNWvE1HjN/3TqHmRGZsrNn24u0uuxkPbMoJLj66QFmYkHbu,6.151678,6.804169,8.107617999999999,0,2591700,18.680499,Interactive,1,1.75
600,Ztly4IlziLkv/WCAorNWvE1HjN/3TqHmRGZsrNn24u0uuxkPbMoJLj66QFmYkHbu,6.127716,7.318053999999999,13.192147,0,2591700,18.680499,Interactive,1,1.75
900,Ztly4IlziLkv/WCAorNWvE1HjN/3TqHmRGZsrNn24u0uuxkPbMoJLj66QFmYkHbu,6.451379,6.945810000000001,7.889931,0,2591700,18.680499,Interactive,1,1.75
1200,Ztly4IlziLkv/WCAorNWvE1HjN/3TqHmRGZsrNn24u0uuxkPbMoJLj66QFmYkHbu,5.070625,8.619255,26.615791,0,2591700,18.680499,Interactive,1,1.75
1500,Ztly4IlziLkv/WCAorNWvE1HjN/3TqHmRGZsrNn24u0uuxkPbMoJLj66QFmYkHbu,6.127579,6.886411,8.362179,0,2591700,18.680499,Interactive,1,1.75
1800,Ztly4IlziLkv/WCAorNWvE1HjN/3TqHmRGZsrNn24u0uuxkPbMoJLj66QFmYkHbu,3.891297,6.42055,7.129066000000001,0,2591700,18.680499,Interactive,1,1.75
2100,Ztly4IlziLkv/WCAorNWvE1HjN/3TqHmRGZsrNn24u0uuxkPbMoJLj66QFmYkHbu,3.127827,6.335451,7.424717999999999,0,2591700,18.680499,Interactive,1,1.75
2400,Ztly4IlziLkv/WCAorNWvE1HjN/3TqHmRGZsrNn24u0uuxkPbMoJLj66QFmYkHbu,6.121023999999999,6.71775,7.605192999999999,0,2591700,18.680499,Interactive,1,1.75
2700,Ztly4IlziLkv/WCAorNWvE1HjN/3TqHmRGZsrNn24u0uuxkPbMoJLj66QFmYkHbu,4.735261,6.513417,7.604816,0,2591700,18.680499,Interactive,1,1.75
3000,Ztly4IlziLkv/WCAorNWvE1HjN/3TqHmRGZsrNn24u0uuxkPbMoJLj66QFmYkHbu,6.192634,6.708192,7.34498,0,2591700,18.680499,Interactive,1,1.75
3300,Ztly4IlziLkv/WCAorNWvE1HjN/3TqHmRGZsrNn24u0uuxkPbMoJLj66QFmYkHbu,6.09801,7.11884,11.89417,0,2591700,18.680499,Interactive,1,1.75
3600,Ztly4IlziLkv/WCAorNWvE1HjN/3TqHmRGZsrNn24u0uuxkPbMoJLj66QFmYkHbu,6.250378,6.794999000000001,7.696409,0,2591700,18.680499,Interactive,1,1.75
3900,Ztly4IlziLkv/WCAorNWvE1HjN/3TqHmRGZsrNn24u0uuxkPbMoJLj66QFmYkHbu,4.121666,6.390568,7.254553,0,2591700,18.680499,Interactive,1,1.75
4200,Ztly4IlziLkv/WCAorNWvE1HjN/3TqHmRGZsrNn24u0uuxkPbMoJLj66QFmYkHbu,6.08165,6.681472,7.730647999999999,0,2591700,18.680499,Interactive,1,1.75
4500,Ztly4IlziLkv/WCAorNWvE1HjN/3TqHmRGZsrNn24u0uuxkPbMoJLj66QFmYkHbu,2.763236,6.247798,7.166909,0,2591700,18.680499,Interactive,1,1.75
4800,Ztly4IlziLkv/WCAorNWvE1HjN/3TqHmRGZsrNn24u0uuxkPbMoJLj66QFmYkHbu,3.212202,9.039407,32.857768,0,2591700,18.680499,Interactive,1,1.75
5100,Ztly4IlziLkv/WCAorNWvE1HjN/3TqHmRGZsrNn24u0uuxkPbMoJLj66QFmYkHbu,6.053664,6.790525,8.25658,0,2591700,18.680499,Interactive,1,1.75
5400,Ztly4IlziLkv/WCAorNWvE1HjN/3TqHmRGZsrNn24u0uuxkPbMoJLj66QFmYkHbu,6.2421940000000005,9.0873,29.723801,0,2591700,18.680499,Interactive,1,1.75
5700,Ztly4IlziLkv/WCAorNWvE1HjN/3TqHmRGZsrNn24u0uuxkPbMoJLj66QFmYkHbu,6.181733,7.046466000000001,9.606422,0,2591700,18.680499,Interactive,1,1.75
6000,Ztly4IlziLkv/WCAorNWvE1HjN/3TqHmRGZsrNn24u0uuxkPbMoJLj66QFmYkHbu,6.0309800000000005,7.218942,11.995832,0,2591700,18.680499,Interactive,1,1.75
6300,Ztly4IlziLkv/WCAorNWvE1HjN/3TqHmRGZsrNn24u0uuxkPbMoJLj66QFmYkHbu,6.231091999999999,6.812784,7.846952000000001,0,2591700,18.680499,Interactive,1,1.75
6600,Ztly4IlziLkv/WCAorNWvE1HjN/3TqHmRGZsrNn24u0uuxkPbMoJLj66QFmYkHbu,4.234555,6.532759,7.990464,0,2591700,18.680499,Interactive,1,1.75
6900,Ztly4IlziLkv/WCAorNWvE1HjN/3TqHmRGZsrNn24u0uuxkPbMoJLj66QFmYkHbu,6.108438,6.667142,7.784891,0,2591700,18.680499,Interactive,1,1.75
7200,Ztly4IlziLkv/WCAorNWvE1HjN/3TqHmRGZsrNn24u0uuxkPbMoJLj66QFmYkHbu,3.032016,6.587313000000001,8.071304,0,2591700,18.680499,Interactive,1,1.75
7500,Ztly4IlziLkv/WCAorNWvE1HjN/3TqHmRGZsrNn24u0uuxkPbMoJLj66QFmYkHbu,5.980849,6.889153,8.622866,0,2591700,18.680499,Interactive,1,1.75
7800,Ztly4IlziLkv/WCAorNWvE1HjN/3TqHmRGZsrNn24u0uuxkPbMoJLj66QFmYkHbu,6.198315,6.744917999999999,7.53308,0,2591700,18.680499,Interactive,1,1.75
8100,Ztly4IlziLkv/WCAorNWvE1HjN/3TqHmRGZsrNn24u0uuxkPbMoJLj66QFmYkHbu,3.991242,6.557155000000001,8.214442,0,2591700,18.680499,Interactive,1,1.75
8400,Ztly4IlziLkv/WCAorNWvE1HjN/3TqHmRGZsrNn24u0uuxkPbMoJLj66QFmYkHbu,6.15065,9.319216,32.089035,0,2591700,18.680499,Interactive,1,1.75
8700,Ztly4IlziLkv/WCAorNWvE1HjN/3TqHmRGZsrNn24u0uuxkPbMoJLj66QFmYkHbu,5.983358,7.302964999999999,12.361348,0,2591700,18.680499,Interactive,1,1.75
9000,Ztly4IlziLkv/WCAorNWvE1HjN/3TqHmRGZsrNn24u0uuxkPbMoJLj66QFmYkHbu,6.219232,6.781545,7.801522,0,2591700,18.680499,Interactive,1,1.75
9300,Ztly4IlziLkv/WCAorNWvE1HjN/3TqHmRGZsrNn24u0uuxkPbMoJLj66QFmYkHbu,3.32885,6.286497,7.444246000000001,0,2591700,18.680499,Interactive,1,1.75
9600,Ztly4IlziLkv/WCAorNWvE1HjN/3TqHmRGZsrNn24u0uuxkPbMoJLj66QFmYkHbu,6.268711,6.718161,7.932197,0,2591700,18.680499,Interactive,1,1.75
9900,Ztly4IlziLkv/WCAorNWvE1HjN/3TqHmRGZsrNn24u0uuxkPbMoJLj66QFmYkHbu,3.221641,6.262275,7.210424000000001,0,2591700,18.680499,Interactive,1,1.75
10200,Ztly4IlziLkv/WCAorNWvE1HjN/3TqHmRGZsrNn24u0uuxkPbMoJLj66QFmYkHbu,4.452086,6.561572999999999,7.493478,0,2591700,18.680499,Interactive,1,1.75
10500,Ztly4IlziLkv/WCAorNWvE1HjN/3TqHmRGZsrNn24u0uuxkPbMoJLj66QFmYkHbu,6.179867,6.724268,7.595505,0,2591700,18.680499,Interactive,1,1.75
10800,Ztly4IlziLkv/WCAorNWvE1HjN/3TqHmRGZsrNn24u0uuxkPbMoJLj66QFmYkHbu,5.621281,7.217071000000001,11.580784,0,2591700,18.680499,Interactive,1,1.75
11100,Ztly4IlziLkv/WCAorNWvE1HjN/3TqHmRGZsrNn24u0uuxkPbMoJLj66QFmYkHbu,6.040214,6.731300999999999,7.967095,0,2591700,18.680499,Interactive,1,1.75
11400,Ztly4IlziLkv/WCAorNWvE1HjN/3TqHmRGZsrNn24u0uuxkPbMoJLj66QFmYkHbu,6.009151,8.645724000000001,27.692397,0,2591700,18.680499,Interactive,1,1.75
11700,Ztly4IlziLkv/WCAorNWvE1HjN/3TqHmRGZsrNn24u0uuxkPbMoJLj66QFmYkHbu,6.22499,6.834297,7.733169,0,2591700,18.680499,Interactive,1,1.75
12000,Ztly4IlziLkv/WCAorNWvE1HjN/3TqHmRGZsrNn24u0uuxkPbMoJLj66QFmYkHbu,5.260511,11.337085,39.456448,0,2591700,18.680499,Interactive,1,1.75
12300,Ztly4IlziLkv/WCAorNWvE1HjN/3TqHmRGZsrNn24u0uuxkPbMoJLj66QFmYkHbu,6.192392,6.7618100000000005,8.328068,0,2591700,18.680499,Interactive,1,1.75
12600,Ztly4IlziLkv/WCAorNWvE1HjN/3TqHmRGZsrNn24u0uuxkPbMoJLj66QFmYkHbu,6.113685,10.323853,44.246597,0,2591700,18.680499,Interactive,1,1.75
12900,Ztly4IlziLkv/WCAorNWvE1HjN/3TqHmRGZsrNn24u0uuxkPbMoJLj66QFmYkHbu,6.099897,10.322416,43.970225,0,2591700,18.680499,Interactive,1,1.75
13200,Ztly4IlziLkv/WCAorNWvE1HjN/3TqHmRGZsrNn24u0uuxkPbMoJLj66QFmYkHbu,4.639926,6.483412,7.490841,0,2591700,18.680499,Interactive,1,1.75
13500,Ztly4IlziLkv/WCAorNWvE1HjN/3TqHmRGZsrNn24u0uuxkPbMoJLj66QFmYkHbu,4.952594,9.6689,38.201757,0,2591700,18.680499,Interactive,1,1.75
13800,Ztly4IlziLkv/WCAorNWvE1HjN/3TqHmRGZsrNn24u0uuxkPbMoJLj66QFmYkHbu,6.094606,6.742230999999999,7.705647,0,2591700,18.680499,Interactive,1,1.75
14100,Ztly4IlziLkv/WCAorNWvE1HjN/3TqHmRGZsrNn24u0uuxkPbMoJLj66QFmYkHbu,4.957427,9.152835,33.347373,0,2591700,18.680499,Interactive,1,1.75
14400,Ztly4IlziLkv/WCAorNWvE1HjN/3TqHmRGZsrNn24u0uuxkPbMoJLj66QFmYkHbu,6.257718,6.863906,7.740002,0,2591700,18.680499,Interactive,1,1.75
14700,Ztly4IlziLkv/WCAorNWvE1HjN/3TqHmRGZsrNn24u0uuxkPbMoJLj66QFmYkHbu,5.338075,8.663587,29.004082,0,2591700,18.680499,Interactive,1,1.75
15000,Ztly4IlziLkv/WCAorNWvE1HjN/3TqHmRGZsrNn24u0uuxkPbMoJLj66QFmYkHbu,6.046707,6.807098,7.665159,0,2591700,18.680499,Interactive,1,1.75
15300,Ztly4IlziLkv/WCAorNWvE1HjN/3TqHmRGZsrNn24u0uuxkPbMoJLj66QFmYkHbu,3.451467,6.35077,8.145386,0,2591700,18.680499,Interactive,1,1.75
15600,Ztly4IlziLkv/WCAorNWvE1HjN/3TqHmRGZsrNn24u0uuxkPbMoJLj66QFmYkHbu,4.464195,8.965146,32.254940000000005,0,2591700,18.680499,Interactive,1,1.75
15900,Ztly4IlziLkv/WCAorNWvE1HjN/3TqHmRGZsrNn24u0uuxkPbMoJLj66QFmYkHbu,6.150116000000001,6.994546000000001,8.278159,0,2591700,18.680499,Interactive,1,1.75
16200,Ztly4IlziLkv/WCAorNWvE1HjN/3TqHmRGZsrNn24u0uuxkPbMoJLj66QFmYkHbu,4.3156870000000005,6.638508,8.628323,0,2591700,18.680499,Interactive,1,1.75
16500,Ztly4IlziLkv/WCAorNWvE1HjN/3TqHmRGZsrNn24u0uuxkPbMoJLj66QFmYkHbu,6.165294,6.640669,7.730732000000001,0,2591700,18.680499,Interactive,1,1.75
16800,Ztly4IlziLkv/WCAorNWvE1HjN/3TqHmRGZsrNn24u0uuxkPbMoJLj66QFmYkHbu,3.963962,6.466862,7.628788,0,2591700,18.680499,Interactive,1,1.75
17100,Ztly4IlziLkv/WCAorNWvE1HjN/3TqHmRGZsrNn24u0uuxkPbMoJLj66QFmYkHbu,6.129364,6.737535,8.401228,0,2591700,18.680499,Interactive,1,1.75
17400,Ztly4IlziLkv/WCAorNWvE1HjN/3TqHmRGZsrNn24u0uuxkPbMoJLj66QFmYkHbu,3.4699660000000003,6.346627,7.588286999999999,0,2591700,18.680499,Interactive,1,1.75
17700,Ztly4IlziLkv/WCAorNWvE1HjN/3TqHmRGZsrNn24u0uuxkPbMoJLj66QFmYkHbu,6.101872,6.7101,8.061709,0,2591700,18.680499,Interactive,1,1.75
18000,Ztly4IlziLkv/WCAorNWvE1HjN/3TqHmRGZsrNn24u0uuxkPbMoJLj66QFmYkHbu,4.12787,6.569172,8.242744,0,2591700,18.680499,Interactive,1,1.75
18300,Ztly4IlziLkv/WCAorNWvE1HjN/3TqHmRGZsrNn24u0uuxkPbMoJLj66QFmYkHbu,3.209292,6.3651,8.082673,0,2591700,18.680499,Interactive,1,1.75
18600,Ztly4IlziLkv/WCAorNWvE1HjN/3TqHmRGZsrNn24u0uuxkPbMoJLj66QFmYkHbu,6.0333120000000005,6.776441,7.655419,0,2591700,18.680499,Interactive,1,1.75
18900,Ztly4IlziLkv/WCAorNWvE1HjN/3TqHmRGZsrNn24u0uuxkPbMoJLj66QFmYkHbu,4.138826,6.489346,7.681864999999999,0,2591700,18.680499,Interactive,1,1.75
19200,Ztly4IlziLkv/WCAorNWvE1HjN/3TqHmRGZsrNn24u0uuxkPbMoJLj66QFmYkHbu,6.152694,9.208212,33.525662,0,2591700,18.680499,Interactive,1,1.75
19500,Ztly4IlziLkv/WCAorNWvE1HjN/3TqHmRGZsrNn24u0uuxkPbMoJLj66QFmYkHbu,3.302602,6.459048999999999,9.271906,0,2591700,18.680499,Interactive,1,1.75
19800,Ztly4IlziLkv/WCAorNWvE1HjN/3TqHmRGZsrNn24u0uuxkPbMoJLj66QFmYkHbu,6.077808999999999,7.521392,11.391115,0,2591700,18.680499,Interactive,1,1.75
20100,Ztly4IlziLkv/WCAorNWvE1HjN/3TqHmRGZsrNn24u0uuxkPbMoJLj66QFmYkHbu,3.265271,6.198866000000001,6.973166,0,2591700,18.680499,Interactive,1,1.75
20400,Ztly4IlziLkv/WCAorNWvE1HjN/3TqHmRGZsrNn24u0uuxkPbMoJLj66QFmYkHbu,6.218125,6.918452,7.768026,0,2591700,18.680499,Interactive,1,1.75
20700,Ztly4IlziLkv/WCAorNWvE1HjN/3TqHmRGZsrNn24u0uuxkPbMoJLj66QFmYkHbu,3.371578,6.4424410000000005,7.672992999999999,0,2591700,18.680499,Interactive,1,1.75
21000,Ztly4IlziLkv/WCAorNWvE1HjN/3TqHmRGZsrNn24u0uuxkPbMoJLj66QFmYkHbu,5.166528,6.919039,10.131171,0,2591700,18.680499,Interactive,1,1.75
21300,Ztly4IlziLkv/WCAorNWvE1HjN/3TqHmRGZsrNn24u0uuxkPbMoJLj66QFmYkHbu,6.226456,6.736528,7.83644,0,2591700,18.680499,Interactive,1,1.75
21600,Ztly4IlziLkv/WCAorNWvE1HjN/3TqHmRGZsrNn24u0uuxkPbMoJLj66QFmYkHbu,3.3990690000000003,6.519331,7.878242999999999,0,2591700,18.680499,Interactive,1,1.75
21900,Ztly4IlziLkv/WCAorNWvE1HjN/3TqHmRGZsrNn24u0uuxkPbMoJLj66QFmYkHbu,6.112431,6.655651,8.047659,0,2591700,18.680499,Interactive,1,1.75
22200,Ztly4IlziLkv/WCAorNWvE1HjN/3TqHmRGZsrNn24u0uuxkPbMoJLj66QFmYkHbu,6.090331,6.672408,7.713634,0,2591700,18.680499,Interactive,1,1.75
22500,Ztly4IlziLkv/WCAorNWvE1HjN/3TqHmRGZsrNn24u0uuxkPbMoJLj66QFmYkHbu,6.064446,6.6554850000000005,7.722571,0,2591700,18.680499,Interactive,1,1.75
22800,Ztly4IlziLkv/WCAorNWvE1HjN/3TqHmRGZsrNn24u0uuxkPbMoJLj66QFmYkHbu,6.105784,15.916138,95.682617,0,2591700,18.680499,Interactive,1,1.75
23100,Ztly4IlziLkv/WCAorNWvE1HjN/3TqHmRGZsrNn24u0uuxkPbMoJLj66QFmYkHbu,6.205262,6.96217,9.310381,0,2591700,18.680499,Interactive,1,1.75
23400,Ztly4IlziLkv/WCAorNWvE1HjN/3TqHmRGZsrNn24u0uuxkPbMoJLj66QFmYkHbu,3.900011,6.5071900000000005,7.839065,0,2591700,18.680499,Interactive,1,1.75
23700,Ztly4IlziLkv/WCAorNWvE1HjN/3TqHmRGZsrNn24u0uuxkPbMoJLj66QFmYkHbu,3.319935,6.394743,8.162996000000001,0,2591700,18.680499,Interactive,1,1.75
24000,Ztly4IlziLkv/WCAorNWvE1HjN/3TqHmRGZsrNn24u0uuxkPbMoJLj66QFmYkHbu,6.188699,6.759188000000001,7.751643,0,2591700,18.680499,Interactive,1,1.75
24300,Ztly4IlziLkv/WCAorNWvE1HjN/3TqHmRGZsrNn24u0uuxkPbMoJLj66QFmYkHbu,3.171375,6.424211,8.35678,0,2591700,18.680499,Interactive,1,1.75
24600,Ztly4IlziLkv/WCAorNWvE1HjN/3TqHmRGZsrNn24u0uuxkPbMoJLj66QFmYkHbu,6.165343,6.722944999999999,8.166091999999999,0,2591700,18.680499,Interactive,1,1.75
24900,Ztly4IlziLkv/WCAorNWvE1HjN/3TqHmRGZsrNn24u0uuxkPbMoJLj66QFmYkHbu,3.936012,6.452995,7.086344,0,2591700,18.680499,Interactive,1,1.75
25200,Ztly4IlziLkv/WCAorNWvE1HjN/3TqHmRGZsrNn24u0uuxkPbMoJLj66QFmYkHbu,6.091665,6.733358,7.507248,0,2591700,18.680499,Interactive,1,1.75
25500,Ztly4IlziLkv/WCAorNWvE1HjN/3TqHmRGZsrNn24u0uuxkPbMoJLj66QFmYkHbu,4.17464,6.383902,7.555986999999999,0,2591700,18.680499,Interactive,1,1.75
25800,Ztly4IlziLkv/WCAorNWvE1HjN/3TqHmRGZsrNn24u0uuxkPbMoJLj66QFmYkHbu,6.124783,6.696528999999999,7.259433,0,2591700,18.680499,Interactive,1,1.75
26100,Ztly4IlziLkv/WCAorNWvE1HjN/3TqHmRGZsrNn24u0uuxkPbMoJLj66QFmYkHbu,3.604263,6.665975,8.217234,0,2591700,18.680499,Interactive,1,1.75
26400,Ztly4IlziLkv/WCAorNWvE1HjN/3TqHmRGZsrNn24u0uuxkPbMoJLj66QFmYkHbu,3.68234,9.011779,32.945179,0,2591700,18.680499,Interactive,1,1.75
26700,Ztly4IlziLkv/WCAorNWvE1HjN/3TqHmRGZsrNn24u0uuxkPbMoJLj66QFmYkHbu,5.956392,6.862916,8.309985000000001,0,2591700,18.680499,Interactive,1,1.75
27000,Ztly4IlziLkv/WCAorNWvE1HjN/3TqHmRGZsrNn24u0uuxkPbMoJLj66QFmYkHbu,2.971981,6.430427,8.006136999999999,0,2591700,18.680499,Interactive,1,1.75
27300,Ztly4IlziLkv/WCAorNWvE1HjN/3TqHmRGZsrNn24u0uuxkPbMoJLj66QFmYkHbu,6.024483999999999,6.700832000000001,7.498385000000001,0,2591700,18.680499,Interactive,1,1.75
27600,Ztly4IlziLkv/WCAorNWvE1HjN/3TqHmRGZsrNn24u0uuxkPbMoJLj66QFmYkHbu,3.489139,6.37012,7.351055000000001,0,2591700,18.680499,Interactive,1,1.75
27900,Ztly4IlziLkv/WCAorNWvE1HjN/3TqHmRGZsrNn24u0uuxkPbMoJLj66QFmYkHbu,6.243025,6.762811999999999,7.600208999999999,0,2591700,18.680499,Interactive,1,1.75
28200,Ztly4IlziLkv/WCAorNWvE1HjN/3TqHmRGZsrNn24u0uuxkPbMoJLj66QFmYkHbu,5.744788,6.561349000000001,7.713361999999999,0,2591700,18.680499,Interactive,1,1.75
28500,Ztly4IlziLkv/WCAorNWvE1HjN/3TqHmRGZsrNn24u0uuxkPbMoJLj66QFmYkHbu,6.189799,6.760826,7.311043,0,2591700,18.680499,Interactive,1,1.75
28800,Ztly4IlziLkv/WCAorNWvE1HjN/3TqHmRGZsrNn24u0uuxkPbMoJLj66QFmYkHbu,3.027618,6.45445,8.138442999999999,0,2591700,18.680499,Interactive,1,1.75
29100,Ztly4IlziLkv/WCAorNWvE1HjN/3TqHmRGZsrNn24u0uuxkPbMoJLj66QFmYkHbu,3.040413,6.3495610000000005,7.518024,0,2591700,18.680499,Interactive,1,1.75
29400,Ztly4IlziLkv/WCAorNWvE1HjN/3TqHmRGZsrNn24u0uuxkPbMoJLj66QFmYkHbu,6.096273,6.8174850000000005,7.289898,0,2591700,18.680499,Interactive,1,1.75
29700,Ztly4IlziLkv/WCAorNWvE1HjN/3TqHmRGZsrNn24u0uuxkPbMoJLj66QFmYkHbu,5.078153,6.637273,7.689260000000001,0,2591700,18.680499,Interactive,1,1.75
30000,Ztly4IlziLkv/WCAorNWvE1HjN/3TqHmRGZsrNn24u0uuxkPbMoJLj66QFmYkHbu,6.032851,9.254998,32.805332,0,2591700,18.680499,Interactive,1,1.75
30300,Ztly4IlziLkv/WCAorNWvE1HjN/3TqHmRGZsrNn24u0uuxkPbMoJLj66QFmYkHbu,5.931003,6.861553,8.787953,0,2591700,18.680499,Interactive,1,1.75
30600,Ztly4IlziLkv/WCAorNWvE1HjN/3TqHmRGZsrNn24u0uuxkPbMoJLj66QFmYkHbu,6.048085,6.773841,8.036303,0,2591700,18.680499,Interactive,1,1.75
30900,Ztly4IlziLkv/WCAorNWvE1HjN/3TqHmRGZsrNn24u0uuxkPbMoJLj66QFmYkHbu,6.417791,7.502426,14.220167000000002,0,2591700,18.680499,Interactive,1,1.75
31200,Ztly4IlziLkv/WCAorNWvE1HjN/3TqHmRGZsrNn24u0uuxkPbMoJLj66QFmYkHbu,6.188813,6.809403,7.409422999999999,0,2591700,18.680499,Interactive,1,1.75
31500,Ztly4IlziLkv/WCAorNWvE1HjN/3TqHmRGZsrNn24u0uuxkPbMoJLj66QFmYkHbu,6.035814,6.729083,8.308133999999999,0,2591700,18.680499,Interactive,1,1.75
31800,Ztly4IlziLkv/WCAorNWvE1HjN/3TqHmRGZsrNn24u0uuxkPbMoJLj66QFmYkHbu,6.133535,6.762391,8.836834,0,2591700,18.680499,Interactive,1,1.75
32100,Ztly4IlziLkv/WCAorNWvE1HjN/3TqHmRGZsrNn24u0uuxkPbMoJLj66QFmYkHbu,5.7729,6.749071000000001,7.824723,0,2591700,18.680499,Interactive,1,1.75
32400,Ztly4IlziLkv/WCAorNWvE1HjN/3TqHmRGZsrNn24u0uuxkPbMoJLj66QFmYkHbu,5.884864,6.665601,8.932332,0,2591700,18.680499,Interactive,1,1.75
32700,Ztly4IlziLkv/WCAorNWvE1HjN/3TqHmRGZsrNn24u0uuxkPbMoJLj66QFmYkHbu,6.108765,6.650531,8.223431,0,2591700,18.680499,Interactive,1,1.75
33000,Ztly4IlziLkv/WCAorNWvE1HjN/3TqHmRGZsrNn24u0uuxkPbMoJLj66QFmYkHbu,6.040312,6.614982,7.817527,0,2591700,18.680499,Interactive,1,1.75
33300,Ztly4IlziLkv/WCAorNWvE1HjN/3TqHmRGZsrNn24u0uuxkPbMoJLj66QFmYkHbu,5.953825,6.7285960000000005,8.505243,0,2591700,18.680499,Interactive,1,1.75
33600,Ztly4IlziLkv/WCAorNWvE1HjN/3TqHmRGZsrNn24u0uuxkPbMoJLj66QFmYkHbu,5.060065,9.26712,23.892102,0,2591700,18.680499,Interactive,1,1.75
33900,Ztly4IlziLkv/WCAorNWvE1HjN/3TqHmRGZsrNn24u0uuxkPbMoJLj66QFmYkHbu,6.073279,6.939946000000001,9.043867,0,2591700,18.680499,Interactive,1,1.75
34200,Ztly4IlziLkv/WCAorNWvE1HjN/3TqHmRGZsrNn24u0uuxkPbMoJLj66QFmYkHbu,5.515459,6.697177000000001,8.729375,0,2591700,18.680499,Interactive,1,1.75
34500,Ztly4IlziLkv/WCAorNWvE1HjN/3TqHmRGZsrNn24u0uuxkPbMoJLj66QFmYkHbu,4.264424,6.51919,8.392511,0,2591700,18.680499,Interactive,1,1.75
34800,Ztly4IlziLkv/WCAorNWvE1HjN/3TqHmRGZsrNn24u0uuxkPbMoJLj66QFmYkHbu,5.901326,6.824439999999999,7.962517999999999,0,2591700,18.680499,Interactive,1,1.75
35100,Ztly4IlziLkv/WCAorNWvE1HjN/3TqHmRGZsrNn24u0uuxkPbMoJLj66QFmYkHbu,6.244039,6.771877000000001,8.638958,0,2591700,18.680499,Interactive,1,1.75
35400,Ztly4IlziLkv/WCAorNWvE1HjN/3TqHmRGZsrNn24u0uuxkPbMoJLj66QFmYkHbu,6.362195,7.224694,11.084818,0,2591700,18.680499,Interactive,1,1.75
35700,Ztly4IlziLkv/WCAorNWvE1HjN/3TqHmRGZsrNn24u0uuxkPbMoJLj66QFmYkHbu,4.474462,6.368303,7.357756,0,2591700,18.680499,Interactive,1,1.75
36000,Ztly4IlziLkv/WCAorNWvE1HjN/3TqHmRGZsrNn24u0uuxkPbMoJLj66QFmYkHbu,6.150656,6.770841000000001,8.82065,0,2591700,18.680499,Interactive,1,1.75
36300,Ztly4IlziLkv/WCAorNWvE1HjN/3TqHmRGZsrNn24u0uuxkPbMoJLj66QFmYkHbu,2.919539,6.366923,7.630839,0,2591700,18.680499,Interactive,1,1.75
36600,Ztly4IlziLkv/WCAorNWvE1HjN/3TqHmRGZsrNn24u0uuxkPbMoJLj66QFmYkHbu,6.0558190000000005,6.856381,7.665518,0,2591700,18.680499,Interactive,1,1.75
36900,Ztly4IlziLkv/WCAorNWvE1HjN/3TqHmRGZsrNn24u0uuxkPbMoJLj66QFmYkHbu,3.077135,6.382164,8.451855,0,2591700,18.680499,Interactive,1,1.75
37200,Ztly4IlziLkv/WCAorNWvE1HjN/3TqHmRGZsrNn24u0uuxkPbMoJLj66QFmYkHbu,4.9810620000000005,9.317298,33.087459,0,2591700,18.680499,Interactive,1,1.75
37500,Ztly4IlziLkv/WCAorNWvE1HjN/3TqHmRGZsrNn24u0uuxkPbMoJLj66QFmYkHbu,5.910821,6.881883,8.564227,0,2591700,18.680499,Interactive,1,1.75
37800,Ztly4IlziLkv/WCAorNWvE1HjN/3TqHmRGZsrNn24u0uuxkPbMoJLj66QFmYkHbu,3.917226,6.486134,7.943963,0,2591700,18.680499,Interactive,1,1.75
38100,Ztly4IlziLkv/WCAorNWvE1HjN/3TqHmRGZsrNn24u0uuxkPbMoJLj66QFmYkHbu,6.136476,6.858561999999999,7.976257,0,2591700,18.680499,Interactive,1,1.75
38400,Ztly4IlziLkv/WCAorNWvE1HjN/3TqHmRGZsrNn24u0uuxkPbMoJLj66QFmYkHbu,2.768438,6.2926660000000005,7.308785,0,2591700,18.680499,Interactive,1,1.75
38700,Ztly4IlziLkv/WCAorNWvE1HjN/3TqHmRGZsrNn24u0uuxkPbMoJLj66QFmYkHbu,6.395529,6.766144000000001,7.700246000000001,0,2591700,18.680499,Interactive,1,1.75
39000,Ztly4IlziLkv/WCAorNWvE1HjN/3TqHmRGZsrNn24u0uuxkPbMoJLj66QFmYkHbu,6.2505440000000005,7.313667,11.734688,0,2591700,18.680499,Interactive,1,1.75
39300,Ztly4IlziLkv/WCAorNWvE1HjN/3TqHmRGZsrNn24u0uuxkPbMoJLj66QFmYkHbu,6.096008,6.720686,7.347678,0,2591700,18.680499,Interactive,1,1.75
39600,Ztly4IlziLkv/WCAorNWvE1HjN/3TqHmRGZsrNn24u0uuxkPbMoJLj66QFmYkHbu,3.974279,6.541423,8.324150999999999,0,2591700,18.680499,Interactive,1,1.75
39900,Ztly4IlziLkv/WCAorNWvE1HjN/3TqHmRGZsrNn24u0uuxkPbMoJLj66QFmYkHbu,6.174201999999999,6.76904,8.044489,0,2591700,18.680499,Interactive,1,1.75
40200,Ztly4IlziLkv/WCAorNWvE1HjN/3TqHmRGZsrNn24u0uuxkPbMoJLj66QFmYkHbu,4.112207,6.578017,7.855061999999999,0,2591700,18.680499,Interactive,1,1.75
40500,Ztly4IlziLkv/WCAorNWvE1HjN/3TqHmRGZsrNn24u0uuxkPbMoJLj66QFmYkHbu,3.726211,6.485967,7.627878999999999,0,2591700,18.680499,Interactive,1,1.75
40800,Ztly4IlziLkv/WCAorNWvE1HjN/3TqHmRGZsrNn24u0uuxkPbMoJLj66QFmYkHbu,6.131378,9.333435,32.313815000000005,0,2591700,18.680499,Interactive,1,1.75
41100,Ztly4IlziLkv/WCAorNWvE1HjN/3TqHmRGZsrNn24u0uuxkPbMoJLj66QFmYkHbu,4.225774,6.605753999999999,8.269119,0,2591700,18.680499,Interactive,1,1.75
41400,Ztly4IlziLkv/WCAorNWvE1HjN/3TqHmRGZsrNn24u0uuxkPbMoJLj66QFmYkHbu,6.203135,6.738447,8.002946000000001,0,2591700,18.680499,Interactive,1,1.75
41700,Ztly4IlziLkv/WCAorNWvE1HjN/3TqHmRGZsrNn24u0uuxkPbMoJLj66QFmYkHbu,6.3147720000000005,7.26641,11.628944,0,2591700,18.680499,Interactive,1,1.75
42000,Ztly4IlziLkv/WCAorNWvE1HjN/3TqHmRGZsrNn24u0uuxkPbMoJLj66QFmYkHbu,6.112165,6.814133,7.836193,0,2591700,18.680499,Interactive,1,1.75
42300,Ztly4IlziLkv/WCAorNWvE1HjN/3TqHmRGZsrNn24u0uuxkPbMoJLj66QFmYkHbu,3.783859,6.511944000000001,7.703863,0,2591700,18.680499,Interactive,1,1.75
42600,Ztly4IlziLkv/WCAorNWvE1HjN/3TqHmRGZsrNn24u0uuxkPbMoJLj66QFmYkHbu,6.139908999999999,6.81012,8.30536,0,2591700,18.680499,Interactive,1,1.75
42900,Ztly4IlziLkv/WCAorNWvE1HjN/3TqHmRGZsrNn24u0uuxkPbMoJLj66QFmYkHbu,3.57124,6.472169999999999,7.331332000000001,0,2591700,18.680499,Interactive,1,1.75
43200,Ztly4IlziLkv/WCAorNWvE1HjN/3TqHmRGZsrNn24u0uuxkPbMoJLj66QFmYkHbu,3.29955,6.431173,7.999280000000001,0,2591700,18.680499,Interactive,1,1.75
43500,Ztly4IlziLkv/WCAorNWvE1HjN/3TqHmRGZsrNn24u0uuxkPbMoJLj66QFmYkHbu,6.176355,6.774992,8.108260000000001,0,2591700,18.680499,Interactive,1,1.75
43800,Ztly4IlziLkv/WCAorNWvE1HjN/3TqHmRGZsrNn24u0uuxkPbMoJLj66QFmYkHbu,4.128804,6.269922,6.992991,0,2591700,18.680499,Interactive,1,1.75
44100,Ztly4IlziLkv/WCAorNWvE1HjN/3TqHmRGZsrNn24u0uuxkPbMoJLj66QFmYkHbu,6.142242,6.709808,7.800852000000001,0,2591700,18.680499,Interactive,1,1.75
44400,Ztly4IlziLkv/WCAorNWvE1HjN/3TqHmRGZsrNn24u0uuxkPbMoJLj66QFmYkHbu,6.133061,9.888108,24.587978,0,2591700,18.680499,Interactive,1,1.75
44700,Ztly4IlziLkv/WCAorNWvE1HjN/3TqHmRGZsrNn24u0uuxkPbMoJLj66QFmYkHbu,6.142472,6.889253,9.025723,0,2591700,18.680499,Interactive,1,1.75
45000,Ztly4IlziLkv/WCAorNWvE1HjN/3TqHmRGZsrNn24u0uuxkPbMoJLj66QFmYkHbu,3.496832,6.493126999999999,8.092872999999999,0,2591700,18.680499,Interactive,1,1.75
45300,Ztly4IlziLkv/WCAorNWvE1HjN/3TqHmRGZsrNn24u0uuxkPbMoJLj66QFmYkHbu,6.206788,6.669753,7.342172,0,2591700,18.680499,Interactive,1,1.75
45600,Ztly4IlziLkv/WCAorNWvE1HjN/3TqHmRGZsrNn24u0uuxkPbMoJLj66QFmYkHbu,3.263148,6.485564,7.429121,0,2591700,18.680499,Interactive,1,1.75
45900,Ztly4IlziLkv/WCAorNWvE1HjN/3TqHmRGZsrNn24u0uuxkPbMoJLj66QFmYkHbu,4.137531,6.505965,8.01272,0,2591700,18.680499,Interactive,1,1.75
46200,Ztly4IlziLkv/WCAorNWvE1HjN/3TqHmRGZsrNn24u0uuxkPbMoJLj66QFmYkHbu,6.245965,6.826139,7.976224,0,2591700,18.680499,Interactive,1,1.75
46500,Ztly4IlziLkv/WCAorNWvE1HjN/3TqHmRGZsrNn24u0uuxkPbMoJLj66QFmYkHbu,3.2932360000000003,6.49713,7.722483,0,2591700,18.680499,Interactive,1,1.75
46800,Ztly4IlziLkv/WCAorNWvE1HjN/3TqHmRGZsrNn24u0uuxkPbMoJLj66QFmYkHbu,6.145062,6.856136,7.817710000000001,0,2591700,18.680499,Interactive,1,1.75
47100,Ztly4IlziLkv/WCAorNWvE1HjN/3TqHmRGZsrNn24u0uuxkPbMoJLj66QFmYkHbu,6.282076,7.354335000000001,12.056774,0,2591700,18.680499,Interactive,1,1.75
47400,Ztly4IlziLkv/WCAorNWvE1HjN/3TqHmRGZsrNn24u0uuxkPbMoJLj66QFmYkHbu,6.046315,6.765375,7.652492999999999,0,2591700,18.680499,Interactive,1,1.75
47700,Ztly4IlziLkv/WCAorNWvE1HjN/3TqHmRGZsrNn24u0uuxkPbMoJLj66QFmYkHbu,3.547395,6.435013,7.876525,0,2591700,18.680499,Interactive,1,1.75
48000,Ztly4IlziLkv/WCAorNWvE1HjN/3TqHmRGZsrNn24u0uuxkPbMoJLj66QFmYkHbu,6.239477,9.393157,32.227808,0,2591700,18.680499,Interactive,1,1.75
48300,Ztly4IlziLkv/WCAorNWvE1HjN/3TqHmRGZsrNn24u0uuxkPbMoJLj66QFmYkHbu,3.185031,6.594864,9.045194,0,2591700,18.680499,Interactive,1,1.75
48600,Ztly4IlziLkv/WCAorNWvE1HjN/3TqHmRGZsrNn24u0uuxkPbMoJLj66QFmYkHbu,5.166502,6.9434,11.415255,0,2591700,18.680499,Interactive,1,1.75
48900,Ztly4IlziLkv/WCAorNWvE1HjN/3TqHmRGZsrNn24u0uuxkPbMoJLj66QFmYkHbu,5.937107,6.758798,8.300949000000001,0,2591700,18.680499,Interactive,1,1.75
49200,Ztly4IlziLkv/WCAorNWvE1HjN/3TqHmRGZsrNn24u0uuxkPbMoJLj66QFmYkHbu,3.66558,6.414214,7.647107000000001,0,2591700,18.680499,Interactive,1,1.75
49500,Ztly4IlziLkv/WCAorNWvE1HjN/3TqHmRGZsrNn24u0uuxkPbMoJLj66QFmYkHbu,5.982947,6.695711,8.162550999999999,0,2591700,18.680499,Interactive,1,1.75
49800,Ztly4IlziLkv/WCAorNWvE1HjN/3TqHmRGZsrNn24u0uuxkPbMoJLj66QFmYkHbu,5.978285,7.501994,11.984926,0,2591700,18.680499,Interactive,1,1.75
50100,Ztly4IlziLkv/WCAorNWvE1HjN/3TqHmRGZsrNn24u0uuxkPbMoJLj66QFmYkHbu,5.796812999999999,6.733923,7.885416999999999,0,2591700,18.680499,Interactive,1,1.75
50400,Ztly4IlziLkv/WCAorNWvE1HjN/3TqHmRGZsrNn24u0uuxkPbMoJLj66QFmYkHbu,3.510184,6.568792999999999,8.20479,0,2591700,18.680499,Interactive,1,1.75
50700,Ztly4IlziLkv/WCAorNWvE1HjN/3TqHmRGZsrNn24u0uuxkPbMoJLj66QFmYkHbu,5.979814,6.894636,8.393833,0,2591700,18.680499,Interactive,1,1.75
51000,Ztly4IlziLkv/WCAorNWvE1HjN/3TqHmRGZsrNn24u0uuxkPbMoJLj66QFmYkHbu,3.924492,6.680076,8.159241999999999,0,2591700,18.680499,Interactive,1,1.75
51300,Ztly4IlziLkv/WCAorNWvE1HjN/3TqHmRGZsrNn24u0uuxkPbMoJLj66QFmYkHbu,3.03421,6.476567,8.36363,0,2591700,18.680499,Interactive,1,1.75
51600,Ztly4IlziLkv/WCAorNWvE1HjN/3TqHmRGZsrNn24u0uuxkPbMoJLj66QFmYkHbu,6.032993,9.433203,31.963955,0,2591700,18.680499,Interactive,1,1.75
51900,Ztly4IlziLkv/WCAorNWvE1HjN/3TqHmRGZsrNn24u0uuxkPbMoJLj66QFmYkHbu,4.094393,6.772616,9.620156,0,2591700,18.680499,Interactive,1,1.75
52200,Ztly4IlziLkv/WCAorNWvE1HjN/3TqHmRGZsrNn24u0uuxkPbMoJLj66QFmYkHbu,5.8253330000000005,6.758765,8.203813,0,2591700,18.680499,Interactive,1,1.75
52500,Ztly4IlziLkv/WCAorNWvE1HjN/3TqHmRGZsrNn24u0uuxkPbMoJLj66QFmYkHbu,5.8742,7.410947999999999,13.035656,0,2591700,18.680499,Interactive,1,1.75
52800,Ztly4IlziLkv/WCAorNWvE1HjN/3TqHmRGZsrNn24u0uuxkPbMoJLj66QFmYkHbu,5.842233,6.817195,7.941636999999999,0,2591700,18.680499,Interactive,1,1.75
53100,Ztly4IlziLkv/WCAorNWvE1HjN/3TqHmRGZsrNn24u0uuxkPbMoJLj66QFmYkHbu,3.517888,6.3997910000000005,8.225203,0,2591700,18.680499,Interactive,1,1.75
53400,Ztly4IlziLkv/WCAorNWvE1HjN/3TqHmRGZsrNn24u0uuxkPbMoJLj66QFmYkHbu,5.864337,6.848582,7.584905,0,2591700,18.680499,Interactive,1,1.75
53700,Ztly4IlziLkv/WCAorNWvE1HjN/3TqHmRGZsrNn24u0uuxkPbMoJLj66QFmYkHbu,5.202898,6.676814,7.902330999999999,0,2591700,18.680499,Interactive,1,1.75
54000,Ztly4IlziLkv/WCAorNWvE1HjN/3TqHmRGZsrNn24u0uuxkPbMoJLj66QFmYkHbu,3.855365,6.440608,8.168963,0,2591700,18.680499,Interactive,1,1.75
54300,Ztly4IlziLkv/WCAorNWvE1HjN/3TqHmRGZsrNn24u0uuxkPbMoJLj66QFmYkHbu,5.825488,6.805210000000001,7.70512,0,2591700,18.680499,Interactive,1,1.75
54600,Ztly4IlziLkv/WCAorNWvE1HjN/3TqHmRGZsrNn24u0uuxkPbMoJLj66QFmYkHbu,5.98024,6.657067,7.61441,0,2591700,18.680499,Interactive,1,1.75
54900,Ztly4IlziLkv/WCAorNWvE1HjN/3TqHmRGZsrNn24u0uuxkPbMoJLj66QFmYkHbu,5.88374,6.819,7.524899,0,2591700,18.680499,Interactive,1,1.75
55200,Ztly4IlziLkv/WCAorNWvE1HjN/3TqHmRGZsrNn24u0uuxkPbMoJLj66QFmYkHbu,5.832873,10.315421,25.651487,0,2591700,18.680499,Interactive,1,1.75
55500,Ztly4IlziLkv/WCAorNWvE1HjN/3TqHmRGZsrNn24u0uuxkPbMoJLj66QFmYkHbu,5.998551,6.919425,8.549666,0,2591700,18.680499,Interactive,1,1.75
55800,Ztly4IlziLkv/WCAorNWvE1HjN/3TqHmRGZsrNn24u0uuxkPbMoJLj66QFmYkHbu,5.875589,6.861905,7.607907000000001,0,2591700,18.680499,Interactive,1,1.75
56100,Ztly4IlziLkv/WCAorNWvE1HjN/3TqHmRGZsrNn24u0uuxkPbMoJLj66QFmYkHbu,5.905779,6.879962,8.747639999999999,0,2591700,18.680499,Interactive,1,1.75
56400,Ztly4IlziLkv/WCAorNWvE1HjN/3TqHmRGZsrNn24u0uuxkPbMoJLj66QFmYkHbu,5.99897,7.015052000000001,9.41658,0,2591700,18.680499,Interactive,1,1.75
56700,Ztly4IlziLkv/WCAorNWvE1HjN/3TqHmRGZsrNn24u0uuxkPbMoJLj66QFmYkHbu,5.777327,7.07495,10.542515,0,2591700,18.680499,Interactive,1,1.75
57000,Ztly4IlziLkv/WCAorNWvE1HjN/3TqHmRGZsrNn24u0uuxkPbMoJLj66QFmYkHbu,5.732108,6.739505,7.601257,0,2591700,18.680499,Interactive,1,1.75
57300,Ztly4IlziLkv/WCAorNWvE1HjN/3TqHmRGZsrNn24u0uuxkPbMoJLj66QFmYkHbu,6.07244,7.385491,13.276394,0,2591700,18.680499,Interactive,1,1.75
57600,Ztly4IlziLkv/WCAorNWvE1HjN/3TqHmRGZsrNn24u0uuxkPbMoJLj66QFmYkHbu,6.026749,6.985356,7.8096,0,2591700,18.680499,Interactive,1,1.75
57900,Ztly4IlziLkv/WCAorNWvE1HjN/3TqHmRGZsrNn24u0uuxkPbMoJLj66QFmYkHbu,5.769331,8.021479,19.828831,0,2591700,18.680499,Interactive,1,1.75
58200,Ztly4IlziLkv/WCAorNWvE1HjN/3TqHmRGZsrNn24u0uuxkPbMoJLj66QFmYkHbu,6.091130000000001,6.813341,7.328245,0,2591700,18.680499,Interactive,1,1.75
58500,Ztly4IlziLkv/WCAorNWvE1HjN/3TqHmRGZsrNn24u0uuxkPbMoJLj66QFmYkHbu,5.776345,7.267919999999999,12.700276,0,2591700,18.680499,Interactive,1,1.75
58800,Ztly4IlziLkv/WCAorNWvE1HjN/3TqHmRGZsrNn24u0uuxkPbMoJLj66QFmYkHbu,5.647684,9.187939,32.28295,0,2591700,18.680499,Interactive,1,1.75
59100,Ztly4IlziLkv/WCAorNWvE1HjN/3TqHmRGZsrNn24u0uuxkPbMoJLj66QFmYkHbu,5.887271,7.435477000000001,12.851494,0,2591700,18.680499,Interactive,1,1.75
59400,Ztly4IlziLkv/WCAorNWvE1HjN/3TqHmRGZsrNn24u0uuxkPbMoJLj66QFmYkHbu,6.048962,7.067967,8.696819,0,2591700,18.680499,Interactive,1,1.75
59700,Ztly4IlziLkv/WCAorNWvE1HjN/3TqHmRGZsrNn24u0uuxkPbMoJLj66QFmYkHbu,5.718921,6.603116,7.382648,0,2591700,18.680499,Interactive,1,1.75
60000,Ztly4IlziLkv/WCAorNWvE1HjN/3TqHmRGZsrNn24u0uuxkPbMoJLj66QFmYkHbu,6.005364,6.656933,7.366232000000001,0,2591700,18.680499,Interactive,1,1.75
60300,Ztly4IlziLkv/WCAorNWvE1HjN/3TqHmRGZsrNn24u0uuxkPbMoJLj66QFmYkHbu,6.034326,6.768375999999999,7.461852,0,2591700,18.680499,Interactive,1,1.75
60600,Ztly4IlziLkv/WCAorNWvE1HjN/3TqHmRGZsrNn24u0uuxkPbMoJLj66QFmYkHbu,5.897755999999999,6.622383,7.445792,0,2591700,18.680499,Interactive,1,1.75
60900,Ztly4IlziLkv/WCAorNWvE1HjN/3TqHmRGZsrNn24u0uuxkPbMoJLj66QFmYkHbu,5.826309999999999,6.678837,7.708213000000001,0,2591700,18.680499,Interactive,1,1.75
61200,Ztly4IlziLkv/WCAorNWvE1HjN/3TqHmRGZsrNn24u0uuxkPbMoJLj66QFmYkHbu,5.978673000000001,6.857766000000001,7.701278999999999,0,2591700,18.680499,Interactive,1,1.75
61500,Ztly4IlziLkv/WCAorNWvE1HjN/3TqHmRGZsrNn24u0uuxkPbMoJLj66QFmYkHbu,5.862315,6.747281,7.674146,0,2591700,18.680499,Interactive,1,1.75
61800,Ztly4IlziLkv/WCAorNWvE1HjN/3TqHmRGZsrNn24u0uuxkPbMoJLj66QFmYkHbu,3.751834,6.429692,7.411230000000001,0,2591700,18.680499,Interactive,1,1.75
62100,Ztly4IlziLkv/WCAorNWvE1HjN/3TqHmRGZsrNn24u0uuxkPbMoJLj66QFmYkHbu,3.791751,6.615179,7.943594999999999,0,2591700,18.680499,Interactive,1,1.75
62400,Ztly4IlziLkv/WCAorNWvE1HjN/3TqHmRGZsrNn24u0uuxkPbMoJLj66QFmYkHbu,5.83707,9.312017,32.591542,0,2591700,18.680499,Interactive,1,1.75
62700,Ztly4IlziLkv/WCAorNWvE1HjN/3TqHmRGZsrNn24u0uuxkPbMoJLj66QFmYkHbu,3.0601,6.460897,8.900466,0,2591700,18.680499,Interactive,1,1.75
63000,Ztly4IlziLkv/WCAorNWvE1HjN/3TqHmRGZsrNn24u0uuxkPbMoJLj66QFmYkHbu,6.53116,7.767094,10.388675,0,2591700,18.680499,Interactive,1,1.75
63300,Ztly4IlziLkv/WCAorNWvE1HjN/3TqHmRGZsrNn24u0uuxkPbMoJLj66QFmYkHbu,4.498194,6.519792,7.704581,0,2591700,18.680499,Interactive,1,1.75
63600,Ztly4IlziLkv/WCAorNWvE1HjN/3TqHmRGZsrNn24u0uuxkPbMoJLj66QFmYkHbu,6.075686,7.0734,10.429482,0,2591700,18.680499,Interactive,1,1.75
63900,Ztly4IlziLkv/WCAorNWvE1HjN/3TqHmRGZsrNn24u0uuxkPbMoJLj66QFmYkHbu,4.361267,6.695933,7.73337,0,2591700,18.680499,Interactive,1,1.75
64200,Ztly4IlziLkv/WCAorNWvE1HjN/3TqHmRGZsrNn24u0uuxkPbMoJLj66QFmYkHbu,5.864521,6.787709,7.699542999999999,0,2591700,18.680499,Interactive,1,1.75
64500,Ztly4IlziLkv/WCAorNWvE1HjN/3TqHmRGZsrNn24u0uuxkPbMoJLj66QFmYkHbu,3.022582,6.354903,7.526128999999999,0,2591700,18.680499,Interactive,1,1.75
64800,Ztly4IlziLkv/WCAorNWvE1HjN/3TqHmRGZsrNn24u0uuxkPbMoJLj66QFmYkHbu,3.1314490000000004,6.569128,8.029553,0,2591700,18.680499,Interactive,1,1.75
65100,Ztly4IlziLkv/WCAorNWvE1HjN/3TqHmRGZsrNn24u0uuxkPbMoJLj66QFmYkHbu,5.8112010000000005,6.622064999999999,7.711071,0,2591700,18.680499,Interactive,1,1.75
65400,Ztly4IlziLkv/WCAorNWvE1HjN/3TqHmRGZsrNn24u0uuxkPbMoJLj66QFmYkHbu,4.432385,6.449344,7.528621,0,2591700,18.680499,Interactive,1,1.75
65700,Ztly4IlziLkv/WCAorNWvE1HjN/3TqHmRGZsrNn24u0uuxkPbMoJLj66QFmYkHbu,5.743028,6.6909350000000005,7.330984,0,2591700,18.680499,Interactive,1,1.75
66000,Ztly4IlziLkv/WCAorNWvE1HjN/3TqHmRGZsrNn24u0uuxkPbMoJLj66QFmYkHbu,5.86439,9.225405,27.793688,0,2591700,18.680499,Interactive,1,1.75
66300,Ztly4IlziLkv/WCAorNWvE1HjN/3TqHmRGZsrNn24u0uuxkPbMoJLj66QFmYkHbu,5.763088,6.930302,8.444725,0,2591700,18.680499,Interactive,1,1.75
66600,Ztly4IlziLkv/WCAorNWvE1HjN/3TqHmRGZsrNn24u0uuxkPbMoJLj66QFmYkHbu,5.666857,6.722727000000001,8.043057000000001,0,2591700,18.680499,Interactive,1,1.75
66900,Ztly4IlziLkv/WCAorNWvE1HjN/3TqHmRGZsrNn24u0uuxkPbMoJLj66QFmYkHbu,5.824992,6.819105,7.994258,0,2591700,18.680499,Interactive,1,1.75
67200,Ztly4IlziLkv/WCAorNWvE1HjN/3TqHmRGZsrNn24u0uuxkPbMoJLj66QFmYkHbu,5.782972,6.605438,7.832669,0,2591700,18.680499,Interactive,1,1.75
67500,Ztly4IlziLkv/WCAorNWvE1HjN/3TqHmRGZsrNn24u0uuxkPbMoJLj66QFmYkHbu,5.849035,6.759867999999999,7.763983,0,2591700,18.680499,Interactive,1,1.75
67800,Ztly4IlziLkv/WCAorNWvE1HjN/3TqHmRGZsrNn24u0uuxkPbMoJLj66QFmYkHbu,5.777017,6.784281,8.210744,0,2591700,18.680499,Interactive,1,1.75
68100,Ztly4IlziLkv/WCAorNWvE1HjN/3TqHmRGZsrNn24u0uuxkPbMoJLj66QFmYkHbu,5.876016,6.586282000000001,7.733496000000001,0,2591700,18.680499,Interactive,1,1.75
68400,Ztly4IlziLkv/WCAorNWvE1HjN/3TqHmRGZsrNn24u0uuxkPbMoJLj66QFmYkHbu,5.783180000000001,6.863467999999999,7.773892999999999,0,2591700,18.680499,Interactive,1,1.75
68700,Ztly4IlziLkv/WCAorNWvE1HjN/3TqHmRGZsrNn24u0uuxkPbMoJLj66QFmYkHbu,5.717713,6.542873,7.559038,0,2591700,18.680499,Interactive,1,1.75
69000,Ztly4IlziLkv/WCAorNWvE1HjN/3TqHmRGZsrNn24u0uuxkPbMoJLj66QFmYkHbu,5.75433,6.664963,7.616161999999999,0,2591700,18.680499,Interactive,1,1.75
69300,Ztly4IlziLkv/WCAorNWvE1HjN/3TqHmRGZsrNn24u0uuxkPbMoJLj66QFmYkHbu,5.888032,6.744300999999999,8.239602,0,2591700,18.680499,Interactive,1,1.75
69600,Ztly4IlziLkv/WCAorNWvE1HjN/3TqHmRGZsrNn24u0uuxkPbMoJLj66QFmYkHbu,5.87721,9.368916,31.083156,0,2591700,18.680499,Interactive,1,1.75
69900,Ztly4IlziLkv/WCAorNWvE1HjN/3TqHmRGZsrNn24u0uuxkPbMoJLj66QFmYkHbu,5.79858,6.855389999999999,8.993764,0,2591700,18.680499,Interactive,1,1.75
70200,Ztly4IlziLkv/WCAorNWvE1HjN/3TqHmRGZsrNn24u0uuxkPbMoJLj66QFmYkHbu,5.4810870000000005,6.73962,7.845909,0,2591700,18.680499,Interactive,1,1.75
70500,Ztly4IlziLkv/WCAorNWvE1HjN/3TqHmRGZsrNn24u0uuxkPbMoJLj66QFmYkHbu,6.0874,6.921943,8.137617,0,2591700,18.680499,Interactive,1,1.75
70800,Ztly4IlziLkv/WCAorNWvE1HjN/3TqHmRGZsrNn24u0uuxkPbMoJLj66QFmYkHbu,3.025378,6.282757,7.749308,0,2591700,18.680499,Interactive,1,1.75
71100,Ztly4IlziLkv/WCAorNWvE1HjN/3TqHmRGZsrNn24u0uuxkPbMoJLj66QFmYkHbu,5.965423,6.836589,7.643573,0,2591700,18.680499,Interactive,1,1.75
71400,Ztly4IlziLkv/WCAorNWvE1HjN/3TqHmRGZsrNn24u0uuxkPbMoJLj66QFmYkHbu,4.429073000000001,6.395372,7.497002,0,2591700,18.680499,Interactive,1,1.75
71700,Ztly4IlziLkv/WCAorNWvE1HjN/3TqHmRGZsrNn24u0uuxkPbMoJLj66QFmYkHbu,5.761596,7.038342999999999,10.168117,0,2591700,18.680499,Interactive,1,1.75
72000,Ztly4IlziLkv/WCAorNWvE1HjN/3TqHmRGZsrNn24u0uuxkPbMoJLj66QFmYkHbu,4.622534,6.516826,8.23288,0,2591700,18.680499,Interactive,1,1.75
72300,Ztly4IlziLkv/WCAorNWvE1HjN/3TqHmRGZsrNn24u0uuxkPbMoJLj66QFmYkHbu,5.923583,6.839929,8.584534,0,2591700,18.680499,Interactive,1,1.75
72600,Ztly4IlziLkv/WCAorNWvE1HjN/3TqHmRGZsrNn24u0uuxkPbMoJLj66QFmYkHbu,3.718407,6.365061,7.878098,0,2591700,18.680499,Interactive,1,1.75
72900,Ztly4IlziLkv/WCAorNWvE1HjN/3TqHmRGZsrNn24u0uuxkPbMoJLj66QFmYkHbu,3.0987560000000003,6.432422,8.369342,0,2591700,18.680499,Interactive,1,1.75
73200,Ztly4IlziLkv/WCAorNWvE1HjN/3TqHmRGZsrNn24u0uuxkPbMoJLj66QFmYkHbu,6.003272,9.390476,31.471783,0,2591700,18.680499,Interactive,1,1.75
73500,Ztly4IlziLkv/WCAorNWvE1HjN/3TqHmRGZsrNn24u0uuxkPbMoJLj66QFmYkHbu,3.627645,6.494354,8.602326,0,2591700,18.680499,Interactive,1,1.75
73800,Ztly4IlziLkv/WCAorNWvE1HjN/3TqHmRGZsrNn24u0uuxkPbMoJLj66QFmYkHbu,5.843602,6.878633,8.258898,0,2591700,18.680499,Interactive,1,1.75
74100,Ztly4IlziLkv/WCAorNWvE1HjN/3TqHmRGZsrNn24u0uuxkPbMoJLj66QFmYkHbu,3.665509,6.328366,7.751747999999999,0,2591700,18.680499,Interactive,1,1.75
74400,Ztly4IlziLkv/WCAorNWvE1HjN/3TqHmRGZsrNn24u0uuxkPbMoJLj66QFmYkHbu,5.921289,6.749650999999999,7.903894999999999,0,2591700,18.680499,Interactive,1,1.75
74700,Ztly4IlziLkv/WCAorNWvE1HjN/3TqHmRGZsrNn24u0uuxkPbMoJLj66QFmYkHbu,3.587164,6.466946,7.797764,0,2591700,18.680499,Interactive,1,1.75
75000,Ztly4IlziLkv/WCAorNWvE1HjN/3TqHmRGZsrNn24u0uuxkPbMoJLj66QFmYkHbu,5.826154,6.729621000000001,7.69605,0,2591700,18.680499,Interactive,1,1.75
75300,Ztly4IlziLkv/WCAorNWvE1HjN/3TqHmRGZsrNn24u0uuxkPbMoJLj66QFmYkHbu,5.207522,6.476831,7.294085000000001,0,2591700,18.680499,Interactive,1,1.75
75600,Ztly4IlziLkv/WCAorNWvE1HjN/3TqHmRGZsrNn24u0uuxkPbMoJLj66QFmYkHbu,3.504495,6.604553999999999,8.2624,0,2591700,18.680499,Interactive,1,1.75
75900,Ztly4IlziLkv/WCAorNWvE1HjN/3TqHmRGZsrNn24u0uuxkPbMoJLj66QFmYkHbu,5.787781,6.681728999999999,7.724224,0,2591700,18.680499,Interactive,1,1.75
76200,Ztly4IlziLkv/WCAorNWvE1HjN/3TqHmRGZsrNn24u0uuxkPbMoJLj66QFmYkHbu,3.570135,6.373901999999999,8.043908,0,2591700,18.680499,Interactive,1,1.75
76500,Ztly4IlziLkv/WCAorNWvE1HjN/3TqHmRGZsrNn24u0uuxkPbMoJLj66QFmYkHbu,5.998532,6.863712,7.948558999999999,0,2591700,18.680499,Interactive,1,1.75
76800,Ztly4IlziLkv/WCAorNWvE1HjN/3TqHmRGZsrNn24u0uuxkPbMoJLj66QFmYkHbu,6.160044999999999,10.190054,25.950211,0,2591700,18.680499,Interactive,1,1.75
77100,Ztly4IlziLkv/WCAorNWvE1HjN/3TqHmRGZsrNn24u0uuxkPbMoJLj66QFmYkHbu,5.9668,6.963616,8.670478,0,2591700,18.680499,Interactive,1,1.75
77400,Ztly4IlziLkv/WCAorNWvE1HjN/3TqHmRGZsrNn24u0uuxkPbMoJLj66QFmYkHbu,3.712332,6.837903999999999,10.384877,0,2591700,18.680499,Interactive,1,1.75
77700,Ztly4IlziLkv/WCAorNWvE1HjN/3TqHmRGZsrNn24u0uuxkPbMoJLj66QFmYkHbu,5.865685,6.745239999999999,7.672061,0,2591700,18.680499,Interactive,1,1.75
78000,Ztly4IlziLkv/WCAorNWvE1HjN/3TqHmRGZsrNn24u0uuxkPbMoJLj66QFmYkHbu,4.222496,6.519004,7.382966000000001,0,2591700,18.680499,Interactive,1,1.75
78300,Ztly4IlziLkv/WCAorNWvE1HjN/3TqHmRGZsrNn24u0uuxkPbMoJLj66QFmYkHbu,3.709324,6.490563,7.677136999999999,0,2591700,18.680499,Interactive,1,1.75
78600,Ztly4IlziLkv/WCAorNWvE1HjN/3TqHmRGZsrNn24u0uuxkPbMoJLj66QFmYkHbu,6.422897,7.11907,10.034852,0,2591700,18.680499,Interactive,1,1.75
78900,Ztly4IlziLkv/WCAorNWvE1HjN/3TqHmRGZsrNn24u0uuxkPbMoJLj66QFmYkHbu,4.309654,6.603495,7.950847,0,2591700,18.680499,Interactive,1,1.75
79200,Ztly4IlziLkv/WCAorNWvE1HjN/3TqHmRGZsrNn24u0uuxkPbMoJLj66QFmYkHbu,6.246398,6.903007000000001,8.013701,0,2591700,18.680499,Interactive,1,1.75
79500,Ztly4IlziLkv/WCAorNWvE1HjN/3TqHmRGZsrNn24u0uuxkPbMoJLj66QFmYkHbu,3.0447900000000003,6.396355000000001,7.56239,0,2591700,18.680499,Interactive,1,1.75
79800,Ztly4IlziLkv/WCAorNWvE1HjN/3TqHmRGZsrNn24u0uuxkPbMoJLj66QFmYkHbu,6.041524,6.907577000000001,8.0341,0,2591700,18.680499,Interactive,1,1.75
80100,Ztly4IlziLkv/WCAorNWvE1HjN/3TqHmRGZsrNn24u0uuxkPbMoJLj66QFmYkHbu,3.723828,6.513471,8.027763,0,2591700,18.680499,Interactive,1,1.75
80400,Ztly4IlziLkv/WCAorNWvE1HjN/3TqHmRGZsrNn24u0uuxkPbMoJLj66QFmYkHbu,6.250971,9.317187,32.245648,0,2591700,18.680499,Interactive,1,1.75
80700,Ztly4IlziLkv/WCAorNWvE1HjN/3TqHmRGZsrNn24u0uuxkPbMoJLj66QFmYkHbu,3.734875,6.614416,8.626348,0,2591700,18.680499,Interactive,1,1.75
81000,Ztly4IlziLkv/WCAorNWvE1HjN/3TqHmRGZsrNn24u0uuxkPbMoJLj66QFmYkHbu,3.3051660000000003,6.433948,7.800256,0,2591700,18.680499,Interactive,1,1.75
81300,Ztly4IlziLkv/WCAorNWvE1HjN/3TqHmRGZsrNn24u0uuxkPbMoJLj66QFmYkHbu,6.06265,7.011625,9.051393,0,2591700,18.680499,Interactive,1,1.75
81600,Ztly4IlziLkv/WCAorNWvE1HjN/3TqHmRGZsrNn24u0uuxkPbMoJLj66QFmYkHbu,3.1032330000000004,6.528411,7.995775,0,2591700,18.680499,Interactive,1,1.75
81900,Ztly4IlziLkv/WCAorNWvE1HjN/3TqHmRGZsrNn24u0uuxkPbMoJLj66QFmYkHbu,5.99991,6.803644,7.750367,0,2591700,18.680499,Interactive,1,1.75
82200,Ztly4IlziLkv/WCAorNWvE1HjN/3TqHmRGZsrNn24u0uuxkPbMoJLj66QFmYkHbu,4.3504190000000005,6.460161,7.558935000000001,0,2591700,18.680499,Interactive,1,1.75
82500,Ztly4IlziLkv/WCAorNWvE1HjN/3TqHmRGZsrNn24u0uuxkPbMoJLj66QFmYkHbu,5.757898,6.932604,7.744953999999999,0,2591700,18.680499,Interactive,1,1.75
82800,Ztly4IlziLkv/WCAorNWvE1HjN/3TqHmRGZsrNn24u0uuxkPbMoJLj66QFmYkHbu,3.052593,6.4960580000000006,8.246608,0,2591700,18.680499,Interactive,1,1.75
83100,Ztly4IlziLkv/WCAorNWvE1HjN/3TqHmRGZsrNn24u0uuxkPbMoJLj66QFmYkHbu,5.9045760000000005,6.750611,7.364394,0,2591700,18.680499,Interactive,1,1.75
83400,Ztly4IlziLkv/WCAorNWvE1HjN/3TqHmRGZsrNn24u0uuxkPbMoJLj66QFmYkHbu,3.204256,6.453842,7.678249,0,2591700,18.680499,Interactive,1,1.75
83700,Ztly4IlziLkv/WCAorNWvE1HjN/3TqHmRGZsrNn24u0uuxkPbMoJLj66QFmYkHbu,4.384437,6.663083,8.008802000000001,0,2591700,18.680499,Interactive,1,1.75
84000,Ztly4IlziLkv/WCAorNWvE1HjN/3TqHmRGZsrNn24u0uuxkPbMoJLj66QFmYkHbu,6.305326999999999,9.376154,32.703528000000006,0,2591700,18.680499,Interactive,1,1.75
84300,Ztly4IlziLkv/WCAorNWvE1HjN/3TqHmRGZsrNn24u0uuxkPbMoJLj66QFmYkHbu,4.023921,6.61246,8.610633,0,2591700,18.680499,Interactive,1,1.75
84600,Ztly4IlziLkv/WCAorNWvE1HjN/3TqHmRGZsrNn24u0uuxkPbMoJLj66QFmYkHbu,6.207335,7.039774,7.835959,0,2591700,18.680499,Interactive,1,1.75
84900,Ztly4IlziLkv/WCAorNWvE1HjN/3TqHmRGZsrNn24u0uuxkPbMoJLj66QFmYkHbu,3.611418,6.4563440000000005,7.606053999999999,0,2591700,18.680499,Interactive,1,1.75
85200,Ztly4IlziLkv/WCAorNWvE1HjN/3TqHmRGZsrNn24u0uuxkPbMoJLj66QFmYkHbu,6.009837,6.952450999999999,8.025155,0,2591700,18.680499,Interactive,1,1.75
85500,Ztly4IlziLkv/WCAorNWvE1HjN/3TqHmRGZsrNn24u0uuxkPbMoJLj66QFmYkHbu,5.479536,6.595305000000001,7.446177,0,2591700,18.680499,Interactive,1,1.75
85800,Ztly4IlziLkv/WCAorNWvE1HjN/3TqHmRGZsrNn24u0uuxkPbMoJLj66QFmYkHbu,6.4905,6.94809,8.448597999999999,0,2591700,18.680499,Interactive,1,1.75
86100,Ztly4IlziLkv/WCAorNWvE1HjN/3TqHmRGZsrNn24u0uuxkPbMoJLj66QFmYkHbu,3.762003,6.56629,8.099591,0,2591700,18.680499,Interactive,1,1.75
86400,Ztly4IlziLkv/WCAorNWvE1HjN/3TqHmRGZsrNn24u0uuxkPbMoJLj66QFmYkHbu,3.668207,6.616584,9.026385,0,2591700,18.680499,Interactive,1,1.75
86700,Ztly4IlziLkv/WCAorNWvE1HjN/3TqHmRGZsrNn24u0uuxkPbMoJLj66QFmYkHbu,6.134176,6.920135,8.277754,0,2591700,18.680499,Interactive,1,1.75
87000,Ztly4IlziLkv/WCAorNWvE1HjN/3TqHmRGZsrNn24u0uuxkPbMoJLj66QFmYkHbu,3.700823,6.5594,8.710582,0,2591700,18.680499,Interactive,1,1.75
87300,Ztly4IlziLkv/WCAorNWvE1HjN/3TqHmRGZsrNn24u0uuxkPbMoJLj66QFmYkHbu,6.017017,6.912030000000001,9.095582,0,2591700,18.680499,Interactive,1,1.75
87600,Ztly4IlziLkv/WCAorNWvE1HjN/3TqHmRGZsrNn24u0uuxkPbMoJLj66QFmYkHbu,3.508421,6.661005,8.587775,0,2591700,18.680499,Interactive,1,1.75
87900,Ztly4IlziLkv/WCAorNWvE1HjN/3TqHmRGZsrNn24u0uuxkPbMoJLj66QFmYkHbu,6.004916000000001,9.518032,29.918938,0,2591700,18.680499,Interactive,1,1.75
88200,Ztly4IlziLkv/WCAorNWvE1HjN/3TqHmRGZsrNn24u0uuxkPbMoJLj66QFmYkHbu,3.265784,6.446706,8.019141000000001,0,2591700,18.680499,Interactive,1,1.75
88500,Ztly4IlziLkv/WCAorNWvE1HjN/3TqHmRGZsrNn24u0uuxkPbMoJLj66QFmYkHbu,5.953648,6.893128,8.164019,0,2591700,18.680499,Interactive,1,1.75
88800,Ztly4IlziLkv/WCAorNWvE1HjN/3TqHmRGZsrNn24u0uuxkPbMoJLj66QFmYkHbu,5.958387999999999,6.814104,8.733266,0,2591700,18.680499,Interactive,1,1.75
89100,Ztly4IlziLkv/WCAorNWvE1HjN/3TqHmRGZsrNn24u0uuxkPbMoJLj66QFmYkHbu,4.161668,6.606808,9.164245,0,2591700,18.680499,Interactive,1,1.75
89400,Ztly4IlziLkv/WCAorNWvE1HjN/3TqHmRGZsrNn24u0uuxkPbMoJLj66QFmYkHbu,6.046732,6.911865,8.259316,0,2591700,18.680499,Interactive,1,1.75
89700,Ztly4IlziLkv/WCAorNWvE1HjN/3TqHmRGZsrNn24u0uuxkPbMoJLj66QFmYkHbu,3.798271,6.540232,8.683879,0,2591700,18.680499,Interactive,1,1.75
90000,Ztly4IlziLkv/WCAorNWvE1HjN/3TqHmRGZsrNn24u0uuxkPbMoJLj66QFmYkHbu,6.060837,7.024461,9.003507,0,2591700,18.680499,Interactive,1,1.75
90300,Ztly4IlziLkv/WCAorNWvE1HjN/3TqHmRGZsrNn24u0uuxkPbMoJLj66QFmYkHbu,3.711645,6.434813,8.305935,0,2591700,18.680499,Interactive,1,1.75
90600,Ztly4IlziLkv/WCAorNWvE1HjN/3TqHmRGZsrNn24u0uuxkPbMoJLj66QFmYkHbu,6.009377,6.987457000000001,8.714211,0,2591700,18.680499,Interactive,1,1.75
90900,Ztly4IlziLkv/WCAorNWvE1HjN/3TqHmRGZsrNn24u0uuxkPbMoJLj66QFmYkHbu,6.1561010000000005,7.242308,9.331832,0,2591700,18.680499,Interactive,1,1.75
91200,Ztly4IlziLkv/WCAorNWvE1HjN/3TqHmRGZsrNn24u0uuxkPbMoJLj66QFmYkHbu,5.933433999999999,6.904432000000001,8.641123,0,2591700,18.680499,Interactive,1,1.75
91500,Ztly4IlziLkv/WCAorNWvE1HjN/3TqHmRGZsrNn24u0uuxkPbMoJLj66QFmYkHbu,6.005583000000001,11.158006,31.332858,0,2591700,18.680499,Interactive,1,1.75
91800,Ztly4IlziLkv/WCAorNWvE1HjN/3TqHmRGZsrNn24u0uuxkPbMoJLj66QFmYkHbu,6.212727,7.297763000000001,10.825368,0,2591700,18.680499,Interactive,1,1.75
92100,Ztly4IlziLkv/WCAorNWvE1HjN/3TqHmRGZsrNn24u0uuxkPbMoJLj66QFmYkHbu,6.011829,7.026818,8.160636,0,2591700,18.680499,Interactive,1,1.75
92400,Ztly4IlziLkv/WCAorNWvE1HjN/3TqHmRGZsrNn24u0uuxkPbMoJLj66QFmYkHbu,5.942777,7.138839,8.395063,0,2591700,18.680499,Interactive,1,1.75
92700,Ztly4IlziLkv/WCAorNWvE1HjN/3TqHmRGZsrNn24u0uuxkPbMoJLj66QFmYkHbu,6.2510900000000005,6.979034,8.099584,0,2591700,18.680499,Interactive,1,1.75
93000,Ztly4IlziLkv/WCAorNWvE1HjN/3TqHmRGZsrNn24u0uuxkPbMoJLj66QFmYkHbu,6.0640540000000005,7.101864999999999,8.252041,0,2591700,18.680499,Interactive,1,1.75
93300,Ztly4IlziLkv/WCAorNWvE1HjN/3TqHmRGZsrNn24u0uuxkPbMoJLj66QFmYkHbu,6.032022,6.89993,7.686124,0,2591700,18.680499,Interactive,1,1.75
93600,Ztly4IlziLkv/WCAorNWvE1HjN/3TqHmRGZsrNn24u0uuxkPbMoJLj66QFmYkHbu,6.403963,7.381637,11.949133,0,2591700,18.680499,Interactive,1,1.75
93900,Ztly4IlziLkv/WCAorNWvE1HjN/3TqHmRGZsrNn24u0uuxkPbMoJLj66QFmYkHbu,6.07225,6.914677,7.572906,0,2591700,18.680499,Interactive,1,1.75
94200,Ztly4IlziLkv/WCAorNWvE1HjN/3TqHmRGZsrNn24u0uuxkPbMoJLj66QFmYkHbu,6.1829480000000006,7.009111,7.876084,0,2591700,18.680499,Interactive,1,1.75
94500,Ztly4IlziLkv/WCAorNWvE1HjN/3TqHmRGZsrNn24u0uuxkPbMoJLj66QFmYkHbu,6.132073,6.851139999999999,8.059998,0,2591700,18.680499,Interactive,1,1.75
94800,Ztly4IlziLkv/WCAorNWvE1HjN/3TqHmRGZsrNn24u0uuxkPbMoJLj66QFmYkHbu,6.394507,7.204047,7.651130999999999,0,2591700,18.680499,Interactive,1,1.75
95100,Ztly4IlziLkv/WCAorNWvE1HjN/3TqHmRGZsrNn24u0uuxkPbMoJLj66QFmYkHbu,6.157147,9.837361,31.450246000000003,0,2591700,18.680499,Interactive,1,1.75
95400,Ztly4IlziLkv/WCAorNWvE1HjN/3TqHmRGZsrNn24u0uuxkPbMoJLj66QFmYkHbu,6.241797,6.8603190000000005,7.994003999999999,0,2591700,18.680499,Interactive,1,1.75
95700,Ztly4IlziLkv/WCAorNWvE1HjN/3TqHmRGZsrNn24u0uuxkPbMoJLj66QFmYkHbu,5.952351,7.1079490000000005,8.175485,0,2591700,18.680499,Interactive,1,1.75
96000,Ztly4IlziLkv/WCAorNWvE1HjN/3TqHmRGZsrNn24u0uuxkPbMoJLj66QFmYkHbu,5.961056,6.964813,7.684863000000001,0,2591700,18.680499,Interactive,1,1.75
96300,Ztly4IlziLkv/WCAorNWvE1HjN/3TqHmRGZsrNn24u0uuxkPbMoJLj66QFmYkHbu,6.252809,7.371164,12.713299,0,2591700,18.680499,Interactive,1,1.75
96600,Ztly4IlziLkv/WCAorNWvE1HjN/3TqHmRGZsrNn24u0uuxkPbMoJLj66QFmYkHbu,6.754776,7.029635000000001,7.445089999999999,0,2591700,18.680499,Interactive,1,1.75
96900,Ztly4IlziLkv/WCAorNWvE1HjN/3TqHmRGZsrNn24u0uuxkPbMoJLj66QFmYkHbu,5.944454,7.006985,7.864091,0,2591700,18.680499,Interactive,1,1.75
97200,Ztly4IlziLkv/WCAorNWvE1HjN/3TqHmRGZsrNn24u0uuxkPbMoJLj66QFmYkHbu,6.538975,7.026699000000001,7.733428999999999,0,2591700,18.680499,Interactive,1,1.75
97500,Ztly4IlziLkv/WCAorNWvE1HjN/3TqHmRGZsrNn24u0uuxkPbMoJLj66QFmYkHbu,6.361991000000001,7.102683,8.359736,0,2591700,18.680499,Interactive,1,1.75
97800,Ztly4IlziLkv/WCAorNWvE1HjN/3TqHmRGZsrNn24u0uuxkPbMoJLj66QFmYkHbu,6.075945,7.416816000000001,10.839876,0,2591700,18.680499,Interactive,1,1.75
98100,Ztly4IlziLkv/WCAorNWvE1HjN/3TqHmRGZsrNn24u0uuxkPbMoJLj66QFmYkHbu,6.254173000000001,6.93428,7.568283999999999,0,2591700,18.680499,Interactive,1,1.75
98400,Ztly4IlziLkv/WCAorNWvE1HjN/3TqHmRGZsrNn24u0uuxkPbMoJLj66QFmYkHbu,6.166231,7.0623190000000005,8.767182,0,2591700,18.680499,Interactive,1,1.75
98700,Ztly4IlziLkv/WCAorNWvE1HjN/3TqHmRGZsrNn24u0uuxkPbMoJLj66QFmYkHbu,6.020648,9.528371,32.121208,0,2591700,18.680499,Interactive,1,1.75
99000,Ztly4IlziLkv/WCAorNWvE1HjN/3TqHmRGZsrNn24u0uuxkPbMoJLj66QFmYkHbu,6.162195,9.708425,35.078732,0,2591700,18.680499,Interactive,1,1.75
99300,Ztly4IlziLkv/WCAorNWvE1HjN/3TqHmRGZsrNn24u0uuxkPbMoJLj66QFmYkHbu,6.132235,6.926011,8.436161,0,2591700,18.680499,Interactive,1,1.75
99600,Ztly4IlziLkv/WCAorNWvE1HjN/3TqHmRGZsrNn24u0uuxkPbMoJLj66QFmYkHbu,6.060361,6.926616,8.445466999999999,0,2591700,18.680499,Interactive,1,1.75
99900,Ztly4IlziLkv/WCAorNWvE1HjN/3TqHmRGZsrNn24u0uuxkPbMoJLj66QFmYkHbu,6.246102,6.932154,8.282273,0,2591700,18.680499,Interactive,1,1.75
100200,Ztly4IlziLkv/WCAorNWvE1HjN/3TqHmRGZsrNn24u0uuxkPbMoJLj66QFmYkHbu,6.247277,7.053352,8.394541,0,2591700,18.680499,Interactive,1,1.75
100500,Ztly4IlziLkv/WCAorNWvE1HjN/3TqHmRGZsrNn24u0uuxkPbMoJLj66QFmYkHbu,6.090471,6.96494,8.117968,0,2591700,18.680499,Interactive,1,1.75
100800,Ztly4IlziLkv/WCAorNWvE1HjN/3TqHmRGZsrNn24u0uuxkPbMoJLj66QFmYkHbu,6.285615,6.957992,8.477833,0,2591700,18.680499,Interactive,1,1.75
101100,Ztly4IlziLkv/WCAorNWvE1HjN/3TqHmRGZsrNn24u0uuxkPbMoJLj66QFmYkHbu,5.992188,7.0309800000000005,8.650427,0,2591700,18.680499,Interactive,1,1.75
101400,Ztly4IlziLkv/WCAorNWvE1HjN/3TqHmRGZsrNn24u0uuxkPbMoJLj66QFmYkHbu,5.968869000000001,6.941184,8.190603999999999,0,2591700,18.680499,Interactive,1,1.75
101700,Ztly4IlziLkv/WCAorNWvE1HjN/3TqHmRGZsrNn24u0uuxkPbMoJLj66QFmYkHbu,6.002669999999999,6.972756,7.918233,0,2591700,18.680499,Interactive,1,1.75
102000,Ztly4IlziLkv/WCAorNWvE1HjN/3TqHmRGZsrNn24u0uuxkPbMoJLj66QFmYkHbu,6.173173,6.943763000000001,8.543805,0,2591700,18.680499,Interactive,1,1.75
102300,Ztly4IlziLkv/WCAorNWvE1HjN/3TqHmRGZsrNn24u0uuxkPbMoJLj66QFmYkHbu,5.918791000000001,11.155329,32.394296999999995,0,2591700,18.680499,Interactive,1,1.75
102600,Ztly4IlziLkv/WCAorNWvE1HjN/3TqHmRGZsrNn24u0uuxkPbMoJLj66QFmYkHbu,5.868776,6.925003,8.14895,0,2591700,18.680499,Interactive,1,1.75
102900,Ztly4IlziLkv/WCAorNWvE1HjN/3TqHmRGZsrNn24u0uuxkPbMoJLj66QFmYkHbu,6.096907,6.965935000000001,8.499358,0,2591700,18.680499,Interactive,1,1.75
103200,Ztly4IlziLkv/WCAorNWvE1HjN/3TqHmRGZsrNn24u0uuxkPbMoJLj66QFmYkHbu,5.815727,7.060621,8.508372,0,2591700,18.680499,Interactive,1,1.75
103500,Ztly4IlziLkv/WCAorNWvE1HjN/3TqHmRGZsrNn24u0uuxkPbMoJLj66QFmYkHbu,5.946478,6.924778999999999,8.985583,0,2591700,18.680499,Interactive,1,1.75
103800,Ztly4IlziLkv/WCAorNWvE1HjN/3TqHmRGZsrNn24u0uuxkPbMoJLj66QFmYkHbu,6.095344,8.331952000000001,20.367314,0,2591700,18.680499,Interactive,1,1.75
104100,Ztly4IlziLkv/WCAorNWvE1HjN/3TqHmRGZsrNn24u0uuxkPbMoJLj66QFmYkHbu,5.913146,6.736433,8.380332000000001,0,2591700,18.680499,Interactive,1,1.75
104400,Ztly4IlziLkv/WCAorNWvE1HjN/3TqHmRGZsrNn24u0uuxkPbMoJLj66QFmYkHbu,5.937075,7.191656,10.052887,0,2591700,18.680499,Interactive,1,1.75
104700,Ztly4IlziLkv/WCAorNWvE1HjN/3TqHmRGZsrNn24u0uuxkPbMoJLj66QFmYkHbu,6.015825,6.946575999999999,8.610491,0,2591700,18.680499,Interactive,1,1.75
105000,Ztly4IlziLkv/WCAorNWvE1HjN/3TqHmRGZsrNn24u0uuxkPbMoJLj66QFmYkHbu,5.913776,7.269594,10.178054,0,2591700,18.680499,Interactive,1,1.75
105300,Ztly4IlziLkv/WCAorNWvE1HjN/3TqHmRGZsrNn24u0uuxkPbMoJLj66QFmYkHbu,5.931796,6.902345,8.363384,0,2591700,18.680499,Interactive,1,1.75
105600,Ztly4IlziLkv/WCAorNWvE1HjN/3TqHmRGZsrNn24u0uuxkPbMoJLj66QFmYkHbu,6.22241,7.185953,8.529334,0,2591700,18.680499,Interactive,1,1.75
105900,Ztly4IlziLkv/WCAorNWvE1HjN/3TqHmRGZsrNn24u0uuxkPbMoJLj66QFmYkHbu,6.180555,9.694325,23.484861,0,2591700,18.680499,Interactive,1,1.75
106200,Ztly4IlziLkv/WCAorNWvE1HjN/3TqHmRGZsrNn24u0uuxkPbMoJLj66QFmYkHbu,6.191796,7.827899,15.678963,0,2591700,18.680499,Interactive,1,1.75
106500,Ztly4IlziLkv/WCAorNWvE1HjN/3TqHmRGZsrNn24u0uuxkPbMoJLj66QFmYkHbu,5.745453,6.845843,7.808857000000001,0,2591700,18.680499,Interactive,1,1.75
106800,Ztly4IlziLkv/WCAorNWvE1HjN/3TqHmRGZsrNn24u0uuxkPbMoJLj66QFmYkHbu,5.971661,6.840725,7.921326,0,2591700,18.680499,Interactive,1,1.75
107100,Ztly4IlziLkv/WCAorNWvE1HjN/3TqHmRGZsrNn24u0uuxkPbMoJLj66QFmYkHbu,5.988778,6.931456,8.557372,0,2591700,18.680499,Interactive,1,1.75
107400,Ztly4IlziLkv/WCAorNWvE1HjN/3TqHmRGZsrNn24u0uuxkPbMoJLj66QFmYkHbu,5.982592,6.932567999999999,7.736053,0,2591700,18.680499,Interactive,1,1.75
107700,Ztly4IlziLkv/WCAorNWvE1HjN/3TqHmRGZsrNn24u0uuxkPbMoJLj66QFmYkHbu,5.914585,6.9218020000000005,9.259358,0,2591700,18.680499,Interactive,1,1.75
108000,Ztly4IlziLkv/WCAorNWvE1HjN/3TqHmRGZsrNn24u0uuxkPbMoJLj66QFmYkHbu,5.827646,6.908424,7.907382000000001,0,2591700,18.680499,Interactive,1,1.75
108300,Ztly4IlziLkv/WCAorNWvE1HjN/3TqHmRGZsrNn24u0uuxkPbMoJLj66QFmYkHbu,5.923707,6.949778,8.239572,0,2591700,18.680499,Interactive,1,1.75
108600,Ztly4IlziLkv/WCAorNWvE1HjN/3TqHmRGZsrNn24u0uuxkPbMoJLj66QFmYkHbu,5.814451999999999,7.306547,11.897924,0,2591700,18.680499,Interactive,1,1.75
108900,Ztly4IlziLkv/WCAorNWvE1HjN/3TqHmRGZsrNn24u0uuxkPbMoJLj66QFmYkHbu,5.988978,6.909555,7.889352000000001,0,2591700,18.680499,Interactive,1,1.75
109200,Ztly4IlziLkv/WCAorNWvE1HjN/3TqHmRGZsrNn24u0uuxkPbMoJLj66QFmYkHbu,5.893502,7.622189,15.44038,0,2591700,18.680499,Interactive,1,1.75
109500,Ztly4IlziLkv/WCAorNWvE1HjN/3TqHmRGZsrNn24u0uuxkPbMoJLj66QFmYkHbu,5.928382,9.549075,31.945511,0,2591700,18.680499,Interactive,1,1.75
109800,Ztly4IlziLkv/WCAorNWvE1HjN/3TqHmRGZsrNn24u0uuxkPbMoJLj66QFmYkHbu,5.958424,8.93052,28.033032,0,2591700,18.680499,Interactive,1,1.75
110100,Ztly4IlziLkv/WCAorNWvE1HjN/3TqHmRGZsrNn24u0uuxkPbMoJLj66QFmYkHbu,6.017468,6.938215,7.881903,0,2591700,18.680499,Interactive,1,1.75
110400,Ztly4IlziLkv/WCAorNWvE1HjN/3TqHmRGZsrNn24u0uuxkPbMoJLj66QFmYkHbu,5.9080010000000005,9.563901,34.05935,0,2591700,18.680499,Interactive,1,1.75
110700,Ztly4IlziLkv/WCAorNWvE1HjN/3TqHmRGZsrNn24u0uuxkPbMoJLj66QFmYkHbu,5.931135,6.885248,8.160811,0,2591700,18.680499,Interactive,1,1.75
111000,Ztly4IlziLkv/WCAorNWvE1HjN/3TqHmRGZsrNn24u0uuxkPbMoJLj66QFmYkHbu,5.936332,11.119988,48.672543,0,2591700,18.680499,Interactive,1,1.75
111300,Ztly4IlziLkv/WCAorNWvE1HjN/3TqHmRGZsrNn24u0uuxkPbMoJLj66QFmYkHbu,6.005417,11.082926,49.49765,0,2591700,18.680499,Interactive,1,1.75
111600,Ztly4IlziLkv/WCAorNWvE1HjN/3TqHmRGZsrNn24u0uuxkPbMoJLj66QFmYkHbu,5.925017,6.944308,8.290559,0,2591700,18.680499,Interactive,1,1.75
111900,Ztly4IlziLkv/WCAorNWvE1HjN/3TqHmRGZsrNn24u0uuxkPbMoJLj66QFmYkHbu,5.9765,11.111954,48.792386,0,2591700,18.680499,Interactive,1,1.75
112200,Ztly4IlziLkv/WCAorNWvE1HjN/3TqHmRGZsrNn24u0uuxkPbMoJLj66QFmYkHbu,5.892904,6.939079,8.269134,0,2591700,18.680499,Interactive,1,1.75
112500,Ztly4IlziLkv/WCAorNWvE1HjN/3TqHmRGZsrNn24u0uuxkPbMoJLj66QFmYkHbu,5.966135,10.609205,44.702281,0,2591700,18.680499,Interactive,1,1.75
112800,Ztly4IlziLkv/WCAorNWvE1HjN/3TqHmRGZsrNn24u0uuxkPbMoJLj66QFmYkHbu,6.016342,7.030825,8.190049,0,2591700,18.680499,Interactive,1,1.75
113100,Ztly4IlziLkv/WCAorNWvE1HjN/3TqHmRGZsrNn24u0uuxkPbMoJLj66QFmYkHbu,5.935068,10.798577,46.62784,0,2591700,18.680499,Interactive,1,1.75
113400,Ztly4IlziLkv/WCAorNWvE1HjN/3TqHmRGZsrNn24u0uuxkPbMoJLj66QFmYkHbu,6.186241000000001,7.033941,8.133453999999999,0,2591700,18.680499,Interactive,1,1.75
113700,Ztly4IlziLkv/WCAorNWvE1HjN/3TqHmRGZsrNn24u0uuxkPbMoJLj66QFmYkHbu,5.811578,7.840861999999999,15.904633,0,2591700,18.680499,Interactive,1,1.75
114000,Ztly4IlziLkv/WCAorNWvE1HjN/3TqHmRGZsrNn24u0uuxkPbMoJLj66QFmYkHbu,6.0969370000000005,7.147427,8.545428,0,2591700,18.680499,Interactive,1,1.75
114300,Ztly4IlziLkv/WCAorNWvE1HjN/3TqHmRGZsrNn24u0uuxkPbMoJLj66QFmYkHbu,5.936535,6.941389999999999,8.04156,0,2591700,18.680499,Interactive,1,1.75
114600,Ztly4IlziLkv/WCAorNWvE1HjN/3TqHmRGZsrNn24u0uuxkPbMoJLj66QFmYkHbu,6.110412999999999,7.300785,9.43545,0,2591700,18.680499,Interactive,1,1.75
114900,Ztly4IlziLkv/WCAorNWvE1HjN/3TqHmRGZsrNn24u0uuxkPbMoJLj66QFmYkHbu,5.945601,6.813596,8.127863,0,2591700,18.680499,Interactive,1,1.75
115200,Ztly4IlziLkv/WCAorNWvE1HjN/3TqHmRGZsrNn24u0uuxkPbMoJLj66QFmYkHbu,5.96304,7.748129,13.281122,0,2591700,18.680499,Interactive,1,1.75
115500,Ztly4IlziLkv/WCAorNWvE1HjN/3TqHmRGZsrNn24u0uuxkPbMoJLj66QFmYkHbu,5.902304,6.917044000000001,8.183297999999999,0,2591700,18.680499,Interactive,1,1.75
115800,Ztly4IlziLkv/WCAorNWvE1HjN/3TqHmRGZsrNn24u0uuxkPbMoJLj66QFmYkHbu,5.9708190000000005,7.243644000000001,10.121276,0,2591700,18.680499,Interactive,1,1.75
116100,Ztly4IlziLkv/WCAorNWvE1HjN/3TqHmRGZsrNn24u0uuxkPbMoJLj66QFmYkHbu,5.959482,6.970346000000001,7.898353999999999,0,2591700,18.680499,Interactive,1,1.75
116400,Ztly4IlziLkv/WCAorNWvE1HjN/3TqHmRGZsrNn24u0uuxkPbMoJLj66QFmYkHbu,6.075483999999999,7.153478999999999,7.989773,0,2591700,18.680499,Interactive,1,1.75
116700,Ztly4IlziLkv/WCAorNWvE1HjN/3TqHmRGZsrNn24u0uuxkPbMoJLj66QFmYkHbu,3.3453980000000003,9.16738,24.169005,0,2591700,18.680499,Interactive,1,1.75
117000,Ztly4IlziLkv/WCAorNWvE1HjN/3TqHmRGZsrNn24u0uuxkPbMoJLj66QFmYkHbu,5.959242,7.013724000000001,7.589428,0,2591700,18.680499,Interactive,1,1.75
117300,Ztly4IlziLkv/WCAorNWvE1HjN/3TqHmRGZsrNn24u0uuxkPbMoJLj66QFmYkHbu,4.396561,6.518818,7.523789,0,2591700,18.680499,Interactive,1,1.75
117600,Ztly4IlziLkv/WCAorNWvE1HjN/3TqHmRGZsrNn24u0uuxkPbMoJLj66QFmYkHbu,6.0216330000000005,6.80455,7.82251,0,2591700,18.680499,Interactive,1,1.75
117900,Ztly4IlziLkv/WCAorNWvE1HjN/3TqHmRGZsrNn24u0uuxkPbMoJLj66QFmYkHbu,4.354541,6.731347,7.805076,0,2591700,18.680499,Interactive,1,1.75
118200,Ztly4IlziLkv/WCAorNWvE1HjN/3TqHmRGZsrNn24u0uuxkPbMoJLj66QFmYkHbu,5.961249,6.950535,8.159549,0,2591700,18.680499,Interactive,1,1.75
118500,Ztly4IlziLkv/WCAorNWvE1HjN/3TqHmRGZsrNn24u0uuxkPbMoJLj66QFmYkHbu,4.216421,6.529011,7.141284,0,2591700,18.680499,Interactive,1,1.75
118800,Ztly4IlziLkv/WCAorNWvE1HjN/3TqHmRGZsrNn24u0uuxkPbMoJLj66QFmYkHbu,6.060137,6.962869,7.564628999999999,0,2591700,18.680499,Interactive,1,1.75
119100,Ztly4IlziLkv/WCAorNWvE1HjN/3TqHmRGZsrNn24u0uuxkPbMoJLj66QFmYkHbu,6.009511,6.917775,7.797802000000001,0,2591700,18.680499,Interactive,1,1.75
119400,Ztly4IlziLkv/WCAorNWvE1HjN/3TqHmRGZsrNn24u0uuxkPbMoJLj66QFmYkHbu,6.4867550000000005,7.825417,16.236442999999998,0,2591700,18.680499,Interactive,1,1.75
119700,Ztly4IlziLkv/WCAorNWvE1HjN/3TqHmRGZsrNn24u0uuxkPbMoJLj66QFmYkHbu,5.982408,7.037411,7.738103999999999,0,2591700,18.680499,Interactive,1,1.75
120000,Ztly4IlziLkv/WCAorNWvE1HjN/3TqHmRGZsrNn24u0uuxkPbMoJLj66QFmYkHbu,4.467048999999999,6.790353,8.270194,0,2591700,18.680499,Interactive,1,1.75
120300,Ztly4IlziLkv/WCAorNWvE1HjN/3TqHmRGZsrNn24u0uuxkPbMoJLj66QFmYkHbu,6.381261,9.583732,34.173,0,2591700,18.680499,Interactive,1,1.75
120600,Ztly4IlziLkv/WCAorNWvE1HjN/3TqHmRGZsrNn24u0uuxkPbMoJLj66QFmYkHbu,3.659557,6.6105,7.520286,0,2591700,18.680499,Interactive,1,1.75
120900,Ztly4IlziLkv/WCAorNWvE1HjN/3TqHmRGZsrNn24u0uuxkPbMoJLj66QFmYkHbu,5.967882,7.286689,10.76683,0,2591700,18.680499,Interactive,1,1.75
121200,Ztly4IlziLkv/WCAorNWvE1HjN/3TqHmRGZsrNn24u0uuxkPbMoJLj66QFmYkHbu,3.989611,6.479362,7.200929,0,2591700,18.680499,Interactive,1,1.75
121500,Ztly4IlziLkv/WCAorNWvE1HjN/3TqHmRGZsrNn24u0uuxkPbMoJLj66QFmYkHbu,6.151353,7.013417,7.38117,0,2591700,18.680499,Interactive,1,1.75
121800,Ztly4IlziLkv/WCAorNWvE1HjN/3TqHmRGZsrNn24u0uuxkPbMoJLj66QFmYkHbu,5.967958,6.977191,7.555381,0,2591700,18.680499,Interactive,1,1.75
122100,Ztly4IlziLkv/WCAorNWvE1HjN/3TqHmRGZsrNn24u0uuxkPbMoJLj66QFmYkHbu,3.533795,6.539341,7.422586,0,2591700,18.680499,Interactive,1,1.75
122400,Ztly4IlziLkv/WCAorNWvE1HjN/3TqHmRGZsrNn24u0uuxkPbMoJLj66QFmYkHbu,5.934468,7.047401,7.775987,0,2591700,18.680499,Interactive,1,1.75
122700,Ztly4IlziLkv/WCAorNWvE1HjN/3TqHmRGZsrNn24u0uuxkPbMoJLj66QFmYkHbu,3.061172,6.570442999999999,7.713727,0,2591700,18.680499,Interactive,1,1.75
123000,Ztly4IlziLkv/WCAorNWvE1HjN/3TqHmRGZsrNn24u0uuxkPbMoJLj66QFmYkHbu,6.026039,6.875012,8.143406,0,2591700,18.680499,Interactive,1,1.75
123300,Ztly4IlziLkv/WCAorNWvE1HjN/3TqHmRGZsrNn24u0uuxkPbMoJLj66QFmYkHbu,4.015898,6.705936,7.792257000000001,0,2591700,18.680499,Interactive,1,1.75
123600,Ztly4IlziLkv/WCAorNWvE1HjN/3TqHmRGZsrNn24u0uuxkPbMoJLj66QFmYkHbu,5.914202,6.921375,8.170821,0,2591700,18.680499,Interactive,1,1.75
123900,Ztly4IlziLkv/WCAorNWvE1HjN/3TqHmRGZsrNn24u0uuxkPbMoJLj66QFmYkHbu,3.10043,6.480714,8.105932000000001,0,2591700,18.680499,Interactive,1,1.75
124200,Ztly4IlziLkv/WCAorNWvE1HjN/3TqHmRGZsrNn24u0uuxkPbMoJLj66QFmYkHbu,5.954512,7.029228,7.880803,0,2591700,18.680499,Interactive,1,1.75
124500,Ztly4IlziLkv/WCAorNWvE1HjN/3TqHmRGZsrNn24u0uuxkPbMoJLj66QFmYkHbu,3.661278,6.655954,8.116956,0,2591700,18.680499,Interactive,1,1.75
124800,Ztly4IlziLkv/WCAorNWvE1HjN/3TqHmRGZsrNn24u0uuxkPbMoJLj66QFmYkHbu,5.5678790000000005,6.739675,8.318485,0,2591700,18.680499,Interactive,1,1.75
125100,Ztly4IlziLkv/WCAorNWvE1HjN/3TqHmRGZsrNn24u0uuxkPbMoJLj66QFmYkHbu,5.985733,7.361295,10.586052,0,2591700,18.680499,Interactive,1,1.75
125400,Ztly4IlziLkv/WCAorNWvE1HjN/3TqHmRGZsrNn24u0uuxkPbMoJLj66QFmYkHbu,4.115393,6.634684,8.829559,0,2591700,18.680499,Interactive,1,1.75
125700,Ztly4IlziLkv/WCAorNWvE1HjN/3TqHmRGZsrNn24u0uuxkPbMoJLj66QFmYkHbu,6.035595,6.879522,8.2319,0,2591700,18.680499,Interactive,1,1.75
126000,Ztly4IlziLkv/WCAorNWvE1HjN/3TqHmRGZsrNn24u0uuxkPbMoJLj66QFmYkHbu,4.7007900000000005,6.681574,8.851816,0,2591700,18.680499,Interactive,1,1.75
126300,Ztly4IlziLkv/WCAorNWvE1HjN/3TqHmRGZsrNn24u0uuxkPbMoJLj66QFmYkHbu,5.910491,7.077511,9.039733,0,2591700,18.680499,Interactive,1,1.75
126600,Ztly4IlziLkv/WCAorNWvE1HjN/3TqHmRGZsrNn24u0uuxkPbMoJLj66QFmYkHbu,3.367314,6.47679,8.345547999999999,0,2591700,18.680499,Interactive,1,1.75
126900,Ztly4IlziLkv/WCAorNWvE1HjN/3TqHmRGZsrNn24u0uuxkPbMoJLj66QFmYkHbu,5.882499,7.031703,8.500604,0,2591700,18.680499,Interactive,1,1.75
127200,Ztly4IlziLkv/WCAorNWvE1HjN/3TqHmRGZsrNn24u0uuxkPbMoJLj66QFmYkHbu,4.929648,6.716582000000001,8.752103,0,2591700,18.680499,Interactive,1,1.75
127500,Ztly4IlziLkv/WCAorNWvE1HjN/3TqHmRGZsrNn24u0uuxkPbMoJLj66QFmYkHbu,4.712778,9.286614,20.478097,0,2591700,18.680499,Interactive,1,1.75
127800,Ztly4IlziLkv/WCAorNWvE1HjN/3TqHmRGZsrNn24u0uuxkPbMoJLj66QFmYkHbu,5.908057,7.025977,8.666478999999999,0,2591700,18.680499,Interactive,1,1.75
128100,Ztly4IlziLkv/WCAorNWvE1HjN/3TqHmRGZsrNn24u0uuxkPbMoJLj66QFmYkHbu,3.160078,6.669778999999999,8.92345,0,2591700,18.680499,Interactive,1,1.75
128400,Ztly4IlziLkv/WCAorNWvE1HjN/3TqHmRGZsrNn24u0uuxkPbMoJLj66QFmYkHbu,5.902896,6.8303910000000005,8.404677000000001,0,2591700,18.680499,Interactive,1,1.75
128700,Ztly4IlziLkv/WCAorNWvE1HjN/3TqHmRGZsrNn24u0uuxkPbMoJLj66QFmYkHbu,3.892169,6.728716,8.49714,0,2591700,18.680499,Interactive,1,1.75
129000,Ztly4IlziLkv/WCAorNWvE1HjN/3TqHmRGZsrNn24u0uuxkPbMoJLj66QFmYkHbu,5.944755000000001,6.89165,8.602008,0,2591700,18.680499,Interactive,1,1.75
129300,Ztly4IlziLkv/WCAorNWvE1HjN/3TqHmRGZsrNn24u0uuxkPbMoJLj66QFmYkHbu,2.994676,6.475,8.177402,0,2591700,18.680499,Interactive,1,1.75
129600,Ztly4IlziLkv/WCAorNWvE1HjN/3TqHmRGZsrNn24u0uuxkPbMoJLj66QFmYkHbu,5.969734,7.017689999999999,8.546501,0,2591700,18.680499,Interactive,1,1.75
129900,Ztly4IlziLkv/WCAorNWvE1HjN/3TqHmRGZsrNn24u0uuxkPbMoJLj66QFmYkHbu,3.790295,6.6462,8.476171,0,2591700,18.680499,Interactive,1,1.75
130200,Ztly4IlziLkv/WCAorNWvE1HjN/3TqHmRGZsrNn24u0uuxkPbMoJLj66QFmYkHbu,3.737998,6.431816,7.861989,0,2591700,18.680499,Interactive,1,1.75
130500,Ztly4IlziLkv/WCAorNWvE1HjN/3TqHmRGZsrNn24u0uuxkPbMoJLj66QFmYkHbu,5.931145,7.001,8.253855999999999,0,2591700,18.680499,Interactive,1,1.75
130800,Ztly4IlziLkv/WCAorNWvE1HjN/3TqHmRGZsrNn24u0uuxkPbMoJLj66QFmYkHbu,2.979966,6.55172,8.820098,0,2591700,18.680499,Interactive,1,1.75
131100,Ztly4IlziLkv/WCAorNWvE1HjN/3TqHmRGZsrNn24u0uuxkPbMoJLj66QFmYkHbu,5.90073,9.571309,31.651877,0,2591700,18.680499,Interactive,1,1.75
131400,Ztly4IlziLkv/WCAorNWvE1HjN/3TqHmRGZsrNn24u0uuxkPbMoJLj66QFmYkHbu,3.645619,6.620256,8.621525,0,2591700,18.680499,Interactive,1,1.75
131700,Ztly4IlziLkv/WCAorNWvE1HjN/3TqHmRGZsrNn24u0uuxkPbMoJLj66QFmYkHbu,5.8192330000000005,6.926349,8.452724,0,2591700,18.680499,Interactive,1,1.75
132000,Ztly4IlziLkv/WCAorNWvE1HjN/3TqHmRGZsrNn24u0uuxkPbMoJLj66QFmYkHbu,3.837231,6.390822,8.217057,0,2591700,18.680499,Interactive,1,1.75
132300,Ztly4IlziLkv/WCAorNWvE1HjN/3TqHmRGZsrNn24u0uuxkPbMoJLj66QFmYkHbu,5.878364,7.034267999999999,7.917005,0,2591700,18.680499,Interactive,1,1.75
132600,Ztly4IlziLkv/WCAorNWvE1HjN/3TqHmRGZsrNn24u0uuxkPbMoJLj66QFmYkHbu,4.982199,6.589441000000001,8.147323,0,2591700,18.680499,Interactive,1,1.75
132900,Ztly4IlziLkv/WCAorNWvE1HjN/3TqHmRGZsrNn24u0uuxkPbMoJLj66QFmYkHbu,4.108477,6.689716000000001,8.028061,0,2591700,18.680499,Interactive,1,1.75
133200,Ztly4IlziLkv/WCAorNWvE1HjN/3TqHmRGZsrNn24u0uuxkPbMoJLj66QFmYkHbu,5.921733000000001,7.05242,7.760963999999999,0,2591700,18.680499,Interactive,1,1.75
133500,Ztly4IlziLkv/WCAorNWvE1HjN/3TqHmRGZsrNn24u0uuxkPbMoJLj66QFmYkHbu,4.485169,6.623417,8.050313000000001,0,2591700,18.680499,Interactive,1,1.75
133800,Ztly4IlziLkv/WCAorNWvE1HjN/3TqHmRGZsrNn24u0uuxkPbMoJLj66QFmYkHbu,5.903041,6.851933,7.678069,0,2591700,18.680499,Interactive,1,1.75
134100,Ztly4IlziLkv/WCAorNWvE1HjN/3TqHmRGZsrNn24u0uuxkPbMoJLj66QFmYkHbu,3.19896,6.652341000000001,7.7989,0,2591700,18.680499,Interactive,1,1.75
134400,Ztly4IlziLkv/WCAorNWvE1HjN/3TqHmRGZsrNn24u0uuxkPbMoJLj66QFmYkHbu,5.876303,6.755245,7.827354,0,2591700,18.680499,Interactive,1,1.75
134700,Ztly4IlziLkv/WCAorNWvE1HjN/3TqHmRGZsrNn24u0uuxkPbMoJLj66QFmYkHbu,3.325971,9.390864,33.650866,0,2591700,18.680499,Interactive,1,1.75
135000,Ztly4IlziLkv/WCAorNWvE1HjN/3TqHmRGZsrNn24u0uuxkPbMoJLj66QFmYkHbu,6.343067,7.272442999999999,10.593379,0,2591700,18.680499,Interactive,1,1.75
135300,Ztly4IlziLkv/WCAorNWvE1HjN/3TqHmRGZsrNn24u0uuxkPbMoJLj66QFmYkHbu,4.916496,6.714028,7.772211,0,2591700,18.680499,Interactive,1,1.75
135600,Ztly4IlziLkv/WCAorNWvE1HjN/3TqHmRGZsrNn24u0uuxkPbMoJLj66QFmYkHbu,3.3564540000000003,6.546197,7.732939999999999,0,2591700,18.680499,Interactive,1,1.75
135900,Ztly4IlziLkv/WCAorNWvE1HjN/3TqHmRGZsrNn24u0uuxkPbMoJLj66QFmYkHbu,6.510564,7.037188,7.754417999999999,0,2591700,18.680499,Interactive,1,1.75
136200,Ztly4IlziLkv/WCAorNWvE1HjN/3TqHmRGZsrNn24u0uuxkPbMoJLj66QFmYkHbu,4.849609,6.826116000000001,7.723961999999999,0,2591700,18.680499,Interactive,1,1.75
136500,Ztly4IlziLkv/WCAorNWvE1HjN/3TqHmRGZsrNn24u0uuxkPbMoJLj66QFmYkHbu,5.922706,6.950984,8.127861,0,2591700,18.680499,Interactive,1,1.75
136800,Ztly4IlziLkv/WCAorNWvE1HjN/3TqHmRGZsrNn24u0uuxkPbMoJLj66QFmYkHbu,4.484167,6.820568,7.535830000000001,0,2591700,18.680499,Interactive,1,1.75
137100,Ztly4IlziLkv/WCAorNWvE1HjN/3TqHmRGZsrNn24u0uuxkPbMoJLj66QFmYkHbu,5.819667,6.910575,8.010328,0,2591700,18.680499,Interactive,1,1.75
137400,Ztly4IlziLkv/WCAorNWvE1HjN/3TqHmRGZsrNn24u0uuxkPbMoJLj66QFmYkHbu,5.763659,6.851804,7.701035000000001,0,2591700,18.680499,Interactive,1,1.75
137700,Ztly4IlziLkv/WCAorNWvE1HjN/3TqHmRGZsrNn24u0uuxkPbMoJLj66QFmYkHbu,6.280334,6.968653,7.532622,0,2591700,18.680499,Interactive,1,1.75
138000,Ztly4IlziLkv/WCAorNWvE1HjN/3TqHmRGZsrNn24u0uuxkPbMoJLj66QFmYkHbu,3.73066,6.602091000000001,7.679963000000001,0,2591700,18.680499,Interactive,1,1.75
138300,Ztly4IlziLkv/WCAorNWvE1HjN/3TqHmRGZsrNn24u0uuxkPbMoJLj66QFmYkHbu,6.2610660000000005,9.72846,26.898028000000004,0,2591700,18.680499,Interactive,1,1.75
138600,Ztly4IlziLkv/WCAorNWvE1HjN/3TqHmRGZsrNn24u0uuxkPbMoJLj66QFmYkHbu,4.637334,6.741022999999999,7.365017,0,2591700,18.680499,Interactive,1,1.75
138900,Ztly4IlziLkv/WCAorNWvE1HjN/3TqHmRGZsrNn24u0uuxkPbMoJLj66QFmYkHbu,3.580382,6.693948,7.911022999999999,0,2591700,18.680499,Interactive,1,1.75
139200,Ztly4IlziLkv/WCAorNWvE1HjN/3TqHmRGZsrNn24u0uuxkPbMoJLj66QFmYkHbu,6.103639,6.919150999999999,7.954777,0,2591700,18.680499,Interactive,1,1.75
139500,Ztly4IlziLkv/WCAorNWvE1HjN/3TqHmRGZsrNn24u0uuxkPbMoJLj66QFmYkHbu,3.763304,6.697824000000001,8.555046,0,2591700,18.680499,Interactive,1,1.75
139800,Ztly4IlziLkv/WCAorNWvE1HjN/3TqHmRGZsrNn24u0uuxkPbMoJLj66QFmYkHbu,5.842376,6.857798,7.818612,0,2591700,18.680499,Interactive,1,1.75
140100,Ztly4IlziLkv/WCAorNWvE1HjN/3TqHmRGZsrNn24u0uuxkPbMoJLj66QFmYkHbu,3.750027,6.683944,8.175767,0,2591700,18.680499,Interactive,1,1.75
140400,Ztly4IlziLkv/WCAorNWvE1HjN/3TqHmRGZsrNn24u0uuxkPbMoJLj66QFmYkHbu,5.890634,6.976871000000001,8.3721,0,2591700,18.680499,Interactive,1,1.75
140700,Ztly4IlziLkv/WCAorNWvE1HjN/3TqHmRGZsrNn24u0uuxkPbMoJLj66QFmYkHbu,5.452475,6.772713,8.432784,0,2591700,18.680499,Interactive,1,1.75
141000,Ztly4IlziLkv/WCAorNWvE1HjN/3TqHmRGZsrNn24u0uuxkPbMoJLj66QFmYkHbu,6.002577,6.8806,7.922252,0,2591700,18.680499,Interactive,1,1.75
141300,Ztly4IlziLkv/WCAorNWvE1HjN/3TqHmRGZsrNn24u0uuxkPbMoJLj66QFmYkHbu,3.464636,6.760043,8.790206,0,2591700,18.680499,Interactive,1,1.75
141600,Ztly4IlziLkv/WCAorNWvE1HjN/3TqHmRGZsrNn24u0uuxkPbMoJLj66QFmYkHbu,3.511936,6.609660000000001,8.126832,0,2591700,18.680499,Interactive,1,1.75
141900,Ztly4IlziLkv/WCAorNWvE1HjN/3TqHmRGZsrNn24u0uuxkPbMoJLj66QFmYkHbu,5.945999,9.702573,32.627113,0,2591700,18.680499,Interactive,1,1.75
142200,Ztly4IlziLkv/WCAorNWvE1HjN/3TqHmRGZsrNn24u0uuxkPbMoJLj66QFmYkHbu,4.991898,6.834171,8.096333999999999,0,2591700,18.680499,Interactive,1,1.75
142500,Ztly4IlziLkv/WCAorNWvE1HjN/3TqHmRGZsrNn24u0uuxkPbMoJLj66QFmYkHbu,5.986295,6.891700999999999,8.555206,0,2591700,18.680499,Interactive,1,1.75
142800,Ztly4IlziLkv/WCAorNWvE1HjN/3TqHmRGZsrNn24u0uuxkPbMoJLj66QFmYkHbu,4.6840660000000005,6.723595,8.610524,0,2591700,18.680499,Interactive,1,1.75
143100,Ztly4IlziLkv/WCAorNWvE1HjN/3TqHmRGZsrNn24u0uuxkPbMoJLj66QFmYkHbu,5.90193,7.045078,8.783684,0,2591700,18.680499,Interactive,1,1.75
143400,Ztly4IlziLkv/WCAorNWvE1HjN/3TqHmRGZsrNn24u0uuxkPbMoJLj66QFmYkHbu,5.913551999999999,7.186588,9.005846,0,2591700,18.680499,Interactive,1,1.75
143700,Ztly4IlziLkv/WCAorNWvE1HjN/3TqHmRGZsrNn24u0uuxkPbMoJLj66QFmYkHbu,5.935735,6.933933000000001,8.995192,0,2591700,18.680499,Interactive,1,1.75
144000,Ztly4IlziLkv/WCAorNWvE1HjN/3TqHmRGZsrNn24u0uuxkPbMoJLj66QFmYkHbu,3.660592,6.792501,8.36201,0,2591700,18.680499,Interactive,1,1.75
144300,Ztly4IlziLkv/WCAorNWvE1HjN/3TqHmRGZsrNn24u0uuxkPbMoJLj66QFmYkHbu,4.242822,6.767386,8.446897,0,2591700,18.680499,Interactive,1,1.75
144600,Ztly4IlziLkv/WCAorNWvE1HjN/3TqHmRGZsrNn24u0uuxkPbMoJLj66QFmYkHbu,5.947536,6.946094,8.5188,0,2591700,18.680499,Interactive,1,1.75
144900,Ztly4IlziLkv/WCAorNWvE1HjN/3TqHmRGZsrNn24u0uuxkPbMoJLj66QFmYkHbu,4.2792,6.738747,8.702884,0,2591700,18.680499,Interactive,1,1.75
145200,Ztly4IlziLkv/WCAorNWvE1HjN/3TqHmRGZsrNn24u0uuxkPbMoJLj66QFmYkHbu,5.706968,6.786895,8.307607,0,2591700,18.680499,Interactive,1,1.75
145500,Ztly4IlziLkv/WCAorNWvE1HjN/3TqHmRGZsrNn24u0uuxkPbMoJLj66QFmYkHbu,5.634301,9.808158,34.982705,0,2591700,18.680499,Interactive,1,1.75
145800,Ztly4IlziLkv/WCAorNWvE1HjN/3TqHmRGZsrNn24u0uuxkPbMoJLj66QFmYkHbu,5.697273,6.810089,8.286164,0,2591700,18.680499,Interactive,1,1.75
146100,Ztly4IlziLkv/WCAorNWvE1HjN/3TqHmRGZsrNn24u0uuxkPbMoJLj66QFmYkHbu,4.566376,6.4789900000000005,8.25037,0,2591700,18.680499,Interactive,1,1.75
146400,Ztly4IlziLkv/WCAorNWvE1HjN/3TqHmRGZsrNn24u0uuxkPbMoJLj66QFmYkHbu,5.662505,6.753158999999999,7.63104,0,2591700,18.680499,Interactive,1,1.75
146700,Ztly4IlziLkv/WCAorNWvE1HjN/3TqHmRGZsrNn24u0uuxkPbMoJLj66QFmYkHbu,4.253507,6.688091,7.786797,0,2591700,18.680499,Interactive,1,1.75
147000,Ztly4IlziLkv/WCAorNWvE1HjN/3TqHmRGZsrNn24u0uuxkPbMoJLj66QFmYkHbu,3.182314,6.457134,8.287755,0,2591700,18.680499,Interactive,1,1.75
147300,Ztly4IlziLkv/WCAorNWvE1HjN/3TqHmRGZsrNn24u0uuxkPbMoJLj66QFmYkHbu,5.665719999999999,6.871671000000001,8.066011,0,2591700,18.680499,Interactive,1,1.75
147600,Ztly4IlziLkv/WCAorNWvE1HjN/3TqHmRGZsrNn24u0uuxkPbMoJLj66QFmYkHbu,4.0770230000000005,6.7054100000000005,8.044514999999999,0,2591700,18.680499,Interactive,1,1.75
147900,Ztly4IlziLkv/WCAorNWvE1HjN/3TqHmRGZsrNn24u0uuxkPbMoJLj66QFmYkHbu,5.958844999999999,6.952288,8.760005,0,2591700,18.680499,Interactive,1,1.75
148200,Ztly4IlziLkv/WCAorNWvE1HjN/3TqHmRGZsrNn24u0uuxkPbMoJLj66QFmYkHbu,3.852949,6.6300360000000005,7.60887,0,2591700,18.680499,Interactive,1,1.75
148500,Ztly4IlziLkv/WCAorNWvE1HjN/3TqHmRGZsrNn24u0uuxkPbMoJLj66QFmYkHbu,5.904008,7.096925,8.868844000000001,0,2591700,18.680499,Interactive,1,1.75
148800,Ztly4IlziLkv/WCAorNWvE1HjN/3TqHmRGZsrNn24u0uuxkPbMoJLj66QFmYkHbu,5.853446,6.783705,8.282553,0,2591700,18.680499,Interactive,1,1.75
149100,Ztly4IlziLkv/WCAorNWvE1HjN/3TqHmRGZsrNn24u0uuxkPbMoJLj66QFmYkHbu,5.599016000000001,9.436428,26.653928000000004,0,2591700,18.680499,Interactive,1,1.75
149400,Ztly4IlziLkv/WCAorNWvE1HjN/3TqHmRGZsrNn24u0uuxkPbMoJLj66QFmYkHbu,3.41609,7.21393,10.136967,0,2591700,18.680499,Interactive,1,1.75
149700,Ztly4IlziLkv/WCAorNWvE1HjN/3TqHmRGZsrNn24u0uuxkPbMoJLj66QFmYkHbu,4.997364,6.754236,8.015936,0,2591700,18.680499,Interactive,1,1.75
150000,Ztly4IlziLkv/WCAorNWvE1HjN/3TqHmRGZsrNn24u0uuxkPbMoJLj66QFmYkHbu,5.875206,7.876742,12.309303,0,2591700,18.680499,Interactive,1,1.75
150300,Ztly4IlziLkv/WCAorNWvE1HjN/3TqHmRGZsrNn24u0uuxkPbMoJLj66QFmYkHbu,3.050612,6.659414999999999,8.068008,0,2591700,18.680499,Interactive,1,1.75
150600,Ztly4IlziLkv/WCAorNWvE1HjN/3TqHmRGZsrNn24u0uuxkPbMoJLj66QFmYkHbu,5.815616,6.884111999999999,8.046797999999999,0,2591700,18.680499,Interactive,1,1.75
150900,Ztly4IlziLkv/WCAorNWvE1HjN/3TqHmRGZsrNn24u0uuxkPbMoJLj66QFmYkHbu,3.707789,6.676046,8.109116,0,2591700,18.680499,Interactive,1,1.75
151200,Ztly4IlziLkv/WCAorNWvE1HjN/3TqHmRGZsrNn24u0uuxkPbMoJLj66QFmYkHbu,5.874098,7.222307000000001,10.993885,0,2591700,18.680499,Interactive,1,1.75
151500,Ztly4IlziLkv/WCAorNWvE1HjN/3TqHmRGZsrNn24u0uuxkPbMoJLj66QFmYkHbu,3.793153,6.512047,7.592082,0,2591700,18.680499,Interactive,1,1.75
151800,Ztly4IlziLkv/WCAorNWvE1HjN/3TqHmRGZsrNn24u0uuxkPbMoJLj66QFmYkHbu,5.876545,6.867298,8.905222,0,2591700,18.680499,Interactive,1,1.75
152100,Ztly4IlziLkv/WCAorNWvE1HjN/3TqHmRGZsrNn24u0uuxkPbMoJLj66QFmYkHbu,5.506827,6.869977,8.650044,0,2591700,18.680499,Interactive,1,1.75
152400,Ztly4IlziLkv/WCAorNWvE1HjN/3TqHmRGZsrNn24u0uuxkPbMoJLj66QFmYkHbu,4.932014,6.884853,8.412621000000001,0,2591700,18.680499,Interactive,1,1.75
152700,Ztly4IlziLkv/WCAorNWvE1HjN/3TqHmRGZsrNn24u0uuxkPbMoJLj66QFmYkHbu,5.864731,9.620698,31.72718,0,2591700,18.680499,Interactive,1,1.75
153000,Ztly4IlziLkv/WCAorNWvE1HjN/3TqHmRGZsrNn24u0uuxkPbMoJLj66QFmYkHbu,4.723824,6.60654,8.364647,0,2591700,18.680499,Interactive,1,1.75
153300,Ztly4IlziLkv/WCAorNWvE1HjN/3TqHmRGZsrNn24u0uuxkPbMoJLj66QFmYkHbu,6.136387,7.021305,8.540249000000001,0,2591700,18.680499,Interactive,1,1.75
153600,Ztly4IlziLkv/WCAorNWvE1HjN/3TqHmRGZsrNn24u0uuxkPbMoJLj66QFmYkHbu,3.480045,6.526502,8.240112,0,2591700,18.680499,Interactive,1,1.75
153900,Ztly4IlziLkv/WCAorNWvE1HjN/3TqHmRGZsrNn24u0uuxkPbMoJLj66QFmYkHbu,5.935133,6.903644,8.455094,0,2591700,18.680499,Interactive,1,1.75
154200,Ztly4IlziLkv/WCAorNWvE1HjN/3TqHmRGZsrNn24u0uuxkPbMoJLj66QFmYkHbu,4.133323000000001,6.561439,8.159784,0,2591700,18.680499,Interactive,1,1.75
154500,Ztly4IlziLkv/WCAorNWvE1HjN/3TqHmRGZsrNn24u0uuxkPbMoJLj66QFmYkHbu,6.068822,6.926953,8.271726,0,2591700,18.680499,Interactive,1,1.75
154800,Ztly4IlziLkv/WCAorNWvE1HjN/3TqHmRGZsrNn24u0uuxkPbMoJLj66QFmYkHbu,6.065947,6.809866,8.259984,0,2591700,18.680499,Interactive,1,1.75
155100,Ztly4IlziLkv/WCAorNWvE1HjN/3TqHmRGZsrNn24u0uuxkPbMoJLj66QFmYkHbu,5.850733,7.11658,10.02655,0,2591700,18.680499,Interactive,1,1.75
155400,Ztly4IlziLkv/WCAorNWvE1HjN/3TqHmRGZsrNn24u0uuxkPbMoJLj66QFmYkHbu,5.961901999999999,6.845636,8.285833,0,2591700,18.680499,Interactive,1,1.75
155700,Ztly4IlziLkv/WCAorNWvE1HjN/3TqHmRGZsrNn24u0uuxkPbMoJLj66QFmYkHbu,5.822182,7.411194,12.358302,0,2591700,18.680499,Interactive,1,1.75
156000,Ztly4IlziLkv/WCAorNWvE1HjN/3TqHmRGZsrNn24u0uuxkPbMoJLj66QFmYkHbu,6.042296,6.898217999999999,8.256260000000001,0,2591700,18.680499,Interactive,1,1.75
156300,Ztly4IlziLkv/WCAorNWvE1HjN/3TqHmRGZsrNn24u0uuxkPbMoJLj66QFmYkHbu,5.884431,10.202727,33.397932,0,2591700,18.680499,Interactive,1,1.75
156600,Ztly4IlziLkv/WCAorNWvE1HjN/3TqHmRGZsrNn24u0uuxkPbMoJLj66QFmYkHbu,5.911757,6.898735,8.109978,0,2591700,18.680499,Interactive,1,1.75
156900,Ztly4IlziLkv/WCAorNWvE1HjN/3TqHmRGZsrNn24u0uuxkPbMoJLj66QFmYkHbu,5.910674,7.348619,12.642624,0,2591700,18.680499,Interactive,1,1.75
157200,Ztly4IlziLkv/WCAorNWvE1HjN/3TqHmRGZsrNn24u0uuxkPbMoJLj66QFmYkHbu,5.928403,6.791157000000001,8.306083000000001,0,2591700,18.680499,Interactive,1,1.75
157500,Ztly4IlziLkv/WCAorNWvE1HjN/3TqHmRGZsrNn24u0uuxkPbMoJLj66QFmYkHbu,6.157176,7.776046000000001,17.106767,0,2591700,18.680499,Interactive,1,1.75
157800,Ztly4IlziLkv/WCAorNWvE1HjN/3TqHmRGZsrNn24u0uuxkPbMoJLj66QFmYkHbu,6.0504,7.243309,11.063513,0,2591700,18.680499,Interactive,1,1.75
158100,Ztly4IlziLkv/WCAorNWvE1HjN/3TqHmRGZsrNn24u0uuxkPbMoJLj66QFmYkHbu,5.815049,6.778163,8.257473,0,2591700,18.680499,Interactive,1,1.75
158400,Ztly4IlziLkv/WCAorNWvE1HjN/3TqHmRGZsrNn24u0uuxkPbMoJLj66QFmYkHbu,5.125995,6.719755,7.488478,0,2591700,18.680499,Interactive,1,1.75
158700,Ztly4IlziLkv/WCAorNWvE1HjN/3TqHmRGZsrNn24u0uuxkPbMoJLj66QFmYkHbu,6.510983,7.085692999999999,8.531191999999999,0,2591700,18.680499,Interactive,1,1.75
159000,Ztly4IlziLkv/WCAorNWvE1HjN/3TqHmRGZsrNn24u0uuxkPbMoJLj66QFmYkHbu,3.539825,6.460148,7.442808,0,2591700,18.680499,Interactive,1,1.75
159300,Ztly4IlziLkv/WCAorNWvE1HjN/3TqHmRGZsrNn24u0uuxkPbMoJLj66QFmYkHbu,6.012324,6.966137,8.040772,0,2591700,18.680499,Interactive,1,1.75
159600,Ztly4IlziLkv/WCAorNWvE1HjN/3TqHmRGZsrNn24u0uuxkPbMoJLj66QFmYkHbu,5.27329,6.771800999999999,7.501244,0,2591700,18.680499,Interactive,1,1.75
159900,Ztly4IlziLkv/WCAorNWvE1HjN/3TqHmRGZsrNn24u0uuxkPbMoJLj66QFmYkHbu,6.184067,9.557084,27.829883,0,2591700,18.680499,Interactive,1,1.75
160200,Ztly4IlziLkv/WCAorNWvE1HjN/3TqHmRGZsrNn24u0uuxkPbMoJLj66QFmYkHbu,6.164283,7.885776,16.870828,0,2591700,18.680499,Interactive,1,1.75
160500,Ztly4IlziLkv/WCAorNWvE1HjN/3TqHmRGZsrNn24u0uuxkPbMoJLj66QFmYkHbu,3.736754,6.607958,7.427538,0,2591700,18.680499,Interactive,1,1.75
160800,Ztly4IlziLkv/WCAorNWvE1HjN/3TqHmRGZsrNn24u0uuxkPbMoJLj66QFmYkHbu,6.06533,6.958042,8.233932000000001,0,2591700,18.680499,Interactive,1,1.75
161100,Ztly4IlziLkv/WCAorNWvE1HjN/3TqHmRGZsrNn24u0uuxkPbMoJLj66QFmYkHbu,4.035361,6.729678,7.766752,0,2591700,18.680499,Interactive,1,1.75
161400,Ztly4IlziLkv/WCAorNWvE1HjN/3TqHmRGZsrNn24u0uuxkPbMoJLj66QFmYkHbu,6.499174,6.920947,7.318683,0,2591700,18.680499,Interactive,1,1.75
161700,Ztly4IlziLkv/WCAorNWvE1HjN/3TqHmRGZsrNn24u0uuxkPbMoJLj66QFmYkHbu,4.043222,6.535356,7.819149,0,2591700,18.680499,Interactive,1,1.75
162000,Ztly4IlziLkv/WCAorNWvE1HjN/3TqHmRGZsrNn24u0uuxkPbMoJLj66QFmYkHbu,5.995819,6.857978,7.807823,0,2591700,18.680499,Interactive,1,1.75
162300,Ztly4IlziLkv/WCAorNWvE1HjN/3TqHmRGZsrNn24u0uuxkPbMoJLj66QFmYkHbu,4.108959,6.656786,7.535328999999999,0,2591700,18.680499,Interactive,1,1.75
162600,Ztly4IlziLkv/WCAorNWvE1HjN/3TqHmRGZsrNn24u0uuxkPbMoJLj66QFmYkHbu,5.941987,6.812972,8.316581,0,2591700,18.680499,Interactive,1,1.75
162900,Ztly4IlziLkv/WCAorNWvE1HjN/3TqHmRGZsrNn24u0uuxkPbMoJLj66QFmYkHbu,5.912086,6.971827,7.992866999999999,0,2591700,18.680499,Interactive,1,1.75
163200,Ztly4IlziLkv/WCAorNWvE1HjN/3TqHmRGZsrNn24u0uuxkPbMoJLj66QFmYkHbu,5.093894000000001,6.651892,7.623639999999999,0,2591700,18.680499,Interactive,1,1.75
163500,Ztly4IlziLkv/WCAorNWvE1HjN/3TqHmRGZsrNn24u0uuxkPbMoJLj66QFmYkHbu,5.962283,9.497362,32.173613,0,2591700,18.680499,Interactive,1,1.75
163800,Ztly4IlziLkv/WCAorNWvE1HjN/3TqHmRGZsrNn24u0uuxkPbMoJLj66QFmYkHbu,3.462135,6.461889,7.687339,0,2591700,18.680499,Interactive,1,1.75
164100,Ztly4IlziLkv/WCAorNWvE1HjN/3TqHmRGZsrNn24u0uuxkPbMoJLj66QFmYkHbu,6.013117,6.895436999999999,7.705728,0,2591700,18.680499,Interactive,1,1.75
164400,Ztly4IlziLkv/WCAorNWvE1HjN/3TqHmRGZsrNn24u0uuxkPbMoJLj66QFmYkHbu,4.045306,6.432199,7.896785,0,2591700,18.680499,Interactive,1,1.75
164700,Ztly4IlziLkv/WCAorNWvE1HjN/3TqHmRGZsrNn24u0uuxkPbMoJLj66QFmYkHbu,6.04499,6.881057000000001,7.811205,0,2591700,18.680499,Interactive,1,1.75
165000,Ztly4IlziLkv/WCAorNWvE1HjN/3TqHmRGZsrNn24u0uuxkPbMoJLj66QFmYkHbu,4.63701,6.528447,7.541946,0,2591700,18.680499,Interactive,1,1.75
165300,Ztly4IlziLkv/WCAorNWvE1HjN/3TqHmRGZsrNn24u0uuxkPbMoJLj66QFmYkHbu,5.922253,6.965614,8.697691,0,2591700,18.680499,Interactive,1,1.75
165600,Ztly4IlziLkv/WCAorNWvE1HjN/3TqHmRGZsrNn24u0uuxkPbMoJLj66QFmYkHbu,5.988830999999999,6.873747,8.935587,0,2591700,18.680499,Interactive,1,1.75
165900,Ztly4IlziLkv/WCAorNWvE1HjN/3TqHmRGZsrNn24u0uuxkPbMoJLj66QFmYkHbu,6.037408,6.898814999999999,8.248377,0,2591700,18.680499,Interactive,1,1.75
166200,Ztly4IlziLkv/WCAorNWvE1HjN/3TqHmRGZsrNn24u0uuxkPbMoJLj66QFmYkHbu,5.935355,6.913859,8.666692999999999,0,2591700,18.680499,Interactive,1,1.75
166500,Ztly4IlziLkv/WCAorNWvE1HjN/3TqHmRGZsrNn24u0uuxkPbMoJLj66QFmYkHbu,3.266803,6.628334,8.792589999999999,0,2591700,18.680499,Interactive,1,1.75
166800,Ztly4IlziLkv/WCAorNWvE1HjN/3TqHmRGZsrNn24u0uuxkPbMoJLj66QFmYkHbu,6.0296330000000005,6.887721000000001,8.449742,0,2591700,18.680499,Interactive,1,1.75
167100,Ztly4IlziLkv/WCAorNWvE1HjN/3TqHmRGZsrNn24u0uuxkPbMoJLj66QFmYkHbu,4.537507,9.208246,33.02074,0,2591700,18.680499,Interactive,1,1.75
167400,Ztly4IlziLkv/WCAorNWvE1HjN/3TqHmRGZsrNn24u0uuxkPbMoJLj66QFmYkHbu,5.7965230000000005,7.171376,12.144681,0,2591700,18.680499,Interactive,1,1.75
167700,Ztly4IlziLkv/WCAorNWvE1HjN/3TqHmRGZsrNn24u0uuxkPbMoJLj66QFmYkHbu,5.15492,6.869632000000001,8.934045,0,2591700,18.680499,Interactive,1,1.75
168000,Ztly4IlziLkv/WCAorNWvE1HjN/3TqHmRGZsrNn24u0uuxkPbMoJLj66QFmYkHbu,5.9258440000000006,6.891441,8.955808,0,2591700,18.680499,Interactive,1,1.75
168300,Ztly4IlziLkv/WCAorNWvE1HjN/3TqHmRGZsrNn24u0uuxkPbMoJLj66QFmYkHbu,5.893809,6.930505999999999,8.980041,0,2591700,18.680499,Interactive,1,1.75
168600,Ztly4IlziLkv/WCAorNWvE1HjN/3TqHmRGZsrNn24u0uuxkPbMoJLj66QFmYkHbu,4.926097,6.693916000000001,7.957186999999999,0,2591700,18.680499,Interactive,1,1.75
168900,Ztly4IlziLkv/WCAorNWvE1HjN/3TqHmRGZsrNn24u0uuxkPbMoJLj66QFmYkHbu,5.994585,6.9183460000000006,8.689651,0,2591700,18.680499,Interactive,1,1.75
169200,Ztly4IlziLkv/WCAorNWvE1HjN/3TqHmRGZsrNn24u0uuxkPbMoJLj66QFmYkHbu,4.781488,6.667511,8.922806,0,2591700,18.680499,Interactive,1,1.75
169500,Ztly4IlziLkv/WCAorNWvE1HjN/3TqHmRGZsrNn24u0uuxkPbMoJLj66QFmYkHbu,5.946184,6.97991,8.484283,0,2591700,18.680499,Interactive,1,1.75
169800,Ztly4IlziLkv/WCAorNWvE1HjN/3TqHmRGZsrNn24u0uuxkPbMoJLj66QFmYkHbu,4.718334,6.433335,8.185571000000001,0,2591700,18.680499,Interactive,1,1.75
170100,Ztly4IlziLkv/WCAorNWvE1HjN/3TqHmRGZsrNn24u0uuxkPbMoJLj66QFmYkHbu,6.070093,6.892442999999999,8.620083000000001,0,2591700,18.680499,Interactive,1,1.75
170400,Ztly4IlziLkv/WCAorNWvE1HjN/3TqHmRGZsrNn24u0uuxkPbMoJLj66QFmYkHbu,4.311867,6.514921,8.137099000000001,0,2591700,18.680499,Interactive,1,1.75
170700,Ztly4IlziLkv/WCAorNWvE1HjN/3TqHmRGZsrNn24u0uuxkPbMoJLj66QFmYkHbu,6.001975,9.446259,31.403809000000003,0,2591700,18.680499,Interactive,1,1.75
171000,Ztly4IlziLkv/WCAorNWvE1HjN/3TqHmRGZsrNn24u0uuxkPbMoJLj66QFmYkHbu,6.0409120000000005,7.154833999999999,8.459615,0,2591700,18.680499,Interactive,1,1.75
171300,Ztly4IlziLkv/WCAorNWvE1HjN/3TqHmRGZsrNn24u0uuxkPbMoJLj66QFmYkHbu,3.738692,6.597801,8.053546,0,2591700,18.680499,Interactive,1,1.75
171600,Ztly4IlziLkv/WCAorNWvE1HjN/3TqHmRGZsrNn24u0uuxkPbMoJLj66QFmYkHbu,6.002543,6.775119,8.581778,0,2591700,18.680499,Interactive,1,1.75
171900,Ztly4IlziLkv/WCAorNWvE1HjN/3TqHmRGZsrNn24u0uuxkPbMoJLj66QFmYkHbu,4.087914,6.728134,8.119093,0,2591700,18.680499,Interactive,1,1.75
172200,Ztly4IlziLkv/WCAorNWvE1HjN/3TqHmRGZsrNn24u0uuxkPbMoJLj66QFmYkHbu,6.009052,7.229303,10.408556,0,2591700,18.680499,Interactive,1,1.75
172500,Ztly4IlziLkv/WCAorNWvE1HjN/3TqHmRGZsrNn24u0uuxkPbMoJLj66QFmYkHbu,4.242103,6.484242,7.211898,0,2591700,18.680499,Interactive,1,1.75
172800,Ztly4IlziLkv/WCAorNWvE1HjN/3TqHmRGZsrNn24u0uuxkPbMoJLj66QFmYkHbu,6.249718,6.975286,8.170093,0,2591700,18.680499,Interactive,1,1.75
173100,Ztly4IlziLkv/WCAorNWvE1HjN/3TqHmRGZsrNn24u0uuxkPbMoJLj66QFmYkHbu,6.055403,6.824844000000001,7.712769000000001,0,2591700,18.680499,Interactive,1,1.75
173400,Ztly4IlziLkv/WCAorNWvE1HjN/3TqHmRGZsrNn24u0uuxkPbMoJLj66QFmYkHbu,6.004176999999999,6.847117,7.446261,0,2591700,18.680499,Interactive,1,1.75
173700,Ztly4IlziLkv/WCAorNWvE1HjN/3TqHmRGZsrNn24u0uuxkPbMoJLj66QFmYkHbu,5.985519999999999,7.03775,7.819329,0,2591700,18.680499,Interactive,1,1.75
174000,Ztly4IlziLkv/WCAorNWvE1HjN/3TqHmRGZsrNn24u0uuxkPbMoJLj66QFmYkHbu,3.374028,6.491173000000001,7.394419,0,2591700,18.680499,Interactive,1,1.75
174300,Ztly4IlziLkv/WCAorNWvE1HjN/3TqHmRGZsrNn24u0uuxkPbMoJLj66QFmYkHbu,6.485941,9.548408,31.183695,0,2591700,18.680499,Interactive,1,1.75
174600,Ztly4IlziLkv/WCAorNWvE1HjN/3TqHmRGZsrNn24u0uuxkPbMoJLj66QFmYkHbu,4.718051,6.836293,8.150577,0,2591700,18.680499,Interactive,1,1.75
174900,Ztly4IlziLkv/WCAorNWvE1HjN/3TqHmRGZsrNn24u0uuxkPbMoJLj66QFmYkHbu,6.006037999999999,6.899518,7.715402,0,2591700,18.680499,Interactive,1,1.75
175200,Ztly4IlziLkv/WCAorNWvE1HjN/3TqHmRGZsrNn24u0uuxkPbMoJLj66QFmYkHbu,3.987026,6.544164,7.588816,0,2591700,18.680499,Interactive,1,1.75
175500,Ztly4IlziLkv/WCAorNWvE1HjN/3TqHmRGZsrNn24u0uuxkPbMoJLj66QFmYkHbu,6.036226999999999,7.029847,8.289800999999999,0,2591700,18.680499,Interactive,1,1.75
175800,Ztly4IlziLkv/WCAorNWvE1HjN/3TqHmRGZsrNn24u0uuxkPbMoJLj66QFmYkHbu,3.924893,6.586641,7.303729,0,2591700,18.680499,Interactive,1,1.75
176100,Ztly4IlziLkv/WCAorNWvE1HjN/3TqHmRGZsrNn24u0uuxkPbMoJLj66QFmYkHbu,6.020184,6.845377,7.525358,0,2591700,18.680499,Interactive,1,1.75
176400,Ztly4IlziLkv/WCAorNWvE1HjN/3TqHmRGZsrNn24u0uuxkPbMoJLj66QFmYkHbu,6.034808,7.078844,8.299156,0,2591700,18.680499,Interactive,1,1.75
176700,Ztly4IlziLkv/WCAorNWvE1HjN/3TqHmRGZsrNn24u0uuxkPbMoJLj66QFmYkHbu,3.797345,6.529356,7.486725,0,2591700,18.680499,Interactive,1,1.75
177000,Ztly4IlziLkv/WCAorNWvE1HjN/3TqHmRGZsrNn24u0uuxkPbMoJLj66QFmYkHbu,6.267531,6.784758999999999,7.581483,0,2591700,18.680499,Interactive,1,1.75
177300,Ztly4IlziLkv/WCAorNWvE1HjN/3TqHmRGZsrNn24u0uuxkPbMoJLj66QFmYkHbu,4.1257790000000005,6.650633,7.902139,0,2591700,18.680499,Interactive,1,1.75
177600,Ztly4IlziLkv/WCAorNWvE1HjN/3TqHmRGZsrNn24u0uuxkPbMoJLj66QFmYkHbu,6.1951730000000005,6.968823,7.883309,0,2591700,18.680499,Interactive,1,1.75
177900,Ztly4IlziLkv/WCAorNWvE1HjN/3TqHmRGZsrNn24u0uuxkPbMoJLj66QFmYkHbu,5.0361080000000005,9.28315,31.451077,0,2591700,18.680499,Interactive,1,1.75
178200,Ztly4IlziLkv/WCAorNWvE1HjN/3TqHmRGZsrNn24u0uuxkPbMoJLj66QFmYkHbu,6.1487110000000005,7.313639999999999,10.308955,0,2591700,18.680499,Interactive,1,1.75
178500,Ztly4IlziLkv/WCAorNWvE1HjN/3TqHmRGZsrNn24u0uuxkPbMoJLj66QFmYkHbu,4.4476830000000005,6.683165,8.117075999999999,0,2591700,18.680499,Interactive,1,1.75
178800,Ztly4IlziLkv/WCAorNWvE1HjN/3TqHmRGZsrNn24u0uuxkPbMoJLj66QFmYkHbu,6.052055999999999,6.750073,7.651733999999999,0,2591700,18.680499,Interactive,1,1.75
179100,Ztly4IlziLkv/WCAorNWvE1HjN/3TqHmRGZsrNn24u0uuxkPbMoJLj66QFmYkHbu,3.3485480000000005,6.667960000000001,7.974094,0,2591700,18.680499,Interactive,1,1.75
179400,Ztly4IlziLkv/WCAorNWvE1HjN/3TqHmRGZsrNn24u0uuxkPbMoJLj66QFmYkHbu,5.96698,6.813105,7.708666,0,2591700,18.680499,Interactive,1,1.75
179700,Ztly4IlziLkv/WCAorNWvE1HjN/3TqHmRGZsrNn24u0uuxkPbMoJLj66QFmYkHbu,6.012793,7.13472,9.583691,0,2591700,18.680499,Interactive,1,1.75
180000,Ztly4IlziLkv/WCAorNWvE1HjN/3TqHmRGZsrNn24u0uuxkPbMoJLj66QFmYkHbu,3.452286,6.651763000000001,7.986084,0,2591700,18.680499,Interactive,1,1.75
180300,Ztly4IlziLkv/WCAorNWvE1HjN/3TqHmRGZsrNn24u0uuxkPbMoJLj66QFmYkHbu,6.078918,6.861046000000001,7.860377000000001,0,2591700,18.680499,Interactive,1,1.75
180600,Ztly4IlziLkv/WCAorNWvE1HjN/3TqHmRGZsrNn24u0uuxkPbMoJLj66QFmYkHbu,4.558126000000001,6.612738,8.221302,0,2591700,18.680499,Interactive,1,1.75
180900,Ztly4IlziLkv/WCAorNWvE1HjN/3TqHmRGZsrNn24u0uuxkPbMoJLj66QFmYkHbu,6.053596,6.985069,7.975478999999999,0,2591700,18.680499,Interactive,1,1.75
181200,Ztly4IlziLkv/WCAorNWvE1HjN/3TqHmRGZsrNn24u0uuxkPbMoJLj66QFmYkHbu,3.497164,6.694278999999999,9.002111,0,2591700,18.680499,Interactive,1,1.75
181500,Ztly4IlziLkv/WCAorNWvE1HjN/3TqHmRGZsrNn24u0uuxkPbMoJLj66QFmYkHbu,5.948641,9.556985,31.127972,0,2591700,18.680499,Interactive,1,1.75
181800,Ztly4IlziLkv/WCAorNWvE1HjN/3TqHmRGZsrNn24u0uuxkPbMoJLj66QFmYkHbu,5.943702,7.052986,8.550932000000001,0,2591700,18.680499,Interactive,1,1.75
182100,Ztly4IlziLkv/WCAorNWvE1HjN/3TqHmRGZsrNn24u0uuxkPbMoJLj66QFmYkHbu,6.068279,6.988,8.556828999999999,0,2591700,18.680499,Interactive,1,1.75
182400,Ztly4IlziLkv/WCAorNWvE1HjN/3TqHmRGZsrNn24u0uuxkPbMoJLj66QFmYkHbu,3.052212,6.541082,8.027135000000001,0,2591700,18.680499,Interactive,1,1.75
182700,Ztly4IlziLkv/WCAorNWvE1HjN/3TqHmRGZsrNn24u0uuxkPbMoJLj66QFmYkHbu,5.948756,7.623367,12.610246,0,2591700,18.680499,Interactive,1,1.75
183000,Ztly4IlziLkv/WCAorNWvE1HjN/3TqHmRGZsrNn24u0uuxkPbMoJLj66QFmYkHbu,5.947449,6.932917,8.162075,0,2591700,18.680499,Interactive,1,1.75
183300,Ztly4IlziLkv/WCAorNWvE1HjN/3TqHmRGZsrNn24u0uuxkPbMoJLj66QFmYkHbu,4.352367,6.703927,8.554976,0,2591700,18.680499,Interactive,1,1.75
183600,Ztly4IlziLkv/WCAorNWvE1HjN/3TqHmRGZsrNn24u0uuxkPbMoJLj66QFmYkHbu,5.943169999999999,6.939184,8.754857000000001,0,2591700,18.680499,Interactive,1,1.75
183900,Ztly4IlziLkv/WCAorNWvE1HjN/3TqHmRGZsrNn24u0uuxkPbMoJLj66QFmYkHbu,6.039527,7.037605,8.310735000000001,0,2591700,18.680499,Interactive,1,1.75
184200,Ztly4IlziLkv/WCAorNWvE1HjN/3TqHmRGZsrNn24u0uuxkPbMoJLj66QFmYkHbu,5.871745,6.800899,8.100934,0,2591700,18.680499,Interactive,1,1.75
184500,Ztly4IlziLkv/WCAorNWvE1HjN/3TqHmRGZsrNn24u0uuxkPbMoJLj66QFmYkHbu,3.704955,6.713161,8.370441,0,2591700,18.680499,Interactive,1,1.75
184800,Ztly4IlziLkv/WCAorNWvE1HjN/3TqHmRGZsrNn24u0uuxkPbMoJLj66QFmYkHbu,5.971401999999999,6.881507000000001,8.114374,0,2591700,18.680499,Interactive,1,1.75
185100,Ztly4IlziLkv/WCAorNWvE1HjN/3TqHmRGZsrNn24u0uuxkPbMoJLj66QFmYkHbu,3.3624440000000004,9.245969,31.929409000000003,0,2591700,18.680499,Interactive,1,1.75
185400,Ztly4IlziLkv/WCAorNWvE1HjN/3TqHmRGZsrNn24u0uuxkPbMoJLj66QFmYkHbu,4.030998,6.733117,8.730528999999999,0,2591700,18.680499,Interactive,1,1.75
185700,Ztly4IlziLkv/WCAorNWvE1HjN/3TqHmRGZsrNn24u0uuxkPbMoJLj66QFmYkHbu,6.043269,6.874089,8.461153999999999,0,2591700,18.680499,Interactive,1,1.75
186000,Ztly4IlziLkv/WCAorNWvE1HjN/3TqHmRGZsrNn24u0uuxkPbMoJLj66QFmYkHbu,4.286124,6.620583,7.621005999999999,0,2591700,18.680499,Interactive,1,1.75
186300,Ztly4IlziLkv/WCAorNWvE1HjN/3TqHmRGZsrNn24u0uuxkPbMoJLj66QFmYkHbu,6.085726,6.943592999999999,7.914728,0,2591700,18.680499,Interactive,1,1.75
186600,Ztly4IlziLkv/WCAorNWvE1HjN/3TqHmRGZsrNn24u0uuxkPbMoJLj66QFmYkHbu,3.68487,6.566211,7.729774000000001,0,2591700,18.680499,Interactive,1,1.75
186900,Ztly4IlziLkv/WCAorNWvE1HjN/3TqHmRGZsrNn24u0uuxkPbMoJLj66QFmYkHbu,6.037762,6.815517,7.68277,0,2591700,18.680499,Interactive,1,1.75
187200,Ztly4IlziLkv/WCAorNWvE1HjN/3TqHmRGZsrNn24u0uuxkPbMoJLj66QFmYkHbu,4.055689,6.672545,7.785299,0,2591700,18.680499,Interactive,1,1.75
187500,Ztly4IlziLkv/WCAorNWvE1HjN/3TqHmRGZsrNn24u0uuxkPbMoJLj66QFmYkHbu,6.095486,6.834037,8.038239,0,2591700,18.680499,Interactive,1,1.75
187800,Ztly4IlziLkv/WCAorNWvE1HjN/3TqHmRGZsrNn24u0uuxkPbMoJLj66QFmYkHbu,3.919482,6.590922,7.728042999999999,0,2591700,18.680499,Interactive,1,1.75
188100,Ztly4IlziLkv/WCAorNWvE1HjN/3TqHmRGZsrNn24u0uuxkPbMoJLj66QFmYkHbu,5.872791,7.121546,8.778653,0,2591700,18.680499,Interactive,1,1.75
188400,Ztly4IlziLkv/WCAorNWvE1HjN/3TqHmRGZsrNn24u0uuxkPbMoJLj66QFmYkHbu,6.046583,6.914655000000001,8.149922,0,2591700,18.680499,Interactive,1,1.75
188700,Ztly4IlziLkv/WCAorNWvE1HjN/3TqHmRGZsrNn24u0uuxkPbMoJLj66QFmYkHbu,3.13995,9.316957,32.522071999999994,0,2591700,18.680499,Interactive,1,1.75
189000,Ztly4IlziLkv/WCAorNWvE1HjN/3TqHmRGZsrNn24u0uuxkPbMoJLj66QFmYkHbu,5.946076000000001,6.902158,7.755424,0,2591700,18.680499,Interactive,1,1.75
189300,Ztly4IlziLkv/WCAorNWvE1HjN/3TqHmRGZsrNn24u0uuxkPbMoJLj66QFmYkHbu,5.202564,6.789950999999999,7.899471000000001,0,2591700,18.680499,Interactive,1,1.75
189600,Ztly4IlziLkv/WCAorNWvE1HjN/3TqHmRGZsrNn24u0uuxkPbMoJLj66QFmYkHbu,5.949536,6.813134,7.922886,0,2591700,18.680499,Interactive,1,1.75
189900,Ztly4IlziLkv/WCAorNWvE1HjN/3TqHmRGZsrNn24u0uuxkPbMoJLj66QFmYkHbu,5.119008999999999,6.770283999999999,7.901519,0,2591700,18.680499,Interactive,1,1.75
190200,Ztly4IlziLkv/WCAorNWvE1HjN/3TqHmRGZsrNn24u0uuxkPbMoJLj66QFmYkHbu,5.919656,6.775202,7.572844,0,2591700,18.680499,Interactive,1,1.75
190500,Ztly4IlziLkv/WCAorNWvE1HjN/3TqHmRGZsrNn24u0uuxkPbMoJLj66QFmYkHbu,3.934535,6.582644,7.574319,0,2591700,18.680499,Interactive,1,1.75
190800,Ztly4IlziLkv/WCAorNWvE1HjN/3TqHmRGZsrNn24u0uuxkPbMoJLj66QFmYkHbu,3.183523,6.417421,7.463939999999999,0,2591700,18.680499,Interactive,1,1.75
191100,Ztly4IlziLkv/WCAorNWvE1HjN/3TqHmRGZsrNn24u0uuxkPbMoJLj66QFmYkHbu,5.964738,6.852125999999999,8.050202,0,2591700,18.680499,Interactive,1,1.75
191400,Ztly4IlziLkv/WCAorNWvE1HjN/3TqHmRGZsrNn24u0uuxkPbMoJLj66QFmYkHbu,5.264981,6.684036,7.390811999999999,0,2591700,18.680499,Interactive,1,1.75
191700,Ztly4IlziLkv/WCAorNWvE1HjN/3TqHmRGZsrNn24u0uuxkPbMoJLj66QFmYkHbu,6.062026,6.930012,7.891046,0,2591700,18.680499,Interactive,1,1.75
192000,Ztly4IlziLkv/WCAorNWvE1HjN/3TqHmRGZsrNn24u0uuxkPbMoJLj66QFmYkHbu,3.477182,6.383254,7.618842,0,2591700,18.680499,Interactive,1,1.75
192300,Ztly4IlziLkv/WCAorNWvE1HjN/3TqHmRGZsrNn24u0uuxkPbMoJLj66QFmYkHbu,5.885180999999999,7.185639,9.81086,0,2591700,18.680499,Interactive,1,1.75
192600,Ztly4IlziLkv/WCAorNWvE1HjN/3TqHmRGZsrNn24u0uuxkPbMoJLj66QFmYkHbu,3.947313,9.429446,29.592419,0,2591700,18.680499,Interactive,1,1.75
192900,Ztly4IlziLkv/WCAorNWvE1HjN/3TqHmRGZsrNn24u0uuxkPbMoJLj66QFmYkHbu,6.064115,6.833962,7.950715,0,2591700,18.680499,Interactive,1,1.75
193200,Ztly4IlziLkv/WCAorNWvE1HjN/3TqHmRGZsrNn24u0uuxkPbMoJLj66QFmYkHbu,3.91033,6.565230000000001,7.919022,0,2591700,18.680499,Interactive,1,1.75
193500,Ztly4IlziLkv/WCAorNWvE1HjN/3TqHmRGZsrNn24u0uuxkPbMoJLj66QFmYkHbu,4.379959,6.727703999999999,8.077726,0,2591700,18.680499,Interactive,1,1.75
193800,Ztly4IlziLkv/WCAorNWvE1HjN/3TqHmRGZsrNn24u0uuxkPbMoJLj66QFmYkHbu,6.019323,7.084685,10.401414,0,2591700,18.680499,Interactive,1,1.75
194100,Ztly4IlziLkv/WCAorNWvE1HjN/3TqHmRGZsrNn24u0uuxkPbMoJLj66QFmYkHbu,3.159657,6.594939999999999,7.649774000000001,0,2591700,18.680499,Interactive,1,1.75
194400,Ztly4IlziLkv/WCAorNWvE1HjN/3TqHmRGZsrNn24u0uuxkPbMoJLj66QFmYkHbu,5.948995,6.880959,7.833461,0,2591700,18.680499,Interactive,1,1.75
194700,Ztly4IlziLkv/WCAorNWvE1HjN/3TqHmRGZsrNn24u0uuxkPbMoJLj66QFmYkHbu,3.233966,6.444667,7.54202,0,2591700,18.680499,Interactive,1,1.75
195000,Ztly4IlziLkv/WCAorNWvE1HjN/3TqHmRGZsrNn24u0uuxkPbMoJLj66QFmYkHbu,5.98515,6.8447070000000005,7.60642,0,2591700,18.680499,Interactive,1,1.75
195300,Ztly4IlziLkv/WCAorNWvE1HjN/3TqHmRGZsrNn24u0uuxkPbMoJLj66QFmYkHbu,3.366111,6.515239,8.039653,0,2591700,18.680499,Interactive,1,1.75
195600,Ztly4IlziLkv/WCAorNWvE1HjN/3TqHmRGZsrNn24u0uuxkPbMoJLj66QFmYkHbu,6.187962000000001,6.865138000000001,7.548064999999999,0,2591700,18.680499,Interactive,1,1.75
195900,Ztly4IlziLkv/WCAorNWvE1HjN/3TqHmRGZsrNn24u0uuxkPbMoJLj66QFmYkHbu,4.380625,6.747775999999999,8.205155,0,2591700,18.680499,Interactive,1,1.75
196200,Ztly4IlziLkv/WCAorNWvE1HjN/3TqHmRGZsrNn24u0uuxkPbMoJLj66QFmYkHbu,5.143021,9.228731,31.226299,0,2591700,18.680499,Interactive,1,1.75
196500,Ztly4IlziLkv/WCAorNWvE1HjN/3TqHmRGZsrNn24u0uuxkPbMoJLj66QFmYkHbu,5.999562,6.795733,7.696746000000001,0,2591700,18.680499,Interactive,1,1.75
196800,Ztly4IlziLkv/WCAorNWvE1HjN/3TqHmRGZsrNn24u0uuxkPbMoJLj66QFmYkHbu,5.916037,6.798716000000001,7.538764,0,2591700,18.680499,Interactive,1,1.75
197100,Ztly4IlziLkv/WCAorNWvE1HjN/3TqHmRGZsrNn24u0uuxkPbMoJLj66QFmYkHbu,5.939183,6.910508999999999,7.698639999999999,0,2591700,18.680499,Interactive,1,1.75
197400,Ztly4IlziLkv/WCAorNWvE1HjN/3TqHmRGZsrNn24u0uuxkPbMoJLj66QFmYkHbu,6.226881,6.742800999999999,7.579149,0,2591700,18.680499,Interactive,1,1.75
197700,Ztly4IlziLkv/WCAorNWvE1HjN/3TqHmRGZsrNn24u0uuxkPbMoJLj66QFmYkHbu,5.954331,6.959717,7.744478,0,2591700,18.680499,Interactive,1,1.75
198000,Ztly4IlziLkv/WCAorNWvE1HjN/3TqHmRGZsrNn24u0uuxkPbMoJLj66QFmYkHbu,4.679315,6.648351,7.837884,0,2591700,18.680499,Interactive,1,1.75
198300,Ztly4IlziLkv/WCAorNWvE1HjN/3TqHmRGZsrNn24u0uuxkPbMoJLj66QFmYkHbu,5.978632,6.8945,8.096857,0,2591700,18.680499,Interactive,1,1.75
198600,Ztly4IlziLkv/WCAorNWvE1HjN/3TqHmRGZsrNn24u0uuxkPbMoJLj66QFmYkHbu,3.629202,6.49464,7.725886,0,2591700,18.680499,Interactive,1,1.75
198900,Ztly4IlziLkv/WCAorNWvE1HjN/3TqHmRGZsrNn24u0uuxkPbMoJLj66QFmYkHbu,5.386919,6.744522999999999,8.156697,0,2591700,18.680499,Interactive,1,1.75
199200,Ztly4IlziLkv/WCAorNWvE1HjN/3TqHmRGZsrNn24u0uuxkPbMoJLj66QFmYkHbu,6.100335,6.684427,7.107014,0,2591700,18.680499,Interactive,1,1.75
199500,Ztly4IlziLkv/WCAorNWvE1HjN/3TqHmRGZsrNn24u0uuxkPbMoJLj66QFmYkHbu,5.173589,6.801424000000001,7.979816,0,2591700,18.680499,Interactive,1,1.75
199800,Ztly4IlziLkv/WCAorNWvE1HjN/3TqHmRGZsrNn24u0uuxkPbMoJLj66QFmYkHbu,6.365375,9.292079,32.301057,0,2591700,18.680499,Interactive,1,1.75
200100,Ztly4IlziLkv/WCAorNWvE1HjN/3TqHmRGZsrNn24u0uuxkPbMoJLj66QFmYkHbu,4.186192,6.660218,7.511584,0,2591700,18.680499,Interactive,1,1.75
200400,Ztly4IlziLkv/WCAorNWvE1HjN/3TqHmRGZsrNn24u0uuxkPbMoJLj66QFmYkHbu,5.989330000000001,6.7867,7.378016000000001,0,2591700,18.680499,Interactive,1,1.75
200700,Ztly4IlziLkv/WCAorNWvE1HjN/3TqHmRGZsrNn24u0uuxkPbMoJLj66QFmYkHbu,6.170637999999999,7.560492,12.690819,0,2591700,18.680499,Interactive,1,1.75
201000,Ztly4IlziLkv/WCAorNWvE1HjN/3TqHmRGZsrNn24u0uuxkPbMoJLj66QFmYkHbu,6.087292,6.782182000000001,8.042397,0,2591700,18.680499,Interactive,1,1.75
201300,Ztly4IlziLkv/WCAorNWvE1HjN/3TqHmRGZsrNn24u0uuxkPbMoJLj66QFmYkHbu,5.444816,6.732272,7.577277,0,2591700,18.680499,Interactive,1,1.75
201600,Ztly4IlziLkv/WCAorNWvE1HjN/3TqHmRGZsrNn24u0uuxkPbMoJLj66QFmYkHbu,3.467026,6.474451999999999,7.576196,0,2591700,18.680499,Interactive,1,1.75
201900,Ztly4IlziLkv/WCAorNWvE1HjN/3TqHmRGZsrNn24u0uuxkPbMoJLj66QFmYkHbu,6.006442,6.769923,7.691136,0,2591700,18.680499,Interactive,1,1.75
202200,Ztly4IlziLkv/WCAorNWvE1HjN/3TqHmRGZsrNn24u0uuxkPbMoJLj66QFmYkHbu,3.727228,6.478532,7.855763,0,2591700,18.680499,Interactive,1,1.75
202500,Ztly4IlziLkv/WCAorNWvE1HjN/3TqHmRGZsrNn24u0uuxkPbMoJLj66QFmYkHbu,5.99565,6.898679,7.962296,0,2591700,18.680499,Interactive,1,1.75
202800,Ztly4IlziLkv/WCAorNWvE1HjN/3TqHmRGZsrNn24u0uuxkPbMoJLj66QFmYkHbu,6.027737,6.769209,7.460916,0,2591700,18.680499,Interactive,1,1.75
203100,Ztly4IlziLkv/WCAorNWvE1HjN/3TqHmRGZsrNn24u0uuxkPbMoJLj66QFmYkHbu,5.995692,7.099450999999999,8.45787,0,2591700,18.680499,Interactive,1,1.75
203400,Ztly4IlziLkv/WCAorNWvE1HjN/3TqHmRGZsrNn24u0uuxkPbMoJLj66QFmYkHbu,4.368168,9.105546,28.81278,0,2591700,18.680499,Interactive,1,1.75
203700,Ztly4IlziLkv/WCAorNWvE1HjN/3TqHmRGZsrNn24u0uuxkPbMoJLj66QFmYkHbu,5.968941,6.891576,7.935492,0,2591700,18.680499,Interactive,1,1.75
204000,Ztly4IlziLkv/WCAorNWvE1HjN/3TqHmRGZsrNn24u0uuxkPbMoJLj66QFmYkHbu,5.061207,6.567242,7.5128,0,2591700,18.680499,Interactive,1,1.75
204300,Ztly4IlziLkv/WCAorNWvE1HjN/3TqHmRGZsrNn24u0uuxkPbMoJLj66QFmYkHbu,4.119239,6.6239360000000005,8.067169999999999,0,2591700,18.680499,Interactive,1,1.75
204600,Ztly4IlziLkv/WCAorNWvE1HjN/3TqHmRGZsrNn24u0uuxkPbMoJLj66QFmYkHbu,6.094995,6.752344,7.552791,0,2591700,18.680499,Interactive,1,1.75
204900,Ztly4IlziLkv/WCAorNWvE1HjN/3TqHmRGZsrNn24u0uuxkPbMoJLj66QFmYkHbu,3.597881,6.438105999999999,7.435051,0,2591700,18.680499,Interactive,1,1.75
205200,Ztly4IlziLkv/WCAorNWvE1HjN/3TqHmRGZsrNn24u0uuxkPbMoJLj66QFmYkHbu,6.07496,7.167072999999999,10.971946,0,2591700,18.680499,Interactive,1,1.75
205500,Ztly4IlziLkv/WCAorNWvE1HjN/3TqHmRGZsrNn24u0uuxkPbMoJLj66QFmYkHbu,3.32617,6.281384,7.357358,0,2591700,18.680499,Interactive,1,1.75
205800,Ztly4IlziLkv/WCAorNWvE1HjN/3TqHmRGZsrNn24u0uuxkPbMoJLj66QFmYkHbu,5.793946,6.796914999999999,8.53518,0,2591700,18.680499,Interactive,1,1.75
206100,Ztly4IlziLkv/WCAorNWvE1HjN/3TqHmRGZsrNn24u0uuxkPbMoJLj66QFmYkHbu,4.371057,6.468268,8.168764999999999,0,2591700,18.680499,Interactive,1,1.75
206400,Ztly4IlziLkv/WCAorNWvE1HjN/3TqHmRGZsrNn24u0uuxkPbMoJLj66QFmYkHbu,5.737401,6.907688,8.526885,0,2591700,18.680499,Interactive,1,1.75
206700,Ztly4IlziLkv/WCAorNWvE1HjN/3TqHmRGZsrNn24u0uuxkPbMoJLj66QFmYkHbu,4.26014,6.574464,7.666211,0,2591700,18.680499,Interactive,1,1.75
207000,Ztly4IlziLkv/WCAorNWvE1HjN/3TqHmRGZsrNn24u0uuxkPbMoJLj66QFmYkHbu,5.948809,9.315518,33.077293,0,2591700,18.680499,Interactive,1,1.75
207300,Ztly4IlziLkv/WCAorNWvE1HjN/3TqHmRGZsrNn24u0uuxkPbMoJLj66QFmYkHbu,4.787776999999999,6.748413,8.286016,0,2591700,18.680499,Interactive,1,1.75
207600,Ztly4IlziLkv/WCAorNWvE1HjN/3TqHmRGZsrNn24u0uuxkPbMoJLj66QFmYkHbu,3.848595,6.622032000000001,10.208975,0,2591700,18.680499,Interactive,1,1.75
207900,Ztly4IlziLkv/WCAorNWvE1HjN/3TqHmRGZsrNn24u0uuxkPbMoJLj66QFmYkHbu,6.05654,6.876415,7.960112,0,2591700,18.680499,Interactive,1,1.75
208200,Ztly4IlziLkv/WCAorNWvE1HjN/3TqHmRGZsrNn24u0uuxkPbMoJLj66QFmYkHbu,5.037869000000001,7.017243,11.584478,0,2591700,18.680499,Interactive,1,1.75
208500,Ztly4IlziLkv/WCAorNWvE1HjN/3TqHmRGZsrNn24u0uuxkPbMoJLj66QFmYkHbu,5.889748,6.794451,8.311247,0,2591700,18.680499,Interactive,1,1.75
208800,Ztly4IlziLkv/WCAorNWvE1HjN/3TqHmRGZsrNn24u0uuxkPbMoJLj66QFmYkHbu,4.636714,7.111135000000001,11.687656,0,2591700,18.680499,Interactive,1,1.75
209100,Ztly4IlziLkv/WCAorNWvE1HjN/3TqHmRGZsrNn24u0uuxkPbMoJLj66QFmYkHbu,5.865243,6.859918,8.159928,0,2591700,18.680499,Interactive,1,1.75
209400,Ztly4IlziLkv/WCAorNWvE1HjN/3TqHmRGZsrNn24u0uuxkPbMoJLj66QFmYkHbu,5.022315,7.755432000000001,18.997587,0,2591700,18.680499,Interactive,1,1.75
209700,Ztly4IlziLkv/WCAorNWvE1HjN/3TqHmRGZsrNn24u0uuxkPbMoJLj66QFmYkHbu,6.0298620000000005,10.090264,39.391432,0,2591700,18.680499,Interactive,1,1.75
210000,Ztly4IlziLkv/WCAorNWvE1HjN/3TqHmRGZsrNn24u0uuxkPbMoJLj66QFmYkHbu,5.060694,6.699199,8.050911,0,2591700,18.680499,Interactive,1,1.75
210300,Ztly4IlziLkv/WCAorNWvE1HjN/3TqHmRGZsrNn24u0uuxkPbMoJLj66QFmYkHbu,5.095481,11.946278,57.546425,0,2591700,18.680499,Interactive,1,1.75
210600,Ztly4IlziLkv/WCAorNWvE1HjN/3TqHmRGZsrNn24u0uuxkPbMoJLj66QFmYkHbu,6.032225,9.319957,33.080932000000004,0,2591700,18.680499,Interactive,1,1.75
210900,Ztly4IlziLkv/WCAorNWvE1HjN/3TqHmRGZsrNn24u0uuxkPbMoJLj66QFmYkHbu,5.533346,10.509869,44.532545,0,2591700,18.680499,Interactive,1,1.75
211200,Ztly4IlziLkv/WCAorNWvE1HjN/3TqHmRGZsrNn24u0uuxkPbMoJLj66QFmYkHbu,5.921039,6.829280000000001,8.304975,0,2591700,18.680499,Interactive,1,1.75
211500,Ztly4IlziLkv/WCAorNWvE1HjN/3TqHmRGZsrNn24u0uuxkPbMoJLj66QFmYkHbu,5.697627,10.376694,44.021553,0,2591700,18.680499,Interactive,1,1.75
211800,Ztly4IlziLkv/WCAorNWvE1HjN/3TqHmRGZsrNn24u0uuxkPbMoJLj66QFmYkHbu,6.233319,6.864331,7.764267999999999,0,2591700,18.680499,Interactive,1,1.75
212100,Ztly4IlziLkv/WCAorNWvE1HjN/3TqHmRGZsrNn24u0uuxkPbMoJLj66QFmYkHbu,5.760757,9.719864,35.459694,0,2591700,18.680499,Interactive,1,1.75
212400,Ztly4IlziLkv/WCAorNWvE1HjN/3TqHmRGZsrNn24u0uuxkPbMoJLj66QFmYkHbu,5.943221,8.163997,20.443609,0,2591700,18.680499,Interactive,1,1.75
212700,Ztly4IlziLkv/WCAorNWvE1HjN/3TqHmRGZsrNn24u0uuxkPbMoJLj66QFmYkHbu,6.310336,6.863809,7.807799,0,2591700,18.680499,Interactive,1,1.75
213000,Ztly4IlziLkv/WCAorNWvE1HjN/3TqHmRGZsrNn24u0uuxkPbMoJLj66QFmYkHbu,5.983733,7.609746,15.596093,0,2591700,18.680499,Interactive,1,1.75
213300,Ztly4IlziLkv/WCAorNWvE1HjN/3TqHmRGZsrNn24u0uuxkPbMoJLj66QFmYkHbu,6.323442,7.07827,8.238075,0,2591700,18.680499,Interactive,1,1.75
213600,Ztly4IlziLkv/WCAorNWvE1HjN/3TqHmRGZsrNn24u0uuxkPbMoJLj66QFmYkHbu,4.430879,6.672109,7.629538,0,2591700,18.680499,Interactive,1,1.75
213900,Ztly4IlziLkv/WCAorNWvE1HjN/3TqHmRGZsrNn24u0uuxkPbMoJLj66QFmYkHbu,6.113886,6.981542,9.526719,0,2591700,18.680499,Interactive,1,1.75
214200,Ztly4IlziLkv/WCAorNWvE1HjN/3TqHmRGZsrNn24u0uuxkPbMoJLj66QFmYkHbu,3.409794,9.324948,32.320409999999995,0,2591700,18.680499,Interactive,1,1.75
214500,Ztly4IlziLkv/WCAorNWvE1HjN/3TqHmRGZsrNn24u0uuxkPbMoJLj66QFmYkHbu,6.388441,6.879738000000001,7.766959,0,2591700,18.680499,Interactive,1,1.75
214800,Ztly4IlziLkv/WCAorNWvE1HjN/3TqHmRGZsrNn24u0uuxkPbMoJLj66QFmYkHbu,4.461437,6.464837999999999,8.011225999999999,0,2591700,18.680499,Interactive,1,1.75
215100,Ztly4IlziLkv/WCAorNWvE1HjN/3TqHmRGZsrNn24u0uuxkPbMoJLj66QFmYkHbu,4.07362,6.594218,7.623964999999999,0,2591700,18.680499,Interactive,1,1.75
215400,Ztly4IlziLkv/WCAorNWvE1HjN/3TqHmRGZsrNn24u0uuxkPbMoJLj66QFmYkHbu,5.990757,7.227274,10.481365,0,2591700,18.680499,Interactive,1,1.75
215700,Ztly4IlziLkv/WCAorNWvE1HjN/3TqHmRGZsrNn24u0uuxkPbMoJLj66QFmYkHbu,4.266964,6.756201,9.104941,0,2591700,18.680499,Interactive,1,1.75
216000,Ztly4IlziLkv/WCAorNWvE1HjN/3TqHmRGZsrNn24u0uuxkPbMoJLj66QFmYkHbu,5.978116,6.812297,7.686228,0,2591700,18.680499,Interactive,1,1.75
216300,Ztly4IlziLkv/WCAorNWvE1HjN/3TqHmRGZsrNn24u0uuxkPbMoJLj66QFmYkHbu,4.275688,6.692532000000001,7.687632000000001,0,2591700,18.680499,Interactive,1,1.75
216600,Ztly4IlziLkv/WCAorNWvE1HjN/3TqHmRGZsrNn24u0uuxkPbMoJLj66QFmYkHbu,5.943664,6.760944,7.859217,0,2591700,18.680499,Interactive,1,1.75
216900,Ztly4IlziLkv/WCAorNWvE1HjN/3TqHmRGZsrNn24u0uuxkPbMoJLj66QFmYkHbu,6.029656,6.896910000000001,7.577738,0,2591700,18.680499,Interactive,1,1.75
217200,Ztly4IlziLkv/WCAorNWvE1HjN/3TqHmRGZsrNn24u0uuxkPbMoJLj66QFmYkHbu,6.220345,6.909678,7.781264999999999,0,2591700,18.680499,Interactive,1,1.75
217500,Ztly4IlziLkv/WCAorNWvE1HjN/3TqHmRGZsrNn24u0uuxkPbMoJLj66QFmYkHbu,4.82817,6.779464,9.578252,0,2591700,18.680499,Interactive,1,1.75
217800,Ztly4IlziLkv/WCAorNWvE1HjN/3TqHmRGZsrNn24u0uuxkPbMoJLj66QFmYkHbu,5.59295,9.205739,32.719384000000005,0,2591700,18.680499,Interactive,1,1.75
218100,Ztly4IlziLkv/WCAorNWvE1HjN/3TqHmRGZsrNn24u0uuxkPbMoJLj66QFmYkHbu,6.366814,6.944471000000001,8.035636,0,2591700,18.680499,Interactive,1,1.75
218400,Ztly4IlziLkv/WCAorNWvE1HjN/3TqHmRGZsrNn24u0uuxkPbMoJLj66QFmYkHbu,3.633736,6.735542,10.203213,0,2591700,18.680499,Interactive,1,1.75
218700,Ztly4IlziLkv/WCAorNWvE1HjN/3TqHmRGZsrNn24u0uuxkPbMoJLj66QFmYkHbu,6.129163,6.830430000000001,7.40343,0,2591700,18.680499,Interactive,1,1.75
219000,Ztly4IlziLkv/WCAorNWvE1HjN/3TqHmRGZsrNn24u0uuxkPbMoJLj66QFmYkHbu,5.655373,6.760864,8.108083,0,2591700,18.680499,Interactive,1,1.75
219300,Ztly4IlziLkv/WCAorNWvE1HjN/3TqHmRGZsrNn24u0uuxkPbMoJLj66QFmYkHbu,6.194092,6.841734,8.283159,0,2591700,18.680499,Interactive,1,1.75
219600,Ztly4IlziLkv/WCAorNWvE1HjN/3TqHmRGZsrNn24u0uuxkPbMoJLj66QFmYkHbu,3.442917,6.309079,7.153356,0,2591700,18.680499,Interactive,1,1.75
219900,Ztly4IlziLkv/WCAorNWvE1HjN/3TqHmRGZsrNn24u0uuxkPbMoJLj66QFmYkHbu,6.642191,7.345591000000001,10.199386,0,2591700,18.680499,Interactive,1,1.75
220200,Ztly4IlziLkv/WCAorNWvE1HjN/3TqHmRGZsrNn24u0uuxkPbMoJLj66QFmYkHbu,3.646907,6.5106470000000005,8.710293,0,2591700,18.680499,Interactive,1,1.75
220500,Ztly4IlziLkv/WCAorNWvE1HjN/3TqHmRGZsrNn24u0uuxkPbMoJLj66QFmYkHbu,4.396415,6.674780999999999,8.494553,0,2591700,18.680499,Interactive,1,1.75
220800,Ztly4IlziLkv/WCAorNWvE1HjN/3TqHmRGZsrNn24u0uuxkPbMoJLj66QFmYkHbu,6.104359,6.8986160000000005,8.326614,0,2591700,18.680499,Interactive,1,1.75
221100,Ztly4IlziLkv/WCAorNWvE1HjN/3TqHmRGZsrNn24u0uuxkPbMoJLj66QFmYkHbu,3.92227,6.681756,8.499403,0,2591700,18.680499,Interactive,1,1.75
221400,Ztly4IlziLkv/WCAorNWvE1HjN/3TqHmRGZsrNn24u0uuxkPbMoJLj66QFmYkHbu,5.951758,9.574398,25.545568,0,2591700,18.680499,Interactive,1,1.75
221700,Ztly4IlziLkv/WCAorNWvE1HjN/3TqHmRGZsrNn24u0uuxkPbMoJLj66QFmYkHbu,3.431238,6.459630000000001,8.448122,0,2591700,18.680499,Interactive,1,1.75
222000,Ztly4IlziLkv/WCAorNWvE1HjN/3TqHmRGZsrNn24u0uuxkPbMoJLj66QFmYkHbu,6.082591000000001,6.678661,8.522683,0,2591700,18.680499,Interactive,1,1.75
222300,Ztly4IlziLkv/WCAorNWvE1HjN/3TqHmRGZsrNn24u0uuxkPbMoJLj66QFmYkHbu,5.746381,6.926551,10.977625,0,2591700,18.680499,Interactive,1,1.75
222600,Ztly4IlziLkv/WCAorNWvE1HjN/3TqHmRGZsrNn24u0uuxkPbMoJLj66QFmYkHbu,5.990787,6.7749,8.572022,0,2591700,18.680499,Interactive,1,1.75
222900,Ztly4IlziLkv/WCAorNWvE1HjN/3TqHmRGZsrNn24u0uuxkPbMoJLj66QFmYkHbu,4.991153,6.698516000000001,8.603649,0,2591700,18.680499,Interactive,1,1.75
223200,Ztly4IlziLkv/WCAorNWvE1HjN/3TqHmRGZsrNn24u0uuxkPbMoJLj66QFmYkHbu,5.276255,6.998625,10.900998,0,2591700,18.680499,Interactive,1,1.75
223500,Ztly4IlziLkv/WCAorNWvE1HjN/3TqHmRGZsrNn24u0uuxkPbMoJLj66QFmYkHbu,6.023757,7.256292,10.794712,0,2591700,18.680499,Interactive,1,1.75
223800,Ztly4IlziLkv/WCAorNWvE1HjN/3TqHmRGZsrNn24u0uuxkPbMoJLj66QFmYkHbu,3.439332,6.413851999999999,8.467604,0,2591700,18.680499,Interactive,1,1.75
224100,Ztly4IlziLkv/WCAorNWvE1HjN/3TqHmRGZsrNn24u0uuxkPbMoJLj66QFmYkHbu,5.971907,6.815751,8.486276,0,2591700,18.680499,Interactive,1,1.75
224400,Ztly4IlziLkv/WCAorNWvE1HjN/3TqHmRGZsrNn24u0uuxkPbMoJLj66QFmYkHbu,4.202121,6.532076999999999,8.558308,0,2591700,18.680499,Interactive,1,1.75
224700,Ztly4IlziLkv/WCAorNWvE1HjN/3TqHmRGZsrNn24u0uuxkPbMoJLj66QFmYkHbu,6.049146,6.90344,8.385173,0,2591700,18.680499,Interactive,1,1.75
225000,Ztly4IlziLkv/WCAorNWvE1HjN/3TqHmRGZsrNn24u0uuxkPbMoJLj66QFmYkHbu,3.74642,6.433266000000001,7.559454,0,2591700,18.680499,Interactive,1,1.75
225300,Ztly4IlziLkv/WCAorNWvE1HjN/3TqHmRGZsrNn24u0uuxkPbMoJLj66QFmYkHbu,6.007177,6.874381,8.420575999999999,0,2591700,18.680499,Interactive,1,1.75
225600,Ztly4IlziLkv/WCAorNWvE1HjN/3TqHmRGZsrNn24u0uuxkPbMoJLj66QFmYkHbu,3.55603,6.473117,7.615672999999999,0,2591700,18.680499,Interactive,1,1.75
225900,Ztly4IlziLkv/WCAorNWvE1HjN/3TqHmRGZsrNn24u0uuxkPbMoJLj66QFmYkHbu,3.56966,6.5701,8.198139999999999,0,2591700,18.680499,Interactive,1,1.75
226200,Ztly4IlziLkv/WCAorNWvE1HjN/3TqHmRGZsrNn24u0uuxkPbMoJLj66QFmYkHbu,6.024225,7.314100999999999,10.188835,0,2591700,18.680499,Interactive,1,1.75
226500,Ztly4IlziLkv/WCAorNWvE1HjN/3TqHmRGZsrNn24u0uuxkPbMoJLj66QFmYkHbu,4.211780999999999,6.605931,8.034015,0,2591700,18.680499,Interactive,1,1.75
226800,Ztly4IlziLkv/WCAorNWvE1HjN/3TqHmRGZsrNn24u0uuxkPbMoJLj66QFmYkHbu,5.932934,6.758769,7.625031,0,2591700,18.680499,Interactive,1,1.75
227100,Ztly4IlziLkv/WCAorNWvE1HjN/3TqHmRGZsrNn24u0uuxkPbMoJLj66QFmYkHbu,3.3819510000000004,6.504835,7.461999,0,2591700,18.680499,Interactive,1,1.75
227400,Ztly4IlziLkv/WCAorNWvE1HjN/3TqHmRGZsrNn24u0uuxkPbMoJLj66QFmYkHbu,6.006563,7.049339,10.563374,0,2591700,18.680499,Interactive,1,1.75
227700,Ztly4IlziLkv/WCAorNWvE1HjN/3TqHmRGZsrNn24u0uuxkPbMoJLj66QFmYkHbu,5.500353,6.644133999999999,8.030499,0,2591700,18.680499,Interactive,1,1.75
228000,Ztly4IlziLkv/WCAorNWvE1HjN/3TqHmRGZsrNn24u0uuxkPbMoJLj66QFmYkHbu,5.980891000000001,6.76766,7.498739,0,2591700,18.680499,Interactive,1,1.75
228300,Ztly4IlziLkv/WCAorNWvE1HjN/3TqHmRGZsrNn24u0uuxkPbMoJLj66QFmYkHbu,4.052247,6.829304,8.312274,0,2591700,18.680499,Interactive,1,1.75
228600,Ztly4IlziLkv/WCAorNWvE1HjN/3TqHmRGZsrNn24u0uuxkPbMoJLj66QFmYkHbu,3.470736,8.983628,32.768844,0,2591700,18.680499,Interactive,1,1.75
228900,Ztly4IlziLkv/WCAorNWvE1HjN/3TqHmRGZsrNn24u0uuxkPbMoJLj66QFmYkHbu,6.072668,7.165952000000001,10.515826,0,2591700,18.680499,Interactive,1,1.75
229200,Ztly4IlziLkv/WCAorNWvE1HjN/3TqHmRGZsrNn24u0uuxkPbMoJLj66QFmYkHbu,3.917547,6.596672,7.675497,0,2591700,18.680499,Interactive,1,1.75
229500,Ztly4IlziLkv/WCAorNWvE1HjN/3TqHmRGZsrNn24u0uuxkPbMoJLj66QFmYkHbu,6.004794,6.958636,9.419055,0,2591700,18.680499,Interactive,1,1.75
229800,Ztly4IlziLkv/WCAorNWvE1HjN/3TqHmRGZsrNn24u0uuxkPbMoJLj66QFmYkHbu,6.254994,7.08185,8.021495,0,2591700,18.680499,Interactive,1,1.75
230100,Ztly4IlziLkv/WCAorNWvE1HjN/3TqHmRGZsrNn24u0uuxkPbMoJLj66QFmYkHbu,5.968964,6.744905999999999,7.818088,0,2591700,18.680499,Interactive,1,1.75
230400,Ztly4IlziLkv/WCAorNWvE1HjN/3TqHmRGZsrNn24u0uuxkPbMoJLj66QFmYkHbu,3.65134,6.597605000000001,7.444844,0,2591700,18.680499,Interactive,1,1.75
230700,Ztly4IlziLkv/WCAorNWvE1HjN/3TqHmRGZsrNn24u0uuxkPbMoJLj66QFmYkHbu,6.055515,6.863789,7.681008999999999,0,2591700,18.680499,Interactive,1,1.75
231000,Ztly4IlziLkv/WCAorNWvE1HjN/3TqHmRGZsrNn24u0uuxkPbMoJLj66QFmYkHbu,3.062437,6.50451,7.948744,0,2591700,18.680499,Interactive,1,1.75
231300,Ztly4IlziLkv/WCAorNWvE1HjN/3TqHmRGZsrNn24u0uuxkPbMoJLj66QFmYkHbu,6.238291,6.848413000000001,7.625067,0,2591700,18.680499,Interactive,1,1.75
231600,Ztly4IlziLkv/WCAorNWvE1HjN/3TqHmRGZsrNn24u0uuxkPbMoJLj66QFmYkHbu,2.976026,6.409532,7.396586,0,2591700,18.680499,Interactive,1,1.75
231900,Ztly4IlziLkv/WCAorNWvE1HjN/3TqHmRGZsrNn24u0uuxkPbMoJLj66QFmYkHbu,3.954401,8.254168,23.908028,0,2591700,18.680499,Interactive,1,1.75
232200,Ztly4IlziLkv/WCAorNWvE1HjN/3TqHmRGZsrNn24u0uuxkPbMoJLj66QFmYkHbu,6.177619,9.220651,24.943931,0,2591700,18.680499,Interactive,1,1.75
232500,Ztly4IlziLkv/WCAorNWvE1HjN/3TqHmRGZsrNn24u0uuxkPbMoJLj66QFmYkHbu,3.823709,6.473517,7.343265,0,2591700,18.680499,Interactive,1,1.75
232800,Ztly4IlziLkv/WCAorNWvE1HjN/3TqHmRGZsrNn24u0uuxkPbMoJLj66QFmYkHbu,5.814906,6.516737,8.037599,0,2591700,18.680499,Interactive,1,1.75
233100,Ztly4IlziLkv/WCAorNWvE1HjN/3TqHmRGZsrNn24u0uuxkPbMoJLj66QFmYkHbu,3.79628,6.655627000000001,8.518867,0,2591700,18.680499,Interactive,1,1.75
233400,Ztly4IlziLkv/WCAorNWvE1HjN/3TqHmRGZsrNn24u0uuxkPbMoJLj66QFmYkHbu,5.760475,6.592736,8.239941,0,2591700,18.680499,Interactive,1,1.75
233700,Ztly4IlziLkv/WCAorNWvE1HjN/3TqHmRGZsrNn24u0uuxkPbMoJLj66QFmYkHbu,4.80778,6.591941,8.477965,0,2591700,18.680499,Interactive,1,1.75
234000,Ztly4IlziLkv/WCAorNWvE1HjN/3TqHmRGZsrNn24u0uuxkPbMoJLj66QFmYkHbu,6.073114,6.8229880000000005,8.605911,0,2591700,18.680499,Interactive,1,1.75
234300,Ztly4IlziLkv/WCAorNWvE1HjN/3TqHmRGZsrNn24u0uuxkPbMoJLj66QFmYkHbu,4.28298,6.653303999999999,9.035602,0,2591700,18.680499,Interactive,1,1.75
234600,Ztly4IlziLkv/WCAorNWvE1HjN/3TqHmRGZsrNn24u0uuxkPbMoJLj66QFmYkHbu,3.432239,6.503956,8.250739,0,2591700,18.680499,Interactive,1,1.75
234900,Ztly4IlziLkv/WCAorNWvE1HjN/3TqHmRGZsrNn24u0uuxkPbMoJLj66QFmYkHbu,5.988098,6.890675999999999,8.716550999999999,0,2591700,18.680499,Interactive,1,1.75
235200,Ztly4IlziLkv/WCAorNWvE1HjN/3TqHmRGZsrNn24u0uuxkPbMoJLj66QFmYkHbu,3.482168,6.619631,8.564486,0,2591700,18.680499,Interactive,1,1.75
235500,Ztly4IlziLkv/WCAorNWvE1HjN/3TqHmRGZsrNn24u0uuxkPbMoJLj66QFmYkHbu,6.113748999999999,6.794571,8.261099,0,2591700,18.680499,Interactive,1,1.75
235800,Ztly4IlziLkv/WCAorNWvE1HjN/3TqHmRGZsrNn24u0uuxkPbMoJLj66QFmYkHbu,4.316071,7.200065,9.242582,0,2591700,18.680499,Interactive,1,1.75
236100,Ztly4IlziLkv/WCAorNWvE1HjN/3TqHmRGZsrNn24u0uuxkPbMoJLj66QFmYkHbu,5.990264,6.809969000000001,8.685553,0,2591700,18.680499,Interactive,1,1.75
236400,Ztly4IlziLkv/WCAorNWvE1HjN/3TqHmRGZsrNn24u0uuxkPbMoJLj66QFmYkHbu,6.2187730000000006,7.428960000000001,12.342994,0,2591700,18.680499,Interactive,1,1.75
236700,Ztly4IlziLkv/WCAorNWvE1HjN/3TqHmRGZsrNn24u0uuxkPbMoJLj66QFmYkHbu,6.415707,6.946122999999999,8.763086,0,2591700,18.680499,Interactive,1,1.75
237000,Ztly4IlziLkv/WCAorNWvE1HjN/3TqHmRGZsrNn24u0uuxkPbMoJLj66QFmYkHbu,3.549838,6.519328,7.955597,0,2591700,18.680499,Interactive,1,1.75
237300,Ztly4IlziLkv/WCAorNWvE1HjN/3TqHmRGZsrNn24u0uuxkPbMoJLj66QFmYkHbu,4.357386,6.559854,8.56884,0,2591700,18.680499,Interactive,1,1.75
237600,Ztly4IlziLkv/WCAorNWvE1HjN/3TqHmRGZsrNn24u0uuxkPbMoJLj66QFmYkHbu,5.998416000000001,6.917917999999999,8.321411,0,2591700,18.680499,Interactive,1,1.75
237900,Ztly4IlziLkv/WCAorNWvE1HjN/3TqHmRGZsrNn24u0uuxkPbMoJLj66QFmYkHbu,4.208851999999999,6.659032000000001,8.800858,0,2591700,18.680499,Interactive,1,1.75
238200,Ztly4IlziLkv/WCAorNWvE1HjN/3TqHmRGZsrNn24u0uuxkPbMoJLj66QFmYkHbu,6.057156,6.723563,8.111725999999999,0,2591700,18.680499,Interactive,1,1.75
238500,Ztly4IlziLkv/WCAorNWvE1HjN/3TqHmRGZsrNn24u0uuxkPbMoJLj66QFmYkHbu,5.800355000000001,6.982292,8.922507000000001,0,2591700,18.680499,Interactive,1,1.75
238800,Ztly4IlziLkv/WCAorNWvE1HjN/3TqHmRGZsrNn24u0uuxkPbMoJLj66QFmYkHbu,6.056472,6.762223,8.050811999999999,0,2591700,18.680499,Interactive,1,1.75
239100,Ztly4IlziLkv/WCAorNWvE1HjN/3TqHmRGZsrNn24u0uuxkPbMoJLj66QFmYkHbu,6.0204,7.209764,10.816198,0,2591700,18.680499,Interactive,1,1.75
239400,Ztly4IlziLkv/WCAorNWvE1HjN/3TqHmRGZsrNn24u0uuxkPbMoJLj66QFmYkHbu,6.367549,9.480651,31.49883,0,2591700,18.680499,Interactive,1,1.75
239700,Ztly4IlziLkv/WCAorNWvE1HjN/3TqHmRGZsrNn24u0uuxkPbMoJLj66QFmYkHbu,3.635088,6.6738990000000005,7.957373,0,2591700,18.680499,Interactive,1,1.75
240000,Ztly4IlziLkv/WCAorNWvE1HjN/3TqHmRGZsrNn24u0uuxkPbMoJLj66QFmYkHbu,4.949323000000001,6.630201,7.596807000000001,0,2591700,18.680499,Interactive,1,1.75
240300,Ztly4IlziLkv/WCAorNWvE1HjN/3TqHmRGZsrNn24u0uuxkPbMoJLj66QFmYkHbu,5.848376999999999,6.826186999999999,7.677741,0,2591700,18.680499,Interactive,1,1.75
240600,Ztly4IlziLkv/WCAorNWvE1HjN/3TqHmRGZsrNn24u0uuxkPbMoJLj66QFmYkHbu,3.204539,6.6988080000000005,10.650535,0,2591700,18.680499,Interactive,1,1.75
240900,Ztly4IlziLkv/WCAorNWvE1HjN/3TqHmRGZsrNn24u0uuxkPbMoJLj66QFmYkHbu,6.043081,6.765418,8.083886,0,2591700,18.680499,Interactive,1,1.75
241200,Ztly4IlziLkv/WCAorNWvE1HjN/3TqHmRGZsrNn24u0uuxkPbMoJLj66QFmYkHbu,3.966493,6.621485000000001,7.683433999999999,0,2591700,18.680499,Interactive,1,1.75
241500,Ztly4IlziLkv/WCAorNWvE1HjN/3TqHmRGZsrNn24u0uuxkPbMoJLj66QFmYkHbu,6.077711,6.802374,7.747399000000001,0,2591700,18.680499,Interactive,1,1.75
241800,Ztly4IlziLkv/WCAorNWvE1HjN/3TqHmRGZsrNn24u0uuxkPbMoJLj66QFmYkHbu,6.099056,7.121581,9.893202,0,2591700,18.680499,Interactive,1,1.75
242100,Ztly4IlziLkv/WCAorNWvE1HjN/3TqHmRGZsrNn24u0uuxkPbMoJLj66QFmYkHbu,5.9406300000000005,6.947635000000001,7.891528,0,2591700,18.680499,Interactive,1,1.75
242400,Ztly4IlziLkv/WCAorNWvE1HjN/3TqHmRGZsrNn24u0uuxkPbMoJLj66QFmYkHbu,4.021536,6.572807000000001,7.600008,0,2591700,18.680499,Interactive,1,1.75
242700,Ztly4IlziLkv/WCAorNWvE1HjN/3TqHmRGZsrNn24u0uuxkPbMoJLj66QFmYkHbu,3.809912,6.695742,7.678827,0,2591700,18.680499,Interactive,1,1.75
243000,Ztly4IlziLkv/WCAorNWvE1HjN/3TqHmRGZsrNn24u0uuxkPbMoJLj66QFmYkHbu,6.0883650000000005,9.435595,24.194155,0,2591700,18.680499,Interactive,1,1.75
243300,Ztly4IlziLkv/WCAorNWvE1HjN/3TqHmRGZsrNn24u0uuxkPbMoJLj66QFmYkHbu,4.35659,6.662224,7.762556,0,2591700,18.680499,Interactive,1,1.75
243600,Ztly4IlziLkv/WCAorNWvE1HjN/3TqHmRGZsrNn24u0uuxkPbMoJLj66QFmYkHbu,6.009164,6.82216,7.658686,0,2591700,18.680499,Interactive,1,1.75
243900,Ztly4IlziLkv/WCAorNWvE1HjN/3TqHmRGZsrNn24u0uuxkPbMoJLj66QFmYkHbu,4.125862000000001,6.684969000000001,7.851093,0,2591700,18.680499,Interactive,1,1.75
244200,Ztly4IlziLkv/WCAorNWvE1HjN/3TqHmRGZsrNn24u0uuxkPbMoJLj66QFmYkHbu,6.103332,6.803914,7.558597,0,2591700,18.680499,Interactive,1,1.75
244500,Ztly4IlziLkv/WCAorNWvE1HjN/3TqHmRGZsrNn24u0uuxkPbMoJLj66QFmYkHbu,5.921465,7.222146,10.995202,0,2591700,18.680499,Interactive,1,1.75
244800,Ztly4IlziLkv/WCAorNWvE1HjN/3TqHmRGZsrNn24u0uuxkPbMoJLj66QFmYkHbu,5.97578,6.84143,7.755317,0,2591700,18.680499,Interactive,1,1.75
245100,Ztly4IlziLkv/WCAorNWvE1HjN/3TqHmRGZsrNn24u0uuxkPbMoJLj66QFmYkHbu,5.87606,7.046197,8.338307,0,2591700,18.680499,Interactive,1,1.75
245400,Ztly4IlziLkv/WCAorNWvE1HjN/3TqHmRGZsrNn24u0uuxkPbMoJLj66QFmYkHbu,4.243246,6.564794999999999,7.584066,0,2591700,18.680499,Interactive,1,1.75
245700,Ztly4IlziLkv/WCAorNWvE1HjN/3TqHmRGZsrNn24u0uuxkPbMoJLj66QFmYkHbu,5.869832,6.932718,8.706141,0,2591700,18.680499,Interactive,1,1.75
246000,Ztly4IlziLkv/WCAorNWvE1HjN/3TqHmRGZsrNn24u0uuxkPbMoJLj66QFmYkHbu,3.901442,6.936359,10.584267,0,2591700,18.680499,Interactive,1,1.75
246300,Ztly4IlziLkv/WCAorNWvE1HjN/3TqHmRGZsrNn24u0uuxkPbMoJLj66QFmYkHbu,5.778944999999999,6.956625,8.225887,0,2591700,18.680499,Interactive,1,1.75
246600,Ztly4IlziLkv/WCAorNWvE1HjN/3TqHmRGZsrNn24u0uuxkPbMoJLj66QFmYkHbu,3.669972,9.233822,33.983412,0,2591700,18.680499,Interactive,1,1.75
246900,Ztly4IlziLkv/WCAorNWvE1HjN/3TqHmRGZsrNn24u0uuxkPbMoJLj66QFmYkHbu,6.103342,6.906886,8.239276,0,2591700,18.680499,Interactive,1,1.75
247200,Ztly4IlziLkv/WCAorNWvE1HjN/3TqHmRGZsrNn24u0uuxkPbMoJLj66QFmYkHbu,6.058978,7.287242999999999,11.693955,0,2591700,18.680499,Interactive,1,1.75
247500,Ztly4IlziLkv/WCAorNWvE1HjN/3TqHmRGZsrNn24u0uuxkPbMoJLj66QFmYkHbu,6.029239,6.946367,8.932411,0,2591700,18.680499,Interactive,1,1.75
247800,Ztly4IlziLkv/WCAorNWvE1HjN/3TqHmRGZsrNn24u0uuxkPbMoJLj66QFmYkHbu,3.371674,6.526542,8.221111,0,2591700,18.680499,Interactive,1,1.75
248100,Ztly4IlziLkv/WCAorNWvE1HjN/3TqHmRGZsrNn24u0uuxkPbMoJLj66QFmYkHbu,3.68714,6.461018,7.713756,0,2591700,18.680499,Interactive,1,1.75
248400,Ztly4IlziLkv/WCAorNWvE1HjN/3TqHmRGZsrNn24u0uuxkPbMoJLj66QFmYkHbu,6.08105,6.7439350000000005,8.535088,0,2591700,18.680499,Interactive,1,1.75
248700,Ztly4IlziLkv/WCAorNWvE1HjN/3TqHmRGZsrNn24u0uuxkPbMoJLj66QFmYkHbu,3.734139,6.565933,8.076692,0,2591700,18.680499,Interactive,1,1.75
249000,Ztly4IlziLkv/WCAorNWvE1HjN/3TqHmRGZsrNn24u0uuxkPbMoJLj66QFmYkHbu,6.013747,6.7217,7.680705000000001,0,2591700,18.680499,Interactive,1,1.75
249300,Ztly4IlziLkv/WCAorNWvE1HjN/3TqHmRGZsrNn24u0uuxkPbMoJLj66QFmYkHbu,3.3013449999999995,6.41452,8.269318,0,2591700,18.680499,Interactive,1,1.75
249600,Ztly4IlziLkv/WCAorNWvE1HjN/3TqHmRGZsrNn24u0uuxkPbMoJLj66QFmYkHbu,6.070803,6.613987,8.020658000000001,0,2591700,18.680499,Interactive,1,1.75
249900,Ztly4IlziLkv/WCAorNWvE1HjN/3TqHmRGZsrNn24u0uuxkPbMoJLj66QFmYkHbu,6.028885,7.212503,11.743883,0,2591700,18.680499,Interactive,1,1.75
250200,Ztly4IlziLkv/WCAorNWvE1HjN/3TqHmRGZsrNn24u0uuxkPbMoJLj66QFmYkHbu,5.943526,9.325197,32.585264,0,2591700,18.680499,Interactive,1,1.75
250500,Ztly4IlziLkv/WCAorNWvE1HjN/3TqHmRGZsrNn24u0uuxkPbMoJLj66QFmYkHbu,3.2821860000000003,6.547846,8.009335,0,2591700,18.680499,Interactive,1,1.75
250800,Ztly4IlziLkv/WCAorNWvE1HjN/3TqHmRGZsrNn24u0uuxkPbMoJLj66QFmYkHbu,3.313481,6.419017,7.622951,0,2591700,18.680499,Interactive,1,1.75
251100,Ztly4IlziLkv/WCAorNWvE1HjN/3TqHmRGZsrNn24u0uuxkPbMoJLj66QFmYkHbu,6.144467,7.11837,10.399363,0,2591700,18.680499,Interactive,1,1.75
251400,Ztly4IlziLkv/WCAorNWvE1HjN/3TqHmRGZsrNn24u0uuxkPbMoJLj66QFmYkHbu,6.191022,7.028055,9.192761,0,2591700,18.680499,Interactive,1,1.75
251700,Ztly4IlziLkv/WCAorNWvE1HjN/3TqHmRGZsrNn24u0uuxkPbMoJLj66QFmYkHbu,6.115357,6.733871000000001,7.604105000000001,0,2591700,18.680499,Interactive,1,1.75
252000,Ztly4IlziLkv/WCAorNWvE1HjN/3TqHmRGZsrNn24u0uuxkPbMoJLj66QFmYkHbu,5.900955000000001,7.406092,13.674312,0,2591700,18.680499,Interactive,1,1.75
252300,Ztly4IlziLkv/WCAorNWvE1HjN/3TqHmRGZsrNn24u0uuxkPbMoJLj66QFmYkHbu,5.9981290000000005,6.815986,8.004387,0,2591700,18.680499,Interactive,1,1.75
252600,Ztly4IlziLkv/WCAorNWvE1HjN/3TqHmRGZsrNn24u0uuxkPbMoJLj66QFmYkHbu,6.073131,8.481428999999999,23.794246,0,2591700,18.680499,Interactive,1,1.75
252900,Ztly4IlziLkv/WCAorNWvE1HjN/3TqHmRGZsrNn24u0uuxkPbMoJLj66QFmYkHbu,6.056485,6.783187,7.556761,0,2591700,18.680499,Interactive,1,1.75
253200,Ztly4IlziLkv/WCAorNWvE1HjN/3TqHmRGZsrNn24u0uuxkPbMoJLj66QFmYkHbu,6.191284,7.371672,12.608025,0,2591700,18.680499,Interactive,1,1.75
253500,Ztly4IlziLkv/WCAorNWvE1HjN/3TqHmRGZsrNn24u0uuxkPbMoJLj66QFmYkHbu,6.042688,7.557772999999999,13.914203,0,2591700,18.680499,Interactive,1,1.75
253800,Ztly4IlziLkv/WCAorNWvE1HjN/3TqHmRGZsrNn24u0uuxkPbMoJLj66QFmYkHbu,6.058593,9.320168,19.450734,0,2591700,18.680499,Interactive,1,1.75
254100,Ztly4IlziLkv/WCAorNWvE1HjN/3TqHmRGZsrNn24u0uuxkPbMoJLj66QFmYkHbu,6.3079160000000005,7.367939999999999,12.792964,0,2591700,18.680499,Interactive,1,1.75
254400,Ztly4IlziLkv/WCAorNWvE1HjN/3TqHmRGZsrNn24u0uuxkPbMoJLj66QFmYkHbu,6.051257,6.815313000000001,7.505656,0,2591700,18.680499,Interactive,1,1.75
254700,Ztly4IlziLkv/WCAorNWvE1HjN/3TqHmRGZsrNn24u0uuxkPbMoJLj66QFmYkHbu,5.983719000000001,7.307678999999999,11.447349,0,2591700,18.680499,Interactive,1,1.75
255000,Ztly4IlziLkv/WCAorNWvE1HjN/3TqHmRGZsrNn24u0uuxkPbMoJLj66QFmYkHbu,6.116469,6.770533,7.229996000000001,0,2591700,18.680499,Interactive,1,1.75
255300,Ztly4IlziLkv/WCAorNWvE1HjN/3TqHmRGZsrNn24u0uuxkPbMoJLj66QFmYkHbu,5.941827,7.712503999999999,15.947512,0,2591700,18.680499,Interactive,1,1.75
255600,Ztly4IlziLkv/WCAorNWvE1HjN/3TqHmRGZsrNn24u0uuxkPbMoJLj66QFmYkHbu,5.90879,6.777067999999999,7.632498,0,2591700,18.680499,Interactive,1,1.75
255900,Ztly4IlziLkv/WCAorNWvE1HjN/3TqHmRGZsrNn24u0uuxkPbMoJLj66QFmYkHbu,6.282328,7.389228,11.204161,0,2591700,18.680499,Interactive,1,1.75
256200,Ztly4IlziLkv/WCAorNWvE1HjN/3TqHmRGZsrNn24u0uuxkPbMoJLj66QFmYkHbu,5.121988,6.571314999999999,7.167497,0,2591700,18.680499,Interactive,1,1.75
256500,Ztly4IlziLkv/WCAorNWvE1HjN/3TqHmRGZsrNn24u0uuxkPbMoJLj66QFmYkHbu,6.062284,6.859561,7.384668,0,2591700,18.680499,Interactive,1,1.75
256800,Ztly4IlziLkv/WCAorNWvE1HjN/3TqHmRGZsrNn24u0uuxkPbMoJLj66QFmYkHbu,4.506488,6.642219,7.370271000000001,0,2591700,18.680499,Interactive,1,1.75
257100,Ztly4IlziLkv/WCAorNWvE1HjN/3TqHmRGZsrNn24u0uuxkPbMoJLj66QFmYkHbu,5.939203,7.020231,7.851457000000001,0,2591700,18.680499,Interactive,1,1.75
257400,Ztly4IlziLkv/WCAorNWvE1HjN/3TqHmRGZsrNn24u0uuxkPbMoJLj66QFmYkHbu,4.159118,9.06935,31.303369,0,2591700,18.680499,Interactive,1,1.75
257700,Ztly4IlziLkv/WCAorNWvE1HjN/3TqHmRGZsrNn24u0uuxkPbMoJLj66QFmYkHbu,6.045714,6.782882000000001,7.163975,0,2591700,18.680499,Interactive,1,1.75
258000,Ztly4IlziLkv/WCAorNWvE1HjN/3TqHmRGZsrNn24u0uuxkPbMoJLj66QFmYkHbu,5.992764,7.463149,13.092621,0,2591700,18.680499,Interactive,1,1.75
258300,Ztly4IlziLkv/WCAorNWvE1HjN/3TqHmRGZsrNn24u0uuxkPbMoJLj66QFmYkHbu,6.131282,6.918409,7.826939,0,2591700,18.680499,Interactive,1,1.75
258600,Ztly4IlziLkv/WCAorNWvE1HjN/3TqHmRGZsrNn24u0uuxkPbMoJLj66QFmYkHbu,3.151248,6.739180999999999,10.449011,0,2591700,18.680499,Interactive,1,1.75
258900,Ztly4IlziLkv/WCAorNWvE1HjN/3TqHmRGZsrNn24u0uuxkPbMoJLj66QFmYkHbu,5.139101,6.514801,7.532214,0,2591700,18.680499,Interactive,1,1.75
259200,Ztly4IlziLkv/WCAorNWvE1HjN/3TqHmRGZsrNn24u0uuxkPbMoJLj66QFmYkHbu,5.992252,6.847347999999999,8.271038,0,2591700,18.680499,Interactive,1,1.75
259500,Ztly4IlziLkv/WCAorNWvE1HjN/3TqHmRGZsrNn24u0uuxkPbMoJLj66QFmYkHbu,3.6007230000000003,6.515271,7.752797999999999,0,2591700,18.680499,Interactive,1,1.75
259800,Ztly4IlziLkv/WCAorNWvE1HjN/3TqHmRGZsrNn24u0uuxkPbMoJLj66QFmYkHbu,6.008718,6.79305,8.216906,0,2591700,18.680499,Interactive,1,1.75
260100,Ztly4IlziLkv/WCAorNWvE1HjN/3TqHmRGZsrNn24u0uuxkPbMoJLj66QFmYkHbu,4.296629,6.574708,8.159964,0,2591700,18.680499,Interactive,1,1.75
260400,Ztly4IlziLkv/WCAorNWvE1HjN/3TqHmRGZsrNn24u0uuxkPbMoJLj66QFmYkHbu,5.923952,6.78143,7.721889,0,2591700,18.680499,Interactive,1,1.75
260700,Ztly4IlziLkv/WCAorNWvE1HjN/3TqHmRGZsrNn24u0uuxkPbMoJLj66QFmYkHbu,3.115219,6.5441720000000005,8.128748,0,2591700,18.680499,Interactive,1,1.75
261000,Ztly4IlziLkv/WCAorNWvE1HjN/3TqHmRGZsrNn24u0uuxkPbMoJLj66QFmYkHbu,5.929401,9.322839,31.34995,0,2591700,18.680499,Interactive,1,1.75
261300,Ztly4IlziLkv/WCAorNWvE1HjN/3TqHmRGZsrNn24u0uuxkPbMoJLj66QFmYkHbu,5.804028,6.733853,7.886288,0,2591700,18.680499,Interactive,1,1.75
261600,Ztly4IlziLkv/WCAorNWvE1HjN/3TqHmRGZsrNn24u0uuxkPbMoJLj66QFmYkHbu,6.086197,6.695675,7.391678999999999,0,2591700,18.680499,Interactive,1,1.75
261900,Ztly4IlziLkv/WCAorNWvE1HjN/3TqHmRGZsrNn24u0uuxkPbMoJLj66QFmYkHbu,5.964245,6.8500630000000005,7.981914999999999,0,2591700,18.680499,Interactive,1,1.75
262200,Ztly4IlziLkv/WCAorNWvE1HjN/3TqHmRGZsrNn24u0uuxkPbMoJLj66QFmYkHbu,3.121902,6.409186,7.715688,0,2591700,18.680499,Interactive,1,1.75
262500,Ztly4IlziLkv/WCAorNWvE1HjN/3TqHmRGZsrNn24u0uuxkPbMoJLj66QFmYkHbu,6.021823,6.8661,8.156547,0,2591700,18.680499,Interactive,1,1.75
262800,Ztly4IlziLkv/WCAorNWvE1HjN/3TqHmRGZsrNn24u0uuxkPbMoJLj66QFmYkHbu,3.2525150000000003,6.374599,8.222122,0,2591700,18.680499,Interactive,1,1.75
263100,Ztly4IlziLkv/WCAorNWvE1HjN/3TqHmRGZsrNn24u0uuxkPbMoJLj66QFmYkHbu,5.948462999999999,6.801168,7.700295,0,2591700,18.680499,Interactive,1,1.75
263400,Ztly4IlziLkv/WCAorNWvE1HjN/3TqHmRGZsrNn24u0uuxkPbMoJLj66QFmYkHbu,3.483594,6.437745,8.077133,0,2591700,18.680499,Interactive,1,1.75
263700,Ztly4IlziLkv/WCAorNWvE1HjN/3TqHmRGZsrNn24u0uuxkPbMoJLj66QFmYkHbu,5.996432,6.8805,7.964367,0,2591700,18.680499,Interactive,1,1.75
264000,Ztly4IlziLkv/WCAorNWvE1HjN/3TqHmRGZsrNn24u0uuxkPbMoJLj66QFmYkHbu,5.66906,6.642422,7.877876,0,2591700,18.680499,Interactive,1,1.75
264300,Ztly4IlziLkv/WCAorNWvE1HjN/3TqHmRGZsrNn24u0uuxkPbMoJLj66QFmYkHbu,3.702665,6.544052,7.729647999999999,0,2591700,18.680499,Interactive,1,1.75
264600,Ztly4IlziLkv/WCAorNWvE1HjN/3TqHmRGZsrNn24u0uuxkPbMoJLj66QFmYkHbu,6.045272,9.310492,22.974263,0,2591700,18.680499,Interactive,1,1.75
264900,Ztly4IlziLkv/WCAorNWvE1HjN/3TqHmRGZsrNn24u0uuxkPbMoJLj66QFmYkHbu,5.135113,6.557506,7.665197,0,2591700,18.680499,Interactive,1,1.75
265200,Ztly4IlziLkv/WCAorNWvE1HjN/3TqHmRGZsrNn24u0uuxkPbMoJLj66QFmYkHbu,5.911378,6.756794999999999,8.150121,0,2591700,18.680499,Interactive,1,1.75
265500,Ztly4IlziLkv/WCAorNWvE1HjN/3TqHmRGZsrNn24u0uuxkPbMoJLj66QFmYkHbu,3.220302,6.452858,8.274099,0,2591700,18.680499,Interactive,1,1.75
265800,Ztly4IlziLkv/WCAorNWvE1HjN/3TqHmRGZsrNn24u0uuxkPbMoJLj66QFmYkHbu,6.0291440000000005,6.755497999999999,7.742913000000001,0,2591700,18.680499,Interactive,1,1.75
266100,Ztly4IlziLkv/WCAorNWvE1HjN/3TqHmRGZsrNn24u0uuxkPbMoJLj66QFmYkHbu,3.633042,6.47133,7.445314,0,2591700,18.680499,Interactive,1,1.75
266400,Ztly4IlziLkv/WCAorNWvE1HjN/3TqHmRGZsrNn24u0uuxkPbMoJLj66QFmYkHbu,6.196332,6.750989,7.350852000000001,0,2591700,18.680499,Interactive,1,1.75
266700,Ztly4IlziLkv/WCAorNWvE1HjN/3TqHmRGZsrNn24u0uuxkPbMoJLj66QFmYkHbu,4.07426,6.503312,7.853803999999999,0,2591700,18.680499,Interactive,1,1.75
267000,Ztly4IlziLkv/WCAorNWvE1HjN/3TqHmRGZsrNn24u0uuxkPbMoJLj66QFmYkHbu,5.032008,6.592382000000001,7.559271000000001,0,2591700,18.680499,Interactive,1,1.75
267300,Ztly4IlziLkv/WCAorNWvE1HjN/3TqHmRGZsrNn24u0uuxkPbMoJLj66QFmYkHbu,6.105607,6.899666000000001,7.516907000000001,0,2591700,18.680499,Interactive,1,1.75
267600,Ztly4IlziLkv/WCAorNWvE1HjN/3TqHmRGZsrNn24u0uuxkPbMoJLj66QFmYkHbu,5.007468,6.628991,7.539005,0,2591700,18.680499,Interactive,1,1.75
267900,Ztly4IlziLkv/WCAorNWvE1HjN/3TqHmRGZsrNn24u0uuxkPbMoJLj66QFmYkHbu,6.084437,7.02435,7.788805,0,2591700,18.680499,Interactive,1,1.75
268200,Ztly4IlziLkv/WCAorNWvE1HjN/3TqHmRGZsrNn24u0uuxkPbMoJLj66QFmYkHbu,3.734281,8.964157,32.179925,0,2591700,18.680499,Interactive,1,1.75
268500,Ztly4IlziLkv/WCAorNWvE1HjN/3TqHmRGZsrNn24u0uuxkPbMoJLj66QFmYkHbu,6.053891,6.8955910000000005,7.966367999999999,0,2591700,18.680499,Interactive,1,1.75
268800,Ztly4IlziLkv/WCAorNWvE1HjN/3TqHmRGZsrNn24u0uuxkPbMoJLj66QFmYkHbu,3.069359,6.355931,7.269446,0,2591700,18.680499,Interactive,1,1.75
269100,Ztly4IlziLkv/WCAorNWvE1HjN/3TqHmRGZsrNn24u0uuxkPbMoJLj66QFmYkHbu,6.301961,6.894664,7.876482000000001,0,2591700,18.680499,Interactive,1,1.75
269400,Ztly4IlziLkv/WCAorNWvE1HjN/3TqHmRGZsrNn24u0uuxkPbMoJLj66QFmYkHbu,6.077783,7.76935,16.817291,0,2591700,18.680499,Interactive,1,1.75
269700,Ztly4IlziLkv/WCAorNWvE1HjN/3TqHmRGZsrNn24u0uuxkPbMoJLj66QFmYkHbu,3.74212,6.482921,7.25667,0,2591700,18.680499,Interactive,1,1.75
270000,Ztly4IlziLkv/WCAorNWvE1HjN/3TqHmRGZsrNn24u0uuxkPbMoJLj66QFmYkHbu,6.276313,7.186011,10.38101,0,2591700,18.680499,Interactive,1,1.75
270300,Ztly4IlziLkv/WCAorNWvE1HjN/3TqHmRGZsrNn24u0uuxkPbMoJLj66QFmYkHbu,4.440332,6.62161,7.389256,0,2591700,18.680499,Interactive,1,1.75
270600,Ztly4IlziLkv/WCAorNWvE1HjN/3TqHmRGZsrNn24u0uuxkPbMoJLj66QFmYkHbu,5.982444999999999,6.79677,7.656744000000001,0,2591700,18.680499,Interactive,1,1.75
270900,Ztly4IlziLkv/WCAorNWvE1HjN/3TqHmRGZsrNn24u0uuxkPbMoJLj66QFmYkHbu,3.486715,6.486194,7.513094000000001,0,2591700,18.680499,Interactive,1,1.75
271200,Ztly4IlziLkv/WCAorNWvE1HjN/3TqHmRGZsrNn24u0uuxkPbMoJLj66QFmYkHbu,6.11404,6.853569,7.611586,0,2591700,18.680499,Interactive,1,1.75
271500,Ztly4IlziLkv/WCAorNWvE1HjN/3TqHmRGZsrNn24u0uuxkPbMoJLj66QFmYkHbu,4.845154,6.69187,8.233522,0,2591700,18.680499,Interactive,1,1.75
271800,Ztly4IlziLkv/WCAorNWvE1HjN/3TqHmRGZsrNn24u0uuxkPbMoJLj66QFmYkHbu,6.095797,9.303562,32.25495,0,2591700,18.680499,Interactive,1,1.75
272100,Ztly4IlziLkv/WCAorNWvE1HjN/3TqHmRGZsrNn24u0uuxkPbMoJLj66QFmYkHbu,3.2234130000000003,6.514289,7.64076,0,2591700,18.680499,Interactive,1,1.75
272400,Ztly4IlziLkv/WCAorNWvE1HjN/3TqHmRGZsrNn24u0uuxkPbMoJLj66QFmYkHbu,3.407319,6.369665,7.306017999999999,0,2591700,18.680499,Interactive,1,1.75
272700,Ztly4IlziLkv/WCAorNWvE1HjN/3TqHmRGZsrNn24u0uuxkPbMoJLj66QFmYkHbu,6.193238,6.805189,7.565021000000001,0,2591700,18.680499,Interactive,1,1.75
273000,Ztly4IlziLkv/WCAorNWvE1HjN/3TqHmRGZsrNn24u0uuxkPbMoJLj66QFmYkHbu,3.597408,6.504580000000001,8.39886,0,2591700,18.680499,Interactive,1,1.75
273300,Ztly4IlziLkv/WCAorNWvE1HjN/3TqHmRGZsrNn24u0uuxkPbMoJLj66QFmYkHbu,6.028693,6.753783,7.887964999999999,0,2591700,18.680499,Interactive,1,1.75
273600,Ztly4IlziLkv/WCAorNWvE1HjN/3TqHmRGZsrNn24u0uuxkPbMoJLj66QFmYkHbu,5.658134,6.692456,8.067689,0,2591700,18.680499,Interactive,1,1.75
273900,Ztly4IlziLkv/WCAorNWvE1HjN/3TqHmRGZsrNn24u0uuxkPbMoJLj66QFmYkHbu,6.268262,6.919434,8.43887,0,2591700,18.680499,Interactive,1,1.75
274200,Ztly4IlziLkv/WCAorNWvE1HjN/3TqHmRGZsrNn24u0uuxkPbMoJLj66QFmYkHbu,3.179519,6.319068,7.638927000000001,0,2591700,18.680499,Interactive,1,1.75
274500,Ztly4IlziLkv/WCAorNWvE1HjN/3TqHmRGZsrNn24u0uuxkPbMoJLj66QFmYkHbu,6.221177,6.908613000000001,7.972838,0,2591700,18.680499,Interactive,1,1.75
274800,Ztly4IlziLkv/WCAorNWvE1HjN/3TqHmRGZsrNn24u0uuxkPbMoJLj66QFmYkHbu,3.491236,6.434309,7.444737,0,2591700,18.680499,Interactive,1,1.75
275100,Ztly4IlziLkv/WCAorNWvE1HjN/3TqHmRGZsrNn24u0uuxkPbMoJLj66QFmYkHbu,3.248503,6.676342,8.539216,0,2591700,18.680499,Interactive,1,1.75
275400,Ztly4IlziLkv/WCAorNWvE1HjN/3TqHmRGZsrNn24u0uuxkPbMoJLj66QFmYkHbu,6.394421,9.421605,22.477471,0,2591700,18.680499,Interactive,1,1.75
275700,Ztly4IlziLkv/WCAorNWvE1HjN/3TqHmRGZsrNn24u0uuxkPbMoJLj66QFmYkHbu,6.164701999999999,7.314317999999999,11.362748,0,2591700,18.680499,Interactive,1,1.75
276000,Ztly4IlziLkv/WCAorNWvE1HjN/3TqHmRGZsrNn24u0uuxkPbMoJLj66QFmYkHbu,5.969609999999999,6.716633,8.149167,0,2591700,18.680499,Interactive,1,1.75
276300,Ztly4IlziLkv/WCAorNWvE1HjN/3TqHmRGZsrNn24u0uuxkPbMoJLj66QFmYkHbu,6.344808,7.107516,9.348536,0,2591700,18.680499,Interactive,1,1.75
276600,Ztly4IlziLkv/WCAorNWvE1HjN/3TqHmRGZsrNn24u0uuxkPbMoJLj66QFmYkHbu,6.352088,6.848942999999999,8.016875,0,2591700,18.680499,Interactive,1,1.75
276900,Ztly4IlziLkv/WCAorNWvE1HjN/3TqHmRGZsrNn24u0uuxkPbMoJLj66QFmYkHbu,5.061463,6.61497,7.86701,0,2591700,18.680499,Interactive,1,1.75
277200,Ztly4IlziLkv/WCAorNWvE1HjN/3TqHmRGZsrNn24u0uuxkPbMoJLj66QFmYkHbu,6.280188,6.795819,8.010924000000001,0,2591700,18.680499,Interactive,1,1.75
277500,Ztly4IlziLkv/WCAorNWvE1HjN/3TqHmRGZsrNn24u0uuxkPbMoJLj66QFmYkHbu,5.683953,6.687706,7.569021,0,2591700,18.680499,Interactive,1,1.75
277800,Ztly4IlziLkv/WCAorNWvE1HjN/3TqHmRGZsrNn24u0uuxkPbMoJLj66QFmYkHbu,3.2260470000000003,6.390092,8.092774,0,2591700,18.680499,Interactive,1,1.75
278100,Ztly4IlziLkv/WCAorNWvE1HjN/3TqHmRGZsrNn24u0uuxkPbMoJLj66QFmYkHbu,6.256208999999999,6.821682000000001,8.0066,0,2591700,18.680499,Interactive,1,1.75
278400,Ztly4IlziLkv/WCAorNWvE1HjN/3TqHmRGZsrNn24u0uuxkPbMoJLj66QFmYkHbu,6.198387,7.009973,8.379966,0,2591700,18.680499,Interactive,1,1.75
278700,Ztly4IlziLkv/WCAorNWvE1HjN/3TqHmRGZsrNn24u0uuxkPbMoJLj66QFmYkHbu,5.891107,6.962746000000001,8.245510000000001,0,2591700,18.680499,Interactive,1,1.75
279000,Ztly4IlziLkv/WCAorNWvE1HjN/3TqHmRGZsrNn24u0uuxkPbMoJLj66QFmYkHbu,3.373,9.192062,31.68934,0,2591700,18.680499,Interactive,1,1.75
279300,Ztly4IlziLkv/WCAorNWvE1HjN/3TqHmRGZsrNn24u0uuxkPbMoJLj66QFmYkHbu,6.219453,7.233478999999999,9.654839,0,2591700,18.680499,Interactive,1,1.75
279600,Ztly4IlziLkv/WCAorNWvE1HjN/3TqHmRGZsrNn24u0uuxkPbMoJLj66QFmYkHbu,3.5384580000000003,6.391676,7.645517,0,2591700,18.680499,Interactive,1,1.75
279900,Ztly4IlziLkv/WCAorNWvE1HjN/3TqHmRGZsrNn24u0uuxkPbMoJLj66QFmYkHbu,5.982321,7.172033,10.111662,0,2591700,18.680499,Interactive,1,1.75
280200,Ztly4IlziLkv/WCAorNWvE1HjN/3TqHmRGZsrNn24u0uuxkPbMoJLj66QFmYkHbu,3.385783,6.413133,7.615771,0,2591700,18.680499,Interactive,1,1.75
280500,Ztly4IlziLkv/WCAorNWvE1HjN/3TqHmRGZsrNn24u0uuxkPbMoJLj66QFmYkHbu,5.861344,6.744292,7.713197999999999,0,2591700,18.680499,Interactive,1,1.75
280800,Ztly4IlziLkv/WCAorNWvE1HjN/3TqHmRGZsrNn24u0uuxkPbMoJLj66QFmYkHbu,6.118454,6.755992999999999,7.349436,0,2591700,18.680499,Interactive,1,1.75
281100,Ztly4IlziLkv/WCAorNWvE1HjN/3TqHmRGZsrNn24u0uuxkPbMoJLj66QFmYkHbu,4.554627,6.582207,7.463495,0,2591700,18.680499,Interactive,1,1.75
281400,Ztly4IlziLkv/WCAorNWvE1HjN/3TqHmRGZsrNn24u0uuxkPbMoJLj66QFmYkHbu,6.021244,6.673828,7.60889,0,2591700,18.680499,Interactive,1,1.75
281700,Ztly4IlziLkv/WCAorNWvE1HjN/3TqHmRGZsrNn24u0uuxkPbMoJLj66QFmYkHbu,3.516345,6.339443,7.147088,0,2591700,18.680499,Interactive,1,1.75
282000,Ztly4IlziLkv/WCAorNWvE1HjN/3TqHmRGZsrNn24u0uuxkPbMoJLj66QFmYkHbu,5.954925,6.7834330000000005,7.446427000000001,0,2591700,18.680499,Interactive,1,1.75
282300,Ztly4IlziLkv/WCAorNWvE1HjN/3TqHmRGZsrNn24u0uuxkPbMoJLj66QFmYkHbu,3.176961,6.46121,8.724808,0,2591700,18.680499,Interactive,1,1.75
282600,Ztly4IlziLkv/WCAorNWvE1HjN/3TqHmRGZsrNn24u0uuxkPbMoJLj66QFmYkHbu,5.935467,9.288454,31.903579,0,2591700,18.680499,Interactive,1,1.75
282900,Ztly4IlziLkv/WCAorNWvE1HjN/3TqHmRGZsrNn24u0uuxkPbMoJLj66QFmYkHbu,3.3888199999999995,6.766674000000001,10.127675,0,2591700,18.680499,Interactive,1,1.75
283200,Ztly4IlziLkv/WCAorNWvE1HjN/3TqHmRGZsrNn24u0uuxkPbMoJLj66QFmYkHbu,3.418136,6.319452,7.552927,0,2591700,18.680499,Interactive,1,1.75
283500,Ztly4IlziLkv/WCAorNWvE1HjN/3TqHmRGZsrNn24u0uuxkPbMoJLj66QFmYkHbu,6.077533,7.071053,10.586185,0,2591700,18.680499,Interactive,1,1.75
283800,Ztly4IlziLkv/WCAorNWvE1HjN/3TqHmRGZsrNn24u0uuxkPbMoJLj66QFmYkHbu,3.516579,6.403794,7.492503999999999,0,2591700,18.680499,Interactive,1,1.75
284100,Ztly4IlziLkv/WCAorNWvE1HjN/3TqHmRGZsrNn24u0uuxkPbMoJLj66QFmYkHbu,5.9529190000000005,6.696597,7.44793,0,2591700,18.680499,Interactive,1,1.75
284400,Ztly4IlziLkv/WCAorNWvE1HjN/3TqHmRGZsrNn24u0uuxkPbMoJLj66QFmYkHbu,3.628969,6.369431,7.263524,0,2591700,18.680499,Interactive,1,1.75
284700,Ztly4IlziLkv/WCAorNWvE1HjN/3TqHmRGZsrNn24u0uuxkPbMoJLj66QFmYkHbu,5.908007,6.812301,7.621397999999999,0,2591700,18.680499,Interactive,1,1.75
285000,Ztly4IlziLkv/WCAorNWvE1HjN/3TqHmRGZsrNn24u0uuxkPbMoJLj66QFmYkHbu,4.258638,6.354146,7.430327,0,2591700,18.680499,Interactive,1,1.75
285300,Ztly4IlziLkv/WCAorNWvE1HjN/3TqHmRGZsrNn24u0uuxkPbMoJLj66QFmYkHbu,6.127439,6.834791,7.442054,0,2591700,18.680499,Interactive,1,1.75
285600,Ztly4IlziLkv/WCAorNWvE1HjN/3TqHmRGZsrNn24u0uuxkPbMoJLj66QFmYkHbu,3.4313260000000003,6.475398,7.774125,0,2591700,18.680499,Interactive,1,1.75
285900,Ztly4IlziLkv/WCAorNWvE1HjN/3TqHmRGZsrNn24u0uuxkPbMoJLj66QFmYkHbu,4.507834,6.6469830000000005,8.442473,0,2591700,18.680499,Interactive,1,1.75
286200,Ztly4IlziLkv/WCAorNWvE1HjN/3TqHmRGZsrNn24u0uuxkPbMoJLj66QFmYkHbu,6.197138,9.328879,28.303499,0,2591700,18.680499,Interactive,1,1.75
286500,Ztly4IlziLkv/WCAorNWvE1HjN/3TqHmRGZsrNn24u0uuxkPbMoJLj66QFmYkHbu,3.4484800000000004,6.509265,8.407467,0,2591700,18.680499,Interactive,1,1.75
286800,Ztly4IlziLkv/WCAorNWvE1HjN/3TqHmRGZsrNn24u0uuxkPbMoJLj66QFmYkHbu,6.014515,6.669722999999999,8.348268,0,2591700,18.680499,Interactive,1,1.75
287100,Ztly4IlziLkv/WCAorNWvE1HjN/3TqHmRGZsrNn24u0uuxkPbMoJLj66QFmYkHbu,3.457129,6.431691000000001,8.123598,0,2591700,18.680499,Interactive,1,1.75
287400,Ztly4IlziLkv/WCAorNWvE1HjN/3TqHmRGZsrNn24u0uuxkPbMoJLj66QFmYkHbu,6.005782,6.793672,8.669737,0,2591700,18.680499,Interactive,1,1.75
287700,Ztly4IlziLkv/WCAorNWvE1HjN/3TqHmRGZsrNn24u0uuxkPbMoJLj66QFmYkHbu,3.285156,6.256624,7.69515,0,2591700,18.680499,Interactive,1,1.75
288000,Ztly4IlziLkv/WCAorNWvE1HjN/3TqHmRGZsrNn24u0uuxkPbMoJLj66QFmYkHbu,6.114573,6.771433999999999,7.998085,0,2591700,18.680499,Interactive,1,1.75
288300,Ztly4IlziLkv/WCAorNWvE1HjN/3TqHmRGZsrNn24u0uuxkPbMoJLj66QFmYkHbu,3.446234,6.396026999999999,8.427777,0,2591700,18.680499,Interactive,1,1.75
288600,Ztly4IlziLkv/WCAorNWvE1HjN/3TqHmRGZsrNn24u0uuxkPbMoJLj66QFmYkHbu,3.486863,6.385073,8.390065,0,2591700,18.680499,Interactive,1,1.75
288900,Ztly4IlziLkv/WCAorNWvE1HjN/3TqHmRGZsrNn24u0uuxkPbMoJLj66QFmYkHbu,6.161639,6.834613,8.28823,0,2591700,18.680499,Interactive,1,1.75
289200,Ztly4IlziLkv/WCAorNWvE1HjN/3TqHmRGZsrNn24u0uuxkPbMoJLj66QFmYkHbu,3.3492589999999995,6.377708,8.015207,0,2591700,18.680499,Interactive,1,1.75
289500,Ztly4IlziLkv/WCAorNWvE1HjN/3TqHmRGZsrNn24u0uuxkPbMoJLj66QFmYkHbu,6.309088,6.95005,8.392682,0,2591700,18.680499,Interactive,1,1.75
289800,Ztly4IlziLkv/WCAorNWvE1HjN/3TqHmRGZsrNn24u0uuxkPbMoJLj66QFmYkHbu,3.4850160000000003,8.966756,32.086157,0,2591700,18.680499,Interactive,1,1.75
290100,Ztly4IlziLkv/WCAorNWvE1HjN/3TqHmRGZsrNn24u0uuxkPbMoJLj66QFmYkHbu,5.9048050000000005,6.785985,8.164056,0,2591700,18.680499,Interactive,1,1.75
290400,Ztly4IlziLkv/WCAorNWvE1HjN/3TqHmRGZsrNn24u0uuxkPbMoJLj66QFmYkHbu,3.537518,6.282471,7.204911999999999,0,2591700,18.680499,Interactive,1,1.75
290700,Ztly4IlziLkv/WCAorNWvE1HjN/3TqHmRGZsrNn24u0uuxkPbMoJLj66QFmYkHbu,6.010945,7.144614,10.661605,0,2591700,18.680499,Interactive,1,1.75
291000,Ztly4IlziLkv/WCAorNWvE1HjN/3TqHmRGZsrNn24u0uuxkPbMoJLj66QFmYkHbu,3.329254,6.376368,8.055461,0,2591700,18.680499,Interactive,1,1.75
291300,Ztly4IlziLkv/WCAorNWvE1HjN/3TqHmRGZsrNn24u0uuxkPbMoJLj66QFmYkHbu,6.08901,7.093238,9.94625,0,2591700,18.680499,Interactive,1,1.75
291600,Ztly4IlziLkv/WCAorNWvE1HjN/3TqHmRGZsrNn24u0uuxkPbMoJLj66QFmYkHbu,6.188161,6.78072,8.021398,0,2591700,18.680499,Interactive,1,1.75
291900,Ztly4IlziLkv/WCAorNWvE1HjN/3TqHmRGZsrNn24u0uuxkPbMoJLj66QFmYkHbu,3.214255,6.467352,8.157445,0,2591700,18.680499,Interactive,1,1.75
292200,Ztly4IlziLkv/WCAorNWvE1HjN/3TqHmRGZsrNn24u0uuxkPbMoJLj66QFmYkHbu,6.068948000000001,6.754826,7.653506,0,2591700,18.680499,Interactive,1,1.75
292500,Ztly4IlziLkv/WCAorNWvE1HjN/3TqHmRGZsrNn24u0uuxkPbMoJLj66QFmYkHbu,3.5353410000000003,6.615662,7.428567999999999,0,2591700,18.680499,Interactive,1,1.75
292800,Ztly4IlziLkv/WCAorNWvE1HjN/3TqHmRGZsrNn24u0uuxkPbMoJLj66QFmYkHbu,5.96373,6.752001,7.891217999999999,0,2591700,18.680499,Interactive,1,1.75
293100,Ztly4IlziLkv/WCAorNWvE1HjN/3TqHmRGZsrNn24u0uuxkPbMoJLj66QFmYkHbu,3.086542,6.408589,7.766085,0,2591700,18.680499,Interactive,1,1.75
293400,Ztly4IlziLkv/WCAorNWvE1HjN/3TqHmRGZsrNn24u0uuxkPbMoJLj66QFmYkHbu,6.479213,9.34059,32.182386,0,2591700,18.680499,Interactive,1,1.75
293700,Ztly4IlziLkv/WCAorNWvE1HjN/3TqHmRGZsrNn24u0uuxkPbMoJLj66QFmYkHbu,4.17433,6.821895,10.184442,0,2591700,18.680499,Interactive,1,1.75
294000,Ztly4IlziLkv/WCAorNWvE1HjN/3TqHmRGZsrNn24u0uuxkPbMoJLj66QFmYkHbu,6.077424,6.714786,7.565573,0,2591700,18.680499,Interactive,1,1.75
294300,Ztly4IlziLkv/WCAorNWvE1HjN/3TqHmRGZsrNn24u0uuxkPbMoJLj66QFmYkHbu,6.0663860000000005,6.875883999999999,7.458422,0,2591700,18.680499,Interactive,1,1.75
294600,Ztly4IlziLkv/WCAorNWvE1HjN/3TqHmRGZsrNn24u0uuxkPbMoJLj66QFmYkHbu,6.284374,7.193411,10.661137,0,2591700,18.680499,Interactive,1,1.75
294900,Ztly4IlziLkv/WCAorNWvE1HjN/3TqHmRGZsrNn24u0uuxkPbMoJLj66QFmYkHbu,6.364506,6.727922,7.673481,0,2591700,18.680499,Interactive,1,1.75
295200,Ztly4IlziLkv/WCAorNWvE1HjN/3TqHmRGZsrNn24u0uuxkPbMoJLj66QFmYkHbu,6.496903,7.245369,9.754969,0,2591700,18.680499,Interactive,1,1.75
295500,Ztly4IlziLkv/WCAorNWvE1HjN/3TqHmRGZsrNn24u0uuxkPbMoJLj66QFmYkHbu,6.09605,7.220294,10.253749,0,2591700,18.680499,Interactive,1,1.75
295800,Ztly4IlziLkv/WCAorNWvE1HjN/3TqHmRGZsrNn24u0uuxkPbMoJLj66QFmYkHbu,5.982025,6.604568,7.101795,0,2591700,18.680499,Interactive,1,1.75
296100,Ztly4IlziLkv/WCAorNWvE1HjN/3TqHmRGZsrNn24u0uuxkPbMoJLj66QFmYkHbu,6.4621580000000005,6.898567,7.5132,0,2591700,18.680499,Interactive,1,1.75
296400,Ztly4IlziLkv/WCAorNWvE1HjN/3TqHmRGZsrNn24u0uuxkPbMoJLj66QFmYkHbu,6.023135,6.777528,7.811043,0,2591700,18.680499,Interactive,1,1.75
296700,Ztly4IlziLkv/WCAorNWvE1HjN/3TqHmRGZsrNn24u0uuxkPbMoJLj66QFmYkHbu,6.49151,6.966299,7.781361,0,2591700,18.680499,Interactive,1,1.75
297000,Ztly4IlziLkv/WCAorNWvE1HjN/3TqHmRGZsrNn24u0uuxkPbMoJLj66QFmYkHbu,6.442330999999999,7.824563,13.171097,0,2591700,18.680499,Interactive,1,1.75
297300,Ztly4IlziLkv/WCAorNWvE1HjN/3TqHmRGZsrNn24u0uuxkPbMoJLj66QFmYkHbu,6.449483,9.306825,24.719075,0,2591700,18.680499,Interactive,1,1.75
297600,Ztly4IlziLkv/WCAorNWvE1HjN/3TqHmRGZsrNn24u0uuxkPbMoJLj66QFmYkHbu,6.049777,6.703134,7.474642,0,2591700,18.680499,Interactive,1,1.75
297900,Ztly4IlziLkv/WCAorNWvE1HjN/3TqHmRGZsrNn24u0uuxkPbMoJLj66QFmYkHbu,6.518008999999999,6.874934,7.404478999999999,0,2591700,18.680499,Interactive,1,1.75
298200,Ztly4IlziLkv/WCAorNWvE1HjN/3TqHmRGZsrNn24u0uuxkPbMoJLj66QFmYkHbu,5.977809,6.732271000000001,7.494145,0,2591700,18.680499,Interactive,1,1.75
298500,Ztly4IlziLkv/WCAorNWvE1HjN/3TqHmRGZsrNn24u0uuxkPbMoJLj66QFmYkHbu,6.42647,9.803102,38.3793,0,2591700,18.680499,Interactive,1,1.75
298800,Ztly4IlziLkv/WCAorNWvE1HjN/3TqHmRGZsrNn24u0uuxkPbMoJLj66QFmYkHbu,6.043265,6.830912,8.33947,0,2591700,18.680499,Interactive,1,1.75
299100,Ztly4IlziLkv/WCAorNWvE1HjN/3TqHmRGZsrNn24u0uuxkPbMoJLj66QFmYkHbu,5.872744,7.337066,12.23966,0,2591700,18.680499,Interactive,1,1.75
299400,Ztly4IlziLkv/WCAorNWvE1HjN/3TqHmRGZsrNn24u0uuxkPbMoJLj66QFmYkHbu,6.005425,6.739847,8.35133,0,2591700,18.680499,Interactive,1,1.75
299700,Ztly4IlziLkv/WCAorNWvE1HjN/3TqHmRGZsrNn24u0uuxkPbMoJLj66QFmYkHbu,6.00289,6.9314350000000005,8.305533,0,2591700,18.680499,Interactive,1,1.75
300000,Ztly4IlziLkv/WCAorNWvE1HjN/3TqHmRGZsrNn24u0uuxkPbMoJLj66QFmYkHbu,6.121874,6.785025,8.718459,0,2591700,18.680499,Interactive,1,1.75
300300,Ztly4IlziLkv/WCAorNWvE1HjN/3TqHmRGZsrNn24u0uuxkPbMoJLj66QFmYkHbu,5.937985,6.931701,8.352910000000001,0,2591700,18.680499,Interactive,1,1.75
300600,Ztly4IlziLkv/WCAorNWvE1HjN/3TqHmRGZsrNn24u0uuxkPbMoJLj66QFmYkHbu,5.987822,6.820722999999999,8.334067,0,2591700,18.680499,Interactive,1,1.75
300900,Ztly4IlziLkv/WCAorNWvE1HjN/3TqHmRGZsrNn24u0uuxkPbMoJLj66QFmYkHbu,5.938124,9.274509,31.37836,0,2591700,18.680499,Interactive,1,1.75
301200,Ztly4IlziLkv/WCAorNWvE1HjN/3TqHmRGZsrNn24u0uuxkPbMoJLj66QFmYkHbu,6.271099,7.210355,11.031925,0,2591700,18.680499,Interactive,1,1.75
301500,Ztly4IlziLkv/WCAorNWvE1HjN/3TqHmRGZsrNn24u0uuxkPbMoJLj66QFmYkHbu,5.925064,6.88215,8.455267,0,2591700,18.680499,Interactive,1,1.75
301800,Ztly4IlziLkv/WCAorNWvE1HjN/3TqHmRGZsrNn24u0uuxkPbMoJLj66QFmYkHbu,5.964073,6.886874000000001,8.688258,0,2591700,18.680499,Interactive,1,1.75
302100,Ztly4IlziLkv/WCAorNWvE1HjN/3TqHmRGZsrNn24u0uuxkPbMoJLj66QFmYkHbu,5.826499,6.790828,8.680513000000001,0,2591700,18.680499,Interactive,1,1.75
302400,Ztly4IlziLkv/WCAorNWvE1HjN/3TqHmRGZsrNn24u0uuxkPbMoJLj66QFmYkHbu,5.944326,7.007003,8.799044,0,2591700,18.680499,Interactive,1,1.75
302700,Ztly4IlziLkv/WCAorNWvE1HjN/3TqHmRGZsrNn24u0uuxkPbMoJLj66QFmYkHbu,5.875845,8.245089,19.015719,0,2591700,18.680499,Interactive,1,1.75
303000,Ztly4IlziLkv/WCAorNWvE1HjN/3TqHmRGZsrNn24u0uuxkPbMoJLj66QFmYkHbu,6.100765,6.715613,8.594466,0,2591700,18.680499,Interactive,1,1.75
303300,Ztly4IlziLkv/WCAorNWvE1HjN/3TqHmRGZsrNn24u0uuxkPbMoJLj66QFmYkHbu,5.5213980000000005,6.785003999999999,8.409481,0,2591700,18.680499,Interactive,1,1.75
303600,Ztly4IlziLkv/WCAorNWvE1HjN/3TqHmRGZsrNn24u0uuxkPbMoJLj66QFmYkHbu,5.998677,6.768946000000001,8.406207,0,2591700,18.680499,Interactive,1,1.75
303900,Ztly4IlziLkv/WCAorNWvE1HjN/3TqHmRGZsrNn24u0uuxkPbMoJLj66QFmYkHbu,5.928799,6.810288000000001,7.968692999999999,0,2591700,18.680499,Interactive,1,1.75
304200,Ztly4IlziLkv/WCAorNWvE1HjN/3TqHmRGZsrNn24u0uuxkPbMoJLj66QFmYkHbu,5.944634,6.892295,8.341306,0,2591700,18.680499,Interactive,1,1.75
304500,Ztly4IlziLkv/WCAorNWvE1HjN/3TqHmRGZsrNn24u0uuxkPbMoJLj66QFmYkHbu,5.95567,9.232214,31.253411,0,2591700,18.680499,Interactive,1,1.75
304800,Ztly4IlziLkv/WCAorNWvE1HjN/3TqHmRGZsrNn24u0uuxkPbMoJLj66QFmYkHbu,5.942785,6.734585000000001,8.579272,0,2591700,18.680499,Interactive,1,1.75
305100,Ztly4IlziLkv/WCAorNWvE1HjN/3TqHmRGZsrNn24u0uuxkPbMoJLj66QFmYkHbu,6.097123000000001,7.062109,8.818774000000001,0,2591700,18.680499,Interactive,1,1.75
305400,Ztly4IlziLkv/WCAorNWvE1HjN/3TqHmRGZsrNn24u0uuxkPbMoJLj66QFmYkHbu,5.823151999999999,7.774497999999999,14.441085,0,2591700,18.680499,Interactive,1,1.75
305700,Ztly4IlziLkv/WCAorNWvE1HjN/3TqHmRGZsrNn24u0uuxkPbMoJLj66QFmYkHbu,5.931352,6.774217,7.557544,0,2591700,18.680499,Interactive,1,1.75
306000,Ztly4IlziLkv/WCAorNWvE1HjN/3TqHmRGZsrNn24u0uuxkPbMoJLj66QFmYkHbu,5.687,8.546788000000001,25.291241,0,2591700,18.680499,Interactive,1,1.75
306300,Ztly4IlziLkv/WCAorNWvE1HjN/3TqHmRGZsrNn24u0uuxkPbMoJLj66QFmYkHbu,5.929362,6.816522,7.734407000000001,0,2591700,18.680499,Interactive,1,1.75
306600,Ztly4IlziLkv/WCAorNWvE1HjN/3TqHmRGZsrNn24u0uuxkPbMoJLj66QFmYkHbu,5.985693,9.887078,39.085555,0,2591700,18.680499,Interactive,1,1.75
306900,Ztly4IlziLkv/WCAorNWvE1HjN/3TqHmRGZsrNn24u0uuxkPbMoJLj66QFmYkHbu,6.055802,6.914095,7.607292,0,2591700,18.680499,Interactive,1,1.75
307200,Ztly4IlziLkv/WCAorNWvE1HjN/3TqHmRGZsrNn24u0uuxkPbMoJLj66QFmYkHbu,5.69803,10.911318,48.979362,0,2591700,18.680499,Interactive,1,1.75
307500,Ztly4IlziLkv/WCAorNWvE1HjN/3TqHmRGZsrNn24u0uuxkPbMoJLj66QFmYkHbu,6.01964,6.900438,7.966608,0,2591700,18.680499,Interactive,1,1.75
307800,Ztly4IlziLkv/WCAorNWvE1HjN/3TqHmRGZsrNn24u0uuxkPbMoJLj66QFmYkHbu,5.851521,10.866211,47.832165,0,2591700,18.680499,Interactive,1,1.75
308100,Ztly4IlziLkv/WCAorNWvE1HjN/3TqHmRGZsrNn24u0uuxkPbMoJLj66QFmYkHbu,6.004764,12.729561,40.577172,0,2591700,18.680499,Interactive,1,1.75
308400,Ztly4IlziLkv/WCAorNWvE1HjN/3TqHmRGZsrNn24u0uuxkPbMoJLj66QFmYkHbu,5.914137,6.74949,7.900326,0,2591700,18.680499,Interactive,1,1.75
308700,Ztly4IlziLkv/WCAorNWvE1HjN/3TqHmRGZsrNn24u0uuxkPbMoJLj66QFmYkHbu,5.955383,9.207139,31.921558,0,2591700,18.680499,Interactive,1,1.75
309000,Ztly4IlziLkv/WCAorNWvE1HjN/3TqHmRGZsrNn24u0uuxkPbMoJLj66QFmYkHbu,6.308180999999999,6.798800999999999,7.549955000000001,0,2591700,18.680499,Interactive,1,1.75
309300,Ztly4IlziLkv/WCAorNWvE1HjN/3TqHmRGZsrNn24u0uuxkPbMoJLj66QFmYkHbu,6.022991,8.476258999999999,23.822884,0,2591700,18.680499,Interactive,1,1.75
309600,Ztly4IlziLkv/WCAorNWvE1HjN/3TqHmRGZsrNn24u0uuxkPbMoJLj66QFmYkHbu,6.157662,6.798125,7.369364999999999,0,2591700,18.680499,Interactive,1,1.75
309900,Ztly4IlziLkv/WCAorNWvE1HjN/3TqHmRGZsrNn24u0uuxkPbMoJLj66QFmYkHbu,6.201812,6.841651,7.587139,0,2591700,18.680499,Interactive,1,1.75
310200,Ztly4IlziLkv/WCAorNWvE1HjN/3TqHmRGZsrNn24u0uuxkPbMoJLj66QFmYkHbu,6.169588,6.749277,7.546689,0,2591700,18.680499,Interactive,1,1.75
310500,Ztly4IlziLkv/WCAorNWvE1HjN/3TqHmRGZsrNn24u0uuxkPbMoJLj66QFmYkHbu,6.213056,6.855273,7.367122,0,2591700,18.680499,Interactive,1,1.75
310800,Ztly4IlziLkv/WCAorNWvE1HjN/3TqHmRGZsrNn24u0uuxkPbMoJLj66QFmYkHbu,6.356980999999999,6.992903999999999,7.601423,0,2591700,18.680499,Interactive,1,1.75
311100,Ztly4IlziLkv/WCAorNWvE1HjN/3TqHmRGZsrNn24u0uuxkPbMoJLj66QFmYkHbu,6.123069,6.9852240000000005,8.360941,0,2591700,18.680499,Interactive,1,1.75
311400,Ztly4IlziLkv/WCAorNWvE1HjN/3TqHmRGZsrNn24u0uuxkPbMoJLj66QFmYkHbu,6.078901,6.804069,7.405156,0,2591700,18.680499,Interactive,1,1.75
311700,Ztly4IlziLkv/WCAorNWvE1HjN/3TqHmRGZsrNn24u0uuxkPbMoJLj66QFmYkHbu,6.2484980000000006,9.32148,32.249016999999995,0,2591700,18.680499,Interactive,1,1.75
312000,Ztly4IlziLkv/WCAorNWvE1HjN/3TqHmRGZsrNn24u0uuxkPbMoJLj66QFmYkHbu,6.503926,6.818491000000001,7.589467999999999,0,2591700,18.680499,Interactive,1,1.75
312300,Ztly4IlziLkv/WCAorNWvE1HjN/3TqHmRGZsrNn24u0uuxkPbMoJLj66QFmYkHbu,6.022301000000001,6.877872,7.855282000000001,0,2591700,18.680499,Interactive,1,1.75
312600,Ztly4IlziLkv/WCAorNWvE1HjN/3TqHmRGZsrNn24u0uuxkPbMoJLj66QFmYkHbu,5.793453,6.730573,7.662327,0,2591700,18.680499,Interactive,1,1.75
312900,Ztly4IlziLkv/WCAorNWvE1HjN/3TqHmRGZsrNn24u0uuxkPbMoJLj66QFmYkHbu,6.133858,7.089385000000001,10.189007,0,2591700,18.680499,Interactive,1,1.75
313200,Ztly4IlziLkv/WCAorNWvE1HjN/3TqHmRGZsrNn24u0uuxkPbMoJLj66QFmYkHbu,5.948519999999999,6.873261,7.420044,0,2591700,18.680499,Interactive,1,1.75
313500,Ztly4IlziLkv/WCAorNWvE1HjN/3TqHmRGZsrNn24u0uuxkPbMoJLj66QFmYkHbu,6.457901000000001,6.836587,7.529258,0,2591700,18.680499,Interactive,1,1.75
313800,Ztly4IlziLkv/WCAorNWvE1HjN/3TqHmRGZsrNn24u0uuxkPbMoJLj66QFmYkHbu,6.378573,7.029594,9.940967,0,2591700,18.680499,Interactive,1,1.75
314100,Ztly4IlziLkv/WCAorNWvE1HjN/3TqHmRGZsrNn24u0uuxkPbMoJLj66QFmYkHbu,6.278146,7.233313000000001,10.313342,0,2591700,18.680499,Interactive,1,1.75
314400,Ztly4IlziLkv/WCAorNWvE1HjN/3TqHmRGZsrNn24u0uuxkPbMoJLj66QFmYkHbu,6.345619,6.718295,7.592199000000001,0,2591700,18.680499,Interactive,1,1.75
314700,Ztly4IlziLkv/WCAorNWvE1HjN/3TqHmRGZsrNn24u0uuxkPbMoJLj66QFmYkHbu,6.480748999999999,7.098261999999999,8.414143,0,2591700,18.680499,Interactive,1,1.75
315000,Ztly4IlziLkv/WCAorNWvE1HjN/3TqHmRGZsrNn24u0uuxkPbMoJLj66QFmYkHbu,5.950999,6.7594,7.653608,0,2591700,18.680499,Interactive,1,1.75
315300,Ztly4IlziLkv/WCAorNWvE1HjN/3TqHmRGZsrNn24u0uuxkPbMoJLj66QFmYkHbu,6.267082,9.412246,32.796695,0,2591700,18.680499,Interactive,1,1.75
315600,Ztly4IlziLkv/WCAorNWvE1HjN/3TqHmRGZsrNn24u0uuxkPbMoJLj66QFmYkHbu,6.085864,6.786760000000001,7.76375,0,2591700,18.680499,Interactive,1,1.75
315900,Ztly4IlziLkv/WCAorNWvE1HjN/3TqHmRGZsrNn24u0uuxkPbMoJLj66QFmYkHbu,5.879702,6.843378,7.997824,0,2591700,18.680499,Interactive,1,1.75
316200,Ztly4IlziLkv/WCAorNWvE1HjN/3TqHmRGZsrNn24u0uuxkPbMoJLj66QFmYkHbu,6.303993,6.789723,7.813952,0,2591700,18.680499,Interactive,1,1.75
316500,Ztly4IlziLkv/WCAorNWvE1HjN/3TqHmRGZsrNn24u0uuxkPbMoJLj66QFmYkHbu,5.947654,6.854055000000001,7.784747,0,2591700,18.680499,Interactive,1,1.75
316800,Ztly4IlziLkv/WCAorNWvE1HjN/3TqHmRGZsrNn24u0uuxkPbMoJLj66QFmYkHbu,5.954672,7.008344999999999,10.581413,0,2591700,18.680499,Interactive,1,1.75
317100,Ztly4IlziLkv/WCAorNWvE1HjN/3TqHmRGZsrNn24u0uuxkPbMoJLj66QFmYkHbu,6.32681,6.8117410000000005,7.682917,0,2591700,18.680499,Interactive,1,1.75
317400,Ztly4IlziLkv/WCAorNWvE1HjN/3TqHmRGZsrNn24u0uuxkPbMoJLj66QFmYkHbu,6.188603,6.859389999999999,7.566634,0,2591700,18.680499,Interactive,1,1.75
317700,Ztly4IlziLkv/WCAorNWvE1HjN/3TqHmRGZsrNn24u0uuxkPbMoJLj66QFmYkHbu,5.994608,6.7846660000000005,7.567794999999999,0,2591700,18.680499,Interactive,1,1.75
318000,Ztly4IlziLkv/WCAorNWvE1HjN/3TqHmRGZsrNn24u0uuxkPbMoJLj66QFmYkHbu,6.121067,6.802144,7.866744000000001,0,2591700,18.680499,Interactive,1,1.75
318300,Ztly4IlziLkv/WCAorNWvE1HjN/3TqHmRGZsrNn24u0uuxkPbMoJLj66QFmYkHbu,5.834671,6.849646000000001,8.151243,0,2591700,18.680499,Interactive,1,1.75
318600,Ztly4IlziLkv/WCAorNWvE1HjN/3TqHmRGZsrNn24u0uuxkPbMoJLj66QFmYkHbu,5.821285,6.788603,8.358272,0,2591700,18.680499,Interactive,1,1.75
318900,Ztly4IlziLkv/WCAorNWvE1HjN/3TqHmRGZsrNn24u0uuxkPbMoJLj66QFmYkHbu,3.879172,8.826874,26.921991,0,2591700,18.680499,Interactive,1,1.75
319200,Ztly4IlziLkv/WCAorNWvE1HjN/3TqHmRGZsrNn24u0uuxkPbMoJLj66QFmYkHbu,5.785874,6.572507000000001,7.175574,0,2591700,18.680499,Interactive,1,1.75
319500,Ztly4IlziLkv/WCAorNWvE1HjN/3TqHmRGZsrNn24u0uuxkPbMoJLj66QFmYkHbu,5.8581080000000005,6.712453,8.003155,0,2591700,18.680499,Interactive,1,1.75
319800,Ztly4IlziLkv/WCAorNWvE1HjN/3TqHmRGZsrNn24u0uuxkPbMoJLj66QFmYkHbu,5.630622,6.629528,7.269143,0,2591700,18.680499,Interactive,1,1.75
320100,Ztly4IlziLkv/WCAorNWvE1HjN/3TqHmRGZsrNn24u0uuxkPbMoJLj66QFmYkHbu,5.1512,6.594950999999999,7.805913,0,2591700,18.680499,Interactive,1,1.75
320400,Ztly4IlziLkv/WCAorNWvE1HjN/3TqHmRGZsrNn24u0uuxkPbMoJLj66QFmYkHbu,6.051633,6.776035,7.853414999999999,0,2591700,18.680499,Interactive,1,1.75
320700,Ztly4IlziLkv/WCAorNWvE1HjN/3TqHmRGZsrNn24u0uuxkPbMoJLj66QFmYkHbu,3.536043,6.506869999999999,7.691053999999999,0,2591700,18.680499,Interactive,1,1.75
321000,Ztly4IlziLkv/WCAorNWvE1HjN/3TqHmRGZsrNn24u0uuxkPbMoJLj66QFmYkHbu,5.918869,6.777898,7.340314,0,2591700,18.680499,Interactive,1,1.75
321300,Ztly4IlziLkv/WCAorNWvE1HjN/3TqHmRGZsrNn24u0uuxkPbMoJLj66QFmYkHbu,4.678696,6.682346000000001,7.823199000000001,0,2591700,18.680499,Interactive,1,1.75
321600,Ztly4IlziLkv/WCAorNWvE1HjN/3TqHmRGZsrNn24u0uuxkPbMoJLj66QFmYkHbu,5.101274,6.631811,7.457125,0,2591700,18.680499,Interactive,1,1.75
321900,Ztly4IlziLkv/WCAorNWvE1HjN/3TqHmRGZsrNn24u0uuxkPbMoJLj66QFmYkHbu,5.931047,6.815652,8.184624000000001,0,2591700,18.680499,Interactive,1,1.75
322200,Ztly4IlziLkv/WCAorNWvE1HjN/3TqHmRGZsrNn24u0uuxkPbMoJLj66QFmYkHbu,4.282635,6.589436999999999,7.676956,0,2591700,18.680499,Interactive,1,1.75
322500,Ztly4IlziLkv/WCAorNWvE1HjN/3TqHmRGZsrNn24u0uuxkPbMoJLj66QFmYkHbu,5.993871,9.803891,31.805447,0,2591700,18.680499,Interactive,1,1.75
322800,Ztly4IlziLkv/WCAorNWvE1HjN/3TqHmRGZsrNn24u0uuxkPbMoJLj66QFmYkHbu,6.186389,14.781381,72.441121,0,2591700,18.680499,Interactive,1,1.75
323100,Ztly4IlziLkv/WCAorNWvE1HjN/3TqHmRGZsrNn24u0uuxkPbMoJLj66QFmYkHbu,5.966375,6.865895,7.845126,0,2591700,18.680499,Interactive,1,1.75
323400,Ztly4IlziLkv/WCAorNWvE1HjN/3TqHmRGZsrNn24u0uuxkPbMoJLj66QFmYkHbu,4.461712,6.929333,10.626326,0,2591700,18.680499,Interactive,1,1.75
323700,Ztly4IlziLkv/WCAorNWvE1HjN/3TqHmRGZsrNn24u0uuxkPbMoJLj66QFmYkHbu,5.954594,6.821205,7.772411,0,2591700,18.680499,Interactive,1,1.75
324000,Ztly4IlziLkv/WCAorNWvE1HjN/3TqHmRGZsrNn24u0uuxkPbMoJLj66QFmYkHbu,3.5540010000000004,6.535951,7.69199,0,2591700,18.680499,Interactive,1,1.75
324300,Ztly4IlziLkv/WCAorNWvE1HjN/3TqHmRGZsrNn24u0uuxkPbMoJLj66QFmYkHbu,5.165151,6.597189,7.552286,0,2591700,18.680499,Interactive,1,1.75
324600,Ztly4IlziLkv/WCAorNWvE1HjN/3TqHmRGZsrNn24u0uuxkPbMoJLj66QFmYkHbu,5.839102,7.106845,10.21539,0,2591700,18.680499,Interactive,1,1.75
324900,Ztly4IlziLkv/WCAorNWvE1HjN/3TqHmRGZsrNn24u0uuxkPbMoJLj66QFmYkHbu,5.960005000000001,6.705183,7.718922999999999,0,2591700,18.680499,Interactive,1,1.75
325200,Ztly4IlziLkv/WCAorNWvE1HjN/3TqHmRGZsrNn24u0uuxkPbMoJLj66QFmYkHbu,6.080043,6.766228999999999,7.885517,0,2591700,18.680499,Interactive,1,1.75
325500,Ztly4IlziLkv/WCAorNWvE1HjN/3TqHmRGZsrNn24u0uuxkPbMoJLj66QFmYkHbu,3.621448,6.562930000000001,8.206063,0,2591700,18.680499,Interactive,1,1.75
325800,Ztly4IlziLkv/WCAorNWvE1HjN/3TqHmRGZsrNn24u0uuxkPbMoJLj66QFmYkHbu,5.933915,6.870042,8.450379,0,2591700,18.680499,Interactive,1,1.75
326100,Ztly4IlziLkv/WCAorNWvE1HjN/3TqHmRGZsrNn24u0uuxkPbMoJLj66QFmYkHbu,4.852655,9.143297,32.186683,0,2591700,18.680499,Interactive,1,1.75
326400,Ztly4IlziLkv/WCAorNWvE1HjN/3TqHmRGZsrNn24u0uuxkPbMoJLj66QFmYkHbu,5.937957,6.771605999999999,8.196760000000001,0,2591700,18.680499,Interactive,1,1.75
326700,Ztly4IlziLkv/WCAorNWvE1HjN/3TqHmRGZsrNn24u0uuxkPbMoJLj66QFmYkHbu,4.425851000000001,6.56911,8.360126,0,2591700,18.680499,Interactive,1,1.75
327000,Ztly4IlziLkv/WCAorNWvE1HjN/3TqHmRGZsrNn24u0uuxkPbMoJLj66QFmYkHbu,3.335715,6.386784,7.645980000000001,0,2591700,18.680499,Interactive,1,1.75
327300,Ztly4IlziLkv/WCAorNWvE1HjN/3TqHmRGZsrNn24u0uuxkPbMoJLj66QFmYkHbu,5.899562,6.798301,8.01078,0,2591700,18.680499,Interactive,1,1.75
327600,Ztly4IlziLkv/WCAorNWvE1HjN/3TqHmRGZsrNn24u0uuxkPbMoJLj66QFmYkHbu,3.671015,6.5084800000000005,8.275341000000001,0,2591700,18.680499,Interactive,1,1.75
327900,Ztly4IlziLkv/WCAorNWvE1HjN/3TqHmRGZsrNn24u0uuxkPbMoJLj66QFmYkHbu,5.978767,7.104750999999999,10.78839,0,2591700,18.680499,Interactive,1,1.75
328200,Ztly4IlziLkv/WCAorNWvE1HjN/3TqHmRGZsrNn24u0uuxkPbMoJLj66QFmYkHbu,3.956702,6.447525,8.09182,0,2591700,18.680499,Interactive,1,1.75
328500,Ztly4IlziLkv/WCAorNWvE1HjN/3TqHmRGZsrNn24u0uuxkPbMoJLj66QFmYkHbu,6.053625,6.741632000000001,8.187603999999999,0,2591700,18.680499,Interactive,1,1.75
328800,Ztly4IlziLkv/WCAorNWvE1HjN/3TqHmRGZsrNn24u0uuxkPbMoJLj66QFmYkHbu,5.88245,6.684516,7.609249,0,2591700,18.680499,Interactive,1,1.75
329100,Ztly4IlziLkv/WCAorNWvE1HjN/3TqHmRGZsrNn24u0uuxkPbMoJLj66QFmYkHbu,5.981855,6.904461,7.922785,0,2591700,18.680499,Interactive,1,1.75
329400,Ztly4IlziLkv/WCAorNWvE1HjN/3TqHmRGZsrNn24u0uuxkPbMoJLj66QFmYkHbu,4.503492,6.596292999999999,8.370703,0,2591700,18.680499,Interactive,1,1.75
329700,Ztly4IlziLkv/WCAorNWvE1HjN/3TqHmRGZsrNn24u0uuxkPbMoJLj66QFmYkHbu,4.236163,8.994444,32.154953000000006,0,2591700,18.680499,Interactive,1,1.75
330000,Ztly4IlziLkv/WCAorNWvE1HjN/3TqHmRGZsrNn24u0uuxkPbMoJLj66QFmYkHbu,5.957586,6.755474,7.859122999999999,0,2591700,18.680499,Interactive,1,1.75
330300,Ztly4IlziLkv/WCAorNWvE1HjN/3TqHmRGZsrNn24u0uuxkPbMoJLj66QFmYkHbu,3.598438,6.495547,8.554927000000001,0,2591700,18.680499,Interactive,1,1.75
330600,Ztly4IlziLkv/WCAorNWvE1HjN/3TqHmRGZsrNn24u0uuxkPbMoJLj66QFmYkHbu,6.033632,6.858510000000001,7.774324000000001,0,2591700,18.680499,Interactive,1,1.75
330900,Ztly4IlziLkv/WCAorNWvE1HjN/3TqHmRGZsrNn24u0uuxkPbMoJLj66QFmYkHbu,3.289979,6.329424,7.786444,0,2591700,18.680499,Interactive,1,1.75
331200,Ztly4IlziLkv/WCAorNWvE1HjN/3TqHmRGZsrNn24u0uuxkPbMoJLj66QFmYkHbu,5.989296,6.915430000000001,8.676009,0,2591700,18.680499,Interactive,1,1.75
331500,Ztly4IlziLkv/WCAorNWvE1HjN/3TqHmRGZsrNn24u0uuxkPbMoJLj66QFmYkHbu,3.785005,6.468707,7.474873,0,2591700,18.680499,Interactive,1,1.75
331800,Ztly4IlziLkv/WCAorNWvE1HjN/3TqHmRGZsrNn24u0uuxkPbMoJLj66QFmYkHbu,5.904039,6.702194,7.499566000000001,0,2591700,18.680499,Interactive,1,1.75
332100,Ztly4IlziLkv/WCAorNWvE1HjN/3TqHmRGZsrNn24u0uuxkPbMoJLj66QFmYkHbu,3.998551,6.843742,10.204952,0,2591700,18.680499,Interactive,1,1.75
332400,Ztly4IlziLkv/WCAorNWvE1HjN/3TqHmRGZsrNn24u0uuxkPbMoJLj66QFmYkHbu,2.9745,6.528454,7.52065,0,2591700,18.680499,Interactive,1,1.75
332700,Ztly4IlziLkv/WCAorNWvE1HjN/3TqHmRGZsrNn24u0uuxkPbMoJLj66QFmYkHbu,6.0262720000000005,6.893258,8.202077000000001,0,2591700,18.680499,Interactive,1,1.75
333000,Ztly4IlziLkv/WCAorNWvE1HjN/3TqHmRGZsrNn24u0uuxkPbMoJLj66QFmYkHbu,3.529052,6.630567999999999,8.273699,0,2591700,18.680499,Interactive,1,1.75
333300,Ztly4IlziLkv/WCAorNWvE1HjN/3TqHmRGZsrNn24u0uuxkPbMoJLj66QFmYkHbu,6.292218,9.406235,32.162027,0,2591700,18.680499,Interactive,1,1.75
333600,Ztly4IlziLkv/WCAorNWvE1HjN/3TqHmRGZsrNn24u0uuxkPbMoJLj66QFmYkHbu,4.674301,6.557589,7.576196,0,2591700,18.680499,Interactive,1,1.75
333900,Ztly4IlziLkv/WCAorNWvE1HjN/3TqHmRGZsrNn24u0uuxkPbMoJLj66QFmYkHbu,5.969119999999999,6.842191000000001,7.57315,0,2591700,18.680499,Interactive,1,1.75
334200,Ztly4IlziLkv/WCAorNWvE1HjN/3TqHmRGZsrNn24u0uuxkPbMoJLj66QFmYkHbu,4.378633,6.655854,8.020468,0,2591700,18.680499,Interactive,1,1.75
334500,Ztly4IlziLkv/WCAorNWvE1HjN/3TqHmRGZsrNn24u0uuxkPbMoJLj66QFmYkHbu,6.2481800000000005,6.730584,7.316647,0,2591700,18.680499,Interactive,1,1.75
334800,Ztly4IlziLkv/WCAorNWvE1HjN/3TqHmRGZsrNn24u0uuxkPbMoJLj66QFmYkHbu,3.061586,6.814210000000001,10.513199,0,2591700,18.680499,Interactive,1,1.75
335100,Ztly4IlziLkv/WCAorNWvE1HjN/3TqHmRGZsrNn24u0uuxkPbMoJLj66QFmYkHbu,3.550098,6.493993,7.769641,0,2591700,18.680499,Interactive,1,1.75
335400,Ztly4IlziLkv/WCAorNWvE1HjN/3TqHmRGZsrNn24u0uuxkPbMoJLj66QFmYkHbu,6.343531,6.854425,7.782878999999999,0,2591700,18.680499,Interactive,1,1.75
335700,Ztly4IlziLkv/WCAorNWvE1HjN/3TqHmRGZsrNn24u0uuxkPbMoJLj66QFmYkHbu,3.675248,6.503784,7.478381,0,2591700,18.680499,Interactive,1,1.75
336000,Ztly4IlziLkv/WCAorNWvE1HjN/3TqHmRGZsrNn24u0uuxkPbMoJLj66QFmYkHbu,6.181908,6.894867999999999,8.079711999999999,0,2591700,18.680499,Interactive,1,1.75
336300,Ztly4IlziLkv/WCAorNWvE1HjN/3TqHmRGZsrNn24u0uuxkPbMoJLj66QFmYkHbu,4.609922,6.603294,8.446102999999999,0,2591700,18.680499,Interactive,1,1.75
336600,Ztly4IlziLkv/WCAorNWvE1HjN/3TqHmRGZsrNn24u0uuxkPbMoJLj66QFmYkHbu,6.138906,6.814063000000001,7.947058999999999,0,2591700,18.680499,Interactive,1,1.75
336900,Ztly4IlziLkv/WCAorNWvE1HjN/3TqHmRGZsrNn24u0uuxkPbMoJLj66QFmYkHbu,5.395455999999999,6.7015080000000005,7.568378999999999,0,2591700,18.680499,Interactive,1,1.75
337200,Ztly4IlziLkv/WCAorNWvE1HjN/3TqHmRGZsrNn24u0uuxkPbMoJLj66QFmYkHbu,6.062568,6.774211,7.440614999999999,0,2591700,18.680499,Interactive,1,1.75
337500,Ztly4IlziLkv/WCAorNWvE1HjN/3TqHmRGZsrNn24u0uuxkPbMoJLj66QFmYkHbu,3.794976,6.461241,7.428800999999999,0,2591700,18.680499,Interactive,1,1.75
337800,Ztly4IlziLkv/WCAorNWvE1HjN/3TqHmRGZsrNn24u0uuxkPbMoJLj66QFmYkHbu,3.906941,6.862551,10.094911,0,2591700,18.680499,Interactive,1,1.75
338100,Ztly4IlziLkv/WCAorNWvE1HjN/3TqHmRGZsrNn24u0uuxkPbMoJLj66QFmYkHbu,6.124516000000001,6.689686,7.086952,0,2591700,18.680499,Interactive,1,1.75
338400,Ztly4IlziLkv/WCAorNWvE1HjN/3TqHmRGZsrNn24u0uuxkPbMoJLj66QFmYkHbu,3.587273,6.564968,8.255122,0,2591700,18.680499,Interactive,1,1.75
338700,Ztly4IlziLkv/WCAorNWvE1HjN/3TqHmRGZsrNn24u0uuxkPbMoJLj66QFmYkHbu,5.891176000000001,6.760403999999999,7.92175,0,2591700,18.680499,Interactive,1,1.75
339000,Ztly4IlziLkv/WCAorNWvE1HjN/3TqHmRGZsrNn24u0uuxkPbMoJLj66QFmYkHbu,3.651398,5.4303930000000005,7.507399,0,2591700,18.680499,Interactive,1,1.75
339300,Ztly4IlziLkv/WCAorNWvE1HjN/3TqHmRGZsrNn24u0uuxkPbMoJLj66QFmYkHbu,4.583365000000001,5.715083,7.457625,0,2591700,18.680499,Interactive,1,1.75
339600,Ztly4IlziLkv/WCAorNWvE1HjN/3TqHmRGZsrNn24u0uuxkPbMoJLj66QFmYkHbu,5.040259,7.886191,10.445312,0,2591700,18.680499,Interactive,1,1.75
340200,Ztly4IlziLkv/WCAorNWvE1HjN/3TqHmRGZsrNn24u0uuxkPbMoJLj66QFmYkHbu,6.291817,14.722134,37.287806,0,2591700,18.680499,Interactive,1,1.75
340500,Ztly4IlziLkv/WCAorNWvE1HjN/3TqHmRGZsrNn24u0uuxkPbMoJLj66QFmYkHbu,5.729666,6.934253999999999,9.411163,0,2591700,18.680499,Interactive,1,1.75
340800,Ztly4IlziLkv/WCAorNWvE1HjN/3TqHmRGZsrNn24u0uuxkPbMoJLj66QFmYkHbu,6.08275,6.531523,8.263773,0,2591700,18.680499,Interactive,1,1.75
341100,Ztly4IlziLkv/WCAorNWvE1HjN/3TqHmRGZsrNn24u0uuxkPbMoJLj66QFmYkHbu,5.53524,6.372539,8.239398,0,2591700,18.680499,Interactive,1,1.75
341400,Ztly4IlziLkv/WCAorNWvE1HjN/3TqHmRGZsrNn24u0uuxkPbMoJLj66QFmYkHbu,5.733262,6.60222,8.844998,0,2591700,18.680499,Interactive,1,1.75
341700,Ztly4IlziLkv/WCAorNWvE1HjN/3TqHmRGZsrNn24u0uuxkPbMoJLj66QFmYkHbu,5.0252300000000005,6.371341,7.519449000000001,0,2591700,18.680499,Interactive,1,1.75
342000,Ztly4IlziLkv/WCAorNWvE1HjN/3TqHmRGZsrNn24u0uuxkPbMoJLj66QFmYkHbu,5.92502,6.756573,7.968742999999999,0,2591700,18.680499,Interactive,1,1.75
342300,Ztly4IlziLkv/WCAorNWvE1HjN/3TqHmRGZsrNn24u0uuxkPbMoJLj66QFmYkHbu,5.444939,6.348008999999999,7.076426,0,2591700,18.680499,Interactive,1,1.75
342600,Ztly4IlziLkv/WCAorNWvE1HjN/3TqHmRGZsrNn24u0uuxkPbMoJLj66QFmYkHbu,5.749505,6.385332,7.50339,0,2591700,18.680499,Interactive,1,1.75
342900,Ztly4IlziLkv/WCAorNWvE1HjN/3TqHmRGZsrNn24u0uuxkPbMoJLj66QFmYkHbu,5.146941,6.397539,7.484046,0,2591700,18.680499,Interactive,1,1.75
343200,Ztly4IlziLkv/WCAorNWvE1HjN/3TqHmRGZsrNn24u0uuxkPbMoJLj66QFmYkHbu,5.980161,6.506437,7.609868,0,2591700,18.680499,Interactive,1,1.75
343500,Ztly4IlziLkv/WCAorNWvE1HjN/3TqHmRGZsrNn24u0uuxkPbMoJLj66QFmYkHbu,5.875729,8.483889,24.915542,0,2591700,18.680499,Interactive,1,1.75
343800,Ztly4IlziLkv/WCAorNWvE1HjN/3TqHmRGZsrNn24u0uuxkPbMoJLj66QFmYkHbu,5.730015,6.848951,8.471627999999999,0,2591700,18.680499,Interactive,1,1.75
344100,Ztly4IlziLkv/WCAorNWvE1HjN/3TqHmRGZsrNn24u0uuxkPbMoJLj66QFmYkHbu,6.056255999999999,6.630986999999999,7.853358999999999,0,2591700,18.680499,Interactive,1,1.75
344400,Ztly4IlziLkv/WCAorNWvE1HjN/3TqHmRGZsrNn24u0uuxkPbMoJLj66QFmYkHbu,5.03902,6.5912690000000005,7.939075999999999,0,2591700,18.680499,Interactive,1,1.75
344700,Ztly4IlziLkv/WCAorNWvE1HjN/3TqHmRGZsrNn24u0uuxkPbMoJLj66QFmYkHbu,5.916203,6.647459,7.548405000000001,0,2591700,18.680499,Interactive,1,1.75
345000,Ztly4IlziLkv/WCAorNWvE1HjN/3TqHmRGZsrNn24u0uuxkPbMoJLj66QFmYkHbu,3.646342,6.390497,8.287982000000001,0,2591700,18.680499,Interactive,1,1.75
345300,Ztly4IlziLkv/WCAorNWvE1HjN/3TqHmRGZsrNn24u0uuxkPbMoJLj66QFmYkHbu,5.922256,6.553802,7.376467999999999,0,2591700,18.680499,Interactive,1,1.75
345600,Ztly4IlziLkv/WCAorNWvE1HjN/3TqHmRGZsrNn24u0uuxkPbMoJLj66QFmYkHbu,3.267035,6.245746,8.171372999999999,0,2591700,18.680499,Interactive,1,1.75
345900,Ztly4IlziLkv/WCAorNWvE1HjN/3TqHmRGZsrNn24u0uuxkPbMoJLj66QFmYkHbu,5.942823000000001,6.58248,8.032014,0,2591700,18.680499,Interactive,1,1.75
346200,Ztly4IlziLkv/WCAorNWvE1HjN/3TqHmRGZsrNn24u0uuxkPbMoJLj66QFmYkHbu,3.864483,6.468559,8.086905999999999,0,2591700,18.680499,Interactive,1,1.75
346500,Ztly4IlziLkv/WCAorNWvE1HjN/3TqHmRGZsrNn24u0uuxkPbMoJLj66QFmYkHbu,3.300011,6.438875,7.750219,0,2591700,18.680499,Interactive,1,1.75
346800,Ztly4IlziLkv/WCAorNWvE1HjN/3TqHmRGZsrNn24u0uuxkPbMoJLj66QFmYkHbu,5.99575,6.641486,8.240947,0,2591700,18.680499,Interactive,1,1.75
347100,Ztly4IlziLkv/WCAorNWvE1HjN/3TqHmRGZsrNn24u0uuxkPbMoJLj66QFmYkHbu,3.826359,6.325476999999999,7.82499,0,2591700,18.680499,Interactive,1,1.75
347400,Ztly4IlziLkv/WCAorNWvE1HjN/3TqHmRGZsrNn24u0uuxkPbMoJLj66QFmYkHbu,5.686761,6.572543,8.040977999999999,0,2591700,18.680499,Interactive,1,1.75
347700,Ztly4IlziLkv/WCAorNWvE1HjN/3TqHmRGZsrNn24u0uuxkPbMoJLj66QFmYkHbu,3.743779,6.10635,7.327647,0,2591700,18.680499,Interactive,1,1.75
348000,Ztly4IlziLkv/WCAorNWvE1HjN/3TqHmRGZsrNn24u0uuxkPbMoJLj66QFmYkHbu,6.007898,6.4052370000000005,7.191839999999999,0,2591700,18.680499,Interactive,1,1.75
348300,Ztly4IlziLkv/WCAorNWvE1HjN/3TqHmRGZsrNn24u0uuxkPbMoJLj66QFmYkHbu,3.454514,6.078958999999999,7.636155,0,2591700,18.680499,Interactive,1,1.75
348600,Ztly4IlziLkv/WCAorNWvE1HjN/3TqHmRGZsrNn24u0uuxkPbMoJLj66QFmYkHbu,5.9073150000000005,6.425372,7.79099,0,2591700,18.680499,Interactive,1,1.75
348900,Ztly4IlziLkv/WCAorNWvE1HjN/3TqHmRGZsrNn24u0uuxkPbMoJLj66QFmYkHbu,3.937595,6.249325,7.414894,0,2591700,18.680499,Interactive,1,1.75
349200,Ztly4IlziLkv/WCAorNWvE1HjN/3TqHmRGZsrNn24u0uuxkPbMoJLj66QFmYkHbu,5.81536,7.04501,10.844355,0,2591700,18.680499,Interactive,1,1.75
349500,Ztly4IlziLkv/WCAorNWvE1HjN/3TqHmRGZsrNn24u0uuxkPbMoJLj66QFmYkHbu,5.864299,6.381448000000001,7.558297,0,2591700,18.680499,Interactive,1,1.75
349800,Ztly4IlziLkv/WCAorNWvE1HjN/3TqHmRGZsrNn24u0uuxkPbMoJLj66QFmYkHbu,4.687115,6.333826,7.285185,0,2591700,18.680499,Interactive,1,1.75
350100,Ztly4IlziLkv/WCAorNWvE1HjN/3TqHmRGZsrNn24u0uuxkPbMoJLj66QFmYkHbu,5.93649,6.47296,7.599646000000001,0,2591700,18.680499,Interactive,1,1.75
350400,Ztly4IlziLkv/WCAorNWvE1HjN/3TqHmRGZsrNn24u0uuxkPbMoJLj66QFmYkHbu,4.500954,6.094149,6.731329,0,2591700,18.680499,Interactive,1,1.75
350700,Ztly4IlziLkv/WCAorNWvE1HjN/3TqHmRGZsrNn24u0uuxkPbMoJLj66QFmYkHbu,6.077683,6.5563080000000005,7.846661999999999,0,2591700,18.680499,Interactive,1,1.75
351000,Ztly4IlziLkv/WCAorNWvE1HjN/3TqHmRGZsrNn24u0uuxkPbMoJLj66QFmYkHbu,5.887352,6.610435000000001,7.992088000000001,0,2591700,18.680499,Interactive,1,1.75
351300,Ztly4IlziLkv/WCAorNWvE1HjN/3TqHmRGZsrNn24u0uuxkPbMoJLj66QFmYkHbu,5.992975,6.3795720000000005,7.613834,0,2591700,18.680499,Interactive,1,1.75
351600,Ztly4IlziLkv/WCAorNWvE1HjN/3TqHmRGZsrNn24u0uuxkPbMoJLj66QFmYkHbu,3.819202,6.222779,7.244492999999999,0,2591700,18.680499,Interactive,1,1.75
351900,Ztly4IlziLkv/WCAorNWvE1HjN/3TqHmRGZsrNn24u0uuxkPbMoJLj66QFmYkHbu,3.865622,6.400758000000001,7.96742,0,2591700,18.680499,Interactive,1,1.75
352200,Ztly4IlziLkv/WCAorNWvE1HjN/3TqHmRGZsrNn24u0uuxkPbMoJLj66QFmYkHbu,5.7678,6.407123,7.609763,0,2591700,18.680499,Interactive,1,1.75
352500,Ztly4IlziLkv/WCAorNWvE1HjN/3TqHmRGZsrNn24u0uuxkPbMoJLj66QFmYkHbu,3.790726,6.223227,7.055280000000001,0,2591700,18.680499,Interactive,1,1.75
352800,Ztly4IlziLkv/WCAorNWvE1HjN/3TqHmRGZsrNn24u0uuxkPbMoJLj66QFmYkHbu,5.635986,6.598176,7.714746000000001,0,2591700,18.680499,Interactive,1,1.75
353100,Ztly4IlziLkv/WCAorNWvE1HjN/3TqHmRGZsrNn24u0uuxkPbMoJLj66QFmYkHbu,3.933757,6.051084,6.8553,0,2591700,18.680499,Interactive,1,1.75
353400,Ztly4IlziLkv/WCAorNWvE1HjN/3TqHmRGZsrNn24u0uuxkPbMoJLj66QFmYkHbu,5.984519000000001,6.548718,7.495139999999999,0,2591700,18.680499,Interactive,1,1.75
353700,Ztly4IlziLkv/WCAorNWvE1HjN/3TqHmRGZsrNn24u0uuxkPbMoJLj66QFmYkHbu,3.627354,6.169704,7.173551,0,2591700,18.680499,Interactive,1,1.75
354000,Ztly4IlziLkv/WCAorNWvE1HjN/3TqHmRGZsrNn24u0uuxkPbMoJLj66QFmYkHbu,5.816816,6.492306,7.640416,0,2591700,18.680499,Interactive,1,1.75
354300,Ztly4IlziLkv/WCAorNWvE1HjN/3TqHmRGZsrNn24u0uuxkPbMoJLj66QFmYkHbu,4.216359,6.425467,7.968310000000001,0,2591700,18.680499,Interactive,1,1.75
354600,Ztly4IlziLkv/WCAorNWvE1HjN/3TqHmRGZsrNn24u0uuxkPbMoJLj66QFmYkHbu,3.5240730000000005,6.429749,8.497671,0,2591700,18.680499,Interactive,1,1.75
354900,Ztly4IlziLkv/WCAorNWvE1HjN/3TqHmRGZsrNn24u0uuxkPbMoJLj66QFmYkHbu,5.728743,6.437203,7.354928,0,2591700,18.680499,Interactive,1,1.75
355200,Ztly4IlziLkv/WCAorNWvE1HjN/3TqHmRGZsrNn24u0uuxkPbMoJLj66QFmYkHbu,3.1539490000000003,6.174608999999999,7.602044999999999,0,2591700,18.680499,Interactive,1,1.75
355500,Ztly4IlziLkv/WCAorNWvE1HjN/3TqHmRGZsrNn24u0uuxkPbMoJLj66QFmYkHbu,5.633161,6.485014,7.925372,0,2591700,18.680499,Interactive,1,1.75
355800,Ztly4IlziLkv/WCAorNWvE1HjN/3TqHmRGZsrNn24u0uuxkPbMoJLj66QFmYkHbu,3.187952,6.131716,7.788036999999999,0,2591700,18.680499,Interactive,1,1.75
356100,Ztly4IlziLkv/WCAorNWvE1HjN/3TqHmRGZsrNn24u0uuxkPbMoJLj66QFmYkHbu,5.661651999999999,6.381266,7.321067,0,2591700,18.680499,Interactive,1,1.75
356400,Ztly4IlziLkv/WCAorNWvE1HjN/3TqHmRGZsrNn24u0uuxkPbMoJLj66QFmYkHbu,3.484196,6.252833,8.29025,0,2591700,18.680499,Interactive,1,1.75
356700,Ztly4IlziLkv/WCAorNWvE1HjN/3TqHmRGZsrNn24u0uuxkPbMoJLj66QFmYkHbu,5.643191000000001,6.322604,7.178848,0,2591700,18.680499,Interactive,1,1.75
357000,Ztly4IlziLkv/WCAorNWvE1HjN/3TqHmRGZsrNn24u0uuxkPbMoJLj66QFmYkHbu,5.594181,6.421387999999999,7.1857690000000005,0,2591700,18.680499,Interactive,1,1.75
357300,Ztly4IlziLkv/WCAorNWvE1HjN/3TqHmRGZsrNn24u0uuxkPbMoJLj66QFmYkHbu,4.792582,6.336086,7.746426,0,2591700,18.680499,Interactive,1,1.75
357600,Ztly4IlziLkv/WCAorNWvE1HjN/3TqHmRGZsrNn24u0uuxkPbMoJLj66QFmYkHbu,5.739027,6.433303,7.242027999999999,0,2591700,18.680499,Interactive,1,1.75
357900,Ztly4IlziLkv/WCAorNWvE1HjN/3TqHmRGZsrNn24u0uuxkPbMoJLj66QFmYkHbu,3.32747,6.293095,7.776592999999999,0,2591700,18.680499,Interactive,1,1.75
358200,Ztly4IlziLkv/WCAorNWvE1HjN/3TqHmRGZsrNn24u0uuxkPbMoJLj66QFmYkHbu,5.765842,6.677741,8.267708,0,2591700,18.680499,Interactive,1,1.75
358500,Ztly4IlziLkv/WCAorNWvE1HjN/3TqHmRGZsrNn24u0uuxkPbMoJLj66QFmYkHbu,5.700327,7.342917999999999,16.228189999999998,0,2591700,18.680499,Interactive,1,1.75
358800,Ztly4IlziLkv/WCAorNWvE1HjN/3TqHmRGZsrNn24u0uuxkPbMoJLj66QFmYkHbu,5.710999,6.778414,9.185254,0,2591700,18.680499,Interactive,1,1.75
359100,Ztly4IlziLkv/WCAorNWvE1HjN/3TqHmRGZsrNn24u0uuxkPbMoJLj66QFmYkHbu,3.5771910000000005,6.317792,7.835958,0,2591700,18.680499,Interactive,1,1.75
359400,Ztly4IlziLkv/WCAorNWvE1HjN/3TqHmRGZsrNn24u0uuxkPbMoJLj66QFmYkHbu,5.7084980000000005,6.919149000000001,9.976191,0,2591700,18.680499,Interactive,1,1.75
359700,Ztly4IlziLkv/WCAorNWvE1HjN/3TqHmRGZsrNn24u0uuxkPbMoJLj66QFmYkHbu,4.200875,6.297983,7.297719,0,2591700,18.680499,Interactive,1,1.75
360000,Ztly4IlziLkv/WCAorNWvE1HjN/3TqHmRGZsrNn24u0uuxkPbMoJLj66QFmYkHbu,3.5971370000000005,6.356902,7.518575,0,2591700,18.680499,Interactive,1,1.75
360300,Ztly4IlziLkv/WCAorNWvE1HjN/3TqHmRGZsrNn24u0uuxkPbMoJLj66QFmYkHbu,5.699562,6.39147,7.818961,0,2591700,18.680499,Interactive,1,1.75
360600,Ztly4IlziLkv/WCAorNWvE1HjN/3TqHmRGZsrNn24u0uuxkPbMoJLj66QFmYkHbu,4.390613,6.401264,7.369925,0,2591700,18.680499,Interactive,1,1.75
360900,Ztly4IlziLkv/WCAorNWvE1HjN/3TqHmRGZsrNn24u0uuxkPbMoJLj66QFmYkHbu,5.684135,6.523562,7.499892,0,2591700,18.680499,Interactive,1,1.75
361200,Ztly4IlziLkv/WCAorNWvE1HjN/3TqHmRGZsrNn24u0uuxkPbMoJLj66QFmYkHbu,3.425809,6.170640000000001,6.870489999999999,0,2591700,18.680499,Interactive,1,1.75
361500,Ztly4IlziLkv/WCAorNWvE1HjN/3TqHmRGZsrNn24u0uuxkPbMoJLj66QFmYkHbu,5.6872940000000005,6.684597,8.270307,0,2591700,18.680499,Interactive,1,1.75
361800,Ztly4IlziLkv/WCAorNWvE1HjN/3TqHmRGZsrNn24u0uuxkPbMoJLj66QFmYkHbu,4.340403,6.31925,7.355022,0,2591700,18.680499,Interactive,1,1.75
362100,Ztly4IlziLkv/WCAorNWvE1HjN/3TqHmRGZsrNn24u0uuxkPbMoJLj66QFmYkHbu,5.77374,6.471938,7.161466000000001,0,2591700,18.680499,Interactive,1,1.75
362400,Ztly4IlziLkv/WCAorNWvE1HjN/3TqHmRGZsrNn24u0uuxkPbMoJLj66QFmYkHbu,3.693467,6.316838,7.099666,0,2591700,18.680499,Interactive,1,1.75
362700,Ztly4IlziLkv/WCAorNWvE1HjN/3TqHmRGZsrNn24u0uuxkPbMoJLj66QFmYkHbu,3.4258269999999995,6.373189,7.798541999999999,0,2591700,18.680499,Interactive,1,1.75
363000,Ztly4IlziLkv/WCAorNWvE1HjN/3TqHmRGZsrNn24u0uuxkPbMoJLj66QFmYkHbu,5.95568,6.532962,7.579888,0,2591700,18.680499,Interactive,1,1.75
363300,Ztly4IlziLkv/WCAorNWvE1HjN/3TqHmRGZsrNn24u0uuxkPbMoJLj66QFmYkHbu,4.469655,6.266899,7.170967999999999,0,2591700,18.680499,Interactive,1,1.75
363600,Ztly4IlziLkv/WCAorNWvE1HjN/3TqHmRGZsrNn24u0uuxkPbMoJLj66QFmYkHbu,5.79103,6.748882000000001,8.141646000000001,0,2591700,18.680499,Interactive,1,1.75
363900,Ztly4IlziLkv/WCAorNWvE1HjN/3TqHmRGZsrNn24u0uuxkPbMoJLj66QFmYkHbu,4.89583,6.286117,7.174722999999999,0,2591700,18.680499,Interactive,1,1.75
364200,Ztly4IlziLkv/WCAorNWvE1HjN/3TqHmRGZsrNn24u0uuxkPbMoJLj66QFmYkHbu,5.895417,6.507608,7.014281,0,2591700,18.680499,Interactive,1,1.75
364500,Ztly4IlziLkv/WCAorNWvE1HjN/3TqHmRGZsrNn24u0uuxkPbMoJLj66QFmYkHbu,3.608307,6.218804,7.984188,0,2591700,18.680499,Interactive,1,1.75
364800,Ztly4IlziLkv/WCAorNWvE1HjN/3TqHmRGZsrNn24u0uuxkPbMoJLj66QFmYkHbu,5.786503,6.440425,7.315911,0,2591700,18.680499,Interactive,1,1.75
365100,Ztly4IlziLkv/WCAorNWvE1HjN/3TqHmRGZsrNn24u0uuxkPbMoJLj66QFmYkHbu,3.563164,6.491396,8.621534,0,2591700,18.680499,Interactive,1,1.75
365400,Ztly4IlziLkv/WCAorNWvE1HjN/3TqHmRGZsrNn24u0uuxkPbMoJLj66QFmYkHbu,3.3351040000000003,6.636933,8.291929,0,2591700,18.680499,Interactive,1,1.75
365700,Ztly4IlziLkv/WCAorNWvE1HjN/3TqHmRGZsrNn24u0uuxkPbMoJLj66QFmYkHbu,5.863001000000001,6.494467,7.354072,0,2591700,18.680499,Interactive,1,1.75
366000,Ztly4IlziLkv/WCAorNWvE1HjN/3TqHmRGZsrNn24u0uuxkPbMoJLj66QFmYkHbu,5.881811,6.717293,9.192172,0,2591700,18.680499,Interactive,1,1.75
366300,Ztly4IlziLkv/WCAorNWvE1HjN/3TqHmRGZsrNn24u0uuxkPbMoJLj66QFmYkHbu,5.827719,6.599785000000001,7.857142,0,2591700,18.680499,Interactive,1,1.75
366600,Ztly4IlziLkv/WCAorNWvE1HjN/3TqHmRGZsrNn24u0uuxkPbMoJLj66QFmYkHbu,3.492681,6.180591000000001,7.263028,0,2591700,18.680499,Interactive,1,1.75
366900,Ztly4IlziLkv/WCAorNWvE1HjN/3TqHmRGZsrNn24u0uuxkPbMoJLj66QFmYkHbu,5.807544999999999,6.423115,6.813057000000001,0,2591700,18.680499,Interactive,1,1.75
367200,Ztly4IlziLkv/WCAorNWvE1HjN/3TqHmRGZsrNn24u0uuxkPbMoJLj66QFmYkHbu,3.489901,6.2368,7.658071,0,2591700,18.680499,Interactive,1,1.75
367500,Ztly4IlziLkv/WCAorNWvE1HjN/3TqHmRGZsrNn24u0uuxkPbMoJLj66QFmYkHbu,6.107395,6.521994,7.586613000000001,0,2591700,18.680499,Interactive,1,1.75
367800,Ztly4IlziLkv/WCAorNWvE1HjN/3TqHmRGZsrNn24u0uuxkPbMoJLj66QFmYkHbu,3.75643,6.301497,7.470528,0,2591700,18.680499,Interactive,1,1.75
368100,Ztly4IlziLkv/WCAorNWvE1HjN/3TqHmRGZsrNn24u0uuxkPbMoJLj66QFmYkHbu,4.573123000000001,6.421032,7.409875,0,2591700,18.680499,Interactive,1,1.75
368400,Ztly4IlziLkv/WCAorNWvE1HjN/3TqHmRGZsrNn24u0uuxkPbMoJLj66QFmYkHbu,6.1067480000000005,6.5004230000000005,7.263329,0,2591700,18.680499,Interactive,1,1.75
368700,Ztly4IlziLkv/WCAorNWvE1HjN/3TqHmRGZsrNn24u0uuxkPbMoJLj66QFmYkHbu,3.62811,6.439894000000001,7.736741,0,2591700,18.680499,Interactive,1,1.75
369000,Ztly4IlziLkv/WCAorNWvE1HjN/3TqHmRGZsrNn24u0uuxkPbMoJLj66QFmYkHbu,5.668971,6.694764999999999,8.433173,0,2591700,18.680499,Interactive,1,1.75
369300,Ztly4IlziLkv/WCAorNWvE1HjN/3TqHmRGZsrNn24u0uuxkPbMoJLj66QFmYkHbu,3.315945,6.199527,7.352188000000001,0,2591700,18.680499,Interactive,1,1.75
369600,Ztly4IlziLkv/WCAorNWvE1HjN/3TqHmRGZsrNn24u0uuxkPbMoJLj66QFmYkHbu,5.7511980000000005,6.471164,7.287128999999999,0,2591700,18.680499,Interactive,1,1.75
369900,Ztly4IlziLkv/WCAorNWvE1HjN/3TqHmRGZsrNn24u0uuxkPbMoJLj66QFmYkHbu,4.153493,6.267354,7.186757000000001,0,2591700,18.680499,Interactive,1,1.75
370200,Ztly4IlziLkv/WCAorNWvE1HjN/3TqHmRGZsrNn24u0uuxkPbMoJLj66QFmYkHbu,6.033363,6.484482,7.425545,0,2591700,18.680499,Interactive,1,1.75
370500,Ztly4IlziLkv/WCAorNWvE1HjN/3TqHmRGZsrNn24u0uuxkPbMoJLj66QFmYkHbu,4.585988,6.291678,7.386792999999999,0,2591700,18.680499,Interactive,1,1.75
370800,Ztly4IlziLkv/WCAorNWvE1HjN/3TqHmRGZsrNn24u0uuxkPbMoJLj66QFmYkHbu,3.251577,6.351975,7.467208999999999,0,2591700,18.680499,Interactive,1,1.75
371100,Ztly4IlziLkv/WCAorNWvE1HjN/3TqHmRGZsrNn24u0uuxkPbMoJLj66QFmYkHbu,6.125883999999999,6.450907,7.407189,0,2591700,18.680499,Interactive,1,1.75
371400,Ztly4IlziLkv/WCAorNWvE1HjN/3TqHmRGZsrNn24u0uuxkPbMoJLj66QFmYkHbu,4.04284,6.322925,7.511732,0,2591700,18.680499,Interactive,1,1.75
371700,Ztly4IlziLkv/WCAorNWvE1HjN/3TqHmRGZsrNn24u0uuxkPbMoJLj66QFmYkHbu,5.876945,6.508376,7.55739,0,2591700,18.680499,Interactive,1,1.75
372000,Ztly4IlziLkv/WCAorNWvE1HjN/3TqHmRGZsrNn24u0uuxkPbMoJLj66QFmYkHbu,4.315935,6.300455,7.265247,0,2591700,18.680499,Interactive,1,1.75
372300,Ztly4IlziLkv/WCAorNWvE1HjN/3TqHmRGZsrNn24u0uuxkPbMoJLj66QFmYkHbu,5.762593,6.605417,8.108933,0,2591700,18.680499,Interactive,1,1.75
372600,Ztly4IlziLkv/WCAorNWvE1HjN/3TqHmRGZsrNn24u0uuxkPbMoJLj66QFmYkHbu,5.68425,6.699199,7.963541999999999,0,2591700,18.680499,Interactive,1,1.75
372900,Ztly4IlziLkv/WCAorNWvE1HjN/3TqHmRGZsrNn24u0uuxkPbMoJLj66QFmYkHbu,5.842897,6.497909,7.242682,0,2591700,18.680499,Interactive,1,1.75
373200,Ztly4IlziLkv/WCAorNWvE1HjN/3TqHmRGZsrNn24u0uuxkPbMoJLj66QFmYkHbu,3.269456,6.230786,7.44561,0,2591700,18.680499,Interactive,1,1.75
373500,Ztly4IlziLkv/WCAorNWvE1HjN/3TqHmRGZsrNn24u0uuxkPbMoJLj66QFmYkHbu,4.012822,6.5945160000000005,9.678798,0,2591700,18.680499,Interactive,1,1.75
373800,Ztly4IlziLkv/WCAorNWvE1HjN/3TqHmRGZsrNn24u0uuxkPbMoJLj66QFmYkHbu,6.1716,6.832878,9.683914,0,2591700,18.680499,Interactive,1,1.75
374100,Ztly4IlziLkv/WCAorNWvE1HjN/3TqHmRGZsrNn24u0uuxkPbMoJLj66QFmYkHbu,5.842839,9.46752,37.525675,0,2591700,18.680499,Interactive,1,1.75
374400,Ztly4IlziLkv/WCAorNWvE1HjN/3TqHmRGZsrNn24u0uuxkPbMoJLj66QFmYkHbu,5.955878,6.721728999999999,7.458441,0,2591700,18.680499,Interactive,1,1.75
374700,Ztly4IlziLkv/WCAorNWvE1HjN/3TqHmRGZsrNn24u0uuxkPbMoJLj66QFmYkHbu,4.58106,6.339561,6.947412,0,2591700,18.680499,Interactive,1,1.75
375000,Ztly4IlziLkv/WCAorNWvE1HjN/3TqHmRGZsrNn24u0uuxkPbMoJLj66QFmYkHbu,5.877997,6.467615,7.273880999999999,0,2591700,18.680499,Interactive,1,1.75
375300,Ztly4IlziLkv/WCAorNWvE1HjN/3TqHmRGZsrNn24u0uuxkPbMoJLj66QFmYkHbu,3.249089,6.240887,7.303352999999999,0,2591700,18.680499,Interactive,1,1.75
375600,Ztly4IlziLkv/WCAorNWvE1HjN/3TqHmRGZsrNn24u0uuxkPbMoJLj66QFmYkHbu,6.146866999999999,6.514777,6.861299000000001,0,2591700,18.680499,Interactive,1,1.75
375900,Ztly4IlziLkv/WCAorNWvE1HjN/3TqHmRGZsrNn24u0uuxkPbMoJLj66QFmYkHbu,3.740251,6.199016,7.51052,0,2591700,18.680499,Interactive,1,1.75
376200,Ztly4IlziLkv/WCAorNWvE1HjN/3TqHmRGZsrNn24u0uuxkPbMoJLj66QFmYkHbu,3.95478,6.603597,8.801535000000001,0,2591700,18.680499,Interactive,1,1.75
376500,Ztly4IlziLkv/WCAorNWvE1HjN/3TqHmRGZsrNn24u0uuxkPbMoJLj66QFmYkHbu,6.183694999999999,6.52187,7.135572,0,2591700,18.680499,Interactive,1,1.75
376800,Ztly4IlziLkv/WCAorNWvE1HjN/3TqHmRGZsrNn24u0uuxkPbMoJLj66QFmYkHbu,3.422597,6.322257,7.1754940000000005,0,2591700,18.680499,Interactive,1,1.75
377100,Ztly4IlziLkv/WCAorNWvE1HjN/3TqHmRGZsrNn24u0uuxkPbMoJLj66QFmYkHbu,5.783424,6.586130000000001,7.612633,0,2591700,18.680499,Interactive,1,1.75
377400,Ztly4IlziLkv/WCAorNWvE1HjN/3TqHmRGZsrNn24u0uuxkPbMoJLj66QFmYkHbu,4.161023,6.66171,9.977162,0,2591700,18.680499,Interactive,1,1.75
377700,Ztly4IlziLkv/WCAorNWvE1HjN/3TqHmRGZsrNn24u0uuxkPbMoJLj66QFmYkHbu,5.868871,6.453995,7.079221,0,2591700,18.680499,Interactive,1,1.75
378000,Ztly4IlziLkv/WCAorNWvE1HjN/3TqHmRGZsrNn24u0uuxkPbMoJLj66QFmYkHbu,3.536929,6.705827,10.172914,0,2591700,18.680499,Interactive,1,1.75
378300,Ztly4IlziLkv/WCAorNWvE1HjN/3TqHmRGZsrNn24u0uuxkPbMoJLj66QFmYkHbu,5.765036,6.507847,7.091742,0,2591700,18.680499,Interactive,1,1.75
378600,Ztly4IlziLkv/WCAorNWvE1HjN/3TqHmRGZsrNn24u0uuxkPbMoJLj66QFmYkHbu,3.4248800000000004,6.195664,6.997312,0,2591700,18.680499,Interactive,1,1.75
378900,Ztly4IlziLkv/WCAorNWvE1HjN/3TqHmRGZsrNn24u0uuxkPbMoJLj66QFmYkHbu,5.420158,6.874486999999999,9.222917,0,2591700,18.680499,Interactive,1,1.75
379200,Ztly4IlziLkv/WCAorNWvE1HjN/3TqHmRGZsrNn24u0uuxkPbMoJLj66QFmYkHbu,5.872207,6.536312000000001,7.007708,0,2591700,18.680499,Interactive,1,1.75
379500,Ztly4IlziLkv/WCAorNWvE1HjN/3TqHmRGZsrNn24u0uuxkPbMoJLj66QFmYkHbu,3.422912,6.34143,7.914371000000001,0,2591700,18.680499,Interactive,1,1.75
379800,Ztly4IlziLkv/WCAorNWvE1HjN/3TqHmRGZsrNn24u0uuxkPbMoJLj66QFmYkHbu,5.8866190000000005,7.091522,9.690528,0,2591700,18.680499,Interactive,1,1.75
380100,Ztly4IlziLkv/WCAorNWvE1HjN/3TqHmRGZsrNn24u0uuxkPbMoJLj66QFmYkHbu,4.3889190000000005,6.279311,6.925363000000001,0,2591700,18.680499,Interactive,1,1.75
380400,Ztly4IlziLkv/WCAorNWvE1HjN/3TqHmRGZsrNn24u0uuxkPbMoJLj66QFmYkHbu,5.677267,6.526103,8.028143,0,2591700,18.680499,Interactive,1,1.75
380700,Ztly4IlziLkv/WCAorNWvE1HjN/3TqHmRGZsrNn24u0uuxkPbMoJLj66QFmYkHbu,3.18169,6.2607040000000005,7.390008,0,2591700,18.680499,Interactive,1,1.75
381000,Ztly4IlziLkv/WCAorNWvE1HjN/3TqHmRGZsrNn24u0uuxkPbMoJLj66QFmYkHbu,5.700394,6.861064,9.694246,0,2591700,18.680499,Interactive,1,1.75
381300,Ztly4IlziLkv/WCAorNWvE1HjN/3TqHmRGZsrNn24u0uuxkPbMoJLj66QFmYkHbu,3.858743,6.251837,7.839606,0,2591700,18.680499,Interactive,1,1.75
381600,Ztly4IlziLkv/WCAorNWvE1HjN/3TqHmRGZsrNn24u0uuxkPbMoJLj66QFmYkHbu,3.385435,6.176271,7.322147999999999,0,2591700,18.680499,Interactive,1,1.75
381900,Ztly4IlziLkv/WCAorNWvE1HjN/3TqHmRGZsrNn24u0uuxkPbMoJLj66QFmYkHbu,5.715979,6.472106,7.297594999999999,0,2591700,18.680499,Interactive,1,1.75
382200,Ztly4IlziLkv/WCAorNWvE1HjN/3TqHmRGZsrNn24u0uuxkPbMoJLj66QFmYkHbu,3.506647,6.21732,7.68957,0,2591700,18.680499,Interactive,1,1.75
382500,Ztly4IlziLkv/WCAorNWvE1HjN/3TqHmRGZsrNn24u0uuxkPbMoJLj66QFmYkHbu,5.657787,6.843956,9.181578,0,2591700,18.680499,Interactive,1,1.75
382800,Ztly4IlziLkv/WCAorNWvE1HjN/3TqHmRGZsrNn24u0uuxkPbMoJLj66QFmYkHbu,3.5399550000000004,6.1692,7.35968,0,2591700,18.680499,Interactive,1,1.75
383100,Ztly4IlziLkv/WCAorNWvE1HjN/3TqHmRGZsrNn24u0uuxkPbMoJLj66QFmYkHbu,5.7827720000000005,6.603919,8.088778,0,2591700,18.680499,Interactive,1,1.75
383400,Ztly4IlziLkv/WCAorNWvE1HjN/3TqHmRGZsrNn24u0uuxkPbMoJLj66QFmYkHbu,3.310079,8.538839999999999,25.419511,0,2591700,18.680499,Interactive,1,1.75
383700,Ztly4IlziLkv/WCAorNWvE1HjN/3TqHmRGZsrNn24u0uuxkPbMoJLj66QFmYkHbu,5.694343,6.517633999999999,7.342388000000001,0,2591700,18.680499,Interactive,1,1.75
384000,Ztly4IlziLkv/WCAorNWvE1HjN/3TqHmRGZsrNn24u0uuxkPbMoJLj66QFmYkHbu,3.799938,6.218326,7.834358,0,2591700,18.680499,Interactive,1,1.75
384300,Ztly4IlziLkv/WCAorNWvE1HjN/3TqHmRGZsrNn24u0uuxkPbMoJLj66QFmYkHbu,4.136607,6.20418,7.780244000000001,0,2591700,18.680499,Interactive,1,1.75
384600,Ztly4IlziLkv/WCAorNWvE1HjN/3TqHmRGZsrNn24u0uuxkPbMoJLj66QFmYkHbu,5.743842,6.503188,7.271938,0,2591700,18.680499,Interactive,1,1.75
384900,Ztly4IlziLkv/WCAorNWvE1HjN/3TqHmRGZsrNn24u0uuxkPbMoJLj66QFmYkHbu,4.564488,6.2948,7.77703,0,2591700,18.680499,Interactive,1,1.75
385200,Ztly4IlziLkv/WCAorNWvE1HjN/3TqHmRGZsrNn24u0uuxkPbMoJLj66QFmYkHbu,5.958095,6.5012360000000005,7.665889999999999,0,2591700,18.680499,Interactive,1,1.75
385500,Ztly4IlziLkv/WCAorNWvE1HjN/3TqHmRGZsrNn24u0uuxkPbMoJLj66QFmYkHbu,3.786055,6.418643,9.558361,0,2591700,18.680499,Interactive,1,1.75
385800,Ztly4IlziLkv/WCAorNWvE1HjN/3TqHmRGZsrNn24u0uuxkPbMoJLj66QFmYkHbu,5.897285,6.469375,7.587409,0,2591700,18.680499,Interactive,1,1.75
386100,Ztly4IlziLkv/WCAorNWvE1HjN/3TqHmRGZsrNn24u0uuxkPbMoJLj66QFmYkHbu,3.332235,6.325319,7.843878999999999,0,2591700,18.680499,Interactive,1,1.75
386400,Ztly4IlziLkv/WCAorNWvE1HjN/3TqHmRGZsrNn24u0uuxkPbMoJLj66QFmYkHbu,5.728485,6.422172,7.262816,0,2591700,18.680499,Interactive,1,1.75
386700,Ztly4IlziLkv/WCAorNWvE1HjN/3TqHmRGZsrNn24u0uuxkPbMoJLj66QFmYkHbu,5.91837,6.3534440000000005,7.098456,0,2591700,18.680499,Interactive,1,1.75
387000,Ztly4IlziLkv/WCAorNWvE1HjN/3TqHmRGZsrNn24u0uuxkPbMoJLj66QFmYkHbu,5.978083,9.857651,34.222476,0,2591700,18.680499,Interactive,1,1.75
387300,Ztly4IlziLkv/WCAorNWvE1HjN/3TqHmRGZsrNn24u0uuxkPbMoJLj66QFmYkHbu,5.7801800000000005,6.269648,7.208755,0,2591700,18.680499,Interactive,1,1.75
387600,Ztly4IlziLkv/WCAorNWvE1HjN/3TqHmRGZsrNn24u0uuxkPbMoJLj66QFmYkHbu,3.282408,6.138364,7.193476,0,2591700,18.680499,Interactive,1,1.75
387900,Ztly4IlziLkv/WCAorNWvE1HjN/3TqHmRGZsrNn24u0uuxkPbMoJLj66QFmYkHbu,6.029016,6.527204,7.804311999999999,0,2591700,18.680499,Interactive,1,1.75
388200,Ztly4IlziLkv/WCAorNWvE1HjN/3TqHmRGZsrNn24u0uuxkPbMoJLj66QFmYkHbu,4.417165,6.24734,7.507977,0,2591700,18.680499,Interactive,1,1.75
388500,Ztly4IlziLkv/WCAorNWvE1HjN/3TqHmRGZsrNn24u0uuxkPbMoJLj66QFmYkHbu,5.785082,6.363529,7.230602999999999,0,2591700,18.680499,Interactive,1,1.75
388800,Ztly4IlziLkv/WCAorNWvE1HjN/3TqHmRGZsrNn24u0uuxkPbMoJLj66QFmYkHbu,4.272894,6.4390160000000005,7.602344,0,2591700,18.680499,Interactive,1,1.75
389100,Ztly4IlziLkv/WCAorNWvE1HjN/3TqHmRGZsrNn24u0uuxkPbMoJLj66QFmYkHbu,5.793656,6.334383,7.339658,0,2591700,18.680499,Interactive,1,1.75
389400,Ztly4IlziLkv/WCAorNWvE1HjN/3TqHmRGZsrNn24u0uuxkPbMoJLj66QFmYkHbu,4.797606,6.6016960000000005,9.577452,0,2591700,18.680499,Interactive,1,1.75
389700,Ztly4IlziLkv/WCAorNWvE1HjN/3TqHmRGZsrNn24u0uuxkPbMoJLj66QFmYkHbu,4.286759,6.460489,7.700924,0,2591700,18.680499,Interactive,1,1.75
390000,Ztly4IlziLkv/WCAorNWvE1HjN/3TqHmRGZsrNn24u0uuxkPbMoJLj66QFmYkHbu,5.85554,6.453168,7.493322,0,2591700,18.680499,Interactive,1,1.75
390300,Ztly4IlziLkv/WCAorNWvE1HjN/3TqHmRGZsrNn24u0uuxkPbMoJLj66QFmYkHbu,3.272254,6.194053,7.774252000000001,0,2591700,18.680499,Interactive,1,1.75
390600,Ztly4IlziLkv/WCAorNWvE1HjN/3TqHmRGZsrNn24u0uuxkPbMoJLj66QFmYkHbu,6.088984,6.954282000000001,9.519131,0,2591700,18.680499,Interactive,1,1.75
390900,Ztly4IlziLkv/WCAorNWvE1HjN/3TqHmRGZsrNn24u0uuxkPbMoJLj66QFmYkHbu,4.239896,6.228219,7.36527,0,2591700,18.680499,Interactive,1,1.75
391200,Ztly4IlziLkv/WCAorNWvE1HjN/3TqHmRGZsrNn24u0uuxkPbMoJLj66QFmYkHbu,5.717683999999999,6.435624,7.355063,0,2591700,18.680499,Interactive,1,1.75
391500,Ztly4IlziLkv/WCAorNWvE1HjN/3TqHmRGZsrNn24u0uuxkPbMoJLj66QFmYkHbu,3.260811,6.20916,7.637563,0,2591700,18.680499,Interactive,1,1.75
391800,Ztly4IlziLkv/WCAorNWvE1HjN/3TqHmRGZsrNn24u0uuxkPbMoJLj66QFmYkHbu,5.79422,6.420057,7.305110000000001,0,2591700,18.680499,Interactive,1,1.75
392100,Ztly4IlziLkv/WCAorNWvE1HjN/3TqHmRGZsrNn24u0uuxkPbMoJLj66QFmYkHbu,3.634977,6.121022,7.110898,0,2591700,18.680499,Interactive,1,1.75
392400,Ztly4IlziLkv/WCAorNWvE1HjN/3TqHmRGZsrNn24u0uuxkPbMoJLj66QFmYkHbu,5.9065330000000005,7.055849,9.37188,0,2591700,18.680499,Interactive,1,1.75
392700,Ztly4IlziLkv/WCAorNWvE1HjN/3TqHmRGZsrNn24u0uuxkPbMoJLj66QFmYkHbu,5.860499,6.547543,7.520455,0,2591700,18.680499,Interactive,1,1.75
393000,Ztly4IlziLkv/WCAorNWvE1HjN/3TqHmRGZsrNn24u0uuxkPbMoJLj66QFmYkHbu,4.363767,6.196562999999999,6.905271000000001,0,2591700,18.680499,Interactive,1,1.75
393300,Ztly4IlziLkv/WCAorNWvE1HjN/3TqHmRGZsrNn24u0uuxkPbMoJLj66QFmYkHbu,5.802674,6.538034,7.253176,0,2591700,18.680499,Interactive,1,1.75
393600,Ztly4IlziLkv/WCAorNWvE1HjN/3TqHmRGZsrNn24u0uuxkPbMoJLj66QFmYkHbu,3.270603,6.077461,7.308288,0,2591700,18.680499,Interactive,1,1.75
393900,Ztly4IlziLkv/WCAorNWvE1HjN/3TqHmRGZsrNn24u0uuxkPbMoJLj66QFmYkHbu,5.808651,6.558438000000001,9.223625,0,2591700,18.680499,Interactive,1,1.75
394200,Ztly4IlziLkv/WCAorNWvE1HjN/3TqHmRGZsrNn24u0uuxkPbMoJLj66QFmYkHbu,3.679839,6.515907,9.185356,0,2591700,18.680499,Interactive,1,1.75
394500,Ztly4IlziLkv/WCAorNWvE1HjN/3TqHmRGZsrNn24u0uuxkPbMoJLj66QFmYkHbu,5.751543,6.678711999999999,9.058894,0,2591700,18.680499,Interactive,1,1.75
394800,Ztly4IlziLkv/WCAorNWvE1HjN/3TqHmRGZsrNn24u0uuxkPbMoJLj66QFmYkHbu,4.012692,6.060447,6.834036,0,2591700,18.680499,Interactive,1,1.75
395100,Ztly4IlziLkv/WCAorNWvE1HjN/3TqHmRGZsrNn24u0uuxkPbMoJLj66QFmYkHbu,4.316278,6.376571,7.240201,0,2591700,18.680499,Interactive,1,1.75
395400,Ztly4IlziLkv/WCAorNWvE1HjN/3TqHmRGZsrNn24u0uuxkPbMoJLj66QFmYkHbu,5.975101,6.460675,7.407075,0,2591700,18.680499,Interactive,1,1.75
395700,Ztly4IlziLkv/WCAorNWvE1HjN/3TqHmRGZsrNn24u0uuxkPbMoJLj66QFmYkHbu,3.603899,6.090277,7.655546000000001,0,2591700,18.680499,Interactive,1,1.75
396000,Ztly4IlziLkv/WCAorNWvE1HjN/3TqHmRGZsrNn24u0uuxkPbMoJLj66QFmYkHbu,5.747011,6.614324000000001,7.4675,0,2591700,18.680499,Interactive,1,1.75
396300,Ztly4IlziLkv/WCAorNWvE1HjN/3TqHmRGZsrNn24u0uuxkPbMoJLj66QFmYkHbu,3.164689,6.404362,9.358152,0,2591700,18.680499,Interactive,1,1.75
396600,Ztly4IlziLkv/WCAorNWvE1HjN/3TqHmRGZsrNn24u0uuxkPbMoJLj66QFmYkHbu,5.659015,6.450393,7.740575,0,2591700,18.680499,Interactive,1,1.75
396900,Ztly4IlziLkv/WCAorNWvE1HjN/3TqHmRGZsrNn24u0uuxkPbMoJLj66QFmYkHbu,3.643988,6.307868,8.046853,0,2591700,18.680499,Interactive,1,1.75
397200,Ztly4IlziLkv/WCAorNWvE1HjN/3TqHmRGZsrNn24u0uuxkPbMoJLj66QFmYkHbu,5.694823,6.531393,7.749409,0,2591700,18.680499,Interactive,1,1.75
397500,Ztly4IlziLkv/WCAorNWvE1HjN/3TqHmRGZsrNn24u0uuxkPbMoJLj66QFmYkHbu,5.517395,6.3152870000000005,7.373719,0,2591700,18.680499,Interactive,1,1.75
397800,Ztly4IlziLkv/WCAorNWvE1HjN/3TqHmRGZsrNn24u0uuxkPbMoJLj66QFmYkHbu,3.27328,6.477549,9.464972,0,2591700,18.680499,Interactive,1,1.75
398100,Ztly4IlziLkv/WCAorNWvE1HjN/3TqHmRGZsrNn24u0uuxkPbMoJLj66QFmYkHbu,5.799422,6.410492,7.368119999999999,0,2591700,18.680499,Interactive,1,1.75
398400,Ztly4IlziLkv/WCAorNWvE1HjN/3TqHmRGZsrNn24u0uuxkPbMoJLj66QFmYkHbu,3.391621,6.145102,7.928958000000001,0,2591700,18.680499,Interactive,1,1.75
398700,Ztly4IlziLkv/WCAorNWvE1HjN/3TqHmRGZsrNn24u0uuxkPbMoJLj66QFmYkHbu,5.731034999999999,6.8936850000000005,9.319557,0,2591700,18.680499,Interactive,1,1.75
399000,Ztly4IlziLkv/WCAorNWvE1HjN/3TqHmRGZsrNn24u0uuxkPbMoJLj66QFmYkHbu,5.775016,6.617469,8.293757000000001,0,2591700,18.680499,Interactive,1,1.75
399300,Ztly4IlziLkv/WCAorNWvE1HjN/3TqHmRGZsrNn24u0uuxkPbMoJLj66QFmYkHbu,5.755937,6.408842,7.827862,0,2591700,18.680499,Interactive,1,1.75
399600,Ztly4IlziLkv/WCAorNWvE1HjN/3TqHmRGZsrNn24u0uuxkPbMoJLj66QFmYkHbu,5.149158,6.476841,7.742174,0,2591700,18.680499,Interactive,1,1.75
399900,Ztly4IlziLkv/WCAorNWvE1HjN/3TqHmRGZsrNn24u0uuxkPbMoJLj66QFmYkHbu,5.80201,6.693511,9.347967,0,2591700,18.680499,Interactive,1,1.75
400200,Ztly4IlziLkv/WCAorNWvE1HjN/3TqHmRGZsrNn24u0uuxkPbMoJLj66QFmYkHbu,3.612083,6.179136,8.184694,0,2591700,18.680499,Interactive,1,1.75
400500,Ztly4IlziLkv/WCAorNWvE1HjN/3TqHmRGZsrNn24u0uuxkPbMoJLj66QFmYkHbu,3.26797,6.216145,8.404373,0,2591700,18.680499,Interactive,1,1.75
400800,Ztly4IlziLkv/WCAorNWvE1HjN/3TqHmRGZsrNn24u0uuxkPbMoJLj66QFmYkHbu,5.758401999999999,6.44184,7.843939999999999,0,2591700,18.680499,Interactive,1,1.75
401100,Ztly4IlziLkv/WCAorNWvE1HjN/3TqHmRGZsrNn24u0uuxkPbMoJLj66QFmYkHbu,5.7091330000000005,7.102983,9.329711,0,2591700,18.680499,Interactive,1,1.75
401400,Ztly4IlziLkv/WCAorNWvE1HjN/3TqHmRGZsrNn24u0uuxkPbMoJLj66QFmYkHbu,5.725261,6.760549,10.359463,0,2591700,18.680499,Interactive,1,1.75
401700,Ztly4IlziLkv/WCAorNWvE1HjN/3TqHmRGZsrNn24u0uuxkPbMoJLj66QFmYkHbu,3.378919,6.093083999999999,7.840547999999999,0,2591700,18.680499,Interactive,1,1.75
402000,Ztly4IlziLkv/WCAorNWvE1HjN/3TqHmRGZsrNn24u0uuxkPbMoJLj66QFmYkHbu,5.705813,6.462214,8.313181,0,2591700,18.680499,Interactive,1,1.75
402300,Ztly4IlziLkv/WCAorNWvE1HjN/3TqHmRGZsrNn24u0uuxkPbMoJLj66QFmYkHbu,5.760875,6.956039,9.947383,0,2591700,18.680499,Interactive,1,1.75
402600,Ztly4IlziLkv/WCAorNWvE1HjN/3TqHmRGZsrNn24u0uuxkPbMoJLj66QFmYkHbu,5.651661,7.031424,10.03293,0,2591700,18.680499,Interactive,1,1.75
402900,Ztly4IlziLkv/WCAorNWvE1HjN/3TqHmRGZsrNn24u0uuxkPbMoJLj66QFmYkHbu,3.509819,6.15826,8.748864,0,2591700,18.680499,Interactive,1,1.75
403200,Ztly4IlziLkv/WCAorNWvE1HjN/3TqHmRGZsrNn24u0uuxkPbMoJLj66QFmYkHbu,5.697334,6.869864999999999,9.52994,0,2591700,18.680499,Interactive,1,1.75
403500,Ztly4IlziLkv/WCAorNWvE1HjN/3TqHmRGZsrNn24u0uuxkPbMoJLj66QFmYkHbu,5.989633,6.423165,7.960352,0,2591700,18.680499,Interactive,1,1.75
403800,Ztly4IlziLkv/WCAorNWvE1HjN/3TqHmRGZsrNn24u0uuxkPbMoJLj66QFmYkHbu,3.148933,6.455756,9.047899,0,2591700,18.680499,Interactive,1,1.75
404100,Ztly4IlziLkv/WCAorNWvE1HjN/3TqHmRGZsrNn24u0uuxkPbMoJLj66QFmYkHbu,5.67706,6.444474,8.391994,0,2591700,18.680499,Interactive,1,1.75
404400,Ztly4IlziLkv/WCAorNWvE1HjN/3TqHmRGZsrNn24u0uuxkPbMoJLj66QFmYkHbu,3.335899,6.093521,8.039199,0,2591700,18.680499,Interactive,1,1.75
404700,Ztly4IlziLkv/WCAorNWvE1HjN/3TqHmRGZsrNn24u0uuxkPbMoJLj66QFmYkHbu,5.547728,6.441139,8.300094999999999,0,2591700,18.680499,Interactive,1,1.75
405000,Ztly4IlziLkv/WCAorNWvE1HjN/3TqHmRGZsrNn24u0uuxkPbMoJLj66QFmYkHbu,4.443276999999999,6.889751,10.504482,0,2591700,18.680499,Interactive,1,1.75
405300,Ztly4IlziLkv/WCAorNWvE1HjN/3TqHmRGZsrNn24u0uuxkPbMoJLj66QFmYkHbu,5.462509,6.193287000000001,7.732775999999999,0,2591700,18.680499,Interactive,1,1.75
405600,Ztly4IlziLkv/WCAorNWvE1HjN/3TqHmRGZsrNn24u0uuxkPbMoJLj66QFmYkHbu,5.719012,6.23632,8.386666,0,2591700,18.680499,Interactive,1,1.75
405900,Ztly4IlziLkv/WCAorNWvE1HjN/3TqHmRGZsrNn24u0uuxkPbMoJLj66QFmYkHbu,5.500879,6.361676999999999,8.219928,0,2591700,18.680499,Interactive,1,1.75
406200,Ztly4IlziLkv/WCAorNWvE1HjN/3TqHmRGZsrNn24u0uuxkPbMoJLj66QFmYkHbu,4.902366000000001,6.227797,7.764732,0,2591700,18.680499,Interactive,1,1.75
406500,Ztly4IlziLkv/WCAorNWvE1HjN/3TqHmRGZsrNn24u0uuxkPbMoJLj66QFmYkHbu,3.631397,6.132285,7.440113,0,2591700,18.680499,Interactive,1,1.75
406800,Ztly4IlziLkv/WCAorNWvE1HjN/3TqHmRGZsrNn24u0uuxkPbMoJLj66QFmYkHbu,5.767887,6.939661,9.705056,0,2591700,18.680499,Interactive,1,1.75
407100,Ztly4IlziLkv/WCAorNWvE1HjN/3TqHmRGZsrNn24u0uuxkPbMoJLj66QFmYkHbu,3.624085,6.144358,7.688808,0,2591700,18.680499,Interactive,1,1.75
407400,Ztly4IlziLkv/WCAorNWvE1HjN/3TqHmRGZsrNn24u0uuxkPbMoJLj66QFmYkHbu,5.952109,6.429372,7.262733,0,2591700,18.680499,Interactive,1,1.75
407700,Ztly4IlziLkv/WCAorNWvE1HjN/3TqHmRGZsrNn24u0uuxkPbMoJLj66QFmYkHbu,5.925632,6.484294,7.62137,0,2591700,18.680499,Interactive,1,1.75
408000,Ztly4IlziLkv/WCAorNWvE1HjN/3TqHmRGZsrNn24u0uuxkPbMoJLj66QFmYkHbu,5.837174,6.467586,7.175697,0,2591700,18.680499,Interactive,1,1.75
408300,Ztly4IlziLkv/WCAorNWvE1HjN/3TqHmRGZsrNn24u0uuxkPbMoJLj66QFmYkHbu,4.142752,6.190318,7.792677,0,2591700,18.680499,Interactive,1,1.75
408600,Ztly4IlziLkv/WCAorNWvE1HjN/3TqHmRGZsrNn24u0uuxkPbMoJLj66QFmYkHbu,5.90992,6.770014,9.793689,0,2591700,18.680499,Interactive,1,1.75
408900,Ztly4IlziLkv/WCAorNWvE1HjN/3TqHmRGZsrNn24u0uuxkPbMoJLj66QFmYkHbu,4.061806,6.282858,7.329194999999999,0,2591700,18.680499,Interactive,1,1.75
409200,Ztly4IlziLkv/WCAorNWvE1HjN/3TqHmRGZsrNn24u0uuxkPbMoJLj66QFmYkHbu,3.414878,6.25732,7.536435000000001,0,2591700,18.680499,Interactive,1,1.75
409500,Ztly4IlziLkv/WCAorNWvE1HjN/3TqHmRGZsrNn24u0uuxkPbMoJLj66QFmYkHbu,5.9367220000000005,6.637575,8.074923,0,2591700,18.680499,Interactive,1,1.75
409800,Ztly4IlziLkv/WCAorNWvE1HjN/3TqHmRGZsrNn24u0uuxkPbMoJLj66QFmYkHbu,5.797578,6.755502000000001,8.824860000000001,0,2591700,18.680499,Interactive,1,1.75
410100,Ztly4IlziLkv/WCAorNWvE1HjN/3TqHmRGZsrNn24u0uuxkPbMoJLj66QFmYkHbu,6.031619,6.440928,7.362028,0,2591700,18.680499,Interactive,1,1.75
410400,Ztly4IlziLkv/WCAorNWvE1HjN/3TqHmRGZsrNn24u0uuxkPbMoJLj66QFmYkHbu,3.226469,6.292758,7.840308999999999,0,2591700,18.680499,Interactive,1,1.75
410700,Ztly4IlziLkv/WCAorNWvE1HjN/3TqHmRGZsrNn24u0uuxkPbMoJLj66QFmYkHbu,5.839066000000001,6.70459,9.773044,0,2591700,18.680499,Interactive,1,1.75
411000,Ztly4IlziLkv/WCAorNWvE1HjN/3TqHmRGZsrNn24u0uuxkPbMoJLj66QFmYkHbu,3.452,6.153153,7.594028999999999,0,2591700,18.680499,Interactive,1,1.75
411300,Ztly4IlziLkv/WCAorNWvE1HjN/3TqHmRGZsrNn24u0uuxkPbMoJLj66QFmYkHbu,5.651061,6.66021,7.77765,0,2591700,18.680499,Interactive,1,1.75
411600,Ztly4IlziLkv/WCAorNWvE1HjN/3TqHmRGZsrNn24u0uuxkPbMoJLj66QFmYkHbu,5.82074,7.505461,16.034354,0,2591700,18.680499,Interactive,1,1.75
411900,Ztly4IlziLkv/WCAorNWvE1HjN/3TqHmRGZsrNn24u0uuxkPbMoJLj66QFmYkHbu,4.094979,6.495209,7.832748,0,2591700,18.680499,Interactive,1,1.75
412200,Ztly4IlziLkv/WCAorNWvE1HjN/3TqHmRGZsrNn24u0uuxkPbMoJLj66QFmYkHbu,5.888626,6.890225,9.89761,0,2591700,18.680499,Interactive,1,1.75
412500,Ztly4IlziLkv/WCAorNWvE1HjN/3TqHmRGZsrNn24u0uuxkPbMoJLj66QFmYkHbu,4.106414,6.222305,7.187809,0,2591700,18.680499,Interactive,1,1.75
412800,Ztly4IlziLkv/WCAorNWvE1HjN/3TqHmRGZsrNn24u0uuxkPbMoJLj66QFmYkHbu,5.91069,6.517123000000001,7.177133,0,2591700,18.680499,Interactive,1,1.75
413100,Ztly4IlziLkv/WCAorNWvE1HjN/3TqHmRGZsrNn24u0uuxkPbMoJLj66QFmYkHbu,5.8694180000000005,6.504716,7.68763,0,2591700,18.680499,Interactive,1,1.75
413400,Ztly4IlziLkv/WCAorNWvE1HjN/3TqHmRGZsrNn24u0uuxkPbMoJLj66QFmYkHbu,5.746522,6.407541,7.598535000000001,0,2591700,18.680499,Interactive,1,1.75
413700,Ztly4IlziLkv/WCAorNWvE1HjN/3TqHmRGZsrNn24u0uuxkPbMoJLj66QFmYkHbu,3.53621,6.156067,7.155086,0,2591700,18.680499,Interactive,1,1.75
414000,Ztly4IlziLkv/WCAorNWvE1HjN/3TqHmRGZsrNn24u0uuxkPbMoJLj66QFmYkHbu,5.82845,6.566580999999999,7.483410000000001,0,2591700,18.680499,Interactive,1,1.75
414300,Ztly4IlziLkv/WCAorNWvE1HjN/3TqHmRGZsrNn24u0uuxkPbMoJLj66QFmYkHbu,5.66794,6.409087,7.706808,0,2591700,18.680499,Interactive,1,1.75
414600,Ztly4IlziLkv/WCAorNWvE1HjN/3TqHmRGZsrNn24u0uuxkPbMoJLj66QFmYkHbu,4.778904,6.36355,7.089478999999999,0,2591700,18.680499,Interactive,1,1.75
414900,Ztly4IlziLkv/WCAorNWvE1HjN/3TqHmRGZsrNn24u0uuxkPbMoJLj66QFmYkHbu,5.820103,6.488122,7.310149000000001,0,2591700,18.680499,Interactive,1,1.75
415200,Ztly4IlziLkv/WCAorNWvE1HjN/3TqHmRGZsrNn24u0uuxkPbMoJLj66QFmYkHbu,3.898339,6.212035,7.522027,0,2591700,18.680499,Interactive,1,1.75
415500,Ztly4IlziLkv/WCAorNWvE1HjN/3TqHmRGZsrNn24u0uuxkPbMoJLj66QFmYkHbu,5.792523,6.622814999999999,7.826613,0,2591700,18.680499,Interactive,1,1.75
415800,Ztly4IlziLkv/WCAorNWvE1HjN/3TqHmRGZsrNn24u0uuxkPbMoJLj66QFmYkHbu,3.942083,6.5119620000000005,9.892339,0,2591700,18.680499,Interactive,1,1.75
416100,Ztly4IlziLkv/WCAorNWvE1HjN/3TqHmRGZsrNn24u0uuxkPbMoJLj66QFmYkHbu,5.667109,6.410585,7.460189,0,2591700,18.680499,Interactive,1,1.75
416400,Ztly4IlziLkv/WCAorNWvE1HjN/3TqHmRGZsrNn24u0uuxkPbMoJLj66QFmYkHbu,5.815407,6.609617,7.774472,0,2591700,18.680499,Interactive,1,1.75
416700,Ztly4IlziLkv/WCAorNWvE1HjN/3TqHmRGZsrNn24u0uuxkPbMoJLj66QFmYkHbu,5.799363,6.536346,7.273745,0,2591700,18.680499,Interactive,1,1.75
417000,Ztly4IlziLkv/WCAorNWvE1HjN/3TqHmRGZsrNn24u0uuxkPbMoJLj66QFmYkHbu,3.560683,6.231319999999999,7.310297,0,2591700,18.680499,Interactive,1,1.75
417300,Ztly4IlziLkv/WCAorNWvE1HjN/3TqHmRGZsrNn24u0uuxkPbMoJLj66QFmYkHbu,3.719497,6.2705720000000005,7.298592,0,2591700,18.680499,Interactive,1,1.75
417600,Ztly4IlziLkv/WCAorNWvE1HjN/3TqHmRGZsrNn24u0uuxkPbMoJLj66QFmYkHbu,5.682472,6.600981,7.250335000000001,0,2591700,18.680499,Interactive,1,1.75
417900,Ztly4IlziLkv/WCAorNWvE1HjN/3TqHmRGZsrNn24u0uuxkPbMoJLj66QFmYkHbu,3.4369339999999995,6.209986,7.249089,0,2591700,18.680499,Interactive,1,1.75
418200,Ztly4IlziLkv/WCAorNWvE1HjN/3TqHmRGZsrNn24u0uuxkPbMoJLj66QFmYkHbu,5.25009,6.44549,7.468157000000001,0,2591700,18.680499,Interactive,1,1.75
418500,Ztly4IlziLkv/WCAorNWvE1HjN/3TqHmRGZsrNn24u0uuxkPbMoJLj66QFmYkHbu,5.717171,6.634299,7.913782,0,2591700,18.680499,Interactive,1,1.75
418800,Ztly4IlziLkv/WCAorNWvE1HjN/3TqHmRGZsrNn24u0uuxkPbMoJLj66QFmYkHbu,5.66932,6.460119000000001,7.249999000000001,0,2591700,18.680499,Interactive,1,1.75
419100,Ztly4IlziLkv/WCAorNWvE1HjN/3TqHmRGZsrNn24u0uuxkPbMoJLj66QFmYkHbu,4.539569,6.37845,8.473915,0,2591700,18.680499,Interactive,1,1.75
419400,Ztly4IlziLkv/WCAorNWvE1HjN/3TqHmRGZsrNn24u0uuxkPbMoJLj66QFmYkHbu,5.90954,6.8654470000000005,9.497238,0,2591700,18.680499,Interactive,1,1.75
419700,Ztly4IlziLkv/WCAorNWvE1HjN/3TqHmRGZsrNn24u0uuxkPbMoJLj66QFmYkHbu,4.098472,6.162780000000001,7.537197,0,2591700,18.680499,Interactive,1,1.75
420000,Ztly4IlziLkv/WCAorNWvE1HjN/3TqHmRGZsrNn24u0uuxkPbMoJLj66QFmYkHbu,3.958982,6.217352,7.169006,0,2591700,18.680499,Interactive,1,1.75
420300,Ztly4IlziLkv/WCAorNWvE1HjN/3TqHmRGZsrNn24u0uuxkPbMoJLj66QFmYkHbu,5.735352,6.516055000000001,7.82275,0,2591700,18.680499,Interactive,1,1.75
420600,Ztly4IlziLkv/WCAorNWvE1HjN/3TqHmRGZsrNn24u0uuxkPbMoJLj66QFmYkHbu,3.368014,6.372684,9.224956,0,2591700,18.680499,Interactive,1,1.75
420900,Ztly4IlziLkv/WCAorNWvE1HjN/3TqHmRGZsrNn24u0uuxkPbMoJLj66QFmYkHbu,5.76193,6.462816,7.271603,0,2591700,18.680499,Interactive,1,1.75
421200,Ztly4IlziLkv/WCAorNWvE1HjN/3TqHmRGZsrNn24u0uuxkPbMoJLj66QFmYkHbu,3.03022,6.180003,7.216069,0,2591700,18.680499,Interactive,1,1.75
421500,Ztly4IlziLkv/WCAorNWvE1HjN/3TqHmRGZsrNn24u0uuxkPbMoJLj66QFmYkHbu,5.705386,6.758822,9.317816,0,2591700,18.680499,Interactive,1,1.75
421800,Ztly4IlziLkv/WCAorNWvE1HjN/3TqHmRGZsrNn24u0uuxkPbMoJLj66QFmYkHbu,5.223845,6.699329,10.207006,0,2591700,18.680499,Interactive,1,1.75
422100,Ztly4IlziLkv/WCAorNWvE1HjN/3TqHmRGZsrNn24u0uuxkPbMoJLj66QFmYkHbu,4.63398,5.606736,6.351188,0,2591700,18.680499,Interactive,1,1.75
422400,Ztly4IlziLkv/WCAorNWvE1HjN/3TqHmRGZsrNn24u0uuxkPbMoJLj66QFmYkHbu,5.169919,7.270399,15.250546,0,2591700,18.680499,Interactive,1,1.75
422700,Ztly4IlziLkv/WCAorNWvE1HjN/3TqHmRGZsrNn24u0uuxkPbMoJLj66QFmYkHbu,5.460239,8.56978,25.734751,0,2591700,18.680499,Interactive,1,1.75
423000,Ztly4IlziLkv/WCAorNWvE1HjN/3TqHmRGZsrNn24u0uuxkPbMoJLj66QFmYkHbu,5.657728,6.889386,9.613496,0,2591700,18.680499,Interactive,1,1.75
423300,Ztly4IlziLkv/WCAorNWvE1HjN/3TqHmRGZsrNn24u0uuxkPbMoJLj66QFmYkHbu,5.113789,8.659771000000001,29.319938,0,2591700,18.680499,Interactive,1,1.75
423600,Ztly4IlziLkv/WCAorNWvE1HjN/3TqHmRGZsrNn24u0uuxkPbMoJLj66QFmYkHbu,5.732996,6.4390730000000005,7.097061999999999,0,2591700,18.680499,Interactive,1,1.75
423900,Ztly4IlziLkv/WCAorNWvE1HjN/3TqHmRGZsrNn24u0uuxkPbMoJLj66QFmYkHbu,5.855042,9.713955,38.376059000000005,0,2591700,18.680499,Interactive,1,1.75
424200,Ztly4IlziLkv/WCAorNWvE1HjN/3TqHmRGZsrNn24u0uuxkPbMoJLj66QFmYkHbu,5.999827,6.444689,7.638975,0,2591700,18.680499,Interactive,1,1.75
424500,Ztly4IlziLkv/WCAorNWvE1HjN/3TqHmRGZsrNn24u0uuxkPbMoJLj66QFmYkHbu,5.160404,9.476878,38.502248,0,2591700,18.680499,Interactive,1,1.75
424800,Ztly4IlziLkv/WCAorNWvE1HjN/3TqHmRGZsrNn24u0uuxkPbMoJLj66QFmYkHbu,5.847978,6.6342300000000005,7.323572,0,2591700,18.680499,Interactive,1,1.75
425100,Ztly4IlziLkv/WCAorNWvE1HjN/3TqHmRGZsrNn24u0uuxkPbMoJLj66QFmYkHbu,5.248661,9.820621,40.995712,0,2591700,18.680499,Interactive,1,1.75
425400,Ztly4IlziLkv/WCAorNWvE1HjN/3TqHmRGZsrNn24u0uuxkPbMoJLj66QFmYkHbu,5.474835,8.994613000000001,31.756402,0,2591700,18.680499,Interactive,1,1.75
425700,Ztly4IlziLkv/WCAorNWvE1HjN/3TqHmRGZsrNn24u0uuxkPbMoJLj66QFmYkHbu,5.778912999999999,6.872631,9.150536,0,2591700,18.680499,Interactive,1,1.75
426000,Ztly4IlziLkv/WCAorNWvE1HjN/3TqHmRGZsrNn24u0uuxkPbMoJLj66QFmYkHbu,5.86526,8.581268,29.144701,0,2591700,18.680499,Interactive,1,1.75
426300,Ztly4IlziLkv/WCAorNWvE1HjN/3TqHmRGZsrNn24u0uuxkPbMoJLj66QFmYkHbu,5.668625,6.668241,7.99776,0,2591700,18.680499,Interactive,1,1.75
426600,Ztly4IlziLkv/WCAorNWvE1HjN/3TqHmRGZsrNn24u0uuxkPbMoJLj66QFmYkHbu,5.656994,8.392068,21.769091,0,2591700,18.680499,Interactive,1,1.75
426900,Ztly4IlziLkv/WCAorNWvE1HjN/3TqHmRGZsrNn24u0uuxkPbMoJLj66QFmYkHbu,6.116806,6.475609,7.436908,0,2591700,18.680499,Interactive,1,1.75
427200,Ztly4IlziLkv/WCAorNWvE1HjN/3TqHmRGZsrNn24u0uuxkPbMoJLj66QFmYkHbu,5.906441,6.854561,11.523402,0,2591700,18.680499,Interactive,1,1.75
427500,Ztly4IlziLkv/WCAorNWvE1HjN/3TqHmRGZsrNn24u0uuxkPbMoJLj66QFmYkHbu,5.917584,6.474988,7.510278,0,2591700,18.680499,Interactive,1,1.75
427800,Ztly4IlziLkv/WCAorNWvE1HjN/3TqHmRGZsrNn24u0uuxkPbMoJLj66QFmYkHbu,3.3834660000000003,6.285922,7.725505,0,2591700,18.680499,Interactive,1,1.75
428100,Ztly4IlziLkv/WCAorNWvE1HjN/3TqHmRGZsrNn24u0uuxkPbMoJLj66QFmYkHbu,3.396303,6.251926999999999,7.348538,0,2591700,18.680499,Interactive,1,1.75
428400,Ztly4IlziLkv/WCAorNWvE1HjN/3TqHmRGZsrNn24u0uuxkPbMoJLj66QFmYkHbu,5.720835,6.597855,8.305077,0,2591700,18.680499,Interactive,1,1.75
428700,Ztly4IlziLkv/WCAorNWvE1HjN/3TqHmRGZsrNn24u0uuxkPbMoJLj66QFmYkHbu,4.743556,6.214180000000001,7.153184,0,2591700,18.680499,Interactive,1,1.75
429000,Ztly4IlziLkv/WCAorNWvE1HjN/3TqHmRGZsrNn24u0uuxkPbMoJLj66QFmYkHbu,5.850741,6.444283,7.403716999999999,0,2591700,18.680499,Interactive,1,1.75
429300,Ztly4IlziLkv/WCAorNWvE1HjN/3TqHmRGZsrNn24u0uuxkPbMoJLj66QFmYkHbu,3.617095,6.266401,7.455592,0,2591700,18.680499,Interactive,1,1.75
429600,Ztly4IlziLkv/WCAorNWvE1HjN/3TqHmRGZsrNn24u0uuxkPbMoJLj66QFmYkHbu,6.10765,6.517375,7.731758,0,2591700,18.680499,Interactive,1,1.75
429900,Ztly4IlziLkv/WCAorNWvE1HjN/3TqHmRGZsrNn24u0uuxkPbMoJLj66QFmYkHbu,5.432079,6.441364,7.807989,0,2591700,18.680499,Interactive,1,1.75
430200,Ztly4IlziLkv/WCAorNWvE1HjN/3TqHmRGZsrNn24u0uuxkPbMoJLj66QFmYkHbu,6.019864,6.9068130000000005,9.085606,0,2591700,18.680499,Interactive,1,1.75
430500,Ztly4IlziLkv/WCAorNWvE1HjN/3TqHmRGZsrNn24u0uuxkPbMoJLj66QFmYkHbu,3.047286,6.160851,7.536027000000001,0,2591700,18.680499,Interactive,1,1.75
430800,Ztly4IlziLkv/WCAorNWvE1HjN/3TqHmRGZsrNn24u0uuxkPbMoJLj66QFmYkHbu,4.294027,6.224068,7.39504,0,2591700,18.680499,Interactive,1,1.75
431100,Ztly4IlziLkv/WCAorNWvE1HjN/3TqHmRGZsrNn24u0uuxkPbMoJLj66QFmYkHbu,5.664961,6.469074,6.980204,0,2591700,18.680499,Interactive,1,1.75
431400,Ztly4IlziLkv/WCAorNWvE1HjN/3TqHmRGZsrNn24u0uuxkPbMoJLj66QFmYkHbu,5.969014,6.497486,8.038264999999999,0,2591700,18.680499,Interactive,1,1.75
431700,Ztly4IlziLkv/WCAorNWvE1HjN/3TqHmRGZsrNn24u0uuxkPbMoJLj66QFmYkHbu,5.868802,6.427954,7.335661,0,2591700,18.680499,Interactive,1,1.75
432000,Ztly4IlziLkv/WCAorNWvE1HjN/3TqHmRGZsrNn24u0uuxkPbMoJLj66QFmYkHbu,4.660811,6.409478,7.391916,0,2591700,18.680499,Interactive,1,1.75
432300,Ztly4IlziLkv/WCAorNWvE1HjN/3TqHmRGZsrNn24u0uuxkPbMoJLj66QFmYkHbu,5.631164,6.391433,7.221696000000001,0,2591700,18.680499,Interactive,1,1.75
432600,Ztly4IlziLkv/WCAorNWvE1HjN/3TqHmRGZsrNn24u0uuxkPbMoJLj66QFmYkHbu,3.501914,6.029745,7.23797,0,2591700,18.680499,Interactive,1,1.75
432900,Ztly4IlziLkv/WCAorNWvE1HjN/3TqHmRGZsrNn24u0uuxkPbMoJLj66QFmYkHbu,5.649843,6.448221,7.954044000000001,0,2591700,18.680499,Interactive,1,1.75
433200,Ztly4IlziLkv/WCAorNWvE1HjN/3TqHmRGZsrNn24u0uuxkPbMoJLj66QFmYkHbu,3.871843,6.214832,7.315013,0,2591700,18.680499,Interactive,1,1.75
433500,Ztly4IlziLkv/WCAorNWvE1HjN/3TqHmRGZsrNn24u0uuxkPbMoJLj66QFmYkHbu,5.703025,6.670464,7.870064999999999,0,2591700,18.680499,Interactive,1,1.75
433800,Ztly4IlziLkv/WCAorNWvE1HjN/3TqHmRGZsrNn24u0uuxkPbMoJLj66QFmYkHbu,5.6325330000000005,6.810037,9.716818,0,2591700,18.680499,Interactive,1,1.75
434100,Ztly4IlziLkv/WCAorNWvE1HjN/3TqHmRGZsrNn24u0uuxkPbMoJLj66QFmYkHbu,5.806166999999999,6.653688000000001,10.039463,0,2591700,18.680499,Interactive,1,1.75
434400,Ztly4IlziLkv/WCAorNWvE1HjN/3TqHmRGZsrNn24u0uuxkPbMoJLj66QFmYkHbu,5.903736,6.411638,7.234039,0,2591700,18.680499,Interactive,1,1.75
434700,Ztly4IlziLkv/WCAorNWvE1HjN/3TqHmRGZsrNn24u0uuxkPbMoJLj66QFmYkHbu,5.784665,6.947827,10.69147,0,2591700,18.680499,Interactive,1,1.75
435000,Ztly4IlziLkv/WCAorNWvE1HjN/3TqHmRGZsrNn24u0uuxkPbMoJLj66QFmYkHbu,5.647173,6.461286,7.820885,0,2591700,18.680499,Interactive,1,1.75
435300,Ztly4IlziLkv/WCAorNWvE1HjN/3TqHmRGZsrNn24u0uuxkPbMoJLj66QFmYkHbu,5.757406,6.8298630000000005,10.889336,0,2591700,18.680499,Interactive,1,1.75
435600,Ztly4IlziLkv/WCAorNWvE1HjN/3TqHmRGZsrNn24u0uuxkPbMoJLj66QFmYkHbu,5.777791000000001,6.890292999999999,9.524337,0,2591700,18.680499,Interactive,1,1.75
435900,Ztly4IlziLkv/WCAorNWvE1HjN/3TqHmRGZsrNn24u0uuxkPbMoJLj66QFmYkHbu,5.937567,6.977736999999999,11.395143,0,2591700,18.680499,Interactive,1,1.75
436200,Ztly4IlziLkv/WCAorNWvE1HjN/3TqHmRGZsrNn24u0uuxkPbMoJLj66QFmYkHbu,5.735087999999999,7.052909,12.891071,0,2591700,18.680499,Interactive,1,1.75
436500,Ztly4IlziLkv/WCAorNWvE1HjN/3TqHmRGZsrNn24u0uuxkPbMoJLj66QFmYkHbu,5.986923,6.731248,7.764912,0,2591700,18.680499,Interactive,1,1.75
436800,Ztly4IlziLkv/WCAorNWvE1HjN/3TqHmRGZsrNn24u0uuxkPbMoJLj66QFmYkHbu,5.504194,6.864673,12.183613,0,2591700,18.680499,Interactive,1,1.75
437100,Ztly4IlziLkv/WCAorNWvE1HjN/3TqHmRGZsrNn24u0uuxkPbMoJLj66QFmYkHbu,5.800957,6.640661,7.77613,0,2591700,18.680499,Interactive,1,1.75
437400,Ztly4IlziLkv/WCAorNWvE1HjN/3TqHmRGZsrNn24u0uuxkPbMoJLj66QFmYkHbu,5.702677,6.821267999999999,9.515141,0,2591700,18.680499,Interactive,1,1.75
437700,Ztly4IlziLkv/WCAorNWvE1HjN/3TqHmRGZsrNn24u0uuxkPbMoJLj66QFmYkHbu,5.717175,6.38886,7.462385,0,2591700,18.680499,Interactive,1,1.75
438000,Ztly4IlziLkv/WCAorNWvE1HjN/3TqHmRGZsrNn24u0uuxkPbMoJLj66QFmYkHbu,5.795623,6.728125,10.064464,0,2591700,18.680499,Interactive,1,1.75
438300,Ztly4IlziLkv/WCAorNWvE1HjN/3TqHmRGZsrNn24u0uuxkPbMoJLj66QFmYkHbu,5.810253,6.512105,7.888692999999999,0,2591700,18.680499,Interactive,1,1.75
438600,Ztly4IlziLkv/WCAorNWvE1HjN/3TqHmRGZsrNn24u0uuxkPbMoJLj66QFmYkHbu,4.676762999999999,6.303991000000001,8.211793,0,2591700,18.680499,Interactive,1,1.75
438900,Ztly4IlziLkv/WCAorNWvE1HjN/3TqHmRGZsrNn24u0uuxkPbMoJLj66QFmYkHbu,3.0585,5.985223,7.217223,0,2591700,18.680499,Interactive,1,1.75
439200,Ztly4IlziLkv/WCAorNWvE1HjN/3TqHmRGZsrNn24u0uuxkPbMoJLj66QFmYkHbu,5.886211,6.548489,7.294262,0,2591700,18.680499,Interactive,1,1.75
439500,Ztly4IlziLkv/WCAorNWvE1HjN/3TqHmRGZsrNn24u0uuxkPbMoJLj66QFmYkHbu,3.312488,6.109554,7.18421,0,2591700,18.680499,Interactive,1,1.75
439800,Ztly4IlziLkv/WCAorNWvE1HjN/3TqHmRGZsrNn24u0uuxkPbMoJLj66QFmYkHbu,5.814899,6.447239,6.899156,0,2591700,18.680499,Interactive,1,1.75
440100,Ztly4IlziLkv/WCAorNWvE1HjN/3TqHmRGZsrNn24u0uuxkPbMoJLj66QFmYkHbu,3.205,6.13173,7.006908,0,2591700,18.680499,Interactive,1,1.75
440400,Ztly4IlziLkv/WCAorNWvE1HjN/3TqHmRGZsrNn24u0uuxkPbMoJLj66QFmYkHbu,5.8026860000000005,6.473022,7.061135,0,2591700,18.680499,Interactive,1,1.75
440700,Ztly4IlziLkv/WCAorNWvE1HjN/3TqHmRGZsrNn24u0uuxkPbMoJLj66QFmYkHbu,4.49396,6.366073,7.994497,0,2591700,18.680499,Interactive,1,1.75
441000,Ztly4IlziLkv/WCAorNWvE1HjN/3TqHmRGZsrNn24u0uuxkPbMoJLj66QFmYkHbu,5.87673,6.882403999999999,9.716928,0,2591700,18.680499,Interactive,1,1.75
441300,Ztly4IlziLkv/WCAorNWvE1HjN/3TqHmRGZsrNn24u0uuxkPbMoJLj66QFmYkHbu,2.973507,6.023651,7.028053999999999,0,2591700,18.680499,Interactive,1,1.75
441600,Ztly4IlziLkv/WCAorNWvE1HjN/3TqHmRGZsrNn24u0uuxkPbMoJLj66QFmYkHbu,4.38201,6.306769,6.970378999999999,0,2591700,18.680499,Interactive,1,1.75
441900,Ztly4IlziLkv/WCAorNWvE1HjN/3TqHmRGZsrNn24u0uuxkPbMoJLj66QFmYkHbu,5.923369999999999,6.518724,7.430262,0,2591700,18.680499,Interactive,1,1.75
442200,Ztly4IlziLkv/WCAorNWvE1HjN/3TqHmRGZsrNn24u0uuxkPbMoJLj66QFmYkHbu,3.471305,6.111565000000001,7.312105,0,2591700,18.680499,Interactive,1,1.75
442500,Ztly4IlziLkv/WCAorNWvE1HjN/3TqHmRGZsrNn24u0uuxkPbMoJLj66QFmYkHbu,6.107813,6.432702,6.994682000000001,0,2591700,18.680499,Interactive,1,1.75
442800,Ztly4IlziLkv/WCAorNWvE1HjN/3TqHmRGZsrNn24u0uuxkPbMoJLj66QFmYkHbu,3.240576,6.259397,7.664997,0,2591700,18.680499,Interactive,1,1.75
443100,Ztly4IlziLkv/WCAorNWvE1HjN/3TqHmRGZsrNn24u0uuxkPbMoJLj66QFmYkHbu,5.608179,6.386566999999999,6.89245,0,2591700,18.680499,Interactive,1,1.75
443400,Ztly4IlziLkv/WCAorNWvE1HjN/3TqHmRGZsrNn24u0uuxkPbMoJLj66QFmYkHbu,3.285106,6.174512,6.851838000000001,0,2591700,18.680499,Interactive,1,1.75
443700,Ztly4IlziLkv/WCAorNWvE1HjN/3TqHmRGZsrNn24u0uuxkPbMoJLj66QFmYkHbu,5.916427,6.565267,7.449383,0,2591700,18.680499,Interactive,1,1.75
444000,Ztly4IlziLkv/WCAorNWvE1HjN/3TqHmRGZsrNn24u0uuxkPbMoJLj66QFmYkHbu,3.428635,6.182604,7.310642,0,2591700,18.680499,Interactive,1,1.75
444300,Ztly4IlziLkv/WCAorNWvE1HjN/3TqHmRGZsrNn24u0uuxkPbMoJLj66QFmYkHbu,4.281125,6.342793,7.788359,0,2591700,18.680499,Interactive,1,1.75
444600,Ztly4IlziLkv/WCAorNWvE1HjN/3TqHmRGZsrNn24u0uuxkPbMoJLj66QFmYkHbu,6.020472,6.979941999999999,9.824665,0,2591700,18.680499,Interactive,1,1.75
444900,Ztly4IlziLkv/WCAorNWvE1HjN/3TqHmRGZsrNn24u0uuxkPbMoJLj66QFmYkHbu,3.309031,6.111855,7.215787,0,2591700,18.680499,Interactive,1,1.75
445200,Ztly4IlziLkv/WCAorNWvE1HjN/3TqHmRGZsrNn24u0uuxkPbMoJLj66QFmYkHbu,6.16059,6.52596,7.00732,0,2591700,18.680499,Interactive,1,1.75
445500,Ztly4IlziLkv/WCAorNWvE1HjN/3TqHmRGZsrNn24u0uuxkPbMoJLj66QFmYkHbu,3.557217,6.173254,7.411100999999999,0,2591700,18.680499,Interactive,1,1.75
445800,Ztly4IlziLkv/WCAorNWvE1HjN/3TqHmRGZsrNn24u0uuxkPbMoJLj66QFmYkHbu,5.69215,6.9607660000000005,9.877278,0,2591700,18.680499,Interactive,1,1.75
446100,Ztly4IlziLkv/WCAorNWvE1HjN/3TqHmRGZsrNn24u0uuxkPbMoJLj66QFmYkHbu,5.610103,6.896081,11.742843,0,2591700,18.680499,Interactive,1,1.75
446400,Ztly4IlziLkv/WCAorNWvE1HjN/3TqHmRGZsrNn24u0uuxkPbMoJLj66QFmYkHbu,6.094763,6.5999,7.355303999999999,0,2591700,18.680499,Interactive,1,1.75
446700,Ztly4IlziLkv/WCAorNWvE1HjN/3TqHmRGZsrNn24u0uuxkPbMoJLj66QFmYkHbu,3.60101,6.173406,7.521398,0,2591700,18.680499,Interactive,1,1.75
447000,Ztly4IlziLkv/WCAorNWvE1HjN/3TqHmRGZsrNn24u0uuxkPbMoJLj66QFmYkHbu,4.166745,6.097635,6.791092,0,2591700,18.680499,Interactive,1,1.75
447300,Ztly4IlziLkv/WCAorNWvE1HjN/3TqHmRGZsrNn24u0uuxkPbMoJLj66QFmYkHbu,5.993335,6.523832,7.371805999999999,0,2591700,18.680499,Interactive,1,1.75
447600,Ztly4IlziLkv/WCAorNWvE1HjN/3TqHmRGZsrNn24u0uuxkPbMoJLj66QFmYkHbu,4.303742,6.206583,7.324731,0,2591700,18.680499,Interactive,1,1.75
447900,Ztly4IlziLkv/WCAorNWvE1HjN/3TqHmRGZsrNn24u0uuxkPbMoJLj66QFmYkHbu,5.759089,6.535731,7.78253,0,2591700,18.680499,Interactive,1,1.75
448200,Ztly4IlziLkv/WCAorNWvE1HjN/3TqHmRGZsrNn24u0uuxkPbMoJLj66QFmYkHbu,2.9505470000000003,6.656167999999999,9.795601,0,2591700,18.680499,Interactive,1,1.75
448500,Ztly4IlziLkv/WCAorNWvE1HjN/3TqHmRGZsrNn24u0uuxkPbMoJLj66QFmYkHbu,5.821458,6.450351,7.507814,0,2591700,18.680499,Interactive,1,1.75
448800,Ztly4IlziLkv/WCAorNWvE1HjN/3TqHmRGZsrNn24u0uuxkPbMoJLj66QFmYkHbu,3.807044,6.214267,7.393755,0,2591700,18.680499,Interactive,1,1.75
449100,Ztly4IlziLkv/WCAorNWvE1HjN/3TqHmRGZsrNn24u0uuxkPbMoJLj66QFmYkHbu,6.165047,6.611492,7.31987,0,2591700,18.680499,Interactive,1,1.75
449400,Ztly4IlziLkv/WCAorNWvE1HjN/3TqHmRGZsrNn24u0uuxkPbMoJLj66QFmYkHbu,3.787691,6.2602720000000005,7.996581,0,2591700,18.680499,Interactive,1,1.75
449700,Ztly4IlziLkv/WCAorNWvE1HjN/3TqHmRGZsrNn24u0uuxkPbMoJLj66QFmYkHbu,4.766241,6.207453,7.269089,0,2591700,18.680499,Interactive,1,1.75
450000,Ztly4IlziLkv/WCAorNWvE1HjN/3TqHmRGZsrNn24u0uuxkPbMoJLj66QFmYkHbu,5.996288,6.619472999999999,7.359333,0,2591700,18.680499,Interactive,1,1.75
450300,Ztly4IlziLkv/WCAorNWvE1HjN/3TqHmRGZsrNn24u0uuxkPbMoJLj66QFmYkHbu,3.199758,6.413582,9.641165,0,2591700,18.680499,Interactive,1,1.75
450600,Ztly4IlziLkv/WCAorNWvE1HjN/3TqHmRGZsrNn24u0uuxkPbMoJLj66QFmYkHbu,5.891478,6.489187,7.473869,0,2591700,18.680499,Interactive,1,1.75
450900,Ztly4IlziLkv/WCAorNWvE1HjN/3TqHmRGZsrNn24u0uuxkPbMoJLj66QFmYkHbu,3.498496,6.721303,9.211366,0,2591700,18.680499,Interactive,1,1.75
451200,Ztly4IlziLkv/WCAorNWvE1HjN/3TqHmRGZsrNn24u0uuxkPbMoJLj66QFmYkHbu,5.717897,6.505556,7.606752,0,2591700,18.680499,Interactive,1,1.75
451500,Ztly4IlziLkv/WCAorNWvE1HjN/3TqHmRGZsrNn24u0uuxkPbMoJLj66QFmYkHbu,3.731329,6.446743,8.497819999999999,0,2591700,18.680499,Interactive,1,1.75
451800,Ztly4IlziLkv/WCAorNWvE1HjN/3TqHmRGZsrNn24u0uuxkPbMoJLj66QFmYkHbu,5.85191,7.015233,10.645623,0,2591700,18.680499,Interactive,1,1.75
452100,Ztly4IlziLkv/WCAorNWvE1HjN/3TqHmRGZsrNn24u0uuxkPbMoJLj66QFmYkHbu,4.426316,6.264017,7.443409,0,2591700,18.680499,Interactive,1,1.75
452400,Ztly4IlziLkv/WCAorNWvE1HjN/3TqHmRGZsrNn24u0uuxkPbMoJLj66QFmYkHbu,3.60393,6.196164,7.322377,0,2591700,18.680499,Interactive,1,1.75
452700,Ztly4IlziLkv/WCAorNWvE1HjN/3TqHmRGZsrNn24u0uuxkPbMoJLj66QFmYkHbu,5.728513,6.468187,7.023283,0,2591700,18.680499,Interactive,1,1.75
453000,Ztly4IlziLkv/WCAorNWvE1HjN/3TqHmRGZsrNn24u0uuxkPbMoJLj66QFmYkHbu,3.264637,6.132487,7.220005,0,2591700,18.680499,Interactive,1,1.75
453300,Ztly4IlziLkv/WCAorNWvE1HjN/3TqHmRGZsrNn24u0uuxkPbMoJLj66QFmYkHbu,5.762279,6.433982,7.049589999999999,0,2591700,18.680499,Interactive,1,1.75
453600,Ztly4IlziLkv/WCAorNWvE1HjN/3TqHmRGZsrNn24u0uuxkPbMoJLj66QFmYkHbu,3.661459,6.394611,7.403647,0,2591700,18.680499,Interactive,1,1.75
453900,Ztly4IlziLkv/WCAorNWvE1HjN/3TqHmRGZsrNn24u0uuxkPbMoJLj66QFmYkHbu,6.010232,6.496854,7.242405000000001,0,2591700,18.680499,Interactive,1,1.75
454200,Ztly4IlziLkv/WCAorNWvE1HjN/3TqHmRGZsrNn24u0uuxkPbMoJLj66QFmYkHbu,4.440487999999999,6.282086,7.14587,0,2591700,18.680499,Interactive,1,1.75
454500,Ztly4IlziLkv/WCAorNWvE1HjN/3TqHmRGZsrNn24u0uuxkPbMoJLj66QFmYkHbu,5.898073999999999,6.577959,7.327004,0,2591700,18.680499,Interactive,1,1.75
454800,Ztly4IlziLkv/WCAorNWvE1HjN/3TqHmRGZsrNn24u0uuxkPbMoJLj66QFmYkHbu,4.025405999999999,6.286692,7.641997,0,2591700,18.680499,Interactive,1,1.75
455100,Ztly4IlziLkv/WCAorNWvE1HjN/3TqHmRGZsrNn24u0uuxkPbMoJLj66QFmYkHbu,5.467947000000001,6.471868,8.427667,0,2591700,18.680499,Interactive,1,1.75
455400,Ztly4IlziLkv/WCAorNWvE1HjN/3TqHmRGZsrNn24u0uuxkPbMoJLj66QFmYkHbu,5.958313,7.034598,10.467614,0,2591700,18.680499,Interactive,1,1.75
455700,Ztly4IlziLkv/WCAorNWvE1HjN/3TqHmRGZsrNn24u0uuxkPbMoJLj66QFmYkHbu,4.4780050000000005,6.28165,7.052548,0,2591700,18.680499,Interactive,1,1.75
456000,Ztly4IlziLkv/WCAorNWvE1HjN/3TqHmRGZsrNn24u0uuxkPbMoJLj66QFmYkHbu,5.758666000000001,6.847961,9.341385,0,2591700,18.680499,Interactive,1,1.75
456300,Ztly4IlziLkv/WCAorNWvE1HjN/3TqHmRGZsrNn24u0uuxkPbMoJLj66QFmYkHbu,4.814002,6.429429,7.086401,0,2591700,18.680499,Interactive,1,1.75
456600,Ztly4IlziLkv/WCAorNWvE1HjN/3TqHmRGZsrNn24u0uuxkPbMoJLj66QFmYkHbu,5.693361,6.453727,6.956397999999999,0,2591700,18.680499,Interactive,1,1.75
456900,Ztly4IlziLkv/WCAorNWvE1HjN/3TqHmRGZsrNn24u0uuxkPbMoJLj66QFmYkHbu,3.98917,6.222755,7.1068880000000005,0,2591700,18.680499,Interactive,1,1.75
457200,Ztly4IlziLkv/WCAorNWvE1HjN/3TqHmRGZsrNn24u0uuxkPbMoJLj66QFmYkHbu,5.889335,6.601349000000001,7.301044,0,2591700,18.680499,Interactive,1,1.75
457500,Ztly4IlziLkv/WCAorNWvE1HjN/3TqHmRGZsrNn24u0uuxkPbMoJLj66QFmYkHbu,3.877128,6.174713,7.046124000000001,0,2591700,18.680499,Interactive,1,1.75
457800,Ztly4IlziLkv/WCAorNWvE1HjN/3TqHmRGZsrNn24u0uuxkPbMoJLj66QFmYkHbu,3.936669,6.216114,7.047037,0,2591700,18.680499,Interactive,1,1.75
458100,Ztly4IlziLkv/WCAorNWvE1HjN/3TqHmRGZsrNn24u0uuxkPbMoJLj66QFmYkHbu,5.683694999999999,6.592563,7.547510000000001,0,2591700,18.680499,Interactive,1,1.75
458400,Ztly4IlziLkv/WCAorNWvE1HjN/3TqHmRGZsrNn24u0uuxkPbMoJLj66QFmYkHbu,4.308254,6.19104,7.184943,0,2591700,18.680499,Interactive,1,1.75
458700,Ztly4IlziLkv/WCAorNWvE1HjN/3TqHmRGZsrNn24u0uuxkPbMoJLj66QFmYkHbu,5.743688,6.574797,8.166867,0,2591700,18.680499,Interactive,1,1.75
459000,Ztly4IlziLkv/WCAorNWvE1HjN/3TqHmRGZsrNn24u0uuxkPbMoJLj66QFmYkHbu,4.143774,6.931171000000001,10.960347,0,2591700,18.680499,Interactive,1,1.75
459300,Ztly4IlziLkv/WCAorNWvE1HjN/3TqHmRGZsrNn24u0uuxkPbMoJLj66QFmYkHbu,5.7565610000000005,6.337976,7.252575,0,2591700,18.680499,Interactive,1,1.75
459600,Ztly4IlziLkv/WCAorNWvE1HjN/3TqHmRGZsrNn24u0uuxkPbMoJLj66QFmYkHbu,4.3094980000000005,6.2904800000000005,7.772660000000001,0,2591700,18.680499,Interactive,1,1.75
459900,Ztly4IlziLkv/WCAorNWvE1HjN/3TqHmRGZsrNn24u0uuxkPbMoJLj66QFmYkHbu,5.6837480000000005,6.565756,7.847003999999999,0,2591700,18.680499,Interactive,1,1.75
460200,Ztly4IlziLkv/WCAorNWvE1HjN/3TqHmRGZsrNn24u0uuxkPbMoJLj66QFmYkHbu,3.634558,6.145349,7.339308,0,2591700,18.680499,Interactive,1,1.75
460500,Ztly4IlziLkv/WCAorNWvE1HjN/3TqHmRGZsrNn24u0uuxkPbMoJLj66QFmYkHbu,5.69351,6.374503,7.664574000000001,0,2591700,18.680499,Interactive,1,1.75
460800,Ztly4IlziLkv/WCAorNWvE1HjN/3TqHmRGZsrNn24u0uuxkPbMoJLj66QFmYkHbu,4.434917,6.478194,8.073677,0,2591700,18.680499,Interactive,1,1.75
461100,Ztly4IlziLkv/WCAorNWvE1HjN/3TqHmRGZsrNn24u0uuxkPbMoJLj66QFmYkHbu,3.4824980000000005,6.235284,7.233508,0,2591700,18.680499,Interactive,1,1.75
461400,Ztly4IlziLkv/WCAorNWvE1HjN/3TqHmRGZsrNn24u0uuxkPbMoJLj66QFmYkHbu,5.850911,6.468697,7.397136,0,2591700,18.680499,Interactive,1,1.75
461700,Ztly4IlziLkv/WCAorNWvE1HjN/3TqHmRGZsrNn24u0uuxkPbMoJLj66QFmYkHbu,4.12893,6.6483550000000005,9.872505,0,2591700,18.680499,Interactive,1,1.75
462000,Ztly4IlziLkv/WCAorNWvE1HjN/3TqHmRGZsrNn24u0uuxkPbMoJLj66QFmYkHbu,6.036761,6.738221,9.272162,0,2591700,18.680499,Interactive,1,1.75
462300,Ztly4IlziLkv/WCAorNWvE1HjN/3TqHmRGZsrNn24u0uuxkPbMoJLj66QFmYkHbu,4.131634,6.360354,8.993886999999999,0,2591700,18.680499,Interactive,1,1.75
462600,Ztly4IlziLkv/WCAorNWvE1HjN/3TqHmRGZsrNn24u0uuxkPbMoJLj66QFmYkHbu,5.951552,6.948391,9.881741,0,2591700,18.680499,Interactive,1,1.75
462900,Ztly4IlziLkv/WCAorNWvE1HjN/3TqHmRGZsrNn24u0uuxkPbMoJLj66QFmYkHbu,4.349287,6.143968,7.212307000000001,0,2591700,18.680499,Interactive,1,1.75
463200,Ztly4IlziLkv/WCAorNWvE1HjN/3TqHmRGZsrNn24u0uuxkPbMoJLj66QFmYkHbu,5.956291,6.5109900000000005,7.587478999999999,0,2591700,18.680499,Interactive,1,1.75
463500,Ztly4IlziLkv/WCAorNWvE1HjN/3TqHmRGZsrNn24u0uuxkPbMoJLj66QFmYkHbu,3.477392,6.3002970000000005,7.910949,0,2591700,18.680499,Interactive,1,1.75
463800,Ztly4IlziLkv/WCAorNWvE1HjN/3TqHmRGZsrNn24u0uuxkPbMoJLj66QFmYkHbu,3.372756,6.535880000000001,9.312364,0,2591700,18.680499,Interactive,1,1.75
464100,Ztly4IlziLkv/WCAorNWvE1HjN/3TqHmRGZsrNn24u0uuxkPbMoJLj66QFmYkHbu,5.901525,6.450791000000001,7.284932,0,2591700,18.680499,Interactive,1,1.75
464400,Ztly4IlziLkv/WCAorNWvE1HjN/3TqHmRGZsrNn24u0uuxkPbMoJLj66QFmYkHbu,4.071091,6.737452,9.972751,0,2591700,18.680499,Interactive,1,1.75
464700,Ztly4IlziLkv/WCAorNWvE1HjN/3TqHmRGZsrNn24u0uuxkPbMoJLj66QFmYkHbu,5.984539,6.512451,7.501357,0,2591700,18.680499,Interactive,1,1.75
465000,Ztly4IlziLkv/WCAorNWvE1HjN/3TqHmRGZsrNn24u0uuxkPbMoJLj66QFmYkHbu,4.192419,6.365515,7.439423,0,2591700,18.680499,Interactive,1,1.75
465300,Ztly4IlziLkv/WCAorNWvE1HjN/3TqHmRGZsrNn24u0uuxkPbMoJLj66QFmYkHbu,5.841349,6.550038,7.634105,0,2591700,18.680499,Interactive,1,1.75
465600,Ztly4IlziLkv/WCAorNWvE1HjN/3TqHmRGZsrNn24u0uuxkPbMoJLj66QFmYkHbu,3.822423,6.245407,7.628671000000001,0,2591700,18.680499,Interactive,1,1.75
465900,Ztly4IlziLkv/WCAorNWvE1HjN/3TqHmRGZsrNn24u0uuxkPbMoJLj66QFmYkHbu,6.159198,6.956394,9.320684,0,2591700,18.680499,Interactive,1,1.75
466200,Ztly4IlziLkv/WCAorNWvE1HjN/3TqHmRGZsrNn24u0uuxkPbMoJLj66QFmYkHbu,3.727996,6.751269000000001,9.906704,0,2591700,18.680499,Interactive,1,1.75
466500,Ztly4IlziLkv/WCAorNWvE1HjN/3TqHmRGZsrNn24u0uuxkPbMoJLj66QFmYkHbu,3.940735,6.285449,8.190675,0,2591700,18.680499,Interactive,1,1.75
466800,Ztly4IlziLkv/WCAorNWvE1HjN/3TqHmRGZsrNn24u0uuxkPbMoJLj66QFmYkHbu,6.175782,6.537064,8.324791000000001,0,2591700,18.680499,Interactive,1,1.75
467100,Ztly4IlziLkv/WCAorNWvE1HjN/3TqHmRGZsrNn24u0uuxkPbMoJLj66QFmYkHbu,4.826567,6.458297,8.769067999999999,0,2591700,18.680499,Interactive,1,1.75
467400,Ztly4IlziLkv/WCAorNWvE1HjN/3TqHmRGZsrNn24u0uuxkPbMoJLj66QFmYkHbu,6.120076,6.474304,7.946778,0,2591700,18.680499,Interactive,1,1.75
467700,Ztly4IlziLkv/WCAorNWvE1HjN/3TqHmRGZsrNn24u0uuxkPbMoJLj66QFmYkHbu,4.231148999999999,6.323868,8.342141999999999,0,2591700,18.680499,Interactive,1,1.75
468000,Ztly4IlziLkv/WCAorNWvE1HjN/3TqHmRGZsrNn24u0uuxkPbMoJLj66QFmYkHbu,5.778549,6.611215,8.606363,0,2591700,18.680499,Interactive,1,1.75
468300,Ztly4IlziLkv/WCAorNWvE1HjN/3TqHmRGZsrNn24u0uuxkPbMoJLj66QFmYkHbu,3.605085,6.0093760000000005,6.554389,0,2591700,18.680499,Interactive,1,1.75
468600,Ztly4IlziLkv/WCAorNWvE1HjN/3TqHmRGZsrNn24u0uuxkPbMoJLj66QFmYkHbu,6.156793,6.509599,8.202639999999999,0,2591700,18.680499,Interactive,1,1.75
468900,Ztly4IlziLkv/WCAorNWvE1HjN/3TqHmRGZsrNn24u0uuxkPbMoJLj66QFmYkHbu,3.848375,6.428106,8.707669000000001,0,2591700,18.680499,Interactive,1,1.75
469200,Ztly4IlziLkv/WCAorNWvE1HjN/3TqHmRGZsrNn24u0uuxkPbMoJLj66QFmYkHbu,5.021795,6.704456,9.766134,0,2591700,18.680499,Interactive,1,1.75
469500,Ztly4IlziLkv/WCAorNWvE1HjN/3TqHmRGZsrNn24u0uuxkPbMoJLj66QFmYkHbu,6.151765,6.678689,8.354221,0,2591700,18.680499,Interactive,1,1.75
469800,Ztly4IlziLkv/WCAorNWvE1HjN/3TqHmRGZsrNn24u0uuxkPbMoJLj66QFmYkHbu,4.552435,7.288961,10.420179,0,2591700,18.680499,Interactive,1,1.75
470100,Ztly4IlziLkv/WCAorNWvE1HjN/3TqHmRGZsrNn24u0uuxkPbMoJLj66QFmYkHbu,5.904787000000001,6.557316999999999,7.921267999999999,0,2591700,18.680499,Interactive,1,1.75
470400,Ztly4IlziLkv/WCAorNWvE1HjN/3TqHmRGZsrNn24u0uuxkPbMoJLj66QFmYkHbu,4.309614,6.434286,8.353222,0,2591700,18.680499,Interactive,1,1.75
470700,Ztly4IlziLkv/WCAorNWvE1HjN/3TqHmRGZsrNn24u0uuxkPbMoJLj66QFmYkHbu,5.891584,6.647098,8.509598,0,2591700,18.680499,Interactive,1,1.75
471000,Ztly4IlziLkv/WCAorNWvE1HjN/3TqHmRGZsrNn24u0uuxkPbMoJLj66QFmYkHbu,3.838526,6.473889,10.050707,0,2591700,18.680499,Interactive,1,1.75
471300,Ztly4IlziLkv/WCAorNWvE1HjN/3TqHmRGZsrNn24u0uuxkPbMoJLj66QFmYkHbu,5.974377,6.549174,8.107671,0,2591700,18.680499,Interactive,1,1.75
471600,Ztly4IlziLkv/WCAorNWvE1HjN/3TqHmRGZsrNn24u0uuxkPbMoJLj66QFmYkHbu,5.987806,6.886919,8.793202,0,2591700,18.680499,Interactive,1,1.75
471900,Ztly4IlziLkv/WCAorNWvE1HjN/3TqHmRGZsrNn24u0uuxkPbMoJLj66QFmYkHbu,5.741066,6.826384,9.035628,0,2591700,18.680499,Interactive,1,1.75
472200,Ztly4IlziLkv/WCAorNWvE1HjN/3TqHmRGZsrNn24u0uuxkPbMoJLj66QFmYkHbu,6.103659,6.528539,7.932899000000001,0,2591700,18.680499,Interactive,1,1.75
472500,Ztly4IlziLkv/WCAorNWvE1HjN/3TqHmRGZsrNn24u0uuxkPbMoJLj66QFmYkHbu,3.574692,6.356571,7.704275999999999,0,2591700,18.680499,Interactive,1,1.75
472800,Ztly4IlziLkv/WCAorNWvE1HjN/3TqHmRGZsrNn24u0uuxkPbMoJLj66QFmYkHbu,5.857819,6.508425,7.424607000000001,0,2591700,18.680499,Interactive,1,1.75
473100,Ztly4IlziLkv/WCAorNWvE1HjN/3TqHmRGZsrNn24u0uuxkPbMoJLj66QFmYkHbu,3.446415,6.38766,7.833621000000001,0,2591700,18.680499,Interactive,1,1.75
473400,Ztly4IlziLkv/WCAorNWvE1HjN/3TqHmRGZsrNn24u0uuxkPbMoJLj66QFmYkHbu,5.896715,6.979750999999999,11.349781,0,2591700,18.680499,Interactive,1,1.75
473700,Ztly4IlziLkv/WCAorNWvE1HjN/3TqHmRGZsrNn24u0uuxkPbMoJLj66QFmYkHbu,5.616904,6.509134,7.574205,0,2591700,18.680499,Interactive,1,1.75
474000,Ztly4IlziLkv/WCAorNWvE1HjN/3TqHmRGZsrNn24u0uuxkPbMoJLj66QFmYkHbu,6.0959,6.877614,9.273652,0,2591700,18.680499,Interactive,1,1.75
474300,Ztly4IlziLkv/WCAorNWvE1HjN/3TqHmRGZsrNn24u0uuxkPbMoJLj66QFmYkHbu,3.189998,6.3954260000000005,7.614653,0,2591700,18.680499,Interactive,1,1.75
474600,Ztly4IlziLkv/WCAorNWvE1HjN/3TqHmRGZsrNn24u0uuxkPbMoJLj66QFmYkHbu,5.126232,6.487080000000001,7.589789,0,2591700,18.680499,Interactive,1,1.75
474900,Ztly4IlziLkv/WCAorNWvE1HjN/3TqHmRGZsrNn24u0uuxkPbMoJLj66QFmYkHbu,5.764334,6.503339,7.755921000000001,0,2591700,18.680499,Interactive,1,1.75
475200,Ztly4IlziLkv/WCAorNWvE1HjN/3TqHmRGZsrNn24u0uuxkPbMoJLj66QFmYkHbu,3.240627,6.345940000000001,8.039096,0,2591700,18.680499,Interactive,1,1.75
475500,Ztly4IlziLkv/WCAorNWvE1HjN/3TqHmRGZsrNn24u0uuxkPbMoJLj66QFmYkHbu,5.809448000000001,6.444848,7.360008,0,2591700,18.680499,Interactive,1,1.75
475800,Ztly4IlziLkv/WCAorNWvE1HjN/3TqHmRGZsrNn24u0uuxkPbMoJLj66QFmYkHbu,5.258167,6.459779,7.730842999999999,0,2591700,18.680499,Interactive,1,1.75
476100,Ztly4IlziLkv/WCAorNWvE1HjN/3TqHmRGZsrNn24u0uuxkPbMoJLj66QFmYkHbu,5.796624,6.539053,7.904152000000001,0,2591700,18.680499,Interactive,1,1.75
476400,Ztly4IlziLkv/WCAorNWvE1HjN/3TqHmRGZsrNn24u0uuxkPbMoJLj66QFmYkHbu,5.868714,6.889558,9.241023,0,2591700,18.680499,Interactive,1,1.75
476700,Ztly4IlziLkv/WCAorNWvE1HjN/3TqHmRGZsrNn24u0uuxkPbMoJLj66QFmYkHbu,5.642934,6.6364600000000005,8.470931,0,2591700,18.680499,Interactive,1,1.75
477000,Ztly4IlziLkv/WCAorNWvE1HjN/3TqHmRGZsrNn24u0uuxkPbMoJLj66QFmYkHbu,4.023466,6.881692999999999,11.737092,0,2591700,18.680499,Interactive,1,1.75
477300,Ztly4IlziLkv/WCAorNWvE1HjN/3TqHmRGZsrNn24u0uuxkPbMoJLj66QFmYkHbu,3.943526,6.609208,9.409482,0,2591700,18.680499,Interactive,1,1.75
477600,Ztly4IlziLkv/WCAorNWvE1HjN/3TqHmRGZsrNn24u0uuxkPbMoJLj66QFmYkHbu,5.746294,6.505408999999999,7.796784,0,2591700,18.680499,Interactive,1,1.75
477900,Ztly4IlziLkv/WCAorNWvE1HjN/3TqHmRGZsrNn24u0uuxkPbMoJLj66QFmYkHbu,4.423721,6.423889,7.803102,0,2591700,18.680499,Interactive,1,1.75
478200,Ztly4IlziLkv/WCAorNWvE1HjN/3TqHmRGZsrNn24u0uuxkPbMoJLj66QFmYkHbu,5.789786,6.454661,7.22668,0,2591700,18.680499,Interactive,1,1.75
478500,Ztly4IlziLkv/WCAorNWvE1HjN/3TqHmRGZsrNn24u0uuxkPbMoJLj66QFmYkHbu,4.500935,6.280417,7.582819000000001,0,2591700,18.680499,Interactive,1,1.75
478800,Ztly4IlziLkv/WCAorNWvE1HjN/3TqHmRGZsrNn24u0uuxkPbMoJLj66QFmYkHbu,5.855697,6.617757000000001,7.540088000000001,0,2591700,18.680499,Interactive,1,1.75
479100,Ztly4IlziLkv/WCAorNWvE1HjN/3TqHmRGZsrNn24u0uuxkPbMoJLj66QFmYkHbu,5.737231,6.575942,8.533947999999999,0,2591700,18.680499,Interactive,1,1.75
479400,Ztly4IlziLkv/WCAorNWvE1HjN/3TqHmRGZsrNn24u0uuxkPbMoJLj66QFmYkHbu,5.7456510000000005,6.536598000000001,7.382563,0,2591700,18.680499,Interactive,1,1.75
479700,Ztly4IlziLkv/WCAorNWvE1HjN/3TqHmRGZsrNn24u0uuxkPbMoJLj66QFmYkHbu,3.66518,6.712476,10.849514,0,2591700,18.680499,Interactive,1,1.75
480000,Ztly4IlziLkv/WCAorNWvE1HjN/3TqHmRGZsrNn24u0uuxkPbMoJLj66QFmYkHbu,4.729371,6.355256,7.338210000000001,0,2591700,18.680499,Interactive,1,1.75
480300,Ztly4IlziLkv/WCAorNWvE1HjN/3TqHmRGZsrNn24u0uuxkPbMoJLj66QFmYkHbu,5.741956,7.058019,10.38085,0,2591700,18.680499,Interactive,1,1.75
480600,Ztly4IlziLkv/WCAorNWvE1HjN/3TqHmRGZsrNn24u0uuxkPbMoJLj66QFmYkHbu,3.651186,6.807173,10.911677,0,2591700,18.680499,Interactive,1,1.75
480900,Ztly4IlziLkv/WCAorNWvE1HjN/3TqHmRGZsrNn24u0uuxkPbMoJLj66QFmYkHbu,5.82052,6.790936,10.356108,0,2591700,18.680499,Interactive,1,1.75
481200,Ztly4IlziLkv/WCAorNWvE1HjN/3TqHmRGZsrNn24u0uuxkPbMoJLj66QFmYkHbu,4.697117,6.224575,6.864078999999999,0,2591700,18.680499,Interactive,1,1.75
481500,Ztly4IlziLkv/WCAorNWvE1HjN/3TqHmRGZsrNn24u0uuxkPbMoJLj66QFmYkHbu,5.976904,6.578977,7.638164,0,2591700,18.680499,Interactive,1,1.75
481800,Ztly4IlziLkv/WCAorNWvE1HjN/3TqHmRGZsrNn24u0uuxkPbMoJLj66QFmYkHbu,4.332351,6.309656,7.229367,0,2591700,18.680499,Interactive,1,1.75
482100,Ztly4IlziLkv/WCAorNWvE1HjN/3TqHmRGZsrNn24u0uuxkPbMoJLj66QFmYkHbu,5.749251999999999,6.477264,7.693553,0,2591700,18.680499,Interactive,1,1.75
482400,Ztly4IlziLkv/WCAorNWvE1HjN/3TqHmRGZsrNn24u0uuxkPbMoJLj66QFmYkHbu,5.786289,6.669489,7.563161999999999,0,2591700,18.680499,Interactive,1,1.75
482700,Ztly4IlziLkv/WCAorNWvE1HjN/3TqHmRGZsrNn24u0uuxkPbMoJLj66QFmYkHbu,4.432483,6.29035,7.403356,0,2591700,18.680499,Interactive,1,1.75
483000,Ztly4IlziLkv/WCAorNWvE1HjN/3TqHmRGZsrNn24u0uuxkPbMoJLj66QFmYkHbu,5.839837,6.810835000000001,10.772644,0,2591700,18.680499,Interactive,1,1.75
483300,Ztly4IlziLkv/WCAorNWvE1HjN/3TqHmRGZsrNn24u0uuxkPbMoJLj66QFmYkHbu,4.40187,6.368489,7.673647,0,2591700,18.680499,Interactive,1,1.75
483600,Ztly4IlziLkv/WCAorNWvE1HjN/3TqHmRGZsrNn24u0uuxkPbMoJLj66QFmYkHbu,5.9565470000000005,6.464008,7.201857,0,2591700,18.680499,Interactive,1,1.75
483900,Ztly4IlziLkv/WCAorNWvE1HjN/3TqHmRGZsrNn24u0uuxkPbMoJLj66QFmYkHbu,4.018804,6.368244,8.240787,0,2591700,18.680499,Interactive,1,1.75
484200,Ztly4IlziLkv/WCAorNWvE1HjN/3TqHmRGZsrNn24u0uuxkPbMoJLj66QFmYkHbu,6.15621,7.082048,10.817178,0,2591700,18.680499,Interactive,1,1.75
484500,Ztly4IlziLkv/WCAorNWvE1HjN/3TqHmRGZsrNn24u0uuxkPbMoJLj66QFmYkHbu,4.385487,6.165514,7.340903999999999,0,2591700,18.680499,Interactive,1,1.75
484800,Ztly4IlziLkv/WCAorNWvE1HjN/3TqHmRGZsrNn24u0uuxkPbMoJLj66QFmYkHbu,5.917431,6.476097,7.623778,0,2591700,18.680499,Interactive,1,1.75
485100,Ztly4IlziLkv/WCAorNWvE1HjN/3TqHmRGZsrNn24u0uuxkPbMoJLj66QFmYkHbu,3.656745,6.315373,7.288053999999999,0,2591700,18.680499,Interactive,1,1.75
485400,Ztly4IlziLkv/WCAorNWvE1HjN/3TqHmRGZsrNn24u0uuxkPbMoJLj66QFmYkHbu,4.206131,6.580080000000001,7.746401,0,2591700,18.680499,Interactive,1,1.75
485700,Ztly4IlziLkv/WCAorNWvE1HjN/3TqHmRGZsrNn24u0uuxkPbMoJLj66QFmYkHbu,5.887308999999999,6.516208,7.407555,0,2591700,18.680499,Interactive,1,1.75
486000,Ztly4IlziLkv/WCAorNWvE1HjN/3TqHmRGZsrNn24u0uuxkPbMoJLj66QFmYkHbu,3.695589,6.41246,7.421774,0,2591700,18.680499,Interactive,1,1.75
486300,Ztly4IlziLkv/WCAorNWvE1HjN/3TqHmRGZsrNn24u0uuxkPbMoJLj66QFmYkHbu,6.197538,6.617176,7.657642,0,2591700,18.680499,Interactive,1,1.75
486600,Ztly4IlziLkv/WCAorNWvE1HjN/3TqHmRGZsrNn24u0uuxkPbMoJLj66QFmYkHbu,5.998876999999999,6.8260570000000005,8.816139999999999,0,2591700,18.680499,Interactive,1,1.75
486900,Ztly4IlziLkv/WCAorNWvE1HjN/3TqHmRGZsrNn24u0uuxkPbMoJLj66QFmYkHbu,6.310132,6.7219,7.491489,0,2591700,18.680499,Interactive,1,1.75
487200,Ztly4IlziLkv/WCAorNWvE1HjN/3TqHmRGZsrNn24u0uuxkPbMoJLj66QFmYkHbu,4.176463,6.40255,7.440554,0,2591700,18.680499,Interactive,1,1.75
487500,Ztly4IlziLkv/WCAorNWvE1HjN/3TqHmRGZsrNn24u0uuxkPbMoJLj66QFmYkHbu,5.883243,6.894891,8.263096,0,2591700,18.680499,Interactive,1,1.75
487800,Ztly4IlziLkv/WCAorNWvE1HjN/3TqHmRGZsrNn24u0uuxkPbMoJLj66QFmYkHbu,4.659326,7.0696710000000005,10.907095,0,2591700,18.680499,Interactive,1,1.75
488100,Ztly4IlziLkv/WCAorNWvE1HjN/3TqHmRGZsrNn24u0uuxkPbMoJLj66QFmYkHbu,4.264052,6.474249,7.629872,0,2591700,18.680499,Interactive,1,1.75
488400,Ztly4IlziLkv/WCAorNWvE1HjN/3TqHmRGZsrNn24u0uuxkPbMoJLj66QFmYkHbu,6.099168,6.679067,7.385469,0,2591700,18.680499,Interactive,1,1.75
488700,Ztly4IlziLkv/WCAorNWvE1HjN/3TqHmRGZsrNn24u0uuxkPbMoJLj66QFmYkHbu,4.048499,6.607406,7.537588,0,2591700,18.680499,Interactive,1,1.75
489000,Ztly4IlziLkv/WCAorNWvE1HjN/3TqHmRGZsrNn24u0uuxkPbMoJLj66QFmYkHbu,6.326251999999999,7.261938000000001,9.755024,0,2591700,18.680499,Interactive,1,1.75
489300,Ztly4IlziLkv/WCAorNWvE1HjN/3TqHmRGZsrNn24u0uuxkPbMoJLj66QFmYkHbu,3.644243,6.213948,7.699603999999999,0,2591700,18.680499,Interactive,1,1.75
489600,Ztly4IlziLkv/WCAorNWvE1HjN/3TqHmRGZsrNn24u0uuxkPbMoJLj66QFmYkHbu,6.178099,6.76778,7.495680999999999,0,2591700,18.680499,Interactive,1,1.75
489900,Ztly4IlziLkv/WCAorNWvE1HjN/3TqHmRGZsrNn24u0uuxkPbMoJLj66QFmYkHbu,4.021856,6.42173,7.691876,0,2591700,18.680499,Interactive,1,1.75
490200,Ztly4IlziLkv/WCAorNWvE1HjN/3TqHmRGZsrNn24u0uuxkPbMoJLj66QFmYkHbu,6.0855690000000005,6.623258,7.483817,0,2591700,18.680499,Interactive,1,1.75
490500,Ztly4IlziLkv/WCAorNWvE1HjN/3TqHmRGZsrNn24u0uuxkPbMoJLj66QFmYkHbu,3.659345,6.414349,7.4476,0,2591700,18.680499,Interactive,1,1.75
490800,Ztly4IlziLkv/WCAorNWvE1HjN/3TqHmRGZsrNn24u0uuxkPbMoJLj66QFmYkHbu,3.422567,6.335863,7.686553999999999,0,2591700,18.680499,Interactive,1,1.75
491100,Ztly4IlziLkv/WCAorNWvE1HjN/3TqHmRGZsrNn24u0uuxkPbMoJLj66QFmYkHbu,5.897724,6.772289,7.973545,0,2591700,18.680499,Interactive,1,1.75
491400,Ztly4IlziLkv/WCAorNWvE1HjN/3TqHmRGZsrNn24u0uuxkPbMoJLj66QFmYkHbu,5.249685,6.991797999999999,10.811428,0,2591700,18.680499,Interactive,1,1.75
491700,Ztly4IlziLkv/WCAorNWvE1HjN/3TqHmRGZsrNn24u0uuxkPbMoJLj66QFmYkHbu,5.887057,6.505486,7.411144,0,2591700,18.680499,Interactive,1,1.75
492000,Ztly4IlziLkv/WCAorNWvE1HjN/3TqHmRGZsrNn24u0uuxkPbMoJLj66QFmYkHbu,4.291105,6.289198000000001,7.395803999999999,0,2591700,18.680499,Interactive,1,1.75
492300,Ztly4IlziLkv/WCAorNWvE1HjN/3TqHmRGZsrNn24u0uuxkPbMoJLj66QFmYkHbu,5.91064,6.482779,7.318285,0,2591700,18.680499,Interactive,1,1.75
492600,Ztly4IlziLkv/WCAorNWvE1HjN/3TqHmRGZsrNn24u0uuxkPbMoJLj66QFmYkHbu,4.16766,6.71405,9.914979,0,2591700,18.680499,Interactive,1,1.75
492900,Ztly4IlziLkv/WCAorNWvE1HjN/3TqHmRGZsrNn24u0uuxkPbMoJLj66QFmYkHbu,5.622353,6.489794,7.437069,0,2591700,18.680499,Interactive,1,1.75
493200,Ztly4IlziLkv/WCAorNWvE1HjN/3TqHmRGZsrNn24u0uuxkPbMoJLj66QFmYkHbu,3.87114,6.599106,7.420699000000001,0,2591700,18.680499,Interactive,1,1.75
493500,Ztly4IlziLkv/WCAorNWvE1HjN/3TqHmRGZsrNn24u0uuxkPbMoJLj66QFmYkHbu,4.093783999999999,6.314979,7.511457000000001,0,2591700,18.680499,Interactive,1,1.75
493800,Ztly4IlziLkv/WCAorNWvE1HjN/3TqHmRGZsrNn24u0uuxkPbMoJLj66QFmYkHbu,6.097818,6.662222,7.503467,0,2591700,18.680499,Interactive,1,1.75
494100,Ztly4IlziLkv/WCAorNWvE1HjN/3TqHmRGZsrNn24u0uuxkPbMoJLj66QFmYkHbu,4.504265,6.454942,7.188708,0,2591700,18.680499,Interactive,1,1.75
494400,Ztly4IlziLkv/WCAorNWvE1HjN/3TqHmRGZsrNn24u0uuxkPbMoJLj66QFmYkHbu,5.924043,6.612317,7.570939999999999,0,2591700,18.680499,Interactive,1,1.75
494700,Ztly4IlziLkv/WCAorNWvE1HjN/3TqHmRGZsrNn24u0uuxkPbMoJLj66QFmYkHbu,3.157862,6.294321,8.019810000000001,0,2591700,18.680499,Interactive,1,1.75
495000,Ztly4IlziLkv/WCAorNWvE1HjN/3TqHmRGZsrNn24u0uuxkPbMoJLj66QFmYkHbu,5.841932,7.146458,11.030801,0,2591700,18.680499,Interactive,1,1.75
495300,Ztly4IlziLkv/WCAorNWvE1HjN/3TqHmRGZsrNn24u0uuxkPbMoJLj66QFmYkHbu,2.957021,6.301334,7.074915,0,2591700,18.680499,Interactive,1,1.75
495600,Ztly4IlziLkv/WCAorNWvE1HjN/3TqHmRGZsrNn24u0uuxkPbMoJLj66QFmYkHbu,5.907775,6.615185,7.135711,0,2591700,18.680499,Interactive,1,1.75
495900,Ztly4IlziLkv/WCAorNWvE1HjN/3TqHmRGZsrNn24u0uuxkPbMoJLj66QFmYkHbu,3.361793,6.310817,7.1737720000000005,0,2591700,18.680499,Interactive,1,1.75
496200,Ztly4IlziLkv/WCAorNWvE1HjN/3TqHmRGZsrNn24u0uuxkPbMoJLj66QFmYkHbu,5.853769000000001,6.645204,7.069472,0,2591700,18.680499,Interactive,1,1.75
496500,Ztly4IlziLkv/WCAorNWvE1HjN/3TqHmRGZsrNn24u0uuxkPbMoJLj66QFmYkHbu,5.900024,6.554228,7.127574000000001,0,2591700,18.680499,Interactive,1,1.75
496800,Ztly4IlziLkv/WCAorNWvE1HjN/3TqHmRGZsrNn24u0uuxkPbMoJLj66QFmYkHbu,3.493432,6.703755,9.777893,0,2591700,18.680499,Interactive,1,1.75
497100,Ztly4IlziLkv/WCAorNWvE1HjN/3TqHmRGZsrNn24u0uuxkPbMoJLj66QFmYkHbu,5.999558,6.663324,7.29275,0,2591700,18.680499,Interactive,1,1.75
497400,Ztly4IlziLkv/WCAorNWvE1HjN/3TqHmRGZsrNn24u0uuxkPbMoJLj66QFmYkHbu,3.290654,6.254174,7.528028999999999,0,2591700,18.680499,Interactive,1,1.75
497700,Ztly4IlziLkv/WCAorNWvE1HjN/3TqHmRGZsrNn24u0uuxkPbMoJLj66QFmYkHbu,6.155233,6.7746770000000005,7.746366,0,2591700,18.680499,Interactive,1,1.75
498000,Ztly4IlziLkv/WCAorNWvE1HjN/3TqHmRGZsrNn24u0uuxkPbMoJLj66QFmYkHbu,3.651999,6.400723999999999,7.998127999999999,0,2591700,18.680499,Interactive,1,1.75
498300,Ztly4IlziLkv/WCAorNWvE1HjN/3TqHmRGZsrNn24u0uuxkPbMoJLj66QFmYkHbu,5.819287,6.761305,7.990885,0,2591700,18.680499,Interactive,1,1.75
498600,Ztly4IlziLkv/WCAorNWvE1HjN/3TqHmRGZsrNn24u0uuxkPbMoJLj66QFmYkHbu,4.758674,7.024773,9.900479,0,2591700,18.680499,Interactive,1,1.75
498900,Ztly4IlziLkv/WCAorNWvE1HjN/3TqHmRGZsrNn24u0uuxkPbMoJLj66QFmYkHbu,4.57238,6.443314,7.945866,0,2591700,18.680499,Interactive,1,1.75
499200,Ztly4IlziLkv/WCAorNWvE1HjN/3TqHmRGZsrNn24u0uuxkPbMoJLj66QFmYkHbu,5.977836,6.564937,7.301128999999999,0,2591700,18.680499,Interactive,1,1.75
499500,Ztly4IlziLkv/WCAorNWvE1HjN/3TqHmRGZsrNn24u0uuxkPbMoJLj66QFmYkHbu,3.601389,6.330113,7.129166000000001,0,2591700,18.680499,Interactive,1,1.75
499800,Ztly4IlziLkv/WCAorNWvE1HjN/3TqHmRGZsrNn24u0uuxkPbMoJLj66QFmYkHbu,5.983446,6.713947,7.741422,0,2591700,18.680499,Interactive,1,1.75
500100,Ztly4IlziLkv/WCAorNWvE1HjN/3TqHmRGZsrNn24u0uuxkPbMoJLj66QFmYkHbu,3.627485,6.263407,7.374321000000001,0,2591700,18.680499,Interactive,1,1.75
500400,Ztly4IlziLkv/WCAorNWvE1HjN/3TqHmRGZsrNn24u0uuxkPbMoJLj66QFmYkHbu,5.999829,6.832739999999999,8.237805,0,2591700,18.680499,Interactive,1,1.75
500700,Ztly4IlziLkv/WCAorNWvE1HjN/3TqHmRGZsrNn24u0uuxkPbMoJLj66QFmYkHbu,4.46819,6.389608,8.123712,0,2591700,18.680499,Interactive,1,1.75
501000,Ztly4IlziLkv/WCAorNWvE1HjN/3TqHmRGZsrNn24u0uuxkPbMoJLj66QFmYkHbu,5.828084,6.635721,7.52802,0,2591700,18.680499,Interactive,1,1.75
501300,Ztly4IlziLkv/WCAorNWvE1HjN/3TqHmRGZsrNn24u0uuxkPbMoJLj66QFmYkHbu,5.839725,7.819697,16.425060000000002,0,2591700,18.680499,Interactive,1,1.75
501600,Ztly4IlziLkv/WCAorNWvE1HjN/3TqHmRGZsrNn24u0uuxkPbMoJLj66QFmYkHbu,3.46667,6.287355000000001,7.772871,0,2591700,18.680499,Interactive,1,1.75
501900,Ztly4IlziLkv/WCAorNWvE1HjN/3TqHmRGZsrNn24u0uuxkPbMoJLj66QFmYkHbu,6.063719,6.8350610000000005,7.907650999999999,0,2591700,18.680499,Interactive,1,1.75
502200,Ztly4IlziLkv/WCAorNWvE1HjN/3TqHmRGZsrNn24u0uuxkPbMoJLj66QFmYkHbu,3.25286,6.898560000000001,11.016718,0,2591700,18.680499,Interactive,1,1.75
502500,Ztly4IlziLkv/WCAorNWvE1HjN/3TqHmRGZsrNn24u0uuxkPbMoJLj66QFmYkHbu,5.839214,6.560003999999999,7.814294999999999,0,2591700,18.680499,Interactive,1,1.75
502800,Ztly4IlziLkv/WCAorNWvE1HjN/3TqHmRGZsrNn24u0uuxkPbMoJLj66QFmYkHbu,4.106347,6.392143,7.316851,0,2591700,18.680499,Interactive,1,1.75
503100,Ztly4IlziLkv/WCAorNWvE1HjN/3TqHmRGZsrNn24u0uuxkPbMoJLj66QFmYkHbu,6.158657,6.749337,7.746992999999999,0,2591700,18.680499,Interactive,1,1.75
503400,Ztly4IlziLkv/WCAorNWvE1HjN/3TqHmRGZsrNn24u0uuxkPbMoJLj66QFmYkHbu,3.105501,6.332349,7.718121000000001,0,2591700,18.680499,Interactive,1,1.75
503700,Ztly4IlziLkv/WCAorNWvE1HjN/3TqHmRGZsrNn24u0uuxkPbMoJLj66QFmYkHbu,6.1487300000000005,6.933729,10.163584,0,2591700,18.680499,Interactive,1,1.75
504000,Ztly4IlziLkv/WCAorNWvE1HjN/3TqHmRGZsrNn24u0uuxkPbMoJLj66QFmYkHbu,6.254893,6.8548800000000005,7.725274000000001,0,2591700,18.680499,Interactive,1,1.75
504300,Ztly4IlziLkv/WCAorNWvE1HjN/3TqHmRGZsrNn24u0uuxkPbMoJLj66QFmYkHbu,4.306962,6.389298,7.481896000000001,0,2591700,18.680499,Interactive,1,1.75
504600,Ztly4IlziLkv/WCAorNWvE1HjN/3TqHmRGZsrNn24u0uuxkPbMoJLj66QFmYkHbu,6.209891000000001,6.619653,7.092211,0,2591700,18.680499,Interactive,1,1.75
504900,Ztly4IlziLkv/WCAorNWvE1HjN/3TqHmRGZsrNn24u0uuxkPbMoJLj66QFmYkHbu,4.815723,6.599252000000001,8.358288,0,2591700,18.680499,Interactive,1,1.75
505200,Ztly4IlziLkv/WCAorNWvE1HjN/3TqHmRGZsrNn24u0uuxkPbMoJLj66QFmYkHbu,5.999534,6.524704,7.366694,0,2591700,18.680499,Interactive,1,1.75
505500,Ztly4IlziLkv/WCAorNWvE1HjN/3TqHmRGZsrNn24u0uuxkPbMoJLj66QFmYkHbu,3.614119,6.45925,7.885571,0,2591700,18.680499,Interactive,1,1.75
505800,Ztly4IlziLkv/WCAorNWvE1HjN/3TqHmRGZsrNn24u0uuxkPbMoJLj66QFmYkHbu,6.339093,7.210972999999999,11.133719,0,2591700,18.680499,Interactive,1,1.75
506100,Ztly4IlziLkv/WCAorNWvE1HjN/3TqHmRGZsrNn24u0uuxkPbMoJLj66QFmYkHbu,5.889475,6.711274,7.758702,0,2591700,18.680499,Interactive,1,1.75
506400,Ztly4IlziLkv/WCAorNWvE1HjN/3TqHmRGZsrNn24u0uuxkPbMoJLj66QFmYkHbu,6.230045,6.511881,7.163635,0,2591700,18.680499,Interactive,1,1.75
506700,Ztly4IlziLkv/WCAorNWvE1HjN/3TqHmRGZsrNn24u0uuxkPbMoJLj66QFmYkHbu,3.600232,6.554167999999999,8.027051,0,2591700,18.680499,Interactive,1,1.75
507000,Ztly4IlziLkv/WCAorNWvE1HjN/3TqHmRGZsrNn24u0uuxkPbMoJLj66QFmYkHbu,4.2416480000000005,6.440932,7.603669,0,2591700,18.680499,Interactive,1,1.75
507300,Ztly4IlziLkv/WCAorNWvE1HjN/3TqHmRGZsrNn24u0uuxkPbMoJLj66QFmYkHbu,6.282586,6.668952,7.126302000000001,0,2591700,18.680499,Interactive,1,1.75
507600,Ztly4IlziLkv/WCAorNWvE1HjN/3TqHmRGZsrNn24u0uuxkPbMoJLj66QFmYkHbu,4.03141,6.569334,8.432957,0,2591700,18.680499,Interactive,1,1.75
507900,Ztly4IlziLkv/WCAorNWvE1HjN/3TqHmRGZsrNn24u0uuxkPbMoJLj66QFmYkHbu,6.152566,6.61882,7.714797999999999,0,2591700,18.680499,Interactive,1,1.75
508200,Ztly4IlziLkv/WCAorNWvE1HjN/3TqHmRGZsrNn24u0uuxkPbMoJLj66QFmYkHbu,6.222783,6.625596000000001,7.05047,0,2591700,18.680499,Interactive,1,1.75
508500,Ztly4IlziLkv/WCAorNWvE1HjN/3TqHmRGZsrNn24u0uuxkPbMoJLj66QFmYkHbu,6.352148000000001,6.822386999999999,7.724672,0,2591700,18.680499,Interactive,1,1.75
508800,Ztly4IlziLkv/WCAorNWvE1HjN/3TqHmRGZsrNn24u0uuxkPbMoJLj66QFmYkHbu,3.650819,6.362106,7.391739999999999,0,2591700,18.680499,Interactive,1,1.75
509100,Ztly4IlziLkv/WCAorNWvE1HjN/3TqHmRGZsrNn24u0uuxkPbMoJLj66QFmYkHbu,6.402648999999999,6.824375,8.027355,0,2591700,18.680499,Interactive,1,1.75
509400,Ztly4IlziLkv/WCAorNWvE1HjN/3TqHmRGZsrNn24u0uuxkPbMoJLj66QFmYkHbu,4.456328,6.994603,10.839373,0,2591700,18.680499,Interactive,1,1.75
509700,Ztly4IlziLkv/WCAorNWvE1HjN/3TqHmRGZsrNn24u0uuxkPbMoJLj66QFmYkHbu,3.07464,6.273475,7.466739,0,2591700,18.680499,Interactive,1,1.75
510000,Ztly4IlziLkv/WCAorNWvE1HjN/3TqHmRGZsrNn24u0uuxkPbMoJLj66QFmYkHbu,6.250919000000001,6.644251,7.221756,0,2591700,18.680499,Interactive,1,1.75
510300,Ztly4IlziLkv/WCAorNWvE1HjN/3TqHmRGZsrNn24u0uuxkPbMoJLj66QFmYkHbu,6.415575,6.896349000000001,7.728569999999999,0,2591700,18.680499,Interactive,1,1.75
510600,Ztly4IlziLkv/WCAorNWvE1HjN/3TqHmRGZsrNn24u0uuxkPbMoJLj66QFmYkHbu,5.914529,6.870566,9.489918,0,2591700,18.680499,Interactive,1,1.75
510900,Ztly4IlziLkv/WCAorNWvE1HjN/3TqHmRGZsrNn24u0uuxkPbMoJLj66QFmYkHbu,3.715489,6.416226999999999,7.479862,0,2591700,18.680499,Interactive,1,1.75
511200,Ztly4IlziLkv/WCAorNWvE1HjN/3TqHmRGZsrNn24u0uuxkPbMoJLj66QFmYkHbu,6.216547,6.784364,7.840508,0,2591700,18.680499,Interactive,1,1.75
511500,Ztly4IlziLkv/WCAorNWvE1HjN/3TqHmRGZsrNn24u0uuxkPbMoJLj66QFmYkHbu,5.578213,6.52617,7.556527,0,2591700,18.680499,Interactive,1,1.75
511800,Ztly4IlziLkv/WCAorNWvE1HjN/3TqHmRGZsrNn24u0uuxkPbMoJLj66QFmYkHbu,5.849549,6.677333,7.623638000000001,0,2591700,18.680499,Interactive,1,1.75
512100,Ztly4IlziLkv/WCAorNWvE1HjN/3TqHmRGZsrNn24u0uuxkPbMoJLj66QFmYkHbu,3.33801,6.545337,7.811375999999999,0,2591700,18.680499,Interactive,1,1.75
512400,Ztly4IlziLkv/WCAorNWvE1HjN/3TqHmRGZsrNn24u0uuxkPbMoJLj66QFmYkHbu,6.078219,6.669860000000001,7.759708,0,2591700,18.680499,Interactive,1,1.75
512700,Ztly4IlziLkv/WCAorNWvE1HjN/3TqHmRGZsrNn24u0uuxkPbMoJLj66QFmYkHbu,5.792330000000001,6.782572999999999,8.532925,0,2591700,18.680499,Interactive,1,1.75
513000,Ztly4IlziLkv/WCAorNWvE1HjN/3TqHmRGZsrNn24u0uuxkPbMoJLj66QFmYkHbu,3.086368,6.883093,11.316706,0,2591700,18.680499,Interactive,1,1.75
513300,Ztly4IlziLkv/WCAorNWvE1HjN/3TqHmRGZsrNn24u0uuxkPbMoJLj66QFmYkHbu,5.997395,6.715116,8.295141000000001,0,2591700,18.680499,Interactive,1,1.75
513600,Ztly4IlziLkv/WCAorNWvE1HjN/3TqHmRGZsrNn24u0uuxkPbMoJLj66QFmYkHbu,3.628955,6.313903,7.639676,0,2591700,18.680499,Interactive,1,1.75
513900,Ztly4IlziLkv/WCAorNWvE1HjN/3TqHmRGZsrNn24u0uuxkPbMoJLj66QFmYkHbu,5.966083,6.816833,7.732253,0,2591700,18.680499,Interactive,1,1.75
514200,Ztly4IlziLkv/WCAorNWvE1HjN/3TqHmRGZsrNn24u0uuxkPbMoJLj66QFmYkHbu,3.042012,6.280919,7.809282,0,2591700,18.680499,Interactive,1,1.75
514500,Ztly4IlziLkv/WCAorNWvE1HjN/3TqHmRGZsrNn24u0uuxkPbMoJLj66QFmYkHbu,5.762447,6.558127000000001,7.402352,0,2591700,18.680499,Interactive,1,1.75
514800,Ztly4IlziLkv/WCAorNWvE1HjN/3TqHmRGZsrNn24u0uuxkPbMoJLj66QFmYkHbu,5.921776,7.194442,9.590085,0,2591700,18.680499,Interactive,1,1.75
515100,Ztly4IlziLkv/WCAorNWvE1HjN/3TqHmRGZsrNn24u0uuxkPbMoJLj66QFmYkHbu,3.91269,6.259836,7.466744999999999,0,2591700,18.680499,Interactive,1,1.75
515400,Ztly4IlziLkv/WCAorNWvE1HjN/3TqHmRGZsrNn24u0uuxkPbMoJLj66QFmYkHbu,6.060149,6.632749,7.526353999999999,0,2591700,18.680499,Interactive,1,1.75
515700,Ztly4IlziLkv/WCAorNWvE1HjN/3TqHmRGZsrNn24u0uuxkPbMoJLj66QFmYkHbu,4.649351,6.704762,8.239067,0,2591700,18.680499,Interactive,1,1.75
516000,Ztly4IlziLkv/WCAorNWvE1HjN/3TqHmRGZsrNn24u0uuxkPbMoJLj66QFmYkHbu,5.818852,6.539915000000001,8.022869,0,2591700,18.680499,Interactive,1,1.75
516300,Ztly4IlziLkv/WCAorNWvE1HjN/3TqHmRGZsrNn24u0uuxkPbMoJLj66QFmYkHbu,3.753965,6.676635000000001,8.529005999999999,0,2591700,18.680499,Interactive,1,1.75
516600,Ztly4IlziLkv/WCAorNWvE1HjN/3TqHmRGZsrNn24u0uuxkPbMoJLj66QFmYkHbu,5.939176,7.235676,11.217862,0,2591700,18.680499,Interactive,1,1.75
516900,Ztly4IlziLkv/WCAorNWvE1HjN/3TqHmRGZsrNn24u0uuxkPbMoJLj66QFmYkHbu,5.749156,6.667363000000001,7.953953,0,2591700,18.680499,Interactive,1,1.75
517200,Ztly4IlziLkv/WCAorNWvE1HjN/3TqHmRGZsrNn24u0uuxkPbMoJLj66QFmYkHbu,6.029246,6.622447,7.494034,0,2591700,18.680499,Interactive,1,1.75
517500,Ztly4IlziLkv/WCAorNWvE1HjN/3TqHmRGZsrNn24u0uuxkPbMoJLj66QFmYkHbu,4.807253,6.504414,7.141962,0,2591700,18.680499,Interactive,1,1.75
517800,Ztly4IlziLkv/WCAorNWvE1HjN/3TqHmRGZsrNn24u0uuxkPbMoJLj66QFmYkHbu,5.842003,6.553306,7.201304,0,2591700,18.680499,Interactive,1,1.75
518100,Ztly4IlziLkv/WCAorNWvE1HjN/3TqHmRGZsrNn24u0uuxkPbMoJLj66QFmYkHbu,3.206702,6.096163,7.07185,0,2591700,18.680499,Interactive,1,1.75
518400,Ztly4IlziLkv/WCAorNWvE1HjN/3TqHmRGZsrNn24u0uuxkPbMoJLj66QFmYkHbu,3.572518,6.428756,7.184437,0,2591700,18.680499,Interactive,1,1.75
518700,Ztly4IlziLkv/WCAorNWvE1HjN/3TqHmRGZsrNn24u0uuxkPbMoJLj66QFmYkHbu,5.875824,6.532039,7.327738,0,2591700,18.680499,Interactive,1,1.75
519000,Ztly4IlziLkv/WCAorNWvE1HjN/3TqHmRGZsrNn24u0uuxkPbMoJLj66QFmYkHbu,5.883318,6.655106,7.860817,0,2591700,18.680499,Interactive,1,1.75
519300,Ztly4IlziLkv/WCAorNWvE1HjN/3TqHmRGZsrNn24u0uuxkPbMoJLj66QFmYkHbu,6.083658,6.687098,7.477508999999999,0,2591700,18.680499,Interactive,1,1.75
519600,Ztly4IlziLkv/WCAorNWvE1HjN/3TqHmRGZsrNn24u0uuxkPbMoJLj66QFmYkHbu,4.784803,6.271592,7.102297999999999,0,2591700,18.680499,Interactive,1,1.75
519900,Ztly4IlziLkv/WCAorNWvE1HjN/3TqHmRGZsrNn24u0uuxkPbMoJLj66QFmYkHbu,6.129183,6.70167,8.392657,0,2591700,18.680499,Interactive,1,1.75
520200,Ztly4IlziLkv/WCAorNWvE1HjN/3TqHmRGZsrNn24u0uuxkPbMoJLj66QFmYkHbu,4.187972,6.792992999999999,12.023729,0,2591700,18.680499,Interactive,1,1.75
520500,Ztly4IlziLkv/WCAorNWvE1HjN/3TqHmRGZsrNn24u0uuxkPbMoJLj66QFmYkHbu,5.803281,6.451303,7.721719999999999,0,2591700,18.680499,Interactive,1,1.75
520800,Ztly4IlziLkv/WCAorNWvE1HjN/3TqHmRGZsrNn24u0uuxkPbMoJLj66QFmYkHbu,3.866788,6.083118,7.177097,0,2591700,18.680499,Interactive,1,1.75
521100,Ztly4IlziLkv/WCAorNWvE1HjN/3TqHmRGZsrNn24u0uuxkPbMoJLj66QFmYkHbu,4.960217,6.645489,7.794202,0,2591700,18.680499,Interactive,1,1.75
521400,Ztly4IlziLkv/WCAorNWvE1HjN/3TqHmRGZsrNn24u0uuxkPbMoJLj66QFmYkHbu,5.779713,6.439878,7.3425,0,2591700,18.680499,Interactive,1,1.75
521700,Ztly4IlziLkv/WCAorNWvE1HjN/3TqHmRGZsrNn24u0uuxkPbMoJLj66QFmYkHbu,5.02524,6.646908,8.659456,0,2591700,18.680499,Interactive,1,1.75
522000,Ztly4IlziLkv/WCAorNWvE1HjN/3TqHmRGZsrNn24u0uuxkPbMoJLj66QFmYkHbu,5.735885,6.554511,7.007381,0,2591700,18.680499,Interactive,1,1.75
522300,Ztly4IlziLkv/WCAorNWvE1HjN/3TqHmRGZsrNn24u0uuxkPbMoJLj66QFmYkHbu,3.907121,6.190258,7.716844999999999,0,2591700,18.680499,Interactive,1,1.75
522600,Ztly4IlziLkv/WCAorNWvE1HjN/3TqHmRGZsrNn24u0uuxkPbMoJLj66QFmYkHbu,5.921077,6.744354,9.212233,0,2591700,18.680499,Interactive,1,1.75
522900,Ztly4IlziLkv/WCAorNWvE1HjN/3TqHmRGZsrNn24u0uuxkPbMoJLj66QFmYkHbu,5.396783,6.30431,7.344669000000001,0,2591700,18.680499,Interactive,1,1.75
523200,Ztly4IlziLkv/WCAorNWvE1HjN/3TqHmRGZsrNn24u0uuxkPbMoJLj66QFmYkHbu,6.051232,6.490153,7.350702,0,2591700,18.680499,Interactive,1,1.75
523500,Ztly4IlziLkv/WCAorNWvE1HjN/3TqHmRGZsrNn24u0uuxkPbMoJLj66QFmYkHbu,5.917611,7.317284,15.189198,0,2591700,18.680499,Interactive,1,1.75
523800,Ztly4IlziLkv/WCAorNWvE1HjN/3TqHmRGZsrNn24u0uuxkPbMoJLj66QFmYkHbu,5.307015,7.693022999999999,14.208904,0,2591700,18.680499,Interactive,1,1.75
524100,Ztly4IlziLkv/WCAorNWvE1HjN/3TqHmRGZsrNn24u0uuxkPbMoJLj66QFmYkHbu,5.813404,6.4843910000000005,7.523738000000001,0,2591700,18.680499,Interactive,1,1.75
524400,Ztly4IlziLkv/WCAorNWvE1HjN/3TqHmRGZsrNn24u0uuxkPbMoJLj66QFmYkHbu,5.132594999999999,8.216692,24.866622,0,2591700,18.680499,Interactive,1,1.75
524700,Ztly4IlziLkv/WCAorNWvE1HjN/3TqHmRGZsrNn24u0uuxkPbMoJLj66QFmYkHbu,6.181618,6.594167,7.495217999999999,0,2591700,18.680499,Interactive,1,1.75
525000,Ztly4IlziLkv/WCAorNWvE1HjN/3TqHmRGZsrNn24u0uuxkPbMoJLj66QFmYkHbu,5.158421,9.042986,33.847887,0,2591700,18.680499,Interactive,1,1.75
525300,Ztly4IlziLkv/WCAorNWvE1HjN/3TqHmRGZsrNn24u0uuxkPbMoJLj66QFmYkHbu,6.045908,6.484307,7.274675999999999,0,2591700,18.680499,Interactive,1,1.75
525600,Ztly4IlziLkv/WCAorNWvE1HjN/3TqHmRGZsrNn24u0uuxkPbMoJLj66QFmYkHbu,5.084053,9.999585,42.538577,0,2591700,18.680499,Interactive,1,1.75
525900,Ztly4IlziLkv/WCAorNWvE1HjN/3TqHmRGZsrNn24u0uuxkPbMoJLj66QFmYkHbu,5.949116,6.476431,7.354717999999999,0,2591700,18.680499,Interactive,1,1.75
526200,Ztly4IlziLkv/WCAorNWvE1HjN/3TqHmRGZsrNn24u0uuxkPbMoJLj66QFmYkHbu,6.106838,9.734421,40.446896,0,2591700,18.680499,Interactive,1,1.75
526500,Ztly4IlziLkv/WCAorNWvE1HjN/3TqHmRGZsrNn24u0uuxkPbMoJLj66QFmYkHbu,3.714616,6.332571,7.682278,0,2591700,18.680499,Interactive,1,1.75
526800,Ztly4IlziLkv/WCAorNWvE1HjN/3TqHmRGZsrNn24u0uuxkPbMoJLj66QFmYkHbu,5.664001,6.445887,7.408269000000001,0,2591700,18.680499,Interactive,1,1.75
527100,Ztly4IlziLkv/WCAorNWvE1HjN/3TqHmRGZsrNn24u0uuxkPbMoJLj66QFmYkHbu,3.227624,6.411582,9.039557,0,2591700,18.680499,Interactive,1,1.75
527400,Ztly4IlziLkv/WCAorNWvE1HjN/3TqHmRGZsrNn24u0uuxkPbMoJLj66QFmYkHbu,6.005503,7.0812610000000005,11.753264,0,2591700,18.680499,Interactive,1,1.75
527700,Ztly4IlziLkv/WCAorNWvE1HjN/3TqHmRGZsrNn24u0uuxkPbMoJLj66QFmYkHbu,5.690402,7.855196,20.885104,0,2591700,18.680499,Interactive,1,1.75
528000,Ztly4IlziLkv/WCAorNWvE1HjN/3TqHmRGZsrNn24u0uuxkPbMoJLj66QFmYkHbu,6.104111,6.451898,7.356264,0,2591700,18.680499,Interactive,1,1.75
528300,Ztly4IlziLkv/WCAorNWvE1HjN/3TqHmRGZsrNn24u0uuxkPbMoJLj66QFmYkHbu,5.743418,7.674910000000001,18.547441,0,2591700,18.680499,Interactive,1,1.75
528600,Ztly4IlziLkv/WCAorNWvE1HjN/3TqHmRGZsrNn24u0uuxkPbMoJLj66QFmYkHbu,5.903116000000001,6.359909,7.203764,0,2591700,18.680499,Interactive,1,1.75
528900,Ztly4IlziLkv/WCAorNWvE1HjN/3TqHmRGZsrNn24u0uuxkPbMoJLj66QFmYkHbu,5.923152,8.058714,22.533436,0,2591700,18.680499,Interactive,1,1.75
529200,Ztly4IlziLkv/WCAorNWvE1HjN/3TqHmRGZsrNn24u0uuxkPbMoJLj66QFmYkHbu,4.21583,6.30932,7.275245,0,2591700,18.680499,Interactive,1,1.75
529500,Ztly4IlziLkv/WCAorNWvE1HjN/3TqHmRGZsrNn24u0uuxkPbMoJLj66QFmYkHbu,6.085097,6.472246,7.959094,0,2591700,18.680499,Interactive,1,1.75
529800,Ztly4IlziLkv/WCAorNWvE1HjN/3TqHmRGZsrNn24u0uuxkPbMoJLj66QFmYkHbu,3.235414,6.196132,7.560914,0,2591700,18.680499,Interactive,1,1.75
530100,Ztly4IlziLkv/WCAorNWvE1HjN/3TqHmRGZsrNn24u0uuxkPbMoJLj66QFmYkHbu,5.794322,6.870297,9.796936,0,2591700,18.680499,Interactive,1,1.75
530400,Ztly4IlziLkv/WCAorNWvE1HjN/3TqHmRGZsrNn24u0uuxkPbMoJLj66QFmYkHbu,3.577892,6.162021,7.853260000000001,0,2591700,18.680499,Interactive,1,1.75
530700,Ztly4IlziLkv/WCAorNWvE1HjN/3TqHmRGZsrNn24u0uuxkPbMoJLj66QFmYkHbu,5.758036,6.686700999999999,8.481242,0,2591700,18.680499,Interactive,1,1.75
531000,Ztly4IlziLkv/WCAorNWvE1HjN/3TqHmRGZsrNn24u0uuxkPbMoJLj66QFmYkHbu,4.642199,6.615061999999999,11.540856,0,2591700,18.680499,Interactive,1,1.75
531300,Ztly4IlziLkv/WCAorNWvE1HjN/3TqHmRGZsrNn24u0uuxkPbMoJLj66QFmYkHbu,5.730585,6.443614,8.030271,0,2591700,18.680499,Interactive,1,1.75
531600,Ztly4IlziLkv/WCAorNWvE1HjN/3TqHmRGZsrNn24u0uuxkPbMoJLj66QFmYkHbu,3.5427660000000003,6.187109,7.915657,0,2591700,18.680499,Interactive,1,1.75
531900,Ztly4IlziLkv/WCAorNWvE1HjN/3TqHmRGZsrNn24u0uuxkPbMoJLj66QFmYkHbu,3.592476,6.246112999999999,8.350245,0,2591700,18.680499,Interactive,1,1.75
532200,Ztly4IlziLkv/WCAorNWvE1HjN/3TqHmRGZsrNn24u0uuxkPbMoJLj66QFmYkHbu,5.753309,6.865122,9.781891,0,2591700,18.680499,Interactive,1,1.75
532500,Ztly4IlziLkv/WCAorNWvE1HjN/3TqHmRGZsrNn24u0uuxkPbMoJLj66QFmYkHbu,5.747602,6.913371000000001,10.712009,0,2591700,18.680499,Interactive,1,1.75
532800,Ztly4IlziLkv/WCAorNWvE1HjN/3TqHmRGZsrNn24u0uuxkPbMoJLj66QFmYkHbu,5.792864,6.513662999999999,7.916796000000001,0,2591700,18.680499,Interactive,1,1.75
533100,Ztly4IlziLkv/WCAorNWvE1HjN/3TqHmRGZsrNn24u0uuxkPbMoJLj66QFmYkHbu,3.821868,6.163874,7.790556,0,2591700,18.680499,Interactive,1,1.75
533400,Ztly4IlziLkv/WCAorNWvE1HjN/3TqHmRGZsrNn24u0uuxkPbMoJLj66QFmYkHbu,5.697035,6.433602,7.834371000000001,0,2591700,18.680499,Interactive,1,1.75
533700,Ztly4IlziLkv/WCAorNWvE1HjN/3TqHmRGZsrNn24u0uuxkPbMoJLj66QFmYkHbu,5.834164,6.331257,7.006647,0,2591700,18.680499,Interactive,1,1.75
534000,Ztly4IlziLkv/WCAorNWvE1HjN/3TqHmRGZsrNn24u0uuxkPbMoJLj66QFmYkHbu,5.726728,6.478051,7.683122999999999,0,2591700,18.680499,Interactive,1,1.75
534300,Ztly4IlziLkv/WCAorNWvE1HjN/3TqHmRGZsrNn24u0uuxkPbMoJLj66QFmYkHbu,3.399347,6.417584,8.745756,0,2591700,18.680499,Interactive,1,1.75
534600,Ztly4IlziLkv/WCAorNWvE1HjN/3TqHmRGZsrNn24u0uuxkPbMoJLj66QFmYkHbu,4.029097,6.847657000000001,11.538952,0,2591700,18.680499,Interactive,1,1.75
534900,Ztly4IlziLkv/WCAorNWvE1HjN/3TqHmRGZsrNn24u0uuxkPbMoJLj66QFmYkHbu,5.631031,6.422584,7.79603,0,2591700,18.680499,Interactive,1,1.75
535200,Ztly4IlziLkv/WCAorNWvE1HjN/3TqHmRGZsrNn24u0uuxkPbMoJLj66QFmYkHbu,3.197948,6.116104,7.900805999999999,0,2591700,18.680499,Interactive,1,1.75
535500,Ztly4IlziLkv/WCAorNWvE1HjN/3TqHmRGZsrNn24u0uuxkPbMoJLj66QFmYkHbu,5.845714,6.487844,7.813758999999999,0,2591700,18.680499,Interactive,1,1.75
535800,Ztly4IlziLkv/WCAorNWvE1HjN/3TqHmRGZsrNn24u0uuxkPbMoJLj66QFmYkHbu,3.259072,6.092401000000001,8.177474,0,2591700,18.680499,Interactive,1,1.75
536100,Ztly4IlziLkv/WCAorNWvE1HjN/3TqHmRGZsrNn24u0uuxkPbMoJLj66QFmYkHbu,5.692182,6.5033970000000005,7.777064,0,2591700,18.680499,Interactive,1,1.75
536400,Ztly4IlziLkv/WCAorNWvE1HjN/3TqHmRGZsrNn24u0uuxkPbMoJLj66QFmYkHbu,5.687893,6.837546000000001,11.585315,0,2591700,18.680499,Interactive,1,1.75
536700,Ztly4IlziLkv/WCAorNWvE1HjN/3TqHmRGZsrNn24u0uuxkPbMoJLj66QFmYkHbu,5.740023000000001,6.440671,7.874882,0,2591700,18.680499,Interactive,1,1.75
537000,Ztly4IlziLkv/WCAorNWvE1HjN/3TqHmRGZsrNn24u0uuxkPbMoJLj66QFmYkHbu,5.610049,7.0982330000000005,12.992904,0,2591700,18.680499,Interactive,1,1.75
537300,Ztly4IlziLkv/WCAorNWvE1HjN/3TqHmRGZsrNn24u0uuxkPbMoJLj66QFmYkHbu,5.672585,7.023859,11.51165,0,2591700,18.680499,Interactive,1,1.75
537600,Ztly4IlziLkv/WCAorNWvE1HjN/3TqHmRGZsrNn24u0uuxkPbMoJLj66QFmYkHbu,5.610268,6.407411,7.411981,0,2591700,18.680499,Interactive,1,1.75
537900,Ztly4IlziLkv/WCAorNWvE1HjN/3TqHmRGZsrNn24u0uuxkPbMoJLj66QFmYkHbu,5.90254,7.246116000000001,11.774455,0,2591700,18.680499,Interactive,1,1.75
538200,Ztly4IlziLkv/WCAorNWvE1HjN/3TqHmRGZsrNn24u0uuxkPbMoJLj66QFmYkHbu,5.872466999999999,7.007383,11.418793,0,2591700,18.680499,Interactive,1,1.75
538500,Ztly4IlziLkv/WCAorNWvE1HjN/3TqHmRGZsrNn24u0uuxkPbMoJLj66QFmYkHbu,5.752299,6.9994570000000005,12.010359,0,2591700,18.680499,Interactive,1,1.75
538800,Ztly4IlziLkv/WCAorNWvE1HjN/3TqHmRGZsrNn24u0uuxkPbMoJLj66QFmYkHbu,5.832712,6.451256,7.836684,0,2591700,18.680499,Interactive,1,1.75
539100,Ztly4IlziLkv/WCAorNWvE1HjN/3TqHmRGZsrNn24u0uuxkPbMoJLj66QFmYkHbu,5.714796,6.988556,11.739349,0,2591700,18.680499,Interactive,1,1.75
539400,Ztly4IlziLkv/WCAorNWvE1HjN/3TqHmRGZsrNn24u0uuxkPbMoJLj66QFmYkHbu,5.867568,6.373761,7.139579,0,2591700,18.680499,Interactive,1,1.75
539700,Ztly4IlziLkv/WCAorNWvE1HjN/3TqHmRGZsrNn24u0uuxkPbMoJLj66QFmYkHbu,5.944351999999999,7.249185000000001,13.7921,0,2591700,18.680499,Interactive,1,1.75
540000,Ztly4IlziLkv/WCAorNWvE1HjN/3TqHmRGZsrNn24u0uuxkPbMoJLj66QFmYkHbu,5.761646,6.490329,7.967247,0,2591700,18.680499,Interactive,1,1.75
540300,Ztly4IlziLkv/WCAorNWvE1HjN/3TqHmRGZsrNn24u0uuxkPbMoJLj66QFmYkHbu,5.853364,6.41982,7.139483,0,2591700,18.680499,Interactive,1,1.75
540600,Ztly4IlziLkv/WCAorNWvE1HjN/3TqHmRGZsrNn24u0uuxkPbMoJLj66QFmYkHbu,5.862138,6.452595,7.213691000000001,0,2591700,18.680499,Interactive,1,1.75
540900,Ztly4IlziLkv/WCAorNWvE1HjN/3TqHmRGZsrNn24u0uuxkPbMoJLj66QFmYkHbu,6.149849,6.566687,7.628338,0,2591700,18.680499,Interactive,1,1.75
541200,Ztly4IlziLkv/WCAorNWvE1HjN/3TqHmRGZsrNn24u0uuxkPbMoJLj66QFmYkHbu,4.124509,6.122776999999999,7.074592999999999,0,2591700,18.680499,Interactive,1,1.75
541500,Ztly4IlziLkv/WCAorNWvE1HjN/3TqHmRGZsrNn24u0uuxkPbMoJLj66QFmYkHbu,5.597373999999999,6.641664,8.553892,0,2591700,18.680499,Interactive,1,1.75
541800,Ztly4IlziLkv/WCAorNWvE1HjN/3TqHmRGZsrNn24u0uuxkPbMoJLj66QFmYkHbu,3.924474,6.778053999999999,11.77284,0,2591700,18.680499,Interactive,1,1.75
542100,Ztly4IlziLkv/WCAorNWvE1HjN/3TqHmRGZsrNn24u0uuxkPbMoJLj66QFmYkHbu,6.128523,6.484778,7.335960000000001,0,2591700,18.680499,Interactive,1,1.75
542400,Ztly4IlziLkv/WCAorNWvE1HjN/3TqHmRGZsrNn24u0uuxkPbMoJLj66QFmYkHbu,3.728722,6.196597,7.325829,0,2591700,18.680499,Interactive,1,1.75
542700,Ztly4IlziLkv/WCAorNWvE1HjN/3TqHmRGZsrNn24u0uuxkPbMoJLj66QFmYkHbu,5.092751,6.272885,7.888988,0,2591700,18.680499,Interactive,1,1.75
543000,Ztly4IlziLkv/WCAorNWvE1HjN/3TqHmRGZsrNn24u0uuxkPbMoJLj66QFmYkHbu,4.745669,6.926646000000001,12.897563,0,2591700,18.680499,Interactive,1,1.75
543300,Ztly4IlziLkv/WCAorNWvE1HjN/3TqHmRGZsrNn24u0uuxkPbMoJLj66QFmYkHbu,5.844597,7.997642999999999,21.413449,0,2591700,18.680499,Interactive,1,1.75
543600,Ztly4IlziLkv/WCAorNWvE1HjN/3TqHmRGZsrNn24u0uuxkPbMoJLj66QFmYkHbu,4.827785,6.335073,7.634032,0,2591700,18.680499,Interactive,1,1.75
543900,Ztly4IlziLkv/WCAorNWvE1HjN/3TqHmRGZsrNn24u0uuxkPbMoJLj66QFmYkHbu,4.879452,8.817844000000001,32.598836,0,2591700,18.680499,Interactive,1,1.75
544200,Ztly4IlziLkv/WCAorNWvE1HjN/3TqHmRGZsrNn24u0uuxkPbMoJLj66QFmYkHbu,5.866716,6.449587999999999,7.479978,0,2591700,18.680499,Interactive,1,1.75
544500,Ztly4IlziLkv/WCAorNWvE1HjN/3TqHmRGZsrNn24u0uuxkPbMoJLj66QFmYkHbu,5.15477,10.349062,45.605396,0,2591700,18.680499,Interactive,1,1.75
544800,Ztly4IlziLkv/WCAorNWvE1HjN/3TqHmRGZsrNn24u0uuxkPbMoJLj66QFmYkHbu,6.082194,6.509873000000001,7.456517999999999,0,2591700,18.680499,Interactive,1,1.75
545100,Ztly4IlziLkv/WCAorNWvE1HjN/3TqHmRGZsrNn24u0uuxkPbMoJLj66QFmYkHbu,4.93542,10.388701,46.14389,0,2591700,18.680499,Interactive,1,1.75
545400,Ztly4IlziLkv/WCAorNWvE1HjN/3TqHmRGZsrNn24u0uuxkPbMoJLj66QFmYkHbu,6.309131,7.522091,16.845845999999998,0,2591700,18.680499,Interactive,1,1.75
545700,Ztly4IlziLkv/WCAorNWvE1HjN/3TqHmRGZsrNn24u0uuxkPbMoJLj66QFmYkHbu,5.655372,10.406151,46.123740000000005,0,2591700,18.680499,Interactive,1,1.75
546000,Ztly4IlziLkv/WCAorNWvE1HjN/3TqHmRGZsrNn24u0uuxkPbMoJLj66QFmYkHbu,5.818152,9.667645,38.308212,0,2591700,18.680499,Interactive,1,1.75
546300,Ztly4IlziLkv/WCAorNWvE1HjN/3TqHmRGZsrNn24u0uuxkPbMoJLj66QFmYkHbu,5.084484,6.488403,8.155044,0,2591700,18.680499,Interactive,1,1.75
546600,Ztly4IlziLkv/WCAorNWvE1HjN/3TqHmRGZsrNn24u0uuxkPbMoJLj66QFmYkHbu,5.689949,8.293080999999999,24.940455,0,2591700,18.680499,Interactive,1,1.75
546900,Ztly4IlziLkv/WCAorNWvE1HjN/3TqHmRGZsrNn24u0uuxkPbMoJLj66QFmYkHbu,6.077726,6.604959,7.944121000000001,0,2591700,18.680499,Interactive,1,1.75
547200,Ztly4IlziLkv/WCAorNWvE1HjN/3TqHmRGZsrNn24u0uuxkPbMoJLj66QFmYkHbu,6.255085,7.908096,20.652218,0,2591700,18.680499,Interactive,1,1.75
547500,Ztly4IlziLkv/WCAorNWvE1HjN/3TqHmRGZsrNn24u0uuxkPbMoJLj66QFmYkHbu,6.14865,6.639958,7.526621,0,2591700,18.680499,Interactive,1,1.75
547800,Ztly4IlziLkv/WCAorNWvE1HjN/3TqHmRGZsrNn24u0uuxkPbMoJLj66QFmYkHbu,5.93003,7.105682000000001,12.937894,0,2591700,18.680499,Interactive,1,1.75
548100,Ztly4IlziLkv/WCAorNWvE1HjN/3TqHmRGZsrNn24u0uuxkPbMoJLj66QFmYkHbu,6.227115,6.695233,8.015367999999999,0,2591700,18.680499,Interactive,1,1.75
548400,Ztly4IlziLkv/WCAorNWvE1HjN/3TqHmRGZsrNn24u0uuxkPbMoJLj66QFmYkHbu,6.261391000000001,7.042669999999999,10.846389,0,2591700,18.680499,Interactive,1,1.75
548700,Ztly4IlziLkv/WCAorNWvE1HjN/3TqHmRGZsrNn24u0uuxkPbMoJLj66QFmYkHbu,5.978805,7.251469,11.01594,0,2591700,18.680499,Interactive,1,1.75
549000,Ztly4IlziLkv/WCAorNWvE1HjN/3TqHmRGZsrNn24u0uuxkPbMoJLj66QFmYkHbu,6.179075,7.235809,13.633026,0,2591700,18.680499,Interactive,1,1.75
549300,Ztly4IlziLkv/WCAorNWvE1HjN/3TqHmRGZsrNn24u0uuxkPbMoJLj66QFmYkHbu,6.229405,7.04609,10.84388,0,2591700,18.680499,Interactive,1,1.75
549600,Ztly4IlziLkv/WCAorNWvE1HjN/3TqHmRGZsrNn24u0uuxkPbMoJLj66QFmYkHbu,6.053763,6.585481,7.787101,0,2591700,18.680499,Interactive,1,1.75
549900,Ztly4IlziLkv/WCAorNWvE1HjN/3TqHmRGZsrNn24u0uuxkPbMoJLj66QFmYkHbu,6.284413,7.039169,10.634304,0,2591700,18.680499,Interactive,1,1.75
550200,Ztly4IlziLkv/WCAorNWvE1HjN/3TqHmRGZsrNn24u0uuxkPbMoJLj66QFmYkHbu,6.128819999999999,6.554092,7.485192999999999,0,2591700,18.680499,Interactive,1,1.75
550500,Ztly4IlziLkv/WCAorNWvE1HjN/3TqHmRGZsrNn24u0uuxkPbMoJLj66QFmYkHbu,5.979268,6.921574000000001,10.98848,0,2591700,18.680499,Interactive,1,1.75
550800,Ztly4IlziLkv/WCAorNWvE1HjN/3TqHmRGZsrNn24u0uuxkPbMoJLj66QFmYkHbu,6.299316999999999,6.676946000000001,8.135709,0,2591700,18.680499,Interactive,1,1.75
551100,Ztly4IlziLkv/WCAorNWvE1HjN/3TqHmRGZsrNn24u0uuxkPbMoJLj66QFmYkHbu,6.211776,6.993345,10.611965,0,2591700,18.680499,Interactive,1,1.75
551400,Ztly4IlziLkv/WCAorNWvE1HjN/3TqHmRGZsrNn24u0uuxkPbMoJLj66QFmYkHbu,6.087499,6.999279,10.844155,0,2591700,18.680499,Interactive,1,1.75
551700,Ztly4IlziLkv/WCAorNWvE1HjN/3TqHmRGZsrNn24u0uuxkPbMoJLj66QFmYkHbu,5.903436,6.705374000000001,7.916111999999999,0,2591700,18.680499,Interactive,1,1.75
552000,Ztly4IlziLkv/WCAorNWvE1HjN/3TqHmRGZsrNn24u0uuxkPbMoJLj66QFmYkHbu,6.059745,6.942887,10.724501,0,2591700,18.680499,Interactive,1,1.75
552300,Ztly4IlziLkv/WCAorNWvE1HjN/3TqHmRGZsrNn24u0uuxkPbMoJLj66QFmYkHbu,5.700096,6.644507000000001,8.29932,0,2591700,18.680499,Interactive,1,1.75
552600,Ztly4IlziLkv/WCAorNWvE1HjN/3TqHmRGZsrNn24u0uuxkPbMoJLj66QFmYkHbu,5.890743,7.418951,14.934829999999998,0,2591700,18.680499,Interactive,1,1.75
552900,Ztly4IlziLkv/WCAorNWvE1HjN/3TqHmRGZsrNn24u0uuxkPbMoJLj66QFmYkHbu,5.88358,6.501713,7.268449,0,2591700,18.680499,Interactive,1,1.75
553200,Ztly4IlziLkv/WCAorNWvE1HjN/3TqHmRGZsrNn24u0uuxkPbMoJLj66QFmYkHbu,5.965656,6.838063000000001,10.787854,0,2591700,18.680499,Interactive,1,1.75
553500,Ztly4IlziLkv/WCAorNWvE1HjN/3TqHmRGZsrNn24u0uuxkPbMoJLj66QFmYkHbu,5.860329,6.6676020000000005,7.965535000000001,0,2591700,18.680499,Interactive,1,1.75
553800,Ztly4IlziLkv/WCAorNWvE1HjN/3TqHmRGZsrNn24u0uuxkPbMoJLj66QFmYkHbu,5.96382,6.965669,10.77363,0,2591700,18.680499,Interactive,1,1.75
554100,Ztly4IlziLkv/WCAorNWvE1HjN/3TqHmRGZsrNn24u0uuxkPbMoJLj66QFmYkHbu,6.03086,7.003551,10.627401,0,2591700,18.680499,Interactive,1,1.75
554400,Ztly4IlziLkv/WCAorNWvE1HjN/3TqHmRGZsrNn24u0uuxkPbMoJLj66QFmYkHbu,5.927464,6.680988,8.101996,0,2591700,18.680499,Interactive,1,1.75
554700,Ztly4IlziLkv/WCAorNWvE1HjN/3TqHmRGZsrNn24u0uuxkPbMoJLj66QFmYkHbu,6.0178720000000006,7.092938,10.795347,0,2591700,18.680499,Interactive,1,1.75
555000,Ztly4IlziLkv/WCAorNWvE1HjN/3TqHmRGZsrNn24u0uuxkPbMoJLj66QFmYkHbu,5.990217,6.558125,7.797399,0,2591700,18.680499,Interactive,1,1.75
555300,Ztly4IlziLkv/WCAorNWvE1HjN/3TqHmRGZsrNn24u0uuxkPbMoJLj66QFmYkHbu,5.923361,7.085791,10.431427,0,2591700,18.680499,Interactive,1,1.75
555600,Ztly4IlziLkv/WCAorNWvE1HjN/3TqHmRGZsrNn24u0uuxkPbMoJLj66QFmYkHbu,5.874879,6.530574,7.282230999999999,0,2591700,18.680499,Interactive,1,1.75
555900,Ztly4IlziLkv/WCAorNWvE1HjN/3TqHmRGZsrNn24u0uuxkPbMoJLj66QFmYkHbu,5.998871,7.107589,11.146791,0,2591700,18.680499,Interactive,1,1.75
556200,Ztly4IlziLkv/WCAorNWvE1HjN/3TqHmRGZsrNn24u0uuxkPbMoJLj66QFmYkHbu,5.963644,7.746026,12.146514,0,2591700,18.680499,Interactive,1,1.75
556500,Ztly4IlziLkv/WCAorNWvE1HjN/3TqHmRGZsrNn24u0uuxkPbMoJLj66QFmYkHbu,5.813923,7.296016000000001,13.606322,0,2591700,18.680499,Interactive,1,1.75
556800,Ztly4IlziLkv/WCAorNWvE1HjN/3TqHmRGZsrNn24u0uuxkPbMoJLj66QFmYkHbu,6.132979,7.631616999999999,16.280125,0,2591700,18.680499,Interactive,1,1.75
557100,Ztly4IlziLkv/WCAorNWvE1HjN/3TqHmRGZsrNn24u0uuxkPbMoJLj66QFmYkHbu,5.902621,6.620987,7.949919,0,2591700,18.680499,Interactive,1,1.75
557400,Ztly4IlziLkv/WCAorNWvE1HjN/3TqHmRGZsrNn24u0uuxkPbMoJLj66QFmYkHbu,5.915431,7.706026,17.823235,0,2591700,18.680499,Interactive,1,1.75
557700,Ztly4IlziLkv/WCAorNWvE1HjN/3TqHmRGZsrNn24u0uuxkPbMoJLj66QFmYkHbu,5.815691,6.529793,7.596516999999999,0,2591700,18.680499,Interactive,1,1.75
558000,Ztly4IlziLkv/WCAorNWvE1HjN/3TqHmRGZsrNn24u0uuxkPbMoJLj66QFmYkHbu,5.949267,7.9274,19.111871,0,2591700,18.680499,Interactive,1,1.75
558300,Ztly4IlziLkv/WCAorNWvE1HjN/3TqHmRGZsrNn24u0uuxkPbMoJLj66QFmYkHbu,5.865428,6.582921000000001,7.518561,0,2591700,18.680499,Interactive,1,1.75
558600,Ztly4IlziLkv/WCAorNWvE1HjN/3TqHmRGZsrNn24u0uuxkPbMoJLj66QFmYkHbu,5.76582,7.751314999999999,20.032941,0,2591700,18.680499,Interactive,1,1.75
558900,Ztly4IlziLkv/WCAorNWvE1HjN/3TqHmRGZsrNn24u0uuxkPbMoJLj66QFmYkHbu,6.069324,6.776422,7.570355,0,2591700,18.680499,Interactive,1,1.75
559200,Ztly4IlziLkv/WCAorNWvE1HjN/3TqHmRGZsrNn24u0uuxkPbMoJLj66QFmYkHbu,6.283594,7.899961,19.020967,0,2591700,18.680499,Interactive,1,1.75
559500,Ztly4IlziLkv/WCAorNWvE1HjN/3TqHmRGZsrNn24u0uuxkPbMoJLj66QFmYkHbu,5.9901800000000005,7.824219999999999,16.7737,0,2591700,18.680499,Interactive,1,1.75
559800,Ztly4IlziLkv/WCAorNWvE1HjN/3TqHmRGZsrNn24u0uuxkPbMoJLj66QFmYkHbu,5.98615,7.328717999999999,12.992596,0,2591700,18.680499,Interactive,1,1.75
560100,Ztly4IlziLkv/WCAorNWvE1HjN/3TqHmRGZsrNn24u0uuxkPbMoJLj66QFmYkHbu,5.892651,7.259378,14.043629,0,2591700,18.680499,Interactive,1,1.75
560400,Ztly4IlziLkv/WCAorNWvE1HjN/3TqHmRGZsrNn24u0uuxkPbMoJLj66QFmYkHbu,6.010408,6.482746,7.460128999999999,0,2591700,18.680499,Interactive,1,1.75
560700,Ztly4IlziLkv/WCAorNWvE1HjN/3TqHmRGZsrNn24u0uuxkPbMoJLj66QFmYkHbu,5.98781,7.344671000000001,13.637151,0,2591700,18.680499,Interactive,1,1.75
561000,Ztly4IlziLkv/WCAorNWvE1HjN/3TqHmRGZsrNn24u0uuxkPbMoJLj66QFmYkHbu,6.122997,6.5069360000000005,7.177882,0,2591700,18.680499,Interactive,1,1.75
561300,Ztly4IlziLkv/WCAorNWvE1HjN/3TqHmRGZsrNn24u0uuxkPbMoJLj66QFmYkHbu,6.048906,7.238308999999999,10.888351,0,2591700,18.680499,Interactive,1,1.75
561600,Ztly4IlziLkv/WCAorNWvE1HjN/3TqHmRGZsrNn24u0uuxkPbMoJLj66QFmYkHbu,6.21664,6.629426,7.579346000000001,0,2591700,18.680499,Interactive,1,1.75
561900,Ztly4IlziLkv/WCAorNWvE1HjN/3TqHmRGZsrNn24u0uuxkPbMoJLj66QFmYkHbu,6.166117,7.009574000000001,10.302673,0,2591700,18.680499,Interactive,1,1.75
562200,Ztly4IlziLkv/WCAorNWvE1HjN/3TqHmRGZsrNn24u0uuxkPbMoJLj66QFmYkHbu,6.080225,7.004827000000001,11.463501,0,2591700,18.680499,Interactive,1,1.75
562500,Ztly4IlziLkv/WCAorNWvE1HjN/3TqHmRGZsrNn24u0uuxkPbMoJLj66QFmYkHbu,6.0781540000000005,6.655175,7.795960000000001,0,2591700,18.680499,Interactive,1,1.75
562800,Ztly4IlziLkv/WCAorNWvE1HjN/3TqHmRGZsrNn24u0uuxkPbMoJLj66QFmYkHbu,5.911759,6.993703999999999,11.809049,0,2591700,18.680499,Interactive,1,1.75
563100,Ztly4IlziLkv/WCAorNWvE1HjN/3TqHmRGZsrNn24u0uuxkPbMoJLj66QFmYkHbu,5.981508,6.723714999999999,8.038151,0,2591700,18.680499,Interactive,1,1.75
563400,Ztly4IlziLkv/WCAorNWvE1HjN/3TqHmRGZsrNn24u0uuxkPbMoJLj66QFmYkHbu,6.302403,7.722026,12.917331,0,2591700,18.680499,Interactive,1,1.75
563700,Ztly4IlziLkv/WCAorNWvE1HjN/3TqHmRGZsrNn24u0uuxkPbMoJLj66QFmYkHbu,5.885294,6.562692,7.940478999999999,0,2591700,18.680499,Interactive,1,1.75
564000,Ztly4IlziLkv/WCAorNWvE1HjN/3TqHmRGZsrNn24u0uuxkPbMoJLj66QFmYkHbu,6.072714,6.779748,10.340895,0,2591700,18.680499,Interactive,1,1.75
564300,Ztly4IlziLkv/WCAorNWvE1HjN/3TqHmRGZsrNn24u0uuxkPbMoJLj66QFmYkHbu,6.171812,6.574032000000001,7.711492999999999,0,2591700,18.680499,Interactive,1,1.75
564600,Ztly4IlziLkv/WCAorNWvE1HjN/3TqHmRGZsrNn24u0uuxkPbMoJLj66QFmYkHbu,5.986843,7.421889,11.780526,0,2591700,18.680499,Interactive,1,1.75
564900,Ztly4IlziLkv/WCAorNWvE1HjN/3TqHmRGZsrNn24u0uuxkPbMoJLj66QFmYkHbu,6.246792,7.147628,11.637793,0,2591700,18.680499,Interactive,1,1.75
565200,Ztly4IlziLkv/WCAorNWvE1HjN/3TqHmRGZsrNn24u0uuxkPbMoJLj66QFmYkHbu,6.125413,6.629913,7.648923,0,2591700,18.680499,Interactive,1,1.75
565500,Ztly4IlziLkv/WCAorNWvE1HjN/3TqHmRGZsrNn24u0uuxkPbMoJLj66QFmYkHbu,6.184598,7.087386,10.384493,0,2591700,18.680499,Interactive,1,1.75
565800,Ztly4IlziLkv/WCAorNWvE1HjN/3TqHmRGZsrNn24u0uuxkPbMoJLj66QFmYkHbu,6.148328,6.473884,7.27128,0,2591700,18.680499,Interactive,1,1.75
566100,Ztly4IlziLkv/WCAorNWvE1HjN/3TqHmRGZsrNn24u0uuxkPbMoJLj66QFmYkHbu,6.421607,7.101739,10.186448,0,2591700,18.680499,Interactive,1,1.75
566400,Ztly4IlziLkv/WCAorNWvE1HjN/3TqHmRGZsrNn24u0uuxkPbMoJLj66QFmYkHbu,5.933762000000001,6.581289,7.515555,0,2591700,18.680499,Interactive,1,1.75
566700,Ztly4IlziLkv/WCAorNWvE1HjN/3TqHmRGZsrNn24u0uuxkPbMoJLj66QFmYkHbu,6.004971,7.015428,10.302855,0,2591700,18.680499,Interactive,1,1.75
567000,Ztly4IlziLkv/WCAorNWvE1HjN/3TqHmRGZsrNn24u0uuxkPbMoJLj66QFmYkHbu,6.2734,7.334921,12.913208,0,2591700,18.680499,Interactive,1,1.75
567300,Ztly4IlziLkv/WCAorNWvE1HjN/3TqHmRGZsrNn24u0uuxkPbMoJLj66QFmYkHbu,6.1132550000000005,7.137002000000001,11.395295,0,2591700,18.680499,Interactive,1,1.75
567600,Ztly4IlziLkv/WCAorNWvE1HjN/3TqHmRGZsrNn24u0uuxkPbMoJLj66QFmYkHbu,6.200021,7.038791000000001,11.157604,0,2591700,18.680499,Interactive,1,1.75
567900,Ztly4IlziLkv/WCAorNWvE1HjN/3TqHmRGZsrNn24u0uuxkPbMoJLj66QFmYkHbu,5.975384,6.652145,8.141063,0,2591700,18.680499,Interactive,1,1.75
568200,Ztly4IlziLkv/WCAorNWvE1HjN/3TqHmRGZsrNn24u0uuxkPbMoJLj66QFmYkHbu,6.029911,7.087606,11.306274,0,2591700,18.680499,Interactive,1,1.75
568500,Ztly4IlziLkv/WCAorNWvE1HjN/3TqHmRGZsrNn24u0uuxkPbMoJLj66QFmYkHbu,5.995792,6.4879690000000005,7.430122,0,2591700,18.680499,Interactive,1,1.75
568800,Ztly4IlziLkv/WCAorNWvE1HjN/3TqHmRGZsrNn24u0uuxkPbMoJLj66QFmYkHbu,6.337181,7.219996000000001,11.852588,0,2591700,18.680499,Interactive,1,1.75
569100,Ztly4IlziLkv/WCAorNWvE1HjN/3TqHmRGZsrNn24u0uuxkPbMoJLj66QFmYkHbu,5.932392,6.616259,8.048677,0,2591700,18.680499,Interactive,1,1.75
569400,Ztly4IlziLkv/WCAorNWvE1HjN/3TqHmRGZsrNn24u0uuxkPbMoJLj66QFmYkHbu,6.064044,6.875928999999999,10.732016,0,2591700,18.680499,Interactive,1,1.75
569700,Ztly4IlziLkv/WCAorNWvE1HjN/3TqHmRGZsrNn24u0uuxkPbMoJLj66QFmYkHbu,6.068357,6.63877,7.590292,0,2591700,18.680499,Interactive,1,1.75
570000,Ztly4IlziLkv/WCAorNWvE1HjN/3TqHmRGZsrNn24u0uuxkPbMoJLj66QFmYkHbu,5.888317,7.003761999999999,10.998474,0,2591700,18.680499,Interactive,1,1.75
570300,Ztly4IlziLkv/WCAorNWvE1HjN/3TqHmRGZsrNn24u0uuxkPbMoJLj66QFmYkHbu,5.895944999999999,7.266642,11.25239,0,2591700,18.680499,Interactive,1,1.75
570600,Ztly4IlziLkv/WCAorNWvE1HjN/3TqHmRGZsrNn24u0uuxkPbMoJLj66QFmYkHbu,5.990285,7.276244,13.081271,0,2591700,18.680499,Interactive,1,1.75
570900,Ztly4IlziLkv/WCAorNWvE1HjN/3TqHmRGZsrNn24u0uuxkPbMoJLj66QFmYkHbu,5.763733,7.15505,12.543472,0,2591700,18.680499,Interactive,1,1.75
571200,Ztly4IlziLkv/WCAorNWvE1HjN/3TqHmRGZsrNn24u0uuxkPbMoJLj66QFmYkHbu,6.023687000000001,6.494818,6.881378999999999,0,2591700,18.680499,Interactive,1,1.75
571500,Ztly4IlziLkv/WCAorNWvE1HjN/3TqHmRGZsrNn24u0uuxkPbMoJLj66QFmYkHbu,5.952936,7.061972,10.837503,0,2591700,18.680499,Interactive,1,1.75
571800,Ztly4IlziLkv/WCAorNWvE1HjN/3TqHmRGZsrNn24u0uuxkPbMoJLj66QFmYkHbu,5.910393,6.564827999999999,7.233917,0,2591700,18.680499,Interactive,1,1.75
572100,Ztly4IlziLkv/WCAorNWvE1HjN/3TqHmRGZsrNn24u0uuxkPbMoJLj66QFmYkHbu,6.046653,6.897875,10.445013,0,2591700,18.680499,Interactive,1,1.75
572400,Ztly4IlziLkv/WCAorNWvE1HjN/3TqHmRGZsrNn24u0uuxkPbMoJLj66QFmYkHbu,6.056677,6.649024000000001,7.425534,0,2591700,18.680499,Interactive,1,1.75
572700,Ztly4IlziLkv/WCAorNWvE1HjN/3TqHmRGZsrNn24u0uuxkPbMoJLj66QFmYkHbu,5.849732,7.272711999999999,13.273938,0,2591700,18.680499,Interactive,1,1.75
573000,Ztly4IlziLkv/WCAorNWvE1HjN/3TqHmRGZsrNn24u0uuxkPbMoJLj66QFmYkHbu,5.987957,6.641850999999999,7.38421,0,2591700,18.680499,Interactive,1,1.75
573300,Ztly4IlziLkv/WCAorNWvE1HjN/3TqHmRGZsrNn24u0uuxkPbMoJLj66QFmYkHbu,4.674321,6.482171,7.332685000000001,0,2591700,18.680499,Interactive,1,1.75
573600,Ztly4IlziLkv/WCAorNWvE1HjN/3TqHmRGZsrNn24u0uuxkPbMoJLj66QFmYkHbu,3.747352,6.320512,7.252339999999999,0,2591700,18.680499,Interactive,1,1.75
573900,Ztly4IlziLkv/WCAorNWvE1HjN/3TqHmRGZsrNn24u0uuxkPbMoJLj66QFmYkHbu,5.92317,6.794650999999999,8.351061,0,2591700,18.680499,Interactive,1,1.75
574200,Ztly4IlziLkv/WCAorNWvE1HjN/3TqHmRGZsrNn24u0uuxkPbMoJLj66QFmYkHbu,4.946917,6.520589,7.312819999999999,0,2591700,18.680499,Interactive,1,1.75
574500,Ztly4IlziLkv/WCAorNWvE1HjN/3TqHmRGZsrNn24u0uuxkPbMoJLj66QFmYkHbu,6.087301,6.971847,9.760112,0,2591700,18.680499,Interactive,1,1.75
574800,Ztly4IlziLkv/WCAorNWvE1HjN/3TqHmRGZsrNn24u0uuxkPbMoJLj66QFmYkHbu,4.622276,6.444539,7.135975,0,2591700,18.680499,Interactive,1,1.75
575100,Ztly4IlziLkv/WCAorNWvE1HjN/3TqHmRGZsrNn24u0uuxkPbMoJLj66QFmYkHbu,5.960006,6.644767999999999,7.405208,0,2591700,18.680499,Interactive,1,1.75
575400,Ztly4IlziLkv/WCAorNWvE1HjN/3TqHmRGZsrNn24u0uuxkPbMoJLj66QFmYkHbu,6.088687,7.98879,15.734713,0,2591700,18.680499,Interactive,1,1.75
575700,Ztly4IlziLkv/WCAorNWvE1HjN/3TqHmRGZsrNn24u0uuxkPbMoJLj66QFmYkHbu,6.010079,6.662019,7.431828,0,2591700,18.680499,Interactive,1,1.75
576000,Ztly4IlziLkv/WCAorNWvE1HjN/3TqHmRGZsrNn24u0uuxkPbMoJLj66QFmYkHbu,4.197085,6.412701,7.287692,0,2591700,18.680499,Interactive,1,1.75
576300,Ztly4IlziLkv/WCAorNWvE1HjN/3TqHmRGZsrNn24u0uuxkPbMoJLj66QFmYkHbu,4.160095,6.423741000000001,7.680142,0,2591700,18.680499,Interactive,1,1.75
576600,Ztly4IlziLkv/WCAorNWvE1HjN/3TqHmRGZsrNn24u0uuxkPbMoJLj66QFmYkHbu,5.867916999999999,6.586867,6.989566,0,2591700,18.680499,Interactive,1,1.75
576900,Ztly4IlziLkv/WCAorNWvE1HjN/3TqHmRGZsrNn24u0uuxkPbMoJLj66QFmYkHbu,5.18182,6.6215720000000005,7.509633,0,2591700,18.680499,Interactive,1,1.75
577200,Ztly4IlziLkv/WCAorNWvE1HjN/3TqHmRGZsrNn24u0uuxkPbMoJLj66QFmYkHbu,5.779441,6.426096,7.248394999999999,0,2591700,18.680499,Interactive,1,1.75
577500,Ztly4IlziLkv/WCAorNWvE1HjN/3TqHmRGZsrNn24u0uuxkPbMoJLj66QFmYkHbu,5.765973000000001,6.757086,8.438485,0,2591700,18.680499,Interactive,1,1.75
577800,Ztly4IlziLkv/WCAorNWvE1HjN/3TqHmRGZsrNn24u0uuxkPbMoJLj66QFmYkHbu,6.024833999999999,7.323808,12.873663,0,2591700,18.680499,Interactive,1,1.75
578100,Ztly4IlziLkv/WCAorNWvE1HjN/3TqHmRGZsrNn24u0uuxkPbMoJLj66QFmYkHbu,5.955685,7.219208999999999,13.217134,0,2591700,18.680499,Interactive,1,1.75
578400,Ztly4IlziLkv/WCAorNWvE1HjN/3TqHmRGZsrNn24u0uuxkPbMoJLj66QFmYkHbu,5.787297,6.556323,8.109227,0,2591700,18.680499,Interactive,1,1.75
578700,Ztly4IlziLkv/WCAorNWvE1HjN/3TqHmRGZsrNn24u0uuxkPbMoJLj66QFmYkHbu,3.929532,6.228578,7.536225999999999,0,2591700,18.680499,Interactive,1,1.75
579000,Ztly4IlziLkv/WCAorNWvE1HjN/3TqHmRGZsrNn24u0uuxkPbMoJLj66QFmYkHbu,3.909491000000001,6.389695,7.773063,0,2591700,18.680499,Interactive,1,1.75
579300,Ztly4IlziLkv/WCAorNWvE1HjN/3TqHmRGZsrNn24u0uuxkPbMoJLj66QFmYkHbu,6.240593,6.59887,7.342925,0,2591700,18.680499,Interactive,1,1.75
579600,Ztly4IlziLkv/WCAorNWvE1HjN/3TqHmRGZsrNn24u0uuxkPbMoJLj66QFmYkHbu,5.953601,6.571376,7.679850999999999,0,2591700,18.680499,Interactive,1,1.75
579900,Ztly4IlziLkv/WCAorNWvE1HjN/3TqHmRGZsrNn24u0uuxkPbMoJLj66QFmYkHbu,6.170133,6.729480000000001,7.684539,0,2591700,18.680499,Interactive,1,1.75
580200,Ztly4IlziLkv/WCAorNWvE1HjN/3TqHmRGZsrNn24u0uuxkPbMoJLj66QFmYkHbu,4.556369999999999,6.439314,7.582338,0,2591700,18.680499,Interactive,1,1.75
580500,Ztly4IlziLkv/WCAorNWvE1HjN/3TqHmRGZsrNn24u0uuxkPbMoJLj66QFmYkHbu,6.110924,7.083558,11.62617,0,2591700,18.680499,Interactive,1,1.75
580800,Ztly4IlziLkv/WCAorNWvE1HjN/3TqHmRGZsrNn24u0uuxkPbMoJLj66QFmYkHbu,6.079127,7.260496000000001,13.08843,0,2591700,18.680499,Interactive,1,1.75
581100,Ztly4IlziLkv/WCAorNWvE1HjN/3TqHmRGZsrNn24u0uuxkPbMoJLj66QFmYkHbu,5.918282,6.692098,7.915849000000001,0,2591700,18.680499,Interactive,1,1.75
581400,Ztly4IlziLkv/WCAorNWvE1HjN/3TqHmRGZsrNn24u0uuxkPbMoJLj66QFmYkHbu,3.871188,6.854561,12.930912,0,2591700,18.680499,Interactive,1,1.75
581700,Ztly4IlziLkv/WCAorNWvE1HjN/3TqHmRGZsrNn24u0uuxkPbMoJLj66QFmYkHbu,4.701866000000001,6.430867,7.709011,0,2591700,18.680499,Interactive,1,1.75
582000,Ztly4IlziLkv/WCAorNWvE1HjN/3TqHmRGZsrNn24u0uuxkPbMoJLj66QFmYkHbu,6.132613,6.583581,7.400823,0,2591700,18.680499,Interactive,1,1.75
582300,Ztly4IlziLkv/WCAorNWvE1HjN/3TqHmRGZsrNn24u0uuxkPbMoJLj66QFmYkHbu,5.047905,6.54955,7.747008999999999,0,2591700,18.680499,Interactive,1,1.75
582600,Ztly4IlziLkv/WCAorNWvE1HjN/3TqHmRGZsrNn24u0uuxkPbMoJLj66QFmYkHbu,6.123774,6.645846000000001,7.528208,0,2591700,18.680499,Interactive,1,1.75
582900,Ztly4IlziLkv/WCAorNWvE1HjN/3TqHmRGZsrNn24u0uuxkPbMoJLj66QFmYkHbu,4.560958,6.406613,7.505607,0,2591700,18.680499,Interactive,1,1.75
583200,Ztly4IlziLkv/WCAorNWvE1HjN/3TqHmRGZsrNn24u0uuxkPbMoJLj66QFmYkHbu,5.797746,6.549528,7.459612,0,2591700,18.680499,Interactive,1,1.75
583500,Ztly4IlziLkv/WCAorNWvE1HjN/3TqHmRGZsrNn24u0uuxkPbMoJLj66QFmYkHbu,6.009476,7.230333,12.990538,0,2591700,18.680499,Interactive,1,1.75
583800,Ztly4IlziLkv/WCAorNWvE1HjN/3TqHmRGZsrNn24u0uuxkPbMoJLj66QFmYkHbu,6.153503,6.558077000000001,7.481677,0,2591700,18.680499,Interactive,1,1.75
584100,Ztly4IlziLkv/WCAorNWvE1HjN/3TqHmRGZsrNn24u0uuxkPbMoJLj66QFmYkHbu,6.027945,9.782707,39.485278,0,2591700,18.680499,Interactive,1,1.75
584400,Ztly4IlziLkv/WCAorNWvE1HjN/3TqHmRGZsrNn24u0uuxkPbMoJLj66QFmYkHbu,4.054117,6.283713,7.345236999999999,0,2591700,18.680499,Interactive,1,1.75
584700,Ztly4IlziLkv/WCAorNWvE1HjN/3TqHmRGZsrNn24u0uuxkPbMoJLj66QFmYkHbu,6.083413,6.726997,8.017339,0,2591700,18.680499,Interactive,1,1.75
585000,Ztly4IlziLkv/WCAorNWvE1HjN/3TqHmRGZsrNn24u0uuxkPbMoJLj66QFmYkHbu,6.229648,7.042925,10.122365,0,2591700,18.680499,Interactive,1,1.75
585300,Ztly4IlziLkv/WCAorNWvE1HjN/3TqHmRGZsrNn24u0uuxkPbMoJLj66QFmYkHbu,5.966881,6.604819,7.386446,0,2591700,18.680499,Interactive,1,1.75
585600,Ztly4IlziLkv/WCAorNWvE1HjN/3TqHmRGZsrNn24u0uuxkPbMoJLj66QFmYkHbu,4.518246,6.420135,7.621753999999999,0,2591700,18.680499,Interactive,1,1.75
585900,Ztly4IlziLkv/WCAorNWvE1HjN/3TqHmRGZsrNn24u0uuxkPbMoJLj66QFmYkHbu,6.219037999999999,6.707531,7.672698,0,2591700,18.680499,Interactive,1,1.75
586200,Ztly4IlziLkv/WCAorNWvE1HjN/3TqHmRGZsrNn24u0uuxkPbMoJLj66QFmYkHbu,5.750061,7.316231,14.34239,0,2591700,18.680499,Interactive,1,1.75
586500,Ztly4IlziLkv/WCAorNWvE1HjN/3TqHmRGZsrNn24u0uuxkPbMoJLj66QFmYkHbu,6.038001,6.589447,7.692283,0,2591700,18.680499,Interactive,1,1.75
586800,Ztly4IlziLkv/WCAorNWvE1HjN/3TqHmRGZsrNn24u0uuxkPbMoJLj66QFmYkHbu,4.443226999999999,6.494765,7.602233999999999,0,2591700,18.680499,Interactive,1,1.75
587100,Ztly4IlziLkv/WCAorNWvE1HjN/3TqHmRGZsrNn24u0uuxkPbMoJLj66QFmYkHbu,4.009526999999999,6.381649,7.23943,0,2591700,18.680499,Interactive,1,1.75
587400,Ztly4IlziLkv/WCAorNWvE1HjN/3TqHmRGZsrNn24u0uuxkPbMoJLj66QFmYkHbu,5.815887,6.502187,7.286678,0,2591700,18.680499,Interactive,1,1.75
587700,Ztly4IlziLkv/WCAorNWvE1HjN/3TqHmRGZsrNn24u0uuxkPbMoJLj66QFmYkHbu,4.765687000000001,6.5608960000000005,7.599042,0,2591700,18.680499,Interactive,1,1.75
588000,Ztly4IlziLkv/WCAorNWvE1HjN/3TqHmRGZsrNn24u0uuxkPbMoJLj66QFmYkHbu,5.834701,6.621232000000001,7.297246,0,2591700,18.680499,Interactive,1,1.75
588300,Ztly4IlziLkv/WCAorNWvE1HjN/3TqHmRGZsrNn24u0uuxkPbMoJLj66QFmYkHbu,4.583044,6.513251,8.617894999999999,0,2591700,18.680499,Interactive,1,1.75
588600,Ztly4IlziLkv/WCAorNWvE1HjN/3TqHmRGZsrNn24u0uuxkPbMoJLj66QFmYkHbu,6.061318,7.364321,13.185467,0,2591700,18.680499,Interactive,1,1.75
588900,Ztly4IlziLkv/WCAorNWvE1HjN/3TqHmRGZsrNn24u0uuxkPbMoJLj66QFmYkHbu,5.852332,7.674038,13.44246,0,2591700,18.680499,Interactive,1,1.75
589200,Ztly4IlziLkv/WCAorNWvE1HjN/3TqHmRGZsrNn24u0uuxkPbMoJLj66QFmYkHbu,5.865765000000001,6.586925999999999,7.377949,0,2591700,18.680499,Interactive,1,1.75
589500,Ztly4IlziLkv/WCAorNWvE1HjN/3TqHmRGZsrNn24u0uuxkPbMoJLj66QFmYkHbu,3.844089,6.34112,7.309034,0,2591700,18.680499,Interactive,1,1.75
589800,Ztly4IlziLkv/WCAorNWvE1HjN/3TqHmRGZsrNn24u0uuxkPbMoJLj66QFmYkHbu,3.743334,6.3219080000000005,7.183095,0,2591700,18.680499,Interactive,1,1.75
590100,Ztly4IlziLkv/WCAorNWvE1HjN/3TqHmRGZsrNn24u0uuxkPbMoJLj66QFmYkHbu,5.959372,6.526974,7.136479,0,2591700,18.680499,Interactive,1,1.75
590400,Ztly4IlziLkv/WCAorNWvE1HjN/3TqHmRGZsrNn24u0uuxkPbMoJLj66QFmYkHbu,5.307505,6.455292,7.482908,0,2591700,18.680499,Interactive,1,1.75
590700,Ztly4IlziLkv/WCAorNWvE1HjN/3TqHmRGZsrNn24u0uuxkPbMoJLj66QFmYkHbu,6.025788,6.636758,7.832178,0,2591700,18.680499,Interactive,1,1.75
591000,Ztly4IlziLkv/WCAorNWvE1HjN/3TqHmRGZsrNn24u0uuxkPbMoJLj66QFmYkHbu,5.834807,6.39125,7.823213000000001,0,2591700,18.680499,Interactive,1,1.75
591300,Ztly4IlziLkv/WCAorNWvE1HjN/3TqHmRGZsrNn24u0uuxkPbMoJLj66QFmYkHbu,5.8712800000000005,6.595697,7.391406,0,2591700,18.680499,Interactive,1,1.75
591600,Ztly4IlziLkv/WCAorNWvE1HjN/3TqHmRGZsrNn24u0uuxkPbMoJLj66QFmYkHbu,5.7285900000000005,7.024252000000001,12.886759,0,2591700,18.680499,Interactive,1,1.75
591900,Ztly4IlziLkv/WCAorNWvE1HjN/3TqHmRGZsrNn24u0uuxkPbMoJLj66QFmYkHbu,5.85976,6.729736999999999,9.407657,0,2591700,18.680499,Interactive,1,1.75
592200,Ztly4IlziLkv/WCAorNWvE1HjN/3TqHmRGZsrNn24u0uuxkPbMoJLj66QFmYkHbu,3.2862720000000003,7.002044000000001,13.651809,0,2591700,18.680499,Interactive,1,1.75
592500,Ztly4IlziLkv/WCAorNWvE1HjN/3TqHmRGZsrNn24u0uuxkPbMoJLj66QFmYkHbu,4.045293,6.345072,7.863647,0,2591700,18.680499,Interactive,1,1.75
592800,Ztly4IlziLkv/WCAorNWvE1HjN/3TqHmRGZsrNn24u0uuxkPbMoJLj66QFmYkHbu,5.878189,6.510145,7.998171000000001,0,2591700,18.680499,Interactive,1,1.75
593100,Ztly4IlziLkv/WCAorNWvE1HjN/3TqHmRGZsrNn24u0uuxkPbMoJLj66QFmYkHbu,4.181312999999999,6.4825230000000005,7.533739,0,2591700,18.680499,Interactive,1,1.75
593400,Ztly4IlziLkv/WCAorNWvE1HjN/3TqHmRGZsrNn24u0uuxkPbMoJLj66QFmYkHbu,6.183853,6.710595,7.880769,0,2591700,18.680499,Interactive,1,1.75
593700,Ztly4IlziLkv/WCAorNWvE1HjN/3TqHmRGZsrNn24u0uuxkPbMoJLj66QFmYkHbu,3.990308,6.38847,8.10704,0,2591700,18.680499,Interactive,1,1.75
594000,Ztly4IlziLkv/WCAorNWvE1HjN/3TqHmRGZsrNn24u0uuxkPbMoJLj66QFmYkHbu,6.072455000000001,6.620271000000001,7.361807000000001,0,2591700,18.680499,Interactive,1,1.75
594300,Ztly4IlziLkv/WCAorNWvE1HjN/3TqHmRGZsrNn24u0uuxkPbMoJLj66QFmYkHbu,6.001315,7.071698,12.494138,0,2591700,18.680499,Interactive,1,1.75
594600,Ztly4IlziLkv/WCAorNWvE1HjN/3TqHmRGZsrNn24u0uuxkPbMoJLj66QFmYkHbu,5.81015,6.422794000000001,7.679194,0,2591700,18.680499,Interactive,1,1.75
594900,Ztly4IlziLkv/WCAorNWvE1HjN/3TqHmRGZsrNn24u0uuxkPbMoJLj66QFmYkHbu,3.50761,6.193923000000001,7.315456,0,2591700,18.680499,Interactive,1,1.75
595200,Ztly4IlziLkv/WCAorNWvE1HjN/3TqHmRGZsrNn24u0uuxkPbMoJLj66QFmYkHbu,5.939541999999999,6.835861,9.627203,0,2591700,18.680499,Interactive,1,1.75
595500,Ztly4IlziLkv/WCAorNWvE1HjN/3TqHmRGZsrNn24u0uuxkPbMoJLj66QFmYkHbu,5.814888,6.642291,9.479667999999998,0,2591700,18.680499,Interactive,1,1.75
595800,Ztly4IlziLkv/WCAorNWvE1HjN/3TqHmRGZsrNn24u0uuxkPbMoJLj66QFmYkHbu,3.499575,6.378431,7.395397,0,2591700,18.680499,Interactive,1,1.75
596100,Ztly4IlziLkv/WCAorNWvE1HjN/3TqHmRGZsrNn24u0uuxkPbMoJLj66QFmYkHbu,6.071694,6.664698,7.527636,0,2591700,18.680499,Interactive,1,1.75
596400,Ztly4IlziLkv/WCAorNWvE1HjN/3TqHmRGZsrNn24u0uuxkPbMoJLj66QFmYkHbu,4.442771,6.406288,8.029499000000001,0,2591700,18.680499,Interactive,1,1.75
596700,Ztly4IlziLkv/WCAorNWvE1HjN/3TqHmRGZsrNn24u0uuxkPbMoJLj66QFmYkHbu,6.188775,6.709612,7.296917,0,2591700,18.680499,Interactive,1,1.75
597000,Ztly4IlziLkv/WCAorNWvE1HjN/3TqHmRGZsrNn24u0uuxkPbMoJLj66QFmYkHbu,5.9389970000000005,10.365327,41.604695,0,2591700,18.680499,Interactive,1,1.75
597300,Ztly4IlziLkv/WCAorNWvE1HjN/3TqHmRGZsrNn24u0uuxkPbMoJLj66QFmYkHbu,5.710354,6.570171,8.096036,0,2591700,18.680499,Interactive,1,1.75
597600,Ztly4IlziLkv/WCAorNWvE1HjN/3TqHmRGZsrNn24u0uuxkPbMoJLj66QFmYkHbu,3.416295,6.682297999999999,9.75508,0,2591700,18.680499,Interactive,1,1.75
597900,Ztly4IlziLkv/WCAorNWvE1HjN/3TqHmRGZsrNn24u0uuxkPbMoJLj66QFmYkHbu,3.5482089999999995,6.416676,8.515708,0,2591700,18.680499,Interactive,1,1.75
598200,Ztly4IlziLkv/WCAorNWvE1HjN/3TqHmRGZsrNn24u0uuxkPbMoJLj66QFmYkHbu,5.957294,6.576639,8.595837,0,2591700,18.680499,Interactive,1,1.75
598500,Ztly4IlziLkv/WCAorNWvE1HjN/3TqHmRGZsrNn24u0uuxkPbMoJLj66QFmYkHbu,3.4720370000000003,6.451728,8.076894,0,2591700,18.680499,Interactive,1,1.75
598800,Ztly4IlziLkv/WCAorNWvE1HjN/3TqHmRGZsrNn24u0uuxkPbMoJLj66QFmYkHbu,6.271481,6.650179,8.599222,0,2591700,18.680499,Interactive,1,1.75
599100,Ztly4IlziLkv/WCAorNWvE1HjN/3TqHmRGZsrNn24u0uuxkPbMoJLj66QFmYkHbu,4.100606,6.509032,8.927786,0,2591700,18.680499,Interactive,1,1.75
599400,Ztly4IlziLkv/WCAorNWvE1HjN/3TqHmRGZsrNn24u0uuxkPbMoJLj66QFmYkHbu,6.058012000000001,7.468134,13.220517,0,2591700,18.680499,Interactive,1,1.75
599700,Ztly4IlziLkv/WCAorNWvE1HjN/3TqHmRGZsrNn24u0uuxkPbMoJLj66QFmYkHbu,6.285971,7.342786,13.510494,0,2591700,18.680499,Interactive,1,1.75
600000,Ztly4IlziLkv/WCAorNWvE1HjN/3TqHmRGZsrNn24u0uuxkPbMoJLj66QFmYkHbu,5.916974,6.589509,8.326075999999999,0,2591700,18.680499,Interactive,1,1.75
600300,Ztly4IlziLkv/WCAorNWvE1HjN/3TqHmRGZsrNn24u0uuxkPbMoJLj66QFmYkHbu,3.315736,6.416493,8.200172,0,2591700,18.680499,Interactive,1,1.75
600600,Ztly4IlziLkv/WCAorNWvE1HjN/3TqHmRGZsrNn24u0uuxkPbMoJLj66QFmYkHbu,3.984493,6.490631,9.132888,0,2591700,18.680499,Interactive,1,1.75
600900,Ztly4IlziLkv/WCAorNWvE1HjN/3TqHmRGZsrNn24u0uuxkPbMoJLj66QFmYkHbu,5.907133,6.644987,8.638580000000001,0,2591700,18.680499,Interactive,1,1.75
601200,Ztly4IlziLkv/WCAorNWvE1HjN/3TqHmRGZsrNn24u0uuxkPbMoJLj66QFmYkHbu,5.741013,6.5844190000000005,8.205910000000001,0,2591700,18.680499,Interactive,1,1.75
601500,Ztly4IlziLkv/WCAorNWvE1HjN/3TqHmRGZsrNn24u0uuxkPbMoJLj66QFmYkHbu,6.260497,6.673277000000001,8.829524000000001,0,2591700,18.680499,Interactive,1,1.75
601800,Ztly4IlziLkv/WCAorNWvE1HjN/3TqHmRGZsrNn24u0uuxkPbMoJLj66QFmYkHbu,4.228699,6.365435,8.418264,0,2591700,18.680499,Interactive,1,1.75
602100,Ztly4IlziLkv/WCAorNWvE1HjN/3TqHmRGZsrNn24u0uuxkPbMoJLj66QFmYkHbu,6.232119,6.735022,8.167846,0,2591700,18.680499,Interactive,1,1.75
602400,Ztly4IlziLkv/WCAorNWvE1HjN/3TqHmRGZsrNn24u0uuxkPbMoJLj66QFmYkHbu,3.40327,6.11768,6.611704,0,2591700,18.680499,Interactive,1,1.75
602700,Ztly4IlziLkv/WCAorNWvE1HjN/3TqHmRGZsrNn24u0uuxkPbMoJLj66QFmYkHbu,6.073442,6.755512,8.653756,0,2591700,18.680499,Interactive,1,1.75
603000,Ztly4IlziLkv/WCAorNWvE1HjN/3TqHmRGZsrNn24u0uuxkPbMoJLj66QFmYkHbu,3.570234,7.535543,13.816491,0,2591700,18.680499,Interactive,1,1.75
603300,Ztly4IlziLkv/WCAorNWvE1HjN/3TqHmRGZsrNn24u0uuxkPbMoJLj66QFmYkHbu,4.986869,6.503801999999999,7.495725,0,2591700,18.680499,Interactive,1,1.75
603600,Ztly4IlziLkv/WCAorNWvE1HjN/3TqHmRGZsrNn24u0uuxkPbMoJLj66QFmYkHbu,5.93605,6.557391,7.54173,0,2591700,18.680499,Interactive,1,1.75
603900,Ztly4IlziLkv/WCAorNWvE1HjN/3TqHmRGZsrNn24u0uuxkPbMoJLj66QFmYkHbu,3.65681,6.439146,8.253994,0,2591700,18.680499,Interactive,1,1.75
604200,Ztly4IlziLkv/WCAorNWvE1HjN/3TqHmRGZsrNn24u0uuxkPbMoJLj66QFmYkHbu,5.860869,6.773372,9.332152,0,2591700,18.680499,Interactive,1,1.75
604500,Ztly4IlziLkv/WCAorNWvE1HjN/3TqHmRGZsrNn24u0uuxkPbMoJLj66QFmYkHbu,5.688692,6.820169,9.915835,0,2591700,18.680499,Interactive,1,1.75
604800,Ztly4IlziLkv/WCAorNWvE1HjN/3TqHmRGZsrNn24u0uuxkPbMoJLj66QFmYkHbu,5.898747,6.56342,7.280739,0,2591700,18.680499,Interactive,1,1.75
605100,Ztly4IlziLkv/WCAorNWvE1HjN/3TqHmRGZsrNn24u0uuxkPbMoJLj66QFmYkHbu,3.4531940000000003,6.220244999999999,7.758269,0,2591700,18.680499,Interactive,1,1.75
605400,Ztly4IlziLkv/WCAorNWvE1HjN/3TqHmRGZsrNn24u0uuxkPbMoJLj66QFmYkHbu,6.059081,6.557355,7.274641,0,2591700,18.680499,Interactive,1,1.75
605700,Ztly4IlziLkv/WCAorNWvE1HjN/3TqHmRGZsrNn24u0uuxkPbMoJLj66QFmYkHbu,4.564299,6.425739,7.402749000000001,0,2591700,18.680499,Interactive,1,1.75
606000,Ztly4IlziLkv/WCAorNWvE1HjN/3TqHmRGZsrNn24u0uuxkPbMoJLj66QFmYkHbu,3.663451,6.271586,7.779849,0,2591700,18.680499,Interactive,1,1.75
606300,Ztly4IlziLkv/WCAorNWvE1HjN/3TqHmRGZsrNn24u0uuxkPbMoJLj66QFmYkHbu,5.951479,6.677171,7.8077,0,2591700,18.680499,Interactive,1,1.75
606600,Ztly4IlziLkv/WCAorNWvE1HjN/3TqHmRGZsrNn24u0uuxkPbMoJLj66QFmYkHbu,3.400213,6.311093,7.33304,0,2591700,18.680499,Interactive,1,1.75
606900,Ztly4IlziLkv/WCAorNWvE1HjN/3TqHmRGZsrNn24u0uuxkPbMoJLj66QFmYkHbu,5.857552,6.530883,7.609062,0,2591700,18.680499,Interactive,1,1.75
607200,Ztly4IlziLkv/WCAorNWvE1HjN/3TqHmRGZsrNn24u0uuxkPbMoJLj66QFmYkHbu,4.468015,6.270816,7.710471000000001,0,2591700,18.680499,Interactive,1,1.75
607500,Ztly4IlziLkv/WCAorNWvE1HjN/3TqHmRGZsrNn24u0uuxkPbMoJLj66QFmYkHbu,5.750755000000001,6.640801,7.174515,0,2591700,18.680499,Interactive,1,1.75
607800,Ztly4IlziLkv/WCAorNWvE1HjN/3TqHmRGZsrNn24u0uuxkPbMoJLj66QFmYkHbu,4.657531,6.253197,7.711508,0,2591700,18.680499,Interactive,1,1.75
608100,Ztly4IlziLkv/WCAorNWvE1HjN/3TqHmRGZsrNn24u0uuxkPbMoJLj66QFmYkHbu,5.925955999999999,6.47165,7.573874000000001,0,2591700,18.680499,Interactive,1,1.75
608400,Ztly4IlziLkv/WCAorNWvE1HjN/3TqHmRGZsrNn24u0uuxkPbMoJLj66QFmYkHbu,3.174858,6.2877410000000005,7.358065,0,2591700,18.680499,Interactive,1,1.75
608700,Ztly4IlziLkv/WCAorNWvE1HjN/3TqHmRGZsrNn24u0uuxkPbMoJLj66QFmYkHbu,3.064177,6.227369,7.572493,0,2591700,18.680499,Interactive,1,1.75
609000,Ztly4IlziLkv/WCAorNWvE1HjN/3TqHmRGZsrNn24u0uuxkPbMoJLj66QFmYkHbu,5.8334470000000005,6.40674,7.590624000000001,0,2591700,18.680499,Interactive,1,1.75
609300,Ztly4IlziLkv/WCAorNWvE1HjN/3TqHmRGZsrNn24u0uuxkPbMoJLj66QFmYkHbu,3.109537,6.252479,7.1559,0,2591700,18.680499,Interactive,1,1.75
609600,Ztly4IlziLkv/WCAorNWvE1HjN/3TqHmRGZsrNn24u0uuxkPbMoJLj66QFmYkHbu,5.855658999999999,6.402783,7.172399,0,2591700,18.680499,Interactive,1,1.75
609900,Ztly4IlziLkv/WCAorNWvE1HjN/3TqHmRGZsrNn24u0uuxkPbMoJLj66QFmYkHbu,4.767678,6.288023,7.898722999999999,0,2591700,18.680499,Interactive,1,1.75
610200,Ztly4IlziLkv/WCAorNWvE1HjN/3TqHmRGZsrNn24u0uuxkPbMoJLj66QFmYkHbu,6.00689,7.320856,13.485383,0,2591700,18.680499,Interactive,1,1.75
610500,Ztly4IlziLkv/WCAorNWvE1HjN/3TqHmRGZsrNn24u0uuxkPbMoJLj66QFmYkHbu,3.54239,6.27286,8.094802,0,2591700,18.680499,Interactive,1,1.75
610800,Ztly4IlziLkv/WCAorNWvE1HjN/3TqHmRGZsrNn24u0uuxkPbMoJLj66QFmYkHbu,5.741103,6.356798,7.298019999999999,0,2591700,18.680499,Interactive,1,1.75
611100,Ztly4IlziLkv/WCAorNWvE1HjN/3TqHmRGZsrNn24u0uuxkPbMoJLj66QFmYkHbu,4.08826,6.4092080000000005,8.028300999999999,0,2591700,18.680499,Interactive,1,1.75
611400,Ztly4IlziLkv/WCAorNWvE1HjN/3TqHmRGZsrNn24u0uuxkPbMoJLj66QFmYkHbu,4.555523,6.312751,7.283631,0,2591700,18.680499,Interactive,1,1.75
611700,Ztly4IlziLkv/WCAorNWvE1HjN/3TqHmRGZsrNn24u0uuxkPbMoJLj66QFmYkHbu,5.792669999999999,6.384944,7.776022999999999,0,2591700,18.680499,Interactive,1,1.75
612000,Ztly4IlziLkv/WCAorNWvE1HjN/3TqHmRGZsrNn24u0uuxkPbMoJLj66QFmYkHbu,5.988642,6.648318,7.688152,0,2591700,18.680499,Interactive,1,1.75
612300,Ztly4IlziLkv/WCAorNWvE1HjN/3TqHmRGZsrNn24u0uuxkPbMoJLj66QFmYkHbu,5.974854,6.4922,7.648028999999999,0,2591700,18.680499,Interactive,1,1.75
612600,Ztly4IlziLkv/WCAorNWvE1HjN/3TqHmRGZsrNn24u0uuxkPbMoJLj66QFmYkHbu,4.397122,6.094019,6.865858,0,2591700,18.680499,Interactive,1,1.75
612900,Ztly4IlziLkv/WCAorNWvE1HjN/3TqHmRGZsrNn24u0uuxkPbMoJLj66QFmYkHbu,6.060151,6.591074000000001,8.14348,0,2591700,18.680499,Interactive,1,1.75
613200,Ztly4IlziLkv/WCAorNWvE1HjN/3TqHmRGZsrNn24u0uuxkPbMoJLj66QFmYkHbu,4.522268,6.203441000000001,7.330636,0,2591700,18.680499,Interactive,1,1.75
613500,Ztly4IlziLkv/WCAorNWvE1HjN/3TqHmRGZsrNn24u0uuxkPbMoJLj66QFmYkHbu,5.984673,6.617632,7.991764999999999,0,2591700,18.680499,Interactive,1,1.75
613800,Ztly4IlziLkv/WCAorNWvE1HjN/3TqHmRGZsrNn24u0uuxkPbMoJLj66QFmYkHbu,3.676659,7.042177000000001,14.113599,0,2591700,18.680499,Interactive,1,1.75
614100,Ztly4IlziLkv/WCAorNWvE1HjN/3TqHmRGZsrNn24u0uuxkPbMoJLj66QFmYkHbu,5.769841,6.528112999999999,8.456764999999999,0,2591700,18.680499,Interactive,1,1.75
614400,Ztly4IlziLkv/WCAorNWvE1HjN/3TqHmRGZsrNn24u0uuxkPbMoJLj66QFmYkHbu,5.837464,6.397442,7.483389999999999,0,2591700,18.680499,Interactive,1,1.75
614700,Ztly4IlziLkv/WCAorNWvE1HjN/3TqHmRGZsrNn24u0uuxkPbMoJLj66QFmYkHbu,3.197727,6.276043,8.403159,0,2591700,18.680499,Interactive,1,1.75
615000,Ztly4IlziLkv/WCAorNWvE1HjN/3TqHmRGZsrNn24u0uuxkPbMoJLj66QFmYkHbu,5.821986,6.400173000000001,8.123660000000001,0,2591700,18.680499,Interactive,1,1.75
615300,Ztly4IlziLkv/WCAorNWvE1HjN/3TqHmRGZsrNn24u0uuxkPbMoJLj66QFmYkHbu,3.619471,6.007289,6.967231,0,2591700,18.680499,Interactive,1,1.75
615600,Ztly4IlziLkv/WCAorNWvE1HjN/3TqHmRGZsrNn24u0uuxkPbMoJLj66QFmYkHbu,5.927065,6.516307,7.68317,0,2591700,18.680499,Interactive,1,1.75
615900,Ztly4IlziLkv/WCAorNWvE1HjN/3TqHmRGZsrNn24u0uuxkPbMoJLj66QFmYkHbu,3.3847059999999995,6.163954,8.391763000000001,0,2591700,18.680499,Interactive,1,1.75
616200,Ztly4IlziLkv/WCAorNWvE1HjN/3TqHmRGZsrNn24u0uuxkPbMoJLj66QFmYkHbu,5.835035,6.387862,7.056905,0,2591700,18.680499,Interactive,1,1.75
616500,Ztly4IlziLkv/WCAorNWvE1HjN/3TqHmRGZsrNn24u0uuxkPbMoJLj66QFmYkHbu,5.861388,6.723453999999999,7.642261,0,2591700,18.680499,Interactive,1,1.75
616800,Ztly4IlziLkv/WCAorNWvE1HjN/3TqHmRGZsrNn24u0uuxkPbMoJLj66QFmYkHbu,3.3164010000000004,6.142753,7.581154,0,2591700,18.680499,Interactive,1,1.75
617100,Ztly4IlziLkv/WCAorNWvE1HjN/3TqHmRGZsrNn24u0uuxkPbMoJLj66QFmYkHbu,5.812583,6.657088000000001,7.54548,0,2591700,18.680499,Interactive,1,1.75
617400,Ztly4IlziLkv/WCAorNWvE1HjN/3TqHmRGZsrNn24u0uuxkPbMoJLj66QFmYkHbu,3.37525,6.249067,7.649166,0,2591700,18.680499,Interactive,1,1.75
617700,Ztly4IlziLkv/WCAorNWvE1HjN/3TqHmRGZsrNn24u0uuxkPbMoJLj66QFmYkHbu,5.830734,6.460805000000001,7.616491000000001,0,2591700,18.680499,Interactive,1,1.75
618000,Ztly4IlziLkv/WCAorNWvE1HjN/3TqHmRGZsrNn24u0uuxkPbMoJLj66QFmYkHbu,3.520895,6.070368,7.172577,0,2591700,18.680499,Interactive,1,1.75
618300,Ztly4IlziLkv/WCAorNWvE1HjN/3TqHmRGZsrNn24u0uuxkPbMoJLj66QFmYkHbu,5.760071,6.596798,7.569077,0,2591700,18.680499,Interactive,1,1.75
618600,Ztly4IlziLkv/WCAorNWvE1HjN/3TqHmRGZsrNn24u0uuxkPbMoJLj66QFmYkHbu,5.074061,6.7670580000000005,9.806613,0,2591700,18.680499,Interactive,1,1.75
618900,Ztly4IlziLkv/WCAorNWvE1HjN/3TqHmRGZsrNn24u0uuxkPbMoJLj66QFmYkHbu,5.723559,6.4608620000000005,7.515880999999999,0,2591700,18.680499,Interactive,1,1.75
619200,Ztly4IlziLkv/WCAorNWvE1HjN/3TqHmRGZsrNn24u0uuxkPbMoJLj66QFmYkHbu,3.265531,6.229698,7.637199000000001,0,2591700,18.680499,Interactive,1,1.75
619500,Ztly4IlziLkv/WCAorNWvE1HjN/3TqHmRGZsrNn24u0uuxkPbMoJLj66QFmYkHbu,3.334074,6.146719,7.571795,0,2591700,18.680499,Interactive,1,1.75
619800,Ztly4IlziLkv/WCAorNWvE1HjN/3TqHmRGZsrNn24u0uuxkPbMoJLj66QFmYkHbu,5.901467,6.386694,7.281811,0,2591700,18.680499,Interactive,1,1.75
620100,Ztly4IlziLkv/WCAorNWvE1HjN/3TqHmRGZsrNn24u0uuxkPbMoJLj66QFmYkHbu,3.886917,6.23267,7.440941,0,2591700,18.680499,Interactive,1,1.75
620400,Ztly4IlziLkv/WCAorNWvE1HjN/3TqHmRGZsrNn24u0uuxkPbMoJLj66QFmYkHbu,5.756869999999999,6.471948,7.523428999999999,0,2591700,18.680499,Interactive,1,1.75
620700,Ztly4IlziLkv/WCAorNWvE1HjN/3TqHmRGZsrNn24u0uuxkPbMoJLj66QFmYkHbu,3.5359190000000003,6.250833,7.456606,0,2591700,18.680499,Interactive,1,1.75
621000,Ztly4IlziLkv/WCAorNWvE1HjN/3TqHmRGZsrNn24u0uuxkPbMoJLj66QFmYkHbu,5.996959,7.399586999999999,14.151059,0,2591700,18.680499,Interactive,1,1.75
621300,Ztly4IlziLkv/WCAorNWvE1HjN/3TqHmRGZsrNn24u0uuxkPbMoJLj66QFmYkHbu,3.247281,6.074256,7.17422,0,2591700,18.680499,Interactive,1,1.75
621600,Ztly4IlziLkv/WCAorNWvE1HjN/3TqHmRGZsrNn24u0uuxkPbMoJLj66QFmYkHbu,5.942307,6.4703870000000006,7.393592,0,2591700,18.680499,Interactive,1,1.75
621900,Ztly4IlziLkv/WCAorNWvE1HjN/3TqHmRGZsrNn24u0uuxkPbMoJLj66QFmYkHbu,3.2088330000000003,6.311718,7.660728999999999,0,2591700,18.680499,Interactive,1,1.75
622200,Ztly4IlziLkv/WCAorNWvE1HjN/3TqHmRGZsrNn24u0uuxkPbMoJLj66QFmYkHbu,4.095928,6.260432,7.852466000000001,0,2591700,18.680499,Interactive,1,1.75
622500,Ztly4IlziLkv/WCAorNWvE1HjN/3TqHmRGZsrNn24u0uuxkPbMoJLj66QFmYkHbu,5.87426,6.438423,7.541180000000001,0,2591700,18.680499,Interactive,1,1.75
622800,Ztly4IlziLkv/WCAorNWvE1HjN/3TqHmRGZsrNn24u0uuxkPbMoJLj66QFmYkHbu,3.043541,6.108491000000001,7.635827000000001,0,2591700,18.680499,Interactive,1,1.75
623100,Ztly4IlziLkv/WCAorNWvE1HjN/3TqHmRGZsrNn24u0uuxkPbMoJLj66QFmYkHbu,5.9206080000000005,6.483967,7.637073,0,2591700,18.680499,Interactive,1,1.75
623400,Ztly4IlziLkv/WCAorNWvE1HjN/3TqHmRGZsrNn24u0uuxkPbMoJLj66QFmYkHbu,3.721944,6.125456,7.859255999999999,0,2591700,18.680499,Interactive,1,1.75
623700,Ztly4IlziLkv/WCAorNWvE1HjN/3TqHmRGZsrNn24u0uuxkPbMoJLj66QFmYkHbu,5.856433999999999,6.51998,8.227772,0,2591700,18.680499,Interactive,1,1.75
624000,Ztly4IlziLkv/WCAorNWvE1HjN/3TqHmRGZsrNn24u0uuxkPbMoJLj66QFmYkHbu,3.689188,6.13826,7.303897,0,2591700,18.680499,Interactive,1,1.75
624300,Ztly4IlziLkv/WCAorNWvE1HjN/3TqHmRGZsrNn24u0uuxkPbMoJLj66QFmYkHbu,5.895366,6.959983,10.197041,0,2591700,18.680499,Interactive,1,1.75
624600,Ztly4IlziLkv/WCAorNWvE1HjN/3TqHmRGZsrNn24u0uuxkPbMoJLj66QFmYkHbu,3.677112,7.052339,15.328879,0,2591700,18.680499,Interactive,1,1.75
624900,Ztly4IlziLkv/WCAorNWvE1HjN/3TqHmRGZsrNn24u0uuxkPbMoJLj66QFmYkHbu,3.017567,6.226597,7.554398,0,2591700,18.680499,Interactive,1,1.75
625200,Ztly4IlziLkv/WCAorNWvE1HjN/3TqHmRGZsrNn24u0uuxkPbMoJLj66QFmYkHbu,5.89201,6.5024120000000005,7.460907000000001,0,2591700,18.680499,Interactive,1,1.75
625500,Ztly4IlziLkv/WCAorNWvE1HjN/3TqHmRGZsrNn24u0uuxkPbMoJLj66QFmYkHbu,3.153773,6.086733000000001,7.098748,0,2591700,18.680499,Interactive,1,1.75
625800,Ztly4IlziLkv/WCAorNWvE1HjN/3TqHmRGZsrNn24u0uuxkPbMoJLj66QFmYkHbu,5.97762,6.502229,7.703649,0,2591700,18.680499,Interactive,1,1.75
626100,Ztly4IlziLkv/WCAorNWvE1HjN/3TqHmRGZsrNn24u0uuxkPbMoJLj66QFmYkHbu,3.799969,6.119114,7.004792,0,2591700,18.680499,Interactive,1,1.75
626400,Ztly4IlziLkv/WCAorNWvE1HjN/3TqHmRGZsrNn24u0uuxkPbMoJLj66QFmYkHbu,6.004778,6.622250999999999,7.906547,0,2591700,18.680499,Interactive,1,1.75
626700,Ztly4IlziLkv/WCAorNWvE1HjN/3TqHmRGZsrNn24u0uuxkPbMoJLj66QFmYkHbu,3.495564,6.399081,9.412124,0,2591700,18.680499,Interactive,1,1.75
627000,Ztly4IlziLkv/WCAorNWvE1HjN/3TqHmRGZsrNn24u0uuxkPbMoJLj66QFmYkHbu,5.892618,6.429447,7.099957000000001,0,2591700,18.680499,Interactive,1,1.75
627300,Ztly4IlziLkv/WCAorNWvE1HjN/3TqHmRGZsrNn24u0uuxkPbMoJLj66QFmYkHbu,5.913903,7.419283,15.458579,0,2591700,18.680499,Interactive,1,1.75
627600,Ztly4IlziLkv/WCAorNWvE1HjN/3TqHmRGZsrNn24u0uuxkPbMoJLj66QFmYkHbu,3.362227,6.124417,7.116076,0,2591700,18.680499,Interactive,1,1.75
627900,Ztly4IlziLkv/WCAorNWvE1HjN/3TqHmRGZsrNn24u0uuxkPbMoJLj66QFmYkHbu,5.946368,6.656136999999999,8.052911,0,2591700,18.680499,Interactive,1,1.75
628200,Ztly4IlziLkv/WCAorNWvE1HjN/3TqHmRGZsrNn24u0uuxkPbMoJLj66QFmYkHbu,3.833263,6.287239,7.143161,0,2591700,18.680499,Interactive,1,1.75
628500,Ztly4IlziLkv/WCAorNWvE1HjN/3TqHmRGZsrNn24u0uuxkPbMoJLj66QFmYkHbu,5.95959,6.379424,7.048528,0,2591700,18.680499,Interactive,1,1.75
628800,Ztly4IlziLkv/WCAorNWvE1HjN/3TqHmRGZsrNn24u0uuxkPbMoJLj66QFmYkHbu,3.492832,6.116158,7.320557000000001,0,2591700,18.680499,Interactive,1,1.75
629100,Ztly4IlziLkv/WCAorNWvE1HjN/3TqHmRGZsrNn24u0uuxkPbMoJLj66QFmYkHbu,6.00585,6.459969999999999,7.373676,0,2591700,18.680499,Interactive,1,1.75
629400,Ztly4IlziLkv/WCAorNWvE1HjN/3TqHmRGZsrNn24u0uuxkPbMoJLj66QFmYkHbu,3.057847,6.0596440000000005,7.065044,0,2591700,18.680499,Interactive,1,1.75
629700,Ztly4IlziLkv/WCAorNWvE1HjN/3TqHmRGZsrNn24u0uuxkPbMoJLj66QFmYkHbu,5.913399,6.509812,7.653708999999999,0,2591700,18.680499,Interactive,1,1.75
630000,Ztly4IlziLkv/WCAorNWvE1HjN/3TqHmRGZsrNn24u0uuxkPbMoJLj66QFmYkHbu,6.187119999999999,6.581735000000001,7.357871,0,2591700,18.680499,Interactive,1,1.75
630300,Ztly4IlziLkv/WCAorNWvE1HjN/3TqHmRGZsrNn24u0uuxkPbMoJLj66QFmYkHbu,5.870125,6.445107,7.011378,0,2591700,18.680499,Interactive,1,1.75
630600,Ztly4IlziLkv/WCAorNWvE1HjN/3TqHmRGZsrNn24u0uuxkPbMoJLj66QFmYkHbu,3.469663,6.0971470000000005,7.33922,0,2591700,18.680499,Interactive,1,1.75
630900,Ztly4IlziLkv/WCAorNWvE1HjN/3TqHmRGZsrNn24u0uuxkPbMoJLj66QFmYkHbu,3.527618,6.083334,6.986986999999999,0,2591700,18.680499,Interactive,1,1.75
631200,Ztly4IlziLkv/WCAorNWvE1HjN/3TqHmRGZsrNn24u0uuxkPbMoJLj66QFmYkHbu,5.956095,6.4269110000000005,7.0138050000000005,0,2591700,18.680499,Interactive,1,1.75
631500,Ztly4IlziLkv/WCAorNWvE1HjN/3TqHmRGZsrNn24u0uuxkPbMoJLj66QFmYkHbu,3.844392,6.31516,7.935311,0,2591700,18.680499,Interactive,1,1.75
631800,Ztly4IlziLkv/WCAorNWvE1HjN/3TqHmRGZsrNn24u0uuxkPbMoJLj66QFmYkHbu,6.079088,7.237508,11.696703,0,2591700,18.680499,Interactive,1,1.75
632100,Ztly4IlziLkv/WCAorNWvE1HjN/3TqHmRGZsrNn24u0uuxkPbMoJLj66QFmYkHbu,3.5277870000000005,6.220187999999999,7.144453,0,2591700,18.680499,Interactive,1,1.75
632400,Ztly4IlziLkv/WCAorNWvE1HjN/3TqHmRGZsrNn24u0uuxkPbMoJLj66QFmYkHbu,5.867122,6.425035,7.676073,0,2591700,18.680499,Interactive,1,1.75
632700,Ztly4IlziLkv/WCAorNWvE1HjN/3TqHmRGZsrNn24u0uuxkPbMoJLj66QFmYkHbu,5.974116,6.656569999999999,7.892099000000001,0,2591700,18.680499,Interactive,1,1.75
633000,Ztly4IlziLkv/WCAorNWvE1HjN/3TqHmRGZsrNn24u0uuxkPbMoJLj66QFmYkHbu,5.937978,6.415122,7.238194999999999,0,2591700,18.680499,Interactive,1,1.75
633300,Ztly4IlziLkv/WCAorNWvE1HjN/3TqHmRGZsrNn24u0uuxkPbMoJLj66QFmYkHbu,3.520599,6.197279,7.337155999999999,0,2591700,18.680499,Interactive,1,1.75
633600,Ztly4IlziLkv/WCAorNWvE1HjN/3TqHmRGZsrNn24u0uuxkPbMoJLj66QFmYkHbu,3.22569,6.0529,6.984796,0,2591700,18.680499,Interactive,1,1.75
633900,Ztly4IlziLkv/WCAorNWvE1HjN/3TqHmRGZsrNn24u0uuxkPbMoJLj66QFmYkHbu,6.157552,6.4667010000000005,7.074625999999999,0,2591700,18.680499,Interactive,1,1.75
634200,Ztly4IlziLkv/WCAorNWvE1HjN/3TqHmRGZsrNn24u0uuxkPbMoJLj66QFmYkHbu,4.55075,6.287726,7.707545,0,2591700,18.680499,Interactive,1,1.75
634500,Ztly4IlziLkv/WCAorNWvE1HjN/3TqHmRGZsrNn24u0uuxkPbMoJLj66QFmYkHbu,5.726213,6.555957,7.246268,0,2591700,18.680499,Interactive,1,1.75
634800,Ztly4IlziLkv/WCAorNWvE1HjN/3TqHmRGZsrNn24u0uuxkPbMoJLj66QFmYkHbu,3.549481,6.224176,7.184271000000001,0,2591700,18.680499,Interactive,1,1.75
635100,Ztly4IlziLkv/WCAorNWvE1HjN/3TqHmRGZsrNn24u0uuxkPbMoJLj66QFmYkHbu,5.769161,6.641083,7.703614,0,2591700,18.680499,Interactive,1,1.75
635400,Ztly4IlziLkv/WCAorNWvE1HjN/3TqHmRGZsrNn24u0uuxkPbMoJLj66QFmYkHbu,5.86197,7.810532000000001,14.296752,0,2591700,18.680499,Interactive,1,1.75
635700,Ztly4IlziLkv/WCAorNWvE1HjN/3TqHmRGZsrNn24u0uuxkPbMoJLj66QFmYkHbu,5.841983,6.4676540000000005,7.366046000000001,0,2591700,18.680499,Interactive,1,1.75
636000,Ztly4IlziLkv/WCAorNWvE1HjN/3TqHmRGZsrNn24u0uuxkPbMoJLj66QFmYkHbu,5.861604,6.743636,9.155003,0,2591700,18.680499,Interactive,1,1.75
636300,Ztly4IlziLkv/WCAorNWvE1HjN/3TqHmRGZsrNn24u0uuxkPbMoJLj66QFmYkHbu,3.70066,6.3589400000000005,7.997561,0,2591700,18.680499,Interactive,1,1.75
636600,Ztly4IlziLkv/WCAorNWvE1HjN/3TqHmRGZsrNn24u0uuxkPbMoJLj66QFmYkHbu,5.877721,6.398519,7.145059,0,2591700,18.680499,Interactive,1,1.75
636900,Ztly4IlziLkv/WCAorNWvE1HjN/3TqHmRGZsrNn24u0uuxkPbMoJLj66QFmYkHbu,3.097717,6.223477,7.515794,0,2591700,18.680499,Interactive,1,1.75
637200,Ztly4IlziLkv/WCAorNWvE1HjN/3TqHmRGZsrNn24u0uuxkPbMoJLj66QFmYkHbu,6.027539,6.523612,8.049481,0,2591700,18.680499,Interactive,1,1.75
637500,Ztly4IlziLkv/WCAorNWvE1HjN/3TqHmRGZsrNn24u0uuxkPbMoJLj66QFmYkHbu,5.935784,6.65915,7.383338,0,2591700,18.680499,Interactive,1,1.75
637800,Ztly4IlziLkv/WCAorNWvE1HjN/3TqHmRGZsrNn24u0uuxkPbMoJLj66QFmYkHbu,5.983025,6.475804,7.515425,0,2591700,18.680499,Interactive,1,1.75
638100,Ztly4IlziLkv/WCAorNWvE1HjN/3TqHmRGZsrNn24u0uuxkPbMoJLj66QFmYkHbu,5.925301999999999,6.566421000000001,7.594444999999999,0,2591700,18.680499,Interactive,1,1.75
638400,Ztly4IlziLkv/WCAorNWvE1HjN/3TqHmRGZsrNn24u0uuxkPbMoJLj66QFmYkHbu,5.955399,6.410386,6.986368,0,2591700,18.680499,Interactive,1,1.75
638700,Ztly4IlziLkv/WCAorNWvE1HjN/3TqHmRGZsrNn24u0uuxkPbMoJLj66QFmYkHbu,5.219545,6.890845,9.534072,0,2591700,18.680499,Interactive,1,1.75
639000,Ztly4IlziLkv/WCAorNWvE1HjN/3TqHmRGZsrNn24u0uuxkPbMoJLj66QFmYkHbu,4.718841,6.413779,8.127033,0,2591700,18.680499,Interactive,1,1.75
639300,Ztly4IlziLkv/WCAorNWvE1HjN/3TqHmRGZsrNn24u0uuxkPbMoJLj66QFmYkHbu,5.800794000000001,6.519067,7.342444,0,2591700,18.680499,Interactive,1,1.75
639600,Ztly4IlziLkv/WCAorNWvE1HjN/3TqHmRGZsrNn24u0uuxkPbMoJLj66QFmYkHbu,5.766405000000001,6.525003,7.667727,0,2591700,18.680499,Interactive,1,1.75
639900,Ztly4IlziLkv/WCAorNWvE1HjN/3TqHmRGZsrNn24u0uuxkPbMoJLj66QFmYkHbu,5.869268,6.459313,7.549728,0,2591700,18.680499,Interactive,1,1.75
640200,Ztly4IlziLkv/WCAorNWvE1HjN/3TqHmRGZsrNn24u0uuxkPbMoJLj66QFmYkHbu,3.512201,5.93041,7.330103999999999,0,2591700,18.680499,Interactive,1,1.75
640500,Ztly4IlziLkv/WCAorNWvE1HjN/3TqHmRGZsrNn24u0uuxkPbMoJLj66QFmYkHbu,5.643757,6.38076,7.604564,0,2591700,18.680499,Interactive,1,1.75
640800,Ztly4IlziLkv/WCAorNWvE1HjN/3TqHmRGZsrNn24u0uuxkPbMoJLj66QFmYkHbu,5.258294,6.539445,10.16876,0,2591700,18.680499,Interactive,1,1.75
641100,Ztly4IlziLkv/WCAorNWvE1HjN/3TqHmRGZsrNn24u0uuxkPbMoJLj66QFmYkHbu,5.775575,6.411716,7.039842,0,2591700,18.680499,Interactive,1,1.75
641400,Ztly4IlziLkv/WCAorNWvE1HjN/3TqHmRGZsrNn24u0uuxkPbMoJLj66QFmYkHbu,5.44136,6.189362,7.466504,0,2591700,18.680499,Interactive,1,1.75
641700,Ztly4IlziLkv/WCAorNWvE1HjN/3TqHmRGZsrNn24u0uuxkPbMoJLj66QFmYkHbu,5.503057,6.7502130000000005,9.169726,0,2591700,18.680499,Interactive,1,1.75
642000,Ztly4IlziLkv/WCAorNWvE1HjN/3TqHmRGZsrNn24u0uuxkPbMoJLj66QFmYkHbu,5.877163,6.37775,7.10637,0,2591700,18.680499,Interactive,1,1.75
642300,Ztly4IlziLkv/WCAorNWvE1HjN/3TqHmRGZsrNn24u0uuxkPbMoJLj66QFmYkHbu,4.148283999999999,6.292016,7.569135,0,2591700,18.680499,Interactive,1,1.75
642600,Ztly4IlziLkv/WCAorNWvE1HjN/3TqHmRGZsrNn24u0uuxkPbMoJLj66QFmYkHbu,5.948957,7.546741,13.760356,0,2591700,18.680499,Interactive,1,1.75
642900,Ztly4IlziLkv/WCAorNWvE1HjN/3TqHmRGZsrNn24u0uuxkPbMoJLj66QFmYkHbu,3.437634,6.088591,7.186133,0,2591700,18.680499,Interactive,1,1.75
643200,Ztly4IlziLkv/WCAorNWvE1HjN/3TqHmRGZsrNn24u0uuxkPbMoJLj66QFmYkHbu,5.960208000000001,6.4520230000000005,7.196632000000001,0,2591700,18.680499,Interactive,1,1.75
643500,Ztly4IlziLkv/WCAorNWvE1HjN/3TqHmRGZsrNn24u0uuxkPbMoJLj66QFmYkHbu,5.858866,7.628524,18.336061,0,2591700,18.680499,Interactive,1,1.75
643800,Ztly4IlziLkv/WCAorNWvE1HjN/3TqHmRGZsrNn24u0uuxkPbMoJLj66QFmYkHbu,5.861125,6.453385,7.288296000000001,0,2591700,18.680499,Interactive,1,1.75
644100,Ztly4IlziLkv/WCAorNWvE1HjN/3TqHmRGZsrNn24u0uuxkPbMoJLj66QFmYkHbu,5.308925,8.503654,29.367023,0,2591700,18.680499,Interactive,1,1.75
644400,Ztly4IlziLkv/WCAorNWvE1HjN/3TqHmRGZsrNn24u0uuxkPbMoJLj66QFmYkHbu,5.647851,9.524878,37.434034,0,2591700,18.680499,Interactive,1,1.75
644700,Ztly4IlziLkv/WCAorNWvE1HjN/3TqHmRGZsrNn24u0uuxkPbMoJLj66QFmYkHbu,5.784073,6.498253,7.223764999999999,0,2591700,18.680499,Interactive,1,1.75
645000,Ztly4IlziLkv/WCAorNWvE1HjN/3TqHmRGZsrNn24u0uuxkPbMoJLj66QFmYkHbu,5.4000580000000005,9.436122,37.63344,0,2591700,18.680499,Interactive,1,1.75
645300,Ztly4IlziLkv/WCAorNWvE1HjN/3TqHmRGZsrNn24u0uuxkPbMoJLj66QFmYkHbu,5.987305999999999,6.559995,7.581549000000001,0,2591700,18.680499,Interactive,1,1.75
645600,Ztly4IlziLkv/WCAorNWvE1HjN/3TqHmRGZsrNn24u0uuxkPbMoJLj66QFmYkHbu,5.782911,9.534632,37.922013,0,2591700,18.680499,Interactive,1,1.75
645900,Ztly4IlziLkv/WCAorNWvE1HjN/3TqHmRGZsrNn24u0uuxkPbMoJLj66QFmYkHbu,5.939667,6.576761,7.756763999999999,0,2591700,18.680499,Interactive,1,1.75
646200,Ztly4IlziLkv/WCAorNWvE1HjN/3TqHmRGZsrNn24u0uuxkPbMoJLj66QFmYkHbu,5.943251999999999,11.0064,43.844566,0,2591700,18.680499,Interactive,1,1.75
646500,Ztly4IlziLkv/WCAorNWvE1HjN/3TqHmRGZsrNn24u0uuxkPbMoJLj66QFmYkHbu,5.864758999999999,6.553388,7.443886,0,2591700,18.680499,Interactive,1,1.75
646800,Ztly4IlziLkv/WCAorNWvE1HjN/3TqHmRGZsrNn24u0uuxkPbMoJLj66QFmYkHbu,5.349135,8.290702,26.825354,0,2591700,18.680499,Interactive,1,1.75
647100,Ztly4IlziLkv/WCAorNWvE1HjN/3TqHmRGZsrNn24u0uuxkPbMoJLj66QFmYkHbu,5.794455999999999,7.510794000000001,16.89526,0,2591700,18.680499,Interactive,1,1.75
647400,Ztly4IlziLkv/WCAorNWvE1HjN/3TqHmRGZsrNn24u0uuxkPbMoJLj66QFmYkHbu,5.946461,6.47955,7.454967,0,2591700,18.680499,Interactive,1,1.75
647700,Ztly4IlziLkv/WCAorNWvE1HjN/3TqHmRGZsrNn24u0uuxkPbMoJLj66QFmYkHbu,6.031478,7.014010000000001,11.601092,0,2591700,18.680499,Interactive,1,1.75
648000,Ztly4IlziLkv/WCAorNWvE1HjN/3TqHmRGZsrNn24u0uuxkPbMoJLj66QFmYkHbu,6.129012,6.471361,7.320363,0,2591700,18.680499,Interactive,1,1.75
648300,Ztly4IlziLkv/WCAorNWvE1HjN/3TqHmRGZsrNn24u0uuxkPbMoJLj66QFmYkHbu,4.640043,6.454349,7.4858,0,2591700,18.680499,Interactive,1,1.75
648600,Ztly4IlziLkv/WCAorNWvE1HjN/3TqHmRGZsrNn24u0uuxkPbMoJLj66QFmYkHbu,5.911424,6.426769999999999,7.268986999999999,0,2591700,18.680499,Interactive,1,1.75
648900,Ztly4IlziLkv/WCAorNWvE1HjN/3TqHmRGZsrNn24u0uuxkPbMoJLj66QFmYkHbu,6.159686,6.638869000000001,7.320803999999999,0,2591700,18.680499,Interactive,1,1.75
649200,Ztly4IlziLkv/WCAorNWvE1HjN/3TqHmRGZsrNn24u0uuxkPbMoJLj66QFmYkHbu,5.963602,6.450907,7.242242,0,2591700,18.680499,Interactive,1,1.75
649500,Ztly4IlziLkv/WCAorNWvE1HjN/3TqHmRGZsrNn24u0uuxkPbMoJLj66QFmYkHbu,3.129278,6.360728,8.333941000000001,0,2591700,18.680499,Interactive,1,1.75
649800,Ztly4IlziLkv/WCAorNWvE1HjN/3TqHmRGZsrNn24u0uuxkPbMoJLj66QFmYkHbu,3.764517,6.32074,7.221888000000001,0,2591700,18.680499,Interactive,1,1.75
650100,Ztly4IlziLkv/WCAorNWvE1HjN/3TqHmRGZsrNn24u0uuxkPbMoJLj66QFmYkHbu,5.315537,6.454326999999999,7.463226,0,2591700,18.680499,Interactive,1,1.75
650400,Ztly4IlziLkv/WCAorNWvE1HjN/3TqHmRGZsrNn24u0uuxkPbMoJLj66QFmYkHbu,4.72931,6.275261,7.128228999999999,0,2591700,18.680499,Interactive,1,1.75
650700,Ztly4IlziLkv/WCAorNWvE1HjN/3TqHmRGZsrNn24u0uuxkPbMoJLj66QFmYkHbu,6.078129,6.570373,7.091175,0,2591700,18.680499,Interactive,1,1.75
651000,Ztly4IlziLkv/WCAorNWvE1HjN/3TqHmRGZsrNn24u0uuxkPbMoJLj66QFmYkHbu,4.184729,6.252617,7.292742999999999,0,2591700,18.680499,Interactive,1,1.75
651300,Ztly4IlziLkv/WCAorNWvE1HjN/3TqHmRGZsrNn24u0uuxkPbMoJLj66QFmYkHbu,5.87442,6.448599,7.227504,0,2591700,18.680499,Interactive,1,1.75
651600,Ztly4IlziLkv/WCAorNWvE1HjN/3TqHmRGZsrNn24u0uuxkPbMoJLj66QFmYkHbu,6.111286,7.014711999999999,11.341928,0,2591700,18.680499,Interactive,1,1.75
651900,Ztly4IlziLkv/WCAorNWvE1HjN/3TqHmRGZsrNn24u0uuxkPbMoJLj66QFmYkHbu,6.012315,6.499912999999999,7.526667999999999,0,2591700,18.680499,Interactive,1,1.75
652200,Ztly4IlziLkv/WCAorNWvE1HjN/3TqHmRGZsrNn24u0uuxkPbMoJLj66QFmYkHbu,4.925639,6.31181,7.334861999999999,0,2591700,18.680499,Interactive,1,1.75
652500,Ztly4IlziLkv/WCAorNWvE1HjN/3TqHmRGZsrNn24u0uuxkPbMoJLj66QFmYkHbu,5.16174,6.469666999999999,7.1345600000000005,0,2591700,18.680499,Interactive,1,1.75
652800,Ztly4IlziLkv/WCAorNWvE1HjN/3TqHmRGZsrNn24u0uuxkPbMoJLj66QFmYkHbu,6.035792,6.584362,8.245106,0,2591700,18.680499,Interactive,1,1.75
653100,Ztly4IlziLkv/WCAorNWvE1HjN/3TqHmRGZsrNn24u0uuxkPbMoJLj66QFmYkHbu,3.88849,6.446752,7.914453,0,2591700,18.680499,Interactive,1,1.75
653400,Ztly4IlziLkv/WCAorNWvE1HjN/3TqHmRGZsrNn24u0uuxkPbMoJLj66QFmYkHbu,6.037127,7.360882000000001,14.547726,0,2591700,18.680499,Interactive,1,1.75
653700,Ztly4IlziLkv/WCAorNWvE1HjN/3TqHmRGZsrNn24u0uuxkPbMoJLj66QFmYkHbu,4.447954,6.718000999999999,9.92984,0,2591700,18.680499,Interactive,1,1.75
654000,Ztly4IlziLkv/WCAorNWvE1HjN/3TqHmRGZsrNn24u0uuxkPbMoJLj66QFmYkHbu,5.849105000000001,6.362953,7.10871,0,2591700,18.680499,Interactive,1,1.75
654300,Ztly4IlziLkv/WCAorNWvE1HjN/3TqHmRGZsrNn24u0uuxkPbMoJLj66QFmYkHbu,6.020053,6.651228999999999,7.785786999999999,0,2591700,18.680499,Interactive,1,1.75
654600,Ztly4IlziLkv/WCAorNWvE1HjN/3TqHmRGZsrNn24u0uuxkPbMoJLj66QFmYkHbu,5.853379,6.49391,7.451396000000001,0,2591700,18.680499,Interactive,1,1.75
654900,Ztly4IlziLkv/WCAorNWvE1HjN/3TqHmRGZsrNn24u0uuxkPbMoJLj66QFmYkHbu,5.115151999999999,6.3457930000000005,7.52067,0,2591700,18.680499,Interactive,1,1.75
655200,Ztly4IlziLkv/WCAorNWvE1HjN/3TqHmRGZsrNn24u0uuxkPbMoJLj66QFmYkHbu,3.3512800000000005,6.180589,7.184672,0,2591700,18.680499,Interactive,1,1.75
655500,Ztly4IlziLkv/WCAorNWvE1HjN/3TqHmRGZsrNn24u0uuxkPbMoJLj66QFmYkHbu,5.852604,6.52643,7.580935,0,2591700,18.680499,Interactive,1,1.75
655800,Ztly4IlziLkv/WCAorNWvE1HjN/3TqHmRGZsrNn24u0uuxkPbMoJLj66QFmYkHbu,5.030582,6.318471,7.410245,0,2591700,18.680499,Interactive,1,1.75
656100,Ztly4IlziLkv/WCAorNWvE1HjN/3TqHmRGZsrNn24u0uuxkPbMoJLj66QFmYkHbu,6.007469,6.532949,7.158753,0,2591700,18.680499,Interactive,1,1.75
656400,Ztly4IlziLkv/WCAorNWvE1HjN/3TqHmRGZsrNn24u0uuxkPbMoJLj66QFmYkHbu,4.422063,6.311018,7.409132,0,2591700,18.680499,Interactive,1,1.75
656700,Ztly4IlziLkv/WCAorNWvE1HjN/3TqHmRGZsrNn24u0uuxkPbMoJLj66QFmYkHbu,5.865281,6.596682,8.779981,0,2591700,18.680499,Interactive,1,1.75
657000,Ztly4IlziLkv/WCAorNWvE1HjN/3TqHmRGZsrNn24u0uuxkPbMoJLj66QFmYkHbu,5.901026,7.547625,14.445156,0,2591700,18.680499,Interactive,1,1.75
657300,Ztly4IlziLkv/WCAorNWvE1HjN/3TqHmRGZsrNn24u0uuxkPbMoJLj66QFmYkHbu,5.830171,6.51391,7.519392999999999,0,2591700,18.680499,Interactive,1,1.75
657600,Ztly4IlziLkv/WCAorNWvE1HjN/3TqHmRGZsrNn24u0uuxkPbMoJLj66QFmYkHbu,3.44436,6.137209,7.333046,0,2591700,18.680499,Interactive,1,1.75
657900,Ztly4IlziLkv/WCAorNWvE1HjN/3TqHmRGZsrNn24u0uuxkPbMoJLj66QFmYkHbu,5.862106,6.75724,8.675667,0,2591700,18.680499,Interactive,1,1.75
658200,Ztly4IlziLkv/WCAorNWvE1HjN/3TqHmRGZsrNn24u0uuxkPbMoJLj66QFmYkHbu,5.887893,6.473216000000001,7.619088,0,2591700,18.680499,Interactive,1,1.75
658500,Ztly4IlziLkv/WCAorNWvE1HjN/3TqHmRGZsrNn24u0uuxkPbMoJLj66QFmYkHbu,5.87295,6.836322999999999,10.445456,0,2591700,18.680499,Interactive,1,1.75
658800,Ztly4IlziLkv/WCAorNWvE1HjN/3TqHmRGZsrNn24u0uuxkPbMoJLj66QFmYkHbu,5.82874,6.476541,7.327238,0,2591700,18.680499,Interactive,1,1.75
659100,Ztly4IlziLkv/WCAorNWvE1HjN/3TqHmRGZsrNn24u0uuxkPbMoJLj66QFmYkHbu,5.823571,7.097411999999999,12.039033,0,2591700,18.680499,Interactive,1,1.75
659400,Ztly4IlziLkv/WCAorNWvE1HjN/3TqHmRGZsrNn24u0uuxkPbMoJLj66QFmYkHbu,5.791039,6.374125,7.44585,0,2591700,18.680499,Interactive,1,1.75
659700,Ztly4IlziLkv/WCAorNWvE1HjN/3TqHmRGZsrNn24u0uuxkPbMoJLj66QFmYkHbu,5.94359,7.753267,19.681022,0,2591700,18.680499,Interactive,1,1.75
660000,Ztly4IlziLkv/WCAorNWvE1HjN/3TqHmRGZsrNn24u0uuxkPbMoJLj66QFmYkHbu,5.85141,6.473772,7.479480000000001,0,2591700,18.680499,Interactive,1,1.75
660300,Ztly4IlziLkv/WCAorNWvE1HjN/3TqHmRGZsrNn24u0uuxkPbMoJLj66QFmYkHbu,5.813115,7.195442999999999,12.253342,0,2591700,18.680499,Interactive,1,1.75
660600,Ztly4IlziLkv/WCAorNWvE1HjN/3TqHmRGZsrNn24u0uuxkPbMoJLj66QFmYkHbu,5.931286,6.904903999999999,9.983087,0,2591700,18.680499,Interactive,1,1.75
660900,Ztly4IlziLkv/WCAorNWvE1HjN/3TqHmRGZsrNn24u0uuxkPbMoJLj66QFmYkHbu,5.771869000000001,6.465334,8.170628,0,2591700,18.680499,Interactive,1,1.75
661200,Ztly4IlziLkv/WCAorNWvE1HjN/3TqHmRGZsrNn24u0uuxkPbMoJLj66QFmYkHbu,5.780627,6.552813,8.719964,0,2591700,18.680499,Interactive,1,1.75
661500,Ztly4IlziLkv/WCAorNWvE1HjN/3TqHmRGZsrNn24u0uuxkPbMoJLj66QFmYkHbu,5.822089,6.478935,8.182011,0,2591700,18.680499,Interactive,1,1.75
661800,Ztly4IlziLkv/WCAorNWvE1HjN/3TqHmRGZsrNn24u0uuxkPbMoJLj66QFmYkHbu,3.647743,6.598853,9.837485,0,2591700,18.680499,Interactive,1,1.75
662100,Ztly4IlziLkv/WCAorNWvE1HjN/3TqHmRGZsrNn24u0uuxkPbMoJLj66QFmYkHbu,5.79711,6.609305,8.646087,0,2591700,18.680499,Interactive,1,1.75
662400,Ztly4IlziLkv/WCAorNWvE1HjN/3TqHmRGZsrNn24u0uuxkPbMoJLj66QFmYkHbu,4.62988,6.378063,8.143764,0,2591700,18.680499,Interactive,1,1.75
662700,Ztly4IlziLkv/WCAorNWvE1HjN/3TqHmRGZsrNn24u0uuxkPbMoJLj66QFmYkHbu,5.789377,6.493903,8.461061,0,2591700,18.680499,Interactive,1,1.75
663000,Ztly4IlziLkv/WCAorNWvE1HjN/3TqHmRGZsrNn24u0uuxkPbMoJLj66QFmYkHbu,3.559854,6.160158999999999,8.709783,0,2591700,18.680499,Interactive,1,1.75
663300,Ztly4IlziLkv/WCAorNWvE1HjN/3TqHmRGZsrNn24u0uuxkPbMoJLj66QFmYkHbu,4.132628,6.244676,8.286052,0,2591700,18.680499,Interactive,1,1.75
663600,Ztly4IlziLkv/WCAorNWvE1HjN/3TqHmRGZsrNn24u0uuxkPbMoJLj66QFmYkHbu,5.679696,6.352922,7.970960000000001,0,2591700,18.680499,Interactive,1,1.75
663900,Ztly4IlziLkv/WCAorNWvE1HjN/3TqHmRGZsrNn24u0uuxkPbMoJLj66QFmYkHbu,5.782235,6.894464999999999,9.918863,0,2591700,18.680499,Interactive,1,1.75
664200,Ztly4IlziLkv/WCAorNWvE1HjN/3TqHmRGZsrNn24u0uuxkPbMoJLj66QFmYkHbu,5.801418,7.244080999999999,13.47562,0,2591700,18.680499,Interactive,1,1.75
664500,Ztly4IlziLkv/WCAorNWvE1HjN/3TqHmRGZsrNn24u0uuxkPbMoJLj66QFmYkHbu,5.733048,6.389193,8.19108,0,2591700,18.680499,Interactive,1,1.75
664800,Ztly4IlziLkv/WCAorNWvE1HjN/3TqHmRGZsrNn24u0uuxkPbMoJLj66QFmYkHbu,5.821097,6.2282,8.372442999999999,0,2591700,18.680499,Interactive,1,1.75
665100,Ztly4IlziLkv/WCAorNWvE1HjN/3TqHmRGZsrNn24u0uuxkPbMoJLj66QFmYkHbu,5.6535,6.081632,6.601342,0,2591700,18.680499,Interactive,1,1.75
665400,Ztly4IlziLkv/WCAorNWvE1HjN/3TqHmRGZsrNn24u0uuxkPbMoJLj66QFmYkHbu,5.668705,6.225879,8.567223,0,2591700,18.680499,Interactive,1,1.75
665700,Ztly4IlziLkv/WCAorNWvE1HjN/3TqHmRGZsrNn24u0uuxkPbMoJLj66QFmYkHbu,5.763563,6.54124,8.451118,0,2591700,18.680499,Interactive,1,1.75
666000,Ztly4IlziLkv/WCAorNWvE1HjN/3TqHmRGZsrNn24u0uuxkPbMoJLj66QFmYkHbu,5.872999,6.474131,8.173126,0,2591700,18.680499,Interactive,1,1.75
666300,Ztly4IlziLkv/WCAorNWvE1HjN/3TqHmRGZsrNn24u0uuxkPbMoJLj66QFmYkHbu,5.884698,6.388323000000001,8.184211,0,2591700,18.680499,Interactive,1,1.75
666600,Ztly4IlziLkv/WCAorNWvE1HjN/3TqHmRGZsrNn24u0uuxkPbMoJLj66QFmYkHbu,5.8042940000000005,6.518372,8.184197,0,2591700,18.680499,Interactive,1,1.75
666900,Ztly4IlziLkv/WCAorNWvE1HjN/3TqHmRGZsrNn24u0uuxkPbMoJLj66QFmYkHbu,5.952775,6.542322,8.117644,0,2591700,18.680499,Interactive,1,1.75
667200,Ztly4IlziLkv/WCAorNWvE1HjN/3TqHmRGZsrNn24u0uuxkPbMoJLj66QFmYkHbu,5.976255999999999,6.371041,7.928094000000001,0,2591700,18.680499,Interactive,1,1.75
667500,Ztly4IlziLkv/WCAorNWvE1HjN/3TqHmRGZsrNn24u0uuxkPbMoJLj66QFmYkHbu,5.608731,6.381254,7.510032000000001,0,2591700,18.680499,Interactive,1,1.75
667800,Ztly4IlziLkv/WCAorNWvE1HjN/3TqHmRGZsrNn24u0uuxkPbMoJLj66QFmYkHbu,5.9020660000000005,10.512865,39.700312,0,2591700,18.680499,Interactive,1,1.75
668100,Ztly4IlziLkv/WCAorNWvE1HjN/3TqHmRGZsrNn24u0uuxkPbMoJLj66QFmYkHbu,5.904816,6.40048,7.353191000000001,0,2591700,18.680499,Interactive,1,1.75
668400,Ztly4IlziLkv/WCAorNWvE1HjN/3TqHmRGZsrNn24u0uuxkPbMoJLj66QFmYkHbu,5.776746,6.4031720000000005,7.452114999999999,0,2591700,18.680499,Interactive,1,1.75
668700,Ztly4IlziLkv/WCAorNWvE1HjN/3TqHmRGZsrNn24u0uuxkPbMoJLj66QFmYkHbu,5.9043790000000005,7.68688,12.253842,0,2591700,18.680499,Interactive,1,1.75
669000,Ztly4IlziLkv/WCAorNWvE1HjN/3TqHmRGZsrNn24u0uuxkPbMoJLj66QFmYkHbu,5.894183,6.442493,7.528605000000001,0,2591700,18.680499,Interactive,1,1.75
669300,Ztly4IlziLkv/WCAorNWvE1HjN/3TqHmRGZsrNn24u0uuxkPbMoJLj66QFmYkHbu,5.993805,6.484346,7.310364999999999,0,2591700,18.680499,Interactive,1,1.75
669600,Ztly4IlziLkv/WCAorNWvE1HjN/3TqHmRGZsrNn24u0uuxkPbMoJLj66QFmYkHbu,6.143712,6.472111,7.191891,0,2591700,18.680499,Interactive,1,1.75
669900,Ztly4IlziLkv/WCAorNWvE1HjN/3TqHmRGZsrNn24u0uuxkPbMoJLj66QFmYkHbu,5.848184,6.509848000000001,7.323097,0,2591700,18.680499,Interactive,1,1.75
670200,Ztly4IlziLkv/WCAorNWvE1HjN/3TqHmRGZsrNn24u0uuxkPbMoJLj66QFmYkHbu,5.816655,6.383099,7.411426,0,2591700,18.680499,Interactive,1,1.75
670500,Ztly4IlziLkv/WCAorNWvE1HjN/3TqHmRGZsrNn24u0uuxkPbMoJLj66QFmYkHbu,5.889084,6.493024,6.986611999999999,0,2591700,18.680499,Interactive,1,1.75
670800,Ztly4IlziLkv/WCAorNWvE1HjN/3TqHmRGZsrNn24u0uuxkPbMoJLj66QFmYkHbu,5.779425,6.375695,7.351197999999999,0,2591700,18.680499,Interactive,1,1.75
671100,Ztly4IlziLkv/WCAorNWvE1HjN/3TqHmRGZsrNn24u0uuxkPbMoJLj66QFmYkHbu,6.204705000000001,6.7109190000000005,7.680988,0,2591700,18.680499,Interactive,1,1.75
671400,Ztly4IlziLkv/WCAorNWvE1HjN/3TqHmRGZsrNn24u0uuxkPbMoJLj66QFmYkHbu,6.264834,6.810103,7.920139999999999,0,2591700,18.680499,Interactive,1,1.75
671700,Ztly4IlziLkv/WCAorNWvE1HjN/3TqHmRGZsrNn24u0uuxkPbMoJLj66QFmYkHbu,5.8343300000000005,6.426858999999999,7.287052,0,2591700,18.680499,Interactive,1,1.75
672000,Ztly4IlziLkv/WCAorNWvE1HjN/3TqHmRGZsrNn24u0uuxkPbMoJLj66QFmYkHbu,5.839313,6.377934,7.341275,0,2591700,18.680499,Interactive,1,1.75
672300,Ztly4IlziLkv/WCAorNWvE1HjN/3TqHmRGZsrNn24u0uuxkPbMoJLj66QFmYkHbu,5.951143,6.528847,7.13714,0,2591700,18.680499,Interactive,1,1.75
672600,Ztly4IlziLkv/WCAorNWvE1HjN/3TqHmRGZsrNn24u0uuxkPbMoJLj66QFmYkHbu,5.807645,6.403053,7.264769,0,2591700,18.680499,Interactive,1,1.75
672900,Ztly4IlziLkv/WCAorNWvE1HjN/3TqHmRGZsrNn24u0uuxkPbMoJLj66QFmYkHbu,5.931261,6.4076010000000005,7.445148,0,2591700,18.680499,Interactive,1,1.75
673200,Ztly4IlziLkv/WCAorNWvE1HjN/3TqHmRGZsrNn24u0uuxkPbMoJLj66QFmYkHbu,5.977489,6.409634,7.028424,0,2591700,18.680499,Interactive,1,1.75
673500,Ztly4IlziLkv/WCAorNWvE1HjN/3TqHmRGZsrNn24u0uuxkPbMoJLj66QFmYkHbu,5.952935,6.472412,7.1964440000000005,0,2591700,18.680499,Interactive,1,1.75
673800,Ztly4IlziLkv/WCAorNWvE1HjN/3TqHmRGZsrNn24u0uuxkPbMoJLj66QFmYkHbu,5.856982,6.5689,8.311173,0,2591700,18.680499,Interactive,1,1.75
674100,Ztly4IlziLkv/WCAorNWvE1HjN/3TqHmRGZsrNn24u0uuxkPbMoJLj66QFmYkHbu,5.833851999999999,6.706139,8.718667,0,2591700,18.680499,Interactive,1,1.75
674400,Ztly4IlziLkv/WCAorNWvE1HjN/3TqHmRGZsrNn24u0uuxkPbMoJLj66QFmYkHbu,5.879955000000001,6.425129,8.009647,0,2591700,18.680499,Interactive,1,1.75
674700,Ztly4IlziLkv/WCAorNWvE1HjN/3TqHmRGZsrNn24u0uuxkPbMoJLj66QFmYkHbu,5.862864,6.681941,7.531894,0,2591700,18.680499,Interactive,1,1.75
675000,Ztly4IlziLkv/WCAorNWvE1HjN/3TqHmRGZsrNn24u0uuxkPbMoJLj66QFmYkHbu,5.905994000000001,7.37445,15.387425,0,2591700,18.680499,Interactive,1,1.75
675300,Ztly4IlziLkv/WCAorNWvE1HjN/3TqHmRGZsrNn24u0uuxkPbMoJLj66QFmYkHbu,5.741401000000001,6.3074650000000005,7.0865350000000005,0,2591700,18.680499,Interactive,1,1.75
675600,Ztly4IlziLkv/WCAorNWvE1HjN/3TqHmRGZsrNn24u0uuxkPbMoJLj66QFmYkHbu,5.7745120000000005,6.37125,7.5426,0,2591700,18.680499,Interactive,1,1.75
675900,Ztly4IlziLkv/WCAorNWvE1HjN/3TqHmRGZsrNn24u0uuxkPbMoJLj66QFmYkHbu,6.005979,6.535101,7.480671000000001,0,2591700,18.680499,Interactive,1,1.75
676200,Ztly4IlziLkv/WCAorNWvE1HjN/3TqHmRGZsrNn24u0uuxkPbMoJLj66QFmYkHbu,5.7985050000000005,6.499394000000001,8.079079,0,2591700,18.680499,Interactive,1,1.75
676500,Ztly4IlziLkv/WCAorNWvE1HjN/3TqHmRGZsrNn24u0uuxkPbMoJLj66QFmYkHbu,5.852312,6.540936,7.790807000000001,0,2591700,18.680499,Interactive,1,1.75
676800,Ztly4IlziLkv/WCAorNWvE1HjN/3TqHmRGZsrNn24u0uuxkPbMoJLj66QFmYkHbu,5.943329,6.480659999999999,7.60027,0,2591700,18.680499,Interactive,1,1.75
677100,Ztly4IlziLkv/WCAorNWvE1HjN/3TqHmRGZsrNn24u0uuxkPbMoJLj66QFmYkHbu,5.785291,6.496918,7.952733999999999,0,2591700,18.680499,Interactive,1,1.75
677400,Ztly4IlziLkv/WCAorNWvE1HjN/3TqHmRGZsrNn24u0uuxkPbMoJLj66QFmYkHbu,5.860294000000001,6.4020150000000005,7.867106,0,2591700,18.680499,Interactive,1,1.75
677700,Ztly4IlziLkv/WCAorNWvE1HjN/3TqHmRGZsrNn24u0uuxkPbMoJLj66QFmYkHbu,5.733412,6.494834,7.689325999999999,0,2591700,18.680499,Interactive,1,1.75
678000,Ztly4IlziLkv/WCAorNWvE1HjN/3TqHmRGZsrNn24u0uuxkPbMoJLj66QFmYkHbu,5.730798,6.627300999999999,10.127116,0,2591700,18.680499,Interactive,1,1.75
678300,Ztly4IlziLkv/WCAorNWvE1HjN/3TqHmRGZsrNn24u0uuxkPbMoJLj66QFmYkHbu,5.755798,6.580386999999999,7.86937,0,2591700,18.680499,Interactive,1,1.75
678600,Ztly4IlziLkv/WCAorNWvE1HjN/3TqHmRGZsrNn24u0uuxkPbMoJLj66QFmYkHbu,5.677264,7.394578999999999,15.291288,0,2591700,18.680499,Interactive,1,1.75
678900,Ztly4IlziLkv/WCAorNWvE1HjN/3TqHmRGZsrNn24u0uuxkPbMoJLj66QFmYkHbu,5.65016,6.446091,7.953208999999999,0,2591700,18.680499,Interactive,1,1.75
679200,Ztly4IlziLkv/WCAorNWvE1HjN/3TqHmRGZsrNn24u0uuxkPbMoJLj66QFmYkHbu,5.671525,6.762025,10.768646,0,2591700,18.680499,Interactive,1,1.75
679500,Ztly4IlziLkv/WCAorNWvE1HjN/3TqHmRGZsrNn24u0uuxkPbMoJLj66QFmYkHbu,5.717047,6.81188,9.570711,0,2591700,18.680499,Interactive,1,1.75
679800,Ztly4IlziLkv/WCAorNWvE1HjN/3TqHmRGZsrNn24u0uuxkPbMoJLj66QFmYkHbu,5.798726,6.394524,8.020271000000001,0,2591700,18.680499,Interactive,1,1.75
680100,Ztly4IlziLkv/WCAorNWvE1HjN/3TqHmRGZsrNn24u0uuxkPbMoJLj66QFmYkHbu,5.748408,6.799014,11.174317,0,2591700,18.680499,Interactive,1,1.75
680400,Ztly4IlziLkv/WCAorNWvE1HjN/3TqHmRGZsrNn24u0uuxkPbMoJLj66QFmYkHbu,5.809009,6.521932,7.60793,0,2591700,18.680499,Interactive,1,1.75
680700,Ztly4IlziLkv/WCAorNWvE1HjN/3TqHmRGZsrNn24u0uuxkPbMoJLj66QFmYkHbu,5.702328,6.794835000000001,10.234884,0,2591700,18.680499,Interactive,1,1.75
681000,Ztly4IlziLkv/WCAorNWvE1HjN/3TqHmRGZsrNn24u0uuxkPbMoJLj66QFmYkHbu,5.806436,6.391182,7.160767,0,2591700,18.680499,Interactive,1,1.75
681300,Ztly4IlziLkv/WCAorNWvE1HjN/3TqHmRGZsrNn24u0uuxkPbMoJLj66QFmYkHbu,5.609262999999999,6.960378,11.82238,0,2591700,18.680499,Interactive,1,1.75
681600,Ztly4IlziLkv/WCAorNWvE1HjN/3TqHmRGZsrNn24u0uuxkPbMoJLj66QFmYkHbu,6.013864,6.485755999999999,7.618296000000001,0,2591700,18.680499,Interactive,1,1.75
681900,Ztly4IlziLkv/WCAorNWvE1HjN/3TqHmRGZsrNn24u0uuxkPbMoJLj66QFmYkHbu,5.867095,6.923531,10.164398,0,2591700,18.680499,Interactive,1,1.75
682200,Ztly4IlziLkv/WCAorNWvE1HjN/3TqHmRGZsrNn24u0uuxkPbMoJLj66QFmYkHbu,5.890537,6.846945,9.876815,0,2591700,18.680499,Interactive,1,1.75
682500,Ztly4IlziLkv/WCAorNWvE1HjN/3TqHmRGZsrNn24u0uuxkPbMoJLj66QFmYkHbu,5.773321,6.503692,7.607294,0,2591700,18.680499,Interactive,1,1.75
682800,Ztly4IlziLkv/WCAorNWvE1HjN/3TqHmRGZsrNn24u0uuxkPbMoJLj66QFmYkHbu,5.841777,6.806808999999999,10.274568,0,2591700,18.680499,Interactive,1,1.75
683100,Ztly4IlziLkv/WCAorNWvE1HjN/3TqHmRGZsrNn24u0uuxkPbMoJLj66QFmYkHbu,5.89531,7.21633,12.533732,0,2591700,18.680499,Interactive,1,1.75
683400,Ztly4IlziLkv/WCAorNWvE1HjN/3TqHmRGZsrNn24u0uuxkPbMoJLj66QFmYkHbu,5.861339,6.7592360000000005,10.205092,0,2591700,18.680499,Interactive,1,1.75
683700,Ztly4IlziLkv/WCAorNWvE1HjN/3TqHmRGZsrNn24u0uuxkPbMoJLj66QFmYkHbu,5.799858,6.462692,7.238562,0,2591700,18.680499,Interactive,1,1.75
684000,Ztly4IlziLkv/WCAorNWvE1HjN/3TqHmRGZsrNn24u0uuxkPbMoJLj66QFmYkHbu,5.615508999999999,6.738436,10.703675,0,2591700,18.680499,Interactive,1,1.75
684300,Ztly4IlziLkv/WCAorNWvE1HjN/3TqHmRGZsrNn24u0uuxkPbMoJLj66QFmYkHbu,5.822378,6.551275,7.538803999999999,0,2591700,18.680499,Interactive,1,1.75
684600,Ztly4IlziLkv/WCAorNWvE1HjN/3TqHmRGZsrNn24u0uuxkPbMoJLj66QFmYkHbu,5.761835,7.336164,16.442503,0,2591700,18.680499,Interactive,1,1.75
684900,Ztly4IlziLkv/WCAorNWvE1HjN/3TqHmRGZsrNn24u0uuxkPbMoJLj66QFmYkHbu,5.754519999999999,7.390318,14.896447,0,2591700,18.680499,Interactive,1,1.75
685200,Ztly4IlziLkv/WCAorNWvE1HjN/3TqHmRGZsrNn24u0uuxkPbMoJLj66QFmYkHbu,5.851694999999999,7.047680000000001,12.466724,0,2591700,18.680499,Interactive,1,1.75
685500,Ztly4IlziLkv/WCAorNWvE1HjN/3TqHmRGZsrNn24u0uuxkPbMoJLj66QFmYkHbu,5.955782,7.084722999999999,10.527189,0,2591700,18.680499,Interactive,1,1.75
685800,Ztly4IlziLkv/WCAorNWvE1HjN/3TqHmRGZsrNn24u0uuxkPbMoJLj66QFmYkHbu,5.934796,7.456763,15.132635,0,2591700,18.680499,Interactive,1,1.75
686100,Ztly4IlziLkv/WCAorNWvE1HjN/3TqHmRGZsrNn24u0uuxkPbMoJLj66QFmYkHbu,5.854051,6.934297,10.954121,0,2591700,18.680499,Interactive,1,1.75
686400,Ztly4IlziLkv/WCAorNWvE1HjN/3TqHmRGZsrNn24u0uuxkPbMoJLj66QFmYkHbu,5.899303,6.436484,7.172055,0,2591700,18.680499,Interactive,1,1.75
686700,Ztly4IlziLkv/WCAorNWvE1HjN/3TqHmRGZsrNn24u0uuxkPbMoJLj66QFmYkHbu,6.023288,7.072193,12.537755,0,2591700,18.680499,Interactive,1,1.75
687000,Ztly4IlziLkv/WCAorNWvE1HjN/3TqHmRGZsrNn24u0uuxkPbMoJLj66QFmYkHbu,5.74634,6.437245,7.442628,0,2591700,18.680499,Interactive,1,1.75
687300,Ztly4IlziLkv/WCAorNWvE1HjN/3TqHmRGZsrNn24u0uuxkPbMoJLj66QFmYkHbu,5.864122,6.940528,10.848833,0,2591700,18.680499,Interactive,1,1.75
687600,Ztly4IlziLkv/WCAorNWvE1HjN/3TqHmRGZsrNn24u0uuxkPbMoJLj66QFmYkHbu,5.875463,6.863980000000001,10.58552,0,2591700,18.680499,Interactive,1,1.75
687900,Ztly4IlziLkv/WCAorNWvE1HjN/3TqHmRGZsrNn24u0uuxkPbMoJLj66QFmYkHbu,6.126545,6.435849,7.235989,0,2591700,18.680499,Interactive,1,1.75
688200,Ztly4IlziLkv/WCAorNWvE1HjN/3TqHmRGZsrNn24u0uuxkPbMoJLj66QFmYkHbu,5.857137000000001,6.776447999999999,11.17023,0,2591700,18.680499,Interactive,1,1.75
688500,Ztly4IlziLkv/WCAorNWvE1HjN/3TqHmRGZsrNn24u0uuxkPbMoJLj66QFmYkHbu,5.81964,6.459751,7.243798,0,2591700,18.680499,Interactive,1,1.75
688800,Ztly4IlziLkv/WCAorNWvE1HjN/3TqHmRGZsrNn24u0uuxkPbMoJLj66QFmYkHbu,5.781308,6.705956,10.21344,0,2591700,18.680499,Interactive,1,1.75
689100,Ztly4IlziLkv/WCAorNWvE1HjN/3TqHmRGZsrNn24u0uuxkPbMoJLj66QFmYkHbu,5.927052,6.621463,7.918008,0,2591700,18.680499,Interactive,1,1.75
689400,Ztly4IlziLkv/WCAorNWvE1HjN/3TqHmRGZsrNn24u0uuxkPbMoJLj66QFmYkHbu,6.075949,7.799853999999999,14.981417,0,2591700,18.680499,Interactive,1,1.75
689700,Ztly4IlziLkv/WCAorNWvE1HjN/3TqHmRGZsrNn24u0uuxkPbMoJLj66QFmYkHbu,5.839914,6.461689,7.298792999999999,0,2591700,18.680499,Interactive,1,1.75
690000,Ztly4IlziLkv/WCAorNWvE1HjN/3TqHmRGZsrNn24u0uuxkPbMoJLj66QFmYkHbu,5.742236,6.85174,10.876538,0,2591700,18.680499,Interactive,1,1.75
690300,Ztly4IlziLkv/WCAorNWvE1HjN/3TqHmRGZsrNn24u0uuxkPbMoJLj66QFmYkHbu,5.867215,6.886589,10.588974,0,2591700,18.680499,Interactive,1,1.75
690600,Ztly4IlziLkv/WCAorNWvE1HjN/3TqHmRGZsrNn24u0uuxkPbMoJLj66QFmYkHbu,5.83983,6.365968,7.024477,0,2591700,18.680499,Interactive,1,1.75
690900,Ztly4IlziLkv/WCAorNWvE1HjN/3TqHmRGZsrNn24u0uuxkPbMoJLj66QFmYkHbu,5.756268,6.732804,10.361976,0,2591700,18.680499,Interactive,1,1.75
