timestamp,vm_id,min_cpu,max_cpu,avg_cpu,timestamp vm created,timestamp vm deleted,p95 max cpu,vm_category,vm virtual core count,vm memory (gb)
0,ZuJxayBRDbGft+XMd24ZsvOXGweNiHlOm/IPFRioqsiPPwVgLKjIv3Rqrp9VM2zC,2.108091,2.6714330000000004,4.410756,0,2591700,24.497461,Interactive,1,1.75
300,ZuJxayBRDbGft+XMd24ZsvOXGweNiHlOm/IPFRioqsiPPwVgLKjIv3Rqrp9VM2zC,2.145344,2.726771,4.595701,0,2591700,24.497461,Interactive,1,1.75
600,ZuJxayBRDbGft+XMd24ZsvOXGweNiHlOm/IPFRioqsiPPwVgLKjIv3Rqrp9VM2zC,2.217787,3.454775,8.777353,0,2591700,24.497461,Interactive,1,1.75
900,ZuJxayBRDbGft+XMd24ZsvOXGweNiHlOm/IPFRioqsiPPwVgLKjIv3Rqrp9VM2zC,1.95303,2.535172,4.163972,0,2591700,24.497461,Interactive,1,1.75
1200,ZuJxayBRDbGft+XMd24ZsvOXGweNiHlOm/IPFRioqsiPPwVgLKjIv3Rqrp9VM2zC,2.09456,2.70526,4.171678,0,2591700,24.497461,Interactive,1,1.75
1500,ZuJxayBRDbGft+XMd24ZsvOXGweNiHlOm/IPFRioqsiPPwVgLKjIv3Rqrp9VM2zC,1.771289,3.379583,8.829805,0,2591700,24.497461,Interactive,1,1.75
1800,ZuJxayBRDbGft+XMd24ZsvOXGweNiHlOm/IPFRioqsiPPwVgLKjIv3Rqrp9VM2zC,1.297999,2.60781,4.612936,0,2591700,24.497461,Interactive,1,1.75
2100,ZuJxayBRDbGft+XMd24ZsvOXGweNiHlOm/IPFRioqsiPPwVgLKjIv3Rqrp9VM2zC,2.20584,2.704259,4.097089,0,2591700,24.497461,Interactive,1,1.75
2400,ZuJxayBRDbGft+XMd24ZsvOXGweNiHlOm/IPFRioqsiPPwVgLKjIv3Rqrp9VM2zC,1.44062,2.746909,4.251659,0,2591700,24.497461,Interactive,1,1.75
2700,ZuJxayBRDbGft+XMd24ZsvOXGweNiHlOm/IPFRioqsiPPwVgLKjIv3Rqrp9VM2zC,2.157834,4.461217,16.730117,0,2591700,24.497461,Interactive,1,1.75
3000,ZuJxayBRDbGft+XMd24ZsvOXGweNiHlOm/IPFRioqsiPPwVgLKjIv3Rqrp9VM2zC,2.155734,2.931511,4.402191,0,2591700,24.497461,Interactive,1,1.75
3300,ZuJxayBRDbGft+XMd24ZsvOXGweNiHlOm/IPFRioqsiPPwVgLKjIv3Rqrp9VM2zC,2.276534,3.429331,8.97562,0,2591700,24.497461,Interactive,1,1.75
3600,ZuJxayBRDbGft+XMd24ZsvOXGweNiHlOm/IPFRioqsiPPwVgLKjIv3Rqrp9VM2zC,1.964981,3.283742,9.220832,0,2591700,24.497461,Interactive,1,1.75
3900,ZuJxayBRDbGft+XMd24ZsvOXGweNiHlOm/IPFRioqsiPPwVgLKjIv3Rqrp9VM2zC,2.100664,2.67555,3.95492,0,2591700,24.497461,Interactive,1,1.75
4200,ZuJxayBRDbGft+XMd24ZsvOXGweNiHlOm/IPFRioqsiPPwVgLKjIv3Rqrp9VM2zC,2.286191,3.732284,8.924136,0,2591700,24.497461,Interactive,1,1.75
4500,ZuJxayBRDbGft+XMd24ZsvOXGweNiHlOm/IPFRioqsiPPwVgLKjIv3Rqrp9VM2zC,2.137748,2.9667950000000003,5.305543,0,2591700,24.497461,Interactive,1,1.75
4800,ZuJxayBRDbGft+XMd24ZsvOXGweNiHlOm/IPFRioqsiPPwVgLKjIv3Rqrp9VM2zC,2.0491650000000003,2.642398,3.77056,0,2591700,24.497461,Interactive,1,1.75
5100,ZuJxayBRDbGft+XMd24ZsvOXGweNiHlOm/IPFRioqsiPPwVgLKjIv3Rqrp9VM2zC,2.296728,3.036818,4.540394,0,2591700,24.497461,Interactive,1,1.75
5400,ZuJxayBRDbGft+XMd24ZsvOXGweNiHlOm/IPFRioqsiPPwVgLKjIv3Rqrp9VM2zC,2.050873,2.725235,3.811913,0,2591700,24.497461,Interactive,1,1.75
5700,ZuJxayBRDbGft+XMd24ZsvOXGweNiHlOm/IPFRioqsiPPwVgLKjIv3Rqrp9VM2zC,1.952063,3.063886,6.07413,0,2591700,24.497461,Interactive,1,1.75
6000,ZuJxayBRDbGft+XMd24ZsvOXGweNiHlOm/IPFRioqsiPPwVgLKjIv3Rqrp9VM2zC,2.401312,3.514792,8.700515,0,2591700,24.497461,Interactive,1,1.75
6300,ZuJxayBRDbGft+XMd24ZsvOXGweNiHlOm/IPFRioqsiPPwVgLKjIv3Rqrp9VM2zC,2.09041,4.94473,19.956224,0,2591700,24.497461,Interactive,1,1.75
6600,ZuJxayBRDbGft+XMd24ZsvOXGweNiHlOm/IPFRioqsiPPwVgLKjIv3Rqrp9VM2zC,2.060449,2.712178,3.994781,0,2591700,24.497461,Interactive,1,1.75
6900,ZuJxayBRDbGft+XMd24ZsvOXGweNiHlOm/IPFRioqsiPPwVgLKjIv3Rqrp9VM2zC,1.824973,3.329416,8.747661,0,2591700,24.497461,Interactive,1,1.75
7200,ZuJxayBRDbGft+XMd24ZsvOXGweNiHlOm/IPFRioqsiPPwVgLKjIv3Rqrp9VM2zC,1.852672,2.726791,3.903795,0,2591700,24.497461,Interactive,1,1.75
7500,ZuJxayBRDbGft+XMd24ZsvOXGweNiHlOm/IPFRioqsiPPwVgLKjIv3Rqrp9VM2zC,2.050654,2.68378,3.907508,0,2591700,24.497461,Interactive,1,1.75
7800,ZuJxayBRDbGft+XMd24ZsvOXGweNiHlOm/IPFRioqsiPPwVgLKjIv3Rqrp9VM2zC,2.333554,2.908292,3.92704,0,2591700,24.497461,Interactive,1,1.75
8100,ZuJxayBRDbGft+XMd24ZsvOXGweNiHlOm/IPFRioqsiPPwVgLKjIv3Rqrp9VM2zC,1.931181,2.6047860000000003,3.729034,0,2591700,24.497461,Interactive,1,1.75
8400,ZuJxayBRDbGft+XMd24ZsvOXGweNiHlOm/IPFRioqsiPPwVgLKjIv3Rqrp9VM2zC,1.984941,2.666717,4.003789,0,2591700,24.497461,Interactive,1,1.75
8700,ZuJxayBRDbGft+XMd24ZsvOXGweNiHlOm/IPFRioqsiPPwVgLKjIv3Rqrp9VM2zC,2.193232,3.432401,8.897469000000001,0,2591700,24.497461,Interactive,1,1.75
9000,ZuJxayBRDbGft+XMd24ZsvOXGweNiHlOm/IPFRioqsiPPwVgLKjIv3Rqrp9VM2zC,2.016054,2.668381,3.680186,0,2591700,24.497461,Interactive,1,1.75
9300,ZuJxayBRDbGft+XMd24ZsvOXGweNiHlOm/IPFRioqsiPPwVgLKjIv3Rqrp9VM2zC,2.02878,2.665846,3.859687,0,2591700,24.497461,Interactive,1,1.75
9600,ZuJxayBRDbGft+XMd24ZsvOXGweNiHlOm/IPFRioqsiPPwVgLKjIv3Rqrp9VM2zC,2.082929,3.376732,8.655097999999999,0,2591700,24.497461,Interactive,1,1.75
9900,ZuJxayBRDbGft+XMd24ZsvOXGweNiHlOm/IPFRioqsiPPwVgLKjIv3Rqrp9VM2zC,1.785081,4.354254,19.795041,0,2591700,24.497461,Interactive,1,1.75
10200,ZuJxayBRDbGft+XMd24ZsvOXGweNiHlOm/IPFRioqsiPPwVgLKjIv3Rqrp9VM2zC,2.064106,2.723187,3.915715,0,2591700,24.497461,Interactive,1,1.75
10500,ZuJxayBRDbGft+XMd24ZsvOXGweNiHlOm/IPFRioqsiPPwVgLKjIv3Rqrp9VM2zC,2.212773,2.775657,4.067239,0,2591700,24.497461,Interactive,1,1.75
10800,ZuJxayBRDbGft+XMd24ZsvOXGweNiHlOm/IPFRioqsiPPwVgLKjIv3Rqrp9VM2zC,2.018919,2.673327,3.65524,0,2591700,24.497461,Interactive,1,1.75
11100,ZuJxayBRDbGft+XMd24ZsvOXGweNiHlOm/IPFRioqsiPPwVgLKjIv3Rqrp9VM2zC,2.041512,2.710767,4.040385,0,2591700,24.497461,Interactive,1,1.75
11400,ZuJxayBRDbGft+XMd24ZsvOXGweNiHlOm/IPFRioqsiPPwVgLKjIv3Rqrp9VM2zC,2.220761,3.499344,8.928177999999999,0,2591700,24.497461,Interactive,1,1.75
11700,ZuJxayBRDbGft+XMd24ZsvOXGweNiHlOm/IPFRioqsiPPwVgLKjIv3Rqrp9VM2zC,2.063169,2.673819,3.592504,0,2591700,24.497461,Interactive,1,1.75
12000,ZuJxayBRDbGft+XMd24ZsvOXGweNiHlOm/IPFRioqsiPPwVgLKjIv3Rqrp9VM2zC,2.066432,2.748397,3.973455,0,2591700,24.497461,Interactive,1,1.75
12300,ZuJxayBRDbGft+XMd24ZsvOXGweNiHlOm/IPFRioqsiPPwVgLKjIv3Rqrp9VM2zC,2.222528,3.5133650000000003,8.932518,0,2591700,24.497461,Interactive,1,1.75
12600,ZuJxayBRDbGft+XMd24ZsvOXGweNiHlOm/IPFRioqsiPPwVgLKjIv3Rqrp9VM2zC,1.6696240000000002,2.955148,5.459185,0,2591700,24.497461,Interactive,1,1.75
12900,ZuJxayBRDbGft+XMd24ZsvOXGweNiHlOm/IPFRioqsiPPwVgLKjIv3Rqrp9VM2zC,2.008671,2.684048,3.924035,0,2591700,24.497461,Interactive,1,1.75
13200,ZuJxayBRDbGft+XMd24ZsvOXGweNiHlOm/IPFRioqsiPPwVgLKjIv3Rqrp9VM2zC,1.437713,3.475931,9.947899,0,2591700,24.497461,Interactive,1,1.75
13500,ZuJxayBRDbGft+XMd24ZsvOXGweNiHlOm/IPFRioqsiPPwVgLKjIv3Rqrp9VM2zC,2.112197,4.485130000000001,21.053322,0,2591700,24.497461,Interactive,1,1.75
13800,ZuJxayBRDbGft+XMd24ZsvOXGweNiHlOm/IPFRioqsiPPwVgLKjIv3Rqrp9VM2zC,1.587861,2.659243,4.09244,0,2591700,24.497461,Interactive,1,1.75
14100,ZuJxayBRDbGft+XMd24ZsvOXGweNiHlOm/IPFRioqsiPPwVgLKjIv3Rqrp9VM2zC,2.38603,3.5559010000000004,9.147298,0,2591700,24.497461,Interactive,1,1.75
14400,ZuJxayBRDbGft+XMd24ZsvOXGweNiHlOm/IPFRioqsiPPwVgLKjIv3Rqrp9VM2zC,2.107295,2.661478,3.708091000000001,0,2591700,24.497461,Interactive,1,1.75
14700,ZuJxayBRDbGft+XMd24ZsvOXGweNiHlOm/IPFRioqsiPPwVgLKjIv3Rqrp9VM2zC,2.052499,2.723477,3.865194,0,2591700,24.497461,Interactive,1,1.75
15000,ZuJxayBRDbGft+XMd24ZsvOXGweNiHlOm/IPFRioqsiPPwVgLKjIv3Rqrp9VM2zC,2.187873,3.617789,8.947542,0,2591700,24.497461,Interactive,1,1.75
15300,ZuJxayBRDbGft+XMd24ZsvOXGweNiHlOm/IPFRioqsiPPwVgLKjIv3Rqrp9VM2zC,1.557882,2.6781040000000003,3.891546,0,2591700,24.497461,Interactive,1,1.75
15600,ZuJxayBRDbGft+XMd24ZsvOXGweNiHlOm/IPFRioqsiPPwVgLKjIv3Rqrp9VM2zC,2.140487,2.767791,3.686005,0,2591700,24.497461,Interactive,1,1.75
15900,ZuJxayBRDbGft+XMd24ZsvOXGweNiHlOm/IPFRioqsiPPwVgLKjIv3Rqrp9VM2zC,2.105657,3.442511,9.292797,0,2591700,24.497461,Interactive,1,1.75
16200,ZuJxayBRDbGft+XMd24ZsvOXGweNiHlOm/IPFRioqsiPPwVgLKjIv3Rqrp9VM2zC,2.092839,2.836074,4.810916000000001,0,2591700,24.497461,Interactive,1,1.75
16500,ZuJxayBRDbGft+XMd24ZsvOXGweNiHlOm/IPFRioqsiPPwVgLKjIv3Rqrp9VM2zC,2.047216,2.759695,4.19799,0,2591700,24.497461,Interactive,1,1.75
16800,ZuJxayBRDbGft+XMd24ZsvOXGweNiHlOm/IPFRioqsiPPwVgLKjIv3Rqrp9VM2zC,2.050811,3.324469,8.941018,0,2591700,24.497461,Interactive,1,1.75
17100,ZuJxayBRDbGft+XMd24ZsvOXGweNiHlOm/IPFRioqsiPPwVgLKjIv3Rqrp9VM2zC,2.209491,4.590873,16.113374,0,2591700,24.497461,Interactive,1,1.75
17400,ZuJxayBRDbGft+XMd24ZsvOXGweNiHlOm/IPFRioqsiPPwVgLKjIv3Rqrp9VM2zC,2.019809,2.774952,4.15139,0,2591700,24.497461,Interactive,1,1.75
17700,ZuJxayBRDbGft+XMd24ZsvOXGweNiHlOm/IPFRioqsiPPwVgLKjIv3Rqrp9VM2zC,2.259867,3.5054870000000005,9.033392,0,2591700,24.497461,Interactive,1,1.75
18000,ZuJxayBRDbGft+XMd24ZsvOXGweNiHlOm/IPFRioqsiPPwVgLKjIv3Rqrp9VM2zC,2.182126,2.829754,4.804126999999999,0,2591700,24.497461,Interactive,1,1.75
18300,ZuJxayBRDbGft+XMd24ZsvOXGweNiHlOm/IPFRioqsiPPwVgLKjIv3Rqrp9VM2zC,1.564196,2.576803,3.86132,0,2591700,24.497461,Interactive,1,1.75
18600,ZuJxayBRDbGft+XMd24ZsvOXGweNiHlOm/IPFRioqsiPPwVgLKjIv3Rqrp9VM2zC,1.6841270000000002,2.6129,3.767079,0,2591700,24.497461,Interactive,1,1.75
18900,ZuJxayBRDbGft+XMd24ZsvOXGweNiHlOm/IPFRioqsiPPwVgLKjIv3Rqrp9VM2zC,2.168484,2.75717,4.240546,0,2591700,24.497461,Interactive,1,1.75
19200,ZuJxayBRDbGft+XMd24ZsvOXGweNiHlOm/IPFRioqsiPPwVgLKjIv3Rqrp9VM2zC,1.867383,2.716441,4.067467,0,2591700,24.497461,Interactive,1,1.75
19500,ZuJxayBRDbGft+XMd24ZsvOXGweNiHlOm/IPFRioqsiPPwVgLKjIv3Rqrp9VM2zC,2.123316,3.3247089999999995,8.743456,0,2591700,24.497461,Interactive,1,1.75
19800,ZuJxayBRDbGft+XMd24ZsvOXGweNiHlOm/IPFRioqsiPPwVgLKjIv3Rqrp9VM2zC,2.125673,2.844722,4.730455,0,2591700,24.497461,Interactive,1,1.75
20100,ZuJxayBRDbGft+XMd24ZsvOXGweNiHlOm/IPFRioqsiPPwVgLKjIv3Rqrp9VM2zC,2.086393,2.725118,3.800587,0,2591700,24.497461,Interactive,1,1.75
20400,ZuJxayBRDbGft+XMd24ZsvOXGweNiHlOm/IPFRioqsiPPwVgLKjIv3Rqrp9VM2zC,1.415104,3.225536,9.218754,0,2591700,24.497461,Interactive,1,1.75
20700,ZuJxayBRDbGft+XMd24ZsvOXGweNiHlOm/IPFRioqsiPPwVgLKjIv3Rqrp9VM2zC,2.255163,4.613432,20.3153,0,2591700,24.497461,Interactive,1,1.75
21000,ZuJxayBRDbGft+XMd24ZsvOXGweNiHlOm/IPFRioqsiPPwVgLKjIv3Rqrp9VM2zC,2.064543,2.702718,3.924406,0,2591700,24.497461,Interactive,1,1.75
21300,ZuJxayBRDbGft+XMd24ZsvOXGweNiHlOm/IPFRioqsiPPwVgLKjIv3Rqrp9VM2zC,2.225331,2.78283,3.653371,0,2591700,24.497461,Interactive,1,1.75
21600,ZuJxayBRDbGft+XMd24ZsvOXGweNiHlOm/IPFRioqsiPPwVgLKjIv3Rqrp9VM2zC,2.124071,2.918596,4.6548,0,2591700,24.497461,Interactive,1,1.75
21900,ZuJxayBRDbGft+XMd24ZsvOXGweNiHlOm/IPFRioqsiPPwVgLKjIv3Rqrp9VM2zC,1.884048,2.810047,3.83672,0,2591700,24.497461,Interactive,1,1.75
22200,ZuJxayBRDbGft+XMd24ZsvOXGweNiHlOm/IPFRioqsiPPwVgLKjIv3Rqrp9VM2zC,2.127216,3.46634,9.123039,0,2591700,24.497461,Interactive,1,1.75
22500,ZuJxayBRDbGft+XMd24ZsvOXGweNiHlOm/IPFRioqsiPPwVgLKjIv3Rqrp9VM2zC,1.78162,2.828338,4.859926000000001,0,2591700,24.497461,Interactive,1,1.75
22800,ZuJxayBRDbGft+XMd24ZsvOXGweNiHlOm/IPFRioqsiPPwVgLKjIv3Rqrp9VM2zC,2.068636,2.847731,3.997951,0,2591700,24.497461,Interactive,1,1.75
23100,ZuJxayBRDbGft+XMd24ZsvOXGweNiHlOm/IPFRioqsiPPwVgLKjIv3Rqrp9VM2zC,2.121517,3.379689,8.6587,0,2591700,24.497461,Interactive,1,1.75
23400,ZuJxayBRDbGft+XMd24ZsvOXGweNiHlOm/IPFRioqsiPPwVgLKjIv3Rqrp9VM2zC,2.193484,2.952704,4.529574,0,2591700,24.497461,Interactive,1,1.75
23700,ZuJxayBRDbGft+XMd24ZsvOXGweNiHlOm/IPFRioqsiPPwVgLKjIv3Rqrp9VM2zC,2.074382,2.803881,3.759458,0,2591700,24.497461,Interactive,1,1.75
24000,ZuJxayBRDbGft+XMd24ZsvOXGweNiHlOm/IPFRioqsiPPwVgLKjIv3Rqrp9VM2zC,2.170825,2.824836,3.791394,0,2591700,24.497461,Interactive,1,1.75
24300,ZuJxayBRDbGft+XMd24ZsvOXGweNiHlOm/IPFRioqsiPPwVgLKjIv3Rqrp9VM2zC,2.15523,4.646024,20.183973,0,2591700,24.497461,Interactive,1,1.75
24600,ZuJxayBRDbGft+XMd24ZsvOXGweNiHlOm/IPFRioqsiPPwVgLKjIv3Rqrp9VM2zC,1.506948,2.879135,3.866221,0,2591700,24.497461,Interactive,1,1.75
24900,ZuJxayBRDbGft+XMd24ZsvOXGweNiHlOm/IPFRioqsiPPwVgLKjIv3Rqrp9VM2zC,2.210778,3.464005,6.414205,0,2591700,24.497461,Interactive,1,1.75
25200,ZuJxayBRDbGft+XMd24ZsvOXGweNiHlOm/IPFRioqsiPPwVgLKjIv3Rqrp9VM2zC,2.196216,2.899972,4.642473000000001,0,2591700,24.497461,Interactive,1,1.75
25500,ZuJxayBRDbGft+XMd24ZsvOXGweNiHlOm/IPFRioqsiPPwVgLKjIv3Rqrp9VM2zC,2.072603,2.853175,3.774275,0,2591700,24.497461,Interactive,1,1.75
25800,ZuJxayBRDbGft+XMd24ZsvOXGweNiHlOm/IPFRioqsiPPwVgLKjIv3Rqrp9VM2zC,1.720473,3.3737160000000004,8.557117,0,2591700,24.497461,Interactive,1,1.75
26100,ZuJxayBRDbGft+XMd24ZsvOXGweNiHlOm/IPFRioqsiPPwVgLKjIv3Rqrp9VM2zC,2.292864,2.978133,4.652896,0,2591700,24.497461,Interactive,1,1.75
26400,ZuJxayBRDbGft+XMd24ZsvOXGweNiHlOm/IPFRioqsiPPwVgLKjIv3Rqrp9VM2zC,1.24081,2.719814,3.741503,0,2591700,24.497461,Interactive,1,1.75
26700,ZuJxayBRDbGft+XMd24ZsvOXGweNiHlOm/IPFRioqsiPPwVgLKjIv3Rqrp9VM2zC,1.573337,3.4416050000000005,9.215134,0,2591700,24.497461,Interactive,1,1.75
27000,ZuJxayBRDbGft+XMd24ZsvOXGweNiHlOm/IPFRioqsiPPwVgLKjIv3Rqrp9VM2zC,2.197121,2.957853,4.2740860000000005,0,2591700,24.497461,Interactive,1,1.75
27300,ZuJxayBRDbGft+XMd24ZsvOXGweNiHlOm/IPFRioqsiPPwVgLKjIv3Rqrp9VM2zC,2.076428,16.062419000000002,85.3815,0,2591700,24.497461,Interactive,1,1.75
27600,ZuJxayBRDbGft+XMd24ZsvOXGweNiHlOm/IPFRioqsiPPwVgLKjIv3Rqrp9VM2zC,2.14168,3.495285,8.688626,0,2591700,24.497461,Interactive,1,1.75
27900,ZuJxayBRDbGft+XMd24ZsvOXGweNiHlOm/IPFRioqsiPPwVgLKjIv3Rqrp9VM2zC,2.038271,4.816981,22.366528,0,2591700,24.497461,Interactive,1,1.75
28200,ZuJxayBRDbGft+XMd24ZsvOXGweNiHlOm/IPFRioqsiPPwVgLKjIv3Rqrp9VM2zC,2.122192,2.797192,4.162989,0,2591700,24.497461,Interactive,1,1.75
28500,ZuJxayBRDbGft+XMd24ZsvOXGweNiHlOm/IPFRioqsiPPwVgLKjIv3Rqrp9VM2zC,1.526328,3.2997050000000003,8.772192,0,2591700,24.497461,Interactive,1,1.75
28800,ZuJxayBRDbGft+XMd24ZsvOXGweNiHlOm/IPFRioqsiPPwVgLKjIv3Rqrp9VM2zC,2.067711,2.878019,4.491034,0,2591700,24.497461,Interactive,1,1.75
29100,ZuJxayBRDbGft+XMd24ZsvOXGweNiHlOm/IPFRioqsiPPwVgLKjIv3Rqrp9VM2zC,1.028823,2.617505,4.199287,0,2591700,24.497461,Interactive,1,1.75
29400,ZuJxayBRDbGft+XMd24ZsvOXGweNiHlOm/IPFRioqsiPPwVgLKjIv3Rqrp9VM2zC,1.83853,3.342215,9.044368,0,2591700,24.497461,Interactive,1,1.75
29700,ZuJxayBRDbGft+XMd24ZsvOXGweNiHlOm/IPFRioqsiPPwVgLKjIv3Rqrp9VM2zC,2.052445,2.8515330000000003,4.272106,0,2591700,24.497461,Interactive,1,1.75
30000,ZuJxayBRDbGft+XMd24ZsvOXGweNiHlOm/IPFRioqsiPPwVgLKjIv3Rqrp9VM2zC,1.490022,2.691424,4.0343230000000005,0,2591700,24.497461,Interactive,1,1.75
30300,ZuJxayBRDbGft+XMd24ZsvOXGweNiHlOm/IPFRioqsiPPwVgLKjIv3Rqrp9VM2zC,2.292795,3.3808510000000003,8.420542999999999,0,2591700,24.497461,Interactive,1,1.75
30600,ZuJxayBRDbGft+XMd24ZsvOXGweNiHlOm/IPFRioqsiPPwVgLKjIv3Rqrp9VM2zC,2.05191,3.207873,6.273718,0,2591700,24.497461,Interactive,1,1.75
30900,ZuJxayBRDbGft+XMd24ZsvOXGweNiHlOm/IPFRioqsiPPwVgLKjIv3Rqrp9VM2zC,2.122762,2.784831,4.0364580000000005,0,2591700,24.497461,Interactive,1,1.75
31200,ZuJxayBRDbGft+XMd24ZsvOXGweNiHlOm/IPFRioqsiPPwVgLKjIv3Rqrp9VM2zC,1.514112,3.24381,8.454858,0,2591700,24.497461,Interactive,1,1.75
31500,ZuJxayBRDbGft+XMd24ZsvOXGweNiHlOm/IPFRioqsiPPwVgLKjIv3Rqrp9VM2zC,2.074412,4.628198,21.844768,0,2591700,24.497461,Interactive,1,1.75
31800,ZuJxayBRDbGft+XMd24ZsvOXGweNiHlOm/IPFRioqsiPPwVgLKjIv3Rqrp9VM2zC,2.029214,2.690323,3.903714,0,2591700,24.497461,Interactive,1,1.75
32100,ZuJxayBRDbGft+XMd24ZsvOXGweNiHlOm/IPFRioqsiPPwVgLKjIv3Rqrp9VM2zC,2.216373,3.444599,9.293999,0,2591700,24.497461,Interactive,1,1.75
32400,ZuJxayBRDbGft+XMd24ZsvOXGweNiHlOm/IPFRioqsiPPwVgLKjIv3Rqrp9VM2zC,2.016198,2.787805,3.92061,0,2591700,24.497461,Interactive,1,1.75
32700,ZuJxayBRDbGft+XMd24ZsvOXGweNiHlOm/IPFRioqsiPPwVgLKjIv3Rqrp9VM2zC,1.551729,2.696623,4.08897,0,2591700,24.497461,Interactive,1,1.75
33000,ZuJxayBRDbGft+XMd24ZsvOXGweNiHlOm/IPFRioqsiPPwVgLKjIv3Rqrp9VM2zC,2.051525,3.386676,8.6902,0,2591700,24.497461,Interactive,1,1.75
33300,ZuJxayBRDbGft+XMd24ZsvOXGweNiHlOm/IPFRioqsiPPwVgLKjIv3Rqrp9VM2zC,2.07632,3.1186130000000003,5.784879,0,2591700,24.497461,Interactive,1,1.75
33600,ZuJxayBRDbGft+XMd24ZsvOXGweNiHlOm/IPFRioqsiPPwVgLKjIv3Rqrp9VM2zC,2.093989,2.7590790000000003,3.764769,0,2591700,24.497461,Interactive,1,1.75
33900,ZuJxayBRDbGft+XMd24ZsvOXGweNiHlOm/IPFRioqsiPPwVgLKjIv3Rqrp9VM2zC,1.634576,3.225986,8.621163000000001,0,2591700,24.497461,Interactive,1,1.75
34200,ZuJxayBRDbGft+XMd24ZsvOXGweNiHlOm/IPFRioqsiPPwVgLKjIv3Rqrp9VM2zC,2.068245,2.89965,4.509309,0,2591700,24.497461,Interactive,1,1.75
34500,ZuJxayBRDbGft+XMd24ZsvOXGweNiHlOm/IPFRioqsiPPwVgLKjIv3Rqrp9VM2zC,1.63754,2.642687,4.04459,0,2591700,24.497461,Interactive,1,1.75
34800,ZuJxayBRDbGft+XMd24ZsvOXGweNiHlOm/IPFRioqsiPPwVgLKjIv3Rqrp9VM2zC,1.303249,3.272017,9.043894,0,2591700,24.497461,Interactive,1,1.75
35100,ZuJxayBRDbGft+XMd24ZsvOXGweNiHlOm/IPFRioqsiPPwVgLKjIv3Rqrp9VM2zC,2.0816380000000003,4.631642,16.419317000000003,0,2591700,24.497461,Interactive,1,1.75
35400,ZuJxayBRDbGft+XMd24ZsvOXGweNiHlOm/IPFRioqsiPPwVgLKjIv3Rqrp9VM2zC,2.213741,2.800418,3.945796,0,2591700,24.497461,Interactive,1,1.75
35700,ZuJxayBRDbGft+XMd24ZsvOXGweNiHlOm/IPFRioqsiPPwVgLKjIv3Rqrp9VM2zC,2.236133,3.3842480000000004,8.584000999999999,0,2591700,24.497461,Interactive,1,1.75
36000,ZuJxayBRDbGft+XMd24ZsvOXGweNiHlOm/IPFRioqsiPPwVgLKjIv3Rqrp9VM2zC,2.080965,2.882838,4.546344,0,2591700,24.497461,Interactive,1,1.75
36300,ZuJxayBRDbGft+XMd24ZsvOXGweNiHlOm/IPFRioqsiPPwVgLKjIv3Rqrp9VM2zC,2.019256,2.760594,3.969303,0,2591700,24.497461,Interactive,1,1.75
36600,ZuJxayBRDbGft+XMd24ZsvOXGweNiHlOm/IPFRioqsiPPwVgLKjIv3Rqrp9VM2zC,1.975771,3.288188,8.566813,0,2591700,24.497461,Interactive,1,1.75
36900,ZuJxayBRDbGft+XMd24ZsvOXGweNiHlOm/IPFRioqsiPPwVgLKjIv3Rqrp9VM2zC,2.094265,2.80847,4.105937,0,2591700,24.497461,Interactive,1,1.75
37200,ZuJxayBRDbGft+XMd24ZsvOXGweNiHlOm/IPFRioqsiPPwVgLKjIv3Rqrp9VM2zC,1.466559,2.640651,3.7554,0,2591700,24.497461,Interactive,1,1.75
37500,ZuJxayBRDbGft+XMd24ZsvOXGweNiHlOm/IPFRioqsiPPwVgLKjIv3Rqrp9VM2zC,1.318796,3.350368,9.191893,0,2591700,24.497461,Interactive,1,1.75
37800,ZuJxayBRDbGft+XMd24ZsvOXGweNiHlOm/IPFRioqsiPPwVgLKjIv3Rqrp9VM2zC,1.992592,2.91682,4.357104,0,2591700,24.497461,Interactive,1,1.75
38100,ZuJxayBRDbGft+XMd24ZsvOXGweNiHlOm/IPFRioqsiPPwVgLKjIv3Rqrp9VM2zC,1.791614,2.749294,3.883407,0,2591700,24.497461,Interactive,1,1.75
38400,ZuJxayBRDbGft+XMd24ZsvOXGweNiHlOm/IPFRioqsiPPwVgLKjIv3Rqrp9VM2zC,2.366865,2.849543,3.794736,0,2591700,24.497461,Interactive,1,1.75
38700,ZuJxayBRDbGft+XMd24ZsvOXGweNiHlOm/IPFRioqsiPPwVgLKjIv3Rqrp9VM2zC,1.27035,5.162454,21.178902,0,2591700,24.497461,Interactive,1,1.75
39000,ZuJxayBRDbGft+XMd24ZsvOXGweNiHlOm/IPFRioqsiPPwVgLKjIv3Rqrp9VM2zC,1.970982,2.764625,3.580751,0,2591700,24.497461,Interactive,1,1.75
39300,ZuJxayBRDbGft+XMd24ZsvOXGweNiHlOm/IPFRioqsiPPwVgLKjIv3Rqrp9VM2zC,2.296133,2.956322,4.845511,0,2591700,24.497461,Interactive,1,1.75
39600,ZuJxayBRDbGft+XMd24ZsvOXGweNiHlOm/IPFRioqsiPPwVgLKjIv3Rqrp9VM2zC,2.087637,3.480703,9.401048,0,2591700,24.497461,Interactive,1,1.75
39900,ZuJxayBRDbGft+XMd24ZsvOXGweNiHlOm/IPFRioqsiPPwVgLKjIv3Rqrp9VM2zC,2.03187,2.649941,3.587791,0,2591700,24.497461,Interactive,1,1.75
40200,ZuJxayBRDbGft+XMd24ZsvOXGweNiHlOm/IPFRioqsiPPwVgLKjIv3Rqrp9VM2zC,2.232767,2.960173,4.191232,0,2591700,24.497461,Interactive,1,1.75
40500,ZuJxayBRDbGft+XMd24ZsvOXGweNiHlOm/IPFRioqsiPPwVgLKjIv3Rqrp9VM2zC,1.985808,3.429706,9.498795,0,2591700,24.497461,Interactive,1,1.75
40800,ZuJxayBRDbGft+XMd24ZsvOXGweNiHlOm/IPFRioqsiPPwVgLKjIv3Rqrp9VM2zC,2.147517,2.679142,3.787387,0,2591700,24.497461,Interactive,1,1.75
41100,ZuJxayBRDbGft+XMd24ZsvOXGweNiHlOm/IPFRioqsiPPwVgLKjIv3Rqrp9VM2zC,2.313237,2.8429990000000003,4.02162,0,2591700,24.497461,Interactive,1,1.75
41400,ZuJxayBRDbGft+XMd24ZsvOXGweNiHlOm/IPFRioqsiPPwVgLKjIv3Rqrp9VM2zC,2.040014,3.494949,9.621116,0,2591700,24.497461,Interactive,1,1.75
41700,ZuJxayBRDbGft+XMd24ZsvOXGweNiHlOm/IPFRioqsiPPwVgLKjIv3Rqrp9VM2zC,2.046455,2.638606,3.540196,0,2591700,24.497461,Interactive,1,1.75
42000,ZuJxayBRDbGft+XMd24ZsvOXGweNiHlOm/IPFRioqsiPPwVgLKjIv3Rqrp9VM2zC,2.151496,3.210103,6.113308,0,2591700,24.497461,Interactive,1,1.75
42300,ZuJxayBRDbGft+XMd24ZsvOXGweNiHlOm/IPFRioqsiPPwVgLKjIv3Rqrp9VM2zC,2.048451,5.326283999999999,22.374013,0,2591700,24.497461,Interactive,1,1.75
42600,ZuJxayBRDbGft+XMd24ZsvOXGweNiHlOm/IPFRioqsiPPwVgLKjIv3Rqrp9VM2zC,2.106619,2.603764,3.829611,0,2591700,24.497461,Interactive,1,1.75
42900,ZuJxayBRDbGft+XMd24ZsvOXGweNiHlOm/IPFRioqsiPPwVgLKjIv3Rqrp9VM2zC,1.837508,2.868728,4.127865,0,2591700,24.497461,Interactive,1,1.75
43200,ZuJxayBRDbGft+XMd24ZsvOXGweNiHlOm/IPFRioqsiPPwVgLKjIv3Rqrp9VM2zC,2.095201,3.4615089999999995,9.273456,0,2591700,24.497461,Interactive,1,1.75
43500,ZuJxayBRDbGft+XMd24ZsvOXGweNiHlOm/IPFRioqsiPPwVgLKjIv3Rqrp9VM2zC,2.131591,2.960731,5.500615,0,2591700,24.497461,Interactive,1,1.75
43800,ZuJxayBRDbGft+XMd24ZsvOXGweNiHlOm/IPFRioqsiPPwVgLKjIv3Rqrp9VM2zC,2.291682,2.871734,4.062485,0,2591700,24.497461,Interactive,1,1.75
44100,ZuJxayBRDbGft+XMd24ZsvOXGweNiHlOm/IPFRioqsiPPwVgLKjIv3Rqrp9VM2zC,2.10385,3.553478,10.035872,0,2591700,24.497461,Interactive,1,1.75
44400,ZuJxayBRDbGft+XMd24ZsvOXGweNiHlOm/IPFRioqsiPPwVgLKjIv3Rqrp9VM2zC,2.128203,2.637,3.470775,0,2591700,24.497461,Interactive,1,1.75
44700,ZuJxayBRDbGft+XMd24ZsvOXGweNiHlOm/IPFRioqsiPPwVgLKjIv3Rqrp9VM2zC,2.336907,3.521527,9.391846,0,2591700,24.497461,Interactive,1,1.75
45000,ZuJxayBRDbGft+XMd24ZsvOXGweNiHlOm/IPFRioqsiPPwVgLKjIv3Rqrp9VM2zC,2.115622,3.531114,9.522187,0,2591700,24.497461,Interactive,1,1.75
45300,ZuJxayBRDbGft+XMd24ZsvOXGweNiHlOm/IPFRioqsiPPwVgLKjIv3Rqrp9VM2zC,1.398468,2.547316,3.712647,0,2591700,24.497461,Interactive,1,1.75
45600,ZuJxayBRDbGft+XMd24ZsvOXGweNiHlOm/IPFRioqsiPPwVgLKjIv3Rqrp9VM2zC,1.394857,2.797063,4.124925,0,2591700,24.497461,Interactive,1,1.75
45900,ZuJxayBRDbGft+XMd24ZsvOXGweNiHlOm/IPFRioqsiPPwVgLKjIv3Rqrp9VM2zC,2.069693,5.234507,21.896247,0,2591700,24.497461,Interactive,1,1.75
46200,ZuJxayBRDbGft+XMd24ZsvOXGweNiHlOm/IPFRioqsiPPwVgLKjIv3Rqrp9VM2zC,2.139149,2.985441,4.934786,0,2591700,24.497461,Interactive,1,1.75
46500,ZuJxayBRDbGft+XMd24ZsvOXGweNiHlOm/IPFRioqsiPPwVgLKjIv3Rqrp9VM2zC,2.358253,2.890604,4.053191,0,2591700,24.497461,Interactive,1,1.75
46800,ZuJxayBRDbGft+XMd24ZsvOXGweNiHlOm/IPFRioqsiPPwVgLKjIv3Rqrp9VM2zC,1.89873,3.386607,9.20475,0,2591700,24.497461,Interactive,1,1.75
47100,ZuJxayBRDbGft+XMd24ZsvOXGweNiHlOm/IPFRioqsiPPwVgLKjIv3Rqrp9VM2zC,2.131875,2.648848,3.689238,0,2591700,24.497461,Interactive,1,1.75
47400,ZuJxayBRDbGft+XMd24ZsvOXGweNiHlOm/IPFRioqsiPPwVgLKjIv3Rqrp9VM2zC,2.3925970000000003,2.959803,4.143657,0,2591700,24.497461,Interactive,1,1.75
47700,ZuJxayBRDbGft+XMd24ZsvOXGweNiHlOm/IPFRioqsiPPwVgLKjIv3Rqrp9VM2zC,2.210768,3.56371,9.500132,0,2591700,24.497461,Interactive,1,1.75
48000,ZuJxayBRDbGft+XMd24ZsvOXGweNiHlOm/IPFRioqsiPPwVgLKjIv3Rqrp9VM2zC,2.104575,2.655121,3.8471,0,2591700,24.497461,Interactive,1,1.75
48300,ZuJxayBRDbGft+XMd24ZsvOXGweNiHlOm/IPFRioqsiPPwVgLKjIv3Rqrp9VM2zC,2.279418,2.897332,4.222052,0,2591700,24.497461,Interactive,1,1.75
48600,ZuJxayBRDbGft+XMd24ZsvOXGweNiHlOm/IPFRioqsiPPwVgLKjIv3Rqrp9VM2zC,2.111423,3.5284910000000003,9.317007,0,2591700,24.497461,Interactive,1,1.75
48900,ZuJxayBRDbGft+XMd24ZsvOXGweNiHlOm/IPFRioqsiPPwVgLKjIv3Rqrp9VM2zC,1.723782,2.6309720000000003,3.5916870000000003,0,2591700,24.497461,Interactive,1,1.75
49200,ZuJxayBRDbGft+XMd24ZsvOXGweNiHlOm/IPFRioqsiPPwVgLKjIv3Rqrp9VM2zC,2.386651,2.9018080000000004,3.705433,0,2591700,24.497461,Interactive,1,1.75
49500,ZuJxayBRDbGft+XMd24ZsvOXGweNiHlOm/IPFRioqsiPPwVgLKjIv3Rqrp9VM2zC,1.311797,5.261076999999999,15.80268,0,2591700,24.497461,Interactive,1,1.75
49800,ZuJxayBRDbGft+XMd24ZsvOXGweNiHlOm/IPFRioqsiPPwVgLKjIv3Rqrp9VM2zC,2.099157,2.690353,3.805341,0,2591700,24.497461,Interactive,1,1.75
50100,ZuJxayBRDbGft+XMd24ZsvOXGweNiHlOm/IPFRioqsiPPwVgLKjIv3Rqrp9VM2zC,2.396412,2.954688,3.816535,0,2591700,24.497461,Interactive,1,1.75
50400,ZuJxayBRDbGft+XMd24ZsvOXGweNiHlOm/IPFRioqsiPPwVgLKjIv3Rqrp9VM2zC,2.079496,3.626567,9.319916,0,2591700,24.497461,Interactive,1,1.75
50700,ZuJxayBRDbGft+XMd24ZsvOXGweNiHlOm/IPFRioqsiPPwVgLKjIv3Rqrp9VM2zC,1.74384,2.718623,3.659421,0,2591700,24.497461,Interactive,1,1.75
51000,ZuJxayBRDbGft+XMd24ZsvOXGweNiHlOm/IPFRioqsiPPwVgLKjIv3Rqrp9VM2zC,2.330744,2.966848,3.669796,0,2591700,24.497461,Interactive,1,1.75
51300,ZuJxayBRDbGft+XMd24ZsvOXGweNiHlOm/IPFRioqsiPPwVgLKjIv3Rqrp9VM2zC,2.055048,3.685301,9.646621,0,2591700,24.497461,Interactive,1,1.75
51600,ZuJxayBRDbGft+XMd24ZsvOXGweNiHlOm/IPFRioqsiPPwVgLKjIv3Rqrp9VM2zC,2.113143,2.738653,3.697195,0,2591700,24.497461,Interactive,1,1.75
51900,ZuJxayBRDbGft+XMd24ZsvOXGweNiHlOm/IPFRioqsiPPwVgLKjIv3Rqrp9VM2zC,2.492037,3.058839,3.754361,0,2591700,24.497461,Interactive,1,1.75
52200,ZuJxayBRDbGft+XMd24ZsvOXGweNiHlOm/IPFRioqsiPPwVgLKjIv3Rqrp9VM2zC,1.766123,3.490307,9.188868,0,2591700,24.497461,Interactive,1,1.75
52500,ZuJxayBRDbGft+XMd24ZsvOXGweNiHlOm/IPFRioqsiPPwVgLKjIv3Rqrp9VM2zC,2.082741,2.7745900000000003,4.03225,0,2591700,24.497461,Interactive,1,1.75
52800,ZuJxayBRDbGft+XMd24ZsvOXGweNiHlOm/IPFRioqsiPPwVgLKjIv3Rqrp9VM2zC,1.75977,2.913999,5.064406,0,2591700,24.497461,Interactive,1,1.75
53100,ZuJxayBRDbGft+XMd24ZsvOXGweNiHlOm/IPFRioqsiPPwVgLKjIv3Rqrp9VM2zC,2.1777040000000003,5.37186,22.518361,0,2591700,24.497461,Interactive,1,1.75
53400,ZuJxayBRDbGft+XMd24ZsvOXGweNiHlOm/IPFRioqsiPPwVgLKjIv3Rqrp9VM2zC,1.49826,2.694629,3.912779,0,2591700,24.497461,Interactive,1,1.75
53700,ZuJxayBRDbGft+XMd24ZsvOXGweNiHlOm/IPFRioqsiPPwVgLKjIv3Rqrp9VM2zC,1.920154,2.925111,4.693889,0,2591700,24.497461,Interactive,1,1.75
54000,ZuJxayBRDbGft+XMd24ZsvOXGweNiHlOm/IPFRioqsiPPwVgLKjIv3Rqrp9VM2zC,2.085292,3.589872,9.608153,0,2591700,24.497461,Interactive,1,1.75
54300,ZuJxayBRDbGft+XMd24ZsvOXGweNiHlOm/IPFRioqsiPPwVgLKjIv3Rqrp9VM2zC,1.7173900000000002,2.710306,4.205727,0,2591700,24.497461,Interactive,1,1.75
54600,ZuJxayBRDbGft+XMd24ZsvOXGweNiHlOm/IPFRioqsiPPwVgLKjIv3Rqrp9VM2zC,2.195437,2.974958,4.636876,0,2591700,24.497461,Interactive,1,1.75
54900,ZuJxayBRDbGft+XMd24ZsvOXGweNiHlOm/IPFRioqsiPPwVgLKjIv3Rqrp9VM2zC,1.840486,3.5008760000000003,9.59126,0,2591700,24.497461,Interactive,1,1.75
55200,ZuJxayBRDbGft+XMd24ZsvOXGweNiHlOm/IPFRioqsiPPwVgLKjIv3Rqrp9VM2zC,2.160566,2.754295,3.976979,0,2591700,24.497461,Interactive,1,1.75
55500,ZuJxayBRDbGft+XMd24ZsvOXGweNiHlOm/IPFRioqsiPPwVgLKjIv3Rqrp9VM2zC,2.231306,3.226055,5.374074,0,2591700,24.497461,Interactive,1,1.75
55800,ZuJxayBRDbGft+XMd24ZsvOXGweNiHlOm/IPFRioqsiPPwVgLKjIv3Rqrp9VM2zC,2.247183,3.860468,10.316553,0,2591700,24.497461,Interactive,1,1.75
56100,ZuJxayBRDbGft+XMd24ZsvOXGweNiHlOm/IPFRioqsiPPwVgLKjIv3Rqrp9VM2zC,1.5021870000000002,13.093979,40.028529,0,2591700,24.497461,Interactive,1,1.75
56400,ZuJxayBRDbGft+XMd24ZsvOXGweNiHlOm/IPFRioqsiPPwVgLKjIv3Rqrp9VM2zC,1.473018,4.137633999999999,15.83986,0,2591700,24.497461,Interactive,1,1.75
56700,ZuJxayBRDbGft+XMd24ZsvOXGweNiHlOm/IPFRioqsiPPwVgLKjIv3Rqrp9VM2zC,2.289968,5.614138,23.182153,0,2591700,24.497461,Interactive,1,1.75
57000,ZuJxayBRDbGft+XMd24ZsvOXGweNiHlOm/IPFRioqsiPPwVgLKjIv3Rqrp9VM2zC,1.574358,2.58299,3.777513,0,2591700,24.497461,Interactive,1,1.75
57300,ZuJxayBRDbGft+XMd24ZsvOXGweNiHlOm/IPFRioqsiPPwVgLKjIv3Rqrp9VM2zC,2.157675,2.99993,4.337722,0,2591700,24.497461,Interactive,1,1.75
57600,ZuJxayBRDbGft+XMd24ZsvOXGweNiHlOm/IPFRioqsiPPwVgLKjIv3Rqrp9VM2zC,1.276517,3.411456,9.585882000000002,0,2591700,24.497461,Interactive,1,1.75
57900,ZuJxayBRDbGft+XMd24ZsvOXGweNiHlOm/IPFRioqsiPPwVgLKjIv3Rqrp9VM2zC,2.1113310000000003,2.617062,3.681567,0,2591700,24.497461,Interactive,1,1.75
58200,ZuJxayBRDbGft+XMd24ZsvOXGweNiHlOm/IPFRioqsiPPwVgLKjIv3Rqrp9VM2zC,1.454588,2.765323,4.48053,0,2591700,24.497461,Interactive,1,1.75
58500,ZuJxayBRDbGft+XMd24ZsvOXGweNiHlOm/IPFRioqsiPPwVgLKjIv3Rqrp9VM2zC,2.142111,3.51424,9.655415,0,2591700,24.497461,Interactive,1,1.75
58800,ZuJxayBRDbGft+XMd24ZsvOXGweNiHlOm/IPFRioqsiPPwVgLKjIv3Rqrp9VM2zC,1.823121,2.619371,3.530471,0,2591700,24.497461,Interactive,1,1.75
59100,ZuJxayBRDbGft+XMd24ZsvOXGweNiHlOm/IPFRioqsiPPwVgLKjIv3Rqrp9VM2zC,1.823393,3.037375,4.331362,0,2591700,24.497461,Interactive,1,1.75
59400,ZuJxayBRDbGft+XMd24ZsvOXGweNiHlOm/IPFRioqsiPPwVgLKjIv3Rqrp9VM2zC,2.102373,3.484631,9.493614,0,2591700,24.497461,Interactive,1,1.75
59700,ZuJxayBRDbGft+XMd24ZsvOXGweNiHlOm/IPFRioqsiPPwVgLKjIv3Rqrp9VM2zC,1.868632,2.616926,3.883147,0,2591700,24.497461,Interactive,1,1.75
60000,ZuJxayBRDbGft+XMd24ZsvOXGweNiHlOm/IPFRioqsiPPwVgLKjIv3Rqrp9VM2zC,2.007315,2.832477,4.352933999999999,0,2591700,24.497461,Interactive,1,1.75
60300,ZuJxayBRDbGft+XMd24ZsvOXGweNiHlOm/IPFRioqsiPPwVgLKjIv3Rqrp9VM2zC,1.261471,5.10415,22.6393,0,2591700,24.497461,Interactive,1,1.75
60600,ZuJxayBRDbGft+XMd24ZsvOXGweNiHlOm/IPFRioqsiPPwVgLKjIv3Rqrp9VM2zC,2.036255,2.614639,3.781041000000001,0,2591700,24.497461,Interactive,1,1.75
60900,ZuJxayBRDbGft+XMd24ZsvOXGweNiHlOm/IPFRioqsiPPwVgLKjIv3Rqrp9VM2zC,2.0491080000000004,3.057052,4.582376,0,2591700,24.497461,Interactive,1,1.75
61200,ZuJxayBRDbGft+XMd24ZsvOXGweNiHlOm/IPFRioqsiPPwVgLKjIv3Rqrp9VM2zC,2.024808,3.4417379999999995,9.240664,0,2591700,24.497461,Interactive,1,1.75
61500,ZuJxayBRDbGft+XMd24ZsvOXGweNiHlOm/IPFRioqsiPPwVgLKjIv3Rqrp9VM2zC,1.84943,2.58708,3.71577,0,2591700,24.497461,Interactive,1,1.75
61800,ZuJxayBRDbGft+XMd24ZsvOXGweNiHlOm/IPFRioqsiPPwVgLKjIv3Rqrp9VM2zC,1.751079,2.758435,4.491166000000001,0,2591700,24.497461,Interactive,1,1.75
62100,ZuJxayBRDbGft+XMd24ZsvOXGweNiHlOm/IPFRioqsiPPwVgLKjIv3Rqrp9VM2zC,2.047273,3.460174,10.061779,0,2591700,24.497461,Interactive,1,1.75
62400,ZuJxayBRDbGft+XMd24ZsvOXGweNiHlOm/IPFRioqsiPPwVgLKjIv3Rqrp9VM2zC,1.471678,2.580698,3.289047,0,2591700,24.497461,Interactive,1,1.75
62700,ZuJxayBRDbGft+XMd24ZsvOXGweNiHlOm/IPFRioqsiPPwVgLKjIv3Rqrp9VM2zC,2.1113150000000003,2.845987,4.175303,0,2591700,24.497461,Interactive,1,1.75
63000,ZuJxayBRDbGft+XMd24ZsvOXGweNiHlOm/IPFRioqsiPPwVgLKjIv3Rqrp9VM2zC,2.018493,3.5141160000000005,9.850515,0,2591700,24.497461,Interactive,1,1.75
63300,ZuJxayBRDbGft+XMd24ZsvOXGweNiHlOm/IPFRioqsiPPwVgLKjIv3Rqrp9VM2zC,2.129257,2.635552,3.273916,0,2591700,24.497461,Interactive,1,1.75
63600,ZuJxayBRDbGft+XMd24ZsvOXGweNiHlOm/IPFRioqsiPPwVgLKjIv3Rqrp9VM2zC,1.701673,2.7792830000000004,4.02227,0,2591700,24.497461,Interactive,1,1.75
63900,ZuJxayBRDbGft+XMd24ZsvOXGweNiHlOm/IPFRioqsiPPwVgLKjIv3Rqrp9VM2zC,2.034123,6.8118490000000005,21.613399,0,2591700,24.497461,Interactive,1,1.75
64200,ZuJxayBRDbGft+XMd24ZsvOXGweNiHlOm/IPFRioqsiPPwVgLKjIv3Rqrp9VM2zC,2.057559,2.725699,3.537558,0,2591700,24.497461,Interactive,1,1.75
64500,ZuJxayBRDbGft+XMd24ZsvOXGweNiHlOm/IPFRioqsiPPwVgLKjIv3Rqrp9VM2zC,2.044526,2.830093,4.033246,0,2591700,24.497461,Interactive,1,1.75
64800,ZuJxayBRDbGft+XMd24ZsvOXGweNiHlOm/IPFRioqsiPPwVgLKjIv3Rqrp9VM2zC,2.0197700000000003,3.361932,9.356809,0,2591700,24.497461,Interactive,1,1.75
65100,ZuJxayBRDbGft+XMd24ZsvOXGweNiHlOm/IPFRioqsiPPwVgLKjIv3Rqrp9VM2zC,2.248096,2.775041,3.646794,0,2591700,24.497461,Interactive,1,1.75
65400,ZuJxayBRDbGft+XMd24ZsvOXGweNiHlOm/IPFRioqsiPPwVgLKjIv3Rqrp9VM2zC,2.061674,2.861771,3.996171,0,2591700,24.497461,Interactive,1,1.75
65700,ZuJxayBRDbGft+XMd24ZsvOXGweNiHlOm/IPFRioqsiPPwVgLKjIv3Rqrp9VM2zC,2.024055,3.2816400000000003,8.568857000000001,0,2591700,24.497461,Interactive,1,1.75
66000,ZuJxayBRDbGft+XMd24ZsvOXGweNiHlOm/IPFRioqsiPPwVgLKjIv3Rqrp9VM2zC,1.925059,2.748269,3.4512940000000003,0,2591700,24.497461,Interactive,1,1.75
66300,ZuJxayBRDbGft+XMd24ZsvOXGweNiHlOm/IPFRioqsiPPwVgLKjIv3Rqrp9VM2zC,2.027653,2.8090580000000003,4.10709,0,2591700,24.497461,Interactive,1,1.75
66600,ZuJxayBRDbGft+XMd24ZsvOXGweNiHlOm/IPFRioqsiPPwVgLKjIv3Rqrp9VM2zC,2.018653,3.412903,9.331564,0,2591700,24.497461,Interactive,1,1.75
66900,ZuJxayBRDbGft+XMd24ZsvOXGweNiHlOm/IPFRioqsiPPwVgLKjIv3Rqrp9VM2zC,2.137196,2.871389,4.198974,0,2591700,24.497461,Interactive,1,1.75
67200,ZuJxayBRDbGft+XMd24ZsvOXGweNiHlOm/IPFRioqsiPPwVgLKjIv3Rqrp9VM2zC,1.692854,2.808742,4.528526,0,2591700,24.497461,Interactive,1,1.75
67500,ZuJxayBRDbGft+XMd24ZsvOXGweNiHlOm/IPFRioqsiPPwVgLKjIv3Rqrp9VM2zC,2.132941,3.695585,8.867187,0,2591700,24.497461,Interactive,1,1.75
67800,ZuJxayBRDbGft+XMd24ZsvOXGweNiHlOm/IPFRioqsiPPwVgLKjIv3Rqrp9VM2zC,1.611231,4.2403010000000005,18.534252,0,2591700,24.497461,Interactive,1,1.75
68100,ZuJxayBRDbGft+XMd24ZsvOXGweNiHlOm/IPFRioqsiPPwVgLKjIv3Rqrp9VM2zC,2.1326400000000003,2.943686,4.294744000000001,0,2591700,24.497461,Interactive,1,1.75
68400,ZuJxayBRDbGft+XMd24ZsvOXGweNiHlOm/IPFRioqsiPPwVgLKjIv3Rqrp9VM2zC,1.982289,3.3938660000000005,9.04171,0,2591700,24.497461,Interactive,1,1.75
68700,ZuJxayBRDbGft+XMd24ZsvOXGweNiHlOm/IPFRioqsiPPwVgLKjIv3Rqrp9VM2zC,2.137268,2.798058,3.54516,0,2591700,24.497461,Interactive,1,1.75
69000,ZuJxayBRDbGft+XMd24ZsvOXGweNiHlOm/IPFRioqsiPPwVgLKjIv3Rqrp9VM2zC,2.100957,2.851787,4.149473,0,2591700,24.497461,Interactive,1,1.75
69300,ZuJxayBRDbGft+XMd24ZsvOXGweNiHlOm/IPFRioqsiPPwVgLKjIv3Rqrp9VM2zC,2.0534630000000003,3.33819,9.410473,0,2591700,24.497461,Interactive,1,1.75
69600,ZuJxayBRDbGft+XMd24ZsvOXGweNiHlOm/IPFRioqsiPPwVgLKjIv3Rqrp9VM2zC,2.127702,2.737476,3.698646,0,2591700,24.497461,Interactive,1,1.75
69900,ZuJxayBRDbGft+XMd24ZsvOXGweNiHlOm/IPFRioqsiPPwVgLKjIv3Rqrp9VM2zC,2.178168,2.925766,4.658246,0,2591700,24.497461,Interactive,1,1.75
70200,ZuJxayBRDbGft+XMd24ZsvOXGweNiHlOm/IPFRioqsiPPwVgLKjIv3Rqrp9VM2zC,2.036627,3.471163,9.149773,0,2591700,24.497461,Interactive,1,1.75
70500,ZuJxayBRDbGft+XMd24ZsvOXGweNiHlOm/IPFRioqsiPPwVgLKjIv3Rqrp9VM2zC,2.399126,2.82216,3.772627,0,2591700,24.497461,Interactive,1,1.75
70800,ZuJxayBRDbGft+XMd24ZsvOXGweNiHlOm/IPFRioqsiPPwVgLKjIv3Rqrp9VM2zC,2.109967,2.940152,4.233426000000001,0,2591700,24.497461,Interactive,1,1.75
71100,ZuJxayBRDbGft+XMd24ZsvOXGweNiHlOm/IPFRioqsiPPwVgLKjIv3Rqrp9VM2zC,2.093042,3.3262,8.93299,0,2591700,24.497461,Interactive,1,1.75
71400,ZuJxayBRDbGft+XMd24ZsvOXGweNiHlOm/IPFRioqsiPPwVgLKjIv3Rqrp9VM2zC,2.09058,4.791448,22.436669,0,2591700,24.497461,Interactive,1,1.75
71700,ZuJxayBRDbGft+XMd24ZsvOXGweNiHlOm/IPFRioqsiPPwVgLKjIv3Rqrp9VM2zC,1.506155,2.885945,4.5726830000000005,0,2591700,24.497461,Interactive,1,1.75
72000,ZuJxayBRDbGft+XMd24ZsvOXGweNiHlOm/IPFRioqsiPPwVgLKjIv3Rqrp9VM2zC,2.0947310000000003,3.496535,9.05312,0,2591700,24.497461,Interactive,1,1.75
72300,ZuJxayBRDbGft+XMd24ZsvOXGweNiHlOm/IPFRioqsiPPwVgLKjIv3Rqrp9VM2zC,1.688985,2.695605,3.57465,0,2591700,24.497461,Interactive,1,1.75
72600,ZuJxayBRDbGft+XMd24ZsvOXGweNiHlOm/IPFRioqsiPPwVgLKjIv3Rqrp9VM2zC,1.921569,2.907992,4.194501,0,2591700,24.497461,Interactive,1,1.75
72900,ZuJxayBRDbGft+XMd24ZsvOXGweNiHlOm/IPFRioqsiPPwVgLKjIv3Rqrp9VM2zC,2.139333,3.466106,9.174368,0,2591700,24.497461,Interactive,1,1.75
73200,ZuJxayBRDbGft+XMd24ZsvOXGweNiHlOm/IPFRioqsiPPwVgLKjIv3Rqrp9VM2zC,2.09744,2.876623,3.512492,0,2591700,24.497461,Interactive,1,1.75
73500,ZuJxayBRDbGft+XMd24ZsvOXGweNiHlOm/IPFRioqsiPPwVgLKjIv3Rqrp9VM2zC,2.142291,2.991954,4.114054,0,2591700,24.497461,Interactive,1,1.75
73800,ZuJxayBRDbGft+XMd24ZsvOXGweNiHlOm/IPFRioqsiPPwVgLKjIv3Rqrp9VM2zC,1.654912,3.443973,9.192224,0,2591700,24.497461,Interactive,1,1.75
74100,ZuJxayBRDbGft+XMd24ZsvOXGweNiHlOm/IPFRioqsiPPwVgLKjIv3Rqrp9VM2zC,2.288834,2.869646,3.570338,0,2591700,24.497461,Interactive,1,1.75
74400,ZuJxayBRDbGft+XMd24ZsvOXGweNiHlOm/IPFRioqsiPPwVgLKjIv3Rqrp9VM2zC,2.086711,3.05481,4.004396,0,2591700,24.497461,Interactive,1,1.75
74700,ZuJxayBRDbGft+XMd24ZsvOXGweNiHlOm/IPFRioqsiPPwVgLKjIv3Rqrp9VM2zC,2.158141,3.423255,9.156658,0,2591700,24.497461,Interactive,1,1.75
75000,ZuJxayBRDbGft+XMd24ZsvOXGweNiHlOm/IPFRioqsiPPwVgLKjIv3Rqrp9VM2zC,2.281817,4.61751,21.658139,0,2591700,24.497461,Interactive,1,1.75
75300,ZuJxayBRDbGft+XMd24ZsvOXGweNiHlOm/IPFRioqsiPPwVgLKjIv3Rqrp9VM2zC,1.035913,2.730953,3.90233,0,2591700,24.497461,Interactive,1,1.75
75600,ZuJxayBRDbGft+XMd24ZsvOXGweNiHlOm/IPFRioqsiPPwVgLKjIv3Rqrp9VM2zC,2.111518,3.506615,9.163052,0,2591700,24.497461,Interactive,1,1.75
75900,ZuJxayBRDbGft+XMd24ZsvOXGweNiHlOm/IPFRioqsiPPwVgLKjIv3Rqrp9VM2zC,1.342209,2.641837,4.488798,0,2591700,24.497461,Interactive,1,1.75
76200,ZuJxayBRDbGft+XMd24ZsvOXGweNiHlOm/IPFRioqsiPPwVgLKjIv3Rqrp9VM2zC,2.081887,2.971295,4.424706,0,2591700,24.497461,Interactive,1,1.75
76500,ZuJxayBRDbGft+XMd24ZsvOXGweNiHlOm/IPFRioqsiPPwVgLKjIv3Rqrp9VM2zC,1.828507,3.190375,8.973975999999999,0,2591700,24.497461,Interactive,1,1.75
76800,ZuJxayBRDbGft+XMd24ZsvOXGweNiHlOm/IPFRioqsiPPwVgLKjIv3Rqrp9VM2zC,1.993657,2.860277,4.686482,0,2591700,24.497461,Interactive,1,1.75
77100,ZuJxayBRDbGft+XMd24ZsvOXGweNiHlOm/IPFRioqsiPPwVgLKjIv3Rqrp9VM2zC,2.094644,2.81347,4.387317,0,2591700,24.497461,Interactive,1,1.75
77400,ZuJxayBRDbGft+XMd24ZsvOXGweNiHlOm/IPFRioqsiPPwVgLKjIv3Rqrp9VM2zC,2.0753220000000003,3.518069,9.074766,0,2591700,24.497461,Interactive,1,1.75
77700,ZuJxayBRDbGft+XMd24ZsvOXGweNiHlOm/IPFRioqsiPPwVgLKjIv3Rqrp9VM2zC,1.95199,2.55702,3.4616830000000003,0,2591700,24.497461,Interactive,1,1.75
78000,ZuJxayBRDbGft+XMd24ZsvOXGweNiHlOm/IPFRioqsiPPwVgLKjIv3Rqrp9VM2zC,1.6656959999999998,2.7025240000000004,3.875158,0,2591700,24.497461,Interactive,1,1.75
78300,ZuJxayBRDbGft+XMd24ZsvOXGweNiHlOm/IPFRioqsiPPwVgLKjIv3Rqrp9VM2zC,2.145625,3.381643,8.692528999999999,0,2591700,24.497461,Interactive,1,1.75
78600,ZuJxayBRDbGft+XMd24ZsvOXGweNiHlOm/IPFRioqsiPPwVgLKjIv3Rqrp9VM2zC,2.145676,4.655068,20.852169,0,2591700,24.497461,Interactive,1,1.75
78900,ZuJxayBRDbGft+XMd24ZsvOXGweNiHlOm/IPFRioqsiPPwVgLKjIv3Rqrp9VM2zC,2.072827,2.975809,4.319151000000001,0,2591700,24.497461,Interactive,1,1.75
79200,ZuJxayBRDbGft+XMd24ZsvOXGweNiHlOm/IPFRioqsiPPwVgLKjIv3Rqrp9VM2zC,2.086074,3.250873,7.706465,0,2591700,24.497461,Interactive,1,1.75
79500,ZuJxayBRDbGft+XMd24ZsvOXGweNiHlOm/IPFRioqsiPPwVgLKjIv3Rqrp9VM2zC,2.08126,2.84507,4.645871,0,2591700,24.497461,Interactive,1,1.75
79800,ZuJxayBRDbGft+XMd24ZsvOXGweNiHlOm/IPFRioqsiPPwVgLKjIv3Rqrp9VM2zC,2.027841,2.828968,4.312191,0,2591700,24.497461,Interactive,1,1.75
80100,ZuJxayBRDbGft+XMd24ZsvOXGweNiHlOm/IPFRioqsiPPwVgLKjIv3Rqrp9VM2zC,2.149732,3.4244550000000005,9.041982,0,2591700,24.497461,Interactive,1,1.75
80400,ZuJxayBRDbGft+XMd24ZsvOXGweNiHlOm/IPFRioqsiPPwVgLKjIv3Rqrp9VM2zC,1.990077,2.688059,3.286483,0,2591700,24.497461,Interactive,1,1.75
80700,ZuJxayBRDbGft+XMd24ZsvOXGweNiHlOm/IPFRioqsiPPwVgLKjIv3Rqrp9VM2zC,2.072821,2.747943,3.87292,0,2591700,24.497461,Interactive,1,1.75
81000,ZuJxayBRDbGft+XMd24ZsvOXGweNiHlOm/IPFRioqsiPPwVgLKjIv3Rqrp9VM2zC,2.044155,3.583426,9.289579,0,2591700,24.497461,Interactive,1,1.75
81300,ZuJxayBRDbGft+XMd24ZsvOXGweNiHlOm/IPFRioqsiPPwVgLKjIv3Rqrp9VM2zC,1.936837,2.737341,4.772501999999999,0,2591700,24.497461,Interactive,1,1.75
81600,ZuJxayBRDbGft+XMd24ZsvOXGweNiHlOm/IPFRioqsiPPwVgLKjIv3Rqrp9VM2zC,2.069057,3.15263,4.707761,0,2591700,24.497461,Interactive,1,1.75
81900,ZuJxayBRDbGft+XMd24ZsvOXGweNiHlOm/IPFRioqsiPPwVgLKjIv3Rqrp9VM2zC,2.210102,3.800808,9.002976,0,2591700,24.497461,Interactive,1,1.75
82200,ZuJxayBRDbGft+XMd24ZsvOXGweNiHlOm/IPFRioqsiPPwVgLKjIv3Rqrp9VM2zC,2.34295,4.786301,14.583927,0,2591700,24.497461,Interactive,1,1.75
82500,ZuJxayBRDbGft+XMd24ZsvOXGweNiHlOm/IPFRioqsiPPwVgLKjIv3Rqrp9VM2zC,1.936478,2.8574080000000004,4.259261,0,2591700,24.497461,Interactive,1,1.75
82800,ZuJxayBRDbGft+XMd24ZsvOXGweNiHlOm/IPFRioqsiPPwVgLKjIv3Rqrp9VM2zC,2.121666,3.544165,9.096326,0,2591700,24.497461,Interactive,1,1.75
83100,ZuJxayBRDbGft+XMd24ZsvOXGweNiHlOm/IPFRioqsiPPwVgLKjIv3Rqrp9VM2zC,1.859771,2.633179,3.598498,0,2591700,24.497461,Interactive,1,1.75
83400,ZuJxayBRDbGft+XMd24ZsvOXGweNiHlOm/IPFRioqsiPPwVgLKjIv3Rqrp9VM2zC,1.994028,2.753181,3.83227,0,2591700,24.497461,Interactive,1,1.75
83700,ZuJxayBRDbGft+XMd24ZsvOXGweNiHlOm/IPFRioqsiPPwVgLKjIv3Rqrp9VM2zC,2.224986,3.445695,8.817588,0,2591700,24.497461,Interactive,1,1.75
84000,ZuJxayBRDbGft+XMd24ZsvOXGweNiHlOm/IPFRioqsiPPwVgLKjIv3Rqrp9VM2zC,2.038616,2.778448,4.723312,0,2591700,24.497461,Interactive,1,1.75
84300,ZuJxayBRDbGft+XMd24ZsvOXGweNiHlOm/IPFRioqsiPPwVgLKjIv3Rqrp9VM2zC,2.115435,2.987082,4.310054,0,2591700,24.497461,Interactive,1,1.75
84600,ZuJxayBRDbGft+XMd24ZsvOXGweNiHlOm/IPFRioqsiPPwVgLKjIv3Rqrp9VM2zC,1.3194860000000002,3.243768,8.669225,0,2591700,24.497461,Interactive,1,1.75
84900,ZuJxayBRDbGft+XMd24ZsvOXGweNiHlOm/IPFRioqsiPPwVgLKjIv3Rqrp9VM2zC,2.0393950000000003,9.796283,45.119464,0,2591700,24.497461,Interactive,1,1.75
85200,ZuJxayBRDbGft+XMd24ZsvOXGweNiHlOm/IPFRioqsiPPwVgLKjIv3Rqrp9VM2zC,1.751556,2.661365,4.158483,0,2591700,24.497461,Interactive,1,1.75
85500,ZuJxayBRDbGft+XMd24ZsvOXGweNiHlOm/IPFRioqsiPPwVgLKjIv3Rqrp9VM2zC,2.206896,3.240373,8.634828,0,2591700,24.497461,Interactive,1,1.75
85800,ZuJxayBRDbGft+XMd24ZsvOXGweNiHlOm/IPFRioqsiPPwVgLKjIv3Rqrp9VM2zC,1.910211,2.46866,3.118441,0,2591700,24.497461,Interactive,1,1.75
86100,ZuJxayBRDbGft+XMd24ZsvOXGweNiHlOm/IPFRioqsiPPwVgLKjIv3Rqrp9VM2zC,1.859911,2.591859,3.660161,0,2591700,24.497461,Interactive,1,1.75
86400,ZuJxayBRDbGft+XMd24ZsvOXGweNiHlOm/IPFRioqsiPPwVgLKjIv3Rqrp9VM2zC,1.86825,3.224242,8.781822,0,2591700,24.497461,Interactive,1,1.75
86700,ZuJxayBRDbGft+XMd24ZsvOXGweNiHlOm/IPFRioqsiPPwVgLKjIv3Rqrp9VM2zC,1.403049,2.4240470000000003,4.162452,0,2591700,24.497461,Interactive,1,1.75
87000,ZuJxayBRDbGft+XMd24ZsvOXGweNiHlOm/IPFRioqsiPPwVgLKjIv3Rqrp9VM2zC,1.935337,2.7168810000000003,4.065931,0,2591700,24.497461,Interactive,1,1.75
87300,ZuJxayBRDbGft+XMd24ZsvOXGweNiHlOm/IPFRioqsiPPwVgLKjIv3Rqrp9VM2zC,1.832601,3.075626,8.892119000000001,0,2591700,24.497461,Interactive,1,1.75
87600,ZuJxayBRDbGft+XMd24ZsvOXGweNiHlOm/IPFRioqsiPPwVgLKjIv3Rqrp9VM2zC,2.006917,2.655974,4.094821,0,2591700,24.497461,Interactive,1,1.75
87900,ZuJxayBRDbGft+XMd24ZsvOXGweNiHlOm/IPFRioqsiPPwVgLKjIv3Rqrp9VM2zC,1.776014,2.468658,3.013485,0,2591700,24.497461,Interactive,1,1.75
88200,ZuJxayBRDbGft+XMd24ZsvOXGweNiHlOm/IPFRioqsiPPwVgLKjIv3Rqrp9VM2zC,1.904431,3.3782339999999995,8.568886000000001,0,2591700,24.497461,Interactive,1,1.75
88500,ZuJxayBRDbGft+XMd24ZsvOXGweNiHlOm/IPFRioqsiPPwVgLKjIv3Rqrp9VM2zC,2.020291,4.622166,23.793118,0,2591700,24.497461,Interactive,1,1.75
88800,ZuJxayBRDbGft+XMd24ZsvOXGweNiHlOm/IPFRioqsiPPwVgLKjIv3Rqrp9VM2zC,1.55335,2.476244,3.670431,0,2591700,24.497461,Interactive,1,1.75
89100,ZuJxayBRDbGft+XMd24ZsvOXGweNiHlOm/IPFRioqsiPPwVgLKjIv3Rqrp9VM2zC,2.004105,3.376993,8.611017,0,2591700,24.497461,Interactive,1,1.75
89400,ZuJxayBRDbGft+XMd24ZsvOXGweNiHlOm/IPFRioqsiPPwVgLKjIv3Rqrp9VM2zC,2.124973,4.634926,21.625221,0,2591700,24.497461,Interactive,1,1.75
89700,ZuJxayBRDbGft+XMd24ZsvOXGweNiHlOm/IPFRioqsiPPwVgLKjIv3Rqrp9VM2zC,2.033982,2.58067,3.467086,0,2591700,24.497461,Interactive,1,1.75
90000,ZuJxayBRDbGft+XMd24ZsvOXGweNiHlOm/IPFRioqsiPPwVgLKjIv3Rqrp9VM2zC,1.512415,3.318184,8.714037,0,2591700,24.497461,Interactive,1,1.75
90300,ZuJxayBRDbGft+XMd24ZsvOXGweNiHlOm/IPFRioqsiPPwVgLKjIv3Rqrp9VM2zC,1.916943,2.596385,3.827005,0,2591700,24.497461,Interactive,1,1.75
90600,ZuJxayBRDbGft+XMd24ZsvOXGweNiHlOm/IPFRioqsiPPwVgLKjIv3Rqrp9VM2zC,1.124062,2.524365,4.061030000000001,0,2591700,24.497461,Interactive,1,1.75
90900,ZuJxayBRDbGft+XMd24ZsvOXGweNiHlOm/IPFRioqsiPPwVgLKjIv3Rqrp9VM2zC,2.000581,3.2980410000000004,8.637217,0,2591700,24.497461,Interactive,1,1.75
91200,ZuJxayBRDbGft+XMd24ZsvOXGweNiHlOm/IPFRioqsiPPwVgLKjIv3Rqrp9VM2zC,1.49959,2.54266,4.433656,0,2591700,24.497461,Interactive,1,1.75
91500,ZuJxayBRDbGft+XMd24ZsvOXGweNiHlOm/IPFRioqsiPPwVgLKjIv3Rqrp9VM2zC,1.148606,2.506111,3.474161,0,2591700,24.497461,Interactive,1,1.75
91800,ZuJxayBRDbGft+XMd24ZsvOXGweNiHlOm/IPFRioqsiPPwVgLKjIv3Rqrp9VM2zC,1.942746,3.408889,8.404364,0,2591700,24.497461,Interactive,1,1.75
92100,ZuJxayBRDbGft+XMd24ZsvOXGweNiHlOm/IPFRioqsiPPwVgLKjIv3Rqrp9VM2zC,2.1465240000000003,2.6455990000000003,3.75002,0,2591700,24.497461,Interactive,1,1.75
92400,ZuJxayBRDbGft+XMd24ZsvOXGweNiHlOm/IPFRioqsiPPwVgLKjIv3Rqrp9VM2zC,2.135375,2.6120970000000003,3.460678,0,2591700,24.497461,Interactive,1,1.75
92700,ZuJxayBRDbGft+XMd24ZsvOXGweNiHlOm/IPFRioqsiPPwVgLKjIv3Rqrp9VM2zC,1.527959,3.316307,7.8728,0,2591700,24.497461,Interactive,1,1.75
93000,ZuJxayBRDbGft+XMd24ZsvOXGweNiHlOm/IPFRioqsiPPwVgLKjIv3Rqrp9VM2zC,1.964523,4.578494,22.194525,0,2591700,24.497461,Interactive,1,1.75
93300,ZuJxayBRDbGft+XMd24ZsvOXGweNiHlOm/IPFRioqsiPPwVgLKjIv3Rqrp9VM2zC,2.138602,2.679903,3.737365,0,2591700,24.497461,Interactive,1,1.75
93600,ZuJxayBRDbGft+XMd24ZsvOXGweNiHlOm/IPFRioqsiPPwVgLKjIv3Rqrp9VM2zC,2.091259,3.416632,9.180062,0,2591700,24.497461,Interactive,1,1.75
93900,ZuJxayBRDbGft+XMd24ZsvOXGweNiHlOm/IPFRioqsiPPwVgLKjIv3Rqrp9VM2zC,2.050027,2.947445,5.509591,0,2591700,24.497461,Interactive,1,1.75
94200,ZuJxayBRDbGft+XMd24ZsvOXGweNiHlOm/IPFRioqsiPPwVgLKjIv3Rqrp9VM2zC,1.6814349999999998,2.49492,3.5023160000000004,0,2591700,24.497461,Interactive,1,1.75
94500,ZuJxayBRDbGft+XMd24ZsvOXGweNiHlOm/IPFRioqsiPPwVgLKjIv3Rqrp9VM2zC,2.12571,3.377679,8.76452,0,2591700,24.497461,Interactive,1,1.75
94800,ZuJxayBRDbGft+XMd24ZsvOXGweNiHlOm/IPFRioqsiPPwVgLKjIv3Rqrp9VM2zC,1.339966,2.582895,3.93958,0,2591700,24.497461,Interactive,1,1.75
95100,ZuJxayBRDbGft+XMd24ZsvOXGweNiHlOm/IPFRioqsiPPwVgLKjIv3Rqrp9VM2zC,2.047188,2.647583,3.33606,0,2591700,24.497461,Interactive,1,1.75
95400,ZuJxayBRDbGft+XMd24ZsvOXGweNiHlOm/IPFRioqsiPPwVgLKjIv3Rqrp9VM2zC,1.348464,3.331821,9.192649,0,2591700,24.497461,Interactive,1,1.75
95700,ZuJxayBRDbGft+XMd24ZsvOXGweNiHlOm/IPFRioqsiPPwVgLKjIv3Rqrp9VM2zC,1.918485,2.600896,3.697832,0,2591700,24.497461,Interactive,1,1.75
96000,ZuJxayBRDbGft+XMd24ZsvOXGweNiHlOm/IPFRioqsiPPwVgLKjIv3Rqrp9VM2zC,1.697671,2.569763,3.814787,0,2591700,24.497461,Interactive,1,1.75
96300,ZuJxayBRDbGft+XMd24ZsvOXGweNiHlOm/IPFRioqsiPPwVgLKjIv3Rqrp9VM2zC,2.006212,3.4007730000000005,9.391468,0,2591700,24.497461,Interactive,1,1.75
96600,ZuJxayBRDbGft+XMd24ZsvOXGweNiHlOm/IPFRioqsiPPwVgLKjIv3Rqrp9VM2zC,2.006766,10.064188,75.93754,0,2591700,24.497461,Interactive,1,1.75
96900,ZuJxayBRDbGft+XMd24ZsvOXGweNiHlOm/IPFRioqsiPPwVgLKjIv3Rqrp9VM2zC,2.059181,2.572601,3.509639,0,2591700,24.497461,Interactive,1,1.75
97200,ZuJxayBRDbGft+XMd24ZsvOXGweNiHlOm/IPFRioqsiPPwVgLKjIv3Rqrp9VM2zC,2.151423,3.363524,9.390519,0,2591700,24.497461,Interactive,1,1.75
97500,ZuJxayBRDbGft+XMd24ZsvOXGweNiHlOm/IPFRioqsiPPwVgLKjIv3Rqrp9VM2zC,2.004535,2.589364,3.808928,0,2591700,24.497461,Interactive,1,1.75
97800,ZuJxayBRDbGft+XMd24ZsvOXGweNiHlOm/IPFRioqsiPPwVgLKjIv3Rqrp9VM2zC,2.140082,2.63764,3.700377,0,2591700,24.497461,Interactive,1,1.75
98100,ZuJxayBRDbGft+XMd24ZsvOXGweNiHlOm/IPFRioqsiPPwVgLKjIv3Rqrp9VM2zC,2.182897,3.36802,9.146198,0,2591700,24.497461,Interactive,1,1.75
98400,ZuJxayBRDbGft+XMd24ZsvOXGweNiHlOm/IPFRioqsiPPwVgLKjIv3Rqrp9VM2zC,2.079267,2.638203,3.848372,0,2591700,24.497461,Interactive,1,1.75
98700,ZuJxayBRDbGft+XMd24ZsvOXGweNiHlOm/IPFRioqsiPPwVgLKjIv3Rqrp9VM2zC,2.142898,2.669665,3.60915,0,2591700,24.497461,Interactive,1,1.75
99000,ZuJxayBRDbGft+XMd24ZsvOXGweNiHlOm/IPFRioqsiPPwVgLKjIv3Rqrp9VM2zC,2.158195,3.669163,9.108642,0,2591700,24.497461,Interactive,1,1.75
99300,ZuJxayBRDbGft+XMd24ZsvOXGweNiHlOm/IPFRioqsiPPwVgLKjIv3Rqrp9VM2zC,1.934134,2.6160330000000003,3.587609,0,2591700,24.497461,Interactive,1,1.75
99600,ZuJxayBRDbGft+XMd24ZsvOXGweNiHlOm/IPFRioqsiPPwVgLKjIv3Rqrp9VM2zC,2.031061,2.677607,3.665731,0,2591700,24.497461,Interactive,1,1.75
99900,ZuJxayBRDbGft+XMd24ZsvOXGweNiHlOm/IPFRioqsiPPwVgLKjIv3Rqrp9VM2zC,2.0076810000000003,3.35523,9.453983,0,2591700,24.497461,Interactive,1,1.75
100200,ZuJxayBRDbGft+XMd24ZsvOXGweNiHlOm/IPFRioqsiPPwVgLKjIv3Rqrp9VM2zC,1.474741,4.492203,22.263368,0,2591700,24.497461,Interactive,1,1.75
100500,ZuJxayBRDbGft+XMd24ZsvOXGweNiHlOm/IPFRioqsiPPwVgLKjIv3Rqrp9VM2zC,2.124885,2.644887,3.674105,0,2591700,24.497461,Interactive,1,1.75
100800,ZuJxayBRDbGft+XMd24ZsvOXGweNiHlOm/IPFRioqsiPPwVgLKjIv3Rqrp9VM2zC,1.354218,3.2915690000000004,9.259341,0,2591700,24.497461,Interactive,1,1.75
101100,ZuJxayBRDbGft+XMd24ZsvOXGweNiHlOm/IPFRioqsiPPwVgLKjIv3Rqrp9VM2zC,1.945447,2.604073,4.108559,0,2591700,24.497461,Interactive,1,1.75
101400,ZuJxayBRDbGft+XMd24ZsvOXGweNiHlOm/IPFRioqsiPPwVgLKjIv3Rqrp9VM2zC,2.103521,2.641007,3.660225,0,2591700,24.497461,Interactive,1,1.75
101700,ZuJxayBRDbGft+XMd24ZsvOXGweNiHlOm/IPFRioqsiPPwVgLKjIv3Rqrp9VM2zC,1.9523580000000005,3.299064,8.882259,0,2591700,24.497461,Interactive,1,1.75
102000,ZuJxayBRDbGft+XMd24ZsvOXGweNiHlOm/IPFRioqsiPPwVgLKjIv3Rqrp9VM2zC,1.84412,2.558821,3.947769,0,2591700,24.497461,Interactive,1,1.75
102300,ZuJxayBRDbGft+XMd24ZsvOXGweNiHlOm/IPFRioqsiPPwVgLKjIv3Rqrp9VM2zC,1.558999,2.486303,3.600711,0,2591700,24.497461,Interactive,1,1.75
102600,ZuJxayBRDbGft+XMd24ZsvOXGweNiHlOm/IPFRioqsiPPwVgLKjIv3Rqrp9VM2zC,1.911536,3.4119080000000004,9.234276,0,2591700,24.497461,Interactive,1,1.75
102900,ZuJxayBRDbGft+XMd24ZsvOXGweNiHlOm/IPFRioqsiPPwVgLKjIv3Rqrp9VM2zC,1.339494,2.534078,4.397507,0,2591700,24.497461,Interactive,1,1.75
103200,ZuJxayBRDbGft+XMd24ZsvOXGweNiHlOm/IPFRioqsiPPwVgLKjIv3Rqrp9VM2zC,2.291589,2.647,3.615578,0,2591700,24.497461,Interactive,1,1.75
103500,ZuJxayBRDbGft+XMd24ZsvOXGweNiHlOm/IPFRioqsiPPwVgLKjIv3Rqrp9VM2zC,1.603543,3.257291,9.065057,0,2591700,24.497461,Interactive,1,1.75
103800,ZuJxayBRDbGft+XMd24ZsvOXGweNiHlOm/IPFRioqsiPPwVgLKjIv3Rqrp9VM2zC,2.081761,4.621731,21.82083,0,2591700,24.497461,Interactive,1,1.75
104100,ZuJxayBRDbGft+XMd24ZsvOXGweNiHlOm/IPFRioqsiPPwVgLKjIv3Rqrp9VM2zC,1.616989,2.542782,3.492512,0,2591700,24.497461,Interactive,1,1.75
104400,ZuJxayBRDbGft+XMd24ZsvOXGweNiHlOm/IPFRioqsiPPwVgLKjIv3Rqrp9VM2zC,2.0216990000000004,3.3287760000000004,9.053951,0,2591700,24.497461,Interactive,1,1.75
104700,ZuJxayBRDbGft+XMd24ZsvOXGweNiHlOm/IPFRioqsiPPwVgLKjIv3Rqrp9VM2zC,1.618308,2.5471790000000003,4.025334,0,2591700,24.497461,Interactive,1,1.75
105000,ZuJxayBRDbGft+XMd24ZsvOXGweNiHlOm/IPFRioqsiPPwVgLKjIv3Rqrp9VM2zC,2.219643,2.602439,3.490686,0,2591700,24.497461,Interactive,1,1.75
105300,ZuJxayBRDbGft+XMd24ZsvOXGweNiHlOm/IPFRioqsiPPwVgLKjIv3Rqrp9VM2zC,2.010028,3.438714,9.849055,0,2591700,24.497461,Interactive,1,1.75
105600,ZuJxayBRDbGft+XMd24ZsvOXGweNiHlOm/IPFRioqsiPPwVgLKjIv3Rqrp9VM2zC,2.014586,2.752513,4.088048000000001,0,2591700,24.497461,Interactive,1,1.75
105900,ZuJxayBRDbGft+XMd24ZsvOXGweNiHlOm/IPFRioqsiPPwVgLKjIv3Rqrp9VM2zC,2.357621,2.745663,3.686384,0,2591700,24.497461,Interactive,1,1.75
106200,ZuJxayBRDbGft+XMd24ZsvOXGweNiHlOm/IPFRioqsiPPwVgLKjIv3Rqrp9VM2zC,1.319127,3.050341,5.97014,0,2591700,24.497461,Interactive,1,1.75
106500,ZuJxayBRDbGft+XMd24ZsvOXGweNiHlOm/IPFRioqsiPPwVgLKjIv3Rqrp9VM2zC,2.0111220000000003,2.747077,4.005125,0,2591700,24.497461,Interactive,1,1.75
106800,ZuJxayBRDbGft+XMd24ZsvOXGweNiHlOm/IPFRioqsiPPwVgLKjIv3Rqrp9VM2zC,1.47995,2.638066,3.5879220000000003,0,2591700,24.497461,Interactive,1,1.75
107100,ZuJxayBRDbGft+XMd24ZsvOXGweNiHlOm/IPFRioqsiPPwVgLKjIv3Rqrp9VM2zC,1.982951,3.425299,8.384008999999999,0,2591700,24.497461,Interactive,1,1.75
107400,ZuJxayBRDbGft+XMd24ZsvOXGweNiHlOm/IPFRioqsiPPwVgLKjIv3Rqrp9VM2zC,1.515971,2.674271,4.083396,0,2591700,24.497461,Interactive,1,1.75
107700,ZuJxayBRDbGft+XMd24ZsvOXGweNiHlOm/IPFRioqsiPPwVgLKjIv3Rqrp9VM2zC,2.349183,2.748816,3.4575089999999995,0,2591700,24.497461,Interactive,1,1.75
108000,ZuJxayBRDbGft+XMd24ZsvOXGweNiHlOm/IPFRioqsiPPwVgLKjIv3Rqrp9VM2zC,1.662337,3.394361,8.63835,0,2591700,24.497461,Interactive,1,1.75
108300,ZuJxayBRDbGft+XMd24ZsvOXGweNiHlOm/IPFRioqsiPPwVgLKjIv3Rqrp9VM2zC,1.419391,2.625567,4.328742,0,2591700,24.497461,Interactive,1,1.75
108600,ZuJxayBRDbGft+XMd24ZsvOXGweNiHlOm/IPFRioqsiPPwVgLKjIv3Rqrp9VM2zC,2.082367,2.747011,3.474937,0,2591700,24.497461,Interactive,1,1.75
108900,ZuJxayBRDbGft+XMd24ZsvOXGweNiHlOm/IPFRioqsiPPwVgLKjIv3Rqrp9VM2zC,2.325155,3.745031,8.325675,0,2591700,24.497461,Interactive,1,1.75
109200,ZuJxayBRDbGft+XMd24ZsvOXGweNiHlOm/IPFRioqsiPPwVgLKjIv3Rqrp9VM2zC,2.005712,2.750047,4.043617,0,2591700,24.497461,Interactive,1,1.75
109500,ZuJxayBRDbGft+XMd24ZsvOXGweNiHlOm/IPFRioqsiPPwVgLKjIv3Rqrp9VM2zC,2.105208,2.668644,3.649374,0,2591700,24.497461,Interactive,1,1.75
109800,ZuJxayBRDbGft+XMd24ZsvOXGweNiHlOm/IPFRioqsiPPwVgLKjIv3Rqrp9VM2zC,2.044595,3.435105,8.309051,0,2591700,24.497461,Interactive,1,1.75
110100,ZuJxayBRDbGft+XMd24ZsvOXGweNiHlOm/IPFRioqsiPPwVgLKjIv3Rqrp9VM2zC,2.061167,2.774335,4.071998000000001,0,2591700,24.497461,Interactive,1,1.75
110400,ZuJxayBRDbGft+XMd24ZsvOXGweNiHlOm/IPFRioqsiPPwVgLKjIv3Rqrp9VM2zC,2.072527,2.764222,3.416185,0,2591700,24.497461,Interactive,1,1.75
110700,ZuJxayBRDbGft+XMd24ZsvOXGweNiHlOm/IPFRioqsiPPwVgLKjIv3Rqrp9VM2zC,1.319348,3.389216,8.673949,0,2591700,24.497461,Interactive,1,1.75
111000,ZuJxayBRDbGft+XMd24ZsvOXGweNiHlOm/IPFRioqsiPPwVgLKjIv3Rqrp9VM2zC,1.47151,4.650309,20.752458,0,2591700,24.497461,Interactive,1,1.75
111300,ZuJxayBRDbGft+XMd24ZsvOXGweNiHlOm/IPFRioqsiPPwVgLKjIv3Rqrp9VM2zC,2.273566,2.783867,3.449459,0,2591700,24.497461,Interactive,1,1.75
111600,ZuJxayBRDbGft+XMd24ZsvOXGweNiHlOm/IPFRioqsiPPwVgLKjIv3Rqrp9VM2zC,1.47517,3.450134,8.361642,0,2591700,24.497461,Interactive,1,1.75
111900,ZuJxayBRDbGft+XMd24ZsvOXGweNiHlOm/IPFRioqsiPPwVgLKjIv3Rqrp9VM2zC,2.160218,2.812488,3.910417,0,2591700,24.497461,Interactive,1,1.75
112200,ZuJxayBRDbGft+XMd24ZsvOXGweNiHlOm/IPFRioqsiPPwVgLKjIv3Rqrp9VM2zC,2.098981,2.749274,3.248736,0,2591700,24.497461,Interactive,1,1.75
112500,ZuJxayBRDbGft+XMd24ZsvOXGweNiHlOm/IPFRioqsiPPwVgLKjIv3Rqrp9VM2zC,2.076712,3.448342,8.537115,0,2591700,24.497461,Interactive,1,1.75
112800,ZuJxayBRDbGft+XMd24ZsvOXGweNiHlOm/IPFRioqsiPPwVgLKjIv3Rqrp9VM2zC,2.005791,2.657667,4.393669,0,2591700,24.497461,Interactive,1,1.75
113100,ZuJxayBRDbGft+XMd24ZsvOXGweNiHlOm/IPFRioqsiPPwVgLKjIv3Rqrp9VM2zC,2.135794,2.927822,4.034134,0,2591700,24.497461,Interactive,1,1.75
113400,ZuJxayBRDbGft+XMd24ZsvOXGweNiHlOm/IPFRioqsiPPwVgLKjIv3Rqrp9VM2zC,1.901831,3.539524,8.986591,0,2591700,24.497461,Interactive,1,1.75
113700,ZuJxayBRDbGft+XMd24ZsvOXGweNiHlOm/IPFRioqsiPPwVgLKjIv3Rqrp9VM2zC,1.383248,9.452873,43.245298,0,2591700,24.497461,Interactive,1,1.75
114000,ZuJxayBRDbGft+XMd24ZsvOXGweNiHlOm/IPFRioqsiPPwVgLKjIv3Rqrp9VM2zC,2.457767,2.932259,3.991099,0,2591700,24.497461,Interactive,1,1.75
114300,ZuJxayBRDbGft+XMd24ZsvOXGweNiHlOm/IPFRioqsiPPwVgLKjIv3Rqrp9VM2zC,1.273378,3.306925,8.601022,0,2591700,24.497461,Interactive,1,1.75
114600,ZuJxayBRDbGft+XMd24ZsvOXGweNiHlOm/IPFRioqsiPPwVgLKjIv3Rqrp9VM2zC,2.049039,4.52621,20.238099,0,2591700,24.497461,Interactive,1,1.75
114900,ZuJxayBRDbGft+XMd24ZsvOXGweNiHlOm/IPFRioqsiPPwVgLKjIv3Rqrp9VM2zC,1.42271,2.719575,3.999412,0,2591700,24.497461,Interactive,1,1.75
115200,ZuJxayBRDbGft+XMd24ZsvOXGweNiHlOm/IPFRioqsiPPwVgLKjIv3Rqrp9VM2zC,2.048741,3.384185,8.573925,0,2591700,24.497461,Interactive,1,1.75
115500,ZuJxayBRDbGft+XMd24ZsvOXGweNiHlOm/IPFRioqsiPPwVgLKjIv3Rqrp9VM2zC,2.030092,2.495991,3.65302,0,2591700,24.497461,Interactive,1,1.75
115800,ZuJxayBRDbGft+XMd24ZsvOXGweNiHlOm/IPFRioqsiPPwVgLKjIv3Rqrp9VM2zC,2.070296,2.810474,3.976751,0,2591700,24.497461,Interactive,1,1.75
116100,ZuJxayBRDbGft+XMd24ZsvOXGweNiHlOm/IPFRioqsiPPwVgLKjIv3Rqrp9VM2zC,2.052426,4.9569980000000005,15.553525,0,2591700,24.497461,Interactive,1,1.75
116400,ZuJxayBRDbGft+XMd24ZsvOXGweNiHlOm/IPFRioqsiPPwVgLKjIv3Rqrp9VM2zC,2.069986,2.516219,3.691941,0,2591700,24.497461,Interactive,1,1.75
116700,ZuJxayBRDbGft+XMd24ZsvOXGweNiHlOm/IPFRioqsiPPwVgLKjIv3Rqrp9VM2zC,2.036187,2.863884,4.043468,0,2591700,24.497461,Interactive,1,1.75
117000,ZuJxayBRDbGft+XMd24ZsvOXGweNiHlOm/IPFRioqsiPPwVgLKjIv3Rqrp9VM2zC,2.046511,3.522885,8.7272,0,2591700,24.497461,Interactive,1,1.75
117300,ZuJxayBRDbGft+XMd24ZsvOXGweNiHlOm/IPFRioqsiPPwVgLKjIv3Rqrp9VM2zC,2.0418830000000003,2.570208,3.688537,0,2591700,24.497461,Interactive,1,1.75
117600,ZuJxayBRDbGft+XMd24ZsvOXGweNiHlOm/IPFRioqsiPPwVgLKjIv3Rqrp9VM2zC,1.453221,2.768033,4.038217,0,2591700,24.497461,Interactive,1,1.75
117900,ZuJxayBRDbGft+XMd24ZsvOXGweNiHlOm/IPFRioqsiPPwVgLKjIv3Rqrp9VM2zC,2.033943,3.414639,8.68978,0,2591700,24.497461,Interactive,1,1.75
118200,ZuJxayBRDbGft+XMd24ZsvOXGweNiHlOm/IPFRioqsiPPwVgLKjIv3Rqrp9VM2zC,2.032036,4.630103,23.332167,0,2591700,24.497461,Interactive,1,1.75
118500,ZuJxayBRDbGft+XMd24ZsvOXGweNiHlOm/IPFRioqsiPPwVgLKjIv3Rqrp9VM2zC,2.219633,2.855346,4.064883999999999,0,2591700,24.497461,Interactive,1,1.75
118800,ZuJxayBRDbGft+XMd24ZsvOXGweNiHlOm/IPFRioqsiPPwVgLKjIv3Rqrp9VM2zC,2.0007330000000003,4.655380999999999,15.393473,0,2591700,24.497461,Interactive,1,1.75
119100,ZuJxayBRDbGft+XMd24ZsvOXGweNiHlOm/IPFRioqsiPPwVgLKjIv3Rqrp9VM2zC,1.85795,2.485679,3.670451,0,2591700,24.497461,Interactive,1,1.75
119400,ZuJxayBRDbGft+XMd24ZsvOXGweNiHlOm/IPFRioqsiPPwVgLKjIv3Rqrp9VM2zC,2.099158,2.822637,3.665880000000001,0,2591700,24.497461,Interactive,1,1.75
119700,ZuJxayBRDbGft+XMd24ZsvOXGweNiHlOm/IPFRioqsiPPwVgLKjIv3Rqrp9VM2zC,1.529214,2.837327,3.776104,0,2591700,24.497461,Interactive,1,1.75
120000,ZuJxayBRDbGft+XMd24ZsvOXGweNiHlOm/IPFRioqsiPPwVgLKjIv3Rqrp9VM2zC,2.028999,2.570064,3.857956,0,2591700,24.497461,Interactive,1,1.75
120300,ZuJxayBRDbGft+XMd24ZsvOXGweNiHlOm/IPFRioqsiPPwVgLKjIv3Rqrp9VM2zC,1.53006,2.726135,3.926567,0,2591700,24.497461,Interactive,1,1.75
120600,ZuJxayBRDbGft+XMd24ZsvOXGweNiHlOm/IPFRioqsiPPwVgLKjIv3Rqrp9VM2zC,2.034192,3.413124,8.363843,0,2591700,24.497461,Interactive,1,1.75
120900,ZuJxayBRDbGft+XMd24ZsvOXGweNiHlOm/IPFRioqsiPPwVgLKjIv3Rqrp9VM2zC,2.105525,2.552094,3.79579,0,2591700,24.497461,Interactive,1,1.75
121200,ZuJxayBRDbGft+XMd24ZsvOXGweNiHlOm/IPFRioqsiPPwVgLKjIv3Rqrp9VM2zC,2.162341,2.806494,3.786803,0,2591700,24.497461,Interactive,1,1.75
121500,ZuJxayBRDbGft+XMd24ZsvOXGweNiHlOm/IPFRioqsiPPwVgLKjIv3Rqrp9VM2zC,1.868644,3.267874,8.549402,0,2591700,24.497461,Interactive,1,1.75
121800,ZuJxayBRDbGft+XMd24ZsvOXGweNiHlOm/IPFRioqsiPPwVgLKjIv3Rqrp9VM2zC,1.884648,4.448919999999999,21.593764,0,2591700,24.497461,Interactive,1,1.75
122100,ZuJxayBRDbGft+XMd24ZsvOXGweNiHlOm/IPFRioqsiPPwVgLKjIv3Rqrp9VM2zC,2.15574,2.792631,3.900534,0,2591700,24.497461,Interactive,1,1.75
122400,ZuJxayBRDbGft+XMd24ZsvOXGweNiHlOm/IPFRioqsiPPwVgLKjIv3Rqrp9VM2zC,1.963029,2.773788,3.858378,0,2591700,24.497461,Interactive,1,1.75
122700,ZuJxayBRDbGft+XMd24ZsvOXGweNiHlOm/IPFRioqsiPPwVgLKjIv3Rqrp9VM2zC,2.047863,2.618692,3.781291,0,2591700,24.497461,Interactive,1,1.75
123000,ZuJxayBRDbGft+XMd24ZsvOXGweNiHlOm/IPFRioqsiPPwVgLKjIv3Rqrp9VM2zC,2.260036,3.053273,5.0587290000000005,0,2591700,24.497461,Interactive,1,1.75
123300,ZuJxayBRDbGft+XMd24ZsvOXGweNiHlOm/IPFRioqsiPPwVgLKjIv3Rqrp9VM2zC,2.034955,3.414051,9.053225,0,2591700,24.497461,Interactive,1,1.75
123600,ZuJxayBRDbGft+XMd24ZsvOXGweNiHlOm/IPFRioqsiPPwVgLKjIv3Rqrp9VM2zC,1.870137,2.50626,3.4468120000000004,0,2591700,24.497461,Interactive,1,1.75
123900,ZuJxayBRDbGft+XMd24ZsvOXGweNiHlOm/IPFRioqsiPPwVgLKjIv3Rqrp9VM2zC,2.198585,2.786572,3.663858,0,2591700,24.497461,Interactive,1,1.75
124200,ZuJxayBRDbGft+XMd24ZsvOXGweNiHlOm/IPFRioqsiPPwVgLKjIv3Rqrp9VM2zC,1.207511,3.26919,8.822649,0,2591700,24.497461,Interactive,1,1.75
124500,ZuJxayBRDbGft+XMd24ZsvOXGweNiHlOm/IPFRioqsiPPwVgLKjIv3Rqrp9VM2zC,2.090257,3.571162,12.077241,0,2591700,24.497461,Interactive,1,1.75
124800,ZuJxayBRDbGft+XMd24ZsvOXGweNiHlOm/IPFRioqsiPPwVgLKjIv3Rqrp9VM2zC,2.281899,2.814253,3.608451,0,2591700,24.497461,Interactive,1,1.75
125100,ZuJxayBRDbGft+XMd24ZsvOXGweNiHlOm/IPFRioqsiPPwVgLKjIv3Rqrp9VM2zC,2.017577,2.580937,4.001064,0,2591700,24.497461,Interactive,1,1.75
125400,ZuJxayBRDbGft+XMd24ZsvOXGweNiHlOm/IPFRioqsiPPwVgLKjIv3Rqrp9VM2zC,2.035676,4.724139,22.021327,0,2591700,24.497461,Interactive,1,1.75
125700,ZuJxayBRDbGft+XMd24ZsvOXGweNiHlOm/IPFRioqsiPPwVgLKjIv3Rqrp9VM2zC,1.904095,2.74356,3.832929,0,2591700,24.497461,Interactive,1,1.75
126000,ZuJxayBRDbGft+XMd24ZsvOXGweNiHlOm/IPFRioqsiPPwVgLKjIv3Rqrp9VM2zC,2.183472,3.31526,8.330668,0,2591700,24.497461,Interactive,1,1.75
126300,ZuJxayBRDbGft+XMd24ZsvOXGweNiHlOm/IPFRioqsiPPwVgLKjIv3Rqrp9VM2zC,1.751024,2.62246,4.506983999999999,0,2591700,24.497461,Interactive,1,1.75
126600,ZuJxayBRDbGft+XMd24ZsvOXGweNiHlOm/IPFRioqsiPPwVgLKjIv3Rqrp9VM2zC,2.292767,2.7801720000000003,3.569049,0,2591700,24.497461,Interactive,1,1.75
126900,ZuJxayBRDbGft+XMd24ZsvOXGweNiHlOm/IPFRioqsiPPwVgLKjIv3Rqrp9VM2zC,1.652626,3.141148,8.433124000000001,0,2591700,24.497461,Interactive,1,1.75
127200,ZuJxayBRDbGft+XMd24ZsvOXGweNiHlOm/IPFRioqsiPPwVgLKjIv3Rqrp9VM2zC,2.063445,3.4681839999999995,9.997379,0,2591700,24.497461,Interactive,1,1.75
127500,ZuJxayBRDbGft+XMd24ZsvOXGweNiHlOm/IPFRioqsiPPwVgLKjIv3Rqrp9VM2zC,2.193308,2.857266,4.059499,0,2591700,24.497461,Interactive,1,1.75
127800,ZuJxayBRDbGft+XMd24ZsvOXGweNiHlOm/IPFRioqsiPPwVgLKjIv3Rqrp9VM2zC,1.7305279999999998,2.621476,4.030252,0,2591700,24.497461,Interactive,1,1.75
128100,ZuJxayBRDbGft+XMd24ZsvOXGweNiHlOm/IPFRioqsiPPwVgLKjIv3Rqrp9VM2zC,2.05726,2.708225,4.75683,0,2591700,24.497461,Interactive,1,1.75
128400,ZuJxayBRDbGft+XMd24ZsvOXGweNiHlOm/IPFRioqsiPPwVgLKjIv3Rqrp9VM2zC,2.077342,2.909431,3.823707,0,2591700,24.497461,Interactive,1,1.75
128700,ZuJxayBRDbGft+XMd24ZsvOXGweNiHlOm/IPFRioqsiPPwVgLKjIv3Rqrp9VM2zC,2.059169,3.303618,8.866256,0,2591700,24.497461,Interactive,1,1.75
129000,ZuJxayBRDbGft+XMd24ZsvOXGweNiHlOm/IPFRioqsiPPwVgLKjIv3Rqrp9VM2zC,2.014941,4.613293,22.140531,0,2591700,24.497461,Interactive,1,1.75
129300,ZuJxayBRDbGft+XMd24ZsvOXGweNiHlOm/IPFRioqsiPPwVgLKjIv3Rqrp9VM2zC,2.387263,2.872309,3.808807,0,2591700,24.497461,Interactive,1,1.75
129600,ZuJxayBRDbGft+XMd24ZsvOXGweNiHlOm/IPFRioqsiPPwVgLKjIv3Rqrp9VM2zC,1.474479,3.2244040000000003,8.45707,0,2591700,24.497461,Interactive,1,1.75
129900,ZuJxayBRDbGft+XMd24ZsvOXGweNiHlOm/IPFRioqsiPPwVgLKjIv3Rqrp9VM2zC,1.69587,2.668834,4.679181,0,2591700,24.497461,Interactive,1,1.75
130200,ZuJxayBRDbGft+XMd24ZsvOXGweNiHlOm/IPFRioqsiPPwVgLKjIv3Rqrp9VM2zC,2.249634,2.865451,3.735937,0,2591700,24.497461,Interactive,1,1.75
130500,ZuJxayBRDbGft+XMd24ZsvOXGweNiHlOm/IPFRioqsiPPwVgLKjIv3Rqrp9VM2zC,1.532817,2.603174,4.121927,0,2591700,24.497461,Interactive,1,1.75
130800,ZuJxayBRDbGft+XMd24ZsvOXGweNiHlOm/IPFRioqsiPPwVgLKjIv3Rqrp9VM2zC,2.050282,2.720288,4.727243,0,2591700,24.497461,Interactive,1,1.75
131100,ZuJxayBRDbGft+XMd24ZsvOXGweNiHlOm/IPFRioqsiPPwVgLKjIv3Rqrp9VM2zC,1.678031,2.727798,3.821795,0,2591700,24.497461,Interactive,1,1.75
131400,ZuJxayBRDbGft+XMd24ZsvOXGweNiHlOm/IPFRioqsiPPwVgLKjIv3Rqrp9VM2zC,2.081529,3.3186730000000004,8.244072000000001,0,2591700,24.497461,Interactive,1,1.75
131700,ZuJxayBRDbGft+XMd24ZsvOXGweNiHlOm/IPFRioqsiPPwVgLKjIv3Rqrp9VM2zC,1.621786,2.652502,4.593416,0,2591700,24.497461,Interactive,1,1.75
132000,ZuJxayBRDbGft+XMd24ZsvOXGweNiHlOm/IPFRioqsiPPwVgLKjIv3Rqrp9VM2zC,2.238795,2.835199,3.615468,0,2591700,24.497461,Interactive,1,1.75
132300,ZuJxayBRDbGft+XMd24ZsvOXGweNiHlOm/IPFRioqsiPPwVgLKjIv3Rqrp9VM2zC,2.093624,3.274964,8.273508,0,2591700,24.497461,Interactive,1,1.75
132600,ZuJxayBRDbGft+XMd24ZsvOXGweNiHlOm/IPFRioqsiPPwVgLKjIv3Rqrp9VM2zC,2.156164,4.777153,22.190643,0,2591700,24.497461,Interactive,1,1.75
132900,ZuJxayBRDbGft+XMd24ZsvOXGweNiHlOm/IPFRioqsiPPwVgLKjIv3Rqrp9VM2zC,2.178963,2.902578,4.017733,0,2591700,24.497461,Interactive,1,1.75
133200,ZuJxayBRDbGft+XMd24ZsvOXGweNiHlOm/IPFRioqsiPPwVgLKjIv3Rqrp9VM2zC,2.076804,5.198179,27.239069,0,2591700,24.497461,Interactive,1,1.75
133500,ZuJxayBRDbGft+XMd24ZsvOXGweNiHlOm/IPFRioqsiPPwVgLKjIv3Rqrp9VM2zC,2.082011,2.719008,4.793472,0,2591700,24.497461,Interactive,1,1.75
133800,ZuJxayBRDbGft+XMd24ZsvOXGweNiHlOm/IPFRioqsiPPwVgLKjIv3Rqrp9VM2zC,1.71842,2.848981,3.866185,0,2591700,24.497461,Interactive,1,1.75
134100,ZuJxayBRDbGft+XMd24ZsvOXGweNiHlOm/IPFRioqsiPPwVgLKjIv3Rqrp9VM2zC,2.0776790000000003,3.2906230000000005,8.410511,0,2591700,24.497461,Interactive,1,1.75
134400,ZuJxayBRDbGft+XMd24ZsvOXGweNiHlOm/IPFRioqsiPPwVgLKjIv3Rqrp9VM2zC,1.928608,2.698082,4.609578,0,2591700,24.497461,Interactive,1,1.75
134700,ZuJxayBRDbGft+XMd24ZsvOXGweNiHlOm/IPFRioqsiPPwVgLKjIv3Rqrp9VM2zC,2.24386,2.818335,3.880704,0,2591700,24.497461,Interactive,1,1.75
135000,ZuJxayBRDbGft+XMd24ZsvOXGweNiHlOm/IPFRioqsiPPwVgLKjIv3Rqrp9VM2zC,2.061561,3.691553,8.810101,0,2591700,24.497461,Interactive,1,1.75
135300,ZuJxayBRDbGft+XMd24ZsvOXGweNiHlOm/IPFRioqsiPPwVgLKjIv3Rqrp9VM2zC,1.493631,2.812403,4.705377,0,2591700,24.497461,Interactive,1,1.75
135600,ZuJxayBRDbGft+XMd24ZsvOXGweNiHlOm/IPFRioqsiPPwVgLKjIv3Rqrp9VM2zC,2.146832,3.056046,3.757364,0,2591700,24.497461,Interactive,1,1.75
135900,ZuJxayBRDbGft+XMd24ZsvOXGweNiHlOm/IPFRioqsiPPwVgLKjIv3Rqrp9VM2zC,1.707933,3.388847,8.736734,0,2591700,24.497461,Interactive,1,1.75
136200,ZuJxayBRDbGft+XMd24ZsvOXGweNiHlOm/IPFRioqsiPPwVgLKjIv3Rqrp9VM2zC,2.110351,4.773394000000001,22.857102,0,2591700,24.497461,Interactive,1,1.75
136500,ZuJxayBRDbGft+XMd24ZsvOXGweNiHlOm/IPFRioqsiPPwVgLKjIv3Rqrp9VM2zC,2.099468,2.910002,3.64139,0,2591700,24.497461,Interactive,1,1.75
136800,ZuJxayBRDbGft+XMd24ZsvOXGweNiHlOm/IPFRioqsiPPwVgLKjIv3Rqrp9VM2zC,1.959273,3.454325,8.740983,0,2591700,24.497461,Interactive,1,1.75
137100,ZuJxayBRDbGft+XMd24ZsvOXGweNiHlOm/IPFRioqsiPPwVgLKjIv3Rqrp9VM2zC,2.077816,2.814248,4.019857,0,2591700,24.497461,Interactive,1,1.75
137400,ZuJxayBRDbGft+XMd24ZsvOXGweNiHlOm/IPFRioqsiPPwVgLKjIv3Rqrp9VM2zC,2.272472,2.938022,3.912616,0,2591700,24.497461,Interactive,1,1.75
137700,ZuJxayBRDbGft+XMd24ZsvOXGweNiHlOm/IPFRioqsiPPwVgLKjIv3Rqrp9VM2zC,2.042418,3.598061,8.519924000000001,0,2591700,24.497461,Interactive,1,1.75
138000,ZuJxayBRDbGft+XMd24ZsvOXGweNiHlOm/IPFRioqsiPPwVgLKjIv3Rqrp9VM2zC,2.091747,2.824109,4.5648480000000005,0,2591700,24.497461,Interactive,1,1.75
138300,ZuJxayBRDbGft+XMd24ZsvOXGweNiHlOm/IPFRioqsiPPwVgLKjIv3Rqrp9VM2zC,2.313894,3.066465,4.10798,0,2591700,24.497461,Interactive,1,1.75
138600,ZuJxayBRDbGft+XMd24ZsvOXGweNiHlOm/IPFRioqsiPPwVgLKjIv3Rqrp9VM2zC,1.888893,3.583245,8.864537,0,2591700,24.497461,Interactive,1,1.75
138900,ZuJxayBRDbGft+XMd24ZsvOXGweNiHlOm/IPFRioqsiPPwVgLKjIv3Rqrp9VM2zC,2.057847,2.84653,4.669935,0,2591700,24.497461,Interactive,1,1.75
139200,ZuJxayBRDbGft+XMd24ZsvOXGweNiHlOm/IPFRioqsiPPwVgLKjIv3Rqrp9VM2zC,2.149553,2.947769,3.968863,0,2591700,24.497461,Interactive,1,1.75
139500,ZuJxayBRDbGft+XMd24ZsvOXGweNiHlOm/IPFRioqsiPPwVgLKjIv3Rqrp9VM2zC,2.0283330000000004,3.452814,8.46342,0,2591700,24.497461,Interactive,1,1.75
139800,ZuJxayBRDbGft+XMd24ZsvOXGweNiHlOm/IPFRioqsiPPwVgLKjIv3Rqrp9VM2zC,1.686813,4.724462,22.876948,0,2591700,24.497461,Interactive,1,1.75
140100,ZuJxayBRDbGft+XMd24ZsvOXGweNiHlOm/IPFRioqsiPPwVgLKjIv3Rqrp9VM2zC,2.268952,2.959001,4.059608,0,2591700,24.497461,Interactive,1,1.75
140400,ZuJxayBRDbGft+XMd24ZsvOXGweNiHlOm/IPFRioqsiPPwVgLKjIv3Rqrp9VM2zC,2.030635,3.3127690000000003,8.373959,0,2591700,24.497461,Interactive,1,1.75
140700,ZuJxayBRDbGft+XMd24ZsvOXGweNiHlOm/IPFRioqsiPPwVgLKjIv3Rqrp9VM2zC,2.096948,2.944759,4.591183,0,2591700,24.497461,Interactive,1,1.75
141000,ZuJxayBRDbGft+XMd24ZsvOXGweNiHlOm/IPFRioqsiPPwVgLKjIv3Rqrp9VM2zC,2.18687,2.992731,4.124764,0,2591700,24.497461,Interactive,1,1.75
141300,ZuJxayBRDbGft+XMd24ZsvOXGweNiHlOm/IPFRioqsiPPwVgLKjIv3Rqrp9VM2zC,1.984753,3.618944,9.454616,0,2591700,24.497461,Interactive,1,1.75
141600,ZuJxayBRDbGft+XMd24ZsvOXGweNiHlOm/IPFRioqsiPPwVgLKjIv3Rqrp9VM2zC,2.158205,2.908876,4.849914,0,2591700,24.497461,Interactive,1,1.75
141900,ZuJxayBRDbGft+XMd24ZsvOXGweNiHlOm/IPFRioqsiPPwVgLKjIv3Rqrp9VM2zC,2.282664,3.166456,4.247345,0,2591700,24.497461,Interactive,1,1.75
142200,ZuJxayBRDbGft+XMd24ZsvOXGweNiHlOm/IPFRioqsiPPwVgLKjIv3Rqrp9VM2zC,2.164915,3.583653,8.522801,0,2591700,24.497461,Interactive,1,1.75
142500,ZuJxayBRDbGft+XMd24ZsvOXGweNiHlOm/IPFRioqsiPPwVgLKjIv3Rqrp9VM2zC,2.261226,10.797273,54.543,0,2591700,24.497461,Interactive,1,1.75
142800,ZuJxayBRDbGft+XMd24ZsvOXGweNiHlOm/IPFRioqsiPPwVgLKjIv3Rqrp9VM2zC,2.328666,4.337379,14.748217000000002,0,2591700,24.497461,Interactive,1,1.75
143100,ZuJxayBRDbGft+XMd24ZsvOXGweNiHlOm/IPFRioqsiPPwVgLKjIv3Rqrp9VM2zC,2.132368,3.560496,8.7667,0,2591700,24.497461,Interactive,1,1.75
143400,ZuJxayBRDbGft+XMd24ZsvOXGweNiHlOm/IPFRioqsiPPwVgLKjIv3Rqrp9VM2zC,2.168256,6.577621000000001,20.64451,0,2591700,24.497461,Interactive,1,1.75
143700,ZuJxayBRDbGft+XMd24ZsvOXGweNiHlOm/IPFRioqsiPPwVgLKjIv3Rqrp9VM2zC,2.555484,3.806753,10.035893,0,2591700,24.497461,Interactive,1,1.75
144000,ZuJxayBRDbGft+XMd24ZsvOXGweNiHlOm/IPFRioqsiPPwVgLKjIv3Rqrp9VM2zC,2.243188,3.668734,8.963919,0,2591700,24.497461,Interactive,1,1.75
144300,ZuJxayBRDbGft+XMd24ZsvOXGweNiHlOm/IPFRioqsiPPwVgLKjIv3Rqrp9VM2zC,2.101731,2.780602,4.673294,0,2591700,24.497461,Interactive,1,1.75
144600,ZuJxayBRDbGft+XMd24ZsvOXGweNiHlOm/IPFRioqsiPPwVgLKjIv3Rqrp9VM2zC,2.177989,3.303519,6.407762,0,2591700,24.497461,Interactive,1,1.75
144900,ZuJxayBRDbGft+XMd24ZsvOXGweNiHlOm/IPFRioqsiPPwVgLKjIv3Rqrp9VM2zC,2.093191,3.332735,8.572521,0,2591700,24.497461,Interactive,1,1.75
145200,ZuJxayBRDbGft+XMd24ZsvOXGweNiHlOm/IPFRioqsiPPwVgLKjIv3Rqrp9VM2zC,2.107953,3.038545,5.544646,0,2591700,24.497461,Interactive,1,1.75
145500,ZuJxayBRDbGft+XMd24ZsvOXGweNiHlOm/IPFRioqsiPPwVgLKjIv3Rqrp9VM2zC,2.253167,3.078611,5.500817,0,2591700,24.497461,Interactive,1,1.75
145800,ZuJxayBRDbGft+XMd24ZsvOXGweNiHlOm/IPFRioqsiPPwVgLKjIv3Rqrp9VM2zC,2.030915,3.716796,8.372603999999999,0,2591700,24.497461,Interactive,1,1.75
146100,ZuJxayBRDbGft+XMd24ZsvOXGweNiHlOm/IPFRioqsiPPwVgLKjIv3Rqrp9VM2zC,2.166069,2.957647,4.265357,0,2591700,24.497461,Interactive,1,1.75
146400,ZuJxayBRDbGft+XMd24ZsvOXGweNiHlOm/IPFRioqsiPPwVgLKjIv3Rqrp9VM2zC,2.2921150000000003,2.853932,3.942141,0,2591700,24.497461,Interactive,1,1.75
146700,ZuJxayBRDbGft+XMd24ZsvOXGweNiHlOm/IPFRioqsiPPwVgLKjIv3Rqrp9VM2zC,2.192421,3.545186,6.207332,0,2591700,24.497461,Interactive,1,1.75
147000,ZuJxayBRDbGft+XMd24ZsvOXGweNiHlOm/IPFRioqsiPPwVgLKjIv3Rqrp9VM2zC,2.186718,4.752473999999999,22.034116,0,2591700,24.497461,Interactive,1,1.75
147300,ZuJxayBRDbGft+XMd24ZsvOXGweNiHlOm/IPFRioqsiPPwVgLKjIv3Rqrp9VM2zC,2.285112,3.093642,4.951245,0,2591700,24.497461,Interactive,1,1.75
147600,ZuJxayBRDbGft+XMd24ZsvOXGweNiHlOm/IPFRioqsiPPwVgLKjIv3Rqrp9VM2zC,1.982836,3.4366440000000003,9.111732,0,2591700,24.497461,Interactive,1,1.75
147900,ZuJxayBRDbGft+XMd24ZsvOXGweNiHlOm/IPFRioqsiPPwVgLKjIv3Rqrp9VM2zC,2.109814,2.896936,4.242718,0,2591700,24.497461,Interactive,1,1.75
148200,ZuJxayBRDbGft+XMd24ZsvOXGweNiHlOm/IPFRioqsiPPwVgLKjIv3Rqrp9VM2zC,2.280149,2.88674,3.720646,0,2591700,24.497461,Interactive,1,1.75
148500,ZuJxayBRDbGft+XMd24ZsvOXGweNiHlOm/IPFRioqsiPPwVgLKjIv3Rqrp9VM2zC,2.136167,3.574664,8.849102,0,2591700,24.497461,Interactive,1,1.75
148800,ZuJxayBRDbGft+XMd24ZsvOXGweNiHlOm/IPFRioqsiPPwVgLKjIv3Rqrp9VM2zC,2.111397,2.964123,4.493246,0,2591700,24.497461,Interactive,1,1.75
149100,ZuJxayBRDbGft+XMd24ZsvOXGweNiHlOm/IPFRioqsiPPwVgLKjIv3Rqrp9VM2zC,2.253336,2.754925,3.516776,0,2591700,24.497461,Interactive,1,1.75
149400,ZuJxayBRDbGft+XMd24ZsvOXGweNiHlOm/IPFRioqsiPPwVgLKjIv3Rqrp9VM2zC,2.075095,3.730705,8.720957,0,2591700,24.497461,Interactive,1,1.75
149700,ZuJxayBRDbGft+XMd24ZsvOXGweNiHlOm/IPFRioqsiPPwVgLKjIv3Rqrp9VM2zC,2.076098,2.805794,4.5221540000000005,0,2591700,24.497461,Interactive,1,1.75
150000,ZuJxayBRDbGft+XMd24ZsvOXGweNiHlOm/IPFRioqsiPPwVgLKjIv3Rqrp9VM2zC,2.169286,2.887928,4.107825,0,2591700,24.497461,Interactive,1,1.75
150300,ZuJxayBRDbGft+XMd24ZsvOXGweNiHlOm/IPFRioqsiPPwVgLKjIv3Rqrp9VM2zC,2.112602,5.971244,27.928711,0,2591700,24.497461,Interactive,1,1.75
150600,ZuJxayBRDbGft+XMd24ZsvOXGweNiHlOm/IPFRioqsiPPwVgLKjIv3Rqrp9VM2zC,2.018415,4.900185,22.296946,0,2591700,24.497461,Interactive,1,1.75
150900,ZuJxayBRDbGft+XMd24ZsvOXGweNiHlOm/IPFRioqsiPPwVgLKjIv3Rqrp9VM2zC,2.135641,2.713726,3.794275,0,2591700,24.497461,Interactive,1,1.75
151200,ZuJxayBRDbGft+XMd24ZsvOXGweNiHlOm/IPFRioqsiPPwVgLKjIv3Rqrp9VM2zC,2.083262,3.659369,8.668758,0,2591700,24.497461,Interactive,1,1.75
151500,ZuJxayBRDbGft+XMd24ZsvOXGweNiHlOm/IPFRioqsiPPwVgLKjIv3Rqrp9VM2zC,2.159836,2.785136,4.256187000000001,0,2591700,24.497461,Interactive,1,1.75
151800,ZuJxayBRDbGft+XMd24ZsvOXGweNiHlOm/IPFRioqsiPPwVgLKjIv3Rqrp9VM2zC,2.174872,2.824576,4.2076080000000005,0,2591700,24.497461,Interactive,1,1.75
152100,ZuJxayBRDbGft+XMd24ZsvOXGweNiHlOm/IPFRioqsiPPwVgLKjIv3Rqrp9VM2zC,2.14708,3.5209580000000003,8.397084,0,2591700,24.497461,Interactive,1,1.75
152400,ZuJxayBRDbGft+XMd24ZsvOXGweNiHlOm/IPFRioqsiPPwVgLKjIv3Rqrp9VM2zC,2.136821,2.890951,4.2828610000000005,0,2591700,24.497461,Interactive,1,1.75
152700,ZuJxayBRDbGft+XMd24ZsvOXGweNiHlOm/IPFRioqsiPPwVgLKjIv3Rqrp9VM2zC,2.168336,2.780584,3.732882,0,2591700,24.497461,Interactive,1,1.75
153000,ZuJxayBRDbGft+XMd24ZsvOXGweNiHlOm/IPFRioqsiPPwVgLKjIv3Rqrp9VM2zC,2.102377,3.624025,8.846285,0,2591700,24.497461,Interactive,1,1.75
153300,ZuJxayBRDbGft+XMd24ZsvOXGweNiHlOm/IPFRioqsiPPwVgLKjIv3Rqrp9VM2zC,2.099507,3.994222,14.302722,0,2591700,24.497461,Interactive,1,1.75
153600,ZuJxayBRDbGft+XMd24ZsvOXGweNiHlOm/IPFRioqsiPPwVgLKjIv3Rqrp9VM2zC,2.183862,2.833598,4.188415,0,2591700,24.497461,Interactive,1,1.75
153900,ZuJxayBRDbGft+XMd24ZsvOXGweNiHlOm/IPFRioqsiPPwVgLKjIv3Rqrp9VM2zC,2.158262,3.619446,8.612229,0,2591700,24.497461,Interactive,1,1.75
154200,ZuJxayBRDbGft+XMd24ZsvOXGweNiHlOm/IPFRioqsiPPwVgLKjIv3Rqrp9VM2zC,2.285158,4.877143,21.643055,0,2591700,24.497461,Interactive,1,1.75
154500,ZuJxayBRDbGft+XMd24ZsvOXGweNiHlOm/IPFRioqsiPPwVgLKjIv3Rqrp9VM2zC,2.162831,2.86407,4.008524,0,2591700,24.497461,Interactive,1,1.75
154800,ZuJxayBRDbGft+XMd24ZsvOXGweNiHlOm/IPFRioqsiPPwVgLKjIv3Rqrp9VM2zC,2.106562,3.730664,9.552608,0,2591700,24.497461,Interactive,1,1.75
155100,ZuJxayBRDbGft+XMd24ZsvOXGweNiHlOm/IPFRioqsiPPwVgLKjIv3Rqrp9VM2zC,2.083412,2.882392,4.374452,0,2591700,24.497461,Interactive,1,1.75
155400,ZuJxayBRDbGft+XMd24ZsvOXGweNiHlOm/IPFRioqsiPPwVgLKjIv3Rqrp9VM2zC,2.245218,2.796877,4.105523000000001,0,2591700,24.497461,Interactive,1,1.75
155700,ZuJxayBRDbGft+XMd24ZsvOXGweNiHlOm/IPFRioqsiPPwVgLKjIv3Rqrp9VM2zC,2.190872,3.606554,8.335847,0,2591700,24.497461,Interactive,1,1.75
156000,ZuJxayBRDbGft+XMd24ZsvOXGweNiHlOm/IPFRioqsiPPwVgLKjIv3Rqrp9VM2zC,2.088336,2.838036,4.245137000000001,0,2591700,24.497461,Interactive,1,1.75
156300,ZuJxayBRDbGft+XMd24ZsvOXGweNiHlOm/IPFRioqsiPPwVgLKjIv3Rqrp9VM2zC,2.171657,2.798494,3.717073000000001,0,2591700,24.497461,Interactive,1,1.75
156600,ZuJxayBRDbGft+XMd24ZsvOXGweNiHlOm/IPFRioqsiPPwVgLKjIv3Rqrp9VM2zC,2.121679,3.586089,8.664318,0,2591700,24.497461,Interactive,1,1.75
156900,ZuJxayBRDbGft+XMd24ZsvOXGweNiHlOm/IPFRioqsiPPwVgLKjIv3Rqrp9VM2zC,2.156573,2.810305,4.031291,0,2591700,24.497461,Interactive,1,1.75
157200,ZuJxayBRDbGft+XMd24ZsvOXGweNiHlOm/IPFRioqsiPPwVgLKjIv3Rqrp9VM2zC,1.405049,2.74427,4.037774,0,2591700,24.497461,Interactive,1,1.75
157500,ZuJxayBRDbGft+XMd24ZsvOXGweNiHlOm/IPFRioqsiPPwVgLKjIv3Rqrp9VM2zC,2.173325,3.698201,9.148733,0,2591700,24.497461,Interactive,1,1.75
157800,ZuJxayBRDbGft+XMd24ZsvOXGweNiHlOm/IPFRioqsiPPwVgLKjIv3Rqrp9VM2zC,2.369301,4.862696,20.137814,0,2591700,24.497461,Interactive,1,1.75
158100,ZuJxayBRDbGft+XMd24ZsvOXGweNiHlOm/IPFRioqsiPPwVgLKjIv3Rqrp9VM2zC,1.370711,2.717877,3.872485,0,2591700,24.497461,Interactive,1,1.75
158400,ZuJxayBRDbGft+XMd24ZsvOXGweNiHlOm/IPFRioqsiPPwVgLKjIv3Rqrp9VM2zC,2.121544,3.568137,8.604529,0,2591700,24.497461,Interactive,1,1.75
158700,ZuJxayBRDbGft+XMd24ZsvOXGweNiHlOm/IPFRioqsiPPwVgLKjIv3Rqrp9VM2zC,1.983085,2.789653,4.2023790000000005,0,2591700,24.497461,Interactive,1,1.75
159000,ZuJxayBRDbGft+XMd24ZsvOXGweNiHlOm/IPFRioqsiPPwVgLKjIv3Rqrp9VM2zC,2.229105,2.88093,4.525576,0,2591700,24.497461,Interactive,1,1.75
159300,ZuJxayBRDbGft+XMd24ZsvOXGweNiHlOm/IPFRioqsiPPwVgLKjIv3Rqrp9VM2zC,2.118065,3.857712,9.095511,0,2591700,24.497461,Interactive,1,1.75
159600,ZuJxayBRDbGft+XMd24ZsvOXGweNiHlOm/IPFRioqsiPPwVgLKjIv3Rqrp9VM2zC,2.042184,2.8594310000000003,4.029205999999999,0,2591700,24.497461,Interactive,1,1.75
159900,ZuJxayBRDbGft+XMd24ZsvOXGweNiHlOm/IPFRioqsiPPwVgLKjIv3Rqrp9VM2zC,1.299042,2.671265,3.971176,0,2591700,24.497461,Interactive,1,1.75
160200,ZuJxayBRDbGft+XMd24ZsvOXGweNiHlOm/IPFRioqsiPPwVgLKjIv3Rqrp9VM2zC,2.291103,3.344615,5.757272,0,2591700,24.497461,Interactive,1,1.75
160500,ZuJxayBRDbGft+XMd24ZsvOXGweNiHlOm/IPFRioqsiPPwVgLKjIv3Rqrp9VM2zC,2.103043,3.206902,6.58363,0,2591700,24.497461,Interactive,1,1.75
160800,ZuJxayBRDbGft+XMd24ZsvOXGweNiHlOm/IPFRioqsiPPwVgLKjIv3Rqrp9VM2zC,2.0189220000000003,2.822649,4.241501,0,2591700,24.497461,Interactive,1,1.75
161100,ZuJxayBRDbGft+XMd24ZsvOXGweNiHlOm/IPFRioqsiPPwVgLKjIv3Rqrp9VM2zC,2.122904,3.008773,4.675421,0,2591700,24.497461,Interactive,1,1.75
161400,ZuJxayBRDbGft+XMd24ZsvOXGweNiHlOm/IPFRioqsiPPwVgLKjIv3Rqrp9VM2zC,1.966442,5.416761,21.790421,0,2591700,24.497461,Interactive,1,1.75
161700,ZuJxayBRDbGft+XMd24ZsvOXGweNiHlOm/IPFRioqsiPPwVgLKjIv3Rqrp9VM2zC,2.227632,2.8452900000000003,3.815277,0,2591700,24.497461,Interactive,1,1.75
162000,ZuJxayBRDbGft+XMd24ZsvOXGweNiHlOm/IPFRioqsiPPwVgLKjIv3Rqrp9VM2zC,2.177054,3.036042,4.620695,0,2591700,24.497461,Interactive,1,1.75
162300,ZuJxayBRDbGft+XMd24ZsvOXGweNiHlOm/IPFRioqsiPPwVgLKjIv3Rqrp9VM2zC,2.088595,3.490636,9.462961,0,2591700,24.497461,Interactive,1,1.75
162600,ZuJxayBRDbGft+XMd24ZsvOXGweNiHlOm/IPFRioqsiPPwVgLKjIv3Rqrp9VM2zC,2.021785,2.809431,4.174907,0,2591700,24.497461,Interactive,1,1.75
162900,ZuJxayBRDbGft+XMd24ZsvOXGweNiHlOm/IPFRioqsiPPwVgLKjIv3Rqrp9VM2zC,1.813366,2.905596,4.45124,0,2591700,24.497461,Interactive,1,1.75
163200,ZuJxayBRDbGft+XMd24ZsvOXGweNiHlOm/IPFRioqsiPPwVgLKjIv3Rqrp9VM2zC,2.089494,3.529309,9.557763,0,2591700,24.497461,Interactive,1,1.75
163500,ZuJxayBRDbGft+XMd24ZsvOXGweNiHlOm/IPFRioqsiPPwVgLKjIv3Rqrp9VM2zC,1.895363,2.8121560000000003,3.901541,0,2591700,24.497461,Interactive,1,1.75
163800,ZuJxayBRDbGft+XMd24ZsvOXGweNiHlOm/IPFRioqsiPPwVgLKjIv3Rqrp9VM2zC,2.1521630000000003,3.034766,4.994088,0,2591700,24.497461,Interactive,1,1.75
164100,ZuJxayBRDbGft+XMd24ZsvOXGweNiHlOm/IPFRioqsiPPwVgLKjIv3Rqrp9VM2zC,2.127441,3.492263,9.535237,0,2591700,24.497461,Interactive,1,1.75
164400,ZuJxayBRDbGft+XMd24ZsvOXGweNiHlOm/IPFRioqsiPPwVgLKjIv3Rqrp9VM2zC,2.272324,2.936199,4.175256,0,2591700,24.497461,Interactive,1,1.75
164700,ZuJxayBRDbGft+XMd24ZsvOXGweNiHlOm/IPFRioqsiPPwVgLKjIv3Rqrp9VM2zC,2.02137,2.94376,4.657257,0,2591700,24.497461,Interactive,1,1.75
165000,ZuJxayBRDbGft+XMd24ZsvOXGweNiHlOm/IPFRioqsiPPwVgLKjIv3Rqrp9VM2zC,2.128132,5.512708,22.208539,0,2591700,24.497461,Interactive,1,1.75
165300,ZuJxayBRDbGft+XMd24ZsvOXGweNiHlOm/IPFRioqsiPPwVgLKjIv3Rqrp9VM2zC,1.929792,2.8062400000000003,4.198631,0,2591700,24.497461,Interactive,1,1.75
165600,ZuJxayBRDbGft+XMd24ZsvOXGweNiHlOm/IPFRioqsiPPwVgLKjIv3Rqrp9VM2zC,1.616225,2.883712,4.406457,0,2591700,24.497461,Interactive,1,1.75
165900,ZuJxayBRDbGft+XMd24ZsvOXGweNiHlOm/IPFRioqsiPPwVgLKjIv3Rqrp9VM2zC,2.049506,3.549268,9.620211,0,2591700,24.497461,Interactive,1,1.75
166200,ZuJxayBRDbGft+XMd24ZsvOXGweNiHlOm/IPFRioqsiPPwVgLKjIv3Rqrp9VM2zC,1.495342,2.752421,3.982604,0,2591700,24.497461,Interactive,1,1.75
166500,ZuJxayBRDbGft+XMd24ZsvOXGweNiHlOm/IPFRioqsiPPwVgLKjIv3Rqrp9VM2zC,2.136401,3.010051,4.859265,0,2591700,24.497461,Interactive,1,1.75
166800,ZuJxayBRDbGft+XMd24ZsvOXGweNiHlOm/IPFRioqsiPPwVgLKjIv3Rqrp9VM2zC,1.581042,3.420888,9.399992999999998,0,2591700,24.497461,Interactive,1,1.75
167100,ZuJxayBRDbGft+XMd24ZsvOXGweNiHlOm/IPFRioqsiPPwVgLKjIv3Rqrp9VM2zC,2.268078,2.909954,4.168721,0,2591700,24.497461,Interactive,1,1.75
167400,ZuJxayBRDbGft+XMd24ZsvOXGweNiHlOm/IPFRioqsiPPwVgLKjIv3Rqrp9VM2zC,2.187087,3.031419,4.783574,0,2591700,24.497461,Interactive,1,1.75
167700,ZuJxayBRDbGft+XMd24ZsvOXGweNiHlOm/IPFRioqsiPPwVgLKjIv3Rqrp9VM2zC,2.225953,7.12597,45.647142,0,2591700,24.497461,Interactive,1,1.75
168000,ZuJxayBRDbGft+XMd24ZsvOXGweNiHlOm/IPFRioqsiPPwVgLKjIv3Rqrp9VM2zC,2.0108080000000004,3.120431,5.099844999999999,0,2591700,24.497461,Interactive,1,1.75
168300,ZuJxayBRDbGft+XMd24ZsvOXGweNiHlOm/IPFRioqsiPPwVgLKjIv3Rqrp9VM2zC,2.122695,2.916726,4.429064,0,2591700,24.497461,Interactive,1,1.75
168600,ZuJxayBRDbGft+XMd24ZsvOXGweNiHlOm/IPFRioqsiPPwVgLKjIv3Rqrp9VM2zC,2.222127,5.552705,22.176648,0,2591700,24.497461,Interactive,1,1.75
168900,ZuJxayBRDbGft+XMd24ZsvOXGweNiHlOm/IPFRioqsiPPwVgLKjIv3Rqrp9VM2zC,1.700605,2.843962,3.880722,0,2591700,24.497461,Interactive,1,1.75
169200,ZuJxayBRDbGft+XMd24ZsvOXGweNiHlOm/IPFRioqsiPPwVgLKjIv3Rqrp9VM2zC,2.210021,3.0133810000000003,4.602515,0,2591700,24.497461,Interactive,1,1.75
169500,ZuJxayBRDbGft+XMd24ZsvOXGweNiHlOm/IPFRioqsiPPwVgLKjIv3Rqrp9VM2zC,1.571143,3.433523,9.722671,0,2591700,24.497461,Interactive,1,1.75
169800,ZuJxayBRDbGft+XMd24ZsvOXGweNiHlOm/IPFRioqsiPPwVgLKjIv3Rqrp9VM2zC,2.144666,2.924223,3.888454,0,2591700,24.497461,Interactive,1,1.75
170100,ZuJxayBRDbGft+XMd24ZsvOXGweNiHlOm/IPFRioqsiPPwVgLKjIv3Rqrp9VM2zC,1.6813509999999998,2.877306,4.594541,0,2591700,24.497461,Interactive,1,1.75
170400,ZuJxayBRDbGft+XMd24ZsvOXGweNiHlOm/IPFRioqsiPPwVgLKjIv3Rqrp9VM2zC,2.082598,3.577175,9.569706,0,2591700,24.497461,Interactive,1,1.75
170700,ZuJxayBRDbGft+XMd24ZsvOXGweNiHlOm/IPFRioqsiPPwVgLKjIv3Rqrp9VM2zC,1.719195,2.80032,4.001763,0,2591700,24.497461,Interactive,1,1.75
171000,ZuJxayBRDbGft+XMd24ZsvOXGweNiHlOm/IPFRioqsiPPwVgLKjIv3Rqrp9VM2zC,2.126917,2.99625,4.764865,0,2591700,24.497461,Interactive,1,1.75
171300,ZuJxayBRDbGft+XMd24ZsvOXGweNiHlOm/IPFRioqsiPPwVgLKjIv3Rqrp9VM2zC,2.345898,9.431429,33.351801,0,2591700,24.497461,Interactive,1,1.75
171600,ZuJxayBRDbGft+XMd24ZsvOXGweNiHlOm/IPFRioqsiPPwVgLKjIv3Rqrp9VM2zC,1.590881,2.810226,3.773492,0,2591700,24.497461,Interactive,1,1.75
171900,ZuJxayBRDbGft+XMd24ZsvOXGweNiHlOm/IPFRioqsiPPwVgLKjIv3Rqrp9VM2zC,2.146996,2.962854,4.314554,0,2591700,24.497461,Interactive,1,1.75
172200,ZuJxayBRDbGft+XMd24ZsvOXGweNiHlOm/IPFRioqsiPPwVgLKjIv3Rqrp9VM2zC,2.316457,5.552196,20.304854,0,2591700,24.497461,Interactive,1,1.75
172500,ZuJxayBRDbGft+XMd24ZsvOXGweNiHlOm/IPFRioqsiPPwVgLKjIv3Rqrp9VM2zC,2.3018400000000003,2.89206,3.655363,0,2591700,24.497461,Interactive,1,1.75
172800,ZuJxayBRDbGft+XMd24ZsvOXGweNiHlOm/IPFRioqsiPPwVgLKjIv3Rqrp9VM2zC,2.101369,2.797287,3.917378,0,2591700,24.497461,Interactive,1,1.75
173100,ZuJxayBRDbGft+XMd24ZsvOXGweNiHlOm/IPFRioqsiPPwVgLKjIv3Rqrp9VM2zC,2.164414,3.4134830000000003,9.63231,0,2591700,24.497461,Interactive,1,1.75
173400,ZuJxayBRDbGft+XMd24ZsvOXGweNiHlOm/IPFRioqsiPPwVgLKjIv3Rqrp9VM2zC,1.116659,2.634008,3.508224,0,2591700,24.497461,Interactive,1,1.75
173700,ZuJxayBRDbGft+XMd24ZsvOXGweNiHlOm/IPFRioqsiPPwVgLKjIv3Rqrp9VM2zC,1.812277,2.713639,3.958737,0,2591700,24.497461,Interactive,1,1.75
174000,ZuJxayBRDbGft+XMd24ZsvOXGweNiHlOm/IPFRioqsiPPwVgLKjIv3Rqrp9VM2zC,2.022816,3.325134,9.349574,0,2591700,24.497461,Interactive,1,1.75
174300,ZuJxayBRDbGft+XMd24ZsvOXGweNiHlOm/IPFRioqsiPPwVgLKjIv3Rqrp9VM2zC,1.085599,2.62903,4.395616,0,2591700,24.497461,Interactive,1,1.75
174600,ZuJxayBRDbGft+XMd24ZsvOXGweNiHlOm/IPFRioqsiPPwVgLKjIv3Rqrp9VM2zC,2.028263,2.914642,4.208189,0,2591700,24.497461,Interactive,1,1.75
174900,ZuJxayBRDbGft+XMd24ZsvOXGweNiHlOm/IPFRioqsiPPwVgLKjIv3Rqrp9VM2zC,1.668249,3.112325,9.590106,0,2591700,24.497461,Interactive,1,1.75
175200,ZuJxayBRDbGft+XMd24ZsvOXGweNiHlOm/IPFRioqsiPPwVgLKjIv3Rqrp9VM2zC,2.221301,2.96261,4.669585,0,2591700,24.497461,Interactive,1,1.75
175500,ZuJxayBRDbGft+XMd24ZsvOXGweNiHlOm/IPFRioqsiPPwVgLKjIv3Rqrp9VM2zC,2.075957,2.694518,3.720881,0,2591700,24.497461,Interactive,1,1.75
175800,ZuJxayBRDbGft+XMd24ZsvOXGweNiHlOm/IPFRioqsiPPwVgLKjIv3Rqrp9VM2zC,1.961118,5.352646,22.756138,0,2591700,24.497461,Interactive,1,1.75
176100,ZuJxayBRDbGft+XMd24ZsvOXGweNiHlOm/IPFRioqsiPPwVgLKjIv3Rqrp9VM2zC,1.764506,2.6330720000000003,4.22933,0,2591700,24.497461,Interactive,1,1.75
176400,ZuJxayBRDbGft+XMd24ZsvOXGweNiHlOm/IPFRioqsiPPwVgLKjIv3Rqrp9VM2zC,1.836631,2.755125,3.954267,0,2591700,24.497461,Interactive,1,1.75
176700,ZuJxayBRDbGft+XMd24ZsvOXGweNiHlOm/IPFRioqsiPPwVgLKjIv3Rqrp9VM2zC,2.068119,3.246102,9.298929,0,2591700,24.497461,Interactive,1,1.75
177000,ZuJxayBRDbGft+XMd24ZsvOXGweNiHlOm/IPFRioqsiPPwVgLKjIv3Rqrp9VM2zC,1.251734,2.609398,4.555749,0,2591700,24.497461,Interactive,1,1.75
177300,ZuJxayBRDbGft+XMd24ZsvOXGweNiHlOm/IPFRioqsiPPwVgLKjIv3Rqrp9VM2zC,1.999108,2.7674,4.288452,0,2591700,24.497461,Interactive,1,1.75
177600,ZuJxayBRDbGft+XMd24ZsvOXGweNiHlOm/IPFRioqsiPPwVgLKjIv3Rqrp9VM2zC,2.031301,3.090783,9.430922,0,2591700,24.497461,Interactive,1,1.75
177900,ZuJxayBRDbGft+XMd24ZsvOXGweNiHlOm/IPFRioqsiPPwVgLKjIv3Rqrp9VM2zC,2.224628,2.856587,4.6614510000000005,0,2591700,24.497461,Interactive,1,1.75
178200,ZuJxayBRDbGft+XMd24ZsvOXGweNiHlOm/IPFRioqsiPPwVgLKjIv3Rqrp9VM2zC,1.788863,2.588569,3.446199,0,2591700,24.497461,Interactive,1,1.75
178500,ZuJxayBRDbGft+XMd24ZsvOXGweNiHlOm/IPFRioqsiPPwVgLKjIv3Rqrp9VM2zC,2.01413,3.227378,9.384543,0,2591700,24.497461,Interactive,1,1.75
178800,ZuJxayBRDbGft+XMd24ZsvOXGweNiHlOm/IPFRioqsiPPwVgLKjIv3Rqrp9VM2zC,1.6465040000000002,2.56542,3.97072,0,2591700,24.497461,Interactive,1,1.75
179100,ZuJxayBRDbGft+XMd24ZsvOXGweNiHlOm/IPFRioqsiPPwVgLKjIv3Rqrp9VM2zC,1.393583,2.571731,3.814836,0,2591700,24.497461,Interactive,1,1.75
179400,ZuJxayBRDbGft+XMd24ZsvOXGweNiHlOm/IPFRioqsiPPwVgLKjIv3Rqrp9VM2zC,1.926143,5.422319,23.035253,0,2591700,24.497461,Interactive,1,1.75
179700,ZuJxayBRDbGft+XMd24ZsvOXGweNiHlOm/IPFRioqsiPPwVgLKjIv3Rqrp9VM2zC,1.668089,2.6129740000000004,4.402533999999999,0,2591700,24.497461,Interactive,1,1.75
180000,ZuJxayBRDbGft+XMd24ZsvOXGweNiHlOm/IPFRioqsiPPwVgLKjIv3Rqrp9VM2zC,1.938637,2.791723,3.943,0,2591700,24.497461,Interactive,1,1.75
180300,ZuJxayBRDbGft+XMd24ZsvOXGweNiHlOm/IPFRioqsiPPwVgLKjIv3Rqrp9VM2zC,2.0406150000000003,3.1315310000000003,9.615736,0,2591700,24.497461,Interactive,1,1.75
180600,ZuJxayBRDbGft+XMd24ZsvOXGweNiHlOm/IPFRioqsiPPwVgLKjIv3Rqrp9VM2zC,2.159992,2.887744,4.501672,0,2591700,24.497461,Interactive,1,1.75
180900,ZuJxayBRDbGft+XMd24ZsvOXGweNiHlOm/IPFRioqsiPPwVgLKjIv3Rqrp9VM2zC,2.026346,2.654039,3.5234410000000005,0,2591700,24.497461,Interactive,1,1.75
181200,ZuJxayBRDbGft+XMd24ZsvOXGweNiHlOm/IPFRioqsiPPwVgLKjIv3Rqrp9VM2zC,1.974252,3.285334,9.371698,0,2591700,24.497461,Interactive,1,1.75
181500,ZuJxayBRDbGft+XMd24ZsvOXGweNiHlOm/IPFRioqsiPPwVgLKjIv3Rqrp9VM2zC,1.571986,2.561234,3.88663,0,2591700,24.497461,Interactive,1,1.75
181800,ZuJxayBRDbGft+XMd24ZsvOXGweNiHlOm/IPFRioqsiPPwVgLKjIv3Rqrp9VM2zC,1.825783,2.68965,3.891205,0,2591700,24.497461,Interactive,1,1.75
182100,ZuJxayBRDbGft+XMd24ZsvOXGweNiHlOm/IPFRioqsiPPwVgLKjIv3Rqrp9VM2zC,2.066398,3.267085,9.196854,0,2591700,24.497461,Interactive,1,1.75
182400,ZuJxayBRDbGft+XMd24ZsvOXGweNiHlOm/IPFRioqsiPPwVgLKjIv3Rqrp9VM2zC,2.113408,2.711706,4.47552,0,2591700,24.497461,Interactive,1,1.75
182700,ZuJxayBRDbGft+XMd24ZsvOXGweNiHlOm/IPFRioqsiPPwVgLKjIv3Rqrp9VM2zC,2.06597,2.756447,3.739567,0,2591700,24.497461,Interactive,1,1.75
183000,ZuJxayBRDbGft+XMd24ZsvOXGweNiHlOm/IPFRioqsiPPwVgLKjIv3Rqrp9VM2zC,1.360033,5.016073,16.143843,0,2591700,24.497461,Interactive,1,1.75
183300,ZuJxayBRDbGft+XMd24ZsvOXGweNiHlOm/IPFRioqsiPPwVgLKjIv3Rqrp9VM2zC,2.249356,2.925977,4.472048,0,2591700,24.497461,Interactive,1,1.75
183600,ZuJxayBRDbGft+XMd24ZsvOXGweNiHlOm/IPFRioqsiPPwVgLKjIv3Rqrp9VM2zC,2.035393,2.701846,3.371454,0,2591700,24.497461,Interactive,1,1.75
183900,ZuJxayBRDbGft+XMd24ZsvOXGweNiHlOm/IPFRioqsiPPwVgLKjIv3Rqrp9VM2zC,2.025881,3.25065,9.677624,0,2591700,24.497461,Interactive,1,1.75
184200,ZuJxayBRDbGft+XMd24ZsvOXGweNiHlOm/IPFRioqsiPPwVgLKjIv3Rqrp9VM2zC,2.14583,2.798796,3.603536,0,2591700,24.497461,Interactive,1,1.75
184500,ZuJxayBRDbGft+XMd24ZsvOXGweNiHlOm/IPFRioqsiPPwVgLKjIv3Rqrp9VM2zC,2.040029,3.455346,9.469447,0,2591700,24.497461,Interactive,1,1.75
184800,ZuJxayBRDbGft+XMd24ZsvOXGweNiHlOm/IPFRioqsiPPwVgLKjIv3Rqrp9VM2zC,1.996102,3.286569,9.461096,0,2591700,24.497461,Interactive,1,1.75
185100,ZuJxayBRDbGft+XMd24ZsvOXGweNiHlOm/IPFRioqsiPPwVgLKjIv3Rqrp9VM2zC,2.124403,2.7643310000000003,3.967976,0,2591700,24.497461,Interactive,1,1.75
185400,ZuJxayBRDbGft+XMd24ZsvOXGweNiHlOm/IPFRioqsiPPwVgLKjIv3Rqrp9VM2zC,2.04891,3.235045,6.401819000000001,0,2591700,24.497461,Interactive,1,1.75
185700,ZuJxayBRDbGft+XMd24ZsvOXGweNiHlOm/IPFRioqsiPPwVgLKjIv3Rqrp9VM2zC,2.024676,3.164098,9.489671,0,2591700,24.497461,Interactive,1,1.75
186000,ZuJxayBRDbGft+XMd24ZsvOXGweNiHlOm/IPFRioqsiPPwVgLKjIv3Rqrp9VM2zC,2.373392,2.95002,4.466425,0,2591700,24.497461,Interactive,1,1.75
186300,ZuJxayBRDbGft+XMd24ZsvOXGweNiHlOm/IPFRioqsiPPwVgLKjIv3Rqrp9VM2zC,2.056826,4.618901,21.171014000000003,0,2591700,24.497461,Interactive,1,1.75
186600,ZuJxayBRDbGft+XMd24ZsvOXGweNiHlOm/IPFRioqsiPPwVgLKjIv3Rqrp9VM2zC,2.0198,5.306378,23.093949,0,2591700,24.497461,Interactive,1,1.75
186900,ZuJxayBRDbGft+XMd24ZsvOXGweNiHlOm/IPFRioqsiPPwVgLKjIv3Rqrp9VM2zC,2.259501,3.131821,5.027167,0,2591700,24.497461,Interactive,1,1.75
187200,ZuJxayBRDbGft+XMd24ZsvOXGweNiHlOm/IPFRioqsiPPwVgLKjIv3Rqrp9VM2zC,2.0757790000000003,3.149528,5.088602,0,2591700,24.497461,Interactive,1,1.75
187500,ZuJxayBRDbGft+XMd24ZsvOXGweNiHlOm/IPFRioqsiPPwVgLKjIv3Rqrp9VM2zC,2.051111,3.318115,7.62817,0,2591700,24.497461,Interactive,1,1.75
187800,ZuJxayBRDbGft+XMd24ZsvOXGweNiHlOm/IPFRioqsiPPwVgLKjIv3Rqrp9VM2zC,2.221484,3.264122,5.905568,0,2591700,24.497461,Interactive,1,1.75
188100,ZuJxayBRDbGft+XMd24ZsvOXGweNiHlOm/IPFRioqsiPPwVgLKjIv3Rqrp9VM2zC,1.957831,2.894751,4.257346,0,2591700,24.497461,Interactive,1,1.75
188400,ZuJxayBRDbGft+XMd24ZsvOXGweNiHlOm/IPFRioqsiPPwVgLKjIv3Rqrp9VM2zC,2.062477,3.650623,9.281387,0,2591700,24.497461,Interactive,1,1.75
188700,ZuJxayBRDbGft+XMd24ZsvOXGweNiHlOm/IPFRioqsiPPwVgLKjIv3Rqrp9VM2zC,2.214874,3.031296,5.275829,0,2591700,24.497461,Interactive,1,1.75
189000,ZuJxayBRDbGft+XMd24ZsvOXGweNiHlOm/IPFRioqsiPPwVgLKjIv3Rqrp9VM2zC,1.990884,3.578479,8.775094000000001,0,2591700,24.497461,Interactive,1,1.75
189300,ZuJxayBRDbGft+XMd24ZsvOXGweNiHlOm/IPFRioqsiPPwVgLKjIv3Rqrp9VM2zC,2.021877,3.335529,8.751292,0,2591700,24.497461,Interactive,1,1.75
189600,ZuJxayBRDbGft+XMd24ZsvOXGweNiHlOm/IPFRioqsiPPwVgLKjIv3Rqrp9VM2zC,2.208876,3.276529,5.910772,0,2591700,24.497461,Interactive,1,1.75
189900,ZuJxayBRDbGft+XMd24ZsvOXGweNiHlOm/IPFRioqsiPPwVgLKjIv3Rqrp9VM2zC,1.510925,2.858534,3.661778,0,2591700,24.497461,Interactive,1,1.75
190200,ZuJxayBRDbGft+XMd24ZsvOXGweNiHlOm/IPFRioqsiPPwVgLKjIv3Rqrp9VM2zC,2.02242,5.432323,23.138294,0,2591700,24.497461,Interactive,1,1.75
190500,ZuJxayBRDbGft+XMd24ZsvOXGweNiHlOm/IPFRioqsiPPwVgLKjIv3Rqrp9VM2zC,2.245623,2.957576,4.708357,0,2591700,24.497461,Interactive,1,1.75
190800,ZuJxayBRDbGft+XMd24ZsvOXGweNiHlOm/IPFRioqsiPPwVgLKjIv3Rqrp9VM2zC,2.028111,2.940574,3.850111,0,2591700,24.497461,Interactive,1,1.75
191100,ZuJxayBRDbGft+XMd24ZsvOXGweNiHlOm/IPFRioqsiPPwVgLKjIv3Rqrp9VM2zC,1.712128,3.2997050000000003,9.340315,0,2591700,24.497461,Interactive,1,1.75
191400,ZuJxayBRDbGft+XMd24ZsvOXGweNiHlOm/IPFRioqsiPPwVgLKjIv3Rqrp9VM2zC,2.137012,3.017722,5.001576,0,2591700,24.497461,Interactive,1,1.75
191700,ZuJxayBRDbGft+XMd24ZsvOXGweNiHlOm/IPFRioqsiPPwVgLKjIv3Rqrp9VM2zC,2.002611,3.193409,4.825444999999999,0,2591700,24.497461,Interactive,1,1.75
192000,ZuJxayBRDbGft+XMd24ZsvOXGweNiHlOm/IPFRioqsiPPwVgLKjIv3Rqrp9VM2zC,2.085828,3.433802,8.841687,0,2591700,24.497461,Interactive,1,1.75
192300,ZuJxayBRDbGft+XMd24ZsvOXGweNiHlOm/IPFRioqsiPPwVgLKjIv3Rqrp9VM2zC,2.112356,2.990026,5.203178,0,2591700,24.497461,Interactive,1,1.75
192600,ZuJxayBRDbGft+XMd24ZsvOXGweNiHlOm/IPFRioqsiPPwVgLKjIv3Rqrp9VM2zC,1.655405,2.9106810000000003,3.858663,0,2591700,24.497461,Interactive,1,1.75
192900,ZuJxayBRDbGft+XMd24ZsvOXGweNiHlOm/IPFRioqsiPPwVgLKjIv3Rqrp9VM2zC,2.007568,3.377759,8.929563,0,2591700,24.497461,Interactive,1,1.75
193200,ZuJxayBRDbGft+XMd24ZsvOXGweNiHlOm/IPFRioqsiPPwVgLKjIv3Rqrp9VM2zC,1.957289,3.011246,4.836421,0,2591700,24.497461,Interactive,1,1.75
193500,ZuJxayBRDbGft+XMd24ZsvOXGweNiHlOm/IPFRioqsiPPwVgLKjIv3Rqrp9VM2zC,1.921181,3.03117,4.314917,0,2591700,24.497461,Interactive,1,1.75
193800,ZuJxayBRDbGft+XMd24ZsvOXGweNiHlOm/IPFRioqsiPPwVgLKjIv3Rqrp9VM2zC,1.860882,5.4137010000000005,23.581481,0,2591700,24.497461,Interactive,1,1.75
194100,ZuJxayBRDbGft+XMd24ZsvOXGweNiHlOm/IPFRioqsiPPwVgLKjIv3Rqrp9VM2zC,2.483942,3.068444,4.982298,0,2591700,24.497461,Interactive,1,1.75
194400,ZuJxayBRDbGft+XMd24ZsvOXGweNiHlOm/IPFRioqsiPPwVgLKjIv3Rqrp9VM2zC,1.712288,2.866582,4.288941,0,2591700,24.497461,Interactive,1,1.75
194700,ZuJxayBRDbGft+XMd24ZsvOXGweNiHlOm/IPFRioqsiPPwVgLKjIv3Rqrp9VM2zC,1.951131,3.402102,8.756278,0,2591700,24.497461,Interactive,1,1.75
195000,ZuJxayBRDbGft+XMd24ZsvOXGweNiHlOm/IPFRioqsiPPwVgLKjIv3Rqrp9VM2zC,1.759502,3.001009,4.992589,0,2591700,24.497461,Interactive,1,1.75
195300,ZuJxayBRDbGft+XMd24ZsvOXGweNiHlOm/IPFRioqsiPPwVgLKjIv3Rqrp9VM2zC,1.846912,2.958812,4.316571,0,2591700,24.497461,Interactive,1,1.75
195600,ZuJxayBRDbGft+XMd24ZsvOXGweNiHlOm/IPFRioqsiPPwVgLKjIv3Rqrp9VM2zC,2.071524,3.456196,8.964582,0,2591700,24.497461,Interactive,1,1.75
195900,ZuJxayBRDbGft+XMd24ZsvOXGweNiHlOm/IPFRioqsiPPwVgLKjIv3Rqrp9VM2zC,2.367154,3.044736,4.87271,0,2591700,24.497461,Interactive,1,1.75
196200,ZuJxayBRDbGft+XMd24ZsvOXGweNiHlOm/IPFRioqsiPPwVgLKjIv3Rqrp9VM2zC,1.939296,3.019869,4.2074110000000005,0,2591700,24.497461,Interactive,1,1.75
196500,ZuJxayBRDbGft+XMd24ZsvOXGweNiHlOm/IPFRioqsiPPwVgLKjIv3Rqrp9VM2zC,1.983678,3.423808,9.123392,0,2591700,24.497461,Interactive,1,1.75
196800,ZuJxayBRDbGft+XMd24ZsvOXGweNiHlOm/IPFRioqsiPPwVgLKjIv3Rqrp9VM2zC,2.270036,3.025488,4.995225,0,2591700,24.497461,Interactive,1,1.75
197100,ZuJxayBRDbGft+XMd24ZsvOXGweNiHlOm/IPFRioqsiPPwVgLKjIv3Rqrp9VM2zC,1.455345,2.796509,3.850868,0,2591700,24.497461,Interactive,1,1.75
197400,ZuJxayBRDbGft+XMd24ZsvOXGweNiHlOm/IPFRioqsiPPwVgLKjIv3Rqrp9VM2zC,2.020763,4.871484,17.063508,0,2591700,24.497461,Interactive,1,1.75
197700,ZuJxayBRDbGft+XMd24ZsvOXGweNiHlOm/IPFRioqsiPPwVgLKjIv3Rqrp9VM2zC,2.567748,3.269058,4.952457,0,2591700,24.497461,Interactive,1,1.75
198000,ZuJxayBRDbGft+XMd24ZsvOXGweNiHlOm/IPFRioqsiPPwVgLKjIv3Rqrp9VM2zC,1.748943,2.796163,4.010132,0,2591700,24.497461,Interactive,1,1.75
198300,ZuJxayBRDbGft+XMd24ZsvOXGweNiHlOm/IPFRioqsiPPwVgLKjIv3Rqrp9VM2zC,2.22026,3.5687830000000003,8.848514999999999,0,2591700,24.497461,Interactive,1,1.75
198600,ZuJxayBRDbGft+XMd24ZsvOXGweNiHlOm/IPFRioqsiPPwVgLKjIv3Rqrp9VM2zC,1.8057490000000005,2.958893,4.101396,0,2591700,24.497461,Interactive,1,1.75
198900,ZuJxayBRDbGft+XMd24ZsvOXGweNiHlOm/IPFRioqsiPPwVgLKjIv3Rqrp9VM2zC,1.990287,2.845605,4.442236,0,2591700,24.497461,Interactive,1,1.75
199200,ZuJxayBRDbGft+XMd24ZsvOXGweNiHlOm/IPFRioqsiPPwVgLKjIv3Rqrp9VM2zC,1.283485,3.353537,8.961607,0,2591700,24.497461,Interactive,1,1.75
199500,ZuJxayBRDbGft+XMd24ZsvOXGweNiHlOm/IPFRioqsiPPwVgLKjIv3Rqrp9VM2zC,2.412393,3.127224,4.400983999999999,0,2591700,24.497461,Interactive,1,1.75
199800,ZuJxayBRDbGft+XMd24ZsvOXGweNiHlOm/IPFRioqsiPPwVgLKjIv3Rqrp9VM2zC,1.865635,2.796305,4.563928,0,2591700,24.497461,Interactive,1,1.75
200100,ZuJxayBRDbGft+XMd24ZsvOXGweNiHlOm/IPFRioqsiPPwVgLKjIv3Rqrp9VM2zC,1.866842,10.508166,39.207011,0,2591700,24.497461,Interactive,1,1.75
200400,ZuJxayBRDbGft+XMd24ZsvOXGweNiHlOm/IPFRioqsiPPwVgLKjIv3Rqrp9VM2zC,1.627277,2.7669490000000003,4.264199,0,2591700,24.497461,Interactive,1,1.75
200700,ZuJxayBRDbGft+XMd24ZsvOXGweNiHlOm/IPFRioqsiPPwVgLKjIv3Rqrp9VM2zC,1.2137790000000002,2.455487,3.725733,0,2591700,24.497461,Interactive,1,1.75
201000,ZuJxayBRDbGft+XMd24ZsvOXGweNiHlOm/IPFRioqsiPPwVgLKjIv3Rqrp9VM2zC,1.788188,3.343886,8.073233,0,2591700,24.497461,Interactive,1,1.75
201300,ZuJxayBRDbGft+XMd24ZsvOXGweNiHlOm/IPFRioqsiPPwVgLKjIv3Rqrp9VM2zC,1.166242,4.795545,23.855673,0,2591700,24.497461,Interactive,1,1.75
201600,ZuJxayBRDbGft+XMd24ZsvOXGweNiHlOm/IPFRioqsiPPwVgLKjIv3Rqrp9VM2zC,1.83954,2.530037,3.948422,0,2591700,24.497461,Interactive,1,1.75
201900,ZuJxayBRDbGft+XMd24ZsvOXGweNiHlOm/IPFRioqsiPPwVgLKjIv3Rqrp9VM2zC,1.559384,3.133669,8.537808,0,2591700,24.497461,Interactive,1,1.75
202200,ZuJxayBRDbGft+XMd24ZsvOXGweNiHlOm/IPFRioqsiPPwVgLKjIv3Rqrp9VM2zC,2.114602,2.739246,3.880561,0,2591700,24.497461,Interactive,1,1.75
202500,ZuJxayBRDbGft+XMd24ZsvOXGweNiHlOm/IPFRioqsiPPwVgLKjIv3Rqrp9VM2zC,1.7063669999999995,2.465983,3.880057,0,2591700,24.497461,Interactive,1,1.75
202800,ZuJxayBRDbGft+XMd24ZsvOXGweNiHlOm/IPFRioqsiPPwVgLKjIv3Rqrp9VM2zC,1.88873,3.247717,8.434795,0,2591700,24.497461,Interactive,1,1.75
203100,ZuJxayBRDbGft+XMd24ZsvOXGweNiHlOm/IPFRioqsiPPwVgLKjIv3Rqrp9VM2zC,1.419905,2.60697,4.314135,0,2591700,24.497461,Interactive,1,1.75
203400,ZuJxayBRDbGft+XMd24ZsvOXGweNiHlOm/IPFRioqsiPPwVgLKjIv3Rqrp9VM2zC,1.7786099999999998,2.494973,3.923551,0,2591700,24.497461,Interactive,1,1.75
203700,ZuJxayBRDbGft+XMd24ZsvOXGweNiHlOm/IPFRioqsiPPwVgLKjIv3Rqrp9VM2zC,1.796386,3.271944,8.872216,0,2591700,24.497461,Interactive,1,1.75
204000,ZuJxayBRDbGft+XMd24ZsvOXGweNiHlOm/IPFRioqsiPPwVgLKjIv3Rqrp9VM2zC,1.607978,2.682671,3.775994,0,2591700,24.497461,Interactive,1,1.75
204300,ZuJxayBRDbGft+XMd24ZsvOXGweNiHlOm/IPFRioqsiPPwVgLKjIv3Rqrp9VM2zC,1.85886,2.529151,3.933483,0,2591700,24.497461,Interactive,1,1.75
204600,ZuJxayBRDbGft+XMd24ZsvOXGweNiHlOm/IPFRioqsiPPwVgLKjIv3Rqrp9VM2zC,1.623038,3.199794,8.805804,0,2591700,24.497461,Interactive,1,1.75
204900,ZuJxayBRDbGft+XMd24ZsvOXGweNiHlOm/IPFRioqsiPPwVgLKjIv3Rqrp9VM2zC,2.07516,4.796753,23.040584,0,2591700,24.497461,Interactive,1,1.75
205200,ZuJxayBRDbGft+XMd24ZsvOXGweNiHlOm/IPFRioqsiPPwVgLKjIv3Rqrp9VM2zC,1.39365,2.534365,4.266519000000001,0,2591700,24.497461,Interactive,1,1.75
205500,ZuJxayBRDbGft+XMd24ZsvOXGweNiHlOm/IPFRioqsiPPwVgLKjIv3Rqrp9VM2zC,1.876054,3.299678,8.953574,0,2591700,24.497461,Interactive,1,1.75
205800,ZuJxayBRDbGft+XMd24ZsvOXGweNiHlOm/IPFRioqsiPPwVgLKjIv3Rqrp9VM2zC,2.137575,2.695585,3.994031,0,2591700,24.497461,Interactive,1,1.75
206100,ZuJxayBRDbGft+XMd24ZsvOXGweNiHlOm/IPFRioqsiPPwVgLKjIv3Rqrp9VM2zC,1.67251,2.4485810000000003,3.763526,0,2591700,24.497461,Interactive,1,1.75
206400,ZuJxayBRDbGft+XMd24ZsvOXGweNiHlOm/IPFRioqsiPPwVgLKjIv3Rqrp9VM2zC,1.905025,3.2857199999999995,8.571058,0,2591700,24.497461,Interactive,1,1.75
206700,ZuJxayBRDbGft+XMd24ZsvOXGweNiHlOm/IPFRioqsiPPwVgLKjIv3Rqrp9VM2zC,1.945709,2.838457,4.471158,0,2591700,24.497461,Interactive,1,1.75
207000,ZuJxayBRDbGft+XMd24ZsvOXGweNiHlOm/IPFRioqsiPPwVgLKjIv3Rqrp9VM2zC,1.906977,2.688818,4.405349,0,2591700,24.497461,Interactive,1,1.75
207300,ZuJxayBRDbGft+XMd24ZsvOXGweNiHlOm/IPFRioqsiPPwVgLKjIv3Rqrp9VM2zC,1.8146400000000005,3.196821,8.718721,0,2591700,24.497461,Interactive,1,1.75
207600,ZuJxayBRDbGft+XMd24ZsvOXGweNiHlOm/IPFRioqsiPPwVgLKjIv3Rqrp9VM2zC,2.166112,2.75882,3.854571,0,2591700,24.497461,Interactive,1,1.75
207900,ZuJxayBRDbGft+XMd24ZsvOXGweNiHlOm/IPFRioqsiPPwVgLKjIv3Rqrp9VM2zC,1.064893,2.374469,3.814905,0,2591700,24.497461,Interactive,1,1.75
208200,ZuJxayBRDbGft+XMd24ZsvOXGweNiHlOm/IPFRioqsiPPwVgLKjIv3Rqrp9VM2zC,1.839046,3.295603,8.714580999999999,0,2591700,24.497461,Interactive,1,1.75
208500,ZuJxayBRDbGft+XMd24ZsvOXGweNiHlOm/IPFRioqsiPPwVgLKjIv3Rqrp9VM2zC,1.7366259999999998,4.794848,23.49051,0,2591700,24.497461,Interactive,1,1.75
208800,ZuJxayBRDbGft+XMd24ZsvOXGweNiHlOm/IPFRioqsiPPwVgLKjIv3Rqrp9VM2zC,1.507392,2.502615,3.69116,0,2591700,24.497461,Interactive,1,1.75
209100,ZuJxayBRDbGft+XMd24ZsvOXGweNiHlOm/IPFRioqsiPPwVgLKjIv3Rqrp9VM2zC,1.906547,3.305929,8.568999999999999,0,2591700,24.497461,Interactive,1,1.75
209400,ZuJxayBRDbGft+XMd24ZsvOXGweNiHlOm/IPFRioqsiPPwVgLKjIv3Rqrp9VM2zC,1.373125,2.738997,3.818325,0,2591700,24.497461,Interactive,1,1.75
209700,ZuJxayBRDbGft+XMd24ZsvOXGweNiHlOm/IPFRioqsiPPwVgLKjIv3Rqrp9VM2zC,1.906736,2.635973,3.672565,0,2591700,24.497461,Interactive,1,1.75
210000,ZuJxayBRDbGft+XMd24ZsvOXGweNiHlOm/IPFRioqsiPPwVgLKjIv3Rqrp9VM2zC,1.7595310000000002,3.259762,8.898710000000001,0,2591700,24.497461,Interactive,1,1.75
210300,ZuJxayBRDbGft+XMd24ZsvOXGweNiHlOm/IPFRioqsiPPwVgLKjIv3Rqrp9VM2zC,1.992494,2.809132,4.329301999999999,0,2591700,24.497461,Interactive,1,1.75
210600,ZuJxayBRDbGft+XMd24ZsvOXGweNiHlOm/IPFRioqsiPPwVgLKjIv3Rqrp9VM2zC,1.791592,2.602467,3.798803,0,2591700,24.497461,Interactive,1,1.75
210900,ZuJxayBRDbGft+XMd24ZsvOXGweNiHlOm/IPFRioqsiPPwVgLKjIv3Rqrp9VM2zC,1.877101,3.31386,9.148424,0,2591700,24.497461,Interactive,1,1.75
211200,ZuJxayBRDbGft+XMd24ZsvOXGweNiHlOm/IPFRioqsiPPwVgLKjIv3Rqrp9VM2zC,1.910268,2.786437,4.556473,0,2591700,24.497461,Interactive,1,1.75
211500,ZuJxayBRDbGft+XMd24ZsvOXGweNiHlOm/IPFRioqsiPPwVgLKjIv3Rqrp9VM2zC,1.844739,2.494798,3.569348,0,2591700,24.497461,Interactive,1,1.75
211800,ZuJxayBRDbGft+XMd24ZsvOXGweNiHlOm/IPFRioqsiPPwVgLKjIv3Rqrp9VM2zC,1.7652740000000002,3.35071,8.750563,0,2591700,24.497461,Interactive,1,1.75
212100,ZuJxayBRDbGft+XMd24ZsvOXGweNiHlOm/IPFRioqsiPPwVgLKjIv3Rqrp9VM2zC,1.237411,34.625437,96.737209,0,2591700,24.497461,Interactive,1,1.75
212400,ZuJxayBRDbGft+XMd24ZsvOXGweNiHlOm/IPFRioqsiPPwVgLKjIv3Rqrp9VM2zC,1.966861,2.7102470000000003,3.943617,0,2591700,24.497461,Interactive,1,1.75
212700,ZuJxayBRDbGft+XMd24ZsvOXGweNiHlOm/IPFRioqsiPPwVgLKjIv3Rqrp9VM2zC,1.592847,3.30234,8.695628999999998,0,2591700,24.497461,Interactive,1,1.75
213000,ZuJxayBRDbGft+XMd24ZsvOXGweNiHlOm/IPFRioqsiPPwVgLKjIv3Rqrp9VM2zC,2.125335,2.858027,4.3206370000000005,0,2591700,24.497461,Interactive,1,1.75
213300,ZuJxayBRDbGft+XMd24ZsvOXGweNiHlOm/IPFRioqsiPPwVgLKjIv3Rqrp9VM2zC,1.611769,2.547369,3.572993,0,2591700,24.497461,Interactive,1,1.75
213600,ZuJxayBRDbGft+XMd24ZsvOXGweNiHlOm/IPFRioqsiPPwVgLKjIv3Rqrp9VM2zC,1.932593,3.525472,8.523267,0,2591700,24.497461,Interactive,1,1.75
213900,ZuJxayBRDbGft+XMd24ZsvOXGweNiHlOm/IPFRioqsiPPwVgLKjIv3Rqrp9VM2zC,1.938886,3.182768,5.060523,0,2591700,24.497461,Interactive,1,1.75
214200,ZuJxayBRDbGft+XMd24ZsvOXGweNiHlOm/IPFRioqsiPPwVgLKjIv3Rqrp9VM2zC,1.8625,2.829736,4.289619999999999,0,2591700,24.497461,Interactive,1,1.75
214500,ZuJxayBRDbGft+XMd24ZsvOXGweNiHlOm/IPFRioqsiPPwVgLKjIv3Rqrp9VM2zC,1.884806,3.409597,9.162214,0,2591700,24.497461,Interactive,1,1.75
214800,ZuJxayBRDbGft+XMd24ZsvOXGweNiHlOm/IPFRioqsiPPwVgLKjIv3Rqrp9VM2zC,1.097898,2.744226,4.267273,0,2591700,24.497461,Interactive,1,1.75
215100,ZuJxayBRDbGft+XMd24ZsvOXGweNiHlOm/IPFRioqsiPPwVgLKjIv3Rqrp9VM2zC,1.832458,2.68967,4.121415,0,2591700,24.497461,Interactive,1,1.75
215400,ZuJxayBRDbGft+XMd24ZsvOXGweNiHlOm/IPFRioqsiPPwVgLKjIv3Rqrp9VM2zC,1.6752049999999998,3.359664,9.487906,0,2591700,24.497461,Interactive,1,1.75
215700,ZuJxayBRDbGft+XMd24ZsvOXGweNiHlOm/IPFRioqsiPPwVgLKjIv3Rqrp9VM2zC,2.0346740000000003,5.229352,25.406875,0,2591700,24.497461,Interactive,1,1.75
216000,ZuJxayBRDbGft+XMd24ZsvOXGweNiHlOm/IPFRioqsiPPwVgLKjIv3Rqrp9VM2zC,1.692403,2.669245,3.815813,0,2591700,24.497461,Interactive,1,1.75
216300,ZuJxayBRDbGft+XMd24ZsvOXGweNiHlOm/IPFRioqsiPPwVgLKjIv3Rqrp9VM2zC,1.8295740000000005,3.612987,9.817662,0,2591700,24.497461,Interactive,1,1.75
216600,ZuJxayBRDbGft+XMd24ZsvOXGweNiHlOm/IPFRioqsiPPwVgLKjIv3Rqrp9VM2zC,1.688041,2.873798,4.485162,0,2591700,24.497461,Interactive,1,1.75
216900,ZuJxayBRDbGft+XMd24ZsvOXGweNiHlOm/IPFRioqsiPPwVgLKjIv3Rqrp9VM2zC,1.664554,2.713655,3.659453,0,2591700,24.497461,Interactive,1,1.75
217200,ZuJxayBRDbGft+XMd24ZsvOXGweNiHlOm/IPFRioqsiPPwVgLKjIv3Rqrp9VM2zC,1.978174,3.560217,9.933872,0,2591700,24.497461,Interactive,1,1.75
217500,ZuJxayBRDbGft+XMd24ZsvOXGweNiHlOm/IPFRioqsiPPwVgLKjIv3Rqrp9VM2zC,2.049122,2.978283,4.745532,0,2591700,24.497461,Interactive,1,1.75
217800,ZuJxayBRDbGft+XMd24ZsvOXGweNiHlOm/IPFRioqsiPPwVgLKjIv3Rqrp9VM2zC,1.929732,2.882944,3.756582,0,2591700,24.497461,Interactive,1,1.75
218100,ZuJxayBRDbGft+XMd24ZsvOXGweNiHlOm/IPFRioqsiPPwVgLKjIv3Rqrp9VM2zC,2.01549,3.520331,9.713766,0,2591700,24.497461,Interactive,1,1.75
218400,ZuJxayBRDbGft+XMd24ZsvOXGweNiHlOm/IPFRioqsiPPwVgLKjIv3Rqrp9VM2zC,1.971522,2.968446,4.470957,0,2591700,24.497461,Interactive,1,1.75
218700,ZuJxayBRDbGft+XMd24ZsvOXGweNiHlOm/IPFRioqsiPPwVgLKjIv3Rqrp9VM2zC,1.804637,2.736744,3.744064,0,2591700,24.497461,Interactive,1,1.75
219000,ZuJxayBRDbGft+XMd24ZsvOXGweNiHlOm/IPFRioqsiPPwVgLKjIv3Rqrp9VM2zC,2.059367,3.508543,9.185947,0,2591700,24.497461,Interactive,1,1.75
219300,ZuJxayBRDbGft+XMd24ZsvOXGweNiHlOm/IPFRioqsiPPwVgLKjIv3Rqrp9VM2zC,1.515589,2.896563,4.100519,0,2591700,24.497461,Interactive,1,1.75
219600,ZuJxayBRDbGft+XMd24ZsvOXGweNiHlOm/IPFRioqsiPPwVgLKjIv3Rqrp9VM2zC,1.887165,2.828153,3.760098,0,2591700,24.497461,Interactive,1,1.75
219900,ZuJxayBRDbGft+XMd24ZsvOXGweNiHlOm/IPFRioqsiPPwVgLKjIv3Rqrp9VM2zC,2.1105240000000003,3.605912000000001,9.73421,0,2591700,24.497461,Interactive,1,1.75
220200,ZuJxayBRDbGft+XMd24ZsvOXGweNiHlOm/IPFRioqsiPPwVgLKjIv3Rqrp9VM2zC,2.155393,2.863091,4.599147,0,2591700,24.497461,Interactive,1,1.75
220500,ZuJxayBRDbGft+XMd24ZsvOXGweNiHlOm/IPFRioqsiPPwVgLKjIv3Rqrp9VM2zC,2.131248,2.996023,4.829862,0,2591700,24.497461,Interactive,1,1.75
220800,ZuJxayBRDbGft+XMd24ZsvOXGweNiHlOm/IPFRioqsiPPwVgLKjIv3Rqrp9VM2zC,2.230384,3.544703,9.747992,0,2591700,24.497461,Interactive,1,1.75
221100,ZuJxayBRDbGft+XMd24ZsvOXGweNiHlOm/IPFRioqsiPPwVgLKjIv3Rqrp9VM2zC,2.286128,2.935755,4.621591,0,2591700,24.497461,Interactive,1,1.75
221400,ZuJxayBRDbGft+XMd24ZsvOXGweNiHlOm/IPFRioqsiPPwVgLKjIv3Rqrp9VM2zC,2.071445,3.55685,7.494333999999999,0,2591700,24.497461,Interactive,1,1.75
221700,ZuJxayBRDbGft+XMd24ZsvOXGweNiHlOm/IPFRioqsiPPwVgLKjIv3Rqrp9VM2zC,2.175409,3.549979,9.324045,0,2591700,24.497461,Interactive,1,1.75
222000,ZuJxayBRDbGft+XMd24ZsvOXGweNiHlOm/IPFRioqsiPPwVgLKjIv3Rqrp9VM2zC,2.109639,2.7799970000000003,4.540181,0,2591700,24.497461,Interactive,1,1.75
222300,ZuJxayBRDbGft+XMd24ZsvOXGweNiHlOm/IPFRioqsiPPwVgLKjIv3Rqrp9VM2zC,2.019228,2.938577,4.695314,0,2591700,24.497461,Interactive,1,1.75
222600,ZuJxayBRDbGft+XMd24ZsvOXGweNiHlOm/IPFRioqsiPPwVgLKjIv3Rqrp9VM2zC,2.125107,3.578067,9.803238,0,2591700,24.497461,Interactive,1,1.75
222900,ZuJxayBRDbGft+XMd24ZsvOXGweNiHlOm/IPFRioqsiPPwVgLKjIv3Rqrp9VM2zC,2.21198,5.135814,19.292348,0,2591700,24.497461,Interactive,1,1.75
223200,ZuJxayBRDbGft+XMd24ZsvOXGweNiHlOm/IPFRioqsiPPwVgLKjIv3Rqrp9VM2zC,2.123204,3.038103,5.009037999999999,0,2591700,24.497461,Interactive,1,1.75
223500,ZuJxayBRDbGft+XMd24ZsvOXGweNiHlOm/IPFRioqsiPPwVgLKjIv3Rqrp9VM2zC,1.976457,3.456989,9.478756,0,2591700,24.497461,Interactive,1,1.75
223800,ZuJxayBRDbGft+XMd24ZsvOXGweNiHlOm/IPFRioqsiPPwVgLKjIv3Rqrp9VM2zC,2.2150060000000003,2.891993,4.790225,0,2591700,24.497461,Interactive,1,1.75
224100,ZuJxayBRDbGft+XMd24ZsvOXGweNiHlOm/IPFRioqsiPPwVgLKjIv3Rqrp9VM2zC,2.083355,2.992255,4.619778,0,2591700,24.497461,Interactive,1,1.75
224400,ZuJxayBRDbGft+XMd24ZsvOXGweNiHlOm/IPFRioqsiPPwVgLKjIv3Rqrp9VM2zC,2.2229970000000003,3.573168,9.750857,0,2591700,24.497461,Interactive,1,1.75
224700,ZuJxayBRDbGft+XMd24ZsvOXGweNiHlOm/IPFRioqsiPPwVgLKjIv3Rqrp9VM2zC,2.247132,2.911384,4.869045,0,2591700,24.497461,Interactive,1,1.75
225000,ZuJxayBRDbGft+XMd24ZsvOXGweNiHlOm/IPFRioqsiPPwVgLKjIv3Rqrp9VM2zC,1.634359,2.856507,4.812798,0,2591700,24.497461,Interactive,1,1.75
225300,ZuJxayBRDbGft+XMd24ZsvOXGweNiHlOm/IPFRioqsiPPwVgLKjIv3Rqrp9VM2zC,2.183154,3.61837,9.794966,0,2591700,24.497461,Interactive,1,1.75
225600,ZuJxayBRDbGft+XMd24ZsvOXGweNiHlOm/IPFRioqsiPPwVgLKjIv3Rqrp9VM2zC,2.362625,2.876332,4.760152,0,2591700,24.497461,Interactive,1,1.75
225900,ZuJxayBRDbGft+XMd24ZsvOXGweNiHlOm/IPFRioqsiPPwVgLKjIv3Rqrp9VM2zC,2.226785,2.95906,4.746917,0,2591700,24.497461,Interactive,1,1.75
226200,ZuJxayBRDbGft+XMd24ZsvOXGweNiHlOm/IPFRioqsiPPwVgLKjIv3Rqrp9VM2zC,2.175082,3.281381,6.361742,0,2591700,24.497461,Interactive,1,1.75
226500,ZuJxayBRDbGft+XMd24ZsvOXGweNiHlOm/IPFRioqsiPPwVgLKjIv3Rqrp9VM2zC,2.295203,5.0141860000000005,24.092995,0,2591700,24.497461,Interactive,1,1.75
226800,ZuJxayBRDbGft+XMd24ZsvOXGweNiHlOm/IPFRioqsiPPwVgLKjIv3Rqrp9VM2zC,1.480397,2.870434,4.661798999999999,0,2591700,24.497461,Interactive,1,1.75
227100,ZuJxayBRDbGft+XMd24ZsvOXGweNiHlOm/IPFRioqsiPPwVgLKjIv3Rqrp9VM2zC,2.183346,3.529014,8.746845,0,2591700,24.497461,Interactive,1,1.75
227400,ZuJxayBRDbGft+XMd24ZsvOXGweNiHlOm/IPFRioqsiPPwVgLKjIv3Rqrp9VM2zC,1.902235,2.774716,4.688483,0,2591700,24.497461,Interactive,1,1.75
227700,ZuJxayBRDbGft+XMd24ZsvOXGweNiHlOm/IPFRioqsiPPwVgLKjIv3Rqrp9VM2zC,1.201546,2.869368,4.632445,0,2591700,24.497461,Interactive,1,1.75
228000,ZuJxayBRDbGft+XMd24ZsvOXGweNiHlOm/IPFRioqsiPPwVgLKjIv3Rqrp9VM2zC,2.121159,3.5934,8.871174,0,2591700,24.497461,Interactive,1,1.75
228300,ZuJxayBRDbGft+XMd24ZsvOXGweNiHlOm/IPFRioqsiPPwVgLKjIv3Rqrp9VM2zC,1.938469,2.941338,4.2708010000000005,0,2591700,24.497461,Interactive,1,1.75
228600,ZuJxayBRDbGft+XMd24ZsvOXGweNiHlOm/IPFRioqsiPPwVgLKjIv3Rqrp9VM2zC,2.25026,3.194529,5.035585,0,2591700,24.497461,Interactive,1,1.75
228900,ZuJxayBRDbGft+XMd24ZsvOXGweNiHlOm/IPFRioqsiPPwVgLKjIv3Rqrp9VM2zC,2.4321740000000003,10.950358,45.727155,0,2591700,24.497461,Interactive,1,1.75
229200,ZuJxayBRDbGft+XMd24ZsvOXGweNiHlOm/IPFRioqsiPPwVgLKjIv3Rqrp9VM2zC,2.581798,4.120343,9.307274,0,2591700,24.497461,Interactive,1,1.75
229500,ZuJxayBRDbGft+XMd24ZsvOXGweNiHlOm/IPFRioqsiPPwVgLKjIv3Rqrp9VM2zC,2.241499,3.525097,7.977571000000001,0,2591700,24.497461,Interactive,1,1.75
229800,ZuJxayBRDbGft+XMd24ZsvOXGweNiHlOm/IPFRioqsiPPwVgLKjIv3Rqrp9VM2zC,2.190087,3.372633,8.402669,0,2591700,24.497461,Interactive,1,1.75
230100,ZuJxayBRDbGft+XMd24ZsvOXGweNiHlOm/IPFRioqsiPPwVgLKjIv3Rqrp9VM2zC,1.618408,5.100585,26.520456,0,2591700,24.497461,Interactive,1,1.75
230400,ZuJxayBRDbGft+XMd24ZsvOXGweNiHlOm/IPFRioqsiPPwVgLKjIv3Rqrp9VM2zC,1.803527,2.781165,4.218419,0,2591700,24.497461,Interactive,1,1.75
230700,ZuJxayBRDbGft+XMd24ZsvOXGweNiHlOm/IPFRioqsiPPwVgLKjIv3Rqrp9VM2zC,2.141865,3.439722,9.100036,0,2591700,24.497461,Interactive,1,1.75
231000,ZuJxayBRDbGft+XMd24ZsvOXGweNiHlOm/IPFRioqsiPPwVgLKjIv3Rqrp9VM2zC,1.381782,2.672053,3.764562,0,2591700,24.497461,Interactive,1,1.75
231300,ZuJxayBRDbGft+XMd24ZsvOXGweNiHlOm/IPFRioqsiPPwVgLKjIv3Rqrp9VM2zC,1.986154,2.817459,3.841311,0,2591700,24.497461,Interactive,1,1.75
231600,ZuJxayBRDbGft+XMd24ZsvOXGweNiHlOm/IPFRioqsiPPwVgLKjIv3Rqrp9VM2zC,1.858335,2.677769,3.829378,0,2591700,24.497461,Interactive,1,1.75
231900,ZuJxayBRDbGft+XMd24ZsvOXGweNiHlOm/IPFRioqsiPPwVgLKjIv3Rqrp9VM2zC,2.101493,2.969842,5.138866,0,2591700,24.497461,Interactive,1,1.75
232200,ZuJxayBRDbGft+XMd24ZsvOXGweNiHlOm/IPFRioqsiPPwVgLKjIv3Rqrp9VM2zC,1.92263,4.005629,15.194804,0,2591700,24.497461,Interactive,1,1.75
232500,ZuJxayBRDbGft+XMd24ZsvOXGweNiHlOm/IPFRioqsiPPwVgLKjIv3Rqrp9VM2zC,1.972127,3.3612620000000004,8.825522,0,2591700,24.497461,Interactive,1,1.75
232800,ZuJxayBRDbGft+XMd24ZsvOXGweNiHlOm/IPFRioqsiPPwVgLKjIv3Rqrp9VM2zC,2.123053,2.639125,3.856259,0,2591700,24.497461,Interactive,1,1.75
233100,ZuJxayBRDbGft+XMd24ZsvOXGweNiHlOm/IPFRioqsiPPwVgLKjIv3Rqrp9VM2zC,2.058985,2.812051,4.935699,0,2591700,24.497461,Interactive,1,1.75
233400,ZuJxayBRDbGft+XMd24ZsvOXGweNiHlOm/IPFRioqsiPPwVgLKjIv3Rqrp9VM2zC,2.0369490000000003,3.253831,8.43142,0,2591700,24.497461,Interactive,1,1.75
233700,ZuJxayBRDbGft+XMd24ZsvOXGweNiHlOm/IPFRioqsiPPwVgLKjIv3Rqrp9VM2zC,1.631568,4.779421,20.437679,0,2591700,24.497461,Interactive,1,1.75
234000,ZuJxayBRDbGft+XMd24ZsvOXGweNiHlOm/IPFRioqsiPPwVgLKjIv3Rqrp9VM2zC,2.023169,2.793432,4.176021,0,2591700,24.497461,Interactive,1,1.75
234300,ZuJxayBRDbGft+XMd24ZsvOXGweNiHlOm/IPFRioqsiPPwVgLKjIv3Rqrp9VM2zC,1.859831,2.691121,4.033481,0,2591700,24.497461,Interactive,1,1.75
234600,ZuJxayBRDbGft+XMd24ZsvOXGweNiHlOm/IPFRioqsiPPwVgLKjIv3Rqrp9VM2zC,2.2156130000000003,2.740337,3.933312,0,2591700,24.497461,Interactive,1,1.75
234900,ZuJxayBRDbGft+XMd24ZsvOXGweNiHlOm/IPFRioqsiPPwVgLKjIv3Rqrp9VM2zC,1.666985,2.631095,4.358343,0,2591700,24.497461,Interactive,1,1.75
235200,ZuJxayBRDbGft+XMd24ZsvOXGweNiHlOm/IPFRioqsiPPwVgLKjIv3Rqrp9VM2zC,2.031712,3.373471,8.615515,0,2591700,24.497461,Interactive,1,1.75
235500,ZuJxayBRDbGft+XMd24ZsvOXGweNiHlOm/IPFRioqsiPPwVgLKjIv3Rqrp9VM2zC,2.247285,2.623278,3.4746620000000004,0,2591700,24.497461,Interactive,1,1.75
235800,ZuJxayBRDbGft+XMd24ZsvOXGweNiHlOm/IPFRioqsiPPwVgLKjIv3Rqrp9VM2zC,1.956423,2.85338,4.7922,0,2591700,24.497461,Interactive,1,1.75
236100,ZuJxayBRDbGft+XMd24ZsvOXGweNiHlOm/IPFRioqsiPPwVgLKjIv3Rqrp9VM2zC,2.223893,5.550428,26.904438,0,2591700,24.497461,Interactive,1,1.75
236400,ZuJxayBRDbGft+XMd24ZsvOXGweNiHlOm/IPFRioqsiPPwVgLKjIv3Rqrp9VM2zC,2.441817,2.887124,3.910222,0,2591700,24.497461,Interactive,1,1.75
236700,ZuJxayBRDbGft+XMd24ZsvOXGweNiHlOm/IPFRioqsiPPwVgLKjIv3Rqrp9VM2zC,2.1678330000000003,2.889051,4.605635,0,2591700,24.497461,Interactive,1,1.75
237000,ZuJxayBRDbGft+XMd24ZsvOXGweNiHlOm/IPFRioqsiPPwVgLKjIv3Rqrp9VM2zC,1.922753,2.887253,4.370049,0,2591700,24.497461,Interactive,1,1.75
237300,ZuJxayBRDbGft+XMd24ZsvOXGweNiHlOm/IPFRioqsiPPwVgLKjIv3Rqrp9VM2zC,2.312202,4.967307,23.952829,0,2591700,24.497461,Interactive,1,1.75
237600,ZuJxayBRDbGft+XMd24ZsvOXGweNiHlOm/IPFRioqsiPPwVgLKjIv3Rqrp9VM2zC,2.00203,2.8842220000000003,4.34604,0,2591700,24.497461,Interactive,1,1.75
237900,ZuJxayBRDbGft+XMd24ZsvOXGweNiHlOm/IPFRioqsiPPwVgLKjIv3Rqrp9VM2zC,2.108917,3.494216,9.254616,0,2591700,24.497461,Interactive,1,1.75
238200,ZuJxayBRDbGft+XMd24ZsvOXGweNiHlOm/IPFRioqsiPPwVgLKjIv3Rqrp9VM2zC,2.220085,2.854441,3.77863,0,2591700,24.497461,Interactive,1,1.75
238500,ZuJxayBRDbGft+XMd24ZsvOXGweNiHlOm/IPFRioqsiPPwVgLKjIv3Rqrp9VM2zC,2.03002,2.937271,4.493603,0,2591700,24.497461,Interactive,1,1.75
238800,ZuJxayBRDbGft+XMd24ZsvOXGweNiHlOm/IPFRioqsiPPwVgLKjIv3Rqrp9VM2zC,1.825861,3.342719,6.703303999999999,0,2591700,24.497461,Interactive,1,1.75
239100,ZuJxayBRDbGft+XMd24ZsvOXGweNiHlOm/IPFRioqsiPPwVgLKjIv3Rqrp9VM2zC,1.791829,2.749133,3.522957,0,2591700,24.497461,Interactive,1,1.75
239400,ZuJxayBRDbGft+XMd24ZsvOXGweNiHlOm/IPFRioqsiPPwVgLKjIv3Rqrp9VM2zC,1.94733,2.94243,4.420652,0,2591700,24.497461,Interactive,1,1.75
239700,ZuJxayBRDbGft+XMd24ZsvOXGweNiHlOm/IPFRioqsiPPwVgLKjIv3Rqrp9VM2zC,2.178389,7.162151,40.542221000000005,0,2591700,24.497461,Interactive,1,1.75
240000,ZuJxayBRDbGft+XMd24ZsvOXGweNiHlOm/IPFRioqsiPPwVgLKjIv3Rqrp9VM2zC,2.129008,2.839096,3.807229,0,2591700,24.497461,Interactive,1,1.75
240300,ZuJxayBRDbGft+XMd24ZsvOXGweNiHlOm/IPFRioqsiPPwVgLKjIv3Rqrp9VM2zC,2.133587,2.844744,4.593086,0,2591700,24.497461,Interactive,1,1.75
240600,ZuJxayBRDbGft+XMd24ZsvOXGweNiHlOm/IPFRioqsiPPwVgLKjIv3Rqrp9VM2zC,2.174992,3.4817720000000003,8.457077,0,2591700,24.497461,Interactive,1,1.75
240900,ZuJxayBRDbGft+XMd24ZsvOXGweNiHlOm/IPFRioqsiPPwVgLKjIv3Rqrp9VM2zC,2.189333,5.150706,25.922592,0,2591700,24.497461,Interactive,1,1.75
241200,ZuJxayBRDbGft+XMd24ZsvOXGweNiHlOm/IPFRioqsiPPwVgLKjIv3Rqrp9VM2zC,2.049049,2.975771,4.554646,0,2591700,24.497461,Interactive,1,1.75
241500,ZuJxayBRDbGft+XMd24ZsvOXGweNiHlOm/IPFRioqsiPPwVgLKjIv3Rqrp9VM2zC,2.170923,4.778787,16.31391,0,2591700,24.497461,Interactive,1,1.75
241800,ZuJxayBRDbGft+XMd24ZsvOXGweNiHlOm/IPFRioqsiPPwVgLKjIv3Rqrp9VM2zC,1.7182990000000002,2.8410900000000003,3.589667,0,2591700,24.497461,Interactive,1,1.75
242100,ZuJxayBRDbGft+XMd24ZsvOXGweNiHlOm/IPFRioqsiPPwVgLKjIv3Rqrp9VM2zC,2.110503,2.926171,4.2547690000000005,0,2591700,24.497461,Interactive,1,1.75
242400,ZuJxayBRDbGft+XMd24ZsvOXGweNiHlOm/IPFRioqsiPPwVgLKjIv3Rqrp9VM2zC,1.447481,2.662327,3.716329,0,2591700,24.497461,Interactive,1,1.75
242700,ZuJxayBRDbGft+XMd24ZsvOXGweNiHlOm/IPFRioqsiPPwVgLKjIv3Rqrp9VM2zC,2.23739,2.989112,4.075876999999999,0,2591700,24.497461,Interactive,1,1.75
243000,ZuJxayBRDbGft+XMd24ZsvOXGweNiHlOm/IPFRioqsiPPwVgLKjIv3Rqrp9VM2zC,1.953697,3.036589,4.6832970000000005,0,2591700,24.497461,Interactive,1,1.75
243300,ZuJxayBRDbGft+XMd24ZsvOXGweNiHlOm/IPFRioqsiPPwVgLKjIv3Rqrp9VM2zC,2.162178,3.475509,8.927544000000001,0,2591700,24.497461,Interactive,1,1.75
243600,ZuJxayBRDbGft+XMd24ZsvOXGweNiHlOm/IPFRioqsiPPwVgLKjIv3Rqrp9VM2zC,2.266943,2.917449,3.5689800000000003,0,2591700,24.497461,Interactive,1,1.75
243900,ZuJxayBRDbGft+XMd24ZsvOXGweNiHlOm/IPFRioqsiPPwVgLKjIv3Rqrp9VM2zC,2.124452,2.944241,3.64641,0,2591700,24.497461,Interactive,1,1.75
244200,ZuJxayBRDbGft+XMd24ZsvOXGweNiHlOm/IPFRioqsiPPwVgLKjIv3Rqrp9VM2zC,2.190315,3.254147,8.497964,0,2591700,24.497461,Interactive,1,1.75
244500,ZuJxayBRDbGft+XMd24ZsvOXGweNiHlOm/IPFRioqsiPPwVgLKjIv3Rqrp9VM2zC,2.168713,5.130813,24.088031,0,2591700,24.497461,Interactive,1,1.75
244800,ZuJxayBRDbGft+XMd24ZsvOXGweNiHlOm/IPFRioqsiPPwVgLKjIv3Rqrp9VM2zC,2.09771,2.9401330000000003,4.100661,0,2591700,24.497461,Interactive,1,1.75
245100,ZuJxayBRDbGft+XMd24ZsvOXGweNiHlOm/IPFRioqsiPPwVgLKjIv3Rqrp9VM2zC,1.823425,2.725832,4.519285,0,2591700,24.497461,Interactive,1,1.75
245400,ZuJxayBRDbGft+XMd24ZsvOXGweNiHlOm/IPFRioqsiPPwVgLKjIv3Rqrp9VM2zC,2.07737,2.871244,4.407344999999999,0,2591700,24.497461,Interactive,1,1.75
245700,ZuJxayBRDbGft+XMd24ZsvOXGweNiHlOm/IPFRioqsiPPwVgLKjIv3Rqrp9VM2zC,2.019034,2.938923,3.885872,0,2591700,24.497461,Interactive,1,1.75
246000,ZuJxayBRDbGft+XMd24ZsvOXGweNiHlOm/IPFRioqsiPPwVgLKjIv3Rqrp9VM2zC,2.107186,3.327146,8.410089,0,2591700,24.497461,Interactive,1,1.75
246300,ZuJxayBRDbGft+XMd24ZsvOXGweNiHlOm/IPFRioqsiPPwVgLKjIv3Rqrp9VM2zC,1.84165,2.905225,4.465147,0,2591700,24.497461,Interactive,1,1.75
246600,ZuJxayBRDbGft+XMd24ZsvOXGweNiHlOm/IPFRioqsiPPwVgLKjIv3Rqrp9VM2zC,2.049988,2.931603,4.229952,0,2591700,24.497461,Interactive,1,1.75
246900,ZuJxayBRDbGft+XMd24ZsvOXGweNiHlOm/IPFRioqsiPPwVgLKjIv3Rqrp9VM2zC,1.89415,3.228525,8.676924,0,2591700,24.497461,Interactive,1,1.75
247200,ZuJxayBRDbGft+XMd24ZsvOXGweNiHlOm/IPFRioqsiPPwVgLKjIv3Rqrp9VM2zC,2.202856,2.972922,4.792614,0,2591700,24.497461,Interactive,1,1.75
247500,ZuJxayBRDbGft+XMd24ZsvOXGweNiHlOm/IPFRioqsiPPwVgLKjIv3Rqrp9VM2zC,2.12549,2.93447,3.881308,0,2591700,24.497461,Interactive,1,1.75
247800,ZuJxayBRDbGft+XMd24ZsvOXGweNiHlOm/IPFRioqsiPPwVgLKjIv3Rqrp9VM2zC,2.084364,2.756967,4.407581,0,2591700,24.497461,Interactive,1,1.75
248100,ZuJxayBRDbGft+XMd24ZsvOXGweNiHlOm/IPFRioqsiPPwVgLKjIv3Rqrp9VM2zC,2.123384,5.18305,15.209019,0,2591700,24.497461,Interactive,1,1.75
248400,ZuJxayBRDbGft+XMd24ZsvOXGweNiHlOm/IPFRioqsiPPwVgLKjIv3Rqrp9VM2zC,1.844021,2.748175,3.99526,0,2591700,24.497461,Interactive,1,1.75
248700,ZuJxayBRDbGft+XMd24ZsvOXGweNiHlOm/IPFRioqsiPPwVgLKjIv3Rqrp9VM2zC,2.1035310000000003,3.358963,8.239492,0,2591700,24.497461,Interactive,1,1.75
249000,ZuJxayBRDbGft+XMd24ZsvOXGweNiHlOm/IPFRioqsiPPwVgLKjIv3Rqrp9VM2zC,1.167389,2.759982,4.779185,0,2591700,24.497461,Interactive,1,1.75
249300,ZuJxayBRDbGft+XMd24ZsvOXGweNiHlOm/IPFRioqsiPPwVgLKjIv3Rqrp9VM2zC,2.069689,2.964171,3.99032,0,2591700,24.497461,Interactive,1,1.75
249600,ZuJxayBRDbGft+XMd24ZsvOXGweNiHlOm/IPFRioqsiPPwVgLKjIv3Rqrp9VM2zC,1.322264,3.139014,8.583601,0,2591700,24.497461,Interactive,1,1.75
249900,ZuJxayBRDbGft+XMd24ZsvOXGweNiHlOm/IPFRioqsiPPwVgLKjIv3Rqrp9VM2zC,1.6977369999999998,2.948185,5.140994,0,2591700,24.497461,Interactive,1,1.75
250200,ZuJxayBRDbGft+XMd24ZsvOXGweNiHlOm/IPFRioqsiPPwVgLKjIv3Rqrp9VM2zC,2.14129,3.014961,4.027389,0,2591700,24.497461,Interactive,1,1.75
250500,ZuJxayBRDbGft+XMd24ZsvOXGweNiHlOm/IPFRioqsiPPwVgLKjIv3Rqrp9VM2zC,2.106752,2.794746,4.447918,0,2591700,24.497461,Interactive,1,1.75
250800,ZuJxayBRDbGft+XMd24ZsvOXGweNiHlOm/IPFRioqsiPPwVgLKjIv3Rqrp9VM2zC,2.148435,2.915126,4.574546,0,2591700,24.497461,Interactive,1,1.75
251100,ZuJxayBRDbGft+XMd24ZsvOXGweNiHlOm/IPFRioqsiPPwVgLKjIv3Rqrp9VM2zC,1.965618,2.92085,4.135321,0,2591700,24.497461,Interactive,1,1.75
251400,ZuJxayBRDbGft+XMd24ZsvOXGweNiHlOm/IPFRioqsiPPwVgLKjIv3Rqrp9VM2zC,2.082623,3.3298120000000004,8.519859,0,2591700,24.497461,Interactive,1,1.75
251700,ZuJxayBRDbGft+XMd24ZsvOXGweNiHlOm/IPFRioqsiPPwVgLKjIv3Rqrp9VM2zC,2.183733,8.912185000000001,61.765142,0,2591700,24.497461,Interactive,1,1.75
252000,ZuJxayBRDbGft+XMd24ZsvOXGweNiHlOm/IPFRioqsiPPwVgLKjIv3Rqrp9VM2zC,2.061414,2.999164,4.315298,0,2591700,24.497461,Interactive,1,1.75
252300,ZuJxayBRDbGft+XMd24ZsvOXGweNiHlOm/IPFRioqsiPPwVgLKjIv3Rqrp9VM2zC,1.493069,3.178617,8.612397,0,2591700,24.497461,Interactive,1,1.75
252600,ZuJxayBRDbGft+XMd24ZsvOXGweNiHlOm/IPFRioqsiPPwVgLKjIv3Rqrp9VM2zC,1.939919,3.05855,4.635585,0,2591700,24.497461,Interactive,1,1.75
252900,ZuJxayBRDbGft+XMd24ZsvOXGweNiHlOm/IPFRioqsiPPwVgLKjIv3Rqrp9VM2zC,2.135011,3.032308,4.207628,0,2591700,24.497461,Interactive,1,1.75
253200,ZuJxayBRDbGft+XMd24ZsvOXGweNiHlOm/IPFRioqsiPPwVgLKjIv3Rqrp9VM2zC,1.499631,3.4189830000000003,9.218723,0,2591700,24.497461,Interactive,1,1.75
253500,ZuJxayBRDbGft+XMd24ZsvOXGweNiHlOm/IPFRioqsiPPwVgLKjIv3Rqrp9VM2zC,2.257889,2.995494,4.987178,0,2591700,24.497461,Interactive,1,1.75
253800,ZuJxayBRDbGft+XMd24ZsvOXGweNiHlOm/IPFRioqsiPPwVgLKjIv3Rqrp9VM2zC,2.0946,2.887849,3.945629,0,2591700,24.497461,Interactive,1,1.75
254100,ZuJxayBRDbGft+XMd24ZsvOXGweNiHlOm/IPFRioqsiPPwVgLKjIv3Rqrp9VM2zC,2.054008,3.408731,8.783748,0,2591700,24.497461,Interactive,1,1.75
254400,ZuJxayBRDbGft+XMd24ZsvOXGweNiHlOm/IPFRioqsiPPwVgLKjIv3Rqrp9VM2zC,2.179866,3.040602,5.295344999999999,0,2591700,24.497461,Interactive,1,1.75
254700,ZuJxayBRDbGft+XMd24ZsvOXGweNiHlOm/IPFRioqsiPPwVgLKjIv3Rqrp9VM2zC,2.123137,2.907638,3.698546,0,2591700,24.497461,Interactive,1,1.75
255000,ZuJxayBRDbGft+XMd24ZsvOXGweNiHlOm/IPFRioqsiPPwVgLKjIv3Rqrp9VM2zC,1.399633,3.143597,8.772675999999999,0,2591700,24.497461,Interactive,1,1.75
255300,ZuJxayBRDbGft+XMd24ZsvOXGweNiHlOm/IPFRioqsiPPwVgLKjIv3Rqrp9VM2zC,1.958774,5.128573,24.457582,0,2591700,24.497461,Interactive,1,1.75
255600,ZuJxayBRDbGft+XMd24ZsvOXGweNiHlOm/IPFRioqsiPPwVgLKjIv3Rqrp9VM2zC,1.846278,2.899589,4.108931,0,2591700,24.497461,Interactive,1,1.75
255900,ZuJxayBRDbGft+XMd24ZsvOXGweNiHlOm/IPFRioqsiPPwVgLKjIv3Rqrp9VM2zC,1.5609620000000002,3.373682,9.059245,0,2591700,24.497461,Interactive,1,1.75
256200,ZuJxayBRDbGft+XMd24ZsvOXGweNiHlOm/IPFRioqsiPPwVgLKjIv3Rqrp9VM2zC,2.085414,2.938437,4.079621,0,2591700,24.497461,Interactive,1,1.75
256500,ZuJxayBRDbGft+XMd24ZsvOXGweNiHlOm/IPFRioqsiPPwVgLKjIv3Rqrp9VM2zC,1.929069,2.668553,4.014777,0,2591700,24.497461,Interactive,1,1.75
256800,ZuJxayBRDbGft+XMd24ZsvOXGweNiHlOm/IPFRioqsiPPwVgLKjIv3Rqrp9VM2zC,1.977755,3.554329,8.836691,0,2591700,24.497461,Interactive,1,1.75
257100,ZuJxayBRDbGft+XMd24ZsvOXGweNiHlOm/IPFRioqsiPPwVgLKjIv3Rqrp9VM2zC,1.6664419999999998,2.913222,4.189783,0,2591700,24.497461,Interactive,1,1.75
257400,ZuJxayBRDbGft+XMd24ZsvOXGweNiHlOm/IPFRioqsiPPwVgLKjIv3Rqrp9VM2zC,2.016934,2.80191,4.518294,0,2591700,24.497461,Interactive,1,1.75
257700,ZuJxayBRDbGft+XMd24ZsvOXGweNiHlOm/IPFRioqsiPPwVgLKjIv3Rqrp9VM2zC,2.035718,9.583527,43.911729,0,2591700,24.497461,Interactive,1,1.75
258000,ZuJxayBRDbGft+XMd24ZsvOXGweNiHlOm/IPFRioqsiPPwVgLKjIv3Rqrp9VM2zC,1.548574,2.92414,4.405722,0,2591700,24.497461,Interactive,1,1.75
258300,ZuJxayBRDbGft+XMd24ZsvOXGweNiHlOm/IPFRioqsiPPwVgLKjIv3Rqrp9VM2zC,2.047528,2.682722,4.268372,0,2591700,24.497461,Interactive,1,1.75
258600,ZuJxayBRDbGft+XMd24ZsvOXGweNiHlOm/IPFRioqsiPPwVgLKjIv3Rqrp9VM2zC,1.398492,3.276308,8.951561,0,2591700,24.497461,Interactive,1,1.75
258900,ZuJxayBRDbGft+XMd24ZsvOXGweNiHlOm/IPFRioqsiPPwVgLKjIv3Rqrp9VM2zC,1.965066,5.092657,22.798768,0,2591700,24.497461,Interactive,1,1.75
259200,ZuJxayBRDbGft+XMd24ZsvOXGweNiHlOm/IPFRioqsiPPwVgLKjIv3Rqrp9VM2zC,1.958299,2.601814,4.114008,0,2591700,24.497461,Interactive,1,1.75
259500,ZuJxayBRDbGft+XMd24ZsvOXGweNiHlOm/IPFRioqsiPPwVgLKjIv3Rqrp9VM2zC,2.062475,3.317861,8.359167999999999,0,2591700,24.497461,Interactive,1,1.75
259800,ZuJxayBRDbGft+XMd24ZsvOXGweNiHlOm/IPFRioqsiPPwVgLKjIv3Rqrp9VM2zC,1.502283,2.6645830000000004,4.060412,0,2591700,24.497461,Interactive,1,1.75
260100,ZuJxayBRDbGft+XMd24ZsvOXGweNiHlOm/IPFRioqsiPPwVgLKjIv3Rqrp9VM2zC,1.907584,2.599372,4.298643,0,2591700,24.497461,Interactive,1,1.75
260400,ZuJxayBRDbGft+XMd24ZsvOXGweNiHlOm/IPFRioqsiPPwVgLKjIv3Rqrp9VM2zC,1.913228,4.203437,12.123486,0,2591700,24.497461,Interactive,1,1.75
260700,ZuJxayBRDbGft+XMd24ZsvOXGweNiHlOm/IPFRioqsiPPwVgLKjIv3Rqrp9VM2zC,1.882052,2.81054,4.356555999999999,0,2591700,24.497461,Interactive,1,1.75
261000,ZuJxayBRDbGft+XMd24ZsvOXGweNiHlOm/IPFRioqsiPPwVgLKjIv3Rqrp9VM2zC,1.919228,2.640421,4.173909,0,2591700,24.497461,Interactive,1,1.75
261300,ZuJxayBRDbGft+XMd24ZsvOXGweNiHlOm/IPFRioqsiPPwVgLKjIv3Rqrp9VM2zC,1.945736,3.38221,8.878764,0,2591700,24.497461,Interactive,1,1.75
261600,ZuJxayBRDbGft+XMd24ZsvOXGweNiHlOm/IPFRioqsiPPwVgLKjIv3Rqrp9VM2zC,2.062135,2.769258,4.001269000000001,0,2591700,24.497461,Interactive,1,1.75
261900,ZuJxayBRDbGft+XMd24ZsvOXGweNiHlOm/IPFRioqsiPPwVgLKjIv3Rqrp9VM2zC,1.783581,2.56791,4.003823000000001,0,2591700,24.497461,Interactive,1,1.75
262200,ZuJxayBRDbGft+XMd24ZsvOXGweNiHlOm/IPFRioqsiPPwVgLKjIv3Rqrp9VM2zC,1.938496,3.329396,8.455925,0,2591700,24.497461,Interactive,1,1.75
262500,ZuJxayBRDbGft+XMd24ZsvOXGweNiHlOm/IPFRioqsiPPwVgLKjIv3Rqrp9VM2zC,1.7412169999999998,4.893378,24.14529,0,2591700,24.497461,Interactive,1,1.75
262800,ZuJxayBRDbGft+XMd24ZsvOXGweNiHlOm/IPFRioqsiPPwVgLKjIv3Rqrp9VM2zC,1.941116,2.6178630000000003,4.325821,0,2591700,24.497461,Interactive,1,1.75
263100,ZuJxayBRDbGft+XMd24ZsvOXGweNiHlOm/IPFRioqsiPPwVgLKjIv3Rqrp9VM2zC,2.01252,3.5486190000000004,6.656291,0,2591700,24.497461,Interactive,1,1.75
263400,ZuJxayBRDbGft+XMd24ZsvOXGweNiHlOm/IPFRioqsiPPwVgLKjIv3Rqrp9VM2zC,1.820995,2.775729,4.374399,0,2591700,24.497461,Interactive,1,1.75
263700,ZuJxayBRDbGft+XMd24ZsvOXGweNiHlOm/IPFRioqsiPPwVgLKjIv3Rqrp9VM2zC,2.017058,2.696239,4.097645,0,2591700,24.497461,Interactive,1,1.75
264000,ZuJxayBRDbGft+XMd24ZsvOXGweNiHlOm/IPFRioqsiPPwVgLKjIv3Rqrp9VM2zC,2.0465560000000003,3.3136870000000003,8.336632,0,2591700,24.497461,Interactive,1,1.75
264300,ZuJxayBRDbGft+XMd24ZsvOXGweNiHlOm/IPFRioqsiPPwVgLKjIv3Rqrp9VM2zC,2.00715,2.789213,4.393604,0,2591700,24.497461,Interactive,1,1.75
264600,ZuJxayBRDbGft+XMd24ZsvOXGweNiHlOm/IPFRioqsiPPwVgLKjIv3Rqrp9VM2zC,1.857247,2.5924560000000003,3.881381,0,2591700,24.497461,Interactive,1,1.75
264900,ZuJxayBRDbGft+XMd24ZsvOXGweNiHlOm/IPFRioqsiPPwVgLKjIv3Rqrp9VM2zC,2.0492790000000003,3.361448,8.93397,0,2591700,24.497461,Interactive,1,1.75
265200,ZuJxayBRDbGft+XMd24ZsvOXGweNiHlOm/IPFRioqsiPPwVgLKjIv3Rqrp9VM2zC,2.191992,2.831796,3.962766,0,2591700,24.497461,Interactive,1,1.75
265500,ZuJxayBRDbGft+XMd24ZsvOXGweNiHlOm/IPFRioqsiPPwVgLKjIv3Rqrp9VM2zC,1.995339,2.610225,3.750774,0,2591700,24.497461,Interactive,1,1.75
265800,ZuJxayBRDbGft+XMd24ZsvOXGweNiHlOm/IPFRioqsiPPwVgLKjIv3Rqrp9VM2zC,1.995789,3.613932,8.712392,0,2591700,24.497461,Interactive,1,1.75
266100,ZuJxayBRDbGft+XMd24ZsvOXGweNiHlOm/IPFRioqsiPPwVgLKjIv3Rqrp9VM2zC,1.588923,4.992178,24.497461,0,2591700,24.497461,Interactive,1,1.75
266400,ZuJxayBRDbGft+XMd24ZsvOXGweNiHlOm/IPFRioqsiPPwVgLKjIv3Rqrp9VM2zC,2.03161,2.642589,3.731356,0,2591700,24.497461,Interactive,1,1.75
266700,ZuJxayBRDbGft+XMd24ZsvOXGweNiHlOm/IPFRioqsiPPwVgLKjIv3Rqrp9VM2zC,2.177783,3.397933,8.532685,0,2591700,24.497461,Interactive,1,1.75
267000,ZuJxayBRDbGft+XMd24ZsvOXGweNiHlOm/IPFRioqsiPPwVgLKjIv3Rqrp9VM2zC,2.111151,2.825415,3.685004,0,2591700,24.497461,Interactive,1,1.75
267300,ZuJxayBRDbGft+XMd24ZsvOXGweNiHlOm/IPFRioqsiPPwVgLKjIv3Rqrp9VM2zC,1.984464,2.548237,3.75429,0,2591700,24.497461,Interactive,1,1.75
267600,ZuJxayBRDbGft+XMd24ZsvOXGweNiHlOm/IPFRioqsiPPwVgLKjIv3Rqrp9VM2zC,2.009455,3.325483,8.548238000000001,0,2591700,24.497461,Interactive,1,1.75
267900,ZuJxayBRDbGft+XMd24ZsvOXGweNiHlOm/IPFRioqsiPPwVgLKjIv3Rqrp9VM2zC,1.626008,2.667461,3.726456,0,2591700,24.497461,Interactive,1,1.75
268200,ZuJxayBRDbGft+XMd24ZsvOXGweNiHlOm/IPFRioqsiPPwVgLKjIv3Rqrp9VM2zC,1.960049,2.682603,3.917019,0,2591700,24.497461,Interactive,1,1.75
268500,ZuJxayBRDbGft+XMd24ZsvOXGweNiHlOm/IPFRioqsiPPwVgLKjIv3Rqrp9VM2zC,1.993134,3.266538,8.385603,0,2591700,24.497461,Interactive,1,1.75
268800,ZuJxayBRDbGft+XMd24ZsvOXGweNiHlOm/IPFRioqsiPPwVgLKjIv3Rqrp9VM2zC,1.321428,2.569846,4.011515,0,2591700,24.497461,Interactive,1,1.75
269100,ZuJxayBRDbGft+XMd24ZsvOXGweNiHlOm/IPFRioqsiPPwVgLKjIv3Rqrp9VM2zC,1.924653,2.621679,3.678123,0,2591700,24.497461,Interactive,1,1.75
269400,ZuJxayBRDbGft+XMd24ZsvOXGweNiHlOm/IPFRioqsiPPwVgLKjIv3Rqrp9VM2zC,1.655309,3.177755,8.325942,0,2591700,24.497461,Interactive,1,1.75
269700,ZuJxayBRDbGft+XMd24ZsvOXGweNiHlOm/IPFRioqsiPPwVgLKjIv3Rqrp9VM2zC,2.231884,5.011599,14.12517,0,2591700,24.497461,Interactive,1,1.75
270000,ZuJxayBRDbGft+XMd24ZsvOXGweNiHlOm/IPFRioqsiPPwVgLKjIv3Rqrp9VM2zC,1.60944,2.394351,3.106406,0,2591700,24.497461,Interactive,1,1.75
270300,ZuJxayBRDbGft+XMd24ZsvOXGweNiHlOm/IPFRioqsiPPwVgLKjIv3Rqrp9VM2zC,2.11841,3.340476,8.295569,0,2591700,24.497461,Interactive,1,1.75
270600,ZuJxayBRDbGft+XMd24ZsvOXGweNiHlOm/IPFRioqsiPPwVgLKjIv3Rqrp9VM2zC,2.027937,2.612702,3.4239050000000004,0,2591700,24.497461,Interactive,1,1.75
270900,ZuJxayBRDbGft+XMd24ZsvOXGweNiHlOm/IPFRioqsiPPwVgLKjIv3Rqrp9VM2zC,2.061588,2.626055,3.567331,0,2591700,24.497461,Interactive,1,1.75
271200,ZuJxayBRDbGft+XMd24ZsvOXGweNiHlOm/IPFRioqsiPPwVgLKjIv3Rqrp9VM2zC,2.077162,3.148,8.512049000000001,0,2591700,24.497461,Interactive,1,1.75
271500,ZuJxayBRDbGft+XMd24ZsvOXGweNiHlOm/IPFRioqsiPPwVgLKjIv3Rqrp9VM2zC,1.847046,2.671972,4.030131,0,2591700,24.497461,Interactive,1,1.75
271800,ZuJxayBRDbGft+XMd24ZsvOXGweNiHlOm/IPFRioqsiPPwVgLKjIv3Rqrp9VM2zC,1.950274,2.996217,6.321738,0,2591700,24.497461,Interactive,1,1.75
272100,ZuJxayBRDbGft+XMd24ZsvOXGweNiHlOm/IPFRioqsiPPwVgLKjIv3Rqrp9VM2zC,1.97358,3.239207,8.742709,0,2591700,24.497461,Interactive,1,1.75
272400,ZuJxayBRDbGft+XMd24ZsvOXGweNiHlOm/IPFRioqsiPPwVgLKjIv3Rqrp9VM2zC,2.093501,2.848744,3.831866,0,2591700,24.497461,Interactive,1,1.75
272700,ZuJxayBRDbGft+XMd24ZsvOXGweNiHlOm/IPFRioqsiPPwVgLKjIv3Rqrp9VM2zC,1.713237,2.459016,3.456606,0,2591700,24.497461,Interactive,1,1.75
273000,ZuJxayBRDbGft+XMd24ZsvOXGweNiHlOm/IPFRioqsiPPwVgLKjIv3Rqrp9VM2zC,1.964645,3.316938,8.421748,0,2591700,24.497461,Interactive,1,1.75
273300,ZuJxayBRDbGft+XMd24ZsvOXGweNiHlOm/IPFRioqsiPPwVgLKjIv3Rqrp9VM2zC,2.052262,4.962582,25.077913,0,2591700,24.497461,Interactive,1,1.75
273600,ZuJxayBRDbGft+XMd24ZsvOXGweNiHlOm/IPFRioqsiPPwVgLKjIv3Rqrp9VM2zC,2.012958,2.763999,4.595341,0,2591700,24.497461,Interactive,1,1.75
273900,ZuJxayBRDbGft+XMd24ZsvOXGweNiHlOm/IPFRioqsiPPwVgLKjIv3Rqrp9VM2zC,1.851588,3.056019,8.371246000000001,0,2591700,24.497461,Interactive,1,1.75
274200,ZuJxayBRDbGft+XMd24ZsvOXGweNiHlOm/IPFRioqsiPPwVgLKjIv3Rqrp9VM2zC,1.977031,2.796216,3.975836,0,2591700,24.497461,Interactive,1,1.75
274500,ZuJxayBRDbGft+XMd24ZsvOXGweNiHlOm/IPFRioqsiPPwVgLKjIv3Rqrp9VM2zC,1.917343,2.76575,4.078266,0,2591700,24.497461,Interactive,1,1.75
274800,ZuJxayBRDbGft+XMd24ZsvOXGweNiHlOm/IPFRioqsiPPwVgLKjIv3Rqrp9VM2zC,1.895228,3.226419,8.374108999999999,0,2591700,24.497461,Interactive,1,1.75
275100,ZuJxayBRDbGft+XMd24ZsvOXGweNiHlOm/IPFRioqsiPPwVgLKjIv3Rqrp9VM2zC,2.031369,2.958152,3.990386,0,2591700,24.497461,Interactive,1,1.75
275400,ZuJxayBRDbGft+XMd24ZsvOXGweNiHlOm/IPFRioqsiPPwVgLKjIv3Rqrp9VM2zC,1.6460119999999998,2.563295,4.131399,0,2591700,24.497461,Interactive,1,1.75
275700,ZuJxayBRDbGft+XMd24ZsvOXGweNiHlOm/IPFRioqsiPPwVgLKjIv3Rqrp9VM2zC,1.908211,3.252021,6.887339999999999,0,2591700,24.497461,Interactive,1,1.75
276000,ZuJxayBRDbGft+XMd24ZsvOXGweNiHlOm/IPFRioqsiPPwVgLKjIv3Rqrp9VM2zC,1.594786,2.821329,4.0770800000000005,0,2591700,24.497461,Interactive,1,1.75
276300,ZuJxayBRDbGft+XMd24ZsvOXGweNiHlOm/IPFRioqsiPPwVgLKjIv3Rqrp9VM2zC,1.95356,2.779268,4.294298,0,2591700,24.497461,Interactive,1,1.75
276600,ZuJxayBRDbGft+XMd24ZsvOXGweNiHlOm/IPFRioqsiPPwVgLKjIv3Rqrp9VM2zC,1.833819,3.157264,9.369307,0,2591700,24.497461,Interactive,1,1.75
276900,ZuJxayBRDbGft+XMd24ZsvOXGweNiHlOm/IPFRioqsiPPwVgLKjIv3Rqrp9VM2zC,1.704106,5.648766999999999,24.919136,0,2591700,24.497461,Interactive,1,1.75
277200,ZuJxayBRDbGft+XMd24ZsvOXGweNiHlOm/IPFRioqsiPPwVgLKjIv3Rqrp9VM2zC,1.898668,2.7411380000000003,4.620149,0,2591700,24.497461,Interactive,1,1.75
277500,ZuJxayBRDbGft+XMd24ZsvOXGweNiHlOm/IPFRioqsiPPwVgLKjIv3Rqrp9VM2zC,1.621286,2.599896,5.024316000000001,0,2591700,24.497461,Interactive,1,1.75
277800,ZuJxayBRDbGft+XMd24ZsvOXGweNiHlOm/IPFRioqsiPPwVgLKjIv3Rqrp9VM2zC,1.991111,3.541221,9.052898,0,2591700,24.497461,Interactive,1,1.75
278100,ZuJxayBRDbGft+XMd24ZsvOXGweNiHlOm/IPFRioqsiPPwVgLKjIv3Rqrp9VM2zC,1.7513169999999998,2.503744,3.4900050000000005,0,2591700,24.497461,Interactive,1,1.75
278400,ZuJxayBRDbGft+XMd24ZsvOXGweNiHlOm/IPFRioqsiPPwVgLKjIv3Rqrp9VM2zC,1.908551,2.720843,4.7271540000000005,0,2591700,24.497461,Interactive,1,1.75
278700,ZuJxayBRDbGft+XMd24ZsvOXGweNiHlOm/IPFRioqsiPPwVgLKjIv3Rqrp9VM2zC,2.019316,3.379462,9.067486,0,2591700,24.497461,Interactive,1,1.75
279000,ZuJxayBRDbGft+XMd24ZsvOXGweNiHlOm/IPFRioqsiPPwVgLKjIv3Rqrp9VM2zC,1.922449,2.78655,4.42897,0,2591700,24.497461,Interactive,1,1.75
279300,ZuJxayBRDbGft+XMd24ZsvOXGweNiHlOm/IPFRioqsiPPwVgLKjIv3Rqrp9VM2zC,1.535797,2.452022,3.633779,0,2591700,24.497461,Interactive,1,1.75
279600,ZuJxayBRDbGft+XMd24ZsvOXGweNiHlOm/IPFRioqsiPPwVgLKjIv3Rqrp9VM2zC,2.050813,3.547193,8.721563,0,2591700,24.497461,Interactive,1,1.75
279900,ZuJxayBRDbGft+XMd24ZsvOXGweNiHlOm/IPFRioqsiPPwVgLKjIv3Rqrp9VM2zC,1.950492,2.758184,3.958826,0,2591700,24.497461,Interactive,1,1.75
280200,ZuJxayBRDbGft+XMd24ZsvOXGweNiHlOm/IPFRioqsiPPwVgLKjIv3Rqrp9VM2zC,1.564363,2.631803,4.816416,0,2591700,24.497461,Interactive,1,1.75
280500,ZuJxayBRDbGft+XMd24ZsvOXGweNiHlOm/IPFRioqsiPPwVgLKjIv3Rqrp9VM2zC,2.227284,5.65426,22.927303,0,2591700,24.497461,Interactive,1,1.75
280800,ZuJxayBRDbGft+XMd24ZsvOXGweNiHlOm/IPFRioqsiPPwVgLKjIv3Rqrp9VM2zC,1.963577,5.188544,27.275535,0,2591700,24.497461,Interactive,1,1.75
281100,ZuJxayBRDbGft+XMd24ZsvOXGweNiHlOm/IPFRioqsiPPwVgLKjIv3Rqrp9VM2zC,1.930813,2.789996,4.033636,0,2591700,24.497461,Interactive,1,1.75
281400,ZuJxayBRDbGft+XMd24ZsvOXGweNiHlOm/IPFRioqsiPPwVgLKjIv3Rqrp9VM2zC,1.659232,3.321357,8.560491,0,2591700,24.497461,Interactive,1,1.75
281700,ZuJxayBRDbGft+XMd24ZsvOXGweNiHlOm/IPFRioqsiPPwVgLKjIv3Rqrp9VM2zC,1.905045,2.874619,4.767475,0,2591700,24.497461,Interactive,1,1.75
282000,ZuJxayBRDbGft+XMd24ZsvOXGweNiHlOm/IPFRioqsiPPwVgLKjIv3Rqrp9VM2zC,1.736144,2.575183,4.113596,0,2591700,24.497461,Interactive,1,1.75
282300,ZuJxayBRDbGft+XMd24ZsvOXGweNiHlOm/IPFRioqsiPPwVgLKjIv3Rqrp9VM2zC,2.028036,3.427792,9.381927,0,2591700,24.497461,Interactive,1,1.75
282600,ZuJxayBRDbGft+XMd24ZsvOXGweNiHlOm/IPFRioqsiPPwVgLKjIv3Rqrp9VM2zC,1.826675,2.714444,4.053109,0,2591700,24.497461,Interactive,1,1.75
282900,ZuJxayBRDbGft+XMd24ZsvOXGweNiHlOm/IPFRioqsiPPwVgLKjIv3Rqrp9VM2zC,1.7092310000000002,2.649582,3.976480000000001,0,2591700,24.497461,Interactive,1,1.75
283200,ZuJxayBRDbGft+XMd24ZsvOXGweNiHlOm/IPFRioqsiPPwVgLKjIv3Rqrp9VM2zC,2.025966,3.342131,8.740851,0,2591700,24.497461,Interactive,1,1.75
283500,ZuJxayBRDbGft+XMd24ZsvOXGweNiHlOm/IPFRioqsiPPwVgLKjIv3Rqrp9VM2zC,1.837979,2.739913,4.581169999999999,0,2591700,24.497461,Interactive,1,1.75
283800,ZuJxayBRDbGft+XMd24ZsvOXGweNiHlOm/IPFRioqsiPPwVgLKjIv3Rqrp9VM2zC,1.884572,2.762982,3.877174,0,2591700,24.497461,Interactive,1,1.75
284100,ZuJxayBRDbGft+XMd24ZsvOXGweNiHlOm/IPFRioqsiPPwVgLKjIv3Rqrp9VM2zC,1.911228,5.472238,24.177527,0,2591700,24.497461,Interactive,1,1.75
284400,ZuJxayBRDbGft+XMd24ZsvOXGweNiHlOm/IPFRioqsiPPwVgLKjIv3Rqrp9VM2zC,1.9205,2.887942,4.376136,0,2591700,24.497461,Interactive,1,1.75
284700,ZuJxayBRDbGft+XMd24ZsvOXGweNiHlOm/IPFRioqsiPPwVgLKjIv3Rqrp9VM2zC,1.897072,2.9211080000000003,5.462189,0,2591700,24.497461,Interactive,1,1.75
285000,ZuJxayBRDbGft+XMd24ZsvOXGweNiHlOm/IPFRioqsiPPwVgLKjIv3Rqrp9VM2zC,2.026746,3.3834800000000005,8.963199000000001,0,2591700,24.497461,Interactive,1,1.75
285300,ZuJxayBRDbGft+XMd24ZsvOXGweNiHlOm/IPFRioqsiPPwVgLKjIv3Rqrp9VM2zC,1.778679,2.621478,3.566882,0,2591700,24.497461,Interactive,1,1.75
285600,ZuJxayBRDbGft+XMd24ZsvOXGweNiHlOm/IPFRioqsiPPwVgLKjIv3Rqrp9VM2zC,1.6585,2.639326,4.350317,0,2591700,24.497461,Interactive,1,1.75
285900,ZuJxayBRDbGft+XMd24ZsvOXGweNiHlOm/IPFRioqsiPPwVgLKjIv3Rqrp9VM2zC,2.128898,3.452926,8.990668,0,2591700,24.497461,Interactive,1,1.75
286200,ZuJxayBRDbGft+XMd24ZsvOXGweNiHlOm/IPFRioqsiPPwVgLKjIv3Rqrp9VM2zC,1.919505,2.801713,4.612743,0,2591700,24.497461,Interactive,1,1.75
286500,ZuJxayBRDbGft+XMd24ZsvOXGweNiHlOm/IPFRioqsiPPwVgLKjIv3Rqrp9VM2zC,2.18424,9.869976,43.918055,0,2591700,24.497461,Interactive,1,1.75
286800,ZuJxayBRDbGft+XMd24ZsvOXGweNiHlOm/IPFRioqsiPPwVgLKjIv3Rqrp9VM2zC,2.120377,3.226193,9.024726,0,2591700,24.497461,Interactive,1,1.75
287100,ZuJxayBRDbGft+XMd24ZsvOXGweNiHlOm/IPFRioqsiPPwVgLKjIv3Rqrp9VM2zC,1.858045,2.923292,4.576931,0,2591700,24.497461,Interactive,1,1.75
287400,ZuJxayBRDbGft+XMd24ZsvOXGweNiHlOm/IPFRioqsiPPwVgLKjIv3Rqrp9VM2zC,1.904109,2.494807,3.277493,0,2591700,24.497461,Interactive,1,1.75
287700,ZuJxayBRDbGft+XMd24ZsvOXGweNiHlOm/IPFRioqsiPPwVgLKjIv3Rqrp9VM2zC,2.367878,5.694461,25.277731,0,2591700,24.497461,Interactive,1,1.75
288000,ZuJxayBRDbGft+XMd24ZsvOXGweNiHlOm/IPFRioqsiPPwVgLKjIv3Rqrp9VM2zC,1.141839,2.382313,3.3329730000000004,0,2591700,24.497461,Interactive,1,1.75
288300,ZuJxayBRDbGft+XMd24ZsvOXGweNiHlOm/IPFRioqsiPPwVgLKjIv3Rqrp9VM2zC,1.556538,2.618183,4.231175,0,2591700,24.497461,Interactive,1,1.75
288600,ZuJxayBRDbGft+XMd24ZsvOXGweNiHlOm/IPFRioqsiPPwVgLKjIv3Rqrp9VM2zC,2.021383,3.380856,7.466746,0,2591700,24.497461,Interactive,1,1.75
288900,ZuJxayBRDbGft+XMd24ZsvOXGweNiHlOm/IPFRioqsiPPwVgLKjIv3Rqrp9VM2zC,1.95976,2.962786,4.618398,0,2591700,24.497461,Interactive,1,1.75
289200,ZuJxayBRDbGft+XMd24ZsvOXGweNiHlOm/IPFRioqsiPPwVgLKjIv3Rqrp9VM2zC,2.01447,2.67535,3.94737,0,2591700,24.497461,Interactive,1,1.75
289500,ZuJxayBRDbGft+XMd24ZsvOXGweNiHlOm/IPFRioqsiPPwVgLKjIv3Rqrp9VM2zC,1.490415,3.182471,9.968608,0,2591700,24.497461,Interactive,1,1.75
289800,ZuJxayBRDbGft+XMd24ZsvOXGweNiHlOm/IPFRioqsiPPwVgLKjIv3Rqrp9VM2zC,1.84804,2.775256,4.178547,0,2591700,24.497461,Interactive,1,1.75
290100,ZuJxayBRDbGft+XMd24ZsvOXGweNiHlOm/IPFRioqsiPPwVgLKjIv3Rqrp9VM2zC,1.931386,2.514589,3.420906,0,2591700,24.497461,Interactive,1,1.75
290400,ZuJxayBRDbGft+XMd24ZsvOXGweNiHlOm/IPFRioqsiPPwVgLKjIv3Rqrp9VM2zC,2.006542,3.3093510000000004,9.619648,0,2591700,24.497461,Interactive,1,1.75
290700,ZuJxayBRDbGft+XMd24ZsvOXGweNiHlOm/IPFRioqsiPPwVgLKjIv3Rqrp9VM2zC,1.869642,2.528201,3.379764,0,2591700,24.497461,Interactive,1,1.75
291000,ZuJxayBRDbGft+XMd24ZsvOXGweNiHlOm/IPFRioqsiPPwVgLKjIv3Rqrp9VM2zC,1.7341939999999998,2.560282,4.163992,0,2591700,24.497461,Interactive,1,1.75
291300,ZuJxayBRDbGft+XMd24ZsvOXGweNiHlOm/IPFRioqsiPPwVgLKjIv3Rqrp9VM2zC,2.462998,5.667636,24.270877,0,2591700,24.497461,Interactive,1,1.75
291600,ZuJxayBRDbGft+XMd24ZsvOXGweNiHlOm/IPFRioqsiPPwVgLKjIv3Rqrp9VM2zC,1.872876,2.669302,4.101568,0,2591700,24.497461,Interactive,1,1.75
291900,ZuJxayBRDbGft+XMd24ZsvOXGweNiHlOm/IPFRioqsiPPwVgLKjIv3Rqrp9VM2zC,1.857947,2.738402,4.049943,0,2591700,24.497461,Interactive,1,1.75
292200,ZuJxayBRDbGft+XMd24ZsvOXGweNiHlOm/IPFRioqsiPPwVgLKjIv3Rqrp9VM2zC,1.901363,3.194337,9.830197,0,2591700,24.497461,Interactive,1,1.75
292500,ZuJxayBRDbGft+XMd24ZsvOXGweNiHlOm/IPFRioqsiPPwVgLKjIv3Rqrp9VM2zC,2.028268,2.8051630000000003,3.986451,0,2591700,24.497461,Interactive,1,1.75
292800,ZuJxayBRDbGft+XMd24ZsvOXGweNiHlOm/IPFRioqsiPPwVgLKjIv3Rqrp9VM2zC,1.831631,2.570537,3.495075,0,2591700,24.497461,Interactive,1,1.75
293100,ZuJxayBRDbGft+XMd24ZsvOXGweNiHlOm/IPFRioqsiPPwVgLKjIv3Rqrp9VM2zC,1.920308,3.3246290000000003,9.496399,0,2591700,24.497461,Interactive,1,1.75
293400,ZuJxayBRDbGft+XMd24ZsvOXGweNiHlOm/IPFRioqsiPPwVgLKjIv3Rqrp9VM2zC,1.83713,4.395705,19.954971,0,2591700,24.497461,Interactive,1,1.75
293700,ZuJxayBRDbGft+XMd24ZsvOXGweNiHlOm/IPFRioqsiPPwVgLKjIv3Rqrp9VM2zC,1.789766,2.765292,4.017886,0,2591700,24.497461,Interactive,1,1.75
294000,ZuJxayBRDbGft+XMd24ZsvOXGweNiHlOm/IPFRioqsiPPwVgLKjIv3Rqrp9VM2zC,2.031646,3.307779,9.697878,0,2591700,24.497461,Interactive,1,1.75
294300,ZuJxayBRDbGft+XMd24ZsvOXGweNiHlOm/IPFRioqsiPPwVgLKjIv3Rqrp9VM2zC,1.877029,2.850054,4.65996,0,2591700,24.497461,Interactive,1,1.75
294600,ZuJxayBRDbGft+XMd24ZsvOXGweNiHlOm/IPFRioqsiPPwVgLKjIv3Rqrp9VM2zC,1.810937,2.661264,3.976283,0,2591700,24.497461,Interactive,1,1.75
294900,ZuJxayBRDbGft+XMd24ZsvOXGweNiHlOm/IPFRioqsiPPwVgLKjIv3Rqrp9VM2zC,2.414565,5.671052,19.783824,0,2591700,24.497461,Interactive,1,1.75
295200,ZuJxayBRDbGft+XMd24ZsvOXGweNiHlOm/IPFRioqsiPPwVgLKjIv3Rqrp9VM2zC,1.957633,2.7783990000000003,4.4055550000000006,0,2591700,24.497461,Interactive,1,1.75
295500,ZuJxayBRDbGft+XMd24ZsvOXGweNiHlOm/IPFRioqsiPPwVgLKjIv3Rqrp9VM2zC,1.855881,2.72428,3.847386,0,2591700,24.497461,Interactive,1,1.75
295800,ZuJxayBRDbGft+XMd24ZsvOXGweNiHlOm/IPFRioqsiPPwVgLKjIv3Rqrp9VM2zC,2.039644,3.304103,9.600568,0,2591700,24.497461,Interactive,1,1.75
296100,ZuJxayBRDbGft+XMd24ZsvOXGweNiHlOm/IPFRioqsiPPwVgLKjIv3Rqrp9VM2zC,1.826753,2.67109,5.008271,0,2591700,24.497461,Interactive,1,1.75
296400,ZuJxayBRDbGft+XMd24ZsvOXGweNiHlOm/IPFRioqsiPPwVgLKjIv3Rqrp9VM2zC,1.592318,2.6718740000000003,3.907604,0,2591700,24.497461,Interactive,1,1.75
296700,ZuJxayBRDbGft+XMd24ZsvOXGweNiHlOm/IPFRioqsiPPwVgLKjIv3Rqrp9VM2zC,2.056567,3.436086,9.885324,0,2591700,24.497461,Interactive,1,1.75
297000,ZuJxayBRDbGft+XMd24ZsvOXGweNiHlOm/IPFRioqsiPPwVgLKjIv3Rqrp9VM2zC,1.693668,2.815061,5.001314,0,2591700,24.497461,Interactive,1,1.75
297300,ZuJxayBRDbGft+XMd24ZsvOXGweNiHlOm/IPFRioqsiPPwVgLKjIv3Rqrp9VM2zC,1.870022,2.738205,3.899925,0,2591700,24.497461,Interactive,1,1.75
297600,ZuJxayBRDbGft+XMd24ZsvOXGweNiHlOm/IPFRioqsiPPwVgLKjIv3Rqrp9VM2zC,1.749923,3.262226,9.667122,0,2591700,24.497461,Interactive,1,1.75
297900,ZuJxayBRDbGft+XMd24ZsvOXGweNiHlOm/IPFRioqsiPPwVgLKjIv3Rqrp9VM2zC,1.804798,2.792981,4.666161,0,2591700,24.497461,Interactive,1,1.75
298200,ZuJxayBRDbGft+XMd24ZsvOXGweNiHlOm/IPFRioqsiPPwVgLKjIv3Rqrp9VM2zC,1.773337,2.660027,4.138279,0,2591700,24.497461,Interactive,1,1.75
298500,ZuJxayBRDbGft+XMd24ZsvOXGweNiHlOm/IPFRioqsiPPwVgLKjIv3Rqrp9VM2zC,1.957549,5.596030000000001,24.794805,0,2591700,24.497461,Interactive,1,1.75
298800,ZuJxayBRDbGft+XMd24ZsvOXGweNiHlOm/IPFRioqsiPPwVgLKjIv3Rqrp9VM2zC,1.664011,2.648405,4.71596,0,2591700,24.497461,Interactive,1,1.75
299100,ZuJxayBRDbGft+XMd24ZsvOXGweNiHlOm/IPFRioqsiPPwVgLKjIv3Rqrp9VM2zC,1.710721,2.702762,3.959486,0,2591700,24.497461,Interactive,1,1.75
299400,ZuJxayBRDbGft+XMd24ZsvOXGweNiHlOm/IPFRioqsiPPwVgLKjIv3Rqrp9VM2zC,2.047334,3.32017,9.532816,0,2591700,24.497461,Interactive,1,1.75
299700,ZuJxayBRDbGft+XMd24ZsvOXGweNiHlOm/IPFRioqsiPPwVgLKjIv3Rqrp9VM2zC,1.775652,2.785648,4.863292,0,2591700,24.497461,Interactive,1,1.75
300000,ZuJxayBRDbGft+XMd24ZsvOXGweNiHlOm/IPFRioqsiPPwVgLKjIv3Rqrp9VM2zC,1.858177,2.647566,3.789916,0,2591700,24.497461,Interactive,1,1.75
300300,ZuJxayBRDbGft+XMd24ZsvOXGweNiHlOm/IPFRioqsiPPwVgLKjIv3Rqrp9VM2zC,1.961563,3.4000160000000004,9.785806,0,2591700,24.497461,Interactive,1,1.75
300600,ZuJxayBRDbGft+XMd24ZsvOXGweNiHlOm/IPFRioqsiPPwVgLKjIv3Rqrp9VM2zC,1.844078,2.751572,4.657354,0,2591700,24.497461,Interactive,1,1.75
300900,ZuJxayBRDbGft+XMd24ZsvOXGweNiHlOm/IPFRioqsiPPwVgLKjIv3Rqrp9VM2zC,1.7559490000000002,2.600552,4.01877,0,2591700,24.497461,Interactive,1,1.75
301200,ZuJxayBRDbGft+XMd24ZsvOXGweNiHlOm/IPFRioqsiPPwVgLKjIv3Rqrp9VM2zC,2.060723,3.335561,7.561469000000001,0,2591700,24.497461,Interactive,1,1.75
301500,ZuJxayBRDbGft+XMd24ZsvOXGweNiHlOm/IPFRioqsiPPwVgLKjIv3Rqrp9VM2zC,1.554098,2.59597,4.782816,0,2591700,24.497461,Interactive,1,1.75
301800,ZuJxayBRDbGft+XMd24ZsvOXGweNiHlOm/IPFRioqsiPPwVgLKjIv3Rqrp9VM2zC,1.836896,2.769861,4.056255,0,2591700,24.497461,Interactive,1,1.75
302100,ZuJxayBRDbGft+XMd24ZsvOXGweNiHlOm/IPFRioqsiPPwVgLKjIv3Rqrp9VM2zC,1.981538,5.667919,25.093714,0,2591700,24.497461,Interactive,1,1.75
302400,ZuJxayBRDbGft+XMd24ZsvOXGweNiHlOm/IPFRioqsiPPwVgLKjIv3Rqrp9VM2zC,1.806869,2.893446,4.831879,0,2591700,24.497461,Interactive,1,1.75
302700,ZuJxayBRDbGft+XMd24ZsvOXGweNiHlOm/IPFRioqsiPPwVgLKjIv3Rqrp9VM2zC,1.817027,2.791157,4.0008550000000005,0,2591700,24.497461,Interactive,1,1.75
303000,ZuJxayBRDbGft+XMd24ZsvOXGweNiHlOm/IPFRioqsiPPwVgLKjIv3Rqrp9VM2zC,1.927813,3.3506120000000004,8.977116,0,2591700,24.497461,Interactive,1,1.75
303300,ZuJxayBRDbGft+XMd24ZsvOXGweNiHlOm/IPFRioqsiPPwVgLKjIv3Rqrp9VM2zC,1.934841,2.91533,5.316294,0,2591700,24.497461,Interactive,1,1.75
303600,ZuJxayBRDbGft+XMd24ZsvOXGweNiHlOm/IPFRioqsiPPwVgLKjIv3Rqrp9VM2zC,1.841942,2.717194,3.942336,0,2591700,24.497461,Interactive,1,1.75
303900,ZuJxayBRDbGft+XMd24ZsvOXGweNiHlOm/IPFRioqsiPPwVgLKjIv3Rqrp9VM2zC,1.957023,3.464313,9.527515,0,2591700,24.497461,Interactive,1,1.75
304200,ZuJxayBRDbGft+XMd24ZsvOXGweNiHlOm/IPFRioqsiPPwVgLKjIv3Rqrp9VM2zC,1.900107,2.784903,5.266692,0,2591700,24.497461,Interactive,1,1.75
304500,ZuJxayBRDbGft+XMd24ZsvOXGweNiHlOm/IPFRioqsiPPwVgLKjIv3Rqrp9VM2zC,1.969421,2.822301,3.85496,0,2591700,24.497461,Interactive,1,1.75
304800,ZuJxayBRDbGft+XMd24ZsvOXGweNiHlOm/IPFRioqsiPPwVgLKjIv3Rqrp9VM2zC,2.0675950000000003,3.383776,9.117039,0,2591700,24.497461,Interactive,1,1.75
305100,ZuJxayBRDbGft+XMd24ZsvOXGweNiHlOm/IPFRioqsiPPwVgLKjIv3Rqrp9VM2zC,1.826124,2.844543,4.126318,0,2591700,24.497461,Interactive,1,1.75
305400,ZuJxayBRDbGft+XMd24ZsvOXGweNiHlOm/IPFRioqsiPPwVgLKjIv3Rqrp9VM2zC,1.875837,2.60501,3.891238,0,2591700,24.497461,Interactive,1,1.75
305700,ZuJxayBRDbGft+XMd24ZsvOXGweNiHlOm/IPFRioqsiPPwVgLKjIv3Rqrp9VM2zC,2.060107,5.17125,17.645038,0,2591700,24.497461,Interactive,1,1.75
306000,ZuJxayBRDbGft+XMd24ZsvOXGweNiHlOm/IPFRioqsiPPwVgLKjIv3Rqrp9VM2zC,2.038098,3.575286,10.388833,0,2591700,24.497461,Interactive,1,1.75
306300,ZuJxayBRDbGft+XMd24ZsvOXGweNiHlOm/IPFRioqsiPPwVgLKjIv3Rqrp9VM2zC,1.900268,2.542007,3.666369,0,2591700,24.497461,Interactive,1,1.75
306600,ZuJxayBRDbGft+XMd24ZsvOXGweNiHlOm/IPFRioqsiPPwVgLKjIv3Rqrp9VM2zC,2.021743,3.546745,9.191369,0,2591700,24.497461,Interactive,1,1.75
306900,ZuJxayBRDbGft+XMd24ZsvOXGweNiHlOm/IPFRioqsiPPwVgLKjIv3Rqrp9VM2zC,1.777821,2.755485,4.133826,0,2591700,24.497461,Interactive,1,1.75
307200,ZuJxayBRDbGft+XMd24ZsvOXGweNiHlOm/IPFRioqsiPPwVgLKjIv3Rqrp9VM2zC,1.297317,2.598214,4.050317,0,2591700,24.497461,Interactive,1,1.75
307500,ZuJxayBRDbGft+XMd24ZsvOXGweNiHlOm/IPFRioqsiPPwVgLKjIv3Rqrp9VM2zC,2.092435,3.5158370000000003,9.320356,0,2591700,24.497461,Interactive,1,1.75
307800,ZuJxayBRDbGft+XMd24ZsvOXGweNiHlOm/IPFRioqsiPPwVgLKjIv3Rqrp9VM2zC,1.423941,2.782436,3.995668,0,2591700,24.497461,Interactive,1,1.75
308100,ZuJxayBRDbGft+XMd24ZsvOXGweNiHlOm/IPFRioqsiPPwVgLKjIv3Rqrp9VM2zC,1.94702,2.624822,3.75557,0,2591700,24.497461,Interactive,1,1.75
308400,ZuJxayBRDbGft+XMd24ZsvOXGweNiHlOm/IPFRioqsiPPwVgLKjIv3Rqrp9VM2zC,1.4322469999999998,3.445447,9.149649,0,2591700,24.497461,Interactive,1,1.75
308700,ZuJxayBRDbGft+XMd24ZsvOXGweNiHlOm/IPFRioqsiPPwVgLKjIv3Rqrp9VM2zC,2.189178,2.898419,3.922782,0,2591700,24.497461,Interactive,1,1.75
309000,ZuJxayBRDbGft+XMd24ZsvOXGweNiHlOm/IPFRioqsiPPwVgLKjIv3Rqrp9VM2zC,1.748388,2.531073,4.016648,0,2591700,24.497461,Interactive,1,1.75
309300,ZuJxayBRDbGft+XMd24ZsvOXGweNiHlOm/IPFRioqsiPPwVgLKjIv3Rqrp9VM2zC,2.214432,3.5750839999999995,9.513815,0,2591700,24.497461,Interactive,1,1.75
309600,ZuJxayBRDbGft+XMd24ZsvOXGweNiHlOm/IPFRioqsiPPwVgLKjIv3Rqrp9VM2zC,2.038575,2.769884,3.936538,0,2591700,24.497461,Interactive,1,1.75
309900,ZuJxayBRDbGft+XMd24ZsvOXGweNiHlOm/IPFRioqsiPPwVgLKjIv3Rqrp9VM2zC,2.120987,2.708886,3.938961,0,2591700,24.497461,Interactive,1,1.75
310200,ZuJxayBRDbGft+XMd24ZsvOXGweNiHlOm/IPFRioqsiPPwVgLKjIv3Rqrp9VM2zC,2.006457,3.542932,9.054721,0,2591700,24.497461,Interactive,1,1.75
310500,ZuJxayBRDbGft+XMd24ZsvOXGweNiHlOm/IPFRioqsiPPwVgLKjIv3Rqrp9VM2zC,1.603356,2.832208,4.067188,0,2591700,24.497461,Interactive,1,1.75
310800,ZuJxayBRDbGft+XMd24ZsvOXGweNiHlOm/IPFRioqsiPPwVgLKjIv3Rqrp9VM2zC,1.899855,2.621712,3.767436,0,2591700,24.497461,Interactive,1,1.75
311100,ZuJxayBRDbGft+XMd24ZsvOXGweNiHlOm/IPFRioqsiPPwVgLKjIv3Rqrp9VM2zC,1.33919,3.449555,9.160278,0,2591700,24.497461,Interactive,1,1.75
311400,ZuJxayBRDbGft+XMd24ZsvOXGweNiHlOm/IPFRioqsiPPwVgLKjIv3Rqrp9VM2zC,2.027607,2.84945,3.806543,0,2591700,24.497461,Interactive,1,1.75
311700,ZuJxayBRDbGft+XMd24ZsvOXGweNiHlOm/IPFRioqsiPPwVgLKjIv3Rqrp9VM2zC,1.845485,2.654856,3.717281,0,2591700,24.497461,Interactive,1,1.75
312000,ZuJxayBRDbGft+XMd24ZsvOXGweNiHlOm/IPFRioqsiPPwVgLKjIv3Rqrp9VM2zC,2.058041,3.551836,9.3214,0,2591700,24.497461,Interactive,1,1.75
312300,ZuJxayBRDbGft+XMd24ZsvOXGweNiHlOm/IPFRioqsiPPwVgLKjIv3Rqrp9VM2zC,1.261076,2.658468,3.875968,0,2591700,24.497461,Interactive,1,1.75
312600,ZuJxayBRDbGft+XMd24ZsvOXGweNiHlOm/IPFRioqsiPPwVgLKjIv3Rqrp9VM2zC,1.2461799999999998,2.555641,3.942537,0,2591700,24.497461,Interactive,1,1.75
312900,ZuJxayBRDbGft+XMd24ZsvOXGweNiHlOm/IPFRioqsiPPwVgLKjIv3Rqrp9VM2zC,2.182348,3.566182,8.508094,0,2591700,24.497461,Interactive,1,1.75
313200,ZuJxayBRDbGft+XMd24ZsvOXGweNiHlOm/IPFRioqsiPPwVgLKjIv3Rqrp9VM2zC,1.908707,5.118101,25.656588,0,2591700,24.497461,Interactive,1,1.75
313500,ZuJxayBRDbGft+XMd24ZsvOXGweNiHlOm/IPFRioqsiPPwVgLKjIv3Rqrp9VM2zC,1.952343,2.622862,3.759805000000001,0,2591700,24.497461,Interactive,1,1.75
313800,ZuJxayBRDbGft+XMd24ZsvOXGweNiHlOm/IPFRioqsiPPwVgLKjIv3Rqrp9VM2zC,2.047132,3.516903,8.706575,0,2591700,24.497461,Interactive,1,1.75
314100,ZuJxayBRDbGft+XMd24ZsvOXGweNiHlOm/IPFRioqsiPPwVgLKjIv3Rqrp9VM2zC,2.067309,2.994807,4.266268,0,2591700,24.497461,Interactive,1,1.75
314400,ZuJxayBRDbGft+XMd24ZsvOXGweNiHlOm/IPFRioqsiPPwVgLKjIv3Rqrp9VM2zC,1.327516,2.513426,3.824329,0,2591700,24.497461,Interactive,1,1.75
314700,ZuJxayBRDbGft+XMd24ZsvOXGweNiHlOm/IPFRioqsiPPwVgLKjIv3Rqrp9VM2zC,2.080559,3.842286,8.903605,0,2591700,24.497461,Interactive,1,1.75
315000,ZuJxayBRDbGft+XMd24ZsvOXGweNiHlOm/IPFRioqsiPPwVgLKjIv3Rqrp9VM2zC,1.345761,2.8275,4.176638,0,2591700,24.497461,Interactive,1,1.75
315300,ZuJxayBRDbGft+XMd24ZsvOXGweNiHlOm/IPFRioqsiPPwVgLKjIv3Rqrp9VM2zC,1.678116,13.169993,37.508476,0,2591700,24.497461,Interactive,1,1.75
315600,ZuJxayBRDbGft+XMd24ZsvOXGweNiHlOm/IPFRioqsiPPwVgLKjIv3Rqrp9VM2zC,2.339568,4.87657,14.591358,0,2591700,24.497461,Interactive,1,1.75
315900,ZuJxayBRDbGft+XMd24ZsvOXGweNiHlOm/IPFRioqsiPPwVgLKjIv3Rqrp9VM2zC,2.277504,3.019548,3.848731,0,2591700,24.497461,Interactive,1,1.75
316200,ZuJxayBRDbGft+XMd24ZsvOXGweNiHlOm/IPFRioqsiPPwVgLKjIv3Rqrp9VM2zC,1.877204,2.594812,3.744816,0,2591700,24.497461,Interactive,1,1.75
316500,ZuJxayBRDbGft+XMd24ZsvOXGweNiHlOm/IPFRioqsiPPwVgLKjIv3Rqrp9VM2zC,1.570378,3.609159,9.652022,0,2591700,24.497461,Interactive,1,1.75
316800,ZuJxayBRDbGft+XMd24ZsvOXGweNiHlOm/IPFRioqsiPPwVgLKjIv3Rqrp9VM2zC,2.071199,5.191928,26.001955,0,2591700,24.497461,Interactive,1,1.75
317100,ZuJxayBRDbGft+XMd24ZsvOXGweNiHlOm/IPFRioqsiPPwVgLKjIv3Rqrp9VM2zC,1.983739,2.546277,3.683293,0,2591700,24.497461,Interactive,1,1.75
317400,ZuJxayBRDbGft+XMd24ZsvOXGweNiHlOm/IPFRioqsiPPwVgLKjIv3Rqrp9VM2zC,2.056235,3.547513,9.315031,0,2591700,24.497461,Interactive,1,1.75
317700,ZuJxayBRDbGft+XMd24ZsvOXGweNiHlOm/IPFRioqsiPPwVgLKjIv3Rqrp9VM2zC,1.900717,2.885482,4.214054,0,2591700,24.497461,Interactive,1,1.75
318000,ZuJxayBRDbGft+XMd24ZsvOXGweNiHlOm/IPFRioqsiPPwVgLKjIv3Rqrp9VM2zC,1.955044,2.653311,4.106857,0,2591700,24.497461,Interactive,1,1.75
318300,ZuJxayBRDbGft+XMd24ZsvOXGweNiHlOm/IPFRioqsiPPwVgLKjIv3Rqrp9VM2zC,2.19548,3.83246,9.146923,0,2591700,24.497461,Interactive,1,1.75
318600,ZuJxayBRDbGft+XMd24ZsvOXGweNiHlOm/IPFRioqsiPPwVgLKjIv3Rqrp9VM2zC,1.802967,2.843971,3.888049,0,2591700,24.497461,Interactive,1,1.75
318900,ZuJxayBRDbGft+XMd24ZsvOXGweNiHlOm/IPFRioqsiPPwVgLKjIv3Rqrp9VM2zC,1.862994,2.63765,3.740997,0,2591700,24.497461,Interactive,1,1.75
319200,ZuJxayBRDbGft+XMd24ZsvOXGweNiHlOm/IPFRioqsiPPwVgLKjIv3Rqrp9VM2zC,2.050695,3.5173,9.013846,0,2591700,24.497461,Interactive,1,1.75
319500,ZuJxayBRDbGft+XMd24ZsvOXGweNiHlOm/IPFRioqsiPPwVgLKjIv3Rqrp9VM2zC,1.919554,2.846914,3.915501,0,2591700,24.497461,Interactive,1,1.75
319800,ZuJxayBRDbGft+XMd24ZsvOXGweNiHlOm/IPFRioqsiPPwVgLKjIv3Rqrp9VM2zC,1.878109,2.743125,4.525656,0,2591700,24.497461,Interactive,1,1.75
320100,ZuJxayBRDbGft+XMd24ZsvOXGweNiHlOm/IPFRioqsiPPwVgLKjIv3Rqrp9VM2zC,1.992584,3.567768,9.210402,0,2591700,24.497461,Interactive,1,1.75
320400,ZuJxayBRDbGft+XMd24ZsvOXGweNiHlOm/IPFRioqsiPPwVgLKjIv3Rqrp9VM2zC,1.810491,13.889947,96.431832,0,2591700,24.497461,Interactive,1,1.75
320700,ZuJxayBRDbGft+XMd24ZsvOXGweNiHlOm/IPFRioqsiPPwVgLKjIv3Rqrp9VM2zC,1.083648,2.532544,3.973430000000001,0,2591700,24.497461,Interactive,1,1.75
321000,ZuJxayBRDbGft+XMd24ZsvOXGweNiHlOm/IPFRioqsiPPwVgLKjIv3Rqrp9VM2zC,2.053296,3.487721,8.961461,0,2591700,24.497461,Interactive,1,1.75
321300,ZuJxayBRDbGft+XMd24ZsvOXGweNiHlOm/IPFRioqsiPPwVgLKjIv3Rqrp9VM2zC,1.946548,2.80218,4.01225,0,2591700,24.497461,Interactive,1,1.75
321600,ZuJxayBRDbGft+XMd24ZsvOXGweNiHlOm/IPFRioqsiPPwVgLKjIv3Rqrp9VM2zC,1.820233,2.547782,3.986003,0,2591700,24.497461,Interactive,1,1.75
321900,ZuJxayBRDbGft+XMd24ZsvOXGweNiHlOm/IPFRioqsiPPwVgLKjIv3Rqrp9VM2zC,2.055523,3.536768,9.515404,0,2591700,24.497461,Interactive,1,1.75
322200,ZuJxayBRDbGft+XMd24ZsvOXGweNiHlOm/IPFRioqsiPPwVgLKjIv3Rqrp9VM2zC,1.730716,2.627554,3.608052,0,2591700,24.497461,Interactive,1,1.75
322500,ZuJxayBRDbGft+XMd24ZsvOXGweNiHlOm/IPFRioqsiPPwVgLKjIv3Rqrp9VM2zC,1.844432,2.508721,3.81874,0,2591700,24.497461,Interactive,1,1.75
322800,ZuJxayBRDbGft+XMd24ZsvOXGweNiHlOm/IPFRioqsiPPwVgLKjIv3Rqrp9VM2zC,1.960187,3.5173660000000004,9.514125,0,2591700,24.497461,Interactive,1,1.75
323100,ZuJxayBRDbGft+XMd24ZsvOXGweNiHlOm/IPFRioqsiPPwVgLKjIv3Rqrp9VM2zC,1.833875,2.667827,3.742922,0,2591700,24.497461,Interactive,1,1.75
323400,ZuJxayBRDbGft+XMd24ZsvOXGweNiHlOm/IPFRioqsiPPwVgLKjIv3Rqrp9VM2zC,1.937982,3.415368,8.525157,0,2591700,24.497461,Interactive,1,1.75
323700,ZuJxayBRDbGft+XMd24ZsvOXGweNiHlOm/IPFRioqsiPPwVgLKjIv3Rqrp9VM2zC,2.0569040000000003,3.63384,9.434123,0,2591700,24.497461,Interactive,1,1.75
324000,ZuJxayBRDbGft+XMd24ZsvOXGweNiHlOm/IPFRioqsiPPwVgLKjIv3Rqrp9VM2zC,1.21075,5.226458999999999,27.652962,0,2591700,24.497461,Interactive,1,1.75
324300,ZuJxayBRDbGft+XMd24ZsvOXGweNiHlOm/IPFRioqsiPPwVgLKjIv3Rqrp9VM2zC,1.89098,2.6617040000000003,4.341663,0,2591700,24.497461,Interactive,1,1.75
324600,ZuJxayBRDbGft+XMd24ZsvOXGweNiHlOm/IPFRioqsiPPwVgLKjIv3Rqrp9VM2zC,2.035492,3.577849,9.137721,0,2591700,24.497461,Interactive,1,1.75
324900,ZuJxayBRDbGft+XMd24ZsvOXGweNiHlOm/IPFRioqsiPPwVgLKjIv3Rqrp9VM2zC,1.849893,2.850998,4.04708,0,2591700,24.497461,Interactive,1,1.75
325200,ZuJxayBRDbGft+XMd24ZsvOXGweNiHlOm/IPFRioqsiPPwVgLKjIv3Rqrp9VM2zC,1.743984,2.500219,4.266107,0,2591700,24.497461,Interactive,1,1.75
325500,ZuJxayBRDbGft+XMd24ZsvOXGweNiHlOm/IPFRioqsiPPwVgLKjIv3Rqrp9VM2zC,2.143975,3.60164,5.657726,0,2591700,24.497461,Interactive,1,1.75
325800,ZuJxayBRDbGft+XMd24ZsvOXGweNiHlOm/IPFRioqsiPPwVgLKjIv3Rqrp9VM2zC,1.999929,2.809594,3.937495,0,2591700,24.497461,Interactive,1,1.75
326100,ZuJxayBRDbGft+XMd24ZsvOXGweNiHlOm/IPFRioqsiPPwVgLKjIv3Rqrp9VM2zC,1.984921,2.626776,3.945954,0,2591700,24.497461,Interactive,1,1.75
326400,ZuJxayBRDbGft+XMd24ZsvOXGweNiHlOm/IPFRioqsiPPwVgLKjIv3Rqrp9VM2zC,2.133613,3.545331,8.806391,0,2591700,24.497461,Interactive,1,1.75
326700,ZuJxayBRDbGft+XMd24ZsvOXGweNiHlOm/IPFRioqsiPPwVgLKjIv3Rqrp9VM2zC,1.889882,2.893805,3.711564,0,2591700,24.497461,Interactive,1,1.75
327000,ZuJxayBRDbGft+XMd24ZsvOXGweNiHlOm/IPFRioqsiPPwVgLKjIv3Rqrp9VM2zC,1.909126,2.645639,4.301757,0,2591700,24.497461,Interactive,1,1.75
327300,ZuJxayBRDbGft+XMd24ZsvOXGweNiHlOm/IPFRioqsiPPwVgLKjIv3Rqrp9VM2zC,1.9900400000000005,2.956101,4.880965,0,2591700,24.497461,Interactive,1,1.75
327600,ZuJxayBRDbGft+XMd24ZsvOXGweNiHlOm/IPFRioqsiPPwVgLKjIv3Rqrp9VM2zC,1.9321580000000005,5.126035,26.419162,0,2591700,24.497461,Interactive,1,1.75
327900,ZuJxayBRDbGft+XMd24ZsvOXGweNiHlOm/IPFRioqsiPPwVgLKjIv3Rqrp9VM2zC,1.710832,2.619078,3.770357,0,2591700,24.497461,Interactive,1,1.75
328200,ZuJxayBRDbGft+XMd24ZsvOXGweNiHlOm/IPFRioqsiPPwVgLKjIv3Rqrp9VM2zC,2.396632,3.549931,8.437081,0,2591700,24.497461,Interactive,1,1.75
328500,ZuJxayBRDbGft+XMd24ZsvOXGweNiHlOm/IPFRioqsiPPwVgLKjIv3Rqrp9VM2zC,1.6092540000000002,2.642371,3.272034,0,2591700,24.497461,Interactive,1,1.75
328800,ZuJxayBRDbGft+XMd24ZsvOXGweNiHlOm/IPFRioqsiPPwVgLKjIv3Rqrp9VM2zC,2.042623,2.915841,4.207763,0,2591700,24.497461,Interactive,1,1.75
329100,ZuJxayBRDbGft+XMd24ZsvOXGweNiHlOm/IPFRioqsiPPwVgLKjIv3Rqrp9VM2zC,2.320178,3.5921160000000003,8.746286,0,2591700,24.497461,Interactive,1,1.75
329400,ZuJxayBRDbGft+XMd24ZsvOXGweNiHlOm/IPFRioqsiPPwVgLKjIv3Rqrp9VM2zC,1.912035,2.876055,4.30317,0,2591700,24.497461,Interactive,1,1.75
329700,ZuJxayBRDbGft+XMd24ZsvOXGweNiHlOm/IPFRioqsiPPwVgLKjIv3Rqrp9VM2zC,1.826059,2.803148,4.023592,0,2591700,24.497461,Interactive,1,1.75
330000,ZuJxayBRDbGft+XMd24ZsvOXGweNiHlOm/IPFRioqsiPPwVgLKjIv3Rqrp9VM2zC,1.858894,3.481707,8.590819999999999,0,2591700,24.497461,Interactive,1,1.75
330300,ZuJxayBRDbGft+XMd24ZsvOXGweNiHlOm/IPFRioqsiPPwVgLKjIv3Rqrp9VM2zC,2.028434,2.7513240000000003,3.80029,0,2591700,24.497461,Interactive,1,1.75
330600,ZuJxayBRDbGft+XMd24ZsvOXGweNiHlOm/IPFRioqsiPPwVgLKjIv3Rqrp9VM2zC,1.575483,2.794549,4.024718,0,2591700,24.497461,Interactive,1,1.75
330900,ZuJxayBRDbGft+XMd24ZsvOXGweNiHlOm/IPFRioqsiPPwVgLKjIv3Rqrp9VM2zC,2.210002,3.605796,8.605814,0,2591700,24.497461,Interactive,1,1.75
331200,ZuJxayBRDbGft+XMd24ZsvOXGweNiHlOm/IPFRioqsiPPwVgLKjIv3Rqrp9VM2zC,1.960931,12.406224,95.102138,0,2591700,24.497461,Interactive,1,1.75
331500,ZuJxayBRDbGft+XMd24ZsvOXGweNiHlOm/IPFRioqsiPPwVgLKjIv3Rqrp9VM2zC,1.37413,2.772811,4.2639830000000005,0,2591700,24.497461,Interactive,1,1.75
331800,ZuJxayBRDbGft+XMd24ZsvOXGweNiHlOm/IPFRioqsiPPwVgLKjIv3Rqrp9VM2zC,2.334916,3.595661,8.393816000000001,0,2591700,24.497461,Interactive,1,1.75
332100,ZuJxayBRDbGft+XMd24ZsvOXGweNiHlOm/IPFRioqsiPPwVgLKjIv3Rqrp9VM2zC,1.702077,2.7738720000000003,4.212194,0,2591700,24.497461,Interactive,1,1.75
332400,ZuJxayBRDbGft+XMd24ZsvOXGweNiHlOm/IPFRioqsiPPwVgLKjIv3Rqrp9VM2zC,1.938891,2.795352,4.041,0,2591700,24.497461,Interactive,1,1.75
332700,ZuJxayBRDbGft+XMd24ZsvOXGweNiHlOm/IPFRioqsiPPwVgLKjIv3Rqrp9VM2zC,1.6799509999999998,3.506303,8.426025,0,2591700,24.497461,Interactive,1,1.75
333000,ZuJxayBRDbGft+XMd24ZsvOXGweNiHlOm/IPFRioqsiPPwVgLKjIv3Rqrp9VM2zC,1.980253,2.777439,3.835038,0,2591700,24.497461,Interactive,1,1.75
333300,ZuJxayBRDbGft+XMd24ZsvOXGweNiHlOm/IPFRioqsiPPwVgLKjIv3Rqrp9VM2zC,1.891482,2.851106,4.1161970000000005,0,2591700,24.497461,Interactive,1,1.75
333600,ZuJxayBRDbGft+XMd24ZsvOXGweNiHlOm/IPFRioqsiPPwVgLKjIv3Rqrp9VM2zC,2.273463,3.628041000000001,8.786908,0,2591700,24.497461,Interactive,1,1.75
333900,ZuJxayBRDbGft+XMd24ZsvOXGweNiHlOm/IPFRioqsiPPwVgLKjIv3Rqrp9VM2zC,0.98634,2.525396,3.783391,0,2591700,24.497461,Interactive,1,1.75
334200,ZuJxayBRDbGft+XMd24ZsvOXGweNiHlOm/IPFRioqsiPPwVgLKjIv3Rqrp9VM2zC,1.901366,2.749294,3.815149,0,2591700,24.497461,Interactive,1,1.75
334500,ZuJxayBRDbGft+XMd24ZsvOXGweNiHlOm/IPFRioqsiPPwVgLKjIv3Rqrp9VM2zC,2.408405,3.632125,8.796227,0,2591700,24.497461,Interactive,1,1.75
334800,ZuJxayBRDbGft+XMd24ZsvOXGweNiHlOm/IPFRioqsiPPwVgLKjIv3Rqrp9VM2zC,1.783197,5.022875,26.025758,0,2591700,24.497461,Interactive,1,1.75
335100,ZuJxayBRDbGft+XMd24ZsvOXGweNiHlOm/IPFRioqsiPPwVgLKjIv3Rqrp9VM2zC,2.011184,2.877991,4.367191,0,2591700,24.497461,Interactive,1,1.75
335400,ZuJxayBRDbGft+XMd24ZsvOXGweNiHlOm/IPFRioqsiPPwVgLKjIv3Rqrp9VM2zC,1.842325,3.462421,8.289333000000001,0,2591700,24.497461,Interactive,1,1.75
335700,ZuJxayBRDbGft+XMd24ZsvOXGweNiHlOm/IPFRioqsiPPwVgLKjIv3Rqrp9VM2zC,1.972733,2.762436,4.057976,0,2591700,24.497461,Interactive,1,1.75
336000,ZuJxayBRDbGft+XMd24ZsvOXGweNiHlOm/IPFRioqsiPPwVgLKjIv3Rqrp9VM2zC,1.31817,2.686682,4.129148000000001,0,2591700,24.497461,Interactive,1,1.75
336300,ZuJxayBRDbGft+XMd24ZsvOXGweNiHlOm/IPFRioqsiPPwVgLKjIv3Rqrp9VM2zC,2.378349,3.677524,8.521932000000001,0,2591700,24.497461,Interactive,1,1.75
336600,ZuJxayBRDbGft+XMd24ZsvOXGweNiHlOm/IPFRioqsiPPwVgLKjIv3Rqrp9VM2zC,1.585709,2.588848,3.817524,0,2591700,24.497461,Interactive,1,1.75
336900,ZuJxayBRDbGft+XMd24ZsvOXGweNiHlOm/IPFRioqsiPPwVgLKjIv3Rqrp9VM2zC,1.7444560000000002,2.834338,4.554363,0,2591700,24.497461,Interactive,1,1.75
337200,ZuJxayBRDbGft+XMd24ZsvOXGweNiHlOm/IPFRioqsiPPwVgLKjIv3Rqrp9VM2zC,2.00201,3.511017,8.559083,0,2591700,24.497461,Interactive,1,1.75
337500,ZuJxayBRDbGft+XMd24ZsvOXGweNiHlOm/IPFRioqsiPPwVgLKjIv3Rqrp9VM2zC,1.604652,2.629223,4.102546,0,2591700,24.497461,Interactive,1,1.75
337800,ZuJxayBRDbGft+XMd24ZsvOXGweNiHlOm/IPFRioqsiPPwVgLKjIv3Rqrp9VM2zC,1.966828,2.831753,4.170187,0,2591700,24.497461,Interactive,1,1.75
338100,ZuJxayBRDbGft+XMd24ZsvOXGweNiHlOm/IPFRioqsiPPwVgLKjIv3Rqrp9VM2zC,1.239997,7.248995,47.635844,0,2591700,24.497461,Interactive,1,1.75
338400,ZuJxayBRDbGft+XMd24ZsvOXGweNiHlOm/IPFRioqsiPPwVgLKjIv3Rqrp9VM2zC,2.0365330000000004,5.071322,26.122569,0,2591700,24.497461,Interactive,1,1.75
338700,ZuJxayBRDbGft+XMd24ZsvOXGweNiHlOm/IPFRioqsiPPwVgLKjIv3Rqrp9VM2zC,1.961318,2.738351,3.952937,0,2591700,24.497461,Interactive,1,1.75
339000,ZuJxayBRDbGft+XMd24ZsvOXGweNiHlOm/IPFRioqsiPPwVgLKjIv3Rqrp9VM2zC,2.418047,3.732555000000001,9.399814,0,2591700,24.497461,Interactive,1,1.75
339300,ZuJxayBRDbGft+XMd24ZsvOXGweNiHlOm/IPFRioqsiPPwVgLKjIv3Rqrp9VM2zC,1.735311,2.902328,5.033693,0,2591700,24.497461,Interactive,1,1.75
339600,ZuJxayBRDbGft+XMd24ZsvOXGweNiHlOm/IPFRioqsiPPwVgLKjIv3Rqrp9VM2zC,1.965592,3.284467,8.333716,0,2591700,24.497461,Interactive,1,1.75
339900,ZuJxayBRDbGft+XMd24ZsvOXGweNiHlOm/IPFRioqsiPPwVgLKjIv3Rqrp9VM2zC,2.159687,3.68133,9.770325,0,2591700,24.497461,Interactive,1,1.75
340200,ZuJxayBRDbGft+XMd24ZsvOXGweNiHlOm/IPFRioqsiPPwVgLKjIv3Rqrp9VM2zC,1.940904,2.885197,3.81345,0,2591700,24.497461,Interactive,1,1.75
340500,ZuJxayBRDbGft+XMd24ZsvOXGweNiHlOm/IPFRioqsiPPwVgLKjIv3Rqrp9VM2zC,1.98919,2.851616,4.221131,0,2591700,24.497461,Interactive,1,1.75
340800,ZuJxayBRDbGft+XMd24ZsvOXGweNiHlOm/IPFRioqsiPPwVgLKjIv3Rqrp9VM2zC,1.630408,3.029068,4.587253,0,2591700,24.497461,Interactive,1,1.75
341100,ZuJxayBRDbGft+XMd24ZsvOXGweNiHlOm/IPFRioqsiPPwVgLKjIv3Rqrp9VM2zC,1.968332,2.801463,3.602943,0,2591700,24.497461,Interactive,1,1.75
341400,ZuJxayBRDbGft+XMd24ZsvOXGweNiHlOm/IPFRioqsiPPwVgLKjIv3Rqrp9VM2zC,1.892887,2.767818,4.332542,0,2591700,24.497461,Interactive,1,1.75
341700,ZuJxayBRDbGft+XMd24ZsvOXGweNiHlOm/IPFRioqsiPPwVgLKjIv3Rqrp9VM2zC,2.186038,3.493457,9.294049,0,2591700,24.497461,Interactive,1,1.75
342000,ZuJxayBRDbGft+XMd24ZsvOXGweNiHlOm/IPFRioqsiPPwVgLKjIv3Rqrp9VM2zC,1.566947,5.2355730000000005,28.099027000000003,0,2591700,24.497461,Interactive,1,1.75
342300,ZuJxayBRDbGft+XMd24ZsvOXGweNiHlOm/IPFRioqsiPPwVgLKjIv3Rqrp9VM2zC,1.991519,4.557976999999999,19.077973,0,2591700,24.497461,Interactive,1,1.75
342600,ZuJxayBRDbGft+XMd24ZsvOXGweNiHlOm/IPFRioqsiPPwVgLKjIv3Rqrp9VM2zC,2.052264,3.65029,9.810384,0,2591700,24.497461,Interactive,1,1.75
342900,ZuJxayBRDbGft+XMd24ZsvOXGweNiHlOm/IPFRioqsiPPwVgLKjIv3Rqrp9VM2zC,1.642314,2.746405,4.047001,0,2591700,24.497461,Interactive,1,1.75
343200,ZuJxayBRDbGft+XMd24ZsvOXGweNiHlOm/IPFRioqsiPPwVgLKjIv3Rqrp9VM2zC,1.860644,2.80448,4.539568,0,2591700,24.497461,Interactive,1,1.75
343500,ZuJxayBRDbGft+XMd24ZsvOXGweNiHlOm/IPFRioqsiPPwVgLKjIv3Rqrp9VM2zC,2.108876,3.097946,4.180614,0,2591700,24.497461,Interactive,1,1.75
343800,ZuJxayBRDbGft+XMd24ZsvOXGweNiHlOm/IPFRioqsiPPwVgLKjIv3Rqrp9VM2zC,2.093944,2.904401,4.333088,0,2591700,24.497461,Interactive,1,1.75
344100,ZuJxayBRDbGft+XMd24ZsvOXGweNiHlOm/IPFRioqsiPPwVgLKjIv3Rqrp9VM2zC,2.1268740000000004,9.907925,50.938448,0,2591700,24.497461,Interactive,1,1.75
344400,ZuJxayBRDbGft+XMd24ZsvOXGweNiHlOm/IPFRioqsiPPwVgLKjIv3Rqrp9VM2zC,2.142201,3.758498,9.551737,0,2591700,24.497461,Interactive,1,1.75
344700,ZuJxayBRDbGft+XMd24ZsvOXGweNiHlOm/IPFRioqsiPPwVgLKjIv3Rqrp9VM2zC,1.814405,2.71623,3.677767,0,2591700,24.497461,Interactive,1,1.75
345000,ZuJxayBRDbGft+XMd24ZsvOXGweNiHlOm/IPFRioqsiPPwVgLKjIv3Rqrp9VM2zC,1.747684,2.731521,4.4911080000000005,0,2591700,24.497461,Interactive,1,1.75
345300,ZuJxayBRDbGft+XMd24ZsvOXGweNiHlOm/IPFRioqsiPPwVgLKjIv3Rqrp9VM2zC,2.190777,3.539539,8.76149,0,2591700,24.497461,Interactive,1,1.75
345600,ZuJxayBRDbGft+XMd24ZsvOXGweNiHlOm/IPFRioqsiPPwVgLKjIv3Rqrp9VM2zC,2.054911,5.154296,23.931453,0,2591700,24.497461,Interactive,1,1.75
345900,ZuJxayBRDbGft+XMd24ZsvOXGweNiHlOm/IPFRioqsiPPwVgLKjIv3Rqrp9VM2zC,2.016794,2.80971,4.477104,0,2591700,24.497461,Interactive,1,1.75
346200,ZuJxayBRDbGft+XMd24ZsvOXGweNiHlOm/IPFRioqsiPPwVgLKjIv3Rqrp9VM2zC,1.7232189999999998,2.853569,4.121686,0,2591700,24.497461,Interactive,1,1.75
346500,ZuJxayBRDbGft+XMd24ZsvOXGweNiHlOm/IPFRioqsiPPwVgLKjIv3Rqrp9VM2zC,2.0696790000000003,2.744329,3.437832,0,2591700,24.497461,Interactive,1,1.75
346800,ZuJxayBRDbGft+XMd24ZsvOXGweNiHlOm/IPFRioqsiPPwVgLKjIv3Rqrp9VM2zC,2.026197,2.799642,4.713677,0,2591700,24.497461,Interactive,1,1.75
347100,ZuJxayBRDbGft+XMd24ZsvOXGweNiHlOm/IPFRioqsiPPwVgLKjIv3Rqrp9VM2zC,2.277204,3.586575,8.648397000000001,0,2591700,24.497461,Interactive,1,1.75
347400,ZuJxayBRDbGft+XMd24ZsvOXGweNiHlOm/IPFRioqsiPPwVgLKjIv3Rqrp9VM2zC,2.087774,2.631497,3.739504,0,2591700,24.497461,Interactive,1,1.75
347700,ZuJxayBRDbGft+XMd24ZsvOXGweNiHlOm/IPFRioqsiPPwVgLKjIv3Rqrp9VM2zC,2.132855,2.945905,4.726644,0,2591700,24.497461,Interactive,1,1.75
348000,ZuJxayBRDbGft+XMd24ZsvOXGweNiHlOm/IPFRioqsiPPwVgLKjIv3Rqrp9VM2zC,2.308453,3.5288660000000003,9.03116,0,2591700,24.497461,Interactive,1,1.75
348300,ZuJxayBRDbGft+XMd24ZsvOXGweNiHlOm/IPFRioqsiPPwVgLKjIv3Rqrp9VM2zC,1.647046,2.60534,3.633055,0,2591700,24.497461,Interactive,1,1.75
348600,ZuJxayBRDbGft+XMd24ZsvOXGweNiHlOm/IPFRioqsiPPwVgLKjIv3Rqrp9VM2zC,1.926542,2.780102,4.366114,0,2591700,24.497461,Interactive,1,1.75
348900,ZuJxayBRDbGft+XMd24ZsvOXGweNiHlOm/IPFRioqsiPPwVgLKjIv3Rqrp9VM2zC,1.537682,2.873289,4.172424,0,2591700,24.497461,Interactive,1,1.75
349200,ZuJxayBRDbGft+XMd24ZsvOXGweNiHlOm/IPFRioqsiPPwVgLKjIv3Rqrp9VM2zC,2.02805,5.016864,25.614039,0,2591700,24.497461,Interactive,1,1.75
349500,ZuJxayBRDbGft+XMd24ZsvOXGweNiHlOm/IPFRioqsiPPwVgLKjIv3Rqrp9VM2zC,2.00051,3.333501,7.679695,0,2591700,24.497461,Interactive,1,1.75
349800,ZuJxayBRDbGft+XMd24ZsvOXGweNiHlOm/IPFRioqsiPPwVgLKjIv3Rqrp9VM2zC,2.129414,3.571346,9.239467,0,2591700,24.497461,Interactive,1,1.75
350100,ZuJxayBRDbGft+XMd24ZsvOXGweNiHlOm/IPFRioqsiPPwVgLKjIv3Rqrp9VM2zC,2.075345,2.641762,3.368355,0,2591700,24.497461,Interactive,1,1.75
350400,ZuJxayBRDbGft+XMd24ZsvOXGweNiHlOm/IPFRioqsiPPwVgLKjIv3Rqrp9VM2zC,1.485218,2.6093040000000003,4.378812,0,2591700,24.497461,Interactive,1,1.75
350700,ZuJxayBRDbGft+XMd24ZsvOXGweNiHlOm/IPFRioqsiPPwVgLKjIv3Rqrp9VM2zC,2.381826,3.5889269999999995,9.205413,0,2591700,24.497461,Interactive,1,1.75
351000,ZuJxayBRDbGft+XMd24ZsvOXGweNiHlOm/IPFRioqsiPPwVgLKjIv3Rqrp9VM2zC,2.019127,2.696888,3.522978,0,2591700,24.497461,Interactive,1,1.75
351300,ZuJxayBRDbGft+XMd24ZsvOXGweNiHlOm/IPFRioqsiPPwVgLKjIv3Rqrp9VM2zC,2.097795,2.760524,4.554825,0,2591700,24.497461,Interactive,1,1.75
351600,ZuJxayBRDbGft+XMd24ZsvOXGweNiHlOm/IPFRioqsiPPwVgLKjIv3Rqrp9VM2zC,2.161773,3.691907,9.575801,0,2591700,24.497461,Interactive,1,1.75
351900,ZuJxayBRDbGft+XMd24ZsvOXGweNiHlOm/IPFRioqsiPPwVgLKjIv3Rqrp9VM2zC,2.023218,2.72161,3.488264,0,2591700,24.497461,Interactive,1,1.75
352200,ZuJxayBRDbGft+XMd24ZsvOXGweNiHlOm/IPFRioqsiPPwVgLKjIv3Rqrp9VM2zC,2.032778,2.741395,4.48767,0,2591700,24.497461,Interactive,1,1.75
352500,ZuJxayBRDbGft+XMd24ZsvOXGweNiHlOm/IPFRioqsiPPwVgLKjIv3Rqrp9VM2zC,2.191063,3.570392,9.087468,0,2591700,24.497461,Interactive,1,1.75
352800,ZuJxayBRDbGft+XMd24ZsvOXGweNiHlOm/IPFRioqsiPPwVgLKjIv3Rqrp9VM2zC,2.007151,4.975941000000001,25.593748,0,2591700,24.497461,Interactive,1,1.75
353100,ZuJxayBRDbGft+XMd24ZsvOXGweNiHlOm/IPFRioqsiPPwVgLKjIv3Rqrp9VM2zC,2.101947,2.695169,4.144995,0,2591700,24.497461,Interactive,1,1.75
353400,ZuJxayBRDbGft+XMd24ZsvOXGweNiHlOm/IPFRioqsiPPwVgLKjIv3Rqrp9VM2zC,2.386137,3.4478660000000003,8.911219000000001,0,2591700,24.497461,Interactive,1,1.75
353700,ZuJxayBRDbGft+XMd24ZsvOXGweNiHlOm/IPFRioqsiPPwVgLKjIv3Rqrp9VM2zC,2.129727,2.840787,3.817006,0,2591700,24.497461,Interactive,1,1.75
354000,ZuJxayBRDbGft+XMd24ZsvOXGweNiHlOm/IPFRioqsiPPwVgLKjIv3Rqrp9VM2zC,2.0668330000000004,2.781006,4.18231,0,2591700,24.497461,Interactive,1,1.75
354300,ZuJxayBRDbGft+XMd24ZsvOXGweNiHlOm/IPFRioqsiPPwVgLKjIv3Rqrp9VM2zC,2.308167,3.5758910000000004,9.922388,0,2591700,24.497461,Interactive,1,1.75
354600,ZuJxayBRDbGft+XMd24ZsvOXGweNiHlOm/IPFRioqsiPPwVgLKjIv3Rqrp9VM2zC,2.082218,2.868719,3.786063,0,2591700,24.497461,Interactive,1,1.75
354900,ZuJxayBRDbGft+XMd24ZsvOXGweNiHlOm/IPFRioqsiPPwVgLKjIv3Rqrp9VM2zC,1.06203,2.65489,4.209025,0,2591700,24.497461,Interactive,1,1.75
355200,ZuJxayBRDbGft+XMd24ZsvOXGweNiHlOm/IPFRioqsiPPwVgLKjIv3Rqrp9VM2zC,2.245883,3.4051050000000003,9.182822,0,2591700,24.497461,Interactive,1,1.75
355500,ZuJxayBRDbGft+XMd24ZsvOXGweNiHlOm/IPFRioqsiPPwVgLKjIv3Rqrp9VM2zC,1.260697,2.635076,4.148232,0,2591700,24.497461,Interactive,1,1.75
355800,ZuJxayBRDbGft+XMd24ZsvOXGweNiHlOm/IPFRioqsiPPwVgLKjIv3Rqrp9VM2zC,2.01156,2.714005,4.188683999999999,0,2591700,24.497461,Interactive,1,1.75
356100,ZuJxayBRDbGft+XMd24ZsvOXGweNiHlOm/IPFRioqsiPPwVgLKjIv3Rqrp9VM2zC,2.29898,3.4032940000000003,8.659936,0,2591700,24.497461,Interactive,1,1.75
356400,ZuJxayBRDbGft+XMd24ZsvOXGweNiHlOm/IPFRioqsiPPwVgLKjIv3Rqrp9VM2zC,2.153557,5.114237,14.823118,0,2591700,24.497461,Interactive,1,1.75
356700,ZuJxayBRDbGft+XMd24ZsvOXGweNiHlOm/IPFRioqsiPPwVgLKjIv3Rqrp9VM2zC,2.098064,2.790066,3.951367,0,2591700,24.497461,Interactive,1,1.75
357000,ZuJxayBRDbGft+XMd24ZsvOXGweNiHlOm/IPFRioqsiPPwVgLKjIv3Rqrp9VM2zC,1.295258,3.3112470000000003,9.67387,0,2591700,24.497461,Interactive,1,1.75
357300,ZuJxayBRDbGft+XMd24ZsvOXGweNiHlOm/IPFRioqsiPPwVgLKjIv3Rqrp9VM2zC,2.107035,2.833863,4.313437,0,2591700,24.497461,Interactive,1,1.75
357600,ZuJxayBRDbGft+XMd24ZsvOXGweNiHlOm/IPFRioqsiPPwVgLKjIv3Rqrp9VM2zC,1.405923,2.631514,4.244478,0,2591700,24.497461,Interactive,1,1.75
357900,ZuJxayBRDbGft+XMd24ZsvOXGweNiHlOm/IPFRioqsiPPwVgLKjIv3Rqrp9VM2zC,2.327789,3.447859,9.105582,0,2591700,24.497461,Interactive,1,1.75
358200,ZuJxayBRDbGft+XMd24ZsvOXGweNiHlOm/IPFRioqsiPPwVgLKjIv3Rqrp9VM2zC,2.340286,3.172284,7.379295,0,2591700,24.497461,Interactive,1,1.75
358500,ZuJxayBRDbGft+XMd24ZsvOXGweNiHlOm/IPFRioqsiPPwVgLKjIv3Rqrp9VM2zC,2.036821,2.862781,4.039537,0,2591700,24.497461,Interactive,1,1.75
358800,ZuJxayBRDbGft+XMd24ZsvOXGweNiHlOm/IPFRioqsiPPwVgLKjIv3Rqrp9VM2zC,1.988686,3.427096,9.213499,0,2591700,24.497461,Interactive,1,1.75
359100,ZuJxayBRDbGft+XMd24ZsvOXGweNiHlOm/IPFRioqsiPPwVgLKjIv3Rqrp9VM2zC,2.108686,2.975388,4.699182,0,2591700,24.497461,Interactive,1,1.75
359400,ZuJxayBRDbGft+XMd24ZsvOXGweNiHlOm/IPFRioqsiPPwVgLKjIv3Rqrp9VM2zC,2.099788,2.807916,4.46721,0,2591700,24.497461,Interactive,1,1.75
359700,ZuJxayBRDbGft+XMd24ZsvOXGweNiHlOm/IPFRioqsiPPwVgLKjIv3Rqrp9VM2zC,2.470891,3.8604,9.327921,0,2591700,24.497461,Interactive,1,1.75
360000,ZuJxayBRDbGft+XMd24ZsvOXGweNiHlOm/IPFRioqsiPPwVgLKjIv3Rqrp9VM2zC,2.2369220000000003,5.228219,26.466939,0,2591700,24.497461,Interactive,1,1.75
360300,ZuJxayBRDbGft+XMd24ZsvOXGweNiHlOm/IPFRioqsiPPwVgLKjIv3Rqrp9VM2zC,2.162555,2.903425,4.16559,0,2591700,24.497461,Interactive,1,1.75
360600,ZuJxayBRDbGft+XMd24ZsvOXGweNiHlOm/IPFRioqsiPPwVgLKjIv3Rqrp9VM2zC,2.314088,3.396795,8.821763,0,2591700,24.497461,Interactive,1,1.75
360900,ZuJxayBRDbGft+XMd24ZsvOXGweNiHlOm/IPFRioqsiPPwVgLKjIv3Rqrp9VM2zC,2.175206,2.995499,4.863512999999999,0,2591700,24.497461,Interactive,1,1.75
361200,ZuJxayBRDbGft+XMd24ZsvOXGweNiHlOm/IPFRioqsiPPwVgLKjIv3Rqrp9VM2zC,2.152536,2.848224,4.3118300000000005,0,2591700,24.497461,Interactive,1,1.75
361500,ZuJxayBRDbGft+XMd24ZsvOXGweNiHlOm/IPFRioqsiPPwVgLKjIv3Rqrp9VM2zC,2.356551,3.4942550000000003,9.186033,0,2591700,24.497461,Interactive,1,1.75
361800,ZuJxayBRDbGft+XMd24ZsvOXGweNiHlOm/IPFRioqsiPPwVgLKjIv3Rqrp9VM2zC,2.084857,2.914396,4.050923,0,2591700,24.497461,Interactive,1,1.75
362100,ZuJxayBRDbGft+XMd24ZsvOXGweNiHlOm/IPFRioqsiPPwVgLKjIv3Rqrp9VM2zC,2.090877,2.912011,4.212565000000001,0,2591700,24.497461,Interactive,1,1.75
362400,ZuJxayBRDbGft+XMd24ZsvOXGweNiHlOm/IPFRioqsiPPwVgLKjIv3Rqrp9VM2zC,2.1745330000000003,3.540824,10.018532,0,2591700,24.497461,Interactive,1,1.75
362700,ZuJxayBRDbGft+XMd24ZsvOXGweNiHlOm/IPFRioqsiPPwVgLKjIv3Rqrp9VM2zC,2.141235,2.939651,4.414154,0,2591700,24.497461,Interactive,1,1.75
363000,ZuJxayBRDbGft+XMd24ZsvOXGweNiHlOm/IPFRioqsiPPwVgLKjIv3Rqrp9VM2zC,2.151162,2.812238,4.546451,0,2591700,24.497461,Interactive,1,1.75
363300,ZuJxayBRDbGft+XMd24ZsvOXGweNiHlOm/IPFRioqsiPPwVgLKjIv3Rqrp9VM2zC,2.561209,3.576476,8.279224000000001,0,2591700,24.497461,Interactive,1,1.75
363600,ZuJxayBRDbGft+XMd24ZsvOXGweNiHlOm/IPFRioqsiPPwVgLKjIv3Rqrp9VM2zC,2.145666,5.206466000000001,26.170462,0,2591700,24.497461,Interactive,1,1.75
363900,ZuJxayBRDbGft+XMd24ZsvOXGweNiHlOm/IPFRioqsiPPwVgLKjIv3Rqrp9VM2zC,2.082648,2.924505,4.075730999999999,0,2591700,24.497461,Interactive,1,1.75
364200,ZuJxayBRDbGft+XMd24ZsvOXGweNiHlOm/IPFRioqsiPPwVgLKjIv3Rqrp9VM2zC,1.984171,3.370394,8.727978,0,2591700,24.497461,Interactive,1,1.75
364500,ZuJxayBRDbGft+XMd24ZsvOXGweNiHlOm/IPFRioqsiPPwVgLKjIv3Rqrp9VM2zC,1.799252,2.897463,4.331965,0,2591700,24.497461,Interactive,1,1.75
364800,ZuJxayBRDbGft+XMd24ZsvOXGweNiHlOm/IPFRioqsiPPwVgLKjIv3Rqrp9VM2zC,2.145437,2.811773,4.329013,0,2591700,24.497461,Interactive,1,1.75
365100,ZuJxayBRDbGft+XMd24ZsvOXGweNiHlOm/IPFRioqsiPPwVgLKjIv3Rqrp9VM2zC,1.7432849999999998,3.58952,8.835756,0,2591700,24.497461,Interactive,1,1.75
365400,ZuJxayBRDbGft+XMd24ZsvOXGweNiHlOm/IPFRioqsiPPwVgLKjIv3Rqrp9VM2zC,2.1342790000000003,2.891454,3.96758,0,2591700,24.497461,Interactive,1,1.75
365700,ZuJxayBRDbGft+XMd24ZsvOXGweNiHlOm/IPFRioqsiPPwVgLKjIv3Rqrp9VM2zC,1.442866,2.768754,4.250201000000001,0,2591700,24.497461,Interactive,1,1.75
366000,ZuJxayBRDbGft+XMd24ZsvOXGweNiHlOm/IPFRioqsiPPwVgLKjIv3Rqrp9VM2zC,2.4057060000000003,3.438778,8.401273,0,2591700,24.497461,Interactive,1,1.75
366300,ZuJxayBRDbGft+XMd24ZsvOXGweNiHlOm/IPFRioqsiPPwVgLKjIv3Rqrp9VM2zC,1.4071360000000002,2.689236,3.562899,0,2591700,24.497461,Interactive,1,1.75
366600,ZuJxayBRDbGft+XMd24ZsvOXGweNiHlOm/IPFRioqsiPPwVgLKjIv3Rqrp9VM2zC,2.105295,2.699451,3.760983,0,2591700,24.497461,Interactive,1,1.75
366900,ZuJxayBRDbGft+XMd24ZsvOXGweNiHlOm/IPFRioqsiPPwVgLKjIv3Rqrp9VM2zC,1.295388,3.367138,8.386783,0,2591700,24.497461,Interactive,1,1.75
367200,ZuJxayBRDbGft+XMd24ZsvOXGweNiHlOm/IPFRioqsiPPwVgLKjIv3Rqrp9VM2zC,1.638327,5.080833999999999,23.55239,0,2591700,24.497461,Interactive,1,1.75
367500,ZuJxayBRDbGft+XMd24ZsvOXGweNiHlOm/IPFRioqsiPPwVgLKjIv3Rqrp9VM2zC,2.056939,2.7511490000000003,3.397565,0,2591700,24.497461,Interactive,1,1.75
367800,ZuJxayBRDbGft+XMd24ZsvOXGweNiHlOm/IPFRioqsiPPwVgLKjIv3Rqrp9VM2zC,2.27659,3.4773410000000005,8.457775,0,2591700,24.497461,Interactive,1,1.75
368100,ZuJxayBRDbGft+XMd24ZsvOXGweNiHlOm/IPFRioqsiPPwVgLKjIv3Rqrp9VM2zC,2.183925,2.972775,4.694972,0,2591700,24.497461,Interactive,1,1.75
368400,ZuJxayBRDbGft+XMd24ZsvOXGweNiHlOm/IPFRioqsiPPwVgLKjIv3Rqrp9VM2zC,2.060139,2.579065,3.117189,0,2591700,24.497461,Interactive,1,1.75
368700,ZuJxayBRDbGft+XMd24ZsvOXGweNiHlOm/IPFRioqsiPPwVgLKjIv3Rqrp9VM2zC,2.348741,3.663793,8.709878,0,2591700,24.497461,Interactive,1,1.75
369000,ZuJxayBRDbGft+XMd24ZsvOXGweNiHlOm/IPFRioqsiPPwVgLKjIv3Rqrp9VM2zC,2.091313,2.714191,3.216231,0,2591700,24.497461,Interactive,1,1.75
369300,ZuJxayBRDbGft+XMd24ZsvOXGweNiHlOm/IPFRioqsiPPwVgLKjIv3Rqrp9VM2zC,1.948761,2.707279,3.613066,0,2591700,24.497461,Interactive,1,1.75
369600,ZuJxayBRDbGft+XMd24ZsvOXGweNiHlOm/IPFRioqsiPPwVgLKjIv3Rqrp9VM2zC,1.182369,3.3317339999999995,8.645405,0,2591700,24.497461,Interactive,1,1.75
369900,ZuJxayBRDbGft+XMd24ZsvOXGweNiHlOm/IPFRioqsiPPwVgLKjIv3Rqrp9VM2zC,2.002261,2.7732080000000003,4.100603,0,2591700,24.497461,Interactive,1,1.75
370200,ZuJxayBRDbGft+XMd24ZsvOXGweNiHlOm/IPFRioqsiPPwVgLKjIv3Rqrp9VM2zC,2.128312,2.702927,3.601615,0,2591700,24.497461,Interactive,1,1.75
370500,ZuJxayBRDbGft+XMd24ZsvOXGweNiHlOm/IPFRioqsiPPwVgLKjIv3Rqrp9VM2zC,2.490544,3.889181,8.318,0,2591700,24.497461,Interactive,1,1.75
370800,ZuJxayBRDbGft+XMd24ZsvOXGweNiHlOm/IPFRioqsiPPwVgLKjIv3Rqrp9VM2zC,2.207477,5.252383,24.552706,0,2591700,24.497461,Interactive,1,1.75
371100,ZuJxayBRDbGft+XMd24ZsvOXGweNiHlOm/IPFRioqsiPPwVgLKjIv3Rqrp9VM2zC,2.067286,2.851867,4.706864,0,2591700,24.497461,Interactive,1,1.75
371400,ZuJxayBRDbGft+XMd24ZsvOXGweNiHlOm/IPFRioqsiPPwVgLKjIv3Rqrp9VM2zC,2.466504,3.634934,8.601780999999999,0,2591700,24.497461,Interactive,1,1.75
371700,ZuJxayBRDbGft+XMd24ZsvOXGweNiHlOm/IPFRioqsiPPwVgLKjIv3Rqrp9VM2zC,2.083703,2.894284,4.198476,0,2591700,24.497461,Interactive,1,1.75
372000,ZuJxayBRDbGft+XMd24ZsvOXGweNiHlOm/IPFRioqsiPPwVgLKjIv3Rqrp9VM2zC,2.093808,2.721576,3.660989,0,2591700,24.497461,Interactive,1,1.75
372300,ZuJxayBRDbGft+XMd24ZsvOXGweNiHlOm/IPFRioqsiPPwVgLKjIv3Rqrp9VM2zC,2.397762,3.573612,8.948329,0,2591700,24.497461,Interactive,1,1.75
372600,ZuJxayBRDbGft+XMd24ZsvOXGweNiHlOm/IPFRioqsiPPwVgLKjIv3Rqrp9VM2zC,1.28289,2.878039,3.83857,0,2591700,24.497461,Interactive,1,1.75
372900,ZuJxayBRDbGft+XMd24ZsvOXGweNiHlOm/IPFRioqsiPPwVgLKjIv3Rqrp9VM2zC,2.059613,9.724106,44.115977,0,2591700,24.497461,Interactive,1,1.75
373200,ZuJxayBRDbGft+XMd24ZsvOXGweNiHlOm/IPFRioqsiPPwVgLKjIv3Rqrp9VM2zC,1.440428,3.58562,9.364357,0,2591700,24.497461,Interactive,1,1.75
373500,ZuJxayBRDbGft+XMd24ZsvOXGweNiHlOm/IPFRioqsiPPwVgLKjIv3Rqrp9VM2zC,2.069421,2.871498,3.983,0,2591700,24.497461,Interactive,1,1.75
373800,ZuJxayBRDbGft+XMd24ZsvOXGweNiHlOm/IPFRioqsiPPwVgLKjIv3Rqrp9VM2zC,1.442012,2.54508,3.889126,0,2591700,24.497461,Interactive,1,1.75
374100,ZuJxayBRDbGft+XMd24ZsvOXGweNiHlOm/IPFRioqsiPPwVgLKjIv3Rqrp9VM2zC,2.398734,3.5863629999999995,8.484228,0,2591700,24.497461,Interactive,1,1.75
374400,ZuJxayBRDbGft+XMd24ZsvOXGweNiHlOm/IPFRioqsiPPwVgLKjIv3Rqrp9VM2zC,1.624422,5.167917,26.550723,0,2591700,24.497461,Interactive,1,1.75
374700,ZuJxayBRDbGft+XMd24ZsvOXGweNiHlOm/IPFRioqsiPPwVgLKjIv3Rqrp9VM2zC,1.974886,2.6277220000000003,3.507461,0,2591700,24.497461,Interactive,1,1.75
375000,ZuJxayBRDbGft+XMd24ZsvOXGweNiHlOm/IPFRioqsiPPwVgLKjIv3Rqrp9VM2zC,1.997829,3.432833,8.688933,0,2591700,24.497461,Interactive,1,1.75
375300,ZuJxayBRDbGft+XMd24ZsvOXGweNiHlOm/IPFRioqsiPPwVgLKjIv3Rqrp9VM2zC,1.004628,2.702802,3.969567,0,2591700,24.497461,Interactive,1,1.75
375600,ZuJxayBRDbGft+XMd24ZsvOXGweNiHlOm/IPFRioqsiPPwVgLKjIv3Rqrp9VM2zC,2.04789,2.642382,3.530218,0,2591700,24.497461,Interactive,1,1.75
375900,ZuJxayBRDbGft+XMd24ZsvOXGweNiHlOm/IPFRioqsiPPwVgLKjIv3Rqrp9VM2zC,2.105205,3.518495,7.596017,0,2591700,24.497461,Interactive,1,1.75
376200,ZuJxayBRDbGft+XMd24ZsvOXGweNiHlOm/IPFRioqsiPPwVgLKjIv3Rqrp9VM2zC,2.260687,2.858767,3.804292,0,2591700,24.497461,Interactive,1,1.75
376500,ZuJxayBRDbGft+XMd24ZsvOXGweNiHlOm/IPFRioqsiPPwVgLKjIv3Rqrp9VM2zC,1.385154,2.579484,3.69628,0,2591700,24.497461,Interactive,1,1.75
376800,ZuJxayBRDbGft+XMd24ZsvOXGweNiHlOm/IPFRioqsiPPwVgLKjIv3Rqrp9VM2zC,2.1009740000000003,3.512145,8.974528,0,2591700,24.497461,Interactive,1,1.75
377100,ZuJxayBRDbGft+XMd24ZsvOXGweNiHlOm/IPFRioqsiPPwVgLKjIv3Rqrp9VM2zC,1.697815,2.727534,3.970115,0,2591700,24.497461,Interactive,1,1.75
377400,ZuJxayBRDbGft+XMd24ZsvOXGweNiHlOm/IPFRioqsiPPwVgLKjIv3Rqrp9VM2zC,1.982016,2.60201,3.678204,0,2591700,24.497461,Interactive,1,1.75
377700,ZuJxayBRDbGft+XMd24ZsvOXGweNiHlOm/IPFRioqsiPPwVgLKjIv3Rqrp9VM2zC,1.956145,3.396983,8.760246,0,2591700,24.497461,Interactive,1,1.75
378000,ZuJxayBRDbGft+XMd24ZsvOXGweNiHlOm/IPFRioqsiPPwVgLKjIv3Rqrp9VM2zC,1.79272,5.047087,25.275617,0,2591700,24.497461,Interactive,1,1.75
378300,ZuJxayBRDbGft+XMd24ZsvOXGweNiHlOm/IPFRioqsiPPwVgLKjIv3Rqrp9VM2zC,1.982243,2.638637,3.565885,0,2591700,24.497461,Interactive,1,1.75
378600,ZuJxayBRDbGft+XMd24ZsvOXGweNiHlOm/IPFRioqsiPPwVgLKjIv3Rqrp9VM2zC,1.65868,3.308418,8.924364,0,2591700,24.497461,Interactive,1,1.75
378900,ZuJxayBRDbGft+XMd24ZsvOXGweNiHlOm/IPFRioqsiPPwVgLKjIv3Rqrp9VM2zC,1.870426,2.816317,4.312094,0,2591700,24.497461,Interactive,1,1.75
379200,ZuJxayBRDbGft+XMd24ZsvOXGweNiHlOm/IPFRioqsiPPwVgLKjIv3Rqrp9VM2zC,1.422157,2.339036,3.176064,0,2591700,24.497461,Interactive,1,1.75
379500,ZuJxayBRDbGft+XMd24ZsvOXGweNiHlOm/IPFRioqsiPPwVgLKjIv3Rqrp9VM2zC,2.167859,3.609786,9.191752,0,2591700,24.497461,Interactive,1,1.75
379800,ZuJxayBRDbGft+XMd24ZsvOXGweNiHlOm/IPFRioqsiPPwVgLKjIv3Rqrp9VM2zC,1.7659169999999995,2.672773,3.680288,0,2591700,24.497461,Interactive,1,1.75
380100,ZuJxayBRDbGft+XMd24ZsvOXGweNiHlOm/IPFRioqsiPPwVgLKjIv3Rqrp9VM2zC,1.923755,2.611025,3.790937,0,2591700,24.497461,Interactive,1,1.75
380400,ZuJxayBRDbGft+XMd24ZsvOXGweNiHlOm/IPFRioqsiPPwVgLKjIv3Rqrp9VM2zC,2.095511,3.447525,8.766703,0,2591700,24.497461,Interactive,1,1.75
380700,ZuJxayBRDbGft+XMd24ZsvOXGweNiHlOm/IPFRioqsiPPwVgLKjIv3Rqrp9VM2zC,1.745877,2.630217,4.241623000000001,0,2591700,24.497461,Interactive,1,1.75
381000,ZuJxayBRDbGft+XMd24ZsvOXGweNiHlOm/IPFRioqsiPPwVgLKjIv3Rqrp9VM2zC,1.989375,2.626738,3.962636,0,2591700,24.497461,Interactive,1,1.75
381300,ZuJxayBRDbGft+XMd24ZsvOXGweNiHlOm/IPFRioqsiPPwVgLKjIv3Rqrp9VM2zC,2.077922,3.303706,8.582618,0,2591700,24.497461,Interactive,1,1.75
381600,ZuJxayBRDbGft+XMd24ZsvOXGweNiHlOm/IPFRioqsiPPwVgLKjIv3Rqrp9VM2zC,1.963194,5.184106,17.645056,0,2591700,24.497461,Interactive,1,1.75
381900,ZuJxayBRDbGft+XMd24ZsvOXGweNiHlOm/IPFRioqsiPPwVgLKjIv3Rqrp9VM2zC,1.455057,2.430909,3.217323,0,2591700,24.497461,Interactive,1,1.75
382200,ZuJxayBRDbGft+XMd24ZsvOXGweNiHlOm/IPFRioqsiPPwVgLKjIv3Rqrp9VM2zC,2.144411,3.476881,8.775274000000001,0,2591700,24.497461,Interactive,1,1.75
382500,ZuJxayBRDbGft+XMd24ZsvOXGweNiHlOm/IPFRioqsiPPwVgLKjIv3Rqrp9VM2zC,1.889446,2.57432,3.407782,0,2591700,24.497461,Interactive,1,1.75
382800,ZuJxayBRDbGft+XMd24ZsvOXGweNiHlOm/IPFRioqsiPPwVgLKjIv3Rqrp9VM2zC,1.976329,2.644945,4.054682,0,2591700,24.497461,Interactive,1,1.75
383100,ZuJxayBRDbGft+XMd24ZsvOXGweNiHlOm/IPFRioqsiPPwVgLKjIv3Rqrp9VM2zC,2.221492,3.731284,8.574378999999999,0,2591700,24.497461,Interactive,1,1.75
383400,ZuJxayBRDbGft+XMd24ZsvOXGweNiHlOm/IPFRioqsiPPwVgLKjIv3Rqrp9VM2zC,1.836475,2.953996,4.365214,0,2591700,24.497461,Interactive,1,1.75
383700,ZuJxayBRDbGft+XMd24ZsvOXGweNiHlOm/IPFRioqsiPPwVgLKjIv3Rqrp9VM2zC,1.973862,2.644527,4.020332,0,2591700,24.497461,Interactive,1,1.75
384000,ZuJxayBRDbGft+XMd24ZsvOXGweNiHlOm/IPFRioqsiPPwVgLKjIv3Rqrp9VM2zC,2.077557,3.4915480000000003,8.70151,0,2591700,24.497461,Interactive,1,1.75
384300,ZuJxayBRDbGft+XMd24ZsvOXGweNiHlOm/IPFRioqsiPPwVgLKjIv3Rqrp9VM2zC,1.92572,2.879506,4.250475,0,2591700,24.497461,Interactive,1,1.75
384600,ZuJxayBRDbGft+XMd24ZsvOXGweNiHlOm/IPFRioqsiPPwVgLKjIv3Rqrp9VM2zC,2.162623,4.865577,19.501963,0,2591700,24.497461,Interactive,1,1.75
384900,ZuJxayBRDbGft+XMd24ZsvOXGweNiHlOm/IPFRioqsiPPwVgLKjIv3Rqrp9VM2zC,3.186449,5.594073000000001,10.657402,0,2591700,24.497461,Interactive,1,1.75
385200,ZuJxayBRDbGft+XMd24ZsvOXGweNiHlOm/IPFRioqsiPPwVgLKjIv3Rqrp9VM2zC,3.532104,6.878539,27.898114,0,2591700,24.497461,Interactive,1,1.75
385500,ZuJxayBRDbGft+XMd24ZsvOXGweNiHlOm/IPFRioqsiPPwVgLKjIv3Rqrp9VM2zC,3.598466,4.551126999999999,5.787143,0,2591700,24.497461,Interactive,1,1.75
385800,ZuJxayBRDbGft+XMd24ZsvOXGweNiHlOm/IPFRioqsiPPwVgLKjIv3Rqrp9VM2zC,3.80938,5.374025,11.793606,0,2591700,24.497461,Interactive,1,1.75
386100,ZuJxayBRDbGft+XMd24ZsvOXGweNiHlOm/IPFRioqsiPPwVgLKjIv3Rqrp9VM2zC,2.709192,4.676646,6.117293,0,2591700,24.497461,Interactive,1,1.75
386400,ZuJxayBRDbGft+XMd24ZsvOXGweNiHlOm/IPFRioqsiPPwVgLKjIv3Rqrp9VM2zC,3.880061,6.646309,13.704131,0,2591700,24.497461,Interactive,1,1.75
386700,ZuJxayBRDbGft+XMd24ZsvOXGweNiHlOm/IPFRioqsiPPwVgLKjIv3Rqrp9VM2zC,67.71164300000001,84.42144,95.433669,0,2591700,24.497461,Interactive,1,1.75
387000,ZuJxayBRDbGft+XMd24ZsvOXGweNiHlOm/IPFRioqsiPPwVgLKjIv3Rqrp9VM2zC,72.661312,93.668322,98.261311,0,2591700,24.497461,Interactive,1,1.75
387300,ZuJxayBRDbGft+XMd24ZsvOXGweNiHlOm/IPFRioqsiPPwVgLKjIv3Rqrp9VM2zC,76.162859,90.888528,96.957521,0,2591700,24.497461,Interactive,1,1.75
387600,ZuJxayBRDbGft+XMd24ZsvOXGweNiHlOm/IPFRioqsiPPwVgLKjIv3Rqrp9VM2zC,42.781143,88.798082,99.204219,0,2591700,24.497461,Interactive,1,1.75
387900,ZuJxayBRDbGft+XMd24ZsvOXGweNiHlOm/IPFRioqsiPPwVgLKjIv3Rqrp9VM2zC,98.573297,99.263795,99.39143,0,2591700,24.497461,Interactive,1,1.75
388200,ZuJxayBRDbGft+XMd24ZsvOXGweNiHlOm/IPFRioqsiPPwVgLKjIv3Rqrp9VM2zC,93.88819,97.715477,99.342555,0,2591700,24.497461,Interactive,1,1.75
388500,ZuJxayBRDbGft+XMd24ZsvOXGweNiHlOm/IPFRioqsiPPwVgLKjIv3Rqrp9VM2zC,6.751638000000001,41.808307,96.665984,0,2591700,24.497461,Interactive,1,1.75
388800,ZuJxayBRDbGft+XMd24ZsvOXGweNiHlOm/IPFRioqsiPPwVgLKjIv3Rqrp9VM2zC,2.394391,4.668902,11.043506,0,2591700,24.497461,Interactive,1,1.75
389100,ZuJxayBRDbGft+XMd24ZsvOXGweNiHlOm/IPFRioqsiPPwVgLKjIv3Rqrp9VM2zC,2.149051,3.072805,4.725785,0,2591700,24.497461,Interactive,1,1.75
389400,ZuJxayBRDbGft+XMd24ZsvOXGweNiHlOm/IPFRioqsiPPwVgLKjIv3Rqrp9VM2zC,2.154585,27.190431,91.37083,0,2591700,24.497461,Interactive,1,1.75
389700,ZuJxayBRDbGft+XMd24ZsvOXGweNiHlOm/IPFRioqsiPPwVgLKjIv3Rqrp9VM2zC,2.206347,24.798781,88.50793900000001,0,2591700,24.497461,Interactive,1,1.75
390000,ZuJxayBRDbGft+XMd24ZsvOXGweNiHlOm/IPFRioqsiPPwVgLKjIv3Rqrp9VM2zC,2.219516,5.81433,35.000471000000005,0,2591700,24.497461,Interactive,1,1.75
390300,ZuJxayBRDbGft+XMd24ZsvOXGweNiHlOm/IPFRioqsiPPwVgLKjIv3Rqrp9VM2zC,3.891732,15.400106,90.641431,0,2591700,24.497461,Interactive,1,1.75
390600,ZuJxayBRDbGft+XMd24ZsvOXGweNiHlOm/IPFRioqsiPPwVgLKjIv3Rqrp9VM2zC,4.091215,16.613342000000003,49.094407,0,2591700,24.497461,Interactive,1,1.75
390900,ZuJxayBRDbGft+XMd24ZsvOXGweNiHlOm/IPFRioqsiPPwVgLKjIv3Rqrp9VM2zC,3.468856,3.958883,4.413031,0,2591700,24.497461,Interactive,1,1.75
391200,ZuJxayBRDbGft+XMd24ZsvOXGweNiHlOm/IPFRioqsiPPwVgLKjIv3Rqrp9VM2zC,47.247221,71.883424,95.73548,0,2591700,24.497461,Interactive,1,1.75
391500,ZuJxayBRDbGft+XMd24ZsvOXGweNiHlOm/IPFRioqsiPPwVgLKjIv3Rqrp9VM2zC,73.32638,93.219783,99.073302,0,2591700,24.497461,Interactive,1,1.75
391800,ZuJxayBRDbGft+XMd24ZsvOXGweNiHlOm/IPFRioqsiPPwVgLKjIv3Rqrp9VM2zC,68.9419,87.71254300000001,98.874892,0,2591700,24.497461,Interactive,1,1.75
392100,ZuJxayBRDbGft+XMd24ZsvOXGweNiHlOm/IPFRioqsiPPwVgLKjIv3Rqrp9VM2zC,65.935969,88.008217,98.040655,0,2591700,24.497461,Interactive,1,1.75
392400,ZuJxayBRDbGft+XMd24ZsvOXGweNiHlOm/IPFRioqsiPPwVgLKjIv3Rqrp9VM2zC,98.458793,99.081836,99.294134,0,2591700,24.497461,Interactive,1,1.75
392700,ZuJxayBRDbGft+XMd24ZsvOXGweNiHlOm/IPFRioqsiPPwVgLKjIv3Rqrp9VM2zC,97.369829,98.621954,99.307866,0,2591700,24.497461,Interactive,1,1.75
393000,ZuJxayBRDbGft+XMd24ZsvOXGweNiHlOm/IPFRioqsiPPwVgLKjIv3Rqrp9VM2zC,9.496225,69.055236,98.760048,0,2591700,24.497461,Interactive,1,1.75
393300,ZuJxayBRDbGft+XMd24ZsvOXGweNiHlOm/IPFRioqsiPPwVgLKjIv3Rqrp9VM2zC,2.264379,6.007334999999999,14.881458,0,2591700,24.497461,Interactive,1,1.75
393600,ZuJxayBRDbGft+XMd24ZsvOXGweNiHlOm/IPFRioqsiPPwVgLKjIv3Rqrp9VM2zC,2.362292,2.988687,4.475442,0,2591700,24.497461,Interactive,1,1.75
393900,ZuJxayBRDbGft+XMd24ZsvOXGweNiHlOm/IPFRioqsiPPwVgLKjIv3Rqrp9VM2zC,1.965176,11.915264,79.200096,0,2591700,24.497461,Interactive,1,1.75
394200,ZuJxayBRDbGft+XMd24ZsvOXGweNiHlOm/IPFRioqsiPPwVgLKjIv3Rqrp9VM2zC,2.084179,39.40601,88.091925,0,2591700,24.497461,Interactive,1,1.75
394500,ZuJxayBRDbGft+XMd24ZsvOXGweNiHlOm/IPFRioqsiPPwVgLKjIv3Rqrp9VM2zC,2.098024,2.64784,3.542553,0,2591700,24.497461,Interactive,1,1.75
394800,ZuJxayBRDbGft+XMd24ZsvOXGweNiHlOm/IPFRioqsiPPwVgLKjIv3Rqrp9VM2zC,1.893947,2.714673,3.881045,0,2591700,24.497461,Interactive,1,1.75
395100,ZuJxayBRDbGft+XMd24ZsvOXGweNiHlOm/IPFRioqsiPPwVgLKjIv3Rqrp9VM2zC,2.042958,3.558533,11.978685,0,2591700,24.497461,Interactive,1,1.75
395400,ZuJxayBRDbGft+XMd24ZsvOXGweNiHlOm/IPFRioqsiPPwVgLKjIv3Rqrp9VM2zC,1.336349,2.598632,3.309383,0,2591700,24.497461,Interactive,1,1.75
395700,ZuJxayBRDbGft+XMd24ZsvOXGweNiHlOm/IPFRioqsiPPwVgLKjIv3Rqrp9VM2zC,2.072143,2.829469,3.644954,0,2591700,24.497461,Interactive,1,1.75
396000,ZuJxayBRDbGft+XMd24ZsvOXGweNiHlOm/IPFRioqsiPPwVgLKjIv3Rqrp9VM2zC,1.371591,3.3254910000000004,11.173976,0,2591700,24.497461,Interactive,1,1.75
396300,ZuJxayBRDbGft+XMd24ZsvOXGweNiHlOm/IPFRioqsiPPwVgLKjIv3Rqrp9VM2zC,2.1064540000000003,2.589389,3.45066,0,2591700,24.497461,Interactive,1,1.75
396600,ZuJxayBRDbGft+XMd24ZsvOXGweNiHlOm/IPFRioqsiPPwVgLKjIv3Rqrp9VM2zC,1.917272,2.831452,3.963308,0,2591700,24.497461,Interactive,1,1.75
396900,ZuJxayBRDbGft+XMd24ZsvOXGweNiHlOm/IPFRioqsiPPwVgLKjIv3Rqrp9VM2zC,1.416759,3.277188,11.857912,0,2591700,24.497461,Interactive,1,1.75
397200,ZuJxayBRDbGft+XMd24ZsvOXGweNiHlOm/IPFRioqsiPPwVgLKjIv3Rqrp9VM2zC,2.336049,2.629259,3.371106,0,2591700,24.497461,Interactive,1,1.75
397500,ZuJxayBRDbGft+XMd24ZsvOXGweNiHlOm/IPFRioqsiPPwVgLKjIv3Rqrp9VM2zC,2.0685830000000003,3.427203,7.793473,0,2591700,24.497461,Interactive,1,1.75
397800,ZuJxayBRDbGft+XMd24ZsvOXGweNiHlOm/IPFRioqsiPPwVgLKjIv3Rqrp9VM2zC,1.944253,3.478445,11.597097,0,2591700,24.497461,Interactive,1,1.75
398100,ZuJxayBRDbGft+XMd24ZsvOXGweNiHlOm/IPFRioqsiPPwVgLKjIv3Rqrp9VM2zC,2.156351,2.571396,3.800354,0,2591700,24.497461,Interactive,1,1.75
398400,ZuJxayBRDbGft+XMd24ZsvOXGweNiHlOm/IPFRioqsiPPwVgLKjIv3Rqrp9VM2zC,2.021872,2.842883,4.039879,0,2591700,24.497461,Interactive,1,1.75
398700,ZuJxayBRDbGft+XMd24ZsvOXGweNiHlOm/IPFRioqsiPPwVgLKjIv3Rqrp9VM2zC,2.0268770000000003,3.443143,10.684453,0,2591700,24.497461,Interactive,1,1.75
399000,ZuJxayBRDbGft+XMd24ZsvOXGweNiHlOm/IPFRioqsiPPwVgLKjIv3Rqrp9VM2zC,1.941933,2.687802,3.5923,0,2591700,24.497461,Interactive,1,1.75
399300,ZuJxayBRDbGft+XMd24ZsvOXGweNiHlOm/IPFRioqsiPPwVgLKjIv3Rqrp9VM2zC,1.963413,2.718363,4.339391,0,2591700,24.497461,Interactive,1,1.75
399600,ZuJxayBRDbGft+XMd24ZsvOXGweNiHlOm/IPFRioqsiPPwVgLKjIv3Rqrp9VM2zC,1.6640080000000002,3.231645,10.133019,0,2591700,24.497461,Interactive,1,1.75
399900,ZuJxayBRDbGft+XMd24ZsvOXGweNiHlOm/IPFRioqsiPPwVgLKjIv3Rqrp9VM2zC,1.982788,2.581009,3.647732,0,2591700,24.497461,Interactive,1,1.75
400200,ZuJxayBRDbGft+XMd24ZsvOXGweNiHlOm/IPFRioqsiPPwVgLKjIv3Rqrp9VM2zC,1.616603,2.56592,3.887494,0,2591700,24.497461,Interactive,1,1.75
400500,ZuJxayBRDbGft+XMd24ZsvOXGweNiHlOm/IPFRioqsiPPwVgLKjIv3Rqrp9VM2zC,1.959987,3.487566,11.321452,0,2591700,24.497461,Interactive,1,1.75
400800,ZuJxayBRDbGft+XMd24ZsvOXGweNiHlOm/IPFRioqsiPPwVgLKjIv3Rqrp9VM2zC,1.986289,2.524005,3.5713800000000004,0,2591700,24.497461,Interactive,1,1.75
401100,ZuJxayBRDbGft+XMd24ZsvOXGweNiHlOm/IPFRioqsiPPwVgLKjIv3Rqrp9VM2zC,2.069628,2.925117,4.087112,0,2591700,24.497461,Interactive,1,1.75
401400,ZuJxayBRDbGft+XMd24ZsvOXGweNiHlOm/IPFRioqsiPPwVgLKjIv3Rqrp9VM2zC,1.930539,3.384268,8.859291,0,2591700,24.497461,Interactive,1,1.75
401700,ZuJxayBRDbGft+XMd24ZsvOXGweNiHlOm/IPFRioqsiPPwVgLKjIv3Rqrp9VM2zC,1.969431,2.593036,3.714074,0,2591700,24.497461,Interactive,1,1.75
402000,ZuJxayBRDbGft+XMd24ZsvOXGweNiHlOm/IPFRioqsiPPwVgLKjIv3Rqrp9VM2zC,1.614216,2.566883,4.373288,0,2591700,24.497461,Interactive,1,1.75
402300,ZuJxayBRDbGft+XMd24ZsvOXGweNiHlOm/IPFRioqsiPPwVgLKjIv3Rqrp9VM2zC,1.909999,2.645286,3.781867,0,2591700,24.497461,Interactive,1,1.75
402600,ZuJxayBRDbGft+XMd24ZsvOXGweNiHlOm/IPFRioqsiPPwVgLKjIv3Rqrp9VM2zC,1.891427,2.673541,3.928237,0,2591700,24.497461,Interactive,1,1.75
402900,ZuJxayBRDbGft+XMd24ZsvOXGweNiHlOm/IPFRioqsiPPwVgLKjIv3Rqrp9VM2zC,1.562778,2.557737,4.160097,0,2591700,24.497461,Interactive,1,1.75
403200,ZuJxayBRDbGft+XMd24ZsvOXGweNiHlOm/IPFRioqsiPPwVgLKjIv3Rqrp9VM2zC,2.050529,3.567604,11.045339,0,2591700,24.497461,Interactive,1,1.75
403500,ZuJxayBRDbGft+XMd24ZsvOXGweNiHlOm/IPFRioqsiPPwVgLKjIv3Rqrp9VM2zC,1.834615,2.433166,3.831735,0,2591700,24.497461,Interactive,1,1.75
403800,ZuJxayBRDbGft+XMd24ZsvOXGweNiHlOm/IPFRioqsiPPwVgLKjIv3Rqrp9VM2zC,1.89282,2.859276,4.594717,0,2591700,24.497461,Interactive,1,1.75
404100,ZuJxayBRDbGft+XMd24ZsvOXGweNiHlOm/IPFRioqsiPPwVgLKjIv3Rqrp9VM2zC,1.484927,3.267189,10.916305,0,2591700,24.497461,Interactive,1,1.75
404400,ZuJxayBRDbGft+XMd24ZsvOXGweNiHlOm/IPFRioqsiPPwVgLKjIv3Rqrp9VM2zC,1.983683,2.635183,3.691157,0,2591700,24.497461,Interactive,1,1.75
404700,ZuJxayBRDbGft+XMd24ZsvOXGweNiHlOm/IPFRioqsiPPwVgLKjIv3Rqrp9VM2zC,1.6803240000000002,2.89182,4.544328,0,2591700,24.497461,Interactive,1,1.75
405000,ZuJxayBRDbGft+XMd24ZsvOXGweNiHlOm/IPFRioqsiPPwVgLKjIv3Rqrp9VM2zC,1.7453439999999998,2.620296,3.79993,0,2591700,24.497461,Interactive,1,1.75
405300,ZuJxayBRDbGft+XMd24ZsvOXGweNiHlOm/IPFRioqsiPPwVgLKjIv3Rqrp9VM2zC,1.839477,2.559527,3.708887,0,2591700,24.497461,Interactive,1,1.75
405600,ZuJxayBRDbGft+XMd24ZsvOXGweNiHlOm/IPFRioqsiPPwVgLKjIv3Rqrp9VM2zC,1.839344,2.616706,3.971715,0,2591700,24.497461,Interactive,1,1.75
405900,ZuJxayBRDbGft+XMd24ZsvOXGweNiHlOm/IPFRioqsiPPwVgLKjIv3Rqrp9VM2zC,1.918136,3.5547699999999995,11.015405,0,2591700,24.497461,Interactive,1,1.75
406200,ZuJxayBRDbGft+XMd24ZsvOXGweNiHlOm/IPFRioqsiPPwVgLKjIv3Rqrp9VM2zC,1.864731,2.668054,3.654128,0,2591700,24.497461,Interactive,1,1.75
406500,ZuJxayBRDbGft+XMd24ZsvOXGweNiHlOm/IPFRioqsiPPwVgLKjIv3Rqrp9VM2zC,1.883836,2.8291150000000003,4.246568,0,2591700,24.497461,Interactive,1,1.75
406800,ZuJxayBRDbGft+XMd24ZsvOXGweNiHlOm/IPFRioqsiPPwVgLKjIv3Rqrp9VM2zC,1.581416,3.335034,10.860923,0,2591700,24.497461,Interactive,1,1.75
407100,ZuJxayBRDbGft+XMd24ZsvOXGweNiHlOm/IPFRioqsiPPwVgLKjIv3Rqrp9VM2zC,1.917275,2.62406,3.876977,0,2591700,24.497461,Interactive,1,1.75
407400,ZuJxayBRDbGft+XMd24ZsvOXGweNiHlOm/IPFRioqsiPPwVgLKjIv3Rqrp9VM2zC,1.854623,2.768041,4.50744,0,2591700,24.497461,Interactive,1,1.75
407700,ZuJxayBRDbGft+XMd24ZsvOXGweNiHlOm/IPFRioqsiPPwVgLKjIv3Rqrp9VM2zC,1.445205,2.529872,4.143935,0,2591700,24.497461,Interactive,1,1.75
408000,ZuJxayBRDbGft+XMd24ZsvOXGweNiHlOm/IPFRioqsiPPwVgLKjIv3Rqrp9VM2zC,1.996058,2.6817290000000003,3.673598,0,2591700,24.497461,Interactive,1,1.75
408300,ZuJxayBRDbGft+XMd24ZsvOXGweNiHlOm/IPFRioqsiPPwVgLKjIv3Rqrp9VM2zC,1.71065,2.612345,4.361316,0,2591700,24.497461,Interactive,1,1.75
408600,ZuJxayBRDbGft+XMd24ZsvOXGweNiHlOm/IPFRioqsiPPwVgLKjIv3Rqrp9VM2zC,2.113931,3.473593,10.399966,0,2591700,24.497461,Interactive,1,1.75
408900,ZuJxayBRDbGft+XMd24ZsvOXGweNiHlOm/IPFRioqsiPPwVgLKjIv3Rqrp9VM2zC,1.454794,2.952239,7.192235,0,2591700,24.497461,Interactive,1,1.75
409200,ZuJxayBRDbGft+XMd24ZsvOXGweNiHlOm/IPFRioqsiPPwVgLKjIv3Rqrp9VM2zC,1.994386,2.877237,4.340252,0,2591700,24.497461,Interactive,1,1.75
409500,ZuJxayBRDbGft+XMd24ZsvOXGweNiHlOm/IPFRioqsiPPwVgLKjIv3Rqrp9VM2zC,1.697932,3.309145,9.983499,0,2591700,24.497461,Interactive,1,1.75
409800,ZuJxayBRDbGft+XMd24ZsvOXGweNiHlOm/IPFRioqsiPPwVgLKjIv3Rqrp9VM2zC,1.976767,2.6534,3.4823230000000005,0,2591700,24.497461,Interactive,1,1.75
410100,ZuJxayBRDbGft+XMd24ZsvOXGweNiHlOm/IPFRioqsiPPwVgLKjIv3Rqrp9VM2zC,1.782444,3.4416620000000004,10.692197,0,2591700,24.497461,Interactive,1,1.75
410400,ZuJxayBRDbGft+XMd24ZsvOXGweNiHlOm/IPFRioqsiPPwVgLKjIv3Rqrp9VM2zC,1.83305,2.654048,4.063093,0,2591700,24.497461,Interactive,1,1.75
410700,ZuJxayBRDbGft+XMd24ZsvOXGweNiHlOm/IPFRioqsiPPwVgLKjIv3Rqrp9VM2zC,1.901222,2.4642310000000003,3.884426,0,2591700,24.497461,Interactive,1,1.75
411000,ZuJxayBRDbGft+XMd24ZsvOXGweNiHlOm/IPFRioqsiPPwVgLKjIv3Rqrp9VM2zC,1.850152,5.3049,29.895022,0,2591700,24.497461,Interactive,1,1.75
411300,ZuJxayBRDbGft+XMd24ZsvOXGweNiHlOm/IPFRioqsiPPwVgLKjIv3Rqrp9VM2zC,1.965172,3.120493,9.306771,0,2591700,24.497461,Interactive,1,1.75
411600,ZuJxayBRDbGft+XMd24ZsvOXGweNiHlOm/IPFRioqsiPPwVgLKjIv3Rqrp9VM2zC,1.311944,2.623308,3.849108,0,2591700,24.497461,Interactive,1,1.75
411900,ZuJxayBRDbGft+XMd24ZsvOXGweNiHlOm/IPFRioqsiPPwVgLKjIv3Rqrp9VM2zC,1.882471,2.742775,5.116719,0,2591700,24.497461,Interactive,1,1.75
412200,ZuJxayBRDbGft+XMd24ZsvOXGweNiHlOm/IPFRioqsiPPwVgLKjIv3Rqrp9VM2zC,1.343875,3.217092,9.896076,0,2591700,24.497461,Interactive,1,1.75
412500,ZuJxayBRDbGft+XMd24ZsvOXGweNiHlOm/IPFRioqsiPPwVgLKjIv3Rqrp9VM2zC,1.834318,2.574943,3.605576,0,2591700,24.497461,Interactive,1,1.75
412800,ZuJxayBRDbGft+XMd24ZsvOXGweNiHlOm/IPFRioqsiPPwVgLKjIv3Rqrp9VM2zC,1.785425,2.459761,4.974867,0,2591700,24.497461,Interactive,1,1.75
413100,ZuJxayBRDbGft+XMd24ZsvOXGweNiHlOm/IPFRioqsiPPwVgLKjIv3Rqrp9VM2zC,1.997604,3.056638,6.567098,0,2591700,24.497461,Interactive,1,1.75
413400,ZuJxayBRDbGft+XMd24ZsvOXGweNiHlOm/IPFRioqsiPPwVgLKjIv3Rqrp9VM2zC,1.869103,2.593236,3.861729,0,2591700,24.497461,Interactive,1,1.75
413700,ZuJxayBRDbGft+XMd24ZsvOXGweNiHlOm/IPFRioqsiPPwVgLKjIv3Rqrp9VM2zC,1.933064,2.833853,5.671319,0,2591700,24.497461,Interactive,1,1.75
414000,ZuJxayBRDbGft+XMd24ZsvOXGweNiHlOm/IPFRioqsiPPwVgLKjIv3Rqrp9VM2zC,1.892066,2.560637,3.4672050000000003,0,2591700,24.497461,Interactive,1,1.75
414300,ZuJxayBRDbGft+XMd24ZsvOXGweNiHlOm/IPFRioqsiPPwVgLKjIv3Rqrp9VM2zC,1.857685,3.431999,11.21952,0,2591700,24.497461,Interactive,1,1.75
414600,ZuJxayBRDbGft+XMd24ZsvOXGweNiHlOm/IPFRioqsiPPwVgLKjIv3Rqrp9VM2zC,1.88478,2.852051,5.164931,0,2591700,24.497461,Interactive,1,1.75
414900,ZuJxayBRDbGft+XMd24ZsvOXGweNiHlOm/IPFRioqsiPPwVgLKjIv3Rqrp9VM2zC,2.054607,2.593853,3.789533,0,2591700,24.497461,Interactive,1,1.75
415200,ZuJxayBRDbGft+XMd24ZsvOXGweNiHlOm/IPFRioqsiPPwVgLKjIv3Rqrp9VM2zC,1.920423,2.634777,3.811333,0,2591700,24.497461,Interactive,1,1.75
415500,ZuJxayBRDbGft+XMd24ZsvOXGweNiHlOm/IPFRioqsiPPwVgLKjIv3Rqrp9VM2zC,1.899846,2.474837,4.885813,0,2591700,24.497461,Interactive,1,1.75
415800,ZuJxayBRDbGft+XMd24ZsvOXGweNiHlOm/IPFRioqsiPPwVgLKjIv3Rqrp9VM2zC,1.961585,2.569443,3.4859,0,2591700,24.497461,Interactive,1,1.75
416100,ZuJxayBRDbGft+XMd24ZsvOXGweNiHlOm/IPFRioqsiPPwVgLKjIv3Rqrp9VM2zC,1.7987369999999998,3.260282,11.399215,0,2591700,24.497461,Interactive,1,1.75
416400,ZuJxayBRDbGft+XMd24ZsvOXGweNiHlOm/IPFRioqsiPPwVgLKjIv3Rqrp9VM2zC,1.840777,2.778868,5.1139,0,2591700,24.497461,Interactive,1,1.75
416700,ZuJxayBRDbGft+XMd24ZsvOXGweNiHlOm/IPFRioqsiPPwVgLKjIv3Rqrp9VM2zC,1.7099959999999998,2.422772,3.544683,0,2591700,24.497461,Interactive,1,1.75
417000,ZuJxayBRDbGft+XMd24ZsvOXGweNiHlOm/IPFRioqsiPPwVgLKjIv3Rqrp9VM2zC,1.836178,3.408611,11.111816,0,2591700,24.497461,Interactive,1,1.75
417300,ZuJxayBRDbGft+XMd24ZsvOXGweNiHlOm/IPFRioqsiPPwVgLKjIv3Rqrp9VM2zC,1.866254,2.872637,6.5963270000000005,0,2591700,24.497461,Interactive,1,1.75
417600,ZuJxayBRDbGft+XMd24ZsvOXGweNiHlOm/IPFRioqsiPPwVgLKjIv3Rqrp9VM2zC,1.976044,2.765177,4.189545,0,2591700,24.497461,Interactive,1,1.75
417900,ZuJxayBRDbGft+XMd24ZsvOXGweNiHlOm/IPFRioqsiPPwVgLKjIv3Rqrp9VM2zC,2.092573,2.570989,3.924938,0,2591700,24.497461,Interactive,1,1.75
418200,ZuJxayBRDbGft+XMd24ZsvOXGweNiHlOm/IPFRioqsiPPwVgLKjIv3Rqrp9VM2zC,1.891691,2.5813080000000004,4.57978,0,2591700,24.497461,Interactive,1,1.75
418500,ZuJxayBRDbGft+XMd24ZsvOXGweNiHlOm/IPFRioqsiPPwVgLKjIv3Rqrp9VM2zC,1.992949,2.565397,4.007373,0,2591700,24.497461,Interactive,1,1.75
418800,ZuJxayBRDbGft+XMd24ZsvOXGweNiHlOm/IPFRioqsiPPwVgLKjIv3Rqrp9VM2zC,1.972829,3.422521,10.82408,0,2591700,24.497461,Interactive,1,1.75
419100,ZuJxayBRDbGft+XMd24ZsvOXGweNiHlOm/IPFRioqsiPPwVgLKjIv3Rqrp9VM2zC,2.050532,2.830746,5.291628,0,2591700,24.497461,Interactive,1,1.75
419400,ZuJxayBRDbGft+XMd24ZsvOXGweNiHlOm/IPFRioqsiPPwVgLKjIv3Rqrp9VM2zC,1.868259,2.695653,5.146308,0,2591700,24.497461,Interactive,1,1.75
419700,ZuJxayBRDbGft+XMd24ZsvOXGweNiHlOm/IPFRioqsiPPwVgLKjIv3Rqrp9VM2zC,1.914597,3.4598230000000005,11.059861,0,2591700,24.497461,Interactive,1,1.75
420000,ZuJxayBRDbGft+XMd24ZsvOXGweNiHlOm/IPFRioqsiPPwVgLKjIv3Rqrp9VM2zC,1.836193,2.8850740000000004,5.97198,0,2591700,24.497461,Interactive,1,1.75
420300,ZuJxayBRDbGft+XMd24ZsvOXGweNiHlOm/IPFRioqsiPPwVgLKjIv3Rqrp9VM2zC,1.866147,2.638474,3.824609,0,2591700,24.497461,Interactive,1,1.75
420600,ZuJxayBRDbGft+XMd24ZsvOXGweNiHlOm/IPFRioqsiPPwVgLKjIv3Rqrp9VM2zC,1.886401,2.654042,3.724762,0,2591700,24.497461,Interactive,1,1.75
420900,ZuJxayBRDbGft+XMd24ZsvOXGweNiHlOm/IPFRioqsiPPwVgLKjIv3Rqrp9VM2zC,1.923804,8.768834,46.505941,0,2591700,24.497461,Interactive,1,1.75
421200,ZuJxayBRDbGft+XMd24ZsvOXGweNiHlOm/IPFRioqsiPPwVgLKjIv3Rqrp9VM2zC,1.873247,2.539774,3.712864,0,2591700,24.497461,Interactive,1,1.75
421500,ZuJxayBRDbGft+XMd24ZsvOXGweNiHlOm/IPFRioqsiPPwVgLKjIv3Rqrp9VM2zC,2.027006,3.996,10.628228,0,2591700,24.497461,Interactive,1,1.75
421800,ZuJxayBRDbGft+XMd24ZsvOXGweNiHlOm/IPFRioqsiPPwVgLKjIv3Rqrp9VM2zC,1.708754,2.649351,4.010595,0,2591700,24.497461,Interactive,1,1.75
422100,ZuJxayBRDbGft+XMd24ZsvOXGweNiHlOm/IPFRioqsiPPwVgLKjIv3Rqrp9VM2zC,1.849985,2.521672,3.958737,0,2591700,24.497461,Interactive,1,1.75
422400,ZuJxayBRDbGft+XMd24ZsvOXGweNiHlOm/IPFRioqsiPPwVgLKjIv3Rqrp9VM2zC,1.7859060000000002,3.3409379999999995,9.235335,0,2591700,24.497461,Interactive,1,1.75
422700,ZuJxayBRDbGft+XMd24ZsvOXGweNiHlOm/IPFRioqsiPPwVgLKjIv3Rqrp9VM2zC,1.958218,5.361463,30.472495,0,2591700,24.497461,Interactive,1,1.75
423000,ZuJxayBRDbGft+XMd24ZsvOXGweNiHlOm/IPFRioqsiPPwVgLKjIv3Rqrp9VM2zC,1.859049,2.406057,3.476671,0,2591700,24.497461,Interactive,1,1.75
423300,ZuJxayBRDbGft+XMd24ZsvOXGweNiHlOm/IPFRioqsiPPwVgLKjIv3Rqrp9VM2zC,1.621922,2.42908,3.537842,0,2591700,24.497461,Interactive,1,1.75
423600,ZuJxayBRDbGft+XMd24ZsvOXGweNiHlOm/IPFRioqsiPPwVgLKjIv3Rqrp9VM2zC,1.537373,2.604058,3.812695,0,2591700,24.497461,Interactive,1,1.75
423900,ZuJxayBRDbGft+XMd24ZsvOXGweNiHlOm/IPFRioqsiPPwVgLKjIv3Rqrp9VM2zC,1.80228,2.480529,3.529487,0,2591700,24.497461,Interactive,1,1.75
424200,ZuJxayBRDbGft+XMd24ZsvOXGweNiHlOm/IPFRioqsiPPwVgLKjIv3Rqrp9VM2zC,1.067009,3.044285,8.843628,0,2591700,24.497461,Interactive,1,1.75
424500,ZuJxayBRDbGft+XMd24ZsvOXGweNiHlOm/IPFRioqsiPPwVgLKjIv3Rqrp9VM2zC,1.913601,2.72529,3.913741,0,2591700,24.497461,Interactive,1,1.75
424800,ZuJxayBRDbGft+XMd24ZsvOXGweNiHlOm/IPFRioqsiPPwVgLKjIv3Rqrp9VM2zC,1.430902,2.435234,3.4582580000000003,0,2591700,24.497461,Interactive,1,1.75
425100,ZuJxayBRDbGft+XMd24ZsvOXGweNiHlOm/IPFRioqsiPPwVgLKjIv3Rqrp9VM2zC,1.812241,3.23206,7.42024,0,2591700,24.497461,Interactive,1,1.75
425400,ZuJxayBRDbGft+XMd24ZsvOXGweNiHlOm/IPFRioqsiPPwVgLKjIv3Rqrp9VM2zC,1.7823950000000002,2.650669,3.752263,0,2591700,24.497461,Interactive,1,1.75
425700,ZuJxayBRDbGft+XMd24ZsvOXGweNiHlOm/IPFRioqsiPPwVgLKjIv3Rqrp9VM2zC,1.820123,2.371909,3.507451,0,2591700,24.497461,Interactive,1,1.75
426000,ZuJxayBRDbGft+XMd24ZsvOXGweNiHlOm/IPFRioqsiPPwVgLKjIv3Rqrp9VM2zC,1.804895,12.636727,98.905174,0,2591700,24.497461,Interactive,1,1.75
426300,ZuJxayBRDbGft+XMd24ZsvOXGweNiHlOm/IPFRioqsiPPwVgLKjIv3Rqrp9VM2zC,1.317983,2.373092,3.329492,0,2591700,24.497461,Interactive,1,1.75
426600,ZuJxayBRDbGft+XMd24ZsvOXGweNiHlOm/IPFRioqsiPPwVgLKjIv3Rqrp9VM2zC,1.841195,2.59986,3.965082,0,2591700,24.497461,Interactive,1,1.75
426900,ZuJxayBRDbGft+XMd24ZsvOXGweNiHlOm/IPFRioqsiPPwVgLKjIv3Rqrp9VM2zC,1.810399,8.106636,36.495327,0,2591700,24.497461,Interactive,1,1.75
427200,ZuJxayBRDbGft+XMd24ZsvOXGweNiHlOm/IPFRioqsiPPwVgLKjIv3Rqrp9VM2zC,1.876704,2.80572,4.371638,0,2591700,24.497461,Interactive,1,1.75
427500,ZuJxayBRDbGft+XMd24ZsvOXGweNiHlOm/IPFRioqsiPPwVgLKjIv3Rqrp9VM2zC,1.524002,6.249961,25.103805,0,2591700,24.497461,Interactive,1,1.75
427800,ZuJxayBRDbGft+XMd24ZsvOXGweNiHlOm/IPFRioqsiPPwVgLKjIv3Rqrp9VM2zC,3.971332,3.971332,3.971332,0,2591700,24.497461,Interactive,1,1.75
428100,ZuJxayBRDbGft+XMd24ZsvOXGweNiHlOm/IPFRioqsiPPwVgLKjIv3Rqrp9VM2zC,69.125849,85.912785,98.896276,0,2591700,24.497461,Interactive,1,1.75
428400,ZuJxayBRDbGft+XMd24ZsvOXGweNiHlOm/IPFRioqsiPPwVgLKjIv3Rqrp9VM2zC,77.916839,92.14318,99.44639,0,2591700,24.497461,Interactive,1,1.75
428700,ZuJxayBRDbGft+XMd24ZsvOXGweNiHlOm/IPFRioqsiPPwVgLKjIv3Rqrp9VM2zC,82.812793,93.104827,98.285772,0,2591700,24.497461,Interactive,1,1.75
429000,ZuJxayBRDbGft+XMd24ZsvOXGweNiHlOm/IPFRioqsiPPwVgLKjIv3Rqrp9VM2zC,55.22729399999999,91.672494,99.074827,0,2591700,24.497461,Interactive,1,1.75
429300,ZuJxayBRDbGft+XMd24ZsvOXGweNiHlOm/IPFRioqsiPPwVgLKjIv3Rqrp9VM2zC,98.609189,99.086087,99.40048,0,2591700,24.497461,Interactive,1,1.75
429600,ZuJxayBRDbGft+XMd24ZsvOXGweNiHlOm/IPFRioqsiPPwVgLKjIv3Rqrp9VM2zC,91.016927,97.176525,99.200284,0,2591700,24.497461,Interactive,1,1.75
429900,ZuJxayBRDbGft+XMd24ZsvOXGweNiHlOm/IPFRioqsiPPwVgLKjIv3Rqrp9VM2zC,6.9543740000000005,48.28324,96.806575,0,2591700,24.497461,Interactive,1,1.75
430200,ZuJxayBRDbGft+XMd24ZsvOXGweNiHlOm/IPFRioqsiPPwVgLKjIv3Rqrp9VM2zC,1.979593,5.271580999999999,11.963254,0,2591700,24.497461,Interactive,1,1.75
430500,ZuJxayBRDbGft+XMd24ZsvOXGweNiHlOm/IPFRioqsiPPwVgLKjIv3Rqrp9VM2zC,1.7619220000000002,2.821326,5.052978,0,2591700,24.497461,Interactive,1,1.75
430800,ZuJxayBRDbGft+XMd24ZsvOXGweNiHlOm/IPFRioqsiPPwVgLKjIv3Rqrp9VM2zC,1.884042,21.662254,83.76440799999999,0,2591700,24.497461,Interactive,1,1.75
431100,ZuJxayBRDbGft+XMd24ZsvOXGweNiHlOm/IPFRioqsiPPwVgLKjIv3Rqrp9VM2zC,2.06286,31.002197,89.250232,0,2591700,24.497461,Interactive,1,1.75
431400,ZuJxayBRDbGft+XMd24ZsvOXGweNiHlOm/IPFRioqsiPPwVgLKjIv3Rqrp9VM2zC,1.815906,2.737131,3.530629,0,2591700,24.497461,Interactive,1,1.75
431700,ZuJxayBRDbGft+XMd24ZsvOXGweNiHlOm/IPFRioqsiPPwVgLKjIv3Rqrp9VM2zC,1.5963200000000002,2.484911,3.5973870000000003,0,2591700,24.497461,Interactive,1,1.75
432000,ZuJxayBRDbGft+XMd24ZsvOXGweNiHlOm/IPFRioqsiPPwVgLKjIv3Rqrp9VM2zC,1.706545,3.211664,11.217698,0,2591700,24.497461,Interactive,1,1.75
432300,ZuJxayBRDbGft+XMd24ZsvOXGweNiHlOm/IPFRioqsiPPwVgLKjIv3Rqrp9VM2zC,1.996353,2.670492,3.602685,0,2591700,24.497461,Interactive,1,1.75
432600,ZuJxayBRDbGft+XMd24ZsvOXGweNiHlOm/IPFRioqsiPPwVgLKjIv3Rqrp9VM2zC,1.798849,2.522539,3.354312,0,2591700,24.497461,Interactive,1,1.75
432900,ZuJxayBRDbGft+XMd24ZsvOXGweNiHlOm/IPFRioqsiPPwVgLKjIv3Rqrp9VM2zC,1.595294,3.121562,11.022448,0,2591700,24.497461,Interactive,1,1.75
433200,ZuJxayBRDbGft+XMd24ZsvOXGweNiHlOm/IPFRioqsiPPwVgLKjIv3Rqrp9VM2zC,1.763037,2.456669,3.160701,0,2591700,24.497461,Interactive,1,1.75
433500,ZuJxayBRDbGft+XMd24ZsvOXGweNiHlOm/IPFRioqsiPPwVgLKjIv3Rqrp9VM2zC,1.90862,2.7502150000000003,3.884824,0,2591700,24.497461,Interactive,1,1.75
433800,ZuJxayBRDbGft+XMd24ZsvOXGweNiHlOm/IPFRioqsiPPwVgLKjIv3Rqrp9VM2zC,1.925152,3.3405730000000005,11.832458,0,2591700,24.497461,Interactive,1,1.75
434100,ZuJxayBRDbGft+XMd24ZsvOXGweNiHlOm/IPFRioqsiPPwVgLKjIv3Rqrp9VM2zC,1.582625,2.461571,3.3262660000000004,0,2591700,24.497461,Interactive,1,1.75
434400,ZuJxayBRDbGft+XMd24ZsvOXGweNiHlOm/IPFRioqsiPPwVgLKjIv3Rqrp9VM2zC,1.625923,2.407425,3.31029,0,2591700,24.497461,Interactive,1,1.75
434700,ZuJxayBRDbGft+XMd24ZsvOXGweNiHlOm/IPFRioqsiPPwVgLKjIv3Rqrp9VM2zC,1.874969,3.291925,11.508694,0,2591700,24.497461,Interactive,1,1.75
435000,ZuJxayBRDbGft+XMd24ZsvOXGweNiHlOm/IPFRioqsiPPwVgLKjIv3Rqrp9VM2zC,1.942371,2.6129990000000003,3.633188,0,2591700,24.497461,Interactive,1,1.75
435300,ZuJxayBRDbGft+XMd24ZsvOXGweNiHlOm/IPFRioqsiPPwVgLKjIv3Rqrp9VM2zC,1.7833599999999998,2.71036,3.727286,0,2591700,24.497461,Interactive,1,1.75
435600,ZuJxayBRDbGft+XMd24ZsvOXGweNiHlOm/IPFRioqsiPPwVgLKjIv3Rqrp9VM2zC,1.912182,3.4507830000000004,12.117666,0,2591700,24.497461,Interactive,1,1.75
435900,ZuJxayBRDbGft+XMd24ZsvOXGweNiHlOm/IPFRioqsiPPwVgLKjIv3Rqrp9VM2zC,1.884428,2.555768,3.355815,0,2591700,24.497461,Interactive,1,1.75
436200,ZuJxayBRDbGft+XMd24ZsvOXGweNiHlOm/IPFRioqsiPPwVgLKjIv3Rqrp9VM2zC,1.690718,2.466749,3.116753,0,2591700,24.497461,Interactive,1,1.75
436500,ZuJxayBRDbGft+XMd24ZsvOXGweNiHlOm/IPFRioqsiPPwVgLKjIv3Rqrp9VM2zC,2.009463,3.395108,11.33861,0,2591700,24.497461,Interactive,1,1.75
436800,ZuJxayBRDbGft+XMd24ZsvOXGweNiHlOm/IPFRioqsiPPwVgLKjIv3Rqrp9VM2zC,1.930798,2.678233,3.608689,0,2591700,24.497461,Interactive,1,1.75
437100,ZuJxayBRDbGft+XMd24ZsvOXGweNiHlOm/IPFRioqsiPPwVgLKjIv3Rqrp9VM2zC,1.855682,2.749209,3.995682,0,2591700,24.497461,Interactive,1,1.75
437400,ZuJxayBRDbGft+XMd24ZsvOXGweNiHlOm/IPFRioqsiPPwVgLKjIv3Rqrp9VM2zC,1.663678,3.208285,11.24352,0,2591700,24.497461,Interactive,1,1.75
437700,ZuJxayBRDbGft+XMd24ZsvOXGweNiHlOm/IPFRioqsiPPwVgLKjIv3Rqrp9VM2zC,1.967859,2.503241,3.27453,0,2591700,24.497461,Interactive,1,1.75
438000,ZuJxayBRDbGft+XMd24ZsvOXGweNiHlOm/IPFRioqsiPPwVgLKjIv3Rqrp9VM2zC,1.577711,2.3796470000000003,3.150215,0,2591700,24.497461,Interactive,1,1.75
438300,ZuJxayBRDbGft+XMd24ZsvOXGweNiHlOm/IPFRioqsiPPwVgLKjIv3Rqrp9VM2zC,1.624165,3.349354,11.688689,0,2591700,24.497461,Interactive,1,1.75
438600,ZuJxayBRDbGft+XMd24ZsvOXGweNiHlOm/IPFRioqsiPPwVgLKjIv3Rqrp9VM2zC,1.793248,2.704702,3.5180050000000005,0,2591700,24.497461,Interactive,1,1.75
438900,ZuJxayBRDbGft+XMd24ZsvOXGweNiHlOm/IPFRioqsiPPwVgLKjIv3Rqrp9VM2zC,1.442803,2.5792770000000003,5.160686,0,2591700,24.497461,Interactive,1,1.75
439200,ZuJxayBRDbGft+XMd24ZsvOXGweNiHlOm/IPFRioqsiPPwVgLKjIv3Rqrp9VM2zC,1.6639119999999998,3.2107900000000003,10.137161,0,2591700,24.497461,Interactive,1,1.75
439500,ZuJxayBRDbGft+XMd24ZsvOXGweNiHlOm/IPFRioqsiPPwVgLKjIv3Rqrp9VM2zC,1.7435900000000002,2.511658,3.277271,0,2591700,24.497461,Interactive,1,1.75
439800,ZuJxayBRDbGft+XMd24ZsvOXGweNiHlOm/IPFRioqsiPPwVgLKjIv3Rqrp9VM2zC,1.664764,2.372619,4.373913,0,2591700,24.497461,Interactive,1,1.75
440100,ZuJxayBRDbGft+XMd24ZsvOXGweNiHlOm/IPFRioqsiPPwVgLKjIv3Rqrp9VM2zC,1.752348,3.344733,10.364768,0,2591700,24.497461,Interactive,1,1.75
440400,ZuJxayBRDbGft+XMd24ZsvOXGweNiHlOm/IPFRioqsiPPwVgLKjIv3Rqrp9VM2zC,1.767,2.539625,3.5802120000000004,0,2591700,24.497461,Interactive,1,1.75
440700,ZuJxayBRDbGft+XMd24ZsvOXGweNiHlOm/IPFRioqsiPPwVgLKjIv3Rqrp9VM2zC,1.901138,2.73712,5.0866370000000005,0,2591700,24.497461,Interactive,1,1.75
441000,ZuJxayBRDbGft+XMd24ZsvOXGweNiHlOm/IPFRioqsiPPwVgLKjIv3Rqrp9VM2zC,1.668552,3.316266,10.329064,0,2591700,24.497461,Interactive,1,1.75
441300,ZuJxayBRDbGft+XMd24ZsvOXGweNiHlOm/IPFRioqsiPPwVgLKjIv3Rqrp9VM2zC,2.0537,2.752202,3.485002,0,2591700,24.497461,Interactive,1,1.75
441600,ZuJxayBRDbGft+XMd24ZsvOXGweNiHlOm/IPFRioqsiPPwVgLKjIv3Rqrp9VM2zC,1.940561,2.6308860000000003,4.593871,0,2591700,24.497461,Interactive,1,1.75
441900,ZuJxayBRDbGft+XMd24ZsvOXGweNiHlOm/IPFRioqsiPPwVgLKjIv3Rqrp9VM2zC,1.90775,3.473145,8.551585000000001,0,2591700,24.497461,Interactive,1,1.75
442200,ZuJxayBRDbGft+XMd24ZsvOXGweNiHlOm/IPFRioqsiPPwVgLKjIv3Rqrp9VM2zC,1.496365,2.626301,3.627351,0,2591700,24.497461,Interactive,1,1.75
442500,ZuJxayBRDbGft+XMd24ZsvOXGweNiHlOm/IPFRioqsiPPwVgLKjIv3Rqrp9VM2zC,1.367674,2.671589,5.272426,0,2591700,24.497461,Interactive,1,1.75
442800,ZuJxayBRDbGft+XMd24ZsvOXGweNiHlOm/IPFRioqsiPPwVgLKjIv3Rqrp9VM2zC,1.938251,3.515744,10.811954,0,2591700,24.497461,Interactive,1,1.75
443100,ZuJxayBRDbGft+XMd24ZsvOXGweNiHlOm/IPFRioqsiPPwVgLKjIv3Rqrp9VM2zC,2.022786,2.728645,3.58207,0,2591700,24.497461,Interactive,1,1.75
443400,ZuJxayBRDbGft+XMd24ZsvOXGweNiHlOm/IPFRioqsiPPwVgLKjIv3Rqrp9VM2zC,1.91651,2.648116,4.533684,0,2591700,24.497461,Interactive,1,1.75
443700,ZuJxayBRDbGft+XMd24ZsvOXGweNiHlOm/IPFRioqsiPPwVgLKjIv3Rqrp9VM2zC,1.981657,3.454999,10.553174,0,2591700,24.497461,Interactive,1,1.75
444000,ZuJxayBRDbGft+XMd24ZsvOXGweNiHlOm/IPFRioqsiPPwVgLKjIv3Rqrp9VM2zC,1.995826,2.729351,3.471845,0,2591700,24.497461,Interactive,1,1.75
444300,ZuJxayBRDbGft+XMd24ZsvOXGweNiHlOm/IPFRioqsiPPwVgLKjIv3Rqrp9VM2zC,1.539032,2.6842080000000004,5.388946,0,2591700,24.497461,Interactive,1,1.75
444600,ZuJxayBRDbGft+XMd24ZsvOXGweNiHlOm/IPFRioqsiPPwVgLKjIv3Rqrp9VM2zC,1.925319,3.390799,10.599329,0,2591700,24.497461,Interactive,1,1.75
444900,ZuJxayBRDbGft+XMd24ZsvOXGweNiHlOm/IPFRioqsiPPwVgLKjIv3Rqrp9VM2zC,2.021277,2.786859,3.60371,0,2591700,24.497461,Interactive,1,1.75
445200,ZuJxayBRDbGft+XMd24ZsvOXGweNiHlOm/IPFRioqsiPPwVgLKjIv3Rqrp9VM2zC,1.655816,2.637478,4.6105480000000005,0,2591700,24.497461,Interactive,1,1.75
445500,ZuJxayBRDbGft+XMd24ZsvOXGweNiHlOm/IPFRioqsiPPwVgLKjIv3Rqrp9VM2zC,1.843781,3.4482699999999995,11.029584,0,2591700,24.497461,Interactive,1,1.75
445800,ZuJxayBRDbGft+XMd24ZsvOXGweNiHlOm/IPFRioqsiPPwVgLKjIv3Rqrp9VM2zC,1.957738,2.694188,3.635228,0,2591700,24.497461,Interactive,1,1.75
446100,ZuJxayBRDbGft+XMd24ZsvOXGweNiHlOm/IPFRioqsiPPwVgLKjIv3Rqrp9VM2zC,1.905458,2.724127,4.9969980000000005,0,2591700,24.497461,Interactive,1,1.75
446400,ZuJxayBRDbGft+XMd24ZsvOXGweNiHlOm/IPFRioqsiPPwVgLKjIv3Rqrp9VM2zC,1.562343,3.390742,10.699186,0,2591700,24.497461,Interactive,1,1.75
446700,ZuJxayBRDbGft+XMd24ZsvOXGweNiHlOm/IPFRioqsiPPwVgLKjIv3Rqrp9VM2zC,2.059614,2.783577,3.533447,0,2591700,24.497461,Interactive,1,1.75
447000,ZuJxayBRDbGft+XMd24ZsvOXGweNiHlOm/IPFRioqsiPPwVgLKjIv3Rqrp9VM2zC,1.3834229999999998,2.536643,4.514789,0,2591700,24.497461,Interactive,1,1.75
447300,ZuJxayBRDbGft+XMd24ZsvOXGweNiHlOm/IPFRioqsiPPwVgLKjIv3Rqrp9VM2zC,1.922952,3.371685,10.292847,0,2591700,24.497461,Interactive,1,1.75
447600,ZuJxayBRDbGft+XMd24ZsvOXGweNiHlOm/IPFRioqsiPPwVgLKjIv3Rqrp9VM2zC,2.0104740000000003,2.663773,3.5020910000000005,0,2591700,24.497461,Interactive,1,1.75
447900,ZuJxayBRDbGft+XMd24ZsvOXGweNiHlOm/IPFRioqsiPPwVgLKjIv3Rqrp9VM2zC,1.85634,2.716386,5.150949,0,2591700,24.497461,Interactive,1,1.75
448200,ZuJxayBRDbGft+XMd24ZsvOXGweNiHlOm/IPFRioqsiPPwVgLKjIv3Rqrp9VM2zC,1.890102,3.422938,10.850053,0,2591700,24.497461,Interactive,1,1.75
448500,ZuJxayBRDbGft+XMd24ZsvOXGweNiHlOm/IPFRioqsiPPwVgLKjIv3Rqrp9VM2zC,1.888802,2.997081,6.001930000000001,0,2591700,24.497461,Interactive,1,1.75
448800,ZuJxayBRDbGft+XMd24ZsvOXGweNiHlOm/IPFRioqsiPPwVgLKjIv3Rqrp9VM2zC,2.06386,2.688967,4.508521,0,2591700,24.497461,Interactive,1,1.75
449100,ZuJxayBRDbGft+XMd24ZsvOXGweNiHlOm/IPFRioqsiPPwVgLKjIv3Rqrp9VM2zC,1.920115,3.4056010000000003,10.631249,0,2591700,24.497461,Interactive,1,1.75
449400,ZuJxayBRDbGft+XMd24ZsvOXGweNiHlOm/IPFRioqsiPPwVgLKjIv3Rqrp9VM2zC,1.860545,2.638874,3.383426,0,2591700,24.497461,Interactive,1,1.75
449700,ZuJxayBRDbGft+XMd24ZsvOXGweNiHlOm/IPFRioqsiPPwVgLKjIv3Rqrp9VM2zC,1.403449,2.6587970000000003,5.026021,0,2591700,24.497461,Interactive,1,1.75
450000,ZuJxayBRDbGft+XMd24ZsvOXGweNiHlOm/IPFRioqsiPPwVgLKjIv3Rqrp9VM2zC,1.984819,3.645908,10.756638,0,2591700,24.497461,Interactive,1,1.75
450300,ZuJxayBRDbGft+XMd24ZsvOXGweNiHlOm/IPFRioqsiPPwVgLKjIv3Rqrp9VM2zC,1.561896,2.7969630000000003,3.796255,0,2591700,24.497461,Interactive,1,1.75
450600,ZuJxayBRDbGft+XMd24ZsvOXGweNiHlOm/IPFRioqsiPPwVgLKjIv3Rqrp9VM2zC,1.313809,2.666646,4.665003,0,2591700,24.497461,Interactive,1,1.75
450900,ZuJxayBRDbGft+XMd24ZsvOXGweNiHlOm/IPFRioqsiPPwVgLKjIv3Rqrp9VM2zC,1.856702,3.502737,9.422723,0,2591700,24.497461,Interactive,1,1.75
451200,ZuJxayBRDbGft+XMd24ZsvOXGweNiHlOm/IPFRioqsiPPwVgLKjIv3Rqrp9VM2zC,1.982172,2.575145,3.531668,0,2591700,24.497461,Interactive,1,1.75
451500,ZuJxayBRDbGft+XMd24ZsvOXGweNiHlOm/IPFRioqsiPPwVgLKjIv3Rqrp9VM2zC,1.992945,2.925901,4.393101000000001,0,2591700,24.497461,Interactive,1,1.75
451800,ZuJxayBRDbGft+XMd24ZsvOXGweNiHlOm/IPFRioqsiPPwVgLKjIv3Rqrp9VM2zC,2.105881,3.513689,9.544652,0,2591700,24.497461,Interactive,1,1.75
452100,ZuJxayBRDbGft+XMd24ZsvOXGweNiHlOm/IPFRioqsiPPwVgLKjIv3Rqrp9VM2zC,1.871334,2.618719,3.742571,0,2591700,24.497461,Interactive,1,1.75
452400,ZuJxayBRDbGft+XMd24ZsvOXGweNiHlOm/IPFRioqsiPPwVgLKjIv3Rqrp9VM2zC,1.4373049999999998,2.753015,4.206758,0,2591700,24.497461,Interactive,1,1.75
452700,ZuJxayBRDbGft+XMd24ZsvOXGweNiHlOm/IPFRioqsiPPwVgLKjIv3Rqrp9VM2zC,2.049619,3.488864,9.266165,0,2591700,24.497461,Interactive,1,1.75
453000,ZuJxayBRDbGft+XMd24ZsvOXGweNiHlOm/IPFRioqsiPPwVgLKjIv3Rqrp9VM2zC,1.417191,2.176869,3.1147,0,2591700,24.497461,Interactive,1,1.75
453300,ZuJxayBRDbGft+XMd24ZsvOXGweNiHlOm/IPFRioqsiPPwVgLKjIv3Rqrp9VM2zC,1.942482,2.89457,4.413055,0,2591700,24.497461,Interactive,1,1.75
453600,ZuJxayBRDbGft+XMd24ZsvOXGweNiHlOm/IPFRioqsiPPwVgLKjIv3Rqrp9VM2zC,2.126498,3.58066,8.978289,0,2591700,24.497461,Interactive,1,1.75
453900,ZuJxayBRDbGft+XMd24ZsvOXGweNiHlOm/IPFRioqsiPPwVgLKjIv3Rqrp9VM2zC,1.860432,2.658319,3.910783,0,2591700,24.497461,Interactive,1,1.75
454200,ZuJxayBRDbGft+XMd24ZsvOXGweNiHlOm/IPFRioqsiPPwVgLKjIv3Rqrp9VM2zC,2.031806,2.93607,4.449571,0,2591700,24.497461,Interactive,1,1.75
454500,ZuJxayBRDbGft+XMd24ZsvOXGweNiHlOm/IPFRioqsiPPwVgLKjIv3Rqrp9VM2zC,1.977485,3.278169,9.356733,0,2591700,24.497461,Interactive,1,1.75
454800,ZuJxayBRDbGft+XMd24ZsvOXGweNiHlOm/IPFRioqsiPPwVgLKjIv3Rqrp9VM2zC,1.7010439999999998,2.323025,3.241151,0,2591700,24.497461,Interactive,1,1.75
455100,ZuJxayBRDbGft+XMd24ZsvOXGweNiHlOm/IPFRioqsiPPwVgLKjIv3Rqrp9VM2zC,2.105894,2.834621,3.83564,0,2591700,24.497461,Interactive,1,1.75
455400,ZuJxayBRDbGft+XMd24ZsvOXGweNiHlOm/IPFRioqsiPPwVgLKjIv3Rqrp9VM2zC,2.035987,3.507495,10.911534,0,2591700,24.497461,Interactive,1,1.75
455700,ZuJxayBRDbGft+XMd24ZsvOXGweNiHlOm/IPFRioqsiPPwVgLKjIv3Rqrp9VM2zC,1.827889,2.591797,3.791089,0,2591700,24.497461,Interactive,1,1.75
456000,ZuJxayBRDbGft+XMd24ZsvOXGweNiHlOm/IPFRioqsiPPwVgLKjIv3Rqrp9VM2zC,2.0534790000000003,2.8087,4.516662,0,2591700,24.497461,Interactive,1,1.75
456300,ZuJxayBRDbGft+XMd24ZsvOXGweNiHlOm/IPFRioqsiPPwVgLKjIv3Rqrp9VM2zC,1.71175,3.234895,10.455054,0,2591700,24.497461,Interactive,1,1.75
456600,ZuJxayBRDbGft+XMd24ZsvOXGweNiHlOm/IPFRioqsiPPwVgLKjIv3Rqrp9VM2zC,1.633816,2.262049,3.3621260000000004,0,2591700,24.497461,Interactive,1,1.75
456900,ZuJxayBRDbGft+XMd24ZsvOXGweNiHlOm/IPFRioqsiPPwVgLKjIv3Rqrp9VM2zC,1.936783,2.840827,4.617358,0,2591700,24.497461,Interactive,1,1.75
457200,ZuJxayBRDbGft+XMd24ZsvOXGweNiHlOm/IPFRioqsiPPwVgLKjIv3Rqrp9VM2zC,1.863065,3.402984,10.472469,0,2591700,24.497461,Interactive,1,1.75
457500,ZuJxayBRDbGft+XMd24ZsvOXGweNiHlOm/IPFRioqsiPPwVgLKjIv3Rqrp9VM2zC,1.837308,2.584337,3.664117,0,2591700,24.497461,Interactive,1,1.75
457800,ZuJxayBRDbGft+XMd24ZsvOXGweNiHlOm/IPFRioqsiPPwVgLKjIv3Rqrp9VM2zC,2.046868,8.683626,46.241029,0,2591700,24.497461,Interactive,1,1.75
458100,ZuJxayBRDbGft+XMd24ZsvOXGweNiHlOm/IPFRioqsiPPwVgLKjIv3Rqrp9VM2zC,1.675733,3.384074,10.483824,0,2591700,24.497461,Interactive,1,1.75
458400,ZuJxayBRDbGft+XMd24ZsvOXGweNiHlOm/IPFRioqsiPPwVgLKjIv3Rqrp9VM2zC,1.302528,2.477319,3.711424,0,2591700,24.497461,Interactive,1,1.75
458700,ZuJxayBRDbGft+XMd24ZsvOXGweNiHlOm/IPFRioqsiPPwVgLKjIv3Rqrp9VM2zC,1.322187,2.587968,4.224756,0,2591700,24.497461,Interactive,1,1.75
459000,ZuJxayBRDbGft+XMd24ZsvOXGweNiHlOm/IPFRioqsiPPwVgLKjIv3Rqrp9VM2zC,1.908574,3.194097,10.036501,0,2591700,24.497461,Interactive,1,1.75
459300,ZuJxayBRDbGft+XMd24ZsvOXGweNiHlOm/IPFRioqsiPPwVgLKjIv3Rqrp9VM2zC,1.656162,2.320577,3.568315,0,2591700,24.497461,Interactive,1,1.75
459600,ZuJxayBRDbGft+XMd24ZsvOXGweNiHlOm/IPFRioqsiPPwVgLKjIv3Rqrp9VM2zC,2.055602,2.757941,4.76415,0,2591700,24.497461,Interactive,1,1.75
459900,ZuJxayBRDbGft+XMd24ZsvOXGweNiHlOm/IPFRioqsiPPwVgLKjIv3Rqrp9VM2zC,1.772266,3.046455,9.892824,0,2591700,24.497461,Interactive,1,1.75
460200,ZuJxayBRDbGft+XMd24ZsvOXGweNiHlOm/IPFRioqsiPPwVgLKjIv3Rqrp9VM2zC,1.855736,5.874086,20.43583,0,2591700,24.497461,Interactive,1,1.75
460500,ZuJxayBRDbGft+XMd24ZsvOXGweNiHlOm/IPFRioqsiPPwVgLKjIv3Rqrp9VM2zC,3.835295,4.757054,6.352391000000001,0,2591700,24.497461,Interactive,1,1.75
460800,ZuJxayBRDbGft+XMd24ZsvOXGweNiHlOm/IPFRioqsiPPwVgLKjIv3Rqrp9VM2zC,3.708075,5.110691,11.807712,0,2591700,24.497461,Interactive,1,1.75
461100,ZuJxayBRDbGft+XMd24ZsvOXGweNiHlOm/IPFRioqsiPPwVgLKjIv3Rqrp9VM2zC,3.307812,4.064686,5.485224,0,2591700,24.497461,Interactive,1,1.75
461400,ZuJxayBRDbGft+XMd24ZsvOXGweNiHlOm/IPFRioqsiPPwVgLKjIv3Rqrp9VM2zC,3.682281,4.375623,5.942819999999999,0,2591700,24.497461,Interactive,1,1.75
461700,ZuJxayBRDbGft+XMd24ZsvOXGweNiHlOm/IPFRioqsiPPwVgLKjIv3Rqrp9VM2zC,3.402454,4.781564,11.47774,0,2591700,24.497461,Interactive,1,1.75
462000,ZuJxayBRDbGft+XMd24ZsvOXGweNiHlOm/IPFRioqsiPPwVgLKjIv3Rqrp9VM2zC,3.200548,4.100854,5.125654,0,2591700,24.497461,Interactive,1,1.75
462300,ZuJxayBRDbGft+XMd24ZsvOXGweNiHlOm/IPFRioqsiPPwVgLKjIv3Rqrp9VM2zC,3.723625,4.888139,6.085259,0,2591700,24.497461,Interactive,1,1.75
462600,ZuJxayBRDbGft+XMd24ZsvOXGweNiHlOm/IPFRioqsiPPwVgLKjIv3Rqrp9VM2zC,3.190817,3.890708,4.381631,0,2591700,24.497461,Interactive,1,1.75
462900,ZuJxayBRDbGft+XMd24ZsvOXGweNiHlOm/IPFRioqsiPPwVgLKjIv3Rqrp9VM2zC,38.401513,65.970124,93.150268,0,2591700,24.497461,Interactive,1,1.75
463200,ZuJxayBRDbGft+XMd24ZsvOXGweNiHlOm/IPFRioqsiPPwVgLKjIv3Rqrp9VM2zC,71.979957,92.100753,99.309824,0,2591700,24.497461,Interactive,1,1.75
463500,ZuJxayBRDbGft+XMd24ZsvOXGweNiHlOm/IPFRioqsiPPwVgLKjIv3Rqrp9VM2zC,66.862266,90.932986,98.765433,0,2591700,24.497461,Interactive,1,1.75
463800,ZuJxayBRDbGft+XMd24ZsvOXGweNiHlOm/IPFRioqsiPPwVgLKjIv3Rqrp9VM2zC,66.934556,90.244058,99.638768,0,2591700,24.497461,Interactive,1,1.75
464100,ZuJxayBRDbGft+XMd24ZsvOXGweNiHlOm/IPFRioqsiPPwVgLKjIv3Rqrp9VM2zC,98.158262,98.968598,99.342711,0,2591700,24.497461,Interactive,1,1.75
464400,ZuJxayBRDbGft+XMd24ZsvOXGweNiHlOm/IPFRioqsiPPwVgLKjIv3Rqrp9VM2zC,95.581026,98.460837,99.413099,0,2591700,24.497461,Interactive,1,1.75
464700,ZuJxayBRDbGft+XMd24ZsvOXGweNiHlOm/IPFRioqsiPPwVgLKjIv3Rqrp9VM2zC,20.807332,78.13318000000001,99.14788,0,2591700,24.497461,Interactive,1,1.75
465000,ZuJxayBRDbGft+XMd24ZsvOXGweNiHlOm/IPFRioqsiPPwVgLKjIv3Rqrp9VM2zC,2.803845,8.179395,19.137266,0,2591700,24.497461,Interactive,1,1.75
465300,ZuJxayBRDbGft+XMd24ZsvOXGweNiHlOm/IPFRioqsiPPwVgLKjIv3Rqrp9VM2zC,3.558274,4.644024,5.660482,0,2591700,24.497461,Interactive,1,1.75
465600,ZuJxayBRDbGft+XMd24ZsvOXGweNiHlOm/IPFRioqsiPPwVgLKjIv3Rqrp9VM2zC,3.417392,4.210435,5.420948,0,2591700,24.497461,Interactive,1,1.75
465900,ZuJxayBRDbGft+XMd24ZsvOXGweNiHlOm/IPFRioqsiPPwVgLKjIv3Rqrp9VM2zC,4.8221680000000005,52.74726999999999,96.193252,0,2591700,24.497461,Interactive,1,1.75
466200,ZuJxayBRDbGft+XMd24ZsvOXGweNiHlOm/IPFRioqsiPPwVgLKjIv3Rqrp9VM2zC,3.640842,4.418545,5.369192,0,2591700,24.497461,Interactive,1,1.75
466500,ZuJxayBRDbGft+XMd24ZsvOXGweNiHlOm/IPFRioqsiPPwVgLKjIv3Rqrp9VM2zC,3.3025839999999995,4.032287,5.071108000000001,0,2591700,24.497461,Interactive,1,1.75
466800,ZuJxayBRDbGft+XMd24ZsvOXGweNiHlOm/IPFRioqsiPPwVgLKjIv3Rqrp9VM2zC,3.314467,4.875141,12.43347,0,2591700,24.497461,Interactive,1,1.75
467100,ZuJxayBRDbGft+XMd24ZsvOXGweNiHlOm/IPFRioqsiPPwVgLKjIv3Rqrp9VM2zC,3.770612,4.419052,5.548524,0,2591700,24.497461,Interactive,1,1.75
467400,ZuJxayBRDbGft+XMd24ZsvOXGweNiHlOm/IPFRioqsiPPwVgLKjIv3Rqrp9VM2zC,3.045096,3.943158,5.4837,0,2591700,24.497461,Interactive,1,1.75
467700,ZuJxayBRDbGft+XMd24ZsvOXGweNiHlOm/IPFRioqsiPPwVgLKjIv3Rqrp9VM2zC,3.5340519999999995,5.055446,12.306856,0,2591700,24.497461,Interactive,1,1.75
468000,ZuJxayBRDbGft+XMd24ZsvOXGweNiHlOm/IPFRioqsiPPwVgLKjIv3Rqrp9VM2zC,3.539764,4.168971,5.02142,0,2591700,24.497461,Interactive,1,1.75
468300,ZuJxayBRDbGft+XMd24ZsvOXGweNiHlOm/IPFRioqsiPPwVgLKjIv3Rqrp9VM2zC,3.630321,4.503086,5.369814,0,2591700,24.497461,Interactive,1,1.75
468600,ZuJxayBRDbGft+XMd24ZsvOXGweNiHlOm/IPFRioqsiPPwVgLKjIv3Rqrp9VM2zC,2.716609,4.956671,10.34732,0,2591700,24.497461,Interactive,1,1.75
468900,ZuJxayBRDbGft+XMd24ZsvOXGweNiHlOm/IPFRioqsiPPwVgLKjIv3Rqrp9VM2zC,3.307232,4.025929,4.913848000000001,0,2591700,24.497461,Interactive,1,1.75
469200,ZuJxayBRDbGft+XMd24ZsvOXGweNiHlOm/IPFRioqsiPPwVgLKjIv3Rqrp9VM2zC,2.9633700000000003,3.855241,4.993607,0,2591700,24.497461,Interactive,1,1.75
469500,ZuJxayBRDbGft+XMd24ZsvOXGweNiHlOm/IPFRioqsiPPwVgLKjIv3Rqrp9VM2zC,3.67244,4.377466,5.744592,0,2591700,24.497461,Interactive,1,1.75
469800,ZuJxayBRDbGft+XMd24ZsvOXGweNiHlOm/IPFRioqsiPPwVgLKjIv3Rqrp9VM2zC,3.3022440000000004,4.063629,4.924039,0,2591700,24.497461,Interactive,1,1.75
470100,ZuJxayBRDbGft+XMd24ZsvOXGweNiHlOm/IPFRioqsiPPwVgLKjIv3Rqrp9VM2zC,3.2357240000000003,4.018728,5.012304,0,2591700,24.497461,Interactive,1,1.75
470400,ZuJxayBRDbGft+XMd24ZsvOXGweNiHlOm/IPFRioqsiPPwVgLKjIv3Rqrp9VM2zC,3.616963,5.292846,13.535816,0,2591700,24.497461,Interactive,1,1.75
470700,ZuJxayBRDbGft+XMd24ZsvOXGweNiHlOm/IPFRioqsiPPwVgLKjIv3Rqrp9VM2zC,3.246471,4.308351,5.931724,0,2591700,24.497461,Interactive,1,1.75
471000,ZuJxayBRDbGft+XMd24ZsvOXGweNiHlOm/IPFRioqsiPPwVgLKjIv3Rqrp9VM2zC,3.373053,4.280378,5.488669,0,2591700,24.497461,Interactive,1,1.75
471300,ZuJxayBRDbGft+XMd24ZsvOXGweNiHlOm/IPFRioqsiPPwVgLKjIv3Rqrp9VM2zC,3.305701,5.047089,13.586979,0,2591700,24.497461,Interactive,1,1.75
471600,ZuJxayBRDbGft+XMd24ZsvOXGweNiHlOm/IPFRioqsiPPwVgLKjIv3Rqrp9VM2zC,3.3728,4.068506,4.865345,0,2591700,24.497461,Interactive,1,1.75
471900,ZuJxayBRDbGft+XMd24ZsvOXGweNiHlOm/IPFRioqsiPPwVgLKjIv3Rqrp9VM2zC,2.759451,4.039415,5.155194,0,2591700,24.497461,Interactive,1,1.75
472200,ZuJxayBRDbGft+XMd24ZsvOXGweNiHlOm/IPFRioqsiPPwVgLKjIv3Rqrp9VM2zC,3.378757,4.04475,5.301058,0,2591700,24.497461,Interactive,1,1.75
472500,ZuJxayBRDbGft+XMd24ZsvOXGweNiHlOm/IPFRioqsiPPwVgLKjIv3Rqrp9VM2zC,3.488071,4.206976999999999,5.544789,0,2591700,24.497461,Interactive,1,1.75
472800,ZuJxayBRDbGft+XMd24ZsvOXGweNiHlOm/IPFRioqsiPPwVgLKjIv3Rqrp9VM2zC,3.214217,4.010594,4.844938,0,2591700,24.497461,Interactive,1,1.75
473100,ZuJxayBRDbGft+XMd24ZsvOXGweNiHlOm/IPFRioqsiPPwVgLKjIv3Rqrp9VM2zC,3.5510050000000004,5.008325,12.704618,0,2591700,24.497461,Interactive,1,1.75
473400,ZuJxayBRDbGft+XMd24ZsvOXGweNiHlOm/IPFRioqsiPPwVgLKjIv3Rqrp9VM2zC,3.501421,4.052297,4.663589,0,2591700,24.497461,Interactive,1,1.75
473700,ZuJxayBRDbGft+XMd24ZsvOXGweNiHlOm/IPFRioqsiPPwVgLKjIv3Rqrp9VM2zC,3.302826,4.068688,5.037863,0,2591700,24.497461,Interactive,1,1.75
474000,ZuJxayBRDbGft+XMd24ZsvOXGweNiHlOm/IPFRioqsiPPwVgLKjIv3Rqrp9VM2zC,3.123103,5.095715,13.500489000000002,0,2591700,24.497461,Interactive,1,1.75
474300,ZuJxayBRDbGft+XMd24ZsvOXGweNiHlOm/IPFRioqsiPPwVgLKjIv3Rqrp9VM2zC,3.667489,4.290863,5.037388,0,2591700,24.497461,Interactive,1,1.75
474600,ZuJxayBRDbGft+XMd24ZsvOXGweNiHlOm/IPFRioqsiPPwVgLKjIv3Rqrp9VM2zC,3.172752,3.911941000000001,5.065424,0,2591700,24.497461,Interactive,1,1.75
474900,ZuJxayBRDbGft+XMd24ZsvOXGweNiHlOm/IPFRioqsiPPwVgLKjIv3Rqrp9VM2zC,2.539855,4.072108999999999,5.7525580000000005,0,2591700,24.497461,Interactive,1,1.75
475200,ZuJxayBRDbGft+XMd24ZsvOXGweNiHlOm/IPFRioqsiPPwVgLKjIv3Rqrp9VM2zC,3.816908,4.347462,5.127028,0,2591700,24.497461,Interactive,1,1.75
475500,ZuJxayBRDbGft+XMd24ZsvOXGweNiHlOm/IPFRioqsiPPwVgLKjIv3Rqrp9VM2zC,3.179726,3.962109,5.225495,0,2591700,24.497461,Interactive,1,1.75
475800,ZuJxayBRDbGft+XMd24ZsvOXGweNiHlOm/IPFRioqsiPPwVgLKjIv3Rqrp9VM2zC,3.697696,5.087704,13.036877,0,2591700,24.497461,Interactive,1,1.75
476100,ZuJxayBRDbGft+XMd24ZsvOXGweNiHlOm/IPFRioqsiPPwVgLKjIv3Rqrp9VM2zC,3.284757,3.887126,4.902231,0,2591700,24.497461,Interactive,1,1.75
476400,ZuJxayBRDbGft+XMd24ZsvOXGweNiHlOm/IPFRioqsiPPwVgLKjIv3Rqrp9VM2zC,3.627194,4.406806,5.378095,0,2591700,24.497461,Interactive,1,1.75
476700,ZuJxayBRDbGft+XMd24ZsvOXGweNiHlOm/IPFRioqsiPPwVgLKjIv3Rqrp9VM2zC,3.496277,5.110199,12.998429,0,2591700,24.497461,Interactive,1,1.75
477000,ZuJxayBRDbGft+XMd24ZsvOXGweNiHlOm/IPFRioqsiPPwVgLKjIv3Rqrp9VM2zC,3.311176,4.071087,5.21012,0,2591700,24.497461,Interactive,1,1.75
477300,ZuJxayBRDbGft+XMd24ZsvOXGweNiHlOm/IPFRioqsiPPwVgLKjIv3Rqrp9VM2zC,3.5896480000000004,4.250489,5.638331,0,2591700,24.497461,Interactive,1,1.75
477600,ZuJxayBRDbGft+XMd24ZsvOXGweNiHlOm/IPFRioqsiPPwVgLKjIv3Rqrp9VM2zC,3.345629,5.055138,13.25618,0,2591700,24.497461,Interactive,1,1.75
477900,ZuJxayBRDbGft+XMd24ZsvOXGweNiHlOm/IPFRioqsiPPwVgLKjIv3Rqrp9VM2zC,3.300842,4.002567,4.906153,0,2591700,24.497461,Interactive,1,1.75
478200,ZuJxayBRDbGft+XMd24ZsvOXGweNiHlOm/IPFRioqsiPPwVgLKjIv3Rqrp9VM2zC,3.1699080000000004,6.534136,29.634595,0,2591700,24.497461,Interactive,1,1.75
478500,ZuJxayBRDbGft+XMd24ZsvOXGweNiHlOm/IPFRioqsiPPwVgLKjIv3Rqrp9VM2zC,3.4515860000000003,4.826077,11.543519,0,2591700,24.497461,Interactive,1,1.75
478800,ZuJxayBRDbGft+XMd24ZsvOXGweNiHlOm/IPFRioqsiPPwVgLKjIv3Rqrp9VM2zC,3.261823,4.215607,5.253785,0,2591700,24.497461,Interactive,1,1.75
479100,ZuJxayBRDbGft+XMd24ZsvOXGweNiHlOm/IPFRioqsiPPwVgLKjIv3Rqrp9VM2zC,3.3108720000000003,4.125157,6.635642,0,2591700,24.497461,Interactive,1,1.75
479400,ZuJxayBRDbGft+XMd24ZsvOXGweNiHlOm/IPFRioqsiPPwVgLKjIv3Rqrp9VM2zC,3.02618,5.562033,18.230099,0,2591700,24.497461,Interactive,1,1.75
479700,ZuJxayBRDbGft+XMd24ZsvOXGweNiHlOm/IPFRioqsiPPwVgLKjIv3Rqrp9VM2zC,3.196816,4.309605,5.362013,0,2591700,24.497461,Interactive,1,1.75
480000,ZuJxayBRDbGft+XMd24ZsvOXGweNiHlOm/IPFRioqsiPPwVgLKjIv3Rqrp9VM2zC,2.642005,4.200737999999999,6.784902000000001,0,2591700,24.497461,Interactive,1,1.75
480300,ZuJxayBRDbGft+XMd24ZsvOXGweNiHlOm/IPFRioqsiPPwVgLKjIv3Rqrp9VM2zC,3.342863,4.394984,5.685504,0,2591700,24.497461,Interactive,1,1.75
480600,ZuJxayBRDbGft+XMd24ZsvOXGweNiHlOm/IPFRioqsiPPwVgLKjIv3Rqrp9VM2zC,3.123504,4.074033999999999,5.241619,0,2591700,24.497461,Interactive,1,1.75
480900,ZuJxayBRDbGft+XMd24ZsvOXGweNiHlOm/IPFRioqsiPPwVgLKjIv3Rqrp9VM2zC,3.184685,4.526873,7.274665,0,2591700,24.497461,Interactive,1,1.75
481200,ZuJxayBRDbGft+XMd24ZsvOXGweNiHlOm/IPFRioqsiPPwVgLKjIv3Rqrp9VM2zC,3.177976,4.681208,9.09785,0,2591700,24.497461,Interactive,1,1.75
481500,ZuJxayBRDbGft+XMd24ZsvOXGweNiHlOm/IPFRioqsiPPwVgLKjIv3Rqrp9VM2zC,3.226535,4.439393,7.61227,0,2591700,24.497461,Interactive,1,1.75
481800,ZuJxayBRDbGft+XMd24ZsvOXGweNiHlOm/IPFRioqsiPPwVgLKjIv3Rqrp9VM2zC,3.217397,4.074180999999999,6.042559,0,2591700,24.497461,Interactive,1,1.75
482100,ZuJxayBRDbGft+XMd24ZsvOXGweNiHlOm/IPFRioqsiPPwVgLKjIv3Rqrp9VM2zC,3.397653,4.235078,5.596317,0,2591700,24.497461,Interactive,1,1.75
482400,ZuJxayBRDbGft+XMd24ZsvOXGweNiHlOm/IPFRioqsiPPwVgLKjIv3Rqrp9VM2zC,3.217962,4.795165,12.472119,0,2591700,24.497461,Interactive,1,1.75
482700,ZuJxayBRDbGft+XMd24ZsvOXGweNiHlOm/IPFRioqsiPPwVgLKjIv3Rqrp9VM2zC,3.1786060000000003,4.153218,6.555389,0,2591700,24.497461,Interactive,1,1.75
483000,ZuJxayBRDbGft+XMd24ZsvOXGweNiHlOm/IPFRioqsiPPwVgLKjIv3Rqrp9VM2zC,3.275836,4.12588,5.591096,0,2591700,24.497461,Interactive,1,1.75
483300,ZuJxayBRDbGft+XMd24ZsvOXGweNiHlOm/IPFRioqsiPPwVgLKjIv3Rqrp9VM2zC,3.237652,5.25594,12.189611,0,2591700,24.497461,Interactive,1,1.75
483600,ZuJxayBRDbGft+XMd24ZsvOXGweNiHlOm/IPFRioqsiPPwVgLKjIv3Rqrp9VM2zC,3.186705,4.082503,6.118443,0,2591700,24.497461,Interactive,1,1.75
483900,ZuJxayBRDbGft+XMd24ZsvOXGweNiHlOm/IPFRioqsiPPwVgLKjIv3Rqrp9VM2zC,3.3529940000000003,4.305315,5.7939110000000005,0,2591700,24.497461,Interactive,1,1.75
484200,ZuJxayBRDbGft+XMd24ZsvOXGweNiHlOm/IPFRioqsiPPwVgLKjIv3Rqrp9VM2zC,3.224947,5.078312,12.059027,0,2591700,24.497461,Interactive,1,1.75
484500,ZuJxayBRDbGft+XMd24ZsvOXGweNiHlOm/IPFRioqsiPPwVgLKjIv3Rqrp9VM2zC,3.286446,4.275206,6.720646,0,2591700,24.497461,Interactive,1,1.75
484800,ZuJxayBRDbGft+XMd24ZsvOXGweNiHlOm/IPFRioqsiPPwVgLKjIv3Rqrp9VM2zC,3.381606,4.418101,5.777026,0,2591700,24.497461,Interactive,1,1.75
485100,ZuJxayBRDbGft+XMd24ZsvOXGweNiHlOm/IPFRioqsiPPwVgLKjIv3Rqrp9VM2zC,3.4374830000000003,5.086297,12.049466,0,2591700,24.497461,Interactive,1,1.75
485400,ZuJxayBRDbGft+XMd24ZsvOXGweNiHlOm/IPFRioqsiPPwVgLKjIv3Rqrp9VM2zC,3.293756,4.380902,6.381412999999999,0,2591700,24.497461,Interactive,1,1.75
485700,ZuJxayBRDbGft+XMd24ZsvOXGweNiHlOm/IPFRioqsiPPwVgLKjIv3Rqrp9VM2zC,3.674747,4.368818,5.808544,0,2591700,24.497461,Interactive,1,1.75
486000,ZuJxayBRDbGft+XMd24ZsvOXGweNiHlOm/IPFRioqsiPPwVgLKjIv3Rqrp9VM2zC,3.163135,4.779826,12.483495,0,2591700,24.497461,Interactive,1,1.75
486300,ZuJxayBRDbGft+XMd24ZsvOXGweNiHlOm/IPFRioqsiPPwVgLKjIv3Rqrp9VM2zC,3.259766,4.216961,6.73462,0,2591700,24.497461,Interactive,1,1.75
486600,ZuJxayBRDbGft+XMd24ZsvOXGweNiHlOm/IPFRioqsiPPwVgLKjIv3Rqrp9VM2zC,3.3760760000000003,4.193798,5.606192,0,2591700,24.497461,Interactive,1,1.75
486900,ZuJxayBRDbGft+XMd24ZsvOXGweNiHlOm/IPFRioqsiPPwVgLKjIv3Rqrp9VM2zC,3.407868,4.90991,11.890565,0,2591700,24.497461,Interactive,1,1.75
487200,ZuJxayBRDbGft+XMd24ZsvOXGweNiHlOm/IPFRioqsiPPwVgLKjIv3Rqrp9VM2zC,3.3760730000000003,4.197865,6.422782,0,2591700,24.497461,Interactive,1,1.75
487500,ZuJxayBRDbGft+XMd24ZsvOXGweNiHlOm/IPFRioqsiPPwVgLKjIv3Rqrp9VM2zC,2.426826,4.27618,5.843881,0,2591700,24.497461,Interactive,1,1.75
487800,ZuJxayBRDbGft+XMd24ZsvOXGweNiHlOm/IPFRioqsiPPwVgLKjIv3Rqrp9VM2zC,3.212043,4.87621,11.938802,0,2591700,24.497461,Interactive,1,1.75
488100,ZuJxayBRDbGft+XMd24ZsvOXGweNiHlOm/IPFRioqsiPPwVgLKjIv3Rqrp9VM2zC,3.2332400000000003,4.829324,9.083203,0,2591700,24.497461,Interactive,1,1.75
488400,ZuJxayBRDbGft+XMd24ZsvOXGweNiHlOm/IPFRioqsiPPwVgLKjIv3Rqrp9VM2zC,3.366139,4.358544,5.653304,0,2591700,24.497461,Interactive,1,1.75
488700,ZuJxayBRDbGft+XMd24ZsvOXGweNiHlOm/IPFRioqsiPPwVgLKjIv3Rqrp9VM2zC,2.640663,4.949568,12.680674,0,2591700,24.497461,Interactive,1,1.75
489000,ZuJxayBRDbGft+XMd24ZsvOXGweNiHlOm/IPFRioqsiPPwVgLKjIv3Rqrp9VM2zC,3.328898,4.364342,6.415063,0,2591700,24.497461,Interactive,1,1.75
489300,ZuJxayBRDbGft+XMd24ZsvOXGweNiHlOm/IPFRioqsiPPwVgLKjIv3Rqrp9VM2zC,3.582667,4.473157,5.809348,0,2591700,24.497461,Interactive,1,1.75
489600,ZuJxayBRDbGft+XMd24ZsvOXGweNiHlOm/IPFRioqsiPPwVgLKjIv3Rqrp9VM2zC,2.441497,4.762098,11.874797,0,2591700,24.497461,Interactive,1,1.75
489900,ZuJxayBRDbGft+XMd24ZsvOXGweNiHlOm/IPFRioqsiPPwVgLKjIv3Rqrp9VM2zC,3.265835,4.081384,5.116354,0,2591700,24.497461,Interactive,1,1.75
490200,ZuJxayBRDbGft+XMd24ZsvOXGweNiHlOm/IPFRioqsiPPwVgLKjIv3Rqrp9VM2zC,3.422394,4.474408,5.940342,0,2591700,24.497461,Interactive,1,1.75
490500,ZuJxayBRDbGft+XMd24ZsvOXGweNiHlOm/IPFRioqsiPPwVgLKjIv3Rqrp9VM2zC,3.338047,4.941221,10.671753,0,2591700,24.497461,Interactive,1,1.75
490800,ZuJxayBRDbGft+XMd24ZsvOXGweNiHlOm/IPFRioqsiPPwVgLKjIv3Rqrp9VM2zC,3.301885,4.924868,13.403451,0,2591700,24.497461,Interactive,1,1.75
491100,ZuJxayBRDbGft+XMd24ZsvOXGweNiHlOm/IPFRioqsiPPwVgLKjIv3Rqrp9VM2zC,3.448261,4.5969370000000005,7.193067,0,2591700,24.497461,Interactive,1,1.75
491400,ZuJxayBRDbGft+XMd24ZsvOXGweNiHlOm/IPFRioqsiPPwVgLKjIv3Rqrp9VM2zC,2.769404,8.637083,48.92759,0,2591700,24.497461,Interactive,1,1.75
491700,ZuJxayBRDbGft+XMd24ZsvOXGweNiHlOm/IPFRioqsiPPwVgLKjIv3Rqrp9VM2zC,3.279158,5.793929,21.591305,0,2591700,24.497461,Interactive,1,1.75
492000,ZuJxayBRDbGft+XMd24ZsvOXGweNiHlOm/IPFRioqsiPPwVgLKjIv3Rqrp9VM2zC,3.615706,4.778794,5.653166000000001,0,2591700,24.497461,Interactive,1,1.75
492300,ZuJxayBRDbGft+XMd24ZsvOXGweNiHlOm/IPFRioqsiPPwVgLKjIv3Rqrp9VM2zC,3.002502,4.944984,11.023469,0,2591700,24.497461,Interactive,1,1.75
492600,ZuJxayBRDbGft+XMd24ZsvOXGweNiHlOm/IPFRioqsiPPwVgLKjIv3Rqrp9VM2zC,3.2837080000000003,10.396238,35.31337,0,2591700,24.497461,Interactive,1,1.75
492900,ZuJxayBRDbGft+XMd24ZsvOXGweNiHlOm/IPFRioqsiPPwVgLKjIv3Rqrp9VM2zC,3.802648000000001,4.850022,7.560413,0,2591700,24.497461,Interactive,1,1.75
493200,ZuJxayBRDbGft+XMd24ZsvOXGweNiHlOm/IPFRioqsiPPwVgLKjIv3Rqrp9VM2zC,3.3320870000000005,4.955430000000001,10.642669,0,2591700,24.497461,Interactive,1,1.75
493500,ZuJxayBRDbGft+XMd24ZsvOXGweNiHlOm/IPFRioqsiPPwVgLKjIv3Rqrp9VM2zC,3.3854010000000003,4.381585,5.686035,0,2591700,24.497461,Interactive,1,1.75
493800,ZuJxayBRDbGft+XMd24ZsvOXGweNiHlOm/IPFRioqsiPPwVgLKjIv3Rqrp9VM2zC,3.427506,4.520686,6.376326000000001,0,2591700,24.497461,Interactive,1,1.75
494100,ZuJxayBRDbGft+XMd24ZsvOXGweNiHlOm/IPFRioqsiPPwVgLKjIv3Rqrp9VM2zC,3.245776,4.914488,11.048467,0,2591700,24.497461,Interactive,1,1.75
494400,ZuJxayBRDbGft+XMd24ZsvOXGweNiHlOm/IPFRioqsiPPwVgLKjIv3Rqrp9VM2zC,2.75325,3.836212,4.796832,0,2591700,24.497461,Interactive,1,1.75
494700,ZuJxayBRDbGft+XMd24ZsvOXGweNiHlOm/IPFRioqsiPPwVgLKjIv3Rqrp9VM2zC,3.571395,4.377435,5.868771,0,2591700,24.497461,Interactive,1,1.75
495000,ZuJxayBRDbGft+XMd24ZsvOXGweNiHlOm/IPFRioqsiPPwVgLKjIv3Rqrp9VM2zC,2.494599,4.834141000000001,11.615803,0,2591700,24.497461,Interactive,1,1.75
495300,ZuJxayBRDbGft+XMd24ZsvOXGweNiHlOm/IPFRioqsiPPwVgLKjIv3Rqrp9VM2zC,3.331884,4.158434,5.244041999999999,0,2591700,24.497461,Interactive,1,1.75
495600,ZuJxayBRDbGft+XMd24ZsvOXGweNiHlOm/IPFRioqsiPPwVgLKjIv3Rqrp9VM2zC,2.496468,4.427067,5.981669999999999,0,2591700,24.497461,Interactive,1,1.75
495900,ZuJxayBRDbGft+XMd24ZsvOXGweNiHlOm/IPFRioqsiPPwVgLKjIv3Rqrp9VM2zC,3.773913,5.744956,12.59278,0,2591700,24.497461,Interactive,1,1.75
496200,ZuJxayBRDbGft+XMd24ZsvOXGweNiHlOm/IPFRioqsiPPwVgLKjIv3Rqrp9VM2zC,3.065643,4.017935,5.189671,0,2591700,24.497461,Interactive,1,1.75
496500,ZuJxayBRDbGft+XMd24ZsvOXGweNiHlOm/IPFRioqsiPPwVgLKjIv3Rqrp9VM2zC,3.645972,4.422691,5.999441,0,2591700,24.497461,Interactive,1,1.75
496800,ZuJxayBRDbGft+XMd24ZsvOXGweNiHlOm/IPFRioqsiPPwVgLKjIv3Rqrp9VM2zC,3.340808,5.725598000000001,13.476659,0,2591700,24.497461,Interactive,1,1.75
497100,ZuJxayBRDbGft+XMd24ZsvOXGweNiHlOm/IPFRioqsiPPwVgLKjIv3Rqrp9VM2zC,3.2353970000000003,4.076718,5.000632,0,2591700,24.497461,Interactive,1,1.75
497400,ZuJxayBRDbGft+XMd24ZsvOXGweNiHlOm/IPFRioqsiPPwVgLKjIv3Rqrp9VM2zC,3.538049,4.446292,6.019696,0,2591700,24.497461,Interactive,1,1.75
497700,ZuJxayBRDbGft+XMd24ZsvOXGweNiHlOm/IPFRioqsiPPwVgLKjIv3Rqrp9VM2zC,2.685553,4.853498,12.649185,0,2591700,24.497461,Interactive,1,1.75
498000,ZuJxayBRDbGft+XMd24ZsvOXGweNiHlOm/IPFRioqsiPPwVgLKjIv3Rqrp9VM2zC,3.296301,4.213832,5.2039480000000005,0,2591700,24.497461,Interactive,1,1.75
498300,ZuJxayBRDbGft+XMd24ZsvOXGweNiHlOm/IPFRioqsiPPwVgLKjIv3Rqrp9VM2zC,3.749854,4.559263,5.918603,0,2591700,24.497461,Interactive,1,1.75
498600,ZuJxayBRDbGft+XMd24ZsvOXGweNiHlOm/IPFRioqsiPPwVgLKjIv3Rqrp9VM2zC,3.389664,4.987429,12.574719,0,2591700,24.497461,Interactive,1,1.75
498900,ZuJxayBRDbGft+XMd24ZsvOXGweNiHlOm/IPFRioqsiPPwVgLKjIv3Rqrp9VM2zC,3.387534,4.443942,6.058489,0,2591700,24.497461,Interactive,1,1.75
499200,ZuJxayBRDbGft+XMd24ZsvOXGweNiHlOm/IPFRioqsiPPwVgLKjIv3Rqrp9VM2zC,3.5326440000000003,4.604205,6.082126000000001,0,2591700,24.497461,Interactive,1,1.75
499500,ZuJxayBRDbGft+XMd24ZsvOXGweNiHlOm/IPFRioqsiPPwVgLKjIv3Rqrp9VM2zC,3.369379,5.20637,12.944956,0,2591700,24.497461,Interactive,1,1.75
499800,ZuJxayBRDbGft+XMd24ZsvOXGweNiHlOm/IPFRioqsiPPwVgLKjIv3Rqrp9VM2zC,3.052532,3.915878,4.594981,0,2591700,24.497461,Interactive,1,1.75
500100,ZuJxayBRDbGft+XMd24ZsvOXGweNiHlOm/IPFRioqsiPPwVgLKjIv3Rqrp9VM2zC,3.576368,4.433159,6.254546,0,2591700,24.497461,Interactive,1,1.75
500400,ZuJxayBRDbGft+XMd24ZsvOXGweNiHlOm/IPFRioqsiPPwVgLKjIv3Rqrp9VM2zC,3.3372550000000003,4.964262000000001,12.120654,0,2591700,24.497461,Interactive,1,1.75
500700,ZuJxayBRDbGft+XMd24ZsvOXGweNiHlOm/IPFRioqsiPPwVgLKjIv3Rqrp9VM2zC,3.329271,4.215767,6.074008999999999,0,2591700,24.497461,Interactive,1,1.75
501000,ZuJxayBRDbGft+XMd24ZsvOXGweNiHlOm/IPFRioqsiPPwVgLKjIv3Rqrp9VM2zC,3.475134,4.51346,6.2233540000000005,0,2591700,24.497461,Interactive,1,1.75
501300,ZuJxayBRDbGft+XMd24ZsvOXGweNiHlOm/IPFRioqsiPPwVgLKjIv3Rqrp9VM2zC,3.328129,5.0881110000000005,12.354084,0,2591700,24.497461,Interactive,1,1.75
501600,ZuJxayBRDbGft+XMd24ZsvOXGweNiHlOm/IPFRioqsiPPwVgLKjIv3Rqrp9VM2zC,2.997536,4.205891,5.662483,0,2591700,24.497461,Interactive,1,1.75
501900,ZuJxayBRDbGft+XMd24ZsvOXGweNiHlOm/IPFRioqsiPPwVgLKjIv3Rqrp9VM2zC,3.707816,4.5972040000000005,7.030347999999999,0,2591700,24.497461,Interactive,1,1.75
502200,ZuJxayBRDbGft+XMd24ZsvOXGweNiHlOm/IPFRioqsiPPwVgLKjIv3Rqrp9VM2zC,3.458581,5.257084,11.234011,0,2591700,24.497461,Interactive,1,1.75
502500,ZuJxayBRDbGft+XMd24ZsvOXGweNiHlOm/IPFRioqsiPPwVgLKjIv3Rqrp9VM2zC,3.283303,3.901804,5.279005000000001,0,2591700,24.497461,Interactive,1,1.75
502800,ZuJxayBRDbGft+XMd24ZsvOXGweNiHlOm/IPFRioqsiPPwVgLKjIv3Rqrp9VM2zC,3.592531,4.942343,6.97225,0,2591700,24.497461,Interactive,1,1.75
503100,ZuJxayBRDbGft+XMd24ZsvOXGweNiHlOm/IPFRioqsiPPwVgLKjIv3Rqrp9VM2zC,3.389918,5.066701999999999,10.847284,0,2591700,24.497461,Interactive,1,1.75
503400,ZuJxayBRDbGft+XMd24ZsvOXGweNiHlOm/IPFRioqsiPPwVgLKjIv3Rqrp9VM2zC,3.383381,4.148217,5.831022,0,2591700,24.497461,Interactive,1,1.75
503700,ZuJxayBRDbGft+XMd24ZsvOXGweNiHlOm/IPFRioqsiPPwVgLKjIv3Rqrp9VM2zC,3.1062830000000003,4.413744,6.638137,0,2591700,24.497461,Interactive,1,1.75
504000,ZuJxayBRDbGft+XMd24ZsvOXGweNiHlOm/IPFRioqsiPPwVgLKjIv3Rqrp9VM2zC,3.565856,5.210551000000001,11.202786,0,2591700,24.497461,Interactive,1,1.75
504300,ZuJxayBRDbGft+XMd24ZsvOXGweNiHlOm/IPFRioqsiPPwVgLKjIv3Rqrp9VM2zC,3.254372,4.073764,5.9974940000000005,0,2591700,24.497461,Interactive,1,1.75
504600,ZuJxayBRDbGft+XMd24ZsvOXGweNiHlOm/IPFRioqsiPPwVgLKjIv3Rqrp9VM2zC,3.322167,4.31476,6.156067,0,2591700,24.497461,Interactive,1,1.75
504900,ZuJxayBRDbGft+XMd24ZsvOXGweNiHlOm/IPFRioqsiPPwVgLKjIv3Rqrp9VM2zC,3.251392,4.974196,10.942937,0,2591700,24.497461,Interactive,1,1.75
505200,ZuJxayBRDbGft+XMd24ZsvOXGweNiHlOm/IPFRioqsiPPwVgLKjIv3Rqrp9VM2zC,3.217787,5.053230999999999,16.327784,0,2591700,24.497461,Interactive,1,1.75
505500,ZuJxayBRDbGft+XMd24ZsvOXGweNiHlOm/IPFRioqsiPPwVgLKjIv3Rqrp9VM2zC,3.328774,4.262117,6.437247,0,2591700,24.497461,Interactive,1,1.75
505800,ZuJxayBRDbGft+XMd24ZsvOXGweNiHlOm/IPFRioqsiPPwVgLKjIv3Rqrp9VM2zC,3.243195,4.92986,11.188454,0,2591700,24.497461,Interactive,1,1.75
506100,ZuJxayBRDbGft+XMd24ZsvOXGweNiHlOm/IPFRioqsiPPwVgLKjIv3Rqrp9VM2zC,3.17484,4.0244800000000005,5.782458999999999,0,2591700,24.497461,Interactive,1,1.75
506400,ZuJxayBRDbGft+XMd24ZsvOXGweNiHlOm/IPFRioqsiPPwVgLKjIv3Rqrp9VM2zC,3.138071,4.360601,6.254430999999999,0,2591700,24.497461,Interactive,1,1.75
506700,ZuJxayBRDbGft+XMd24ZsvOXGweNiHlOm/IPFRioqsiPPwVgLKjIv3Rqrp9VM2zC,3.2109520000000003,5.446497,14.665816,0,2591700,24.497461,Interactive,1,1.75
507000,ZuJxayBRDbGft+XMd24ZsvOXGweNiHlOm/IPFRioqsiPPwVgLKjIv3Rqrp9VM2zC,3.4282660000000003,4.0103290000000005,5.796244000000001,0,2591700,24.497461,Interactive,1,1.75
507300,ZuJxayBRDbGft+XMd24ZsvOXGweNiHlOm/IPFRioqsiPPwVgLKjIv3Rqrp9VM2zC,3.284308,4.3350800000000005,6.338838,0,2591700,24.497461,Interactive,1,1.75
507600,ZuJxayBRDbGft+XMd24ZsvOXGweNiHlOm/IPFRioqsiPPwVgLKjIv3Rqrp9VM2zC,3.061815,4.962239,8.218011,0,2591700,24.497461,Interactive,1,1.75
507900,ZuJxayBRDbGft+XMd24ZsvOXGweNiHlOm/IPFRioqsiPPwVgLKjIv3Rqrp9VM2zC,3.245798,5.2931870000000005,18.192363,0,2591700,24.497461,Interactive,1,1.75
508200,ZuJxayBRDbGft+XMd24ZsvOXGweNiHlOm/IPFRioqsiPPwVgLKjIv3Rqrp9VM2zC,3.332621,4.249475,6.139344,0,2591700,24.497461,Interactive,1,1.75
508500,ZuJxayBRDbGft+XMd24ZsvOXGweNiHlOm/IPFRioqsiPPwVgLKjIv3Rqrp9VM2zC,3.262962,4.809261,11.567109,0,2591700,24.497461,Interactive,1,1.75
508800,ZuJxayBRDbGft+XMd24ZsvOXGweNiHlOm/IPFRioqsiPPwVgLKjIv3Rqrp9VM2zC,3.386969,4.182054,6.203638,0,2591700,24.497461,Interactive,1,1.75
509100,ZuJxayBRDbGft+XMd24ZsvOXGweNiHlOm/IPFRioqsiPPwVgLKjIv3Rqrp9VM2zC,2.381014,4.420355000000001,6.418424,0,2591700,24.497461,Interactive,1,1.75
509400,ZuJxayBRDbGft+XMd24ZsvOXGweNiHlOm/IPFRioqsiPPwVgLKjIv3Rqrp9VM2zC,3.561682,4.991562,12.050053,0,2591700,24.497461,Interactive,1,1.75
509700,ZuJxayBRDbGft+XMd24ZsvOXGweNiHlOm/IPFRioqsiPPwVgLKjIv3Rqrp9VM2zC,3.463388,4.440804,6.716355,0,2591700,24.497461,Interactive,1,1.75
510000,ZuJxayBRDbGft+XMd24ZsvOXGweNiHlOm/IPFRioqsiPPwVgLKjIv3Rqrp9VM2zC,3.610831,4.82459,7.252194999999999,0,2591700,24.497461,Interactive,1,1.75
510300,ZuJxayBRDbGft+XMd24ZsvOXGweNiHlOm/IPFRioqsiPPwVgLKjIv3Rqrp9VM2zC,3.431971,5.0130870000000005,12.244839,0,2591700,24.497461,Interactive,1,1.75
510600,ZuJxayBRDbGft+XMd24ZsvOXGweNiHlOm/IPFRioqsiPPwVgLKjIv3Rqrp9VM2zC,3.2893790000000003,3.826936,4.8616790000000005,0,2591700,24.497461,Interactive,1,1.75
510900,ZuJxayBRDbGft+XMd24ZsvOXGweNiHlOm/IPFRioqsiPPwVgLKjIv3Rqrp9VM2zC,3.414975,4.487967,6.490637,0,2591700,24.497461,Interactive,1,1.75
511200,ZuJxayBRDbGft+XMd24ZsvOXGweNiHlOm/IPFRioqsiPPwVgLKjIv3Rqrp9VM2zC,2.950758,4.890377,11.977738,0,2591700,24.497461,Interactive,1,1.75
511500,ZuJxayBRDbGft+XMd24ZsvOXGweNiHlOm/IPFRioqsiPPwVgLKjIv3Rqrp9VM2zC,3.75185,4.461358000000001,6.283869999999999,0,2591700,24.497461,Interactive,1,1.75
511800,ZuJxayBRDbGft+XMd24ZsvOXGweNiHlOm/IPFRioqsiPPwVgLKjIv3Rqrp9VM2zC,3.312843,4.376253,6.364038,0,2591700,24.497461,Interactive,1,1.75
512100,ZuJxayBRDbGft+XMd24ZsvOXGweNiHlOm/IPFRioqsiPPwVgLKjIv3Rqrp9VM2zC,3.245657,5.110380999999999,12.218733,0,2591700,24.497461,Interactive,1,1.75
512400,ZuJxayBRDbGft+XMd24ZsvOXGweNiHlOm/IPFRioqsiPPwVgLKjIv3Rqrp9VM2zC,3.379802,4.222664,5.766959,0,2591700,24.497461,Interactive,1,1.75
512700,ZuJxayBRDbGft+XMd24ZsvOXGweNiHlOm/IPFRioqsiPPwVgLKjIv3Rqrp9VM2zC,3.505033,4.379766,6.466292,0,2591700,24.497461,Interactive,1,1.75
513000,ZuJxayBRDbGft+XMd24ZsvOXGweNiHlOm/IPFRioqsiPPwVgLKjIv3Rqrp9VM2zC,3.207333,4.9666440000000005,11.602258,0,2591700,24.497461,Interactive,1,1.75
513300,ZuJxayBRDbGft+XMd24ZsvOXGweNiHlOm/IPFRioqsiPPwVgLKjIv3Rqrp9VM2zC,3.3044580000000003,4.061094000000001,4.834615,0,2591700,24.497461,Interactive,1,1.75
513600,ZuJxayBRDbGft+XMd24ZsvOXGweNiHlOm/IPFRioqsiPPwVgLKjIv3Rqrp9VM2zC,3.5392330000000003,4.655033,6.858693,0,2591700,24.497461,Interactive,1,1.75
513900,ZuJxayBRDbGft+XMd24ZsvOXGweNiHlOm/IPFRioqsiPPwVgLKjIv3Rqrp9VM2zC,3.513913,5.113308,12.136761,0,2591700,24.497461,Interactive,1,1.75
514200,ZuJxayBRDbGft+XMd24ZsvOXGweNiHlOm/IPFRioqsiPPwVgLKjIv3Rqrp9VM2zC,3.791787,4.345822,6.15681,0,2591700,24.497461,Interactive,1,1.75
514500,ZuJxayBRDbGft+XMd24ZsvOXGweNiHlOm/IPFRioqsiPPwVgLKjIv3Rqrp9VM2zC,3.3725660000000004,4.393816,6.814147999999999,0,2591700,24.497461,Interactive,1,1.75
514800,ZuJxayBRDbGft+XMd24ZsvOXGweNiHlOm/IPFRioqsiPPwVgLKjIv3Rqrp9VM2zC,3.723853,5.197813,11.367542,0,2591700,24.497461,Interactive,1,1.75
515100,ZuJxayBRDbGft+XMd24ZsvOXGweNiHlOm/IPFRioqsiPPwVgLKjIv3Rqrp9VM2zC,2.703818,4.167705000000001,6.769585,0,2591700,24.497461,Interactive,1,1.75
515400,ZuJxayBRDbGft+XMd24ZsvOXGweNiHlOm/IPFRioqsiPPwVgLKjIv3Rqrp9VM2zC,3.413146,4.3565830000000005,6.871774,0,2591700,24.497461,Interactive,1,1.75
515700,ZuJxayBRDbGft+XMd24ZsvOXGweNiHlOm/IPFRioqsiPPwVgLKjIv3Rqrp9VM2zC,3.715842,5.385219,11.153449,0,2591700,24.497461,Interactive,1,1.75
516000,ZuJxayBRDbGft+XMd24ZsvOXGweNiHlOm/IPFRioqsiPPwVgLKjIv3Rqrp9VM2zC,3.363171,4.007605,4.937924,0,2591700,24.497461,Interactive,1,1.75
516300,ZuJxayBRDbGft+XMd24ZsvOXGweNiHlOm/IPFRioqsiPPwVgLKjIv3Rqrp9VM2zC,3.418876,4.472391,7.434411999999999,0,2591700,24.497461,Interactive,1,1.75
516600,ZuJxayBRDbGft+XMd24ZsvOXGweNiHlOm/IPFRioqsiPPwVgLKjIv3Rqrp9VM2zC,3.747863,5.563246,11.050297,0,2591700,24.497461,Interactive,1,1.75
516900,ZuJxayBRDbGft+XMd24ZsvOXGweNiHlOm/IPFRioqsiPPwVgLKjIv3Rqrp9VM2zC,3.345701,4.241088,6.687436,0,2591700,24.497461,Interactive,1,1.75
517200,ZuJxayBRDbGft+XMd24ZsvOXGweNiHlOm/IPFRioqsiPPwVgLKjIv3Rqrp9VM2zC,2.957754,4.50165,6.633717,0,2591700,24.497461,Interactive,1,1.75
517500,ZuJxayBRDbGft+XMd24ZsvOXGweNiHlOm/IPFRioqsiPPwVgLKjIv3Rqrp9VM2zC,3.328633,4.932528,10.586217,0,2591700,24.497461,Interactive,1,1.75
517800,ZuJxayBRDbGft+XMd24ZsvOXGweNiHlOm/IPFRioqsiPPwVgLKjIv3Rqrp9VM2zC,3.308906,4.41709,6.974464,0,2591700,24.497461,Interactive,1,1.75
518100,ZuJxayBRDbGft+XMd24ZsvOXGweNiHlOm/IPFRioqsiPPwVgLKjIv3Rqrp9VM2zC,3.36712,4.716026,7.334797,0,2591700,24.497461,Interactive,1,1.75
518400,ZuJxayBRDbGft+XMd24ZsvOXGweNiHlOm/IPFRioqsiPPwVgLKjIv3Rqrp9VM2zC,3.450771,4.842294,10.684644,0,2591700,24.497461,Interactive,1,1.75
518700,ZuJxayBRDbGft+XMd24ZsvOXGweNiHlOm/IPFRioqsiPPwVgLKjIv3Rqrp9VM2zC,3.5600620000000003,4.167195,5.295311,0,2591700,24.497461,Interactive,1,1.75
519000,ZuJxayBRDbGft+XMd24ZsvOXGweNiHlOm/IPFRioqsiPPwVgLKjIv3Rqrp9VM2zC,3.666633,4.794608,7.015548,0,2591700,24.497461,Interactive,1,1.75
519300,ZuJxayBRDbGft+XMd24ZsvOXGweNiHlOm/IPFRioqsiPPwVgLKjIv3Rqrp9VM2zC,3.528775,4.940548000000001,10.553668,0,2591700,24.497461,Interactive,1,1.75
519600,ZuJxayBRDbGft+XMd24ZsvOXGweNiHlOm/IPFRioqsiPPwVgLKjIv3Rqrp9VM2zC,3.462621,4.362253,6.857699,0,2591700,24.497461,Interactive,1,1.75
519900,ZuJxayBRDbGft+XMd24ZsvOXGweNiHlOm/IPFRioqsiPPwVgLKjIv3Rqrp9VM2zC,3.762036,4.841892,7.714516000000001,0,2591700,24.497461,Interactive,1,1.75
520200,ZuJxayBRDbGft+XMd24ZsvOXGweNiHlOm/IPFRioqsiPPwVgLKjIv3Rqrp9VM2zC,3.484593,4.879455999999999,10.257628,0,2591700,24.497461,Interactive,1,1.75
520500,ZuJxayBRDbGft+XMd24ZsvOXGweNiHlOm/IPFRioqsiPPwVgLKjIv3Rqrp9VM2zC,3.394537,4.310201,6.855742,0,2591700,24.497461,Interactive,1,1.75
520800,ZuJxayBRDbGft+XMd24ZsvOXGweNiHlOm/IPFRioqsiPPwVgLKjIv3Rqrp9VM2zC,3.608503,4.849204,7.308896000000001,0,2591700,24.497461,Interactive,1,1.75
521100,ZuJxayBRDbGft+XMd24ZsvOXGweNiHlOm/IPFRioqsiPPwVgLKjIv3Rqrp9VM2zC,3.702830000000001,5.514698,10.953601,0,2591700,24.497461,Interactive,1,1.75
521400,ZuJxayBRDbGft+XMd24ZsvOXGweNiHlOm/IPFRioqsiPPwVgLKjIv3Rqrp9VM2zC,3.390337,11.539733,46.860647,0,2591700,24.497461,Interactive,1,1.75
521700,ZuJxayBRDbGft+XMd24ZsvOXGweNiHlOm/IPFRioqsiPPwVgLKjIv3Rqrp9VM2zC,3.30309,4.460368,7.155341,0,2591700,24.497461,Interactive,1,1.75
522000,ZuJxayBRDbGft+XMd24ZsvOXGweNiHlOm/IPFRioqsiPPwVgLKjIv3Rqrp9VM2zC,3.472031,5.523680000000001,12.425672,0,2591700,24.497461,Interactive,1,1.75
522300,ZuJxayBRDbGft+XMd24ZsvOXGweNiHlOm/IPFRioqsiPPwVgLKjIv3Rqrp9VM2zC,3.674268,4.833895,7.434907000000001,0,2591700,24.497461,Interactive,1,1.75
522600,ZuJxayBRDbGft+XMd24ZsvOXGweNiHlOm/IPFRioqsiPPwVgLKjIv3Rqrp9VM2zC,3.932936,5.0914,7.253914,0,2591700,24.497461,Interactive,1,1.75
522900,ZuJxayBRDbGft+XMd24ZsvOXGweNiHlOm/IPFRioqsiPPwVgLKjIv3Rqrp9VM2zC,3.767327,5.36118,12.4429,0,2591700,24.497461,Interactive,1,1.75
523200,ZuJxayBRDbGft+XMd24ZsvOXGweNiHlOm/IPFRioqsiPPwVgLKjIv3Rqrp9VM2zC,3.873654,4.983007,7.507364999999999,0,2591700,24.497461,Interactive,1,1.75
523500,ZuJxayBRDbGft+XMd24ZsvOXGweNiHlOm/IPFRioqsiPPwVgLKjIv3Rqrp9VM2zC,3.840845,4.883382,7.634927999999999,0,2591700,24.497461,Interactive,1,1.75
523800,ZuJxayBRDbGft+XMd24ZsvOXGweNiHlOm/IPFRioqsiPPwVgLKjIv3Rqrp9VM2zC,3.840957,5.484778,12.199521,0,2591700,24.497461,Interactive,1,1.75
524100,ZuJxayBRDbGft+XMd24ZsvOXGweNiHlOm/IPFRioqsiPPwVgLKjIv3Rqrp9VM2zC,3.307465,4.376112,5.309689,0,2591700,24.497461,Interactive,1,1.75
524400,ZuJxayBRDbGft+XMd24ZsvOXGweNiHlOm/IPFRioqsiPPwVgLKjIv3Rqrp9VM2zC,3.928152,4.998418,7.150869999999999,0,2591700,24.497461,Interactive,1,1.75
524700,ZuJxayBRDbGft+XMd24ZsvOXGweNiHlOm/IPFRioqsiPPwVgLKjIv3Rqrp9VM2zC,2.64993,5.231182,12.01755,0,2591700,24.497461,Interactive,1,1.75
525000,ZuJxayBRDbGft+XMd24ZsvOXGweNiHlOm/IPFRioqsiPPwVgLKjIv3Rqrp9VM2zC,3.709776,4.734612,7.038494,0,2591700,24.497461,Interactive,1,1.75
525300,ZuJxayBRDbGft+XMd24ZsvOXGweNiHlOm/IPFRioqsiPPwVgLKjIv3Rqrp9VM2zC,2.486128,4.734496,7.559875999999999,0,2591700,24.497461,Interactive,1,1.75
525600,ZuJxayBRDbGft+XMd24ZsvOXGweNiHlOm/IPFRioqsiPPwVgLKjIv3Rqrp9VM2zC,3.812166,5.33052,12.210966,0,2591700,24.497461,Interactive,1,1.75
525900,ZuJxayBRDbGft+XMd24ZsvOXGweNiHlOm/IPFRioqsiPPwVgLKjIv3Rqrp9VM2zC,2.697773,4.682976999999999,7.372908,0,2591700,24.497461,Interactive,1,1.75
526200,ZuJxayBRDbGft+XMd24ZsvOXGweNiHlOm/IPFRioqsiPPwVgLKjIv3Rqrp9VM2zC,3.86246,4.897283,7.846429,0,2591700,24.497461,Interactive,1,1.75
526500,ZuJxayBRDbGft+XMd24ZsvOXGweNiHlOm/IPFRioqsiPPwVgLKjIv3Rqrp9VM2zC,2.479132,5.182148000000001,10.856006,0,2591700,24.497461,Interactive,1,1.75
526800,ZuJxayBRDbGft+XMd24ZsvOXGweNiHlOm/IPFRioqsiPPwVgLKjIv3Rqrp9VM2zC,3.405367,4.43821,5.953369,0,2591700,24.497461,Interactive,1,1.75
527100,ZuJxayBRDbGft+XMd24ZsvOXGweNiHlOm/IPFRioqsiPPwVgLKjIv3Rqrp9VM2zC,4.042231,4.869703,8.47748,0,2591700,24.497461,Interactive,1,1.75
527400,ZuJxayBRDbGft+XMd24ZsvOXGweNiHlOm/IPFRioqsiPPwVgLKjIv3Rqrp9VM2zC,3.546975,5.388674,11.171072,0,2591700,24.497461,Interactive,1,1.75
527700,ZuJxayBRDbGft+XMd24ZsvOXGweNiHlOm/IPFRioqsiPPwVgLKjIv3Rqrp9VM2zC,3.858436,4.810167,7.180551,0,2591700,24.497461,Interactive,1,1.75
528000,ZuJxayBRDbGft+XMd24ZsvOXGweNiHlOm/IPFRioqsiPPwVgLKjIv3Rqrp9VM2zC,3.734439,5.050406,8.257697,0,2591700,24.497461,Interactive,1,1.75
528300,ZuJxayBRDbGft+XMd24ZsvOXGweNiHlOm/IPFRioqsiPPwVgLKjIv3Rqrp9VM2zC,3.868587,5.424466000000001,10.968759,0,2591700,24.497461,Interactive,1,1.75
528600,ZuJxayBRDbGft+XMd24ZsvOXGweNiHlOm/IPFRioqsiPPwVgLKjIv3Rqrp9VM2zC,3.871595,4.95819,6.751289,0,2591700,24.497461,Interactive,1,1.75
528900,ZuJxayBRDbGft+XMd24ZsvOXGweNiHlOm/IPFRioqsiPPwVgLKjIv3Rqrp9VM2zC,4.049508,5.046776,8.535706,0,2591700,24.497461,Interactive,1,1.75
529200,ZuJxayBRDbGft+XMd24ZsvOXGweNiHlOm/IPFRioqsiPPwVgLKjIv3Rqrp9VM2zC,2.9123,5.284724,11.448365,0,2591700,24.497461,Interactive,1,1.75
529500,ZuJxayBRDbGft+XMd24ZsvOXGweNiHlOm/IPFRioqsiPPwVgLKjIv3Rqrp9VM2zC,3.244437,4.431941,5.818674,0,2591700,24.497461,Interactive,1,1.75
529800,ZuJxayBRDbGft+XMd24ZsvOXGweNiHlOm/IPFRioqsiPPwVgLKjIv3Rqrp9VM2zC,4.003004,4.89675,8.415815,0,2591700,24.497461,Interactive,1,1.75
530100,ZuJxayBRDbGft+XMd24ZsvOXGweNiHlOm/IPFRioqsiPPwVgLKjIv3Rqrp9VM2zC,3.45805,5.344414,10.770349,0,2591700,24.497461,Interactive,1,1.75
530400,ZuJxayBRDbGft+XMd24ZsvOXGweNiHlOm/IPFRioqsiPPwVgLKjIv3Rqrp9VM2zC,3.882497,4.870997,7.006333000000001,0,2591700,24.497461,Interactive,1,1.75
530700,ZuJxayBRDbGft+XMd24ZsvOXGweNiHlOm/IPFRioqsiPPwVgLKjIv3Rqrp9VM2zC,3.277407,4.849419,8.644621,0,2591700,24.497461,Interactive,1,1.75
531000,ZuJxayBRDbGft+XMd24ZsvOXGweNiHlOm/IPFRioqsiPPwVgLKjIv3Rqrp9VM2zC,3.900517,5.45981,10.646288,0,2591700,24.497461,Interactive,1,1.75
531300,ZuJxayBRDbGft+XMd24ZsvOXGweNiHlOm/IPFRioqsiPPwVgLKjIv3Rqrp9VM2zC,3.875394,4.942398000000001,7.284803999999999,0,2591700,24.497461,Interactive,1,1.75
531600,ZuJxayBRDbGft+XMd24ZsvOXGweNiHlOm/IPFRioqsiPPwVgLKjIv3Rqrp9VM2zC,4.024483999999999,5.135051,8.656675,0,2591700,24.497461,Interactive,1,1.75
531900,ZuJxayBRDbGft+XMd24ZsvOXGweNiHlOm/IPFRioqsiPPwVgLKjIv3Rqrp9VM2zC,3.82808,5.363125,10.531536,0,2591700,24.497461,Interactive,1,1.75
532200,ZuJxayBRDbGft+XMd24ZsvOXGweNiHlOm/IPFRioqsiPPwVgLKjIv3Rqrp9VM2zC,3.968868,5.199212999999999,10.492553,0,2591700,24.497461,Interactive,1,1.75
532500,ZuJxayBRDbGft+XMd24ZsvOXGweNiHlOm/IPFRioqsiPPwVgLKjIv3Rqrp9VM2zC,4.127922,5.008139,8.951564999999999,0,2591700,24.497461,Interactive,1,1.75
532800,ZuJxayBRDbGft+XMd24ZsvOXGweNiHlOm/IPFRioqsiPPwVgLKjIv3Rqrp9VM2zC,4.102183999999999,6.541493,13.858183,0,2591700,24.497461,Interactive,1,1.75
533100,ZuJxayBRDbGft+XMd24ZsvOXGweNiHlOm/IPFRioqsiPPwVgLKjIv3Rqrp9VM2zC,3.989376,4.846566,7.25977,0,2591700,24.497461,Interactive,1,1.75
533400,ZuJxayBRDbGft+XMd24ZsvOXGweNiHlOm/IPFRioqsiPPwVgLKjIv3Rqrp9VM2zC,3.499518,4.908223,8.338375,0,2591700,24.497461,Interactive,1,1.75
533700,ZuJxayBRDbGft+XMd24ZsvOXGweNiHlOm/IPFRioqsiPPwVgLKjIv3Rqrp9VM2zC,3.881595,5.397725,9.880847,0,2591700,24.497461,Interactive,1,1.75
534000,ZuJxayBRDbGft+XMd24ZsvOXGweNiHlOm/IPFRioqsiPPwVgLKjIv3Rqrp9VM2zC,3.086963,4.734571,6.989652,0,2591700,24.497461,Interactive,1,1.75
534300,ZuJxayBRDbGft+XMd24ZsvOXGweNiHlOm/IPFRioqsiPPwVgLKjIv3Rqrp9VM2zC,3.963691,4.956173000000001,8.613455,0,2591700,24.497461,Interactive,1,1.75
534600,ZuJxayBRDbGft+XMd24ZsvOXGweNiHlOm/IPFRioqsiPPwVgLKjIv3Rqrp9VM2zC,3.748016,5.429831,12.355336,0,2591700,24.497461,Interactive,1,1.75
534900,ZuJxayBRDbGft+XMd24ZsvOXGweNiHlOm/IPFRioqsiPPwVgLKjIv3Rqrp9VM2zC,3.979239,5.282321,11.356394,0,2591700,24.497461,Interactive,1,1.75
535200,ZuJxayBRDbGft+XMd24ZsvOXGweNiHlOm/IPFRioqsiPPwVgLKjIv3Rqrp9VM2zC,4.029106,5.147157,8.632314,0,2591700,24.497461,Interactive,1,1.75
535500,ZuJxayBRDbGft+XMd24ZsvOXGweNiHlOm/IPFRioqsiPPwVgLKjIv3Rqrp9VM2zC,4.062912,5.592733,12.190649,0,2591700,24.497461,Interactive,1,1.75
535800,ZuJxayBRDbGft+XMd24ZsvOXGweNiHlOm/IPFRioqsiPPwVgLKjIv3Rqrp9VM2zC,3.85973,4.812643,6.884154,0,2591700,24.497461,Interactive,1,1.75
536100,ZuJxayBRDbGft+XMd24ZsvOXGweNiHlOm/IPFRioqsiPPwVgLKjIv3Rqrp9VM2zC,3.987857,5.003369,8.677367,0,2591700,24.497461,Interactive,1,1.75
536400,ZuJxayBRDbGft+XMd24ZsvOXGweNiHlOm/IPFRioqsiPPwVgLKjIv3Rqrp9VM2zC,3.886997,5.497221,12.114749,0,2591700,24.497461,Interactive,1,1.75
536700,ZuJxayBRDbGft+XMd24ZsvOXGweNiHlOm/IPFRioqsiPPwVgLKjIv3Rqrp9VM2zC,2.8138970000000003,4.799868,7.560605000000001,0,2591700,24.497461,Interactive,1,1.75
537000,ZuJxayBRDbGft+XMd24ZsvOXGweNiHlOm/IPFRioqsiPPwVgLKjIv3Rqrp9VM2zC,3.903817,5.041099,8.539757,0,2591700,24.497461,Interactive,1,1.75
537300,ZuJxayBRDbGft+XMd24ZsvOXGweNiHlOm/IPFRioqsiPPwVgLKjIv3Rqrp9VM2zC,2.65334,5.20731,11.332438,0,2591700,24.497461,Interactive,1,1.75
537600,ZuJxayBRDbGft+XMd24ZsvOXGweNiHlOm/IPFRioqsiPPwVgLKjIv3Rqrp9VM2zC,3.865078,4.830013,7.116092,0,2591700,24.497461,Interactive,1,1.75
537900,ZuJxayBRDbGft+XMd24ZsvOXGweNiHlOm/IPFRioqsiPPwVgLKjIv3Rqrp9VM2zC,3.328669,4.753423000000001,7.430955,0,2591700,24.497461,Interactive,1,1.75
538200,ZuJxayBRDbGft+XMd24ZsvOXGweNiHlOm/IPFRioqsiPPwVgLKjIv3Rqrp9VM2zC,3.744142,5.623049,10.826887,0,2591700,24.497461,Interactive,1,1.75
538500,ZuJxayBRDbGft+XMd24ZsvOXGweNiHlOm/IPFRioqsiPPwVgLKjIv3Rqrp9VM2zC,3.743458,4.880878,7.211186,0,2591700,24.497461,Interactive,1,1.75
538800,ZuJxayBRDbGft+XMd24ZsvOXGweNiHlOm/IPFRioqsiPPwVgLKjIv3Rqrp9VM2zC,4.025053,5.363768,7.366663000000001,0,2591700,24.497461,Interactive,1,1.75
539100,ZuJxayBRDbGft+XMd24ZsvOXGweNiHlOm/IPFRioqsiPPwVgLKjIv3Rqrp9VM2zC,3.733459,5.631954,10.997585,0,2591700,24.497461,Interactive,1,1.75
539400,ZuJxayBRDbGft+XMd24ZsvOXGweNiHlOm/IPFRioqsiPPwVgLKjIv3Rqrp9VM2zC,3.838345,4.972343,7.194657,0,2591700,24.497461,Interactive,1,1.75
539700,ZuJxayBRDbGft+XMd24ZsvOXGweNiHlOm/IPFRioqsiPPwVgLKjIv3Rqrp9VM2zC,3.89773,4.86006,7.128375999999999,0,2591700,24.497461,Interactive,1,1.75
540000,ZuJxayBRDbGft+XMd24ZsvOXGweNiHlOm/IPFRioqsiPPwVgLKjIv3Rqrp9VM2zC,3.917683,5.65107,10.540922,0,2591700,24.497461,Interactive,1,1.75
540300,ZuJxayBRDbGft+XMd24ZsvOXGweNiHlOm/IPFRioqsiPPwVgLKjIv3Rqrp9VM2zC,3.885949,4.893288,7.261114999999999,0,2591700,24.497461,Interactive,1,1.75
540600,ZuJxayBRDbGft+XMd24ZsvOXGweNiHlOm/IPFRioqsiPPwVgLKjIv3Rqrp9VM2zC,3.216267,4.706605000000001,7.314269,0,2591700,24.497461,Interactive,1,1.75
540900,ZuJxayBRDbGft+XMd24ZsvOXGweNiHlOm/IPFRioqsiPPwVgLKjIv3Rqrp9VM2zC,3.788615,5.475833000000001,10.820628,0,2591700,24.497461,Interactive,1,1.75
541200,ZuJxayBRDbGft+XMd24ZsvOXGweNiHlOm/IPFRioqsiPPwVgLKjIv3Rqrp9VM2zC,3.952542,4.878881,7.139065,0,2591700,24.497461,Interactive,1,1.75
541500,ZuJxayBRDbGft+XMd24ZsvOXGweNiHlOm/IPFRioqsiPPwVgLKjIv3Rqrp9VM2zC,3.97909,4.897419999999999,7.648905,0,2591700,24.497461,Interactive,1,1.75
541800,ZuJxayBRDbGft+XMd24ZsvOXGweNiHlOm/IPFRioqsiPPwVgLKjIv3Rqrp9VM2zC,3.881985,5.57453,10.219778,0,2591700,24.497461,Interactive,1,1.75
542100,ZuJxayBRDbGft+XMd24ZsvOXGweNiHlOm/IPFRioqsiPPwVgLKjIv3Rqrp9VM2zC,3.852649,4.929704,6.962689,0,2591700,24.497461,Interactive,1,1.75
542400,ZuJxayBRDbGft+XMd24ZsvOXGweNiHlOm/IPFRioqsiPPwVgLKjIv3Rqrp9VM2zC,3.836719,5.162845,7.311006,0,2591700,24.497461,Interactive,1,1.75
542700,ZuJxayBRDbGft+XMd24ZsvOXGweNiHlOm/IPFRioqsiPPwVgLKjIv3Rqrp9VM2zC,3.965228,5.587321,10.191068,0,2591700,24.497461,Interactive,1,1.75
543000,ZuJxayBRDbGft+XMd24ZsvOXGweNiHlOm/IPFRioqsiPPwVgLKjIv3Rqrp9VM2zC,3.841383,4.8569580000000006,7.204414999999999,0,2591700,24.497461,Interactive,1,1.75
543300,ZuJxayBRDbGft+XMd24ZsvOXGweNiHlOm/IPFRioqsiPPwVgLKjIv3Rqrp9VM2zC,4.152111,4.907654,7.226245,0,2591700,24.497461,Interactive,1,1.75
543600,ZuJxayBRDbGft+XMd24ZsvOXGweNiHlOm/IPFRioqsiPPwVgLKjIv3Rqrp9VM2zC,3.942278,5.6240190000000005,10.373602,0,2591700,24.497461,Interactive,1,1.75
543900,ZuJxayBRDbGft+XMd24ZsvOXGweNiHlOm/IPFRioqsiPPwVgLKjIv3Rqrp9VM2zC,3.890942,4.933015,7.398751,0,2591700,24.497461,Interactive,1,1.75
544200,ZuJxayBRDbGft+XMd24ZsvOXGweNiHlOm/IPFRioqsiPPwVgLKjIv3Rqrp9VM2zC,3.967491,4.808038,7.420057000000001,0,2591700,24.497461,Interactive,1,1.75
544500,ZuJxayBRDbGft+XMd24ZsvOXGweNiHlOm/IPFRioqsiPPwVgLKjIv3Rqrp9VM2zC,3.987452,5.639983999999999,10.788643,0,2591700,24.497461,Interactive,1,1.75
544800,ZuJxayBRDbGft+XMd24ZsvOXGweNiHlOm/IPFRioqsiPPwVgLKjIv3Rqrp9VM2zC,3.682893,4.850119,7.195985,0,2591700,24.497461,Interactive,1,1.75
545100,ZuJxayBRDbGft+XMd24ZsvOXGweNiHlOm/IPFRioqsiPPwVgLKjIv3Rqrp9VM2zC,3.967253,4.887615,7.259469,0,2591700,24.497461,Interactive,1,1.75
545400,ZuJxayBRDbGft+XMd24ZsvOXGweNiHlOm/IPFRioqsiPPwVgLKjIv3Rqrp9VM2zC,4.026973,5.513673000000001,10.35761,0,2591700,24.497461,Interactive,1,1.75
545700,ZuJxayBRDbGft+XMd24ZsvOXGweNiHlOm/IPFRioqsiPPwVgLKjIv3Rqrp9VM2zC,3.823927,4.950216,7.216539999999999,0,2591700,24.497461,Interactive,1,1.75
546000,ZuJxayBRDbGft+XMd24ZsvOXGweNiHlOm/IPFRioqsiPPwVgLKjIv3Rqrp9VM2zC,3.80149,5.055108000000001,7.159986,0,2591700,24.497461,Interactive,1,1.75
546300,ZuJxayBRDbGft+XMd24ZsvOXGweNiHlOm/IPFRioqsiPPwVgLKjIv3Rqrp9VM2zC,3.612688,5.6633830000000005,10.230193,0,2591700,24.497461,Interactive,1,1.75
546600,ZuJxayBRDbGft+XMd24ZsvOXGweNiHlOm/IPFRioqsiPPwVgLKjIv3Rqrp9VM2zC,3.839434,4.897065,7.230036999999999,0,2591700,24.497461,Interactive,1,1.75
546900,ZuJxayBRDbGft+XMd24ZsvOXGweNiHlOm/IPFRioqsiPPwVgLKjIv3Rqrp9VM2zC,4.036425,4.9226410000000005,7.288091,0,2591700,24.497461,Interactive,1,1.75
547200,ZuJxayBRDbGft+XMd24ZsvOXGweNiHlOm/IPFRioqsiPPwVgLKjIv3Rqrp9VM2zC,3.88441,5.651607,8.756910000000001,0,2591700,24.497461,Interactive,1,1.75
547500,ZuJxayBRDbGft+XMd24ZsvOXGweNiHlOm/IPFRioqsiPPwVgLKjIv3Rqrp9VM2zC,3.731325,4.977481,7.286658999999999,0,2591700,24.497461,Interactive,1,1.75
547800,ZuJxayBRDbGft+XMd24ZsvOXGweNiHlOm/IPFRioqsiPPwVgLKjIv3Rqrp9VM2zC,3.680661,4.9016470000000005,7.21117,0,2591700,24.497461,Interactive,1,1.75
548100,ZuJxayBRDbGft+XMd24ZsvOXGweNiHlOm/IPFRioqsiPPwVgLKjIv3Rqrp9VM2zC,3.103961,5.419146,12.217032,0,2591700,24.497461,Interactive,1,1.75
548400,ZuJxayBRDbGft+XMd24ZsvOXGweNiHlOm/IPFRioqsiPPwVgLKjIv3Rqrp9VM2zC,3.782764,4.880745,7.122878,0,2591700,24.497461,Interactive,1,1.75
548700,ZuJxayBRDbGft+XMd24ZsvOXGweNiHlOm/IPFRioqsiPPwVgLKjIv3Rqrp9VM2zC,2.962367,4.874256,7.582399,0,2591700,24.497461,Interactive,1,1.75
549000,ZuJxayBRDbGft+XMd24ZsvOXGweNiHlOm/IPFRioqsiPPwVgLKjIv3Rqrp9VM2zC,3.47989,5.654704,12.154826,0,2591700,24.497461,Interactive,1,1.75
549300,ZuJxayBRDbGft+XMd24ZsvOXGweNiHlOm/IPFRioqsiPPwVgLKjIv3Rqrp9VM2zC,3.678904,5.011924,8.41344,0,2591700,24.497461,Interactive,1,1.75
549600,ZuJxayBRDbGft+XMd24ZsvOXGweNiHlOm/IPFRioqsiPPwVgLKjIv3Rqrp9VM2zC,3.651584,5.256974,7.420845,0,2591700,24.497461,Interactive,1,1.75
549900,ZuJxayBRDbGft+XMd24ZsvOXGweNiHlOm/IPFRioqsiPPwVgLKjIv3Rqrp9VM2zC,3.802575,5.790546,10.816795,0,2591700,24.497461,Interactive,1,1.75
550200,ZuJxayBRDbGft+XMd24ZsvOXGweNiHlOm/IPFRioqsiPPwVgLKjIv3Rqrp9VM2zC,3.3045660000000003,13.081813,37.640354,0,2591700,24.497461,Interactive,1,1.75
550500,ZuJxayBRDbGft+XMd24ZsvOXGweNiHlOm/IPFRioqsiPPwVgLKjIv3Rqrp9VM2zC,4.392551,6.384936,15.512652,0,2591700,24.497461,Interactive,1,1.75
550800,ZuJxayBRDbGft+XMd24ZsvOXGweNiHlOm/IPFRioqsiPPwVgLKjIv3Rqrp9VM2zC,4.139409,5.854185,10.917174,0,2591700,24.497461,Interactive,1,1.75
551100,ZuJxayBRDbGft+XMd24ZsvOXGweNiHlOm/IPFRioqsiPPwVgLKjIv3Rqrp9VM2zC,3.828598,5.144648999999999,9.173569,0,2591700,24.497461,Interactive,1,1.75
551400,ZuJxayBRDbGft+XMd24ZsvOXGweNiHlOm/IPFRioqsiPPwVgLKjIv3Rqrp9VM2zC,3.180432,4.765839,7.341148,0,2591700,24.497461,Interactive,1,1.75
551700,ZuJxayBRDbGft+XMd24ZsvOXGweNiHlOm/IPFRioqsiPPwVgLKjIv3Rqrp9VM2zC,3.934447,9.474036,42.316905,0,2591700,24.497461,Interactive,1,1.75
552000,ZuJxayBRDbGft+XMd24ZsvOXGweNiHlOm/IPFRioqsiPPwVgLKjIv3Rqrp9VM2zC,3.780098,4.910627,8.854395,0,2591700,24.497461,Interactive,1,1.75
552300,ZuJxayBRDbGft+XMd24ZsvOXGweNiHlOm/IPFRioqsiPPwVgLKjIv3Rqrp9VM2zC,3.267966,4.9112540000000005,7.654737,0,2591700,24.497461,Interactive,1,1.75
552600,ZuJxayBRDbGft+XMd24ZsvOXGweNiHlOm/IPFRioqsiPPwVgLKjIv3Rqrp9VM2zC,3.910647,5.738506,10.949941,0,2591700,24.497461,Interactive,1,1.75
552900,ZuJxayBRDbGft+XMd24ZsvOXGweNiHlOm/IPFRioqsiPPwVgLKjIv3Rqrp9VM2zC,3.705163,4.950238,8.490747,0,2591700,24.497461,Interactive,1,1.75
553200,ZuJxayBRDbGft+XMd24ZsvOXGweNiHlOm/IPFRioqsiPPwVgLKjIv3Rqrp9VM2zC,4.234639,5.30635,7.302419,0,2591700,24.497461,Interactive,1,1.75
553500,ZuJxayBRDbGft+XMd24ZsvOXGweNiHlOm/IPFRioqsiPPwVgLKjIv3Rqrp9VM2zC,3.233238,5.588199,10.993448,0,2591700,24.497461,Interactive,1,1.75
553800,ZuJxayBRDbGft+XMd24ZsvOXGweNiHlOm/IPFRioqsiPPwVgLKjIv3Rqrp9VM2zC,3.906271,4.954173,8.312873,0,2591700,24.497461,Interactive,1,1.75
554100,ZuJxayBRDbGft+XMd24ZsvOXGweNiHlOm/IPFRioqsiPPwVgLKjIv3Rqrp9VM2zC,3.299258,4.868183999999999,7.545988,0,2591700,24.497461,Interactive,1,1.75
554400,ZuJxayBRDbGft+XMd24ZsvOXGweNiHlOm/IPFRioqsiPPwVgLKjIv3Rqrp9VM2zC,3.672705,10.851663,58.37031700000001,0,2591700,24.497461,Interactive,1,1.75
554700,ZuJxayBRDbGft+XMd24ZsvOXGweNiHlOm/IPFRioqsiPPwVgLKjIv3Rqrp9VM2zC,3.823757,4.980957,9.003811,0,2591700,24.497461,Interactive,1,1.75
555000,ZuJxayBRDbGft+XMd24ZsvOXGweNiHlOm/IPFRioqsiPPwVgLKjIv3Rqrp9VM2zC,4.072838,5.0240730000000005,7.557722999999999,0,2591700,24.497461,Interactive,1,1.75
555300,ZuJxayBRDbGft+XMd24ZsvOXGweNiHlOm/IPFRioqsiPPwVgLKjIv3Rqrp9VM2zC,4.052537,5.773496,10.890886,0,2591700,24.497461,Interactive,1,1.75
555600,ZuJxayBRDbGft+XMd24ZsvOXGweNiHlOm/IPFRioqsiPPwVgLKjIv3Rqrp9VM2zC,3.415845,4.82674,8.700345,0,2591700,24.497461,Interactive,1,1.75
555900,ZuJxayBRDbGft+XMd24ZsvOXGweNiHlOm/IPFRioqsiPPwVgLKjIv3Rqrp9VM2zC,4.275030999999999,5.023827,7.804498,0,2591700,24.497461,Interactive,1,1.75
556200,ZuJxayBRDbGft+XMd24ZsvOXGweNiHlOm/IPFRioqsiPPwVgLKjIv3Rqrp9VM2zC,3.799407,5.550199,10.412878,0,2591700,24.497461,Interactive,1,1.75
556500,ZuJxayBRDbGft+XMd24ZsvOXGweNiHlOm/IPFRioqsiPPwVgLKjIv3Rqrp9VM2zC,3.907701,5.080837,9.92365,0,2591700,24.497461,Interactive,1,1.75
556800,ZuJxayBRDbGft+XMd24ZsvOXGweNiHlOm/IPFRioqsiPPwVgLKjIv3Rqrp9VM2zC,3.395481,5.087661,7.449402,0,2591700,24.497461,Interactive,1,1.75
557100,ZuJxayBRDbGft+XMd24ZsvOXGweNiHlOm/IPFRioqsiPPwVgLKjIv3Rqrp9VM2zC,3.4789510000000003,5.429125,10.421739,0,2591700,24.497461,Interactive,1,1.75
557400,ZuJxayBRDbGft+XMd24ZsvOXGweNiHlOm/IPFRioqsiPPwVgLKjIv3Rqrp9VM2zC,3.913876,4.932608999999999,8.970958999999999,0,2591700,24.497461,Interactive,1,1.75
557700,ZuJxayBRDbGft+XMd24ZsvOXGweNiHlOm/IPFRioqsiPPwVgLKjIv3Rqrp9VM2zC,3.2867040000000003,4.936527,7.597391,0,2591700,24.497461,Interactive,1,1.75
558000,ZuJxayBRDbGft+XMd24ZsvOXGweNiHlOm/IPFRioqsiPPwVgLKjIv3Rqrp9VM2zC,4.024515,5.6827510000000006,10.520457,0,2591700,24.497461,Interactive,1,1.75
558300,ZuJxayBRDbGft+XMd24ZsvOXGweNiHlOm/IPFRioqsiPPwVgLKjIv3Rqrp9VM2zC,3.592324,4.944092,9.249729,0,2591700,24.497461,Interactive,1,1.75
558600,ZuJxayBRDbGft+XMd24ZsvOXGweNiHlOm/IPFRioqsiPPwVgLKjIv3Rqrp9VM2zC,4.112761,5.010845,7.689139,0,2591700,24.497461,Interactive,1,1.75
558900,ZuJxayBRDbGft+XMd24ZsvOXGweNiHlOm/IPFRioqsiPPwVgLKjIv3Rqrp9VM2zC,4.060695,5.646301,11.018551,0,2591700,24.497461,Interactive,1,1.75
559200,ZuJxayBRDbGft+XMd24ZsvOXGweNiHlOm/IPFRioqsiPPwVgLKjIv3Rqrp9VM2zC,3.797353,4.987430000000001,8.803448,0,2591700,24.497461,Interactive,1,1.75
559500,ZuJxayBRDbGft+XMd24ZsvOXGweNiHlOm/IPFRioqsiPPwVgLKjIv3Rqrp9VM2zC,4.144289,5.436632,9.082129,0,2591700,24.497461,Interactive,1,1.75
559800,ZuJxayBRDbGft+XMd24ZsvOXGweNiHlOm/IPFRioqsiPPwVgLKjIv3Rqrp9VM2zC,3.858716,5.627945,10.853589,0,2591700,24.497461,Interactive,1,1.75
560100,ZuJxayBRDbGft+XMd24ZsvOXGweNiHlOm/IPFRioqsiPPwVgLKjIv3Rqrp9VM2zC,4.01813,5.091332,8.402158,0,2591700,24.497461,Interactive,1,1.75
560400,ZuJxayBRDbGft+XMd24ZsvOXGweNiHlOm/IPFRioqsiPPwVgLKjIv3Rqrp9VM2zC,4.190894999999999,5.250123,7.667353,0,2591700,24.497461,Interactive,1,1.75
560700,ZuJxayBRDbGft+XMd24ZsvOXGweNiHlOm/IPFRioqsiPPwVgLKjIv3Rqrp9VM2zC,3.986853,5.83019,8.371630999999999,0,2591700,24.497461,Interactive,1,1.75
561000,ZuJxayBRDbGft+XMd24ZsvOXGweNiHlOm/IPFRioqsiPPwVgLKjIv3Rqrp9VM2zC,3.3517080000000004,4.591723,6.328239,0,2591700,24.497461,Interactive,1,1.75
561300,ZuJxayBRDbGft+XMd24ZsvOXGweNiHlOm/IPFRioqsiPPwVgLKjIv3Rqrp9VM2zC,4.213303,5.241804,6.570964,0,2591700,24.497461,Interactive,1,1.75
561600,ZuJxayBRDbGft+XMd24ZsvOXGweNiHlOm/IPFRioqsiPPwVgLKjIv3Rqrp9VM2zC,3.899691,5.489152,11.068943,0,2591700,24.497461,Interactive,1,1.75
561900,ZuJxayBRDbGft+XMd24ZsvOXGweNiHlOm/IPFRioqsiPPwVgLKjIv3Rqrp9VM2zC,4.002187,4.9463870000000005,6.791128,0,2591700,24.497461,Interactive,1,1.75
562200,ZuJxayBRDbGft+XMd24ZsvOXGweNiHlOm/IPFRioqsiPPwVgLKjIv3Rqrp9VM2zC,4.014419999999999,5.916413,14.232022,0,2591700,24.497461,Interactive,1,1.75
562500,ZuJxayBRDbGft+XMd24ZsvOXGweNiHlOm/IPFRioqsiPPwVgLKjIv3Rqrp9VM2zC,3.988319,5.4919720000000005,11.10503,0,2591700,24.497461,Interactive,1,1.75
562800,ZuJxayBRDbGft+XMd24ZsvOXGweNiHlOm/IPFRioqsiPPwVgLKjIv3Rqrp9VM2zC,4.000534,4.793542,6.541671,0,2591700,24.497461,Interactive,1,1.75
563100,ZuJxayBRDbGft+XMd24ZsvOXGweNiHlOm/IPFRioqsiPPwVgLKjIv3Rqrp9VM2zC,4.062790000000001,5.055184,6.950353999999999,0,2591700,24.497461,Interactive,1,1.75
563400,ZuJxayBRDbGft+XMd24ZsvOXGweNiHlOm/IPFRioqsiPPwVgLKjIv3Rqrp9VM2zC,4.021858,5.731845,11.198616,0,2591700,24.497461,Interactive,1,1.75
563700,ZuJxayBRDbGft+XMd24ZsvOXGweNiHlOm/IPFRioqsiPPwVgLKjIv3Rqrp9VM2zC,4.061942,4.87234,6.772033,0,2591700,24.497461,Interactive,1,1.75
564000,ZuJxayBRDbGft+XMd24ZsvOXGweNiHlOm/IPFRioqsiPPwVgLKjIv3Rqrp9VM2zC,3.980067,5.41212,7.535164999999999,0,2591700,24.497461,Interactive,1,1.75
564300,ZuJxayBRDbGft+XMd24ZsvOXGweNiHlOm/IPFRioqsiPPwVgLKjIv3Rqrp9VM2zC,3.560883,5.537152,10.799364,0,2591700,24.497461,Interactive,1,1.75
564600,ZuJxayBRDbGft+XMd24ZsvOXGweNiHlOm/IPFRioqsiPPwVgLKjIv3Rqrp9VM2zC,3.938392,4.885942,6.622447,0,2591700,24.497461,Interactive,1,1.75
564900,ZuJxayBRDbGft+XMd24ZsvOXGweNiHlOm/IPFRioqsiPPwVgLKjIv3Rqrp9VM2zC,4.267636,5.220317,7.201083000000001,0,2591700,24.497461,Interactive,1,1.75
565200,ZuJxayBRDbGft+XMd24ZsvOXGweNiHlOm/IPFRioqsiPPwVgLKjIv3Rqrp9VM2zC,3.861334,5.458305,11.180917,0,2591700,24.497461,Interactive,1,1.75
565500,ZuJxayBRDbGft+XMd24ZsvOXGweNiHlOm/IPFRioqsiPPwVgLKjIv3Rqrp9VM2zC,4.070523000000001,4.909982,7.255884,0,2591700,24.497461,Interactive,1,1.75
565800,ZuJxayBRDbGft+XMd24ZsvOXGweNiHlOm/IPFRioqsiPPwVgLKjIv3Rqrp9VM2zC,4.003798000000001,5.088521,7.05352,0,2591700,24.497461,Interactive,1,1.75
566100,ZuJxayBRDbGft+XMd24ZsvOXGweNiHlOm/IPFRioqsiPPwVgLKjIv3Rqrp9VM2zC,4.07244,5.809339,10.562289,0,2591700,24.497461,Interactive,1,1.75
566400,ZuJxayBRDbGft+XMd24ZsvOXGweNiHlOm/IPFRioqsiPPwVgLKjIv3Rqrp9VM2zC,4.075003,4.735664,6.745314,0,2591700,24.497461,Interactive,1,1.75
566700,ZuJxayBRDbGft+XMd24ZsvOXGweNiHlOm/IPFRioqsiPPwVgLKjIv3Rqrp9VM2zC,4.413526,6.337071,14.162743,0,2591700,24.497461,Interactive,1,1.75
567000,ZuJxayBRDbGft+XMd24ZsvOXGweNiHlOm/IPFRioqsiPPwVgLKjIv3Rqrp9VM2zC,4.273281,6.310798999999999,11.595112,0,2591700,24.497461,Interactive,1,1.75
567300,ZuJxayBRDbGft+XMd24ZsvOXGweNiHlOm/IPFRioqsiPPwVgLKjIv3Rqrp9VM2zC,4.27528,5.4757,9.311063,0,2591700,24.497461,Interactive,1,1.75
567600,ZuJxayBRDbGft+XMd24ZsvOXGweNiHlOm/IPFRioqsiPPwVgLKjIv3Rqrp9VM2zC,3.898642,5.446128,7.631947,0,2591700,24.497461,Interactive,1,1.75
567900,ZuJxayBRDbGft+XMd24ZsvOXGweNiHlOm/IPFRioqsiPPwVgLKjIv3Rqrp9VM2zC,3.998084,5.609143,10.959611,0,2591700,24.497461,Interactive,1,1.75
568200,ZuJxayBRDbGft+XMd24ZsvOXGweNiHlOm/IPFRioqsiPPwVgLKjIv3Rqrp9VM2zC,3.978513,4.905897,7.25407,0,2591700,24.497461,Interactive,1,1.75
568500,ZuJxayBRDbGft+XMd24ZsvOXGweNiHlOm/IPFRioqsiPPwVgLKjIv3Rqrp9VM2zC,4.141801,5.150136,7.50466,0,2591700,24.497461,Interactive,1,1.75
568800,ZuJxayBRDbGft+XMd24ZsvOXGweNiHlOm/IPFRioqsiPPwVgLKjIv3Rqrp9VM2zC,4.077608000000001,5.88777,11.666768,0,2591700,24.497461,Interactive,1,1.75
569100,ZuJxayBRDbGft+XMd24ZsvOXGweNiHlOm/IPFRioqsiPPwVgLKjIv3Rqrp9VM2zC,4.119026,5.324884,8.871734,0,2591700,24.497461,Interactive,1,1.75
569400,ZuJxayBRDbGft+XMd24ZsvOXGweNiHlOm/IPFRioqsiPPwVgLKjIv3Rqrp9VM2zC,4.137797,5.2908610000000005,7.262421000000001,0,2591700,24.497461,Interactive,1,1.75
569700,ZuJxayBRDbGft+XMd24ZsvOXGweNiHlOm/IPFRioqsiPPwVgLKjIv3Rqrp9VM2zC,3.560232,5.548069,10.902414,0,2591700,24.497461,Interactive,1,1.75
570000,ZuJxayBRDbGft+XMd24ZsvOXGweNiHlOm/IPFRioqsiPPwVgLKjIv3Rqrp9VM2zC,3.969907,4.927324,7.156464,0,2591700,24.497461,Interactive,1,1.75
570300,ZuJxayBRDbGft+XMd24ZsvOXGweNiHlOm/IPFRioqsiPPwVgLKjIv3Rqrp9VM2zC,4.169257,5.364886,7.718178999999999,0,2591700,24.497461,Interactive,1,1.75
570600,ZuJxayBRDbGft+XMd24ZsvOXGweNiHlOm/IPFRioqsiPPwVgLKjIv3Rqrp9VM2zC,3.732584,5.444230999999999,10.977801,0,2591700,24.497461,Interactive,1,1.75
570900,ZuJxayBRDbGft+XMd24ZsvOXGweNiHlOm/IPFRioqsiPPwVgLKjIv3Rqrp9VM2zC,4.073301,4.960047,7.430769000000001,0,2591700,24.497461,Interactive,1,1.75
571200,ZuJxayBRDbGft+XMd24ZsvOXGweNiHlOm/IPFRioqsiPPwVgLKjIv3Rqrp9VM2zC,3.266778,5.258984,7.670577000000001,0,2591700,24.497461,Interactive,1,1.75
571500,ZuJxayBRDbGft+XMd24ZsvOXGweNiHlOm/IPFRioqsiPPwVgLKjIv3Rqrp9VM2zC,4.023339,5.881832,10.779264,0,2591700,24.497461,Interactive,1,1.75
571800,ZuJxayBRDbGft+XMd24ZsvOXGweNiHlOm/IPFRioqsiPPwVgLKjIv3Rqrp9VM2zC,3.3386690000000003,4.765874,7.0423100000000005,0,2591700,24.497461,Interactive,1,1.75
572100,ZuJxayBRDbGft+XMd24ZsvOXGweNiHlOm/IPFRioqsiPPwVgLKjIv3Rqrp9VM2zC,4.311548999999999,5.344896,7.659172,0,2591700,24.497461,Interactive,1,1.75
572400,ZuJxayBRDbGft+XMd24ZsvOXGweNiHlOm/IPFRioqsiPPwVgLKjIv3Rqrp9VM2zC,3.966541,5.656717,10.749863,0,2591700,24.497461,Interactive,1,1.75
572700,ZuJxayBRDbGft+XMd24ZsvOXGweNiHlOm/IPFRioqsiPPwVgLKjIv3Rqrp9VM2zC,4.104194000000001,5.094393,7.409882,0,2591700,24.497461,Interactive,1,1.75
573000,ZuJxayBRDbGft+XMd24ZsvOXGweNiHlOm/IPFRioqsiPPwVgLKjIv3Rqrp9VM2zC,4.027826,6.218323000000001,14.502037,0,2591700,24.497461,Interactive,1,1.75
573300,ZuJxayBRDbGft+XMd24ZsvOXGweNiHlOm/IPFRioqsiPPwVgLKjIv3Rqrp9VM2zC,4.096921,5.56907,10.382635,0,2591700,24.497461,Interactive,1,1.75
573600,ZuJxayBRDbGft+XMd24ZsvOXGweNiHlOm/IPFRioqsiPPwVgLKjIv3Rqrp9VM2zC,4.165843,4.922540000000001,7.095807000000001,0,2591700,24.497461,Interactive,1,1.75
573900,ZuJxayBRDbGft+XMd24ZsvOXGweNiHlOm/IPFRioqsiPPwVgLKjIv3Rqrp9VM2zC,4.059283,5.397793,7.733282000000001,0,2591700,24.497461,Interactive,1,1.75
574200,ZuJxayBRDbGft+XMd24ZsvOXGweNiHlOm/IPFRioqsiPPwVgLKjIv3Rqrp9VM2zC,4.0429580000000005,5.85256,12.793714,0,2591700,24.497461,Interactive,1,1.75
574500,ZuJxayBRDbGft+XMd24ZsvOXGweNiHlOm/IPFRioqsiPPwVgLKjIv3Rqrp9VM2zC,4.286306,5.176487,7.637282000000001,0,2591700,24.497461,Interactive,1,1.75
574800,ZuJxayBRDbGft+XMd24ZsvOXGweNiHlOm/IPFRioqsiPPwVgLKjIv3Rqrp9VM2zC,4.102446,5.477844,9.155455,0,2591700,24.497461,Interactive,1,1.75
575100,ZuJxayBRDbGft+XMd24ZsvOXGweNiHlOm/IPFRioqsiPPwVgLKjIv3Rqrp9VM2zC,4.463619,6.051211,14.100347,0,2591700,24.497461,Interactive,1,1.75
575400,ZuJxayBRDbGft+XMd24ZsvOXGweNiHlOm/IPFRioqsiPPwVgLKjIv3Rqrp9VM2zC,4.112388,4.971062,7.248149000000001,0,2591700,24.497461,Interactive,1,1.75
575700,ZuJxayBRDbGft+XMd24ZsvOXGweNiHlOm/IPFRioqsiPPwVgLKjIv3Rqrp9VM2zC,4.344775,5.4565410000000005,7.757328,0,2591700,24.497461,Interactive,1,1.75
576000,ZuJxayBRDbGft+XMd24ZsvOXGweNiHlOm/IPFRioqsiPPwVgLKjIv3Rqrp9VM2zC,4.31227,6.191042,16.340016000000002,0,2591700,24.497461,Interactive,1,1.75
576300,ZuJxayBRDbGft+XMd24ZsvOXGweNiHlOm/IPFRioqsiPPwVgLKjIv3Rqrp9VM2zC,4.161297,5.067487,6.959817999999999,0,2591700,24.497461,Interactive,1,1.75
576600,ZuJxayBRDbGft+XMd24ZsvOXGweNiHlOm/IPFRioqsiPPwVgLKjIv3Rqrp9VM2zC,3.667853,5.303637999999999,7.516655,0,2591700,24.497461,Interactive,1,1.75
576900,ZuJxayBRDbGft+XMd24ZsvOXGweNiHlOm/IPFRioqsiPPwVgLKjIv3Rqrp9VM2zC,4.139530000000001,6.015755,13.833742,0,2591700,24.497461,Interactive,1,1.75
577200,ZuJxayBRDbGft+XMd24ZsvOXGweNiHlOm/IPFRioqsiPPwVgLKjIv3Rqrp9VM2zC,3.856875,4.9317,6.925545,0,2591700,24.497461,Interactive,1,1.75
577500,ZuJxayBRDbGft+XMd24ZsvOXGweNiHlOm/IPFRioqsiPPwVgLKjIv3Rqrp9VM2zC,4.216689,5.5746150000000005,7.657155,0,2591700,24.497461,Interactive,1,1.75
577800,ZuJxayBRDbGft+XMd24ZsvOXGweNiHlOm/IPFRioqsiPPwVgLKjIv3Rqrp9VM2zC,4.015098,5.814102,13.562322,0,2591700,24.497461,Interactive,1,1.75
578100,ZuJxayBRDbGft+XMd24ZsvOXGweNiHlOm/IPFRioqsiPPwVgLKjIv3Rqrp9VM2zC,4.059073000000001,5.055219999999999,7.25621,0,2591700,24.497461,Interactive,1,1.75
578400,ZuJxayBRDbGft+XMd24ZsvOXGweNiHlOm/IPFRioqsiPPwVgLKjIv3Rqrp9VM2zC,4.069096,5.578286,9.08499,0,2591700,24.497461,Interactive,1,1.75
578700,ZuJxayBRDbGft+XMd24ZsvOXGweNiHlOm/IPFRioqsiPPwVgLKjIv3Rqrp9VM2zC,4.183728,5.686918,10.793095,0,2591700,24.497461,Interactive,1,1.75
579000,ZuJxayBRDbGft+XMd24ZsvOXGweNiHlOm/IPFRioqsiPPwVgLKjIv3Rqrp9VM2zC,4.094544,12.024637,47.687751,0,2591700,24.497461,Interactive,1,1.75
579300,ZuJxayBRDbGft+XMd24ZsvOXGweNiHlOm/IPFRioqsiPPwVgLKjIv3Rqrp9VM2zC,4.418866,5.537524,7.456595,0,2591700,24.497461,Interactive,1,1.75
579600,ZuJxayBRDbGft+XMd24ZsvOXGweNiHlOm/IPFRioqsiPPwVgLKjIv3Rqrp9VM2zC,4.284912,5.869008,13.289734,0,2591700,24.497461,Interactive,1,1.75
579900,ZuJxayBRDbGft+XMd24ZsvOXGweNiHlOm/IPFRioqsiPPwVgLKjIv3Rqrp9VM2zC,3.989343,5.251878,8.420195,0,2591700,24.497461,Interactive,1,1.75
580200,ZuJxayBRDbGft+XMd24ZsvOXGweNiHlOm/IPFRioqsiPPwVgLKjIv3Rqrp9VM2zC,3.899997,5.080373000000001,7.175613,0,2591700,24.497461,Interactive,1,1.75
580500,ZuJxayBRDbGft+XMd24ZsvOXGweNiHlOm/IPFRioqsiPPwVgLKjIv3Rqrp9VM2zC,3.821308,5.54782,13.620348000000002,0,2591700,24.497461,Interactive,1,1.75
580800,ZuJxayBRDbGft+XMd24ZsvOXGweNiHlOm/IPFRioqsiPPwVgLKjIv3Rqrp9VM2zC,3.743507,4.755185,6.904507000000001,0,2591700,24.497461,Interactive,1,1.75
581100,ZuJxayBRDbGft+XMd24ZsvOXGweNiHlOm/IPFRioqsiPPwVgLKjIv3Rqrp9VM2zC,4.033377,5.190538,7.507109,0,2591700,24.497461,Interactive,1,1.75
581400,ZuJxayBRDbGft+XMd24ZsvOXGweNiHlOm/IPFRioqsiPPwVgLKjIv3Rqrp9VM2zC,3.786871,6.101217,12.998773,0,2591700,24.497461,Interactive,1,1.75
581700,ZuJxayBRDbGft+XMd24ZsvOXGweNiHlOm/IPFRioqsiPPwVgLKjIv3Rqrp9VM2zC,4.037758,4.799651,7.099473,0,2591700,24.497461,Interactive,1,1.75
582000,ZuJxayBRDbGft+XMd24ZsvOXGweNiHlOm/IPFRioqsiPPwVgLKjIv3Rqrp9VM2zC,3.809449,5.234609,7.721147999999999,0,2591700,24.497461,Interactive,1,1.75
582300,ZuJxayBRDbGft+XMd24ZsvOXGweNiHlOm/IPFRioqsiPPwVgLKjIv3Rqrp9VM2zC,3.934724,5.704401,13.471749,0,2591700,24.497461,Interactive,1,1.75
582600,ZuJxayBRDbGft+XMd24ZsvOXGweNiHlOm/IPFRioqsiPPwVgLKjIv3Rqrp9VM2zC,3.750752,4.917064,6.970945,0,2591700,24.497461,Interactive,1,1.75
582900,ZuJxayBRDbGft+XMd24ZsvOXGweNiHlOm/IPFRioqsiPPwVgLKjIv3Rqrp9VM2zC,4.123695,5.195385,7.717719000000001,0,2591700,24.497461,Interactive,1,1.75
583200,ZuJxayBRDbGft+XMd24ZsvOXGweNiHlOm/IPFRioqsiPPwVgLKjIv3Rqrp9VM2zC,3.892774,5.822344,13.901628,0,2591700,24.497461,Interactive,1,1.75
583500,ZuJxayBRDbGft+XMd24ZsvOXGweNiHlOm/IPFRioqsiPPwVgLKjIv3Rqrp9VM2zC,3.955964,4.900944,7.147098,0,2591700,24.497461,Interactive,1,1.75
583800,ZuJxayBRDbGft+XMd24ZsvOXGweNiHlOm/IPFRioqsiPPwVgLKjIv3Rqrp9VM2zC,3.936572,5.617295,11.701073,0,2591700,24.497461,Interactive,1,1.75
584100,ZuJxayBRDbGft+XMd24ZsvOXGweNiHlOm/IPFRioqsiPPwVgLKjIv3Rqrp9VM2zC,3.94694,6.698589,17.285262,0,2591700,24.497461,Interactive,1,1.75
584400,ZuJxayBRDbGft+XMd24ZsvOXGweNiHlOm/IPFRioqsiPPwVgLKjIv3Rqrp9VM2zC,3.845189,4.83966,7.117767999999999,0,2591700,24.497461,Interactive,1,1.75
584700,ZuJxayBRDbGft+XMd24ZsvOXGweNiHlOm/IPFRioqsiPPwVgLKjIv3Rqrp9VM2zC,4.054162,5.220726,8.817300999999999,0,2591700,24.497461,Interactive,1,1.75
585000,ZuJxayBRDbGft+XMd24ZsvOXGweNiHlOm/IPFRioqsiPPwVgLKjIv3Rqrp9VM2zC,3.779686,5.4926900000000005,13.624445,0,2591700,24.497461,Interactive,1,1.75
585300,ZuJxayBRDbGft+XMd24ZsvOXGweNiHlOm/IPFRioqsiPPwVgLKjIv3Rqrp9VM2zC,4.021001999999999,5.125157,7.228219,0,2591700,24.497461,Interactive,1,1.75
585600,ZuJxayBRDbGft+XMd24ZsvOXGweNiHlOm/IPFRioqsiPPwVgLKjIv3Rqrp9VM2zC,3.941523,5.325495,8.996504,0,2591700,24.497461,Interactive,1,1.75
585900,ZuJxayBRDbGft+XMd24ZsvOXGweNiHlOm/IPFRioqsiPPwVgLKjIv3Rqrp9VM2zC,3.871771,5.815447,14.18226,0,2591700,24.497461,Interactive,1,1.75
586200,ZuJxayBRDbGft+XMd24ZsvOXGweNiHlOm/IPFRioqsiPPwVgLKjIv3Rqrp9VM2zC,3.658793,4.929871,7.053761,0,2591700,24.497461,Interactive,1,1.75
586500,ZuJxayBRDbGft+XMd24ZsvOXGweNiHlOm/IPFRioqsiPPwVgLKjIv3Rqrp9VM2zC,3.978429,5.363788,8.764516,0,2591700,24.497461,Interactive,1,1.75
586800,ZuJxayBRDbGft+XMd24ZsvOXGweNiHlOm/IPFRioqsiPPwVgLKjIv3Rqrp9VM2zC,3.772556,5.288657,11.066021,0,2591700,24.497461,Interactive,1,1.75
587100,ZuJxayBRDbGft+XMd24ZsvOXGweNiHlOm/IPFRioqsiPPwVgLKjIv3Rqrp9VM2zC,3.924348,5.026858,7.451629,0,2591700,24.497461,Interactive,1,1.75
587400,ZuJxayBRDbGft+XMd24ZsvOXGweNiHlOm/IPFRioqsiPPwVgLKjIv3Rqrp9VM2zC,4.010538,5.20679,8.938576,0,2591700,24.497461,Interactive,1,1.75
587700,ZuJxayBRDbGft+XMd24ZsvOXGweNiHlOm/IPFRioqsiPPwVgLKjIv3Rqrp9VM2zC,3.915839,5.629957,12.310503,0,2591700,24.497461,Interactive,1,1.75
588000,ZuJxayBRDbGft+XMd24ZsvOXGweNiHlOm/IPFRioqsiPPwVgLKjIv3Rqrp9VM2zC,3.82127,4.966903,7.339979,0,2591700,24.497461,Interactive,1,1.75
588300,ZuJxayBRDbGft+XMd24ZsvOXGweNiHlOm/IPFRioqsiPPwVgLKjIv3Rqrp9VM2zC,4.06191,5.160839,9.190837,0,2591700,24.497461,Interactive,1,1.75
588600,ZuJxayBRDbGft+XMd24ZsvOXGweNiHlOm/IPFRioqsiPPwVgLKjIv3Rqrp9VM2zC,3.410246,5.525318,12.213006,0,2591700,24.497461,Interactive,1,1.75
588900,ZuJxayBRDbGft+XMd24ZsvOXGweNiHlOm/IPFRioqsiPPwVgLKjIv3Rqrp9VM2zC,3.855292,5.046787,7.613708,0,2591700,24.497461,Interactive,1,1.75
589200,ZuJxayBRDbGft+XMd24ZsvOXGweNiHlOm/IPFRioqsiPPwVgLKjIv3Rqrp9VM2zC,2.98823,5.225045,11.707451,0,2591700,24.497461,Interactive,1,1.75
589500,ZuJxayBRDbGft+XMd24ZsvOXGweNiHlOm/IPFRioqsiPPwVgLKjIv3Rqrp9VM2zC,3.771764,4.821937999999999,7.303739,0,2591700,24.497461,Interactive,1,1.75
589800,ZuJxayBRDbGft+XMd24ZsvOXGweNiHlOm/IPFRioqsiPPwVgLKjIv3Rqrp9VM2zC,3.880688,4.967862,7.1857940000000005,0,2591700,24.497461,Interactive,1,1.75
590100,ZuJxayBRDbGft+XMd24ZsvOXGweNiHlOm/IPFRioqsiPPwVgLKjIv3Rqrp9VM2zC,3.878623,5.220545,9.652725,0,2591700,24.497461,Interactive,1,1.75
590400,ZuJxayBRDbGft+XMd24ZsvOXGweNiHlOm/IPFRioqsiPPwVgLKjIv3Rqrp9VM2zC,3.885364,5.596589,11.791953,0,2591700,24.497461,Interactive,1,1.75
590700,ZuJxayBRDbGft+XMd24ZsvOXGweNiHlOm/IPFRioqsiPPwVgLKjIv3Rqrp9VM2zC,3.755126,5.045375,7.489021000000001,0,2591700,24.497461,Interactive,1,1.75
591000,ZuJxayBRDbGft+XMd24ZsvOXGweNiHlOm/IPFRioqsiPPwVgLKjIv3Rqrp9VM2zC,3.952179,5.140758,9.048106,0,2591700,24.497461,Interactive,1,1.75
591300,ZuJxayBRDbGft+XMd24ZsvOXGweNiHlOm/IPFRioqsiPPwVgLKjIv3Rqrp9VM2zC,3.641963,5.545241000000001,11.444583,0,2591700,24.497461,Interactive,1,1.75
591600,ZuJxayBRDbGft+XMd24ZsvOXGweNiHlOm/IPFRioqsiPPwVgLKjIv3Rqrp9VM2zC,3.970529,4.996462,7.293933,0,2591700,24.497461,Interactive,1,1.75
591900,ZuJxayBRDbGft+XMd24ZsvOXGweNiHlOm/IPFRioqsiPPwVgLKjIv3Rqrp9VM2zC,3.449752,4.981502,8.819028999999999,0,2591700,24.497461,Interactive,1,1.75
592200,ZuJxayBRDbGft+XMd24ZsvOXGweNiHlOm/IPFRioqsiPPwVgLKjIv3Rqrp9VM2zC,3.896595,4.920502,7.207769,0,2591700,24.497461,Interactive,1,1.75
592500,ZuJxayBRDbGft+XMd24ZsvOXGweNiHlOm/IPFRioqsiPPwVgLKjIv3Rqrp9VM2zC,3.686766,5.021707,7.597231,0,2591700,24.497461,Interactive,1,1.75
592800,ZuJxayBRDbGft+XMd24ZsvOXGweNiHlOm/IPFRioqsiPPwVgLKjIv3Rqrp9VM2zC,4.068568,7.00029,20.192066,0,2591700,24.497461,Interactive,1,1.75
593100,ZuJxayBRDbGft+XMd24ZsvOXGweNiHlOm/IPFRioqsiPPwVgLKjIv3Rqrp9VM2zC,3.991554,6.0212900000000005,12.210652,0,2591700,24.497461,Interactive,1,1.75
593400,ZuJxayBRDbGft+XMd24ZsvOXGweNiHlOm/IPFRioqsiPPwVgLKjIv3Rqrp9VM2zC,3.199195,4.978577,7.374347,0,2591700,24.497461,Interactive,1,1.75
593700,ZuJxayBRDbGft+XMd24ZsvOXGweNiHlOm/IPFRioqsiPPwVgLKjIv3Rqrp9VM2zC,4.16592,5.270683999999999,9.14507,0,2591700,24.497461,Interactive,1,1.75
594000,ZuJxayBRDbGft+XMd24ZsvOXGweNiHlOm/IPFRioqsiPPwVgLKjIv3Rqrp9VM2zC,3.554778,5.6543470000000005,11.945604,0,2591700,24.497461,Interactive,1,1.75
594300,ZuJxayBRDbGft+XMd24ZsvOXGweNiHlOm/IPFRioqsiPPwVgLKjIv3Rqrp9VM2zC,4.026421,5.163506,7.964678,0,2591700,24.497461,Interactive,1,1.75
594600,ZuJxayBRDbGft+XMd24ZsvOXGweNiHlOm/IPFRioqsiPPwVgLKjIv3Rqrp9VM2zC,4.015331,5.160637,8.883477000000001,0,2591700,24.497461,Interactive,1,1.75
594900,ZuJxayBRDbGft+XMd24ZsvOXGweNiHlOm/IPFRioqsiPPwVgLKjIv3Rqrp9VM2zC,3.925288,4.867301,7.767036,0,2591700,24.497461,Interactive,1,1.75
595200,ZuJxayBRDbGft+XMd24ZsvOXGweNiHlOm/IPFRioqsiPPwVgLKjIv3Rqrp9VM2zC,3.850097,4.934162000000001,7.385664,0,2591700,24.497461,Interactive,1,1.75
595500,ZuJxayBRDbGft+XMd24ZsvOXGweNiHlOm/IPFRioqsiPPwVgLKjIv3Rqrp9VM2zC,3.546459,5.068873,8.168229,0,2591700,24.497461,Interactive,1,1.75
595800,ZuJxayBRDbGft+XMd24ZsvOXGweNiHlOm/IPFRioqsiPPwVgLKjIv3Rqrp9VM2zC,4.029984,5.603553,12.046154,0,2591700,24.497461,Interactive,1,1.75
596100,ZuJxayBRDbGft+XMd24ZsvOXGweNiHlOm/IPFRioqsiPPwVgLKjIv3Rqrp9VM2zC,4.115836,5.170737,7.464281,0,2591700,24.497461,Interactive,1,1.75
596400,ZuJxayBRDbGft+XMd24ZsvOXGweNiHlOm/IPFRioqsiPPwVgLKjIv3Rqrp9VM2zC,4.240319,5.483676999999999,10.566473,0,2591700,24.497461,Interactive,1,1.75
596700,ZuJxayBRDbGft+XMd24ZsvOXGweNiHlOm/IPFRioqsiPPwVgLKjIv3Rqrp9VM2zC,4.156663,6.251706,12.014227,0,2591700,24.497461,Interactive,1,1.75
597000,ZuJxayBRDbGft+XMd24ZsvOXGweNiHlOm/IPFRioqsiPPwVgLKjIv3Rqrp9VM2zC,3.818953,5.014096,7.431437,0,2591700,24.497461,Interactive,1,1.75
597300,ZuJxayBRDbGft+XMd24ZsvOXGweNiHlOm/IPFRioqsiPPwVgLKjIv3Rqrp9VM2zC,3.528494,5.058517,7.81003,0,2591700,24.497461,Interactive,1,1.75
597600,ZuJxayBRDbGft+XMd24ZsvOXGweNiHlOm/IPFRioqsiPPwVgLKjIv3Rqrp9VM2zC,3.340246,4.838602,7.354336,0,2591700,24.497461,Interactive,1,1.75
597900,ZuJxayBRDbGft+XMd24ZsvOXGweNiHlOm/IPFRioqsiPPwVgLKjIv3Rqrp9VM2zC,4.072291000000001,9.637999,49.063722,0,2591700,24.497461,Interactive,1,1.75
598200,ZuJxayBRDbGft+XMd24ZsvOXGweNiHlOm/IPFRioqsiPPwVgLKjIv3Rqrp9VM2zC,4.40974,5.460095,7.940202,0,2591700,24.497461,Interactive,1,1.75
598500,ZuJxayBRDbGft+XMd24ZsvOXGweNiHlOm/IPFRioqsiPPwVgLKjIv3Rqrp9VM2zC,4.144011,5.737782,12.216579,0,2591700,24.497461,Interactive,1,1.75
598800,ZuJxayBRDbGft+XMd24ZsvOXGweNiHlOm/IPFRioqsiPPwVgLKjIv3Rqrp9VM2zC,3.506706,4.980965,7.405978999999999,0,2591700,24.497461,Interactive,1,1.75
599100,ZuJxayBRDbGft+XMd24ZsvOXGweNiHlOm/IPFRioqsiPPwVgLKjIv3Rqrp9VM2zC,3.856764,5.172023,7.657553999999999,0,2591700,24.497461,Interactive,1,1.75
599400,ZuJxayBRDbGft+XMd24ZsvOXGweNiHlOm/IPFRioqsiPPwVgLKjIv3Rqrp9VM2zC,4.169228,5.645606,11.842762,0,2591700,24.497461,Interactive,1,1.75
599700,ZuJxayBRDbGft+XMd24ZsvOXGweNiHlOm/IPFRioqsiPPwVgLKjIv3Rqrp9VM2zC,3.991499,5.282534,7.767324,0,2591700,24.497461,Interactive,1,1.75
600000,ZuJxayBRDbGft+XMd24ZsvOXGweNiHlOm/IPFRioqsiPPwVgLKjIv3Rqrp9VM2zC,3.521447,5.495819,10.802325,0,2591700,24.497461,Interactive,1,1.75
600300,ZuJxayBRDbGft+XMd24ZsvOXGweNiHlOm/IPFRioqsiPPwVgLKjIv3Rqrp9VM2zC,4.121142,5.12003,7.651877000000001,0,2591700,24.497461,Interactive,1,1.75
600600,ZuJxayBRDbGft+XMd24ZsvOXGweNiHlOm/IPFRioqsiPPwVgLKjIv3Rqrp9VM2zC,4.003080000000001,7.461448,31.660168,0,2591700,24.497461,Interactive,1,1.75
600900,ZuJxayBRDbGft+XMd24ZsvOXGweNiHlOm/IPFRioqsiPPwVgLKjIv3Rqrp9VM2zC,4.102992,5.513326999999999,8.179667,0,2591700,24.497461,Interactive,1,1.75
601200,ZuJxayBRDbGft+XMd24ZsvOXGweNiHlOm/IPFRioqsiPPwVgLKjIv3Rqrp9VM2zC,3.966237000000001,5.059885,7.747062,0,2591700,24.497461,Interactive,1,1.75
601500,ZuJxayBRDbGft+XMd24ZsvOXGweNiHlOm/IPFRioqsiPPwVgLKjIv3Rqrp9VM2zC,2.78317,5.642388,11.493686,0,2591700,24.497461,Interactive,1,1.75
601800,ZuJxayBRDbGft+XMd24ZsvOXGweNiHlOm/IPFRioqsiPPwVgLKjIv3Rqrp9VM2zC,4.144849,5.236796,7.681031,0,2591700,24.497461,Interactive,1,1.75
602100,ZuJxayBRDbGft+XMd24ZsvOXGweNiHlOm/IPFRioqsiPPwVgLKjIv3Rqrp9VM2zC,2.859567,4.910826,7.589764999999999,0,2591700,24.497461,Interactive,1,1.75
602400,ZuJxayBRDbGft+XMd24ZsvOXGweNiHlOm/IPFRioqsiPPwVgLKjIv3Rqrp9VM2zC,3.950819,5.693776000000001,11.338542,0,2591700,24.497461,Interactive,1,1.75
602700,ZuJxayBRDbGft+XMd24ZsvOXGweNiHlOm/IPFRioqsiPPwVgLKjIv3Rqrp9VM2zC,4.154749,5.182481,7.83016,0,2591700,24.497461,Interactive,1,1.75
603000,ZuJxayBRDbGft+XMd24ZsvOXGweNiHlOm/IPFRioqsiPPwVgLKjIv3Rqrp9VM2zC,4.130835,4.997642,7.498050999999999,0,2591700,24.497461,Interactive,1,1.75
603300,ZuJxayBRDbGft+XMd24ZsvOXGweNiHlOm/IPFRioqsiPPwVgLKjIv3Rqrp9VM2zC,4.06974,5.827119000000001,11.977863,0,2591700,24.497461,Interactive,1,1.75
603600,ZuJxayBRDbGft+XMd24ZsvOXGweNiHlOm/IPFRioqsiPPwVgLKjIv3Rqrp9VM2zC,4.149079,5.577308,11.361793,0,2591700,24.497461,Interactive,1,1.75
603900,ZuJxayBRDbGft+XMd24ZsvOXGweNiHlOm/IPFRioqsiPPwVgLKjIv3Rqrp9VM2zC,4.04426,5.096263,7.756527,0,2591700,24.497461,Interactive,1,1.75
604200,ZuJxayBRDbGft+XMd24ZsvOXGweNiHlOm/IPFRioqsiPPwVgLKjIv3Rqrp9VM2zC,3.586896,5.630593,11.27392,0,2591700,24.497461,Interactive,1,1.75
604500,ZuJxayBRDbGft+XMd24ZsvOXGweNiHlOm/IPFRioqsiPPwVgLKjIv3Rqrp9VM2zC,3.943993,5.337495,8.172603,0,2591700,24.497461,Interactive,1,1.75
604800,ZuJxayBRDbGft+XMd24ZsvOXGweNiHlOm/IPFRioqsiPPwVgLKjIv3Rqrp9VM2zC,3.389631,4.888861,7.478563,0,2591700,24.497461,Interactive,1,1.75
605100,ZuJxayBRDbGft+XMd24ZsvOXGweNiHlOm/IPFRioqsiPPwVgLKjIv3Rqrp9VM2zC,4.032845,5.726083,11.476755,0,2591700,24.497461,Interactive,1,1.75
605400,ZuJxayBRDbGft+XMd24ZsvOXGweNiHlOm/IPFRioqsiPPwVgLKjIv3Rqrp9VM2zC,4.239536,5.35431,7.768597,0,2591700,24.497461,Interactive,1,1.75
605700,ZuJxayBRDbGft+XMd24ZsvOXGweNiHlOm/IPFRioqsiPPwVgLKjIv3Rqrp9VM2zC,4.05912,4.917362000000001,7.601156,0,2591700,24.497461,Interactive,1,1.75
606000,ZuJxayBRDbGft+XMd24ZsvOXGweNiHlOm/IPFRioqsiPPwVgLKjIv3Rqrp9VM2zC,3.898676,5.567896,11.598801,0,2591700,24.497461,Interactive,1,1.75
606300,ZuJxayBRDbGft+XMd24ZsvOXGweNiHlOm/IPFRioqsiPPwVgLKjIv3Rqrp9VM2zC,4.135942,5.183795,8.312146,0,2591700,24.497461,Interactive,1,1.75
606600,ZuJxayBRDbGft+XMd24ZsvOXGweNiHlOm/IPFRioqsiPPwVgLKjIv3Rqrp9VM2zC,4.036664,4.984518,7.575677000000001,0,2591700,24.497461,Interactive,1,1.75
606900,ZuJxayBRDbGft+XMd24ZsvOXGweNiHlOm/IPFRioqsiPPwVgLKjIv3Rqrp9VM2zC,3.915844,5.9104410000000005,11.666231,0,2591700,24.497461,Interactive,1,1.75
607200,ZuJxayBRDbGft+XMd24ZsvOXGweNiHlOm/IPFRioqsiPPwVgLKjIv3Rqrp9VM2zC,3.991941,5.339073,10.738873,0,2591700,24.497461,Interactive,1,1.75
607500,ZuJxayBRDbGft+XMd24ZsvOXGweNiHlOm/IPFRioqsiPPwVgLKjIv3Rqrp9VM2zC,3.99839,5.443726,7.547103999999999,0,2591700,24.497461,Interactive,1,1.75
607800,ZuJxayBRDbGft+XMd24ZsvOXGweNiHlOm/IPFRioqsiPPwVgLKjIv3Rqrp9VM2zC,3.965049,12.699656,46.297157,0,2591700,24.497461,Interactive,1,1.75
608100,ZuJxayBRDbGft+XMd24ZsvOXGweNiHlOm/IPFRioqsiPPwVgLKjIv3Rqrp9VM2zC,4.123571,5.119475,7.700917,0,2591700,24.497461,Interactive,1,1.75
608400,ZuJxayBRDbGft+XMd24ZsvOXGweNiHlOm/IPFRioqsiPPwVgLKjIv3Rqrp9VM2zC,3.909328,5.194124,7.370203,0,2591700,24.497461,Interactive,1,1.75
608700,ZuJxayBRDbGft+XMd24ZsvOXGweNiHlOm/IPFRioqsiPPwVgLKjIv3Rqrp9VM2zC,3.285941,5.594536,11.752677,0,2591700,24.497461,Interactive,1,1.75
609000,ZuJxayBRDbGft+XMd24ZsvOXGweNiHlOm/IPFRioqsiPPwVgLKjIv3Rqrp9VM2zC,4.048401,5.336504,7.93142,0,2591700,24.497461,Interactive,1,1.75
609300,ZuJxayBRDbGft+XMd24ZsvOXGweNiHlOm/IPFRioqsiPPwVgLKjIv3Rqrp9VM2zC,4.075027,5.085529,7.43133,0,2591700,24.497461,Interactive,1,1.75
609600,ZuJxayBRDbGft+XMd24ZsvOXGweNiHlOm/IPFRioqsiPPwVgLKjIv3Rqrp9VM2zC,2.762966,5.518033999999999,11.219596,0,2591700,24.497461,Interactive,1,1.75
609900,ZuJxayBRDbGft+XMd24ZsvOXGweNiHlOm/IPFRioqsiPPwVgLKjIv3Rqrp9VM2zC,4.032362,5.059856,7.961537,0,2591700,24.497461,Interactive,1,1.75
610200,ZuJxayBRDbGft+XMd24ZsvOXGweNiHlOm/IPFRioqsiPPwVgLKjIv3Rqrp9VM2zC,3.458107,5.115367,7.496523,0,2591700,24.497461,Interactive,1,1.75
610500,ZuJxayBRDbGft+XMd24ZsvOXGweNiHlOm/IPFRioqsiPPwVgLKjIv3Rqrp9VM2zC,3.934419,5.777072,11.1475,0,2591700,24.497461,Interactive,1,1.75
610800,ZuJxayBRDbGft+XMd24ZsvOXGweNiHlOm/IPFRioqsiPPwVgLKjIv3Rqrp9VM2zC,4.118674,5.894557,10.957562,0,2591700,24.497461,Interactive,1,1.75
611100,ZuJxayBRDbGft+XMd24ZsvOXGweNiHlOm/IPFRioqsiPPwVgLKjIv3Rqrp9VM2zC,4.021114,5.23644,7.755127000000001,0,2591700,24.497461,Interactive,1,1.75
611400,ZuJxayBRDbGft+XMd24ZsvOXGweNiHlOm/IPFRioqsiPPwVgLKjIv3Rqrp9VM2zC,3.728776,5.622281,12.06851,0,2591700,24.497461,Interactive,1,1.75
611700,ZuJxayBRDbGft+XMd24ZsvOXGweNiHlOm/IPFRioqsiPPwVgLKjIv3Rqrp9VM2zC,4.130445,5.068231,7.979627000000001,0,2591700,24.497461,Interactive,1,1.75
612000,ZuJxayBRDbGft+XMd24ZsvOXGweNiHlOm/IPFRioqsiPPwVgLKjIv3Rqrp9VM2zC,4.173121,5.122881,7.532242999999999,0,2591700,24.497461,Interactive,1,1.75
612300,ZuJxayBRDbGft+XMd24ZsvOXGweNiHlOm/IPFRioqsiPPwVgLKjIv3Rqrp9VM2zC,3.715674,5.698608999999999,11.094566,0,2591700,24.497461,Interactive,1,1.75
612600,ZuJxayBRDbGft+XMd24ZsvOXGweNiHlOm/IPFRioqsiPPwVgLKjIv3Rqrp9VM2zC,4.064786,5.067046,7.902966,0,2591700,24.497461,Interactive,1,1.75
612900,ZuJxayBRDbGft+XMd24ZsvOXGweNiHlOm/IPFRioqsiPPwVgLKjIv3Rqrp9VM2zC,3.825885,5.142498000000001,7.691552000000001,0,2591700,24.497461,Interactive,1,1.75
613200,ZuJxayBRDbGft+XMd24ZsvOXGweNiHlOm/IPFRioqsiPPwVgLKjIv3Rqrp9VM2zC,3.965576,5.674235,11.477477,0,2591700,24.497461,Interactive,1,1.75
613500,ZuJxayBRDbGft+XMd24ZsvOXGweNiHlOm/IPFRioqsiPPwVgLKjIv3Rqrp9VM2zC,3.593556,5.017464,7.878686999999999,0,2591700,24.497461,Interactive,1,1.75
613800,ZuJxayBRDbGft+XMd24ZsvOXGweNiHlOm/IPFRioqsiPPwVgLKjIv3Rqrp9VM2zC,3.8884,5.144037,7.615099000000001,0,2591700,24.497461,Interactive,1,1.75
614100,ZuJxayBRDbGft+XMd24ZsvOXGweNiHlOm/IPFRioqsiPPwVgLKjIv3Rqrp9VM2zC,3.680713,5.571189,9.873476,0,2591700,24.497461,Interactive,1,1.75
614400,ZuJxayBRDbGft+XMd24ZsvOXGweNiHlOm/IPFRioqsiPPwVgLKjIv3Rqrp9VM2zC,3.4860050000000005,5.345733999999999,11.733084,0,2591700,24.497461,Interactive,1,1.75
614700,ZuJxayBRDbGft+XMd24ZsvOXGweNiHlOm/IPFRioqsiPPwVgLKjIv3Rqrp9VM2zC,4.0807970000000005,5.27473,7.829089999999999,0,2591700,24.497461,Interactive,1,1.75
615000,ZuJxayBRDbGft+XMd24ZsvOXGweNiHlOm/IPFRioqsiPPwVgLKjIv3Rqrp9VM2zC,3.1272740000000003,5.593459999999999,10.778411,0,2591700,24.497461,Interactive,1,1.75
615300,ZuJxayBRDbGft+XMd24ZsvOXGweNiHlOm/IPFRioqsiPPwVgLKjIv3Rqrp9VM2zC,4.135843,5.131068,8.192843,0,2591700,24.497461,Interactive,1,1.75
615600,ZuJxayBRDbGft+XMd24ZsvOXGweNiHlOm/IPFRioqsiPPwVgLKjIv3Rqrp9VM2zC,4.036281,5.134528,7.5226,0,2591700,24.497461,Interactive,1,1.75
615900,ZuJxayBRDbGft+XMd24ZsvOXGweNiHlOm/IPFRioqsiPPwVgLKjIv3Rqrp9VM2zC,4.003811,5.769239,10.779241,0,2591700,24.497461,Interactive,1,1.75
616200,ZuJxayBRDbGft+XMd24ZsvOXGweNiHlOm/IPFRioqsiPPwVgLKjIv3Rqrp9VM2zC,2.97578,5.01179,8.020347000000001,0,2591700,24.497461,Interactive,1,1.75
616500,ZuJxayBRDbGft+XMd24ZsvOXGweNiHlOm/IPFRioqsiPPwVgLKjIv3Rqrp9VM2zC,4.136691000000001,5.294512999999999,7.794464,0,2591700,24.497461,Interactive,1,1.75
616800,ZuJxayBRDbGft+XMd24ZsvOXGweNiHlOm/IPFRioqsiPPwVgLKjIv3Rqrp9VM2zC,3.977383,5.602942,11.03691,0,2591700,24.497461,Interactive,1,1.75
617100,ZuJxayBRDbGft+XMd24ZsvOXGweNiHlOm/IPFRioqsiPPwVgLKjIv3Rqrp9VM2zC,3.483379,5.086024,8.291974,0,2591700,24.497461,Interactive,1,1.75
617400,ZuJxayBRDbGft+XMd24ZsvOXGweNiHlOm/IPFRioqsiPPwVgLKjIv3Rqrp9VM2zC,3.987181,5.149478,7.558382000000001,0,2591700,24.497461,Interactive,1,1.75
617700,ZuJxayBRDbGft+XMd24ZsvOXGweNiHlOm/IPFRioqsiPPwVgLKjIv3Rqrp9VM2zC,4.10154,5.78755,10.957251,0,2591700,24.497461,Interactive,1,1.75
618000,ZuJxayBRDbGft+XMd24ZsvOXGweNiHlOm/IPFRioqsiPPwVgLKjIv3Rqrp9VM2zC,4.031285,5.468343,11.417584,0,2591700,24.497461,Interactive,1,1.75
618300,ZuJxayBRDbGft+XMd24ZsvOXGweNiHlOm/IPFRioqsiPPwVgLKjIv3Rqrp9VM2zC,3.631828,5.216214,8.014873,0,2591700,24.497461,Interactive,1,1.75
618600,ZuJxayBRDbGft+XMd24ZsvOXGweNiHlOm/IPFRioqsiPPwVgLKjIv3Rqrp9VM2zC,4.041556,5.574033999999999,11.089392,0,2591700,24.497461,Interactive,1,1.75
618900,ZuJxayBRDbGft+XMd24ZsvOXGweNiHlOm/IPFRioqsiPPwVgLKjIv3Rqrp9VM2zC,4.150245,5.50035,8.103598,0,2591700,24.497461,Interactive,1,1.75
619200,ZuJxayBRDbGft+XMd24ZsvOXGweNiHlOm/IPFRioqsiPPwVgLKjIv3Rqrp9VM2zC,4.101094,5.133652,7.662169,0,2591700,24.497461,Interactive,1,1.75
619500,ZuJxayBRDbGft+XMd24ZsvOXGweNiHlOm/IPFRioqsiPPwVgLKjIv3Rqrp9VM2zC,3.95566,5.477266,11.066485,0,2591700,24.497461,Interactive,1,1.75
619800,ZuJxayBRDbGft+XMd24ZsvOXGweNiHlOm/IPFRioqsiPPwVgLKjIv3Rqrp9VM2zC,4.145644,5.256587000000001,8.366791000000001,0,2591700,24.497461,Interactive,1,1.75
620100,ZuJxayBRDbGft+XMd24ZsvOXGweNiHlOm/IPFRioqsiPPwVgLKjIv3Rqrp9VM2zC,4.051656,5.284009999999999,8.010228,0,2591700,24.497461,Interactive,1,1.75
620400,ZuJxayBRDbGft+XMd24ZsvOXGweNiHlOm/IPFRioqsiPPwVgLKjIv3Rqrp9VM2zC,4.027141,5.717621,10.670261,0,2591700,24.497461,Interactive,1,1.75
620700,ZuJxayBRDbGft+XMd24ZsvOXGweNiHlOm/IPFRioqsiPPwVgLKjIv3Rqrp9VM2zC,4.066059,5.270313,8.362142,0,2591700,24.497461,Interactive,1,1.75
621000,ZuJxayBRDbGft+XMd24ZsvOXGweNiHlOm/IPFRioqsiPPwVgLKjIv3Rqrp9VM2zC,4.122975,5.228332,7.610141,0,2591700,24.497461,Interactive,1,1.75
621300,ZuJxayBRDbGft+XMd24ZsvOXGweNiHlOm/IPFRioqsiPPwVgLKjIv3Rqrp9VM2zC,4.034389,5.610571,10.947458,0,2591700,24.497461,Interactive,1,1.75
621600,ZuJxayBRDbGft+XMd24ZsvOXGweNiHlOm/IPFRioqsiPPwVgLKjIv3Rqrp9VM2zC,4.042269,5.563737000000001,11.459628,0,2591700,24.497461,Interactive,1,1.75
621900,ZuJxayBRDbGft+XMd24ZsvOXGweNiHlOm/IPFRioqsiPPwVgLKjIv3Rqrp9VM2zC,4.099503,5.306584,8.033472999999999,0,2591700,24.497461,Interactive,1,1.75
622200,ZuJxayBRDbGft+XMd24ZsvOXGweNiHlOm/IPFRioqsiPPwVgLKjIv3Rqrp9VM2zC,3.93859,5.578318,11.003508,0,2591700,24.497461,Interactive,1,1.75
622500,ZuJxayBRDbGft+XMd24ZsvOXGweNiHlOm/IPFRioqsiPPwVgLKjIv3Rqrp9VM2zC,2.971083,5.14864,8.424843,0,2591700,24.497461,Interactive,1,1.75
622800,ZuJxayBRDbGft+XMd24ZsvOXGweNiHlOm/IPFRioqsiPPwVgLKjIv3Rqrp9VM2zC,3.969682,5.20069,7.670897999999999,0,2591700,24.497461,Interactive,1,1.75
623100,ZuJxayBRDbGft+XMd24ZsvOXGweNiHlOm/IPFRioqsiPPwVgLKjIv3Rqrp9VM2zC,4.196046,5.903231,11.290647,0,2591700,24.497461,Interactive,1,1.75
623400,ZuJxayBRDbGft+XMd24ZsvOXGweNiHlOm/IPFRioqsiPPwVgLKjIv3Rqrp9VM2zC,3.985259,5.212496,7.864705000000001,0,2591700,24.497461,Interactive,1,1.75
623700,ZuJxayBRDbGft+XMd24ZsvOXGweNiHlOm/IPFRioqsiPPwVgLKjIv3Rqrp9VM2zC,3.676553,5.175491,7.921416000000001,0,2591700,24.497461,Interactive,1,1.75
624000,ZuJxayBRDbGft+XMd24ZsvOXGweNiHlOm/IPFRioqsiPPwVgLKjIv3Rqrp9VM2zC,3.954691,5.546792,10.830821,0,2591700,24.497461,Interactive,1,1.75
624300,ZuJxayBRDbGft+XMd24ZsvOXGweNiHlOm/IPFRioqsiPPwVgLKjIv3Rqrp9VM2zC,4.069961,5.312253,8.175434,0,2591700,24.497461,Interactive,1,1.75
624600,ZuJxayBRDbGft+XMd24ZsvOXGweNiHlOm/IPFRioqsiPPwVgLKjIv3Rqrp9VM2zC,4.078991,5.234232,7.765173,0,2591700,24.497461,Interactive,1,1.75
624900,ZuJxayBRDbGft+XMd24ZsvOXGweNiHlOm/IPFRioqsiPPwVgLKjIv3Rqrp9VM2zC,4.013230999999999,5.623481,11.449276,0,2591700,24.497461,Interactive,1,1.75
625200,ZuJxayBRDbGft+XMd24ZsvOXGweNiHlOm/IPFRioqsiPPwVgLKjIv3Rqrp9VM2zC,4.19497,5.624021,11.890581,0,2591700,24.497461,Interactive,1,1.75
625500,ZuJxayBRDbGft+XMd24ZsvOXGweNiHlOm/IPFRioqsiPPwVgLKjIv3Rqrp9VM2zC,4.179528,5.3000940000000005,8.187394,0,2591700,24.497461,Interactive,1,1.75
625800,ZuJxayBRDbGft+XMd24ZsvOXGweNiHlOm/IPFRioqsiPPwVgLKjIv3Rqrp9VM2zC,3.930978,5.654669999999999,10.706992,0,2591700,24.497461,Interactive,1,1.75
626100,ZuJxayBRDbGft+XMd24ZsvOXGweNiHlOm/IPFRioqsiPPwVgLKjIv3Rqrp9VM2zC,4.179374,5.280935,8.324539,0,2591700,24.497461,Interactive,1,1.75
626400,ZuJxayBRDbGft+XMd24ZsvOXGweNiHlOm/IPFRioqsiPPwVgLKjIv3Rqrp9VM2zC,3.808927,5.672782,9.238749,0,2591700,24.497461,Interactive,1,1.75
626700,ZuJxayBRDbGft+XMd24ZsvOXGweNiHlOm/IPFRioqsiPPwVgLKjIv3Rqrp9VM2zC,3.973337,5.6989730000000005,10.813575,0,2591700,24.497461,Interactive,1,1.75
627000,ZuJxayBRDbGft+XMd24ZsvOXGweNiHlOm/IPFRioqsiPPwVgLKjIv3Rqrp9VM2zC,4.039465,5.373803,8.019563,0,2591700,24.497461,Interactive,1,1.75
627300,ZuJxayBRDbGft+XMd24ZsvOXGweNiHlOm/IPFRioqsiPPwVgLKjIv3Rqrp9VM2zC,4.109233000000001,5.324433,8.402302,0,2591700,24.497461,Interactive,1,1.75
627600,ZuJxayBRDbGft+XMd24ZsvOXGweNiHlOm/IPFRioqsiPPwVgLKjIv3Rqrp9VM2zC,3.971295,5.522812999999999,10.440025,0,2591700,24.497461,Interactive,1,1.75
627900,ZuJxayBRDbGft+XMd24ZsvOXGweNiHlOm/IPFRioqsiPPwVgLKjIv3Rqrp9VM2zC,4.295537,5.368799,8.809244,0,2591700,24.497461,Interactive,1,1.75
628200,ZuJxayBRDbGft+XMd24ZsvOXGweNiHlOm/IPFRioqsiPPwVgLKjIv3Rqrp9VM2zC,3.998631,5.201752,7.957729,0,2591700,24.497461,Interactive,1,1.75
628500,ZuJxayBRDbGft+XMd24ZsvOXGweNiHlOm/IPFRioqsiPPwVgLKjIv3Rqrp9VM2zC,4.03644,5.811623,10.797087,0,2591700,24.497461,Interactive,1,1.75
628800,ZuJxayBRDbGft+XMd24ZsvOXGweNiHlOm/IPFRioqsiPPwVgLKjIv3Rqrp9VM2zC,4.195838,5.654617,11.883368,0,2591700,24.497461,Interactive,1,1.75
629100,ZuJxayBRDbGft+XMd24ZsvOXGweNiHlOm/IPFRioqsiPPwVgLKjIv3Rqrp9VM2zC,3.906184,5.238913,8.351545,0,2591700,24.497461,Interactive,1,1.75
629400,ZuJxayBRDbGft+XMd24ZsvOXGweNiHlOm/IPFRioqsiPPwVgLKjIv3Rqrp9VM2zC,3.927805,5.5171410000000005,10.842539,0,2591700,24.497461,Interactive,1,1.75
629700,ZuJxayBRDbGft+XMd24ZsvOXGweNiHlOm/IPFRioqsiPPwVgLKjIv3Rqrp9VM2zC,3.879821,5.174443,8.510299,0,2591700,24.497461,Interactive,1,1.75
630000,ZuJxayBRDbGft+XMd24ZsvOXGweNiHlOm/IPFRioqsiPPwVgLKjIv3Rqrp9VM2zC,3.986643,5.125501,9.609176,0,2591700,24.497461,Interactive,1,1.75
630300,ZuJxayBRDbGft+XMd24ZsvOXGweNiHlOm/IPFRioqsiPPwVgLKjIv3Rqrp9VM2zC,3.855481,5.4724580000000005,10.54,0,2591700,24.497461,Interactive,1,1.75
630600,ZuJxayBRDbGft+XMd24ZsvOXGweNiHlOm/IPFRioqsiPPwVgLKjIv3Rqrp9VM2zC,4.02431,5.64967,12.937827,0,2591700,24.497461,Interactive,1,1.75
630900,ZuJxayBRDbGft+XMd24ZsvOXGweNiHlOm/IPFRioqsiPPwVgLKjIv3Rqrp9VM2zC,3.848318,5.131966,9.954061,0,2591700,24.497461,Interactive,1,1.75
631200,ZuJxayBRDbGft+XMd24ZsvOXGweNiHlOm/IPFRioqsiPPwVgLKjIv3Rqrp9VM2zC,3.937105,5.577833,10.726513,0,2591700,24.497461,Interactive,1,1.75
631500,ZuJxayBRDbGft+XMd24ZsvOXGweNiHlOm/IPFRioqsiPPwVgLKjIv3Rqrp9VM2zC,4.1098550000000005,5.175253,8.597845,0,2591700,24.497461,Interactive,1,1.75
631800,ZuJxayBRDbGft+XMd24ZsvOXGweNiHlOm/IPFRioqsiPPwVgLKjIv3Rqrp9VM2zC,3.962279,5.093471,9.7617,0,2591700,24.497461,Interactive,1,1.75
632100,ZuJxayBRDbGft+XMd24ZsvOXGweNiHlOm/IPFRioqsiPPwVgLKjIv3Rqrp9VM2zC,3.920608,5.543736,10.618116,0,2591700,24.497461,Interactive,1,1.75
632400,ZuJxayBRDbGft+XMd24ZsvOXGweNiHlOm/IPFRioqsiPPwVgLKjIv3Rqrp9VM2zC,3.681152,5.551784,12.460893,0,2591700,24.497461,Interactive,1,1.75
632700,ZuJxayBRDbGft+XMd24ZsvOXGweNiHlOm/IPFRioqsiPPwVgLKjIv3Rqrp9VM2zC,4.058568,5.266041,10.212779,0,2591700,24.497461,Interactive,1,1.75
633000,ZuJxayBRDbGft+XMd24ZsvOXGweNiHlOm/IPFRioqsiPPwVgLKjIv3Rqrp9VM2zC,3.895972,5.416386,10.441653,0,2591700,24.497461,Interactive,1,1.75
633300,ZuJxayBRDbGft+XMd24ZsvOXGweNiHlOm/IPFRioqsiPPwVgLKjIv3Rqrp9VM2zC,4.192605,6.227385,18.100083,0,2591700,24.497461,Interactive,1,1.75
633600,ZuJxayBRDbGft+XMd24ZsvOXGweNiHlOm/IPFRioqsiPPwVgLKjIv3Rqrp9VM2zC,3.932938,5.109854,9.735274,0,2591700,24.497461,Interactive,1,1.75
633900,ZuJxayBRDbGft+XMd24ZsvOXGweNiHlOm/IPFRioqsiPPwVgLKjIv3Rqrp9VM2zC,3.390431,5.496455999999999,10.751749,0,2591700,24.497461,Interactive,1,1.75
634200,ZuJxayBRDbGft+XMd24ZsvOXGweNiHlOm/IPFRioqsiPPwVgLKjIv3Rqrp9VM2zC,4.011026,5.196703,8.644534,0,2591700,24.497461,Interactive,1,1.75
634500,ZuJxayBRDbGft+XMd24ZsvOXGweNiHlOm/IPFRioqsiPPwVgLKjIv3Rqrp9VM2zC,3.982453,5.281305000000001,9.95,0,2591700,24.497461,Interactive,1,1.75
634800,ZuJxayBRDbGft+XMd24ZsvOXGweNiHlOm/IPFRioqsiPPwVgLKjIv3Rqrp9VM2zC,3.901382,5.594208999999999,10.722978,0,2591700,24.497461,Interactive,1,1.75
635100,ZuJxayBRDbGft+XMd24ZsvOXGweNiHlOm/IPFRioqsiPPwVgLKjIv3Rqrp9VM2zC,3.61643,5.167286,8.601773,0,2591700,24.497461,Interactive,1,1.75
635400,ZuJxayBRDbGft+XMd24ZsvOXGweNiHlOm/IPFRioqsiPPwVgLKjIv3Rqrp9VM2zC,4.175726,5.270346,9.703648,0,2591700,24.497461,Interactive,1,1.75
635700,ZuJxayBRDbGft+XMd24ZsvOXGweNiHlOm/IPFRioqsiPPwVgLKjIv3Rqrp9VM2zC,3.369317,5.523468,10.827655,0,2591700,24.497461,Interactive,1,1.75
636000,ZuJxayBRDbGft+XMd24ZsvOXGweNiHlOm/IPFRioqsiPPwVgLKjIv3Rqrp9VM2zC,4.239475,5.036093,7.053016,0,2591700,24.497461,Interactive,1,1.75
636300,ZuJxayBRDbGft+XMd24ZsvOXGweNiHlOm/IPFRioqsiPPwVgLKjIv3Rqrp9VM2zC,3.85978,5.3456410000000005,10.359241,0,2591700,24.497461,Interactive,1,1.75
636600,ZuJxayBRDbGft+XMd24ZsvOXGweNiHlOm/IPFRioqsiPPwVgLKjIv3Rqrp9VM2zC,4.399096,21.521639,71.852407,0,2591700,24.497461,Interactive,1,1.75
636900,ZuJxayBRDbGft+XMd24ZsvOXGweNiHlOm/IPFRioqsiPPwVgLKjIv3Rqrp9VM2zC,4.16269,6.250937,14.376407,0,2591700,24.497461,Interactive,1,1.75
637200,ZuJxayBRDbGft+XMd24ZsvOXGweNiHlOm/IPFRioqsiPPwVgLKjIv3Rqrp9VM2zC,3.795080000000001,5.541437999999999,9.430359,0,2591700,24.497461,Interactive,1,1.75
637500,ZuJxayBRDbGft+XMd24ZsvOXGweNiHlOm/IPFRioqsiPPwVgLKjIv3Rqrp9VM2zC,3.654741000000001,5.401505,10.826671,0,2591700,24.497461,Interactive,1,1.75
637800,ZuJxayBRDbGft+XMd24ZsvOXGweNiHlOm/IPFRioqsiPPwVgLKjIv3Rqrp9VM2zC,3.835411,4.909972,8.300284,0,2591700,24.497461,Interactive,1,1.75
638100,ZuJxayBRDbGft+XMd24ZsvOXGweNiHlOm/IPFRioqsiPPwVgLKjIv3Rqrp9VM2zC,3.672103,5.010273000000001,9.585902,0,2591700,24.497461,Interactive,1,1.75
638400,ZuJxayBRDbGft+XMd24ZsvOXGweNiHlOm/IPFRioqsiPPwVgLKjIv3Rqrp9VM2zC,3.547753,5.226145,10.316254,0,2591700,24.497461,Interactive,1,1.75
638700,ZuJxayBRDbGft+XMd24ZsvOXGweNiHlOm/IPFRioqsiPPwVgLKjIv3Rqrp9VM2zC,3.854334,5.020201999999999,9.399613,0,2591700,24.497461,Interactive,1,1.75
639000,ZuJxayBRDbGft+XMd24ZsvOXGweNiHlOm/IPFRioqsiPPwVgLKjIv3Rqrp9VM2zC,3.761199,4.840182,9.437885,0,2591700,24.497461,Interactive,1,1.75
639300,ZuJxayBRDbGft+XMd24ZsvOXGweNiHlOm/IPFRioqsiPPwVgLKjIv3Rqrp9VM2zC,3.874727,5.355619,10.151786,0,2591700,24.497461,Interactive,1,1.75
639600,ZuJxayBRDbGft+XMd24ZsvOXGweNiHlOm/IPFRioqsiPPwVgLKjIv3Rqrp9VM2zC,3.827052,5.326694,12.963876,0,2591700,24.497461,Interactive,1,1.75
639900,ZuJxayBRDbGft+XMd24ZsvOXGweNiHlOm/IPFRioqsiPPwVgLKjIv3Rqrp9VM2zC,3.4080800000000004,5.435319,10.024069,0,2591700,24.497461,Interactive,1,1.75
640200,ZuJxayBRDbGft+XMd24ZsvOXGweNiHlOm/IPFRioqsiPPwVgLKjIv3Rqrp9VM2zC,3.77003,5.352535,9.498782,0,2591700,24.497461,Interactive,1,1.75
640500,ZuJxayBRDbGft+XMd24ZsvOXGweNiHlOm/IPFRioqsiPPwVgLKjIv3Rqrp9VM2zC,3.915183,5.276831,9.038779,0,2591700,24.497461,Interactive,1,1.75
640800,ZuJxayBRDbGft+XMd24ZsvOXGweNiHlOm/IPFRioqsiPPwVgLKjIv3Rqrp9VM2zC,3.581836,4.809726,9.416533,0,2591700,24.497461,Interactive,1,1.75
641100,ZuJxayBRDbGft+XMd24ZsvOXGweNiHlOm/IPFRioqsiPPwVgLKjIv3Rqrp9VM2zC,3.600714,5.462089,10.370743,0,2591700,24.497461,Interactive,1,1.75
641400,ZuJxayBRDbGft+XMd24ZsvOXGweNiHlOm/IPFRioqsiPPwVgLKjIv3Rqrp9VM2zC,3.891693,4.484483999999999,6.312206,0,2591700,24.497461,Interactive,1,1.75
641700,ZuJxayBRDbGft+XMd24ZsvOXGweNiHlOm/IPFRioqsiPPwVgLKjIv3Rqrp9VM2zC,3.936068,4.778182,8.799743,0,2591700,24.497461,Interactive,1,1.75
642000,ZuJxayBRDbGft+XMd24ZsvOXGweNiHlOm/IPFRioqsiPPwVgLKjIv3Rqrp9VM2zC,2.915029,5.399398000000001,10.415837,0,2591700,24.497461,Interactive,1,1.75
642300,ZuJxayBRDbGft+XMd24ZsvOXGweNiHlOm/IPFRioqsiPPwVgLKjIv3Rqrp9VM2zC,3.747054,4.990896,9.100151,0,2591700,24.497461,Interactive,1,1.75
642600,ZuJxayBRDbGft+XMd24ZsvOXGweNiHlOm/IPFRioqsiPPwVgLKjIv3Rqrp9VM2zC,3.678091,5.348382,9.18163,0,2591700,24.497461,Interactive,1,1.75
642900,ZuJxayBRDbGft+XMd24ZsvOXGweNiHlOm/IPFRioqsiPPwVgLKjIv3Rqrp9VM2zC,3.94733,5.838008,11.121278,0,2591700,24.497461,Interactive,1,1.75
643200,ZuJxayBRDbGft+XMd24ZsvOXGweNiHlOm/IPFRioqsiPPwVgLKjIv3Rqrp9VM2zC,3.750247,5.330439,12.577549,0,2591700,24.497461,Interactive,1,1.75
643500,ZuJxayBRDbGft+XMd24ZsvOXGweNiHlOm/IPFRioqsiPPwVgLKjIv3Rqrp9VM2zC,3.626124,4.817656,9.002971,0,2591700,24.497461,Interactive,1,1.75
643800,ZuJxayBRDbGft+XMd24ZsvOXGweNiHlOm/IPFRioqsiPPwVgLKjIv3Rqrp9VM2zC,2.931749,5.262047,10.229667,0,2591700,24.497461,Interactive,1,1.75
644100,ZuJxayBRDbGft+XMd24ZsvOXGweNiHlOm/IPFRioqsiPPwVgLKjIv3Rqrp9VM2zC,3.879193,5.283439,11.543226,0,2591700,24.497461,Interactive,1,1.75
644400,ZuJxayBRDbGft+XMd24ZsvOXGweNiHlOm/IPFRioqsiPPwVgLKjIv3Rqrp9VM2zC,3.771309,4.745824,8.849872999999999,0,2591700,24.497461,Interactive,1,1.75
644700,ZuJxayBRDbGft+XMd24ZsvOXGweNiHlOm/IPFRioqsiPPwVgLKjIv3Rqrp9VM2zC,2.517519,5.413292,10.399821,0,2591700,24.497461,Interactive,1,1.75
645000,ZuJxayBRDbGft+XMd24ZsvOXGweNiHlOm/IPFRioqsiPPwVgLKjIv3Rqrp9VM2zC,3.821004,5.012065,9.351614,0,2591700,24.497461,Interactive,1,1.75
645300,ZuJxayBRDbGft+XMd24ZsvOXGweNiHlOm/IPFRioqsiPPwVgLKjIv3Rqrp9VM2zC,3.676525,6.406258,18.414575,0,2591700,24.497461,Interactive,1,1.75
645600,ZuJxayBRDbGft+XMd24ZsvOXGweNiHlOm/IPFRioqsiPPwVgLKjIv3Rqrp9VM2zC,4.016549,5.760254,10.708491,0,2591700,24.497461,Interactive,1,1.75
645900,ZuJxayBRDbGft+XMd24ZsvOXGweNiHlOm/IPFRioqsiPPwVgLKjIv3Rqrp9VM2zC,3.43094,5.205779,9.495843,0,2591700,24.497461,Interactive,1,1.75
646200,ZuJxayBRDbGft+XMd24ZsvOXGweNiHlOm/IPFRioqsiPPwVgLKjIv3Rqrp9VM2zC,4.022658,10.713503,55.999273,0,2591700,24.497461,Interactive,1,1.75
646500,ZuJxayBRDbGft+XMd24ZsvOXGweNiHlOm/IPFRioqsiPPwVgLKjIv3Rqrp9VM2zC,3.0106330000000003,6.185317,10.744438,0,2591700,24.497461,Interactive,1,1.75
646800,ZuJxayBRDbGft+XMd24ZsvOXGweNiHlOm/IPFRioqsiPPwVgLKjIv3Rqrp9VM2zC,3.49093,4.866497,7.093355,0,2591700,24.497461,Interactive,1,1.75
647100,ZuJxayBRDbGft+XMd24ZsvOXGweNiHlOm/IPFRioqsiPPwVgLKjIv3Rqrp9VM2zC,4.195821,5.333933999999999,9.603703,0,2591700,24.497461,Interactive,1,1.75
647400,ZuJxayBRDbGft+XMd24ZsvOXGweNiHlOm/IPFRioqsiPPwVgLKjIv3Rqrp9VM2zC,3.038759,7.854172,24.728217,0,2591700,24.497461,Interactive,1,1.75
647700,ZuJxayBRDbGft+XMd24ZsvOXGweNiHlOm/IPFRioqsiPPwVgLKjIv3Rqrp9VM2zC,4.116922,5.290596,9.628186,0,2591700,24.497461,Interactive,1,1.75
648000,ZuJxayBRDbGft+XMd24ZsvOXGweNiHlOm/IPFRioqsiPPwVgLKjIv3Rqrp9VM2zC,3.907872,5.126119,9.140542,0,2591700,24.497461,Interactive,1,1.75
648300,ZuJxayBRDbGft+XMd24ZsvOXGweNiHlOm/IPFRioqsiPPwVgLKjIv3Rqrp9VM2zC,3.823037,5.696821,10.451106,0,2591700,24.497461,Interactive,1,1.75
648600,ZuJxayBRDbGft+XMd24ZsvOXGweNiHlOm/IPFRioqsiPPwVgLKjIv3Rqrp9VM2zC,3.717785,5.276032,9.142287,0,2591700,24.497461,Interactive,1,1.75
648900,ZuJxayBRDbGft+XMd24ZsvOXGweNiHlOm/IPFRioqsiPPwVgLKjIv3Rqrp9VM2zC,3.892047,4.8969190000000005,9.139139,0,2591700,24.497461,Interactive,1,1.75
649200,ZuJxayBRDbGft+XMd24ZsvOXGweNiHlOm/IPFRioqsiPPwVgLKjIv3Rqrp9VM2zC,3.443753,5.462498,10.852482,0,2591700,24.497461,Interactive,1,1.75
649500,ZuJxayBRDbGft+XMd24ZsvOXGweNiHlOm/IPFRioqsiPPwVgLKjIv3Rqrp9VM2zC,3.059994,4.394778,6.0028440000000005,0,2591700,24.497461,Interactive,1,1.75
649800,ZuJxayBRDbGft+XMd24ZsvOXGweNiHlOm/IPFRioqsiPPwVgLKjIv3Rqrp9VM2zC,3.653336,4.825661,9.070546,0,2591700,24.497461,Interactive,1,1.75
650100,ZuJxayBRDbGft+XMd24ZsvOXGweNiHlOm/IPFRioqsiPPwVgLKjIv3Rqrp9VM2zC,3.620654,5.617592,10.489637,0,2591700,24.497461,Interactive,1,1.75
650400,ZuJxayBRDbGft+XMd24ZsvOXGweNiHlOm/IPFRioqsiPPwVgLKjIv3Rqrp9VM2zC,3.829336,5.481575,13.580695,0,2591700,24.497461,Interactive,1,1.75
650700,ZuJxayBRDbGft+XMd24ZsvOXGweNiHlOm/IPFRioqsiPPwVgLKjIv3Rqrp9VM2zC,3.069786,4.837972,9.231404,0,2591700,24.497461,Interactive,1,1.75
651000,ZuJxayBRDbGft+XMd24ZsvOXGweNiHlOm/IPFRioqsiPPwVgLKjIv3Rqrp9VM2zC,3.625843,6.308738,11.102875,0,2591700,24.497461,Interactive,1,1.75
651300,ZuJxayBRDbGft+XMd24ZsvOXGweNiHlOm/IPFRioqsiPPwVgLKjIv3Rqrp9VM2zC,3.656551,6.171776,11.337843,0,2591700,24.497461,Interactive,1,1.75
651600,ZuJxayBRDbGft+XMd24ZsvOXGweNiHlOm/IPFRioqsiPPwVgLKjIv3Rqrp9VM2zC,4.833197,6.567314,10.328056,0,2591700,24.497461,Interactive,1,1.75
651900,ZuJxayBRDbGft+XMd24ZsvOXGweNiHlOm/IPFRioqsiPPwVgLKjIv3Rqrp9VM2zC,4.229523,6.428251,10.821792,0,2591700,24.497461,Interactive,1,1.75
652200,ZuJxayBRDbGft+XMd24ZsvOXGweNiHlOm/IPFRioqsiPPwVgLKjIv3Rqrp9VM2zC,4.163355999999999,13.806235999999998,68.800162,0,2591700,24.497461,Interactive,1,1.75
652500,ZuJxayBRDbGft+XMd24ZsvOXGweNiHlOm/IPFRioqsiPPwVgLKjIv3Rqrp9VM2zC,3.853907,4.977183999999999,9.243378,0,2591700,24.497461,Interactive,1,1.75
652800,ZuJxayBRDbGft+XMd24ZsvOXGweNiHlOm/IPFRioqsiPPwVgLKjIv3Rqrp9VM2zC,3.753721,6.373530000000001,13.039885,0,2591700,24.497461,Interactive,1,1.75
653100,ZuJxayBRDbGft+XMd24ZsvOXGweNiHlOm/IPFRioqsiPPwVgLKjIv3Rqrp9VM2zC,3.927937000000001,5.053891999999999,10.877986,0,2591700,24.497461,Interactive,1,1.75
653400,ZuJxayBRDbGft+XMd24ZsvOXGweNiHlOm/IPFRioqsiPPwVgLKjIv3Rqrp9VM2zC,3.835339,4.76685,8.808135,0,2591700,24.497461,Interactive,1,1.75
653700,ZuJxayBRDbGft+XMd24ZsvOXGweNiHlOm/IPFRioqsiPPwVgLKjIv3Rqrp9VM2zC,3.870146,5.583937000000001,9.343049,0,2591700,24.497461,Interactive,1,1.75
654000,ZuJxayBRDbGft+XMd24ZsvOXGweNiHlOm/IPFRioqsiPPwVgLKjIv3Rqrp9VM2zC,3.826685,5.434242,14.8637,0,2591700,24.497461,Interactive,1,1.75
654300,ZuJxayBRDbGft+XMd24ZsvOXGweNiHlOm/IPFRioqsiPPwVgLKjIv3Rqrp9VM2zC,3.716744,4.873306,9.441225,0,2591700,24.497461,Interactive,1,1.75
654600,ZuJxayBRDbGft+XMd24ZsvOXGweNiHlOm/IPFRioqsiPPwVgLKjIv3Rqrp9VM2zC,3.1754580000000003,5.369656,10.199499,0,2591700,24.497461,Interactive,1,1.75
654900,ZuJxayBRDbGft+XMd24ZsvOXGweNiHlOm/IPFRioqsiPPwVgLKjIv3Rqrp9VM2zC,3.28488,4.369332,5.402812,0,2591700,24.497461,Interactive,1,1.75
655200,ZuJxayBRDbGft+XMd24ZsvOXGweNiHlOm/IPFRioqsiPPwVgLKjIv3Rqrp9VM2zC,3.693543,4.873956,9.169369,0,2591700,24.497461,Interactive,1,1.75
655500,ZuJxayBRDbGft+XMd24ZsvOXGweNiHlOm/IPFRioqsiPPwVgLKjIv3Rqrp9VM2zC,2.993455,5.436256,10.354105,0,2591700,24.497461,Interactive,1,1.75
655800,ZuJxayBRDbGft+XMd24ZsvOXGweNiHlOm/IPFRioqsiPPwVgLKjIv3Rqrp9VM2zC,3.760574,5.072316000000001,10.674727,0,2591700,24.497461,Interactive,1,1.75
656100,ZuJxayBRDbGft+XMd24ZsvOXGweNiHlOm/IPFRioqsiPPwVgLKjIv3Rqrp9VM2zC,3.1179330000000003,4.782642,9.222902,0,2591700,24.497461,Interactive,1,1.75
656400,ZuJxayBRDbGft+XMd24ZsvOXGweNiHlOm/IPFRioqsiPPwVgLKjIv3Rqrp9VM2zC,3.886158,5.568398999999999,9.91576,0,2591700,24.497461,Interactive,1,1.75
656700,ZuJxayBRDbGft+XMd24ZsvOXGweNiHlOm/IPFRioqsiPPwVgLKjIv3Rqrp9VM2zC,2.356139,4.911992,10.622205,0,2591700,24.497461,Interactive,1,1.75
657000,ZuJxayBRDbGft+XMd24ZsvOXGweNiHlOm/IPFRioqsiPPwVgLKjIv3Rqrp9VM2zC,3.59702,5.036782,9.710992,0,2591700,24.497461,Interactive,1,1.75
657300,ZuJxayBRDbGft+XMd24ZsvOXGweNiHlOm/IPFRioqsiPPwVgLKjIv3Rqrp9VM2zC,3.066081,5.354635,10.322779,0,2591700,24.497461,Interactive,1,1.75
657600,ZuJxayBRDbGft+XMd24ZsvOXGweNiHlOm/IPFRioqsiPPwVgLKjIv3Rqrp9VM2zC,2.986101,4.342901,5.240343,0,2591700,24.497461,Interactive,1,1.75
657900,ZuJxayBRDbGft+XMd24ZsvOXGweNiHlOm/IPFRioqsiPPwVgLKjIv3Rqrp9VM2zC,3.696831,5.00451,9.246606,0,2591700,24.497461,Interactive,1,1.75
658200,ZuJxayBRDbGft+XMd24ZsvOXGweNiHlOm/IPFRioqsiPPwVgLKjIv3Rqrp9VM2zC,3.362997,5.364751999999999,10.320306,0,2591700,24.497461,Interactive,1,1.75
658500,ZuJxayBRDbGft+XMd24ZsvOXGweNiHlOm/IPFRioqsiPPwVgLKjIv3Rqrp9VM2zC,4.00283,5.222779,11.005359,0,2591700,24.497461,Interactive,1,1.75
658800,ZuJxayBRDbGft+XMd24ZsvOXGweNiHlOm/IPFRioqsiPPwVgLKjIv3Rqrp9VM2zC,2.893031,4.707857,9.318356,0,2591700,24.497461,Interactive,1,1.75
659100,ZuJxayBRDbGft+XMd24ZsvOXGweNiHlOm/IPFRioqsiPPwVgLKjIv3Rqrp9VM2zC,3.776042,5.547758999999999,10.041572,0,2591700,24.497461,Interactive,1,1.75
659400,ZuJxayBRDbGft+XMd24ZsvOXGweNiHlOm/IPFRioqsiPPwVgLKjIv3Rqrp9VM2zC,3.482799,4.974166,11.015234,0,2591700,24.497461,Interactive,1,1.75
659700,ZuJxayBRDbGft+XMd24ZsvOXGweNiHlOm/IPFRioqsiPPwVgLKjIv3Rqrp9VM2zC,3.932891,4.997901000000001,9.332657,0,2591700,24.497461,Interactive,1,1.75
660000,ZuJxayBRDbGft+XMd24ZsvOXGweNiHlOm/IPFRioqsiPPwVgLKjIv3Rqrp9VM2zC,3.204393,5.41545,10.339773,0,2591700,24.497461,Interactive,1,1.75
660300,ZuJxayBRDbGft+XMd24ZsvOXGweNiHlOm/IPFRioqsiPPwVgLKjIv3Rqrp9VM2zC,3.415942,4.512753,5.421692,0,2591700,24.497461,Interactive,1,1.75
660600,ZuJxayBRDbGft+XMd24ZsvOXGweNiHlOm/IPFRioqsiPPwVgLKjIv3Rqrp9VM2zC,3.84835,4.985875,9.63782,0,2591700,24.497461,Interactive,1,1.75
660900,ZuJxayBRDbGft+XMd24ZsvOXGweNiHlOm/IPFRioqsiPPwVgLKjIv3Rqrp9VM2zC,2.572662,5.390569,10.467273,0,2591700,24.497461,Interactive,1,1.75
661200,ZuJxayBRDbGft+XMd24ZsvOXGweNiHlOm/IPFRioqsiPPwVgLKjIv3Rqrp9VM2zC,4.0134870000000005,5.585624,15.47941,0,2591700,24.497461,Interactive,1,1.75
661500,ZuJxayBRDbGft+XMd24ZsvOXGweNiHlOm/IPFRioqsiPPwVgLKjIv3Rqrp9VM2zC,2.7585330000000003,4.763908,9.524196,0,2591700,24.497461,Interactive,1,1.75
661800,ZuJxayBRDbGft+XMd24ZsvOXGweNiHlOm/IPFRioqsiPPwVgLKjIv3Rqrp9VM2zC,3.966522,5.630027,10.164428,0,2591700,24.497461,Interactive,1,1.75
662100,ZuJxayBRDbGft+XMd24ZsvOXGweNiHlOm/IPFRioqsiPPwVgLKjIv3Rqrp9VM2zC,3.998997,5.2522150000000005,11.375583,0,2591700,24.497461,Interactive,1,1.75
662400,ZuJxayBRDbGft+XMd24ZsvOXGweNiHlOm/IPFRioqsiPPwVgLKjIv3Rqrp9VM2zC,3.896653,4.986694,9.593885,0,2591700,24.497461,Interactive,1,1.75
662700,ZuJxayBRDbGft+XMd24ZsvOXGweNiHlOm/IPFRioqsiPPwVgLKjIv3Rqrp9VM2zC,4.087766,5.508492,10.129591,0,2591700,24.497461,Interactive,1,1.75
663000,ZuJxayBRDbGft+XMd24ZsvOXGweNiHlOm/IPFRioqsiPPwVgLKjIv3Rqrp9VM2zC,3.942536,5.287796,13.103316,0,2591700,24.497461,Interactive,1,1.75
663300,ZuJxayBRDbGft+XMd24ZsvOXGweNiHlOm/IPFRioqsiPPwVgLKjIv3Rqrp9VM2zC,3.883649,5.062922,10.09366,0,2591700,24.497461,Interactive,1,1.75
663600,ZuJxayBRDbGft+XMd24ZsvOXGweNiHlOm/IPFRioqsiPPwVgLKjIv3Rqrp9VM2zC,3.728718,6.182862,11.60898,0,2591700,24.497461,Interactive,1,1.75
663900,ZuJxayBRDbGft+XMd24ZsvOXGweNiHlOm/IPFRioqsiPPwVgLKjIv3Rqrp9VM2zC,3.943768,5.318843,10.745511,0,2591700,24.497461,Interactive,1,1.75
664200,ZuJxayBRDbGft+XMd24ZsvOXGweNiHlOm/IPFRioqsiPPwVgLKjIv3Rqrp9VM2zC,3.980037,4.929029,9.496691,0,2591700,24.497461,Interactive,1,1.75
664500,ZuJxayBRDbGft+XMd24ZsvOXGweNiHlOm/IPFRioqsiPPwVgLKjIv3Rqrp9VM2zC,3.823267,5.69222,10.233425,0,2591700,24.497461,Interactive,1,1.75
664800,ZuJxayBRDbGft+XMd24ZsvOXGweNiHlOm/IPFRioqsiPPwVgLKjIv3Rqrp9VM2zC,3.970447,8.303948,32.153649,0,2591700,24.497461,Interactive,1,1.75
665100,ZuJxayBRDbGft+XMd24ZsvOXGweNiHlOm/IPFRioqsiPPwVgLKjIv3Rqrp9VM2zC,3.71104,5.208279,9.935559,0,2591700,24.497461,Interactive,1,1.75
665400,ZuJxayBRDbGft+XMd24ZsvOXGweNiHlOm/IPFRioqsiPPwVgLKjIv3Rqrp9VM2zC,4.065424,12.802976,33.250956,0,2591700,24.497461,Interactive,1,1.75
665700,ZuJxayBRDbGft+XMd24ZsvOXGweNiHlOm/IPFRioqsiPPwVgLKjIv3Rqrp9VM2zC,4.196221,4.647755,5.787583000000001,0,2591700,24.497461,Interactive,1,1.75
666000,ZuJxayBRDbGft+XMd24ZsvOXGweNiHlOm/IPFRioqsiPPwVgLKjIv3Rqrp9VM2zC,3.709606,5.192316,9.645878,0,2591700,24.497461,Interactive,1,1.75
666300,ZuJxayBRDbGft+XMd24ZsvOXGweNiHlOm/IPFRioqsiPPwVgLKjIv3Rqrp9VM2zC,4.081069,5.821804,10.261101,0,2591700,24.497461,Interactive,1,1.75
666600,ZuJxayBRDbGft+XMd24ZsvOXGweNiHlOm/IPFRioqsiPPwVgLKjIv3Rqrp9VM2zC,3.76702,5.059512000000001,9.76369,0,2591700,24.497461,Interactive,1,1.75
666900,ZuJxayBRDbGft+XMd24ZsvOXGweNiHlOm/IPFRioqsiPPwVgLKjIv3Rqrp9VM2zC,3.949707,5.319496,9.764625,0,2591700,24.497461,Interactive,1,1.75
667200,ZuJxayBRDbGft+XMd24ZsvOXGweNiHlOm/IPFRioqsiPPwVgLKjIv3Rqrp9VM2zC,3.802935,5.573207,9.338463,0,2591700,24.497461,Interactive,1,1.75
667500,ZuJxayBRDbGft+XMd24ZsvOXGweNiHlOm/IPFRioqsiPPwVgLKjIv3Rqrp9VM2zC,3.968799,5.189633000000001,9.789263,0,2591700,24.497461,Interactive,1,1.75
667800,ZuJxayBRDbGft+XMd24ZsvOXGweNiHlOm/IPFRioqsiPPwVgLKjIv3Rqrp9VM2zC,3.740604,5.07767,9.275545,0,2591700,24.497461,Interactive,1,1.75
668100,ZuJxayBRDbGft+XMd24ZsvOXGweNiHlOm/IPFRioqsiPPwVgLKjIv3Rqrp9VM2zC,2.971361,5.6045300000000005,10.350749,0,2591700,24.497461,Interactive,1,1.75
668400,ZuJxayBRDbGft+XMd24ZsvOXGweNiHlOm/IPFRioqsiPPwVgLKjIv3Rqrp9VM2zC,2.673234,4.83143,9.293682,0,2591700,24.497461,Interactive,1,1.75
668700,ZuJxayBRDbGft+XMd24ZsvOXGweNiHlOm/IPFRioqsiPPwVgLKjIv3Rqrp9VM2zC,3.777947,5.219132,9.553833,0,2591700,24.497461,Interactive,1,1.75
669000,ZuJxayBRDbGft+XMd24ZsvOXGweNiHlOm/IPFRioqsiPPwVgLKjIv3Rqrp9VM2zC,3.4399580000000003,5.650313,10.736194,0,2591700,24.497461,Interactive,1,1.75
669300,ZuJxayBRDbGft+XMd24ZsvOXGweNiHlOm/IPFRioqsiPPwVgLKjIv3Rqrp9VM2zC,3.984647,5.133862000000001,9.97705,0,2591700,24.497461,Interactive,1,1.75
669600,ZuJxayBRDbGft+XMd24ZsvOXGweNiHlOm/IPFRioqsiPPwVgLKjIv3Rqrp9VM2zC,3.4491730000000005,5.118912,9.949357,0,2591700,24.497461,Interactive,1,1.75
669900,ZuJxayBRDbGft+XMd24ZsvOXGweNiHlOm/IPFRioqsiPPwVgLKjIv3Rqrp9VM2zC,3.769892,5.6646790000000005,10.459802,0,2591700,24.497461,Interactive,1,1.75
670200,ZuJxayBRDbGft+XMd24ZsvOXGweNiHlOm/IPFRioqsiPPwVgLKjIv3Rqrp9VM2zC,3.101397,4.925412000000001,9.414204,0,2591700,24.497461,Interactive,1,1.75
670500,ZuJxayBRDbGft+XMd24ZsvOXGweNiHlOm/IPFRioqsiPPwVgLKjIv3Rqrp9VM2zC,3.698434,5.2158430000000005,10.072762,0,2591700,24.497461,Interactive,1,1.75
670800,ZuJxayBRDbGft+XMd24ZsvOXGweNiHlOm/IPFRioqsiPPwVgLKjIv3Rqrp9VM2zC,3.75987,5.6182,10.821839,0,2591700,24.497461,Interactive,1,1.75
671100,ZuJxayBRDbGft+XMd24ZsvOXGweNiHlOm/IPFRioqsiPPwVgLKjIv3Rqrp9VM2zC,3.387538,4.419432,5.586649,0,2591700,24.497461,Interactive,1,1.75
671400,ZuJxayBRDbGft+XMd24ZsvOXGweNiHlOm/IPFRioqsiPPwVgLKjIv3Rqrp9VM2zC,3.644148,5.152332,9.607855,0,2591700,24.497461,Interactive,1,1.75
671700,ZuJxayBRDbGft+XMd24ZsvOXGweNiHlOm/IPFRioqsiPPwVgLKjIv3Rqrp9VM2zC,3.867288,6.786293,13.654569,0,2591700,24.497461,Interactive,1,1.75
672000,ZuJxayBRDbGft+XMd24ZsvOXGweNiHlOm/IPFRioqsiPPwVgLKjIv3Rqrp9VM2zC,3.882315,5.560969999999999,14.006927,0,2591700,24.497461,Interactive,1,1.75
672300,ZuJxayBRDbGft+XMd24ZsvOXGweNiHlOm/IPFRioqsiPPwVgLKjIv3Rqrp9VM2zC,2.91263,5.189623,9.699402,0,2591700,24.497461,Interactive,1,1.75
672600,ZuJxayBRDbGft+XMd24ZsvOXGweNiHlOm/IPFRioqsiPPwVgLKjIv3Rqrp9VM2zC,3.69897,5.592671,10.359102,0,2591700,24.497461,Interactive,1,1.75
672900,ZuJxayBRDbGft+XMd24ZsvOXGweNiHlOm/IPFRioqsiPPwVgLKjIv3Rqrp9VM2zC,3.597052,5.148885,9.921809,0,2591700,24.497461,Interactive,1,1.75
673200,ZuJxayBRDbGft+XMd24ZsvOXGweNiHlOm/IPFRioqsiPPwVgLKjIv3Rqrp9VM2zC,3.656155000000001,5.08221,9.541461,0,2591700,24.497461,Interactive,1,1.75
673500,ZuJxayBRDbGft+XMd24ZsvOXGweNiHlOm/IPFRioqsiPPwVgLKjIv3Rqrp9VM2zC,3.464754,5.788896,10.827054,0,2591700,24.497461,Interactive,1,1.75
673800,ZuJxayBRDbGft+XMd24ZsvOXGweNiHlOm/IPFRioqsiPPwVgLKjIv3Rqrp9VM2zC,2.7328810000000003,4.390404,5.611041,0,2591700,24.497461,Interactive,1,1.75
674100,ZuJxayBRDbGft+XMd24ZsvOXGweNiHlOm/IPFRioqsiPPwVgLKjIv3Rqrp9VM2zC,3.774263,5.229106,9.905319,0,2591700,24.497461,Interactive,1,1.75
674400,ZuJxayBRDbGft+XMd24ZsvOXGweNiHlOm/IPFRioqsiPPwVgLKjIv3Rqrp9VM2zC,3.612999,5.656351,10.700765,0,2591700,24.497461,Interactive,1,1.75
674700,ZuJxayBRDbGft+XMd24ZsvOXGweNiHlOm/IPFRioqsiPPwVgLKjIv3Rqrp9VM2zC,4.023265,5.115752,9.718297,0,2591700,24.497461,Interactive,1,1.75
675000,ZuJxayBRDbGft+XMd24ZsvOXGweNiHlOm/IPFRioqsiPPwVgLKjIv3Rqrp9VM2zC,3.866542,5.220155,9.473689,0,2591700,24.497461,Interactive,1,1.75
675300,ZuJxayBRDbGft+XMd24ZsvOXGweNiHlOm/IPFRioqsiPPwVgLKjIv3Rqrp9VM2zC,3.803309,5.805924,10.575658,0,2591700,24.497461,Interactive,1,1.75
675600,ZuJxayBRDbGft+XMd24ZsvOXGweNiHlOm/IPFRioqsiPPwVgLKjIv3Rqrp9VM2zC,3.617939,5.5151650000000005,14.150529999999998,0,2591700,24.497461,Interactive,1,1.75
675900,ZuJxayBRDbGft+XMd24ZsvOXGweNiHlOm/IPFRioqsiPPwVgLKjIv3Rqrp9VM2zC,3.947083,5.217609,10.093979,0,2591700,24.497461,Interactive,1,1.75
676200,ZuJxayBRDbGft+XMd24ZsvOXGweNiHlOm/IPFRioqsiPPwVgLKjIv3Rqrp9VM2zC,3.668183,5.639616999999999,10.983163,0,2591700,24.497461,Interactive,1,1.75
676500,ZuJxayBRDbGft+XMd24ZsvOXGweNiHlOm/IPFRioqsiPPwVgLKjIv3Rqrp9VM2zC,4.052094,4.559189,5.437034,0,2591700,24.497461,Interactive,1,1.75
676800,ZuJxayBRDbGft+XMd24ZsvOXGweNiHlOm/IPFRioqsiPPwVgLKjIv3Rqrp9VM2zC,3.700256,5.100057,9.687308,0,2591700,24.497461,Interactive,1,1.75
677100,ZuJxayBRDbGft+XMd24ZsvOXGweNiHlOm/IPFRioqsiPPwVgLKjIv3Rqrp9VM2zC,3.007098,5.620575,11.248553,0,2591700,24.497461,Interactive,1,1.75
677400,ZuJxayBRDbGft+XMd24ZsvOXGweNiHlOm/IPFRioqsiPPwVgLKjIv3Rqrp9VM2zC,3.873061,5.03289,9.657305,0,2591700,24.497461,Interactive,1,1.75
677700,ZuJxayBRDbGft+XMd24ZsvOXGweNiHlOm/IPFRioqsiPPwVgLKjIv3Rqrp9VM2zC,2.981013,5.130102,9.847301,0,2591700,24.497461,Interactive,1,1.75
678000,ZuJxayBRDbGft+XMd24ZsvOXGweNiHlOm/IPFRioqsiPPwVgLKjIv3Rqrp9VM2zC,3.741206,5.65226,10.651885,0,2591700,24.497461,Interactive,1,1.75
678300,ZuJxayBRDbGft+XMd24ZsvOXGweNiHlOm/IPFRioqsiPPwVgLKjIv3Rqrp9VM2zC,3.5343760000000004,5.122471,10.34945,0,2591700,24.497461,Interactive,1,1.75
678600,ZuJxayBRDbGft+XMd24ZsvOXGweNiHlOm/IPFRioqsiPPwVgLKjIv3Rqrp9VM2zC,3.788402,5.131862,9.861645,0,2591700,24.497461,Interactive,1,1.75
678900,ZuJxayBRDbGft+XMd24ZsvOXGweNiHlOm/IPFRioqsiPPwVgLKjIv3Rqrp9VM2zC,3.419028,5.690415,11.254775,0,2591700,24.497461,Interactive,1,1.75
679200,ZuJxayBRDbGft+XMd24ZsvOXGweNiHlOm/IPFRioqsiPPwVgLKjIv3Rqrp9VM2zC,3.867642,5.542847,14.150711,0,2591700,24.497461,Interactive,1,1.75
679500,ZuJxayBRDbGft+XMd24ZsvOXGweNiHlOm/IPFRioqsiPPwVgLKjIv3Rqrp9VM2zC,3.531092,5.505078,9.886353,0,2591700,24.497461,Interactive,1,1.75
679800,ZuJxayBRDbGft+XMd24ZsvOXGweNiHlOm/IPFRioqsiPPwVgLKjIv3Rqrp9VM2zC,3.721492,5.799889,11.731641,0,2591700,24.497461,Interactive,1,1.75
680100,ZuJxayBRDbGft+XMd24ZsvOXGweNiHlOm/IPFRioqsiPPwVgLKjIv3Rqrp9VM2zC,4.176348,5.218317,10.198908,0,2591700,24.497461,Interactive,1,1.75
680400,ZuJxayBRDbGft+XMd24ZsvOXGweNiHlOm/IPFRioqsiPPwVgLKjIv3Rqrp9VM2zC,3.126871,5.106123999999999,9.966996,0,2591700,24.497461,Interactive,1,1.75
680700,ZuJxayBRDbGft+XMd24ZsvOXGweNiHlOm/IPFRioqsiPPwVgLKjIv3Rqrp9VM2zC,3.994077,5.76915,11.475585,0,2591700,24.497461,Interactive,1,1.75
681000,ZuJxayBRDbGft+XMd24ZsvOXGweNiHlOm/IPFRioqsiPPwVgLKjIv3Rqrp9VM2zC,3.250473,4.995280999999999,10.195677,0,2591700,24.497461,Interactive,1,1.75
681300,ZuJxayBRDbGft+XMd24ZsvOXGweNiHlOm/IPFRioqsiPPwVgLKjIv3Rqrp9VM2zC,4.072119,5.195515,10.090582,0,2591700,24.497461,Interactive,1,1.75
681600,ZuJxayBRDbGft+XMd24ZsvOXGweNiHlOm/IPFRioqsiPPwVgLKjIv3Rqrp9VM2zC,3.691282,5.6651050000000005,11.364823,0,2591700,24.497461,Interactive,1,1.75
681900,ZuJxayBRDbGft+XMd24ZsvOXGweNiHlOm/IPFRioqsiPPwVgLKjIv3Rqrp9VM2zC,3.998706,5.223992,10.518627,0,2591700,24.497461,Interactive,1,1.75
682200,ZuJxayBRDbGft+XMd24ZsvOXGweNiHlOm/IPFRioqsiPPwVgLKjIv3Rqrp9VM2zC,3.807516000000001,5.422254,10.147906,0,2591700,24.497461,Interactive,1,1.75
682500,ZuJxayBRDbGft+XMd24ZsvOXGweNiHlOm/IPFRioqsiPPwVgLKjIv3Rqrp9VM2zC,3.867278,5.870817,12.445012,0,2591700,24.497461,Interactive,1,1.75
682800,ZuJxayBRDbGft+XMd24ZsvOXGweNiHlOm/IPFRioqsiPPwVgLKjIv3Rqrp9VM2zC,3.947708,5.5733760000000006,14.790667,0,2591700,24.497461,Interactive,1,1.75
683100,ZuJxayBRDbGft+XMd24ZsvOXGweNiHlOm/IPFRioqsiPPwVgLKjIv3Rqrp9VM2zC,2.78146,5.221381,10.552901,0,2591700,24.497461,Interactive,1,1.75
683400,ZuJxayBRDbGft+XMd24ZsvOXGweNiHlOm/IPFRioqsiPPwVgLKjIv3Rqrp9VM2zC,3.885865,5.718344999999999,11.512493,0,2591700,24.497461,Interactive,1,1.75
683700,ZuJxayBRDbGft+XMd24ZsvOXGweNiHlOm/IPFRioqsiPPwVgLKjIv3Rqrp9VM2zC,4.277788,5.42062,10.668344,0,2591700,24.497461,Interactive,1,1.75
684000,ZuJxayBRDbGft+XMd24ZsvOXGweNiHlOm/IPFRioqsiPPwVgLKjIv3Rqrp9VM2zC,3.946656,5.237878,10.183625,0,2591700,24.497461,Interactive,1,1.75
684300,ZuJxayBRDbGft+XMd24ZsvOXGweNiHlOm/IPFRioqsiPPwVgLKjIv3Rqrp9VM2zC,4.002859,5.717103,11.571797,0,2591700,24.497461,Interactive,1,1.75
684600,ZuJxayBRDbGft+XMd24ZsvOXGweNiHlOm/IPFRioqsiPPwVgLKjIv3Rqrp9VM2zC,3.992224,5.147463,10.6365,0,2591700,24.497461,Interactive,1,1.75
684900,ZuJxayBRDbGft+XMd24ZsvOXGweNiHlOm/IPFRioqsiPPwVgLKjIv3Rqrp9VM2zC,4.076404,5.388687,10.391142,0,2591700,24.497461,Interactive,1,1.75
685200,ZuJxayBRDbGft+XMd24ZsvOXGweNiHlOm/IPFRioqsiPPwVgLKjIv3Rqrp9VM2zC,3.829822,5.939185,11.833942,0,2591700,24.497461,Interactive,1,1.75
685500,ZuJxayBRDbGft+XMd24ZsvOXGweNiHlOm/IPFRioqsiPPwVgLKjIv3Rqrp9VM2zC,4.043744,5.254571,10.509533,0,2591700,24.497461,Interactive,1,1.75
685800,ZuJxayBRDbGft+XMd24ZsvOXGweNiHlOm/IPFRioqsiPPwVgLKjIv3Rqrp9VM2zC,3.816531,5.471782,10.05786,0,2591700,24.497461,Interactive,1,1.75
686100,ZuJxayBRDbGft+XMd24ZsvOXGweNiHlOm/IPFRioqsiPPwVgLKjIv3Rqrp9VM2zC,3.873772,5.821291,11.763051,0,2591700,24.497461,Interactive,1,1.75
686400,ZuJxayBRDbGft+XMd24ZsvOXGweNiHlOm/IPFRioqsiPPwVgLKjIv3Rqrp9VM2zC,4.035947,5.946408,15.23681,0,2591700,24.497461,Interactive,1,1.75
686700,ZuJxayBRDbGft+XMd24ZsvOXGweNiHlOm/IPFRioqsiPPwVgLKjIv3Rqrp9VM2zC,4.094787999999999,9.503037,47.28625,0,2591700,24.497461,Interactive,1,1.75
687000,ZuJxayBRDbGft+XMd24ZsvOXGweNiHlOm/IPFRioqsiPPwVgLKjIv3Rqrp9VM2zC,3.800521,6.238794,11.429094,0,2591700,24.497461,Interactive,1,1.75
687300,ZuJxayBRDbGft+XMd24ZsvOXGweNiHlOm/IPFRioqsiPPwVgLKjIv3Rqrp9VM2zC,4.223685,5.432437999999999,10.63216,0,2591700,24.497461,Interactive,1,1.75
687600,ZuJxayBRDbGft+XMd24ZsvOXGweNiHlOm/IPFRioqsiPPwVgLKjIv3Rqrp9VM2zC,3.753394,5.700362,10.444674,0,2591700,24.497461,Interactive,1,1.75
687900,ZuJxayBRDbGft+XMd24ZsvOXGweNiHlOm/IPFRioqsiPPwVgLKjIv3Rqrp9VM2zC,3.877580000000001,6.197242,10.753339,0,2591700,24.497461,Interactive,1,1.75
688200,ZuJxayBRDbGft+XMd24ZsvOXGweNiHlOm/IPFRioqsiPPwVgLKjIv3Rqrp9VM2zC,4.052955,5.367362,10.705376,0,2591700,24.497461,Interactive,1,1.75
688500,ZuJxayBRDbGft+XMd24ZsvOXGweNiHlOm/IPFRioqsiPPwVgLKjIv3Rqrp9VM2zC,3.123207,5.249331,10.628873,0,2591700,24.497461,Interactive,1,1.75
688800,ZuJxayBRDbGft+XMd24ZsvOXGweNiHlOm/IPFRioqsiPPwVgLKjIv3Rqrp9VM2zC,3.874026,5.626269000000001,10.873071,0,2591700,24.497461,Interactive,1,1.75
689100,ZuJxayBRDbGft+XMd24ZsvOXGweNiHlOm/IPFRioqsiPPwVgLKjIv3Rqrp9VM2zC,3.740902,5.357868,10.595421,0,2591700,24.497461,Interactive,1,1.75
689400,ZuJxayBRDbGft+XMd24ZsvOXGweNiHlOm/IPFRioqsiPPwVgLKjIv3Rqrp9VM2zC,4.066319,5.215403,10.284487,0,2591700,24.497461,Interactive,1,1.75
689700,ZuJxayBRDbGft+XMd24ZsvOXGweNiHlOm/IPFRioqsiPPwVgLKjIv3Rqrp9VM2zC,3.087662,5.666116000000001,11.757081,0,2591700,24.497461,Interactive,1,1.75
690000,ZuJxayBRDbGft+XMd24ZsvOXGweNiHlOm/IPFRioqsiPPwVgLKjIv3Rqrp9VM2zC,4.057072,5.839419,15.360606,0,2591700,24.497461,Interactive,1,1.75
690300,ZuJxayBRDbGft+XMd24ZsvOXGweNiHlOm/IPFRioqsiPPwVgLKjIv3Rqrp9VM2zC,3.914207,5.389514,10.862326,0,2591700,24.497461,Interactive,1,1.75
690600,ZuJxayBRDbGft+XMd24ZsvOXGweNiHlOm/IPFRioqsiPPwVgLKjIv3Rqrp9VM2zC,4.023785,7.625972,24.019725,0,2591700,24.497461,Interactive,1,1.75
690900,ZuJxayBRDbGft+XMd24ZsvOXGweNiHlOm/IPFRioqsiPPwVgLKjIv3Rqrp9VM2zC,4.456333,5.476367,10.883739,0,2591700,24.497461,Interactive,1,1.75
