timestamp,vm_id,min_cpu,max_cpu,avg_cpu,timestamp vm created,timestamp vm deleted,p95 max cpu,vm_category,vm virtual core count,vm memory (gb)
0,ZUmOui6VockU59FJ6QNjWb1BcFGQghqaHB46IvHQV0+xfUUlPESe4lSP+h4CVJ3c,0.2559909999999999,0.652641,1.206141,0,2591700,31.877409,Delay-insensitive,4,7.0
300,ZUmOui6VockU59FJ6QNjWb1BcFGQghqaHB46IvHQV0+xfUUlPESe4lSP+h4CVJ3c,0.096278,0.589543,1.198407,0,2591700,31.877409,Delay-insensitive,4,7.0
600,ZUmOui6VockU59FJ6QNjWb1BcFGQghqaHB46IvHQV0+xfUUlPESe4lSP+h4CVJ3c,0.303614,0.63235,1.069047,0,2591700,31.877409,Delay-insensitive,4,7.0
900,ZUmOui6VockU59FJ6QNjWb1BcFGQghqaHB46IvHQV0+xfUUlPESe4lSP+h4CVJ3c,0.349442,0.667462,1.3938,0,2591700,31.877409,Delay-insensitive,4,7.0
1200,ZUmOui6VockU59FJ6QNjWb1BcFGQghqaHB46IvHQV0+xfUUlPESe4lSP+h4CVJ3c,0.291161,0.638143,1.17619,0,2591700,31.877409,Delay-insensitive,4,7.0
1500,ZUmOui6VockU59FJ6QNjWb1BcFGQghqaHB46IvHQV0+xfUUlPESe4lSP+h4CVJ3c,0.291885,0.7588779999999999,4.897017,0,2591700,31.877409,Delay-insensitive,4,7.0
1800,ZUmOui6VockU59FJ6QNjWb1BcFGQghqaHB46IvHQV0+xfUUlPESe4lSP+h4CVJ3c,0.065346,0.587013,0.924892,0,2591700,31.877409,Delay-insensitive,4,7.0
2100,ZUmOui6VockU59FJ6QNjWb1BcFGQghqaHB46IvHQV0+xfUUlPESe4lSP+h4CVJ3c,0.229368,0.606245,1.074065,0,2591700,31.877409,Delay-insensitive,4,7.0
2400,ZUmOui6VockU59FJ6QNjWb1BcFGQghqaHB46IvHQV0+xfUUlPESe4lSP+h4CVJ3c,0.182826,0.617019,0.927627,0,2591700,31.877409,Delay-insensitive,4,7.0
2700,ZUmOui6VockU59FJ6QNjWb1BcFGQghqaHB46IvHQV0+xfUUlPESe4lSP+h4CVJ3c,0.2782239999999999,2.243156,25.799837,0,2591700,31.877409,Delay-insensitive,4,7.0
3000,ZUmOui6VockU59FJ6QNjWb1BcFGQghqaHB46IvHQV0+xfUUlPESe4lSP+h4CVJ3c,0.094099,1.383094,27.021535,0,2591700,31.877409,Delay-insensitive,4,7.0
3300,ZUmOui6VockU59FJ6QNjWb1BcFGQghqaHB46IvHQV0+xfUUlPESe4lSP+h4CVJ3c,0.278059,0.594126,1.076239,0,2591700,31.877409,Delay-insensitive,4,7.0
3600,ZUmOui6VockU59FJ6QNjWb1BcFGQghqaHB46IvHQV0+xfUUlPESe4lSP+h4CVJ3c,0.0889549999999999,0.6339640000000001,1.114558,0,2591700,31.877409,Delay-insensitive,4,7.0
3900,ZUmOui6VockU59FJ6QNjWb1BcFGQghqaHB46IvHQV0+xfUUlPESe4lSP+h4CVJ3c,0.257575,0.604511,1.1338700000000002,0,2591700,31.877409,Delay-insensitive,4,7.0
4200,ZUmOui6VockU59FJ6QNjWb1BcFGQghqaHB46IvHQV0+xfUUlPESe4lSP+h4CVJ3c,0.301182,0.8144640000000001,3.890064,0,2591700,31.877409,Delay-insensitive,4,7.0
4500,ZUmOui6VockU59FJ6QNjWb1BcFGQghqaHB46IvHQV0+xfUUlPESe4lSP+h4CVJ3c,0.291527,0.600065,1.005909,0,2591700,31.877409,Delay-insensitive,4,7.0
4800,ZUmOui6VockU59FJ6QNjWb1BcFGQghqaHB46IvHQV0+xfUUlPESe4lSP+h4CVJ3c,0.244187,0.587042,1.226152,0,2591700,31.877409,Delay-insensitive,4,7.0
5100,ZUmOui6VockU59FJ6QNjWb1BcFGQghqaHB46IvHQV0+xfUUlPESe4lSP+h4CVJ3c,0.163914,0.6675369999999999,1.940863,0,2591700,31.877409,Delay-insensitive,4,7.0
5400,ZUmOui6VockU59FJ6QNjWb1BcFGQghqaHB46IvHQV0+xfUUlPESe4lSP+h4CVJ3c,0.249025,0.6125510000000001,1.25876,0,2591700,31.877409,Delay-insensitive,4,7.0
5700,ZUmOui6VockU59FJ6QNjWb1BcFGQghqaHB46IvHQV0+xfUUlPESe4lSP+h4CVJ3c,0.199114,1.432644,15.873145999999998,0,2591700,31.877409,Delay-insensitive,4,7.0
6000,ZUmOui6VockU59FJ6QNjWb1BcFGQghqaHB46IvHQV0+xfUUlPESe4lSP+h4CVJ3c,0.271406,0.634656,1.013717,0,2591700,31.877409,Delay-insensitive,4,7.0
6300,ZUmOui6VockU59FJ6QNjWb1BcFGQghqaHB46IvHQV0+xfUUlPESe4lSP+h4CVJ3c,0.205436,0.5828720000000001,1.267795,0,2591700,31.877409,Delay-insensitive,4,7.0
6600,ZUmOui6VockU59FJ6QNjWb1BcFGQghqaHB46IvHQV0+xfUUlPESe4lSP+h4CVJ3c,0.257119,2.948311,19.493547,0,2591700,31.877409,Delay-insensitive,4,7.0
6900,ZUmOui6VockU59FJ6QNjWb1BcFGQghqaHB46IvHQV0+xfUUlPESe4lSP+h4CVJ3c,0.223054,0.591178,1.026529,0,2591700,31.877409,Delay-insensitive,4,7.0
7200,ZUmOui6VockU59FJ6QNjWb1BcFGQghqaHB46IvHQV0+xfUUlPESe4lSP+h4CVJ3c,0.273409,0.603217,1.093685,0,2591700,31.877409,Delay-insensitive,4,7.0
7500,ZUmOui6VockU59FJ6QNjWb1BcFGQghqaHB46IvHQV0+xfUUlPESe4lSP+h4CVJ3c,0.2184579999999999,0.537877,1.178194,0,2591700,31.877409,Delay-insensitive,4,7.0
7800,ZUmOui6VockU59FJ6QNjWb1BcFGQghqaHB46IvHQV0+xfUUlPESe4lSP+h4CVJ3c,0.2184559999999999,0.687581,1.597269,0,2591700,31.877409,Delay-insensitive,4,7.0
8100,ZUmOui6VockU59FJ6QNjWb1BcFGQghqaHB46IvHQV0+xfUUlPESe4lSP+h4CVJ3c,0.336129,0.62234,1.018547,0,2591700,31.877409,Delay-insensitive,4,7.0
8400,ZUmOui6VockU59FJ6QNjWb1BcFGQghqaHB46IvHQV0+xfUUlPESe4lSP+h4CVJ3c,0.09244,0.596155,1.372639,0,2591700,31.877409,Delay-insensitive,4,7.0
8700,ZUmOui6VockU59FJ6QNjWb1BcFGQghqaHB46IvHQV0+xfUUlPESe4lSP+h4CVJ3c,0.267906,0.638939,1.18434,0,2591700,31.877409,Delay-insensitive,4,7.0
9000,ZUmOui6VockU59FJ6QNjWb1BcFGQghqaHB46IvHQV0+xfUUlPESe4lSP+h4CVJ3c,0.2291369999999999,0.5944659999999999,1.199716,0,2591700,31.877409,Delay-insensitive,4,7.0
9300,ZUmOui6VockU59FJ6QNjWb1BcFGQghqaHB46IvHQV0+xfUUlPESe4lSP+h4CVJ3c,0.291308,0.5825060000000001,1.076766,0,2591700,31.877409,Delay-insensitive,4,7.0
9600,ZUmOui6VockU59FJ6QNjWb1BcFGQghqaHB46IvHQV0+xfUUlPESe4lSP+h4CVJ3c,0.110989,0.609363,1.201097,0,2591700,31.877409,Delay-insensitive,4,7.0
9900,ZUmOui6VockU59FJ6QNjWb1BcFGQghqaHB46IvHQV0+xfUUlPESe4lSP+h4CVJ3c,0.306792,0.630444,1.191477,0,2591700,31.877409,Delay-insensitive,4,7.0
10200,ZUmOui6VockU59FJ6QNjWb1BcFGQghqaHB46IvHQV0+xfUUlPESe4lSP+h4CVJ3c,0.046599,2.948808,36.292748,0,2591700,31.877409,Delay-insensitive,4,7.0
10500,ZUmOui6VockU59FJ6QNjWb1BcFGQghqaHB46IvHQV0+xfUUlPESe4lSP+h4CVJ3c,0.1108339999999999,0.609849,1.0482200000000002,0,2591700,31.877409,Delay-insensitive,4,7.0
10800,ZUmOui6VockU59FJ6QNjWb1BcFGQghqaHB46IvHQV0+xfUUlPESe4lSP+h4CVJ3c,0.29843,0.655255,1.122125,0,2591700,31.877409,Delay-insensitive,4,7.0
11100,ZUmOui6VockU59FJ6QNjWb1BcFGQghqaHB46IvHQV0+xfUUlPESe4lSP+h4CVJ3c,0.309601,0.5882069999999999,1.171284,0,2591700,31.877409,Delay-insensitive,4,7.0
11400,ZUmOui6VockU59FJ6QNjWb1BcFGQghqaHB46IvHQV0+xfUUlPESe4lSP+h4CVJ3c,0.22857,0.643379,1.190943,0,2591700,31.877409,Delay-insensitive,4,7.0
11700,ZUmOui6VockU59FJ6QNjWb1BcFGQghqaHB46IvHQV0+xfUUlPESe4lSP+h4CVJ3c,0.200797,0.565168,1.19019,0,2591700,31.877409,Delay-insensitive,4,7.0
12000,ZUmOui6VockU59FJ6QNjWb1BcFGQghqaHB46IvHQV0+xfUUlPESe4lSP+h4CVJ3c,0.2085989999999999,0.611008,1.435668,0,2591700,31.877409,Delay-insensitive,4,7.0
12300,ZUmOui6VockU59FJ6QNjWb1BcFGQghqaHB46IvHQV0+xfUUlPESe4lSP+h4CVJ3c,0.308749,0.6785800000000001,1.313674,0,2591700,31.877409,Delay-insensitive,4,7.0
12600,ZUmOui6VockU59FJ6QNjWb1BcFGQghqaHB46IvHQV0+xfUUlPESe4lSP+h4CVJ3c,0.292991,0.650883,1.14465,0,2591700,31.877409,Delay-insensitive,4,7.0
12900,ZUmOui6VockU59FJ6QNjWb1BcFGQghqaHB46IvHQV0+xfUUlPESe4lSP+h4CVJ3c,0.263255,0.610033,1.7433459999999998,0,2591700,31.877409,Delay-insensitive,4,7.0
13200,ZUmOui6VockU59FJ6QNjWb1BcFGQghqaHB46IvHQV0+xfUUlPESe4lSP+h4CVJ3c,0.232028,0.714372,1.428066,0,2591700,31.877409,Delay-insensitive,4,7.0
13500,ZUmOui6VockU59FJ6QNjWb1BcFGQghqaHB46IvHQV0+xfUUlPESe4lSP+h4CVJ3c,0.250063,0.744744,1.556716,0,2591700,31.877409,Delay-insensitive,4,7.0
13800,ZUmOui6VockU59FJ6QNjWb1BcFGQghqaHB46IvHQV0+xfUUlPESe4lSP+h4CVJ3c,0.292687,3.836782,50.938464,0,2591700,31.877409,Delay-insensitive,4,7.0
14100,ZUmOui6VockU59FJ6QNjWb1BcFGQghqaHB46IvHQV0+xfUUlPESe4lSP+h4CVJ3c,0.287662,0.7705069999999999,1.363499,0,2591700,31.877409,Delay-insensitive,4,7.0
14400,ZUmOui6VockU59FJ6QNjWb1BcFGQghqaHB46IvHQV0+xfUUlPESe4lSP+h4CVJ3c,0.197766,0.893324,2.793314,0,2591700,31.877409,Delay-insensitive,4,7.0
14700,ZUmOui6VockU59FJ6QNjWb1BcFGQghqaHB46IvHQV0+xfUUlPESe4lSP+h4CVJ3c,0.261587,0.794248,1.2884,0,2591700,31.877409,Delay-insensitive,4,7.0
15000,ZUmOui6VockU59FJ6QNjWb1BcFGQghqaHB46IvHQV0+xfUUlPESe4lSP+h4CVJ3c,0.319693,0.994294,3.052414,0,2591700,31.877409,Delay-insensitive,4,7.0
15300,ZUmOui6VockU59FJ6QNjWb1BcFGQghqaHB46IvHQV0+xfUUlPESe4lSP+h4CVJ3c,0.284258,0.906482,1.572101,0,2591700,31.877409,Delay-insensitive,4,7.0
15600,ZUmOui6VockU59FJ6QNjWb1BcFGQghqaHB46IvHQV0+xfUUlPESe4lSP+h4CVJ3c,0.305036,0.963981,2.148261,0,2591700,31.877409,Delay-insensitive,4,7.0
15900,ZUmOui6VockU59FJ6QNjWb1BcFGQghqaHB46IvHQV0+xfUUlPESe4lSP+h4CVJ3c,0.207431,1.352632,8.23155,0,2591700,31.877409,Delay-insensitive,4,7.0
16200,ZUmOui6VockU59FJ6QNjWb1BcFGQghqaHB46IvHQV0+xfUUlPESe4lSP+h4CVJ3c,0.394211,0.978086,1.5538379999999998,0,2591700,31.877409,Delay-insensitive,4,7.0
16500,ZUmOui6VockU59FJ6QNjWb1BcFGQghqaHB46IvHQV0+xfUUlPESe4lSP+h4CVJ3c,0.096117,0.846558,1.657147,0,2591700,31.877409,Delay-insensitive,4,7.0
16800,ZUmOui6VockU59FJ6QNjWb1BcFGQghqaHB46IvHQV0+xfUUlPESe4lSP+h4CVJ3c,0.428318,0.958311,1.876337,0,2591700,31.877409,Delay-insensitive,4,7.0
17100,ZUmOui6VockU59FJ6QNjWb1BcFGQghqaHB46IvHQV0+xfUUlPESe4lSP+h4CVJ3c,0.128328,0.956872,3.007866,0,2591700,31.877409,Delay-insensitive,4,7.0
17400,ZUmOui6VockU59FJ6QNjWb1BcFGQghqaHB46IvHQV0+xfUUlPESe4lSP+h4CVJ3c,0.292557,3.030419,38.80443,0,2591700,31.877409,Delay-insensitive,4,7.0
17700,ZUmOui6VockU59FJ6QNjWb1BcFGQghqaHB46IvHQV0+xfUUlPESe4lSP+h4CVJ3c,0.333367,1.230684,5.058429,0,2591700,31.877409,Delay-insensitive,4,7.0
18000,ZUmOui6VockU59FJ6QNjWb1BcFGQghqaHB46IvHQV0+xfUUlPESe4lSP+h4CVJ3c,0.26008,0.8912620000000001,1.7073459999999998,0,2591700,31.877409,Delay-insensitive,4,7.0
18300,ZUmOui6VockU59FJ6QNjWb1BcFGQghqaHB46IvHQV0+xfUUlPESe4lSP+h4CVJ3c,0.219385,0.765731,1.449675,0,2591700,31.877409,Delay-insensitive,4,7.0
18600,ZUmOui6VockU59FJ6QNjWb1BcFGQghqaHB46IvHQV0+xfUUlPESe4lSP+h4CVJ3c,0.065876,0.80695,1.671825,0,2591700,31.877409,Delay-insensitive,4,7.0
18900,ZUmOui6VockU59FJ6QNjWb1BcFGQghqaHB46IvHQV0+xfUUlPESe4lSP+h4CVJ3c,0.30759,0.856759,1.61708,0,2591700,31.877409,Delay-insensitive,4,7.0
19200,ZUmOui6VockU59FJ6QNjWb1BcFGQghqaHB46IvHQV0+xfUUlPESe4lSP+h4CVJ3c,0.129775,0.8130569999999999,1.7135200000000002,0,2591700,31.877409,Delay-insensitive,4,7.0
19500,ZUmOui6VockU59FJ6QNjWb1BcFGQghqaHB46IvHQV0+xfUUlPESe4lSP+h4CVJ3c,0.238048,0.860308,1.745624,0,2591700,31.877409,Delay-insensitive,4,7.0
19800,ZUmOui6VockU59FJ6QNjWb1BcFGQghqaHB46IvHQV0+xfUUlPESe4lSP+h4CVJ3c,0.1174119999999999,0.827255,1.836703,0,2591700,31.877409,Delay-insensitive,4,7.0
20100,ZUmOui6VockU59FJ6QNjWb1BcFGQghqaHB46IvHQV0+xfUUlPESe4lSP+h4CVJ3c,0.246763,0.807172,1.927857,0,2591700,31.877409,Delay-insensitive,4,7.0
20400,ZUmOui6VockU59FJ6QNjWb1BcFGQghqaHB46IvHQV0+xfUUlPESe4lSP+h4CVJ3c,0.3185699999999999,0.945131,3.080047,0,2591700,31.877409,Delay-insensitive,4,7.0
20700,ZUmOui6VockU59FJ6QNjWb1BcFGQghqaHB46IvHQV0+xfUUlPESe4lSP+h4CVJ3c,0.30111,0.78855,1.574935,0,2591700,31.877409,Delay-insensitive,4,7.0
21000,ZUmOui6VockU59FJ6QNjWb1BcFGQghqaHB46IvHQV0+xfUUlPESe4lSP+h4CVJ3c,0.325919,0.8379059999999999,2.661443,0,2591700,31.877409,Delay-insensitive,4,7.0
21300,ZUmOui6VockU59FJ6QNjWb1BcFGQghqaHB46IvHQV0+xfUUlPESe4lSP+h4CVJ3c,0.046847,3.259527,27.148639000000003,0,2591700,31.877409,Delay-insensitive,4,7.0
21600,ZUmOui6VockU59FJ6QNjWb1BcFGQghqaHB46IvHQV0+xfUUlPESe4lSP+h4CVJ3c,0.374878,0.712251,1.2672,0,2591700,31.877409,Delay-insensitive,4,7.0
21900,ZUmOui6VockU59FJ6QNjWb1BcFGQghqaHB46IvHQV0+xfUUlPESe4lSP+h4CVJ3c,0.200369,0.6713020000000001,1.146065,0,2591700,31.877409,Delay-insensitive,4,7.0
22200,ZUmOui6VockU59FJ6QNjWb1BcFGQghqaHB46IvHQV0+xfUUlPESe4lSP+h4CVJ3c,0.279535,0.743694,1.440194,0,2591700,31.877409,Delay-insensitive,4,7.0
22500,ZUmOui6VockU59FJ6QNjWb1BcFGQghqaHB46IvHQV0+xfUUlPESe4lSP+h4CVJ3c,0.260712,0.786779,2.853871,0,2591700,31.877409,Delay-insensitive,4,7.0
22800,ZUmOui6VockU59FJ6QNjWb1BcFGQghqaHB46IvHQV0+xfUUlPESe4lSP+h4CVJ3c,0.299344,0.814751,1.926745,0,2591700,31.877409,Delay-insensitive,4,7.0
23100,ZUmOui6VockU59FJ6QNjWb1BcFGQghqaHB46IvHQV0+xfUUlPESe4lSP+h4CVJ3c,0.188661,0.782054,1.963518,0,2591700,31.877409,Delay-insensitive,4,7.0
23400,ZUmOui6VockU59FJ6QNjWb1BcFGQghqaHB46IvHQV0+xfUUlPESe4lSP+h4CVJ3c,0.255928,0.713283,1.634304,0,2591700,31.877409,Delay-insensitive,4,7.0
23700,ZUmOui6VockU59FJ6QNjWb1BcFGQghqaHB46IvHQV0+xfUUlPESe4lSP+h4CVJ3c,0.165828,0.8072020000000001,2.691056,0,2591700,31.877409,Delay-insensitive,4,7.0
24000,ZUmOui6VockU59FJ6QNjWb1BcFGQghqaHB46IvHQV0+xfUUlPESe4lSP+h4CVJ3c,0.233944,0.7887649999999999,1.864415,0,2591700,31.877409,Delay-insensitive,4,7.0
24300,ZUmOui6VockU59FJ6QNjWb1BcFGQghqaHB46IvHQV0+xfUUlPESe4lSP+h4CVJ3c,0.1998839999999999,0.76264,1.474889,0,2591700,31.877409,Delay-insensitive,4,7.0
24600,ZUmOui6VockU59FJ6QNjWb1BcFGQghqaHB46IvHQV0+xfUUlPESe4lSP+h4CVJ3c,0.056849,0.820053,2.014841,0,2591700,31.877409,Delay-insensitive,4,7.0
24900,ZUmOui6VockU59FJ6QNjWb1BcFGQghqaHB46IvHQV0+xfUUlPESe4lSP+h4CVJ3c,0.390156,3.142664,34.434002,0,2591700,31.877409,Delay-insensitive,4,7.0
25200,ZUmOui6VockU59FJ6QNjWb1BcFGQghqaHB46IvHQV0+xfUUlPESe4lSP+h4CVJ3c,0.151356,0.76586,2.642293,0,2591700,31.877409,Delay-insensitive,4,7.0
25500,ZUmOui6VockU59FJ6QNjWb1BcFGQghqaHB46IvHQV0+xfUUlPESe4lSP+h4CVJ3c,0.245638,0.729433,1.312658,0,2591700,31.877409,Delay-insensitive,4,7.0
25800,ZUmOui6VockU59FJ6QNjWb1BcFGQghqaHB46IvHQV0+xfUUlPESe4lSP+h4CVJ3c,0.104992,0.691481,1.532216,0,2591700,31.877409,Delay-insensitive,4,7.0
26100,ZUmOui6VockU59FJ6QNjWb1BcFGQghqaHB46IvHQV0+xfUUlPESe4lSP+h4CVJ3c,0.298637,0.725616,1.241626,0,2591700,31.877409,Delay-insensitive,4,7.0
26400,ZUmOui6VockU59FJ6QNjWb1BcFGQghqaHB46IvHQV0+xfUUlPESe4lSP+h4CVJ3c,0.248505,0.745247,1.77666,0,2591700,31.877409,Delay-insensitive,4,7.0
26700,ZUmOui6VockU59FJ6QNjWb1BcFGQghqaHB46IvHQV0+xfUUlPESe4lSP+h4CVJ3c,0.133366,0.725322,1.426848,0,2591700,31.877409,Delay-insensitive,4,7.0
27000,ZUmOui6VockU59FJ6QNjWb1BcFGQghqaHB46IvHQV0+xfUUlPESe4lSP+h4CVJ3c,0.231311,0.6913590000000001,1.17472,0,2591700,31.877409,Delay-insensitive,4,7.0
27300,ZUmOui6VockU59FJ6QNjWb1BcFGQghqaHB46IvHQV0+xfUUlPESe4lSP+h4CVJ3c,0.086885,0.675139,1.4696870000000002,0,2591700,31.877409,Delay-insensitive,4,7.0
27600,ZUmOui6VockU59FJ6QNjWb1BcFGQghqaHB46IvHQV0+xfUUlPESe4lSP+h4CVJ3c,0.316422,0.71303,1.30141,0,2591700,31.877409,Delay-insensitive,4,7.0
27900,ZUmOui6VockU59FJ6QNjWb1BcFGQghqaHB46IvHQV0+xfUUlPESe4lSP+h4CVJ3c,0.193287,0.6618569999999999,1.6424849999999998,0,2591700,31.877409,Delay-insensitive,4,7.0
28200,ZUmOui6VockU59FJ6QNjWb1BcFGQghqaHB46IvHQV0+xfUUlPESe4lSP+h4CVJ3c,0.325107,0.702941,1.494214,0,2591700,31.877409,Delay-insensitive,4,7.0
28500,ZUmOui6VockU59FJ6QNjWb1BcFGQghqaHB46IvHQV0+xfUUlPESe4lSP+h4CVJ3c,0.175256,3.017576,34.837278000000005,0,2591700,31.877409,Delay-insensitive,4,7.0
28800,ZUmOui6VockU59FJ6QNjWb1BcFGQghqaHB46IvHQV0+xfUUlPESe4lSP+h4CVJ3c,0.256239,0.699477,1.732761,0,2591700,31.877409,Delay-insensitive,4,7.0
29100,ZUmOui6VockU59FJ6QNjWb1BcFGQghqaHB46IvHQV0+xfUUlPESe4lSP+h4CVJ3c,0.128823,0.666607,1.282462,0,2591700,31.877409,Delay-insensitive,4,7.0
29400,ZUmOui6VockU59FJ6QNjWb1BcFGQghqaHB46IvHQV0+xfUUlPESe4lSP+h4CVJ3c,0.084886,0.710034,1.529714,0,2591700,31.877409,Delay-insensitive,4,7.0
29700,ZUmOui6VockU59FJ6QNjWb1BcFGQghqaHB46IvHQV0+xfUUlPESe4lSP+h4CVJ3c,0.3091,0.679249,1.558506,0,2591700,31.877409,Delay-insensitive,4,7.0
30000,ZUmOui6VockU59FJ6QNjWb1BcFGQghqaHB46IvHQV0+xfUUlPESe4lSP+h4CVJ3c,0.0694169999999999,0.630857,1.864799,0,2591700,31.877409,Delay-insensitive,4,7.0
30300,ZUmOui6VockU59FJ6QNjWb1BcFGQghqaHB46IvHQV0+xfUUlPESe4lSP+h4CVJ3c,0.28704,1.6996650000000002,27.219636,0,2591700,31.877409,Delay-insensitive,4,7.0
30600,ZUmOui6VockU59FJ6QNjWb1BcFGQghqaHB46IvHQV0+xfUUlPESe4lSP+h4CVJ3c,0.147446,0.642402,1.461387,0,2591700,31.877409,Delay-insensitive,4,7.0
30900,ZUmOui6VockU59FJ6QNjWb1BcFGQghqaHB46IvHQV0+xfUUlPESe4lSP+h4CVJ3c,0.263402,0.663305,1.262397,0,2591700,31.877409,Delay-insensitive,4,7.0
31200,ZUmOui6VockU59FJ6QNjWb1BcFGQghqaHB46IvHQV0+xfUUlPESe4lSP+h4CVJ3c,0.174603,0.662845,1.100024,0,2591700,31.877409,Delay-insensitive,4,7.0
31500,ZUmOui6VockU59FJ6QNjWb1BcFGQghqaHB46IvHQV0+xfUUlPESe4lSP+h4CVJ3c,0.198845,0.655361,1.317176,0,2591700,31.877409,Delay-insensitive,4,7.0
31800,ZUmOui6VockU59FJ6QNjWb1BcFGQghqaHB46IvHQV0+xfUUlPESe4lSP+h4CVJ3c,0.2093219999999999,0.630811,1.555587,0,2591700,31.877409,Delay-insensitive,4,7.0
32100,ZUmOui6VockU59FJ6QNjWb1BcFGQghqaHB46IvHQV0+xfUUlPESe4lSP+h4CVJ3c,0.297286,2.608289,14.459901,0,2591700,31.877409,Delay-insensitive,4,7.0
32400,ZUmOui6VockU59FJ6QNjWb1BcFGQghqaHB46IvHQV0+xfUUlPESe4lSP+h4CVJ3c,0.267477,0.831451,3.863766000000001,0,2591700,31.877409,Delay-insensitive,4,7.0
32700,ZUmOui6VockU59FJ6QNjWb1BcFGQghqaHB46IvHQV0+xfUUlPESe4lSP+h4CVJ3c,0.129136,0.754825,1.569663,0,2591700,31.877409,Delay-insensitive,4,7.0
33000,ZUmOui6VockU59FJ6QNjWb1BcFGQghqaHB46IvHQV0+xfUUlPESe4lSP+h4CVJ3c,0.3291199999999999,0.8890540000000001,1.576712,0,2591700,31.877409,Delay-insensitive,4,7.0
33300,ZUmOui6VockU59FJ6QNjWb1BcFGQghqaHB46IvHQV0+xfUUlPESe4lSP+h4CVJ3c,0.091973,0.821059,1.7068720000000002,0,2591700,31.877409,Delay-insensitive,4,7.0
33600,ZUmOui6VockU59FJ6QNjWb1BcFGQghqaHB46IvHQV0+xfUUlPESe4lSP+h4CVJ3c,0.264924,0.875699,1.70383,0,2591700,31.877409,Delay-insensitive,4,7.0
33900,ZUmOui6VockU59FJ6QNjWb1BcFGQghqaHB46IvHQV0+xfUUlPESe4lSP+h4CVJ3c,0.1268109999999999,0.8929870000000001,1.847521,0,2591700,31.877409,Delay-insensitive,4,7.0
34200,ZUmOui6VockU59FJ6QNjWb1BcFGQghqaHB46IvHQV0+xfUUlPESe4lSP+h4CVJ3c,0.325757,6.378054,48.711181,0,2591700,31.877409,Delay-insensitive,4,7.0
34500,ZUmOui6VockU59FJ6QNjWb1BcFGQghqaHB46IvHQV0+xfUUlPESe4lSP+h4CVJ3c,0.8444870000000001,26.331082,99.54384,0,2591700,31.877409,Delay-insensitive,4,7.0
34800,ZUmOui6VockU59FJ6QNjWb1BcFGQghqaHB46IvHQV0+xfUUlPESe4lSP+h4CVJ3c,0.202124,24.660027,99.141424,0,2591700,31.877409,Delay-insensitive,4,7.0
35100,ZUmOui6VockU59FJ6QNjWb1BcFGQghqaHB46IvHQV0+xfUUlPESe4lSP+h4CVJ3c,0.538114,1.234995,2.17796,0,2591700,31.877409,Delay-insensitive,4,7.0
35400,ZUmOui6VockU59FJ6QNjWb1BcFGQghqaHB46IvHQV0+xfUUlPESe4lSP+h4CVJ3c,0.324178,1.102543,2.083127,0,2591700,31.877409,Delay-insensitive,4,7.0
35700,ZUmOui6VockU59FJ6QNjWb1BcFGQghqaHB46IvHQV0+xfUUlPESe4lSP+h4CVJ3c,0.410793,1.179167,1.89751,0,2591700,31.877409,Delay-insensitive,4,7.0
36000,ZUmOui6VockU59FJ6QNjWb1BcFGQghqaHB46IvHQV0+xfUUlPESe4lSP+h4CVJ3c,0.086743,3.467064,32.174014,0,2591700,31.877409,Delay-insensitive,4,7.0
36300,ZUmOui6VockU59FJ6QNjWb1BcFGQghqaHB46IvHQV0+xfUUlPESe4lSP+h4CVJ3c,0.456061,0.995751,1.969913,0,2591700,31.877409,Delay-insensitive,4,7.0
36600,ZUmOui6VockU59FJ6QNjWb1BcFGQghqaHB46IvHQV0+xfUUlPESe4lSP+h4CVJ3c,0.406084,1.029689,1.8737,0,2591700,31.877409,Delay-insensitive,4,7.0
36900,ZUmOui6VockU59FJ6QNjWb1BcFGQghqaHB46IvHQV0+xfUUlPESe4lSP+h4CVJ3c,0.5514220000000001,0.99755,1.987667,0,2591700,31.877409,Delay-insensitive,4,7.0
37200,ZUmOui6VockU59FJ6QNjWb1BcFGQghqaHB46IvHQV0+xfUUlPESe4lSP+h4CVJ3c,0.303536,0.943278,2.187473,0,2591700,31.877409,Delay-insensitive,4,7.0
37500,ZUmOui6VockU59FJ6QNjWb1BcFGQghqaHB46IvHQV0+xfUUlPESe4lSP+h4CVJ3c,0.059009,0.902395,1.763053,0,2591700,31.877409,Delay-insensitive,4,7.0
37800,ZUmOui6VockU59FJ6QNjWb1BcFGQghqaHB46IvHQV0+xfUUlPESe4lSP+h4CVJ3c,0.258542,0.900417,1.935442,0,2591700,31.877409,Delay-insensitive,4,7.0
38100,ZUmOui6VockU59FJ6QNjWb1BcFGQghqaHB46IvHQV0+xfUUlPESe4lSP+h4CVJ3c,0.190899,0.8717940000000001,1.6987990000000002,0,2591700,31.877409,Delay-insensitive,4,7.0
38400,ZUmOui6VockU59FJ6QNjWb1BcFGQghqaHB46IvHQV0+xfUUlPESe4lSP+h4CVJ3c,0.274428,0.870659,1.748464,0,2591700,31.877409,Delay-insensitive,4,7.0
38700,ZUmOui6VockU59FJ6QNjWb1BcFGQghqaHB46IvHQV0+xfUUlPESe4lSP+h4CVJ3c,0.146171,0.732005,1.6670080000000005,0,2591700,31.877409,Delay-insensitive,4,7.0
39000,ZUmOui6VockU59FJ6QNjWb1BcFGQghqaHB46IvHQV0+xfUUlPESe4lSP+h4CVJ3c,0.267128,0.747265,1.4770219999999998,0,2591700,31.877409,Delay-insensitive,4,7.0
39300,ZUmOui6VockU59FJ6QNjWb1BcFGQghqaHB46IvHQV0+xfUUlPESe4lSP+h4CVJ3c,0.092836,0.751659,1.488187,0,2591700,31.877409,Delay-insensitive,4,7.0
39600,ZUmOui6VockU59FJ6QNjWb1BcFGQghqaHB46IvHQV0+xfUUlPESe4lSP+h4CVJ3c,0.242003,3.096549,31.584665,0,2591700,31.877409,Delay-insensitive,4,7.0
39900,ZUmOui6VockU59FJ6QNjWb1BcFGQghqaHB46IvHQV0+xfUUlPESe4lSP+h4CVJ3c,0.103122,0.719484,1.397821,0,2591700,31.877409,Delay-insensitive,4,7.0
40200,ZUmOui6VockU59FJ6QNjWb1BcFGQghqaHB46IvHQV0+xfUUlPESe4lSP+h4CVJ3c,0.178273,0.747508,1.486412,0,2591700,31.877409,Delay-insensitive,4,7.0
40500,ZUmOui6VockU59FJ6QNjWb1BcFGQghqaHB46IvHQV0+xfUUlPESe4lSP+h4CVJ3c,0.261444,0.71883,1.281027,0,2591700,31.877409,Delay-insensitive,4,7.0
40800,ZUmOui6VockU59FJ6QNjWb1BcFGQghqaHB46IvHQV0+xfUUlPESe4lSP+h4CVJ3c,0.150192,0.713109,1.806161,0,2591700,31.877409,Delay-insensitive,4,7.0
41100,ZUmOui6VockU59FJ6QNjWb1BcFGQghqaHB46IvHQV0+xfUUlPESe4lSP+h4CVJ3c,0.243138,0.727746,1.2936379999999998,0,2591700,31.877409,Delay-insensitive,4,7.0
41400,ZUmOui6VockU59FJ6QNjWb1BcFGQghqaHB46IvHQV0+xfUUlPESe4lSP+h4CVJ3c,0.0825809999999999,0.666637,1.952791,0,2591700,31.877409,Delay-insensitive,4,7.0
41700,ZUmOui6VockU59FJ6QNjWb1BcFGQghqaHB46IvHQV0+xfUUlPESe4lSP+h4CVJ3c,0.234153,0.7274470000000001,1.844064,0,2591700,31.877409,Delay-insensitive,4,7.0
42000,ZUmOui6VockU59FJ6QNjWb1BcFGQghqaHB46IvHQV0+xfUUlPESe4lSP+h4CVJ3c,0.219044,0.793909,2.070449,0,2591700,31.877409,Delay-insensitive,4,7.0
42300,ZUmOui6VockU59FJ6QNjWb1BcFGQghqaHB46IvHQV0+xfUUlPESe4lSP+h4CVJ3c,0.229153,0.7431,1.6878220000000002,0,2591700,31.877409,Delay-insensitive,4,7.0
42600,ZUmOui6VockU59FJ6QNjWb1BcFGQghqaHB46IvHQV0+xfUUlPESe4lSP+h4CVJ3c,0.166471,0.6951149999999999,1.35895,0,2591700,31.877409,Delay-insensitive,4,7.0
42900,ZUmOui6VockU59FJ6QNjWb1BcFGQghqaHB46IvHQV0+xfUUlPESe4lSP+h4CVJ3c,0.110673,0.7072930000000001,1.496392,0,2591700,31.877409,Delay-insensitive,4,7.0
43200,ZUmOui6VockU59FJ6QNjWb1BcFGQghqaHB46IvHQV0+xfUUlPESe4lSP+h4CVJ3c,0.293907,3.126048,45.589297,0,2591700,31.877409,Delay-insensitive,4,7.0
43500,ZUmOui6VockU59FJ6QNjWb1BcFGQghqaHB46IvHQV0+xfUUlPESe4lSP+h4CVJ3c,0.176333,0.699811,1.247193,0,2591700,31.877409,Delay-insensitive,4,7.0
43800,ZUmOui6VockU59FJ6QNjWb1BcFGQghqaHB46IvHQV0+xfUUlPESe4lSP+h4CVJ3c,0.302317,0.742581,1.279199,0,2591700,31.877409,Delay-insensitive,4,7.0
44100,ZUmOui6VockU59FJ6QNjWb1BcFGQghqaHB46IvHQV0+xfUUlPESe4lSP+h4CVJ3c,0.2083269999999999,0.6692739999999999,1.350555,0,2591700,31.877409,Delay-insensitive,4,7.0
44400,ZUmOui6VockU59FJ6QNjWb1BcFGQghqaHB46IvHQV0+xfUUlPESe4lSP+h4CVJ3c,0.310073,0.695805,1.227637,0,2591700,31.877409,Delay-insensitive,4,7.0
44700,ZUmOui6VockU59FJ6QNjWb1BcFGQghqaHB46IvHQV0+xfUUlPESe4lSP+h4CVJ3c,0.095599,0.6798890000000001,1.450193,0,2591700,31.877409,Delay-insensitive,4,7.0
45000,ZUmOui6VockU59FJ6QNjWb1BcFGQghqaHB46IvHQV0+xfUUlPESe4lSP+h4CVJ3c,0.285481,0.7389819999999999,1.368614,0,2591700,31.877409,Delay-insensitive,4,7.0
45300,ZUmOui6VockU59FJ6QNjWb1BcFGQghqaHB46IvHQV0+xfUUlPESe4lSP+h4CVJ3c,0.08575,0.655061,1.328736,0,2591700,31.877409,Delay-insensitive,4,7.0
45600,ZUmOui6VockU59FJ6QNjWb1BcFGQghqaHB46IvHQV0+xfUUlPESe4lSP+h4CVJ3c,0.120979,0.728292,1.7719470000000002,0,2591700,31.877409,Delay-insensitive,4,7.0
45900,ZUmOui6VockU59FJ6QNjWb1BcFGQghqaHB46IvHQV0+xfUUlPESe4lSP+h4CVJ3c,0.303348,0.771528,1.477694,0,2591700,31.877409,Delay-insensitive,4,7.0
46200,ZUmOui6VockU59FJ6QNjWb1BcFGQghqaHB46IvHQV0+xfUUlPESe4lSP+h4CVJ3c,0.18193,0.723711,1.490567,0,2591700,31.877409,Delay-insensitive,4,7.0
46500,ZUmOui6VockU59FJ6QNjWb1BcFGQghqaHB46IvHQV0+xfUUlPESe4lSP+h4CVJ3c,0.261277,0.761845,1.314184,0,2591700,31.877409,Delay-insensitive,4,7.0
46800,ZUmOui6VockU59FJ6QNjWb1BcFGQghqaHB46IvHQV0+xfUUlPESe4lSP+h4CVJ3c,0.0595049999999999,3.002545,42.967222,0,2591700,31.877409,Delay-insensitive,4,7.0
47100,ZUmOui6VockU59FJ6QNjWb1BcFGQghqaHB46IvHQV0+xfUUlPESe4lSP+h4CVJ3c,0.32404,0.675983,1.246979,0,2591700,31.877409,Delay-insensitive,4,7.0
47400,ZUmOui6VockU59FJ6QNjWb1BcFGQghqaHB46IvHQV0+xfUUlPESe4lSP+h4CVJ3c,0.155883,0.7295729999999999,1.293021,0,2591700,31.877409,Delay-insensitive,4,7.0
47700,ZUmOui6VockU59FJ6QNjWb1BcFGQghqaHB46IvHQV0+xfUUlPESe4lSP+h4CVJ3c,0.239209,0.701545,1.489811,0,2591700,31.877409,Delay-insensitive,4,7.0
48000,ZUmOui6VockU59FJ6QNjWb1BcFGQghqaHB46IvHQV0+xfUUlPESe4lSP+h4CVJ3c,0.134709,0.6462720000000001,1.686552,0,2591700,31.877409,Delay-insensitive,4,7.0
48300,ZUmOui6VockU59FJ6QNjWb1BcFGQghqaHB46IvHQV0+xfUUlPESe4lSP+h4CVJ3c,0.138068,3.605267,13.698564,0,2591700,31.877409,Delay-insensitive,4,7.0
48600,ZUmOui6VockU59FJ6QNjWb1BcFGQghqaHB46IvHQV0+xfUUlPESe4lSP+h4CVJ3c,0.312051,3.516445,5.958505000000001,0,2591700,31.877409,Delay-insensitive,4,7.0
48900,ZUmOui6VockU59FJ6QNjWb1BcFGQghqaHB46IvHQV0+xfUUlPESe4lSP+h4CVJ3c,0.108994,2.343757,6.953579,0,2591700,31.877409,Delay-insensitive,4,7.0
49200,ZUmOui6VockU59FJ6QNjWb1BcFGQghqaHB46IvHQV0+xfUUlPESe4lSP+h4CVJ3c,0.288917,0.686764,1.38083,0,2591700,31.877409,Delay-insensitive,4,7.0
49500,ZUmOui6VockU59FJ6QNjWb1BcFGQghqaHB46IvHQV0+xfUUlPESe4lSP+h4CVJ3c,0.19944,0.6165039999999999,1.221117,0,2591700,31.877409,Delay-insensitive,4,7.0
49800,ZUmOui6VockU59FJ6QNjWb1BcFGQghqaHB46IvHQV0+xfUUlPESe4lSP+h4CVJ3c,0.248783,0.6398520000000001,1.324016,0,2591700,31.877409,Delay-insensitive,4,7.0
50100,ZUmOui6VockU59FJ6QNjWb1BcFGQghqaHB46IvHQV0+xfUUlPESe4lSP+h4CVJ3c,0.231721,0.646554,1.195743,0,2591700,31.877409,Delay-insensitive,4,7.0
50400,ZUmOui6VockU59FJ6QNjWb1BcFGQghqaHB46IvHQV0+xfUUlPESe4lSP+h4CVJ3c,0.250775,2.728702,23.984628,0,2591700,31.877409,Delay-insensitive,4,7.0
50700,ZUmOui6VockU59FJ6QNjWb1BcFGQghqaHB46IvHQV0+xfUUlPESe4lSP+h4CVJ3c,0.202372,0.5808369999999999,1.1123809999999998,0,2591700,31.877409,Delay-insensitive,4,7.0
51000,ZUmOui6VockU59FJ6QNjWb1BcFGQghqaHB46IvHQV0+xfUUlPESe4lSP+h4CVJ3c,0.223405,0.6482979999999999,1.131969,0,2591700,31.877409,Delay-insensitive,4,7.0
51300,ZUmOui6VockU59FJ6QNjWb1BcFGQghqaHB46IvHQV0+xfUUlPESe4lSP+h4CVJ3c,0.255843,0.634267,1.360484,0,2591700,31.877409,Delay-insensitive,4,7.0
51600,ZUmOui6VockU59FJ6QNjWb1BcFGQghqaHB46IvHQV0+xfUUlPESe4lSP+h4CVJ3c,0.0595809999999999,0.610622,1.1998799999999998,0,2591700,31.877409,Delay-insensitive,4,7.0
51900,ZUmOui6VockU59FJ6QNjWb1BcFGQghqaHB46IvHQV0+xfUUlPESe4lSP+h4CVJ3c,0.20904,0.7023020000000001,1.383051,0,2591700,31.877409,Delay-insensitive,4,7.0
52200,ZUmOui6VockU59FJ6QNjWb1BcFGQghqaHB46IvHQV0+xfUUlPESe4lSP+h4CVJ3c,0.158802,0.5989899999999999,1.155092,0,2591700,31.877409,Delay-insensitive,4,7.0
52500,ZUmOui6VockU59FJ6QNjWb1BcFGQghqaHB46IvHQV0+xfUUlPESe4lSP+h4CVJ3c,0.311014,0.662538,1.226955,0,2591700,31.877409,Delay-insensitive,4,7.0
52800,ZUmOui6VockU59FJ6QNjWb1BcFGQghqaHB46IvHQV0+xfUUlPESe4lSP+h4CVJ3c,0.036821,0.6638229999999999,1.489993,0,2591700,31.877409,Delay-insensitive,4,7.0
53100,ZUmOui6VockU59FJ6QNjWb1BcFGQghqaHB46IvHQV0+xfUUlPESe4lSP+h4CVJ3c,0.250507,0.6702640000000001,1.21672,0,2591700,31.877409,Delay-insensitive,4,7.0
53400,ZUmOui6VockU59FJ6QNjWb1BcFGQghqaHB46IvHQV0+xfUUlPESe4lSP+h4CVJ3c,0.151278,0.6539560000000001,1.217372,0,2591700,31.877409,Delay-insensitive,4,7.0
53700,ZUmOui6VockU59FJ6QNjWb1BcFGQghqaHB46IvHQV0+xfUUlPESe4lSP+h4CVJ3c,0.116726,0.664375,1.256804,0,2591700,31.877409,Delay-insensitive,4,7.0
54000,ZUmOui6VockU59FJ6QNjWb1BcFGQghqaHB46IvHQV0+xfUUlPESe4lSP+h4CVJ3c,0.20759,0.6704,1.138508,0,2591700,31.877409,Delay-insensitive,4,7.0
54300,ZUmOui6VockU59FJ6QNjWb1BcFGQghqaHB46IvHQV0+xfUUlPESe4lSP+h4CVJ3c,0.078525,3.005332,21.990132,0,2591700,31.877409,Delay-insensitive,4,7.0
54600,ZUmOui6VockU59FJ6QNjWb1BcFGQghqaHB46IvHQV0+xfUUlPESe4lSP+h4CVJ3c,0.240412,0.663397,1.470704,0,2591700,31.877409,Delay-insensitive,4,7.0
54900,ZUmOui6VockU59FJ6QNjWb1BcFGQghqaHB46IvHQV0+xfUUlPESe4lSP+h4CVJ3c,0.169129,0.665304,1.320714,0,2591700,31.877409,Delay-insensitive,4,7.0
55200,ZUmOui6VockU59FJ6QNjWb1BcFGQghqaHB46IvHQV0+xfUUlPESe4lSP+h4CVJ3c,0.168476,0.635031,1.28095,0,2591700,31.877409,Delay-insensitive,4,7.0
55500,ZUmOui6VockU59FJ6QNjWb1BcFGQghqaHB46IvHQV0+xfUUlPESe4lSP+h4CVJ3c,0.113551,0.6276149999999999,1.332323,0,2591700,31.877409,Delay-insensitive,4,7.0
55800,ZUmOui6VockU59FJ6QNjWb1BcFGQghqaHB46IvHQV0+xfUUlPESe4lSP+h4CVJ3c,0.291414,0.625116,1.171979,0,2591700,31.877409,Delay-insensitive,4,7.0
56100,ZUmOui6VockU59FJ6QNjWb1BcFGQghqaHB46IvHQV0+xfUUlPESe4lSP+h4CVJ3c,0.227677,0.6051300000000001,1.25632,0,2591700,31.877409,Delay-insensitive,4,7.0
56400,ZUmOui6VockU59FJ6QNjWb1BcFGQghqaHB46IvHQV0+xfUUlPESe4lSP+h4CVJ3c,0.055634,0.617135,1.135734,0,2591700,31.877409,Delay-insensitive,4,7.0
56700,ZUmOui6VockU59FJ6QNjWb1BcFGQghqaHB46IvHQV0+xfUUlPESe4lSP+h4CVJ3c,0.26991,0.651637,1.170717,0,2591700,31.877409,Delay-insensitive,4,7.0
57000,ZUmOui6VockU59FJ6QNjWb1BcFGQghqaHB46IvHQV0+xfUUlPESe4lSP+h4CVJ3c,0.038211,0.6080899999999999,1.139435,0,2591700,31.877409,Delay-insensitive,4,7.0
57300,ZUmOui6VockU59FJ6QNjWb1BcFGQghqaHB46IvHQV0+xfUUlPESe4lSP+h4CVJ3c,0.261696,0.6664869999999999,1.297432,0,2591700,31.877409,Delay-insensitive,4,7.0
57600,ZUmOui6VockU59FJ6QNjWb1BcFGQghqaHB46IvHQV0+xfUUlPESe4lSP+h4CVJ3c,0.100769,0.580868,1.270366,0,2591700,31.877409,Delay-insensitive,4,7.0
57900,ZUmOui6VockU59FJ6QNjWb1BcFGQghqaHB46IvHQV0+xfUUlPESe4lSP+h4CVJ3c,0.239996,2.995949,36.140788,0,2591700,31.877409,Delay-insensitive,4,7.0
58200,ZUmOui6VockU59FJ6QNjWb1BcFGQghqaHB46IvHQV0+xfUUlPESe4lSP+h4CVJ3c,0.109568,0.598431,1.358619,0,2591700,31.877409,Delay-insensitive,4,7.0
58500,ZUmOui6VockU59FJ6QNjWb1BcFGQghqaHB46IvHQV0+xfUUlPESe4lSP+h4CVJ3c,0.2472369999999999,0.591443,1.248205,0,2591700,31.877409,Delay-insensitive,4,7.0
58800,ZUmOui6VockU59FJ6QNjWb1BcFGQghqaHB46IvHQV0+xfUUlPESe4lSP+h4CVJ3c,0.24724,0.6375529999999999,1.370649,0,2591700,31.877409,Delay-insensitive,4,7.0
59100,ZUmOui6VockU59FJ6QNjWb1BcFGQghqaHB46IvHQV0+xfUUlPESe4lSP+h4CVJ3c,0.084566,0.594392,1.361944,0,2591700,31.877409,Delay-insensitive,4,7.0
59400,ZUmOui6VockU59FJ6QNjWb1BcFGQghqaHB46IvHQV0+xfUUlPESe4lSP+h4CVJ3c,0.223005,0.600614,1.086512,0,2591700,31.877409,Delay-insensitive,4,7.0
59700,ZUmOui6VockU59FJ6QNjWb1BcFGQghqaHB46IvHQV0+xfUUlPESe4lSP+h4CVJ3c,0.14814,8.181546,70.55628100000001,0,2591700,31.877409,Delay-insensitive,4,7.0
60000,ZUmOui6VockU59FJ6QNjWb1BcFGQghqaHB46IvHQV0+xfUUlPESe4lSP+h4CVJ3c,0.3351,19.807257,67.269954,0,2591700,31.877409,Delay-insensitive,4,7.0
60300,ZUmOui6VockU59FJ6QNjWb1BcFGQghqaHB46IvHQV0+xfUUlPESe4lSP+h4CVJ3c,0.087703,0.621005,1.097721,0,2591700,31.877409,Delay-insensitive,4,7.0
60600,ZUmOui6VockU59FJ6QNjWb1BcFGQghqaHB46IvHQV0+xfUUlPESe4lSP+h4CVJ3c,0.163329,0.621951,1.053725,0,2591700,31.877409,Delay-insensitive,4,7.0
60900,ZUmOui6VockU59FJ6QNjWb1BcFGQghqaHB46IvHQV0+xfUUlPESe4lSP+h4CVJ3c,0.099875,0.5826479999999999,1.394049,0,2591700,31.877409,Delay-insensitive,4,7.0
61200,ZUmOui6VockU59FJ6QNjWb1BcFGQghqaHB46IvHQV0+xfUUlPESe4lSP+h4CVJ3c,0.2225099999999999,0.6053069999999999,1.147068,0,2591700,31.877409,Delay-insensitive,4,7.0
61500,ZUmOui6VockU59FJ6QNjWb1BcFGQghqaHB46IvHQV0+xfUUlPESe4lSP+h4CVJ3c,0.088403,2.900005,25.598861,0,2591700,31.877409,Delay-insensitive,4,7.0
61800,ZUmOui6VockU59FJ6QNjWb1BcFGQghqaHB46IvHQV0+xfUUlPESe4lSP+h4CVJ3c,0.079363,0.598577,1.265198,0,2591700,31.877409,Delay-insensitive,4,7.0
62100,ZUmOui6VockU59FJ6QNjWb1BcFGQghqaHB46IvHQV0+xfUUlPESe4lSP+h4CVJ3c,0.270736,0.59373,1.170795,0,2591700,31.877409,Delay-insensitive,4,7.0
62400,ZUmOui6VockU59FJ6QNjWb1BcFGQghqaHB46IvHQV0+xfUUlPESe4lSP+h4CVJ3c,0.1197109999999999,0.572281,1.082879,0,2591700,31.877409,Delay-insensitive,4,7.0
62700,ZUmOui6VockU59FJ6QNjWb1BcFGQghqaHB46IvHQV0+xfUUlPESe4lSP+h4CVJ3c,0.183608,0.620183,1.258415,0,2591700,31.877409,Delay-insensitive,4,7.0
63000,ZUmOui6VockU59FJ6QNjWb1BcFGQghqaHB46IvHQV0+xfUUlPESe4lSP+h4CVJ3c,0.156757,0.624889,1.392998,0,2591700,31.877409,Delay-insensitive,4,7.0
63300,ZUmOui6VockU59FJ6QNjWb1BcFGQghqaHB46IvHQV0+xfUUlPESe4lSP+h4CVJ3c,0.255769,0.758979,4.259387,0,2591700,31.877409,Delay-insensitive,4,7.0
63600,ZUmOui6VockU59FJ6QNjWb1BcFGQghqaHB46IvHQV0+xfUUlPESe4lSP+h4CVJ3c,0.187084,0.5983569999999999,1.351675,0,2591700,31.877409,Delay-insensitive,4,7.0
63900,ZUmOui6VockU59FJ6QNjWb1BcFGQghqaHB46IvHQV0+xfUUlPESe4lSP+h4CVJ3c,0.247989,0.606107,1.012793,0,2591700,31.877409,Delay-insensitive,4,7.0
64200,ZUmOui6VockU59FJ6QNjWb1BcFGQghqaHB46IvHQV0+xfUUlPESe4lSP+h4CVJ3c,0.129666,0.569638,0.965506,0,2591700,31.877409,Delay-insensitive,4,7.0
64500,ZUmOui6VockU59FJ6QNjWb1BcFGQghqaHB46IvHQV0+xfUUlPESe4lSP+h4CVJ3c,0.057315,0.801823,4.833662,0,2591700,31.877409,Delay-insensitive,4,7.0
64800,ZUmOui6VockU59FJ6QNjWb1BcFGQghqaHB46IvHQV0+xfUUlPESe4lSP+h4CVJ3c,0.19191,0.596753,1.266659,0,2591700,31.877409,Delay-insensitive,4,7.0
65100,ZUmOui6VockU59FJ6QNjWb1BcFGQghqaHB46IvHQV0+xfUUlPESe4lSP+h4CVJ3c,0.0986679999999999,4.442446,86.056263,0,2591700,31.877409,Delay-insensitive,4,7.0
65400,ZUmOui6VockU59FJ6QNjWb1BcFGQghqaHB46IvHQV0+xfUUlPESe4lSP+h4CVJ3c,0.206746,0.6319859999999999,1.334809,0,2591700,31.877409,Delay-insensitive,4,7.0
65700,ZUmOui6VockU59FJ6QNjWb1BcFGQghqaHB46IvHQV0+xfUUlPESe4lSP+h4CVJ3c,0.091205,0.5421699999999999,1.047193,0,2591700,31.877409,Delay-insensitive,4,7.0
66000,ZUmOui6VockU59FJ6QNjWb1BcFGQghqaHB46IvHQV0+xfUUlPESe4lSP+h4CVJ3c,0.242094,0.5825279999999999,1.127832,0,2591700,31.877409,Delay-insensitive,4,7.0
66300,ZUmOui6VockU59FJ6QNjWb1BcFGQghqaHB46IvHQV0+xfUUlPESe4lSP+h4CVJ3c,0.070112,0.569194,1.09288,0,2591700,31.877409,Delay-insensitive,4,7.0
66600,ZUmOui6VockU59FJ6QNjWb1BcFGQghqaHB46IvHQV0+xfUUlPESe4lSP+h4CVJ3c,0.262158,0.637601,1.11953,0,2591700,31.877409,Delay-insensitive,4,7.0
66900,ZUmOui6VockU59FJ6QNjWb1BcFGQghqaHB46IvHQV0+xfUUlPESe4lSP+h4CVJ3c,0.056788,0.558933,1.045125,0,2591700,31.877409,Delay-insensitive,4,7.0
67200,ZUmOui6VockU59FJ6QNjWb1BcFGQghqaHB46IvHQV0+xfUUlPESe4lSP+h4CVJ3c,0.028485,0.597405,1.003853,0,2591700,31.877409,Delay-insensitive,4,7.0
67500,ZUmOui6VockU59FJ6QNjWb1BcFGQghqaHB46IvHQV0+xfUUlPESe4lSP+h4CVJ3c,0.252789,0.6118439999999999,0.952722,0,2591700,31.877409,Delay-insensitive,4,7.0
67800,ZUmOui6VockU59FJ6QNjWb1BcFGQghqaHB46IvHQV0+xfUUlPESe4lSP+h4CVJ3c,0.129928,0.5954699999999999,1.001428,0,2591700,31.877409,Delay-insensitive,4,7.0
68100,ZUmOui6VockU59FJ6QNjWb1BcFGQghqaHB46IvHQV0+xfUUlPESe4lSP+h4CVJ3c,0.271295,0.628736,1.150043,0,2591700,31.877409,Delay-insensitive,4,7.0
68400,ZUmOui6VockU59FJ6QNjWb1BcFGQghqaHB46IvHQV0+xfUUlPESe4lSP+h4CVJ3c,0.040534,0.587717,1.0983969999999998,0,2591700,31.877409,Delay-insensitive,4,7.0
68700,ZUmOui6VockU59FJ6QNjWb1BcFGQghqaHB46IvHQV0+xfUUlPESe4lSP+h4CVJ3c,0.301825,0.760159,5.98338,0,2591700,31.877409,Delay-insensitive,4,7.0
69000,ZUmOui6VockU59FJ6QNjWb1BcFGQghqaHB46IvHQV0+xfUUlPESe4lSP+h4CVJ3c,0.154792,2.757255,28.288573,0,2591700,31.877409,Delay-insensitive,4,7.0
69300,ZUmOui6VockU59FJ6QNjWb1BcFGQghqaHB46IvHQV0+xfUUlPESe4lSP+h4CVJ3c,0.227721,0.641001,1.177596,0,2591700,31.877409,Delay-insensitive,4,7.0
69600,ZUmOui6VockU59FJ6QNjWb1BcFGQghqaHB46IvHQV0+xfUUlPESe4lSP+h4CVJ3c,0.380426,0.7236229999999999,1.159053,0,2591700,31.877409,Delay-insensitive,4,7.0
69900,ZUmOui6VockU59FJ6QNjWb1BcFGQghqaHB46IvHQV0+xfUUlPESe4lSP+h4CVJ3c,0.316006,0.782301,1.484148,0,2591700,31.877409,Delay-insensitive,4,7.0
70200,ZUmOui6VockU59FJ6QNjWb1BcFGQghqaHB46IvHQV0+xfUUlPESe4lSP+h4CVJ3c,0.339072,9.610726,47.338165,0,2591700,31.877409,Delay-insensitive,4,7.0
70500,ZUmOui6VockU59FJ6QNjWb1BcFGQghqaHB46IvHQV0+xfUUlPESe4lSP+h4CVJ3c,0.2209219999999999,25.726835,99.507812,0,2591700,31.877409,Delay-insensitive,4,7.0
70800,ZUmOui6VockU59FJ6QNjWb1BcFGQghqaHB46IvHQV0+xfUUlPESe4lSP+h4CVJ3c,0.412156,20.250119,70.68771600000001,0,2591700,31.877409,Delay-insensitive,4,7.0
71100,ZUmOui6VockU59FJ6QNjWb1BcFGQghqaHB46IvHQV0+xfUUlPESe4lSP+h4CVJ3c,0.125873,0.8546590000000001,1.71763,0,2591700,31.877409,Delay-insensitive,4,7.0
71400,ZUmOui6VockU59FJ6QNjWb1BcFGQghqaHB46IvHQV0+xfUUlPESe4lSP+h4CVJ3c,0.497924,0.8574440000000001,1.230803,0,2591700,31.877409,Delay-insensitive,4,7.0
71700,ZUmOui6VockU59FJ6QNjWb1BcFGQghqaHB46IvHQV0+xfUUlPESe4lSP+h4CVJ3c,0.301108,0.820355,1.597002,0,2591700,31.877409,Delay-insensitive,4,7.0
72000,ZUmOui6VockU59FJ6QNjWb1BcFGQghqaHB46IvHQV0+xfUUlPESe4lSP+h4CVJ3c,0.391894,0.86001,1.427838,0,2591700,31.877409,Delay-insensitive,4,7.0
72300,ZUmOui6VockU59FJ6QNjWb1BcFGQghqaHB46IvHQV0+xfUUlPESe4lSP+h4CVJ3c,0.099121,0.803668,1.186383,0,2591700,31.877409,Delay-insensitive,4,7.0
72600,ZUmOui6VockU59FJ6QNjWb1BcFGQghqaHB46IvHQV0+xfUUlPESe4lSP+h4CVJ3c,0.493173,3.3793300000000004,28.444865000000004,0,2591700,31.877409,Delay-insensitive,4,7.0
72900,ZUmOui6VockU59FJ6QNjWb1BcFGQghqaHB46IvHQV0+xfUUlPESe4lSP+h4CVJ3c,0.419483,0.896021,1.600509,0,2591700,31.877409,Delay-insensitive,4,7.0
73200,ZUmOui6VockU59FJ6QNjWb1BcFGQghqaHB46IvHQV0+xfUUlPESe4lSP+h4CVJ3c,0.1942809999999999,0.8869879999999999,1.911942,0,2591700,31.877409,Delay-insensitive,4,7.0
73500,ZUmOui6VockU59FJ6QNjWb1BcFGQghqaHB46IvHQV0+xfUUlPESe4lSP+h4CVJ3c,0.532424,0.947026,1.478959,0,2591700,31.877409,Delay-insensitive,4,7.0
73800,ZUmOui6VockU59FJ6QNjWb1BcFGQghqaHB46IvHQV0+xfUUlPESe4lSP+h4CVJ3c,0.146601,0.879249,1.451344,0,2591700,31.877409,Delay-insensitive,4,7.0
74100,ZUmOui6VockU59FJ6QNjWb1BcFGQghqaHB46IvHQV0+xfUUlPESe4lSP+h4CVJ3c,0.562311,0.964573,1.455912,0,2591700,31.877409,Delay-insensitive,4,7.0
74400,ZUmOui6VockU59FJ6QNjWb1BcFGQghqaHB46IvHQV0+xfUUlPESe4lSP+h4CVJ3c,0.534535,0.944779,1.580095,0,2591700,31.877409,Delay-insensitive,4,7.0
74700,ZUmOui6VockU59FJ6QNjWb1BcFGQghqaHB46IvHQV0+xfUUlPESe4lSP+h4CVJ3c,0.6402720000000001,0.942218,1.463824,0,2591700,31.877409,Delay-insensitive,4,7.0
75000,ZUmOui6VockU59FJ6QNjWb1BcFGQghqaHB46IvHQV0+xfUUlPESe4lSP+h4CVJ3c,0.44593,0.941381,1.359623,0,2591700,31.877409,Delay-insensitive,4,7.0
75300,ZUmOui6VockU59FJ6QNjWb1BcFGQghqaHB46IvHQV0+xfUUlPESe4lSP+h4CVJ3c,0.475371,1.042269,2.2333220000000003,0,2591700,31.877409,Delay-insensitive,4,7.0
75600,ZUmOui6VockU59FJ6QNjWb1BcFGQghqaHB46IvHQV0+xfUUlPESe4lSP+h4CVJ3c,0.30978,0.978833,1.696487,0,2591700,31.877409,Delay-insensitive,4,7.0
75900,ZUmOui6VockU59FJ6QNjWb1BcFGQghqaHB46IvHQV0+xfUUlPESe4lSP+h4CVJ3c,0.042369,0.922729,1.530801,0,2591700,31.877409,Delay-insensitive,4,7.0
76200,ZUmOui6VockU59FJ6QNjWb1BcFGQghqaHB46IvHQV0+xfUUlPESe4lSP+h4CVJ3c,0.6361640000000001,3.400339,20.719976000000003,0,2591700,31.877409,Delay-insensitive,4,7.0
76500,ZUmOui6VockU59FJ6QNjWb1BcFGQghqaHB46IvHQV0+xfUUlPESe4lSP+h4CVJ3c,0.536618,1.031876,2.578895,0,2591700,31.877409,Delay-insensitive,4,7.0
76800,ZUmOui6VockU59FJ6QNjWb1BcFGQghqaHB46IvHQV0+xfUUlPESe4lSP+h4CVJ3c,0.645936,0.970228,1.48907,0,2591700,31.877409,Delay-insensitive,4,7.0
77100,ZUmOui6VockU59FJ6QNjWb1BcFGQghqaHB46IvHQV0+xfUUlPESe4lSP+h4CVJ3c,0.1085849999999999,0.964059,1.754131,0,2591700,31.877409,Delay-insensitive,4,7.0
77400,ZUmOui6VockU59FJ6QNjWb1BcFGQghqaHB46IvHQV0+xfUUlPESe4lSP+h4CVJ3c,0.606527,6.78719,46.852626,0,2591700,31.877409,Delay-insensitive,4,7.0
77700,ZUmOui6VockU59FJ6QNjWb1BcFGQghqaHB46IvHQV0+xfUUlPESe4lSP+h4CVJ3c,0.7449819999999999,26.430276,99.139096,0,2591700,31.877409,Delay-insensitive,4,7.0
78000,ZUmOui6VockU59FJ6QNjWb1BcFGQghqaHB46IvHQV0+xfUUlPESe4lSP+h4CVJ3c,0.193838,23.544928,61.591377,0,2591700,31.877409,Delay-insensitive,4,7.0
78300,ZUmOui6VockU59FJ6QNjWb1BcFGQghqaHB46IvHQV0+xfUUlPESe4lSP+h4CVJ3c,0.706676,1.093562,1.610026,0,2591700,31.877409,Delay-insensitive,4,7.0
78600,ZUmOui6VockU59FJ6QNjWb1BcFGQghqaHB46IvHQV0+xfUUlPESe4lSP+h4CVJ3c,0.1011519999999999,1.026649,1.6562849999999998,0,2591700,31.877409,Delay-insensitive,4,7.0
78900,ZUmOui6VockU59FJ6QNjWb1BcFGQghqaHB46IvHQV0+xfUUlPESe4lSP+h4CVJ3c,0.678543,1.104227,1.680827,0,2591700,31.877409,Delay-insensitive,4,7.0
79200,ZUmOui6VockU59FJ6QNjWb1BcFGQghqaHB46IvHQV0+xfUUlPESe4lSP+h4CVJ3c,0.1225869999999999,1.028342,1.716491,0,2591700,31.877409,Delay-insensitive,4,7.0
79500,ZUmOui6VockU59FJ6QNjWb1BcFGQghqaHB46IvHQV0+xfUUlPESe4lSP+h4CVJ3c,0.806078,1.0674629999999998,1.486962,0,2591700,31.877409,Delay-insensitive,4,7.0
79800,ZUmOui6VockU59FJ6QNjWb1BcFGQghqaHB46IvHQV0+xfUUlPESe4lSP+h4CVJ3c,0.4264439999999999,3.42162,35.950047,0,2591700,31.877409,Delay-insensitive,4,7.0
80100,ZUmOui6VockU59FJ6QNjWb1BcFGQghqaHB46IvHQV0+xfUUlPESe4lSP+h4CVJ3c,0.5656939999999999,1.102023,1.7279950000000002,0,2591700,31.877409,Delay-insensitive,4,7.0
80400,ZUmOui6VockU59FJ6QNjWb1BcFGQghqaHB46IvHQV0+xfUUlPESe4lSP+h4CVJ3c,0.747585,1.214948,3.4461800000000005,0,2591700,31.877409,Delay-insensitive,4,7.0
80700,ZUmOui6VockU59FJ6QNjWb1BcFGQghqaHB46IvHQV0+xfUUlPESe4lSP+h4CVJ3c,0.168009,1.113769,2.083752,0,2591700,31.877409,Delay-insensitive,4,7.0
81000,ZUmOui6VockU59FJ6QNjWb1BcFGQghqaHB46IvHQV0+xfUUlPESe4lSP+h4CVJ3c,0.4630149999999999,1.131892,1.579223,0,2591700,31.877409,Delay-insensitive,4,7.0
81300,ZUmOui6VockU59FJ6QNjWb1BcFGQghqaHB46IvHQV0+xfUUlPESe4lSP+h4CVJ3c,0.127695,1.147,1.835169,0,2591700,31.877409,Delay-insensitive,4,7.0
81600,ZUmOui6VockU59FJ6QNjWb1BcFGQghqaHB46IvHQV0+xfUUlPESe4lSP+h4CVJ3c,0.7707,1.227169,2.030128,0,2591700,31.877409,Delay-insensitive,4,7.0
81900,ZUmOui6VockU59FJ6QNjWb1BcFGQghqaHB46IvHQV0+xfUUlPESe4lSP+h4CVJ3c,0.223594,1.133151,1.788025,0,2591700,31.877409,Delay-insensitive,4,7.0
82200,ZUmOui6VockU59FJ6QNjWb1BcFGQghqaHB46IvHQV0+xfUUlPESe4lSP+h4CVJ3c,0.770145,1.216369,1.921997,0,2591700,31.877409,Delay-insensitive,4,7.0
82500,ZUmOui6VockU59FJ6QNjWb1BcFGQghqaHB46IvHQV0+xfUUlPESe4lSP+h4CVJ3c,0.332576,1.144499,1.654441,0,2591700,31.877409,Delay-insensitive,4,7.0
82800,ZUmOui6VockU59FJ6QNjWb1BcFGQghqaHB46IvHQV0+xfUUlPESe4lSP+h4CVJ3c,0.305134,1.014061,1.86814,0,2591700,31.877409,Delay-insensitive,4,7.0
83100,ZUmOui6VockU59FJ6QNjWb1BcFGQghqaHB46IvHQV0+xfUUlPESe4lSP+h4CVJ3c,0.111995,0.585514,1.219115,0,2591700,31.877409,Delay-insensitive,4,7.0
83400,ZUmOui6VockU59FJ6QNjWb1BcFGQghqaHB46IvHQV0+xfUUlPESe4lSP+h4CVJ3c,0.2242,0.846785,3.4589730000000003,0,2591700,31.877409,Delay-insensitive,4,7.0
83700,ZUmOui6VockU59FJ6QNjWb1BcFGQghqaHB46IvHQV0+xfUUlPESe4lSP+h4CVJ3c,0.25392,2.2283060000000003,20.206393,0,2591700,31.877409,Delay-insensitive,4,7.0
84000,ZUmOui6VockU59FJ6QNjWb1BcFGQghqaHB46IvHQV0+xfUUlPESe4lSP+h4CVJ3c,0.301303,0.8241629999999999,2.709283,0,2591700,31.877409,Delay-insensitive,4,7.0
84300,ZUmOui6VockU59FJ6QNjWb1BcFGQghqaHB46IvHQV0+xfUUlPESe4lSP+h4CVJ3c,0.306438,0.672293,1.186854,0,2591700,31.877409,Delay-insensitive,4,7.0
84600,ZUmOui6VockU59FJ6QNjWb1BcFGQghqaHB46IvHQV0+xfUUlPESe4lSP+h4CVJ3c,0.229133,0.570703,1.187699,0,2591700,31.877409,Delay-insensitive,4,7.0
84900,ZUmOui6VockU59FJ6QNjWb1BcFGQghqaHB46IvHQV0+xfUUlPESe4lSP+h4CVJ3c,0.290234,0.6277050000000001,1.107982,0,2591700,31.877409,Delay-insensitive,4,7.0
85200,ZUmOui6VockU59FJ6QNjWb1BcFGQghqaHB46IvHQV0+xfUUlPESe4lSP+h4CVJ3c,0.070726,0.605256,1.079293,0,2591700,31.877409,Delay-insensitive,4,7.0
85500,ZUmOui6VockU59FJ6QNjWb1BcFGQghqaHB46IvHQV0+xfUUlPESe4lSP+h4CVJ3c,0.215058,0.584358,1.1295620000000002,0,2591700,31.877409,Delay-insensitive,4,7.0
85800,ZUmOui6VockU59FJ6QNjWb1BcFGQghqaHB46IvHQV0+xfUUlPESe4lSP+h4CVJ3c,0.067869,0.585858,1.302165,0,2591700,31.877409,Delay-insensitive,4,7.0
86100,ZUmOui6VockU59FJ6QNjWb1BcFGQghqaHB46IvHQV0+xfUUlPESe4lSP+h4CVJ3c,0.083669,0.619383,1.167646,0,2591700,31.877409,Delay-insensitive,4,7.0
86400,ZUmOui6VockU59FJ6QNjWb1BcFGQghqaHB46IvHQV0+xfUUlPESe4lSP+h4CVJ3c,0.198773,0.614496,1.211986,0,2591700,31.877409,Delay-insensitive,4,7.0
86700,ZUmOui6VockU59FJ6QNjWb1BcFGQghqaHB46IvHQV0+xfUUlPESe4lSP+h4CVJ3c,0.1572599999999999,0.5798180000000001,1.0650700000000002,0,2591700,31.877409,Delay-insensitive,4,7.0
87000,ZUmOui6VockU59FJ6QNjWb1BcFGQghqaHB46IvHQV0+xfUUlPESe4lSP+h4CVJ3c,0.24224,0.65252,0.956539,0,2591700,31.877409,Delay-insensitive,4,7.0
87300,ZUmOui6VockU59FJ6QNjWb1BcFGQghqaHB46IvHQV0+xfUUlPESe4lSP+h4CVJ3c,0.083877,2.903362,30.341369,0,2591700,31.877409,Delay-insensitive,4,7.0
87600,ZUmOui6VockU59FJ6QNjWb1BcFGQghqaHB46IvHQV0+xfUUlPESe4lSP+h4CVJ3c,0.252696,0.61635,0.954031,0,2591700,31.877409,Delay-insensitive,4,7.0
87900,ZUmOui6VockU59FJ6QNjWb1BcFGQghqaHB46IvHQV0+xfUUlPESe4lSP+h4CVJ3c,0.17247,0.672778,2.229779,0,2591700,31.877409,Delay-insensitive,4,7.0
88200,ZUmOui6VockU59FJ6QNjWb1BcFGQghqaHB46IvHQV0+xfUUlPESe4lSP+h4CVJ3c,0.250761,0.602349,1.117384,0,2591700,31.877409,Delay-insensitive,4,7.0
88500,ZUmOui6VockU59FJ6QNjWb1BcFGQghqaHB46IvHQV0+xfUUlPESe4lSP+h4CVJ3c,0.2263869999999999,0.615684,1.320655,0,2591700,31.877409,Delay-insensitive,4,7.0
88800,ZUmOui6VockU59FJ6QNjWb1BcFGQghqaHB46IvHQV0+xfUUlPESe4lSP+h4CVJ3c,0.130807,0.6542399999999999,1.124271,0,2591700,31.877409,Delay-insensitive,4,7.0
89100,ZUmOui6VockU59FJ6QNjWb1BcFGQghqaHB46IvHQV0+xfUUlPESe4lSP+h4CVJ3c,0.235365,0.6229,1.078659,0,2591700,31.877409,Delay-insensitive,4,7.0
89400,ZUmOui6VockU59FJ6QNjWb1BcFGQghqaHB46IvHQV0+xfUUlPESe4lSP+h4CVJ3c,0.3346659999999999,0.6622399999999999,1.749197,0,2591700,31.877409,Delay-insensitive,4,7.0
89700,ZUmOui6VockU59FJ6QNjWb1BcFGQghqaHB46IvHQV0+xfUUlPESe4lSP+h4CVJ3c,0.2048699999999999,0.6244810000000001,0.91181,0,2591700,31.877409,Delay-insensitive,4,7.0
90000,ZUmOui6VockU59FJ6QNjWb1BcFGQghqaHB46IvHQV0+xfUUlPESe4lSP+h4CVJ3c,0.111075,0.570192,1.189034,0,2591700,31.877409,Delay-insensitive,4,7.0
90300,ZUmOui6VockU59FJ6QNjWb1BcFGQghqaHB46IvHQV0+xfUUlPESe4lSP+h4CVJ3c,0.264331,0.6149939999999999,1.098133,0,2591700,31.877409,Delay-insensitive,4,7.0
90600,ZUmOui6VockU59FJ6QNjWb1BcFGQghqaHB46IvHQV0+xfUUlPESe4lSP+h4CVJ3c,0.204676,0.594618,0.999226,0,2591700,31.877409,Delay-insensitive,4,7.0
90900,ZUmOui6VockU59FJ6QNjWb1BcFGQghqaHB46IvHQV0+xfUUlPESe4lSP+h4CVJ3c,0.286718,2.9819560000000003,53.809674,0,2591700,31.877409,Delay-insensitive,4,7.0
91200,ZUmOui6VockU59FJ6QNjWb1BcFGQghqaHB46IvHQV0+xfUUlPESe4lSP+h4CVJ3c,0.103748,0.564014,0.876331,0,2591700,31.877409,Delay-insensitive,4,7.0
91500,ZUmOui6VockU59FJ6QNjWb1BcFGQghqaHB46IvHQV0+xfUUlPESe4lSP+h4CVJ3c,0.1148339999999999,0.580834,0.996062,0,2591700,31.877409,Delay-insensitive,4,7.0
91800,ZUmOui6VockU59FJ6QNjWb1BcFGQghqaHB46IvHQV0+xfUUlPESe4lSP+h4CVJ3c,0.238609,0.5999939999999999,1.288229,0,2591700,31.877409,Delay-insensitive,4,7.0
92100,ZUmOui6VockU59FJ6QNjWb1BcFGQghqaHB46IvHQV0+xfUUlPESe4lSP+h4CVJ3c,0.097362,0.573341,1.158322,0,2591700,31.877409,Delay-insensitive,4,7.0
92400,ZUmOui6VockU59FJ6QNjWb1BcFGQghqaHB46IvHQV0+xfUUlPESe4lSP+h4CVJ3c,0.3158289999999999,0.611988,1.088299,0,2591700,31.877409,Delay-insensitive,4,7.0
92700,ZUmOui6VockU59FJ6QNjWb1BcFGQghqaHB46IvHQV0+xfUUlPESe4lSP+h4CVJ3c,0.313846,0.6761010000000001,2.593286,0,2591700,31.877409,Delay-insensitive,4,7.0
93000,ZUmOui6VockU59FJ6QNjWb1BcFGQghqaHB46IvHQV0+xfUUlPESe4lSP+h4CVJ3c,0.27188,0.84911,5.125379,0,2591700,31.877409,Delay-insensitive,4,7.0
93300,ZUmOui6VockU59FJ6QNjWb1BcFGQghqaHB46IvHQV0+xfUUlPESe4lSP+h4CVJ3c,0.2049099999999999,0.700865,3.014586,0,2591700,31.877409,Delay-insensitive,4,7.0
93600,ZUmOui6VockU59FJ6QNjWb1BcFGQghqaHB46IvHQV0+xfUUlPESe4lSP+h4CVJ3c,0.216806,0.565846,1.120838,0,2591700,31.877409,Delay-insensitive,4,7.0
93900,ZUmOui6VockU59FJ6QNjWb1BcFGQghqaHB46IvHQV0+xfUUlPESe4lSP+h4CVJ3c,0.194927,0.585904,1.128194,0,2591700,31.877409,Delay-insensitive,4,7.0
94200,ZUmOui6VockU59FJ6QNjWb1BcFGQghqaHB46IvHQV0+xfUUlPESe4lSP+h4CVJ3c,0.106823,0.592359,0.953386,0,2591700,31.877409,Delay-insensitive,4,7.0
94500,ZUmOui6VockU59FJ6QNjWb1BcFGQghqaHB46IvHQV0+xfUUlPESe4lSP+h4CVJ3c,0.2300239999999999,2.951906,20.031696,0,2591700,31.877409,Delay-insensitive,4,7.0
94800,ZUmOui6VockU59FJ6QNjWb1BcFGQghqaHB46IvHQV0+xfUUlPESe4lSP+h4CVJ3c,0.1054359999999999,0.632415,1.261162,0,2591700,31.877409,Delay-insensitive,4,7.0
95100,ZUmOui6VockU59FJ6QNjWb1BcFGQghqaHB46IvHQV0+xfUUlPESe4lSP+h4CVJ3c,0.30115,0.637312,1.109887,0,2591700,31.877409,Delay-insensitive,4,7.0
95400,ZUmOui6VockU59FJ6QNjWb1BcFGQghqaHB46IvHQV0+xfUUlPESe4lSP+h4CVJ3c,0.09118,0.55207,1.377718,0,2591700,31.877409,Delay-insensitive,4,7.0
95700,ZUmOui6VockU59FJ6QNjWb1BcFGQghqaHB46IvHQV0+xfUUlPESe4lSP+h4CVJ3c,0.324847,0.6610010000000001,1.29851,0,2591700,31.877409,Delay-insensitive,4,7.0
96000,ZUmOui6VockU59FJ6QNjWb1BcFGQghqaHB46IvHQV0+xfUUlPESe4lSP+h4CVJ3c,0.2516989999999999,0.70645,1.4049,0,2591700,31.877409,Delay-insensitive,4,7.0
96300,ZUmOui6VockU59FJ6QNjWb1BcFGQghqaHB46IvHQV0+xfUUlPESe4lSP+h4CVJ3c,0.268779,0.647457,1.211667,0,2591700,31.877409,Delay-insensitive,4,7.0
96600,ZUmOui6VockU59FJ6QNjWb1BcFGQghqaHB46IvHQV0+xfUUlPESe4lSP+h4CVJ3c,0.081345,0.6447,1.340089,0,2591700,31.877409,Delay-insensitive,4,7.0
96900,ZUmOui6VockU59FJ6QNjWb1BcFGQghqaHB46IvHQV0+xfUUlPESe4lSP+h4CVJ3c,0.245441,0.7871630000000001,4.024734,0,2591700,31.877409,Delay-insensitive,4,7.0
97200,ZUmOui6VockU59FJ6QNjWb1BcFGQghqaHB46IvHQV0+xfUUlPESe4lSP+h4CVJ3c,0.2139469999999999,0.596033,1.370457,0,2591700,31.877409,Delay-insensitive,4,7.0
97500,ZUmOui6VockU59FJ6QNjWb1BcFGQghqaHB46IvHQV0+xfUUlPESe4lSP+h4CVJ3c,0.259448,0.7716689999999999,4.777032,0,2591700,31.877409,Delay-insensitive,4,7.0
97800,ZUmOui6VockU59FJ6QNjWb1BcFGQghqaHB46IvHQV0+xfUUlPESe4lSP+h4CVJ3c,0.286817,0.6431100000000001,0.98431,0,2591700,31.877409,Delay-insensitive,4,7.0
98100,ZUmOui6VockU59FJ6QNjWb1BcFGQghqaHB46IvHQV0+xfUUlPESe4lSP+h4CVJ3c,0.062419,2.5759060000000003,34.91107,0,2591700,31.877409,Delay-insensitive,4,7.0
98400,ZUmOui6VockU59FJ6QNjWb1BcFGQghqaHB46IvHQV0+xfUUlPESe4lSP+h4CVJ3c,0.277462,1.014105,10.031764,0,2591700,31.877409,Delay-insensitive,4,7.0
98700,ZUmOui6VockU59FJ6QNjWb1BcFGQghqaHB46IvHQV0+xfUUlPESe4lSP+h4CVJ3c,0.177504,1.553536,28.071127,0,2591700,31.877409,Delay-insensitive,4,7.0
99000,ZUmOui6VockU59FJ6QNjWb1BcFGQghqaHB46IvHQV0+xfUUlPESe4lSP+h4CVJ3c,0.291773,0.579662,1.14378,0,2591700,31.877409,Delay-insensitive,4,7.0
99300,ZUmOui6VockU59FJ6QNjWb1BcFGQghqaHB46IvHQV0+xfUUlPESe4lSP+h4CVJ3c,0.091056,0.570443,0.99743,0,2591700,31.877409,Delay-insensitive,4,7.0
99600,ZUmOui6VockU59FJ6QNjWb1BcFGQghqaHB46IvHQV0+xfUUlPESe4lSP+h4CVJ3c,0.086964,0.5832,0.969052,0,2591700,31.877409,Delay-insensitive,4,7.0
99900,ZUmOui6VockU59FJ6QNjWb1BcFGQghqaHB46IvHQV0+xfUUlPESe4lSP+h4CVJ3c,0.233381,0.5996229999999999,1.061394,0,2591700,31.877409,Delay-insensitive,4,7.0
100200,ZUmOui6VockU59FJ6QNjWb1BcFGQghqaHB46IvHQV0+xfUUlPESe4lSP+h4CVJ3c,0.058154,0.595675,1.06696,0,2591700,31.877409,Delay-insensitive,4,7.0
100500,ZUmOui6VockU59FJ6QNjWb1BcFGQghqaHB46IvHQV0+xfUUlPESe4lSP+h4CVJ3c,0.28629,0.631787,1.15247,0,2591700,31.877409,Delay-insensitive,4,7.0
100800,ZUmOui6VockU59FJ6QNjWb1BcFGQghqaHB46IvHQV0+xfUUlPESe4lSP+h4CVJ3c,0.300295,0.6437,1.427761,0,2591700,31.877409,Delay-insensitive,4,7.0
101100,ZUmOui6VockU59FJ6QNjWb1BcFGQghqaHB46IvHQV0+xfUUlPESe4lSP+h4CVJ3c,0.289989,0.621855,1.134889,0,2591700,31.877409,Delay-insensitive,4,7.0
101400,ZUmOui6VockU59FJ6QNjWb1BcFGQghqaHB46IvHQV0+xfUUlPESe4lSP+h4CVJ3c,0.108706,0.606375,1.152893,0,2591700,31.877409,Delay-insensitive,4,7.0
101700,ZUmOui6VockU59FJ6QNjWb1BcFGQghqaHB46IvHQV0+xfUUlPESe4lSP+h4CVJ3c,0.202965,0.574407,1.193576,0,2591700,31.877409,Delay-insensitive,4,7.0
102000,ZUmOui6VockU59FJ6QNjWb1BcFGQghqaHB46IvHQV0+xfUUlPESe4lSP+h4CVJ3c,0.120473,2.412868,19.256289,0,2591700,31.877409,Delay-insensitive,4,7.0
102300,ZUmOui6VockU59FJ6QNjWb1BcFGQghqaHB46IvHQV0+xfUUlPESe4lSP+h4CVJ3c,0.251311,0.670077,1.74925,0,2591700,31.877409,Delay-insensitive,4,7.0
102600,ZUmOui6VockU59FJ6QNjWb1BcFGQghqaHB46IvHQV0+xfUUlPESe4lSP+h4CVJ3c,0.246503,0.613211,1.614839,0,2591700,31.877409,Delay-insensitive,4,7.0
102900,ZUmOui6VockU59FJ6QNjWb1BcFGQghqaHB46IvHQV0+xfUUlPESe4lSP+h4CVJ3c,0.168511,0.595938,1.34043,0,2591700,31.877409,Delay-insensitive,4,7.0
103200,ZUmOui6VockU59FJ6QNjWb1BcFGQghqaHB46IvHQV0+xfUUlPESe4lSP+h4CVJ3c,0.299662,0.618736,1.067746,0,2591700,31.877409,Delay-insensitive,4,7.0
103500,ZUmOui6VockU59FJ6QNjWb1BcFGQghqaHB46IvHQV0+xfUUlPESe4lSP+h4CVJ3c,0.123879,0.550794,1.3427790000000002,0,2591700,31.877409,Delay-insensitive,4,7.0
103800,ZUmOui6VockU59FJ6QNjWb1BcFGQghqaHB46IvHQV0+xfUUlPESe4lSP+h4CVJ3c,0.231978,0.601175,1.174468,0,2591700,31.877409,Delay-insensitive,4,7.0
104100,ZUmOui6VockU59FJ6QNjWb1BcFGQghqaHB46IvHQV0+xfUUlPESe4lSP+h4CVJ3c,0.058021,0.577612,0.956884,0,2591700,31.877409,Delay-insensitive,4,7.0
104400,ZUmOui6VockU59FJ6QNjWb1BcFGQghqaHB46IvHQV0+xfUUlPESe4lSP+h4CVJ3c,0.264628,0.598114,1.192256,0,2591700,31.877409,Delay-insensitive,4,7.0
104700,ZUmOui6VockU59FJ6QNjWb1BcFGQghqaHB46IvHQV0+xfUUlPESe4lSP+h4CVJ3c,0.229122,0.608675,1.077827,0,2591700,31.877409,Delay-insensitive,4,7.0
105000,ZUmOui6VockU59FJ6QNjWb1BcFGQghqaHB46IvHQV0+xfUUlPESe4lSP+h4CVJ3c,0.2656679999999999,0.621537,1.620156,0,2591700,31.877409,Delay-insensitive,4,7.0
105300,ZUmOui6VockU59FJ6QNjWb1BcFGQghqaHB46IvHQV0+xfUUlPESe4lSP+h4CVJ3c,0.265744,0.5800420000000001,1.071061,0,2591700,31.877409,Delay-insensitive,4,7.0
105600,ZUmOui6VockU59FJ6QNjWb1BcFGQghqaHB46IvHQV0+xfUUlPESe4lSP+h4CVJ3c,0.05769,2.987384,20.462958,0,2591700,31.877409,Delay-insensitive,4,7.0
105900,ZUmOui6VockU59FJ6QNjWb1BcFGQghqaHB46IvHQV0+xfUUlPESe4lSP+h4CVJ3c,0.3163289999999999,0.6130399999999999,1.051345,0,2591700,31.877409,Delay-insensitive,4,7.0
106200,ZUmOui6VockU59FJ6QNjWb1BcFGQghqaHB46IvHQV0+xfUUlPESe4lSP+h4CVJ3c,0.2333869999999999,0.584151,1.182531,0,2591700,31.877409,Delay-insensitive,4,7.0
106500,ZUmOui6VockU59FJ6QNjWb1BcFGQghqaHB46IvHQV0+xfUUlPESe4lSP+h4CVJ3c,0.323772,0.639728,1.097705,0,2591700,31.877409,Delay-insensitive,4,7.0
106800,ZUmOui6VockU59FJ6QNjWb1BcFGQghqaHB46IvHQV0+xfUUlPESe4lSP+h4CVJ3c,0.059095,0.574802,0.987778,0,2591700,31.877409,Delay-insensitive,4,7.0
107100,ZUmOui6VockU59FJ6QNjWb1BcFGQghqaHB46IvHQV0+xfUUlPESe4lSP+h4CVJ3c,0.334455,0.5759380000000001,1.307799,0,2591700,31.877409,Delay-insensitive,4,7.0
107400,ZUmOui6VockU59FJ6QNjWb1BcFGQghqaHB46IvHQV0+xfUUlPESe4lSP+h4CVJ3c,0.239525,0.62447,1.050275,0,2591700,31.877409,Delay-insensitive,4,7.0
107700,ZUmOui6VockU59FJ6QNjWb1BcFGQghqaHB46IvHQV0+xfUUlPESe4lSP+h4CVJ3c,0.150892,0.810204,6.708055,0,2591700,31.877409,Delay-insensitive,4,7.0
108000,ZUmOui6VockU59FJ6QNjWb1BcFGQghqaHB46IvHQV0+xfUUlPESe4lSP+h4CVJ3c,0.257081,0.588911,1.185653,0,2591700,31.877409,Delay-insensitive,4,7.0
108300,ZUmOui6VockU59FJ6QNjWb1BcFGQghqaHB46IvHQV0+xfUUlPESe4lSP+h4CVJ3c,0.10704,0.575183,1.162603,0,2591700,31.877409,Delay-insensitive,4,7.0
108600,ZUmOui6VockU59FJ6QNjWb1BcFGQghqaHB46IvHQV0+xfUUlPESe4lSP+h4CVJ3c,0.2140389999999999,0.647455,1.047493,0,2591700,31.877409,Delay-insensitive,4,7.0
108900,ZUmOui6VockU59FJ6QNjWb1BcFGQghqaHB46IvHQV0+xfUUlPESe4lSP+h4CVJ3c,0.065087,0.5516979999999999,1.291597,0,2591700,31.877409,Delay-insensitive,4,7.0
109200,ZUmOui6VockU59FJ6QNjWb1BcFGQghqaHB46IvHQV0+xfUUlPESe4lSP+h4CVJ3c,0.29627,2.98087,33.107921000000005,0,2591700,31.877409,Delay-insensitive,4,7.0
109500,ZUmOui6VockU59FJ6QNjWb1BcFGQghqaHB46IvHQV0+xfUUlPESe4lSP+h4CVJ3c,0.079041,0.6626310000000001,1.260061,0,2591700,31.877409,Delay-insensitive,4,7.0
109800,ZUmOui6VockU59FJ6QNjWb1BcFGQghqaHB46IvHQV0+xfUUlPESe4lSP+h4CVJ3c,0.290432,0.583298,0.971099,0,2591700,31.877409,Delay-insensitive,4,7.0
110100,ZUmOui6VockU59FJ6QNjWb1BcFGQghqaHB46IvHQV0+xfUUlPESe4lSP+h4CVJ3c,0.156307,0.557431,1.108588,0,2591700,31.877409,Delay-insensitive,4,7.0
110400,ZUmOui6VockU59FJ6QNjWb1BcFGQghqaHB46IvHQV0+xfUUlPESe4lSP+h4CVJ3c,0.235974,0.665373,1.123006,0,2591700,31.877409,Delay-insensitive,4,7.0
110700,ZUmOui6VockU59FJ6QNjWb1BcFGQghqaHB46IvHQV0+xfUUlPESe4lSP+h4CVJ3c,0.280736,0.600229,1.196733,0,2591700,31.877409,Delay-insensitive,4,7.0
111000,ZUmOui6VockU59FJ6QNjWb1BcFGQghqaHB46IvHQV0+xfUUlPESe4lSP+h4CVJ3c,0.199855,0.596137,1.063847,0,2591700,31.877409,Delay-insensitive,4,7.0
111300,ZUmOui6VockU59FJ6QNjWb1BcFGQghqaHB46IvHQV0+xfUUlPESe4lSP+h4CVJ3c,0.218692,0.6154069999999999,1.053757,0,2591700,31.877409,Delay-insensitive,4,7.0
111600,ZUmOui6VockU59FJ6QNjWb1BcFGQghqaHB46IvHQV0+xfUUlPESe4lSP+h4CVJ3c,0.1950839999999999,0.586782,1.27948,0,2591700,31.877409,Delay-insensitive,4,7.0
111900,ZUmOui6VockU59FJ6QNjWb1BcFGQghqaHB46IvHQV0+xfUUlPESe4lSP+h4CVJ3c,0.28929,0.579472,1.062389,0,2591700,31.877409,Delay-insensitive,4,7.0
112200,ZUmOui6VockU59FJ6QNjWb1BcFGQghqaHB46IvHQV0+xfUUlPESe4lSP+h4CVJ3c,0.2576739999999999,0.707244,1.826226,0,2591700,31.877409,Delay-insensitive,4,7.0
112500,ZUmOui6VockU59FJ6QNjWb1BcFGQghqaHB46IvHQV0+xfUUlPESe4lSP+h4CVJ3c,0.2261,0.581558,1.058085,0,2591700,31.877409,Delay-insensitive,4,7.0
112800,ZUmOui6VockU59FJ6QNjWb1BcFGQghqaHB46IvHQV0+xfUUlPESe4lSP+h4CVJ3c,0.081227,2.182325,27.875066,0,2591700,31.877409,Delay-insensitive,4,7.0
113100,ZUmOui6VockU59FJ6QNjWb1BcFGQghqaHB46IvHQV0+xfUUlPESe4lSP+h4CVJ3c,0.217726,1.383397,20.227467,0,2591700,31.877409,Delay-insensitive,4,7.0
113400,ZUmOui6VockU59FJ6QNjWb1BcFGQghqaHB46IvHQV0+xfUUlPESe4lSP+h4CVJ3c,0.258436,0.6198359999999999,1.739872,0,2591700,31.877409,Delay-insensitive,4,7.0
113700,ZUmOui6VockU59FJ6QNjWb1BcFGQghqaHB46IvHQV0+xfUUlPESe4lSP+h4CVJ3c,0.095567,0.566814,0.924031,0,2591700,31.877409,Delay-insensitive,4,7.0
114000,ZUmOui6VockU59FJ6QNjWb1BcFGQghqaHB46IvHQV0+xfUUlPESe4lSP+h4CVJ3c,0.233977,0.602366,1.172251,0,2591700,31.877409,Delay-insensitive,4,7.0
114300,ZUmOui6VockU59FJ6QNjWb1BcFGQghqaHB46IvHQV0+xfUUlPESe4lSP+h4CVJ3c,0.075488,0.558793,1.319461,0,2591700,31.877409,Delay-insensitive,4,7.0
114600,ZUmOui6VockU59FJ6QNjWb1BcFGQghqaHB46IvHQV0+xfUUlPESe4lSP+h4CVJ3c,0.2625,0.608528,1.178845,0,2591700,31.877409,Delay-insensitive,4,7.0
114900,ZUmOui6VockU59FJ6QNjWb1BcFGQghqaHB46IvHQV0+xfUUlPESe4lSP+h4CVJ3c,0.084557,0.550334,1.155248,0,2591700,31.877409,Delay-insensitive,4,7.0
115200,ZUmOui6VockU59FJ6QNjWb1BcFGQghqaHB46IvHQV0+xfUUlPESe4lSP+h4CVJ3c,0.259005,0.5754279999999999,1.040166,0,2591700,31.877409,Delay-insensitive,4,7.0
115500,ZUmOui6VockU59FJ6QNjWb1BcFGQghqaHB46IvHQV0+xfUUlPESe4lSP+h4CVJ3c,0.084195,0.541875,1.076079,0,2591700,31.877409,Delay-insensitive,4,7.0
115800,ZUmOui6VockU59FJ6QNjWb1BcFGQghqaHB46IvHQV0+xfUUlPESe4lSP+h4CVJ3c,0.251342,0.579491,1.019144,0,2591700,31.877409,Delay-insensitive,4,7.0
116100,ZUmOui6VockU59FJ6QNjWb1BcFGQghqaHB46IvHQV0+xfUUlPESe4lSP+h4CVJ3c,0.038949,0.512637,0.927965,0,2591700,31.877409,Delay-insensitive,4,7.0
116400,ZUmOui6VockU59FJ6QNjWb1BcFGQghqaHB46IvHQV0+xfUUlPESe4lSP+h4CVJ3c,0.072142,0.560908,0.955379,0,2591700,31.877409,Delay-insensitive,4,7.0
116700,ZUmOui6VockU59FJ6QNjWb1BcFGQghqaHB46IvHQV0+xfUUlPESe4lSP+h4CVJ3c,0.332594,2.9815240000000003,24.230927,0,2591700,31.877409,Delay-insensitive,4,7.0
117000,ZUmOui6VockU59FJ6QNjWb1BcFGQghqaHB46IvHQV0+xfUUlPESe4lSP+h4CVJ3c,0.0815309999999999,0.599897,1.37436,0,2591700,31.877409,Delay-insensitive,4,7.0
117300,ZUmOui6VockU59FJ6QNjWb1BcFGQghqaHB46IvHQV0+xfUUlPESe4lSP+h4CVJ3c,0.314621,0.621462,0.970126,0,2591700,31.877409,Delay-insensitive,4,7.0
117600,ZUmOui6VockU59FJ6QNjWb1BcFGQghqaHB46IvHQV0+xfUUlPESe4lSP+h4CVJ3c,0.100696,0.575212,1.069493,0,2591700,31.877409,Delay-insensitive,4,7.0
117900,ZUmOui6VockU59FJ6QNjWb1BcFGQghqaHB46IvHQV0+xfUUlPESe4lSP+h4CVJ3c,0.25323,0.619175,1.359313,0,2591700,31.877409,Delay-insensitive,4,7.0
118200,ZUmOui6VockU59FJ6QNjWb1BcFGQghqaHB46IvHQV0+xfUUlPESe4lSP+h4CVJ3c,0.099665,0.587458,1.065384,0,2591700,31.877409,Delay-insensitive,4,7.0
118500,ZUmOui6VockU59FJ6QNjWb1BcFGQghqaHB46IvHQV0+xfUUlPESe4lSP+h4CVJ3c,0.2321869999999999,0.628616,1.116989,0,2591700,31.877409,Delay-insensitive,4,7.0
118800,ZUmOui6VockU59FJ6QNjWb1BcFGQghqaHB46IvHQV0+xfUUlPESe4lSP+h4CVJ3c,0.184054,0.593881,1.385633,0,2591700,31.877409,Delay-insensitive,4,7.0
119100,ZUmOui6VockU59FJ6QNjWb1BcFGQghqaHB46IvHQV0+xfUUlPESe4lSP+h4CVJ3c,0.197718,0.5956819999999999,1.110307,0,2591700,31.877409,Delay-insensitive,4,7.0
119400,ZUmOui6VockU59FJ6QNjWb1BcFGQghqaHB46IvHQV0+xfUUlPESe4lSP+h4CVJ3c,0.269046,0.618923,0.940679,0,2591700,31.877409,Delay-insensitive,4,7.0
119700,ZUmOui6VockU59FJ6QNjWb1BcFGQghqaHB46IvHQV0+xfUUlPESe4lSP+h4CVJ3c,0.203293,0.626517,1.6550669999999998,0,2591700,31.877409,Delay-insensitive,4,7.0
120000,ZUmOui6VockU59FJ6QNjWb1BcFGQghqaHB46IvHQV0+xfUUlPESe4lSP+h4CVJ3c,0.317735,0.6018640000000001,0.915393,0,2591700,31.877409,Delay-insensitive,4,7.0
120300,ZUmOui6VockU59FJ6QNjWb1BcFGQghqaHB46IvHQV0+xfUUlPESe4lSP+h4CVJ3c,0.20674,3.007455,22.875014,0,2591700,31.877409,Delay-insensitive,4,7.0
120600,ZUmOui6VockU59FJ6QNjWb1BcFGQghqaHB46IvHQV0+xfUUlPESe4lSP+h4CVJ3c,0.307836,6.572639,42.808661,0,2591700,31.877409,Delay-insensitive,4,7.0
120900,ZUmOui6VockU59FJ6QNjWb1BcFGQghqaHB46IvHQV0+xfUUlPESe4lSP+h4CVJ3c,0.207331,26.023645,99.412513,0,2591700,31.877409,Delay-insensitive,4,7.0
121200,ZUmOui6VockU59FJ6QNjWb1BcFGQghqaHB46IvHQV0+xfUUlPESe4lSP+h4CVJ3c,0.74512,23.770685,72.057222,0,2591700,31.877409,Delay-insensitive,4,7.0
121500,ZUmOui6VockU59FJ6QNjWb1BcFGQghqaHB46IvHQV0+xfUUlPESe4lSP+h4CVJ3c,0.085147,0.664328,2.013209,0,2591700,31.877409,Delay-insensitive,4,7.0
121800,ZUmOui6VockU59FJ6QNjWb1BcFGQghqaHB46IvHQV0+xfUUlPESe4lSP+h4CVJ3c,0.09405,0.6711199999999999,1.128619,0,2591700,31.877409,Delay-insensitive,4,7.0
122100,ZUmOui6VockU59FJ6QNjWb1BcFGQghqaHB46IvHQV0+xfUUlPESe4lSP+h4CVJ3c,0.226683,0.634123,1.290544,0,2591700,31.877409,Delay-insensitive,4,7.0
122400,ZUmOui6VockU59FJ6QNjWb1BcFGQghqaHB46IvHQV0+xfUUlPESe4lSP+h4CVJ3c,0.2928659999999999,0.6087779999999999,1.626568,0,2591700,31.877409,Delay-insensitive,4,7.0
122700,ZUmOui6VockU59FJ6QNjWb1BcFGQghqaHB46IvHQV0+xfUUlPESe4lSP+h4CVJ3c,0.24014,0.603128,1.122615,0,2591700,31.877409,Delay-insensitive,4,7.0
123000,ZUmOui6VockU59FJ6QNjWb1BcFGQghqaHB46IvHQV0+xfUUlPESe4lSP+h4CVJ3c,0.131996,0.612079,1.2514459999999998,0,2591700,31.877409,Delay-insensitive,4,7.0
123300,ZUmOui6VockU59FJ6QNjWb1BcFGQghqaHB46IvHQV0+xfUUlPESe4lSP+h4CVJ3c,0.256508,0.612825,1.245185,0,2591700,31.877409,Delay-insensitive,4,7.0
123600,ZUmOui6VockU59FJ6QNjWb1BcFGQghqaHB46IvHQV0+xfUUlPESe4lSP+h4CVJ3c,0.2052139999999999,0.656924,1.343031,0,2591700,31.877409,Delay-insensitive,4,7.0
123900,ZUmOui6VockU59FJ6QNjWb1BcFGQghqaHB46IvHQV0+xfUUlPESe4lSP+h4CVJ3c,0.313005,3.030631,51.227756,0,2591700,31.877409,Delay-insensitive,4,7.0
124200,ZUmOui6VockU59FJ6QNjWb1BcFGQghqaHB46IvHQV0+xfUUlPESe4lSP+h4CVJ3c,0.156697,0.600067,1.094392,0,2591700,31.877409,Delay-insensitive,4,7.0
124500,ZUmOui6VockU59FJ6QNjWb1BcFGQghqaHB46IvHQV0+xfUUlPESe4lSP+h4CVJ3c,0.240338,0.701377,1.357055,0,2591700,31.877409,Delay-insensitive,4,7.0
124800,ZUmOui6VockU59FJ6QNjWb1BcFGQghqaHB46IvHQV0+xfUUlPESe4lSP+h4CVJ3c,0.2248119999999999,0.6533329999999999,1.143514,0,2591700,31.877409,Delay-insensitive,4,7.0
125100,ZUmOui6VockU59FJ6QNjWb1BcFGQghqaHB46IvHQV0+xfUUlPESe4lSP+h4CVJ3c,0.140954,0.56403,1.1211719999999998,0,2591700,31.877409,Delay-insensitive,4,7.0
125400,ZUmOui6VockU59FJ6QNjWb1BcFGQghqaHB46IvHQV0+xfUUlPESe4lSP+h4CVJ3c,0.227491,0.627445,1.331034,0,2591700,31.877409,Delay-insensitive,4,7.0
125700,ZUmOui6VockU59FJ6QNjWb1BcFGQghqaHB46IvHQV0+xfUUlPESe4lSP+h4CVJ3c,0.2402099999999999,0.680395,2.282824,0,2591700,31.877409,Delay-insensitive,4,7.0
126000,ZUmOui6VockU59FJ6QNjWb1BcFGQghqaHB46IvHQV0+xfUUlPESe4lSP+h4CVJ3c,0.208138,0.582551,1.075817,0,2591700,31.877409,Delay-insensitive,4,7.0
126300,ZUmOui6VockU59FJ6QNjWb1BcFGQghqaHB46IvHQV0+xfUUlPESe4lSP+h4CVJ3c,0.087267,0.667245,1.783178,0,2591700,31.877409,Delay-insensitive,4,7.0
126600,ZUmOui6VockU59FJ6QNjWb1BcFGQghqaHB46IvHQV0+xfUUlPESe4lSP+h4CVJ3c,0.225352,0.609736,1.132673,0,2591700,31.877409,Delay-insensitive,4,7.0
126900,ZUmOui6VockU59FJ6QNjWb1BcFGQghqaHB46IvHQV0+xfUUlPESe4lSP+h4CVJ3c,0.274435,0.6537149999999999,1.98862,0,2591700,31.877409,Delay-insensitive,4,7.0
127200,ZUmOui6VockU59FJ6QNjWb1BcFGQghqaHB46IvHQV0+xfUUlPESe4lSP+h4CVJ3c,0.177972,0.6697960000000001,2.248629,0,2591700,31.877409,Delay-insensitive,4,7.0
127500,ZUmOui6VockU59FJ6QNjWb1BcFGQghqaHB46IvHQV0+xfUUlPESe4lSP+h4CVJ3c,0.175995,0.690091,3.287876,0,2591700,31.877409,Delay-insensitive,4,7.0
127800,ZUmOui6VockU59FJ6QNjWb1BcFGQghqaHB46IvHQV0+xfUUlPESe4lSP+h4CVJ3c,0.226156,2.974211,24.307911,0,2591700,31.877409,Delay-insensitive,4,7.0
128100,ZUmOui6VockU59FJ6QNjWb1BcFGQghqaHB46IvHQV0+xfUUlPESe4lSP+h4CVJ3c,0.209807,0.600076,1.157106,0,2591700,31.877409,Delay-insensitive,4,7.0
128400,ZUmOui6VockU59FJ6QNjWb1BcFGQghqaHB46IvHQV0+xfUUlPESe4lSP+h4CVJ3c,0.192951,0.6150899999999999,1.702337,0,2591700,31.877409,Delay-insensitive,4,7.0
128700,ZUmOui6VockU59FJ6QNjWb1BcFGQghqaHB46IvHQV0+xfUUlPESe4lSP+h4CVJ3c,0.241486,0.577625,1.075218,0,2591700,31.877409,Delay-insensitive,4,7.0
129000,ZUmOui6VockU59FJ6QNjWb1BcFGQghqaHB46IvHQV0+xfUUlPESe4lSP+h4CVJ3c,0.125288,0.57291,1.165407,0,2591700,31.877409,Delay-insensitive,4,7.0
129300,ZUmOui6VockU59FJ6QNjWb1BcFGQghqaHB46IvHQV0+xfUUlPESe4lSP+h4CVJ3c,0.221286,0.594717,1.153834,0,2591700,31.877409,Delay-insensitive,4,7.0
129600,ZUmOui6VockU59FJ6QNjWb1BcFGQghqaHB46IvHQV0+xfUUlPESe4lSP+h4CVJ3c,0.0753139999999999,0.5999270000000001,1.97344,0,2591700,31.877409,Delay-insensitive,4,7.0
129900,ZUmOui6VockU59FJ6QNjWb1BcFGQghqaHB46IvHQV0+xfUUlPESe4lSP+h4CVJ3c,0.253701,0.645489,1.70721,0,2591700,31.877409,Delay-insensitive,4,7.0
130200,ZUmOui6VockU59FJ6QNjWb1BcFGQghqaHB46IvHQV0+xfUUlPESe4lSP+h4CVJ3c,0.1698309999999999,0.6173310000000001,1.075864,0,2591700,31.877409,Delay-insensitive,4,7.0
130500,ZUmOui6VockU59FJ6QNjWb1BcFGQghqaHB46IvHQV0+xfUUlPESe4lSP+h4CVJ3c,0.233758,0.6386930000000001,2.178184,0,2591700,31.877409,Delay-insensitive,4,7.0
130800,ZUmOui6VockU59FJ6QNjWb1BcFGQghqaHB46IvHQV0+xfUUlPESe4lSP+h4CVJ3c,0.1922849999999999,0.615323,1.26727,0,2591700,31.877409,Delay-insensitive,4,7.0
131100,ZUmOui6VockU59FJ6QNjWb1BcFGQghqaHB46IvHQV0+xfUUlPESe4lSP+h4CVJ3c,0.192409,0.760687,3.221307,0,2591700,31.877409,Delay-insensitive,4,7.0
131400,ZUmOui6VockU59FJ6QNjWb1BcFGQghqaHB46IvHQV0+xfUUlPESe4lSP+h4CVJ3c,0.30312,2.95938,20.690805,0,2591700,31.877409,Delay-insensitive,4,7.0
131700,ZUmOui6VockU59FJ6QNjWb1BcFGQghqaHB46IvHQV0+xfUUlPESe4lSP+h4CVJ3c,0.181869,0.663673,1.627796,0,2591700,31.877409,Delay-insensitive,4,7.0
132000,ZUmOui6VockU59FJ6QNjWb1BcFGQghqaHB46IvHQV0+xfUUlPESe4lSP+h4CVJ3c,0.264792,0.66162,1.174817,0,2591700,31.877409,Delay-insensitive,4,7.0
132300,ZUmOui6VockU59FJ6QNjWb1BcFGQghqaHB46IvHQV0+xfUUlPESe4lSP+h4CVJ3c,0.219419,0.7030430000000001,2.472882,0,2591700,31.877409,Delay-insensitive,4,7.0
132600,ZUmOui6VockU59FJ6QNjWb1BcFGQghqaHB46IvHQV0+xfUUlPESe4lSP+h4CVJ3c,0.17047,0.727529,1.934962,0,2591700,31.877409,Delay-insensitive,4,7.0
132900,ZUmOui6VockU59FJ6QNjWb1BcFGQghqaHB46IvHQV0+xfUUlPESe4lSP+h4CVJ3c,0.337711,0.667423,1.173575,0,2591700,31.877409,Delay-insensitive,4,7.0
133200,ZUmOui6VockU59FJ6QNjWb1BcFGQghqaHB46IvHQV0+xfUUlPESe4lSP+h4CVJ3c,0.218134,0.6505449999999999,1.475612,0,2591700,31.877409,Delay-insensitive,4,7.0
133500,ZUmOui6VockU59FJ6QNjWb1BcFGQghqaHB46IvHQV0+xfUUlPESe4lSP+h4CVJ3c,0.280791,0.647832,1.281811,0,2591700,31.877409,Delay-insensitive,4,7.0
133800,ZUmOui6VockU59FJ6QNjWb1BcFGQghqaHB46IvHQV0+xfUUlPESe4lSP+h4CVJ3c,0.2059929999999999,0.746152,2.785149,0,2591700,31.877409,Delay-insensitive,4,7.0
134100,ZUmOui6VockU59FJ6QNjWb1BcFGQghqaHB46IvHQV0+xfUUlPESe4lSP+h4CVJ3c,0.203751,0.591544,1.011333,0,2591700,31.877409,Delay-insensitive,4,7.0
134400,ZUmOui6VockU59FJ6QNjWb1BcFGQghqaHB46IvHQV0+xfUUlPESe4lSP+h4CVJ3c,0.174294,0.6195149999999999,1.206651,0,2591700,31.877409,Delay-insensitive,4,7.0
134700,ZUmOui6VockU59FJ6QNjWb1BcFGQghqaHB46IvHQV0+xfUUlPESe4lSP+h4CVJ3c,0.444621,2.434566,5.238652,0,2591700,31.877409,Delay-insensitive,4,7.0
135000,ZUmOui6VockU59FJ6QNjWb1BcFGQghqaHB46IvHQV0+xfUUlPESe4lSP+h4CVJ3c,0.367861,4.765787,42.951335,0,2591700,31.877409,Delay-insensitive,4,7.0
135300,ZUmOui6VockU59FJ6QNjWb1BcFGQghqaHB46IvHQV0+xfUUlPESe4lSP+h4CVJ3c,0.073567,7.579778999999999,65.686992,0,2591700,31.877409,Delay-insensitive,4,7.0
135600,ZUmOui6VockU59FJ6QNjWb1BcFGQghqaHB46IvHQV0+xfUUlPESe4lSP+h4CVJ3c,2.655038,25.915387,81.075622,0,2591700,31.877409,Delay-insensitive,4,7.0
135900,ZUmOui6VockU59FJ6QNjWb1BcFGQghqaHB46IvHQV0+xfUUlPESe4lSP+h4CVJ3c,0.326907,22.235181,99.171075,0,2591700,31.877409,Delay-insensitive,4,7.0
136200,ZUmOui6VockU59FJ6QNjWb1BcFGQghqaHB46IvHQV0+xfUUlPESe4lSP+h4CVJ3c,0.2066329999999999,0.655119,1.149794,0,2591700,31.877409,Delay-insensitive,4,7.0
136500,ZUmOui6VockU59FJ6QNjWb1BcFGQghqaHB46IvHQV0+xfUUlPESe4lSP+h4CVJ3c,0.212767,0.920472,3.691423,0,2591700,31.877409,Delay-insensitive,4,7.0
136800,ZUmOui6VockU59FJ6QNjWb1BcFGQghqaHB46IvHQV0+xfUUlPESe4lSP+h4CVJ3c,0.209752,0.6162380000000001,1.105195,0,2591700,31.877409,Delay-insensitive,4,7.0
137100,ZUmOui6VockU59FJ6QNjWb1BcFGQghqaHB46IvHQV0+xfUUlPESe4lSP+h4CVJ3c,0.1249599999999999,0.584305,1.105564,0,2591700,31.877409,Delay-insensitive,4,7.0
137400,ZUmOui6VockU59FJ6QNjWb1BcFGQghqaHB46IvHQV0+xfUUlPESe4lSP+h4CVJ3c,0.243778,0.647717,1.403343,0,2591700,31.877409,Delay-insensitive,4,7.0
137700,ZUmOui6VockU59FJ6QNjWb1BcFGQghqaHB46IvHQV0+xfUUlPESe4lSP+h4CVJ3c,0.113749,0.592758,1.069128,0,2591700,31.877409,Delay-insensitive,4,7.0
138000,ZUmOui6VockU59FJ6QNjWb1BcFGQghqaHB46IvHQV0+xfUUlPESe4lSP+h4CVJ3c,0.0874559999999999,0.612256,1.261313,0,2591700,31.877409,Delay-insensitive,4,7.0
138300,ZUmOui6VockU59FJ6QNjWb1BcFGQghqaHB46IvHQV0+xfUUlPESe4lSP+h4CVJ3c,0.2421699999999999,0.696782,1.390269,0,2591700,31.877409,Delay-insensitive,4,7.0
138600,ZUmOui6VockU59FJ6QNjWb1BcFGQghqaHB46IvHQV0+xfUUlPESe4lSP+h4CVJ3c,0.143702,2.153994,24.701074,0,2591700,31.877409,Delay-insensitive,4,7.0
138900,ZUmOui6VockU59FJ6QNjWb1BcFGQghqaHB46IvHQV0+xfUUlPESe4lSP+h4CVJ3c,0.197188,1.441553,23.452113,0,2591700,31.877409,Delay-insensitive,4,7.0
139200,ZUmOui6VockU59FJ6QNjWb1BcFGQghqaHB46IvHQV0+xfUUlPESe4lSP+h4CVJ3c,0.257373,0.637347,1.050874,0,2591700,31.877409,Delay-insensitive,4,7.0
139500,ZUmOui6VockU59FJ6QNjWb1BcFGQghqaHB46IvHQV0+xfUUlPESe4lSP+h4CVJ3c,0.280403,0.611491,1.160456,0,2591700,31.877409,Delay-insensitive,4,7.0
139800,ZUmOui6VockU59FJ6QNjWb1BcFGQghqaHB46IvHQV0+xfUUlPESe4lSP+h4CVJ3c,0.082756,0.743589,3.626373000000001,0,2591700,31.877409,Delay-insensitive,4,7.0
140100,ZUmOui6VockU59FJ6QNjWb1BcFGQghqaHB46IvHQV0+xfUUlPESe4lSP+h4CVJ3c,0.233494,0.7170449999999999,1.244883,0,2591700,31.877409,Delay-insensitive,4,7.0
140400,ZUmOui6VockU59FJ6QNjWb1BcFGQghqaHB46IvHQV0+xfUUlPESe4lSP+h4CVJ3c,0.235528,0.734745,1.388889,0,2591700,31.877409,Delay-insensitive,4,7.0
140700,ZUmOui6VockU59FJ6QNjWb1BcFGQghqaHB46IvHQV0+xfUUlPESe4lSP+h4CVJ3c,0.247967,0.789996,2.263151,0,2591700,31.877409,Delay-insensitive,4,7.0
141000,ZUmOui6VockU59FJ6QNjWb1BcFGQghqaHB46IvHQV0+xfUUlPESe4lSP+h4CVJ3c,0.2371059999999999,0.6985779999999999,1.325708,0,2591700,31.877409,Delay-insensitive,4,7.0
141300,ZUmOui6VockU59FJ6QNjWb1BcFGQghqaHB46IvHQV0+xfUUlPESe4lSP+h4CVJ3c,0.278805,0.759575,2.256505,0,2591700,31.877409,Delay-insensitive,4,7.0
141600,ZUmOui6VockU59FJ6QNjWb1BcFGQghqaHB46IvHQV0+xfUUlPESe4lSP+h4CVJ3c,0.273471,0.682792,1.445814,0,2591700,31.877409,Delay-insensitive,4,7.0
141900,ZUmOui6VockU59FJ6QNjWb1BcFGQghqaHB46IvHQV0+xfUUlPESe4lSP+h4CVJ3c,0.253394,0.74628,2.102945,0,2591700,31.877409,Delay-insensitive,4,7.0
142200,ZUmOui6VockU59FJ6QNjWb1BcFGQghqaHB46IvHQV0+xfUUlPESe4lSP+h4CVJ3c,0.254405,0.673804,1.168724,0,2591700,31.877409,Delay-insensitive,4,7.0
142500,ZUmOui6VockU59FJ6QNjWb1BcFGQghqaHB46IvHQV0+xfUUlPESe4lSP+h4CVJ3c,0.40701,2.377357,29.156254,0,2591700,31.877409,Delay-insensitive,4,7.0
142800,ZUmOui6VockU59FJ6QNjWb1BcFGQghqaHB46IvHQV0+xfUUlPESe4lSP+h4CVJ3c,0.26564,0.835717,1.421586,0,2591700,31.877409,Delay-insensitive,4,7.0
143100,ZUmOui6VockU59FJ6QNjWb1BcFGQghqaHB46IvHQV0+xfUUlPESe4lSP+h4CVJ3c,0.261103,0.8220129999999999,2.005932,0,2591700,31.877409,Delay-insensitive,4,7.0
143400,ZUmOui6VockU59FJ6QNjWb1BcFGQghqaHB46IvHQV0+xfUUlPESe4lSP+h4CVJ3c,0.222515,0.834733,1.908655,0,2591700,31.877409,Delay-insensitive,4,7.0
143700,ZUmOui6VockU59FJ6QNjWb1BcFGQghqaHB46IvHQV0+xfUUlPESe4lSP+h4CVJ3c,0.316445,0.750948,1.423773,0,2591700,31.877409,Delay-insensitive,4,7.0
144000,ZUmOui6VockU59FJ6QNjWb1BcFGQghqaHB46IvHQV0+xfUUlPESe4lSP+h4CVJ3c,0.31078,0.832037,2.055882,0,2591700,31.877409,Delay-insensitive,4,7.0
144300,ZUmOui6VockU59FJ6QNjWb1BcFGQghqaHB46IvHQV0+xfUUlPESe4lSP+h4CVJ3c,0.322887,0.8354879999999999,1.651218,0,2591700,31.877409,Delay-insensitive,4,7.0
144600,ZUmOui6VockU59FJ6QNjWb1BcFGQghqaHB46IvHQV0+xfUUlPESe4lSP+h4CVJ3c,0.248773,0.994427,2.558009,0,2591700,31.877409,Delay-insensitive,4,7.0
144900,ZUmOui6VockU59FJ6QNjWb1BcFGQghqaHB46IvHQV0+xfUUlPESe4lSP+h4CVJ3c,0.275016,0.864922,1.86143,0,2591700,31.877409,Delay-insensitive,4,7.0
145200,ZUmOui6VockU59FJ6QNjWb1BcFGQghqaHB46IvHQV0+xfUUlPESe4lSP+h4CVJ3c,0.301516,0.951362,3.14487,0,2591700,31.877409,Delay-insensitive,4,7.0
145500,ZUmOui6VockU59FJ6QNjWb1BcFGQghqaHB46IvHQV0+xfUUlPESe4lSP+h4CVJ3c,0.284542,0.8413510000000001,1.808128,0,2591700,31.877409,Delay-insensitive,4,7.0
145800,ZUmOui6VockU59FJ6QNjWb1BcFGQghqaHB46IvHQV0+xfUUlPESe4lSP+h4CVJ3c,0.321552,0.7642329999999999,1.885491,0,2591700,31.877409,Delay-insensitive,4,7.0
146100,ZUmOui6VockU59FJ6QNjWb1BcFGQghqaHB46IvHQV0+xfUUlPESe4lSP+h4CVJ3c,0.36075,14.101595,98.994233,0,2591700,31.877409,Delay-insensitive,4,7.0
146400,ZUmOui6VockU59FJ6QNjWb1BcFGQghqaHB46IvHQV0+xfUUlPESe4lSP+h4CVJ3c,0.290288,16.920263000000002,79.266623,0,2591700,31.877409,Delay-insensitive,4,7.0
146700,ZUmOui6VockU59FJ6QNjWb1BcFGQghqaHB46IvHQV0+xfUUlPESe4lSP+h4CVJ3c,0.296309,0.795931,1.446302,0,2591700,31.877409,Delay-insensitive,4,7.0
147000,ZUmOui6VockU59FJ6QNjWb1BcFGQghqaHB46IvHQV0+xfUUlPESe4lSP+h4CVJ3c,0.2913489999999999,0.848074,1.418298,0,2591700,31.877409,Delay-insensitive,4,7.0
147300,ZUmOui6VockU59FJ6QNjWb1BcFGQghqaHB46IvHQV0+xfUUlPESe4lSP+h4CVJ3c,0.29066,0.86459,2.238954,0,2591700,31.877409,Delay-insensitive,4,7.0
147600,ZUmOui6VockU59FJ6QNjWb1BcFGQghqaHB46IvHQV0+xfUUlPESe4lSP+h4CVJ3c,0.285575,0.763596,1.366925,0,2591700,31.877409,Delay-insensitive,4,7.0
147900,ZUmOui6VockU59FJ6QNjWb1BcFGQghqaHB46IvHQV0+xfUUlPESe4lSP+h4CVJ3c,0.270412,0.712627,1.299097,0,2591700,31.877409,Delay-insensitive,4,7.0
148200,ZUmOui6VockU59FJ6QNjWb1BcFGQghqaHB46IvHQV0+xfUUlPESe4lSP+h4CVJ3c,0.216227,0.669345,1.254414,0,2591700,31.877409,Delay-insensitive,4,7.0
148500,ZUmOui6VockU59FJ6QNjWb1BcFGQghqaHB46IvHQV0+xfUUlPESe4lSP+h4CVJ3c,0.138542,0.636181,1.530409,0,2591700,31.877409,Delay-insensitive,4,7.0
148800,ZUmOui6VockU59FJ6QNjWb1BcFGQghqaHB46IvHQV0+xfUUlPESe4lSP+h4CVJ3c,0.257563,0.686906,1.147811,0,2591700,31.877409,Delay-insensitive,4,7.0
149100,ZUmOui6VockU59FJ6QNjWb1BcFGQghqaHB46IvHQV0+xfUUlPESe4lSP+h4CVJ3c,0.233526,0.63574,1.369896,0,2591700,31.877409,Delay-insensitive,4,7.0
149400,ZUmOui6VockU59FJ6QNjWb1BcFGQghqaHB46IvHQV0+xfUUlPESe4lSP+h4CVJ3c,0.215205,0.662438,1.597904,0,2591700,31.877409,Delay-insensitive,4,7.0
149700,ZUmOui6VockU59FJ6QNjWb1BcFGQghqaHB46IvHQV0+xfUUlPESe4lSP+h4CVJ3c,0.358583,3.175342,23.879749,0,2591700,31.877409,Delay-insensitive,4,7.0
150000,ZUmOui6VockU59FJ6QNjWb1BcFGQghqaHB46IvHQV0+xfUUlPESe4lSP+h4CVJ3c,0.231283,0.602712,1.197691,0,2591700,31.877409,Delay-insensitive,4,7.0
150300,ZUmOui6VockU59FJ6QNjWb1BcFGQghqaHB46IvHQV0+xfUUlPESe4lSP+h4CVJ3c,0.2232199999999999,0.662652,1.410031,0,2591700,31.877409,Delay-insensitive,4,7.0
150600,ZUmOui6VockU59FJ6QNjWb1BcFGQghqaHB46IvHQV0+xfUUlPESe4lSP+h4CVJ3c,0.116468,0.6110220000000001,1.120742,0,2591700,31.877409,Delay-insensitive,4,7.0
150900,ZUmOui6VockU59FJ6QNjWb1BcFGQghqaHB46IvHQV0+xfUUlPESe4lSP+h4CVJ3c,0.195679,0.8721260000000001,5.156625,0,2591700,31.877409,Delay-insensitive,4,7.0
151200,ZUmOui6VockU59FJ6QNjWb1BcFGQghqaHB46IvHQV0+xfUUlPESe4lSP+h4CVJ3c,0.065633,0.550773,1.202426,0,2591700,31.877409,Delay-insensitive,4,7.0
151500,ZUmOui6VockU59FJ6QNjWb1BcFGQghqaHB46IvHQV0+xfUUlPESe4lSP+h4CVJ3c,0.144144,0.637641,1.351681,0,2591700,31.877409,Delay-insensitive,4,7.0
151800,ZUmOui6VockU59FJ6QNjWb1BcFGQghqaHB46IvHQV0+xfUUlPESe4lSP+h4CVJ3c,0.17976,0.591174,1.286683,0,2591700,31.877409,Delay-insensitive,4,7.0
152100,ZUmOui6VockU59FJ6QNjWb1BcFGQghqaHB46IvHQV0+xfUUlPESe4lSP+h4CVJ3c,0.190655,0.606254,1.139072,0,2591700,31.877409,Delay-insensitive,4,7.0
152400,ZUmOui6VockU59FJ6QNjWb1BcFGQghqaHB46IvHQV0+xfUUlPESe4lSP+h4CVJ3c,0.244348,0.5982430000000001,0.989981,0,2591700,31.877409,Delay-insensitive,4,7.0
152700,ZUmOui6VockU59FJ6QNjWb1BcFGQghqaHB46IvHQV0+xfUUlPESe4lSP+h4CVJ3c,0.136764,0.547107,1.086496,0,2591700,31.877409,Delay-insensitive,4,7.0
153000,ZUmOui6VockU59FJ6QNjWb1BcFGQghqaHB46IvHQV0+xfUUlPESe4lSP+h4CVJ3c,0.280439,0.577783,1.230649,0,2591700,31.877409,Delay-insensitive,4,7.0
153300,ZUmOui6VockU59FJ6QNjWb1BcFGQghqaHB46IvHQV0+xfUUlPESe4lSP+h4CVJ3c,0.076246,2.073706,28.497071,0,2591700,31.877409,Delay-insensitive,4,7.0
153600,ZUmOui6VockU59FJ6QNjWb1BcFGQghqaHB46IvHQV0+xfUUlPESe4lSP+h4CVJ3c,0.208603,1.45016,13.771084,0,2591700,31.877409,Delay-insensitive,4,7.0
153900,ZUmOui6VockU59FJ6QNjWb1BcFGQghqaHB46IvHQV0+xfUUlPESe4lSP+h4CVJ3c,0.083326,0.567508,1.241906,0,2591700,31.877409,Delay-insensitive,4,7.0
154200,ZUmOui6VockU59FJ6QNjWb1BcFGQghqaHB46IvHQV0+xfUUlPESe4lSP+h4CVJ3c,0.09129,0.597485,1.172663,0,2591700,31.877409,Delay-insensitive,4,7.0
154500,ZUmOui6VockU59FJ6QNjWb1BcFGQghqaHB46IvHQV0+xfUUlPESe4lSP+h4CVJ3c,0.245957,0.6354449999999999,1.249579,0,2591700,31.877409,Delay-insensitive,4,7.0
154800,ZUmOui6VockU59FJ6QNjWb1BcFGQghqaHB46IvHQV0+xfUUlPESe4lSP+h4CVJ3c,0.049787,0.59705,1.381459,0,2591700,31.877409,Delay-insensitive,4,7.0
155100,ZUmOui6VockU59FJ6QNjWb1BcFGQghqaHB46IvHQV0+xfUUlPESe4lSP+h4CVJ3c,0.2651489999999999,0.6378149999999999,1.157956,0,2591700,31.877409,Delay-insensitive,4,7.0
155400,ZUmOui6VockU59FJ6QNjWb1BcFGQghqaHB46IvHQV0+xfUUlPESe4lSP+h4CVJ3c,0.258466,0.740606,2.823918,0,2591700,31.877409,Delay-insensitive,4,7.0
155700,ZUmOui6VockU59FJ6QNjWb1BcFGQghqaHB46IvHQV0+xfUUlPESe4lSP+h4CVJ3c,0.18016,0.6127670000000001,1.29401,0,2591700,31.877409,Delay-insensitive,4,7.0
156000,ZUmOui6VockU59FJ6QNjWb1BcFGQghqaHB46IvHQV0+xfUUlPESe4lSP+h4CVJ3c,0.093837,0.625816,1.147753,0,2591700,31.877409,Delay-insensitive,4,7.0
156300,ZUmOui6VockU59FJ6QNjWb1BcFGQghqaHB46IvHQV0+xfUUlPESe4lSP+h4CVJ3c,0.254663,0.670048,1.1869610000000002,0,2591700,31.877409,Delay-insensitive,4,7.0
156600,ZUmOui6VockU59FJ6QNjWb1BcFGQghqaHB46IvHQV0+xfUUlPESe4lSP+h4CVJ3c,0.09598,0.630502,1.44523,0,2591700,31.877409,Delay-insensitive,4,7.0
156900,ZUmOui6VockU59FJ6QNjWb1BcFGQghqaHB46IvHQV0+xfUUlPESe4lSP+h4CVJ3c,0.1479099999999999,0.668565,1.241817,0,2591700,31.877409,Delay-insensitive,4,7.0
157200,ZUmOui6VockU59FJ6QNjWb1BcFGQghqaHB46IvHQV0+xfUUlPESe4lSP+h4CVJ3c,0.349481,3.04938,33.28649,0,2591700,31.877409,Delay-insensitive,4,7.0
157500,ZUmOui6VockU59FJ6QNjWb1BcFGQghqaHB46IvHQV0+xfUUlPESe4lSP+h4CVJ3c,0.165605,0.644058,1.436862,0,2591700,31.877409,Delay-insensitive,4,7.0
157800,ZUmOui6VockU59FJ6QNjWb1BcFGQghqaHB46IvHQV0+xfUUlPESe4lSP+h4CVJ3c,0.23651,0.691515,1.4319620000000002,0,2591700,31.877409,Delay-insensitive,4,7.0
158100,ZUmOui6VockU59FJ6QNjWb1BcFGQghqaHB46IvHQV0+xfUUlPESe4lSP+h4CVJ3c,0.151136,0.655055,1.082786,0,2591700,31.877409,Delay-insensitive,4,7.0
158400,ZUmOui6VockU59FJ6QNjWb1BcFGQghqaHB46IvHQV0+xfUUlPESe4lSP+h4CVJ3c,0.273537,0.71114,1.438679,0,2591700,31.877409,Delay-insensitive,4,7.0
158700,ZUmOui6VockU59FJ6QNjWb1BcFGQghqaHB46IvHQV0+xfUUlPESe4lSP+h4CVJ3c,0.330164,0.7418140000000001,1.62405,0,2591700,31.877409,Delay-insensitive,4,7.0
159000,ZUmOui6VockU59FJ6QNjWb1BcFGQghqaHB46IvHQV0+xfUUlPESe4lSP+h4CVJ3c,0.255023,0.795458,1.6473330000000002,0,2591700,31.877409,Delay-insensitive,4,7.0
159300,ZUmOui6VockU59FJ6QNjWb1BcFGQghqaHB46IvHQV0+xfUUlPESe4lSP+h4CVJ3c,0.244109,0.879,2.397843,0,2591700,31.877409,Delay-insensitive,4,7.0
159600,ZUmOui6VockU59FJ6QNjWb1BcFGQghqaHB46IvHQV0+xfUUlPESe4lSP+h4CVJ3c,0.102262,0.753216,1.676534,0,2591700,31.877409,Delay-insensitive,4,7.0
159900,ZUmOui6VockU59FJ6QNjWb1BcFGQghqaHB46IvHQV0+xfUUlPESe4lSP+h4CVJ3c,0.330701,0.816749,2.0258700000000003,0,2591700,31.877409,Delay-insensitive,4,7.0
160200,ZUmOui6VockU59FJ6QNjWb1BcFGQghqaHB46IvHQV0+xfUUlPESe4lSP+h4CVJ3c,0.206721,0.744079,1.495969,0,2591700,31.877409,Delay-insensitive,4,7.0
160500,ZUmOui6VockU59FJ6QNjWb1BcFGQghqaHB46IvHQV0+xfUUlPESe4lSP+h4CVJ3c,0.366314,0.7914439999999999,1.581721,0,2591700,31.877409,Delay-insensitive,4,7.0
160800,ZUmOui6VockU59FJ6QNjWb1BcFGQghqaHB46IvHQV0+xfUUlPESe4lSP+h4CVJ3c,0.081849,2.951772,31.834068,0,2591700,31.877409,Delay-insensitive,4,7.0
161100,ZUmOui6VockU59FJ6QNjWb1BcFGQghqaHB46IvHQV0+xfUUlPESe4lSP+h4CVJ3c,0.353404,0.774528,1.400689,0,2591700,31.877409,Delay-insensitive,4,7.0
161400,ZUmOui6VockU59FJ6QNjWb1BcFGQghqaHB46IvHQV0+xfUUlPESe4lSP+h4CVJ3c,0.225095,0.774359,1.5296530000000002,0,2591700,31.877409,Delay-insensitive,4,7.0
161700,ZUmOui6VockU59FJ6QNjWb1BcFGQghqaHB46IvHQV0+xfUUlPESe4lSP+h4CVJ3c,0.340067,0.7742829999999999,1.642482,0,2591700,31.877409,Delay-insensitive,4,7.0
162000,ZUmOui6VockU59FJ6QNjWb1BcFGQghqaHB46IvHQV0+xfUUlPESe4lSP+h4CVJ3c,0.152061,0.772545,1.704532,0,2591700,31.877409,Delay-insensitive,4,7.0
162300,ZUmOui6VockU59FJ6QNjWb1BcFGQghqaHB46IvHQV0+xfUUlPESe4lSP+h4CVJ3c,0.178661,0.720133,1.366817,0,2591700,31.877409,Delay-insensitive,4,7.0
162600,ZUmOui6VockU59FJ6QNjWb1BcFGQghqaHB46IvHQV0+xfUUlPESe4lSP+h4CVJ3c,0.3012289999999999,0.759059,1.996857,0,2591700,31.877409,Delay-insensitive,4,7.0
162900,ZUmOui6VockU59FJ6QNjWb1BcFGQghqaHB46IvHQV0+xfUUlPESe4lSP+h4CVJ3c,0.095495,0.7455649999999999,1.779062,0,2591700,31.877409,Delay-insensitive,4,7.0
163200,ZUmOui6VockU59FJ6QNjWb1BcFGQghqaHB46IvHQV0+xfUUlPESe4lSP+h4CVJ3c,0.318182,0.802842,1.631458,0,2591700,31.877409,Delay-insensitive,4,7.0
163500,ZUmOui6VockU59FJ6QNjWb1BcFGQghqaHB46IvHQV0+xfUUlPESe4lSP+h4CVJ3c,0.261617,0.672568,1.216286,0,2591700,31.877409,Delay-insensitive,4,7.0
163800,ZUmOui6VockU59FJ6QNjWb1BcFGQghqaHB46IvHQV0+xfUUlPESe4lSP+h4CVJ3c,0.221345,5.289358999999999,40.862334,0,2591700,31.877409,Delay-insensitive,4,7.0
164100,ZUmOui6VockU59FJ6QNjWb1BcFGQghqaHB46IvHQV0+xfUUlPESe4lSP+h4CVJ3c,0.938348,26.279604,99.761071,0,2591700,31.877409,Delay-insensitive,4,7.0
164400,ZUmOui6VockU59FJ6QNjWb1BcFGQghqaHB46IvHQV0+xfUUlPESe4lSP+h4CVJ3c,5.921741,27.536906,61.650266,0,2591700,31.877409,Delay-insensitive,4,7.0
164700,ZUmOui6VockU59FJ6QNjWb1BcFGQghqaHB46IvHQV0+xfUUlPESe4lSP+h4CVJ3c,0.252382,0.904114,1.619127,0,2591700,31.877409,Delay-insensitive,4,7.0
165000,ZUmOui6VockU59FJ6QNjWb1BcFGQghqaHB46IvHQV0+xfUUlPESe4lSP+h4CVJ3c,0.399609,1.094961,5.388585,0,2591700,31.877409,Delay-insensitive,4,7.0
165300,ZUmOui6VockU59FJ6QNjWb1BcFGQghqaHB46IvHQV0+xfUUlPESe4lSP+h4CVJ3c,0.501152,0.8951290000000001,1.659293,0,2591700,31.877409,Delay-insensitive,4,7.0
165600,ZUmOui6VockU59FJ6QNjWb1BcFGQghqaHB46IvHQV0+xfUUlPESe4lSP+h4CVJ3c,0.080924,0.8335940000000001,1.432781,0,2591700,31.877409,Delay-insensitive,4,7.0
165900,ZUmOui6VockU59FJ6QNjWb1BcFGQghqaHB46IvHQV0+xfUUlPESe4lSP+h4CVJ3c,0.369812,0.867142,1.48597,0,2591700,31.877409,Delay-insensitive,4,7.0
166200,ZUmOui6VockU59FJ6QNjWb1BcFGQghqaHB46IvHQV0+xfUUlPESe4lSP+h4CVJ3c,0.454033,0.8438479999999999,1.491342,0,2591700,31.877409,Delay-insensitive,4,7.0
166500,ZUmOui6VockU59FJ6QNjWb1BcFGQghqaHB46IvHQV0+xfUUlPESe4lSP+h4CVJ3c,0.432439,0.8683360000000001,1.158801,0,2591700,31.877409,Delay-insensitive,4,7.0
166800,ZUmOui6VockU59FJ6QNjWb1BcFGQghqaHB46IvHQV0+xfUUlPESe4lSP+h4CVJ3c,0.40457,0.902212,2.467787,0,2591700,31.877409,Delay-insensitive,4,7.0
167100,ZUmOui6VockU59FJ6QNjWb1BcFGQghqaHB46IvHQV0+xfUUlPESe4lSP+h4CVJ3c,0.497195,1.843147,29.091663,0,2591700,31.877409,Delay-insensitive,4,7.0
167400,ZUmOui6VockU59FJ6QNjWb1BcFGQghqaHB46IvHQV0+xfUUlPESe4lSP+h4CVJ3c,0.188248,0.857442,1.307101,0,2591700,31.877409,Delay-insensitive,4,7.0
167700,ZUmOui6VockU59FJ6QNjWb1BcFGQghqaHB46IvHQV0+xfUUlPESe4lSP+h4CVJ3c,0.479357,0.896266,1.548618,0,2591700,31.877409,Delay-insensitive,4,7.0
168000,ZUmOui6VockU59FJ6QNjWb1BcFGQghqaHB46IvHQV0+xfUUlPESe4lSP+h4CVJ3c,0.4628029999999999,3.95043,24.94347,0,2591700,31.877409,Delay-insensitive,4,7.0
168300,ZUmOui6VockU59FJ6QNjWb1BcFGQghqaHB46IvHQV0+xfUUlPESe4lSP+h4CVJ3c,0.2564349999999999,0.60044,1.058713,0,2591700,31.877409,Delay-insensitive,4,7.0
168600,ZUmOui6VockU59FJ6QNjWb1BcFGQghqaHB46IvHQV0+xfUUlPESe4lSP+h4CVJ3c,0.191978,0.680346,1.782877,0,2591700,31.877409,Delay-insensitive,4,7.0
168900,ZUmOui6VockU59FJ6QNjWb1BcFGQghqaHB46IvHQV0+xfUUlPESe4lSP+h4CVJ3c,0.124708,0.598178,1.251969,0,2591700,31.877409,Delay-insensitive,4,7.0
169200,ZUmOui6VockU59FJ6QNjWb1BcFGQghqaHB46IvHQV0+xfUUlPESe4lSP+h4CVJ3c,0.3095199999999999,0.624667,1.1459469999999998,0,2591700,31.877409,Delay-insensitive,4,7.0
169500,ZUmOui6VockU59FJ6QNjWb1BcFGQghqaHB46IvHQV0+xfUUlPESe4lSP+h4CVJ3c,0.282544,0.678122,1.161392,0,2591700,31.877409,Delay-insensitive,4,7.0
169800,ZUmOui6VockU59FJ6QNjWb1BcFGQghqaHB46IvHQV0+xfUUlPESe4lSP+h4CVJ3c,0.285479,0.667842,1.670106,0,2591700,31.877409,Delay-insensitive,4,7.0
170100,ZUmOui6VockU59FJ6QNjWb1BcFGQghqaHB46IvHQV0+xfUUlPESe4lSP+h4CVJ3c,0.20942,0.672404,1.070893,0,2591700,31.877409,Delay-insensitive,4,7.0
170400,ZUmOui6VockU59FJ6QNjWb1BcFGQghqaHB46IvHQV0+xfUUlPESe4lSP+h4CVJ3c,0.211389,0.668891,1.402369,0,2591700,31.877409,Delay-insensitive,4,7.0
170700,ZUmOui6VockU59FJ6QNjWb1BcFGQghqaHB46IvHQV0+xfUUlPESe4lSP+h4CVJ3c,0.144999,0.665062,1.411262,0,2591700,31.877409,Delay-insensitive,4,7.0
171000,ZUmOui6VockU59FJ6QNjWb1BcFGQghqaHB46IvHQV0+xfUUlPESe4lSP+h4CVJ3c,0.173582,0.637479,1.327383,0,2591700,31.877409,Delay-insensitive,4,7.0
171300,ZUmOui6VockU59FJ6QNjWb1BcFGQghqaHB46IvHQV0+xfUUlPESe4lSP+h4CVJ3c,0.238956,0.6371180000000001,1.217941,0,2591700,31.877409,Delay-insensitive,4,7.0
171600,ZUmOui6VockU59FJ6QNjWb1BcFGQghqaHB46IvHQV0+xfUUlPESe4lSP+h4CVJ3c,0.258313,0.972989,7.5196,0,2591700,31.877409,Delay-insensitive,4,7.0
171900,ZUmOui6VockU59FJ6QNjWb1BcFGQghqaHB46IvHQV0+xfUUlPESe4lSP+h4CVJ3c,0.256808,2.635158,35.033515,0,2591700,31.877409,Delay-insensitive,4,7.0
172200,ZUmOui6VockU59FJ6QNjWb1BcFGQghqaHB46IvHQV0+xfUUlPESe4lSP+h4CVJ3c,0.093485,0.6215430000000001,1.35225,0,2591700,31.877409,Delay-insensitive,4,7.0
172500,ZUmOui6VockU59FJ6QNjWb1BcFGQghqaHB46IvHQV0+xfUUlPESe4lSP+h4CVJ3c,0.194543,0.617915,1.607258,0,2591700,31.877409,Delay-insensitive,4,7.0
172800,ZUmOui6VockU59FJ6QNjWb1BcFGQghqaHB46IvHQV0+xfUUlPESe4lSP+h4CVJ3c,0.185934,0.598152,1.129234,0,2591700,31.877409,Delay-insensitive,4,7.0
173100,ZUmOui6VockU59FJ6QNjWb1BcFGQghqaHB46IvHQV0+xfUUlPESe4lSP+h4CVJ3c,0.27141,0.6087239999999999,1.199107,0,2591700,31.877409,Delay-insensitive,4,7.0
173400,ZUmOui6VockU59FJ6QNjWb1BcFGQghqaHB46IvHQV0+xfUUlPESe4lSP+h4CVJ3c,0.1191849999999999,0.608448,1.3947040000000002,0,2591700,31.877409,Delay-insensitive,4,7.0
173700,ZUmOui6VockU59FJ6QNjWb1BcFGQghqaHB46IvHQV0+xfUUlPESe4lSP+h4CVJ3c,0.2160679999999999,0.625969,1.440382,0,2591700,31.877409,Delay-insensitive,4,7.0
174000,ZUmOui6VockU59FJ6QNjWb1BcFGQghqaHB46IvHQV0+xfUUlPESe4lSP+h4CVJ3c,0.233594,0.598542,1.108638,0,2591700,31.877409,Delay-insensitive,4,7.0
174300,ZUmOui6VockU59FJ6QNjWb1BcFGQghqaHB46IvHQV0+xfUUlPESe4lSP+h4CVJ3c,0.2064679999999999,0.6190859999999999,1.326376,0,2591700,31.877409,Delay-insensitive,4,7.0
174600,ZUmOui6VockU59FJ6QNjWb1BcFGQghqaHB46IvHQV0+xfUUlPESe4lSP+h4CVJ3c,0.194197,0.614887,1.221965,0,2591700,31.877409,Delay-insensitive,4,7.0
174900,ZUmOui6VockU59FJ6QNjWb1BcFGQghqaHB46IvHQV0+xfUUlPESe4lSP+h4CVJ3c,0.178978,0.615104,1.1045280000000002,0,2591700,31.877409,Delay-insensitive,4,7.0
175200,ZUmOui6VockU59FJ6QNjWb1BcFGQghqaHB46IvHQV0+xfUUlPESe4lSP+h4CVJ3c,0.295574,0.631907,1.631292,0,2591700,31.877409,Delay-insensitive,4,7.0
175500,ZUmOui6VockU59FJ6QNjWb1BcFGQghqaHB46IvHQV0+xfUUlPESe4lSP+h4CVJ3c,0.138435,1.933649,21.682895,0,2591700,31.877409,Delay-insensitive,4,7.0
175800,ZUmOui6VockU59FJ6QNjWb1BcFGQghqaHB46IvHQV0+xfUUlPESe4lSP+h4CVJ3c,0.240501,0.667484,1.437675,0,2591700,31.877409,Delay-insensitive,4,7.0
176100,ZUmOui6VockU59FJ6QNjWb1BcFGQghqaHB46IvHQV0+xfUUlPESe4lSP+h4CVJ3c,0.062542,0.623026,1.604227,0,2591700,31.877409,Delay-insensitive,4,7.0
176400,ZUmOui6VockU59FJ6QNjWb1BcFGQghqaHB46IvHQV0+xfUUlPESe4lSP+h4CVJ3c,0.162493,0.700603,2.119966,0,2591700,31.877409,Delay-insensitive,4,7.0
176700,ZUmOui6VockU59FJ6QNjWb1BcFGQghqaHB46IvHQV0+xfUUlPESe4lSP+h4CVJ3c,0.2273619999999999,0.665771,1.309151,0,2591700,31.877409,Delay-insensitive,4,7.0
177000,ZUmOui6VockU59FJ6QNjWb1BcFGQghqaHB46IvHQV0+xfUUlPESe4lSP+h4CVJ3c,0.226323,0.614791,1.512452,0,2591700,31.877409,Delay-insensitive,4,7.0
177300,ZUmOui6VockU59FJ6QNjWb1BcFGQghqaHB46IvHQV0+xfUUlPESe4lSP+h4CVJ3c,0.228417,0.601486,1.309888,0,2591700,31.877409,Delay-insensitive,4,7.0
177600,ZUmOui6VockU59FJ6QNjWb1BcFGQghqaHB46IvHQV0+xfUUlPESe4lSP+h4CVJ3c,0.06876,0.5997520000000001,1.164479,0,2591700,31.877409,Delay-insensitive,4,7.0
177900,ZUmOui6VockU59FJ6QNjWb1BcFGQghqaHB46IvHQV0+xfUUlPESe4lSP+h4CVJ3c,0.204301,0.913731,4.931983,0,2591700,31.877409,Delay-insensitive,4,7.0
178200,ZUmOui6VockU59FJ6QNjWb1BcFGQghqaHB46IvHQV0+xfUUlPESe4lSP+h4CVJ3c,0.232503,0.572063,1.183022,0,2591700,31.877409,Delay-insensitive,4,7.0
178500,ZUmOui6VockU59FJ6QNjWb1BcFGQghqaHB46IvHQV0+xfUUlPESe4lSP+h4CVJ3c,0.230184,0.621344,1.446051,0,2591700,31.877409,Delay-insensitive,4,7.0
178800,ZUmOui6VockU59FJ6QNjWb1BcFGQghqaHB46IvHQV0+xfUUlPESe4lSP+h4CVJ3c,0.196196,0.626792,1.418426,0,2591700,31.877409,Delay-insensitive,4,7.0
179100,ZUmOui6VockU59FJ6QNjWb1BcFGQghqaHB46IvHQV0+xfUUlPESe4lSP+h4CVJ3c,0.200931,2.734267,26.638846,0,2591700,31.877409,Delay-insensitive,4,7.0
179400,ZUmOui6VockU59FJ6QNjWb1BcFGQghqaHB46IvHQV0+xfUUlPESe4lSP+h4CVJ3c,0.203707,0.659325,1.515577,0,2591700,31.877409,Delay-insensitive,4,7.0
179700,ZUmOui6VockU59FJ6QNjWb1BcFGQghqaHB46IvHQV0+xfUUlPESe4lSP+h4CVJ3c,0.065755,0.6814180000000001,3.2917019999999995,0,2591700,31.877409,Delay-insensitive,4,7.0
180000,ZUmOui6VockU59FJ6QNjWb1BcFGQghqaHB46IvHQV0+xfUUlPESe4lSP+h4CVJ3c,0.184477,0.6071300000000001,1.126004,0,2591700,31.877409,Delay-insensitive,4,7.0
180300,ZUmOui6VockU59FJ6QNjWb1BcFGQghqaHB46IvHQV0+xfUUlPESe4lSP+h4CVJ3c,0.1218349999999999,0.60037,1.195873,0,2591700,31.877409,Delay-insensitive,4,7.0
180600,ZUmOui6VockU59FJ6QNjWb1BcFGQghqaHB46IvHQV0+xfUUlPESe4lSP+h4CVJ3c,0.26421,0.626432,1.412612,0,2591700,31.877409,Delay-insensitive,4,7.0
180900,ZUmOui6VockU59FJ6QNjWb1BcFGQghqaHB46IvHQV0+xfUUlPESe4lSP+h4CVJ3c,0.295414,0.802137,6.595085000000001,0,2591700,31.877409,Delay-insensitive,4,7.0
181200,ZUmOui6VockU59FJ6QNjWb1BcFGQghqaHB46IvHQV0+xfUUlPESe4lSP+h4CVJ3c,0.232839,0.591022,1.287097,0,2591700,31.877409,Delay-insensitive,4,7.0
181500,ZUmOui6VockU59FJ6QNjWb1BcFGQghqaHB46IvHQV0+xfUUlPESe4lSP+h4CVJ3c,0.078772,0.5999399999999999,1.549461,0,2591700,31.877409,Delay-insensitive,4,7.0
181800,ZUmOui6VockU59FJ6QNjWb1BcFGQghqaHB46IvHQV0+xfUUlPESe4lSP+h4CVJ3c,0.07261,0.573376,1.338165,0,2591700,31.877409,Delay-insensitive,4,7.0
182100,ZUmOui6VockU59FJ6QNjWb1BcFGQghqaHB46IvHQV0+xfUUlPESe4lSP+h4CVJ3c,0.268264,0.670425,1.609826,0,2591700,31.877409,Delay-insensitive,4,7.0
182400,ZUmOui6VockU59FJ6QNjWb1BcFGQghqaHB46IvHQV0+xfUUlPESe4lSP+h4CVJ3c,0.07256,0.5946600000000001,1.116127,0,2591700,31.877409,Delay-insensitive,4,7.0
182700,ZUmOui6VockU59FJ6QNjWb1BcFGQghqaHB46IvHQV0+xfUUlPESe4lSP+h4CVJ3c,0.231942,1.554083,23.914474,0,2591700,31.877409,Delay-insensitive,4,7.0
183000,ZUmOui6VockU59FJ6QNjWb1BcFGQghqaHB46IvHQV0+xfUUlPESe4lSP+h4CVJ3c,0.157468,2.067494,27.939098,0,2591700,31.877409,Delay-insensitive,4,7.0
183300,ZUmOui6VockU59FJ6QNjWb1BcFGQghqaHB46IvHQV0+xfUUlPESe4lSP+h4CVJ3c,0.181411,0.631024,1.218928,0,2591700,31.877409,Delay-insensitive,4,7.0
183600,ZUmOui6VockU59FJ6QNjWb1BcFGQghqaHB46IvHQV0+xfUUlPESe4lSP+h4CVJ3c,0.290107,0.8280420000000001,5.569629,0,2591700,31.877409,Delay-insensitive,4,7.0
183900,ZUmOui6VockU59FJ6QNjWb1BcFGQghqaHB46IvHQV0+xfUUlPESe4lSP+h4CVJ3c,0.337842,0.686552,1.158297,0,2591700,31.877409,Delay-insensitive,4,7.0
184200,ZUmOui6VockU59FJ6QNjWb1BcFGQghqaHB46IvHQV0+xfUUlPESe4lSP+h4CVJ3c,0.158776,0.666376,1.273225,0,2591700,31.877409,Delay-insensitive,4,7.0
184500,ZUmOui6VockU59FJ6QNjWb1BcFGQghqaHB46IvHQV0+xfUUlPESe4lSP+h4CVJ3c,0.082892,0.643291,1.202493,0,2591700,31.877409,Delay-insensitive,4,7.0
184800,ZUmOui6VockU59FJ6QNjWb1BcFGQghqaHB46IvHQV0+xfUUlPESe4lSP+h4CVJ3c,0.326798,0.6320359999999999,1.318263,0,2591700,31.877409,Delay-insensitive,4,7.0
185100,ZUmOui6VockU59FJ6QNjWb1BcFGQghqaHB46IvHQV0+xfUUlPESe4lSP+h4CVJ3c,0.240785,0.632033,1.301951,0,2591700,31.877409,Delay-insensitive,4,7.0
185400,ZUmOui6VockU59FJ6QNjWb1BcFGQghqaHB46IvHQV0+xfUUlPESe4lSP+h4CVJ3c,0.302614,0.625426,1.080363,0,2591700,31.877409,Delay-insensitive,4,7.0
185700,ZUmOui6VockU59FJ6QNjWb1BcFGQghqaHB46IvHQV0+xfUUlPESe4lSP+h4CVJ3c,0.176334,0.6166,1.0772,0,2591700,31.877409,Delay-insensitive,4,7.0
186000,ZUmOui6VockU59FJ6QNjWb1BcFGQghqaHB46IvHQV0+xfUUlPESe4lSP+h4CVJ3c,0.229692,0.6550060000000001,1.630857,0,2591700,31.877409,Delay-insensitive,4,7.0
186300,ZUmOui6VockU59FJ6QNjWb1BcFGQghqaHB46IvHQV0+xfUUlPESe4lSP+h4CVJ3c,0.171783,0.629026,1.180103,0,2591700,31.877409,Delay-insensitive,4,7.0
186600,ZUmOui6VockU59FJ6QNjWb1BcFGQghqaHB46IvHQV0+xfUUlPESe4lSP+h4CVJ3c,0.2852989999999999,3.0783810000000003,41.049917,0,2591700,31.877409,Delay-insensitive,4,7.0
186900,ZUmOui6VockU59FJ6QNjWb1BcFGQghqaHB46IvHQV0+xfUUlPESe4lSP+h4CVJ3c,0.072804,0.616992,1.094468,0,2591700,31.877409,Delay-insensitive,4,7.0
187200,ZUmOui6VockU59FJ6QNjWb1BcFGQghqaHB46IvHQV0+xfUUlPESe4lSP+h4CVJ3c,0.173216,0.6003970000000001,1.06791,0,2591700,31.877409,Delay-insensitive,4,7.0
187500,ZUmOui6VockU59FJ6QNjWb1BcFGQghqaHB46IvHQV0+xfUUlPESe4lSP+h4CVJ3c,0.3264829999999999,0.6439010000000001,0.979973,0,2591700,31.877409,Delay-insensitive,4,7.0
187800,ZUmOui6VockU59FJ6QNjWb1BcFGQghqaHB46IvHQV0+xfUUlPESe4lSP+h4CVJ3c,0.136544,0.638303,1.307715,0,2591700,31.877409,Delay-insensitive,4,7.0
188100,ZUmOui6VockU59FJ6QNjWb1BcFGQghqaHB46IvHQV0+xfUUlPESe4lSP+h4CVJ3c,0.272549,0.655999,1.028634,0,2591700,31.877409,Delay-insensitive,4,7.0
188400,ZUmOui6VockU59FJ6QNjWb1BcFGQghqaHB46IvHQV0+xfUUlPESe4lSP+h4CVJ3c,0.322464,0.7103470000000001,1.403539,0,2591700,31.877409,Delay-insensitive,4,7.0
188700,ZUmOui6VockU59FJ6QNjWb1BcFGQghqaHB46IvHQV0+xfUUlPESe4lSP+h4CVJ3c,0.276115,0.700383,1.192761,0,2591700,31.877409,Delay-insensitive,4,7.0
189000,ZUmOui6VockU59FJ6QNjWb1BcFGQghqaHB46IvHQV0+xfUUlPESe4lSP+h4CVJ3c,0.136791,0.7021189999999999,1.433984,0,2591700,31.877409,Delay-insensitive,4,7.0
189300,ZUmOui6VockU59FJ6QNjWb1BcFGQghqaHB46IvHQV0+xfUUlPESe4lSP+h4CVJ3c,0.236326,0.7783760000000001,1.602965,0,2591700,31.877409,Delay-insensitive,4,7.0
189600,ZUmOui6VockU59FJ6QNjWb1BcFGQghqaHB46IvHQV0+xfUUlPESe4lSP+h4CVJ3c,0.102217,0.709324,1.462767,0,2591700,31.877409,Delay-insensitive,4,7.0
189900,ZUmOui6VockU59FJ6QNjWb1BcFGQghqaHB46IvHQV0+xfUUlPESe4lSP+h4CVJ3c,0.2958739999999999,0.759943,1.541311,0,2591700,31.877409,Delay-insensitive,4,7.0
190200,ZUmOui6VockU59FJ6QNjWb1BcFGQghqaHB46IvHQV0+xfUUlPESe4lSP+h4CVJ3c,0.314639,3.151138,28.610477000000003,0,2591700,31.877409,Delay-insensitive,4,7.0
190500,ZUmOui6VockU59FJ6QNjWb1BcFGQghqaHB46IvHQV0+xfUUlPESe4lSP+h4CVJ3c,0.259461,0.874072,1.769602,0,2591700,31.877409,Delay-insensitive,4,7.0
190800,ZUmOui6VockU59FJ6QNjWb1BcFGQghqaHB46IvHQV0+xfUUlPESe4lSP+h4CVJ3c,0.264652,0.8599399999999999,1.602662,0,2591700,31.877409,Delay-insensitive,4,7.0
191100,ZUmOui6VockU59FJ6QNjWb1BcFGQghqaHB46IvHQV0+xfUUlPESe4lSP+h4CVJ3c,0.1456309999999999,0.879343,2.044429,0,2591700,31.877409,Delay-insensitive,4,7.0
191400,ZUmOui6VockU59FJ6QNjWb1BcFGQghqaHB46IvHQV0+xfUUlPESe4lSP+h4CVJ3c,0.256968,0.8656469999999999,1.788012,0,2591700,31.877409,Delay-insensitive,4,7.0
191700,ZUmOui6VockU59FJ6QNjWb1BcFGQghqaHB46IvHQV0+xfUUlPESe4lSP+h4CVJ3c,0.1025119999999999,0.794153,1.632628,0,2591700,31.877409,Delay-insensitive,4,7.0
192000,ZUmOui6VockU59FJ6QNjWb1BcFGQghqaHB46IvHQV0+xfUUlPESe4lSP+h4CVJ3c,0.244627,0.85626,1.700304,0,2591700,31.877409,Delay-insensitive,4,7.0
192300,ZUmOui6VockU59FJ6QNjWb1BcFGQghqaHB46IvHQV0+xfUUlPESe4lSP+h4CVJ3c,0.074883,0.770079,1.941501,0,2591700,31.877409,Delay-insensitive,4,7.0
192600,ZUmOui6VockU59FJ6QNjWb1BcFGQghqaHB46IvHQV0+xfUUlPESe4lSP+h4CVJ3c,0.20656,0.777713,1.510563,0,2591700,31.877409,Delay-insensitive,4,7.0
192900,ZUmOui6VockU59FJ6QNjWb1BcFGQghqaHB46IvHQV0+xfUUlPESe4lSP+h4CVJ3c,0.253793,0.799491,1.344383,0,2591700,31.877409,Delay-insensitive,4,7.0
193200,ZUmOui6VockU59FJ6QNjWb1BcFGQghqaHB46IvHQV0+xfUUlPESe4lSP+h4CVJ3c,0.076651,0.707649,1.508191,0,2591700,31.877409,Delay-insensitive,4,7.0
193500,ZUmOui6VockU59FJ6QNjWb1BcFGQghqaHB46IvHQV0+xfUUlPESe4lSP+h4CVJ3c,0.2535199999999999,0.763572,1.316128,0,2591700,31.877409,Delay-insensitive,4,7.0
193800,ZUmOui6VockU59FJ6QNjWb1BcFGQghqaHB46IvHQV0+xfUUlPESe4lSP+h4CVJ3c,0.488859,2.953171,18.441395,0,2591700,31.877409,Delay-insensitive,4,7.0
194100,ZUmOui6VockU59FJ6QNjWb1BcFGQghqaHB46IvHQV0+xfUUlPESe4lSP+h4CVJ3c,0.255382,1.321892,8.750435000000001,0,2591700,31.877409,Delay-insensitive,4,7.0
194400,ZUmOui6VockU59FJ6QNjWb1BcFGQghqaHB46IvHQV0+xfUUlPESe4lSP+h4CVJ3c,0.127494,0.6440060000000001,1.323408,0,2591700,31.877409,Delay-insensitive,4,7.0
194700,ZUmOui6VockU59FJ6QNjWb1BcFGQghqaHB46IvHQV0+xfUUlPESe4lSP+h4CVJ3c,0.342879,0.726337,1.139701,0,2591700,31.877409,Delay-insensitive,4,7.0
195000,ZUmOui6VockU59FJ6QNjWb1BcFGQghqaHB46IvHQV0+xfUUlPESe4lSP+h4CVJ3c,0.2297699999999999,0.6984670000000001,1.311145,0,2591700,31.877409,Delay-insensitive,4,7.0
195300,ZUmOui6VockU59FJ6QNjWb1BcFGQghqaHB46IvHQV0+xfUUlPESe4lSP+h4CVJ3c,0.091925,0.699626,1.429003,0,2591700,31.877409,Delay-insensitive,4,7.0
195600,ZUmOui6VockU59FJ6QNjWb1BcFGQghqaHB46IvHQV0+xfUUlPESe4lSP+h4CVJ3c,0.302555,0.743273,1.329507,0,2591700,31.877409,Delay-insensitive,4,7.0
195900,ZUmOui6VockU59FJ6QNjWb1BcFGQghqaHB46IvHQV0+xfUUlPESe4lSP+h4CVJ3c,0.1210869999999999,0.679909,1.4221700000000002,0,2591700,31.877409,Delay-insensitive,4,7.0
196200,ZUmOui6VockU59FJ6QNjWb1BcFGQghqaHB46IvHQV0+xfUUlPESe4lSP+h4CVJ3c,0.2817949999999999,0.6642939999999999,1.143655,0,2591700,31.877409,Delay-insensitive,4,7.0
196500,ZUmOui6VockU59FJ6QNjWb1BcFGQghqaHB46IvHQV0+xfUUlPESe4lSP+h4CVJ3c,0.098137,0.642219,1.148482,0,2591700,31.877409,Delay-insensitive,4,7.0
196800,ZUmOui6VockU59FJ6QNjWb1BcFGQghqaHB46IvHQV0+xfUUlPESe4lSP+h4CVJ3c,0.250413,0.634393,1.473841,0,2591700,31.877409,Delay-insensitive,4,7.0
197100,ZUmOui6VockU59FJ6QNjWb1BcFGQghqaHB46IvHQV0+xfUUlPESe4lSP+h4CVJ3c,0.064222,1.2453530000000002,8.325027,0,2591700,31.877409,Delay-insensitive,4,7.0
197400,ZUmOui6VockU59FJ6QNjWb1BcFGQghqaHB46IvHQV0+xfUUlPESe4lSP+h4CVJ3c,0.325285,0.632228,1.153114,0,2591700,31.877409,Delay-insensitive,4,7.0
197700,ZUmOui6VockU59FJ6QNjWb1BcFGQghqaHB46IvHQV0+xfUUlPESe4lSP+h4CVJ3c,0.227437,2.701035,30.510952000000003,0,2591700,31.877409,Delay-insensitive,4,7.0
198000,ZUmOui6VockU59FJ6QNjWb1BcFGQghqaHB46IvHQV0+xfUUlPESe4lSP+h4CVJ3c,0.243506,0.659263,1.217939,0,2591700,31.877409,Delay-insensitive,4,7.0
198300,ZUmOui6VockU59FJ6QNjWb1BcFGQghqaHB46IvHQV0+xfUUlPESe4lSP+h4CVJ3c,0.2593789999999999,0.6280479999999999,0.915438,0,2591700,31.877409,Delay-insensitive,4,7.0
198600,ZUmOui6VockU59FJ6QNjWb1BcFGQghqaHB46IvHQV0+xfUUlPESe4lSP+h4CVJ3c,0.229906,0.6424979999999999,1.235561,0,2591700,31.877409,Delay-insensitive,4,7.0
198900,ZUmOui6VockU59FJ6QNjWb1BcFGQghqaHB46IvHQV0+xfUUlPESe4lSP+h4CVJ3c,0.269259,0.737509,1.473777,0,2591700,31.877409,Delay-insensitive,4,7.0
199200,ZUmOui6VockU59FJ6QNjWb1BcFGQghqaHB46IvHQV0+xfUUlPESe4lSP+h4CVJ3c,0.2390969999999999,0.721438,1.421662,0,2591700,31.877409,Delay-insensitive,4,7.0
199500,ZUmOui6VockU59FJ6QNjWb1BcFGQghqaHB46IvHQV0+xfUUlPESe4lSP+h4CVJ3c,0.324954,0.7151109999999999,1.30549,0,2591700,31.877409,Delay-insensitive,4,7.0
199800,ZUmOui6VockU59FJ6QNjWb1BcFGQghqaHB46IvHQV0+xfUUlPESe4lSP+h4CVJ3c,0.252444,0.665,1.16983,0,2591700,31.877409,Delay-insensitive,4,7.0
200100,ZUmOui6VockU59FJ6QNjWb1BcFGQghqaHB46IvHQV0+xfUUlPESe4lSP+h4CVJ3c,0.195638,0.675094,1.270601,0,2591700,31.877409,Delay-insensitive,4,7.0
200400,ZUmOui6VockU59FJ6QNjWb1BcFGQghqaHB46IvHQV0+xfUUlPESe4lSP+h4CVJ3c,0.1645579999999999,0.792034,2.237485,0,2591700,31.877409,Delay-insensitive,4,7.0
200700,ZUmOui6VockU59FJ6QNjWb1BcFGQghqaHB46IvHQV0+xfUUlPESe4lSP+h4CVJ3c,0.26242,0.682441,2.062695,0,2591700,31.877409,Delay-insensitive,4,7.0
201000,ZUmOui6VockU59FJ6QNjWb1BcFGQghqaHB46IvHQV0+xfUUlPESe4lSP+h4CVJ3c,0.2418139999999999,0.660301,1.151255,0,2591700,31.877409,Delay-insensitive,4,7.0
201300,ZUmOui6VockU59FJ6QNjWb1BcFGQghqaHB46IvHQV0+xfUUlPESe4lSP+h4CVJ3c,0.287117,3.17333,22.580043,0,2591700,31.877409,Delay-insensitive,4,7.0
201600,ZUmOui6VockU59FJ6QNjWb1BcFGQghqaHB46IvHQV0+xfUUlPESe4lSP+h4CVJ3c,0.2784,0.765536,1.496206,0,2591700,31.877409,Delay-insensitive,4,7.0
201900,ZUmOui6VockU59FJ6QNjWb1BcFGQghqaHB46IvHQV0+xfUUlPESe4lSP+h4CVJ3c,0.235423,0.771201,1.443953,0,2591700,31.877409,Delay-insensitive,4,7.0
202200,ZUmOui6VockU59FJ6QNjWb1BcFGQghqaHB46IvHQV0+xfUUlPESe4lSP+h4CVJ3c,0.375421,0.823131,1.341049,0,2591700,31.877409,Delay-insensitive,4,7.0
202500,ZUmOui6VockU59FJ6QNjWb1BcFGQghqaHB46IvHQV0+xfUUlPESe4lSP+h4CVJ3c,0.383151,0.769405,1.803441,0,2591700,31.877409,Delay-insensitive,4,7.0
202800,ZUmOui6VockU59FJ6QNjWb1BcFGQghqaHB46IvHQV0+xfUUlPESe4lSP+h4CVJ3c,0.331158,0.724264,1.309253,0,2591700,31.877409,Delay-insensitive,4,7.0
203100,ZUmOui6VockU59FJ6QNjWb1BcFGQghqaHB46IvHQV0+xfUUlPESe4lSP+h4CVJ3c,0.262925,0.764989,1.460235,0,2591700,31.877409,Delay-insensitive,4,7.0
203400,ZUmOui6VockU59FJ6QNjWb1BcFGQghqaHB46IvHQV0+xfUUlPESe4lSP+h4CVJ3c,0.1197309999999999,0.791049,1.893342,0,2591700,31.877409,Delay-insensitive,4,7.0
203700,ZUmOui6VockU59FJ6QNjWb1BcFGQghqaHB46IvHQV0+xfUUlPESe4lSP+h4CVJ3c,0.280614,0.74754,1.467253,0,2591700,31.877409,Delay-insensitive,4,7.0
204000,ZUmOui6VockU59FJ6QNjWb1BcFGQghqaHB46IvHQV0+xfUUlPESe4lSP+h4CVJ3c,0.31747,0.7687729999999999,1.278557,0,2591700,31.877409,Delay-insensitive,4,7.0
204300,ZUmOui6VockU59FJ6QNjWb1BcFGQghqaHB46IvHQV0+xfUUlPESe4lSP+h4CVJ3c,0.3755159999999999,0.803106,1.767728,0,2591700,31.877409,Delay-insensitive,4,7.0
204600,ZUmOui6VockU59FJ6QNjWb1BcFGQghqaHB46IvHQV0+xfUUlPESe4lSP+h4CVJ3c,0.160789,0.7300840000000001,1.309669,0,2591700,31.877409,Delay-insensitive,4,7.0
204900,ZUmOui6VockU59FJ6QNjWb1BcFGQghqaHB46IvHQV0+xfUUlPESe4lSP+h4CVJ3c,0.209141,3.143826,26.443756,0,2591700,31.877409,Delay-insensitive,4,7.0
205200,ZUmOui6VockU59FJ6QNjWb1BcFGQghqaHB46IvHQV0+xfUUlPESe4lSP+h4CVJ3c,0.260212,0.6843359999999999,1.20478,0,2591700,31.877409,Delay-insensitive,4,7.0
205500,ZUmOui6VockU59FJ6QNjWb1BcFGQghqaHB46IvHQV0+xfUUlPESe4lSP+h4CVJ3c,0.33788,0.703076,1.337368,0,2591700,31.877409,Delay-insensitive,4,7.0
205800,ZUmOui6VockU59FJ6QNjWb1BcFGQghqaHB46IvHQV0+xfUUlPESe4lSP+h4CVJ3c,0.240765,0.6892159999999999,1.226126,0,2591700,31.877409,Delay-insensitive,4,7.0
206100,ZUmOui6VockU59FJ6QNjWb1BcFGQghqaHB46IvHQV0+xfUUlPESe4lSP+h4CVJ3c,0.133863,0.6298050000000001,1.304364,0,2591700,31.877409,Delay-insensitive,4,7.0
206400,ZUmOui6VockU59FJ6QNjWb1BcFGQghqaHB46IvHQV0+xfUUlPESe4lSP+h4CVJ3c,0.366316,0.658994,1.168947,0,2591700,31.877409,Delay-insensitive,4,7.0
206700,ZUmOui6VockU59FJ6QNjWb1BcFGQghqaHB46IvHQV0+xfUUlPESe4lSP+h4CVJ3c,0.046304,0.7141529999999999,1.152871,0,2591700,31.877409,Delay-insensitive,4,7.0
207000,ZUmOui6VockU59FJ6QNjWb1BcFGQghqaHB46IvHQV0+xfUUlPESe4lSP+h4CVJ3c,0.236326,6.048744,49.516805,0,2591700,31.877409,Delay-insensitive,4,7.0
207300,ZUmOui6VockU59FJ6QNjWb1BcFGQghqaHB46IvHQV0+xfUUlPESe4lSP+h4CVJ3c,0.355219,26.201588,99.06566,0,2591700,31.877409,Delay-insensitive,4,7.0
207600,ZUmOui6VockU59FJ6QNjWb1BcFGQghqaHB46IvHQV0+xfUUlPESe4lSP+h4CVJ3c,2.892418,24.790779,78.458628,0,2591700,31.877409,Delay-insensitive,4,7.0
207900,ZUmOui6VockU59FJ6QNjWb1BcFGQghqaHB46IvHQV0+xfUUlPESe4lSP+h4CVJ3c,0.164741,0.814342,1.419442,0,2591700,31.877409,Delay-insensitive,4,7.0
208200,ZUmOui6VockU59FJ6QNjWb1BcFGQghqaHB46IvHQV0+xfUUlPESe4lSP+h4CVJ3c,0.4357439999999999,0.830477,1.466612,0,2591700,31.877409,Delay-insensitive,4,7.0
208500,ZUmOui6VockU59FJ6QNjWb1BcFGQghqaHB46IvHQV0+xfUUlPESe4lSP+h4CVJ3c,0.251386,2.789642,23.845613,0,2591700,31.877409,Delay-insensitive,4,7.0
208800,ZUmOui6VockU59FJ6QNjWb1BcFGQghqaHB46IvHQV0+xfUUlPESe4lSP+h4CVJ3c,0.121014,1.281879,9.01432,0,2591700,31.877409,Delay-insensitive,4,7.0
209100,ZUmOui6VockU59FJ6QNjWb1BcFGQghqaHB46IvHQV0+xfUUlPESe4lSP+h4CVJ3c,0.358064,0.86251,1.919858,0,2591700,31.877409,Delay-insensitive,4,7.0
209400,ZUmOui6VockU59FJ6QNjWb1BcFGQghqaHB46IvHQV0+xfUUlPESe4lSP+h4CVJ3c,0.168783,1.119921,5.185878,0,2591700,31.877409,Delay-insensitive,4,7.0
209700,ZUmOui6VockU59FJ6QNjWb1BcFGQghqaHB46IvHQV0+xfUUlPESe4lSP+h4CVJ3c,0.307321,0.965179,2.010722,0,2591700,31.877409,Delay-insensitive,4,7.0
210000,ZUmOui6VockU59FJ6QNjWb1BcFGQghqaHB46IvHQV0+xfUUlPESe4lSP+h4CVJ3c,0.400755,1.187751,5.424538,0,2591700,31.877409,Delay-insensitive,4,7.0
210300,ZUmOui6VockU59FJ6QNjWb1BcFGQghqaHB46IvHQV0+xfUUlPESe4lSP+h4CVJ3c,0.375576,0.982277,1.76917,0,2591700,31.877409,Delay-insensitive,4,7.0
210600,ZUmOui6VockU59FJ6QNjWb1BcFGQghqaHB46IvHQV0+xfUUlPESe4lSP+h4CVJ3c,0.195316,0.891076,1.898139,0,2591700,31.877409,Delay-insensitive,4,7.0
210900,ZUmOui6VockU59FJ6QNjWb1BcFGQghqaHB46IvHQV0+xfUUlPESe4lSP+h4CVJ3c,0.381851,0.900156,1.801518,0,2591700,31.877409,Delay-insensitive,4,7.0
211200,ZUmOui6VockU59FJ6QNjWb1BcFGQghqaHB46IvHQV0+xfUUlPESe4lSP+h4CVJ3c,0.240542,0.91366,1.7100099999999998,0,2591700,31.877409,Delay-insensitive,4,7.0
211500,ZUmOui6VockU59FJ6QNjWb1BcFGQghqaHB46IvHQV0+xfUUlPESe4lSP+h4CVJ3c,0.199921,0.84651,1.998432,0,2591700,31.877409,Delay-insensitive,4,7.0
211800,ZUmOui6VockU59FJ6QNjWb1BcFGQghqaHB46IvHQV0+xfUUlPESe4lSP+h4CVJ3c,0.3912,0.846643,1.51529,0,2591700,31.877409,Delay-insensitive,4,7.0
212100,ZUmOui6VockU59FJ6QNjWb1BcFGQghqaHB46IvHQV0+xfUUlPESe4lSP+h4CVJ3c,0.0917029999999999,0.819866,1.734892,0,2591700,31.877409,Delay-insensitive,4,7.0
212400,ZUmOui6VockU59FJ6QNjWb1BcFGQghqaHB46IvHQV0+xfUUlPESe4lSP+h4CVJ3c,0.295509,3.173118,25.429137,0,2591700,31.877409,Delay-insensitive,4,7.0
212700,ZUmOui6VockU59FJ6QNjWb1BcFGQghqaHB46IvHQV0+xfUUlPESe4lSP+h4CVJ3c,0.26881,0.926752,4.132692,0,2591700,31.877409,Delay-insensitive,4,7.0
213000,ZUmOui6VockU59FJ6QNjWb1BcFGQghqaHB46IvHQV0+xfUUlPESe4lSP+h4CVJ3c,0.33965,0.788992,1.7599919999999998,0,2591700,31.877409,Delay-insensitive,4,7.0
213300,ZUmOui6VockU59FJ6QNjWb1BcFGQghqaHB46IvHQV0+xfUUlPESe4lSP+h4CVJ3c,0.285792,0.763413,1.548821,0,2591700,31.877409,Delay-insensitive,4,7.0
213600,ZUmOui6VockU59FJ6QNjWb1BcFGQghqaHB46IvHQV0+xfUUlPESe4lSP+h4CVJ3c,0.252425,0.706801,1.596101,0,2591700,31.877409,Delay-insensitive,4,7.0
213900,ZUmOui6VockU59FJ6QNjWb1BcFGQghqaHB46IvHQV0+xfUUlPESe4lSP+h4CVJ3c,0.212194,0.683279,1.4768709999999998,0,2591700,31.877409,Delay-insensitive,4,7.0
214200,ZUmOui6VockU59FJ6QNjWb1BcFGQghqaHB46IvHQV0+xfUUlPESe4lSP+h4CVJ3c,0.289972,0.652957,1.370216,0,2591700,31.877409,Delay-insensitive,4,7.0
214500,ZUmOui6VockU59FJ6QNjWb1BcFGQghqaHB46IvHQV0+xfUUlPESe4lSP+h4CVJ3c,0.286482,5.98681,76.303771,0,2591700,31.877409,Delay-insensitive,4,7.0
214800,ZUmOui6VockU59FJ6QNjWb1BcFGQghqaHB46IvHQV0+xfUUlPESe4lSP+h4CVJ3c,0.2021069999999999,25.615287,98.950787,0,2591700,31.877409,Delay-insensitive,4,7.0
215100,ZUmOui6VockU59FJ6QNjWb1BcFGQghqaHB46IvHQV0+xfUUlPESe4lSP+h4CVJ3c,2.752406,23.884459,59.90331,0,2591700,31.877409,Delay-insensitive,4,7.0
215400,ZUmOui6VockU59FJ6QNjWb1BcFGQghqaHB46IvHQV0+xfUUlPESe4lSP+h4CVJ3c,0.2954199999999999,1.235945,8.718282,0,2591700,31.877409,Delay-insensitive,4,7.0
215700,ZUmOui6VockU59FJ6QNjWb1BcFGQghqaHB46IvHQV0+xfUUlPESe4lSP+h4CVJ3c,0.367691,0.695142,1.26402,0,2591700,31.877409,Delay-insensitive,4,7.0
216000,ZUmOui6VockU59FJ6QNjWb1BcFGQghqaHB46IvHQV0+xfUUlPESe4lSP+h4CVJ3c,0.07177,2.998387,24.095542,0,2591700,31.877409,Delay-insensitive,4,7.0
216300,ZUmOui6VockU59FJ6QNjWb1BcFGQghqaHB46IvHQV0+xfUUlPESe4lSP+h4CVJ3c,0.260588,0.6036130000000001,1.035428,0,2591700,31.877409,Delay-insensitive,4,7.0
216600,ZUmOui6VockU59FJ6QNjWb1BcFGQghqaHB46IvHQV0+xfUUlPESe4lSP+h4CVJ3c,0.2816869999999999,0.68481,1.5485870000000002,0,2591700,31.877409,Delay-insensitive,4,7.0
216900,ZUmOui6VockU59FJ6QNjWb1BcFGQghqaHB46IvHQV0+xfUUlPESe4lSP+h4CVJ3c,0.115716,0.635048,1.130854,0,2591700,31.877409,Delay-insensitive,4,7.0
217200,ZUmOui6VockU59FJ6QNjWb1BcFGQghqaHB46IvHQV0+xfUUlPESe4lSP+h4CVJ3c,0.27625,0.6191949999999999,1.30198,0,2591700,31.877409,Delay-insensitive,4,7.0
217500,ZUmOui6VockU59FJ6QNjWb1BcFGQghqaHB46IvHQV0+xfUUlPESe4lSP+h4CVJ3c,0.301151,0.689768,1.298676,0,2591700,31.877409,Delay-insensitive,4,7.0
217800,ZUmOui6VockU59FJ6QNjWb1BcFGQghqaHB46IvHQV0+xfUUlPESe4lSP+h4CVJ3c,0.285103,0.6668069999999999,1.497084,0,2591700,31.877409,Delay-insensitive,4,7.0
218100,ZUmOui6VockU59FJ6QNjWb1BcFGQghqaHB46IvHQV0+xfUUlPESe4lSP+h4CVJ3c,0.241459,1.067795,6.515722,0,2591700,31.877409,Delay-insensitive,4,7.0
218400,ZUmOui6VockU59FJ6QNjWb1BcFGQghqaHB46IvHQV0+xfUUlPESe4lSP+h4CVJ3c,0.260477,0.758939,1.497621,0,2591700,31.877409,Delay-insensitive,4,7.0
218700,ZUmOui6VockU59FJ6QNjWb1BcFGQghqaHB46IvHQV0+xfUUlPESe4lSP+h4CVJ3c,0.334497,0.761017,1.717398,0,2591700,31.877409,Delay-insensitive,4,7.0
219000,ZUmOui6VockU59FJ6QNjWb1BcFGQghqaHB46IvHQV0+xfUUlPESe4lSP+h4CVJ3c,0.268931,0.685423,1.652636,0,2591700,31.877409,Delay-insensitive,4,7.0
219300,ZUmOui6VockU59FJ6QNjWb1BcFGQghqaHB46IvHQV0+xfUUlPESe4lSP+h4CVJ3c,0.106042,0.6503869999999999,1.319346,0,2591700,31.877409,Delay-insensitive,4,7.0
219600,ZUmOui6VockU59FJ6QNjWb1BcFGQghqaHB46IvHQV0+xfUUlPESe4lSP+h4CVJ3c,0.1045609999999999,2.014122,27.683937,0,2591700,31.877409,Delay-insensitive,4,7.0
219900,ZUmOui6VockU59FJ6QNjWb1BcFGQghqaHB46IvHQV0+xfUUlPESe4lSP+h4CVJ3c,0.25164,0.619401,1.157818,0,2591700,31.877409,Delay-insensitive,4,7.0
220200,ZUmOui6VockU59FJ6QNjWb1BcFGQghqaHB46IvHQV0+xfUUlPESe4lSP+h4CVJ3c,0.17515,0.635763,1.309787,0,2591700,31.877409,Delay-insensitive,4,7.0
220500,ZUmOui6VockU59FJ6QNjWb1BcFGQghqaHB46IvHQV0+xfUUlPESe4lSP+h4CVJ3c,0.257658,0.6420060000000001,1.310756,0,2591700,31.877409,Delay-insensitive,4,7.0
220800,ZUmOui6VockU59FJ6QNjWb1BcFGQghqaHB46IvHQV0+xfUUlPESe4lSP+h4CVJ3c,0.226546,1.005374,8.129837,0,2591700,31.877409,Delay-insensitive,4,7.0
221100,ZUmOui6VockU59FJ6QNjWb1BcFGQghqaHB46IvHQV0+xfUUlPESe4lSP+h4CVJ3c,0.290055,0.762033,1.323103,0,2591700,31.877409,Delay-insensitive,4,7.0
221400,ZUmOui6VockU59FJ6QNjWb1BcFGQghqaHB46IvHQV0+xfUUlPESe4lSP+h4CVJ3c,0.187327,0.667466,1.376356,0,2591700,31.877409,Delay-insensitive,4,7.0
221700,ZUmOui6VockU59FJ6QNjWb1BcFGQghqaHB46IvHQV0+xfUUlPESe4lSP+h4CVJ3c,0.220205,0.8111010000000001,2.054371,0,2591700,31.877409,Delay-insensitive,4,7.0
222000,ZUmOui6VockU59FJ6QNjWb1BcFGQghqaHB46IvHQV0+xfUUlPESe4lSP+h4CVJ3c,0.1965319999999999,0.6083609999999999,1.079554,0,2591700,31.877409,Delay-insensitive,4,7.0
222300,ZUmOui6VockU59FJ6QNjWb1BcFGQghqaHB46IvHQV0+xfUUlPESe4lSP+h4CVJ3c,0.112573,0.625328,1.182997,0,2591700,31.877409,Delay-insensitive,4,7.0
222600,ZUmOui6VockU59FJ6QNjWb1BcFGQghqaHB46IvHQV0+xfUUlPESe4lSP+h4CVJ3c,0.261436,0.640444,1.183778,0,2591700,31.877409,Delay-insensitive,4,7.0
222900,ZUmOui6VockU59FJ6QNjWb1BcFGQghqaHB46IvHQV0+xfUUlPESe4lSP+h4CVJ3c,0.243876,0.621448,1.086508,0,2591700,31.877409,Delay-insensitive,4,7.0
223200,ZUmOui6VockU59FJ6QNjWb1BcFGQghqaHB46IvHQV0+xfUUlPESe4lSP+h4CVJ3c,0.2247,1.583884,13.717695,0,2591700,31.877409,Delay-insensitive,4,7.0
223500,ZUmOui6VockU59FJ6QNjWb1BcFGQghqaHB46IvHQV0+xfUUlPESe4lSP+h4CVJ3c,0.155147,1.989775,25.819911,0,2591700,31.877409,Delay-insensitive,4,7.0
223800,ZUmOui6VockU59FJ6QNjWb1BcFGQghqaHB46IvHQV0+xfUUlPESe4lSP+h4CVJ3c,0.218592,0.655684,1.207771,0,2591700,31.877409,Delay-insensitive,4,7.0
224100,ZUmOui6VockU59FJ6QNjWb1BcFGQghqaHB46IvHQV0+xfUUlPESe4lSP+h4CVJ3c,0.094114,0.584385,1.440555,0,2591700,31.877409,Delay-insensitive,4,7.0
224400,ZUmOui6VockU59FJ6QNjWb1BcFGQghqaHB46IvHQV0+xfUUlPESe4lSP+h4CVJ3c,0.260907,0.609042,1.299914,0,2591700,31.877409,Delay-insensitive,4,7.0
224700,ZUmOui6VockU59FJ6QNjWb1BcFGQghqaHB46IvHQV0+xfUUlPESe4lSP+h4CVJ3c,0.247375,0.643708,1.617819,0,2591700,31.877409,Delay-insensitive,4,7.0
225000,ZUmOui6VockU59FJ6QNjWb1BcFGQghqaHB46IvHQV0+xfUUlPESe4lSP+h4CVJ3c,0.193711,0.656664,1.42864,0,2591700,31.877409,Delay-insensitive,4,7.0
225300,ZUmOui6VockU59FJ6QNjWb1BcFGQghqaHB46IvHQV0+xfUUlPESe4lSP+h4CVJ3c,0.27741,0.660582,1.315236,0,2591700,31.877409,Delay-insensitive,4,7.0
225600,ZUmOui6VockU59FJ6QNjWb1BcFGQghqaHB46IvHQV0+xfUUlPESe4lSP+h4CVJ3c,0.132666,0.582702,1.307349,0,2591700,31.877409,Delay-insensitive,4,7.0
225900,ZUmOui6VockU59FJ6QNjWb1BcFGQghqaHB46IvHQV0+xfUUlPESe4lSP+h4CVJ3c,0.218194,0.623278,1.349913,0,2591700,31.877409,Delay-insensitive,4,7.0
226200,ZUmOui6VockU59FJ6QNjWb1BcFGQghqaHB46IvHQV0+xfUUlPESe4lSP+h4CVJ3c,0.109596,0.514271,0.8534229999999999,0,2591700,31.877409,Delay-insensitive,4,7.0
226500,ZUmOui6VockU59FJ6QNjWb1BcFGQghqaHB46IvHQV0+xfUUlPESe4lSP+h4CVJ3c,0.279704,0.600306,1.2111809999999998,0,2591700,31.877409,Delay-insensitive,4,7.0
226800,ZUmOui6VockU59FJ6QNjWb1BcFGQghqaHB46IvHQV0+xfUUlPESe4lSP+h4CVJ3c,0.12846,0.5177970000000001,1.029807,0,2591700,31.877409,Delay-insensitive,4,7.0
227100,ZUmOui6VockU59FJ6QNjWb1BcFGQghqaHB46IvHQV0+xfUUlPESe4lSP+h4CVJ3c,0.224584,3.010989,29.303943,0,2591700,31.877409,Delay-insensitive,4,7.0
227400,ZUmOui6VockU59FJ6QNjWb1BcFGQghqaHB46IvHQV0+xfUUlPESe4lSP+h4CVJ3c,0.109015,0.610252,1.3013629999999998,0,2591700,31.877409,Delay-insensitive,4,7.0
227700,ZUmOui6VockU59FJ6QNjWb1BcFGQghqaHB46IvHQV0+xfUUlPESe4lSP+h4CVJ3c,0.045942,0.5607810000000001,1.334782,0,2591700,31.877409,Delay-insensitive,4,7.0
228000,ZUmOui6VockU59FJ6QNjWb1BcFGQghqaHB46IvHQV0+xfUUlPESe4lSP+h4CVJ3c,0.260273,0.617133,1.158915,0,2591700,31.877409,Delay-insensitive,4,7.0
228300,ZUmOui6VockU59FJ6QNjWb1BcFGQghqaHB46IvHQV0+xfUUlPESe4lSP+h4CVJ3c,0.271219,0.637,1.100166,0,2591700,31.877409,Delay-insensitive,4,7.0
228600,ZUmOui6VockU59FJ6QNjWb1BcFGQghqaHB46IvHQV0+xfUUlPESe4lSP+h4CVJ3c,0.270226,0.614165,1.27436,0,2591700,31.877409,Delay-insensitive,4,7.0
228900,ZUmOui6VockU59FJ6QNjWb1BcFGQghqaHB46IvHQV0+xfUUlPESe4lSP+h4CVJ3c,0.071948,0.5248109999999999,0.965875,0,2591700,31.877409,Delay-insensitive,4,7.0
229200,ZUmOui6VockU59FJ6QNjWb1BcFGQghqaHB46IvHQV0+xfUUlPESe4lSP+h4CVJ3c,0.299298,0.659538,1.258783,0,2591700,31.877409,Delay-insensitive,4,7.0
229500,ZUmOui6VockU59FJ6QNjWb1BcFGQghqaHB46IvHQV0+xfUUlPESe4lSP+h4CVJ3c,0.200679,0.609826,1.335634,0,2591700,31.877409,Delay-insensitive,4,7.0
229800,ZUmOui6VockU59FJ6QNjWb1BcFGQghqaHB46IvHQV0+xfUUlPESe4lSP+h4CVJ3c,0.262688,0.637259,1.273354,0,2591700,31.877409,Delay-insensitive,4,7.0
230100,ZUmOui6VockU59FJ6QNjWb1BcFGQghqaHB46IvHQV0+xfUUlPESe4lSP+h4CVJ3c,0.2183639999999999,0.662687,1.308834,0,2591700,31.877409,Delay-insensitive,4,7.0
230400,ZUmOui6VockU59FJ6QNjWb1BcFGQghqaHB46IvHQV0+xfUUlPESe4lSP+h4CVJ3c,0.0602529999999999,0.616678,1.506784,0,2591700,31.877409,Delay-insensitive,4,7.0
230700,ZUmOui6VockU59FJ6QNjWb1BcFGQghqaHB46IvHQV0+xfUUlPESe4lSP+h4CVJ3c,0.314552,3.056172,27.958674,0,2591700,31.877409,Delay-insensitive,4,7.0
231000,ZUmOui6VockU59FJ6QNjWb1BcFGQghqaHB46IvHQV0+xfUUlPESe4lSP+h4CVJ3c,0.184201,0.732927,2.463078,0,2591700,31.877409,Delay-insensitive,4,7.0
231300,ZUmOui6VockU59FJ6QNjWb1BcFGQghqaHB46IvHQV0+xfUUlPESe4lSP+h4CVJ3c,0.302688,0.653697,1.059646,0,2591700,31.877409,Delay-insensitive,4,7.0
231600,ZUmOui6VockU59FJ6QNjWb1BcFGQghqaHB46IvHQV0+xfUUlPESe4lSP+h4CVJ3c,0.178554,0.661723,1.709871,0,2591700,31.877409,Delay-insensitive,4,7.0
231900,ZUmOui6VockU59FJ6QNjWb1BcFGQghqaHB46IvHQV0+xfUUlPESe4lSP+h4CVJ3c,0.299288,0.646666,1.1164,0,2591700,31.877409,Delay-insensitive,4,7.0
232200,ZUmOui6VockU59FJ6QNjWb1BcFGQghqaHB46IvHQV0+xfUUlPESe4lSP+h4CVJ3c,0.2266239999999999,0.684466,1.944519,0,2591700,31.877409,Delay-insensitive,4,7.0
232500,ZUmOui6VockU59FJ6QNjWb1BcFGQghqaHB46IvHQV0+xfUUlPESe4lSP+h4CVJ3c,0.285306,9.198546,42.384218,0,2591700,31.877409,Delay-insensitive,4,7.0
232800,ZUmOui6VockU59FJ6QNjWb1BcFGQghqaHB46IvHQV0+xfUUlPESe4lSP+h4CVJ3c,0.290649,18.72085,99.745312,0,2591700,31.877409,Delay-insensitive,4,7.0
233100,ZUmOui6VockU59FJ6QNjWb1BcFGQghqaHB46IvHQV0+xfUUlPESe4lSP+h4CVJ3c,0.056288,0.782982,1.906028,0,2591700,31.877409,Delay-insensitive,4,7.0
233400,ZUmOui6VockU59FJ6QNjWb1BcFGQghqaHB46IvHQV0+xfUUlPESe4lSP+h4CVJ3c,0.264883,0.644766,1.406197,0,2591700,31.877409,Delay-insensitive,4,7.0
233700,ZUmOui6VockU59FJ6QNjWb1BcFGQghqaHB46IvHQV0+xfUUlPESe4lSP+h4CVJ3c,0.16691,0.671085,1.690797,0,2591700,31.877409,Delay-insensitive,4,7.0
234000,ZUmOui6VockU59FJ6QNjWb1BcFGQghqaHB46IvHQV0+xfUUlPESe4lSP+h4CVJ3c,0.2848449999999999,0.608554,1.1724,0,2591700,31.877409,Delay-insensitive,4,7.0
234300,ZUmOui6VockU59FJ6QNjWb1BcFGQghqaHB46IvHQV0+xfUUlPESe4lSP+h4CVJ3c,0.218128,1.882014,30.524811,0,2591700,31.877409,Delay-insensitive,4,7.0
234600,ZUmOui6VockU59FJ6QNjWb1BcFGQghqaHB46IvHQV0+xfUUlPESe4lSP+h4CVJ3c,0.224983,1.806987,22.710243,0,2591700,31.877409,Delay-insensitive,4,7.0
234900,ZUmOui6VockU59FJ6QNjWb1BcFGQghqaHB46IvHQV0+xfUUlPESe4lSP+h4CVJ3c,0.1432109999999999,0.557887,0.958377,0,2591700,31.877409,Delay-insensitive,4,7.0
235200,ZUmOui6VockU59FJ6QNjWb1BcFGQghqaHB46IvHQV0+xfUUlPESe4lSP+h4CVJ3c,0.2058,0.550188,1.106221,0,2591700,31.877409,Delay-insensitive,4,7.0
235500,ZUmOui6VockU59FJ6QNjWb1BcFGQghqaHB46IvHQV0+xfUUlPESe4lSP+h4CVJ3c,0.2326929999999999,0.680477,2.711933,0,2591700,31.877409,Delay-insensitive,4,7.0
235800,ZUmOui6VockU59FJ6QNjWb1BcFGQghqaHB46IvHQV0+xfUUlPESe4lSP+h4CVJ3c,0.2677239999999999,0.585697,1.08399,0,2591700,31.877409,Delay-insensitive,4,7.0
236100,ZUmOui6VockU59FJ6QNjWb1BcFGQghqaHB46IvHQV0+xfUUlPESe4lSP+h4CVJ3c,0.2240489999999999,0.727318,4.226103,0,2591700,31.877409,Delay-insensitive,4,7.0
236400,ZUmOui6VockU59FJ6QNjWb1BcFGQghqaHB46IvHQV0+xfUUlPESe4lSP+h4CVJ3c,0.112674,0.584838,1.170143,0,2591700,31.877409,Delay-insensitive,4,7.0
236700,ZUmOui6VockU59FJ6QNjWb1BcFGQghqaHB46IvHQV0+xfUUlPESe4lSP+h4CVJ3c,0.199047,0.626181,1.145723,0,2591700,31.877409,Delay-insensitive,4,7.0
237000,ZUmOui6VockU59FJ6QNjWb1BcFGQghqaHB46IvHQV0+xfUUlPESe4lSP+h4CVJ3c,0.134796,0.5659930000000001,1.101058,0,2591700,31.877409,Delay-insensitive,4,7.0
237300,ZUmOui6VockU59FJ6QNjWb1BcFGQghqaHB46IvHQV0+xfUUlPESe4lSP+h4CVJ3c,0.212607,0.8867,8.074255,0,2591700,31.877409,Delay-insensitive,4,7.0
237600,ZUmOui6VockU59FJ6QNjWb1BcFGQghqaHB46IvHQV0+xfUUlPESe4lSP+h4CVJ3c,0.12172,0.554222,1.100241,0,2591700,31.877409,Delay-insensitive,4,7.0
237900,ZUmOui6VockU59FJ6QNjWb1BcFGQghqaHB46IvHQV0+xfUUlPESe4lSP+h4CVJ3c,0.268597,0.578647,1.26232,0,2591700,31.877409,Delay-insensitive,4,7.0
238200,ZUmOui6VockU59FJ6QNjWb1BcFGQghqaHB46IvHQV0+xfUUlPESe4lSP+h4CVJ3c,0.331291,2.885379,25.119174,0,2591700,31.877409,Delay-insensitive,4,7.0
238500,ZUmOui6VockU59FJ6QNjWb1BcFGQghqaHB46IvHQV0+xfUUlPESe4lSP+h4CVJ3c,0.130882,0.555424,1.09904,0,2591700,31.877409,Delay-insensitive,4,7.0
238800,ZUmOui6VockU59FJ6QNjWb1BcFGQghqaHB46IvHQV0+xfUUlPESe4lSP+h4CVJ3c,0.288724,0.578904,1.310577,0,2591700,31.877409,Delay-insensitive,4,7.0
239100,ZUmOui6VockU59FJ6QNjWb1BcFGQghqaHB46IvHQV0+xfUUlPESe4lSP+h4CVJ3c,0.2428679999999999,0.669976,2.033364,0,2591700,31.877409,Delay-insensitive,4,7.0
239400,ZUmOui6VockU59FJ6QNjWb1BcFGQghqaHB46IvHQV0+xfUUlPESe4lSP+h4CVJ3c,0.219538,0.582178,1.128437,0,2591700,31.877409,Delay-insensitive,4,7.0
239700,ZUmOui6VockU59FJ6QNjWb1BcFGQghqaHB46IvHQV0+xfUUlPESe4lSP+h4CVJ3c,0.146365,0.51845,0.892459,0,2591700,31.877409,Delay-insensitive,4,7.0
240000,ZUmOui6VockU59FJ6QNjWb1BcFGQghqaHB46IvHQV0+xfUUlPESe4lSP+h4CVJ3c,0.197735,0.5963350000000001,1.11746,0,2591700,31.877409,Delay-insensitive,4,7.0
240300,ZUmOui6VockU59FJ6QNjWb1BcFGQghqaHB46IvHQV0+xfUUlPESe4lSP+h4CVJ3c,0.2309719999999999,0.7086899999999999,3.501107,0,2591700,31.877409,Delay-insensitive,4,7.0
240600,ZUmOui6VockU59FJ6QNjWb1BcFGQghqaHB46IvHQV0+xfUUlPESe4lSP+h4CVJ3c,0.192878,0.587149,0.999936,0,2591700,31.877409,Delay-insensitive,4,7.0
240900,ZUmOui6VockU59FJ6QNjWb1BcFGQghqaHB46IvHQV0+xfUUlPESe4lSP+h4CVJ3c,0.194786,0.620668,2.052751,0,2591700,31.877409,Delay-insensitive,4,7.0
241200,ZUmOui6VockU59FJ6QNjWb1BcFGQghqaHB46IvHQV0+xfUUlPESe4lSP+h4CVJ3c,0.249756,0.682732,1.907088,0,2591700,31.877409,Delay-insensitive,4,7.0
241500,ZUmOui6VockU59FJ6QNjWb1BcFGQghqaHB46IvHQV0+xfUUlPESe4lSP+h4CVJ3c,0.212022,0.615078,1.2578,0,2591700,31.877409,Delay-insensitive,4,7.0
241800,ZUmOui6VockU59FJ6QNjWb1BcFGQghqaHB46IvHQV0+xfUUlPESe4lSP+h4CVJ3c,0.27308,2.608234,23.471195,0,2591700,31.877409,Delay-insensitive,4,7.0
242100,ZUmOui6VockU59FJ6QNjWb1BcFGQghqaHB46IvHQV0+xfUUlPESe4lSP+h4CVJ3c,0.232505,0.620305,1.0656290000000002,0,2591700,31.877409,Delay-insensitive,4,7.0
242400,ZUmOui6VockU59FJ6QNjWb1BcFGQghqaHB46IvHQV0+xfUUlPESe4lSP+h4CVJ3c,0.268148,0.664103,1.663863,0,2591700,31.877409,Delay-insensitive,4,7.0
242700,ZUmOui6VockU59FJ6QNjWb1BcFGQghqaHB46IvHQV0+xfUUlPESe4lSP+h4CVJ3c,0.366094,0.644204,1.26203,0,2591700,31.877409,Delay-insensitive,4,7.0
243000,ZUmOui6VockU59FJ6QNjWb1BcFGQghqaHB46IvHQV0+xfUUlPESe4lSP+h4CVJ3c,0.069502,0.631596,1.987368,0,2591700,31.877409,Delay-insensitive,4,7.0
243300,ZUmOui6VockU59FJ6QNjWb1BcFGQghqaHB46IvHQV0+xfUUlPESe4lSP+h4CVJ3c,0.19397,0.603351,0.978613,0,2591700,31.877409,Delay-insensitive,4,7.0
243600,ZUmOui6VockU59FJ6QNjWb1BcFGQghqaHB46IvHQV0+xfUUlPESe4lSP+h4CVJ3c,0.215888,0.6396729999999999,1.482879,0,2591700,31.877409,Delay-insensitive,4,7.0
243900,ZUmOui6VockU59FJ6QNjWb1BcFGQghqaHB46IvHQV0+xfUUlPESe4lSP+h4CVJ3c,0.270659,0.603055,1.107069,0,2591700,31.877409,Delay-insensitive,4,7.0
244200,ZUmOui6VockU59FJ6QNjWb1BcFGQghqaHB46IvHQV0+xfUUlPESe4lSP+h4CVJ3c,0.188506,0.595958,1.240851,0,2591700,31.877409,Delay-insensitive,4,7.0
244500,ZUmOui6VockU59FJ6QNjWb1BcFGQghqaHB46IvHQV0+xfUUlPESe4lSP+h4CVJ3c,0.0986669999999999,0.579963,1.290153,0,2591700,31.877409,Delay-insensitive,4,7.0
244800,ZUmOui6VockU59FJ6QNjWb1BcFGQghqaHB46IvHQV0+xfUUlPESe4lSP+h4CVJ3c,0.238242,0.5940310000000001,0.990293,0,2591700,31.877409,Delay-insensitive,4,7.0
245100,ZUmOui6VockU59FJ6QNjWb1BcFGQghqaHB46IvHQV0+xfUUlPESe4lSP+h4CVJ3c,0.195767,0.58813,1.152887,0,2591700,31.877409,Delay-insensitive,4,7.0
245400,ZUmOui6VockU59FJ6QNjWb1BcFGQghqaHB46IvHQV0+xfUUlPESe4lSP+h4CVJ3c,0.267924,3.0825720000000003,30.612313,0,2591700,31.877409,Delay-insensitive,4,7.0
245700,ZUmOui6VockU59FJ6QNjWb1BcFGQghqaHB46IvHQV0+xfUUlPESe4lSP+h4CVJ3c,0.202663,0.587158,1.241155,0,2591700,31.877409,Delay-insensitive,4,7.0
246000,ZUmOui6VockU59FJ6QNjWb1BcFGQghqaHB46IvHQV0+xfUUlPESe4lSP+h4CVJ3c,0.313734,0.583427,1.003902,0,2591700,31.877409,Delay-insensitive,4,7.0
246300,ZUmOui6VockU59FJ6QNjWb1BcFGQghqaHB46IvHQV0+xfUUlPESe4lSP+h4CVJ3c,0.132324,0.585386,1.000681,0,2591700,31.877409,Delay-insensitive,4,7.0
246600,ZUmOui6VockU59FJ6QNjWb1BcFGQghqaHB46IvHQV0+xfUUlPESe4lSP+h4CVJ3c,0.099745,0.5746319999999999,1.1924290000000002,0,2591700,31.877409,Delay-insensitive,4,7.0
246900,ZUmOui6VockU59FJ6QNjWb1BcFGQghqaHB46IvHQV0+xfUUlPESe4lSP+h4CVJ3c,0.237749,0.6364,1.160068,0,2591700,31.877409,Delay-insensitive,4,7.0
247200,ZUmOui6VockU59FJ6QNjWb1BcFGQghqaHB46IvHQV0+xfUUlPESe4lSP+h4CVJ3c,0.158128,0.6577350000000001,1.4725469999999998,0,2591700,31.877409,Delay-insensitive,4,7.0
247500,ZUmOui6VockU59FJ6QNjWb1BcFGQghqaHB46IvHQV0+xfUUlPESe4lSP+h4CVJ3c,0.221487,0.73193,1.4764959999999998,0,2591700,31.877409,Delay-insensitive,4,7.0
247800,ZUmOui6VockU59FJ6QNjWb1BcFGQghqaHB46IvHQV0+xfUUlPESe4lSP+h4CVJ3c,0.281918,0.8796450000000001,3.358799,0,2591700,31.877409,Delay-insensitive,4,7.0
248100,ZUmOui6VockU59FJ6QNjWb1BcFGQghqaHB46IvHQV0+xfUUlPESe4lSP+h4CVJ3c,0.2487869999999999,0.7435039999999999,1.439389,0,2591700,31.877409,Delay-insensitive,4,7.0
248400,ZUmOui6VockU59FJ6QNjWb1BcFGQghqaHB46IvHQV0+xfUUlPESe4lSP+h4CVJ3c,0.2520969999999999,0.682139,1.5488879999999998,0,2591700,31.877409,Delay-insensitive,4,7.0
248700,ZUmOui6VockU59FJ6QNjWb1BcFGQghqaHB46IvHQV0+xfUUlPESe4lSP+h4CVJ3c,0.299342,0.6745760000000001,1.448419,0,2591700,31.877409,Delay-insensitive,4,7.0
249000,ZUmOui6VockU59FJ6QNjWb1BcFGQghqaHB46IvHQV0+xfUUlPESe4lSP+h4CVJ3c,0.189245,0.767524,3.3365150000000003,0,2591700,31.877409,Delay-insensitive,4,7.0
249300,ZUmOui6VockU59FJ6QNjWb1BcFGQghqaHB46IvHQV0+xfUUlPESe4lSP+h4CVJ3c,0.273206,3.023849,17.793136999999998,0,2591700,31.877409,Delay-insensitive,4,7.0
249600,ZUmOui6VockU59FJ6QNjWb1BcFGQghqaHB46IvHQV0+xfUUlPESe4lSP+h4CVJ3c,0.218523,0.644621,1.227132,0,2591700,31.877409,Delay-insensitive,4,7.0
249900,ZUmOui6VockU59FJ6QNjWb1BcFGQghqaHB46IvHQV0+xfUUlPESe4lSP+h4CVJ3c,0.168686,0.658504,1.623566,0,2591700,31.877409,Delay-insensitive,4,7.0
250200,ZUmOui6VockU59FJ6QNjWb1BcFGQghqaHB46IvHQV0+xfUUlPESe4lSP+h4CVJ3c,0.263265,6.462712000000001,72.63215500000001,0,2591700,31.877409,Delay-insensitive,4,7.0
250500,ZUmOui6VockU59FJ6QNjWb1BcFGQghqaHB46IvHQV0+xfUUlPESe4lSP+h4CVJ3c,0.309554,26.07788,99.384405,0,2591700,31.877409,Delay-insensitive,4,7.0
250800,ZUmOui6VockU59FJ6QNjWb1BcFGQghqaHB46IvHQV0+xfUUlPESe4lSP+h4CVJ3c,0.789907,24.092272,99.364785,0,2591700,31.877409,Delay-insensitive,4,7.0
251100,ZUmOui6VockU59FJ6QNjWb1BcFGQghqaHB46IvHQV0+xfUUlPESe4lSP+h4CVJ3c,0.175228,0.67325,2.286554,0,2591700,31.877409,Delay-insensitive,4,7.0
251400,ZUmOui6VockU59FJ6QNjWb1BcFGQghqaHB46IvHQV0+xfUUlPESe4lSP+h4CVJ3c,0.253828,0.647945,1.425224,0,2591700,31.877409,Delay-insensitive,4,7.0
251700,ZUmOui6VockU59FJ6QNjWb1BcFGQghqaHB46IvHQV0+xfUUlPESe4lSP+h4CVJ3c,0.1575339999999999,0.693651,3.296514,0,2591700,31.877409,Delay-insensitive,4,7.0
252000,ZUmOui6VockU59FJ6QNjWb1BcFGQghqaHB46IvHQV0+xfUUlPESe4lSP+h4CVJ3c,0.080046,0.520796,1.159932,0,2591700,31.877409,Delay-insensitive,4,7.0
252300,ZUmOui6VockU59FJ6QNjWb1BcFGQghqaHB46IvHQV0+xfUUlPESe4lSP+h4CVJ3c,0.217463,0.5532630000000001,1.280564,0,2591700,31.877409,Delay-insensitive,4,7.0
252600,ZUmOui6VockU59FJ6QNjWb1BcFGQghqaHB46IvHQV0+xfUUlPESe4lSP+h4CVJ3c,0.267597,0.589132,1.288516,0,2591700,31.877409,Delay-insensitive,4,7.0
252900,ZUmOui6VockU59FJ6QNjWb1BcFGQghqaHB46IvHQV0+xfUUlPESe4lSP+h4CVJ3c,0.271613,2.952071,37.617684,0,2591700,31.877409,Delay-insensitive,4,7.0
253200,ZUmOui6VockU59FJ6QNjWb1BcFGQghqaHB46IvHQV0+xfUUlPESe4lSP+h4CVJ3c,0.161719,0.4704569999999999,1.061145,0,2591700,31.877409,Delay-insensitive,4,7.0
253500,ZUmOui6VockU59FJ6QNjWb1BcFGQghqaHB46IvHQV0+xfUUlPESe4lSP+h4CVJ3c,0.240092,0.562963,1.351791,0,2591700,31.877409,Delay-insensitive,4,7.0
253800,ZUmOui6VockU59FJ6QNjWb1BcFGQghqaHB46IvHQV0+xfUUlPESe4lSP+h4CVJ3c,0.243594,0.552822,0.974468,0,2591700,31.877409,Delay-insensitive,4,7.0
254100,ZUmOui6VockU59FJ6QNjWb1BcFGQghqaHB46IvHQV0+xfUUlPESe4lSP+h4CVJ3c,0.22799,0.5395220000000001,1.191094,0,2591700,31.877409,Delay-insensitive,4,7.0
254400,ZUmOui6VockU59FJ6QNjWb1BcFGQghqaHB46IvHQV0+xfUUlPESe4lSP+h4CVJ3c,0.24425,0.59565,1.666814,0,2591700,31.877409,Delay-insensitive,4,7.0
254700,ZUmOui6VockU59FJ6QNjWb1BcFGQghqaHB46IvHQV0+xfUUlPESe4lSP+h4CVJ3c,0.0931559999999999,0.542826,1.169297,0,2591700,31.877409,Delay-insensitive,4,7.0
255000,ZUmOui6VockU59FJ6QNjWb1BcFGQghqaHB46IvHQV0+xfUUlPESe4lSP+h4CVJ3c,0.264158,0.555307,0.961777,0,2591700,31.877409,Delay-insensitive,4,7.0
255300,ZUmOui6VockU59FJ6QNjWb1BcFGQghqaHB46IvHQV0+xfUUlPESe4lSP+h4CVJ3c,0.239452,0.6797310000000001,1.580619,0,2591700,31.877409,Delay-insensitive,4,7.0
255600,ZUmOui6VockU59FJ6QNjWb1BcFGQghqaHB46IvHQV0+xfUUlPESe4lSP+h4CVJ3c,0.276601,0.554146,0.992832,0,2591700,31.877409,Delay-insensitive,4,7.0
255900,ZUmOui6VockU59FJ6QNjWb1BcFGQghqaHB46IvHQV0+xfUUlPESe4lSP+h4CVJ3c,0.2361889999999999,0.541484,1.015598,0,2591700,31.877409,Delay-insensitive,4,7.0
256200,ZUmOui6VockU59FJ6QNjWb1BcFGQghqaHB46IvHQV0+xfUUlPESe4lSP+h4CVJ3c,0.284859,0.579213,1.03627,0,2591700,31.877409,Delay-insensitive,4,7.0
256500,ZUmOui6VockU59FJ6QNjWb1BcFGQghqaHB46IvHQV0+xfUUlPESe4lSP+h4CVJ3c,0.1962549999999999,2.92632,19.954878,0,2591700,31.877409,Delay-insensitive,4,7.0
256800,ZUmOui6VockU59FJ6QNjWb1BcFGQghqaHB46IvHQV0+xfUUlPESe4lSP+h4CVJ3c,0.24117,0.540397,0.957106,0,2591700,31.877409,Delay-insensitive,4,7.0
257100,ZUmOui6VockU59FJ6QNjWb1BcFGQghqaHB46IvHQV0+xfUUlPESe4lSP+h4CVJ3c,0.135411,0.566312,1.246332,0,2591700,31.877409,Delay-insensitive,4,7.0
257400,ZUmOui6VockU59FJ6QNjWb1BcFGQghqaHB46IvHQV0+xfUUlPESe4lSP+h4CVJ3c,0.166321,0.5042810000000001,1.16283,0,2591700,31.877409,Delay-insensitive,4,7.0
257700,ZUmOui6VockU59FJ6QNjWb1BcFGQghqaHB46IvHQV0+xfUUlPESe4lSP+h4CVJ3c,0.213133,0.4964909999999999,1.003499,0,2591700,31.877409,Delay-insensitive,4,7.0
258000,ZUmOui6VockU59FJ6QNjWb1BcFGQghqaHB46IvHQV0+xfUUlPESe4lSP+h4CVJ3c,0.063882,0.4972439999999999,1.128201,0,2591700,31.877409,Delay-insensitive,4,7.0
258300,ZUmOui6VockU59FJ6QNjWb1BcFGQghqaHB46IvHQV0+xfUUlPESe4lSP+h4CVJ3c,0.2237,0.528725,0.919127,0,2591700,31.877409,Delay-insensitive,4,7.0
258600,ZUmOui6VockU59FJ6QNjWb1BcFGQghqaHB46IvHQV0+xfUUlPESe4lSP+h4CVJ3c,0.200971,0.491275,0.8827290000000001,0,2591700,31.877409,Delay-insensitive,4,7.0
258900,ZUmOui6VockU59FJ6QNjWb1BcFGQghqaHB46IvHQV0+xfUUlPESe4lSP+h4CVJ3c,0.262053,0.5246850000000001,1.167822,0,2591700,31.877409,Delay-insensitive,4,7.0
259200,ZUmOui6VockU59FJ6QNjWb1BcFGQghqaHB46IvHQV0+xfUUlPESe4lSP+h4CVJ3c,0.137553,0.499278,1.131007,0,2591700,31.877409,Delay-insensitive,4,7.0
259500,ZUmOui6VockU59FJ6QNjWb1BcFGQghqaHB46IvHQV0+xfUUlPESe4lSP+h4CVJ3c,0.245725,0.523895,1.155429,0,2591700,31.877409,Delay-insensitive,4,7.0
259800,ZUmOui6VockU59FJ6QNjWb1BcFGQghqaHB46IvHQV0+xfUUlPESe4lSP+h4CVJ3c,0.208287,0.510624,1.19371,0,2591700,31.877409,Delay-insensitive,4,7.0
260100,ZUmOui6VockU59FJ6QNjWb1BcFGQghqaHB46IvHQV0+xfUUlPESe4lSP+h4CVJ3c,0.08845,1.6481009999999998,16.958644,0,2591700,31.877409,Delay-insensitive,4,7.0
260400,ZUmOui6VockU59FJ6QNjWb1BcFGQghqaHB46IvHQV0+xfUUlPESe4lSP+h4CVJ3c,0.205786,1.07257,13.656841,0,2591700,31.877409,Delay-insensitive,4,7.0
260700,ZUmOui6VockU59FJ6QNjWb1BcFGQghqaHB46IvHQV0+xfUUlPESe4lSP+h4CVJ3c,0.235882,0.560459,1.493943,0,2591700,31.877409,Delay-insensitive,4,7.0
261000,ZUmOui6VockU59FJ6QNjWb1BcFGQghqaHB46IvHQV0+xfUUlPESe4lSP+h4CVJ3c,0.237906,0.534664,1.2008219999999998,0,2591700,31.877409,Delay-insensitive,4,7.0
261300,ZUmOui6VockU59FJ6QNjWb1BcFGQghqaHB46IvHQV0+xfUUlPESe4lSP+h4CVJ3c,0.093003,0.491564,0.905023,0,2591700,31.877409,Delay-insensitive,4,7.0
261600,ZUmOui6VockU59FJ6QNjWb1BcFGQghqaHB46IvHQV0+xfUUlPESe4lSP+h4CVJ3c,0.172716,0.558137,1.234298,0,2591700,31.877409,Delay-insensitive,4,7.0
261900,ZUmOui6VockU59FJ6QNjWb1BcFGQghqaHB46IvHQV0+xfUUlPESe4lSP+h4CVJ3c,0.103615,0.544275,1.1253959999999998,0,2591700,31.877409,Delay-insensitive,4,7.0
262200,ZUmOui6VockU59FJ6QNjWb1BcFGQghqaHB46IvHQV0+xfUUlPESe4lSP+h4CVJ3c,0.254598,0.598445,1.332353,0,2591700,31.877409,Delay-insensitive,4,7.0
262500,ZUmOui6VockU59FJ6QNjWb1BcFGQghqaHB46IvHQV0+xfUUlPESe4lSP+h4CVJ3c,0.087768,0.53773,1.491474,0,2591700,31.877409,Delay-insensitive,4,7.0
262800,ZUmOui6VockU59FJ6QNjWb1BcFGQghqaHB46IvHQV0+xfUUlPESe4lSP+h4CVJ3c,0.09176,0.566179,1.202306,0,2591700,31.877409,Delay-insensitive,4,7.0
263100,ZUmOui6VockU59FJ6QNjWb1BcFGQghqaHB46IvHQV0+xfUUlPESe4lSP+h4CVJ3c,0.293523,0.567696,1.104726,0,2591700,31.877409,Delay-insensitive,4,7.0
263400,ZUmOui6VockU59FJ6QNjWb1BcFGQghqaHB46IvHQV0+xfUUlPESe4lSP+h4CVJ3c,0.169093,0.57494,1.290094,0,2591700,31.877409,Delay-insensitive,4,7.0
263700,ZUmOui6VockU59FJ6QNjWb1BcFGQghqaHB46IvHQV0+xfUUlPESe4lSP+h4CVJ3c,0.263254,0.585188,1.230353,0,2591700,31.877409,Delay-insensitive,4,7.0
264000,ZUmOui6VockU59FJ6QNjWb1BcFGQghqaHB46IvHQV0+xfUUlPESe4lSP+h4CVJ3c,0.240934,2.930542,23.275942,0,2591700,31.877409,Delay-insensitive,4,7.0
264300,ZUmOui6VockU59FJ6QNjWb1BcFGQghqaHB46IvHQV0+xfUUlPESe4lSP+h4CVJ3c,0.220167,0.56181,1.192553,0,2591700,31.877409,Delay-insensitive,4,7.0
264600,ZUmOui6VockU59FJ6QNjWb1BcFGQghqaHB46IvHQV0+xfUUlPESe4lSP+h4CVJ3c,0.120157,0.659936,2.220896,0,2591700,31.877409,Delay-insensitive,4,7.0
264900,ZUmOui6VockU59FJ6QNjWb1BcFGQghqaHB46IvHQV0+xfUUlPESe4lSP+h4CVJ3c,0.289277,0.554299,0.983676,0,2591700,31.877409,Delay-insensitive,4,7.0
265200,ZUmOui6VockU59FJ6QNjWb1BcFGQghqaHB46IvHQV0+xfUUlPESe4lSP+h4CVJ3c,0.170336,1.6602400000000002,6.090072,0,2591700,31.877409,Delay-insensitive,4,7.0
265500,ZUmOui6VockU59FJ6QNjWb1BcFGQghqaHB46IvHQV0+xfUUlPESe4lSP+h4CVJ3c,0.089073,0.510983,1.013258,0,2591700,31.877409,Delay-insensitive,4,7.0
265800,ZUmOui6VockU59FJ6QNjWb1BcFGQghqaHB46IvHQV0+xfUUlPESe4lSP+h4CVJ3c,0.253582,0.5802970000000001,1.099381,0,2591700,31.877409,Delay-insensitive,4,7.0
266100,ZUmOui6VockU59FJ6QNjWb1BcFGQghqaHB46IvHQV0+xfUUlPESe4lSP+h4CVJ3c,0.14868,0.52746,1.251895,0,2591700,31.877409,Delay-insensitive,4,7.0
266400,ZUmOui6VockU59FJ6QNjWb1BcFGQghqaHB46IvHQV0+xfUUlPESe4lSP+h4CVJ3c,0.243157,0.549254,1.0834549999999998,0,2591700,31.877409,Delay-insensitive,4,7.0
266700,ZUmOui6VockU59FJ6QNjWb1BcFGQghqaHB46IvHQV0+xfUUlPESe4lSP+h4CVJ3c,0.322478,0.5422680000000001,1.18453,0,2591700,31.877409,Delay-insensitive,4,7.0
267000,ZUmOui6VockU59FJ6QNjWb1BcFGQghqaHB46IvHQV0+xfUUlPESe4lSP+h4CVJ3c,0.25769,0.570178,1.364619,0,2591700,31.877409,Delay-insensitive,4,7.0
267300,ZUmOui6VockU59FJ6QNjWb1BcFGQghqaHB46IvHQV0+xfUUlPESe4lSP+h4CVJ3c,0.251236,0.540388,1.054054,0,2591700,31.877409,Delay-insensitive,4,7.0
267600,ZUmOui6VockU59FJ6QNjWb1BcFGQghqaHB46IvHQV0+xfUUlPESe4lSP+h4CVJ3c,0.307534,2.9409810000000003,27.029643,0,2591700,31.877409,Delay-insensitive,4,7.0
267900,ZUmOui6VockU59FJ6QNjWb1BcFGQghqaHB46IvHQV0+xfUUlPESe4lSP+h4CVJ3c,0.161463,0.4928229999999999,1.069081,0,2591700,31.877409,Delay-insensitive,4,7.0
268200,ZUmOui6VockU59FJ6QNjWb1BcFGQghqaHB46IvHQV0+xfUUlPESe4lSP+h4CVJ3c,0.175213,0.667797,3.162193,0,2591700,31.877409,Delay-insensitive,4,7.0
268500,ZUmOui6VockU59FJ6QNjWb1BcFGQghqaHB46IvHQV0+xfUUlPESe4lSP+h4CVJ3c,0.2189719999999999,0.553502,1.092604,0,2591700,31.877409,Delay-insensitive,4,7.0
268800,ZUmOui6VockU59FJ6QNjWb1BcFGQghqaHB46IvHQV0+xfUUlPESe4lSP+h4CVJ3c,0.106218,0.572471,1.267054,0,2591700,31.877409,Delay-insensitive,4,7.0
269100,ZUmOui6VockU59FJ6QNjWb1BcFGQghqaHB46IvHQV0+xfUUlPESe4lSP+h4CVJ3c,0.27864,0.624981,1.414317,0,2591700,31.877409,Delay-insensitive,4,7.0
269400,ZUmOui6VockU59FJ6QNjWb1BcFGQghqaHB46IvHQV0+xfUUlPESe4lSP+h4CVJ3c,0.246915,0.550118,1.293857,0,2591700,31.877409,Delay-insensitive,4,7.0
269700,ZUmOui6VockU59FJ6QNjWb1BcFGQghqaHB46IvHQV0+xfUUlPESe4lSP+h4CVJ3c,0.188247,0.627533,1.5713549999999998,0,2591700,31.877409,Delay-insensitive,4,7.0
270000,ZUmOui6VockU59FJ6QNjWb1BcFGQghqaHB46IvHQV0+xfUUlPESe4lSP+h4CVJ3c,0.165211,0.5834779999999999,1.303819,0,2591700,31.877409,Delay-insensitive,4,7.0
270300,ZUmOui6VockU59FJ6QNjWb1BcFGQghqaHB46IvHQV0+xfUUlPESe4lSP+h4CVJ3c,0.263115,0.600212,1.074052,0,2591700,31.877409,Delay-insensitive,4,7.0
270600,ZUmOui6VockU59FJ6QNjWb1BcFGQghqaHB46IvHQV0+xfUUlPESe4lSP+h4CVJ3c,0.158858,0.586252,1.2273459999999998,0,2591700,31.877409,Delay-insensitive,4,7.0
270900,ZUmOui6VockU59FJ6QNjWb1BcFGQghqaHB46IvHQV0+xfUUlPESe4lSP+h4CVJ3c,0.138126,0.562277,1.11612,0,2591700,31.877409,Delay-insensitive,4,7.0
271200,ZUmOui6VockU59FJ6QNjWb1BcFGQghqaHB46IvHQV0+xfUUlPESe4lSP+h4CVJ3c,0.2722159999999999,2.303269,28.525998,0,2591700,31.877409,Delay-insensitive,4,7.0
271500,ZUmOui6VockU59FJ6QNjWb1BcFGQghqaHB46IvHQV0+xfUUlPESe4lSP+h4CVJ3c,0.251278,1.31908,13.655914,0,2591700,31.877409,Delay-insensitive,4,7.0
271800,ZUmOui6VockU59FJ6QNjWb1BcFGQghqaHB46IvHQV0+xfUUlPESe4lSP+h4CVJ3c,0.211086,0.7217779999999999,4.59443,0,2591700,31.877409,Delay-insensitive,4,7.0
272100,ZUmOui6VockU59FJ6QNjWb1BcFGQghqaHB46IvHQV0+xfUUlPESe4lSP+h4CVJ3c,0.2715329999999999,0.6721060000000001,1.76817,0,2591700,31.877409,Delay-insensitive,4,7.0
272400,ZUmOui6VockU59FJ6QNjWb1BcFGQghqaHB46IvHQV0+xfUUlPESe4lSP+h4CVJ3c,0.2979449999999999,0.614484,1.054872,0,2591700,31.877409,Delay-insensitive,4,7.0
272700,ZUmOui6VockU59FJ6QNjWb1BcFGQghqaHB46IvHQV0+xfUUlPESe4lSP+h4CVJ3c,0.147204,0.665884,2.193499,0,2591700,31.877409,Delay-insensitive,4,7.0
273000,ZUmOui6VockU59FJ6QNjWb1BcFGQghqaHB46IvHQV0+xfUUlPESe4lSP+h4CVJ3c,0.314586,0.6007600000000001,1.104598,0,2591700,31.877409,Delay-insensitive,4,7.0
273300,ZUmOui6VockU59FJ6QNjWb1BcFGQghqaHB46IvHQV0+xfUUlPESe4lSP+h4CVJ3c,0.115713,0.579387,1.535714,0,2591700,31.877409,Delay-insensitive,4,7.0
273600,ZUmOui6VockU59FJ6QNjWb1BcFGQghqaHB46IvHQV0+xfUUlPESe4lSP+h4CVJ3c,0.199499,0.614084,2.107359,0,2591700,31.877409,Delay-insensitive,4,7.0
273900,ZUmOui6VockU59FJ6QNjWb1BcFGQghqaHB46IvHQV0+xfUUlPESe4lSP+h4CVJ3c,0.252499,0.657572,1.514309,0,2591700,31.877409,Delay-insensitive,4,7.0
274200,ZUmOui6VockU59FJ6QNjWb1BcFGQghqaHB46IvHQV0+xfUUlPESe4lSP+h4CVJ3c,0.062941,0.71723,1.2475379999999998,0,2591700,31.877409,Delay-insensitive,4,7.0
274500,ZUmOui6VockU59FJ6QNjWb1BcFGQghqaHB46IvHQV0+xfUUlPESe4lSP+h4CVJ3c,0.265963,0.722377,1.338627,0,2591700,31.877409,Delay-insensitive,4,7.0
274800,ZUmOui6VockU59FJ6QNjWb1BcFGQghqaHB46IvHQV0+xfUUlPESe4lSP+h4CVJ3c,0.191063,0.735759,1.566338,0,2591700,31.877409,Delay-insensitive,4,7.0
275100,ZUmOui6VockU59FJ6QNjWb1BcFGQghqaHB46IvHQV0+xfUUlPESe4lSP+h4CVJ3c,0.2788989999999999,3.261384,26.465731,0,2591700,31.877409,Delay-insensitive,4,7.0
275400,ZUmOui6VockU59FJ6QNjWb1BcFGQghqaHB46IvHQV0+xfUUlPESe4lSP+h4CVJ3c,0.247959,0.645724,1.978439,0,2591700,31.877409,Delay-insensitive,4,7.0
275700,ZUmOui6VockU59FJ6QNjWb1BcFGQghqaHB46IvHQV0+xfUUlPESe4lSP+h4CVJ3c,0.29033,0.936241,1.667503,0,2591700,31.877409,Delay-insensitive,4,7.0
276000,ZUmOui6VockU59FJ6QNjWb1BcFGQghqaHB46IvHQV0+xfUUlPESe4lSP+h4CVJ3c,0.090858,0.966909,3.102202,0,2591700,31.877409,Delay-insensitive,4,7.0
276300,ZUmOui6VockU59FJ6QNjWb1BcFGQghqaHB46IvHQV0+xfUUlPESe4lSP+h4CVJ3c,0.118963,0.831781,1.608282,0,2591700,31.877409,Delay-insensitive,4,7.0
276600,ZUmOui6VockU59FJ6QNjWb1BcFGQghqaHB46IvHQV0+xfUUlPESe4lSP+h4CVJ3c,0.2460719999999999,0.877545,1.693432,0,2591700,31.877409,Delay-insensitive,4,7.0
276900,ZUmOui6VockU59FJ6QNjWb1BcFGQghqaHB46IvHQV0+xfUUlPESe4lSP+h4CVJ3c,0.230184,1.299968,11.277985,0,2591700,31.877409,Delay-insensitive,4,7.0
277200,ZUmOui6VockU59FJ6QNjWb1BcFGQghqaHB46IvHQV0+xfUUlPESe4lSP+h4CVJ3c,0.265155,0.696446,1.464417,0,2591700,31.877409,Delay-insensitive,4,7.0
277500,ZUmOui6VockU59FJ6QNjWb1BcFGQghqaHB46IvHQV0+xfUUlPESe4lSP+h4CVJ3c,0.2926,1.236379,11.581601,0,2591700,31.877409,Delay-insensitive,4,7.0
277800,ZUmOui6VockU59FJ6QNjWb1BcFGQghqaHB46IvHQV0+xfUUlPESe4lSP+h4CVJ3c,0.301908,0.781238,1.381769,0,2591700,31.877409,Delay-insensitive,4,7.0
278100,ZUmOui6VockU59FJ6QNjWb1BcFGQghqaHB46IvHQV0+xfUUlPESe4lSP+h4CVJ3c,0.23224,0.74561,2.781737,0,2591700,31.877409,Delay-insensitive,4,7.0
278400,ZUmOui6VockU59FJ6QNjWb1BcFGQghqaHB46IvHQV0+xfUUlPESe4lSP+h4CVJ3c,0.309222,0.75842,1.319743,0,2591700,31.877409,Delay-insensitive,4,7.0
278700,ZUmOui6VockU59FJ6QNjWb1BcFGQghqaHB46IvHQV0+xfUUlPESe4lSP+h4CVJ3c,0.1955589999999999,3.134728,18.731559,0,2591700,31.877409,Delay-insensitive,4,7.0
279000,ZUmOui6VockU59FJ6QNjWb1BcFGQghqaHB46IvHQV0+xfUUlPESe4lSP+h4CVJ3c,0.331991,0.66901,1.942978,0,2591700,31.877409,Delay-insensitive,4,7.0
279300,ZUmOui6VockU59FJ6QNjWb1BcFGQghqaHB46IvHQV0+xfUUlPESe4lSP+h4CVJ3c,0.333878,0.6549729999999999,1.32729,0,2591700,31.877409,Delay-insensitive,4,7.0
279600,ZUmOui6VockU59FJ6QNjWb1BcFGQghqaHB46IvHQV0+xfUUlPESe4lSP+h4CVJ3c,0.327503,0.8331790000000001,2.527573,0,2591700,31.877409,Delay-insensitive,4,7.0
279900,ZUmOui6VockU59FJ6QNjWb1BcFGQghqaHB46IvHQV0+xfUUlPESe4lSP+h4CVJ3c,0.355786,0.7646689999999999,1.6999959999999998,0,2591700,31.877409,Delay-insensitive,4,7.0
280200,ZUmOui6VockU59FJ6QNjWb1BcFGQghqaHB46IvHQV0+xfUUlPESe4lSP+h4CVJ3c,0.2665389999999999,0.792253,1.895188,0,2591700,31.877409,Delay-insensitive,4,7.0
280500,ZUmOui6VockU59FJ6QNjWb1BcFGQghqaHB46IvHQV0+xfUUlPESe4lSP+h4CVJ3c,0.399177,21.846199,88.57868,0,2591700,31.877409,Delay-insensitive,4,7.0
280800,ZUmOui6VockU59FJ6QNjWb1BcFGQghqaHB46IvHQV0+xfUUlPESe4lSP+h4CVJ3c,1.225655,25.788703,99.304692,0,2591700,31.877409,Delay-insensitive,4,7.0
281100,ZUmOui6VockU59FJ6QNjWb1BcFGQghqaHB46IvHQV0+xfUUlPESe4lSP+h4CVJ3c,0.344673,8.189669,76.99566800000001,0,2591700,31.877409,Delay-insensitive,4,7.0
281400,ZUmOui6VockU59FJ6QNjWb1BcFGQghqaHB46IvHQV0+xfUUlPESe4lSP+h4CVJ3c,0.356044,0.986722,5.5868660000000006,0,2591700,31.877409,Delay-insensitive,4,7.0
281700,ZUmOui6VockU59FJ6QNjWb1BcFGQghqaHB46IvHQV0+xfUUlPESe4lSP+h4CVJ3c,0.051524,0.714213,1.6965720000000002,0,2591700,31.877409,Delay-insensitive,4,7.0
282000,ZUmOui6VockU59FJ6QNjWb1BcFGQghqaHB46IvHQV0+xfUUlPESe4lSP+h4CVJ3c,0.286518,0.6753170000000001,1.191449,0,2591700,31.877409,Delay-insensitive,4,7.0
282300,ZUmOui6VockU59FJ6QNjWb1BcFGQghqaHB46IvHQV0+xfUUlPESe4lSP+h4CVJ3c,0.103598,2.539789,22.909457,0,2591700,31.877409,Delay-insensitive,4,7.0
282600,ZUmOui6VockU59FJ6QNjWb1BcFGQghqaHB46IvHQV0+xfUUlPESe4lSP+h4CVJ3c,0.250868,1.053065,16.621468,0,2591700,31.877409,Delay-insensitive,4,7.0
282900,ZUmOui6VockU59FJ6QNjWb1BcFGQghqaHB46IvHQV0+xfUUlPESe4lSP+h4CVJ3c,0.075277,0.652356,1.325854,0,2591700,31.877409,Delay-insensitive,4,7.0
283200,ZUmOui6VockU59FJ6QNjWb1BcFGQghqaHB46IvHQV0+xfUUlPESe4lSP+h4CVJ3c,0.310799,0.717306,1.235364,0,2591700,31.877409,Delay-insensitive,4,7.0
283500,ZUmOui6VockU59FJ6QNjWb1BcFGQghqaHB46IvHQV0+xfUUlPESe4lSP+h4CVJ3c,0.070293,0.5861310000000001,1.376522,0,2591700,31.877409,Delay-insensitive,4,7.0
283800,ZUmOui6VockU59FJ6QNjWb1BcFGQghqaHB46IvHQV0+xfUUlPESe4lSP+h4CVJ3c,0.299959,0.671301,1.154576,0,2591700,31.877409,Delay-insensitive,4,7.0
284100,ZUmOui6VockU59FJ6QNjWb1BcFGQghqaHB46IvHQV0+xfUUlPESe4lSP+h4CVJ3c,0.1174019999999999,0.620732,1.346115,0,2591700,31.877409,Delay-insensitive,4,7.0
284400,ZUmOui6VockU59FJ6QNjWb1BcFGQghqaHB46IvHQV0+xfUUlPESe4lSP+h4CVJ3c,0.29023,0.615938,1.70364,0,2591700,31.877409,Delay-insensitive,4,7.0
284700,ZUmOui6VockU59FJ6QNjWb1BcFGQghqaHB46IvHQV0+xfUUlPESe4lSP+h4CVJ3c,0.154407,0.594116,1.098614,0,2591700,31.877409,Delay-insensitive,4,7.0
285000,ZUmOui6VockU59FJ6QNjWb1BcFGQghqaHB46IvHQV0+xfUUlPESe4lSP+h4CVJ3c,0.082595,0.629545,1.296153,0,2591700,31.877409,Delay-insensitive,4,7.0
285300,ZUmOui6VockU59FJ6QNjWb1BcFGQghqaHB46IvHQV0+xfUUlPESe4lSP+h4CVJ3c,0.290288,0.634885,1.288717,0,2591700,31.877409,Delay-insensitive,4,7.0
285600,ZUmOui6VockU59FJ6QNjWb1BcFGQghqaHB46IvHQV0+xfUUlPESe4lSP+h4CVJ3c,0.203192,0.632625,1.294982,0,2591700,31.877409,Delay-insensitive,4,7.0
285900,ZUmOui6VockU59FJ6QNjWb1BcFGQghqaHB46IvHQV0+xfUUlPESe4lSP+h4CVJ3c,0.234972,0.628332,1.051519,0,2591700,31.877409,Delay-insensitive,4,7.0
286200,ZUmOui6VockU59FJ6QNjWb1BcFGQghqaHB46IvHQV0+xfUUlPESe4lSP+h4CVJ3c,0.095599,3.0218830000000003,32.139423,0,2591700,31.877409,Delay-insensitive,4,7.0
286500,ZUmOui6VockU59FJ6QNjWb1BcFGQghqaHB46IvHQV0+xfUUlPESe4lSP+h4CVJ3c,0.2832429999999999,0.67648,1.362945,0,2591700,31.877409,Delay-insensitive,4,7.0
286800,ZUmOui6VockU59FJ6QNjWb1BcFGQghqaHB46IvHQV0+xfUUlPESe4lSP+h4CVJ3c,0.15449,0.6013729999999999,1.123802,0,2591700,31.877409,Delay-insensitive,4,7.0
287100,ZUmOui6VockU59FJ6QNjWb1BcFGQghqaHB46IvHQV0+xfUUlPESe4lSP+h4CVJ3c,0.288388,0.643579,1.450501,0,2591700,31.877409,Delay-insensitive,4,7.0
287400,ZUmOui6VockU59FJ6QNjWb1BcFGQghqaHB46IvHQV0+xfUUlPESe4lSP+h4CVJ3c,0.33175,0.641798,1.227379,0,2591700,31.877409,Delay-insensitive,4,7.0
287700,ZUmOui6VockU59FJ6QNjWb1BcFGQghqaHB46IvHQV0+xfUUlPESe4lSP+h4CVJ3c,0.14062,0.644976,1.31227,0,2591700,31.877409,Delay-insensitive,4,7.0
288000,ZUmOui6VockU59FJ6QNjWb1BcFGQghqaHB46IvHQV0+xfUUlPESe4lSP+h4CVJ3c,0.233079,0.6676380000000001,1.952739,0,2591700,31.877409,Delay-insensitive,4,7.0
288300,ZUmOui6VockU59FJ6QNjWb1BcFGQghqaHB46IvHQV0+xfUUlPESe4lSP+h4CVJ3c,0.077808,0.6039399999999999,1.160179,0,2591700,31.877409,Delay-insensitive,4,7.0
288600,ZUmOui6VockU59FJ6QNjWb1BcFGQghqaHB46IvHQV0+xfUUlPESe4lSP+h4CVJ3c,0.255984,0.699864,1.347006,0,2591700,31.877409,Delay-insensitive,4,7.0
288900,ZUmOui6VockU59FJ6QNjWb1BcFGQghqaHB46IvHQV0+xfUUlPESe4lSP+h4CVJ3c,0.099178,0.616113,1.224417,0,2591700,31.877409,Delay-insensitive,4,7.0
289200,ZUmOui6VockU59FJ6QNjWb1BcFGQghqaHB46IvHQV0+xfUUlPESe4lSP+h4CVJ3c,0.2477239999999999,0.72267,1.359819,0,2591700,31.877409,Delay-insensitive,4,7.0
289500,ZUmOui6VockU59FJ6QNjWb1BcFGQghqaHB46IvHQV0+xfUUlPESe4lSP+h4CVJ3c,0.2570429999999999,0.6952729999999999,1.367793,0,2591700,31.877409,Delay-insensitive,4,7.0
289800,ZUmOui6VockU59FJ6QNjWb1BcFGQghqaHB46IvHQV0+xfUUlPESe4lSP+h4CVJ3c,0.277046,3.0975740000000003,40.607505,0,2591700,31.877409,Delay-insensitive,4,7.0
290100,ZUmOui6VockU59FJ6QNjWb1BcFGQghqaHB46IvHQV0+xfUUlPESe4lSP+h4CVJ3c,0.130095,0.732418,1.524258,0,2591700,31.877409,Delay-insensitive,4,7.0
290400,ZUmOui6VockU59FJ6QNjWb1BcFGQghqaHB46IvHQV0+xfUUlPESe4lSP+h4CVJ3c,0.091473,0.697923,1.613681,0,2591700,31.877409,Delay-insensitive,4,7.0
290700,ZUmOui6VockU59FJ6QNjWb1BcFGQghqaHB46IvHQV0+xfUUlPESe4lSP+h4CVJ3c,0.25942,0.699923,1.382901,0,2591700,31.877409,Delay-insensitive,4,7.0
291000,ZUmOui6VockU59FJ6QNjWb1BcFGQghqaHB46IvHQV0+xfUUlPESe4lSP+h4CVJ3c,0.143281,0.72721,1.503671,0,2591700,31.877409,Delay-insensitive,4,7.0
291300,ZUmOui6VockU59FJ6QNjWb1BcFGQghqaHB46IvHQV0+xfUUlPESe4lSP+h4CVJ3c,0.230165,0.746905,1.642108,0,2591700,31.877409,Delay-insensitive,4,7.0
291600,ZUmOui6VockU59FJ6QNjWb1BcFGQghqaHB46IvHQV0+xfUUlPESe4lSP+h4CVJ3c,0.2116719999999999,0.669404,1.257515,0,2591700,31.877409,Delay-insensitive,4,7.0
291900,ZUmOui6VockU59FJ6QNjWb1BcFGQghqaHB46IvHQV0+xfUUlPESe4lSP+h4CVJ3c,0.284206,0.785338,1.547268,0,2591700,31.877409,Delay-insensitive,4,7.0
292200,ZUmOui6VockU59FJ6QNjWb1BcFGQghqaHB46IvHQV0+xfUUlPESe4lSP+h4CVJ3c,0.2251119999999999,0.878307,1.989272,0,2591700,31.877409,Delay-insensitive,4,7.0
292500,ZUmOui6VockU59FJ6QNjWb1BcFGQghqaHB46IvHQV0+xfUUlPESe4lSP+h4CVJ3c,0.3603099999999999,0.786733,1.538845,0,2591700,31.877409,Delay-insensitive,4,7.0
292800,ZUmOui6VockU59FJ6QNjWb1BcFGQghqaHB46IvHQV0+xfUUlPESe4lSP+h4CVJ3c,0.107235,1.021842,3.380736,0,2591700,31.877409,Delay-insensitive,4,7.0
293100,ZUmOui6VockU59FJ6QNjWb1BcFGQghqaHB46IvHQV0+xfUUlPESe4lSP+h4CVJ3c,0.179232,0.871916,1.763901,0,2591700,31.877409,Delay-insensitive,4,7.0
293400,ZUmOui6VockU59FJ6QNjWb1BcFGQghqaHB46IvHQV0+xfUUlPESe4lSP+h4CVJ3c,0.502332,9.492239,92.027003,0,2591700,31.877409,Delay-insensitive,4,7.0
293700,ZUmOui6VockU59FJ6QNjWb1BcFGQghqaHB46IvHQV0+xfUUlPESe4lSP+h4CVJ3c,0.208982,26.199648,98.487901,0,2591700,31.877409,Delay-insensitive,4,7.0
294000,ZUmOui6VockU59FJ6QNjWb1BcFGQghqaHB46IvHQV0+xfUUlPESe4lSP+h4CVJ3c,0.773988,23.83103,88.952943,0,2591700,31.877409,Delay-insensitive,4,7.0
294300,ZUmOui6VockU59FJ6QNjWb1BcFGQghqaHB46IvHQV0+xfUUlPESe4lSP+h4CVJ3c,0.097064,0.946885,1.942868,0,2591700,31.877409,Delay-insensitive,4,7.0
294600,ZUmOui6VockU59FJ6QNjWb1BcFGQghqaHB46IvHQV0+xfUUlPESe4lSP+h4CVJ3c,0.479901,1.090897,2.255125,0,2591700,31.877409,Delay-insensitive,4,7.0
294900,ZUmOui6VockU59FJ6QNjWb1BcFGQghqaHB46IvHQV0+xfUUlPESe4lSP+h4CVJ3c,0.4135529999999999,1.110986,3.425299,0,2591700,31.877409,Delay-insensitive,4,7.0
295200,ZUmOui6VockU59FJ6QNjWb1BcFGQghqaHB46IvHQV0+xfUUlPESe4lSP+h4CVJ3c,0.35775,0.977656,2.2500150000000003,0,2591700,31.877409,Delay-insensitive,4,7.0
295500,ZUmOui6VockU59FJ6QNjWb1BcFGQghqaHB46IvHQV0+xfUUlPESe4lSP+h4CVJ3c,0.338409,0.937604,2.019514,0,2591700,31.877409,Delay-insensitive,4,7.0
295800,ZUmOui6VockU59FJ6QNjWb1BcFGQghqaHB46IvHQV0+xfUUlPESe4lSP+h4CVJ3c,0.089209,0.8941030000000001,1.962405,0,2591700,31.877409,Delay-insensitive,4,7.0
296100,ZUmOui6VockU59FJ6QNjWb1BcFGQghqaHB46IvHQV0+xfUUlPESe4lSP+h4CVJ3c,0.296475,0.907076,2.069336,0,2591700,31.877409,Delay-insensitive,4,7.0
296400,ZUmOui6VockU59FJ6QNjWb1BcFGQghqaHB46IvHQV0+xfUUlPESe4lSP+h4CVJ3c,0.192092,0.8340709999999999,1.989004,0,2591700,31.877409,Delay-insensitive,4,7.0
296700,ZUmOui6VockU59FJ6QNjWb1BcFGQghqaHB46IvHQV0+xfUUlPESe4lSP+h4CVJ3c,0.426276,0.91021,1.847109,0,2591700,31.877409,Delay-insensitive,4,7.0
297000,ZUmOui6VockU59FJ6QNjWb1BcFGQghqaHB46IvHQV0+xfUUlPESe4lSP+h4CVJ3c,0.079513,3.3380660000000004,34.756671000000004,0,2591700,31.877409,Delay-insensitive,4,7.0
297300,ZUmOui6VockU59FJ6QNjWb1BcFGQghqaHB46IvHQV0+xfUUlPESe4lSP+h4CVJ3c,0.330048,0.905553,1.827324,0,2591700,31.877409,Delay-insensitive,4,7.0
297600,ZUmOui6VockU59FJ6QNjWb1BcFGQghqaHB46IvHQV0+xfUUlPESe4lSP+h4CVJ3c,0.22313,0.860402,1.625967,0,2591700,31.877409,Delay-insensitive,4,7.0
297900,ZUmOui6VockU59FJ6QNjWb1BcFGQghqaHB46IvHQV0+xfUUlPESe4lSP+h4CVJ3c,0.2505679999999999,0.866343,1.777218,0,2591700,31.877409,Delay-insensitive,4,7.0
298200,ZUmOui6VockU59FJ6QNjWb1BcFGQghqaHB46IvHQV0+xfUUlPESe4lSP+h4CVJ3c,0.202142,0.820416,1.7309720000000002,0,2591700,31.877409,Delay-insensitive,4,7.0
298500,ZUmOui6VockU59FJ6QNjWb1BcFGQghqaHB46IvHQV0+xfUUlPESe4lSP+h4CVJ3c,0.0693039999999999,0.865516,1.7124970000000002,0,2591700,31.877409,Delay-insensitive,4,7.0
298800,ZUmOui6VockU59FJ6QNjWb1BcFGQghqaHB46IvHQV0+xfUUlPESe4lSP+h4CVJ3c,0.3609179999999999,0.800516,1.720027,0,2591700,31.877409,Delay-insensitive,4,7.0
299100,ZUmOui6VockU59FJ6QNjWb1BcFGQghqaHB46IvHQV0+xfUUlPESe4lSP+h4CVJ3c,0.180292,0.790694,1.751273,0,2591700,31.877409,Delay-insensitive,4,7.0
299400,ZUmOui6VockU59FJ6QNjWb1BcFGQghqaHB46IvHQV0+xfUUlPESe4lSP+h4CVJ3c,0.29753,0.803768,1.794343,0,2591700,31.877409,Delay-insensitive,4,7.0
299700,ZUmOui6VockU59FJ6QNjWb1BcFGQghqaHB46IvHQV0+xfUUlPESe4lSP+h4CVJ3c,0.108493,0.681923,1.298022,0,2591700,31.877409,Delay-insensitive,4,7.0
300000,ZUmOui6VockU59FJ6QNjWb1BcFGQghqaHB46IvHQV0+xfUUlPESe4lSP+h4CVJ3c,0.361847,0.804755,1.630645,0,2591700,31.877409,Delay-insensitive,4,7.0
300300,ZUmOui6VockU59FJ6QNjWb1BcFGQghqaHB46IvHQV0+xfUUlPESe4lSP+h4CVJ3c,0.351799,0.817866,2.3486830000000003,0,2591700,31.877409,Delay-insensitive,4,7.0
300600,ZUmOui6VockU59FJ6QNjWb1BcFGQghqaHB46IvHQV0+xfUUlPESe4lSP+h4CVJ3c,0.34337,1.531048,15.638226,0,2591700,31.877409,Delay-insensitive,4,7.0
300900,ZUmOui6VockU59FJ6QNjWb1BcFGQghqaHB46IvHQV0+xfUUlPESe4lSP+h4CVJ3c,0.324126,3.135129,70.597052,0,2591700,31.877409,Delay-insensitive,4,7.0
301200,ZUmOui6VockU59FJ6QNjWb1BcFGQghqaHB46IvHQV0+xfUUlPESe4lSP+h4CVJ3c,0.141338,0.715557,1.465827,0,2591700,31.877409,Delay-insensitive,4,7.0
301500,ZUmOui6VockU59FJ6QNjWb1BcFGQghqaHB46IvHQV0+xfUUlPESe4lSP+h4CVJ3c,0.243113,0.637257,1.349622,0,2591700,31.877409,Delay-insensitive,4,7.0
301800,ZUmOui6VockU59FJ6QNjWb1BcFGQghqaHB46IvHQV0+xfUUlPESe4lSP+h4CVJ3c,0.243502,0.678235,1.373056,0,2591700,31.877409,Delay-insensitive,4,7.0
302100,ZUmOui6VockU59FJ6QNjWb1BcFGQghqaHB46IvHQV0+xfUUlPESe4lSP+h4CVJ3c,0.256522,0.631632,1.211763,0,2591700,31.877409,Delay-insensitive,4,7.0
302400,ZUmOui6VockU59FJ6QNjWb1BcFGQghqaHB46IvHQV0+xfUUlPESe4lSP+h4CVJ3c,0.0551539999999999,0.535145,1.016919,0,2591700,31.877409,Delay-insensitive,4,7.0
302700,ZUmOui6VockU59FJ6QNjWb1BcFGQghqaHB46IvHQV0+xfUUlPESe4lSP+h4CVJ3c,0.265054,0.604984,1.412801,0,2591700,31.877409,Delay-insensitive,4,7.0
303000,ZUmOui6VockU59FJ6QNjWb1BcFGQghqaHB46IvHQV0+xfUUlPESe4lSP+h4CVJ3c,0.263054,0.599874,1.348695,0,2591700,31.877409,Delay-insensitive,4,7.0
303300,ZUmOui6VockU59FJ6QNjWb1BcFGQghqaHB46IvHQV0+xfUUlPESe4lSP+h4CVJ3c,0.233982,0.618121,1.239181,0,2591700,31.877409,Delay-insensitive,4,7.0
303600,ZUmOui6VockU59FJ6QNjWb1BcFGQghqaHB46IvHQV0+xfUUlPESe4lSP+h4CVJ3c,0.200547,0.598079,1.1092,0,2591700,31.877409,Delay-insensitive,4,7.0
303900,ZUmOui6VockU59FJ6QNjWb1BcFGQghqaHB46IvHQV0+xfUUlPESe4lSP+h4CVJ3c,0.067989,1.70972,16.892431,0,2591700,31.877409,Delay-insensitive,4,7.0
304200,ZUmOui6VockU59FJ6QNjWb1BcFGQghqaHB46IvHQV0+xfUUlPESe4lSP+h4CVJ3c,0.264277,0.8317120000000001,1.584753,0,2591700,31.877409,Delay-insensitive,4,7.0
304500,ZUmOui6VockU59FJ6QNjWb1BcFGQghqaHB46IvHQV0+xfUUlPESe4lSP+h4CVJ3c,0.1887349999999999,3.5162940000000003,33.231283000000005,0,2591700,31.877409,Delay-insensitive,4,7.0
304800,ZUmOui6VockU59FJ6QNjWb1BcFGQghqaHB46IvHQV0+xfUUlPESe4lSP+h4CVJ3c,0.292828,0.7391,1.305855,0,2591700,31.877409,Delay-insensitive,4,7.0
305100,ZUmOui6VockU59FJ6QNjWb1BcFGQghqaHB46IvHQV0+xfUUlPESe4lSP+h4CVJ3c,0.238851,0.748326,3.038765,0,2591700,31.877409,Delay-insensitive,4,7.0
305400,ZUmOui6VockU59FJ6QNjWb1BcFGQghqaHB46IvHQV0+xfUUlPESe4lSP+h4CVJ3c,0.317367,0.630192,1.249038,0,2591700,31.877409,Delay-insensitive,4,7.0
305700,ZUmOui6VockU59FJ6QNjWb1BcFGQghqaHB46IvHQV0+xfUUlPESe4lSP+h4CVJ3c,0.243673,0.783012,2.807396,0,2591700,31.877409,Delay-insensitive,4,7.0
306000,ZUmOui6VockU59FJ6QNjWb1BcFGQghqaHB46IvHQV0+xfUUlPESe4lSP+h4CVJ3c,0.25742,0.5226689999999999,0.940478,0,2591700,31.877409,Delay-insensitive,4,7.0
306300,ZUmOui6VockU59FJ6QNjWb1BcFGQghqaHB46IvHQV0+xfUUlPESe4lSP+h4CVJ3c,0.25718,0.55981,1.52509,0,2591700,31.877409,Delay-insensitive,4,7.0
306600,ZUmOui6VockU59FJ6QNjWb1BcFGQghqaHB46IvHQV0+xfUUlPESe4lSP+h4CVJ3c,0.267152,0.655972,1.5917,0,2591700,31.877409,Delay-insensitive,4,7.0
306900,ZUmOui6VockU59FJ6QNjWb1BcFGQghqaHB46IvHQV0+xfUUlPESe4lSP+h4CVJ3c,0.27419,0.580392,1.266732,0,2591700,31.877409,Delay-insensitive,4,7.0
307200,ZUmOui6VockU59FJ6QNjWb1BcFGQghqaHB46IvHQV0+xfUUlPESe4lSP+h4CVJ3c,0.2374929999999999,0.606143,1.855597,0,2591700,31.877409,Delay-insensitive,4,7.0
307500,ZUmOui6VockU59FJ6QNjWb1BcFGQghqaHB46IvHQV0+xfUUlPESe4lSP+h4CVJ3c,0.331136,4.772261,13.852663,0,2591700,31.877409,Delay-insensitive,4,7.0
307800,ZUmOui6VockU59FJ6QNjWb1BcFGQghqaHB46IvHQV0+xfUUlPESe4lSP+h4CVJ3c,1.382478,5.115714,10.439749,0,2591700,31.877409,Delay-insensitive,4,7.0
308100,ZUmOui6VockU59FJ6QNjWb1BcFGQghqaHB46IvHQV0+xfUUlPESe4lSP+h4CVJ3c,0.341943,6.229709,39.612181,0,2591700,31.877409,Delay-insensitive,4,7.0
308400,ZUmOui6VockU59FJ6QNjWb1BcFGQghqaHB46IvHQV0+xfUUlPESe4lSP+h4CVJ3c,0.284586,0.696876,2.756084,0,2591700,31.877409,Delay-insensitive,4,7.0
308700,ZUmOui6VockU59FJ6QNjWb1BcFGQghqaHB46IvHQV0+xfUUlPESe4lSP+h4CVJ3c,0.230264,0.567599,1.325704,0,2591700,31.877409,Delay-insensitive,4,7.0
309000,ZUmOui6VockU59FJ6QNjWb1BcFGQghqaHB46IvHQV0+xfUUlPESe4lSP+h4CVJ3c,0.271941,0.6114,1.912197,0,2591700,31.877409,Delay-insensitive,4,7.0
309300,ZUmOui6VockU59FJ6QNjWb1BcFGQghqaHB46IvHQV0+xfUUlPESe4lSP+h4CVJ3c,0.2489179999999999,0.637258,1.952964,0,2591700,31.877409,Delay-insensitive,4,7.0
309600,ZUmOui6VockU59FJ6QNjWb1BcFGQghqaHB46IvHQV0+xfUUlPESe4lSP+h4CVJ3c,0.281005,0.6087199999999999,1.198983,0,2591700,31.877409,Delay-insensitive,4,7.0
309900,ZUmOui6VockU59FJ6QNjWb1BcFGQghqaHB46IvHQV0+xfUUlPESe4lSP+h4CVJ3c,0.197105,0.695604,2.805032,0,2591700,31.877409,Delay-insensitive,4,7.0
310200,ZUmOui6VockU59FJ6QNjWb1BcFGQghqaHB46IvHQV0+xfUUlPESe4lSP+h4CVJ3c,0.217044,0.731784,1.337973,0,2591700,31.877409,Delay-insensitive,4,7.0
310500,ZUmOui6VockU59FJ6QNjWb1BcFGQghqaHB46IvHQV0+xfUUlPESe4lSP+h4CVJ3c,0.048688,0.630888,1.210994,0,2591700,31.877409,Delay-insensitive,4,7.0
310800,ZUmOui6VockU59FJ6QNjWb1BcFGQghqaHB46IvHQV0+xfUUlPESe4lSP+h4CVJ3c,0.270821,0.814887,1.927509,0,2591700,31.877409,Delay-insensitive,4,7.0
311100,ZUmOui6VockU59FJ6QNjWb1BcFGQghqaHB46IvHQV0+xfUUlPESe4lSP+h4CVJ3c,0.199349,0.82229,1.685961,0,2591700,31.877409,Delay-insensitive,4,7.0
311400,ZUmOui6VockU59FJ6QNjWb1BcFGQghqaHB46IvHQV0+xfUUlPESe4lSP+h4CVJ3c,0.296111,0.8185279999999999,1.9834080000000005,0,2591700,31.877409,Delay-insensitive,4,7.0
311700,ZUmOui6VockU59FJ6QNjWb1BcFGQghqaHB46IvHQV0+xfUUlPESe4lSP+h4CVJ3c,0.119022,3.210224,21.000482,0,2591700,31.877409,Delay-insensitive,4,7.0
312000,ZUmOui6VockU59FJ6QNjWb1BcFGQghqaHB46IvHQV0+xfUUlPESe4lSP+h4CVJ3c,0.222186,0.836451,1.953094,0,2591700,31.877409,Delay-insensitive,4,7.0
312300,ZUmOui6VockU59FJ6QNjWb1BcFGQghqaHB46IvHQV0+xfUUlPESe4lSP+h4CVJ3c,0.221577,0.842405,1.724044,0,2591700,31.877409,Delay-insensitive,4,7.0
312600,ZUmOui6VockU59FJ6QNjWb1BcFGQghqaHB46IvHQV0+xfUUlPESe4lSP+h4CVJ3c,0.205559,0.7803,1.79748,0,2591700,31.877409,Delay-insensitive,4,7.0
312900,ZUmOui6VockU59FJ6QNjWb1BcFGQghqaHB46IvHQV0+xfUUlPESe4lSP+h4CVJ3c,0.2837139999999999,0.857721,1.94928,0,2591700,31.877409,Delay-insensitive,4,7.0
313200,ZUmOui6VockU59FJ6QNjWb1BcFGQghqaHB46IvHQV0+xfUUlPESe4lSP+h4CVJ3c,0.163129,0.772343,1.542964,0,2591700,31.877409,Delay-insensitive,4,7.0
313500,ZUmOui6VockU59FJ6QNjWb1BcFGQghqaHB46IvHQV0+xfUUlPESe4lSP+h4CVJ3c,0.283821,0.8349,1.852533,0,2591700,31.877409,Delay-insensitive,4,7.0
313800,ZUmOui6VockU59FJ6QNjWb1BcFGQghqaHB46IvHQV0+xfUUlPESe4lSP+h4CVJ3c,0.13566,0.8252870000000001,1.807629,0,2591700,31.877409,Delay-insensitive,4,7.0
314100,ZUmOui6VockU59FJ6QNjWb1BcFGQghqaHB46IvHQV0+xfUUlPESe4lSP+h4CVJ3c,0.268999,0.7791680000000001,1.740113,0,2591700,31.877409,Delay-insensitive,4,7.0
314400,ZUmOui6VockU59FJ6QNjWb1BcFGQghqaHB46IvHQV0+xfUUlPESe4lSP+h4CVJ3c,0.24474,0.761123,1.419087,0,2591700,31.877409,Delay-insensitive,4,7.0
314700,ZUmOui6VockU59FJ6QNjWb1BcFGQghqaHB46IvHQV0+xfUUlPESe4lSP+h4CVJ3c,0.280734,0.85616,2.776739,0,2591700,31.877409,Delay-insensitive,4,7.0
315000,ZUmOui6VockU59FJ6QNjWb1BcFGQghqaHB46IvHQV0+xfUUlPESe4lSP+h4CVJ3c,0.318815,0.6419199999999999,1.293369,0,2591700,31.877409,Delay-insensitive,4,7.0
315300,ZUmOui6VockU59FJ6QNjWb1BcFGQghqaHB46IvHQV0+xfUUlPESe4lSP+h4CVJ3c,0.2250869999999999,1.331874,12.083528,0,2591700,31.877409,Delay-insensitive,4,7.0
315600,ZUmOui6VockU59FJ6QNjWb1BcFGQghqaHB46IvHQV0+xfUUlPESe4lSP+h4CVJ3c,0.282909,2.489536,34.971729,0,2591700,31.877409,Delay-insensitive,4,7.0
315900,ZUmOui6VockU59FJ6QNjWb1BcFGQghqaHB46IvHQV0+xfUUlPESe4lSP+h4CVJ3c,0.262701,1.207884,10.598881,0,2591700,31.877409,Delay-insensitive,4,7.0
316200,ZUmOui6VockU59FJ6QNjWb1BcFGQghqaHB46IvHQV0+xfUUlPESe4lSP+h4CVJ3c,0.267816,0.6628930000000001,1.532186,0,2591700,31.877409,Delay-insensitive,4,7.0
316500,ZUmOui6VockU59FJ6QNjWb1BcFGQghqaHB46IvHQV0+xfUUlPESe4lSP+h4CVJ3c,0.208309,1.156111,11.457026,0,2591700,31.877409,Delay-insensitive,4,7.0
316800,ZUmOui6VockU59FJ6QNjWb1BcFGQghqaHB46IvHQV0+xfUUlPESe4lSP+h4CVJ3c,0.252476,0.619683,1.239001,0,2591700,31.877409,Delay-insensitive,4,7.0
317100,ZUmOui6VockU59FJ6QNjWb1BcFGQghqaHB46IvHQV0+xfUUlPESe4lSP+h4CVJ3c,0.067712,0.5726140000000001,1.370282,0,2591700,31.877409,Delay-insensitive,4,7.0
317400,ZUmOui6VockU59FJ6QNjWb1BcFGQghqaHB46IvHQV0+xfUUlPESe4lSP+h4CVJ3c,0.0556059999999999,0.574979,1.26111,0,2591700,31.877409,Delay-insensitive,4,7.0
317700,ZUmOui6VockU59FJ6QNjWb1BcFGQghqaHB46IvHQV0+xfUUlPESe4lSP+h4CVJ3c,0.229158,0.588349,1.369998,0,2591700,31.877409,Delay-insensitive,4,7.0
318000,ZUmOui6VockU59FJ6QNjWb1BcFGQghqaHB46IvHQV0+xfUUlPESe4lSP+h4CVJ3c,0.0541309999999999,0.560335,1.23353,0,2591700,31.877409,Delay-insensitive,4,7.0
318300,ZUmOui6VockU59FJ6QNjWb1BcFGQghqaHB46IvHQV0+xfUUlPESe4lSP+h4CVJ3c,0.252448,0.573853,1.3364280000000002,0,2591700,31.877409,Delay-insensitive,4,7.0
318600,ZUmOui6VockU59FJ6QNjWb1BcFGQghqaHB46IvHQV0+xfUUlPESe4lSP+h4CVJ3c,0.032043,0.535116,1.174101,0,2591700,31.877409,Delay-insensitive,4,7.0
318900,ZUmOui6VockU59FJ6QNjWb1BcFGQghqaHB46IvHQV0+xfUUlPESe4lSP+h4CVJ3c,0.38255,10.614551,59.570717,0,2591700,31.877409,Delay-insensitive,4,7.0
319200,ZUmOui6VockU59FJ6QNjWb1BcFGQghqaHB46IvHQV0+xfUUlPESe4lSP+h4CVJ3c,0.207614,18.901633,56.740915,0,2591700,31.877409,Delay-insensitive,4,7.0
319500,ZUmOui6VockU59FJ6QNjWb1BcFGQghqaHB46IvHQV0+xfUUlPESe4lSP+h4CVJ3c,0.251903,0.654383,2.331251,0,2591700,31.877409,Delay-insensitive,4,7.0
319800,ZUmOui6VockU59FJ6QNjWb1BcFGQghqaHB46IvHQV0+xfUUlPESe4lSP+h4CVJ3c,0.156358,0.562595,1.160033,0,2591700,31.877409,Delay-insensitive,4,7.0
320100,ZUmOui6VockU59FJ6QNjWb1BcFGQghqaHB46IvHQV0+xfUUlPESe4lSP+h4CVJ3c,0.085388,0.516672,1.163978,0,2591700,31.877409,Delay-insensitive,4,7.0
320400,ZUmOui6VockU59FJ6QNjWb1BcFGQghqaHB46IvHQV0+xfUUlPESe4lSP+h4CVJ3c,0.272421,0.548437,0.997293,0,2591700,31.877409,Delay-insensitive,4,7.0
320700,ZUmOui6VockU59FJ6QNjWb1BcFGQghqaHB46IvHQV0+xfUUlPESe4lSP+h4CVJ3c,0.119017,0.558701,1.164565,0,2591700,31.877409,Delay-insensitive,4,7.0
321000,ZUmOui6VockU59FJ6QNjWb1BcFGQghqaHB46IvHQV0+xfUUlPESe4lSP+h4CVJ3c,0.271626,0.574138,1.0730540000000002,0,2591700,31.877409,Delay-insensitive,4,7.0
321300,ZUmOui6VockU59FJ6QNjWb1BcFGQghqaHB46IvHQV0+xfUUlPESe4lSP+h4CVJ3c,0.198405,0.526622,1.122968,0,2591700,31.877409,Delay-insensitive,4,7.0
321600,ZUmOui6VockU59FJ6QNjWb1BcFGQghqaHB46IvHQV0+xfUUlPESe4lSP+h4CVJ3c,0.260295,0.573716,1.18708,0,2591700,31.877409,Delay-insensitive,4,7.0
321900,ZUmOui6VockU59FJ6QNjWb1BcFGQghqaHB46IvHQV0+xfUUlPESe4lSP+h4CVJ3c,0.265959,0.573774,1.303281,0,2591700,31.877409,Delay-insensitive,4,7.0
322200,ZUmOui6VockU59FJ6QNjWb1BcFGQghqaHB46IvHQV0+xfUUlPESe4lSP+h4CVJ3c,0.278547,0.578006,1.051324,0,2591700,31.877409,Delay-insensitive,4,7.0
322500,ZUmOui6VockU59FJ6QNjWb1BcFGQghqaHB46IvHQV0+xfUUlPESe4lSP+h4CVJ3c,0.304259,3.34141,35.939963,0,2591700,31.877409,Delay-insensitive,4,7.0
322800,ZUmOui6VockU59FJ6QNjWb1BcFGQghqaHB46IvHQV0+xfUUlPESe4lSP+h4CVJ3c,0.0623409999999999,2.92866,33.027193,0,2591700,31.877409,Delay-insensitive,4,7.0
323100,ZUmOui6VockU59FJ6QNjWb1BcFGQghqaHB46IvHQV0+xfUUlPESe4lSP+h4CVJ3c,0.244414,0.569131,1.162513,0,2591700,31.877409,Delay-insensitive,4,7.0
323400,ZUmOui6VockU59FJ6QNjWb1BcFGQghqaHB46IvHQV0+xfUUlPESe4lSP+h4CVJ3c,0.220128,0.550429,1.027578,0,2591700,31.877409,Delay-insensitive,4,7.0
323700,ZUmOui6VockU59FJ6QNjWb1BcFGQghqaHB46IvHQV0+xfUUlPESe4lSP+h4CVJ3c,0.24272,0.801546,8.150264,0,2591700,31.877409,Delay-insensitive,4,7.0
324000,ZUmOui6VockU59FJ6QNjWb1BcFGQghqaHB46IvHQV0+xfUUlPESe4lSP+h4CVJ3c,0.190942,0.527032,1.033286,0,2591700,31.877409,Delay-insensitive,4,7.0
324300,ZUmOui6VockU59FJ6QNjWb1BcFGQghqaHB46IvHQV0+xfUUlPESe4lSP+h4CVJ3c,0.268956,0.536449,1.044014,0,2591700,31.877409,Delay-insensitive,4,7.0
324600,ZUmOui6VockU59FJ6QNjWb1BcFGQghqaHB46IvHQV0+xfUUlPESe4lSP+h4CVJ3c,0.222872,0.549797,1.004434,0,2591700,31.877409,Delay-insensitive,4,7.0
324900,ZUmOui6VockU59FJ6QNjWb1BcFGQghqaHB46IvHQV0+xfUUlPESe4lSP+h4CVJ3c,0.259183,0.551737,1.07859,0,2591700,31.877409,Delay-insensitive,4,7.0
325200,ZUmOui6VockU59FJ6QNjWb1BcFGQghqaHB46IvHQV0+xfUUlPESe4lSP+h4CVJ3c,0.225903,0.583684,2.098271,0,2591700,31.877409,Delay-insensitive,4,7.0
325500,ZUmOui6VockU59FJ6QNjWb1BcFGQghqaHB46IvHQV0+xfUUlPESe4lSP+h4CVJ3c,0.159198,0.536763,1.268216,0,2591700,31.877409,Delay-insensitive,4,7.0
325800,ZUmOui6VockU59FJ6QNjWb1BcFGQghqaHB46IvHQV0+xfUUlPESe4lSP+h4CVJ3c,0.243981,0.53162,1.0542790000000002,0,2591700,31.877409,Delay-insensitive,4,7.0
326100,ZUmOui6VockU59FJ6QNjWb1BcFGQghqaHB46IvHQV0+xfUUlPESe4lSP+h4CVJ3c,0.2172059999999999,0.528459,0.924282,0,2591700,31.877409,Delay-insensitive,4,7.0
326400,ZUmOui6VockU59FJ6QNjWb1BcFGQghqaHB46IvHQV0+xfUUlPESe4lSP+h4CVJ3c,0.318367,2.7517150000000004,18.94529,0,2591700,31.877409,Delay-insensitive,4,7.0
326700,ZUmOui6VockU59FJ6QNjWb1BcFGQghqaHB46IvHQV0+xfUUlPESe4lSP+h4CVJ3c,0.11567,0.86016,4.93039,0,2591700,31.877409,Delay-insensitive,4,7.0
327000,ZUmOui6VockU59FJ6QNjWb1BcFGQghqaHB46IvHQV0+xfUUlPESe4lSP+h4CVJ3c,0.254594,0.5745319999999999,1.015932,0,2591700,31.877409,Delay-insensitive,4,7.0
327300,ZUmOui6VockU59FJ6QNjWb1BcFGQghqaHB46IvHQV0+xfUUlPESe4lSP+h4CVJ3c,0.162457,0.555323,1.152259,0,2591700,31.877409,Delay-insensitive,4,7.0
327600,ZUmOui6VockU59FJ6QNjWb1BcFGQghqaHB46IvHQV0+xfUUlPESe4lSP+h4CVJ3c,0.305224,0.543157,0.808397,0,2591700,31.877409,Delay-insensitive,4,7.0
327900,ZUmOui6VockU59FJ6QNjWb1BcFGQghqaHB46IvHQV0+xfUUlPESe4lSP+h4CVJ3c,0.269569,0.497617,1.318745,0,2591700,31.877409,Delay-insensitive,4,7.0
328200,ZUmOui6VockU59FJ6QNjWb1BcFGQghqaHB46IvHQV0+xfUUlPESe4lSP+h4CVJ3c,0.143717,0.574563,1.318293,0,2591700,31.877409,Delay-insensitive,4,7.0
328500,ZUmOui6VockU59FJ6QNjWb1BcFGQghqaHB46IvHQV0+xfUUlPESe4lSP+h4CVJ3c,0.22596,0.581158,0.944224,0,2591700,31.877409,Delay-insensitive,4,7.0
328800,ZUmOui6VockU59FJ6QNjWb1BcFGQghqaHB46IvHQV0+xfUUlPESe4lSP+h4CVJ3c,0.112919,0.563754,1.393251,0,2591700,31.877409,Delay-insensitive,4,7.0
329100,ZUmOui6VockU59FJ6QNjWb1BcFGQghqaHB46IvHQV0+xfUUlPESe4lSP+h4CVJ3c,0.254284,0.590953,1.459647,0,2591700,31.877409,Delay-insensitive,4,7.0
329400,ZUmOui6VockU59FJ6QNjWb1BcFGQghqaHB46IvHQV0+xfUUlPESe4lSP+h4CVJ3c,0.13905,0.641871,1.788457,0,2591700,31.877409,Delay-insensitive,4,7.0
329700,ZUmOui6VockU59FJ6QNjWb1BcFGQghqaHB46IvHQV0+xfUUlPESe4lSP+h4CVJ3c,0.271421,0.625384,1.177432,0,2591700,31.877409,Delay-insensitive,4,7.0
330000,ZUmOui6VockU59FJ6QNjWb1BcFGQghqaHB46IvHQV0+xfUUlPESe4lSP+h4CVJ3c,0.2079329999999999,0.568867,1.228641,0,2591700,31.877409,Delay-insensitive,4,7.0
330300,ZUmOui6VockU59FJ6QNjWb1BcFGQghqaHB46IvHQV0+xfUUlPESe4lSP+h4CVJ3c,0.302281,3.014415,16.3727,0,2591700,31.877409,Delay-insensitive,4,7.0
330600,ZUmOui6VockU59FJ6QNjWb1BcFGQghqaHB46IvHQV0+xfUUlPESe4lSP+h4CVJ3c,0.27814,0.633866,1.229136,0,2591700,31.877409,Delay-insensitive,4,7.0
330900,ZUmOui6VockU59FJ6QNjWb1BcFGQghqaHB46IvHQV0+xfUUlPESe4lSP+h4CVJ3c,0.162484,0.621825,1.076044,0,2591700,31.877409,Delay-insensitive,4,7.0
331200,ZUmOui6VockU59FJ6QNjWb1BcFGQghqaHB46IvHQV0+xfUUlPESe4lSP+h4CVJ3c,0.290811,0.6588069999999999,1.212976,0,2591700,31.877409,Delay-insensitive,4,7.0
331500,ZUmOui6VockU59FJ6QNjWb1BcFGQghqaHB46IvHQV0+xfUUlPESe4lSP+h4CVJ3c,0.059963,0.718701,1.392431,0,2591700,31.877409,Delay-insensitive,4,7.0
331800,ZUmOui6VockU59FJ6QNjWb1BcFGQghqaHB46IvHQV0+xfUUlPESe4lSP+h4CVJ3c,0.258681,0.6867,1.462955,0,2591700,31.877409,Delay-insensitive,4,7.0
332100,ZUmOui6VockU59FJ6QNjWb1BcFGQghqaHB46IvHQV0+xfUUlPESe4lSP+h4CVJ3c,0.10579,0.6615260000000001,1.30691,0,2591700,31.877409,Delay-insensitive,4,7.0
332400,ZUmOui6VockU59FJ6QNjWb1BcFGQghqaHB46IvHQV0+xfUUlPESe4lSP+h4CVJ3c,0.348915,0.6542859999999999,1.175671,0,2591700,31.877409,Delay-insensitive,4,7.0
332700,ZUmOui6VockU59FJ6QNjWb1BcFGQghqaHB46IvHQV0+xfUUlPESe4lSP+h4CVJ3c,0.047912,0.596729,1.572398,0,2591700,31.877409,Delay-insensitive,4,7.0
333000,ZUmOui6VockU59FJ6QNjWb1BcFGQghqaHB46IvHQV0+xfUUlPESe4lSP+h4CVJ3c,0.2560659999999999,0.66267,1.629879,0,2591700,31.877409,Delay-insensitive,4,7.0
333300,ZUmOui6VockU59FJ6QNjWb1BcFGQghqaHB46IvHQV0+xfUUlPESe4lSP+h4CVJ3c,0.237089,0.746895,1.920376,0,2591700,31.877409,Delay-insensitive,4,7.0
333600,ZUmOui6VockU59FJ6QNjWb1BcFGQghqaHB46IvHQV0+xfUUlPESe4lSP+h4CVJ3c,0.055526,0.6430279999999999,1.247573,0,2591700,31.877409,Delay-insensitive,4,7.0
333900,ZUmOui6VockU59FJ6QNjWb1BcFGQghqaHB46IvHQV0+xfUUlPESe4lSP+h4CVJ3c,0.302396,3.105567,23.641166,0,2591700,31.877409,Delay-insensitive,4,7.0
334200,ZUmOui6VockU59FJ6QNjWb1BcFGQghqaHB46IvHQV0+xfUUlPESe4lSP+h4CVJ3c,0.226262,0.658803,1.476744,0,2591700,31.877409,Delay-insensitive,4,7.0
334500,ZUmOui6VockU59FJ6QNjWb1BcFGQghqaHB46IvHQV0+xfUUlPESe4lSP+h4CVJ3c,0.24639,0.653328,1.440944,0,2591700,31.877409,Delay-insensitive,4,7.0
334800,ZUmOui6VockU59FJ6QNjWb1BcFGQghqaHB46IvHQV0+xfUUlPESe4lSP+h4CVJ3c,0.078194,0.659741,1.387528,0,2591700,31.877409,Delay-insensitive,4,7.0
335100,ZUmOui6VockU59FJ6QNjWb1BcFGQghqaHB46IvHQV0+xfUUlPESe4lSP+h4CVJ3c,0.247517,0.637422,1.257732,0,2591700,31.877409,Delay-insensitive,4,7.0
335400,ZUmOui6VockU59FJ6QNjWb1BcFGQghqaHB46IvHQV0+xfUUlPESe4lSP+h4CVJ3c,0.112443,0.594091,1.166316,0,2591700,31.877409,Delay-insensitive,4,7.0
335700,ZUmOui6VockU59FJ6QNjWb1BcFGQghqaHB46IvHQV0+xfUUlPESe4lSP+h4CVJ3c,0.30533,0.623861,1.163551,0,2591700,31.877409,Delay-insensitive,4,7.0
336000,ZUmOui6VockU59FJ6QNjWb1BcFGQghqaHB46IvHQV0+xfUUlPESe4lSP+h4CVJ3c,0.2148679999999999,0.617092,1.817548,0,2591700,31.877409,Delay-insensitive,4,7.0
336300,ZUmOui6VockU59FJ6QNjWb1BcFGQghqaHB46IvHQV0+xfUUlPESe4lSP+h4CVJ3c,0.0536049999999999,0.572421,1.184642,0,2591700,31.877409,Delay-insensitive,4,7.0
336600,ZUmOui6VockU59FJ6QNjWb1BcFGQghqaHB46IvHQV0+xfUUlPESe4lSP+h4CVJ3c,0.231044,4.643154,57.291477,0,2591700,31.877409,Delay-insensitive,4,7.0
336900,ZUmOui6VockU59FJ6QNjWb1BcFGQghqaHB46IvHQV0+xfUUlPESe4lSP+h4CVJ3c,0.691127,26.132693,99.619924,0,2591700,31.877409,Delay-insensitive,4,7.0
337200,ZUmOui6VockU59FJ6QNjWb1BcFGQghqaHB46IvHQV0+xfUUlPESe4lSP+h4CVJ3c,1.242674,25.450391,63.53394,0,2591700,31.877409,Delay-insensitive,4,7.0
337500,ZUmOui6VockU59FJ6QNjWb1BcFGQghqaHB46IvHQV0+xfUUlPESe4lSP+h4CVJ3c,0.199368,3.033625,39.56931,0,2591700,31.877409,Delay-insensitive,4,7.0
337800,ZUmOui6VockU59FJ6QNjWb1BcFGQghqaHB46IvHQV0+xfUUlPESe4lSP+h4CVJ3c,0.262085,0.614707,1.08341,0,2591700,31.877409,Delay-insensitive,4,7.0
338100,ZUmOui6VockU59FJ6QNjWb1BcFGQghqaHB46IvHQV0+xfUUlPESe4lSP+h4CVJ3c,0.229001,0.5231359999999999,1.026519,0,2591700,31.877409,Delay-insensitive,4,7.0
338400,ZUmOui6VockU59FJ6QNjWb1BcFGQghqaHB46IvHQV0+xfUUlPESe4lSP+h4CVJ3c,0.262948,0.516355,1.120857,0,2591700,31.877409,Delay-insensitive,4,7.0
338700,ZUmOui6VockU59FJ6QNjWb1BcFGQghqaHB46IvHQV0+xfUUlPESe4lSP+h4CVJ3c,0.196149,0.535083,0.974601,0,2591700,31.877409,Delay-insensitive,4,7.0
339000,ZUmOui6VockU59FJ6QNjWb1BcFGQghqaHB46IvHQV0+xfUUlPESe4lSP+h4CVJ3c,0.060559,0.517143,0.958529,0,2591700,31.877409,Delay-insensitive,4,7.0
339300,ZUmOui6VockU59FJ6QNjWb1BcFGQghqaHB46IvHQV0+xfUUlPESe4lSP+h4CVJ3c,0.242226,0.5448970000000001,1.004356,0,2591700,31.877409,Delay-insensitive,4,7.0
339600,ZUmOui6VockU59FJ6QNjWb1BcFGQghqaHB46IvHQV0+xfUUlPESe4lSP+h4CVJ3c,0.060912,0.515318,0.81411,0,2591700,31.877409,Delay-insensitive,4,7.0
339900,ZUmOui6VockU59FJ6QNjWb1BcFGQghqaHB46IvHQV0+xfUUlPESe4lSP+h4CVJ3c,0.255185,0.55781,0.926417,0,2591700,31.877409,Delay-insensitive,4,7.0
340200,ZUmOui6VockU59FJ6QNjWb1BcFGQghqaHB46IvHQV0+xfUUlPESe4lSP+h4CVJ3c,0.14242,0.517915,0.953401,0,2591700,31.877409,Delay-insensitive,4,7.0
340500,ZUmOui6VockU59FJ6QNjWb1BcFGQghqaHB46IvHQV0+xfUUlPESe4lSP+h4CVJ3c,0.253414,0.58391,1.073454,0,2591700,31.877409,Delay-insensitive,4,7.0
340800,ZUmOui6VockU59FJ6QNjWb1BcFGQghqaHB46IvHQV0+xfUUlPESe4lSP+h4CVJ3c,0.208202,0.602554,1.324742,0,2591700,31.877409,Delay-insensitive,4,7.0
341100,ZUmOui6VockU59FJ6QNjWb1BcFGQghqaHB46IvHQV0+xfUUlPESe4lSP+h4CVJ3c,0.290418,0.735191,4.0951,0,2591700,31.877409,Delay-insensitive,4,7.0
341400,ZUmOui6VockU59FJ6QNjWb1BcFGQghqaHB46IvHQV0+xfUUlPESe4lSP+h4CVJ3c,0.064389,2.751954,25.831688,0,2591700,31.877409,Delay-insensitive,4,7.0
341700,ZUmOui6VockU59FJ6QNjWb1BcFGQghqaHB46IvHQV0+xfUUlPESe4lSP+h4CVJ3c,0.175037,0.5702520000000001,1.01674,0,2591700,31.877409,Delay-insensitive,4,7.0
342000,ZUmOui6VockU59FJ6QNjWb1BcFGQghqaHB46IvHQV0+xfUUlPESe4lSP+h4CVJ3c,0.049011,0.505314,0.975489,0,2591700,31.877409,Delay-insensitive,4,7.0
342300,ZUmOui6VockU59FJ6QNjWb1BcFGQghqaHB46IvHQV0+xfUUlPESe4lSP+h4CVJ3c,0.063061,0.503224,0.952421,0,2591700,31.877409,Delay-insensitive,4,7.0
342600,ZUmOui6VockU59FJ6QNjWb1BcFGQghqaHB46IvHQV0+xfUUlPESe4lSP+h4CVJ3c,0.254955,0.591692,1.0756940000000002,0,2591700,31.877409,Delay-insensitive,4,7.0
342900,ZUmOui6VockU59FJ6QNjWb1BcFGQghqaHB46IvHQV0+xfUUlPESe4lSP+h4CVJ3c,0.058664,0.500579,1.079666,0,2591700,31.877409,Delay-insensitive,4,7.0
343200,ZUmOui6VockU59FJ6QNjWb1BcFGQghqaHB46IvHQV0+xfUUlPESe4lSP+h4CVJ3c,0.267528,0.5518430000000001,0.889323,0,2591700,31.877409,Delay-insensitive,4,7.0
343500,ZUmOui6VockU59FJ6QNjWb1BcFGQghqaHB46IvHQV0+xfUUlPESe4lSP+h4CVJ3c,0.134157,0.517439,1.227027,0,2591700,31.877409,Delay-insensitive,4,7.0
343800,ZUmOui6VockU59FJ6QNjWb1BcFGQghqaHB46IvHQV0+xfUUlPESe4lSP+h4CVJ3c,0.282811,0.532137,1.033439,0,2591700,31.877409,Delay-insensitive,4,7.0
344100,ZUmOui6VockU59FJ6QNjWb1BcFGQghqaHB46IvHQV0+xfUUlPESe4lSP+h4CVJ3c,0.284794,0.66347,5.206898000000001,0,2591700,31.877409,Delay-insensitive,4,7.0
344400,ZUmOui6VockU59FJ6QNjWb1BcFGQghqaHB46IvHQV0+xfUUlPESe4lSP+h4CVJ3c,0.262808,0.524547,0.865181,0,2591700,31.877409,Delay-insensitive,4,7.0
344700,ZUmOui6VockU59FJ6QNjWb1BcFGQghqaHB46IvHQV0+xfUUlPESe4lSP+h4CVJ3c,0.154409,0.49223,0.905042,0,2591700,31.877409,Delay-insensitive,4,7.0
345000,ZUmOui6VockU59FJ6QNjWb1BcFGQghqaHB46IvHQV0+xfUUlPESe4lSP+h4CVJ3c,0.131865,2.933545,24.936329,0,2591700,31.877409,Delay-insensitive,4,7.0
345300,ZUmOui6VockU59FJ6QNjWb1BcFGQghqaHB46IvHQV0+xfUUlPESe4lSP+h4CVJ3c,0.198203,0.538211,0.996344,0,2591700,31.877409,Delay-insensitive,4,7.0
345600,ZUmOui6VockU59FJ6QNjWb1BcFGQghqaHB46IvHQV0+xfUUlPESe4lSP+h4CVJ3c,0.176902,0.466389,0.80656,0,2591700,31.877409,Delay-insensitive,4,7.0
345900,ZUmOui6VockU59FJ6QNjWb1BcFGQghqaHB46IvHQV0+xfUUlPESe4lSP+h4CVJ3c,0.21138,0.526305,0.925565,0,2591700,31.877409,Delay-insensitive,4,7.0
346200,ZUmOui6VockU59FJ6QNjWb1BcFGQghqaHB46IvHQV0+xfUUlPESe4lSP+h4CVJ3c,0.166431,0.507753,0.9848,0,2591700,31.877409,Delay-insensitive,4,7.0
346500,ZUmOui6VockU59FJ6QNjWb1BcFGQghqaHB46IvHQV0+xfUUlPESe4lSP+h4CVJ3c,0.3128039999999999,0.51665,0.898175,0,2591700,31.877409,Delay-insensitive,4,7.0
346800,ZUmOui6VockU59FJ6QNjWb1BcFGQghqaHB46IvHQV0+xfUUlPESe4lSP+h4CVJ3c,0.252571,0.7200989999999999,6.141684,0,2591700,31.877409,Delay-insensitive,4,7.0
347100,ZUmOui6VockU59FJ6QNjWb1BcFGQghqaHB46IvHQV0+xfUUlPESe4lSP+h4CVJ3c,0.28881,0.537851,1.060694,0,2591700,31.877409,Delay-insensitive,4,7.0
347400,ZUmOui6VockU59FJ6QNjWb1BcFGQghqaHB46IvHQV0+xfUUlPESe4lSP+h4CVJ3c,0.2332969999999999,0.521097,1.03142,0,2591700,31.877409,Delay-insensitive,4,7.0
347700,ZUmOui6VockU59FJ6QNjWb1BcFGQghqaHB46IvHQV0+xfUUlPESe4lSP+h4CVJ3c,0.171641,0.519794,1.075072,0,2591700,31.877409,Delay-insensitive,4,7.0
348000,ZUmOui6VockU59FJ6QNjWb1BcFGQghqaHB46IvHQV0+xfUUlPESe4lSP+h4CVJ3c,0.284962,0.530505,0.947304,0,2591700,31.877409,Delay-insensitive,4,7.0
348300,ZUmOui6VockU59FJ6QNjWb1BcFGQghqaHB46IvHQV0+xfUUlPESe4lSP+h4CVJ3c,0.207134,0.5409229999999999,1.129239,0,2591700,31.877409,Delay-insensitive,4,7.0
348600,ZUmOui6VockU59FJ6QNjWb1BcFGQghqaHB46IvHQV0+xfUUlPESe4lSP+h4CVJ3c,0.297115,2.9970220000000003,26.476226,0,2591700,31.877409,Delay-insensitive,4,7.0
348900,ZUmOui6VockU59FJ6QNjWb1BcFGQghqaHB46IvHQV0+xfUUlPESe4lSP+h4CVJ3c,0.274133,0.572675,1.477955,0,2591700,31.877409,Delay-insensitive,4,7.0
349200,ZUmOui6VockU59FJ6QNjWb1BcFGQghqaHB46IvHQV0+xfUUlPESe4lSP+h4CVJ3c,0.249963,0.5752079999999999,1.156745,0,2591700,31.877409,Delay-insensitive,4,7.0
349500,ZUmOui6VockU59FJ6QNjWb1BcFGQghqaHB46IvHQV0+xfUUlPESe4lSP+h4CVJ3c,0.223551,0.5528569999999999,1.3532,0,2591700,31.877409,Delay-insensitive,4,7.0
349800,ZUmOui6VockU59FJ6QNjWb1BcFGQghqaHB46IvHQV0+xfUUlPESe4lSP+h4CVJ3c,0.288595,0.582804,1.107789,0,2591700,31.877409,Delay-insensitive,4,7.0
350100,ZUmOui6VockU59FJ6QNjWb1BcFGQghqaHB46IvHQV0+xfUUlPESe4lSP+h4CVJ3c,0.2539639999999999,0.565897,1.394642,0,2591700,31.877409,Delay-insensitive,4,7.0
350400,ZUmOui6VockU59FJ6QNjWb1BcFGQghqaHB46IvHQV0+xfUUlPESe4lSP+h4CVJ3c,0.129144,0.535522,1.145161,0,2591700,31.877409,Delay-insensitive,4,7.0
350700,ZUmOui6VockU59FJ6QNjWb1BcFGQghqaHB46IvHQV0+xfUUlPESe4lSP+h4CVJ3c,0.272282,0.550183,1.049475,0,2591700,31.877409,Delay-insensitive,4,7.0
351000,ZUmOui6VockU59FJ6QNjWb1BcFGQghqaHB46IvHQV0+xfUUlPESe4lSP+h4CVJ3c,0.246761,0.5935739999999999,2.509701,0,2591700,31.877409,Delay-insensitive,4,7.0
351300,ZUmOui6VockU59FJ6QNjWb1BcFGQghqaHB46IvHQV0+xfUUlPESe4lSP+h4CVJ3c,0.2068159999999999,0.561357,1.107122,0,2591700,31.877409,Delay-insensitive,4,7.0
351600,ZUmOui6VockU59FJ6QNjWb1BcFGQghqaHB46IvHQV0+xfUUlPESe4lSP+h4CVJ3c,0.239256,1.233182,7.001442,0,2591700,31.877409,Delay-insensitive,4,7.0
351900,ZUmOui6VockU59FJ6QNjWb1BcFGQghqaHB46IvHQV0+xfUUlPESe4lSP+h4CVJ3c,0.265071,0.5438390000000001,1.090985,0,2591700,31.877409,Delay-insensitive,4,7.0
352200,ZUmOui6VockU59FJ6QNjWb1BcFGQghqaHB46IvHQV0+xfUUlPESe4lSP+h4CVJ3c,0.09707,2.938413,38.11917,0,2591700,31.877409,Delay-insensitive,4,7.0
352500,ZUmOui6VockU59FJ6QNjWb1BcFGQghqaHB46IvHQV0+xfUUlPESe4lSP+h4CVJ3c,0.254587,0.595817,1.673307,0,2591700,31.877409,Delay-insensitive,4,7.0
352800,ZUmOui6VockU59FJ6QNjWb1BcFGQghqaHB46IvHQV0+xfUUlPESe4lSP+h4CVJ3c,0.25678,0.59355,1.471124,0,2591700,31.877409,Delay-insensitive,4,7.0
353100,ZUmOui6VockU59FJ6QNjWb1BcFGQghqaHB46IvHQV0+xfUUlPESe4lSP+h4CVJ3c,0.265786,0.614005,1.560324,0,2591700,31.877409,Delay-insensitive,4,7.0
353400,ZUmOui6VockU59FJ6QNjWb1BcFGQghqaHB46IvHQV0+xfUUlPESe4lSP+h4CVJ3c,0.2248889999999999,0.622294,1.272769,0,2591700,31.877409,Delay-insensitive,4,7.0
353700,ZUmOui6VockU59FJ6QNjWb1BcFGQghqaHB46IvHQV0+xfUUlPESe4lSP+h4CVJ3c,0.310669,11.528113,98.558687,0,2591700,31.877409,Delay-insensitive,4,7.0
354000,ZUmOui6VockU59FJ6QNjWb1BcFGQghqaHB46IvHQV0+xfUUlPESe4lSP+h4CVJ3c,0.790916,26.095559,83.59673199999999,0,2591700,31.877409,Delay-insensitive,4,7.0
354300,ZUmOui6VockU59FJ6QNjWb1BcFGQghqaHB46IvHQV0+xfUUlPESe4lSP+h4CVJ3c,0.5139520000000001,18.211475,86.86393299999999,0,2591700,31.877409,Delay-insensitive,4,7.0
354600,ZUmOui6VockU59FJ6QNjWb1BcFGQghqaHB46IvHQV0+xfUUlPESe4lSP+h4CVJ3c,0.369717,0.6568189999999999,1.30981,0,2591700,31.877409,Delay-insensitive,4,7.0
354900,ZUmOui6VockU59FJ6QNjWb1BcFGQghqaHB46IvHQV0+xfUUlPESe4lSP+h4CVJ3c,0.352476,1.193322,11.0108,0,2591700,31.877409,Delay-insensitive,4,7.0
355200,ZUmOui6VockU59FJ6QNjWb1BcFGQghqaHB46IvHQV0+xfUUlPESe4lSP+h4CVJ3c,0.282031,0.5950340000000001,1.440419,0,2591700,31.877409,Delay-insensitive,4,7.0
355500,ZUmOui6VockU59FJ6QNjWb1BcFGQghqaHB46IvHQV0+xfUUlPESe4lSP+h4CVJ3c,0.256609,0.695164,1.818452,0,2591700,31.877409,Delay-insensitive,4,7.0
355800,ZUmOui6VockU59FJ6QNjWb1BcFGQghqaHB46IvHQV0+xfUUlPESe4lSP+h4CVJ3c,0.054259,0.5958060000000001,1.224075,0,2591700,31.877409,Delay-insensitive,4,7.0
356100,ZUmOui6VockU59FJ6QNjWb1BcFGQghqaHB46IvHQV0+xfUUlPESe4lSP+h4CVJ3c,0.265452,3.0140290000000003,33.236186,0,2591700,31.877409,Delay-insensitive,4,7.0
356400,ZUmOui6VockU59FJ6QNjWb1BcFGQghqaHB46IvHQV0+xfUUlPESe4lSP+h4CVJ3c,0.059482,0.600539,1.15691,0,2591700,31.877409,Delay-insensitive,4,7.0
356700,ZUmOui6VockU59FJ6QNjWb1BcFGQghqaHB46IvHQV0+xfUUlPESe4lSP+h4CVJ3c,0.220425,0.625387,1.098637,0,2591700,31.877409,Delay-insensitive,4,7.0
357000,ZUmOui6VockU59FJ6QNjWb1BcFGQghqaHB46IvHQV0+xfUUlPESe4lSP+h4CVJ3c,0.163924,0.626183,1.28568,0,2591700,31.877409,Delay-insensitive,4,7.0
357300,ZUmOui6VockU59FJ6QNjWb1BcFGQghqaHB46IvHQV0+xfUUlPESe4lSP+h4CVJ3c,0.238262,0.630726,1.299519,0,2591700,31.877409,Delay-insensitive,4,7.0
357600,ZUmOui6VockU59FJ6QNjWb1BcFGQghqaHB46IvHQV0+xfUUlPESe4lSP+h4CVJ3c,0.314786,0.6682520000000001,2.173409,0,2591700,31.877409,Delay-insensitive,4,7.0
357900,ZUmOui6VockU59FJ6QNjWb1BcFGQghqaHB46IvHQV0+xfUUlPESe4lSP+h4CVJ3c,0.266308,0.639645,1.153171,0,2591700,31.877409,Delay-insensitive,4,7.0
358200,ZUmOui6VockU59FJ6QNjWb1BcFGQghqaHB46IvHQV0+xfUUlPESe4lSP+h4CVJ3c,0.115847,0.6006239999999999,1.278148,0,2591700,31.877409,Delay-insensitive,4,7.0
358500,ZUmOui6VockU59FJ6QNjWb1BcFGQghqaHB46IvHQV0+xfUUlPESe4lSP+h4CVJ3c,0.091599,0.624186,1.311006,0,2591700,31.877409,Delay-insensitive,4,7.0
358800,ZUmOui6VockU59FJ6QNjWb1BcFGQghqaHB46IvHQV0+xfUUlPESe4lSP+h4CVJ3c,0.308673,0.640275,1.255532,0,2591700,31.877409,Delay-insensitive,4,7.0
359100,ZUmOui6VockU59FJ6QNjWb1BcFGQghqaHB46IvHQV0+xfUUlPESe4lSP+h4CVJ3c,0.13963,0.7185020000000001,1.976345,0,2591700,31.877409,Delay-insensitive,4,7.0
359400,ZUmOui6VockU59FJ6QNjWb1BcFGQghqaHB46IvHQV0+xfUUlPESe4lSP+h4CVJ3c,0.309239,0.695439,1.7905509999999998,0,2591700,31.877409,Delay-insensitive,4,7.0
359700,ZUmOui6VockU59FJ6QNjWb1BcFGQghqaHB46IvHQV0+xfUUlPESe4lSP+h4CVJ3c,0.225437,2.4410540000000003,25.022707,0,2591700,31.877409,Delay-insensitive,4,7.0
360000,ZUmOui6VockU59FJ6QNjWb1BcFGQghqaHB46IvHQV0+xfUUlPESe4lSP+h4CVJ3c,0.254739,0.6565770000000001,1.269074,0,2591700,31.877409,Delay-insensitive,4,7.0
360300,ZUmOui6VockU59FJ6QNjWb1BcFGQghqaHB46IvHQV0+xfUUlPESe4lSP+h4CVJ3c,0.107863,0.665935,1.24191,0,2591700,31.877409,Delay-insensitive,4,7.0
360600,ZUmOui6VockU59FJ6QNjWb1BcFGQghqaHB46IvHQV0+xfUUlPESe4lSP+h4CVJ3c,0.385641,0.752296,1.3404120000000002,0,2591700,31.877409,Delay-insensitive,4,7.0
360900,ZUmOui6VockU59FJ6QNjWb1BcFGQghqaHB46IvHQV0+xfUUlPESe4lSP+h4CVJ3c,0.110914,0.9003709999999999,1.8010419999999998,0,2591700,31.877409,Delay-insensitive,4,7.0
361200,ZUmOui6VockU59FJ6QNjWb1BcFGQghqaHB46IvHQV0+xfUUlPESe4lSP+h4CVJ3c,0.288443,0.855332,1.773643,0,2591700,31.877409,Delay-insensitive,4,7.0
361500,ZUmOui6VockU59FJ6QNjWb1BcFGQghqaHB46IvHQV0+xfUUlPESe4lSP+h4CVJ3c,0.3312179999999999,0.876124,1.643347,0,2591700,31.877409,Delay-insensitive,4,7.0
361800,ZUmOui6VockU59FJ6QNjWb1BcFGQghqaHB46IvHQV0+xfUUlPESe4lSP+h4CVJ3c,0.0826399999999999,0.8339260000000001,1.7108709999999998,0,2591700,31.877409,Delay-insensitive,4,7.0
362100,ZUmOui6VockU59FJ6QNjWb1BcFGQghqaHB46IvHQV0+xfUUlPESe4lSP+h4CVJ3c,0.364732,0.7942100000000001,1.514471,0,2591700,31.877409,Delay-insensitive,4,7.0
362400,ZUmOui6VockU59FJ6QNjWb1BcFGQghqaHB46IvHQV0+xfUUlPESe4lSP+h4CVJ3c,0.14924,0.935359,3.579711,0,2591700,31.877409,Delay-insensitive,4,7.0
362700,ZUmOui6VockU59FJ6QNjWb1BcFGQghqaHB46IvHQV0+xfUUlPESe4lSP+h4CVJ3c,0.265736,0.8343450000000001,1.6442439999999998,0,2591700,31.877409,Delay-insensitive,4,7.0
363000,ZUmOui6VockU59FJ6QNjWb1BcFGQghqaHB46IvHQV0+xfUUlPESe4lSP+h4CVJ3c,0.106528,0.904235,1.952323,0,2591700,31.877409,Delay-insensitive,4,7.0
363300,ZUmOui6VockU59FJ6QNjWb1BcFGQghqaHB46IvHQV0+xfUUlPESe4lSP+h4CVJ3c,0.3498489999999999,3.156911,33.73081,0,2591700,31.877409,Delay-insensitive,4,7.0
363600,ZUmOui6VockU59FJ6QNjWb1BcFGQghqaHB46IvHQV0+xfUUlPESe4lSP+h4CVJ3c,0.246685,0.7665489999999999,1.813357,0,2591700,31.877409,Delay-insensitive,4,7.0
363900,ZUmOui6VockU59FJ6QNjWb1BcFGQghqaHB46IvHQV0+xfUUlPESe4lSP+h4CVJ3c,0.0544049999999999,0.729476,1.451783,0,2591700,31.877409,Delay-insensitive,4,7.0
364200,ZUmOui6VockU59FJ6QNjWb1BcFGQghqaHB46IvHQV0+xfUUlPESe4lSP+h4CVJ3c,0.307118,0.813471,1.549763,0,2591700,31.877409,Delay-insensitive,4,7.0
364500,ZUmOui6VockU59FJ6QNjWb1BcFGQghqaHB46IvHQV0+xfUUlPESe4lSP+h4CVJ3c,0.213184,0.7703810000000001,1.549366,0,2591700,31.877409,Delay-insensitive,4,7.0
364800,ZUmOui6VockU59FJ6QNjWb1BcFGQghqaHB46IvHQV0+xfUUlPESe4lSP+h4CVJ3c,0.280505,0.86025,1.610525,0,2591700,31.877409,Delay-insensitive,4,7.0
365100,ZUmOui6VockU59FJ6QNjWb1BcFGQghqaHB46IvHQV0+xfUUlPESe4lSP+h4CVJ3c,0.214327,0.771011,1.478289,0,2591700,31.877409,Delay-insensitive,4,7.0
365400,ZUmOui6VockU59FJ6QNjWb1BcFGQghqaHB46IvHQV0+xfUUlPESe4lSP+h4CVJ3c,0.3764909999999999,0.823101,1.414367,0,2591700,31.877409,Delay-insensitive,4,7.0
365700,ZUmOui6VockU59FJ6QNjWb1BcFGQghqaHB46IvHQV0+xfUUlPESe4lSP+h4CVJ3c,0.1915349999999999,0.794058,1.521975,0,2591700,31.877409,Delay-insensitive,4,7.0
366000,ZUmOui6VockU59FJ6QNjWb1BcFGQghqaHB46IvHQV0+xfUUlPESe4lSP+h4CVJ3c,0.374459,0.780334,1.440787,0,2591700,31.877409,Delay-insensitive,4,7.0
366300,ZUmOui6VockU59FJ6QNjWb1BcFGQghqaHB46IvHQV0+xfUUlPESe4lSP+h4CVJ3c,0.165825,0.62012,1.254417,0,2591700,31.877409,Delay-insensitive,4,7.0
366600,ZUmOui6VockU59FJ6QNjWb1BcFGQghqaHB46IvHQV0+xfUUlPESe4lSP+h4CVJ3c,0.113491,0.661159,1.263215,0,2591700,31.877409,Delay-insensitive,4,7.0
366900,ZUmOui6VockU59FJ6QNjWb1BcFGQghqaHB46IvHQV0+xfUUlPESe4lSP+h4CVJ3c,0.50026,3.463188,21.553453,0,2591700,31.877409,Delay-insensitive,4,7.0
367200,ZUmOui6VockU59FJ6QNjWb1BcFGQghqaHB46IvHQV0+xfUUlPESe4lSP+h4CVJ3c,0.086198,0.653709,1.20816,0,2591700,31.877409,Delay-insensitive,4,7.0
367500,ZUmOui6VockU59FJ6QNjWb1BcFGQghqaHB46IvHQV0+xfUUlPESe4lSP+h4CVJ3c,0.296308,0.687218,1.182962,0,2591700,31.877409,Delay-insensitive,4,7.0
367800,ZUmOui6VockU59FJ6QNjWb1BcFGQghqaHB46IvHQV0+xfUUlPESe4lSP+h4CVJ3c,0.145404,0.784574,1.706741,0,2591700,31.877409,Delay-insensitive,4,7.0
368100,ZUmOui6VockU59FJ6QNjWb1BcFGQghqaHB46IvHQV0+xfUUlPESe4lSP+h4CVJ3c,0.289201,0.731115,1.305082,0,2591700,31.877409,Delay-insensitive,4,7.0
368400,ZUmOui6VockU59FJ6QNjWb1BcFGQghqaHB46IvHQV0+xfUUlPESe4lSP+h4CVJ3c,0.081303,0.707624,1.250104,0,2591700,31.877409,Delay-insensitive,4,7.0
368700,ZUmOui6VockU59FJ6QNjWb1BcFGQghqaHB46IvHQV0+xfUUlPESe4lSP+h4CVJ3c,0.289307,0.767157,1.423625,0,2591700,31.877409,Delay-insensitive,4,7.0
369000,ZUmOui6VockU59FJ6QNjWb1BcFGQghqaHB46IvHQV0+xfUUlPESe4lSP+h4CVJ3c,0.053591,0.6427430000000001,1.358012,0,2591700,31.877409,Delay-insensitive,4,7.0
369300,ZUmOui6VockU59FJ6QNjWb1BcFGQghqaHB46IvHQV0+xfUUlPESe4lSP+h4CVJ3c,0.074158,0.634818,0.965765,0,2591700,31.877409,Delay-insensitive,4,7.0
369600,ZUmOui6VockU59FJ6QNjWb1BcFGQghqaHB46IvHQV0+xfUUlPESe4lSP+h4CVJ3c,0.260063,0.8453879999999999,2.157875,0,2591700,31.877409,Delay-insensitive,4,7.0
369900,ZUmOui6VockU59FJ6QNjWb1BcFGQghqaHB46IvHQV0+xfUUlPESe4lSP+h4CVJ3c,0.056435,0.694909,1.340991,0,2591700,31.877409,Delay-insensitive,4,7.0
370200,ZUmOui6VockU59FJ6QNjWb1BcFGQghqaHB46IvHQV0+xfUUlPESe4lSP+h4CVJ3c,0.231775,0.745221,1.580136,0,2591700,31.877409,Delay-insensitive,4,7.0
370500,ZUmOui6VockU59FJ6QNjWb1BcFGQghqaHB46IvHQV0+xfUUlPESe4lSP+h4CVJ3c,0.292587,6.807258,82.09378000000001,0,2591700,31.877409,Delay-insensitive,4,7.0
370800,ZUmOui6VockU59FJ6QNjWb1BcFGQghqaHB46IvHQV0+xfUUlPESe4lSP+h4CVJ3c,0.162442,1.85206,14.962272,0,2591700,31.877409,Delay-insensitive,4,7.0
371100,ZUmOui6VockU59FJ6QNjWb1BcFGQghqaHB46IvHQV0+xfUUlPESe4lSP+h4CVJ3c,0.214834,0.962412,2.446466,0,2591700,31.877409,Delay-insensitive,4,7.0
371400,ZUmOui6VockU59FJ6QNjWb1BcFGQghqaHB46IvHQV0+xfUUlPESe4lSP+h4CVJ3c,0.352151,0.803342,1.64615,0,2591700,31.877409,Delay-insensitive,4,7.0
371700,ZUmOui6VockU59FJ6QNjWb1BcFGQghqaHB46IvHQV0+xfUUlPESe4lSP+h4CVJ3c,0.210703,0.73083,1.5437530000000002,0,2591700,31.877409,Delay-insensitive,4,7.0
372000,ZUmOui6VockU59FJ6QNjWb1BcFGQghqaHB46IvHQV0+xfUUlPESe4lSP+h4CVJ3c,0.151991,0.723368,1.506379,0,2591700,31.877409,Delay-insensitive,4,7.0
372300,ZUmOui6VockU59FJ6QNjWb1BcFGQghqaHB46IvHQV0+xfUUlPESe4lSP+h4CVJ3c,0.309888,1.668307,19.000802,0,2591700,31.877409,Delay-insensitive,4,7.0
372600,ZUmOui6VockU59FJ6QNjWb1BcFGQghqaHB46IvHQV0+xfUUlPESe4lSP+h4CVJ3c,0.032588,0.76049,1.6546189999999998,0,2591700,31.877409,Delay-insensitive,4,7.0
372900,ZUmOui6VockU59FJ6QNjWb1BcFGQghqaHB46IvHQV0+xfUUlPESe4lSP+h4CVJ3c,0.3559219999999999,0.790338,1.51239,0,2591700,31.877409,Delay-insensitive,4,7.0
373200,ZUmOui6VockU59FJ6QNjWb1BcFGQghqaHB46IvHQV0+xfUUlPESe4lSP+h4CVJ3c,0.188129,0.801381,1.932679,0,2591700,31.877409,Delay-insensitive,4,7.0
373500,ZUmOui6VockU59FJ6QNjWb1BcFGQghqaHB46IvHQV0+xfUUlPESe4lSP+h4CVJ3c,0.302438,0.8470280000000001,1.544361,0,2591700,31.877409,Delay-insensitive,4,7.0
373800,ZUmOui6VockU59FJ6QNjWb1BcFGQghqaHB46IvHQV0+xfUUlPESe4lSP+h4CVJ3c,0.154757,0.8350920000000001,1.722955,0,2591700,31.877409,Delay-insensitive,4,7.0
374100,ZUmOui6VockU59FJ6QNjWb1BcFGQghqaHB46IvHQV0+xfUUlPESe4lSP+h4CVJ3c,0.32821,0.8252440000000001,2.039777,0,2591700,31.877409,Delay-insensitive,4,7.0
374400,ZUmOui6VockU59FJ6QNjWb1BcFGQghqaHB46IvHQV0+xfUUlPESe4lSP+h4CVJ3c,0.057566,3.278429,41.771643,0,2591700,31.877409,Delay-insensitive,4,7.0
374700,ZUmOui6VockU59FJ6QNjWb1BcFGQghqaHB46IvHQV0+xfUUlPESe4lSP+h4CVJ3c,0.300096,0.7813399999999999,1.580274,0,2591700,31.877409,Delay-insensitive,4,7.0
375000,ZUmOui6VockU59FJ6QNjWb1BcFGQghqaHB46IvHQV0+xfUUlPESe4lSP+h4CVJ3c,0.345145,0.8677540000000001,1.93677,0,2591700,31.877409,Delay-insensitive,4,7.0
375300,ZUmOui6VockU59FJ6QNjWb1BcFGQghqaHB46IvHQV0+xfUUlPESe4lSP+h4CVJ3c,0.206617,0.8283590000000001,1.559727,0,2591700,31.877409,Delay-insensitive,4,7.0
375600,ZUmOui6VockU59FJ6QNjWb1BcFGQghqaHB46IvHQV0+xfUUlPESe4lSP+h4CVJ3c,0.4553239999999999,0.971786,1.698986,0,2591700,31.877409,Delay-insensitive,4,7.0
375900,ZUmOui6VockU59FJ6QNjWb1BcFGQghqaHB46IvHQV0+xfUUlPESe4lSP+h4CVJ3c,0.193372,0.818051,2.273076,0,2591700,31.877409,Delay-insensitive,4,7.0
376200,ZUmOui6VockU59FJ6QNjWb1BcFGQghqaHB46IvHQV0+xfUUlPESe4lSP+h4CVJ3c,0.351587,0.892383,2.079958,0,2591700,31.877409,Delay-insensitive,4,7.0
376500,ZUmOui6VockU59FJ6QNjWb1BcFGQghqaHB46IvHQV0+xfUUlPESe4lSP+h4CVJ3c,0.094696,1.039365,4.870964,0,2591700,31.877409,Delay-insensitive,4,7.0
376800,ZUmOui6VockU59FJ6QNjWb1BcFGQghqaHB46IvHQV0+xfUUlPESe4lSP+h4CVJ3c,0.439659,0.890755,1.702028,0,2591700,31.877409,Delay-insensitive,4,7.0
377100,ZUmOui6VockU59FJ6QNjWb1BcFGQghqaHB46IvHQV0+xfUUlPESe4lSP+h4CVJ3c,0.164023,0.8788540000000001,1.610678,0,2591700,31.877409,Delay-insensitive,4,7.0
377400,ZUmOui6VockU59FJ6QNjWb1BcFGQghqaHB46IvHQV0+xfUUlPESe4lSP+h4CVJ3c,0.298952,1.003761,3.808864,0,2591700,31.877409,Delay-insensitive,4,7.0
377700,ZUmOui6VockU59FJ6QNjWb1BcFGQghqaHB46IvHQV0+xfUUlPESe4lSP+h4CVJ3c,0.311633,0.876755,1.7532009999999998,0,2591700,31.877409,Delay-insensitive,4,7.0
378000,ZUmOui6VockU59FJ6QNjWb1BcFGQghqaHB46IvHQV0+xfUUlPESe4lSP+h4CVJ3c,0.371818,3.3280870000000005,47.830837,0,2591700,31.877409,Delay-insensitive,4,7.0
378300,ZUmOui6VockU59FJ6QNjWb1BcFGQghqaHB46IvHQV0+xfUUlPESe4lSP+h4CVJ3c,0.473626,0.861814,1.727251,0,2591700,31.877409,Delay-insensitive,4,7.0
378600,ZUmOui6VockU59FJ6QNjWb1BcFGQghqaHB46IvHQV0+xfUUlPESe4lSP+h4CVJ3c,0.2805829999999999,1.038002,3.366582,0,2591700,31.877409,Delay-insensitive,4,7.0
378900,ZUmOui6VockU59FJ6QNjWb1BcFGQghqaHB46IvHQV0+xfUUlPESe4lSP+h4CVJ3c,0.3562,0.960022,2.014291,0,2591700,31.877409,Delay-insensitive,4,7.0
379200,ZUmOui6VockU59FJ6QNjWb1BcFGQghqaHB46IvHQV0+xfUUlPESe4lSP+h4CVJ3c,0.091166,1.060593,2.322966,0,2591700,31.877409,Delay-insensitive,4,7.0
379500,ZUmOui6VockU59FJ6QNjWb1BcFGQghqaHB46IvHQV0+xfUUlPESe4lSP+h4CVJ3c,0.233335,1.053664,2.350292,0,2591700,31.877409,Delay-insensitive,4,7.0
379800,ZUmOui6VockU59FJ6QNjWb1BcFGQghqaHB46IvHQV0+xfUUlPESe4lSP+h4CVJ3c,0.071028,5.592606,69.945679,0,2591700,31.877409,Delay-insensitive,4,7.0
380100,ZUmOui6VockU59FJ6QNjWb1BcFGQghqaHB46IvHQV0+xfUUlPESe4lSP+h4CVJ3c,0.522551,26.653029,99.656193,0,2591700,31.877409,Delay-insensitive,4,7.0
380400,ZUmOui6VockU59FJ6QNjWb1BcFGQghqaHB46IvHQV0+xfUUlPESe4lSP+h4CVJ3c,1.3798629999999998,25.551699,80.864406,0,2591700,31.877409,Delay-insensitive,4,7.0
380700,ZUmOui6VockU59FJ6QNjWb1BcFGQghqaHB46IvHQV0+xfUUlPESe4lSP+h4CVJ3c,0.137744,1.286483,3.480077,0,2591700,31.877409,Delay-insensitive,4,7.0
381000,ZUmOui6VockU59FJ6QNjWb1BcFGQghqaHB46IvHQV0+xfUUlPESe4lSP+h4CVJ3c,0.421311,1.378215,2.646414,0,2591700,31.877409,Delay-insensitive,4,7.0
381300,ZUmOui6VockU59FJ6QNjWb1BcFGQghqaHB46IvHQV0+xfUUlPESe4lSP+h4CVJ3c,0.074745,1.284936,2.865316,0,2591700,31.877409,Delay-insensitive,4,7.0
381600,ZUmOui6VockU59FJ6QNjWb1BcFGQghqaHB46IvHQV0+xfUUlPESe4lSP+h4CVJ3c,0.4353939999999999,3.72656,20.876972,0,2591700,31.877409,Delay-insensitive,4,7.0
381900,ZUmOui6VockU59FJ6QNjWb1BcFGQghqaHB46IvHQV0+xfUUlPESe4lSP+h4CVJ3c,0.20751,1.225368,2.790642,0,2591700,31.877409,Delay-insensitive,4,7.0
382200,ZUmOui6VockU59FJ6QNjWb1BcFGQghqaHB46IvHQV0+xfUUlPESe4lSP+h4CVJ3c,0.271933,1.321358,3.005417,0,2591700,31.877409,Delay-insensitive,4,7.0
382500,ZUmOui6VockU59FJ6QNjWb1BcFGQghqaHB46IvHQV0+xfUUlPESe4lSP+h4CVJ3c,0.341503,1.3062049999999998,2.734996,0,2591700,31.877409,Delay-insensitive,4,7.0
382800,ZUmOui6VockU59FJ6QNjWb1BcFGQghqaHB46IvHQV0+xfUUlPESe4lSP+h4CVJ3c,0.1168829999999999,1.166711,2.582455,0,2591700,31.877409,Delay-insensitive,4,7.0
383100,ZUmOui6VockU59FJ6QNjWb1BcFGQghqaHB46IvHQV0+xfUUlPESe4lSP+h4CVJ3c,0.338307,1.193849,2.842385,0,2591700,31.877409,Delay-insensitive,4,7.0
383400,ZUmOui6VockU59FJ6QNjWb1BcFGQghqaHB46IvHQV0+xfUUlPESe4lSP+h4CVJ3c,0.069993,1.113213,2.288111,0,2591700,31.877409,Delay-insensitive,4,7.0
383700,ZUmOui6VockU59FJ6QNjWb1BcFGQghqaHB46IvHQV0+xfUUlPESe4lSP+h4CVJ3c,0.264214,1.094288,2.355553,0,2591700,31.877409,Delay-insensitive,4,7.0
384000,ZUmOui6VockU59FJ6QNjWb1BcFGQghqaHB46IvHQV0+xfUUlPESe4lSP+h4CVJ3c,0.076065,1.048844,2.777779,0,2591700,31.877409,Delay-insensitive,4,7.0
384300,ZUmOui6VockU59FJ6QNjWb1BcFGQghqaHB46IvHQV0+xfUUlPESe4lSP+h4CVJ3c,0.266991,1.016882,2.074331,0,2591700,31.877409,Delay-insensitive,4,7.0
384600,ZUmOui6VockU59FJ6QNjWb1BcFGQghqaHB46IvHQV0+xfUUlPESe4lSP+h4CVJ3c,0.271447,1.055357,2.250375,0,2591700,31.877409,Delay-insensitive,4,7.0
384900,ZUmOui6VockU59FJ6QNjWb1BcFGQghqaHB46IvHQV0+xfUUlPESe4lSP+h4CVJ3c,0.299852,1.005669,2.57955,0,2591700,31.877409,Delay-insensitive,4,7.0
385200,ZUmOui6VockU59FJ6QNjWb1BcFGQghqaHB46IvHQV0+xfUUlPESe4lSP+h4CVJ3c,0.208236,3.444477,26.055571,0,2591700,31.877409,Delay-insensitive,4,7.0
385500,ZUmOui6VockU59FJ6QNjWb1BcFGQghqaHB46IvHQV0+xfUUlPESe4lSP+h4CVJ3c,0.185502,0.879237,1.778258,0,2591700,31.877409,Delay-insensitive,4,7.0
385800,ZUmOui6VockU59FJ6QNjWb1BcFGQghqaHB46IvHQV0+xfUUlPESe4lSP+h4CVJ3c,0.242505,0.913618,2.230265,0,2591700,31.877409,Delay-insensitive,4,7.0
386100,ZUmOui6VockU59FJ6QNjWb1BcFGQghqaHB46IvHQV0+xfUUlPESe4lSP+h4CVJ3c,0.245875,0.8978389999999999,2.114572,0,2591700,31.877409,Delay-insensitive,4,7.0
386400,ZUmOui6VockU59FJ6QNjWb1BcFGQghqaHB46IvHQV0+xfUUlPESe4lSP+h4CVJ3c,0.306523,0.905405,1.787365,0,2591700,31.877409,Delay-insensitive,4,7.0
386700,ZUmOui6VockU59FJ6QNjWb1BcFGQghqaHB46IvHQV0+xfUUlPESe4lSP+h4CVJ3c,0.078418,0.8422069999999999,1.888878,0,2591700,31.877409,Delay-insensitive,4,7.0
387000,ZUmOui6VockU59FJ6QNjWb1BcFGQghqaHB46IvHQV0+xfUUlPESe4lSP+h4CVJ3c,0.300608,0.8540629999999999,1.752268,0,2591700,31.877409,Delay-insensitive,4,7.0
387300,ZUmOui6VockU59FJ6QNjWb1BcFGQghqaHB46IvHQV0+xfUUlPESe4lSP+h4CVJ3c,0.173971,0.81971,1.633506,0,2591700,31.877409,Delay-insensitive,4,7.0
387600,ZUmOui6VockU59FJ6QNjWb1BcFGQghqaHB46IvHQV0+xfUUlPESe4lSP+h4CVJ3c,0.2140889999999999,0.8736440000000001,2.204747,0,2591700,31.877409,Delay-insensitive,4,7.0
387900,ZUmOui6VockU59FJ6QNjWb1BcFGQghqaHB46IvHQV0+xfUUlPESe4lSP+h4CVJ3c,0.069472,0.938325,2.080859,0,2591700,31.877409,Delay-insensitive,4,7.0
388200,ZUmOui6VockU59FJ6QNjWb1BcFGQghqaHB46IvHQV0+xfUUlPESe4lSP+h4CVJ3c,0.093956,0.840743,1.729842,0,2591700,31.877409,Delay-insensitive,4,7.0
388500,ZUmOui6VockU59FJ6QNjWb1BcFGQghqaHB46IvHQV0+xfUUlPESe4lSP+h4CVJ3c,0.265205,0.8564620000000001,1.545733,0,2591700,31.877409,Delay-insensitive,4,7.0
388800,ZUmOui6VockU59FJ6QNjWb1BcFGQghqaHB46IvHQV0+xfUUlPESe4lSP+h4CVJ3c,0.3305659999999999,1.179473,7.722450999999999,0,2591700,31.877409,Delay-insensitive,4,7.0
389100,ZUmOui6VockU59FJ6QNjWb1BcFGQghqaHB46IvHQV0+xfUUlPESe4lSP+h4CVJ3c,0.306262,2.88712,42.178507,0,2591700,31.877409,Delay-insensitive,4,7.0
389400,ZUmOui6VockU59FJ6QNjWb1BcFGQghqaHB46IvHQV0+xfUUlPESe4lSP+h4CVJ3c,0.090517,0.7704840000000001,1.813233,0,2591700,31.877409,Delay-insensitive,4,7.0
389700,ZUmOui6VockU59FJ6QNjWb1BcFGQghqaHB46IvHQV0+xfUUlPESe4lSP+h4CVJ3c,0.3089389999999999,0.8219,1.559448,0,2591700,31.877409,Delay-insensitive,4,7.0
390000,ZUmOui6VockU59FJ6QNjWb1BcFGQghqaHB46IvHQV0+xfUUlPESe4lSP+h4CVJ3c,0.213832,0.814715,1.6752189999999998,0,2591700,31.877409,Delay-insensitive,4,7.0
390300,ZUmOui6VockU59FJ6QNjWb1BcFGQghqaHB46IvHQV0+xfUUlPESe4lSP+h4CVJ3c,0.2373739999999999,0.955723,2.044601,0,2591700,31.877409,Delay-insensitive,4,7.0
390600,ZUmOui6VockU59FJ6QNjWb1BcFGQghqaHB46IvHQV0+xfUUlPESe4lSP+h4CVJ3c,0.280785,0.997435,2.096131,0,2591700,31.877409,Delay-insensitive,4,7.0
390900,ZUmOui6VockU59FJ6QNjWb1BcFGQghqaHB46IvHQV0+xfUUlPESe4lSP+h4CVJ3c,0.132143,0.955047,2.114862,0,2591700,31.877409,Delay-insensitive,4,7.0
391200,ZUmOui6VockU59FJ6QNjWb1BcFGQghqaHB46IvHQV0+xfUUlPESe4lSP+h4CVJ3c,0.330636,1.063213,1.958799,0,2591700,31.877409,Delay-insensitive,4,7.0
391500,ZUmOui6VockU59FJ6QNjWb1BcFGQghqaHB46IvHQV0+xfUUlPESe4lSP+h4CVJ3c,0.171065,0.849158,2.0701,0,2591700,31.877409,Delay-insensitive,4,7.0
391800,ZUmOui6VockU59FJ6QNjWb1BcFGQghqaHB46IvHQV0+xfUUlPESe4lSP+h4CVJ3c,0.240794,0.791176,1.596835,0,2591700,31.877409,Delay-insensitive,4,7.0
392100,ZUmOui6VockU59FJ6QNjWb1BcFGQghqaHB46IvHQV0+xfUUlPESe4lSP+h4CVJ3c,0.255729,0.735771,1.476717,0,2591700,31.877409,Delay-insensitive,4,7.0
392400,ZUmOui6VockU59FJ6QNjWb1BcFGQghqaHB46IvHQV0+xfUUlPESe4lSP+h4CVJ3c,0.293002,0.703367,1.471735,0,2591700,31.877409,Delay-insensitive,4,7.0
392700,ZUmOui6VockU59FJ6QNjWb1BcFGQghqaHB46IvHQV0+xfUUlPESe4lSP+h4CVJ3c,0.222373,2.793404,25.008854,0,2591700,31.877409,Delay-insensitive,4,7.0
393000,ZUmOui6VockU59FJ6QNjWb1BcFGQghqaHB46IvHQV0+xfUUlPESe4lSP+h4CVJ3c,0.289853,0.8280790000000001,1.46551,0,2591700,31.877409,Delay-insensitive,4,7.0
393300,ZUmOui6VockU59FJ6QNjWb1BcFGQghqaHB46IvHQV0+xfUUlPESe4lSP+h4CVJ3c,0.038897,0.683558,1.535519,0,2591700,31.877409,Delay-insensitive,4,7.0
393600,ZUmOui6VockU59FJ6QNjWb1BcFGQghqaHB46IvHQV0+xfUUlPESe4lSP+h4CVJ3c,0.166113,0.819509,1.577901,0,2591700,31.877409,Delay-insensitive,4,7.0
393900,ZUmOui6VockU59FJ6QNjWb1BcFGQghqaHB46IvHQV0+xfUUlPESe4lSP+h4CVJ3c,2.032193,5.115096,9.740905,0,2591700,31.877409,Delay-insensitive,4,7.0
394200,ZUmOui6VockU59FJ6QNjWb1BcFGQghqaHB46IvHQV0+xfUUlPESe4lSP+h4CVJ3c,1.456302,5.127312,7.659706,0,2591700,31.877409,Delay-insensitive,4,7.0
394500,ZUmOui6VockU59FJ6QNjWb1BcFGQghqaHB46IvHQV0+xfUUlPESe4lSP+h4CVJ3c,0.3925349999999999,4.983534,8.272296,0,2591700,31.877409,Delay-insensitive,4,7.0
394800,ZUmOui6VockU59FJ6QNjWb1BcFGQghqaHB46IvHQV0+xfUUlPESe4lSP+h4CVJ3c,0.081723,1.506988,4.384316,0,2591700,31.877409,Delay-insensitive,4,7.0
395100,ZUmOui6VockU59FJ6QNjWb1BcFGQghqaHB46IvHQV0+xfUUlPESe4lSP+h4CVJ3c,0.328702,0.873768,1.740934,0,2591700,31.877409,Delay-insensitive,4,7.0
395400,ZUmOui6VockU59FJ6QNjWb1BcFGQghqaHB46IvHQV0+xfUUlPESe4lSP+h4CVJ3c,0.283826,0.784511,1.406773,0,2591700,31.877409,Delay-insensitive,4,7.0
395700,ZUmOui6VockU59FJ6QNjWb1BcFGQghqaHB46IvHQV0+xfUUlPESe4lSP+h4CVJ3c,0.289112,0.8744200000000001,1.611622,0,2591700,31.877409,Delay-insensitive,4,7.0
396000,ZUmOui6VockU59FJ6QNjWb1BcFGQghqaHB46IvHQV0+xfUUlPESe4lSP+h4CVJ3c,0.23886,0.793335,1.565696,0,2591700,31.877409,Delay-insensitive,4,7.0
396300,ZUmOui6VockU59FJ6QNjWb1BcFGQghqaHB46IvHQV0+xfUUlPESe4lSP+h4CVJ3c,0.079511,3.268887,52.157147,0,2591700,31.877409,Delay-insensitive,4,7.0
396600,ZUmOui6VockU59FJ6QNjWb1BcFGQghqaHB46IvHQV0+xfUUlPESe4lSP+h4CVJ3c,0.328574,0.7798109999999999,1.540936,0,2591700,31.877409,Delay-insensitive,4,7.0
396900,ZUmOui6VockU59FJ6QNjWb1BcFGQghqaHB46IvHQV0+xfUUlPESe4lSP+h4CVJ3c,0.147004,0.720873,1.454855,0,2591700,31.877409,Delay-insensitive,4,7.0
397200,ZUmOui6VockU59FJ6QNjWb1BcFGQghqaHB46IvHQV0+xfUUlPESe4lSP+h4CVJ3c,0.363483,0.746995,1.35202,0,2591700,31.877409,Delay-insensitive,4,7.0
397500,ZUmOui6VockU59FJ6QNjWb1BcFGQghqaHB46IvHQV0+xfUUlPESe4lSP+h4CVJ3c,0.271381,0.756877,1.884093,0,2591700,31.877409,Delay-insensitive,4,7.0
397800,ZUmOui6VockU59FJ6QNjWb1BcFGQghqaHB46IvHQV0+xfUUlPESe4lSP+h4CVJ3c,0.2481679999999999,0.6829109999999999,1.392747,0,2591700,31.877409,Delay-insensitive,4,7.0
398100,ZUmOui6VockU59FJ6QNjWb1BcFGQghqaHB46IvHQV0+xfUUlPESe4lSP+h4CVJ3c,0.237565,0.6497029999999999,1.2790780000000002,0,2591700,31.877409,Delay-insensitive,4,7.0
398400,ZUmOui6VockU59FJ6QNjWb1BcFGQghqaHB46IvHQV0+xfUUlPESe4lSP+h4CVJ3c,0.264065,0.641888,1.587617,0,2591700,31.877409,Delay-insensitive,4,7.0
398700,ZUmOui6VockU59FJ6QNjWb1BcFGQghqaHB46IvHQV0+xfUUlPESe4lSP+h4CVJ3c,0.240197,0.5901850000000001,1.52174,0,2591700,31.877409,Delay-insensitive,4,7.0
399000,ZUmOui6VockU59FJ6QNjWb1BcFGQghqaHB46IvHQV0+xfUUlPESe4lSP+h4CVJ3c,0.267986,0.64881,2.435721,0,2591700,31.877409,Delay-insensitive,4,7.0
399300,ZUmOui6VockU59FJ6QNjWb1BcFGQghqaHB46IvHQV0+xfUUlPESe4lSP+h4CVJ3c,0.273121,0.626795,1.078727,0,2591700,31.877409,Delay-insensitive,4,7.0
399600,ZUmOui6VockU59FJ6QNjWb1BcFGQghqaHB46IvHQV0+xfUUlPESe4lSP+h4CVJ3c,0.254531,0.6517029999999999,1.569523,0,2591700,31.877409,Delay-insensitive,4,7.0
399900,ZUmOui6VockU59FJ6QNjWb1BcFGQghqaHB46IvHQV0+xfUUlPESe4lSP+h4CVJ3c,0.282961,3.061194,34.346095,0,2591700,31.877409,Delay-insensitive,4,7.0
400200,ZUmOui6VockU59FJ6QNjWb1BcFGQghqaHB46IvHQV0+xfUUlPESe4lSP+h4CVJ3c,0.073187,0.568929,1.089267,0,2591700,31.877409,Delay-insensitive,4,7.0
400500,ZUmOui6VockU59FJ6QNjWb1BcFGQghqaHB46IvHQV0+xfUUlPESe4lSP+h4CVJ3c,0.168928,0.584692,1.169469,0,2591700,31.877409,Delay-insensitive,4,7.0
400800,ZUmOui6VockU59FJ6QNjWb1BcFGQghqaHB46IvHQV0+xfUUlPESe4lSP+h4CVJ3c,0.075518,0.535863,1.010125,0,2591700,31.877409,Delay-insensitive,4,7.0
401100,ZUmOui6VockU59FJ6QNjWb1BcFGQghqaHB46IvHQV0+xfUUlPESe4lSP+h4CVJ3c,0.209955,0.639191,1.204263,0,2591700,31.877409,Delay-insensitive,4,7.0
401400,ZUmOui6VockU59FJ6QNjWb1BcFGQghqaHB46IvHQV0+xfUUlPESe4lSP+h4CVJ3c,0.14025,0.602078,1.712882,0,2591700,31.877409,Delay-insensitive,4,7.0
401700,ZUmOui6VockU59FJ6QNjWb1BcFGQghqaHB46IvHQV0+xfUUlPESe4lSP+h4CVJ3c,0.1031859999999999,0.521897,1.133921,0,2591700,31.877409,Delay-insensitive,4,7.0
402000,ZUmOui6VockU59FJ6QNjWb1BcFGQghqaHB46IvHQV0+xfUUlPESe4lSP+h4CVJ3c,0.259772,0.593526,1.18414,0,2591700,31.877409,Delay-insensitive,4,7.0
402300,ZUmOui6VockU59FJ6QNjWb1BcFGQghqaHB46IvHQV0+xfUUlPESe4lSP+h4CVJ3c,0.068283,0.530813,1.097278,0,2591700,31.877409,Delay-insensitive,4,7.0
402600,ZUmOui6VockU59FJ6QNjWb1BcFGQghqaHB46IvHQV0+xfUUlPESe4lSP+h4CVJ3c,0.234573,0.5568770000000001,0.889273,0,2591700,31.877409,Delay-insensitive,4,7.0
402900,ZUmOui6VockU59FJ6QNjWb1BcFGQghqaHB46IvHQV0+xfUUlPESe4lSP+h4CVJ3c,0.111126,0.584307,1.186701,0,2591700,31.877409,Delay-insensitive,4,7.0
403200,ZUmOui6VockU59FJ6QNjWb1BcFGQghqaHB46IvHQV0+xfUUlPESe4lSP+h4CVJ3c,0.167172,0.578336,1.456267,0,2591700,31.877409,Delay-insensitive,4,7.0
403500,ZUmOui6VockU59FJ6QNjWb1BcFGQghqaHB46IvHQV0+xfUUlPESe4lSP+h4CVJ3c,0.237234,0.622744,2.027854,0,2591700,31.877409,Delay-insensitive,4,7.0
403800,ZUmOui6VockU59FJ6QNjWb1BcFGQghqaHB46IvHQV0+xfUUlPESe4lSP+h4CVJ3c,0.219078,3.036251,40.326481,0,2591700,31.877409,Delay-insensitive,4,7.0
404100,ZUmOui6VockU59FJ6QNjWb1BcFGQghqaHB46IvHQV0+xfUUlPESe4lSP+h4CVJ3c,0.072184,0.541,1.317835,0,2591700,31.877409,Delay-insensitive,4,7.0
404400,ZUmOui6VockU59FJ6QNjWb1BcFGQghqaHB46IvHQV0+xfUUlPESe4lSP+h4CVJ3c,0.217455,0.5989909999999999,1.507894,0,2591700,31.877409,Delay-insensitive,4,7.0
404700,ZUmOui6VockU59FJ6QNjWb1BcFGQghqaHB46IvHQV0+xfUUlPESe4lSP+h4CVJ3c,0.225538,0.608028,1.484717,0,2591700,31.877409,Delay-insensitive,4,7.0
405000,ZUmOui6VockU59FJ6QNjWb1BcFGQghqaHB46IvHQV0+xfUUlPESe4lSP+h4CVJ3c,0.215965,0.631293,1.501023,0,2591700,31.877409,Delay-insensitive,4,7.0
405300,ZUmOui6VockU59FJ6QNjWb1BcFGQghqaHB46IvHQV0+xfUUlPESe4lSP+h4CVJ3c,0.227454,8.800351,64.323044,0,2591700,31.877409,Delay-insensitive,4,7.0
405600,ZUmOui6VockU59FJ6QNjWb1BcFGQghqaHB46IvHQV0+xfUUlPESe4lSP+h4CVJ3c,0.199214,18.858918,99.841875,0,2591700,31.877409,Delay-insensitive,4,7.0
405900,ZUmOui6VockU59FJ6QNjWb1BcFGQghqaHB46IvHQV0+xfUUlPESe4lSP+h4CVJ3c,0.289085,0.6196550000000001,1.652739,0,2591700,31.877409,Delay-insensitive,4,7.0
406200,ZUmOui6VockU59FJ6QNjWb1BcFGQghqaHB46IvHQV0+xfUUlPESe4lSP+h4CVJ3c,0.056137,0.54018,1.182321,0,2591700,31.877409,Delay-insensitive,4,7.0
406500,ZUmOui6VockU59FJ6QNjWb1BcFGQghqaHB46IvHQV0+xfUUlPESe4lSP+h4CVJ3c,0.2445699999999999,0.582068,1.252948,0,2591700,31.877409,Delay-insensitive,4,7.0
406800,ZUmOui6VockU59FJ6QNjWb1BcFGQghqaHB46IvHQV0+xfUUlPESe4lSP+h4CVJ3c,0.0556539999999999,0.538451,1.198548,0,2591700,31.877409,Delay-insensitive,4,7.0
407100,ZUmOui6VockU59FJ6QNjWb1BcFGQghqaHB46IvHQV0+xfUUlPESe4lSP+h4CVJ3c,0.080786,0.515536,1.124884,0,2591700,31.877409,Delay-insensitive,4,7.0
407400,ZUmOui6VockU59FJ6QNjWb1BcFGQghqaHB46IvHQV0+xfUUlPESe4lSP+h4CVJ3c,0.21556,3.030953,22.457295,0,2591700,31.877409,Delay-insensitive,4,7.0
407700,ZUmOui6VockU59FJ6QNjWb1BcFGQghqaHB46IvHQV0+xfUUlPESe4lSP+h4CVJ3c,0.0547389999999999,0.509853,1.132706,0,2591700,31.877409,Delay-insensitive,4,7.0
408000,ZUmOui6VockU59FJ6QNjWb1BcFGQghqaHB46IvHQV0+xfUUlPESe4lSP+h4CVJ3c,0.181388,0.49915,0.973847,0,2591700,31.877409,Delay-insensitive,4,7.0
408300,ZUmOui6VockU59FJ6QNjWb1BcFGQghqaHB46IvHQV0+xfUUlPESe4lSP+h4CVJ3c,0.119592,0.520247,0.877499,0,2591700,31.877409,Delay-insensitive,4,7.0
408600,ZUmOui6VockU59FJ6QNjWb1BcFGQghqaHB46IvHQV0+xfUUlPESe4lSP+h4CVJ3c,0.224459,0.534738,1.053304,0,2591700,31.877409,Delay-insensitive,4,7.0
408900,ZUmOui6VockU59FJ6QNjWb1BcFGQghqaHB46IvHQV0+xfUUlPESe4lSP+h4CVJ3c,0.101609,0.662718,3.974578,0,2591700,31.877409,Delay-insensitive,4,7.0
409200,ZUmOui6VockU59FJ6QNjWb1BcFGQghqaHB46IvHQV0+xfUUlPESe4lSP+h4CVJ3c,0.237123,0.599144,1.011251,0,2591700,31.877409,Delay-insensitive,4,7.0
409500,ZUmOui6VockU59FJ6QNjWb1BcFGQghqaHB46IvHQV0+xfUUlPESe4lSP+h4CVJ3c,0.1147089999999999,0.529602,1.086853,0,2591700,31.877409,Delay-insensitive,4,7.0
409800,ZUmOui6VockU59FJ6QNjWb1BcFGQghqaHB46IvHQV0+xfUUlPESe4lSP+h4CVJ3c,0.154211,0.52866,1.107267,0,2591700,31.877409,Delay-insensitive,4,7.0
410100,ZUmOui6VockU59FJ6QNjWb1BcFGQghqaHB46IvHQV0+xfUUlPESe4lSP+h4CVJ3c,0.231994,0.8426889999999999,5.225011,0,2591700,31.877409,Delay-insensitive,4,7.0
410400,ZUmOui6VockU59FJ6QNjWb1BcFGQghqaHB46IvHQV0+xfUUlPESe4lSP+h4CVJ3c,0.059596,0.54003,1.039179,0,2591700,31.877409,Delay-insensitive,4,7.0
410700,ZUmOui6VockU59FJ6QNjWb1BcFGQghqaHB46IvHQV0+xfUUlPESe4lSP+h4CVJ3c,0.188072,0.506404,1.055583,0,2591700,31.877409,Delay-insensitive,4,7.0
411000,ZUmOui6VockU59FJ6QNjWb1BcFGQghqaHB46IvHQV0+xfUUlPESe4lSP+h4CVJ3c,0.104042,2.470279,37.070255,0,2591700,31.877409,Delay-insensitive,4,7.0
411300,ZUmOui6VockU59FJ6QNjWb1BcFGQghqaHB46IvHQV0+xfUUlPESe4lSP+h4CVJ3c,0.243834,0.528949,1.002061,0,2591700,31.877409,Delay-insensitive,4,7.0
411600,ZUmOui6VockU59FJ6QNjWb1BcFGQghqaHB46IvHQV0+xfUUlPESe4lSP+h4CVJ3c,0.166501,0.48882,1.033984,0,2591700,31.877409,Delay-insensitive,4,7.0
411900,ZUmOui6VockU59FJ6QNjWb1BcFGQghqaHB46IvHQV0+xfUUlPESe4lSP+h4CVJ3c,0.239882,0.570329,0.975763,0,2591700,31.877409,Delay-insensitive,4,7.0
412200,ZUmOui6VockU59FJ6QNjWb1BcFGQghqaHB46IvHQV0+xfUUlPESe4lSP+h4CVJ3c,0.2404349999999999,0.5417350000000001,1.2937379999999998,0,2591700,31.877409,Delay-insensitive,4,7.0
412500,ZUmOui6VockU59FJ6QNjWb1BcFGQghqaHB46IvHQV0+xfUUlPESe4lSP+h4CVJ3c,0.038528,0.491432,0.996212,0,2591700,31.877409,Delay-insensitive,4,7.0
412800,ZUmOui6VockU59FJ6QNjWb1BcFGQghqaHB46IvHQV0+xfUUlPESe4lSP+h4CVJ3c,0.238107,0.5703050000000001,1.097409,0,2591700,31.877409,Delay-insensitive,4,7.0
413100,ZUmOui6VockU59FJ6QNjWb1BcFGQghqaHB46IvHQV0+xfUUlPESe4lSP+h4CVJ3c,0.26879,0.653831,2.104518,0,2591700,31.877409,Delay-insensitive,4,7.0
413400,ZUmOui6VockU59FJ6QNjWb1BcFGQghqaHB46IvHQV0+xfUUlPESe4lSP+h4CVJ3c,0.236304,0.532341,1.097328,0,2591700,31.877409,Delay-insensitive,4,7.0
413700,ZUmOui6VockU59FJ6QNjWb1BcFGQghqaHB46IvHQV0+xfUUlPESe4lSP+h4CVJ3c,0.137164,0.544469,1.1300709999999998,0,2591700,31.877409,Delay-insensitive,4,7.0
414000,ZUmOui6VockU59FJ6QNjWb1BcFGQghqaHB46IvHQV0+xfUUlPESe4lSP+h4CVJ3c,0.218392,0.547574,1.089739,0,2591700,31.877409,Delay-insensitive,4,7.0
414300,ZUmOui6VockU59FJ6QNjWb1BcFGQghqaHB46IvHQV0+xfUUlPESe4lSP+h4CVJ3c,0.056272,0.524988,1.23437,0,2591700,31.877409,Delay-insensitive,4,7.0
414600,ZUmOui6VockU59FJ6QNjWb1BcFGQghqaHB46IvHQV0+xfUUlPESe4lSP+h4CVJ3c,0.257815,3.016512,41.10357,0,2591700,31.877409,Delay-insensitive,4,7.0
414900,ZUmOui6VockU59FJ6QNjWb1BcFGQghqaHB46IvHQV0+xfUUlPESe4lSP+h4CVJ3c,0.048358,0.583547,1.450524,0,2591700,31.877409,Delay-insensitive,4,7.0
415200,ZUmOui6VockU59FJ6QNjWb1BcFGQghqaHB46IvHQV0+xfUUlPESe4lSP+h4CVJ3c,0.127487,0.562379,1.246083,0,2591700,31.877409,Delay-insensitive,4,7.0
415500,ZUmOui6VockU59FJ6QNjWb1BcFGQghqaHB46IvHQV0+xfUUlPESe4lSP+h4CVJ3c,0.299128,0.6447069999999999,1.605582,0,2591700,31.877409,Delay-insensitive,4,7.0
415800,ZUmOui6VockU59FJ6QNjWb1BcFGQghqaHB46IvHQV0+xfUUlPESe4lSP+h4CVJ3c,0.222421,0.6015699999999999,1.2332610000000002,0,2591700,31.877409,Delay-insensitive,4,7.0
416100,ZUmOui6VockU59FJ6QNjWb1BcFGQghqaHB46IvHQV0+xfUUlPESe4lSP+h4CVJ3c,0.247932,0.5962609999999999,1.156886,0,2591700,31.877409,Delay-insensitive,4,7.0
416400,ZUmOui6VockU59FJ6QNjWb1BcFGQghqaHB46IvHQV0+xfUUlPESe4lSP+h4CVJ3c,0.144727,0.5930529999999999,1.118633,0,2591700,31.877409,Delay-insensitive,4,7.0
416700,ZUmOui6VockU59FJ6QNjWb1BcFGQghqaHB46IvHQV0+xfUUlPESe4lSP+h4CVJ3c,0.313078,0.63999,1.087363,0,2591700,31.877409,Delay-insensitive,4,7.0
417000,ZUmOui6VockU59FJ6QNjWb1BcFGQghqaHB46IvHQV0+xfUUlPESe4lSP+h4CVJ3c,0.059933,0.584989,1.257703,0,2591700,31.877409,Delay-insensitive,4,7.0
417300,ZUmOui6VockU59FJ6QNjWb1BcFGQghqaHB46IvHQV0+xfUUlPESe4lSP+h4CVJ3c,0.264302,0.644446,1.316948,0,2591700,31.877409,Delay-insensitive,4,7.0
417600,ZUmOui6VockU59FJ6QNjWb1BcFGQghqaHB46IvHQV0+xfUUlPESe4lSP+h4CVJ3c,0.062951,0.597965,1.225142,0,2591700,31.877409,Delay-insensitive,4,7.0
417900,ZUmOui6VockU59FJ6QNjWb1BcFGQghqaHB46IvHQV0+xfUUlPESe4lSP+h4CVJ3c,0.205422,0.6096729999999999,1.144507,0,2591700,31.877409,Delay-insensitive,4,7.0
418200,ZUmOui6VockU59FJ6QNjWb1BcFGQghqaHB46IvHQV0+xfUUlPESe4lSP+h4CVJ3c,0.208338,2.633356,23.855868,0,2591700,31.877409,Delay-insensitive,4,7.0
418500,ZUmOui6VockU59FJ6QNjWb1BcFGQghqaHB46IvHQV0+xfUUlPESe4lSP+h4CVJ3c,0.067111,1.002144,7.774711999999999,0,2591700,31.877409,Delay-insensitive,4,7.0
418800,ZUmOui6VockU59FJ6QNjWb1BcFGQghqaHB46IvHQV0+xfUUlPESe4lSP+h4CVJ3c,0.2285989999999999,0.6101979999999999,1.33223,0,2591700,31.877409,Delay-insensitive,4,7.0
419100,ZUmOui6VockU59FJ6QNjWb1BcFGQghqaHB46IvHQV0+xfUUlPESe4lSP+h4CVJ3c,0.166289,0.563267,1.17543,0,2591700,31.877409,Delay-insensitive,4,7.0
419400,ZUmOui6VockU59FJ6QNjWb1BcFGQghqaHB46IvHQV0+xfUUlPESe4lSP+h4CVJ3c,0.221964,0.602819,1.609682,0,2591700,31.877409,Delay-insensitive,4,7.0
419700,ZUmOui6VockU59FJ6QNjWb1BcFGQghqaHB46IvHQV0+xfUUlPESe4lSP+h4CVJ3c,0.140494,0.5631550000000001,1.114306,0,2591700,31.877409,Delay-insensitive,4,7.0
420000,ZUmOui6VockU59FJ6QNjWb1BcFGQghqaHB46IvHQV0+xfUUlPESe4lSP+h4CVJ3c,0.250221,0.641304,1.242293,0,2591700,31.877409,Delay-insensitive,4,7.0
420300,ZUmOui6VockU59FJ6QNjWb1BcFGQghqaHB46IvHQV0+xfUUlPESe4lSP+h4CVJ3c,0.121715,0.622102,1.608092,0,2591700,31.877409,Delay-insensitive,4,7.0
420600,ZUmOui6VockU59FJ6QNjWb1BcFGQghqaHB46IvHQV0+xfUUlPESe4lSP+h4CVJ3c,0.065501,0.612459,1.228066,0,2591700,31.877409,Delay-insensitive,4,7.0
420900,ZUmOui6VockU59FJ6QNjWb1BcFGQghqaHB46IvHQV0+xfUUlPESe4lSP+h4CVJ3c,0.254135,0.675755,1.433121,0,2591700,31.877409,Delay-insensitive,4,7.0
421200,ZUmOui6VockU59FJ6QNjWb1BcFGQghqaHB46IvHQV0+xfUUlPESe4lSP+h4CVJ3c,0.1831819999999999,0.787194,4.830474,0,2591700,31.877409,Delay-insensitive,4,7.0
421500,ZUmOui6VockU59FJ6QNjWb1BcFGQghqaHB46IvHQV0+xfUUlPESe4lSP+h4CVJ3c,0.242944,0.594957,1.189386,0,2591700,31.877409,Delay-insensitive,4,7.0
421800,ZUmOui6VockU59FJ6QNjWb1BcFGQghqaHB46IvHQV0+xfUUlPESe4lSP+h4CVJ3c,0.147446,0.5907789999999999,1.077448,0,2591700,31.877409,Delay-insensitive,4,7.0
422100,ZUmOui6VockU59FJ6QNjWb1BcFGQghqaHB46IvHQV0+xfUUlPESe4lSP+h4CVJ3c,0.1975029999999999,3.070697,21.147571,0,2591700,31.877409,Delay-insensitive,4,7.0
422400,ZUmOui6VockU59FJ6QNjWb1BcFGQghqaHB46IvHQV0+xfUUlPESe4lSP+h4CVJ3c,0.066649,0.53717,1.481267,0,2591700,31.877409,Delay-insensitive,4,7.0
422700,ZUmOui6VockU59FJ6QNjWb1BcFGQghqaHB46IvHQV0+xfUUlPESe4lSP+h4CVJ3c,0.215243,0.6232340000000001,1.320581,0,2591700,31.877409,Delay-insensitive,4,7.0
423000,ZUmOui6VockU59FJ6QNjWb1BcFGQghqaHB46IvHQV0+xfUUlPESe4lSP+h4CVJ3c,0.117354,5.609452,52.805879,0,2591700,31.877409,Delay-insensitive,4,7.0
423300,ZUmOui6VockU59FJ6QNjWb1BcFGQghqaHB46IvHQV0+xfUUlPESe4lSP+h4CVJ3c,0.078917,25.462223,99.301732,0,2591700,31.877409,Delay-insensitive,4,7.0
423600,ZUmOui6VockU59FJ6QNjWb1BcFGQghqaHB46IvHQV0+xfUUlPESe4lSP+h4CVJ3c,0.54028,24.707263,98.02823,0,2591700,31.877409,Delay-insensitive,4,7.0
423900,ZUmOui6VockU59FJ6QNjWb1BcFGQghqaHB46IvHQV0+xfUUlPESe4lSP+h4CVJ3c,0.13385,0.7183649999999999,1.633475,0,2591700,31.877409,Delay-insensitive,4,7.0
424200,ZUmOui6VockU59FJ6QNjWb1BcFGQghqaHB46IvHQV0+xfUUlPESe4lSP+h4CVJ3c,0.268726,0.6055,1.495152,0,2591700,31.877409,Delay-insensitive,4,7.0
424500,ZUmOui6VockU59FJ6QNjWb1BcFGQghqaHB46IvHQV0+xfUUlPESe4lSP+h4CVJ3c,0.103638,0.587917,1.380593,0,2591700,31.877409,Delay-insensitive,4,7.0
424800,ZUmOui6VockU59FJ6QNjWb1BcFGQghqaHB46IvHQV0+xfUUlPESe4lSP+h4CVJ3c,0.239193,0.557629,1.129864,0,2591700,31.877409,Delay-insensitive,4,7.0
425100,ZUmOui6VockU59FJ6QNjWb1BcFGQghqaHB46IvHQV0+xfUUlPESe4lSP+h4CVJ3c,0.058824,0.474917,1.13893,0,2591700,31.877409,Delay-insensitive,4,7.0
425400,ZUmOui6VockU59FJ6QNjWb1BcFGQghqaHB46IvHQV0+xfUUlPESe4lSP+h4CVJ3c,0.19285,0.588649,1.333169,0,2591700,31.877409,Delay-insensitive,4,7.0
425700,ZUmOui6VockU59FJ6QNjWb1BcFGQghqaHB46IvHQV0+xfUUlPESe4lSP+h4CVJ3c,0.099764,2.924169,21.562837,0,2591700,31.877409,Delay-insensitive,4,7.0
426000,ZUmOui6VockU59FJ6QNjWb1BcFGQghqaHB46IvHQV0+xfUUlPESe4lSP+h4CVJ3c,0.055671,0.499008,1.2889620000000002,0,2591700,31.877409,Delay-insensitive,4,7.0
426300,ZUmOui6VockU59FJ6QNjWb1BcFGQghqaHB46IvHQV0+xfUUlPESe4lSP+h4CVJ3c,0.2179989999999999,0.637281,1.386458,0,2591700,31.877409,Delay-insensitive,4,7.0
426600,ZUmOui6VockU59FJ6QNjWb1BcFGQghqaHB46IvHQV0+xfUUlPESe4lSP+h4CVJ3c,0.216164,0.7262529999999999,2.897653,0,2591700,31.877409,Delay-insensitive,4,7.0
426900,ZUmOui6VockU59FJ6QNjWb1BcFGQghqaHB46IvHQV0+xfUUlPESe4lSP+h4CVJ3c,0.278158,0.582334,1.268602,0,2591700,31.877409,Delay-insensitive,4,7.0
427200,ZUmOui6VockU59FJ6QNjWb1BcFGQghqaHB46IvHQV0+xfUUlPESe4lSP+h4CVJ3c,0.214853,0.613776,1.691872,0,2591700,31.877409,Delay-insensitive,4,7.0
427500,ZUmOui6VockU59FJ6QNjWb1BcFGQghqaHB46IvHQV0+xfUUlPESe4lSP+h4CVJ3c,0.2468699999999999,0.569901,1.1834209999999998,0,2591700,31.877409,Delay-insensitive,4,7.0
427800,ZUmOui6VockU59FJ6QNjWb1BcFGQghqaHB46IvHQV0+xfUUlPESe4lSP+h4CVJ3c,0.203678,0.4760279999999999,0.816287,0,2591700,31.877409,Delay-insensitive,4,7.0
428100,ZUmOui6VockU59FJ6QNjWb1BcFGQghqaHB46IvHQV0+xfUUlPESe4lSP+h4CVJ3c,0.273398,0.5542050000000001,1.071851,0,2591700,31.877409,Delay-insensitive,4,7.0
428400,ZUmOui6VockU59FJ6QNjWb1BcFGQghqaHB46IvHQV0+xfUUlPESe4lSP+h4CVJ3c,0.1119579999999999,0.49056,0.8881680000000001,0,2591700,31.877409,Delay-insensitive,4,7.0
428700,ZUmOui6VockU59FJ6QNjWb1BcFGQghqaHB46IvHQV0+xfUUlPESe4lSP+h4CVJ3c,0.248885,0.512684,0.8938379999999999,0,2591700,31.877409,Delay-insensitive,4,7.0
429000,ZUmOui6VockU59FJ6QNjWb1BcFGQghqaHB46IvHQV0+xfUUlPESe4lSP+h4CVJ3c,0.269621,0.537916,1.012084,0,2591700,31.877409,Delay-insensitive,4,7.0
429300,ZUmOui6VockU59FJ6QNjWb1BcFGQghqaHB46IvHQV0+xfUUlPESe4lSP+h4CVJ3c,0.084978,1.829618,28.772872,0,2591700,31.877409,Delay-insensitive,4,7.0
429600,ZUmOui6VockU59FJ6QNjWb1BcFGQghqaHB46IvHQV0+xfUUlPESe4lSP+h4CVJ3c,0.166428,1.6161709999999998,14.601053,0,2591700,31.877409,Delay-insensitive,4,7.0
429900,ZUmOui6VockU59FJ6QNjWb1BcFGQghqaHB46IvHQV0+xfUUlPESe4lSP+h4CVJ3c,0.152964,0.482361,1.094102,0,2591700,31.877409,Delay-insensitive,4,7.0
430200,ZUmOui6VockU59FJ6QNjWb1BcFGQghqaHB46IvHQV0+xfUUlPESe4lSP+h4CVJ3c,0.266997,0.52942,1.035124,0,2591700,31.877409,Delay-insensitive,4,7.0
430500,ZUmOui6VockU59FJ6QNjWb1BcFGQghqaHB46IvHQV0+xfUUlPESe4lSP+h4CVJ3c,0.212639,0.509649,0.934684,0,2591700,31.877409,Delay-insensitive,4,7.0
430800,ZUmOui6VockU59FJ6QNjWb1BcFGQghqaHB46IvHQV0+xfUUlPESe4lSP+h4CVJ3c,0.263528,0.552859,1.051418,0,2591700,31.877409,Delay-insensitive,4,7.0
431100,ZUmOui6VockU59FJ6QNjWb1BcFGQghqaHB46IvHQV0+xfUUlPESe4lSP+h4CVJ3c,0.16451,17.694909,76.646648,0,2591700,31.877409,Delay-insensitive,4,7.0
431400,ZUmOui6VockU59FJ6QNjWb1BcFGQghqaHB46IvHQV0+xfUUlPESe4lSP+h4CVJ3c,0.383049,25.913593,99.331065,0,2591700,31.877409,Delay-insensitive,4,7.0
431700,ZUmOui6VockU59FJ6QNjWb1BcFGQghqaHB46IvHQV0+xfUUlPESe4lSP+h4CVJ3c,0.315854,11.494692,73.85685600000001,0,2591700,31.877409,Delay-insensitive,4,7.0
432000,ZUmOui6VockU59FJ6QNjWb1BcFGQghqaHB46IvHQV0+xfUUlPESe4lSP+h4CVJ3c,0.182153,0.543983,1.100501,0,2591700,31.877409,Delay-insensitive,4,7.0
432300,ZUmOui6VockU59FJ6QNjWb1BcFGQghqaHB46IvHQV0+xfUUlPESe4lSP+h4CVJ3c,0.198125,0.535864,1.357571,0,2591700,31.877409,Delay-insensitive,4,7.0
432600,ZUmOui6VockU59FJ6QNjWb1BcFGQghqaHB46IvHQV0+xfUUlPESe4lSP+h4CVJ3c,0.059667,0.536849,1.22565,0,2591700,31.877409,Delay-insensitive,4,7.0
432900,ZUmOui6VockU59FJ6QNjWb1BcFGQghqaHB46IvHQV0+xfUUlPESe4lSP+h4CVJ3c,0.179531,0.562433,1.190815,0,2591700,31.877409,Delay-insensitive,4,7.0
433200,ZUmOui6VockU59FJ6QNjWb1BcFGQghqaHB46IvHQV0+xfUUlPESe4lSP+h4CVJ3c,0.1970589999999999,2.640637,38.922415,0,2591700,31.877409,Delay-insensitive,4,7.0
433500,ZUmOui6VockU59FJ6QNjWb1BcFGQghqaHB46IvHQV0+xfUUlPESe4lSP+h4CVJ3c,0.2082,0.592703,1.324005,0,2591700,31.877409,Delay-insensitive,4,7.0
433800,ZUmOui6VockU59FJ6QNjWb1BcFGQghqaHB46IvHQV0+xfUUlPESe4lSP+h4CVJ3c,0.249251,0.562602,1.0804129999999998,0,2591700,31.877409,Delay-insensitive,4,7.0
434100,ZUmOui6VockU59FJ6QNjWb1BcFGQghqaHB46IvHQV0+xfUUlPESe4lSP+h4CVJ3c,0.084399,0.531397,1.101031,0,2591700,31.877409,Delay-insensitive,4,7.0
434400,ZUmOui6VockU59FJ6QNjWb1BcFGQghqaHB46IvHQV0+xfUUlPESe4lSP+h4CVJ3c,0.2483719999999999,0.562654,1.159713,0,2591700,31.877409,Delay-insensitive,4,7.0
434700,ZUmOui6VockU59FJ6QNjWb1BcFGQghqaHB46IvHQV0+xfUUlPESe4lSP+h4CVJ3c,0.208306,0.681771,4.628226000000001,0,2591700,31.877409,Delay-insensitive,4,7.0
435000,ZUmOui6VockU59FJ6QNjWb1BcFGQghqaHB46IvHQV0+xfUUlPESe4lSP+h4CVJ3c,0.204825,0.504346,1.204564,0,2591700,31.877409,Delay-insensitive,4,7.0
435300,ZUmOui6VockU59FJ6QNjWb1BcFGQghqaHB46IvHQV0+xfUUlPESe4lSP+h4CVJ3c,0.178748,0.5171140000000001,0.904022,0,2591700,31.877409,Delay-insensitive,4,7.0
435600,ZUmOui6VockU59FJ6QNjWb1BcFGQghqaHB46IvHQV0+xfUUlPESe4lSP+h4CVJ3c,0.284383,0.511962,0.918043,0,2591700,31.877409,Delay-insensitive,4,7.0
435900,ZUmOui6VockU59FJ6QNjWb1BcFGQghqaHB46IvHQV0+xfUUlPESe4lSP+h4CVJ3c,0.186639,0.562543,1.231087,0,2591700,31.877409,Delay-insensitive,4,7.0
436200,ZUmOui6VockU59FJ6QNjWb1BcFGQghqaHB46IvHQV0+xfUUlPESe4lSP+h4CVJ3c,0.173785,0.5954079999999999,1.5733469999999998,0,2591700,31.877409,Delay-insensitive,4,7.0
436500,ZUmOui6VockU59FJ6QNjWb1BcFGQghqaHB46IvHQV0+xfUUlPESe4lSP+h4CVJ3c,0.157913,0.560212,1.228361,0,2591700,31.877409,Delay-insensitive,4,7.0
436800,ZUmOui6VockU59FJ6QNjWb1BcFGQghqaHB46IvHQV0+xfUUlPESe4lSP+h4CVJ3c,0.083248,3.003014,39.853518,0,2591700,31.877409,Delay-insensitive,4,7.0
437100,ZUmOui6VockU59FJ6QNjWb1BcFGQghqaHB46IvHQV0+xfUUlPESe4lSP+h4CVJ3c,0.2132929999999999,0.588147,1.2729549999999998,0,2591700,31.877409,Delay-insensitive,4,7.0
437400,ZUmOui6VockU59FJ6QNjWb1BcFGQghqaHB46IvHQV0+xfUUlPESe4lSP+h4CVJ3c,0.1156,0.573615,1.964619,0,2591700,31.877409,Delay-insensitive,4,7.0
437700,ZUmOui6VockU59FJ6QNjWb1BcFGQghqaHB46IvHQV0+xfUUlPESe4lSP+h4CVJ3c,0.248475,0.5534979999999999,1.484961,0,2591700,31.877409,Delay-insensitive,4,7.0
438000,ZUmOui6VockU59FJ6QNjWb1BcFGQghqaHB46IvHQV0+xfUUlPESe4lSP+h4CVJ3c,0.3140719999999999,1.338125,9.178831,0,2591700,31.877409,Delay-insensitive,4,7.0
438300,ZUmOui6VockU59FJ6QNjWb1BcFGQghqaHB46IvHQV0+xfUUlPESe4lSP+h4CVJ3c,0.250193,1.023629,6.281244999999999,0,2591700,31.877409,Delay-insensitive,4,7.0
438600,ZUmOui6VockU59FJ6QNjWb1BcFGQghqaHB46IvHQV0+xfUUlPESe4lSP+h4CVJ3c,0.158058,0.546203,1.443002,0,2591700,31.877409,Delay-insensitive,4,7.0
438900,ZUmOui6VockU59FJ6QNjWb1BcFGQghqaHB46IvHQV0+xfUUlPESe4lSP+h4CVJ3c,0.250873,0.648367,1.416017,0,2591700,31.877409,Delay-insensitive,4,7.0
439200,ZUmOui6VockU59FJ6QNjWb1BcFGQghqaHB46IvHQV0+xfUUlPESe4lSP+h4CVJ3c,0.261183,0.596825,2.152991,0,2591700,31.877409,Delay-insensitive,4,7.0
439500,ZUmOui6VockU59FJ6QNjWb1BcFGQghqaHB46IvHQV0+xfUUlPESe4lSP+h4CVJ3c,0.082331,0.499355,1.513788,0,2591700,31.877409,Delay-insensitive,4,7.0
439800,ZUmOui6VockU59FJ6QNjWb1BcFGQghqaHB46IvHQV0+xfUUlPESe4lSP+h4CVJ3c,0.180529,0.570221,1.511798,0,2591700,31.877409,Delay-insensitive,4,7.0
440100,ZUmOui6VockU59FJ6QNjWb1BcFGQghqaHB46IvHQV0+xfUUlPESe4lSP+h4CVJ3c,0.206224,0.536088,1.192257,0,2591700,31.877409,Delay-insensitive,4,7.0
440400,ZUmOui6VockU59FJ6QNjWb1BcFGQghqaHB46IvHQV0+xfUUlPESe4lSP+h4CVJ3c,0.194231,2.976807,43.872803000000005,0,2591700,31.877409,Delay-insensitive,4,7.0
440700,ZUmOui6VockU59FJ6QNjWb1BcFGQghqaHB46IvHQV0+xfUUlPESe4lSP+h4CVJ3c,0.197077,1.580259,35.31577,0,2591700,31.877409,Delay-insensitive,4,7.0
441000,ZUmOui6VockU59FJ6QNjWb1BcFGQghqaHB46IvHQV0+xfUUlPESe4lSP+h4CVJ3c,0.248286,0.596619,1.3072549999999998,0,2591700,31.877409,Delay-insensitive,4,7.0
441300,ZUmOui6VockU59FJ6QNjWb1BcFGQghqaHB46IvHQV0+xfUUlPESe4lSP+h4CVJ3c,0.083245,0.527508,1.301864,0,2591700,31.877409,Delay-insensitive,4,7.0
441600,ZUmOui6VockU59FJ6QNjWb1BcFGQghqaHB46IvHQV0+xfUUlPESe4lSP+h4CVJ3c,0.28545,0.6545949999999999,1.330018,0,2591700,31.877409,Delay-insensitive,4,7.0
441900,ZUmOui6VockU59FJ6QNjWb1BcFGQghqaHB46IvHQV0+xfUUlPESe4lSP+h4CVJ3c,0.275638,0.674082,1.466441,0,2591700,31.877409,Delay-insensitive,4,7.0
442200,ZUmOui6VockU59FJ6QNjWb1BcFGQghqaHB46IvHQV0+xfUUlPESe4lSP+h4CVJ3c,0.235767,0.592564,1.07253,0,2591700,31.877409,Delay-insensitive,4,7.0
442500,ZUmOui6VockU59FJ6QNjWb1BcFGQghqaHB46IvHQV0+xfUUlPESe4lSP+h4CVJ3c,0.3111489999999999,0.660587,1.267657,0,2591700,31.877409,Delay-insensitive,4,7.0
442800,ZUmOui6VockU59FJ6QNjWb1BcFGQghqaHB46IvHQV0+xfUUlPESe4lSP+h4CVJ3c,0.0993629999999999,0.695496,2.486048,0,2591700,31.877409,Delay-insensitive,4,7.0
443100,ZUmOui6VockU59FJ6QNjWb1BcFGQghqaHB46IvHQV0+xfUUlPESe4lSP+h4CVJ3c,0.256761,0.627203,1.437354,0,2591700,31.877409,Delay-insensitive,4,7.0
443400,ZUmOui6VockU59FJ6QNjWb1BcFGQghqaHB46IvHQV0+xfUUlPESe4lSP+h4CVJ3c,0.115445,0.6304310000000001,1.17868,0,2591700,31.877409,Delay-insensitive,4,7.0
443700,ZUmOui6VockU59FJ6QNjWb1BcFGQghqaHB46IvHQV0+xfUUlPESe4lSP+h4CVJ3c,0.242716,0.636001,1.117369,0,2591700,31.877409,Delay-insensitive,4,7.0
444000,ZUmOui6VockU59FJ6QNjWb1BcFGQghqaHB46IvHQV0+xfUUlPESe4lSP+h4CVJ3c,0.254276,3.086042,39.27742,0,2591700,31.877409,Delay-insensitive,4,7.0
444300,ZUmOui6VockU59FJ6QNjWb1BcFGQghqaHB46IvHQV0+xfUUlPESe4lSP+h4CVJ3c,0.269334,0.690516,1.45004,0,2591700,31.877409,Delay-insensitive,4,7.0
444600,ZUmOui6VockU59FJ6QNjWb1BcFGQghqaHB46IvHQV0+xfUUlPESe4lSP+h4CVJ3c,0.203121,0.621108,1.304653,0,2591700,31.877409,Delay-insensitive,4,7.0
444900,ZUmOui6VockU59FJ6QNjWb1BcFGQghqaHB46IvHQV0+xfUUlPESe4lSP+h4CVJ3c,0.214202,0.5999869999999999,1.393986,0,2591700,31.877409,Delay-insensitive,4,7.0
445200,ZUmOui6VockU59FJ6QNjWb1BcFGQghqaHB46IvHQV0+xfUUlPESe4lSP+h4CVJ3c,0.259732,0.666261,1.300582,0,2591700,31.877409,Delay-insensitive,4,7.0
445500,ZUmOui6VockU59FJ6QNjWb1BcFGQghqaHB46IvHQV0+xfUUlPESe4lSP+h4CVJ3c,0.183649,0.666167,1.217262,0,2591700,31.877409,Delay-insensitive,4,7.0
445800,ZUmOui6VockU59FJ6QNjWb1BcFGQghqaHB46IvHQV0+xfUUlPESe4lSP+h4CVJ3c,0.320253,0.652328,1.281993,0,2591700,31.877409,Delay-insensitive,4,7.0
446100,ZUmOui6VockU59FJ6QNjWb1BcFGQghqaHB46IvHQV0+xfUUlPESe4lSP+h4CVJ3c,0.222727,0.691611,1.327198,0,2591700,31.877409,Delay-insensitive,4,7.0
446400,ZUmOui6VockU59FJ6QNjWb1BcFGQghqaHB46IvHQV0+xfUUlPESe4lSP+h4CVJ3c,0.333301,0.733892,1.414642,0,2591700,31.877409,Delay-insensitive,4,7.0
446700,ZUmOui6VockU59FJ6QNjWb1BcFGQghqaHB46IvHQV0+xfUUlPESe4lSP+h4CVJ3c,0.239148,0.71341,1.6752630000000002,0,2591700,31.877409,Delay-insensitive,4,7.0
447000,ZUmOui6VockU59FJ6QNjWb1BcFGQghqaHB46IvHQV0+xfUUlPESe4lSP+h4CVJ3c,0.3185429999999999,0.785158,1.694433,0,2591700,31.877409,Delay-insensitive,4,7.0
447300,ZUmOui6VockU59FJ6QNjWb1BcFGQghqaHB46IvHQV0+xfUUlPESe4lSP+h4CVJ3c,0.171241,0.6986020000000001,1.446226,0,2591700,31.877409,Delay-insensitive,4,7.0
447600,ZUmOui6VockU59FJ6QNjWb1BcFGQghqaHB46IvHQV0+xfUUlPESe4lSP+h4CVJ3c,0.1489589999999999,1.608432,22.036622,0,2591700,31.877409,Delay-insensitive,4,7.0
447900,ZUmOui6VockU59FJ6QNjWb1BcFGQghqaHB46IvHQV0+xfUUlPESe4lSP+h4CVJ3c,0.300195,0.7111770000000001,1.483636,0,2591700,31.877409,Delay-insensitive,4,7.0
448200,ZUmOui6VockU59FJ6QNjWb1BcFGQghqaHB46IvHQV0+xfUUlPESe4lSP+h4CVJ3c,0.277839,0.813629,2.055602,0,2591700,31.877409,Delay-insensitive,4,7.0
448500,ZUmOui6VockU59FJ6QNjWb1BcFGQghqaHB46IvHQV0+xfUUlPESe4lSP+h4CVJ3c,0.216875,0.7886029999999999,1.554575,0,2591700,31.877409,Delay-insensitive,4,7.0
448800,ZUmOui6VockU59FJ6QNjWb1BcFGQghqaHB46IvHQV0+xfUUlPESe4lSP+h4CVJ3c,0.060047,0.7501760000000001,1.696466,0,2591700,31.877409,Delay-insensitive,4,7.0
449100,ZUmOui6VockU59FJ6QNjWb1BcFGQghqaHB46IvHQV0+xfUUlPESe4lSP+h4CVJ3c,0.296569,0.74566,1.638516,0,2591700,31.877409,Delay-insensitive,4,7.0
449400,ZUmOui6VockU59FJ6QNjWb1BcFGQghqaHB46IvHQV0+xfUUlPESe4lSP+h4CVJ3c,0.2201429999999999,0.655608,1.741451,0,2591700,31.877409,Delay-insensitive,4,7.0
449700,ZUmOui6VockU59FJ6QNjWb1BcFGQghqaHB46IvHQV0+xfUUlPESe4lSP+h4CVJ3c,0.352691,0.863309,1.715802,0,2591700,31.877409,Delay-insensitive,4,7.0
450000,ZUmOui6VockU59FJ6QNjWb1BcFGQghqaHB46IvHQV0+xfUUlPESe4lSP+h4CVJ3c,0.221188,0.783463,1.661713,0,2591700,31.877409,Delay-insensitive,4,7.0
450300,ZUmOui6VockU59FJ6QNjWb1BcFGQghqaHB46IvHQV0+xfUUlPESe4lSP+h4CVJ3c,0.346748,0.8247680000000001,1.732552,0,2591700,31.877409,Delay-insensitive,4,7.0
450600,ZUmOui6VockU59FJ6QNjWb1BcFGQghqaHB46IvHQV0+xfUUlPESe4lSP+h4CVJ3c,0.396947,0.960054,2.216679,0,2591700,31.877409,Delay-insensitive,4,7.0
450900,ZUmOui6VockU59FJ6QNjWb1BcFGQghqaHB46IvHQV0+xfUUlPESe4lSP+h4CVJ3c,0.302633,0.911232,1.957332,0,2591700,31.877409,Delay-insensitive,4,7.0
451200,ZUmOui6VockU59FJ6QNjWb1BcFGQghqaHB46IvHQV0+xfUUlPESe4lSP+h4CVJ3c,0.234796,0.8620270000000001,1.930685,0,2591700,31.877409,Delay-insensitive,4,7.0
451500,ZUmOui6VockU59FJ6QNjWb1BcFGQghqaHB46IvHQV0+xfUUlPESe4lSP+h4CVJ3c,0.232117,3.1667970000000003,34.731691999999995,0,2591700,31.877409,Delay-insensitive,4,7.0
451800,ZUmOui6VockU59FJ6QNjWb1BcFGQghqaHB46IvHQV0+xfUUlPESe4lSP+h4CVJ3c,0.263212,0.754554,1.6913349999999998,0,2591700,31.877409,Delay-insensitive,4,7.0
452100,ZUmOui6VockU59FJ6QNjWb1BcFGQghqaHB46IvHQV0+xfUUlPESe4lSP+h4CVJ3c,0.249413,0.694689,1.407047,0,2591700,31.877409,Delay-insensitive,4,7.0
452400,ZUmOui6VockU59FJ6QNjWb1BcFGQghqaHB46IvHQV0+xfUUlPESe4lSP+h4CVJ3c,0.32211,0.851879,1.551184,0,2591700,31.877409,Delay-insensitive,4,7.0
452700,ZUmOui6VockU59FJ6QNjWb1BcFGQghqaHB46IvHQV0+xfUUlPESe4lSP+h4CVJ3c,0.19543,0.768021,1.510407,0,2591700,31.877409,Delay-insensitive,4,7.0
453000,ZUmOui6VockU59FJ6QNjWb1BcFGQghqaHB46IvHQV0+xfUUlPESe4lSP+h4CVJ3c,0.269495,0.790734,1.503115,0,2591700,31.877409,Delay-insensitive,4,7.0
453300,ZUmOui6VockU59FJ6QNjWb1BcFGQghqaHB46IvHQV0+xfUUlPESe4lSP+h4CVJ3c,0.154463,1.016343,7.724098,0,2591700,31.877409,Delay-insensitive,4,7.0
453600,ZUmOui6VockU59FJ6QNjWb1BcFGQghqaHB46IvHQV0+xfUUlPESe4lSP+h4CVJ3c,0.314227,0.890125,2.271672,0,2591700,31.877409,Delay-insensitive,4,7.0
453900,ZUmOui6VockU59FJ6QNjWb1BcFGQghqaHB46IvHQV0+xfUUlPESe4lSP+h4CVJ3c,0.281481,0.730833,1.544011,0,2591700,31.877409,Delay-insensitive,4,7.0
454200,ZUmOui6VockU59FJ6QNjWb1BcFGQghqaHB46IvHQV0+xfUUlPESe4lSP+h4CVJ3c,0.242799,0.7967420000000001,1.606719,0,2591700,31.877409,Delay-insensitive,4,7.0
454500,ZUmOui6VockU59FJ6QNjWb1BcFGQghqaHB46IvHQV0+xfUUlPESe4lSP+h4CVJ3c,0.316089,0.832858,1.60474,0,2591700,31.877409,Delay-insensitive,4,7.0
454800,ZUmOui6VockU59FJ6QNjWb1BcFGQghqaHB46IvHQV0+xfUUlPESe4lSP+h4CVJ3c,0.3084449999999999,0.7273109999999999,1.812159,0,2591700,31.877409,Delay-insensitive,4,7.0
455100,ZUmOui6VockU59FJ6QNjWb1BcFGQghqaHB46IvHQV0+xfUUlPESe4lSP+h4CVJ3c,0.2706389999999999,3.267727,39.895318,0,2591700,31.877409,Delay-insensitive,4,7.0
455400,ZUmOui6VockU59FJ6QNjWb1BcFGQghqaHB46IvHQV0+xfUUlPESe4lSP+h4CVJ3c,0.258208,0.744908,1.627614,0,2591700,31.877409,Delay-insensitive,4,7.0
455700,ZUmOui6VockU59FJ6QNjWb1BcFGQghqaHB46IvHQV0+xfUUlPESe4lSP+h4CVJ3c,0.263955,0.732427,1.503292,0,2591700,31.877409,Delay-insensitive,4,7.0
456000,ZUmOui6VockU59FJ6QNjWb1BcFGQghqaHB46IvHQV0+xfUUlPESe4lSP+h4CVJ3c,0.1267059999999999,0.685006,1.594692,0,2591700,31.877409,Delay-insensitive,4,7.0
456300,ZUmOui6VockU59FJ6QNjWb1BcFGQghqaHB46IvHQV0+xfUUlPESe4lSP+h4CVJ3c,0.192146,0.679358,1.341264,0,2591700,31.877409,Delay-insensitive,4,7.0
456600,ZUmOui6VockU59FJ6QNjWb1BcFGQghqaHB46IvHQV0+xfUUlPESe4lSP+h4CVJ3c,0.2960489999999999,0.700378,1.378933,0,2591700,31.877409,Delay-insensitive,4,7.0
456900,ZUmOui6VockU59FJ6QNjWb1BcFGQghqaHB46IvHQV0+xfUUlPESe4lSP+h4CVJ3c,0.1025119999999999,0.932124,3.899901,0,2591700,31.877409,Delay-insensitive,4,7.0
457200,ZUmOui6VockU59FJ6QNjWb1BcFGQghqaHB46IvHQV0+xfUUlPESe4lSP+h4CVJ3c,0.336404,0.6864979999999999,1.337577,0,2591700,31.877409,Delay-insensitive,4,7.0
457500,ZUmOui6VockU59FJ6QNjWb1BcFGQghqaHB46IvHQV0+xfUUlPESe4lSP+h4CVJ3c,0.317936,0.8248280000000001,5.104796,0,2591700,31.877409,Delay-insensitive,4,7.0
457800,ZUmOui6VockU59FJ6QNjWb1BcFGQghqaHB46IvHQV0+xfUUlPESe4lSP+h4CVJ3c,0.2253119999999999,0.7448520000000001,2.059076,0,2591700,31.877409,Delay-insensitive,4,7.0
458100,ZUmOui6VockU59FJ6QNjWb1BcFGQghqaHB46IvHQV0+xfUUlPESe4lSP+h4CVJ3c,0.324816,0.732173,1.613251,0,2591700,31.877409,Delay-insensitive,4,7.0
458400,ZUmOui6VockU59FJ6QNjWb1BcFGQghqaHB46IvHQV0+xfUUlPESe4lSP+h4CVJ3c,0.245257,0.744929,1.835539,0,2591700,31.877409,Delay-insensitive,4,7.0
458700,ZUmOui6VockU59FJ6QNjWb1BcFGQghqaHB46IvHQV0+xfUUlPESe4lSP+h4CVJ3c,0.254357,3.2160490000000004,29.818602,0,2591700,31.877409,Delay-insensitive,4,7.0
459000,ZUmOui6VockU59FJ6QNjWb1BcFGQghqaHB46IvHQV0+xfUUlPESe4lSP+h4CVJ3c,0.31168,0.7683760000000001,1.713645,0,2591700,31.877409,Delay-insensitive,4,7.0
459300,ZUmOui6VockU59FJ6QNjWb1BcFGQghqaHB46IvHQV0+xfUUlPESe4lSP+h4CVJ3c,0.272919,0.717713,1.459508,0,2591700,31.877409,Delay-insensitive,4,7.0
459600,ZUmOui6VockU59FJ6QNjWb1BcFGQghqaHB46IvHQV0+xfUUlPESe4lSP+h4CVJ3c,0.176056,0.787321,2.142213,0,2591700,31.877409,Delay-insensitive,4,7.0
459900,ZUmOui6VockU59FJ6QNjWb1BcFGQghqaHB46IvHQV0+xfUUlPESe4lSP+h4CVJ3c,0.325384,0.7545729999999999,1.756462,0,2591700,31.877409,Delay-insensitive,4,7.0
460200,ZUmOui6VockU59FJ6QNjWb1BcFGQghqaHB46IvHQV0+xfUUlPESe4lSP+h4CVJ3c,0.164963,0.957519,5.048716000000001,0,2591700,31.877409,Delay-insensitive,4,7.0
460500,ZUmOui6VockU59FJ6QNjWb1BcFGQghqaHB46IvHQV0+xfUUlPESe4lSP+h4CVJ3c,0.252895,0.755509,1.7551419999999998,0,2591700,31.877409,Delay-insensitive,4,7.0
460800,ZUmOui6VockU59FJ6QNjWb1BcFGQghqaHB46IvHQV0+xfUUlPESe4lSP+h4CVJ3c,0.1685849999999999,0.7114659999999999,1.592689,0,2591700,31.877409,Delay-insensitive,4,7.0
461100,ZUmOui6VockU59FJ6QNjWb1BcFGQghqaHB46IvHQV0+xfUUlPESe4lSP+h4CVJ3c,0.198619,0.783518,1.725035,0,2591700,31.877409,Delay-insensitive,4,7.0
461400,ZUmOui6VockU59FJ6QNjWb1BcFGQghqaHB46IvHQV0+xfUUlPESe4lSP+h4CVJ3c,0.286595,0.926131,6.134935,0,2591700,31.877409,Delay-insensitive,4,7.0
461700,ZUmOui6VockU59FJ6QNjWb1BcFGQghqaHB46IvHQV0+xfUUlPESe4lSP+h4CVJ3c,0.230717,0.7787430000000001,1.75917,0,2591700,31.877409,Delay-insensitive,4,7.0
462000,ZUmOui6VockU59FJ6QNjWb1BcFGQghqaHB46IvHQV0+xfUUlPESe4lSP+h4CVJ3c,0.279618,0.738841,1.747612,0,2591700,31.877409,Delay-insensitive,4,7.0
462300,ZUmOui6VockU59FJ6QNjWb1BcFGQghqaHB46IvHQV0+xfUUlPESe4lSP+h4CVJ3c,0.338967,3.544286,47.432555,0,2591700,31.877409,Delay-insensitive,4,7.0
462600,ZUmOui6VockU59FJ6QNjWb1BcFGQghqaHB46IvHQV0+xfUUlPESe4lSP+h4CVJ3c,0.275802,0.8093100000000001,2.3571560000000003,0,2591700,31.877409,Delay-insensitive,4,7.0
462900,ZUmOui6VockU59FJ6QNjWb1BcFGQghqaHB46IvHQV0+xfUUlPESe4lSP+h4CVJ3c,0.344471,0.954359,3.599474,0,2591700,31.877409,Delay-insensitive,4,7.0
463200,ZUmOui6VockU59FJ6QNjWb1BcFGQghqaHB46IvHQV0+xfUUlPESe4lSP+h4CVJ3c,0.352105,0.899121,1.885718,0,2591700,31.877409,Delay-insensitive,4,7.0
463500,ZUmOui6VockU59FJ6QNjWb1BcFGQghqaHB46IvHQV0+xfUUlPESe4lSP+h4CVJ3c,0.296533,0.8727889999999999,2.099418,0,2591700,31.877409,Delay-insensitive,4,7.0
463800,ZUmOui6VockU59FJ6QNjWb1BcFGQghqaHB46IvHQV0+xfUUlPESe4lSP+h4CVJ3c,0.334983,0.857295,2.033826,0,2591700,31.877409,Delay-insensitive,4,7.0
464100,ZUmOui6VockU59FJ6QNjWb1BcFGQghqaHB46IvHQV0+xfUUlPESe4lSP+h4CVJ3c,0.39158,1.098627,5.710964,0,2591700,31.877409,Delay-insensitive,4,7.0
464400,ZUmOui6VockU59FJ6QNjWb1BcFGQghqaHB46IvHQV0+xfUUlPESe4lSP+h4CVJ3c,0.31924,0.8325530000000001,2.195536,0,2591700,31.877409,Delay-insensitive,4,7.0
464700,ZUmOui6VockU59FJ6QNjWb1BcFGQghqaHB46IvHQV0+xfUUlPESe4lSP+h4CVJ3c,0.21994,0.751522,1.768827,0,2591700,31.877409,Delay-insensitive,4,7.0
465000,ZUmOui6VockU59FJ6QNjWb1BcFGQghqaHB46IvHQV0+xfUUlPESe4lSP+h4CVJ3c,0.32333,0.928766,3.22289,0,2591700,31.877409,Delay-insensitive,4,7.0
465300,ZUmOui6VockU59FJ6QNjWb1BcFGQghqaHB46IvHQV0+xfUUlPESe4lSP+h4CVJ3c,0.323679,0.817132,1.884626,0,2591700,31.877409,Delay-insensitive,4,7.0
465600,ZUmOui6VockU59FJ6QNjWb1BcFGQghqaHB46IvHQV0+xfUUlPESe4lSP+h4CVJ3c,0.299088,1.49099,11.426288,0,2591700,31.877409,Delay-insensitive,4,7.0
465900,ZUmOui6VockU59FJ6QNjWb1BcFGQghqaHB46IvHQV0+xfUUlPESe4lSP+h4CVJ3c,0.389243,0.8528379999999999,1.905598,0,2591700,31.877409,Delay-insensitive,4,7.0
466200,ZUmOui6VockU59FJ6QNjWb1BcFGQghqaHB46IvHQV0+xfUUlPESe4lSP+h4CVJ3c,0.325002,6.783563000000001,82.966801,0,2591700,31.877409,Delay-insensitive,4,7.0
466500,ZUmOui6VockU59FJ6QNjWb1BcFGQghqaHB46IvHQV0+xfUUlPESe4lSP+h4CVJ3c,0.449654,26.152246,99.63571,0,2591700,31.877409,Delay-insensitive,4,7.0
466800,ZUmOui6VockU59FJ6QNjWb1BcFGQghqaHB46IvHQV0+xfUUlPESe4lSP+h4CVJ3c,1.569214,26.081127,89.058923,0,2591700,31.877409,Delay-insensitive,4,7.0
467100,ZUmOui6VockU59FJ6QNjWb1BcFGQghqaHB46IvHQV0+xfUUlPESe4lSP+h4CVJ3c,0.371773,1.404929,8.827936,0,2591700,31.877409,Delay-insensitive,4,7.0
467400,ZUmOui6VockU59FJ6QNjWb1BcFGQghqaHB46IvHQV0+xfUUlPESe4lSP+h4CVJ3c,0.459221,0.935536,2.324477,0,2591700,31.877409,Delay-insensitive,4,7.0
467700,ZUmOui6VockU59FJ6QNjWb1BcFGQghqaHB46IvHQV0+xfUUlPESe4lSP+h4CVJ3c,0.566244,1.070681,2.476296,0,2591700,31.877409,Delay-insensitive,4,7.0
468000,ZUmOui6VockU59FJ6QNjWb1BcFGQghqaHB46IvHQV0+xfUUlPESe4lSP+h4CVJ3c,0.4277829999999999,1.012126,2.239232,0,2591700,31.877409,Delay-insensitive,4,7.0
468300,ZUmOui6VockU59FJ6QNjWb1BcFGQghqaHB46IvHQV0+xfUUlPESe4lSP+h4CVJ3c,0.35697,1.565766,14.322557000000002,0,2591700,31.877409,Delay-insensitive,4,7.0
468600,ZUmOui6VockU59FJ6QNjWb1BcFGQghqaHB46IvHQV0+xfUUlPESe4lSP+h4CVJ3c,0.525382,1.076586,2.539168,0,2591700,31.877409,Delay-insensitive,4,7.0
468900,ZUmOui6VockU59FJ6QNjWb1BcFGQghqaHB46IvHQV0+xfUUlPESe4lSP+h4CVJ3c,0.44942,1.154501,3.596728,0,2591700,31.877409,Delay-insensitive,4,7.0
469200,ZUmOui6VockU59FJ6QNjWb1BcFGQghqaHB46IvHQV0+xfUUlPESe4lSP+h4CVJ3c,0.422019,1.04473,2.3977630000000003,0,2591700,31.877409,Delay-insensitive,4,7.0
469500,ZUmOui6VockU59FJ6QNjWb1BcFGQghqaHB46IvHQV0+xfUUlPESe4lSP+h4CVJ3c,0.51871,1.122983,3.285972,0,2591700,31.877409,Delay-insensitive,4,7.0
469800,ZUmOui6VockU59FJ6QNjWb1BcFGQghqaHB46IvHQV0+xfUUlPESe4lSP+h4CVJ3c,0.085637,3.4141660000000003,30.656802000000003,0,2591700,31.877409,Delay-insensitive,4,7.0
470100,ZUmOui6VockU59FJ6QNjWb1BcFGQghqaHB46IvHQV0+xfUUlPESe4lSP+h4CVJ3c,0.492739,0.989305,2.02794,0,2591700,31.877409,Delay-insensitive,4,7.0
470400,ZUmOui6VockU59FJ6QNjWb1BcFGQghqaHB46IvHQV0+xfUUlPESe4lSP+h4CVJ3c,0.183868,1.022325,2.3800950000000003,0,2591700,31.877409,Delay-insensitive,4,7.0
470700,ZUmOui6VockU59FJ6QNjWb1BcFGQghqaHB46IvHQV0+xfUUlPESe4lSP+h4CVJ3c,0.4619819999999999,1.0613780000000002,2.372849,0,2591700,31.877409,Delay-insensitive,4,7.0
471000,ZUmOui6VockU59FJ6QNjWb1BcFGQghqaHB46IvHQV0+xfUUlPESe4lSP+h4CVJ3c,0.376354,1.478624,8.655884,0,2591700,31.877409,Delay-insensitive,4,7.0
471300,ZUmOui6VockU59FJ6QNjWb1BcFGQghqaHB46IvHQV0+xfUUlPESe4lSP+h4CVJ3c,0.451393,1.000815,2.281047,0,2591700,31.877409,Delay-insensitive,4,7.0
471600,ZUmOui6VockU59FJ6QNjWb1BcFGQghqaHB46IvHQV0+xfUUlPESe4lSP+h4CVJ3c,0.111802,0.84309,1.8208990000000005,0,2591700,31.877409,Delay-insensitive,4,7.0
471900,ZUmOui6VockU59FJ6QNjWb1BcFGQghqaHB46IvHQV0+xfUUlPESe4lSP+h4CVJ3c,0.357266,0.8609530000000001,1.97495,0,2591700,31.877409,Delay-insensitive,4,7.0
472200,ZUmOui6VockU59FJ6QNjWb1BcFGQghqaHB46IvHQV0+xfUUlPESe4lSP+h4CVJ3c,0.356588,0.941461,2.5516,0,2591700,31.877409,Delay-insensitive,4,7.0
472500,ZUmOui6VockU59FJ6QNjWb1BcFGQghqaHB46IvHQV0+xfUUlPESe4lSP+h4CVJ3c,0.195674,0.824994,1.953043,0,2591700,31.877409,Delay-insensitive,4,7.0
472800,ZUmOui6VockU59FJ6QNjWb1BcFGQghqaHB46IvHQV0+xfUUlPESe4lSP+h4CVJ3c,0.299016,0.8029999999999999,1.595197,0,2591700,31.877409,Delay-insensitive,4,7.0
473100,ZUmOui6VockU59FJ6QNjWb1BcFGQghqaHB46IvHQV0+xfUUlPESe4lSP+h4CVJ3c,0.2509659999999999,0.905722,1.922603,0,2591700,31.877409,Delay-insensitive,4,7.0
473400,ZUmOui6VockU59FJ6QNjWb1BcFGQghqaHB46IvHQV0+xfUUlPESe4lSP+h4CVJ3c,0.399441,3.235563,35.531242,0,2591700,31.877409,Delay-insensitive,4,7.0
473700,ZUmOui6VockU59FJ6QNjWb1BcFGQghqaHB46IvHQV0+xfUUlPESe4lSP+h4CVJ3c,0.2330219999999999,0.884891,3.912131,0,2591700,31.877409,Delay-insensitive,4,7.0
474000,ZUmOui6VockU59FJ6QNjWb1BcFGQghqaHB46IvHQV0+xfUUlPESe4lSP+h4CVJ3c,0.336273,0.727013,1.553786,0,2591700,31.877409,Delay-insensitive,4,7.0
474300,ZUmOui6VockU59FJ6QNjWb1BcFGQghqaHB46IvHQV0+xfUUlPESe4lSP+h4CVJ3c,0.055227,0.768833,2.54471,0,2591700,31.877409,Delay-insensitive,4,7.0
474600,ZUmOui6VockU59FJ6QNjWb1BcFGQghqaHB46IvHQV0+xfUUlPESe4lSP+h4CVJ3c,0.267779,0.718997,1.6369280000000002,0,2591700,31.877409,Delay-insensitive,4,7.0
474900,ZUmOui6VockU59FJ6QNjWb1BcFGQghqaHB46IvHQV0+xfUUlPESe4lSP+h4CVJ3c,0.116873,0.783407,1.619231,0,2591700,31.877409,Delay-insensitive,4,7.0
475200,ZUmOui6VockU59FJ6QNjWb1BcFGQghqaHB46IvHQV0+xfUUlPESe4lSP+h4CVJ3c,0.20123,0.749587,2.297053,0,2591700,31.877409,Delay-insensitive,4,7.0
475500,ZUmOui6VockU59FJ6QNjWb1BcFGQghqaHB46IvHQV0+xfUUlPESe4lSP+h4CVJ3c,0.283389,0.731675,1.5768879999999998,0,2591700,31.877409,Delay-insensitive,4,7.0
475800,ZUmOui6VockU59FJ6QNjWb1BcFGQghqaHB46IvHQV0+xfUUlPESe4lSP+h4CVJ3c,0.085604,0.894468,1.7627130000000002,0,2591700,31.877409,Delay-insensitive,4,7.0
476100,ZUmOui6VockU59FJ6QNjWb1BcFGQghqaHB46IvHQV0+xfUUlPESe4lSP+h4CVJ3c,0.3680489999999999,0.775308,1.615587,0,2591700,31.877409,Delay-insensitive,4,7.0
476400,ZUmOui6VockU59FJ6QNjWb1BcFGQghqaHB46IvHQV0+xfUUlPESe4lSP+h4CVJ3c,0.100182,0.7777069999999999,1.813464,0,2591700,31.877409,Delay-insensitive,4,7.0
476700,ZUmOui6VockU59FJ6QNjWb1BcFGQghqaHB46IvHQV0+xfUUlPESe4lSP+h4CVJ3c,0.272337,0.829866,1.866177,0,2591700,31.877409,Delay-insensitive,4,7.0
477000,ZUmOui6VockU59FJ6QNjWb1BcFGQghqaHB46IvHQV0+xfUUlPESe4lSP+h4CVJ3c,0.08736,3.302308,19.162793,0,2591700,31.877409,Delay-insensitive,4,7.0
477300,ZUmOui6VockU59FJ6QNjWb1BcFGQghqaHB46IvHQV0+xfUUlPESe4lSP+h4CVJ3c,0.329463,0.871958,1.657455,0,2591700,31.877409,Delay-insensitive,4,7.0
477600,ZUmOui6VockU59FJ6QNjWb1BcFGQghqaHB46IvHQV0+xfUUlPESe4lSP+h4CVJ3c,0.129224,0.8449530000000001,1.757673,0,2591700,31.877409,Delay-insensitive,4,7.0
477900,ZUmOui6VockU59FJ6QNjWb1BcFGQghqaHB46IvHQV0+xfUUlPESe4lSP+h4CVJ3c,0.164117,0.8143279999999999,1.827766,0,2591700,31.877409,Delay-insensitive,4,7.0
478200,ZUmOui6VockU59FJ6QNjWb1BcFGQghqaHB46IvHQV0+xfUUlPESe4lSP+h4CVJ3c,0.33384,0.814657,1.623645,0,2591700,31.877409,Delay-insensitive,4,7.0
478500,ZUmOui6VockU59FJ6QNjWb1BcFGQghqaHB46IvHQV0+xfUUlPESe4lSP+h4CVJ3c,0.183282,0.7722760000000001,1.59649,0,2591700,31.877409,Delay-insensitive,4,7.0
478800,ZUmOui6VockU59FJ6QNjWb1BcFGQghqaHB46IvHQV0+xfUUlPESe4lSP+h4CVJ3c,0.219153,0.6994199999999999,1.648991,0,2591700,31.877409,Delay-insensitive,4,7.0
479100,ZUmOui6VockU59FJ6QNjWb1BcFGQghqaHB46IvHQV0+xfUUlPESe4lSP+h4CVJ3c,0.1085769999999999,0.6139979999999999,1.302871,0,2591700,31.877409,Delay-insensitive,4,7.0
479400,ZUmOui6VockU59FJ6QNjWb1BcFGQghqaHB46IvHQV0+xfUUlPESe4lSP+h4CVJ3c,0.335518,0.720372,1.311684,0,2591700,31.877409,Delay-insensitive,4,7.0
479700,ZUmOui6VockU59FJ6QNjWb1BcFGQghqaHB46IvHQV0+xfUUlPESe4lSP+h4CVJ3c,0.285172,0.740607,1.5880729999999998,0,2591700,31.877409,Delay-insensitive,4,7.0
480000,ZUmOui6VockU59FJ6QNjWb1BcFGQghqaHB46IvHQV0+xfUUlPESe4lSP+h4CVJ3c,0.322248,0.700754,1.4799719999999998,0,2591700,31.877409,Delay-insensitive,4,7.0
480300,ZUmOui6VockU59FJ6QNjWb1BcFGQghqaHB46IvHQV0+xfUUlPESe4lSP+h4CVJ3c,0.322825,3.640081,10.886529,0,2591700,31.877409,Delay-insensitive,4,7.0
480600,ZUmOui6VockU59FJ6QNjWb1BcFGQghqaHB46IvHQV0+xfUUlPESe4lSP+h4CVJ3c,0.359342,3.231218,6.584901,0,2591700,31.877409,Delay-insensitive,4,7.0
480900,ZUmOui6VockU59FJ6QNjWb1BcFGQghqaHB46IvHQV0+xfUUlPESe4lSP+h4CVJ3c,0.256413,4.803916,31.891987,0,2591700,31.877409,Delay-insensitive,4,7.0
481200,ZUmOui6VockU59FJ6QNjWb1BcFGQghqaHB46IvHQV0+xfUUlPESe4lSP+h4CVJ3c,0.285184,1.980046,6.921314,0,2591700,31.877409,Delay-insensitive,4,7.0
481500,ZUmOui6VockU59FJ6QNjWb1BcFGQghqaHB46IvHQV0+xfUUlPESe4lSP+h4CVJ3c,0.288704,0.6421979999999999,1.911744,0,2591700,31.877409,Delay-insensitive,4,7.0
481800,ZUmOui6VockU59FJ6QNjWb1BcFGQghqaHB46IvHQV0+xfUUlPESe4lSP+h4CVJ3c,0.074254,0.584911,1.1319,0,2591700,31.877409,Delay-insensitive,4,7.0
482100,ZUmOui6VockU59FJ6QNjWb1BcFGQghqaHB46IvHQV0+xfUUlPESe4lSP+h4CVJ3c,0.26159,0.665298,1.598248,0,2591700,31.877409,Delay-insensitive,4,7.0
482400,ZUmOui6VockU59FJ6QNjWb1BcFGQghqaHB46IvHQV0+xfUUlPESe4lSP+h4CVJ3c,0.189434,0.549187,1.483458,0,2591700,31.877409,Delay-insensitive,4,7.0
482700,ZUmOui6VockU59FJ6QNjWb1BcFGQghqaHB46IvHQV0+xfUUlPESe4lSP+h4CVJ3c,0.290125,0.591011,1.420935,0,2591700,31.877409,Delay-insensitive,4,7.0
483000,ZUmOui6VockU59FJ6QNjWb1BcFGQghqaHB46IvHQV0+xfUUlPESe4lSP+h4CVJ3c,0.246415,0.720654,3.390045,0,2591700,31.877409,Delay-insensitive,4,7.0
483300,ZUmOui6VockU59FJ6QNjWb1BcFGQghqaHB46IvHQV0+xfUUlPESe4lSP+h4CVJ3c,0.299308,0.629362,1.4538879999999998,0,2591700,31.877409,Delay-insensitive,4,7.0
483600,ZUmOui6VockU59FJ6QNjWb1BcFGQghqaHB46IvHQV0+xfUUlPESe4lSP+h4CVJ3c,0.239641,0.6049720000000001,1.234417,0,2591700,31.877409,Delay-insensitive,4,7.0
483900,ZUmOui6VockU59FJ6QNjWb1BcFGQghqaHB46IvHQV0+xfUUlPESe4lSP+h4CVJ3c,0.1562619999999999,0.631717,1.411413,0,2591700,31.877409,Delay-insensitive,4,7.0
484200,ZUmOui6VockU59FJ6QNjWb1BcFGQghqaHB46IvHQV0+xfUUlPESe4lSP+h4CVJ3c,0.25837,0.610003,1.825777,0,2591700,31.877409,Delay-insensitive,4,7.0
484500,ZUmOui6VockU59FJ6QNjWb1BcFGQghqaHB46IvHQV0+xfUUlPESe4lSP+h4CVJ3c,0.051541,2.9822900000000003,29.269093,0,2591700,31.877409,Delay-insensitive,4,7.0
484800,ZUmOui6VockU59FJ6QNjWb1BcFGQghqaHB46IvHQV0+xfUUlPESe4lSP+h4CVJ3c,0.1691359999999999,0.6182850000000001,1.589151,0,2591700,31.877409,Delay-insensitive,4,7.0
485100,ZUmOui6VockU59FJ6QNjWb1BcFGQghqaHB46IvHQV0+xfUUlPESe4lSP+h4CVJ3c,0.157339,0.589992,1.474819,0,2591700,31.877409,Delay-insensitive,4,7.0
485400,ZUmOui6VockU59FJ6QNjWb1BcFGQghqaHB46IvHQV0+xfUUlPESe4lSP+h4CVJ3c,0.30238,0.592426,1.147983,0,2591700,31.877409,Delay-insensitive,4,7.0
485700,ZUmOui6VockU59FJ6QNjWb1BcFGQghqaHB46IvHQV0+xfUUlPESe4lSP+h4CVJ3c,0.057409,0.550904,1.014541,0,2591700,31.877409,Delay-insensitive,4,7.0
486000,ZUmOui6VockU59FJ6QNjWb1BcFGQghqaHB46IvHQV0+xfUUlPESe4lSP+h4CVJ3c,0.14384,0.607554,1.869146,0,2591700,31.877409,Delay-insensitive,4,7.0
486300,ZUmOui6VockU59FJ6QNjWb1BcFGQghqaHB46IvHQV0+xfUUlPESe4lSP+h4CVJ3c,0.236717,0.57827,1.331809,0,2591700,31.877409,Delay-insensitive,4,7.0
486600,ZUmOui6VockU59FJ6QNjWb1BcFGQghqaHB46IvHQV0+xfUUlPESe4lSP+h4CVJ3c,0.109523,0.63447,1.141729,0,2591700,31.877409,Delay-insensitive,4,7.0
486900,ZUmOui6VockU59FJ6QNjWb1BcFGQghqaHB46IvHQV0+xfUUlPESe4lSP+h4CVJ3c,0.288873,0.624311,1.125858,0,2591700,31.877409,Delay-insensitive,4,7.0
487200,ZUmOui6VockU59FJ6QNjWb1BcFGQghqaHB46IvHQV0+xfUUlPESe4lSP+h4CVJ3c,0.2716659999999999,0.772907,3.422789,0,2591700,31.877409,Delay-insensitive,4,7.0
487500,ZUmOui6VockU59FJ6QNjWb1BcFGQghqaHB46IvHQV0+xfUUlPESe4lSP+h4CVJ3c,0.243829,0.612636,1.153282,0,2591700,31.877409,Delay-insensitive,4,7.0
487800,ZUmOui6VockU59FJ6QNjWb1BcFGQghqaHB46IvHQV0+xfUUlPESe4lSP+h4CVJ3c,0.1461859999999999,0.528829,1.294153,0,2591700,31.877409,Delay-insensitive,4,7.0
488100,ZUmOui6VockU59FJ6QNjWb1BcFGQghqaHB46IvHQV0+xfUUlPESe4lSP+h4CVJ3c,0.254094,3.022155,41.090703000000005,0,2591700,31.877409,Delay-insensitive,4,7.0
488400,ZUmOui6VockU59FJ6QNjWb1BcFGQghqaHB46IvHQV0+xfUUlPESe4lSP+h4CVJ3c,0.0527889999999999,0.602403,1.172338,0,2591700,31.877409,Delay-insensitive,4,7.0
488700,ZUmOui6VockU59FJ6QNjWb1BcFGQghqaHB46IvHQV0+xfUUlPESe4lSP+h4CVJ3c,0.061634,0.51866,1.391232,0,2591700,31.877409,Delay-insensitive,4,7.0
489000,ZUmOui6VockU59FJ6QNjWb1BcFGQghqaHB46IvHQV0+xfUUlPESe4lSP+h4CVJ3c,0.29222,0.580024,1.040451,0,2591700,31.877409,Delay-insensitive,4,7.0
489300,ZUmOui6VockU59FJ6QNjWb1BcFGQghqaHB46IvHQV0+xfUUlPESe4lSP+h4CVJ3c,0.059753,0.553133,1.070986,0,2591700,31.877409,Delay-insensitive,4,7.0
489600,ZUmOui6VockU59FJ6QNjWb1BcFGQghqaHB46IvHQV0+xfUUlPESe4lSP+h4CVJ3c,0.2430909999999999,0.513857,1.0199200000000002,0,2591700,31.877409,Delay-insensitive,4,7.0
489900,ZUmOui6VockU59FJ6QNjWb1BcFGQghqaHB46IvHQV0+xfUUlPESe4lSP+h4CVJ3c,0.072056,0.5287149999999999,0.971611,0,2591700,31.877409,Delay-insensitive,4,7.0
490200,ZUmOui6VockU59FJ6QNjWb1BcFGQghqaHB46IvHQV0+xfUUlPESe4lSP+h4CVJ3c,0.292751,0.5714,0.994276,0,2591700,31.877409,Delay-insensitive,4,7.0
490500,ZUmOui6VockU59FJ6QNjWb1BcFGQghqaHB46IvHQV0+xfUUlPESe4lSP+h4CVJ3c,0.1133849999999999,0.538024,1.279706,0,2591700,31.877409,Delay-insensitive,4,7.0
490800,ZUmOui6VockU59FJ6QNjWb1BcFGQghqaHB46IvHQV0+xfUUlPESe4lSP+h4CVJ3c,0.254013,0.565987,0.927797,0,2591700,31.877409,Delay-insensitive,4,7.0
491100,ZUmOui6VockU59FJ6QNjWb1BcFGQghqaHB46IvHQV0+xfUUlPESe4lSP+h4CVJ3c,0.189486,0.572967,1.256748,0,2591700,31.877409,Delay-insensitive,4,7.0
491400,ZUmOui6VockU59FJ6QNjWb1BcFGQghqaHB46IvHQV0+xfUUlPESe4lSP+h4CVJ3c,0.055273,0.5496939999999999,1.146386,0,2591700,31.877409,Delay-insensitive,4,7.0
491700,ZUmOui6VockU59FJ6QNjWb1BcFGQghqaHB46IvHQV0+xfUUlPESe4lSP+h4CVJ3c,0.271384,11.093657,81.622529,0,2591700,31.877409,Delay-insensitive,4,7.0
492000,ZUmOui6VockU59FJ6QNjWb1BcFGQghqaHB46IvHQV0+xfUUlPESe4lSP+h4CVJ3c,0.177427,18.142556,85.510292,0,2591700,31.877409,Delay-insensitive,4,7.0
492300,ZUmOui6VockU59FJ6QNjWb1BcFGQghqaHB46IvHQV0+xfUUlPESe4lSP+h4CVJ3c,0.2415739999999999,0.66115,2.01696,0,2591700,31.877409,Delay-insensitive,4,7.0
492600,ZUmOui6VockU59FJ6QNjWb1BcFGQghqaHB46IvHQV0+xfUUlPESe4lSP+h4CVJ3c,0.189908,0.594071,1.1602370000000002,0,2591700,31.877409,Delay-insensitive,4,7.0
492900,ZUmOui6VockU59FJ6QNjWb1BcFGQghqaHB46IvHQV0+xfUUlPESe4lSP+h4CVJ3c,0.293889,0.612892,1.06479,0,2591700,31.877409,Delay-insensitive,4,7.0
493200,ZUmOui6VockU59FJ6QNjWb1BcFGQghqaHB46IvHQV0+xfUUlPESe4lSP+h4CVJ3c,0.091152,0.577105,1.06355,0,2591700,31.877409,Delay-insensitive,4,7.0
493500,ZUmOui6VockU59FJ6QNjWb1BcFGQghqaHB46IvHQV0+xfUUlPESe4lSP+h4CVJ3c,0.241227,0.534675,1.059666,0,2591700,31.877409,Delay-insensitive,4,7.0
493800,ZUmOui6VockU59FJ6QNjWb1BcFGQghqaHB46IvHQV0+xfUUlPESe4lSP+h4CVJ3c,0.082015,0.544157,0.943646,0,2591700,31.877409,Delay-insensitive,4,7.0
494100,ZUmOui6VockU59FJ6QNjWb1BcFGQghqaHB46IvHQV0+xfUUlPESe4lSP+h4CVJ3c,0.061769,0.53294,1.146072,0,2591700,31.877409,Delay-insensitive,4,7.0
494400,ZUmOui6VockU59FJ6QNjWb1BcFGQghqaHB46IvHQV0+xfUUlPESe4lSP+h4CVJ3c,0.231942,0.5666,1.101675,0,2591700,31.877409,Delay-insensitive,4,7.0
494700,ZUmOui6VockU59FJ6QNjWb1BcFGQghqaHB46IvHQV0+xfUUlPESe4lSP+h4CVJ3c,0.047996,0.531121,1.17721,0,2591700,31.877409,Delay-insensitive,4,7.0
495000,ZUmOui6VockU59FJ6QNjWb1BcFGQghqaHB46IvHQV0+xfUUlPESe4lSP+h4CVJ3c,0.335355,0.528833,1.295139,0,2591700,31.877409,Delay-insensitive,4,7.0
495300,ZUmOui6VockU59FJ6QNjWb1BcFGQghqaHB46IvHQV0+xfUUlPESe4lSP+h4CVJ3c,0.07166,2.798619,31.986195,0,2591700,31.877409,Delay-insensitive,4,7.0
495600,ZUmOui6VockU59FJ6QNjWb1BcFGQghqaHB46IvHQV0+xfUUlPESe4lSP+h4CVJ3c,0.217298,0.8774780000000001,9.482348,0,2591700,31.877409,Delay-insensitive,4,7.0
495900,ZUmOui6VockU59FJ6QNjWb1BcFGQghqaHB46IvHQV0+xfUUlPESe4lSP+h4CVJ3c,0.188557,0.496536,1.110416,0,2591700,31.877409,Delay-insensitive,4,7.0
496200,ZUmOui6VockU59FJ6QNjWb1BcFGQghqaHB46IvHQV0+xfUUlPESe4lSP+h4CVJ3c,0.3175699999999999,0.56912,1.19421,0,2591700,31.877409,Delay-insensitive,4,7.0
496500,ZUmOui6VockU59FJ6QNjWb1BcFGQghqaHB46IvHQV0+xfUUlPESe4lSP+h4CVJ3c,0.056361,0.805142,6.9766770000000005,0,2591700,31.877409,Delay-insensitive,4,7.0
496800,ZUmOui6VockU59FJ6QNjWb1BcFGQghqaHB46IvHQV0+xfUUlPESe4lSP+h4CVJ3c,0.229005,0.538276,1.452252,0,2591700,31.877409,Delay-insensitive,4,7.0
497100,ZUmOui6VockU59FJ6QNjWb1BcFGQghqaHB46IvHQV0+xfUUlPESe4lSP+h4CVJ3c,0.242154,0.5303329999999999,1.070165,0,2591700,31.877409,Delay-insensitive,4,7.0
497400,ZUmOui6VockU59FJ6QNjWb1BcFGQghqaHB46IvHQV0+xfUUlPESe4lSP+h4CVJ3c,0.108071,8.028478999999999,99.705038,0,2591700,31.877409,Delay-insensitive,4,7.0
497700,ZUmOui6VockU59FJ6QNjWb1BcFGQghqaHB46IvHQV0+xfUUlPESe4lSP+h4CVJ3c,0.8548479999999999,24.790002,86.67244000000001,0,2591700,31.877409,Delay-insensitive,4,7.0
498000,ZUmOui6VockU59FJ6QNjWb1BcFGQghqaHB46IvHQV0+xfUUlPESe4lSP+h4CVJ3c,0.232685,22.659044,99.650558,0,2591700,31.877409,Delay-insensitive,4,7.0
498300,ZUmOui6VockU59FJ6QNjWb1BcFGQghqaHB46IvHQV0+xfUUlPESe4lSP+h4CVJ3c,0.275121,0.601268,1.051828,0,2591700,31.877409,Delay-insensitive,4,7.0
498600,ZUmOui6VockU59FJ6QNjWb1BcFGQghqaHB46IvHQV0+xfUUlPESe4lSP+h4CVJ3c,0.087516,0.551059,1.203844,0,2591700,31.877409,Delay-insensitive,4,7.0
498900,ZUmOui6VockU59FJ6QNjWb1BcFGQghqaHB46IvHQV0+xfUUlPESe4lSP+h4CVJ3c,0.253037,0.560975,1.175584,0,2591700,31.877409,Delay-insensitive,4,7.0
499200,ZUmOui6VockU59FJ6QNjWb1BcFGQghqaHB46IvHQV0+xfUUlPESe4lSP+h4CVJ3c,0.256333,3.1779580000000003,52.260464,0,2591700,31.877409,Delay-insensitive,4,7.0
499500,ZUmOui6VockU59FJ6QNjWb1BcFGQghqaHB46IvHQV0+xfUUlPESe4lSP+h4CVJ3c,0.141154,0.561148,1.170085,0,2591700,31.877409,Delay-insensitive,4,7.0
499800,ZUmOui6VockU59FJ6QNjWb1BcFGQghqaHB46IvHQV0+xfUUlPESe4lSP+h4CVJ3c,0.20995,0.5949810000000001,1.268995,0,2591700,31.877409,Delay-insensitive,4,7.0
500100,ZUmOui6VockU59FJ6QNjWb1BcFGQghqaHB46IvHQV0+xfUUlPESe4lSP+h4CVJ3c,0.196358,0.624189,1.100691,0,2591700,31.877409,Delay-insensitive,4,7.0
500400,ZUmOui6VockU59FJ6QNjWb1BcFGQghqaHB46IvHQV0+xfUUlPESe4lSP+h4CVJ3c,0.283429,0.6211180000000001,1.300547,0,2591700,31.877409,Delay-insensitive,4,7.0
500700,ZUmOui6VockU59FJ6QNjWb1BcFGQghqaHB46IvHQV0+xfUUlPESe4lSP+h4CVJ3c,0.308192,0.787072,1.919208,0,2591700,31.877409,Delay-insensitive,4,7.0
501000,ZUmOui6VockU59FJ6QNjWb1BcFGQghqaHB46IvHQV0+xfUUlPESe4lSP+h4CVJ3c,0.461118,0.8362290000000001,1.616695,0,2591700,31.877409,Delay-insensitive,4,7.0
501300,ZUmOui6VockU59FJ6QNjWb1BcFGQghqaHB46IvHQV0+xfUUlPESe4lSP+h4CVJ3c,0.09316,0.721989,1.288998,0,2591700,31.877409,Delay-insensitive,4,7.0
501600,ZUmOui6VockU59FJ6QNjWb1BcFGQghqaHB46IvHQV0+xfUUlPESe4lSP+h4CVJ3c,0.368248,0.765962,1.297539,0,2591700,31.877409,Delay-insensitive,4,7.0
501900,ZUmOui6VockU59FJ6QNjWb1BcFGQghqaHB46IvHQV0+xfUUlPESe4lSP+h4CVJ3c,0.180588,0.825576,2.130557,0,2591700,31.877409,Delay-insensitive,4,7.0
502200,ZUmOui6VockU59FJ6QNjWb1BcFGQghqaHB46IvHQV0+xfUUlPESe4lSP+h4CVJ3c,0.050752,0.7736770000000001,1.3224129999999998,0,2591700,31.877409,Delay-insensitive,4,7.0
502500,ZUmOui6VockU59FJ6QNjWb1BcFGQghqaHB46IvHQV0+xfUUlPESe4lSP+h4CVJ3c,0.29902,0.7950189999999999,1.410112,0,2591700,31.877409,Delay-insensitive,4,7.0
502800,ZUmOui6VockU59FJ6QNjWb1BcFGQghqaHB46IvHQV0+xfUUlPESe4lSP+h4CVJ3c,0.159968,3.250641,28.470636,0,2591700,31.877409,Delay-insensitive,4,7.0
503100,ZUmOui6VockU59FJ6QNjWb1BcFGQghqaHB46IvHQV0+xfUUlPESe4lSP+h4CVJ3c,0.415043,0.828722,1.722566,0,2591700,31.877409,Delay-insensitive,4,7.0
503400,ZUmOui6VockU59FJ6QNjWb1BcFGQghqaHB46IvHQV0+xfUUlPESe4lSP+h4CVJ3c,0.409772,0.7769699999999999,1.3078299999999998,0,2591700,31.877409,Delay-insensitive,4,7.0
503700,ZUmOui6VockU59FJ6QNjWb1BcFGQghqaHB46IvHQV0+xfUUlPESe4lSP+h4CVJ3c,0.436645,0.8124170000000001,1.415485,0,2591700,31.877409,Delay-insensitive,4,7.0
504000,ZUmOui6VockU59FJ6QNjWb1BcFGQghqaHB46IvHQV0+xfUUlPESe4lSP+h4CVJ3c,0.064403,0.789825,1.259343,0,2591700,31.877409,Delay-insensitive,4,7.0
504300,ZUmOui6VockU59FJ6QNjWb1BcFGQghqaHB46IvHQV0+xfUUlPESe4lSP+h4CVJ3c,0.422005,0.815322,1.1807040000000002,0,2591700,31.877409,Delay-insensitive,4,7.0
504600,ZUmOui6VockU59FJ6QNjWb1BcFGQghqaHB46IvHQV0+xfUUlPESe4lSP+h4CVJ3c,0.486353,0.927952,1.969599,0,2591700,31.877409,Delay-insensitive,4,7.0
504900,ZUmOui6VockU59FJ6QNjWb1BcFGQghqaHB46IvHQV0+xfUUlPESe4lSP+h4CVJ3c,0.216663,0.799146,1.195329,0,2591700,31.877409,Delay-insensitive,4,7.0
505200,ZUmOui6VockU59FJ6QNjWb1BcFGQghqaHB46IvHQV0+xfUUlPESe4lSP+h4CVJ3c,0.466713,0.8236530000000001,1.500656,0,2591700,31.877409,Delay-insensitive,4,7.0
505500,ZUmOui6VockU59FJ6QNjWb1BcFGQghqaHB46IvHQV0+xfUUlPESe4lSP+h4CVJ3c,0.450842,0.912,1.948871,0,2591700,31.877409,Delay-insensitive,4,7.0
505800,ZUmOui6VockU59FJ6QNjWb1BcFGQghqaHB46IvHQV0+xfUUlPESe4lSP+h4CVJ3c,0.540662,0.811425,1.396771,0,2591700,31.877409,Delay-insensitive,4,7.0
506100,ZUmOui6VockU59FJ6QNjWb1BcFGQghqaHB46IvHQV0+xfUUlPESe4lSP+h4CVJ3c,0.104563,0.7844479999999999,1.30466,0,2591700,31.877409,Delay-insensitive,4,7.0
506400,ZUmOui6VockU59FJ6QNjWb1BcFGQghqaHB46IvHQV0+xfUUlPESe4lSP+h4CVJ3c,0.463972,3.317153,27.105025,0,2591700,31.877409,Delay-insensitive,4,7.0
506700,ZUmOui6VockU59FJ6QNjWb1BcFGQghqaHB46IvHQV0+xfUUlPESe4lSP+h4CVJ3c,0.14385,0.8208,1.995967,0,2591700,31.877409,Delay-insensitive,4,7.0
507000,ZUmOui6VockU59FJ6QNjWb1BcFGQghqaHB46IvHQV0+xfUUlPESe4lSP+h4CVJ3c,0.350541,0.928898,1.505663,0,2591700,31.877409,Delay-insensitive,4,7.0
507300,ZUmOui6VockU59FJ6QNjWb1BcFGQghqaHB46IvHQV0+xfUUlPESe4lSP+h4CVJ3c,0.137265,0.8734290000000001,1.7484810000000002,0,2591700,31.877409,Delay-insensitive,4,7.0
507600,ZUmOui6VockU59FJ6QNjWb1BcFGQghqaHB46IvHQV0+xfUUlPESe4lSP+h4CVJ3c,0.479514,0.974831,1.7398330000000002,0,2591700,31.877409,Delay-insensitive,4,7.0
507900,ZUmOui6VockU59FJ6QNjWb1BcFGQghqaHB46IvHQV0+xfUUlPESe4lSP+h4CVJ3c,0.473847,0.952514,1.50823,0,2591700,31.877409,Delay-insensitive,4,7.0
508200,ZUmOui6VockU59FJ6QNjWb1BcFGQghqaHB46IvHQV0+xfUUlPESe4lSP+h4CVJ3c,0.352325,0.8890809999999999,1.313945,0,2591700,31.877409,Delay-insensitive,4,7.0
508500,ZUmOui6VockU59FJ6QNjWb1BcFGQghqaHB46IvHQV0+xfUUlPESe4lSP+h4CVJ3c,0.5059359999999999,0.980701,1.7226720000000002,0,2591700,31.877409,Delay-insensitive,4,7.0
508800,ZUmOui6VockU59FJ6QNjWb1BcFGQghqaHB46IvHQV0+xfUUlPESe4lSP+h4CVJ3c,0.451947,0.98843,1.6497939999999998,0,2591700,31.877409,Delay-insensitive,4,7.0
509100,ZUmOui6VockU59FJ6QNjWb1BcFGQghqaHB46IvHQV0+xfUUlPESe4lSP+h4CVJ3c,0.550716,1.897824,28.914352,0,2591700,31.877409,Delay-insensitive,4,7.0
509400,ZUmOui6VockU59FJ6QNjWb1BcFGQghqaHB46IvHQV0+xfUUlPESe4lSP+h4CVJ3c,0.3857239999999999,4.492163,73.69782,0,2591700,31.877409,Delay-insensitive,4,7.0
509700,ZUmOui6VockU59FJ6QNjWb1BcFGQghqaHB46IvHQV0+xfUUlPESe4lSP+h4CVJ3c,1.392643,26.377755,61.12289200000001,0,2591700,31.877409,Delay-insensitive,4,7.0
510000,ZUmOui6VockU59FJ6QNjWb1BcFGQghqaHB46IvHQV0+xfUUlPESe4lSP+h4CVJ3c,3.0483990000000003,28.383178000000004,91.237432,0,2591700,31.877409,Delay-insensitive,4,7.0
510300,ZUmOui6VockU59FJ6QNjWb1BcFGQghqaHB46IvHQV0+xfUUlPESe4lSP+h4CVJ3c,0.307197,1.828254,12.063412,0,2591700,31.877409,Delay-insensitive,4,7.0
510600,ZUmOui6VockU59FJ6QNjWb1BcFGQghqaHB46IvHQV0+xfUUlPESe4lSP+h4CVJ3c,0.693168,1.079183,1.607085,0,2591700,31.877409,Delay-insensitive,4,7.0
510900,ZUmOui6VockU59FJ6QNjWb1BcFGQghqaHB46IvHQV0+xfUUlPESe4lSP+h4CVJ3c,0.1769349999999999,1.068871,1.625714,0,2591700,31.877409,Delay-insensitive,4,7.0
511200,ZUmOui6VockU59FJ6QNjWb1BcFGQghqaHB46IvHQV0+xfUUlPESe4lSP+h4CVJ3c,0.61093,1.036109,1.665126,0,2591700,31.877409,Delay-insensitive,4,7.0
511500,ZUmOui6VockU59FJ6QNjWb1BcFGQghqaHB46IvHQV0+xfUUlPESe4lSP+h4CVJ3c,0.4669359999999999,1.000375,1.630702,0,2591700,31.877409,Delay-insensitive,4,7.0
511800,ZUmOui6VockU59FJ6QNjWb1BcFGQghqaHB46IvHQV0+xfUUlPESe4lSP+h4CVJ3c,0.557258,1.029582,1.434958,0,2591700,31.877409,Delay-insensitive,4,7.0
512100,ZUmOui6VockU59FJ6QNjWb1BcFGQghqaHB46IvHQV0+xfUUlPESe4lSP+h4CVJ3c,0.1885,1.028256,1.731537,0,2591700,31.877409,Delay-insensitive,4,7.0
512400,ZUmOui6VockU59FJ6QNjWb1BcFGQghqaHB46IvHQV0+xfUUlPESe4lSP+h4CVJ3c,0.536237,1.074147,1.619582,0,2591700,31.877409,Delay-insensitive,4,7.0
512700,ZUmOui6VockU59FJ6QNjWb1BcFGQghqaHB46IvHQV0+xfUUlPESe4lSP+h4CVJ3c,0.512155,1.259601,6.629860000000001,0,2591700,31.877409,Delay-insensitive,4,7.0
513000,ZUmOui6VockU59FJ6QNjWb1BcFGQghqaHB46IvHQV0+xfUUlPESe4lSP+h4CVJ3c,0.643927,1.0942040000000002,1.74173,0,2591700,31.877409,Delay-insensitive,4,7.0
513300,ZUmOui6VockU59FJ6QNjWb1BcFGQghqaHB46IvHQV0+xfUUlPESe4lSP+h4CVJ3c,0.460916,1.120197,1.602134,0,2591700,31.877409,Delay-insensitive,4,7.0
513600,ZUmOui6VockU59FJ6QNjWb1BcFGQghqaHB46IvHQV0+xfUUlPESe4lSP+h4CVJ3c,0.543905,1.133975,2.199933,0,2591700,31.877409,Delay-insensitive,4,7.0
513900,ZUmOui6VockU59FJ6QNjWb1BcFGQghqaHB46IvHQV0+xfUUlPESe4lSP+h4CVJ3c,0.554879,3.569141000000001,35.799299,0,2591700,31.877409,Delay-insensitive,4,7.0
514200,ZUmOui6VockU59FJ6QNjWb1BcFGQghqaHB46IvHQV0+xfUUlPESe4lSP+h4CVJ3c,0.55989,1.1857719999999998,1.981654,0,2591700,31.877409,Delay-insensitive,4,7.0
514500,ZUmOui6VockU59FJ6QNjWb1BcFGQghqaHB46IvHQV0+xfUUlPESe4lSP+h4CVJ3c,0.561303,1.186512,1.907503,0,2591700,31.877409,Delay-insensitive,4,7.0
514800,ZUmOui6VockU59FJ6QNjWb1BcFGQghqaHB46IvHQV0+xfUUlPESe4lSP+h4CVJ3c,0.753869,1.230301,2.075853,0,2591700,31.877409,Delay-insensitive,4,7.0
515100,ZUmOui6VockU59FJ6QNjWb1BcFGQghqaHB46IvHQV0+xfUUlPESe4lSP+h4CVJ3c,0.5979479999999999,1.159778,1.7390310000000002,0,2591700,31.877409,Delay-insensitive,4,7.0
515400,ZUmOui6VockU59FJ6QNjWb1BcFGQghqaHB46IvHQV0+xfUUlPESe4lSP+h4CVJ3c,0.0904259999999999,1.033848,1.949665,0,2591700,31.877409,Delay-insensitive,4,7.0
515700,ZUmOui6VockU59FJ6QNjWb1BcFGQghqaHB46IvHQV0+xfUUlPESe4lSP+h4CVJ3c,0.673501,1.090049,1.60949,0,2591700,31.877409,Delay-insensitive,4,7.0
516000,ZUmOui6VockU59FJ6QNjWb1BcFGQghqaHB46IvHQV0+xfUUlPESe4lSP+h4CVJ3c,0.355355,1.06294,1.81958,0,2591700,31.877409,Delay-insensitive,4,7.0
516300,ZUmOui6VockU59FJ6QNjWb1BcFGQghqaHB46IvHQV0+xfUUlPESe4lSP+h4CVJ3c,0.710113,1.113231,1.940762,0,2591700,31.877409,Delay-insensitive,4,7.0
516600,ZUmOui6VockU59FJ6QNjWb1BcFGQghqaHB46IvHQV0+xfUUlPESe4lSP+h4CVJ3c,0.647649,1.096032,1.673181,0,2591700,31.877409,Delay-insensitive,4,7.0
516900,ZUmOui6VockU59FJ6QNjWb1BcFGQghqaHB46IvHQV0+xfUUlPESe4lSP+h4CVJ3c,0.180069,1.084875,1.870681,0,2591700,31.877409,Delay-insensitive,4,7.0
517200,ZUmOui6VockU59FJ6QNjWb1BcFGQghqaHB46IvHQV0+xfUUlPESe4lSP+h4CVJ3c,0.710237,1.129985,1.6530919999999998,0,2591700,31.877409,Delay-insensitive,4,7.0
517500,ZUmOui6VockU59FJ6QNjWb1BcFGQghqaHB46IvHQV0+xfUUlPESe4lSP+h4CVJ3c,0.222775,2.796425,24.394631,0,2591700,31.877409,Delay-insensitive,4,7.0
517800,ZUmOui6VockU59FJ6QNjWb1BcFGQghqaHB46IvHQV0+xfUUlPESe4lSP+h4CVJ3c,0.561027,1.114994,1.6433220000000002,0,2591700,31.877409,Delay-insensitive,4,7.0
518100,ZUmOui6VockU59FJ6QNjWb1BcFGQghqaHB46IvHQV0+xfUUlPESe4lSP+h4CVJ3c,0.286439,1.083846,1.812347,0,2591700,31.877409,Delay-insensitive,4,7.0
518400,ZUmOui6VockU59FJ6QNjWb1BcFGQghqaHB46IvHQV0+xfUUlPESe4lSP+h4CVJ3c,0.524469,1.116176,1.6702849999999998,0,2591700,31.877409,Delay-insensitive,4,7.0
518700,ZUmOui6VockU59FJ6QNjWb1BcFGQghqaHB46IvHQV0+xfUUlPESe4lSP+h4CVJ3c,0.06247,1.087062,2.147959,0,2591700,31.877409,Delay-insensitive,4,7.0
519000,ZUmOui6VockU59FJ6QNjWb1BcFGQghqaHB46IvHQV0+xfUUlPESe4lSP+h4CVJ3c,0.4290609999999999,1.1489200000000002,2.8405560000000003,0,2591700,31.877409,Delay-insensitive,4,7.0
519300,ZUmOui6VockU59FJ6QNjWb1BcFGQghqaHB46IvHQV0+xfUUlPESe4lSP+h4CVJ3c,0.682604,1.131797,1.6468470000000002,0,2591700,31.877409,Delay-insensitive,4,7.0
519600,ZUmOui6VockU59FJ6QNjWb1BcFGQghqaHB46IvHQV0+xfUUlPESe4lSP+h4CVJ3c,0.209723,1.131173,2.202204,0,2591700,31.877409,Delay-insensitive,4,7.0
519900,ZUmOui6VockU59FJ6QNjWb1BcFGQghqaHB46IvHQV0+xfUUlPESe4lSP+h4CVJ3c,0.475879,1.151626,1.7029189999999998,0,2591700,31.877409,Delay-insensitive,4,7.0
520200,ZUmOui6VockU59FJ6QNjWb1BcFGQghqaHB46IvHQV0+xfUUlPESe4lSP+h4CVJ3c,0.356775,1.159496,2.151738,0,2591700,31.877409,Delay-insensitive,4,7.0
520500,ZUmOui6VockU59FJ6QNjWb1BcFGQghqaHB46IvHQV0+xfUUlPESe4lSP+h4CVJ3c,0.884977,1.179866,1.938958,0,2591700,31.877409,Delay-insensitive,4,7.0
520800,ZUmOui6VockU59FJ6QNjWb1BcFGQghqaHB46IvHQV0+xfUUlPESe4lSP+h4CVJ3c,0.225525,1.126343,2.30654,0,2591700,31.877409,Delay-insensitive,4,7.0
521100,ZUmOui6VockU59FJ6QNjWb1BcFGQghqaHB46IvHQV0+xfUUlPESe4lSP+h4CVJ3c,0.665636,3.616527,21.258093,0,2591700,31.877409,Delay-insensitive,4,7.0
521400,ZUmOui6VockU59FJ6QNjWb1BcFGQghqaHB46IvHQV0+xfUUlPESe4lSP+h4CVJ3c,0.192074,1.192411,1.789872,0,2591700,31.877409,Delay-insensitive,4,7.0
521700,ZUmOui6VockU59FJ6QNjWb1BcFGQghqaHB46IvHQV0+xfUUlPESe4lSP+h4CVJ3c,0.506995,1.210639,1.805376,0,2591700,31.877409,Delay-insensitive,4,7.0
522000,ZUmOui6VockU59FJ6QNjWb1BcFGQghqaHB46IvHQV0+xfUUlPESe4lSP+h4CVJ3c,0.259853,0.737119,1.905294,0,2591700,31.877409,Delay-insensitive,4,7.0
522300,ZUmOui6VockU59FJ6QNjWb1BcFGQghqaHB46IvHQV0+xfUUlPESe4lSP+h4CVJ3c,0.0769779999999999,0.5554279999999999,1.162015,0,2591700,31.877409,Delay-insensitive,4,7.0
522600,ZUmOui6VockU59FJ6QNjWb1BcFGQghqaHB46IvHQV0+xfUUlPESe4lSP+h4CVJ3c,0.2033839999999999,0.602506,1.131838,0,2591700,31.877409,Delay-insensitive,4,7.0
522900,ZUmOui6VockU59FJ6QNjWb1BcFGQghqaHB46IvHQV0+xfUUlPESe4lSP+h4CVJ3c,0.082603,0.6196619999999999,1.3725120000000002,0,2591700,31.877409,Delay-insensitive,4,7.0
523200,ZUmOui6VockU59FJ6QNjWb1BcFGQghqaHB46IvHQV0+xfUUlPESe4lSP+h4CVJ3c,0.264655,0.6447510000000001,1.565064,0,2591700,31.877409,Delay-insensitive,4,7.0
523500,ZUmOui6VockU59FJ6QNjWb1BcFGQghqaHB46IvHQV0+xfUUlPESe4lSP+h4CVJ3c,0.160489,0.718271,4.725188,0,2591700,31.877409,Delay-insensitive,4,7.0
523800,ZUmOui6VockU59FJ6QNjWb1BcFGQghqaHB46IvHQV0+xfUUlPESe4lSP+h4CVJ3c,0.264518,1.6738,16.303205,0,2591700,31.877409,Delay-insensitive,4,7.0
524100,ZUmOui6VockU59FJ6QNjWb1BcFGQghqaHB46IvHQV0+xfUUlPESe4lSP+h4CVJ3c,0.145951,0.682908,1.32047,0,2591700,31.877409,Delay-insensitive,4,7.0
524400,ZUmOui6VockU59FJ6QNjWb1BcFGQghqaHB46IvHQV0+xfUUlPESe4lSP+h4CVJ3c,0.08668,0.59637,1.118455,0,2591700,31.877409,Delay-insensitive,4,7.0
524700,ZUmOui6VockU59FJ6QNjWb1BcFGQghqaHB46IvHQV0+xfUUlPESe4lSP+h4CVJ3c,0.220603,3.097186,30.368435,0,2591700,31.877409,Delay-insensitive,4,7.0
525000,ZUmOui6VockU59FJ6QNjWb1BcFGQghqaHB46IvHQV0+xfUUlPESe4lSP+h4CVJ3c,0.094987,0.6148899999999999,1.205534,0,2591700,31.877409,Delay-insensitive,4,7.0
525300,ZUmOui6VockU59FJ6QNjWb1BcFGQghqaHB46IvHQV0+xfUUlPESe4lSP+h4CVJ3c,0.253902,0.630342,1.011506,0,2591700,31.877409,Delay-insensitive,4,7.0
525600,ZUmOui6VockU59FJ6QNjWb1BcFGQghqaHB46IvHQV0+xfUUlPESe4lSP+h4CVJ3c,0.260653,0.632826,1.100083,0,2591700,31.877409,Delay-insensitive,4,7.0
525900,ZUmOui6VockU59FJ6QNjWb1BcFGQghqaHB46IvHQV0+xfUUlPESe4lSP+h4CVJ3c,0.20956,0.6126729999999999,1.051119,0,2591700,31.877409,Delay-insensitive,4,7.0
526200,ZUmOui6VockU59FJ6QNjWb1BcFGQghqaHB46IvHQV0+xfUUlPESe4lSP+h4CVJ3c,0.096049,0.6095,1.299454,0,2591700,31.877409,Delay-insensitive,4,7.0
526500,ZUmOui6VockU59FJ6QNjWb1BcFGQghqaHB46IvHQV0+xfUUlPESe4lSP+h4CVJ3c,0.22841,0.706903,1.292812,0,2591700,31.877409,Delay-insensitive,4,7.0
526800,ZUmOui6VockU59FJ6QNjWb1BcFGQghqaHB46IvHQV0+xfUUlPESe4lSP+h4CVJ3c,0.090111,0.683208,1.474476,0,2591700,31.877409,Delay-insensitive,4,7.0
527100,ZUmOui6VockU59FJ6QNjWb1BcFGQghqaHB46IvHQV0+xfUUlPESe4lSP+h4CVJ3c,0.094863,0.7348520000000001,1.964937,0,2591700,31.877409,Delay-insensitive,4,7.0
527400,ZUmOui6VockU59FJ6QNjWb1BcFGQghqaHB46IvHQV0+xfUUlPESe4lSP+h4CVJ3c,0.255734,0.706858,1.51193,0,2591700,31.877409,Delay-insensitive,4,7.0
527700,ZUmOui6VockU59FJ6QNjWb1BcFGQghqaHB46IvHQV0+xfUUlPESe4lSP+h4CVJ3c,0.278512,0.688,1.429296,0,2591700,31.877409,Delay-insensitive,4,7.0
528000,ZUmOui6VockU59FJ6QNjWb1BcFGQghqaHB46IvHQV0+xfUUlPESe4lSP+h4CVJ3c,0.255919,0.65094,1.284033,0,2591700,31.877409,Delay-insensitive,4,7.0
528300,ZUmOui6VockU59FJ6QNjWb1BcFGQghqaHB46IvHQV0+xfUUlPESe4lSP+h4CVJ3c,0.29211,1.729532,28.029797,0,2591700,31.877409,Delay-insensitive,4,7.0
528600,ZUmOui6VockU59FJ6QNjWb1BcFGQghqaHB46IvHQV0+xfUUlPESe4lSP+h4CVJ3c,0.3039719999999999,2.059402,29.161251,0,2591700,31.877409,Delay-insensitive,4,7.0
528900,ZUmOui6VockU59FJ6QNjWb1BcFGQghqaHB46IvHQV0+xfUUlPESe4lSP+h4CVJ3c,0.063002,0.60452,1.101082,0,2591700,31.877409,Delay-insensitive,4,7.0
529200,ZUmOui6VockU59FJ6QNjWb1BcFGQghqaHB46IvHQV0+xfUUlPESe4lSP+h4CVJ3c,0.23725,0.684142,1.2436,0,2591700,31.877409,Delay-insensitive,4,7.0
529500,ZUmOui6VockU59FJ6QNjWb1BcFGQghqaHB46IvHQV0+xfUUlPESe4lSP+h4CVJ3c,0.165237,0.7184229999999999,1.312897,0,2591700,31.877409,Delay-insensitive,4,7.0
529800,ZUmOui6VockU59FJ6QNjWb1BcFGQghqaHB46IvHQV0+xfUUlPESe4lSP+h4CVJ3c,0.1053089999999999,0.664549,1.494898,0,2591700,31.877409,Delay-insensitive,4,7.0
530100,ZUmOui6VockU59FJ6QNjWb1BcFGQghqaHB46IvHQV0+xfUUlPESe4lSP+h4CVJ3c,0.274575,0.6933050000000001,1.12521,0,2591700,31.877409,Delay-insensitive,4,7.0
530400,ZUmOui6VockU59FJ6QNjWb1BcFGQghqaHB46IvHQV0+xfUUlPESe4lSP+h4CVJ3c,0.250408,0.6656310000000001,1.227218,0,2591700,31.877409,Delay-insensitive,4,7.0
530700,ZUmOui6VockU59FJ6QNjWb1BcFGQghqaHB46IvHQV0+xfUUlPESe4lSP+h4CVJ3c,0.176304,0.855456,5.087138,0,2591700,31.877409,Delay-insensitive,4,7.0
531000,ZUmOui6VockU59FJ6QNjWb1BcFGQghqaHB46IvHQV0+xfUUlPESe4lSP+h4CVJ3c,0.074573,0.725184,1.404879,0,2591700,31.877409,Delay-insensitive,4,7.0
531300,ZUmOui6VockU59FJ6QNjWb1BcFGQghqaHB46IvHQV0+xfUUlPESe4lSP+h4CVJ3c,0.28696,0.7110770000000001,1.538926,0,2591700,31.877409,Delay-insensitive,4,7.0
531600,ZUmOui6VockU59FJ6QNjWb1BcFGQghqaHB46IvHQV0+xfUUlPESe4lSP+h4CVJ3c,0.11562,0.715199,1.51883,0,2591700,31.877409,Delay-insensitive,4,7.0
531900,ZUmOui6VockU59FJ6QNjWb1BcFGQghqaHB46IvHQV0+xfUUlPESe4lSP+h4CVJ3c,0.256359,0.7086979999999999,1.349915,0,2591700,31.877409,Delay-insensitive,4,7.0
532200,ZUmOui6VockU59FJ6QNjWb1BcFGQghqaHB46IvHQV0+xfUUlPESe4lSP+h4CVJ3c,0.0622389999999999,3.193784,29.288337,0,2591700,31.877409,Delay-insensitive,4,7.0
532500,ZUmOui6VockU59FJ6QNjWb1BcFGQghqaHB46IvHQV0+xfUUlPESe4lSP+h4CVJ3c,0.0503329999999999,0.654109,1.299561,0,2591700,31.877409,Delay-insensitive,4,7.0
532800,ZUmOui6VockU59FJ6QNjWb1BcFGQghqaHB46IvHQV0+xfUUlPESe4lSP+h4CVJ3c,0.249142,0.704515,1.390745,0,2591700,31.877409,Delay-insensitive,4,7.0
533100,ZUmOui6VockU59FJ6QNjWb1BcFGQghqaHB46IvHQV0+xfUUlPESe4lSP+h4CVJ3c,0.275206,0.765153,1.605322,0,2591700,31.877409,Delay-insensitive,4,7.0
533400,ZUmOui6VockU59FJ6QNjWb1BcFGQghqaHB46IvHQV0+xfUUlPESe4lSP+h4CVJ3c,0.219911,0.734206,1.467964,0,2591700,31.877409,Delay-insensitive,4,7.0
533700,ZUmOui6VockU59FJ6QNjWb1BcFGQghqaHB46IvHQV0+xfUUlPESe4lSP+h4CVJ3c,0.311208,0.742016,1.577115,0,2591700,31.877409,Delay-insensitive,4,7.0
534000,ZUmOui6VockU59FJ6QNjWb1BcFGQghqaHB46IvHQV0+xfUUlPESe4lSP+h4CVJ3c,0.290344,0.727726,1.656675,0,2591700,31.877409,Delay-insensitive,4,7.0
534300,ZUmOui6VockU59FJ6QNjWb1BcFGQghqaHB46IvHQV0+xfUUlPESe4lSP+h4CVJ3c,0.165701,0.7385010000000001,1.540548,0,2591700,31.877409,Delay-insensitive,4,7.0
534600,ZUmOui6VockU59FJ6QNjWb1BcFGQghqaHB46IvHQV0+xfUUlPESe4lSP+h4CVJ3c,0.344136,0.773822,1.326408,0,2591700,31.877409,Delay-insensitive,4,7.0
534900,ZUmOui6VockU59FJ6QNjWb1BcFGQghqaHB46IvHQV0+xfUUlPESe4lSP+h4CVJ3c,0.14966,0.710314,1.396289,0,2591700,31.877409,Delay-insensitive,4,7.0
535200,ZUmOui6VockU59FJ6QNjWb1BcFGQghqaHB46IvHQV0+xfUUlPESe4lSP+h4CVJ3c,0.042699,0.756249,1.89186,0,2591700,31.877409,Delay-insensitive,4,7.0
535500,ZUmOui6VockU59FJ6QNjWb1BcFGQghqaHB46IvHQV0+xfUUlPESe4lSP+h4CVJ3c,0.3423739999999999,0.963167,1.937804,0,2591700,31.877409,Delay-insensitive,4,7.0
535800,ZUmOui6VockU59FJ6QNjWb1BcFGQghqaHB46IvHQV0+xfUUlPESe4lSP+h4CVJ3c,0.123738,2.534551,19.962593,0,2591700,31.877409,Delay-insensitive,4,7.0
536100,ZUmOui6VockU59FJ6QNjWb1BcFGQghqaHB46IvHQV0+xfUUlPESe4lSP+h4CVJ3c,0.233607,0.852601,1.783114,0,2591700,31.877409,Delay-insensitive,4,7.0
536400,ZUmOui6VockU59FJ6QNjWb1BcFGQghqaHB46IvHQV0+xfUUlPESe4lSP+h4CVJ3c,0.233703,0.816995,1.7698650000000002,0,2591700,31.877409,Delay-insensitive,4,7.0
536700,ZUmOui6VockU59FJ6QNjWb1BcFGQghqaHB46IvHQV0+xfUUlPESe4lSP+h4CVJ3c,0.301072,0.926261,1.880203,0,2591700,31.877409,Delay-insensitive,4,7.0
537000,ZUmOui6VockU59FJ6QNjWb1BcFGQghqaHB46IvHQV0+xfUUlPESe4lSP+h4CVJ3c,0.09615,0.8731129999999999,1.9870330000000005,0,2591700,31.877409,Delay-insensitive,4,7.0
537300,ZUmOui6VockU59FJ6QNjWb1BcFGQghqaHB46IvHQV0+xfUUlPESe4lSP+h4CVJ3c,0.328236,0.993012,2.134287,0,2591700,31.877409,Delay-insensitive,4,7.0
537600,ZUmOui6VockU59FJ6QNjWb1BcFGQghqaHB46IvHQV0+xfUUlPESe4lSP+h4CVJ3c,0.187022,0.805295,1.444852,0,2591700,31.877409,Delay-insensitive,4,7.0
537900,ZUmOui6VockU59FJ6QNjWb1BcFGQghqaHB46IvHQV0+xfUUlPESe4lSP+h4CVJ3c,0.095862,0.90214,1.873228,0,2591700,31.877409,Delay-insensitive,4,7.0
538200,ZUmOui6VockU59FJ6QNjWb1BcFGQghqaHB46IvHQV0+xfUUlPESe4lSP+h4CVJ3c,0.27791,0.903728,1.664141,0,2591700,31.877409,Delay-insensitive,4,7.0
538500,ZUmOui6VockU59FJ6QNjWb1BcFGQghqaHB46IvHQV0+xfUUlPESe4lSP+h4CVJ3c,0.165883,0.8507399999999999,1.556317,0,2591700,31.877409,Delay-insensitive,4,7.0
538800,ZUmOui6VockU59FJ6QNjWb1BcFGQghqaHB46IvHQV0+xfUUlPESe4lSP+h4CVJ3c,0.29509,0.839275,1.85104,0,2591700,31.877409,Delay-insensitive,4,7.0
539100,ZUmOui6VockU59FJ6QNjWb1BcFGQghqaHB46IvHQV0+xfUUlPESe4lSP+h4CVJ3c,0.289051,0.8965280000000001,2.184957,0,2591700,31.877409,Delay-insensitive,4,7.0
539400,ZUmOui6VockU59FJ6QNjWb1BcFGQghqaHB46IvHQV0+xfUUlPESe4lSP+h4CVJ3c,0.347432,3.311735,29.777445,0,2591700,31.877409,Delay-insensitive,4,7.0
539700,ZUmOui6VockU59FJ6QNjWb1BcFGQghqaHB46IvHQV0+xfUUlPESe4lSP+h4CVJ3c,0.183833,1.124615,8.908767999999998,0,2591700,31.877409,Delay-insensitive,4,7.0
540000,ZUmOui6VockU59FJ6QNjWb1BcFGQghqaHB46IvHQV0+xfUUlPESe4lSP+h4CVJ3c,0.253305,0.8024439999999999,1.4020860000000002,0,2591700,31.877409,Delay-insensitive,4,7.0
540300,ZUmOui6VockU59FJ6QNjWb1BcFGQghqaHB46IvHQV0+xfUUlPESe4lSP+h4CVJ3c,0.118646,0.757228,1.3462379999999998,0,2591700,31.877409,Delay-insensitive,4,7.0
540600,ZUmOui6VockU59FJ6QNjWb1BcFGQghqaHB46IvHQV0+xfUUlPESe4lSP+h4CVJ3c,0.2168469999999999,0.7285229999999999,1.707717,0,2591700,31.877409,Delay-insensitive,4,7.0
540900,ZUmOui6VockU59FJ6QNjWb1BcFGQghqaHB46IvHQV0+xfUUlPESe4lSP+h4CVJ3c,0.276041,0.793021,1.316637,0,2591700,31.877409,Delay-insensitive,4,7.0
541200,ZUmOui6VockU59FJ6QNjWb1BcFGQghqaHB46IvHQV0+xfUUlPESe4lSP+h4CVJ3c,0.153553,0.76727,1.484064,0,2591700,31.877409,Delay-insensitive,4,7.0
541500,ZUmOui6VockU59FJ6QNjWb1BcFGQghqaHB46IvHQV0+xfUUlPESe4lSP+h4CVJ3c,0.208855,0.761614,2.060145,0,2591700,31.877409,Delay-insensitive,4,7.0
541800,ZUmOui6VockU59FJ6QNjWb1BcFGQghqaHB46IvHQV0+xfUUlPESe4lSP+h4CVJ3c,0.275074,0.758732,2.610755,0,2591700,31.877409,Delay-insensitive,4,7.0
542100,ZUmOui6VockU59FJ6QNjWb1BcFGQghqaHB46IvHQV0+xfUUlPESe4lSP+h4CVJ3c,0.231145,0.723125,1.242707,0,2591700,31.877409,Delay-insensitive,4,7.0
542400,ZUmOui6VockU59FJ6QNjWb1BcFGQghqaHB46IvHQV0+xfUUlPESe4lSP+h4CVJ3c,0.147058,0.707613,1.881909,0,2591700,31.877409,Delay-insensitive,4,7.0
542700,ZUmOui6VockU59FJ6QNjWb1BcFGQghqaHB46IvHQV0+xfUUlPESe4lSP+h4CVJ3c,0.2001369999999999,0.733626,1.408227,0,2591700,31.877409,Delay-insensitive,4,7.0
543000,ZUmOui6VockU59FJ6QNjWb1BcFGQghqaHB46IvHQV0+xfUUlPESe4lSP+h4CVJ3c,0.071845,2.6415,47.595498,0,2591700,31.877409,Delay-insensitive,4,7.0
543300,ZUmOui6VockU59FJ6QNjWb1BcFGQghqaHB46IvHQV0+xfUUlPESe4lSP+h4CVJ3c,0.078185,1.298342,16.293582,0,2591700,31.877409,Delay-insensitive,4,7.0
543600,ZUmOui6VockU59FJ6QNjWb1BcFGQghqaHB46IvHQV0+xfUUlPESe4lSP+h4CVJ3c,0.1898109999999999,0.833839,1.583888,0,2591700,31.877409,Delay-insensitive,4,7.0
543900,ZUmOui6VockU59FJ6QNjWb1BcFGQghqaHB46IvHQV0+xfUUlPESe4lSP+h4CVJ3c,0.074199,0.719445,1.362459,0,2591700,31.877409,Delay-insensitive,4,7.0
544200,ZUmOui6VockU59FJ6QNjWb1BcFGQghqaHB46IvHQV0+xfUUlPESe4lSP+h4CVJ3c,0.247078,0.790796,1.950975,0,2591700,31.877409,Delay-insensitive,4,7.0
544500,ZUmOui6VockU59FJ6QNjWb1BcFGQghqaHB46IvHQV0+xfUUlPESe4lSP+h4CVJ3c,0.239762,0.7749560000000001,1.86613,0,2591700,31.877409,Delay-insensitive,4,7.0
544800,ZUmOui6VockU59FJ6QNjWb1BcFGQghqaHB46IvHQV0+xfUUlPESe4lSP+h4CVJ3c,0.28234,0.756965,1.545111,0,2591700,31.877409,Delay-insensitive,4,7.0
545100,ZUmOui6VockU59FJ6QNjWb1BcFGQghqaHB46IvHQV0+xfUUlPESe4lSP+h4CVJ3c,0.167594,0.844892,5.504038,0,2591700,31.877409,Delay-insensitive,4,7.0
545400,ZUmOui6VockU59FJ6QNjWb1BcFGQghqaHB46IvHQV0+xfUUlPESe4lSP+h4CVJ3c,0.172172,0.704782,1.606405,0,2591700,31.877409,Delay-insensitive,4,7.0
545700,ZUmOui6VockU59FJ6QNjWb1BcFGQghqaHB46IvHQV0+xfUUlPESe4lSP+h4CVJ3c,0.226444,0.695358,1.37618,0,2591700,31.877409,Delay-insensitive,4,7.0
546000,ZUmOui6VockU59FJ6QNjWb1BcFGQghqaHB46IvHQV0+xfUUlPESe4lSP+h4CVJ3c,0.195249,0.633049,1.791705,0,2591700,31.877409,Delay-insensitive,4,7.0
546300,ZUmOui6VockU59FJ6QNjWb1BcFGQghqaHB46IvHQV0+xfUUlPESe4lSP+h4CVJ3c,0.22653,0.7033699999999999,1.369071,0,2591700,31.877409,Delay-insensitive,4,7.0
546600,ZUmOui6VockU59FJ6QNjWb1BcFGQghqaHB46IvHQV0+xfUUlPESe4lSP+h4CVJ3c,0.2372,0.734264,1.434474,0,2591700,31.877409,Delay-insensitive,4,7.0
546900,ZUmOui6VockU59FJ6QNjWb1BcFGQghqaHB46IvHQV0+xfUUlPESe4lSP+h4CVJ3c,0.267293,3.0893900000000003,22.054836,0,2591700,31.877409,Delay-insensitive,4,7.0
547200,ZUmOui6VockU59FJ6QNjWb1BcFGQghqaHB46IvHQV0+xfUUlPESe4lSP+h4CVJ3c,0.166659,0.675158,1.470691,0,2591700,31.877409,Delay-insensitive,4,7.0
547500,ZUmOui6VockU59FJ6QNjWb1BcFGQghqaHB46IvHQV0+xfUUlPESe4lSP+h4CVJ3c,0.185382,0.809293,1.438616,0,2591700,31.877409,Delay-insensitive,4,7.0
547800,ZUmOui6VockU59FJ6QNjWb1BcFGQghqaHB46IvHQV0+xfUUlPESe4lSP+h4CVJ3c,0.097978,0.7620140000000001,2.050416,0,2591700,31.877409,Delay-insensitive,4,7.0
548100,ZUmOui6VockU59FJ6QNjWb1BcFGQghqaHB46IvHQV0+xfUUlPESe4lSP+h4CVJ3c,0.231398,0.724595,1.520392,0,2591700,31.877409,Delay-insensitive,4,7.0
548400,ZUmOui6VockU59FJ6QNjWb1BcFGQghqaHB46IvHQV0+xfUUlPESe4lSP+h4CVJ3c,0.049019,0.686579,1.421204,0,2591700,31.877409,Delay-insensitive,4,7.0
548700,ZUmOui6VockU59FJ6QNjWb1BcFGQghqaHB46IvHQV0+xfUUlPESe4lSP+h4CVJ3c,0.137892,0.718238,2.063458,0,2591700,31.877409,Delay-insensitive,4,7.0
549000,ZUmOui6VockU59FJ6QNjWb1BcFGQghqaHB46IvHQV0+xfUUlPESe4lSP+h4CVJ3c,0.2149239999999999,0.729965,1.531776,0,2591700,31.877409,Delay-insensitive,4,7.0
549300,ZUmOui6VockU59FJ6QNjWb1BcFGQghqaHB46IvHQV0+xfUUlPESe4lSP+h4CVJ3c,0.029831,0.716292,1.843599,0,2591700,31.877409,Delay-insensitive,4,7.0
549600,ZUmOui6VockU59FJ6QNjWb1BcFGQghqaHB46IvHQV0+xfUUlPESe4lSP+h4CVJ3c,0.147497,0.7572949999999999,1.6777830000000002,0,2591700,31.877409,Delay-insensitive,4,7.0
549900,ZUmOui6VockU59FJ6QNjWb1BcFGQghqaHB46IvHQV0+xfUUlPESe4lSP+h4CVJ3c,0.125572,0.69731,1.835384,0,2591700,31.877409,Delay-insensitive,4,7.0
550200,ZUmOui6VockU59FJ6QNjWb1BcFGQghqaHB46IvHQV0+xfUUlPESe4lSP+h4CVJ3c,0.206032,0.731061,1.407211,0,2591700,31.877409,Delay-insensitive,4,7.0
550500,ZUmOui6VockU59FJ6QNjWb1BcFGQghqaHB46IvHQV0+xfUUlPESe4lSP+h4CVJ3c,0.076414,3.039571,37.716648,0,2591700,31.877409,Delay-insensitive,4,7.0
550800,ZUmOui6VockU59FJ6QNjWb1BcFGQghqaHB46IvHQV0+xfUUlPESe4lSP+h4CVJ3c,0.2086489999999999,0.663755,1.344298,0,2591700,31.877409,Delay-insensitive,4,7.0
551100,ZUmOui6VockU59FJ6QNjWb1BcFGQghqaHB46IvHQV0+xfUUlPESe4lSP+h4CVJ3c,0.082953,0.664771,1.470896,0,2591700,31.877409,Delay-insensitive,4,7.0
551400,ZUmOui6VockU59FJ6QNjWb1BcFGQghqaHB46IvHQV0+xfUUlPESe4lSP+h4CVJ3c,0.124731,0.687366,1.64095,0,2591700,31.877409,Delay-insensitive,4,7.0
551700,ZUmOui6VockU59FJ6QNjWb1BcFGQghqaHB46IvHQV0+xfUUlPESe4lSP+h4CVJ3c,0.210643,0.724292,1.637707,0,2591700,31.877409,Delay-insensitive,4,7.0
552000,ZUmOui6VockU59FJ6QNjWb1BcFGQghqaHB46IvHQV0+xfUUlPESe4lSP+h4CVJ3c,0.096064,0.699886,1.323981,0,2591700,31.877409,Delay-insensitive,4,7.0
552300,ZUmOui6VockU59FJ6QNjWb1BcFGQghqaHB46IvHQV0+xfUUlPESe4lSP+h4CVJ3c,0.218294,0.650447,1.7813310000000002,0,2591700,31.877409,Delay-insensitive,4,7.0
552600,ZUmOui6VockU59FJ6QNjWb1BcFGQghqaHB46IvHQV0+xfUUlPESe4lSP+h4CVJ3c,0.2409059999999999,5.096997,96.255454,0,2591700,31.877409,Delay-insensitive,4,7.0
552900,ZUmOui6VockU59FJ6QNjWb1BcFGQghqaHB46IvHQV0+xfUUlPESe4lSP+h4CVJ3c,0.407472,26.18259,85.173725,0,2591700,31.877409,Delay-insensitive,4,7.0
553200,ZUmOui6VockU59FJ6QNjWb1BcFGQghqaHB46IvHQV0+xfUUlPESe4lSP+h4CVJ3c,0.8642860000000001,25.141205,83.381715,0,2591700,31.877409,Delay-insensitive,4,7.0
553500,ZUmOui6VockU59FJ6QNjWb1BcFGQghqaHB46IvHQV0+xfUUlPESe4lSP+h4CVJ3c,0.240328,0.8044319999999999,1.620455,0,2591700,31.877409,Delay-insensitive,4,7.0
553800,ZUmOui6VockU59FJ6QNjWb1BcFGQghqaHB46IvHQV0+xfUUlPESe4lSP+h4CVJ3c,0.2196929999999999,0.821623,1.594452,0,2591700,31.877409,Delay-insensitive,4,7.0
554100,ZUmOui6VockU59FJ6QNjWb1BcFGQghqaHB46IvHQV0+xfUUlPESe4lSP+h4CVJ3c,0.224017,1.522522,20.530255,0,2591700,31.877409,Delay-insensitive,4,7.0
554400,ZUmOui6VockU59FJ6QNjWb1BcFGQghqaHB46IvHQV0+xfUUlPESe4lSP+h4CVJ3c,0.219434,1.223631,19.238596,0,2591700,31.877409,Delay-insensitive,4,7.0
554700,ZUmOui6VockU59FJ6QNjWb1BcFGQghqaHB46IvHQV0+xfUUlPESe4lSP+h4CVJ3c,0.183962,0.773368,1.538892,0,2591700,31.877409,Delay-insensitive,4,7.0
555000,ZUmOui6VockU59FJ6QNjWb1BcFGQghqaHB46IvHQV0+xfUUlPESe4lSP+h4CVJ3c,0.306783,0.741057,1.684816,0,2591700,31.877409,Delay-insensitive,4,7.0
555300,ZUmOui6VockU59FJ6QNjWb1BcFGQghqaHB46IvHQV0+xfUUlPESe4lSP+h4CVJ3c,0.256403,0.7913180000000001,1.62381,0,2591700,31.877409,Delay-insensitive,4,7.0
555600,ZUmOui6VockU59FJ6QNjWb1BcFGQghqaHB46IvHQV0+xfUUlPESe4lSP+h4CVJ3c,0.237848,0.789153,1.7358779999999998,0,2591700,31.877409,Delay-insensitive,4,7.0
555900,ZUmOui6VockU59FJ6QNjWb1BcFGQghqaHB46IvHQV0+xfUUlPESe4lSP+h4CVJ3c,0.2656989999999999,0.931306,5.140324,0,2591700,31.877409,Delay-insensitive,4,7.0
556200,ZUmOui6VockU59FJ6QNjWb1BcFGQghqaHB46IvHQV0+xfUUlPESe4lSP+h4CVJ3c,0.23868,0.7873020000000001,1.640145,0,2591700,31.877409,Delay-insensitive,4,7.0
556500,ZUmOui6VockU59FJ6QNjWb1BcFGQghqaHB46IvHQV0+xfUUlPESe4lSP+h4CVJ3c,0.226567,0.773419,1.485992,0,2591700,31.877409,Delay-insensitive,4,7.0
556800,ZUmOui6VockU59FJ6QNjWb1BcFGQghqaHB46IvHQV0+xfUUlPESe4lSP+h4CVJ3c,0.2000819999999999,0.757289,1.927109,0,2591700,31.877409,Delay-insensitive,4,7.0
557100,ZUmOui6VockU59FJ6QNjWb1BcFGQghqaHB46IvHQV0+xfUUlPESe4lSP+h4CVJ3c,0.212955,0.720711,1.6829880000000002,0,2591700,31.877409,Delay-insensitive,4,7.0
557400,ZUmOui6VockU59FJ6QNjWb1BcFGQghqaHB46IvHQV0+xfUUlPESe4lSP+h4CVJ3c,0.210708,0.7318020000000001,1.487977,0,2591700,31.877409,Delay-insensitive,4,7.0
557700,ZUmOui6VockU59FJ6QNjWb1BcFGQghqaHB46IvHQV0+xfUUlPESe4lSP+h4CVJ3c,0.227174,0.732233,1.620468,0,2591700,31.877409,Delay-insensitive,4,7.0
558000,ZUmOui6VockU59FJ6QNjWb1BcFGQghqaHB46IvHQV0+xfUUlPESe4lSP+h4CVJ3c,0.173334,3.223024,31.518936,0,2591700,31.877409,Delay-insensitive,4,7.0
558300,ZUmOui6VockU59FJ6QNjWb1BcFGQghqaHB46IvHQV0+xfUUlPESe4lSP+h4CVJ3c,0.321463,0.6767989999999999,1.626532,0,2591700,31.877409,Delay-insensitive,4,7.0
558600,ZUmOui6VockU59FJ6QNjWb1BcFGQghqaHB46IvHQV0+xfUUlPESe4lSP+h4CVJ3c,0.132234,0.699799,1.709772,0,2591700,31.877409,Delay-insensitive,4,7.0
558900,ZUmOui6VockU59FJ6QNjWb1BcFGQghqaHB46IvHQV0+xfUUlPESe4lSP+h4CVJ3c,0.2401,0.665963,1.545693,0,2591700,31.877409,Delay-insensitive,4,7.0
559200,ZUmOui6VockU59FJ6QNjWb1BcFGQghqaHB46IvHQV0+xfUUlPESe4lSP+h4CVJ3c,0.244716,0.7511939999999999,1.624731,0,2591700,31.877409,Delay-insensitive,4,7.0
559500,ZUmOui6VockU59FJ6QNjWb1BcFGQghqaHB46IvHQV0+xfUUlPESe4lSP+h4CVJ3c,0.310064,1.717212,22.032795,0,2591700,31.877409,Delay-insensitive,4,7.0
559800,ZUmOui6VockU59FJ6QNjWb1BcFGQghqaHB46IvHQV0+xfUUlPESe4lSP+h4CVJ3c,0.242502,0.8769,2.911103,0,2591700,31.877409,Delay-insensitive,4,7.0
560100,ZUmOui6VockU59FJ6QNjWb1BcFGQghqaHB46IvHQV0+xfUUlPESe4lSP+h4CVJ3c,0.081013,0.6661130000000001,1.707836,0,2591700,31.877409,Delay-insensitive,4,7.0
560400,ZUmOui6VockU59FJ6QNjWb1BcFGQghqaHB46IvHQV0+xfUUlPESe4lSP+h4CVJ3c,0.279893,0.7467520000000001,1.693359,0,2591700,31.877409,Delay-insensitive,4,7.0
560700,ZUmOui6VockU59FJ6QNjWb1BcFGQghqaHB46IvHQV0+xfUUlPESe4lSP+h4CVJ3c,0.080908,0.687058,1.344369,0,2591700,31.877409,Delay-insensitive,4,7.0
561000,ZUmOui6VockU59FJ6QNjWb1BcFGQghqaHB46IvHQV0+xfUUlPESe4lSP+h4CVJ3c,0.270029,0.719138,1.359705,0,2591700,31.877409,Delay-insensitive,4,7.0
561300,ZUmOui6VockU59FJ6QNjWb1BcFGQghqaHB46IvHQV0+xfUUlPESe4lSP+h4CVJ3c,0.052308,0.617156,1.471487,0,2591700,31.877409,Delay-insensitive,4,7.0
561600,ZUmOui6VockU59FJ6QNjWb1BcFGQghqaHB46IvHQV0+xfUUlPESe4lSP+h4CVJ3c,0.294827,3.097745,24.124718,0,2591700,31.877409,Delay-insensitive,4,7.0
561900,ZUmOui6VockU59FJ6QNjWb1BcFGQghqaHB46IvHQV0+xfUUlPESe4lSP+h4CVJ3c,0.158394,0.6281720000000001,1.264386,0,2591700,31.877409,Delay-insensitive,4,7.0
562200,ZUmOui6VockU59FJ6QNjWb1BcFGQghqaHB46IvHQV0+xfUUlPESe4lSP+h4CVJ3c,0.059433,0.631182,1.425426,0,2591700,31.877409,Delay-insensitive,4,7.0
562500,ZUmOui6VockU59FJ6QNjWb1BcFGQghqaHB46IvHQV0+xfUUlPESe4lSP+h4CVJ3c,0.251035,0.692032,1.4813120000000002,0,2591700,31.877409,Delay-insensitive,4,7.0
562800,ZUmOui6VockU59FJ6QNjWb1BcFGQghqaHB46IvHQV0+xfUUlPESe4lSP+h4CVJ3c,0.280022,0.697249,1.926747,0,2591700,31.877409,Delay-insensitive,4,7.0
563100,ZUmOui6VockU59FJ6QNjWb1BcFGQghqaHB46IvHQV0+xfUUlPESe4lSP+h4CVJ3c,0.283676,0.874556,2.448276,0,2591700,31.877409,Delay-insensitive,4,7.0
563400,ZUmOui6VockU59FJ6QNjWb1BcFGQghqaHB46IvHQV0+xfUUlPESe4lSP+h4CVJ3c,0.0708299999999999,0.871474,2.178464,0,2591700,31.877409,Delay-insensitive,4,7.0
563700,ZUmOui6VockU59FJ6QNjWb1BcFGQghqaHB46IvHQV0+xfUUlPESe4lSP+h4CVJ3c,0.237064,0.8085859999999999,1.728735,0,2591700,31.877409,Delay-insensitive,4,7.0
564000,ZUmOui6VockU59FJ6QNjWb1BcFGQghqaHB46IvHQV0+xfUUlPESe4lSP+h4CVJ3c,0.098272,0.657076,1.921156,0,2591700,31.877409,Delay-insensitive,4,7.0
564300,ZUmOui6VockU59FJ6QNjWb1BcFGQghqaHB46IvHQV0+xfUUlPESe4lSP+h4CVJ3c,0.209963,0.647421,1.554009,0,2591700,31.877409,Delay-insensitive,4,7.0
564600,ZUmOui6VockU59FJ6QNjWb1BcFGQghqaHB46IvHQV0+xfUUlPESe4lSP+h4CVJ3c,0.063703,0.633221,1.280665,0,2591700,31.877409,Delay-insensitive,4,7.0
564900,ZUmOui6VockU59FJ6QNjWb1BcFGQghqaHB46IvHQV0+xfUUlPESe4lSP+h4CVJ3c,0.1552619999999999,0.628252,1.4646290000000002,0,2591700,31.877409,Delay-insensitive,4,7.0
565200,ZUmOui6VockU59FJ6QNjWb1BcFGQghqaHB46IvHQV0+xfUUlPESe4lSP+h4CVJ3c,0.2167349999999999,3.08045,25.262648,0,2591700,31.877409,Delay-insensitive,4,7.0
565500,ZUmOui6VockU59FJ6QNjWb1BcFGQghqaHB46IvHQV0+xfUUlPESe4lSP+h4CVJ3c,0.093105,0.6081,1.422397,0,2591700,31.877409,Delay-insensitive,4,7.0
565800,ZUmOui6VockU59FJ6QNjWb1BcFGQghqaHB46IvHQV0+xfUUlPESe4lSP+h4CVJ3c,0.257371,0.620422,1.882709,0,2591700,31.877409,Delay-insensitive,4,7.0
566100,ZUmOui6VockU59FJ6QNjWb1BcFGQghqaHB46IvHQV0+xfUUlPESe4lSP+h4CVJ3c,0.132871,0.61074,1.357387,0,2591700,31.877409,Delay-insensitive,4,7.0
566400,ZUmOui6VockU59FJ6QNjWb1BcFGQghqaHB46IvHQV0+xfUUlPESe4lSP+h4CVJ3c,0.341037,13.537591,63.638062,0,2591700,31.877409,Delay-insensitive,4,7.0
566700,ZUmOui6VockU59FJ6QNjWb1BcFGQghqaHB46IvHQV0+xfUUlPESe4lSP+h4CVJ3c,0.256834,30.133818,98.85641,0,2591700,31.877409,Delay-insensitive,4,7.0
567000,ZUmOui6VockU59FJ6QNjWb1BcFGQghqaHB46IvHQV0+xfUUlPESe4lSP+h4CVJ3c,0.684747,20.059175,93.359293,0,2591700,31.877409,Delay-insensitive,4,7.0
567300,ZUmOui6VockU59FJ6QNjWb1BcFGQghqaHB46IvHQV0+xfUUlPESe4lSP+h4CVJ3c,0.367352,4.908622,9.585395,0,2591700,31.877409,Delay-insensitive,4,7.0
567600,ZUmOui6VockU59FJ6QNjWb1BcFGQghqaHB46IvHQV0+xfUUlPESe4lSP+h4CVJ3c,0.4046869999999999,3.1166080000000003,9.165569,0,2591700,31.877409,Delay-insensitive,4,7.0
567900,ZUmOui6VockU59FJ6QNjWb1BcFGQghqaHB46IvHQV0+xfUUlPESe4lSP+h4CVJ3c,0.2221699999999999,0.72123,3.523104,0,2591700,31.877409,Delay-insensitive,4,7.0
568200,ZUmOui6VockU59FJ6QNjWb1BcFGQghqaHB46IvHQV0+xfUUlPESe4lSP+h4CVJ3c,0.17387,0.562365,0.98838,0,2591700,31.877409,Delay-insensitive,4,7.0
568500,ZUmOui6VockU59FJ6QNjWb1BcFGQghqaHB46IvHQV0+xfUUlPESe4lSP+h4CVJ3c,0.220713,0.6323340000000001,1.570382,0,2591700,31.877409,Delay-insensitive,4,7.0
568800,ZUmOui6VockU59FJ6QNjWb1BcFGQghqaHB46IvHQV0+xfUUlPESe4lSP+h4CVJ3c,0.188792,2.950484,42.5536,0,2591700,31.877409,Delay-insensitive,4,7.0
569100,ZUmOui6VockU59FJ6QNjWb1BcFGQghqaHB46IvHQV0+xfUUlPESe4lSP+h4CVJ3c,0.22344,0.859448,7.461685000000001,0,2591700,31.877409,Delay-insensitive,4,7.0
569400,ZUmOui6VockU59FJ6QNjWb1BcFGQghqaHB46IvHQV0+xfUUlPESe4lSP+h4CVJ3c,0.0817919999999999,0.6040300000000001,1.814859,0,2591700,31.877409,Delay-insensitive,4,7.0
569700,ZUmOui6VockU59FJ6QNjWb1BcFGQghqaHB46IvHQV0+xfUUlPESe4lSP+h4CVJ3c,0.22479,0.588869,1.153059,0,2591700,31.877409,Delay-insensitive,4,7.0
570000,ZUmOui6VockU59FJ6QNjWb1BcFGQghqaHB46IvHQV0+xfUUlPESe4lSP+h4CVJ3c,0.085123,0.57808,1.351807,0,2591700,31.877409,Delay-insensitive,4,7.0
570300,ZUmOui6VockU59FJ6QNjWb1BcFGQghqaHB46IvHQV0+xfUUlPESe4lSP+h4CVJ3c,0.1736319999999999,0.561524,1.665296,0,2591700,31.877409,Delay-insensitive,4,7.0
570600,ZUmOui6VockU59FJ6QNjWb1BcFGQghqaHB46IvHQV0+xfUUlPESe4lSP+h4CVJ3c,0.227304,0.588544,1.418764,0,2591700,31.877409,Delay-insensitive,4,7.0
570900,ZUmOui6VockU59FJ6QNjWb1BcFGQghqaHB46IvHQV0+xfUUlPESe4lSP+h4CVJ3c,0.136746,0.534774,1.10143,0,2591700,31.877409,Delay-insensitive,4,7.0
571200,ZUmOui6VockU59FJ6QNjWb1BcFGQghqaHB46IvHQV0+xfUUlPESe4lSP+h4CVJ3c,0.222692,0.573865,1.461539,0,2591700,31.877409,Delay-insensitive,4,7.0
571500,ZUmOui6VockU59FJ6QNjWb1BcFGQghqaHB46IvHQV0+xfUUlPESe4lSP+h4CVJ3c,0.10039,0.533809,1.447459,0,2591700,31.877409,Delay-insensitive,4,7.0
571800,ZUmOui6VockU59FJ6QNjWb1BcFGQghqaHB46IvHQV0+xfUUlPESe4lSP+h4CVJ3c,0.2284389999999999,0.540048,0.937476,0,2591700,31.877409,Delay-insensitive,4,7.0
572100,ZUmOui6VockU59FJ6QNjWb1BcFGQghqaHB46IvHQV0+xfUUlPESe4lSP+h4CVJ3c,0.050038,0.536659,1.415466,0,2591700,31.877409,Delay-insensitive,4,7.0
572400,ZUmOui6VockU59FJ6QNjWb1BcFGQghqaHB46IvHQV0+xfUUlPESe4lSP+h4CVJ3c,0.240905,0.550355,1.002882,0,2591700,31.877409,Delay-insensitive,4,7.0
572700,ZUmOui6VockU59FJ6QNjWb1BcFGQghqaHB46IvHQV0+xfUUlPESe4lSP+h4CVJ3c,0.158877,2.076339,24.714564000000003,0,2591700,31.877409,Delay-insensitive,4,7.0
573000,ZUmOui6VockU59FJ6QNjWb1BcFGQghqaHB46IvHQV0+xfUUlPESe4lSP+h4CVJ3c,0.067467,0.537337,1.416032,0,2591700,31.877409,Delay-insensitive,4,7.0
573300,ZUmOui6VockU59FJ6QNjWb1BcFGQghqaHB46IvHQV0+xfUUlPESe4lSP+h4CVJ3c,0.220469,0.59103,1.295927,0,2591700,31.877409,Delay-insensitive,4,7.0
573600,ZUmOui6VockU59FJ6QNjWb1BcFGQghqaHB46IvHQV0+xfUUlPESe4lSP+h4CVJ3c,0.120613,0.589052,1.292606,0,2591700,31.877409,Delay-insensitive,4,7.0
573900,ZUmOui6VockU59FJ6QNjWb1BcFGQghqaHB46IvHQV0+xfUUlPESe4lSP+h4CVJ3c,0.263678,0.582399,1.450045,0,2591700,31.877409,Delay-insensitive,4,7.0
574200,ZUmOui6VockU59FJ6QNjWb1BcFGQghqaHB46IvHQV0+xfUUlPESe4lSP+h4CVJ3c,0.17322,0.575289,1.367155,0,2591700,31.877409,Delay-insensitive,4,7.0
574500,ZUmOui6VockU59FJ6QNjWb1BcFGQghqaHB46IvHQV0+xfUUlPESe4lSP+h4CVJ3c,0.205812,0.611545,1.370528,0,2591700,31.877409,Delay-insensitive,4,7.0
574800,ZUmOui6VockU59FJ6QNjWb1BcFGQghqaHB46IvHQV0+xfUUlPESe4lSP+h4CVJ3c,0.110152,0.561807,1.3848120000000002,0,2591700,31.877409,Delay-insensitive,4,7.0
575100,ZUmOui6VockU59FJ6QNjWb1BcFGQghqaHB46IvHQV0+xfUUlPESe4lSP+h4CVJ3c,0.202427,0.5849310000000001,1.27896,0,2591700,31.877409,Delay-insensitive,4,7.0
575400,ZUmOui6VockU59FJ6QNjWb1BcFGQghqaHB46IvHQV0+xfUUlPESe4lSP+h4CVJ3c,0.116444,0.55187,1.242459,0,2591700,31.877409,Delay-insensitive,4,7.0
575700,ZUmOui6VockU59FJ6QNjWb1BcFGQghqaHB46IvHQV0+xfUUlPESe4lSP+h4CVJ3c,0.240267,0.5723,1.197557,0,2591700,31.877409,Delay-insensitive,4,7.0
576000,ZUmOui6VockU59FJ6QNjWb1BcFGQghqaHB46IvHQV0+xfUUlPESe4lSP+h4CVJ3c,0.152194,0.5677270000000001,1.092499,0,2591700,31.877409,Delay-insensitive,4,7.0
576300,ZUmOui6VockU59FJ6QNjWb1BcFGQghqaHB46IvHQV0+xfUUlPESe4lSP+h4CVJ3c,0.2711199999999999,2.509904,18.239839,0,2591700,31.877409,Delay-insensitive,4,7.0
576600,ZUmOui6VockU59FJ6QNjWb1BcFGQghqaHB46IvHQV0+xfUUlPESe4lSP+h4CVJ3c,0.2450699999999999,0.6007140000000001,1.068135,0,2591700,31.877409,Delay-insensitive,4,7.0
576900,ZUmOui6VockU59FJ6QNjWb1BcFGQghqaHB46IvHQV0+xfUUlPESe4lSP+h4CVJ3c,0.11922,0.579034,1.090385,0,2591700,31.877409,Delay-insensitive,4,7.0
577200,ZUmOui6VockU59FJ6QNjWb1BcFGQghqaHB46IvHQV0+xfUUlPESe4lSP+h4CVJ3c,0.2378969999999999,0.569236,1.091277,0,2591700,31.877409,Delay-insensitive,4,7.0
577500,ZUmOui6VockU59FJ6QNjWb1BcFGQghqaHB46IvHQV0+xfUUlPESe4lSP+h4CVJ3c,0.202102,1.456372,16.004479,0,2591700,31.877409,Delay-insensitive,4,7.0
577800,ZUmOui6VockU59FJ6QNjWb1BcFGQghqaHB46IvHQV0+xfUUlPESe4lSP+h4CVJ3c,0.264322,0.6093,1.156524,0,2591700,31.877409,Delay-insensitive,4,7.0
578100,ZUmOui6VockU59FJ6QNjWb1BcFGQghqaHB46IvHQV0+xfUUlPESe4lSP+h4CVJ3c,0.218013,8.934609,49.478753000000005,0,2591700,31.877409,Delay-insensitive,4,7.0
578400,ZUmOui6VockU59FJ6QNjWb1BcFGQghqaHB46IvHQV0+xfUUlPESe4lSP+h4CVJ3c,0.206732,18.839964,54.712458,0,2591700,31.877409,Delay-insensitive,4,7.0
578700,ZUmOui6VockU59FJ6QNjWb1BcFGQghqaHB46IvHQV0+xfUUlPESe4lSP+h4CVJ3c,0.163346,0.69904,1.812508,0,2591700,31.877409,Delay-insensitive,4,7.0
579000,ZUmOui6VockU59FJ6QNjWb1BcFGQghqaHB46IvHQV0+xfUUlPESe4lSP+h4CVJ3c,0.155387,0.623942,1.394522,0,2591700,31.877409,Delay-insensitive,4,7.0
579300,ZUmOui6VockU59FJ6QNjWb1BcFGQghqaHB46IvHQV0+xfUUlPESe4lSP+h4CVJ3c,0.236183,0.6204729999999999,1.3951559999999998,0,2591700,31.877409,Delay-insensitive,4,7.0
579600,ZUmOui6VockU59FJ6QNjWb1BcFGQghqaHB46IvHQV0+xfUUlPESe4lSP+h4CVJ3c,0.1340329999999999,0.541553,1.237131,0,2591700,31.877409,Delay-insensitive,4,7.0
579900,ZUmOui6VockU59FJ6QNjWb1BcFGQghqaHB46IvHQV0+xfUUlPESe4lSP+h4CVJ3c,0.197514,2.977866,32.45619,0,2591700,31.877409,Delay-insensitive,4,7.0
580200,ZUmOui6VockU59FJ6QNjWb1BcFGQghqaHB46IvHQV0+xfUUlPESe4lSP+h4CVJ3c,0.274628,0.609252,1.010133,0,2591700,31.877409,Delay-insensitive,4,7.0
580500,ZUmOui6VockU59FJ6QNjWb1BcFGQghqaHB46IvHQV0+xfUUlPESe4lSP+h4CVJ3c,0.212257,0.571162,1.186694,0,2591700,31.877409,Delay-insensitive,4,7.0
580800,ZUmOui6VockU59FJ6QNjWb1BcFGQghqaHB46IvHQV0+xfUUlPESe4lSP+h4CVJ3c,0.088659,0.553076,1.193377,0,2591700,31.877409,Delay-insensitive,4,7.0
581100,ZUmOui6VockU59FJ6QNjWb1BcFGQghqaHB46IvHQV0+xfUUlPESe4lSP+h4CVJ3c,0.23089,0.620965,1.182021,0,2591700,31.877409,Delay-insensitive,4,7.0
581400,ZUmOui6VockU59FJ6QNjWb1BcFGQghqaHB46IvHQV0+xfUUlPESe4lSP+h4CVJ3c,0.254349,0.596576,1.484394,0,2591700,31.877409,Delay-insensitive,4,7.0
581700,ZUmOui6VockU59FJ6QNjWb1BcFGQghqaHB46IvHQV0+xfUUlPESe4lSP+h4CVJ3c,0.281779,0.785691,3.981311,0,2591700,31.877409,Delay-insensitive,4,7.0
582000,ZUmOui6VockU59FJ6QNjWb1BcFGQghqaHB46IvHQV0+xfUUlPESe4lSP+h4CVJ3c,0.224624,0.6252479999999999,1.119578,0,2591700,31.877409,Delay-insensitive,4,7.0
582300,ZUmOui6VockU59FJ6QNjWb1BcFGQghqaHB46IvHQV0+xfUUlPESe4lSP+h4CVJ3c,0.185283,0.560474,1.153916,0,2591700,31.877409,Delay-insensitive,4,7.0
582600,ZUmOui6VockU59FJ6QNjWb1BcFGQghqaHB46IvHQV0+xfUUlPESe4lSP+h4CVJ3c,0.202946,0.5823510000000001,1.031311,0,2591700,31.877409,Delay-insensitive,4,7.0
582900,ZUmOui6VockU59FJ6QNjWb1BcFGQghqaHB46IvHQV0+xfUUlPESe4lSP+h4CVJ3c,0.115682,0.807653,7.336071,0,2591700,31.877409,Delay-insensitive,4,7.0
583200,ZUmOui6VockU59FJ6QNjWb1BcFGQghqaHB46IvHQV0+xfUUlPESe4lSP+h4CVJ3c,0.209752,0.556701,1.224653,0,2591700,31.877409,Delay-insensitive,4,7.0
583500,ZUmOui6VockU59FJ6QNjWb1BcFGQghqaHB46IvHQV0+xfUUlPESe4lSP+h4CVJ3c,0.207701,1.060339,14.481616,0,2591700,31.877409,Delay-insensitive,4,7.0
583800,ZUmOui6VockU59FJ6QNjWb1BcFGQghqaHB46IvHQV0+xfUUlPESe4lSP+h4CVJ3c,0.252644,2.532871,45.636186,0,2591700,31.877409,Delay-insensitive,4,7.0
584100,ZUmOui6VockU59FJ6QNjWb1BcFGQghqaHB46IvHQV0+xfUUlPESe4lSP+h4CVJ3c,0.224961,0.585086,1.5724870000000002,0,2591700,31.877409,Delay-insensitive,4,7.0
584400,ZUmOui6VockU59FJ6QNjWb1BcFGQghqaHB46IvHQV0+xfUUlPESe4lSP+h4CVJ3c,0.131267,0.522368,1.389703,0,2591700,31.877409,Delay-insensitive,4,7.0
584700,ZUmOui6VockU59FJ6QNjWb1BcFGQghqaHB46IvHQV0+xfUUlPESe4lSP+h4CVJ3c,0.233288,0.58395,1.490752,0,2591700,31.877409,Delay-insensitive,4,7.0
585000,ZUmOui6VockU59FJ6QNjWb1BcFGQghqaHB46IvHQV0+xfUUlPESe4lSP+h4CVJ3c,0.085917,0.545126,1.258894,0,2591700,31.877409,Delay-insensitive,4,7.0
585300,ZUmOui6VockU59FJ6QNjWb1BcFGQghqaHB46IvHQV0+xfUUlPESe4lSP+h4CVJ3c,0.227041,0.604824,1.184453,0,2591700,31.877409,Delay-insensitive,4,7.0
585600,ZUmOui6VockU59FJ6QNjWb1BcFGQghqaHB46IvHQV0+xfUUlPESe4lSP+h4CVJ3c,0.124174,0.660157,1.5858219999999998,0,2591700,31.877409,Delay-insensitive,4,7.0
585900,ZUmOui6VockU59FJ6QNjWb1BcFGQghqaHB46IvHQV0+xfUUlPESe4lSP+h4CVJ3c,0.198546,0.622424,1.467329,0,2591700,31.877409,Delay-insensitive,4,7.0
586200,ZUmOui6VockU59FJ6QNjWb1BcFGQghqaHB46IvHQV0+xfUUlPESe4lSP+h4CVJ3c,0.130209,0.597083,1.593485,0,2591700,31.877409,Delay-insensitive,4,7.0
586500,ZUmOui6VockU59FJ6QNjWb1BcFGQghqaHB46IvHQV0+xfUUlPESe4lSP+h4CVJ3c,0.114311,0.6648430000000001,1.53071,0,2591700,31.877409,Delay-insensitive,4,7.0
586800,ZUmOui6VockU59FJ6QNjWb1BcFGQghqaHB46IvHQV0+xfUUlPESe4lSP+h4CVJ3c,0.322646,0.652217,1.563264,0,2591700,31.877409,Delay-insensitive,4,7.0
587100,ZUmOui6VockU59FJ6QNjWb1BcFGQghqaHB46IvHQV0+xfUUlPESe4lSP+h4CVJ3c,0.142826,0.719172,1.6423740000000002,0,2591700,31.877409,Delay-insensitive,4,7.0
587400,ZUmOui6VockU59FJ6QNjWb1BcFGQghqaHB46IvHQV0+xfUUlPESe4lSP+h4CVJ3c,0.243425,3.139446,22.319012,0,2591700,31.877409,Delay-insensitive,4,7.0
587700,ZUmOui6VockU59FJ6QNjWb1BcFGQghqaHB46IvHQV0+xfUUlPESe4lSP+h4CVJ3c,0.0904399999999999,0.729057,2.040939,0,2591700,31.877409,Delay-insensitive,4,7.0
588000,ZUmOui6VockU59FJ6QNjWb1BcFGQghqaHB46IvHQV0+xfUUlPESe4lSP+h4CVJ3c,0.261407,0.633706,1.411217,0,2591700,31.877409,Delay-insensitive,4,7.0
588300,ZUmOui6VockU59FJ6QNjWb1BcFGQghqaHB46IvHQV0+xfUUlPESe4lSP+h4CVJ3c,0.098606,0.690126,1.555098,0,2591700,31.877409,Delay-insensitive,4,7.0
588600,ZUmOui6VockU59FJ6QNjWb1BcFGQghqaHB46IvHQV0+xfUUlPESe4lSP+h4CVJ3c,0.251168,0.617492,1.329093,0,2591700,31.877409,Delay-insensitive,4,7.0
588900,ZUmOui6VockU59FJ6QNjWb1BcFGQghqaHB46IvHQV0+xfUUlPESe4lSP+h4CVJ3c,0.233482,0.699095,2.439889,0,2591700,31.877409,Delay-insensitive,4,7.0
589200,ZUmOui6VockU59FJ6QNjWb1BcFGQghqaHB46IvHQV0+xfUUlPESe4lSP+h4CVJ3c,0.165788,0.677238,2.020817,0,2591700,31.877409,Delay-insensitive,4,7.0
589500,ZUmOui6VockU59FJ6QNjWb1BcFGQghqaHB46IvHQV0+xfUUlPESe4lSP+h4CVJ3c,0.220594,0.6058640000000001,1.27932,0,2591700,31.877409,Delay-insensitive,4,7.0
589800,ZUmOui6VockU59FJ6QNjWb1BcFGQghqaHB46IvHQV0+xfUUlPESe4lSP+h4CVJ3c,0.2300849999999999,0.699759,1.832836,0,2591700,31.877409,Delay-insensitive,4,7.0
590100,ZUmOui6VockU59FJ6QNjWb1BcFGQghqaHB46IvHQV0+xfUUlPESe4lSP+h4CVJ3c,0.21169,0.6365390000000001,1.192616,0,2591700,31.877409,Delay-insensitive,4,7.0
590400,ZUmOui6VockU59FJ6QNjWb1BcFGQghqaHB46IvHQV0+xfUUlPESe4lSP+h4CVJ3c,0.0544399999999999,0.601837,1.970546,0,2591700,31.877409,Delay-insensitive,4,7.0
590700,ZUmOui6VockU59FJ6QNjWb1BcFGQghqaHB46IvHQV0+xfUUlPESe4lSP+h4CVJ3c,0.22236,0.59595,1.537913,0,2591700,31.877409,Delay-insensitive,4,7.0
591000,ZUmOui6VockU59FJ6QNjWb1BcFGQghqaHB46IvHQV0+xfUUlPESe4lSP+h4CVJ3c,0.1424349999999999,3.018903,19.599999,0,2591700,31.877409,Delay-insensitive,4,7.0
591300,ZUmOui6VockU59FJ6QNjWb1BcFGQghqaHB46IvHQV0+xfUUlPESe4lSP+h4CVJ3c,0.248338,0.550145,1.403866,0,2591700,31.877409,Delay-insensitive,4,7.0
591600,ZUmOui6VockU59FJ6QNjWb1BcFGQghqaHB46IvHQV0+xfUUlPESe4lSP+h4CVJ3c,0.204692,0.6612439999999999,2.610393,0,2591700,31.877409,Delay-insensitive,4,7.0
591900,ZUmOui6VockU59FJ6QNjWb1BcFGQghqaHB46IvHQV0+xfUUlPESe4lSP+h4CVJ3c,0.159104,0.592896,1.206077,0,2591700,31.877409,Delay-insensitive,4,7.0
592200,ZUmOui6VockU59FJ6QNjWb1BcFGQghqaHB46IvHQV0+xfUUlPESe4lSP+h4CVJ3c,0.222431,0.5447,1.421102,0,2591700,31.877409,Delay-insensitive,4,7.0
592500,ZUmOui6VockU59FJ6QNjWb1BcFGQghqaHB46IvHQV0+xfUUlPESe4lSP+h4CVJ3c,0.268162,0.544128,1.181425,0,2591700,31.877409,Delay-insensitive,4,7.0
592800,ZUmOui6VockU59FJ6QNjWb1BcFGQghqaHB46IvHQV0+xfUUlPESe4lSP+h4CVJ3c,0.2244519999999999,0.565774,1.32455,0,2591700,31.877409,Delay-insensitive,4,7.0
593100,ZUmOui6VockU59FJ6QNjWb1BcFGQghqaHB46IvHQV0+xfUUlPESe4lSP+h4CVJ3c,0.19766,0.610119,1.959497,0,2591700,31.877409,Delay-insensitive,4,7.0
593400,ZUmOui6VockU59FJ6QNjWb1BcFGQghqaHB46IvHQV0+xfUUlPESe4lSP+h4CVJ3c,0.2099889999999999,0.5341670000000001,1.003799,0,2591700,31.877409,Delay-insensitive,4,7.0
593700,ZUmOui6VockU59FJ6QNjWb1BcFGQghqaHB46IvHQV0+xfUUlPESe4lSP+h4CVJ3c,0.18054,0.566739,1.50291,0,2591700,31.877409,Delay-insensitive,4,7.0
594000,ZUmOui6VockU59FJ6QNjWb1BcFGQghqaHB46IvHQV0+xfUUlPESe4lSP+h4CVJ3c,0.211813,0.57414,1.131204,0,2591700,31.877409,Delay-insensitive,4,7.0
594300,ZUmOui6VockU59FJ6QNjWb1BcFGQghqaHB46IvHQV0+xfUUlPESe4lSP+h4CVJ3c,0.2403969999999999,0.537269,1.589245,0,2591700,31.877409,Delay-insensitive,4,7.0
594600,ZUmOui6VockU59FJ6QNjWb1BcFGQghqaHB46IvHQV0+xfUUlPESe4lSP+h4CVJ3c,0.192704,4.405393,99.69836,0,2591700,31.877409,Delay-insensitive,4,7.0
594900,ZUmOui6VockU59FJ6QNjWb1BcFGQghqaHB46IvHQV0+xfUUlPESe4lSP+h4CVJ3c,0.177922,1.084242,20.883608,0,2591700,31.877409,Delay-insensitive,4,7.0
595200,ZUmOui6VockU59FJ6QNjWb1BcFGQghqaHB46IvHQV0+xfUUlPESe4lSP+h4CVJ3c,0.162614,0.523518,1.208074,0,2591700,31.877409,Delay-insensitive,4,7.0
595500,ZUmOui6VockU59FJ6QNjWb1BcFGQghqaHB46IvHQV0+xfUUlPESe4lSP+h4CVJ3c,0.286871,0.576883,1.106398,0,2591700,31.877409,Delay-insensitive,4,7.0
595800,ZUmOui6VockU59FJ6QNjWb1BcFGQghqaHB46IvHQV0+xfUUlPESe4lSP+h4CVJ3c,0.2149059999999999,4.840688,52.577078,0,2591700,31.877409,Delay-insensitive,4,7.0
596100,ZUmOui6VockU59FJ6QNjWb1BcFGQghqaHB46IvHQV0+xfUUlPESe4lSP+h4CVJ3c,0.64347,26.058139,63.119492,0,2591700,31.877409,Delay-insensitive,4,7.0
596400,ZUmOui6VockU59FJ6QNjWb1BcFGQghqaHB46IvHQV0+xfUUlPESe4lSP+h4CVJ3c,0.679381,24.886984,83.48003,0,2591700,31.877409,Delay-insensitive,4,7.0
596700,ZUmOui6VockU59FJ6QNjWb1BcFGQghqaHB46IvHQV0+xfUUlPESe4lSP+h4CVJ3c,0.27637,0.666686,1.905829,0,2591700,31.877409,Delay-insensitive,4,7.0
597000,ZUmOui6VockU59FJ6QNjWb1BcFGQghqaHB46IvHQV0+xfUUlPESe4lSP+h4CVJ3c,0.1203549999999999,0.583951,2.115134,0,2591700,31.877409,Delay-insensitive,4,7.0
597300,ZUmOui6VockU59FJ6QNjWb1BcFGQghqaHB46IvHQV0+xfUUlPESe4lSP+h4CVJ3c,0.131898,0.571914,1.140934,0,2591700,31.877409,Delay-insensitive,4,7.0
597600,ZUmOui6VockU59FJ6QNjWb1BcFGQghqaHB46IvHQV0+xfUUlPESe4lSP+h4CVJ3c,0.268719,0.561715,1.207951,0,2591700,31.877409,Delay-insensitive,4,7.0
597900,ZUmOui6VockU59FJ6QNjWb1BcFGQghqaHB46IvHQV0+xfUUlPESe4lSP+h4CVJ3c,0.146483,0.587067,1.968267,0,2591700,31.877409,Delay-insensitive,4,7.0
598200,ZUmOui6VockU59FJ6QNjWb1BcFGQghqaHB46IvHQV0+xfUUlPESe4lSP+h4CVJ3c,0.2391869999999999,0.582708,1.13414,0,2591700,31.877409,Delay-insensitive,4,7.0
598500,ZUmOui6VockU59FJ6QNjWb1BcFGQghqaHB46IvHQV0+xfUUlPESe4lSP+h4CVJ3c,0.257178,3.081244,19.890643,0,2591700,31.877409,Delay-insensitive,4,7.0
598800,ZUmOui6VockU59FJ6QNjWb1BcFGQghqaHB46IvHQV0+xfUUlPESe4lSP+h4CVJ3c,0.22866,0.558874,1.372949,0,2591700,31.877409,Delay-insensitive,4,7.0
599100,ZUmOui6VockU59FJ6QNjWb1BcFGQghqaHB46IvHQV0+xfUUlPESe4lSP+h4CVJ3c,0.084708,0.6572479999999999,1.773098,0,2591700,31.877409,Delay-insensitive,4,7.0
599400,ZUmOui6VockU59FJ6QNjWb1BcFGQghqaHB46IvHQV0+xfUUlPESe4lSP+h4CVJ3c,0.244611,0.555033,1.273205,0,2591700,31.877409,Delay-insensitive,4,7.0
599700,ZUmOui6VockU59FJ6QNjWb1BcFGQghqaHB46IvHQV0+xfUUlPESe4lSP+h4CVJ3c,0.0537039999999999,0.5005229999999999,1.1149950000000002,0,2591700,31.877409,Delay-insensitive,4,7.0
600000,ZUmOui6VockU59FJ6QNjWb1BcFGQghqaHB46IvHQV0+xfUUlPESe4lSP+h4CVJ3c,0.217117,0.660658,2.305721,0,2591700,31.877409,Delay-insensitive,4,7.0
600300,ZUmOui6VockU59FJ6QNjWb1BcFGQghqaHB46IvHQV0+xfUUlPESe4lSP+h4CVJ3c,0.183162,0.581875,1.139628,0,2591700,31.877409,Delay-insensitive,4,7.0
600600,ZUmOui6VockU59FJ6QNjWb1BcFGQghqaHB46IvHQV0+xfUUlPESe4lSP+h4CVJ3c,0.070391,0.5489470000000001,1.271744,0,2591700,31.877409,Delay-insensitive,4,7.0
600900,ZUmOui6VockU59FJ6QNjWb1BcFGQghqaHB46IvHQV0+xfUUlPESe4lSP+h4CVJ3c,0.2232969999999999,0.580341,1.049978,0,2591700,31.877409,Delay-insensitive,4,7.0
601200,ZUmOui6VockU59FJ6QNjWb1BcFGQghqaHB46IvHQV0+xfUUlPESe4lSP+h4CVJ3c,0.082478,0.483777,1.09545,0,2591700,31.877409,Delay-insensitive,4,7.0
601500,ZUmOui6VockU59FJ6QNjWb1BcFGQghqaHB46IvHQV0+xfUUlPESe4lSP+h4CVJ3c,0.23568,0.528895,1.326671,0,2591700,31.877409,Delay-insensitive,4,7.0
601800,ZUmOui6VockU59FJ6QNjWb1BcFGQghqaHB46IvHQV0+xfUUlPESe4lSP+h4CVJ3c,0.085516,0.5406340000000001,1.231423,0,2591700,31.877409,Delay-insensitive,4,7.0
602100,ZUmOui6VockU59FJ6QNjWb1BcFGQghqaHB46IvHQV0+xfUUlPESe4lSP+h4CVJ3c,0.245218,3.023757,30.725856,0,2591700,31.877409,Delay-insensitive,4,7.0
602400,ZUmOui6VockU59FJ6QNjWb1BcFGQghqaHB46IvHQV0+xfUUlPESe4lSP+h4CVJ3c,0.079054,0.501642,0.989599,0,2591700,31.877409,Delay-insensitive,4,7.0
602700,ZUmOui6VockU59FJ6QNjWb1BcFGQghqaHB46IvHQV0+xfUUlPESe4lSP+h4CVJ3c,0.094547,0.544013,1.091745,0,2591700,31.877409,Delay-insensitive,4,7.0
603000,ZUmOui6VockU59FJ6QNjWb1BcFGQghqaHB46IvHQV0+xfUUlPESe4lSP+h4CVJ3c,0.265617,0.566244,1.433404,0,2591700,31.877409,Delay-insensitive,4,7.0
603300,ZUmOui6VockU59FJ6QNjWb1BcFGQghqaHB46IvHQV0+xfUUlPESe4lSP+h4CVJ3c,0.149503,0.490933,0.995217,0,2591700,31.877409,Delay-insensitive,4,7.0
603600,ZUmOui6VockU59FJ6QNjWb1BcFGQghqaHB46IvHQV0+xfUUlPESe4lSP+h4CVJ3c,0.222165,0.569733,1.107756,0,2591700,31.877409,Delay-insensitive,4,7.0
603900,ZUmOui6VockU59FJ6QNjWb1BcFGQghqaHB46IvHQV0+xfUUlPESe4lSP+h4CVJ3c,0.0695419999999999,0.470693,1.164043,0,2591700,31.877409,Delay-insensitive,4,7.0
604200,ZUmOui6VockU59FJ6QNjWb1BcFGQghqaHB46IvHQV0+xfUUlPESe4lSP+h4CVJ3c,0.204477,0.5251600000000001,0.8699110000000001,0,2591700,31.877409,Delay-insensitive,4,7.0
604500,ZUmOui6VockU59FJ6QNjWb1BcFGQghqaHB46IvHQV0+xfUUlPESe4lSP+h4CVJ3c,0.1107549999999999,0.506839,1.111252,0,2591700,31.877409,Delay-insensitive,4,7.0
604800,ZUmOui6VockU59FJ6QNjWb1BcFGQghqaHB46IvHQV0+xfUUlPESe4lSP+h4CVJ3c,0.166236,0.5336270000000001,1.121931,0,2591700,31.877409,Delay-insensitive,4,7.0
605100,ZUmOui6VockU59FJ6QNjWb1BcFGQghqaHB46IvHQV0+xfUUlPESe4lSP+h4CVJ3c,0.259134,0.6158520000000001,1.508668,0,2591700,31.877409,Delay-insensitive,4,7.0
605400,ZUmOui6VockU59FJ6QNjWb1BcFGQghqaHB46IvHQV0+xfUUlPESe4lSP+h4CVJ3c,0.046182,0.564172,1.343241,0,2591700,31.877409,Delay-insensitive,4,7.0
605700,ZUmOui6VockU59FJ6QNjWb1BcFGQghqaHB46IvHQV0+xfUUlPESe4lSP+h4CVJ3c,0.241615,3.021937,25.48917,0,2591700,31.877409,Delay-insensitive,4,7.0
606000,ZUmOui6VockU59FJ6QNjWb1BcFGQghqaHB46IvHQV0+xfUUlPESe4lSP+h4CVJ3c,0.105643,0.512404,1.026455,0,2591700,31.877409,Delay-insensitive,4,7.0
606300,ZUmOui6VockU59FJ6QNjWb1BcFGQghqaHB46IvHQV0+xfUUlPESe4lSP+h4CVJ3c,0.228677,0.606907,1.277366,0,2591700,31.877409,Delay-insensitive,4,7.0
606600,ZUmOui6VockU59FJ6QNjWb1BcFGQghqaHB46IvHQV0+xfUUlPESe4lSP+h4CVJ3c,0.0596299999999999,0.483735,0.983606,0,2591700,31.877409,Delay-insensitive,4,7.0
606900,ZUmOui6VockU59FJ6QNjWb1BcFGQghqaHB46IvHQV0+xfUUlPESe4lSP+h4CVJ3c,0.2176239999999999,0.5452319999999999,1.391139,0,2591700,31.877409,Delay-insensitive,4,7.0
607200,ZUmOui6VockU59FJ6QNjWb1BcFGQghqaHB46IvHQV0+xfUUlPESe4lSP+h4CVJ3c,0.098595,0.577015,1.253315,0,2591700,31.877409,Delay-insensitive,4,7.0
607500,ZUmOui6VockU59FJ6QNjWb1BcFGQghqaHB46IvHQV0+xfUUlPESe4lSP+h4CVJ3c,0.220263,0.563416,1.209559,0,2591700,31.877409,Delay-insensitive,4,7.0
607800,ZUmOui6VockU59FJ6QNjWb1BcFGQghqaHB46IvHQV0+xfUUlPESe4lSP+h4CVJ3c,0.078057,0.5237729999999999,0.995587,0,2591700,31.877409,Delay-insensitive,4,7.0
608100,ZUmOui6VockU59FJ6QNjWb1BcFGQghqaHB46IvHQV0+xfUUlPESe4lSP+h4CVJ3c,0.231686,0.634524,1.207,0,2591700,31.877409,Delay-insensitive,4,7.0
608400,ZUmOui6VockU59FJ6QNjWb1BcFGQghqaHB46IvHQV0+xfUUlPESe4lSP+h4CVJ3c,0.2641409999999999,0.581354,1.249873,0,2591700,31.877409,Delay-insensitive,4,7.0
608700,ZUmOui6VockU59FJ6QNjWb1BcFGQghqaHB46IvHQV0+xfUUlPESe4lSP+h4CVJ3c,0.23226,0.553337,1.046806,0,2591700,31.877409,Delay-insensitive,4,7.0
609000,ZUmOui6VockU59FJ6QNjWb1BcFGQghqaHB46IvHQV0+xfUUlPESe4lSP+h4CVJ3c,0.244228,0.5826560000000001,1.276498,0,2591700,31.877409,Delay-insensitive,4,7.0
609300,ZUmOui6VockU59FJ6QNjWb1BcFGQghqaHB46IvHQV0+xfUUlPESe4lSP+h4CVJ3c,0.080932,0.7405229999999999,3.3756120000000003,0,2591700,31.877409,Delay-insensitive,4,7.0
609600,ZUmOui6VockU59FJ6QNjWb1BcFGQghqaHB46IvHQV0+xfUUlPESe4lSP+h4CVJ3c,0.239625,2.848847,30.029686,0,2591700,31.877409,Delay-insensitive,4,7.0
609900,ZUmOui6VockU59FJ6QNjWb1BcFGQghqaHB46IvHQV0+xfUUlPESe4lSP+h4CVJ3c,0.094196,0.5539229999999999,1.250835,0,2591700,31.877409,Delay-insensitive,4,7.0
610200,ZUmOui6VockU59FJ6QNjWb1BcFGQghqaHB46IvHQV0+xfUUlPESe4lSP+h4CVJ3c,0.2158909999999999,0.5666180000000001,1.0646520000000002,0,2591700,31.877409,Delay-insensitive,4,7.0
610500,ZUmOui6VockU59FJ6QNjWb1BcFGQghqaHB46IvHQV0+xfUUlPESe4lSP+h4CVJ3c,0.195485,0.528331,1.284753,0,2591700,31.877409,Delay-insensitive,4,7.0
610800,ZUmOui6VockU59FJ6QNjWb1BcFGQghqaHB46IvHQV0+xfUUlPESe4lSP+h4CVJ3c,0.266615,0.6680560000000001,2.975067,0,2591700,31.877409,Delay-insensitive,4,7.0
611100,ZUmOui6VockU59FJ6QNjWb1BcFGQghqaHB46IvHQV0+xfUUlPESe4lSP+h4CVJ3c,0.204206,1.354268,13.622468,0,2591700,31.877409,Delay-insensitive,4,7.0
611400,ZUmOui6VockU59FJ6QNjWb1BcFGQghqaHB46IvHQV0+xfUUlPESe4lSP+h4CVJ3c,0.09228,0.648962,2.081575,0,2591700,31.877409,Delay-insensitive,4,7.0
611700,ZUmOui6VockU59FJ6QNjWb1BcFGQghqaHB46IvHQV0+xfUUlPESe4lSP+h4CVJ3c,0.1620859999999999,1.234581,19.178467,0,2591700,31.877409,Delay-insensitive,4,7.0
612000,ZUmOui6VockU59FJ6QNjWb1BcFGQghqaHB46IvHQV0+xfUUlPESe4lSP+h4CVJ3c,0.056607,2.843845,22.691175,0,2591700,31.877409,Delay-insensitive,4,7.0
612300,ZUmOui6VockU59FJ6QNjWb1BcFGQghqaHB46IvHQV0+xfUUlPESe4lSP+h4CVJ3c,0.177468,0.544659,1.067619,0,2591700,31.877409,Delay-insensitive,4,7.0
612600,ZUmOui6VockU59FJ6QNjWb1BcFGQghqaHB46IvHQV0+xfUUlPESe4lSP+h4CVJ3c,0.147905,0.540888,1.021636,0,2591700,31.877409,Delay-insensitive,4,7.0
612900,ZUmOui6VockU59FJ6QNjWb1BcFGQghqaHB46IvHQV0+xfUUlPESe4lSP+h4CVJ3c,0.244213,0.5406979999999999,1.054617,0,2591700,31.877409,Delay-insensitive,4,7.0
613200,ZUmOui6VockU59FJ6QNjWb1BcFGQghqaHB46IvHQV0+xfUUlPESe4lSP+h4CVJ3c,0.272444,3.177153,49.360277,0,2591700,31.877409,Delay-insensitive,4,7.0
613500,ZUmOui6VockU59FJ6QNjWb1BcFGQghqaHB46IvHQV0+xfUUlPESe4lSP+h4CVJ3c,0.314197,0.589001,1.141636,0,2591700,31.877409,Delay-insensitive,4,7.0
613800,ZUmOui6VockU59FJ6QNjWb1BcFGQghqaHB46IvHQV0+xfUUlPESe4lSP+h4CVJ3c,0.063243,0.513901,1.147727,0,2591700,31.877409,Delay-insensitive,4,7.0
614100,ZUmOui6VockU59FJ6QNjWb1BcFGQghqaHB46IvHQV0+xfUUlPESe4lSP+h4CVJ3c,0.197762,0.5708880000000001,1.054203,0,2591700,31.877409,Delay-insensitive,4,7.0
614400,ZUmOui6VockU59FJ6QNjWb1BcFGQghqaHB46IvHQV0+xfUUlPESe4lSP+h4CVJ3c,0.253253,0.562289,0.984565,0,2591700,31.877409,Delay-insensitive,4,7.0
614700,ZUmOui6VockU59FJ6QNjWb1BcFGQghqaHB46IvHQV0+xfUUlPESe4lSP+h4CVJ3c,0.064909,0.460103,0.851562,0,2591700,31.877409,Delay-insensitive,4,7.0
615000,ZUmOui6VockU59FJ6QNjWb1BcFGQghqaHB46IvHQV0+xfUUlPESe4lSP+h4CVJ3c,0.265503,0.583531,1.091038,0,2591700,31.877409,Delay-insensitive,4,7.0
615300,ZUmOui6VockU59FJ6QNjWb1BcFGQghqaHB46IvHQV0+xfUUlPESe4lSP+h4CVJ3c,0.037138,0.530404,0.97688,0,2591700,31.877409,Delay-insensitive,4,7.0
615600,ZUmOui6VockU59FJ6QNjWb1BcFGQghqaHB46IvHQV0+xfUUlPESe4lSP+h4CVJ3c,0.25423,0.529443,1.041446,0,2591700,31.877409,Delay-insensitive,4,7.0
615900,ZUmOui6VockU59FJ6QNjWb1BcFGQghqaHB46IvHQV0+xfUUlPESe4lSP+h4CVJ3c,0.10711,0.474143,1.4474479999999998,0,2591700,31.877409,Delay-insensitive,4,7.0
616200,ZUmOui6VockU59FJ6QNjWb1BcFGQghqaHB46IvHQV0+xfUUlPESe4lSP+h4CVJ3c,0.234923,0.555916,1.055107,0,2591700,31.877409,Delay-insensitive,4,7.0
616500,ZUmOui6VockU59FJ6QNjWb1BcFGQghqaHB46IvHQV0+xfUUlPESe4lSP+h4CVJ3c,0.171078,0.521436,1.060577,0,2591700,31.877409,Delay-insensitive,4,7.0
616800,ZUmOui6VockU59FJ6QNjWb1BcFGQghqaHB46IvHQV0+xfUUlPESe4lSP+h4CVJ3c,0.0821679999999999,2.632542,29.076108,0,2591700,31.877409,Delay-insensitive,4,7.0
617100,ZUmOui6VockU59FJ6QNjWb1BcFGQghqaHB46IvHQV0+xfUUlPESe4lSP+h4CVJ3c,0.216523,0.6240479999999999,1.184773,0,2591700,31.877409,Delay-insensitive,4,7.0
617400,ZUmOui6VockU59FJ6QNjWb1BcFGQghqaHB46IvHQV0+xfUUlPESe4lSP+h4CVJ3c,0.096524,0.642069,4.639308,0,2591700,31.877409,Delay-insensitive,4,7.0
617700,ZUmOui6VockU59FJ6QNjWb1BcFGQghqaHB46IvHQV0+xfUUlPESe4lSP+h4CVJ3c,0.257999,0.597558,1.21376,0,2591700,31.877409,Delay-insensitive,4,7.0
618000,ZUmOui6VockU59FJ6QNjWb1BcFGQghqaHB46IvHQV0+xfUUlPESe4lSP+h4CVJ3c,0.169801,0.588838,1.178783,0,2591700,31.877409,Delay-insensitive,4,7.0
618300,ZUmOui6VockU59FJ6QNjWb1BcFGQghqaHB46IvHQV0+xfUUlPESe4lSP+h4CVJ3c,0.272104,0.557025,0.959722,0,2591700,31.877409,Delay-insensitive,4,7.0
618600,ZUmOui6VockU59FJ6QNjWb1BcFGQghqaHB46IvHQV0+xfUUlPESe4lSP+h4CVJ3c,0.170652,0.589172,1.490984,0,2591700,31.877409,Delay-insensitive,4,7.0
618900,ZUmOui6VockU59FJ6QNjWb1BcFGQghqaHB46IvHQV0+xfUUlPESe4lSP+h4CVJ3c,0.236756,0.623854,1.311215,0,2591700,31.877409,Delay-insensitive,4,7.0
619200,ZUmOui6VockU59FJ6QNjWb1BcFGQghqaHB46IvHQV0+xfUUlPESe4lSP+h4CVJ3c,0.094201,0.569343,1.202311,0,2591700,31.877409,Delay-insensitive,4,7.0
619500,ZUmOui6VockU59FJ6QNjWb1BcFGQghqaHB46IvHQV0+xfUUlPESe4lSP+h4CVJ3c,0.118125,0.619325,1.426442,0,2591700,31.877409,Delay-insensitive,4,7.0
619800,ZUmOui6VockU59FJ6QNjWb1BcFGQghqaHB46IvHQV0+xfUUlPESe4lSP+h4CVJ3c,0.293588,0.621266,1.116159,0,2591700,31.877409,Delay-insensitive,4,7.0
620100,ZUmOui6VockU59FJ6QNjWb1BcFGQghqaHB46IvHQV0+xfUUlPESe4lSP+h4CVJ3c,0.11553,0.495117,0.850719,0,2591700,31.877409,Delay-insensitive,4,7.0
620400,ZUmOui6VockU59FJ6QNjWb1BcFGQghqaHB46IvHQV0+xfUUlPESe4lSP+h4CVJ3c,0.288912,1.601648,16.599913,0,2591700,31.877409,Delay-insensitive,4,7.0
620700,ZUmOui6VockU59FJ6QNjWb1BcFGQghqaHB46IvHQV0+xfUUlPESe4lSP+h4CVJ3c,0.2833239999999999,2.174138,29.425624,0,2591700,31.877409,Delay-insensitive,4,7.0
621000,ZUmOui6VockU59FJ6QNjWb1BcFGQghqaHB46IvHQV0+xfUUlPESe4lSP+h4CVJ3c,0.229236,0.614512,1.115791,0,2591700,31.877409,Delay-insensitive,4,7.0
621300,ZUmOui6VockU59FJ6QNjWb1BcFGQghqaHB46IvHQV0+xfUUlPESe4lSP+h4CVJ3c,0.112448,0.635554,1.471087,0,2591700,31.877409,Delay-insensitive,4,7.0
621600,ZUmOui6VockU59FJ6QNjWb1BcFGQghqaHB46IvHQV0+xfUUlPESe4lSP+h4CVJ3c,0.323381,0.692554,1.29302,0,2591700,31.877409,Delay-insensitive,4,7.0
621900,ZUmOui6VockU59FJ6QNjWb1BcFGQghqaHB46IvHQV0+xfUUlPESe4lSP+h4CVJ3c,0.128411,0.59605,1.380218,0,2591700,31.877409,Delay-insensitive,4,7.0
622200,ZUmOui6VockU59FJ6QNjWb1BcFGQghqaHB46IvHQV0+xfUUlPESe4lSP+h4CVJ3c,0.246263,0.699421,1.865811,0,2591700,31.877409,Delay-insensitive,4,7.0
622500,ZUmOui6VockU59FJ6QNjWb1BcFGQghqaHB46IvHQV0+xfUUlPESe4lSP+h4CVJ3c,0.3558489999999999,0.7227939999999999,1.331203,0,2591700,31.877409,Delay-insensitive,4,7.0
622800,ZUmOui6VockU59FJ6QNjWb1BcFGQghqaHB46IvHQV0+xfUUlPESe4lSP+h4CVJ3c,0.2380179999999999,0.615665,1.539056,0,2591700,31.877409,Delay-insensitive,4,7.0
623100,ZUmOui6VockU59FJ6QNjWb1BcFGQghqaHB46IvHQV0+xfUUlPESe4lSP+h4CVJ3c,0.210907,0.614583,1.650877,0,2591700,31.877409,Delay-insensitive,4,7.0
623400,ZUmOui6VockU59FJ6QNjWb1BcFGQghqaHB46IvHQV0+xfUUlPESe4lSP+h4CVJ3c,0.196196,0.661333,1.3155709999999998,0,2591700,31.877409,Delay-insensitive,4,7.0
623700,ZUmOui6VockU59FJ6QNjWb1BcFGQghqaHB46IvHQV0+xfUUlPESe4lSP+h4CVJ3c,0.236484,0.6271800000000001,1.46392,0,2591700,31.877409,Delay-insensitive,4,7.0
624000,ZUmOui6VockU59FJ6QNjWb1BcFGQghqaHB46IvHQV0+xfUUlPESe4lSP+h4CVJ3c,0.2933449999999999,0.633984,1.330173,0,2591700,31.877409,Delay-insensitive,4,7.0
624300,ZUmOui6VockU59FJ6QNjWb1BcFGQghqaHB46IvHQV0+xfUUlPESe4lSP+h4CVJ3c,0.287462,3.176627,41.935668,0,2591700,31.877409,Delay-insensitive,4,7.0
624600,ZUmOui6VockU59FJ6QNjWb1BcFGQghqaHB46IvHQV0+xfUUlPESe4lSP+h4CVJ3c,0.146493,0.715133,2.145948,0,2591700,31.877409,Delay-insensitive,4,7.0
624900,ZUmOui6VockU59FJ6QNjWb1BcFGQghqaHB46IvHQV0+xfUUlPESe4lSP+h4CVJ3c,0.249906,0.704349,1.6987169999999998,0,2591700,31.877409,Delay-insensitive,4,7.0
625200,ZUmOui6VockU59FJ6QNjWb1BcFGQghqaHB46IvHQV0+xfUUlPESe4lSP+h4CVJ3c,0.3420809999999999,0.80733,1.507953,0,2591700,31.877409,Delay-insensitive,4,7.0
625500,ZUmOui6VockU59FJ6QNjWb1BcFGQghqaHB46IvHQV0+xfUUlPESe4lSP+h4CVJ3c,0.071602,0.736921,2.331664,0,2591700,31.877409,Delay-insensitive,4,7.0
625800,ZUmOui6VockU59FJ6QNjWb1BcFGQghqaHB46IvHQV0+xfUUlPESe4lSP+h4CVJ3c,0.289611,0.74173,1.6748009999999998,0,2591700,31.877409,Delay-insensitive,4,7.0
626100,ZUmOui6VockU59FJ6QNjWb1BcFGQghqaHB46IvHQV0+xfUUlPESe4lSP+h4CVJ3c,0.0865809999999999,0.970474,7.212061,0,2591700,31.877409,Delay-insensitive,4,7.0
626400,ZUmOui6VockU59FJ6QNjWb1BcFGQghqaHB46IvHQV0+xfUUlPESe4lSP+h4CVJ3c,0.21455,0.73459,1.899191,0,2591700,31.877409,Delay-insensitive,4,7.0
626700,ZUmOui6VockU59FJ6QNjWb1BcFGQghqaHB46IvHQV0+xfUUlPESe4lSP+h4CVJ3c,0.095169,0.7243350000000001,1.7956470000000002,0,2591700,31.877409,Delay-insensitive,4,7.0
627000,ZUmOui6VockU59FJ6QNjWb1BcFGQghqaHB46IvHQV0+xfUUlPESe4lSP+h4CVJ3c,0.223448,0.727753,1.7083080000000002,0,2591700,31.877409,Delay-insensitive,4,7.0
627300,ZUmOui6VockU59FJ6QNjWb1BcFGQghqaHB46IvHQV0+xfUUlPESe4lSP+h4CVJ3c,0.2289409999999999,0.779779,3.052449,0,2591700,31.877409,Delay-insensitive,4,7.0
627600,ZUmOui6VockU59FJ6QNjWb1BcFGQghqaHB46IvHQV0+xfUUlPESe4lSP+h4CVJ3c,0.099247,0.7847890000000001,1.7761080000000002,0,2591700,31.877409,Delay-insensitive,4,7.0
627900,ZUmOui6VockU59FJ6QNjWb1BcFGQghqaHB46IvHQV0+xfUUlPESe4lSP+h4CVJ3c,0.232017,3.150709,39.508627,0,2591700,31.877409,Delay-insensitive,4,7.0
628200,ZUmOui6VockU59FJ6QNjWb1BcFGQghqaHB46IvHQV0+xfUUlPESe4lSP+h4CVJ3c,0.2442079999999999,0.684804,1.410226,0,2591700,31.877409,Delay-insensitive,4,7.0
628500,ZUmOui6VockU59FJ6QNjWb1BcFGQghqaHB46IvHQV0+xfUUlPESe4lSP+h4CVJ3c,0.229971,0.7146319999999999,1.447091,0,2591700,31.877409,Delay-insensitive,4,7.0
628800,ZUmOui6VockU59FJ6QNjWb1BcFGQghqaHB46IvHQV0+xfUUlPESe4lSP+h4CVJ3c,0.176566,0.758714,1.62346,0,2591700,31.877409,Delay-insensitive,4,7.0
629100,ZUmOui6VockU59FJ6QNjWb1BcFGQghqaHB46IvHQV0+xfUUlPESe4lSP+h4CVJ3c,0.266989,0.716117,1.47451,0,2591700,31.877409,Delay-insensitive,4,7.0
629400,ZUmOui6VockU59FJ6QNjWb1BcFGQghqaHB46IvHQV0+xfUUlPESe4lSP+h4CVJ3c,0.122739,0.763933,1.378821,0,2591700,31.877409,Delay-insensitive,4,7.0
629700,ZUmOui6VockU59FJ6QNjWb1BcFGQghqaHB46IvHQV0+xfUUlPESe4lSP+h4CVJ3c,0.2897349999999999,0.671478,1.295162,0,2591700,31.877409,Delay-insensitive,4,7.0
630000,ZUmOui6VockU59FJ6QNjWb1BcFGQghqaHB46IvHQV0+xfUUlPESe4lSP+h4CVJ3c,0.044148,0.594089,1.378598,0,2591700,31.877409,Delay-insensitive,4,7.0
630300,ZUmOui6VockU59FJ6QNjWb1BcFGQghqaHB46IvHQV0+xfUUlPESe4lSP+h4CVJ3c,0.258017,0.623889,1.305605,0,2591700,31.877409,Delay-insensitive,4,7.0
630600,ZUmOui6VockU59FJ6QNjWb1BcFGQghqaHB46IvHQV0+xfUUlPESe4lSP+h4CVJ3c,0.300607,0.757891,1.447837,0,2591700,31.877409,Delay-insensitive,4,7.0
630900,ZUmOui6VockU59FJ6QNjWb1BcFGQghqaHB46IvHQV0+xfUUlPESe4lSP+h4CVJ3c,0.115171,0.73041,1.992235,0,2591700,31.877409,Delay-insensitive,4,7.0
631200,ZUmOui6VockU59FJ6QNjWb1BcFGQghqaHB46IvHQV0+xfUUlPESe4lSP+h4CVJ3c,0.304506,20.955826,77.38205699999999,0,2591700,31.877409,Delay-insensitive,4,7.0
631500,ZUmOui6VockU59FJ6QNjWb1BcFGQghqaHB46IvHQV0+xfUUlPESe4lSP+h4CVJ3c,0.094052,28.641967,99.633659,0,2591700,31.877409,Delay-insensitive,4,7.0
631800,ZUmOui6VockU59FJ6QNjWb1BcFGQghqaHB46IvHQV0+xfUUlPESe4lSP+h4CVJ3c,0.2514429999999999,8.448951,76.52374300000001,0,2591700,31.877409,Delay-insensitive,4,7.0
632100,ZUmOui6VockU59FJ6QNjWb1BcFGQghqaHB46IvHQV0+xfUUlPESe4lSP+h4CVJ3c,0.303221,1.045362,7.804748,0,2591700,31.877409,Delay-insensitive,4,7.0
632400,ZUmOui6VockU59FJ6QNjWb1BcFGQghqaHB46IvHQV0+xfUUlPESe4lSP+h4CVJ3c,0.200203,0.73853,1.607385,0,2591700,31.877409,Delay-insensitive,4,7.0
632700,ZUmOui6VockU59FJ6QNjWb1BcFGQghqaHB46IvHQV0+xfUUlPESe4lSP+h4CVJ3c,0.169037,0.638564,1.238249,0,2591700,31.877409,Delay-insensitive,4,7.0
633000,ZUmOui6VockU59FJ6QNjWb1BcFGQghqaHB46IvHQV0+xfUUlPESe4lSP+h4CVJ3c,0.122857,0.662876,1.528702,0,2591700,31.877409,Delay-insensitive,4,7.0
633300,ZUmOui6VockU59FJ6QNjWb1BcFGQghqaHB46IvHQV0+xfUUlPESe4lSP+h4CVJ3c,0.2197849999999999,0.707451,1.432843,0,2591700,31.877409,Delay-insensitive,4,7.0
633600,ZUmOui6VockU59FJ6QNjWb1BcFGQghqaHB46IvHQV0+xfUUlPESe4lSP+h4CVJ3c,0.110644,0.5624859999999999,1.201074,0,2591700,31.877409,Delay-insensitive,4,7.0
633900,ZUmOui6VockU59FJ6QNjWb1BcFGQghqaHB46IvHQV0+xfUUlPESe4lSP+h4CVJ3c,0.239992,0.644647,1.6008950000000002,0,2591700,31.877409,Delay-insensitive,4,7.0
634200,ZUmOui6VockU59FJ6QNjWb1BcFGQghqaHB46IvHQV0+xfUUlPESe4lSP+h4CVJ3c,0.183639,0.623272,1.33786,0,2591700,31.877409,Delay-insensitive,4,7.0
634500,ZUmOui6VockU59FJ6QNjWb1BcFGQghqaHB46IvHQV0+xfUUlPESe4lSP+h4CVJ3c,0.188883,0.5423859999999999,0.984598,0,2591700,31.877409,Delay-insensitive,4,7.0
634800,ZUmOui6VockU59FJ6QNjWb1BcFGQghqaHB46IvHQV0+xfUUlPESe4lSP+h4CVJ3c,0.1186089999999999,0.664405,1.773378,0,2591700,31.877409,Delay-insensitive,4,7.0
635100,ZUmOui6VockU59FJ6QNjWb1BcFGQghqaHB46IvHQV0+xfUUlPESe4lSP+h4CVJ3c,0.246227,2.633694,33.140955,0,2591700,31.877409,Delay-insensitive,4,7.0
635400,ZUmOui6VockU59FJ6QNjWb1BcFGQghqaHB46IvHQV0+xfUUlPESe4lSP+h4CVJ3c,0.054524,0.641695,1.62139,0,2591700,31.877409,Delay-insensitive,4,7.0
635700,ZUmOui6VockU59FJ6QNjWb1BcFGQghqaHB46IvHQV0+xfUUlPESe4lSP+h4CVJ3c,0.141092,0.7108949999999999,1.538894,0,2591700,31.877409,Delay-insensitive,4,7.0
636000,ZUmOui6VockU59FJ6QNjWb1BcFGQghqaHB46IvHQV0+xfUUlPESe4lSP+h4CVJ3c,0.180937,0.691218,1.317414,0,2591700,31.877409,Delay-insensitive,4,7.0
636300,ZUmOui6VockU59FJ6QNjWb1BcFGQghqaHB46IvHQV0+xfUUlPESe4lSP+h4CVJ3c,0.047945,0.600107,1.384969,0,2591700,31.877409,Delay-insensitive,4,7.0
636600,ZUmOui6VockU59FJ6QNjWb1BcFGQghqaHB46IvHQV0+xfUUlPESe4lSP+h4CVJ3c,0.184954,0.677025,1.45962,0,2591700,31.877409,Delay-insensitive,4,7.0
636900,ZUmOui6VockU59FJ6QNjWb1BcFGQghqaHB46IvHQV0+xfUUlPESe4lSP+h4CVJ3c,0.154271,0.696345,1.796264,0,2591700,31.877409,Delay-insensitive,4,7.0
637200,ZUmOui6VockU59FJ6QNjWb1BcFGQghqaHB46IvHQV0+xfUUlPESe4lSP+h4CVJ3c,0.240567,0.637363,1.295393,0,2591700,31.877409,Delay-insensitive,4,7.0
637500,ZUmOui6VockU59FJ6QNjWb1BcFGQghqaHB46IvHQV0+xfUUlPESe4lSP+h4CVJ3c,0.2283329999999999,0.758124,2.5095970000000003,0,2591700,31.877409,Delay-insensitive,4,7.0
637800,ZUmOui6VockU59FJ6QNjWb1BcFGQghqaHB46IvHQV0+xfUUlPESe4lSP+h4CVJ3c,0.1653069999999999,0.656895,1.298995,0,2591700,31.877409,Delay-insensitive,4,7.0
638100,ZUmOui6VockU59FJ6QNjWb1BcFGQghqaHB46IvHQV0+xfUUlPESe4lSP+h4CVJ3c,0.22445,0.740351,2.142943,0,2591700,31.877409,Delay-insensitive,4,7.0
638400,ZUmOui6VockU59FJ6QNjWb1BcFGQghqaHB46IvHQV0+xfUUlPESe4lSP+h4CVJ3c,0.2590639999999999,0.773587,1.685972,0,2591700,31.877409,Delay-insensitive,4,7.0
638700,ZUmOui6VockU59FJ6QNjWb1BcFGQghqaHB46IvHQV0+xfUUlPESe4lSP+h4CVJ3c,0.212317,0.714687,1.465116,0,2591700,31.877409,Delay-insensitive,4,7.0
639000,ZUmOui6VockU59FJ6QNjWb1BcFGQghqaHB46IvHQV0+xfUUlPESe4lSP+h4CVJ3c,0.134296,6.561775999999999,52.931417,0,2591700,31.877409,Delay-insensitive,4,7.0
639300,ZUmOui6VockU59FJ6QNjWb1BcFGQghqaHB46IvHQV0+xfUUlPESe4lSP+h4CVJ3c,0.451215,26.024389000000003,99.518695,0,2591700,31.877409,Delay-insensitive,4,7.0
639600,ZUmOui6VockU59FJ6QNjWb1BcFGQghqaHB46IvHQV0+xfUUlPESe4lSP+h4CVJ3c,0.187871,25.805751,99.65589,0,2591700,31.877409,Delay-insensitive,4,7.0
639900,ZUmOui6VockU59FJ6QNjWb1BcFGQghqaHB46IvHQV0+xfUUlPESe4lSP+h4CVJ3c,0.244719,1.178779,17.061803,0,2591700,31.877409,Delay-insensitive,4,7.0
640200,ZUmOui6VockU59FJ6QNjWb1BcFGQghqaHB46IvHQV0+xfUUlPESe4lSP+h4CVJ3c,0.108648,0.691541,1.577093,0,2591700,31.877409,Delay-insensitive,4,7.0
640500,ZUmOui6VockU59FJ6QNjWb1BcFGQghqaHB46IvHQV0+xfUUlPESe4lSP+h4CVJ3c,0.188241,0.69744,1.508378,0,2591700,31.877409,Delay-insensitive,4,7.0
640800,ZUmOui6VockU59FJ6QNjWb1BcFGQghqaHB46IvHQV0+xfUUlPESe4lSP+h4CVJ3c,0.15357,0.606204,1.566764,0,2591700,31.877409,Delay-insensitive,4,7.0
641100,ZUmOui6VockU59FJ6QNjWb1BcFGQghqaHB46IvHQV0+xfUUlPESe4lSP+h4CVJ3c,0.104064,0.6273529999999999,1.758786,0,2591700,31.877409,Delay-insensitive,4,7.0
641400,ZUmOui6VockU59FJ6QNjWb1BcFGQghqaHB46IvHQV0+xfUUlPESe4lSP+h4CVJ3c,0.252637,0.664553,1.286446,0,2591700,31.877409,Delay-insensitive,4,7.0
641700,ZUmOui6VockU59FJ6QNjWb1BcFGQghqaHB46IvHQV0+xfUUlPESe4lSP+h4CVJ3c,0.140791,0.664275,1.883466,0,2591700,31.877409,Delay-insensitive,4,7.0
642000,ZUmOui6VockU59FJ6QNjWb1BcFGQghqaHB46IvHQV0+xfUUlPESe4lSP+h4CVJ3c,0.266231,0.678751,1.254918,0,2591700,31.877409,Delay-insensitive,4,7.0
642300,ZUmOui6VockU59FJ6QNjWb1BcFGQghqaHB46IvHQV0+xfUUlPESe4lSP+h4CVJ3c,0.214098,0.6800649999999999,1.32407,0,2591700,31.877409,Delay-insensitive,4,7.0
642600,ZUmOui6VockU59FJ6QNjWb1BcFGQghqaHB46IvHQV0+xfUUlPESe4lSP+h4CVJ3c,0.30416,3.146558,22.230108,0,2591700,31.877409,Delay-insensitive,4,7.0
642900,ZUmOui6VockU59FJ6QNjWb1BcFGQghqaHB46IvHQV0+xfUUlPESe4lSP+h4CVJ3c,0.110178,0.654698,1.497515,0,2591700,31.877409,Delay-insensitive,4,7.0
643200,ZUmOui6VockU59FJ6QNjWb1BcFGQghqaHB46IvHQV0+xfUUlPESe4lSP+h4CVJ3c,0.256703,0.666502,1.285749,0,2591700,31.877409,Delay-insensitive,4,7.0
643500,ZUmOui6VockU59FJ6QNjWb1BcFGQghqaHB46IvHQV0+xfUUlPESe4lSP+h4CVJ3c,0.079841,0.57789,1.086455,0,2591700,31.877409,Delay-insensitive,4,7.0
643800,ZUmOui6VockU59FJ6QNjWb1BcFGQghqaHB46IvHQV0+xfUUlPESe4lSP+h4CVJ3c,0.237992,0.6601279999999999,1.142433,0,2591700,31.877409,Delay-insensitive,4,7.0
644100,ZUmOui6VockU59FJ6QNjWb1BcFGQghqaHB46IvHQV0+xfUUlPESe4lSP+h4CVJ3c,0.235828,0.713213,1.569427,0,2591700,31.877409,Delay-insensitive,4,7.0
644400,ZUmOui6VockU59FJ6QNjWb1BcFGQghqaHB46IvHQV0+xfUUlPESe4lSP+h4CVJ3c,0.166414,0.610478,1.791219,0,2591700,31.877409,Delay-insensitive,4,7.0
644700,ZUmOui6VockU59FJ6QNjWb1BcFGQghqaHB46IvHQV0+xfUUlPESe4lSP+h4CVJ3c,0.228956,0.632653,1.242387,0,2591700,31.877409,Delay-insensitive,4,7.0
645000,ZUmOui6VockU59FJ6QNjWb1BcFGQghqaHB46IvHQV0+xfUUlPESe4lSP+h4CVJ3c,0.09785,0.6531170000000001,1.3306559999999998,0,2591700,31.877409,Delay-insensitive,4,7.0
645300,ZUmOui6VockU59FJ6QNjWb1BcFGQghqaHB46IvHQV0+xfUUlPESe4lSP+h4CVJ3c,0.213607,0.5869300000000001,1.023013,0,2591700,31.877409,Delay-insensitive,4,7.0
645600,ZUmOui6VockU59FJ6QNjWb1BcFGQghqaHB46IvHQV0+xfUUlPESe4lSP+h4CVJ3c,0.085161,0.558947,1.156319,0,2591700,31.877409,Delay-insensitive,4,7.0
645900,ZUmOui6VockU59FJ6QNjWb1BcFGQghqaHB46IvHQV0+xfUUlPESe4lSP+h4CVJ3c,0.2399639999999999,1.546343,14.117539,0,2591700,31.877409,Delay-insensitive,4,7.0
646200,ZUmOui6VockU59FJ6QNjWb1BcFGQghqaHB46IvHQV0+xfUUlPESe4lSP+h4CVJ3c,0.047677,2.991613,32.107293,0,2591700,31.877409,Delay-insensitive,4,7.0
646500,ZUmOui6VockU59FJ6QNjWb1BcFGQghqaHB46IvHQV0+xfUUlPESe4lSP+h4CVJ3c,0.077813,0.585907,1.367012,0,2591700,31.877409,Delay-insensitive,4,7.0
646800,ZUmOui6VockU59FJ6QNjWb1BcFGQghqaHB46IvHQV0+xfUUlPESe4lSP+h4CVJ3c,0.187347,0.6161270000000001,1.325109,0,2591700,31.877409,Delay-insensitive,4,7.0
647100,ZUmOui6VockU59FJ6QNjWb1BcFGQghqaHB46IvHQV0+xfUUlPESe4lSP+h4CVJ3c,0.132726,0.551529,1.199,0,2591700,31.877409,Delay-insensitive,4,7.0
647400,ZUmOui6VockU59FJ6QNjWb1BcFGQghqaHB46IvHQV0+xfUUlPESe4lSP+h4CVJ3c,0.2632739999999999,0.593109,1.037473,0,2591700,31.877409,Delay-insensitive,4,7.0
647700,ZUmOui6VockU59FJ6QNjWb1BcFGQghqaHB46IvHQV0+xfUUlPESe4lSP+h4CVJ3c,0.0565409999999999,0.59726,1.088,0,2591700,31.877409,Delay-insensitive,4,7.0
648000,ZUmOui6VockU59FJ6QNjWb1BcFGQghqaHB46IvHQV0+xfUUlPESe4lSP+h4CVJ3c,0.254976,0.52789,1.075306,0,2591700,31.877409,Delay-insensitive,4,7.0
648300,ZUmOui6VockU59FJ6QNjWb1BcFGQghqaHB46IvHQV0+xfUUlPESe4lSP+h4CVJ3c,0.0614049999999999,0.510793,1.012655,0,2591700,31.877409,Delay-insensitive,4,7.0
648600,ZUmOui6VockU59FJ6QNjWb1BcFGQghqaHB46IvHQV0+xfUUlPESe4lSP+h4CVJ3c,0.222192,0.594821,1.397188,0,2591700,31.877409,Delay-insensitive,4,7.0
648900,ZUmOui6VockU59FJ6QNjWb1BcFGQghqaHB46IvHQV0+xfUUlPESe4lSP+h4CVJ3c,0.079357,0.580753,1.363433,0,2591700,31.877409,Delay-insensitive,4,7.0
649200,ZUmOui6VockU59FJ6QNjWb1BcFGQghqaHB46IvHQV0+xfUUlPESe4lSP+h4CVJ3c,0.114714,0.674443,1.296937,0,2591700,31.877409,Delay-insensitive,4,7.0
649500,ZUmOui6VockU59FJ6QNjWb1BcFGQghqaHB46IvHQV0+xfUUlPESe4lSP+h4CVJ3c,0.21405,0.73956,1.664837,0,2591700,31.877409,Delay-insensitive,4,7.0
649800,ZUmOui6VockU59FJ6QNjWb1BcFGQghqaHB46IvHQV0+xfUUlPESe4lSP+h4CVJ3c,0.0905919999999999,0.99945,7.414774,0,2591700,31.877409,Delay-insensitive,4,7.0
650100,ZUmOui6VockU59FJ6QNjWb1BcFGQghqaHB46IvHQV0+xfUUlPESe4lSP+h4CVJ3c,0.26577,2.756196,24.277663,0,2591700,31.877409,Delay-insensitive,4,7.0
650400,ZUmOui6VockU59FJ6QNjWb1BcFGQghqaHB46IvHQV0+xfUUlPESe4lSP+h4CVJ3c,0.075017,0.616688,1.600508,0,2591700,31.877409,Delay-insensitive,4,7.0
650700,ZUmOui6VockU59FJ6QNjWb1BcFGQghqaHB46IvHQV0+xfUUlPESe4lSP+h4CVJ3c,0.2271389999999999,0.622779,1.489518,0,2591700,31.877409,Delay-insensitive,4,7.0
651000,ZUmOui6VockU59FJ6QNjWb1BcFGQghqaHB46IvHQV0+xfUUlPESe4lSP+h4CVJ3c,0.082429,0.612525,1.41108,0,2591700,31.877409,Delay-insensitive,4,7.0
651300,ZUmOui6VockU59FJ6QNjWb1BcFGQghqaHB46IvHQV0+xfUUlPESe4lSP+h4CVJ3c,0.238794,0.637322,1.337411,0,2591700,31.877409,Delay-insensitive,4,7.0
651600,ZUmOui6VockU59FJ6QNjWb1BcFGQghqaHB46IvHQV0+xfUUlPESe4lSP+h4CVJ3c,0.20051,0.594213,1.462604,0,2591700,31.877409,Delay-insensitive,4,7.0
651900,ZUmOui6VockU59FJ6QNjWb1BcFGQghqaHB46IvHQV0+xfUUlPESe4lSP+h4CVJ3c,0.0349779999999999,0.582942,1.109176,0,2591700,31.877409,Delay-insensitive,4,7.0
652200,ZUmOui6VockU59FJ6QNjWb1BcFGQghqaHB46IvHQV0+xfUUlPESe4lSP+h4CVJ3c,0.293226,0.596129,1.059878,0,2591700,31.877409,Delay-insensitive,4,7.0
652500,ZUmOui6VockU59FJ6QNjWb1BcFGQghqaHB46IvHQV0+xfUUlPESe4lSP+h4CVJ3c,0.082198,0.515517,1.6764830000000002,0,2591700,31.877409,Delay-insensitive,4,7.0
652800,ZUmOui6VockU59FJ6QNjWb1BcFGQghqaHB46IvHQV0+xfUUlPESe4lSP+h4CVJ3c,0.201547,0.5442739999999999,0.910004,0,2591700,31.877409,Delay-insensitive,4,7.0
653100,ZUmOui6VockU59FJ6QNjWb1BcFGQghqaHB46IvHQV0+xfUUlPESe4lSP+h4CVJ3c,0.070591,0.622042,1.393725,0,2591700,31.877409,Delay-insensitive,4,7.0
653400,ZUmOui6VockU59FJ6QNjWb1BcFGQghqaHB46IvHQV0+xfUUlPESe4lSP+h4CVJ3c,0.193868,0.544542,1.164154,0,2591700,31.877409,Delay-insensitive,4,7.0
653700,ZUmOui6VockU59FJ6QNjWb1BcFGQghqaHB46IvHQV0+xfUUlPESe4lSP+h4CVJ3c,0.3023679999999999,4.49765,47.512687,0,2591700,31.877409,Delay-insensitive,4,7.0
654000,ZUmOui6VockU59FJ6QNjWb1BcFGQghqaHB46IvHQV0+xfUUlPESe4lSP+h4CVJ3c,0.418525,0.765374,1.747513,0,2591700,31.877409,Delay-insensitive,4,7.0
654300,ZUmOui6VockU59FJ6QNjWb1BcFGQghqaHB46IvHQV0+xfUUlPESe4lSP+h4CVJ3c,0.105121,0.486701,1.284064,0,2591700,31.877409,Delay-insensitive,4,7.0
654600,ZUmOui6VockU59FJ6QNjWb1BcFGQghqaHB46IvHQV0+xfUUlPESe4lSP+h4CVJ3c,0.08066,0.50539,0.969334,0,2591700,31.877409,Delay-insensitive,4,7.0
654900,ZUmOui6VockU59FJ6QNjWb1BcFGQghqaHB46IvHQV0+xfUUlPESe4lSP+h4CVJ3c,0.26566,0.536103,1.284876,0,2591700,31.877409,Delay-insensitive,4,7.0
655200,ZUmOui6VockU59FJ6QNjWb1BcFGQghqaHB46IvHQV0+xfUUlPESe4lSP+h4CVJ3c,0.068729,0.464979,1.357931,0,2591700,31.877409,Delay-insensitive,4,7.0
655500,ZUmOui6VockU59FJ6QNjWb1BcFGQghqaHB46IvHQV0+xfUUlPESe4lSP+h4CVJ3c,0.2251119999999999,0.5174380000000001,1.145313,0,2591700,31.877409,Delay-insensitive,4,7.0
655800,ZUmOui6VockU59FJ6QNjWb1BcFGQghqaHB46IvHQV0+xfUUlPESe4lSP+h4CVJ3c,0.103463,0.507012,1.277413,0,2591700,31.877409,Delay-insensitive,4,7.0
656100,ZUmOui6VockU59FJ6QNjWb1BcFGQghqaHB46IvHQV0+xfUUlPESe4lSP+h4CVJ3c,0.224838,0.492539,1.482239,0,2591700,31.877409,Delay-insensitive,4,7.0
656400,ZUmOui6VockU59FJ6QNjWb1BcFGQghqaHB46IvHQV0+xfUUlPESe4lSP+h4CVJ3c,0.1494869999999999,0.492124,1.327274,0,2591700,31.877409,Delay-insensitive,4,7.0
656700,ZUmOui6VockU59FJ6QNjWb1BcFGQghqaHB46IvHQV0+xfUUlPESe4lSP+h4CVJ3c,0.221303,0.547391,1.344372,0,2591700,31.877409,Delay-insensitive,4,7.0
657000,ZUmOui6VockU59FJ6QNjWb1BcFGQghqaHB46IvHQV0+xfUUlPESe4lSP+h4CVJ3c,0.210544,0.554095,1.654832,0,2591700,31.877409,Delay-insensitive,4,7.0
657300,ZUmOui6VockU59FJ6QNjWb1BcFGQghqaHB46IvHQV0+xfUUlPESe4lSP+h4CVJ3c,0.178858,2.090138,19.072397,0,2591700,31.877409,Delay-insensitive,4,7.0
657600,ZUmOui6VockU59FJ6QNjWb1BcFGQghqaHB46IvHQV0+xfUUlPESe4lSP+h4CVJ3c,0.218764,1.074745,10.70691,0,2591700,31.877409,Delay-insensitive,4,7.0
657900,ZUmOui6VockU59FJ6QNjWb1BcFGQghqaHB46IvHQV0+xfUUlPESe4lSP+h4CVJ3c,0.093424,0.5126029999999999,1.836564,0,2591700,31.877409,Delay-insensitive,4,7.0
658200,ZUmOui6VockU59FJ6QNjWb1BcFGQghqaHB46IvHQV0+xfUUlPESe4lSP+h4CVJ3c,0.234535,0.558485,1.322382,0,2591700,31.877409,Delay-insensitive,4,7.0
658500,ZUmOui6VockU59FJ6QNjWb1BcFGQghqaHB46IvHQV0+xfUUlPESe4lSP+h4CVJ3c,0.072897,0.519813,1.1594950000000002,0,2591700,31.877409,Delay-insensitive,4,7.0
658800,ZUmOui6VockU59FJ6QNjWb1BcFGQghqaHB46IvHQV0+xfUUlPESe4lSP+h4CVJ3c,0.243534,0.527463,1.438695,0,2591700,31.877409,Delay-insensitive,4,7.0
659100,ZUmOui6VockU59FJ6QNjWb1BcFGQghqaHB46IvHQV0+xfUUlPESe4lSP+h4CVJ3c,0.052974,0.489113,1.220876,0,2591700,31.877409,Delay-insensitive,4,7.0
659400,ZUmOui6VockU59FJ6QNjWb1BcFGQghqaHB46IvHQV0+xfUUlPESe4lSP+h4CVJ3c,0.248126,0.538067,1.043539,0,2591700,31.877409,Delay-insensitive,4,7.0
659700,ZUmOui6VockU59FJ6QNjWb1BcFGQghqaHB46IvHQV0+xfUUlPESe4lSP+h4CVJ3c,0.048692,0.479568,1.053339,0,2591700,31.877409,Delay-insensitive,4,7.0
660000,ZUmOui6VockU59FJ6QNjWb1BcFGQghqaHB46IvHQV0+xfUUlPESe4lSP+h4CVJ3c,0.064208,0.511716,1.0593860000000002,0,2591700,31.877409,Delay-insensitive,4,7.0
660300,ZUmOui6VockU59FJ6QNjWb1BcFGQghqaHB46IvHQV0+xfUUlPESe4lSP+h4CVJ3c,0.195351,0.536921,1.092555,0,2591700,31.877409,Delay-insensitive,4,7.0
660600,ZUmOui6VockU59FJ6QNjWb1BcFGQghqaHB46IvHQV0+xfUUlPESe4lSP+h4CVJ3c,0.097769,0.48655,0.950429,0,2591700,31.877409,Delay-insensitive,4,7.0
660900,ZUmOui6VockU59FJ6QNjWb1BcFGQghqaHB46IvHQV0+xfUUlPESe4lSP+h4CVJ3c,0.147305,0.552724,1.363796,0,2591700,31.877409,Delay-insensitive,4,7.0
661200,ZUmOui6VockU59FJ6QNjWb1BcFGQghqaHB46IvHQV0+xfUUlPESe4lSP+h4CVJ3c,0.085241,2.985821,24.891969,0,2591700,31.877409,Delay-insensitive,4,7.0
661500,ZUmOui6VockU59FJ6QNjWb1BcFGQghqaHB46IvHQV0+xfUUlPESe4lSP+h4CVJ3c,0.226948,0.495763,1.082052,0,2591700,31.877409,Delay-insensitive,4,7.0
661800,ZUmOui6VockU59FJ6QNjWb1BcFGQghqaHB46IvHQV0+xfUUlPESe4lSP+h4CVJ3c,0.10428,0.482786,1.267531,0,2591700,31.877409,Delay-insensitive,4,7.0
662100,ZUmOui6VockU59FJ6QNjWb1BcFGQghqaHB46IvHQV0+xfUUlPESe4lSP+h4CVJ3c,0.25339,0.525316,1.336047,0,2591700,31.877409,Delay-insensitive,4,7.0
662400,ZUmOui6VockU59FJ6QNjWb1BcFGQghqaHB46IvHQV0+xfUUlPESe4lSP+h4CVJ3c,0.083413,0.459292,1.43236,0,2591700,31.877409,Delay-insensitive,4,7.0
662700,ZUmOui6VockU59FJ6QNjWb1BcFGQghqaHB46IvHQV0+xfUUlPESe4lSP+h4CVJ3c,0.224194,0.5785560000000001,1.263403,0,2591700,31.877409,Delay-insensitive,4,7.0
663000,ZUmOui6VockU59FJ6QNjWb1BcFGQghqaHB46IvHQV0+xfUUlPESe4lSP+h4CVJ3c,0.194183,0.56787,1.178539,0,2591700,31.877409,Delay-insensitive,4,7.0
663300,ZUmOui6VockU59FJ6QNjWb1BcFGQghqaHB46IvHQV0+xfUUlPESe4lSP+h4CVJ3c,0.078252,0.54001,1.411058,0,2591700,31.877409,Delay-insensitive,4,7.0
663600,ZUmOui6VockU59FJ6QNjWb1BcFGQghqaHB46IvHQV0+xfUUlPESe4lSP+h4CVJ3c,0.225739,0.553374,1.110194,0,2591700,31.877409,Delay-insensitive,4,7.0
663900,ZUmOui6VockU59FJ6QNjWb1BcFGQghqaHB46IvHQV0+xfUUlPESe4lSP+h4CVJ3c,0.054238,0.586102,1.609444,0,2591700,31.877409,Delay-insensitive,4,7.0
664200,ZUmOui6VockU59FJ6QNjWb1BcFGQghqaHB46IvHQV0+xfUUlPESe4lSP+h4CVJ3c,0.222136,0.525834,1.6244,0,2591700,31.877409,Delay-insensitive,4,7.0
664500,ZUmOui6VockU59FJ6QNjWb1BcFGQghqaHB46IvHQV0+xfUUlPESe4lSP+h4CVJ3c,0.113641,12.813833,63.896225,0,2591700,31.877409,Delay-insensitive,4,7.0
664800,ZUmOui6VockU59FJ6QNjWb1BcFGQghqaHB46IvHQV0+xfUUlPESe4lSP+h4CVJ3c,0.325849,17.408948000000002,49.220186,0,2591700,31.877409,Delay-insensitive,4,7.0
665100,ZUmOui6VockU59FJ6QNjWb1BcFGQghqaHB46IvHQV0+xfUUlPESe4lSP+h4CVJ3c,0.2455889999999999,0.5569529999999999,1.19495,0,2591700,31.877409,Delay-insensitive,4,7.0
665400,ZUmOui6VockU59FJ6QNjWb1BcFGQghqaHB46IvHQV0+xfUUlPESe4lSP+h4CVJ3c,0.142715,0.605436,1.375758,0,2591700,31.877409,Delay-insensitive,4,7.0
665700,ZUmOui6VockU59FJ6QNjWb1BcFGQghqaHB46IvHQV0+xfUUlPESe4lSP+h4CVJ3c,0.2198099999999999,0.572394,1.434733,0,2591700,31.877409,Delay-insensitive,4,7.0
666000,ZUmOui6VockU59FJ6QNjWb1BcFGQghqaHB46IvHQV0+xfUUlPESe4lSP+h4CVJ3c,0.111601,0.523987,1.420355,0,2591700,31.877409,Delay-insensitive,4,7.0
666300,ZUmOui6VockU59FJ6QNjWb1BcFGQghqaHB46IvHQV0+xfUUlPESe4lSP+h4CVJ3c,0.256548,0.5512050000000001,1.310959,0,2591700,31.877409,Delay-insensitive,4,7.0
666600,ZUmOui6VockU59FJ6QNjWb1BcFGQghqaHB46IvHQV0+xfUUlPESe4lSP+h4CVJ3c,0.081844,0.531675,1.043268,0,2591700,31.877409,Delay-insensitive,4,7.0
666900,ZUmOui6VockU59FJ6QNjWb1BcFGQghqaHB46IvHQV0+xfUUlPESe4lSP+h4CVJ3c,0.186635,0.535197,1.460844,0,2591700,31.877409,Delay-insensitive,4,7.0
667200,ZUmOui6VockU59FJ6QNjWb1BcFGQghqaHB46IvHQV0+xfUUlPESe4lSP+h4CVJ3c,0.096432,0.51227,1.264806,0,2591700,31.877409,Delay-insensitive,4,7.0
667500,ZUmOui6VockU59FJ6QNjWb1BcFGQghqaHB46IvHQV0+xfUUlPESe4lSP+h4CVJ3c,0.166417,0.554293,1.436717,0,2591700,31.877409,Delay-insensitive,4,7.0
667800,ZUmOui6VockU59FJ6QNjWb1BcFGQghqaHB46IvHQV0+xfUUlPESe4lSP+h4CVJ3c,0.051163,0.4633199999999999,1.23583,0,2591700,31.877409,Delay-insensitive,4,7.0
668100,ZUmOui6VockU59FJ6QNjWb1BcFGQghqaHB46IvHQV0+xfUUlPESe4lSP+h4CVJ3c,0.134389,0.6714319999999999,3.966472,0,2591700,31.877409,Delay-insensitive,4,7.0
668400,ZUmOui6VockU59FJ6QNjWb1BcFGQghqaHB46IvHQV0+xfUUlPESe4lSP+h4CVJ3c,0.171579,3.085987,50.212927,0,2591700,31.877409,Delay-insensitive,4,7.0
668700,ZUmOui6VockU59FJ6QNjWb1BcFGQghqaHB46IvHQV0+xfUUlPESe4lSP+h4CVJ3c,0.093901,0.4811899999999999,1.16056,0,2591700,31.877409,Delay-insensitive,4,7.0
669000,ZUmOui6VockU59FJ6QNjWb1BcFGQghqaHB46IvHQV0+xfUUlPESe4lSP+h4CVJ3c,0.171843,0.513872,1.169041,0,2591700,31.877409,Delay-insensitive,4,7.0
669300,ZUmOui6VockU59FJ6QNjWb1BcFGQghqaHB46IvHQV0+xfUUlPESe4lSP+h4CVJ3c,0.143515,0.63166,4.766561,0,2591700,31.877409,Delay-insensitive,4,7.0
669600,ZUmOui6VockU59FJ6QNjWb1BcFGQghqaHB46IvHQV0+xfUUlPESe4lSP+h4CVJ3c,0.2196969999999999,0.4750569999999999,1.293404,0,2591700,31.877409,Delay-insensitive,4,7.0
669900,ZUmOui6VockU59FJ6QNjWb1BcFGQghqaHB46IvHQV0+xfUUlPESe4lSP+h4CVJ3c,0.107754,0.477662,1.055714,0,2591700,31.877409,Delay-insensitive,4,7.0
670200,ZUmOui6VockU59FJ6QNjWb1BcFGQghqaHB46IvHQV0+xfUUlPESe4lSP+h4CVJ3c,0.203881,0.533413,1.522502,0,2591700,31.877409,Delay-insensitive,4,7.0
670500,ZUmOui6VockU59FJ6QNjWb1BcFGQghqaHB46IvHQV0+xfUUlPESe4lSP+h4CVJ3c,0.068745,0.492597,1.273962,0,2591700,31.877409,Delay-insensitive,4,7.0
670800,ZUmOui6VockU59FJ6QNjWb1BcFGQghqaHB46IvHQV0+xfUUlPESe4lSP+h4CVJ3c,0.101469,0.484187,1.368855,0,2591700,31.877409,Delay-insensitive,4,7.0
671100,ZUmOui6VockU59FJ6QNjWb1BcFGQghqaHB46IvHQV0+xfUUlPESe4lSP+h4CVJ3c,0.206229,0.568738,1.251447,0,2591700,31.877409,Delay-insensitive,4,7.0
671400,ZUmOui6VockU59FJ6QNjWb1BcFGQghqaHB46IvHQV0+xfUUlPESe4lSP+h4CVJ3c,0.066634,0.5158590000000001,1.138696,0,2591700,31.877409,Delay-insensitive,4,7.0
671700,ZUmOui6VockU59FJ6QNjWb1BcFGQghqaHB46IvHQV0+xfUUlPESe4lSP+h4CVJ3c,0.157944,0.531445,1.142982,0,2591700,31.877409,Delay-insensitive,4,7.0
672000,ZUmOui6VockU59FJ6QNjWb1BcFGQghqaHB46IvHQV0+xfUUlPESe4lSP+h4CVJ3c,0.186112,3.053938,41.988715,0,2591700,31.877409,Delay-insensitive,4,7.0
672300,ZUmOui6VockU59FJ6QNjWb1BcFGQghqaHB46IvHQV0+xfUUlPESe4lSP+h4CVJ3c,0.259969,0.530215,1.246393,0,2591700,31.877409,Delay-insensitive,4,7.0
672600,ZUmOui6VockU59FJ6QNjWb1BcFGQghqaHB46IvHQV0+xfUUlPESe4lSP+h4CVJ3c,0.095622,0.512005,1.342474,0,2591700,31.877409,Delay-insensitive,4,7.0
672900,ZUmOui6VockU59FJ6QNjWb1BcFGQghqaHB46IvHQV0+xfUUlPESe4lSP+h4CVJ3c,0.22534,0.612146,1.492011,0,2591700,31.877409,Delay-insensitive,4,7.0
673200,ZUmOui6VockU59FJ6QNjWb1BcFGQghqaHB46IvHQV0+xfUUlPESe4lSP+h4CVJ3c,0.057337,0.5432640000000001,1.4966540000000002,0,2591700,31.877409,Delay-insensitive,4,7.0
673500,ZUmOui6VockU59FJ6QNjWb1BcFGQghqaHB46IvHQV0+xfUUlPESe4lSP+h4CVJ3c,0.155229,0.537216,1.104768,0,2591700,31.877409,Delay-insensitive,4,7.0
673800,ZUmOui6VockU59FJ6QNjWb1BcFGQghqaHB46IvHQV0+xfUUlPESe4lSP+h4CVJ3c,0.212153,0.5814729999999999,1.179654,0,2591700,31.877409,Delay-insensitive,4,7.0
674100,ZUmOui6VockU59FJ6QNjWb1BcFGQghqaHB46IvHQV0+xfUUlPESe4lSP+h4CVJ3c,0.034804,0.502804,1.052798,0,2591700,31.877409,Delay-insensitive,4,7.0
674400,ZUmOui6VockU59FJ6QNjWb1BcFGQghqaHB46IvHQV0+xfUUlPESe4lSP+h4CVJ3c,0.160504,0.515989,1.228174,0,2591700,31.877409,Delay-insensitive,4,7.0
674700,ZUmOui6VockU59FJ6QNjWb1BcFGQghqaHB46IvHQV0+xfUUlPESe4lSP+h4CVJ3c,0.181414,0.518884,1.153428,0,2591700,31.877409,Delay-insensitive,4,7.0
675000,ZUmOui6VockU59FJ6QNjWb1BcFGQghqaHB46IvHQV0+xfUUlPESe4lSP+h4CVJ3c,0.21408,0.490241,1.077408,0,2591700,31.877409,Delay-insensitive,4,7.0
675300,ZUmOui6VockU59FJ6QNjWb1BcFGQghqaHB46IvHQV0+xfUUlPESe4lSP+h4CVJ3c,0.063144,0.4592859999999999,1.1305459999999998,0,2591700,31.877409,Delay-insensitive,4,7.0
675600,ZUmOui6VockU59FJ6QNjWb1BcFGQghqaHB46IvHQV0+xfUUlPESe4lSP+h4CVJ3c,0.174949,1.886393,39.094172,0,2591700,31.877409,Delay-insensitive,4,7.0
675900,ZUmOui6VockU59FJ6QNjWb1BcFGQghqaHB46IvHQV0+xfUUlPESe4lSP+h4CVJ3c,0.2216719999999999,1.068689,15.769235,0,2591700,31.877409,Delay-insensitive,4,7.0
676200,ZUmOui6VockU59FJ6QNjWb1BcFGQghqaHB46IvHQV0+xfUUlPESe4lSP+h4CVJ3c,0.089548,0.51636,1.0710959999999998,0,2591700,31.877409,Delay-insensitive,4,7.0
676500,ZUmOui6VockU59FJ6QNjWb1BcFGQghqaHB46IvHQV0+xfUUlPESe4lSP+h4CVJ3c,0.204364,0.53169,1.47702,0,2591700,31.877409,Delay-insensitive,4,7.0
676800,ZUmOui6VockU59FJ6QNjWb1BcFGQghqaHB46IvHQV0+xfUUlPESe4lSP+h4CVJ3c,0.067282,0.4873649999999999,1.382128,0,2591700,31.877409,Delay-insensitive,4,7.0
677100,ZUmOui6VockU59FJ6QNjWb1BcFGQghqaHB46IvHQV0+xfUUlPESe4lSP+h4CVJ3c,0.209708,0.513506,1.117504,0,2591700,31.877409,Delay-insensitive,4,7.0
677400,ZUmOui6VockU59FJ6QNjWb1BcFGQghqaHB46IvHQV0+xfUUlPESe4lSP+h4CVJ3c,0.155557,0.496856,0.977299,0,2591700,31.877409,Delay-insensitive,4,7.0
677700,ZUmOui6VockU59FJ6QNjWb1BcFGQghqaHB46IvHQV0+xfUUlPESe4lSP+h4CVJ3c,0.187631,0.488906,1.020149,0,2591700,31.877409,Delay-insensitive,4,7.0
678000,ZUmOui6VockU59FJ6QNjWb1BcFGQghqaHB46IvHQV0+xfUUlPESe4lSP+h4CVJ3c,0.161354,0.625406,2.812806,0,2591700,31.877409,Delay-insensitive,4,7.0
678300,ZUmOui6VockU59FJ6QNjWb1BcFGQghqaHB46IvHQV0+xfUUlPESe4lSP+h4CVJ3c,0.242848,0.529311,1.30154,0,2591700,31.877409,Delay-insensitive,4,7.0
678600,ZUmOui6VockU59FJ6QNjWb1BcFGQghqaHB46IvHQV0+xfUUlPESe4lSP+h4CVJ3c,0.175616,0.470818,1.246514,0,2591700,31.877409,Delay-insensitive,4,7.0
678900,ZUmOui6VockU59FJ6QNjWb1BcFGQghqaHB46IvHQV0+xfUUlPESe4lSP+h4CVJ3c,0.097852,0.477526,1.0110709999999998,0,2591700,31.877409,Delay-insensitive,4,7.0
679200,ZUmOui6VockU59FJ6QNjWb1BcFGQghqaHB46IvHQV0+xfUUlPESe4lSP+h4CVJ3c,0.208511,0.5158189999999999,1.338791,0,2591700,31.877409,Delay-insensitive,4,7.0
679500,ZUmOui6VockU59FJ6QNjWb1BcFGQghqaHB46IvHQV0+xfUUlPESe4lSP+h4CVJ3c,0.1617029999999999,2.931205,23.623701,0,2591700,31.877409,Delay-insensitive,4,7.0
679800,ZUmOui6VockU59FJ6QNjWb1BcFGQghqaHB46IvHQV0+xfUUlPESe4lSP+h4CVJ3c,0.250153,0.524386,1.164917,0,2591700,31.877409,Delay-insensitive,4,7.0
680100,ZUmOui6VockU59FJ6QNjWb1BcFGQghqaHB46IvHQV0+xfUUlPESe4lSP+h4CVJ3c,0.079251,0.475722,1.013358,0,2591700,31.877409,Delay-insensitive,4,7.0
680400,ZUmOui6VockU59FJ6QNjWb1BcFGQghqaHB46IvHQV0+xfUUlPESe4lSP+h4CVJ3c,0.235475,0.4813659999999999,1.250058,0,2591700,31.877409,Delay-insensitive,4,7.0
680700,ZUmOui6VockU59FJ6QNjWb1BcFGQghqaHB46IvHQV0+xfUUlPESe4lSP+h4CVJ3c,0.0899669999999999,0.463627,0.996036,0,2591700,31.877409,Delay-insensitive,4,7.0
681000,ZUmOui6VockU59FJ6QNjWb1BcFGQghqaHB46IvHQV0+xfUUlPESe4lSP+h4CVJ3c,0.248865,0.516199,1.064698,0,2591700,31.877409,Delay-insensitive,4,7.0
681300,ZUmOui6VockU59FJ6QNjWb1BcFGQghqaHB46IvHQV0+xfUUlPESe4lSP+h4CVJ3c,0.05004,0.4572029999999999,1.321829,0,2591700,31.877409,Delay-insensitive,4,7.0
681600,ZUmOui6VockU59FJ6QNjWb1BcFGQghqaHB46IvHQV0+xfUUlPESe4lSP+h4CVJ3c,0.137407,0.5033770000000001,1.421795,0,2591700,31.877409,Delay-insensitive,4,7.0
681900,ZUmOui6VockU59FJ6QNjWb1BcFGQghqaHB46IvHQV0+xfUUlPESe4lSP+h4CVJ3c,0.17378,0.5107970000000001,1.201159,0,2591700,31.877409,Delay-insensitive,4,7.0
682200,ZUmOui6VockU59FJ6QNjWb1BcFGQghqaHB46IvHQV0+xfUUlPESe4lSP+h4CVJ3c,0.203102,4.89205,53.387046,0,2591700,31.877409,Delay-insensitive,4,7.0
682500,ZUmOui6VockU59FJ6QNjWb1BcFGQghqaHB46IvHQV0+xfUUlPESe4lSP+h4CVJ3c,0.353984,25.968868,90.955488,0,2591700,31.877409,Delay-insensitive,4,7.0
682800,ZUmOui6VockU59FJ6QNjWb1BcFGQghqaHB46IvHQV0+xfUUlPESe4lSP+h4CVJ3c,0.10384,24.974653,95.987473,0,2591700,31.877409,Delay-insensitive,4,7.0
683100,ZUmOui6VockU59FJ6QNjWb1BcFGQghqaHB46IvHQV0+xfUUlPESe4lSP+h4CVJ3c,0.2253619999999999,3.106008,34.668317,0,2591700,31.877409,Delay-insensitive,4,7.0
683400,ZUmOui6VockU59FJ6QNjWb1BcFGQghqaHB46IvHQV0+xfUUlPESe4lSP+h4CVJ3c,0.124822,0.54168,1.084364,0,2591700,31.877409,Delay-insensitive,4,7.0
683700,ZUmOui6VockU59FJ6QNjWb1BcFGQghqaHB46IvHQV0+xfUUlPESe4lSP+h4CVJ3c,0.216228,0.537612,1.125057,0,2591700,31.877409,Delay-insensitive,4,7.0
684000,ZUmOui6VockU59FJ6QNjWb1BcFGQghqaHB46IvHQV0+xfUUlPESe4lSP+h4CVJ3c,0.156201,0.541506,1.376726,0,2591700,31.877409,Delay-insensitive,4,7.0
684300,ZUmOui6VockU59FJ6QNjWb1BcFGQghqaHB46IvHQV0+xfUUlPESe4lSP+h4CVJ3c,0.0635,0.466841,0.959367,0,2591700,31.877409,Delay-insensitive,4,7.0
684600,ZUmOui6VockU59FJ6QNjWb1BcFGQghqaHB46IvHQV0+xfUUlPESe4lSP+h4CVJ3c,0.219135,0.535499,1.216308,0,2591700,31.877409,Delay-insensitive,4,7.0
684900,ZUmOui6VockU59FJ6QNjWb1BcFGQghqaHB46IvHQV0+xfUUlPESe4lSP+h4CVJ3c,0.0663,0.501837,1.681525,0,2591700,31.877409,Delay-insensitive,4,7.0
685200,ZUmOui6VockU59FJ6QNjWb1BcFGQghqaHB46IvHQV0+xfUUlPESe4lSP+h4CVJ3c,0.169406,0.52079,1.156157,0,2591700,31.877409,Delay-insensitive,4,7.0
685500,ZUmOui6VockU59FJ6QNjWb1BcFGQghqaHB46IvHQV0+xfUUlPESe4lSP+h4CVJ3c,0.173901,0.534447,1.07713,0,2591700,31.877409,Delay-insensitive,4,7.0
685800,ZUmOui6VockU59FJ6QNjWb1BcFGQghqaHB46IvHQV0+xfUUlPESe4lSP+h4CVJ3c,0.212034,0.524788,1.651252,0,2591700,31.877409,Delay-insensitive,4,7.0
686100,ZUmOui6VockU59FJ6QNjWb1BcFGQghqaHB46IvHQV0+xfUUlPESe4lSP+h4CVJ3c,0.107246,0.5096109999999999,1.430496,0,2591700,31.877409,Delay-insensitive,4,7.0
686400,ZUmOui6VockU59FJ6QNjWb1BcFGQghqaHB46IvHQV0+xfUUlPESe4lSP+h4CVJ3c,0.204835,0.6143609999999999,1.705245,0,2591700,31.877409,Delay-insensitive,4,7.0
686700,ZUmOui6VockU59FJ6QNjWb1BcFGQghqaHB46IvHQV0+xfUUlPESe4lSP+h4CVJ3c,0.241961,3.175015,42.153882,0,2591700,31.877409,Delay-insensitive,4,7.0
687000,ZUmOui6VockU59FJ6QNjWb1BcFGQghqaHB46IvHQV0+xfUUlPESe4lSP+h4CVJ3c,0.093049,0.609386,2.898919,0,2591700,31.877409,Delay-insensitive,4,7.0
687300,ZUmOui6VockU59FJ6QNjWb1BcFGQghqaHB46IvHQV0+xfUUlPESe4lSP+h4CVJ3c,0.212807,0.561543,1.37549,0,2591700,31.877409,Delay-insensitive,4,7.0
687600,ZUmOui6VockU59FJ6QNjWb1BcFGQghqaHB46IvHQV0+xfUUlPESe4lSP+h4CVJ3c,0.180568,0.516176,1.175609,0,2591700,31.877409,Delay-insensitive,4,7.0
687900,ZUmOui6VockU59FJ6QNjWb1BcFGQghqaHB46IvHQV0+xfUUlPESe4lSP+h4CVJ3c,0.174389,0.5550229999999999,1.292178,0,2591700,31.877409,Delay-insensitive,4,7.0
688200,ZUmOui6VockU59FJ6QNjWb1BcFGQghqaHB46IvHQV0+xfUUlPESe4lSP+h4CVJ3c,0.099991,0.511076,1.08857,0,2591700,31.877409,Delay-insensitive,4,7.0
688500,ZUmOui6VockU59FJ6QNjWb1BcFGQghqaHB46IvHQV0+xfUUlPESe4lSP+h4CVJ3c,0.203497,0.523266,1.392394,0,2591700,31.877409,Delay-insensitive,4,7.0
688800,ZUmOui6VockU59FJ6QNjWb1BcFGQghqaHB46IvHQV0+xfUUlPESe4lSP+h4CVJ3c,0.182529,0.503188,1.29928,0,2591700,31.877409,Delay-insensitive,4,7.0
689100,ZUmOui6VockU59FJ6QNjWb1BcFGQghqaHB46IvHQV0+xfUUlPESe4lSP+h4CVJ3c,0.212761,0.548952,1.057905,0,2591700,31.877409,Delay-insensitive,4,7.0
689400,ZUmOui6VockU59FJ6QNjWb1BcFGQghqaHB46IvHQV0+xfUUlPESe4lSP+h4CVJ3c,0.090432,0.494226,1.465616,0,2591700,31.877409,Delay-insensitive,4,7.0
689700,ZUmOui6VockU59FJ6QNjWb1BcFGQghqaHB46IvHQV0+xfUUlPESe4lSP+h4CVJ3c,0.157374,0.562138,2.5494380000000003,0,2591700,31.877409,Delay-insensitive,4,7.0
690000,ZUmOui6VockU59FJ6QNjWb1BcFGQghqaHB46IvHQV0+xfUUlPESe4lSP+h4CVJ3c,0.196683,0.5447770000000001,1.2021389999999998,0,2591700,31.877409,Delay-insensitive,4,7.0
690300,ZUmOui6VockU59FJ6QNjWb1BcFGQghqaHB46IvHQV0+xfUUlPESe4lSP+h4CVJ3c,0.183367,0.649397,2.433965,0,2591700,31.877409,Delay-insensitive,4,7.0
690600,ZUmOui6VockU59FJ6QNjWb1BcFGQghqaHB46IvHQV0+xfUUlPESe4lSP+h4CVJ3c,0.2215619999999999,2.965273,17.926526000000003,0,2591700,31.877409,Delay-insensitive,4,7.0
690900,ZUmOui6VockU59FJ6QNjWb1BcFGQghqaHB46IvHQV0+xfUUlPESe4lSP+h4CVJ3c,0.204528,0.475942,1.033977,0,2591700,31.877409,Delay-insensitive,4,7.0
