timestamp,vm_id,min_cpu,max_cpu,avg_cpu,timestamp vm created,timestamp vm deleted,p95 max cpu,vm_category,vm virtual core count,vm memory (gb)
0,ZXGOZbIjK5v+i0EEHS1SywZP4yiFZ8ZKmsXeJkkPrReMvTBGQ4dNJbBygiRCqes7,74.085513,76.64516,78.74868000000001,0,2591700,81.410962,Interactive,4,7.0
300,ZXGOZbIjK5v+i0EEHS1SywZP4yiFZ8ZKmsXeJkkPrReMvTBGQ4dNJbBygiRCqes7,73.88846600000001,76.55529399999999,79.825417,0,2591700,81.410962,Interactive,4,7.0
600,ZXGOZbIjK5v+i0EEHS1SywZP4yiFZ8ZKmsXeJkkPrReMvTBGQ4dNJbBygiRCqes7,73.551986,76.419026,81.059961,0,2591700,81.410962,Interactive,4,7.0
900,ZXGOZbIjK5v+i0EEHS1SywZP4yiFZ8ZKmsXeJkkPrReMvTBGQ4dNJbBygiRCqes7,71.703024,74.926335,78.586586,0,2591700,81.410962,Interactive,4,7.0
1200,ZXGOZbIjK5v+i0EEHS1SywZP4yiFZ8ZKmsXeJkkPrReMvTBGQ4dNJbBygiRCqes7,73.16738000000001,75.96179000000001,82.087335,0,2591700,81.410962,Interactive,4,7.0
1500,ZXGOZbIjK5v+i0EEHS1SywZP4yiFZ8ZKmsXeJkkPrReMvTBGQ4dNJbBygiRCqes7,69.669993,73.196857,76.989136,0,2591700,81.410962,Interactive,4,7.0
1800,ZXGOZbIjK5v+i0EEHS1SywZP4yiFZ8ZKmsXeJkkPrReMvTBGQ4dNJbBygiRCqes7,68.457722,71.97403299999999,79.83757800000001,0,2591700,81.410962,Interactive,4,7.0
2100,ZXGOZbIjK5v+i0EEHS1SywZP4yiFZ8ZKmsXeJkkPrReMvTBGQ4dNJbBygiRCqes7,68.236877,72.530514,78.07593299999999,0,2591700,81.410962,Interactive,4,7.0
2400,ZXGOZbIjK5v+i0EEHS1SywZP4yiFZ8ZKmsXeJkkPrReMvTBGQ4dNJbBygiRCqes7,72.476725,75.963915,80.46987299999999,0,2591700,81.410962,Interactive,4,7.0
2700,ZXGOZbIjK5v+i0EEHS1SywZP4yiFZ8ZKmsXeJkkPrReMvTBGQ4dNJbBygiRCqes7,73.359239,76.038216,80.005616,0,2591700,81.410962,Interactive,4,7.0
3000,ZXGOZbIjK5v+i0EEHS1SywZP4yiFZ8ZKmsXeJkkPrReMvTBGQ4dNJbBygiRCqes7,72.43386,75.76914599999999,79.178426,0,2591700,81.410962,Interactive,4,7.0
3300,ZXGOZbIjK5v+i0EEHS1SywZP4yiFZ8ZKmsXeJkkPrReMvTBGQ4dNJbBygiRCqes7,74.418317,76.67909399999999,82.651259,0,2591700,81.410962,Interactive,4,7.0
3600,ZXGOZbIjK5v+i0EEHS1SywZP4yiFZ8ZKmsXeJkkPrReMvTBGQ4dNJbBygiRCqes7,74.064334,76.273413,79.32095799999999,0,2591700,81.410962,Interactive,4,7.0
3900,ZXGOZbIjK5v+i0EEHS1SywZP4yiFZ8ZKmsXeJkkPrReMvTBGQ4dNJbBygiRCqes7,73.4336,75.62124,78.569416,0,2591700,81.410962,Interactive,4,7.0
4200,ZXGOZbIjK5v+i0EEHS1SywZP4yiFZ8ZKmsXeJkkPrReMvTBGQ4dNJbBygiRCqes7,73.051197,75.829962,78.71074200000001,0,2591700,81.410962,Interactive,4,7.0
4500,ZXGOZbIjK5v+i0EEHS1SywZP4yiFZ8ZKmsXeJkkPrReMvTBGQ4dNJbBygiRCqes7,73.551027,76.24141,82.16615,0,2591700,81.410962,Interactive,4,7.0
4800,ZXGOZbIjK5v+i0EEHS1SywZP4yiFZ8ZKmsXeJkkPrReMvTBGQ4dNJbBygiRCqes7,73.344535,75.77683,79.57800999999999,0,2591700,81.410962,Interactive,4,7.0
5100,ZXGOZbIjK5v+i0EEHS1SywZP4yiFZ8ZKmsXeJkkPrReMvTBGQ4dNJbBygiRCqes7,71.629324,74.637069,80.711324,0,2591700,81.410962,Interactive,4,7.0
5400,ZXGOZbIjK5v+i0EEHS1SywZP4yiFZ8ZKmsXeJkkPrReMvTBGQ4dNJbBygiRCqes7,71.784708,75.432284,80.257266,0,2591700,81.410962,Interactive,4,7.0
5700,ZXGOZbIjK5v+i0EEHS1SywZP4yiFZ8ZKmsXeJkkPrReMvTBGQ4dNJbBygiRCqes7,70.39397,73.374904,77.316946,0,2591700,81.410962,Interactive,4,7.0
6000,ZXGOZbIjK5v+i0EEHS1SywZP4yiFZ8ZKmsXeJkkPrReMvTBGQ4dNJbBygiRCqes7,68.107547,74.904114,81.738637,0,2591700,81.410962,Interactive,4,7.0
6300,ZXGOZbIjK5v+i0EEHS1SywZP4yiFZ8ZKmsXeJkkPrReMvTBGQ4dNJbBygiRCqes7,68.82470500000001,73.02577600000001,77.093253,0,2591700,81.410962,Interactive,4,7.0
6600,ZXGOZbIjK5v+i0EEHS1SywZP4yiFZ8ZKmsXeJkkPrReMvTBGQ4dNJbBygiRCqes7,73.152156,76.196156,79.74600000000001,0,2591700,81.410962,Interactive,4,7.0
6900,ZXGOZbIjK5v+i0EEHS1SywZP4yiFZ8ZKmsXeJkkPrReMvTBGQ4dNJbBygiRCqes7,74.904944,76.760575,79.933534,0,2591700,81.410962,Interactive,4,7.0
7200,ZXGOZbIjK5v+i0EEHS1SywZP4yiFZ8ZKmsXeJkkPrReMvTBGQ4dNJbBygiRCqes7,74.633346,76.729765,80.40218,0,2591700,81.410962,Interactive,4,7.0
7500,ZXGOZbIjK5v+i0EEHS1SywZP4yiFZ8ZKmsXeJkkPrReMvTBGQ4dNJbBygiRCqes7,73.76127,75.905555,78.84413,0,2591700,81.410962,Interactive,4,7.0
7800,ZXGOZbIjK5v+i0EEHS1SywZP4yiFZ8ZKmsXeJkkPrReMvTBGQ4dNJbBygiRCqes7,73.138823,74.47115699999999,77.088463,0,2591700,81.410962,Interactive,4,7.0
8100,ZXGOZbIjK5v+i0EEHS1SywZP4yiFZ8ZKmsXeJkkPrReMvTBGQ4dNJbBygiRCqes7,74.055229,77.252042,81.261393,0,2591700,81.410962,Interactive,4,7.0
8400,ZXGOZbIjK5v+i0EEHS1SywZP4yiFZ8ZKmsXeJkkPrReMvTBGQ4dNJbBygiRCqes7,71.2316,73.244677,77.80834300000001,0,2591700,81.410962,Interactive,4,7.0
8700,ZXGOZbIjK5v+i0EEHS1SywZP4yiFZ8ZKmsXeJkkPrReMvTBGQ4dNJbBygiRCqes7,70.094441,72.464386,75.977703,0,2591700,81.410962,Interactive,4,7.0
9000,ZXGOZbIjK5v+i0EEHS1SywZP4yiFZ8ZKmsXeJkkPrReMvTBGQ4dNJbBygiRCqes7,72.44704899999999,74.377134,77.425318,0,2591700,81.410962,Interactive,4,7.0
9300,ZXGOZbIjK5v+i0EEHS1SywZP4yiFZ8ZKmsXeJkkPrReMvTBGQ4dNJbBygiRCqes7,71.447554,75.756164,81.836949,0,2591700,81.410962,Interactive,4,7.0
9600,ZXGOZbIjK5v+i0EEHS1SywZP4yiFZ8ZKmsXeJkkPrReMvTBGQ4dNJbBygiRCqes7,71.790244,74.127988,78.508449,0,2591700,81.410962,Interactive,4,7.0
9900,ZXGOZbIjK5v+i0EEHS1SywZP4yiFZ8ZKmsXeJkkPrReMvTBGQ4dNJbBygiRCqes7,71.37575799999999,74.371492,78.140395,0,2591700,81.410962,Interactive,4,7.0
10200,ZXGOZbIjK5v+i0EEHS1SywZP4yiFZ8ZKmsXeJkkPrReMvTBGQ4dNJbBygiRCqes7,71.899687,73.9771,76.858333,0,2591700,81.410962,Interactive,4,7.0
10500,ZXGOZbIjK5v+i0EEHS1SywZP4yiFZ8ZKmsXeJkkPrReMvTBGQ4dNJbBygiRCqes7,71.358298,75.982251,80.659471,0,2591700,81.410962,Interactive,4,7.0
10800,ZXGOZbIjK5v+i0EEHS1SywZP4yiFZ8ZKmsXeJkkPrReMvTBGQ4dNJbBygiRCqes7,73.809389,76.524969,79.29771600000001,0,2591700,81.410962,Interactive,4,7.0
11100,ZXGOZbIjK5v+i0EEHS1SywZP4yiFZ8ZKmsXeJkkPrReMvTBGQ4dNJbBygiRCqes7,71.820898,75.804615,79.529365,0,2591700,81.410962,Interactive,4,7.0
11400,ZXGOZbIjK5v+i0EEHS1SywZP4yiFZ8ZKmsXeJkkPrReMvTBGQ4dNJbBygiRCqes7,72.79751,75.697363,79.669473,0,2591700,81.410962,Interactive,4,7.0
11700,ZXGOZbIjK5v+i0EEHS1SywZP4yiFZ8ZKmsXeJkkPrReMvTBGQ4dNJbBygiRCqes7,73.508418,75.91584300000001,79.953519,0,2591700,81.410962,Interactive,4,7.0
12000,ZXGOZbIjK5v+i0EEHS1SywZP4yiFZ8ZKmsXeJkkPrReMvTBGQ4dNJbBygiRCqes7,73.51446899999999,75.565278,78.938346,0,2591700,81.410962,Interactive,4,7.0
12300,ZXGOZbIjK5v+i0EEHS1SywZP4yiFZ8ZKmsXeJkkPrReMvTBGQ4dNJbBygiRCqes7,68.10876999999999,72.346584,75.62187800000001,0,2591700,81.410962,Interactive,4,7.0
12600,ZXGOZbIjK5v+i0EEHS1SywZP4yiFZ8ZKmsXeJkkPrReMvTBGQ4dNJbBygiRCqes7,69.192371,74.12827,76.75231,0,2591700,81.410962,Interactive,4,7.0
12900,ZXGOZbIjK5v+i0EEHS1SywZP4yiFZ8ZKmsXeJkkPrReMvTBGQ4dNJbBygiRCqes7,68.04533,72.646941,76.608716,0,2591700,81.410962,Interactive,4,7.0
13200,ZXGOZbIjK5v+i0EEHS1SywZP4yiFZ8ZKmsXeJkkPrReMvTBGQ4dNJbBygiRCqes7,72.375701,75.450488,95.424868,0,2591700,81.410962,Interactive,4,7.0
13500,ZXGOZbIjK5v+i0EEHS1SywZP4yiFZ8ZKmsXeJkkPrReMvTBGQ4dNJbBygiRCqes7,70.618972,74.53587900000001,78.874583,0,2591700,81.410962,Interactive,4,7.0
13800,ZXGOZbIjK5v+i0EEHS1SywZP4yiFZ8ZKmsXeJkkPrReMvTBGQ4dNJbBygiRCqes7,74.06839699999999,76.996262,80.178212,0,2591700,81.410962,Interactive,4,7.0
14100,ZXGOZbIjK5v+i0EEHS1SywZP4yiFZ8ZKmsXeJkkPrReMvTBGQ4dNJbBygiRCqes7,71.119496,74.689521,77.850617,0,2591700,81.410962,Interactive,4,7.0
14400,ZXGOZbIjK5v+i0EEHS1SywZP4yiFZ8ZKmsXeJkkPrReMvTBGQ4dNJbBygiRCqes7,73.108099,75.249599,79.12598100000001,0,2591700,81.410962,Interactive,4,7.0
14700,ZXGOZbIjK5v+i0EEHS1SywZP4yiFZ8ZKmsXeJkkPrReMvTBGQ4dNJbBygiRCqes7,72.853836,75.483275,79.142685,0,2591700,81.410962,Interactive,4,7.0
15000,ZXGOZbIjK5v+i0EEHS1SywZP4yiFZ8ZKmsXeJkkPrReMvTBGQ4dNJbBygiRCqes7,74.910996,76.297326,78.72483199999999,0,2591700,81.410962,Interactive,4,7.0
15300,ZXGOZbIjK5v+i0EEHS1SywZP4yiFZ8ZKmsXeJkkPrReMvTBGQ4dNJbBygiRCqes7,74.797361,77.408125,81.242526,0,2591700,81.410962,Interactive,4,7.0
15600,ZXGOZbIjK5v+i0EEHS1SywZP4yiFZ8ZKmsXeJkkPrReMvTBGQ4dNJbBygiRCqes7,74.84087099999999,76.10515799999999,79.2892,0,2591700,81.410962,Interactive,4,7.0
15900,ZXGOZbIjK5v+i0EEHS1SywZP4yiFZ8ZKmsXeJkkPrReMvTBGQ4dNJbBygiRCqes7,73.57969399999999,76.52855100000001,80.766777,0,2591700,81.410962,Interactive,4,7.0
16200,ZXGOZbIjK5v+i0EEHS1SywZP4yiFZ8ZKmsXeJkkPrReMvTBGQ4dNJbBygiRCqes7,71.718491,73.92944399999999,77.016824,0,2591700,81.410962,Interactive,4,7.0
16500,ZXGOZbIjK5v+i0EEHS1SywZP4yiFZ8ZKmsXeJkkPrReMvTBGQ4dNJbBygiRCqes7,69.616785,73.560923,78.403977,0,2591700,81.410962,Interactive,4,7.0
16800,ZXGOZbIjK5v+i0EEHS1SywZP4yiFZ8ZKmsXeJkkPrReMvTBGQ4dNJbBygiRCqes7,69.820141,74.249763,77.115835,0,2591700,81.410962,Interactive,4,7.0
17100,ZXGOZbIjK5v+i0EEHS1SywZP4yiFZ8ZKmsXeJkkPrReMvTBGQ4dNJbBygiRCqes7,73.084816,75.584115,79.022899,0,2591700,81.410962,Interactive,4,7.0
17400,ZXGOZbIjK5v+i0EEHS1SywZP4yiFZ8ZKmsXeJkkPrReMvTBGQ4dNJbBygiRCqes7,72.338794,75.12373199999999,81.23366999999999,0,2591700,81.410962,Interactive,4,7.0
17700,ZXGOZbIjK5v+i0EEHS1SywZP4yiFZ8ZKmsXeJkkPrReMvTBGQ4dNJbBygiRCqes7,70.79384300000001,74.991411,79.51052800000001,0,2591700,81.410962,Interactive,4,7.0
18000,ZXGOZbIjK5v+i0EEHS1SywZP4yiFZ8ZKmsXeJkkPrReMvTBGQ4dNJbBygiRCqes7,71.68044499999999,74.46605500000001,77.804372,0,2591700,81.410962,Interactive,4,7.0
18300,ZXGOZbIjK5v+i0EEHS1SywZP4yiFZ8ZKmsXeJkkPrReMvTBGQ4dNJbBygiRCqes7,72.467159,75.457555,78.681224,0,2591700,81.410962,Interactive,4,7.0
18600,ZXGOZbIjK5v+i0EEHS1SywZP4yiFZ8ZKmsXeJkkPrReMvTBGQ4dNJbBygiRCqes7,74.481163,76.44245500000001,80.323502,0,2591700,81.410962,Interactive,4,7.0
18900,ZXGOZbIjK5v+i0EEHS1SywZP4yiFZ8ZKmsXeJkkPrReMvTBGQ4dNJbBygiRCqes7,71.080223,75.510873,80.027291,0,2591700,81.410962,Interactive,4,7.0
19200,ZXGOZbIjK5v+i0EEHS1SywZP4yiFZ8ZKmsXeJkkPrReMvTBGQ4dNJbBygiRCqes7,72.92203,76.382232,78.688285,0,2591700,81.410962,Interactive,4,7.0
19500,ZXGOZbIjK5v+i0EEHS1SywZP4yiFZ8ZKmsXeJkkPrReMvTBGQ4dNJbBygiRCqes7,74.013977,76.834384,80.887996,0,2591700,81.410962,Interactive,4,7.0
19800,ZXGOZbIjK5v+i0EEHS1SywZP4yiFZ8ZKmsXeJkkPrReMvTBGQ4dNJbBygiRCqes7,74.352404,76.471063,79.081921,0,2591700,81.410962,Interactive,4,7.0
20100,ZXGOZbIjK5v+i0EEHS1SywZP4yiFZ8ZKmsXeJkkPrReMvTBGQ4dNJbBygiRCqes7,70.53234599999999,73.598336,77.198817,0,2591700,81.410962,Interactive,4,7.0
20400,ZXGOZbIjK5v+i0EEHS1SywZP4yiFZ8ZKmsXeJkkPrReMvTBGQ4dNJbBygiRCqes7,72.303859,75.91113100000001,79.551141,0,2591700,81.410962,Interactive,4,7.0
20700,ZXGOZbIjK5v+i0EEHS1SywZP4yiFZ8ZKmsXeJkkPrReMvTBGQ4dNJbBygiRCqes7,73.66468499999999,75.852014,80.587115,0,2591700,81.410962,Interactive,4,7.0
21000,ZXGOZbIjK5v+i0EEHS1SywZP4yiFZ8ZKmsXeJkkPrReMvTBGQ4dNJbBygiRCqes7,72.181143,75.12902700000001,77.826903,0,2591700,81.410962,Interactive,4,7.0
21300,ZXGOZbIjK5v+i0EEHS1SywZP4yiFZ8ZKmsXeJkkPrReMvTBGQ4dNJbBygiRCqes7,70.366338,73.488702,78.24944599999999,0,2591700,81.410962,Interactive,4,7.0
21600,ZXGOZbIjK5v+i0EEHS1SywZP4yiFZ8ZKmsXeJkkPrReMvTBGQ4dNJbBygiRCqes7,71.614216,75.254568,79.42040899999999,0,2591700,81.410962,Interactive,4,7.0
21900,ZXGOZbIjK5v+i0EEHS1SywZP4yiFZ8ZKmsXeJkkPrReMvTBGQ4dNJbBygiRCqes7,73.094587,75.050426,78.475536,0,2591700,81.410962,Interactive,4,7.0
22200,ZXGOZbIjK5v+i0EEHS1SywZP4yiFZ8ZKmsXeJkkPrReMvTBGQ4dNJbBygiRCqes7,68.577913,73.430064,76.23916899999999,0,2591700,81.410962,Interactive,4,7.0
22500,ZXGOZbIjK5v+i0EEHS1SywZP4yiFZ8ZKmsXeJkkPrReMvTBGQ4dNJbBygiRCqes7,69.21612900000001,72.585323,76.297935,0,2591700,81.410962,Interactive,4,7.0
22800,ZXGOZbIjK5v+i0EEHS1SywZP4yiFZ8ZKmsXeJkkPrReMvTBGQ4dNJbBygiRCqes7,72.38865600000001,76.04333000000001,79.34138399999999,0,2591700,81.410962,Interactive,4,7.0
23100,ZXGOZbIjK5v+i0EEHS1SywZP4yiFZ8ZKmsXeJkkPrReMvTBGQ4dNJbBygiRCqes7,73.977299,76.116762,78.279038,0,2591700,81.410962,Interactive,4,7.0
23400,ZXGOZbIjK5v+i0EEHS1SywZP4yiFZ8ZKmsXeJkkPrReMvTBGQ4dNJbBygiRCqes7,75.355142,77.246408,79.74556199999999,0,2591700,81.410962,Interactive,4,7.0
23700,ZXGOZbIjK5v+i0EEHS1SywZP4yiFZ8ZKmsXeJkkPrReMvTBGQ4dNJbBygiRCqes7,69.420449,72.901663,77.67995,0,2591700,81.410962,Interactive,4,7.0
24000,ZXGOZbIjK5v+i0EEHS1SywZP4yiFZ8ZKmsXeJkkPrReMvTBGQ4dNJbBygiRCqes7,72.171054,75.734095,79.431212,0,2591700,81.410962,Interactive,4,7.0
24300,ZXGOZbIjK5v+i0EEHS1SywZP4yiFZ8ZKmsXeJkkPrReMvTBGQ4dNJbBygiRCqes7,72.025253,74.36901800000001,77.47555600000001,0,2591700,81.410962,Interactive,4,7.0
24600,ZXGOZbIjK5v+i0EEHS1SywZP4yiFZ8ZKmsXeJkkPrReMvTBGQ4dNJbBygiRCqes7,73.245494,75.712795,78.314803,0,2591700,81.410962,Interactive,4,7.0
24900,ZXGOZbIjK5v+i0EEHS1SywZP4yiFZ8ZKmsXeJkkPrReMvTBGQ4dNJbBygiRCqes7,71.523676,73.57615600000001,77.251214,0,2591700,81.410962,Interactive,4,7.0
25200,ZXGOZbIjK5v+i0EEHS1SywZP4yiFZ8ZKmsXeJkkPrReMvTBGQ4dNJbBygiRCqes7,71.572775,74.923498,77.246158,0,2591700,81.410962,Interactive,4,7.0
25500,ZXGOZbIjK5v+i0EEHS1SywZP4yiFZ8ZKmsXeJkkPrReMvTBGQ4dNJbBygiRCqes7,72.397675,74.922435,77.602094,0,2591700,81.410962,Interactive,4,7.0
25800,ZXGOZbIjK5v+i0EEHS1SywZP4yiFZ8ZKmsXeJkkPrReMvTBGQ4dNJbBygiRCqes7,74.03624599999999,75.97820300000001,78.649843,0,2591700,81.410962,Interactive,4,7.0
26100,ZXGOZbIjK5v+i0EEHS1SywZP4yiFZ8ZKmsXeJkkPrReMvTBGQ4dNJbBygiRCqes7,68.93983,72.7605,77.273136,0,2591700,81.410962,Interactive,4,7.0
26400,ZXGOZbIjK5v+i0EEHS1SywZP4yiFZ8ZKmsXeJkkPrReMvTBGQ4dNJbBygiRCqes7,71.38453299999999,73.655947,75.97674,0,2591700,81.410962,Interactive,4,7.0
26700,ZXGOZbIjK5v+i0EEHS1SywZP4yiFZ8ZKmsXeJkkPrReMvTBGQ4dNJbBygiRCqes7,70.40528,73.10521999999999,76.282729,0,2591700,81.410962,Interactive,4,7.0
27000,ZXGOZbIjK5v+i0EEHS1SywZP4yiFZ8ZKmsXeJkkPrReMvTBGQ4dNJbBygiRCqes7,70.804755,73.776347,76.723876,0,2591700,81.410962,Interactive,4,7.0
27300,ZXGOZbIjK5v+i0EEHS1SywZP4yiFZ8ZKmsXeJkkPrReMvTBGQ4dNJbBygiRCqes7,66.481397,71.003215,76.690986,0,2591700,81.410962,Interactive,4,7.0
27600,ZXGOZbIjK5v+i0EEHS1SywZP4yiFZ8ZKmsXeJkkPrReMvTBGQ4dNJbBygiRCqes7,65.530365,71.741249,76.100645,0,2591700,81.410962,Interactive,4,7.0
27900,ZXGOZbIjK5v+i0EEHS1SywZP4yiFZ8ZKmsXeJkkPrReMvTBGQ4dNJbBygiRCqes7,68.850038,74.549072,77.89059,0,2591700,81.410962,Interactive,4,7.0
28200,ZXGOZbIjK5v+i0EEHS1SywZP4yiFZ8ZKmsXeJkkPrReMvTBGQ4dNJbBygiRCqes7,73.397448,76.567203,78.897941,0,2591700,81.410962,Interactive,4,7.0
28500,ZXGOZbIjK5v+i0EEHS1SywZP4yiFZ8ZKmsXeJkkPrReMvTBGQ4dNJbBygiRCqes7,70.888625,74.782273,80.350312,0,2591700,81.410962,Interactive,4,7.0
28800,ZXGOZbIjK5v+i0EEHS1SywZP4yiFZ8ZKmsXeJkkPrReMvTBGQ4dNJbBygiRCqes7,70.797301,75.661248,78.4942,0,2591700,81.410962,Interactive,4,7.0
29100,ZXGOZbIjK5v+i0EEHS1SywZP4yiFZ8ZKmsXeJkkPrReMvTBGQ4dNJbBygiRCqes7,73.220506,76.31141,79.57809499999999,0,2591700,81.410962,Interactive,4,7.0
29400,ZXGOZbIjK5v+i0EEHS1SywZP4yiFZ8ZKmsXeJkkPrReMvTBGQ4dNJbBygiRCqes7,74.48232800000001,76.82136,79.59004399999999,0,2591700,81.410962,Interactive,4,7.0
29700,ZXGOZbIjK5v+i0EEHS1SywZP4yiFZ8ZKmsXeJkkPrReMvTBGQ4dNJbBygiRCqes7,74.038542,76.364037,80.218393,0,2591700,81.410962,Interactive,4,7.0
30000,ZXGOZbIjK5v+i0EEHS1SywZP4yiFZ8ZKmsXeJkkPrReMvTBGQ4dNJbBygiRCqes7,74.83035,76.275304,79.086931,0,2591700,81.410962,Interactive,4,7.0
30300,ZXGOZbIjK5v+i0EEHS1SywZP4yiFZ8ZKmsXeJkkPrReMvTBGQ4dNJbBygiRCqes7,73.655618,76.51731099999999,80.310144,0,2591700,81.410962,Interactive,4,7.0
30600,ZXGOZbIjK5v+i0EEHS1SywZP4yiFZ8ZKmsXeJkkPrReMvTBGQ4dNJbBygiRCqes7,74.483456,76.948479,79.417227,0,2591700,81.410962,Interactive,4,7.0
30900,ZXGOZbIjK5v+i0EEHS1SywZP4yiFZ8ZKmsXeJkkPrReMvTBGQ4dNJbBygiRCqes7,73.562314,77.01961899999999,80.015171,0,2591700,81.410962,Interactive,4,7.0
31200,ZXGOZbIjK5v+i0EEHS1SywZP4yiFZ8ZKmsXeJkkPrReMvTBGQ4dNJbBygiRCqes7,75.533671,77.427347,80.529602,0,2591700,81.410962,Interactive,4,7.0
31500,ZXGOZbIjK5v+i0EEHS1SywZP4yiFZ8ZKmsXeJkkPrReMvTBGQ4dNJbBygiRCqes7,73.115984,75.42161800000001,78.419158,0,2591700,81.410962,Interactive,4,7.0
31800,ZXGOZbIjK5v+i0EEHS1SywZP4yiFZ8ZKmsXeJkkPrReMvTBGQ4dNJbBygiRCqes7,74.26069100000001,76.33398000000001,79.080141,0,2591700,81.410962,Interactive,4,7.0
32100,ZXGOZbIjK5v+i0EEHS1SywZP4yiFZ8ZKmsXeJkkPrReMvTBGQ4dNJbBygiRCqes7,72.746124,76.503282,79.564987,0,2591700,81.410962,Interactive,4,7.0
32400,ZXGOZbIjK5v+i0EEHS1SywZP4yiFZ8ZKmsXeJkkPrReMvTBGQ4dNJbBygiRCqes7,73.867773,76.514234,79.991775,0,2591700,81.410962,Interactive,4,7.0
32700,ZXGOZbIjK5v+i0EEHS1SywZP4yiFZ8ZKmsXeJkkPrReMvTBGQ4dNJbBygiRCqes7,71.683337,76.629577,79.31136,0,2591700,81.410962,Interactive,4,7.0
33000,ZXGOZbIjK5v+i0EEHS1SywZP4yiFZ8ZKmsXeJkkPrReMvTBGQ4dNJbBygiRCqes7,74.990762,78.036752,81.80144200000001,0,2591700,81.410962,Interactive,4,7.0
33300,ZXGOZbIjK5v+i0EEHS1SywZP4yiFZ8ZKmsXeJkkPrReMvTBGQ4dNJbBygiRCqes7,74.87139499999999,77.083889,80.276005,0,2591700,81.410962,Interactive,4,7.0
33600,ZXGOZbIjK5v+i0EEHS1SywZP4yiFZ8ZKmsXeJkkPrReMvTBGQ4dNJbBygiRCqes7,74.128191,76.768064,79.842812,0,2591700,81.410962,Interactive,4,7.0
33900,ZXGOZbIjK5v+i0EEHS1SywZP4yiFZ8ZKmsXeJkkPrReMvTBGQ4dNJbBygiRCqes7,72.78048000000001,75.93576999999999,79.736581,0,2591700,81.410962,Interactive,4,7.0
34200,ZXGOZbIjK5v+i0EEHS1SywZP4yiFZ8ZKmsXeJkkPrReMvTBGQ4dNJbBygiRCqes7,73.200912,75.988772,79.56794000000001,0,2591700,81.410962,Interactive,4,7.0
34500,ZXGOZbIjK5v+i0EEHS1SywZP4yiFZ8ZKmsXeJkkPrReMvTBGQ4dNJbBygiRCqes7,74.54735699999999,76.99860699999999,79.927077,0,2591700,81.410962,Interactive,4,7.0
34800,ZXGOZbIjK5v+i0EEHS1SywZP4yiFZ8ZKmsXeJkkPrReMvTBGQ4dNJbBygiRCqes7,73.60033100000001,76.064789,80.061064,0,2591700,81.410962,Interactive,4,7.0
35100,ZXGOZbIjK5v+i0EEHS1SywZP4yiFZ8ZKmsXeJkkPrReMvTBGQ4dNJbBygiRCqes7,73.876421,76.14131,79.914574,0,2591700,81.410962,Interactive,4,7.0
35400,ZXGOZbIjK5v+i0EEHS1SywZP4yiFZ8ZKmsXeJkkPrReMvTBGQ4dNJbBygiRCqes7,72.800472,75.742758,78.21576400000001,0,2591700,81.410962,Interactive,4,7.0
35700,ZXGOZbIjK5v+i0EEHS1SywZP4yiFZ8ZKmsXeJkkPrReMvTBGQ4dNJbBygiRCqes7,71.482377,75.268204,78.92434300000001,0,2591700,81.410962,Interactive,4,7.0
36000,ZXGOZbIjK5v+i0EEHS1SywZP4yiFZ8ZKmsXeJkkPrReMvTBGQ4dNJbBygiRCqes7,71.79986600000001,74.872984,78.025159,0,2591700,81.410962,Interactive,4,7.0
36300,ZXGOZbIjK5v+i0EEHS1SywZP4yiFZ8ZKmsXeJkkPrReMvTBGQ4dNJbBygiRCqes7,72.52081,74.92727099999999,77.657011,0,2591700,81.410962,Interactive,4,7.0
36600,ZXGOZbIjK5v+i0EEHS1SywZP4yiFZ8ZKmsXeJkkPrReMvTBGQ4dNJbBygiRCqes7,70.227448,73.04704,77.195524,0,2591700,81.410962,Interactive,4,7.0
36900,ZXGOZbIjK5v+i0EEHS1SywZP4yiFZ8ZKmsXeJkkPrReMvTBGQ4dNJbBygiRCqes7,74.29154,77.663712,80.190919,0,2591700,81.410962,Interactive,4,7.0
37200,ZXGOZbIjK5v+i0EEHS1SywZP4yiFZ8ZKmsXeJkkPrReMvTBGQ4dNJbBygiRCqes7,75.60346,77.367696,80.85198100000001,0,2591700,81.410962,Interactive,4,7.0
37500,ZXGOZbIjK5v+i0EEHS1SywZP4yiFZ8ZKmsXeJkkPrReMvTBGQ4dNJbBygiRCqes7,73.00575,76.70985999999999,79.927498,0,2591700,81.410962,Interactive,4,7.0
37800,ZXGOZbIjK5v+i0EEHS1SywZP4yiFZ8ZKmsXeJkkPrReMvTBGQ4dNJbBygiRCqes7,72.580598,76.447486,78.767201,0,2591700,81.410962,Interactive,4,7.0
38100,ZXGOZbIjK5v+i0EEHS1SywZP4yiFZ8ZKmsXeJkkPrReMvTBGQ4dNJbBygiRCqes7,75.099118,77.607271,80.40002199999999,0,2591700,81.410962,Interactive,4,7.0
38400,ZXGOZbIjK5v+i0EEHS1SywZP4yiFZ8ZKmsXeJkkPrReMvTBGQ4dNJbBygiRCqes7,74.756686,77.174598,80.296198,0,2591700,81.410962,Interactive,4,7.0
38700,ZXGOZbIjK5v+i0EEHS1SywZP4yiFZ8ZKmsXeJkkPrReMvTBGQ4dNJbBygiRCqes7,73.409993,76.453288,79.620769,0,2591700,81.410962,Interactive,4,7.0
39000,ZXGOZbIjK5v+i0EEHS1SywZP4yiFZ8ZKmsXeJkkPrReMvTBGQ4dNJbBygiRCqes7,73.783123,75.892566,78.70631800000001,0,2591700,81.410962,Interactive,4,7.0
39300,ZXGOZbIjK5v+i0EEHS1SywZP4yiFZ8ZKmsXeJkkPrReMvTBGQ4dNJbBygiRCqes7,75.132832,76.704832,78.504038,0,2591700,81.410962,Interactive,4,7.0
39600,ZXGOZbIjK5v+i0EEHS1SywZP4yiFZ8ZKmsXeJkkPrReMvTBGQ4dNJbBygiRCqes7,74.001733,76.302594,79.19500500000001,0,2591700,81.410962,Interactive,4,7.0
39900,ZXGOZbIjK5v+i0EEHS1SywZP4yiFZ8ZKmsXeJkkPrReMvTBGQ4dNJbBygiRCqes7,72.553662,75.019421,79.40439599999999,0,2591700,81.410962,Interactive,4,7.0
40200,ZXGOZbIjK5v+i0EEHS1SywZP4yiFZ8ZKmsXeJkkPrReMvTBGQ4dNJbBygiRCqes7,70.668304,74.76825699999999,81.131187,0,2591700,81.410962,Interactive,4,7.0
40500,ZXGOZbIjK5v+i0EEHS1SywZP4yiFZ8ZKmsXeJkkPrReMvTBGQ4dNJbBygiRCqes7,72.141704,74.739637,78.958844,0,2591700,81.410962,Interactive,4,7.0
40800,ZXGOZbIjK5v+i0EEHS1SywZP4yiFZ8ZKmsXeJkkPrReMvTBGQ4dNJbBygiRCqes7,73.837711,76.039376,80.26658499999999,0,2591700,81.410962,Interactive,4,7.0
41100,ZXGOZbIjK5v+i0EEHS1SywZP4yiFZ8ZKmsXeJkkPrReMvTBGQ4dNJbBygiRCqes7,72.993977,75.670549,80.529609,0,2591700,81.410962,Interactive,4,7.0
41400,ZXGOZbIjK5v+i0EEHS1SywZP4yiFZ8ZKmsXeJkkPrReMvTBGQ4dNJbBygiRCqes7,74.838711,77.576723,80.570013,0,2591700,81.410962,Interactive,4,7.0
41700,ZXGOZbIjK5v+i0EEHS1SywZP4yiFZ8ZKmsXeJkkPrReMvTBGQ4dNJbBygiRCqes7,74.02371,76.487425,79.57375,0,2591700,81.410962,Interactive,4,7.0
42000,ZXGOZbIjK5v+i0EEHS1SywZP4yiFZ8ZKmsXeJkkPrReMvTBGQ4dNJbBygiRCqes7,75.12512,78.10386,82.237279,0,2591700,81.410962,Interactive,4,7.0
42300,ZXGOZbIjK5v+i0EEHS1SywZP4yiFZ8ZKmsXeJkkPrReMvTBGQ4dNJbBygiRCqes7,72.712067,76.421366,78.972099,0,2591700,81.410962,Interactive,4,7.0
42600,ZXGOZbIjK5v+i0EEHS1SywZP4yiFZ8ZKmsXeJkkPrReMvTBGQ4dNJbBygiRCqes7,74.757785,77.188852,79.355436,0,2591700,81.410962,Interactive,4,7.0
42900,ZXGOZbIjK5v+i0EEHS1SywZP4yiFZ8ZKmsXeJkkPrReMvTBGQ4dNJbBygiRCqes7,71.787806,75.03296800000001,78.161102,0,2591700,81.410962,Interactive,4,7.0
43200,ZXGOZbIjK5v+i0EEHS1SywZP4yiFZ8ZKmsXeJkkPrReMvTBGQ4dNJbBygiRCqes7,74.430275,77.123735,79.784646,0,2591700,81.410962,Interactive,4,7.0
43500,ZXGOZbIjK5v+i0EEHS1SywZP4yiFZ8ZKmsXeJkkPrReMvTBGQ4dNJbBygiRCqes7,72.756476,76.32640699999999,79.93102900000001,0,2591700,81.410962,Interactive,4,7.0
43800,ZXGOZbIjK5v+i0EEHS1SywZP4yiFZ8ZKmsXeJkkPrReMvTBGQ4dNJbBygiRCqes7,74.130418,77.138013,80.566761,0,2591700,81.410962,Interactive,4,7.0
44100,ZXGOZbIjK5v+i0EEHS1SywZP4yiFZ8ZKmsXeJkkPrReMvTBGQ4dNJbBygiRCqes7,71.781302,74.443299,78.323739,0,2591700,81.410962,Interactive,4,7.0
44400,ZXGOZbIjK5v+i0EEHS1SywZP4yiFZ8ZKmsXeJkkPrReMvTBGQ4dNJbBygiRCqes7,72.104782,77.305261,82.124534,0,2591700,81.410962,Interactive,4,7.0
44700,ZXGOZbIjK5v+i0EEHS1SywZP4yiFZ8ZKmsXeJkkPrReMvTBGQ4dNJbBygiRCqes7,74.346174,77.44841,80.459846,0,2591700,81.410962,Interactive,4,7.0
45000,ZXGOZbIjK5v+i0EEHS1SywZP4yiFZ8ZKmsXeJkkPrReMvTBGQ4dNJbBygiRCqes7,74.311777,77.803605,80.749473,0,2591700,81.410962,Interactive,4,7.0
45300,ZXGOZbIjK5v+i0EEHS1SywZP4yiFZ8ZKmsXeJkkPrReMvTBGQ4dNJbBygiRCqes7,71.622694,75.134849,80.193014,0,2591700,81.410962,Interactive,4,7.0
45600,ZXGOZbIjK5v+i0EEHS1SywZP4yiFZ8ZKmsXeJkkPrReMvTBGQ4dNJbBygiRCqes7,71.116241,76.86401500000001,79.963201,0,2591700,81.410962,Interactive,4,7.0
45900,ZXGOZbIjK5v+i0EEHS1SywZP4yiFZ8ZKmsXeJkkPrReMvTBGQ4dNJbBygiRCqes7,73.923265,76.87573499999999,80.052462,0,2591700,81.410962,Interactive,4,7.0
46200,ZXGOZbIjK5v+i0EEHS1SywZP4yiFZ8ZKmsXeJkkPrReMvTBGQ4dNJbBygiRCqes7,75.27369499999999,77.061729,80.05080600000001,0,2591700,81.410962,Interactive,4,7.0
46500,ZXGOZbIjK5v+i0EEHS1SywZP4yiFZ8ZKmsXeJkkPrReMvTBGQ4dNJbBygiRCqes7,71.71432800000001,75.473043,79.68979499999999,0,2591700,81.410962,Interactive,4,7.0
46800,ZXGOZbIjK5v+i0EEHS1SywZP4yiFZ8ZKmsXeJkkPrReMvTBGQ4dNJbBygiRCqes7,72.391533,75.238106,78.35159499999999,0,2591700,81.410962,Interactive,4,7.0
47100,ZXGOZbIjK5v+i0EEHS1SywZP4yiFZ8ZKmsXeJkkPrReMvTBGQ4dNJbBygiRCqes7,73.682925,77.171863,81.289098,0,2591700,81.410962,Interactive,4,7.0
47400,ZXGOZbIjK5v+i0EEHS1SywZP4yiFZ8ZKmsXeJkkPrReMvTBGQ4dNJbBygiRCqes7,74.397863,76.920461,79.842522,0,2591700,81.410962,Interactive,4,7.0
47700,ZXGOZbIjK5v+i0EEHS1SywZP4yiFZ8ZKmsXeJkkPrReMvTBGQ4dNJbBygiRCqes7,74.857522,77.407562,82.691047,0,2591700,81.410962,Interactive,4,7.0
48000,ZXGOZbIjK5v+i0EEHS1SywZP4yiFZ8ZKmsXeJkkPrReMvTBGQ4dNJbBygiRCqes7,72.384653,74.78632900000001,77.492733,0,2591700,81.410962,Interactive,4,7.0
48300,ZXGOZbIjK5v+i0EEHS1SywZP4yiFZ8ZKmsXeJkkPrReMvTBGQ4dNJbBygiRCqes7,71.64072900000001,75.485816,78.512381,0,2591700,81.410962,Interactive,4,7.0
48600,ZXGOZbIjK5v+i0EEHS1SywZP4yiFZ8ZKmsXeJkkPrReMvTBGQ4dNJbBygiRCqes7,74.606408,76.900036,79.56683199999999,0,2591700,81.410962,Interactive,4,7.0
48900,ZXGOZbIjK5v+i0EEHS1SywZP4yiFZ8ZKmsXeJkkPrReMvTBGQ4dNJbBygiRCqes7,71.839712,77.09348,83.274345,0,2591700,81.410962,Interactive,4,7.0
49200,ZXGOZbIjK5v+i0EEHS1SywZP4yiFZ8ZKmsXeJkkPrReMvTBGQ4dNJbBygiRCqes7,72.780518,75.891544,78.344238,0,2591700,81.410962,Interactive,4,7.0
49500,ZXGOZbIjK5v+i0EEHS1SywZP4yiFZ8ZKmsXeJkkPrReMvTBGQ4dNJbBygiRCqes7,73.81749599999999,77.379599,81.204061,0,2591700,81.410962,Interactive,4,7.0
49800,ZXGOZbIjK5v+i0EEHS1SywZP4yiFZ8ZKmsXeJkkPrReMvTBGQ4dNJbBygiRCqes7,72.730303,75.385272,79.65456,0,2591700,81.410962,Interactive,4,7.0
50100,ZXGOZbIjK5v+i0EEHS1SywZP4yiFZ8ZKmsXeJkkPrReMvTBGQ4dNJbBygiRCqes7,70.598239,74.468402,79.216109,0,2591700,81.410962,Interactive,4,7.0
50400,ZXGOZbIjK5v+i0EEHS1SywZP4yiFZ8ZKmsXeJkkPrReMvTBGQ4dNJbBygiRCqes7,70.609112,75.882255,79.453992,0,2591700,81.410962,Interactive,4,7.0
50700,ZXGOZbIjK5v+i0EEHS1SywZP4yiFZ8ZKmsXeJkkPrReMvTBGQ4dNJbBygiRCqes7,74.83426999999999,77.565206,81.951824,0,2591700,81.410962,Interactive,4,7.0
51000,ZXGOZbIjK5v+i0EEHS1SywZP4yiFZ8ZKmsXeJkkPrReMvTBGQ4dNJbBygiRCqes7,75.114451,77.01879100000001,79.719687,0,2591700,81.410962,Interactive,4,7.0
51300,ZXGOZbIjK5v+i0EEHS1SywZP4yiFZ8ZKmsXeJkkPrReMvTBGQ4dNJbBygiRCqes7,72.493611,75.634956,79.07871899999999,0,2591700,81.410962,Interactive,4,7.0
51600,ZXGOZbIjK5v+i0EEHS1SywZP4yiFZ8ZKmsXeJkkPrReMvTBGQ4dNJbBygiRCqes7,76.010436,77.883271,80.665548,0,2591700,81.410962,Interactive,4,7.0
51900,ZXGOZbIjK5v+i0EEHS1SywZP4yiFZ8ZKmsXeJkkPrReMvTBGQ4dNJbBygiRCqes7,73.771125,76.964832,80.513594,0,2591700,81.410962,Interactive,4,7.0
52200,ZXGOZbIjK5v+i0EEHS1SywZP4yiFZ8ZKmsXeJkkPrReMvTBGQ4dNJbBygiRCqes7,74.165215,77.28951500000001,81.21257299999999,0,2591700,81.410962,Interactive,4,7.0
52500,ZXGOZbIjK5v+i0EEHS1SywZP4yiFZ8ZKmsXeJkkPrReMvTBGQ4dNJbBygiRCqes7,71.812157,75.137648,79.514844,0,2591700,81.410962,Interactive,4,7.0
52800,ZXGOZbIjK5v+i0EEHS1SywZP4yiFZ8ZKmsXeJkkPrReMvTBGQ4dNJbBygiRCqes7,74.490077,77.51651600000001,81.216224,0,2591700,81.410962,Interactive,4,7.0
53100,ZXGOZbIjK5v+i0EEHS1SywZP4yiFZ8ZKmsXeJkkPrReMvTBGQ4dNJbBygiRCqes7,72.16667199999999,76.843357,80.823617,0,2591700,81.410962,Interactive,4,7.0
53400,ZXGOZbIjK5v+i0EEHS1SywZP4yiFZ8ZKmsXeJkkPrReMvTBGQ4dNJbBygiRCqes7,74.83447199999999,77.59254399999999,80.36326600000001,0,2591700,81.410962,Interactive,4,7.0
53700,ZXGOZbIjK5v+i0EEHS1SywZP4yiFZ8ZKmsXeJkkPrReMvTBGQ4dNJbBygiRCqes7,67.062113,74.061999,79.49850500000001,0,2591700,81.410962,Interactive,4,7.0
54000,ZXGOZbIjK5v+i0EEHS1SywZP4yiFZ8ZKmsXeJkkPrReMvTBGQ4dNJbBygiRCqes7,68.939476,75.17159000000001,79.246802,0,2591700,81.410962,Interactive,4,7.0
54300,ZXGOZbIjK5v+i0EEHS1SywZP4yiFZ8ZKmsXeJkkPrReMvTBGQ4dNJbBygiRCqes7,71.22341,75.290525,79.355143,0,2591700,81.410962,Interactive,4,7.0
54600,ZXGOZbIjK5v+i0EEHS1SywZP4yiFZ8ZKmsXeJkkPrReMvTBGQ4dNJbBygiRCqes7,71.972391,77.74128,80.808818,0,2591700,81.410962,Interactive,4,7.0
54900,ZXGOZbIjK5v+i0EEHS1SywZP4yiFZ8ZKmsXeJkkPrReMvTBGQ4dNJbBygiRCqes7,71.863835,75.230919,80.071285,0,2591700,81.410962,Interactive,4,7.0
55200,ZXGOZbIjK5v+i0EEHS1SywZP4yiFZ8ZKmsXeJkkPrReMvTBGQ4dNJbBygiRCqes7,73.186666,77.590135,82.720453,0,2591700,81.410962,Interactive,4,7.0
55500,ZXGOZbIjK5v+i0EEHS1SywZP4yiFZ8ZKmsXeJkkPrReMvTBGQ4dNJbBygiRCqes7,75.128817,77.251902,80.107476,0,2591700,81.410962,Interactive,4,7.0
55800,ZXGOZbIjK5v+i0EEHS1SywZP4yiFZ8ZKmsXeJkkPrReMvTBGQ4dNJbBygiRCqes7,74.3383,77.297989,80.704196,0,2591700,81.410962,Interactive,4,7.0
56100,ZXGOZbIjK5v+i0EEHS1SywZP4yiFZ8ZKmsXeJkkPrReMvTBGQ4dNJbBygiRCqes7,72.348973,75.86041800000001,79.15787900000001,0,2591700,81.410962,Interactive,4,7.0
56400,ZXGOZbIjK5v+i0EEHS1SywZP4yiFZ8ZKmsXeJkkPrReMvTBGQ4dNJbBygiRCqes7,73.717805,76.527648,79.532596,0,2591700,81.410962,Interactive,4,7.0
56700,ZXGOZbIjK5v+i0EEHS1SywZP4yiFZ8ZKmsXeJkkPrReMvTBGQ4dNJbBygiRCqes7,73.208516,76.326263,80.575151,0,2591700,81.410962,Interactive,4,7.0
57000,ZXGOZbIjK5v+i0EEHS1SywZP4yiFZ8ZKmsXeJkkPrReMvTBGQ4dNJbBygiRCqes7,75.23732199999999,77.353452,80.537465,0,2591700,81.410962,Interactive,4,7.0
57300,ZXGOZbIjK5v+i0EEHS1SywZP4yiFZ8ZKmsXeJkkPrReMvTBGQ4dNJbBygiRCqes7,74.460695,76.63245,80.513049,0,2591700,81.410962,Interactive,4,7.0
57600,ZXGOZbIjK5v+i0EEHS1SywZP4yiFZ8ZKmsXeJkkPrReMvTBGQ4dNJbBygiRCqes7,72.323107,74.988385,78.386225,0,2591700,81.410962,Interactive,4,7.0
57900,ZXGOZbIjK5v+i0EEHS1SywZP4yiFZ8ZKmsXeJkkPrReMvTBGQ4dNJbBygiRCqes7,70.732439,74.252811,77.574855,0,2591700,81.410962,Interactive,4,7.0
58200,ZXGOZbIjK5v+i0EEHS1SywZP4yiFZ8ZKmsXeJkkPrReMvTBGQ4dNJbBygiRCqes7,72.544551,76.283484,79.94255600000001,0,2591700,81.410962,Interactive,4,7.0
58500,ZXGOZbIjK5v+i0EEHS1SywZP4yiFZ8ZKmsXeJkkPrReMvTBGQ4dNJbBygiRCqes7,71.597503,76.353585,80.805486,0,2591700,81.410962,Interactive,4,7.0
58800,ZXGOZbIjK5v+i0EEHS1SywZP4yiFZ8ZKmsXeJkkPrReMvTBGQ4dNJbBygiRCqes7,74.42185,76.95245600000001,79.943512,0,2591700,81.410962,Interactive,4,7.0
59100,ZXGOZbIjK5v+i0EEHS1SywZP4yiFZ8ZKmsXeJkkPrReMvTBGQ4dNJbBygiRCqes7,62.211224,73.33163,78.19147,0,2591700,81.410962,Interactive,4,7.0
59400,ZXGOZbIjK5v+i0EEHS1SywZP4yiFZ8ZKmsXeJkkPrReMvTBGQ4dNJbBygiRCqes7,74.26990699999999,76.67899799999999,80.46631,0,2591700,81.410962,Interactive,4,7.0
59700,ZXGOZbIjK5v+i0EEHS1SywZP4yiFZ8ZKmsXeJkkPrReMvTBGQ4dNJbBygiRCqes7,70.266787,75.667233,79.19468499999999,0,2591700,81.410962,Interactive,4,7.0
60000,ZXGOZbIjK5v+i0EEHS1SywZP4yiFZ8ZKmsXeJkkPrReMvTBGQ4dNJbBygiRCqes7,73.593106,77.018824,81.52946800000001,0,2591700,81.410962,Interactive,4,7.0
60300,ZXGOZbIjK5v+i0EEHS1SywZP4yiFZ8ZKmsXeJkkPrReMvTBGQ4dNJbBygiRCqes7,70.27805500000001,75.262263,79.324311,0,2591700,81.410962,Interactive,4,7.0
60600,ZXGOZbIjK5v+i0EEHS1SywZP4yiFZ8ZKmsXeJkkPrReMvTBGQ4dNJbBygiRCqes7,73.666668,76.210184,79.29190600000001,0,2591700,81.410962,Interactive,4,7.0
60900,ZXGOZbIjK5v+i0EEHS1SywZP4yiFZ8ZKmsXeJkkPrReMvTBGQ4dNJbBygiRCqes7,73.507243,76.221358,79.42478,0,2591700,81.410962,Interactive,4,7.0
61200,ZXGOZbIjK5v+i0EEHS1SywZP4yiFZ8ZKmsXeJkkPrReMvTBGQ4dNJbBygiRCqes7,73.175907,77.088548,80.512601,0,2591700,81.410962,Interactive,4,7.0
61500,ZXGOZbIjK5v+i0EEHS1SywZP4yiFZ8ZKmsXeJkkPrReMvTBGQ4dNJbBygiRCqes7,73.324947,76.494423,80.957778,0,2591700,81.410962,Interactive,4,7.0
61800,ZXGOZbIjK5v+i0EEHS1SywZP4yiFZ8ZKmsXeJkkPrReMvTBGQ4dNJbBygiRCqes7,73.307237,75.88207,78.733379,0,2591700,81.410962,Interactive,4,7.0
62100,ZXGOZbIjK5v+i0EEHS1SywZP4yiFZ8ZKmsXeJkkPrReMvTBGQ4dNJbBygiRCqes7,71.66341899999999,74.916331,79.046155,0,2591700,81.410962,Interactive,4,7.0
62400,ZXGOZbIjK5v+i0EEHS1SywZP4yiFZ8ZKmsXeJkkPrReMvTBGQ4dNJbBygiRCqes7,72.254959,75.595926,78.22291899999999,0,2591700,81.410962,Interactive,4,7.0
62700,ZXGOZbIjK5v+i0EEHS1SywZP4yiFZ8ZKmsXeJkkPrReMvTBGQ4dNJbBygiRCqes7,71.065554,75.600218,80.298299,0,2591700,81.410962,Interactive,4,7.0
63000,ZXGOZbIjK5v+i0EEHS1SywZP4yiFZ8ZKmsXeJkkPrReMvTBGQ4dNJbBygiRCqes7,72.85714399999999,74.841837,77.589875,0,2591700,81.410962,Interactive,4,7.0
63300,ZXGOZbIjK5v+i0EEHS1SywZP4yiFZ8ZKmsXeJkkPrReMvTBGQ4dNJbBygiRCqes7,72.541164,75.247498,79.219879,0,2591700,81.410962,Interactive,4,7.0
63600,ZXGOZbIjK5v+i0EEHS1SywZP4yiFZ8ZKmsXeJkkPrReMvTBGQ4dNJbBygiRCqes7,74.462322,76.788857,80.20196999999999,0,2591700,81.410962,Interactive,4,7.0
63900,ZXGOZbIjK5v+i0EEHS1SywZP4yiFZ8ZKmsXeJkkPrReMvTBGQ4dNJbBygiRCqes7,72.61773199999999,75.431148,78.588924,0,2591700,81.410962,Interactive,4,7.0
64200,ZXGOZbIjK5v+i0EEHS1SywZP4yiFZ8ZKmsXeJkkPrReMvTBGQ4dNJbBygiRCqes7,73.70421,76.86549699999999,81.625842,0,2591700,81.410962,Interactive,4,7.0
64500,ZXGOZbIjK5v+i0EEHS1SywZP4yiFZ8ZKmsXeJkkPrReMvTBGQ4dNJbBygiRCqes7,68.542301,76.129281,80.80826400000001,0,2591700,81.410962,Interactive,4,7.0
64800,ZXGOZbIjK5v+i0EEHS1SywZP4yiFZ8ZKmsXeJkkPrReMvTBGQ4dNJbBygiRCqes7,74.54194,77.60969,81.487503,0,2591700,81.410962,Interactive,4,7.0
65100,ZXGOZbIjK5v+i0EEHS1SywZP4yiFZ8ZKmsXeJkkPrReMvTBGQ4dNJbBygiRCqes7,72.279179,75.586381,79.999549,0,2591700,81.410962,Interactive,4,7.0
65400,ZXGOZbIjK5v+i0EEHS1SywZP4yiFZ8ZKmsXeJkkPrReMvTBGQ4dNJbBygiRCqes7,70.882739,76.09799100000001,79.349699,0,2591700,81.410962,Interactive,4,7.0
65700,ZXGOZbIjK5v+i0EEHS1SywZP4yiFZ8ZKmsXeJkkPrReMvTBGQ4dNJbBygiRCqes7,73.004009,75.607323,79.90875799999999,0,2591700,81.410962,Interactive,4,7.0
66000,ZXGOZbIjK5v+i0EEHS1SywZP4yiFZ8ZKmsXeJkkPrReMvTBGQ4dNJbBygiRCqes7,73.537015,76.989327,80.372579,0,2591700,81.410962,Interactive,4,7.0
66300,ZXGOZbIjK5v+i0EEHS1SywZP4yiFZ8ZKmsXeJkkPrReMvTBGQ4dNJbBygiRCqes7,72.50096500000001,75.006078,77.958081,0,2591700,81.410962,Interactive,4,7.0
66600,ZXGOZbIjK5v+i0EEHS1SywZP4yiFZ8ZKmsXeJkkPrReMvTBGQ4dNJbBygiRCqes7,74.27967199999999,77.303832,80.344827,0,2591700,81.410962,Interactive,4,7.0
66900,ZXGOZbIjK5v+i0EEHS1SywZP4yiFZ8ZKmsXeJkkPrReMvTBGQ4dNJbBygiRCqes7,72.48351,75.090338,78.712639,0,2591700,81.410962,Interactive,4,7.0
67200,ZXGOZbIjK5v+i0EEHS1SywZP4yiFZ8ZKmsXeJkkPrReMvTBGQ4dNJbBygiRCqes7,73.349308,76.542878,80.20235699999999,0,2591700,81.410962,Interactive,4,7.0
67500,ZXGOZbIjK5v+i0EEHS1SywZP4yiFZ8ZKmsXeJkkPrReMvTBGQ4dNJbBygiRCqes7,73.387451,75.74286,79.334873,0,2591700,81.410962,Interactive,4,7.0
67800,ZXGOZbIjK5v+i0EEHS1SywZP4yiFZ8ZKmsXeJkkPrReMvTBGQ4dNJbBygiRCqes7,73.77544499999999,75.876485,78.51522,0,2591700,81.410962,Interactive,4,7.0
68100,ZXGOZbIjK5v+i0EEHS1SywZP4yiFZ8ZKmsXeJkkPrReMvTBGQ4dNJbBygiRCqes7,72.42450500000001,75.255604,78.108338,0,2591700,81.410962,Interactive,4,7.0
68400,ZXGOZbIjK5v+i0EEHS1SywZP4yiFZ8ZKmsXeJkkPrReMvTBGQ4dNJbBygiRCqes7,73.24642,76.01304300000001,80.613315,0,2591700,81.410962,Interactive,4,7.0
68700,ZXGOZbIjK5v+i0EEHS1SywZP4yiFZ8ZKmsXeJkkPrReMvTBGQ4dNJbBygiRCqes7,73.364674,76.189803,78.533988,0,2591700,81.410962,Interactive,4,7.0
69000,ZXGOZbIjK5v+i0EEHS1SywZP4yiFZ8ZKmsXeJkkPrReMvTBGQ4dNJbBygiRCqes7,76.36190400000001,78.336706,81.362849,0,2591700,81.410962,Interactive,4,7.0
69300,ZXGOZbIjK5v+i0EEHS1SywZP4yiFZ8ZKmsXeJkkPrReMvTBGQ4dNJbBygiRCqes7,75.047976,77.209365,79.014217,0,2591700,81.410962,Interactive,4,7.0
69600,ZXGOZbIjK5v+i0EEHS1SywZP4yiFZ8ZKmsXeJkkPrReMvTBGQ4dNJbBygiRCqes7,75.029703,76.993511,79.588561,0,2591700,81.410962,Interactive,4,7.0
69900,ZXGOZbIjK5v+i0EEHS1SywZP4yiFZ8ZKmsXeJkkPrReMvTBGQ4dNJbBygiRCqes7,72.449343,75.82013,80.610505,0,2591700,81.410962,Interactive,4,7.0
70200,ZXGOZbIjK5v+i0EEHS1SywZP4yiFZ8ZKmsXeJkkPrReMvTBGQ4dNJbBygiRCqes7,75.626479,77.295305,80.34610500000001,0,2591700,81.410962,Interactive,4,7.0
70500,ZXGOZbIjK5v+i0EEHS1SywZP4yiFZ8ZKmsXeJkkPrReMvTBGQ4dNJbBygiRCqes7,75.332504,77.951705,80.747271,0,2591700,81.410962,Interactive,4,7.0
70800,ZXGOZbIjK5v+i0EEHS1SywZP4yiFZ8ZKmsXeJkkPrReMvTBGQ4dNJbBygiRCqes7,74.25790400000001,77.475617,80.663363,0,2591700,81.410962,Interactive,4,7.0
71100,ZXGOZbIjK5v+i0EEHS1SywZP4yiFZ8ZKmsXeJkkPrReMvTBGQ4dNJbBygiRCqes7,74.823441,76.852576,79.479394,0,2591700,81.410962,Interactive,4,7.0
71400,ZXGOZbIjK5v+i0EEHS1SywZP4yiFZ8ZKmsXeJkkPrReMvTBGQ4dNJbBygiRCqes7,74.008248,77.20980899999999,80.36886,0,2591700,81.410962,Interactive,4,7.0
71700,ZXGOZbIjK5v+i0EEHS1SywZP4yiFZ8ZKmsXeJkkPrReMvTBGQ4dNJbBygiRCqes7,73.035178,76.368959,80.813131,0,2591700,81.410962,Interactive,4,7.0
72000,ZXGOZbIjK5v+i0EEHS1SywZP4yiFZ8ZKmsXeJkkPrReMvTBGQ4dNJbBygiRCqes7,74.245448,76.731195,80.073013,0,2591700,81.410962,Interactive,4,7.0
72300,ZXGOZbIjK5v+i0EEHS1SywZP4yiFZ8ZKmsXeJkkPrReMvTBGQ4dNJbBygiRCqes7,74.700737,77.094065,79.523629,0,2591700,81.410962,Interactive,4,7.0
72600,ZXGOZbIjK5v+i0EEHS1SywZP4yiFZ8ZKmsXeJkkPrReMvTBGQ4dNJbBygiRCqes7,71.971843,75.629052,79.196275,0,2591700,81.410962,Interactive,4,7.0
72900,ZXGOZbIjK5v+i0EEHS1SywZP4yiFZ8ZKmsXeJkkPrReMvTBGQ4dNJbBygiRCqes7,73.98159,76.013623,80.100482,0,2591700,81.410962,Interactive,4,7.0
73200,ZXGOZbIjK5v+i0EEHS1SywZP4yiFZ8ZKmsXeJkkPrReMvTBGQ4dNJbBygiRCqes7,71.24256899999999,74.17041,77.536728,0,2591700,81.410962,Interactive,4,7.0
73500,ZXGOZbIjK5v+i0EEHS1SywZP4yiFZ8ZKmsXeJkkPrReMvTBGQ4dNJbBygiRCqes7,69.63514,74.530152,78.607807,0,2591700,81.410962,Interactive,4,7.0
73800,ZXGOZbIjK5v+i0EEHS1SywZP4yiFZ8ZKmsXeJkkPrReMvTBGQ4dNJbBygiRCqes7,72.305861,75.083647,77.934737,0,2591700,81.410962,Interactive,4,7.0
74100,ZXGOZbIjK5v+i0EEHS1SywZP4yiFZ8ZKmsXeJkkPrReMvTBGQ4dNJbBygiRCqes7,72.476332,75.76787,79.58676899999999,0,2591700,81.410962,Interactive,4,7.0
74400,ZXGOZbIjK5v+i0EEHS1SywZP4yiFZ8ZKmsXeJkkPrReMvTBGQ4dNJbBygiRCqes7,74.940923,77.141859,80.766478,0,2591700,81.410962,Interactive,4,7.0
74700,ZXGOZbIjK5v+i0EEHS1SywZP4yiFZ8ZKmsXeJkkPrReMvTBGQ4dNJbBygiRCqes7,75.065085,77.57199200000001,81.15902700000001,0,2591700,81.410962,Interactive,4,7.0
75000,ZXGOZbIjK5v+i0EEHS1SywZP4yiFZ8ZKmsXeJkkPrReMvTBGQ4dNJbBygiRCqes7,74.87661700000001,77.237103,81.41282,0,2591700,81.410962,Interactive,4,7.0
75300,ZXGOZbIjK5v+i0EEHS1SywZP4yiFZ8ZKmsXeJkkPrReMvTBGQ4dNJbBygiRCqes7,72.802584,75.485318,78.89510899999999,0,2591700,81.410962,Interactive,4,7.0
75600,ZXGOZbIjK5v+i0EEHS1SywZP4yiFZ8ZKmsXeJkkPrReMvTBGQ4dNJbBygiRCqes7,72.26378000000001,75.101773,78.959541,0,2591700,81.410962,Interactive,4,7.0
75900,ZXGOZbIjK5v+i0EEHS1SywZP4yiFZ8ZKmsXeJkkPrReMvTBGQ4dNJbBygiRCqes7,73.599877,77.482068,81.333362,0,2591700,81.410962,Interactive,4,7.0
76200,ZXGOZbIjK5v+i0EEHS1SywZP4yiFZ8ZKmsXeJkkPrReMvTBGQ4dNJbBygiRCqes7,75.063663,77.735411,81.386898,0,2591700,81.410962,Interactive,4,7.0
76500,ZXGOZbIjK5v+i0EEHS1SywZP4yiFZ8ZKmsXeJkkPrReMvTBGQ4dNJbBygiRCqes7,72.975895,75.695361,78.86261400000001,0,2591700,81.410962,Interactive,4,7.0
76800,ZXGOZbIjK5v+i0EEHS1SywZP4yiFZ8ZKmsXeJkkPrReMvTBGQ4dNJbBygiRCqes7,73.601721,76.138336,79.017943,0,2591700,81.410962,Interactive,4,7.0
77100,ZXGOZbIjK5v+i0EEHS1SywZP4yiFZ8ZKmsXeJkkPrReMvTBGQ4dNJbBygiRCqes7,73.154831,76.56152800000001,80.915286,0,2591700,81.410962,Interactive,4,7.0
77400,ZXGOZbIjK5v+i0EEHS1SywZP4yiFZ8ZKmsXeJkkPrReMvTBGQ4dNJbBygiRCqes7,72.940286,75.954903,79.477187,0,2591700,81.410962,Interactive,4,7.0
77700,ZXGOZbIjK5v+i0EEHS1SywZP4yiFZ8ZKmsXeJkkPrReMvTBGQ4dNJbBygiRCqes7,69.52615,73.75600899999999,77.866496,0,2591700,81.410962,Interactive,4,7.0
78000,ZXGOZbIjK5v+i0EEHS1SywZP4yiFZ8ZKmsXeJkkPrReMvTBGQ4dNJbBygiRCqes7,71.90841999999999,74.555509,77.50206700000001,0,2591700,81.410962,Interactive,4,7.0
78300,ZXGOZbIjK5v+i0EEHS1SywZP4yiFZ8ZKmsXeJkkPrReMvTBGQ4dNJbBygiRCqes7,72.38027199999999,76.436275,79.52277,0,2591700,81.410962,Interactive,4,7.0
78600,ZXGOZbIjK5v+i0EEHS1SywZP4yiFZ8ZKmsXeJkkPrReMvTBGQ4dNJbBygiRCqes7,75.364591,77.77358199999999,80.85707,0,2591700,81.410962,Interactive,4,7.0
78900,ZXGOZbIjK5v+i0EEHS1SywZP4yiFZ8ZKmsXeJkkPrReMvTBGQ4dNJbBygiRCqes7,74.13391899999999,76.931158,79.718705,0,2591700,81.410962,Interactive,4,7.0
79200,ZXGOZbIjK5v+i0EEHS1SywZP4yiFZ8ZKmsXeJkkPrReMvTBGQ4dNJbBygiRCqes7,73.42602,76.757848,80.702054,0,2591700,81.410962,Interactive,4,7.0
79500,ZXGOZbIjK5v+i0EEHS1SywZP4yiFZ8ZKmsXeJkkPrReMvTBGQ4dNJbBygiRCqes7,74.262411,76.718331,80.405406,0,2591700,81.410962,Interactive,4,7.0
79800,ZXGOZbIjK5v+i0EEHS1SywZP4yiFZ8ZKmsXeJkkPrReMvTBGQ4dNJbBygiRCqes7,73.99034,76.37535600000001,79.111239,0,2591700,81.410962,Interactive,4,7.0
80100,ZXGOZbIjK5v+i0EEHS1SywZP4yiFZ8ZKmsXeJkkPrReMvTBGQ4dNJbBygiRCqes7,73.733417,76.55818000000001,79.267363,0,2591700,81.410962,Interactive,4,7.0
80400,ZXGOZbIjK5v+i0EEHS1SywZP4yiFZ8ZKmsXeJkkPrReMvTBGQ4dNJbBygiRCqes7,74.33795400000001,76.996143,80.97840500000001,0,2591700,81.410962,Interactive,4,7.0
80700,ZXGOZbIjK5v+i0EEHS1SywZP4yiFZ8ZKmsXeJkkPrReMvTBGQ4dNJbBygiRCqes7,71.89377900000001,74.576149,79.33521,0,2591700,81.410962,Interactive,4,7.0
81000,ZXGOZbIjK5v+i0EEHS1SywZP4yiFZ8ZKmsXeJkkPrReMvTBGQ4dNJbBygiRCqes7,73.600279,76.385894,80.34472,0,2591700,81.410962,Interactive,4,7.0
81300,ZXGOZbIjK5v+i0EEHS1SywZP4yiFZ8ZKmsXeJkkPrReMvTBGQ4dNJbBygiRCqes7,72.91506700000001,76.135816,78.945695,0,2591700,81.410962,Interactive,4,7.0
81600,ZXGOZbIjK5v+i0EEHS1SywZP4yiFZ8ZKmsXeJkkPrReMvTBGQ4dNJbBygiRCqes7,70.167969,76.098628,79.721517,0,2591700,81.410962,Interactive,4,7.0
81900,ZXGOZbIjK5v+i0EEHS1SywZP4yiFZ8ZKmsXeJkkPrReMvTBGQ4dNJbBygiRCqes7,72.84626999999999,75.2839,78.781453,0,2591700,81.410962,Interactive,4,7.0
82200,ZXGOZbIjK5v+i0EEHS1SywZP4yiFZ8ZKmsXeJkkPrReMvTBGQ4dNJbBygiRCqes7,72.29584799999999,76.45434,80.193351,0,2591700,81.410962,Interactive,4,7.0
82500,ZXGOZbIjK5v+i0EEHS1SywZP4yiFZ8ZKmsXeJkkPrReMvTBGQ4dNJbBygiRCqes7,73.883802,76.46776700000001,79.23100000000001,0,2591700,81.410962,Interactive,4,7.0
82800,ZXGOZbIjK5v+i0EEHS1SywZP4yiFZ8ZKmsXeJkkPrReMvTBGQ4dNJbBygiRCqes7,74.115126,77.50571500000001,82.387315,0,2591700,81.410962,Interactive,4,7.0
83100,ZXGOZbIjK5v+i0EEHS1SywZP4yiFZ8ZKmsXeJkkPrReMvTBGQ4dNJbBygiRCqes7,73.978105,77.33188299999999,79.90876300000001,0,2591700,81.410962,Interactive,4,7.0
83400,ZXGOZbIjK5v+i0EEHS1SywZP4yiFZ8ZKmsXeJkkPrReMvTBGQ4dNJbBygiRCqes7,75.561223,77.893028,81.32950100000001,0,2591700,81.410962,Interactive,4,7.0
83700,ZXGOZbIjK5v+i0EEHS1SywZP4yiFZ8ZKmsXeJkkPrReMvTBGQ4dNJbBygiRCqes7,74.876547,76.556651,79.095529,0,2591700,81.410962,Interactive,4,7.0
84000,ZXGOZbIjK5v+i0EEHS1SywZP4yiFZ8ZKmsXeJkkPrReMvTBGQ4dNJbBygiRCqes7,72.924974,76.308589,81.10094699999999,0,2591700,81.410962,Interactive,4,7.0
84300,ZXGOZbIjK5v+i0EEHS1SywZP4yiFZ8ZKmsXeJkkPrReMvTBGQ4dNJbBygiRCqes7,74.3605,77.707161,81.18946,0,2591700,81.410962,Interactive,4,7.0
84600,ZXGOZbIjK5v+i0EEHS1SywZP4yiFZ8ZKmsXeJkkPrReMvTBGQ4dNJbBygiRCqes7,75.094959,77.425045,79.624492,0,2591700,81.410962,Interactive,4,7.0
84900,ZXGOZbIjK5v+i0EEHS1SywZP4yiFZ8ZKmsXeJkkPrReMvTBGQ4dNJbBygiRCqes7,73.06201800000001,76.851334,80.706565,0,2591700,81.410962,Interactive,4,7.0
85200,ZXGOZbIjK5v+i0EEHS1SywZP4yiFZ8ZKmsXeJkkPrReMvTBGQ4dNJbBygiRCqes7,74.791676,77.154195,80.154027,0,2591700,81.410962,Interactive,4,7.0
85500,ZXGOZbIjK5v+i0EEHS1SywZP4yiFZ8ZKmsXeJkkPrReMvTBGQ4dNJbBygiRCqes7,71.45324699999999,75.566762,78.975267,0,2591700,81.410962,Interactive,4,7.0
85800,ZXGOZbIjK5v+i0EEHS1SywZP4yiFZ8ZKmsXeJkkPrReMvTBGQ4dNJbBygiRCqes7,71.83739399999999,74.714354,78.279844,0,2591700,81.410962,Interactive,4,7.0
86100,ZXGOZbIjK5v+i0EEHS1SywZP4yiFZ8ZKmsXeJkkPrReMvTBGQ4dNJbBygiRCqes7,71.471823,73.696455,77.716088,0,2591700,81.410962,Interactive,4,7.0
86400,ZXGOZbIjK5v+i0EEHS1SywZP4yiFZ8ZKmsXeJkkPrReMvTBGQ4dNJbBygiRCqes7,72.010144,76.36458,80.48974,0,2591700,81.410962,Interactive,4,7.0
86700,ZXGOZbIjK5v+i0EEHS1SywZP4yiFZ8ZKmsXeJkkPrReMvTBGQ4dNJbBygiRCqes7,72.721508,76.225679,79.719817,0,2591700,81.410962,Interactive,4,7.0
87000,ZXGOZbIjK5v+i0EEHS1SywZP4yiFZ8ZKmsXeJkkPrReMvTBGQ4dNJbBygiRCqes7,73.861696,75.763774,79.157875,0,2591700,81.410962,Interactive,4,7.0
87300,ZXGOZbIjK5v+i0EEHS1SywZP4yiFZ8ZKmsXeJkkPrReMvTBGQ4dNJbBygiRCqes7,73.025642,75.625896,79.326422,0,2591700,81.410962,Interactive,4,7.0
87600,ZXGOZbIjK5v+i0EEHS1SywZP4yiFZ8ZKmsXeJkkPrReMvTBGQ4dNJbBygiRCqes7,73.062834,76.094729,79.462125,0,2591700,81.410962,Interactive,4,7.0
87900,ZXGOZbIjK5v+i0EEHS1SywZP4yiFZ8ZKmsXeJkkPrReMvTBGQ4dNJbBygiRCqes7,71.407765,75.847719,80.53845600000001,0,2591700,81.410962,Interactive,4,7.0
88200,ZXGOZbIjK5v+i0EEHS1SywZP4yiFZ8ZKmsXeJkkPrReMvTBGQ4dNJbBygiRCqes7,73.581336,76.032962,79.020224,0,2591700,81.410962,Interactive,4,7.0
88500,ZXGOZbIjK5v+i0EEHS1SywZP4yiFZ8ZKmsXeJkkPrReMvTBGQ4dNJbBygiRCqes7,73.43641,76.086138,80.33684699999999,0,2591700,81.410962,Interactive,4,7.0
88800,ZXGOZbIjK5v+i0EEHS1SywZP4yiFZ8ZKmsXeJkkPrReMvTBGQ4dNJbBygiRCqes7,73.835528,75.852115,79.079379,0,2591700,81.410962,Interactive,4,7.0
89100,ZXGOZbIjK5v+i0EEHS1SywZP4yiFZ8ZKmsXeJkkPrReMvTBGQ4dNJbBygiRCqes7,70.465513,73.152052,77.292137,0,2591700,81.410962,Interactive,4,7.0
89400,ZXGOZbIjK5v+i0EEHS1SywZP4yiFZ8ZKmsXeJkkPrReMvTBGQ4dNJbBygiRCqes7,72.519012,76.11762900000001,80.73371,0,2591700,81.410962,Interactive,4,7.0
89700,ZXGOZbIjK5v+i0EEHS1SywZP4yiFZ8ZKmsXeJkkPrReMvTBGQ4dNJbBygiRCqes7,71.279176,74.177145,77.403037,0,2591700,81.410962,Interactive,4,7.0
90000,ZXGOZbIjK5v+i0EEHS1SywZP4yiFZ8ZKmsXeJkkPrReMvTBGQ4dNJbBygiRCqes7,72.592543,75.441872,79.541861,0,2591700,81.410962,Interactive,4,7.0
90300,ZXGOZbIjK5v+i0EEHS1SywZP4yiFZ8ZKmsXeJkkPrReMvTBGQ4dNJbBygiRCqes7,70.192605,73.071093,77.022576,0,2591700,81.410962,Interactive,4,7.0
90600,ZXGOZbIjK5v+i0EEHS1SywZP4yiFZ8ZKmsXeJkkPrReMvTBGQ4dNJbBygiRCqes7,72.220959,75.571517,78.38544,0,2591700,81.410962,Interactive,4,7.0
90900,ZXGOZbIjK5v+i0EEHS1SywZP4yiFZ8ZKmsXeJkkPrReMvTBGQ4dNJbBygiRCqes7,71.278013,74.35345500000001,77.87991099999999,0,2591700,81.410962,Interactive,4,7.0
91200,ZXGOZbIjK5v+i0EEHS1SywZP4yiFZ8ZKmsXeJkkPrReMvTBGQ4dNJbBygiRCqes7,73.84242900000001,76.507412,80.838339,0,2591700,81.410962,Interactive,4,7.0
91500,ZXGOZbIjK5v+i0EEHS1SywZP4yiFZ8ZKmsXeJkkPrReMvTBGQ4dNJbBygiRCqes7,69.552374,73.338993,77.778989,0,2591700,81.410962,Interactive,4,7.0
91800,ZXGOZbIjK5v+i0EEHS1SywZP4yiFZ8ZKmsXeJkkPrReMvTBGQ4dNJbBygiRCqes7,72.632069,75.42062,78.718058,0,2591700,81.410962,Interactive,4,7.0
92100,ZXGOZbIjK5v+i0EEHS1SywZP4yiFZ8ZKmsXeJkkPrReMvTBGQ4dNJbBygiRCqes7,72.966702,75.697813,78.456594,0,2591700,81.410962,Interactive,4,7.0
92400,ZXGOZbIjK5v+i0EEHS1SywZP4yiFZ8ZKmsXeJkkPrReMvTBGQ4dNJbBygiRCqes7,73.127115,76.385164,80.890553,0,2591700,81.410962,Interactive,4,7.0
92700,ZXGOZbIjK5v+i0EEHS1SywZP4yiFZ8ZKmsXeJkkPrReMvTBGQ4dNJbBygiRCqes7,61.061634,69.620074,75.964079,0,2591700,81.410962,Interactive,4,7.0
93000,ZXGOZbIjK5v+i0EEHS1SywZP4yiFZ8ZKmsXeJkkPrReMvTBGQ4dNJbBygiRCqes7,65.88416600000001,72.832677,77.922258,0,2591700,81.410962,Interactive,4,7.0
93300,ZXGOZbIjK5v+i0EEHS1SywZP4yiFZ8ZKmsXeJkkPrReMvTBGQ4dNJbBygiRCqes7,70.284419,74.308874,78.721806,0,2591700,81.410962,Interactive,4,7.0
93600,ZXGOZbIjK5v+i0EEHS1SywZP4yiFZ8ZKmsXeJkkPrReMvTBGQ4dNJbBygiRCqes7,72.67084,75.604857,79.61330699999999,0,2591700,81.410962,Interactive,4,7.0
93900,ZXGOZbIjK5v+i0EEHS1SywZP4yiFZ8ZKmsXeJkkPrReMvTBGQ4dNJbBygiRCqes7,69.16274,72.408551,77.142453,0,2591700,81.410962,Interactive,4,7.0
94200,ZXGOZbIjK5v+i0EEHS1SywZP4yiFZ8ZKmsXeJkkPrReMvTBGQ4dNJbBygiRCqes7,69.713541,73.643486,78.840098,0,2591700,81.410962,Interactive,4,7.0
94500,ZXGOZbIjK5v+i0EEHS1SywZP4yiFZ8ZKmsXeJkkPrReMvTBGQ4dNJbBygiRCqes7,70.006914,74.200784,78.971257,0,2591700,81.410962,Interactive,4,7.0
94800,ZXGOZbIjK5v+i0EEHS1SywZP4yiFZ8ZKmsXeJkkPrReMvTBGQ4dNJbBygiRCqes7,70.494963,74.62112900000001,78.592096,0,2591700,81.410962,Interactive,4,7.0
95100,ZXGOZbIjK5v+i0EEHS1SywZP4yiFZ8ZKmsXeJkkPrReMvTBGQ4dNJbBygiRCqes7,73.186464,75.304215,78.577219,0,2591700,81.410962,Interactive,4,7.0
95400,ZXGOZbIjK5v+i0EEHS1SywZP4yiFZ8ZKmsXeJkkPrReMvTBGQ4dNJbBygiRCqes7,72.60885400000001,74.855326,79.14886,0,2591700,81.410962,Interactive,4,7.0
95700,ZXGOZbIjK5v+i0EEHS1SywZP4yiFZ8ZKmsXeJkkPrReMvTBGQ4dNJbBygiRCqes7,73.502713,76.543313,79.546261,0,2591700,81.410962,Interactive,4,7.0
96000,ZXGOZbIjK5v+i0EEHS1SywZP4yiFZ8ZKmsXeJkkPrReMvTBGQ4dNJbBygiRCqes7,73.02816800000001,75.87054599999999,79.408732,0,2591700,81.410962,Interactive,4,7.0
96300,ZXGOZbIjK5v+i0EEHS1SywZP4yiFZ8ZKmsXeJkkPrReMvTBGQ4dNJbBygiRCqes7,73.65603,76.101846,78.932295,0,2591700,81.410962,Interactive,4,7.0
96600,ZXGOZbIjK5v+i0EEHS1SywZP4yiFZ8ZKmsXeJkkPrReMvTBGQ4dNJbBygiRCqes7,73.032045,75.096331,78.941976,0,2591700,81.410962,Interactive,4,7.0
96900,ZXGOZbIjK5v+i0EEHS1SywZP4yiFZ8ZKmsXeJkkPrReMvTBGQ4dNJbBygiRCqes7,71.05767800000001,75.090164,79.904313,0,2591700,81.410962,Interactive,4,7.0
97200,ZXGOZbIjK5v+i0EEHS1SywZP4yiFZ8ZKmsXeJkkPrReMvTBGQ4dNJbBygiRCqes7,71.499387,74.290717,77.852367,0,2591700,81.410962,Interactive,4,7.0
97500,ZXGOZbIjK5v+i0EEHS1SywZP4yiFZ8ZKmsXeJkkPrReMvTBGQ4dNJbBygiRCqes7,71.24087800000001,74.651375,78.482771,0,2591700,81.410962,Interactive,4,7.0
97800,ZXGOZbIjK5v+i0EEHS1SywZP4yiFZ8ZKmsXeJkkPrReMvTBGQ4dNJbBygiRCqes7,72.306017,74.86213199999999,78.341815,0,2591700,81.410962,Interactive,4,7.0
98100,ZXGOZbIjK5v+i0EEHS1SywZP4yiFZ8ZKmsXeJkkPrReMvTBGQ4dNJbBygiRCqes7,73.282965,75.780922,78.78773100000001,0,2591700,81.410962,Interactive,4,7.0
98400,ZXGOZbIjK5v+i0EEHS1SywZP4yiFZ8ZKmsXeJkkPrReMvTBGQ4dNJbBygiRCqes7,68.07399000000001,72.93077,76.22585699999999,0,2591700,81.410962,Interactive,4,7.0
98700,ZXGOZbIjK5v+i0EEHS1SywZP4yiFZ8ZKmsXeJkkPrReMvTBGQ4dNJbBygiRCqes7,69.762297,75.466454,79.220523,0,2591700,81.410962,Interactive,4,7.0
99000,ZXGOZbIjK5v+i0EEHS1SywZP4yiFZ8ZKmsXeJkkPrReMvTBGQ4dNJbBygiRCqes7,73.13828199999999,75.45368,77.512724,0,2591700,81.410962,Interactive,4,7.0
99300,ZXGOZbIjK5v+i0EEHS1SywZP4yiFZ8ZKmsXeJkkPrReMvTBGQ4dNJbBygiRCqes7,74.304629,76.308599,79.806512,0,2591700,81.410962,Interactive,4,7.0
99600,ZXGOZbIjK5v+i0EEHS1SywZP4yiFZ8ZKmsXeJkkPrReMvTBGQ4dNJbBygiRCqes7,71.115643,75.870072,79.046242,0,2591700,81.410962,Interactive,4,7.0
99900,ZXGOZbIjK5v+i0EEHS1SywZP4yiFZ8ZKmsXeJkkPrReMvTBGQ4dNJbBygiRCqes7,74.339954,76.461673,79.28108399999999,0,2591700,81.410962,Interactive,4,7.0
100200,ZXGOZbIjK5v+i0EEHS1SywZP4yiFZ8ZKmsXeJkkPrReMvTBGQ4dNJbBygiRCqes7,72.65449699999999,76.560873,80.526117,0,2591700,81.410962,Interactive,4,7.0
100500,ZXGOZbIjK5v+i0EEHS1SywZP4yiFZ8ZKmsXeJkkPrReMvTBGQ4dNJbBygiRCqes7,73.40248299999999,76.130363,78.71923000000001,0,2591700,81.410962,Interactive,4,7.0
100800,ZXGOZbIjK5v+i0EEHS1SywZP4yiFZ8ZKmsXeJkkPrReMvTBGQ4dNJbBygiRCqes7,73.236005,75.482582,78.362543,0,2591700,81.410962,Interactive,4,7.0
101100,ZXGOZbIjK5v+i0EEHS1SywZP4yiFZ8ZKmsXeJkkPrReMvTBGQ4dNJbBygiRCqes7,71.079934,74.552154,77.631399,0,2591700,81.410962,Interactive,4,7.0
101400,ZXGOZbIjK5v+i0EEHS1SywZP4yiFZ8ZKmsXeJkkPrReMvTBGQ4dNJbBygiRCqes7,73.346032,75.361296,78.100099,0,2591700,81.410962,Interactive,4,7.0
101700,ZXGOZbIjK5v+i0EEHS1SywZP4yiFZ8ZKmsXeJkkPrReMvTBGQ4dNJbBygiRCqes7,73.328518,76.452286,79.97935799999999,0,2591700,81.410962,Interactive,4,7.0
102000,ZXGOZbIjK5v+i0EEHS1SywZP4yiFZ8ZKmsXeJkkPrReMvTBGQ4dNJbBygiRCqes7,73.657095,76.164161,78.74557,0,2591700,81.410962,Interactive,4,7.0
102300,ZXGOZbIjK5v+i0EEHS1SywZP4yiFZ8ZKmsXeJkkPrReMvTBGQ4dNJbBygiRCqes7,71.592936,74.190063,77.94972800000001,0,2591700,81.410962,Interactive,4,7.0
102600,ZXGOZbIjK5v+i0EEHS1SywZP4yiFZ8ZKmsXeJkkPrReMvTBGQ4dNJbBygiRCqes7,72.60409200000001,74.901276,78.097029,0,2591700,81.410962,Interactive,4,7.0
102900,ZXGOZbIjK5v+i0EEHS1SywZP4yiFZ8ZKmsXeJkkPrReMvTBGQ4dNJbBygiRCqes7,72.66762299999999,76.31146600000001,79.592834,0,2591700,81.410962,Interactive,4,7.0
103200,ZXGOZbIjK5v+i0EEHS1SywZP4yiFZ8ZKmsXeJkkPrReMvTBGQ4dNJbBygiRCqes7,72.467341,75.596913,80.68010799999999,0,2591700,81.410962,Interactive,4,7.0
103500,ZXGOZbIjK5v+i0EEHS1SywZP4yiFZ8ZKmsXeJkkPrReMvTBGQ4dNJbBygiRCqes7,68.661712,72.18876800000001,76.190174,0,2591700,81.410962,Interactive,4,7.0
103800,ZXGOZbIjK5v+i0EEHS1SywZP4yiFZ8ZKmsXeJkkPrReMvTBGQ4dNJbBygiRCqes7,70.38974300000001,75.718011,79.95501,0,2591700,81.410962,Interactive,4,7.0
104100,ZXGOZbIjK5v+i0EEHS1SywZP4yiFZ8ZKmsXeJkkPrReMvTBGQ4dNJbBygiRCqes7,73.03434200000001,75.458708,78.536245,0,2591700,81.410962,Interactive,4,7.0
104400,ZXGOZbIjK5v+i0EEHS1SywZP4yiFZ8ZKmsXeJkkPrReMvTBGQ4dNJbBygiRCqes7,73.90585300000001,75.95314599999999,79.119237,0,2591700,81.410962,Interactive,4,7.0
104700,ZXGOZbIjK5v+i0EEHS1SywZP4yiFZ8ZKmsXeJkkPrReMvTBGQ4dNJbBygiRCqes7,73.192561,75.68516899999999,78.766485,0,2591700,81.410962,Interactive,4,7.0
105000,ZXGOZbIjK5v+i0EEHS1SywZP4yiFZ8ZKmsXeJkkPrReMvTBGQ4dNJbBygiRCqes7,73.944478,75.772054,79.147499,0,2591700,81.410962,Interactive,4,7.0
105300,ZXGOZbIjK5v+i0EEHS1SywZP4yiFZ8ZKmsXeJkkPrReMvTBGQ4dNJbBygiRCqes7,74.35295500000001,76.008128,78.433144,0,2591700,81.410962,Interactive,4,7.0
105600,ZXGOZbIjK5v+i0EEHS1SywZP4yiFZ8ZKmsXeJkkPrReMvTBGQ4dNJbBygiRCqes7,73.593241,75.380395,78.438135,0,2591700,81.410962,Interactive,4,7.0
105900,ZXGOZbIjK5v+i0EEHS1SywZP4yiFZ8ZKmsXeJkkPrReMvTBGQ4dNJbBygiRCqes7,72.910741,75.267175,78.68533000000001,0,2591700,81.410962,Interactive,4,7.0
106200,ZXGOZbIjK5v+i0EEHS1SywZP4yiFZ8ZKmsXeJkkPrReMvTBGQ4dNJbBygiRCqes7,70.029404,74.722409,78.549647,0,2591700,81.410962,Interactive,4,7.0
106500,ZXGOZbIjK5v+i0EEHS1SywZP4yiFZ8ZKmsXeJkkPrReMvTBGQ4dNJbBygiRCqes7,73.638192,75.848884,78.701071,0,2591700,81.410962,Interactive,4,7.0
106800,ZXGOZbIjK5v+i0EEHS1SywZP4yiFZ8ZKmsXeJkkPrReMvTBGQ4dNJbBygiRCqes7,73.958951,75.910758,78.92708,0,2591700,81.410962,Interactive,4,7.0
107100,ZXGOZbIjK5v+i0EEHS1SywZP4yiFZ8ZKmsXeJkkPrReMvTBGQ4dNJbBygiRCqes7,74.270597,76.941985,80.95827299999999,0,2591700,81.410962,Interactive,4,7.0
107400,ZXGOZbIjK5v+i0EEHS1SywZP4yiFZ8ZKmsXeJkkPrReMvTBGQ4dNJbBygiRCqes7,72.799025,75.25087099999999,78.46143,0,2591700,81.410962,Interactive,4,7.0
107700,ZXGOZbIjK5v+i0EEHS1SywZP4yiFZ8ZKmsXeJkkPrReMvTBGQ4dNJbBygiRCqes7,71.276513,74.12092,78.50676,0,2591700,81.410962,Interactive,4,7.0
108000,ZXGOZbIjK5v+i0EEHS1SywZP4yiFZ8ZKmsXeJkkPrReMvTBGQ4dNJbBygiRCqes7,72.63429000000001,74.932866,77.729202,0,2591700,81.410962,Interactive,4,7.0
108300,ZXGOZbIjK5v+i0EEHS1SywZP4yiFZ8ZKmsXeJkkPrReMvTBGQ4dNJbBygiRCqes7,73.69686,76.61872199999999,80.359859,0,2591700,81.410962,Interactive,4,7.0
108600,ZXGOZbIjK5v+i0EEHS1SywZP4yiFZ8ZKmsXeJkkPrReMvTBGQ4dNJbBygiRCqes7,74.170618,75.98901,79.045298,0,2591700,81.410962,Interactive,4,7.0
108900,ZXGOZbIjK5v+i0EEHS1SywZP4yiFZ8ZKmsXeJkkPrReMvTBGQ4dNJbBygiRCqes7,71.080821,74.073245,79.13949000000001,0,2591700,81.410962,Interactive,4,7.0
109200,ZXGOZbIjK5v+i0EEHS1SywZP4yiFZ8ZKmsXeJkkPrReMvTBGQ4dNJbBygiRCqes7,71.145393,75.624879,80.24059799999999,0,2591700,81.410962,Interactive,4,7.0
109500,ZXGOZbIjK5v+i0EEHS1SywZP4yiFZ8ZKmsXeJkkPrReMvTBGQ4dNJbBygiRCqes7,74.28927,77.156632,81.61778000000001,0,2591700,81.410962,Interactive,4,7.0
109800,ZXGOZbIjK5v+i0EEHS1SywZP4yiFZ8ZKmsXeJkkPrReMvTBGQ4dNJbBygiRCqes7,73.335259,75.706829,78.869194,0,2591700,81.410962,Interactive,4,7.0
110100,ZXGOZbIjK5v+i0EEHS1SywZP4yiFZ8ZKmsXeJkkPrReMvTBGQ4dNJbBygiRCqes7,71.527587,74.098364,78.863497,0,2591700,81.410962,Interactive,4,7.0
110400,ZXGOZbIjK5v+i0EEHS1SywZP4yiFZ8ZKmsXeJkkPrReMvTBGQ4dNJbBygiRCqes7,71.353301,73.5167,76.731725,0,2591700,81.410962,Interactive,4,7.0
110700,ZXGOZbIjK5v+i0EEHS1SywZP4yiFZ8ZKmsXeJkkPrReMvTBGQ4dNJbBygiRCqes7,72.629083,77.184198,81.02148000000001,0,2591700,81.410962,Interactive,4,7.0
111000,ZXGOZbIjK5v+i0EEHS1SywZP4yiFZ8ZKmsXeJkkPrReMvTBGQ4dNJbBygiRCqes7,73.152266,75.799276,78.901204,0,2591700,81.410962,Interactive,4,7.0
111300,ZXGOZbIjK5v+i0EEHS1SywZP4yiFZ8ZKmsXeJkkPrReMvTBGQ4dNJbBygiRCqes7,71.08663100000001,74.175439,78.491679,0,2591700,81.410962,Interactive,4,7.0
111600,ZXGOZbIjK5v+i0EEHS1SywZP4yiFZ8ZKmsXeJkkPrReMvTBGQ4dNJbBygiRCqes7,66.860077,71.900894,75.675273,0,2591700,81.410962,Interactive,4,7.0
111900,ZXGOZbIjK5v+i0EEHS1SywZP4yiFZ8ZKmsXeJkkPrReMvTBGQ4dNJbBygiRCqes7,72.67031800000001,76.805389,80.787217,0,2591700,81.410962,Interactive,4,7.0
112200,ZXGOZbIjK5v+i0EEHS1SywZP4yiFZ8ZKmsXeJkkPrReMvTBGQ4dNJbBygiRCqes7,73.630459,76.422403,79.095611,0,2591700,81.410962,Interactive,4,7.0
112500,ZXGOZbIjK5v+i0EEHS1SywZP4yiFZ8ZKmsXeJkkPrReMvTBGQ4dNJbBygiRCqes7,73.113692,75.12603299999999,78.192639,0,2591700,81.410962,Interactive,4,7.0
112800,ZXGOZbIjK5v+i0EEHS1SywZP4yiFZ8ZKmsXeJkkPrReMvTBGQ4dNJbBygiRCqes7,70.150612,73.20370600000001,77.062679,0,2591700,81.410962,Interactive,4,7.0
113100,ZXGOZbIjK5v+i0EEHS1SywZP4yiFZ8ZKmsXeJkkPrReMvTBGQ4dNJbBygiRCqes7,70.759934,74.666224,78.447862,0,2591700,81.410962,Interactive,4,7.0
113400,ZXGOZbIjK5v+i0EEHS1SywZP4yiFZ8ZKmsXeJkkPrReMvTBGQ4dNJbBygiRCqes7,72.166347,75.0715,78.061798,0,2591700,81.410962,Interactive,4,7.0
113700,ZXGOZbIjK5v+i0EEHS1SywZP4yiFZ8ZKmsXeJkkPrReMvTBGQ4dNJbBygiRCqes7,69.090847,73.117143,78.091376,0,2591700,81.410962,Interactive,4,7.0
114000,ZXGOZbIjK5v+i0EEHS1SywZP4yiFZ8ZKmsXeJkkPrReMvTBGQ4dNJbBygiRCqes7,73.300815,75.138285,78.485641,0,2591700,81.410962,Interactive,4,7.0
114300,ZXGOZbIjK5v+i0EEHS1SywZP4yiFZ8ZKmsXeJkkPrReMvTBGQ4dNJbBygiRCqes7,71.394816,76.422726,79.659646,0,2591700,81.410962,Interactive,4,7.0
114600,ZXGOZbIjK5v+i0EEHS1SywZP4yiFZ8ZKmsXeJkkPrReMvTBGQ4dNJbBygiRCqes7,73.58035100000001,77.236285,80.177883,0,2591700,81.410962,Interactive,4,7.0
114900,ZXGOZbIjK5v+i0EEHS1SywZP4yiFZ8ZKmsXeJkkPrReMvTBGQ4dNJbBygiRCqes7,73.26078000000001,75.471202,78.423849,0,2591700,81.410962,Interactive,4,7.0
115200,ZXGOZbIjK5v+i0EEHS1SywZP4yiFZ8ZKmsXeJkkPrReMvTBGQ4dNJbBygiRCqes7,72.194288,74.700435,77.77422299999999,0,2591700,81.410962,Interactive,4,7.0
115500,ZXGOZbIjK5v+i0EEHS1SywZP4yiFZ8ZKmsXeJkkPrReMvTBGQ4dNJbBygiRCqes7,70.824116,74.86375100000001,78.320206,0,2591700,81.410962,Interactive,4,7.0
115800,ZXGOZbIjK5v+i0EEHS1SywZP4yiFZ8ZKmsXeJkkPrReMvTBGQ4dNJbBygiRCqes7,73.633211,76.787349,80.272108,0,2591700,81.410962,Interactive,4,7.0
116100,ZXGOZbIjK5v+i0EEHS1SywZP4yiFZ8ZKmsXeJkkPrReMvTBGQ4dNJbBygiRCqes7,71.57499,74.716887,77.772143,0,2591700,81.410962,Interactive,4,7.0
116400,ZXGOZbIjK5v+i0EEHS1SywZP4yiFZ8ZKmsXeJkkPrReMvTBGQ4dNJbBygiRCqes7,70.89263100000001,75.193851,78.775151,0,2591700,81.410962,Interactive,4,7.0
116700,ZXGOZbIjK5v+i0EEHS1SywZP4yiFZ8ZKmsXeJkkPrReMvTBGQ4dNJbBygiRCqes7,73.99663199999999,75.788012,79.486041,0,2591700,81.410962,Interactive,4,7.0
117000,ZXGOZbIjK5v+i0EEHS1SywZP4yiFZ8ZKmsXeJkkPrReMvTBGQ4dNJbBygiRCqes7,68.64625,74.461114,78.957236,0,2591700,81.410962,Interactive,4,7.0
117300,ZXGOZbIjK5v+i0EEHS1SywZP4yiFZ8ZKmsXeJkkPrReMvTBGQ4dNJbBygiRCqes7,70.831681,73.31980300000001,77.054597,0,2591700,81.410962,Interactive,4,7.0
117600,ZXGOZbIjK5v+i0EEHS1SywZP4yiFZ8ZKmsXeJkkPrReMvTBGQ4dNJbBygiRCqes7,72.564021,75.775584,78.783433,0,2591700,81.410962,Interactive,4,7.0
117900,ZXGOZbIjK5v+i0EEHS1SywZP4yiFZ8ZKmsXeJkkPrReMvTBGQ4dNJbBygiRCqes7,73.23127099999999,76.634631,79.319479,0,2591700,81.410962,Interactive,4,7.0
118200,ZXGOZbIjK5v+i0EEHS1SywZP4yiFZ8ZKmsXeJkkPrReMvTBGQ4dNJbBygiRCqes7,74.706061,76.75346400000001,79.75001800000001,0,2591700,81.410962,Interactive,4,7.0
118500,ZXGOZbIjK5v+i0EEHS1SywZP4yiFZ8ZKmsXeJkkPrReMvTBGQ4dNJbBygiRCqes7,70.365992,74.88114399999999,78.14631700000001,0,2591700,81.410962,Interactive,4,7.0
118800,ZXGOZbIjK5v+i0EEHS1SywZP4yiFZ8ZKmsXeJkkPrReMvTBGQ4dNJbBygiRCqes7,73.23863399999999,75.177902,78.834928,0,2591700,81.410962,Interactive,4,7.0
119100,ZXGOZbIjK5v+i0EEHS1SywZP4yiFZ8ZKmsXeJkkPrReMvTBGQ4dNJbBygiRCqes7,72.860191,75.88067,79.553725,0,2591700,81.410962,Interactive,4,7.0
119400,ZXGOZbIjK5v+i0EEHS1SywZP4yiFZ8ZKmsXeJkkPrReMvTBGQ4dNJbBygiRCqes7,72.95054499999999,75.555531,79.178167,0,2591700,81.410962,Interactive,4,7.0
119700,ZXGOZbIjK5v+i0EEHS1SywZP4yiFZ8ZKmsXeJkkPrReMvTBGQ4dNJbBygiRCqes7,69.268116,74.018374,78.343972,0,2591700,81.410962,Interactive,4,7.0
120000,ZXGOZbIjK5v+i0EEHS1SywZP4yiFZ8ZKmsXeJkkPrReMvTBGQ4dNJbBygiRCqes7,71.097311,75.268365,77.98095699999999,0,2591700,81.410962,Interactive,4,7.0
120300,ZXGOZbIjK5v+i0EEHS1SywZP4yiFZ8ZKmsXeJkkPrReMvTBGQ4dNJbBygiRCqes7,72.752809,75.222567,79.166102,0,2591700,81.410962,Interactive,4,7.0
120600,ZXGOZbIjK5v+i0EEHS1SywZP4yiFZ8ZKmsXeJkkPrReMvTBGQ4dNJbBygiRCqes7,73.235972,75.98761999999999,79.193951,0,2591700,81.410962,Interactive,4,7.0
120900,ZXGOZbIjK5v+i0EEHS1SywZP4yiFZ8ZKmsXeJkkPrReMvTBGQ4dNJbBygiRCqes7,70.697028,74.172067,79.42286700000001,0,2591700,81.410962,Interactive,4,7.0
121200,ZXGOZbIjK5v+i0EEHS1SywZP4yiFZ8ZKmsXeJkkPrReMvTBGQ4dNJbBygiRCqes7,73.032128,75.337357,78.143294,0,2591700,81.410962,Interactive,4,7.0
121500,ZXGOZbIjK5v+i0EEHS1SywZP4yiFZ8ZKmsXeJkkPrReMvTBGQ4dNJbBygiRCqes7,69.657124,72.859031,77.647875,0,2591700,81.410962,Interactive,4,7.0
121800,ZXGOZbIjK5v+i0EEHS1SywZP4yiFZ8ZKmsXeJkkPrReMvTBGQ4dNJbBygiRCqes7,69.374154,75.402586,79.75932900000001,0,2591700,81.410962,Interactive,4,7.0
122100,ZXGOZbIjK5v+i0EEHS1SywZP4yiFZ8ZKmsXeJkkPrReMvTBGQ4dNJbBygiRCqes7,72.420082,75.13140200000001,78.74468,0,2591700,81.410962,Interactive,4,7.0
122400,ZXGOZbIjK5v+i0EEHS1SywZP4yiFZ8ZKmsXeJkkPrReMvTBGQ4dNJbBygiRCqes7,62.338374,74.832178,79.385386,0,2591700,81.410962,Interactive,4,7.0
122700,ZXGOZbIjK5v+i0EEHS1SywZP4yiFZ8ZKmsXeJkkPrReMvTBGQ4dNJbBygiRCqes7,70.339869,74.544593,77.861468,0,2591700,81.410962,Interactive,4,7.0
123000,ZXGOZbIjK5v+i0EEHS1SywZP4yiFZ8ZKmsXeJkkPrReMvTBGQ4dNJbBygiRCqes7,71.955298,74.597836,78.20043100000001,0,2591700,81.410962,Interactive,4,7.0
123300,ZXGOZbIjK5v+i0EEHS1SywZP4yiFZ8ZKmsXeJkkPrReMvTBGQ4dNJbBygiRCqes7,70.15706800000001,74.313507,78.6435,0,2591700,81.410962,Interactive,4,7.0
123600,ZXGOZbIjK5v+i0EEHS1SywZP4yiFZ8ZKmsXeJkkPrReMvTBGQ4dNJbBygiRCqes7,71.850235,75.28763599999999,79.121212,0,2591700,81.410962,Interactive,4,7.0
123900,ZXGOZbIjK5v+i0EEHS1SywZP4yiFZ8ZKmsXeJkkPrReMvTBGQ4dNJbBygiRCqes7,71.735821,75.378796,79.406051,0,2591700,81.410962,Interactive,4,7.0
124200,ZXGOZbIjK5v+i0EEHS1SywZP4yiFZ8ZKmsXeJkkPrReMvTBGQ4dNJbBygiRCqes7,71.854948,75.294895,78.283272,0,2591700,81.410962,Interactive,4,7.0
124500,ZXGOZbIjK5v+i0EEHS1SywZP4yiFZ8ZKmsXeJkkPrReMvTBGQ4dNJbBygiRCqes7,70.009132,74.552658,78.535521,0,2591700,81.410962,Interactive,4,7.0
124800,ZXGOZbIjK5v+i0EEHS1SywZP4yiFZ8ZKmsXeJkkPrReMvTBGQ4dNJbBygiRCqes7,71.596882,74.782507,78.415189,0,2591700,81.410962,Interactive,4,7.0
125100,ZXGOZbIjK5v+i0EEHS1SywZP4yiFZ8ZKmsXeJkkPrReMvTBGQ4dNJbBygiRCqes7,67.916638,72.907459,77.19584499999999,0,2591700,81.410962,Interactive,4,7.0
125400,ZXGOZbIjK5v+i0EEHS1SywZP4yiFZ8ZKmsXeJkkPrReMvTBGQ4dNJbBygiRCqes7,69.161609,73.397707,76.848066,0,2591700,81.410962,Interactive,4,7.0
125700,ZXGOZbIjK5v+i0EEHS1SywZP4yiFZ8ZKmsXeJkkPrReMvTBGQ4dNJbBygiRCqes7,72.468262,75.832145,81.08990899999999,0,2591700,81.410962,Interactive,4,7.0
126000,ZXGOZbIjK5v+i0EEHS1SywZP4yiFZ8ZKmsXeJkkPrReMvTBGQ4dNJbBygiRCqes7,71.740734,76.108525,79.254586,0,2591700,81.410962,Interactive,4,7.0
126300,ZXGOZbIjK5v+i0EEHS1SywZP4yiFZ8ZKmsXeJkkPrReMvTBGQ4dNJbBygiRCqes7,70.788312,74.19150400000001,77.96614100000001,0,2591700,81.410962,Interactive,4,7.0
126600,ZXGOZbIjK5v+i0EEHS1SywZP4yiFZ8ZKmsXeJkkPrReMvTBGQ4dNJbBygiRCqes7,71.316393,73.85034,75.949394,0,2591700,81.410962,Interactive,4,7.0
126900,ZXGOZbIjK5v+i0EEHS1SywZP4yiFZ8ZKmsXeJkkPrReMvTBGQ4dNJbBygiRCqes7,72.705108,75.274026,78.653152,0,2591700,81.410962,Interactive,4,7.0
127200,ZXGOZbIjK5v+i0EEHS1SywZP4yiFZ8ZKmsXeJkkPrReMvTBGQ4dNJbBygiRCqes7,72.985311,75.134008,78.426002,0,2591700,81.410962,Interactive,4,7.0
127500,ZXGOZbIjK5v+i0EEHS1SywZP4yiFZ8ZKmsXeJkkPrReMvTBGQ4dNJbBygiRCqes7,70.037922,73.26000400000001,77.371084,0,2591700,81.410962,Interactive,4,7.0
127800,ZXGOZbIjK5v+i0EEHS1SywZP4yiFZ8ZKmsXeJkkPrReMvTBGQ4dNJbBygiRCqes7,66.096183,74.162891,77.872609,0,2591700,81.410962,Interactive,4,7.0
128100,ZXGOZbIjK5v+i0EEHS1SywZP4yiFZ8ZKmsXeJkkPrReMvTBGQ4dNJbBygiRCqes7,72.576466,75.962801,79.320943,0,2591700,81.410962,Interactive,4,7.0
128400,ZXGOZbIjK5v+i0EEHS1SywZP4yiFZ8ZKmsXeJkkPrReMvTBGQ4dNJbBygiRCqes7,73.833538,76.665125,79.603187,0,2591700,81.410962,Interactive,4,7.0
128700,ZXGOZbIjK5v+i0EEHS1SywZP4yiFZ8ZKmsXeJkkPrReMvTBGQ4dNJbBygiRCqes7,71.557664,74.81513199999999,78.886287,0,2591700,81.410962,Interactive,4,7.0
129000,ZXGOZbIjK5v+i0EEHS1SywZP4yiFZ8ZKmsXeJkkPrReMvTBGQ4dNJbBygiRCqes7,69.233189,73.49606,77.714825,0,2591700,81.410962,Interactive,4,7.0
129300,ZXGOZbIjK5v+i0EEHS1SywZP4yiFZ8ZKmsXeJkkPrReMvTBGQ4dNJbBygiRCqes7,70.478764,73.28925100000001,77.20728199999999,0,2591700,81.410962,Interactive,4,7.0
129600,ZXGOZbIjK5v+i0EEHS1SywZP4yiFZ8ZKmsXeJkkPrReMvTBGQ4dNJbBygiRCqes7,71.970876,75.986958,79.050731,0,2591700,81.410962,Interactive,4,7.0
129900,ZXGOZbIjK5v+i0EEHS1SywZP4yiFZ8ZKmsXeJkkPrReMvTBGQ4dNJbBygiRCqes7,72.307502,75.753477,78.907448,0,2591700,81.410962,Interactive,4,7.0
130200,ZXGOZbIjK5v+i0EEHS1SywZP4yiFZ8ZKmsXeJkkPrReMvTBGQ4dNJbBygiRCqes7,72.681285,75.257912,79.789856,0,2591700,81.410962,Interactive,4,7.0
130500,ZXGOZbIjK5v+i0EEHS1SywZP4yiFZ8ZKmsXeJkkPrReMvTBGQ4dNJbBygiRCqes7,69.050421,72.49780200000001,75.893991,0,2591700,81.410962,Interactive,4,7.0
130800,ZXGOZbIjK5v+i0EEHS1SywZP4yiFZ8ZKmsXeJkkPrReMvTBGQ4dNJbBygiRCqes7,68.716326,75.341583,78.972327,0,2591700,81.410962,Interactive,4,7.0
131100,ZXGOZbIjK5v+i0EEHS1SywZP4yiFZ8ZKmsXeJkkPrReMvTBGQ4dNJbBygiRCqes7,70.27698000000001,73.234188,77.097567,0,2591700,81.410962,Interactive,4,7.0
131400,ZXGOZbIjK5v+i0EEHS1SywZP4yiFZ8ZKmsXeJkkPrReMvTBGQ4dNJbBygiRCqes7,68.076375,72.931347,76.249059,0,2591700,81.410962,Interactive,4,7.0
131700,ZXGOZbIjK5v+i0EEHS1SywZP4yiFZ8ZKmsXeJkkPrReMvTBGQ4dNJbBygiRCqes7,69.163117,73.865259,77.855042,0,2591700,81.410962,Interactive,4,7.0
132000,ZXGOZbIjK5v+i0EEHS1SywZP4yiFZ8ZKmsXeJkkPrReMvTBGQ4dNJbBygiRCqes7,73.35933100000001,76.407022,78.585012,0,2591700,81.410962,Interactive,4,7.0
132300,ZXGOZbIjK5v+i0EEHS1SywZP4yiFZ8ZKmsXeJkkPrReMvTBGQ4dNJbBygiRCqes7,74.416317,76.461291,78.693562,0,2591700,81.410962,Interactive,4,7.0
132600,ZXGOZbIjK5v+i0EEHS1SywZP4yiFZ8ZKmsXeJkkPrReMvTBGQ4dNJbBygiRCqes7,72.667252,75.845376,78.78363900000001,0,2591700,81.410962,Interactive,4,7.0
132900,ZXGOZbIjK5v+i0EEHS1SywZP4yiFZ8ZKmsXeJkkPrReMvTBGQ4dNJbBygiRCqes7,67.621318,72.141092,75.770829,0,2591700,81.410962,Interactive,4,7.0
133200,ZXGOZbIjK5v+i0EEHS1SywZP4yiFZ8ZKmsXeJkkPrReMvTBGQ4dNJbBygiRCqes7,71.754403,75.64971,82.224696,0,2591700,81.410962,Interactive,4,7.0
133500,ZXGOZbIjK5v+i0EEHS1SywZP4yiFZ8ZKmsXeJkkPrReMvTBGQ4dNJbBygiRCqes7,73.105351,75.906518,80.14908299999999,0,2591700,81.410962,Interactive,4,7.0
133800,ZXGOZbIjK5v+i0EEHS1SywZP4yiFZ8ZKmsXeJkkPrReMvTBGQ4dNJbBygiRCqes7,73.119979,76.00080600000001,79.893262,0,2591700,81.410962,Interactive,4,7.0
134100,ZXGOZbIjK5v+i0EEHS1SywZP4yiFZ8ZKmsXeJkkPrReMvTBGQ4dNJbBygiRCqes7,65.5655,75.544474,79.836575,0,2591700,81.410962,Interactive,4,7.0
134400,ZXGOZbIjK5v+i0EEHS1SywZP4yiFZ8ZKmsXeJkkPrReMvTBGQ4dNJbBygiRCqes7,71.924335,75.50562,80.599603,0,2591700,81.410962,Interactive,4,7.0
134700,ZXGOZbIjK5v+i0EEHS1SywZP4yiFZ8ZKmsXeJkkPrReMvTBGQ4dNJbBygiRCqes7,70.828976,73.504463,76.92813699999999,0,2591700,81.410962,Interactive,4,7.0
135000,ZXGOZbIjK5v+i0EEHS1SywZP4yiFZ8ZKmsXeJkkPrReMvTBGQ4dNJbBygiRCqes7,71.98264300000001,74.61425,78.311161,0,2591700,81.410962,Interactive,4,7.0
135300,ZXGOZbIjK5v+i0EEHS1SywZP4yiFZ8ZKmsXeJkkPrReMvTBGQ4dNJbBygiRCqes7,67.777298,73.494037,77.253037,0,2591700,81.410962,Interactive,4,7.0
135600,ZXGOZbIjK5v+i0EEHS1SywZP4yiFZ8ZKmsXeJkkPrReMvTBGQ4dNJbBygiRCqes7,71.430785,75.750293,79.589787,0,2591700,81.410962,Interactive,4,7.0
135900,ZXGOZbIjK5v+i0EEHS1SywZP4yiFZ8ZKmsXeJkkPrReMvTBGQ4dNJbBygiRCqes7,72.008104,76.912187,80.290396,0,2591700,81.410962,Interactive,4,7.0
136200,ZXGOZbIjK5v+i0EEHS1SywZP4yiFZ8ZKmsXeJkkPrReMvTBGQ4dNJbBygiRCqes7,73.24819699999999,76.530798,79.16782099999999,0,2591700,81.410962,Interactive,4,7.0
136500,ZXGOZbIjK5v+i0EEHS1SywZP4yiFZ8ZKmsXeJkkPrReMvTBGQ4dNJbBygiRCqes7,69.05098100000001,72.334947,75.661679,0,2591700,81.410962,Interactive,4,7.0
136800,ZXGOZbIjK5v+i0EEHS1SywZP4yiFZ8ZKmsXeJkkPrReMvTBGQ4dNJbBygiRCqes7,69.214846,72.657557,77.581742,0,2591700,81.410962,Interactive,4,7.0
137100,ZXGOZbIjK5v+i0EEHS1SywZP4yiFZ8ZKmsXeJkkPrReMvTBGQ4dNJbBygiRCqes7,70.38976,76.210717,79.710725,0,2591700,81.410962,Interactive,4,7.0
137400,ZXGOZbIjK5v+i0EEHS1SywZP4yiFZ8ZKmsXeJkkPrReMvTBGQ4dNJbBygiRCqes7,75.2573,77.28079,82.476481,0,2591700,81.410962,Interactive,4,7.0
137700,ZXGOZbIjK5v+i0EEHS1SywZP4yiFZ8ZKmsXeJkkPrReMvTBGQ4dNJbBygiRCqes7,72.762107,75.363947,78.09347700000001,0,2591700,81.410962,Interactive,4,7.0
138000,ZXGOZbIjK5v+i0EEHS1SywZP4yiFZ8ZKmsXeJkkPrReMvTBGQ4dNJbBygiRCqes7,68.57033299999999,75.12302199999999,79.26421500000001,0,2591700,81.410962,Interactive,4,7.0
138300,ZXGOZbIjK5v+i0EEHS1SywZP4yiFZ8ZKmsXeJkkPrReMvTBGQ4dNJbBygiRCqes7,73.116078,76.115478,79.094819,0,2591700,81.410962,Interactive,4,7.0
138600,ZXGOZbIjK5v+i0EEHS1SywZP4yiFZ8ZKmsXeJkkPrReMvTBGQ4dNJbBygiRCqes7,70.45905,74.88476999999999,78.09400500000001,0,2591700,81.410962,Interactive,4,7.0
138900,ZXGOZbIjK5v+i0EEHS1SywZP4yiFZ8ZKmsXeJkkPrReMvTBGQ4dNJbBygiRCqes7,62.256483,71.466594,76.928001,0,2591700,81.410962,Interactive,4,7.0
139200,ZXGOZbIjK5v+i0EEHS1SywZP4yiFZ8ZKmsXeJkkPrReMvTBGQ4dNJbBygiRCqes7,61.770785,70.585111,76.211735,0,2591700,81.410962,Interactive,4,7.0
139500,ZXGOZbIjK5v+i0EEHS1SywZP4yiFZ8ZKmsXeJkkPrReMvTBGQ4dNJbBygiRCqes7,70.278153,76.095738,80.16801099999999,0,2591700,81.410962,Interactive,4,7.0
139800,ZXGOZbIjK5v+i0EEHS1SywZP4yiFZ8ZKmsXeJkkPrReMvTBGQ4dNJbBygiRCqes7,73.917573,76.16553,79.21497099999999,0,2591700,81.410962,Interactive,4,7.0
140100,ZXGOZbIjK5v+i0EEHS1SywZP4yiFZ8ZKmsXeJkkPrReMvTBGQ4dNJbBygiRCqes7,71.065108,74.825404,80.263378,0,2591700,81.410962,Interactive,4,7.0
140400,ZXGOZbIjK5v+i0EEHS1SywZP4yiFZ8ZKmsXeJkkPrReMvTBGQ4dNJbBygiRCqes7,69.554971,72.69670699999999,77.063051,0,2591700,81.410962,Interactive,4,7.0
140700,ZXGOZbIjK5v+i0EEHS1SywZP4yiFZ8ZKmsXeJkkPrReMvTBGQ4dNJbBygiRCqes7,72.07998,75.251498,80.206501,0,2591700,81.410962,Interactive,4,7.0
141000,ZXGOZbIjK5v+i0EEHS1SywZP4yiFZ8ZKmsXeJkkPrReMvTBGQ4dNJbBygiRCqes7,72.505916,75.59733100000001,78.856029,0,2591700,81.410962,Interactive,4,7.0
141300,ZXGOZbIjK5v+i0EEHS1SywZP4yiFZ8ZKmsXeJkkPrReMvTBGQ4dNJbBygiRCqes7,68.97324300000001,75.746931,79.145872,0,2591700,81.410962,Interactive,4,7.0
141600,ZXGOZbIjK5v+i0EEHS1SywZP4yiFZ8ZKmsXeJkkPrReMvTBGQ4dNJbBygiRCqes7,72.798139,75.727249,78.408084,0,2591700,81.410962,Interactive,4,7.0
141900,ZXGOZbIjK5v+i0EEHS1SywZP4yiFZ8ZKmsXeJkkPrReMvTBGQ4dNJbBygiRCqes7,73.92450500000001,76.528736,80.02472,0,2591700,81.410962,Interactive,4,7.0
142200,ZXGOZbIjK5v+i0EEHS1SywZP4yiFZ8ZKmsXeJkkPrReMvTBGQ4dNJbBygiRCqes7,73.477613,76.886173,79.76264,0,2591700,81.410962,Interactive,4,7.0
142500,ZXGOZbIjK5v+i0EEHS1SywZP4yiFZ8ZKmsXeJkkPrReMvTBGQ4dNJbBygiRCqes7,72.634803,75.055941,78.012727,0,2591700,81.410962,Interactive,4,7.0
142800,ZXGOZbIjK5v+i0EEHS1SywZP4yiFZ8ZKmsXeJkkPrReMvTBGQ4dNJbBygiRCqes7,69.56369000000001,73.169898,77.882266,0,2591700,81.410962,Interactive,4,7.0
143100,ZXGOZbIjK5v+i0EEHS1SywZP4yiFZ8ZKmsXeJkkPrReMvTBGQ4dNJbBygiRCqes7,71.086866,75.707082,79.652188,0,2591700,81.410962,Interactive,4,7.0
143400,ZXGOZbIjK5v+i0EEHS1SywZP4yiFZ8ZKmsXeJkkPrReMvTBGQ4dNJbBygiRCqes7,72.550358,75.63520799999999,79.68883000000001,0,2591700,81.410962,Interactive,4,7.0
143700,ZXGOZbIjK5v+i0EEHS1SywZP4yiFZ8ZKmsXeJkkPrReMvTBGQ4dNJbBygiRCqes7,69.324149,73.39574300000001,77.223224,0,2591700,81.410962,Interactive,4,7.0
144000,ZXGOZbIjK5v+i0EEHS1SywZP4yiFZ8ZKmsXeJkkPrReMvTBGQ4dNJbBygiRCqes7,63.797891,70.395547,74.570985,0,2591700,81.410962,Interactive,4,7.0
144300,ZXGOZbIjK5v+i0EEHS1SywZP4yiFZ8ZKmsXeJkkPrReMvTBGQ4dNJbBygiRCqes7,67.096611,74.814776,79.383083,0,2591700,81.410962,Interactive,4,7.0
144600,ZXGOZbIjK5v+i0EEHS1SywZP4yiFZ8ZKmsXeJkkPrReMvTBGQ4dNJbBygiRCqes7,73.60479000000001,75.879963,78.497861,0,2591700,81.410962,Interactive,4,7.0
144900,ZXGOZbIjK5v+i0EEHS1SywZP4yiFZ8ZKmsXeJkkPrReMvTBGQ4dNJbBygiRCqes7,70.67025100000001,74.616754,77.42270400000001,0,2591700,81.410962,Interactive,4,7.0
145200,ZXGOZbIjK5v+i0EEHS1SywZP4yiFZ8ZKmsXeJkkPrReMvTBGQ4dNJbBygiRCqes7,72.45523100000001,75.591954,78.813896,0,2591700,81.410962,Interactive,4,7.0
145500,ZXGOZbIjK5v+i0EEHS1SywZP4yiFZ8ZKmsXeJkkPrReMvTBGQ4dNJbBygiRCqes7,73.113431,76.588856,80.21735100000001,0,2591700,81.410962,Interactive,4,7.0
145800,ZXGOZbIjK5v+i0EEHS1SywZP4yiFZ8ZKmsXeJkkPrReMvTBGQ4dNJbBygiRCqes7,74.388223,77.308097,80.189588,0,2591700,81.410962,Interactive,4,7.0
146100,ZXGOZbIjK5v+i0EEHS1SywZP4yiFZ8ZKmsXeJkkPrReMvTBGQ4dNJbBygiRCqes7,71.385306,74.151022,77.176099,0,2591700,81.410962,Interactive,4,7.0
146400,ZXGOZbIjK5v+i0EEHS1SywZP4yiFZ8ZKmsXeJkkPrReMvTBGQ4dNJbBygiRCqes7,71.6367,74.33167399999999,77.99515500000001,0,2591700,81.410962,Interactive,4,7.0
146700,ZXGOZbIjK5v+i0EEHS1SywZP4yiFZ8ZKmsXeJkkPrReMvTBGQ4dNJbBygiRCqes7,71.007817,73.875509,77.57265500000001,0,2591700,81.410962,Interactive,4,7.0
147000,ZXGOZbIjK5v+i0EEHS1SywZP4yiFZ8ZKmsXeJkkPrReMvTBGQ4dNJbBygiRCqes7,72.761505,76.381287,79.679343,0,2591700,81.410962,Interactive,4,7.0
147300,ZXGOZbIjK5v+i0EEHS1SywZP4yiFZ8ZKmsXeJkkPrReMvTBGQ4dNJbBygiRCqes7,72.940762,74.60976099999999,77.862881,0,2591700,81.410962,Interactive,4,7.0
147600,ZXGOZbIjK5v+i0EEHS1SywZP4yiFZ8ZKmsXeJkkPrReMvTBGQ4dNJbBygiRCqes7,72.529622,76.035989,79.646434,0,2591700,81.410962,Interactive,4,7.0
147900,ZXGOZbIjK5v+i0EEHS1SywZP4yiFZ8ZKmsXeJkkPrReMvTBGQ4dNJbBygiRCqes7,71.903093,74.84224300000001,78.06418000000001,0,2591700,81.410962,Interactive,4,7.0
148200,ZXGOZbIjK5v+i0EEHS1SywZP4yiFZ8ZKmsXeJkkPrReMvTBGQ4dNJbBygiRCqes7,69.760172,75.018718,79.423018,0,2591700,81.410962,Interactive,4,7.0
148500,ZXGOZbIjK5v+i0EEHS1SywZP4yiFZ8ZKmsXeJkkPrReMvTBGQ4dNJbBygiRCqes7,71.21019100000001,73.794234,76.27216899999999,0,2591700,81.410962,Interactive,4,7.0
148800,ZXGOZbIjK5v+i0EEHS1SywZP4yiFZ8ZKmsXeJkkPrReMvTBGQ4dNJbBygiRCqes7,72.530135,75.484217,79.287764,0,2591700,81.410962,Interactive,4,7.0
149100,ZXGOZbIjK5v+i0EEHS1SywZP4yiFZ8ZKmsXeJkkPrReMvTBGQ4dNJbBygiRCqes7,73.793909,75.594501,78.27210699999999,0,2591700,81.410962,Interactive,4,7.0
149400,ZXGOZbIjK5v+i0EEHS1SywZP4yiFZ8ZKmsXeJkkPrReMvTBGQ4dNJbBygiRCqes7,73.66821,76.12948,78.985833,0,2591700,81.410962,Interactive,4,7.0
149700,ZXGOZbIjK5v+i0EEHS1SywZP4yiFZ8ZKmsXeJkkPrReMvTBGQ4dNJbBygiRCqes7,69.335728,73.115313,78.62348,0,2591700,81.410962,Interactive,4,7.0
150000,ZXGOZbIjK5v+i0EEHS1SywZP4yiFZ8ZKmsXeJkkPrReMvTBGQ4dNJbBygiRCqes7,69.960233,74.15073000000001,78.320047,0,2591700,81.410962,Interactive,4,7.0
150300,ZXGOZbIjK5v+i0EEHS1SywZP4yiFZ8ZKmsXeJkkPrReMvTBGQ4dNJbBygiRCqes7,71.552072,74.895042,77.834333,0,2591700,81.410962,Interactive,4,7.0
150600,ZXGOZbIjK5v+i0EEHS1SywZP4yiFZ8ZKmsXeJkkPrReMvTBGQ4dNJbBygiRCqes7,71.886556,75.063544,79.27654799999999,0,2591700,81.410962,Interactive,4,7.0
150900,ZXGOZbIjK5v+i0EEHS1SywZP4yiFZ8ZKmsXeJkkPrReMvTBGQ4dNJbBygiRCqes7,69.280603,72.42890600000001,77.133648,0,2591700,81.410962,Interactive,4,7.0
151200,ZXGOZbIjK5v+i0EEHS1SywZP4yiFZ8ZKmsXeJkkPrReMvTBGQ4dNJbBygiRCqes7,72.05986,75.568988,78.99274399999999,0,2591700,81.410962,Interactive,4,7.0
151500,ZXGOZbIjK5v+i0EEHS1SywZP4yiFZ8ZKmsXeJkkPrReMvTBGQ4dNJbBygiRCqes7,72.537599,74.74484,77.70111999999999,0,2591700,81.410962,Interactive,4,7.0
151800,ZXGOZbIjK5v+i0EEHS1SywZP4yiFZ8ZKmsXeJkkPrReMvTBGQ4dNJbBygiRCqes7,72.17605999999999,75.886834,79.237139,0,2591700,81.410962,Interactive,4,7.0
152100,ZXGOZbIjK5v+i0EEHS1SywZP4yiFZ8ZKmsXeJkkPrReMvTBGQ4dNJbBygiRCqes7,71.63425500000001,74.154599,79.117594,0,2591700,81.410962,Interactive,4,7.0
152400,ZXGOZbIjK5v+i0EEHS1SywZP4yiFZ8ZKmsXeJkkPrReMvTBGQ4dNJbBygiRCqes7,70.694285,73.9481,77.386526,0,2591700,81.410962,Interactive,4,7.0
152700,ZXGOZbIjK5v+i0EEHS1SywZP4yiFZ8ZKmsXeJkkPrReMvTBGQ4dNJbBygiRCqes7,71.813877,75.060884,77.781888,0,2591700,81.410962,Interactive,4,7.0
153000,ZXGOZbIjK5v+i0EEHS1SywZP4yiFZ8ZKmsXeJkkPrReMvTBGQ4dNJbBygiRCqes7,73.05360300000001,75.955426,79.299081,0,2591700,81.410962,Interactive,4,7.0
153300,ZXGOZbIjK5v+i0EEHS1SywZP4yiFZ8ZKmsXeJkkPrReMvTBGQ4dNJbBygiRCqes7,72.652672,75.547919,78.523495,0,2591700,81.410962,Interactive,4,7.0
153600,ZXGOZbIjK5v+i0EEHS1SywZP4yiFZ8ZKmsXeJkkPrReMvTBGQ4dNJbBygiRCqes7,72.332052,75.362932,78.203352,0,2591700,81.410962,Interactive,4,7.0
153900,ZXGOZbIjK5v+i0EEHS1SywZP4yiFZ8ZKmsXeJkkPrReMvTBGQ4dNJbBygiRCqes7,72.04228,74.434042,77.04635,0,2591700,81.410962,Interactive,4,7.0
154200,ZXGOZbIjK5v+i0EEHS1SywZP4yiFZ8ZKmsXeJkkPrReMvTBGQ4dNJbBygiRCqes7,69.32141999999999,75.720196,80.663331,0,2591700,81.410962,Interactive,4,7.0
154500,ZXGOZbIjK5v+i0EEHS1SywZP4yiFZ8ZKmsXeJkkPrReMvTBGQ4dNJbBygiRCqes7,71.937727,74.00885500000001,77.334592,0,2591700,81.410962,Interactive,4,7.0
154800,ZXGOZbIjK5v+i0EEHS1SywZP4yiFZ8ZKmsXeJkkPrReMvTBGQ4dNJbBygiRCqes7,72.34967900000001,75.641526,79.038178,0,2591700,81.410962,Interactive,4,7.0
155100,ZXGOZbIjK5v+i0EEHS1SywZP4yiFZ8ZKmsXeJkkPrReMvTBGQ4dNJbBygiRCqes7,68.146632,74.588335,77.546157,0,2591700,81.410962,Interactive,4,7.0
155400,ZXGOZbIjK5v+i0EEHS1SywZP4yiFZ8ZKmsXeJkkPrReMvTBGQ4dNJbBygiRCqes7,70.401511,73.92211,78.637649,0,2591700,81.410962,Interactive,4,7.0
155700,ZXGOZbIjK5v+i0EEHS1SywZP4yiFZ8ZKmsXeJkkPrReMvTBGQ4dNJbBygiRCqes7,72.00568,74.450001,78.347338,0,2591700,81.410962,Interactive,4,7.0
156000,ZXGOZbIjK5v+i0EEHS1SywZP4yiFZ8ZKmsXeJkkPrReMvTBGQ4dNJbBygiRCqes7,71.719181,75.03296,78.052073,0,2591700,81.410962,Interactive,4,7.0
156300,ZXGOZbIjK5v+i0EEHS1SywZP4yiFZ8ZKmsXeJkkPrReMvTBGQ4dNJbBygiRCqes7,71.189304,73.546643,76.286389,0,2591700,81.410962,Interactive,4,7.0
156600,ZXGOZbIjK5v+i0EEHS1SywZP4yiFZ8ZKmsXeJkkPrReMvTBGQ4dNJbBygiRCqes7,69.24938,73.912701,78.101589,0,2591700,81.410962,Interactive,4,7.0
156900,ZXGOZbIjK5v+i0EEHS1SywZP4yiFZ8ZKmsXeJkkPrReMvTBGQ4dNJbBygiRCqes7,69.531871,73.507285,76.55861999999999,0,2591700,81.410962,Interactive,4,7.0
157200,ZXGOZbIjK5v+i0EEHS1SywZP4yiFZ8ZKmsXeJkkPrReMvTBGQ4dNJbBygiRCqes7,72.692625,75.256019,79.04642,0,2591700,81.410962,Interactive,4,7.0
157500,ZXGOZbIjK5v+i0EEHS1SywZP4yiFZ8ZKmsXeJkkPrReMvTBGQ4dNJbBygiRCqes7,71.655438,74.025842,77.64200799999999,0,2591700,81.410962,Interactive,4,7.0
157800,ZXGOZbIjK5v+i0EEHS1SywZP4yiFZ8ZKmsXeJkkPrReMvTBGQ4dNJbBygiRCqes7,71.575073,75.605787,79.194381,0,2591700,81.410962,Interactive,4,7.0
158100,ZXGOZbIjK5v+i0EEHS1SywZP4yiFZ8ZKmsXeJkkPrReMvTBGQ4dNJbBygiRCqes7,73.051263,76.848029,79.78168199999999,0,2591700,81.410962,Interactive,4,7.0
158400,ZXGOZbIjK5v+i0EEHS1SywZP4yiFZ8ZKmsXeJkkPrReMvTBGQ4dNJbBygiRCqes7,72.466965,75.69054,79.003986,0,2591700,81.410962,Interactive,4,7.0
158700,ZXGOZbIjK5v+i0EEHS1SywZP4yiFZ8ZKmsXeJkkPrReMvTBGQ4dNJbBygiRCqes7,71.54187900000001,73.877981,77.09409000000001,0,2591700,81.410962,Interactive,4,7.0
159000,ZXGOZbIjK5v+i0EEHS1SywZP4yiFZ8ZKmsXeJkkPrReMvTBGQ4dNJbBygiRCqes7,71.639057,75.181963,78.624504,0,2591700,81.410962,Interactive,4,7.0
159300,ZXGOZbIjK5v+i0EEHS1SywZP4yiFZ8ZKmsXeJkkPrReMvTBGQ4dNJbBygiRCqes7,74.611372,77.017969,79.774535,0,2591700,81.410962,Interactive,4,7.0
159600,ZXGOZbIjK5v+i0EEHS1SywZP4yiFZ8ZKmsXeJkkPrReMvTBGQ4dNJbBygiRCqes7,72.434273,76.685787,80.155618,0,2591700,81.410962,Interactive,4,7.0
159900,ZXGOZbIjK5v+i0EEHS1SywZP4yiFZ8ZKmsXeJkkPrReMvTBGQ4dNJbBygiRCqes7,73.17548199999999,75.695454,79.229206,0,2591700,81.410962,Interactive,4,7.0
160200,ZXGOZbIjK5v+i0EEHS1SywZP4yiFZ8ZKmsXeJkkPrReMvTBGQ4dNJbBygiRCqes7,71.510001,74.798819,79.76295,0,2591700,81.410962,Interactive,4,7.0
160500,ZXGOZbIjK5v+i0EEHS1SywZP4yiFZ8ZKmsXeJkkPrReMvTBGQ4dNJbBygiRCqes7,70.415847,73.699587,76.428184,0,2591700,81.410962,Interactive,4,7.0
160800,ZXGOZbIjK5v+i0EEHS1SywZP4yiFZ8ZKmsXeJkkPrReMvTBGQ4dNJbBygiRCqes7,73.13911999999999,75.81635,79.142946,0,2591700,81.410962,Interactive,4,7.0
161100,ZXGOZbIjK5v+i0EEHS1SywZP4yiFZ8ZKmsXeJkkPrReMvTBGQ4dNJbBygiRCqes7,73.78191899999999,75.740335,80.425535,0,2591700,81.410962,Interactive,4,7.0
161400,ZXGOZbIjK5v+i0EEHS1SywZP4yiFZ8ZKmsXeJkkPrReMvTBGQ4dNJbBygiRCqes7,73.32816600000001,75.455238,78.32765400000001,0,2591700,81.410962,Interactive,4,7.0
161700,ZXGOZbIjK5v+i0EEHS1SywZP4yiFZ8ZKmsXeJkkPrReMvTBGQ4dNJbBygiRCqes7,72.182739,75.406865,78.454996,0,2591700,81.410962,Interactive,4,7.0
162000,ZXGOZbIjK5v+i0EEHS1SywZP4yiFZ8ZKmsXeJkkPrReMvTBGQ4dNJbBygiRCqes7,73.09519,76.03974000000001,79.706277,0,2591700,81.410962,Interactive,4,7.0
162300,ZXGOZbIjK5v+i0EEHS1SywZP4yiFZ8ZKmsXeJkkPrReMvTBGQ4dNJbBygiRCqes7,69.308504,74.558382,78.10979300000001,0,2591700,81.410962,Interactive,4,7.0
162600,ZXGOZbIjK5v+i0EEHS1SywZP4yiFZ8ZKmsXeJkkPrReMvTBGQ4dNJbBygiRCqes7,70.007866,73.262812,76.300172,0,2591700,81.410962,Interactive,4,7.0
162900,ZXGOZbIjK5v+i0EEHS1SywZP4yiFZ8ZKmsXeJkkPrReMvTBGQ4dNJbBygiRCqes7,71.030612,75.96983,79.99136800000001,0,2591700,81.410962,Interactive,4,7.0
163200,ZXGOZbIjK5v+i0EEHS1SywZP4yiFZ8ZKmsXeJkkPrReMvTBGQ4dNJbBygiRCqes7,74.58470200000001,76.827915,80.987978,0,2591700,81.410962,Interactive,4,7.0
163500,ZXGOZbIjK5v+i0EEHS1SywZP4yiFZ8ZKmsXeJkkPrReMvTBGQ4dNJbBygiRCqes7,73.052904,74.775897,77.605514,0,2591700,81.410962,Interactive,4,7.0
163800,ZXGOZbIjK5v+i0EEHS1SywZP4yiFZ8ZKmsXeJkkPrReMvTBGQ4dNJbBygiRCqes7,70.11863199999999,74.78443100000001,78.566363,0,2591700,81.410962,Interactive,4,7.0
164100,ZXGOZbIjK5v+i0EEHS1SywZP4yiFZ8ZKmsXeJkkPrReMvTBGQ4dNJbBygiRCqes7,72.397127,76.144138,79.95333000000001,0,2591700,81.410962,Interactive,4,7.0
164400,ZXGOZbIjK5v+i0EEHS1SywZP4yiFZ8ZKmsXeJkkPrReMvTBGQ4dNJbBygiRCqes7,73.098023,76.07950799999999,79.98768000000001,0,2591700,81.410962,Interactive,4,7.0
164700,ZXGOZbIjK5v+i0EEHS1SywZP4yiFZ8ZKmsXeJkkPrReMvTBGQ4dNJbBygiRCqes7,71.569079,75.316684,79.046031,0,2591700,81.410962,Interactive,4,7.0
165000,ZXGOZbIjK5v+i0EEHS1SywZP4yiFZ8ZKmsXeJkkPrReMvTBGQ4dNJbBygiRCqes7,73.226895,76.557315,83.183647,0,2591700,81.410962,Interactive,4,7.0
165300,ZXGOZbIjK5v+i0EEHS1SywZP4yiFZ8ZKmsXeJkkPrReMvTBGQ4dNJbBygiRCqes7,74.66258,77.356797,79.697181,0,2591700,81.410962,Interactive,4,7.0
165600,ZXGOZbIjK5v+i0EEHS1SywZP4yiFZ8ZKmsXeJkkPrReMvTBGQ4dNJbBygiRCqes7,74.002806,76.291696,79.39355,0,2591700,81.410962,Interactive,4,7.0
165900,ZXGOZbIjK5v+i0EEHS1SywZP4yiFZ8ZKmsXeJkkPrReMvTBGQ4dNJbBygiRCqes7,67.565364,74.499038,78.202841,0,2591700,81.410962,Interactive,4,7.0
166200,ZXGOZbIjK5v+i0EEHS1SywZP4yiFZ8ZKmsXeJkkPrReMvTBGQ4dNJbBygiRCqes7,67.18343,73.118806,77.105991,0,2591700,81.410962,Interactive,4,7.0
166500,ZXGOZbIjK5v+i0EEHS1SywZP4yiFZ8ZKmsXeJkkPrReMvTBGQ4dNJbBygiRCqes7,70.17992199999999,74.124627,77.736476,0,2591700,81.410962,Interactive,4,7.0
166800,ZXGOZbIjK5v+i0EEHS1SywZP4yiFZ8ZKmsXeJkkPrReMvTBGQ4dNJbBygiRCqes7,73.352797,76.437926,79.133275,0,2591700,81.410962,Interactive,4,7.0
167100,ZXGOZbIjK5v+i0EEHS1SywZP4yiFZ8ZKmsXeJkkPrReMvTBGQ4dNJbBygiRCqes7,68.595794,74.72384100000001,79.069457,0,2591700,81.410962,Interactive,4,7.0
167400,ZXGOZbIjK5v+i0EEHS1SywZP4yiFZ8ZKmsXeJkkPrReMvTBGQ4dNJbBygiRCqes7,72.66601899999999,75.483891,78.291871,0,2591700,81.410962,Interactive,4,7.0
167700,ZXGOZbIjK5v+i0EEHS1SywZP4yiFZ8ZKmsXeJkkPrReMvTBGQ4dNJbBygiRCqes7,72.95531899999999,75.92742700000001,78.762757,0,2591700,81.410962,Interactive,4,7.0
168000,ZXGOZbIjK5v+i0EEHS1SywZP4yiFZ8ZKmsXeJkkPrReMvTBGQ4dNJbBygiRCqes7,72.568618,75.698262,79.991035,0,2591700,81.410962,Interactive,4,7.0
168300,ZXGOZbIjK5v+i0EEHS1SywZP4yiFZ8ZKmsXeJkkPrReMvTBGQ4dNJbBygiRCqes7,70.91306999999999,73.65125400000001,77.297452,0,2591700,81.410962,Interactive,4,7.0
168600,ZXGOZbIjK5v+i0EEHS1SywZP4yiFZ8ZKmsXeJkkPrReMvTBGQ4dNJbBygiRCqes7,72.284222,75.078197,77.96945,0,2591700,81.410962,Interactive,4,7.0
168900,ZXGOZbIjK5v+i0EEHS1SywZP4yiFZ8ZKmsXeJkkPrReMvTBGQ4dNJbBygiRCqes7,73.675263,76.721774,79.72500600000001,0,2591700,81.410962,Interactive,4,7.0
169200,ZXGOZbIjK5v+i0EEHS1SywZP4yiFZ8ZKmsXeJkkPrReMvTBGQ4dNJbBygiRCqes7,74.579976,77.017391,80.728122,0,2591700,81.410962,Interactive,4,7.0
169500,ZXGOZbIjK5v+i0EEHS1SywZP4yiFZ8ZKmsXeJkkPrReMvTBGQ4dNJbBygiRCqes7,71.236335,74.092969,77.451944,0,2591700,81.410962,Interactive,4,7.0
169800,ZXGOZbIjK5v+i0EEHS1SywZP4yiFZ8ZKmsXeJkkPrReMvTBGQ4dNJbBygiRCqes7,68.509694,73.12536999999999,77.72077,0,2591700,81.410962,Interactive,4,7.0
170100,ZXGOZbIjK5v+i0EEHS1SywZP4yiFZ8ZKmsXeJkkPrReMvTBGQ4dNJbBygiRCqes7,66.979433,74.185889,78.451385,0,2591700,81.410962,Interactive,4,7.0
170400,ZXGOZbIjK5v+i0EEHS1SywZP4yiFZ8ZKmsXeJkkPrReMvTBGQ4dNJbBygiRCqes7,71.085073,74.487201,79.137112,0,2591700,81.410962,Interactive,4,7.0
170700,ZXGOZbIjK5v+i0EEHS1SywZP4yiFZ8ZKmsXeJkkPrReMvTBGQ4dNJbBygiRCqes7,71.779877,75.209891,79.005061,0,2591700,81.410962,Interactive,4,7.0
171000,ZXGOZbIjK5v+i0EEHS1SywZP4yiFZ8ZKmsXeJkkPrReMvTBGQ4dNJbBygiRCqes7,72.825171,75.20738,79.12101899999999,0,2591700,81.410962,Interactive,4,7.0
171300,ZXGOZbIjK5v+i0EEHS1SywZP4yiFZ8ZKmsXeJkkPrReMvTBGQ4dNJbBygiRCqes7,70.315608,73.838223,77.100686,0,2591700,81.410962,Interactive,4,7.0
171600,ZXGOZbIjK5v+i0EEHS1SywZP4yiFZ8ZKmsXeJkkPrReMvTBGQ4dNJbBygiRCqes7,71.160198,75.41551700000001,79.093058,0,2591700,81.410962,Interactive,4,7.0
171900,ZXGOZbIjK5v+i0EEHS1SywZP4yiFZ8ZKmsXeJkkPrReMvTBGQ4dNJbBygiRCqes7,72.369737,75.353858,83.078505,0,2591700,81.410962,Interactive,4,7.0
172200,ZXGOZbIjK5v+i0EEHS1SywZP4yiFZ8ZKmsXeJkkPrReMvTBGQ4dNJbBygiRCqes7,73.048088,74.930787,78.329371,0,2591700,81.410962,Interactive,4,7.0
172500,ZXGOZbIjK5v+i0EEHS1SywZP4yiFZ8ZKmsXeJkkPrReMvTBGQ4dNJbBygiRCqes7,71.67510300000002,76.304903,79.792629,0,2591700,81.410962,Interactive,4,7.0
172800,ZXGOZbIjK5v+i0EEHS1SywZP4yiFZ8ZKmsXeJkkPrReMvTBGQ4dNJbBygiRCqes7,73.525486,76.056523,79.155834,0,2591700,81.410962,Interactive,4,7.0
173100,ZXGOZbIjK5v+i0EEHS1SywZP4yiFZ8ZKmsXeJkkPrReMvTBGQ4dNJbBygiRCqes7,73.799162,76.872493,81.318246,0,2591700,81.410962,Interactive,4,7.0
173400,ZXGOZbIjK5v+i0EEHS1SywZP4yiFZ8ZKmsXeJkkPrReMvTBGQ4dNJbBygiRCqes7,73.123083,75.86300899999999,78.786929,0,2591700,81.410962,Interactive,4,7.0
173700,ZXGOZbIjK5v+i0EEHS1SywZP4yiFZ8ZKmsXeJkkPrReMvTBGQ4dNJbBygiRCqes7,73.150075,76.662973,83.245863,0,2591700,81.410962,Interactive,4,7.0
174000,ZXGOZbIjK5v+i0EEHS1SywZP4yiFZ8ZKmsXeJkkPrReMvTBGQ4dNJbBygiRCqes7,72.798958,75.203701,79.142751,0,2591700,81.410962,Interactive,4,7.0
174300,ZXGOZbIjK5v+i0EEHS1SywZP4yiFZ8ZKmsXeJkkPrReMvTBGQ4dNJbBygiRCqes7,73.115496,75.849939,79.102791,0,2591700,81.410962,Interactive,4,7.0
174600,ZXGOZbIjK5v+i0EEHS1SywZP4yiFZ8ZKmsXeJkkPrReMvTBGQ4dNJbBygiRCqes7,73.87710799999999,75.91676899999999,78.77720500000001,0,2591700,81.410962,Interactive,4,7.0
174900,ZXGOZbIjK5v+i0EEHS1SywZP4yiFZ8ZKmsXeJkkPrReMvTBGQ4dNJbBygiRCqes7,71.567785,74.424612,77.633032,0,2591700,81.410962,Interactive,4,7.0
175200,ZXGOZbIjK5v+i0EEHS1SywZP4yiFZ8ZKmsXeJkkPrReMvTBGQ4dNJbBygiRCqes7,71.167289,74.37610699999999,76.72709,0,2591700,81.410962,Interactive,4,7.0
175500,ZXGOZbIjK5v+i0EEHS1SywZP4yiFZ8ZKmsXeJkkPrReMvTBGQ4dNJbBygiRCqes7,72.777771,75.695397,79.102905,0,2591700,81.410962,Interactive,4,7.0
175800,ZXGOZbIjK5v+i0EEHS1SywZP4yiFZ8ZKmsXeJkkPrReMvTBGQ4dNJbBygiRCqes7,71.69959200000001,75.082939,78.314627,0,2591700,81.410962,Interactive,4,7.0
176100,ZXGOZbIjK5v+i0EEHS1SywZP4yiFZ8ZKmsXeJkkPrReMvTBGQ4dNJbBygiRCqes7,67.178446,72.649303,79.09140500000001,0,2591700,81.410962,Interactive,4,7.0
176400,ZXGOZbIjK5v+i0EEHS1SywZP4yiFZ8ZKmsXeJkkPrReMvTBGQ4dNJbBygiRCqes7,71.217979,76.536278,79.97572,0,2591700,81.410962,Interactive,4,7.0
176700,ZXGOZbIjK5v+i0EEHS1SywZP4yiFZ8ZKmsXeJkkPrReMvTBGQ4dNJbBygiRCqes7,73.015502,76.244089,81.536333,0,2591700,81.410962,Interactive,4,7.0
177000,ZXGOZbIjK5v+i0EEHS1SywZP4yiFZ8ZKmsXeJkkPrReMvTBGQ4dNJbBygiRCqes7,74.850706,77.38369,79.993492,0,2591700,81.410962,Interactive,4,7.0
177300,ZXGOZbIjK5v+i0EEHS1SywZP4yiFZ8ZKmsXeJkkPrReMvTBGQ4dNJbBygiRCqes7,69.669127,74.50927800000001,80.270682,0,2591700,81.410962,Interactive,4,7.0
177600,ZXGOZbIjK5v+i0EEHS1SywZP4yiFZ8ZKmsXeJkkPrReMvTBGQ4dNJbBygiRCqes7,69.404185,75.23508100000001,79.407786,0,2591700,81.410962,Interactive,4,7.0
177900,ZXGOZbIjK5v+i0EEHS1SywZP4yiFZ8ZKmsXeJkkPrReMvTBGQ4dNJbBygiRCqes7,73.318606,76.026442,80.085974,0,2591700,81.410962,Interactive,4,7.0
178200,ZXGOZbIjK5v+i0EEHS1SywZP4yiFZ8ZKmsXeJkkPrReMvTBGQ4dNJbBygiRCqes7,73.558112,76.303638,79.833585,0,2591700,81.410962,Interactive,4,7.0
178500,ZXGOZbIjK5v+i0EEHS1SywZP4yiFZ8ZKmsXeJkkPrReMvTBGQ4dNJbBygiRCqes7,67.8941,74.123429,79.85724499999999,0,2591700,81.410962,Interactive,4,7.0
178800,ZXGOZbIjK5v+i0EEHS1SywZP4yiFZ8ZKmsXeJkkPrReMvTBGQ4dNJbBygiRCqes7,71.25200500000001,74.479458,77.744312,0,2591700,81.410962,Interactive,4,7.0
179100,ZXGOZbIjK5v+i0EEHS1SywZP4yiFZ8ZKmsXeJkkPrReMvTBGQ4dNJbBygiRCqes7,70.899552,74.350039,78.976299,0,2591700,81.410962,Interactive,4,7.0
179400,ZXGOZbIjK5v+i0EEHS1SywZP4yiFZ8ZKmsXeJkkPrReMvTBGQ4dNJbBygiRCqes7,69.118836,74.331159,78.722799,0,2591700,81.410962,Interactive,4,7.0
179700,ZXGOZbIjK5v+i0EEHS1SywZP4yiFZ8ZKmsXeJkkPrReMvTBGQ4dNJbBygiRCqes7,71.695491,74.69874200000001,78.67129200000001,0,2591700,81.410962,Interactive,4,7.0
180000,ZXGOZbIjK5v+i0EEHS1SywZP4yiFZ8ZKmsXeJkkPrReMvTBGQ4dNJbBygiRCqes7,70.163563,75.589442,79.29421500000001,0,2591700,81.410962,Interactive,4,7.0
180300,ZXGOZbIjK5v+i0EEHS1SywZP4yiFZ8ZKmsXeJkkPrReMvTBGQ4dNJbBygiRCqes7,72.19759499999999,74.90303,78.982026,0,2591700,81.410962,Interactive,4,7.0
180600,ZXGOZbIjK5v+i0EEHS1SywZP4yiFZ8ZKmsXeJkkPrReMvTBGQ4dNJbBygiRCqes7,73.803294,77.030714,80.028176,0,2591700,81.410962,Interactive,4,7.0
180900,ZXGOZbIjK5v+i0EEHS1SywZP4yiFZ8ZKmsXeJkkPrReMvTBGQ4dNJbBygiRCqes7,70.568933,74.266603,79.48420899999999,0,2591700,81.410962,Interactive,4,7.0
181200,ZXGOZbIjK5v+i0EEHS1SywZP4yiFZ8ZKmsXeJkkPrReMvTBGQ4dNJbBygiRCqes7,69.973479,73.2545,78.072182,0,2591700,81.410962,Interactive,4,7.0
181500,ZXGOZbIjK5v+i0EEHS1SywZP4yiFZ8ZKmsXeJkkPrReMvTBGQ4dNJbBygiRCqes7,71.907129,76.00406600000001,79.954957,0,2591700,81.410962,Interactive,4,7.0
181800,ZXGOZbIjK5v+i0EEHS1SywZP4yiFZ8ZKmsXeJkkPrReMvTBGQ4dNJbBygiRCqes7,72.473253,77.35791800000001,81.814357,0,2591700,81.410962,Interactive,4,7.0
182100,ZXGOZbIjK5v+i0EEHS1SywZP4yiFZ8ZKmsXeJkkPrReMvTBGQ4dNJbBygiRCqes7,73.08980600000001,75.488605,80.68497099999999,0,2591700,81.410962,Interactive,4,7.0
182400,ZXGOZbIjK5v+i0EEHS1SywZP4yiFZ8ZKmsXeJkkPrReMvTBGQ4dNJbBygiRCqes7,73.54863399999999,76.456132,80.890615,0,2591700,81.410962,Interactive,4,7.0
182700,ZXGOZbIjK5v+i0EEHS1SywZP4yiFZ8ZKmsXeJkkPrReMvTBGQ4dNJbBygiRCqes7,72.143103,75.825253,80.93168100000001,0,2591700,81.410962,Interactive,4,7.0
183000,ZXGOZbIjK5v+i0EEHS1SywZP4yiFZ8ZKmsXeJkkPrReMvTBGQ4dNJbBygiRCqes7,69.503244,73.364358,77.522196,0,2591700,81.410962,Interactive,4,7.0
183300,ZXGOZbIjK5v+i0EEHS1SywZP4yiFZ8ZKmsXeJkkPrReMvTBGQ4dNJbBygiRCqes7,65.770537,71.664922,76.314143,0,2591700,81.410962,Interactive,4,7.0
183600,ZXGOZbIjK5v+i0EEHS1SywZP4yiFZ8ZKmsXeJkkPrReMvTBGQ4dNJbBygiRCqes7,71.442185,74.278525,77.239115,0,2591700,81.410962,Interactive,4,7.0
183900,ZXGOZbIjK5v+i0EEHS1SywZP4yiFZ8ZKmsXeJkkPrReMvTBGQ4dNJbBygiRCqes7,72.098813,76.247764,79.663225,0,2591700,81.410962,Interactive,4,7.0
184200,ZXGOZbIjK5v+i0EEHS1SywZP4yiFZ8ZKmsXeJkkPrReMvTBGQ4dNJbBygiRCqes7,74.882402,77.75435300000001,82.34147800000001,0,2591700,81.410962,Interactive,4,7.0
184500,ZXGOZbIjK5v+i0EEHS1SywZP4yiFZ8ZKmsXeJkkPrReMvTBGQ4dNJbBygiRCqes7,72.50874499999999,76.072478,81.983231,0,2591700,81.410962,Interactive,4,7.0
184800,ZXGOZbIjK5v+i0EEHS1SywZP4yiFZ8ZKmsXeJkkPrReMvTBGQ4dNJbBygiRCqes7,69.408691,75.681411,79.551538,0,2591700,81.410962,Interactive,4,7.0
185100,ZXGOZbIjK5v+i0EEHS1SywZP4yiFZ8ZKmsXeJkkPrReMvTBGQ4dNJbBygiRCqes7,72.059296,74.591491,77.723869,0,2591700,81.410962,Interactive,4,7.0
185400,ZXGOZbIjK5v+i0EEHS1SywZP4yiFZ8ZKmsXeJkkPrReMvTBGQ4dNJbBygiRCqes7,73.856432,76.360539,79.812625,0,2591700,81.410962,Interactive,4,7.0
185700,ZXGOZbIjK5v+i0EEHS1SywZP4yiFZ8ZKmsXeJkkPrReMvTBGQ4dNJbBygiRCqes7,74.213329,76.276214,80.84423000000001,0,2591700,81.410962,Interactive,4,7.0
186000,ZXGOZbIjK5v+i0EEHS1SywZP4yiFZ8ZKmsXeJkkPrReMvTBGQ4dNJbBygiRCqes7,74.17834599999999,76.277914,79.779117,0,2591700,81.410962,Interactive,4,7.0
186300,ZXGOZbIjK5v+i0EEHS1SywZP4yiFZ8ZKmsXeJkkPrReMvTBGQ4dNJbBygiRCqes7,71.614336,74.792465,78.265338,0,2591700,81.410962,Interactive,4,7.0
186600,ZXGOZbIjK5v+i0EEHS1SywZP4yiFZ8ZKmsXeJkkPrReMvTBGQ4dNJbBygiRCqes7,71.50469100000001,74.854519,81.361921,0,2591700,81.410962,Interactive,4,7.0
186900,ZXGOZbIjK5v+i0EEHS1SywZP4yiFZ8ZKmsXeJkkPrReMvTBGQ4dNJbBygiRCqes7,69.595966,73.469047,78.139887,0,2591700,81.410962,Interactive,4,7.0
187200,ZXGOZbIjK5v+i0EEHS1SywZP4yiFZ8ZKmsXeJkkPrReMvTBGQ4dNJbBygiRCqes7,70.336493,75.11244,78.723382,0,2591700,81.410962,Interactive,4,7.0
187500,ZXGOZbIjK5v+i0EEHS1SywZP4yiFZ8ZKmsXeJkkPrReMvTBGQ4dNJbBygiRCqes7,69.295399,73.519926,78.358297,0,2591700,81.410962,Interactive,4,7.0
187800,ZXGOZbIjK5v+i0EEHS1SywZP4yiFZ8ZKmsXeJkkPrReMvTBGQ4dNJbBygiRCqes7,72.802356,76.043,81.533268,0,2591700,81.410962,Interactive,4,7.0
188100,ZXGOZbIjK5v+i0EEHS1SywZP4yiFZ8ZKmsXeJkkPrReMvTBGQ4dNJbBygiRCqes7,73.427972,76.138277,80.38404399999999,0,2591700,81.410962,Interactive,4,7.0
188400,ZXGOZbIjK5v+i0EEHS1SywZP4yiFZ8ZKmsXeJkkPrReMvTBGQ4dNJbBygiRCqes7,74.57672,77.24896600000001,81.259505,0,2591700,81.410962,Interactive,4,7.0
188700,ZXGOZbIjK5v+i0EEHS1SywZP4yiFZ8ZKmsXeJkkPrReMvTBGQ4dNJbBygiRCqes7,71.39285500000001,74.09788,77.899038,0,2591700,81.410962,Interactive,4,7.0
189000,ZXGOZbIjK5v+i0EEHS1SywZP4yiFZ8ZKmsXeJkkPrReMvTBGQ4dNJbBygiRCqes7,72.21556700000001,75.12715899999999,80.02934599999999,0,2591700,81.410962,Interactive,4,7.0
189300,ZXGOZbIjK5v+i0EEHS1SywZP4yiFZ8ZKmsXeJkkPrReMvTBGQ4dNJbBygiRCqes7,70.328326,73.68993,78.18002800000001,0,2591700,81.410962,Interactive,4,7.0
189600,ZXGOZbIjK5v+i0EEHS1SywZP4yiFZ8ZKmsXeJkkPrReMvTBGQ4dNJbBygiRCqes7,68.349879,73.192667,77.888642,0,2591700,81.410962,Interactive,4,7.0
189900,ZXGOZbIjK5v+i0EEHS1SywZP4yiFZ8ZKmsXeJkkPrReMvTBGQ4dNJbBygiRCqes7,69.376365,72.928825,77.222954,0,2591700,81.410962,Interactive,4,7.0
190200,ZXGOZbIjK5v+i0EEHS1SywZP4yiFZ8ZKmsXeJkkPrReMvTBGQ4dNJbBygiRCqes7,67.393564,73.355659,78.539697,0,2591700,81.410962,Interactive,4,7.0
190500,ZXGOZbIjK5v+i0EEHS1SywZP4yiFZ8ZKmsXeJkkPrReMvTBGQ4dNJbBygiRCqes7,70.104105,74.901528,79.212846,0,2591700,81.410962,Interactive,4,7.0
190800,ZXGOZbIjK5v+i0EEHS1SywZP4yiFZ8ZKmsXeJkkPrReMvTBGQ4dNJbBygiRCqes7,72.40550999999999,75.783752,79.093395,0,2591700,81.410962,Interactive,4,7.0
191100,ZXGOZbIjK5v+i0EEHS1SywZP4yiFZ8ZKmsXeJkkPrReMvTBGQ4dNJbBygiRCqes7,71.499443,73.57415300000001,77.09407,0,2591700,81.410962,Interactive,4,7.0
191400,ZXGOZbIjK5v+i0EEHS1SywZP4yiFZ8ZKmsXeJkkPrReMvTBGQ4dNJbBygiRCqes7,71.597808,76.01110200000001,80.292458,0,2591700,81.410962,Interactive,4,7.0
191700,ZXGOZbIjK5v+i0EEHS1SywZP4yiFZ8ZKmsXeJkkPrReMvTBGQ4dNJbBygiRCqes7,74.793543,76.951832,81.574874,0,2591700,81.410962,Interactive,4,7.0
192000,ZXGOZbIjK5v+i0EEHS1SywZP4yiFZ8ZKmsXeJkkPrReMvTBGQ4dNJbBygiRCqes7,75.12925600000001,77.313874,81.821337,0,2591700,81.410962,Interactive,4,7.0
192300,ZXGOZbIjK5v+i0EEHS1SywZP4yiFZ8ZKmsXeJkkPrReMvTBGQ4dNJbBygiRCqes7,71.107886,73.703171,77.04159200000001,0,2591700,81.410962,Interactive,4,7.0
192600,ZXGOZbIjK5v+i0EEHS1SywZP4yiFZ8ZKmsXeJkkPrReMvTBGQ4dNJbBygiRCqes7,72.476375,76.197734,81.476732,0,2591700,81.410962,Interactive,4,7.0
192900,ZXGOZbIjK5v+i0EEHS1SywZP4yiFZ8ZKmsXeJkkPrReMvTBGQ4dNJbBygiRCqes7,74.154885,76.720815,79.724434,0,2591700,81.410962,Interactive,4,7.0
193200,ZXGOZbIjK5v+i0EEHS1SywZP4yiFZ8ZKmsXeJkkPrReMvTBGQ4dNJbBygiRCqes7,72.53224200000001,75.946887,79.683,0,2591700,81.410962,Interactive,4,7.0
193500,ZXGOZbIjK5v+i0EEHS1SywZP4yiFZ8ZKmsXeJkkPrReMvTBGQ4dNJbBygiRCqes7,68.639013,73.887539,78.055502,0,2591700,81.410962,Interactive,4,7.0
193800,ZXGOZbIjK5v+i0EEHS1SywZP4yiFZ8ZKmsXeJkkPrReMvTBGQ4dNJbBygiRCqes7,64.972706,71.49398599999999,74.851644,0,2591700,81.410962,Interactive,4,7.0
194100,ZXGOZbIjK5v+i0EEHS1SywZP4yiFZ8ZKmsXeJkkPrReMvTBGQ4dNJbBygiRCqes7,69.762979,74.148422,79.801488,0,2591700,81.410962,Interactive,4,7.0
194400,ZXGOZbIjK5v+i0EEHS1SywZP4yiFZ8ZKmsXeJkkPrReMvTBGQ4dNJbBygiRCqes7,73.739062,76.227076,78.876124,0,2591700,81.410962,Interactive,4,7.0
194700,ZXGOZbIjK5v+i0EEHS1SywZP4yiFZ8ZKmsXeJkkPrReMvTBGQ4dNJbBygiRCqes7,72.095804,74.659132,78.958985,0,2591700,81.410962,Interactive,4,7.0
195000,ZXGOZbIjK5v+i0EEHS1SywZP4yiFZ8ZKmsXeJkkPrReMvTBGQ4dNJbBygiRCqes7,72.062203,76.152265,79.234388,0,2591700,81.410962,Interactive,4,7.0
195300,ZXGOZbIjK5v+i0EEHS1SywZP4yiFZ8ZKmsXeJkkPrReMvTBGQ4dNJbBygiRCqes7,74.401562,76.841358,81.019048,0,2591700,81.410962,Interactive,4,7.0
195600,ZXGOZbIjK5v+i0EEHS1SywZP4yiFZ8ZKmsXeJkkPrReMvTBGQ4dNJbBygiRCqes7,73.738989,76.512564,82.38501600000001,0,2591700,81.410962,Interactive,4,7.0
195900,ZXGOZbIjK5v+i0EEHS1SywZP4yiFZ8ZKmsXeJkkPrReMvTBGQ4dNJbBygiRCqes7,71.331967,74.06130300000001,78.093682,0,2591700,81.410962,Interactive,4,7.0
196200,ZXGOZbIjK5v+i0EEHS1SywZP4yiFZ8ZKmsXeJkkPrReMvTBGQ4dNJbBygiRCqes7,71.67560999999999,75.862845,83.086457,0,2591700,81.410962,Interactive,4,7.0
196500,ZXGOZbIjK5v+i0EEHS1SywZP4yiFZ8ZKmsXeJkkPrReMvTBGQ4dNJbBygiRCqes7,0.933807,48.231307,79.637887,0,2591700,81.410962,Interactive,4,7.0
196800,ZXGOZbIjK5v+i0EEHS1SywZP4yiFZ8ZKmsXeJkkPrReMvTBGQ4dNJbBygiRCqes7,8.726125999999999,31.296272,93.929083,0,2591700,81.410962,Interactive,4,7.0
197100,ZXGOZbIjK5v+i0EEHS1SywZP4yiFZ8ZKmsXeJkkPrReMvTBGQ4dNJbBygiRCqes7,2.238219,17.609191,73.119781,0,2591700,81.410962,Interactive,4,7.0
197400,ZXGOZbIjK5v+i0EEHS1SywZP4yiFZ8ZKmsXeJkkPrReMvTBGQ4dNJbBygiRCqes7,73.648652,76.769701,82.369857,0,2591700,81.410962,Interactive,4,7.0
197700,ZXGOZbIjK5v+i0EEHS1SywZP4yiFZ8ZKmsXeJkkPrReMvTBGQ4dNJbBygiRCqes7,7.508961,52.51612900000001,86.468047,0,2591700,81.410962,Interactive,4,7.0
198000,ZXGOZbIjK5v+i0EEHS1SywZP4yiFZ8ZKmsXeJkkPrReMvTBGQ4dNJbBygiRCqes7,6.395559,28.321292,37.130391,0,2591700,81.410962,Interactive,4,7.0
198300,ZXGOZbIjK5v+i0EEHS1SywZP4yiFZ8ZKmsXeJkkPrReMvTBGQ4dNJbBygiRCqes7,21.280551000000003,31.758062,49.290267,0,2591700,81.410962,Interactive,4,7.0
198600,ZXGOZbIjK5v+i0EEHS1SywZP4yiFZ8ZKmsXeJkkPrReMvTBGQ4dNJbBygiRCqes7,27.776,51.078359000000006,58.975279,0,2591700,81.410962,Interactive,4,7.0
198900,ZXGOZbIjK5v+i0EEHS1SywZP4yiFZ8ZKmsXeJkkPrReMvTBGQ4dNJbBygiRCqes7,49.789768,57.197384,62.438275,0,2591700,81.410962,Interactive,4,7.0
199200,ZXGOZbIjK5v+i0EEHS1SywZP4yiFZ8ZKmsXeJkkPrReMvTBGQ4dNJbBygiRCqes7,54.084555,60.191581000000006,62.518558,0,2591700,81.410962,Interactive,4,7.0
199500,ZXGOZbIjK5v+i0EEHS1SywZP4yiFZ8ZKmsXeJkkPrReMvTBGQ4dNJbBygiRCqes7,57.758452,62.342901,70.116644,0,2591700,81.410962,Interactive,4,7.0
199800,ZXGOZbIjK5v+i0EEHS1SywZP4yiFZ8ZKmsXeJkkPrReMvTBGQ4dNJbBygiRCqes7,54.867511,59.68328100000001,65.251778,0,2591700,81.410962,Interactive,4,7.0
200100,ZXGOZbIjK5v+i0EEHS1SywZP4yiFZ8ZKmsXeJkkPrReMvTBGQ4dNJbBygiRCqes7,57.357609,61.782292000000005,67.42294100000001,0,2591700,81.410962,Interactive,4,7.0
200400,ZXGOZbIjK5v+i0EEHS1SywZP4yiFZ8ZKmsXeJkkPrReMvTBGQ4dNJbBygiRCqes7,57.255692,61.737537,65.21544499999999,0,2591700,81.410962,Interactive,4,7.0
200700,ZXGOZbIjK5v+i0EEHS1SywZP4yiFZ8ZKmsXeJkkPrReMvTBGQ4dNJbBygiRCqes7,58.053299,62.192311,66.405016,0,2591700,81.410962,Interactive,4,7.0
201000,ZXGOZbIjK5v+i0EEHS1SywZP4yiFZ8ZKmsXeJkkPrReMvTBGQ4dNJbBygiRCqes7,57.560772,61.077398,65.372215,0,2591700,81.410962,Interactive,4,7.0
201300,ZXGOZbIjK5v+i0EEHS1SywZP4yiFZ8ZKmsXeJkkPrReMvTBGQ4dNJbBygiRCqes7,58.34879399999999,63.058821,67.498747,0,2591700,81.410962,Interactive,4,7.0
201600,ZXGOZbIjK5v+i0EEHS1SywZP4yiFZ8ZKmsXeJkkPrReMvTBGQ4dNJbBygiRCqes7,52.759244,59.602149,66.85320899999999,0,2591700,81.410962,Interactive,4,7.0
201900,ZXGOZbIjK5v+i0EEHS1SywZP4yiFZ8ZKmsXeJkkPrReMvTBGQ4dNJbBygiRCqes7,50.178935,58.836153,68.087396,0,2591700,81.410962,Interactive,4,7.0
202200,ZXGOZbIjK5v+i0EEHS1SywZP4yiFZ8ZKmsXeJkkPrReMvTBGQ4dNJbBygiRCqes7,49.314234,54.837226,62.96931800000001,0,2591700,81.410962,Interactive,4,7.0
202500,ZXGOZbIjK5v+i0EEHS1SywZP4yiFZ8ZKmsXeJkkPrReMvTBGQ4dNJbBygiRCqes7,50.1615,56.929689,65.412638,0,2591700,81.410962,Interactive,4,7.0
202800,ZXGOZbIjK5v+i0EEHS1SywZP4yiFZ8ZKmsXeJkkPrReMvTBGQ4dNJbBygiRCqes7,54.016516,58.564302000000005,63.944355,0,2591700,81.410962,Interactive,4,7.0
203100,ZXGOZbIjK5v+i0EEHS1SywZP4yiFZ8ZKmsXeJkkPrReMvTBGQ4dNJbBygiRCqes7,56.877655,62.549988,67.281233,0,2591700,81.410962,Interactive,4,7.0
203400,ZXGOZbIjK5v+i0EEHS1SywZP4yiFZ8ZKmsXeJkkPrReMvTBGQ4dNJbBygiRCqes7,57.718638,61.555980000000005,66.064966,0,2591700,81.410962,Interactive,4,7.0
203700,ZXGOZbIjK5v+i0EEHS1SywZP4yiFZ8ZKmsXeJkkPrReMvTBGQ4dNJbBygiRCqes7,59.255637,64.290012,70.219546,0,2591700,81.410962,Interactive,4,7.0
204000,ZXGOZbIjK5v+i0EEHS1SywZP4yiFZ8ZKmsXeJkkPrReMvTBGQ4dNJbBygiRCqes7,57.772123,62.58531899999999,69.738702,0,2591700,81.410962,Interactive,4,7.0
204300,ZXGOZbIjK5v+i0EEHS1SywZP4yiFZ8ZKmsXeJkkPrReMvTBGQ4dNJbBygiRCqes7,57.918412,62.806759,68.115341,0,2591700,81.410962,Interactive,4,7.0
204600,ZXGOZbIjK5v+i0EEHS1SywZP4yiFZ8ZKmsXeJkkPrReMvTBGQ4dNJbBygiRCqes7,59.390868000000005,63.785185,70.846967,0,2591700,81.410962,Interactive,4,7.0
204900,ZXGOZbIjK5v+i0EEHS1SywZP4yiFZ8ZKmsXeJkkPrReMvTBGQ4dNJbBygiRCqes7,58.645398,62.80911700000001,66.50944,0,2591700,81.410962,Interactive,4,7.0
205200,ZXGOZbIjK5v+i0EEHS1SywZP4yiFZ8ZKmsXeJkkPrReMvTBGQ4dNJbBygiRCqes7,57.71246899999999,63.467179,73.259089,0,2591700,81.410962,Interactive,4,7.0
205500,ZXGOZbIjK5v+i0EEHS1SywZP4yiFZ8ZKmsXeJkkPrReMvTBGQ4dNJbBygiRCqes7,50.740235,57.379569,61.786762,0,2591700,81.410962,Interactive,4,7.0
205800,ZXGOZbIjK5v+i0EEHS1SywZP4yiFZ8ZKmsXeJkkPrReMvTBGQ4dNJbBygiRCqes7,49.461522,56.864291,68.168723,0,2591700,81.410962,Interactive,4,7.0
206100,ZXGOZbIjK5v+i0EEHS1SywZP4yiFZ8ZKmsXeJkkPrReMvTBGQ4dNJbBygiRCqes7,49.399188,56.89364200000001,66.753796,0,2591700,81.410962,Interactive,4,7.0
206400,ZXGOZbIjK5v+i0EEHS1SywZP4yiFZ8ZKmsXeJkkPrReMvTBGQ4dNJbBygiRCqes7,56.026758,59.740121,65.370574,0,2591700,81.410962,Interactive,4,7.0
206700,ZXGOZbIjK5v+i0EEHS1SywZP4yiFZ8ZKmsXeJkkPrReMvTBGQ4dNJbBygiRCqes7,55.45978,59.337114,67.61090899999999,0,2591700,81.410962,Interactive,4,7.0
207000,ZXGOZbIjK5v+i0EEHS1SywZP4yiFZ8ZKmsXeJkkPrReMvTBGQ4dNJbBygiRCqes7,54.916608,64.183586,71.328852,0,2591700,81.410962,Interactive,4,7.0
207300,ZXGOZbIjK5v+i0EEHS1SywZP4yiFZ8ZKmsXeJkkPrReMvTBGQ4dNJbBygiRCqes7,56.340154000000005,60.849001,67.62101,0,2591700,81.410962,Interactive,4,7.0
207600,ZXGOZbIjK5v+i0EEHS1SywZP4yiFZ8ZKmsXeJkkPrReMvTBGQ4dNJbBygiRCqes7,58.394661,64.37389499999999,70.391269,0,2591700,81.410962,Interactive,4,7.0
207900,ZXGOZbIjK5v+i0EEHS1SywZP4yiFZ8ZKmsXeJkkPrReMvTBGQ4dNJbBygiRCqes7,56.156075,60.601448,68.603894,0,2591700,81.410962,Interactive,4,7.0
208200,ZXGOZbIjK5v+i0EEHS1SywZP4yiFZ8ZKmsXeJkkPrReMvTBGQ4dNJbBygiRCqes7,58.385422,63.994656000000006,67.859939,0,2591700,81.410962,Interactive,4,7.0
208500,ZXGOZbIjK5v+i0EEHS1SywZP4yiFZ8ZKmsXeJkkPrReMvTBGQ4dNJbBygiRCqes7,60.004856,63.665635,72.30014200000001,0,2591700,81.410962,Interactive,4,7.0
208800,ZXGOZbIjK5v+i0EEHS1SywZP4yiFZ8ZKmsXeJkkPrReMvTBGQ4dNJbBygiRCqes7,59.98544,64.882767,69.999442,0,2591700,81.410962,Interactive,4,7.0
209100,ZXGOZbIjK5v+i0EEHS1SywZP4yiFZ8ZKmsXeJkkPrReMvTBGQ4dNJbBygiRCqes7,52.458063,58.99725600000001,64.65514300000001,0,2591700,81.410962,Interactive,4,7.0
209400,ZXGOZbIjK5v+i0EEHS1SywZP4yiFZ8ZKmsXeJkkPrReMvTBGQ4dNJbBygiRCqes7,56.943349,62.144392,68.452526,0,2591700,81.410962,Interactive,4,7.0
209700,ZXGOZbIjK5v+i0EEHS1SywZP4yiFZ8ZKmsXeJkkPrReMvTBGQ4dNJbBygiRCqes7,55.33950600000001,58.714146,62.752515,0,2591700,81.410962,Interactive,4,7.0
210000,ZXGOZbIjK5v+i0EEHS1SywZP4yiFZ8ZKmsXeJkkPrReMvTBGQ4dNJbBygiRCqes7,55.361061,61.525909,70.39796700000001,0,2591700,81.410962,Interactive,4,7.0
210300,ZXGOZbIjK5v+i0EEHS1SywZP4yiFZ8ZKmsXeJkkPrReMvTBGQ4dNJbBygiRCqes7,52.514681,58.083404,63.060329,0,2591700,81.410962,Interactive,4,7.0
210600,ZXGOZbIjK5v+i0EEHS1SywZP4yiFZ8ZKmsXeJkkPrReMvTBGQ4dNJbBygiRCqes7,53.762919,61.464797,67.370571,0,2591700,81.410962,Interactive,4,7.0
210900,ZXGOZbIjK5v+i0EEHS1SywZP4yiFZ8ZKmsXeJkkPrReMvTBGQ4dNJbBygiRCqes7,56.553595,60.310865,63.531524,0,2591700,81.410962,Interactive,4,7.0
211200,ZXGOZbIjK5v+i0EEHS1SywZP4yiFZ8ZKmsXeJkkPrReMvTBGQ4dNJbBygiRCqes7,59.528204,64.53635,69.37944399999999,0,2591700,81.410962,Interactive,4,7.0
211500,ZXGOZbIjK5v+i0EEHS1SywZP4yiFZ8ZKmsXeJkkPrReMvTBGQ4dNJbBygiRCqes7,54.684432,59.569262,65.015281,0,2591700,81.410962,Interactive,4,7.0
211800,ZXGOZbIjK5v+i0EEHS1SywZP4yiFZ8ZKmsXeJkkPrReMvTBGQ4dNJbBygiRCqes7,55.005219,60.176085,67.99209599999999,0,2591700,81.410962,Interactive,4,7.0
212100,ZXGOZbIjK5v+i0EEHS1SywZP4yiFZ8ZKmsXeJkkPrReMvTBGQ4dNJbBygiRCqes7,56.248238,61.104612,66.818861,0,2591700,81.410962,Interactive,4,7.0
212400,ZXGOZbIjK5v+i0EEHS1SywZP4yiFZ8ZKmsXeJkkPrReMvTBGQ4dNJbBygiRCqes7,59.430168,63.461879,67.683351,0,2591700,81.410962,Interactive,4,7.0
212700,ZXGOZbIjK5v+i0EEHS1SywZP4yiFZ8ZKmsXeJkkPrReMvTBGQ4dNJbBygiRCqes7,57.48784499999999,62.262792000000005,66.639415,0,2591700,81.410962,Interactive,4,7.0
213000,ZXGOZbIjK5v+i0EEHS1SywZP4yiFZ8ZKmsXeJkkPrReMvTBGQ4dNJbBygiRCqes7,55.97548199999999,61.668975,66.865649,0,2591700,81.410962,Interactive,4,7.0
213300,ZXGOZbIjK5v+i0EEHS1SywZP4yiFZ8ZKmsXeJkkPrReMvTBGQ4dNJbBygiRCqes7,55.453812,59.730246,65.109905,0,2591700,81.410962,Interactive,4,7.0
213600,ZXGOZbIjK5v+i0EEHS1SywZP4yiFZ8ZKmsXeJkkPrReMvTBGQ4dNJbBygiRCqes7,57.452215,62.486322,67.098725,0,2591700,81.410962,Interactive,4,7.0
213900,ZXGOZbIjK5v+i0EEHS1SywZP4yiFZ8ZKmsXeJkkPrReMvTBGQ4dNJbBygiRCqes7,60.094781000000005,64.025953,68.234137,0,2591700,81.410962,Interactive,4,7.0
214200,ZXGOZbIjK5v+i0EEHS1SywZP4yiFZ8ZKmsXeJkkPrReMvTBGQ4dNJbBygiRCqes7,52.424971,59.718144,67.346008,0,2591700,81.410962,Interactive,4,7.0
214500,ZXGOZbIjK5v+i0EEHS1SywZP4yiFZ8ZKmsXeJkkPrReMvTBGQ4dNJbBygiRCqes7,53.49351,58.77876,64.058459,0,2591700,81.410962,Interactive,4,7.0
214800,ZXGOZbIjK5v+i0EEHS1SywZP4yiFZ8ZKmsXeJkkPrReMvTBGQ4dNJbBygiRCqes7,56.011389,62.08114499999999,67.52586099999999,0,2591700,81.410962,Interactive,4,7.0
215100,ZXGOZbIjK5v+i0EEHS1SywZP4yiFZ8ZKmsXeJkkPrReMvTBGQ4dNJbBygiRCqes7,57.68768000000001,61.219473,65.46313,0,2591700,81.410962,Interactive,4,7.0
215400,ZXGOZbIjK5v+i0EEHS1SywZP4yiFZ8ZKmsXeJkkPrReMvTBGQ4dNJbBygiRCqes7,56.19089,60.865692,68.593813,0,2591700,81.410962,Interactive,4,7.0
215700,ZXGOZbIjK5v+i0EEHS1SywZP4yiFZ8ZKmsXeJkkPrReMvTBGQ4dNJbBygiRCqes7,54.762324,59.15541999999999,64.008092,0,2591700,81.410962,Interactive,4,7.0
216000,ZXGOZbIjK5v+i0EEHS1SywZP4yiFZ8ZKmsXeJkkPrReMvTBGQ4dNJbBygiRCqes7,55.537499,62.59103100000001,70.475153,0,2591700,81.410962,Interactive,4,7.0
216300,ZXGOZbIjK5v+i0EEHS1SywZP4yiFZ8ZKmsXeJkkPrReMvTBGQ4dNJbBygiRCqes7,57.569649,61.094976,65.882611,0,2591700,81.410962,Interactive,4,7.0
216600,ZXGOZbIjK5v+i0EEHS1SywZP4yiFZ8ZKmsXeJkkPrReMvTBGQ4dNJbBygiRCqes7,56.230192,60.81256,68.412133,0,2591700,81.410962,Interactive,4,7.0
216900,ZXGOZbIjK5v+i0EEHS1SywZP4yiFZ8ZKmsXeJkkPrReMvTBGQ4dNJbBygiRCqes7,54.48252,58.655019,63.207936,0,2591700,81.410962,Interactive,4,7.0
217200,ZXGOZbIjK5v+i0EEHS1SywZP4yiFZ8ZKmsXeJkkPrReMvTBGQ4dNJbBygiRCqes7,56.353198,60.63819,66.693389,0,2591700,81.410962,Interactive,4,7.0
217500,ZXGOZbIjK5v+i0EEHS1SywZP4yiFZ8ZKmsXeJkkPrReMvTBGQ4dNJbBygiRCqes7,54.382933,57.562748,61.85033000000001,0,2591700,81.410962,Interactive,4,7.0
217800,ZXGOZbIjK5v+i0EEHS1SywZP4yiFZ8ZKmsXeJkkPrReMvTBGQ4dNJbBygiRCqes7,56.443309,62.298678,69.056784,0,2591700,81.410962,Interactive,4,7.0
218100,ZXGOZbIjK5v+i0EEHS1SywZP4yiFZ8ZKmsXeJkkPrReMvTBGQ4dNJbBygiRCqes7,53.14654399999999,56.932736,60.936699,0,2591700,81.410962,Interactive,4,7.0
218400,ZXGOZbIjK5v+i0EEHS1SywZP4yiFZ8ZKmsXeJkkPrReMvTBGQ4dNJbBygiRCqes7,57.507603,62.811792,67.880463,0,2591700,81.410962,Interactive,4,7.0
218700,ZXGOZbIjK5v+i0EEHS1SywZP4yiFZ8ZKmsXeJkkPrReMvTBGQ4dNJbBygiRCqes7,57.027814,59.9528,62.883466000000006,0,2591700,81.410962,Interactive,4,7.0
219000,ZXGOZbIjK5v+i0EEHS1SywZP4yiFZ8ZKmsXeJkkPrReMvTBGQ4dNJbBygiRCqes7,55.617133,61.235049,66.57579100000001,0,2591700,81.410962,Interactive,4,7.0
219300,ZXGOZbIjK5v+i0EEHS1SywZP4yiFZ8ZKmsXeJkkPrReMvTBGQ4dNJbBygiRCqes7,53.936164,57.79928100000001,64.216702,0,2591700,81.410962,Interactive,4,7.0
219600,ZXGOZbIjK5v+i0EEHS1SywZP4yiFZ8ZKmsXeJkkPrReMvTBGQ4dNJbBygiRCqes7,53.85228299999999,60.074622,66.12474499999999,0,2591700,81.410962,Interactive,4,7.0
219900,ZXGOZbIjK5v+i0EEHS1SywZP4yiFZ8ZKmsXeJkkPrReMvTBGQ4dNJbBygiRCqes7,55.368386,60.508528000000005,65.101261,0,2591700,81.410962,Interactive,4,7.0
220200,ZXGOZbIjK5v+i0EEHS1SywZP4yiFZ8ZKmsXeJkkPrReMvTBGQ4dNJbBygiRCqes7,53.161345,61.098686,67.427245,0,2591700,81.410962,Interactive,4,7.0
220500,ZXGOZbIjK5v+i0EEHS1SywZP4yiFZ8ZKmsXeJkkPrReMvTBGQ4dNJbBygiRCqes7,54.62854,58.25490500000001,62.642819,0,2591700,81.410962,Interactive,4,7.0
220800,ZXGOZbIjK5v+i0EEHS1SywZP4yiFZ8ZKmsXeJkkPrReMvTBGQ4dNJbBygiRCqes7,54.67132,59.235723,64.525097,0,2591700,81.410962,Interactive,4,7.0
221100,ZXGOZbIjK5v+i0EEHS1SywZP4yiFZ8ZKmsXeJkkPrReMvTBGQ4dNJbBygiRCqes7,56.22909,61.23506,65.8894,0,2591700,81.410962,Interactive,4,7.0
221400,ZXGOZbIjK5v+i0EEHS1SywZP4yiFZ8ZKmsXeJkkPrReMvTBGQ4dNJbBygiRCqes7,56.781273,63.138766,67.898266,0,2591700,81.410962,Interactive,4,7.0
221700,ZXGOZbIjK5v+i0EEHS1SywZP4yiFZ8ZKmsXeJkkPrReMvTBGQ4dNJbBygiRCqes7,60.264696,63.35266899999999,68.04566700000001,0,2591700,81.410962,Interactive,4,7.0
222000,ZXGOZbIjK5v+i0EEHS1SywZP4yiFZ8ZKmsXeJkkPrReMvTBGQ4dNJbBygiRCqes7,59.995489,64.245723,67.983488,0,2591700,81.410962,Interactive,4,7.0
222300,ZXGOZbIjK5v+i0EEHS1SywZP4yiFZ8ZKmsXeJkkPrReMvTBGQ4dNJbBygiRCqes7,57.893407,62.91014200000001,67.630364,0,2591700,81.410962,Interactive,4,7.0
222600,ZXGOZbIjK5v+i0EEHS1SywZP4yiFZ8ZKmsXeJkkPrReMvTBGQ4dNJbBygiRCqes7,57.54568,62.832803000000006,66.77416099999999,0,2591700,81.410962,Interactive,4,7.0
222900,ZXGOZbIjK5v+i0EEHS1SywZP4yiFZ8ZKmsXeJkkPrReMvTBGQ4dNJbBygiRCqes7,56.72799499999999,60.351043,64.694855,0,2591700,81.410962,Interactive,4,7.0
223200,ZXGOZbIjK5v+i0EEHS1SywZP4yiFZ8ZKmsXeJkkPrReMvTBGQ4dNJbBygiRCqes7,56.58381800000001,62.04977,66.723414,0,2591700,81.410962,Interactive,4,7.0
223500,ZXGOZbIjK5v+i0EEHS1SywZP4yiFZ8ZKmsXeJkkPrReMvTBGQ4dNJbBygiRCqes7,59.175973,62.101059,66.870414,0,2591700,81.410962,Interactive,4,7.0
223800,ZXGOZbIjK5v+i0EEHS1SywZP4yiFZ8ZKmsXeJkkPrReMvTBGQ4dNJbBygiRCqes7,57.388524,62.830428000000005,67.895258,0,2591700,81.410962,Interactive,4,7.0
224100,ZXGOZbIjK5v+i0EEHS1SywZP4yiFZ8ZKmsXeJkkPrReMvTBGQ4dNJbBygiRCqes7,54.386453,58.444776,64.48306,0,2591700,81.410962,Interactive,4,7.0
224400,ZXGOZbIjK5v+i0EEHS1SywZP4yiFZ8ZKmsXeJkkPrReMvTBGQ4dNJbBygiRCqes7,50.907487,57.744696,66.64924599999999,0,2591700,81.410962,Interactive,4,7.0
224700,ZXGOZbIjK5v+i0EEHS1SywZP4yiFZ8ZKmsXeJkkPrReMvTBGQ4dNJbBygiRCqes7,57.06511999999999,61.427659,66.634925,0,2591700,81.410962,Interactive,4,7.0
225000,ZXGOZbIjK5v+i0EEHS1SywZP4yiFZ8ZKmsXeJkkPrReMvTBGQ4dNJbBygiRCqes7,55.937982,60.494545,67.147453,0,2591700,81.410962,Interactive,4,7.0
225300,ZXGOZbIjK5v+i0EEHS1SywZP4yiFZ8ZKmsXeJkkPrReMvTBGQ4dNJbBygiRCqes7,51.465845,56.852685,63.504171,0,2591700,81.410962,Interactive,4,7.0
225600,ZXGOZbIjK5v+i0EEHS1SywZP4yiFZ8ZKmsXeJkkPrReMvTBGQ4dNJbBygiRCqes7,55.98716,60.859537,67.225165,0,2591700,81.410962,Interactive,4,7.0
225900,ZXGOZbIjK5v+i0EEHS1SywZP4yiFZ8ZKmsXeJkkPrReMvTBGQ4dNJbBygiRCqes7,56.340199,61.37406800000001,65.175801,0,2591700,81.410962,Interactive,4,7.0
226200,ZXGOZbIjK5v+i0EEHS1SywZP4yiFZ8ZKmsXeJkkPrReMvTBGQ4dNJbBygiRCqes7,58.478376,62.305779,69.83524200000001,0,2591700,81.410962,Interactive,4,7.0
226500,ZXGOZbIjK5v+i0EEHS1SywZP4yiFZ8ZKmsXeJkkPrReMvTBGQ4dNJbBygiRCqes7,57.471639,61.279402000000005,65.900713,0,2591700,81.410962,Interactive,4,7.0
226800,ZXGOZbIjK5v+i0EEHS1SywZP4yiFZ8ZKmsXeJkkPrReMvTBGQ4dNJbBygiRCqes7,56.223892000000006,62.030916000000005,75.110001,0,2591700,81.410962,Interactive,4,7.0
227100,ZXGOZbIjK5v+i0EEHS1SywZP4yiFZ8ZKmsXeJkkPrReMvTBGQ4dNJbBygiRCqes7,57.644876,62.444571,67.656192,0,2591700,81.410962,Interactive,4,7.0
227400,ZXGOZbIjK5v+i0EEHS1SywZP4yiFZ8ZKmsXeJkkPrReMvTBGQ4dNJbBygiRCqes7,59.44761999999999,62.913321,67.361351,0,2591700,81.410962,Interactive,4,7.0
227700,ZXGOZbIjK5v+i0EEHS1SywZP4yiFZ8ZKmsXeJkkPrReMvTBGQ4dNJbBygiRCqes7,58.382761,61.120409,66.53694399999999,0,2591700,81.410962,Interactive,4,7.0
228000,ZXGOZbIjK5v+i0EEHS1SywZP4yiFZ8ZKmsXeJkkPrReMvTBGQ4dNJbBygiRCqes7,56.069388,59.83325,64.509194,0,2591700,81.410962,Interactive,4,7.0
228300,ZXGOZbIjK5v+i0EEHS1SywZP4yiFZ8ZKmsXeJkkPrReMvTBGQ4dNJbBygiRCqes7,53.42345600000001,59.724424,63.964935,0,2591700,81.410962,Interactive,4,7.0
228600,ZXGOZbIjK5v+i0EEHS1SywZP4yiFZ8ZKmsXeJkkPrReMvTBGQ4dNJbBygiRCqes7,55.456543,60.171188,67.149229,0,2591700,81.410962,Interactive,4,7.0
228900,ZXGOZbIjK5v+i0EEHS1SywZP4yiFZ8ZKmsXeJkkPrReMvTBGQ4dNJbBygiRCqes7,54.366288,58.33126800000001,63.327246,0,2591700,81.410962,Interactive,4,7.0
229200,ZXGOZbIjK5v+i0EEHS1SywZP4yiFZ8ZKmsXeJkkPrReMvTBGQ4dNJbBygiRCqes7,54.695264,60.363382,66.397616,0,2591700,81.410962,Interactive,4,7.0
229500,ZXGOZbIjK5v+i0EEHS1SywZP4yiFZ8ZKmsXeJkkPrReMvTBGQ4dNJbBygiRCqes7,55.229758,60.520057,64.39471999999999,0,2591700,81.410962,Interactive,4,7.0
229800,ZXGOZbIjK5v+i0EEHS1SywZP4yiFZ8ZKmsXeJkkPrReMvTBGQ4dNJbBygiRCqes7,58.301729,62.126466,67.633878,0,2591700,81.410962,Interactive,4,7.0
230100,ZXGOZbIjK5v+i0EEHS1SywZP4yiFZ8ZKmsXeJkkPrReMvTBGQ4dNJbBygiRCqes7,55.75173100000001,59.258836,66.240116,0,2591700,81.410962,Interactive,4,7.0
230400,ZXGOZbIjK5v+i0EEHS1SywZP4yiFZ8ZKmsXeJkkPrReMvTBGQ4dNJbBygiRCqes7,55.96712,59.7745,63.676207,0,2591700,81.410962,Interactive,4,7.0
230700,ZXGOZbIjK5v+i0EEHS1SywZP4yiFZ8ZKmsXeJkkPrReMvTBGQ4dNJbBygiRCqes7,56.878524,62.315997,66.062502,0,2591700,81.410962,Interactive,4,7.0
231000,ZXGOZbIjK5v+i0EEHS1SywZP4yiFZ8ZKmsXeJkkPrReMvTBGQ4dNJbBygiRCqes7,59.265668000000005,61.989265,68.02931,0,2591700,81.410962,Interactive,4,7.0
231300,ZXGOZbIjK5v+i0EEHS1SywZP4yiFZ8ZKmsXeJkkPrReMvTBGQ4dNJbBygiRCqes7,58.097117,61.09105600000001,64.86957,0,2591700,81.410962,Interactive,4,7.0
231600,ZXGOZbIjK5v+i0EEHS1SywZP4yiFZ8ZKmsXeJkkPrReMvTBGQ4dNJbBygiRCqes7,55.736376,59.350606000000006,65.08779399999999,0,2591700,81.410962,Interactive,4,7.0
231900,ZXGOZbIjK5v+i0EEHS1SywZP4yiFZ8ZKmsXeJkkPrReMvTBGQ4dNJbBygiRCqes7,54.281221,62.558577,68.46585999999999,0,2591700,81.410962,Interactive,4,7.0
232200,ZXGOZbIjK5v+i0EEHS1SywZP4yiFZ8ZKmsXeJkkPrReMvTBGQ4dNJbBygiRCqes7,52.594425,59.724134,64.03440400000001,0,2591700,81.410962,Interactive,4,7.0
232500,ZXGOZbIjK5v+i0EEHS1SywZP4yiFZ8ZKmsXeJkkPrReMvTBGQ4dNJbBygiRCqes7,57.441321,61.284345,65.711877,0,2591700,81.410962,Interactive,4,7.0
232800,ZXGOZbIjK5v+i0EEHS1SywZP4yiFZ8ZKmsXeJkkPrReMvTBGQ4dNJbBygiRCqes7,56.18656800000001,59.516976,64.368762,0,2591700,81.410962,Interactive,4,7.0
233100,ZXGOZbIjK5v+i0EEHS1SywZP4yiFZ8ZKmsXeJkkPrReMvTBGQ4dNJbBygiRCqes7,55.413627000000005,59.485179,64.253165,0,2591700,81.410962,Interactive,4,7.0
233400,ZXGOZbIjK5v+i0EEHS1SywZP4yiFZ8ZKmsXeJkkPrReMvTBGQ4dNJbBygiRCqes7,51.685386,56.511791,63.288344,0,2591700,81.410962,Interactive,4,7.0
233700,ZXGOZbIjK5v+i0EEHS1SywZP4yiFZ8ZKmsXeJkkPrReMvTBGQ4dNJbBygiRCqes7,56.926872,62.253491,66.280726,0,2591700,81.410962,Interactive,4,7.0
234000,ZXGOZbIjK5v+i0EEHS1SywZP4yiFZ8ZKmsXeJkkPrReMvTBGQ4dNJbBygiRCqes7,57.436068000000006,61.520074,67.68056700000001,0,2591700,81.410962,Interactive,4,7.0
234300,ZXGOZbIjK5v+i0EEHS1SywZP4yiFZ8ZKmsXeJkkPrReMvTBGQ4dNJbBygiRCqes7,55.650558,60.30222,63.660986,0,2591700,81.410962,Interactive,4,7.0
234600,ZXGOZbIjK5v+i0EEHS1SywZP4yiFZ8ZKmsXeJkkPrReMvTBGQ4dNJbBygiRCqes7,57.012635,60.554869,67.38626500000001,0,2591700,81.410962,Interactive,4,7.0
234900,ZXGOZbIjK5v+i0EEHS1SywZP4yiFZ8ZKmsXeJkkPrReMvTBGQ4dNJbBygiRCqes7,57.015407,61.190211,64.731799,0,2591700,81.410962,Interactive,4,7.0
235200,ZXGOZbIjK5v+i0EEHS1SywZP4yiFZ8ZKmsXeJkkPrReMvTBGQ4dNJbBygiRCqes7,54.737508,60.198161,67.365216,0,2591700,81.410962,Interactive,4,7.0
235500,ZXGOZbIjK5v+i0EEHS1SywZP4yiFZ8ZKmsXeJkkPrReMvTBGQ4dNJbBygiRCqes7,51.221586,56.435076,59.426080000000006,0,2591700,81.410962,Interactive,4,7.0
235800,ZXGOZbIjK5v+i0EEHS1SywZP4yiFZ8ZKmsXeJkkPrReMvTBGQ4dNJbBygiRCqes7,48.125697,57.065935,64.45156999999999,0,2591700,81.410962,Interactive,4,7.0
236100,ZXGOZbIjK5v+i0EEHS1SywZP4yiFZ8ZKmsXeJkkPrReMvTBGQ4dNJbBygiRCqes7,52.766001,56.725883,59.997019,0,2591700,81.410962,Interactive,4,7.0
236400,ZXGOZbIjK5v+i0EEHS1SywZP4yiFZ8ZKmsXeJkkPrReMvTBGQ4dNJbBygiRCqes7,56.727731000000006,60.626122,64.473766,0,2591700,81.410962,Interactive,4,7.0
236700,ZXGOZbIjK5v+i0EEHS1SywZP4yiFZ8ZKmsXeJkkPrReMvTBGQ4dNJbBygiRCqes7,52.80935,54.908315,59.17827,0,2591700,81.410962,Interactive,4,7.0
237000,ZXGOZbIjK5v+i0EEHS1SywZP4yiFZ8ZKmsXeJkkPrReMvTBGQ4dNJbBygiRCqes7,52.48244,58.452891,65.660251,0,2591700,81.410962,Interactive,4,7.0
237300,ZXGOZbIjK5v+i0EEHS1SywZP4yiFZ8ZKmsXeJkkPrReMvTBGQ4dNJbBygiRCqes7,54.422787,57.156863,59.533683,0,2591700,81.410962,Interactive,4,7.0
237600,ZXGOZbIjK5v+i0EEHS1SywZP4yiFZ8ZKmsXeJkkPrReMvTBGQ4dNJbBygiRCqes7,57.590724,61.925988,70.668987,0,2591700,81.410962,Interactive,4,7.0
237900,ZXGOZbIjK5v+i0EEHS1SywZP4yiFZ8ZKmsXeJkkPrReMvTBGQ4dNJbBygiRCqes7,55.565045,58.358302,65.72798,0,2591700,81.410962,Interactive,4,7.0
238200,ZXGOZbIjK5v+i0EEHS1SywZP4yiFZ8ZKmsXeJkkPrReMvTBGQ4dNJbBygiRCqes7,58.322691000000006,63.015558,69.952363,0,2591700,81.410962,Interactive,4,7.0
238500,ZXGOZbIjK5v+i0EEHS1SywZP4yiFZ8ZKmsXeJkkPrReMvTBGQ4dNJbBygiRCqes7,58.511612,62.061325,65.930072,0,2591700,81.410962,Interactive,4,7.0
238800,ZXGOZbIjK5v+i0EEHS1SywZP4yiFZ8ZKmsXeJkkPrReMvTBGQ4dNJbBygiRCqes7,59.143921,64.208023,70.269023,0,2591700,81.410962,Interactive,4,7.0
239100,ZXGOZbIjK5v+i0EEHS1SywZP4yiFZ8ZKmsXeJkkPrReMvTBGQ4dNJbBygiRCqes7,57.502199,60.07501,65.771452,0,2591700,81.410962,Interactive,4,7.0
239400,ZXGOZbIjK5v+i0EEHS1SywZP4yiFZ8ZKmsXeJkkPrReMvTBGQ4dNJbBygiRCqes7,57.196487,61.266921,66.993843,0,2591700,81.410962,Interactive,4,7.0
239700,ZXGOZbIjK5v+i0EEHS1SywZP4yiFZ8ZKmsXeJkkPrReMvTBGQ4dNJbBygiRCqes7,56.940283,59.399016,64.423518,0,2591700,81.410962,Interactive,4,7.0
240000,ZXGOZbIjK5v+i0EEHS1SywZP4yiFZ8ZKmsXeJkkPrReMvTBGQ4dNJbBygiRCqes7,57.877778,62.449037,67.69961500000001,0,2591700,81.410962,Interactive,4,7.0
240300,ZXGOZbIjK5v+i0EEHS1SywZP4yiFZ8ZKmsXeJkkPrReMvTBGQ4dNJbBygiRCqes7,56.475818,59.58720400000001,63.621353000000006,0,2591700,81.410962,Interactive,4,7.0
240600,ZXGOZbIjK5v+i0EEHS1SywZP4yiFZ8ZKmsXeJkkPrReMvTBGQ4dNJbBygiRCqes7,52.469081,57.64631800000001,63.055617000000005,0,2591700,81.410962,Interactive,4,7.0
240900,ZXGOZbIjK5v+i0EEHS1SywZP4yiFZ8ZKmsXeJkkPrReMvTBGQ4dNJbBygiRCqes7,56.152001,59.314613,62.041482,0,2591700,81.410962,Interactive,4,7.0
241200,ZXGOZbIjK5v+i0EEHS1SywZP4yiFZ8ZKmsXeJkkPrReMvTBGQ4dNJbBygiRCqes7,55.145656,58.928128,64.783941,0,2591700,81.410962,Interactive,4,7.0
241500,ZXGOZbIjK5v+i0EEHS1SywZP4yiFZ8ZKmsXeJkkPrReMvTBGQ4dNJbBygiRCqes7,53.81259300000001,57.934792,63.516288,0,2591700,81.410962,Interactive,4,7.0
241800,ZXGOZbIjK5v+i0EEHS1SywZP4yiFZ8ZKmsXeJkkPrReMvTBGQ4dNJbBygiRCqes7,53.871422,60.12667,65.98715200000001,0,2591700,81.410962,Interactive,4,7.0
242100,ZXGOZbIjK5v+i0EEHS1SywZP4yiFZ8ZKmsXeJkkPrReMvTBGQ4dNJbBygiRCqes7,60.2255,63.210104,66.811453,0,2591700,81.410962,Interactive,4,7.0
242400,ZXGOZbIjK5v+i0EEHS1SywZP4yiFZ8ZKmsXeJkkPrReMvTBGQ4dNJbBygiRCqes7,59.923772,63.661188,68.3888,0,2591700,81.410962,Interactive,4,7.0
242700,ZXGOZbIjK5v+i0EEHS1SywZP4yiFZ8ZKmsXeJkkPrReMvTBGQ4dNJbBygiRCqes7,57.139458,61.122783,64.82095600000001,0,2591700,81.410962,Interactive,4,7.0
243000,ZXGOZbIjK5v+i0EEHS1SywZP4yiFZ8ZKmsXeJkkPrReMvTBGQ4dNJbBygiRCqes7,59.9858,62.781613,66.131939,0,2591700,81.410962,Interactive,4,7.0
243300,ZXGOZbIjK5v+i0EEHS1SywZP4yiFZ8ZKmsXeJkkPrReMvTBGQ4dNJbBygiRCqes7,58.782614,62.528180000000006,66.420596,0,2591700,81.410962,Interactive,4,7.0
243600,ZXGOZbIjK5v+i0EEHS1SywZP4yiFZ8ZKmsXeJkkPrReMvTBGQ4dNJbBygiRCqes7,58.934188,62.205402,66.753174,0,2591700,81.410962,Interactive,4,7.0
243900,ZXGOZbIjK5v+i0EEHS1SywZP4yiFZ8ZKmsXeJkkPrReMvTBGQ4dNJbBygiRCqes7,53.956282,59.126922,64.791845,0,2591700,81.410962,Interactive,4,7.0
244200,ZXGOZbIjK5v+i0EEHS1SywZP4yiFZ8ZKmsXeJkkPrReMvTBGQ4dNJbBygiRCqes7,57.386248,61.510373,67.52132399999999,0,2591700,81.410962,Interactive,4,7.0
244500,ZXGOZbIjK5v+i0EEHS1SywZP4yiFZ8ZKmsXeJkkPrReMvTBGQ4dNJbBygiRCqes7,58.377280000000006,61.57209399999999,65.30891700000001,0,2591700,81.410962,Interactive,4,7.0
244800,ZXGOZbIjK5v+i0EEHS1SywZP4yiFZ8ZKmsXeJkkPrReMvTBGQ4dNJbBygiRCqes7,59.111684,62.770067,67.439922,0,2591700,81.410962,Interactive,4,7.0
245100,ZXGOZbIjK5v+i0EEHS1SywZP4yiFZ8ZKmsXeJkkPrReMvTBGQ4dNJbBygiRCqes7,56.091416,60.112833,65.991783,0,2591700,81.410962,Interactive,4,7.0
245400,ZXGOZbIjK5v+i0EEHS1SywZP4yiFZ8ZKmsXeJkkPrReMvTBGQ4dNJbBygiRCqes7,57.027627,60.446509,65.545749,0,2591700,81.410962,Interactive,4,7.0
245700,ZXGOZbIjK5v+i0EEHS1SywZP4yiFZ8ZKmsXeJkkPrReMvTBGQ4dNJbBygiRCqes7,56.386031,59.30316,62.465036,0,2591700,81.410962,Interactive,4,7.0
246000,ZXGOZbIjK5v+i0EEHS1SywZP4yiFZ8ZKmsXeJkkPrReMvTBGQ4dNJbBygiRCqes7,60.012603000000006,63.056891,68.815432,0,2591700,81.410962,Interactive,4,7.0
246300,ZXGOZbIjK5v+i0EEHS1SywZP4yiFZ8ZKmsXeJkkPrReMvTBGQ4dNJbBygiRCqes7,59.168374,62.000398,66.875812,0,2591700,81.410962,Interactive,4,7.0
246600,ZXGOZbIjK5v+i0EEHS1SywZP4yiFZ8ZKmsXeJkkPrReMvTBGQ4dNJbBygiRCqes7,54.393862,63.315141,68.621196,0,2591700,81.410962,Interactive,4,7.0
246900,ZXGOZbIjK5v+i0EEHS1SywZP4yiFZ8ZKmsXeJkkPrReMvTBGQ4dNJbBygiRCqes7,56.451306,60.471079,64.909263,0,2591700,81.410962,Interactive,4,7.0
247200,ZXGOZbIjK5v+i0EEHS1SywZP4yiFZ8ZKmsXeJkkPrReMvTBGQ4dNJbBygiRCqes7,55.956304,61.595802,66.68005,0,2591700,81.410962,Interactive,4,7.0
247500,ZXGOZbIjK5v+i0EEHS1SywZP4yiFZ8ZKmsXeJkkPrReMvTBGQ4dNJbBygiRCqes7,53.673423,58.060114,65.104056,0,2591700,81.410962,Interactive,4,7.0
247800,ZXGOZbIjK5v+i0EEHS1SywZP4yiFZ8ZKmsXeJkkPrReMvTBGQ4dNJbBygiRCqes7,57.328844,63.558839,76.590089,0,2591700,81.410962,Interactive,4,7.0
248100,ZXGOZbIjK5v+i0EEHS1SywZP4yiFZ8ZKmsXeJkkPrReMvTBGQ4dNJbBygiRCqes7,52.932401,58.455598,64.488887,0,2591700,81.410962,Interactive,4,7.0
248400,ZXGOZbIjK5v+i0EEHS1SywZP4yiFZ8ZKmsXeJkkPrReMvTBGQ4dNJbBygiRCqes7,55.707411,59.945233,64.023625,0,2591700,81.410962,Interactive,4,7.0
248700,ZXGOZbIjK5v+i0EEHS1SywZP4yiFZ8ZKmsXeJkkPrReMvTBGQ4dNJbBygiRCqes7,57.680186,61.212102,64.033423,0,2591700,81.410962,Interactive,4,7.0
249000,ZXGOZbIjK5v+i0EEHS1SywZP4yiFZ8ZKmsXeJkkPrReMvTBGQ4dNJbBygiRCqes7,53.962546,57.952657,64.80248399999999,0,2591700,81.410962,Interactive,4,7.0
249300,ZXGOZbIjK5v+i0EEHS1SywZP4yiFZ8ZKmsXeJkkPrReMvTBGQ4dNJbBygiRCqes7,53.54813000000001,57.043918000000005,62.513538,0,2591700,81.410962,Interactive,4,7.0
249600,ZXGOZbIjK5v+i0EEHS1SywZP4yiFZ8ZKmsXeJkkPrReMvTBGQ4dNJbBygiRCqes7,55.744454000000005,62.00289300000001,66.761627,0,2591700,81.410962,Interactive,4,7.0
249900,ZXGOZbIjK5v+i0EEHS1SywZP4yiFZ8ZKmsXeJkkPrReMvTBGQ4dNJbBygiRCqes7,59.036208,62.701698,66.913709,0,2591700,81.410962,Interactive,4,7.0
250200,ZXGOZbIjK5v+i0EEHS1SywZP4yiFZ8ZKmsXeJkkPrReMvTBGQ4dNJbBygiRCqes7,59.164539000000005,62.99272,70.069262,0,2591700,81.410962,Interactive,4,7.0
250500,ZXGOZbIjK5v+i0EEHS1SywZP4yiFZ8ZKmsXeJkkPrReMvTBGQ4dNJbBygiRCqes7,58.792065,61.778851,66.621448,0,2591700,81.410962,Interactive,4,7.0
250800,ZXGOZbIjK5v+i0EEHS1SywZP4yiFZ8ZKmsXeJkkPrReMvTBGQ4dNJbBygiRCqes7,59.463882,62.330712,66.482114,0,2591700,81.410962,Interactive,4,7.0
251100,ZXGOZbIjK5v+i0EEHS1SywZP4yiFZ8ZKmsXeJkkPrReMvTBGQ4dNJbBygiRCqes7,60.008231,63.897984,70.883061,0,2591700,81.410962,Interactive,4,7.0
251400,ZXGOZbIjK5v+i0EEHS1SywZP4yiFZ8ZKmsXeJkkPrReMvTBGQ4dNJbBygiRCqes7,58.705174,62.009032,65.87103,0,2591700,81.410962,Interactive,4,7.0
251700,ZXGOZbIjK5v+i0EEHS1SywZP4yiFZ8ZKmsXeJkkPrReMvTBGQ4dNJbBygiRCqes7,55.501104000000005,61.8507,65.897642,0,2591700,81.410962,Interactive,4,7.0
252000,ZXGOZbIjK5v+i0EEHS1SywZP4yiFZ8ZKmsXeJkkPrReMvTBGQ4dNJbBygiRCqes7,58.483134,62.191839,67.290429,0,2591700,81.410962,Interactive,4,7.0
252300,ZXGOZbIjK5v+i0EEHS1SywZP4yiFZ8ZKmsXeJkkPrReMvTBGQ4dNJbBygiRCqes7,55.346312,62.282491,67.196152,0,2591700,81.410962,Interactive,4,7.0
252600,ZXGOZbIjK5v+i0EEHS1SywZP4yiFZ8ZKmsXeJkkPrReMvTBGQ4dNJbBygiRCqes7,55.702643,59.689947,65.575976,0,2591700,81.410962,Interactive,4,7.0
252900,ZXGOZbIjK5v+i0EEHS1SywZP4yiFZ8ZKmsXeJkkPrReMvTBGQ4dNJbBygiRCqes7,50.3796,57.239962,63.294111,0,2591700,81.410962,Interactive,4,7.0
253200,ZXGOZbIjK5v+i0EEHS1SywZP4yiFZ8ZKmsXeJkkPrReMvTBGQ4dNJbBygiRCqes7,53.404399,57.398872,61.567485,0,2591700,81.410962,Interactive,4,7.0
253500,ZXGOZbIjK5v+i0EEHS1SywZP4yiFZ8ZKmsXeJkkPrReMvTBGQ4dNJbBygiRCqes7,56.064437,62.081886,65.553177,0,2591700,81.410962,Interactive,4,7.0
253800,ZXGOZbIjK5v+i0EEHS1SywZP4yiFZ8ZKmsXeJkkPrReMvTBGQ4dNJbBygiRCqes7,58.543722,62.285002,69.651391,0,2591700,81.410962,Interactive,4,7.0
254100,ZXGOZbIjK5v+i0EEHS1SywZP4yiFZ8ZKmsXeJkkPrReMvTBGQ4dNJbBygiRCqes7,57.665112,60.948475,65.825854,0,2591700,81.410962,Interactive,4,7.0
254400,ZXGOZbIjK5v+i0EEHS1SywZP4yiFZ8ZKmsXeJkkPrReMvTBGQ4dNJbBygiRCqes7,56.842863,59.84792,64.514326,0,2591700,81.410962,Interactive,4,7.0
254700,ZXGOZbIjK5v+i0EEHS1SywZP4yiFZ8ZKmsXeJkkPrReMvTBGQ4dNJbBygiRCqes7,58.110061,62.241978,67.577688,0,2591700,81.410962,Interactive,4,7.0
255000,ZXGOZbIjK5v+i0EEHS1SywZP4yiFZ8ZKmsXeJkkPrReMvTBGQ4dNJbBygiRCqes7,57.295354,60.836851,64.651669,0,2591700,81.410962,Interactive,4,7.0
255300,ZXGOZbIjK5v+i0EEHS1SywZP4yiFZ8ZKmsXeJkkPrReMvTBGQ4dNJbBygiRCqes7,55.06097,58.796981,64.576039,0,2591700,81.410962,Interactive,4,7.0
255600,ZXGOZbIjK5v+i0EEHS1SywZP4yiFZ8ZKmsXeJkkPrReMvTBGQ4dNJbBygiRCqes7,58.308034,61.764745,66.897311,0,2591700,81.410962,Interactive,4,7.0
255900,ZXGOZbIjK5v+i0EEHS1SywZP4yiFZ8ZKmsXeJkkPrReMvTBGQ4dNJbBygiRCqes7,55.890002,59.256229000000005,63.509998,0,2591700,81.410962,Interactive,4,7.0
256200,ZXGOZbIjK5v+i0EEHS1SywZP4yiFZ8ZKmsXeJkkPrReMvTBGQ4dNJbBygiRCqes7,57.781632,61.816147,67.604922,0,2591700,81.410962,Interactive,4,7.0
256500,ZXGOZbIjK5v+i0EEHS1SywZP4yiFZ8ZKmsXeJkkPrReMvTBGQ4dNJbBygiRCqes7,51.993732,58.094730000000006,64.494478,0,2591700,81.410962,Interactive,4,7.0
256800,ZXGOZbIjK5v+i0EEHS1SywZP4yiFZ8ZKmsXeJkkPrReMvTBGQ4dNJbBygiRCqes7,51.987051,55.496292,62.046124,0,2591700,81.410962,Interactive,4,7.0
257100,ZXGOZbIjK5v+i0EEHS1SywZP4yiFZ8ZKmsXeJkkPrReMvTBGQ4dNJbBygiRCqes7,49.216887,53.321025,58.054425,0,2591700,81.410962,Interactive,4,7.0
257400,ZXGOZbIjK5v+i0EEHS1SywZP4yiFZ8ZKmsXeJkkPrReMvTBGQ4dNJbBygiRCqes7,54.445678,61.186669,68.324262,0,2591700,81.410962,Interactive,4,7.0
257700,ZXGOZbIjK5v+i0EEHS1SywZP4yiFZ8ZKmsXeJkkPrReMvTBGQ4dNJbBygiRCqes7,56.726725,60.30534399999999,64.89523,0,2591700,81.410962,Interactive,4,7.0
258000,ZXGOZbIjK5v+i0EEHS1SywZP4yiFZ8ZKmsXeJkkPrReMvTBGQ4dNJbBygiRCqes7,58.606972,62.087235,67.681489,0,2591700,81.410962,Interactive,4,7.0
258300,ZXGOZbIjK5v+i0EEHS1SywZP4yiFZ8ZKmsXeJkkPrReMvTBGQ4dNJbBygiRCqes7,55.306195,58.302341000000006,63.20460500000001,0,2591700,81.410962,Interactive,4,7.0
258600,ZXGOZbIjK5v+i0EEHS1SywZP4yiFZ8ZKmsXeJkkPrReMvTBGQ4dNJbBygiRCqes7,58.93433,62.93610699999999,68.354605,0,2591700,81.410962,Interactive,4,7.0
258900,ZXGOZbIjK5v+i0EEHS1SywZP4yiFZ8ZKmsXeJkkPrReMvTBGQ4dNJbBygiRCqes7,58.579668000000005,61.384636,65.168536,0,2591700,81.410962,Interactive,4,7.0
259200,ZXGOZbIjK5v+i0EEHS1SywZP4yiFZ8ZKmsXeJkkPrReMvTBGQ4dNJbBygiRCqes7,58.809631,63.50975699999999,68.71390600000001,0,2591700,81.410962,Interactive,4,7.0
259500,ZXGOZbIjK5v+i0EEHS1SywZP4yiFZ8ZKmsXeJkkPrReMvTBGQ4dNJbBygiRCqes7,55.494814,58.213761,64.277681,0,2591700,81.410962,Interactive,4,7.0
259800,ZXGOZbIjK5v+i0EEHS1SywZP4yiFZ8ZKmsXeJkkPrReMvTBGQ4dNJbBygiRCqes7,54.44404399999999,60.021458,67.737708,0,2591700,81.410962,Interactive,4,7.0
260100,ZXGOZbIjK5v+i0EEHS1SywZP4yiFZ8ZKmsXeJkkPrReMvTBGQ4dNJbBygiRCqes7,55.887348,61.171709,64.615286,0,2591700,81.410962,Interactive,4,7.0
260400,ZXGOZbIjK5v+i0EEHS1SywZP4yiFZ8ZKmsXeJkkPrReMvTBGQ4dNJbBygiRCqes7,55.721656,62.89596,68.73326,0,2591700,81.410962,Interactive,4,7.0
260700,ZXGOZbIjK5v+i0EEHS1SywZP4yiFZ8ZKmsXeJkkPrReMvTBGQ4dNJbBygiRCqes7,38.520262,47.619690000000006,59.403878000000006,0,2591700,81.410962,Interactive,4,7.0
261000,ZXGOZbIjK5v+i0EEHS1SywZP4yiFZ8ZKmsXeJkkPrReMvTBGQ4dNJbBygiRCqes7,42.121047,54.890547,64.343787,0,2591700,81.410962,Interactive,4,7.0
261300,ZXGOZbIjK5v+i0EEHS1SywZP4yiFZ8ZKmsXeJkkPrReMvTBGQ4dNJbBygiRCqes7,51.380934,57.995523,63.812198,0,2591700,81.410962,Interactive,4,7.0
261600,ZXGOZbIjK5v+i0EEHS1SywZP4yiFZ8ZKmsXeJkkPrReMvTBGQ4dNJbBygiRCqes7,55.718048,60.478559,65.603565,0,2591700,81.410962,Interactive,4,7.0
261900,ZXGOZbIjK5v+i0EEHS1SywZP4yiFZ8ZKmsXeJkkPrReMvTBGQ4dNJbBygiRCqes7,55.662666,58.405691,63.791842,0,2591700,81.410962,Interactive,4,7.0
262200,ZXGOZbIjK5v+i0EEHS1SywZP4yiFZ8ZKmsXeJkkPrReMvTBGQ4dNJbBygiRCqes7,56.642357,61.102712,66.356759,0,2591700,81.410962,Interactive,4,7.0
262500,ZXGOZbIjK5v+i0EEHS1SywZP4yiFZ8ZKmsXeJkkPrReMvTBGQ4dNJbBygiRCqes7,60.126267000000006,62.676649,66.630942,0,2591700,81.410962,Interactive,4,7.0
262800,ZXGOZbIjK5v+i0EEHS1SywZP4yiFZ8ZKmsXeJkkPrReMvTBGQ4dNJbBygiRCqes7,55.715904,61.109838,65.491726,0,2591700,81.410962,Interactive,4,7.0
263100,ZXGOZbIjK5v+i0EEHS1SywZP4yiFZ8ZKmsXeJkkPrReMvTBGQ4dNJbBygiRCqes7,53.74825500000001,59.03202,65.303714,0,2591700,81.410962,Interactive,4,7.0
263400,ZXGOZbIjK5v+i0EEHS1SywZP4yiFZ8ZKmsXeJkkPrReMvTBGQ4dNJbBygiRCqes7,51.804087,56.525459,61.525493,0,2591700,81.410962,Interactive,4,7.0
263700,ZXGOZbIjK5v+i0EEHS1SywZP4yiFZ8ZKmsXeJkkPrReMvTBGQ4dNJbBygiRCqes7,55.264247,60.328961,65.568334,0,2591700,81.410962,Interactive,4,7.0
264000,ZXGOZbIjK5v+i0EEHS1SywZP4yiFZ8ZKmsXeJkkPrReMvTBGQ4dNJbBygiRCqes7,57.942147,61.997713,65.644411,0,2591700,81.410962,Interactive,4,7.0
264300,ZXGOZbIjK5v+i0EEHS1SywZP4yiFZ8ZKmsXeJkkPrReMvTBGQ4dNJbBygiRCqes7,50.506555,57.254225,66.147807,0,2591700,81.410962,Interactive,4,7.0
264600,ZXGOZbIjK5v+i0EEHS1SywZP4yiFZ8ZKmsXeJkkPrReMvTBGQ4dNJbBygiRCqes7,48.990686,55.182762,60.296808,0,2591700,81.410962,Interactive,4,7.0
264900,ZXGOZbIjK5v+i0EEHS1SywZP4yiFZ8ZKmsXeJkkPrReMvTBGQ4dNJbBygiRCqes7,53.78282,61.039137,65.852313,0,2591700,81.410962,Interactive,4,7.0
265200,ZXGOZbIjK5v+i0EEHS1SywZP4yiFZ8ZKmsXeJkkPrReMvTBGQ4dNJbBygiRCqes7,56.550187,60.0087,64.544866,0,2591700,81.410962,Interactive,4,7.0
265500,ZXGOZbIjK5v+i0EEHS1SywZP4yiFZ8ZKmsXeJkkPrReMvTBGQ4dNJbBygiRCqes7,55.486041,59.469249,66.509116,0,2591700,81.410962,Interactive,4,7.0
265800,ZXGOZbIjK5v+i0EEHS1SywZP4yiFZ8ZKmsXeJkkPrReMvTBGQ4dNJbBygiRCqes7,57.296297,60.378162,64.001779,0,2591700,81.410962,Interactive,4,7.0
266100,ZXGOZbIjK5v+i0EEHS1SywZP4yiFZ8ZKmsXeJkkPrReMvTBGQ4dNJbBygiRCqes7,57.245831,61.712462,67.349734,0,2591700,81.410962,Interactive,4,7.0
266400,ZXGOZbIjK5v+i0EEHS1SywZP4yiFZ8ZKmsXeJkkPrReMvTBGQ4dNJbBygiRCqes7,58.92606899999999,62.354737,65.868765,0,2591700,81.410962,Interactive,4,7.0
266700,ZXGOZbIjK5v+i0EEHS1SywZP4yiFZ8ZKmsXeJkkPrReMvTBGQ4dNJbBygiRCqes7,54.378026,60.165769,66.050752,0,2591700,81.410962,Interactive,4,7.0
267000,ZXGOZbIjK5v+i0EEHS1SywZP4yiFZ8ZKmsXeJkkPrReMvTBGQ4dNJbBygiRCqes7,57.524553,61.565456000000005,66.376279,0,2591700,81.410962,Interactive,4,7.0
267300,ZXGOZbIjK5v+i0EEHS1SywZP4yiFZ8ZKmsXeJkkPrReMvTBGQ4dNJbBygiRCqes7,57.910714,61.348825,67.134405,0,2591700,81.410962,Interactive,4,7.0
267600,ZXGOZbIjK5v+i0EEHS1SywZP4yiFZ8ZKmsXeJkkPrReMvTBGQ4dNJbBygiRCqes7,56.918491,60.767564,66.81371,0,2591700,81.410962,Interactive,4,7.0
267900,ZXGOZbIjK5v+i0EEHS1SywZP4yiFZ8ZKmsXeJkkPrReMvTBGQ4dNJbBygiRCqes7,54.934883,59.250084,68.105638,0,2591700,81.410962,Interactive,4,7.0
268200,ZXGOZbIjK5v+i0EEHS1SywZP4yiFZ8ZKmsXeJkkPrReMvTBGQ4dNJbBygiRCqes7,52.658084,57.545223,63.484526,0,2591700,81.410962,Interactive,4,7.0
268500,ZXGOZbIjK5v+i0EEHS1SywZP4yiFZ8ZKmsXeJkkPrReMvTBGQ4dNJbBygiRCqes7,55.050907,59.22691999999999,63.871666000000005,0,2591700,81.410962,Interactive,4,7.0
268800,ZXGOZbIjK5v+i0EEHS1SywZP4yiFZ8ZKmsXeJkkPrReMvTBGQ4dNJbBygiRCqes7,57.32328199999999,60.95015,65.761393,0,2591700,81.410962,Interactive,4,7.0
269100,ZXGOZbIjK5v+i0EEHS1SywZP4yiFZ8ZKmsXeJkkPrReMvTBGQ4dNJbBygiRCqes7,54.25824300000001,58.096349,63.38118000000001,0,2591700,81.410962,Interactive,4,7.0
269400,ZXGOZbIjK5v+i0EEHS1SywZP4yiFZ8ZKmsXeJkkPrReMvTBGQ4dNJbBygiRCqes7,55.320246,60.69704300000001,67.49991,0,2591700,81.410962,Interactive,4,7.0
269700,ZXGOZbIjK5v+i0EEHS1SywZP4yiFZ8ZKmsXeJkkPrReMvTBGQ4dNJbBygiRCqes7,54.898301,59.196777,63.547323,0,2591700,81.410962,Interactive,4,7.0
270000,ZXGOZbIjK5v+i0EEHS1SywZP4yiFZ8ZKmsXeJkkPrReMvTBGQ4dNJbBygiRCqes7,57.664366,63.527892,69.223318,0,2591700,81.410962,Interactive,4,7.0
270300,ZXGOZbIjK5v+i0EEHS1SywZP4yiFZ8ZKmsXeJkkPrReMvTBGQ4dNJbBygiRCqes7,52.273561,57.993869,66.06496899999999,0,2591700,81.410962,Interactive,4,7.0
270600,ZXGOZbIjK5v+i0EEHS1SywZP4yiFZ8ZKmsXeJkkPrReMvTBGQ4dNJbBygiRCqes7,57.00715,62.376268,68.376737,0,2591700,81.410962,Interactive,4,7.0
270900,ZXGOZbIjK5v+i0EEHS1SywZP4yiFZ8ZKmsXeJkkPrReMvTBGQ4dNJbBygiRCqes7,53.763032,59.886555,67.15969100000001,0,2591700,81.410962,Interactive,4,7.0
271200,ZXGOZbIjK5v+i0EEHS1SywZP4yiFZ8ZKmsXeJkkPrReMvTBGQ4dNJbBygiRCqes7,57.283428,63.273612,68.594988,0,2591700,81.410962,Interactive,4,7.0
271500,ZXGOZbIjK5v+i0EEHS1SywZP4yiFZ8ZKmsXeJkkPrReMvTBGQ4dNJbBygiRCqes7,52.69005799999999,57.905709,65.190804,0,2591700,81.410962,Interactive,4,7.0
271800,ZXGOZbIjK5v+i0EEHS1SywZP4yiFZ8ZKmsXeJkkPrReMvTBGQ4dNJbBygiRCqes7,56.528514,63.910093,69.156349,0,2591700,81.410962,Interactive,4,7.0
272100,ZXGOZbIjK5v+i0EEHS1SywZP4yiFZ8ZKmsXeJkkPrReMvTBGQ4dNJbBygiRCqes7,52.99799599999999,57.843324,67.314871,0,2591700,81.410962,Interactive,4,7.0
272400,ZXGOZbIjK5v+i0EEHS1SywZP4yiFZ8ZKmsXeJkkPrReMvTBGQ4dNJbBygiRCqes7,55.617101,63.154949,68.961169,0,2591700,81.410962,Interactive,4,7.0
272700,ZXGOZbIjK5v+i0EEHS1SywZP4yiFZ8ZKmsXeJkkPrReMvTBGQ4dNJbBygiRCqes7,49.220238,56.580585,66.89605999999999,0,2591700,81.410962,Interactive,4,7.0
273000,ZXGOZbIjK5v+i0EEHS1SywZP4yiFZ8ZKmsXeJkkPrReMvTBGQ4dNJbBygiRCqes7,51.471707,61.934522,68.380297,0,2591700,81.410962,Interactive,4,7.0
273300,ZXGOZbIjK5v+i0EEHS1SywZP4yiFZ8ZKmsXeJkkPrReMvTBGQ4dNJbBygiRCqes7,50.964479,55.68782,63.887104,0,2591700,81.410962,Interactive,4,7.0
273600,ZXGOZbIjK5v+i0EEHS1SywZP4yiFZ8ZKmsXeJkkPrReMvTBGQ4dNJbBygiRCqes7,54.796516,62.223186,68.326265,0,2591700,81.410962,Interactive,4,7.0
273900,ZXGOZbIjK5v+i0EEHS1SywZP4yiFZ8ZKmsXeJkkPrReMvTBGQ4dNJbBygiRCqes7,51.300551,55.951089,64.428042,0,2591700,81.410962,Interactive,4,7.0
274200,ZXGOZbIjK5v+i0EEHS1SywZP4yiFZ8ZKmsXeJkkPrReMvTBGQ4dNJbBygiRCqes7,54.68527,61.796379,68.071843,0,2591700,81.410962,Interactive,4,7.0
274500,ZXGOZbIjK5v+i0EEHS1SywZP4yiFZ8ZKmsXeJkkPrReMvTBGQ4dNJbBygiRCqes7,53.349248,57.595424,64.76414799999999,0,2591700,81.410962,Interactive,4,7.0
274800,ZXGOZbIjK5v+i0EEHS1SywZP4yiFZ8ZKmsXeJkkPrReMvTBGQ4dNJbBygiRCqes7,55.989024,63.664186,69.316612,0,2591700,81.410962,Interactive,4,7.0
275100,ZXGOZbIjK5v+i0EEHS1SywZP4yiFZ8ZKmsXeJkkPrReMvTBGQ4dNJbBygiRCqes7,54.368049,58.737889,65.837473,0,2591700,81.410962,Interactive,4,7.0
275400,ZXGOZbIjK5v+i0EEHS1SywZP4yiFZ8ZKmsXeJkkPrReMvTBGQ4dNJbBygiRCqes7,58.283439,65.334191,70.029449,0,2591700,81.410962,Interactive,4,7.0
275700,ZXGOZbIjK5v+i0EEHS1SywZP4yiFZ8ZKmsXeJkkPrReMvTBGQ4dNJbBygiRCqes7,56.349592,60.07489,66.143149,0,2591700,81.410962,Interactive,4,7.0
276000,ZXGOZbIjK5v+i0EEHS1SywZP4yiFZ8ZKmsXeJkkPrReMvTBGQ4dNJbBygiRCqes7,57.884146,65.09801,69.93956999999999,0,2591700,81.410962,Interactive,4,7.0
276300,ZXGOZbIjK5v+i0EEHS1SywZP4yiFZ8ZKmsXeJkkPrReMvTBGQ4dNJbBygiRCqes7,49.502099,56.258911,64.833993,0,2591700,81.410962,Interactive,4,7.0
276600,ZXGOZbIjK5v+i0EEHS1SywZP4yiFZ8ZKmsXeJkkPrReMvTBGQ4dNJbBygiRCqes7,52.239139,60.735141000000006,66.040146,0,2591700,81.410962,Interactive,4,7.0
276900,ZXGOZbIjK5v+i0EEHS1SywZP4yiFZ8ZKmsXeJkkPrReMvTBGQ4dNJbBygiRCqes7,52.19932,57.606153000000006,63.19313100000001,0,2591700,81.410962,Interactive,4,7.0
277200,ZXGOZbIjK5v+i0EEHS1SywZP4yiFZ8ZKmsXeJkkPrReMvTBGQ4dNJbBygiRCqes7,53.05163100000001,60.835065,65.960401,0,2591700,81.410962,Interactive,4,7.0
277500,ZXGOZbIjK5v+i0EEHS1SywZP4yiFZ8ZKmsXeJkkPrReMvTBGQ4dNJbBygiRCqes7,49.632929,57.087764,64.057103,0,2591700,81.410962,Interactive,4,7.0
277800,ZXGOZbIjK5v+i0EEHS1SywZP4yiFZ8ZKmsXeJkkPrReMvTBGQ4dNJbBygiRCqes7,54.107628000000005,61.551871,65.571001,0,2591700,81.410962,Interactive,4,7.0
278100,ZXGOZbIjK5v+i0EEHS1SywZP4yiFZ8ZKmsXeJkkPrReMvTBGQ4dNJbBygiRCqes7,53.371522,59.535155,65.963362,0,2591700,81.410962,Interactive,4,7.0
278400,ZXGOZbIjK5v+i0EEHS1SywZP4yiFZ8ZKmsXeJkkPrReMvTBGQ4dNJbBygiRCqes7,53.574243,60.3041,64.457746,0,2591700,81.410962,Interactive,4,7.0
278700,ZXGOZbIjK5v+i0EEHS1SywZP4yiFZ8ZKmsXeJkkPrReMvTBGQ4dNJbBygiRCqes7,53.644012,57.421877,66.30067,0,2591700,81.410962,Interactive,4,7.0
279000,ZXGOZbIjK5v+i0EEHS1SywZP4yiFZ8ZKmsXeJkkPrReMvTBGQ4dNJbBygiRCqes7,54.85887,60.477501,63.767401,0,2591700,81.410962,Interactive,4,7.0
279300,ZXGOZbIjK5v+i0EEHS1SywZP4yiFZ8ZKmsXeJkkPrReMvTBGQ4dNJbBygiRCqes7,55.771326,60.565132,66.070521,0,2591700,81.410962,Interactive,4,7.0
279600,ZXGOZbIjK5v+i0EEHS1SywZP4yiFZ8ZKmsXeJkkPrReMvTBGQ4dNJbBygiRCqes7,56.906344,62.526276,65.76494100000001,0,2591700,81.410962,Interactive,4,7.0
279900,ZXGOZbIjK5v+i0EEHS1SywZP4yiFZ8ZKmsXeJkkPrReMvTBGQ4dNJbBygiRCqes7,57.259395,60.147175,65.69760500000001,0,2591700,81.410962,Interactive,4,7.0
280200,ZXGOZbIjK5v+i0EEHS1SywZP4yiFZ8ZKmsXeJkkPrReMvTBGQ4dNJbBygiRCqes7,58.253229000000005,62.14826600000001,66.689013,0,2591700,81.410962,Interactive,4,7.0
280500,ZXGOZbIjK5v+i0EEHS1SywZP4yiFZ8ZKmsXeJkkPrReMvTBGQ4dNJbBygiRCqes7,45.283422,53.94775799999999,63.115531,0,2591700,81.410962,Interactive,4,7.0
280800,ZXGOZbIjK5v+i0EEHS1SywZP4yiFZ8ZKmsXeJkkPrReMvTBGQ4dNJbBygiRCqes7,50.20693,58.234331000000005,65.091186,0,2591700,81.410962,Interactive,4,7.0
281100,ZXGOZbIjK5v+i0EEHS1SywZP4yiFZ8ZKmsXeJkkPrReMvTBGQ4dNJbBygiRCqes7,52.103613,56.62693,61.146399,0,2591700,81.410962,Interactive,4,7.0
281400,ZXGOZbIjK5v+i0EEHS1SywZP4yiFZ8ZKmsXeJkkPrReMvTBGQ4dNJbBygiRCqes7,55.124306,60.008747,64.238376,0,2591700,81.410962,Interactive,4,7.0
281700,ZXGOZbIjK5v+i0EEHS1SywZP4yiFZ8ZKmsXeJkkPrReMvTBGQ4dNJbBygiRCqes7,50.198214,56.008417,61.340364,0,2591700,81.410962,Interactive,4,7.0
282000,ZXGOZbIjK5v+i0EEHS1SywZP4yiFZ8ZKmsXeJkkPrReMvTBGQ4dNJbBygiRCqes7,54.143014,59.070646,64.586462,0,2591700,81.410962,Interactive,4,7.0
282300,ZXGOZbIjK5v+i0EEHS1SywZP4yiFZ8ZKmsXeJkkPrReMvTBGQ4dNJbBygiRCqes7,45.557269,51.570121,59.342511,0,2591700,81.410962,Interactive,4,7.0
282600,ZXGOZbIjK5v+i0EEHS1SywZP4yiFZ8ZKmsXeJkkPrReMvTBGQ4dNJbBygiRCqes7,50.258839,57.589814,62.555396,0,2591700,81.410962,Interactive,4,7.0
282900,ZXGOZbIjK5v+i0EEHS1SywZP4yiFZ8ZKmsXeJkkPrReMvTBGQ4dNJbBygiRCqes7,48.227612,52.98100600000001,60.762879000000005,0,2591700,81.410962,Interactive,4,7.0
283200,ZXGOZbIjK5v+i0EEHS1SywZP4yiFZ8ZKmsXeJkkPrReMvTBGQ4dNJbBygiRCqes7,48.667904,55.731730000000006,59.84316999999999,0,2591700,81.410962,Interactive,4,7.0
283500,ZXGOZbIjK5v+i0EEHS1SywZP4yiFZ8ZKmsXeJkkPrReMvTBGQ4dNJbBygiRCqes7,52.490561,58.27644,64.630452,0,2591700,81.410962,Interactive,4,7.0
283800,ZXGOZbIjK5v+i0EEHS1SywZP4yiFZ8ZKmsXeJkkPrReMvTBGQ4dNJbBygiRCqes7,51.701966,56.9593,61.340295,0,2591700,81.410962,Interactive,4,7.0
284100,ZXGOZbIjK5v+i0EEHS1SywZP4yiFZ8ZKmsXeJkkPrReMvTBGQ4dNJbBygiRCqes7,49.647195,56.565074,65.09620799999999,0,2591700,81.410962,Interactive,4,7.0
284400,ZXGOZbIjK5v+i0EEHS1SywZP4yiFZ8ZKmsXeJkkPrReMvTBGQ4dNJbBygiRCqes7,51.388622,57.16661,63.515855,0,2591700,81.410962,Interactive,4,7.0
284700,ZXGOZbIjK5v+i0EEHS1SywZP4yiFZ8ZKmsXeJkkPrReMvTBGQ4dNJbBygiRCqes7,50.251395,55.151507,61.383513,0,2591700,81.410962,Interactive,4,7.0
285000,ZXGOZbIjK5v+i0EEHS1SywZP4yiFZ8ZKmsXeJkkPrReMvTBGQ4dNJbBygiRCqes7,51.981284,56.158667,61.156829,0,2591700,81.410962,Interactive,4,7.0
285300,ZXGOZbIjK5v+i0EEHS1SywZP4yiFZ8ZKmsXeJkkPrReMvTBGQ4dNJbBygiRCqes7,52.076829,56.889027,62.214951,0,2591700,81.410962,Interactive,4,7.0
285600,ZXGOZbIjK5v+i0EEHS1SywZP4yiFZ8ZKmsXeJkkPrReMvTBGQ4dNJbBygiRCqes7,55.207858,59.15944,64.796369,0,2591700,81.410962,Interactive,4,7.0
285900,ZXGOZbIjK5v+i0EEHS1SywZP4yiFZ8ZKmsXeJkkPrReMvTBGQ4dNJbBygiRCqes7,49.426857,56.391695,62.48214,0,2591700,81.410962,Interactive,4,7.0
286200,ZXGOZbIjK5v+i0EEHS1SywZP4yiFZ8ZKmsXeJkkPrReMvTBGQ4dNJbBygiRCqes7,51.555281,58.58961600000001,64.610949,0,2591700,81.410962,Interactive,4,7.0
286500,ZXGOZbIjK5v+i0EEHS1SywZP4yiFZ8ZKmsXeJkkPrReMvTBGQ4dNJbBygiRCqes7,51.233628,55.826102,64.707224,0,2591700,81.410962,Interactive,4,7.0
286800,ZXGOZbIjK5v+i0EEHS1SywZP4yiFZ8ZKmsXeJkkPrReMvTBGQ4dNJbBygiRCqes7,54.475787,58.296128,63.728025,0,2591700,81.410962,Interactive,4,7.0
287100,ZXGOZbIjK5v+i0EEHS1SywZP4yiFZ8ZKmsXeJkkPrReMvTBGQ4dNJbBygiRCqes7,56.283915,59.647489,65.592616,0,2591700,81.410962,Interactive,4,7.0
287400,ZXGOZbIjK5v+i0EEHS1SywZP4yiFZ8ZKmsXeJkkPrReMvTBGQ4dNJbBygiRCqes7,55.374176,58.800479,62.700599,0,2591700,81.410962,Interactive,4,7.0
287700,ZXGOZbIjK5v+i0EEHS1SywZP4yiFZ8ZKmsXeJkkPrReMvTBGQ4dNJbBygiRCqes7,46.157159,56.952684,65.21129499999999,0,2591700,81.410962,Interactive,4,7.0
288000,ZXGOZbIjK5v+i0EEHS1SywZP4yiFZ8ZKmsXeJkkPrReMvTBGQ4dNJbBygiRCqes7,51.866266,56.435208,61.74626800000001,0,2591700,81.410962,Interactive,4,7.0
288300,ZXGOZbIjK5v+i0EEHS1SywZP4yiFZ8ZKmsXeJkkPrReMvTBGQ4dNJbBygiRCqes7,54.863964,58.671992,63.526089,0,2591700,81.410962,Interactive,4,7.0
288600,ZXGOZbIjK5v+i0EEHS1SywZP4yiFZ8ZKmsXeJkkPrReMvTBGQ4dNJbBygiRCqes7,55.171853000000006,59.577542,64.38202,0,2591700,81.410962,Interactive,4,7.0
288900,ZXGOZbIjK5v+i0EEHS1SywZP4yiFZ8ZKmsXeJkkPrReMvTBGQ4dNJbBygiRCqes7,54.359851,58.502608,63.335316000000006,0,2591700,81.410962,Interactive,4,7.0
289200,ZXGOZbIjK5v+i0EEHS1SywZP4yiFZ8ZKmsXeJkkPrReMvTBGQ4dNJbBygiRCqes7,54.410259,57.444805,62.68350699999999,0,2591700,81.410962,Interactive,4,7.0
289500,ZXGOZbIjK5v+i0EEHS1SywZP4yiFZ8ZKmsXeJkkPrReMvTBGQ4dNJbBygiRCqes7,55.975243000000006,61.260125,68.70851800000001,0,2591700,81.410962,Interactive,4,7.0
289800,ZXGOZbIjK5v+i0EEHS1SywZP4yiFZ8ZKmsXeJkkPrReMvTBGQ4dNJbBygiRCqes7,49.788975,56.467225,62.567509,0,2591700,81.410962,Interactive,4,7.0
290100,ZXGOZbIjK5v+i0EEHS1SywZP4yiFZ8ZKmsXeJkkPrReMvTBGQ4dNJbBygiRCqes7,46.483652,53.84676700000001,58.610028,0,2591700,81.410962,Interactive,4,7.0
290400,ZXGOZbIjK5v+i0EEHS1SywZP4yiFZ8ZKmsXeJkkPrReMvTBGQ4dNJbBygiRCqes7,52.490126,58.228726,61.358224,0,2591700,81.410962,Interactive,4,7.0
290700,ZXGOZbIjK5v+i0EEHS1SywZP4yiFZ8ZKmsXeJkkPrReMvTBGQ4dNJbBygiRCqes7,54.540393,58.428649,62.306451,0,2591700,81.410962,Interactive,4,7.0
291000,ZXGOZbIjK5v+i0EEHS1SywZP4yiFZ8ZKmsXeJkkPrReMvTBGQ4dNJbBygiRCqes7,55.090853,59.343994,62.203299,0,2591700,81.410962,Interactive,4,7.0
291300,ZXGOZbIjK5v+i0EEHS1SywZP4yiFZ8ZKmsXeJkkPrReMvTBGQ4dNJbBygiRCqes7,53.76795500000001,59.332413,64.395752,0,2591700,81.410962,Interactive,4,7.0
291600,ZXGOZbIjK5v+i0EEHS1SywZP4yiFZ8ZKmsXeJkkPrReMvTBGQ4dNJbBygiRCqes7,53.102387,56.721637,62.186559,0,2591700,81.410962,Interactive,4,7.0
291900,ZXGOZbIjK5v+i0EEHS1SywZP4yiFZ8ZKmsXeJkkPrReMvTBGQ4dNJbBygiRCqes7,50.977623,56.583217000000005,62.74795400000001,0,2591700,81.410962,Interactive,4,7.0
292200,ZXGOZbIjK5v+i0EEHS1SywZP4yiFZ8ZKmsXeJkkPrReMvTBGQ4dNJbBygiRCqes7,51.585929,56.426316,61.310939000000005,0,2591700,81.410962,Interactive,4,7.0
292500,ZXGOZbIjK5v+i0EEHS1SywZP4yiFZ8ZKmsXeJkkPrReMvTBGQ4dNJbBygiRCqes7,50.390873,56.775385,62.443554000000006,0,2591700,81.410962,Interactive,4,7.0
292800,ZXGOZbIjK5v+i0EEHS1SywZP4yiFZ8ZKmsXeJkkPrReMvTBGQ4dNJbBygiRCqes7,54.24530600000001,58.200759,62.82760699999999,0,2591700,81.410962,Interactive,4,7.0
293100,ZXGOZbIjK5v+i0EEHS1SywZP4yiFZ8ZKmsXeJkkPrReMvTBGQ4dNJbBygiRCqes7,54.233009,58.610654,65.320252,0,2591700,81.410962,Interactive,4,7.0
293400,ZXGOZbIjK5v+i0EEHS1SywZP4yiFZ8ZKmsXeJkkPrReMvTBGQ4dNJbBygiRCqes7,51.576095,55.824724,65.230853,0,2591700,81.410962,Interactive,4,7.0
293700,ZXGOZbIjK5v+i0EEHS1SywZP4yiFZ8ZKmsXeJkkPrReMvTBGQ4dNJbBygiRCqes7,52.213441,58.351465000000005,64.855202,0,2591700,81.410962,Interactive,4,7.0
294000,ZXGOZbIjK5v+i0EEHS1SywZP4yiFZ8ZKmsXeJkkPrReMvTBGQ4dNJbBygiRCqes7,43.12222,49.474126,57.199694,0,2591700,81.410962,Interactive,4,7.0
294300,ZXGOZbIjK5v+i0EEHS1SywZP4yiFZ8ZKmsXeJkkPrReMvTBGQ4dNJbBygiRCqes7,40.533183,55.40369499999999,66.19585500000001,0,2591700,81.410962,Interactive,4,7.0
294600,ZXGOZbIjK5v+i0EEHS1SywZP4yiFZ8ZKmsXeJkkPrReMvTBGQ4dNJbBygiRCqes7,49.604591,54.085029000000006,61.01521700000001,0,2591700,81.410962,Interactive,4,7.0
294900,ZXGOZbIjK5v+i0EEHS1SywZP4yiFZ8ZKmsXeJkkPrReMvTBGQ4dNJbBygiRCqes7,54.089186,59.323701,65.5221,0,2591700,81.410962,Interactive,4,7.0
295200,ZXGOZbIjK5v+i0EEHS1SywZP4yiFZ8ZKmsXeJkkPrReMvTBGQ4dNJbBygiRCqes7,54.375728,57.350595,62.988978,0,2591700,81.410962,Interactive,4,7.0
295500,ZXGOZbIjK5v+i0EEHS1SywZP4yiFZ8ZKmsXeJkkPrReMvTBGQ4dNJbBygiRCqes7,51.867139,58.87794,66.362172,0,2591700,81.410962,Interactive,4,7.0
295800,ZXGOZbIjK5v+i0EEHS1SywZP4yiFZ8ZKmsXeJkkPrReMvTBGQ4dNJbBygiRCqes7,53.796863,58.175464,65.745138,0,2591700,81.410962,Interactive,4,7.0
296100,ZXGOZbIjK5v+i0EEHS1SywZP4yiFZ8ZKmsXeJkkPrReMvTBGQ4dNJbBygiRCqes7,50.802905,55.813212,62.227811,0,2591700,81.410962,Interactive,4,7.0
296400,ZXGOZbIjK5v+i0EEHS1SywZP4yiFZ8ZKmsXeJkkPrReMvTBGQ4dNJbBygiRCqes7,54.39179,58.424886,66.59831899999999,0,2591700,81.410962,Interactive,4,7.0
296700,ZXGOZbIjK5v+i0EEHS1SywZP4yiFZ8ZKmsXeJkkPrReMvTBGQ4dNJbBygiRCqes7,52.620857,57.910636,66.004021,0,2591700,81.410962,Interactive,4,7.0
297000,ZXGOZbIjK5v+i0EEHS1SywZP4yiFZ8ZKmsXeJkkPrReMvTBGQ4dNJbBygiRCqes7,50.713955,55.409229,64.311881,0,2591700,81.410962,Interactive,4,7.0
297300,ZXGOZbIjK5v+i0EEHS1SywZP4yiFZ8ZKmsXeJkkPrReMvTBGQ4dNJbBygiRCqes7,50.802525,53.990436,58.84329399999999,0,2591700,81.410962,Interactive,4,7.0
297600,ZXGOZbIjK5v+i0EEHS1SywZP4yiFZ8ZKmsXeJkkPrReMvTBGQ4dNJbBygiRCqes7,48.994038,52.704487,61.783112,0,2591700,81.410962,Interactive,4,7.0
297900,ZXGOZbIjK5v+i0EEHS1SywZP4yiFZ8ZKmsXeJkkPrReMvTBGQ4dNJbBygiRCqes7,47.960232,55.470294,62.311678,0,2591700,81.410962,Interactive,4,7.0
298200,ZXGOZbIjK5v+i0EEHS1SywZP4yiFZ8ZKmsXeJkkPrReMvTBGQ4dNJbBygiRCqes7,52.298197,56.082474,62.148191,0,2591700,81.410962,Interactive,4,7.0
298500,ZXGOZbIjK5v+i0EEHS1SywZP4yiFZ8ZKmsXeJkkPrReMvTBGQ4dNJbBygiRCqes7,53.291603,57.92946,64.315534,0,2591700,81.410962,Interactive,4,7.0
298800,ZXGOZbIjK5v+i0EEHS1SywZP4yiFZ8ZKmsXeJkkPrReMvTBGQ4dNJbBygiRCqes7,56.594701,61.298311,66.71665899999999,0,2591700,81.410962,Interactive,4,7.0
299100,ZXGOZbIjK5v+i0EEHS1SywZP4yiFZ8ZKmsXeJkkPrReMvTBGQ4dNJbBygiRCqes7,56.54376800000001,59.56647099999999,64.651878,0,2591700,81.410962,Interactive,4,7.0
299400,ZXGOZbIjK5v+i0EEHS1SywZP4yiFZ8ZKmsXeJkkPrReMvTBGQ4dNJbBygiRCqes7,56.04776700000001,59.755756000000005,63.844979,0,2591700,81.410962,Interactive,4,7.0
299700,ZXGOZbIjK5v+i0EEHS1SywZP4yiFZ8ZKmsXeJkkPrReMvTBGQ4dNJbBygiRCqes7,55.834304,60.061741000000005,66.119445,0,2591700,81.410962,Interactive,4,7.0
300000,ZXGOZbIjK5v+i0EEHS1SywZP4yiFZ8ZKmsXeJkkPrReMvTBGQ4dNJbBygiRCqes7,55.798273,59.08152,63.089314,0,2591700,81.410962,Interactive,4,7.0
300300,ZXGOZbIjK5v+i0EEHS1SywZP4yiFZ8ZKmsXeJkkPrReMvTBGQ4dNJbBygiRCqes7,54.75424399999999,59.399502000000005,63.89414300000001,0,2591700,81.410962,Interactive,4,7.0
300600,ZXGOZbIjK5v+i0EEHS1SywZP4yiFZ8ZKmsXeJkkPrReMvTBGQ4dNJbBygiRCqes7,55.175062,58.821903000000006,64.401302,0,2591700,81.410962,Interactive,4,7.0
300900,ZXGOZbIjK5v+i0EEHS1SywZP4yiFZ8ZKmsXeJkkPrReMvTBGQ4dNJbBygiRCqes7,52.495447,56.614659,61.573423,0,2591700,81.410962,Interactive,4,7.0
301200,ZXGOZbIjK5v+i0EEHS1SywZP4yiFZ8ZKmsXeJkkPrReMvTBGQ4dNJbBygiRCqes7,51.003205,54.678911,59.717138,0,2591700,81.410962,Interactive,4,7.0
301500,ZXGOZbIjK5v+i0EEHS1SywZP4yiFZ8ZKmsXeJkkPrReMvTBGQ4dNJbBygiRCqes7,52.274975,58.66469,64.528644,0,2591700,81.410962,Interactive,4,7.0
301800,ZXGOZbIjK5v+i0EEHS1SywZP4yiFZ8ZKmsXeJkkPrReMvTBGQ4dNJbBygiRCqes7,51.868128000000006,55.788252,61.377528000000005,0,2591700,81.410962,Interactive,4,7.0
302100,ZXGOZbIjK5v+i0EEHS1SywZP4yiFZ8ZKmsXeJkkPrReMvTBGQ4dNJbBygiRCqes7,47.894782,53.133851,60.089599,0,2591700,81.410962,Interactive,4,7.0
302400,ZXGOZbIjK5v+i0EEHS1SywZP4yiFZ8ZKmsXeJkkPrReMvTBGQ4dNJbBygiRCqes7,49.648701,58.020514,63.897984,0,2591700,81.410962,Interactive,4,7.0
302700,ZXGOZbIjK5v+i0EEHS1SywZP4yiFZ8ZKmsXeJkkPrReMvTBGQ4dNJbBygiRCqes7,53.241258,57.166884,62.109967000000005,0,2591700,81.410962,Interactive,4,7.0
303000,ZXGOZbIjK5v+i0EEHS1SywZP4yiFZ8ZKmsXeJkkPrReMvTBGQ4dNJbBygiRCqes7,53.264716,58.330141000000005,62.451440000000005,0,2591700,81.410962,Interactive,4,7.0
303300,ZXGOZbIjK5v+i0EEHS1SywZP4yiFZ8ZKmsXeJkkPrReMvTBGQ4dNJbBygiRCqes7,53.388871,57.34658100000001,61.538802,0,2591700,81.410962,Interactive,4,7.0
303600,ZXGOZbIjK5v+i0EEHS1SywZP4yiFZ8ZKmsXeJkkPrReMvTBGQ4dNJbBygiRCqes7,54.926963,60.448678,64.81490500000001,0,2591700,81.410962,Interactive,4,7.0
303900,ZXGOZbIjK5v+i0EEHS1SywZP4yiFZ8ZKmsXeJkkPrReMvTBGQ4dNJbBygiRCqes7,51.600064,56.092094,60.959365000000005,0,2591700,81.410962,Interactive,4,7.0
304200,ZXGOZbIjK5v+i0EEHS1SywZP4yiFZ8ZKmsXeJkkPrReMvTBGQ4dNJbBygiRCqes7,50.808756,57.997704000000006,65.11672,0,2591700,81.410962,Interactive,4,7.0
304500,ZXGOZbIjK5v+i0EEHS1SywZP4yiFZ8ZKmsXeJkkPrReMvTBGQ4dNJbBygiRCqes7,42.222803000000006,55.96883100000001,61.164013,0,2591700,81.410962,Interactive,4,7.0
304800,ZXGOZbIjK5v+i0EEHS1SywZP4yiFZ8ZKmsXeJkkPrReMvTBGQ4dNJbBygiRCqes7,53.572887,58.850827,63.37082,0,2591700,81.410962,Interactive,4,7.0
305100,ZXGOZbIjK5v+i0EEHS1SywZP4yiFZ8ZKmsXeJkkPrReMvTBGQ4dNJbBygiRCqes7,48.565171,53.500096,60.63089599999999,0,2591700,81.410962,Interactive,4,7.0
305400,ZXGOZbIjK5v+i0EEHS1SywZP4yiFZ8ZKmsXeJkkPrReMvTBGQ4dNJbBygiRCqes7,45.799885,49.732769,56.500530000000005,0,2591700,81.410962,Interactive,4,7.0
305700,ZXGOZbIjK5v+i0EEHS1SywZP4yiFZ8ZKmsXeJkkPrReMvTBGQ4dNJbBygiRCqes7,46.82312,53.185480000000005,60.210788,0,2591700,81.410962,Interactive,4,7.0
306000,ZXGOZbIjK5v+i0EEHS1SywZP4yiFZ8ZKmsXeJkkPrReMvTBGQ4dNJbBygiRCqes7,48.840827,58.441076,64.483971,0,2591700,81.410962,Interactive,4,7.0
306300,ZXGOZbIjK5v+i0EEHS1SywZP4yiFZ8ZKmsXeJkkPrReMvTBGQ4dNJbBygiRCqes7,49.823042,56.72314,62.88238199999999,0,2591700,81.410962,Interactive,4,7.0
306600,ZXGOZbIjK5v+i0EEHS1SywZP4yiFZ8ZKmsXeJkkPrReMvTBGQ4dNJbBygiRCqes7,53.567708,59.33844499999999,65.670704,0,2591700,81.410962,Interactive,4,7.0
306900,ZXGOZbIjK5v+i0EEHS1SywZP4yiFZ8ZKmsXeJkkPrReMvTBGQ4dNJbBygiRCqes7,56.905712,60.078996,64.447245,0,2591700,81.410962,Interactive,4,7.0
307200,ZXGOZbIjK5v+i0EEHS1SywZP4yiFZ8ZKmsXeJkkPrReMvTBGQ4dNJbBygiRCqes7,57.162032,60.864252,65.67855,0,2591700,81.410962,Interactive,4,7.0
307500,ZXGOZbIjK5v+i0EEHS1SywZP4yiFZ8ZKmsXeJkkPrReMvTBGQ4dNJbBygiRCqes7,53.559714,58.941597,64.95049,0,2591700,81.410962,Interactive,4,7.0
307800,ZXGOZbIjK5v+i0EEHS1SywZP4yiFZ8ZKmsXeJkkPrReMvTBGQ4dNJbBygiRCqes7,56.141203,61.157012,68.460605,0,2591700,81.410962,Interactive,4,7.0
308100,ZXGOZbIjK5v+i0EEHS1SywZP4yiFZ8ZKmsXeJkkPrReMvTBGQ4dNJbBygiRCqes7,53.971701,59.816218000000006,64.782451,0,2591700,81.410962,Interactive,4,7.0
308400,ZXGOZbIjK5v+i0EEHS1SywZP4yiFZ8ZKmsXeJkkPrReMvTBGQ4dNJbBygiRCqes7,54.750917,60.347957,64.800085,0,2591700,81.410962,Interactive,4,7.0
308700,ZXGOZbIjK5v+i0EEHS1SywZP4yiFZ8ZKmsXeJkkPrReMvTBGQ4dNJbBygiRCqes7,46.820446,55.09659,62.87459200000001,0,2591700,81.410962,Interactive,4,7.0
309000,ZXGOZbIjK5v+i0EEHS1SywZP4yiFZ8ZKmsXeJkkPrReMvTBGQ4dNJbBygiRCqes7,50.535873,58.801475,64.78490500000001,0,2591700,81.410962,Interactive,4,7.0
309300,ZXGOZbIjK5v+i0EEHS1SywZP4yiFZ8ZKmsXeJkkPrReMvTBGQ4dNJbBygiRCqes7,48.323257,57.869629,65.371031,0,2591700,81.410962,Interactive,4,7.0
309600,ZXGOZbIjK5v+i0EEHS1SywZP4yiFZ8ZKmsXeJkkPrReMvTBGQ4dNJbBygiRCqes7,53.536734,58.022202,65.239391,0,2591700,81.410962,Interactive,4,7.0
309900,ZXGOZbIjK5v+i0EEHS1SywZP4yiFZ8ZKmsXeJkkPrReMvTBGQ4dNJbBygiRCqes7,49.792363,56.75845,64.65958,0,2591700,81.410962,Interactive,4,7.0
310200,ZXGOZbIjK5v+i0EEHS1SywZP4yiFZ8ZKmsXeJkkPrReMvTBGQ4dNJbBygiRCqes7,50.676065,57.202525,63.553112,0,2591700,81.410962,Interactive,4,7.0
310500,ZXGOZbIjK5v+i0EEHS1SywZP4yiFZ8ZKmsXeJkkPrReMvTBGQ4dNJbBygiRCqes7,49.408973,55.9184,63.420916000000005,0,2591700,81.410962,Interactive,4,7.0
310800,ZXGOZbIjK5v+i0EEHS1SywZP4yiFZ8ZKmsXeJkkPrReMvTBGQ4dNJbBygiRCqes7,49.227876,57.398883,63.95476800000001,0,2591700,81.410962,Interactive,4,7.0
311100,ZXGOZbIjK5v+i0EEHS1SywZP4yiFZ8ZKmsXeJkkPrReMvTBGQ4dNJbBygiRCqes7,54.107276,59.105329000000005,65.28790500000001,0,2591700,81.410962,Interactive,4,7.0
311400,ZXGOZbIjK5v+i0EEHS1SywZP4yiFZ8ZKmsXeJkkPrReMvTBGQ4dNJbBygiRCqes7,57.546503,60.36749,66.14004399999999,0,2591700,81.410962,Interactive,4,7.0
311700,ZXGOZbIjK5v+i0EEHS1SywZP4yiFZ8ZKmsXeJkkPrReMvTBGQ4dNJbBygiRCqes7,55.32509399999999,59.756286,64.72001999999999,0,2591700,81.410962,Interactive,4,7.0
312000,ZXGOZbIjK5v+i0EEHS1SywZP4yiFZ8ZKmsXeJkkPrReMvTBGQ4dNJbBygiRCqes7,55.220412,58.261695,62.026375,0,2591700,81.410962,Interactive,4,7.0
312300,ZXGOZbIjK5v+i0EEHS1SywZP4yiFZ8ZKmsXeJkkPrReMvTBGQ4dNJbBygiRCqes7,54.036102,59.072377,64.5345,0,2591700,81.410962,Interactive,4,7.0
312600,ZXGOZbIjK5v+i0EEHS1SywZP4yiFZ8ZKmsXeJkkPrReMvTBGQ4dNJbBygiRCqes7,57.841235,61.705234,65.425161,0,2591700,81.410962,Interactive,4,7.0
312900,ZXGOZbIjK5v+i0EEHS1SywZP4yiFZ8ZKmsXeJkkPrReMvTBGQ4dNJbBygiRCqes7,51.831067,57.85150600000001,64.436514,0,2591700,81.410962,Interactive,4,7.0
313200,ZXGOZbIjK5v+i0EEHS1SywZP4yiFZ8ZKmsXeJkkPrReMvTBGQ4dNJbBygiRCqes7,52.852366,58.017003,62.355391,0,2591700,81.410962,Interactive,4,7.0
313500,ZXGOZbIjK5v+i0EEHS1SywZP4yiFZ8ZKmsXeJkkPrReMvTBGQ4dNJbBygiRCqes7,52.248457,57.259581,62.492909,0,2591700,81.410962,Interactive,4,7.0
313800,ZXGOZbIjK5v+i0EEHS1SywZP4yiFZ8ZKmsXeJkkPrReMvTBGQ4dNJbBygiRCqes7,54.795765,59.92456899999999,66.71521700000001,0,2591700,81.410962,Interactive,4,7.0
314100,ZXGOZbIjK5v+i0EEHS1SywZP4yiFZ8ZKmsXeJkkPrReMvTBGQ4dNJbBygiRCqes7,52.150376,57.03665600000001,61.320905,0,2591700,81.410962,Interactive,4,7.0
314400,ZXGOZbIjK5v+i0EEHS1SywZP4yiFZ8ZKmsXeJkkPrReMvTBGQ4dNJbBygiRCqes7,50.095305,57.816937,65.336478,0,2591700,81.410962,Interactive,4,7.0
314700,ZXGOZbIjK5v+i0EEHS1SywZP4yiFZ8ZKmsXeJkkPrReMvTBGQ4dNJbBygiRCqes7,47.689002,54.347368,60.657782,0,2591700,81.410962,Interactive,4,7.0
315000,ZXGOZbIjK5v+i0EEHS1SywZP4yiFZ8ZKmsXeJkkPrReMvTBGQ4dNJbBygiRCqes7,50.464823,56.89305400000001,62.147728,0,2591700,81.410962,Interactive,4,7.0
315300,ZXGOZbIjK5v+i0EEHS1SywZP4yiFZ8ZKmsXeJkkPrReMvTBGQ4dNJbBygiRCqes7,52.306771000000005,57.689389,64.391864,0,2591700,81.410962,Interactive,4,7.0
315600,ZXGOZbIjK5v+i0EEHS1SywZP4yiFZ8ZKmsXeJkkPrReMvTBGQ4dNJbBygiRCqes7,54.654335,60.240149,64.071541,0,2591700,81.410962,Interactive,4,7.0
315900,ZXGOZbIjK5v+i0EEHS1SywZP4yiFZ8ZKmsXeJkkPrReMvTBGQ4dNJbBygiRCqes7,50.86155,57.53986999999999,63.969362,0,2591700,81.410962,Interactive,4,7.0
316200,ZXGOZbIjK5v+i0EEHS1SywZP4yiFZ8ZKmsXeJkkPrReMvTBGQ4dNJbBygiRCqes7,52.854475,59.103878,64.549686,0,2591700,81.410962,Interactive,4,7.0
316500,ZXGOZbIjK5v+i0EEHS1SywZP4yiFZ8ZKmsXeJkkPrReMvTBGQ4dNJbBygiRCqes7,49.164887,55.531968000000006,61.977067000000005,0,2591700,81.410962,Interactive,4,7.0
316800,ZXGOZbIjK5v+i0EEHS1SywZP4yiFZ8ZKmsXeJkkPrReMvTBGQ4dNJbBygiRCqes7,55.333729000000005,59.489508,63.674656000000006,0,2591700,81.410962,Interactive,4,7.0
317100,ZXGOZbIjK5v+i0EEHS1SywZP4yiFZ8ZKmsXeJkkPrReMvTBGQ4dNJbBygiRCqes7,45.422729,53.786426,60.241342,0,2591700,81.410962,Interactive,4,7.0
317400,ZXGOZbIjK5v+i0EEHS1SywZP4yiFZ8ZKmsXeJkkPrReMvTBGQ4dNJbBygiRCqes7,48.478542,57.921514,61.433526,0,2591700,81.410962,Interactive,4,7.0
317700,ZXGOZbIjK5v+i0EEHS1SywZP4yiFZ8ZKmsXeJkkPrReMvTBGQ4dNJbBygiRCqes7,50.161554,55.082891,62.039951,0,2591700,81.410962,Interactive,4,7.0
318000,ZXGOZbIjK5v+i0EEHS1SywZP4yiFZ8ZKmsXeJkkPrReMvTBGQ4dNJbBygiRCqes7,53.112498,58.001090000000005,60.55476,0,2591700,81.410962,Interactive,4,7.0
318300,ZXGOZbIjK5v+i0EEHS1SywZP4yiFZ8ZKmsXeJkkPrReMvTBGQ4dNJbBygiRCqes7,56.297094,59.14066999999999,63.959339,0,2591700,81.410962,Interactive,4,7.0
318600,ZXGOZbIjK5v+i0EEHS1SywZP4yiFZ8ZKmsXeJkkPrReMvTBGQ4dNJbBygiRCqes7,53.783512,58.285616000000005,61.869959,0,2591700,81.410962,Interactive,4,7.0
318900,ZXGOZbIjK5v+i0EEHS1SywZP4yiFZ8ZKmsXeJkkPrReMvTBGQ4dNJbBygiRCqes7,52.831517000000005,57.878643,62.844289,0,2591700,81.410962,Interactive,4,7.0
319200,ZXGOZbIjK5v+i0EEHS1SywZP4yiFZ8ZKmsXeJkkPrReMvTBGQ4dNJbBygiRCqes7,53.976159,58.782782,62.357403000000005,0,2591700,81.410962,Interactive,4,7.0
319500,ZXGOZbIjK5v+i0EEHS1SywZP4yiFZ8ZKmsXeJkkPrReMvTBGQ4dNJbBygiRCqes7,55.163415,59.46394300000001,66.556253,0,2591700,81.410962,Interactive,4,7.0
319800,ZXGOZbIjK5v+i0EEHS1SywZP4yiFZ8ZKmsXeJkkPrReMvTBGQ4dNJbBygiRCqes7,55.47743199999999,58.69583000000001,62.678696,0,2591700,81.410962,Interactive,4,7.0
320100,ZXGOZbIjK5v+i0EEHS1SywZP4yiFZ8ZKmsXeJkkPrReMvTBGQ4dNJbBygiRCqes7,54.68288,58.501267000000006,65.227777,0,2591700,81.410962,Interactive,4,7.0
320400,ZXGOZbIjK5v+i0EEHS1SywZP4yiFZ8ZKmsXeJkkPrReMvTBGQ4dNJbBygiRCqes7,55.36838,59.365037,63.338725,0,2591700,81.410962,Interactive,4,7.0
320700,ZXGOZbIjK5v+i0EEHS1SywZP4yiFZ8ZKmsXeJkkPrReMvTBGQ4dNJbBygiRCqes7,56.505398,59.90059,65.180998,0,2591700,81.410962,Interactive,4,7.0
321000,ZXGOZbIjK5v+i0EEHS1SywZP4yiFZ8ZKmsXeJkkPrReMvTBGQ4dNJbBygiRCqes7,56.812506000000006,60.014742000000005,65.03985300000001,0,2591700,81.410962,Interactive,4,7.0
321300,ZXGOZbIjK5v+i0EEHS1SywZP4yiFZ8ZKmsXeJkkPrReMvTBGQ4dNJbBygiRCqes7,53.729749,57.795095,63.15330600000001,0,2591700,81.410962,Interactive,4,7.0
321600,ZXGOZbIjK5v+i0EEHS1SywZP4yiFZ8ZKmsXeJkkPrReMvTBGQ4dNJbBygiRCqes7,54.041546,57.328715,60.893905,0,2591700,81.410962,Interactive,4,7.0
321900,ZXGOZbIjK5v+i0EEHS1SywZP4yiFZ8ZKmsXeJkkPrReMvTBGQ4dNJbBygiRCqes7,52.107214,58.258737,68.52225,0,2591700,81.410962,Interactive,4,7.0
322200,ZXGOZbIjK5v+i0EEHS1SywZP4yiFZ8ZKmsXeJkkPrReMvTBGQ4dNJbBygiRCqes7,53.421545,56.296376,59.445639,0,2591700,81.410962,Interactive,4,7.0
322500,ZXGOZbIjK5v+i0EEHS1SywZP4yiFZ8ZKmsXeJkkPrReMvTBGQ4dNJbBygiRCqes7,50.287297,54.697978000000006,61.094227,0,2591700,81.410962,Interactive,4,7.0
322800,ZXGOZbIjK5v+i0EEHS1SywZP4yiFZ8ZKmsXeJkkPrReMvTBGQ4dNJbBygiRCqes7,49.150672,52.29528,60.416864,0,2591700,81.410962,Interactive,4,7.0
323100,ZXGOZbIjK5v+i0EEHS1SywZP4yiFZ8ZKmsXeJkkPrReMvTBGQ4dNJbBygiRCqes7,48.87635,53.403774,59.995047,0,2591700,81.410962,Interactive,4,7.0
323400,ZXGOZbIjK5v+i0EEHS1SywZP4yiFZ8ZKmsXeJkkPrReMvTBGQ4dNJbBygiRCqes7,55.068508,58.707143,64.311779,0,2591700,81.410962,Interactive,4,7.0
323700,ZXGOZbIjK5v+i0EEHS1SywZP4yiFZ8ZKmsXeJkkPrReMvTBGQ4dNJbBygiRCqes7,49.701443,55.142462,62.094823,0,2591700,81.410962,Interactive,4,7.0
324000,ZXGOZbIjK5v+i0EEHS1SywZP4yiFZ8ZKmsXeJkkPrReMvTBGQ4dNJbBygiRCqes7,50.632019,57.095886,60.945317,0,2591700,81.410962,Interactive,4,7.0
324300,ZXGOZbIjK5v+i0EEHS1SywZP4yiFZ8ZKmsXeJkkPrReMvTBGQ4dNJbBygiRCqes7,53.921907,58.453146,63.710997,0,2591700,81.410962,Interactive,4,7.0
324600,ZXGOZbIjK5v+i0EEHS1SywZP4yiFZ8ZKmsXeJkkPrReMvTBGQ4dNJbBygiRCqes7,55.598277,60.40016800000001,65.409131,0,2591700,81.410962,Interactive,4,7.0
324900,ZXGOZbIjK5v+i0EEHS1SywZP4yiFZ8ZKmsXeJkkPrReMvTBGQ4dNJbBygiRCqes7,52.456959,56.461907,61.509665000000005,0,2591700,81.410962,Interactive,4,7.0
325200,ZXGOZbIjK5v+i0EEHS1SywZP4yiFZ8ZKmsXeJkkPrReMvTBGQ4dNJbBygiRCqes7,55.121295,59.15294399999999,62.973022,0,2591700,81.410962,Interactive,4,7.0
325500,ZXGOZbIjK5v+i0EEHS1SywZP4yiFZ8ZKmsXeJkkPrReMvTBGQ4dNJbBygiRCqes7,53.571507,58.145838,64.999212,0,2591700,81.410962,Interactive,4,7.0
325800,ZXGOZbIjK5v+i0EEHS1SywZP4yiFZ8ZKmsXeJkkPrReMvTBGQ4dNJbBygiRCqes7,53.268438,57.77443100000001,62.830015,0,2591700,81.410962,Interactive,4,7.0
326100,ZXGOZbIjK5v+i0EEHS1SywZP4yiFZ8ZKmsXeJkkPrReMvTBGQ4dNJbBygiRCqes7,53.556637,58.12586999999999,62.903916,0,2591700,81.410962,Interactive,4,7.0
326400,ZXGOZbIjK5v+i0EEHS1SywZP4yiFZ8ZKmsXeJkkPrReMvTBGQ4dNJbBygiRCqes7,56.039873,59.921693000000005,65.57618599999999,0,2591700,81.410962,Interactive,4,7.0
326700,ZXGOZbIjK5v+i0EEHS1SywZP4yiFZ8ZKmsXeJkkPrReMvTBGQ4dNJbBygiRCqes7,43.549885,52.240512,59.898738,0,2591700,81.410962,Interactive,4,7.0
327000,ZXGOZbIjK5v+i0EEHS1SywZP4yiFZ8ZKmsXeJkkPrReMvTBGQ4dNJbBygiRCqes7,51.750125,58.042914,61.880707,0,2591700,81.410962,Interactive,4,7.0
327300,ZXGOZbIjK5v+i0EEHS1SywZP4yiFZ8ZKmsXeJkkPrReMvTBGQ4dNJbBygiRCqes7,51.303373,59.730442,65.53327900000001,0,2591700,81.410962,Interactive,4,7.0
327600,ZXGOZbIjK5v+i0EEHS1SywZP4yiFZ8ZKmsXeJkkPrReMvTBGQ4dNJbBygiRCqes7,55.921574,59.759014,64.892204,0,2591700,81.410962,Interactive,4,7.0
327900,ZXGOZbIjK5v+i0EEHS1SywZP4yiFZ8ZKmsXeJkkPrReMvTBGQ4dNJbBygiRCqes7,51.15298,56.926571,62.204229000000005,0,2591700,81.410962,Interactive,4,7.0
328200,ZXGOZbIjK5v+i0EEHS1SywZP4yiFZ8ZKmsXeJkkPrReMvTBGQ4dNJbBygiRCqes7,53.960579,58.977526,62.807938,0,2591700,81.410962,Interactive,4,7.0
328500,ZXGOZbIjK5v+i0EEHS1SywZP4yiFZ8ZKmsXeJkkPrReMvTBGQ4dNJbBygiRCqes7,52.79411700000001,59.678933,66.047312,0,2591700,81.410962,Interactive,4,7.0
328800,ZXGOZbIjK5v+i0EEHS1SywZP4yiFZ8ZKmsXeJkkPrReMvTBGQ4dNJbBygiRCqes7,54.39999399999999,58.491241,63.489337,0,2591700,81.410962,Interactive,4,7.0
329100,ZXGOZbIjK5v+i0EEHS1SywZP4yiFZ8ZKmsXeJkkPrReMvTBGQ4dNJbBygiRCqes7,52.481872,57.144232,63.435904,0,2591700,81.410962,Interactive,4,7.0
329400,ZXGOZbIjK5v+i0EEHS1SywZP4yiFZ8ZKmsXeJkkPrReMvTBGQ4dNJbBygiRCqes7,53.942351,59.055774,63.766951,0,2591700,81.410962,Interactive,4,7.0
329700,ZXGOZbIjK5v+i0EEHS1SywZP4yiFZ8ZKmsXeJkkPrReMvTBGQ4dNJbBygiRCqes7,55.167771,60.113482,66.195171,0,2591700,81.410962,Interactive,4,7.0
330000,ZXGOZbIjK5v+i0EEHS1SywZP4yiFZ8ZKmsXeJkkPrReMvTBGQ4dNJbBygiRCqes7,55.043379,58.349391,63.433224,0,2591700,81.410962,Interactive,4,7.0
330300,ZXGOZbIjK5v+i0EEHS1SywZP4yiFZ8ZKmsXeJkkPrReMvTBGQ4dNJbBygiRCqes7,49.409432,56.115042,63.872011,0,2591700,81.410962,Interactive,4,7.0
330600,ZXGOZbIjK5v+i0EEHS1SywZP4yiFZ8ZKmsXeJkkPrReMvTBGQ4dNJbBygiRCqes7,46.483087,52.847208,60.589196,0,2591700,81.410962,Interactive,4,7.0
330900,ZXGOZbIjK5v+i0EEHS1SywZP4yiFZ8ZKmsXeJkkPrReMvTBGQ4dNJbBygiRCqes7,48.850511,54.743661,62.711043,0,2591700,81.410962,Interactive,4,7.0
331200,ZXGOZbIjK5v+i0EEHS1SywZP4yiFZ8ZKmsXeJkkPrReMvTBGQ4dNJbBygiRCqes7,52.569002000000005,58.395317000000006,62.821201,0,2591700,81.410962,Interactive,4,7.0
331500,ZXGOZbIjK5v+i0EEHS1SywZP4yiFZ8ZKmsXeJkkPrReMvTBGQ4dNJbBygiRCqes7,54.734039,59.52887,66.019136,0,2591700,81.410962,Interactive,4,7.0
331800,ZXGOZbIjK5v+i0EEHS1SywZP4yiFZ8ZKmsXeJkkPrReMvTBGQ4dNJbBygiRCqes7,54.629180000000005,58.532029,64.26066800000001,0,2591700,81.410962,Interactive,4,7.0
332100,ZXGOZbIjK5v+i0EEHS1SywZP4yiFZ8ZKmsXeJkkPrReMvTBGQ4dNJbBygiRCqes7,55.344935,60.279371,67.243276,0,2591700,81.410962,Interactive,4,7.0
332400,ZXGOZbIjK5v+i0EEHS1SywZP4yiFZ8ZKmsXeJkkPrReMvTBGQ4dNJbBygiRCqes7,55.060913,58.806476,63.26469300000001,0,2591700,81.410962,Interactive,4,7.0
332700,ZXGOZbIjK5v+i0EEHS1SywZP4yiFZ8ZKmsXeJkkPrReMvTBGQ4dNJbBygiRCqes7,49.81286,57.511836,66.736448,0,2591700,81.410962,Interactive,4,7.0
333000,ZXGOZbIjK5v+i0EEHS1SywZP4yiFZ8ZKmsXeJkkPrReMvTBGQ4dNJbBygiRCqes7,50.593936,55.913778,60.610043000000005,0,2591700,81.410962,Interactive,4,7.0
333300,ZXGOZbIjK5v+i0EEHS1SywZP4yiFZ8ZKmsXeJkkPrReMvTBGQ4dNJbBygiRCqes7,52.548505000000006,59.680929000000006,65.168624,0,2591700,81.410962,Interactive,4,7.0
333600,ZXGOZbIjK5v+i0EEHS1SywZP4yiFZ8ZKmsXeJkkPrReMvTBGQ4dNJbBygiRCqes7,54.146636,58.312424,62.92563199999999,0,2591700,81.410962,Interactive,4,7.0
333900,ZXGOZbIjK5v+i0EEHS1SywZP4yiFZ8ZKmsXeJkkPrReMvTBGQ4dNJbBygiRCqes7,54.282146,58.992254,64.00353199999999,0,2591700,81.410962,Interactive,4,7.0
334200,ZXGOZbIjK5v+i0EEHS1SywZP4yiFZ8ZKmsXeJkkPrReMvTBGQ4dNJbBygiRCqes7,49.944631,57.155812,62.967928,0,2591700,81.410962,Interactive,4,7.0
334500,ZXGOZbIjK5v+i0EEHS1SywZP4yiFZ8ZKmsXeJkkPrReMvTBGQ4dNJbBygiRCqes7,53.188976,58.085047,64.128568,0,2591700,81.410962,Interactive,4,7.0
334800,ZXGOZbIjK5v+i0EEHS1SywZP4yiFZ8ZKmsXeJkkPrReMvTBGQ4dNJbBygiRCqes7,50.781566,56.663796,61.40061,0,2591700,81.410962,Interactive,4,7.0
335100,ZXGOZbIjK5v+i0EEHS1SywZP4yiFZ8ZKmsXeJkkPrReMvTBGQ4dNJbBygiRCqes7,48.840156,56.451197,63.755961,0,2591700,81.410962,Interactive,4,7.0
335400,ZXGOZbIjK5v+i0EEHS1SywZP4yiFZ8ZKmsXeJkkPrReMvTBGQ4dNJbBygiRCqes7,50.568596,55.359302,59.50588199999999,0,2591700,81.410962,Interactive,4,7.0
335700,ZXGOZbIjK5v+i0EEHS1SywZP4yiFZ8ZKmsXeJkkPrReMvTBGQ4dNJbBygiRCqes7,52.047508,57.355990000000006,62.532227,0,2591700,81.410962,Interactive,4,7.0
336000,ZXGOZbIjK5v+i0EEHS1SywZP4yiFZ8ZKmsXeJkkPrReMvTBGQ4dNJbBygiRCqes7,53.834937,57.729932,63.257936,0,2591700,81.410962,Interactive,4,7.0
336300,ZXGOZbIjK5v+i0EEHS1SywZP4yiFZ8ZKmsXeJkkPrReMvTBGQ4dNJbBygiRCqes7,49.147947,55.01544499999999,61.623091,0,2591700,81.410962,Interactive,4,7.0
336600,ZXGOZbIjK5v+i0EEHS1SywZP4yiFZ8ZKmsXeJkkPrReMvTBGQ4dNJbBygiRCqes7,50.514665,58.191962,63.854439,0,2591700,81.410962,Interactive,4,7.0
336900,ZXGOZbIjK5v+i0EEHS1SywZP4yiFZ8ZKmsXeJkkPrReMvTBGQ4dNJbBygiRCqes7,52.785296,58.34418,70.767443,0,2591700,81.410962,Interactive,4,7.0
337200,ZXGOZbIjK5v+i0EEHS1SywZP4yiFZ8ZKmsXeJkkPrReMvTBGQ4dNJbBygiRCqes7,53.36886,57.25937,62.934375,0,2591700,81.410962,Interactive,4,7.0
337500,ZXGOZbIjK5v+i0EEHS1SywZP4yiFZ8ZKmsXeJkkPrReMvTBGQ4dNJbBygiRCqes7,49.87979,54.627185,63.664917,0,2591700,81.410962,Interactive,4,7.0
337800,ZXGOZbIjK5v+i0EEHS1SywZP4yiFZ8ZKmsXeJkkPrReMvTBGQ4dNJbBygiRCqes7,52.970185,59.969638,65.739273,0,2591700,81.410962,Interactive,4,7.0
338100,ZXGOZbIjK5v+i0EEHS1SywZP4yiFZ8ZKmsXeJkkPrReMvTBGQ4dNJbBygiRCqes7,54.855093,60.32389499999999,65.52722299999999,0,2591700,81.410962,Interactive,4,7.0
338400,ZXGOZbIjK5v+i0EEHS1SywZP4yiFZ8ZKmsXeJkkPrReMvTBGQ4dNJbBygiRCqes7,56.325192,59.947504,65.99032700000001,0,2591700,81.410962,Interactive,4,7.0
338700,ZXGOZbIjK5v+i0EEHS1SywZP4yiFZ8ZKmsXeJkkPrReMvTBGQ4dNJbBygiRCqes7,56.258055000000006,59.458928,64.362617,0,2591700,81.410962,Interactive,4,7.0
339000,ZXGOZbIjK5v+i0EEHS1SywZP4yiFZ8ZKmsXeJkkPrReMvTBGQ4dNJbBygiRCqes7,51.834340000000005,56.588148,61.799863,0,2591700,81.410962,Interactive,4,7.0
339300,ZXGOZbIjK5v+i0EEHS1SywZP4yiFZ8ZKmsXeJkkPrReMvTBGQ4dNJbBygiRCqes7,53.530088,60.2874,65.926161,0,2591700,81.410962,Interactive,4,7.0
339600,ZXGOZbIjK5v+i0EEHS1SywZP4yiFZ8ZKmsXeJkkPrReMvTBGQ4dNJbBygiRCqes7,54.055641,59.538534,65.28139200000001,0,2591700,81.410962,Interactive,4,7.0
339900,ZXGOZbIjK5v+i0EEHS1SywZP4yiFZ8ZKmsXeJkkPrReMvTBGQ4dNJbBygiRCqes7,47.229055,52.959794,60.118196,0,2591700,81.410962,Interactive,4,7.0
340200,ZXGOZbIjK5v+i0EEHS1SywZP4yiFZ8ZKmsXeJkkPrReMvTBGQ4dNJbBygiRCqes7,49.525925,52.005895,56.238488,0,2591700,81.410962,Interactive,4,7.0
340500,ZXGOZbIjK5v+i0EEHS1SywZP4yiFZ8ZKmsXeJkkPrReMvTBGQ4dNJbBygiRCqes7,51.078328000000006,57.150059,62.254772,0,2591700,81.410962,Interactive,4,7.0
340800,ZXGOZbIjK5v+i0EEHS1SywZP4yiFZ8ZKmsXeJkkPrReMvTBGQ4dNJbBygiRCqes7,52.643658,58.080406,63.733023,0,2591700,81.410962,Interactive,4,7.0
341100,ZXGOZbIjK5v+i0EEHS1SywZP4yiFZ8ZKmsXeJkkPrReMvTBGQ4dNJbBygiRCqes7,50.004297,54.378432,60.680499,0,2591700,81.410962,Interactive,4,7.0
341400,ZXGOZbIjK5v+i0EEHS1SywZP4yiFZ8ZKmsXeJkkPrReMvTBGQ4dNJbBygiRCqes7,48.362865,53.841814,60.139312,0,2591700,81.410962,Interactive,4,7.0
341700,ZXGOZbIjK5v+i0EEHS1SywZP4yiFZ8ZKmsXeJkkPrReMvTBGQ4dNJbBygiRCqes7,52.114787,57.825148,61.574979000000006,0,2591700,81.410962,Interactive,4,7.0
342000,ZXGOZbIjK5v+i0EEHS1SywZP4yiFZ8ZKmsXeJkkPrReMvTBGQ4dNJbBygiRCqes7,55.387409,59.591382,66.085909,0,2591700,81.410962,Interactive,4,7.0
342300,ZXGOZbIjK5v+i0EEHS1SywZP4yiFZ8ZKmsXeJkkPrReMvTBGQ4dNJbBygiRCqes7,53.281177,59.073701,65.924745,0,2591700,81.410962,Interactive,4,7.0
342600,ZXGOZbIjK5v+i0EEHS1SywZP4yiFZ8ZKmsXeJkkPrReMvTBGQ4dNJbBygiRCqes7,51.517759000000005,57.786938,63.572109,0,2591700,81.410962,Interactive,4,7.0
342900,ZXGOZbIjK5v+i0EEHS1SywZP4yiFZ8ZKmsXeJkkPrReMvTBGQ4dNJbBygiRCqes7,53.518521,58.81134,62.48200799999999,0,2591700,81.410962,Interactive,4,7.0
343200,ZXGOZbIjK5v+i0EEHS1SywZP4yiFZ8ZKmsXeJkkPrReMvTBGQ4dNJbBygiRCqes7,50.516014,57.368935,69.108005,0,2591700,81.410962,Interactive,4,7.0
343500,ZXGOZbIjK5v+i0EEHS1SywZP4yiFZ8ZKmsXeJkkPrReMvTBGQ4dNJbBygiRCqes7,47.082538,50.004326,55.808809,0,2591700,81.410962,Interactive,4,7.0
343800,ZXGOZbIjK5v+i0EEHS1SywZP4yiFZ8ZKmsXeJkkPrReMvTBGQ4dNJbBygiRCqes7,48.277498,57.510657,66.212446,0,2591700,81.410962,Interactive,4,7.0
344100,ZXGOZbIjK5v+i0EEHS1SywZP4yiFZ8ZKmsXeJkkPrReMvTBGQ4dNJbBygiRCqes7,50.727996000000005,56.217657,60.775289,0,2591700,81.410962,Interactive,4,7.0
344400,ZXGOZbIjK5v+i0EEHS1SywZP4yiFZ8ZKmsXeJkkPrReMvTBGQ4dNJbBygiRCqes7,48.356074,55.883603,62.097727,0,2591700,81.410962,Interactive,4,7.0
344700,ZXGOZbIjK5v+i0EEHS1SywZP4yiFZ8ZKmsXeJkkPrReMvTBGQ4dNJbBygiRCqes7,50.244016,55.965667,62.084340000000005,0,2591700,81.410962,Interactive,4,7.0
345000,ZXGOZbIjK5v+i0EEHS1SywZP4yiFZ8ZKmsXeJkkPrReMvTBGQ4dNJbBygiRCqes7,52.168832,60.035252,66.108812,0,2591700,81.410962,Interactive,4,7.0
345300,ZXGOZbIjK5v+i0EEHS1SywZP4yiFZ8ZKmsXeJkkPrReMvTBGQ4dNJbBygiRCqes7,47.769716,53.885129000000006,62.315221,0,2591700,81.410962,Interactive,4,7.0
345600,ZXGOZbIjK5v+i0EEHS1SywZP4yiFZ8ZKmsXeJkkPrReMvTBGQ4dNJbBygiRCqes7,44.608802,53.682399,60.284947,0,2591700,81.410962,Interactive,4,7.0
345900,ZXGOZbIjK5v+i0EEHS1SywZP4yiFZ8ZKmsXeJkkPrReMvTBGQ4dNJbBygiRCqes7,51.754397,57.423889,64.796612,0,2591700,81.410962,Interactive,4,7.0
346200,ZXGOZbIjK5v+i0EEHS1SywZP4yiFZ8ZKmsXeJkkPrReMvTBGQ4dNJbBygiRCqes7,50.164067,56.447534,62.0476,0,2591700,81.410962,Interactive,4,7.0
346500,ZXGOZbIjK5v+i0EEHS1SywZP4yiFZ8ZKmsXeJkkPrReMvTBGQ4dNJbBygiRCqes7,47.931329,53.687208,59.846224,0,2591700,81.410962,Interactive,4,7.0
346800,ZXGOZbIjK5v+i0EEHS1SywZP4yiFZ8ZKmsXeJkkPrReMvTBGQ4dNJbBygiRCqes7,49.369323,56.795671,63.305102000000005,0,2591700,81.410962,Interactive,4,7.0
347100,ZXGOZbIjK5v+i0EEHS1SywZP4yiFZ8ZKmsXeJkkPrReMvTBGQ4dNJbBygiRCqes7,51.604436,58.984402,62.659044,0,2591700,81.410962,Interactive,4,7.0
347400,ZXGOZbIjK5v+i0EEHS1SywZP4yiFZ8ZKmsXeJkkPrReMvTBGQ4dNJbBygiRCqes7,51.107481,56.628286,60.74116,0,2591700,81.410962,Interactive,4,7.0
347700,ZXGOZbIjK5v+i0EEHS1SywZP4yiFZ8ZKmsXeJkkPrReMvTBGQ4dNJbBygiRCqes7,45.891832,53.55208100000001,61.988024,0,2591700,81.410962,Interactive,4,7.0
348000,ZXGOZbIjK5v+i0EEHS1SywZP4yiFZ8ZKmsXeJkkPrReMvTBGQ4dNJbBygiRCqes7,46.34044,54.224518,59.570423,0,2591700,81.410962,Interactive,4,7.0
348300,ZXGOZbIjK5v+i0EEHS1SywZP4yiFZ8ZKmsXeJkkPrReMvTBGQ4dNJbBygiRCqes7,47.203713,57.60719,64.44816800000001,0,2591700,81.410962,Interactive,4,7.0
348600,ZXGOZbIjK5v+i0EEHS1SywZP4yiFZ8ZKmsXeJkkPrReMvTBGQ4dNJbBygiRCqes7,49.485154,54.986336,61.902475,0,2591700,81.410962,Interactive,4,7.0
348900,ZXGOZbIjK5v+i0EEHS1SywZP4yiFZ8ZKmsXeJkkPrReMvTBGQ4dNJbBygiRCqes7,51.58509,57.993551,65.250331,0,2591700,81.410962,Interactive,4,7.0
349200,ZXGOZbIjK5v+i0EEHS1SywZP4yiFZ8ZKmsXeJkkPrReMvTBGQ4dNJbBygiRCqes7,39.572955,49.635795,64.455327,0,2591700,81.410962,Interactive,4,7.0
349500,ZXGOZbIjK5v+i0EEHS1SywZP4yiFZ8ZKmsXeJkkPrReMvTBGQ4dNJbBygiRCqes7,39.016723,45.380329,53.260708,0,2591700,81.410962,Interactive,4,7.0
349800,ZXGOZbIjK5v+i0EEHS1SywZP4yiFZ8ZKmsXeJkkPrReMvTBGQ4dNJbBygiRCqes7,36.970863,53.413227,63.083211,0,2591700,81.410962,Interactive,4,7.0
350100,ZXGOZbIjK5v+i0EEHS1SywZP4yiFZ8ZKmsXeJkkPrReMvTBGQ4dNJbBygiRCqes7,52.622576,60.377895,67.723658,0,2591700,81.410962,Interactive,4,7.0
350400,ZXGOZbIjK5v+i0EEHS1SywZP4yiFZ8ZKmsXeJkkPrReMvTBGQ4dNJbBygiRCqes7,56.488261,61.438979,66.710764,0,2591700,81.410962,Interactive,4,7.0
350700,ZXGOZbIjK5v+i0EEHS1SywZP4yiFZ8ZKmsXeJkkPrReMvTBGQ4dNJbBygiRCqes7,55.988715,59.530840000000005,64.09698,0,2591700,81.410962,Interactive,4,7.0
351000,ZXGOZbIjK5v+i0EEHS1SywZP4yiFZ8ZKmsXeJkkPrReMvTBGQ4dNJbBygiRCqes7,57.169486,62.794574,69.126073,0,2591700,81.410962,Interactive,4,7.0
351300,ZXGOZbIjK5v+i0EEHS1SywZP4yiFZ8ZKmsXeJkkPrReMvTBGQ4dNJbBygiRCqes7,60.15229,64.214167,68.1495,0,2591700,81.410962,Interactive,4,7.0
351600,ZXGOZbIjK5v+i0EEHS1SywZP4yiFZ8ZKmsXeJkkPrReMvTBGQ4dNJbBygiRCqes7,60.925682,65.031368,68.52301999999999,0,2591700,81.410962,Interactive,4,7.0
351900,ZXGOZbIjK5v+i0EEHS1SywZP4yiFZ8ZKmsXeJkkPrReMvTBGQ4dNJbBygiRCqes7,60.926982,64.402164,67.666009,0,2591700,81.410962,Interactive,4,7.0
352200,ZXGOZbIjK5v+i0EEHS1SywZP4yiFZ8ZKmsXeJkkPrReMvTBGQ4dNJbBygiRCqes7,62.03448100000001,65.425394,69.404441,0,2591700,81.410962,Interactive,4,7.0
352500,ZXGOZbIjK5v+i0EEHS1SywZP4yiFZ8ZKmsXeJkkPrReMvTBGQ4dNJbBygiRCqes7,61.058749,65.137555,69.315338,0,2591700,81.410962,Interactive,4,7.0
352800,ZXGOZbIjK5v+i0EEHS1SywZP4yiFZ8ZKmsXeJkkPrReMvTBGQ4dNJbBygiRCqes7,62.081837,65.257005,69.14755,0,2591700,81.410962,Interactive,4,7.0
353100,ZXGOZbIjK5v+i0EEHS1SywZP4yiFZ8ZKmsXeJkkPrReMvTBGQ4dNJbBygiRCqes7,60.885388,64.084073,67.196037,0,2591700,81.410962,Interactive,4,7.0
353400,ZXGOZbIjK5v+i0EEHS1SywZP4yiFZ8ZKmsXeJkkPrReMvTBGQ4dNJbBygiRCqes7,60.800049,63.641615,68.545582,0,2591700,81.410962,Interactive,4,7.0
353700,ZXGOZbIjK5v+i0EEHS1SywZP4yiFZ8ZKmsXeJkkPrReMvTBGQ4dNJbBygiRCqes7,59.93922,63.908351,67.972946,0,2591700,81.410962,Interactive,4,7.0
354000,ZXGOZbIjK5v+i0EEHS1SywZP4yiFZ8ZKmsXeJkkPrReMvTBGQ4dNJbBygiRCqes7,60.71234499999999,63.00798,65.567945,0,2591700,81.410962,Interactive,4,7.0
354300,ZXGOZbIjK5v+i0EEHS1SywZP4yiFZ8ZKmsXeJkkPrReMvTBGQ4dNJbBygiRCqes7,55.542251,62.245978,66.172539,0,2591700,81.410962,Interactive,4,7.0
354600,ZXGOZbIjK5v+i0EEHS1SywZP4yiFZ8ZKmsXeJkkPrReMvTBGQ4dNJbBygiRCqes7,58.881255,62.445255,67.57049599999999,0,2591700,81.410962,Interactive,4,7.0
354900,ZXGOZbIjK5v+i0EEHS1SywZP4yiFZ8ZKmsXeJkkPrReMvTBGQ4dNJbBygiRCqes7,57.231747,62.74043399999999,67.932778,0,2591700,81.410962,Interactive,4,7.0
355200,ZXGOZbIjK5v+i0EEHS1SywZP4yiFZ8ZKmsXeJkkPrReMvTBGQ4dNJbBygiRCqes7,58.321172,62.321298,66.087106,0,2591700,81.410962,Interactive,4,7.0
355500,ZXGOZbIjK5v+i0EEHS1SywZP4yiFZ8ZKmsXeJkkPrReMvTBGQ4dNJbBygiRCqes7,60.019367,63.214166000000006,67.915777,0,2591700,81.410962,Interactive,4,7.0
355800,ZXGOZbIjK5v+i0EEHS1SywZP4yiFZ8ZKmsXeJkkPrReMvTBGQ4dNJbBygiRCqes7,60.8791,63.569973,66.355636,0,2591700,81.410962,Interactive,4,7.0
356100,ZXGOZbIjK5v+i0EEHS1SywZP4yiFZ8ZKmsXeJkkPrReMvTBGQ4dNJbBygiRCqes7,62.266802,64.189812,66.812028,0,2591700,81.410962,Interactive,4,7.0
356400,ZXGOZbIjK5v+i0EEHS1SywZP4yiFZ8ZKmsXeJkkPrReMvTBGQ4dNJbBygiRCqes7,61.900621,65.835976,70.061403,0,2591700,81.410962,Interactive,4,7.0
356700,ZXGOZbIjK5v+i0EEHS1SywZP4yiFZ8ZKmsXeJkkPrReMvTBGQ4dNJbBygiRCqes7,61.673951,64.034624,66.322711,0,2591700,81.410962,Interactive,4,7.0
357000,ZXGOZbIjK5v+i0EEHS1SywZP4yiFZ8ZKmsXeJkkPrReMvTBGQ4dNJbBygiRCqes7,61.712036,65.705392,68.986777,0,2591700,81.410962,Interactive,4,7.0
357300,ZXGOZbIjK5v+i0EEHS1SywZP4yiFZ8ZKmsXeJkkPrReMvTBGQ4dNJbBygiRCqes7,60.622074,63.092965,65.84843000000001,0,2591700,81.410962,Interactive,4,7.0
357600,ZXGOZbIjK5v+i0EEHS1SywZP4yiFZ8ZKmsXeJkkPrReMvTBGQ4dNJbBygiRCqes7,61.40561999999999,65.222515,69.011333,0,2591700,81.410962,Interactive,4,7.0
357900,ZXGOZbIjK5v+i0EEHS1SywZP4yiFZ8ZKmsXeJkkPrReMvTBGQ4dNJbBygiRCqes7,61.653274,63.680363,66.417111,0,2591700,81.410962,Interactive,4,7.0
358200,ZXGOZbIjK5v+i0EEHS1SywZP4yiFZ8ZKmsXeJkkPrReMvTBGQ4dNJbBygiRCqes7,61.273122,64.796028,68.87455600000001,0,2591700,81.410962,Interactive,4,7.0
358500,ZXGOZbIjK5v+i0EEHS1SywZP4yiFZ8ZKmsXeJkkPrReMvTBGQ4dNJbBygiRCqes7,60.272338,62.975439,65.942799,0,2591700,81.410962,Interactive,4,7.0
358800,ZXGOZbIjK5v+i0EEHS1SywZP4yiFZ8ZKmsXeJkkPrReMvTBGQ4dNJbBygiRCqes7,57.017072,62.32756800000001,68.763707,0,2591700,81.410962,Interactive,4,7.0
359100,ZXGOZbIjK5v+i0EEHS1SywZP4yiFZ8ZKmsXeJkkPrReMvTBGQ4dNJbBygiRCqes7,57.603903,61.385269,65.680662,0,2591700,81.410962,Interactive,4,7.0
359400,ZXGOZbIjK5v+i0EEHS1SywZP4yiFZ8ZKmsXeJkkPrReMvTBGQ4dNJbBygiRCqes7,55.75739,60.165384,64.126993,0,2591700,81.410962,Interactive,4,7.0
359700,ZXGOZbIjK5v+i0EEHS1SywZP4yiFZ8ZKmsXeJkkPrReMvTBGQ4dNJbBygiRCqes7,57.772385,62.287259,67.284126,0,2591700,81.410962,Interactive,4,7.0
360000,ZXGOZbIjK5v+i0EEHS1SywZP4yiFZ8ZKmsXeJkkPrReMvTBGQ4dNJbBygiRCqes7,58.01276800000001,61.52365,66.579068,0,2591700,81.410962,Interactive,4,7.0
360300,ZXGOZbIjK5v+i0EEHS1SywZP4yiFZ8ZKmsXeJkkPrReMvTBGQ4dNJbBygiRCqes7,59.735937,65.152648,68.869741,0,2591700,81.410962,Interactive,4,7.0
360600,ZXGOZbIjK5v+i0EEHS1SywZP4yiFZ8ZKmsXeJkkPrReMvTBGQ4dNJbBygiRCqes7,60.273029,63.949578,67.478096,0,2591700,81.410962,Interactive,4,7.0
360900,ZXGOZbIjK5v+i0EEHS1SywZP4yiFZ8ZKmsXeJkkPrReMvTBGQ4dNJbBygiRCqes7,62.595804,64.78704599999999,69.042645,0,2591700,81.410962,Interactive,4,7.0
361200,ZXGOZbIjK5v+i0EEHS1SywZP4yiFZ8ZKmsXeJkkPrReMvTBGQ4dNJbBygiRCqes7,60.329839,62.713117,66.053717,0,2591700,81.410962,Interactive,4,7.0
361500,ZXGOZbIjK5v+i0EEHS1SywZP4yiFZ8ZKmsXeJkkPrReMvTBGQ4dNJbBygiRCqes7,61.107059,64.91586600000001,68.775539,0,2591700,81.410962,Interactive,4,7.0
361800,ZXGOZbIjK5v+i0EEHS1SywZP4yiFZ8ZKmsXeJkkPrReMvTBGQ4dNJbBygiRCqes7,60.396368,63.74821800000001,66.23252600000001,0,2591700,81.410962,Interactive,4,7.0
362100,ZXGOZbIjK5v+i0EEHS1SywZP4yiFZ8ZKmsXeJkkPrReMvTBGQ4dNJbBygiRCqes7,61.332432,64.26273499999999,69.798045,0,2591700,81.410962,Interactive,4,7.0
362400,ZXGOZbIjK5v+i0EEHS1SywZP4yiFZ8ZKmsXeJkkPrReMvTBGQ4dNJbBygiRCqes7,62.165662,64.332984,66.370773,0,2591700,81.410962,Interactive,4,7.0
362700,ZXGOZbIjK5v+i0EEHS1SywZP4yiFZ8ZKmsXeJkkPrReMvTBGQ4dNJbBygiRCqes7,61.998189,65.417455,69.188115,0,2591700,81.410962,Interactive,4,7.0
363000,ZXGOZbIjK5v+i0EEHS1SywZP4yiFZ8ZKmsXeJkkPrReMvTBGQ4dNJbBygiRCqes7,61.919956000000006,64.446011,67.624432,0,2591700,81.410962,Interactive,4,7.0
363300,ZXGOZbIjK5v+i0EEHS1SywZP4yiFZ8ZKmsXeJkkPrReMvTBGQ4dNJbBygiRCqes7,61.110773,63.66918,68.20325600000001,0,2591700,81.410962,Interactive,4,7.0
363600,ZXGOZbIjK5v+i0EEHS1SywZP4yiFZ8ZKmsXeJkkPrReMvTBGQ4dNJbBygiRCqes7,60.479245,63.631844,67.705733,0,2591700,81.410962,Interactive,4,7.0
363900,ZXGOZbIjK5v+i0EEHS1SywZP4yiFZ8ZKmsXeJkkPrReMvTBGQ4dNJbBygiRCqes7,60.883476,63.58746,68.547925,0,2591700,81.410962,Interactive,4,7.0
364200,ZXGOZbIjK5v+i0EEHS1SywZP4yiFZ8ZKmsXeJkkPrReMvTBGQ4dNJbBygiRCqes7,52.341265,62.844874,66.760712,0,2591700,81.410962,Interactive,4,7.0
364500,ZXGOZbIjK5v+i0EEHS1SywZP4yiFZ8ZKmsXeJkkPrReMvTBGQ4dNJbBygiRCqes7,60.101269,63.290964,68.128876,0,2591700,81.410962,Interactive,4,7.0
364800,ZXGOZbIjK5v+i0EEHS1SywZP4yiFZ8ZKmsXeJkkPrReMvTBGQ4dNJbBygiRCqes7,56.322782,63.003019,66.721447,0,2591700,81.410962,Interactive,4,7.0
365100,ZXGOZbIjK5v+i0EEHS1SywZP4yiFZ8ZKmsXeJkkPrReMvTBGQ4dNJbBygiRCqes7,57.773297,63.774424,68.512677,0,2591700,81.410962,Interactive,4,7.0
365400,ZXGOZbIjK5v+i0EEHS1SywZP4yiFZ8ZKmsXeJkkPrReMvTBGQ4dNJbBygiRCqes7,61.066411,64.260711,67.132829,0,2591700,81.410962,Interactive,4,7.0
365700,ZXGOZbIjK5v+i0EEHS1SywZP4yiFZ8ZKmsXeJkkPrReMvTBGQ4dNJbBygiRCqes7,59.856883,63.016361,67.513757,0,2591700,81.410962,Interactive,4,7.0
366000,ZXGOZbIjK5v+i0EEHS1SywZP4yiFZ8ZKmsXeJkkPrReMvTBGQ4dNJbBygiRCqes7,60.662521,64.05010899999999,68.18663000000001,0,2591700,81.410962,Interactive,4,7.0
366300,ZXGOZbIjK5v+i0EEHS1SywZP4yiFZ8ZKmsXeJkkPrReMvTBGQ4dNJbBygiRCqes7,59.971699,63.207338,68.42209,0,2591700,81.410962,Interactive,4,7.0
366600,ZXGOZbIjK5v+i0EEHS1SywZP4yiFZ8ZKmsXeJkkPrReMvTBGQ4dNJbBygiRCqes7,61.830881000000005,65.224799,68.895372,0,2591700,81.410962,Interactive,4,7.0
366900,ZXGOZbIjK5v+i0EEHS1SywZP4yiFZ8ZKmsXeJkkPrReMvTBGQ4dNJbBygiRCqes7,60.137872,62.814781,66.106888,0,2591700,81.410962,Interactive,4,7.0
367200,ZXGOZbIjK5v+i0EEHS1SywZP4yiFZ8ZKmsXeJkkPrReMvTBGQ4dNJbBygiRCqes7,62.016137,65.609619,69.184253,0,2591700,81.410962,Interactive,4,7.0
367500,ZXGOZbIjK5v+i0EEHS1SywZP4yiFZ8ZKmsXeJkkPrReMvTBGQ4dNJbBygiRCqes7,58.543904000000005,62.585363,66.463626,0,2591700,81.410962,Interactive,4,7.0
367800,ZXGOZbIjK5v+i0EEHS1SywZP4yiFZ8ZKmsXeJkkPrReMvTBGQ4dNJbBygiRCqes7,59.046498,64.567669,68.98769300000001,0,2591700,81.410962,Interactive,4,7.0
368100,ZXGOZbIjK5v+i0EEHS1SywZP4yiFZ8ZKmsXeJkkPrReMvTBGQ4dNJbBygiRCqes7,57.47039300000001,61.090814,65.961765,0,2591700,81.410962,Interactive,4,7.0
368400,ZXGOZbIjK5v+i0EEHS1SywZP4yiFZ8ZKmsXeJkkPrReMvTBGQ4dNJbBygiRCqes7,58.836939,65.18897,68.623986,0,2591700,81.410962,Interactive,4,7.0
368700,ZXGOZbIjK5v+i0EEHS1SywZP4yiFZ8ZKmsXeJkkPrReMvTBGQ4dNJbBygiRCqes7,59.889267,62.402049,66.306926,0,2591700,81.410962,Interactive,4,7.0
369000,ZXGOZbIjK5v+i0EEHS1SywZP4yiFZ8ZKmsXeJkkPrReMvTBGQ4dNJbBygiRCqes7,60.393196,63.890717,68.018889,0,2591700,81.410962,Interactive,4,7.0
369300,ZXGOZbIjK5v+i0EEHS1SywZP4yiFZ8ZKmsXeJkkPrReMvTBGQ4dNJbBygiRCqes7,55.811615,60.20094,65.43530200000001,0,2591700,81.410962,Interactive,4,7.0
369600,ZXGOZbIjK5v+i0EEHS1SywZP4yiFZ8ZKmsXeJkkPrReMvTBGQ4dNJbBygiRCqes7,58.629269,63.642864,68.733929,0,2591700,81.410962,Interactive,4,7.0
369900,ZXGOZbIjK5v+i0EEHS1SywZP4yiFZ8ZKmsXeJkkPrReMvTBGQ4dNJbBygiRCqes7,59.068104000000005,62.51747,65.495602,0,2591700,81.410962,Interactive,4,7.0
370200,ZXGOZbIjK5v+i0EEHS1SywZP4yiFZ8ZKmsXeJkkPrReMvTBGQ4dNJbBygiRCqes7,58.920213,63.913785,69.12037600000001,0,2591700,81.410962,Interactive,4,7.0
370500,ZXGOZbIjK5v+i0EEHS1SywZP4yiFZ8ZKmsXeJkkPrReMvTBGQ4dNJbBygiRCqes7,59.03211999999999,61.80191899999999,65.560567,0,2591700,81.410962,Interactive,4,7.0
370800,ZXGOZbIjK5v+i0EEHS1SywZP4yiFZ8ZKmsXeJkkPrReMvTBGQ4dNJbBygiRCqes7,60.815576,65.338143,69.391312,0,2591700,81.410962,Interactive,4,7.0
371100,ZXGOZbIjK5v+i0EEHS1SywZP4yiFZ8ZKmsXeJkkPrReMvTBGQ4dNJbBygiRCqes7,60.510441,63.635587,67.22981999999999,0,2591700,81.410962,Interactive,4,7.0
371400,ZXGOZbIjK5v+i0EEHS1SywZP4yiFZ8ZKmsXeJkkPrReMvTBGQ4dNJbBygiRCqes7,61.503423,65.48241999999999,68.552875,0,2591700,81.410962,Interactive,4,7.0
371700,ZXGOZbIjK5v+i0EEHS1SywZP4yiFZ8ZKmsXeJkkPrReMvTBGQ4dNJbBygiRCqes7,61.517023,64.19824100000001,67.90649,0,2591700,81.410962,Interactive,4,7.0
372000,ZXGOZbIjK5v+i0EEHS1SywZP4yiFZ8ZKmsXeJkkPrReMvTBGQ4dNJbBygiRCqes7,61.098074,64.420361,68.015615,0,2591700,81.410962,Interactive,4,7.0
372300,ZXGOZbIjK5v+i0EEHS1SywZP4yiFZ8ZKmsXeJkkPrReMvTBGQ4dNJbBygiRCqes7,59.265112,62.854325,68.241617,0,2591700,81.410962,Interactive,4,7.0
372600,ZXGOZbIjK5v+i0EEHS1SywZP4yiFZ8ZKmsXeJkkPrReMvTBGQ4dNJbBygiRCqes7,60.01788199999999,63.70160799999999,67.353464,0,2591700,81.410962,Interactive,4,7.0
372900,ZXGOZbIjK5v+i0EEHS1SywZP4yiFZ8ZKmsXeJkkPrReMvTBGQ4dNJbBygiRCqes7,59.40271800000001,63.139078000000005,68.527039,0,2591700,81.410962,Interactive,4,7.0
373200,ZXGOZbIjK5v+i0EEHS1SywZP4yiFZ8ZKmsXeJkkPrReMvTBGQ4dNJbBygiRCqes7,61.089482,64.575177,69.047483,0,2591700,81.410962,Interactive,4,7.0
373500,ZXGOZbIjK5v+i0EEHS1SywZP4yiFZ8ZKmsXeJkkPrReMvTBGQ4dNJbBygiRCqes7,59.843698,63.001893,67.72875400000001,0,2591700,81.410962,Interactive,4,7.0
373800,ZXGOZbIjK5v+i0EEHS1SywZP4yiFZ8ZKmsXeJkkPrReMvTBGQ4dNJbBygiRCqes7,59.92255600000001,64.175497,68.281026,0,2591700,81.410962,Interactive,4,7.0
374100,ZXGOZbIjK5v+i0EEHS1SywZP4yiFZ8ZKmsXeJkkPrReMvTBGQ4dNJbBygiRCqes7,60.002562,63.426309,68.71628299999999,0,2591700,81.410962,Interactive,4,7.0
374400,ZXGOZbIjK5v+i0EEHS1SywZP4yiFZ8ZKmsXeJkkPrReMvTBGQ4dNJbBygiRCqes7,59.681361,63.684227,67.333191,0,2591700,81.410962,Interactive,4,7.0
374700,ZXGOZbIjK5v+i0EEHS1SywZP4yiFZ8ZKmsXeJkkPrReMvTBGQ4dNJbBygiRCqes7,57.901614,61.057934,66.168452,0,2591700,81.410962,Interactive,4,7.0
375000,ZXGOZbIjK5v+i0EEHS1SywZP4yiFZ8ZKmsXeJkkPrReMvTBGQ4dNJbBygiRCqes7,56.47711700000001,61.237859,65.340675,0,2591700,81.410962,Interactive,4,7.0
375300,ZXGOZbIjK5v+i0EEHS1SywZP4yiFZ8ZKmsXeJkkPrReMvTBGQ4dNJbBygiRCqes7,57.16341,61.930266,68.15655799999999,0,2591700,81.410962,Interactive,4,7.0
375600,ZXGOZbIjK5v+i0EEHS1SywZP4yiFZ8ZKmsXeJkkPrReMvTBGQ4dNJbBygiRCqes7,57.769474,63.84261899999999,67.95224499999999,0,2591700,81.410962,Interactive,4,7.0
375900,ZXGOZbIjK5v+i0EEHS1SywZP4yiFZ8ZKmsXeJkkPrReMvTBGQ4dNJbBygiRCqes7,61.149985,64.586215,69.767871,0,2591700,81.410962,Interactive,4,7.0
376200,ZXGOZbIjK5v+i0EEHS1SywZP4yiFZ8ZKmsXeJkkPrReMvTBGQ4dNJbBygiRCqes7,61.335715,64.52964300000001,68.234415,0,2591700,81.410962,Interactive,4,7.0
376500,ZXGOZbIjK5v+i0EEHS1SywZP4yiFZ8ZKmsXeJkkPrReMvTBGQ4dNJbBygiRCqes7,60.996812,64.517078,68.28331999999999,0,2591700,81.410962,Interactive,4,7.0
376800,ZXGOZbIjK5v+i0EEHS1SywZP4yiFZ8ZKmsXeJkkPrReMvTBGQ4dNJbBygiRCqes7,60.277823,63.497835,66.537125,0,2591700,81.410962,Interactive,4,7.0
377100,ZXGOZbIjK5v+i0EEHS1SywZP4yiFZ8ZKmsXeJkkPrReMvTBGQ4dNJbBygiRCqes7,60.39328199999999,64.124031,68.942165,0,2591700,81.410962,Interactive,4,7.0
377400,ZXGOZbIjK5v+i0EEHS1SywZP4yiFZ8ZKmsXeJkkPrReMvTBGQ4dNJbBygiRCqes7,58.399045,62.249665,66.04839100000001,0,2591700,81.410962,Interactive,4,7.0
377700,ZXGOZbIjK5v+i0EEHS1SywZP4yiFZ8ZKmsXeJkkPrReMvTBGQ4dNJbBygiRCqes7,60.616029000000005,63.440826,67.52202,0,2591700,81.410962,Interactive,4,7.0
378000,ZXGOZbIjK5v+i0EEHS1SywZP4yiFZ8ZKmsXeJkkPrReMvTBGQ4dNJbBygiRCqes7,58.561596,63.34541899999999,67.03984100000001,0,2591700,81.410962,Interactive,4,7.0
378300,ZXGOZbIjK5v+i0EEHS1SywZP4yiFZ8ZKmsXeJkkPrReMvTBGQ4dNJbBygiRCqes7,60.276738,63.460187,68.18015,0,2591700,81.410962,Interactive,4,7.0
378600,ZXGOZbIjK5v+i0EEHS1SywZP4yiFZ8ZKmsXeJkkPrReMvTBGQ4dNJbBygiRCqes7,60.963131,63.649038,67.527599,0,2591700,81.410962,Interactive,4,7.0
378900,ZXGOZbIjK5v+i0EEHS1SywZP4yiFZ8ZKmsXeJkkPrReMvTBGQ4dNJbBygiRCqes7,60.674713,63.908122,68.308823,0,2591700,81.410962,Interactive,4,7.0
379200,ZXGOZbIjK5v+i0EEHS1SywZP4yiFZ8ZKmsXeJkkPrReMvTBGQ4dNJbBygiRCqes7,60.014644,63.766026,69.107425,0,2591700,81.410962,Interactive,4,7.0
379500,ZXGOZbIjK5v+i0EEHS1SywZP4yiFZ8ZKmsXeJkkPrReMvTBGQ4dNJbBygiRCqes7,58.691295,61.958438,65.785012,0,2591700,81.410962,Interactive,4,7.0
379800,ZXGOZbIjK5v+i0EEHS1SywZP4yiFZ8ZKmsXeJkkPrReMvTBGQ4dNJbBygiRCqes7,59.987075,64.09267,67.179303,0,2591700,81.410962,Interactive,4,7.0
380100,ZXGOZbIjK5v+i0EEHS1SywZP4yiFZ8ZKmsXeJkkPrReMvTBGQ4dNJbBygiRCqes7,57.876641000000006,62.714053,72.78301,0,2591700,81.410962,Interactive,4,7.0
380400,ZXGOZbIjK5v+i0EEHS1SywZP4yiFZ8ZKmsXeJkkPrReMvTBGQ4dNJbBygiRCqes7,57.985298,63.305935,66.54324799999999,0,2591700,81.410962,Interactive,4,7.0
380700,ZXGOZbIjK5v+i0EEHS1SywZP4yiFZ8ZKmsXeJkkPrReMvTBGQ4dNJbBygiRCqes7,58.358543,62.855033,67.39275,0,2591700,81.410962,Interactive,4,7.0
381000,ZXGOZbIjK5v+i0EEHS1SywZP4yiFZ8ZKmsXeJkkPrReMvTBGQ4dNJbBygiRCqes7,57.92019499999999,64.996894,68.752149,0,2591700,81.410962,Interactive,4,7.0
381300,ZXGOZbIjK5v+i0EEHS1SywZP4yiFZ8ZKmsXeJkkPrReMvTBGQ4dNJbBygiRCqes7,60.419086,63.493488,67.88341700000001,0,2591700,81.410962,Interactive,4,7.0
381600,ZXGOZbIjK5v+i0EEHS1SywZP4yiFZ8ZKmsXeJkkPrReMvTBGQ4dNJbBygiRCqes7,61.567512,65.42939399999999,68.705883,0,2591700,81.410962,Interactive,4,7.0
381900,ZXGOZbIjK5v+i0EEHS1SywZP4yiFZ8ZKmsXeJkkPrReMvTBGQ4dNJbBygiRCqes7,58.256538,62.81551999999999,67.858558,0,2591700,81.410962,Interactive,4,7.0
382200,ZXGOZbIjK5v+i0EEHS1SywZP4yiFZ8ZKmsXeJkkPrReMvTBGQ4dNJbBygiRCqes7,55.879059,63.98542,68.902203,0,2591700,81.410962,Interactive,4,7.0
382500,ZXGOZbIjK5v+i0EEHS1SywZP4yiFZ8ZKmsXeJkkPrReMvTBGQ4dNJbBygiRCqes7,59.005604000000005,63.198885,67.351562,0,2591700,81.410962,Interactive,4,7.0
382800,ZXGOZbIjK5v+i0EEHS1SywZP4yiFZ8ZKmsXeJkkPrReMvTBGQ4dNJbBygiRCqes7,60.864115000000005,65.54406999999999,71.744187,0,2591700,81.410962,Interactive,4,7.0
383100,ZXGOZbIjK5v+i0EEHS1SywZP4yiFZ8ZKmsXeJkkPrReMvTBGQ4dNJbBygiRCqes7,58.254028000000005,62.657687,67.604106,0,2591700,81.410962,Interactive,4,7.0
383400,ZXGOZbIjK5v+i0EEHS1SywZP4yiFZ8ZKmsXeJkkPrReMvTBGQ4dNJbBygiRCqes7,60.056094,65.607691,69.651864,0,2591700,81.410962,Interactive,4,7.0
383700,ZXGOZbIjK5v+i0EEHS1SywZP4yiFZ8ZKmsXeJkkPrReMvTBGQ4dNJbBygiRCqes7,60.004772,63.04124300000001,67.068045,0,2591700,81.410962,Interactive,4,7.0
384000,ZXGOZbIjK5v+i0EEHS1SywZP4yiFZ8ZKmsXeJkkPrReMvTBGQ4dNJbBygiRCqes7,61.672703000000006,66.33795,70.06216500000001,0,2591700,81.410962,Interactive,4,7.0
384300,ZXGOZbIjK5v+i0EEHS1SywZP4yiFZ8ZKmsXeJkkPrReMvTBGQ4dNJbBygiRCqes7,53.171658,60.864075,69.30596899999999,0,2591700,81.410962,Interactive,4,7.0
384600,ZXGOZbIjK5v+i0EEHS1SywZP4yiFZ8ZKmsXeJkkPrReMvTBGQ4dNJbBygiRCqes7,57.868183,65.207227,69.790882,0,2591700,81.410962,Interactive,4,7.0
384900,ZXGOZbIjK5v+i0EEHS1SywZP4yiFZ8ZKmsXeJkkPrReMvTBGQ4dNJbBygiRCqes7,59.506319,62.385898,66.72509000000001,0,2591700,81.410962,Interactive,4,7.0
385200,ZXGOZbIjK5v+i0EEHS1SywZP4yiFZ8ZKmsXeJkkPrReMvTBGQ4dNJbBygiRCqes7,61.471458,66.008088,69.921302,0,2591700,81.410962,Interactive,4,7.0
385500,ZXGOZbIjK5v+i0EEHS1SywZP4yiFZ8ZKmsXeJkkPrReMvTBGQ4dNJbBygiRCqes7,58.660304,61.446708,66.932817,0,2591700,81.410962,Interactive,4,7.0
385800,ZXGOZbIjK5v+i0EEHS1SywZP4yiFZ8ZKmsXeJkkPrReMvTBGQ4dNJbBygiRCqes7,60.068061,66.372229,70.697249,0,2591700,81.410962,Interactive,4,7.0
386100,ZXGOZbIjK5v+i0EEHS1SywZP4yiFZ8ZKmsXeJkkPrReMvTBGQ4dNJbBygiRCqes7,59.481287,62.068564,71.046538,0,2591700,81.410962,Interactive,4,7.0
386400,ZXGOZbIjK5v+i0EEHS1SywZP4yiFZ8ZKmsXeJkkPrReMvTBGQ4dNJbBygiRCqes7,56.566475,65.121443,70.042919,0,2591700,81.410962,Interactive,4,7.0
386700,ZXGOZbIjK5v+i0EEHS1SywZP4yiFZ8ZKmsXeJkkPrReMvTBGQ4dNJbBygiRCqes7,56.271168,60.66595699999999,66.033243,0,2591700,81.410962,Interactive,4,7.0
387000,ZXGOZbIjK5v+i0EEHS1SywZP4yiFZ8ZKmsXeJkkPrReMvTBGQ4dNJbBygiRCqes7,56.14230799999999,61.914446,66.529064,0,2591700,81.410962,Interactive,4,7.0
387300,ZXGOZbIjK5v+i0EEHS1SywZP4yiFZ8ZKmsXeJkkPrReMvTBGQ4dNJbBygiRCqes7,60.840484,62.909435,65.694097,0,2591700,81.410962,Interactive,4,7.0
387600,ZXGOZbIjK5v+i0EEHS1SywZP4yiFZ8ZKmsXeJkkPrReMvTBGQ4dNJbBygiRCqes7,61.20358100000001,65.0882,69.035457,0,2591700,81.410962,Interactive,4,7.0
387900,ZXGOZbIjK5v+i0EEHS1SywZP4yiFZ8ZKmsXeJkkPrReMvTBGQ4dNJbBygiRCqes7,60.25936899999999,62.462932,65.79026400000001,0,2591700,81.410962,Interactive,4,7.0
388200,ZXGOZbIjK5v+i0EEHS1SywZP4yiFZ8ZKmsXeJkkPrReMvTBGQ4dNJbBygiRCqes7,59.516355,63.549292,69.795946,0,2591700,81.410962,Interactive,4,7.0
388500,ZXGOZbIjK5v+i0EEHS1SywZP4yiFZ8ZKmsXeJkkPrReMvTBGQ4dNJbBygiRCqes7,59.260861,63.361481000000005,67.306628,0,2591700,81.410962,Interactive,4,7.0
388800,ZXGOZbIjK5v+i0EEHS1SywZP4yiFZ8ZKmsXeJkkPrReMvTBGQ4dNJbBygiRCqes7,58.671382,63.8448,68.126976,0,2591700,81.410962,Interactive,4,7.0
389100,ZXGOZbIjK5v+i0EEHS1SywZP4yiFZ8ZKmsXeJkkPrReMvTBGQ4dNJbBygiRCqes7,58.744685,62.751267000000006,66.322684,0,2591700,81.410962,Interactive,4,7.0
389400,ZXGOZbIjK5v+i0EEHS1SywZP4yiFZ8ZKmsXeJkkPrReMvTBGQ4dNJbBygiRCqes7,58.904427,62.897977,67.03450699999999,0,2591700,81.410962,Interactive,4,7.0
389700,ZXGOZbIjK5v+i0EEHS1SywZP4yiFZ8ZKmsXeJkkPrReMvTBGQ4dNJbBygiRCqes7,58.786766,61.054982,64.534425,0,2591700,81.410962,Interactive,4,7.0
390000,ZXGOZbIjK5v+i0EEHS1SywZP4yiFZ8ZKmsXeJkkPrReMvTBGQ4dNJbBygiRCqes7,58.259843,63.08214,67.184545,0,2591700,81.410962,Interactive,4,7.0
390300,ZXGOZbIjK5v+i0EEHS1SywZP4yiFZ8ZKmsXeJkkPrReMvTBGQ4dNJbBygiRCqes7,56.41048000000001,60.602659,63.89325600000001,0,2591700,81.410962,Interactive,4,7.0
390600,ZXGOZbIjK5v+i0EEHS1SywZP4yiFZ8ZKmsXeJkkPrReMvTBGQ4dNJbBygiRCqes7,59.024314,62.44979300000001,65.997442,0,2591700,81.410962,Interactive,4,7.0
390900,ZXGOZbIjK5v+i0EEHS1SywZP4yiFZ8ZKmsXeJkkPrReMvTBGQ4dNJbBygiRCqes7,59.179786,64.130815,68.595984,0,2591700,81.410962,Interactive,4,7.0
391200,ZXGOZbIjK5v+i0EEHS1SywZP4yiFZ8ZKmsXeJkkPrReMvTBGQ4dNJbBygiRCqes7,57.424959,61.34545,65.072428,0,2591700,81.410962,Interactive,4,7.0
391500,ZXGOZbIjK5v+i0EEHS1SywZP4yiFZ8ZKmsXeJkkPrReMvTBGQ4dNJbBygiRCqes7,60.817476,64.531865,67.793426,0,2591700,81.410962,Interactive,4,7.0
391800,ZXGOZbIjK5v+i0EEHS1SywZP4yiFZ8ZKmsXeJkkPrReMvTBGQ4dNJbBygiRCqes7,58.912569,63.04776,66.934844,0,2591700,81.410962,Interactive,4,7.0
392100,ZXGOZbIjK5v+i0EEHS1SywZP4yiFZ8ZKmsXeJkkPrReMvTBGQ4dNJbBygiRCqes7,58.022968000000006,61.581892,65.919956,0,2591700,81.410962,Interactive,4,7.0
392400,ZXGOZbIjK5v+i0EEHS1SywZP4yiFZ8ZKmsXeJkkPrReMvTBGQ4dNJbBygiRCqes7,58.356759,60.96796,63.705551,0,2591700,81.410962,Interactive,4,7.0
392700,ZXGOZbIjK5v+i0EEHS1SywZP4yiFZ8ZKmsXeJkkPrReMvTBGQ4dNJbBygiRCqes7,58.06193100000001,63.521133,66.445476,0,2591700,81.410962,Interactive,4,7.0
393000,ZXGOZbIjK5v+i0EEHS1SywZP4yiFZ8ZKmsXeJkkPrReMvTBGQ4dNJbBygiRCqes7,60.084375,62.721771,65.369914,0,2591700,81.410962,Interactive,4,7.0
393300,ZXGOZbIjK5v+i0EEHS1SywZP4yiFZ8ZKmsXeJkkPrReMvTBGQ4dNJbBygiRCqes7,61.061643,64.555422,68.41089699999999,0,2591700,81.410962,Interactive,4,7.0
393600,ZXGOZbIjK5v+i0EEHS1SywZP4yiFZ8ZKmsXeJkkPrReMvTBGQ4dNJbBygiRCqes7,54.223073,61.914908,66.684061,0,2591700,81.410962,Interactive,4,7.0
393900,ZXGOZbIjK5v+i0EEHS1SywZP4yiFZ8ZKmsXeJkkPrReMvTBGQ4dNJbBygiRCqes7,59.95796800000001,65.029667,67.95567700000001,0,2591700,81.410962,Interactive,4,7.0
394200,ZXGOZbIjK5v+i0EEHS1SywZP4yiFZ8ZKmsXeJkkPrReMvTBGQ4dNJbBygiRCqes7,57.942043000000005,61.134099,65.20484,0,2591700,81.410962,Interactive,4,7.0
394500,ZXGOZbIjK5v+i0EEHS1SywZP4yiFZ8ZKmsXeJkkPrReMvTBGQ4dNJbBygiRCqes7,58.89743299999999,63.049885,68.472888,0,2591700,81.410962,Interactive,4,7.0
394800,ZXGOZbIjK5v+i0EEHS1SywZP4yiFZ8ZKmsXeJkkPrReMvTBGQ4dNJbBygiRCqes7,56.54614300000001,59.970652,63.574209,0,2591700,81.410962,Interactive,4,7.0
395100,ZXGOZbIjK5v+i0EEHS1SywZP4yiFZ8ZKmsXeJkkPrReMvTBGQ4dNJbBygiRCqes7,51.326109,62.887646,68.125336,0,2591700,81.410962,Interactive,4,7.0
395400,ZXGOZbIjK5v+i0EEHS1SywZP4yiFZ8ZKmsXeJkkPrReMvTBGQ4dNJbBygiRCqes7,60.20945,62.534415,65.56222,0,2591700,81.410962,Interactive,4,7.0
395700,ZXGOZbIjK5v+i0EEHS1SywZP4yiFZ8ZKmsXeJkkPrReMvTBGQ4dNJbBygiRCqes7,58.711275,63.631426,69.03085899999999,0,2591700,81.410962,Interactive,4,7.0
396000,ZXGOZbIjK5v+i0EEHS1SywZP4yiFZ8ZKmsXeJkkPrReMvTBGQ4dNJbBygiRCqes7,57.53934399999999,60.942557,63.851062,0,2591700,81.410962,Interactive,4,7.0
396300,ZXGOZbIjK5v+i0EEHS1SywZP4yiFZ8ZKmsXeJkkPrReMvTBGQ4dNJbBygiRCqes7,60.099272,64.973414,70.248349,0,2591700,81.410962,Interactive,4,7.0
396600,ZXGOZbIjK5v+i0EEHS1SywZP4yiFZ8ZKmsXeJkkPrReMvTBGQ4dNJbBygiRCqes7,60.442838,62.98055600000001,68.23088100000001,0,2591700,81.410962,Interactive,4,7.0
396900,ZXGOZbIjK5v+i0EEHS1SywZP4yiFZ8ZKmsXeJkkPrReMvTBGQ4dNJbBygiRCqes7,58.077648,62.617893,67.976028,0,2591700,81.410962,Interactive,4,7.0
397200,ZXGOZbIjK5v+i0EEHS1SywZP4yiFZ8ZKmsXeJkkPrReMvTBGQ4dNJbBygiRCqes7,57.798087,61.938545,65.098922,0,2591700,81.410962,Interactive,4,7.0
397500,ZXGOZbIjK5v+i0EEHS1SywZP4yiFZ8ZKmsXeJkkPrReMvTBGQ4dNJbBygiRCqes7,61.982845,64.97239300000001,69.027576,0,2591700,81.410962,Interactive,4,7.0
397800,ZXGOZbIjK5v+i0EEHS1SywZP4yiFZ8ZKmsXeJkkPrReMvTBGQ4dNJbBygiRCqes7,60.816147,63.467409,67.47625500000001,0,2591700,81.410962,Interactive,4,7.0
398100,ZXGOZbIjK5v+i0EEHS1SywZP4yiFZ8ZKmsXeJkkPrReMvTBGQ4dNJbBygiRCqes7,61.649513,65.04154399999999,69.426598,0,2591700,81.410962,Interactive,4,7.0
398400,ZXGOZbIjK5v+i0EEHS1SywZP4yiFZ8ZKmsXeJkkPrReMvTBGQ4dNJbBygiRCqes7,60.588921,63.689214,68.203489,0,2591700,81.410962,Interactive,4,7.0
398700,ZXGOZbIjK5v+i0EEHS1SywZP4yiFZ8ZKmsXeJkkPrReMvTBGQ4dNJbBygiRCqes7,61.261281,64.290113,67.402468,0,2591700,81.410962,Interactive,4,7.0
399000,ZXGOZbIjK5v+i0EEHS1SywZP4yiFZ8ZKmsXeJkkPrReMvTBGQ4dNJbBygiRCqes7,61.054194,63.741912,67.14573100000001,0,2591700,81.410962,Interactive,4,7.0
399300,ZXGOZbIjK5v+i0EEHS1SywZP4yiFZ8ZKmsXeJkkPrReMvTBGQ4dNJbBygiRCqes7,60.174945,62.677949,66.713778,0,2591700,81.410962,Interactive,4,7.0
399600,ZXGOZbIjK5v+i0EEHS1SywZP4yiFZ8ZKmsXeJkkPrReMvTBGQ4dNJbBygiRCqes7,60.021453,63.817296,67.631111,0,2591700,81.410962,Interactive,4,7.0
399900,ZXGOZbIjK5v+i0EEHS1SywZP4yiFZ8ZKmsXeJkkPrReMvTBGQ4dNJbBygiRCqes7,60.066279,62.894031000000005,66.577129,0,2591700,81.410962,Interactive,4,7.0
400200,ZXGOZbIjK5v+i0EEHS1SywZP4yiFZ8ZKmsXeJkkPrReMvTBGQ4dNJbBygiRCqes7,61.34339,64.634929,69.513426,0,2591700,81.410962,Interactive,4,7.0
400500,ZXGOZbIjK5v+i0EEHS1SywZP4yiFZ8ZKmsXeJkkPrReMvTBGQ4dNJbBygiRCqes7,58.867564,62.277749,66.258962,0,2591700,81.410962,Interactive,4,7.0
400800,ZXGOZbIjK5v+i0EEHS1SywZP4yiFZ8ZKmsXeJkkPrReMvTBGQ4dNJbBygiRCqes7,59.75414,63.80169,66.99262399999999,0,2591700,81.410962,Interactive,4,7.0
401100,ZXGOZbIjK5v+i0EEHS1SywZP4yiFZ8ZKmsXeJkkPrReMvTBGQ4dNJbBygiRCqes7,58.674379,63.299714,67.62143,0,2591700,81.410962,Interactive,4,7.0
401400,ZXGOZbIjK5v+i0EEHS1SywZP4yiFZ8ZKmsXeJkkPrReMvTBGQ4dNJbBygiRCqes7,60.31544,64.504338,68.44011400000001,0,2591700,81.410962,Interactive,4,7.0
401700,ZXGOZbIjK5v+i0EEHS1SywZP4yiFZ8ZKmsXeJkkPrReMvTBGQ4dNJbBygiRCqes7,57.935906,61.427175,65.342407,0,2591700,81.410962,Interactive,4,7.0
402000,ZXGOZbIjK5v+i0EEHS1SywZP4yiFZ8ZKmsXeJkkPrReMvTBGQ4dNJbBygiRCqes7,61.23689,63.50559499999999,67.52861800000001,0,2591700,81.410962,Interactive,4,7.0
402300,ZXGOZbIjK5v+i0EEHS1SywZP4yiFZ8ZKmsXeJkkPrReMvTBGQ4dNJbBygiRCqes7,60.630029,63.300401,66.784513,0,2591700,81.410962,Interactive,4,7.0
402600,ZXGOZbIjK5v+i0EEHS1SywZP4yiFZ8ZKmsXeJkkPrReMvTBGQ4dNJbBygiRCqes7,61.272827,64.072746,67.999954,0,2591700,81.410962,Interactive,4,7.0
402900,ZXGOZbIjK5v+i0EEHS1SywZP4yiFZ8ZKmsXeJkkPrReMvTBGQ4dNJbBygiRCqes7,60.336738,63.385799,67.56869499999999,0,2591700,81.410962,Interactive,4,7.0
403200,ZXGOZbIjK5v+i0EEHS1SywZP4yiFZ8ZKmsXeJkkPrReMvTBGQ4dNJbBygiRCqes7,60.815935,63.610867000000006,67.311141,0,2591700,81.410962,Interactive,4,7.0
403500,ZXGOZbIjK5v+i0EEHS1SywZP4yiFZ8ZKmsXeJkkPrReMvTBGQ4dNJbBygiRCqes7,59.02275,62.551763,67.315048,0,2591700,81.410962,Interactive,4,7.0
403800,ZXGOZbIjK5v+i0EEHS1SywZP4yiFZ8ZKmsXeJkkPrReMvTBGQ4dNJbBygiRCqes7,59.637659,63.470203000000005,69.936869,0,2591700,81.410962,Interactive,4,7.0
404100,ZXGOZbIjK5v+i0EEHS1SywZP4yiFZ8ZKmsXeJkkPrReMvTBGQ4dNJbBygiRCqes7,59.04466600000001,61.850879000000006,67.108411,0,2591700,81.410962,Interactive,4,7.0
404400,ZXGOZbIjK5v+i0EEHS1SywZP4yiFZ8ZKmsXeJkkPrReMvTBGQ4dNJbBygiRCqes7,60.292892,63.955937,68.53061600000001,0,2591700,81.410962,Interactive,4,7.0
404700,ZXGOZbIjK5v+i0EEHS1SywZP4yiFZ8ZKmsXeJkkPrReMvTBGQ4dNJbBygiRCqes7,60.920325,63.884791,68.179077,0,2591700,81.410962,Interactive,4,7.0
405000,ZXGOZbIjK5v+i0EEHS1SywZP4yiFZ8ZKmsXeJkkPrReMvTBGQ4dNJbBygiRCqes7,59.4802,64.47886899999999,69.659743,0,2591700,81.410962,Interactive,4,7.0
405300,ZXGOZbIjK5v+i0EEHS1SywZP4yiFZ8ZKmsXeJkkPrReMvTBGQ4dNJbBygiRCqes7,59.662524,63.535189,71.33971600000001,0,2591700,81.410962,Interactive,4,7.0
405600,ZXGOZbIjK5v+i0EEHS1SywZP4yiFZ8ZKmsXeJkkPrReMvTBGQ4dNJbBygiRCqes7,59.113227,61.851701,65.665194,0,2591700,81.410962,Interactive,4,7.0
405900,ZXGOZbIjK5v+i0EEHS1SywZP4yiFZ8ZKmsXeJkkPrReMvTBGQ4dNJbBygiRCqes7,61.229461,64.825577,71.00183100000001,0,2591700,81.410962,Interactive,4,7.0
406200,ZXGOZbIjK5v+i0EEHS1SywZP4yiFZ8ZKmsXeJkkPrReMvTBGQ4dNJbBygiRCqes7,60.43008199999999,62.905528,65.59938000000001,0,2591700,81.410962,Interactive,4,7.0
406500,ZXGOZbIjK5v+i0EEHS1SywZP4yiFZ8ZKmsXeJkkPrReMvTBGQ4dNJbBygiRCqes7,60.733613,64.329483,70.889288,0,2591700,81.410962,Interactive,4,7.0
406800,ZXGOZbIjK5v+i0EEHS1SywZP4yiFZ8ZKmsXeJkkPrReMvTBGQ4dNJbBygiRCqes7,61.362531,65.19230999999999,67.760672,0,2591700,81.410962,Interactive,4,7.0
407100,ZXGOZbIjK5v+i0EEHS1SywZP4yiFZ8ZKmsXeJkkPrReMvTBGQ4dNJbBygiRCqes7,61.476771,65.118741,73.138539,0,2591700,81.410962,Interactive,4,7.0
407400,ZXGOZbIjK5v+i0EEHS1SywZP4yiFZ8ZKmsXeJkkPrReMvTBGQ4dNJbBygiRCqes7,61.42709,64.058423,67.62071,0,2591700,81.410962,Interactive,4,7.0
407700,ZXGOZbIjK5v+i0EEHS1SywZP4yiFZ8ZKmsXeJkkPrReMvTBGQ4dNJbBygiRCqes7,60.026636,63.52000400000001,70.586174,0,2591700,81.410962,Interactive,4,7.0
408000,ZXGOZbIjK5v+i0EEHS1SywZP4yiFZ8ZKmsXeJkkPrReMvTBGQ4dNJbBygiRCqes7,57.927468000000005,62.30429300000001,70.61364,0,2591700,81.410962,Interactive,4,7.0
408300,ZXGOZbIjK5v+i0EEHS1SywZP4yiFZ8ZKmsXeJkkPrReMvTBGQ4dNJbBygiRCqes7,57.530323,60.44989,63.187314,0,2591700,81.410962,Interactive,4,7.0
408600,ZXGOZbIjK5v+i0EEHS1SywZP4yiFZ8ZKmsXeJkkPrReMvTBGQ4dNJbBygiRCqes7,57.142506,62.212488,71.23819499999999,0,2591700,81.410962,Interactive,4,7.0
408900,ZXGOZbIjK5v+i0EEHS1SywZP4yiFZ8ZKmsXeJkkPrReMvTBGQ4dNJbBygiRCqes7,57.06669399999999,60.722489,65.042292,0,2591700,81.410962,Interactive,4,7.0
409200,ZXGOZbIjK5v+i0EEHS1SywZP4yiFZ8ZKmsXeJkkPrReMvTBGQ4dNJbBygiRCqes7,56.720624,61.631109,65.12696700000001,0,2591700,81.410962,Interactive,4,7.0
409500,ZXGOZbIjK5v+i0EEHS1SywZP4yiFZ8ZKmsXeJkkPrReMvTBGQ4dNJbBygiRCqes7,55.73109,60.813761,64.742328,0,2591700,81.410962,Interactive,4,7.0
409800,ZXGOZbIjK5v+i0EEHS1SywZP4yiFZ8ZKmsXeJkkPrReMvTBGQ4dNJbBygiRCqes7,57.138232,61.41073299999999,64.82585999999999,0,2591700,81.410962,Interactive,4,7.0
410100,ZXGOZbIjK5v+i0EEHS1SywZP4yiFZ8ZKmsXeJkkPrReMvTBGQ4dNJbBygiRCqes7,58.752779,61.515876,66.175078,0,2591700,81.410962,Interactive,4,7.0
410400,ZXGOZbIjK5v+i0EEHS1SywZP4yiFZ8ZKmsXeJkkPrReMvTBGQ4dNJbBygiRCqes7,61.785572,64.51301099999999,67.23205,0,2591700,81.410962,Interactive,4,7.0
410700,ZXGOZbIjK5v+i0EEHS1SywZP4yiFZ8ZKmsXeJkkPrReMvTBGQ4dNJbBygiRCqes7,60.648357,64.558226,69.298755,0,2591700,81.410962,Interactive,4,7.0
411000,ZXGOZbIjK5v+i0EEHS1SywZP4yiFZ8ZKmsXeJkkPrReMvTBGQ4dNJbBygiRCqes7,60.663881,63.95986,66.953189,0,2591700,81.410962,Interactive,4,7.0
411300,ZXGOZbIjK5v+i0EEHS1SywZP4yiFZ8ZKmsXeJkkPrReMvTBGQ4dNJbBygiRCqes7,57.237089000000005,62.65328100000001,66.703583,0,2591700,81.410962,Interactive,4,7.0
411600,ZXGOZbIjK5v+i0EEHS1SywZP4yiFZ8ZKmsXeJkkPrReMvTBGQ4dNJbBygiRCqes7,60.220341000000005,64.430584,67.87142800000001,0,2591700,81.410962,Interactive,4,7.0
411900,ZXGOZbIjK5v+i0EEHS1SywZP4yiFZ8ZKmsXeJkkPrReMvTBGQ4dNJbBygiRCqes7,61.532121,64.458735,68.178988,0,2591700,81.410962,Interactive,4,7.0
412200,ZXGOZbIjK5v+i0EEHS1SywZP4yiFZ8ZKmsXeJkkPrReMvTBGQ4dNJbBygiRCqes7,61.803464,64.096526,66.783801,0,2591700,81.410962,Interactive,4,7.0
412500,ZXGOZbIjK5v+i0EEHS1SywZP4yiFZ8ZKmsXeJkkPrReMvTBGQ4dNJbBygiRCqes7,59.964523,63.562529000000005,67.756649,0,2591700,81.410962,Interactive,4,7.0
412800,ZXGOZbIjK5v+i0EEHS1SywZP4yiFZ8ZKmsXeJkkPrReMvTBGQ4dNJbBygiRCqes7,59.774686,63.133303000000005,66.91674599999999,0,2591700,81.410962,Interactive,4,7.0
413100,ZXGOZbIjK5v+i0EEHS1SywZP4yiFZ8ZKmsXeJkkPrReMvTBGQ4dNJbBygiRCqes7,59.666405000000005,63.0106,67.42902,0,2591700,81.410962,Interactive,4,7.0
413400,ZXGOZbIjK5v+i0EEHS1SywZP4yiFZ8ZKmsXeJkkPrReMvTBGQ4dNJbBygiRCqes7,56.838961,63.928349,68.484553,0,2591700,81.410962,Interactive,4,7.0
413700,ZXGOZbIjK5v+i0EEHS1SywZP4yiFZ8ZKmsXeJkkPrReMvTBGQ4dNJbBygiRCqes7,58.919651,63.168608,67.437586,0,2591700,81.410962,Interactive,4,7.0
414000,ZXGOZbIjK5v+i0EEHS1SywZP4yiFZ8ZKmsXeJkkPrReMvTBGQ4dNJbBygiRCqes7,61.28912,64.487279,69.259744,0,2591700,81.410962,Interactive,4,7.0
414300,ZXGOZbIjK5v+i0EEHS1SywZP4yiFZ8ZKmsXeJkkPrReMvTBGQ4dNJbBygiRCqes7,59.960491000000005,63.763798,67.943399,0,2591700,81.410962,Interactive,4,7.0
414600,ZXGOZbIjK5v+i0EEHS1SywZP4yiFZ8ZKmsXeJkkPrReMvTBGQ4dNJbBygiRCqes7,59.688434,63.36117900000001,66.624512,0,2591700,81.410962,Interactive,4,7.0
414900,ZXGOZbIjK5v+i0EEHS1SywZP4yiFZ8ZKmsXeJkkPrReMvTBGQ4dNJbBygiRCqes7,60.581377,63.414465,66.92125899999999,0,2591700,81.410962,Interactive,4,7.0
415200,ZXGOZbIjK5v+i0EEHS1SywZP4yiFZ8ZKmsXeJkkPrReMvTBGQ4dNJbBygiRCqes7,60.753446,63.667919,67.11399499999999,0,2591700,81.410962,Interactive,4,7.0
415500,ZXGOZbIjK5v+i0EEHS1SywZP4yiFZ8ZKmsXeJkkPrReMvTBGQ4dNJbBygiRCqes7,62.03051800000001,64.891754,68.85306800000001,0,2591700,81.410962,Interactive,4,7.0
415800,ZXGOZbIjK5v+i0EEHS1SywZP4yiFZ8ZKmsXeJkkPrReMvTBGQ4dNJbBygiRCqes7,60.607507,63.573635,67.474552,0,2591700,81.410962,Interactive,4,7.0
416100,ZXGOZbIjK5v+i0EEHS1SywZP4yiFZ8ZKmsXeJkkPrReMvTBGQ4dNJbBygiRCqes7,60.377373,63.575314,67.59543000000001,0,2591700,81.410962,Interactive,4,7.0
416400,ZXGOZbIjK5v+i0EEHS1SywZP4yiFZ8ZKmsXeJkkPrReMvTBGQ4dNJbBygiRCqes7,60.668949,63.200763,68.002319,0,2591700,81.410962,Interactive,4,7.0
416700,ZXGOZbIjK5v+i0EEHS1SywZP4yiFZ8ZKmsXeJkkPrReMvTBGQ4dNJbBygiRCqes7,61.186487,63.582926,66.259878,0,2591700,81.410962,Interactive,4,7.0
417000,ZXGOZbIjK5v+i0EEHS1SywZP4yiFZ8ZKmsXeJkkPrReMvTBGQ4dNJbBygiRCqes7,60.396974,63.34763,66.853379,0,2591700,81.410962,Interactive,4,7.0
417300,ZXGOZbIjK5v+i0EEHS1SywZP4yiFZ8ZKmsXeJkkPrReMvTBGQ4dNJbBygiRCqes7,57.296464,61.597404,67.10902,0,2591700,81.410962,Interactive,4,7.0
417600,ZXGOZbIjK5v+i0EEHS1SywZP4yiFZ8ZKmsXeJkkPrReMvTBGQ4dNJbBygiRCqes7,58.561469,61.969477000000005,66.347774,0,2591700,81.410962,Interactive,4,7.0
417900,ZXGOZbIjK5v+i0EEHS1SywZP4yiFZ8ZKmsXeJkkPrReMvTBGQ4dNJbBygiRCqes7,59.246212,61.945219,65.100819,0,2591700,81.410962,Interactive,4,7.0
418200,ZXGOZbIjK5v+i0EEHS1SywZP4yiFZ8ZKmsXeJkkPrReMvTBGQ4dNJbBygiRCqes7,60.583265,63.33594300000001,67.434366,0,2591700,81.410962,Interactive,4,7.0
418500,ZXGOZbIjK5v+i0EEHS1SywZP4yiFZ8ZKmsXeJkkPrReMvTBGQ4dNJbBygiRCqes7,61.01931,64.34727600000001,68.212425,0,2591700,81.410962,Interactive,4,7.0
418800,ZXGOZbIjK5v+i0EEHS1SywZP4yiFZ8ZKmsXeJkkPrReMvTBGQ4dNJbBygiRCqes7,60.745337,63.165302,67.41684599999999,0,2591700,81.410962,Interactive,4,7.0
419100,ZXGOZbIjK5v+i0EEHS1SywZP4yiFZ8ZKmsXeJkkPrReMvTBGQ4dNJbBygiRCqes7,59.546702,63.093937,66.976741,0,2591700,81.410962,Interactive,4,7.0
419400,ZXGOZbIjK5v+i0EEHS1SywZP4yiFZ8ZKmsXeJkkPrReMvTBGQ4dNJbBygiRCqes7,60.17534200000001,63.098171,68.193174,0,2591700,81.410962,Interactive,4,7.0
419700,ZXGOZbIjK5v+i0EEHS1SywZP4yiFZ8ZKmsXeJkkPrReMvTBGQ4dNJbBygiRCqes7,61.852587,64.203666,67.43878000000001,0,2591700,81.410962,Interactive,4,7.0
420000,ZXGOZbIjK5v+i0EEHS1SywZP4yiFZ8ZKmsXeJkkPrReMvTBGQ4dNJbBygiRCqes7,60.576919,63.384208,66.778456,0,2591700,81.410962,Interactive,4,7.0
420300,ZXGOZbIjK5v+i0EEHS1SywZP4yiFZ8ZKmsXeJkkPrReMvTBGQ4dNJbBygiRCqes7,60.74854200000001,63.829745,67.999021,0,2591700,81.410962,Interactive,4,7.0
420600,ZXGOZbIjK5v+i0EEHS1SywZP4yiFZ8ZKmsXeJkkPrReMvTBGQ4dNJbBygiRCqes7,60.42381,63.578772,68.674962,0,2591700,81.410962,Interactive,4,7.0
420900,ZXGOZbIjK5v+i0EEHS1SywZP4yiFZ8ZKmsXeJkkPrReMvTBGQ4dNJbBygiRCqes7,60.68581999999999,63.180891,67.579226,0,2591700,81.410962,Interactive,4,7.0
421200,ZXGOZbIjK5v+i0EEHS1SywZP4yiFZ8ZKmsXeJkkPrReMvTBGQ4dNJbBygiRCqes7,59.099562,63.08382099999999,66.860431,0,2591700,81.410962,Interactive,4,7.0
421500,ZXGOZbIjK5v+i0EEHS1SywZP4yiFZ8ZKmsXeJkkPrReMvTBGQ4dNJbBygiRCqes7,59.71926800000001,63.577291,68.652574,0,2591700,81.410962,Interactive,4,7.0
421800,ZXGOZbIjK5v+i0EEHS1SywZP4yiFZ8ZKmsXeJkkPrReMvTBGQ4dNJbBygiRCqes7,60.921962,63.328807,66.319884,0,2591700,81.410962,Interactive,4,7.0
422100,ZXGOZbIjK5v+i0EEHS1SywZP4yiFZ8ZKmsXeJkkPrReMvTBGQ4dNJbBygiRCqes7,60.012597,64.39669599999999,69.06845600000001,0,2591700,81.410962,Interactive,4,7.0
422400,ZXGOZbIjK5v+i0EEHS1SywZP4yiFZ8ZKmsXeJkkPrReMvTBGQ4dNJbBygiRCqes7,60.029959,62.475699,66.39607,0,2591700,81.410962,Interactive,4,7.0
422700,ZXGOZbIjK5v+i0EEHS1SywZP4yiFZ8ZKmsXeJkkPrReMvTBGQ4dNJbBygiRCqes7,59.625533,63.352304,67.643123,0,2591700,81.410962,Interactive,4,7.0
423000,ZXGOZbIjK5v+i0EEHS1SywZP4yiFZ8ZKmsXeJkkPrReMvTBGQ4dNJbBygiRCqes7,61.845477,63.854124,67.870028,0,2591700,81.410962,Interactive,4,7.0
423300,ZXGOZbIjK5v+i0EEHS1SywZP4yiFZ8ZKmsXeJkkPrReMvTBGQ4dNJbBygiRCqes7,59.610466,63.828411,73.21525,0,2591700,81.410962,Interactive,4,7.0
423600,ZXGOZbIjK5v+i0EEHS1SywZP4yiFZ8ZKmsXeJkkPrReMvTBGQ4dNJbBygiRCqes7,59.368798,61.878007,66.008602,0,2591700,81.410962,Interactive,4,7.0
423900,ZXGOZbIjK5v+i0EEHS1SywZP4yiFZ8ZKmsXeJkkPrReMvTBGQ4dNJbBygiRCqes7,60.70573100000001,63.168823,66.800273,0,2591700,81.410962,Interactive,4,7.0
424200,ZXGOZbIjK5v+i0EEHS1SywZP4yiFZ8ZKmsXeJkkPrReMvTBGQ4dNJbBygiRCqes7,59.307512,64.01748,67.553398,0,2591700,81.410962,Interactive,4,7.0
424500,ZXGOZbIjK5v+i0EEHS1SywZP4yiFZ8ZKmsXeJkkPrReMvTBGQ4dNJbBygiRCqes7,60.278285,63.73548,68.407342,0,2591700,81.410962,Interactive,4,7.0
424800,ZXGOZbIjK5v+i0EEHS1SywZP4yiFZ8ZKmsXeJkkPrReMvTBGQ4dNJbBygiRCqes7,57.301601,64.177379,68.150293,0,2591700,81.410962,Interactive,4,7.0
425100,ZXGOZbIjK5v+i0EEHS1SywZP4yiFZ8ZKmsXeJkkPrReMvTBGQ4dNJbBygiRCqes7,60.533972,62.999948,66.508411,0,2591700,81.410962,Interactive,4,7.0
425400,ZXGOZbIjK5v+i0EEHS1SywZP4yiFZ8ZKmsXeJkkPrReMvTBGQ4dNJbBygiRCqes7,58.577964,63.64587,70.155266,0,2591700,81.410962,Interactive,4,7.0
425700,ZXGOZbIjK5v+i0EEHS1SywZP4yiFZ8ZKmsXeJkkPrReMvTBGQ4dNJbBygiRCqes7,61.31323,64.39746600000001,67.874891,0,2591700,81.410962,Interactive,4,7.0
426000,ZXGOZbIjK5v+i0EEHS1SywZP4yiFZ8ZKmsXeJkkPrReMvTBGQ4dNJbBygiRCqes7,61.155868000000005,64.437173,67.21399699999999,0,2591700,81.410962,Interactive,4,7.0
426300,ZXGOZbIjK5v+i0EEHS1SywZP4yiFZ8ZKmsXeJkkPrReMvTBGQ4dNJbBygiRCqes7,59.342136,62.55468199999999,66.502478,0,2591700,81.410962,Interactive,4,7.0
426600,ZXGOZbIjK5v+i0EEHS1SywZP4yiFZ8ZKmsXeJkkPrReMvTBGQ4dNJbBygiRCqes7,61.537894,65.1354,69.22025,0,2591700,81.410962,Interactive,4,7.0
426900,ZXGOZbIjK5v+i0EEHS1SywZP4yiFZ8ZKmsXeJkkPrReMvTBGQ4dNJbBygiRCqes7,60.716889,64.787876,69.206874,0,2591700,81.410962,Interactive,4,7.0
427200,ZXGOZbIjK5v+i0EEHS1SywZP4yiFZ8ZKmsXeJkkPrReMvTBGQ4dNJbBygiRCqes7,61.349913,64.108734,68.283743,0,2591700,81.410962,Interactive,4,7.0
427500,ZXGOZbIjK5v+i0EEHS1SywZP4yiFZ8ZKmsXeJkkPrReMvTBGQ4dNJbBygiRCqes7,55.860971,61.842478,65.794854,0,2591700,81.410962,Interactive,4,7.0
427800,ZXGOZbIjK5v+i0EEHS1SywZP4yiFZ8ZKmsXeJkkPrReMvTBGQ4dNJbBygiRCqes7,56.177599,61.361352,66.005447,0,2591700,81.410962,Interactive,4,7.0
428100,ZXGOZbIjK5v+i0EEHS1SywZP4yiFZ8ZKmsXeJkkPrReMvTBGQ4dNJbBygiRCqes7,59.379949,64.30438199999999,70.999583,0,2591700,81.410962,Interactive,4,7.0
428400,ZXGOZbIjK5v+i0EEHS1SywZP4yiFZ8ZKmsXeJkkPrReMvTBGQ4dNJbBygiRCqes7,59.811905,63.878616,68.18275,0,2591700,81.410962,Interactive,4,7.0
428700,ZXGOZbIjK5v+i0EEHS1SywZP4yiFZ8ZKmsXeJkkPrReMvTBGQ4dNJbBygiRCqes7,59.966098,63.807052,67.950855,0,2591700,81.410962,Interactive,4,7.0
429000,ZXGOZbIjK5v+i0EEHS1SywZP4yiFZ8ZKmsXeJkkPrReMvTBGQ4dNJbBygiRCqes7,59.792398,63.282265,67.101326,0,2591700,81.410962,Interactive,4,7.0
429300,ZXGOZbIjK5v+i0EEHS1SywZP4yiFZ8ZKmsXeJkkPrReMvTBGQ4dNJbBygiRCqes7,61.51791899999999,64.557501,67.712068,0,2591700,81.410962,Interactive,4,7.0
429600,ZXGOZbIjK5v+i0EEHS1SywZP4yiFZ8ZKmsXeJkkPrReMvTBGQ4dNJbBygiRCqes7,57.317623,63.006787,66.496379,0,2591700,81.410962,Interactive,4,7.0
429900,ZXGOZbIjK5v+i0EEHS1SywZP4yiFZ8ZKmsXeJkkPrReMvTBGQ4dNJbBygiRCqes7,59.587429,62.034486,65.42186099999999,0,2591700,81.410962,Interactive,4,7.0
430200,ZXGOZbIjK5v+i0EEHS1SywZP4yiFZ8ZKmsXeJkkPrReMvTBGQ4dNJbBygiRCqes7,57.000146,62.677807,66.02143000000001,0,2591700,81.410962,Interactive,4,7.0
430500,ZXGOZbIjK5v+i0EEHS1SywZP4yiFZ8ZKmsXeJkkPrReMvTBGQ4dNJbBygiRCqes7,61.009446,65.053954,68.652101,0,2591700,81.410962,Interactive,4,7.0
430800,ZXGOZbIjK5v+i0EEHS1SywZP4yiFZ8ZKmsXeJkkPrReMvTBGQ4dNJbBygiRCqes7,59.146228,63.147801,68.081806,0,2591700,81.410962,Interactive,4,7.0
431100,ZXGOZbIjK5v+i0EEHS1SywZP4yiFZ8ZKmsXeJkkPrReMvTBGQ4dNJbBygiRCqes7,60.60579,63.904118,68.820491,0,2591700,81.410962,Interactive,4,7.0
431400,ZXGOZbIjK5v+i0EEHS1SywZP4yiFZ8ZKmsXeJkkPrReMvTBGQ4dNJbBygiRCqes7,59.397377,63.67535,67.04542099999999,0,2591700,81.410962,Interactive,4,7.0
431700,ZXGOZbIjK5v+i0EEHS1SywZP4yiFZ8ZKmsXeJkkPrReMvTBGQ4dNJbBygiRCqes7,61.69725,64.03885799999999,67.491838,0,2591700,81.410962,Interactive,4,7.0
432000,ZXGOZbIjK5v+i0EEHS1SywZP4yiFZ8ZKmsXeJkkPrReMvTBGQ4dNJbBygiRCqes7,59.694342000000006,63.466771,66.63427800000001,0,2591700,81.410962,Interactive,4,7.0
432300,ZXGOZbIjK5v+i0EEHS1SywZP4yiFZ8ZKmsXeJkkPrReMvTBGQ4dNJbBygiRCqes7,57.442762,62.337241000000006,67.148682,0,2591700,81.410962,Interactive,4,7.0
432600,ZXGOZbIjK5v+i0EEHS1SywZP4yiFZ8ZKmsXeJkkPrReMvTBGQ4dNJbBygiRCqes7,57.58789399999999,60.7981,67.34218100000001,0,2591700,81.410962,Interactive,4,7.0
432900,ZXGOZbIjK5v+i0EEHS1SywZP4yiFZ8ZKmsXeJkkPrReMvTBGQ4dNJbBygiRCqes7,56.91423100000001,62.078647,68.266628,0,2591700,81.410962,Interactive,4,7.0
433200,ZXGOZbIjK5v+i0EEHS1SywZP4yiFZ8ZKmsXeJkkPrReMvTBGQ4dNJbBygiRCqes7,58.486839,61.619201,66.616288,0,2591700,81.410962,Interactive,4,7.0
433500,ZXGOZbIjK5v+i0EEHS1SywZP4yiFZ8ZKmsXeJkkPrReMvTBGQ4dNJbBygiRCqes7,59.028266,64.568373,70.58796099999999,0,2591700,81.410962,Interactive,4,7.0
433800,ZXGOZbIjK5v+i0EEHS1SywZP4yiFZ8ZKmsXeJkkPrReMvTBGQ4dNJbBygiRCqes7,61.132592,63.613544,66.69730899999999,0,2591700,81.410962,Interactive,4,7.0
434100,ZXGOZbIjK5v+i0EEHS1SywZP4yiFZ8ZKmsXeJkkPrReMvTBGQ4dNJbBygiRCqes7,57.915066,63.56411800000001,67.635594,0,2591700,81.410962,Interactive,4,7.0
434400,ZXGOZbIjK5v+i0EEHS1SywZP4yiFZ8ZKmsXeJkkPrReMvTBGQ4dNJbBygiRCqes7,59.521637,62.710892,66.416567,0,2591700,81.410962,Interactive,4,7.0
434700,ZXGOZbIjK5v+i0EEHS1SywZP4yiFZ8ZKmsXeJkkPrReMvTBGQ4dNJbBygiRCqes7,61.154959,66.15743,70.286454,0,2591700,81.410962,Interactive,4,7.0
435000,ZXGOZbIjK5v+i0EEHS1SywZP4yiFZ8ZKmsXeJkkPrReMvTBGQ4dNJbBygiRCqes7,58.64750600000001,61.911243000000006,66.948657,0,2591700,81.410962,Interactive,4,7.0
435300,ZXGOZbIjK5v+i0EEHS1SywZP4yiFZ8ZKmsXeJkkPrReMvTBGQ4dNJbBygiRCqes7,60.526086,65.185609,69.05353000000001,0,2591700,81.410962,Interactive,4,7.0
435600,ZXGOZbIjK5v+i0EEHS1SywZP4yiFZ8ZKmsXeJkkPrReMvTBGQ4dNJbBygiRCqes7,60.014617,62.685217,68.968358,0,2591700,81.410962,Interactive,4,7.0
435900,ZXGOZbIjK5v+i0EEHS1SywZP4yiFZ8ZKmsXeJkkPrReMvTBGQ4dNJbBygiRCqes7,60.690183,65.05546600000001,68.61737600000001,0,2591700,81.410962,Interactive,4,7.0
436200,ZXGOZbIjK5v+i0EEHS1SywZP4yiFZ8ZKmsXeJkkPrReMvTBGQ4dNJbBygiRCqes7,60.729772,63.11615,67.138435,0,2591700,81.410962,Interactive,4,7.0
436500,ZXGOZbIjK5v+i0EEHS1SywZP4yiFZ8ZKmsXeJkkPrReMvTBGQ4dNJbBygiRCqes7,61.753536,64.976248,68.79549499999999,0,2591700,81.410962,Interactive,4,7.0
436800,ZXGOZbIjK5v+i0EEHS1SywZP4yiFZ8ZKmsXeJkkPrReMvTBGQ4dNJbBygiRCqes7,59.629729000000005,63.608893,67.31588199999999,0,2591700,81.410962,Interactive,4,7.0
437100,ZXGOZbIjK5v+i0EEHS1SywZP4yiFZ8ZKmsXeJkkPrReMvTBGQ4dNJbBygiRCqes7,59.545934,63.641144,67.754228,0,2591700,81.410962,Interactive,4,7.0
437400,ZXGOZbIjK5v+i0EEHS1SywZP4yiFZ8ZKmsXeJkkPrReMvTBGQ4dNJbBygiRCqes7,58.357763,62.32456,66.078194,0,2591700,81.410962,Interactive,4,7.0
437700,ZXGOZbIjK5v+i0EEHS1SywZP4yiFZ8ZKmsXeJkkPrReMvTBGQ4dNJbBygiRCqes7,59.715078000000005,62.715049,67.85633399999999,0,2591700,81.410962,Interactive,4,7.0
438000,ZXGOZbIjK5v+i0EEHS1SywZP4yiFZ8ZKmsXeJkkPrReMvTBGQ4dNJbBygiRCqes7,59.281002,62.50358000000001,67.849541,0,2591700,81.410962,Interactive,4,7.0
438300,ZXGOZbIjK5v+i0EEHS1SywZP4yiFZ8ZKmsXeJkkPrReMvTBGQ4dNJbBygiRCqes7,58.233239000000005,65.232985,69.58061500000001,0,2591700,81.410962,Interactive,4,7.0
438600,ZXGOZbIjK5v+i0EEHS1SywZP4yiFZ8ZKmsXeJkkPrReMvTBGQ4dNJbBygiRCqes7,59.186584,62.285904,65.910714,0,2591700,81.410962,Interactive,4,7.0
438900,ZXGOZbIjK5v+i0EEHS1SywZP4yiFZ8ZKmsXeJkkPrReMvTBGQ4dNJbBygiRCqes7,60.655825,64.17547900000001,68.93299499999999,0,2591700,81.410962,Interactive,4,7.0
439200,ZXGOZbIjK5v+i0EEHS1SywZP4yiFZ8ZKmsXeJkkPrReMvTBGQ4dNJbBygiRCqes7,60.75034,63.215498,67.570737,0,2591700,81.410962,Interactive,4,7.0
439500,ZXGOZbIjK5v+i0EEHS1SywZP4yiFZ8ZKmsXeJkkPrReMvTBGQ4dNJbBygiRCqes7,55.711851,64.294789,69.578231,0,2591700,81.410962,Interactive,4,7.0
439800,ZXGOZbIjK5v+i0EEHS1SywZP4yiFZ8ZKmsXeJkkPrReMvTBGQ4dNJbBygiRCqes7,59.779879,62.946216,68.658934,0,2591700,81.410962,Interactive,4,7.0
440100,ZXGOZbIjK5v+i0EEHS1SywZP4yiFZ8ZKmsXeJkkPrReMvTBGQ4dNJbBygiRCqes7,60.491142,64.734082,71.012699,0,2591700,81.410962,Interactive,4,7.0
440400,ZXGOZbIjK5v+i0EEHS1SywZP4yiFZ8ZKmsXeJkkPrReMvTBGQ4dNJbBygiRCqes7,58.744114,62.633964,68.536728,0,2591700,81.410962,Interactive,4,7.0
440700,ZXGOZbIjK5v+i0EEHS1SywZP4yiFZ8ZKmsXeJkkPrReMvTBGQ4dNJbBygiRCqes7,60.249469,64.744501,69.696228,0,2591700,81.410962,Interactive,4,7.0
441000,ZXGOZbIjK5v+i0EEHS1SywZP4yiFZ8ZKmsXeJkkPrReMvTBGQ4dNJbBygiRCqes7,58.126006,61.862199,67.179302,0,2591700,81.410962,Interactive,4,7.0
441300,ZXGOZbIjK5v+i0EEHS1SywZP4yiFZ8ZKmsXeJkkPrReMvTBGQ4dNJbBygiRCqes7,60.724773,64.28603299999999,67.306543,0,2591700,81.410962,Interactive,4,7.0
441600,ZXGOZbIjK5v+i0EEHS1SywZP4yiFZ8ZKmsXeJkkPrReMvTBGQ4dNJbBygiRCqes7,58.24534499999999,62.769673,67.16077,0,2591700,81.410962,Interactive,4,7.0
441900,ZXGOZbIjK5v+i0EEHS1SywZP4yiFZ8ZKmsXeJkkPrReMvTBGQ4dNJbBygiRCqes7,59.74831999999999,63.436331,68.03457900000001,0,2591700,81.410962,Interactive,4,7.0
442200,ZXGOZbIjK5v+i0EEHS1SywZP4yiFZ8ZKmsXeJkkPrReMvTBGQ4dNJbBygiRCqes7,58.000947,61.403239,66.947097,0,2591700,81.410962,Interactive,4,7.0
442500,ZXGOZbIjK5v+i0EEHS1SywZP4yiFZ8ZKmsXeJkkPrReMvTBGQ4dNJbBygiRCqes7,57.904749,63.730144,68.727412,0,2591700,81.410962,Interactive,4,7.0
442800,ZXGOZbIjK5v+i0EEHS1SywZP4yiFZ8ZKmsXeJkkPrReMvTBGQ4dNJbBygiRCqes7,61.221791,63.922658,69.103844,0,2591700,81.410962,Interactive,4,7.0
443100,ZXGOZbIjK5v+i0EEHS1SywZP4yiFZ8ZKmsXeJkkPrReMvTBGQ4dNJbBygiRCqes7,61.57664200000001,64.713351,69.322939,0,2591700,81.410962,Interactive,4,7.0
443400,ZXGOZbIjK5v+i0EEHS1SywZP4yiFZ8ZKmsXeJkkPrReMvTBGQ4dNJbBygiRCqes7,60.14182099999999,62.998630000000006,68.094951,0,2591700,81.410962,Interactive,4,7.0
443700,ZXGOZbIjK5v+i0EEHS1SywZP4yiFZ8ZKmsXeJkkPrReMvTBGQ4dNJbBygiRCqes7,59.714501,63.72236899999999,67.48658,0,2591700,81.410962,Interactive,4,7.0
444000,ZXGOZbIjK5v+i0EEHS1SywZP4yiFZ8ZKmsXeJkkPrReMvTBGQ4dNJbBygiRCqes7,60.24857900000001,63.067962,67.056703,0,2591700,81.410962,Interactive,4,7.0
444300,ZXGOZbIjK5v+i0EEHS1SywZP4yiFZ8ZKmsXeJkkPrReMvTBGQ4dNJbBygiRCqes7,59.824835,63.28566800000001,67.53665,0,2591700,81.410962,Interactive,4,7.0
444600,ZXGOZbIjK5v+i0EEHS1SywZP4yiFZ8ZKmsXeJkkPrReMvTBGQ4dNJbBygiRCqes7,59.715739,62.840526,67.581008,0,2591700,81.410962,Interactive,4,7.0
444900,ZXGOZbIjK5v+i0EEHS1SywZP4yiFZ8ZKmsXeJkkPrReMvTBGQ4dNJbBygiRCqes7,59.749908,64.790959,68.763224,0,2591700,81.410962,Interactive,4,7.0
445200,ZXGOZbIjK5v+i0EEHS1SywZP4yiFZ8ZKmsXeJkkPrReMvTBGQ4dNJbBygiRCqes7,59.707640000000005,62.743864,67.197586,0,2591700,81.410962,Interactive,4,7.0
445500,ZXGOZbIjK5v+i0EEHS1SywZP4yiFZ8ZKmsXeJkkPrReMvTBGQ4dNJbBygiRCqes7,60.723389000000005,64.026015,69.145226,0,2591700,81.410962,Interactive,4,7.0
445800,ZXGOZbIjK5v+i0EEHS1SywZP4yiFZ8ZKmsXeJkkPrReMvTBGQ4dNJbBygiRCqes7,59.74607,63.211896,68.561224,0,2591700,81.410962,Interactive,4,7.0
446100,ZXGOZbIjK5v+i0EEHS1SywZP4yiFZ8ZKmsXeJkkPrReMvTBGQ4dNJbBygiRCqes7,59.587981000000006,63.076221,67.881105,0,2591700,81.410962,Interactive,4,7.0
446400,ZXGOZbIjK5v+i0EEHS1SywZP4yiFZ8ZKmsXeJkkPrReMvTBGQ4dNJbBygiRCqes7,59.05429399999999,61.762007,65.746912,0,2591700,81.410962,Interactive,4,7.0
446700,ZXGOZbIjK5v+i0EEHS1SywZP4yiFZ8ZKmsXeJkkPrReMvTBGQ4dNJbBygiRCqes7,59.205317,63.879631,68.180495,0,2591700,81.410962,Interactive,4,7.0
447000,ZXGOZbIjK5v+i0EEHS1SywZP4yiFZ8ZKmsXeJkkPrReMvTBGQ4dNJbBygiRCqes7,60.855594,63.784338,66.97249599999999,0,2591700,81.410962,Interactive,4,7.0
447300,ZXGOZbIjK5v+i0EEHS1SywZP4yiFZ8ZKmsXeJkkPrReMvTBGQ4dNJbBygiRCqes7,61.631987,64.56019599999999,68.54946,0,2591700,81.410962,Interactive,4,7.0
447600,ZXGOZbIjK5v+i0EEHS1SywZP4yiFZ8ZKmsXeJkkPrReMvTBGQ4dNJbBygiRCqes7,60.491416,63.551635,67.657169,0,2591700,81.410962,Interactive,4,7.0
447900,ZXGOZbIjK5v+i0EEHS1SywZP4yiFZ8ZKmsXeJkkPrReMvTBGQ4dNJbBygiRCqes7,61.320352,64.420895,67.641504,0,2591700,81.410962,Interactive,4,7.0
448200,ZXGOZbIjK5v+i0EEHS1SywZP4yiFZ8ZKmsXeJkkPrReMvTBGQ4dNJbBygiRCqes7,61.28634,63.45463,67.135384,0,2591700,81.410962,Interactive,4,7.0
448500,ZXGOZbIjK5v+i0EEHS1SywZP4yiFZ8ZKmsXeJkkPrReMvTBGQ4dNJbBygiRCqes7,57.61648,64.435247,70.155018,0,2591700,81.410962,Interactive,4,7.0
448800,ZXGOZbIjK5v+i0EEHS1SywZP4yiFZ8ZKmsXeJkkPrReMvTBGQ4dNJbBygiRCqes7,59.015862,62.133729,66.867688,0,2591700,81.410962,Interactive,4,7.0
449100,ZXGOZbIjK5v+i0EEHS1SywZP4yiFZ8ZKmsXeJkkPrReMvTBGQ4dNJbBygiRCqes7,58.121351,62.986264,67.296266,0,2591700,81.410962,Interactive,4,7.0
449400,ZXGOZbIjK5v+i0EEHS1SywZP4yiFZ8ZKmsXeJkkPrReMvTBGQ4dNJbBygiRCqes7,60.229815,63.037001,66.511837,0,2591700,81.410962,Interactive,4,7.0
449700,ZXGOZbIjK5v+i0EEHS1SywZP4yiFZ8ZKmsXeJkkPrReMvTBGQ4dNJbBygiRCqes7,52.35194,63.745297,68.12693399999999,0,2591700,81.410962,Interactive,4,7.0
450000,ZXGOZbIjK5v+i0EEHS1SywZP4yiFZ8ZKmsXeJkkPrReMvTBGQ4dNJbBygiRCqes7,60.9103,63.15831899999999,67.60745899999999,0,2591700,81.410962,Interactive,4,7.0
450300,ZXGOZbIjK5v+i0EEHS1SywZP4yiFZ8ZKmsXeJkkPrReMvTBGQ4dNJbBygiRCqes7,57.223814,63.248738,67.57318000000001,0,2591700,81.410962,Interactive,4,7.0
450600,ZXGOZbIjK5v+i0EEHS1SywZP4yiFZ8ZKmsXeJkkPrReMvTBGQ4dNJbBygiRCqes7,59.201216,61.370974,65.758333,0,2591700,81.410962,Interactive,4,7.0
450900,ZXGOZbIjK5v+i0EEHS1SywZP4yiFZ8ZKmsXeJkkPrReMvTBGQ4dNJbBygiRCqes7,60.240692,64.429447,69.025979,0,2591700,81.410962,Interactive,4,7.0
451200,ZXGOZbIjK5v+i0EEHS1SywZP4yiFZ8ZKmsXeJkkPrReMvTBGQ4dNJbBygiRCqes7,54.440891,60.532903000000005,65.907777,0,2591700,81.410962,Interactive,4,7.0
451500,ZXGOZbIjK5v+i0EEHS1SywZP4yiFZ8ZKmsXeJkkPrReMvTBGQ4dNJbBygiRCqes7,59.944358,63.793694,68.214904,0,2591700,81.410962,Interactive,4,7.0
451800,ZXGOZbIjK5v+i0EEHS1SywZP4yiFZ8ZKmsXeJkkPrReMvTBGQ4dNJbBygiRCqes7,60.763091,62.829555000000006,66.556822,0,2591700,81.410962,Interactive,4,7.0
452100,ZXGOZbIjK5v+i0EEHS1SywZP4yiFZ8ZKmsXeJkkPrReMvTBGQ4dNJbBygiRCqes7,62.777391,65.04240899999999,68.445094,0,2591700,81.410962,Interactive,4,7.0
452400,ZXGOZbIjK5v+i0EEHS1SywZP4yiFZ8ZKmsXeJkkPrReMvTBGQ4dNJbBygiRCqes7,62.238086,63.860722,66.958004,0,2591700,81.410962,Interactive,4,7.0
452700,ZXGOZbIjK5v+i0EEHS1SywZP4yiFZ8ZKmsXeJkkPrReMvTBGQ4dNJbBygiRCqes7,60.097234,63.958121,68.40183,0,2591700,81.410962,Interactive,4,7.0
453000,ZXGOZbIjK5v+i0EEHS1SywZP4yiFZ8ZKmsXeJkkPrReMvTBGQ4dNJbBygiRCqes7,56.311299,60.656166000000006,65.913074,0,2591700,81.410962,Interactive,4,7.0
453300,ZXGOZbIjK5v+i0EEHS1SywZP4yiFZ8ZKmsXeJkkPrReMvTBGQ4dNJbBygiRCqes7,59.749547,64.026436,69.066911,0,2591700,81.410962,Interactive,4,7.0
453600,ZXGOZbIjK5v+i0EEHS1SywZP4yiFZ8ZKmsXeJkkPrReMvTBGQ4dNJbBygiRCqes7,58.579595,61.188415,66.922862,0,2591700,81.410962,Interactive,4,7.0
453900,ZXGOZbIjK5v+i0EEHS1SywZP4yiFZ8ZKmsXeJkkPrReMvTBGQ4dNJbBygiRCqes7,59.54910400000001,62.918342,68.494079,0,2591700,81.410962,Interactive,4,7.0
454200,ZXGOZbIjK5v+i0EEHS1SywZP4yiFZ8ZKmsXeJkkPrReMvTBGQ4dNJbBygiRCqes7,57.651442,60.364689,65.75834300000001,0,2591700,81.410962,Interactive,4,7.0
454500,ZXGOZbIjK5v+i0EEHS1SywZP4yiFZ8ZKmsXeJkkPrReMvTBGQ4dNJbBygiRCqes7,55.326432,62.124083,68.15104699999999,0,2591700,81.410962,Interactive,4,7.0
454800,ZXGOZbIjK5v+i0EEHS1SywZP4yiFZ8ZKmsXeJkkPrReMvTBGQ4dNJbBygiRCqes7,58.42924,61.203056,64.145801,0,2591700,81.410962,Interactive,4,7.0
455100,ZXGOZbIjK5v+i0EEHS1SywZP4yiFZ8ZKmsXeJkkPrReMvTBGQ4dNJbBygiRCqes7,60.383794,64.014599,68.637297,0,2591700,81.410962,Interactive,4,7.0
455400,ZXGOZbIjK5v+i0EEHS1SywZP4yiFZ8ZKmsXeJkkPrReMvTBGQ4dNJbBygiRCqes7,55.671297,59.715109,65.090228,0,2591700,81.410962,Interactive,4,7.0
455700,ZXGOZbIjK5v+i0EEHS1SywZP4yiFZ8ZKmsXeJkkPrReMvTBGQ4dNJbBygiRCqes7,45.232039,60.174891,67.820619,0,2591700,81.410962,Interactive,4,7.0
456000,ZXGOZbIjK5v+i0EEHS1SywZP4yiFZ8ZKmsXeJkkPrReMvTBGQ4dNJbBygiRCqes7,57.335876,61.188001,64.967866,0,2591700,81.410962,Interactive,4,7.0
456300,ZXGOZbIjK5v+i0EEHS1SywZP4yiFZ8ZKmsXeJkkPrReMvTBGQ4dNJbBygiRCqes7,59.124442,61.988233,68.059117,0,2591700,81.410962,Interactive,4,7.0
456600,ZXGOZbIjK5v+i0EEHS1SywZP4yiFZ8ZKmsXeJkkPrReMvTBGQ4dNJbBygiRCqes7,56.892772,61.427043000000005,66.073511,0,2591700,81.410962,Interactive,4,7.0
456900,ZXGOZbIjK5v+i0EEHS1SywZP4yiFZ8ZKmsXeJkkPrReMvTBGQ4dNJbBygiRCqes7,58.423248,63.362547,66.740698,0,2591700,81.410962,Interactive,4,7.0
457200,ZXGOZbIjK5v+i0EEHS1SywZP4yiFZ8ZKmsXeJkkPrReMvTBGQ4dNJbBygiRCqes7,59.901963,63.453304,67.652102,0,2591700,81.410962,Interactive,4,7.0
457500,ZXGOZbIjK5v+i0EEHS1SywZP4yiFZ8ZKmsXeJkkPrReMvTBGQ4dNJbBygiRCqes7,59.30424300000001,61.734889,65.71384300000001,0,2591700,81.410962,Interactive,4,7.0
457800,ZXGOZbIjK5v+i0EEHS1SywZP4yiFZ8ZKmsXeJkkPrReMvTBGQ4dNJbBygiRCqes7,58.316321,60.873096,65.684423,0,2591700,81.410962,Interactive,4,7.0
458100,ZXGOZbIjK5v+i0EEHS1SywZP4yiFZ8ZKmsXeJkkPrReMvTBGQ4dNJbBygiRCqes7,58.868676,64.80652099999999,69.514886,0,2591700,81.410962,Interactive,4,7.0
458400,ZXGOZbIjK5v+i0EEHS1SywZP4yiFZ8ZKmsXeJkkPrReMvTBGQ4dNJbBygiRCqes7,56.754839,61.923891000000005,68.30986,0,2591700,81.410962,Interactive,4,7.0
458700,ZXGOZbIjK5v+i0EEHS1SywZP4yiFZ8ZKmsXeJkkPrReMvTBGQ4dNJbBygiRCqes7,56.660814,61.443763,67.488119,0,2591700,81.410962,Interactive,4,7.0
459000,ZXGOZbIjK5v+i0EEHS1SywZP4yiFZ8ZKmsXeJkkPrReMvTBGQ4dNJbBygiRCqes7,58.055915,61.855216000000006,66.00814799999999,0,2591700,81.410962,Interactive,4,7.0
459300,ZXGOZbIjK5v+i0EEHS1SywZP4yiFZ8ZKmsXeJkkPrReMvTBGQ4dNJbBygiRCqes7,59.844922,64.096,68.666886,0,2591700,81.410962,Interactive,4,7.0
459600,ZXGOZbIjK5v+i0EEHS1SywZP4yiFZ8ZKmsXeJkkPrReMvTBGQ4dNJbBygiRCqes7,58.455886,61.941045,64.911286,0,2591700,81.410962,Interactive,4,7.0
459900,ZXGOZbIjK5v+i0EEHS1SywZP4yiFZ8ZKmsXeJkkPrReMvTBGQ4dNJbBygiRCqes7,58.738654,62.264017,67.17580699999999,0,2591700,81.410962,Interactive,4,7.0
460200,ZXGOZbIjK5v+i0EEHS1SywZP4yiFZ8ZKmsXeJkkPrReMvTBGQ4dNJbBygiRCqes7,58.791204,61.604721,65.226349,0,2591700,81.410962,Interactive,4,7.0
460500,ZXGOZbIjK5v+i0EEHS1SywZP4yiFZ8ZKmsXeJkkPrReMvTBGQ4dNJbBygiRCqes7,59.862483,64.08018299999999,68.35935400000001,0,2591700,81.410962,Interactive,4,7.0
460800,ZXGOZbIjK5v+i0EEHS1SywZP4yiFZ8ZKmsXeJkkPrReMvTBGQ4dNJbBygiRCqes7,59.071659,61.505749,65.354095,0,2591700,81.410962,Interactive,4,7.0
461100,ZXGOZbIjK5v+i0EEHS1SywZP4yiFZ8ZKmsXeJkkPrReMvTBGQ4dNJbBygiRCqes7,58.751893,63.200523,68.68045500000001,0,2591700,81.410962,Interactive,4,7.0
461400,ZXGOZbIjK5v+i0EEHS1SywZP4yiFZ8ZKmsXeJkkPrReMvTBGQ4dNJbBygiRCqes7,59.584484,61.655234,65.30896800000001,0,2591700,81.410962,Interactive,4,7.0
461700,ZXGOZbIjK5v+i0EEHS1SywZP4yiFZ8ZKmsXeJkkPrReMvTBGQ4dNJbBygiRCqes7,60.45125899999999,64.267424,68.185817,0,2591700,81.410962,Interactive,4,7.0
462000,ZXGOZbIjK5v+i0EEHS1SywZP4yiFZ8ZKmsXeJkkPrReMvTBGQ4dNJbBygiRCqes7,58.968771,62.42256999999999,67.00285600000001,0,2591700,81.410962,Interactive,4,7.0
462300,ZXGOZbIjK5v+i0EEHS1SywZP4yiFZ8ZKmsXeJkkPrReMvTBGQ4dNJbBygiRCqes7,59.880895,65.1073,69.888906,0,2591700,81.410962,Interactive,4,7.0
462600,ZXGOZbIjK5v+i0EEHS1SywZP4yiFZ8ZKmsXeJkkPrReMvTBGQ4dNJbBygiRCqes7,60.159927,62.987695,67.720197,0,2591700,81.410962,Interactive,4,7.0
462900,ZXGOZbIjK5v+i0EEHS1SywZP4yiFZ8ZKmsXeJkkPrReMvTBGQ4dNJbBygiRCqes7,60.725058,63.25976899999999,66.60234,0,2591700,81.410962,Interactive,4,7.0
463200,ZXGOZbIjK5v+i0EEHS1SywZP4yiFZ8ZKmsXeJkkPrReMvTBGQ4dNJbBygiRCqes7,59.11224,62.28283100000001,64.979742,0,2591700,81.410962,Interactive,4,7.0
463500,ZXGOZbIjK5v+i0EEHS1SywZP4yiFZ8ZKmsXeJkkPrReMvTBGQ4dNJbBygiRCqes7,60.283486,63.23729599999999,67.103332,0,2591700,81.410962,Interactive,4,7.0
463800,ZXGOZbIjK5v+i0EEHS1SywZP4yiFZ8ZKmsXeJkkPrReMvTBGQ4dNJbBygiRCqes7,57.8585,63.353899,69.116778,0,2591700,81.410962,Interactive,4,7.0
464100,ZXGOZbIjK5v+i0EEHS1SywZP4yiFZ8ZKmsXeJkkPrReMvTBGQ4dNJbBygiRCqes7,57.240605,60.267862,64.211766,0,2591700,81.410962,Interactive,4,7.0
464400,ZXGOZbIjK5v+i0EEHS1SywZP4yiFZ8ZKmsXeJkkPrReMvTBGQ4dNJbBygiRCqes7,56.23375,61.892701,67.664495,0,2591700,81.410962,Interactive,4,7.0
464700,ZXGOZbIjK5v+i0EEHS1SywZP4yiFZ8ZKmsXeJkkPrReMvTBGQ4dNJbBygiRCqes7,59.620925,61.750614,65.203896,0,2591700,81.410962,Interactive,4,7.0
465000,ZXGOZbIjK5v+i0EEHS1SywZP4yiFZ8ZKmsXeJkkPrReMvTBGQ4dNJbBygiRCqes7,58.669173,62.370622,65.907646,0,2591700,81.410962,Interactive,4,7.0
465300,ZXGOZbIjK5v+i0EEHS1SywZP4yiFZ8ZKmsXeJkkPrReMvTBGQ4dNJbBygiRCqes7,58.573596,61.042149,63.775028000000006,0,2591700,81.410962,Interactive,4,7.0
465600,ZXGOZbIjK5v+i0EEHS1SywZP4yiFZ8ZKmsXeJkkPrReMvTBGQ4dNJbBygiRCqes7,58.745061,61.782853,64.438765,0,2591700,81.410962,Interactive,4,7.0
465900,ZXGOZbIjK5v+i0EEHS1SywZP4yiFZ8ZKmsXeJkkPrReMvTBGQ4dNJbBygiRCqes7,57.152398,61.29399,64.490993,0,2591700,81.410962,Interactive,4,7.0
466200,ZXGOZbIjK5v+i0EEHS1SywZP4yiFZ8ZKmsXeJkkPrReMvTBGQ4dNJbBygiRCqes7,57.91265,61.574066,64.68026,0,2591700,81.410962,Interactive,4,7.0
466500,ZXGOZbIjK5v+i0EEHS1SywZP4yiFZ8ZKmsXeJkkPrReMvTBGQ4dNJbBygiRCqes7,57.988159,62.798126,71.266153,0,2591700,81.410962,Interactive,4,7.0
466800,ZXGOZbIjK5v+i0EEHS1SywZP4yiFZ8ZKmsXeJkkPrReMvTBGQ4dNJbBygiRCqes7,61.336879,64.071827,67.445729,0,2591700,81.410962,Interactive,4,7.0
467100,ZXGOZbIjK5v+i0EEHS1SywZP4yiFZ8ZKmsXeJkkPrReMvTBGQ4dNJbBygiRCqes7,60.427639,63.271601,67.313406,0,2591700,81.410962,Interactive,4,7.0
467400,ZXGOZbIjK5v+i0EEHS1SywZP4yiFZ8ZKmsXeJkkPrReMvTBGQ4dNJbBygiRCqes7,60.502644,64.040425,67.959439,0,2591700,81.410962,Interactive,4,7.0
467700,ZXGOZbIjK5v+i0EEHS1SywZP4yiFZ8ZKmsXeJkkPrReMvTBGQ4dNJbBygiRCqes7,59.880251,62.252407,65.09808000000001,0,2591700,81.410962,Interactive,4,7.0
468000,ZXGOZbIjK5v+i0EEHS1SywZP4yiFZ8ZKmsXeJkkPrReMvTBGQ4dNJbBygiRCqes7,61.314958,64.03732600000001,68.236188,0,2591700,81.410962,Interactive,4,7.0
468300,ZXGOZbIjK5v+i0EEHS1SywZP4yiFZ8ZKmsXeJkkPrReMvTBGQ4dNJbBygiRCqes7,58.71348199999999,62.344346,66.05615300000001,0,2591700,81.410962,Interactive,4,7.0
468600,ZXGOZbIjK5v+i0EEHS1SywZP4yiFZ8ZKmsXeJkkPrReMvTBGQ4dNJbBygiRCqes7,55.419527,61.228771,68.205426,0,2591700,81.410962,Interactive,4,7.0
468900,ZXGOZbIjK5v+i0EEHS1SywZP4yiFZ8ZKmsXeJkkPrReMvTBGQ4dNJbBygiRCqes7,52.627692,57.979462,61.10526899999999,0,2591700,81.410962,Interactive,4,7.0
469200,ZXGOZbIjK5v+i0EEHS1SywZP4yiFZ8ZKmsXeJkkPrReMvTBGQ4dNJbBygiRCqes7,57.31618,61.103194,64.853656,0,2591700,81.410962,Interactive,4,7.0
469500,ZXGOZbIjK5v+i0EEHS1SywZP4yiFZ8ZKmsXeJkkPrReMvTBGQ4dNJbBygiRCqes7,58.356609,63.406609,66.850763,0,2591700,81.410962,Interactive,4,7.0
469800,ZXGOZbIjK5v+i0EEHS1SywZP4yiFZ8ZKmsXeJkkPrReMvTBGQ4dNJbBygiRCqes7,58.755412,61.695,66.45595300000001,0,2591700,81.410962,Interactive,4,7.0
470100,ZXGOZbIjK5v+i0EEHS1SywZP4yiFZ8ZKmsXeJkkPrReMvTBGQ4dNJbBygiRCqes7,59.325481,63.47357,71.402159,0,2591700,81.410962,Interactive,4,7.0
470400,ZXGOZbIjK5v+i0EEHS1SywZP4yiFZ8ZKmsXeJkkPrReMvTBGQ4dNJbBygiRCqes7,54.677116000000005,58.331092000000005,64.184488,0,2591700,81.410962,Interactive,4,7.0
470700,ZXGOZbIjK5v+i0EEHS1SywZP4yiFZ8ZKmsXeJkkPrReMvTBGQ4dNJbBygiRCqes7,57.305876,62.27834300000001,67.302363,0,2591700,81.410962,Interactive,4,7.0
471000,ZXGOZbIjK5v+i0EEHS1SywZP4yiFZ8ZKmsXeJkkPrReMvTBGQ4dNJbBygiRCqes7,58.815333,62.447617,67.80147,0,2591700,81.410962,Interactive,4,7.0
471300,ZXGOZbIjK5v+i0EEHS1SywZP4yiFZ8ZKmsXeJkkPrReMvTBGQ4dNJbBygiRCqes7,58.742942000000006,63.587152,68.51870699999999,0,2591700,81.410962,Interactive,4,7.0
471600,ZXGOZbIjK5v+i0EEHS1SywZP4yiFZ8ZKmsXeJkkPrReMvTBGQ4dNJbBygiRCqes7,59.99016999999999,62.756219,66.76776600000001,0,2591700,81.410962,Interactive,4,7.0
471900,ZXGOZbIjK5v+i0EEHS1SywZP4yiFZ8ZKmsXeJkkPrReMvTBGQ4dNJbBygiRCqes7,61.09642,64.524662,69.29109100000001,0,2591700,81.410962,Interactive,4,7.0
472200,ZXGOZbIjK5v+i0EEHS1SywZP4yiFZ8ZKmsXeJkkPrReMvTBGQ4dNJbBygiRCqes7,59.006395,61.433099,66.428449,0,2591700,81.410962,Interactive,4,7.0
472500,ZXGOZbIjK5v+i0EEHS1SywZP4yiFZ8ZKmsXeJkkPrReMvTBGQ4dNJbBygiRCqes7,58.747372,63.92251,67.278181,0,2591700,81.410962,Interactive,4,7.0
472800,ZXGOZbIjK5v+i0EEHS1SywZP4yiFZ8ZKmsXeJkkPrReMvTBGQ4dNJbBygiRCqes7,58.862367000000006,61.73022099999999,66.58098199999999,0,2591700,81.410962,Interactive,4,7.0
473100,ZXGOZbIjK5v+i0EEHS1SywZP4yiFZ8ZKmsXeJkkPrReMvTBGQ4dNJbBygiRCqes7,58.543613,62.845426,66.914323,0,2591700,81.410962,Interactive,4,7.0
473400,ZXGOZbIjK5v+i0EEHS1SywZP4yiFZ8ZKmsXeJkkPrReMvTBGQ4dNJbBygiRCqes7,55.973416,60.105785,66.260177,0,2591700,81.410962,Interactive,4,7.0
473700,ZXGOZbIjK5v+i0EEHS1SywZP4yiFZ8ZKmsXeJkkPrReMvTBGQ4dNJbBygiRCqes7,58.72116,64.466599,67.113777,0,2591700,81.410962,Interactive,4,7.0
474000,ZXGOZbIjK5v+i0EEHS1SywZP4yiFZ8ZKmsXeJkkPrReMvTBGQ4dNJbBygiRCqes7,56.382707,60.169791,64.78088100000001,0,2591700,81.410962,Interactive,4,7.0
474300,ZXGOZbIjK5v+i0EEHS1SywZP4yiFZ8ZKmsXeJkkPrReMvTBGQ4dNJbBygiRCqes7,61.799631000000005,66.484884,70.184828,0,2591700,81.410962,Interactive,4,7.0
474600,ZXGOZbIjK5v+i0EEHS1SywZP4yiFZ8ZKmsXeJkkPrReMvTBGQ4dNJbBygiRCqes7,54.461472,59.50184,65.23361700000001,0,2591700,81.410962,Interactive,4,7.0
474900,ZXGOZbIjK5v+i0EEHS1SywZP4yiFZ8ZKmsXeJkkPrReMvTBGQ4dNJbBygiRCqes7,58.70004,64.593847,68.301354,0,2591700,81.410962,Interactive,4,7.0
475200,ZXGOZbIjK5v+i0EEHS1SywZP4yiFZ8ZKmsXeJkkPrReMvTBGQ4dNJbBygiRCqes7,50.321151,57.08834399999999,63.447378,0,2591700,81.410962,Interactive,4,7.0
475500,ZXGOZbIjK5v+i0EEHS1SywZP4yiFZ8ZKmsXeJkkPrReMvTBGQ4dNJbBygiRCqes7,56.940121,62.937329000000005,67.11039,0,2591700,81.410962,Interactive,4,7.0
475800,ZXGOZbIjK5v+i0EEHS1SywZP4yiFZ8ZKmsXeJkkPrReMvTBGQ4dNJbBygiRCqes7,56.928049,60.098862,65.240714,0,2591700,81.410962,Interactive,4,7.0
476100,ZXGOZbIjK5v+i0EEHS1SywZP4yiFZ8ZKmsXeJkkPrReMvTBGQ4dNJbBygiRCqes7,56.53358299999999,61.960305000000005,67.370638,0,2591700,81.410962,Interactive,4,7.0
476400,ZXGOZbIjK5v+i0EEHS1SywZP4yiFZ8ZKmsXeJkkPrReMvTBGQ4dNJbBygiRCqes7,56.695631000000006,59.022297,63.638736,0,2591700,81.410962,Interactive,4,7.0
476700,ZXGOZbIjK5v+i0EEHS1SywZP4yiFZ8ZKmsXeJkkPrReMvTBGQ4dNJbBygiRCqes7,57.965636,61.429686,65.61781500000001,0,2591700,81.410962,Interactive,4,7.0
477000,ZXGOZbIjK5v+i0EEHS1SywZP4yiFZ8ZKmsXeJkkPrReMvTBGQ4dNJbBygiRCqes7,56.296771,58.820402,63.915780000000005,0,2591700,81.410962,Interactive,4,7.0
477300,ZXGOZbIjK5v+i0EEHS1SywZP4yiFZ8ZKmsXeJkkPrReMvTBGQ4dNJbBygiRCqes7,55.571917000000006,60.03749499999999,64.32406,0,2591700,81.410962,Interactive,4,7.0
477600,ZXGOZbIjK5v+i0EEHS1SywZP4yiFZ8ZKmsXeJkkPrReMvTBGQ4dNJbBygiRCqes7,55.621738,58.225714,62.789715,0,2591700,81.410962,Interactive,4,7.0
477900,ZXGOZbIjK5v+i0EEHS1SywZP4yiFZ8ZKmsXeJkkPrReMvTBGQ4dNJbBygiRCqes7,53.047511,60.592364,63.844741000000006,0,2591700,81.410962,Interactive,4,7.0
478200,ZXGOZbIjK5v+i0EEHS1SywZP4yiFZ8ZKmsXeJkkPrReMvTBGQ4dNJbBygiRCqes7,48.864163,59.281873,66.317223,0,2591700,81.410962,Interactive,4,7.0
478500,ZXGOZbIjK5v+i0EEHS1SywZP4yiFZ8ZKmsXeJkkPrReMvTBGQ4dNJbBygiRCqes7,57.42456800000001,61.694219,67.51046099999999,0,2591700,81.410962,Interactive,4,7.0
478800,ZXGOZbIjK5v+i0EEHS1SywZP4yiFZ8ZKmsXeJkkPrReMvTBGQ4dNJbBygiRCqes7,55.938384,59.332662,63.695896,0,2591700,81.410962,Interactive,4,7.0
479100,ZXGOZbIjK5v+i0EEHS1SywZP4yiFZ8ZKmsXeJkkPrReMvTBGQ4dNJbBygiRCqes7,59.322672,64.32154399999999,68.31030600000001,0,2591700,81.410962,Interactive,4,7.0
479400,ZXGOZbIjK5v+i0EEHS1SywZP4yiFZ8ZKmsXeJkkPrReMvTBGQ4dNJbBygiRCqes7,55.665966,59.759712,65.992901,0,2591700,81.410962,Interactive,4,7.0
479700,ZXGOZbIjK5v+i0EEHS1SywZP4yiFZ8ZKmsXeJkkPrReMvTBGQ4dNJbBygiRCqes7,56.75137,63.845949,68.490444,0,2591700,81.410962,Interactive,4,7.0
480000,ZXGOZbIjK5v+i0EEHS1SywZP4yiFZ8ZKmsXeJkkPrReMvTBGQ4dNJbBygiRCqes7,55.844386,60.41629399999999,65.953101,0,2591700,81.410962,Interactive,4,7.0
480300,ZXGOZbIjK5v+i0EEHS1SywZP4yiFZ8ZKmsXeJkkPrReMvTBGQ4dNJbBygiRCqes7,58.63896999999999,62.425836,67.728362,0,2591700,81.410962,Interactive,4,7.0
480600,ZXGOZbIjK5v+i0EEHS1SywZP4yiFZ8ZKmsXeJkkPrReMvTBGQ4dNJbBygiRCqes7,58.311565,62.04458,66.30314399999999,0,2591700,81.410962,Interactive,4,7.0
480900,ZXGOZbIjK5v+i0EEHS1SywZP4yiFZ8ZKmsXeJkkPrReMvTBGQ4dNJbBygiRCqes7,57.136337,61.870361,67.277046,0,2591700,81.410962,Interactive,4,7.0
481200,ZXGOZbIjK5v+i0EEHS1SywZP4yiFZ8ZKmsXeJkkPrReMvTBGQ4dNJbBygiRCqes7,57.762426,62.047206,66.343096,0,2591700,81.410962,Interactive,4,7.0
481500,ZXGOZbIjK5v+i0EEHS1SywZP4yiFZ8ZKmsXeJkkPrReMvTBGQ4dNJbBygiRCqes7,54.726746,60.573299,64.654985,0,2591700,81.410962,Interactive,4,7.0
481800,ZXGOZbIjK5v+i0EEHS1SywZP4yiFZ8ZKmsXeJkkPrReMvTBGQ4dNJbBygiRCqes7,59.22172,62.917699,67.20719100000001,0,2591700,81.410962,Interactive,4,7.0
482100,ZXGOZbIjK5v+i0EEHS1SywZP4yiFZ8ZKmsXeJkkPrReMvTBGQ4dNJbBygiRCqes7,57.642031,61.183377,66.821496,0,2591700,81.410962,Interactive,4,7.0
482400,ZXGOZbIjK5v+i0EEHS1SywZP4yiFZ8ZKmsXeJkkPrReMvTBGQ4dNJbBygiRCqes7,57.33284200000001,61.48883000000001,66.283484,0,2591700,81.410962,Interactive,4,7.0
482700,ZXGOZbIjK5v+i0EEHS1SywZP4yiFZ8ZKmsXeJkkPrReMvTBGQ4dNJbBygiRCqes7,55.750902,58.910398,65.093807,0,2591700,81.410962,Interactive,4,7.0
483000,ZXGOZbIjK5v+i0EEHS1SywZP4yiFZ8ZKmsXeJkkPrReMvTBGQ4dNJbBygiRCqes7,58.380908,62.336504000000005,67.560046,0,2591700,81.410962,Interactive,4,7.0
483300,ZXGOZbIjK5v+i0EEHS1SywZP4yiFZ8ZKmsXeJkkPrReMvTBGQ4dNJbBygiRCqes7,58.824374,61.2121,64.931972,0,2591700,81.410962,Interactive,4,7.0
483600,ZXGOZbIjK5v+i0EEHS1SywZP4yiFZ8ZKmsXeJkkPrReMvTBGQ4dNJbBygiRCqes7,59.348095,62.38174300000001,65.76675300000001,0,2591700,81.410962,Interactive,4,7.0
483900,ZXGOZbIjK5v+i0EEHS1SywZP4yiFZ8ZKmsXeJkkPrReMvTBGQ4dNJbBygiRCqes7,57.809062,60.779984,64.753718,0,2591700,81.410962,Interactive,4,7.0
484200,ZXGOZbIjK5v+i0EEHS1SywZP4yiFZ8ZKmsXeJkkPrReMvTBGQ4dNJbBygiRCqes7,58.43770799999999,62.187129000000006,65.970947,0,2591700,81.410962,Interactive,4,7.0
484500,ZXGOZbIjK5v+i0EEHS1SywZP4yiFZ8ZKmsXeJkkPrReMvTBGQ4dNJbBygiRCqes7,55.593102,59.936915,64.972349,0,2591700,81.410962,Interactive,4,7.0
484800,ZXGOZbIjK5v+i0EEHS1SywZP4yiFZ8ZKmsXeJkkPrReMvTBGQ4dNJbBygiRCqes7,54.878541000000006,59.679073,62.395373,0,2591700,81.410962,Interactive,4,7.0
485100,ZXGOZbIjK5v+i0EEHS1SywZP4yiFZ8ZKmsXeJkkPrReMvTBGQ4dNJbBygiRCqes7,57.630921,61.160099,65.115902,0,2591700,81.410962,Interactive,4,7.0
485400,ZXGOZbIjK5v+i0EEHS1SywZP4yiFZ8ZKmsXeJkkPrReMvTBGQ4dNJbBygiRCqes7,53.948974,60.35139,64.934235,0,2591700,81.410962,Interactive,4,7.0
485700,ZXGOZbIjK5v+i0EEHS1SywZP4yiFZ8ZKmsXeJkkPrReMvTBGQ4dNJbBygiRCqes7,56.420716000000006,60.199176,63.948189,0,2591700,81.410962,Interactive,4,7.0
486000,ZXGOZbIjK5v+i0EEHS1SywZP4yiFZ8ZKmsXeJkkPrReMvTBGQ4dNJbBygiRCqes7,57.395259,61.543062,67.730553,0,2591700,81.410962,Interactive,4,7.0
486300,ZXGOZbIjK5v+i0EEHS1SywZP4yiFZ8ZKmsXeJkkPrReMvTBGQ4dNJbBygiRCqes7,58.09157,61.98868,65.863569,0,2591700,81.410962,Interactive,4,7.0
486600,ZXGOZbIjK5v+i0EEHS1SywZP4yiFZ8ZKmsXeJkkPrReMvTBGQ4dNJbBygiRCqes7,60.319009,64.057304,72.52975500000001,0,2591700,81.410962,Interactive,4,7.0
486900,ZXGOZbIjK5v+i0EEHS1SywZP4yiFZ8ZKmsXeJkkPrReMvTBGQ4dNJbBygiRCqes7,55.468168000000006,59.697805,64.054811,0,2591700,81.410962,Interactive,4,7.0
487200,ZXGOZbIjK5v+i0EEHS1SywZP4yiFZ8ZKmsXeJkkPrReMvTBGQ4dNJbBygiRCqes7,57.496948,62.275221,67.13584300000001,0,2591700,81.410962,Interactive,4,7.0
487500,ZXGOZbIjK5v+i0EEHS1SywZP4yiFZ8ZKmsXeJkkPrReMvTBGQ4dNJbBygiRCqes7,56.928667,60.2653,64.49623299999999,0,2591700,81.410962,Interactive,4,7.0
487800,ZXGOZbIjK5v+i0EEHS1SywZP4yiFZ8ZKmsXeJkkPrReMvTBGQ4dNJbBygiRCqes7,60.869433,64.087698,69.35554300000001,0,2591700,81.410962,Interactive,4,7.0
488100,ZXGOZbIjK5v+i0EEHS1SywZP4yiFZ8ZKmsXeJkkPrReMvTBGQ4dNJbBygiRCqes7,55.019947,60.214541,65.857372,0,2591700,81.410962,Interactive,4,7.0
488400,ZXGOZbIjK5v+i0EEHS1SywZP4yiFZ8ZKmsXeJkkPrReMvTBGQ4dNJbBygiRCqes7,56.881496,62.006189,66.70410600000001,0,2591700,81.410962,Interactive,4,7.0
488700,ZXGOZbIjK5v+i0EEHS1SywZP4yiFZ8ZKmsXeJkkPrReMvTBGQ4dNJbBygiRCqes7,56.213819,60.316398,65.47243900000001,0,2591700,81.410962,Interactive,4,7.0
489000,ZXGOZbIjK5v+i0EEHS1SywZP4yiFZ8ZKmsXeJkkPrReMvTBGQ4dNJbBygiRCqes7,58.746711,62.742121,68.027938,0,2591700,81.410962,Interactive,4,7.0
489300,ZXGOZbIjK5v+i0EEHS1SywZP4yiFZ8ZKmsXeJkkPrReMvTBGQ4dNJbBygiRCqes7,56.455602,60.643125,66.146398,0,2591700,81.410962,Interactive,4,7.0
489600,ZXGOZbIjK5v+i0EEHS1SywZP4yiFZ8ZKmsXeJkkPrReMvTBGQ4dNJbBygiRCqes7,55.228689,59.920528,66.197921,0,2591700,81.410962,Interactive,4,7.0
489900,ZXGOZbIjK5v+i0EEHS1SywZP4yiFZ8ZKmsXeJkkPrReMvTBGQ4dNJbBygiRCqes7,55.552921,58.41141700000001,62.104175,0,2591700,81.410962,Interactive,4,7.0
490200,ZXGOZbIjK5v+i0EEHS1SywZP4yiFZ8ZKmsXeJkkPrReMvTBGQ4dNJbBygiRCqes7,57.78599200000001,61.840196,66.41458100000001,0,2591700,81.410962,Interactive,4,7.0
490500,ZXGOZbIjK5v+i0EEHS1SywZP4yiFZ8ZKmsXeJkkPrReMvTBGQ4dNJbBygiRCqes7,54.613461,58.308585,63.380965,0,2591700,81.410962,Interactive,4,7.0
490800,ZXGOZbIjK5v+i0EEHS1SywZP4yiFZ8ZKmsXeJkkPrReMvTBGQ4dNJbBygiRCqes7,55.633462,60.661188,65.38906899999999,0,2591700,81.410962,Interactive,4,7.0
491100,ZXGOZbIjK5v+i0EEHS1SywZP4yiFZ8ZKmsXeJkkPrReMvTBGQ4dNJbBygiRCqes7,58.657932,61.215663,64.80648599999999,0,2591700,81.410962,Interactive,4,7.0
491400,ZXGOZbIjK5v+i0EEHS1SywZP4yiFZ8ZKmsXeJkkPrReMvTBGQ4dNJbBygiRCqes7,60.088437,62.616803,67.469639,0,2591700,81.410962,Interactive,4,7.0
491700,ZXGOZbIjK5v+i0EEHS1SywZP4yiFZ8ZKmsXeJkkPrReMvTBGQ4dNJbBygiRCqes7,58.855482,62.856199,67.676763,0,2591700,81.410962,Interactive,4,7.0
492000,ZXGOZbIjK5v+i0EEHS1SywZP4yiFZ8ZKmsXeJkkPrReMvTBGQ4dNJbBygiRCqes7,59.610236,62.1659,67.29011899999999,0,2591700,81.410962,Interactive,4,7.0
492300,ZXGOZbIjK5v+i0EEHS1SywZP4yiFZ8ZKmsXeJkkPrReMvTBGQ4dNJbBygiRCqes7,57.337712,61.71390699999999,66.931853,0,2591700,81.410962,Interactive,4,7.0
492600,ZXGOZbIjK5v+i0EEHS1SywZP4yiFZ8ZKmsXeJkkPrReMvTBGQ4dNJbBygiRCqes7,57.974964,62.94064300000001,66.029474,0,2591700,81.410962,Interactive,4,7.0
492900,ZXGOZbIjK5v+i0EEHS1SywZP4yiFZ8ZKmsXeJkkPrReMvTBGQ4dNJbBygiRCqes7,58.397878000000006,62.910736,66.9106,0,2591700,81.410962,Interactive,4,7.0
493200,ZXGOZbIjK5v+i0EEHS1SywZP4yiFZ8ZKmsXeJkkPrReMvTBGQ4dNJbBygiRCqes7,59.9552,63.824994,66.933523,0,2591700,81.410962,Interactive,4,7.0
493500,ZXGOZbIjK5v+i0EEHS1SywZP4yiFZ8ZKmsXeJkkPrReMvTBGQ4dNJbBygiRCqes7,56.647076,61.555471,66.722564,0,2591700,81.410962,Interactive,4,7.0
493800,ZXGOZbIjK5v+i0EEHS1SywZP4yiFZ8ZKmsXeJkkPrReMvTBGQ4dNJbBygiRCqes7,59.368084,62.527884,66.694312,0,2591700,81.410962,Interactive,4,7.0
494100,ZXGOZbIjK5v+i0EEHS1SywZP4yiFZ8ZKmsXeJkkPrReMvTBGQ4dNJbBygiRCqes7,58.40685500000001,62.424422,68.046436,0,2591700,81.410962,Interactive,4,7.0
494400,ZXGOZbIjK5v+i0EEHS1SywZP4yiFZ8ZKmsXeJkkPrReMvTBGQ4dNJbBygiRCqes7,58.314665000000005,61.249396,66.92065500000001,0,2591700,81.410962,Interactive,4,7.0
494700,ZXGOZbIjK5v+i0EEHS1SywZP4yiFZ8ZKmsXeJkkPrReMvTBGQ4dNJbBygiRCqes7,56.87118100000001,60.903136,65.876824,0,2591700,81.410962,Interactive,4,7.0
495000,ZXGOZbIjK5v+i0EEHS1SywZP4yiFZ8ZKmsXeJkkPrReMvTBGQ4dNJbBygiRCqes7,56.411036,60.648998,64.906131,0,2591700,81.410962,Interactive,4,7.0
495300,ZXGOZbIjK5v+i0EEHS1SywZP4yiFZ8ZKmsXeJkkPrReMvTBGQ4dNJbBygiRCqes7,57.294893,60.744574,66.11046800000001,0,2591700,81.410962,Interactive,4,7.0
495600,ZXGOZbIjK5v+i0EEHS1SywZP4yiFZ8ZKmsXeJkkPrReMvTBGQ4dNJbBygiRCqes7,57.972768,60.780172,64.03713,0,2591700,81.410962,Interactive,4,7.0
495900,ZXGOZbIjK5v+i0EEHS1SywZP4yiFZ8ZKmsXeJkkPrReMvTBGQ4dNJbBygiRCqes7,58.029626,61.741112,66.591652,0,2591700,81.410962,Interactive,4,7.0
496200,ZXGOZbIjK5v+i0EEHS1SywZP4yiFZ8ZKmsXeJkkPrReMvTBGQ4dNJbBygiRCqes7,58.46264300000001,61.137676,65.376334,0,2591700,81.410962,Interactive,4,7.0
496500,ZXGOZbIjK5v+i0EEHS1SywZP4yiFZ8ZKmsXeJkkPrReMvTBGQ4dNJbBygiRCqes7,58.203343,61.738063,65.992867,0,2591700,81.410962,Interactive,4,7.0
496800,ZXGOZbIjK5v+i0EEHS1SywZP4yiFZ8ZKmsXeJkkPrReMvTBGQ4dNJbBygiRCqes7,59.053686,62.415649,66.774874,0,2591700,81.410962,Interactive,4,7.0
497100,ZXGOZbIjK5v+i0EEHS1SywZP4yiFZ8ZKmsXeJkkPrReMvTBGQ4dNJbBygiRCqes7,58.68226,63.183707,67.93600699999999,0,2591700,81.410962,Interactive,4,7.0
497400,ZXGOZbIjK5v+i0EEHS1SywZP4yiFZ8ZKmsXeJkkPrReMvTBGQ4dNJbBygiRCqes7,58.426193000000005,60.959146,65.325563,0,2591700,81.410962,Interactive,4,7.0
497700,ZXGOZbIjK5v+i0EEHS1SywZP4yiFZ8ZKmsXeJkkPrReMvTBGQ4dNJbBygiRCqes7,56.074024,62.167455,66.881658,0,2591700,81.410962,Interactive,4,7.0
498000,ZXGOZbIjK5v+i0EEHS1SywZP4yiFZ8ZKmsXeJkkPrReMvTBGQ4dNJbBygiRCqes7,59.883267,62.900564,67.086925,0,2591700,81.410962,Interactive,4,7.0
498300,ZXGOZbIjK5v+i0EEHS1SywZP4yiFZ8ZKmsXeJkkPrReMvTBGQ4dNJbBygiRCqes7,57.078146,62.346215,68.301152,0,2591700,81.410962,Interactive,4,7.0
498600,ZXGOZbIjK5v+i0EEHS1SywZP4yiFZ8ZKmsXeJkkPrReMvTBGQ4dNJbBygiRCqes7,60.645999,63.019127000000005,66.778997,0,2591700,81.410962,Interactive,4,7.0
498900,ZXGOZbIjK5v+i0EEHS1SywZP4yiFZ8ZKmsXeJkkPrReMvTBGQ4dNJbBygiRCqes7,57.75931,62.572714000000005,66.446021,0,2591700,81.410962,Interactive,4,7.0
499200,ZXGOZbIjK5v+i0EEHS1SywZP4yiFZ8ZKmsXeJkkPrReMvTBGQ4dNJbBygiRCqes7,60.968374,63.534046,66.526076,0,2591700,81.410962,Interactive,4,7.0
499500,ZXGOZbIjK5v+i0EEHS1SywZP4yiFZ8ZKmsXeJkkPrReMvTBGQ4dNJbBygiRCqes7,60.138913,62.8008,65.83410400000001,0,2591700,81.410962,Interactive,4,7.0
499800,ZXGOZbIjK5v+i0EEHS1SywZP4yiFZ8ZKmsXeJkkPrReMvTBGQ4dNJbBygiRCqes7,60.245366,62.24799300000001,65.56720899999999,0,2591700,81.410962,Interactive,4,7.0
500100,ZXGOZbIjK5v+i0EEHS1SywZP4yiFZ8ZKmsXeJkkPrReMvTBGQ4dNJbBygiRCqes7,58.702892000000006,62.029338,66.748436,0,2591700,81.410962,Interactive,4,7.0
500400,ZXGOZbIjK5v+i0EEHS1SywZP4yiFZ8ZKmsXeJkkPrReMvTBGQ4dNJbBygiRCqes7,59.750289,62.253862,64.93716500000001,0,2591700,81.410962,Interactive,4,7.0
500700,ZXGOZbIjK5v+i0EEHS1SywZP4yiFZ8ZKmsXeJkkPrReMvTBGQ4dNJbBygiRCqes7,59.472312,62.95686800000001,67.427693,0,2591700,81.410962,Interactive,4,7.0
501000,ZXGOZbIjK5v+i0EEHS1SywZP4yiFZ8ZKmsXeJkkPrReMvTBGQ4dNJbBygiRCqes7,57.081867,61.83033199999999,66.79758100000001,0,2591700,81.410962,Interactive,4,7.0
501300,ZXGOZbIjK5v+i0EEHS1SywZP4yiFZ8ZKmsXeJkkPrReMvTBGQ4dNJbBygiRCqes7,58.063797,61.607397,66.494489,0,2591700,81.410962,Interactive,4,7.0
501600,ZXGOZbIjK5v+i0EEHS1SywZP4yiFZ8ZKmsXeJkkPrReMvTBGQ4dNJbBygiRCqes7,57.548241,61.008841,65.275734,0,2591700,81.410962,Interactive,4,7.0
501900,ZXGOZbIjK5v+i0EEHS1SywZP4yiFZ8ZKmsXeJkkPrReMvTBGQ4dNJbBygiRCqes7,54.786228,59.027663,64.005997,0,2591700,81.410962,Interactive,4,7.0
502200,ZXGOZbIjK5v+i0EEHS1SywZP4yiFZ8ZKmsXeJkkPrReMvTBGQ4dNJbBygiRCqes7,57.787141000000005,61.741632,65.292804,0,2591700,81.410962,Interactive,4,7.0
502500,ZXGOZbIjK5v+i0EEHS1SywZP4yiFZ8ZKmsXeJkkPrReMvTBGQ4dNJbBygiRCqes7,57.171995,59.326524,63.38544,0,2591700,81.410962,Interactive,4,7.0
502800,ZXGOZbIjK5v+i0EEHS1SywZP4yiFZ8ZKmsXeJkkPrReMvTBGQ4dNJbBygiRCqes7,60.307888,63.229882,66.182428,0,2591700,81.410962,Interactive,4,7.0
503100,ZXGOZbIjK5v+i0EEHS1SywZP4yiFZ8ZKmsXeJkkPrReMvTBGQ4dNJbBygiRCqes7,59.202951,61.216447,65.94321,0,2591700,81.410962,Interactive,4,7.0
503400,ZXGOZbIjK5v+i0EEHS1SywZP4yiFZ8ZKmsXeJkkPrReMvTBGQ4dNJbBygiRCqes7,60.172031,63.858169,68.399854,0,2591700,81.410962,Interactive,4,7.0
503700,ZXGOZbIjK5v+i0EEHS1SywZP4yiFZ8ZKmsXeJkkPrReMvTBGQ4dNJbBygiRCqes7,58.071507,61.09241,64.597874,0,2591700,81.410962,Interactive,4,7.0
504000,ZXGOZbIjK5v+i0EEHS1SywZP4yiFZ8ZKmsXeJkkPrReMvTBGQ4dNJbBygiRCqes7,61.188666000000005,64.020273,68.1644,0,2591700,81.410962,Interactive,4,7.0
504300,ZXGOZbIjK5v+i0EEHS1SywZP4yiFZ8ZKmsXeJkkPrReMvTBGQ4dNJbBygiRCqes7,56.72304499999999,60.033046,63.534734,0,2591700,81.410962,Interactive,4,7.0
504600,ZXGOZbIjK5v+i0EEHS1SywZP4yiFZ8ZKmsXeJkkPrReMvTBGQ4dNJbBygiRCqes7,58.740072,64.091502,68.840899,0,2591700,81.410962,Interactive,4,7.0
504900,ZXGOZbIjK5v+i0EEHS1SywZP4yiFZ8ZKmsXeJkkPrReMvTBGQ4dNJbBygiRCqes7,58.55872900000001,61.786563,65.32690699999999,0,2591700,81.410962,Interactive,4,7.0
505200,ZXGOZbIjK5v+i0EEHS1SywZP4yiFZ8ZKmsXeJkkPrReMvTBGQ4dNJbBygiRCqes7,59.641907,63.264062,67.325056,0,2591700,81.410962,Interactive,4,7.0
505500,ZXGOZbIjK5v+i0EEHS1SywZP4yiFZ8ZKmsXeJkkPrReMvTBGQ4dNJbBygiRCqes7,55.933423,59.621322,64.875514,0,2591700,81.410962,Interactive,4,7.0
505800,ZXGOZbIjK5v+i0EEHS1SywZP4yiFZ8ZKmsXeJkkPrReMvTBGQ4dNJbBygiRCqes7,56.980456,62.697725,67.922038,0,2591700,81.410962,Interactive,4,7.0
506100,ZXGOZbIjK5v+i0EEHS1SywZP4yiFZ8ZKmsXeJkkPrReMvTBGQ4dNJbBygiRCqes7,55.167746,58.794085,63.532389,0,2591700,81.410962,Interactive,4,7.0
506400,ZXGOZbIjK5v+i0EEHS1SywZP4yiFZ8ZKmsXeJkkPrReMvTBGQ4dNJbBygiRCqes7,58.333215,63.370362,68.416537,0,2591700,81.410962,Interactive,4,7.0
506700,ZXGOZbIjK5v+i0EEHS1SywZP4yiFZ8ZKmsXeJkkPrReMvTBGQ4dNJbBygiRCqes7,58.398529,60.105376,63.028359,0,2591700,81.410962,Interactive,4,7.0
507000,ZXGOZbIjK5v+i0EEHS1SywZP4yiFZ8ZKmsXeJkkPrReMvTBGQ4dNJbBygiRCqes7,61.05844,64.19704300000001,71.212914,0,2591700,81.410962,Interactive,4,7.0
507300,ZXGOZbIjK5v+i0EEHS1SywZP4yiFZ8ZKmsXeJkkPrReMvTBGQ4dNJbBygiRCqes7,58.507583,61.81089300000001,65.581025,0,2591700,81.410962,Interactive,4,7.0
507600,ZXGOZbIjK5v+i0EEHS1SywZP4yiFZ8ZKmsXeJkkPrReMvTBGQ4dNJbBygiRCqes7,61.487076,64.773452,69.643567,0,2591700,81.410962,Interactive,4,7.0
507900,ZXGOZbIjK5v+i0EEHS1SywZP4yiFZ8ZKmsXeJkkPrReMvTBGQ4dNJbBygiRCqes7,55.969892,60.04389200000001,65.820409,0,2591700,81.410962,Interactive,4,7.0
508200,ZXGOZbIjK5v+i0EEHS1SywZP4yiFZ8ZKmsXeJkkPrReMvTBGQ4dNJbBygiRCqes7,59.771446,63.455446,67.15856,0,2591700,81.410962,Interactive,4,7.0
508500,ZXGOZbIjK5v+i0EEHS1SywZP4yiFZ8ZKmsXeJkkPrReMvTBGQ4dNJbBygiRCqes7,58.38879,61.648341,66.014432,0,2591700,81.410962,Interactive,4,7.0
508800,ZXGOZbIjK5v+i0EEHS1SywZP4yiFZ8ZKmsXeJkkPrReMvTBGQ4dNJbBygiRCqes7,59.184975,63.24574499999999,67.392684,0,2591700,81.410962,Interactive,4,7.0
509100,ZXGOZbIjK5v+i0EEHS1SywZP4yiFZ8ZKmsXeJkkPrReMvTBGQ4dNJbBygiRCqes7,59.50851,62.338142000000005,66.468323,0,2591700,81.410962,Interactive,4,7.0
509400,ZXGOZbIjK5v+i0EEHS1SywZP4yiFZ8ZKmsXeJkkPrReMvTBGQ4dNJbBygiRCqes7,59.012117,61.939647,65.960593,0,2591700,81.410962,Interactive,4,7.0
509700,ZXGOZbIjK5v+i0EEHS1SywZP4yiFZ8ZKmsXeJkkPrReMvTBGQ4dNJbBygiRCqes7,56.574339,63.635016,85.944524,0,2591700,81.410962,Interactive,4,7.0
510000,ZXGOZbIjK5v+i0EEHS1SywZP4yiFZ8ZKmsXeJkkPrReMvTBGQ4dNJbBygiRCqes7,54.610742,59.504885,64.244138,0,2591700,81.410962,Interactive,4,7.0
510300,ZXGOZbIjK5v+i0EEHS1SywZP4yiFZ8ZKmsXeJkkPrReMvTBGQ4dNJbBygiRCqes7,54.082634,58.725551,64.33101500000001,0,2591700,81.410962,Interactive,4,7.0
510600,ZXGOZbIjK5v+i0EEHS1SywZP4yiFZ8ZKmsXeJkkPrReMvTBGQ4dNJbBygiRCqes7,57.34174599999999,60.729404,66.226076,0,2591700,81.410962,Interactive,4,7.0
510900,ZXGOZbIjK5v+i0EEHS1SywZP4yiFZ8ZKmsXeJkkPrReMvTBGQ4dNJbBygiRCqes7,58.380158,61.449705,68.323514,0,2591700,81.410962,Interactive,4,7.0
511200,ZXGOZbIjK5v+i0EEHS1SywZP4yiFZ8ZKmsXeJkkPrReMvTBGQ4dNJbBygiRCqes7,58.530186,62.354176,67.603482,0,2591700,81.410962,Interactive,4,7.0
511500,ZXGOZbIjK5v+i0EEHS1SywZP4yiFZ8ZKmsXeJkkPrReMvTBGQ4dNJbBygiRCqes7,57.200273,61.620327,66.20030799999999,0,2591700,81.410962,Interactive,4,7.0
511800,ZXGOZbIjK5v+i0EEHS1SywZP4yiFZ8ZKmsXeJkkPrReMvTBGQ4dNJbBygiRCqes7,54.85161899999999,64.37217,87.050561,0,2591700,81.410962,Interactive,4,7.0
512100,ZXGOZbIjK5v+i0EEHS1SywZP4yiFZ8ZKmsXeJkkPrReMvTBGQ4dNJbBygiRCqes7,58.723961,62.299069,67.383009,0,2591700,81.410962,Interactive,4,7.0
512400,ZXGOZbIjK5v+i0EEHS1SywZP4yiFZ8ZKmsXeJkkPrReMvTBGQ4dNJbBygiRCqes7,60.31826,63.748837,68.33667,0,2591700,81.410962,Interactive,4,7.0
512700,ZXGOZbIjK5v+i0EEHS1SywZP4yiFZ8ZKmsXeJkkPrReMvTBGQ4dNJbBygiRCqes7,60.259515,62.967438,68.050875,0,2591700,81.410962,Interactive,4,7.0
513000,ZXGOZbIjK5v+i0EEHS1SywZP4yiFZ8ZKmsXeJkkPrReMvTBGQ4dNJbBygiRCqes7,59.942188,63.05146,68.165113,0,2591700,81.410962,Interactive,4,7.0
513300,ZXGOZbIjK5v+i0EEHS1SywZP4yiFZ8ZKmsXeJkkPrReMvTBGQ4dNJbBygiRCqes7,59.057464,62.941411,67.247514,0,2591700,81.410962,Interactive,4,7.0
513600,ZXGOZbIjK5v+i0EEHS1SywZP4yiFZ8ZKmsXeJkkPrReMvTBGQ4dNJbBygiRCqes7,54.738988,62.368895,66.781147,0,2591700,81.410962,Interactive,4,7.0
513900,ZXGOZbIjK5v+i0EEHS1SywZP4yiFZ8ZKmsXeJkkPrReMvTBGQ4dNJbBygiRCqes7,58.097814,61.984777,65.064412,0,2591700,81.410962,Interactive,4,7.0
514200,ZXGOZbIjK5v+i0EEHS1SywZP4yiFZ8ZKmsXeJkkPrReMvTBGQ4dNJbBygiRCqes7,59.60927,62.371584,66.744656,0,2591700,81.410962,Interactive,4,7.0
514500,ZXGOZbIjK5v+i0EEHS1SywZP4yiFZ8ZKmsXeJkkPrReMvTBGQ4dNJbBygiRCqes7,57.699603,61.263616000000006,64.937097,0,2591700,81.410962,Interactive,4,7.0
514800,ZXGOZbIjK5v+i0EEHS1SywZP4yiFZ8ZKmsXeJkkPrReMvTBGQ4dNJbBygiRCqes7,58.96260699999999,63.194368,66.968233,0,2591700,81.410962,Interactive,4,7.0
515100,ZXGOZbIjK5v+i0EEHS1SywZP4yiFZ8ZKmsXeJkkPrReMvTBGQ4dNJbBygiRCqes7,57.455823,61.610309,66.592416,0,2591700,81.410962,Interactive,4,7.0
515400,ZXGOZbIjK5v+i0EEHS1SywZP4yiFZ8ZKmsXeJkkPrReMvTBGQ4dNJbBygiRCqes7,58.456506000000005,62.273596,67.037227,0,2591700,81.410962,Interactive,4,7.0
515700,ZXGOZbIjK5v+i0EEHS1SywZP4yiFZ8ZKmsXeJkkPrReMvTBGQ4dNJbBygiRCqes7,57.660262,60.962973,65.016566,0,2591700,81.410962,Interactive,4,7.0
516000,ZXGOZbIjK5v+i0EEHS1SywZP4yiFZ8ZKmsXeJkkPrReMvTBGQ4dNJbBygiRCqes7,58.39247,62.040799,66.397318,0,2591700,81.410962,Interactive,4,7.0
516300,ZXGOZbIjK5v+i0EEHS1SywZP4yiFZ8ZKmsXeJkkPrReMvTBGQ4dNJbBygiRCqes7,57.671424,61.098466,65.572461,0,2591700,81.410962,Interactive,4,7.0
516600,ZXGOZbIjK5v+i0EEHS1SywZP4yiFZ8ZKmsXeJkkPrReMvTBGQ4dNJbBygiRCqes7,59.23155799999999,62.95180799999999,67.264898,0,2591700,81.410962,Interactive,4,7.0
516900,ZXGOZbIjK5v+i0EEHS1SywZP4yiFZ8ZKmsXeJkkPrReMvTBGQ4dNJbBygiRCqes7,60.513044,63.245679,67.291714,0,2591700,81.410962,Interactive,4,7.0
517200,ZXGOZbIjK5v+i0EEHS1SywZP4yiFZ8ZKmsXeJkkPrReMvTBGQ4dNJbBygiRCqes7,60.540275,63.430738,67.742579,0,2591700,81.410962,Interactive,4,7.0
517500,ZXGOZbIjK5v+i0EEHS1SywZP4yiFZ8ZKmsXeJkkPrReMvTBGQ4dNJbBygiRCqes7,58.53540699999999,62.625377,66.883095,0,2591700,81.410962,Interactive,4,7.0
517800,ZXGOZbIjK5v+i0EEHS1SywZP4yiFZ8ZKmsXeJkkPrReMvTBGQ4dNJbBygiRCqes7,59.632358,62.804211,67.698729,0,2591700,81.410962,Interactive,4,7.0
518100,ZXGOZbIjK5v+i0EEHS1SywZP4yiFZ8ZKmsXeJkkPrReMvTBGQ4dNJbBygiRCqes7,59.942751,62.79026,66.537286,0,2591700,81.410962,Interactive,4,7.0
518400,ZXGOZbIjK5v+i0EEHS1SywZP4yiFZ8ZKmsXeJkkPrReMvTBGQ4dNJbBygiRCqes7,56.59151,61.065181,66.850702,0,2591700,81.410962,Interactive,4,7.0
518700,ZXGOZbIjK5v+i0EEHS1SywZP4yiFZ8ZKmsXeJkkPrReMvTBGQ4dNJbBygiRCqes7,59.003714,61.822355,65.515863,0,2591700,81.410962,Interactive,4,7.0
519000,ZXGOZbIjK5v+i0EEHS1SywZP4yiFZ8ZKmsXeJkkPrReMvTBGQ4dNJbBygiRCqes7,57.533668000000006,61.513327,65.991381,0,2591700,81.410962,Interactive,4,7.0
519300,ZXGOZbIjK5v+i0EEHS1SywZP4yiFZ8ZKmsXeJkkPrReMvTBGQ4dNJbBygiRCqes7,59.86780400000001,63.052451,66.566338,0,2591700,81.410962,Interactive,4,7.0
519600,ZXGOZbIjK5v+i0EEHS1SywZP4yiFZ8ZKmsXeJkkPrReMvTBGQ4dNJbBygiRCqes7,57.913479,62.730622,67.527086,0,2591700,81.410962,Interactive,4,7.0
519900,ZXGOZbIjK5v+i0EEHS1SywZP4yiFZ8ZKmsXeJkkPrReMvTBGQ4dNJbBygiRCqes7,58.827195,62.676608,71.72029599999999,0,2591700,81.410962,Interactive,4,7.0
520200,ZXGOZbIjK5v+i0EEHS1SywZP4yiFZ8ZKmsXeJkkPrReMvTBGQ4dNJbBygiRCqes7,58.326884,61.550899,66.445362,0,2591700,81.410962,Interactive,4,7.0
520500,ZXGOZbIjK5v+i0EEHS1SywZP4yiFZ8ZKmsXeJkkPrReMvTBGQ4dNJbBygiRCqes7,57.687553,60.314659,64.255048,0,2591700,81.410962,Interactive,4,7.0
520800,ZXGOZbIjK5v+i0EEHS1SywZP4yiFZ8ZKmsXeJkkPrReMvTBGQ4dNJbBygiRCqes7,58.004569,63.294899,68.68445600000001,0,2591700,81.410962,Interactive,4,7.0
521100,ZXGOZbIjK5v+i0EEHS1SywZP4yiFZ8ZKmsXeJkkPrReMvTBGQ4dNJbBygiRCqes7,57.885991,60.443596,66.356139,0,2591700,81.410962,Interactive,4,7.0
521400,ZXGOZbIjK5v+i0EEHS1SywZP4yiFZ8ZKmsXeJkkPrReMvTBGQ4dNJbBygiRCqes7,57.809591000000005,64.215345,69.710717,0,2591700,81.410962,Interactive,4,7.0
521700,ZXGOZbIjK5v+i0EEHS1SywZP4yiFZ8ZKmsXeJkkPrReMvTBGQ4dNJbBygiRCqes7,58.716367000000005,61.320406000000006,66.589249,0,2591700,81.410962,Interactive,4,7.0
522000,ZXGOZbIjK5v+i0EEHS1SywZP4yiFZ8ZKmsXeJkkPrReMvTBGQ4dNJbBygiRCqes7,58.50119399999999,64.247252,68.153867,0,2591700,81.410962,Interactive,4,7.0
522300,ZXGOZbIjK5v+i0EEHS1SywZP4yiFZ8ZKmsXeJkkPrReMvTBGQ4dNJbBygiRCqes7,58.331015,61.113685,65.40731099999999,0,2591700,81.410962,Interactive,4,7.0
522600,ZXGOZbIjK5v+i0EEHS1SywZP4yiFZ8ZKmsXeJkkPrReMvTBGQ4dNJbBygiRCqes7,57.281464,61.803877,65.867713,0,2591700,81.410962,Interactive,4,7.0
522900,ZXGOZbIjK5v+i0EEHS1SywZP4yiFZ8ZKmsXeJkkPrReMvTBGQ4dNJbBygiRCqes7,58.113227,60.481664,65.25578900000001,0,2591700,81.410962,Interactive,4,7.0
523200,ZXGOZbIjK5v+i0EEHS1SywZP4yiFZ8ZKmsXeJkkPrReMvTBGQ4dNJbBygiRCqes7,57.682567000000006,64.312607,77.114817,0,2591700,81.410962,Interactive,4,7.0
523500,ZXGOZbIjK5v+i0EEHS1SywZP4yiFZ8ZKmsXeJkkPrReMvTBGQ4dNJbBygiRCqes7,58.82863199999999,61.806227,66.424495,0,2591700,81.410962,Interactive,4,7.0
523800,ZXGOZbIjK5v+i0EEHS1SywZP4yiFZ8ZKmsXeJkkPrReMvTBGQ4dNJbBygiRCqes7,59.083337,63.649228,69.321467,0,2591700,81.410962,Interactive,4,7.0
524100,ZXGOZbIjK5v+i0EEHS1SywZP4yiFZ8ZKmsXeJkkPrReMvTBGQ4dNJbBygiRCqes7,59.95213,62.098407,66.12704599999999,0,2591700,81.410962,Interactive,4,7.0
524400,ZXGOZbIjK5v+i0EEHS1SywZP4yiFZ8ZKmsXeJkkPrReMvTBGQ4dNJbBygiRCqes7,59.935938,62.89891899999999,66.935136,0,2591700,81.410962,Interactive,4,7.0
524700,ZXGOZbIjK5v+i0EEHS1SywZP4yiFZ8ZKmsXeJkkPrReMvTBGQ4dNJbBygiRCqes7,58.313709,62.504423,66.338952,0,2591700,81.410962,Interactive,4,7.0
525000,ZXGOZbIjK5v+i0EEHS1SywZP4yiFZ8ZKmsXeJkkPrReMvTBGQ4dNJbBygiRCqes7,57.059458,61.63475,65.970899,0,2591700,81.410962,Interactive,4,7.0
525300,ZXGOZbIjK5v+i0EEHS1SywZP4yiFZ8ZKmsXeJkkPrReMvTBGQ4dNJbBygiRCqes7,59.086428000000005,62.247606000000005,66.458386,0,2591700,81.410962,Interactive,4,7.0
525600,ZXGOZbIjK5v+i0EEHS1SywZP4yiFZ8ZKmsXeJkkPrReMvTBGQ4dNJbBygiRCqes7,59.711867000000005,63.163206,67.455802,0,2591700,81.410962,Interactive,4,7.0
525900,ZXGOZbIjK5v+i0EEHS1SywZP4yiFZ8ZKmsXeJkkPrReMvTBGQ4dNJbBygiRCqes7,60.721990000000005,62.709135,66.900237,0,2591700,81.410962,Interactive,4,7.0
526200,ZXGOZbIjK5v+i0EEHS1SywZP4yiFZ8ZKmsXeJkkPrReMvTBGQ4dNJbBygiRCqes7,59.93838,63.802395,67.50986999999999,0,2591700,81.410962,Interactive,4,7.0
526500,ZXGOZbIjK5v+i0EEHS1SywZP4yiFZ8ZKmsXeJkkPrReMvTBGQ4dNJbBygiRCqes7,59.938526,63.416108,66.765636,0,2591700,81.410962,Interactive,4,7.0
526800,ZXGOZbIjK5v+i0EEHS1SywZP4yiFZ8ZKmsXeJkkPrReMvTBGQ4dNJbBygiRCqes7,61.400066,63.902067,67.46771899999999,0,2591700,81.410962,Interactive,4,7.0
527100,ZXGOZbIjK5v+i0EEHS1SywZP4yiFZ8ZKmsXeJkkPrReMvTBGQ4dNJbBygiRCqes7,58.015229000000005,62.848542,66.480987,0,2591700,81.410962,Interactive,4,7.0
527400,ZXGOZbIjK5v+i0EEHS1SywZP4yiFZ8ZKmsXeJkkPrReMvTBGQ4dNJbBygiRCqes7,58.538827000000005,61.504209,65.142914,0,2591700,81.410962,Interactive,4,7.0
527700,ZXGOZbIjK5v+i0EEHS1SywZP4yiFZ8ZKmsXeJkkPrReMvTBGQ4dNJbBygiRCqes7,57.228691000000005,61.307624,65.585287,0,2591700,81.410962,Interactive,4,7.0
528000,ZXGOZbIjK5v+i0EEHS1SywZP4yiFZ8ZKmsXeJkkPrReMvTBGQ4dNJbBygiRCqes7,55.46006,61.871154,67.52371,0,2591700,81.410962,Interactive,4,7.0
528300,ZXGOZbIjK5v+i0EEHS1SywZP4yiFZ8ZKmsXeJkkPrReMvTBGQ4dNJbBygiRCqes7,59.728125,62.866884,66.641543,0,2591700,81.410962,Interactive,4,7.0
528600,ZXGOZbIjK5v+i0EEHS1SywZP4yiFZ8ZKmsXeJkkPrReMvTBGQ4dNJbBygiRCqes7,59.200247,63.365353000000006,67.539365,0,2591700,81.410962,Interactive,4,7.0
528900,ZXGOZbIjK5v+i0EEHS1SywZP4yiFZ8ZKmsXeJkkPrReMvTBGQ4dNJbBygiRCqes7,57.732915000000006,62.020473,66.165184,0,2591700,81.410962,Interactive,4,7.0
529200,ZXGOZbIjK5v+i0EEHS1SywZP4yiFZ8ZKmsXeJkkPrReMvTBGQ4dNJbBygiRCqes7,56.470002,59.970659,66.112115,0,2591700,81.410962,Interactive,4,7.0
529500,ZXGOZbIjK5v+i0EEHS1SywZP4yiFZ8ZKmsXeJkkPrReMvTBGQ4dNJbBygiRCqes7,58.725876,61.526174,65.330136,0,2591700,81.410962,Interactive,4,7.0
529800,ZXGOZbIjK5v+i0EEHS1SywZP4yiFZ8ZKmsXeJkkPrReMvTBGQ4dNJbBygiRCqes7,57.368949,62.751842,66.631321,0,2591700,81.410962,Interactive,4,7.0
530100,ZXGOZbIjK5v+i0EEHS1SywZP4yiFZ8ZKmsXeJkkPrReMvTBGQ4dNJbBygiRCqes7,57.957967,61.826019,65.840856,0,2591700,81.410962,Interactive,4,7.0
530400,ZXGOZbIjK5v+i0EEHS1SywZP4yiFZ8ZKmsXeJkkPrReMvTBGQ4dNJbBygiRCqes7,59.04549599999999,62.27888000000001,66.409674,0,2591700,81.410962,Interactive,4,7.0
530700,ZXGOZbIjK5v+i0EEHS1SywZP4yiFZ8ZKmsXeJkkPrReMvTBGQ4dNJbBygiRCqes7,59.714529000000006,62.694402,65.860093,0,2591700,81.410962,Interactive,4,7.0
531000,ZXGOZbIjK5v+i0EEHS1SywZP4yiFZ8ZKmsXeJkkPrReMvTBGQ4dNJbBygiRCqes7,59.96155600000001,63.04829,67.040565,0,2591700,81.410962,Interactive,4,7.0
531300,ZXGOZbIjK5v+i0EEHS1SywZP4yiFZ8ZKmsXeJkkPrReMvTBGQ4dNJbBygiRCqes7,59.139829000000006,63.48158000000001,67.423073,0,2591700,81.410962,Interactive,4,7.0
531600,ZXGOZbIjK5v+i0EEHS1SywZP4yiFZ8ZKmsXeJkkPrReMvTBGQ4dNJbBygiRCqes7,59.677407,61.931175,65.973316,0,2591700,81.410962,Interactive,4,7.0
531900,ZXGOZbIjK5v+i0EEHS1SywZP4yiFZ8ZKmsXeJkkPrReMvTBGQ4dNJbBygiRCqes7,58.35919200000001,61.192235,65.078461,0,2591700,81.410962,Interactive,4,7.0
532200,ZXGOZbIjK5v+i0EEHS1SywZP4yiFZ8ZKmsXeJkkPrReMvTBGQ4dNJbBygiRCqes7,59.739118000000005,63.403252,68.006801,0,2591700,81.410962,Interactive,4,7.0
532500,ZXGOZbIjK5v+i0EEHS1SywZP4yiFZ8ZKmsXeJkkPrReMvTBGQ4dNJbBygiRCqes7,56.742333,60.22943299999999,66.453163,0,2591700,81.410962,Interactive,4,7.0
532800,ZXGOZbIjK5v+i0EEHS1SywZP4yiFZ8ZKmsXeJkkPrReMvTBGQ4dNJbBygiRCqes7,59.946108,64.466983,69.224563,0,2591700,81.410962,Interactive,4,7.0
533100,ZXGOZbIjK5v+i0EEHS1SywZP4yiFZ8ZKmsXeJkkPrReMvTBGQ4dNJbBygiRCqes7,58.197881,60.82346,66.467827,0,2591700,81.410962,Interactive,4,7.0
533400,ZXGOZbIjK5v+i0EEHS1SywZP4yiFZ8ZKmsXeJkkPrReMvTBGQ4dNJbBygiRCqes7,59.837937,63.602989,68.826527,0,2591700,81.410962,Interactive,4,7.0
533700,ZXGOZbIjK5v+i0EEHS1SywZP4yiFZ8ZKmsXeJkkPrReMvTBGQ4dNJbBygiRCqes7,58.264351,60.814404,65.69994100000001,0,2591700,81.410962,Interactive,4,7.0
534000,ZXGOZbIjK5v+i0EEHS1SywZP4yiFZ8ZKmsXeJkkPrReMvTBGQ4dNJbBygiRCqes7,61.27973299999999,63.984171,67.953311,0,2591700,81.410962,Interactive,4,7.0
534300,ZXGOZbIjK5v+i0EEHS1SywZP4yiFZ8ZKmsXeJkkPrReMvTBGQ4dNJbBygiRCqes7,57.289849,60.75816999999999,65.372099,0,2591700,81.410962,Interactive,4,7.0
534600,ZXGOZbIjK5v+i0EEHS1SywZP4yiFZ8ZKmsXeJkkPrReMvTBGQ4dNJbBygiRCqes7,59.935358,63.718132,68.62289399999999,0,2591700,81.410962,Interactive,4,7.0
534900,ZXGOZbIjK5v+i0EEHS1SywZP4yiFZ8ZKmsXeJkkPrReMvTBGQ4dNJbBygiRCqes7,57.583805000000005,60.86069200000001,64.196925,0,2591700,81.410962,Interactive,4,7.0
535200,ZXGOZbIjK5v+i0EEHS1SywZP4yiFZ8ZKmsXeJkkPrReMvTBGQ4dNJbBygiRCqes7,58.702417,63.139157,66.870836,0,2591700,81.410962,Interactive,4,7.0
535500,ZXGOZbIjK5v+i0EEHS1SywZP4yiFZ8ZKmsXeJkkPrReMvTBGQ4dNJbBygiRCqes7,57.519098,60.657052,65.140971,0,2591700,81.410962,Interactive,4,7.0
535800,ZXGOZbIjK5v+i0EEHS1SywZP4yiFZ8ZKmsXeJkkPrReMvTBGQ4dNJbBygiRCqes7,58.665865,61.893001,65.639296,0,2591700,81.410962,Interactive,4,7.0
536100,ZXGOZbIjK5v+i0EEHS1SywZP4yiFZ8ZKmsXeJkkPrReMvTBGQ4dNJbBygiRCqes7,57.751159,61.352235,65.55731,0,2591700,81.410962,Interactive,4,7.0
536400,ZXGOZbIjK5v+i0EEHS1SywZP4yiFZ8ZKmsXeJkkPrReMvTBGQ4dNJbBygiRCqes7,58.671269,62.145877,66.37413199999999,0,2591700,81.410962,Interactive,4,7.0
536700,ZXGOZbIjK5v+i0EEHS1SywZP4yiFZ8ZKmsXeJkkPrReMvTBGQ4dNJbBygiRCqes7,58.757754000000006,62.197376,66.597543,0,2591700,81.410962,Interactive,4,7.0
537000,ZXGOZbIjK5v+i0EEHS1SywZP4yiFZ8ZKmsXeJkkPrReMvTBGQ4dNJbBygiRCqes7,58.601204,62.284051,64.32051,0,2591700,81.410962,Interactive,4,7.0
537300,ZXGOZbIjK5v+i0EEHS1SywZP4yiFZ8ZKmsXeJkkPrReMvTBGQ4dNJbBygiRCqes7,58.432588,62.100428,66.81882900000001,0,2591700,81.410962,Interactive,4,7.0
537600,ZXGOZbIjK5v+i0EEHS1SywZP4yiFZ8ZKmsXeJkkPrReMvTBGQ4dNJbBygiRCqes7,59.41616,61.654456,66.373182,0,2591700,81.410962,Interactive,4,7.0
537900,ZXGOZbIjK5v+i0EEHS1SywZP4yiFZ8ZKmsXeJkkPrReMvTBGQ4dNJbBygiRCqes7,58.478955000000006,62.533851,67.43200300000001,0,2591700,81.410962,Interactive,4,7.0
538200,ZXGOZbIjK5v+i0EEHS1SywZP4yiFZ8ZKmsXeJkkPrReMvTBGQ4dNJbBygiRCqes7,58.37481700000001,61.751049,64.24124599999999,0,2591700,81.410962,Interactive,4,7.0
538500,ZXGOZbIjK5v+i0EEHS1SywZP4yiFZ8ZKmsXeJkkPrReMvTBGQ4dNJbBygiRCqes7,58.424808,62.392291,65.97209699999999,0,2591700,81.410962,Interactive,4,7.0
538800,ZXGOZbIjK5v+i0EEHS1SywZP4yiFZ8ZKmsXeJkkPrReMvTBGQ4dNJbBygiRCqes7,58.622533,62.320784,65.654071,0,2591700,81.410962,Interactive,4,7.0
539100,ZXGOZbIjK5v+i0EEHS1SywZP4yiFZ8ZKmsXeJkkPrReMvTBGQ4dNJbBygiRCqes7,58.99870799999999,62.596656,66.38180600000001,0,2591700,81.410962,Interactive,4,7.0
539400,ZXGOZbIjK5v+i0EEHS1SywZP4yiFZ8ZKmsXeJkkPrReMvTBGQ4dNJbBygiRCqes7,58.38245799999999,61.707238,65.02744399999999,0,2591700,81.410962,Interactive,4,7.0
539700,ZXGOZbIjK5v+i0EEHS1SywZP4yiFZ8ZKmsXeJkkPrReMvTBGQ4dNJbBygiRCqes7,58.86614,63.1232,67.548121,0,2591700,81.410962,Interactive,4,7.0
540000,ZXGOZbIjK5v+i0EEHS1SywZP4yiFZ8ZKmsXeJkkPrReMvTBGQ4dNJbBygiRCqes7,57.980323,60.849702,66.313408,0,2591700,81.410962,Interactive,4,7.0
540300,ZXGOZbIjK5v+i0EEHS1SywZP4yiFZ8ZKmsXeJkkPrReMvTBGQ4dNJbBygiRCqes7,55.602324,61.354499,66.936836,0,2591700,81.410962,Interactive,4,7.0
540600,ZXGOZbIjK5v+i0EEHS1SywZP4yiFZ8ZKmsXeJkkPrReMvTBGQ4dNJbBygiRCqes7,55.111092000000006,59.804364,65.72206800000001,0,2591700,81.410962,Interactive,4,7.0
540900,ZXGOZbIjK5v+i0EEHS1SywZP4yiFZ8ZKmsXeJkkPrReMvTBGQ4dNJbBygiRCqes7,58.109053,61.56946800000001,67.395605,0,2591700,81.410962,Interactive,4,7.0
541200,ZXGOZbIjK5v+i0EEHS1SywZP4yiFZ8ZKmsXeJkkPrReMvTBGQ4dNJbBygiRCqes7,53.851696,61.117426,65.912092,0,2591700,81.410962,Interactive,4,7.0
541500,ZXGOZbIjK5v+i0EEHS1SywZP4yiFZ8ZKmsXeJkkPrReMvTBGQ4dNJbBygiRCqes7,57.777633,61.82193,66.796369,0,2591700,81.410962,Interactive,4,7.0
541800,ZXGOZbIjK5v+i0EEHS1SywZP4yiFZ8ZKmsXeJkkPrReMvTBGQ4dNJbBygiRCqes7,59.510507,62.218582,66.26590999999999,0,2591700,81.410962,Interactive,4,7.0
542100,ZXGOZbIjK5v+i0EEHS1SywZP4yiFZ8ZKmsXeJkkPrReMvTBGQ4dNJbBygiRCqes7,55.82275500000001,62.135119,67.059117,0,2591700,81.410962,Interactive,4,7.0
542400,ZXGOZbIjK5v+i0EEHS1SywZP4yiFZ8ZKmsXeJkkPrReMvTBGQ4dNJbBygiRCqes7,59.58169399999999,63.695852,67.668769,0,2591700,81.410962,Interactive,4,7.0
542700,ZXGOZbIjK5v+i0EEHS1SywZP4yiFZ8ZKmsXeJkkPrReMvTBGQ4dNJbBygiRCqes7,57.929163,60.911726,64.598496,0,2591700,81.410962,Interactive,4,7.0
543000,ZXGOZbIjK5v+i0EEHS1SywZP4yiFZ8ZKmsXeJkkPrReMvTBGQ4dNJbBygiRCqes7,58.706154000000005,63.307641,69.061113,0,2591700,81.410962,Interactive,4,7.0
543300,ZXGOZbIjK5v+i0EEHS1SywZP4yiFZ8ZKmsXeJkkPrReMvTBGQ4dNJbBygiRCqes7,56.975733,60.020114,63.647238,0,2591700,81.410962,Interactive,4,7.0
543600,ZXGOZbIjK5v+i0EEHS1SywZP4yiFZ8ZKmsXeJkkPrReMvTBGQ4dNJbBygiRCqes7,57.257799,63.226182,68.88686700000001,0,2591700,81.410962,Interactive,4,7.0
543900,ZXGOZbIjK5v+i0EEHS1SywZP4yiFZ8ZKmsXeJkkPrReMvTBGQ4dNJbBygiRCqes7,54.118566,59.041481000000005,64.43135500000001,0,2591700,81.410962,Interactive,4,7.0
544200,ZXGOZbIjK5v+i0EEHS1SywZP4yiFZ8ZKmsXeJkkPrReMvTBGQ4dNJbBygiRCqes7,56.348,63.394606,68.178719,0,2591700,81.410962,Interactive,4,7.0
544500,ZXGOZbIjK5v+i0EEHS1SywZP4yiFZ8ZKmsXeJkkPrReMvTBGQ4dNJbBygiRCqes7,56.614196,60.096619,64.535252,0,2591700,81.410962,Interactive,4,7.0
544800,ZXGOZbIjK5v+i0EEHS1SywZP4yiFZ8ZKmsXeJkkPrReMvTBGQ4dNJbBygiRCqes7,57.292582,63.106277,68.85351700000001,0,2591700,81.410962,Interactive,4,7.0
545100,ZXGOZbIjK5v+i0EEHS1SywZP4yiFZ8ZKmsXeJkkPrReMvTBGQ4dNJbBygiRCqes7,54.7752,59.202987,64.900856,0,2591700,81.410962,Interactive,4,7.0
545400,ZXGOZbIjK5v+i0EEHS1SywZP4yiFZ8ZKmsXeJkkPrReMvTBGQ4dNJbBygiRCqes7,54.889872,63.432685,69.652749,0,2591700,81.410962,Interactive,4,7.0
545700,ZXGOZbIjK5v+i0EEHS1SywZP4yiFZ8ZKmsXeJkkPrReMvTBGQ4dNJbBygiRCqes7,56.421347,60.249438,64.090571,0,2591700,81.410962,Interactive,4,7.0
546000,ZXGOZbIjK5v+i0EEHS1SywZP4yiFZ8ZKmsXeJkkPrReMvTBGQ4dNJbBygiRCqes7,58.380084,64.79297,69.685165,0,2591700,81.410962,Interactive,4,7.0
546300,ZXGOZbIjK5v+i0EEHS1SywZP4yiFZ8ZKmsXeJkkPrReMvTBGQ4dNJbBygiRCqes7,57.109018000000006,60.966942,67.645808,0,2591700,81.410962,Interactive,4,7.0
546600,ZXGOZbIjK5v+i0EEHS1SywZP4yiFZ8ZKmsXeJkkPrReMvTBGQ4dNJbBygiRCqes7,51.431754,63.005802,68.629936,0,2591700,81.410962,Interactive,4,7.0
546900,ZXGOZbIjK5v+i0EEHS1SywZP4yiFZ8ZKmsXeJkkPrReMvTBGQ4dNJbBygiRCqes7,58.76435,62.098017000000006,66.725511,0,2591700,81.410962,Interactive,4,7.0
547200,ZXGOZbIjK5v+i0EEHS1SywZP4yiFZ8ZKmsXeJkkPrReMvTBGQ4dNJbBygiRCqes7,60.33065799999999,63.143296,67.521523,0,2591700,81.410962,Interactive,4,7.0
547500,ZXGOZbIjK5v+i0EEHS1SywZP4yiFZ8ZKmsXeJkkPrReMvTBGQ4dNJbBygiRCqes7,57.503244,61.654286,66.52070400000001,0,2591700,81.410962,Interactive,4,7.0
547800,ZXGOZbIjK5v+i0EEHS1SywZP4yiFZ8ZKmsXeJkkPrReMvTBGQ4dNJbBygiRCqes7,58.42892,62.189614,65.540249,0,2591700,81.410962,Interactive,4,7.0
548100,ZXGOZbIjK5v+i0EEHS1SywZP4yiFZ8ZKmsXeJkkPrReMvTBGQ4dNJbBygiRCqes7,58.987124,62.181121,66.581888,0,2591700,81.410962,Interactive,4,7.0
548400,ZXGOZbIjK5v+i0EEHS1SywZP4yiFZ8ZKmsXeJkkPrReMvTBGQ4dNJbBygiRCqes7,59.804664,62.849943,66.793421,0,2591700,81.410962,Interactive,4,7.0
548700,ZXGOZbIjK5v+i0EEHS1SywZP4yiFZ8ZKmsXeJkkPrReMvTBGQ4dNJbBygiRCqes7,59.317479000000006,61.931641000000006,66.962947,0,2591700,81.410962,Interactive,4,7.0
549000,ZXGOZbIjK5v+i0EEHS1SywZP4yiFZ8ZKmsXeJkkPrReMvTBGQ4dNJbBygiRCqes7,59.371655,61.806565,66.151575,0,2591700,81.410962,Interactive,4,7.0
549300,ZXGOZbIjK5v+i0EEHS1SywZP4yiFZ8ZKmsXeJkkPrReMvTBGQ4dNJbBygiRCqes7,58.598507,61.978142000000005,65.577405,0,2591700,81.410962,Interactive,4,7.0
549600,ZXGOZbIjK5v+i0EEHS1SywZP4yiFZ8ZKmsXeJkkPrReMvTBGQ4dNJbBygiRCqes7,58.206036,62.623617,67.498938,0,2591700,81.410962,Interactive,4,7.0
549900,ZXGOZbIjK5v+i0EEHS1SywZP4yiFZ8ZKmsXeJkkPrReMvTBGQ4dNJbBygiRCqes7,58.537325,60.382218,64.301355,0,2591700,81.410962,Interactive,4,7.0
550200,ZXGOZbIjK5v+i0EEHS1SywZP4yiFZ8ZKmsXeJkkPrReMvTBGQ4dNJbBygiRCqes7,55.681859,62.571464,69.096241,0,2591700,81.410962,Interactive,4,7.0
550500,ZXGOZbIjK5v+i0EEHS1SywZP4yiFZ8ZKmsXeJkkPrReMvTBGQ4dNJbBygiRCqes7,56.504595,59.965749,65.036765,0,2591700,81.410962,Interactive,4,7.0
550800,ZXGOZbIjK5v+i0EEHS1SywZP4yiFZ8ZKmsXeJkkPrReMvTBGQ4dNJbBygiRCqes7,58.465815,62.46719100000001,67.53315,0,2591700,81.410962,Interactive,4,7.0
551100,ZXGOZbIjK5v+i0EEHS1SywZP4yiFZ8ZKmsXeJkkPrReMvTBGQ4dNJbBygiRCqes7,58.971414,62.210911,66.27494200000001,0,2591700,81.410962,Interactive,4,7.0
551400,ZXGOZbIjK5v+i0EEHS1SywZP4yiFZ8ZKmsXeJkkPrReMvTBGQ4dNJbBygiRCqes7,53.543011,60.247941,67.350356,0,2591700,81.410962,Interactive,4,7.0
551700,ZXGOZbIjK5v+i0EEHS1SywZP4yiFZ8ZKmsXeJkkPrReMvTBGQ4dNJbBygiRCqes7,58.252453,61.238047,65.02108199999999,0,2591700,81.410962,Interactive,4,7.0
552000,ZXGOZbIjK5v+i0EEHS1SywZP4yiFZ8ZKmsXeJkkPrReMvTBGQ4dNJbBygiRCqes7,56.952786,61.23191,67.600685,0,2591700,81.410962,Interactive,4,7.0
552300,ZXGOZbIjK5v+i0EEHS1SywZP4yiFZ8ZKmsXeJkkPrReMvTBGQ4dNJbBygiRCqes7,57.327433,62.348753,67.092762,0,2591700,81.410962,Interactive,4,7.0
552600,ZXGOZbIjK5v+i0EEHS1SywZP4yiFZ8ZKmsXeJkkPrReMvTBGQ4dNJbBygiRCqes7,60.133843000000006,63.373878000000005,68.267888,0,2591700,81.410962,Interactive,4,7.0
552900,ZXGOZbIjK5v+i0EEHS1SywZP4yiFZ8ZKmsXeJkkPrReMvTBGQ4dNJbBygiRCqes7,57.545356000000005,62.256839,69.365748,0,2591700,81.410962,Interactive,4,7.0
553200,ZXGOZbIjK5v+i0EEHS1SywZP4yiFZ8ZKmsXeJkkPrReMvTBGQ4dNJbBygiRCqes7,57.859229000000006,63.642078000000005,68.55976700000001,0,2591700,81.410962,Interactive,4,7.0
553500,ZXGOZbIjK5v+i0EEHS1SywZP4yiFZ8ZKmsXeJkkPrReMvTBGQ4dNJbBygiRCqes7,56.630953000000005,61.374425,65.20995400000001,0,2591700,81.410962,Interactive,4,7.0
553800,ZXGOZbIjK5v+i0EEHS1SywZP4yiFZ8ZKmsXeJkkPrReMvTBGQ4dNJbBygiRCqes7,58.52600699999999,62.504968000000005,67.335551,0,2591700,81.410962,Interactive,4,7.0
554100,ZXGOZbIjK5v+i0EEHS1SywZP4yiFZ8ZKmsXeJkkPrReMvTBGQ4dNJbBygiRCqes7,56.890922,60.902462,65.51560699999999,0,2591700,81.410962,Interactive,4,7.0
554400,ZXGOZbIjK5v+i0EEHS1SywZP4yiFZ8ZKmsXeJkkPrReMvTBGQ4dNJbBygiRCqes7,56.122127,59.576359,64.231164,0,2591700,81.410962,Interactive,4,7.0
554700,ZXGOZbIjK5v+i0EEHS1SywZP4yiFZ8ZKmsXeJkkPrReMvTBGQ4dNJbBygiRCqes7,56.047459,60.504043,64.749689,0,2591700,81.410962,Interactive,4,7.0
555000,ZXGOZbIjK5v+i0EEHS1SywZP4yiFZ8ZKmsXeJkkPrReMvTBGQ4dNJbBygiRCqes7,52.844014,60.714682,65.897132,0,2591700,81.410962,Interactive,4,7.0
555300,ZXGOZbIjK5v+i0EEHS1SywZP4yiFZ8ZKmsXeJkkPrReMvTBGQ4dNJbBygiRCqes7,57.979791000000006,60.689376,65.536262,0,2591700,81.410962,Interactive,4,7.0
555600,ZXGOZbIjK5v+i0EEHS1SywZP4yiFZ8ZKmsXeJkkPrReMvTBGQ4dNJbBygiRCqes7,59.647059,62.359393,66.608662,0,2591700,81.410962,Interactive,4,7.0
555900,ZXGOZbIjK5v+i0EEHS1SywZP4yiFZ8ZKmsXeJkkPrReMvTBGQ4dNJbBygiRCqes7,58.998973,61.801227,66.066663,0,2591700,81.410962,Interactive,4,7.0
556200,ZXGOZbIjK5v+i0EEHS1SywZP4yiFZ8ZKmsXeJkkPrReMvTBGQ4dNJbBygiRCqes7,59.827681000000005,62.980701,66.512201,0,2591700,81.410962,Interactive,4,7.0
556500,ZXGOZbIjK5v+i0EEHS1SywZP4yiFZ8ZKmsXeJkkPrReMvTBGQ4dNJbBygiRCqes7,57.165792,60.499561,64.493037,0,2591700,81.410962,Interactive,4,7.0
556800,ZXGOZbIjK5v+i0EEHS1SywZP4yiFZ8ZKmsXeJkkPrReMvTBGQ4dNJbBygiRCqes7,57.617921,63.256624,68.86715500000001,0,2591700,81.410962,Interactive,4,7.0
557100,ZXGOZbIjK5v+i0EEHS1SywZP4yiFZ8ZKmsXeJkkPrReMvTBGQ4dNJbBygiRCqes7,58.256978,60.933482,64.954962,0,2591700,81.410962,Interactive,4,7.0
557400,ZXGOZbIjK5v+i0EEHS1SywZP4yiFZ8ZKmsXeJkkPrReMvTBGQ4dNJbBygiRCqes7,58.141482,62.764791,66.567475,0,2591700,81.410962,Interactive,4,7.0
557700,ZXGOZbIjK5v+i0EEHS1SywZP4yiFZ8ZKmsXeJkkPrReMvTBGQ4dNJbBygiRCqes7,59.641263,62.113536,65.426411,0,2591700,81.410962,Interactive,4,7.0
558000,ZXGOZbIjK5v+i0EEHS1SywZP4yiFZ8ZKmsXeJkkPrReMvTBGQ4dNJbBygiRCqes7,57.940449,62.216579,67.29979399999999,0,2591700,81.410962,Interactive,4,7.0
558300,ZXGOZbIjK5v+i0EEHS1SywZP4yiFZ8ZKmsXeJkkPrReMvTBGQ4dNJbBygiRCqes7,57.667238,60.985295,67.197389,0,2591700,81.410962,Interactive,4,7.0
558600,ZXGOZbIjK5v+i0EEHS1SywZP4yiFZ8ZKmsXeJkkPrReMvTBGQ4dNJbBygiRCqes7,57.089001,59.99346,64.721468,0,2591700,81.410962,Interactive,4,7.0
558900,ZXGOZbIjK5v+i0EEHS1SywZP4yiFZ8ZKmsXeJkkPrReMvTBGQ4dNJbBygiRCqes7,58.394398,61.025817,65.41825899999999,0,2591700,81.410962,Interactive,4,7.0
559200,ZXGOZbIjK5v+i0EEHS1SywZP4yiFZ8ZKmsXeJkkPrReMvTBGQ4dNJbBygiRCqes7,59.341747,61.723631000000005,66.152815,0,2591700,81.410962,Interactive,4,7.0
559500,ZXGOZbIjK5v+i0EEHS1SywZP4yiFZ8ZKmsXeJkkPrReMvTBGQ4dNJbBygiRCqes7,56.402661,61.373408,66.675528,0,2591700,81.410962,Interactive,4,7.0
559800,ZXGOZbIjK5v+i0EEHS1SywZP4yiFZ8ZKmsXeJkkPrReMvTBGQ4dNJbBygiRCqes7,55.024265,58.187561,62.014231,0,2591700,81.410962,Interactive,4,7.0
560100,ZXGOZbIjK5v+i0EEHS1SywZP4yiFZ8ZKmsXeJkkPrReMvTBGQ4dNJbBygiRCqes7,59.520885,63.489272,67.723332,0,2591700,81.410962,Interactive,4,7.0
560400,ZXGOZbIjK5v+i0EEHS1SywZP4yiFZ8ZKmsXeJkkPrReMvTBGQ4dNJbBygiRCqes7,57.490157,60.135613,64.840701,0,2591700,81.410962,Interactive,4,7.0
560700,ZXGOZbIjK5v+i0EEHS1SywZP4yiFZ8ZKmsXeJkkPrReMvTBGQ4dNJbBygiRCqes7,58.675907,63.910927,68.233457,0,2591700,81.410962,Interactive,4,7.0
561000,ZXGOZbIjK5v+i0EEHS1SywZP4yiFZ8ZKmsXeJkkPrReMvTBGQ4dNJbBygiRCqes7,56.735901,60.699176,67.823264,0,2591700,81.410962,Interactive,4,7.0
561300,ZXGOZbIjK5v+i0EEHS1SywZP4yiFZ8ZKmsXeJkkPrReMvTBGQ4dNJbBygiRCqes7,58.359628,63.895722,69.292126,0,2591700,81.410962,Interactive,4,7.0
561600,ZXGOZbIjK5v+i0EEHS1SywZP4yiFZ8ZKmsXeJkkPrReMvTBGQ4dNJbBygiRCqes7,56.314132,59.182126,65.89851999999999,0,2591700,81.410962,Interactive,4,7.0
561900,ZXGOZbIjK5v+i0EEHS1SywZP4yiFZ8ZKmsXeJkkPrReMvTBGQ4dNJbBygiRCqes7,57.910186,62.76501999999999,68.337408,0,2591700,81.410962,Interactive,4,7.0
562200,ZXGOZbIjK5v+i0EEHS1SywZP4yiFZ8ZKmsXeJkkPrReMvTBGQ4dNJbBygiRCqes7,57.535086,59.379774,64.420671,0,2591700,81.410962,Interactive,4,7.0
562500,ZXGOZbIjK5v+i0EEHS1SywZP4yiFZ8ZKmsXeJkkPrReMvTBGQ4dNJbBygiRCqes7,57.187758,61.234665,67.062062,0,2591700,81.410962,Interactive,4,7.0
562800,ZXGOZbIjK5v+i0EEHS1SywZP4yiFZ8ZKmsXeJkkPrReMvTBGQ4dNJbBygiRCqes7,54.989717000000006,58.330065000000005,67.180538,0,2591700,81.410962,Interactive,4,7.0
563100,ZXGOZbIjK5v+i0EEHS1SywZP4yiFZ8ZKmsXeJkkPrReMvTBGQ4dNJbBygiRCqes7,55.476452,61.54046,68.80058199999999,0,2591700,81.410962,Interactive,4,7.0
563400,ZXGOZbIjK5v+i0EEHS1SywZP4yiFZ8ZKmsXeJkkPrReMvTBGQ4dNJbBygiRCqes7,56.722426,59.427766000000005,63.974222,0,2591700,81.410962,Interactive,4,7.0
563700,ZXGOZbIjK5v+i0EEHS1SywZP4yiFZ8ZKmsXeJkkPrReMvTBGQ4dNJbBygiRCqes7,57.96515600000001,61.733212,67.22231500000001,0,2591700,81.410962,Interactive,4,7.0
564000,ZXGOZbIjK5v+i0EEHS1SywZP4yiFZ8ZKmsXeJkkPrReMvTBGQ4dNJbBygiRCqes7,56.677409,59.694879,63.854351,0,2591700,81.410962,Interactive,4,7.0
564300,ZXGOZbIjK5v+i0EEHS1SywZP4yiFZ8ZKmsXeJkkPrReMvTBGQ4dNJbBygiRCqes7,50.189291,59.960571,65.14588,0,2591700,81.410962,Interactive,4,7.0
564600,ZXGOZbIjK5v+i0EEHS1SywZP4yiFZ8ZKmsXeJkkPrReMvTBGQ4dNJbBygiRCqes7,57.247803000000005,60.668016,65.65392299999999,0,2591700,81.410962,Interactive,4,7.0
564900,ZXGOZbIjK5v+i0EEHS1SywZP4yiFZ8ZKmsXeJkkPrReMvTBGQ4dNJbBygiRCqes7,56.556873,60.142956000000005,64.579411,0,2591700,81.410962,Interactive,4,7.0
565200,ZXGOZbIjK5v+i0EEHS1SywZP4yiFZ8ZKmsXeJkkPrReMvTBGQ4dNJbBygiRCqes7,56.871598,59.739037,63.40916899999999,0,2591700,81.410962,Interactive,4,7.0
565500,ZXGOZbIjK5v+i0EEHS1SywZP4yiFZ8ZKmsXeJkkPrReMvTBGQ4dNJbBygiRCqes7,54.451067,62.918713,68.11990300000001,0,2591700,81.410962,Interactive,4,7.0
565800,ZXGOZbIjK5v+i0EEHS1SywZP4yiFZ8ZKmsXeJkkPrReMvTBGQ4dNJbBygiRCqes7,57.332016,60.588097,65.12814200000001,0,2591700,81.410962,Interactive,4,7.0
566100,ZXGOZbIjK5v+i0EEHS1SywZP4yiFZ8ZKmsXeJkkPrReMvTBGQ4dNJbBygiRCqes7,59.032533,62.332601,66.340528,0,2591700,81.410962,Interactive,4,7.0
566400,ZXGOZbIjK5v+i0EEHS1SywZP4yiFZ8ZKmsXeJkkPrReMvTBGQ4dNJbBygiRCqes7,58.68573000000001,62.915638,67.658233,0,2591700,81.410962,Interactive,4,7.0
566700,ZXGOZbIjK5v+i0EEHS1SywZP4yiFZ8ZKmsXeJkkPrReMvTBGQ4dNJbBygiRCqes7,59.005997,62.449511,67.901896,0,2591700,81.410962,Interactive,4,7.0
567000,ZXGOZbIjK5v+i0EEHS1SywZP4yiFZ8ZKmsXeJkkPrReMvTBGQ4dNJbBygiRCqes7,56.68646700000001,61.15506,65.574256,0,2591700,81.410962,Interactive,4,7.0
567300,ZXGOZbIjK5v+i0EEHS1SywZP4yiFZ8ZKmsXeJkkPrReMvTBGQ4dNJbBygiRCqes7,56.863048,63.060306,68.223575,0,2591700,81.410962,Interactive,4,7.0
567600,ZXGOZbIjK5v+i0EEHS1SywZP4yiFZ8ZKmsXeJkkPrReMvTBGQ4dNJbBygiRCqes7,56.47215799999999,60.636655000000005,65.859261,0,2591700,81.410962,Interactive,4,7.0
567900,ZXGOZbIjK5v+i0EEHS1SywZP4yiFZ8ZKmsXeJkkPrReMvTBGQ4dNJbBygiRCqes7,57.970274,62.92578100000001,68.442296,0,2591700,81.410962,Interactive,4,7.0
568200,ZXGOZbIjK5v+i0EEHS1SywZP4yiFZ8ZKmsXeJkkPrReMvTBGQ4dNJbBygiRCqes7,57.179165000000005,62.142212,70.848123,0,2591700,81.410962,Interactive,4,7.0
568500,ZXGOZbIjK5v+i0EEHS1SywZP4yiFZ8ZKmsXeJkkPrReMvTBGQ4dNJbBygiRCqes7,57.569727,61.812508,66.66778000000001,0,2591700,81.410962,Interactive,4,7.0
568800,ZXGOZbIjK5v+i0EEHS1SywZP4yiFZ8ZKmsXeJkkPrReMvTBGQ4dNJbBygiRCqes7,56.989091,61.384962,67.38593900000001,0,2591700,81.410962,Interactive,4,7.0
569100,ZXGOZbIjK5v+i0EEHS1SywZP4yiFZ8ZKmsXeJkkPrReMvTBGQ4dNJbBygiRCqes7,56.861927,60.720199,65.618923,0,2591700,81.410962,Interactive,4,7.0
569400,ZXGOZbIjK5v+i0EEHS1SywZP4yiFZ8ZKmsXeJkkPrReMvTBGQ4dNJbBygiRCqes7,56.066433,61.069598,68.56428299999999,0,2591700,81.410962,Interactive,4,7.0
569700,ZXGOZbIjK5v+i0EEHS1SywZP4yiFZ8ZKmsXeJkkPrReMvTBGQ4dNJbBygiRCqes7,55.18336899999999,61.382525,66.358063,0,2591700,81.410962,Interactive,4,7.0
570000,ZXGOZbIjK5v+i0EEHS1SywZP4yiFZ8ZKmsXeJkkPrReMvTBGQ4dNJbBygiRCqes7,58.025888,61.100965,66.447542,0,2591700,81.410962,Interactive,4,7.0
570300,ZXGOZbIjK5v+i0EEHS1SywZP4yiFZ8ZKmsXeJkkPrReMvTBGQ4dNJbBygiRCqes7,58.196963,63.484112,68.383261,0,2591700,81.410962,Interactive,4,7.0
570600,ZXGOZbIjK5v+i0EEHS1SywZP4yiFZ8ZKmsXeJkkPrReMvTBGQ4dNJbBygiRCqes7,58.984948,62.247158,68.14130899999999,0,2591700,81.410962,Interactive,4,7.0
570900,ZXGOZbIjK5v+i0EEHS1SywZP4yiFZ8ZKmsXeJkkPrReMvTBGQ4dNJbBygiRCqes7,56.691975,63.492857,67.541699,0,2591700,81.410962,Interactive,4,7.0
571200,ZXGOZbIjK5v+i0EEHS1SywZP4yiFZ8ZKmsXeJkkPrReMvTBGQ4dNJbBygiRCqes7,57.560382,61.408653,67.444245,0,2591700,81.410962,Interactive,4,7.0
571800,ZXGOZbIjK5v+i0EEHS1SywZP4yiFZ8ZKmsXeJkkPrReMvTBGQ4dNJbBygiRCqes7,57.630932,61.52308299999999,66.85057900000001,0,2591700,81.410962,Interactive,4,7.0
572100,ZXGOZbIjK5v+i0EEHS1SywZP4yiFZ8ZKmsXeJkkPrReMvTBGQ4dNJbBygiRCqes7,58.274072,62.979707,67.680183,0,2591700,81.410962,Interactive,4,7.0
572400,ZXGOZbIjK5v+i0EEHS1SywZP4yiFZ8ZKmsXeJkkPrReMvTBGQ4dNJbBygiRCqes7,57.693814,61.592751,67.392178,0,2591700,81.410962,Interactive,4,7.0
572700,ZXGOZbIjK5v+i0EEHS1SywZP4yiFZ8ZKmsXeJkkPrReMvTBGQ4dNJbBygiRCqes7,58.053491,62.601386,66.308621,0,2591700,81.410962,Interactive,4,7.0
573000,ZXGOZbIjK5v+i0EEHS1SywZP4yiFZ8ZKmsXeJkkPrReMvTBGQ4dNJbBygiRCqes7,54.952373,58.50451999999999,65.133477,0,2591700,81.410962,Interactive,4,7.0
573300,ZXGOZbIjK5v+i0EEHS1SywZP4yiFZ8ZKmsXeJkkPrReMvTBGQ4dNJbBygiRCqes7,56.829269,63.078151,68.788297,0,2591700,81.410962,Interactive,4,7.0
573600,ZXGOZbIjK5v+i0EEHS1SywZP4yiFZ8ZKmsXeJkkPrReMvTBGQ4dNJbBygiRCqes7,55.554303,58.00539499999999,64.103796,0,2591700,81.410962,Interactive,4,7.0
573900,ZXGOZbIjK5v+i0EEHS1SywZP4yiFZ8ZKmsXeJkkPrReMvTBGQ4dNJbBygiRCqes7,57.114094,62.473623,67.484088,0,2591700,81.410962,Interactive,4,7.0
574200,ZXGOZbIjK5v+i0EEHS1SywZP4yiFZ8ZKmsXeJkkPrReMvTBGQ4dNJbBygiRCqes7,54.424711,57.645915,65.223426,0,2591700,81.410962,Interactive,4,7.0
574500,ZXGOZbIjK5v+i0EEHS1SywZP4yiFZ8ZKmsXeJkkPrReMvTBGQ4dNJbBygiRCqes7,54.411435,62.815636,67.29499100000001,0,2591700,81.410962,Interactive,4,7.0
574800,ZXGOZbIjK5v+i0EEHS1SywZP4yiFZ8ZKmsXeJkkPrReMvTBGQ4dNJbBygiRCqes7,56.610076,59.514949,66.05615,0,2591700,81.410962,Interactive,4,7.0
575100,ZXGOZbIjK5v+i0EEHS1SywZP4yiFZ8ZKmsXeJkkPrReMvTBGQ4dNJbBygiRCqes7,57.86708,63.11848199999999,67.934933,0,2591700,81.410962,Interactive,4,7.0
575400,ZXGOZbIjK5v+i0EEHS1SywZP4yiFZ8ZKmsXeJkkPrReMvTBGQ4dNJbBygiRCqes7,54.910962,58.102492000000005,64.636599,0,2591700,81.410962,Interactive,4,7.0
575700,ZXGOZbIjK5v+i0EEHS1SywZP4yiFZ8ZKmsXeJkkPrReMvTBGQ4dNJbBygiRCqes7,54.445347,60.33994499999999,65.279255,0,2591700,81.410962,Interactive,4,7.0
576000,ZXGOZbIjK5v+i0EEHS1SywZP4yiFZ8ZKmsXeJkkPrReMvTBGQ4dNJbBygiRCqes7,56.428017,59.406903,63.359397,0,2591700,81.410962,Interactive,4,7.0
576300,ZXGOZbIjK5v+i0EEHS1SywZP4yiFZ8ZKmsXeJkkPrReMvTBGQ4dNJbBygiRCqes7,56.442102,61.903268,66.263064,0,2591700,81.410962,Interactive,4,7.0
576600,ZXGOZbIjK5v+i0EEHS1SywZP4yiFZ8ZKmsXeJkkPrReMvTBGQ4dNJbBygiRCqes7,55.626025,59.636272,65.050797,0,2591700,81.410962,Interactive,4,7.0
576900,ZXGOZbIjK5v+i0EEHS1SywZP4yiFZ8ZKmsXeJkkPrReMvTBGQ4dNJbBygiRCqes7,56.909180000000006,62.05277099999999,67.174086,0,2591700,81.410962,Interactive,4,7.0
577200,ZXGOZbIjK5v+i0EEHS1SywZP4yiFZ8ZKmsXeJkkPrReMvTBGQ4dNJbBygiRCqes7,57.999622,60.488494,65.70597099999999,0,2591700,81.410962,Interactive,4,7.0
577500,ZXGOZbIjK5v+i0EEHS1SywZP4yiFZ8ZKmsXeJkkPrReMvTBGQ4dNJbBygiRCqes7,57.766201,61.797612,67.36770899999999,0,2591700,81.410962,Interactive,4,7.0
577800,ZXGOZbIjK5v+i0EEHS1SywZP4yiFZ8ZKmsXeJkkPrReMvTBGQ4dNJbBygiRCqes7,56.10819,59.086318000000006,64.033254,0,2591700,81.410962,Interactive,4,7.0
578100,ZXGOZbIjK5v+i0EEHS1SywZP4yiFZ8ZKmsXeJkkPrReMvTBGQ4dNJbBygiRCqes7,56.20443,61.93480400000001,65.966994,0,2591700,81.410962,Interactive,4,7.0
578400,ZXGOZbIjK5v+i0EEHS1SywZP4yiFZ8ZKmsXeJkkPrReMvTBGQ4dNJbBygiRCqes7,58.519497,62.156759,66.35854300000001,0,2591700,81.410962,Interactive,4,7.0
578700,ZXGOZbIjK5v+i0EEHS1SywZP4yiFZ8ZKmsXeJkkPrReMvTBGQ4dNJbBygiRCqes7,57.156545,61.052916,67.712461,0,2591700,81.410962,Interactive,4,7.0
579000,ZXGOZbIjK5v+i0EEHS1SywZP4yiFZ8ZKmsXeJkkPrReMvTBGQ4dNJbBygiRCqes7,57.261839,61.041503000000006,66.632224,0,2591700,81.410962,Interactive,4,7.0
579300,ZXGOZbIjK5v+i0EEHS1SywZP4yiFZ8ZKmsXeJkkPrReMvTBGQ4dNJbBygiRCqes7,57.330701,61.378246,65.841015,0,2591700,81.410962,Interactive,4,7.0
579600,ZXGOZbIjK5v+i0EEHS1SywZP4yiFZ8ZKmsXeJkkPrReMvTBGQ4dNJbBygiRCqes7,56.113434,61.106786,66.150661,0,2591700,81.410962,Interactive,4,7.0
579900,ZXGOZbIjK5v+i0EEHS1SywZP4yiFZ8ZKmsXeJkkPrReMvTBGQ4dNJbBygiRCqes7,55.996745,60.482142,66.289035,0,2591700,81.410962,Interactive,4,7.0
580200,ZXGOZbIjK5v+i0EEHS1SywZP4yiFZ8ZKmsXeJkkPrReMvTBGQ4dNJbBygiRCqes7,57.693173,61.971693,66.92435,0,2591700,81.410962,Interactive,4,7.0
580500,ZXGOZbIjK5v+i0EEHS1SywZP4yiFZ8ZKmsXeJkkPrReMvTBGQ4dNJbBygiRCqes7,57.16338100000001,60.394695,64.052269,0,2591700,81.410962,Interactive,4,7.0
580800,ZXGOZbIjK5v+i0EEHS1SywZP4yiFZ8ZKmsXeJkkPrReMvTBGQ4dNJbBygiRCqes7,56.019602,60.895729,66.401562,0,2591700,81.410962,Interactive,4,7.0
581100,ZXGOZbIjK5v+i0EEHS1SywZP4yiFZ8ZKmsXeJkkPrReMvTBGQ4dNJbBygiRCqes7,55.475315,59.883798,64.348353,0,2591700,81.410962,Interactive,4,7.0
581400,ZXGOZbIjK5v+i0EEHS1SywZP4yiFZ8ZKmsXeJkkPrReMvTBGQ4dNJbBygiRCqes7,53.084224,59.377721,65.247576,0,2591700,81.410962,Interactive,4,7.0
581700,ZXGOZbIjK5v+i0EEHS1SywZP4yiFZ8ZKmsXeJkkPrReMvTBGQ4dNJbBygiRCqes7,53.898476,59.953375,64.59688,0,2591700,81.410962,Interactive,4,7.0
582000,ZXGOZbIjK5v+i0EEHS1SywZP4yiFZ8ZKmsXeJkkPrReMvTBGQ4dNJbBygiRCqes7,55.143033,59.444635,64.87089300000001,0,2591700,81.410962,Interactive,4,7.0
582300,ZXGOZbIjK5v+i0EEHS1SywZP4yiFZ8ZKmsXeJkkPrReMvTBGQ4dNJbBygiRCqes7,55.697111,58.559251,61.918342,0,2591700,81.410962,Interactive,4,7.0
582600,ZXGOZbIjK5v+i0EEHS1SywZP4yiFZ8ZKmsXeJkkPrReMvTBGQ4dNJbBygiRCqes7,55.525946,59.684369,65.201411,0,2591700,81.410962,Interactive,4,7.0
582900,ZXGOZbIjK5v+i0EEHS1SywZP4yiFZ8ZKmsXeJkkPrReMvTBGQ4dNJbBygiRCqes7,55.446448,60.660721,64.09076999999999,0,2591700,81.410962,Interactive,4,7.0
583200,ZXGOZbIjK5v+i0EEHS1SywZP4yiFZ8ZKmsXeJkkPrReMvTBGQ4dNJbBygiRCqes7,57.317164,61.350216,66.390377,0,2591700,81.410962,Interactive,4,7.0
583500,ZXGOZbIjK5v+i0EEHS1SywZP4yiFZ8ZKmsXeJkkPrReMvTBGQ4dNJbBygiRCqes7,55.705831,60.529672,65.157938,0,2591700,81.410962,Interactive,4,7.0
583800,ZXGOZbIjK5v+i0EEHS1SywZP4yiFZ8ZKmsXeJkkPrReMvTBGQ4dNJbBygiRCqes7,57.409713,61.666769,65.983553,0,2591700,81.410962,Interactive,4,7.0
584100,ZXGOZbIjK5v+i0EEHS1SywZP4yiFZ8ZKmsXeJkkPrReMvTBGQ4dNJbBygiRCqes7,57.670393,61.291312,65.41726,0,2591700,81.410962,Interactive,4,7.0
584400,ZXGOZbIjK5v+i0EEHS1SywZP4yiFZ8ZKmsXeJkkPrReMvTBGQ4dNJbBygiRCqes7,57.728113,61.660586,65.902823,0,2591700,81.410962,Interactive,4,7.0
584700,ZXGOZbIjK5v+i0EEHS1SywZP4yiFZ8ZKmsXeJkkPrReMvTBGQ4dNJbBygiRCqes7,59.081146,62.28208000000001,68.373688,0,2591700,81.410962,Interactive,4,7.0
585000,ZXGOZbIjK5v+i0EEHS1SywZP4yiFZ8ZKmsXeJkkPrReMvTBGQ4dNJbBygiRCqes7,57.202265,60.655376,65.413015,0,2591700,81.410962,Interactive,4,7.0
585300,ZXGOZbIjK5v+i0EEHS1SywZP4yiFZ8ZKmsXeJkkPrReMvTBGQ4dNJbBygiRCqes7,57.906341000000005,61.66745,66.948577,0,2591700,81.410962,Interactive,4,7.0
585600,ZXGOZbIjK5v+i0EEHS1SywZP4yiFZ8ZKmsXeJkkPrReMvTBGQ4dNJbBygiRCqes7,57.207408,61.06470899999999,65.540759,0,2591700,81.410962,Interactive,4,7.0
585900,ZXGOZbIjK5v+i0EEHS1SywZP4yiFZ8ZKmsXeJkkPrReMvTBGQ4dNJbBygiRCqes7,59.600832,62.97591,67.17811400000001,0,2591700,81.410962,Interactive,4,7.0
586200,ZXGOZbIjK5v+i0EEHS1SywZP4yiFZ8ZKmsXeJkkPrReMvTBGQ4dNJbBygiRCqes7,54.41631999999999,60.776271,66.556777,0,2591700,81.410962,Interactive,4,7.0
586500,ZXGOZbIjK5v+i0EEHS1SywZP4yiFZ8ZKmsXeJkkPrReMvTBGQ4dNJbBygiRCqes7,58.00144,62.04961,68.03235500000001,0,2591700,81.410962,Interactive,4,7.0
586800,ZXGOZbIjK5v+i0EEHS1SywZP4yiFZ8ZKmsXeJkkPrReMvTBGQ4dNJbBygiRCqes7,54.702442000000005,59.98508,63.79044,0,2591700,81.410962,Interactive,4,7.0
587100,ZXGOZbIjK5v+i0EEHS1SywZP4yiFZ8ZKmsXeJkkPrReMvTBGQ4dNJbBygiRCqes7,58.89111,62.661506,67.868633,0,2591700,81.410962,Interactive,4,7.0
587400,ZXGOZbIjK5v+i0EEHS1SywZP4yiFZ8ZKmsXeJkkPrReMvTBGQ4dNJbBygiRCqes7,55.005296,60.450741,64.23220400000001,0,2591700,81.410962,Interactive,4,7.0
587700,ZXGOZbIjK5v+i0EEHS1SywZP4yiFZ8ZKmsXeJkkPrReMvTBGQ4dNJbBygiRCqes7,57.772266,61.085611,66.944875,0,2591700,81.410962,Interactive,4,7.0
588000,ZXGOZbIjK5v+i0EEHS1SywZP4yiFZ8ZKmsXeJkkPrReMvTBGQ4dNJbBygiRCqes7,54.725251,58.824623,63.84779399999999,0,2591700,81.410962,Interactive,4,7.0
588300,ZXGOZbIjK5v+i0EEHS1SywZP4yiFZ8ZKmsXeJkkPrReMvTBGQ4dNJbBygiRCqes7,56.16683199999999,61.66844,67.46636099999999,0,2591700,81.410962,Interactive,4,7.0
588600,ZXGOZbIjK5v+i0EEHS1SywZP4yiFZ8ZKmsXeJkkPrReMvTBGQ4dNJbBygiRCqes7,57.765432,60.547792,63.763312,0,2591700,81.410962,Interactive,4,7.0
588900,ZXGOZbIjK5v+i0EEHS1SywZP4yiFZ8ZKmsXeJkkPrReMvTBGQ4dNJbBygiRCqes7,57.474227,61.835963,67.488979,0,2591700,81.410962,Interactive,4,7.0
589200,ZXGOZbIjK5v+i0EEHS1SywZP4yiFZ8ZKmsXeJkkPrReMvTBGQ4dNJbBygiRCqes7,57.25996899999999,60.297367,63.414613,0,2591700,81.410962,Interactive,4,7.0
589500,ZXGOZbIjK5v+i0EEHS1SywZP4yiFZ8ZKmsXeJkkPrReMvTBGQ4dNJbBygiRCqes7,60.388995,63.31377,67.81236700000001,0,2591700,81.410962,Interactive,4,7.0
589800,ZXGOZbIjK5v+i0EEHS1SywZP4yiFZ8ZKmsXeJkkPrReMvTBGQ4dNJbBygiRCqes7,59.50028,61.219285,63.923349,0,2591700,81.410962,Interactive,4,7.0
590100,ZXGOZbIjK5v+i0EEHS1SywZP4yiFZ8ZKmsXeJkkPrReMvTBGQ4dNJbBygiRCqes7,59.529627000000005,64.179585,69.200644,0,2591700,81.410962,Interactive,4,7.0
590400,ZXGOZbIjK5v+i0EEHS1SywZP4yiFZ8ZKmsXeJkkPrReMvTBGQ4dNJbBygiRCqes7,58.74386,60.955164,65.1614,0,2591700,81.410962,Interactive,4,7.0
590700,ZXGOZbIjK5v+i0EEHS1SywZP4yiFZ8ZKmsXeJkkPrReMvTBGQ4dNJbBygiRCqes7,58.56910799999999,63.338035,68.623088,0,2591700,81.410962,Interactive,4,7.0
591000,ZXGOZbIjK5v+i0EEHS1SywZP4yiFZ8ZKmsXeJkkPrReMvTBGQ4dNJbBygiRCqes7,56.801145,61.555928,65.956153,0,2591700,81.410962,Interactive,4,7.0
591300,ZXGOZbIjK5v+i0EEHS1SywZP4yiFZ8ZKmsXeJkkPrReMvTBGQ4dNJbBygiRCqes7,56.89402,62.266282,66.520516,0,2591700,81.410962,Interactive,4,7.0
591600,ZXGOZbIjK5v+i0EEHS1SywZP4yiFZ8ZKmsXeJkkPrReMvTBGQ4dNJbBygiRCqes7,54.748993000000006,60.062066,66.20121400000001,0,2591700,81.410962,Interactive,4,7.0
591900,ZXGOZbIjK5v+i0EEHS1SywZP4yiFZ8ZKmsXeJkkPrReMvTBGQ4dNJbBygiRCqes7,57.248696,61.96285,68.33408399999999,0,2591700,81.410962,Interactive,4,7.0
592200,ZXGOZbIjK5v+i0EEHS1SywZP4yiFZ8ZKmsXeJkkPrReMvTBGQ4dNJbBygiRCqes7,56.817636,60.464634,62.824501,0,2591700,81.410962,Interactive,4,7.0
592500,ZXGOZbIjK5v+i0EEHS1SywZP4yiFZ8ZKmsXeJkkPrReMvTBGQ4dNJbBygiRCqes7,54.865087,59.976198,65.381123,0,2591700,81.410962,Interactive,4,7.0
592800,ZXGOZbIjK5v+i0EEHS1SywZP4yiFZ8ZKmsXeJkkPrReMvTBGQ4dNJbBygiRCqes7,57.04225,61.328143,67.281598,0,2591700,81.410962,Interactive,4,7.0
593100,ZXGOZbIjK5v+i0EEHS1SywZP4yiFZ8ZKmsXeJkkPrReMvTBGQ4dNJbBygiRCqes7,54.883809,59.043315,63.961952,0,2591700,81.410962,Interactive,4,7.0
593400,ZXGOZbIjK5v+i0EEHS1SywZP4yiFZ8ZKmsXeJkkPrReMvTBGQ4dNJbBygiRCqes7,58.513234,61.709199,69.160815,0,2591700,81.410962,Interactive,4,7.0
593700,ZXGOZbIjK5v+i0EEHS1SywZP4yiFZ8ZKmsXeJkkPrReMvTBGQ4dNJbBygiRCqes7,54.916312,59.27708199999999,62.83736,0,2591700,81.410962,Interactive,4,7.0
594000,ZXGOZbIjK5v+i0EEHS1SywZP4yiFZ8ZKmsXeJkkPrReMvTBGQ4dNJbBygiRCqes7,57.415515,62.144963,66.759395,0,2591700,81.410962,Interactive,4,7.0
594300,ZXGOZbIjK5v+i0EEHS1SywZP4yiFZ8ZKmsXeJkkPrReMvTBGQ4dNJbBygiRCqes7,59.409212,62.49654,66.353362,0,2591700,81.410962,Interactive,4,7.0
594600,ZXGOZbIjK5v+i0EEHS1SywZP4yiFZ8ZKmsXeJkkPrReMvTBGQ4dNJbBygiRCqes7,61.083888,62.973601,66.533624,0,2591700,81.410962,Interactive,4,7.0
594900,ZXGOZbIjK5v+i0EEHS1SywZP4yiFZ8ZKmsXeJkkPrReMvTBGQ4dNJbBygiRCqes7,58.077998,60.945835,64.500346,0,2591700,81.410962,Interactive,4,7.0
595200,ZXGOZbIjK5v+i0EEHS1SywZP4yiFZ8ZKmsXeJkkPrReMvTBGQ4dNJbBygiRCqes7,59.774996,62.349986,66.517741,0,2591700,81.410962,Interactive,4,7.0
595500,ZXGOZbIjK5v+i0EEHS1SywZP4yiFZ8ZKmsXeJkkPrReMvTBGQ4dNJbBygiRCqes7,59.655166,62.734916000000005,67.189082,0,2591700,81.410962,Interactive,4,7.0
595800,ZXGOZbIjK5v+i0EEHS1SywZP4yiFZ8ZKmsXeJkkPrReMvTBGQ4dNJbBygiRCqes7,60.112915,62.580246,66.159091,0,2591700,81.410962,Interactive,4,7.0
596100,ZXGOZbIjK5v+i0EEHS1SywZP4yiFZ8ZKmsXeJkkPrReMvTBGQ4dNJbBygiRCqes7,55.353415000000005,60.71240400000001,67.526899,0,2591700,81.410962,Interactive,4,7.0
596400,ZXGOZbIjK5v+i0EEHS1SywZP4yiFZ8ZKmsXeJkkPrReMvTBGQ4dNJbBygiRCqes7,56.60635799999999,61.557236,68.439262,0,2591700,81.410962,Interactive,4,7.0
596700,ZXGOZbIjK5v+i0EEHS1SywZP4yiFZ8ZKmsXeJkkPrReMvTBGQ4dNJbBygiRCqes7,57.648866000000005,60.808099,63.88616999999999,0,2591700,81.410962,Interactive,4,7.0
597000,ZXGOZbIjK5v+i0EEHS1SywZP4yiFZ8ZKmsXeJkkPrReMvTBGQ4dNJbBygiRCqes7,57.957466,62.589732,67.581536,0,2591700,81.410962,Interactive,4,7.0
597300,ZXGOZbIjK5v+i0EEHS1SywZP4yiFZ8ZKmsXeJkkPrReMvTBGQ4dNJbBygiRCqes7,56.671671,60.023348,63.346299,0,2591700,81.410962,Interactive,4,7.0
597600,ZXGOZbIjK5v+i0EEHS1SywZP4yiFZ8ZKmsXeJkkPrReMvTBGQ4dNJbBygiRCqes7,59.549566000000006,63.15209300000001,69.439651,0,2591700,81.410962,Interactive,4,7.0
597900,ZXGOZbIjK5v+i0EEHS1SywZP4yiFZ8ZKmsXeJkkPrReMvTBGQ4dNJbBygiRCqes7,54.866038,59.160589,64.369964,0,2591700,81.410962,Interactive,4,7.0
598200,ZXGOZbIjK5v+i0EEHS1SywZP4yiFZ8ZKmsXeJkkPrReMvTBGQ4dNJbBygiRCqes7,52.813161,60.811351,67.190802,0,2591700,81.410962,Interactive,4,7.0
598500,ZXGOZbIjK5v+i0EEHS1SywZP4yiFZ8ZKmsXeJkkPrReMvTBGQ4dNJbBygiRCqes7,56.823275,60.00115600000001,64.11750699999999,0,2591700,81.410962,Interactive,4,7.0
598800,ZXGOZbIjK5v+i0EEHS1SywZP4yiFZ8ZKmsXeJkkPrReMvTBGQ4dNJbBygiRCqes7,59.255143,63.173389,67.194947,0,2591700,81.410962,Interactive,4,7.0
599100,ZXGOZbIjK5v+i0EEHS1SywZP4yiFZ8ZKmsXeJkkPrReMvTBGQ4dNJbBygiRCqes7,57.528923,60.565948,65.292402,0,2591700,81.410962,Interactive,4,7.0
599400,ZXGOZbIjK5v+i0EEHS1SywZP4yiFZ8ZKmsXeJkkPrReMvTBGQ4dNJbBygiRCqes7,59.718357,64.04356,67.47333,0,2591700,81.410962,Interactive,4,7.0
599700,ZXGOZbIjK5v+i0EEHS1SywZP4yiFZ8ZKmsXeJkkPrReMvTBGQ4dNJbBygiRCqes7,58.784915000000005,61.093385,64.51033000000001,0,2591700,81.410962,Interactive,4,7.0
600000,ZXGOZbIjK5v+i0EEHS1SywZP4yiFZ8ZKmsXeJkkPrReMvTBGQ4dNJbBygiRCqes7,58.527145,62.826926,66.252883,0,2591700,81.410962,Interactive,4,7.0
600300,ZXGOZbIjK5v+i0EEHS1SywZP4yiFZ8ZKmsXeJkkPrReMvTBGQ4dNJbBygiRCqes7,55.381626,58.971864,63.321804,0,2591700,81.410962,Interactive,4,7.0
600600,ZXGOZbIjK5v+i0EEHS1SywZP4yiFZ8ZKmsXeJkkPrReMvTBGQ4dNJbBygiRCqes7,57.132256000000005,62.23174100000001,66.26906899999999,0,2591700,81.410962,Interactive,4,7.0
600900,ZXGOZbIjK5v+i0EEHS1SywZP4yiFZ8ZKmsXeJkkPrReMvTBGQ4dNJbBygiRCqes7,57.809173,60.542813,63.180829,0,2591700,81.410962,Interactive,4,7.0
601200,ZXGOZbIjK5v+i0EEHS1SywZP4yiFZ8ZKmsXeJkkPrReMvTBGQ4dNJbBygiRCqes7,59.79052900000001,63.31068199999999,67.158353,0,2591700,81.410962,Interactive,4,7.0
601500,ZXGOZbIjK5v+i0EEHS1SywZP4yiFZ8ZKmsXeJkkPrReMvTBGQ4dNJbBygiRCqes7,54.940364,59.083057,65.737367,0,2591700,81.410962,Interactive,4,7.0
601800,ZXGOZbIjK5v+i0EEHS1SywZP4yiFZ8ZKmsXeJkkPrReMvTBGQ4dNJbBygiRCqes7,54.137589,61.645748,67.217247,0,2591700,81.410962,Interactive,4,7.0
602100,ZXGOZbIjK5v+i0EEHS1SywZP4yiFZ8ZKmsXeJkkPrReMvTBGQ4dNJbBygiRCqes7,56.482184,59.607846,62.867149,0,2591700,81.410962,Interactive,4,7.0
602400,ZXGOZbIjK5v+i0EEHS1SywZP4yiFZ8ZKmsXeJkkPrReMvTBGQ4dNJbBygiRCqes7,58.894259,61.676184,65.933818,0,2591700,81.410962,Interactive,4,7.0
602700,ZXGOZbIjK5v+i0EEHS1SywZP4yiFZ8ZKmsXeJkkPrReMvTBGQ4dNJbBygiRCqes7,56.46739399999999,59.990593,63.29466600000001,0,2591700,81.410962,Interactive,4,7.0
603000,ZXGOZbIjK5v+i0EEHS1SywZP4yiFZ8ZKmsXeJkkPrReMvTBGQ4dNJbBygiRCqes7,58.162942,61.524696,67.46794,0,2591700,81.410962,Interactive,4,7.0
603300,ZXGOZbIjK5v+i0EEHS1SywZP4yiFZ8ZKmsXeJkkPrReMvTBGQ4dNJbBygiRCqes7,60.923621,63.34533100000001,67.066542,0,2591700,81.410962,Interactive,4,7.0
603600,ZXGOZbIjK5v+i0EEHS1SywZP4yiFZ8ZKmsXeJkkPrReMvTBGQ4dNJbBygiRCqes7,60.08613,63.055129,65.552011,0,2591700,81.410962,Interactive,4,7.0
603900,ZXGOZbIjK5v+i0EEHS1SywZP4yiFZ8ZKmsXeJkkPrReMvTBGQ4dNJbBygiRCqes7,59.754145,62.678675,65.959248,0,2591700,81.410962,Interactive,4,7.0
604200,ZXGOZbIjK5v+i0EEHS1SywZP4yiFZ8ZKmsXeJkkPrReMvTBGQ4dNJbBygiRCqes7,60.276787,63.441662,67.186909,0,2591700,81.410962,Interactive,4,7.0
604500,ZXGOZbIjK5v+i0EEHS1SywZP4yiFZ8ZKmsXeJkkPrReMvTBGQ4dNJbBygiRCqes7,56.24757,62.901237,66.690485,0,2591700,81.410962,Interactive,4,7.0
604800,ZXGOZbIjK5v+i0EEHS1SywZP4yiFZ8ZKmsXeJkkPrReMvTBGQ4dNJbBygiRCqes7,59.527205,62.883252,66.365572,0,2591700,81.410962,Interactive,4,7.0
605100,ZXGOZbIjK5v+i0EEHS1SywZP4yiFZ8ZKmsXeJkkPrReMvTBGQ4dNJbBygiRCqes7,54.842177,59.90115600000001,66.137863,0,2591700,81.410962,Interactive,4,7.0
605400,ZXGOZbIjK5v+i0EEHS1SywZP4yiFZ8ZKmsXeJkkPrReMvTBGQ4dNJbBygiRCqes7,58.172876,62.515432,66.604878,0,2591700,81.410962,Interactive,4,7.0
605700,ZXGOZbIjK5v+i0EEHS1SywZP4yiFZ8ZKmsXeJkkPrReMvTBGQ4dNJbBygiRCqes7,57.877576,61.46898,64.677762,0,2591700,81.410962,Interactive,4,7.0
606000,ZXGOZbIjK5v+i0EEHS1SywZP4yiFZ8ZKmsXeJkkPrReMvTBGQ4dNJbBygiRCqes7,59.289823,61.268353000000005,63.889005,0,2591700,81.410962,Interactive,4,7.0
606300,ZXGOZbIjK5v+i0EEHS1SywZP4yiFZ8ZKmsXeJkkPrReMvTBGQ4dNJbBygiRCqes7,57.576619,60.450351,63.713599,0,2591700,81.410962,Interactive,4,7.0
606600,ZXGOZbIjK5v+i0EEHS1SywZP4yiFZ8ZKmsXeJkkPrReMvTBGQ4dNJbBygiRCqes7,57.604224,60.311509,63.849337,0,2591700,81.410962,Interactive,4,7.0
606900,ZXGOZbIjK5v+i0EEHS1SywZP4yiFZ8ZKmsXeJkkPrReMvTBGQ4dNJbBygiRCqes7,59.090586,62.386383,67.433246,0,2591700,81.410962,Interactive,4,7.0
607200,ZXGOZbIjK5v+i0EEHS1SywZP4yiFZ8ZKmsXeJkkPrReMvTBGQ4dNJbBygiRCqes7,58.976324,60.996282,63.809829,0,2591700,81.410962,Interactive,4,7.0
607500,ZXGOZbIjK5v+i0EEHS1SywZP4yiFZ8ZKmsXeJkkPrReMvTBGQ4dNJbBygiRCqes7,58.82501,62.027184,65.683419,0,2591700,81.410962,Interactive,4,7.0
607800,ZXGOZbIjK5v+i0EEHS1SywZP4yiFZ8ZKmsXeJkkPrReMvTBGQ4dNJbBygiRCqes7,57.402684,61.362327,67.322399,0,2591700,81.410962,Interactive,4,7.0
608100,ZXGOZbIjK5v+i0EEHS1SywZP4yiFZ8ZKmsXeJkkPrReMvTBGQ4dNJbBygiRCqes7,59.165551,61.783644,65.552052,0,2591700,81.410962,Interactive,4,7.0
608400,ZXGOZbIjK5v+i0EEHS1SywZP4yiFZ8ZKmsXeJkkPrReMvTBGQ4dNJbBygiRCqes7,60.793634,63.931856,68.81902,0,2591700,81.410962,Interactive,4,7.0
608700,ZXGOZbIjK5v+i0EEHS1SywZP4yiFZ8ZKmsXeJkkPrReMvTBGQ4dNJbBygiRCqes7,58.707917,62.665381,66.750757,0,2591700,81.410962,Interactive,4,7.0
609000,ZXGOZbIjK5v+i0EEHS1SywZP4yiFZ8ZKmsXeJkkPrReMvTBGQ4dNJbBygiRCqes7,59.676694,62.652308,68.19483000000001,0,2591700,81.410962,Interactive,4,7.0
609300,ZXGOZbIjK5v+i0EEHS1SywZP4yiFZ8ZKmsXeJkkPrReMvTBGQ4dNJbBygiRCqes7,58.187796,61.687873,66.800845,0,2591700,81.410962,Interactive,4,7.0
609600,ZXGOZbIjK5v+i0EEHS1SywZP4yiFZ8ZKmsXeJkkPrReMvTBGQ4dNJbBygiRCqes7,59.63148,62.537833,66.848035,0,2591700,81.410962,Interactive,4,7.0
609900,ZXGOZbIjK5v+i0EEHS1SywZP4yiFZ8ZKmsXeJkkPrReMvTBGQ4dNJbBygiRCqes7,57.490824,61.022180000000006,66.223837,0,2591700,81.410962,Interactive,4,7.0
610200,ZXGOZbIjK5v+i0EEHS1SywZP4yiFZ8ZKmsXeJkkPrReMvTBGQ4dNJbBygiRCqes7,56.809201,61.642886,68.08659200000001,0,2591700,81.410962,Interactive,4,7.0
610500,ZXGOZbIjK5v+i0EEHS1SywZP4yiFZ8ZKmsXeJkkPrReMvTBGQ4dNJbBygiRCqes7,57.801925,61.220721,65.873992,0,2591700,81.410962,Interactive,4,7.0
610800,ZXGOZbIjK5v+i0EEHS1SywZP4yiFZ8ZKmsXeJkkPrReMvTBGQ4dNJbBygiRCqes7,58.108233,61.883866000000005,66.70066800000001,0,2591700,81.410962,Interactive,4,7.0
611100,ZXGOZbIjK5v+i0EEHS1SywZP4yiFZ8ZKmsXeJkkPrReMvTBGQ4dNJbBygiRCqes7,56.873142,60.637557,65.12933699999999,0,2591700,81.410962,Interactive,4,7.0
611400,ZXGOZbIjK5v+i0EEHS1SywZP4yiFZ8ZKmsXeJkkPrReMvTBGQ4dNJbBygiRCqes7,57.843835,62.292608,67.538398,0,2591700,81.410962,Interactive,4,7.0
611700,ZXGOZbIjK5v+i0EEHS1SywZP4yiFZ8ZKmsXeJkkPrReMvTBGQ4dNJbBygiRCqes7,59.73355600000001,62.47016899999999,66.669184,0,2591700,81.410962,Interactive,4,7.0
612000,ZXGOZbIjK5v+i0EEHS1SywZP4yiFZ8ZKmsXeJkkPrReMvTBGQ4dNJbBygiRCqes7,59.515051,62.100141,67.10782900000001,0,2591700,81.410962,Interactive,4,7.0
612300,ZXGOZbIjK5v+i0EEHS1SywZP4yiFZ8ZKmsXeJkkPrReMvTBGQ4dNJbBygiRCqes7,56.515458,60.225016,64.405664,0,2591700,81.410962,Interactive,4,7.0
612600,ZXGOZbIjK5v+i0EEHS1SywZP4yiFZ8ZKmsXeJkkPrReMvTBGQ4dNJbBygiRCqes7,58.996141,63.064098,67.025883,0,2591700,81.410962,Interactive,4,7.0
612900,ZXGOZbIjK5v+i0EEHS1SywZP4yiFZ8ZKmsXeJkkPrReMvTBGQ4dNJbBygiRCqes7,58.833456000000005,62.179537,66.026425,0,2591700,81.410962,Interactive,4,7.0
613200,ZXGOZbIjK5v+i0EEHS1SywZP4yiFZ8ZKmsXeJkkPrReMvTBGQ4dNJbBygiRCqes7,55.091669,61.974031,65.454265,0,2591700,81.410962,Interactive,4,7.0
613500,ZXGOZbIjK5v+i0EEHS1SywZP4yiFZ8ZKmsXeJkkPrReMvTBGQ4dNJbBygiRCqes7,56.48463,61.281068000000005,65.730609,0,2591700,81.410962,Interactive,4,7.0
613800,ZXGOZbIjK5v+i0EEHS1SywZP4yiFZ8ZKmsXeJkkPrReMvTBGQ4dNJbBygiRCqes7,59.175287,62.160275,65.034814,0,2591700,81.410962,Interactive,4,7.0
614100,ZXGOZbIjK5v+i0EEHS1SywZP4yiFZ8ZKmsXeJkkPrReMvTBGQ4dNJbBygiRCqes7,57.09004399999999,60.363562,64.803012,0,2591700,81.410962,Interactive,4,7.0
614400,ZXGOZbIjK5v+i0EEHS1SywZP4yiFZ8ZKmsXeJkkPrReMvTBGQ4dNJbBygiRCqes7,57.348297,60.939884,64.035402,0,2591700,81.410962,Interactive,4,7.0
614700,ZXGOZbIjK5v+i0EEHS1SywZP4yiFZ8ZKmsXeJkkPrReMvTBGQ4dNJbBygiRCqes7,53.828012,59.753978,65.918547,0,2591700,81.410962,Interactive,4,7.0
615000,ZXGOZbIjK5v+i0EEHS1SywZP4yiFZ8ZKmsXeJkkPrReMvTBGQ4dNJbBygiRCqes7,58.03361,61.644614,67.00778299999999,0,2591700,81.410962,Interactive,4,7.0
615300,ZXGOZbIjK5v+i0EEHS1SywZP4yiFZ8ZKmsXeJkkPrReMvTBGQ4dNJbBygiRCqes7,57.57406700000001,60.65128299999999,64.968172,0,2591700,81.410962,Interactive,4,7.0
615600,ZXGOZbIjK5v+i0EEHS1SywZP4yiFZ8ZKmsXeJkkPrReMvTBGQ4dNJbBygiRCqes7,59.243973,62.37924,64.87291,0,2591700,81.410962,Interactive,4,7.0
615900,ZXGOZbIjK5v+i0EEHS1SywZP4yiFZ8ZKmsXeJkkPrReMvTBGQ4dNJbBygiRCqes7,58.030888,61.799017000000006,65.392151,0,2591700,81.410962,Interactive,4,7.0
616200,ZXGOZbIjK5v+i0EEHS1SywZP4yiFZ8ZKmsXeJkkPrReMvTBGQ4dNJbBygiRCqes7,59.159507,63.278118000000006,67.401308,0,2591700,81.410962,Interactive,4,7.0
616500,ZXGOZbIjK5v+i0EEHS1SywZP4yiFZ8ZKmsXeJkkPrReMvTBGQ4dNJbBygiRCqes7,56.512592000000005,60.444368,64.77216800000001,0,2591700,81.410962,Interactive,4,7.0
616800,ZXGOZbIjK5v+i0EEHS1SywZP4yiFZ8ZKmsXeJkkPrReMvTBGQ4dNJbBygiRCqes7,58.112748,62.151377,66.518292,0,2591700,81.410962,Interactive,4,7.0
617100,ZXGOZbIjK5v+i0EEHS1SywZP4yiFZ8ZKmsXeJkkPrReMvTBGQ4dNJbBygiRCqes7,56.442842000000006,61.922519,67.11239,0,2591700,81.410962,Interactive,4,7.0
617400,ZXGOZbIjK5v+i0EEHS1SywZP4yiFZ8ZKmsXeJkkPrReMvTBGQ4dNJbBygiRCqes7,59.380344,62.925626,66.657095,0,2591700,81.410962,Interactive,4,7.0
617700,ZXGOZbIjK5v+i0EEHS1SywZP4yiFZ8ZKmsXeJkkPrReMvTBGQ4dNJbBygiRCqes7,58.493905000000005,61.280972,65.665166,0,2591700,81.410962,Interactive,4,7.0
618000,ZXGOZbIjK5v+i0EEHS1SywZP4yiFZ8ZKmsXeJkkPrReMvTBGQ4dNJbBygiRCqes7,60.094653,63.0198,67.960723,0,2591700,81.410962,Interactive,4,7.0
618300,ZXGOZbIjK5v+i0EEHS1SywZP4yiFZ8ZKmsXeJkkPrReMvTBGQ4dNJbBygiRCqes7,58.602332,61.464216,65.778053,0,2591700,81.410962,Interactive,4,7.0
618600,ZXGOZbIjK5v+i0EEHS1SywZP4yiFZ8ZKmsXeJkkPrReMvTBGQ4dNJbBygiRCqes7,59.763651,63.43151,67.284175,0,2591700,81.410962,Interactive,4,7.0
618900,ZXGOZbIjK5v+i0EEHS1SywZP4yiFZ8ZKmsXeJkkPrReMvTBGQ4dNJbBygiRCqes7,55.579841,60.644928,65.18172,0,2591700,81.410962,Interactive,4,7.0
619200,ZXGOZbIjK5v+i0EEHS1SywZP4yiFZ8ZKmsXeJkkPrReMvTBGQ4dNJbBygiRCqes7,55.866505,59.440462,62.976978,0,2591700,81.410962,Interactive,4,7.0
619500,ZXGOZbIjK5v+i0EEHS1SywZP4yiFZ8ZKmsXeJkkPrReMvTBGQ4dNJbBygiRCqes7,54.770912,58.798988,65.762186,0,2591700,81.410962,Interactive,4,7.0
619800,ZXGOZbIjK5v+i0EEHS1SywZP4yiFZ8ZKmsXeJkkPrReMvTBGQ4dNJbBygiRCqes7,55.737597,59.459186,63.79041,0,2591700,81.410962,Interactive,4,7.0
620100,ZXGOZbIjK5v+i0EEHS1SywZP4yiFZ8ZKmsXeJkkPrReMvTBGQ4dNJbBygiRCqes7,57.542385,60.977996,66.353887,0,2591700,81.410962,Interactive,4,7.0
620400,ZXGOZbIjK5v+i0EEHS1SywZP4yiFZ8ZKmsXeJkkPrReMvTBGQ4dNJbBygiRCqes7,55.00601,59.436748,63.270143,0,2591700,81.410962,Interactive,4,7.0
620700,ZXGOZbIjK5v+i0EEHS1SywZP4yiFZ8ZKmsXeJkkPrReMvTBGQ4dNJbBygiRCqes7,54.674739,61.003485,66.530925,0,2591700,81.410962,Interactive,4,7.0
621000,ZXGOZbIjK5v+i0EEHS1SywZP4yiFZ8ZKmsXeJkkPrReMvTBGQ4dNJbBygiRCqes7,56.391153,59.661181000000006,62.510449,0,2591700,81.410962,Interactive,4,7.0
621300,ZXGOZbIjK5v+i0EEHS1SywZP4yiFZ8ZKmsXeJkkPrReMvTBGQ4dNJbBygiRCqes7,59.392301,63.317999,68.78065,0,2591700,81.410962,Interactive,4,7.0
621600,ZXGOZbIjK5v+i0EEHS1SywZP4yiFZ8ZKmsXeJkkPrReMvTBGQ4dNJbBygiRCqes7,58.84721999999999,61.809566,65.731967,0,2591700,81.410962,Interactive,4,7.0
621900,ZXGOZbIjK5v+i0EEHS1SywZP4yiFZ8ZKmsXeJkkPrReMvTBGQ4dNJbBygiRCqes7,60.840603,64.354995,69.642485,0,2591700,81.410962,Interactive,4,7.0
622200,ZXGOZbIjK5v+i0EEHS1SywZP4yiFZ8ZKmsXeJkkPrReMvTBGQ4dNJbBygiRCqes7,57.411281,61.394677,65.106173,0,2591700,81.410962,Interactive,4,7.0
622500,ZXGOZbIjK5v+i0EEHS1SywZP4yiFZ8ZKmsXeJkkPrReMvTBGQ4dNJbBygiRCqes7,59.033844,62.402476,67.865298,0,2591700,81.410962,Interactive,4,7.0
622800,ZXGOZbIjK5v+i0EEHS1SywZP4yiFZ8ZKmsXeJkkPrReMvTBGQ4dNJbBygiRCqes7,55.975467,61.935697,67.06821500000001,0,2591700,81.410962,Interactive,4,7.0
623100,ZXGOZbIjK5v+i0EEHS1SywZP4yiFZ8ZKmsXeJkkPrReMvTBGQ4dNJbBygiRCqes7,57.858109,61.325497,65.255747,0,2591700,81.410962,Interactive,4,7.0
623400,ZXGOZbIjK5v+i0EEHS1SywZP4yiFZ8ZKmsXeJkkPrReMvTBGQ4dNJbBygiRCqes7,58.597847,62.045553000000005,67.149642,0,2591700,81.410962,Interactive,4,7.0
623700,ZXGOZbIjK5v+i0EEHS1SywZP4yiFZ8ZKmsXeJkkPrReMvTBGQ4dNJbBygiRCqes7,58.456255000000006,61.342324,65.8282,0,2591700,81.410962,Interactive,4,7.0
624000,ZXGOZbIjK5v+i0EEHS1SywZP4yiFZ8ZKmsXeJkkPrReMvTBGQ4dNJbBygiRCqes7,57.898683,61.441329,66.30352099999999,0,2591700,81.410962,Interactive,4,7.0
624300,ZXGOZbIjK5v+i0EEHS1SywZP4yiFZ8ZKmsXeJkkPrReMvTBGQ4dNJbBygiRCqes7,59.035349,62.756844,66.960063,0,2591700,81.410962,Interactive,4,7.0
624600,ZXGOZbIjK5v+i0EEHS1SywZP4yiFZ8ZKmsXeJkkPrReMvTBGQ4dNJbBygiRCqes7,58.565856,62.53200699999999,69.297478,0,2591700,81.410962,Interactive,4,7.0
624900,ZXGOZbIjK5v+i0EEHS1SywZP4yiFZ8ZKmsXeJkkPrReMvTBGQ4dNJbBygiRCqes7,56.043785,59.816049,64.482416,0,2591700,81.410962,Interactive,4,7.0
625200,ZXGOZbIjK5v+i0EEHS1SywZP4yiFZ8ZKmsXeJkkPrReMvTBGQ4dNJbBygiRCqes7,55.64996,59.681234,63.846935,0,2591700,81.410962,Interactive,4,7.0
625500,ZXGOZbIjK5v+i0EEHS1SywZP4yiFZ8ZKmsXeJkkPrReMvTBGQ4dNJbBygiRCqes7,59.144211,62.252601,66.445388,0,2591700,81.410962,Interactive,4,7.0
625800,ZXGOZbIjK5v+i0EEHS1SywZP4yiFZ8ZKmsXeJkkPrReMvTBGQ4dNJbBygiRCqes7,51.248524,61.324451,66.59912800000001,0,2591700,81.410962,Interactive,4,7.0
626100,ZXGOZbIjK5v+i0EEHS1SywZP4yiFZ8ZKmsXeJkkPrReMvTBGQ4dNJbBygiRCqes7,60.400838,62.899272,66.865768,0,2591700,81.410962,Interactive,4,7.0
626400,ZXGOZbIjK5v+i0EEHS1SywZP4yiFZ8ZKmsXeJkkPrReMvTBGQ4dNJbBygiRCqes7,59.770743,62.855481000000005,66.59295999999999,0,2591700,81.410962,Interactive,4,7.0
626700,ZXGOZbIjK5v+i0EEHS1SywZP4yiFZ8ZKmsXeJkkPrReMvTBGQ4dNJbBygiRCqes7,58.608109,62.65901,65.773235,0,2591700,81.410962,Interactive,4,7.0
627000,ZXGOZbIjK5v+i0EEHS1SywZP4yiFZ8ZKmsXeJkkPrReMvTBGQ4dNJbBygiRCqes7,58.996093,62.246474,65.422459,0,2591700,81.410962,Interactive,4,7.0
627300,ZXGOZbIjK5v+i0EEHS1SywZP4yiFZ8ZKmsXeJkkPrReMvTBGQ4dNJbBygiRCqes7,59.016554000000006,62.143537,66.679011,0,2591700,81.410962,Interactive,4,7.0
627600,ZXGOZbIjK5v+i0EEHS1SywZP4yiFZ8ZKmsXeJkkPrReMvTBGQ4dNJbBygiRCqes7,57.393203,61.371695,65.728837,0,2591700,81.410962,Interactive,4,7.0
627900,ZXGOZbIjK5v+i0EEHS1SywZP4yiFZ8ZKmsXeJkkPrReMvTBGQ4dNJbBygiRCqes7,58.033949,61.58303000000001,66.58420500000001,0,2591700,81.410962,Interactive,4,7.0
628200,ZXGOZbIjK5v+i0EEHS1SywZP4yiFZ8ZKmsXeJkkPrReMvTBGQ4dNJbBygiRCqes7,58.188798,60.8246,64.12371999999999,0,2591700,81.410962,Interactive,4,7.0
628500,ZXGOZbIjK5v+i0EEHS1SywZP4yiFZ8ZKmsXeJkkPrReMvTBGQ4dNJbBygiRCqes7,59.578257,62.375358,70.332266,0,2591700,81.410962,Interactive,4,7.0
628800,ZXGOZbIjK5v+i0EEHS1SywZP4yiFZ8ZKmsXeJkkPrReMvTBGQ4dNJbBygiRCqes7,59.181964,62.339351,65.651336,0,2591700,81.410962,Interactive,4,7.0
629100,ZXGOZbIjK5v+i0EEHS1SywZP4yiFZ8ZKmsXeJkkPrReMvTBGQ4dNJbBygiRCqes7,58.210673,61.742089,65.387114,0,2591700,81.410962,Interactive,4,7.0
629400,ZXGOZbIjK5v+i0EEHS1SywZP4yiFZ8ZKmsXeJkkPrReMvTBGQ4dNJbBygiRCqes7,59.757296,62.993549,65.73317800000001,0,2591700,81.410962,Interactive,4,7.0
629700,ZXGOZbIjK5v+i0EEHS1SywZP4yiFZ8ZKmsXeJkkPrReMvTBGQ4dNJbBygiRCqes7,56.311036,59.316822,64.603092,0,2591700,81.410962,Interactive,4,7.0
630000,ZXGOZbIjK5v+i0EEHS1SywZP4yiFZ8ZKmsXeJkkPrReMvTBGQ4dNJbBygiRCqes7,55.648267,60.772479,66.656846,0,2591700,81.410962,Interactive,4,7.0
630300,ZXGOZbIjK5v+i0EEHS1SywZP4yiFZ8ZKmsXeJkkPrReMvTBGQ4dNJbBygiRCqes7,56.837557,59.431706000000005,63.286648,0,2591700,81.410962,Interactive,4,7.0
630600,ZXGOZbIjK5v+i0EEHS1SywZP4yiFZ8ZKmsXeJkkPrReMvTBGQ4dNJbBygiRCqes7,58.093818000000006,62.360799,68.165755,0,2591700,81.410962,Interactive,4,7.0
630900,ZXGOZbIjK5v+i0EEHS1SywZP4yiFZ8ZKmsXeJkkPrReMvTBGQ4dNJbBygiRCqes7,57.449696,59.417345,62.461853000000005,0,2591700,81.410962,Interactive,4,7.0
631200,ZXGOZbIjK5v+i0EEHS1SywZP4yiFZ8ZKmsXeJkkPrReMvTBGQ4dNJbBygiRCqes7,58.153865,62.927969,72.286497,0,2591700,81.410962,Interactive,4,7.0
631500,ZXGOZbIjK5v+i0EEHS1SywZP4yiFZ8ZKmsXeJkkPrReMvTBGQ4dNJbBygiRCqes7,55.67821,59.360518000000006,64.724005,0,2591700,81.410962,Interactive,4,7.0
631800,ZXGOZbIjK5v+i0EEHS1SywZP4yiFZ8ZKmsXeJkkPrReMvTBGQ4dNJbBygiRCqes7,56.705627,63.78031800000001,67.987037,0,2591700,81.410962,Interactive,4,7.0
632100,ZXGOZbIjK5v+i0EEHS1SywZP4yiFZ8ZKmsXeJkkPrReMvTBGQ4dNJbBygiRCqes7,55.699472,59.531646,65.199663,0,2591700,81.410962,Interactive,4,7.0
632400,ZXGOZbIjK5v+i0EEHS1SywZP4yiFZ8ZKmsXeJkkPrReMvTBGQ4dNJbBygiRCqes7,59.234637,64.129281,68.599584,0,2591700,81.410962,Interactive,4,7.0
632700,ZXGOZbIjK5v+i0EEHS1SywZP4yiFZ8ZKmsXeJkkPrReMvTBGQ4dNJbBygiRCqes7,57.43553000000001,60.049344,64.229956,0,2591700,81.410962,Interactive,4,7.0
633000,ZXGOZbIjK5v+i0EEHS1SywZP4yiFZ8ZKmsXeJkkPrReMvTBGQ4dNJbBygiRCqes7,59.929929,63.700287,68.47275,0,2591700,81.410962,Interactive,4,7.0
633300,ZXGOZbIjK5v+i0EEHS1SywZP4yiFZ8ZKmsXeJkkPrReMvTBGQ4dNJbBygiRCqes7,55.362696,59.4289,64.20618,0,2591700,81.410962,Interactive,4,7.0
633600,ZXGOZbIjK5v+i0EEHS1SywZP4yiFZ8ZKmsXeJkkPrReMvTBGQ4dNJbBygiRCqes7,55.497022,63.207184,66.73091,0,2591700,81.410962,Interactive,4,7.0
633900,ZXGOZbIjK5v+i0EEHS1SywZP4yiFZ8ZKmsXeJkkPrReMvTBGQ4dNJbBygiRCqes7,57.390963,61.135425,65.15381000000001,0,2591700,81.410962,Interactive,4,7.0
634200,ZXGOZbIjK5v+i0EEHS1SywZP4yiFZ8ZKmsXeJkkPrReMvTBGQ4dNJbBygiRCqes7,58.091632,62.199879,66.05171999999999,0,2591700,81.410962,Interactive,4,7.0
634500,ZXGOZbIjK5v+i0EEHS1SywZP4yiFZ8ZKmsXeJkkPrReMvTBGQ4dNJbBygiRCqes7,57.086277,61.050528,66.603095,0,2591700,81.410962,Interactive,4,7.0
634800,ZXGOZbIjK5v+i0EEHS1SywZP4yiFZ8ZKmsXeJkkPrReMvTBGQ4dNJbBygiRCqes7,55.460063,62.93106,68.568512,0,2591700,81.410962,Interactive,4,7.0
635100,ZXGOZbIjK5v+i0EEHS1SywZP4yiFZ8ZKmsXeJkkPrReMvTBGQ4dNJbBygiRCqes7,57.71463000000001,60.59798000000001,65.093051,0,2591700,81.410962,Interactive,4,7.0
635400,ZXGOZbIjK5v+i0EEHS1SywZP4yiFZ8ZKmsXeJkkPrReMvTBGQ4dNJbBygiRCqes7,58.853453,63.973032,70.448588,0,2591700,81.410962,Interactive,4,7.0
635700,ZXGOZbIjK5v+i0EEHS1SywZP4yiFZ8ZKmsXeJkkPrReMvTBGQ4dNJbBygiRCqes7,55.951730000000005,58.852492000000005,63.811912,0,2591700,81.410962,Interactive,4,7.0
636000,ZXGOZbIjK5v+i0EEHS1SywZP4yiFZ8ZKmsXeJkkPrReMvTBGQ4dNJbBygiRCqes7,55.799747,62.315755,66.043479,0,2591700,81.410962,Interactive,4,7.0
636300,ZXGOZbIjK5v+i0EEHS1SywZP4yiFZ8ZKmsXeJkkPrReMvTBGQ4dNJbBygiRCqes7,57.834637,61.243131000000005,64.883672,0,2591700,81.410962,Interactive,4,7.0
636600,ZXGOZbIjK5v+i0EEHS1SywZP4yiFZ8ZKmsXeJkkPrReMvTBGQ4dNJbBygiRCqes7,59.007327,62.371197,65.554926,0,2591700,81.410962,Interactive,4,7.0
636900,ZXGOZbIjK5v+i0EEHS1SywZP4yiFZ8ZKmsXeJkkPrReMvTBGQ4dNJbBygiRCqes7,57.820105000000005,60.535297,66.027176,0,2591700,81.410962,Interactive,4,7.0
637200,ZXGOZbIjK5v+i0EEHS1SywZP4yiFZ8ZKmsXeJkkPrReMvTBGQ4dNJbBygiRCqes7,58.374127,63.113278,67.59002199999999,0,2591700,81.410962,Interactive,4,7.0
637500,ZXGOZbIjK5v+i0EEHS1SywZP4yiFZ8ZKmsXeJkkPrReMvTBGQ4dNJbBygiRCqes7,55.89748,59.557964,63.54758100000001,0,2591700,81.410962,Interactive,4,7.0
637800,ZXGOZbIjK5v+i0EEHS1SywZP4yiFZ8ZKmsXeJkkPrReMvTBGQ4dNJbBygiRCqes7,57.569883,60.52415,63.240565,0,2591700,81.410962,Interactive,4,7.0
638100,ZXGOZbIjK5v+i0EEHS1SywZP4yiFZ8ZKmsXeJkkPrReMvTBGQ4dNJbBygiRCqes7,54.819804000000005,59.994891,65.521602,0,2591700,81.410962,Interactive,4,7.0
638400,ZXGOZbIjK5v+i0EEHS1SywZP4yiFZ8ZKmsXeJkkPrReMvTBGQ4dNJbBygiRCqes7,56.27265500000001,59.43207099999999,62.582771,0,2591700,81.410962,Interactive,4,7.0
638700,ZXGOZbIjK5v+i0EEHS1SywZP4yiFZ8ZKmsXeJkkPrReMvTBGQ4dNJbBygiRCqes7,56.350452,61.430444,67.547038,0,2591700,81.410962,Interactive,4,7.0
639000,ZXGOZbIjK5v+i0EEHS1SywZP4yiFZ8ZKmsXeJkkPrReMvTBGQ4dNJbBygiRCqes7,58.042001,60.866335,63.31103100000001,0,2591700,81.410962,Interactive,4,7.0
639300,ZXGOZbIjK5v+i0EEHS1SywZP4yiFZ8ZKmsXeJkkPrReMvTBGQ4dNJbBygiRCqes7,59.382979000000006,63.377767000000006,67.123817,0,2591700,81.410962,Interactive,4,7.0
639600,ZXGOZbIjK5v+i0EEHS1SywZP4yiFZ8ZKmsXeJkkPrReMvTBGQ4dNJbBygiRCqes7,59.084341,61.16808100000001,67.49498299999999,0,2591700,81.410962,Interactive,4,7.0
639900,ZXGOZbIjK5v+i0EEHS1SywZP4yiFZ8ZKmsXeJkkPrReMvTBGQ4dNJbBygiRCqes7,59.730074,63.881733,70.65369100000001,0,2591700,81.410962,Interactive,4,7.0
640200,ZXGOZbIjK5v+i0EEHS1SywZP4yiFZ8ZKmsXeJkkPrReMvTBGQ4dNJbBygiRCqes7,58.336634,61.54398199999999,65.510532,0,2591700,81.410962,Interactive,4,7.0
640500,ZXGOZbIjK5v+i0EEHS1SywZP4yiFZ8ZKmsXeJkkPrReMvTBGQ4dNJbBygiRCqes7,60.395590000000006,63.918186,67.607454,0,2591700,81.410962,Interactive,4,7.0
640800,ZXGOZbIjK5v+i0EEHS1SywZP4yiFZ8ZKmsXeJkkPrReMvTBGQ4dNJbBygiRCqes7,59.599908,62.520514,66.153267,0,2591700,81.410962,Interactive,4,7.0
641100,ZXGOZbIjK5v+i0EEHS1SywZP4yiFZ8ZKmsXeJkkPrReMvTBGQ4dNJbBygiRCqes7,59.109937,61.522549,65.735668,0,2591700,81.410962,Interactive,4,7.0
641400,ZXGOZbIjK5v+i0EEHS1SywZP4yiFZ8ZKmsXeJkkPrReMvTBGQ4dNJbBygiRCqes7,54.108301,58.77075,62.996022,0,2591700,81.410962,Interactive,4,7.0
641700,ZXGOZbIjK5v+i0EEHS1SywZP4yiFZ8ZKmsXeJkkPrReMvTBGQ4dNJbBygiRCqes7,50.835113,59.979776,65.771771,0,2591700,81.410962,Interactive,4,7.0
642000,ZXGOZbIjK5v+i0EEHS1SywZP4yiFZ8ZKmsXeJkkPrReMvTBGQ4dNJbBygiRCqes7,55.280992000000005,59.540236,63.748594,0,2591700,81.410962,Interactive,4,7.0
642300,ZXGOZbIjK5v+i0EEHS1SywZP4yiFZ8ZKmsXeJkkPrReMvTBGQ4dNJbBygiRCqes7,54.877715,60.677519,66.299245,0,2591700,81.410962,Interactive,4,7.0
642600,ZXGOZbIjK5v+i0EEHS1SywZP4yiFZ8ZKmsXeJkkPrReMvTBGQ4dNJbBygiRCqes7,55.827414000000005,61.480236,69.037596,0,2591700,81.410962,Interactive,4,7.0
642900,ZXGOZbIjK5v+i0EEHS1SywZP4yiFZ8ZKmsXeJkkPrReMvTBGQ4dNJbBygiRCqes7,58.596732,62.995619,68.364906,0,2591700,81.410962,Interactive,4,7.0
643200,ZXGOZbIjK5v+i0EEHS1SywZP4yiFZ8ZKmsXeJkkPrReMvTBGQ4dNJbBygiRCqes7,58.411759,62.61606,66.419972,0,2591700,81.410962,Interactive,4,7.0
643500,ZXGOZbIjK5v+i0EEHS1SywZP4yiFZ8ZKmsXeJkkPrReMvTBGQ4dNJbBygiRCqes7,54.602559,63.412539,69.83844,0,2591700,81.410962,Interactive,4,7.0
643800,ZXGOZbIjK5v+i0EEHS1SywZP4yiFZ8ZKmsXeJkkPrReMvTBGQ4dNJbBygiRCqes7,57.535882,60.381342,64.330141,0,2591700,81.410962,Interactive,4,7.0
644100,ZXGOZbIjK5v+i0EEHS1SywZP4yiFZ8ZKmsXeJkkPrReMvTBGQ4dNJbBygiRCqes7,56.571656,60.794428,66.470377,0,2591700,81.410962,Interactive,4,7.0
644400,ZXGOZbIjK5v+i0EEHS1SywZP4yiFZ8ZKmsXeJkkPrReMvTBGQ4dNJbBygiRCqes7,56.950665,62.31388199999999,65.56196,0,2591700,81.410962,Interactive,4,7.0
644700,ZXGOZbIjK5v+i0EEHS1SywZP4yiFZ8ZKmsXeJkkPrReMvTBGQ4dNJbBygiRCqes7,58.584748,62.131823,66.54389599999999,0,2591700,81.410962,Interactive,4,7.0
645000,ZXGOZbIjK5v+i0EEHS1SywZP4yiFZ8ZKmsXeJkkPrReMvTBGQ4dNJbBygiRCqes7,59.085621,63.032185,67.016296,0,2591700,81.410962,Interactive,4,7.0
645300,ZXGOZbIjK5v+i0EEHS1SywZP4yiFZ8ZKmsXeJkkPrReMvTBGQ4dNJbBygiRCqes7,56.480998,60.409668,65.884519,0,2591700,81.410962,Interactive,4,7.0
645600,ZXGOZbIjK5v+i0EEHS1SywZP4yiFZ8ZKmsXeJkkPrReMvTBGQ4dNJbBygiRCqes7,57.317033,61.841582,66.151927,0,2591700,81.410962,Interactive,4,7.0
645900,ZXGOZbIjK5v+i0EEHS1SywZP4yiFZ8ZKmsXeJkkPrReMvTBGQ4dNJbBygiRCqes7,58.172889,61.591436,66.348403,0,2591700,81.410962,Interactive,4,7.0
646200,ZXGOZbIjK5v+i0EEHS1SywZP4yiFZ8ZKmsXeJkkPrReMvTBGQ4dNJbBygiRCqes7,59.316816,63.30556800000001,66.956952,0,2591700,81.410962,Interactive,4,7.0
646500,ZXGOZbIjK5v+i0EEHS1SywZP4yiFZ8ZKmsXeJkkPrReMvTBGQ4dNJbBygiRCqes7,57.171263,61.248359,65.719623,0,2591700,81.410962,Interactive,4,7.0
646800,ZXGOZbIjK5v+i0EEHS1SywZP4yiFZ8ZKmsXeJkkPrReMvTBGQ4dNJbBygiRCqes7,58.105698,61.345204,65.860377,0,2591700,81.410962,Interactive,4,7.0
647100,ZXGOZbIjK5v+i0EEHS1SywZP4yiFZ8ZKmsXeJkkPrReMvTBGQ4dNJbBygiRCqes7,56.618981000000005,60.210557,64.561099,0,2591700,81.410962,Interactive,4,7.0
647400,ZXGOZbIjK5v+i0EEHS1SywZP4yiFZ8ZKmsXeJkkPrReMvTBGQ4dNJbBygiRCqes7,54.824074,59.007912,62.75911899999999,0,2591700,81.410962,Interactive,4,7.0
647700,ZXGOZbIjK5v+i0EEHS1SywZP4yiFZ8ZKmsXeJkkPrReMvTBGQ4dNJbBygiRCqes7,57.225372,61.651584,66.492338,0,2591700,81.410962,Interactive,4,7.0
648000,ZXGOZbIjK5v+i0EEHS1SywZP4yiFZ8ZKmsXeJkkPrReMvTBGQ4dNJbBygiRCqes7,56.882451,60.839580000000005,64.655485,0,2591700,81.410962,Interactive,4,7.0
648300,ZXGOZbIjK5v+i0EEHS1SywZP4yiFZ8ZKmsXeJkkPrReMvTBGQ4dNJbBygiRCqes7,56.728683,61.074804,65.0266,0,2591700,81.410962,Interactive,4,7.0
648600,ZXGOZbIjK5v+i0EEHS1SywZP4yiFZ8ZKmsXeJkkPrReMvTBGQ4dNJbBygiRCqes7,57.07688100000001,59.6798,63.805499,0,2591700,81.410962,Interactive,4,7.0
648900,ZXGOZbIjK5v+i0EEHS1SywZP4yiFZ8ZKmsXeJkkPrReMvTBGQ4dNJbBygiRCqes7,58.178481000000005,62.876180000000005,68.357146,0,2591700,81.410962,Interactive,4,7.0
649200,ZXGOZbIjK5v+i0EEHS1SywZP4yiFZ8ZKmsXeJkkPrReMvTBGQ4dNJbBygiRCqes7,57.69122,60.175276,65.235892,0,2591700,81.410962,Interactive,4,7.0
649500,ZXGOZbIjK5v+i0EEHS1SywZP4yiFZ8ZKmsXeJkkPrReMvTBGQ4dNJbBygiRCqes7,58.283608,61.420152,67.172784,0,2591700,81.410962,Interactive,4,7.0
649800,ZXGOZbIjK5v+i0EEHS1SywZP4yiFZ8ZKmsXeJkkPrReMvTBGQ4dNJbBygiRCqes7,55.75708100000001,58.898111,62.814223,0,2591700,81.410962,Interactive,4,7.0
650100,ZXGOZbIjK5v+i0EEHS1SywZP4yiFZ8ZKmsXeJkkPrReMvTBGQ4dNJbBygiRCqes7,55.323216,59.436181000000005,64.880661,0,2591700,81.410962,Interactive,4,7.0
650400,ZXGOZbIjK5v+i0EEHS1SywZP4yiFZ8ZKmsXeJkkPrReMvTBGQ4dNJbBygiRCqes7,55.86449399999999,58.780492,62.749365,0,2591700,81.410962,Interactive,4,7.0
650700,ZXGOZbIjK5v+i0EEHS1SywZP4yiFZ8ZKmsXeJkkPrReMvTBGQ4dNJbBygiRCqes7,56.50993100000001,62.108941,70.34071800000001,0,2591700,81.410962,Interactive,4,7.0
651000,ZXGOZbIjK5v+i0EEHS1SywZP4yiFZ8ZKmsXeJkkPrReMvTBGQ4dNJbBygiRCqes7,54.692319,57.927831000000005,62.185390000000005,0,2591700,81.410962,Interactive,4,7.0
651300,ZXGOZbIjK5v+i0EEHS1SywZP4yiFZ8ZKmsXeJkkPrReMvTBGQ4dNJbBygiRCqes7,54.5713,60.915193,67.783801,0,2591700,81.410962,Interactive,4,7.0
651600,ZXGOZbIjK5v+i0EEHS1SywZP4yiFZ8ZKmsXeJkkPrReMvTBGQ4dNJbBygiRCqes7,53.00711999999999,57.451059,64.353571,0,2591700,81.410962,Interactive,4,7.0
651900,ZXGOZbIjK5v+i0EEHS1SywZP4yiFZ8ZKmsXeJkkPrReMvTBGQ4dNJbBygiRCqes7,55.119427,60.98853100000001,66.627932,0,2591700,81.410962,Interactive,4,7.0
652200,ZXGOZbIjK5v+i0EEHS1SywZP4yiFZ8ZKmsXeJkkPrReMvTBGQ4dNJbBygiRCqes7,52.569772,57.458421,61.30044300000001,0,2591700,81.410962,Interactive,4,7.0
652500,ZXGOZbIjK5v+i0EEHS1SywZP4yiFZ8ZKmsXeJkkPrReMvTBGQ4dNJbBygiRCqes7,54.123825,60.760625,65.716498,0,2591700,81.410962,Interactive,4,7.0
652800,ZXGOZbIjK5v+i0EEHS1SywZP4yiFZ8ZKmsXeJkkPrReMvTBGQ4dNJbBygiRCqes7,57.774548,60.70029,64.308639,0,2591700,81.410962,Interactive,4,7.0
653100,ZXGOZbIjK5v+i0EEHS1SywZP4yiFZ8ZKmsXeJkkPrReMvTBGQ4dNJbBygiRCqes7,58.369497,62.223154,68.03571600000001,0,2591700,81.410962,Interactive,4,7.0
653400,ZXGOZbIjK5v+i0EEHS1SywZP4yiFZ8ZKmsXeJkkPrReMvTBGQ4dNJbBygiRCqes7,52.130753000000006,60.024683,65.376918,0,2591700,81.410962,Interactive,4,7.0
653700,ZXGOZbIjK5v+i0EEHS1SywZP4yiFZ8ZKmsXeJkkPrReMvTBGQ4dNJbBygiRCqes7,59.495386,63.460609,67.55120600000001,0,2591700,81.410962,Interactive,4,7.0
654000,ZXGOZbIjK5v+i0EEHS1SywZP4yiFZ8ZKmsXeJkkPrReMvTBGQ4dNJbBygiRCqes7,57.778123,60.98604399999999,65.788022,0,2591700,81.410962,Interactive,4,7.0
654300,ZXGOZbIjK5v+i0EEHS1SywZP4yiFZ8ZKmsXeJkkPrReMvTBGQ4dNJbBygiRCqes7,58.303475,63.469529,68.948923,0,2591700,81.410962,Interactive,4,7.0
654600,ZXGOZbIjK5v+i0EEHS1SywZP4yiFZ8ZKmsXeJkkPrReMvTBGQ4dNJbBygiRCqes7,56.936421,60.350586,64.83740300000001,0,2591700,81.410962,Interactive,4,7.0
654900,ZXGOZbIjK5v+i0EEHS1SywZP4yiFZ8ZKmsXeJkkPrReMvTBGQ4dNJbBygiRCqes7,56.711939,62.342867000000005,68.257793,0,2591700,81.410962,Interactive,4,7.0
655200,ZXGOZbIjK5v+i0EEHS1SywZP4yiFZ8ZKmsXeJkkPrReMvTBGQ4dNJbBygiRCqes7,55.828537,58.861956000000006,64.65859,0,2591700,81.410962,Interactive,4,7.0
655500,ZXGOZbIjK5v+i0EEHS1SywZP4yiFZ8ZKmsXeJkkPrReMvTBGQ4dNJbBygiRCqes7,57.390708,63.348454,68.29701899999999,0,2591700,81.410962,Interactive,4,7.0
655800,ZXGOZbIjK5v+i0EEHS1SywZP4yiFZ8ZKmsXeJkkPrReMvTBGQ4dNJbBygiRCqes7,57.84940600000001,60.358906000000005,64.514728,0,2591700,81.410962,Interactive,4,7.0
656100,ZXGOZbIjK5v+i0EEHS1SywZP4yiFZ8ZKmsXeJkkPrReMvTBGQ4dNJbBygiRCqes7,59.10280899999999,64.702602,68.39318399999999,0,2591700,81.410962,Interactive,4,7.0
656400,ZXGOZbIjK5v+i0EEHS1SywZP4yiFZ8ZKmsXeJkkPrReMvTBGQ4dNJbBygiRCqes7,47.444955,58.126367,65.642444,0,2591700,81.410962,Interactive,4,7.0
656700,ZXGOZbIjK5v+i0EEHS1SywZP4yiFZ8ZKmsXeJkkPrReMvTBGQ4dNJbBygiRCqes7,52.46691,58.283836,63.913858,0,2591700,81.410962,Interactive,4,7.0
657000,ZXGOZbIjK5v+i0EEHS1SywZP4yiFZ8ZKmsXeJkkPrReMvTBGQ4dNJbBygiRCqes7,53.940924,58.475837,62.139756000000006,0,2591700,81.410962,Interactive,4,7.0
657300,ZXGOZbIjK5v+i0EEHS1SywZP4yiFZ8ZKmsXeJkkPrReMvTBGQ4dNJbBygiRCqes7,55.889908,59.321153,63.449886,0,2591700,81.410962,Interactive,4,7.0
657600,ZXGOZbIjK5v+i0EEHS1SywZP4yiFZ8ZKmsXeJkkPrReMvTBGQ4dNJbBygiRCqes7,56.899539,62.572091,67.683312,0,2591700,81.410962,Interactive,4,7.0
657900,ZXGOZbIjK5v+i0EEHS1SywZP4yiFZ8ZKmsXeJkkPrReMvTBGQ4dNJbBygiRCqes7,58.48383199999999,61.677564,65.020569,0,2591700,81.410962,Interactive,4,7.0
658200,ZXGOZbIjK5v+i0EEHS1SywZP4yiFZ8ZKmsXeJkkPrReMvTBGQ4dNJbBygiRCqes7,58.366468000000005,62.436388,66.585296,0,2591700,81.410962,Interactive,4,7.0
658500,ZXGOZbIjK5v+i0EEHS1SywZP4yiFZ8ZKmsXeJkkPrReMvTBGQ4dNJbBygiRCqes7,58.757234,62.20571,65.176339,0,2591700,81.410962,Interactive,4,7.0
658800,ZXGOZbIjK5v+i0EEHS1SywZP4yiFZ8ZKmsXeJkkPrReMvTBGQ4dNJbBygiRCqes7,52.395212,60.521397,64.669646,0,2591700,81.410962,Interactive,4,7.0
659100,ZXGOZbIjK5v+i0EEHS1SywZP4yiFZ8ZKmsXeJkkPrReMvTBGQ4dNJbBygiRCqes7,57.476115,61.332528,65.041499,0,2591700,81.410962,Interactive,4,7.0
659400,ZXGOZbIjK5v+i0EEHS1SywZP4yiFZ8ZKmsXeJkkPrReMvTBGQ4dNJbBygiRCqes7,57.048147,60.686323,66.445888,0,2591700,81.410962,Interactive,4,7.0
659700,ZXGOZbIjK5v+i0EEHS1SywZP4yiFZ8ZKmsXeJkkPrReMvTBGQ4dNJbBygiRCqes7,57.201251,60.796338,65.123571,0,2591700,81.410962,Interactive,4,7.0
660000,ZXGOZbIjK5v+i0EEHS1SywZP4yiFZ8ZKmsXeJkkPrReMvTBGQ4dNJbBygiRCqes7,58.923785,61.943677,65.64139899999999,0,2591700,81.410962,Interactive,4,7.0
660300,ZXGOZbIjK5v+i0EEHS1SywZP4yiFZ8ZKmsXeJkkPrReMvTBGQ4dNJbBygiRCqes7,57.277674,60.872072,65.822683,0,2591700,81.410962,Interactive,4,7.0
660600,ZXGOZbIjK5v+i0EEHS1SywZP4yiFZ8ZKmsXeJkkPrReMvTBGQ4dNJbBygiRCqes7,54.954302,59.40485699999999,65.682712,0,2591700,81.410962,Interactive,4,7.0
660900,ZXGOZbIjK5v+i0EEHS1SywZP4yiFZ8ZKmsXeJkkPrReMvTBGQ4dNJbBygiRCqes7,55.954559,61.155283,65.99666500000001,0,2591700,81.410962,Interactive,4,7.0
661200,ZXGOZbIjK5v+i0EEHS1SywZP4yiFZ8ZKmsXeJkkPrReMvTBGQ4dNJbBygiRCqes7,55.27709399999999,59.16279599999999,63.232675,0,2591700,81.410962,Interactive,4,7.0
661500,ZXGOZbIjK5v+i0EEHS1SywZP4yiFZ8ZKmsXeJkkPrReMvTBGQ4dNJbBygiRCqes7,56.408798,61.150792,66.019412,0,2591700,81.410962,Interactive,4,7.0
661800,ZXGOZbIjK5v+i0EEHS1SywZP4yiFZ8ZKmsXeJkkPrReMvTBGQ4dNJbBygiRCqes7,57.568694,61.043948,65.491445,0,2591700,81.410962,Interactive,4,7.0
662100,ZXGOZbIjK5v+i0EEHS1SywZP4yiFZ8ZKmsXeJkkPrReMvTBGQ4dNJbBygiRCqes7,59.639386,62.553408,66.47408,0,2591700,81.410962,Interactive,4,7.0
662400,ZXGOZbIjK5v+i0EEHS1SywZP4yiFZ8ZKmsXeJkkPrReMvTBGQ4dNJbBygiRCqes7,57.553972,61.673915,65.547187,0,2591700,81.410962,Interactive,4,7.0
662700,ZXGOZbIjK5v+i0EEHS1SywZP4yiFZ8ZKmsXeJkkPrReMvTBGQ4dNJbBygiRCqes7,59.145634,62.825338,66.379258,0,2591700,81.410962,Interactive,4,7.0
663000,ZXGOZbIjK5v+i0EEHS1SywZP4yiFZ8ZKmsXeJkkPrReMvTBGQ4dNJbBygiRCqes7,57.978905000000005,61.459764,67.670121,0,2591700,81.410962,Interactive,4,7.0
663300,ZXGOZbIjK5v+i0EEHS1SywZP4yiFZ8ZKmsXeJkkPrReMvTBGQ4dNJbBygiRCqes7,57.148805,62.403542,67.384715,0,2591700,81.410962,Interactive,4,7.0
663600,ZXGOZbIjK5v+i0EEHS1SywZP4yiFZ8ZKmsXeJkkPrReMvTBGQ4dNJbBygiRCqes7,58.626994,61.01259,65.696519,0,2591700,81.410962,Interactive,4,7.0
663900,ZXGOZbIjK5v+i0EEHS1SywZP4yiFZ8ZKmsXeJkkPrReMvTBGQ4dNJbBygiRCqes7,58.636641,61.976845,68.020401,0,2591700,81.410962,Interactive,4,7.0
664200,ZXGOZbIjK5v+i0EEHS1SywZP4yiFZ8ZKmsXeJkkPrReMvTBGQ4dNJbBygiRCqes7,54.372489,58.570621,63.784612,0,2591700,81.410962,Interactive,4,7.0
664500,ZXGOZbIjK5v+i0EEHS1SywZP4yiFZ8ZKmsXeJkkPrReMvTBGQ4dNJbBygiRCqes7,55.85041999999999,62.001372,66.309351,0,2591700,81.410962,Interactive,4,7.0
664800,ZXGOZbIjK5v+i0EEHS1SywZP4yiFZ8ZKmsXeJkkPrReMvTBGQ4dNJbBygiRCqes7,56.472372,59.137584,64.6222,0,2591700,81.410962,Interactive,4,7.0
665100,ZXGOZbIjK5v+i0EEHS1SywZP4yiFZ8ZKmsXeJkkPrReMvTBGQ4dNJbBygiRCqes7,56.161852,61.899002,66.65797099999999,0,2591700,81.410962,Interactive,4,7.0
665400,ZXGOZbIjK5v+i0EEHS1SywZP4yiFZ8ZKmsXeJkkPrReMvTBGQ4dNJbBygiRCqes7,54.440408,59.25399300000001,64.65420300000001,0,2591700,81.410962,Interactive,4,7.0
665700,ZXGOZbIjK5v+i0EEHS1SywZP4yiFZ8ZKmsXeJkkPrReMvTBGQ4dNJbBygiRCqes7,54.760366000000005,60.094289,65.30266999999999,0,2591700,81.410962,Interactive,4,7.0
666000,ZXGOZbIjK5v+i0EEHS1SywZP4yiFZ8ZKmsXeJkkPrReMvTBGQ4dNJbBygiRCqes7,50.645949,56.619883,62.925332,0,2591700,81.410962,Interactive,4,7.0
666300,ZXGOZbIjK5v+i0EEHS1SywZP4yiFZ8ZKmsXeJkkPrReMvTBGQ4dNJbBygiRCqes7,55.767213,62.226751,68.654522,0,2591700,81.410962,Interactive,4,7.0
666600,ZXGOZbIjK5v+i0EEHS1SywZP4yiFZ8ZKmsXeJkkPrReMvTBGQ4dNJbBygiRCqes7,57.039317,60.1207,64.240492,0,2591700,81.410962,Interactive,4,7.0
666900,ZXGOZbIjK5v+i0EEHS1SywZP4yiFZ8ZKmsXeJkkPrReMvTBGQ4dNJbBygiRCqes7,58.084434,63.644307,67.704788,0,2591700,81.410962,Interactive,4,7.0
667200,ZXGOZbIjK5v+i0EEHS1SywZP4yiFZ8ZKmsXeJkkPrReMvTBGQ4dNJbBygiRCqes7,55.810153,59.474309,63.904935,0,2591700,81.410962,Interactive,4,7.0
667500,ZXGOZbIjK5v+i0EEHS1SywZP4yiFZ8ZKmsXeJkkPrReMvTBGQ4dNJbBygiRCqes7,57.142688,61.584267,65.690903,0,2591700,81.410962,Interactive,4,7.0
667800,ZXGOZbIjK5v+i0EEHS1SywZP4yiFZ8ZKmsXeJkkPrReMvTBGQ4dNJbBygiRCqes7,55.040665,59.431654,63.274397,0,2591700,81.410962,Interactive,4,7.0
668100,ZXGOZbIjK5v+i0EEHS1SywZP4yiFZ8ZKmsXeJkkPrReMvTBGQ4dNJbBygiRCqes7,58.214983,62.19646899999999,66.490939,0,2591700,81.410962,Interactive,4,7.0
668400,ZXGOZbIjK5v+i0EEHS1SywZP4yiFZ8ZKmsXeJkkPrReMvTBGQ4dNJbBygiRCqes7,55.951452,59.441584,63.979933,0,2591700,81.410962,Interactive,4,7.0
668700,ZXGOZbIjK5v+i0EEHS1SywZP4yiFZ8ZKmsXeJkkPrReMvTBGQ4dNJbBygiRCqes7,57.013998,60.698259,65.643463,0,2591700,81.410962,Interactive,4,7.0
669000,ZXGOZbIjK5v+i0EEHS1SywZP4yiFZ8ZKmsXeJkkPrReMvTBGQ4dNJbBygiRCqes7,54.772941,58.29433100000001,63.514374,0,2591700,81.410962,Interactive,4,7.0
669300,ZXGOZbIjK5v+i0EEHS1SywZP4yiFZ8ZKmsXeJkkPrReMvTBGQ4dNJbBygiRCqes7,55.26058,61.607323,66.305836,0,2591700,81.410962,Interactive,4,7.0
669600,ZXGOZbIjK5v+i0EEHS1SywZP4yiFZ8ZKmsXeJkkPrReMvTBGQ4dNJbBygiRCqes7,53.931105,60.451625,65.35556899999999,0,2591700,81.410962,Interactive,4,7.0
669900,ZXGOZbIjK5v+i0EEHS1SywZP4yiFZ8ZKmsXeJkkPrReMvTBGQ4dNJbBygiRCqes7,56.153968000000006,60.9079,66.619888,0,2591700,81.410962,Interactive,4,7.0
670200,ZXGOZbIjK5v+i0EEHS1SywZP4yiFZ8ZKmsXeJkkPrReMvTBGQ4dNJbBygiRCqes7,53.369736,58.589268,63.121996,0,2591700,81.410962,Interactive,4,7.0
670500,ZXGOZbIjK5v+i0EEHS1SywZP4yiFZ8ZKmsXeJkkPrReMvTBGQ4dNJbBygiRCqes7,52.365993,56.918297,62.83751899999999,0,2591700,81.410962,Interactive,4,7.0
670800,ZXGOZbIjK5v+i0EEHS1SywZP4yiFZ8ZKmsXeJkkPrReMvTBGQ4dNJbBygiRCqes7,55.623223,60.684533,67.647594,0,2591700,81.410962,Interactive,4,7.0
671100,ZXGOZbIjK5v+i0EEHS1SywZP4yiFZ8ZKmsXeJkkPrReMvTBGQ4dNJbBygiRCqes7,56.452318000000005,61.199907,65.647635,0,2591700,81.410962,Interactive,4,7.0
671400,ZXGOZbIjK5v+i0EEHS1SywZP4yiFZ8ZKmsXeJkkPrReMvTBGQ4dNJbBygiRCqes7,57.97511,62.157582,68.10810500000001,0,2591700,81.410962,Interactive,4,7.0
671700,ZXGOZbIjK5v+i0EEHS1SywZP4yiFZ8ZKmsXeJkkPrReMvTBGQ4dNJbBygiRCqes7,57.278336,61.25274,64.193312,0,2591700,81.410962,Interactive,4,7.0
672000,ZXGOZbIjK5v+i0EEHS1SywZP4yiFZ8ZKmsXeJkkPrReMvTBGQ4dNJbBygiRCqes7,57.75635,62.066244,66.651302,0,2591700,81.410962,Interactive,4,7.0
672300,ZXGOZbIjK5v+i0EEHS1SywZP4yiFZ8ZKmsXeJkkPrReMvTBGQ4dNJbBygiRCqes7,57.805005,60.93281,63.634054000000006,0,2591700,81.410962,Interactive,4,7.0
672600,ZXGOZbIjK5v+i0EEHS1SywZP4yiFZ8ZKmsXeJkkPrReMvTBGQ4dNJbBygiRCqes7,59.154374,63.532302,68.243285,0,2591700,81.410962,Interactive,4,7.0
672900,ZXGOZbIjK5v+i0EEHS1SywZP4yiFZ8ZKmsXeJkkPrReMvTBGQ4dNJbBygiRCqes7,59.662006000000005,61.547517000000006,66.189865,0,2591700,81.410962,Interactive,4,7.0
673200,ZXGOZbIjK5v+i0EEHS1SywZP4yiFZ8ZKmsXeJkkPrReMvTBGQ4dNJbBygiRCqes7,58.598216,62.752930000000006,67.05335,0,2591700,81.410962,Interactive,4,7.0
673500,ZXGOZbIjK5v+i0EEHS1SywZP4yiFZ8ZKmsXeJkkPrReMvTBGQ4dNJbBygiRCqes7,60.129751,62.535219,65.82573000000001,0,2591700,81.410962,Interactive,4,7.0
673800,ZXGOZbIjK5v+i0EEHS1SywZP4yiFZ8ZKmsXeJkkPrReMvTBGQ4dNJbBygiRCqes7,58.526295,63.150198,67.48759100000001,0,2591700,81.410962,Interactive,4,7.0
674100,ZXGOZbIjK5v+i0EEHS1SywZP4yiFZ8ZKmsXeJkkPrReMvTBGQ4dNJbBygiRCqes7,58.33181,61.817229000000005,67.116802,0,2591700,81.410962,Interactive,4,7.0
674400,ZXGOZbIjK5v+i0EEHS1SywZP4yiFZ8ZKmsXeJkkPrReMvTBGQ4dNJbBygiRCqes7,57.820606000000005,61.879305,66.627096,0,2591700,81.410962,Interactive,4,7.0
674700,ZXGOZbIjK5v+i0EEHS1SywZP4yiFZ8ZKmsXeJkkPrReMvTBGQ4dNJbBygiRCqes7,59.238315,62.240217,65.268136,0,2591700,81.410962,Interactive,4,7.0
675000,ZXGOZbIjK5v+i0EEHS1SywZP4yiFZ8ZKmsXeJkkPrReMvTBGQ4dNJbBygiRCqes7,56.693121,61.982246,68.011037,0,2591700,81.410962,Interactive,4,7.0
675300,ZXGOZbIjK5v+i0EEHS1SywZP4yiFZ8ZKmsXeJkkPrReMvTBGQ4dNJbBygiRCqes7,56.12573100000001,59.713104,63.916587,0,2591700,81.410962,Interactive,4,7.0
675600,ZXGOZbIjK5v+i0EEHS1SywZP4yiFZ8ZKmsXeJkkPrReMvTBGQ4dNJbBygiRCqes7,57.817001,61.149294,66.64419000000001,0,2591700,81.410962,Interactive,4,7.0
675900,ZXGOZbIjK5v+i0EEHS1SywZP4yiFZ8ZKmsXeJkkPrReMvTBGQ4dNJbBygiRCqes7,59.92578,62.716533,64.981853,0,2591700,81.410962,Interactive,4,7.0
676200,ZXGOZbIjK5v+i0EEHS1SywZP4yiFZ8ZKmsXeJkkPrReMvTBGQ4dNJbBygiRCqes7,57.164643000000005,61.60051899999999,65.828436,0,2591700,81.410962,Interactive,4,7.0
676500,ZXGOZbIjK5v+i0EEHS1SywZP4yiFZ8ZKmsXeJkkPrReMvTBGQ4dNJbBygiRCqes7,59.125386,62.842297,66.88694,0,2591700,81.410962,Interactive,4,7.0
676800,ZXGOZbIjK5v+i0EEHS1SywZP4yiFZ8ZKmsXeJkkPrReMvTBGQ4dNJbBygiRCqes7,58.67495,62.219397,66.70903,0,2591700,81.410962,Interactive,4,7.0
677100,ZXGOZbIjK5v+i0EEHS1SywZP4yiFZ8ZKmsXeJkkPrReMvTBGQ4dNJbBygiRCqes7,59.404035,64.05895799999999,68.242611,0,2591700,81.410962,Interactive,4,7.0
677400,ZXGOZbIjK5v+i0EEHS1SywZP4yiFZ8ZKmsXeJkkPrReMvTBGQ4dNJbBygiRCqes7,59.086665,63.04356800000001,67.961617,0,2591700,81.410962,Interactive,4,7.0
677700,ZXGOZbIjK5v+i0EEHS1SywZP4yiFZ8ZKmsXeJkkPrReMvTBGQ4dNJbBygiRCqes7,58.795042,63.16458000000001,68.000591,0,2591700,81.410962,Interactive,4,7.0
678000,ZXGOZbIjK5v+i0EEHS1SywZP4yiFZ8ZKmsXeJkkPrReMvTBGQ4dNJbBygiRCqes7,56.479121,62.41038399999999,67.268485,0,2591700,81.410962,Interactive,4,7.0
678300,ZXGOZbIjK5v+i0EEHS1SywZP4yiFZ8ZKmsXeJkkPrReMvTBGQ4dNJbBygiRCqes7,58.508968,63.130749,68.546687,0,2591700,81.410962,Interactive,4,7.0
678600,ZXGOZbIjK5v+i0EEHS1SywZP4yiFZ8ZKmsXeJkkPrReMvTBGQ4dNJbBygiRCqes7,58.682502,62.133664,66.255471,0,2591700,81.410962,Interactive,4,7.0
678900,ZXGOZbIjK5v+i0EEHS1SywZP4yiFZ8ZKmsXeJkkPrReMvTBGQ4dNJbBygiRCqes7,58.985331,62.979659,67.412598,0,2591700,81.410962,Interactive,4,7.0
679200,ZXGOZbIjK5v+i0EEHS1SywZP4yiFZ8ZKmsXeJkkPrReMvTBGQ4dNJbBygiRCqes7,57.22464,61.279729,65.954824,0,2591700,81.410962,Interactive,4,7.0
679500,ZXGOZbIjK5v+i0EEHS1SywZP4yiFZ8ZKmsXeJkkPrReMvTBGQ4dNJbBygiRCqes7,57.30967,60.804832,65.583262,0,2591700,81.410962,Interactive,4,7.0
679800,ZXGOZbIjK5v+i0EEHS1SywZP4yiFZ8ZKmsXeJkkPrReMvTBGQ4dNJbBygiRCqes7,56.941721,60.099617,64.433432,0,2591700,81.410962,Interactive,4,7.0
680100,ZXGOZbIjK5v+i0EEHS1SywZP4yiFZ8ZKmsXeJkkPrReMvTBGQ4dNJbBygiRCqes7,56.10371,61.462853,64.974725,0,2591700,81.410962,Interactive,4,7.0
680400,ZXGOZbIjK5v+i0EEHS1SywZP4yiFZ8ZKmsXeJkkPrReMvTBGQ4dNJbBygiRCqes7,57.371946,60.632998,64.75036300000001,0,2591700,81.410962,Interactive,4,7.0
680700,ZXGOZbIjK5v+i0EEHS1SywZP4yiFZ8ZKmsXeJkkPrReMvTBGQ4dNJbBygiRCqes7,57.660737,64.656196,69.023522,0,2591700,81.410962,Interactive,4,7.0
681000,ZXGOZbIjK5v+i0EEHS1SywZP4yiFZ8ZKmsXeJkkPrReMvTBGQ4dNJbBygiRCqes7,55.972675,60.572956000000005,67.679999,0,2591700,81.410962,Interactive,4,7.0
681300,ZXGOZbIjK5v+i0EEHS1SywZP4yiFZ8ZKmsXeJkkPrReMvTBGQ4dNJbBygiRCqes7,55.254631,62.546379,67.010979,0,2591700,81.410962,Interactive,4,7.0
681600,ZXGOZbIjK5v+i0EEHS1SywZP4yiFZ8ZKmsXeJkkPrReMvTBGQ4dNJbBygiRCqes7,58.04541700000001,62.062211,66.70676800000001,0,2591700,81.410962,Interactive,4,7.0
681900,ZXGOZbIjK5v+i0EEHS1SywZP4yiFZ8ZKmsXeJkkPrReMvTBGQ4dNJbBygiRCqes7,58.547363,63.819573,66.014524,0,2591700,81.410962,Interactive,4,7.0
682200,ZXGOZbIjK5v+i0EEHS1SywZP4yiFZ8ZKmsXeJkkPrReMvTBGQ4dNJbBygiRCqes7,58.958491,62.749684,68.058242,0,2591700,81.410962,Interactive,4,7.0
682500,ZXGOZbIjK5v+i0EEHS1SywZP4yiFZ8ZKmsXeJkkPrReMvTBGQ4dNJbBygiRCqes7,59.231248,62.349573,66.77492,0,2591700,81.410962,Interactive,4,7.0
682800,ZXGOZbIjK5v+i0EEHS1SywZP4yiFZ8ZKmsXeJkkPrReMvTBGQ4dNJbBygiRCqes7,57.206590000000006,62.072102,69.939937,0,2591700,81.410962,Interactive,4,7.0
683100,ZXGOZbIjK5v+i0EEHS1SywZP4yiFZ8ZKmsXeJkkPrReMvTBGQ4dNJbBygiRCqes7,58.701859,63.098212,67.046348,0,2591700,81.410962,Interactive,4,7.0
683400,ZXGOZbIjK5v+i0EEHS1SywZP4yiFZ8ZKmsXeJkkPrReMvTBGQ4dNJbBygiRCqes7,57.593509,62.001752,67.484818,0,2591700,81.410962,Interactive,4,7.0
683700,ZXGOZbIjK5v+i0EEHS1SywZP4yiFZ8ZKmsXeJkkPrReMvTBGQ4dNJbBygiRCqes7,58.590858,61.827022,66.151046,0,2591700,81.410962,Interactive,4,7.0
684000,ZXGOZbIjK5v+i0EEHS1SywZP4yiFZ8ZKmsXeJkkPrReMvTBGQ4dNJbBygiRCqes7,55.85186899999999,60.981242,65.355856,0,2591700,81.410962,Interactive,4,7.0
684300,ZXGOZbIjK5v+i0EEHS1SywZP4yiFZ8ZKmsXeJkkPrReMvTBGQ4dNJbBygiRCqes7,57.14215,60.22930600000001,64.671824,0,2591700,81.410962,Interactive,4,7.0
684600,ZXGOZbIjK5v+i0EEHS1SywZP4yiFZ8ZKmsXeJkkPrReMvTBGQ4dNJbBygiRCqes7,58.161999,62.203608,67.29078299999999,0,2591700,81.410962,Interactive,4,7.0
684900,ZXGOZbIjK5v+i0EEHS1SywZP4yiFZ8ZKmsXeJkkPrReMvTBGQ4dNJbBygiRCqes7,55.386611,60.557658,65.361583,0,2591700,81.410962,Interactive,4,7.0
685200,ZXGOZbIjK5v+i0EEHS1SywZP4yiFZ8ZKmsXeJkkPrReMvTBGQ4dNJbBygiRCqes7,57.532486,61.720563,68.58878299999999,0,2591700,81.410962,Interactive,4,7.0
685500,ZXGOZbIjK5v+i0EEHS1SywZP4yiFZ8ZKmsXeJkkPrReMvTBGQ4dNJbBygiRCqes7,57.387305000000005,61.572751,64.97961600000001,0,2591700,81.410962,Interactive,4,7.0
685800,ZXGOZbIjK5v+i0EEHS1SywZP4yiFZ8ZKmsXeJkkPrReMvTBGQ4dNJbBygiRCqes7,58.181512,61.658087,66.32296,0,2591700,81.410962,Interactive,4,7.0
686100,ZXGOZbIjK5v+i0EEHS1SywZP4yiFZ8ZKmsXeJkkPrReMvTBGQ4dNJbBygiRCqes7,57.770405,62.08196,65.251667,0,2591700,81.410962,Interactive,4,7.0
686400,ZXGOZbIjK5v+i0EEHS1SywZP4yiFZ8ZKmsXeJkkPrReMvTBGQ4dNJbBygiRCqes7,58.220181,60.941872,65.299424,0,2591700,81.410962,Interactive,4,7.0
686700,ZXGOZbIjK5v+i0EEHS1SywZP4yiFZ8ZKmsXeJkkPrReMvTBGQ4dNJbBygiRCqes7,58.622648,62.59958,67.204528,0,2591700,81.410962,Interactive,4,7.0
687000,ZXGOZbIjK5v+i0EEHS1SywZP4yiFZ8ZKmsXeJkkPrReMvTBGQ4dNJbBygiRCqes7,57.925549,60.790914,65.180655,0,2591700,81.410962,Interactive,4,7.0
687300,ZXGOZbIjK5v+i0EEHS1SywZP4yiFZ8ZKmsXeJkkPrReMvTBGQ4dNJbBygiRCqes7,58.39444,62.975618,67.921199,0,2591700,81.410962,Interactive,4,7.0
687600,ZXGOZbIjK5v+i0EEHS1SywZP4yiFZ8ZKmsXeJkkPrReMvTBGQ4dNJbBygiRCqes7,59.009597,62.188898,67.185019,0,2591700,81.410962,Interactive,4,7.0
687900,ZXGOZbIjK5v+i0EEHS1SywZP4yiFZ8ZKmsXeJkkPrReMvTBGQ4dNJbBygiRCqes7,59.971198,62.992083,67.806648,0,2591700,81.410962,Interactive,4,7.0
688200,ZXGOZbIjK5v+i0EEHS1SywZP4yiFZ8ZKmsXeJkkPrReMvTBGQ4dNJbBygiRCqes7,53.549259,58.532016000000006,63.766074,0,2591700,81.410962,Interactive,4,7.0
688500,ZXGOZbIjK5v+i0EEHS1SywZP4yiFZ8ZKmsXeJkkPrReMvTBGQ4dNJbBygiRCqes7,55.832545,62.026023,68.492315,0,2591700,81.410962,Interactive,4,7.0
688800,ZXGOZbIjK5v+i0EEHS1SywZP4yiFZ8ZKmsXeJkkPrReMvTBGQ4dNJbBygiRCqes7,54.424831000000005,59.366106,65.857337,0,2591700,81.410962,Interactive,4,7.0
689100,ZXGOZbIjK5v+i0EEHS1SywZP4yiFZ8ZKmsXeJkkPrReMvTBGQ4dNJbBygiRCqes7,55.751697,61.720256000000006,66.790441,0,2591700,81.410962,Interactive,4,7.0
689400,ZXGOZbIjK5v+i0EEHS1SywZP4yiFZ8ZKmsXeJkkPrReMvTBGQ4dNJbBygiRCqes7,52.838453,58.632488,64.76218399999999,0,2591700,81.410962,Interactive,4,7.0
689700,ZXGOZbIjK5v+i0EEHS1SywZP4yiFZ8ZKmsXeJkkPrReMvTBGQ4dNJbBygiRCqes7,53.807692,62.751029,67.21024399999999,0,2591700,81.410962,Interactive,4,7.0
690000,ZXGOZbIjK5v+i0EEHS1SywZP4yiFZ8ZKmsXeJkkPrReMvTBGQ4dNJbBygiRCqes7,57.477169,60.910904,65.442655,0,2591700,81.410962,Interactive,4,7.0
690300,ZXGOZbIjK5v+i0EEHS1SywZP4yiFZ8ZKmsXeJkkPrReMvTBGQ4dNJbBygiRCqes7,59.616548,64.122815,68.539014,0,2591700,81.410962,Interactive,4,7.0
690600,ZXGOZbIjK5v+i0EEHS1SywZP4yiFZ8ZKmsXeJkkPrReMvTBGQ4dNJbBygiRCqes7,58.463137,62.047087,66.41595,0,2591700,81.410962,Interactive,4,7.0
690900,ZXGOZbIjK5v+i0EEHS1SywZP4yiFZ8ZKmsXeJkkPrReMvTBGQ4dNJbBygiRCqes7,59.135679,64.29826,70.015879,0,2591700,81.410962,Interactive,4,7.0
